run_id,date,code,volume,available_volume,cost_price,last_price,unrealized_pnl,holding_days
20260815_171300_5b901c,2019-01-03,600903.SH,600,0,20.596269,20.69067,56.6406,1
20260815_171300_5b901c,2019-01-03,300107.SZ,100,0,78.574575,77.3946,-117.9975,1
20260815_171300_5b901c,2019-01-03,000860.SZ,100,0,71.517864,68.9948,-252.3064,1
20260815_171300_5b901c,2019-01-03,300730.SZ,400,0,30.48771,29.56408,-369.452,1
20260815_171300_5b901c,2019-01-03,300653.SZ,200,0,47.347322,46.2681,-215.8444,1
20260815_171300_5b901c,2019-01-03,002376.SZ,100,0,65.631954,64.5012,-113.0754,1
20260815_171300_5b901c,2019-01-03,002915.SZ,500,0,21.864302,22.22856,182.129,1
20260815_171300_5b901c,2019-01-04,600903.SH,600,600,20.596269,20.67065,44.6286,2
20260815_171300_5b901c,2019-01-04,300107.SZ,100,100,78.574575,78.97578,40.1205,2
20260815_171300_5b901c,2019-01-04,000860.SZ,100,100,71.517864,73.10464,158.6776,2
20260815_171300_5b901c,2019-01-04,300730.SZ,400,400,30.48771,30.85836,148.26,2
20260815_171300_5b901c,2019-01-04,300653.SZ,200,200,47.347322,47.6922,68.9756,2
20260815_171300_5b901c,2019-01-04,002376.SZ,100,100,65.631954,69.046,341.4046,2
20260815_171300_5b901c,2019-01-04,002915.SZ,500,500,21.864302,22.60004,367.869,2
20260815_171300_5b901c,2019-01-07,600903.SH,600,600,20.596269,20.7207,74.6586,3
20260815_171300_5b901c,2019-01-07,300107.SZ,100,100,78.574575,80.55696,198.2385,3
20260815_171300_5b901c,2019-01-07,000860.SZ,100,100,71.517864,76.20424,468.6376,3
20260815_171300_5b901c,2019-01-07,300730.SZ,400,400,30.48771,31.60768,447.988,3
20260815_171300_5b901c,2019-01-07,300653.SZ,200,200,47.347322,46.3691,-195.6444,3
20260815_171300_5b901c,2019-01-07,002376.SZ,100,100,65.631954,69.7889,415.6946,3
20260815_171300_5b901c,2019-01-07,002915.SZ,500,500,21.864302,23.01168,573.689,3
20260815_171300_5b901c,2019-01-08,600903.SH,600,600,20.596269,22.79277,1317.9006,4
20260815_171300_5b901c,2019-01-08,300107.SZ,100,100,78.574575,79.39188,81.7305,4
20260815_171300_5b901c,2019-01-08,000860.SZ,100,100,71.517864,76.2272,470.9336,4
20260815_171300_5b901c,2019-01-08,300730.SZ,400,400,30.48771,31.42035,373.056,4
20260815_171300_5b901c,2019-01-08,300653.SZ,200,200,47.347322,44.4299,-583.4844,4
20260815_171300_5b901c,2019-01-08,002376.SZ,100,100,65.631954,69.8326,420.0646,4
20260815_171300_5b901c,2019-01-08,002915.SZ,500,500,21.864302,22.6904,413.049,4
20260815_171300_5b901c,2019-01-09,600903.SH,600,600,20.596269,22.43241,1101.6846,5
20260815_171300_5b901c,2019-01-09,300107.SZ,100,100,78.574575,83.22,464.5425,5
20260815_171300_5b901c,2019-01-09,000860.SZ,100,100,71.517864,78.91352,739.5656,5
20260815_171300_5b901c,2019-01-09,300730.SZ,400,400,30.48771,31.70986,488.86,5
20260815_171300_5b901c,2019-01-09,300653.SZ,200,200,47.347322,47.1468,-40.1044,5
20260815_171300_5b901c,2019-01-09,002376.SZ,100,100,65.631954,69.2645,363.2546,5
20260815_171300_5b901c,2019-01-09,002915.SZ,500,500,21.864302,22.6402,387.949,5
20260815_171300_5b901c,2019-01-10,600903.SH,600,600,20.596269,22.01199,849.4326,6
20260815_171300_5b901c,2019-01-10,300107.SZ,100,100,78.574575,83.6361,506.1525,6
20260815_171300_5b901c,2019-01-10,000860.SZ,100,100,71.517864,78.56912,705.1256,6
20260815_171300_5b901c,2019-01-10,300730.SZ,400,400,30.48771,32.13561,659.16,6
20260815_171300_5b901c,2019-01-10,300653.SZ,200,200,47.347322,45.652,-339.0644,6
20260815_171300_5b901c,2019-01-10,002376.SZ,100,100,65.631954,69.2208,358.8846,6
20260815_171300_5b901c,2019-01-10,002915.SZ,500,500,21.864302,22.20848,172.089,6
20260815_171300_5b901c,2019-01-11,600903.SH,600,600,20.596269,21.61159,609.1926,7
20260815_171300_5b901c,2019-01-11,300107.SZ,100,100,78.574575,83.6361,506.1525,7
20260815_171300_5b901c,2019-01-11,000860.SZ,100,100,71.517864,79.51048,799.2616,7
20260815_171300_5b901c,2019-01-11,300730.SZ,400,400,30.48771,31.82907,536.544,7
20260815_171300_5b901c,2019-01-11,300653.SZ,200,200,47.347322,45.854,-298.6644,7
20260815_171300_5b901c,2019-01-11,002376.SZ,100,100,65.631954,68.1283,249.6346,7
20260815_171300_5b901c,2019-01-11,002915.SZ,500,500,21.864302,22.49964,317.669,7
20260815_171300_5b901c,2019-01-14,600903.SH,600,600,20.596269,21.73171,681.2646,8
20260815_171300_5b901c,2019-01-14,300107.SZ,100,100,78.574575,85.55016,697.5585,8
20260815_171300_5b901c,2019-01-14,000860.SZ,100,100,71.517864,79.46456,794.6696,8
20260815_171300_5b901c,2019-01-14,300730.SZ,400,400,30.48771,30.75618,107.388,8
20260815_171300_5b901c,2019-01-14,300653.SZ,200,200,47.347322,45.1066,-448.1444,8
20260815_171300_5b901c,2019-01-14,002376.SZ,100,100,65.631954,66.861,122.9046,8
20260815_171300_5b901c,2019-01-14,002915.SZ,500,500,21.864302,22.47956,307.629,8
20260815_171300_5b901c,2019-01-15,600903.SH,600,600,20.596269,21.89187,777.3606,9
20260815_171300_5b901c,2019-01-15,300107.SZ,100,100,78.574575,85.55016,697.5585,9
20260815_171300_5b901c,2019-01-15,000860.SZ,100,100,71.517864,84.1484,1263.0536,9
20260815_171300_5b901c,2019-01-15,300730.SZ,400,400,30.48771,31.88016,556.98,9
20260815_171300_5b901c,2019-01-15,300653.SZ,200,200,47.347322,45.5813,-353.2044,9
20260815_171300_5b901c,2019-01-15,002376.SZ,100,100,65.631954,70.7503,511.8346,9
20260815_171300_5b901c,2019-01-15,002915.SZ,500,500,21.864302,22.63016,382.929,9
20260815_171300_5b901c,2019-01-16,600903.SH,600,600,20.596269,21.46144,519.1026,10
20260815_171300_5b901c,2019-01-16,300107.SZ,100,100,78.574575,85.13406,655.9485,10
20260815_171300_5b901c,2019-01-16,000860.SZ,100,100,71.517864,84.1484,1263.0536,10
20260815_171300_5b901c,2019-01-16,300730.SZ,400,400,30.48771,31.65877,468.424,10
20260815_171300_5b901c,2019-01-16,300653.SZ,200,200,47.347322,46.2277,-223.9244,10
20260815_171300_5b901c,2019-01-16,002376.SZ,100,100,65.631954,71.3621,573.0146,10
20260815_171300_5b901c,2019-01-16,002915.SZ,500,500,21.864302,22.62012,377.909,10
20260815_171300_5b901c,2019-01-17,600903.SH,600,600,20.596269,21.16114,338.9226,11
20260815_171300_5b901c,2019-01-17,300107.SZ,100,100,78.574575,84.55152,597.6945,11
20260815_171300_5b901c,2019-01-17,000860.SZ,100,100,71.517864,82.5412,1102.3336,11
20260815_171300_5b901c,2019-01-17,300730.SZ,400,400,30.48771,30.8243,134.636,11
20260815_171300_5b901c,2019-01-17,300653.SZ,200,200,47.347322,46.3893,-191.6044,11
20260815_171300_5b901c,2019-01-17,002376.SZ,100,100,65.631954,70.6629,503.0946,11
20260815_171300_5b901c,2019-01-17,002915.SZ,500,500,21.864302,22.9916,563.649,11
20260815_171300_5b901c,2019-01-18,600903.SH,600,600,20.596269,21.18116,350.9346,12
20260815_171300_5b901c,2019-01-18,300107.SZ,100,100,78.574575,89.0454,1047.0825,12
20260815_171300_5b901c,2019-01-18,000860.SZ,100,100,71.517864,84.7224,1320.4536,12
20260815_171300_5b901c,2019-01-18,300730.SZ,400,400,30.48771,30.654,66.516,12
20260815_171300_5b901c,2019-01-18,300653.SZ,200,200,47.347322,47.5811,46.7556,12
20260815_171300_5b901c,2019-01-18,002376.SZ,100,100,65.631954,71.668,603.6046,12
20260815_171300_5b901c,2019-01-18,002915.SZ,500,500,21.864302,22.8912,513.449,12
20260815_171300_5b901c,2019-01-21,600903.SH,600,600,20.596269,21.21119,368.9526,13
20260815_171300_5b901c,2019-01-21,300107.SZ,100,100,78.574575,90.79302,1221.8445,13
20260815_171300_5b901c,2019-01-21,000860.SZ,100,100,71.517864,85.43416,1391.6296,13
20260815_171300_5b901c,2019-01-21,300730.SZ,400,400,30.48771,30.68806,80.14,13
20260815_171300_5b901c,2019-01-21,300653.SZ,200,200,47.347322,47.8639,103.3156,13
20260815_171300_5b901c,2019-01-21,002376.SZ,100,100,65.631954,71.6243,599.2346,13
20260815_171300_5b901c,2019-01-21,002915.SZ,500,500,21.864302,23.16228,648.989,13
20260815_171300_5b901c,2019-01-22,600903.SH,600,600,20.596269,20.90088,182.7666,14
20260815_171300_5b901c,2019-01-22,300107.SZ,100,100,78.574575,89.12862,1055.4045,14
20260815_171300_5b901c,2019-01-22,000860.SZ,100,100,71.517864,85.15864,1364.0776,14
20260815_171300_5b901c,2019-01-22,300730.SZ,400,400,30.48771,30.17716,-124.22,14
20260815_171300_5b901c,2019-01-22,300653.SZ,200,200,47.347322,47.1569,-38.0844,14
20260815_171300_5b901c,2019-01-22,002376.SZ,100,100,65.631954,71.2747,564.2746,14
20260815_171300_5b901c,2019-01-22,002915.SZ,500,500,21.864302,23.40324,769.469,14
20260815_171300_5b901c,2019-01-23,600903.SH,600,600,20.596269,20.96094,218.8026,15
20260815_171300_5b901c,2019-01-23,300107.SZ,100,100,78.574575,89.54472,1097.0145,15
20260815_171300_5b901c,2019-01-23,000860.SZ,100,100,71.517864,88.67152,1715.3656,15
20260815_171300_5b901c,2019-01-23,300730.SZ,400,400,30.48771,30.44964,-15.228,15
20260815_171300_5b901c,2019-01-23,300653.SZ,200,200,47.347322,46.7226,-124.9444,15
20260815_171300_5b901c,2019-01-23,002376.SZ,100,100,65.631954,70.4444,481.2446,15
20260815_171300_5b901c,2019-01-23,002915.SZ,500,500,21.864302,23.53376,834.729,15
20260815_171300_5b901c,2019-01-24,600903.SH,600,600,20.596269,21.04102,266.8506,16
20260815_171300_5b901c,2019-01-24,300107.SZ,100,100,78.574575,87.54744,897.2865,16
20260815_171300_5b901c,2019-01-24,000860.SZ,100,100,71.517864,90.39352,1887.5656,16
20260815_171300_5b901c,2019-01-24,300730.SZ,400,400,30.48771,31.31817,332.184,16
20260815_171300_5b901c,2019-01-24,300653.SZ,200,200,47.347322,47.0458,-60.3044,16
20260815_171300_5b901c,2019-01-24,002376.SZ,100,100,65.631954,71.7117,607.9746,16
20260815_171300_5b901c,2019-01-24,002915.SZ,500,500,21.864302,23.21248,674.089,16
20260815_171300_5b901c,2019-01-25,600903.SH,600,600,20.596269,20.87085,164.7486,17
20260815_171300_5b901c,2019-01-25,300107.SZ,100,100,78.574575,86.46558,789.1005,17
20260815_171300_5b901c,2019-01-25,000860.SZ,100,100,71.517864,89.49808,1798.0216,17
20260815_171300_5b901c,2019-01-25,300730.SZ,400,400,30.48771,30.22825,-103.784,17
20260815_171300_5b901c,2019-01-25,300653.SZ,200,200,47.347322,47.47,24.5356,17
20260815_171300_5b901c,2019-01-25,002376.SZ,100,100,65.631954,71.5806,594.8646,17
20260815_171300_5b901c,2019-01-25,002915.SZ,500,500,21.864302,22.35908,247.389,17
20260815_171300_5b901c,2019-01-28,600903.SH,600,600,20.596269,20.64062,26.6106,18
20260815_171300_5b901c,2019-01-28,300107.SZ,100,100,78.574575,85.21728,664.2705,18
20260815_171300_5b901c,2019-01-28,000860.SZ,100,100,71.517864,93.03392,2151.6056,18
20260815_171300_5b901c,2019-01-28,300730.SZ,400,400,30.48771,29.32566,-464.82,18
20260815_171300_5b901c,2019-01-28,300653.SZ,200,200,47.347322,47.571,44.7356,18
20260815_171300_5b901c,2019-01-28,002376.SZ,100,100,65.631954,70.3133,468.1346,18
20260815_171300_5b901c,2019-01-28,002915.SZ,500,500,21.864302,22.31892,227.309,18
20260815_171300_5b901c,2019-01-29,600903.SH,600,600,20.596269,20.02,-345.7614,19
20260815_171300_5b901c,2019-01-29,300107.SZ,100,100,78.574575,87.88032,930.5745,19
20260815_171300_5b901c,2019-01-29,000860.SZ,100,100,71.517864,92.94208,2142.4216,19
20260815_171300_5b901c,2019-01-29,300730.SZ,400,400,30.48771,28.06544,-968.908,19
20260815_171300_5b901c,2019-01-29,300653.SZ,200,200,47.347322,46.46,-177.4644,19
20260815_171300_5b901c,2019-01-29,002376.SZ,100,100,65.631954,69.2208,358.8846,19
20260815_171300_5b901c,2019-01-29,002915.SZ,500,500,21.864302,21.1844,-339.951,19
20260815_171300_5b901c,2019-01-30,600903.SH,600,600,20.596269,19.74973,-507.9234,20
20260815_171300_5b901c,2019-01-30,300107.SZ,100,100,78.574575,85.38372,680.9145,20
20260815_171300_5b901c,2019-01-30,000860.SZ,100,100,71.517864,90.60016,1908.2296,20
20260815_171300_5b901c,2019-01-30,300730.SZ,400,400,30.48771,27.04364,-1377.628,20
20260815_171300_5b901c,2019-01-30,300653.SZ,200,200,47.347322,46.0762,-254.2244,20
20260815_171300_5b901c,2019-01-30,002376.SZ,100,100,65.631954,67.735,210.3046,20
20260815_171300_5b901c,2019-01-30,002915.SZ,500,500,21.864302,20.57196,-646.171,20
20260815_171300_5b901c,2019-01-31,600903.SH,800,600,20.388302,18.59858,-1431.7776,21
20260815_171300_5b901c,2019-01-31,300107.SZ,100,100,78.574575,83.05356,447.8985,21
20260815_171300_5b901c,2019-01-31,000860.SZ,100,100,71.517864,91.6104,2009.2536,21
20260815_171300_5b901c,2019-01-31,300653.SZ,300,200,47.003493,44.4299,-772.0779,21
20260815_171300_5b901c,2019-01-31,002376.SZ,200,100,66.835206,67.7787,188.6988,21
20260815_171300_5b901c,2019-01-31,002915.SZ,800,500,21.37424,19.4776,-1517.312,21
20260815_171300_5b901c,2019-02-01,300107.SZ,200,100,81.324269,83.88576,512.2982,22
20260815_171300_5b901c,2019-02-01,000860.SZ,200,100,81.678872,91.33488,1931.2016,22
20260815_171300_5b901c,2019-02-01,300653.SZ,500,300,45.996275,47.268,635.8625,22
20260815_171300_5b901c,2019-02-01,002376.SZ,300,200,67.352969,69.6578,691.4493,22
20260815_171300_5b901c,2019-02-11,300107.SZ,200,200,81.324269,86.1327,961.6862,23
20260815_171300_5b901c,2019-02-11,000860.SZ,200,200,81.678872,94.54928,2574.0816,23
20260815_171300_5b901c,2019-02-11,300653.SZ,500,500,45.996275,50.702,2352.8625,23
20260815_171300_5b901c,2019-02-11,002376.SZ,300,300,67.352969,72.542,1556.7093,23
20260815_171300_5b901c,2019-02-12,300107.SZ,200,200,81.324269,89.4615,1627.4462,24
20260815_171300_5b901c,2019-02-12,000860.SZ,200,200,81.678872,94.52632,2569.4896,24
20260815_171300_5b901c,2019-02-12,300653.SZ,500,500,45.996275,51.2979,2650.8125,24
20260815_171300_5b901c,2019-02-12,002376.SZ,300,300,67.352969,74.1589,2041.7793,24
20260815_171300_5b901c,2019-02-13,300107.SZ,200,200,81.324269,90.04404,1743.9542,25
20260815_171300_5b901c,2019-02-13,000860.SZ,200,200,81.678872,94.3656,2537.3456,25
20260815_171300_5b901c,2019-02-13,300653.SZ,500,500,45.996275,52.3685,3186.1125,25
20260815_171300_5b901c,2019-02-13,002376.SZ,300,300,67.352969,75.3825,2408.8593,25
20260815_171300_5b901c,2019-02-14,300107.SZ,200,200,81.324269,89.21184,1577.5142,26
20260815_171300_5b901c,2019-02-14,000860.SZ,200,200,81.678872,95.07736,2679.6976,26
20260815_171300_5b901c,2019-02-14,300653.SZ,500,500,45.996275,53.53,3766.8625,26
20260815_171300_5b901c,2019-02-14,002376.SZ,300,300,67.352969,75.601,2474.4093,26
20260815_171300_5b901c,2019-02-15,300107.SZ,200,200,81.324269,89.71116,1677.3782,27
20260815_171300_5b901c,2019-02-15,000860.SZ,200,200,81.678872,92.0696,2078.1456,27
20260815_171300_5b901c,2019-02-15,300653.SZ,500,500,45.996275,55.0955,4549.6125,27
20260815_171300_5b901c,2019-02-15,002376.SZ,300,300,67.352969,75.164,2343.3093,27
20260815_171300_5b901c,2019-02-18,300107.SZ,200,200,81.324269,92.54064,2243.2742,28
20260815_171300_5b901c,2019-02-18,000860.SZ,200,200,81.678872,97.90144,3244.5136,28
20260815_171300_5b901c,2019-02-18,300653.SZ,500,500,45.996275,55.5298,4766.7625,28
20260815_171300_5b901c,2019-02-18,002376.SZ,300,300,67.352969,78.7037,3405.2193,28
20260815_171300_5b901c,2019-02-19,300107.SZ,200,200,81.324269,91.37556,2010.2582,29
20260815_171300_5b901c,2019-02-19,000860.SZ,200,200,81.678872,97.07488,3079.2016,29
20260815_171300_5b901c,2019-02-19,300653.SZ,500,500,45.996275,55.3177,4660.7125,29
20260815_171300_5b901c,2019-02-19,002376.SZ,300,300,67.352969,78.8785,3457.6593,29
20260815_171300_5b901c,2019-02-20,300107.SZ,200,200,81.324269,90.87624,1910.3942,30
20260815_171300_5b901c,2019-02-20,000860.SZ,200,200,81.678872,96.6616,2996.5456,30
20260815_171300_5b901c,2019-02-20,300653.SZ,500,500,45.996275,54.4289,4216.3125,30
20260815_171300_5b901c,2019-02-20,002376.SZ,300,300,67.352969,78.3541,3300.3393,30
20260815_171300_5b901c,2019-02-21,300107.SZ,200,200,81.324269,89.8776,1710.6662,31
20260815_171300_5b901c,2019-02-21,000860.SZ,200,200,81.678872,95.7432,2812.8656,31
20260815_171300_5b901c,2019-02-21,300653.SZ,500,500,45.996275,53.53,3766.8625,31
20260815_171300_5b901c,2019-02-21,002376.SZ,300,300,67.352969,77.3927,3011.9193,31
20260815_171300_5b901c,2019-02-22,300107.SZ,200,200,81.324269,90.87624,1910.3942,32
20260815_171300_5b901c,2019-02-22,000860.SZ,200,200,81.678872,94.9396,2652.1456,32
20260815_171300_5b901c,2019-02-22,300653.SZ,500,500,45.996275,55.5702,4786.9625,32
20260815_171300_5b901c,2019-02-22,002376.SZ,300,300,67.352969,81.5005,4244.2593,32
20260815_171300_5b901c,2019-02-25,300107.SZ,200,200,81.324269,94.62114,2659.3742,33
20260815_171300_5b901c,2019-02-25,000860.SZ,200,200,81.678872,97.58,3180.2256,33
20260815_171300_5b901c,2019-02-25,300653.SZ,500,500,45.996275,58.0245,6014.1125,33
20260815_171300_5b901c,2019-02-25,002376.SZ,300,300,67.352969,84.2973,5083.2993,33
20260815_171300_5b901c,2019-02-26,300107.SZ,200,200,81.324269,93.87216,2509.5782,34
20260815_171300_5b901c,2019-02-26,000860.SZ,200,200,81.678872,96.04168,2872.5616,34
20260815_171300_5b901c,2019-02-26,300653.SZ,500,500,45.996275,58.378,6190.8625,34
20260815_171300_5b901c,2019-02-26,002376.SZ,300,300,67.352969,81.3257,4191.8193,34
20260815_171300_5b901c,2019-02-27,300107.SZ,200,200,81.324269,100.11366,3757.8782,35
20260815_171300_5b901c,2019-02-27,000860.SZ,200,200,81.678872,96.6616,2996.5456,35
20260815_171300_5b901c,2019-02-27,300653.SZ,500,500,45.996275,59.1557,6579.7125,35
20260815_171300_5b901c,2019-02-27,002376.SZ,300,300,67.352969,80.4954,3942.7293,35
20260815_171300_5b901c,2019-02-28,300107.SZ,200,200,81.324269,98.6157,3458.2862,36
20260815_171300_5b901c,2019-02-28,000860.SZ,200,200,81.678872,96.98304,3060.8336,36
20260815_171300_5b901c,2019-02-28,300653.SZ,500,500,45.996275,57.0448,5524.2625,36
20260815_171300_5b901c,2019-02-28,002376.SZ,300,300,67.352969,81.6316,4283.5893,36
20260815_171300_5b901c,2019-03-01,300107.SZ,200,200,81.324269,100.03044,3741.2342,37
20260815_171300_5b901c,2019-03-01,000860.SZ,200,200,81.678872,99.34792,3533.8096,37
20260815_171300_5b901c,2019-03-01,300653.SZ,500,500,45.996275,55.045,4524.3625,37
20260815_171300_5b901c,2019-03-01,002376.SZ,300,300,67.352969,79.971,3785.4093,37
20260815_171300_5b901c,2019-03-04,300107.SZ,200,200,81.324269,100.94586,3924.3182,38
20260815_171300_5b901c,2019-03-04,000860.SZ,200,200,81.678872,99.4168,3547.5856,38
20260815_171300_5b901c,2019-03-04,300653.SZ,500,500,45.996275,55.247,4625.3625,38
20260815_171300_5b901c,2019-03-04,002376.SZ,300,300,67.352969,78.3104,3287.2293,38
20260815_171300_5b901c,2019-03-05,300107.SZ,200,200,81.324269,101.36196,4007.5382,39
20260815_171300_5b901c,2019-03-05,000860.SZ,200,200,81.678872,104.2384,4511.9056,39
20260815_171300_5b901c,2019-03-05,300653.SZ,500,500,45.996275,56.9034,5453.5625,39
20260815_171300_5b901c,2019-03-05,002376.SZ,300,300,67.352969,80.3643,3903.3993,39
20260815_171300_5b901c,2019-03-06,300107.SZ,200,200,81.324269,101.1123,3957.6062,40
20260815_171300_5b901c,2019-03-06,000860.SZ,200,200,81.678872,102.12608,4089.4416,40
20260815_171300_5b901c,2019-03-06,300653.SZ,500,500,45.996275,57.2367,5620.2125,40
20260815_171300_5b901c,2019-03-06,002376.SZ,300,300,67.352969,80.1895,3850.9593,40
20260815_171300_5b901c,2019-03-07,300107.SZ,200,200,81.324269,100.61298,3857.7422,41
20260815_171300_5b901c,2019-03-07,000860.SZ,200,200,81.678872,99.04944,3474.1136,41
20260815_171300_5b901c,2019-03-07,300653.SZ,500,500,45.996275,57.2771,5640.4125,41
20260815_171300_5b901c,2019-03-07,002376.SZ,300,300,67.352969,80.408,3916.5093,41
20260815_171300_5b901c,2019-03-08,300107.SZ,200,200,81.324269,94.95402,2725.9502,42
20260815_171300_5b901c,2019-03-08,000860.SZ,200,200,81.678872,96.61568,2987.3616,42
20260815_171300_5b901c,2019-03-08,300653.SZ,500,500,45.996275,53.631,3817.3625,42
20260815_171300_5b901c,2019-03-08,002376.SZ,300,300,67.352969,77.349,2998.8093,42
20260815_171300_5b901c,2019-03-11,300107.SZ,200,200,81.324269,102.85992,4307.1302,43
20260815_171300_5b901c,2019-03-11,000860.SZ,200,200,81.678872,100.31224,3726.6736,43
20260815_171300_5b901c,2019-03-11,300653.SZ,500,500,45.996275,55.4591,4731.4125,43
20260815_171300_5b901c,2019-03-11,002376.SZ,300,300,67.352969,80.4954,3942.7293,43
20260815_171300_5b901c,2019-03-12,300107.SZ,200,200,81.324269,104.025,4540.1462,44
20260815_171300_5b901c,2019-03-12,000860.SZ,200,200,81.678872,102.6312,4190.4656,44
20260815_171300_5b901c,2019-03-12,300653.SZ,500,500,45.996275,56.6812,5342.4625,44
20260815_171300_5b901c,2019-03-12,002376.SZ,300,300,67.352969,86.0016,5594.5893,44
20260815_171300_5b901c,2019-03-13,300107.SZ,200,200,81.324269,108.186,5372.3462,45
20260815_171300_5b901c,2019-03-13,000860.SZ,200,200,81.678872,105.29456,4723.1376,45
20260815_171300_5b901c,2019-03-13,300653.SZ,500,500,45.996275,55.4591,4731.4125,45
20260815_171300_5b901c,2019-03-13,002376.SZ,300,300,67.352969,80.3206,3890.2893,45
20260815_171300_5b901c,2019-03-14,300107.SZ,200,200,81.324269,108.10278,5355.7022,46
20260815_171300_5b901c,2019-03-14,000860.SZ,200,200,81.678872,103.7792,4420.0656,46
20260815_171300_5b901c,2019-03-14,300653.SZ,500,500,45.996275,55.5399,4771.8125,46
20260815_171300_5b901c,2019-03-14,002376.SZ,300,300,67.352969,76.3439,2697.2793,46
20260815_171300_5b901c,2019-03-15,300107.SZ,200,200,81.324269,103.44246,4423.6382,47
20260815_171300_5b901c,2019-03-15,000860.SZ,200,200,81.678872,114.15712,6495.6496,47
20260815_171300_5b901c,2019-03-15,300653.SZ,500,500,45.996275,59.7213,6862.5125,47
20260815_171300_5b901c,2019-03-15,002376.SZ,300,300,67.352969,76.3876,2710.3893,47
20260815_171300_5b901c,2019-03-18,300107.SZ,200,200,81.324269,103.52568,4440.2822,48
20260815_171300_5b901c,2019-03-18,000860.SZ,200,200,81.678872,125.56824,8777.8736,48
20260815_171300_5b901c,2019-03-18,300653.SZ,500,500,45.996275,60.6101,7306.9125,48
20260815_171300_5b901c,2019-03-18,002376.SZ,300,300,67.352969,78.223,3261.0093,48
20260815_171300_5b901c,2019-03-19,300107.SZ,200,200,81.324269,101.86128,4107.4022,49
20260815_171300_5b901c,2019-03-19,000860.SZ,200,200,81.678872,129.01224,9466.6736,49
20260815_171300_5b901c,2019-03-19,300653.SZ,500,500,45.996275,59.3274,6665.5625,49
20260815_171300_5b901c,2019-03-19,002376.SZ,300,300,67.352969,76.3002,2684.1693,49
20260815_171300_5b901c,2019-03-20,300107.SZ,200,200,81.324269,101.27874,3990.8942,50
20260815_171300_5b901c,2019-03-20,000860.SZ,200,200,81.678872,127.3132,9126.8656,50
20260815_171300_5b901c,2019-03-20,300653.SZ,500,500,45.996275,58.3275,6165.6125,50
20260815_171300_5b901c,2019-03-20,002376.SZ,300,300,67.352969,76.3439,2697.2793,50
20260815_171300_5b901c,2019-03-21,300107.SZ,200,200,81.324269,101.27874,3990.8942,51
20260815_171300_5b901c,2019-03-21,000860.SZ,200,200,81.678872,124.87944,8640.1136,51
20260815_171300_5b901c,2019-03-21,300653.SZ,500,500,45.996275,58.4487,6226.2125,51
20260815_171300_5b901c,2019-03-21,002376.SZ,300,300,67.352969,76.7809,2828.3793,51
20260815_171300_5b901c,2019-03-22,300107.SZ,200,200,81.324269,103.35924,4406.9942,52
20260815_171300_5b901c,2019-03-22,000860.SZ,200,200,81.678872,130.78016,9820.2576,52
20260815_171300_5b901c,2019-03-22,300653.SZ,500,500,45.996275,58.9032,6453.4625,52
20260815_171300_5b901c,2019-03-22,002376.SZ,300,300,67.352969,75.9943,2592.3993,52
20260815_171300_5b901c,2019-03-25,300107.SZ,200,200,81.324269,100.94586,3924.3182,53
20260815_171300_5b901c,2019-03-25,000860.SZ,200,200,81.678872,128.576,9379.4256,53
20260815_171300_5b901c,2019-03-25,300653.SZ,500,500,45.996275,57.7316,5867.6625,53
20260815_171300_5b901c,2019-03-25,002376.SZ,300,300,67.352969,74.9892,2290.8693,53
20260815_171300_5b901c,2019-03-26,300107.SZ,200,200,81.324269,96.03588,2942.3222,54
20260815_171300_5b901c,2019-03-26,000860.SZ,200,200,81.678872,134.01752,10467.7296,54
20260815_171300_5b901c,2019-03-26,300653.SZ,500,500,45.996275,56.3075,5155.6125,54
20260815_171300_5b901c,2019-03-26,002376.SZ,300,300,67.352969,75.0329,2303.9793,54
20260815_171300_5b901c,2019-03-27,300107.SZ,200,200,81.324269,99.53112,3641.3702,55
20260815_171300_5b901c,2019-03-27,000860.SZ,200,200,81.678872,133.83384,10430.9936,55
20260815_171300_5b901c,2019-03-27,300653.SZ,500,500,45.996275,56.7014,5352.5625,55
20260815_171300_5b901c,2019-03-27,002376.SZ,300,300,67.352969,75.7758,2526.8493,55
20260815_171300_5b901c,2019-03-28,300107.SZ,200,200,81.324269,101.1123,3957.6062,56
20260815_171300_5b901c,2019-03-28,000860.SZ,200,200,81.678872,135.18848,10701.9216,56
20260815_171300_5b901c,2019-03-28,300653.SZ,500,500,45.996275,56.56,5281.8625,56
20260815_171300_5b901c,2019-03-28,002376.SZ,300,300,67.352969,76.5187,2749.7193,56
20260815_171300_5b901c,2019-03-29,300107.SZ,200,200,81.324269,101.27874,3990.8942,57
20260815_171300_5b901c,2019-03-29,000860.SZ,200,200,81.678872,139.20648,11505.5216,57
20260815_171300_5b901c,2019-03-29,300653.SZ,500,500,45.996275,55.7621,4882.9125,57
20260815_171300_5b901c,2019-03-29,002376.SZ,300,300,67.352969,77.1305,2933.2593,57
20260815_171300_5b901c,2019-04-01,300107.SZ,200,200,81.324269,106.1055,4956.2462,58
20260815_171300_5b901c,2019-04-01,000860.SZ,200,200,81.678872,139.0228,11468.7856,58
20260815_171300_5b901c,2019-04-01,300653.SZ,500,500,45.996275,57.0549,5529.3125,58
20260815_171300_5b901c,2019-04-01,002376.SZ,300,300,67.352969,79.4903,3641.1993,58
20260815_171300_5b901c,2019-04-02,002607.SZ,100,0,108.352078,106.21128,-214.0798,1
20260815_171300_5b901c,2019-04-02,002463.SZ,400,0,34.639875,33.69836,-376.606,1
20260815_171300_5b901c,2019-04-02,002776.SZ,200,0,73.952103,73.09926,-170.5686,1
20260815_171300_5b901c,2019-04-02,300132.SZ,100,0,93.146481,96.77311,362.6629,1
20260815_171300_5b901c,2019-04-02,002796.SZ,200,0,52.75933,52.3077,-90.326,1
20260815_171300_5b901c,2019-04-02,300559.SZ,100,0,98.445107,95.52774,-291.7367,1
20260815_171300_5b901c,2019-04-03,002607.SZ,100,100,108.352078,106.45194,-190.0138,2
20260815_171300_5b901c,2019-04-03,002463.SZ,400,400,34.639875,34.35164,-115.294,2
20260815_171300_5b901c,2019-04-03,002776.SZ,200,200,73.952103,73.40346,-109.7286,2
20260815_171300_5b901c,2019-04-03,300132.SZ,100,100,93.146481,95.62608,247.9599,2
20260815_171300_5b901c,2019-04-03,002796.SZ,200,200,52.75933,51.6905,-213.766,2
20260815_171300_5b901c,2019-04-03,300559.SZ,100,100,98.445107,95.4129,-303.2207,2
20260815_171300_5b901c,2019-04-04,002607.SZ,100,100,108.352078,103.8849,-446.7178,3
20260815_171300_5b901c,2019-04-04,002463.SZ,400,400,34.639875,34.10666,-213.286,3
20260815_171300_5b901c,2019-04-04,002776.SZ,200,200,73.952103,74.43774,97.1274,3
20260815_171300_5b901c,2019-04-04,300132.SZ,100,100,93.146481,94.23757,109.1089,3
20260815_171300_5b901c,2019-04-04,002796.SZ,200,200,52.75933,51.45905,-260.056,3
20260815_171300_5b901c,2019-04-04,300559.SZ,100,100,98.445107,93.4032,-504.1907,3
20260815_171300_5b901c,2019-04-08,002607.SZ,100,100,108.352078,102.44094,-591.1138,4
20260815_171300_5b901c,2019-04-08,002463.SZ,400,400,34.639875,32.88176,-703.246,4
20260815_171300_5b901c,2019-04-08,002776.SZ,200,200,73.952103,79.06158,1021.8954,4
20260815_171300_5b901c,2019-04-08,300132.SZ,100,100,93.146481,96.89385,374.7369,4
20260815_171300_5b901c,2019-04-08,002796.SZ,200,200,52.75933,48.83595,-784.676,4
20260815_171300_5b901c,2019-04-08,300559.SZ,100,100,98.445107,91.2021,-724.3007,4
20260815_171300_5b901c,2019-04-09,002607.SZ,100,100,108.352078,103.16292,-518.9158,5
20260815_171300_5b901c,2019-04-09,002463.SZ,400,400,34.639875,33.29006,-539.926,5
20260815_171300_5b901c,2019-04-09,002776.SZ,200,200,73.952103,78.54444,918.4674,5
20260815_171300_5b901c,2019-04-09,300132.SZ,100,100,93.146481,93.87535,72.8869,5
20260815_171300_5b901c,2019-04-09,002796.SZ,200,200,52.75933,49.5303,-645.806,5
20260815_171300_5b901c,2019-04-09,300559.SZ,100,100,98.445107,93.5946,-485.0507,5
20260815_171300_5b901c,2019-04-10,002607.SZ,100,100,108.352078,105.64974,-270.2338,6
20260815_171300_5b901c,2019-04-10,002463.SZ,400,400,34.639875,33.0723,-627.03,6
20260815_171300_5b901c,2019-04-10,002776.SZ,200,200,73.952103,78.81822,973.2234,6
20260815_171300_5b901c,2019-04-10,300132.SZ,100,100,93.146481,92.00388,-114.2601,6
20260815_171300_5b901c,2019-04-10,002796.SZ,200,200,52.75933,48.78966,-793.934,6
20260815_171300_5b901c,2019-04-10,300559.SZ,100,100,98.445107,91.52748,-691.7627,6
20260815_171300_5b901c,2019-04-11,002607.SZ,100,100,108.352078,101.95962,-639.2458,7
20260815_171300_5b901c,2019-04-11,002463.SZ,400,400,34.639875,31.73852,-1160.542,7
20260815_171300_5b901c,2019-04-11,002776.SZ,200,200,73.952103,76.17168,443.9154,7
20260815_171300_5b901c,2019-04-11,300132.SZ,100,100,93.146481,91.1587,-198.7781,7
20260815_171300_5b901c,2019-04-11,002796.SZ,200,200,52.75933,47.33924,-1084.018,7
20260815_171300_5b901c,2019-04-11,300559.SZ,100,100,98.445107,88.10142,-1034.3687,7
20260815_171300_5b901c,2019-04-12,002607.SZ,300,100,103.479314,103.00248,-143.0502,8
20260815_171300_5b901c,2019-04-12,002776.SZ,500,200,75.669936,77.23638,783.222,8
20260815_171300_5b901c,2019-04-12,300132.SZ,400,100,91.514453,91.46055,-21.5612,8
20260815_171300_5b901c,2019-04-15,002607.SZ,300,300,103.479314,99.55302,-1177.8882,9
20260815_171300_5b901c,2019-04-15,002776.SZ,500,500,75.669936,79.8525,2091.282,9
20260815_171300_5b901c,2019-04-15,300132.SZ,400,400,91.514453,91.94351,171.6228,9
20260815_171300_5b901c,2019-04-16,002607.SZ,300,300,103.479314,100.43544,-913.1622,10
20260815_171300_5b901c,2019-04-16,002776.SZ,500,500,75.669936,79.82208,2076.072,10
20260815_171300_5b901c,2019-04-16,300132.SZ,400,400,91.514453,93.51313,799.4708,10
20260815_171300_5b901c,2019-04-17,002607.SZ,300,300,103.479314,99.55302,-1177.8882,11
20260815_171300_5b901c,2019-04-17,002776.SZ,500,500,75.669936,79.94376,2136.912,11
20260815_171300_5b901c,2019-04-17,300132.SZ,400,400,91.514453,92.48684,388.9548,11
20260815_171300_5b901c,2019-04-18,002607.SZ,300,300,103.479314,97.94862,-1659.2082,12
20260815_171300_5b901c,2019-04-18,002776.SZ,500,500,75.669936,78.6357,1482.882,12
20260815_171300_5b901c,2019-04-18,300132.SZ,400,400,91.514453,89.9513,-625.2612,12
20260815_171300_5b901c,2019-04-19,002607.SZ,300,300,103.479314,101.0772,-720.6342,13
20260815_171300_5b901c,2019-04-19,002776.SZ,500,500,75.669936,79.42662,1878.342,13
20260815_171300_5b901c,2019-04-19,300132.SZ,400,400,91.514453,90.25315,-504.5212,13
20260815_171300_5b901c,2019-04-22,002607.SZ,300,300,103.479314,106.61238,939.9198,14
20260815_171300_5b901c,2019-04-22,002776.SZ,500,500,75.669936,78.72696,1528.512,14
20260815_171300_5b901c,2019-04-22,300132.SZ,400,400,91.514453,89.04575,-987.4812,14
20260815_171300_5b901c,2019-04-23,002607.SZ,300,300,103.479314,104.76732,386.4018,15
20260815_171300_5b901c,2019-04-23,002776.SZ,500,500,75.669936,78.97032,1650.192,15
20260815_171300_5b901c,2019-04-23,300132.SZ,400,400,91.514453,87.05354,-1784.3652,15
20260815_171300_5b901c,2019-04-24,002607.SZ,300,300,103.479314,102.76182,-215.2482,16
20260815_171300_5b901c,2019-04-24,002776.SZ,500,500,75.669936,81.49518,2912.622,16
20260815_171300_5b901c,2019-04-24,300132.SZ,400,400,91.514453,89.46834,-818.4452,16
20260815_171300_5b901c,2019-04-25,002607.SZ,300,300,103.479314,100.51566,-889.0962,17
20260815_171300_5b901c,2019-04-25,002776.SZ,500,500,75.669936,80.4609,2395.482,17
20260815_171300_5b901c,2019-04-25,300132.SZ,400,400,91.514453,87.29502,-1687.7732,17
20260815_171300_5b901c,2019-04-26,002607.SZ,300,300,103.479314,100.75632,-816.8982,18
20260815_171300_5b901c,2019-04-26,002776.SZ,500,500,75.669936,81.8298,3079.932,18
20260815_171300_5b901c,2019-04-26,300132.SZ,400,400,91.514453,84.15578,-2943.4692,18
20260815_171300_5b901c,2019-04-29,002607.SZ,500,300,103.050939,99.4728,-1789.0695,19
20260815_171300_5b901c,2019-04-29,002776.SZ,700,500,77.406914,80.12628,1903.5562,19
20260815_171300_5b901c,2019-04-30,002607.SZ,500,500,103.050939,98.83104,-2109.9495,20
20260815_171300_5b901c,2019-04-30,002776.SZ,700,700,77.406914,80.64342,2265.5542,20
20260815_171300_5b901c,2019-05-06,002607.SZ,500,500,103.050939,89.4453,-6802.8195,21
20260815_171300_5b901c,2019-05-06,002776.SZ,700,700,77.406914,77.8752,327.8002,21
20260815_171300_5b901c,2019-05-07,002776.SZ,1300,700,77.822616,79.63956,2362.0272,22
20260815_171300_5b901c,2019-05-08,002776.SZ,1300,1300,77.822616,78.87906,1373.3772,23
20260815_171300_5b901c,2019-05-09,002776.SZ,1300,1300,77.822616,76.6584,-1513.4808,24
20260815_171300_5b901c,2019-05-10,002776.SZ,1300,1300,77.822616,76.93218,-1157.5668,25
20260815_171300_5b901c,2019-05-13,002776.SZ,1300,1300,77.822616,75.8979,-2502.1308,26
20260815_171300_5b901c,2019-05-14,002776.SZ,1300,1300,77.822616,77.4189,-524.8308,27
20260815_171300_5b901c,2019-05-15,002776.SZ,1300,1300,77.822616,77.571,-327.1008,28
20260815_171300_5b901c,2019-05-16,002776.SZ,1300,1300,77.822616,78.4836,859.2792,29
20260815_171300_5b901c,2019-05-17,002776.SZ,1300,1300,77.822616,77.14512,-880.7448,30
20260815_171300_5b901c,2019-05-20,002776.SZ,1300,1300,77.822616,77.32764,-643.4688,31
20260815_171300_5b901c,2019-05-21,002776.SZ,1300,1300,77.822616,69.60096,-10688.1528,32
20260815_171300_5b901c,2019-05-22,002776.SZ,1300,1300,77.822616,62.63478,-19744.1868,33
20260815_171300_5b901c,2019-05-23,002776.SZ,1300,1300,77.822616,62.60436,-19783.7328,34
20260815_171300_5b901c,2019-07-02,600131.SH,100,0,75.60753,75.3068,-30.073,1
20260815_171300_5b901c,2019-07-02,002243.SZ,300,0,27.504624,27.07882,-127.7412,1
20260815_171300_5b901c,2019-07-02,600775.SH,500,0,18.980761,18.66786,-156.4505,1
20260815_171300_5b901c,2019-07-02,002017.SZ,100,0,81.375082,79.58678,-178.8302,1
20260815_171300_5b901c,2019-07-03,600131.SH,100,100,75.60753,73.65624,-195.129,2
20260815_171300_5b901c,2019-07-03,002243.SZ,300,300,27.504624,26.56822,-280.9212,2
20260815_171300_5b901c,2019-07-03,600775.SH,500,500,18.980761,18.1473,-416.7305,2
20260815_171300_5b901c,2019-07-03,002017.SZ,100,100,81.375082,77.71268,-366.2402,2
20260815_171300_5b901c,2019-07-04,600131.SH,100,100,75.60753,74.12046,-148.707,3
20260815_171300_5b901c,2019-07-04,002243.SZ,300,300,27.504624,25.8704,-490.2672,3
20260815_171300_5b901c,2019-07-04,600775.SH,500,500,18.980761,17.81472,-583.0205,3
20260815_171300_5b901c,2019-07-04,002017.SZ,100,100,81.375082,76.8381,-453.6982,3
20260815_171300_5b901c,2019-07-05,600131.SH,100,100,75.60753,73.86256,-174.497,4
20260815_171300_5b901c,2019-07-05,002243.SZ,300,300,27.504624,26.2108,-388.1472,4
20260815_171300_5b901c,2019-07-05,600775.SH,500,500,18.980761,17.90148,-539.6405,4
20260815_171300_5b901c,2019-07-05,002017.SZ,100,100,81.375082,80.52383,-85.1252,4
20260815_171300_5b901c,2019-07-08,600131.SH,100,100,75.60753,69.1172,-649.033,5
20260815_171300_5b901c,2019-07-08,002243.SZ,300,300,27.504624,25.90444,-480.0552,5
20260815_171300_5b901c,2019-07-08,600775.SH,500,500,18.980761,16.8459,-1067.4305,5
20260815_171300_5b901c,2019-07-08,002017.SZ,100,100,81.375082,76.27587,-509.9212,5
20260815_171300_5b901c,2019-07-09,002243.SZ,1600,300,25.953868,25.17258,-1250.0608,6
20260815_171300_5b901c,2019-07-09,002017.SZ,500,100,77.372004,75.02647,-1172.767,6
20260815_171300_5b901c,2019-07-10,002243.SZ,1600,1600,25.953868,24.79814,-1849.1648,7
20260815_171300_5b901c,2019-07-10,002017.SZ,500,500,77.372004,73.27731,-2047.347,7
20260815_171300_5b901c,2019-07-11,002243.SZ,1600,1600,25.953868,24.52582,-2284.8768,8
20260815_171300_5b901c,2019-07-11,002017.SZ,500,500,77.372004,70.90345,-3234.277,8
20260815_171300_5b901c,2019-07-12,002243.SZ,3200,1600,25.204052,24.8492,-1135.5264,9
20260815_171300_5b901c,2019-07-15,002243.SZ,3200,3200,25.204052,24.95132,-808.7424,10
20260815_171300_5b901c,2019-07-16,002243.SZ,3200,3200,25.204052,26.10868,2894.8096,11
20260815_171300_5b901c,2019-07-17,002243.SZ,3200,3200,25.204052,25.75126,1751.0656,12
20260815_171300_5b901c,2019-07-18,002243.SZ,3200,3200,25.204052,24.47476,-2333.7344,13
20260815_171300_5b901c,2019-07-19,002243.SZ,3200,3200,25.204052,24.71304,-1571.2384,14
20260815_171300_5b901c,2019-07-22,002243.SZ,3200,3200,25.204052,22.50044,-8651.5584,15
20260815_171300_5b901c,2019-10-09,300702.SZ,100,0,61.308775,65.62098,431.2205,1
20260815_171300_5b901c,2019-10-09,603360.SH,100,0,47.97827,52.56328,458.501,1
20260815_171300_5b901c,2019-10-09,002234.SZ,100,0,68.547063,70.93548,238.8417,1
20260815_171300_5b901c,2019-10-10,300702.SZ,100,100,61.308775,66.31236,500.3585,2
20260815_171300_5b901c,2019-10-10,603360.SH,100,100,47.97827,53.7208,574.253,2
20260815_171300_5b901c,2019-10-10,002234.SZ,100,100,68.547063,72.32841,378.1347,2
20260815_171300_5b901c,2019-10-11,300702.SZ,100,100,61.308775,66.41757,510.8795,3
20260815_171300_5b901c,2019-10-11,603360.SH,100,100,47.97827,54.43312,645.485,3
20260815_171300_5b901c,2019-10-11,002234.SZ,100,100,68.547063,72.66105,411.3987,3
20260815_171300_5b901c,2019-10-14,300702.SZ,100,100,61.308775,67.57488,626.6105,4
20260815_171300_5b901c,2019-10-14,603360.SH,100,100,47.97827,54.95252,697.425,4
20260815_171300_5b901c,2019-10-14,002234.SZ,100,100,68.547063,72.66105,411.3987,4
20260815_171300_5b901c,2019-10-15,300702.SZ,100,100,61.308775,65.5308,422.2025,5
20260815_171300_5b901c,2019-10-15,603360.SH,100,100,47.97827,55.02672,704.845,5
20260815_171300_5b901c,2019-10-15,002234.SZ,100,100,68.547063,70.0623,151.5237,5
20260815_171300_5b901c,2019-10-16,300702.SZ,100,100,61.308775,67.10895,580.0175,6
20260815_171300_5b901c,2019-10-16,603360.SH,100,100,47.97827,55.9468,796.853,6
20260815_171300_5b901c,2019-10-16,002234.SZ,100,100,68.547063,70.02072,147.3657,6
20260815_171300_5b901c,2019-10-17,300702.SZ,100,100,61.308775,67.66506,635.6285,7
20260815_171300_5b901c,2019-10-17,603360.SH,100,100,47.97827,55.78356,780.529,7
20260815_171300_5b901c,2019-10-17,002234.SZ,100,100,68.547063,69.35544,80.8377,7
20260815_171300_5b901c,2019-10-18,300702.SZ,100,100,61.308775,67.0338,572.5025,8
20260815_171300_5b901c,2019-10-18,603360.SH,100,100,47.97827,55.2048,722.653,8
20260815_171300_5b901c,2019-10-18,002234.SZ,100,100,68.547063,69.12675,57.9687,8
20260815_171300_5b901c,2019-10-21,300702.SZ,100,100,61.308775,66.05685,474.8075,9
20260815_171300_5b901c,2019-10-21,603360.SH,100,100,47.97827,55.69452,771.625,9
20260815_171300_5b901c,2019-10-21,002234.SZ,100,100,68.547063,72.64026,409.3197,9
20260815_171300_5b901c,2019-10-22,300702.SZ,100,100,61.308775,66.52278,521.4005,10
20260815_171300_5b901c,2019-10-22,603360.SH,100,100,47.97827,50.12952,215.125,10
20260815_171300_5b901c,2019-10-22,002234.SZ,100,100,68.547063,71.80866,326.1597,10
20260815_171300_5b901c,2019-10-23,300702.SZ,100,100,61.308775,66.132,482.3225,11
20260815_171300_5b901c,2019-10-23,603360.SH,100,100,47.97827,51.06444,308.617,11
20260815_171300_5b901c,2019-10-23,002234.SZ,100,100,68.547063,74.53215,598.5087,11
20260815_171300_5b901c,2019-10-24,300702.SZ,100,100,61.308775,65.5308,422.2025,12
20260815_171300_5b901c,2019-10-24,603360.SH,100,100,47.97827,50.085,210.673,12
20260815_171300_5b901c,2019-10-24,002234.SZ,100,100,68.547063,79.8336,1128.6537,12
20260815_171300_5b901c,2019-10-25,300702.SZ,100,100,61.308775,62.5248,121.6025,13
20260815_171300_5b901c,2019-10-25,603360.SH,100,100,47.97827,50.66376,268.549,13
20260815_171300_5b901c,2019-10-25,002234.SZ,100,100,68.547063,82.1205,1357.3437,13
20260815_171300_5b901c,2019-10-28,300702.SZ,100,100,61.308775,67.34943,604.0655,14
20260815_171300_5b901c,2019-10-28,603360.SH,100,100,47.97827,52.71168,473.341,14
20260815_171300_5b901c,2019-10-28,002234.SZ,100,100,68.547063,83.5758,1502.8737,14
20260815_171300_5b901c,2019-10-29,300702.SZ,100,100,61.308775,63.20115,189.2375,15
20260815_171300_5b901c,2019-10-29,603360.SH,100,100,47.97827,51.88064,390.237,15
20260815_171300_5b901c,2019-10-29,002234.SZ,100,100,68.547063,86.92299,1837.5927,15
20260815_171300_5b901c,2019-10-30,300702.SZ,100,100,61.308775,62.34444,103.5665,16
20260815_171300_5b901c,2019-10-30,603360.SH,100,100,47.97827,50.0108,203.253,16
20260815_171300_5b901c,2019-10-30,002234.SZ,100,100,68.547063,82.34919,1380.2127,16
20260815_171300_5b901c,2019-10-31,300702.SZ,100,100,61.308775,62.34444,103.5665,17
20260815_171300_5b901c,2019-10-31,603360.SH,100,100,47.97827,50.456,247.773,17
20260815_171300_5b901c,2019-10-31,002234.SZ,100,100,68.547063,78.19119,964.4127,17
20260815_171300_5b901c,2019-11-01,300702.SZ,100,100,61.308775,62.25426,94.5485,18
20260815_171300_5b901c,2019-11-01,603360.SH,100,100,47.97827,50.6044,262.613,18
20260815_171300_5b901c,2019-11-01,002234.SZ,100,100,68.547063,77.7546,920.7537,18
20260815_171300_5b901c,2019-11-04,300702.SZ,100,100,61.308775,63.2763,196.7525,19
20260815_171300_5b901c,2019-11-04,603360.SH,100,100,47.97827,53.23108,525.281,19
20260815_171300_5b901c,2019-11-04,002234.SZ,100,100,68.547063,76.2993,775.2237,19
20260815_171300_5b901c,2019-11-05,300702.SZ,100,100,61.308775,62.96067,165.1895,20
20260815_171300_5b901c,2019-11-05,603360.SH,100,100,47.97827,51.52448,354.621,20
20260815_171300_5b901c,2019-11-05,002234.SZ,100,100,68.547063,78.19119,964.4127,20
20260815_171300_5b901c,2019-11-06,300702.SZ,100,100,61.308775,62.61498,130.6205,21
20260815_171300_5b901c,2019-11-06,603360.SH,100,100,47.97827,51.77676,379.849,21
20260815_171300_5b901c,2019-11-06,002234.SZ,100,100,68.547063,74.28267,573.5607,21
20260815_171300_5b901c,2019-11-07,300702.SZ,100,100,61.308775,61.78833,47.9555,22
20260815_171300_5b901c,2019-11-07,603360.SH,100,100,47.97827,51.94,396.173,22
20260815_171300_5b901c,2019-11-07,002234.SZ,100,100,68.547063,76.34088,779.3817,22
20260815_171300_5b901c,2019-11-08,300702.SZ,100,100,61.308775,61.51779,20.9015,23
20260815_171300_5b901c,2019-11-08,603360.SH,100,100,47.97827,52.9046,492.633,23
20260815_171300_5b901c,2019-11-08,002234.SZ,100,100,68.547063,74.80242,625.5357,23
20260815_171300_5b901c,2019-11-11,300702.SZ,100,100,61.308775,59.5188,-178.9975,24
20260815_171300_5b901c,2019-11-11,603360.SH,100,100,47.97827,51.80644,382.817,24
20260815_171300_5b901c,2019-11-11,002234.SZ,100,100,68.547063,73.07685,452.9787,24
20260815_171300_5b901c,2019-11-12,300702.SZ,100,100,61.308775,59.78934,-151.9435,25
20260815_171300_5b901c,2019-11-12,603360.SH,100,100,47.97827,53.21624,523.797,25
20260815_171300_5b901c,2019-11-12,002234.SZ,100,100,68.547063,72.80658,425.9517,25
20260815_171300_5b901c,2019-11-13,300702.SZ,100,100,61.308775,59.78934,-151.9435,26
20260815_171300_5b901c,2019-11-13,603360.SH,100,100,47.97827,53.29044,531.217,26
20260815_171300_5b901c,2019-11-13,002234.SZ,100,100,68.547063,73.22238,467.5317,26
20260815_171300_5b901c,2019-11-14,300702.SZ,100,100,61.308775,60.12,-118.8775,27
20260815_171300_5b901c,2019-11-14,603360.SH,100,100,47.97827,52.9788,500.053,27
20260815_171300_5b901c,2019-11-14,002234.SZ,100,100,68.547063,72.59868,405.1617,27
20260815_171300_5b901c,2019-11-15,300702.SZ,100,100,61.308775,58.93263,-237.6145,28
20260815_171300_5b901c,2019-11-15,603360.SH,100,100,47.97827,51.1238,314.553,28
20260815_171300_5b901c,2019-11-15,002234.SZ,100,100,68.547063,68.66937,12.2307,28
20260815_171300_5b901c,2019-11-18,300702.SZ,100,100,61.308775,58.97772,-233.1055,29
20260815_171300_5b901c,2019-11-18,603360.SH,100,100,47.97827,51.31672,333.845,29
20260815_171300_5b901c,2019-11-18,002234.SZ,100,100,68.547063,68.41989,-12.7173,29
20260815_171300_5b901c,2019-11-19,300702.SZ,100,100,61.308775,60.88653,-42.2245,30
20260815_171300_5b901c,2019-11-19,603360.SH,100,100,47.97827,51.89548,391.721,30
20260815_171300_5b901c,2019-11-19,002234.SZ,100,100,68.547063,69.29307,74.6007,30
20260815_171300_5b901c,2019-11-20,300702.SZ,100,100,61.308775,61.26228,-4.6495,31
20260815_171300_5b901c,2019-11-20,603360.SH,100,100,47.97827,50.91604,293.777,31
20260815_171300_5b901c,2019-11-20,002234.SZ,100,100,68.547063,68.607,5.9937,31
20260815_171300_5b901c,2019-11-21,300702.SZ,100,100,61.308775,61.06689,-24.1885,32
20260815_171300_5b901c,2019-11-21,603360.SH,100,100,47.97827,46.5234,-145.487,32
20260815_171300_5b901c,2019-11-21,002234.SZ,100,100,68.547063,67.94172,-60.5343,32
20260815_171300_5b901c,2019-11-22,300702.SZ,100,100,61.308775,62.13402,82.5245,33
20260815_171300_5b901c,2019-11-22,603360.SH,100,100,47.97827,45.84076,-213.751,33
20260815_171300_5b901c,2019-11-22,002234.SZ,100,100,68.547063,66.02904,-251.8023,33
20260815_171300_5b901c,2019-11-25,300702.SZ,100,100,61.308775,64.0278,271.9025,34
20260815_171300_5b901c,2019-11-25,603360.SH,100,100,47.97827,44.25288,-372.539,34
20260815_171300_5b901c,2019-11-25,002234.SZ,100,100,68.547063,65.75877,-278.8293,34
20260815_171300_5b901c,2019-11-26,300702.SZ,100,100,61.308775,67.0338,572.5025,35
20260815_171300_5b901c,2019-11-26,603360.SH,100,100,47.97827,43.8522,-412.607,35
20260815_171300_5b901c,2019-11-26,002234.SZ,100,100,68.547063,68.66937,12.2307,35
20260815_171300_5b901c,2019-11-27,300702.SZ,500,100,65.715061,70.98669,2635.8145,36
20260815_171300_5b901c,2019-11-27,002234.SZ,500,100,67.997521,66.67353,-661.9955,36
20260815_171300_5b901c,2019-11-28,300702.SZ,500,500,65.715061,74.44359,4364.2645,37
20260815_171300_5b901c,2019-11-28,002234.SZ,500,500,67.997521,66.63195,-682.7855,37
20260815_171300_5b901c,2019-11-29,300702.SZ,500,500,65.715061,75.51072,4897.8295,38
20260815_171300_5b901c,2019-11-29,002234.SZ,500,500,67.997521,66.67353,-661.9955,38
20260815_171300_5b901c,2019-12-02,300702.SZ,500,500,65.715061,75.94659,5115.7645,39
20260815_171300_5b901c,2019-12-02,002234.SZ,500,500,67.997521,67.69224,-152.6405,39
20260815_171300_5b901c,2019-12-03,300702.SZ,500,500,65.715061,73.58688,3935.9095,40
20260815_171300_5b901c,2019-12-03,002234.SZ,500,500,67.997521,67.1517,-422.9105,40
20260815_171300_5b901c,2019-12-04,300702.SZ,500,500,65.715061,75.16503,4724.9845,41
20260815_171300_5b901c,2019-12-04,002234.SZ,500,500,67.997521,64.63611,-1680.7055,41
20260815_171300_5b901c,2019-12-05,300702.SZ,500,500,65.715061,79.47864,6881.7895,42
20260815_171300_5b901c,2019-12-05,002234.SZ,500,500,67.997521,64.34505,-1826.2355,42
20260815_171300_5b901c,2019-12-06,300702.SZ,500,500,65.715061,81.83835,8061.6445,43
20260815_171300_5b901c,2019-12-06,002234.SZ,500,500,67.997521,64.449,-1774.2605,43
20260815_171300_5b901c,2019-12-09,300702.SZ,500,500,65.715061,83.80728,9046.1095,44
20260815_171300_5b901c,2019-12-09,002234.SZ,500,500,67.997521,64.76085,-1618.3355,44
20260815_171300_5b901c,2019-12-10,300702.SZ,500,500,65.715061,83.58183,8933.3845,45
20260815_171300_5b901c,2019-12-10,002234.SZ,500,500,67.997521,63.67977,-2158.8755,45
20260815_171300_5b901c,2019-12-11,300702.SZ,500,500,65.715061,81.70308,7994.0095,46
20260815_171300_5b901c,2019-12-11,002234.SZ,500,500,67.997521,62.61948,-2689.0205,46
20260815_171300_5b901c,2019-12-12,300702.SZ,500,500,65.715061,81.07182,7678.3795,47
20260815_171300_5b901c,2019-12-12,002234.SZ,500,500,67.997521,62.72343,-2637.0455,47
20260815_171300_5b901c,2019-12-13,300702.SZ,500,500,65.715061,82.07883,8181.8845,48
20260815_171300_5b901c,2019-12-13,002234.SZ,500,500,67.997521,63.07686,-2460.3305,48
20260815_171300_5b901c,2019-12-16,300702.SZ,500,500,65.715061,81.47763,7881.2845,49
20260815_171300_5b901c,2019-12-16,002234.SZ,500,500,67.997521,64.55295,-1722.2855,49
20260815_171300_5b901c,2019-12-17,300702.SZ,500,500,65.715061,79.44858,6866.7595,50
20260815_171300_5b901c,2019-12-17,002234.SZ,500,500,67.997521,68.73174,367.1095,50
20260815_171300_5b901c,2019-12-18,300702.SZ,500,500,65.715061,78.81732,6551.1295,51
20260815_171300_5b901c,2019-12-18,002234.SZ,500,500,67.997521,68.48226,242.3695,51
20260815_171300_5b901c,2019-12-19,300702.SZ,500,500,65.715061,79.64397,6964.4545,52
20260815_171300_5b901c,2019-12-19,002234.SZ,500,500,67.997521,68.8149,408.6895,52
20260815_171300_5b901c,2019-12-20,300702.SZ,500,500,65.715061,79.2081,6746.5195,53
20260815_171300_5b901c,2019-12-20,002234.SZ,500,500,67.997521,68.33673,169.6045,53
20260815_171300_5b901c,2019-12-23,300702.SZ,500,500,65.715061,77.14899,5716.9645,54
20260815_171300_5b901c,2019-12-23,002234.SZ,500,500,67.997521,63.99162,-2002.9505,54
20260815_171300_5b901c,2019-12-24,300702.SZ,500,500,65.715061,76.78827,5536.6045,55
20260815_171300_5b901c,2019-12-24,002234.SZ,500,500,67.997521,64.07478,-1961.3705,55
20260815_171300_5b901c,2019-12-25,300702.SZ,500,500,65.715061,76.71312,5499.0295,56
20260815_171300_5b901c,2019-12-25,002234.SZ,500,500,67.997521,64.449,-1774.2605,56
20260815_171300_5b901c,2019-12-26,300702.SZ,500,500,65.715061,77.13396,5709.4495,57
20260815_171300_5b901c,2019-12-26,002234.SZ,500,500,67.997521,64.22031,-1888.6055,57
20260815_171300_5b901c,2019-12-27,300702.SZ,500,500,65.715061,81.40248,7843.7095,58
20260815_171300_5b901c,2019-12-27,002234.SZ,500,500,67.997521,64.61532,-1691.1005,58
20260815_171300_5b901c,2019-12-30,300702.SZ,500,500,65.715061,76.5027,5393.8195,59
20260815_171300_5b901c,2019-12-30,002234.SZ,500,500,67.997521,65.0727,-1462.4105,59
20260815_171300_5b901c,2019-12-31,300702.SZ,500,500,65.715061,75.33036,4807.6495,60
20260815_171300_5b901c,2019-12-31,002234.SZ,500,500,67.997521,66.13299,-932.2655,60
20260815_171300_5b901c,2020-01-02,300702.SZ,500,500,65.715061,75.751287,5018.113,61
20260815_171300_5b901c,2020-01-02,002234.SZ,500,500,67.997521,67.622088,-187.7165,61
20260815_171300_5b901c,2020-01-03,002600.SZ,200,0,47.119838,48.441456,264.3236,1
20260815_171300_5b901c,2020-01-03,002463.SZ,100,0,65.238914,64.360502,-87.8412,1
20260815_171300_5b901c,2020-01-03,002201.SZ,100,0,82.115664,82.463955,34.8291,1
20260815_171300_5b901c,2020-01-03,002194.SZ,100,0,59.72215,59.161895,-56.0255,1
20260815_171300_5b901c,2020-01-06,002600.SZ,200,200,47.119838,49.027104,381.4532,2
20260815_171300_5b901c,2020-01-06,002463.SZ,100,100,65.238914,64.745236,-49.3678,2
20260815_171300_5b901c,2020-01-06,002201.SZ,100,100,82.115664,80.848488,-126.7176,2
20260815_171300_5b901c,2020-01-06,002194.SZ,100,100,59.72215,59.07083,-65.132,2
20260815_171300_5b901c,2020-01-07,002600.SZ,200,200,47.119838,49.278096,431.6516,3
20260815_171300_5b901c,2020-01-07,002463.SZ,100,100,65.238914,64.635312,-60.3602,3
20260815_171300_5b901c,2020-01-07,002201.SZ,100,100,82.115664,80.998764,-111.69,3
20260815_171300_5b901c,2020-01-07,002194.SZ,100,100,59.72215,59.283315,-43.8835,3
20260815_171300_5b901c,2020-01-08,002600.SZ,200,200,47.119838,49.863744,548.7812,4
20260815_171300_5b901c,2020-01-08,002463.SZ,100,100,65.238914,62.134541,-310.4373,4
20260815_171300_5b901c,2020-01-08,002201.SZ,100,100,82.115664,78.631917,-348.3747,4
20260815_171300_5b901c,2020-01-08,002194.SZ,100,100,59.72215,57.279885,-244.2265,4
20260815_171300_5b901c,2020-01-09,002600.SZ,200,200,47.119838,50.993208,774.674,5
20260815_171300_5b901c,2020-01-09,002463.SZ,100,100,65.238914,63.728439,-151.0475,5
20260815_171300_5b901c,2020-01-09,002201.SZ,100,100,82.115664,79.496004,-261.966,5
20260815_171300_5b901c,2020-01-09,002194.SZ,100,100,59.72215,59.708285,-1.3865,5
20260815_171300_5b901c,2020-01-10,002600.SZ,200,200,47.119838,49.78008,532.0484,6
20260815_171300_5b901c,2020-01-10,002463.SZ,100,100,65.238914,64.415464,-82.345,6
20260815_171300_5b901c,2020-01-10,002201.SZ,100,100,82.115664,78.932469,-318.3195,6
20260815_171300_5b901c,2020-01-10,002194.SZ,100,100,59.72215,59.73864,1.649,6
20260815_171300_5b901c,2020-01-13,002600.SZ,200,200,47.119838,50.61672,699.3764,7
20260815_171300_5b901c,2020-01-13,002463.SZ,100,100,65.238914,68.070437,283.1523,7
20260815_171300_5b901c,2020-01-13,002201.SZ,100,100,82.115664,79.458435,-265.7229,7
20260815_171300_5b901c,2020-01-13,002194.SZ,100,100,59.72215,63.50266,378.051,7
20260815_171300_5b901c,2020-01-14,002600.SZ,200,200,47.119838,49.445424,465.1172,8
20260815_171300_5b901c,2020-01-14,002463.SZ,100,100,65.238914,66.476539,123.7625,8
20260815_171300_5b901c,2020-01-14,002201.SZ,100,100,82.115664,79.27059,-284.5074,8
20260815_171300_5b901c,2020-01-14,002194.SZ,100,100,59.72215,62.04562,232.347,8
20260815_171300_5b901c,2020-01-15,002600.SZ,200,200,47.119838,49.529088,481.85,9
20260815_171300_5b901c,2020-01-15,002463.SZ,100,100,65.238914,67.658222,241.9308,9
20260815_171300_5b901c,2020-01-15,002201.SZ,100,100,82.115664,77.76783,-434.7834,9
20260815_171300_5b901c,2020-01-15,002194.SZ,100,100,59.72215,63.68479,396.264,9
20260815_171300_5b901c,2020-01-16,002600.SZ,200,200,47.119838,53.252136,1226.4596,10
20260815_171300_5b901c,2020-01-16,002463.SZ,100,100,65.238914,66.806311,156.7397,10
20260815_171300_5b901c,2020-01-16,002201.SZ,100,100,82.115664,79.909263,-220.6401,10
20260815_171300_5b901c,2020-01-16,002194.SZ,100,100,59.72215,62.22775,250.56,10
20260815_171300_5b901c,2020-01-17,002600.SZ,200,200,47.119838,52.70832,1117.6964,11
20260815_171300_5b901c,2020-01-17,002463.SZ,100,100,65.238914,65.762033,52.3119,11
20260815_171300_5b901c,2020-01-17,002201.SZ,100,100,82.115664,77.579985,-453.5679,11
20260815_171300_5b901c,2020-01-17,002194.SZ,100,100,59.72215,61.13497,141.282,11
20260815_171300_5b901c,2020-01-20,002600.SZ,200,200,47.119838,55.301904,1636.4132,12
20260815_171300_5b901c,2020-01-20,002463.SZ,100,100,65.238914,67.410893,217.1979,12
20260815_171300_5b901c,2020-01-20,002201.SZ,100,100,82.115664,76.114794,-600.087,12
20260815_171300_5b901c,2020-01-20,002194.SZ,100,100,59.72215,61.711715,198.9565,12
20260815_171300_5b901c,2020-01-21,002600.SZ,200,200,47.119838,54.005112,1377.0548,13
20260815_171300_5b901c,2020-01-21,002463.SZ,100,100,65.238914,66.174248,93.5334,13
20260815_171300_5b901c,2020-01-21,002201.SZ,100,100,82.115664,74.01093,-810.4734,13
20260815_171300_5b901c,2020-01-21,002194.SZ,100,100,59.72215,59.37438,-34.777,13
20260815_171300_5b901c,2020-01-22,002600.SZ,400,200,50.784714,55.21824,1773.4104,14
20260815_171300_5b901c,2020-01-22,002463.SZ,300,100,65.348975,68.345247,898.8816,14
20260815_171300_5b901c,2020-01-22,002194.SZ,400,100,58.650798,58.736925,34.4508,14
20260815_171300_5b901c,2020-01-23,002600.SZ,400,400,50.784714,54.214272,1371.8232,15
20260815_171300_5b901c,2020-01-23,002463.SZ,300,300,65.348975,65.871957,156.8946,15
20260815_171300_5b901c,2020-01-23,002194.SZ,400,400,58.650798,55.580005,-1228.3172,15
20260815_171300_5b901c,2020-02-03,002600.SZ,400,400,50.784714,48.776112,-803.4408,16
20260815_171300_5b901c,2020-02-03,002463.SZ,300,300,65.348975,59.276517,-1821.7374,16
20260815_171300_5b901c,2020-02-03,002194.SZ,400,400,58.650798,50.02504,-3450.3032,16
20260815_171300_5b901c,2020-02-04,002600.SZ,1500,400,45.916362,48.148632,3348.405,17
20260815_171300_5b901c,2020-02-04,002463.SZ,300,300,65.348975,57.105518,-2473.0371,17
20260815_171300_5b901c,2020-02-04,002194.SZ,400,400,58.650798,46.32173,-4931.6272,17
20260815_171300_5b901c,2020-02-05,002600.SZ,1500,1500,45.916362,48.650616,4101.381,18
20260815_171300_5b901c,2020-02-06,002600.SZ,1500,1500,45.916362,48.357792,3662.145,19
20260815_171300_5b901c,2020-02-07,002600.SZ,1500,1500,45.916362,46.893672,1465.965,20
20260815_171300_5b901c,2020-02-10,002600.SZ,1500,1500,45.916362,47.186496,1905.201,21
20260815_171300_5b901c,2020-02-11,002600.SZ,1500,1500,45.916362,50.365728,6674.049,22
20260815_171300_5b901c,2020-02-12,002600.SZ,1500,1500,45.916362,49.98924,6109.317,23
20260815_171300_5b901c,2020-02-13,002600.SZ,1500,1500,45.916362,49.278096,5042.601,24
20260815_171300_5b901c,2020-02-14,002600.SZ,1500,1500,45.916362,49.947408,6046.569,25
20260815_171300_5b901c,2020-02-17,002600.SZ,1500,1500,45.916362,51.913512,8995.725,26
20260815_171300_5b901c,2020-02-18,002600.SZ,1500,1500,45.916362,53.503128,11380.149,27
20260815_171300_5b901c,2020-02-19,002600.SZ,1500,1500,45.916362,51.829848,8870.229,28
20260815_171300_5b901c,2020-02-20,002600.SZ,1500,1500,45.916362,54.130608,12321.369,29
20260815_171300_5b901c,2020-02-21,002600.SZ,1500,1500,45.916362,54.967248,13576.329,30
20260815_171300_5b901c,2020-02-24,002600.SZ,1500,1500,45.916362,57.435336,17278.461,31
20260815_171300_5b901c,2020-02-25,002600.SZ,1500,1500,45.916362,56.222208,15458.769,32
20260815_171300_5b901c,2020-02-26,002600.SZ,1500,1500,45.916362,52.331832,9623.205,33
20260815_171300_5b901c,2020-02-27,002600.SZ,1500,1500,45.916362,51.955344,9058.473,34
20260815_171300_5b901c,2020-02-28,002600.SZ,1500,1500,45.916362,47.395656,2218.941,35
20260815_171300_5b901c,2020-03-02,002600.SZ,1500,1500,45.916362,49.36176,5168.097,36
20260815_171300_5b901c,2020-03-03,002600.SZ,1500,1500,45.916362,50.658552,7113.285,37
20260815_171300_5b901c,2020-03-04,002600.SZ,1500,1500,45.916362,49.947408,6046.569,38
20260815_171300_5b901c,2020-03-05,002600.SZ,1500,1500,45.916362,49.98924,6109.317,39
20260815_171300_5b901c,2020-03-06,002600.SZ,1500,1500,45.916362,49.57092,5481.837,40
20260815_171300_5b901c,2020-03-09,002600.SZ,1500,1500,45.916362,46.22436,461.997,41
20260815_171300_5b901c,2020-03-10,002600.SZ,1500,1500,45.916362,47.437488,2281.689,42
20260815_171300_5b901c,2020-03-11,002600.SZ,1500,1500,45.916362,46.0152,148.257,43
20260815_171300_5b901c,2020-03-12,002600.SZ,1500,1500,45.916362,43.839936,-3114.639,44
20260815_171300_5b901c,2020-03-13,002600.SZ,1500,1500,45.916362,43.08696,-4244.103,45
20260815_171300_5b901c,2020-03-16,002600.SZ,1500,1500,45.916362,38.778264,-10707.147,46
20260815_171300_5b901c,2020-04-02,002793.SZ,100,0,46.725021,47.304974,57.9953,1
20260815_171300_5b901c,2020-04-02,002201.SZ,100,0,52.511895,56.578914,406.7019,1
20260815_171300_5b901c,2020-04-03,002793.SZ,100,100,46.725021,47.659584,93.4563,2
20260815_171300_5b901c,2020-04-03,002201.SZ,100,100,52.511895,58.269519,575.7624,2
20260815_171300_5b901c,2020-04-07,002793.SZ,100,100,46.725021,48.971641,224.662,3
20260815_171300_5b901c,2020-04-07,002201.SZ,100,100,52.511895,59.471727,695.9832,3
20260815_171300_5b901c,2020-04-08,002793.SZ,100,100,46.725021,50.035471,331.045,4
20260815_171300_5b901c,2020-04-08,002201.SZ,100,100,52.511895,59.809848,729.7953,4
20260815_171300_5b901c,2020-04-09,002793.SZ,100,100,46.725021,50.319159,359.4138,5
20260815_171300_5b901c,2020-04-09,002201.SZ,100,100,52.511895,58.457364,594.5469,5
20260815_171300_5b901c,2020-04-10,002793.SZ,100,100,46.725021,53.54611,682.1089,6
20260815_171300_5b901c,2020-04-10,002201.SZ,100,100,52.511895,55.752396,324.0501,6
20260815_171300_5b901c,2020-04-13,002793.SZ,100,100,46.725021,54.007103,728.2082,7
20260815_171300_5b901c,2020-04-13,002201.SZ,100,100,52.511895,54.775602,226.3707,7
20260815_171300_5b901c,2020-04-14,002793.SZ,100,100,46.725021,52.730507,600.5486,8
20260815_171300_5b901c,2020-04-14,002201.SZ,100,100,52.511895,57.029742,451.7847,8
20260815_171300_5b901c,2020-04-15,002793.SZ,100,100,46.725021,53.085117,636.0096,9
20260815_171300_5b901c,2020-04-15,002201.SZ,100,100,52.511895,55.902672,339.0777,9
20260815_171300_5b901c,2020-04-16,002793.SZ,100,100,46.725021,51.914904,518.9883,10
20260815_171300_5b901c,2020-04-16,002201.SZ,100,100,52.511895,55.489413,297.7518,10
20260815_171300_5b901c,2020-04-17,002793.SZ,100,100,46.725021,51.276606,455.1585,11
20260815_171300_5b901c,2020-04-17,002201.SZ,100,100,52.511895,55.22643,271.4535,11
20260815_171300_5b901c,2020-04-20,002793.SZ,100,100,46.725021,52.517741,579.272,12
20260815_171300_5b901c,2020-04-20,002201.SZ,100,100,52.511895,55.564551,305.2656,12
20260815_171300_5b901c,2020-04-21,002793.SZ,100,100,46.725021,51.879443,515.4422,13
20260815_171300_5b901c,2020-04-21,002201.SZ,100,100,52.511895,55.414275,290.238,13
20260815_171300_5b901c,2020-04-22,002793.SZ,100,100,46.725021,53.510649,678.5628,14
20260815_171300_5b901c,2020-04-22,002201.SZ,100,100,52.511895,55.151292,263.9397,14
20260815_171300_5b901c,2020-04-23,002793.SZ,100,100,46.725021,53.404266,667.9245,15
20260815_171300_5b901c,2020-04-23,002201.SZ,100,100,52.511895,54.512619,200.0724,15
20260815_171300_5b901c,2020-04-24,002793.SZ,100,100,46.725021,51.524833,479.9812,16
20260815_171300_5b901c,2020-04-24,002201.SZ,100,100,52.511895,52.634169,12.2274,16
20260815_171300_5b901c,2020-04-27,002793.SZ,100,100,46.725021,51.382989,465.7968,17
20260815_171300_5b901c,2020-04-27,002201.SZ,100,100,52.511895,52.483893,-2.8002,17
20260815_171300_5b901c,2020-04-28,002793.SZ,100,100,46.725021,49.858166,313.3145,18
20260815_171300_5b901c,2020-04-28,002201.SZ,100,100,52.511895,51.168978,-134.2917,18
20260815_171300_5b901c,2020-04-29,002793.SZ,100,100,46.725021,51.453911,472.889,19
20260815_171300_5b901c,2020-04-29,002201.SZ,100,100,52.511895,50.417598,-209.4297,19
20260815_171300_5b901c,2020-04-30,002793.SZ,100,100,46.725021,50.035471,331.045,20
20260815_171300_5b901c,2020-04-30,002201.SZ,100,100,52.511895,52.145772,-36.6123,20
20260815_171300_5b901c,2020-05-06,002793.SZ,100,100,46.725021,49.716322,299.1301,21
20260815_171300_5b901c,2020-05-06,002201.SZ,100,100,52.511895,53.836377,132.4482,21
20260815_171300_5b901c,2020-05-07,002793.SZ,100,100,46.725021,49.787244,306.2223,22
20260815_171300_5b901c,2020-05-07,002201.SZ,100,100,52.511895,53.310411,79.8516,22
20260815_171300_5b901c,2020-05-08,002793.SZ,100,100,46.725021,49.822705,309.7684,23
20260815_171300_5b901c,2020-05-08,002201.SZ,100,100,52.511895,53.911515,139.962,23
20260815_171300_5b901c,2020-05-11,002793.SZ,100,100,46.725021,49.893627,316.8606,24
20260815_171300_5b901c,2020-05-11,002201.SZ,100,100,52.511895,54.85074,233.8845,24
20260815_171300_5b901c,2020-05-12,002793.SZ,100,100,46.725021,51.595755,487.0734,25
20260815_171300_5b901c,2020-05-12,002201.SZ,100,100,52.511895,53.610963,109.9068,25
20260815_171300_5b901c,2020-05-13,002793.SZ,100,100,46.725021,50.461003,373.5982,26
20260815_171300_5b901c,2020-05-13,002201.SZ,100,100,52.511895,53.911515,139.962,26
20260815_171300_5b901c,2020-05-14,002793.SZ,100,100,46.725021,49.078024,235.3003,27
20260815_171300_5b901c,2020-05-14,002201.SZ,100,100,52.511895,53.460687,94.8792,27
20260815_171300_5b901c,2020-05-15,002793.SZ,100,100,46.725021,49.007102,228.2081,28
20260815_171300_5b901c,2020-05-15,002201.SZ,100,100,52.511895,53.610963,109.9068,28
20260815_171300_5b901c,2020-05-18,002793.SZ,100,100,46.725021,48.049655,132.4634,29
20260815_171300_5b901c,2020-05-18,002201.SZ,100,100,52.511895,52.408755,-10.314,29
20260815_171300_5b901c,2020-05-19,002793.SZ,100,100,46.725021,48.93618,221.1159,30
20260815_171300_5b901c,2020-05-19,002201.SZ,100,100,52.511895,52.746876,23.4981,30
20260815_171300_5b901c,2020-05-20,002793.SZ,100,100,46.725021,49.007102,228.2081,31
20260815_171300_5b901c,2020-05-20,002201.SZ,100,100,52.511895,51.957927,-55.3968,31
20260815_171300_5b901c,2020-05-21,002793.SZ,100,100,46.725021,47.553201,82.818,32
20260815_171300_5b901c,2020-05-21,002201.SZ,100,100,52.511895,52.559031,4.7136,32
20260815_171300_5b901c,2020-05-22,002793.SZ,100,100,46.725021,46.985825,26.0804,33
20260815_171300_5b901c,2020-05-22,002201.SZ,100,100,52.511895,50.530305,-198.159,33
20260815_171300_5b901c,2020-05-25,002793.SZ,100,100,46.725021,46.595754,-12.9267,34
20260815_171300_5b901c,2020-05-25,002201.SZ,100,100,52.511895,49.854063,-265.7832,34
20260815_171300_5b901c,2020-05-26,002793.SZ,100,100,46.725021,47.127669,40.2648,35
20260815_171300_5b901c,2020-05-26,002201.SZ,100,100,52.511895,50.905995,-160.59,35
20260815_171300_5b901c,2020-05-27,002793.SZ,100,100,46.725021,45.425541,-129.948,36
20260815_171300_5b901c,2020-05-27,002201.SZ,100,100,52.511895,51.431961,-107.9934,36
20260815_171300_5b901c,2020-05-28,002793.SZ,100,100,46.725021,44.078023,-264.6998,37
20260815_171300_5b901c,2020-05-28,002201.SZ,100,100,52.511895,50.079477,-243.2418,37
20260815_171300_5b901c,2020-05-29,002793.SZ,100,100,46.725021,43.758874,-296.6147,38
20260815_171300_5b901c,2020-05-29,002201.SZ,100,100,52.511895,49.96677,-254.5125,38
20260815_171300_5b901c,2020-06-01,002793.SZ,100,100,46.725021,44.751782,-197.3239,39
20260815_171300_5b901c,2020-06-01,002201.SZ,100,100,52.511895,52.408755,-10.314,39
20260815_171300_5b901c,2020-06-02,002793.SZ,100,100,46.725021,44.822704,-190.2317,40
20260815_171300_5b901c,2020-06-02,002201.SZ,100,100,52.511895,53.986653,147.4758,40
20260815_171300_5b901c,2020-06-03,002793.SZ,100,100,46.725021,44.964548,-176.0473,41
20260815_171300_5b901c,2020-06-03,002201.SZ,100,100,52.511895,53.310411,79.8516,41
20260815_171300_5b901c,2020-06-04,002793.SZ,100,100,46.725021,44.361711,-236.331,42
20260815_171300_5b901c,2020-06-04,002201.SZ,100,100,52.511895,52.108203,-40.3692,42
20260815_171300_5b901c,2020-06-05,002793.SZ,100,100,46.725021,44.32625,-239.8771,43
20260815_171300_5b901c,2020-06-05,002201.SZ,100,100,52.511895,51.056271,-145.5624,43
20260815_171300_5b901c,2020-06-08,002793.SZ,100,100,46.725021,44.787243,-193.7778,44
20260815_171300_5b901c,2020-06-08,002201.SZ,100,100,52.511895,50.755719,-175.6176,44
20260815_171300_5b901c,2020-06-09,002793.SZ,100,100,46.725021,44.964548,-176.0473,45
20260815_171300_5b901c,2020-06-09,002201.SZ,100,100,52.511895,50.943564,-156.8331,45
20260815_171300_5b901c,2020-06-10,002793.SZ,100,100,46.725021,45.106392,-161.8629,46
20260815_171300_5b901c,2020-06-10,002201.SZ,100,100,52.511895,51.09384,-141.8055,46
20260815_171300_5b901c,2020-06-11,002793.SZ,100,100,46.725021,44.148945,-257.6076,47
20260815_171300_5b901c,2020-06-11,002201.SZ,100,100,52.511895,50.455167,-205.6728,47
20260815_171300_5b901c,2020-06-12,002793.SZ,100,100,46.725021,44.32625,-239.8771,48
20260815_171300_5b901c,2020-06-12,002201.SZ,100,100,52.511895,50.455167,-205.6728,48
20260815_171300_5b901c,2020-06-15,002793.SZ,100,100,46.725021,46.0993,-62.5721,49
20260815_171300_5b901c,2020-06-15,002201.SZ,100,100,52.511895,50.004339,-250.7556,49
20260815_171300_5b901c,2020-06-16,002793.SZ,100,100,46.725021,45.921995,-80.3026,50
20260815_171300_5b901c,2020-06-16,002201.SZ,100,100,52.511895,50.981133,-153.0762,50
20260815_171300_5b901c,2020-06-17,002793.SZ,100,100,46.725021,47.340435,61.5414,51
20260815_171300_5b901c,2020-06-17,002201.SZ,100,100,52.511895,51.131409,-138.0486,51
20260815_171300_5b901c,2020-06-18,002793.SZ,100,100,46.725021,46.524832,-20.0189,52
20260815_171300_5b901c,2020-06-18,002201.SZ,100,100,52.511895,50.830857,-168.1038,52
20260815_171300_5b901c,2020-06-19,002793.SZ,100,100,46.725021,46.028378,-69.6643,53
20260815_171300_5b901c,2020-06-19,002201.SZ,100,100,52.511895,50.830857,-168.1038,53
20260815_171300_5b901c,2020-06-22,002793.SZ,100,100,46.725021,45.921995,-80.3026,54
20260815_171300_5b901c,2020-06-22,002201.SZ,100,100,52.511895,51.244116,-126.7779,54
20260815_171300_5b901c,2020-06-23,002793.SZ,100,100,46.725021,45.281928,-144.3093,55
20260815_171300_5b901c,2020-06-23,002201.SZ,100,100,52.511895,50.71815,-179.3745,55
20260815_171300_5b901c,2020-06-24,002793.SZ,100,100,46.725021,45.032735,-169.2286,56
20260815_171300_5b901c,2020-06-24,002201.SZ,100,100,52.511895,50.304891,-220.7004,56
20260815_171300_5b901c,2020-06-29,002793.SZ,100,100,46.725021,44.890339,-183.4682,57
20260815_171300_5b901c,2020-06-29,002201.SZ,100,100,52.511895,49.703787,-280.8108,57
20260815_171300_5b901c,2020-06-30,002793.SZ,100,100,46.725021,47.026279,30.1258,58
20260815_171300_5b901c,2020-06-30,002201.SZ,100,100,52.511895,50.417598,-209.4297,58
20260815_171300_5b901c,2020-07-01,002793.SZ,100,100,46.725021,47.311071,58.605,59
20260815_171300_5b901c,2020-07-01,002201.SZ,100,100,52.511895,53.911515,139.962,59
20260815_171300_5b901c,2020-07-02,603378.SH,100,0,42.20129,44.17899,197.77,1
20260815_171300_5b901c,2020-07-03,603378.SH,100,100,42.20129,43.138284,93.6994,2
20260815_171300_5b901c,2020-07-06,603378.SH,100,100,42.20129,44.17899,197.77,3
20260815_171300_5b901c,2020-07-07,603378.SH,100,100,42.20129,44.97555,277.426,4
20260815_171300_5b901c,2020-07-08,603378.SH,100,100,42.20129,46.5123,431.101,5
20260815_171300_5b901c,2020-07-09,603378.SH,100,100,42.20129,46.706955,450.5665,6
20260815_171300_5b901c,2020-07-10,603378.SH,100,100,42.20129,49.89315,769.186,7
20260815_171300_5b901c,2020-07-13,603378.SH,100,100,42.20129,52.22901,1002.772,8
20260815_171300_5b901c,2020-07-14,603378.SH,100,100,42.20129,57.45396,1525.267,9
20260815_171300_5b901c,2020-07-15,603378.SH,100,100,42.20129,60.71187,1851.058,10
20260815_171300_5b901c,2020-07-16,603378.SH,100,100,42.20129,56.111865,1391.0575,11
20260815_171300_5b901c,2020-07-17,603378.SH,100,100,42.20129,61.36755,1916.626,12
20260815_171300_5b901c,2020-07-20,603378.SH,100,100,42.20129,64.533255,2233.1965,13
20260815_171300_5b901c,2020-07-21,603378.SH,100,100,42.20129,68.487825,2628.6535,14
20260815_171300_5b901c,2020-07-22,603378.SH,100,100,42.20129,68.344395,2614.3105,15
20260815_171300_5b901c,2020-07-23,603378.SH,100,100,42.20129,70.03482,2783.353,16
20260815_171300_5b901c,2020-07-24,603378.SH,100,100,42.20129,67.2072,2500.591,17
20260815_171300_5b901c,2020-07-27,603378.SH,100,100,42.20129,66.30564,2410.435,18
20260815_171300_5b901c,2020-07-28,603378.SH,100,100,42.20129,68.29317,2609.188,19
20260815_171300_5b901c,2020-07-29,603378.SH,100,100,42.20129,74.27625,3207.496,20
20260815_171300_5b901c,2020-07-30,603378.SH,100,100,42.20129,73.02636,3082.507,21
20260815_171300_5b901c,2020-07-31,603378.SH,100,100,42.20129,74.081595,3188.0305,22
20260815_171300_5b901c,2020-08-03,603378.SH,100,100,42.20129,77.14485,3494.356,23
20260815_171300_5b901c,2020-08-04,603378.SH,100,100,42.20129,75.09585,3289.456,24
20260815_171300_5b901c,2020-08-05,603378.SH,100,100,42.20129,76.581375,3438.0085,25
20260815_171300_5b901c,2020-08-06,603378.SH,100,100,42.20129,76.355985,3415.4695,26
20260815_171300_5b901c,2020-08-07,603378.SH,100,100,42.20129,76.089615,3388.8325,27
20260815_171300_5b901c,2020-08-10,603378.SH,100,100,42.20129,74.09184,3189.055,28
20260815_171300_5b901c,2020-08-11,603378.SH,100,100,42.20129,72.3297,3012.841,29
20260815_171300_5b901c,2020-08-12,603378.SH,100,100,42.20129,70.6905,2848.921,30
20260815_171300_5b901c,2020-08-13,603378.SH,100,100,42.20129,69.56355,2736.226,31
20260815_171300_5b901c,2020-08-14,603378.SH,100,100,42.20129,71.438385,2923.7095,32
20260815_171300_5b901c,2020-08-17,603378.SH,100,100,42.20129,73.12881,3092.752,33
20260815_171300_5b901c,2020-08-18,603378.SH,100,100,42.20129,74.68605,3248.476,34
20260815_171300_5b901c,2020-08-19,603378.SH,100,100,42.20129,76.8375,3463.621,35
20260815_171300_5b901c,2020-08-20,603378.SH,100,100,42.20129,76.929705,3472.8415,36
20260815_171300_5b901c,2020-08-21,603378.SH,100,100,42.20129,80.064675,3786.3385,37
20260815_171300_5b901c,2020-08-24,603378.SH,100,100,42.20129,82.26735,4006.606,38
20260815_171300_5b901c,2020-08-25,603378.SH,100,100,42.20129,77.73906,3553.777,39
20260815_171300_5b901c,2020-08-26,603378.SH,100,100,42.20129,77.093625,3489.2335,40
20260815_171300_5b901c,2020-08-27,603378.SH,100,100,42.20129,76.44819,3424.69,41
20260815_171300_5b901c,2020-08-28,603378.SH,100,100,42.20129,81.7551,3955.381,42
20260815_171300_5b901c,2020-08-31,603378.SH,100,100,42.20129,84.68517,4248.388,43
20260815_171300_5b901c,2020-09-01,603378.SH,100,100,42.20129,86.75466,4455.337,44
20260815_171300_5b901c,2020-09-02,603378.SH,100,100,42.20129,87.236175,4503.4885,45
20260815_171300_5b901c,2020-09-03,603378.SH,100,100,42.20129,88.61925,4641.796,46
20260815_171300_5b901c,2020-09-04,603378.SH,100,100,42.20129,83.855325,4165.4035,47
20260815_171300_5b901c,2020-09-07,603378.SH,100,100,42.20129,81.335055,3913.3765,48
20260815_171300_5b901c,2020-09-08,603378.SH,100,100,42.20129,76.61211,3441.082,49
20260815_171300_5b901c,2020-09-09,603378.SH,100,100,42.20129,69.2562,2705.491,50
20260815_171300_5b901c,2020-09-10,603378.SH,100,100,42.20129,70.17825,2797.696,51
20260815_171300_5b901c,2020-09-11,603378.SH,100,100,42.20129,72.7395,3053.821,52
20260815_171300_5b901c,2020-09-14,603378.SH,100,100,42.20129,76.970685,3476.9395,53
20260815_171300_5b901c,2020-09-15,603378.SH,100,100,42.20129,80.01345,3781.216,54
20260815_171300_5b901c,2020-09-16,603378.SH,100,100,42.20129,76.171575,3397.0285,55
20260815_171300_5b901c,2020-09-17,603378.SH,100,100,42.20129,76.4277,3422.641,56
20260815_171300_5b901c,2020-09-18,603378.SH,100,100,42.20129,80.01345,3781.216,57
20260815_171300_5b901c,2020-09-21,603378.SH,100,100,42.20129,76.6326,3443.131,58
20260815_171300_5b901c,2020-09-22,603378.SH,100,100,42.20129,76.786275,3458.4985,59
20260815_171300_5b901c,2020-09-23,603378.SH,100,100,42.20129,78.282045,3608.0755,60
20260815_171300_5b901c,2020-09-24,603378.SH,100,100,42.20129,78.66111,3645.982,61
20260815_171300_5b901c,2020-09-25,603378.SH,100,100,42.20129,70.79295,2859.166,62
20260815_171300_5b901c,2020-09-28,603378.SH,100,100,42.20129,65.783145,2358.1855,63
20260815_171300_5b901c,2020-09-29,603378.SH,100,100,42.20129,71.20275,2900.146,64
20260815_171300_5b901c,2020-09-30,603378.SH,100,100,42.20129,69.4611,2725.981,65
20260815_171300_5b901c,2020-10-09,603378.SH,100,100,42.20129,72.667785,3046.6495,66
20260815_171300_5b901c,2020-10-12,603229.SH,100,0,52.93682,55.851937,291.5117,1
20260815_171300_5b901c,2020-10-12,600223.SH,400,0,19.108335,19.475474,146.8556,1
20260815_171300_5b901c,2020-10-13,603229.SH,100,100,52.93682,59.271155,633.4335,2
20260815_171300_5b901c,2020-10-13,600223.SH,400,400,19.108335,19.438236,131.9604,2
20260815_171300_5b901c,2020-10-14,603229.SH,100,100,52.93682,59.05922,612.24,3
20260815_171300_5b901c,2020-10-14,600223.SH,400,400,19.108335,19.643045,213.884,3
20260815_171300_5b901c,2020-10-15,603229.SH,100,100,52.93682,58.21148,527.466,4
20260815_171300_5b901c,2020-10-15,600223.SH,400,400,19.108335,19.065856,-16.9916,4
20260815_171300_5b901c,2020-10-16,603229.SH,100,100,52.93682,58.338641,540.1821,5
20260815_171300_5b901c,2020-10-16,600223.SH,400,400,19.108335,20.201615,437.312,5
20260815_171300_5b901c,2020-10-19,603229.SH,100,100,52.93682,57.731094,479.4274,6
20260815_171300_5b901c,2020-10-19,600223.SH,400,400,19.108335,20.034044,370.2836,6
20260815_171300_5b901c,2020-10-20,603229.SH,100,100,52.93682,58.338641,540.1821,7
20260815_171300_5b901c,2020-10-20,600223.SH,400,400,19.108335,19.847854,295.8076,7
20260815_171300_5b901c,2020-10-21,603229.SH,100,100,52.93682,57.575675,463.8855,8
20260815_171300_5b901c,2020-10-21,600223.SH,400,400,19.108335,19.92233,325.598,8
20260815_171300_5b901c,2020-10-22,603229.SH,100,100,52.93682,56.727935,379.1115,9
20260815_171300_5b901c,2020-10-22,600223.SH,400,400,19.108335,19.54995,176.646,9
20260815_171300_5b901c,2020-10-23,603229.SH,100,100,52.93682,52.2773,-65.952,10
20260815_171300_5b901c,2020-10-23,600223.SH,400,400,19.108335,18.842428,-106.3628,10
20260815_171300_5b901c,2020-10-26,603229.SH,100,100,52.93682,49.380855,-355.5965,11
20260815_171300_5b901c,2020-10-26,600223.SH,400,400,19.108335,18.24662,-344.686,11
20260815_171300_5b901c,2020-10-27,603229.SH,100,100,52.93682,49.183049,-375.3771,12
20260815_171300_5b901c,2020-10-27,600223.SH,400,400,19.108335,18.674857,-173.3912,12
20260815_171300_5b901c,2020-10-28,603229.SH,100,100,52.93682,49.225436,-371.1384,13
20260815_171300_5b901c,2020-10-28,600223.SH,400,400,19.108335,19.233427,50.0368,13
20260815_171300_5b901c,2020-10-29,603229.SH,100,100,52.93682,51.613237,-132.3583,14
20260815_171300_5b901c,2020-10-29,600223.SH,400,400,19.108335,20.182996,429.8644,14
20260815_171300_5b901c,2020-10-30,603229.SH,100,100,52.93682,47.75602,-518.08,15
20260815_171300_5b901c,2020-10-30,600223.SH,400,400,19.108335,19.345141,94.7224,15
20260815_171300_5b901c,2020-11-02,600223.SH,3100,400,19.514256,19.587188,226.0892,16
20260815_171300_5b901c,2020-11-03,600223.SH,3100,3100,19.514256,20.145758,1957.6562,17
20260815_171300_5b901c,2020-11-04,600223.SH,3100,3100,19.514256,21.504945,6171.1359,18
20260815_171300_5b901c,2020-11-05,600223.SH,3100,3100,19.514256,22.71518,9922.8644,19
20260815_171300_5b901c,2020-11-06,600223.SH,3100,3100,19.514256,21.951801,7556.3895,20
20260815_171300_5b901c,2020-11-09,600223.SH,3100,3100,19.514256,21.914563,7440.9517,21
20260815_171300_5b901c,2020-11-10,600223.SH,3100,3100,19.514256,21.169803,5132.1957,22
20260815_171300_5b901c,2020-11-11,600223.SH,3100,3100,19.514256,21.113946,4959.039,23
20260815_171300_5b901c,2020-11-12,600223.SH,3100,3100,19.514256,21.300136,5536.228,24
20260815_171300_5b901c,2020-11-13,600223.SH,3100,3100,19.514256,22.380038,8883.9242,25
20260815_171300_5b901c,2020-11-16,600223.SH,3100,3100,19.514256,23.124798,11192.6802,26
20260815_171300_5b901c,2020-11-17,600223.SH,3100,3100,19.514256,23.255131,11596.7125,27
20260815_171300_5b901c,2020-11-18,600223.SH,3100,3100,19.514256,22.622085,9634.2699,28
20260815_171300_5b901c,2020-11-19,600223.SH,3100,3100,19.514256,22.082134,7960.4218,29
20260815_171300_5b901c,2020-11-20,600223.SH,3100,3100,19.514256,21.933182,7498.6706,30
20260815_171300_5b901c,2020-11-23,600223.SH,3100,3100,19.514256,21.914563,7440.9517,31
20260815_171300_5b901c,2020-11-24,600223.SH,3100,3100,19.514256,20.816042,4035.5366,32
20260815_171300_5b901c,2020-11-25,600223.SH,3100,3100,19.514256,20.834661,4093.2555,33
20260815_171300_5b901c,2020-11-26,600223.SH,3100,3100,19.514256,20.387805,2708.0019,34
20260815_171300_5b901c,2020-11-27,600223.SH,3100,3100,19.514256,20.443662,2881.1586,35
20260815_171300_5b901c,2020-11-30,600223.SH,3100,3100,19.514256,20.722947,3746.9421,36
20260815_171300_5b901c,2020-12-01,600223.SH,3100,3100,19.514256,20.778804,3920.0988,37
20260815_171300_5b901c,2020-12-02,600223.SH,3100,3100,19.514256,20.406424,2765.7208,38
20260815_171300_5b901c,2020-12-03,600223.SH,3100,3100,19.514256,20.164377,2015.3751,39
20260815_171300_5b901c,2020-12-04,600223.SH,3100,3100,19.514256,20.350567,2592.5641,40
20260815_171300_5b901c,2020-12-07,600223.SH,3100,3100,19.514256,20.4809,2996.5964,41
20260815_171300_5b901c,2020-12-08,600223.SH,3100,3100,19.514256,20.760185,3862.3799,42
20260815_171300_5b901c,2020-12-09,600223.SH,3100,3100,19.514256,20.127139,1899.9373,43
20260815_171300_5b901c,2020-12-10,600223.SH,3100,3100,19.514256,20.797423,3977.8177,44
20260815_171300_5b901c,2020-12-11,600223.SH,3100,3100,19.514256,21.132565,5016.7579,45
20260815_171300_5b901c,2020-12-14,600223.SH,3100,3100,19.514256,22.193848,8306.7352,46
20260815_171300_5b901c,2020-12-15,600223.SH,3100,3100,19.514256,21.486326,6113.417,47
20260815_171300_5b901c,2020-12-16,600223.SH,3100,3100,19.514256,21.22566,5305.3524,48
20260815_171300_5b901c,2020-12-17,600223.SH,3100,3100,19.514256,21.802849,7094.6383,49
20260815_171300_5b901c,2020-12-18,600223.SH,3100,3100,19.514256,21.374612,5767.1036,50
20260815_171300_5b901c,2020-12-21,600223.SH,3100,3100,19.514256,21.002232,4612.7256,51
20260815_171300_5b901c,2020-12-22,600223.SH,3100,3100,19.514256,18.898285,-1909.5101,52
20260815_171300_5b901c,2020-12-23,600223.SH,3100,3100,19.514256,17.148099,-7335.0867,53
20260815_171300_5b901c,2021-04-02,000816.SZ,200,0,22.908906,23.0265,23.5188,1
20260815_171300_5b901c,2021-04-02,603915.SH,100,0,39.319447,40.803,148.3553,1
20260815_171300_5b901c,2021-04-02,603906.SH,100,0,45.211255,44.9328,-27.8455,1
20260815_171300_5b901c,2021-04-06,000816.SZ,200,200,22.908906,23.392,96.6188,2
20260815_171300_5b901c,2021-04-06,603915.SH,100,100,39.319447,41.209,188.9553,2
20260815_171300_5b901c,2021-04-06,603906.SH,100,100,45.211255,44.3704,-84.0855,2
20260815_171300_5b901c,2021-04-07,000816.SZ,200,200,22.908906,23.9768,213.5788,3
20260815_171300_5b901c,2021-04-07,603915.SH,100,100,39.319447,40.1534,83.3953,3
20260815_171300_5b901c,2021-04-07,603906.SH,100,100,45.211255,43.6008,-161.0455,3
20260815_171300_5b901c,2021-04-08,000816.SZ,200,200,22.908906,23.9037,198.9588,4
20260815_171300_5b901c,2021-04-08,603915.SH,100,100,39.319447,40.1331,81.3653,4
20260815_171300_5b901c,2021-04-08,603906.SH,100,100,45.211255,43.1864,-202.4855,4
20260815_171300_5b901c,2021-04-09,000816.SZ,200,200,22.908906,23.392,96.6188,5
20260815_171300_5b901c,2021-04-09,603915.SH,100,100,39.319447,39.382,6.2553,5
20260815_171300_5b901c,2021-04-09,603906.SH,100,100,45.211255,43.6452,-156.6055,5
20260815_171300_5b901c,2021-04-12,000816.SZ,200,200,22.908906,22.8803,-5.7212,6
20260815_171300_5b901c,2021-04-12,603915.SH,100,100,39.319447,37.74785,-157.1597,6
20260815_171300_5b901c,2021-04-12,603906.SH,100,100,45.211255,46.2056,99.4345,6
20260815_171300_5b901c,2021-04-13,000816.SZ,200,200,22.908906,23.1727,52.7588,7
20260815_171300_5b901c,2021-04-13,603915.SH,100,100,39.319447,38.2046,-111.4847,7
20260815_171300_5b901c,2021-04-13,603906.SH,100,100,45.211255,45.88,66.8745,7
20260815_171300_5b901c,2021-04-14,000816.SZ,200,200,22.908906,23.0996,38.1388,8
20260815_171300_5b901c,2021-04-14,603915.SH,100,100,39.319447,39.02675,-29.2697,8
20260815_171300_5b901c,2021-04-14,603906.SH,100,100,45.211255,46.0132,80.1945,8
20260815_171300_5b901c,2021-04-15,000816.SZ,200,200,22.908906,22.8803,-5.7212,9
20260815_171300_5b901c,2021-04-15,603915.SH,100,100,39.319447,39.57485,25.5403,9
20260815_171300_5b901c,2021-04-15,603906.SH,100,100,45.211255,46.0132,80.1945,9
20260815_171300_5b901c,2021-04-16,000816.SZ,200,200,22.908906,23.1727,52.7588,10
20260815_171300_5b901c,2021-04-16,603915.SH,100,100,39.319447,39.06735,-25.2097,10
20260815_171300_5b901c,2021-04-16,603906.SH,100,100,45.211255,45.658,44.6745,10
20260815_171300_5b901c,2021-04-19,000816.SZ,200,200,22.908906,23.5382,125.8588,11
20260815_171300_5b901c,2021-04-19,603915.SH,100,100,39.319447,39.20945,-10.9997,11
20260815_171300_5b901c,2021-04-19,603906.SH,100,100,45.211255,47.7004,248.9145,11
20260815_171300_5b901c,2021-04-20,000816.SZ,200,200,22.908906,23.4651,111.2388,12
20260815_171300_5b901c,2021-04-20,603915.SH,100,100,39.319447,40.69135,137.1903,12
20260815_171300_5b901c,2021-04-20,603906.SH,100,100,45.211255,47.9224,271.1145,12
20260815_171300_5b901c,2021-04-21,000816.SZ,200,200,22.908906,23.0996,38.1388,13
20260815_171300_5b901c,2021-04-21,603915.SH,100,100,39.319447,40.9857,166.6253,13
20260815_171300_5b901c,2021-04-21,603906.SH,100,100,45.211255,48.9288,371.7545,13
20260815_171300_5b901c,2021-04-22,000816.SZ,200,200,22.908906,23.0265,23.5188,14
20260815_171300_5b901c,2021-04-22,603915.SH,100,100,39.319447,39.4023,8.2853,14
20260815_171300_5b901c,2021-04-22,603906.SH,100,100,45.211255,50.7788,556.7545,14
20260815_171300_5b901c,2021-04-23,000816.SZ,200,200,22.908906,23.3189,81.9988,15
20260815_171300_5b901c,2021-04-23,603915.SH,100,100,39.319447,40.5594,123.9953,15
20260815_171300_5b901c,2021-04-23,603906.SH,100,100,45.211255,50.394,518.2745,15
20260815_171300_5b901c,2021-04-26,000816.SZ,200,200,22.908906,22.8803,-5.7212,16
20260815_171300_5b901c,2021-04-26,603915.SH,100,100,39.319447,40.32595,100.6503,16
20260815_171300_5b901c,2021-04-26,603906.SH,100,100,45.211255,47.36,214.8745,16
20260815_171300_5b901c,2021-04-27,000816.SZ,200,200,22.908906,22.8072,-20.3412,17
20260815_171300_5b901c,2021-04-27,603915.SH,100,100,39.319447,41.25975,194.0303,17
20260815_171300_5b901c,2021-04-27,603906.SH,100,100,45.211255,46.1316,92.0345,17
20260815_171300_5b901c,2021-04-28,000816.SZ,200,200,22.908906,22.5879,-64.2012,18
20260815_171300_5b901c,2021-04-28,603915.SH,100,100,39.319447,39.585,26.5553,18
20260815_171300_5b901c,2021-04-28,603906.SH,100,100,45.211255,45.0808,-13.0455,18
20260815_171300_5b901c,2021-04-29,000816.SZ,200,200,22.908906,22.4417,-93.4412,19
20260815_171300_5b901c,2021-04-29,603915.SH,100,100,39.319447,39.35155,3.2103,19
20260815_171300_5b901c,2021-04-29,603906.SH,100,100,45.211255,45.9096,69.8345,19
20260815_171300_5b901c,2021-04-30,000816.SZ,200,200,22.908906,22.2224,-137.3012,20
20260815_171300_5b901c,2021-04-30,603915.SH,100,100,39.319447,39.7677,44.8253,20
20260815_171300_5b901c,2021-04-30,603906.SH,100,100,45.211255,46.0724,86.1145,20
20260815_171300_5b901c,2021-05-06,000816.SZ,200,200,22.908906,22.3686,-108.0612,21
20260815_171300_5b901c,2021-05-06,603915.SH,100,100,39.319447,38.94555,-37.3897,21
20260815_171300_5b901c,2021-05-06,603906.SH,100,100,45.211255,44.0448,-116.6455,21
20260815_171300_5b901c,2021-05-07,000816.SZ,200,200,22.908906,22.5879,-64.2012,22
20260815_171300_5b901c,2021-05-07,603915.SH,100,100,39.319447,37.11855,-220.0897,22
20260815_171300_5b901c,2021-05-07,603906.SH,100,100,45.211255,42.7868,-242.4455,22
20260815_171300_5b901c,2021-05-10,000816.SZ,200,200,22.908906,22.3686,-108.0612,23
20260815_171300_5b901c,2021-05-10,603915.SH,100,100,39.319447,36.08325,-323.6197,23
20260815_171300_5b901c,2021-05-10,603906.SH,100,100,45.211255,41.55405,-365.7205,23
20260815_171300_5b901c,2021-05-11,000816.SZ,2300,200,22.441118,22.2224,-503.0514,24
20260815_171300_5b901c,2021-05-12,000816.SZ,2300,2300,22.441118,23.1727,1682.6386,25
20260815_171300_5b901c,2021-05-13,000816.SZ,2300,2300,22.441118,22.4417,1.3386,26
20260815_171300_5b901c,2021-05-14,000816.SZ,2300,2300,22.441118,22.4417,1.3386,27
20260815_171300_5b901c,2021-05-17,000816.SZ,2300,2300,22.441118,22.2955,-334.9214,28
20260815_171300_5b901c,2021-05-18,000816.SZ,2300,2300,22.441118,22.2955,-334.9214,29
20260815_171300_5b901c,2021-05-19,000816.SZ,2300,2300,22.441118,22.2955,-334.9214,30
20260815_171300_5b901c,2021-05-20,000816.SZ,2300,2300,22.441118,22.2955,-334.9214,31
20260815_171300_5b901c,2021-05-21,000816.SZ,2300,2300,22.441118,22.2955,-334.9214,32
20260815_171300_5b901c,2021-05-24,000816.SZ,2300,2300,22.441118,22.2955,-334.9214,33
20260815_171300_5b901c,2021-05-25,000816.SZ,2300,2300,22.441118,22.2955,-334.9214,34
20260815_171300_5b901c,2021-05-26,000816.SZ,2300,2300,22.441118,22.5148,169.4686,35
20260815_171300_5b901c,2021-05-27,000816.SZ,2300,2300,22.441118,22.2955,-334.9214,36
20260815_171300_5b901c,2021-05-28,000816.SZ,2300,2300,22.441118,22.1493,-671.1814,37
20260815_171300_5b901c,2021-05-31,000816.SZ,2300,2300,22.441118,22.0762,-839.3114,38
20260815_171300_5b901c,2021-06-01,000816.SZ,2300,2300,22.441118,22.1493,-671.1814,39
20260815_171300_5b901c,2021-06-02,000816.SZ,2300,2300,22.441118,22.2955,-334.9214,40
20260815_171300_5b901c,2021-06-03,000816.SZ,2300,2300,22.441118,22.1493,-671.1814,41
20260815_171300_5b901c,2021-06-04,000816.SZ,2300,2300,22.441118,22.2224,-503.0514,42
20260815_171300_5b901c,2021-06-07,000816.SZ,2300,2300,22.441118,22.0031,-1007.4414,43
20260815_171300_5b901c,2021-06-08,000816.SZ,2300,2300,22.441118,21.7107,-1679.9614,44
20260815_171300_5b901c,2021-06-09,000816.SZ,2300,2300,22.441118,21.7107,-1679.9614,45
20260815_171300_5b901c,2021-06-10,000816.SZ,2300,2300,22.441118,21.4183,-2352.4814,46
20260815_171300_5b901c,2021-06-11,000816.SZ,2300,2300,22.441118,21.1259,-3025.0014,47
20260815_171300_5b901c,2021-06-15,000816.SZ,2300,2300,22.441118,20.6873,-4033.7814,48
20260815_171300_5b901c,2021-06-16,000816.SZ,2300,2300,22.441118,20.0294,-5546.9514,49
20260815_171300_5b901c,2021-07-02,601919.SH,100,0,31.276905,31.97838,70.1475,1
20260815_171300_5b901c,2021-07-02,600189.SH,100,0,30.743749,30.4584,-28.5349,1
20260815_171300_5b901c,2021-07-02,000155.SZ,200,0,20.849074,22.07744,245.6732,1
20260815_171300_5b901c,2021-07-05,601919.SH,100,100,31.276905,31.7072,43.0295,2
20260815_171300_5b901c,2021-07-05,600189.SH,100,100,30.743749,31.11696,37.3211,2
20260815_171300_5b901c,2021-07-05,000155.SZ,200,200,20.849074,23.7552,581.2252,2
20260815_171300_5b901c,2021-07-06,601919.SH,100,100,31.276905,32.27042,99.3515,3
20260815_171300_5b901c,2021-07-06,600189.SH,100,100,30.743749,31.36392,62.0171,3
20260815_171300_5b901c,2021-07-06,000155.SZ,200,200,20.849074,22.51648,333.4812,3
20260815_171300_5b901c,2021-07-07,601919.SH,100,100,31.276905,34.0018,272.4895,4
20260815_171300_5b901c,2021-07-07,600189.SH,100,100,30.743749,32.62616,188.2411,4
20260815_171300_5b901c,2021-07-07,000155.SZ,200,200,20.849074,23.73952,578.0892,4
20260815_171300_5b901c,2021-07-08,601919.SH,100,100,31.276905,32.36429,108.7385,5
20260815_171300_5b901c,2021-07-08,600189.SH,100,100,30.743749,32.04992,130.6171,5
20260815_171300_5b901c,2021-07-08,000155.SZ,200,200,20.849074,23.81792,593.7692,5
20260815_171300_5b901c,2021-07-09,601919.SH,100,100,31.276905,30.0384,-123.8505,6
20260815_171300_5b901c,2021-07-09,600189.SH,100,100,30.743749,31.44624,70.2491,6
20260815_171300_5b901c,2021-07-09,000155.SZ,200,200,20.849074,24.97824,825.8332,6
20260815_171300_5b901c,2021-07-12,601919.SH,100,100,31.276905,30.98753,-28.9375,7
20260815_171300_5b901c,2021-07-12,600189.SH,100,100,30.743749,31.1444,40.0651,7
20260815_171300_5b901c,2021-07-12,000155.SZ,200,200,20.849074,26.98528,1227.2412,7
20260815_171300_5b901c,2021-07-13,601919.SH,100,100,31.276905,32.20784,93.0935,8
20260815_171300_5b901c,2021-07-13,600189.SH,100,100,30.743749,31.6932,94.9451,8
20260815_171300_5b901c,2021-07-13,000155.SZ,200,200,20.849074,29.68224,1766.6332,8
20260815_171300_5b901c,2021-07-14,601919.SH,100,100,31.276905,31.40496,12.8055,9
20260815_171300_5b901c,2021-07-14,600189.SH,100,100,30.743749,32.26944,152.5691,9
20260815_171300_5b901c,2021-07-14,000155.SZ,200,200,20.849074,27.37728,1305.6412,9
20260815_171300_5b901c,2021-07-15,601919.SH,100,100,31.276905,29.4252,-185.1705,10
20260815_171300_5b901c,2021-07-15,600189.SH,100,100,30.743749,31.4188,67.5051,10
20260815_171300_5b901c,2021-07-15,000155.SZ,200,200,20.849074,28.02016,1434.2172,10
20260815_171300_5b901c,2021-07-16,601919.SH,100,100,31.276905,29.2218,-205.5105,11
20260815_171300_5b901c,2021-07-16,600189.SH,100,100,30.743749,30.67792,-6.5829,11
20260815_171300_5b901c,2021-07-16,000155.SZ,200,200,20.849074,28.55328,1540.8412,11
20260815_171300_5b901c,2021-07-19,601919.SH,100,100,31.276905,30.171,-110.5905,12
20260815_171300_5b901c,2021-07-19,600189.SH,100,100,30.743749,30.37608,-36.7669,12
20260815_171300_5b901c,2021-07-19,000155.SZ,200,200,20.849074,27.11072,1252.3292,12
20260815_171300_5b901c,2021-07-20,601919.SH,100,100,31.276905,29.27604,-200.0865,13
20260815_171300_5b901c,2021-07-20,600189.SH,100,100,30.743749,31.33648,59.2731,13
20260815_171300_5b901c,2021-07-20,000155.SZ,200,200,20.849074,29.82336,1794.8572,13
20260815_171300_5b901c,2021-07-21,601919.SH,100,100,31.276905,28.59804,-267.8865,14
20260815_171300_5b901c,2021-07-21,600189.SH,100,100,30.743749,30.84256,9.8811,14
20260815_171300_5b901c,2021-07-21,000155.SZ,200,200,20.849074,31.9088,2211.9452,14
20260815_171300_5b901c,2021-07-22,600189.SH,800,100,30.719709,30.65048,-55.3832,15
20260815_171300_5b901c,2021-07-22,000155.SZ,700,200,29.293218,32.95936,2566.2994,15
20260815_171300_5b901c,2021-07-23,600189.SH,800,800,30.719709,29.96448,-604.1832,16
20260815_171300_5b901c,2021-07-23,000155.SZ,700,700,29.293218,33.17888,2719.9634,16
20260815_171300_5b901c,2021-07-26,600189.SH,800,800,30.719709,27.76928,-2360.3432,17
20260815_171300_5b901c,2021-07-26,000155.SZ,700,700,29.293218,34.13536,3389.4994,17
20260815_171300_5b901c,2021-07-27,000155.SZ,1400,700,31.539383,30.71712,-1151.1682,18
20260815_171300_5b901c,2021-07-28,000155.SZ,1400,1400,31.539383,29.4,-2995.1362,19
20260815_171300_5b901c,2021-07-29,000155.SZ,1400,1400,31.539383,30.70144,-1173.1202,20
20260815_171300_5b901c,2021-07-30,000155.SZ,1400,1400,31.539383,32.75552,1702.5918,21
20260815_171300_5b901c,2021-08-02,000155.SZ,1400,1400,31.539383,32.6144,1505.0238,22
20260815_171300_5b901c,2021-08-03,000155.SZ,1400,1400,31.539383,31.36,-251.1362,23
20260815_171300_5b901c,2021-08-04,000155.SZ,1400,1400,31.539383,34.496,4139.2638,24
20260815_171300_5b901c,2021-08-05,000155.SZ,1400,1400,31.539383,37.9456,8968.7038,25
20260815_171300_5b901c,2021-08-06,000155.SZ,1400,1400,31.539383,39.84288,11624.8958,26
20260815_171300_5b901c,2021-08-09,000155.SZ,1400,1400,31.539383,37.67904,8595.5198,27
20260815_171300_5b901c,2021-08-10,000155.SZ,1400,1400,31.539383,39.09024,10571.1998,28
20260815_171300_5b901c,2021-08-11,000155.SZ,1400,1400,31.539383,41.03456,13293.2478,29
20260815_171300_5b901c,2021-08-12,000155.SZ,1400,1400,31.539383,40.09376,11976.1278,30
20260815_171300_5b901c,2021-08-13,000155.SZ,1400,1400,31.539383,43.12,16212.8638,31
20260815_171300_5b901c,2021-08-16,000155.SZ,1400,1400,31.539383,39.10592,10593.1518,32
20260815_171300_5b901c,2021-08-17,000155.SZ,1400,1400,31.539383,37.4752,8310.1438,33
20260815_171300_5b901c,2021-08-18,000155.SZ,1400,1400,31.539383,37.8672,8858.9438,34
20260815_171300_5b901c,2021-08-19,000155.SZ,1400,1400,31.539383,40.57984,12656.6398,35
20260815_171300_5b901c,2021-08-20,000155.SZ,1400,1400,31.539383,44.64096,18342.2078,36
20260815_171300_5b901c,2021-08-23,000155.SZ,1400,1400,31.539383,47.16544,21876.4798,37
20260815_171300_5b901c,2021-08-24,000155.SZ,1400,1400,31.539383,48.4512,23676.5438,38
20260815_171300_5b901c,2021-08-25,000155.SZ,1400,1400,31.539383,52.3712,29164.5438,39
20260815_171300_5b901c,2021-08-26,000155.SZ,1400,1400,31.539383,49.68992,25410.7518,40
20260815_171300_5b901c,2021-08-27,000155.SZ,1400,1400,31.539383,54.03328,31491.4558,41
20260815_171300_5b901c,2021-08-30,000155.SZ,1400,1400,31.539383,51.72832,28264.5118,42
20260815_171300_5b901c,2021-08-31,000155.SZ,1400,1400,31.539383,54.3312,31908.5438,43
20260815_171300_5b901c,2021-09-01,000155.SZ,1400,1400,31.539383,51.30496,27671.8078,44
20260815_171300_5b901c,2021-09-02,000155.SZ,1400,1400,31.539383,52.96704,29998.7198,45
20260815_171300_5b901c,2021-09-03,000155.SZ,1400,1400,31.539383,47.96512,22996.0318,46
20260815_171300_5b901c,2021-09-06,000155.SZ,1400,1400,31.539383,45.58176,19659.3278,47
20260815_171300_5b901c,2021-09-07,000155.SZ,1400,1400,31.539383,46.4128,20822.7838,48
20260815_171300_5b901c,2021-09-08,000155.SZ,1400,1400,31.539383,49.50176,25147.3278,49
20260815_171300_5b901c,2021-09-09,000155.SZ,1400,1400,31.539383,51.38336,27781.5678,50
20260815_171300_5b901c,2021-09-10,000155.SZ,1400,1400,31.539383,54.096,31579.2638,51
20260815_171300_5b901c,2021-09-13,000155.SZ,1400,1400,31.539383,58.65888,37967.2958,52
20260815_171300_5b901c,2021-09-14,000155.SZ,1400,1400,31.539383,56.448,34872.0638,53
20260815_171300_5b901c,2021-09-15,000155.SZ,1400,1400,31.539383,56.84,35420.8638,54
20260815_171300_5b901c,2021-09-16,000155.SZ,1400,1400,31.539383,53.21792,30349.9518,55
20260815_171300_5b901c,2021-09-17,000155.SZ,1400,1400,31.539383,58.53344,37791.6798,56
20260815_171300_5b901c,2021-09-22,000155.SZ,1400,1400,31.539383,56.9184,35530.6238,57
20260815_171300_5b901c,2021-09-23,000155.SZ,1400,1400,31.539383,58.00032,37045.3118,58
20260815_171300_5b901c,2021-09-24,000155.SZ,1400,1400,31.539383,55.4288,33445.1838,59
20260815_171300_5b901c,2021-09-27,000155.SZ,1400,1400,31.539383,49.89376,25696.1278,60
20260815_171300_5b901c,2021-09-28,000155.SZ,1400,1400,31.539383,45.472,19505.6638,61
20260815_171300_5b901c,2021-09-29,000155.SZ,1400,1400,31.539383,42.1008,14785.9838,62
20260815_171300_5b901c,2021-09-30,000155.SZ,1400,1400,31.539383,45.08,18956.8638,63
20260815_171300_5b901c,2021-10-08,000155.SZ,1400,1400,31.539383,42.336,15115.2638,64
20260815_171300_5b901c,2021-10-11,601208.SH,100,0,46.299984,45.97658,-32.3404,1
20260815_171300_5b901c,2021-10-11,603025.SH,100,0,71.296027,68.93297,-236.3057,1
20260815_171300_5b901c,2021-10-11,601058.SH,100,0,61.091124,64.16366,307.2536,1
20260815_171300_5b901c,2021-10-11,603100.SH,300,0,20.634566,20.498,-40.9698,1
20260815_171300_5b901c,2021-10-12,601208.SH,100,100,46.299984,44.67814,-162.1844,2
20260815_171300_5b901c,2021-10-12,603025.SH,100,100,71.296027,66.08469,-521.1337,2
20260815_171300_5b901c,2021-10-12,601058.SH,100,100,61.091124,62.82154,173.0416,2
20260815_171300_5b901c,2021-10-12,603100.SH,300,300,20.634566,19.89968,-220.4658,2
20260815_171300_5b901c,2021-10-13,601208.SH,100,100,46.299984,47.33404,103.4056,3
20260815_171300_5b901c,2021-10-13,603025.SH,100,100,71.296027,68.03714,-325.8887,3
20260815_171300_5b901c,2021-10-13,601058.SH,100,100,61.091124,64.47338,338.2256,3
20260815_171300_5b901c,2021-10-13,603100.SH,300,300,20.634566,20.37612,-77.5338,3
20260815_171300_5b901c,2021-10-14,601208.SH,100,100,46.299984,47.06845,76.8466,4
20260815_171300_5b901c,2021-10-14,603025.SH,100,100,71.296027,68.33575,-296.0277,4
20260815_171300_5b901c,2021-10-14,601058.SH,100,100,61.091124,61.47942,38.8296,4
20260815_171300_5b901c,2021-10-14,603100.SH,300,300,20.634566,20.78608,45.4542,4
20260815_171300_5b901c,2021-10-15,601208.SH,100,100,46.299984,47.03894,73.8956,5
20260815_171300_5b901c,2021-10-15,603025.SH,100,100,71.296027,70.58681,-70.9217,5
20260815_171300_5b901c,2021-10-15,601058.SH,100,100,61.091124,64.62824,353.7116,5
20260815_171300_5b901c,2021-10-15,603100.SH,300,300,20.634566,20.52016,-34.3218,5
20260815_171300_5b901c,2021-10-18,601208.SH,100,100,46.299984,44.38304,-191.6944,6
20260815_171300_5b901c,2021-10-18,603025.SH,100,100,71.296027,66.72785,-456.8177,6
20260815_171300_5b901c,2021-10-18,601058.SH,100,100,61.091124,68.08678,699.5656,6
20260815_171300_5b901c,2021-10-18,603100.SH,300,300,20.634566,20.39828,-70.8858,6
20260815_171300_5b901c,2021-10-19,601208.SH,100,100,46.299984,42.7895,-351.0484,7
20260815_171300_5b901c,2021-10-19,603025.SH,100,100,71.296027,66.79676,-449.9267,7
20260815_171300_5b901c,2021-10-19,601058.SH,100,100,61.091124,67.00276,591.1636,7
20260815_171300_5b901c,2021-10-19,603100.SH,300,300,20.634566,20.5534,-24.3498,7
20260815_171300_5b901c,2021-10-20,601208.SH,100,100,46.299984,42.93705,-336.2934,8
20260815_171300_5b901c,2021-10-20,603025.SH,100,100,71.296027,66.19954,-509.6487,8
20260815_171300_5b901c,2021-10-20,601058.SH,100,100,61.091124,66.0736,498.2476,8
20260815_171300_5b901c,2021-10-20,603100.SH,300,300,20.634566,20.37612,-77.5338,8
20260815_171300_5b901c,2021-10-21,601208.SH,100,100,46.299984,41.28449,-501.5494,9
20260815_171300_5b901c,2021-10-21,603025.SH,100,100,71.296027,65.53341,-576.2617,9
20260815_171300_5b901c,2021-10-21,601058.SH,100,100,61.091124,69.48052,838.9396,9
20260815_171300_5b901c,2021-10-21,603100.SH,300,300,20.634566,20.06588,-170.6058,9
20260815_171300_5b901c,2021-10-22,601058.SH,400,100,68.146064,72.268,1648.7744,10
20260815_171300_5b901c,2021-10-22,603100.SH,1400,300,20.120287,19.58944,-743.1858,10
20260815_171300_5b901c,2021-10-25,601058.SH,400,400,68.146064,75.3652,2887.6544,11
20260815_171300_5b901c,2021-10-25,603100.SH,1400,1400,20.120287,20.221,140.9982,11
20260815_171300_5b901c,2021-10-26,601058.SH,400,400,68.146064,72.57772,1772.6624,12
20260815_171300_5b901c,2021-10-26,603100.SH,1400,1400,20.120287,19.81104,-432.9458,12
20260815_171300_5b901c,2021-10-27,601058.SH,400,400,68.146064,71.90666,1504.2384,13
20260815_171300_5b901c,2021-10-27,603100.SH,1400,1400,20.120287,19.31244,-1130.9858,13
20260815_171300_5b901c,2021-10-28,601058.SH,400,400,68.146064,70.56454,967.3904,14
20260815_171300_5b901c,2021-10-28,603100.SH,1400,1400,20.120287,18.43712,-2356.4338,14
20260815_171300_5b901c,2021-10-29,601058.SH,800,400,69.270202,69.1708,-79.5216,15
20260815_171300_5b901c,2021-11-01,601058.SH,800,800,69.270202,73.76498,3595.8224,16
20260815_171300_5b901c,2021-11-02,601058.SH,800,800,69.270202,75.41682,4917.2944,17
20260815_171300_5b901c,2021-11-03,601058.SH,800,800,69.270202,75.72654,5165.0704,18
20260815_171300_5b901c,2021-11-04,601058.SH,800,800,69.270202,79.03022,7808.0144,19
20260815_171300_5b901c,2021-11-05,601058.SH,800,800,69.270202,77.27514,6403.9504,20
20260815_171300_5b901c,2021-11-08,601058.SH,800,800,69.270202,78.77212,7601.5344,21
20260815_171300_5b901c,2021-11-09,601058.SH,800,800,69.270202,82.54038,10616.1424,22
20260815_171300_5b901c,2021-11-10,601058.SH,800,800,69.270202,74.28118,4008.7824,23
20260815_171300_5b901c,2021-11-11,601058.SH,800,800,69.270202,73.61012,3471.9344,24
20260815_171300_5b901c,2021-11-12,601058.SH,800,800,69.270202,78.2043,7147.2784,25
20260815_171300_5b901c,2021-11-15,601058.SH,800,800,69.270202,77.63648,6693.0224,26
20260815_171300_5b901c,2021-11-16,601058.SH,800,800,69.270202,69.89348,498.6224,27
20260815_171300_5b901c,2021-11-17,601058.SH,800,800,69.270202,76.86218,6073.5824,28
20260815_171300_5b901c,2021-11-18,601058.SH,800,800,69.270202,76.9138,6114.8784,29
20260815_171300_5b901c,2021-11-19,601058.SH,800,800,69.270202,74.5909,4256.5584,30
20260815_171300_5b901c,2021-11-22,601058.SH,800,800,69.270202,72.57772,2646.0144,31
20260815_171300_5b901c,2021-11-23,601058.SH,800,800,69.270202,70.15158,705.1024,32
20260815_171300_5b901c,2021-11-24,601058.SH,800,800,69.270202,70.7194,1159.3584,33
20260815_171300_5b901c,2021-11-25,601058.SH,800,800,69.270202,70.92588,1324.5424,34
20260815_171300_5b901c,2021-11-26,601058.SH,800,800,69.270202,72.06152,2233.0544,35
20260815_171300_5b901c,2021-11-29,601058.SH,800,800,69.270202,72.21638,2356.9424,36
20260815_171300_5b901c,2021-11-30,601058.SH,800,800,69.270202,71.80342,2026.5744,37
20260815_171300_5b901c,2021-12-01,601058.SH,800,800,69.270202,69.63538,292.1424,38
20260815_171300_5b901c,2021-12-02,601058.SH,800,800,69.270202,69.22242,-38.2256,39
20260815_171300_5b901c,2021-12-03,601058.SH,800,800,69.270202,69.27404,3.0704,40
20260815_171300_5b901c,2021-12-06,601058.SH,800,800,69.270202,70.40968,911.5824,41
20260815_171300_5b901c,2021-12-07,601058.SH,800,800,69.270202,71.7518,1985.2784,42
20260815_171300_5b901c,2021-12-08,601058.SH,800,800,69.270202,75.00386,4586.9264,43
20260815_171300_5b901c,2021-12-09,601058.SH,800,800,69.270202,72.16476,2315.6464,44
20260815_171300_5b901c,2021-12-10,601058.SH,800,800,69.270202,75.26196,4793.4064,45
20260815_171300_5b901c,2021-12-13,601058.SH,800,800,69.270202,76.1395,5495.4384,46
20260815_171300_5b901c,2021-12-14,601058.SH,800,800,69.270202,73.3004,3224.1584,47
20260815_171300_5b901c,2021-12-15,601058.SH,800,800,69.270202,72.57772,2646.0144,48
20260815_171300_5b901c,2021-12-16,601058.SH,800,800,69.270202,73.97146,3761.0064,49
20260815_171300_5b901c,2021-12-17,601058.SH,800,800,69.270202,73.19716,3141.5664,50
20260815_171300_5b901c,2021-12-20,601058.SH,800,800,69.270202,72.42286,2522.1264,51
20260815_171300_5b901c,2021-12-21,601058.SH,800,800,69.270202,73.8166,3637.1184,52
20260815_171300_5b901c,2021-12-22,601058.SH,800,800,69.270202,77.99782,6982.0944,53
20260815_171300_5b901c,2021-12-23,601058.SH,800,800,69.270202,78.61726,7477.6464,54
20260815_171300_5b901c,2021-12-24,601058.SH,800,800,69.270202,74.3328,4050.0784,55
20260815_171300_5b901c,2021-12-27,601058.SH,800,800,69.270202,73.76498,3595.8224,56
20260815_171300_5b901c,2021-12-28,601058.SH,800,800,69.270202,73.45526,3348.0464,57
20260815_171300_5b901c,2021-12-29,601058.SH,800,800,69.270202,74.48766,4173.9664,58
20260815_171300_5b901c,2021-12-30,601058.SH,800,800,69.270202,73.66174,3513.2304,59
20260815_171300_5b901c,2021-12-31,601058.SH,800,800,69.270202,76.34598,5660.6224,60
20260815_171300_5b901c,2022-01-04,601058.SH,800,800,69.270202,74.48766,4173.9664,61
20260815_171300_5b901c,2022-01-05,603098.SH,100,0,58.70981,54.8535,-385.631,1
20260815_171300_5b901c,2022-01-05,600096.SH,100,0,47.623227,46.42894,-119.4287,1
20260815_171300_5b901c,2022-01-05,000155.SZ,100,0,38.715223,37.67904,-103.6183,1
20260815_171300_5b901c,2022-01-06,603098.SH,100,100,58.70981,54.3491,-436.071,2
20260815_171300_5b901c,2022-01-06,600096.SH,100,100,47.623227,47.71178,8.8553,2
20260815_171300_5b901c,2022-01-06,000155.SZ,100,100,38.715223,38.40032,-31.4903,2
20260815_171300_5b901c,2022-01-07,603098.SH,100,100,58.70981,53.22681,-548.3,3
20260815_171300_5b901c,2022-01-07,600096.SH,100,100,47.623227,46.35493,-126.8297,3
20260815_171300_5b901c,2022-01-07,000155.SZ,100,100,38.715223,36.91072,-180.4503,3
20260815_171300_5b901c,2022-01-10,600096.SH,600,100,46.244096,46.57696,199.7184,4
20260815_171300_5b901c,2022-01-10,000155.SZ,700,100,37.208061,37.09888,-76.4267,4
20260815_171300_5b901c,2022-01-11,600096.SH,600,600,46.244096,51.23959,2997.2964,5
20260815_171300_5b901c,2022-01-11,000155.SZ,700,700,37.208061,35.60928,-1119.1467,5
20260815_171300_5b901c,2022-01-12,600096.SH,600,600,46.244096,50.40081,2494.0284,6
20260815_171300_5b901c,2022-01-12,000155.SZ,700,700,37.208061,36.3776,-581.3227,6
20260815_171300_5b901c,2022-01-13,600096.SH,600,600,46.244096,48.27919,1221.0564,7
20260815_171300_5b901c,2022-01-13,000155.SZ,700,700,37.208061,36.65984,-383.7547,7
20260815_171300_5b901c,2022-01-14,600096.SH,600,600,46.244096,47.14437,540.1644,8
20260815_171300_5b901c,2022-01-14,000155.SZ,700,700,37.208061,35.93856,-888.6507,8
20260815_171300_5b901c,2022-01-17,600096.SH,600,600,46.244096,47.51442,762.1944,9
20260815_171300_5b901c,2022-01-17,000155.SZ,700,700,37.208061,35.78176,-998.4107,9
20260815_171300_5b901c,2022-01-18,600096.SH,600,600,46.244096,46.82366,347.7384,10
20260815_171300_5b901c,2022-01-18,000155.SZ,700,700,37.208061,36.03264,-822.7947,10
20260815_171300_5b901c,2022-01-19,600096.SH,600,600,46.244096,45.68884,-333.1536,11
20260815_171300_5b901c,2022-01-19,000155.SZ,700,700,37.208061,33.97856,-2260.6507,11
20260815_171300_5b901c,2022-01-20,600096.SH,1200,600,45.945627,44.45534,-1788.3444,12
20260815_171300_5b901c,2022-01-21,600096.SH,1200,1200,45.945627,43.71524,-2676.4644,13
20260815_171300_5b901c,2022-01-24,600096.SH,1200,1200,45.945627,45.36813,-692.9964,14
20260815_171300_5b901c,2022-01-25,600096.SH,1200,1200,45.945627,43.44387,-3002.1084,15
20260815_171300_5b901c,2022-01-26,600096.SH,1200,1200,45.945627,44.13463,-2173.1964,16
20260815_171300_5b901c,2022-01-27,600096.SH,1200,1200,45.945627,43.69057,-2706.0684,17
20260815_171300_5b901c,2022-01-28,600096.SH,1200,1200,45.945627,41.49494,-5340.8244,18
20260815_171300_5b901c,2022-04-06,603876.SH,100,0,36.987947,37.05352,6.5573,1
20260815_171300_5b901c,2022-04-07,603876.SH,100,100,36.987947,35.89528,-109.2667,2
20260815_171300_5b901c,2022-04-08,603876.SH,100,100,36.987947,34.98088,-200.7067,3
20260815_171300_5b901c,2022-04-11,603876.SH,100,100,36.987947,33.59912,-338.8827,4
20260815_171300_5b901c,2022-07-04,000707.SZ,100,0,50.433015,49.30674,-112.6275,1
20260815_171300_5b901c,2022-07-04,600860.SH,200,0,29.785704,30.04749,52.3572,1
20260815_171300_5b901c,2022-07-05,000707.SZ,100,100,50.433015,52.01056,157.7545,2
20260815_171300_5b901c,2022-07-05,600860.SH,200,200,29.785704,29.51597,-53.9468,2
20260815_171300_5b901c,2022-07-06,000707.SZ,100,100,50.433015,49.42826,-100.4755,3
20260815_171300_5b901c,2022-07-06,600860.SH,200,200,29.785704,28.50276,-256.5888,3
20260815_171300_5b901c,2022-07-07,000707.SZ,100,100,50.433015,49.00294,-143.0075,4
20260815_171300_5b901c,2022-07-07,600860.SH,200,200,29.785704,28.91801,-173.5388,4
20260815_171300_5b901c,2022-07-08,000707.SZ,100,100,50.433015,47.42318,-300.9835,5
20260815_171300_5b901c,2022-07-08,600860.SH,200,200,29.785704,29.00106,-156.9288,5
20260815_171300_5b901c,2022-07-11,000707.SZ,100,100,50.433015,43.41302,-701.9995,6
20260815_171300_5b901c,2022-07-11,600860.SH,200,200,29.785704,28.80174,-196.7928,6
20260815_171300_5b901c,2022-07-12,600860.SH,1700,200,29.022645,28.96784,-93.1685,7
20260815_171300_5b901c,2022-07-13,600860.SH,1700,1700,29.022645,29.01767,-8.4575,8
20260815_171300_5b901c,2022-07-14,600860.SH,1700,1700,29.022645,29.71529,1177.4965,9
20260815_171300_5b901c,2022-07-15,600860.SH,1700,1700,29.022645,28.95123,-121.4055,10
20260815_171300_5b901c,2022-07-18,600860.SH,1700,1700,29.022645,29.34987,556.2825,11
20260815_171300_5b901c,2022-07-19,600860.SH,1700,1700,29.022645,29.00106,-36.6945,12
20260815_171300_5b901c,2022-07-20,600860.SH,1700,1700,29.022645,29.16716,245.6755,13
20260815_171300_5b901c,2022-07-21,600860.SH,1700,1700,29.022645,29.66546,1092.7855,14
20260815_171300_5b901c,2022-07-22,600860.SH,1700,1700,29.022645,30.08071,1798.7105,15
20260815_171300_5b901c,2022-07-25,600860.SH,1700,1700,29.022645,31.59222,4368.2775,16
20260815_171300_5b901c,2022-07-26,600860.SH,1700,1700,29.022645,30.54579,2589.3465,17
20260815_171300_5b901c,2022-07-27,600860.SH,1700,1700,29.022645,30.41291,2363.4505,18
20260815_171300_5b901c,2022-07-28,600860.SH,1700,1700,29.022645,30.61223,2702.2945,19
20260815_171300_5b901c,2022-07-29,600860.SH,1700,1700,29.022645,29.86478,1431.6295,20
20260815_171300_5b901c,2022-08-01,600860.SH,1700,1700,29.022645,31.14375,3605.8785,21
20260815_171300_5b901c,2022-08-02,600860.SH,1700,1700,29.022645,29.74851,1233.9705,22
20260815_171300_5b901c,2022-08-03,600860.SH,1700,1700,29.022645,29.2336,358.6235,23
20260815_171300_5b901c,2022-08-04,600860.SH,1700,1700,29.022645,29.3997,640.9935,24
20260815_171300_5b901c,2022-08-05,600860.SH,1700,1700,29.022645,29.7319,1205.7335,25
20260815_171300_5b901c,2022-08-08,600860.SH,1700,1700,29.022645,29.96444,1601.0515,26
20260815_171300_5b901c,2022-08-09,600860.SH,1700,1700,29.022645,30.41291,2363.4505,27
20260815_171300_5b901c,2022-08-10,600860.SH,1700,1700,29.022645,30.5624,2617.5835,28
20260815_171300_5b901c,2022-08-11,600860.SH,1700,1700,29.022645,30.64545,2758.7685,29
20260815_171300_5b901c,2022-08-12,600860.SH,1700,1700,29.022645,30.09732,1826.9475,30
20260815_171300_5b901c,2022-08-15,600860.SH,1700,1700,29.022645,31.01087,3379.9825,31
20260815_171300_5b901c,2022-08-16,600860.SH,1700,1700,29.022645,30.64545,2758.7685,32
20260815_171300_5b901c,2022-08-17,600860.SH,1700,1700,29.022645,30.42952,2391.6875,33
20260815_171300_5b901c,2022-08-18,600860.SH,1700,1700,29.022645,30.2302,2052.8435,34
20260815_171300_5b901c,2022-08-19,600860.SH,1700,1700,29.022645,29.3997,640.9935,35
20260815_171300_5b901c,2022-08-22,600860.SH,1700,1700,29.022645,29.78173,1290.4445,36
20260815_171300_5b901c,2022-08-23,600860.SH,1700,1700,29.022645,30.2302,2052.8435,37
20260815_171300_5b901c,2022-08-24,600860.SH,1700,1700,29.022645,29.20038,302.1495,38
20260815_171300_5b901c,2022-08-25,600860.SH,1700,1700,29.022645,29.54919,895.1265,39
20260815_171300_5b901c,2022-08-26,600860.SH,1700,1700,29.022645,30.51257,2532.8725,40
20260815_171300_5b901c,2022-08-29,600860.SH,1700,1700,29.022645,31.50917,4227.0925,41
20260815_171300_5b901c,2022-08-30,600860.SH,1700,1700,29.022645,30.26342,2109.3175,42
20260815_171300_5b901c,2022-08-31,600860.SH,1700,1700,29.022645,29.99766,1657.5255,43
20260815_171300_5b901c,2022-09-01,600860.SH,1700,1700,29.022645,29.31665,499.8085,44
20260815_171300_5b901c,2022-09-02,600860.SH,1700,1700,29.022645,29.58241,951.6005,45
20260815_171300_5b901c,2022-09-05,600860.SH,1700,1700,29.022645,29.83156,1375.1555,46
20260815_171300_5b901c,2022-09-06,600860.SH,1700,1700,29.022645,29.83156,1375.1555,47
20260815_171300_5b901c,2022-09-07,600860.SH,1700,1700,29.022645,29.41631,669.2305,48
20260815_171300_5b901c,2022-09-08,600860.SH,1700,1700,29.022645,29.98105,1629.2885,49
20260815_171300_5b901c,2022-09-09,600860.SH,1700,1700,29.022645,29.51597,838.6525,50
20260815_171300_5b901c,2022-09-13,600860.SH,1700,1700,29.022645,29.64885,1064.5485,51
20260815_171300_5b901c,2022-09-14,600860.SH,1700,1700,29.022645,29.30004,471.5715,52
20260815_171300_5b901c,2022-09-15,600860.SH,1700,1700,29.022645,28.7353,-488.4865,53
20260815_171300_5b901c,2022-09-16,600860.SH,1700,1700,29.022645,28.48615,-912.0415,54
20260815_171300_5b901c,2022-09-19,600860.SH,1700,1700,29.022645,25.64584,-5740.5685,55
20260815_171300_5b901c,2022-10-11,600860.SH,200,0,22.052397,22.20757,31.0346,1
20260815_171300_5b901c,2022-10-11,603668.SH,200,0,25.385995,26.46408,215.617,1
20260815_171300_5b901c,2022-10-11,000756.SZ,100,0,38.315773,37.83726,-47.8513,1
20260815_171300_5b901c,2022-10-12,600860.SH,200,200,22.052397,22.95502,180.5246,2
20260815_171300_5b901c,2022-10-12,603668.SH,200,200,25.385995,26.350256,192.8522,2
20260815_171300_5b901c,2022-10-12,000756.SZ,100,100,38.315773,39.539424,122.3651,2
20260815_171300_5b901c,2022-10-13,600860.SH,200,200,22.052397,23.22078,233.6766,3
20260815_171300_5b901c,2022-10-13,603668.SH,200,200,25.385995,27.132796,349.3602,3
20260815_171300_5b901c,2022-10-13,000756.SZ,100,100,38.315773,39.4779,116.2127,3
20260815_171300_5b901c,2022-10-14,600860.SH,200,200,22.052397,23.45332,280.1846,4
20260815_171300_5b901c,2022-10-14,603668.SH,200,200,25.385995,27.403128,403.4266,4
20260815_171300_5b901c,2022-10-14,000756.SZ,100,100,38.315773,41.385144,306.9371,4
20260815_171300_5b901c,2022-10-17,600860.SH,200,200,22.052397,23.7523,339.9806,5
20260815_171300_5b901c,2022-10-17,603668.SH,200,200,25.385995,27.645004,451.8018,5
20260815_171300_5b901c,2022-10-17,000756.SZ,100,100,38.315773,40.667364,235.1591,5
20260815_171300_5b901c,2022-10-18,600860.SH,200,200,22.052397,23.71908,333.3366,6
20260815_171300_5b901c,2022-10-18,603668.SH,200,200,25.385995,27.858424,494.4858,6
20260815_171300_5b901c,2022-10-18,000756.SZ,100,100,38.315773,41.692764,337.6991,6
20260815_171300_5b901c,2022-10-19,600860.SH,200,200,22.052397,23.4201,273.5406,7
20260815_171300_5b901c,2022-10-19,603668.SH,200,200,25.385995,27.0332,329.441,7
20260815_171300_5b901c,2022-10-19,000756.SZ,100,100,38.315773,39.826536,151.0763,7
20260815_171300_5b901c,2022-10-20,600860.SH,200,200,22.052397,23.23739,236.9986,8
20260815_171300_5b901c,2022-10-20,603668.SH,200,200,25.385995,26.293344,181.4698,8
20260815_171300_5b901c,2022-10-20,000756.SZ,100,100,38.315773,40.523808,220.8035,8
20260815_171300_5b901c,2022-10-21,600860.SH,200,200,22.052397,23.27061,243.6426,9
20260815_171300_5b901c,2022-10-21,603668.SH,200,200,25.385995,25.382752,-0.6486,9
20260815_171300_5b901c,2022-10-21,000756.SZ,100,100,38.315773,39.37536,105.9587,9
20260815_171300_5b901c,2022-10-24,600860.SH,200,200,22.052397,23.40349,270.2186,10
20260815_171300_5b901c,2022-10-24,603668.SH,200,200,25.385995,25.368524,-3.4942,10
20260815_171300_5b901c,2022-10-24,000756.SZ,100,100,38.315773,37.550148,-76.5625,10
20260815_171300_5b901c,2022-10-25,600860.SH,200,200,22.052397,23.10451,210.4226,11
20260815_171300_5b901c,2022-10-25,603668.SH,200,200,25.385995,24.714036,-134.3918,11
20260815_171300_5b901c,2022-10-25,000756.SZ,100,100,38.315773,36.29916,-201.6613,11
20260815_171300_5b901c,2022-10-26,600860.SH,200,200,22.052397,23.43671,276.8626,12
20260815_171300_5b901c,2022-10-26,603668.SH,200,200,25.385995,24.002636,-276.6718,12
20260815_171300_5b901c,2022-10-26,000756.SZ,100,100,38.315773,38.24742,-6.8353,12
20260815_171300_5b901c,2022-10-27,600860.SH,200,200,22.052397,23.03807,197.1346,13
20260815_171300_5b901c,2022-10-27,603668.SH,200,200,25.385995,23.68962,-339.275,13
20260815_171300_5b901c,2022-10-27,000756.SZ,100,100,38.315773,38.431992,11.6219,13
20260815_171300_5b901c,2022-10-28,600860.SH,200,200,22.052397,22.0913,7.7806,14
20260815_171300_5b901c,2022-10-28,603668.SH,200,200,25.385995,22.69366,-538.467,14
20260815_171300_5b901c,2022-10-28,000756.SZ,100,100,38.315773,36.19662,-211.9153,14
20260815_171300_5b901c,2022-10-31,600860.SH,900,200,22.104137,21.82554,-250.7373,15
20260815_171300_5b901c,2022-10-31,000756.SZ,500,100,37.034473,36.729828,-152.3225,15
20260815_171300_5b901c,2022-11-01,600860.SH,900,900,22.104137,22.57299,421.9677,16
20260815_171300_5b901c,2022-11-01,000756.SZ,500,500,37.034473,39.231804,1098.6655,16
20260815_171300_5b901c,2022-11-02,600860.SH,900,900,22.104137,23.5862,1333.8567,17
20260815_171300_5b901c,2022-11-02,000756.SZ,500,500,37.034473,39.929076,1447.3015,17
20260815_171300_5b901c,2022-11-03,600860.SH,900,900,22.104137,23.68586,1423.5507,18
20260815_171300_5b901c,2022-11-03,000756.SZ,500,500,37.034473,39.37536,1170.4435,18
20260815_171300_5b901c,2022-11-04,600860.SH,900,900,22.104137,24.23399,1916.8677,19
20260815_171300_5b901c,2022-11-04,000756.SZ,500,500,37.034473,40.359744,1662.6355,19
20260815_171300_5b901c,2022-11-07,600860.SH,900,900,22.104137,24.28382,1961.7147,20
20260815_171300_5b901c,2022-11-07,000756.SZ,500,500,37.034473,40.667364,1816.4455,20
20260815_171300_5b901c,2022-11-08,600860.SH,900,900,22.104137,23.96823,1677.6837,21
20260815_171300_5b901c,2022-11-08,000756.SZ,500,500,37.034473,44.727948,3846.7375,21
20260815_171300_5b901c,2022-11-09,600860.SH,900,900,22.104137,24.20077,1886.9697,22
20260815_171300_5b901c,2022-11-09,000756.SZ,500,500,37.034473,49.198692,6082.1095,22
20260815_171300_5b901c,2022-11-10,600860.SH,900,900,22.104137,23.83535,1558.0917,23
20260815_171300_5b901c,2022-11-10,000756.SZ,500,500,37.034473,48.09126,5528.3935,23
20260815_171300_5b901c,2022-11-11,600860.SH,900,900,22.104137,23.88518,1602.9387,24
20260815_171300_5b901c,2022-11-11,000756.SZ,500,500,37.034473,45.650808,4308.1675,24
20260815_171300_5b901c,2022-11-14,600860.SH,900,900,22.104137,23.5862,1333.8567,25
20260815_171300_5b901c,2022-11-14,000756.SZ,500,500,37.034473,50.224092,6594.8095,25
20260815_171300_5b901c,2022-11-15,600860.SH,900,900,22.104137,24.40009,2066.3577,26
20260815_171300_5b901c,2022-11-15,000756.SZ,500,500,37.034473,52.479972,7722.7495,26
20260815_171300_5b901c,2022-11-16,600860.SH,900,900,22.104137,24.68246,2320.4907,27
20260815_171300_5b901c,2022-11-16,000756.SZ,500,500,37.034473,49.62936,6297.4435,27
20260815_171300_5b901c,2022-11-17,600860.SH,900,900,22.104137,27.15735,4547.8917,28
20260815_171300_5b901c,2022-11-17,000756.SZ,500,500,37.034473,50.203584,6584.5555,28
20260815_171300_5b901c,2022-11-18,600860.SH,900,900,22.104137,26.70888,4144.2687,29
20260815_171300_5b901c,2022-11-18,000756.SZ,500,500,37.034473,51.803208,7384.3675,29
20260815_171300_5b901c,2022-11-21,600860.SH,900,900,22.104137,25.86177,3381.8697,30
20260815_171300_5b901c,2022-11-21,000756.SZ,500,500,37.034473,53.751468,8358.4975,30
20260815_171300_5b901c,2022-11-22,600860.SH,900,900,22.104137,25.44652,3008.1447,31
20260815_171300_5b901c,2022-11-22,000756.SZ,500,500,37.034473,50.265108,6615.3175,31
20260815_171300_5b901c,2022-11-23,600860.SH,900,900,22.104137,25.34686,2918.4507,32
20260815_171300_5b901c,2022-11-23,000756.SZ,500,500,37.034473,45.958428,4461.9775,32
20260815_171300_5b901c,2022-11-24,600860.SH,900,900,22.104137,25.56279,3112.7877,33
20260815_171300_5b901c,2022-11-24,000756.SZ,500,500,37.034473,47.57856,5272.0435,33
20260815_171300_5b901c,2022-11-25,600860.SH,900,900,22.104137,25.52957,3082.8897,34
20260815_171300_5b901c,2022-11-25,000756.SZ,500,500,37.034473,44.789472,3877.4995,34
20260815_171300_5b901c,2022-11-28,600860.SH,900,900,22.104137,25.11432,2709.1647,35
20260815_171300_5b901c,2022-11-28,000756.SZ,500,500,37.034473,45.343188,4154.3575,35
20260815_171300_5b901c,2022-11-29,600860.SH,900,900,22.104137,25.18076,2768.9607,36
20260815_171300_5b901c,2022-11-29,000756.SZ,500,500,37.034473,46.55316,4759.3435,36
20260815_171300_5b901c,2022-11-30,600860.SH,900,900,22.104137,25.67906,3217.4307,37
20260815_171300_5b901c,2022-11-30,000756.SZ,500,500,37.034473,46.6557,4810.6135,37
20260815_171300_5b901c,2022-12-01,600860.SH,900,900,22.104137,26.7421,4174.1667,38
20260815_171300_5b901c,2022-12-01,000756.SZ,500,500,37.034473,44.543376,3754.4515,38
20260815_171300_5b901c,2022-12-02,600860.SH,900,900,22.104137,26.16075,3650.9517,39
20260815_171300_5b901c,2022-12-02,000756.SZ,500,500,37.034473,43.805088,3385.3075,39
20260815_171300_5b901c,2022-12-05,600860.SH,900,900,22.104137,26.12753,3621.0537,40
20260815_171300_5b901c,2022-12-05,000756.SZ,500,500,37.034473,48.1938,5579.6635,40
20260815_171300_5b901c,2022-12-06,600860.SH,900,900,22.104137,25.7455,3277.2267,41
20260815_171300_5b901c,2022-12-06,000756.SZ,500,500,37.034473,50.265108,6615.3175,41
20260815_171300_5b901c,2022-12-07,600860.SH,900,900,22.104137,25.92821,3441.6657,42
20260815_171300_5b901c,2022-12-07,000756.SZ,500,500,37.034473,55.289568,9127.5475,42
20260815_171300_5b901c,2022-12-08,600860.SH,900,900,22.104137,24.96483,2574.6237,43
20260815_171300_5b901c,2022-12-08,000756.SZ,500,500,37.034473,60.826728,11896.1275,43
20260815_171300_5b901c,2022-12-09,600860.SH,900,900,22.104137,25.99465,3501.4617,44
20260815_171300_5b901c,2022-12-09,000756.SZ,500,500,37.034473,66.917604,14941.5655,44
20260815_171300_5b901c,2022-12-12,600860.SH,900,900,22.104137,25.13093,2724.1137,45
20260815_171300_5b901c,2022-12-12,000756.SZ,500,500,37.034473,73.603212,18284.3695,45
20260815_171300_5b901c,2022-12-13,600860.SH,900,900,22.104137,25.18076,2768.9607,46
20260815_171300_5b901c,2022-12-13,000756.SZ,500,500,37.034473,80.965584,21965.5555,46
20260815_171300_5b901c,2022-12-14,600860.SH,900,900,22.104137,24.99805,2604.5217,47
20260815_171300_5b901c,2022-12-14,000756.SZ,500,500,37.034473,89.066244,26015.8855,47
20260815_171300_5b901c,2022-12-15,600860.SH,900,900,22.104137,24.66585,2305.5417,48
20260815_171300_5b901c,2022-12-15,000756.SZ,500,500,37.034473,85.949028,24457.2775,48
20260815_171300_5b901c,2022-12-16,600860.SH,900,900,22.104137,23.73569,1468.3977,49
20260815_171300_5b901c,2022-12-16,000756.SZ,500,500,37.034473,94.54188,28753.7035,49
20260815_171300_5b901c,2022-12-19,600860.SH,900,900,22.104137,23.55298,1303.9587,50
20260815_171300_5b901c,2022-12-19,000756.SZ,500,500,37.034473,94.3368,28651.1635,50
20260815_171300_5b901c,2022-12-20,600860.SH,900,900,22.104137,23.55298,1303.9587,51
20260815_171300_5b901c,2022-12-20,000756.SZ,500,500,37.034473,84.985152,23975.3395,51
20260815_171300_5b901c,2022-12-21,600860.SH,900,900,22.104137,22.9218,735.8967,52
20260815_171300_5b901c,2022-12-21,000756.SZ,500,500,37.034473,88.225416,25595.4715,52
20260815_171300_5b901c,2022-12-22,600860.SH,900,900,22.104137,23.03807,840.5397,53
20260815_171300_5b901c,2022-12-22,000756.SZ,500,500,37.034473,80.59644,21780.9835,53
20260815_171300_5b901c,2022-12-23,600860.SH,900,900,22.104137,23.63603,1378.7037,54
20260815_171300_5b901c,2022-12-23,000756.SZ,500,500,37.034473,74.177436,18571.4815,54
20260815_171300_5b901c,2022-12-26,600860.SH,900,900,22.104137,23.70247,1438.4997,55
20260815_171300_5b901c,2022-12-26,000756.SZ,500,500,37.034473,77.950908,20458.2175,55
20260815_171300_5b901c,2022-12-27,600860.SH,900,900,22.104137,24.03467,1737.4797,56
20260815_171300_5b901c,2022-12-27,000756.SZ,500,500,37.034473,70.157868,16561.6975,56
20260815_171300_5b901c,2022-12-28,600860.SH,900,900,22.104137,23.30383,1079.7237,57
20260815_171300_5b901c,2022-12-28,000756.SZ,500,500,37.034473,66.999636,14982.5815,57
20260815_171300_5b901c,2022-12-29,600860.SH,900,900,22.104137,23.00485,810.6417,58
20260815_171300_5b901c,2022-12-29,000756.SZ,500,500,37.034473,66.630492,14798.0095,58
20260815_171300_5b901c,2022-12-30,600860.SH,900,900,22.104137,22.97163,780.7437,59
20260815_171300_5b901c,2022-12-30,000756.SZ,500,500,37.034473,61.72908,12347.3035,59
20260815_171300_5b901c,2023-01-03,600860.SH,900,900,22.104137,23.51976,1274.0607,60
20260815_171300_5b901c,2023-01-03,000756.SZ,500,500,37.034473,63.47226,13218.8935,60
20260815_171300_5b901c,2023-01-04,000670.SZ,100,0,72.637802,76.2804,364.2598,1
20260815_171300_5b901c,2023-01-04,002761.SZ,100,0,65.467509,66.12112,65.3611,1
20260815_171300_5b901c,2023-01-04,300700.SZ,100,0,48.712036,48.15303,-55.9006,1
20260815_171300_5b901c,2023-01-04,000957.SZ,100,0,62.456589,63.04329,58.6701,1
20260815_171300_5b901c,2023-01-04,002244.SZ,100,0,62.47166,67.015404,454.3744,1
20260815_171300_5b901c,2023-01-04,600026.SH,300,0,21.786034,21.19595,-177.0252,1
20260815_171300_5b901c,2023-01-04,603399.SH,300,0,20.3739,19.69572,-203.454,1
20260815_171300_5b901c,2023-01-05,000670.SZ,100,100,72.637802,76.3813,374.3498,2
20260815_171300_5b901c,2023-01-05,002761.SZ,100,100,65.467509,66.09048,62.2971,2
20260815_171300_5b901c,2023-01-05,300700.SZ,100,100,48.712036,47.7204,-99.1636,2
20260815_171300_5b901c,2023-01-05,000957.SZ,100,100,62.456589,63.14555,68.8961,2
20260815_171300_5b901c,2023-01-05,002244.SZ,100,100,62.47166,68.491797,602.0137,2
20260815_171300_5b901c,2023-01-05,600026.SH,300,300,21.786034,20.91451,-261.4572,2
20260815_171300_5b901c,2023-01-05,603399.SH,300,300,20.3739,20.1498,-67.23,2
20260815_171300_5b901c,2023-01-06,000670.SZ,100,100,72.637802,74.7669,212.9098,3
20260815_171300_5b901c,2023-01-06,002761.SZ,100,100,65.467509,66.55008,108.2571,3
20260815_171300_5b901c,2023-01-06,300700.SZ,100,100,48.712036,49.4247,71.2664,3
20260815_171300_5b901c,2023-01-06,000957.SZ,100,100,62.456589,63.09442,63.7831,3
20260815_171300_5b901c,2023-01-06,002244.SZ,100,100,62.47166,66.180921,370.9261,3
20260815_171300_5b901c,2023-01-06,600026.SH,300,300,21.786034,21.108,-203.4102,3
20260815_171300_5b901c,2023-01-06,603399.SH,300,300,20.3739,20.66064,86.022,3
20260815_171300_5b901c,2023-01-09,000670.SZ,100,100,72.637802,74.8678,222.9998,4
20260815_171300_5b901c,2023-01-09,002761.SZ,100,100,65.467509,65.7228,25.5291,4
20260815_171300_5b901c,2023-01-09,300700.SZ,100,100,48.712036,50.18508,147.3044,4
20260815_171300_5b901c,2023-01-09,000957.SZ,100,100,62.456589,63.96363,150.7041,4
20260815_171300_5b901c,2023-01-09,002244.SZ,100,100,62.47166,66.887022,441.5362,4
20260815_171300_5b901c,2023-01-09,600026.SH,300,300,21.786034,21.108,-203.4102,4
20260815_171300_5b901c,2023-01-09,603399.SH,300,300,20.3739,20.64645,81.765,4
20260815_171300_5b901c,2023-01-10,000670.SZ,100,100,72.637802,77.693,505.5198,5
20260815_171300_5b901c,2023-01-10,002761.SZ,100,100,65.467509,64.71168,-75.5829,5
20260815_171300_5b901c,2023-01-10,300700.SZ,100,100,48.712036,50.49972,178.7684,5
20260815_171300_5b901c,2023-01-10,000957.SZ,100,100,62.456589,64.62832,217.1731,5
20260815_171300_5b901c,2023-01-10,002244.SZ,100,100,62.47166,67.657314,518.5654,5
20260815_171300_5b901c,2023-01-10,600026.SH,300,300,21.786034,20.72102,-319.5042,5
20260815_171300_5b901c,2023-01-10,603399.SH,300,300,20.3739,20.53293,47.709,5
20260815_171300_5b901c,2023-01-11,000670.SZ,100,100,72.637802,80.5182,788.0398,6
20260815_171300_5b901c,2023-01-11,002761.SZ,100,100,65.467509,64.25208,-121.5429,6
20260815_171300_5b901c,2023-01-11,300700.SZ,100,100,48.712036,49.37226,66.0224,6
20260815_171300_5b901c,2023-01-11,000957.SZ,100,100,62.456589,62.8899,43.3311,6
20260815_171300_5b901c,2023-01-11,002244.SZ,100,100,62.47166,69.005325,653.3665,6
20260815_171300_5b901c,2023-01-11,600026.SH,300,300,21.786034,21.54775,-71.4852,6
20260815_171300_5b901c,2023-01-11,603399.SH,300,300,20.3739,20.41941,13.653,6
20260815_171300_5b901c,2023-01-12,000670.SZ,100,100,72.637802,79.0047,636.6898,7
20260815_171300_5b901c,2023-01-12,002761.SZ,100,100,65.467509,63.4248,-204.2709,7
20260815_171300_5b901c,2023-01-12,300700.SZ,100,100,48.712036,49.39848,68.6444,7
20260815_171300_5b901c,2023-01-12,000957.SZ,100,100,62.456589,62.63425,17.7661,7
20260815_171300_5b901c,2023-01-12,002244.SZ,100,100,62.47166,67.849887,537.8227,7
20260815_171300_5b901c,2023-01-12,600026.SH,300,300,21.786034,22.97254,355.9518,7
20260815_171300_5b901c,2023-01-12,603399.SH,300,300,20.3739,20.39103,5.139,7
20260815_171300_5b901c,2023-01-13,000670.SZ,100,100,72.637802,86.8749,1423.7098,8
20260815_171300_5b901c,2023-01-13,002761.SZ,100,100,65.467509,64.61976,-84.7749,8
20260815_171300_5b901c,2023-01-13,300700.SZ,100,100,48.712036,47.31399,-139.8046,8
20260815_171300_5b901c,2023-01-13,000957.SZ,100,100,62.456589,62.22521,-23.1379,8
20260815_171300_5b901c,2023-01-13,002244.SZ,100,100,62.47166,68.620179,614.8519,8
20260815_171300_5b901c,2023-01-13,600026.SH,300,300,21.786034,23.60578,545.9238,8
20260815_171300_5b901c,2023-01-13,603399.SH,300,300,20.3739,20.19237,-54.459,8
20260815_171300_5b901c,2023-01-16,000670.SZ,100,100,72.637802,95.5523,2291.4498,9
20260815_171300_5b901c,2023-01-16,002761.SZ,100,100,65.467509,64.71168,-75.5829,9
20260815_171300_5b901c,2023-01-16,300700.SZ,100,100,48.712036,48.61188,-10.0156,9
20260815_171300_5b901c,2023-01-16,000957.SZ,100,100,62.456589,62.42973,-2.6859,9
20260815_171300_5b901c,2023-01-16,002244.SZ,100,100,62.47166,69.583044,711.1384,9
20260815_171300_5b901c,2023-01-16,600026.SH,300,300,21.786034,24.02794,672.5718,9
20260815_171300_5b901c,2023-01-16,603399.SH,300,300,20.3739,22.20735,550.035,9
20260815_171300_5b901c,2023-01-17,000670.SZ,100,100,72.637802,93.2316,2059.3798,10
20260815_171300_5b901c,2023-01-17,002761.SZ,100,100,65.467509,64.344,-112.3509,10
20260815_171300_5b901c,2023-01-17,300700.SZ,100,100,48.712036,48.41523,-29.6806,10
20260815_171300_5b901c,2023-01-17,000957.SZ,100,100,62.456589,61.66278,-79.3809,10
20260815_171300_5b901c,2023-01-17,002244.SZ,100,100,62.47166,69.903999,743.2339,10
20260815_171300_5b901c,2023-01-17,600026.SH,300,300,21.786034,24.01035,667.2948,10
20260815_171300_5b901c,2023-01-17,603399.SH,300,300,20.3739,21.9945,486.18,10
20260815_171300_5b901c,2023-01-18,000670.SZ,100,100,72.637802,92.0208,1938.2998,11
20260815_171300_5b901c,2023-01-18,002761.SZ,100,100,65.467509,64.0376,-142.9909,11
20260815_171300_5b901c,2023-01-18,300700.SZ,100,100,48.712036,49.818,110.5964,11
20260815_171300_5b901c,2023-01-18,000957.SZ,100,100,62.456589,62.07182,-38.4769,11
20260815_171300_5b901c,2023-01-18,002244.SZ,100,100,62.47166,67.015404,454.3744,11
20260815_171300_5b901c,2023-01-18,600026.SH,300,300,21.786034,24.94262,946.9758,11
20260815_171300_5b901c,2023-01-18,603399.SH,300,300,20.3739,22.67562,690.516,11
20260815_171300_5b901c,2023-01-19,000670.SZ,100,100,72.637802,86.0677,1342.9898,12
20260815_171300_5b901c,2023-01-19,002761.SZ,100,100,65.467509,64.06824,-139.9269,12
20260815_171300_5b901c,2023-01-19,300700.SZ,100,100,48.712036,49.11006,39.8024,12
20260815_171300_5b901c,2023-01-19,000957.SZ,100,100,62.456589,62.3786,-7.7989,12
20260815_171300_5b901c,2023-01-19,002244.SZ,100,100,62.47166,66.566067,409.4407,12
20260815_171300_5b901c,2023-01-19,600026.SH,300,300,21.786034,24.94262,946.9758,12
20260815_171300_5b901c,2023-01-19,603399.SH,300,300,20.3739,22.00869,490.437,12
20260815_171300_5b901c,2023-01-20,000670.SZ,100,100,72.637802,82.1326,949.4798,13
20260815_171300_5b901c,2023-01-20,002761.SZ,100,100,65.467509,65.17128,-29.6229,13
20260815_171300_5b901c,2023-01-20,300700.SZ,100,100,48.712036,50.4735,176.1464,13
20260815_171300_5b901c,2023-01-20,000957.SZ,100,100,62.456589,63.14555,68.8961,13
20260815_171300_5b901c,2023-01-20,002244.SZ,100,100,62.47166,67.143786,467.2126,13
20260815_171300_5b901c,2023-01-20,600026.SH,300,300,21.786034,25.18888,1020.8538,13
20260815_171300_5b901c,2023-01-20,603399.SH,300,300,20.3739,22.10802,520.236,13
20260815_171300_5b901c,2023-01-30,000670.SZ,100,100,72.637802,84.5542,1191.6398,14
20260815_171300_5b901c,2023-01-30,002761.SZ,100,100,65.467509,66.12112,65.3611,14
20260815_171300_5b901c,2023-01-30,300700.SZ,100,100,48.712036,52.24335,353.1314,14
20260815_171300_5b901c,2023-01-30,000957.SZ,100,100,62.456589,64.37267,191.6081,14
20260815_171300_5b901c,2023-01-30,002244.SZ,100,100,62.47166,65.218056,274.6396,14
20260815_171300_5b901c,2023-01-30,600026.SH,300,300,21.786034,24.08071,688.4028,14
20260815_171300_5b901c,2023-01-30,603399.SH,300,300,20.3739,22.68981,694.773,14
20260815_171300_5b901c,2023-01-31,000670.SZ,100,100,72.637802,93.0298,2039.1998,15
20260815_171300_5b901c,2023-01-31,002761.SZ,100,100,65.467509,66.51944,105.1931,15
20260815_171300_5b901c,2023-01-31,300700.SZ,100,100,48.712036,52.24335,353.1314,15
20260815_171300_5b901c,2023-01-31,000957.SZ,100,100,62.456589,66.00883,355.2241,15
20260815_171300_5b901c,2023-01-31,002244.SZ,100,100,62.47166,68.235033,576.3373,15
20260815_171300_5b901c,2023-01-31,600026.SH,300,300,21.786034,25.11852,999.7458,15
20260815_171300_5b901c,2023-01-31,603399.SH,300,300,20.3739,23.73987,1009.791,15
20260815_171300_5b901c,2023-02-01,000670.SZ,100,100,72.637802,97.1667,2452.8898,16
20260815_171300_5b901c,2023-02-01,002761.SZ,100,100,65.467509,67.43864,197.1131,16
20260815_171300_5b901c,2023-02-01,300700.SZ,100,100,48.712036,51.64029,292.8254,16
20260815_171300_5b901c,2023-02-01,000957.SZ,100,100,62.456589,67.4916,503.5011,16
20260815_171300_5b901c,2023-02-01,002244.SZ,100,100,62.47166,67.40055,492.889,16
20260815_171300_5b901c,2023-02-01,600026.SH,300,300,21.786034,26.19151,1321.6428,16
20260815_171300_5b901c,2023-02-01,603399.SH,300,300,20.3739,24.47775,1231.155,16
20260815_171300_5b901c,2023-02-02,000670.SZ,100,100,72.637802,94.4424,2180.4598,17
20260815_171300_5b901c,2023-02-02,002761.SZ,100,100,65.467509,67.92888,246.1371,17
20260815_171300_5b901c,2023-02-02,300700.SZ,100,100,48.712036,50.72259,201.0554,17
20260815_171300_5b901c,2023-02-02,000957.SZ,100,100,62.456589,66.11109,365.4501,17
20260815_171300_5b901c,2023-02-02,002244.SZ,100,100,62.47166,67.336359,486.4699,17
20260815_171300_5b901c,2023-02-02,600026.SH,300,300,21.786034,26.24428,1337.4738,17
20260815_171300_5b901c,2023-02-02,603399.SH,300,300,20.3739,24.17976,1141.758,17
20260815_171300_5b901c,2023-02-03,000670.SZ,100,100,72.637802,92.6262,1998.8398,18
20260815_171300_5b901c,2023-02-03,002761.SZ,100,100,65.467509,67.1016,163.4091,18
20260815_171300_5b901c,2023-02-03,300700.SZ,100,100,48.712036,50.7357,202.3664,18
20260815_171300_5b901c,2023-02-03,000957.SZ,100,100,62.456589,65.75318,329.6591,18
20260815_171300_5b901c,2023-02-03,002244.SZ,100,100,62.47166,65.153865,268.2205,18
20260815_171300_5b901c,2023-02-03,600026.SH,300,300,21.786034,26.54331,1427.1828,18
20260815_171300_5b901c,2023-02-03,603399.SH,300,300,20.3739,24.42099,1214.127,18
20260815_171300_5b901c,2023-02-06,000670.SZ,100,100,72.637802,92.7271,2008.9298,19
20260815_171300_5b901c,2023-02-06,002761.SZ,100,100,65.467509,69.76728,429.9771,19
20260815_171300_5b901c,2023-02-06,300700.SZ,100,100,48.712036,50.18508,147.3044,19
20260815_171300_5b901c,2023-02-06,000957.SZ,100,100,62.456589,66.00883,355.2241,19
20260815_171300_5b901c,2023-02-06,002244.SZ,100,100,62.47166,63.934236,146.2576,19
20260815_171300_5b901c,2023-02-06,600026.SH,300,300,21.786034,26.24428,1337.4738,19
20260815_171300_5b901c,2023-02-06,603399.SH,300,300,20.3739,23.51283,941.679,19
20260815_171300_5b901c,2023-02-07,000670.SZ,100,100,72.637802,91.819,1918.1198,20
20260815_171300_5b901c,2023-02-07,002761.SZ,100,100,65.467509,69.33832,387.0811,20
20260815_171300_5b901c,2023-02-07,300700.SZ,100,100,48.712036,49.93599,122.3954,20
20260815_171300_5b901c,2023-02-07,000957.SZ,100,100,62.456589,66.21335,375.6761,20
20260815_171300_5b901c,2023-02-07,002244.SZ,100,100,62.47166,65.410629,293.8969,20
20260815_171300_5b901c,2023-02-07,600026.SH,300,300,21.786034,27.40522,1685.7558,20
20260815_171300_5b901c,2023-02-07,603399.SH,300,300,20.3739,24.02367,1094.931,20
20260815_171300_5b901c,2023-02-08,000670.SZ,100,100,72.637802,90.2046,1756.6798,21
20260815_171300_5b901c,2023-02-08,002761.SZ,100,100,65.467509,67.13224,166.4731,21
20260815_171300_5b901c,2023-02-08,300700.SZ,100,100,48.712036,49.79178,107.9744,21
20260815_171300_5b901c,2023-02-08,000957.SZ,100,100,62.456589,65.29301,283.6421,21
20260815_171300_5b901c,2023-02-08,002244.SZ,100,100,62.47166,67.914078,544.2418,21
20260815_171300_5b901c,2023-02-08,600026.SH,300,300,21.786034,27.37004,1675.2018,21
20260815_171300_5b901c,2023-02-08,603399.SH,300,300,20.3739,24.03786,1099.188,21
20260815_171300_5b901c,2023-02-09,000670.SZ,100,100,72.637802,93.3325,2069.4698,22
20260815_171300_5b901c,2023-02-09,002761.SZ,100,100,65.467509,67.46928,200.1771,22
20260815_171300_5b901c,2023-02-09,300700.SZ,100,100,48.712036,50.7357,202.3664,22
20260815_171300_5b901c,2023-02-09,000957.SZ,100,100,62.456589,65.75318,329.6591,22
20260815_171300_5b901c,2023-02-09,002244.SZ,100,100,62.47166,68.106651,563.4991,22
20260815_171300_5b901c,2023-02-09,600026.SH,300,300,21.786034,27.14137,1606.6008,22
20260815_171300_5b901c,2023-02-09,603399.SH,300,300,20.3739,24.22233,1154.529,22
20260815_171300_5b901c,2023-02-10,000670.SZ,100,100,72.637802,91.4154,1877.7598,23
20260815_171300_5b901c,2023-02-10,002761.SZ,100,100,65.467509,67.1016,163.4091,23
20260815_171300_5b901c,2023-02-10,300700.SZ,100,100,48.712036,49.79178,107.9744,23
20260815_171300_5b901c,2023-02-10,000957.SZ,100,100,62.456589,64.73058,227.3991,23
20260815_171300_5b901c,2023-02-10,002244.SZ,100,100,62.47166,68.620179,614.8519,23
20260815_171300_5b901c,2023-02-10,600026.SH,300,300,21.786034,27.17655,1617.1548,23
20260815_171300_5b901c,2023-02-10,603399.SH,300,300,20.3739,23.71149,1001.277,23
20260815_171300_5b901c,2023-02-13,000670.SZ,100,100,72.637802,91.7181,1908.0298,24
20260815_171300_5b901c,2023-02-13,002761.SZ,100,100,65.467509,68.35784,289.0331,24
20260815_171300_5b901c,2023-02-13,300700.SZ,100,100,48.712036,50.7357,202.3664,24
20260815_171300_5b901c,2023-02-13,000957.SZ,100,100,62.456589,65.9577,350.1111,24
20260815_171300_5b901c,2023-02-13,002244.SZ,100,100,62.47166,68.620179,614.8519,24
20260815_171300_5b901c,2023-02-13,600026.SH,300,300,21.786034,26.64885,1458.8448,24
20260815_171300_5b901c,2023-02-13,603399.SH,300,300,20.3739,23.04456,801.198,24
20260815_171300_5b901c,2023-02-14,000670.SZ,100,100,72.637802,92.0208,1938.2998,25
20260815_171300_5b901c,2023-02-14,002761.SZ,100,100,65.467509,69.2464,377.8891,25
20260815_171300_5b901c,2023-02-14,300700.SZ,100,100,48.712036,49.88355,117.1514,25
20260815_171300_5b901c,2023-02-14,000957.SZ,100,100,62.456589,65.4464,298.9811,25
20260815_171300_5b901c,2023-02-14,002244.SZ,100,100,62.47166,68.106651,563.4991,25
20260815_171300_5b901c,2023-02-14,600026.SH,300,300,21.786034,27.28209,1648.8168,25
20260815_171300_5b901c,2023-02-14,603399.SH,300,300,20.3739,22.93104,767.142,25
20260815_171300_5b901c,2023-02-15,000670.SZ,100,100,72.637802,89.801,1716.3198,26
20260815_171300_5b901c,2023-02-15,002761.SZ,100,100,65.467509,68.41912,295.1611,26
20260815_171300_5b901c,2023-02-15,300700.SZ,100,100,48.712036,48.84786,13.5824,26
20260815_171300_5b901c,2023-02-15,000957.SZ,100,100,62.456589,65.39527,293.8681,26
20260815_171300_5b901c,2023-02-15,002244.SZ,100,100,62.47166,65.218056,274.6396,26
20260815_171300_5b901c,2023-02-15,600026.SH,300,300,21.786034,26.98306,1559.1078,26
20260815_171300_5b901c,2023-02-15,603399.SH,300,300,20.3739,22.51953,643.689,26
20260815_171300_5b901c,2023-02-16,000670.SZ,100,100,72.637802,86.1686,1353.0798,27
20260815_171300_5b901c,2023-02-16,002761.SZ,100,100,65.467509,66.1824,71.4891,27
20260815_171300_5b901c,2023-02-16,300700.SZ,100,100,48.712036,47.93016,-78.1876,27
20260815_171300_5b901c,2023-02-16,000957.SZ,100,100,62.456589,64.21928,176.2691,27
20260815_171300_5b901c,2023-02-16,002244.SZ,100,100,62.47166,64.447764,197.6104,27
20260815_171300_5b901c,2023-02-16,600026.SH,300,300,21.786034,26.22669,1332.1968,27
20260815_171300_5b901c,2023-02-16,603399.SH,300,300,20.3739,21.48366,332.928,27
20260815_171300_5b901c,2023-02-17,000670.SZ,100,100,72.637802,85.5632,1292.5398,28
20260815_171300_5b901c,2023-02-17,002761.SZ,100,100,65.467509,66.1824,71.4891,28
20260815_171300_5b901c,2023-02-17,300700.SZ,100,100,48.712036,45.66213,-304.9906,28
20260815_171300_5b901c,2023-02-17,000957.SZ,100,100,62.456589,63.29894,84.2351,28
20260815_171300_5b901c,2023-02-17,002244.SZ,100,100,62.47166,63.870045,139.8385,28
20260815_171300_5b901c,2023-02-17,600026.SH,300,300,21.786034,27.28209,1648.8168,28
20260815_171300_5b901c,2023-02-17,603399.SH,300,300,20.3739,21.46947,328.671,28
20260815_171300_5b901c,2023-02-20,000670.SZ,100,100,72.637802,86.4713,1383.3498,29
20260815_171300_5b901c,2023-02-20,002761.SZ,100,100,65.467509,67.5612,209.3691,29
20260815_171300_5b901c,2023-02-20,300700.SZ,100,100,48.712036,47.39265,-131.9386,29
20260815_171300_5b901c,2023-02-20,000957.SZ,100,100,62.456589,64.37267,191.6081,29
20260815_171300_5b901c,2023-02-20,002244.SZ,100,100,62.47166,66.052539,358.0879,29
20260815_171300_5b901c,2023-02-20,600026.SH,300,300,21.786034,27.07101,1585.4928,29
20260815_171300_5b901c,2023-02-20,603399.SH,300,300,20.3739,21.52623,345.699,29
20260815_171300_5b901c,2023-02-21,000670.SZ,100,100,72.637802,86.9758,1433.7998,30
20260815_171300_5b901c,2023-02-21,002761.SZ,100,100,65.467509,68.29656,282.9051,30
20260815_171300_5b901c,2023-02-21,300700.SZ,100,100,48.712036,45.885,-282.7036,30
20260815_171300_5b901c,2023-02-21,000957.SZ,100,100,62.456589,65.29301,283.6421,30
20260815_171300_5b901c,2023-02-21,002244.SZ,100,100,62.47166,65.988348,351.6688,30
20260815_171300_5b901c,2023-02-21,600026.SH,300,300,21.786034,26.70162,1474.6758,30
20260815_171300_5b901c,2023-02-21,603399.SH,300,300,20.3739,21.8526,443.61,30
20260815_171300_5b901c,2023-02-22,000670.SZ,100,100,72.637802,86.8749,1423.7098,31
20260815_171300_5b901c,2023-02-22,002761.SZ,100,100,65.467509,68.0208,255.3291,31
20260815_171300_5b901c,2023-02-22,300700.SZ,100,100,48.712036,45.6228,-308.9236,31
20260815_171300_5b901c,2023-02-22,000957.SZ,100,100,62.456589,64.73058,227.3991,31
20260815_171300_5b901c,2023-02-22,002244.SZ,100,100,62.47166,65.025483,255.3823,31
20260815_171300_5b901c,2023-02-22,600026.SH,300,300,21.786034,26.78957,1501.0608,31
20260815_171300_5b901c,2023-02-22,603399.SH,300,300,20.3739,21.4269,315.9,31
20260815_171300_5b901c,2023-02-23,000670.SZ,100,100,72.637802,85.5632,1292.5398,32
20260815_171300_5b901c,2023-02-23,002761.SZ,100,100,65.467509,67.19352,172.6011,32
20260815_171300_5b901c,2023-02-23,300700.SZ,100,100,48.712036,46.5405,-217.1536,32
20260815_171300_5b901c,2023-02-23,000957.SZ,100,100,62.456589,64.83284,237.6251,32
20260815_171300_5b901c,2023-02-23,002244.SZ,100,100,62.47166,64.640337,216.8677,32
20260815_171300_5b901c,2023-02-23,600026.SH,300,300,21.786034,25.73417,1184.4408,32
20260815_171300_5b901c,2023-02-23,603399.SH,300,300,20.3739,21.55461,354.213,32
20260815_171300_5b901c,2023-02-24,000670.SZ,100,100,72.637802,84.8569,1221.9098,33
20260815_171300_5b901c,2023-02-24,002761.SZ,100,100,65.467509,66.85648,138.8971,33
20260815_171300_5b901c,2023-02-24,300700.SZ,100,100,48.712036,46.37007,-234.1966,33
20260815_171300_5b901c,2023-02-24,000957.SZ,100,100,62.456589,63.4012,94.4611,33
20260815_171300_5b901c,2023-02-24,002244.SZ,100,100,62.47166,65.282247,281.0587,33
20260815_171300_5b901c,2023-02-24,600026.SH,300,300,21.786034,26.19151,1321.6428,33
20260815_171300_5b901c,2023-02-24,603399.SH,300,300,20.3739,21.25662,264.816,33
20260815_171300_5b901c,2023-02-27,000670.SZ,100,100,72.637802,83.747,1110.9198,34
20260815_171300_5b901c,2023-02-27,002761.SZ,100,100,65.467509,65.66152,19.4011,34
20260815_171300_5b901c,2023-02-27,300700.SZ,100,100,48.712036,45.83256,-287.9476,34
20260815_171300_5b901c,2023-02-27,000957.SZ,100,100,62.456589,62.63425,17.7661,34
20260815_171300_5b901c,2023-02-27,002244.SZ,100,100,62.47166,66.694449,422.2789,34
20260815_171300_5b901c,2023-02-27,600026.SH,300,300,21.786034,25.39996,1084.1778,34
20260815_171300_5b901c,2023-02-27,603399.SH,300,300,20.3739,20.98701,183.933,34
20260815_171300_5b901c,2023-02-28,000670.SZ,100,100,72.637802,84.9578,1231.9998,35
20260815_171300_5b901c,2023-02-28,002761.SZ,100,100,65.467509,66.30496,83.7451,35
20260815_171300_5b901c,2023-02-28,300700.SZ,100,100,48.712036,45.72768,-298.4356,35
20260815_171300_5b901c,2023-02-28,000957.SZ,100,100,62.456589,63.45233,99.5741,35
20260815_171300_5b901c,2023-02-28,002244.SZ,100,100,62.47166,66.052539,358.0879,35
20260815_171300_5b901c,2023-02-28,600026.SH,300,300,21.786034,25.47032,1105.2858,35
20260815_171300_5b901c,2023-02-28,603399.SH,300,300,20.3739,21.22824,256.302,35
20260815_171300_5b901c,2023-03-01,000670.SZ,100,100,72.637802,86.774,1413.6198,36
20260815_171300_5b901c,2023-03-01,002761.SZ,100,100,65.467509,66.61136,114.3851,36
20260815_171300_5b901c,2023-03-01,300700.SZ,100,100,48.712036,45.7539,-295.8136,36
20260815_171300_5b901c,2023-03-01,000957.SZ,100,100,62.456589,63.50346,104.6871,36
20260815_171300_5b901c,2023-03-01,002244.SZ,100,100,62.47166,66.309303,383.7643,36
20260815_171300_5b901c,2023-03-01,600026.SH,300,300,21.786034,26.45536,1400.7978,36
20260815_171300_5b901c,2023-03-01,603399.SH,300,300,20.3739,21.24243,260.559,36
20260815_171300_5b901c,2023-03-02,000670.SZ,100,100,72.637802,85.3614,1272.3598,37
20260815_171300_5b901c,2023-03-02,002761.SZ,100,100,65.467509,68.38848,292.0971,37
20260815_171300_5b901c,2023-03-02,300700.SZ,100,100,48.712036,44.53467,-417.7366,37
20260815_171300_5b901c,2023-03-02,000957.SZ,100,100,62.456589,62.8899,43.3311,37
20260815_171300_5b901c,2023-03-02,002244.SZ,100,100,62.47166,66.309303,383.7643,37
20260815_171300_5b901c,2023-03-02,600026.SH,300,300,21.786034,26.2091,1326.9198,37
20260815_171300_5b901c,2023-03-02,603399.SH,300,300,20.3739,20.90187,158.391,37
20260815_171300_5b901c,2023-03-03,000670.SZ,100,100,72.637802,88.6911,1605.3298,38
20260815_171300_5b901c,2023-03-03,002761.SZ,100,100,65.467509,68.97064,350.3131,38
20260815_171300_5b901c,2023-03-03,000957.SZ,100,100,62.456589,63.55459,109.8001,38
20260815_171300_5b901c,2023-03-03,002244.SZ,100,100,62.47166,65.47482,300.316,38
20260815_171300_5b901c,2023-03-03,600026.SH,300,300,21.786034,27.10619,1596.0468,38
20260815_171300_5b901c,2023-03-03,603399.SH,400,300,20.50177,20.81673,125.984,38
20260815_171300_5b901c,2023-03-06,000670.SZ,100,100,72.637802,86.4713,1383.3498,39
20260815_171300_5b901c,2023-03-06,002761.SZ,100,100,65.467509,67.16288,169.5371,39
20260815_171300_5b901c,2023-03-06,000957.SZ,100,100,62.456589,63.04329,58.6701,39
20260815_171300_5b901c,2023-03-06,002244.SZ,100,100,62.47166,64.191,171.934,39
20260815_171300_5b901c,2023-03-06,600026.SH,300,300,21.786034,26.49054,1411.3518,39
20260815_171300_5b901c,2023-03-06,603399.SH,400,400,20.50177,21.0012,199.772,39
20260815_171300_5b901c,2023-03-07,000670.SZ,100,100,72.637802,83.5452,1090.7398,40
20260815_171300_5b901c,2023-03-07,002761.SZ,100,100,65.467509,66.642,117.4491,40
20260815_171300_5b901c,2023-03-07,000957.SZ,100,100,62.456589,62.48086,2.4271,40
20260815_171300_5b901c,2023-03-07,002244.SZ,100,100,62.47166,62.457843,-1.3817,40
20260815_171300_5b901c,2023-03-07,600026.SH,300,300,21.786034,25.57586,1136.9478,40
20260815_171300_5b901c,2023-03-07,603399.SH,400,400,20.50177,20.46198,-15.916,40
20260815_171300_5b901c,2023-03-08,000670.SZ,100,100,72.637802,84.4533,1181.5498,41
20260815_171300_5b901c,2023-03-08,002761.SZ,100,100,65.467509,66.36624,89.8731,41
20260815_171300_5b901c,2023-03-08,000957.SZ,100,100,62.456589,61.66278,-79.3809,41
20260815_171300_5b901c,2023-03-08,002244.SZ,100,100,62.47166,62.201079,-27.0581,41
20260815_171300_5b901c,2023-03-08,600026.SH,300,300,21.786034,25.71658,1179.1638,41
20260815_171300_5b901c,2023-03-08,603399.SH,400,400,20.50177,20.53293,12.464,41
20260815_171300_5b901c,2023-03-09,000670.SZ,100,100,72.637802,84.5542,1191.6398,42
20260815_171300_5b901c,2023-03-09,002761.SZ,100,100,65.467509,66.0292,56.1691,42
20260815_171300_5b901c,2023-03-09,000957.SZ,100,100,62.456589,62.3786,-7.7989,42
20260815_171300_5b901c,2023-03-09,002244.SZ,100,100,62.47166,62.329461,-14.2199,42
20260815_171300_5b901c,2023-03-09,600026.SH,300,300,21.786034,27.91533,1838.7888,42
20260815_171300_5b901c,2023-03-09,603399.SH,400,400,20.50177,20.77416,108.956,42
20260815_171300_5b901c,2023-03-10,000670.SZ,100,100,72.637802,82.3344,969.6598,43
20260815_171300_5b901c,2023-03-10,002761.SZ,100,100,65.467509,63.94568,-152.1829,43
20260815_171300_5b901c,2023-03-10,000957.SZ,100,100,62.456589,61.50939,-94.7199,43
20260815_171300_5b901c,2023-03-10,002244.SZ,100,100,62.47166,60.596304,-187.5356,43
20260815_171300_5b901c,2023-03-10,600026.SH,300,300,21.786034,27.63389,1754.3568,43
20260815_171300_5b901c,2023-03-10,603399.SH,400,400,20.50177,20.13561,-146.464,43
20260815_171300_5b901c,2023-03-13,000670.SZ,100,100,72.637802,82.3344,969.6598,44
20260815_171300_5b901c,2023-03-13,002761.SZ,100,100,65.467509,64.28272,-118.4789,44
20260815_171300_5b901c,2023-03-13,000957.SZ,100,100,62.456589,57.2656,-519.0989,44
20260815_171300_5b901c,2023-03-13,002244.SZ,100,100,62.47166,61.238214,-123.3446,44
20260815_171300_5b901c,2023-03-13,600026.SH,300,300,21.786034,28.44303,1997.0988,44
20260815_171300_5b901c,2023-03-13,603399.SH,400,400,20.50177,20.97282,188.42,44
20260815_171300_5b901c,2023-03-14,000670.SZ,100,100,72.637802,85.6641,1302.6298,45
20260815_171300_5b901c,2023-03-14,002761.SZ,100,100,65.467509,62.87328,-259.4229,45
20260815_171300_5b901c,2023-03-14,002244.SZ,100,100,62.47166,60.660495,-181.1165,45
20260815_171300_5b901c,2023-03-14,600026.SH,400,300,23.23462,25.59345,943.532,45
20260815_171300_5b901c,2023-03-14,603399.SH,500,400,20.612591,20.20656,-203.0155,45
20260815_171300_5b901c,2023-03-15,000670.SZ,100,100,72.637802,88.9938,1635.5998,46
20260815_171300_5b901c,2023-03-15,002761.SZ,100,100,65.467509,64.31336,-115.4149,46
20260815_171300_5b901c,2023-03-15,002244.SZ,100,100,62.47166,62.714607,24.2947,46
20260815_171300_5b901c,2023-03-15,600026.SH,400,400,23.23462,26.47295,1295.332,46
20260815_171300_5b901c,2023-03-15,603399.SH,500,500,20.612591,19.90857,-352.0105,46
20260815_171300_5b901c,2023-03-16,000670.SZ,100,100,72.637802,95.1487,2251.0898,47
20260815_171300_5b901c,2023-03-16,002761.SZ,100,100,65.467509,61.95408,-351.3429,47
20260815_171300_5b901c,2023-03-16,002244.SZ,100,100,62.47166,61.687551,-78.4109,47
20260815_171300_5b901c,2023-03-16,600026.SH,400,400,23.23462,24.64359,563.588,47
20260815_171300_5b901c,2023-03-16,603399.SH,500,500,20.612591,19.22745,-692.5705,47
20260815_171300_5b901c,2023-03-17,000670.SZ,100,100,72.637802,93.4334,2079.5598,48
20260815_171300_5b901c,2023-03-17,002761.SZ,100,100,65.467509,60.91232,-455.5189,48
20260815_171300_5b901c,2023-03-17,002244.SZ,100,100,62.47166,60.467922,-200.3738,48
20260815_171300_5b901c,2023-03-17,600026.SH,400,400,23.23462,24.50287,507.3,48
20260815_171300_5b901c,2023-03-17,603399.SH,500,500,20.612591,19.09974,-756.4255,48
20260815_171300_5b901c,2023-03-20,000670.SZ,100,100,72.637802,90.7091,1807.1298,49
20260815_171300_5b901c,2023-03-20,002761.SZ,100,100,65.467509,59.2884,-617.9109,49
20260815_171300_5b901c,2023-03-20,002244.SZ,100,100,62.47166,59.248293,-322.3367,49
20260815_171300_5b901c,2023-03-20,600026.SH,400,400,23.23462,24.85467,648.02,49
20260815_171300_5b901c,2023-03-20,603399.SH,500,500,20.612591,19.25583,-678.3805,49
20260815_171300_5b901c,2023-03-21,000670.SZ,100,100,72.637802,91.4154,1877.7598,50
20260815_171300_5b901c,2023-03-21,002244.SZ,200,100,60.993421,59.69763,-259.1582,50
20260815_171300_5b901c,2023-03-21,600026.SH,500,400,23.688129,25.89248,1102.1755,50
20260815_171300_5b901c,2023-03-21,603399.SH,700,500,20.235883,19.5822,-457.5781,50
20260815_171300_5b901c,2023-03-22,000670.SZ,100,100,72.637802,91.4154,1877.7598,51
20260815_171300_5b901c,2023-03-22,002244.SZ,200,200,60.993421,59.376675,-323.3492,51
20260815_171300_5b901c,2023-03-22,600026.SH,500,500,23.688129,25.43514,873.5055,51
20260815_171300_5b901c,2023-03-22,603399.SH,700,700,20.235883,19.92276,-219.1861,51
20260815_171300_5b901c,2023-03-23,000670.SZ,100,100,72.637802,92.5253,1988.7498,52
20260815_171300_5b901c,2023-03-23,002244.SZ,200,200,60.993421,58.798956,-438.893,52
20260815_171300_5b901c,2023-03-23,600026.SH,500,500,23.688129,24.85467,583.2705,52
20260815_171300_5b901c,2023-03-23,603399.SH,700,700,20.235883,19.73829,-348.3151,52
20260815_171300_5b901c,2023-03-24,000670.SZ,100,100,72.637802,90.5073,1786.9498,53
20260815_171300_5b901c,2023-03-24,002244.SZ,200,200,60.993421,59.248293,-349.0256,53
20260815_171300_5b901c,2023-03-24,600026.SH,500,500,23.688129,24.02794,169.9055,53
20260815_171300_5b901c,2023-03-24,603399.SH,700,700,20.235883,19.27002,-676.1041,53
20260815_171300_5b901c,2023-03-27,000670.SZ,100,100,72.637802,89.4983,1686.0498,54
20260815_171300_5b901c,2023-03-27,002244.SZ,200,200,60.993421,58.670574,-464.5694,54
20260815_171300_5b901c,2023-03-27,600026.SH,500,500,23.688129,24.43251,372.1905,54
20260815_171300_5b901c,2023-03-27,603399.SH,700,700,20.235883,19.07136,-815.1661,54
20260815_171300_5b901c,2023-03-28,000670.SZ,100,100,72.637802,86.1686,1353.0798,55
20260815_171300_5b901c,2023-03-28,002244.SZ,200,200,60.993421,58.349619,-528.7604,55
20260815_171300_5b901c,2023-03-28,600026.SH,500,500,23.688129,24.0983,205.0855,55
20260815_171300_5b901c,2023-03-28,603399.SH,700,700,20.235883,18.50376,-1212.4861,55
20260815_171300_5b901c,2023-03-29,000670.SZ,200,100,79.457067,86.8749,1483.5666,56
20260815_171300_5b901c,2023-03-29,002244.SZ,300,200,60.329285,59.376675,-285.783,56
20260815_171300_5b901c,2023-03-29,600026.SH,700,500,23.788769,23.71132,-54.2143,56
20260815_171300_5b901c,2023-03-30,000670.SZ,200,200,79.457067,85.1596,1140.5066,57
20260815_171300_5b901c,2023-03-30,002244.SZ,300,300,60.329285,58.927338,-420.5841,57
20260815_171300_5b901c,2023-03-30,600026.SH,700,700,23.788769,24.0983,216.6717,57
20260815_171300_5b901c,2023-03-31,000670.SZ,200,200,79.457067,85.765,1261.5866,58
20260815_171300_5b901c,2023-03-31,002244.SZ,300,300,60.329285,58.734765,-478.356,58
20260815_171300_5b901c,2023-03-31,600026.SH,700,700,23.788769,23.81686,19.6637,58
20260815_171300_5b901c,2023-04-03,000670.SZ,200,200,79.457067,88.2875,1766.0866,59
20260815_171300_5b901c,2023-04-03,002244.SZ,300,300,60.329285,60.403731,22.3338,59
20260815_171300_5b901c,2023-04-03,600026.SH,700,700,23.788769,21.96991,-1273.2013,59
20260815_171300_5b901c,2023-04-04,000756.SZ,100,0,49.896745,49.342248,-55.4497,1
20260815_171300_5b901c,2023-04-04,000716.SZ,200,0,32.877493,33.40389,105.2794,1
20260815_171300_5b901c,2023-04-04,002077.SZ,200,0,25.021244,25.7838,152.5112,1
20260815_171300_5b901c,2023-04-04,688248.SH,100,0,47.209349,46.49832,-71.1029,1
20260815_171300_5b901c,2023-04-04,300779.SZ,100,0,37.949691,37.56544,-38.4251,1
20260815_171300_5b901c,2023-04-06,000756.SZ,100,100,49.896745,51.57762,168.0875,2
20260815_171300_5b901c,2023-04-06,000716.SZ,200,200,32.877493,32.23116,-129.2666,2
20260815_171300_5b901c,2023-04-06,002077.SZ,200,200,25.021244,26.3424,264.2312,2
20260815_171300_5b901c,2023-04-06,688248.SH,100,100,47.209349,46.1472,-106.2149,2
20260815_171300_5b901c,2023-04-06,300779.SZ,100,100,37.949691,39.892864,194.3173,2
20260815_171300_5b901c,2023-04-07,000756.SZ,100,100,49.896745,50.65476,75.8015,3
20260815_171300_5b901c,2023-04-07,000716.SZ,200,200,32.877493,31.89069,-197.3606,3
20260815_171300_5b901c,2023-04-07,002077.SZ,200,200,25.021244,25.7397,143.6912,3
20260815_171300_5b901c,2023-04-07,688248.SH,100,100,47.209349,46.137168,-107.2181,3
20260815_171300_5b901c,2023-04-07,300779.SZ,100,100,37.949691,40.862624,291.2933,3
20260815_171300_5b901c,2023-04-10,000756.SZ,100,100,49.896745,50.101044,20.4299,4
20260815_171300_5b901c,2023-04-10,000716.SZ,200,200,32.877493,31.3989,-295.7186,4
20260815_171300_5b901c,2023-04-10,002077.SZ,200,200,25.021244,24.7254,-59.1688,4
20260815_171300_5b901c,2023-04-10,688248.SH,100,100,47.209349,47.672064,46.2715,4
20260815_171300_5b901c,2023-04-10,300779.SZ,100,100,37.949691,40.709504,275.9813,4
20260815_171300_5b901c,2023-04-11,000756.SZ,100,100,49.896745,49.977996,8.1251,5
20260815_171300_5b901c,2023-04-11,000716.SZ,200,200,32.877493,31.13409,-348.6806,5
20260815_171300_5b901c,2023-04-11,002077.SZ,200,200,25.021244,24.9018,-23.8888,5
20260815_171300_5b901c,2023-04-11,688248.SH,100,100,47.209349,47.05008,-15.9269,5
20260815_171300_5b901c,2023-04-11,300779.SZ,100,100,37.949691,40.086816,213.7125,5
20260815_171300_5b901c,2023-04-12,000756.SZ,100,100,49.896745,49.403772,-49.2973,6
20260815_171300_5b901c,2023-04-12,000716.SZ,200,200,32.877493,30.71796,-431.9066,6
20260815_171300_5b901c,2023-04-12,002077.SZ,200,200,25.021244,24.5931,-85.6288,6
20260815_171300_5b901c,2023-04-12,688248.SH,100,100,47.209349,46.076976,-113.2373,6
20260815_171300_5b901c,2023-04-12,300779.SZ,100,100,37.949691,39.852032,190.2341,6
20260815_171300_5b901c,2023-04-13,000756.SZ,100,100,49.896745,49.52682,-36.9925,7
20260815_171300_5b901c,2023-04-13,000716.SZ,200,200,32.877493,31.58805,-257.8886,7
20260815_171300_5b901c,2023-04-13,002077.SZ,200,200,25.021244,23.52,-300.2488,7
20260815_171300_5b901c,2023-04-13,688248.SH,100,100,47.209349,46.09704,-111.2309,7
20260815_171300_5b901c,2023-04-13,300779.SZ,100,100,37.949691,39.882656,193.2965,7
20260815_171300_5b901c,2023-04-14,000756.SZ,100,100,49.896745,49.957488,6.0743,8
20260815_171300_5b901c,2023-04-14,000716.SZ,200,200,32.877493,30.6423,-447.0386,8
20260815_171300_5b901c,2023-04-14,002077.SZ,200,200,25.021244,23.7993,-244.3888,8
20260815_171300_5b901c,2023-04-14,688248.SH,100,100,47.209349,46.59864,-61.0709,8
20260815_171300_5b901c,2023-04-14,300779.SZ,100,100,37.949691,39.892864,194.3173,8
20260815_171300_5b901c,2023-04-17,000756.SZ,100,100,49.896745,50.531712,63.4967,9
20260815_171300_5b901c,2023-04-17,000716.SZ,200,200,32.877493,30.52881,-469.7366,9
20260815_171300_5b901c,2023-04-17,002077.SZ,200,200,25.021244,23.6376,-276.7288,9
20260815_171300_5b901c,2023-04-17,688248.SH,100,100,47.209349,47.10024,-10.9109,9
20260815_171300_5b901c,2023-04-17,300779.SZ,100,100,37.949691,39.086432,113.6741,9
20260815_171300_5b901c,2023-04-18,000756.SZ,100,100,49.896745,50.839332,94.2587,10
20260815_171300_5b901c,2023-04-18,000716.SZ,200,200,32.877493,31.09626,-356.2466,10
20260815_171300_5b901c,2023-04-18,002077.SZ,200,200,25.021244,22.9173,-420.7888,10
20260815_171300_5b901c,2023-04-18,688248.SH,100,100,47.209349,48.173664,96.4315,10
20260815_171300_5b901c,2023-04-18,300779.SZ,100,100,37.949691,38.28,33.0309,10
20260815_171300_5b901c,2023-04-19,000756.SZ,200,100,50.420353,49.444788,-195.113,11
20260815_171300_5b901c,2023-04-19,000716.SZ,400,200,31.873745,30.86928,-401.786,11
20260815_171300_5b901c,2023-04-19,688248.SH,200,100,47.621176,48.273984,130.5616,11
20260815_171300_5b901c,2023-04-19,300779.SZ,300,100,38.208617,37.014208,-358.3227,11
20260815_171300_5b901c,2023-04-20,000756.SZ,200,200,50.420353,49.670376,-149.9954,12
20260815_171300_5b901c,2023-04-20,000716.SZ,400,400,31.873745,30.33966,-613.634,12
20260815_171300_5b901c,2023-04-20,688248.SH,200,200,47.621176,45.184128,-487.4096,12
20260815_171300_5b901c,2023-04-20,300779.SZ,300,300,38.208617,36.248608,-588.0027,12
20260815_171300_5b901c,2023-04-21,000756.SZ,200,200,50.420353,52.70556,457.0414,13
20260815_171300_5b901c,2023-04-21,000716.SZ,400,400,31.873745,28.56165,-1324.838,13
20260815_171300_5b901c,2023-04-21,688248.SH,200,200,47.621176,43.94016,-736.2032,13
20260815_171300_5b901c,2023-04-21,300779.SZ,300,300,38.208617,35.534048,-802.3707,13
20260815_171300_5b901c,2023-04-24,000756.SZ,300,200,51.717395,57.4224,1711.5015,14
20260815_171300_5b901c,2023-04-24,688248.SH,400,200,45.697646,42.244752,-1381.1576,14
20260815_171300_5b901c,2023-04-24,300779.SZ,400,300,37.418211,36.258816,-463.758,14
20260815_171300_5b901c,2023-04-25,000756.SZ,300,300,51.717395,53.3208,481.0215,15
20260815_171300_5b901c,2023-04-25,688248.SH,400,400,45.697646,39.736752,-2384.3576,15
20260815_171300_5b901c,2023-04-25,300779.SZ,400,400,37.418211,35.972992,-578.0876,15
20260815_171300_5b901c,2023-04-26,000756.SZ,400,300,51.98091,54.14112,864.084,16
20260815_171300_5b901c,2023-04-26,300779.SZ,700,400,36.875051,36.18736,-481.3837,16
20260815_171300_5b901c,2023-04-27,000756.SZ,400,400,51.98091,56.335476,1741.8264,17
20260815_171300_5b901c,2023-04-27,300779.SZ,700,700,36.875051,39.96432,2162.4883,17
20260815_171300_5b901c,2023-04-28,000756.SZ,400,400,51.98091,55.248552,1307.0568,18
20260815_171300_5b901c,2023-04-28,300779.SZ,700,700,36.875051,38.7904,1340.7443,18
20260815_171300_5b901c,2023-05-04,000756.SZ,400,400,51.98091,53.73096,700.02,19
20260815_171300_5b901c,2023-05-04,300779.SZ,700,700,36.875051,37.728768,597.6019,19
20260815_171300_5b901c,2023-05-05,000756.SZ,400,400,51.98091,50.55222,-571.476,20
20260815_171300_5b901c,2023-05-05,300779.SZ,700,700,36.875051,37.728768,597.6019,20
20260815_171300_5b901c,2023-05-08,000756.SZ,400,400,51.98091,46.96332,-2007.036,21
20260815_171300_5b901c,2023-05-08,300779.SZ,700,700,36.875051,34.778656,-1467.4765,21
20260815_171300_5b901c,2023-05-09,300779.SZ,1300,700,35.894532,35.105312,-1025.986,22
20260815_171300_5b901c,2023-05-10,300779.SZ,1300,1300,35.894532,36.861088,1256.5228,23
20260815_171300_5b901c,2023-05-11,300779.SZ,1300,1300,35.894532,37.851264,2543.7516,24
20260815_171300_5b901c,2023-05-12,300779.SZ,1300,1300,35.894532,39.821408,5104.9388,25
20260815_171300_5b901c,2023-05-15,300779.SZ,1300,1300,35.894532,42.853184,9046.2476,26
20260815_171300_5b901c,2023-05-16,300779.SZ,1300,1300,35.894532,47.538656,15137.3612,27
20260815_171300_5b901c,2023-05-17,300779.SZ,1300,1300,35.894532,49.284224,17406.5996,28
20260815_171300_5b901c,2023-05-18,300779.SZ,1300,1300,35.894532,49.733376,17990.4972,29
20260815_171300_5b901c,2023-05-19,300779.SZ,1300,1300,35.894532,48.79424,16769.6204,30
20260815_171300_5b901c,2023-05-22,300779.SZ,1300,1300,35.894532,54.898624,24705.3196,31
20260815_171300_5b901c,2023-05-23,300779.SZ,1300,1300,35.894532,52.11184,21082.5004,32
20260815_171300_5b901c,2023-05-24,300779.SZ,1300,1300,35.894532,51.75456,20618.0364,33
20260815_171300_5b901c,2023-05-25,300779.SZ,1300,1300,35.894532,52.428288,21493.8828,34
20260815_171300_5b901c,2023-05-26,300779.SZ,1300,1300,35.894532,53.347008,22688.2188,35
20260815_171300_5b901c,2023-05-29,300779.SZ,1300,1300,35.894532,54.25552,23869.2844,36
20260815_171300_5b901c,2023-05-30,300779.SZ,1300,1300,35.894532,53.979904,23510.9836,37
20260815_171300_5b901c,2023-05-31,300779.SZ,1300,1300,35.894532,55.99088,26125.2524,38
20260815_171300_5b901c,2023-06-01,300779.SZ,1300,1300,35.894532,54.06195,23617.6434,39
20260815_171300_5b901c,2023-06-02,300779.SZ,1300,1300,35.894532,54.77665,24546.7534,40
20260815_171300_5b901c,2023-06-05,300779.SZ,1300,1300,35.894532,56.34899,26590.7954,41
20260815_171300_5b901c,2023-06-06,300779.SZ,1300,1300,35.894532,59.99396,31329.2564,42
20260815_171300_5b901c,2023-06-07,300779.SZ,1300,1300,35.894532,60.04501,31395.6214,43
20260815_171300_5b901c,2023-06-08,300779.SZ,1300,1300,35.894532,58.44204,29311.7604,44
20260815_171300_5b901c,2023-06-09,300779.SZ,1300,1300,35.894532,58.23784,29046.3004,45
20260815_171300_5b901c,2023-06-12,300779.SZ,1300,1300,35.894532,58.197,28993.2084,46
20260815_171300_5b901c,2023-06-13,300779.SZ,1300,1300,35.894532,56.13458,26312.0624,47
20260815_171300_5b901c,2023-06-14,300779.SZ,1300,1300,35.894532,55.45051,25422.7714,48
20260815_171300_5b901c,2023-06-15,300779.SZ,1300,1300,35.894532,58.4012,29258.6684,49
20260815_171300_5b901c,2023-06-16,300779.SZ,1300,1300,35.894532,56.89012,27294.2644,50
20260815_171300_5b901c,2023-06-19,300779.SZ,1300,1300,35.894532,56.32857,26564.2494,51
20260815_171300_5b901c,2023-06-20,300779.SZ,1300,1300,35.894532,55.61387,25635.1394,52
20260815_171300_5b901c,2023-06-21,300779.SZ,1300,1300,35.894532,55.67513,25714.7774,53
20260815_171300_5b901c,2023-06-26,300779.SZ,1300,1300,35.894532,54.07216,23630.9164,54
20260815_171300_5b901c,2023-06-27,300779.SZ,1300,1300,35.894532,54.51119,24201.6554,55
20260815_171300_5b901c,2023-06-28,300779.SZ,1300,1300,35.894532,54.12321,23697.2814,56
20260815_171300_5b901c,2023-06-29,300779.SZ,1300,1300,35.894532,54.35804,24002.5604,57
20260815_171300_5b901c,2023-06-30,300779.SZ,1300,1300,35.894532,54.40909,24068.9254,58
20260815_171300_5b901c,2023-07-03,300779.SZ,1300,1300,35.894532,54.81749,24599.8454,59
20260815_171300_5b901c,2023-07-04,300795.SZ,100,0,67.222439,65.73,-149.2439,1
20260815_171300_5b901c,2023-07-04,002077.SZ,400,0,22.092287,22.491,159.4852,1
20260815_171300_5b901c,2023-07-04,603283.SH,100,0,47.583377,50.3118,272.8423,1
20260815_171300_5b901c,2023-07-05,300795.SZ,100,100,67.222439,64.80665,-241.5789,2
20260815_171300_5b901c,2023-07-05,002077.SZ,400,400,22.092287,22.0941,0.7252,2
20260815_171300_5b901c,2023-07-05,603283.SH,100,100,47.583377,49.01589,143.2513,2
20260815_171300_5b901c,2023-07-06,300795.SZ,100,100,67.222439,64.6971,-252.5339,3
20260815_171300_5b901c,2023-07-06,002077.SZ,400,400,22.092287,22.0206,-28.6748,3
20260815_171300_5b901c,2023-07-06,603283.SH,100,100,47.583377,49.16835,158.4973,3
20260815_171300_5b901c,2023-07-07,300795.SZ,100,100,67.222439,64.8223,-240.0139,4
20260815_171300_5b901c,2023-07-07,002077.SZ,400,400,22.092287,21.7413,-140.3948,4
20260815_171300_5b901c,2023-07-07,603283.SH,100,100,47.583377,47.89422,31.0843,4
20260815_171300_5b901c,2023-07-10,300795.SZ,100,100,67.222439,64.2589,-296.3539,5
20260815_171300_5b901c,2023-07-10,002077.SZ,400,400,22.092287,21.8001,-116.8748,5
20260815_171300_5b901c,2023-07-10,603283.SH,100,100,47.583377,46.26072,-132.2657,5
20260815_171300_5b901c,2023-07-11,300795.SZ,100,100,67.222439,64.8536,-236.8839,6
20260815_171300_5b901c,2023-07-11,002077.SZ,400,400,22.092287,22.2705,71.2852,6
20260815_171300_5b901c,2023-07-11,603283.SH,100,100,47.583377,48.23181,64.8433,6
20260815_171300_5b901c,2023-07-12,300795.SZ,100,100,67.222439,62.4122,-481.0239,7
20260815_171300_5b901c,2023-07-12,002077.SZ,400,400,22.092287,21.7266,-146.2748,7
20260815_171300_5b901c,2023-07-12,603283.SH,100,100,47.583377,43.40754,-417.5837,7
20260815_171300_5b901c,2023-07-13,300795.SZ,500,100,63.862884,64.5093,323.208,8
20260815_171300_5b901c,2023-07-13,002077.SZ,1600,400,22.081248,23.9022,2913.5232,8
20260815_171300_5b901c,2023-07-14,300795.SZ,500,500,63.862884,63.52335,-169.767,9
20260815_171300_5b901c,2023-07-14,002077.SZ,1600,1600,22.081248,24.4167,3736.7232,9
20260815_171300_5b901c,2023-07-17,300795.SZ,500,500,63.862884,60.67505,-1593.917,10
20260815_171300_5b901c,2023-07-17,002077.SZ,1600,1600,22.081248,24.3726,3666.1632,10
20260815_171300_5b901c,2023-07-18,300795.SZ,500,500,63.862884,60.0647,-1899.092,11
20260815_171300_5b901c,2023-07-18,002077.SZ,1600,1600,22.081248,25.1958,4983.2832,11
20260815_171300_5b901c,2023-07-19,300795.SZ,500,500,63.862884,59.79865,-2032.117,12
20260815_171300_5b901c,2023-07-19,002077.SZ,1600,1600,22.081248,25.6221,5665.3632,12
20260815_171300_5b901c,2023-07-20,300795.SZ,500,500,63.862884,59.42305,-2219.917,13
20260815_171300_5b901c,2023-07-20,002077.SZ,1600,1600,22.081248,24.5196,3901.3632,13
20260815_171300_5b901c,2023-07-21,300795.SZ,500,500,63.862884,59.6891,-2086.892,14
20260815_171300_5b901c,2023-07-21,002077.SZ,1600,1600,22.081248,24.6078,4042.4832,14
20260815_171300_5b901c,2023-07-24,300795.SZ,500,500,63.862884,59.36045,-2251.217,15
20260815_171300_5b901c,2023-07-24,002077.SZ,1600,1600,22.081248,24.9606,4606.9632,15
20260815_171300_5b901c,2023-07-25,300795.SZ,500,500,63.862884,62.02095,-920.967,16
20260815_171300_5b901c,2023-07-25,002077.SZ,1600,1600,22.081248,24.9606,4606.9632,16
20260815_171300_5b901c,2023-07-26,300795.SZ,500,500,63.862884,60.36205,-1750.417,17
20260815_171300_5b901c,2023-07-26,002077.SZ,1600,1600,22.081248,25.2546,5077.3632,17
20260815_171300_5b901c,2023-07-27,300795.SZ,500,500,63.862884,58.6875,-2587.692,18
20260815_171300_5b901c,2023-07-27,002077.SZ,1600,1600,22.081248,24.5637,3971.9232,18
20260815_171300_5b901c,2023-07-28,002077.SZ,3000,1600,23.178503,24.0345,2567.991,19
20260815_171300_5b901c,2023-07-31,002077.SZ,3000,3000,23.178503,24.3579,3538.191,20
20260815_171300_5b901c,2023-08-01,002077.SZ,3000,3000,23.178503,24.3726,3582.291,21
20260815_171300_5b901c,2023-08-02,002077.SZ,3000,3000,23.178503,23.6523,1421.391,22
20260815_171300_5b901c,2023-08-03,002077.SZ,3000,3000,23.178503,23.0055,-519.009,23
20260815_171300_5b901c,2023-08-04,002077.SZ,3000,3000,23.178503,23.226,142.491,24
20260815_171300_5b901c,2023-08-07,002077.SZ,3000,3000,23.178503,23.079,-298.509,25
20260815_171300_5b901c,2023-08-08,002077.SZ,3000,3000,23.178503,22.8144,-1092.309,26
20260815_171300_5b901c,2023-08-09,002077.SZ,3000,3000,23.178503,22.5204,-1974.309,27
20260815_171300_5b901c,2023-08-10,002077.SZ,3000,3000,23.178503,22.6527,-1577.409,28
20260815_171300_5b901c,2023-08-11,002077.SZ,3000,3000,23.178503,22.0059,-3517.809,29
20260815_171300_5b901c,2023-08-14,002077.SZ,3000,3000,23.178503,22.1823,-2988.609,30
20260815_171300_5b901c,2023-08-15,002077.SZ,3000,3000,23.178503,21.8442,-4002.909,31
20260815_171300_5b901c,2023-08-16,002077.SZ,3000,3000,23.178503,21.2268,-5855.109,32
20260815_171300_5b901c,2023-10-10,601858.SH,200,0,36.173569,35.27568,-179.5778,1
20260815_171300_5b901c,2023-10-11,601858.SH,200,200,36.173569,33.42438,-549.8378,2
20260815_171300_5b901c,2023-10-12,601858.SH,200,200,36.173569,32.538,-727.1138,3
20260815_171300_5b901c,2024-01-03,300606.SZ,100,0,54.034952,53.7481,-28.6852,1
20260815_171300_5b901c,2024-01-03,603918.SH,100,0,63.853733,63.24255,-61.1183,1
20260815_171300_5b901c,2024-01-03,300735.SZ,100,0,44.032983,43.01848,-101.4503,1
20260815_171300_5b901c,2024-01-03,002654.SZ,100,0,74.695051,78.27276,357.7709,1
20260815_171300_5b901c,2024-01-03,300580.SZ,100,0,47.122922,46.8076,-31.5322,1
20260815_171300_5b901c,2024-01-04,300606.SZ,100,100,54.034952,51.82069,-221.4262,2
20260815_171300_5b901c,2024-01-04,603918.SH,100,100,63.853733,62.14422,-170.9513,2
20260815_171300_5b901c,2024-01-04,300735.SZ,100,100,44.032983,42.63867,-139.4313,2
20260815_171300_5b901c,2024-01-04,002654.SZ,100,100,74.695051,83.0637,836.8649,2
20260815_171300_5b901c,2024-01-04,300580.SZ,100,100,47.122922,45.54123,-158.1692,2
20260815_171300_5b901c,2024-01-05,300606.SZ,100,100,54.034952,50.33204,-370.2912,3
20260815_171300_5b901c,2024-01-05,603918.SH,100,100,63.853733,60.16014,-369.3593,3
20260815_171300_5b901c,2024-01-05,300735.SZ,100,100,44.032983,41.73912,-229.3863,3
20260815_171300_5b901c,2024-01-05,002654.SZ,100,100,74.695051,79.3305,463.5449,3
20260815_171300_5b901c,2024-01-05,300580.SZ,100,100,47.122922,44.7237,-239.9222,3
20260815_171300_5b901c,2024-01-08,300606.SZ,100,100,54.034952,48.52999,-550.4962,4
20260815_171300_5b901c,2024-01-08,603918.SH,100,100,63.853733,59.38068,-447.3053,4
20260815_171300_5b901c,2024-01-08,300735.SZ,100,100,44.032983,40.71963,-331.3353,4
20260815_171300_5b901c,2024-01-08,002654.SZ,100,100,74.695051,73.35738,-133.7671,4
20260815_171300_5b901c,2024-01-08,300580.SZ,100,100,47.122922,43.72984,-339.3082,4
20260815_171300_5b901c,2024-01-09,603918.SH,200,100,61.902647,59.80584,-419.3614,5
20260815_171300_5b901c,2024-01-09,300735.SZ,300,100,42.05817,40.19989,-557.484,5
20260815_171300_5b901c,2024-01-09,002654.SZ,200,100,74.414711,71.553,-572.3422,5
20260815_171300_5b901c,2024-01-09,300580.SZ,300,100,45.004316,44.51531,-146.7018,5
20260815_171300_5b901c,2024-01-10,603918.SH,200,200,61.902647,57.3966,-901.2094,6
20260815_171300_5b901c,2024-01-10,300735.SZ,300,300,42.05817,39.5802,-743.391,6
20260815_171300_5b901c,2024-01-10,002654.SZ,200,200,74.414711,68.81532,-1119.8782,6
20260815_171300_5b901c,2024-01-10,300580.SZ,300,300,45.004316,43.29703,-512.1858,6
20260815_171300_5b901c,2024-01-11,603918.SH,200,200,61.902647,60.231,-334.3294,7
20260815_171300_5b901c,2024-01-11,300735.SZ,300,300,42.05817,40.41978,-491.517,7
20260815_171300_5b901c,2024-01-11,002654.SZ,200,200,74.414711,70.9308,-696.7822,7
20260815_171300_5b901c,2024-01-11,300580.SZ,300,300,45.004316,43.26497,-521.8038,7
20260815_171300_5b901c,2024-01-12,603918.SH,200,200,61.902647,58.4595,-688.6294,8
20260815_171300_5b901c,2024-01-12,300735.SZ,300,300,42.05817,39.68015,-713.406,8
20260815_171300_5b901c,2024-01-12,002654.SZ,200,200,74.414711,68.56644,-1169.6542,8
20260815_171300_5b901c,2024-01-12,300580.SZ,300,300,45.004316,43.04055,-589.1298,8
20260815_171300_5b901c,2024-01-15,603918.SH,200,200,61.902647,58.74294,-631.9414,9
20260815_171300_5b901c,2024-01-15,300735.SZ,300,300,42.05817,39.90004,-647.439,9
20260815_171300_5b901c,2024-01-15,002654.SZ,200,200,74.414711,69.62418,-958.1062,9
20260815_171300_5b901c,2024-01-15,300580.SZ,300,300,45.004316,42.62377,-714.1638,9
20260815_171300_5b901c,2024-01-16,603918.SH,200,200,61.902647,57.99891,-780.7474,10
20260815_171300_5b901c,2024-01-16,300735.SZ,300,300,42.05817,39.40029,-797.364,10
20260815_171300_5b901c,2024-01-16,002654.SZ,200,200,74.414711,68.50422,-1182.0982,10
20260815_171300_5b901c,2024-01-16,300580.SZ,300,300,45.004316,42.6398,-709.3548,10
20260815_171300_5b901c,2024-01-17,603918.SH,200,200,61.902647,57.32574,-915.3814,11
20260815_171300_5b901c,2024-01-17,300735.SZ,300,300,42.05817,38.3808,-1103.211,11
20260815_171300_5b901c,2024-01-17,002654.SZ,200,200,74.414711,67.01094,-1480.7542,11
20260815_171300_5b901c,2024-01-17,300580.SZ,300,300,45.004316,41.43755,-1070.0298,11
20260815_171300_5b901c,2024-01-18,603918.SH,500,200,58.177846,58.42407,123.112,12
20260815_171300_5b901c,2024-01-18,300580.SZ,700,300,42.665596,41.0368,-1140.1572,12
20260815_171300_5b901c,2024-01-19,603918.SH,500,500,58.177846,56.97144,-603.203,13
20260815_171300_5b901c,2024-01-19,300580.SZ,700,700,42.665596,40.68414,-1387.0192,13
20260815_171300_5b901c,2024-01-22,603918.SH,500,500,58.177846,54.24333,-1967.258,14
20260815_171300_5b901c,2024-01-22,300580.SZ,700,700,42.665596,38.08728,-3204.8212,14
20260815_171300_5b901c,2024-01-23,603918.SH,1000,500,55.942965,55.69596,-247.005,15
20260815_171300_5b901c,2024-01-24,603918.SH,1000,1000,55.942965,59.84127,3898.305,16
20260815_171300_5b901c,2024-01-25,603918.SH,1000,1000,55.942965,65.82894,9885.975,17
20260815_171300_5b901c,2024-01-26,603918.SH,1000,1000,55.942965,62.21508,6272.115,18
20260815_171300_5b901c,2024-01-29,603918.SH,1000,1000,55.942965,57.0423,1099.335,19
20260815_171300_5b901c,2024-01-30,603918.SH,1000,1000,55.942965,55.48338,-459.585,20
20260815_171300_5b901c,2024-01-31,603918.SH,1000,1000,55.942965,49.92087,-6022.095,21
20260815_171300_5b901c,2024-04-02,000766.SZ,100,0,61.711538,60.98088,-73.0658,1
20260815_171300_5b901c,2024-04-02,603767.SH,200,0,25.399115,24.58814,-162.195,1
20260815_171300_5b901c,2024-04-02,300926.SZ,100,0,53.818652,52.22349,-159.5162,1
20260815_171300_5b901c,2024-04-02,601918.SH,400,0,13.695982,13.9026,82.6472,1
20260815_171300_5b901c,2024-04-03,000766.SZ,100,100,61.711538,61.1116,-59.9938,2
20260815_171300_5b901c,2024-04-03,603767.SH,200,200,25.399115,23.8752,-304.783,2
20260815_171300_5b901c,2024-04-03,300926.SZ,100,100,53.818652,50.34992,-346.8732,2
20260815_171300_5b901c,2024-04-03,601918.SH,400,400,13.695982,14.2222,210.4872,2
20260815_171300_5b901c,2024-04-08,000766.SZ,100,100,61.711538,57.90896,-380.2578,3
20260815_171300_5b901c,2024-04-08,603767.SH,200,200,25.399115,24.40576,-198.671,3
20260815_171300_5b901c,2024-04-08,300926.SZ,100,100,53.818652,49.93155,-388.7102,3
20260815_171300_5b901c,2024-04-08,601918.SH,400,400,13.695982,13.75878,25.1192,3
20260815_171300_5b901c,2024-04-09,000766.SZ,100,100,61.711538,59.34688,-236.4658,4
20260815_171300_5b901c,2024-04-09,603767.SH,200,200,25.399115,25.23476,-32.871,4
20260815_171300_5b901c,2024-04-09,300926.SZ,100,100,53.818652,50.2044,-361.4252,4
20260815_171300_5b901c,2024-04-09,601918.SH,400,400,13.695982,14.28612,236.0552,4
20260815_171300_5b901c,2024-04-10,000766.SZ,100,100,61.711538,56.6998,-501.1738,5
20260815_171300_5b901c,2024-04-10,603767.SH,200,200,25.399115,24.43892,-192.039,5
20260815_171300_5b901c,2024-04-10,300926.SZ,100,100,53.818652,49.04024,-477.8412,5
20260815_171300_5b901c,2024-04-10,601918.SH,400,400,13.695982,14.7016,402.2472,5
20260815_171300_5b901c,2024-04-11,603767.SH,1000,200,24.336669,24.65446,317.791,6
20260815_171300_5b901c,2024-04-11,601918.SH,1600,400,14.379981,15.2609,1409.4704,6
20260815_171300_5b901c,2024-04-12,603767.SH,1000,1000,24.336669,24.07416,-262.509,7
20260815_171300_5b901c,2024-04-12,601918.SH,1600,1600,14.379981,15.13306,1204.9264,7
20260815_171300_5b901c,2024-04-15,603767.SH,1000,1000,24.336669,22.73118,-1605.489,8
20260815_171300_5b901c,2024-04-15,601918.SH,1600,1600,14.379981,15.30884,1486.1744,8
20260815_171300_5b901c,2024-04-16,603767.SH,1000,1000,24.336669,20.45972,-3876.949,9
20260815_171300_5b901c,2024-04-16,601918.SH,1600,1600,14.379981,14.6217,386.7504,9
20260815_171300_5b901c,2024-04-17,601918.SH,3000,1600,14.478914,14.7016,668.058,10
20260815_171300_5b901c,2024-04-18,601918.SH,3000,3000,14.478914,14.35004,-386.622,11
20260815_171300_5b901c,2024-04-19,601918.SH,3000,3000,14.478914,14.63768,476.298,12
20260815_171300_5b901c,2024-04-22,601918.SH,3000,3000,14.478914,14.03044,-1345.422,13
20260815_171300_5b901c,2024-04-23,601918.SH,3000,3000,14.478914,13.91858,-1681.002,14
20260815_171300_5b901c,2024-04-24,601918.SH,3000,3000,14.478914,14.36602,-338.682,15
20260815_171300_5b901c,2024-04-25,601918.SH,3000,3000,14.478914,14.17426,-913.962,16
20260815_171300_5b901c,2024-04-26,601918.SH,3000,3000,14.478914,14.39798,-242.802,17
20260815_171300_5b901c,2024-04-29,601918.SH,3000,3000,14.478914,14.0624,-1249.542,18
20260815_171300_5b901c,2024-04-30,601918.SH,3000,3000,14.478914,14.35004,-386.622,19
20260815_171300_5b901c,2024-05-06,601918.SH,3000,3000,14.478914,14.31808,-482.502,20
20260815_171300_5b901c,2024-05-07,601918.SH,3000,3000,14.478914,14.6217,428.358,21
20260815_171300_5b901c,2024-05-08,601918.SH,3000,3000,14.478914,14.8614,1147.458,22
20260815_171300_5b901c,2024-05-09,601918.SH,3000,3000,14.478914,14.82944,1051.578,23
20260815_171300_5b901c,2024-05-10,601918.SH,3000,3000,14.478914,15.5006,3065.058,24
20260815_171300_5b901c,2024-05-13,601918.SH,3000,3000,14.478914,15.80422,3975.918,25
20260815_171300_5b901c,2024-05-14,601918.SH,3000,3000,14.478914,15.56452,3256.818,26
20260815_171300_5b901c,2024-05-15,601918.SH,3000,3000,14.478914,15.51658,3112.998,27
20260815_171300_5b901c,2024-05-16,601918.SH,3000,3000,14.478914,15.27688,2393.898,28
20260815_171300_5b901c,2024-05-17,601918.SH,3000,3000,14.478914,15.48462,3017.118,29
20260815_171300_5b901c,2024-05-20,601918.SH,3000,3000,14.478914,15.93206,4359.438,30
20260815_171300_5b901c,2024-05-21,601918.SH,3000,3000,14.478914,16.39548,5749.698,31
20260815_171300_5b901c,2024-05-22,601918.SH,3000,3000,14.478914,15.77226,3880.038,32
20260815_171300_5b901c,2024-05-23,601918.SH,3000,3000,14.478914,15.70834,3688.278,33
20260815_171300_5b901c,2024-05-24,601918.SH,3000,3000,14.478914,15.48462,3017.118,34
20260815_171300_5b901c,2024-05-27,601918.SH,3000,3000,14.478914,15.8202,4023.858,35
20260815_171300_5b901c,2024-05-28,601918.SH,3000,3000,14.478914,16.09186,4838.838,36
20260815_171300_5b901c,2024-05-29,601918.SH,3000,3000,14.478914,16.20372,5174.418,37
20260815_171300_5b901c,2024-05-30,601918.SH,3000,3000,14.478914,16.50734,6085.278,38
20260815_171300_5b901c,2024-05-31,601918.SH,3000,3000,14.478914,16.82694,7044.078,39
20260815_171300_5b901c,2024-06-03,601918.SH,3000,3000,14.478914,16.33156,5557.938,40
20260815_171300_5b901c,2024-06-04,601918.SH,3000,3000,14.478914,16.47538,5989.398,41
20260815_171300_5b901c,2024-06-05,601918.SH,3000,3000,14.478914,16.09186,4838.838,42
20260815_171300_5b901c,2024-06-06,601918.SH,3000,3000,14.478914,16.07588,4790.898,43
20260815_171300_5b901c,2024-06-07,601918.SH,3000,3000,14.478914,16.57126,6277.038,44
20260815_171300_5b901c,2024-06-11,601918.SH,3000,3000,14.478914,16.01196,4599.138,45
20260815_171300_5b901c,2024-06-12,601918.SH,3000,3000,14.478914,16.42744,5845.578,46
20260815_171300_5b901c,2024-06-13,601918.SH,3000,3000,14.478914,16.44342,5893.518,47
20260815_171300_5b901c,2024-06-14,601918.SH,3000,3000,14.478914,16.44342,5893.518,48
20260815_171300_5b901c,2024-06-17,601918.SH,3000,3000,14.478914,15.98,4503.258,49
20260815_171300_5b901c,2024-06-18,601918.SH,3000,3000,14.478914,15.98,4503.258,50
20260815_171300_5b901c,2024-06-19,601918.SH,3000,3000,14.478914,15.70834,3688.278,51
20260815_171300_5b901c,2024-06-20,601918.SH,3000,3000,14.478914,16.2996,5462.058,52
20260815_171300_5b901c,2024-06-21,601918.SH,3000,3000,14.478914,16.348752,5609.514,53
20260815_171300_5b901c,2024-06-24,601918.SH,3000,3000,14.478914,16.137905,4976.973,54
20260815_171300_5b901c,2024-06-25,601918.SH,3000,3000,14.478914,16.021408,4627.482,55
20260815_171300_5b901c,2024-06-26,601918.SH,3000,3000,14.478914,16.02536,4639.338,56
20260815_171300_5b901c,2024-06-27,601918.SH,3000,3000,14.478914,15.52254,3130.878,57
20260815_171300_5b901c,2024-06-28,601918.SH,3000,3000,14.478914,15.8145,4006.758,58
20260815_171300_5b901c,2024-07-01,601918.SH,3000,3000,14.478914,16.67416,6585.738,59
20260815_171300_5b901c,2024-07-02,000766.SZ,100,0,52.516977,52.22264,-29.4337,1
20260815_171300_5b901c,2024-07-02,603178.SH,200,0,22.838578,22.55638,-56.4396,1
20260815_171300_5b901c,2024-07-02,002521.SZ,100,0,42.736564,42.8274,9.0836,1
20260815_171300_5b901c,2024-07-02,002270.SZ,100,0,55.055627,52.26624,-278.9387,1
20260815_171300_5b901c,2024-07-02,603050.SH,100,0,51.228719,49.99527,-123.3449,1
20260815_171300_5b901c,2024-07-02,603099.SH,200,0,23.572956,23.60526,6.4608,1
20260815_171300_5b901c,2024-07-02,603530.SH,200,0,26.473217,25.77196,-140.2514,1
20260815_171300_5b901c,2024-07-03,000766.SZ,100,100,52.516977,52.15728,-35.9697,2
20260815_171300_5b901c,2024-07-03,603178.SH,200,200,22.838578,21.99617,-168.4816,2
20260815_171300_5b901c,2024-07-03,002521.SZ,100,100,42.736564,42.8995,16.2936,2
20260815_171300_5b901c,2024-07-03,002270.SZ,100,100,55.055627,48.99648,-605.9147,2
20260815_171300_5b901c,2024-07-03,603050.SH,100,100,51.228719,51.02981,-19.8909,2
20260815_171300_5b901c,2024-07-03,603099.SH,200,200,23.572956,23.95512,76.4328,2
20260815_171300_5b901c,2024-07-03,603530.SH,200,200,26.473217,25.06264,-282.1154,2
20260815_171300_5b901c,2024-07-04,000766.SZ,100,100,52.516977,51.76512,-75.1857,3
20260815_171300_5b901c,2024-07-04,603178.SH,300,200,22.566942,21.48881,-323.4396,3
20260815_171300_5b901c,2024-07-04,002521.SZ,100,100,42.736564,43.07975,34.3186,3
20260815_171300_5b901c,2024-07-04,603050.SH,100,100,51.228719,51.38965,16.0931,3
20260815_171300_5b901c,2024-07-04,603099.SH,300,200,23.535178,22.87467,-198.1524,3
20260815_171300_5b901c,2024-07-04,603530.SH,300,200,25.968867,24.97012,-299.6241,3
20260815_171300_5b901c,2024-07-05,000766.SZ,100,100,52.516977,52.54944,3.2463,4
20260815_171300_5b901c,2024-07-05,603178.SH,300,300,22.566942,21.53109,-310.7556,4
20260815_171300_5b901c,2024-07-05,002521.SZ,100,100,42.736564,43.80075,106.4186,4
20260815_171300_5b901c,2024-07-05,603050.SH,100,100,51.228719,55.21295,398.4231,4
20260815_171300_5b901c,2024-07-05,603099.SH,300,300,23.535178,22.96728,-170.3694,4
20260815_171300_5b901c,2024-07-05,603530.SH,300,300,25.968867,25.2374,-219.4401,4
20260815_171300_5b901c,2024-07-08,000766.SZ,100,100,52.516977,52.22264,-29.4337,5
20260815_171300_5b901c,2024-07-08,603178.SH,300,300,22.566942,20.87575,-507.3576,5
20260815_171300_5b901c,2024-07-08,002521.SZ,100,100,42.736564,41.99825,-73.8314,5
20260815_171300_5b901c,2024-07-08,603050.SH,100,100,51.228719,52.8515,162.2781,5
20260815_171300_5b901c,2024-07-08,603099.SH,300,300,23.535178,22.87467,-198.1524,5
20260815_171300_5b901c,2024-07-08,603530.SH,300,300,25.968867,25.01124,-287.2881,5
20260815_171300_5b901c,2024-07-09,000766.SZ,100,100,52.516977,52.7782,26.1223,6
20260815_171300_5b901c,2024-07-09,603178.SH,300,300,22.566942,21.33026,-371.0046,6
20260815_171300_5b901c,2024-07-09,002521.SZ,100,100,42.736564,43.6926,95.6036,6
20260815_171300_5b901c,2024-07-09,603050.SH,100,100,51.228719,52.64909,142.0371,6
20260815_171300_5b901c,2024-07-09,603099.SH,300,300,23.535178,23.44062,-28.3674,6
20260815_171300_5b901c,2024-07-09,603530.SH,300,300,25.968867,26.12148,45.7839,6
20260815_171300_5b901c,2024-07-10,000766.SZ,100,100,52.516977,52.51676,-0.0217,7
20260815_171300_5b901c,2024-07-10,603178.SH,300,300,22.566942,21.29855,-380.5176,7
20260815_171300_5b901c,2024-07-10,002521.SZ,100,100,42.736564,42.64715,-8.9414,7
20260815_171300_5b901c,2024-07-10,603050.SH,100,100,51.228719,50.35511,-87.3609,7
20260815_171300_5b901c,2024-07-10,603099.SH,300,300,23.535178,22.96728,-170.3694,7
20260815_171300_5b901c,2024-07-10,603530.SH,300,300,25.968867,25.8028,-49.8201,7
20260815_171300_5b901c,2024-07-11,000766.SZ,100,100,52.516977,53.7586,124.1623,8
20260815_171300_5b901c,2024-07-11,603178.SH,300,300,22.566942,21.90104,-199.7706,8
20260815_171300_5b901c,2024-07-11,002521.SZ,100,100,42.736564,41.99825,-73.8314,8
20260815_171300_5b901c,2024-07-11,603050.SH,100,100,51.228719,50.87238,-35.6339,8
20260815_171300_5b901c,2024-07-11,603099.SH,300,300,23.535178,23.9757,132.1566,8
20260815_171300_5b901c,2024-07-11,603530.SH,300,300,25.968867,25.58692,-114.5841,8
20260815_171300_5b901c,2024-07-12,000766.SZ,100,100,52.516977,54.21612,169.9143,9
20260815_171300_5b901c,2024-07-12,603178.SH,300,300,22.566942,21.71078,-256.8486,9
20260815_171300_5b901c,2024-07-12,002521.SZ,100,100,42.736564,40.19575,-254.0814,9
20260815_171300_5b901c,2024-07-12,603050.SH,100,100,51.228719,49.79286,-143.5859,9
20260815_171300_5b901c,2024-07-12,603099.SH,300,300,23.535178,24.00657,141.4176,9
20260815_171300_5b901c,2024-07-12,603530.SH,300,300,25.968867,25.40188,-170.0961,9
20260815_171300_5b901c,2024-07-15,000766.SZ,100,100,52.516977,52.58212,6.5143,10
20260815_171300_5b901c,2024-07-15,603178.SH,300,300,22.566942,21.36197,-361.4916,10
20260815_171300_5b901c,2024-07-15,002521.SZ,100,100,42.736564,39.76315,-297.3414,10
20260815_171300_5b901c,2024-07-15,603050.SH,100,100,51.228719,49.478,-175.0719,10
20260815_171300_5b901c,2024-07-15,603099.SH,300,300,23.535178,23.0496,-145.6734,10
20260815_171300_5b901c,2024-07-15,603530.SH,300,300,25.968867,24.94956,-305.7921,10
20260815_171300_5b901c,2024-07-16,000766.SZ,100,100,52.516977,53.33376,81.6783,11
20260815_171300_5b901c,2024-07-16,603178.SH,300,300,22.566942,21.38311,-355.1496,11
20260815_171300_5b901c,2024-07-16,002521.SZ,100,100,42.736564,39.8713,-286.5264,11
20260815_171300_5b901c,2024-07-16,603050.SH,100,100,51.228719,48.71334,-251.5379,11
20260815_171300_5b901c,2024-07-16,603099.SH,300,300,23.535178,23.19366,-102.4554,11
20260815_171300_5b901c,2024-07-16,603530.SH,300,300,25.968867,24.25052,-515.5041,11
20260815_171300_5b901c,2024-07-17,000766.SZ,100,100,52.516977,53.62788,111.0903,12
20260815_171300_5b901c,2024-07-17,603178.SH,300,300,22.566942,20.72777,-551.7516,12
20260815_171300_5b901c,2024-07-17,002521.SZ,100,100,42.736564,36.6268,-610.9764,12
20260815_171300_5b901c,2024-07-17,603050.SH,100,100,51.228719,47.58884,-363.9879,12
20260815_171300_5b901c,2024-07-17,603099.SH,300,300,23.535178,22.24698,-386.4594,12
20260815_171300_5b901c,2024-07-17,603530.SH,300,300,25.968867,23.901,-620.3601,12
20260815_171300_5b901c,2024-07-18,000766.SZ,200,100,52.99143,53.4318,88.074,13
20260815_171300_5b901c,2024-07-18,603050.SH,200,100,49.427269,48.62338,-160.7778,13
20260815_171300_5b901c,2024-07-18,603099.SH,500,300,22.998055,22.49394,-252.0575,13
20260815_171300_5b901c,2024-07-18,603530.SH,500,300,25.133088,23.7982,-667.444,13
20260815_171300_5b901c,2024-07-19,000766.SZ,200,200,52.99143,52.288,-140.686,14
20260815_171300_5b901c,2024-07-19,603050.SH,200,200,49.427269,49.50049,14.6442,14
20260815_171300_5b901c,2024-07-19,603099.SH,500,500,22.998055,22.15437,-421.8425,14
20260815_171300_5b901c,2024-07-19,603530.SH,500,500,25.133088,23.82904,-652.024,14
20260815_171300_5b901c,2024-07-22,000766.SZ,200,200,52.99143,52.32068,-134.15,15
20260815_171300_5b901c,2024-07-22,603050.SH,200,200,49.427269,50.73744,262.0342,15
20260815_171300_5b901c,2024-07-22,603099.SH,500,500,22.998055,22.18524,-406.4075,15
20260815_171300_5b901c,2024-07-22,603530.SH,500,500,25.133088,24.49724,-317.924,15
20260815_171300_5b901c,2024-07-23,000766.SZ,200,200,52.99143,53.72592,146.898,16
20260815_171300_5b901c,2024-07-23,603050.SH,200,200,49.427269,49.27559,-30.3358,16
20260815_171300_5b901c,2024-07-23,603099.SH,500,500,22.998055,21.87654,-560.7575,16
20260815_171300_5b901c,2024-07-23,603530.SH,500,500,25.133088,23.80848,-662.304,16
20260815_171300_5b901c,2024-07-24,000766.SZ,200,200,52.99143,53.23572,48.858,17
20260815_171300_5b901c,2024-07-24,603050.SH,200,200,49.427269,48.46595,-192.2638,17
20260815_171300_5b901c,2024-07-24,603099.SH,500,500,22.998055,21.06363,-967.2125,17
20260815_171300_5b901c,2024-07-24,603530.SH,500,500,25.133088,23.42812,-852.484,17
20260815_171300_5b901c,2024-07-25,000766.SZ,300,200,52.778744,50.03308,-823.6992,18
20260815_171300_5b901c,2024-07-25,603050.SH,300,200,49.097003,50.58001,444.9021,18
20260815_171300_5b901c,2024-07-25,603530.SH,600,500,24.843516,23.3356,-904.7496,18
20260815_171300_5b901c,2024-07-26,000766.SZ,300,300,52.778744,46.69972,-1823.7072,19
20260815_171300_5b901c,2024-07-26,603050.SH,300,300,49.097003,53.57118,1342.2531,19
20260815_171300_5b901c,2024-07-26,603530.SH,600,600,24.843516,24.011291,-499.335,19
20260815_171300_5b901c,2024-07-29,603050.SH,400,300,50.232292,55.7752,2217.1632,20
20260815_171300_5b901c,2024-07-29,603530.SH,900,600,24.683705,24.042488,-577.0953,20
20260815_171300_5b901c,2024-07-30,603050.SH,400,400,50.232292,55.82018,2235.1552,21
20260815_171300_5b901c,2024-07-30,603530.SH,900,900,24.683705,23.626528,-951.4593,21
20260815_171300_5b901c,2024-07-31,603050.SH,400,400,50.232292,57.52942,2918.8512,22
20260815_171300_5b901c,2024-07-31,603530.SH,900,900,24.683705,24.822413,124.8372,22
20260815_171300_5b901c,2024-08-01,603050.SH,400,400,50.232292,59.35111,3647.5272,23
20260815_171300_5b901c,2024-08-01,603530.SH,900,900,24.683705,24.375256,-277.6041,23
20260815_171300_5b901c,2024-08-02,603050.SH,400,400,50.232292,59.01376,3512.5872,24
20260815_171300_5b901c,2024-08-02,603530.SH,900,900,24.683705,24.000892,-614.5317,24
20260815_171300_5b901c,2024-08-05,603050.SH,400,400,50.232292,58.474,3296.6832,25
20260815_171300_5b901c,2024-08-05,603530.SH,900,900,24.683705,22.66982,-1812.4965,25
20260815_171300_5b901c,2024-08-06,603050.SH,800,400,54.716212,59.68846,3977.7984,26
20260815_171300_5b901c,2024-08-07,603050.SH,800,800,54.716212,60.34067,4499.5664,27
20260815_171300_5b901c,2024-08-08,603050.SH,800,800,54.716212,60.47561,4607.5184,28
20260815_171300_5b901c,2024-08-09,603050.SH,800,800,54.716212,60.29569,4463.5824,29
20260815_171300_5b901c,2024-08-12,603050.SH,800,800,54.716212,62.85955,6514.6704,30
20260815_171300_5b901c,2024-08-13,603050.SH,800,800,54.716212,66.97522,9807.2064,31
20260815_171300_5b901c,2024-08-14,603050.SH,800,800,54.716212,62.85955,6514.6704,32
20260815_171300_5b901c,2024-08-15,603050.SH,800,800,54.716212,60.723,4805.4304,33
20260815_171300_5b901c,2024-08-16,603050.SH,800,800,54.716212,60.09328,4301.6544,34
20260815_171300_5b901c,2024-08-19,603050.SH,800,800,54.716212,58.65392,3150.1664,35
20260815_171300_5b901c,2024-08-20,603050.SH,800,800,54.716212,57.5744,2286.5504,36
20260815_171300_5b901c,2024-08-21,603050.SH,800,800,54.716212,56.78725,1656.8304,37
20260815_171300_5b901c,2024-08-22,603050.SH,800,800,54.716212,58.63143,3132.1744,38
20260815_171300_5b901c,2024-08-23,603050.SH,800,800,54.716212,57.14709,1944.7024,39
20260815_171300_5b901c,2024-08-26,603050.SH,800,800,54.716212,58.11416,2718.3584,40
20260815_171300_5b901c,2024-08-27,603050.SH,800,800,54.716212,57.46195,2196.5904,41
20260815_171300_5b901c,2024-08-28,603050.SH,800,800,54.716212,56.40492,1350.9664,42
20260815_171300_5b901c,2024-08-29,603050.SH,800,800,54.716212,55.3254,487.3504,43
20260815_171300_5b901c,2024-08-30,603050.SH,800,800,54.716212,56.18002,1171.0464,44
20260815_171300_5b901c,2024-09-02,603050.SH,800,800,54.716212,55.12299,325.4224,45
20260815_171300_5b901c,2024-09-03,603050.SH,800,800,54.716212,55.88765,937.1504,46
20260815_171300_5b901c,2024-09-04,603050.SH,800,800,54.716212,53.3013,-1131.9296,47
20260815_171300_5b901c,2024-09-05,603050.SH,800,800,54.716212,52.60411,-1689.6816,48
20260815_171300_5b901c,2024-09-06,603050.SH,800,800,54.716212,50.40009,-3452.8976,49
20260815_171300_5b901c,2024-09-09,603050.SH,800,800,54.716212,49.9278,-3830.7296,50
20260815_171300_5b901c,2024-10-09,688253.SH,100,0,47.349624,42.9174,-443.2224,1
20260815_171300_5b901c,2024-10-09,603099.SH,100,0,29.435286,27.31995,-211.5336,1
20260815_171300_5b901c,2024-10-09,688183.SH,100,0,28.691096,26.75267,-193.8426,1
20260815_171300_5b901c,2024-10-10,603099.SH,700,100,27.042077,28.78113,1217.3371,2
20260815_171300_5b901c,2024-10-10,688183.SH,700,100,27.158042,26.17132,-690.7054,2
20260815_171300_5b901c,2024-10-11,603099.SH,700,700,27.042077,28.92519,1318.1791,3
20260815_171300_5b901c,2024-10-11,688183.SH,700,700,27.158042,26.19246,-675.9074,3
20260815_171300_5b901c,2024-10-14,603099.SH,700,700,27.042077,28.48272,1008.4501,4
20260815_171300_5b901c,2024-10-14,688183.SH,700,700,27.158042,29.07807,1344.0196,4
20260815_171300_5b901c,2024-10-15,603099.SH,700,700,27.042077,28.30779,885.9991,5
20260815_171300_5b901c,2024-10-15,688183.SH,700,700,27.158042,27.93651,544.9276,5
20260815_171300_5b901c,2024-10-16,603099.SH,700,700,27.042077,28.16373,785.1571,6
20260815_171300_5b901c,2024-10-16,688183.SH,700,700,27.158042,27.15433,-2.5984,6
20260815_171300_5b901c,2024-10-17,603099.SH,700,700,27.042077,28.46214,994.0441,7
20260815_171300_5b901c,2024-10-17,688183.SH,700,700,27.158042,28.59185,1003.6656,7
20260815_171300_5b901c,2024-10-18,603099.SH,700,700,27.042077,30.43782,2377.0201,8
20260815_171300_5b901c,2024-10-18,688183.SH,700,700,27.158042,34.31022,5006.5246,8
20260815_171300_5b901c,2024-10-21,603099.SH,700,700,27.042077,33.48366,4509.1081,9
20260815_171300_5b901c,2024-10-21,688183.SH,700,700,27.158042,36.2551,6367.9406,9
20260815_171300_5b901c,2024-10-22,603099.SH,700,700,27.042077,33.69975,4660.3711,10
20260815_171300_5b901c,2024-10-22,688183.SH,700,700,27.158042,34.22566,4947.3326,10
20260815_171300_5b901c,2024-10-23,603099.SH,700,700,27.042077,34.40976,5157.3781,11
20260815_171300_5b901c,2024-10-23,688183.SH,700,700,27.158042,34.1411,4888.1406,11
20260815_171300_5b901c,2024-10-24,603099.SH,700,700,27.042077,33.27786,4365.0481,12
20260815_171300_5b901c,2024-10-24,688183.SH,700,700,27.158042,33.70773,4584.7816,12
20260815_171300_5b901c,2024-10-25,603099.SH,700,700,27.042077,34.65672,5330.2501,13
20260815_171300_5b901c,2024-10-25,688183.SH,700,700,27.158042,34.09882,4858.5446,13
20260815_171300_5b901c,2024-10-28,603099.SH,700,700,27.042077,33.36018,4422.6721,14
20260815_171300_5b901c,2024-10-28,688183.SH,700,700,27.158042,33.38006,4355.4126,14
20260815_171300_5b901c,2024-10-29,603099.SH,700,700,27.042077,32.40321,3752.7931,15
20260815_171300_5b901c,2024-10-29,688183.SH,700,700,27.158042,36.39251,6464.1276,15
20260815_171300_5b901c,2024-10-30,603099.SH,700,700,27.042077,32.26944,3659.1541,16
20260815_171300_5b901c,2024-10-30,688183.SH,700,700,27.158042,36.6779,6663.9006,16
20260815_171300_5b901c,2024-10-31,603099.SH,700,700,27.042077,33.19554,4307.4241,17
20260815_171300_5b901c,2024-10-31,688183.SH,700,700,27.158042,36.84702,6782.2846,17
20260815_171300_5b901c,2024-11-01,603099.SH,700,700,27.042077,34.51266,5229.4081,18
20260815_171300_5b901c,2024-11-01,688183.SH,700,700,27.158042,36.98443,6878.4716,18
20260815_171300_5b901c,2024-11-04,603099.SH,700,700,27.042077,37.95981,7642.4131,19
20260815_171300_5b901c,2024-11-04,688183.SH,700,700,27.158042,37.47065,7218.8256,19
20260815_171300_5b901c,2024-11-05,603099.SH,700,700,27.042077,38.4846,8009.7661,20
20260815_171300_5b901c,2024-11-05,688183.SH,700,700,27.158042,39.45781,8609.8376,20
20260815_171300_5b901c,2024-11-06,603099.SH,700,700,27.042077,41.92146,10415.5681,21
20260815_171300_5b901c,2024-11-06,688183.SH,700,700,27.158042,38.8976,8217.6906,21
20260815_171300_5b901c,2024-11-07,603099.SH,700,700,27.042077,46.10949,13347.1891,22
20260815_171300_5b901c,2024-11-07,688183.SH,700,700,27.158042,38.6862,8069.7106,22
20260815_171300_5b901c,2024-11-08,603099.SH,700,700,27.042077,44.82324,12446.8141,23
20260815_171300_5b901c,2024-11-08,688183.SH,700,700,27.158042,39.18299,8417.4636,23
20260815_171300_5b901c,2024-11-11,603099.SH,700,700,27.042077,43.63989,11618.4691,24
20260815_171300_5b901c,2024-11-11,688183.SH,700,700,27.158042,36.995,6885.8706,24
20260815_171300_5b901c,2024-11-12,603099.SH,700,700,27.042077,44.5557,12259.5361,25
20260815_171300_5b901c,2024-11-12,688183.SH,700,700,27.158042,36.82588,6767.4866,25
20260815_171300_5b901c,2024-11-13,603099.SH,700,700,27.042077,42.03465,10494.8011,26
20260815_171300_5b901c,2024-11-13,688183.SH,700,700,27.158042,37.19583,7026.4516,26
20260815_171300_5b901c,2024-11-14,603099.SH,700,700,27.042077,41.0571,9810.5161,27
20260815_171300_5b901c,2024-11-14,688183.SH,700,700,27.158042,35.7266,5997.9906,27
20260815_171300_5b901c,2024-11-15,603099.SH,700,700,27.042077,39.9252,9018.1861,28
20260815_171300_5b901c,2024-11-15,688183.SH,700,700,27.158042,34.11996,4873.3426,28
20260815_171300_5b901c,2024-11-18,603099.SH,700,700,27.042077,40.2339,9234.2761,29
20260815_171300_5b901c,2024-11-18,688183.SH,700,700,27.158042,34.85986,5391.2726,29
20260815_171300_5b901c,2024-11-19,603099.SH,700,700,27.042077,43.18713,11301.5371,30
20260815_171300_5b901c,2024-11-19,688183.SH,700,700,27.158042,34.80701,5354.2776,30
20260815_171300_5b901c,2024-11-20,603099.SH,700,700,27.042077,43.27974,11366.3641,31
20260815_171300_5b901c,2024-11-20,688183.SH,700,700,27.158042,35.07126,5539.2526,31
20260815_171300_5b901c,2024-11-21,603099.SH,700,700,27.042077,42.2919,10674.8761,32
20260815_171300_5b901c,2024-11-21,688183.SH,700,700,27.158042,34.64846,5243.2926,32
20260815_171300_5b901c,2024-11-22,603099.SH,700,700,27.042077,40.72782,9580.0201,33
20260815_171300_5b901c,2024-11-22,688183.SH,700,700,27.158042,32.69301,3874.4776,33
20260815_171300_5b901c,2024-11-25,603099.SH,700,700,27.042077,43.36206,11423.9881,34
20260815_171300_5b901c,2024-11-25,688183.SH,700,700,27.158042,31.91083,3326.9516,34
20260815_171300_5b901c,2024-11-26,603099.SH,700,700,27.042077,44.71005,12367.5811,35
20260815_171300_5b901c,2024-11-26,688183.SH,700,700,27.158042,33.5069,4444.2006,35
20260815_171300_5b901c,2024-11-27,603099.SH,700,700,27.042077,45.19368,12706.1221,36
20260815_171300_5b901c,2024-11-27,688183.SH,700,700,27.158042,35.37779,5753.8236,36
20260815_171300_5b901c,2024-11-28,603099.SH,700,700,27.042077,43.22829,11330.3491,37
20260815_171300_5b901c,2024-11-28,688183.SH,700,700,27.158042,34.37364,5050.9186,37
20260815_171300_5b901c,2024-11-29,603099.SH,700,700,27.042077,43.38264,11438.3941,38
20260815_171300_5b901c,2024-11-29,688183.SH,700,700,27.158042,34.73302,5302.4846,38
20260815_171300_5b901c,2024-12-02,603099.SH,700,700,27.042077,45.32745,12799.7611,39
20260815_171300_5b901c,2024-12-02,688183.SH,700,700,27.158042,37.1007,6959.8606,39
20260815_171300_5b901c,2024-12-03,603099.SH,700,700,27.042077,44.51454,12230.7241,40
20260815_171300_5b901c,2024-12-03,688183.SH,700,700,27.158042,35.77945,6034.9856,40
20260815_171300_5b901c,2024-12-04,603099.SH,700,700,27.042077,44.52483,12237.9271,41
20260815_171300_5b901c,2024-12-04,688183.SH,700,700,27.158042,36.85759,6789.6836,41
20260815_171300_5b901c,2024-12-05,603099.SH,700,700,27.042077,47.59125,14384.4211,42
20260815_171300_5b901c,2024-12-05,688183.SH,700,700,27.158042,39.11957,8373.0696,42
20260815_171300_5b901c,2024-12-06,603099.SH,700,700,27.042077,50.27694,16264.4041,43
20260815_171300_5b901c,2024-12-06,688183.SH,700,700,27.158042,41.20186,9830.6726,43
20260815_171300_5b901c,2024-12-09,603099.SH,700,700,27.042077,48.17778,14794.9921,44
20260815_171300_5b901c,2024-12-09,688183.SH,700,700,27.158042,39.60579,8713.4236,44
20260815_171300_5b901c,2024-12-10,603099.SH,700,700,27.042077,48.10575,14744.5711,45
20260815_171300_5b901c,2024-12-10,688183.SH,700,700,27.158042,37.69262,7374.2046,45
20260815_171300_5b901c,2024-12-11,603099.SH,700,700,27.042077,48.39387,14946.2551,46
20260815_171300_5b901c,2024-12-11,688183.SH,700,700,27.158042,39.14071,8387.8676,46
20260815_171300_5b901c,2024-12-12,603099.SH,700,700,27.042077,51.59406,17186.3881,47
20260815_171300_5b901c,2024-12-12,688183.SH,700,700,27.158042,39.58465,8698.6256,47
20260815_171300_5b901c,2024-12-13,603099.SH,700,700,27.042077,56.74935,20795.0911,48
20260815_171300_5b901c,2024-12-13,688183.SH,700,700,27.158042,38.45366,7906.9326,48
20260815_171300_5b901c,2024-12-16,603099.SH,700,700,27.042077,62.42943,24771.1471,49
20260815_171300_5b901c,2024-12-16,688183.SH,700,700,27.158042,40.77906,9534.7126,49
20260815_171300_5b901c,2024-12-17,603099.SH,700,700,27.042077,56.1834,20398.9261,50
20260815_171300_5b901c,2024-12-17,688183.SH,700,700,27.158042,46.65598,13648.5566,50
20260815_171300_5b901c,2024-12-18,603099.SH,700,700,27.042077,51.0384,16797.4261,51
20260815_171300_5b901c,2024-12-18,688183.SH,700,700,27.158042,45.53556,12864.2626,51
20260815_171300_5b901c,2024-12-19,603099.SH,700,700,27.042077,51.2442,16941.4861,52
20260815_171300_5b901c,2024-12-19,688183.SH,700,700,27.158042,44.47856,12124.3626,52
20260815_171300_5b901c,2024-12-20,603099.SH,700,700,27.042077,50.41071,16358.0431,53
20260815_171300_5b901c,2024-12-20,688183.SH,700,700,27.158042,44.94364,12449.9186,53
20260815_171300_5b901c,2024-12-23,603099.SH,700,700,27.042077,47.27226,14161.1281,54
20260815_171300_5b901c,2024-12-23,688183.SH,700,700,27.158042,44.1826,11917.1906,54
20260815_171300_5b901c,2024-12-24,603099.SH,700,700,27.042077,45.45093,12886.1971,55
20260815_171300_5b901c,2024-12-24,688183.SH,700,700,27.158042,43.43213,11391.8616,55
20260815_171300_5b901c,2024-12-25,603099.SH,700,700,27.042077,43.69134,11654.4841,56
20260815_171300_5b901c,2024-12-25,688183.SH,700,700,27.158042,44.8168,12361.1306,56
20260815_171300_5b901c,2024-12-26,603099.SH,700,700,27.042077,44.23671,12036.2431,57
20260815_171300_5b901c,2024-12-26,688183.SH,700,700,27.158042,46.66655,13655.9556,57
20260815_171300_5b901c,2024-12-27,603099.SH,700,700,27.042077,45.57441,12972.6331,58
20260815_171300_5b901c,2024-12-27,688183.SH,700,700,27.158042,44.2883,11991.1806,58
20260815_171300_5b901c,2024-12-30,603099.SH,700,700,27.042077,43.22829,11330.3491,59
20260815_171300_5b901c,2024-12-30,688183.SH,700,700,27.158042,42.93534,11044.1086,59
20260815_171300_5b901c,2024-12-31,603099.SH,700,700,27.042077,43.34148,11409.5821,60
20260815_171300_5b901c,2024-12-31,688183.SH,700,700,27.158042,41.49782,10037.8446,60
20260815_171300_5b901c,2025-01-02,603099.SH,700,700,27.042077,44.49396,12216.3181,61
20260815_171300_5b901c,2025-01-02,688183.SH,700,700,27.158042,38.71791,8091.9076,61
20260815_171300_5b901c,2025-01-03,300641.SZ,100,0,46.515024,44.418877,-209.6147,1
20260815_171300_5b901c,2025-01-03,601727.SH,800,0,8.571773,8.17245,-319.4584,1
20260815_171300_5b901c,2025-01-03,603038.SH,100,0,63.038316,58.46797,-457.0346,1
20260815_171300_5b901c,2025-01-06,300641.SZ,100,100,46.515024,47.421382,90.6358,2
20260815_171300_5b901c,2025-01-06,601727.SH,800,800,8.571773,7.98957,-465.7624,2
20260815_171300_5b901c,2025-01-06,603038.SH,100,100,63.038316,57.81534,-522.2976,2
20260815_171300_5b901c,2025-01-07,300641.SZ,600,100,46.940151,47.294003,212.3112,3
20260815_171300_5b901c,2025-01-07,601727.SH,3700,800,8.1771,8.20674,109.668,3
20260815_171300_5b901c,2025-01-08,300641.SZ,600,600,46.940151,46.202183,-442.7808,4
20260815_171300_5b901c,2025-01-08,601727.SH,3700,3700,8.1771,8.12673,-186.369,4
20260815_171300_5b901c,2025-01-09,300641.SZ,600,600,46.940151,45.474303,-879.5088,5
20260815_171300_5b901c,2025-01-09,601727.SH,3700,3700,8.1771,8.17245,-17.205,5
20260815_171300_5b901c,2025-01-10,300641.SZ,600,600,46.940151,47.257609,190.4748,6
20260815_171300_5b901c,2025-01-10,601727.SH,3700,3700,8.1771,8.01243,-609.279,6
20260815_171300_5b901c,2025-01-13,300641.SZ,600,600,46.940151,46.58432,-213.4986,7
20260815_171300_5b901c,2025-01-13,601727.SH,3700,3700,8.1771,7.93242,-905.316,7
20260815_171300_5b901c,2025-01-14,300641.SZ,600,600,46.940151,48.495005,932.9124,8
20260815_171300_5b901c,2025-01-14,601727.SH,3700,3700,8.1771,8.40105,828.615,8
20260815_171300_5b901c,2025-01-15,300641.SZ,600,600,46.940151,52.716709,3465.9348,9
20260815_171300_5b901c,2025-01-15,601727.SH,3700,3700,8.1771,8.2296,194.25,9
20260815_171300_5b901c,2025-01-16,300641.SZ,600,600,46.940151,50.605857,2199.4236,10
20260815_171300_5b901c,2025-01-16,601727.SH,3700,3700,8.1771,8.25246,278.832,10
20260815_171300_5b901c,2025-01-17,300641.SZ,600,600,46.940151,50.642251,2221.26,11
20260815_171300_5b901c,2025-01-17,601727.SH,3700,3700,8.1771,8.19531,67.377,11
20260815_171300_5b901c,2025-01-20,300641.SZ,600,600,46.940151,53.007861,3640.626,12
20260815_171300_5b901c,2025-01-20,601727.SH,3700,3700,8.1771,8.18388,25.086,12
20260815_171300_5b901c,2025-01-21,300641.SZ,600,600,46.940151,52.734906,3476.853,13
20260815_171300_5b901c,2025-01-21,601727.SH,3700,3700,8.1771,8.20674,109.668,13
20260815_171300_5b901c,2025-01-22,300641.SZ,600,600,46.940151,50.369296,2057.487,14
20260815_171300_5b901c,2025-01-22,601727.SH,3700,3700,8.1771,8.12673,-186.369,14
20260815_171300_5b901c,2025-01-23,300641.SZ,600,600,46.940151,48.913536,1184.031,15
20260815_171300_5b901c,2025-01-23,601727.SH,3700,3700,8.1771,8.93826,2816.292,15
20260815_171300_5b901c,2025-01-24,300641.SZ,600,600,46.940151,49.750598,1686.2682,16
20260815_171300_5b901c,2025-01-24,601727.SH,3700,3700,8.1771,8.84682,2477.964,16
20260815_171300_5b901c,2025-01-27,300641.SZ,600,600,46.940151,49.514037,1544.3316,17
20260815_171300_5b901c,2025-01-27,601727.SH,3700,3700,8.1771,8.25246,278.832,17
20260815_171300_5b901c,2025-02-05,300641.SZ,600,600,46.940151,47.221215,168.6384,18
20260815_171300_5b901c,2025-02-05,601727.SH,3700,3700,8.1771,8.40105,828.615,18
20260815_171300_5b901c,2025-02-06,300641.SZ,600,600,46.940151,48.131065,714.5484,19
20260815_171300_5b901c,2025-02-06,601727.SH,3700,3700,8.1771,8.75538,2139.636,19
20260815_171300_5b901c,2025-02-07,300641.SZ,600,600,46.940151,48.240247,780.0576,20
20260815_171300_5b901c,2025-02-07,601727.SH,3700,3700,8.1771,9.0297,3154.62,20
20260815_171300_5b901c,2025-02-10,300641.SZ,600,600,46.940151,48.458611,911.076,21
20260815_171300_5b901c,2025-02-10,601727.SH,3700,3700,8.1771,9.144,3577.53,21
20260815_171300_5b901c,2025-02-11,300641.SZ,600,600,46.940151,47.112033,103.1292,22
20260815_171300_5b901c,2025-02-11,601727.SH,3700,3700,8.1771,8.89254,2647.128,22
20260815_171300_5b901c,2025-02-12,300641.SZ,600,600,46.940151,47.49417,332.4114,23
20260815_171300_5b901c,2025-02-12,601727.SH,3700,3700,8.1771,9.78408,5945.826,23
20260815_171300_5b901c,2025-02-13,300641.SZ,600,600,46.940151,49.49584,1533.4134,24
20260815_171300_5b901c,2025-02-13,601727.SH,3700,3700,8.1771,10.04697,6918.519,24
20260815_171300_5b901c,2025-02-14,300641.SZ,600,600,46.940151,47.712534,463.4298,25
20260815_171300_5b901c,2025-02-14,601727.SH,3700,3700,8.1771,9.79551,5988.117,25
20260815_171300_5b901c,2025-02-17,300641.SZ,600,600,46.940151,47.639746,419.757,26
20260815_171300_5b901c,2025-02-17,601727.SH,3700,3700,8.1771,9.8298,6114.99,26
20260815_171300_5b901c,2025-02-18,300641.SZ,600,600,46.940151,45.838243,-661.1448,27
20260815_171300_5b901c,2025-02-18,601727.SH,3700,3700,8.1771,9.36117,4381.059,27
20260815_171300_5b901c,2025-02-19,300641.SZ,600,600,46.940151,46.365956,-344.517,28
20260815_171300_5b901c,2025-02-19,601727.SH,3700,3700,8.1771,9.62406,5353.752,28
20260815_171300_5b901c,2025-02-20,300641.SZ,600,600,46.940151,46.511532,-257.1714,29
20260815_171300_5b901c,2025-02-20,601727.SH,3700,3700,8.1771,10.20699,7510.593,29
20260815_171300_5b901c,2025-02-21,300641.SZ,600,600,46.940151,46.711699,-137.0712,30
20260815_171300_5b901c,2025-02-21,601727.SH,3700,3700,8.1771,10.22985,7595.175,30
20260815_171300_5b901c,2025-02-24,300641.SZ,600,600,46.940151,46.76629,-104.3166,31
20260815_171300_5b901c,2025-02-24,601727.SH,3700,3700,8.1771,10.10412,7129.974,31
20260815_171300_5b901c,2025-02-25,300641.SZ,600,600,46.940151,45.983819,-573.7992,32
20260815_171300_5b901c,2025-02-25,601727.SH,3700,3700,8.1771,10.18413,7426.011,32
20260815_171300_5b901c,2025-02-26,300641.SZ,600,600,46.940151,46.020213,-551.9628,33
20260815_171300_5b901c,2025-02-26,601727.SH,3700,3700,8.1771,10.20699,7510.593,33
20260815_171300_5b901c,2025-02-27,300641.SZ,600,600,46.940151,46.147592,-475.5354,34
20260815_171300_5b901c,2025-02-27,601727.SH,3700,3700,8.1771,9.87552,6284.154,34
20260815_171300_5b901c,2025-02-28,300641.SZ,600,600,46.940151,44.982984,-1174.3002,35
20260815_171300_5b901c,2025-02-28,601727.SH,3700,3700,8.1771,9.32688,4254.186,35
20260815_171300_5b901c,2025-03-03,300641.SZ,600,600,46.940151,45.638076,-781.245,36
20260815_171300_5b901c,2025-03-03,601727.SH,3700,3700,8.1771,9.44118,4677.096,36
20260815_171300_5b901c,2025-03-04,300641.SZ,600,600,46.940151,45.456106,-890.427,37
20260815_171300_5b901c,2025-03-04,601727.SH,3700,3700,8.1771,9.45261,4719.387,37
20260815_171300_5b901c,2025-03-05,300641.SZ,600,600,46.940151,45.073969,-1119.7092,38
20260815_171300_5b901c,2025-03-05,601727.SH,3700,3700,8.1771,9.41832,4592.514,38
20260815_171300_5b901c,2025-03-06,300641.SZ,600,600,46.940151,45.838243,-661.1448,39
20260815_171300_5b901c,2025-03-06,601727.SH,3700,3700,8.1771,9.56691,5142.297,39
20260815_171300_5b901c,2025-03-07,300641.SZ,600,600,46.940151,45.528894,-846.7542,40
20260815_171300_5b901c,2025-03-07,601727.SH,3700,3700,8.1771,9.3726,4423.35,40
20260815_171300_5b901c,2025-03-10,300641.SZ,600,600,46.940151,46.183986,-453.699,41
20260815_171300_5b901c,2025-03-10,601727.SH,3700,3700,8.1771,9.38403,4465.641,41
20260815_171300_5b901c,2025-03-11,300641.SZ,600,600,46.940151,45.838243,-661.1448,42
20260815_171300_5b901c,2025-03-11,601727.SH,3700,3700,8.1771,9.29259,4127.313,42
20260815_171300_5b901c,2025-03-12,300641.SZ,600,600,46.940151,46.911866,-16.971,43
20260815_171300_5b901c,2025-03-12,601727.SH,3700,3700,8.1771,9.38403,4465.641,43
20260815_171300_5b901c,2025-03-13,300641.SZ,600,600,46.940151,47.85811,550.7754,44
20260815_171300_5b901c,2025-03-13,601727.SH,3700,3700,8.1771,9.21258,3831.276,44
20260815_171300_5b901c,2025-03-14,300641.SZ,600,600,46.940151,47.49417,332.4114,45
20260815_171300_5b901c,2025-03-14,601727.SH,3700,3700,8.1771,9.31545,4211.895,45
20260815_171300_5b901c,2025-03-17,300641.SZ,600,600,46.940151,46.839078,-60.6438,46
20260815_171300_5b901c,2025-03-17,601727.SH,3700,3700,8.1771,9.39546,4507.932,46
20260815_171300_5b901c,2025-03-18,300641.SZ,600,600,46.940151,46.94826,4.8654,47
20260815_171300_5b901c,2025-03-18,601727.SH,3700,3700,8.1771,9.34974,4338.768,47
20260815_171300_5b901c,2025-03-19,300641.SZ,600,600,46.940151,47.548761,365.166,48
20260815_171300_5b901c,2025-03-19,601727.SH,3700,3700,8.1771,9.2583,4000.44,48
20260815_171300_5b901c,2025-03-20,300641.SZ,600,600,46.940151,46.293168,-388.1898,49
20260815_171300_5b901c,2025-03-20,601727.SH,3700,3700,8.1771,9.28116,4085.022,49
20260815_171300_5b901c,2025-03-21,300641.SZ,600,600,46.940151,45.947425,-595.6356,50
20260815_171300_5b901c,2025-03-21,601727.SH,3700,3700,8.1771,9.07542,3323.784,50
20260815_171300_5b901c,2025-03-24,300641.SZ,600,600,46.940151,49.022718,1249.5402,51
20260815_171300_5b901c,2025-03-24,601727.SH,3700,3700,8.1771,8.9154,2731.71,51
20260815_171300_5b901c,2025-03-25,300641.SZ,600,600,46.940151,50.624054,2210.3418,52
20260815_171300_5b901c,2025-03-25,601727.SH,3700,3700,8.1771,9.21258,3831.276,52
20260815_171300_5b901c,2025-03-26,300641.SZ,600,600,46.940151,49.459446,1511.577,53
20260815_171300_5b901c,2025-03-26,601727.SH,3700,3700,8.1771,9.05256,3239.202,53
20260815_171300_5b901c,2025-03-27,300641.SZ,600,600,46.940151,50.169129,1937.3868,54
20260815_171300_5b901c,2025-03-27,601727.SH,3700,3700,8.1771,9.05256,3239.202,54
20260815_171300_5b901c,2025-03-28,300641.SZ,600,600,46.940151,47.112033,103.1292,55
20260815_171300_5b901c,2025-03-28,601727.SH,3700,3700,8.1771,8.89254,2647.128,55
20260815_171300_5b901c,2025-03-31,300641.SZ,600,600,46.940151,47.657943,430.6752,56
20260815_171300_5b901c,2025-03-31,601727.SH,3700,3700,8.1771,8.73252,2055.054,56
20260815_171300_5b901c,2025-04-01,300641.SZ,600,600,46.940151,47.985489,627.2028,57
20260815_171300_5b901c,2025-04-01,601727.SH,3700,3700,8.1771,8.88111,2604.837,57
20260815_171300_5b901c,2025-04-02,300641.SZ,200,200,46.940151,47.767125,165.3948,58
20260815_171300_5b901c,2025-04-02,300563.SZ,100,0,79.479535,78.58609,-89.3445,1
20260815_171300_5b901c,2025-04-02,300061.SZ,100,0,63.539741,65.12758,158.7839,1
20260815_171300_5b901c,2025-04-02,300010.SZ,100,0,43.18905,42.52836,-66.069,1
20260815_171300_5b901c,2025-04-03,300641.SZ,200,200,46.940151,49.750598,562.0894,59
20260815_171300_5b901c,2025-04-03,300563.SZ,100,100,79.479535,77.07711,-240.2425,2
20260815_171300_5b901c,2025-04-03,300061.SZ,100,100,63.539741,65.02002,148.0279,2
20260815_171300_5b901c,2025-04-03,300010.SZ,100,100,43.18905,42.69384,-49.521,2
20260815_171300_5b901c,2025-04-07,300641.SZ,200,200,46.940151,49.732401,558.45,60
20260815_171300_5b901c,2025-04-07,300563.SZ,100,100,79.479535,61.66963,-1780.9905,3
20260815_171300_5b901c,2025-04-07,300061.SZ,100,100,63.539741,52.00526,-1153.4481,3
20260815_171300_5b901c,2025-04-07,300010.SZ,100,100,43.18905,34.1992,-898.985,3
20260815_171300_5b901c,2025-04-08,300641.SZ,1200,200,48.089007,50.9516,3435.1116,61
20260815_171300_5b901c,2025-04-09,300641.SZ,1200,1200,48.089007,49.987159,2277.7824,62
20260815_171300_5b901c,2025-04-10,300641.SZ,1200,1200,48.089007,51.806859,4461.4224,63
20260815_171300_5b901c,2025-04-11,300641.SZ,1200,1200,48.089007,50.987994,3478.7844,64
20260815_171300_5b901c,2025-04-14,300641.SZ,1200,1200,48.089007,51.770465,4417.7496,65
20260815_171300_5b901c,2025-04-15,300641.SZ,1200,1200,48.089007,52.207193,4941.8232,66
20260815_171300_5b901c,2025-04-16,300641.SZ,1200,1200,48.089007,51.879647,4548.768,67
20260815_171300_5b901c,2025-04-17,300641.SZ,1200,1200,48.089007,50.860615,3325.9296,68
20260815_171300_5b901c,2025-04-18,300641.SZ,1200,1200,48.089007,52.443754,5225.6964,69
20260815_171300_5b901c,2025-04-21,300641.SZ,1200,1200,48.089007,52.025223,4723.4592,70
20260815_171300_5b901c,2025-04-22,300641.SZ,1200,1200,48.089007,49.696007,1928.4,71
20260815_171300_5b901c,2025-04-23,300641.SZ,1200,1200,48.089007,49.768795,2015.7456,72
20260815_171300_5b901c,2025-04-24,300641.SZ,1200,1200,48.089007,47.548761,-648.2952,73
20260815_171300_5b901c,2025-04-25,300641.SZ,1200,1200,48.089007,47.112033,-1172.3688,74
20260815_171300_5b901c,2025-04-28,300641.SZ,1200,1200,48.089007,45.783652,-2766.426,75
20260815_171300_5b901c,2025-04-29,300641.SZ,1200,1200,48.089007,46.056607,-2438.88,76
20260815_171300_5b901c,2025-04-30,300641.SZ,1200,1200,48.089007,46.129395,-2351.5344,77
20260815_171300_5b901c,2025-05-06,300641.SZ,1200,1200,48.089007,47.603352,-582.786,78
20260815_171300_5b901c,2025-05-07,300641.SZ,1200,1200,48.089007,47.457776,-757.4772,79
20260815_171300_5b901c,2025-05-08,300641.SZ,1200,1200,48.089007,47.403185,-822.9864,80
20260815_171300_5b901c,2025-05-09,300641.SZ,1200,1200,48.089007,46.147592,-2329.698,81
20260815_171300_5b901c,2025-05-12,300641.SZ,1200,1200,48.089007,46.638911,-1740.1152,82
20260815_171300_5b901c,2025-05-13,300641.SZ,1200,1200,48.089007,46.711699,-1652.7696,83
20260815_171300_5b901c,2025-05-14,300641.SZ,1200,1200,48.089007,46.693502,-1674.606,84
20260815_171300_5b901c,2025-05-15,300641.SZ,1200,1200,48.089007,46.875472,-1456.242,85
20260815_171300_5b901c,2025-05-16,300641.SZ,1200,1200,48.089007,45.983819,-2526.2256,86
20260815_171300_5b901c,2025-05-19,300641.SZ,1200,1200,48.089007,43.035905,-6063.7224,87
20260815_171300_5b901c,2025-07-02,603887.SH,100,0,40.649639,40.55072,-9.8919,1
20260815_171300_5b901c,2025-07-02,300879.SZ,100,0,39.577524,38.40767,-116.9854,1
20260815_171300_5b901c,2025-07-02,300209.SZ,300,0,20.902693,21.667372,229.4037,1
20260815_171300_5b901c,2025-07-02,000953.SZ,300,0,18.304937,19.32528,306.1029,1
20260815_171300_5b901c,2025-07-03,603887.SH,100,100,40.649639,40.91192,26.2281,2
20260815_171300_5b901c,2025-07-03,300879.SZ,100,100,39.577524,39.659326,8.1802,2
20260815_171300_5b901c,2025-07-03,300209.SZ,300,300,20.902693,21.192904,87.0633,2
20260815_171300_5b901c,2025-07-03,000953.SZ,300,300,18.304937,19.09056,235.6869,2
20260815_171300_5b901c,2025-07-04,603887.SH,100,100,40.649639,40.74336,9.3721,3
20260815_171300_5b901c,2025-07-04,300879.SZ,100,100,39.577524,39.689608,11.2084,3
20260815_171300_5b901c,2025-07-04,300209.SZ,300,300,20.902693,20.95567,15.8931,3
20260815_171300_5b901c,2025-07-04,000953.SZ,300,300,18.304937,19.66432,407.8149,3
20260815_171300_5b901c,2025-07-07,603887.SH,100,100,40.649639,40.18952,-46.0119,4
20260815_171300_5b901c,2025-07-07,300879.SZ,100,100,39.577524,44.332848,475.5324,4
20260815_171300_5b901c,2025-07-07,300209.SZ,300,300,20.902693,21.311521,122.6484,4
20260815_171300_5b901c,2025-07-07,000953.SZ,300,300,18.304937,19.19488,266.9829,4
20260815_171300_5b901c,2025-07-08,603887.SH,100,100,40.649639,41.24904,59.9401,5
20260815_171300_5b901c,2025-07-08,300879.SZ,100,100,39.577524,42.021322,244.3798,5
20260815_171300_5b901c,2025-07-08,300209.SZ,300,300,20.902693,21.667372,229.4037,5
20260815_171300_5b901c,2025-07-08,000953.SZ,300,300,18.304937,19.37744,321.7509,5
20260815_171300_5b901c,2025-07-09,603887.SH,100,100,40.649639,41.2972,64.7561,6
20260815_171300_5b901c,2025-07-09,300879.SZ,100,100,39.577524,44.120874,454.335,6
20260815_171300_5b901c,2025-07-09,300209.SZ,300,300,20.902693,21.706911,241.2654,6
20260815_171300_5b901c,2025-07-09,000953.SZ,300,300,18.304937,18.6472,102.6789,6
20260815_171300_5b901c,2025-07-10,603887.SH,100,100,40.649639,40.96008,31.0441,7
20260815_171300_5b901c,2025-07-10,300879.SZ,100,100,39.577524,41.900194,232.267,7
20260815_171300_5b901c,2025-07-10,300209.SZ,300,300,20.902693,22.062762,348.0207,7
20260815_171300_5b901c,2025-07-10,000953.SZ,300,300,18.304937,19.22096,274.8069,7
20260815_171300_5b901c,2025-07-11,603887.SH,100,100,40.649639,41.61024,96.0601,8
20260815_171300_5b901c,2025-07-11,300879.SZ,100,100,39.577524,40.184214,60.669,8
20260815_171300_5b901c,2025-07-11,300209.SZ,300,300,20.902693,21.865067,288.7122,8
20260815_171300_5b901c,2025-07-11,000953.SZ,300,300,18.304937,19.22096,274.8069,8
20260815_171300_5b901c,2025-07-14,603887.SH,100,100,40.649639,41.58616,93.6521,9
20260815_171300_5b901c,2025-07-14,300879.SZ,100,100,39.577524,40.52741,94.9886,9
20260815_171300_5b901c,2025-07-14,300209.SZ,300,300,20.902693,21.588294,205.6803,9
20260815_171300_5b901c,2025-07-14,000953.SZ,300,300,18.304937,19.53392,368.6949,9
20260815_171300_5b901c,2025-07-15,603887.SH,100,100,40.649639,41.97144,132.1801,10
20260815_171300_5b901c,2025-07-15,300879.SZ,100,100,39.577524,35.046368,-453.1156,10
20260815_171300_5b901c,2025-07-15,300209.SZ,300,300,20.902693,21.311521,122.6484,10
20260815_171300_5b901c,2025-07-15,000953.SZ,300,300,18.304937,19.01232,212.2149,10
20260815_171300_5b901c,2025-07-16,603887.SH,400,100,41.752676,41.70656,-18.4464,11
20260815_171300_5b901c,2025-07-16,300209.SZ,800,300,21.150121,21.390599,192.3824,11
20260815_171300_5b901c,2025-07-16,000953.SZ,900,300,18.792372,19.19488,362.2572,11
20260815_171300_5b901c,2025-07-17,603887.SH,400,400,41.752676,42.52528,309.0416,12
20260815_171300_5b901c,2025-07-17,300209.SZ,800,800,21.150121,21.588294,350.5384,12
20260815_171300_5b901c,2025-07-17,000953.SZ,900,900,18.792372,19.2992,456.1452,12
20260815_171300_5b901c,2025-07-18,603887.SH,400,400,41.752676,42.6216,347.5696,13
20260815_171300_5b901c,2025-07-18,300209.SZ,800,800,21.150121,21.311521,129.12,13
20260815_171300_5b901c,2025-07-18,000953.SZ,900,900,18.792372,19.97728,1066.4172,13
20260815_171300_5b901c,2025-07-21,603887.SH,400,400,41.752676,42.69384,376.4656,14
20260815_171300_5b901c,2025-07-21,300209.SZ,800,800,21.150121,21.311521,129.12,14
20260815_171300_5b901c,2025-07-21,000953.SZ,900,900,18.792372,20.02944,1113.3612,14
20260815_171300_5b901c,2025-07-22,603887.SH,400,400,41.752676,41.39352,-143.6624,15
20260815_171300_5b901c,2025-07-22,300209.SZ,800,800,21.150121,20.916131,-187.192,15
20260815_171300_5b901c,2025-07-22,000953.SZ,900,900,18.792372,19.53392,667.3932,15
20260815_171300_5b901c,2025-07-23,603887.SH,400,400,41.752676,40.86376,-355.5664,16
20260815_171300_5b901c,2025-07-23,300209.SZ,800,800,21.150121,20.56028,-471.8728,16
20260815_171300_5b901c,2025-07-23,000953.SZ,900,900,18.792372,19.09056,268.3692,16
20260815_171300_5b901c,2025-07-24,603887.SH,400,400,41.752676,41.6584,-37.7104,17
20260815_171300_5b901c,2025-07-24,300209.SZ,800,800,21.150121,20.837053,-250.4544,17
20260815_171300_5b901c,2025-07-24,000953.SZ,900,900,18.792372,19.14272,315.3132,17
20260815_171300_5b901c,2025-07-25,603887.SH,400,400,41.752676,41.27312,-191.8224,18
20260815_171300_5b901c,2025-07-25,300209.SZ,800,800,21.150121,20.95567,-155.5608,18
20260815_171300_5b901c,2025-07-25,000953.SZ,900,900,18.792372,19.06448,244.8972,18
20260815_171300_5b901c,2025-07-28,603887.SH,400,400,41.752676,41.27312,-191.8224,19
20260815_171300_5b901c,2025-07-28,300209.SZ,800,800,21.150121,20.876592,-218.8232,19
20260815_171300_5b901c,2025-07-28,000953.SZ,900,900,18.792372,19.24704,409.2012,19
20260815_171300_5b901c,2025-07-29,603887.SH,400,400,41.752676,40.79152,-384.4624,20
20260815_171300_5b901c,2025-07-29,300209.SZ,800,800,21.150121,21.074287,-60.6672,20
20260815_171300_5b901c,2025-07-29,000953.SZ,900,900,18.792372,19.01232,197.9532,20
20260815_171300_5b901c,2025-07-30,603887.SH,400,400,41.752676,40.2136,-615.6304,21
20260815_171300_5b901c,2025-07-30,300209.SZ,800,800,21.150121,20.95567,-155.5608,21
20260815_171300_5b901c,2025-07-30,000953.SZ,900,900,18.792372,20.91616,1911.4092,21
20260815_171300_5b901c,2025-07-31,603887.SH,400,400,41.752676,40.06912,-673.4224,22
20260815_171300_5b901c,2025-07-31,300209.SZ,800,800,21.150121,21.074287,-60.6672,22
20260815_171300_5b901c,2025-07-31,000953.SZ,900,900,18.792372,20.91616,1911.4092,22
20260815_171300_5b901c,2025-08-01,603887.SH,400,400,41.752676,40.6952,-422.9904,23
20260815_171300_5b901c,2025-08-01,300209.SZ,800,800,21.150121,21.074287,-60.6672,23
20260815_171300_5b901c,2025-08-01,000953.SZ,900,900,18.792372,20.91616,1911.4092,23
20260815_171300_5b901c,2025-08-04,603887.SH,400,400,41.752676,40.91192,-336.3024,24
20260815_171300_5b901c,2025-08-04,300209.SZ,800,800,21.150121,21.390599,192.3824,24
20260815_171300_5b901c,2025-08-04,000953.SZ,900,900,18.792372,20.91616,1911.4092,24
20260815_171300_5b901c,2025-08-05,603887.SH,400,400,41.752676,40.6952,-422.9904,25
20260815_171300_5b901c,2025-08-05,300209.SZ,800,800,21.150121,21.153365,2.5952,25
20260815_171300_5b901c,2025-08-05,000953.SZ,900,900,18.792372,20.91616,1911.4092,25
20260815_171300_5b901c,2025-08-06,603887.SH,400,400,41.752676,42.09184,135.6656,26
20260815_171300_5b901c,2025-08-06,300209.SZ,800,800,21.150121,20.916131,-187.192,26
20260815_171300_5b901c,2025-08-06,000953.SZ,900,900,18.792372,20.91616,1911.4092,26
20260815_171300_5b901c,2025-08-07,603887.SH,400,400,41.752676,41.63432,-47.3424,27
20260815_171300_5b901c,2025-08-07,300209.SZ,800,800,21.150121,20.916131,-187.192,27
20260815_171300_5b901c,2025-08-07,000953.SZ,900,900,18.792372,21.1248,2099.1852,27
20260815_171300_5b901c,2025-08-08,603887.SH,400,400,41.752676,43.72928,790.6416,28
20260815_171300_5b901c,2025-08-08,300209.SZ,800,800,21.150121,20.757975,-313.7168,28
20260815_171300_5b901c,2025-08-08,000953.SZ,900,900,18.792372,21.93328,2826.8172,28
20260815_171300_5b901c,2025-08-11,603887.SH,400,400,41.752676,43.97008,886.9616,29
20260815_171300_5b901c,2025-08-11,300209.SZ,800,800,21.150121,20.916131,-187.192,29
20260815_171300_5b901c,2025-08-11,000953.SZ,900,900,18.792372,21.59424,2521.6812,29
20260815_171300_5b901c,2025-08-12,603887.SH,400,400,41.752676,43.87376,848.4336,30
20260815_171300_5b901c,2025-08-12,300209.SZ,800,800,21.150121,20.757975,-313.7168,30
20260815_171300_5b901c,2025-08-12,000953.SZ,900,900,18.792372,21.07264,2052.2412,30
20260815_171300_5b901c,2025-08-13,603887.SH,400,400,41.752676,43.946,877.3296,31
20260815_171300_5b901c,2025-08-13,300209.SZ,800,800,21.150121,20.599819,-440.2416,31
20260815_171300_5b901c,2025-08-13,000953.SZ,900,900,18.792372,21.28128,2240.0172,31
20260815_171300_5b901c,2025-08-14,603887.SH,400,400,41.752676,43.36808,646.1616,32
20260815_171300_5b901c,2025-08-14,300209.SZ,800,800,21.150121,20.243968,-724.9224,32
20260815_171300_5b901c,2025-08-14,000953.SZ,900,900,18.792372,20.00336,1089.8892,32
20260815_171300_5b901c,2025-08-15,603887.SH,400,400,41.752676,43.65704,761.7456,33
20260815_171300_5b901c,2025-08-15,300209.SZ,800,800,21.150121,20.402124,-598.3976,33
20260815_171300_5b901c,2025-08-15,000953.SZ,900,900,18.792372,20.13376,1207.2492,33
20260815_171300_5b901c,2025-08-18,603887.SH,400,400,41.752676,44.47576,1089.2336,34
20260815_171300_5b901c,2025-08-18,300209.SZ,800,800,21.150121,20.441663,-566.7664,34
20260815_171300_5b901c,2025-08-18,000953.SZ,900,900,18.792372,19.92512,1019.4732,34
20260815_171300_5b901c,2025-08-19,603887.SH,400,400,41.752676,44.25904,1002.5456,35
20260815_171300_5b901c,2025-08-19,300209.SZ,800,800,21.150121,20.837053,-250.4544,35
20260815_171300_5b901c,2025-08-19,000953.SZ,900,900,18.792372,19.63824,761.2812,35
20260815_171300_5b901c,2025-08-20,603887.SH,400,400,41.752676,44.49984,1098.8656,36
20260815_171300_5b901c,2025-08-20,300209.SZ,800,800,21.150121,21.153365,2.5952,36
20260815_171300_5b901c,2025-08-20,000953.SZ,900,900,18.792372,19.76864,878.6412,36
20260815_171300_5b901c,2025-08-21,603887.SH,400,400,41.752676,43.5848,732.8496,37
20260815_171300_5b901c,2025-08-21,300209.SZ,800,800,21.150121,21.232443,65.8576,37
20260815_171300_5b901c,2025-08-21,000953.SZ,900,900,18.792372,20.02944,1113.3612,37
20260815_171300_5b901c,2025-08-22,603887.SH,400,400,41.752676,45.05368,1320.4016,38
20260815_171300_5b901c,2025-08-22,300209.SZ,800,800,21.150121,20.995209,-123.9296,38
20260815_171300_5b901c,2025-08-22,000953.SZ,900,900,18.792372,19.74256,855.1692,38
20260815_171300_5b901c,2025-08-25,603887.SH,400,400,41.752676,45.22224,1387.8256,39
20260815_171300_5b901c,2025-08-25,300209.SZ,800,800,21.150121,20.916131,-187.192,39
20260815_171300_5b901c,2025-08-25,000953.SZ,900,900,18.792372,19.74256,855.1692,39
20260815_171300_5b901c,2025-08-26,603887.SH,400,400,41.752676,46.04096,1715.3136,40
20260815_171300_5b901c,2025-08-26,300209.SZ,800,800,21.150121,21.271982,97.4888,40
20260815_171300_5b901c,2025-08-26,000953.SZ,900,900,18.792372,19.6904,808.2252,40
20260815_171300_5b901c,2025-08-27,603887.SH,400,400,41.752676,45.6316,1551.5696,41
20260815_171300_5b901c,2025-08-27,300209.SZ,800,800,21.150121,20.56028,-471.8728,41
20260815_171300_5b901c,2025-08-27,000953.SZ,900,900,18.792372,18.80368,10.1772,41
20260815_171300_5b901c,2025-08-28,603887.SH,400,400,41.752676,45.48712,1493.7776,42
20260815_171300_5b901c,2025-08-28,300209.SZ,800,800,21.150121,20.718436,-345.348,42
20260815_171300_5b901c,2025-08-28,000953.SZ,900,900,18.792372,18.7776,-13.2948,42
20260815_171300_5b901c,2025-08-29,603887.SH,400,400,41.752676,45.82424,1628.6256,43
20260815_171300_5b901c,2025-08-29,300209.SZ,800,800,21.150121,20.204429,-756.5536,43
20260815_171300_5b901c,2025-08-29,000953.SZ,900,900,18.792372,18.72544,-60.2388,43
20260815_171300_5b901c,2025-09-01,603887.SH,400,400,41.752676,45.12592,1349.2976,44
20260815_171300_5b901c,2025-09-01,300209.SZ,800,800,21.150121,20.797514,-282.0856,44
20260815_171300_5b901c,2025-09-01,000953.SZ,900,900,18.792372,18.82976,33.6492,44
20260815_171300_5b901c,2025-09-02,603887.SH,400,400,41.752676,43.17544,569.1056,45
20260815_171300_5b901c,2025-09-02,300209.SZ,800,800,21.150121,20.995209,-123.9296,45
20260815_171300_5b901c,2025-09-02,000953.SZ,900,900,18.792372,19.48176,620.4492,45
20260815_171300_5b901c,2025-09-03,603887.SH,400,400,41.752676,42.5012,299.4096,46
20260815_171300_5b901c,2025-09-03,300209.SZ,800,800,21.150121,20.718436,-345.348,46
20260815_171300_5b901c,2025-09-03,000953.SZ,900,900,18.792372,18.67328,-107.1828,46
20260815_171300_5b901c,2025-09-04,603887.SH,400,400,41.752676,41.80288,20.0816,47
20260815_171300_5b901c,2025-09-04,300209.SZ,800,800,21.150121,20.481202,-535.1352,47
20260815_171300_5b901c,2025-09-04,000953.SZ,900,900,18.792372,18.33424,-412.3188,47
20260815_171300_5b901c,2025-09-05,603887.SH,400,400,41.752676,43.51256,703.9536,48
20260815_171300_5b901c,2025-09-05,300209.SZ,800,800,21.150121,20.639358,-408.6104,48
20260815_171300_5b901c,2025-09-05,000953.SZ,900,900,18.792372,18.46464,-294.9588,48
20260815_171300_5b901c,2025-09-08,603887.SH,400,400,41.752676,42.9828,492.0496,49
20260815_171300_5b901c,2025-09-08,300209.SZ,800,800,21.150121,20.599819,-440.2416,49
20260815_171300_5b901c,2025-09-08,000953.SZ,900,900,18.792372,18.6472,-130.6548,49
20260815_171300_5b901c,2025-09-09,603887.SH,400,400,41.752676,42.30856,222.3536,50
20260815_171300_5b901c,2025-09-09,300209.SZ,800,800,21.150121,20.283507,-693.2912,50
20260815_171300_5b901c,2025-09-09,000953.SZ,900,900,18.792372,20.52496,1559.3292,50
20260815_171300_5b901c,2025-09-10,603887.SH,400,400,41.752676,42.52528,309.0416,51
20260815_171300_5b901c,2025-09-10,300209.SZ,800,800,21.150121,20.481202,-535.1352,51
20260815_171300_5b901c,2025-09-10,000953.SZ,900,900,18.792372,20.52496,1559.3292,51
20260815_171300_5b901c,2025-09-11,603887.SH,400,400,41.752676,43.53664,713.5856,52
20260815_171300_5b901c,2025-09-11,300209.SZ,800,800,21.150121,20.599819,-440.2416,52
20260815_171300_5b901c,2025-09-11,000953.SZ,900,900,18.792372,20.68144,1700.1612,52
20260815_171300_5b901c,2025-09-12,603887.SH,400,400,41.752676,45.8724,1647.8896,53
20260815_171300_5b901c,2025-09-12,300209.SZ,800,800,21.150121,20.204429,-756.5536,53
20260815_171300_5b901c,2025-09-12,000953.SZ,900,900,18.792372,20.15984,1230.7212,53
20260815_171300_5b901c,2025-09-15,603887.SH,400,400,41.752676,45.2704,1407.0896,54
20260815_171300_5b901c,2025-09-15,300209.SZ,800,800,21.150121,24.237407,2469.8288,54
20260815_171300_5b901c,2025-09-15,000953.SZ,900,900,18.792372,20.05552,1136.8332,54
20260815_171300_5b901c,2025-09-16,603887.SH,400,400,41.752676,44.35536,1041.0736,55
20260815_171300_5b901c,2025-09-16,300209.SZ,800,800,21.150121,25.858506,3766.708,55
20260815_171300_5b901c,2025-09-16,000953.SZ,900,900,18.792372,20.13376,1207.2492,55
20260815_171300_5b901c,2025-09-17,603887.SH,400,400,41.752676,43.89784,858.0656,56
20260815_171300_5b901c,2025-09-17,300209.SZ,800,800,21.150121,25.384038,3387.1336,56
20260815_171300_5b901c,2025-09-17,000953.SZ,900,900,18.792372,19.97728,1066.4172,56
20260815_171300_5b901c,2025-09-18,603887.SH,400,400,41.752676,43.15136,559.4736,57
20260815_171300_5b901c,2025-09-18,300209.SZ,800,800,21.150121,24.11879,2374.9352,57
20260815_171300_5b901c,2025-09-18,000953.SZ,900,900,18.792372,19.24704,409.2012,57
20260815_171300_5b901c,2025-09-19,603887.SH,400,400,41.752676,43.03096,511.3136,58
20260815_171300_5b901c,2025-09-19,300209.SZ,800,800,21.150121,25.265421,3292.24,58
20260815_171300_5b901c,2025-09-19,000953.SZ,900,900,18.792372,18.96016,151.0092,58
20260815_171300_5b901c,2025-09-22,603887.SH,400,400,41.752676,43.80152,819.5376,59
20260815_171300_5b901c,2025-09-22,300209.SZ,800,800,21.150121,24.237407,2469.8288,59
20260815_171300_5b901c,2025-09-22,000953.SZ,900,900,18.792372,19.11664,291.8412,59
20260815_171300_5b901c,2025-09-23,603887.SH,400,400,41.752676,42.14,154.9296,60
20260815_171300_5b901c,2025-09-23,300209.SZ,800,800,21.150121,23.209393,1647.4176,60
20260815_171300_5b901c,2025-09-23,000953.SZ,900,900,18.792372,18.75152,-36.7668,60
20260815_171300_5b901c,2025-09-24,603887.SH,400,400,41.752676,43.12728,549.8416,61
20260815_171300_5b901c,2025-09-24,300209.SZ,800,800,21.150121,23.169854,1615.7864,61
20260815_171300_5b901c,2025-09-24,000953.SZ,900,900,18.792372,19.14272,315.3132,61
20260815_171300_5b901c,2025-09-25,603887.SH,400,400,41.752676,42.33264,231.9856,62
20260815_171300_5b901c,2025-09-25,300209.SZ,800,800,21.150121,25.463116,3450.396,62
20260815_171300_5b901c,2025-09-25,000953.SZ,900,900,18.792372,18.75152,-36.7668,62
20260815_171300_5b901c,2025-09-26,603887.SH,400,400,41.752676,40.8156,-374.8304,63
20260815_171300_5b901c,2025-09-26,300209.SZ,800,800,21.150121,27.6773,5221.7432,63
20260815_171300_5b901c,2025-09-26,000953.SZ,900,900,18.792372,18.85584,57.1212,63
20260815_171300_5b901c,2025-09-29,603887.SH,400,400,41.752676,40.91192,-336.3024,64
20260815_171300_5b901c,2025-09-29,300209.SZ,800,800,21.150121,27.400527,5000.3248,64
20260815_171300_5b901c,2025-09-29,000953.SZ,900,900,18.792372,18.96016,151.0092,64
20260815_171300_5b901c,2025-09-30,603887.SH,400,400,41.752676,40.28584,-586.7344,65
20260815_171300_5b901c,2025-09-30,300209.SZ,800,800,21.150121,26.174818,4019.7576,65
20260815_171300_5b901c,2025-09-30,000953.SZ,900,900,18.792372,18.93408,127.5372,65
20260815_171300_5b901c,2025-10-09,603887.SH,400,400,41.752676,41.00824,-297.7744,66
20260815_171300_5b901c,2025-10-09,300209.SZ,800,800,21.150121,26.88652,4589.1192,66
20260815_171300_5b901c,2025-10-09,000953.SZ,900,900,18.792372,19.06448,244.8972,66
20260815_171300_5b901c,2025-10-10,000506.SZ,200,0,34.190774,36.81904,525.6532,1
20260815_171300_5b901c,2025-10-10,002265.SZ,200,0,29.936811,31.60453,333.5438,1
20260815_171300_5b901c,2025-10-10,301007.SZ,100,0,49.62785,47.431215,-219.6635,1
20260815_171300_5b901c,2025-10-10,603166.SH,200,0,30.497677,30.20721,-58.0934,1
20260815_171300_5b901c,2025-10-13,000506.SZ,200,200,34.190774,40.43776,1249.3972,2
20260815_171300_5b901c,2025-10-13,002265.SZ,200,200,29.936811,33.099,632.4378,2
20260815_171300_5b901c,2025-10-13,301007.SZ,100,100,49.62785,45.942156,-368.5694,2
20260815_171300_5b901c,2025-10-13,603166.SH,200,200,30.497677,28.976838,-304.1678,2
20260815_171300_5b901c,2025-10-14,000506.SZ,200,200,34.190774,38.11144,784.1332,3
20260815_171300_5b901c,2025-10-14,002265.SZ,200,200,29.936811,31.58447,329.5318,3
20260815_171300_5b901c,2025-10-14,301007.SZ,100,100,49.62785,44.98416,-464.369,3
20260815_171300_5b901c,2025-10-14,603166.SH,200,200,30.497677,27.036636,-692.2082,3
20260815_171300_5b901c,2025-10-15,000506.SZ,700,200,37.703102,41.9312,2959.6686,4
20260815_171300_5b901c,2025-10-15,002265.SZ,900,200,30.983467,30.15018,-749.9583,4
20260815_171300_5b901c,2025-10-16,000506.SZ,700,700,37.703102,41.5004,2658.1086,5
20260815_171300_5b901c,2025-10-16,002265.SZ,900,900,30.983467,29.92952,-948.5523,5
20260815_171300_5b901c,2025-10-17,000506.SZ,700,700,37.703102,42.0748,3060.1886,6
20260815_171300_5b901c,2025-10-17,002265.SZ,900,900,30.983467,28.15421,-2546.3313,6
20260815_171300_5b901c,2025-10-20,000506.SZ,1300,700,38.218812,39.11664,1167.1764,7
20260815_171300_5b901c,2025-10-21,000506.SZ,1300,1300,38.218812,38.97304,980.4964,8
20260815_171300_5b901c,2025-10-22,000506.SZ,1300,1300,38.218812,37.45088,-998.3116,9
20260815_171300_5b901c,2025-10-23,000506.SZ,1300,1300,38.218812,35.81384,-3126.4636,10
20260815_171300_5b901c,2025-10-24,000506.SZ,1300,1300,38.218812,35.26816,-3835.8476,11
20260815_171300_5b901c,2025-10-27,000506.SZ,1300,1300,38.218812,34.49272,-4843.9196,12
20260815_171300_5b901c,2026-01-06,601606.SH,100,0,49.70672,50.132859,42.6139,1
20260815_171300_5b901c,2026-01-06,000506.SZ,100,0,38.072821,38.28376,21.0939,1
20260815_171300_5b901c,2026-01-06,603256.SH,100,0,39.621475,38.7088,-91.2675,1
20260815_171300_5b901c,2026-01-06,605196.SH,100,0,36.27704,37.36494,108.79,1
20260815_171300_5b901c,2026-01-07,601606.SH,100,100,49.70672,49.390376,-31.6344,2
20260815_171300_5b901c,2026-01-07,000506.SZ,100,100,38.072821,38.57096,49.8139,2
20260815_171300_5b901c,2026-01-07,603256.SH,100,100,39.621475,39.832,21.0525,2
20260815_171300_5b901c,2026-01-07,605196.SH,100,100,36.27704,37.007625,73.0585,2
20260815_171300_5b901c,2026-01-08,601606.SH,100,100,49.70672,50.590554,88.3834,3
20260815_171300_5b901c,2026-01-08,000506.SZ,100,100,38.072821,38.36992,29.7099,3
20260815_171300_5b901c,2026-01-08,603256.SH,100,100,39.621475,39.0,-62.1475,3
20260815_171300_5b901c,2026-01-08,605196.SH,100,100,36.27704,35.139378,-113.7662,3
20260815_171300_5b901c,2026-01-09,601606.SH,100,100,49.70672,52.858687,315.1967,4
20260815_171300_5b901c,2026-01-09,000506.SZ,100,100,38.072821,39.43256,135.9739,4
20260815_171300_5b901c,2026-01-09,603256.SH,100,100,39.621475,40.664,104.2525,4
20260815_171300_5b901c,2026-01-09,605196.SH,100,100,36.27704,35.639619,-63.7421,4
20260815_171300_5b901c,2026-01-12,601606.SH,100,100,49.70672,52.156888,245.0168,5
20260815_171300_5b901c,2026-01-12,000506.SZ,100,100,38.072821,39.80592,173.3099,5
20260815_171300_5b901c,2026-01-12,603256.SH,100,100,39.621475,39.3328,-28.8675,5
20260815_171300_5b901c,2026-01-12,605196.SH,100,100,36.27704,35.690664,-58.6376,5
20260815_171300_5b901c,2026-01-13,601606.SH,100,100,49.70672,49.858242,15.1522,6
20260815_171300_5b901c,2026-01-13,000506.SZ,100,100,38.072821,40.83984,276.7019,6
20260815_171300_5b901c,2026-01-13,603256.SH,100,100,39.621475,37.0448,-257.6675,6
20260815_171300_5b901c,2026-01-13,605196.SH,100,100,36.27704,37.844763,156.7723,6
20260815_171300_5b901c,2026-01-14,601606.SH,100,100,49.70672,49.73619,2.947,7
20260815_171300_5b901c,2026-01-14,000506.SZ,100,100,38.072821,41.12704,305.4219,7
20260815_171300_5b901c,2026-01-14,603256.SH,100,100,39.621475,37.5232,-209.8275,7
20260815_171300_5b901c,2026-01-14,605196.SH,100,100,36.27704,38.28375,200.671,7
20260815_171300_5b901c,2026-01-15,601606.SH,100,100,49.70672,49.980294,27.3574,8
20260815_171300_5b901c,2026-01-15,000506.SZ,100,100,38.072821,42.5056,443.2779,8
20260815_171300_5b901c,2026-01-15,603256.SH,100,100,39.621475,39.5304,-9.1075,8
20260815_171300_5b901c,2026-01-15,605196.SH,100,100,36.27704,39.661965,338.4925,8
20260815_171300_5b901c,2026-01-16,601606.SH,100,100,49.70672,49.105588,-60.1132,9
20260815_171300_5b901c,2026-01-16,000506.SZ,100,100,38.072821,41.70144,362.8619,9
20260815_171300_5b901c,2026-01-16,603256.SH,100,100,39.621475,41.9016,228.0125,9
20260815_171300_5b901c,2026-01-16,605196.SH,100,100,36.27704,38.549184,227.2144,9
20260815_171300_5b901c,2026-01-19,601606.SH,100,100,49.70672,49.247982,-45.8738,10
20260815_171300_5b901c,2026-01-19,000506.SZ,100,100,38.072821,45.86584,779.3019,10
20260815_171300_5b901c,2026-01-19,603256.SH,100,100,39.621475,43.004,338.2525,10
20260815_171300_5b901c,2026-01-19,605196.SH,100,100,36.27704,38.07957,180.253,10
20260815_171300_5b901c,2026-01-20,601606.SH,100,100,49.70672,48.027462,-167.9258,11
20260815_171300_5b901c,2026-01-20,000506.SZ,100,100,38.072821,50.46104,1238.8219,11
20260815_171300_5b901c,2026-01-20,603256.SH,100,100,39.621475,40.768,114.6525,11
20260815_171300_5b901c,2026-01-20,605196.SH,100,100,36.27704,37.395567,111.8527,11
20260815_171300_5b901c,2026-01-21,601606.SH,100,100,49.70672,48.119001,-158.7719,12
20260815_171300_5b901c,2026-01-21,000506.SZ,100,100,38.072821,55.51576,1744.2939,12
20260815_171300_5b901c,2026-01-21,603256.SH,100,100,39.621475,44.8448,522.3325,12
20260815_171300_5b901c,2026-01-21,605196.SH,100,100,36.27704,39.866145,358.9105,12
20260815_171300_5b901c,2026-01-22,601606.SH,100,100,49.70672,48.261395,-144.5325,13
20260815_171300_5b901c,2026-01-22,000506.SZ,100,100,38.072821,56.004,1793.1179,13
20260815_171300_5b901c,2026-01-22,603256.SH,100,100,39.621475,49.3272,970.5725,13
20260815_171300_5b901c,2026-01-22,605196.SH,100,100,36.27704,40.32555,404.851,13
20260815_171300_5b901c,2026-01-23,601606.SH,100,100,49.70672,48.505499,-120.1221,14
20260815_171300_5b901c,2026-01-23,000506.SZ,100,100,38.072821,55.94656,1787.3739,14
20260815_171300_5b901c,2026-01-23,603256.SH,100,100,39.621475,49.088,946.6525,14
20260815_171300_5b901c,2026-01-23,605196.SH,100,100,36.27704,40.836,455.896,14
20260815_171300_5b901c,2026-01-26,601606.SH,100,100,49.70672,47.70199,-200.473,15
20260815_171300_5b901c,2026-01-26,000506.SZ,100,100,38.072821,61.54696,2347.4139,15
20260815_171300_5b901c,2026-01-26,603256.SH,100,100,39.621475,50.284,1066.2525,15
20260815_171300_5b901c,2026-01-26,605196.SH,100,100,36.27704,43.878282,760.1242,15
20260815_171300_5b901c,2026-01-27,601606.SH,100,100,49.70672,47.946094,-176.0626,16
20260815_171300_5b901c,2026-01-27,000506.SZ,100,100,38.072821,67.69304,2962.0219,16
20260815_171300_5b901c,2026-01-27,603256.SH,100,100,39.621475,49.192,957.0525,16
20260815_171300_5b901c,2026-01-27,605196.SH,100,100,36.27704,42.77571,649.867,16
20260815_171300_5b901c,2026-01-28,601606.SH,100,100,49.70672,47.010362,-269.6358,17
20260815_171300_5b901c,2026-01-28,000506.SZ,100,100,38.072821,74.47096,3639.8139,17
20260815_171300_5b901c,2026-01-28,603256.SH,100,100,39.621475,54.1112,1448.9725,17
20260815_171300_5b901c,2026-01-28,605196.SH,100,100,36.27704,44.909391,863.2351,17
20260815_171300_5b901c,2026-01-29,601606.SH,100,100,49.70672,46.135656,-357.1064,18
20260815_171300_5b901c,2026-01-29,000506.SZ,100,100,38.072821,81.90944,4383.6619,18
20260815_171300_5b901c,2026-01-29,603256.SH,100,100,39.621475,53.2376,1361.6125,18
20260815_171300_5b901c,2026-01-29,605196.SH,100,100,36.27704,44.929809,865.2769,18
20260815_171300_5b901c,2026-01-30,601606.SH,100,100,49.70672,46.491641,-321.5079,19
20260815_171300_5b901c,2026-01-30,000506.SZ,100,100,38.072821,73.72424,3565.1419,19
20260815_171300_5b901c,2026-01-30,603256.SH,100,100,39.621475,56.3264,1670.4925,19
20260815_171300_5b901c,2026-01-30,605196.SH,100,100,36.27704,46.65513,1037.809,19
20260815_171300_5b901c,2026-02-02,601606.SH,100,100,49.70672,44.762571,-494.4149,20
20260815_171300_5b901c,2026-02-02,000506.SZ,100,100,38.072821,66.3432,2827.0379,20
20260815_171300_5b901c,2026-02-02,603256.SH,100,100,39.621475,54.392,1477.0525,20
20260815_171300_5b901c,2026-02-02,605196.SH,100,100,36.27704,41.989617,571.2577,20
20260815_171300_5b901c,2026-02-03,000506.SZ,200,100,48.928176,64.16048,3046.4608,21
20260815_171300_5b901c,2026-02-03,603256.SH,300,100,50.555128,56.888,1899.8616,21
20260815_171300_5b901c,2026-02-03,605196.SH,400,100,40.600846,44.021208,1368.1448,21
20260815_171300_5b901c,2026-02-04,000506.SZ,200,200,48.928176,60.4556,2305.4848,22
20260815_171300_5b901c,2026-02-04,603256.SH,300,300,50.555128,58.8432,2486.4216,22
20260815_171300_5b901c,2026-02-04,605196.SH,400,400,40.600846,43.010517,963.8684,22
20260815_171300_5b901c,2026-02-05,000506.SZ,200,200,48.928176,56.5784,1530.0448,23
20260815_171300_5b901c,2026-02-05,603256.SH,300,300,50.555128,57.8656,2193.1416,23
20260815_171300_5b901c,2026-02-05,605196.SH,400,400,40.600846,41.765019,465.6692,23
20260815_171300_5b901c,2026-02-06,000506.SZ,200,200,48.928176,55.8604,1386.4448,24
20260815_171300_5b901c,2026-02-06,603256.SH,300,300,50.555128,55.2448,1406.9016,24
20260815_171300_5b901c,2026-02-06,605196.SH,400,400,40.600846,43.878282,1310.9744,24
20260815_171300_5b901c,2026-02-09,000506.SZ,200,200,48.928176,57.26768,1667.9008,25
20260815_171300_5b901c,2026-02-09,603256.SH,300,300,50.555128,59.28,2617.4616,25
20260815_171300_5b901c,2026-02-09,605196.SH,400,400,40.600846,45.63423,2013.3536,25
20260815_171300_5b901c,2026-02-10,000506.SZ,200,200,48.928176,55.60192,1334.7488,26
20260815_171300_5b901c,2026-02-10,603256.SH,300,300,50.555128,62.972,3725.0616,26
20260815_171300_5b901c,2026-02-10,605196.SH,400,400,40.600846,45.613812,2005.1864,26
20260815_171300_5b901c,2026-02-11,000506.SZ,200,200,48.928176,56.95176,1604.7168,27
20260815_171300_5b901c,2026-02-11,603256.SH,300,300,50.555128,69.2744,5615.7816,27
20260815_171300_5b901c,2026-02-11,605196.SH,400,400,40.600846,46.573458,2389.0448,27
20260815_171300_5b901c,2026-02-12,000506.SZ,200,200,48.928176,56.17632,1449.6288,28
20260815_171300_5b901c,2026-02-12,603256.SH,300,300,50.555128,76.2008,7693.7016,28
20260815_171300_5b901c,2026-02-12,605196.SH,400,400,40.600846,46.073217,2188.9484,28
20260815_171300_5b901c,2026-02-13,000506.SZ,200,200,48.928176,55.17112,1248.5888,29
20260815_171300_5b901c,2026-02-13,603256.SH,300,300,50.555128,74.464,7172.6616,29
20260815_171300_5b901c,2026-02-13,605196.SH,400,400,40.600846,44.766465,1666.2476,29
20260815_171300_5b901c,2026-02-24,000506.SZ,200,200,48.928176,58.41648,1897.6608,30
20260815_171300_5b901c,2026-02-24,603256.SH,300,300,50.555128,81.9104,9406.5816,30
20260815_171300_5b901c,2026-02-24,605196.SH,400,400,40.600846,44.71542,1645.8296,30
20260815_171300_5b901c,2026-02-25,000506.SZ,200,200,48.928176,57.5836,1731.0848,31
20260815_171300_5b901c,2026-02-25,603256.SH,300,300,50.555128,87.6408,11125.7016,31
20260815_171300_5b901c,2026-02-25,605196.SH,400,400,40.600846,49.176753,3430.3628,31
20260815_171300_5b901c,2026-02-26,000506.SZ,200,200,48.928176,57.1528,1644.9248,32
20260815_171300_5b901c,2026-02-26,603256.SH,300,300,50.555128,88.9824,11528.1816,32
20260815_171300_5b901c,2026-02-26,605196.SH,400,400,40.600846,49.442187,3536.5364,32
20260815_171300_5b901c,2026-02-27,000506.SZ,200,200,48.928176,58.3016,1874.6848,33
20260815_171300_5b901c,2026-02-27,603256.SH,300,300,50.555128,82.9816,9727.9416,33
20260815_171300_5b901c,2026-02-27,605196.SH,400,400,40.600846,48.115017,3005.6684,33
20260815_171300_5b901c,2026-03-02,000506.SZ,200,200,48.928176,64.13176,3040.7168,34
20260815_171300_5b901c,2026-03-02,603256.SH,300,300,50.555128,81.3488,9238.1016,34
20260815_171300_5b901c,2026-03-02,605196.SH,400,400,40.600846,50.993955,4157.2436,34
20260815_171300_5b901c,2026-03-03,000506.SZ,200,200,48.928176,62.0352,2621.4048,35
20260815_171300_5b901c,2026-03-03,603256.SH,300,300,50.555128,78.6136,8417.5416,35
20260815_171300_5b901c,2026-03-03,605196.SH,400,400,40.600846,50.43246,3932.6456,35
20260815_171300_5b901c,2026-03-04,000506.SZ,200,200,48.928176,58.61752,1937.8688,36
20260815_171300_5b901c,2026-03-04,603256.SH,300,300,50.555128,77.1472,7977.6216,36
20260815_171300_5b901c,2026-03-04,605196.SH,400,400,40.600846,55.475706,5949.944,36
20260815_171300_5b901c,2026-03-05,000506.SZ,200,200,48.928176,57.49744,1713.8528,37
20260815_171300_5b901c,2026-03-05,603256.SH,300,300,50.555128,75.2336,7403.5416,37
20260815_171300_5b901c,2026-03-05,605196.SH,400,400,40.600846,56.802876,6480.812,37
20260815_171300_5b901c,2026-03-06,000506.SZ,200,200,48.928176,57.41128,1696.6208,38
20260815_171300_5b901c,2026-03-06,603256.SH,300,300,50.555128,71.9888,6430.1016,38
20260815_171300_5b901c,2026-03-06,605196.SH,400,400,40.600846,52.402797,4720.7804,38
20260815_171300_5b901c,2026-03-09,000506.SZ,200,200,48.928176,58.21544,1857.4528,39
20260815_171300_5b901c,2026-03-09,603256.SH,300,300,50.555128,71.552,6299.0616,39
20260815_171300_5b901c,2026-03-09,605196.SH,400,400,40.600846,53.678922,5231.2304,39
20260815_171300_5b901c,2026-03-10,000506.SZ,200,200,48.928176,57.78464,1771.2928,40
20260815_171300_5b901c,2026-03-10,603256.SH,300,300,50.555128,76.3672,7743.6216,40
20260815_171300_5b901c,2026-03-10,605196.SH,400,400,40.600846,54.240417,5455.8284,40
20260815_171300_5b901c,2026-03-11,000506.SZ,200,200,48.928176,57.21024,1656.4128,41
20260815_171300_5b901c,2026-03-11,603256.SH,300,300,50.555128,75.9824,7628.1816,41
20260815_171300_5b901c,2026-03-11,605196.SH,400,400,40.600846,56.792667,6476.7284,41
20260815_171300_5b901c,2026-03-12,000506.SZ,200,200,48.928176,55.22856,1260.0768,42
20260815_171300_5b901c,2026-03-12,603256.SH,300,300,50.555128,75.4832,7478.4216,42
20260815_171300_5b901c,2026-03-12,605196.SH,400,400,40.600846,58.079001,6991.262,42
20260815_171300_5b901c,2026-03-13,000506.SZ,200,200,48.928176,52.09808,633.9808,43
20260815_171300_5b901c,2026-03-13,603256.SH,300,300,50.555128,73.4032,6854.4216,43
20260815_171300_5b901c,2026-03-13,605196.SH,400,400,40.600846,56.057619,6182.7092,43
20260815_171300_5b901c,2026-03-16,000506.SZ,200,200,48.928176,49.3984,94.0448,44
20260815_171300_5b901c,2026-03-16,603256.SH,300,300,50.555128,74.2664,7113.3816,44
20260815_171300_5b901c,2026-03-16,605196.SH,400,400,40.600846,53.658504,5223.0632,44
20260815_171300_5b901c,2026-03-17,000506.SZ,200,200,48.928176,51.8396,582.2848,45
20260815_171300_5b901c,2026-03-17,603256.SH,300,300,50.555128,68.64,5425.4616,45
20260815_171300_5b901c,2026-03-17,605196.SH,400,400,40.600846,49.61574,3605.9576,45
20260815_171300_5b901c,2026-03-18,000506.SZ,200,200,48.928176,50.92056,398.4768,46
20260815_171300_5b901c,2026-03-18,603256.SH,300,300,50.555128,72.072,6455.0616,46
20260815_171300_5b901c,2026-03-18,605196.SH,400,400,40.600846,47.839374,2895.4112,46
20260815_171300_5b901c,2026-03-19,000506.SZ,200,200,48.928176,47.64648,-256.3392,47
20260815_171300_5b901c,2026-03-19,603256.SH,300,300,50.555128,68.744,5456.6616,47
20260815_171300_5b901c,2026-03-19,605196.SH,400,400,40.600846,44.81751,1686.6656,47
20260815_171300_5b901c,2026-03-20,000506.SZ,200,200,48.928176,47.1008,-365.4752,48
20260815_171300_5b901c,2026-03-20,603256.SH,300,300,50.555128,66.664,4832.6616,48
20260815_171300_5b901c,2026-03-20,605196.SH,400,400,40.600846,43.265742,1065.9584,48
20260815_171300_5b901c,2026-03-23,000506.SZ,200,200,48.928176,43.91288,-1003.0592,49
20260815_171300_5b901c,2026-03-23,603256.SH,300,300,50.555128,63.2008,3793.7016,49
20260815_171300_5b901c,2026-03-23,605196.SH,400,400,40.600846,41.14227,216.5696,49
20260815_171300_5b901c,2026-03-24,603256.SH,300,300,50.555128,66.2792,4717.2216,50
20260815_171300_5b901c,2026-03-24,605196.SH,600,400,41.24141,45.256497,2409.0522,50
20260815_171300_5b901c,2026-03-25,603256.SH,300,300,50.555128,69.0768,5556.5016,51
20260815_171300_5b901c,2026-03-25,605196.SH,600,600,41.24141,46.9614,3431.994,51
20260815_171300_5b901c,2026-03-26,603256.SH,300,300,50.555128,68.8896,5500.3416,52
20260815_171300_5b901c,2026-03-26,605196.SH,600,600,41.24141,46.389696,3088.9716,52
20260815_171300_5b901c,2026-03-27,603256.SH,300,300,50.555128,68.2032,5294.4216,53
20260815_171300_5b901c,2026-03-27,605196.SH,600,600,41.24141,47.043072,3480.9972,53
20260815_171300_5b901c,2026-03-30,603256.SH,300,300,50.555128,75.0256,7341.1416,54
20260815_171300_5b901c,2026-03-30,605196.SH,600,600,41.24141,49.707621,5079.7266,54
20260815_171300_5b901c,2026-03-31,603256.SH,300,300,50.555128,72.852,6689.0616,55
20260815_171300_5b901c,2026-03-31,605196.SH,600,600,41.24141,48.063972,4093.5372,55
20260815_171300_5b901c,2026-04-01,603256.SH,300,300,50.555128,75.8472,7587.6216,56
20260815_171300_5b901c,2026-04-01,605196.SH,600,600,41.24141,48.421287,4307.9262,56
20260815_171300_5b901c,2026-04-02,603216.SH,200,0,35.97404,34.987076,-197.3928,1
20260815_171300_5b901c,2026-04-02,603993.SH,100,0,66.835725,65.241869,-159.3856,1
20260815_171300_5b901c,2026-04-02,002639.SZ,100,0,59.363727,59.41312,4.9393,1
20260815_171300_5b901c,2026-04-02,300486.SZ,100,0,56.614694,57.8208,120.6106,1
20260815_171300_5b901c,2026-04-02,601069.SH,200,0,32.364903,31.661685,-140.6436,1
20260815_171300_5b901c,2026-04-03,603216.SH,200,200,35.97404,34.702272,-254.3536,2
20260815_171300_5b901c,2026-04-03,603993.SH,100,100,66.835725,64.541928,-229.3797,2
20260815_171300_5b901c,2026-04-03,002639.SZ,100,100,59.363727,61.1424,177.8673,2
20260815_171300_5b901c,2026-04-03,300486.SZ,100,100,56.614694,57.2508,63.6106,2
20260815_171300_5b901c,2026-04-03,601069.SH,200,200,32.364903,31.131441,-246.6924,2
20260815_171300_5b901c,2026-04-07,603216.SH,200,200,35.97404,34.713226,-252.1628,3
20260815_171300_5b901c,2026-04-07,603993.SH,100,100,66.835725,64.83664,-199.9085,3
20260815_171300_5b901c,2026-04-07,002639.SZ,100,100,59.363727,63.4584,409.4673,3
20260815_171300_5b901c,2026-04-07,300486.SZ,100,100,56.614694,54.834,-178.0694,3
20260815_171300_5b901c,2026-04-07,601069.SH,200,200,32.364903,30.774546,-318.0714,3
20260815_171300_5b901c,2026-04-08,603216.SH,200,200,35.97404,36.36728,78.648,4
20260815_171300_5b901c,2026-04-08,603993.SH,100,100,66.835725,70.509846,367.4121,4
20260815_171300_5b901c,2026-04-08,002639.SZ,100,100,59.363727,64.57008,520.6353,4
20260815_171300_5b901c,2026-04-08,300486.SZ,100,100,56.614694,56.8404,22.5706,4
20260815_171300_5b901c,2026-04-08,601069.SH,200,200,32.364903,33.85404,297.8274,4
20260815_171300_5b901c,2026-04-09,603216.SH,200,200,35.97404,40.004008,805.9936,5
20260815_171300_5b901c,2026-04-09,603993.SH,100,100,66.835725,70.436168,360.0443,5
20260815_171300_5b901c,2026-04-09,002639.SZ,100,100,59.363727,63.82896,446.5233,5
20260815_171300_5b901c,2026-04-09,300486.SZ,100,100,56.614694,55.8828,-73.1894,5
20260815_171300_5b901c,2026-04-09,601069.SH,200,200,32.364903,36.127971,752.6136,5
20260815_171300_5b901c,2026-04-10,603216.SH,200,200,35.97404,36.838302,172.8524,6
20260815_171300_5b901c,2026-04-10,603993.SH,100,100,66.835725,69.846744,301.1019,6
20260815_171300_5b901c,2026-04-10,002639.SZ,100,100,59.363727,60.3704,100.6673,6
20260815_171300_5b901c,2026-04-10,300486.SZ,100,100,56.614694,56.7492,13.4506,6
20260815_171300_5b901c,2026-04-10,601069.SH,200,200,32.364903,35.58753,644.5254,6
20260815_171300_5b901c,2026-04-13,603216.SH,200,200,35.97404,34.088848,-377.0384,7
20260815_171300_5b901c,2026-04-13,603993.SH,100,100,66.835725,69.478354,264.2629,7
20260815_171300_5b901c,2026-04-13,002639.SZ,100,100,59.363727,60.61744,125.3713,7
20260815_171300_5b901c,2026-04-13,300486.SZ,100,100,56.614694,56.8632,24.8506,7
20260815_171300_5b901c,2026-04-13,601069.SH,200,200,32.364903,34.77177,481.3734,7
20260815_171300_5b901c,2026-04-14,603216.SH,200,200,35.97404,33.02631,-589.546,8
20260815_171300_5b901c,2026-04-14,603993.SH,100,100,66.835725,72.057084,522.1359,8
20260815_171300_5b901c,2026-04-14,002639.SZ,100,100,59.363727,59.53664,17.2913,8
20260815_171300_5b901c,2026-04-14,300486.SZ,100,100,56.614694,56.7492,13.4506,8
20260815_171300_5b901c,2026-04-14,601069.SH,200,200,32.364903,34.77177,481.3734,8
20260815_171300_5b901c,2026-04-15,603993.SH,200,100,70.30292,73.567483,652.9126,9
20260815_171300_5b901c,2026-04-15,002639.SZ,200,100,59.796587,60.61744,164.1706,9
20260815_171300_5b901c,2026-04-15,300486.SZ,200,100,56.831565,54.9024,-385.833,9
20260815_171300_5b901c,2026-04-15,601069.SH,400,200,33.962729,34.272117,123.7552,9
20260815_171300_5b901c,2026-04-16,603993.SH,200,200,70.30292,74.746331,888.6822,10
20260815_171300_5b901c,2026-04-16,002639.SZ,200,200,59.796587,60.64832,170.3466,10
20260815_171300_5b901c,2026-04-16,300486.SZ,200,200,56.831565,54.9024,-385.833,10
20260815_171300_5b901c,2026-04-16,601069.SH,400,400,33.962729,34.608618,258.3556,10
20260815_171300_5b901c,2026-04-17,603993.SH,200,200,70.30292,74.525297,844.4754,11
20260815_171300_5b901c,2026-04-17,002639.SZ,200,200,59.796587,59.84544,9.7706,11
20260815_171300_5b901c,2026-04-17,300486.SZ,200,200,56.831565,54.8568,-394.953,11
20260815_171300_5b901c,2026-04-17,601069.SH,400,400,33.962729,33.721479,-96.5,11
20260815_171300_5b901c,2026-04-20,603993.SH,200,200,70.30292,74.562136,851.8432,12
20260815_171300_5b901c,2026-04-20,002639.SZ,200,200,59.796587,61.97616,435.9146,12
20260815_171300_5b901c,2026-04-20,300486.SZ,200,200,56.831565,57.0456,42.807,12
20260815_171300_5b901c,2026-04-20,601069.SH,400,400,33.962729,34.578027,246.1192,12
20260815_171300_5b901c,2026-04-21,603993.SH,200,200,70.30292,73.972712,733.9584,13
20260815_171300_5b901c,2026-04-21,002639.SZ,200,200,59.796587,61.01888,244.4586,13
20260815_171300_5b901c,2026-04-21,300486.SZ,200,200,56.831565,56.1792,-130.473,13
20260815_171300_5b901c,2026-04-21,601069.SH,400,400,33.962729,34.496451,213.4888,13
20260815_171300_5b901c,2026-04-22,603993.SH,200,200,70.30292,74.009551,741.3262,14
20260815_171300_5b901c,2026-04-22,002639.SZ,200,200,59.796587,59.53664,-51.9894,14
20260815_171300_5b901c,2026-04-22,300486.SZ,200,200,56.831565,55.8372,-198.873,14
20260815_171300_5b901c,2026-04-22,601069.SH,400,400,33.962729,34.435269,189.016,14
20260815_171300_5b901c,2026-04-23,603993.SH,200,200,70.30292,71.320304,203.4768,15
20260815_171300_5b901c,2026-04-23,002639.SZ,200,200,59.796587,56.72656,-614.0054,15
20260815_171300_5b901c,2026-04-23,300486.SZ,200,200,56.831565,52.44,-878.313,15
20260815_171300_5b901c,2026-04-23,601069.SH,400,400,33.962729,32.926113,-414.6464,15
20260815_171300_5b901c,2026-04-24,603993.SH,200,200,70.30292,71.357143,210.8446,16
20260815_171300_5b901c,2026-04-24,002639.SZ,200,200,59.796587,55.70752,-817.8134,16
20260815_171300_5b901c,2026-04-24,300486.SZ,200,200,56.831565,53.7396,-618.393,16
20260815_171300_5b901c,2026-04-24,601069.SH,400,400,33.962729,32.52843,-573.7196,16
20260815_171300_5b901c,2026-04-27,603993.SH,200,200,70.30292,69.9941,-61.764,17
20260815_171300_5b901c,2026-04-27,002639.SZ,200,200,59.796587,55.80016,-799.2854,17
20260815_171300_5b901c,2026-04-27,300486.SZ,200,200,56.831565,55.3128,-303.753,17
20260815_171300_5b901c,2026-04-27,601069.SH,400,400,33.962729,32.589612,-549.2468,17
20260815_171300_5b901c,2026-04-28,603993.SH,200,200,70.30292,68.078472,-444.8896,18
20260815_171300_5b901c,2026-04-28,002639.SZ,200,200,59.796587,54.13264,-1132.7894,18
20260815_171300_5b901c,2026-04-28,300486.SZ,200,200,56.831565,53.6028,-645.753,18
20260815_171300_5b901c,2026-04-28,601069.SH,400,400,33.962729,31.835034,-851.078,18
20260815_171300_5b901c,2026-04-29,603993.SH,200,200,70.30292,70.694041,78.2242,19
20260815_171300_5b901c,2026-04-29,300486.SZ,300,200,55.701554,52.7592,-882.7062,19
20260815_171300_5b901c,2026-04-29,601069.SH,500,400,33.459389,32.895522,-281.9335,19
20260815_171300_5b901c,2026-04-30,603993.SH,200,200,70.30292,68.594218,-341.7404,20
20260815_171300_5b901c,2026-04-30,300486.SZ,300,300,55.701554,52.8048,-869.0262,20
20260815_171300_5b901c,2026-04-30,601069.SH,500,500,33.459389,33.232023,-113.683,20
20260815_171300_5b901c,2026-05-06,603993.SH,200,200,70.30292,71.762372,291.8904,21
20260815_171300_5b901c,2026-05-06,300486.SZ,300,300,55.701554,52.7364,-889.5462,21
20260815_171300_5b901c,2026-05-06,601069.SH,500,500,33.459389,34.843149,691.88,21
20260815_171300_5b901c,2026-05-07,603993.SH,200,200,70.30292,73.162254,571.8668,22
20260815_171300_5b901c,2026-05-07,300486.SZ,300,300,55.701554,52.1436,-1067.3862,22
20260815_171300_5b901c,2026-05-07,601069.SH,500,500,33.459389,34.853346,696.9785,22
20260815_171300_5b901c,2026-05-08,603993.SH,200,200,70.30292,74.41478,822.372,23
20260815_171300_5b901c,2026-05-08,300486.SZ,300,300,55.701554,54.0132,-506.5062,23
20260815_171300_5b901c,2026-05-08,601069.SH,500,500,33.459389,36.280926,1410.7685,23
20260815_171300_5b901c,2026-05-11,603993.SH,200,200,70.30292,73.714839,682.3838,24
20260815_171300_5b901c,2026-05-11,300486.SZ,300,300,55.701554,52.3032,-1019.5062,24
20260815_171300_5b901c,2026-05-11,601069.SH,500,500,33.459389,35.342802,941.7065,24
20260815_171300_5b901c,2026-05-12,603993.SH,200,200,70.30292,75.814662,1102.3484,25
20260815_171300_5b901c,2026-05-12,300486.SZ,300,300,55.701554,52.2804,-1026.3462,25
20260815_171300_5b901c,2026-05-12,601069.SH,500,500,33.459389,34.506648,523.6295,25
20260815_171300_5b901c,2026-05-13,603993.SH,200,200,70.30292,77.325061,1404.4282,26
20260815_171300_5b901c,2026-05-13,300486.SZ,300,300,55.701554,52.3944,-992.1462,26
20260815_171300_5b901c,2026-05-13,601069.SH,500,500,33.459389,33.915222,227.9165,26
20260815_171300_5b901c,2026-05-14,603993.SH,200,200,70.30292,73.862195,711.855,27
20260815_171300_5b901c,2026-05-14,300486.SZ,300,300,55.701554,50.6616,-1511.9862,27
20260815_171300_5b901c,2026-05-14,601069.SH,500,500,33.459389,32.589612,-434.8885,27
20260815_171300_5b901c,2026-05-15,603993.SH,300,200,71.237342,69.552032,-505.593,28
20260815_171300_5b901c,2026-05-15,601069.SH,800,500,32.84221,30.376863,-1972.2776,28
20260815_171300_5b901c,2026-05-18,603993.SH,300,300,71.237342,67.452209,-1135.5399,29
20260815_171300_5b901c,2026-05-18,601069.SH,800,800,32.84221,29.867013,-2380.1576,29
20260815_171300_5b901c,2026-05-19,603993.SH,700,300,69.227984,66.973302,-1578.2774,30
20260815_171300_5b901c,2026-05-20,603993.SH,700,700,69.227984,66.162844,-2145.598,31
20260815_171300_5b901c,2026-05-21,603993.SH,700,700,69.227984,64.983996,-2970.7916,32
20260815_171300_5b901c,2026-05-22,603993.SH,700,700,69.227984,68.262667,-675.7219,33
20260815_171300_5b901c,2026-05-25,603993.SH,700,700,69.227984,71.246626,1413.0494,34
20260815_171300_5b901c,2026-05-26,603993.SH,700,700,69.227984,75.114721,4120.7159,35
20260815_171300_5b901c,2026-05-27,603993.SH,700,700,69.227984,72.200772,2080.9516,36
20260815_171300_5b901c,2026-05-28,603993.SH,700,700,69.227984,70.25748,720.6472,37
20260815_171300_5b901c,2026-05-29,603993.SH,700,700,69.227984,69.173721,-37.9841,38
20260815_171300_5b901c,2026-06-01,603993.SH,700,700,69.227984,68.837382,-273.4214,39
20260815_171300_5b901c,2026-06-02,603993.SH,700,700,69.227984,73.770354,3179.659,40
20260815_171300_5b901c,2026-06-03,603993.SH,700,700,69.227984,74.330919,3572.0545,41
20260815_171300_5b901c,2026-06-04,603993.SH,700,700,69.227984,70.033254,563.689,42
20260815_171300_5b901c,2026-06-05,603993.SH,700,700,69.227984,67.977849,-875.0945,43
20260815_171300_5b901c,2026-06-08,603993.SH,700,700,69.227984,63.119619,-4275.8555,44
