run_id,date,code,side,volume,price,amount,slippage_amt,commission,tax,reason,layer,model
20260809_000809_3032e9,2023-01-04,603095.SH,buy,400,23.984272,9593.7088,9.584125,2.398427,0.0,target_weight_new,,next_open
20260809_000809_3032e9,2023-01-04,000055.SZ,buy,200,47.364537,9472.9074,9.463444,2.368227,0.0,target_weight_new,,next_open
20260809_000809_3032e9,2023-01-04,600035.SH,buy,1300,11.058239,14375.7107,14.36135,3.593928,0.0,target_weight_new,,next_open
20260809_000809_3032e9,2023-01-04,002457.SZ,buy,600,21.772771,13063.6626,13.050612,3.265916,0.0,target_weight_new,,next_open
20260809_000809_3032e9,2023-01-04,600694.SH,buy,100,99.383534,9938.3534,9.928425,2.484588,0.0,target_weight_new,,next_open
20260809_000809_3032e9,2023-01-04,000501.SZ,buy,100,75.683888,7568.3888,7.560828,1.892097,0.0,target_weight_new,,next_open
20260809_000809_3032e9,2023-01-04,600814.SH,buy,100,46.142414,4614.2414,4.609632,1.15356,0.0,target_weight_new,,next_open
20260809_000809_3032e9,2023-01-04,002526.SZ,buy,900,13.526053,12173.4477,12.161286,3.043362,0.0,target_weight_new,,next_open
20260809_000809_3032e9,2023-01-04,600790.SH,buy,100,58.451139,5845.1139,5.839275,1.461278,0.0,target_weight_new,,next_open
20260809_000809_3032e9,2023-01-04,603183.SH,buy,500,22.536372,11268.186,11.256929,2.817047,0.0,target_weight_new,,next_open
20260809_000809_3032e9,2023-01-04,601789.SH,buy,900,10.558827,9502.9443,9.493451,2.375736,0.0,target_weight_new,,next_open
20260809_000809_3032e9,2023-01-04,000719.SZ,buy,200,40.820608,8164.1216,8.155966,2.04103,0.0,target_weight_new,,next_open
20260809_000809_3032e9,2023-01-04,002818.SZ,buy,300,26.305059,7891.5177,7.883634,1.972879,0.0,target_weight_new,,next_open
20260809_000809_3032e9,2023-01-04,000735.SZ,buy,200,41.337166,8267.4332,8.259174,2.066858,0.0,target_weight_new,,next_open
20260809_000809_3032e9,2023-01-04,001201.SZ,buy,100,49.126672,4912.6672,4.907759,1.228167,0.0,target_weight_new,,next_open
20260809_000809_3032e9,2023-01-04,600128.SH,buy,400,24.895919,9958.3676,9.948419,2.489592,0.0,target_weight_new,,next_open
20260809_000809_3032e9,2023-01-04,002469.SZ,buy,100,53.708595,5370.8595,5.365494,1.342715,0.0,target_weight_new,,next_open
20260809_000809_3032e9,2023-01-04,600202.SH,buy,400,26.071295,10428.518,10.4181,2.60713,0.0,target_weight_new,,next_open
20260809_000809_3032e9,2023-01-04,603656.SH,buy,400,23.238415,9295.366,9.28608,2.323841,0.0,target_weight_new,,next_open
20260809_000809_3032e9,2023-01-04,000856.SZ,buy,400,15.884969,6353.9876,6.34764,1.588497,0.0,target_weight_new,,next_open
20260809_000809_3032e9,2023-01-04,603682.SH,buy,2000,6.028434,12056.868,12.044824,3.014217,0.0,target_weight_new,,next_open
20260809_000809_3032e9,2023-01-04,600073.SH,buy,400,25.522025,10208.81,10.198611,2.552202,0.0,target_weight_new,,next_open
20260809_000809_3032e9,2023-01-04,002661.SZ,buy,200,41.271907,8254.3814,8.246135,2.063595,0.0,target_weight_new,,next_open
20260809_000809_3032e9,2023-01-04,600101.SH,buy,100,64.142278,6414.2278,6.40782,1.603557,0.0,target_weight_new,,next_open
20260809_000809_3032e9,2023-01-04,000833.SZ,buy,900,11.477463,10329.7167,10.319397,2.582429,0.0,target_weight_new,,next_open
20260809_000809_3032e9,2023-01-04,000543.SZ,buy,300,21.602541,6480.7623,6.474288,1.620191,0.0,target_weight_new,,next_open
20260809_000809_3032e9,2023-01-04,002144.SZ,buy,700,11.792802,8254.9614,8.246715,2.06374,0.0,target_weight_new,,next_open
20260809_000809_3032e9,2023-01-04,601599.SH,buy,1000,10.657807,10657.807,10.64716,2.664452,0.0,target_weight_new,,next_open
20260809_000809_3032e9,2023-01-04,600125.SH,buy,100,96.782077,9678.2077,9.668539,2.419552,0.0,target_weight_new,,next_open
20260809_000809_3032e9,2023-01-04,002012.SZ,buy,200,28.652674,5730.5348,5.72481,1.432634,0.0,target_weight_new,,next_open
20260809_000809_3032e9,2023-01-04,002300.SZ,buy,100,54.11455,5411.455,5.406049,1.352864,0.0,target_weight_new,,next_open
20260809_000809_3032e9,2023-01-04,002606.SZ,buy,100,40.889334,4088.9334,4.084849,1.022233,0.0,target_weight_new,,next_open
20260809_000809_3032e9,2023-01-04,002117.SZ,buy,100,49.58908,4958.908,4.953954,1.239727,0.0,target_weight_new,,next_open
20260809_000809_3032e9,2023-01-04,000026.SZ,buy,100,86.802512,8680.2512,8.67158,2.170063,0.0,target_weight_new,,next_open
20260809_000809_3032e9,2023-01-04,603360.SH,buy,200,38.807128,7761.4256,7.753672,1.940356,0.0,target_weight_new,,next_open
20260809_000809_3032e9,2023-01-04,605259.SH,buy,200,37.171729,7434.3458,7.426919,1.858586,0.0,target_weight_new,,next_open
20260809_000809_3032e9,2023-01-04,300743.SZ,buy,400,26.427741,10571.0964,10.560536,2.642774,0.0,target_weight_new,,next_open
20260809_000809_3032e9,2023-01-04,300606.SZ,buy,400,18.697319,7478.9276,7.471456,1.869732,0.0,target_weight_new,,next_open
20260809_000809_3032e9,2023-01-04,000530.SZ,buy,100,45.684639,4568.4639,4.5639,1.142116,0.0,target_weight_new,,next_open
20260809_000809_3032e9,2023-01-04,300557.SZ,buy,200,32.673895,6534.779,6.528251,1.633695,0.0,target_weight_new,,next_open
20260809_000809_3032e9,2023-01-04,002929.SZ,buy,200,41.87021,8374.042,8.365676,2.09351,0.0,target_weight_new,,next_open
20260809_000809_3032e9,2023-01-04,603003.SH,buy,1300,7.698891,10008.5583,9.99856,2.50214,0.0,target_weight_new,,next_open
20260809_000809_3032e9,2023-01-04,002567.SZ,buy,200,37.331544,7466.3088,7.45885,1.866577,0.0,target_weight_new,,next_open
20260809_000809_3032e9,2023-01-04,605088.SH,buy,400,17.439651,6975.8604,6.968892,1.743965,0.0,target_weight_new,,next_open
20260809_000809_3032e9,2023-01-04,002040.SZ,buy,400,22.233383,8893.3532,8.884469,2.223338,0.0,target_weight_new,,next_open
20260809_000809_3032e9,2023-04-04,002144.SZ,sell,200,13.038808,2607.7616,2.610372,0.65194,0.260776,rebalance_reduce,confirm,next_open
20260809_000809_3032e9,2023-04-04,000055.SZ,sell,200,48.365138,9673.0276,9.68271,2.418257,0.967303,target_exit,confirm,next_open
20260809_000809_3032e9,2023-04-04,600035.SH,sell,1300,11.460612,14898.7956,14.913709,3.724699,1.48988,target_exit,confirm,next_open
20260809_000809_3032e9,2023-04-04,002457.SZ,sell,600,23.524412,14114.6472,14.128776,3.528662,1.411465,target_exit,confirm,next_open
20260809_000809_3032e9,2023-04-04,000501.SZ,sell,100,81.586292,8158.6292,8.166796,2.039657,0.815863,target_exit,confirm,next_open
20260809_000809_3032e9,2023-04-04,002526.SZ,sell,900,14.574171,13116.7539,13.129884,3.279188,1.311675,target_exit,confirm,next_open
20260809_000809_3032e9,2023-04-04,603183.SH,sell,500,22.153491,11076.7455,11.087833,2.769186,1.107675,target_exit,confirm,next_open
20260809_000809_3032e9,2023-04-04,601789.SH,sell,900,12.831658,11548.4922,11.560053,2.887123,1.154849,target_exit,confirm,next_open
20260809_000809_3032e9,2023-04-04,000719.SZ,sell,200,54.072722,10814.5444,10.82537,2.703636,1.081454,target_exit,confirm,next_open
20260809_000809_3032e9,2023-04-04,000735.SZ,sell,200,47.089733,9417.9466,9.427374,2.354487,0.941795,target_exit,confirm,next_open
20260809_000809_3032e9,2023-04-04,001201.SZ,sell,100,53.555809,5355.5809,5.360942,1.338895,0.535558,target_exit,confirm,next_open
20260809_000809_3032e9,2023-04-04,600128.SH,sell,400,25.092179,10036.8716,10.046918,2.509218,1.003687,target_exit,confirm,next_open
20260809_000809_3032e9,2023-04-04,002469.SZ,sell,100,54.490195,5449.0195,5.454474,1.362255,0.544902,target_exit,confirm,next_open
20260809_000809_3032e9,2023-04-04,600202.SH,sell,400,26.465248,10586.0992,10.596696,2.646525,1.05861,target_exit,confirm,next_open
20260809_000809_3032e9,2023-04-04,603656.SH,sell,400,26.962211,10784.8844,10.79568,2.696221,1.078488,target_exit,confirm,next_open
20260809_000809_3032e9,2023-04-04,000856.SZ,sell,400,16.697486,6678.9944,6.68568,1.669749,0.667899,target_exit,confirm,next_open
20260809_000809_3032e9,2023-04-04,600073.SH,sell,400,29.155927,11662.3708,11.674045,2.915593,1.166237,target_exit,confirm,next_open
20260809_000809_3032e9,2023-04-04,000833.SZ,sell,900,12.127338,10914.6042,10.925529,2.728651,1.09146,target_exit,confirm,next_open
20260809_000809_3032e9,2023-04-04,000543.SZ,sell,300,23.395221,7018.5663,7.025592,1.754642,0.701857,target_exit,confirm,next_open
20260809_000809_3032e9,2023-04-04,601599.SH,sell,1000,10.506003,10506.003,10.51652,2.626501,1.0506,target_exit,confirm,next_open
20260809_000809_3032e9,2023-04-04,600125.SH,sell,100,97.787503,9778.7503,9.788539,2.444688,0.977875,target_exit,confirm,next_open
20260809_000809_3032e9,2023-04-04,002012.SZ,sell,200,30.061858,6012.3716,6.01839,1.503093,0.601237,target_exit,confirm,next_open
20260809_000809_3032e9,2023-04-04,002300.SZ,sell,100,57.903096,5790.3096,5.796106,1.447577,0.579031,target_exit,confirm,next_open
20260809_000809_3032e9,2023-04-04,002606.SZ,sell,100,44.540299,4454.0299,4.458488,1.113507,0.445403,target_exit,confirm,next_open
20260809_000809_3032e9,2023-04-04,002117.SZ,sell,100,60.844315,6084.4315,6.090522,1.521108,0.608443,target_exit,confirm,next_open
20260809_000809_3032e9,2023-04-04,000026.SZ,sell,100,90.804962,9080.4962,9.089586,2.270124,0.90805,target_exit,confirm,next_open
20260809_000809_3032e9,2023-04-04,603360.SH,sell,200,36.59385,7318.77,7.326096,1.829693,0.731877,target_exit,confirm,next_open
20260809_000809_3032e9,2023-04-04,605259.SH,sell,200,38.661311,7732.2622,7.740002,1.933066,0.773226,target_exit,confirm,next_open
20260809_000809_3032e9,2023-04-04,300743.SZ,sell,400,31.383961,12553.5844,12.56615,3.138396,1.255358,target_exit,confirm,next_open
20260809_000809_3032e9,2023-04-04,300606.SZ,sell,400,22.370038,8948.0152,8.956972,2.237004,0.894802,target_exit,confirm,next_open
20260809_000809_3032e9,2023-04-04,000530.SZ,sell,100,46.582371,4658.2371,4.6629,1.164559,0.465824,target_exit,confirm,next_open
20260809_000809_3032e9,2023-04-04,300557.SZ,sell,200,33.9899,6797.98,6.804785,1.699495,0.679798,target_exit,confirm,next_open
20260809_000809_3032e9,2023-04-04,002929.SZ,sell,200,46.34769,9269.538,9.278817,2.317385,0.926954,target_exit,confirm,next_open
20260809_000809_3032e9,2023-04-04,603003.SH,sell,1300,9.685265,12590.8445,12.603448,3.147711,1.259084,target_exit,confirm,next_open
20260809_000809_3032e9,2023-04-04,002567.SZ,sell,200,45.741213,9148.2426,9.1574,2.287061,0.914824,target_exit,confirm,next_open
20260809_000809_3032e9,2023-04-04,605088.SH,sell,400,20.223526,8089.4104,8.097508,2.022353,0.808941,target_exit,confirm,next_open
20260809_000809_3032e9,2023-04-04,002040.SZ,sell,400,20.910584,8364.2336,8.372606,2.091058,0.836423,target_exit,confirm,next_open
20260809_000809_3032e9,2023-04-04,601077.SH,buy,7900,4.321287,34138.1673,34.104063,8.534542,0.0,target_weight_new,,next_open
20260809_000809_3032e9,2023-04-04,605169.SH,buy,1100,21.028227,23131.0497,23.107942,5.782762,0.0,target_weight_new,,next_open
20260809_000809_3032e9,2023-04-04,605368.SH,buy,1400,14.720706,20608.9884,20.5884,5.152247,0.0,target_weight_new,,next_open
20260809_000809_3032e9,2023-04-04,603318.SH,buy,600,24.301878,14581.1268,14.56656,3.645282,0.0,target_weight_new,,next_open
20260809_000809_3032e9,2023-04-04,600694.SH,buy,100,102.757154,10275.7154,10.26545,2.568929,0.0,rebalance_increase,,next_open
20260809_000809_3032e9,2023-04-04,600838.SH,buy,100,62.86523,6286.523,6.280243,1.571631,0.0,target_weight_new,,next_open
20260809_000809_3032e9,2023-04-04,600858.SH,buy,300,36.518732,10955.6196,10.944675,2.738905,0.0,target_weight_new,,next_open
20260809_000809_3032e9,2023-04-04,002661.SZ,buy,100,42.407505,4240.7505,4.236514,1.060188,0.0,rebalance_increase,,next_open
20260809_000809_3032e9,2023-04-04,002582.SZ,buy,300,32.934341,9880.3023,9.870432,2.470076,0.0,target_weight_new,,next_open
20260809_000809_3032e9,2023-04-04,002448.SZ,buy,500,32.289799,16144.8995,16.128771,4.036225,0.0,target_weight_new,,next_open
20260809_000809_3032e9,2023-04-04,002510.SZ,buy,800,17.148281,13718.6248,13.70492,3.429656,0.0,target_weight_new,,next_open
20260809_000809_3032e9,2023-04-04,300375.SZ,buy,600,24.992468,14995.4808,14.9805,3.74887,0.0,target_weight_new,,next_open
20260809_000809_3032e9,2023-04-04,300258.SZ,buy,200,49.705037,9941.0074,9.931076,2.485252,0.0,target_weight_new,,next_open
20260809_000809_3032e9,2023-04-04,002662.SZ,buy,800,17.493316,13994.6528,13.980672,3.498663,0.0,target_weight_new,,next_open
20260809_000809_3032e9,2023-04-04,600017.SH,buy,2200,9.583214,21083.0708,21.062008,5.270768,0.0,target_weight_new,,next_open
20260809_000809_3032e9,2023-04-04,000926.SZ,buy,1100,15.134599,16648.0589,16.631428,4.162015,0.0,target_weight_new,,next_open
20260809_000809_3032e9,2023-04-04,003041.SZ,buy,600,23.776369,14265.8214,14.25157,3.566455,0.0,target_weight_new,,next_open
20260809_000809_3032e9,2023-04-04,002344.SZ,buy,700,21.275442,14892.8094,14.877932,3.723202,0.0,target_weight_new,,next_open
20260809_000809_3032e9,2023-04-04,600790.SH,buy,100,56.824019,5682.4019,5.676725,1.4206,0.0,rebalance_increase,,next_open
20260809_000809_3032e9,2023-04-04,600359.SH,buy,1100,13.152039,14467.2429,14.45279,3.616811,0.0,target_weight_new,,next_open
20260809_000809_3032e9,2023-04-04,600313.SH,buy,300,41.59185,12477.555,12.46509,3.119389,0.0,target_weight_new,,next_open
20260809_000809_3032e9,2023-04-04,600789.SH,buy,600,19.545836,11727.5016,11.715786,2.931875,0.0,target_weight_new,,next_open
20260809_000809_3032e9,2023-04-04,605177.SH,buy,400,24.946807,9978.7228,9.968754,2.494681,0.0,target_weight_new,,next_open
20260809_000809_3032e9,2023-04-04,603095.SH,buy,200,25.663278,5132.6556,5.127528,1.283164,0.0,rebalance_increase,,next_open
20260809_000809_3032e9,2023-04-04,002360.SZ,buy,200,53.830577,10766.1154,10.75536,2.691529,0.0,target_weight_new,,next_open
20260809_000809_3032e9,2023-04-04,300121.SZ,buy,100,73.081468,7308.1468,7.300846,1.827037,0.0,target_weight_new,,next_open
20260809_000809_3032e9,2023-04-04,002539.SZ,buy,200,69.811871,13962.3742,13.948426,3.490594,0.0,target_weight_new,,next_open
20260809_000809_3032e9,2023-04-04,603970.SH,buy,400,40.114014,16045.6056,16.029576,4.011401,0.0,target_weight_new,,next_open
20260809_000809_3032e9,2023-04-04,603086.SH,buy,200,46.617851,9323.5702,9.314256,2.330893,0.0,target_weight_new,,next_open
20260809_000809_3032e9,2023-04-04,600133.SH,buy,600,25.650233,15390.1398,15.374765,3.847535,0.0,target_weight_new,,next_open
20260809_000809_3032e9,2023-04-04,000544.SZ,buy,600,24.503489,14702.0934,14.687406,3.675523,0.0,target_weight_new,,next_open
20260809_000809_3032e9,2023-04-04,000099.SZ,buy,500,30.41656,15208.28,15.193087,3.80207,0.0,target_weight_new,,next_open
20260809_000809_3032e9,2023-04-04,600101.SH,buy,100,62.525863,6252.5863,6.24634,1.563147,0.0,rebalance_increase,,next_open
20260809_000809_3032e9,2023-04-04,605050.SH,buy,1000,13.774,13774.0,13.76024,3.4435,0.0,target_weight_new,,next_open
20260809_000809_3032e9,2023-04-04,300963.SZ,buy,500,23.12328,11561.64,11.55009,2.89041,0.0,target_weight_new,,next_open
20260809_000809_3032e9,2023-04-04,600866.SH,buy,100,89.881151,8988.1151,8.979136,2.247029,0.0,target_weight_new,,next_open
20260809_000809_3032e9,2023-04-04,000652.SZ,buy,100,123.133378,12313.3378,12.301037,3.078334,0.0,target_weight_new,,next_open
20260809_000809_3032e9,2023-04-04,002818.SZ,buy,100,30.109509,3010.9509,3.007943,0.752738,0.0,rebalance_increase,,next_open
20260809_000809_3032e9,2023-04-04,002788.SZ,buy,500,28.336578,14168.289,14.154135,3.542072,0.0,target_weight_new,,next_open
20260809_000809_3032e9,2023-04-04,600123.SH,buy,100,108.213686,10821.3686,10.810558,2.705342,0.0,target_weight_new,,next_open
20260809_000809_3032e9,2023-04-04,000937.SZ,buy,100,65.871117,6587.1117,6.580531,1.646778,0.0,target_weight_new,,next_open
20260809_000809_3032e9,2023-04-04,000019.SZ,buy,200,34.682878,6936.5756,6.929646,1.734144,0.0,target_weight_new,,next_open
20260809_000809_3032e9,2023-04-04,603682.SH,buy,500,6.162152,3081.076,3.077998,0.770269,0.0,rebalance_increase,,next_open
20260809_000809_3032e9,2023-04-04,000551.SZ,buy,100,80.997216,8099.7216,8.09163,2.02493,0.0,target_weight_new,,next_open
20260809_000809_3032e9,2023-04-11,002662.SZ,sell,800,16.038985,12831.188,12.844032,3.207797,1.283119,target_exit,confirm,next_open
20260809_000809_3032e9,2023-04-11,603095.SH,buy,100,24.930041,2493.0041,2.490514,0.623251,0.0,rebalance_increase,,next_open
20260809_000809_3032e9,2023-04-11,600814.SH,buy,100,47.427718,4742.7718,4.738034,1.185693,0.0,rebalance_increase,,next_open
20260809_000809_3032e9,2023-04-11,600838.SH,buy,100,61.005312,6100.5312,6.094437,1.525133,0.0,rebalance_increase,,next_open
20260809_000809_3032e9,2023-04-11,600858.SH,buy,100,34.849304,3484.9304,3.481449,0.871233,0.0,rebalance_increase,,next_open
20260809_000809_3032e9,2023-04-11,002344.SZ,buy,100,20.298282,2029.8282,2.0278,0.507457,0.0,rebalance_increase,,next_open
20260809_000809_3032e9,2023-04-11,002818.SZ,buy,100,29.566016,2956.6016,2.953648,0.73915,0.0,rebalance_increase,,next_open
20260809_000809_3032e9,2023-04-11,603682.SH,buy,300,5.917003,1775.1009,1.773328,0.443775,0.0,rebalance_increase,,next_open
20260809_000809_3032e9,2023-04-11,002661.SZ,buy,100,41.058982,4105.8982,4.101796,1.026475,0.0,rebalance_increase,,next_open
20260809_000809_3032e9,2023-04-11,002582.SZ,buy,100,31.422751,3142.2751,3.139136,0.785569,0.0,rebalance_increase,,next_open
20260809_000809_3032e9,2023-04-11,003041.SZ,buy,100,24.066915,2406.6915,2.404287,0.601673,0.0,rebalance_increase,,next_open
20260809_000809_3032e9,2023-04-11,601077.SH,buy,1300,4.321287,5617.6731,5.612061,1.404418,0.0,rebalance_increase,,next_open
20260809_000809_3032e9,2023-04-11,605169.SH,buy,200,20.614434,4122.8868,4.118768,1.030722,0.0,rebalance_increase,,next_open
20260809_000809_3032e9,2023-04-11,605368.SH,buy,200,14.505491,2901.0982,2.8982,0.725275,0.0,rebalance_increase,,next_open
20260809_000809_3032e9,2023-04-11,603318.SH,buy,100,23.81584,2381.584,2.379205,0.595396,0.0,rebalance_increase,,next_open
20260809_000809_3032e9,2023-04-11,002448.SZ,buy,100,31.072409,3107.2409,3.104137,0.77681,0.0,rebalance_increase,,next_open
20260809_000809_3032e9,2023-04-11,002510.SZ,buy,100,16.410254,1641.0254,1.639386,0.410256,0.0,rebalance_increase,,next_open
20260809_000809_3032e9,2023-04-11,300375.SZ,buy,100,23.592889,2359.2889,2.356932,0.589822,0.0,rebalance_increase,,next_open
20260809_000809_3032e9,2023-04-11,600017.SH,buy,300,9.448239,2834.4717,2.83164,0.708618,0.0,rebalance_increase,,next_open
20260809_000809_3032e9,2023-04-11,000926.SZ,buy,100,14.818564,1481.8564,1.480376,0.370464,0.0,rebalance_increase,,next_open
20260809_000809_3032e9,2023-04-11,600359.SH,buy,200,12.914351,2582.8702,2.58029,0.645718,0.0,rebalance_increase,,next_open
20260809_000809_3032e9,2023-04-11,600789.SH,buy,300,19.319218,5795.7654,5.789975,1.448941,0.0,rebalance_increase,,next_open
20260809_000809_3032e9,2023-04-11,603970.SH,buy,100,38.008412,3800.8412,3.797044,0.95021,0.0,rebalance_increase,,next_open
20260809_000809_3032e9,2023-04-11,600133.SH,buy,100,24.862342,2486.2342,2.48375,0.621559,0.0,rebalance_increase,,next_open
20260809_000809_3032e9,2023-04-11,605050.SH,buy,200,13.627134,2725.4268,2.722704,0.681357,0.0,rebalance_increase,,next_open
20260809_000809_3032e9,2023-04-11,300963.SZ,buy,100,22.846434,2284.6434,2.282361,0.571161,0.0,rebalance_increase,,next_open
20260809_000809_3032e9,2023-04-11,002788.SZ,buy,100,27.666251,2766.6251,2.763861,0.691656,0.0,rebalance_increase,,next_open
20260809_000809_3032e9,2023-04-11,000019.SZ,buy,100,34.192503,3419.2503,3.415834,0.854813,0.0,rebalance_increase,,next_open
20260809_000809_3032e9,2023-04-11,000551.SZ,buy,100,78.492955,7849.2955,7.841454,1.962324,0.0,rebalance_increase,,next_open
20260809_000809_3032e9,2023-04-13,003041.SZ,sell,700,21.469547,15028.6829,15.043727,3.757171,1.502868,target_exit,confirm,next_open
20260809_000809_3032e9,2023-04-13,603095.SH,buy,100,25.18508,2518.508,2.515992,0.629627,0.0,rebalance_increase,,next_open
20260809_000809_3032e9,2023-04-13,603682.SH,buy,100,5.995005,599.5005,0.598902,0.149875,0.0,rebalance_increase,,next_open
20260809_000809_3032e9,2023-04-13,601077.SH,buy,200,4.344901,868.9802,0.868112,0.217245,0.0,rebalance_increase,,next_open
20260809_000809_3032e9,2023-04-13,002510.SZ,buy,100,16.583907,1658.3907,1.656734,0.414598,0.0,rebalance_increase,,next_open
20260809_000809_3032e9,2023-04-13,300258.SZ,buy,100,46.623593,4662.3593,4.657702,1.16559,0.0,rebalance_increase,,next_open
20260809_000809_3032e9,2023-04-13,600017.SH,buy,100,9.54947,954.947,0.953993,0.238737,0.0,rebalance_increase,,next_open
20260809_000809_3032e9,2023-04-13,600789.SH,buy,200,19.4042,3880.84,3.876963,0.97021,0.0,rebalance_increase,,next_open
20260809_000809_3032e9,2023-04-13,605177.SH,buy,200,24.997823,4999.5646,4.99457,1.249891,0.0,rebalance_increase,,next_open
20260809_000809_3032e9,2023-04-13,002360.SZ,buy,100,50.362112,5036.2112,5.03118,1.259053,0.0,rebalance_increase,,next_open
20260809_000809_3032e9,2023-04-13,300121.SZ,buy,100,70.377077,7037.7077,7.030677,1.759427,0.0,rebalance_increase,,next_open
20260809_000809_3032e9,2023-04-24,603095.SH,sell,100,23.660612,2366.0612,2.36843,0.591515,0.236606,rebalance_reduce,confirm,next_open
20260809_000809_3032e9,2023-04-24,002582.SZ,sell,100,39.314246,3931.4246,3.93536,0.982856,0.393142,rebalance_reduce,confirm,next_open
20260809_000809_3032e9,2023-04-24,300375.SZ,sell,700,22.548049,15783.6343,15.799434,3.945909,1.578363,target_exit,confirm,next_open
20260809_000809_3032e9,2023-04-24,300258.SZ,sell,300,43.856276,13156.8828,13.170053,3.289221,1.315688,target_exit,confirm,next_open
20260809_000809_3032e9,2023-04-24,600838.SH,buy,100,58.122439,5812.2439,5.806438,1.453061,0.0,rebalance_increase,,next_open
20260809_000809_3032e9,2023-04-24,002818.SZ,buy,100,29.848633,2984.8633,2.981881,0.746216,0.0,rebalance_increase,,next_open
20260809_000809_3032e9,2023-04-24,603682.SH,buy,200,5.872431,1174.4862,1.173313,0.293622,0.0,rebalance_increase,,next_open
20260809_000809_3032e9,2023-04-24,002661.SZ,buy,100,40.491183,4049.1183,4.045073,1.01228,0.0,rebalance_increase,,next_open
20260809_000809_3032e9,2023-04-24,002144.SZ,buy,500,12.125155,6062.5775,6.056521,1.515644,0.0,rebalance_increase,,next_open
20260809_000809_3032e9,2023-04-24,601077.SH,buy,200,4.427548,885.5096,0.884625,0.221377,0.0,rebalance_increase,,next_open
20260809_000809_3032e9,2023-04-24,605169.SH,buy,100,19.391862,1939.1862,1.937249,0.484797,0.0,rebalance_increase,,next_open
20260809_000809_3032e9,2023-04-24,002510.SZ,buy,200,16.019534,3203.9068,3.200706,0.800977,0.0,rebalance_increase,,next_open
20260809_000809_3032e9,2023-04-24,000926.SZ,buy,100,14.221607,1422.1607,1.42074,0.35554,0.0,rebalance_increase,,next_open
20260809_000809_3032e9,2023-04-24,600359.SH,buy,100,12.771739,1277.1739,1.275898,0.319293,0.0,rebalance_increase,,next_open
20260809_000809_3032e9,2023-04-24,600313.SH,buy,100,39.02912,3902.912,3.899013,0.975728,0.0,rebalance_increase,,next_open
20260809_000809_3032e9,2023-04-24,605177.SH,buy,100,24.048926,2404.8926,2.40249,0.601223,0.0,rebalance_increase,,next_open
20260809_000809_3032e9,2023-04-24,603086.SH,buy,100,44.777673,4477.7673,4.473294,1.119442,0.0,rebalance_increase,,next_open
20260809_000809_3032e9,2023-04-24,000099.SZ,buy,100,29.755331,2975.5331,2.972561,0.743883,0.0,rebalance_increase,,next_open
20260809_000809_3032e9,2023-04-24,605050.SH,buy,100,13.259967,1325.9967,1.324672,0.331499,0.0,rebalance_increase,,next_open
20260809_000809_3032e9,2023-04-24,600866.SH,buy,100,87.97813,8797.813,8.789024,2.199453,0.0,rebalance_increase,,next_open
20260809_000809_3032e9,2023-04-25,601077.SH,sell,100,4.442268,444.2268,0.444672,0.111057,0.044423,rebalance_reduce,confirm,next_open
20260809_000809_3032e9,2023-04-25,600313.SH,sell,400,37.609443,15043.7772,15.058836,3.760944,1.504378,target_exit,confirm,next_open
20260809_000809_3032e9,2023-04-25,603682.SH,buy,100,5.816715,581.6715,0.58109,0.145418,0.0,rebalance_increase,,next_open
20260809_000809_3032e9,2023-04-25,002661.SZ,buy,100,39.781434,3978.1434,3.974169,0.994536,0.0,rebalance_increase,,next_open
20260809_000809_3032e9,2023-04-25,002144.SZ,buy,300,12.148076,3644.4228,3.640782,0.911106,0.0,rebalance_increase,,next_open
20260809_000809_3032e9,2023-04-25,600359.SH,buy,100,12.201289,1220.1289,1.21891,0.305032,0.0,rebalance_increase,,next_open
20260809_000809_3032e9,2023-04-25,600789.SH,buy,100,19.205909,1920.5909,1.918672,0.480148,0.0,rebalance_increase,,next_open
20260809_000809_3032e9,2023-04-26,605169.SH,sell,1400,18.789981,26305.9734,26.332306,6.576493,2.630597,target_exit,confirm,next_open
20260809_000809_3032e9,2023-04-26,600359.SH,sell,1500,11.828999,17743.4985,17.76126,4.435875,1.77435,target_exit,confirm,next_open
20260809_000809_3032e9,2023-04-26,002360.SZ,sell,300,47.769183,14330.7549,14.3451,3.582689,1.433075,target_exit,confirm,next_open
20260809_000809_3032e9,2023-04-26,300121.SZ,sell,200,58.185167,11637.0334,11.648682,2.909258,1.163703,target_exit,confirm,next_open
20260809_000809_3032e9,2023-04-26,002539.SZ,sell,200,63.372556,12674.5112,12.687198,3.168628,1.267451,target_exit,confirm,next_open
20260809_000809_3032e9,2023-04-26,605050.SH,sell,1300,12.552954,16318.8402,16.335176,4.07971,1.631884,target_exit,confirm,next_open
20260809_000809_3032e9,2023-04-26,000652.SZ,sell,100,111.315006,11131.5006,11.142643,2.782875,1.11315,target_exit,confirm,next_open
20260809_000809_3032e9,2023-04-26,000551.SZ,sell,200,72.400387,14480.0774,14.494572,3.620019,1.448008,target_exit,confirm,next_open
20260809_000809_3032e9,2023-04-26,603095.SH,buy,100,22.825971,2282.5971,2.280317,0.570649,0.0,rebalance_increase,,next_open
20260809_000809_3032e9,2023-04-26,600814.SH,buy,100,50.448183,5044.8183,5.039778,1.261205,0.0,rebalance_increase,,next_open
20260809_000809_3032e9,2023-04-26,600858.SH,buy,100,35.127542,3512.7542,3.509245,0.878189,0.0,rebalance_increase,,next_open
20260809_000809_3032e9,2023-04-26,600790.SH,buy,100,57.199508,5719.9508,5.714237,1.429988,0.0,rebalance_increase,,next_open
20260809_000809_3032e9,2023-04-26,002344.SZ,buy,200,21.097777,4219.5554,4.21534,1.054889,0.0,rebalance_increase,,next_open
20260809_000809_3032e9,2023-04-26,002818.SZ,buy,100,29.674715,2967.4715,2.964507,0.741868,0.0,rebalance_increase,,next_open
20260809_000809_3032e9,2023-04-26,603682.SH,buy,800,5.660711,4528.5688,4.524045,1.132142,0.0,rebalance_increase,,next_open
20260809_000809_3032e9,2023-04-26,002661.SZ,buy,100,40.100821,4010.0821,4.006076,1.002521,0.0,rebalance_increase,,next_open
20260809_000809_3032e9,2023-04-26,600101.SH,buy,100,61.276816,6127.6816,6.12156,1.53192,0.0,rebalance_increase,,next_open
20260809_000809_3032e9,2023-04-26,002144.SZ,buy,800,11.99909,9599.272,9.589682,2.399818,0.0,rebalance_increase,,next_open
20260809_000809_3032e9,2023-04-26,601077.SH,buy,1900,4.498389,8546.9391,8.5384,2.136735,0.0,rebalance_increase,,next_open
20260809_000809_3032e9,2023-04-26,605368.SH,buy,400,15.011246,6004.4984,5.9985,1.501125,0.0,rebalance_increase,,next_open
20260809_000809_3032e9,2023-04-26,603318.SH,buy,200,22.418482,4483.6964,4.479217,1.120924,0.0,rebalance_increase,,next_open
20260809_000809_3032e9,2023-04-26,002448.SZ,buy,200,29.85502,5971.004,5.965039,1.492751,0.0,rebalance_increase,,next_open
20260809_000809_3032e9,2023-04-26,002510.SZ,buy,300,15.628813,4688.6439,4.68396,1.172161,0.0,rebalance_increase,,next_open
20260809_000809_3032e9,2023-04-26,600017.SH,buy,600,9.751932,5851.1592,5.845314,1.46279,0.0,rebalance_increase,,next_open
20260809_000809_3032e9,2023-04-26,000926.SZ,buy,400,13.870457,5548.1828,5.54264,1.387046,0.0,rebalance_increase,,next_open
20260809_000809_3032e9,2023-04-26,600789.SH,buy,300,18.582708,5574.8124,5.569243,1.393703,0.0,rebalance_increase,,next_open
20260809_000809_3032e9,2023-04-26,605177.SH,buy,200,23.477547,4695.5094,4.690819,1.173877,0.0,rebalance_increase,,next_open
20260809_000809_3032e9,2023-04-26,603970.SH,buy,100,38.054521,3805.4521,3.80165,0.951363,0.0,rebalance_increase,,next_open
20260809_000809_3032e9,2023-04-26,603086.SH,buy,100,43.469102,4346.9102,4.342568,1.086728,0.0,rebalance_increase,,next_open
20260809_000809_3032e9,2023-04-26,000544.SZ,buy,200,25.151326,5030.2652,5.02524,1.257566,0.0,rebalance_increase,,next_open
20260809_000809_3032e9,2023-04-26,000099.SZ,buy,100,28.393976,2839.3976,2.836561,0.709849,0.0,rebalance_increase,,next_open
20260809_000809_3032e9,2023-04-26,002788.SZ,buy,200,27.117801,5423.5602,5.418142,1.35589,0.0,rebalance_increase,,next_open
20260809_000809_3032e9,2023-04-26,600123.SH,buy,100,105.261636,10526.1636,10.515648,2.631541,0.0,rebalance_increase,,next_open
20260809_000809_3032e9,2023-04-26,000937.SZ,buy,100,69.874861,6987.4861,6.980506,1.746872,0.0,rebalance_increase,,next_open
20260809_000809_3032e9,2023-04-26,000019.SZ,buy,100,32.899697,3289.9697,3.286683,0.822492,0.0,rebalance_increase,,next_open
20260809_000809_3032e9,2023-05-05,601077.SH,sell,900,4.819331,4337.3979,4.34174,1.084349,0.43374,rebalance_reduce,confirm,next_open
20260809_000809_3032e9,2023-05-05,002448.SZ,sell,200,35.060183,7012.0366,7.019056,1.753009,0.701204,rebalance_reduce,confirm,next_open
20260809_000809_3032e9,2023-05-05,600017.SH,sell,100,10.978471,1097.8471,1.098946,0.274462,0.109785,rebalance_reduce,confirm,next_open
20260809_000809_3032e9,2023-05-05,600789.SH,sell,200,19.817761,3963.5522,3.96752,0.990888,0.396355,rebalance_reduce,confirm,next_open
20260809_000809_3032e9,2023-05-05,002788.SZ,sell,200,29.982841,5996.5682,6.002571,1.499142,0.599657,rebalance_reduce,confirm,next_open
20260809_000809_3032e9,2023-05-05,600866.SH,sell,200,80.935943,16187.1886,16.203392,4.046797,1.618719,target_exit,confirm,next_open
20260809_000809_3032e9,2023-05-05,002144.SZ,buy,200,12.75548,2551.096,2.548547,0.637774,0.0,rebalance_increase,,next_open
20260809_000809_3032e9,2023-05-05,605368.SH,buy,100,14.941006,1494.1006,1.492608,0.373525,0.0,rebalance_increase,,next_open
20260809_000809_3032e9,2023-05-09,002344.SZ,sell,100,23.36066,2336.066,2.338404,0.584016,0.233607,rebalance_reduce,confirm,next_open
20260809_000809_3032e9,2023-05-09,601077.SH,sell,3800,5.172827,19656.7426,19.676419,4.914186,1.965674,rebalance_reduce,confirm,next_open
20260809_000809_3032e9,2023-05-09,002448.SZ,sell,100,35.060183,3506.0183,3.509528,0.876505,0.350602,rebalance_reduce,confirm,next_open
20260809_000809_3032e9,2023-05-09,600017.SH,sell,900,11.281557,10153.4013,10.163565,2.53835,1.01534,rebalance_reduce,confirm,next_open
20260809_000809_3032e9,2023-05-09,000926.SZ,sell,100,15.139405,1513.9405,1.515456,0.378485,0.151394,rebalance_reduce,confirm,next_open
20260809_000809_3032e9,2023-05-09,000544.SZ,sell,100,28.904267,2890.4267,2.89332,0.722607,0.289043,rebalance_reduce,confirm,next_open
20260809_000809_3032e9,2023-05-09,605177.SH,sell,900,22.188336,19969.5024,19.989492,4.992376,1.99695,target_exit,confirm,next_open
20260809_000809_3032e9,2023-05-09,603095.SH,buy,100,23.442315,2344.2315,2.34189,0.586058,0.0,rebalance_increase,,next_open
20260809_000809_3032e9,2023-05-09,002510.SZ,buy,100,15.759053,1575.9053,1.574331,0.393976,0.0,rebalance_increase,,next_open
20260809_000809_3032e9,2023-05-15,601077.SH,sell,1300,4.878247,6341.7211,6.348069,1.58543,0.634172,rebalance_reduce,confirm,next_open
20260809_000809_3032e9,2023-05-15,605368.SH,sell,100,15.397387,1539.7387,1.54128,0.384935,0.153974,rebalance_reduce,confirm,next_open
20260809_000809_3032e9,2023-05-15,603086.SH,sell,400,41.668182,16667.2728,16.683957,4.166818,1.666727,target_exit,confirm,next_open
20260809_000809_3032e9,2023-05-15,002818.SZ,buy,100,30.929178,3092.9178,3.089828,0.773229,0.0,rebalance_increase,,next_open
20260809_000809_3032e9,2023-05-15,600789.SH,buy,100,19.0926,1909.26,1.907353,0.477315,0.0,rebalance_increase,,next_open
20260809_000809_3032e9,2023-05-15,000019.SZ,buy,100,34.326242,3432.6242,3.429195,0.858156,0.0,rebalance_increase,,next_open
20260809_000809_3032e9,2023-06-26,601077.SH,sell,300,4.522833,1356.8499,1.358208,0.339212,0.135685,rebalance_reduce,confirm,next_open
20260809_000809_3032e9,2023-06-26,605368.SH,sell,400,15.166738,6066.6952,6.072768,1.516674,0.60667,rebalance_reduce,confirm,next_open
20260809_000809_3032e9,2023-06-26,603318.SH,sell,200,24.308347,4861.6694,4.866536,1.215417,0.486167,rebalance_reduce,confirm,next_open
20260809_000809_3032e9,2023-06-26,000926.SZ,sell,300,14.228238,4268.4714,4.272744,1.067118,0.426847,rebalance_reduce,confirm,next_open
20260809_000809_3032e9,2023-06-26,603970.SH,sell,100,43.3363,4333.63,4.337968,1.083408,0.433363,rebalance_reduce,confirm,next_open
20260809_000809_3032e9,2023-06-26,000099.SZ,sell,300,35.909555,10772.8665,10.78365,2.693217,1.077287,rebalance_reduce,confirm,next_open
20260809_000809_3032e9,2023-06-26,600123.SH,sell,200,96.495908,19299.1816,19.3185,4.824795,1.929918,target_exit,confirm,next_open
20260809_000809_3032e9,2023-06-26,603095.SH,buy,100,22.336424,2233.6424,2.231411,0.558411,0.0,rebalance_increase,,next_open
20260809_000809_3032e9,2023-06-26,603682.SH,buy,1100,5.748823,6323.7053,6.317388,1.580926,0.0,rebalance_increase,,next_open
20260809_000809_3032e9,2023-06-26,002144.SZ,buy,300,12.174312,3652.2936,3.648645,0.913073,0.0,rebalance_increase,,next_open
20260809_000809_3032e9,2023-06-26,600789.SH,buy,300,17.790172,5337.0516,5.33172,1.334263,0.0,rebalance_increase,,next_open
20260809_000809_3032e9,2023-06-26,600133.SH,buy,100,26.130905,2613.0905,2.61048,0.653273,0.0,rebalance_increase,,next_open
20260809_000809_3032e9,2023-06-26,000937.SZ,buy,100,68.641373,6864.1373,6.85728,1.716034,0.0,rebalance_increase,,next_open
20260809_000809_3032e9,2023-06-26,000019.SZ,buy,300,34.510946,10353.2838,10.342941,2.588321,0.0,rebalance_increase,,next_open
20260809_000809_3032e9,2023-06-27,603095.SH,sell,1000,22.246271,22246.271,22.26854,5.561568,2.224627,target_exit,confirm,next_open
20260809_000809_3032e9,2023-06-27,600790.SH,sell,300,51.714793,15514.4379,15.529968,3.878609,1.551444,target_exit,confirm,next_open
20260809_000809_3032e9,2023-06-27,002818.SZ,buy,100,29.170281,2917.0281,2.914114,0.729257,0.0,rebalance_increase,,next_open
20260809_000809_3032e9,2023-06-27,603682.SH,buy,400,5.737682,2295.0728,2.29278,0.573768,0.0,rebalance_increase,,next_open
20260809_000809_3032e9,2023-06-27,002661.SZ,buy,100,38.817819,3881.7819,3.877904,0.970445,0.0,rebalance_increase,,next_open
20260809_000809_3032e9,2023-06-27,002144.SZ,buy,100,12.208997,1220.8997,1.21968,0.305225,0.0,rebalance_increase,,next_open
20260809_000809_3032e9,2023-06-27,601077.SH,buy,300,4.48468,1345.404,1.34406,0.336351,0.0,rebalance_increase,,next_open
20260809_000809_3032e9,2023-06-27,600017.SH,buy,200,9.608559,1921.7118,1.919792,0.480428,0.0,rebalance_increase,,next_open
20260809_000809_3032e9,2023-06-27,600789.SH,buy,100,17.563546,1756.3546,1.7546,0.439089,0.0,rebalance_increase,,next_open
20260809_000809_3032e9,2023-06-27,000019.SZ,buy,100,33.589426,3358.9426,3.355587,0.839736,0.0,rebalance_increase,,next_open
20260809_000809_3032e9,2023-07-04,002144.SZ,sell,1300,12.980756,16874.9828,16.891875,4.218746,1.687498,rebalance_reduce,confirm,next_open
20260809_000809_3032e9,2023-07-04,000937.SZ,sell,100,71.124464,7112.4464,7.119566,1.778112,0.711245,rebalance_reduce,confirm,next_open
20260809_000809_3032e9,2023-07-04,605368.SH,sell,600,15.539425,9323.655,9.332988,2.330914,0.932366,rebalance_reduce,confirm,next_open
20260809_000809_3032e9,2023-07-04,600694.SH,sell,200,101.86803,20373.606,20.394,5.093401,2.037361,target_exit,confirm,next_open
20260809_000809_3032e9,2023-07-04,600814.SH,sell,300,55.803401,16741.0203,16.757778,4.185255,1.674102,target_exit,confirm,next_open
20260809_000809_3032e9,2023-07-04,002818.SZ,sell,900,30.388641,27349.7769,27.377154,6.837444,2.734978,target_exit,confirm,next_open
20260809_000809_3032e9,2023-07-04,603682.SH,sell,5500,5.881882,32350.351,32.382735,8.087588,3.235035,target_exit,confirm,next_open
20260809_000809_3032e9,2023-07-04,002661.SZ,sell,800,39.892388,31913.9104,31.945856,7.978478,3.191391,target_exit,confirm,next_open
20260809_000809_3032e9,2023-07-04,600101.SH,sell,300,69.586943,20876.0829,20.89698,5.219021,2.087608,target_exit,confirm,next_open
20260809_000809_3032e9,2023-07-04,601077.SH,sell,5400,4.652573,25123.8942,25.149042,6.280974,2.512389,target_exit,confirm,next_open
20260809_000809_3032e9,2023-07-04,603318.SH,sell,700,25.85414,18097.898,18.116014,4.524475,1.80979,target_exit,confirm,next_open
20260809_000809_3032e9,2023-07-04,600838.SH,sell,300,60.695843,18208.7529,18.22698,4.552188,1.820875,target_exit,confirm,next_open
20260809_000809_3032e9,2023-07-04,600858.SH,sell,500,42.554773,21277.3865,21.298685,5.319347,2.127739,target_exit,confirm,next_open
20260809_000809_3032e9,2023-07-04,002582.SZ,sell,300,38.508013,11552.4039,11.563968,2.888101,1.15524,target_exit,confirm,next_open
20260809_000809_3032e9,2023-07-04,002448.SZ,sell,500,41.866412,20933.206,20.95416,5.233301,2.093321,target_exit,confirm,next_open
20260809_000809_3032e9,2023-07-04,002510.SZ,sell,1600,16.810732,26897.1712,26.924096,6.724293,2.689717,target_exit,confirm,next_open
20260809_000809_3032e9,2023-07-04,600017.SH,sell,2400,10.1695,24406.8,24.431232,6.1017,2.44068,target_exit,confirm,next_open
20260809_000809_3032e9,2023-07-04,000926.SZ,sell,1300,14.859046,19316.7598,19.336096,4.82919,1.931676,target_exit,confirm,next_open
20260809_000809_3032e9,2023-07-04,002344.SZ,sell,900,21.231977,19108.7793,19.127907,4.777195,1.910878,target_exit,confirm,next_open
20260809_000809_3032e9,2023-07-04,600789.SH,sell,1800,18.348333,33026.9994,33.06006,8.25675,3.3027,target_exit,confirm,next_open
20260809_000809_3032e9,2023-07-04,603970.SH,sell,500,43.79616,21898.08,21.92,5.47452,2.189808,target_exit,confirm,next_open
20260809_000809_3032e9,2023-07-04,600133.SH,sell,800,32.68768,26150.144,26.17632,6.537536,2.615014,target_exit,confirm,next_open
20260809_000809_3032e9,2023-07-04,000544.SZ,sell,700,28.672119,20070.4833,20.090574,5.017621,2.007048,target_exit,confirm,next_open
20260809_000809_3032e9,2023-07-04,000099.SZ,sell,400,36.957725,14783.09,14.797888,3.695772,1.478309,target_exit,confirm,next_open
20260809_000809_3032e9,2023-07-04,300963.SZ,sell,600,28.087934,16852.7604,16.86963,4.21319,1.685276,target_exit,confirm,next_open
20260809_000809_3032e9,2023-07-04,002788.SZ,sell,600,29.721948,17833.1688,17.85102,4.458292,1.783317,target_exit,confirm,next_open
20260809_000809_3032e9,2023-07-04,000019.SZ,sell,900,34.487977,31039.1793,31.07025,7.759795,3.103918,target_exit,confirm,next_open
20260809_000809_3032e9,2023-07-04,600051.SH,buy,500,36.109033,18054.5165,18.03648,4.513629,0.0,target_weight_new,,next_open
20260809_000809_3032e9,2023-07-04,002817.SZ,buy,400,31.500269,12600.1076,12.58752,3.150027,0.0,target_weight_new,,next_open
20260809_000809_3032e9,2023-07-04,300194.SZ,buy,400,25.167542,10067.0168,10.05696,2.516754,0.0,target_weight_new,,next_open
20260809_000809_3032e9,2023-07-04,000919.SZ,buy,400,29.766857,11906.7428,11.894848,2.976686,0.0,target_weight_new,,next_open
20260809_000809_3032e9,2023-07-04,600128.SH,buy,600,25.603758,15362.2548,15.346908,3.840564,0.0,target_weight_new,,next_open
20260809_000809_3032e9,2023-07-04,003041.SZ,buy,500,23.781418,11890.709,11.87883,2.972677,0.0,target_weight_new,,next_open
20260809_000809_3032e9,2023-07-04,002361.SZ,buy,400,38.214737,15285.8948,15.270624,3.821474,0.0,target_weight_new,,next_open
20260809_000809_3032e9,2023-07-04,002469.SZ,buy,100,56.679433,5667.9433,5.662281,1.416986,0.0,target_weight_new,,next_open
20260809_000809_3032e9,2023-07-04,003017.SZ,buy,200,35.062227,7012.4454,7.00544,1.753111,0.0,target_weight_new,,next_open
20260809_000809_3032e9,2023-07-04,600916.SH,buy,1100,12.837314,14121.0454,14.106939,3.530261,0.0,target_weight_new,,next_open
20260809_000809_3032e9,2023-07-04,002687.SZ,buy,400,31.546905,12618.762,12.606156,3.154691,0.0,target_weight_new,,next_open
20260809_000809_3032e9,2023-07-04,000554.SZ,buy,500,28.096108,14048.054,14.03402,3.512014,0.0,target_weight_new,,next_open
20260809_000809_3032e9,2023-07-04,603012.SH,buy,1200,13.318846,15982.6152,15.966648,3.995654,0.0,target_weight_new,,next_open
20260809_000809_3032e9,2023-07-04,002204.SZ,buy,600,24.997322,14998.3932,14.98341,3.749598,0.0,target_weight_new,,next_open
20260809_000809_3032e9,2023-07-04,000705.SZ,buy,300,44.526322,13357.8966,13.344552,3.339474,0.0,target_weight_new,,next_open
20260809_000809_3032e9,2023-07-04,600272.SH,buy,1300,11.715824,15230.5712,15.215356,3.807643,0.0,target_weight_new,,next_open
20260809_000809_3032e9,2023-07-04,003036.SZ,buy,1000,13.909576,13909.576,13.89568,3.477394,0.0,target_weight_new,,next_open
20260809_000809_3032e9,2023-07-04,603080.SH,buy,1100,15.19498,16714.478,16.69778,4.178619,0.0,target_weight_new,,next_open
20260809_000809_3032e9,2023-07-04,000969.SZ,buy,200,64.806692,12961.3384,12.94839,3.240335,0.0,target_weight_new,,next_open
20260809_000809_3032e9,2023-07-04,001216.SZ,buy,1100,13.595542,14955.0962,14.940156,3.738774,0.0,target_weight_new,,next_open
20260809_000809_3032e9,2023-07-04,300703.SZ,buy,400,23.887003,9554.8012,9.545256,2.3887,0.0,target_weight_new,,next_open
20260809_000809_3032e9,2023-07-04,002593.SZ,buy,1200,13.282469,15938.9628,15.92304,3.984741,0.0,target_weight_new,,next_open
20260809_000809_3032e9,2023-07-04,000652.SZ,buy,100,116.540424,11654.0424,11.6424,2.913511,0.0,target_weight_new,,next_open
20260809_000809_3032e9,2023-07-04,002999.SZ,buy,900,10.777997,9700.1973,9.690507,2.425049,0.0,target_weight_new,,next_open
20260809_000809_3032e9,2023-07-04,603086.SH,buy,300,40.626386,12187.9158,12.17574,3.046979,0.0,target_weight_new,,next_open
20260809_000809_3032e9,2023-07-04,605365.SH,buy,600,15.522537,9313.5222,9.304218,2.328381,0.0,target_weight_new,,next_open
20260809_000809_3032e9,2023-07-04,003023.SZ,buy,500,28.126498,14063.249,14.0492,3.515812,0.0,target_weight_new,,next_open
20260809_000809_3032e9,2023-07-04,001202.SZ,buy,800,15.711536,12569.2288,12.556672,3.142307,0.0,target_weight_new,,next_open
20260809_000809_3032e9,2023-07-04,002580.SZ,buy,200,40.007728,8001.5456,7.993552,2.000386,0.0,target_weight_new,,next_open
20260809_000809_3032e9,2023-07-04,002169.SZ,buy,100,65.786,6578.6,6.572028,1.64465,0.0,target_weight_new,,next_open
20260809_000809_3032e9,2023-07-04,605378.SH,buy,600,24.791327,14874.7962,14.859936,3.718699,0.0,target_weight_new,,next_open
20260809_000809_3032e9,2023-07-04,688819.SH,buy,300,38.668129,11600.4387,11.58885,2.90011,0.0,target_weight_new,,next_open
20260809_000809_3032e9,2023-07-04,605500.SH,buy,1100,16.62661,18289.271,18.271,4.572318,0.0,target_weight_new,,next_open
20260809_000809_3032e9,2023-07-04,002521.SZ,buy,500,22.335153,11167.5765,11.15642,2.791894,0.0,target_weight_new,,next_open
20260809_000809_3032e9,2023-07-04,002515.SZ,buy,200,52.312931,10462.5862,10.452134,2.615647,0.0,target_weight_new,,next_open
20260809_000809_3032e9,2023-07-04,001219.SZ,buy,400,32.780007,13112.0028,13.098904,3.278001,0.0,target_weight_new,,next_open
20260809_000809_3032e9,2023-07-04,003030.SZ,buy,600,24.675291,14805.1746,14.790384,3.701294,0.0,target_weight_new,,next_open
20260809_000809_3032e9,2023-07-04,002828.SZ,buy,800,14.6143,11691.44,11.67976,2.92286,0.0,target_weight_new,,next_open
20260809_000809_3032e9,2023-07-04,000725.SZ,buy,600,22.100078,13260.0468,13.2468,3.315012,0.0,target_weight_new,,next_open
20260809_000809_3032e9,2023-07-04,600894.SH,buy,500,28.307719,14153.8595,14.13972,3.538465,0.0,target_weight_new,,next_open
20260809_000809_3032e9,2023-07-04,301056.SZ,buy,1800,9.330821,16795.4778,16.7787,4.198869,0.0,target_weight_new,,next_open
20260809_000809_3032e9,2023-07-04,600531.SH,buy,100,70.579309,7057.9309,7.05088,1.764483,0.0,target_weight_new,,next_open
20260809_000809_3032e9,2023-07-04,600590.SH,buy,400,31.535914,12614.3656,12.601764,3.153591,0.0,target_weight_new,,next_open
20260809_000809_3032e9,2023-07-04,003018.SZ,buy,1300,10.311481,13404.9253,13.391534,3.351231,0.0,target_weight_new,,next_open
20260809_000809_3032e9,2023-07-04,000055.SZ,buy,200,48.262674,9652.5348,9.642892,2.413134,0.0,target_weight_new,,next_open
20260809_000809_3032e9,2023-07-24,002169.SZ,sell,100,60.226953,6022.6953,6.028724,1.505674,0.60227,target_exit,confirm,next_open
20260809_000809_3032e9,2023-07-24,002144.SZ,buy,100,13.099236,1309.9236,1.308615,0.327481,0.0,rebalance_increase,,next_open
20260809_000809_3032e9,2023-07-24,003041.SZ,buy,200,23.707194,4741.4388,4.736702,1.18536,0.0,rebalance_increase,,next_open
20260809_000809_3032e9,2023-07-24,002817.SZ,buy,200,31.464473,6292.8946,6.286608,1.573224,0.0,rebalance_increase,,next_open
20260809_000809_3032e9,2023-07-24,300194.SZ,buy,100,25.167542,2516.7542,2.51424,0.629189,0.0,rebalance_increase,,next_open
20260809_000809_3032e9,2023-07-24,000919.SZ,buy,100,29.813033,2981.3033,2.978325,0.745326,0.0,rebalance_increase,,next_open
20260809_000809_3032e9,2023-07-24,002361.SZ,buy,100,38.394356,3839.4356,3.8356,0.959859,0.0,rebalance_increase,,next_open
20260809_000809_3032e9,2023-07-24,002469.SZ,buy,100,55.939734,5593.9734,5.588385,1.398493,0.0,rebalance_increase,,next_open
20260809_000809_3032e9,2023-07-24,003017.SZ,buy,100,35.91588,3591.588,3.588,0.897897,0.0,rebalance_increase,,next_open
20260809_000809_3032e9,2023-07-24,600916.SH,buy,100,12.593501,1259.3501,1.258092,0.314838,0.0,rebalance_increase,,next_open
20260809_000809_3032e9,2023-07-24,000554.SZ,buy,100,28.636418,2863.6418,2.860781,0.71591,0.0,rebalance_increase,,next_open
20260809_000809_3032e9,2023-07-24,603012.SH,buy,100,12.95247,1295.247,1.293953,0.323812,0.0,rebalance_increase,,next_open
20260809_000809_3032e9,2023-07-24,002204.SZ,buy,100,23.828445,2382.8445,2.380464,0.595711,0.0,rebalance_increase,,next_open
20260809_000809_3032e9,2023-07-24,600272.SH,buy,200,11.806144,2361.2288,2.35887,0.590307,0.0,rebalance_increase,,next_open
20260809_000809_3032e9,2023-07-24,003036.SZ,buy,100,13.550817,1355.0817,1.353728,0.33877,0.0,rebalance_increase,,next_open
20260809_000809_3032e9,2023-07-24,001216.SZ,buy,100,13.885912,1388.5912,1.387204,0.347148,0.0,rebalance_increase,,next_open
20260809_000809_3032e9,2023-07-24,300703.SZ,buy,200,24.011027,4802.2054,4.797408,1.200551,0.0,rebalance_increase,,next_open
20260809_000809_3032e9,2023-07-24,002593.SZ,buy,100,13.011398,1301.1398,1.29984,0.325285,0.0,rebalance_increase,,next_open
20260809_000809_3032e9,2023-07-24,002999.SZ,buy,100,11.259288,1125.9288,1.124804,0.281482,0.0,rebalance_increase,,next_open
20260809_000809_3032e9,2023-07-24,603086.SH,buy,100,40.332843,4033.2843,4.029255,1.008321,0.0,rebalance_increase,,next_open
20260809_000809_3032e9,2023-07-24,605365.SH,buy,400,15.234129,6093.6516,6.087564,1.523413,0.0,rebalance_increase,,next_open
20260809_000809_3032e9,2023-07-24,001202.SZ,buy,100,16.174879,1617.4879,1.615872,0.404372,0.0,rebalance_increase,,next_open
20260809_000809_3032e9,2023-07-24,002580.SZ,buy,100,38.921923,3892.1923,3.888304,0.973048,0.0,rebalance_increase,,next_open
20260809_000809_3032e9,2023-07-24,605500.SH,buy,100,16.692676,1669.2676,1.6676,0.417317,0.0,rebalance_increase,,next_open
20260809_000809_3032e9,2023-07-24,002515.SZ,buy,100,51.197516,5119.7516,5.114637,1.279938,0.0,rebalance_increase,,next_open
20260809_000809_3032e9,2023-07-24,002828.SZ,buy,200,14.913629,2982.7258,2.979746,0.745681,0.0,rebalance_increase,,next_open
20260809_000809_3032e9,2023-07-24,600894.SH,buy,100,28.155527,2815.5527,2.81274,0.703888,0.0,rebalance_increase,,next_open
20260809_000809_3032e9,2023-07-24,301056.SZ,buy,100,9.433924,943.3924,0.94245,0.235848,0.0,rebalance_increase,,next_open
20260809_000809_3032e9,2023-07-24,003018.SZ,buy,300,10.405986,3121.7958,3.118677,0.780449,0.0,rebalance_increase,,next_open
20260809_000809_3032e9,2023-08-14,600272.SH,sell,600,15.182113,9109.2678,9.118386,2.277317,0.910927,rebalance_reduce,confirm,next_open
20260809_000809_3032e9,2023-08-14,301056.SZ,sell,1200,9.682608,11619.1296,11.63076,2.904782,1.161913,rebalance_reduce,confirm,next_open
20260809_000809_3032e9,2023-08-14,600590.SH,sell,400,28.330042,11332.0168,11.34336,2.833004,1.133202,target_exit,confirm,next_open
20260809_000809_3032e9,2023-08-14,002144.SZ,buy,100,12.68302,1268.302,1.267035,0.317076,0.0,rebalance_increase,,next_open
20260809_000809_3032e9,2023-08-14,003041.SZ,buy,200,23.098555,4619.711,4.615096,1.154928,0.0,rebalance_increase,,next_open
20260809_000809_3032e9,2023-08-14,605368.SH,buy,100,15.667952,1566.7952,1.56523,0.391699,0.0,rebalance_increase,,next_open
20260809_000809_3032e9,2023-08-14,600051.SH,buy,100,37.095619,3709.5619,3.705856,0.92739,0.0,rebalance_increase,,next_open
20260809_000809_3032e9,2023-08-14,002817.SZ,buy,100,31.464473,3146.4473,3.143304,0.786612,0.0,rebalance_increase,,next_open
20260809_000809_3032e9,2023-08-14,300194.SZ,buy,200,25.556731,5111.3462,5.10624,1.277837,0.0,rebalance_increase,,next_open
20260809_000809_3032e9,2023-08-14,600128.SH,buy,100,26.776009,2677.6009,2.674926,0.6694,0.0,rebalance_increase,,next_open
20260809_000809_3032e9,2023-08-14,002361.SZ,buy,200,37.818441,7563.6882,7.556132,1.890922,0.0,rebalance_increase,,next_open
20260809_000809_3032e9,2023-08-14,002469.SZ,buy,100,54.275411,5427.5411,5.422119,1.356885,0.0,rebalance_increase,,next_open
20260809_000809_3032e9,2023-08-14,003017.SZ,buy,300,33.719286,10115.7858,10.10568,2.528946,0.0,rebalance_increase,,next_open
20260809_000809_3032e9,2023-08-14,600916.SH,buy,500,12.455693,6227.8465,6.221625,1.556962,0.0,rebalance_increase,,next_open
20260809_000809_3032e9,2023-08-14,002687.SZ,buy,100,32.274402,3227.4402,3.224216,0.80686,0.0,rebalance_increase,,next_open
20260809_000809_3032e9,2023-08-14,603012.SH,buy,400,12.54299,5017.196,5.012184,1.254299,0.0,rebalance_increase,,next_open
20260809_000809_3032e9,2023-08-14,002204.SZ,buy,200,23.828445,4765.689,4.760928,1.191422,0.0,rebalance_increase,,next_open
20260809_000809_3032e9,2023-08-14,003036.SZ,buy,200,13.427814,2685.5628,2.68288,0.671391,0.0,rebalance_increase,,next_open
20260809_000809_3032e9,2023-08-14,001216.SZ,buy,200,13.336283,2667.2566,2.664592,0.666814,0.0,rebalance_increase,,next_open
20260809_000809_3032e9,2023-08-14,300703.SZ,buy,300,23.936613,7180.9839,7.17381,1.795246,0.0,rebalance_increase,,next_open
20260809_000809_3032e9,2023-08-14,002593.SZ,buy,200,12.367605,2473.521,2.47105,0.61838,0.0,rebalance_increase,,next_open
20260809_000809_3032e9,2023-08-14,002999.SZ,buy,100,10.85092,1085.092,1.084008,0.271273,0.0,rebalance_increase,,next_open
20260809_000809_3032e9,2023-08-14,605365.SH,buy,100,15.27533,1527.533,1.526007,0.381883,0.0,rebalance_increase,,next_open
20260809_000809_3032e9,2023-08-14,001202.SZ,buy,100,16.016921,1601.6921,1.600092,0.400423,0.0,rebalance_increase,,next_open
20260809_000809_3032e9,2023-08-14,002580.SZ,buy,100,36.959122,3695.9122,3.69222,0.923978,0.0,rebalance_increase,,next_open
20260809_000809_3032e9,2023-08-14,605378.SH,buy,200,23.26295,4652.59,4.647942,1.163148,0.0,rebalance_increase,,next_open
20260809_000809_3032e9,2023-08-14,688819.SH,buy,100,38.069031,3806.9031,3.8031,0.951726,0.0,rebalance_increase,,next_open
20260809_000809_3032e9,2023-08-14,605500.SH,buy,100,16.428412,1642.8412,1.6412,0.41071,0.0,rebalance_increase,,next_open
20260809_000809_3032e9,2023-08-14,002521.SZ,buy,100,23.47325,2347.325,2.34498,0.586831,0.0,rebalance_increase,,next_open
20260809_000809_3032e9,2023-08-14,003030.SZ,buy,100,24.491147,2449.1147,2.446668,0.612279,0.0,rebalance_increase,,next_open
20260809_000809_3032e9,2023-08-14,000725.SZ,buy,100,20.928508,2092.8508,2.09076,0.523213,0.0,rebalance_increase,,next_open
20260809_000809_3032e9,2023-08-14,003018.SZ,buy,300,9.975465,2992.6395,2.98965,0.74816,0.0,rebalance_increase,,next_open
20260809_000809_3032e9,2023-08-14,000055.SZ,buy,100,48.863455,4886.3455,4.881464,1.221586,0.0,rebalance_increase,,next_open
20260809_000809_3032e9,2023-08-22,603080.SH,sell,100,15.570434,1557.0434,1.558602,0.389261,0.155704,rebalance_reduce,confirm,next_open
20260809_000809_3032e9,2023-08-22,600272.SH,sell,600,20.114046,12068.4276,12.080508,3.017107,1.206843,rebalance_reduce,confirm,next_open
20260809_000809_3032e9,2023-08-22,002999.SZ,sell,200,12.474004,2494.8008,2.497298,0.6237,0.24948,rebalance_reduce,confirm,next_open
20260809_000809_3032e9,2023-08-22,003023.SZ,sell,100,29.691838,2969.1838,2.972156,0.742296,0.296918,rebalance_reduce,confirm,next_open
20260809_000809_3032e9,2023-08-22,001202.SZ,sell,200,17.550832,3510.1664,3.51368,0.877542,0.351017,rebalance_reduce,confirm,next_open
20260809_000809_3032e9,2023-08-22,603086.SH,sell,400,37.615647,15046.2588,15.06132,3.761565,1.504626,target_exit,confirm,next_open
20260809_000809_3032e9,2023-08-22,600128.SH,buy,100,26.651325,2665.1325,2.66247,0.666283,0.0,rebalance_increase,,next_open
20260809_000809_3032e9,2023-08-22,605365.SH,buy,100,15.203228,1520.3228,1.518804,0.380081,0.0,rebalance_increase,,next_open
20260809_000809_3032e9,2023-08-22,003030.SZ,buy,100,24.020557,2402.0557,2.399656,0.600514,0.0,rebalance_increase,,next_open
20260809_000809_3032e9,2023-08-22,000725.SZ,buy,100,20.395976,2039.5976,2.03756,0.509899,0.0,rebalance_increase,,next_open
20260809_000809_3032e9,2023-08-24,001202.SZ,sell,100,17.761021,1776.1021,1.77788,0.444026,0.17761,rebalance_reduce,confirm,next_open
20260809_000809_3032e9,2023-08-24,002817.SZ,sell,700,28.865186,20205.6302,20.225856,5.051408,2.020563,target_exit,confirm,next_open
20260809_000809_3032e9,2023-08-24,600916.SH,sell,1700,11.679669,19855.4373,19.875312,4.963859,1.985544,target_exit,confirm,next_open
20260809_000809_3032e9,2023-08-24,000969.SZ,sell,200,58.585915,11717.183,11.728912,2.929296,1.171718,target_exit,confirm,next_open
20260809_000809_3032e9,2023-08-24,002580.SZ,sell,400,35.968356,14387.3424,14.401744,3.596836,1.438734,target_exit,confirm,next_open
20260809_000809_3032e9,2023-08-24,605378.SH,sell,800,22.459068,17967.2544,17.98524,4.491814,1.796725,target_exit,confirm,next_open
20260809_000809_3032e9,2023-08-24,003041.SZ,buy,100,23.217314,2321.7314,2.319412,0.580433,0.0,rebalance_increase,,next_open
20260809_000809_3032e9,2023-08-24,000937.SZ,buy,100,69.832693,6983.2693,6.976293,1.745817,0.0,rebalance_increase,,next_open
20260809_000809_3032e9,2023-08-24,600051.SH,buy,100,35.714399,3571.4399,3.567872,0.89286,0.0,rebalance_increase,,next_open
20260809_000809_3032e9,2023-08-24,300194.SZ,buy,200,24.19457,4838.914,4.83408,1.209728,0.0,rebalance_increase,,next_open
20260809_000809_3032e9,2023-08-24,000919.SZ,buy,100,29.120602,2912.0602,2.909151,0.728015,0.0,rebalance_increase,,next_open
20260809_000809_3032e9,2023-08-24,600128.SH,buy,100,26.2461,2624.61,2.621988,0.656153,0.0,rebalance_increase,,next_open
20260809_000809_3032e9,2023-08-24,002469.SZ,buy,100,53.905562,5390.5562,5.385171,1.347639,0.0,rebalance_increase,,next_open
20260809_000809_3032e9,2023-08-24,603012.SH,buy,200,12.499887,2499.9774,2.49748,0.624994,0.0,rebalance_increase,,next_open
20260809_000809_3032e9,2023-08-24,002204.SZ,buy,100,22.949527,2294.9527,2.29266,0.573738,0.0,rebalance_increase,,next_open
20260809_000809_3032e9,2023-08-24,003036.SZ,buy,200,13.458565,2691.713,2.689024,0.672928,0.0,rebalance_increase,,next_open
20260809_000809_3032e9,2023-08-24,001216.SZ,buy,100,12.859246,1285.9246,1.28464,0.321481,0.0,rebalance_increase,,next_open
20260809_000809_3032e9,2023-08-24,002593.SZ,buy,100,12.469257,1246.9257,1.24568,0.311731,0.0,rebalance_increase,,next_open
20260809_000809_3032e9,2023-08-24,605365.SH,buy,100,14.842718,1484.2718,1.482789,0.371068,0.0,rebalance_increase,,next_open
20260809_000809_3032e9,2023-08-24,605500.SH,buy,200,16.252236,3250.4472,3.2472,0.812612,0.0,rebalance_increase,,next_open
20260809_000809_3032e9,2023-08-24,002521.SZ,buy,100,23.046463,2304.6463,2.302344,0.576162,0.0,rebalance_increase,,next_open
20260809_000809_3032e9,2023-08-24,001219.SZ,buy,100,31.585804,3158.5804,3.155425,0.789645,0.0,rebalance_increase,,next_open
20260809_000809_3032e9,2023-08-24,003030.SZ,buy,100,23.222599,2322.2599,2.31994,0.580565,0.0,rebalance_increase,,next_open
20260809_000809_3032e9,2023-08-24,000725.SZ,buy,100,20.449229,2044.9229,2.04288,0.511231,0.0,rebalance_increase,,next_open
20260809_000809_3032e9,2023-08-24,600894.SH,buy,100,27.927239,2792.7239,2.789934,0.698181,0.0,rebalance_increase,,next_open
20260809_000809_3032e9,2023-08-28,002204.SZ,sell,1000,23.196061,23196.061,23.21928,5.799015,2.319606,target_exit,confirm,next_open
20260809_000809_3032e9,2023-08-28,001216.SZ,sell,1500,12.730057,19095.0855,19.1142,4.773771,1.909509,target_exit,confirm,next_open
20260809_000809_3032e9,2023-08-28,688819.SH,sell,400,37.237725,14895.09,14.91,3.723772,1.489509,target_exit,confirm,next_open
20260809_000809_3032e9,2023-08-28,003030.SZ,sell,900,21.951027,19755.9243,19.7757,4.938981,1.975592,target_exit,confirm,next_open
20260809_000809_3032e9,2023-08-28,002144.SZ,buy,200,13.411398,2682.2796,2.6796,0.67057,0.0,rebalance_increase,,next_open
20260809_000809_3032e9,2023-08-28,003041.SZ,buy,100,23.662659,2366.2659,2.363902,0.591566,0.0,rebalance_increase,,next_open
20260809_000809_3032e9,2023-08-28,605368.SH,buy,100,16.398582,1639.8582,1.63822,0.409965,0.0,rebalance_increase,,next_open
20260809_000809_3032e9,2023-08-28,603080.SH,buy,100,16.479063,1647.9063,1.64626,0.411977,0.0,rebalance_increase,,next_open
20260809_000809_3032e9,2023-08-28,000919.SZ,buy,100,30.197718,3019.7718,3.016755,0.754943,0.0,rebalance_increase,,next_open
20260809_000809_3032e9,2023-08-28,003017.SZ,buy,100,33.688054,3368.8054,3.36544,0.842201,0.0,rebalance_increase,,next_open
20260809_000809_3032e9,2023-08-28,000554.SZ,buy,100,28.68894,2868.894,2.866028,0.717224,0.0,rebalance_increase,,next_open
20260809_000809_3032e9,2023-08-28,603012.SH,buy,200,12.693851,2538.7702,2.536234,0.634693,0.0,rebalance_increase,,next_open
20260809_000809_3032e9,2023-08-28,300703.SZ,buy,100,24.80478,2480.478,2.478,0.62012,0.0,rebalance_increase,,next_open
20260809_000809_3032e9,2023-08-28,002593.SZ,buy,200,12.67256,2534.512,2.53198,0.633628,0.0,rebalance_increase,,next_open
20260809_000809_3032e9,2023-08-28,002999.SZ,buy,100,10.953012,1095.3012,1.094207,0.273825,0.0,rebalance_increase,,next_open
20260809_000809_3032e9,2023-08-28,605365.SH,buy,200,15.038423,3007.6846,3.00468,0.751921,0.0,rebalance_increase,,next_open
20260809_000809_3032e9,2023-08-28,605500.SH,buy,100,16.384368,1638.4368,1.6368,0.409609,0.0,rebalance_increase,,next_open
20260809_000809_3032e9,2023-08-28,002521.SZ,buy,100,23.579946,2357.9946,2.355639,0.589499,0.0,rebalance_increase,,next_open
20260809_000809_3032e9,2023-08-28,001219.SZ,buy,100,32.537705,3253.7705,3.25052,0.813443,0.0,rebalance_increase,,next_open
20260809_000809_3032e9,2023-08-28,002828.SZ,buy,100,15.899654,1589.9654,1.588377,0.397491,0.0,rebalance_increase,,next_open
20260809_000809_3032e9,2023-08-28,000725.SZ,buy,100,20.981761,2098.1761,2.09608,0.524544,0.0,rebalance_increase,,next_open
20260809_000809_3032e9,2023-08-28,003018.SZ,buy,100,9.985966,998.5966,0.997599,0.249649,0.0,rebalance_increase,,next_open
20260809_000809_3032e9,2023-10-10,603012.SH,sell,500,13.07715,6538.575,6.54512,1.634644,0.653857,rebalance_reduce,confirm,next_open
20260809_000809_3032e9,2023-10-10,000919.SZ,sell,100,31.173955,3117.3955,3.120516,0.779349,0.31174,rebalance_reduce,confirm,next_open
20260809_000809_3032e9,2023-10-10,003041.SZ,sell,300,24.207988,7262.3964,7.269666,1.815599,0.72624,rebalance_reduce,confirm,next_open
20260809_000809_3032e9,2023-10-10,002144.SZ,sell,500,13.269217,6634.6085,6.64125,1.658652,0.663461,rebalance_reduce,confirm,next_open
20260809_000809_3032e9,2023-10-10,605368.SH,sell,1200,16.689893,20027.8716,20.04792,5.006968,2.002787,target_exit,confirm,next_open
20260809_000809_3032e9,2023-10-10,000937.SZ,sell,300,74.537558,22361.2674,22.383651,5.590317,2.236127,target_exit,confirm,next_open
20260809_000809_3032e9,2023-10-10,600051.SH,sell,700,34.85535,24398.745,24.423168,6.099686,2.439875,target_exit,confirm,next_open
20260809_000809_3032e9,2023-10-10,300194.SZ,sell,900,27.965606,25169.0454,25.19424,6.292261,2.516905,target_exit,confirm,next_open
20260809_000809_3032e9,2023-10-10,600128.SH,sell,900,25.322612,22790.3508,22.813164,5.697588,2.279035,target_exit,confirm,next_open
20260809_000809_3032e9,2023-10-10,002361.SZ,sell,700,37.359703,26151.7921,26.17797,6.537948,2.615179,target_exit,confirm,next_open
20260809_000809_3032e9,2023-10-10,002469.SZ,sell,400,53.613303,21445.3212,21.466788,5.36133,2.144532,target_exit,confirm,next_open
20260809_000809_3032e9,2023-10-10,003017.SZ,sell,700,32.270098,22589.0686,22.61168,5.647267,2.258907,target_exit,confirm,next_open
20260809_000809_3032e9,2023-10-10,002687.SZ,sell,500,32.341926,16170.963,16.18715,4.042741,1.617096,target_exit,confirm,next_open
20260809_000809_3032e9,2023-10-10,000554.SZ,sell,700,29.662947,20764.0629,20.784848,5.191016,2.076406,target_exit,confirm,next_open
20260809_000809_3032e9,2023-10-10,000705.SZ,sell,300,46.939853,14081.9559,14.096052,3.520489,1.408196,target_exit,confirm,next_open
20260809_000809_3032e9,2023-10-10,600272.SH,sell,300,16.469824,4940.9472,4.945893,1.235237,0.494095,target_exit,confirm,next_open
20260809_000809_3032e9,2023-10-10,003036.SZ,sell,1500,14.556948,21835.422,21.85728,5.458855,2.183542,target_exit,confirm,next_open
20260809_000809_3032e9,2023-10-10,603080.SH,sell,1100,17.620862,19382.9482,19.40235,4.845737,1.938295,target_exit,confirm,next_open
20260809_000809_3032e9,2023-10-10,300703.SZ,sell,1000,25.473121,25473.121,25.49862,6.36828,2.547312,target_exit,confirm,next_open
20260809_000809_3032e9,2023-10-10,002593.SZ,sell,1800,13.492644,24286.7592,24.31107,6.07169,2.428676,target_exit,confirm,next_open
20260809_000809_3032e9,2023-10-10,000652.SZ,sell,100,112.984502,11298.4502,11.30976,2.824613,1.129845,target_exit,confirm,next_open
20260809_000809_3032e9,2023-10-10,002999.SZ,sell,1000,10.727352,10727.352,10.73809,2.681838,1.072735,target_exit,confirm,next_open
20260809_000809_3032e9,2023-10-10,605365.SH,sell,1500,17.526906,26290.359,26.316675,6.57259,2.629036,target_exit,confirm,next_open
20260809_000809_3032e9,2023-10-10,003023.SZ,sell,400,28.479092,11391.6368,11.40304,2.847909,1.139164,target_exit,confirm,next_open
20260809_000809_3032e9,2023-10-10,001202.SZ,sell,700,18.055287,12638.7009,12.651352,3.159675,1.26387,target_exit,confirm,next_open
20260809_000809_3032e9,2023-10-10,605500.SH,sell,1600,16.791192,26865.9072,26.8928,6.716477,2.686591,target_exit,confirm,next_open
20260809_000809_3032e9,2023-10-10,002521.SZ,sell,800,26.620853,21296.6824,21.318,5.324171,2.129668,target_exit,confirm,next_open
20260809_000809_3032e9,2023-10-10,002515.SZ,sell,300,56.549834,16964.9502,16.981932,4.241238,1.696495,target_exit,confirm,next_open
20260809_000809_3032e9,2023-10-10,001219.SZ,sell,600,30.555424,18333.2544,18.351606,4.583314,1.833325,target_exit,confirm,next_open
20260809_000809_3032e9,2023-10-10,002828.SZ,sell,1100,24.636519,27100.1709,27.127298,6.775043,2.710017,target_exit,confirm,next_open
20260809_000809_3032e9,2023-10-10,000725.SZ,sell,1000,20.833546,20833.546,20.8544,5.208386,2.083355,target_exit,confirm,next_open
20260809_000809_3032e9,2023-10-10,600894.SH,sell,700,29.58018,20706.126,20.726853,5.176532,2.070613,target_exit,confirm,next_open
20260809_000809_3032e9,2023-10-10,301056.SZ,sell,700,10.948241,7663.7687,7.67144,1.915942,0.766377,target_exit,confirm,next_open
20260809_000809_3032e9,2023-10-10,600531.SH,sell,100,71.869069,7186.9069,7.194101,1.796727,0.718691,target_exit,confirm,next_open
20260809_000809_3032e9,2023-10-10,003018.SZ,sell,2000,10.772936,21545.872,21.56744,5.386468,2.154587,target_exit,confirm,next_open
20260809_000809_3032e9,2023-10-10,000055.SZ,sell,300,48.066316,14419.8948,14.434329,3.604974,1.441989,target_exit,confirm,next_open
20260809_000809_3032e9,2023-10-10,603167.SH,buy,2700,9.5093,25675.11,25.64946,6.418778,0.0,target_weight_new,,next_open
20260809_000809_3032e9,2023-10-10,002613.SZ,buy,600,17.106209,10263.7254,10.253472,2.565931,0.0,target_weight_new,,next_open
20260809_000809_3032e9,2023-10-10,002627.SZ,buy,1000,17.885508,17885.508,17.86764,4.471377,0.0,target_weight_new,,next_open
20260809_000809_3032e9,2023-10-10,600138.SH,buy,200,60.109489,12021.8978,12.009888,3.005474,0.0,target_weight_new,,next_open
20260809_000809_3032e9,2023-10-10,601956.SH,buy,3600,6.017211,21661.9596,21.64032,5.41549,0.0,target_weight_new,,next_open
20260809_000809_3032e9,2023-10-10,002614.SZ,buy,400,41.27123,16508.492,16.492,4.127123,0.0,target_weight_new,,next_open
20260809_000809_3032e9,2023-10-10,605336.SH,buy,400,23.730186,9492.0744,9.482592,2.373019,0.0,target_weight_new,,next_open
20260809_000809_3032e9,2023-10-10,301109.SZ,buy,500,26.267001,13133.5005,13.12038,3.283375,0.0,target_weight_new,,next_open
20260809_000809_3032e9,2023-10-10,600789.SH,buy,1000,19.320571,19320.571,19.30127,4.830143,0.0,target_weight_new,,next_open
20260809_000809_3032e9,2023-10-10,002817.SZ,buy,400,31.142311,12456.9244,12.44448,3.114231,0.0,target_weight_new,,next_open
20260809_000809_3032e9,2023-10-10,300452.SZ,buy,200,83.238856,16647.7712,16.63114,4.161943,0.0,target_weight_new,,next_open
20260809_000809_3032e9,2023-10-10,601089.SH,buy,800,17.892655,14314.124,14.299824,3.578531,0.0,target_weight_new,,next_open
20260809_000809_3032e9,2023-10-10,600979.SH,buy,900,19.223554,17301.1986,17.283915,4.3253,0.0,target_weight_new,,next_open
20260809_000809_3032e9,2023-10-10,600594.SH,buy,200,96.951044,19390.2088,19.370838,4.847552,0.0,target_weight_new,,next_open
20260809_000809_3032e9,2023-10-10,002424.SZ,buy,100,89.079981,8907.9981,8.899099,2.227,0.0,target_weight_new,,next_open
20260809_000809_3032e9,2023-10-10,600566.SH,buy,100,63.492069,6349.2069,6.342864,1.587302,0.0,target_weight_new,,next_open
20260809_000809_3032e9,2023-10-10,300439.SZ,buy,400,37.86751,15147.004,15.131872,3.786751,0.0,target_weight_new,,next_open
20260809_000809_3032e9,2023-10-10,300933.SZ,buy,1600,8.61846,13789.536,13.77576,3.447384,0.0,target_weight_new,,next_open
20260809_000809_3032e9,2023-10-10,002510.SZ,buy,700,17.669242,12368.4694,12.356113,3.092117,0.0,target_weight_new,,next_open
20260809_000809_3032e9,2023-10-10,600125.SH,buy,100,106.310224,10631.0224,10.620402,2.657756,0.0,target_weight_new,,next_open
20260809_000809_3032e9,2023-10-10,300296.SZ,buy,100,126.845829,12684.5829,12.671911,3.171146,0.0,target_weight_new,,next_open
20260809_000809_3032e9,2023-10-10,001308.SZ,buy,200,43.900797,8780.1594,8.771388,2.19504,0.0,target_weight_new,,next_open
20260809_000809_3032e9,2023-10-10,603041.SH,buy,1200,17.540833,21048.9996,21.027972,5.26225,0.0,target_weight_new,,next_open
20260809_000809_3032e9,2023-10-10,600938.SH,buy,700,23.881458,16717.0206,16.70032,4.179255,0.0,target_weight_new,,next_open
20260809_000809_3032e9,2023-10-10,600730.SH,buy,400,32.230388,12892.1552,12.879276,3.223039,0.0,target_weight_new,,next_open
20260809_000809_3032e9,2023-10-10,002457.SZ,buy,600,22.394122,13436.4732,13.42305,3.359118,0.0,target_weight_new,,next_open
20260809_000809_3032e9,2023-10-10,300230.SZ,buy,500,28.101874,14050.937,14.0369,3.512734,0.0,target_weight_new,,next_open
20260809_000809_3032e9,2023-10-10,600248.SH,buy,700,18.152374,12706.6618,12.693968,3.176665,0.0,target_weight_new,,next_open
20260809_000809_3032e9,2023-10-10,600502.SH,buy,200,71.167817,14233.5634,14.219344,3.558391,0.0,target_weight_new,,next_open
20260809_000809_3032e9,2023-10-10,603183.SH,buy,700,22.867835,16007.4845,15.991493,4.001871,0.0,target_weight_new,,next_open
20260809_000809_3032e9,2023-10-10,600099.SH,buy,600,25.352948,15211.7688,15.196572,3.802942,0.0,target_weight_new,,next_open
20260809_000809_3032e9,2023-10-10,002788.SZ,buy,400,31.670339,12668.1356,12.65548,3.167034,0.0,target_weight_new,,next_open
20260809_000809_3032e9,2023-10-10,300145.SZ,buy,200,58.127509,11625.5018,11.613888,2.906375,0.0,target_weight_new,,next_open
20260809_000809_3032e9,2023-10-10,603648.SH,buy,1500,10.455075,15682.6125,15.666945,3.920653,0.0,target_weight_new,,next_open
20260809_000809_3032e9,2023-10-10,002540.SZ,buy,200,53.80327,10760.654,10.749904,2.690164,0.0,target_weight_new,,next_open
20260809_000809_3032e9,2023-10-10,600235.SH,buy,1700,12.449807,21164.6719,21.143529,5.291168,0.0,target_weight_new,,next_open
20260809_000809_3032e9,2023-10-10,600667.SH,buy,300,36.268132,10880.4396,10.86957,2.72011,0.0,target_weight_new,,next_open
20260809_000809_3032e9,2023-10-10,300022.SZ,buy,800,19.194595,15355.676,15.340336,3.838919,0.0,target_weight_new,,next_open
20260809_000809_3032e9,2023-10-10,002322.SZ,buy,200,55.448593,11089.7186,11.07864,2.77243,0.0,target_weight_new,,next_open
20260809_000809_3032e9,2023-10-10,002969.SZ,buy,5000,3.858234,19291.17,19.2719,4.822792,0.0,target_weight_new,,next_open
20260809_000809_3032e9,2023-10-10,002295.SZ,buy,1400,11.734343,16428.0802,16.411668,4.10702,0.0,target_weight_new,,next_open
20260809_000809_3032e9,2023-10-10,001210.SZ,buy,300,25.262737,7578.8211,7.57125,1.894705,0.0,target_weight_new,,next_open
20260809_000809_3032e9,2023-10-10,600843.SH,buy,700,16.232616,11362.8312,11.35148,2.840708,0.0,target_weight_new,,next_open
20260809_000809_3032e9,2023-10-19,002969.SZ,sell,900,4.072284,3665.0556,3.668724,0.916264,0.366506,rebalance_reduce,confirm,next_open
20260809_000809_3032e9,2023-10-19,600667.SH,sell,300,33.048219,9914.4657,9.92439,2.478616,0.991447,target_exit,confirm,next_open
20260809_000809_3032e9,2023-10-19,600789.SH,buy,100,19.206417,1920.6417,1.918723,0.48016,0.0,rebalance_increase,,next_open
20260809_000809_3032e9,2023-10-19,002817.SZ,buy,100,29.710481,2971.0481,2.96808,0.742762,0.0,rebalance_increase,,next_open
20260809_000809_3032e9,2023-10-19,603012.SH,buy,100,12.219718,1221.9718,1.220751,0.305493,0.0,rebalance_increase,,next_open
20260809_000809_3032e9,2023-10-19,002613.SZ,buy,100,16.295139,1629.5139,1.627886,0.407378,0.0,rebalance_increase,,next_open
20260809_000809_3032e9,2023-10-19,603167.SH,buy,200,9.228039,1845.6078,1.843764,0.461402,0.0,rebalance_increase,,next_open
20260809_000809_3032e9,2023-10-19,002627.SZ,buy,200,17.182145,3436.429,3.432996,0.859107,0.0,rebalance_increase,,next_open
20260809_000809_3032e9,2023-10-19,601956.SH,buy,400,5.767362,2306.9448,2.30464,0.576736,0.0,rebalance_increase,,next_open
20260809_000809_3032e9,2023-10-19,301109.SZ,buy,100,24.839795,2483.9795,2.481498,0.620995,0.0,rebalance_increase,,next_open
20260809_000809_3032e9,2023-10-19,600979.SH,buy,100,17.919301,1791.9301,1.79014,0.447983,0.0,rebalance_increase,,next_open
20260809_000809_3032e9,2023-10-19,002424.SZ,buy,100,88.105838,8810.5838,8.801782,2.202646,0.0,rebalance_increase,,next_open
20260809_000809_3032e9,2023-10-19,300933.SZ,buy,100,8.537819,853.7819,0.852929,0.213445,0.0,rebalance_increase,,next_open
20260809_000809_3032e9,2023-10-19,600730.SH,buy,100,30.226426,3022.6426,3.019623,0.755661,0.0,rebalance_increase,,next_open
20260809_000809_3032e9,2023-10-19,002457.SZ,buy,100,21.432411,2143.2411,2.1411,0.53581,0.0,rebalance_increase,,next_open
20260809_000809_3032e9,2023-10-19,300230.SZ,buy,100,27.526899,2752.6899,2.74994,0.688172,0.0,rebalance_increase,,next_open
20260809_000809_3032e9,2023-10-19,600248.SH,buy,100,16.78693,1678.693,1.677016,0.419673,0.0,rebalance_increase,,next_open
20260809_000809_3032e9,2023-10-19,603183.SH,buy,100,22.380248,2238.0248,2.235789,0.559506,0.0,rebalance_increase,,next_open
20260809_000809_3032e9,2023-10-19,600099.SH,buy,100,24.054921,2405.4921,2.403089,0.601373,0.0,rebalance_increase,,next_open
20260809_000809_3032e9,2023-10-19,300145.SZ,buy,100,55.583208,5558.3208,5.552768,1.38958,0.0,rebalance_increase,,next_open
20260809_000809_3032e9,2023-10-19,002540.SZ,buy,100,51.897926,5189.7926,5.184608,1.297448,0.0,rebalance_increase,,next_open
20260809_000809_3032e9,2023-10-19,300022.SZ,buy,100,18.01776,1801.776,1.799976,0.450444,0.0,rebalance_increase,,next_open
20260809_000809_3032e9,2023-10-19,001210.SZ,buy,100,24.449425,2444.9425,2.4425,0.611236,0.0,rebalance_increase,,next_open
20260809_000809_3032e9,2023-10-19,600843.SH,buy,100,15.603888,1560.3888,1.55883,0.390097,0.0,rebalance_increase,,next_open
20260809_000809_3032e9,2023-10-24,603012.SH,sell,1700,11.872675,20183.5475,20.203752,5.045887,2.018355,target_exit,confirm,next_open
20260809_000809_3032e9,2023-10-24,600138.SH,sell,200,54.53581,10907.162,10.91808,2.726791,1.090716,target_exit,confirm,next_open
20260809_000809_3032e9,2023-10-24,002614.SZ,sell,400,37.521641,15008.6564,15.02368,3.752164,1.500866,target_exit,confirm,next_open
20260809_000809_3032e9,2023-10-24,600979.SH,sell,1000,17.543939,17543.939,17.5615,4.385985,1.754394,target_exit,confirm,next_open
20260809_000809_3032e9,2023-10-24,001308.SZ,sell,200,39.135216,7827.0432,7.834878,1.956761,0.782704,target_exit,confirm,next_open
20260809_000809_3032e9,2023-10-24,600730.SH,sell,500,29.054946,14527.473,14.542015,3.631868,1.452747,target_exit,confirm,next_open
20260809_000809_3032e9,2023-10-24,600248.SH,sell,800,16.472831,13178.2648,13.191456,3.294566,1.317826,target_exit,confirm,next_open
20260809_000809_3032e9,2023-10-24,600502.SH,sell,200,65.349395,13069.879,13.082962,3.26747,1.306988,target_exit,confirm,next_open
20260809_000809_3032e9,2023-10-24,600099.SH,sell,700,23.069737,16148.8159,16.164981,4.037204,1.614882,target_exit,confirm,next_open
20260809_000809_3032e9,2023-10-24,300022.SZ,sell,900,17.414768,15673.2912,15.68898,3.918323,1.567329,target_exit,confirm,next_open
20260809_000809_3032e9,2023-10-24,002144.SZ,buy,300,12.174312,3652.2936,3.648645,0.913073,0.0,rebalance_increase,,next_open
20260809_000809_3032e9,2023-10-24,003041.SZ,buy,200,22.757124,4551.4248,4.546878,1.137856,0.0,rebalance_increase,,next_open
20260809_000809_3032e9,2023-10-24,600789.SH,buy,200,18.293185,3658.637,3.654982,0.914659,0.0,rebalance_increase,,next_open
20260809_000809_3032e9,2023-10-24,002817.SZ,buy,200,28.636608,5727.3216,5.7216,1.43183,0.0,rebalance_increase,,next_open
20260809_000809_3032e9,2023-10-24,601089.SH,buy,100,17.432295,1743.2295,1.741488,0.435807,0.0,rebalance_increase,,next_open
20260809_000809_3032e9,2023-10-24,603167.SH,buy,700,8.919991,6243.9937,6.237756,1.560998,0.0,rebalance_increase,,next_open
20260809_000809_3032e9,2023-10-24,002613.SZ,buy,200,15.779003,3155.8006,3.152648,0.78895,0.0,rebalance_increase,,next_open
20260809_000809_3032e9,2023-10-24,002627.SZ,buy,300,16.612756,4983.8268,4.978848,1.245957,0.0,rebalance_increase,,next_open
20260809_000809_3032e9,2023-10-24,601956.SH,buy,1100,5.548743,6103.6173,6.09752,1.525904,0.0,rebalance_increase,,next_open
20260809_000809_3032e9,2023-10-24,605336.SH,buy,200,22.618736,4523.7472,4.519228,1.130937,0.0,rebalance_increase,,next_open
20260809_000809_3032e9,2023-10-24,301109.SZ,buy,100,24.262498,2426.2498,2.423826,0.606562,0.0,rebalance_increase,,next_open
20260809_000809_3032e9,2023-10-24,600566.SH,buy,100,60.535675,6053.5675,6.04752,1.513392,0.0,rebalance_increase,,next_open
20260809_000809_3032e9,2023-10-24,300439.SZ,buy,200,35.477202,7095.4404,7.088352,1.77386,0.0,rebalance_increase,,next_open
20260809_000809_3032e9,2023-10-24,300933.SZ,buy,500,8.497499,4248.7495,4.244505,1.062187,0.0,rebalance_increase,,next_open
20260809_000809_3032e9,2023-10-24,603041.SH,buy,300,17.045669,5113.7007,5.108592,1.278425,0.0,rebalance_increase,,next_open
20260809_000809_3032e9,2023-10-24,600938.SH,buy,200,23.954373,4790.8746,4.786089,1.197719,0.0,rebalance_increase,,next_open
20260809_000809_3032e9,2023-10-24,300230.SZ,buy,200,26.880053,5376.0106,5.37064,1.344003,0.0,rebalance_increase,,next_open
20260809_000809_3032e9,2023-10-24,603183.SH,buy,200,21.990178,4398.0356,4.393642,1.099509,0.0,rebalance_increase,,next_open
20260809_000809_3032e9,2023-10-24,002788.SZ,buy,100,28.962934,2896.2934,2.8934,0.724073,0.0,rebalance_increase,,next_open
20260809_000809_3032e9,2023-10-24,603648.SH,buy,500,9.896407,4948.2035,4.94326,1.237051,0.0,rebalance_increase,,next_open
20260809_000809_3032e9,2023-10-24,600235.SH,buy,300,11.872811,3561.8433,3.558285,0.890461,0.0,rebalance_increase,,next_open
20260809_000809_3032e9,2023-10-24,002322.SZ,buy,100,56.834808,5683.4808,5.677803,1.42087,0.0,rebalance_increase,,next_open
20260809_000809_3032e9,2023-10-24,002969.SZ,buy,1100,3.858234,4244.0574,4.239818,1.061014,0.0,rebalance_increase,,next_open
20260809_000809_3032e9,2023-10-24,002295.SZ,buy,400,11.180089,4472.0356,4.467568,1.118009,0.0,rebalance_increase,,next_open
20260809_000809_3032e9,2023-10-24,001210.SZ,buy,100,23.97395,2397.395,2.395,0.599349,0.0,rebalance_increase,,next_open
20260809_000809_3032e9,2023-10-24,600843.SH,buy,200,15.289524,3057.9048,3.05485,0.764476,0.0,rebalance_increase,,next_open
20260809_000809_3032e9,2023-10-25,601956.SH,sell,100,5.70389,570.389,0.57096,0.142597,0.057039,rebalance_reduce,confirm,next_open
20260809_000809_3032e9,2023-10-25,603041.SH,sell,100,17.970012,1797.0012,1.7988,0.44925,0.1797,rebalance_reduce,confirm,next_open
20260809_000809_3032e9,2023-10-25,002788.SZ,sell,500,28.056765,14028.3825,14.042425,3.507096,1.402838,target_exit,confirm,next_open
20260809_000809_3032e9,2023-10-25,002627.SZ,buy,100,16.84721,1684.721,1.683038,0.42118,0.0,rebalance_increase,,next_open
20260809_000809_3032e9,2023-10-25,002510.SZ,buy,100,18.233615,1823.3615,1.82154,0.45584,0.0,rebalance_increase,,next_open
20260809_000809_3032e9,2023-10-25,001210.SZ,buy,200,24.749725,4949.945,4.945,1.237486,0.0,rebalance_increase,,next_open
20260809_000809_3032e9,2023-11-03,002144.SZ,sell,100,13.211525,1321.1525,1.322475,0.330288,0.132115,rebalance_reduce,confirm,next_open
20260809_000809_3032e9,2023-11-03,003041.SZ,sell,100,25.185789,2518.5789,2.5211,0.629645,0.251858,rebalance_reduce,confirm,next_open
20260809_000809_3032e9,2023-11-03,600789.SH,sell,100,19.794636,1979.4636,1.981445,0.494866,0.197946,rebalance_reduce,confirm,next_open
20260809_000809_3032e9,2023-11-03,603167.SH,sell,1500,10.466063,15699.0945,15.71481,3.924774,1.569909,rebalance_reduce,confirm,next_open
20260809_000809_3032e9,2023-11-03,601956.SH,sell,600,5.994799,3596.8794,3.60048,0.89922,0.359688,rebalance_reduce,confirm,next_open
20260809_000809_3032e9,2023-11-03,300933.SZ,sell,100,9.416094,941.6094,0.942552,0.235402,0.094161,rebalance_reduce,confirm,next_open
20260809_000809_3032e9,2023-11-03,603041.SH,sell,200,19.123088,3824.6176,3.828446,0.956154,0.382462,rebalance_reduce,confirm,next_open
20260809_000809_3032e9,2023-11-03,002457.SZ,sell,300,27.395127,8218.5381,8.226765,2.054635,0.821854,rebalance_reduce,confirm,next_open
20260809_000809_3032e9,2023-11-03,600235.SH,sell,100,12.978628,1297.8628,1.299162,0.324466,0.129786,rebalance_reduce,confirm,next_open
20260809_000809_3032e9,2023-11-03,002969.SZ,sell,500,4.142843,2071.4215,2.073495,0.517855,0.207142,rebalance_reduce,confirm,next_open
20260809_000809_3032e9,2023-11-03,300296.SZ,sell,100,115.450724,11545.0724,11.556629,2.886268,1.154507,target_exit,confirm,next_open
20260809_000809_3032e9,2023-11-03,301109.SZ,buy,100,25.914208,2591.4208,2.588832,0.647855,0.0,rebalance_increase,,next_open
20260809_000809_3032e9,2023-11-03,600938.SH,buy,100,23.247407,2324.7407,2.322418,0.581185,0.0,rebalance_increase,,next_open
20260809_000809_3032e9,2023-11-03,001210.SZ,buy,100,25.400375,2540.0375,2.5375,0.635009,0.0,rebalance_increase,,next_open
20260809_000809_3032e9,2023-12-11,600789.SH,sell,500,21.503525,10751.7625,10.762525,2.687941,1.075176,rebalance_reduce,confirm,next_open
20260809_000809_3032e9,2023-12-11,603167.SH,sell,300,11.562126,3468.6378,3.47211,0.867159,0.346864,rebalance_reduce,confirm,next_open
20260809_000809_3032e9,2023-12-11,300933.SZ,sell,600,9.355735,5613.441,5.61906,1.40336,0.561344,rebalance_reduce,confirm,next_open
20260809_000809_3032e9,2023-12-11,002510.SZ,sell,300,23.483033,7044.9099,7.051962,1.761227,0.704491,rebalance_reduce,confirm,next_open
20260809_000809_3032e9,2023-12-11,002295.SZ,sell,100,11.995373,1199.5373,1.200738,0.299884,0.119954,rebalance_reduce,confirm,next_open
20260809_000809_3032e9,2023-12-11,605336.SH,sell,600,21.291447,12774.8682,12.787656,3.193717,1.277487,target_exit,confirm,next_open
20260809_000809_3032e9,2023-12-11,002144.SZ,buy,200,13.041428,2608.2856,2.60568,0.652071,0.0,rebalance_increase,,next_open
20260809_000809_3032e9,2023-12-11,002817.SZ,buy,200,30.605375,6121.075,6.11496,1.530269,0.0,rebalance_increase,,next_open
20260809_000809_3032e9,2023-12-11,601089.SH,buy,200,17.759662,3551.9324,3.548384,0.887983,0.0,rebalance_increase,,next_open
20260809_000809_3032e9,2023-12-11,002613.SZ,buy,700,15.742136,11019.4952,11.008487,2.754874,0.0,rebalance_increase,,next_open
20260809_000809_3032e9,2023-12-11,002627.SZ,buy,200,18.019481,3603.8962,3.600296,0.900974,0.0,rebalance_increase,,next_open
20260809_000809_3032e9,2023-12-11,601956.SH,buy,100,6.006801,600.6801,0.60008,0.15017,0.0,rebalance_increase,,next_open
20260809_000809_3032e9,2023-12-11,301109.SZ,buy,400,25.336912,10134.7648,10.12464,2.533691,0.0,rebalance_increase,,next_open
20260809_000809_3032e9,2023-12-11,600125.SH,buy,100,107.006199,10700.6199,10.68993,2.675155,0.0,rebalance_increase,,next_open
20260809_000809_3032e9,2023-12-11,300230.SZ,buy,200,28.964335,5792.867,5.78708,1.448217,0.0,rebalance_increase,,next_open
20260809_000809_3032e9,2023-12-11,603183.SH,buy,300,22.819076,6845.7228,6.838884,1.711431,0.0,rebalance_increase,,next_open
20260809_000809_3032e9,2023-12-11,002969.SZ,buy,800,4.040036,3232.0288,3.2288,0.808007,0.0,rebalance_increase,,next_open
20260809_000809_3032e9,2023-12-11,001210.SZ,buy,400,24.812287,9924.9148,9.915,2.481229,0.0,rebalance_increase,,next_open
20260809_000809_3032e9,2023-12-11,600843.SH,buy,400,16.404088,6561.6352,6.55508,1.640409,0.0,rebalance_increase,,next_open
20260809_000809_3032e9,2023-12-26,603167.SH,sell,200,11.762626,2352.5252,2.35488,0.588131,0.235253,rebalance_reduce,confirm,next_open
20260809_000809_3032e9,2023-12-26,002613.SZ,sell,600,17.108824,10265.2944,10.27557,2.566324,1.026529,rebalance_reduce,confirm,next_open
20260809_000809_3032e9,2023-12-26,601956.SH,sell,400,6.036358,2414.5432,2.41696,0.603636,0.241454,rebalance_reduce,confirm,next_open
20260809_000809_3032e9,2023-12-26,002510.SZ,sell,100,21.360029,2136.0029,2.138141,0.534001,0.2136,rebalance_reduce,confirm,next_open
20260809_000809_3032e9,2023-12-26,603648.SH,sell,200,11.162416,2232.4832,2.234718,0.558121,0.223248,rebalance_reduce,confirm,next_open
20260809_000809_3032e9,2023-12-26,600235.SH,sell,200,13.399437,2679.8874,2.68257,0.669972,0.267989,rebalance_reduce,confirm,next_open
20260809_000809_3032e9,2023-12-26,002295.SZ,sell,100,12.501106,1250.1106,1.251362,0.312528,0.125011,rebalance_reduce,confirm,next_open
20260809_000809_3032e9,2023-12-26,001210.SZ,sell,500,23.588888,11794.444,11.80625,2.948611,1.179444,rebalance_reduce,confirm,next_open
20260809_000809_3032e9,2023-12-26,300452.SZ,sell,200,76.195678,15239.1356,15.25439,3.809784,1.523914,target_exit,confirm,next_open
20260809_000809_3032e9,2023-12-26,301109.SZ,buy,100,24.919975,2491.9975,2.489508,0.622999,0.0,rebalance_increase,,next_open
20260809_000809_3032e9,2024-01-03,301109.SZ,sell,400,25.270284,10108.1136,10.118232,2.527028,1.010811,rebalance_reduce,confirm,next_open
20260809_000809_3032e9,2024-01-03,603183.SH,sell,400,23.357419,9342.9676,9.35232,2.335742,0.934297,rebalance_reduce,confirm,next_open
20260809_000809_3032e9,2024-01-03,600938.SH,sell,300,24.494474,7348.3422,7.355698,1.837086,0.734834,rebalance_reduce,confirm,next_open
20260809_000809_3032e9,2024-01-03,002627.SZ,sell,600,17.68264,10609.584,10.620204,2.652396,1.060958,rebalance_reduce,confirm,next_open
20260809_000809_3032e9,2024-01-03,002144.SZ,sell,1700,13.742294,23361.8998,23.385285,5.840475,2.33619,target_exit,confirm,next_open
20260809_000809_3032e9,2024-01-03,000919.SZ,sell,600,30.713256,18427.9536,18.4464,4.606988,1.842795,target_exit,confirm,next_open
20260809_000809_3032e9,2024-01-03,003041.SZ,sell,900,25.156159,22640.5431,22.663206,5.660136,2.264054,target_exit,confirm,next_open
20260809_000809_3032e9,2024-01-03,603167.SH,sell,1600,12.49779,19996.464,20.01648,4.999116,1.999646,target_exit,confirm,next_open
20260809_000809_3032e9,2024-01-03,002613.SZ,sell,1000,17.881481,17881.481,17.89938,4.47037,1.788148,target_exit,confirm,next_open
20260809_000809_3032e9,2024-01-03,601956.SH,sell,4100,6.285708,25771.4028,25.7972,6.442851,2.57714,target_exit,confirm,next_open
20260809_000809_3032e9,2024-01-03,600789.SH,sell,700,20.421228,14294.8596,14.309169,3.573715,1.429486,target_exit,confirm,next_open
20260809_000809_3032e9,2024-01-03,002817.SZ,sell,900,31.830298,28647.2682,28.675944,7.161817,2.864727,target_exit,confirm,next_open
20260809_000809_3032e9,2024-01-03,601089.SH,sell,1100,17.775227,19552.7497,19.572322,4.888187,1.955275,target_exit,confirm,next_open
20260809_000809_3032e9,2024-01-03,600594.SH,sell,200,97.43278,19486.556,19.506062,4.871639,1.948656,target_exit,confirm,next_open
20260809_000809_3032e9,2024-01-03,002424.SZ,sell,200,87.713758,17542.7516,17.560312,4.385688,1.754275,target_exit,confirm,next_open
20260809_000809_3032e9,2024-01-03,600566.SH,sell,200,77.555647,15511.1294,15.526656,3.877782,1.551113,target_exit,confirm,next_open
20260809_000809_3032e9,2024-01-03,300439.SZ,sell,600,36.661861,21997.1166,22.019136,5.499279,2.199712,target_exit,confirm,next_open
20260809_000809_3032e9,2024-01-03,300933.SZ,sell,1500,9.526754,14290.131,14.304435,3.572533,1.429013,target_exit,confirm,next_open
20260809_000809_3032e9,2024-01-03,002510.SZ,sell,400,21.056742,8422.6968,8.431128,2.105674,0.84227,target_exit,confirm,next_open
20260809_000809_3032e9,2024-01-03,600125.SH,sell,200,108.007924,21601.5848,21.623208,5.400396,2.160158,target_exit,confirm,next_open
20260809_000809_3032e9,2024-01-03,603041.SH,sell,1200,20.410939,24493.1268,24.517644,6.123282,2.449313,target_exit,confirm,next_open
20260809_000809_3032e9,2024-01-03,002457.SZ,sell,400,25.530394,10212.1576,10.22238,2.553039,1.021216,target_exit,confirm,next_open
20260809_000809_3032e9,2024-01-03,300230.SZ,sell,1000,29.767203,29767.203,29.797,7.441801,2.97672,target_exit,confirm,next_open
20260809_000809_3032e9,2024-01-03,300145.SZ,sell,300,61.527211,18458.1633,18.47664,4.614541,1.845816,target_exit,confirm,next_open
20260809_000809_3032e9,2024-01-03,603648.SH,sell,1800,11.401367,20522.4606,20.543004,5.130615,2.052246,target_exit,confirm,next_open
20260809_000809_3032e9,2024-01-03,002540.SZ,sell,300,60.396423,18118.9269,18.137064,4.529732,1.811893,target_exit,confirm,next_open
20260809_000809_3032e9,2024-01-03,600235.SH,sell,1700,13.997429,23795.6293,23.819448,5.948907,2.379563,target_exit,confirm,next_open
20260809_000809_3032e9,2024-01-03,002322.SZ,sell,300,66.149175,19844.7525,19.864617,4.961188,1.984475,target_exit,confirm,next_open
20260809_000809_3032e9,2024-01-03,002969.SZ,sell,5500,4.233562,23284.591,23.3079,5.821148,2.328459,target_exit,confirm,next_open
20260809_000809_3032e9,2024-01-03,002295.SZ,sell,1600,13.038449,20861.5184,20.8824,5.21538,2.086152,target_exit,confirm,next_open
20260809_000809_3032e9,2024-01-03,001210.SZ,sell,700,25.761712,18033.1984,18.05125,4.5083,1.80332,target_exit,confirm,next_open
20260809_000809_3032e9,2024-01-03,600843.SH,sell,1400,16.570962,23199.3468,23.22257,5.799837,2.319935,target_exit,confirm,next_open
20260809_000809_3032e9,2024-01-03,688459.SH,buy,2400,9.484675,22763.22,22.74048,5.690805,0.0,target_weight_new,,next_open
20260809_000809_3032e9,2024-01-03,600835.SH,buy,200,65.496631,13099.3262,13.08624,3.274832,0.0,target_weight_new,,next_open
20260809_000809_3032e9,2024-01-03,300355.SZ,buy,300,38.126248,11437.8744,11.426448,2.859469,0.0,target_weight_new,,next_open
20260809_000809_3032e9,2024-01-03,300983.SZ,buy,300,51.091841,15327.5523,15.31224,3.831888,0.0,target_weight_new,,next_open
20260809_000809_3032e9,2024-01-03,301090.SZ,buy,1100,10.94053,12034.583,12.02256,3.008646,0.0,target_weight_new,,next_open
20260809_000809_3032e9,2024-01-03,301256.SZ,buy,1800,8.444916,15200.8488,15.185664,3.800212,0.0,target_weight_new,,next_open
20260809_000809_3032e9,2024-01-03,002165.SZ,buy,400,34.166382,13666.5528,13.6529,3.416638,0.0,target_weight_new,,next_open
20260809_000809_3032e9,2024-01-03,601528.SH,buy,2100,6.704047,14078.4987,14.064435,3.519625,0.0,target_weight_new,,next_open
20260809_000809_3032e9,2024-01-03,002478.SZ,buy,900,15.042908,13538.6172,13.525092,3.384654,0.0,target_weight_new,,next_open
20260809_000809_3032e9,2024-01-03,002443.SZ,buy,300,28.674566,8602.3698,8.593776,2.150592,0.0,target_weight_new,,next_open
20260809_000809_3032e9,2024-01-03,002743.SZ,buy,1200,12.808456,15370.1472,15.354792,3.842537,0.0,target_weight_new,,next_open
20260809_000809_3032e9,2024-01-03,002249.SZ,buy,200,65.304959,13060.9918,13.047944,3.265248,0.0,target_weight_new,,next_open
20260809_000809_3032e9,2024-01-03,600268.SH,buy,200,62.8827,12576.54,12.563976,3.144135,0.0,target_weight_new,,next_open
20260809_000809_3032e9,2024-01-03,605196.SH,buy,1800,7.825217,14085.3906,14.07132,3.521348,0.0,target_weight_new,,next_open
20260809_000809_3032e9,2024-01-03,002560.SZ,buy,400,31.213652,12485.4608,12.472988,3.121365,0.0,target_weight_new,,next_open
20260809_000809_3032e9,2024-01-03,601218.SH,buy,1600,9.59999,15359.984,15.34464,3.839996,0.0,target_weight_new,,next_open
20260809_000809_3032e9,2024-01-03,000019.SZ,buy,500,35.109935,17554.9675,17.53743,4.388742,0.0,target_weight_new,,next_open
20260809_000809_3032e9,2024-01-03,603012.SH,buy,1400,12.887815,18042.941,18.024916,4.510735,0.0,target_weight_new,,next_open
20260809_000809_3032e9,2024-01-03,002483.SZ,buy,700,16.996259,11897.3813,11.885496,2.974345,0.0,target_weight_new,,next_open
20260809_000809_3032e9,2024-01-03,000725.SZ,buy,600,20.555735,12333.441,12.32112,3.08336,0.0,target_weight_new,,next_open
20260809_000809_3032e9,2024-01-03,000100.SZ,buy,700,15.631005,10941.7035,10.930773,2.735426,0.0,target_weight_new,,next_open
20260809_000809_3032e9,2024-01-03,600909.SH,buy,2800,5.851786,16385.0008,16.368632,4.09625,0.0,target_weight_new,,next_open
20260809_000809_3032e9,2024-01-03,601162.SH,buy,3600,3.456893,12444.8148,12.432384,3.111204,0.0,target_weight_new,,next_open
20260809_000809_3032e9,2024-01-03,600425.SH,buy,400,24.747773,9899.1092,9.88922,2.474777,0.0,target_weight_new,,next_open
20260809_000809_3032e9,2024-01-03,000404.SZ,buy,700,21.886505,15320.5535,15.305248,3.830138,0.0,target_weight_new,,next_open
20260809_000809_3032e9,2024-01-03,000521.SZ,buy,400,31.399428,12559.7712,12.547224,3.139943,0.0,target_weight_new,,next_open
20260809_000809_3032e9,2024-01-03,002035.SZ,buy,100,106.317251,10631.7251,10.621104,2.657931,0.0,target_weight_new,,next_open
20260809_000809_3032e9,2024-01-03,600863.SH,buy,200,84.790456,16958.0912,16.94115,4.239523,0.0,target_weight_new,,next_open
20260809_000809_3032e9,2024-01-03,000027.SZ,buy,100,111.678677,11167.8677,11.156711,2.791967,0.0,target_weight_new,,next_open
20260809_000809_3032e9,2024-01-03,600531.SH,buy,200,67.932585,13586.517,13.572944,3.396629,0.0,target_weight_new,,next_open
20260809_000809_3032e9,2024-01-03,002083.SZ,buy,1100,13.438495,14782.3445,14.767577,3.695586,0.0,target_weight_new,,next_open
20260809_000809_3032e9,2024-01-03,301276.SZ,buy,400,24.837393,9934.9572,9.925032,2.483739,0.0,target_weight_new,,next_open
20260809_000809_3032e9,2024-01-03,000973.SZ,buy,600,19.921952,11953.1712,11.94123,2.988293,0.0,target_weight_new,,next_open
20260809_000809_3032e9,2024-01-03,300599.SZ,buy,1700,8.84878,15042.926,15.027898,3.760731,0.0,target_weight_new,,next_open
20260809_000809_3032e9,2024-01-03,002381.SZ,buy,300,47.418871,14225.6613,14.21145,3.556415,0.0,target_weight_new,,next_open
20260809_000809_3032e9,2024-01-03,000554.SZ,buy,300,28.836568,8650.9704,8.642328,2.162743,0.0,target_weight_new,,next_open
20260809_000809_3032e9,2024-01-03,600101.SH,buy,200,63.869045,12773.809,12.761048,3.193452,0.0,target_weight_new,,next_open
20260809_000809_3032e9,2024-01-03,002303.SZ,buy,500,35.768753,17884.3765,17.86651,4.471094,0.0,target_weight_new,,next_open
20260809_000809_3032e9,2024-01-03,000680.SZ,buy,300,27.722194,8316.6582,8.30835,2.079165,0.0,target_weight_new,,next_open
20260809_000809_3032e9,2024-01-03,000528.SZ,buy,100,84.603679,8460.3679,8.451916,2.115092,0.0,target_weight_new,,next_open
20260809_000809_3032e9,2024-01-03,002788.SZ,buy,500,28.837008,14418.504,14.4041,3.604626,0.0,target_weight_new,,next_open
20260809_000809_3032e9,2024-01-03,000630.SZ,buy,100,93.645712,9364.5712,9.355216,2.341143,0.0,target_weight_new,,next_open
20260809_000809_3032e9,2024-01-19,601528.SH,sell,200,6.879883,1375.9766,1.377354,0.343994,0.137598,rebalance_reduce,confirm,next_open
20260809_000809_3032e9,2024-01-19,300355.SZ,sell,300,34.590974,10377.2922,10.38768,2.594323,1.037729,target_exit,confirm,next_open
20260809_000809_3032e9,2024-01-19,002560.SZ,sell,400,28.488423,11395.3692,11.406776,2.848842,1.139537,target_exit,confirm,next_open
20260809_000809_3032e9,2024-01-19,600101.SH,sell,200,57.012351,11402.4702,11.413884,2.850618,1.140247,target_exit,confirm,next_open
20260809_000809_3032e9,2024-01-19,002303.SZ,sell,500,32.83756,16418.78,16.435215,4.104695,1.641878,target_exit,confirm,next_open
20260809_000809_3032e9,2024-01-19,002788.SZ,sell,500,26.234489,13117.2445,13.130375,3.279311,1.311724,target_exit,confirm,next_open
20260809_000809_3032e9,2024-01-19,301109.SZ,buy,200,24.342678,4868.5356,4.863672,1.217134,0.0,rebalance_increase,,next_open
20260809_000809_3032e9,2024-01-19,603183.SH,buy,200,22.136454,4427.2908,4.422868,1.106823,0.0,rebalance_increase,,next_open
20260809_000809_3032e9,2024-01-19,300983.SZ,buy,100,48.386979,4838.6979,4.833864,1.209674,0.0,rebalance_increase,,next_open
20260809_000809_3032e9,2024-01-19,688459.SH,buy,1200,9.212243,11054.6916,11.043648,2.763673,0.0,rebalance_increase,,next_open
20260809_000809_3032e9,2024-01-19,600835.SH,buy,100,60.779118,6077.9118,6.07184,1.519478,0.0,rebalance_increase,,next_open
20260809_000809_3032e9,2024-01-19,301090.SZ,buy,1000,10.15038,10150.38,10.14024,2.537595,0.0,rebalance_increase,,next_open
20260809_000809_3032e9,2024-01-19,301256.SZ,buy,1300,8.018611,10424.1943,10.41378,2.606049,0.0,rebalance_increase,,next_open
20260809_000809_3032e9,2024-01-19,002165.SZ,buy,200,32.065033,6413.0066,6.4066,1.603252,0.0,rebalance_increase,,next_open
20260809_000809_3032e9,2024-01-19,002478.SZ,buy,400,13.972238,5588.8952,5.583312,1.397224,0.0,rebalance_increase,,next_open
20260809_000809_3032e9,2024-01-19,002443.SZ,buy,200,26.415109,5283.0218,5.277744,1.320755,0.0,rebalance_increase,,next_open
20260809_000809_3032e9,2024-01-19,002743.SZ,buy,600,11.958807,7175.2842,7.168116,1.793821,0.0,rebalance_increase,,next_open
20260809_000809_3032e9,2024-01-19,002249.SZ,buy,100,61.655181,6165.5181,6.159359,1.54138,0.0,rebalance_increase,,next_open
20260809_000809_3032e9,2024-01-19,600268.SH,buy,100,63.238976,6323.8976,6.31758,1.580974,0.0,rebalance_increase,,next_open
20260809_000809_3032e9,2024-01-19,605196.SH,buy,800,8.04764,6438.112,6.43168,1.609528,0.0,rebalance_increase,,next_open
20260809_000809_3032e9,2024-01-19,601218.SH,buy,600,9.362954,5617.7724,5.61216,1.404443,0.0,rebalance_increase,,next_open
20260809_000809_3032e9,2024-01-19,000019.SZ,buy,200,32.621829,6524.3658,6.517848,1.631091,0.0,rebalance_increase,,next_open
20260809_000809_3032e9,2024-01-19,603012.SH,buy,400,12.413681,4965.4724,4.960512,1.241368,0.0,rebalance_increase,,next_open
20260809_000809_3032e9,2024-01-19,002483.SZ,buy,200,15.865329,3173.0658,3.169896,0.793266,0.0,rebalance_increase,,next_open
20260809_000809_3032e9,2024-01-19,000725.SZ,buy,200,19.437418,3887.4836,3.8836,0.971871,0.0,rebalance_increase,,next_open
20260809_000809_3032e9,2024-01-19,000100.SZ,buy,200,15.557792,3111.5584,3.10845,0.77789,0.0,rebalance_increase,,next_open
20260809_000809_3032e9,2024-01-19,600909.SH,buy,900,5.54573,4991.157,4.986171,1.247789,0.0,rebalance_increase,,next_open
20260809_000809_3032e9,2024-01-19,601162.SH,buy,1600,3.411408,5458.2528,5.4528,1.364563,0.0,rebalance_increase,,next_open
20260809_000809_3032e9,2024-01-19,600425.SH,buy,500,23.620026,11810.013,11.798215,2.952503,0.0,rebalance_increase,,next_open
20260809_000809_3032e9,2024-01-19,000404.SZ,buy,200,21.34116,4268.232,4.263968,1.067058,0.0,rebalance_increase,,next_open
20260809_000809_3032e9,2024-01-19,002035.SZ,buy,100,101.887366,10188.7366,10.178558,2.547184,0.0,rebalance_increase,,next_open
20260809_000809_3032e9,2024-01-19,000027.SZ,buy,100,106.723046,10672.3046,10.661643,2.668076,0.0,rebalance_increase,,next_open
20260809_000809_3032e9,2024-01-19,600531.SH,buy,100,62.969977,6296.9977,6.290707,1.574249,0.0,rebalance_increase,,next_open
20260809_000809_3032e9,2024-01-19,002083.SZ,buy,900,12.877445,11589.7005,11.578122,2.897425,0.0,rebalance_increase,,next_open
20260809_000809_3032e9,2024-01-19,301276.SZ,buy,300,23.446823,7034.0469,7.02702,1.758512,0.0,rebalance_increase,,next_open
20260809_000809_3032e9,2024-01-19,000973.SZ,buy,300,18.817369,5645.2107,5.639571,1.411303,0.0,rebalance_increase,,next_open
20260809_000809_3032e9,2024-01-19,300599.SZ,buy,700,8.513025,5959.1175,5.953164,1.489779,0.0,rebalance_increase,,next_open
20260809_000809_3032e9,2024-01-19,002381.SZ,buy,100,49.720171,4972.0171,4.96705,1.243004,0.0,rebalance_increase,,next_open
20260809_000809_3032e9,2024-01-19,000680.SZ,buy,100,27.666639,2766.6639,2.7639,0.691666,0.0,rebalance_increase,,next_open
20260809_000809_3032e9,2024-01-19,000528.SZ,buy,100,84.603679,8460.3679,8.451916,2.115092,0.0,rebalance_increase,,next_open
20260809_000809_3032e9,2024-01-19,000630.SZ,buy,100,89.934144,8993.4144,8.98443,2.248354,0.0,rebalance_increase,,next_open
20260809_000809_3032e9,2024-01-23,301109.SZ,sell,1100,22.59762,24857.382,24.882264,6.214346,2.485738,target_exit,confirm,next_open
20260809_000809_3032e9,2024-01-23,603183.SH,sell,1100,20.097113,22106.8243,22.128953,5.526706,2.210682,target_exit,confirm,next_open
20260809_000809_3032e9,2024-01-23,600835.SH,sell,300,57.48246,17244.738,17.262,4.311185,1.724474,target_exit,confirm,next_open
20260809_000809_3032e9,2024-01-23,300983.SZ,sell,400,45.240914,18096.3656,18.11448,4.524091,1.809637,target_exit,confirm,next_open
20260809_000809_3032e9,2024-01-23,301090.SZ,sell,2100,9.604386,20169.2106,20.1894,5.042303,2.016921,target_exit,confirm,next_open
20260809_000809_3032e9,2024-01-23,301256.SZ,sell,3100,7.303629,22641.2499,22.663914,5.660312,2.264125,target_exit,confirm,next_open
20260809_000809_3032e9,2024-01-23,002165.SZ,sell,600,29.437783,17662.6698,17.68035,4.415667,1.766267,target_exit,confirm,next_open
20260809_000809_3032e9,2024-01-23,002478.SZ,sell,1300,12.875791,16738.5283,16.755284,4.184632,1.673853,target_exit,confirm,next_open
20260809_000809_3032e9,2024-01-23,002443.SZ,sell,500,24.230385,12115.1925,12.12732,3.028798,1.211519,target_exit,confirm,next_open
20260809_000809_3032e9,2024-01-23,002743.SZ,sell,1800,10.93857,19689.426,19.709136,4.922357,1.968943,target_exit,confirm,next_open
20260809_000809_3032e9,2024-01-23,002249.SZ,sell,300,56.718709,17015.6127,17.032645,4.253903,1.701561,target_exit,confirm,next_open
20260809_000809_3032e9,2024-01-23,600268.SH,sell,300,56.001343,16800.4029,16.81722,4.200101,1.68004,target_exit,confirm,next_open
20260809_000809_3032e9,2024-01-23,601218.SH,sell,2200,8.445306,18579.6732,18.598272,4.644918,1.857967,target_exit,confirm,next_open
20260809_000809_3032e9,2024-01-23,000019.SZ,sell,700,30.533356,21373.3492,21.394744,5.343337,2.137335,target_exit,confirm,next_open
20260809_000809_3032e9,2024-01-23,603012.SH,sell,1800,11.334964,20402.9352,20.423358,5.100734,2.040294,target_exit,confirm,next_open
20260809_000809_3032e9,2024-01-23,002483.SZ,sell,900,14.221245,12799.1205,12.811932,3.19978,1.279912,target_exit,confirm,next_open
20260809_000809_3032e9,2024-01-23,600909.SH,sell,3700,5.229206,19348.0622,19.367428,4.837016,1.934806,target_exit,confirm,next_open
20260809_000809_3032e9,2024-01-23,600425.SH,sell,900,21.884594,19696.1346,19.71585,4.924034,1.969613,target_exit,confirm,next_open
20260809_000809_3032e9,2024-01-23,000404.SZ,sell,900,19.556904,17601.2136,17.618832,4.400303,1.760121,target_exit,confirm,next_open
20260809_000809_3032e9,2024-01-23,002035.SZ,sell,200,95.052243,19010.4486,19.029478,4.752612,1.901045,target_exit,confirm,next_open
20260809_000809_3032e9,2024-01-23,600531.SH,sell,300,58.55183,17565.549,17.583132,4.391387,1.756555,target_exit,confirm,next_open
20260809_000809_3032e9,2024-01-23,002083.SZ,sell,2000,11.9185,23837.0,23.86086,5.95925,2.3837,target_exit,confirm,next_open
20260809_000809_3032e9,2024-01-23,301276.SZ,sell,700,21.860238,15302.1666,15.317484,3.825542,1.530217,target_exit,confirm,next_open
20260809_000809_3032e9,2024-01-23,000973.SZ,sell,900,17.047465,15342.7185,15.358077,3.83568,1.534272,target_exit,confirm,next_open
20260809_000809_3032e9,2024-01-23,300599.SZ,sell,2400,7.523189,18055.6536,18.073728,4.513913,1.805565,target_exit,confirm,next_open
20260809_000809_3032e9,2024-01-23,000630.SZ,sell,200,83.485891,16697.1782,16.713892,4.174295,1.669718,target_exit,confirm,next_open
20260809_000809_3032e9,2024-01-23,002627.SZ,buy,2300,16.679743,38363.4089,38.325084,9.590852,0.0,rebalance_increase,,next_open
20260809_000809_3032e9,2024-01-23,600938.SH,buy,1500,24.119332,36178.998,36.142856,9.044749,0.0,rebalance_increase,,next_open
20260809_000809_3032e9,2024-01-23,688459.SH,buy,4900,8.970081,43953.3969,43.909488,10.988349,0.0,rebalance_increase,,next_open
20260809_000809_3032e9,2024-01-23,601528.SH,buy,3200,6.649873,21279.5936,21.258336,5.319898,0.0,rebalance_increase,,next_open
20260809_000809_3032e9,2024-01-23,605196.SH,buy,4400,7.461254,32829.5176,32.79672,8.207379,0.0,rebalance_increase,,next_open
20260809_000809_3032e9,2024-01-23,000725.SZ,buy,1400,19.011392,26615.9488,26.58936,6.653987,0.0,rebalance_increase,,next_open
20260809_000809_3032e9,2024-01-23,000100.SZ,buy,1700,15.0453,25577.01,25.551459,6.394252,0.0,rebalance_increase,,next_open
20260809_000809_3032e9,2024-01-23,601162.SH,buy,9200,3.297694,30338.7848,30.30848,7.584696,0.0,rebalance_increase,,next_open
20260809_000809_3032e9,2024-01-23,000521.SZ,buy,700,35.636721,24945.7047,24.920784,6.236426,0.0,rebalance_increase,,next_open
20260809_000809_3032e9,2024-01-23,600863.SH,buy,400,78.509681,31403.8724,31.3725,7.850968,0.0,rebalance_increase,,next_open
20260809_000809_3032e9,2024-01-23,000027.SZ,buy,300,103.891257,31167.3771,31.136241,7.791844,0.0,rebalance_increase,,next_open
20260809_000809_3032e9,2024-01-23,002381.SZ,buy,600,45.420375,27252.225,27.225,6.813056,0.0,rebalance_increase,,next_open
20260809_000809_3032e9,2024-01-23,000680.SZ,buy,1600,25.55553,40888.848,40.848,10.222212,0.0,rebalance_increase,,next_open
20260809_000809_3032e9,2024-01-23,000528.SZ,buy,400,80.064585,32025.834,31.99384,8.006458,0.0,rebalance_increase,,next_open
20260809_000809_3032e9,2024-02-01,002627.SZ,sell,500,16.145019,8072.5095,8.08059,2.018127,0.807251,rebalance_reduce,confirm,next_open
20260809_000809_3032e9,2024-02-01,600938.SH,sell,100,26.752246,2675.2246,2.677903,0.668806,0.267522,rebalance_reduce,confirm,next_open
20260809_000809_3032e9,2024-02-01,688459.SH,sell,2600,8.942089,23249.4314,23.272704,5.812358,2.324943,rebalance_reduce,confirm,next_open
20260809_000809_3032e9,2024-02-01,000521.SZ,sell,200,39.956993,7991.3986,7.999398,1.99785,0.79914,rebalance_reduce,confirm,next_open
20260809_000809_3032e9,2024-02-01,000680.SZ,sell,800,29.995475,23996.38,24.0204,5.999095,2.399638,rebalance_reduce,confirm,next_open
20260809_000809_3032e9,2024-02-01,002381.SZ,sell,1000,41.461497,41461.497,41.503,10.365374,4.14615,target_exit,confirm,next_open
20260809_000809_3032e9,2024-02-01,601528.SH,buy,400,6.744678,2697.8712,2.695176,0.674468,0.0,rebalance_increase,,next_open
20260809_000809_3032e9,2024-02-01,605196.SH,buy,400,7.339933,2935.9732,2.93304,0.733993,0.0,rebalance_increase,,next_open
20260809_000809_3032e9,2024-02-01,000725.SZ,buy,600,19.064646,11438.7876,11.42736,2.859697,0.0,rebalance_increase,,next_open
20260809_000809_3032e9,2024-02-01,000100.SZ,buy,500,14.825661,7412.8305,7.405425,1.853208,0.0,rebalance_increase,,next_open
20260809_000809_3032e9,2024-02-01,601162.SH,buy,1400,3.331808,4664.5312,4.659872,1.166133,0.0,rebalance_increase,,next_open
20260809_000809_3032e9,2024-02-01,000554.SZ,buy,500,28.09843,14049.215,14.03518,3.512304,0.0,rebalance_increase,,next_open
20260809_000809_3032e9,2024-02-05,002627.SZ,sell,3000,15.041943,45125.829,45.171,11.281457,4.512583,target_exit,confirm,next_open
20260809_000809_3032e9,2024-02-05,688459.SH,sell,5900,8.247264,48658.8576,48.707568,12.164714,4.865886,target_exit,confirm,next_open
20260809_000809_3032e9,2024-02-05,000554.SZ,sell,800,24.800974,19840.7792,19.86064,4.960195,1.984078,target_exit,confirm,next_open
20260809_000809_3032e9,2024-02-05,600938.SH,buy,500,26.240231,13120.1155,13.107009,3.280029,0.0,rebalance_increase,,next_open
20260809_000809_3032e9,2024-02-05,601528.SH,buy,2200,6.500894,14301.9668,14.28768,3.575492,0.0,rebalance_increase,,next_open
20260809_000809_3032e9,2024-02-05,605196.SH,buy,2400,7.137731,17130.5544,17.11344,4.282639,0.0,rebalance_increase,,next_open
20260809_000809_3032e9,2024-02-05,000725.SZ,buy,300,19.330912,5799.2736,5.79348,1.449818,0.0,rebalance_increase,,next_open
20260809_000809_3032e9,2024-02-05,000100.SZ,buy,100,14.825661,1482.5661,1.481085,0.370642,0.0,rebalance_increase,,next_open
20260809_000809_3032e9,2024-02-05,601162.SH,buy,6900,3.252209,22440.2421,22.417824,5.610061,0.0,rebalance_increase,,next_open
20260809_000809_3032e9,2024-02-05,000521.SZ,buy,200,38.081313,7616.2626,7.608654,1.904066,0.0,rebalance_increase,,next_open
20260809_000809_3032e9,2024-02-05,000680.SZ,buy,200,31.555524,6311.1048,6.3048,1.577776,0.0,rebalance_increase,,next_open
20260809_000809_3032e9,2024-02-05,000528.SZ,buy,100,88.512344,8851.2344,8.842392,2.212809,0.0,rebalance_increase,,next_open
20260809_000809_3032e9,2024-02-06,605196.SH,sell,9800,6.447446,63184.9708,63.24822,15.796243,6.318497,target_exit,confirm,next_open
20260809_000809_3032e9,2024-02-06,600938.SH,buy,400,27.147504,10859.0016,10.848154,2.71475,0.0,rebalance_increase,,next_open
20260809_000809_3032e9,2024-02-06,601528.SH,buy,1400,6.311285,8835.799,8.826972,2.20895,0.0,rebalance_increase,,next_open
20260809_000809_3032e9,2024-02-06,000725.SZ,buy,100,19.277658,1927.7658,1.92584,0.481941,0.0,rebalance_increase,,next_open
20260809_000809_3032e9,2024-02-06,000100.SZ,buy,200,14.606021,2921.2042,2.918286,0.730301,0.0,rebalance_increase,,next_open
20260809_000809_3032e9,2024-02-06,601162.SH,buy,4600,3.081639,14175.5394,14.161376,3.543885,0.0,rebalance_increase,,next_open
20260809_000809_3032e9,2024-02-06,000521.SZ,buy,200,36.886179,7377.2358,7.369866,1.844309,0.0,rebalance_increase,,next_open
20260809_000809_3032e9,2024-02-06,000680.SZ,buy,100,30.61108,3061.108,3.05805,0.765277,0.0,rebalance_increase,,next_open
20260809_000809_3032e9,2024-04-02,600863.SH,sell,400,96.739614,38695.8456,38.73458,9.673961,3.869585,rebalance_reduce,confirm,next_open
20260809_000809_3032e9,2024-04-02,600938.SH,sell,3000,34.360467,103081.401,103.184586,25.77035,10.30814,target_exit,confirm,next_open
20260809_000809_3032e9,2024-04-02,601528.SH,sell,9100,6.785268,61745.9388,61.807746,15.436485,6.174594,target_exit,confirm,next_open
20260809_000809_3032e9,2024-04-02,000725.SZ,sell,3200,22.906271,73300.0672,73.37344,18.325017,7.330007,target_exit,confirm,next_open
20260809_000809_3032e9,2024-04-02,000100.SZ,sell,3400,18.668583,63473.1822,63.536718,15.868296,6.347318,target_exit,confirm,next_open
20260809_000809_3032e9,2024-04-02,601162.SH,sell,27300,3.370546,92015.9058,92.108016,23.003976,9.201591,target_exit,confirm,next_open
20260809_000809_3032e9,2024-04-02,000521.SZ,sell,1300,49.932687,64912.4931,64.977471,16.228123,6.491249,target_exit,confirm,next_open
20260809_000809_3032e9,2024-04-02,000027.SZ,sell,500,126.999264,63499.632,63.563195,15.874908,6.349963,target_exit,confirm,next_open
20260809_000809_3032e9,2024-04-02,000680.SZ,sell,1500,45.575379,68363.0685,68.4315,17.090767,6.836307,target_exit,confirm,next_open
20260809_000809_3032e9,2024-04-02,000528.SZ,sell,700,107.336436,75135.5052,75.210716,18.783876,7.513551,target_exit,confirm,next_open
20260809_000809_3032e9,2024-04-02,601860.SH,buy,5500,2.973701,16355.3555,16.339015,4.088839,0.0,target_weight_new,,next_open
20260809_000809_3032e9,2024-04-02,600033.SH,buy,400,27.535748,11014.2992,11.003296,2.753575,0.0,target_weight_new,,next_open
20260809_000809_3032e9,2024-04-02,600368.SH,buy,500,16.916259,8458.1295,8.44968,2.114532,0.0,target_weight_new,,next_open
20260809_000809_3032e9,2024-04-02,600035.SH,buy,700,14.773359,10341.3513,10.33102,2.585338,0.0,target_weight_new,,next_open
20260809_000809_3032e9,2024-04-02,601518.SH,buy,2000,3.904941,7809.882,7.80208,1.95247,0.0,target_weight_new,,next_open
20260809_000809_3032e9,2024-04-02,000828.SZ,buy,200,40.397557,8079.5114,8.07144,2.019878,0.0,target_weight_new,,next_open
20260809_000809_3032e9,2024-04-02,002818.SZ,buy,400,32.374002,12949.6008,12.936664,3.2374,0.0,target_weight_new,,next_open
20260809_000809_3032e9,2024-04-02,600941.SH,buy,100,115.999884,11599.9884,11.5884,2.899997,0.0,target_weight_new,,next_open
20260809_000809_3032e9,2024-04-02,000544.SZ,buy,300,28.495947,8548.7841,8.540244,2.137196,0.0,target_weight_new,,next_open
20260809_000809_3032e9,2024-04-02,000885.SZ,buy,300,27.21687,8165.061,8.156904,2.041265,0.0,target_weight_new,,next_open
20260809_000809_3032e9,2024-04-02,000937.SZ,buy,100,83.402079,8340.2079,8.331876,2.085052,0.0,target_weight_new,,next_open
20260809_000809_3032e9,2024-04-02,000589.SZ,buy,200,37.320243,7464.0486,7.456592,1.866012,0.0,target_weight_new,,next_open
20260809_000809_3032e9,2024-04-02,000030.SZ,buy,300,21.377546,6413.2638,6.406857,1.603316,0.0,target_weight_new,,next_open
20260809_000809_3032e9,2024-04-02,300304.SZ,buy,100,52.63265,5263.265,5.258007,1.315816,0.0,target_weight_new,,next_open
20260809_000809_3032e9,2024-04-02,001289.SZ,buy,600,18.779521,11267.7126,11.256456,2.816928,0.0,target_weight_new,,next_open
20260809_000809_3032e9,2024-04-02,301301.SZ,buy,800,9.655686,7724.5488,7.716832,1.931137,0.0,target_weight_new,,next_open
20260809_000809_3032e9,2024-04-02,002588.SZ,buy,100,62.726824,6272.6824,6.266416,1.568171,0.0,target_weight_new,,next_open
20260809_000809_3032e9,2024-04-02,600777.SH,buy,100,79.723794,7972.3794,7.964415,1.993095,0.0,target_weight_new,,next_open
20260809_000809_3032e9,2024-04-02,002833.SZ,buy,100,71.559928,7155.9928,7.148844,1.788998,0.0,target_weight_new,,next_open
20260809_000809_3032e9,2024-04-02,601717.SH,buy,200,40.312572,8062.5144,8.05446,2.015629,0.0,target_weight_new,,next_open
20260809_000809_3032e9,2024-04-02,301286.SZ,buy,300,30.542072,9162.6216,9.153468,2.290655,0.0,target_weight_new,,next_open
20260809_000809_3032e9,2024-04-02,600729.SH,buy,100,111.605494,11160.5494,11.1494,2.790137,0.0,target_weight_new,,next_open
20260809_000809_3032e9,2024-04-02,002154.SZ,buy,100,84.200456,8420.0456,8.411634,2.105011,0.0,target_weight_new,,next_open
20260809_000809_3032e9,2024-04-02,600685.SH,buy,100,54.094781,5409.4781,5.404074,1.35237,0.0,target_weight_new,,next_open
20260809_000809_3032e9,2024-04-02,601099.SH,buy,1000,9.135526,9135.526,9.1264,2.283882,0.0,target_weight_new,,next_open
20260809_000809_3032e9,2024-04-02,000415.SZ,buy,100,49.418209,4941.8209,4.936884,1.235455,0.0,target_weight_new,,next_open
20260809_000809_3032e9,2024-04-02,601899.SH,buy,300,35.471106,10641.3318,10.630701,2.660333,0.0,target_weight_new,,next_open
20260809_000809_3032e9,2024-04-02,600362.SH,buy,200,40.035005,8007.001,7.999002,2.00175,0.0,target_weight_new,,next_open
20260809_000809_3032e9,2024-04-02,000888.SZ,buy,100,66.021676,6602.1676,6.595572,1.650542,0.0,target_weight_new,,next_open
20260809_000809_3032e9,2024-04-02,605090.SH,buy,200,40.410901,8082.1802,8.074106,2.020545,0.0,target_weight_new,,next_open
20260809_000809_3032e9,2024-04-17,000544.SZ,sell,300,26.379904,7913.9712,7.921893,1.978493,0.791397,target_exit,confirm,next_open
20260809_000809_3032e9,2024-04-17,601860.SH,buy,3900,2.950738,11507.8782,11.496381,2.87697,0.0,rebalance_increase,,next_open
20260809_000809_3032e9,2024-04-17,600033.SH,buy,300,28.195287,8458.5861,8.450136,2.114647,0.0,rebalance_increase,,next_open
20260809_000809_3032e9,2024-04-17,600368.SH,buy,300,17.786949,5336.0847,5.330754,1.334021,0.0,rebalance_increase,,next_open
20260809_000809_3032e9,2024-04-17,600035.SH,buy,300,15.213849,4564.1547,4.559595,1.141039,0.0,rebalance_increase,,next_open
20260809_000809_3032e9,2024-04-17,601518.SH,buy,500,4.211527,2105.7635,2.10366,0.526441,0.0,rebalance_increase,,next_open
20260809_000809_3032e9,2024-04-17,000828.SZ,buy,100,37.688451,3768.8451,3.76508,0.942211,0.0,rebalance_increase,,next_open
20260809_000809_3032e9,2024-04-17,002818.SZ,buy,200,32.843871,6568.7742,6.562212,1.642194,0.0,rebalance_increase,,next_open
20260809_000809_3032e9,2024-04-17,600941.SH,buy,100,116.555439,11655.5439,11.6439,2.913886,0.0,rebalance_increase,,next_open
20260809_000809_3032e9,2024-04-17,000885.SZ,buy,200,27.322525,5464.505,5.459046,1.366126,0.0,rebalance_increase,,next_open
20260809_000809_3032e9,2024-04-17,000937.SZ,buy,100,91.234814,9123.4814,9.114367,2.28087,0.0,rebalance_increase,,next_open
20260809_000809_3032e9,2024-04-17,000589.SZ,buy,100,39.864805,3986.4805,3.982498,0.99662,0.0,rebalance_increase,,next_open
20260809_000809_3032e9,2024-04-17,000030.SZ,buy,300,20.393313,6117.9939,6.111882,1.529498,0.0,rebalance_increase,,next_open
20260809_000809_3032e9,2024-04-17,300304.SZ,buy,100,50.598538,5059.8538,5.054799,1.264963,0.0,rebalance_increase,,next_open
20260809_000809_3032e9,2024-04-17,001289.SZ,buy,600,18.414476,11048.6856,11.037648,2.762171,0.0,rebalance_increase,,next_open
20260809_000809_3032e9,2024-04-17,301301.SZ,buy,500,9.463784,4731.892,4.727165,1.182973,0.0,rebalance_increase,,next_open
20260809_000809_3032e9,2024-04-17,002588.SZ,buy,100,62.139678,6213.9678,6.20776,1.553492,0.0,rebalance_increase,,next_open
20260809_000809_3032e9,2024-04-17,002833.SZ,buy,100,73.708875,7370.8875,7.363524,1.842722,0.0,rebalance_increase,,next_open
20260809_000809_3032e9,2024-04-17,601717.SH,buy,100,42.768426,4276.8426,4.27257,1.069211,0.0,rebalance_increase,,next_open
20260809_000809_3032e9,2024-04-17,301286.SZ,buy,300,29.034566,8710.3698,8.701668,2.177592,0.0,rebalance_increase,,next_open
20260809_000809_3032e9,2024-04-17,002154.SZ,buy,100,81.365424,8136.5424,8.128414,2.034136,0.0,rebalance_increase,,next_open
20260809_000809_3032e9,2024-04-17,600685.SH,buy,100,52.244332,5224.4332,5.219214,1.306108,0.0,rebalance_increase,,next_open
20260809_000809_3032e9,2024-04-17,601099.SH,buy,800,8.47891,6783.128,6.776352,1.695782,0.0,rebalance_increase,,next_open
20260809_000809_3032e9,2024-04-17,000415.SZ,buy,100,47.324217,4732.4217,4.727694,1.183105,0.0,rebalance_increase,,next_open
20260809_000809_3032e9,2024-04-17,601899.SH,buy,200,37.480089,7496.0178,7.488529,1.874004,0.0,rebalance_increase,,next_open
20260809_000809_3032e9,2024-04-17,600362.SH,buy,200,42.888546,8577.7092,8.56914,2.144427,0.0,rebalance_increase,,next_open
20260809_000809_3032e9,2024-04-17,605090.SH,buy,200,39.70988,7941.976,7.934042,1.985494,0.0,rebalance_increase,,next_open
20260809_000809_3032e9,2024-04-23,600777.SH,sell,100,70.41916,7041.916,7.048965,1.760479,0.704192,target_exit,confirm,next_open
20260809_000809_3032e9,2024-04-23,601860.SH,buy,200,3.008145,601.629,0.601028,0.150407,0.0,rebalance_increase,,next_open
20260809_000809_3032e9,2024-04-23,601518.SH,buy,200,4.066302,813.2604,0.812448,0.203315,0.0,rebalance_increase,,next_open
20260809_000809_3032e9,2024-04-23,301301.SZ,buy,100,9.483985,948.3985,0.947451,0.2371,0.0,rebalance_increase,,next_open
20260809_000809_3032e9,2024-06-04,301301.SZ,sell,700,13.591368,9513.9576,9.523481,2.378489,0.951396,rebalance_reduce,confirm,next_open
20260809_000809_3032e9,2024-06-04,601099.SH,sell,100,9.031799,903.1799,0.904084,0.225795,0.090318,rebalance_reduce,confirm,next_open
20260809_000809_3032e9,2024-06-04,000885.SZ,sell,500,24.842712,12421.356,12.43379,3.105339,1.242136,target_exit,confirm,next_open
20260809_000809_3032e9,2024-06-04,601860.SH,buy,5300,3.019627,16004.0231,15.988033,4.001006,0.0,rebalance_increase,,next_open
20260809_000809_3032e9,2024-06-04,600033.SH,buy,200,27.865518,5573.1036,5.567536,1.393276,0.0,rebalance_increase,,next_open
20260809_000809_3032e9,2024-06-04,600368.SH,buy,100,19.86002,1986.002,1.984018,0.496501,0.0,rebalance_increase,,next_open
20260809_000809_3032e9,2024-06-04,600035.SH,buy,200,15.010546,3002.1092,2.99911,0.750527,0.0,rebalance_increase,,next_open
20260809_000809_3032e9,2024-06-04,601518.SH,buy,1200,4.03403,4840.836,4.836,1.210209,0.0,rebalance_increase,,next_open
20260809_000809_3032e9,2024-06-04,000828.SZ,buy,100,38.771889,3877.1889,3.873316,0.969297,0.0,rebalance_increase,,next_open
20260809_000809_3032e9,2024-06-04,002818.SZ,buy,300,32.620724,9786.2172,9.776441,2.446554,0.0,rebalance_increase,,next_open
20260809_000809_3032e9,2024-06-04,000589.SZ,buy,100,39.104775,3910.4775,3.906571,0.977619,0.0,rebalance_increase,,next_open
20260809_000809_3032e9,2024-06-04,000030.SZ,buy,500,21.968086,10984.043,10.97307,2.746011,0.0,rebalance_increase,,next_open
20260809_000809_3032e9,2024-06-04,001289.SZ,buy,300,18.586858,5576.0574,5.570487,1.394014,0.0,rebalance_increase,,next_open
20260809_000809_3032e9,2024-06-04,002588.SZ,buy,100,70.066156,7006.6156,6.999616,1.751654,0.0,rebalance_increase,,next_open
20260809_000809_3032e9,2024-06-04,601717.SH,buy,100,42.063021,4206.3021,4.2021,1.051576,0.0,rebalance_increase,,next_open
20260809_000809_3032e9,2024-06-04,301286.SZ,buy,100,30.02952,3002.952,2.999952,0.750738,0.0,rebalance_increase,,next_open
20260809_000809_3032e9,2024-06-04,600729.SH,buy,100,112.231319,11223.1319,11.21192,2.805783,0.0,rebalance_increase,,next_open
20260809_000809_3032e9,2024-06-04,600685.SH,buy,100,57.09662,5709.662,5.703958,1.427416,0.0,rebalance_increase,,next_open
20260809_000809_3032e9,2024-06-04,000415.SZ,buy,100,52.977995,5297.7995,5.292507,1.32445,0.0,rebalance_increase,,next_open
20260809_000809_3032e9,2024-06-04,605090.SH,buy,200,37.971934,7594.3868,7.5868,1.898597,0.0,rebalance_increase,,next_open
20260809_000809_3032e9,2024-06-21,601860.SH,sell,300,2.977769,893.3307,0.894225,0.223333,0.089333,rebalance_reduce,confirm,next_open
20260809_000809_3032e9,2024-06-21,605090.SH,sell,100,43.388432,4338.8432,4.343186,1.084711,0.433884,rebalance_reduce,confirm,next_open
20260809_000809_3032e9,2024-06-21,600729.SH,sell,200,102.013884,20402.7768,20.4232,5.100694,2.040278,target_exit,confirm,next_open
20260809_000809_3032e9,2024-06-21,601518.SH,buy,100,3.872669,387.2669,0.38688,0.096817,0.0,rebalance_increase,,next_open
20260809_000809_3032e9,2024-06-21,600941.SH,buy,100,115.076266,11507.6266,11.49613,2.876907,0.0,rebalance_increase,,next_open
20260809_000809_3032e9,2024-06-21,000937.SZ,buy,100,84.090396,8409.0396,8.400639,2.10226,0.0,rebalance_increase,,next_open
20260809_000809_3032e9,2024-06-21,001289.SZ,buy,200,17.95817,3591.634,3.588046,0.897908,0.0,rebalance_increase,,next_open
20260809_000809_3032e9,2024-06-21,002833.SZ,buy,100,68.120743,6812.0743,6.805269,1.703019,0.0,rebalance_increase,,next_open
20260809_000809_3032e9,2024-06-21,601717.SH,buy,100,39.972933,3997.2933,3.9933,0.999323,0.0,rebalance_increase,,next_open
20260809_000809_3032e9,2024-06-25,002818.SZ,sell,900,29.948383,26953.5447,26.980525,6.738386,2.695354,target_exit,confirm,next_open
20260809_000809_3032e9,2024-06-25,000589.SZ,sell,400,34.443714,13777.4856,13.791277,3.444371,1.377749,target_exit,confirm,next_open
20260809_000809_3032e9,2024-06-25,600863.SH,buy,100,94.00091,9400.091,9.3907,2.350023,0.0,rebalance_increase,,next_open
20260809_000809_3032e9,2024-06-25,601860.SH,buy,1200,2.91261,3495.132,3.49164,0.873783,0.0,rebalance_increase,,next_open
20260809_000809_3032e9,2024-06-25,000828.SZ,buy,100,36.466092,3646.6092,3.642966,0.911652,0.0,rebalance_increase,,next_open
20260809_000809_3032e9,2024-06-25,000030.SZ,buy,100,20.592254,2059.2254,2.057168,0.514806,0.0,rebalance_increase,,next_open
20260809_000809_3032e9,2024-06-25,001289.SZ,buy,100,17.346337,1734.6337,1.732901,0.433658,0.0,rebalance_increase,,next_open
20260809_000809_3032e9,2024-06-25,301286.SZ,buy,100,27.82752,2782.752,2.779972,0.695688,0.0,rebalance_increase,,next_open
20260809_000809_3032e9,2024-06-25,601099.SH,buy,100,8.819946,881.9946,0.881114,0.220499,0.0,rebalance_increase,,next_open
20260809_000809_3032e9,2024-06-28,000937.SZ,sell,300,78.924077,23677.2231,23.700924,5.919306,2.367722,target_exit,confirm,next_open
20260809_000809_3032e9,2024-06-28,601860.SH,buy,500,2.959116,1479.558,1.47808,0.369889,0.0,rebalance_increase,,next_open
20260809_000809_3032e9,2024-06-28,600941.SH,buy,100,118.451233,11845.1233,11.83329,2.961281,0.0,rebalance_increase,,next_open
20260809_000809_3032e9,2024-06-28,001289.SZ,buy,200,17.1571,3431.42,3.427992,0.857855,0.0,rebalance_increase,,next_open
20260809_000809_3032e9,2024-06-28,301286.SZ,buy,100,27.745618,2774.5618,2.77179,0.69364,0.0,rebalance_increase,,next_open
20260809_000809_3032e9,2024-06-28,002154.SZ,buy,100,79.46947,7946.947,7.939008,1.986737,0.0,rebalance_increase,,next_open
20260809_000809_3032e9,2024-06-28,600685.SH,buy,100,53.868615,5386.8615,5.38148,1.346715,0.0,rebalance_increase,,next_open
20260809_000809_3032e9,2024-06-28,601099.SH,buy,200,8.764396,1752.8792,1.751128,0.43822,0.0,rebalance_increase,,next_open
20260809_000809_3032e9,2024-07-02,600941.SH,sell,200,121.080718,24216.1436,24.240384,6.054036,2.421614,rebalance_reduce,confirm,next_open
20260809_000809_3032e9,2024-07-02,601860.SH,sell,12200,3.024652,36900.7544,36.937696,9.225189,3.690075,rebalance_reduce,confirm,next_open
20260809_000809_3032e9,2024-07-02,600033.SH,sell,200,29.244404,5848.8808,5.854736,1.46222,0.584888,rebalance_reduce,confirm,next_open
20260809_000809_3032e9,2024-07-02,600368.SH,sell,200,20.117183,4023.4366,4.027464,1.005859,0.402344,rebalance_reduce,confirm,next_open
20260809_000809_3032e9,2024-07-02,601099.SH,sell,900,8.718393,7846.5537,7.854408,1.961638,0.784655,rebalance_reduce,confirm,next_open
20260809_000809_3032e9,2024-07-02,600863.SH,sell,100,99.037963,9903.7963,9.91371,2.475949,0.99038,rebalance_reduce,confirm,next_open
20260809_000809_3032e9,2024-07-02,600035.SH,sell,1200,15.379255,18455.106,18.47358,4.613777,1.845511,target_exit,confirm,next_open
20260809_000809_3032e9,2024-07-02,601518.SH,sell,4000,4.02597,16103.88,16.12,4.02597,1.610388,target_exit,confirm,next_open
20260809_000809_3032e9,2024-07-02,000828.SZ,sell,500,38.203358,19101.679,19.1208,4.77542,1.910168,target_exit,confirm,next_open
20260809_000809_3032e9,2024-07-02,000030.SZ,sell,1200,21.27918,25535.016,25.560576,6.383754,2.553502,target_exit,confirm,next_open
20260809_000809_3032e9,2024-07-02,300304.SZ,sell,200,54.633312,10926.6624,10.9376,2.731666,1.092666,target_exit,confirm,next_open
20260809_000809_3032e9,2024-07-02,001289.SZ,sell,2000,18.377684,36755.368,36.79216,9.188842,3.675537,target_exit,confirm,next_open
20260809_000809_3032e9,2024-07-02,301301.SZ,sell,700,13.400986,9380.6902,9.39008,2.345173,0.938069,target_exit,confirm,next_open
20260809_000809_3032e9,2024-07-02,002588.SZ,sell,300,76.041203,22812.3609,22.835196,5.70309,2.281236,target_exit,confirm,next_open
20260809_000809_3032e9,2024-07-02,002833.SZ,sell,300,68.14149,20442.447,20.46291,5.110612,2.044245,target_exit,confirm,next_open
20260809_000809_3032e9,2024-07-02,601717.SH,sell,500,41.676991,20838.4955,20.859355,5.209624,2.08385,target_exit,confirm,next_open
20260809_000809_3032e9,2024-07-02,301286.SZ,sell,900,27.238384,24514.5456,24.539085,6.128636,2.451455,target_exit,confirm,next_open
20260809_000809_3032e9,2024-07-02,002154.SZ,sell,300,81.969149,24590.7447,24.61536,6.147686,2.459074,target_exit,confirm,next_open
20260809_000809_3032e9,2024-07-02,600685.SH,sell,400,57.557085,23022.834,23.04588,5.755708,2.302283,target_exit,confirm,next_open
20260809_000809_3032e9,2024-07-02,000415.SZ,sell,300,53.290107,15987.0321,16.003035,3.996758,1.598703,target_exit,confirm,next_open
20260809_000809_3032e9,2024-07-02,601899.SH,sell,500,38.200961,19100.4805,19.1196,4.77512,1.910048,target_exit,confirm,next_open
20260809_000809_3032e9,2024-07-02,600362.SH,sell,400,41.233985,16493.594,16.510104,4.123399,1.649359,target_exit,confirm,next_open
20260809_000809_3032e9,2024-07-02,000888.SZ,sell,100,72.970157,7297.0157,7.30432,1.824254,0.729702,target_exit,confirm,next_open
20260809_000809_3032e9,2024-07-02,605090.SH,sell,500,43.808558,21904.279,21.926205,5.47607,2.190428,target_exit,confirm,next_open
20260809_000809_3032e9,2024-07-02,002839.SZ,buy,1700,6.113868,10393.5756,10.383192,2.598394,0.0,target_weight_new,,next_open
20260809_000809_3032e9,2024-07-02,002807.SZ,buy,1500,5.94604,8919.06,8.91015,2.229765,0.0,target_weight_new,,next_open
20260809_000809_3032e9,2024-07-02,600908.SH,buy,1400,6.706119,9388.5666,9.379188,2.347142,0.0,target_weight_new,,next_open
20260809_000809_3032e9,2024-07-02,601187.SH,buy,1500,6.415119,9622.6785,9.613065,2.40567,0.0,target_weight_new,,next_open
20260809_000809_3032e9,2024-07-02,601528.SH,buy,1400,6.73633,9430.862,9.42144,2.357715,0.0,target_weight_new,,next_open
20260809_000809_3032e9,2024-07-02,002948.SZ,buy,1700,4.7347,8048.99,8.040949,2.012247,0.0,target_weight_new,,next_open
20260809_000809_3032e9,2024-07-02,601077.SH,buy,1300,6.803895,8845.0635,8.836227,2.211266,0.0,target_weight_new,,next_open
20260809_000809_3032e9,2024-07-02,601128.SH,buy,800,10.626416,8501.1328,8.49264,2.125283,0.0,target_weight_new,,next_open
20260809_000809_3032e9,2024-07-02,603323.SH,buy,800,8.656007,6924.8056,6.917888,1.731201,0.0,target_weight_new,,next_open
20260809_000809_3032e9,2024-07-02,002966.SZ,buy,600,10.096887,6058.1322,6.05208,1.514533,0.0,target_weight_new,,next_open
20260809_000809_3032e9,2024-07-02,300849.SZ,buy,900,19.776797,17799.1173,17.781336,4.449779,0.0,target_weight_new,,next_open
20260809_000809_3032e9,2024-07-02,000725.SZ,buy,600,22.047515,13228.509,13.215294,3.307127,0.0,target_weight_new,,next_open
20260809_000809_3032e9,2024-07-02,000100.SZ,buy,600,16.182666,9709.5996,9.6999,2.4274,0.0,target_weight_new,,next_open
20260809_000809_3032e9,2024-07-02,601198.SH,buy,1400,8.91937,12487.118,12.474644,3.12178,0.0,target_weight_new,,next_open
20260809_000809_3032e9,2024-07-02,600864.SH,buy,200,50.700109,10140.0218,10.129892,2.535005,0.0,target_weight_new,,next_open
20260809_000809_3032e9,2024-07-02,002673.SZ,buy,600,16.353337,9812.0022,9.8022,2.453001,0.0,target_weight_new,,next_open
20260809_000809_3032e9,2024-07-02,600155.SH,buy,600,17.470493,10482.2958,10.471824,2.620574,0.0,target_weight_new,,next_open
20260809_000809_3032e9,2024-07-02,601901.SH,buy,1100,8.164286,8980.7146,8.971743,2.245179,0.0,target_weight_new,,next_open
20260809_000809_3032e9,2024-07-02,000937.SZ,buy,100,83.853249,8385.3249,8.376948,2.096331,0.0,target_weight_new,,next_open
20260809_000809_3032e9,2024-07-02,000589.SZ,buy,200,35.051947,7010.3894,7.003386,1.752597,0.0,target_weight_new,,next_open
20260809_000809_3032e9,2024-07-02,001380.SZ,buy,300,28.529161,8558.7483,8.550198,2.139687,0.0,target_weight_new,,next_open
20260809_000809_3032e9,2024-07-02,605368.SH,buy,500,24.043399,12021.6995,12.00969,3.005425,0.0,target_weight_new,,next_open
20260809_000809_3032e9,2024-07-02,600938.SH,buy,300,40.34078,12102.234,12.090144,3.025559,0.0,target_weight_new,,next_open
20260809_000809_3032e9,2024-07-02,301109.SZ,buy,500,25.889864,12944.932,12.932,3.236233,0.0,target_weight_new,,next_open
20260809_000809_3032e9,2024-07-02,601766.SH,buy,1000,10.399589,10399.589,10.3892,2.599897,0.0,target_weight_new,,next_open
20260809_000809_3032e9,2024-07-02,600875.SH,buy,200,58.273295,11654.659,11.643016,2.913665,0.0,target_weight_new,,next_open
20260809_000809_3032e9,2024-07-02,603050.SH,buy,100,51.215915,5121.5915,5.116475,1.280398,0.0,target_weight_new,,next_open
20260809_000809_3032e9,2024-07-02,600560.SH,buy,100,63.297504,6329.7504,6.323427,1.582438,0.0,target_weight_new,,next_open
20260809_000809_3032e9,2024-07-02,601117.SH,buy,1100,10.202993,11223.2923,11.21208,2.805823,0.0,target_weight_new,,next_open
20260809_000809_3032e9,2024-07-02,002215.SZ,buy,100,66.152086,6615.2086,6.6086,1.653802,0.0,target_weight_new,,next_open
20260809_000809_3032e9,2024-07-02,600210.SH,buy,100,49.201512,4920.1512,4.915236,1.230038,0.0,target_weight_new,,next_open
20260809_000809_3032e9,2024-07-02,002039.SZ,buy,100,69.55939,6955.939,6.94899,1.738985,0.0,target_weight_new,,next_open
20260809_000809_3032e9,2024-07-02,603167.SH,buy,800,11.827065,9461.652,9.4522,2.365413,0.0,target_weight_new,,next_open
20260809_000809_3032e9,2024-07-02,002026.SZ,buy,200,32.052,6410.4,6.403996,1.6026,0.0,target_weight_new,,next_open
20260809_000809_3032e9,2024-07-02,300194.SZ,buy,300,25.026221,7507.8663,7.500366,1.876967,0.0,target_weight_new,,next_open
20260809_000809_3032e9,2024-07-02,603368.SH,buy,200,55.091817,11018.3634,11.007356,2.754591,0.0,target_weight_new,,next_open
20260809_000809_3032e9,2024-07-02,300193.SZ,buy,400,22.44286,8977.144,8.968176,2.244286,0.0,target_weight_new,,next_open
20260809_000809_3032e9,2024-07-02,300441.SZ,buy,200,41.616805,8323.361,8.315046,2.08084,0.0,target_weight_new,,next_open
20260809_000809_3032e9,2024-07-09,001380.SZ,sell,300,25.583051,7674.9153,7.682598,1.918729,0.767492,target_exit,confirm,next_open
20260809_000809_3032e9,2024-07-09,600560.SH,sell,100,57.778953,5777.8953,5.783679,1.444474,0.57779,target_exit,confirm,next_open
20260809_000809_3032e9,2024-07-09,300441.SZ,sell,200,37.751501,7550.3002,7.557858,1.887575,0.75503,target_exit,confirm,next_open
20260809_000809_3032e9,2024-07-09,601860.SH,buy,300,2.98298,894.894,0.894,0.223724,0.0,rebalance_increase,,next_open
20260809_000809_3032e9,2024-07-09,002839.SZ,buy,200,5.904078,1180.8156,1.179636,0.295204,0.0,rebalance_increase,,next_open
20260809_000809_3032e9,2024-07-09,002807.SZ,buy,300,5.728122,1718.4366,1.71672,0.429609,0.0,rebalance_increase,,next_open
20260809_000809_3032e9,2024-07-09,600908.SH,buy,100,6.441145,644.1145,0.643471,0.161029,0.0,rebalance_increase,,next_open
20260809_000809_3032e9,2024-07-09,601187.SH,buy,200,6.188983,1237.7966,1.23656,0.309449,0.0,rebalance_increase,,next_open
20260809_000809_3032e9,2024-07-09,601528.SH,buy,100,6.511785,651.1785,0.650528,0.162795,0.0,rebalance_increase,,next_open
20260809_000809_3032e9,2024-07-09,002948.SZ,buy,300,4.513839,1354.1517,1.352799,0.338538,0.0,rebalance_increase,,next_open
20260809_000809_3032e9,2024-07-09,601077.SH,buy,100,6.884574,688.4574,0.68777,0.172114,0.0,rebalance_increase,,next_open
20260809_000809_3032e9,2024-07-09,603323.SH,buy,200,8.372204,1674.4408,1.672768,0.41861,0.0,rebalance_increase,,next_open
20260809_000809_3032e9,2024-07-09,002966.SZ,buy,100,9.749179,974.9179,0.973944,0.243729,0.0,rebalance_increase,,next_open
20260809_000809_3032e9,2024-07-09,600368.SH,buy,200,19.716857,3943.3714,3.939432,0.985843,0.0,rebalance_increase,,next_open
20260809_000809_3032e9,2024-07-09,601099.SH,buy,200,8.593105,1718.621,1.716904,0.429655,0.0,rebalance_increase,,next_open
20260809_000809_3032e9,2024-07-09,601198.SH,buy,500,8.717929,4358.9645,4.35461,1.089741,0.0,rebalance_increase,,next_open
20260809_000809_3032e9,2024-07-09,600864.SH,buy,100,48.68904,4868.904,4.86404,1.217226,0.0,rebalance_increase,,next_open
20260809_000809_3032e9,2024-07-09,002673.SZ,buy,300,15.693928,4708.1784,4.703475,1.177045,0.0,rebalance_increase,,next_open
20260809_000809_3032e9,2024-07-09,600155.SH,buy,200,16.569353,3313.8706,3.31056,0.828468,0.0,rebalance_increase,,next_open
20260809_000809_3032e9,2024-07-09,601901.SH,buy,500,7.766028,3883.014,3.879135,0.970754,0.0,rebalance_increase,,next_open
20260809_000809_3032e9,2024-07-09,300849.SZ,buy,400,19.363824,7745.5296,7.737792,1.936382,0.0,rebalance_increase,,next_open
20260809_000809_3032e9,2024-07-09,000725.SZ,buy,400,21.564723,8625.8892,8.617272,2.156472,0.0,rebalance_increase,,next_open
20260809_000809_3032e9,2024-07-09,000100.SZ,buy,400,15.175911,6070.3644,6.0643,1.517591,0.0,rebalance_increase,,next_open
20260809_000809_3032e9,2024-07-09,000937.SZ,buy,100,77.650733,7765.0733,7.757316,1.941268,0.0,rebalance_increase,,next_open
20260809_000809_3032e9,2024-07-09,000589.SZ,buy,100,33.295973,3329.5973,3.326271,0.832399,0.0,rebalance_increase,,next_open
20260809_000809_3032e9,2024-07-09,605368.SH,buy,200,24.060747,4812.1494,4.807342,1.203037,0.0,rebalance_increase,,next_open
20260809_000809_3032e9,2024-07-09,301109.SZ,buy,200,24.820316,4964.0632,4.959104,1.241016,0.0,rebalance_increase,,next_open
20260809_000809_3032e9,2024-07-09,601766.SH,buy,200,10.577477,2115.4954,2.113382,0.528874,0.0,rebalance_increase,,next_open
20260809_000809_3032e9,2024-07-09,601117.SH,buy,400,9.607198,3842.8792,3.83904,0.96072,0.0,rebalance_increase,,next_open
20260809_000809_3032e9,2024-07-09,002215.SZ,buy,100,61.822761,6182.2761,6.1761,1.545569,0.0,rebalance_increase,,next_open
20260809_000809_3032e9,2024-07-09,002039.SZ,buy,100,67.24696,6724.696,6.717978,1.681174,0.0,rebalance_increase,,next_open
20260809_000809_3032e9,2024-07-09,603167.SH,buy,500,11.472961,5736.4805,5.73075,1.43412,0.0,rebalance_increase,,next_open
20260809_000809_3032e9,2024-07-09,002026.SZ,buy,100,29.757107,2975.7107,2.972738,0.743928,0.0,rebalance_increase,,next_open
20260809_000809_3032e9,2024-07-09,300194.SZ,buy,200,24.303679,4860.7358,4.85588,1.215184,0.0,rebalance_increase,,next_open
20260809_000809_3032e9,2024-07-09,603368.SH,buy,100,52.609927,5260.9927,5.255737,1.315248,0.0,rebalance_increase,,next_open
20260809_000809_3032e9,2024-07-09,300193.SZ,buy,200,20.983162,4196.6324,4.19244,1.049158,0.0,rebalance_increase,,next_open
20260809_000809_3032e9,2024-07-11,601860.SH,sell,100,3.03656,303.656,0.30396,0.075914,0.030366,rebalance_reduce,confirm,next_open
20260809_000809_3032e9,2024-07-11,000937.SZ,sell,200,73.448198,14689.6396,14.704344,3.67241,1.468964,target_exit,confirm,next_open
20260809_000809_3032e9,2024-07-11,600875.SH,sell,200,52.740926,10548.1852,10.558744,2.637046,1.054819,target_exit,confirm,next_open
20260809_000809_3032e9,2024-07-11,601077.SH,buy,100,6.951806,695.1806,0.694486,0.173795,0.0,rebalance_increase,,next_open
20260809_000809_3032e9,2024-07-11,601099.SH,buy,100,8.764396,876.4396,0.875564,0.21911,0.0,rebalance_increase,,next_open
20260809_000809_3032e9,2024-07-11,601901.SH,buy,100,8.059481,805.9481,0.805143,0.201487,0.0,rebalance_increase,,next_open
20260809_000809_3032e9,2024-07-11,605368.SH,buy,100,23.401548,2340.1548,2.337817,0.585039,0.0,rebalance_increase,,next_open
20260809_000809_3032e9,2024-07-11,600938.SH,buy,100,40.058018,4005.8018,4.0018,1.00145,0.0,rebalance_increase,,next_open
20260809_000809_3032e9,2024-07-11,601766.SH,buy,200,10.495375,2099.075,2.096978,0.524769,0.0,rebalance_increase,,next_open
20260809_000809_3032e9,2024-07-11,603050.SH,buy,100,50.675615,5067.5615,5.062499,1.26689,0.0,rebalance_increase,,next_open
20260809_000809_3032e9,2024-07-11,601117.SH,buy,100,9.545136,954.5136,0.95356,0.238628,0.0,rebalance_increase,,next_open
20260809_000809_3032e9,2024-07-11,600210.SH,buy,100,48.269105,4826.9105,4.822088,1.206728,0.0,rebalance_increase,,next_open
20260809_000809_3032e9,2024-07-18,000725.SZ,sell,100,21.682246,2168.2246,2.170395,0.542056,0.216822,rebalance_reduce,confirm,next_open
20260809_000809_3032e9,2024-07-18,002039.SZ,sell,200,61.975862,12395.1724,12.40758,3.098793,1.239517,target_exit,confirm,next_open
20260809_000809_3032e9,2024-07-18,601860.SH,buy,300,3.006844,902.0532,0.901152,0.225513,0.0,rebalance_increase,,next_open
20260809_000809_3032e9,2024-07-18,002839.SZ,buy,100,5.979003,597.9003,0.597303,0.149475,0.0,rebalance_increase,,next_open
20260809_000809_3032e9,2024-07-18,600908.SH,buy,100,6.632466,663.2466,0.662584,0.165812,0.0,rebalance_increase,,next_open
20260809_000809_3032e9,2024-07-18,601187.SH,buy,100,6.343707,634.3707,0.633737,0.158593,0.0,rebalance_increase,,next_open
20260809_000809_3032e9,2024-07-18,601528.SH,buy,100,6.750364,675.0364,0.674362,0.168759,0.0,rebalance_increase,,next_open
20260809_000809_3032e9,2024-07-18,002966.SZ,buy,100,9.668939,966.8939,0.965928,0.241723,0.0,rebalance_increase,,next_open
20260809_000809_3032e9,2024-07-18,600033.SH,buy,100,31.182441,3118.2441,3.115129,0.779561,0.0,rebalance_increase,,next_open
20260809_000809_3032e9,2024-07-18,600368.SH,buy,100,19.441482,1944.1482,1.942206,0.486037,0.0,rebalance_increase,,next_open
20260809_000809_3032e9,2024-07-18,601198.SH,buy,100,8.941753,894.1753,0.893282,0.223544,0.0,rebalance_increase,,next_open
20260809_000809_3032e9,2024-07-18,002673.SZ,buy,100,16.142326,1614.2326,1.61262,0.403558,0.0,rebalance_increase,,next_open
20260809_000809_3032e9,2024-07-18,600155.SH,buy,100,17.005388,1700.5388,1.69884,0.425135,0.0,rebalance_increase,,next_open
20260809_000809_3032e9,2024-07-18,601901.SH,buy,200,7.860352,1572.0704,1.5705,0.393018,0.0,rebalance_increase,,next_open
20260809_000809_3032e9,2024-07-18,300849.SZ,buy,300,19.899159,5969.7477,5.963784,1.492437,0.0,rebalance_increase,,next_open
20260809_000809_3032e9,2024-07-18,000589.SZ,buy,100,33.431048,3343.1048,3.339765,0.835776,0.0,rebalance_increase,,next_open
20260809_000809_3032e9,2024-07-18,301109.SZ,buy,100,24.6845,2468.45,2.465984,0.617112,0.0,rebalance_increase,,next_open
20260809_000809_3032e9,2024-07-18,601766.SH,buy,400,10.399589,4159.8356,4.15568,1.039959,0.0,rebalance_increase,,next_open
20260809_000809_3032e9,2024-07-18,601117.SH,buy,200,9.5525,1910.5,1.908591,0.477625,0.0,rebalance_increase,,next_open
20260809_000809_3032e9,2024-07-18,600210.SH,buy,100,47.033872,4703.3872,4.698689,1.175847,0.0,rebalance_increase,,next_open
20260809_000809_3032e9,2024-07-18,603167.SH,buy,300,11.218007,3365.4021,3.36204,0.841351,0.0,rebalance_increase,,next_open
20260809_000809_3032e9,2024-07-18,002026.SZ,buy,100,32.778716,3277.8716,3.274597,0.819468,0.0,rebalance_increase,,next_open
20260809_000809_3032e9,2024-07-18,300194.SZ,buy,100,25.486021,2548.6021,2.546056,0.637151,0.0,rebalance_increase,,next_open
20260809_000809_3032e9,2024-07-18,300193.SZ,buy,200,21.074393,4214.8786,4.210668,1.05372,0.0,rebalance_increase,,next_open
20260809_000809_3032e9,2024-07-23,600938.SH,sell,400,36.559486,14623.7944,14.638433,3.655949,1.462379,target_exit,confirm,next_open
20260809_000809_3032e9,2024-07-23,601860.SH,buy,200,2.971048,594.2096,0.593616,0.148552,0.0,rebalance_increase,,next_open
20260809_000809_3032e9,2024-07-23,002839.SZ,buy,100,5.889093,588.9093,0.588321,0.147227,0.0,rebalance_increase,,next_open
20260809_000809_3032e9,2024-07-23,002807.SZ,buy,100,5.790385,579.0385,0.57846,0.14476,0.0,rebalance_increase,,next_open
20260809_000809_3032e9,2024-07-23,601187.SH,buy,100,6.165179,616.5179,0.615902,0.154129,0.0,rebalance_increase,,next_open
20260809_000809_3032e9,2024-07-23,002948.SZ,buy,100,4.500036,450.0036,0.449554,0.112501,0.0,rebalance_increase,,next_open
20260809_000809_3032e9,2024-07-23,601077.SH,buy,100,6.938359,693.8359,0.693143,0.173459,0.0,rebalance_increase,,next_open
20260809_000809_3032e9,2024-07-23,601128.SH,buy,100,10.108719,1010.8719,1.009862,0.252718,0.0,rebalance_increase,,next_open
20260809_000809_3032e9,2024-07-23,600033.SH,buy,100,31.524167,3152.4167,3.149267,0.788104,0.0,rebalance_increase,,next_open
20260809_000809_3032e9,2024-07-23,002673.SZ,buy,100,16.274208,1627.4208,1.625795,0.406855,0.0,rebalance_increase,,next_open
20260809_000809_3032e9,2024-07-23,300849.SZ,buy,100,19.914455,1991.4455,1.989456,0.497861,0.0,rebalance_increase,,next_open
20260809_000809_3032e9,2024-07-23,000100.SZ,buy,100,14.728464,1472.8464,1.471375,0.368212,0.0,rebalance_increase,,next_open
20260809_000809_3032e9,2024-07-23,000589.SZ,buy,100,32.890748,3289.0748,3.285789,0.822269,0.0,rebalance_increase,,next_open
20260809_000809_3032e9,2024-07-23,605368.SH,buy,100,23.314812,2331.4812,2.329152,0.58287,0.0,rebalance_increase,,next_open
20260809_000809_3032e9,2024-07-23,600210.SH,buy,100,45.703621,4570.3621,4.565796,1.142591,0.0,rebalance_increase,,next_open
20260809_000809_3032e9,2024-07-23,603167.SH,buy,100,11.005545,1100.5545,1.099455,0.275139,0.0,rebalance_increase,,next_open
20260809_000809_3032e9,2024-07-24,000100.SZ,sell,1100,14.178058,15595.8638,15.611475,3.898966,1.559586,target_exit,confirm,next_open
20260809_000809_3032e9,2024-07-24,002215.SZ,sell,200,57.897045,11579.409,11.591,2.894852,1.157941,target_exit,confirm,next_open
20260809_000809_3032e9,2024-07-24,601860.SH,buy,100,2.994912,299.4912,0.299192,0.074873,0.0,rebalance_increase,,next_open
20260809_000809_3032e9,2024-07-24,002807.SZ,buy,100,5.837081,583.7081,0.583125,0.145927,0.0,rebalance_increase,,next_open
20260809_000809_3032e9,2024-07-24,600908.SH,buy,100,6.517673,651.7673,0.651116,0.162942,0.0,rebalance_increase,,next_open
20260809_000809_3032e9,2024-07-24,600368.SH,buy,100,19.221182,1922.1182,1.920198,0.48053,0.0,rebalance_increase,,next_open
20260809_000809_3032e9,2024-07-24,601099.SH,buy,200,8.707299,1741.4598,1.73972,0.435365,0.0,rebalance_increase,,next_open
20260809_000809_3032e9,2024-07-24,601198.SH,buy,200,8.773885,1754.777,1.753024,0.438694,0.0,rebalance_increase,,next_open
20260809_000809_3032e9,2024-07-24,002673.SZ,buy,100,15.904939,1590.4939,1.588905,0.397623,0.0,rebalance_increase,,next_open
20260809_000809_3032e9,2024-07-24,600155.SH,buy,100,17.26701,1726.701,1.724976,0.431675,0.0,rebalance_increase,,next_open
20260809_000809_3032e9,2024-07-24,601901.SH,buy,200,7.734255,1546.851,1.545306,0.386713,0.0,rebalance_increase,,next_open
20260809_000809_3032e9,2024-07-24,300849.SZ,buy,200,19.63914,3927.828,3.923904,0.981957,0.0,rebalance_increase,,next_open
20260809_000809_3032e9,2024-07-24,000725.SZ,buy,100,20.921,2092.1,2.09001,0.523025,0.0,rebalance_increase,,next_open
20260809_000809_3032e9,2024-07-24,000589.SZ,buy,100,31.877686,3187.7686,3.184584,0.796942,0.0,rebalance_increase,,next_open
20260809_000809_3032e9,2024-07-24,605368.SH,buy,100,23.176033,2317.6033,2.315288,0.579401,0.0,rebalance_increase,,next_open
20260809_000809_3032e9,2024-07-24,301109.SZ,buy,100,24.327984,2432.7984,2.430368,0.6082,0.0,rebalance_increase,,next_open
20260809_000809_3032e9,2024-07-24,601766.SH,buy,200,10.591161,2118.2322,2.116116,0.529558,0.0,rebalance_increase,,next_open
20260809_000809_3032e9,2024-07-24,601117.SH,buy,200,9.259947,1851.9894,1.850139,0.462997,0.0,rebalance_increase,,next_open
20260809_000809_3032e9,2024-07-24,603167.SH,buy,200,10.821411,2164.2822,2.16212,0.541071,0.0,rebalance_increase,,next_open
20260809_000809_3032e9,2024-07-24,002026.SZ,buy,100,30.98105,3098.105,3.09501,0.774526,0.0,rebalance_increase,,next_open
20260809_000809_3032e9,2024-07-24,603368.SH,buy,100,51.629428,5162.9428,5.157785,1.290736,0.0,rebalance_increase,,next_open
20260809_000809_3032e9,2024-07-24,300193.SZ,buy,100,20.8007,2080.07,2.077992,0.520018,0.0,rebalance_increase,,next_open
20260809_000809_3032e9,2024-08-05,300849.SZ,sell,100,20.46999,2046.999,2.049048,0.51175,0.2047,rebalance_reduce,confirm,next_open
20260809_000809_3032e9,2024-08-05,601766.SH,sell,100,10.884095,1088.4095,1.089499,0.272102,0.108841,rebalance_reduce,confirm,next_open
20260809_000809_3032e9,2024-08-05,601128.SH,sell,900,9.667033,8700.3297,8.709039,2.175082,0.870033,target_exit,confirm,next_open
20260809_000809_3032e9,2024-08-05,601860.SH,buy,500,3.030708,1515.354,1.51384,0.378839,0.0,rebalance_increase,,next_open
20260809_000809_3032e9,2024-08-05,002839.SZ,buy,200,5.964018,1192.8036,1.191612,0.298201,0.0,rebalance_increase,,next_open
20260809_000809_3032e9,2024-08-05,002807.SZ,buy,100,5.852647,585.2647,0.58468,0.146316,0.0,rebalance_increase,,next_open
20260809_000809_3032e9,2024-08-05,600908.SH,buy,200,6.606956,1321.3912,1.320071,0.330348,0.0,rebalance_increase,,next_open
20260809_000809_3032e9,2024-08-05,601187.SH,buy,200,6.212787,1242.5574,1.241316,0.310639,0.0,rebalance_increase,,next_open
20260809_000809_3032e9,2024-08-05,601528.SH,buy,100,6.820534,682.0534,0.681372,0.170513,0.0,rebalance_increase,,next_open
20260809_000809_3032e9,2024-08-05,002948.SZ,buy,400,4.527643,1811.0572,1.809248,0.452764,0.0,rebalance_increase,,next_open
20260809_000809_3032e9,2024-08-05,601077.SH,buy,100,7.045931,704.5931,0.703889,0.176148,0.0,rebalance_increase,,next_open
20260809_000809_3032e9,2024-08-05,603323.SH,buy,200,8.620532,1724.1064,1.722384,0.431027,0.0,rebalance_increase,,next_open
20260809_000809_3032e9,2024-08-05,002966.SZ,buy,300,9.535206,2860.5618,2.857704,0.71514,0.0,rebalance_increase,,next_open
20260809_000809_3032e9,2024-08-05,601099.SH,buy,100,9.221172,922.1172,0.921196,0.230529,0.0,rebalance_increase,,next_open
20260809_000809_3032e9,2024-08-05,601198.SH,buy,100,9.713944,971.3944,0.970424,0.242849,0.0,rebalance_increase,,next_open
20260809_000809_3032e9,2024-08-05,002673.SZ,buy,100,16.775359,1677.5359,1.67586,0.419384,0.0,rebalance_increase,,next_open
20260809_000809_3032e9,2024-08-05,601901.SH,buy,300,7.828831,2348.6493,2.346303,0.587162,0.0,rebalance_increase,,next_open
20260809_000809_3032e9,2024-08-05,605368.SH,buy,100,23.332159,2333.2159,2.330885,0.583304,0.0,rebalance_increase,,next_open
20260809_000809_3032e9,2024-08-05,601117.SH,buy,100,9.387144,938.7144,0.937777,0.234679,0.0,rebalance_increase,,next_open
20260809_000809_3032e9,2024-08-05,300194.SZ,buy,100,26.799733,2679.9733,2.677296,0.669993,0.0,rebalance_increase,,next_open
20260809_000809_3032e9,2024-08-09,601117.SH,sell,2100,9.089114,19087.1394,19.106245,4.771785,1.908714,target_exit,confirm,next_open
20260809_000809_3032e9,2024-08-09,601860.SH,buy,100,2.994912,299.4912,0.299192,0.074873,0.0,rebalance_increase,,next_open
20260809_000809_3032e9,2024-08-09,002839.SZ,buy,100,5.829153,582.9153,0.582333,0.145729,0.0,rebalance_increase,,next_open
20260809_000809_3032e9,2024-08-09,002807.SZ,buy,100,5.728122,572.8122,0.57224,0.143203,0.0,rebalance_increase,,next_open
20260809_000809_3032e9,2024-08-09,600908.SH,buy,100,6.466654,646.6654,0.646019,0.161666,0.0,rebalance_increase,,next_open
20260809_000809_3032e9,2024-08-09,601187.SH,buy,100,6.117571,611.7571,0.611146,0.152939,0.0,rebalance_increase,,next_open
20260809_000809_3032e9,2024-08-09,601528.SH,buy,100,6.666159,666.6159,0.66595,0.166654,0.0,rebalance_increase,,next_open
20260809_000809_3032e9,2024-08-09,002948.SZ,buy,100,4.44482,444.482,0.444038,0.111121,0.0,rebalance_increase,,next_open
20260809_000809_3032e9,2024-08-09,603323.SH,buy,100,8.035187,803.5187,0.802716,0.20088,0.0,rebalance_increase,,next_open
20260809_000809_3032e9,2024-08-09,600033.SH,buy,100,31.011579,3101.1579,3.09806,0.775289,0.0,rebalance_increase,,next_open
20260809_000809_3032e9,2024-08-09,600368.SH,buy,100,21.314033,2131.4033,2.129274,0.532851,0.0,rebalance_increase,,next_open
20260809_000809_3032e9,2024-08-09,601099.SH,buy,200,9.506657,1901.3314,1.899432,0.475333,0.0,rebalance_increase,,next_open
20260809_000809_3032e9,2024-08-09,601198.SH,buy,100,9.580369,958.0369,0.95708,0.239509,0.0,rebalance_increase,,next_open
20260809_000809_3032e9,2024-08-09,601901.SH,buy,200,7.912899,1582.5798,1.580999,0.395645,0.0,rebalance_increase,,next_open
20260809_000809_3032e9,2024-08-09,000725.SZ,buy,100,20.116346,2011.6346,2.009625,0.502909,0.0,rebalance_increase,,next_open
20260809_000809_3032e9,2024-08-09,000589.SZ,buy,100,31.810148,3181.0148,3.177837,0.795254,0.0,rebalance_increase,,next_open
20260809_000809_3032e9,2024-08-09,605368.SH,buy,100,22.759697,2275.9697,2.273696,0.568992,0.0,rebalance_increase,,next_open
20260809_000809_3032e9,2024-08-09,601766.SH,buy,100,10.44064,1044.064,1.043021,0.261016,0.0,rebalance_increase,,next_open
20260809_000809_3032e9,2024-08-09,600210.SH,buy,100,46.748818,4674.8818,4.670212,1.16872,0.0,rebalance_increase,,next_open
20260809_000809_3032e9,2024-08-09,603167.SH,buy,100,11.147186,1114.7186,1.113605,0.27868,0.0,rebalance_increase,,next_open
20260809_000809_3032e9,2024-08-13,000725.SZ,sell,1100,19.808472,21789.3192,21.81113,5.44733,2.178932,target_exit,confirm,next_open
20260809_000809_3032e9,2024-08-13,601860.SH,buy,300,2.959116,887.7348,0.886848,0.221934,0.0,rebalance_increase,,next_open
20260809_000809_3032e9,2024-08-13,002839.SZ,buy,100,5.784198,578.4198,0.577842,0.144605,0.0,rebalance_increase,,next_open
20260809_000809_3032e9,2024-08-13,002807.SZ,buy,100,5.619164,561.9164,0.561355,0.140479,0.0,rebalance_increase,,next_open
20260809_000809_3032e9,2024-08-13,600908.SH,buy,100,6.390126,639.0126,0.638374,0.159753,0.0,rebalance_increase,,next_open
20260809_000809_3032e9,2024-08-13,601187.SH,buy,100,6.069964,606.9964,0.60639,0.151749,0.0,rebalance_increase,,next_open
20260809_000809_3032e9,2024-08-13,601528.SH,buy,100,6.638091,663.8091,0.663146,0.165952,0.0,rebalance_increase,,next_open
20260809_000809_3032e9,2024-08-13,002948.SZ,buy,100,4.403409,440.3409,0.439901,0.110085,0.0,rebalance_increase,,next_open
20260809_000809_3032e9,2024-08-13,601077.SH,buy,100,6.723216,672.3216,0.67165,0.16808,0.0,rebalance_increase,,next_open
20260809_000809_3032e9,2024-08-13,002966.SZ,buy,100,9.240992,924.0992,0.923176,0.231025,0.0,rebalance_increase,,next_open
20260809_000809_3032e9,2024-08-13,601099.SH,buy,300,9.078429,2723.5287,2.720808,0.680882,0.0,rebalance_increase,,next_open
20260809_000809_3032e9,2024-08-13,601198.SH,buy,100,9.433153,943.3153,0.942373,0.235829,0.0,rebalance_increase,,next_open
20260809_000809_3032e9,2024-08-13,002673.SZ,buy,100,16.564348,1656.4348,1.65478,0.414109,0.0,rebalance_increase,,next_open
20260809_000809_3032e9,2024-08-13,600155.SH,buy,100,17.87746,1787.746,1.78596,0.446937,0.0,rebalance_increase,,next_open
20260809_000809_3032e9,2024-08-13,601901.SH,buy,600,7.576627,4545.9762,4.541435,1.136494,0.0,rebalance_increase,,next_open
20260809_000809_3032e9,2024-08-13,300849.SZ,buy,100,20.250951,2025.0951,2.023072,0.506274,0.0,rebalance_increase,,next_open
20260809_000809_3032e9,2024-08-13,000589.SZ,buy,100,31.337386,3133.7386,3.130608,0.783435,0.0,rebalance_increase,,next_open
20260809_000809_3032e9,2024-08-13,605368.SH,buy,100,23.592369,2359.2369,2.35688,0.589809,0.0,rebalance_increase,,next_open
20260809_000809_3032e9,2024-08-13,301109.SZ,buy,100,24.633569,2463.3569,2.460896,0.615839,0.0,rebalance_increase,,next_open
20260809_000809_3032e9,2024-08-13,601766.SH,buy,200,10.331171,2066.2342,2.06417,0.516559,0.0,rebalance_increase,,next_open
20260809_000809_3032e9,2024-08-13,603167.SH,buy,200,10.764754,2152.9508,2.1508,0.538238,0.0,rebalance_increase,,next_open
20260809_000809_3032e9,2024-08-13,300193.SZ,buy,100,21.59137,2159.137,2.15698,0.539784,0.0,rebalance_increase,,next_open
20260809_000809_3032e9,2024-08-21,600908.SH,sell,100,6.810153,681.0153,0.681697,0.170254,0.068102,rebalance_reduce,confirm,next_open
20260809_000809_3032e9,2024-08-21,601766.SH,sell,100,11.091374,1109.1374,1.110248,0.277284,0.110914,rebalance_reduce,confirm,next_open
20260809_000809_3032e9,2024-08-21,000589.SZ,sell,800,30.263736,24210.9888,24.235224,6.052747,2.421099,target_exit,confirm,next_open
20260809_000809_3032e9,2024-08-21,600863.SH,buy,100,89.044788,8904.4788,8.895583,2.22612,0.0,rebalance_increase,,next_open
20260809_000809_3032e9,2024-08-21,601860.SH,buy,100,3.054572,305.4572,0.305152,0.076364,0.0,rebalance_increase,,next_open
20260809_000809_3032e9,2024-08-21,002839.SZ,buy,100,5.919063,591.9063,0.591315,0.147977,0.0,rebalance_increase,,next_open
20260809_000809_3032e9,2024-08-21,002807.SZ,buy,100,5.837081,583.7081,0.583125,0.145927,0.0,rebalance_increase,,next_open
20260809_000809_3032e9,2024-08-21,601528.SH,buy,100,6.820534,682.0534,0.681372,0.170513,0.0,rebalance_increase,,next_open
20260809_000809_3032e9,2024-08-21,600033.SH,buy,100,31.09701,3109.701,3.106594,0.777425,0.0,rebalance_increase,,next_open
20260809_000809_3032e9,2024-08-21,600864.SH,buy,100,50.594264,5059.4264,5.054372,1.264857,0.0,rebalance_increase,,next_open
20260809_000809_3032e9,2024-08-21,002673.SZ,buy,100,16.485219,1648.5219,1.646875,0.41213,0.0,rebalance_increase,,next_open
20260809_000809_3032e9,2024-08-21,600155.SH,buy,100,17.470493,1747.0493,1.745304,0.436762,0.0,rebalance_increase,,next_open
20260809_000809_3032e9,2024-08-21,601901.SH,buy,100,7.387474,738.7474,0.738009,0.184687,0.0,rebalance_increase,,next_open
20260809_000809_3032e9,2024-08-21,300849.SZ,buy,300,20.281541,6084.4623,6.078384,1.521116,0.0,rebalance_increase,,next_open
20260809_000809_3032e9,2024-08-21,600210.SH,buy,100,45.608603,4560.8603,4.556304,1.140215,0.0,rebalance_increase,,next_open
20260809_000809_3032e9,2024-08-21,603167.SH,buy,200,10.509799,2101.9598,2.09986,0.52549,0.0,rebalance_increase,,next_open
20260809_000809_3032e9,2024-08-21,002026.SZ,buy,100,29.527618,2952.7618,2.949812,0.73819,0.0,rebalance_increase,,next_open
20260809_000809_3032e9,2024-08-21,300194.SZ,buy,100,26.602676,2660.2676,2.65761,0.665067,0.0,rebalance_increase,,next_open
20260809_000809_3032e9,2024-08-21,603368.SH,buy,100,49.852272,4985.2272,4.980247,1.246307,0.0,rebalance_increase,,next_open
20260809_000809_3032e9,2024-08-21,300193.SZ,buy,100,21.439318,2143.9318,2.14179,0.535983,0.0,rebalance_increase,,next_open
20260809_000809_3032e9,2024-08-23,601901.SH,sell,3300,7.173451,23672.3883,23.696086,5.918097,2.367239,target_exit,confirm,next_open
20260809_000809_3032e9,2024-08-23,600368.SH,buy,100,19.937157,1993.7157,1.991724,0.498429,0.0,rebalance_increase,,next_open
20260809_000809_3032e9,2024-08-23,601099.SH,buy,400,8.792944,3517.1776,3.513664,0.879294,0.0,rebalance_increase,,next_open
20260809_000809_3032e9,2024-08-23,601198.SH,buy,400,9.138721,3655.4884,3.651836,0.913872,0.0,rebalance_increase,,next_open
20260809_000809_3032e9,2024-08-23,002673.SZ,buy,200,16.326961,3265.3922,3.26213,0.816348,0.0,rebalance_increase,,next_open
20260809_000809_3032e9,2024-08-23,600155.SH,buy,100,16.94725,1694.725,1.693032,0.423681,0.0,rebalance_increase,,next_open
20260809_000809_3032e9,2024-08-23,301109.SZ,buy,100,24.039375,2403.9375,2.401536,0.600984,0.0,rebalance_increase,,next_open
20260809_000809_3032e9,2024-08-23,603167.SH,buy,100,10.41065,1041.065,1.040025,0.260266,0.0,rebalance_increase,,next_open
20260809_000809_3032e9,2024-08-26,603167.SH,sell,2500,10.276763,25691.9075,25.717625,6.422977,2.569191,target_exit,confirm,next_open
20260809_000809_3032e9,2024-08-26,601860.SH,buy,100,3.030708,303.0708,0.302768,0.075768,0.0,rebalance_increase,,next_open
20260809_000809_3032e9,2024-08-26,002839.SZ,buy,100,5.814168,581.4168,0.580836,0.145354,0.0,rebalance_increase,,next_open
20260809_000809_3032e9,2024-08-26,600033.SH,buy,100,30.413559,3041.3559,3.038318,0.760339,0.0,rebalance_increase,,next_open
20260809_000809_3032e9,2024-08-26,600368.SH,buy,100,19.661782,1966.1782,1.964214,0.491545,0.0,rebalance_increase,,next_open
20260809_000809_3032e9,2024-08-26,601099.SH,buy,100,8.850041,885.0041,0.88412,0.221251,0.0,rebalance_increase,,next_open
20260809_000809_3032e9,2024-08-26,601198.SH,buy,100,9.229315,922.9315,0.92201,0.230733,0.0,rebalance_increase,,next_open
20260809_000809_3032e9,2024-08-26,600155.SH,buy,100,17.034457,1703.4457,1.701744,0.425861,0.0,rebalance_increase,,next_open
20260809_000809_3032e9,2024-08-26,300849.SZ,buy,100,20.266246,2026.6246,2.0246,0.506656,0.0,rebalance_increase,,next_open
20260809_000809_3032e9,2024-08-26,603368.SH,buy,100,48.841132,4884.1132,4.879234,1.221028,0.0,rebalance_increase,,next_open
20260809_000809_3032e9,2024-08-26,300193.SZ,buy,100,20.739879,2073.9879,2.071916,0.518497,0.0,rebalance_increase,,next_open
20260809_000809_3032e9,2024-08-30,603368.SH,sell,600,47.000522,28200.3132,28.228542,7.050078,2.820031,target_exit,confirm,next_open
20260809_000809_3032e9,2024-08-30,601860.SH,buy,300,2.971048,891.3144,0.890424,0.222829,0.0,rebalance_increase,,next_open
20260809_000809_3032e9,2024-08-30,002807.SZ,buy,100,5.712557,571.2557,0.570685,0.142814,0.0,rebalance_increase,,next_open
20260809_000809_3032e9,2024-08-30,601187.SH,buy,300,5.831926,1749.5778,1.74783,0.437394,0.0,rebalance_increase,,next_open
20260809_000809_3032e9,2024-08-30,601528.SH,buy,100,6.483717,648.3717,0.647724,0.162093,0.0,rebalance_increase,,next_open
20260809_000809_3032e9,2024-08-30,002948.SZ,buy,100,4.486232,448.6232,0.448175,0.112156,0.0,rebalance_increase,,next_open
20260809_000809_3032e9,2024-08-30,002966.SZ,buy,100,9.414845,941.4845,0.940544,0.235371,0.0,rebalance_increase,,next_open
20260809_000809_3032e9,2024-08-30,600033.SH,buy,100,29.046658,2904.6658,2.901764,0.726166,0.0,rebalance_increase,,next_open
20260809_000809_3032e9,2024-08-30,600368.SH,buy,100,18.945807,1894.5807,1.892688,0.473645,0.0,rebalance_increase,,next_open
20260809_000809_3032e9,2024-08-30,600941.SH,buy,100,120.335555,12033.5555,12.021534,3.008389,0.0,rebalance_increase,,next_open
20260809_000809_3032e9,2024-08-30,601099.SH,buy,200,8.87859,1775.718,1.773944,0.44393,0.0,rebalance_increase,,next_open
20260809_000809_3032e9,2024-08-30,601198.SH,buy,200,9.025477,1805.0954,1.803292,0.451274,0.0,rebalance_increase,,next_open
20260809_000809_3032e9,2024-08-30,600864.SH,buy,100,50.065035,5006.5035,5.001502,1.251626,0.0,rebalance_increase,,next_open
20260809_000809_3032e9,2024-08-30,300849.SZ,buy,200,20.51097,4102.194,4.098096,1.025549,0.0,rebalance_increase,,next_open
20260809_000809_3032e9,2024-08-30,605368.SH,buy,100,23.679105,2367.9105,2.365545,0.591978,0.0,rebalance_increase,,next_open
20260809_000809_3032e9,2024-08-30,601766.SH,buy,200,10.172226,2034.4452,2.032413,0.508611,0.0,rebalance_increase,,next_open
20260809_000809_3032e9,2024-08-30,300194.SZ,buy,100,26.011506,2601.1506,2.598552,0.650288,0.0,rebalance_increase,,next_open
20260809_000809_3032e9,2024-09-03,601187.SH,sell,2600,5.701493,14823.8818,14.83872,3.70597,1.482388,target_exit,confirm,next_open
20260809_000809_3032e9,2024-09-03,601860.SH,buy,500,2.959116,1479.558,1.47808,0.369889,0.0,rebalance_increase,,next_open
20260809_000809_3032e9,2024-09-03,002839.SZ,buy,300,5.694289,1708.2867,1.70658,0.427072,0.0,rebalance_increase,,next_open
20260809_000809_3032e9,2024-09-03,002807.SZ,buy,300,5.728122,1718.4366,1.71672,0.429609,0.0,rebalance_increase,,next_open
20260809_000809_3032e9,2024-09-03,600908.SH,buy,100,6.479409,647.9409,0.647294,0.161985,0.0,rebalance_increase,,next_open
20260809_000809_3032e9,2024-09-03,601528.SH,buy,200,6.469683,1293.9366,1.292644,0.323484,0.0,rebalance_increase,,next_open
20260809_000809_3032e9,2024-09-03,002948.SZ,buy,300,4.500036,1350.0108,1.348662,0.337503,0.0,rebalance_increase,,next_open
20260809_000809_3032e9,2024-09-03,601077.SH,buy,100,6.951806,695.1806,0.694486,0.173795,0.0,rebalance_increase,,next_open
20260809_000809_3032e9,2024-09-03,603323.SH,buy,100,8.177089,817.7089,0.816892,0.204427,0.0,rebalance_increase,,next_open
20260809_000809_3032e9,2024-09-03,002966.SZ,buy,100,9.535206,953.5206,0.952568,0.23838,0.0,rebalance_increase,,next_open
20260809_000809_3032e9,2024-09-03,600368.SH,buy,100,18.890732,1889.0732,1.887186,0.472268,0.0,rebalance_increase,,next_open
20260809_000809_3032e9,2024-09-03,002673.SZ,buy,100,16.775359,1677.5359,1.67586,0.419384,0.0,rebalance_increase,,next_open
20260809_000809_3032e9,2024-09-03,300849.SZ,buy,100,20.097998,2009.7998,2.007792,0.50245,0.0,rebalance_increase,,next_open
20260809_000809_3032e9,2024-09-03,301109.SZ,buy,100,24.226122,2422.6122,2.420192,0.605653,0.0,rebalance_increase,,next_open
20260809_000809_3032e9,2024-09-03,601766.SH,buy,200,9.680475,1936.095,1.934161,0.484024,0.0,rebalance_increase,,next_open
20260809_000809_3032e9,2024-09-03,002026.SZ,buy,100,30.139589,3013.9589,3.010948,0.75349,0.0,rebalance_increase,,next_open
20260809_000809_3032e9,2024-09-10,601198.SH,sell,100,9.154366,915.4366,0.916353,0.228859,0.091544,rebalance_reduce,confirm,next_open
20260809_000809_3032e9,2024-09-10,002839.SZ,sell,3000,5.488496,16465.488,16.48197,4.116372,1.646549,target_exit,confirm,next_open
20260809_000809_3032e9,2024-09-10,603323.SH,sell,1400,7.629683,10681.5562,10.692248,2.670389,1.068156,target_exit,confirm,next_open
20260809_000809_3032e9,2024-09-10,601766.SH,sell,2500,9.394716,23486.79,23.5103,5.871698,2.348679,target_exit,confirm,next_open
20260809_000809_3032e9,2024-09-10,601860.SH,buy,1800,2.863661,5154.5898,5.14944,1.288647,0.0,rebalance_increase,,next_open
20260809_000809_3032e9,2024-09-10,002807.SZ,buy,900,5.479074,4931.1666,4.92624,1.232792,0.0,rebalance_increase,,next_open
20260809_000809_3032e9,2024-09-10,600908.SH,buy,600,6.364616,3818.7696,3.814955,0.954692,0.0,rebalance_increase,,next_open
20260809_000809_3032e9,2024-09-10,601528.SH,buy,600,6.287241,3772.3446,3.768576,0.943086,0.0,rebalance_increase,,next_open
20260809_000809_3032e9,2024-09-10,002948.SZ,buy,900,4.265371,3838.8339,3.834999,0.959708,0.0,rebalance_increase,,next_open
20260809_000809_3032e9,2024-09-10,601077.SH,buy,300,6.763556,2029.0668,2.02704,0.507267,0.0,rebalance_increase,,next_open
20260809_000809_3032e9,2024-09-10,002966.SZ,buy,400,9.361352,3744.5408,3.7408,0.936135,0.0,rebalance_increase,,next_open
20260809_000809_3032e9,2024-09-10,600033.SH,buy,200,28.192344,5638.4688,5.632836,1.409617,0.0,rebalance_increase,,next_open
20260809_000809_3032e9,2024-09-10,600368.SH,buy,300,18.009532,5402.8596,5.397462,1.350715,0.0,rebalance_increase,,next_open
20260809_000809_3032e9,2024-09-10,300849.SZ,buy,100,19.302643,1930.2643,1.928336,0.482566,0.0,rebalance_increase,,next_open
20260809_000809_3032e9,2024-09-10,605368.SH,buy,200,23.522979,4704.5958,4.699896,1.176149,0.0,rebalance_increase,,next_open
20260809_000809_3032e9,2024-09-10,301109.SZ,buy,300,24.022398,7206.7194,7.19952,1.80168,0.0,rebalance_increase,,next_open
20260809_000809_3032e9,2024-09-10,603050.SH,buy,100,50.157828,5015.7828,5.010772,1.253946,0.0,rebalance_increase,,next_open
20260809_000809_3032e9,2024-09-10,300194.SZ,buy,200,25.157592,5031.5184,5.026492,1.25788,0.0,rebalance_increase,,next_open
20260809_000809_3032e9,2024-09-10,300193.SZ,buy,100,22.503681,2250.3681,2.24812,0.562592,0.0,rebalance_increase,,next_open
20260809_000809_3032e9,2024-09-19,002026.SZ,sell,700,28.399812,19879.8684,19.899768,4.969967,1.987987,target_exit,confirm,next_open
20260809_000809_3032e9,2024-09-19,601860.SH,buy,500,2.839797,1419.8985,1.41848,0.354975,0.0,rebalance_increase,,next_open
20260809_000809_3032e9,2024-09-19,002807.SZ,buy,200,5.323418,1064.6836,1.06362,0.266171,0.0,rebalance_increase,,next_open
20260809_000809_3032e9,2024-09-19,600908.SH,buy,200,6.237069,1247.4138,1.246168,0.311853,0.0,rebalance_increase,,next_open
20260809_000809_3032e9,2024-09-19,601528.SH,buy,200,6.203037,1240.6074,1.239368,0.310152,0.0,rebalance_increase,,next_open
20260809_000809_3032e9,2024-09-19,002948.SZ,buy,300,4.22396,1267.188,1.265922,0.316797,0.0,rebalance_increase,,next_open
20260809_000809_3032e9,2024-09-19,601077.SH,buy,200,6.508074,1301.6148,1.300314,0.325404,0.0,rebalance_increase,,next_open
20260809_000809_3032e9,2024-09-19,600368.SH,buy,100,18.009532,1800.9532,1.799154,0.450238,0.0,rebalance_increase,,next_open
20260809_000809_3032e9,2024-09-19,002673.SZ,buy,100,16.643477,1664.3477,1.662685,0.416087,0.0,rebalance_increase,,next_open
20260809_000809_3032e9,2024-09-19,300849.SZ,buy,300,18.889671,5666.9013,5.66124,1.416725,0.0,rebalance_increase,,next_open
20260809_000809_3032e9,2024-09-19,301109.SZ,buy,100,23.34332,2334.332,2.332,0.583583,0.0,rebalance_increase,,next_open
20260809_000809_3032e9,2024-09-19,600210.SH,buy,100,46.463764,4646.3764,4.641735,1.161594,0.0,rebalance_increase,,next_open
20260809_000809_3032e9,2024-09-19,300194.SZ,buy,100,24.435051,2443.5051,2.441064,0.610876,0.0,rebalance_increase,,next_open
20260809_000809_3032e9,2024-09-19,300193.SZ,buy,100,22.44286,2244.286,2.242044,0.561072,0.0,rebalance_increase,,next_open
20260809_000809_3032e9,2024-10-09,002807.SZ,sell,2300,6.710882,15435.0286,15.45048,3.858757,1.543503,rebalance_reduce,confirm,next_open
20260809_000809_3032e9,2024-10-09,600941.SH,sell,100,125.766657,12576.6657,12.589255,3.144166,1.257667,rebalance_reduce,confirm,next_open
20260809_000809_3032e9,2024-10-09,600368.SH,sell,1300,21.326412,27724.3356,27.752088,6.931084,2.772434,rebalance_reduce,confirm,next_open
20260809_000809_3032e9,2024-10-09,600033.SH,sell,1000,31.716963,31716.963,31.748712,7.929241,3.171696,rebalance_reduce,confirm,next_open
20260809_000809_3032e9,2024-10-09,600863.SH,sell,100,101.717723,10171.7723,10.181954,2.542943,1.017177,rebalance_reduce,confirm,next_open
20260809_000809_3032e9,2024-10-09,601860.SH,sell,9100,3.560516,32400.6956,32.433128,8.100174,3.24007,target_exit,confirm,next_open
20260809_000809_3032e9,2024-10-09,601099.SH,sell,2900,14.24574,41312.646,41.354,10.328162,4.131265,target_exit,confirm,next_open
20260809_000809_3032e9,2024-10-09,600908.SH,sell,2900,7.764847,22518.0563,22.540598,5.629514,2.251806,target_exit,confirm,next_open
20260809_000809_3032e9,2024-10-09,601528.SH,sell,3100,7.703289,23880.1959,23.9041,5.970049,2.38802,target_exit,confirm,next_open
20260809_000809_3032e9,2024-10-09,002948.SZ,sell,4300,5.23496,22510.328,22.53286,5.627582,2.251033,target_exit,confirm,next_open
20260809_000809_3032e9,2024-10-09,601077.SH,sell,2400,7.13921,17134.104,17.151254,4.283526,1.71341,target_exit,confirm,next_open
20260809_000809_3032e9,2024-10-09,002966.SZ,sell,1800,10.784085,19411.353,19.430784,4.852838,1.941135,target_exit,confirm,next_open
20260809_000809_3032e9,2024-10-09,300849.SZ,sell,3000,24.438817,73316.451,73.38984,18.329113,7.331645,target_exit,confirm,next_open
20260809_000809_3032e9,2024-10-09,601198.SH,sell,3100,12.92913,40080.303,40.120423,10.020076,4.00803,target_exit,confirm,next_open
20260809_000809_3032e9,2024-10-09,600864.SH,sell,500,72.042565,36021.2825,36.05734,9.005321,3.602128,target_exit,confirm,next_open
20260809_000809_3032e9,2024-10-09,002673.SZ,sell,1900,24.270405,46113.7695,46.15993,11.528442,4.611377,target_exit,confirm,next_open
20260809_000809_3032e9,2024-10-09,600155.SH,sell,1400,25.732722,36025.8108,36.061872,9.006453,3.602581,target_exit,confirm,next_open
20260809_000809_3032e9,2024-10-09,605368.SH,sell,1600,24.793117,39668.9872,39.708696,9.917247,3.966899,target_exit,confirm,next_open
20260809_000809_3032e9,2024-10-09,301109.SZ,sell,1600,30.531358,48850.1728,48.899072,12.212543,4.885017,target_exit,confirm,next_open
20260809_000809_3032e9,2024-10-09,603050.SH,sell,300,56.168775,16850.6325,16.8675,4.212658,1.685063,target_exit,confirm,next_open
20260809_000809_3032e9,2024-10-09,600210.SH,sell,700,57.845127,40491.5889,40.532121,10.122897,4.049159,target_exit,confirm,next_open
20260809_000809_3032e9,2024-10-09,300194.SZ,sell,1200,32.646081,39175.2972,39.214512,9.793824,3.91753,target_exit,confirm,next_open
20260809_000809_3032e9,2024-10-09,300193.SZ,sell,1400,30.046124,42064.5736,42.10668,10.516143,4.206457,target_exit,confirm,next_open
20260809_000809_3032e9,2024-10-09,603167.SH,buy,1200,12.017626,14421.1512,14.406744,3.605288,0.0,target_weight_new,,next_open
20260809_000809_3032e9,2024-10-09,600428.SH,buy,300,46.985879,14095.7637,14.081682,3.523941,0.0,target_weight_new,,next_open
20260809_000809_3032e9,2024-10-09,601916.SH,buy,3500,3.949466,13823.131,13.80932,3.455783,0.0,target_weight_new,,next_open
20260809_000809_3032e9,2024-10-09,600919.SH,buy,1000,12.989607,12989.607,12.97663,3.247402,0.0,target_weight_new,,next_open
20260809_000809_3032e9,2024-10-09,601166.SH,buy,100,107.749065,10774.9065,10.764142,2.693727,0.0,target_weight_new,,next_open
20260809_000809_3032e9,2024-10-09,601009.SH,buy,100,71.88191,7188.191,7.18101,1.797048,0.0,target_weight_new,,next_open
20260809_000809_3032e9,2024-10-09,600926.SH,buy,300,34.436678,10331.0034,10.320683,2.582751,0.0,target_weight_new,,next_open
20260809_000809_3032e9,2024-10-09,601838.SH,buy,500,21.001781,10500.8905,10.4904,2.625223,0.0,target_weight_new,,next_open
20260809_000809_3032e9,2024-10-09,601229.SH,buy,400,28.025758,11210.3032,11.199104,2.802576,0.0,target_weight_new,,next_open
20260809_000809_3032e9,2024-10-09,600008.SH,buy,500,31.566335,15783.1675,15.7674,3.945792,0.0,target_weight_new,,next_open
20260809_000809_3032e9,2024-10-09,600900.SH,buy,100,105.688417,10568.8417,10.558283,2.64221,0.0,target_weight_new,,next_open
20260809_000809_3032e9,2024-10-09,601326.SH,buy,3800,4.411863,16765.0794,16.748333,4.19127,0.0,target_weight_new,,next_open
20260809_000809_3032e9,2024-10-09,600035.SH,buy,1000,15.374619,15374.619,15.35926,3.843655,0.0,target_weight_new,,next_open
20260809_000809_3032e9,2024-10-09,600020.SH,buy,800,19.08882,15271.056,15.2558,3.817764,0.0,target_weight_new,,next_open
20260809_000809_3032e9,2024-10-09,000725.SZ,buy,400,24.944269,9977.7076,9.96774,2.494427,0.0,target_weight_new,,next_open
20260809_000809_3032e9,2024-10-09,000100.SZ,buy,600,17.525007,10515.0042,10.5045,2.628751,0.0,target_weight_new,,next_open
20260809_000809_3032e9,2024-10-09,601222.SH,buy,300,41.850739,12555.2217,12.542679,3.138805,0.0,target_weight_new,,next_open
20260809_000809_3032e9,2024-10-09,603367.SH,buy,700,16.861868,11803.3076,11.791516,2.950827,0.0,target_weight_new,,next_open
20260809_000809_3032e9,2024-10-09,000885.SZ,buy,500,28.058631,14029.3155,14.0153,3.507329,0.0,target_weight_new,,next_open
20260809_000809_3032e9,2024-10-09,601827.SH,buy,1600,10.035385,16056.616,16.040576,4.014154,0.0,target_weight_new,,next_open
20260809_000809_3032e9,2024-10-09,600098.SH,buy,300,41.720504,12516.1512,12.503647,3.129038,0.0,target_weight_new,,next_open
20260809_000809_3032e9,2024-10-09,603299.SH,buy,1000,13.480507,13480.507,13.46704,3.370127,0.0,target_weight_new,,next_open
20260809_000809_3032e9,2024-10-09,600551.SH,buy,300,52.239137,15671.7411,15.656085,3.917935,0.0,target_weight_new,,next_open
20260809_000809_3032e9,2024-10-09,603111.SH,buy,800,16.420028,13136.0224,13.122899,3.284006,0.0,target_weight_new,,next_open
20260809_000809_3032e9,2024-10-09,600999.SH,buy,200,48.057334,9611.4668,9.601865,2.402867,0.0,target_weight_new,,next_open
20260809_000809_3032e9,2024-10-09,600320.SH,buy,200,59.384982,11876.9964,11.865131,2.969249,0.0,target_weight_new,,next_open
20260809_000809_3032e9,2024-10-09,605090.SH,buy,200,43.232325,8646.465,8.637827,2.161616,0.0,target_weight_new,,next_open
20260809_000809_3032e9,2024-10-09,603689.SH,buy,900,14.981216,13483.0944,13.469625,3.370774,0.0,target_weight_new,,next_open
20260809_000809_3032e9,2024-10-09,002911.SZ,buy,400,31.253122,12501.2488,12.48876,3.125312,0.0,target_weight_new,,next_open
20260809_000809_3032e9,2024-10-09,600219.SH,buy,300,33.445762,10033.7286,10.023705,2.508432,0.0,target_weight_new,,next_open
20260809_000809_3032e9,2024-10-09,601611.SH,buy,1300,9.14909,11893.817,11.881935,2.973454,0.0,target_weight_new,,next_open
20260809_000809_3032e9,2024-10-09,603897.SH,buy,400,28.437047,11374.8188,11.363455,2.843705,0.0,target_weight_new,,next_open
20260809_000809_3032e9,2024-10-09,688399.SH,buy,100,104.729625,10472.9625,10.4625,2.618241,0.0,target_weight_new,,next_open
20260809_000809_3032e9,2024-10-10,000100.SZ,sell,600,16.075908,9645.5448,9.6552,2.411386,0.964554,target_exit,confirm,next_open
20260809_000809_3032e9,2024-10-10,603897.SH,sell,400,26.562461,10624.9844,10.63562,2.656246,1.062498,target_exit,confirm,next_open
20260809_000809_3032e9,2024-10-10,688399.SH,sell,100,94.31559,9431.559,9.441,2.35789,0.943156,target_exit,confirm,next_open
20260809_000809_3032e9,2024-10-10,600098.SH,buy,100,39.162458,3916.2458,3.912333,0.979061,0.0,rebalance_increase,,next_open
20260809_000809_3032e9,2024-10-10,600033.SH,buy,200,30.071834,6014.3668,6.008358,1.503592,0.0,rebalance_increase,,next_open
20260809_000809_3032e9,2024-10-10,600368.SH,buy,200,20.432832,4086.5664,4.082484,1.021642,0.0,rebalance_increase,,next_open
20260809_000809_3032e9,2024-10-10,600035.SH,buy,600,14.52441,8714.646,8.70594,2.178662,0.0,rebalance_increase,,next_open
20260809_000809_3032e9,2024-10-10,600020.SH,buy,500,17.786289,8893.1445,8.88426,2.223286,0.0,rebalance_increase,,next_open
20260809_000809_3032e9,2024-10-10,002807.SZ,buy,400,6.350744,2540.2976,2.53776,0.635074,0.0,rebalance_increase,,next_open
20260809_000809_3032e9,2024-10-10,601916.SH,buy,700,3.750667,2625.4669,2.622844,0.656367,0.0,rebalance_increase,,next_open
20260809_000809_3032e9,2024-10-10,600919.SH,buy,200,12.449017,2489.8034,2.487316,0.622451,0.0,rebalance_increase,,next_open
20260809_000809_3032e9,2024-10-10,601009.SH,buy,100,67.614947,6761.4947,6.75474,1.690374,0.0,rebalance_increase,,next_open
20260809_000809_3032e9,2024-10-10,600926.SH,buy,100,33.405052,3340.5052,3.337168,0.835126,0.0,rebalance_increase,,next_open
20260809_000809_3032e9,2024-10-10,601838.SH,buy,100,20.188809,2018.8809,2.016864,0.50472,0.0,rebalance_increase,,next_open
20260809_000809_3032e9,2024-10-10,603167.SH,buy,700,11.475367,8032.7569,8.024732,2.008189,0.0,rebalance_increase,,next_open
20260809_000809_3032e9,2024-10-10,600428.SH,buy,100,43.967808,4396.7808,4.392388,1.099195,0.0,rebalance_increase,,next_open
20260809_000809_3032e9,2024-10-10,600008.SH,buy,300,30.227157,9068.1471,9.059088,2.267037,0.0,rebalance_increase,,next_open
20260809_000809_3032e9,2024-10-10,600900.SH,buy,100,104.302578,10430.2578,10.419838,2.607564,0.0,rebalance_increase,,next_open
20260809_000809_3032e9,2024-10-10,601326.SH,buy,1800,4.233966,7621.1388,7.613525,1.905285,0.0,rebalance_increase,,next_open
20260809_000809_3032e9,2024-10-10,000725.SZ,buy,300,23.388605,7016.5815,7.009572,1.754145,0.0,rebalance_increase,,next_open
20260809_000809_3032e9,2024-10-10,601222.SH,buy,200,39.594345,7918.869,7.910958,1.979717,0.0,rebalance_increase,,next_open
20260809_000809_3032e9,2024-10-10,603367.SH,buy,400,16.127246,6450.8984,6.444454,1.612725,0.0,rebalance_increase,,next_open
20260809_000809_3032e9,2024-10-10,000885.SZ,buy,200,26.331946,5266.3892,5.261128,1.316597,0.0,rebalance_increase,,next_open
20260809_000809_3032e9,2024-10-10,601827.SH,buy,700,9.657948,6760.5636,6.75381,1.690141,0.0,rebalance_increase,,next_open
20260809_000809_3032e9,2024-10-10,603299.SH,buy,500,13.041929,6520.9645,6.51445,1.630241,0.0,rebalance_increase,,next_open
20260809_000809_3032e9,2024-10-10,600551.SH,buy,100,49.275626,4927.5626,4.92264,1.231891,0.0,rebalance_increase,,next_open
20260809_000809_3032e9,2024-10-10,603111.SH,buy,300,15.243348,4573.0044,4.568436,1.143251,0.0,rebalance_increase,,next_open
20260809_000809_3032e9,2024-10-10,600999.SH,buy,100,48.999215,4899.9215,4.895027,1.22498,0.0,rebalance_increase,,next_open
20260809_000809_3032e9,2024-10-10,600320.SH,buy,100,56.023568,5602.3568,5.59676,1.400589,0.0,rebalance_increase,,next_open
20260809_000809_3032e9,2024-10-10,605090.SH,buy,200,41.034582,8206.9164,8.198718,2.051729,0.0,rebalance_increase,,next_open
20260809_000809_3032e9,2024-10-10,603689.SH,buy,500,14.558294,7279.147,7.271875,1.819787,0.0,rebalance_increase,,next_open
20260809_000809_3032e9,2024-10-10,002911.SZ,buy,300,29.731952,8919.5856,8.910675,2.229896,0.0,rebalance_increase,,next_open
20260809_000809_3032e9,2024-10-10,600219.SH,buy,200,31.446705,6289.341,6.283058,1.572335,0.0,rebalance_increase,,next_open
20260809_000809_3032e9,2024-10-10,601611.SH,buy,700,8.581953,6007.3671,6.001366,1.501842,0.0,rebalance_increase,,next_open
20260809_000809_3032e9,2024-10-14,600035.SH,sell,100,14.530745,1453.0745,1.454529,0.363269,0.145307,rebalance_reduce,confirm,next_open
20260809_000809_3032e9,2024-10-14,600020.SH,sell,200,18.736904,3747.3808,3.751132,0.936845,0.374738,rebalance_reduce,confirm,next_open
20260809_000809_3032e9,2024-10-14,002807.SZ,sell,200,6.400193,1280.0386,1.28132,0.32001,0.128004,rebalance_reduce,confirm,next_open
20260809_000809_3032e9,2024-10-14,601916.SH,sell,500,3.822534,1911.267,1.91318,0.477817,0.191127,rebalance_reduce,confirm,next_open
20260809_000809_3032e9,2024-10-14,600919.SH,sell,200,13.08697,2617.394,2.620014,0.654348,0.261739,rebalance_reduce,confirm,next_open
20260809_000809_3032e9,2024-10-14,603167.SH,sell,200,12.008241,2401.6482,2.404052,0.600412,0.240165,rebalance_reduce,confirm,next_open
20260809_000809_3032e9,2024-10-14,601326.SH,sell,500,4.21367,2106.835,2.108944,0.526709,0.210684,rebalance_reduce,confirm,next_open
20260809_000809_3032e9,2024-10-14,601827.SH,sell,200,10.247992,2049.5984,2.05165,0.5124,0.20496,rebalance_reduce,confirm,next_open
20260809_000809_3032e9,2024-10-14,601611.SH,sell,200,8.82111,1764.222,1.765988,0.441055,0.176422,rebalance_reduce,confirm,next_open
20260809_000809_3032e9,2024-10-14,600999.SH,sell,300,42.72723,12818.169,12.831,3.204542,1.281817,target_exit,confirm,next_open
20260809_000809_3032e9,2024-10-16,000725.SZ,sell,700,21.949928,15364.9496,15.38033,3.841237,1.536495,target_exit,confirm,next_open
20260809_000809_3032e9,2024-10-16,601222.SH,sell,500,36.566337,18283.1685,18.30147,4.570792,1.828317,target_exit,confirm,next_open
20260809_000809_3032e9,2024-10-16,603367.SH,sell,1100,15.029659,16532.6249,16.549174,4.133156,1.653262,target_exit,confirm,next_open
20260809_000809_3032e9,2024-10-16,600098.SH,buy,100,37.944341,3794.4341,3.790644,0.948609,0.0,rebalance_increase,,next_open
20260809_000809_3032e9,2024-10-16,600035.SH,buy,100,14.453559,1445.3559,1.443912,0.361339,0.0,rebalance_increase,,next_open
20260809_000809_3032e9,2024-10-16,603167.SH,buy,100,11.739168,1173.9168,1.172744,0.293479,0.0,rebalance_increase,,next_open
20260809_000809_3032e9,2024-10-16,600900.SH,buy,100,105.031967,10503.1967,10.492704,2.625799,0.0,rebalance_increase,,next_open
20260809_000809_3032e9,2024-10-16,601326.SH,buy,300,4.139087,1241.7261,1.240486,0.310432,0.0,rebalance_increase,,next_open
20260809_000809_3032e9,2024-10-16,601827.SH,buy,200,9.813364,1962.6728,1.960712,0.490668,0.0,rebalance_increase,,next_open
20260809_000809_3032e9,2024-10-16,603299.SH,buy,200,12.730308,2546.0616,2.543518,0.636515,0.0,rebalance_increase,,next_open
20260809_000809_3032e9,2024-10-16,605090.SH,buy,100,39.845392,3984.5392,3.980559,0.996135,0.0,rebalance_increase,,next_open
20260809_000809_3032e9,2024-10-18,600919.SH,sell,100,13.99643,1399.643,1.401044,0.349911,0.139964,rebalance_reduce,confirm,next_open
20260809_000809_3032e9,2024-10-18,600320.SH,sell,300,53.25583,15976.749,15.992742,3.994187,1.597675,target_exit,confirm,next_open
20260809_000809_3032e9,2024-10-18,600368.SH,buy,100,20.047307,2004.7307,2.002728,0.501183,0.0,rebalance_increase,,next_open
20260809_000809_3032e9,2024-10-18,603167.SH,buy,200,11.519334,2303.8668,2.301565,0.575967,0.0,rebalance_increase,,next_open
20260809_000809_3032e9,2024-10-18,603299.SH,buy,100,12.603351,1260.3351,1.259076,0.315084,0.0,rebalance_increase,,next_open
20260809_000809_3032e9,2024-10-18,603111.SH,buy,100,14.815465,1481.5465,1.480066,0.370387,0.0,rebalance_increase,,next_open
20260809_000809_3032e9,2024-11-01,603167.SH,sell,100,12.359273,1235.9273,1.237164,0.308982,0.123593,rebalance_reduce,confirm,next_open
20260809_000809_3032e9,2024-11-01,601166.SH,sell,100,98.352093,9835.2093,9.845054,2.458802,0.983521,target_exit,confirm,next_open
20260809_000809_3032e9,2024-11-01,002807.SZ,buy,100,6.22622,622.622,0.622,0.155656,0.0,rebalance_increase,,next_open
20260809_000809_3032e9,2024-11-01,601916.SH,buy,400,3.750667,1500.2668,1.498768,0.375067,0.0,rebalance_increase,,next_open
20260809_000809_3032e9,2024-11-01,600919.SH,buy,100,13.65376,1365.376,1.364012,0.341344,0.0,rebalance_increase,,next_open
20260809_000809_3032e9,2024-12-23,600368.SH,sell,300,29.351299,8805.3897,8.814204,2.201347,0.880539,rebalance_reduce,confirm,next_open
20260809_000809_3032e9,2024-12-23,002807.SZ,sell,100,6.555538,655.5538,0.65621,0.163888,0.065555,rebalance_reduce,confirm,next_open
20260809_000809_3032e9,2024-12-23,603167.SH,sell,200,12.710306,2542.0612,2.544606,0.635515,0.254206,rebalance_reduce,confirm,next_open
20260809_000809_3032e9,2024-12-23,601326.SH,sell,5400,3.976947,21475.5138,21.497011,5.368878,2.147551,target_exit,confirm,next_open
20260809_000809_3032e9,2024-12-23,600863.SH,buy,100,95.155705,9515.5705,9.506064,2.378893,0.0,rebalance_increase,,next_open
20260809_000809_3032e9,2024-12-23,601827.SH,buy,400,9.424825,3769.93,3.766164,0.942483,0.0,rebalance_increase,,next_open
20260809_000809_3032e9,2024-12-23,603299.SH,buy,100,12.626434,1262.6434,1.261382,0.315661,0.0,rebalance_increase,,next_open
20260809_000809_3032e9,2024-12-23,603689.SH,buy,100,14.509495,1450.9495,1.4495,0.362737,0.0,rebalance_increase,,next_open
20260809_000809_3032e9,2024-12-23,600219.SH,buy,100,30.343249,3034.3249,3.031294,0.758581,0.0,rebalance_increase,,next_open
20260809_000809_3032e9,2024-12-23,601611.SH,buy,100,9.116988,911.6988,0.910788,0.227925,0.0,rebalance_increase,,next_open
20260809_000809_3032e9,2025-01-03,600863.SH,sell,100,92.569663,9256.9663,9.266233,2.314242,0.925697,rebalance_reduce,confirm,next_open
20260809_000809_3032e9,2025-01-03,603689.SH,sell,500,14.448037,7224.0185,7.23125,1.806005,0.722402,rebalance_reduce,confirm,next_open
20260809_000809_3032e9,2025-01-03,600219.SH,sell,200,30.595622,6119.1244,6.12525,1.529781,0.611912,rebalance_reduce,confirm,next_open
20260809_000809_3032e9,2025-01-03,603299.SH,sell,800,12.981316,10385.0528,10.395448,2.596263,1.038505,rebalance_reduce,confirm,next_open
20260809_000809_3032e9,2025-01-03,600033.SH,sell,700,33.093692,23165.5844,23.188773,5.791396,2.316558,target_exit,confirm,next_open
20260809_000809_3032e9,2025-01-03,600368.SH,sell,700,26.658015,18660.6105,18.67929,4.665153,1.866061,target_exit,confirm,next_open
20260809_000809_3032e9,2025-01-03,002807.SZ,sell,1800,6.571072,11827.9296,11.83977,2.956982,1.182793,target_exit,confirm,next_open
20260809_000809_3032e9,2025-01-03,603167.SH,sell,1700,12.768811,21706.9787,21.728708,5.426745,2.170698,target_exit,confirm,next_open
20260809_000809_3032e9,2025-01-03,600428.SH,sell,400,47.371189,18948.4756,18.967443,4.737119,1.894848,target_exit,confirm,next_open
20260809_000809_3032e9,2025-01-03,600919.SH,sell,1000,15.029206,15029.206,15.04425,3.757302,1.502921,target_exit,confirm,next_open
20260809_000809_3032e9,2025-01-03,601009.SH,sell,200,70.950287,14190.0574,14.204262,3.547514,1.419006,target_exit,confirm,next_open
20260809_000809_3032e9,2025-01-03,600926.SH,sell,400,36.198489,14479.3956,14.49389,3.619849,1.44794,target_exit,confirm,next_open
20260809_000809_3032e9,2025-01-03,601838.SH,sell,600,22.758307,13654.9842,13.668653,3.413746,1.365498,target_exit,confirm,next_open
20260809_000809_3032e9,2025-01-03,601229.SH,sell,400,32.111932,12844.7728,12.85763,3.211193,1.284477,target_exit,confirm,next_open
20260809_000809_3032e9,2025-01-03,600008.SH,sell,800,30.453156,24362.5248,24.386912,6.090631,2.436252,target_exit,confirm,next_open
20260809_000809_3032e9,2025-01-03,600900.SH,sell,300,106.314372,31894.3116,31.926238,7.973578,3.189431,target_exit,confirm,next_open
20260809_000809_3032e9,2025-01-03,600035.SH,sell,1600,15.909575,25455.32,25.4808,6.36383,2.545532,target_exit,confirm,next_open
20260809_000809_3032e9,2025-01-03,600020.SH,sell,1100,18.557604,20413.3644,20.433798,5.103341,2.041336,target_exit,confirm,next_open
20260809_000809_3032e9,2025-01-03,000885.SZ,sell,700,27.485599,19239.9193,19.259178,4.80998,1.923992,target_exit,confirm,next_open
20260809_000809_3032e9,2025-01-03,601827.SH,sell,2700,9.239811,24947.4897,24.972462,6.236872,2.494749,target_exit,confirm,next_open
20260809_000809_3032e9,2025-01-03,600098.SH,sell,500,37.443039,18721.5195,18.74026,4.68038,1.872152,target_exit,confirm,next_open
20260809_000809_3032e9,2025-01-03,600551.SH,sell,400,50.68162,20272.648,20.292941,5.068162,2.027265,target_exit,confirm,next_open
20260809_000809_3032e9,2025-01-03,603111.SH,sell,1200,15.880124,19056.1488,19.075224,4.764037,1.905615,target_exit,confirm,next_open
20260809_000809_3032e9,2025-01-03,605090.SH,sell,500,41.057755,20528.8775,20.549427,5.132219,2.052888,target_exit,confirm,next_open
20260809_000809_3032e9,2025-01-03,002911.SZ,sell,700,33.509277,23456.4939,23.479974,5.864123,2.345649,target_exit,confirm,next_open
20260809_000809_3032e9,2025-01-03,601611.SH,sell,1900,9.141489,17368.8291,17.386216,4.342207,1.736883,target_exit,confirm,next_open
20260809_000809_3032e9,2025-01-03,605507.SH,buy,500,21.567386,10783.693,10.77292,2.695923,0.0,target_weight_new,,next_open
20260809_000809_3032e9,2025-01-03,002039.SZ,buy,300,55.933858,16780.1574,16.763394,4.195039,0.0,target_weight_new,,next_open
20260809_000809_3032e9,2025-01-03,000582.SZ,buy,300,44.746181,13423.8543,13.410444,3.355964,0.0,target_weight_new,,next_open
20260809_000809_3032e9,2025-01-03,601997.SH,buy,1100,11.218167,12339.9837,12.327656,3.084996,0.0,target_weight_new,,next_open
20260809_000809_3032e9,2025-01-03,601916.SH,buy,100,3.790427,379.0427,0.378664,0.094761,0.0,rebalance_increase,,next_open
20260809_000809_3032e9,2025-01-03,002966.SZ,buy,1400,10.858622,15202.0708,15.186884,3.800518,0.0,target_weight_new,,next_open
20260809_000809_3032e9,2025-01-03,601939.SH,buy,900,20.045893,18041.3037,18.02328,4.510326,0.0,target_weight_new,,next_open
20260809_000809_3032e9,2025-01-03,002948.SZ,buy,2500,5.24544,13113.6,13.1005,3.2784,0.0,target_weight_new,,next_open
20260809_000809_3032e9,2025-01-03,000581.SZ,buy,100,112.959166,11295.9166,11.284632,2.823979,0.0,target_weight_new,,next_open
20260809_000809_3032e9,2025-01-03,002048.SZ,buy,100,103.246563,10324.6563,10.314342,2.581164,0.0,target_weight_new,,next_open
20260809_000809_3032e9,2025-01-03,601966.SH,buy,600,19.941901,11965.1406,11.953187,2.991285,0.0,target_weight_new,,next_open
20260809_000809_3032e9,2025-01-03,001286.SZ,buy,1500,9.698048,14547.072,14.53254,3.636768,0.0,target_weight_new,,next_open
20260809_000809_3032e9,2025-01-03,600938.SH,buy,300,35.744319,10723.2957,10.712583,2.680824,0.0,target_weight_new,,next_open
20260809_000809_3032e9,2025-01-03,605368.SH,buy,500,20.423868,10211.934,10.201733,2.552983,0.0,target_weight_new,,next_open
20260809_000809_3032e9,2025-01-03,601139.SH,buy,800,17.389192,13911.3536,13.897456,3.477838,0.0,target_weight_new,,next_open
20260809_000809_3032e9,2025-01-03,002267.SZ,buy,500,24.939012,12469.506,12.457049,3.117376,0.0,target_weight_new,,next_open
20260809_000809_3032e9,2025-01-03,002884.SZ,buy,100,103.349446,10334.9446,10.32462,2.583736,0.0,target_weight_new,,next_open
20260809_000809_3032e9,2025-01-03,600502.SH,buy,100,71.905033,7190.5033,7.18332,1.797626,0.0,target_weight_new,,next_open
20260809_000809_3032e9,2025-01-03,600820.SH,buy,100,158.027722,15802.7722,15.786985,3.950693,0.0,target_weight_new,,next_open
20260809_000809_3032e9,2025-01-03,601717.SH,buy,300,35.403778,10621.1334,10.610523,2.655283,0.0,target_weight_new,,next_open
20260809_000809_3032e9,2025-01-03,601677.SH,buy,500,18.976533,9488.2665,9.478788,2.372067,0.0,target_weight_new,,next_open
20260809_000809_3032e9,2025-01-03,600888.SH,buy,100,93.589076,9358.9076,9.349558,2.339727,0.0,target_weight_new,,next_open
20260809_000809_3032e9,2025-01-03,000830.SZ,buy,100,97.495939,9749.5939,9.739854,2.437398,0.0,target_weight_new,,next_open
20260809_000809_3032e9,2025-01-03,600328.SH,buy,300,35.840625,10752.1875,10.741446,2.688047,0.0,target_weight_new,,next_open
20260809_000809_3032e9,2025-01-03,600901.SH,buy,1200,10.058749,12070.4988,12.05844,3.017625,0.0,target_weight_new,,next_open
20260809_000809_3032e9,2025-01-03,000725.SZ,buy,500,22.744882,11372.441,11.36108,2.84311,0.0,target_weight_new,,next_open
20260809_000809_3032e9,2025-01-03,601061.SH,buy,1700,7.408341,12594.1797,12.581598,3.148545,0.0,target_weight_new,,next_open
20260809_000809_3032e9,2025-01-03,600059.SH,buy,100,75.58521,7558.521,7.55097,1.88963,0.0,target_weight_new,,next_open
20260809_000809_3032e9,2025-01-03,601975.SH,buy,3500,3.09309,10825.815,10.815,2.706454,0.0,target_weight_new,,next_open
20260809_000809_3032e9,2025-01-03,002237.SZ,buy,100,85.272047,8527.2047,8.518686,2.131801,0.0,target_weight_new,,next_open
20260809_000809_3032e9,2025-01-03,601107.SH,buy,1100,7.374077,8111.4847,8.103381,2.027871,0.0,target_weight_new,,next_open
20260809_000809_3032e9,2025-01-03,000960.SZ,buy,200,48.671343,9734.2686,9.724544,2.433567,0.0,target_weight_new,,next_open
20260809_000809_3032e9,2025-01-03,600461.SH,buy,200,53.322329,10664.4658,10.653812,2.666116,0.0,target_weight_new,,next_open
20260809_000809_3032e9,2025-01-03,000923.SZ,buy,400,24.686732,9874.6928,9.864828,2.468673,0.0,target_weight_new,,next_open
20260809_000809_3032e9,2025-01-03,000778.SZ,buy,200,56.190562,11238.1124,11.226886,2.809528,0.0,target_weight_new,,next_open
20260809_000809_3032e9,2025-01-03,002539.SZ,buy,200,50.491541,10098.3082,10.08822,2.524577,0.0,target_weight_new,,next_open
20260809_000809_3032e9,2025-01-13,603299.SH,sell,1100,11.933135,13126.4485,13.139588,3.281612,1.312645,target_exit,confirm,next_open
20260809_000809_3032e9,2025-01-13,603689.SH,sell,1000,13.490246,13490.246,13.50375,3.372561,1.349025,target_exit,confirm,next_open
20260809_000809_3032e9,2025-01-13,600820.SH,sell,100,143.93801,14393.801,14.408209,3.59845,1.43938,target_exit,confirm,next_open
20260809_000809_3032e9,2025-01-13,001286.SZ,buy,1100,9.356267,10291.8937,10.281612,2.572973,0.0,rebalance_increase,,next_open
20260809_000809_3032e9,2025-01-13,601916.SH,buy,3200,3.72416,11917.312,11.905408,2.979328,0.0,rebalance_increase,,next_open
20260809_000809_3032e9,2025-01-13,601997.SH,buy,1000,10.930029,10930.029,10.91911,2.732507,0.0,rebalance_increase,,next_open
20260809_000809_3032e9,2025-01-13,002966.SZ,buy,900,10.940988,9846.8892,9.837052,2.461722,0.0,rebalance_increase,,next_open
20260809_000809_3032e9,2025-01-13,601939.SH,buy,400,19.989115,7995.646,7.987658,1.998911,0.0,rebalance_increase,,next_open
20260809_000809_3032e9,2025-01-13,002948.SZ,buy,1600,5.24544,8392.704,8.38432,2.098176,0.0,rebalance_increase,,next_open
20260809_000809_3032e9,2025-01-13,600219.SH,buy,200,30.421655,6084.331,6.078253,1.521083,0.0,rebalance_increase,,next_open
20260809_000809_3032e9,2025-01-13,601677.SH,buy,500,18.765927,9382.9635,9.37359,2.345741,0.0,rebalance_increase,,next_open
20260809_000809_3032e9,2025-01-13,600888.SH,buy,100,90.097948,9009.7948,9.000794,2.252449,0.0,rebalance_increase,,next_open
20260809_000809_3032e9,2025-01-13,605507.SH,buy,300,20.321461,6096.4383,6.090348,1.52411,0.0,rebalance_increase,,next_open
20260809_000809_3032e9,2025-01-13,002039.SZ,buy,200,53.981804,10796.3608,10.785575,2.69909,0.0,rebalance_increase,,next_open
20260809_000809_3032e9,2025-01-13,000582.SZ,buy,200,45.128161,9025.6322,9.016616,2.256408,0.0,rebalance_increase,,next_open
20260809_000809_3032e9,2025-01-13,000581.SZ,buy,100,108.085928,10808.5928,10.797795,2.702148,0.0,rebalance_increase,,next_open
20260809_000809_3032e9,2025-01-13,601966.SH,buy,500,19.288807,9644.4035,9.634768,2.411101,0.0,rebalance_increase,,next_open
20260809_000809_3032e9,2025-01-13,600938.SH,buy,300,35.474087,10642.2261,10.631594,2.660557,0.0,rebalance_increase,,next_open
20260809_000809_3032e9,2025-01-13,605368.SH,buy,500,19.669425,9834.7125,9.824887,2.458678,0.0,rebalance_increase,,next_open
20260809_000809_3032e9,2025-01-13,601139.SH,buy,500,16.618622,8309.311,8.30101,2.077328,0.0,rebalance_increase,,next_open
20260809_000809_3032e9,2025-01-13,002267.SZ,buy,300,23.68287,7104.861,7.097763,1.776215,0.0,rebalance_increase,,next_open
20260809_000809_3032e9,2025-01-13,002884.SZ,buy,100,98.58809,9858.809,9.84896,2.464702,0.0,rebalance_increase,,next_open
20260809_000809_3032e9,2025-01-13,600502.SH,buy,200,66.95673,13391.346,13.377968,3.347837,0.0,rebalance_increase,,next_open
20260809_000809_3032e9,2025-01-13,601717.SH,buy,300,34.685201,10405.5603,10.395165,2.60139,0.0,rebalance_increase,,next_open
20260809_000809_3032e9,2025-01-13,000830.SZ,buy,100,92.476514,9247.6514,9.238413,2.311913,0.0,rebalance_increase,,next_open
20260809_000809_3032e9,2025-01-13,600328.SH,buy,200,33.660207,6732.0414,6.725316,1.68301,0.0,rebalance_increase,,next_open
20260809_000809_3032e9,2025-01-13,600901.SH,buy,900,9.686927,8718.2343,8.709525,2.179559,0.0,rebalance_increase,,next_open
20260809_000809_3032e9,2025-01-13,000725.SZ,buy,200,22.423021,4484.6042,4.480124,1.121151,0.0,rebalance_increase,,next_open
20260809_000809_3032e9,2025-01-13,601061.SH,buy,1600,7.210924,11537.4784,11.525952,2.88437,0.0,rebalance_increase,,next_open
20260809_000809_3032e9,2025-01-13,600059.SH,buy,100,69.983113,6998.3113,6.99132,1.749578,0.0,rebalance_increase,,next_open
20260809_000809_3032e9,2025-01-13,601975.SH,buy,2700,3.14314,8486.478,8.478,2.121619,0.0,rebalance_increase,,next_open
20260809_000809_3032e9,2025-01-13,002237.SZ,buy,100,84.34426,8434.426,8.426,2.108607,0.0,rebalance_increase,,next_open
20260809_000809_3032e9,2025-01-13,601107.SH,buy,900,7.083186,6374.8674,6.368499,1.593717,0.0,rebalance_increase,,next_open
20260809_000809_3032e9,2025-01-13,000960.SZ,buy,200,48.880832,9776.1664,9.7664,2.444042,0.0,rebalance_increase,,next_open
20260809_000809_3032e9,2025-01-13,600461.SH,buy,200,50.137267,10027.4534,10.017436,2.506863,0.0,rebalance_increase,,next_open
20260809_000809_3032e9,2025-01-13,000923.SZ,buy,300,23.93376,7180.128,7.172955,1.795032,0.0,rebalance_increase,,next_open
20260809_000809_3032e9,2025-01-13,000778.SZ,buy,100,53.169564,5316.9564,5.311645,1.329239,0.0,rebalance_increase,,next_open
20260809_000809_3032e9,2025-01-13,002539.SZ,buy,200,47.986739,9597.3478,9.58776,2.399337,0.0,rebalance_increase,,next_open
20260809_000809_3032e9,2025-02-18,002948.SZ,sell,200,5.703351,1140.6702,1.141812,0.285168,0.114067,rebalance_reduce,confirm,next_open
20260809_000809_3032e9,2025-02-18,600938.SH,sell,600,32.608219,19564.9314,19.584516,4.891233,1.956493,target_exit,confirm,next_open
20260809_000809_3032e9,2025-02-18,001286.SZ,buy,700,9.773153,6841.2071,6.834373,1.710302,0.0,rebalance_increase,,next_open
20260809_000809_3032e9,2025-02-18,601916.SH,buy,600,3.84344,2306.064,2.30376,0.576516,0.0,rebalance_increase,,next_open
20260809_000809_3032e9,2025-02-18,601997.SH,buy,300,11.198958,3359.6874,3.356331,0.839922,0.0,rebalance_increase,,next_open
20260809_000809_3032e9,2025-02-18,600219.SH,buy,100,30.421655,3042.1655,3.039126,0.760541,0.0,rebalance_increase,,next_open
20260809_000809_3032e9,2025-02-18,601677.SH,buy,100,19.32971,1932.971,1.93104,0.483243,0.0,rebalance_increase,,next_open
20260809_000809_3032e9,2025-02-18,605507.SH,buy,100,21.395534,2139.5534,2.137416,0.534888,0.0,rebalance_increase,,next_open
20260809_000809_3032e9,2025-02-18,002048.SZ,buy,100,103.574851,10357.4851,10.347138,2.589371,0.0,rebalance_increase,,next_open
20260809_000809_3032e9,2025-02-18,601966.SH,buy,100,20.133325,2013.3325,2.011321,0.503333,0.0,rebalance_increase,,next_open
20260809_000809_3032e9,2025-02-18,605368.SH,buy,500,19.453869,9726.9345,9.717218,2.431734,0.0,rebalance_increase,,next_open
20260809_000809_3032e9,2025-02-18,601139.SH,buy,400,17.029593,6811.8372,6.805032,1.702959,0.0,rebalance_increase,,next_open
20260809_000809_3032e9,2025-02-18,002267.SZ,buy,200,23.437769,4687.5538,4.682871,1.171888,0.0,rebalance_increase,,next_open
20260809_000809_3032e9,2025-02-18,600328.SH,buy,200,33.705632,6741.1264,6.734392,1.685282,0.0,rebalance_increase,,next_open
20260809_000809_3032e9,2025-02-18,600901.SH,buy,600,9.98047,5988.282,5.9823,1.49707,0.0,rebalance_increase,,next_open
20260809_000809_3032e9,2025-02-18,000725.SZ,buy,100,24.568764,2456.8764,2.454422,0.614219,0.0,rebalance_increase,,next_open
20260809_000809_3032e9,2025-02-18,601061.SH,buy,500,7.584977,3792.4885,3.7887,0.948122,0.0,rebalance_increase,,next_open
20260809_000809_3032e9,2025-02-18,600059.SH,buy,100,72.310138,7231.0138,7.22379,1.807753,0.0,rebalance_increase,,next_open
20260809_000809_3032e9,2025-02-18,601975.SH,buy,600,3.09309,1855.854,1.854,0.463964,0.0,rebalance_increase,,next_open
20260809_000809_3032e9,2025-02-18,601107.SH,buy,1900,7.28681,13844.939,13.831107,3.461235,0.0,rebalance_increase,,next_open
20260809_000809_3032e9,2025-02-18,000960.SZ,buy,100,51.049595,5104.9595,5.09986,1.27624,0.0,rebalance_increase,,next_open
20260809_000809_3032e9,2025-02-18,000923.SZ,buy,300,24.973579,7492.0737,7.484589,1.873018,0.0,rebalance_increase,,next_open
20260809_000809_3032e9,2025-02-18,000778.SZ,buy,100,53.622714,5362.2714,5.356915,1.340568,0.0,rebalance_increase,,next_open
20260809_000809_3032e9,2025-02-25,600863.SH,sell,200,81.243492,16248.6984,16.264963,4.062175,1.62487,target_exit,confirm,next_open
20260809_000809_3032e9,2025-02-25,601916.SH,buy,1200,3.790427,4548.5124,4.543968,1.137128,0.0,rebalance_increase,,next_open
20260809_000809_3032e9,2025-02-25,601997.SH,buy,600,11.102912,6661.7472,6.655092,1.665437,0.0,rebalance_increase,,next_open
20260809_000809_3032e9,2025-02-25,002966.SZ,buy,200,10.172236,2034.4472,2.032415,0.508612,0.0,rebalance_increase,,next_open
20260809_000809_3032e9,2025-02-25,002948.SZ,buy,100,5.631946,563.1946,0.562632,0.140799,0.0,rebalance_increase,,next_open
20260809_000809_3032e9,2025-02-25,600219.SH,buy,100,29.794405,2979.4405,2.976464,0.74486,0.0,rebalance_increase,,next_open
20260809_000809_3032e9,2025-02-25,601677.SH,buy,100,20.086791,2008.6791,2.006672,0.50217,0.0,rebalance_increase,,next_open
20260809_000809_3032e9,2025-02-25,605507.SH,buy,200,20.955164,4191.0328,4.186846,1.047758,0.0,rebalance_increase,,next_open
20260809_000809_3032e9,2025-02-25,002039.SZ,buy,100,54.657515,5465.7515,5.460291,1.366438,0.0,rebalance_increase,,next_open
20260809_000809_3032e9,2025-02-25,000582.SZ,buy,100,44.582476,4458.2476,4.453794,1.114562,0.0,rebalance_increase,,next_open
20260809_000809_3032e9,2025-02-25,601966.SH,buy,100,19.784257,1978.4257,1.976449,0.494606,0.0,rebalance_increase,,next_open
20260809_000809_3032e9,2025-02-25,001286.SZ,buy,300,9.483181,2844.9543,2.842112,0.711239,0.0,rebalance_increase,,next_open
20260809_000809_3032e9,2025-02-25,605368.SH,buy,100,18.879055,1887.9055,1.886019,0.471976,0.0,rebalance_increase,,next_open
20260809_000809_3032e9,2025-02-25,601139.SH,buy,100,16.721365,1672.1365,1.670466,0.418034,0.0,rebalance_increase,,next_open
20260809_000809_3032e9,2025-02-25,002267.SZ,buy,100,22.978205,2297.8205,2.295525,0.574455,0.0,rebalance_increase,,next_open
20260809_000809_3032e9,2025-02-25,600502.SH,buy,100,70.667957,7066.7957,7.059736,1.766699,0.0,rebalance_increase,,next_open
20260809_000809_3032e9,2025-02-25,600328.SH,buy,100,33.52393,3352.393,3.349044,0.838098,0.0,rebalance_increase,,next_open
20260809_000809_3032e9,2025-02-25,600901.SH,buy,200,9.765205,1953.041,1.95109,0.48826,0.0,rebalance_increase,,next_open
20260809_000809_3032e9,2025-02-25,601061.SH,buy,300,7.449902,2234.9706,2.232738,0.558743,0.0,rebalance_increase,,next_open
20260809_000809_3032e9,2025-02-25,601975.SH,buy,300,3.05305,915.915,0.915,0.228979,0.0,rebalance_increase,,next_open
20260809_000809_3032e9,2025-02-25,002237.SZ,buy,100,87.802375,8780.2375,8.771466,2.195059,0.0,rebalance_increase,,next_open
20260809_000809_3032e9,2025-02-25,601107.SH,buy,300,7.010463,2103.1389,2.101038,0.525785,0.0,rebalance_increase,,next_open
20260809_000809_3032e9,2025-02-25,000923.SZ,buy,100,24.399886,2439.9886,2.437551,0.609997,0.0,rebalance_increase,,next_open
20260809_000809_3032e9,2025-04-02,601997.SH,sell,1400,11.272436,15781.4104,15.797208,3.945353,1.578141,rebalance_reduce,confirm,next_open
20260809_000809_3032e9,2025-04-02,601939.SH,sell,700,20.640367,14448.2569,14.46272,3.612064,1.444826,rebalance_reduce,confirm,next_open
20260809_000809_3032e9,2025-04-02,002948.SZ,sell,1900,5.730903,10888.7157,10.899616,2.722179,1.088872,rebalance_reduce,confirm,next_open
20260809_000809_3032e9,2025-04-02,600328.SH,sell,100,33.638288,3363.8288,3.367196,0.840957,0.336383,rebalance_reduce,confirm,next_open
20260809_000809_3032e9,2025-04-02,601107.SH,sell,1000,7.954478,7954.478,7.96244,1.988619,0.795448,rebalance_reduce,confirm,next_open
20260809_000809_3032e9,2025-04-02,601916.SH,sell,9200,3.875441,35654.0572,35.689744,8.913514,3.565406,target_exit,confirm,next_open
20260809_000809_3032e9,2025-04-02,605507.SH,sell,1100,22.628379,24891.2169,24.916133,6.222804,2.489122,target_exit,confirm,next_open
20260809_000809_3032e9,2025-04-02,002039.SZ,sell,600,61.067132,36640.2792,36.676956,9.16007,3.664028,target_exit,confirm,next_open
20260809_000809_3032e9,2025-04-02,000582.SZ,sell,600,46.998536,28199.1216,28.227349,7.04978,2.819912,target_exit,confirm,next_open
20260809_000809_3032e9,2025-04-02,002966.SZ,sell,2500,10.891727,27229.3175,27.256575,6.807329,2.722932,target_exit,confirm,next_open
20260809_000809_3032e9,2025-04-02,000581.SZ,sell,200,130.628666,26125.7332,26.151885,6.531433,2.612573,target_exit,confirm,next_open
20260809_000809_3032e9,2025-04-02,002048.SZ,sell,200,125.646887,25129.3774,25.154532,6.282344,2.512938,target_exit,confirm,next_open
20260809_000809_3032e9,2025-04-02,601966.SH,sell,1300,19.980721,25974.9373,26.000939,6.493734,2.597494,target_exit,confirm,next_open
20260809_000809_3032e9,2025-04-02,001286.SZ,sell,3600,10.128766,36463.5576,36.500058,9.115889,3.646356,target_exit,confirm,next_open
20260809_000809_3032e9,2025-04-02,605368.SH,sell,1600,19.415001,31064.0016,31.095096,7.766,3.1064,target_exit,confirm,next_open
20260809_000809_3032e9,2025-04-02,601139.SH,sell,1800,17.405717,31330.2906,31.361652,7.832573,3.133029,target_exit,confirm,next_open
20260809_000809_3032e9,2025-04-02,002267.SZ,sell,1100,25.378406,27916.2466,27.944191,6.979062,2.791625,target_exit,confirm,next_open
20260809_000809_3032e9,2025-04-02,002884.SZ,sell,200,101.186312,20237.2624,20.25752,5.059316,2.023726,target_exit,confirm,next_open
20260809_000809_3032e9,2025-04-02,601717.SH,sell,600,42.532045,25519.227,25.544772,6.379807,2.551923,target_exit,confirm,next_open
20260809_000809_3032e9,2025-04-02,601677.SH,sell,1200,20.609314,24731.1768,24.755933,6.182794,2.473118,target_exit,confirm,next_open
20260809_000809_3032e9,2025-04-02,600888.SH,sell,200,97.42226,19484.452,19.503956,4.871113,1.948445,target_exit,confirm,next_open
20260809_000809_3032e9,2025-04-02,000830.SZ,sell,200,103.414302,20682.8604,20.703564,5.170715,2.068286,target_exit,confirm,next_open
20260809_000809_3032e9,2025-04-02,600901.SH,sell,2900,10.312078,29905.0262,29.93496,7.476257,2.990503,target_exit,confirm,next_open
20260809_000809_3032e9,2025-04-02,000725.SZ,sell,800,22.485292,17988.2336,18.00624,4.497058,1.798823,target_exit,confirm,next_open
20260809_000809_3032e9,2025-04-02,601061.SH,sell,4100,8.088304,33162.0464,33.19524,8.290512,3.316205,target_exit,confirm,next_open
20260809_000809_3032e9,2025-04-02,600059.SH,sell,300,74.31601,22294.803,22.31712,5.573701,2.22948,target_exit,confirm,next_open
20260809_000809_3032e9,2025-04-02,601975.SH,sell,7100,2.98701,21207.771,21.229,5.301943,2.120777,target_exit,confirm,next_open
20260809_000809_3032e9,2025-04-02,002237.SZ,sell,300,94.108477,28232.5431,28.260804,7.058136,2.823254,target_exit,confirm,next_open
20260809_000809_3032e9,2025-04-02,000960.SZ,sell,500,55.123055,27561.5275,27.589117,6.890382,2.756153,target_exit,confirm,next_open
20260809_000809_3032e9,2025-04-02,000923.SZ,sell,1100,28.090581,30899.6391,30.93057,7.72491,3.089964,target_exit,confirm,next_open
20260809_000809_3032e9,2025-04-02,000778.SZ,sell,400,52.761835,21104.734,21.12586,5.276184,2.110473,target_exit,confirm,next_open
20260809_000809_3032e9,2025-04-02,002539.SZ,sell,400,52.231892,20892.7568,20.91367,5.223189,2.089276,target_exit,confirm,next_open
20260809_000809_3032e9,2025-04-02,002839.SZ,buy,2200,6.413567,14109.8474,14.095752,3.527462,0.0,target_weight_new,,next_open
20260809_000809_3032e9,2025-04-02,600908.SH,buy,1900,7.282958,13837.6202,13.823796,3.459405,0.0,target_weight_new,,next_open
20260809_000809_3032e9,2025-04-02,600016.SH,buy,100,138.491847,13849.1847,13.835349,3.462296,0.0,target_weight_new,,next_open
20260809_000809_3032e9,2025-04-02,601860.SH,buy,4400,3.390726,14919.1944,14.904292,3.729799,0.0,target_weight_new,,next_open
20260809_000809_3032e9,2025-04-02,603323.SH,buy,1300,9.365516,12175.1708,12.163008,3.043793,0.0,target_weight_new,,next_open
20260809_000809_3032e9,2025-04-02,601528.SH,buy,1700,7.409963,12596.9371,12.584352,3.149234,0.0,target_weight_new,,next_open
20260809_000809_3032e9,2025-04-02,002958.SZ,buy,3800,3.647631,13860.9978,13.847151,3.465249,0.0,target_weight_new,,next_open
20260809_000809_3032e9,2025-04-02,601187.SH,buy,1800,7.209332,12976.7976,12.963834,3.244199,0.0,target_weight_new,,next_open
20260809_000809_3032e9,2025-04-02,002807.SZ,buy,1600,6.895539,11032.8624,11.02184,2.758216,0.0,target_weight_new,,next_open
20260809_000809_3032e9,2025-04-02,601128.SH,buy,1100,9.563774,10520.1514,10.509642,2.630038,0.0,target_weight_new,,next_open
20260809_000809_3032e9,2025-04-02,600008.SH,buy,1000,30.227157,30227.157,30.19696,7.556789,0.0,target_weight_new,,next_open
20260809_000809_3032e9,2025-04-02,601607.SH,buy,100,206.273383,20627.3383,20.606732,5.156835,0.0,target_weight_new,,next_open
20260809_000809_3032e9,2025-04-02,002462.SZ,buy,900,23.618379,21256.5411,21.235306,5.314135,0.0,target_weight_new,,next_open
20260809_000809_3032e9,2025-04-02,002788.SZ,buy,800,27.342779,21874.2232,21.852371,5.468556,0.0,target_weight_new,,next_open
20260809_000809_3032e9,2025-04-02,002061.SZ,buy,1700,13.751838,23378.1246,23.35477,5.844531,0.0,target_weight_new,,next_open
20260809_000809_3032e9,2025-04-02,600479.SH,buy,100,164.428094,16442.8094,16.426383,4.110702,0.0,target_weight_new,,next_open
20260809_000809_3032e9,2025-04-02,600021.SH,buy,1200,21.240249,25488.2988,25.462836,6.372075,0.0,target_weight_new,,next_open
20260809_000809_3032e9,2025-04-02,000875.SZ,buy,3200,7.974587,25518.6784,25.493184,6.37967,0.0,target_weight_new,,next_open
20260809_000809_3032e9,2025-04-02,603299.SH,buy,1600,12.811098,20497.7568,20.47728,5.124439,0.0,target_weight_new,,next_open
20260809_000809_3032e9,2025-04-02,300999.SZ,buy,600,32.52229,19513.374,19.49388,4.878343,0.0,target_weight_new,,next_open
20260809_000809_3032e9,2025-04-02,601089.SH,buy,1400,16.928912,23700.4768,23.6768,5.925119,0.0,target_weight_new,,next_open
20260809_000809_3032e9,2025-04-02,600267.SH,buy,300,66.47681,19943.043,19.92312,4.985761,0.0,target_weight_new,,next_open
20260809_000809_3032e9,2025-04-02,600573.SH,buy,1500,15.23557,22853.355,22.830525,5.713339,0.0,target_weight_new,,next_open
20260809_000809_3032e9,2025-04-02,601333.SH,buy,6100,3.964127,24181.1747,24.157019,6.045294,0.0,target_weight_new,,next_open
20260809_000809_3032e9,2025-04-02,603301.SH,buy,500,50.966571,25483.2855,25.457828,6.370821,0.0,target_weight_new,,next_open
20260809_000809_3032e9,2025-04-02,601222.SH,buy,600,37.142776,22285.6656,22.263402,5.571416,0.0,target_weight_new,,next_open
20260809_000809_3032e9,2025-04-02,601579.SH,buy,1800,12.968275,23342.895,23.319576,5.835724,0.0,target_weight_new,,next_open
20260809_000809_3032e9,2025-04-02,002818.SZ,buy,500,36.130916,18065.458,18.04741,4.516364,0.0,target_weight_new,,next_open
20260809_000809_3032e9,2025-04-02,600757.SH,buy,200,75.657582,15131.5164,15.1164,3.782879,0.0,target_weight_new,,next_open
20260809_000809_3032e9,2025-04-02,600273.SH,buy,1400,16.840053,23576.0742,23.552522,5.894019,0.0,target_weight_new,,next_open
20260809_000809_3032e9,2025-04-02,000776.SZ,buy,100,101.604708,10160.4708,10.150321,2.540118,0.0,target_weight_new,,next_open
20260809_000809_3032e9,2025-04-02,601375.SH,buy,4000,4.295292,17181.168,17.164004,4.295292,0.0,target_weight_new,,next_open
20260809_000809_3032e9,2025-04-02,600017.SH,buy,2500,10.804163,27010.4075,26.983425,6.752602,0.0,target_weight_new,,next_open
20260809_000809_3032e9,2025-04-02,600356.SH,buy,1300,17.219983,22385.9779,22.363614,5.596494,0.0,target_weight_new,,next_open
20260809_000809_3032e9,2025-04-02,603167.SH,buy,1700,12.989392,22081.9664,22.059907,5.520492,0.0,target_weight_new,,next_open
20260809_000809_3032e9,2025-04-02,301276.SZ,buy,800,22.166194,17732.9552,17.71524,4.433239,0.0,target_weight_new,,next_open
20260809_000809_3032e9,2025-04-02,002984.SZ,buy,500,35.371076,17685.538,17.66787,4.421385,0.0,target_weight_new,,next_open
20260809_000809_3032e9,2025-04-02,603080.SH,buy,1200,18.013195,21615.834,21.59424,5.403958,0.0,target_weight_new,,next_open
20260809_000809_3032e9,2025-04-02,688739.SH,buy,500,29.763854,14881.927,14.86706,3.720482,0.0,target_weight_new,,next_open
20260809_000809_3032e9,2025-04-08,600219.SH,sell,800,26.21364,20970.912,20.991904,5.242728,2.097091,target_exit,confirm,next_open
20260809_000809_3032e9,2025-04-08,600328.SH,sell,700,30.691538,21484.0766,21.505582,5.371019,2.148408,target_exit,confirm,next_open
20260809_000809_3032e9,2025-04-08,002462.SZ,sell,900,21.551851,19396.6659,19.416082,4.849166,1.939667,target_exit,confirm,next_open
20260809_000809_3032e9,2025-04-08,002788.SZ,sell,800,25.199104,20159.2832,20.179462,5.039821,2.015928,target_exit,confirm,next_open
20260809_000809_3032e9,2025-04-08,002061.SZ,sell,1700,12.508279,21264.0743,21.28536,5.316019,2.126407,target_exit,confirm,next_open
20260809_000809_3032e9,2025-04-08,600479.SH,sell,100,149.366654,14936.6654,14.951617,3.734166,1.493667,target_exit,confirm,next_open
20260809_000809_3032e9,2025-04-08,600021.SH,sell,1200,19.322708,23187.2496,23.21046,5.796812,2.318725,target_exit,confirm,next_open
20260809_000809_3032e9,2025-04-08,000875.SZ,sell,3200,7.207003,23062.4096,23.085494,5.765602,2.306241,target_exit,confirm,next_open
20260809_000809_3032e9,2025-04-08,603299.SH,sell,1600,11.564544,18503.2704,18.521792,4.625818,1.850327,target_exit,confirm,next_open
20260809_000809_3032e9,2025-04-08,601089.SH,sell,1400,15.258376,21361.7264,21.38311,5.340432,2.136173,target_exit,confirm,next_open
20260809_000809_3032e9,2025-04-08,600267.SH,sell,300,59.667423,17900.2269,17.918145,4.475057,1.790023,target_exit,confirm,next_open
20260809_000809_3032e9,2025-04-08,603301.SH,sell,500,45.743664,22871.832,22.894726,5.717958,2.287183,target_exit,confirm,next_open
20260809_000809_3032e9,2025-04-08,601222.SH,sell,600,32.887899,19732.7394,19.752492,4.933185,1.973274,target_exit,confirm,next_open
20260809_000809_3032e9,2025-04-08,002818.SZ,sell,500,32.67942,16339.71,16.356066,4.084928,1.633971,target_exit,confirm,next_open
20260809_000809_3032e9,2025-04-08,600273.SH,sell,1400,15.507261,21710.1654,21.731898,5.427541,2.171017,target_exit,confirm,next_open
20260809_000809_3032e9,2025-04-08,000776.SZ,sell,100,91.56843,9156.843,9.166009,2.289211,0.915684,target_exit,confirm,next_open
20260809_000809_3032e9,2025-04-08,601375.SH,sell,4000,3.939139,15756.556,15.772328,3.939139,1.575656,target_exit,confirm,next_open
20260809_000809_3032e9,2025-04-08,600356.SH,sell,1300,15.482502,20127.2526,20.1474,5.031813,2.012725,target_exit,confirm,next_open
20260809_000809_3032e9,2025-04-08,603167.SH,sell,1700,11.988181,20379.9077,20.400308,5.094977,2.037991,target_exit,confirm,next_open
20260809_000809_3032e9,2025-04-08,002984.SZ,sell,500,29.315815,14657.9075,14.67258,3.664477,1.465791,target_exit,confirm,next_open
20260809_000809_3032e9,2025-04-08,603080.SH,sell,1200,15.947876,19137.4512,19.156608,4.784363,1.913745,target_exit,confirm,next_open
20260809_000809_3032e9,2025-04-08,600941.SH,buy,200,125.426098,25085.2196,25.060159,6.271305,0.0,rebalance_increase,,next_open
20260809_000809_3032e9,2025-04-08,601997.SH,buy,600,10.699519,6419.7114,6.413298,1.604928,0.0,rebalance_increase,,next_open
20260809_000809_3032e9,2025-04-08,002948.SZ,buy,700,5.369674,3758.7718,3.755017,0.939693,0.0,rebalance_increase,,next_open
20260809_000809_3032e9,2025-04-08,002839.SZ,buy,1000,5.979003,5979.003,5.97303,1.494751,0.0,rebalance_increase,,next_open
20260809_000809_3032e9,2025-04-08,600908.SH,buy,800,6.747259,5397.8072,5.392414,1.349452,0.0,rebalance_increase,,next_open
20260809_000809_3032e9,2025-04-08,601860.SH,buy,1700,3.184123,5413.0091,5.407601,1.353252,0.0,rebalance_increase,,next_open
20260809_000809_3032e9,2025-04-08,603323.SH,buy,500,8.780171,4390.0855,4.3857,1.097521,0.0,rebalance_increase,,next_open
20260809_000809_3032e9,2025-04-08,601528.SH,buy,900,6.904738,6214.2642,6.208056,1.553566,0.0,rebalance_increase,,next_open
20260809_000809_3032e9,2025-04-08,002958.SZ,buy,1500,3.459972,5189.958,5.184773,1.297489,0.0,rebalance_increase,,next_open
20260809_000809_3032e9,2025-04-08,601187.SH,buy,600,6.916071,4149.6426,4.145497,1.037411,0.0,rebalance_increase,,next_open
20260809_000809_3032e9,2025-04-08,002807.SZ,buy,600,6.490834,3894.5004,3.89061,0.973625,0.0,rebalance_increase,,next_open
20260809_000809_3032e9,2025-04-08,601128.SH,buy,500,9.16869,4584.345,4.579765,1.146086,0.0,rebalance_increase,,next_open
20260809_000809_3032e9,2025-04-08,600502.SH,buy,400,70.204054,28081.6216,28.053568,7.020405,0.0,rebalance_increase,,next_open
20260809_000809_3032e9,2025-04-08,601107.SH,buy,3700,7.592245,28091.3065,28.063242,7.022827,0.0,rebalance_increase,,next_open
20260809_000809_3032e9,2025-04-08,600461.SH,buy,500,52.77318,26386.59,26.36023,6.596648,0.0,rebalance_increase,,next_open
20260809_000809_3032e9,2025-04-08,600008.SH,buy,1600,28.314046,45302.4736,45.257216,11.325618,0.0,rebalance_increase,,next_open
20260809_000809_3032e9,2025-04-08,601607.SH,buy,200,193.551198,38710.2396,38.671568,9.67756,0.0,rebalance_increase,,next_open
20260809_000809_3032e9,2025-04-08,300999.SZ,buy,1000,30.855775,30855.775,30.82495,7.713944,0.0,rebalance_increase,,next_open
20260809_000809_3032e9,2025-04-08,600573.SH,buy,2100,14.886562,31261.7802,31.230549,7.815445,0.0,rebalance_increase,,next_open
20260809_000809_3032e9,2025-04-08,601333.SH,buy,9300,3.758377,34952.9061,34.917985,8.738227,0.0,rebalance_increase,,next_open
20260809_000809_3032e9,2025-04-08,601579.SH,buy,700,13.425062,9397.5434,9.388155,2.349386,0.0,rebalance_increase,,next_open
20260809_000809_3032e9,2025-04-08,600757.SH,buy,400,74.56475,29825.9,29.796104,7.456475,0.0,rebalance_increase,,next_open
20260809_000809_3032e9,2025-04-08,600017.SH,buy,3100,10.0699,31216.69,31.185504,7.804172,0.0,rebalance_increase,,next_open
20260809_000809_3032e9,2025-04-08,301276.SZ,buy,1200,20.677967,24813.5604,24.788772,6.20339,0.0,rebalance_increase,,next_open
20260809_000809_3032e9,2025-04-08,688739.SH,buy,700,27.669642,19368.7494,19.3494,4.842187,0.0,rebalance_increase,,next_open
20260809_000809_3032e9,2025-07-02,600502.SH,sell,500,76.918317,38459.1585,38.497656,9.61479,3.845916,rebalance_reduce,confirm,next_open
20260809_000809_3032e9,2025-07-02,600941.SH,sell,400,132.97689,53190.756,53.244,13.297689,5.319076,target_exit,confirm,next_open
20260809_000809_3032e9,2025-07-02,601997.SH,sell,2200,12.796866,28153.1052,28.181287,7.038276,2.815311,target_exit,confirm,next_open
20260809_000809_3032e9,2025-07-02,002948.SZ,sell,2800,7.192674,20139.4872,20.159647,5.034872,2.013949,target_exit,confirm,next_open
20260809_000809_3032e9,2025-07-02,601107.SH,sell,6900,9.270041,63963.2829,64.027308,15.990821,6.396328,target_exit,confirm,next_open
20260809_000809_3032e9,2025-07-02,600461.SH,sell,900,52.88696,47598.264,47.64591,11.899566,4.759826,target_exit,confirm,next_open
20260809_000809_3032e9,2025-07-02,002839.SZ,sell,3200,7.188089,23001.8848,23.024909,5.750471,2.300188,target_exit,confirm,next_open
20260809_000809_3032e9,2025-07-02,600908.SH,sell,2700,8.172184,22064.8968,22.086983,5.516224,2.20649,target_exit,confirm,next_open
20260809_000809_3032e9,2025-07-02,600016.SH,sell,100,169.787127,16978.7127,16.995708,4.244678,1.697871,target_exit,confirm,next_open
20260809_000809_3032e9,2025-07-02,601860.SH,sell,6100,3.738308,22803.6788,22.826505,5.70092,2.280368,target_exit,confirm,next_open
20260809_000809_3032e9,2025-07-02,603323.SH,sell,1800,11.369443,20464.9974,20.485483,5.116249,2.0465,target_exit,confirm,next_open
20260809_000809_3032e9,2025-07-02,601528.SH,sell,2600,8.502705,22107.033,22.129162,5.526758,2.210703,target_exit,confirm,next_open
20260809_000809_3032e9,2025-07-02,002958.SZ,sell,5300,4.307544,22829.9832,22.852837,5.707496,2.282998,target_exit,confirm,next_open
20260809_000809_3032e9,2025-07-02,601187.SH,sell,2400,8.80087,21122.088,21.143232,5.280522,2.112209,target_exit,confirm,next_open
20260809_000809_3032e9,2025-07-02,002807.SZ,sell,2200,7.875025,17325.055,17.342398,4.331264,1.732506,target_exit,confirm,next_open
20260809_000809_3032e9,2025-07-02,601128.SH,sell,1600,11.586846,18538.9536,18.55751,4.634738,1.853895,target_exit,confirm,next_open
20260809_000809_3032e9,2025-07-02,600008.SH,sell,2600,30.622882,79619.4932,79.699194,19.904873,7.961949,target_exit,confirm,next_open
20260809_000809_3032e9,2025-07-02,601607.SH,sell,300,193.707079,58112.1237,58.170294,14.528031,5.811212,target_exit,confirm,next_open
20260809_000809_3032e9,2025-07-02,300999.SZ,sell,1600,29.760901,47617.4416,47.665107,11.90436,4.761744,target_exit,confirm,next_open
20260809_000809_3032e9,2025-07-02,600573.SH,sell,3600,16.464409,59271.8724,59.331204,14.817968,5.927187,target_exit,confirm,next_open
20260809_000809_3032e9,2025-07-02,601333.SH,sell,15400,3.956207,60925.5878,60.986572,15.231397,6.092559,target_exit,confirm,next_open
20260809_000809_3032e9,2025-07-02,601579.SH,sell,2500,22.898691,57246.7275,57.304032,14.311682,5.724673,target_exit,confirm,next_open
20260809_000809_3032e9,2025-07-02,600757.SH,sell,600,81.393965,48836.379,48.885264,12.209095,4.883638,target_exit,confirm,next_open
20260809_000809_3032e9,2025-07-02,600017.SH,sell,5600,11.238283,62934.3848,62.997385,15.733596,6.293438,target_exit,confirm,next_open
20260809_000809_3032e9,2025-07-02,301276.SZ,sell,2000,23.866669,47733.338,47.78112,11.933335,4.773334,target_exit,confirm,next_open
20260809_000809_3032e9,2025-07-02,688739.SH,sell,1200,29.347723,35217.2676,35.25252,8.804317,3.521727,target_exit,confirm,next_open
20260809_000809_3032e9,2025-07-02,002140.SZ,buy,100,85.108347,8510.8347,8.502332,2.127709,0.0,target_weight_new,,next_open
20260809_000809_3032e9,2025-07-02,301175.SZ,buy,2200,5.583883,12284.5426,12.272271,3.071136,0.0,target_weight_new,,next_open
20260809_000809_3032e9,2025-07-02,688370.SH,buy,500,29.65951,14829.755,14.81494,3.707439,0.0,target_weight_new,,next_open
20260809_000809_3032e9,2025-07-02,603817.SH,buy,2500,6.236293,15590.7325,15.575157,3.897683,0.0,target_weight_new,,next_open
20260809_000809_3032e9,2025-07-02,600526.SH,buy,800,19.137518,15310.0144,15.29472,3.827504,0.0,target_weight_new,,next_open
20260809_000809_3032e9,2025-07-02,002478.SZ,buy,900,15.459973,13913.9757,13.900075,3.478494,0.0,target_weight_new,,next_open
20260809_000809_3032e9,2025-07-02,000778.SZ,buy,200,55.888463,11177.6926,11.166526,2.794423,0.0,target_weight_new,,next_open
20260809_000809_3032e9,2025-07-02,600035.SH,buy,1200,15.761438,18913.7256,18.89483,4.728431,0.0,target_weight_new,,next_open
20260809_000809_3032e9,2025-07-02,600313.SH,buy,400,26.467541,10587.0164,10.57644,2.646754,0.0,target_weight_new,,next_open
20260809_000809_3032e9,2025-07-02,600598.SH,buy,200,42.200679,8440.1358,8.431704,2.110034,0.0,target_weight_new,,next_open
20260809_000809_3032e9,2025-07-02,688576.SH,buy,100,66.207177,6620.7177,6.614104,1.655179,0.0,target_weight_new,,next_open
20260809_000809_3032e9,2025-07-02,688468.SH,buy,1300,8.011103,10414.4339,10.40403,2.603608,0.0,target_weight_new,,next_open
20260809_000809_3032e9,2025-07-02,603309.SH,buy,300,39.122934,11736.8802,11.725155,2.93422,0.0,target_weight_new,,next_open
20260809_000809_3032e9,2025-07-02,601677.SH,buy,800,20.334064,16267.2512,16.251,4.066813,0.0,target_weight_new,,next_open
20260809_000809_3032e9,2025-07-02,688334.SH,buy,700,17.914302,12540.0114,12.527484,3.135003,0.0,target_weight_new,,next_open
20260809_000809_3032e9,2025-07-02,002079.SZ,buy,200,49.186453,9837.2906,9.827463,2.459323,0.0,target_weight_new,,next_open
20260809_000809_3032e9,2025-07-02,300360.SZ,buy,100,111.299564,11129.9564,11.118838,2.782489,0.0,target_weight_new,,next_open
20260809_000809_3032e9,2025-07-02,600157.SH,buy,200,68.518732,13703.7464,13.690056,3.425937,0.0,target_weight_new,,next_open
20260809_000809_3032e9,2025-07-02,603035.SH,buy,800,16.388494,13110.7952,13.097698,3.277699,0.0,target_weight_new,,next_open
20260809_000809_3032e9,2025-07-02,600182.SH,buy,800,19.642539,15714.0312,15.698333,3.928508,0.0,target_weight_new,,next_open
20260809_000809_3032e9,2025-07-02,601939.SH,buy,400,23.822574,9529.0296,9.51951,2.382257,0.0,rebalance_increase,,next_open
20260809_000809_3032e9,2025-07-02,000019.SZ,buy,300,32.457296,9737.1888,9.727461,2.434297,0.0,target_weight_new,,next_open
20260809_000809_3032e9,2025-07-02,002538.SZ,buy,300,27.433131,8229.9393,8.221718,2.057485,0.0,target_weight_new,,next_open
20260809_000809_3032e9,2025-07-02,600096.SH,buy,200,63.992152,12798.4304,12.785645,3.199608,0.0,target_weight_new,,next_open
20260809_000809_3032e9,2025-07-02,002367.SZ,buy,100,66.895825,6689.5825,6.6829,1.672396,0.0,target_weight_new,,next_open
20260809_000809_3032e9,2025-07-02,000404.SZ,buy,400,27.135368,10854.1472,10.843304,2.713537,0.0,target_weight_new,,next_open
20260809_000809_3032e9,2025-07-02,600261.SH,buy,100,82.731617,8273.1617,8.264897,2.06829,0.0,target_weight_new,,next_open
20260809_000809_3032e9,2025-07-02,300160.SZ,buy,200,43.016173,8603.2346,8.59464,2.150809,0.0,target_weight_new,,next_open
20260809_000809_3032e9,2025-07-02,600784.SH,buy,300,47.351196,14205.3588,14.191168,3.55134,0.0,target_weight_new,,next_open
20260809_000809_3032e9,2025-07-02,600273.SH,buy,900,18.015646,16214.0814,16.197883,4.05352,0.0,target_weight_new,,next_open
20260809_000809_3032e9,2025-07-02,601678.SH,buy,600,19.111246,11466.7476,11.455292,2.866687,0.0,target_weight_new,,next_open
20260809_000809_3032e9,2025-07-02,605507.SH,buy,600,21.898059,13138.8354,13.12571,3.284709,0.0,target_weight_new,,next_open
20260809_000809_3032e9,2025-07-02,600877.SH,buy,200,58.999641,11799.9282,11.78814,2.949982,0.0,target_weight_new,,next_open
20260809_000809_3032e9,2025-07-02,300193.SZ,buy,200,28.554926,5710.9852,5.70528,1.427746,0.0,target_weight_new,,next_open
20260809_000809_3032e9,2025-07-02,000911.SZ,buy,800,13.822399,11057.9192,11.046872,2.76448,0.0,target_weight_new,,next_open
20260809_000809_3032e9,2025-07-02,603230.SH,buy,1000,14.158961,14158.961,14.144816,3.53974,0.0,target_weight_new,,next_open
20260809_000809_3032e9,2025-07-02,600351.SH,buy,300,50.09635,15028.905,15.013891,3.757226,0.0,target_weight_new,,next_open
20260809_000809_3032e9,2025-07-02,000411.SZ,buy,300,36.499837,10949.9511,10.939012,2.737488,0.0,target_weight_new,,next_open
20260809_000809_3032e9,2025-07-02,600859.SH,buy,100,66.008083,6600.8083,6.594214,1.650202,0.0,target_weight_new,,next_open
20260809_000809_3032e9,2025-07-02,002893.SZ,buy,700,18.904909,13233.4363,13.220216,3.308359,0.0,target_weight_new,,next_open
20260809_000809_3032e9,2025-07-02,001360.SZ,buy,1100,14.318634,15750.4974,15.734763,3.937624,0.0,target_weight_new,,next_open
20260809_000809_3032e9,2025-10-10,601939.SH,sell,1000,21.068287,21068.287,21.089376,5.267072,2.106829,target_exit,confirm,next_open
20260809_000809_3032e9,2025-10-10,600502.SH,sell,300,75.44854,22634.562,22.657219,5.658641,2.263456,target_exit,confirm,next_open
20260809_000809_3032e9,2025-10-10,002140.SZ,sell,100,116.581981,11658.1981,11.669868,2.91455,1.16582,target_exit,confirm,next_open
20260809_000809_3032e9,2025-10-10,688370.SH,sell,500,39.734326,19867.163,19.88705,4.966791,1.986716,target_exit,confirm,next_open
20260809_000809_3032e9,2025-10-10,603817.SH,sell,2500,6.728889,16822.2225,16.839063,4.205556,1.682222,target_exit,confirm,next_open
20260809_000809_3032e9,2025-10-10,600526.SH,sell,800,20.810259,16648.2072,16.664872,4.162052,1.664821,target_exit,confirm,next_open
20260809_000809_3032e9,2025-10-10,002478.SZ,sell,900,16.977836,15280.0524,15.295348,3.820013,1.528005,target_exit,confirm,next_open
20260809_000809_3032e9,2025-10-10,000778.SZ,sell,200,60.019852,12003.9704,12.015986,3.000993,1.200397,target_exit,confirm,next_open
20260809_000809_3032e9,2025-10-10,600035.SH,sell,1200,14.553876,17464.6512,17.482133,4.366163,1.746465,target_exit,confirm,next_open
20260809_000809_3032e9,2025-10-10,600598.SH,sell,200,42.116361,8423.2722,8.431704,2.105818,0.842327,target_exit,confirm,next_open
20260809_000809_3032e9,2025-10-10,688576.SH,sell,100,67.738131,6773.8131,6.780594,1.693453,0.677381,target_exit,confirm,next_open
20260809_000809_3032e9,2025-10-10,688468.SH,sell,1300,8.438068,10969.4884,10.980469,2.742372,1.096949,target_exit,confirm,next_open
20260809_000809_3032e9,2025-10-10,603309.SH,sell,300,41.1884,12356.52,12.368889,3.08913,1.235652,target_exit,confirm,next_open
20260809_000809_3032e9,2025-10-10,601677.SH,sell,800,23.865081,19092.0648,19.111176,4.773016,1.909206,target_exit,confirm,next_open
20260809_000809_3032e9,2025-10-10,688334.SH,sell,700,20.643616,14450.5312,14.464996,3.612633,1.445053,target_exit,confirm,next_open
20260809_000809_3032e9,2025-10-10,002079.SZ,sell,200,54.186951,10837.3902,10.848238,2.709348,1.083739,target_exit,confirm,next_open
20260809_000809_3032e9,2025-10-10,300360.SZ,sell,100,110.795266,11079.5266,11.090617,2.769882,1.107953,target_exit,confirm,next_open
20260809_000809_3032e9,2025-10-10,600157.SH,sell,200,86.242758,17248.5516,17.265817,4.312138,1.724855,target_exit,confirm,next_open
20260809_000809_3032e9,2025-10-10,603035.SH,sell,800,21.634981,17307.9848,17.32531,4.326996,1.730798,target_exit,confirm,next_open
20260809_000809_3032e9,2025-10-10,600182.SH,sell,800,19.666714,15733.3712,15.74912,3.933343,1.573337,target_exit,confirm,next_open
20260809_000809_3032e9,2025-10-10,000019.SZ,sell,300,31.955367,9586.6101,9.596206,2.396653,0.958661,target_exit,confirm,next_open
20260809_000809_3032e9,2025-10-10,002538.SZ,sell,300,28.28207,8484.621,8.493114,2.121155,0.848462,target_exit,confirm,next_open
20260809_000809_3032e9,2025-10-10,600096.SH,sell,200,82.348244,16469.6488,16.486135,4.117412,1.646965,target_exit,confirm,next_open
20260809_000809_3032e9,2025-10-10,002367.SZ,sell,100,63.433569,6343.3569,6.349707,1.585839,0.634336,target_exit,confirm,next_open
20260809_000809_3032e9,2025-10-10,000404.SZ,sell,400,28.322829,11329.1316,11.340472,2.832283,1.132913,target_exit,confirm,next_open
20260809_000809_3032e9,2025-10-10,600261.SH,sell,100,88.993637,8899.3637,8.908272,2.224841,0.889936,target_exit,confirm,next_open
20260809_000809_3032e9,2025-10-10,300160.SZ,sell,200,45.341163,9068.2326,9.07731,2.267058,0.906823,target_exit,confirm,next_open
20260809_000809_3032e9,2025-10-10,600784.SH,sell,300,47.47778,14243.334,14.257591,3.560834,1.424333,target_exit,confirm,next_open
20260809_000809_3032e9,2025-10-10,601678.SH,sell,600,19.986957,11992.1742,12.004178,2.998044,1.199217,target_exit,confirm,next_open
20260809_000809_3032e9,2025-10-10,605507.SH,sell,600,24.932223,14959.3338,14.974308,3.739833,1.495933,target_exit,confirm,next_open
20260809_000809_3032e9,2025-10-10,600877.SH,sell,200,67.783569,13556.7138,13.570284,3.389178,1.355671,target_exit,confirm,next_open
20260809_000809_3032e9,2025-10-10,300193.SZ,sell,200,28.972838,5794.5676,5.800368,1.448642,0.579457,target_exit,confirm,next_open
20260809_000809_3032e9,2025-10-10,000911.SZ,sell,800,13.60607,10884.856,10.895752,2.721214,1.088486,target_exit,confirm,next_open
20260809_000809_3032e9,2025-10-10,603230.SH,sell,1000,13.395613,13395.613,13.409022,3.348903,1.339561,target_exit,confirm,next_open
20260809_000809_3032e9,2025-10-10,600351.SH,sell,300,53.567419,16070.2257,16.086312,4.017556,1.607023,target_exit,confirm,next_open
20260809_000809_3032e9,2025-10-10,000411.SZ,sell,300,38.292348,11487.7044,11.499204,2.871926,1.14877,target_exit,confirm,next_open
20260809_000809_3032e9,2025-10-10,600859.SH,sell,100,66.451102,6645.1102,6.651762,1.661278,0.664511,target_exit,confirm,next_open
20260809_000809_3032e9,2025-10-10,002893.SZ,sell,700,19.767253,13837.0771,13.850928,3.459269,1.383708,target_exit,confirm,next_open
20260809_000809_3032e9,2025-10-10,001360.SZ,sell,1100,16.584625,18243.0875,18.261349,4.560772,1.824309,target_exit,confirm,next_open
20260809_000809_3032e9,2025-10-10,002818.SZ,buy,700,32.149782,22504.8474,22.482365,5.626212,0.0,target_weight_new,,next_open
20260809_000809_3032e9,2025-10-10,600938.SH,buy,700,33.175703,23222.9921,23.199792,5.805748,0.0,target_weight_new,,next_open
20260809_000809_3032e9,2025-10-10,603345.SH,buy,300,80.351782,24105.5346,24.081453,6.026384,0.0,target_weight_new,,next_open
20260809_000809_3032e9,2025-10-10,002991.SZ,buy,300,63.151829,18945.5487,18.926622,4.736387,0.0,target_weight_new,,next_open
20260809_000809_3032e9,2025-10-10,600755.SH,buy,100,181.199813,18119.9813,18.101879,4.529995,0.0,target_weight_new,,next_open
20260809_000809_3032e9,2025-10-10,001378.SZ,buy,1300,23.488237,30534.7081,30.504204,7.633677,0.0,target_weight_new,,next_open
20260809_000809_3032e9,2025-10-10,600789.SH,buy,700,28.496502,19947.5514,19.927624,4.986888,0.0,target_weight_new,,next_open
20260809_000809_3032e9,2025-10-10,600313.SH,buy,700,26.467541,18527.2787,18.50877,4.63182,0.0,rebalance_increase,,next_open
20260809_000809_3032e9,2025-10-10,600354.SH,buy,1000,18.632534,18632.534,18.61392,4.658133,0.0,target_weight_new,,next_open
20260809_000809_3032e9,2025-10-10,002083.SZ,buy,2200,14.630616,32187.3552,32.1552,8.046839,0.0,target_weight_new,,next_open
20260809_000809_3032e9,2025-10-10,000726.SZ,buy,400,59.011583,23604.6332,23.581052,5.901158,0.0,target_weight_new,,next_open
20260809_000809_3032e9,2025-10-10,001338.SZ,buy,2200,11.789502,25936.9044,25.910993,6.484226,0.0,target_weight_new,,next_open
20260809_000809_3032e9,2025-10-10,600970.SH,buy,100,138.608098,13860.8098,13.846963,3.465202,0.0,target_weight_new,,next_open
20260809_000809_3032e9,2025-10-10,601117.SH,buy,2000,9.938848,19877.696,19.857838,4.969424,0.0,target_weight_new,,next_open
20260809_000809_3032e9,2025-10-10,002116.SZ,buy,500,49.570729,24785.3645,24.760604,6.196341,0.0,target_weight_new,,next_open
20260809_000809_3032e9,2025-10-10,000928.SZ,buy,1000,16.412776,16412.776,16.39638,4.103194,0.0,target_weight_new,,next_open
20260809_000809_3032e9,2025-10-10,600285.SH,buy,100,190.876582,19087.6582,19.06859,4.771915,0.0,target_weight_new,,next_open
20260809_000809_3032e9,2025-10-10,002728.SZ,buy,300,45.623486,13687.0458,13.673372,3.421761,0.0,target_weight_new,,next_open
20260809_000809_3032e9,2025-10-10,601033.SH,buy,1500,16.879134,25318.701,25.293408,6.329675,0.0,target_weight_new,,next_open
20260809_000809_3032e9,2025-10-10,301175.SZ,buy,2400,5.678883,13629.3192,13.615704,3.40733,0.0,rebalance_increase,,next_open
20260809_000809_3032e9,2025-10-10,600273.SH,buy,300,18.162985,5448.8955,5.443452,1.362224,0.0,rebalance_increase,,next_open
20260809_000809_3032e9,2025-10-10,300641.SZ,buy,500,41.228382,20614.191,20.593597,5.153548,0.0,target_weight_new,,next_open
20260809_000809_3032e9,2025-10-10,603065.SH,buy,2500,8.664359,21660.8975,21.639257,5.415224,0.0,target_weight_new,,next_open
20260809_000809_3032e9,2025-10-10,600038.SH,buy,100,113.579376,11357.9376,11.346591,2.839484,0.0,target_weight_new,,next_open
20260809_000809_3032e9,2025-10-10,600101.SH,buy,200,93.412032,18682.4064,18.663743,4.670602,0.0,target_weight_new,,next_open
20260809_000809_3032e9,2025-10-10,002936.SZ,buy,9200,2.846444,26187.2848,26.16112,6.546821,0.0,target_weight_new,,next_open
20260809_000809_3032e9,2025-10-10,601169.SH,buy,1000,26.927775,26927.775,26.900874,6.731944,0.0,target_weight_new,,next_open
20260809_000809_3032e9,2025-10-10,002385.SZ,buy,600,43.736162,26241.6972,26.215482,6.560424,0.0,target_weight_new,,next_open
20260809_000809_3032e9,2025-10-10,605377.SH,buy,900,27.226489,24503.8401,24.479361,6.12596,0.0,target_weight_new,,next_open
20260809_000809_3032e9,2025-10-10,600916.SH,buy,2500,9.937582,24843.955,24.819135,6.210989,0.0,target_weight_new,,next_open
20260809_000809_3032e9,2025-10-10,603995.SH,buy,700,30.692818,21484.9726,21.463509,5.371243,0.0,target_weight_new,,next_open
20260809_000809_3032e9,2025-10-10,600064.SH,buy,100,260.566766,26056.6766,26.030646,6.514169,0.0,target_weight_new,,next_open
20260809_000809_3032e9,2025-10-10,601083.SH,buy,1700,12.221344,20776.2848,20.755529,5.194071,0.0,target_weight_new,,next_open
20260809_000809_3032e9,2025-10-10,600559.SH,buy,100,126.837911,12683.7911,12.67112,3.170948,0.0,target_weight_new,,next_open
20260809_000809_3032e9,2025-10-10,603107.SH,buy,1600,16.297181,26075.4896,26.04944,6.518872,0.0,target_weight_new,,next_open
20260809_000809_3032e9,2025-10-10,002479.SZ,buy,1000,23.942569,23942.569,23.91865,5.985642,0.0,target_weight_new,,next_open
20260809_000809_3032e9,2025-10-10,600821.SH,buy,500,28.154046,14077.023,14.06296,3.519256,0.0,target_weight_new,,next_open
20260809_000809_3032e9,2025-10-10,600138.SH,buy,400,52.906213,21162.4852,21.141344,5.290621,0.0,target_weight_new,,next_open
20260809_000809_3032e9,2025-10-10,000096.SZ,buy,700,32.696444,22887.5108,22.864646,5.721878,0.0,target_weight_new,,next_open
20260809_000809_3032e9,2025-10-10,600668.SH,buy,100,101.705028,10170.5028,10.160343,2.542626,0.0,target_weight_new,,next_open
20260809_000809_3032e9,2025-10-10,600300.SH,buy,1000,26.263866,26263.866,26.237628,6.565967,0.0,target_weight_new,,next_open
20260809_000809_3032e9,2025-10-10,000725.SZ,buy,1000,23.142992,23142.992,23.119872,5.785748,0.0,target_weight_new,,next_open
20260809_000809_3032e9,2025-10-10,002254.SZ,buy,200,64.201147,12840.2294,12.827402,3.210057,0.0,target_weight_new,,next_open
20260809_000809_3032e9,2025-10-10,002746.SZ,buy,800,28.639441,22911.5528,22.888664,5.727888,0.0,target_weight_new,,next_open
20260809_000809_3032e9,2025-10-30,002083.SZ,sell,1400,16.397586,22956.6204,22.9796,5.739155,2.295662,rebalance_reduce,confirm,next_open
20260809_000809_3032e9,2025-10-30,300641.SZ,sell,500,36.910115,18455.0575,18.473531,4.613764,1.845506,target_exit,confirm,next_open
20260809_000809_3032e9,2025-10-30,301175.SZ,buy,500,5.773883,2886.9415,2.884057,0.721735,0.0,rebalance_increase,,next_open
20260809_000809_3032e9,2025-10-30,600313.SH,buy,200,27.139733,5427.9466,5.422524,1.356987,0.0,rebalance_increase,,next_open
20260809_000809_3032e9,2025-10-30,600354.SH,buy,300,18.931132,5679.3396,5.673666,1.419835,0.0,rebalance_increase,,next_open
20260809_000809_3032e9,2025-10-30,600273.SH,buy,300,18.444079,5533.2237,5.527696,1.383306,0.0,rebalance_increase,,next_open
20260809_000809_3032e9,2025-10-30,603065.SH,buy,700,8.841182,6188.8274,6.182645,1.547207,0.0,rebalance_increase,,next_open
20260809_000809_3032e9,2025-10-30,002818.SZ,buy,300,31.351542,9405.4626,9.396067,2.351366,0.0,rebalance_increase,,next_open
20260809_000809_3032e9,2025-10-30,600938.SH,buy,100,34.942418,3494.2418,3.490751,0.87356,0.0,rebalance_increase,,next_open
20260809_000809_3032e9,2025-10-30,603345.SH,buy,100,83.10277,8310.277,8.301975,2.077569,0.0,rebalance_increase,,next_open
20260809_000809_3032e9,2025-10-30,002991.SZ,buy,100,64.848584,6484.8584,6.47838,1.621215,0.0,rebalance_increase,,next_open
20260809_000809_3032e9,2025-10-30,001378.SZ,buy,300,24.263495,7279.0485,7.271777,1.819762,0.0,rebalance_increase,,next_open
20260809_000809_3032e9,2025-10-30,600789.SH,buy,300,29.228683,8768.6049,8.759845,2.192151,0.0,rebalance_increase,,next_open
20260809_000809_3032e9,2025-10-30,600970.SH,buy,100,147.213478,14721.3478,14.706641,3.680337,0.0,rebalance_increase,,next_open
20260809_000809_3032e9,2025-10-30,601117.SH,buy,300,10.043056,3012.9168,3.009907,0.753229,0.0,rebalance_increase,,next_open
20260809_000809_3032e9,2025-10-30,002116.SZ,buy,100,51.334115,5133.4115,5.128283,1.283353,0.0,rebalance_increase,,next_open
20260809_000809_3032e9,2025-10-30,000928.SZ,buy,100,17.011973,1701.1973,1.699498,0.425299,0.0,rebalance_increase,,next_open
20260809_000809_3032e9,2025-10-30,600101.SH,buy,100,94.686278,9468.6278,9.459169,2.367157,0.0,rebalance_increase,,next_open
20260809_000809_3032e9,2025-10-30,002936.SZ,buy,3000,2.874908,8624.724,8.616108,2.156181,0.0,rebalance_increase,,next_open
20260809_000809_3032e9,2025-10-30,601169.SH,buy,100,27.91414,2791.414,2.788625,0.697854,0.0,rebalance_increase,,next_open
20260809_000809_3032e9,2025-10-30,002385.SZ,buy,100,44.162857,4416.2857,4.411874,1.104071,0.0,rebalance_increase,,next_open
20260809_000809_3032e9,2025-10-30,603995.SH,buy,200,30.675757,6135.1514,6.129022,1.533788,0.0,rebalance_increase,,next_open
20260809_000809_3032e9,2025-10-30,601083.SH,buy,200,13.203321,2640.6642,2.638026,0.660166,0.0,rebalance_increase,,next_open
20260809_000809_3032e9,2025-10-30,600559.SH,buy,100,124.972648,12497.2648,12.48478,3.124316,0.0,rebalance_increase,,next_open
20260809_000809_3032e9,2025-10-30,603107.SH,buy,200,16.577451,3315.4902,3.312178,0.828873,0.0,rebalance_increase,,next_open
20260809_000809_3032e9,2025-10-30,002479.SZ,buy,100,23.665242,2366.5242,2.36416,0.591631,0.0,rebalance_increase,,next_open
20260809_000809_3032e9,2025-10-30,600821.SH,buy,500,27.488241,13744.1205,13.73039,3.43603,0.0,rebalance_increase,,next_open
20260809_000809_3032e9,2025-10-30,600138.SH,buy,100,52.634342,5263.4342,5.258176,1.315859,0.0,rebalance_increase,,next_open
20260809_000809_3032e9,2025-10-30,600668.SH,buy,100,104.994212,10499.4212,10.488932,2.624855,0.0,rebalance_increase,,next_open
20260809_000809_3032e9,2025-10-30,600300.SH,buy,200,27.29227,5458.454,5.453001,1.364613,0.0,rebalance_increase,,next_open
20260809_000809_3032e9,2025-10-30,000725.SZ,buy,200,22.110793,4422.1586,4.417741,1.10554,0.0,rebalance_increase,,next_open
20260809_000809_3032e9,2025-10-30,002254.SZ,buy,100,64.651907,6465.1907,6.458732,1.616298,0.0,rebalance_increase,,next_open
20260809_000809_3032e9,2025-10-30,002746.SZ,buy,100,29.531489,2953.1489,2.950199,0.738287,0.0,rebalance_increase,,next_open
20260809_000809_3032e9,2025-11-24,600938.SH,sell,200,37.060183,7412.0366,7.419456,1.853009,0.741204,rebalance_reduce,confirm,next_open
20260809_000809_3032e9,2025-11-24,603345.SH,sell,100,90.349558,9034.9558,9.044,2.258739,0.903496,rebalance_reduce,confirm,next_open
20260809_000809_3032e9,2025-11-24,002083.SZ,sell,500,27.23274,13616.37,13.63,3.404093,1.361637,rebalance_reduce,confirm,next_open
20260809_000809_3032e9,2025-11-24,002116.SZ,sell,200,53.186952,10637.3904,10.648038,2.659348,1.063739,rebalance_reduce,confirm,next_open
20260809_000809_3032e9,2025-11-24,002728.SZ,sell,100,62.211978,6221.1978,6.227425,1.555299,0.62212,rebalance_reduce,confirm,next_open
20260809_000809_3032e9,2025-11-24,600300.SH,sell,200,27.15879,5431.758,5.437195,1.35794,0.543176,rebalance_reduce,confirm,next_open
20260809_000809_3032e9,2025-11-24,000725.SZ,sell,1200,20.819608,24983.5296,25.008538,6.245882,2.498353,target_exit,confirm,next_open
20260809_000809_3032e9,2025-11-24,301175.SZ,buy,600,5.656511,3393.9066,3.390516,0.848477,0.0,rebalance_increase,,next_open
20260809_000809_3032e9,2025-11-24,600354.SH,buy,400,19.080431,7632.1724,7.624548,1.908043,0.0,rebalance_increase,,next_open
20260809_000809_3032e9,2025-11-24,603065.SH,buy,100,8.456331,845.6331,0.844788,0.211408,0.0,rebalance_increase,,next_open
20260809_000809_3032e9,2025-11-24,002818.SZ,buy,100,30.911134,3091.1134,3.088025,0.772778,0.0,rebalance_increase,,next_open
20260809_000809_3032e9,2025-11-24,001378.SZ,buy,100,23.257755,2325.7755,2.323452,0.581444,0.0,rebalance_increase,,next_open
20260809_000809_3032e9,2025-11-24,601117.SH,buy,300,9.76951,2930.853,2.927925,0.732713,0.0,rebalance_increase,,next_open
20260809_000809_3032e9,2025-11-24,000928.SZ,buy,200,16.985921,3397.1842,3.39379,0.849296,0.0,rebalance_increase,,next_open
20260809_000809_3032e9,2025-11-24,600038.SH,buy,100,112.037717,11203.7717,11.192579,2.800943,0.0,rebalance_increase,,next_open
20260809_000809_3032e9,2025-11-24,002936.SZ,buy,600,2.846444,1707.8664,1.70616,0.426967,0.0,rebalance_increase,,next_open
20260809_000809_3032e9,2025-11-24,002385.SZ,buy,100,43.725364,4372.5364,4.368168,1.093134,0.0,rebalance_increase,,next_open
20260809_000809_3032e9,2025-11-24,601083.SH,buy,100,12.080327,1208.0327,1.206826,0.302008,0.0,rebalance_increase,,next_open
20260809_000809_3032e9,2025-11-24,603107.SH,buy,400,15.674359,6269.7436,6.26348,1.567436,0.0,rebalance_increase,,next_open
20260809_000809_3032e9,2025-11-24,002479.SZ,buy,100,22.879482,2287.9482,2.285663,0.571987,0.0,rebalance_increase,,next_open
20260809_000809_3032e9,2025-11-24,600138.SH,buy,100,51.764353,5176.4353,5.171264,1.294109,0.0,rebalance_increase,,next_open
20260809_000809_3032e9,2025-11-24,002746.SZ,buy,100,29.15589,2915.589,2.912676,0.728897,0.0,rebalance_increase,,next_open
20260809_000809_3032e9,2025-11-25,301175.SZ,sell,400,5.645209,2258.0836,2.260344,0.564521,0.225808,rebalance_reduce,confirm,next_open
20260809_000809_3032e9,2025-11-25,603065.SH,sell,400,8.615905,3446.362,3.449812,0.861591,0.344636,rebalance_reduce,confirm,next_open
20260809_000809_3032e9,2025-11-25,001378.SZ,sell,300,23.50404,7051.212,7.05827,1.762803,0.705121,rebalance_reduce,confirm,next_open
20260809_000809_3032e9,2025-11-25,600789.SH,sell,100,27.591932,2759.1932,2.761955,0.689798,0.275919,rebalance_reduce,confirm,next_open
20260809_000809_3032e9,2025-11-25,002936.SZ,sell,900,2.840756,2556.6804,2.55924,0.63917,0.255668,rebalance_reduce,confirm,next_open
20260809_000809_3032e9,2025-11-25,600821.SH,sell,1000,25.545231,25545.231,25.570802,6.386308,2.554523,target_exit,confirm,next_open
20260809_000809_3032e9,2025-11-27,600789.SH,sell,100,28.81954,2881.954,2.884839,0.720489,0.288195,rebalance_reduce,confirm,next_open
20260809_000809_3032e9,2025-11-27,605377.SH,sell,900,24.915174,22423.6566,22.446103,5.605914,2.242366,target_exit,confirm,next_open
20260809_000809_3032e9,2025-11-27,601033.SH,buy,100,16.599251,1659.9251,1.658267,0.414981,0.0,rebalance_increase,,next_open
20260809_000809_3032e9,2025-11-27,600354.SH,buy,100,19.110291,1911.0291,1.90912,0.477757,0.0,rebalance_increase,,next_open
20260809_000809_3032e9,2025-11-27,002818.SZ,buy,100,29.975267,2997.5267,2.994532,0.749382,0.0,rebalance_increase,,next_open
20260809_000809_3032e9,2025-11-27,601117.SH,buy,100,9.70438,970.438,0.969468,0.24261,0.0,rebalance_increase,,next_open
20260809_000809_3032e9,2025-11-27,002936.SZ,buy,500,2.846444,1423.222,1.4218,0.355805,0.0,rebalance_increase,,next_open
20260809_000809_3032e9,2025-11-27,600916.SH,buy,100,9.257399,925.7399,0.924815,0.231435,0.0,rebalance_increase,,next_open
20260809_000809_3032e9,2025-12-12,301175.SZ,sell,2000,6.188427,12376.854,12.389244,3.094213,1.237685,rebalance_reduce,confirm,next_open
20260809_000809_3032e9,2025-12-12,600313.SH,sell,300,28.259492,8477.8476,8.486334,2.119462,0.847785,rebalance_reduce,confirm,next_open
20260809_000809_3032e9,2025-12-12,600354.SH,sell,100,19.548912,1954.8912,1.956848,0.488723,0.195489,rebalance_reduce,confirm,next_open
20260809_000809_3032e9,2025-12-12,603065.SH,sell,400,8.999988,3599.9952,3.603599,0.899999,0.36,rebalance_reduce,confirm,next_open
20260809_000809_3032e9,2025-12-12,002083.SZ,sell,100,32.418549,3241.8549,3.2451,0.810464,0.324185,rebalance_reduce,confirm,next_open
20260809_000809_3032e9,2025-12-12,600300.SH,sell,100,27.23774,2723.774,2.726501,0.680944,0.272377,rebalance_reduce,confirm,next_open
20260809_000809_3032e9,2025-12-12,002254.SZ,sell,300,59.574276,17872.2828,17.890173,4.468071,1.787228,target_exit,confirm,next_open
20260809_000809_3032e9,2025-12-12,601033.SH,buy,500,16.125601,8062.8005,8.054746,2.0157,0.0,rebalance_increase,,next_open
20260809_000809_3032e9,2025-12-12,600273.SH,buy,200,17.881891,3576.3782,3.572805,0.894095,0.0,rebalance_increase,,next_open
20260809_000809_3032e9,2025-12-12,001338.SZ,buy,100,12.361303,1236.1303,1.234895,0.309033,0.0,rebalance_increase,,next_open
20260809_000809_3032e9,2025-12-12,601117.SH,buy,400,9.717406,3886.9624,3.883079,0.971741,0.0,rebalance_increase,,next_open
20260809_000809_3032e9,2025-12-12,600038.SH,buy,100,108.954399,10895.4399,10.884555,2.72386,0.0,rebalance_increase,,next_open
20260809_000809_3032e9,2025-12-12,002936.SZ,buy,2400,2.76105,6626.52,6.619901,1.65663,0.0,rebalance_increase,,next_open
20260809_000809_3032e9,2025-12-12,601169.SH,buy,200,27.273003,5454.6006,5.449151,1.36365,0.0,rebalance_increase,,next_open
20260809_000809_3032e9,2025-12-12,002385.SZ,buy,200,42.758464,8551.6928,8.54315,2.137923,0.0,rebalance_increase,,next_open
20260809_000809_3032e9,2025-12-12,600916.SH,buy,700,9.234342,6464.0394,6.457582,1.61601,0.0,rebalance_increase,,next_open
20260809_000809_3032e9,2025-12-12,603995.SH,buy,100,28.730798,2873.0798,2.87021,0.71827,0.0,rebalance_increase,,next_open
20260809_000809_3032e9,2025-12-12,601083.SH,buy,300,12.340819,3702.2457,3.698547,0.925561,0.0,rebalance_increase,,next_open
20260809_000809_3032e9,2025-12-12,600559.SH,buy,100,120.794458,12079.4458,12.067378,3.019861,0.0,rebalance_increase,,next_open
20260809_000809_3032e9,2025-12-12,603107.SH,buy,200,15.622457,3124.4914,3.12137,0.781123,0.0,rebalance_increase,,next_open
20260809_000809_3032e9,2025-12-12,600668.SH,buy,100,97.377155,9737.7155,9.727987,2.434429,0.0,rebalance_increase,,next_open
20260809_000809_3032e9,2025-12-12,002746.SZ,buy,100,27.935192,2793.5192,2.790729,0.69838,0.0,rebalance_increase,,next_open
20260809_000809_3032e9,2025-12-15,600354.SH,sell,100,19.519111,1951.9111,1.953865,0.487978,0.195191,rebalance_reduce,confirm,next_open
20260809_000809_3032e9,2025-12-15,000096.SZ,sell,700,29.945546,20961.8822,20.982865,5.240471,2.096188,target_exit,confirm,next_open
20260809_000809_3032e9,2025-12-15,600273.SH,buy,100,17.752155,1775.2155,1.773442,0.443804,0.0,rebalance_increase,,next_open
20260809_000809_3032e9,2025-12-15,601117.SH,buy,100,9.730432,973.0432,0.972071,0.243261,0.0,rebalance_increase,,next_open
20260809_000809_3032e9,2025-12-15,002936.SZ,buy,200,2.76105,552.21,0.551658,0.138053,0.0,rebalance_increase,,next_open
20260809_000809_3032e9,2025-12-15,600916.SH,buy,200,9.245871,1849.1742,1.847327,0.462294,0.0,rebalance_increase,,next_open
20260809_000809_3032e9,2025-12-15,601083.SH,buy,100,12.167158,1216.7158,1.2155,0.304179,0.0,rebalance_increase,,next_open
20260809_000809_3032e9,2025-12-15,002479.SZ,buy,100,22.278606,2227.8606,2.225635,0.556965,0.0,rebalance_increase,,next_open
20260809_000809_3032e9,2025-12-15,600138.SH,buy,100,51.220609,5122.0609,5.116944,1.280515,0.0,rebalance_increase,,next_open
20260809_000809_3032e9,2026-01-06,601033.SH,sell,300,16.426423,4927.9269,4.93286,1.231982,0.492793,rebalance_reduce,confirm,next_open
20260809_000809_3032e9,2026-01-06,002746.SZ,sell,100,28.535363,2853.5363,2.856393,0.713384,0.285354,rebalance_reduce,confirm,next_open
20260809_000809_3032e9,2026-01-06,600789.SH,sell,100,26.919671,2691.9671,2.694662,0.672992,0.269197,rebalance_reduce,confirm,next_open
20260809_000809_3032e9,2026-01-06,600273.SH,sell,500,18.881974,9440.987,9.450438,2.360247,0.944099,rebalance_reduce,confirm,next_open
20260809_000809_3032e9,2026-01-06,601083.SH,sell,500,12.088687,6044.3435,6.050394,1.511086,0.604434,rebalance_reduce,confirm,next_open
20260809_000809_3032e9,2026-01-06,600938.SH,sell,100,37.369018,3736.9018,3.740642,0.934225,0.37369,rebalance_reduce,confirm,next_open
20260809_000809_3032e9,2026-01-06,301175.SZ,sell,3300,6.433408,21230.2464,21.251498,5.307562,2.123025,target_exit,confirm,next_open
20260809_000809_3032e9,2026-01-06,600313.SH,sell,1000,26.959723,26959.723,26.98671,6.739931,2.695972,target_exit,confirm,next_open
20260809_000809_3032e9,2026-01-06,002818.SZ,sell,1200,30.62961,36755.532,36.792324,9.188883,3.675553,target_exit,confirm,next_open
20260809_000809_3032e9,2026-01-06,603345.SH,sell,300,93.129368,27938.8104,27.966777,6.984703,2.793881,target_exit,confirm,next_open
20260809_000809_3032e9,2026-01-06,002991.SZ,sell,400,67.386646,26954.6584,26.98164,6.738665,2.695466,target_exit,confirm,next_open
20260809_000809_3032e9,2026-01-06,600755.SH,sell,100,204.678125,20467.8125,20.488301,5.116953,2.046781,target_exit,confirm,next_open
20260809_000809_3032e9,2026-01-06,001378.SZ,sell,1400,24.690365,34566.511,34.601112,8.641628,3.456651,target_exit,confirm,next_open
20260809_000809_3032e9,2026-01-06,600354.SH,sell,1600,19.191309,30706.0944,30.736832,7.676524,3.070609,target_exit,confirm,next_open
20260809_000809_3032e9,2026-01-06,002083.SZ,sell,200,40.298661,8059.7322,8.0678,2.014933,0.805973,target_exit,confirm,next_open
20260809_000809_3032e9,2026-01-06,000726.SZ,sell,400,63.265831,25306.3324,25.331664,6.326583,2.530633,target_exit,confirm,next_open
20260809_000809_3032e9,2026-01-06,001338.SZ,sell,2300,12.679,29161.7,29.190892,7.290425,2.91617,target_exit,confirm,next_open
20260809_000809_3032e9,2026-01-06,600970.SH,sell,200,157.501219,31500.2438,31.531776,7.875061,3.150024,target_exit,confirm,next_open
20260809_000809_3032e9,2026-01-06,601117.SH,sell,3200,9.81499,31407.968,31.439408,7.851992,3.140797,target_exit,confirm,next_open
20260809_000809_3032e9,2026-01-06,002116.SZ,sell,400,50.400503,20160.2012,20.180382,5.04005,2.01602,target_exit,confirm,next_open
20260809_000809_3032e9,2026-01-06,000928.SZ,sell,1300,16.743983,21767.1779,21.788967,5.441794,2.176718,target_exit,confirm,next_open
20260809_000809_3032e9,2026-01-06,600285.SH,sell,100,186.458567,18645.8567,18.664521,4.661464,1.864586,target_exit,confirm,next_open
20260809_000809_3032e9,2026-01-06,002728.SZ,sell,200,59.000369,11800.0738,11.811886,2.950018,1.180007,target_exit,confirm,next_open
20260809_000809_3032e9,2026-01-06,603065.SH,sell,2500,8.781995,21954.9875,21.976965,5.488747,2.195499,target_exit,confirm,next_open
20260809_000809_3032e9,2026-01-06,600038.SH,sell,300,113.949036,34184.7108,34.21893,8.546178,3.418471,target_exit,confirm,next_open
20260809_000809_3032e9,2026-01-06,600101.SH,sell,300,91.464579,27439.3737,27.46684,6.859843,2.743937,target_exit,confirm,next_open
20260809_000809_3032e9,2026-01-06,002936.SZ,sell,15000,2.769737,41546.055,41.58765,10.386514,4.154606,target_exit,confirm,next_open
20260809_000809_3032e9,2026-01-06,601169.SH,sell,1300,27.218511,35384.0643,35.419484,8.846016,3.538406,target_exit,confirm,next_open
20260809_000809_3032e9,2026-01-06,002385.SZ,sell,1000,42.994688,42994.688,43.037726,10.748672,4.299469,target_exit,confirm,next_open
20260809_000809_3032e9,2026-01-06,600916.SH,sell,3500,9.376969,32819.3915,32.852243,8.204848,3.281939,target_exit,confirm,next_open
20260809_000809_3032e9,2026-01-06,603995.SH,sell,1000,30.733656,30733.656,30.76442,7.683414,3.073366,target_exit,confirm,next_open
20260809_000809_3032e9,2026-01-06,600559.SH,sell,300,120.03188,36009.564,36.04561,9.002391,3.600956,target_exit,confirm,next_open
20260809_000809_3032e9,2026-01-06,603107.SH,sell,2400,15.653401,37568.1624,37.605768,9.392041,3.756816,target_exit,confirm,next_open
20260809_000809_3032e9,2026-01-06,002479.SZ,sell,1300,22.879897,29743.8661,29.77364,7.435967,2.974387,target_exit,confirm,next_open
20260809_000809_3032e9,2026-01-06,600138.SH,sell,700,53.126101,37188.2707,37.225496,9.297068,3.718827,target_exit,confirm,next_open
20260809_000809_3032e9,2026-01-06,600668.SH,sell,300,97.355364,29206.6092,29.235845,7.301652,2.920661,target_exit,confirm,next_open
20260809_000809_3032e9,2026-01-06,600300.SH,sell,900,27.63249,24869.241,24.894135,6.21731,2.486924,target_exit,confirm,next_open
20260809_000809_3032e9,2026-01-06,002688.SZ,buy,400,37.565256,15026.1024,15.011091,3.756526,0.0,target_weight_new,,next_open
20260809_000809_3032e9,2026-01-06,300119.SZ,buy,100,124.321557,12432.1557,12.419736,3.108039,0.0,target_weight_new,,next_open
20260809_000809_3032e9,2026-01-06,000650.SZ,buy,100,150.083201,15008.3201,14.993327,3.75208,0.0,target_weight_new,,next_open
20260809_000809_3032e9,2026-01-06,600866.SH,buy,100,114.453007,11445.3007,11.433867,2.861325,0.0,target_weight_new,,next_open
20260809_000809_3032e9,2026-01-06,301559.SZ,buy,1500,17.780835,26671.2525,26.644608,6.667813,0.0,target_weight_new,,next_open
20260809_000809_3032e9,2026-01-06,001277.SZ,buy,200,40.65076,8130.152,8.12203,2.032538,0.0,target_weight_new,,next_open
20260809_000809_3032e9,2026-01-06,000915.SZ,buy,100,133.644411,13364.4411,13.35109,3.34111,0.0,target_weight_new,,next_open
20260809_000809_3032e9,2026-01-06,001367.SZ,buy,300,50.44695,15134.085,15.118966,3.783521,0.0,target_weight_new,,next_open
20260809_000809_3032e9,2026-01-06,603811.SH,buy,300,48.963218,14688.9654,14.674291,3.672241,0.0,target_weight_new,,next_open
20260809_000809_3032e9,2026-01-06,002393.SZ,buy,500,38.435847,19217.9235,19.198725,4.804481,0.0,target_weight_new,,next_open
20260809_000809_3032e9,2026-01-06,605507.SH,buy,600,27.436135,16461.681,16.445236,4.11542,0.0,target_weight_new,,next_open
20260809_000809_3032e9,2026-01-06,600004.SH,buy,1200,25.423606,30508.3272,30.47785,7.627082,0.0,target_weight_new,,next_open
20260809_000809_3032e9,2026-01-06,002917.SZ,buy,600,34.138416,20483.0496,20.462587,5.120762,0.0,target_weight_new,,next_open
20260809_000809_3032e9,2026-01-06,603167.SH,buy,1400,15.17993,21251.902,21.230671,5.312975,0.0,target_weight_new,,next_open
20260809_000809_3032e9,2026-01-06,603888.SH,buy,200,71.376001,14275.2002,14.260939,3.5688,0.0,target_weight_new,,next_open
20260809_000809_3032e9,2026-01-06,002283.SZ,buy,700,29.426292,20598.4044,20.577827,5.149601,0.0,target_weight_new,,next_open
20260809_000809_3032e9,2026-01-06,600210.SH,buy,200,73.946377,14789.2754,14.774501,3.697319,0.0,target_weight_new,,next_open
20260809_000809_3032e9,2026-01-06,301223.SZ,buy,1000,19.820273,19820.273,19.800473,4.955068,0.0,target_weight_new,,next_open
20260809_000809_3032e9,2026-01-06,000719.SZ,buy,200,66.565984,13313.1968,13.299897,3.328299,0.0,target_weight_new,,next_open
20260809_000809_3032e9,2026-01-06,600757.SH,buy,200,78.224482,15644.8964,15.629267,3.911224,0.0,target_weight_new,,next_open
20260809_000809_3032e9,2026-01-06,601368.SH,buy,4300,5.714768,24573.5024,24.548954,6.143376,0.0,target_weight_new,,next_open
20260809_000809_3032e9,2026-01-06,603199.SH,buy,500,40.448776,20224.388,20.204184,5.056097,0.0,target_weight_new,,next_open
20260809_000809_3032e9,2026-01-06,002033.SZ,buy,400,57.004718,22801.8872,22.779108,5.700472,0.0,target_weight_new,,next_open
20260809_000809_3032e9,2026-01-06,300770.SZ,buy,100,100.321001,10032.1001,10.022078,2.508025,0.0,target_weight_new,,next_open
20260809_000809_3032e9,2026-01-06,600598.SH,buy,600,43.541308,26124.7848,26.098686,6.531196,0.0,target_weight_new,,next_open
20260809_000809_3032e9,2026-01-06,603387.SH,buy,600,37.767422,22660.4532,22.637815,5.665113,0.0,target_weight_new,,next_open
20260809_000809_3032e9,2026-01-06,301580.SZ,buy,200,65.839195,13167.839,13.154684,3.29196,0.0,target_weight_new,,next_open
20260809_000809_3032e9,2026-01-06,601311.SH,buy,400,30.593639,12237.4556,12.22523,3.059364,0.0,target_weight_new,,next_open
20260809_000809_3032e9,2026-01-06,301362.SZ,buy,400,47.365718,18946.2872,18.92736,4.736572,0.0,target_weight_new,,next_open
20260809_000809_3032e9,2026-01-06,601665.SH,buy,3000,7.000602,21001.806,20.980824,5.250452,0.0,target_weight_new,,next_open
20260809_000809_3032e9,2026-01-06,002807.SZ,buy,2400,7.589037,18213.6888,18.195494,4.553422,0.0,target_weight_new,,next_open
20260809_000809_3032e9,2026-01-06,002609.SZ,buy,300,53.242325,15972.6975,15.956741,3.993174,0.0,target_weight_new,,next_open
20260809_000809_3032e9,2026-01-06,002649.SZ,buy,200,70.295988,14059.1976,14.045152,3.514799,0.0,target_weight_new,,next_open
20260809_000809_3032e9,2026-01-06,001286.SZ,buy,2000,10.463701,20927.402,20.906496,5.23185,0.0,target_weight_new,,next_open
20260809_000809_3032e9,2026-01-06,000875.SZ,buy,1900,8.436533,16029.4127,16.013399,4.007353,0.0,target_weight_new,,next_open
20260809_000809_3032e9,2026-01-06,605080.SH,buy,500,34.047966,17023.983,17.006976,4.255996,0.0,target_weight_new,,next_open
20260809_000809_3032e9,2026-01-06,300230.SZ,buy,500,37.142801,18571.4005,18.552848,4.64285,0.0,target_weight_new,,next_open
20260809_000809_3032e9,2026-01-06,600170.SH,buy,300,49.460946,14838.2838,14.82346,3.709571,0.0,target_weight_new,,next_open
20260809_000809_3032e9,2026-01-06,603086.SH,buy,300,49.491392,14847.4176,14.832585,3.711854,0.0,target_weight_new,,next_open
20260809_000809_3032e9,2026-01-06,301520.SZ,buy,400,41.970164,16788.0656,16.771294,4.197016,0.0,target_weight_new,,next_open
20260809_000809_3032e9,2026-01-06,002722.SZ,buy,1200,16.930689,20316.8268,20.29653,5.079207,0.0,target_weight_new,,next_open
20260809_000809_3032e9,2026-03-03,600273.SH,sell,800,24.967365,19973.892,19.993886,4.993473,1.997389,rebalance_reduce,confirm,next_open
20260809_000809_3032e9,2026-03-03,600938.SH,sell,200,53.775869,10755.1738,10.76594,2.688793,1.075517,rebalance_reduce,confirm,next_open
20260809_000809_3032e9,2026-03-03,301559.SZ,sell,700,20.457618,14320.3326,14.334667,3.580083,1.432033,rebalance_reduce,confirm,next_open
20260809_000809_3032e9,2026-03-03,603888.SH,sell,100,79.858062,7985.8062,7.9938,1.996452,0.798581,rebalance_reduce,confirm,next_open
20260809_000809_3032e9,2026-03-03,002283.SZ,sell,400,49.554726,19821.8904,19.841732,4.955473,1.982189,rebalance_reduce,confirm,next_open
20260809_000809_3032e9,2026-03-03,603199.SH,sell,100,43.731956,4373.1956,4.377573,1.093299,0.43732,rebalance_reduce,confirm,next_open
20260809_000809_3032e9,2026-03-03,600598.SH,sell,200,48.864287,9772.8574,9.78264,2.443214,0.977286,rebalance_reduce,confirm,next_open
20260809_000809_3032e9,2026-03-03,301580.SZ,sell,100,130.694012,13069.4012,13.082484,3.26735,1.30694,rebalance_reduce,confirm,next_open
20260809_000809_3032e9,2026-03-03,301362.SZ,sell,300,136.316867,40895.0601,40.935996,10.223765,4.089506,rebalance_reduce,confirm,next_open
20260809_000809_3032e9,2026-03-03,001286.SZ,sell,300,12.239045,3671.7135,3.675389,0.917928,0.367171,rebalance_reduce,confirm,next_open
20260809_000809_3032e9,2026-03-03,000875.SZ,sell,800,11.772646,9418.1168,9.427544,2.354529,0.941812,rebalance_reduce,confirm,next_open
20260809_000809_3032e9,2026-03-03,605080.SH,sell,100,35.572748,3557.2748,3.560836,0.889319,0.355727,rebalance_reduce,confirm,next_open
20260809_000809_3032e9,2026-03-03,600789.SH,sell,700,26.218182,18352.7274,18.371098,4.588182,1.835273,target_exit,confirm,next_open
20260809_000809_3032e9,2026-03-03,002917.SZ,buy,100,35.945894,3594.5894,3.590998,0.898647,0.0,rebalance_increase,,next_open
20260809_000809_3032e9,2026-03-03,601033.SH,buy,800,16.749957,13399.9656,13.386579,3.349991,0.0,rebalance_increase,,next_open
20260809_000809_3032e9,2026-03-03,603167.SH,buy,600,15.845574,9507.3444,9.497846,2.376836,0.0,rebalance_increase,,next_open
20260809_000809_3032e9,2026-03-03,002746.SZ,buy,100,30.141838,3014.1838,3.011173,0.753546,0.0,rebalance_increase,,next_open
20260809_000809_3032e9,2026-03-03,002688.SZ,buy,100,37.751838,3775.1838,3.771412,0.943796,0.0,rebalance_increase,,next_open
20260809_000809_3032e9,2026-03-03,001277.SZ,buy,100,42.266224,4226.6224,4.2224,1.056656,0.0,rebalance_increase,,next_open
20260809_000809_3032e9,2026-03-03,000915.SZ,buy,100,127.859802,12785.9802,12.773207,3.196495,0.0,rebalance_increase,,next_open
20260809_000809_3032e9,2026-03-03,001367.SZ,buy,200,51.408057,10281.6114,10.27134,2.570403,0.0,rebalance_increase,,next_open
20260809_000809_3032e9,2026-03-03,002393.SZ,buy,200,39.412773,7882.5546,7.87468,1.970639,0.0,rebalance_increase,,next_open
20260809_000809_3032e9,2026-03-03,600004.SH,buy,500,24.859234,12429.617,12.4172,3.107404,0.0,rebalance_increase,,next_open
20260809_000809_3032e9,2026-03-03,600210.SH,buy,100,75.834792,7583.4792,7.575903,1.89587,0.0,rebalance_increase,,next_open
20260809_000809_3032e9,2026-03-03,301223.SZ,buy,300,20.918467,6275.5401,6.269271,1.568885,0.0,rebalance_increase,,next_open
20260809_000809_3032e9,2026-03-03,601368.SH,buy,1100,6.138508,6752.3588,6.745614,1.68809,0.0,rebalance_increase,,next_open
20260809_000809_3032e9,2026-03-03,601311.SH,buy,400,31.67689,12670.756,12.658098,3.167689,0.0,rebalance_increase,,next_open
20260809_000809_3032e9,2026-03-03,601665.SH,buy,400,7.193536,2877.4144,2.87454,0.719354,0.0,rebalance_increase,,next_open
20260809_000809_3032e9,2026-03-03,002807.SZ,buy,1700,7.672251,13042.8267,13.029796,3.260707,0.0,rebalance_increase,,next_open
20260809_000809_3032e9,2026-03-03,300230.SZ,buy,100,39.919131,3991.9131,3.987925,0.997978,0.0,rebalance_increase,,next_open
20260809_000809_3032e9,2026-03-03,002722.SZ,buy,100,17.752244,1775.2244,1.773451,0.443806,0.0,rebalance_increase,,next_open
20260809_000809_3032e9,2026-03-18,600938.SH,sell,100,51.408135,5140.8135,5.14596,1.285203,0.514081,rebalance_reduce,confirm,next_open
20260809_000809_3032e9,2026-03-18,601033.SH,sell,300,17.156964,5147.0892,5.152241,1.286772,0.514709,rebalance_reduce,confirm,next_open
20260809_000809_3032e9,2026-03-18,601083.SH,sell,700,13.269392,9288.5744,9.297873,2.322144,0.928857,rebalance_reduce,confirm,next_open
20260809_000809_3032e9,2026-03-18,603167.SH,sell,200,15.457453,3091.4906,3.094585,0.772873,0.309149,rebalance_reduce,confirm,next_open
20260809_000809_3032e9,2026-03-18,301223.SZ,sell,200,22.099132,4419.8264,4.424251,1.104957,0.441983,rebalance_reduce,confirm,next_open
20260809_000809_3032e9,2026-03-18,600598.SH,sell,100,50.202238,5020.2238,5.025249,1.255056,0.502022,rebalance_reduce,confirm,next_open
20260809_000809_3032e9,2026-03-18,002807.SZ,sell,100,7.806406,780.6406,0.781422,0.19516,0.078064,rebalance_reduce,confirm,next_open
20260809_000809_3032e9,2026-03-18,001286.SZ,sell,100,12.339456,1233.9456,1.235181,0.308486,0.123395,rebalance_reduce,confirm,next_open
20260809_000809_3032e9,2026-03-18,001277.SZ,sell,300,37.750662,11325.1986,11.336535,2.8313,1.13252,target_exit,confirm,next_open
20260809_000809_3032e9,2026-03-18,600757.SH,buy,100,80.416873,8041.6873,8.033654,2.010422,0.0,rebalance_increase,,next_open
20260809_000809_3032e9,2026-03-18,601665.SH,buy,300,7.243578,2173.0734,2.170903,0.543268,0.0,rebalance_increase,,next_open
20260809_000809_3032e9,2026-03-23,603387.SH,sell,200,40.635274,8127.0548,8.13519,2.031764,0.812705,rebalance_reduce,confirm,next_open
20260809_000809_3032e9,2026-03-23,002609.SZ,sell,300,47.515799,14254.7397,14.269009,3.563685,1.425474,target_exit,confirm,next_open
20260809_000809_3032e9,2026-03-23,002649.SZ,sell,200,61.320356,12264.0712,12.276348,3.066018,1.226407,target_exit,confirm,next_open
20260809_000809_3032e9,2026-03-23,603086.SH,sell,300,42.713094,12813.9282,12.826755,3.203482,1.281393,target_exit,confirm,next_open
20260809_000809_3032e9,2026-03-23,603167.SH,buy,100,14.920166,1492.0166,1.490526,0.373004,0.0,rebalance_increase,,next_open
20260809_000809_3032e9,2026-03-23,600004.SH,buy,100,24.133614,2413.3614,2.41095,0.60334,0.0,rebalance_increase,,next_open
20260809_000809_3032e9,2026-03-23,601368.SH,buy,200,6.012532,1202.5064,1.201305,0.300627,0.0,rebalance_increase,,next_open
20260809_000809_3032e9,2026-03-23,601665.SH,buy,200,7.156005,1431.201,1.429771,0.3578,0.0,rebalance_increase,,next_open
20260809_000809_3032e9,2026-03-23,002807.SZ,buy,200,7.53911,1507.822,1.506316,0.376955,0.0,rebalance_increase,,next_open
20260809_000809_3032e9,2026-03-24,300119.SZ,sell,100,110.146583,11014.6583,11.025684,2.753665,1.101466,target_exit,confirm,next_open
20260809_000809_3032e9,2026-03-24,000650.SZ,sell,100,133.140742,13314.0742,13.327402,3.328519,1.331407,target_exit,confirm,next_open
20260809_000809_3032e9,2026-03-24,001367.SZ,sell,500,45.951742,22975.871,22.99887,5.743968,2.297587,target_exit,confirm,next_open
20260809_000809_3032e9,2026-03-24,002917.SZ,sell,700,31.02142,21714.994,21.73673,5.428749,2.171499,target_exit,confirm,next_open
20260809_000809_3032e9,2026-03-24,600210.SH,sell,300,66.061678,19818.5034,19.838342,4.954626,1.98185,target_exit,confirm,next_open
20260809_000809_3032e9,2026-03-24,002033.SZ,sell,400,54.403792,21761.5168,21.7833,5.440379,2.176152,target_exit,confirm,next_open
20260809_000809_3032e9,2026-03-24,300770.SZ,sell,100,90.335734,9033.5734,9.042616,2.258393,0.903357,target_exit,confirm,next_open
20260809_000809_3032e9,2026-03-24,605080.SH,sell,400,31.339605,12535.842,12.54839,3.133961,1.253584,target_exit,confirm,next_open
20260809_000809_3032e9,2026-03-24,300230.SZ,sell,600,34.372692,20623.6152,20.644259,5.155904,2.062362,target_exit,confirm,next_open
20260809_000809_3032e9,2026-03-24,002722.SZ,sell,1300,15.279195,19862.9535,19.882836,4.965738,1.986295,target_exit,confirm,next_open
20260809_000809_3032e9,2026-03-24,600273.SH,buy,100,19.027889,1902.7889,1.900888,0.475697,0.0,rebalance_increase,,next_open
20260809_000809_3032e9,2026-03-24,601033.SH,buy,700,16.685369,11679.7583,11.66809,2.91994,0.0,rebalance_increase,,next_open
20260809_000809_3032e9,2026-03-24,601083.SH,buy,300,12.547043,3764.1129,3.760352,0.941028,0.0,rebalance_increase,,next_open
20260809_000809_3032e9,2026-03-24,603167.SH,buy,600,14.449345,8669.607,8.660946,2.167402,0.0,rebalance_increase,,next_open
20260809_000809_3032e9,2026-03-24,002746.SZ,buy,300,27.183994,8155.1982,8.147051,2.0388,0.0,rebalance_increase,,next_open
20260809_000809_3032e9,2026-03-24,600866.SH,buy,100,115.602463,11560.2463,11.548698,2.890062,0.0,rebalance_increase,,next_open
20260809_000809_3032e9,2026-03-24,301559.SZ,buy,200,17.054638,3410.9276,3.40752,0.852732,0.0,rebalance_increase,,next_open
20260809_000809_3032e9,2026-03-24,000915.SZ,buy,100,124.269355,12426.9355,12.414521,3.106734,0.0,rebalance_increase,,next_open
20260809_000809_3032e9,2026-03-24,603811.SH,buy,100,48.648198,4864.8198,4.85996,1.216205,0.0,rebalance_increase,,next_open
20260809_000809_3032e9,2026-03-24,600004.SH,buy,600,23.622991,14173.7946,14.159635,3.543449,0.0,rebalance_increase,,next_open
20260809_000809_3032e9,2026-03-24,301223.SZ,buy,300,19.334534,5800.3602,5.794566,1.45009,0.0,rebalance_increase,,next_open
20260809_000809_3032e9,2026-03-24,000719.SZ,buy,100,68.745727,6874.5727,6.867705,1.718643,0.0,rebalance_increase,,next_open
20260809_000809_3032e9,2026-03-24,600757.SH,buy,100,75.155136,7515.5136,7.508006,1.878878,0.0,rebalance_increase,,next_open
20260809_000809_3032e9,2026-03-24,601368.SH,buy,1600,5.794935,9271.896,9.262634,2.317974,0.0,rebalance_increase,,next_open
20260809_000809_3032e9,2026-03-24,600598.SH,buy,100,45.639684,4563.9684,4.559409,1.140992,0.0,rebalance_increase,,next_open
20260809_000809_3032e9,2026-03-24,601311.SH,buy,200,30.495162,6099.0324,6.092939,1.524758,0.0,rebalance_increase,,next_open
20260809_000809_3032e9,2026-03-24,601665.SH,buy,1200,6.930816,8316.9792,8.30867,2.079245,0.0,rebalance_increase,,next_open
20260809_000809_3032e9,2026-03-24,002807.SZ,buy,1400,7.256185,10158.659,10.14851,2.539665,0.0,rebalance_increase,,next_open
20260809_000809_3032e9,2026-03-24,001286.SZ,buy,400,12.49831,4999.324,4.99433,1.249831,0.0,rebalance_increase,,next_open
20260809_000809_3032e9,2026-03-24,000875.SZ,buy,200,10.75098,2150.196,2.148048,0.537549,0.0,rebalance_increase,,next_open
20260809_000809_3032e9,2026-03-24,301520.SZ,buy,200,39.528969,7905.7938,7.897896,1.976448,0.0,rebalance_increase,,next_open
20260809_000809_3032e9,2026-04-02,002807.SZ,sell,3600,7.557265,27206.154,27.233388,6.801538,2.720615,rebalance_reduce,confirm,next_open
20260809_000809_3032e9,2026-04-02,603167.SH,sell,1000,15.214411,15214.411,15.229641,3.803603,1.521441,rebalance_reduce,confirm,next_open
20260809_000809_3032e9,2026-04-02,600273.SH,sell,600,19.982523,11989.5138,12.001516,2.997378,1.198951,target_exit,confirm,next_open
20260809_000809_3032e9,2026-04-02,600938.SH,sell,200,50.443026,10088.6052,10.098704,2.522151,1.008861,target_exit,confirm,next_open
20260809_000809_3032e9,2026-04-02,601033.SH,sell,3000,15.964464,47893.392,47.941332,11.973348,4.789339,target_exit,confirm,next_open
20260809_000809_3032e9,2026-04-02,600064.SH,sell,100,269.035403,26903.5403,26.930471,6.725885,2.690354,target_exit,confirm,next_open
20260809_000809_3032e9,2026-04-02,601083.SH,sell,1500,13.854329,20781.4935,20.802295,5.195373,2.078149,target_exit,confirm,next_open
20260809_000809_3032e9,2026-04-02,002746.SZ,sell,1400,28.441651,39818.3114,39.858169,9.954578,3.981831,target_exit,confirm,next_open
20260809_000809_3032e9,2026-04-02,002688.SZ,sell,500,36.372943,18186.4715,18.204676,4.546618,1.818647,target_exit,confirm,next_open
20260809_000809_3032e9,2026-04-02,600866.SH,sell,200,119.140728,23828.1456,23.851998,5.957036,2.382815,target_exit,confirm,next_open
20260809_000809_3032e9,2026-04-02,301559.SZ,sell,1000,17.701385,17701.385,17.719104,4.425346,1.770138,target_exit,confirm,next_open
20260809_000809_3032e9,2026-04-02,603811.SH,sell,400,55.198129,22079.2516,22.101353,5.519813,2.207925,target_exit,confirm,next_open
20260809_000809_3032e9,2026-04-02,002393.SZ,sell,700,43.267429,30287.2003,30.317518,7.5718,3.02872,target_exit,confirm,next_open
20260809_000809_3032e9,2026-04-02,605507.SH,sell,600,28.462449,17077.4694,17.094564,4.269367,1.707747,target_exit,confirm,next_open
20260809_000809_3032e9,2026-04-02,600004.SH,sell,2400,24.299964,58319.9136,58.378291,14.579978,5.831991,target_exit,confirm,next_open
20260809_000809_3032e9,2026-04-02,603888.SH,sell,100,71.020436,7102.0436,7.109153,1.775511,0.710204,target_exit,confirm,next_open
20260809_000809_3032e9,2026-04-02,002283.SZ,sell,300,44.777238,13433.1714,13.446618,3.358293,1.343317,target_exit,confirm,next_open
20260809_000809_3032e9,2026-04-02,301223.SZ,sell,1400,20.318134,28445.3876,28.473861,7.111347,2.844539,target_exit,confirm,next_open
20260809_000809_3032e9,2026-04-02,000719.SZ,sell,300,73.238044,21971.4132,21.993407,5.492853,2.197141,target_exit,confirm,next_open
20260809_000809_3032e9,2026-04-02,600757.SH,sell,400,77.455547,30982.2188,31.013232,7.745555,3.098222,target_exit,confirm,next_open
20260809_000809_3032e9,2026-04-02,601368.SH,sell,7200,5.566195,40076.604,40.116722,10.019151,4.00766,target_exit,confirm,next_open
20260809_000809_3032e9,2026-04-02,603199.SH,sell,400,44.671254,17868.5016,17.886388,4.467125,1.78685,target_exit,confirm,next_open
20260809_000809_3032e9,2026-04-02,600598.SH,sell,400,47.380907,18952.3628,18.971334,4.738091,1.895236,target_exit,confirm,next_open
20260809_000809_3032e9,2026-04-02,603387.SH,sell,400,45.467577,18187.0308,18.205236,4.546758,1.818703,target_exit,confirm,next_open
20260809_000809_3032e9,2026-04-02,301580.SZ,sell,100,99.537329,9953.7329,9.963697,2.488433,0.995373,target_exit,confirm,next_open
20260809_000809_3032e9,2026-04-02,601311.SH,sell,1000,31.318758,31318.758,31.350108,7.82969,3.131876,target_exit,confirm,next_open
20260809_000809_3032e9,2026-04-02,301362.SZ,sell,100,111.477251,11147.7251,11.158884,2.786931,1.114773,target_exit,confirm,next_open
20260809_000809_3032e9,2026-04-02,601665.SH,sell,5100,7.241591,36932.1141,36.969084,9.233029,3.693211,target_exit,confirm,next_open
20260809_000809_3032e9,2026-04-02,001286.SZ,sell,2000,12.172104,24344.208,24.368576,6.086052,2.434421,target_exit,confirm,next_open
20260809_000809_3032e9,2026-04-02,000875.SZ,sell,1300,9.641648,12534.1424,12.546689,3.133536,1.253414,target_exit,confirm,next_open
20260809_000809_3032e9,2026-04-02,600170.SH,sell,300,50.646639,15193.9917,15.209201,3.798498,1.519399,target_exit,confirm,next_open
20260809_000809_3032e9,2026-04-02,301520.SZ,sell,600,45.148322,27088.9932,27.11611,6.772248,2.708899,target_exit,confirm,next_open
20260809_000809_3032e9,2026-04-02,601916.SH,buy,4500,4.129041,18580.6845,18.562122,4.645171,0.0,target_weight_new,,next_open
20260809_000809_3032e9,2026-04-02,601939.SH,buy,700,23.576733,16503.7131,16.487226,4.125928,0.0,target_weight_new,,next_open
20260809_000809_3032e9,2026-04-02,001227.SZ,buy,7600,2.676254,20339.5304,20.319208,5.084883,0.0,target_weight_new,,next_open
20260809_000809_3032e9,2026-04-02,603323.SH,buy,1600,10.042144,16067.4304,16.051379,4.016858,0.0,target_weight_new,,next_open
20260809_000809_3032e9,2026-04-02,600908.SH,buy,2000,7.649312,15298.624,15.28334,3.824656,0.0,target_weight_new,,next_open
20260809_000809_3032e9,2026-04-02,002958.SZ,buy,3800,3.715649,14119.4662,14.105361,3.529867,0.0,target_weight_new,,next_open
20260809_000809_3032e9,2026-04-02,002839.SZ,buy,1800,7.288988,13120.1784,13.107071,3.280045,0.0,target_weight_new,,next_open
20260809_000809_3032e9,2026-04-02,601860.SH,buy,4100,3.474171,14244.1011,14.22987,3.561025,0.0,target_weight_new,,next_open
20260809_000809_3032e9,2026-04-02,601528.SH,buy,1700,7.790299,13243.5083,13.230277,3.310877,0.0,target_weight_new,,next_open
20260809_000809_3032e9,2026-04-02,002948.SZ,buy,1200,7.534668,9041.6016,9.032569,2.2604,0.0,target_weight_new,,next_open
20260809_000809_3032e9,2026-04-02,603128.SH,buy,1400,18.909666,26473.5324,26.447085,6.618383,0.0,target_weight_new,,next_open
20260809_000809_3032e9,2026-04-02,000756.SZ,buy,500,32.346314,16173.157,16.157,4.043289,0.0,target_weight_new,,next_open
20260809_000809_3032e9,2026-04-02,603207.SH,buy,700,30.267377,21187.1639,21.165998,5.296791,0.0,target_weight_new,,next_open
20260809_000809_3032e9,2026-04-02,600267.SH,buy,200,77.374151,15474.8302,15.459371,3.868708,0.0,target_weight_new,,next_open
20260809_000809_3032e9,2026-04-02,600572.SH,buy,300,76.976219,23092.8657,23.069796,5.773216,0.0,target_weight_new,,next_open
20260809_000809_3032e9,2026-04-02,600351.SH,buy,300,56.545214,16963.5642,16.946618,4.240891,0.0,target_weight_new,,next_open
20260809_000809_3032e9,2026-04-02,000650.SZ,buy,100,143.952352,14395.2352,14.380854,3.598809,0.0,target_weight_new,,next_open
20260809_000809_3032e9,2026-04-02,600479.SH,buy,100,177.038872,17703.8872,17.686201,4.425972,0.0,target_weight_new,,next_open
20260809_000809_3032e9,2026-04-02,002603.SZ,buy,200,72.377411,14475.4822,14.461021,3.618871,0.0,target_weight_new,,next_open
20260809_000809_3032e9,2026-04-02,300026.SZ,buy,100,181.272717,18127.2717,18.109163,4.531818,0.0,target_weight_new,,next_open
20260809_000809_3032e9,2026-04-02,002907.SZ,buy,1200,14.809153,17770.9836,17.753231,4.442746,0.0,target_weight_new,,next_open
20260809_000809_3032e9,2026-04-02,300181.SZ,buy,100,132.884175,13288.4175,13.275142,3.322104,0.0,target_weight_new,,next_open
20260809_000809_3032e9,2026-04-02,300039.SZ,buy,200,73.914205,14782.841,14.768073,3.69571,0.0,target_weight_new,,next_open
20260809_000809_3032e9,2026-04-02,601065.SH,buy,2800,9.004754,25213.3112,25.188122,6.303328,0.0,target_weight_new,,next_open
20260809_000809_3032e9,2026-04-02,603213.SH,buy,1400,15.580905,21813.267,21.791476,5.453317,0.0,target_weight_new,,next_open
20260809_000809_3032e9,2026-04-02,600008.SH,buy,900,32.015262,28813.7358,28.784951,7.203434,0.0,target_weight_new,,next_open
20260809_000809_3032e9,2026-04-02,601377.SH,buy,1200,16.64828,19977.936,19.957978,4.994484,0.0,target_weight_new,,next_open
20260809_000809_3032e9,2026-04-02,000498.SZ,buy,1200,18.695387,22434.4644,22.412052,5.608616,0.0,target_weight_new,,next_open
20260809_000809_3032e9,2026-04-02,600820.SH,buy,100,148.895685,14889.5685,14.874694,3.722392,0.0,target_weight_new,,next_open
20260809_000809_3032e9,2026-04-02,601000.SH,buy,500,34.31931,17159.655,17.142513,4.289914,0.0,target_weight_new,,next_open
20260809_000809_3032e9,2026-04-02,601333.SH,buy,5400,4.411397,23821.5438,23.797746,5.955386,0.0,target_weight_new,,next_open
20260809_000809_3032e9,2026-04-02,001213.SZ,buy,5400,4.324552,23352.5808,23.329253,5.838145,0.0,target_weight_new,,next_open
20260809_000809_3032e9,2026-04-02,000900.SZ,buy,300,64.133014,19239.9042,19.220683,4.809976,0.0,target_weight_new,,next_open
20260809_000809_3032e9,2026-04-02,000828.SZ,buy,400,43.540613,17416.2452,17.398846,4.354061,0.0,target_weight_new,,next_open
20260809_000809_3032e9,2026-04-02,601188.SH,buy,4700,4.46027,20963.269,20.942326,5.240817,0.0,target_weight_new,,next_open
20260809_000809_3032e9,2026-04-02,600713.SH,buy,200,66.754676,13350.9352,13.337598,3.337734,0.0,target_weight_new,,next_open
20260809_000809_3032e9,2026-04-02,002697.SZ,buy,300,46.493563,13948.0689,13.934135,3.487017,0.0,target_weight_new,,next_open
20260809_000809_3032e9,2026-04-02,002303.SZ,buy,400,47.272186,18908.8744,18.889984,4.727219,0.0,target_weight_new,,next_open
20260809_000809_3032e9,2026-04-02,002884.SZ,buy,200,109.785264,21957.0528,21.935118,5.489263,0.0,target_weight_new,,next_open
20260809_000809_3032e9,2026-04-02,600210.SH,buy,200,68.778081,13755.6162,13.741874,3.438904,0.0,target_weight_new,,next_open
20260809_000809_3032e9,2026-04-02,603586.SH,buy,900,22.778368,20500.5312,20.480051,5.125133,0.0,target_weight_new,,next_open
20260809_000809_3032e9,2026-04-02,000726.SZ,buy,200,63.213919,12642.7838,12.630154,3.160696,0.0,target_weight_new,,next_open
20260809_000809_3032e9,2026-04-02,603111.SH,buy,1100,18.485029,20333.5319,20.313218,5.083383,0.0,target_weight_new,,next_open
20260809_000809_3032e9,2026-04-07,002303.SZ,sell,400,42.091188,16836.4752,16.853328,4.209119,1.683648,target_exit,confirm,next_open
20260809_000809_3032e9,2026-04-07,000756.SZ,buy,100,31.875043,3187.5043,3.18432,0.796876,0.0,rebalance_increase,,next_open
20260809_000809_3032e9,2026-04-07,603207.SH,buy,100,29.311452,2931.1452,2.928217,0.732786,0.0,rebalance_increase,,next_open
20260809_000809_3032e9,2026-04-07,603167.SH,buy,100,14.871461,1487.1461,1.48566,0.371787,0.0,rebalance_increase,,next_open
20260809_000809_3032e9,2026-04-07,601916.SH,buy,200,4.087473,817.4946,0.816678,0.204374,0.0,rebalance_increase,,next_open
20260809_000809_3032e9,2026-04-07,601939.SH,buy,100,23.42704,2342.704,2.340364,0.585676,0.0,rebalance_increase,,next_open
20260809_000809_3032e9,2026-04-07,001227.SZ,buy,400,2.640728,1056.2912,1.055236,0.264073,0.0,rebalance_increase,,next_open
20260809_000809_3032e9,2026-04-07,603323.SH,buy,100,9.898977,989.8977,0.988909,0.247474,0.0,rebalance_increase,,next_open
20260809_000809_3032e9,2026-04-07,600908.SH,buy,100,7.595538,759.5538,0.758795,0.189888,0.0,rebalance_increase,,next_open
20260809_000809_3032e9,2026-04-07,002958.SZ,buy,200,3.618824,723.7648,0.723042,0.180941,0.0,rebalance_increase,,next_open
20260809_000809_3032e9,2026-04-07,002839.SZ,buy,200,7.192657,1438.5314,1.437094,0.359633,0.0,rebalance_increase,,next_open
20260809_000809_3032e9,2026-04-07,601860.SH,buy,300,3.360883,1008.2649,1.007258,0.252066,0.0,rebalance_increase,,next_open
20260809_000809_3032e9,2026-04-07,601528.SH,buy,100,7.615236,761.5236,0.760763,0.190381,0.0,rebalance_increase,,next_open
20260809_000809_3032e9,2026-04-07,002948.SZ,buy,100,7.434966,743.4966,0.742754,0.185874,0.0,rebalance_increase,,next_open
20260809_000809_3032e9,2026-04-07,603128.SH,buy,300,18.273766,5482.1298,5.476653,1.370532,0.0,rebalance_increase,,next_open
20260809_000809_3032e9,2026-04-07,600351.SH,buy,100,54.450947,5445.0947,5.439655,1.361274,0.0,rebalance_increase,,next_open
20260809_000809_3032e9,2026-04-07,002907.SZ,buy,100,14.685658,1468.5658,1.467099,0.367141,0.0,rebalance_increase,,next_open
20260809_000809_3032e9,2026-04-07,601065.SH,buy,500,8.725703,4362.8515,4.358493,1.090713,0.0,rebalance_increase,,next_open
20260809_000809_3032e9,2026-04-07,603213.SH,buy,300,15.149364,4544.8092,4.540269,1.136202,0.0,rebalance_increase,,next_open
20260809_000809_3032e9,2026-04-07,600008.SH,buy,200,31.401551,6280.3102,6.274036,1.570078,0.0,rebalance_increase,,next_open
20260809_000809_3032e9,2026-04-07,601377.SH,buy,200,16.057716,3211.5432,3.208335,0.802886,0.0,rebalance_increase,,next_open
20260809_000809_3032e9,2026-04-07,000498.SZ,buy,200,18.088186,3617.6372,3.614023,0.904409,0.0,rebalance_increase,,next_open
20260809_000809_3032e9,2026-04-07,601000.SH,buy,100,34.030305,3403.0305,3.399631,0.850758,0.0,rebalance_increase,,next_open
20260809_000809_3032e9,2026-04-07,601333.SH,buy,800,4.341152,3472.9216,3.469452,0.86823,0.0,rebalance_increase,,next_open
20260809_000809_3032e9,2026-04-07,001213.SZ,buy,800,4.282566,3426.0528,3.42263,0.856513,0.0,rebalance_increase,,next_open
20260809_000809_3032e9,2026-04-07,000900.SZ,buy,100,61.814953,6181.4953,6.17532,1.545374,0.0,rebalance_increase,,next_open
20260809_000809_3032e9,2026-04-07,000828.SZ,buy,100,43.103897,4310.3897,4.306084,1.077597,0.0,rebalance_increase,,next_open
20260809_000809_3032e9,2026-04-07,601188.SH,buy,900,4.248506,3823.6554,3.819836,0.955914,0.0,rebalance_increase,,next_open
20260809_000809_3032e9,2026-04-07,600713.SH,buy,100,68.852328,6885.2328,6.878354,1.721308,0.0,rebalance_increase,,next_open
20260809_000809_3032e9,2026-04-07,002697.SZ,buy,100,45.158021,4515.8021,4.511291,1.128951,0.0,rebalance_increase,,next_open
20260809_000809_3032e9,2026-04-07,600210.SH,buy,100,66.889666,6688.9666,6.682284,1.672242,0.0,rebalance_increase,,next_open
20260809_000809_3032e9,2026-04-07,603586.SH,buy,200,22.429083,4485.8166,4.481335,1.121454,0.0,rebalance_increase,,next_open
20260809_000809_3032e9,2026-04-07,000726.SZ,buy,100,60.713933,6071.3933,6.065328,1.517848,0.0,rebalance_increase,,next_open
20260809_000809_3032e9,2026-04-07,603111.SH,buy,200,18.069323,3613.8646,3.610254,0.903466,0.0,rebalance_increase,,next_open
20260809_000809_3032e9,2026-04-27,601939.SH,sell,100,24.201902,2420.1902,2.422613,0.605048,0.242019,rebalance_reduce,confirm,next_open
20260809_000809_3032e9,2026-04-27,001227.SZ,sell,100,2.64727,264.727,0.264992,0.066182,0.026473,rebalance_reduce,confirm,next_open
20260809_000809_3032e9,2026-04-27,603323.SH,sell,100,10.062903,1006.2903,1.007298,0.251573,0.100629,rebalance_reduce,confirm,next_open
20260809_000809_3032e9,2026-04-27,600908.SH,sell,100,7.727944,772.7944,0.773568,0.193199,0.077279,rebalance_reduce,confirm,next_open
20260809_000809_3032e9,2026-04-27,002958.SZ,sell,300,3.659909,1097.9727,1.099072,0.274493,0.109797,rebalance_reduce,confirm,next_open
20260809_000809_3032e9,2026-04-27,002839.SZ,sell,100,7.482723,748.2723,0.749021,0.187068,0.074827,rebalance_reduce,confirm,next_open
20260809_000809_3032e9,2026-04-27,601860.SH,sell,300,3.404417,1021.3251,1.022348,0.255331,0.102133,rebalance_reduce,confirm,next_open
20260809_000809_3032e9,2026-04-27,002948.SZ,sell,100,8.002916,800.2916,0.801093,0.200073,0.080029,rebalance_reduce,confirm,next_open
20260809_000809_3032e9,2026-04-27,601188.SH,sell,100,4.332479,433.2479,0.433682,0.108312,0.043325,rebalance_reduce,confirm,next_open
20260809_000809_3032e9,2026-04-27,603586.SH,sell,100,21.189114,2118.9114,2.121032,0.529728,0.211891,rebalance_reduce,confirm,next_open
20260809_000809_3032e9,2026-04-27,000915.SZ,sell,300,113.271245,33981.3735,34.015389,8.495343,3.398137,target_exit,confirm,next_open
20260809_000809_3032e9,2026-04-27,000756.SZ,buy,100,30.739709,3073.9709,3.0709,0.768493,0.0,rebalance_increase,,next_open
20260809_000809_3032e9,2026-04-27,002907.SZ,buy,100,14.129929,1412.9929,1.411581,0.353248,0.0,rebalance_increase,,next_open
20260809_000809_3032e9,2026-04-27,603213.SH,buy,100,15.103939,1510.3939,1.508885,0.377598,0.0,rebalance_increase,,next_open
20260809_000809_3032e9,2026-04-27,601377.SH,buy,100,16.535791,1653.5791,1.651927,0.413395,0.0,rebalance_increase,,next_open
20260809_000809_3032e9,2026-04-27,601333.SH,buy,100,4.242809,424.2809,0.423857,0.10607,0.0,rebalance_increase,,next_open
20260809_000809_3032e9,2026-04-27,001213.SZ,buy,200,4.198594,839.7188,0.83888,0.20993,0.0,rebalance_increase,,next_open
20260809_000809_3032e9,2026-04-27,002697.SZ,buy,100,42.904293,4290.4293,4.286143,1.072607,0.0,rebalance_increase,,next_open
20260809_000809_3032e9,2026-04-28,002807.SZ,sell,100,7.507437,750.7437,0.751495,0.187686,0.075074,rebalance_reduce,confirm,next_open
20260809_000809_3032e9,2026-04-28,603586.SH,sell,1000,19.919261,19919.261,19.9392,4.979815,1.991926,target_exit,confirm,next_open
20260809_000809_3032e9,2026-04-28,603167.SH,buy,100,14.968872,1496.8872,1.495392,0.374222,0.0,rebalance_increase,,next_open
20260809_000809_3032e9,2026-04-28,001227.SZ,buy,100,2.65257,265.257,0.264992,0.066314,0.0,rebalance_increase,,next_open
20260809_000809_3032e9,2026-04-28,000756.SZ,buy,100,30.611181,3061.1181,3.05806,0.76528,0.0,rebalance_increase,,next_open
20260809_000809_3032e9,2026-04-28,601000.SH,buy,100,34.680566,3468.0566,3.464592,0.867014,0.0,rebalance_increase,,next_open
20260809_000809_3032e9,2026-04-28,601333.SH,buy,200,4.21471,842.942,0.8421,0.210736,0.0,rebalance_increase,,next_open
20260809_000809_3032e9,2026-04-28,001213.SZ,buy,200,4.177601,835.5202,0.834686,0.20888,0.0,rebalance_increase,,next_open
20260809_000809_3032e9,2026-04-28,601188.SH,buy,100,4.354388,435.4388,0.435004,0.10886,0.0,rebalance_increase,,next_open
20260809_000809_3032e9,2026-05-13,600351.SH,sell,100,56.850253,5685.0253,5.690716,1.421256,0.568503,rebalance_reduce,confirm,next_open
20260809_000809_3032e9,2026-05-13,601333.SH,sell,700,4.444646,3111.2522,3.114367,0.777813,0.311125,rebalance_reduce,confirm,next_open
20260809_000809_3032e9,2026-05-13,002697.SZ,sell,500,41.652306,20826.153,20.847,5.206538,2.082615,target_exit,confirm,next_open
20260809_000809_3032e9,2026-05-13,603167.SH,buy,100,14.790285,1479.0285,1.477551,0.369757,0.0,rebalance_increase,,next_open
20260809_000809_3032e9,2026-05-13,001227.SZ,buy,300,2.617044,785.1132,0.784329,0.196278,0.0,rebalance_increase,,next_open
20260809_000809_3032e9,2026-05-13,601860.SH,buy,200,3.348295,669.659,0.66899,0.167415,0.0,rebalance_increase,,next_open
20260809_000809_3032e9,2026-05-13,601065.SH,buy,400,8.790099,3516.0396,3.512527,0.87901,0.0,rebalance_increase,,next_open
20260809_000809_3032e9,2026-05-13,601377.SH,buy,100,17.210722,1721.0722,1.719353,0.430268,0.0,rebalance_increase,,next_open
20260809_000809_3032e9,2026-05-13,001213.SZ,buy,600,4.209091,2525.4546,2.522932,0.631364,0.0,rebalance_increase,,next_open
20260809_000809_3032e9,2026-05-13,000726.SZ,buy,100,58.213948,5821.3948,5.815579,1.455349,0.0,rebalance_increase,,next_open
20260809_000809_3032e9,2026-05-15,603207.SH,sell,800,27.655717,22124.5736,22.14672,5.531143,2.212457,target_exit,confirm,next_open
20260809_000809_3032e9,2026-05-15,002907.SZ,sell,1400,13.42383,18793.362,18.812174,4.698341,1.879336,target_exit,confirm,next_open
20260809_000809_3032e9,2026-05-15,300181.SZ,sell,100,121.841349,12184.1349,12.196331,3.046034,1.218413,target_exit,confirm,next_open
20260809_000809_3032e9,2026-05-15,000726.SZ,sell,400,56.137287,22454.9148,22.477392,5.613729,2.245491,target_exit,confirm,next_open
20260809_000809_3032e9,2026-05-15,603167.SH,buy,200,14.80652,2961.304,2.958346,0.740326,0.0,rebalance_increase,,next_open
20260809_000809_3032e9,2026-05-15,001227.SZ,buy,100,2.593361,259.3361,0.259077,0.064834,0.0,rebalance_increase,,next_open
20260809_000809_3032e9,2026-05-15,603128.SH,buy,100,19.143945,1914.3945,1.912482,0.478599,0.0,rebalance_increase,,next_open
20260809_000809_3032e9,2026-05-15,000650.SZ,buy,100,137.331034,13733.1034,13.719384,3.433276,0.0,rebalance_increase,,next_open
20260809_000809_3032e9,2026-05-15,002603.SZ,buy,100,71.402203,7140.2203,7.133087,1.785055,0.0,rebalance_increase,,next_open
20260809_000809_3032e9,2026-05-15,300039.SZ,buy,100,69.256262,6925.6262,6.918708,1.731407,0.0,rebalance_increase,,next_open
20260809_000809_3032e9,2026-05-15,601065.SH,buy,300,8.704238,2611.2714,2.608663,0.652818,0.0,rebalance_increase,,next_open
20260809_000809_3032e9,2026-05-15,603213.SH,buy,200,15.546836,3109.3672,3.106261,0.777342,0.0,rebalance_increase,,next_open
20260809_000809_3032e9,2026-05-15,600008.SH,buy,100,31.810692,3181.0692,3.177891,0.795267,0.0,rebalance_increase,,next_open
20260809_000809_3032e9,2026-05-15,601377.SH,buy,200,16.929501,3385.9002,3.382518,0.846475,0.0,rebalance_increase,,next_open
20260809_000809_3032e9,2026-05-15,000498.SZ,buy,100,17.41707,1741.707,1.739967,0.435427,0.0,rebalance_increase,,next_open
20260809_000809_3032e9,2026-05-15,600820.SH,buy,100,141.198331,14119.8331,14.105727,3.529958,0.0,rebalance_increase,,next_open
20260809_000809_3032e9,2026-05-15,601000.SH,buy,100,33.958054,3395.8054,3.392413,0.848951,0.0,rebalance_increase,,next_open
20260809_000809_3032e9,2026-05-15,601333.SH,buy,700,4.383299,3068.3093,3.065244,0.767077,0.0,rebalance_increase,,next_open
20260809_000809_3032e9,2026-05-15,001213.SZ,buy,700,4.156608,2909.6256,2.906719,0.727406,0.0,rebalance_increase,,next_open
20260809_000809_3032e9,2026-05-15,000828.SZ,buy,100,44.981777,4498.1777,4.493684,1.124544,0.0,rebalance_increase,,next_open
20260809_000809_3032e9,2026-05-15,601188.SH,buy,600,4.473505,2684.103,2.681422,0.671026,0.0,rebalance_increase,,next_open
20260809_000809_3032e9,2026-05-15,603111.SH,buy,100,18.540456,1854.0456,1.852193,0.463511,0.0,rebalance_increase,,next_open
20260809_000809_3032e9,2026-05-18,300026.SZ,sell,100,165.460873,16546.0873,16.56265,4.136522,1.654609,target_exit,confirm,next_open
20260809_000809_3032e9,2026-05-18,001227.SZ,buy,300,2.557835,767.3505,0.766584,0.191838,0.0,rebalance_increase,,next_open
20260809_000809_3032e9,2026-05-18,002958.SZ,buy,100,3.546206,354.6206,0.354266,0.088655,0.0,rebalance_increase,,next_open
20260809_000809_3032e9,2026-05-18,002839.SZ,buy,100,6.999997,699.9997,0.6993,0.175,0.0,rebalance_increase,,next_open
20260809_000809_3032e9,2026-05-18,601528.SH,buy,100,7.340239,734.0239,0.733291,0.183506,0.0,rebalance_increase,,next_open
20260809_000809_3032e9,2026-05-18,000756.SZ,buy,100,30.546916,3054.6916,3.05164,0.763673,0.0,rebalance_increase,,next_open
20260809_000809_3032e9,2026-05-18,600351.SH,buy,100,55.288653,5528.8653,5.523342,1.382216,0.0,rebalance_increase,,next_open
20260809_000809_3032e9,2026-05-18,601065.SH,buy,100,8.607643,860.7643,0.859904,0.215191,0.0,rebalance_increase,,next_open
20260809_000809_3032e9,2026-05-18,603213.SH,buy,100,15.444629,1544.4629,1.54292,0.386116,0.0,rebalance_increase,,next_open
20260809_000809_3032e9,2026-05-18,601377.SH,buy,100,16.535791,1653.5791,1.651927,0.413395,0.0,rebalance_increase,,next_open
20260809_000809_3032e9,2026-05-18,000498.SZ,buy,100,16.969659,1696.9659,1.695271,0.424241,0.0,rebalance_increase,,next_open
20260809_000809_3032e9,2026-05-18,601333.SH,buy,200,4.299005,859.801,0.858942,0.21495,0.0,rebalance_increase,,next_open
20260809_000809_3032e9,2026-05-18,001213.SZ,buy,200,4.135615,827.123,0.826297,0.206781,0.0,rebalance_increase,,next_open
20260809_000809_3032e9,2026-05-18,601188.SH,buy,100,4.526446,452.6446,0.452192,0.113161,0.0,rebalance_increase,,next_open
20260809_000809_3032e9,2026-05-18,600210.SH,buy,100,66.989056,6698.9056,6.692213,1.674726,0.0,rebalance_increase,,next_open
20260809_000809_3032e9,2026-05-19,000498.SZ,sell,1600,16.935753,27097.2048,27.12433,6.774301,2.70972,target_exit,confirm,next_open
20260809_000809_3032e9,2026-05-19,603167.SH,buy,100,14.660403,1466.0403,1.464576,0.36651,0.0,rebalance_increase,,next_open
20260809_000809_3032e9,2026-05-19,601916.SH,buy,100,4.129041,412.9041,0.412492,0.103226,0.0,rebalance_increase,,next_open
20260809_000809_3032e9,2026-05-19,603323.SH,buy,100,9.75581,975.581,0.974606,0.243895,0.0,rebalance_increase,,next_open
20260809_000809_3032e9,2026-05-19,600908.SH,buy,100,7.434217,743.4217,0.742679,0.185855,0.0,rebalance_increase,,next_open
20260809_000809_3032e9,2026-05-19,601860.SH,buy,100,3.247594,324.7594,0.324435,0.08119,0.0,rebalance_increase,,next_open
20260809_000809_3032e9,2026-05-19,603128.SH,buy,100,18.474576,1847.4576,1.845612,0.461864,0.0,rebalance_increase,,next_open
20260809_000809_3032e9,2026-05-19,002603.SZ,buy,100,69.112584,6911.2584,6.904354,1.727815,0.0,rebalance_increase,,next_open
20260809_000809_3032e9,2026-05-19,300039.SZ,buy,100,68.153065,6815.3065,6.808498,1.703827,0.0,rebalance_increase,,next_open
20260809_000809_3032e9,2026-05-19,601065.SH,buy,200,8.543247,1708.6494,1.706942,0.427162,0.0,rebalance_increase,,next_open
20260809_000809_3032e9,2026-05-19,603213.SH,buy,100,15.353778,1535.3778,1.533844,0.383844,0.0,rebalance_increase,,next_open
20260809_000809_3032e9,2026-05-19,601333.SH,buy,100,4.284956,428.4956,0.428067,0.107124,0.0,rebalance_increase,,next_open
20260809_000809_3032e9,2026-05-19,001213.SZ,buy,300,4.125119,1237.5357,1.236299,0.309384,0.0,rebalance_increase,,next_open
20260809_000809_3032e9,2026-05-19,601188.SH,buy,400,4.327918,1731.1672,1.729438,0.432792,0.0,rebalance_increase,,next_open
20260809_000809_3032e9,2026-05-19,603111.SH,buy,100,18.207892,1820.7892,1.81897,0.455197,0.0,rebalance_increase,,next_open
20260809_000809_3032e9,2026-05-22,600713.SH,sell,300,63.788971,19136.6913,19.155847,4.784173,1.913669,target_exit,confirm,next_open
20260809_000809_3032e9,2026-05-22,601916.SH,buy,100,4.129041,412.9041,0.412492,0.103226,0.0,rebalance_increase,,next_open
20260809_000809_3032e9,2026-05-22,002958.SZ,buy,200,3.497793,699.5586,0.69886,0.17489,0.0,rebalance_increase,,next_open
20260809_000809_3032e9,2026-05-22,603128.SH,buy,100,18.307234,1830.7234,1.828894,0.457681,0.0,rebalance_increase,,next_open
20260809_000809_3032e9,2026-05-22,601065.SH,buy,200,8.36079,1672.158,1.670488,0.41804,0.0,rebalance_increase,,next_open
20260809_000809_3032e9,2026-05-22,601377.SH,buy,100,16.423303,1642.3303,1.64069,0.410583,0.0,rebalance_increase,,next_open
20260809_000809_3032e9,2026-05-22,601333.SH,buy,300,4.270907,1281.2721,1.279992,0.320318,0.0,rebalance_increase,,next_open
20260809_000809_3032e9,2026-05-22,001213.SZ,buy,500,4.06214,2031.07,2.029041,0.507768,0.0,rebalance_increase,,next_open
20260809_000809_3032e9,2026-05-22,000900.SZ,buy,100,61.196804,6119.6804,6.113567,1.52992,0.0,rebalance_increase,,next_open
20260809_000809_3032e9,2026-05-22,601188.SH,buy,100,4.274977,427.4977,0.427071,0.106874,0.0,rebalance_increase,,next_open
20260809_000809_3032e9,2026-05-28,601528.SH,sell,1900,7.128404,13543.9676,13.557526,3.385992,1.354397,target_exit,confirm,next_open
20260809_000809_3032e9,2026-05-28,000756.SZ,sell,900,28.604567,25744.1103,25.76988,6.436028,2.574411,target_exit,confirm,next_open
20260809_000809_3032e9,2026-05-28,300039.SZ,sell,400,65.447912,26179.1648,26.20537,6.544791,2.617916,target_exit,confirm,next_open
20260809_000809_3032e9,2026-05-28,603167.SH,buy,300,14.660403,4398.1209,4.393727,1.09953,0.0,rebalance_increase,,next_open
20260809_000809_3032e9,2026-05-28,002807.SZ,buy,300,7.306113,2191.8339,2.189644,0.547958,0.0,rebalance_increase,,next_open
20260809_000809_3032e9,2026-05-28,601916.SH,buy,500,4.115185,2057.5925,2.055537,0.514398,0.0,rebalance_increase,,next_open
20260809_000809_3032e9,2026-05-28,001227.SZ,buy,1000,2.486784,2486.784,2.4843,0.621696,0.0,rebalance_increase,,next_open
20260809_000809_3032e9,2026-05-28,603323.SH,buy,200,9.612643,1922.5286,1.920608,0.480632,0.0,rebalance_increase,,next_open
20260809_000809_3032e9,2026-05-28,600908.SH,buy,200,7.286339,1457.2678,1.455812,0.364317,0.0,rebalance_increase,,next_open
20260809_000809_3032e9,2026-05-28,002958.SZ,buy,500,3.449381,1724.6905,1.722968,0.431173,0.0,rebalance_increase,,next_open
20260809_000809_3032e9,2026-05-28,002839.SZ,buy,200,6.949232,1389.8464,1.388458,0.347462,0.0,rebalance_increase,,next_open
20260809_000809_3032e9,2026-05-28,601860.SH,buy,600,3.197244,1918.3464,1.91643,0.479587,0.0,rebalance_increase,,next_open
20260809_000809_3032e9,2026-05-28,002948.SZ,buy,100,7.848019,784.8019,0.784018,0.1962,0.0,rebalance_increase,,next_open
20260809_000809_3032e9,2026-05-28,603128.SH,buy,200,17.738271,3547.6542,3.54411,0.886914,0.0,rebalance_increase,,next_open
20260809_000809_3032e9,2026-05-28,600267.SH,buy,100,74.20426,7420.426,7.413013,1.855107,0.0,rebalance_increase,,next_open
20260809_000809_3032e9,2026-05-28,600351.SH,buy,100,52.105367,5210.5367,5.205331,1.302634,0.0,rebalance_increase,,next_open
20260809_000809_3032e9,2026-05-28,601065.SH,buy,800,8.24273,6594.184,6.587597,1.648546,0.0,rebalance_increase,,next_open
20260809_000809_3032e9,2026-05-28,600008.SH,buy,200,31.299266,6259.8532,6.2536,1.564963,0.0,rebalance_increase,,next_open
20260809_000809_3032e9,2026-05-28,601377.SH,buy,100,16.451425,1645.1425,1.643499,0.411286,0.0,rebalance_increase,,next_open
20260809_000809_3032e9,2026-05-28,601000.SH,buy,100,33.043318,3304.3318,3.301031,0.826083,0.0,rebalance_increase,,next_open
20260809_000809_3032e9,2026-05-28,601333.SH,buy,800,4.21471,3371.768,3.3684,0.842942,0.0,rebalance_increase,,next_open
20260809_000809_3032e9,2026-05-28,001213.SZ,buy,1100,3.957175,4352.8925,4.348544,1.088223,0.0,rebalance_increase,,next_open
20260809_000809_3032e9,2026-05-28,000828.SZ,buy,100,45.124113,4512.4113,4.507903,1.128103,0.0,rebalance_increase,,next_open
20260809_000809_3032e9,2026-05-28,601188.SH,buy,900,4.089684,3680.7156,3.677038,0.920179,0.0,rebalance_increase,,next_open
20260809_000809_3032e9,2026-05-28,603111.SH,buy,200,17.321054,3464.2108,3.46075,0.866053,0.0,rebalance_increase,,next_open
20260809_000809_3032e9,2026-05-29,000650.SZ,sell,200,128.980094,25796.0188,25.821841,6.449005,2.579602,target_exit,confirm,next_open
20260809_000809_3032e9,2026-05-29,603167.SH,buy,100,14.660403,1466.0403,1.464576,0.36651,0.0,rebalance_increase,,next_open
20260809_000809_3032e9,2026-05-29,001227.SZ,buy,200,2.463101,492.6202,0.492128,0.123155,0.0,rebalance_increase,,next_open
20260809_000809_3032e9,2026-05-29,600908.SH,buy,100,7.219122,721.9122,0.721191,0.180478,0.0,rebalance_increase,,next_open
20260809_000809_3032e9,2026-05-29,002958.SZ,buy,100,3.437278,343.7278,0.343384,0.085932,0.0,rebalance_increase,,next_open
20260809_000809_3032e9,2026-05-29,002839.SZ,buy,100,6.899713,689.9713,0.689282,0.172493,0.0,rebalance_increase,,next_open
20260809_000809_3032e9,2026-05-29,002948.SZ,buy,100,7.76256,776.256,0.775481,0.194064,0.0,rebalance_increase,,next_open
20260809_000809_3032e9,2026-05-29,603128.SH,buy,100,17.671334,1767.1334,1.765368,0.441783,0.0,rebalance_increase,,next_open
20260809_000809_3032e9,2026-05-29,002603.SZ,buy,100,67.246968,6724.6968,6.717979,1.681174,0.0,rebalance_increase,,next_open
20260809_000809_3032e9,2026-05-29,601065.SH,buy,200,8.221265,1644.253,1.64261,0.411063,0.0,rebalance_increase,,next_open
20260809_000809_3032e9,2026-05-29,601377.SH,buy,200,16.029594,3205.9188,3.202716,0.80148,0.0,rebalance_increase,,next_open
20260809_000809_3032e9,2026-05-29,601333.SH,buy,300,4.242809,1272.8427,1.271571,0.318211,0.0,rebalance_increase,,next_open
20260809_000809_3032e9,2026-05-29,001213.SZ,buy,400,3.957175,1582.87,1.581289,0.395717,0.0,rebalance_increase,,next_open
20260809_000809_3032e9,2026-05-29,600210.SH,buy,100,65.796373,6579.6373,6.573064,1.644909,0.0,rebalance_increase,,next_open
20260809_000809_3032e9,2026-05-29,603111.SH,buy,100,17.570477,1757.0477,1.755292,0.439262,0.0,rebalance_increase,,next_open
20260809_000809_3032e9,2026-06-05,600267.SH,sell,300,70.101553,21030.4659,21.051517,5.257616,2.103047,target_exit,confirm,next_open
20260809_000809_3032e9,2026-06-05,600479.SH,sell,100,162.757629,16275.7629,16.292055,4.068941,1.627576,target_exit,confirm,next_open
20260809_000809_3032e9,2026-06-05,002603.SZ,sell,500,64.531354,32265.677,32.297975,8.066419,3.226568,target_exit,confirm,next_open
20260809_000809_3032e9,2026-06-05,603167.SH,buy,600,14.692873,8815.7238,8.806917,2.203931,0.0,rebalance_increase,,next_open
20260809_000809_3032e9,2026-06-05,601916.SH,buy,200,4.239888,847.9776,0.84713,0.211994,0.0,rebalance_increase,,next_open
20260809_000809_3032e9,2026-06-05,601939.SH,buy,100,25.123566,2512.3566,2.509847,0.628089,0.0,rebalance_increase,,next_open
20260809_000809_3032e9,2026-06-05,001227.SZ,buy,700,2.474942,1732.4594,1.730729,0.433115,0.0,rebalance_increase,,next_open
20260809_000809_3032e9,2026-06-05,603323.SH,buy,200,9.633095,1926.619,1.924694,0.481655,0.0,rebalance_increase,,next_open
20260809_000809_3032e9,2026-06-05,600908.SH,buy,100,7.286339,728.6339,0.727906,0.182158,0.0,rebalance_increase,,next_open
20260809_000809_3032e9,2026-06-05,002958.SZ,buy,200,3.48569,697.138,0.696442,0.174285,0.0,rebalance_increase,,next_open
20260809_000809_3032e9,2026-06-05,002839.SZ,buy,100,6.916219,691.6219,0.690931,0.172905,0.0,rebalance_increase,,next_open
20260809_000809_3032e9,2026-06-05,601860.SH,buy,100,3.272769,327.2769,0.32695,0.081819,0.0,rebalance_increase,,next_open
20260809_000809_3032e9,2026-06-05,002948.SZ,buy,100,7.734073,773.4073,0.772635,0.193352,0.0,rebalance_increase,,next_open
20260809_000809_3032e9,2026-06-05,603128.SH,buy,600,17.939081,10763.4486,10.752696,2.690862,0.0,rebalance_increase,,next_open
20260809_000809_3032e9,2026-06-05,600572.SH,buy,100,71.798447,7179.8447,7.172672,1.794961,0.0,rebalance_increase,,next_open
20260809_000809_3032e9,2026-06-05,600351.SH,buy,100,51.937826,5193.7826,5.188594,1.298446,0.0,rebalance_increase,,next_open
20260809_000809_3032e9,2026-06-05,601065.SH,buy,700,8.285661,5799.9627,5.794169,1.449991,0.0,rebalance_increase,,next_open
20260809_000809_3032e9,2026-06-05,603213.SH,buy,200,15.995161,3199.0322,3.195836,0.799758,0.0,rebalance_increase,,next_open
20260809_000809_3032e9,2026-06-05,600008.SH,buy,100,32.628973,3262.8973,3.259638,0.815724,0.0,rebalance_increase,,next_open
20260809_000809_3032e9,2026-06-05,601377.SH,buy,300,16.338937,4901.6811,4.896784,1.22542,0.0,rebalance_increase,,next_open
20260809_000809_3032e9,2026-06-05,600820.SH,buy,100,134.463147,13446.3147,13.432882,3.361579,0.0,rebalance_increase,,next_open
20260809_000809_3032e9,2026-06-05,601000.SH,buy,200,32.439787,6487.9574,6.481476,1.621989,0.0,rebalance_increase,,next_open
20260809_000809_3032e9,2026-06-05,601333.SH,buy,1000,4.341152,4341.152,4.336815,1.085288,0.0,rebalance_increase,,next_open
20260809_000809_3032e9,2026-06-05,001213.SZ,buy,1900,3.925686,7458.8034,7.451352,1.864701,0.0,rebalance_increase,,next_open
20260809_000809_3032e9,2026-06-05,000900.SZ,buy,100,60.43087,6043.087,6.03705,1.510772,0.0,rebalance_increase,,next_open
20260809_000809_3032e9,2026-06-05,000828.SZ,buy,200,44.898718,8979.7436,8.970773,2.244936,0.0,rebalance_increase,,next_open
20260809_000809_3032e9,2026-06-05,601188.SH,buy,1500,4.102919,6154.3785,6.14823,1.538595,0.0,rebalance_increase,,next_open
20260809_000809_3032e9,2026-06-05,002884.SZ,buy,100,102.766107,10276.6107,10.266344,2.569153,0.0,rebalance_increase,,next_open
20260809_000809_3032e9,2026-06-05,600210.SH,buy,100,64.80247,6480.247,6.473773,1.620062,0.0,rebalance_increase,,next_open
20260809_000809_3032e9,2026-06-05,603111.SH,buy,300,17.210199,5163.0597,5.157902,1.290765,0.0,rebalance_increase,,next_open
20260809_000809_3032e9,2026-06-10,001213.SZ,sell,12300,3.823563,47029.8249,47.076897,11.757456,4.702982,target_exit,confirm,next_open
20260809_000809_3032e9,2026-06-10,603167.SH,buy,200,14.692873,2938.5746,2.935639,0.734644,0.0,rebalance_increase,,next_open
20260809_000809_3032e9,2026-06-10,603128.SH,buy,100,17.805207,1780.5207,1.778742,0.44513,0.0,rebalance_increase,,next_open
20260809_000809_3032e9,2026-06-10,601065.SH,buy,700,8.060274,5642.1918,5.636555,1.410548,0.0,rebalance_increase,,next_open
20260809_000809_3032e9,2026-06-10,600008.SH,buy,100,31.708407,3170.8407,3.167673,0.79271,0.0,rebalance_increase,,next_open
20260809_000809_3032e9,2026-06-10,601377.SH,buy,200,16.142082,3228.4164,3.225191,0.807104,0.0,rebalance_increase,,next_open
20260809_000809_3032e9,2026-06-10,601000.SH,buy,100,32.062581,3206.2581,3.203055,0.801565,0.0,rebalance_increase,,next_open
20260809_000809_3032e9,2026-06-10,601333.SH,buy,500,4.270907,2135.4535,2.13332,0.533863,0.0,rebalance_increase,,next_open
20260809_000809_3032e9,2026-06-10,000900.SZ,buy,100,59.141679,5914.1679,5.90826,1.478542,0.0,rebalance_increase,,next_open
20260809_000809_3032e9,2026-06-10,601188.SH,buy,200,4.063213,812.6426,0.811831,0.203161,0.0,rebalance_increase,,next_open
20260809_000809_3032e9,2026-06-10,603111.SH,buy,100,17.182485,1718.2485,1.716532,0.429562,0.0,rebalance_increase,,next_open
20260809_000809_3032e9,2026-06-11,002948.SZ,sell,100,8.429359,842.9359,0.84378,0.210734,0.084294,rebalance_reduce,confirm,next_open
20260809_000809_3032e9,2026-06-11,601065.SH,sell,6900,7.894212,54470.0628,54.524587,13.617516,5.447006,target_exit,confirm,next_open
20260809_000809_3032e9,2026-06-11,603167.SH,buy,200,14.676638,2935.3276,2.932395,0.733832,0.0,rebalance_increase,,next_open
20260809_000809_3032e9,2026-06-11,001227.SZ,buy,100,2.510468,251.0468,0.250796,0.062762,0.0,rebalance_increase,,next_open
20260809_000809_3032e9,2026-06-11,603128.SH,buy,100,18.006018,1800.6018,1.798803,0.45015,0.0,rebalance_increase,,next_open
20260809_000809_3032e9,2026-06-11,600008.SH,buy,100,31.912977,3191.2977,3.18811,0.797824,0.0,rebalance_increase,,next_open
20260809_000809_3032e9,2026-06-11,601377.SH,buy,100,16.367059,1636.7059,1.635071,0.409176,0.0,rebalance_increase,,next_open
20260809_000809_3032e9,2026-06-11,601000.SH,buy,100,32.138022,3213.8022,3.210592,0.803451,0.0,rebalance_increase,,next_open
20260809_000809_3032e9,2026-06-11,601333.SH,buy,700,4.284956,2999.4692,2.996472,0.749867,0.0,rebalance_increase,,next_open
20260809_000809_3032e9,2026-06-11,000828.SZ,buy,100,44.222532,4422.2532,4.417835,1.105563,0.0,rebalance_increase,,next_open
20260809_000809_3032e9,2026-06-11,601188.SH,buy,800,3.983802,3187.0416,3.183858,0.79676,0.0,rebalance_increase,,next_open
20260809_000809_3032e9,2026-06-11,600210.SH,buy,100,63.907957,6390.7957,6.384411,1.597699,0.0,rebalance_increase,,next_open
20260809_000809_3032e9,2026-06-11,603111.SH,buy,200,17.043917,3408.7834,3.405378,0.852196,0.0,rebalance_increase,,next_open
20260809_000809_3032e9,2026-06-12,600820.SH,sell,300,129.633317,38889.9951,38.928924,9.722499,3.889,target_exit,confirm,next_open
20260809_000809_3032e9,2026-06-12,601188.SH,sell,10200,3.949425,40284.135,40.324456,10.071034,4.028414,target_exit,confirm,next_open
20260809_000809_3032e9,2026-06-12,603167.SH,buy,500,14.676638,7338.319,7.330988,1.83458,0.0,rebalance_increase,,next_open
20260809_000809_3032e9,2026-06-12,601916.SH,buy,300,4.239888,1271.9664,1.270696,0.317992,0.0,rebalance_increase,,next_open
20260809_000809_3032e9,2026-06-12,001227.SZ,buy,500,2.510468,1255.234,1.25398,0.313808,0.0,rebalance_increase,,next_open
20260809_000809_3032e9,2026-06-12,603323.SH,buy,100,9.735358,973.5358,0.972563,0.243384,0.0,rebalance_increase,,next_open
20260809_000809_3032e9,2026-06-12,600908.SH,buy,100,7.367,736.7,0.735964,0.184175,0.0,rebalance_increase,,next_open
20260809_000809_3032e9,2026-06-12,002958.SZ,buy,300,3.558309,1067.4927,1.066426,0.266873,0.0,rebalance_increase,,next_open
20260809_000809_3032e9,2026-06-12,002839.SZ,buy,100,7.015258,701.5258,0.700825,0.175381,0.0,rebalance_increase,,next_open
20260809_000809_3032e9,2026-06-12,601860.SH,buy,200,3.400432,680.0864,0.679407,0.170022,0.0,rebalance_increase,,next_open
20260809_000809_3032e9,2026-06-12,603128.SH,buy,500,17.738271,8869.1355,8.860275,2.217284,0.0,rebalance_increase,,next_open
20260809_000809_3032e9,2026-06-12,600572.SH,buy,100,70.245115,7024.5115,7.017494,1.756128,0.0,rebalance_increase,,next_open
20260809_000809_3032e9,2026-06-12,600351.SH,buy,100,51.854055,5185.4055,5.180225,1.296351,0.0,rebalance_increase,,next_open
20260809_000809_3032e9,2026-06-12,603213.SH,buy,200,17.163282,3432.6564,3.429227,0.858164,0.0,rebalance_increase,,next_open
20260809_000809_3032e9,2026-06-12,600008.SH,buy,200,32.015262,6403.0524,6.396656,1.600763,0.0,rebalance_increase,,next_open
20260809_000809_3032e9,2026-06-12,601377.SH,buy,400,16.423303,6569.3212,6.562758,1.64233,0.0,rebalance_increase,,next_open
20260809_000809_3032e9,2026-06-12,601000.SH,buy,200,31.685374,6337.0748,6.330744,1.584269,0.0,rebalance_increase,,next_open
20260809_000809_3032e9,2026-06-12,601333.SH,buy,1400,4.256858,5959.6012,5.953647,1.4899,0.0,rebalance_increase,,next_open
20260809_000809_3032e9,2026-06-12,000900.SZ,buy,100,58.335934,5833.5934,5.827766,1.458398,0.0,rebalance_increase,,next_open
20260809_000809_3032e9,2026-06-12,000828.SZ,buy,100,44.087295,4408.7295,4.404325,1.102182,0.0,rebalance_increase,,next_open
20260809_000809_3032e9,2026-06-12,002884.SZ,buy,100,100.563527,10056.3527,10.046306,2.514088,0.0,rebalance_increase,,next_open
20260809_000809_3032e9,2026-06-12,600210.SH,buy,100,63.510396,6351.0396,6.344695,1.58776,0.0,rebalance_increase,,next_open
20260809_000809_3032e9,2026-06-12,603111.SH,buy,400,16.905348,6762.1392,6.755384,1.690535,0.0,rebalance_increase,,next_open
20260809_000809_3032e9,2026-06-25,601377.SH,sell,500,17.120203,8560.1015,8.56867,2.140025,0.85601,rebalance_reduce,confirm,next_open
20260809_000809_3032e9,2026-06-25,002884.SZ,sell,400,95.966242,38386.4968,38.424922,9.596624,3.83865,target_exit,confirm,next_open
20260809_000809_3032e9,2026-06-25,603167.SH,buy,2100,14.498051,30445.9071,30.415491,7.611477,0.0,rebalance_increase,,next_open
20260809_000809_3032e9,2026-06-25,002807.SZ,buy,600,7.211818,4327.0908,4.322768,1.081773,0.0,rebalance_increase,,next_open
20260809_000809_3032e9,2026-06-25,601916.SH,buy,1600,4.156753,6650.8048,6.64416,1.662701,0.0,rebalance_increase,,next_open
20260809_000809_3032e9,2026-06-25,001227.SZ,buy,1700,2.48607,4226.319,4.222096,1.05658,0.0,rebalance_increase,,next_open
20260809_000809_3032e9,2026-06-25,603323.SH,buy,400,9.378225,3751.29,3.747542,0.937823,0.0,rebalance_increase,,next_open
20260809_000809_3032e9,2026-06-25,600908.SH,buy,400,7.084688,2833.8752,2.831044,0.708469,0.0,rebalance_increase,,next_open
20260809_000809_3032e9,2026-06-25,002958.SZ,buy,1400,3.388865,4744.411,4.739672,1.186103,0.0,rebalance_increase,,next_open
20260809_000809_3032e9,2026-06-25,002839.SZ,buy,800,6.718141,5374.5128,5.369144,1.343628,0.0,rebalance_increase,,next_open
20260809_000809_3032e9,2026-06-25,601860.SH,buy,1000,3.233618,3233.618,3.230388,0.808404,0.0,rebalance_increase,,next_open
20260809_000809_3032e9,2026-06-25,002948.SZ,buy,100,7.88386,788.386,0.787598,0.197097,0.0,rebalance_increase,,next_open
20260809_000809_3032e9,2026-06-25,603128.SH,buy,600,17.202776,10321.6656,10.311354,2.580416,0.0,rebalance_increase,,next_open
20260809_000809_3032e9,2026-06-25,600572.SH,buy,100,71.421328,7142.1328,7.134998,1.785533,0.0,rebalance_increase,,next_open
20260809_000809_3032e9,2026-06-25,600351.SH,buy,100,51.318405,5131.8405,5.126714,1.28296,0.0,rebalance_increase,,next_open
20260809_000809_3032e9,2026-06-25,603213.SH,buy,500,16.133948,8066.974,8.058915,2.016744,0.0,rebalance_increase,,next_open
20260809_000809_3032e9,2026-06-25,600008.SH,buy,200,30.438068,6087.6136,6.081532,1.521903,0.0,rebalance_increase,,next_open
20260809_000809_3032e9,2026-06-25,601000.SH,buy,100,31.232726,3123.2726,3.120152,0.780818,0.0,rebalance_increase,,next_open
20260809_000809_3032e9,2026-06-25,601333.SH,buy,2600,4.144465,10775.609,10.764845,2.693902,0.0,rebalance_increase,,next_open
20260809_000809_3032e9,2026-06-25,000900.SZ,buy,300,59.141679,17742.5037,17.724779,4.435626,0.0,rebalance_increase,,next_open
20260809_000809_3032e9,2026-06-25,000828.SZ,buy,300,43.005398,12901.6194,12.888731,3.225405,0.0,rebalance_increase,,next_open
20260809_000809_3032e9,2026-06-25,600210.SH,buy,100,64.80247,6480.247,6.473773,1.620062,0.0,rebalance_increase,,next_open
20260809_000809_3032e9,2026-06-25,603111.SH,buy,400,16.839088,6735.6352,6.728906,1.683909,0.0,rebalance_increase,,next_open
20260809_000809_3032e9,2026-07-06,600351.SH,sell,800,53.014422,42411.5376,42.453991,10.602884,4.241154,target_exit,confirm,next_open
20260809_000809_3032e9,2026-07-06,600008.SH,sell,2100,29.225012,61372.5252,61.433959,15.343131,6.137253,target_exit,confirm,next_open
20260809_000809_3032e9,2026-07-06,603167.SH,buy,1000,14.595462,14595.462,14.580881,3.648865,0.0,rebalance_increase,,next_open
20260809_000809_3032e9,2026-07-06,002807.SZ,buy,200,7.230647,1446.1294,1.444685,0.361532,0.0,rebalance_increase,,next_open
20260809_000809_3032e9,2026-07-06,601916.SH,buy,400,3.940048,1576.0192,1.574445,0.394005,0.0,rebalance_increase,,next_open
20260809_000809_3032e9,2026-07-06,001227.SZ,buy,1100,2.43803,2681.833,2.679153,0.670458,0.0,rebalance_increase,,next_open
20260809_000809_3032e9,2026-07-06,603323.SH,buy,100,9.23963,923.963,0.92304,0.230991,0.0,rebalance_increase,,next_open
20260809_000809_3032e9,2026-07-06,600908.SH,buy,100,7.044357,704.4357,0.703732,0.176109,0.0,rebalance_increase,,next_open
20260809_000809_3032e9,2026-07-06,002958.SZ,buy,500,3.413072,1706.536,1.704831,0.426634,0.0,rebalance_increase,,next_open
20260809_000809_3032e9,2026-07-06,002839.SZ,buy,200,6.668622,1333.7244,1.332392,0.333431,0.0,rebalance_increase,,next_open
20260809_000809_3032e9,2026-07-06,601860.SH,buy,1000,3.182291,3182.291,3.179112,0.795573,0.0,rebalance_increase,,next_open
20260809_000809_3032e9,2026-07-06,002948.SZ,buy,100,7.707356,770.7356,0.769966,0.192684,0.0,rebalance_increase,,next_open
20260809_000809_3032e9,2026-07-06,603128.SH,buy,700,17.604397,12323.0779,12.310767,3.080769,0.0,rebalance_increase,,next_open
20260809_000809_3032e9,2026-07-06,600572.SH,buy,100,72.853335,7285.3335,7.278055,1.821333,0.0,rebalance_increase,,next_open
20260809_000809_3032e9,2026-07-06,603213.SH,buy,500,16.318997,8159.4985,8.151347,2.039875,0.0,rebalance_increase,,next_open
20260809_000809_3032e9,2026-07-06,601377.SH,buy,300,17.520065,5256.0195,5.250769,1.314005,0.0,rebalance_increase,,next_open
20260809_000809_3032e9,2026-07-06,601000.SH,buy,200,31.911698,6382.3396,6.375964,1.595585,0.0,rebalance_increase,,next_open
20260809_000809_3032e9,2026-07-06,601333.SH,buy,3100,4.232388,13120.4028,13.107296,3.280101,0.0,rebalance_increase,,next_open
20260809_000809_3032e9,2026-07-06,000900.SZ,buy,200,58.819381,11763.8762,11.752124,2.940969,0.0,rebalance_increase,,next_open
20260809_000809_3032e9,2026-07-06,000828.SZ,buy,200,43.771742,8754.3484,8.745603,2.188587,0.0,rebalance_increase,,next_open
20260809_000809_3032e9,2026-07-06,600210.SH,buy,200,62.615883,12523.1766,12.510666,3.130794,0.0,rebalance_increase,,next_open
20260809_000809_3032e9,2026-07-06,603111.SH,buy,400,17.304417,6921.7668,6.914852,1.730442,0.0,rebalance_increase,,next_open
20260809_000809_3032e9,2026-07-23,002807.SZ,sell,100,7.310162,731.0162,0.731748,0.182754,0.073102,rebalance_reduce,confirm,next_open
20260809_000809_3032e9,2026-07-23,601916.SH,sell,1300,4.120111,5356.1443,5.361506,1.339036,0.535614,rebalance_reduce,confirm,next_open
20260809_000809_3032e9,2026-07-23,001227.SZ,sell,500,2.529046,1264.523,1.265789,0.316131,0.126452,rebalance_reduce,confirm,next_open
20260809_000809_3032e9,2026-07-23,603323.SH,sell,100,9.636122,963.6122,0.964577,0.240903,0.096361,rebalance_reduce,confirm,next_open
20260809_000809_3032e9,2026-07-23,600908.SH,sell,100,7.355842,735.5842,0.736321,0.183896,0.073558,rebalance_reduce,confirm,next_open
20260809_000809_3032e9,2026-07-23,002958.SZ,sell,700,3.730897,2611.6279,2.614242,0.652907,0.261163,rebalance_reduce,confirm,next_open
20260809_000809_3032e9,2026-07-23,002839.SZ,sell,300,7.100083,2130.0249,2.132157,0.532506,0.213002,rebalance_reduce,confirm,next_open
20260809_000809_3032e9,2026-07-23,603128.SH,sell,400,17.769633,7107.8532,7.114968,1.776963,0.710785,rebalance_reduce,confirm,next_open
20260809_000809_3032e9,2026-07-23,601333.SH,sell,300,4.310725,1293.2175,1.294512,0.323304,0.129322,rebalance_reduce,confirm,next_open
20260809_000809_3032e9,2026-07-23,603111.SH,sell,3600,16.07982,57887.352,57.945298,14.471838,5.788735,target_exit,confirm,next_open
20260809_000809_3032e9,2026-07-23,603167.SH,buy,100,14.633948,1463.3948,1.461933,0.365849,0.0,rebalance_increase,,next_open
20260809_000809_3032e9,2026-07-23,601860.SH,buy,600,3.259282,1955.5692,1.953616,0.488892,0.0,rebalance_increase,,next_open
20260809_000809_3032e9,2026-07-23,600572.SH,buy,100,76.612352,7661.2352,7.653582,1.915309,0.0,rebalance_increase,,next_open
20260809_000809_3032e9,2026-07-23,603213.SH,buy,200,15.76385,3152.77,3.14962,0.788192,0.0,rebalance_increase,,next_open
20260809_000809_3032e9,2026-07-23,601377.SH,buy,500,17.238844,8619.422,8.610811,2.154856,0.0,rebalance_increase,,next_open
20260809_000809_3032e9,2026-07-23,601000.SH,buy,200,34.853911,6970.7822,6.963818,1.742696,0.0,rebalance_increase,,next_open
20260809_000809_3032e9,2026-07-23,000828.SZ,buy,200,44.493007,8898.6014,8.889712,2.22465,0.0,rebalance_increase,,next_open
20260809_000809_3032e9,2026-07-23,600210.SH,buy,100,63.31554,6331.554,6.325229,1.582889,0.0,rebalance_increase,,next_open
