run_id,date,code,side,volume,price,amount,slippage_amt,commission,tax,reason,layer,model
20260816_083342_eeb277,2019-01-03,300087.SZ,buy,1300,90.539249,117701.0237,117.58344,29.425256,0.0,huang529_signal,,next_open
20260816_083342_eeb277,2019-01-03,603663.SH,buy,7000,17.720313,124042.191,123.91827,31.010548,0.0,huang529_signal,,next_open
20260816_083342_eeb277,2019-01-03,002155.SZ,buy,5900,20.956886,123645.6274,123.522105,30.911407,0.0,huang529_signal,,next_open
20260816_083342_eeb277,2019-01-03,600674.SH,buy,700,156.583387,109608.3709,109.498872,27.402093,0.0,huang529_signal,,next_open
20260816_083342_eeb277,2019-01-03,600429.SH,buy,16100,7.7475,124734.75,124.610136,31.183688,0.0,huang529_signal,,next_open
20260816_083342_eeb277,2019-01-03,600021.SH,buy,7300,16.901905,123383.9065,123.260646,30.845977,0.0,huang529_signal,,next_open
20260816_083342_eeb277,2019-01-03,600615.SH,buy,200,567.167581,113433.5162,113.320196,28.358379,0.0,huang529_signal,,next_open
20260816_083342_eeb277,2019-01-03,603377.SH,buy,6200,19.907968,123429.4016,123.306096,30.85735,0.0,huang529_signal,,next_open
20260816_083342_eeb277,2019-01-15,300087.SZ,sell,1300,76.743819,99766.9647,99.866832,24.941741,49.883482,stop_loss,confirm,next_open
20260816_083342_eeb277,2019-01-15,600169.SH,buy,1400,27.213106,38098.3484,38.060288,9.524587,0.0,huang529_signal,,next_open
20260816_083342_eeb277,2019-01-30,600169.SH,sell,1400,23.510546,32914.7644,32.947712,8.228691,16.457382,stop_loss,confirm,next_open
20260816_083342_eeb277,2019-01-30,601006.SH,buy,6900,14.605671,100779.1299,100.678452,25.194782,0.0,huang529_signal,,next_open
20260816_083342_eeb277,2019-01-31,603663.SH,sell,7000,18.846395,131924.765,132.05682,32.981191,65.962383,holding_expired,confirm,next_open
20260816_083342_eeb277,2019-01-31,002155.SZ,sell,5900,21.447881,126542.4979,126.669165,31.635624,63.271249,holding_expired,confirm,next_open
20260816_083342_eeb277,2019-01-31,600674.SH,sell,700,166.268885,116388.2195,116.504724,29.097055,58.19411,holding_expired,confirm,next_open
20260816_083342_eeb277,2019-01-31,600429.SH,sell,16100,7.147126,115068.7286,115.183908,28.767182,57.534364,holding_expired,confirm,next_open
20260816_083342_eeb277,2019-01-31,600021.SH,sell,7300,17.388114,126933.2322,127.060296,31.733308,63.466616,holding_expired,confirm,next_open
20260816_083342_eeb277,2019-01-31,600615.SH,sell,200,563.844691,112768.9382,112.88182,28.192235,56.384469,holding_expired,confirm,next_open
20260816_083342_eeb277,2019-01-31,603377.SH,sell,6200,19.48059,120779.658,120.900558,30.194914,60.389829,holding_expired,confirm,next_open
20260816_083342_eeb277,2019-01-31,000951.SZ,buy,100,37.935277,3793.5277,3.789738,0.948382,0.0,huang529_signal,,next_open
20260816_083342_eeb277,2019-01-31,000429.SZ,buy,100,28.757999,2875.7999,2.872927,0.71895,0.0,huang529_signal,,next_open
20260816_083342_eeb277,2019-01-31,002731.SZ,buy,200,18.752564,3750.5128,3.746766,0.937628,0.0,huang529_signal,,next_open
20260816_083342_eeb277,2019-02-01,601328.SH,buy,11100,11.038708,122529.6588,122.407248,30.632415,0.0,huang529_signal,,next_open
20260816_083342_eeb277,2019-02-01,601398.SH,buy,12600,9.671342,121858.9092,121.737168,30.464727,0.0,huang529_signal,,next_open
20260816_083342_eeb277,2019-02-01,600900.SH,buy,2500,48.832924,122082.31,121.96035,30.520578,0.0,huang529_signal,,next_open
20260816_083342_eeb277,2019-02-01,601166.SH,buy,1800,65.649984,118169.9712,118.05192,29.542493,0.0,huang529_signal,,next_open
20260816_083342_eeb277,2019-03-06,601006.SH,sell,6900,14.7948,102084.12,102.186309,25.52103,51.04206,holding_expired,confirm,next_open
20260816_083342_eeb277,2019-03-07,000951.SZ,sell,100,47.192141,4719.2141,4.723938,1.179804,2.359607,holding_expired,confirm,next_open
20260816_083342_eeb277,2019-03-07,000429.SZ,sell,100,29.432188,2943.2188,2.946165,0.735805,1.471609,holding_expired,confirm,next_open
20260816_083342_eeb277,2019-03-07,002731.SZ,sell,200,19.644286,3928.8572,3.93279,0.982214,1.964429,holding_expired,confirm,next_open
20260816_083342_eeb277,2019-03-07,600023.SH,buy,16500,7.725478,127470.387,127.34304,31.867597,0.0,huang529_signal,,next_open
20260816_083342_eeb277,2019-03-07,600688.SH,buy,6400,19.917818,127474.0352,127.346688,31.868509,0.0,huang529_signal,,next_open
20260816_083342_eeb277,2019-03-07,603567.SH,buy,4600,27.208231,125157.8626,125.03283,31.289466,0.0,huang529_signal,,next_open
20260816_083342_eeb277,2019-03-08,601328.SH,sell,11100,11.385044,126373.9884,126.500484,31.593497,63.186994,holding_expired,confirm,next_open
20260816_083342_eeb277,2019-03-08,601398.SH,sell,12600,9.686004,122043.6504,122.16582,30.510913,61.021825,holding_expired,confirm,next_open
20260816_083342_eeb277,2019-03-08,600900.SH,sell,2500,49.120031,122800.0775,122.923,30.700019,61.400039,holding_expired,confirm,next_open
20260816_083342_eeb277,2019-03-08,601166.SH,sell,1800,73.292234,131926.0212,132.05808,32.981505,65.963011,holding_expired,confirm,next_open
20260816_083342_eeb277,2019-03-08,600461.SH,buy,1600,24.989905,39983.848,39.943904,9.995962,0.0,huang529_signal,,next_open
20260816_083342_eeb277,2019-03-08,600033.SH,buy,1700,23.128626,39318.6642,39.279384,9.829666,0.0,huang529_signal,,next_open
20260816_083342_eeb277,2019-03-08,601158.SH,buy,4800,8.393415,40288.392,40.248144,10.072098,0.0,huang529_signal,,next_open
20260816_083342_eeb277,2019-03-12,600998.SH,buy,7400,16.743927,123905.0598,123.78128,30.976265,0.0,huang529_signal,,next_open
20260816_083342_eeb277,2019-03-12,000919.SZ,buy,4600,26.974828,124084.2088,123.960248,31.021052,0.0,huang529_signal,,next_open
20260816_083342_eeb277,2019-04-04,600023.SH,sell,16500,7.77222,128241.63,128.37,32.060408,64.120815,holding_expired,confirm,next_open
20260816_083342_eeb277,2019-04-04,600688.SH,sell,6400,19.737043,126317.0752,126.44352,31.579269,63.158538,holding_expired,confirm,next_open
20260816_083342_eeb277,2019-04-04,603567.SH,sell,4600,29.28075,134691.45,134.826276,33.672863,67.345725,holding_expired,confirm,next_open
20260816_083342_eeb277,2019-04-04,600886.SH,buy,200,398.153055,79630.611,79.55106,19.907653,0.0,huang529_signal,,next_open
20260816_083342_eeb277,2019-04-04,002254.SZ,buy,1200,69.512843,83415.4116,83.33208,20.853853,0.0,huang529_signal,,next_open
20260816_083342_eeb277,2019-04-04,601225.SH,buy,7800,10.830019,84474.1482,84.38976,21.118537,0.0,huang529_signal,,next_open
20260816_083342_eeb277,2019-04-08,600461.SH,sell,1600,27.715687,44345.0992,44.389488,11.086275,22.17255,holding_expired,confirm,next_open
20260816_083342_eeb277,2019-04-08,600033.SH,sell,1700,23.824831,40502.2127,40.542756,10.125553,20.251106,holding_expired,confirm,next_open
20260816_083342_eeb277,2019-04-08,601158.SH,sell,4800,8.485256,40729.2288,40.77,10.182307,20.364614,holding_expired,confirm,next_open
20260816_083342_eeb277,2019-04-08,002394.SZ,buy,2600,48.732684,126704.9784,126.5784,31.676245,0.0,huang529_signal,,next_open
20260816_083342_eeb277,2019-04-08,600642.SH,buy,2500,50.952341,127380.8525,127.2536,31.845213,0.0,huang529_signal,,next_open
20260816_083342_eeb277,2019-04-08,603035.SH,buy,8600,14.857142,127771.4212,127.64378,31.942855,0.0,huang529_signal,,next_open
20260816_083342_eeb277,2019-04-10,600998.SH,sell,7400,16.268016,120383.3184,120.50382,30.09583,60.191659,holding_expired,confirm,next_open
20260816_083342_eeb277,2019-04-10,000919.SZ,sell,4600,29.275635,134667.921,134.802724,33.66698,67.333961,holding_expired,confirm,next_open
20260816_083342_eeb277,2019-04-10,600085.SH,buy,100,356.788832,35678.8832,35.64324,8.919721,0.0,huang529_signal,,next_open
20260816_083342_eeb277,2019-04-10,002880.SZ,buy,1300,51.622171,67108.8223,67.04178,16.777206,0.0,huang529_signal,,next_open
20260816_083342_eeb277,2019-04-30,603035.SH,sell,8600,12.162425,104596.855,104.70156,26.149214,52.298428,stop_loss,confirm,next_open
20260816_083342_eeb277,2019-05-06,600332.SH,buy,1800,64.346983,115824.5694,115.70886,28.956142,0.0,huang529_signal,,next_open
20260816_083342_eeb277,2019-05-07,601225.SH,sell,7800,9.54005,74412.39,74.48688,18.603098,37.206195,stop_loss,confirm,next_open
20260816_083342_eeb277,2019-05-07,002394.SZ,sell,2600,42.069548,109380.8248,109.490316,27.345206,54.690412,stop_loss,confirm,next_open
20260816_083342_eeb277,2019-05-07,002880.SZ,sell,1300,42.982974,55877.8662,55.9338,13.969467,27.938933,stop_loss,confirm,next_open
20260816_083342_eeb277,2019-05-08,600886.SH,sell,200,351.684264,70336.8528,70.40726,17.584213,35.168426,holding_expired,confirm,next_open
20260816_083342_eeb277,2019-05-08,002254.SZ,sell,1200,61.464874,73757.8488,73.83168,18.439462,36.878924,holding_expired,confirm,next_open
20260816_083342_eeb277,2019-05-09,600642.SH,sell,2500,51.372976,128432.44,128.561,32.10811,64.21622,holding_expired,confirm,next_open
20260816_083342_eeb277,2019-05-13,600085.SH,sell,100,322.996071,32299.6071,32.331939,8.074902,16.149804,holding_expired,confirm,next_open
20260816_083342_eeb277,2019-05-16,000403.SZ,buy,900,129.253665,116328.2985,116.212086,29.082075,0.0,huang529_signal,,next_open
20260816_083342_eeb277,2019-05-16,002697.SZ,buy,2700,43.460697,117343.8819,117.226656,29.33597,0.0,huang529_signal,,next_open
20260816_083342_eeb277,2019-05-16,603699.SH,buy,8700,13.440177,116929.5399,116.812725,29.232385,0.0,huang529_signal,,next_open
20260816_083342_eeb277,2019-05-16,002911.SZ,buy,7100,16.457761,116850.1031,116.733372,29.212526,0.0,huang529_signal,,next_open
20260816_083342_eeb277,2019-05-16,000688.SZ,buy,2100,55.263729,116053.8309,115.937892,29.013458,0.0,huang529_signal,,next_open
20260816_083342_eeb277,2019-05-16,000534.SZ,buy,2900,40.171561,116497.5269,116.381147,29.124382,0.0,huang529_signal,,next_open
20260816_083342_eeb277,2019-05-16,601898.SH,buy,21000,5.602497,117652.437,117.5349,29.413109,0.0,huang529_signal,,next_open
20260816_083342_eeb277,2019-05-27,600332.SH,sell,1800,58.560731,105409.3158,105.51483,26.352329,52.704658,market_gate,confirm,next_open
20260816_083342_eeb277,2019-05-27,000403.SZ,sell,900,120.401338,108361.2042,108.469674,27.090301,54.180602,market_gate,confirm,next_open
20260816_083342_eeb277,2019-05-27,002697.SZ,sell,2700,42.089768,113642.3736,113.75613,28.410593,56.821187,market_gate,confirm,next_open
20260816_083342_eeb277,2019-05-27,603699.SH,sell,8700,13.220017,115014.1479,115.129275,28.753537,57.507074,market_gate,confirm,next_open
20260816_083342_eeb277,2019-05-27,002911.SZ,sell,7100,15.576208,110591.0768,110.70178,27.647769,55.295538,market_gate,confirm,next_open
20260816_083342_eeb277,2019-05-27,000688.SZ,sell,2100,54.757947,114991.6887,115.106796,28.747922,57.495844,market_gate,confirm,next_open
20260816_083342_eeb277,2019-05-27,000534.SZ,sell,2900,38.852638,112672.6502,112.785437,28.168163,56.336325,market_gate,confirm,next_open
20260816_083342_eeb277,2019-05-27,601898.SH,sell,21000,5.499075,115480.575,115.59618,28.870144,57.740288,market_gate,confirm,next_open
20260816_083342_eeb277,2019-05-29,600900.SH,buy,2200,50.522952,111150.4944,111.039456,27.787624,0.0,huang529_signal,,next_open
20260816_083342_eeb277,2019-05-29,000403.SZ,buy,900,121.444413,109299.9717,109.190781,27.324993,0.0,huang529_signal,,next_open
20260816_083342_eeb277,2019-05-29,002697.SZ,buy,2600,41.888106,108909.0756,108.800276,27.227269,0.0,huang529_signal,,next_open
20260816_083342_eeb277,2019-05-29,600332.SH,buy,1900,58.604346,111348.2574,111.23702,27.837064,0.0,huang529_signal,,next_open
20260816_083342_eeb277,2019-05-29,603699.SH,buy,8400,13.364851,112264.7484,112.1526,28.066187,0.0,huang529_signal,,next_open
20260816_083342_eeb277,2019-05-29,002911.SZ,buy,7100,15.700725,111475.1475,111.363784,27.868787,0.0,huang529_signal,,next_open
20260816_083342_eeb277,2019-05-29,000688.SZ,buy,2000,54.768534,109537.068,109.42764,27.384267,0.0,huang529_signal,,next_open
20260816_083342_eeb277,2019-05-29,000534.SZ,buy,2900,38.723565,112298.3385,112.186152,28.074585,0.0,huang529_signal,,next_open
20260816_083342_eeb277,2019-06-05,600900.SH,sell,2200,52.404563,115290.0386,115.405444,28.82251,57.645019,market_gate,confirm,next_open
20260816_083342_eeb277,2019-06-05,000403.SZ,sell,900,98.958273,89062.4457,89.151597,22.265611,44.531223,market_gate,confirm,next_open
20260816_083342_eeb277,2019-06-05,002697.SZ,sell,2600,42.945831,111659.1606,111.770932,27.91479,55.82958,market_gate,confirm,next_open
20260816_083342_eeb277,2019-06-05,600332.SH,sell,1900,56.723819,107775.2561,107.88314,26.943814,53.887628,market_gate,confirm,next_open
20260816_083342_eeb277,2019-06-05,603699.SH,sell,8400,13.520716,113574.0144,113.6877,28.393504,56.787007,market_gate,confirm,next_open
20260816_083342_eeb277,2019-06-05,002911.SZ,sell,7100,15.638306,111031.9726,111.143116,27.757993,55.515986,market_gate,confirm,next_open
20260816_083342_eeb277,2019-06-05,000688.SZ,sell,2000,54.362583,108725.166,108.834,27.181292,54.362583,market_gate,confirm,next_open
20260816_083342_eeb277,2019-06-05,000534.SZ,sell,2900,34.310885,99501.5665,99.601167,24.875392,49.750783,market_gate,confirm,next_open
20260816_083342_eeb277,2019-06-12,600642.SH,buy,2000,54.180126,108360.252,108.252,27.090063,0.0,huang529_signal,,next_open
20260816_083342_eeb277,2019-06-12,600900.SH,buy,2000,53.369316,106738.632,106.632,26.684658,0.0,huang529_signal,,next_open
20260816_083342_eeb277,2019-06-12,600377.SH,buy,3800,28.245237,107331.9006,107.224676,26.832975,0.0,huang529_signal,,next_open
20260816_083342_eeb277,2019-06-12,000403.SZ,buy,1000,107.978731,107978.731,107.87086,26.994683,0.0,huang529_signal,,next_open
20260816_083342_eeb277,2019-06-12,002697.SZ,buy,2400,44.318474,106364.3376,106.25808,26.591084,0.0,huang529_signal,,next_open
20260816_083342_eeb277,2019-06-12,600332.SH,buy,1900,57.426369,109110.1011,109.0011,27.277525,0.0,huang529_signal,,next_open
20260816_083342_eeb277,2019-06-12,603699.SH,buy,8100,13.321808,107906.6448,107.79885,26.976661,0.0,huang529_signal,,next_open
20260816_083342_eeb277,2019-06-12,002911.SZ,buy,6800,15.83554,107681.672,107.574096,26.920418,0.0,huang529_signal,,next_open
20260816_083342_eeb277,2019-06-18,600642.SH,sell,2000,53.711395,107422.79,107.53032,26.855697,53.711395,market_gate,confirm,next_open
20260816_083342_eeb277,2019-06-18,600900.SH,sell,2000,52.256611,104513.222,104.61784,26.128305,52.256611,market_gate,confirm,next_open
20260816_083342_eeb277,2019-06-18,600377.SH,sell,3800,27.950811,106213.0818,106.319402,26.55327,53.106541,market_gate,confirm,next_open
20260816_083342_eeb277,2019-06-18,000403.SZ,sell,1000,107.9315,107931.5,108.03954,26.982875,53.96575,market_gate,confirm,next_open
20260816_083342_eeb277,2019-06-18,002697.SZ,sell,2400,43.01717,103241.208,103.344552,25.810302,51.620604,market_gate,confirm,next_open
20260816_083342_eeb277,2019-06-18,600332.SH,sell,1900,56.268265,106909.7035,107.016721,26.727426,53.454852,market_gate,confirm,next_open
20260816_083342_eeb277,2019-06-18,603699.SH,sell,8100,12.930057,104733.4617,104.8383,26.183365,52.366731,market_gate,confirm,next_open
20260816_083342_eeb277,2019-06-18,002911.SZ,sell,6800,15.431313,104932.9284,105.037968,26.233232,52.466464,market_gate,confirm,next_open
20260816_083342_eeb277,2019-06-21,601006.SH,buy,7200,14.723459,106008.9048,105.903,26.502226,0.0,huang529_signal,,next_open
20260816_083342_eeb277,2019-06-21,600000.SH,buy,600,155.011377,93006.8262,92.913912,23.251707,0.0,huang529_signal,,next_open
20260816_083342_eeb277,2019-06-21,600642.SH,buy,1900,55.354029,105172.6551,105.067587,26.293164,0.0,huang529_signal,,next_open
20260816_083342_eeb277,2019-06-21,600489.SH,buy,1000,107.019212,107019.212,106.9123,26.754803,0.0,huang529_signal,,next_open
20260816_083342_eeb277,2019-06-21,600547.SH,buy,200,421.934913,84386.9826,84.30268,21.096746,0.0,huang529_signal,,next_open
20260816_083342_eeb277,2019-06-21,600900.SH,buy,2000,53.369316,106738.632,106.632,26.684658,0.0,huang529_signal,,next_open
20260816_083342_eeb277,2019-06-21,600377.SH,buy,3700,28.854656,106762.2272,106.655571,26.690557,0.0,huang529_signal,,next_open
20260816_083342_eeb277,2019-06-21,000403.SZ,buy,900,115.619134,104057.2206,103.953267,26.014305,0.0,huang529_signal,,next_open
20260816_083342_eeb277,2019-07-19,601006.SH,sell,7200,13.836769,99624.7368,99.724464,24.906184,49.812368,holding_expired,confirm,next_open
20260816_083342_eeb277,2019-07-19,600000.SH,sell,600,146.191802,87715.0812,87.802884,21.92877,43.857541,holding_expired,confirm,next_open
20260816_083342_eeb277,2019-07-19,600642.SH,sell,1900,52.089239,98969.5541,99.068622,24.742389,49.484777,holding_expired,confirm,next_open
20260816_083342_eeb277,2019-07-19,600489.SH,sell,1000,111.367721,111367.721,111.4792,27.84193,55.683861,holding_expired,confirm,next_open
20260816_083342_eeb277,2019-07-19,600547.SH,sell,200,463.933602,92786.7204,92.8796,23.19668,46.39336,holding_expired,confirm,next_open
20260816_083342_eeb277,2019-07-19,600900.SH,sell,2000,54.579865,109159.73,109.269,27.289932,54.579865,holding_expired,confirm,next_open
20260816_083342_eeb277,2019-07-19,600377.SH,sell,3700,27.740382,102639.4134,102.742155,25.659853,51.319707,holding_expired,confirm,next_open
20260816_083342_eeb277,2019-07-19,000403.SZ,sell,900,117.747285,105972.5565,106.078635,26.493139,52.986278,holding_expired,confirm,next_open
20260816_083342_eeb277,2019-07-22,600048.SH,buy,300,295.120426,88536.1278,88.44768,22.134032,0.0,huang529_signal,,next_open
20260816_083342_eeb277,2019-07-22,002120.SZ,buy,600,162.842079,97705.2474,97.60764,24.426312,0.0,huang529_signal,,next_open
20260816_083342_eeb277,2019-07-22,002179.SZ,buy,300,269.9697,80990.91,80.91,20.247727,0.0,huang529_signal,,next_open
20260816_083342_eeb277,2019-07-22,600007.SH,buy,3700,28.179852,104265.4524,104.16129,26.066363,0.0,huang529_signal,,next_open
20260816_083342_eeb277,2019-07-22,002647.SZ,buy,1900,54.009676,102618.3844,102.515868,25.654596,0.0,huang529_signal,,next_open
20260816_083342_eeb277,2019-07-22,603326.SH,buy,6100,17.363246,105915.8006,105.80999,26.47895,0.0,huang529_signal,,next_open
20260816_083342_eeb277,2019-07-22,603506.SH,buy,3200,33.20293,106249.376,106.143232,26.562344,0.0,huang529_signal,,next_open
20260816_083342_eeb277,2019-07-22,603043.SH,buy,3400,31.25158,106255.372,106.149224,26.563843,0.0,huang529_signal,,next_open
20260816_083342_eeb277,2019-07-23,600048.SH,sell,300,296.167056,88850.1168,88.939056,22.212529,44.425058,market_gate,confirm,next_open
20260816_083342_eeb277,2019-07-23,002120.SZ,sell,600,163.430276,98058.1656,98.156322,24.514541,49.029083,market_gate,confirm,next_open
20260816_083342_eeb277,2019-07-23,002179.SZ,sell,300,263.933303,79179.9909,79.25925,19.794998,39.589995,market_gate,confirm,next_open
20260816_083342_eeb277,2019-07-23,600007.SH,sell,3700,27.965846,103473.6302,103.577208,25.868408,51.736815,market_gate,confirm,next_open
20260816_083342_eeb277,2019-07-23,002647.SZ,sell,1900,50.29925,95568.575,95.66424,23.892144,47.784287,market_gate,confirm,next_open
20260816_083342_eeb277,2019-07-23,603326.SH,sell,6100,17.114269,104397.0409,104.50154,26.09926,52.19852,market_gate,confirm,next_open
20260816_083342_eeb277,2019-07-23,603506.SH,sell,3200,31.862106,101958.7392,102.0608,25.489685,50.97937,market_gate,confirm,next_open
20260816_083342_eeb277,2019-07-23,603043.SH,sell,3400,30.80916,104751.144,104.856,26.187786,52.375572,market_gate,confirm,next_open
20260816_083342_eeb277,2019-07-25,601939.SH,buy,8000,13.000437,104003.496,103.8996,26.000874,0.0,huang529_signal,,next_open
20260816_083342_eeb277,2019-07-25,600236.SH,buy,3300,31.579748,104213.1684,104.10906,26.053292,0.0,huang529_signal,,next_open
20260816_083342_eeb277,2019-07-25,601601.SH,buy,2000,49.764445,99528.89,99.42946,24.882223,0.0,huang529_signal,,next_open
20260816_083342_eeb277,2019-07-25,600900.SH,buy,1800,55.459404,99826.9272,99.7272,24.956732,0.0,huang529_signal,,next_open
20260816_083342_eeb277,2019-07-25,600048.SH,buy,300,294.300647,88290.1941,88.201992,22.072549,0.0,huang529_signal,,next_open
20260816_083342_eeb277,2019-07-25,603659.SH,buy,1900,53.64349,101922.631,101.82081,25.480658,0.0,huang529_signal,,next_open
20260816_083342_eeb277,2019-07-25,002120.SZ,buy,600,170.743293,102445.9758,102.343632,25.611494,0.0,huang529_signal,,next_open
20260816_083342_eeb277,2019-07-26,002352.SZ,buy,800,124.645661,99716.5288,99.616912,24.929132,0.0,huang529_signal,,next_open
20260816_083342_eeb277,2019-08-05,601939.SH,sell,8000,12.656721,101253.768,101.35512,25.313442,50.626884,market_gate,confirm,next_open
20260816_083342_eeb277,2019-08-05,600236.SH,sell,3300,32.05771,105790.443,105.89634,26.447611,52.895221,market_gate,confirm,next_open
20260816_083342_eeb277,2019-08-05,601601.SH,sell,2000,47.505667,95011.334,95.10644,23.752834,47.505667,market_gate,confirm,next_open
20260816_083342_eeb277,2019-08-05,600900.SH,sell,1800,57.1628,102893.04,102.996036,25.72326,51.44652,market_gate,confirm,next_open
20260816_083342_eeb277,2019-08-05,600048.SH,sell,300,280.417841,84125.3523,84.209562,21.031338,42.062676,market_gate,confirm,next_open
20260816_083342_eeb277,2019-08-05,603659.SH,sell,1900,55.845918,106107.2442,106.213458,26.526811,53.053622,market_gate,confirm,next_open
20260816_083342_eeb277,2019-08-05,002120.SZ,sell,600,164.488077,98692.8462,98.791638,24.673212,49.346423,market_gate,confirm,next_open
20260816_083342_eeb277,2019-08-05,002352.SZ,sell,800,126.88317,101506.536,101.608144,25.376634,50.753268,market_gate,confirm,next_open
20260816_083342_eeb277,2019-08-22,600323.SH,buy,1500,67.685117,101527.6755,101.42625,25.381919,0.0,huang529_signal,,next_open
20260816_083342_eeb277,2019-08-22,603043.SH,buy,2800,36.108593,101104.0604,101.003056,25.276015,0.0,huang529_signal,,next_open
20260816_083342_eeb277,2019-08-22,600038.SH,buy,700,139.124185,97386.9295,97.28964,24.346732,0.0,huang529_signal,,next_open
20260816_083342_eeb277,2019-08-22,603806.SH,buy,1600,63.274161,101238.6576,101.13752,25.309664,0.0,huang529_signal,,next_open
20260816_083342_eeb277,2019-08-22,300621.SZ,buy,6400,16.128112,103219.9168,103.1168,25.804979,0.0,huang529_signal,,next_open
20260816_083342_eeb277,2019-08-22,300703.SZ,buy,4300,23.901838,102777.9034,102.675228,25.694476,0.0,huang529_signal,,next_open
20260816_083342_eeb277,2019-08-22,600674.SH,buy,500,181.865884,90932.942,90.8421,22.733235,0.0,huang529_signal,,next_open
20260816_083342_eeb277,2019-08-22,600900.SH,buy,1700,58.263185,99047.4145,98.948466,24.761854,0.0,huang529_signal,,next_open
20260816_083342_eeb277,2019-09-20,600323.SH,sell,1500,65.61467,98422.005,98.520525,24.605501,49.211003,holding_expired,confirm,next_open
20260816_083342_eeb277,2019-09-20,603043.SH,sell,2800,34.054392,95352.2976,95.447744,23.838074,47.676149,holding_expired,confirm,next_open
20260816_083342_eeb277,2019-09-20,600038.SH,sell,700,143.68617,100580.319,100.681,25.14508,50.29016,holding_expired,confirm,next_open
20260816_083342_eeb277,2019-09-20,603806.SH,sell,1600,63.414422,101463.0752,101.56464,25.365769,50.731538,holding_expired,confirm,next_open
20260816_083342_eeb277,2019-09-20,300621.SZ,sell,6400,17.735846,113509.4144,113.62304,28.377354,56.754707,holding_expired,confirm,next_open
20260816_083342_eeb277,2019-09-20,300703.SZ,sell,4300,24.131724,103766.4132,103.870284,25.941603,51.883207,holding_expired,confirm,next_open
20260816_083342_eeb277,2019-09-20,600674.SH,sell,500,188.395016,94197.508,94.2918,23.549377,47.098754,holding_expired,confirm,next_open
20260816_083342_eeb277,2019-09-20,600900.SH,sell,1700,57.624038,97960.8646,98.058924,24.490216,48.980432,holding_expired,confirm,next_open
20260816_083342_eeb277,2019-09-20,300753.SZ,buy,100,41.239098,4123.9098,4.11979,1.030977,0.0,huang529_signal,,next_open
20260816_083342_eeb277,2019-09-20,603538.SH,buy,100,27.910603,2791.0603,2.788272,0.697765,0.0,huang529_signal,,next_open
20260816_083342_eeb277,2019-09-20,603586.SH,buy,200,19.382203,3876.4406,3.872568,0.96911,0.0,huang529_signal,,next_open
20260816_083342_eeb277,2019-09-23,600628.SH,buy,200,387.16702,77433.404,77.356048,19.358351,0.0,huang529_signal,,next_open
20260816_083342_eeb277,2019-09-23,603111.SH,buy,6900,15.033098,103728.3762,103.624752,25.932094,0.0,huang529_signal,,next_open
20260816_083342_eeb277,2019-09-23,300523.SZ,buy,900,109.846637,98861.9733,98.76321,24.715493,0.0,huang529_signal,,next_open
20260816_083342_eeb277,2019-09-23,603033.SH,buy,2700,38.295557,103398.0039,103.29471,25.849501,0.0,huang529_signal,,next_open
20260816_083342_eeb277,2019-09-24,000899.SZ,buy,5700,18.115838,103260.2766,103.157118,25.815069,0.0,huang529_signal,,next_open
20260816_083342_eeb277,2019-10-17,603111.SH,sell,6900,13.175931,90913.9239,91.004928,22.728481,45.456962,stop_loss,confirm,next_open
20260816_083342_eeb277,2019-10-17,002083.SZ,buy,6700,15.265811,102280.9337,102.178752,25.570233,0.0,huang529_signal,,next_open
20260816_083342_eeb277,2019-10-24,300753.SZ,sell,100,41.267691,4126.7691,4.1309,1.031692,2.063385,market_gate,confirm,next_open
20260816_083342_eeb277,2019-10-24,603538.SH,sell,100,27.793698,2779.3698,2.782152,0.694842,1.389685,market_gate,confirm,next_open
20260816_083342_eeb277,2019-10-24,603586.SH,sell,200,16.95271,3390.542,3.393936,0.847635,1.695271,market_gate,confirm,next_open
20260816_083342_eeb277,2019-10-24,600628.SH,sell,200,409.653017,81930.6034,82.012616,20.482651,40.965302,market_gate,confirm,next_open
20260816_083342_eeb277,2019-10-24,300523.SZ,sell,900,112.184223,100965.8007,101.066868,25.24145,50.4829,market_gate,confirm,next_open
20260816_083342_eeb277,2019-10-24,603033.SH,sell,2700,38.559212,104109.8724,104.214087,26.027468,52.054936,market_gate,confirm,next_open
20260816_083342_eeb277,2019-10-24,000899.SZ,sell,5700,16.521052,94169.9964,94.264263,23.542499,47.084998,market_gate,confirm,next_open
20260816_083342_eeb277,2019-10-24,002083.SZ,sell,6700,15.235309,102076.5703,102.178752,25.519143,51.038285,market_gate,confirm,next_open
20260816_083342_eeb277,2019-10-28,300457.SZ,buy,1000,97.629031,97629.031,97.5315,24.407258,0.0,huang529_signal,,next_open
20260816_083342_eeb277,2019-10-28,002393.SZ,buy,3400,30.002222,102007.5548,101.90565,25.501889,0.0,huang529_signal,,next_open
20260816_083342_eeb277,2019-10-28,603298.SH,buy,7600,13.409746,101914.0696,101.81226,25.478517,0.0,huang529_signal,,next_open
20260816_083342_eeb277,2019-10-28,002244.SZ,buy,4000,25.226992,100907.968,100.80716,25.226992,0.0,huang529_signal,,next_open
20260816_083342_eeb277,2019-10-28,002521.SZ,buy,5000,20.281021,101405.105,101.3038,25.351276,0.0,huang529_signal,,next_open
20260816_083342_eeb277,2019-10-28,603955.SH,buy,4700,21.751129,102230.3063,102.12818,25.557577,0.0,huang529_signal,,next_open
20260816_083342_eeb277,2019-10-28,300318.SZ,buy,3700,27.478891,101671.8967,101.570328,25.417974,0.0,huang529_signal,,next_open
20260816_083342_eeb277,2019-10-28,000798.SZ,buy,7100,14.309715,101598.9765,101.497482,25.399744,0.0,huang529_signal,,next_open
20260816_083342_eeb277,2019-10-31,300457.SZ,sell,1000,99.708692,99708.692,99.8085,24.927173,49.854346,market_gate,confirm,next_open
20260816_083342_eeb277,2019-10-31,002393.SZ,sell,3400,30.161508,102549.1272,102.65178,25.637282,51.274564,market_gate,confirm,next_open
20260816_083342_eeb277,2019-10-31,603298.SH,sell,7600,13.721495,104283.362,104.387748,26.07084,52.141681,market_gate,confirm,next_open
20260816_083342_eeb277,2019-10-31,002244.SZ,sell,4000,24.427628,97710.512,97.80832,24.427628,48.855256,market_gate,confirm,next_open
20260816_083342_eeb277,2019-10-31,002521.SZ,sell,5000,19.71047,98552.35,98.651,24.638088,49.276175,market_gate,confirm,next_open
20260816_083342_eeb277,2019-10-31,603955.SH,sell,4700,20.923056,98338.3632,98.4368,24.584591,49.169182,market_gate,confirm,next_open
20260816_083342_eeb277,2019-10-31,300318.SZ,sell,3700,27.874617,103136.0829,103.239324,25.784021,51.568041,market_gate,confirm,next_open
20260816_083342_eeb277,2019-10-31,000798.SZ,sell,7100,14.902043,105804.5053,105.910416,26.451126,52.902253,market_gate,confirm,next_open
20260816_083342_eeb277,2019-11-04,600814.SH,buy,3100,32.262741,100014.4971,99.914581,25.003624,0.0,huang529_signal,,next_open
20260816_083342_eeb277,2019-11-04,000333.SZ,buy,300,269.017899,80705.3697,80.624745,20.176342,0.0,huang529_signal,,next_open
20260816_083342_eeb277,2019-11-04,601997.SH,buy,7200,14.077944,101361.1968,101.259936,25.340299,0.0,huang529_signal,,next_open
20260816_083342_eeb277,2019-11-04,600690.SH,buy,100,639.902433,63990.2433,63.926317,15.997561,0.0,huang529_signal,,next_open
20260816_083342_eeb277,2019-11-04,603196.SH,buy,10500,9.72964,102161.22,102.05916,25.540305,0.0,huang529_signal,,next_open
20260816_083342_eeb277,2019-11-04,600926.SH,buy,5200,19.607828,101960.7056,101.858848,25.490176,0.0,huang529_signal,,next_open
20260816_083342_eeb277,2019-11-04,600993.SH,buy,400,210.463984,84185.5936,84.101492,21.046398,0.0,huang529_signal,,next_open
20260816_083342_eeb277,2019-11-05,000581.SZ,buy,1100,86.833647,95517.0117,95.42159,23.879253,0.0,huang529_signal,,next_open
20260816_083342_eeb277,2019-11-07,600814.SH,sell,3100,31.533775,97754.7025,97.852554,24.438676,48.877351,market_gate,confirm,next_open
20260816_083342_eeb277,2019-11-07,000333.SZ,sell,300,269.156674,80747.0022,80.82783,20.186751,40.373501,market_gate,confirm,next_open
20260816_083342_eeb277,2019-11-07,601997.SH,sell,7200,14.366389,103438.0008,103.541544,25.8595,51.719,market_gate,confirm,next_open
20260816_083342_eeb277,2019-11-07,600690.SH,sell,100,673.343772,67334.3772,67.401779,16.833594,33.667189,market_gate,confirm,next_open
20260816_083342_eeb277,2019-11-07,603196.SH,sell,10500,10.291588,108061.674,108.169845,27.015418,54.030837,market_gate,confirm,next_open
20260816_083342_eeb277,2019-11-07,600926.SH,sell,5200,19.862917,103287.1684,103.39056,25.821792,51.643584,market_gate,confirm,next_open
20260816_083342_eeb277,2019-11-07,600993.SH,sell,400,215.435089,86174.0356,86.260296,21.543509,43.087018,market_gate,confirm,next_open
20260816_083342_eeb277,2019-11-07,000581.SZ,sell,1100,86.373041,95010.3451,95.10545,23.752586,47.505173,market_gate,confirm,next_open
20260816_083342_eeb277,2019-12-17,300138.SZ,buy,2800,36.560144,102368.4032,102.266136,25.592101,0.0,huang529_signal,,next_open
20260816_083342_eeb277,2019-12-17,600252.SH,buy,900,113.851978,102466.7802,102.364416,25.616695,0.0,huang529_signal,,next_open
20260816_083342_eeb277,2019-12-17,603167.SH,buy,8000,12.8326,102660.8,102.55824,25.6652,0.0,huang529_signal,,next_open
20260816_083342_eeb277,2019-12-17,600193.SH,buy,3900,26.085169,101732.1591,101.630529,25.43304,0.0,huang529_signal,,next_open
20260816_083342_eeb277,2019-12-17,600399.SH,buy,10000,10.333323,103333.23,103.23,25.833308,0.0,huang529_signal,,next_open
20260816_083342_eeb277,2019-12-17,000042.SZ,buy,700,138.251954,96776.3678,96.679688,24.194092,0.0,huang529_signal,,next_open
20260816_083342_eeb277,2019-12-17,600808.SH,buy,16500,6.258873,103271.4045,103.16823,25.817851,0.0,huang529_signal,,next_open
20260816_083342_eeb277,2019-12-18,000776.SZ,buy,1300,80.545415,104709.0395,104.604435,26.17726,0.0,huang529_signal,,next_open
20260816_083342_eeb277,2020-01-15,300138.SZ,sell,2800,36.982996,103552.3888,103.656045,25.888097,51.776194,holding_expired,confirm,next_open
20260816_083342_eeb277,2020-01-15,600252.SH,sell,900,119.526426,107573.7834,107.681465,26.893446,53.786892,holding_expired,confirm,next_open
20260816_083342_eeb277,2020-01-15,603167.SH,sell,8000,12.794912,102359.296,102.46176,25.589824,51.179648,holding_expired,confirm,next_open
20260816_083342_eeb277,2020-01-15,600193.SH,sell,3900,25.831125,100741.3875,100.84223,25.185347,50.370694,holding_expired,confirm,next_open
20260816_083342_eeb277,2020-01-15,600399.SH,sell,10000,12.890097,128900.97,129.03,32.225243,64.450485,holding_expired,confirm,next_open
20260816_083342_eeb277,2020-01-15,000042.SZ,sell,700,140.214976,98150.4832,98.248732,24.537621,49.075242,holding_expired,confirm,next_open
20260816_083342_eeb277,2020-01-15,600808.SH,sell,16500,6.502801,107296.2165,107.403615,26.824054,53.648108,holding_expired,confirm,next_open
20260816_083342_eeb277,2020-01-16,000776.SZ,sell,1300,84.104421,109335.7473,109.445193,27.333937,54.667874,holding_expired,confirm,next_open
20260816_083342_eeb277,2020-01-16,600676.SH,buy,1600,64.006599,102410.5584,102.30825,25.60264,0.0,huang529_signal,,next_open
20260816_083342_eeb277,2020-01-16,600995.SH,buy,1500,69.769483,104654.2245,104.549675,26.163556,0.0,huang529_signal,,next_open
20260816_083342_eeb277,2020-01-16,603359.SH,buy,4400,24.322123,107017.3412,106.91043,26.754335,0.0,huang529_signal,,next_open
20260816_083342_eeb277,2020-01-16,002327.SZ,buy,1500,69.755247,104632.8705,104.528341,26.158218,0.0,huang529_signal,,next_open
20260816_083342_eeb277,2020-01-16,600869.SH,buy,1800,57.658321,103784.9778,103.681296,25.946244,0.0,huang529_signal,,next_open
20260816_083342_eeb277,2020-01-16,000423.SZ,buy,200,376.658549,75331.7098,75.256453,18.832927,0.0,huang529_signal,,next_open
20260816_083342_eeb277,2020-01-17,002595.SZ,buy,1100,95.43019,104973.209,104.868341,26.243302,0.0,huang529_signal,,next_open
20260816_083342_eeb277,2020-01-17,600436.SH,buy,100,773.79326,77379.326,77.302024,19.344832,0.0,huang529_signal,,next_open
20260816_083342_eeb277,2020-02-04,600676.SH,sell,1600,50.170835,80273.336,80.35369,20.068334,40.136668,market_gate,confirm,next_open
20260816_083342_eeb277,2020-02-04,600995.SH,sell,1500,58.931037,88396.5555,88.485041,22.099139,44.198278,market_gate,confirm,next_open
20260816_083342_eeb277,2020-02-04,603359.SH,sell,4400,21.194584,93256.1696,93.34952,23.314042,46.628085,market_gate,confirm,next_open
20260816_083342_eeb277,2020-02-04,002327.SZ,sell,1500,60.83124,91246.86,91.338198,22.811715,45.62343,market_gate,confirm,next_open
20260816_083342_eeb277,2020-02-04,000423.SZ,sell,200,310.019332,62003.8664,62.065932,15.500967,31.001933,market_gate,confirm,next_open
20260816_083342_eeb277,2020-02-04,002595.SZ,sell,1100,86.707166,95377.8826,95.473356,23.844471,47.688941,market_gate,confirm,next_open
20260816_083342_eeb277,2020-02-04,600436.SH,sell,100,781.219279,78121.9279,78.200128,19.530482,39.060964,market_gate,confirm,next_open
20260816_083342_eeb277,2020-02-05,600869.SH,sell,1800,43.263901,77875.0218,77.952974,19.468755,38.937511,market_gate,confirm,next_open
20260816_083342_eeb277,2020-02-20,002415.SZ,buy,100,780.870724,78087.0724,78.009063,19.521768,0.0,huang529_signal,,next_open
20260816_083342_eeb277,2020-02-20,000028.SZ,buy,500,183.537504,91768.752,91.677075,22.942188,0.0,huang529_signal,,next_open
20260816_083342_eeb277,2020-02-20,002275.SZ,buy,4100,22.817653,93552.3773,93.458918,23.388094,0.0,huang529_signal,,next_open
20260816_083342_eeb277,2020-02-20,002737.SZ,buy,1400,66.697496,93376.4944,93.283211,23.344124,0.0,huang529_signal,,next_open
20260816_083342_eeb277,2020-02-20,002352.SZ,buy,500,161.515442,80757.721,80.677044,20.18943,0.0,huang529_signal,,next_open
20260816_083342_eeb277,2020-02-20,002900.SZ,buy,4800,19.560543,93890.6064,93.79681,23.472652,0.0,huang529_signal,,next_open
20260816_083342_eeb277,2020-02-20,002661.SZ,buy,1900,48.457405,92069.0695,91.977092,23.017267,0.0,huang529_signal,,next_open
20260816_083342_eeb277,2020-02-20,601607.SH,buy,400,193.311807,77324.7228,77.247475,19.331181,0.0,huang529_signal,,next_open
20260816_083342_eeb277,2020-03-10,002415.SZ,sell,100,676.796659,67679.6659,67.747413,16.919916,33.839833,stop_loss,confirm,next_open
20260816_083342_eeb277,2020-03-10,002928.SZ,buy,2600,20.68663,53785.238,53.731506,13.446309,0.0,huang529_signal,,next_open
20260816_083342_eeb277,2020-03-16,000028.SZ,sell,500,161.032734,80516.367,80.596964,20.129092,40.258184,stop_loss,confirm,next_open
20260816_083342_eeb277,2020-03-16,601607.SH,sell,400,168.618479,67447.3916,67.514906,16.861848,33.723696,stop_loss,confirm,next_open
20260816_083342_eeb277,2020-03-16,002872.SZ,buy,3700,9.147945,33847.3965,33.813582,8.461849,0.0,huang529_signal,,next_open
20260816_083342_eeb277,2020-03-16,000019.SZ,buy,1200,27.438443,32926.1316,32.893238,8.231533,0.0,huang529_signal,,next_open
20260816_083342_eeb277,2020-03-17,002928.SZ,sell,2600,17.602992,45767.7792,45.813594,11.441945,22.88389,stop_loss,confirm,next_open
20260816_083342_eeb277,2020-03-18,000598.SZ,buy,700,121.045084,84731.5588,84.646912,21.18289,0.0,huang529_signal,,next_open
20260816_083342_eeb277,2020-03-19,002275.SZ,sell,4100,20.804107,85296.8387,85.382221,21.32421,42.648419,market_gate,confirm,next_open
20260816_083342_eeb277,2020-03-19,002737.SZ,sell,1400,59.266494,82973.0916,83.056148,20.743273,41.486546,market_gate,confirm,next_open
20260816_083342_eeb277,2020-03-19,002352.SZ,sell,500,153.526756,76763.378,76.840218,19.190845,38.381689,market_gate,confirm,next_open
20260816_083342_eeb277,2020-03-19,002900.SZ,sell,4800,17.620435,84578.088,84.66275,21.144522,42.289044,market_gate,confirm,next_open
20260816_083342_eeb277,2020-03-19,002661.SZ,sell,1900,47.720719,90669.3661,90.760125,22.667342,45.334683,market_gate,confirm,next_open
20260816_083342_eeb277,2020-03-19,002872.SZ,sell,3700,8.278983,30632.2371,30.662899,7.658059,15.316119,market_gate,confirm,next_open
20260816_083342_eeb277,2020-03-19,000019.SZ,sell,1200,24.222393,29066.8716,29.095968,7.266718,14.533436,market_gate,confirm,next_open
20260816_083342_eeb277,2020-03-19,000598.SZ,sell,700,115.872492,81110.7444,81.191936,20.277686,40.555372,market_gate,confirm,next_open
20260816_083342_eeb277,2020-04-08,300218.SZ,buy,4400,18.99908,83595.952,83.51244,20.898988,0.0,huang529_signal,,next_open
20260816_083342_eeb277,2020-04-08,600526.SH,buy,3400,24.136,82062.4,81.980419,20.5156,0.0,huang529_signal,,next_open
20260816_083342_eeb277,2020-04-08,000582.SZ,buy,1800,44.785208,80613.3744,80.532842,20.153344,0.0,huang529_signal,,next_open
20260816_083342_eeb277,2020-04-08,002899.SZ,buy,6300,13.173128,82990.7064,82.907798,20.747677,0.0,huang529_signal,,next_open
20260816_083342_eeb277,2020-04-08,601086.SH,buy,15900,5.261756,83661.9204,83.57835,20.91548,0.0,huang529_signal,,next_open
20260816_083342_eeb277,2020-04-08,002772.SZ,buy,4900,17.031675,83455.2075,83.371834,20.863802,0.0,huang529_signal,,next_open
20260816_083342_eeb277,2020-04-08,000598.SZ,buy,700,119.068838,83348.1866,83.264922,20.837047,0.0,huang529_signal,,next_open
20260816_083342_eeb277,2020-04-08,002872.SZ,buy,9800,8.569539,83981.4822,83.897584,20.995371,0.0,huang529_signal,,next_open
20260816_083342_eeb277,2020-04-17,300218.SZ,sell,4400,16.306563,71748.8772,71.820698,17.937219,35.874439,stop_loss,confirm,next_open
20260816_083342_eeb277,2020-04-17,603926.SH,buy,400,18.283105,7313.242,7.305936,1.828311,0.0,huang529_signal,,next_open
20260816_083342_eeb277,2020-04-22,002772.SZ,sell,4900,14.762223,72334.8927,72.4073,18.083723,36.167446,stop_loss,confirm,next_open
20260816_083342_eeb277,2020-04-22,603926.SH,sell,400,15.177833,6071.1332,6.07721,1.517783,3.035567,stop_loss,confirm,next_open
20260816_083342_eeb277,2020-04-22,000631.SZ,buy,600,54.32414,32594.484,32.561922,8.148621,0.0,huang529_signal,,next_open
20260816_083342_eeb277,2020-04-22,603856.SH,buy,2200,15.969943,35133.8746,35.098776,8.783469,0.0,huang529_signal,,next_open
20260816_083342_eeb277,2020-04-29,600526.SH,sell,3400,20.345986,69176.3524,69.245597,17.294088,34.588176,market_gate,confirm,next_open
20260816_083342_eeb277,2020-04-29,000582.SZ,sell,1800,46.657746,83983.9428,84.06801,20.995986,41.991971,market_gate,confirm,next_open
20260816_083342_eeb277,2020-04-29,002899.SZ,sell,6300,12.229354,77044.9302,77.122055,19.261233,38.522465,market_gate,confirm,next_open
20260816_083342_eeb277,2020-04-29,601086.SH,sell,15900,4.904661,77984.1099,78.062179,19.496027,38.992055,market_gate,confirm,next_open
20260816_083342_eeb277,2020-04-29,000598.SZ,sell,700,120.803236,84562.2652,84.646912,21.140566,42.281133,market_gate,confirm,next_open
20260816_083342_eeb277,2020-04-29,002872.SZ,sell,9800,8.203029,80389.6842,80.470152,20.097421,40.194842,market_gate,confirm,next_open
20260816_083342_eeb277,2020-04-29,000631.SZ,sell,600,53.139804,31883.8824,31.915798,7.970971,15.941941,market_gate,confirm,next_open
20260816_083342_eeb277,2020-04-29,603856.SH,sell,2200,15.443729,33976.2038,34.010214,8.494051,16.988102,market_gate,confirm,next_open
20260816_083342_eeb277,2020-05-07,002039.SZ,buy,2100,36.650868,76966.8228,76.889933,19.241706,0.0,huang529_signal,,next_open
20260816_083342_eeb277,2020-05-07,600153.SH,buy,500,130.094685,65047.3425,64.98236,16.261836,0.0,huang529_signal,,next_open
20260816_083342_eeb277,2020-05-07,601200.SH,buy,4500,17.23983,77579.235,77.501732,19.394809,0.0,huang529_signal,,next_open
20260816_083342_eeb277,2020-05-07,002225.SZ,buy,9500,8.140881,77338.3695,77.261106,19.334592,0.0,huang529_signal,,next_open
20260816_083342_eeb277,2020-05-07,000544.SZ,buy,3100,24.588047,76222.9457,76.1468,19.055736,0.0,huang529_signal,,next_open
20260816_083342_eeb277,2020-05-07,600326.SH,buy,1200,60.617357,72740.8284,72.66816,18.185207,0.0,huang529_signal,,next_open
20260816_083342_eeb277,2020-05-07,600760.SH,buy,400,170.415854,68166.3416,68.098243,17.041585,0.0,huang529_signal,,next_open
20260816_083342_eeb277,2020-05-08,600859.SH,buy,1200,62.94025,75528.3,75.452848,18.882075,0.0,huang529_signal,,next_open
20260816_083342_eeb277,2020-05-13,002039.SZ,sell,2100,37.015987,77733.5727,77.811384,19.433393,38.866786,market_gate,confirm,next_open
20260816_083342_eeb277,2020-05-13,600153.SH,sell,500,133.191235,66595.6175,66.66228,16.648904,33.297809,market_gate,confirm,next_open
20260816_083342_eeb277,2020-05-13,601200.SH,sell,4500,16.746049,75357.2205,75.432654,18.839305,37.67861,market_gate,confirm,next_open
20260816_083342_eeb277,2020-05-13,002225.SZ,sell,9500,7.850135,74576.2825,74.650934,18.644071,37.288141,market_gate,confirm,next_open
20260816_083342_eeb277,2020-05-13,000544.SZ,sell,3100,23.592516,73136.7996,73.210009,18.2842,36.5684,market_gate,confirm,next_open
20260816_083342_eeb277,2020-05-13,600326.SH,sell,1200,58.108234,69729.8808,69.79968,17.43247,34.86494,market_gate,confirm,next_open
20260816_083342_eeb277,2020-05-13,600760.SH,sell,400,168.948386,67579.3544,67.647002,16.894839,33.789677,market_gate,confirm,next_open
20260816_083342_eeb277,2020-05-13,600859.SH,sell,1200,65.930384,79116.4608,79.195656,19.779115,39.55823,market_gate,confirm,next_open
20260816_083342_eeb277,2020-05-14,002293.SZ,buy,1100,64.217152,70638.8672,70.568299,17.659717,0.0,huang529_signal,,next_open
20260816_083342_eeb277,2020-05-14,000729.SZ,buy,1400,51.314601,71840.4414,71.768673,17.96011,0.0,huang529_signal,,next_open
20260816_083342_eeb277,2020-05-14,603685.SH,buy,3200,23.76949,76062.368,75.986381,19.015592,0.0,huang529_signal,,next_open
20260816_083342_eeb277,2020-05-14,002327.SZ,buy,1000,72.689321,72689.321,72.616704,18.17233,0.0,huang529_signal,,next_open
20260816_083342_eeb277,2020-05-14,600132.SH,buy,200,314.632845,62926.569,62.863705,15.731642,0.0,huang529_signal,,next_open
20260816_083342_eeb277,2020-05-14,603855.SH,buy,5900,12.954061,76428.9599,76.352608,19.10724,0.0,huang529_signal,,next_open
20260816_083342_eeb277,2020-05-14,002283.SZ,buy,4200,18.304686,76879.6812,76.80288,19.21992,0.0,huang529_signal,,next_open
20260816_083342_eeb277,2020-05-14,000333.SZ,buy,200,260.897937,52179.5874,52.12746,13.044897,0.0,huang529_signal,,next_open
20260816_083342_eeb277,2020-05-25,002293.SZ,sell,1100,63.692828,70062.1108,70.132244,17.515528,35.031055,market_gate,confirm,next_open
20260816_083342_eeb277,2020-05-25,000729.SZ,sell,1400,48.38491,67738.874,67.80668,16.934718,33.869437,market_gate,confirm,next_open
20260816_083342_eeb277,2020-05-25,603685.SH,sell,3200,24.450305,78240.976,78.319296,19.560244,39.120488,market_gate,confirm,next_open
20260816_083342_eeb277,2020-05-25,002327.SZ,sell,1000,69.993709,69993.709,70.063773,17.498427,34.996855,market_gate,confirm,next_open
20260816_083342_eeb277,2020-05-25,600132.SH,sell,200,317.184133,63436.8266,63.500327,15.859207,31.718413,market_gate,confirm,next_open
20260816_083342_eeb277,2020-05-25,603855.SH,sell,5900,13.823543,81558.9037,81.640542,20.389726,40.779452,market_gate,confirm,next_open
20260816_083342_eeb277,2020-05-25,002283.SZ,sell,4200,17.728374,74459.1708,74.533704,18.614793,37.229585,market_gate,confirm,next_open
20260816_083342_eeb277,2020-05-25,000333.SZ,sell,200,262.85644,52571.288,52.623912,13.142822,26.285644,market_gate,confirm,next_open
20260816_083342_eeb277,2020-05-27,600993.SH,buy,300,205.406411,61621.9233,61.560363,15.405481,0.0,huang529_signal,,next_open
20260816_083342_eeb277,2020-05-27,603908.SH,buy,2900,25.981415,75346.1035,75.270834,18.836526,0.0,huang529_signal,,next_open
20260816_083342_eeb277,2020-05-27,603166.SH,buy,7400,10.249984,75849.8816,75.774106,18.96247,0.0,huang529_signal,,next_open
20260816_083342_eeb277,2020-05-27,300257.SZ,buy,1000,70.062825,70062.825,69.992832,17.515706,0.0,huang529_signal,,next_open
20260816_083342_eeb277,2020-05-27,603043.SH,buy,2200,33.4976,73694.72,73.621099,18.42368,0.0,huang529_signal,,next_open
20260816_083342_eeb277,2020-05-27,000541.SZ,buy,400,171.28931,68515.724,68.447277,17.128931,0.0,huang529_signal,,next_open
20260816_083342_eeb277,2020-05-28,600917.SH,buy,10000,7.766303,77663.03,77.58544,19.415758,0.0,huang529_signal,,next_open
20260816_083342_eeb277,2020-05-28,002294.SZ,buy,300,227.430948,68229.2844,68.161123,17.057321,0.0,huang529_signal,,next_open
20260816_083342_eeb277,2020-06-04,603166.SH,sell,7400,8.937497,66137.4778,66.203678,16.534369,33.068739,stop_loss,confirm,next_open
20260816_083342_eeb277,2020-06-04,600900.SH,buy,700,55.952376,39166.6632,39.127536,9.791666,0.0,huang529_signal,,next_open
20260816_083342_eeb277,2020-06-24,600993.SH,sell,300,240.328281,72098.4843,72.170655,18.024621,36.049242,holding_expired,confirm,next_open
20260816_083342_eeb277,2020-06-24,603908.SH,sell,2900,28.605241,82955.1989,83.038237,20.7388,41.477599,holding_expired,confirm,next_open
20260816_083342_eeb277,2020-06-24,300257.SZ,sell,1000,85.482592,85482.592,85.56816,21.370648,42.741296,holding_expired,confirm,next_open
20260816_083342_eeb277,2020-06-24,603043.SH,sell,2200,32.563744,71640.2368,71.711948,17.910059,35.820118,holding_expired,confirm,next_open
20260816_083342_eeb277,2020-06-24,000541.SZ,sell,400,153.762588,61505.0352,61.566602,15.376259,30.752518,holding_expired,confirm,next_open
20260816_083342_eeb277,2020-06-24,002558.SZ,buy,900,75.659222,68093.2998,68.025274,17.023325,0.0,huang529_signal,,next_open
20260816_083342_eeb277,2020-06-29,600917.SH,sell,10000,7.707135,77071.35,77.1485,19.267838,38.535675,holding_expired,confirm,next_open
20260816_083342_eeb277,2020-06-29,002294.SZ,sell,300,304.502585,91350.7755,91.442218,22.837694,45.675388,holding_expired,confirm,next_open
20260816_083342_eeb277,2020-06-29,600642.SH,buy,1300,53.550399,69615.5187,69.545973,17.40388,0.0,huang529_signal,,next_open
20260816_083342_eeb277,2020-06-29,002701.SZ,buy,2000,37.106297,74212.594,74.138456,18.553148,0.0,huang529_signal,,next_open
20260816_083342_eeb277,2020-06-29,002039.SZ,buy,1800,41.504958,74708.9244,74.634291,18.677231,0.0,huang529_signal,,next_open
20260816_083342_eeb277,2020-06-29,601877.SH,buy,1500,47.216324,70824.486,70.753733,17.706122,0.0,huang529_signal,,next_open
20260816_083342_eeb277,2020-06-30,600025.SH,buy,19300,4.200849,81076.3857,80.995384,20.269096,0.0,huang529_signal,,next_open
20260816_083342_eeb277,2020-06-30,603757.SH,buy,2500,32.448944,81122.36,81.041317,20.28059,0.0,huang529_signal,,next_open
20260816_083342_eeb277,2020-07-06,600900.SH,sell,700,58.884756,41219.3292,41.26059,10.304832,20.609665,holding_expired,confirm,next_open
20260816_083342_eeb277,2020-07-06,601988.SH,buy,12600,6.581507,82926.9882,82.844143,20.731747,0.0,huang529_signal,,next_open
20260816_083342_eeb277,2020-07-24,002558.SZ,sell,900,89.532768,80579.4912,80.660151,20.144873,40.289746,holding_expired,confirm,next_open
20260816_083342_eeb277,2020-07-24,002598.SZ,buy,3000,16.173439,48520.317,48.471846,12.130079,0.0,huang529_signal,,next_open
20260816_083342_eeb277,2020-07-27,600642.SH,sell,1300,52.380367,68094.4771,68.16264,17.023619,34.047239,holding_expired,confirm,next_open
20260816_083342_eeb277,2020-07-27,002701.SZ,sell,2000,45.640118,91280.236,91.371608,22.820059,45.640118,holding_expired,confirm,next_open
20260816_083342_eeb277,2020-07-27,002039.SZ,sell,1800,39.307393,70753.3074,70.824132,17.688327,35.376654,holding_expired,confirm,next_open
20260816_083342_eeb277,2020-07-27,601877.SH,sell,1500,50.013686,75020.529,75.095625,18.755132,37.510264,holding_expired,confirm,next_open
20260816_083342_eeb277,2020-07-27,000537.SZ,buy,400,50.740638,20296.2552,20.275979,5.074064,0.0,huang529_signal,,next_open
20260816_083342_eeb277,2020-07-27,603789.SH,buy,1000,20.071758,20071.758,20.051706,5.01794,0.0,huang529_signal,,next_open
20260816_083342_eeb277,2020-07-27,300733.SZ,buy,1800,11.104854,19988.7372,19.968768,4.997184,0.0,huang529_signal,,next_open
20260816_083342_eeb277,2020-07-27,603586.SH,buy,1000,18.600126,18600.126,18.581544,4.650031,0.0,huang529_signal,,next_open
20260816_083342_eeb277,2020-07-28,600025.SH,sell,19300,4.15953,80278.929,80.359294,20.069732,40.139465,holding_expired,confirm,next_open
20260816_083342_eeb277,2020-07-28,603757.SH,sell,2500,35.968356,89920.89,90.0109,22.480222,44.960445,holding_expired,confirm,next_open
20260816_083342_eeb277,2020-07-28,002574.SZ,buy,6700,12.567615,84203.0205,84.118902,21.050755,0.0,huang529_signal,,next_open
20260816_083342_eeb277,2020-07-28,600420.SH,buy,800,99.274335,79419.468,79.340128,19.854867,0.0,huang529_signal,,next_open
20260816_083342_eeb277,2020-08-03,601988.SH,sell,12600,6.356004,80085.6504,80.165812,20.021413,40.042825,holding_expired,confirm,next_open
20260816_083342_eeb277,2020-08-03,600202.SH,buy,3700,22.943597,84891.3089,84.806501,21.222827,0.0,huang529_signal,,next_open
20260816_083342_eeb277,2020-08-21,002598.SZ,sell,3000,17.237863,51713.589,51.765354,12.928397,25.856794,holding_expired,confirm,next_open
20260816_083342_eeb277,2020-08-21,600398.SH,buy,1500,57.189957,85784.9355,85.699236,21.446234,0.0,huang529_signal,,next_open
20260816_083342_eeb277,2020-08-24,000537.SZ,sell,400,46.486467,18594.5868,18.6132,4.648647,9.297293,holding_expired,confirm,next_open
20260816_083342_eeb277,2020-08-24,603789.SH,sell,1000,18.711176,18711.176,18.729906,4.677794,9.355588,holding_expired,confirm,next_open
20260816_083342_eeb277,2020-08-24,300733.SZ,sell,1800,15.577303,28039.1454,28.067213,7.009786,14.019573,holding_expired,confirm,next_open
20260816_083342_eeb277,2020-08-24,603586.SH,sell,1000,20.447092,20447.092,20.46756,5.111773,10.223546,holding_expired,confirm,next_open
20260816_083342_eeb277,2020-08-24,600917.SH,buy,10500,8.241003,86530.5315,86.444085,21.632633,0.0,huang529_signal,,next_open
20260816_083342_eeb277,2020-08-24,600817.SH,buy,1700,50.016674,85028.3458,84.943402,21.257086,0.0,huang529_signal,,next_open
20260816_083342_eeb277,2020-08-24,300172.SZ,buy,2800,30.835315,86338.882,86.252628,21.58472,0.0,huang529_signal,,next_open
20260816_083342_eeb277,2020-08-25,002574.SZ,sell,6700,12.028659,80592.0153,80.67269,20.148004,40.296008,holding_expired,confirm,next_open
20260816_083342_eeb277,2020-08-25,600420.SH,sell,800,95.237247,76189.7976,76.266064,19.047449,38.094899,holding_expired,confirm,next_open
20260816_083342_eeb277,2020-08-25,600582.SH,buy,400,126.324046,50529.6184,50.479139,12.632405,0.0,huang529_signal,,next_open
20260816_083342_eeb277,2020-08-25,300425.SZ,buy,1100,43.091867,47401.0537,47.3537,11.850263,0.0,huang529_signal,,next_open
20260816_083342_eeb277,2020-08-26,002722.SZ,buy,5600,15.19523,85093.288,85.00828,21.273322,0.0,huang529_signal,,next_open
20260816_083342_eeb277,2020-08-31,600202.SH,sell,3700,23.588844,87278.7228,87.366087,21.819681,43.639361,holding_expired,confirm,next_open
20260816_083342_eeb277,2020-08-31,600023.SH,buy,11500,6.583917,75715.0455,75.63941,18.928761,0.0,huang529_signal,,next_open
20260816_083342_eeb277,2020-09-11,002722.SZ,sell,5600,13.114998,73443.9888,73.517506,18.360997,36.721994,stop_loss,confirm,next_open
20260816_083342_eeb277,2020-09-11,002003.SZ,buy,800,104.232283,83385.8264,83.302524,20.846457,0.0,huang529_signal,,next_open
20260816_083342_eeb277,2020-09-18,600398.SH,sell,1500,55.245275,82867.9125,82.950864,20.716978,41.433956,holding_expired,confirm,next_open
20260816_083342_eeb277,2020-09-21,600917.SH,sell,10500,8.149083,85565.3715,85.65102,21.391343,42.782686,holding_expired,confirm,next_open
20260816_083342_eeb277,2020-09-21,600817.SH,sell,1700,54.868267,93276.0539,93.369423,23.319013,46.638027,holding_expired,confirm,next_open
20260816_083342_eeb277,2020-09-21,300172.SZ,sell,2800,39.789861,111411.6108,111.523135,27.852903,55.705805,holding_expired,confirm,next_open
20260816_083342_eeb277,2020-09-21,000528.SZ,buy,500,93.702851,46851.4255,46.804621,11.712856,0.0,huang529_signal,,next_open
20260816_083342_eeb277,2020-09-21,600054.SH,buy,1200,44.410688,53292.8256,53.239586,13.323206,0.0,huang529_signal,,next_open
20260816_083342_eeb277,2020-09-21,601225.SH,buy,4900,10.891953,53370.5697,53.317253,13.342642,0.0,huang529_signal,,next_open
20260816_083342_eeb277,2020-09-22,600582.SH,sell,400,123.413513,49365.4052,49.41482,12.341351,24.682703,holding_expired,confirm,next_open
20260816_083342_eeb277,2020-09-22,300425.SZ,sell,1100,44.900659,49390.7249,49.440165,12.347681,24.695362,holding_expired,confirm,next_open
20260816_083342_eeb277,2020-09-22,000548.SZ,buy,5200,16.882632,87789.6864,87.701983,21.947422,0.0,huang529_signal,,next_open
20260816_083342_eeb277,2020-09-22,600817.SH,buy,1600,53.637184,85819.4944,85.73376,21.454874,0.0,huang529_signal,,next_open
20260816_083342_eeb277,2020-09-23,600385.SH,buy,5200,16.66625,86664.5,86.57792,21.666125,0.0,huang529_signal,,next_open
20260816_083342_eeb277,2020-09-28,600023.SH,sell,11500,6.263558,72030.917,72.103022,18.007729,36.015459,holding_expired,confirm,next_open
20260816_083342_eeb277,2020-09-29,002132.SZ,buy,4000,20.714117,82856.468,82.773696,20.714117,0.0,huang529_signal,,next_open
20260816_083342_eeb277,2020-10-15,600054.SH,sell,1200,38.610135,46332.162,46.378541,11.58304,23.166081,stop_loss,confirm,next_open
20260816_083342_eeb277,2020-10-15,603028.SH,buy,6400,13.897258,88942.4512,88.8536,22.235613,0.0,huang529_signal,,next_open
20260816_083342_eeb277,2020-10-19,002003.SZ,sell,800,105.636802,84509.4416,84.594036,21.12736,42.254721,holding_expired,confirm,next_open
20260816_083342_eeb277,2020-10-19,601166.SH,buy,1000,77.497565,77497.565,77.420145,19.374391,0.0,huang529_signal,,next_open
20260816_083342_eeb277,2020-10-22,000548.SZ,sell,5200,14.764864,76777.2928,76.854149,19.194323,38.388646,stop_loss,confirm,next_open
20260816_083342_eeb277,2020-10-22,600104.SH,buy,400,207.498892,82999.5568,82.91664,20.749889,0.0,huang529_signal,,next_open
20260816_083342_eeb277,2020-10-27,000528.SZ,sell,500,83.098998,41549.499,41.59109,10.387375,20.77475,holding_expired,confirm,next_open
20260816_083342_eeb277,2020-10-27,601225.SH,sell,4900,10.524538,51570.2362,51.621858,12.892559,25.785118,holding_expired,confirm,next_open
20260816_083342_eeb277,2020-10-28,600817.SH,sell,1600,51.745683,82793.0928,82.875968,20.698273,41.396546,holding_expired,confirm,next_open
20260816_083342_eeb277,2020-10-29,600385.SH,sell,5200,15.472512,80457.0624,80.5376,20.114266,40.228531,holding_expired,confirm,next_open
20260816_083342_eeb277,2020-10-30,000883.SZ,buy,3800,22.141317,84137.0046,84.052952,21.034251,0.0,huang529_signal,,next_open
20260816_083342_eeb277,2020-10-30,600019.SH,buy,5900,14.243049,84033.9891,83.950038,21.008497,0.0,huang529_signal,,next_open
20260816_083342_eeb277,2020-10-30,601939.SH,buy,7200,11.609844,83590.8768,83.507371,20.897719,0.0,huang529_signal,,next_open
20260816_083342_eeb277,2020-11-03,600507.SH,buy,700,118.448498,82913.9486,82.831118,20.728487,0.0,huang529_signal,,next_open
20260816_083342_eeb277,2020-11-04,002132.SZ,sell,4000,21.490296,85961.184,86.047232,21.490296,42.980592,holding_expired,confirm,next_open
20260816_083342_eeb277,2020-11-06,600012.SH,buy,6700,13.003737,87125.0379,87.037998,21.781259,0.0,huang529_signal,,next_open
20260816_083342_eeb277,2020-11-12,603028.SH,sell,6400,12.396804,79339.5456,79.418963,19.834886,39.669773,holding_expired,confirm,next_open
20260816_083342_eeb277,2020-11-12,600319.SH,buy,300,7.261256,2178.3768,2.176201,0.544594,0.0,huang529_signal,,next_open
20260816_083342_eeb277,2020-11-16,601166.SH,sell,1000,76.954934,76954.934,77.031966,19.238733,38.477467,holding_expired,confirm,next_open
20260816_083342_eeb277,2020-11-16,000635.SZ,buy,2100,36.831555,77346.2655,77.268996,19.336566,0.0,huang529_signal,,next_open
20260816_083342_eeb277,2020-11-19,600104.SH,sell,400,253.751195,101500.478,101.60208,25.37512,50.750239,holding_expired,confirm,next_open
20260816_083342_eeb277,2020-11-19,600897.SH,buy,800,95.973688,76778.9504,76.702248,19.194738,0.0,huang529_signal,,next_open
20260816_083342_eeb277,2020-11-27,000883.SZ,sell,3800,22.312136,84786.1168,84.870986,21.196529,42.393058,holding_expired,confirm,next_open
20260816_083342_eeb277,2020-11-27,600019.SH,sell,5900,16.497226,97333.6334,97.431066,24.333408,48.666817,holding_expired,confirm,next_open
20260816_083342_eeb277,2020-11-27,601939.SH,sell,7200,12.455184,89677.3248,89.767094,22.419331,44.838662,holding_expired,confirm,next_open
20260816_083342_eeb277,2020-11-27,600025.SH,buy,7000,4.871665,34101.655,34.067586,8.525414,0.0,huang529_signal,,next_open
20260816_083342_eeb277,2020-11-27,000966.SZ,buy,2000,16.514098,33028.196,32.9952,8.257049,0.0,huang529_signal,,next_open
20260816_083342_eeb277,2020-11-27,601318.SH,buy,100,221.599628,22159.9628,22.137825,5.539991,0.0,huang529_signal,,next_open
20260816_083342_eeb277,2020-12-01,600507.SH,sell,700,137.695247,96386.6729,96.483156,24.096668,48.193336,holding_expired,confirm,next_open
20260816_083342_eeb277,2020-12-01,601988.SH,buy,14200,6.273388,89082.1096,88.993118,22.270527,0.0,huang529_signal,,next_open
20260816_083342_eeb277,2020-12-04,600012.SH,sell,6700,15.10948,101233.516,101.334854,25.308379,50.616758,holding_expired,confirm,next_open
20260816_083342_eeb277,2020-12-04,601997.SH,buy,6600,13.565692,89533.5672,89.444124,22.383392,0.0,huang529_signal,,next_open
20260816_083342_eeb277,2020-12-10,600319.SH,sell,300,6.967462,2090.2386,2.092331,0.52256,1.045119,holding_expired,confirm,next_open
20260816_083342_eeb277,2020-12-11,000919.SZ,buy,3200,27.189297,87005.7504,86.918832,21.751438,0.0,huang529_signal,,next_open
20260816_083342_eeb277,2020-12-14,000635.SZ,sell,2100,38.045532,79895.6172,79.975594,19.973904,39.947809,holding_expired,confirm,next_open
20260816_083342_eeb277,2020-12-14,000966.SZ,sell,2000,14.401344,28802.688,28.83152,7.200672,14.401344,stop_loss,confirm,next_open
20260816_083342_eeb277,2020-12-14,600249.SH,buy,3800,22.911755,87064.669,86.977691,21.766167,0.0,huang529_signal,,next_open
20260816_083342_eeb277,2020-12-15,600098.SH,buy,2500,34.259605,85649.0125,85.56345,21.412253,0.0,huang529_signal,,next_open
20260816_083342_eeb277,2020-12-17,600897.SH,sell,800,86.7612,69408.96,69.478438,17.35224,34.70448,holding_expired,confirm,next_open
20260816_083342_eeb277,2020-12-17,000631.SZ,buy,1600,56.473232,90357.1712,90.266904,22.589293,0.0,huang529_signal,,next_open
20260816_083342_eeb277,2020-12-25,600025.SH,sell,7000,4.905831,34340.817,34.375194,8.585204,17.170409,holding_expired,confirm,next_open
20260816_083342_eeb277,2020-12-25,601318.SH,sell,100,206.577815,20657.7815,20.67846,5.164445,10.328891,holding_expired,confirm,next_open
20260816_083342_eeb277,2020-12-25,002608.SZ,buy,3500,18.823294,65881.529,65.815715,16.470382,0.0,huang529_signal,,next_open
20260816_083342_eeb277,2020-12-25,300616.SZ,buy,400,144.710871,57884.3484,57.826522,14.471087,0.0,huang529_signal,,next_open
20260816_083342_eeb277,2020-12-29,601988.SH,sell,14200,6.032494,85661.4148,85.747169,21.415354,42.830707,holding_expired,confirm,next_open
20260816_083342_eeb277,2021-01-04,601997.SH,sell,6600,12.469338,82297.6308,82.380012,20.574408,41.148815,holding_expired,confirm,next_open
20260816_083342_eeb277,2021-01-04,000965.SZ,buy,7800,9.663614,75376.1892,75.300888,18.844047,0.0,huang529_signal,,next_open
20260816_083342_eeb277,2021-01-08,600249.SH,sell,3800,19.777323,75153.8274,75.229056,18.788457,37.576914,stop_loss,confirm,next_open
20260816_083342_eeb277,2021-01-08,000825.SZ,buy,2800,27.680253,77504.7084,77.42728,19.376177,0.0,huang529_signal,,next_open
20260816_083342_eeb277,2021-01-08,002032.SZ,buy,100,676.476731,67647.6731,67.580093,16.911918,0.0,huang529_signal,,next_open
20260816_083342_eeb277,2021-01-11,000919.SZ,sell,3200,26.984039,86348.9248,86.43536,21.587231,43.174462,holding_expired,confirm,next_open
20260816_083342_eeb277,2021-01-11,002860.SZ,buy,2000,41.284723,82569.446,82.48696,20.642361,0.0,huang529_signal,,next_open
20260816_083342_eeb277,2021-01-13,600098.SH,sell,2500,35.007807,87519.5175,87.607125,21.879879,43.759759,holding_expired,confirm,next_open
20260816_083342_eeb277,2021-01-13,600030.SH,buy,400,177.773005,71109.202,71.038164,17.777301,0.0,huang529_signal,,next_open
20260816_083342_eeb277,2021-01-14,000965.SZ,sell,7800,8.480121,66144.9438,66.211158,16.536236,33.072472,stop_loss,confirm,next_open
20260816_083342_eeb277,2021-01-14,600522.SH,buy,800,100.707106,80565.6848,80.4852,20.141421,0.0,huang529_signal,,next_open
20260816_083342_eeb277,2021-01-15,000631.SZ,sell,1600,52.602745,84164.392,84.24864,21.041098,42.082196,holding_expired,confirm,next_open
20260816_083342_eeb277,2021-01-15,601390.SH,buy,11600,7.243156,84020.6096,83.936672,21.005152,0.0,huang529_signal,,next_open
20260816_083342_eeb277,2021-01-25,002608.SZ,sell,3500,17.117186,59910.151,59.97012,14.977538,29.955075,holding_expired,confirm,next_open
20260816_083342_eeb277,2021-01-25,300616.SZ,sell,400,148.523328,59409.3312,59.4688,14.852333,29.704666,holding_expired,confirm,next_open
20260816_083342_eeb277,2021-01-25,600998.SH,buy,2300,19.97031,45931.713,45.885828,11.482928,0.0,huang529_signal,,next_open
20260816_083342_eeb277,2021-01-25,002521.SZ,buy,2200,20.367948,44809.4856,44.76472,11.202371,0.0,huang529_signal,,next_open
20260816_083342_eeb277,2021-01-29,600522.SH,sell,800,88.716595,70973.276,71.04432,17.743319,35.486638,stop_loss,confirm,next_open
20260816_083342_eeb277,2021-01-29,601390.SH,sell,11600,6.366987,73857.0492,73.930976,18.464262,36.928525,stop_loss,confirm,next_open
20260816_083342_eeb277,2021-01-29,002376.SZ,buy,1300,46.664418,60663.7434,60.60314,15.165936,0.0,huang529_signal,,next_open
20260816_083342_eeb277,2021-01-29,600674.SH,buy,200,215.500986,43100.1972,43.05714,10.775049,0.0,huang529_signal,,next_open
20260816_083342_eeb277,2021-02-01,000825.SZ,sell,2800,25.952911,72668.1508,72.740892,18.167038,36.334075,market_gate,confirm,next_open
20260816_083342_eeb277,2021-02-01,002032.SZ,sell,100,665.959774,66595.9774,66.66264,16.648994,33.297989,market_gate,confirm,next_open
20260816_083342_eeb277,2021-02-01,002860.SZ,sell,2000,40.184575,80369.15,80.4496,20.092287,40.184575,market_gate,confirm,next_open
20260816_083342_eeb277,2021-02-01,600030.SH,sell,400,158.502149,63400.8596,63.464324,15.850215,31.70043,market_gate,confirm,next_open
20260816_083342_eeb277,2021-02-01,600998.SH,sell,2300,19.712648,45339.0904,45.384474,11.334773,22.669545,market_gate,confirm,next_open
20260816_083342_eeb277,2021-02-01,002521.SZ,sell,2200,19.685695,43308.529,43.35188,10.827132,21.654265,market_gate,confirm,next_open
20260816_083342_eeb277,2021-02-01,002376.SZ,sell,1300,45.712102,59425.7326,59.485218,14.856433,29.712866,market_gate,confirm,next_open
20260816_083342_eeb277,2021-02-01,600674.SH,sell,200,217.250852,43450.1704,43.493664,10.862543,21.725085,market_gate,confirm,next_open
20260816_083342_eeb277,2021-02-02,600674.SH,buy,300,220.267828,66080.3484,66.014334,16.520087,0.0,huang529_signal,,next_open
20260816_083342_eeb277,2021-02-02,603300.SH,buy,4200,18.536418,77852.9556,77.77518,19.463239,0.0,huang529_signal,,next_open
20260816_083342_eeb277,2021-02-02,300441.SZ,buy,1100,66.973697,73671.0667,73.597469,18.417767,0.0,huang529_signal,,next_open
20260816_083342_eeb277,2021-02-02,000690.SZ,buy,200,335.612938,67122.5876,67.055532,16.780647,0.0,huang529_signal,,next_open
20260816_083342_eeb277,2021-02-02,600054.SH,buy,1900,40.815174,77548.8306,77.47136,19.387208,0.0,huang529_signal,,next_open
20260816_083342_eeb277,2021-02-02,002739.SZ,buy,1100,69.320451,76252.4961,76.17632,19.063124,0.0,huang529_signal,,next_open
20260816_083342_eeb277,2021-02-02,002376.SZ,buy,1700,44.625681,75863.6577,75.78787,18.965914,0.0,huang529_signal,,next_open
20260816_083342_eeb277,2021-02-02,600538.SH,buy,3900,20.207287,78808.4193,78.72969,19.702105,0.0,huang529_signal,,next_open
20260816_083342_eeb277,2021-02-04,000690.SZ,sell,200,282.302515,56460.503,56.51702,14.115126,28.230251,stop_loss,confirm,next_open
20260816_083342_eeb277,2021-02-05,600674.SH,sell,300,209.52021,62856.063,62.918982,15.714016,31.428032,market_gate,confirm,next_open
20260816_083342_eeb277,2021-02-05,603300.SH,sell,4200,18.527454,77815.3068,77.8932,19.453827,38.907653,market_gate,confirm,next_open
20260816_083342_eeb277,2021-02-05,300441.SZ,sell,1100,66.044959,72649.4549,72.722177,18.162364,36.324727,market_gate,confirm,next_open
20260816_083342_eeb277,2021-02-05,600054.SH,sell,1900,40.467972,76889.1468,76.966112,19.222287,38.444573,market_gate,confirm,next_open
20260816_083342_eeb277,2021-02-05,002739.SZ,sell,1100,66.722011,73394.2121,73.46768,18.348553,36.697106,market_gate,confirm,next_open
20260816_083342_eeb277,2021-02-05,002376.SZ,sell,1700,43.49658,73944.186,74.018204,18.486047,36.972093,market_gate,confirm,next_open
20260816_083342_eeb277,2021-02-05,600538.SH,sell,3900,20.074545,78290.7255,78.369096,19.572681,39.145363,market_gate,confirm,next_open
20260816_083342_eeb277,2021-02-10,002254.SZ,buy,700,107.440313,75208.2191,75.133086,18.802055,0.0,huang529_signal,,next_open
20260816_083342_eeb277,2021-02-10,601229.SH,buy,3300,23.162139,76435.0587,76.3587,19.108765,0.0,huang529_signal,,next_open
20260816_083342_eeb277,2021-02-10,600000.SH,buy,500,143.185062,71592.531,71.52101,17.898133,0.0,huang529_signal,,next_open
20260816_083342_eeb277,2021-02-10,002142.SZ,buy,800,89.603164,71682.5312,71.61092,17.920633,0.0,huang529_signal,,next_open
20260816_083342_eeb277,2021-02-10,600674.SH,buy,300,214.90513,64471.539,64.407132,16.117885,0.0,huang529_signal,,next_open
20260816_083342_eeb277,2021-02-10,603300.SH,buy,4100,18.705186,76691.2626,76.61465,19.172816,0.0,huang529_signal,,next_open
20260816_083342_eeb277,2021-02-10,300441.SZ,buy,1100,67.040073,73744.0803,73.67041,18.43602,0.0,huang529_signal,,next_open
20260816_083342_eeb277,2021-02-10,000690.SZ,buy,300,246.711665,74013.4995,73.93956,18.503375,0.0,huang529_signal,,next_open
20260816_083342_eeb277,2021-02-25,002254.SZ,sell,700,119.827073,83878.9511,83.962914,20.969738,41.939476,market_gate,confirm,next_open
20260816_083342_eeb277,2021-02-25,601229.SH,sell,3300,22.980996,75837.2868,75.9132,18.959322,37.918643,market_gate,confirm,next_open
20260816_083342_eeb277,2021-02-25,600000.SH,sell,500,142.765052,71382.526,71.45398,17.845631,35.691263,market_gate,confirm,next_open
20260816_083342_eeb277,2021-02-25,002142.SZ,sell,800,87.128534,69702.8272,69.7726,17.425707,34.851414,market_gate,confirm,next_open
20260816_083342_eeb277,2021-02-25,600674.SH,sell,300,208.727324,62618.1972,62.680878,15.654549,31.309099,market_gate,confirm,next_open
20260816_083342_eeb277,2021-02-25,603300.SH,sell,4100,19.874905,81487.1105,81.56868,20.371778,40.743555,market_gate,confirm,next_open
20260816_083342_eeb277,2021-02-25,300441.SZ,sell,1100,68.495975,75345.5725,75.420994,18.836393,37.672786,market_gate,confirm,next_open
20260816_083342_eeb277,2021-02-25,000690.SZ,sell,300,264.472882,79341.8646,79.421286,19.835466,39.670932,market_gate,confirm,next_open
20260816_083342_eeb277,2021-06-01,600479.SH,buy,600,122.479557,73487.7342,73.41432,18.371934,0.0,huang529_signal,,next_open
20260816_083342_eeb277,2021-06-01,000973.SZ,buy,4600,16.849172,77506.1912,77.428764,19.376548,0.0,huang529_signal,,next_open
20260816_083342_eeb277,2021-06-01,002462.SZ,buy,3200,24.262418,77639.7376,77.562176,19.409934,0.0,huang529_signal,,next_open
20260816_083342_eeb277,2021-06-01,600755.SH,buy,400,159.245546,63698.2184,63.634584,15.924555,0.0,huang529_signal,,next_open
20260816_083342_eeb277,2021-06-01,600663.SH,buy,500,154.680126,77340.063,77.2628,19.335016,0.0,huang529_signal,,next_open
20260816_083342_eeb277,2021-06-01,601010.SH,buy,5000,15.497612,77488.06,77.41065,19.372015,0.0,huang529_signal,,next_open
20260816_083342_eeb277,2021-06-01,300305.SZ,buy,1800,43.024872,77444.7696,77.367402,19.361192,0.0,huang529_signal,,next_open
20260816_083342_eeb277,2021-06-01,601211.SH,buy,3900,20.035536,78138.5904,78.060528,19.534648,0.0,huang529_signal,,next_open
20260816_083342_eeb277,2021-06-17,600479.SH,sell,600,119.620859,71772.5154,71.84436,17.943129,35.886258,market_gate,confirm,next_open
20260816_083342_eeb277,2021-06-17,000973.SZ,sell,4600,16.201243,74525.7178,74.600316,18.631429,37.262859,market_gate,confirm,next_open
20260816_083342_eeb277,2021-06-17,002462.SZ,sell,3200,22.914982,73327.9424,73.401344,18.331986,36.663971,market_gate,confirm,next_open
20260816_083342_eeb277,2021-06-17,600755.SH,sell,400,167.990871,67196.3484,67.263612,16.799087,33.598174,market_gate,confirm,next_open
20260816_083342_eeb277,2021-06-17,600663.SH,sell,500,181.535083,90767.5415,90.8584,22.691885,45.383771,market_gate,confirm,next_open
20260816_083342_eeb277,2021-06-17,601010.SH,sell,5000,15.178776,75893.88,75.96985,18.97347,37.94694,market_gate,confirm,next_open
20260816_083342_eeb277,2021-06-17,300305.SZ,sell,1800,42.274703,76094.4654,76.170636,19.023616,38.047233,market_gate,confirm,next_open
20260816_083342_eeb277,2021-06-17,601211.SH,sell,3900,18.937184,73855.0176,73.928946,18.463754,36.927509,market_gate,confirm,next_open
20260816_083342_eeb277,2021-06-21,000631.SZ,buy,1300,57.907149,75279.2937,75.20409,18.819823,0.0,huang529_signal,,next_open
20260816_083342_eeb277,2021-06-21,002550.SZ,buy,1800,42.469147,76444.4646,76.368096,19.111116,0.0,huang529_signal,,next_open
20260816_083342_eeb277,2021-06-21,603766.SH,buy,6900,11.366655,78429.9195,78.35157,19.60748,0.0,huang529_signal,,next_open
20260816_083342_eeb277,2021-06-21,300585.SZ,buy,2900,26.972766,78221.0214,78.142878,19.555255,0.0,huang529_signal,,next_open
20260816_083342_eeb277,2021-06-21,600130.SH,buy,3500,22.397385,78390.8475,78.312535,19.597712,0.0,huang529_signal,,next_open
20260816_083342_eeb277,2021-06-21,600060.SH,buy,900,79.93001,71937.009,71.865144,17.984252,0.0,huang529_signal,,next_open
20260816_083342_eeb277,2021-06-21,002180.SZ,buy,500,137.041925,68520.9625,68.45251,17.130241,0.0,huang529_signal,,next_open
20260816_083342_eeb277,2021-06-21,600619.SH,buy,100,505.864359,50586.4359,50.5359,12.646609,0.0,huang529_signal,,next_open
20260816_083342_eeb277,2021-07-19,000631.SZ,sell,1300,55.465479,72105.1227,72.1773,18.026281,36.052561,holding_expired,confirm,next_open
20260816_083342_eeb277,2021-07-19,002550.SZ,sell,1800,40.225834,72406.5012,72.47898,18.101625,36.203251,holding_expired,confirm,next_open
20260816_083342_eeb277,2021-07-19,603766.SH,sell,6900,10.546803,72772.9407,72.845784,18.193235,36.38647,holding_expired,confirm,next_open
20260816_083342_eeb277,2021-07-19,300585.SZ,sell,2900,26.448765,76701.4185,76.778196,19.175355,38.350709,holding_expired,confirm,next_open
20260816_083342_eeb277,2021-07-19,600130.SH,sell,3500,20.725893,72540.6255,72.61324,18.135156,36.270313,holding_expired,confirm,next_open
20260816_083342_eeb277,2021-07-19,600060.SH,sell,900,92.602505,83342.2545,83.42568,20.835564,41.671127,holding_expired,confirm,next_open
20260816_083342_eeb277,2021-07-19,002180.SZ,sell,500,154.08576,77042.88,77.12,19.26072,38.52144,holding_expired,confirm,next_open
20260816_083342_eeb277,2021-07-19,600619.SH,sell,100,556.460902,55646.0902,55.701792,13.911523,27.823045,holding_expired,confirm,next_open
20260816_083342_eeb277,2021-07-19,002963.SZ,buy,3000,17.354938,52064.814,52.0128,13.016203,0.0,huang529_signal,,next_open
20260816_083342_eeb277,2021-07-20,600400.SH,buy,2000,38.375337,76750.674,76.674,19.187669,0.0,huang529_signal,,next_open
20260816_083342_eeb277,2021-07-20,002393.SZ,buy,3200,24.728083,79129.8656,79.050816,19.782466,0.0,huang529_signal,,next_open
20260816_083342_eeb277,2021-07-20,000099.SZ,buy,2900,27.326799,79247.7171,79.16855,19.811929,0.0,huang529_signal,,next_open
20260816_083342_eeb277,2021-07-20,300441.SZ,buy,1000,74.208715,74208.715,74.13458,18.552179,0.0,huang529_signal,,next_open
20260816_083342_eeb277,2021-07-20,002986.SZ,buy,1900,40.996095,77892.5805,77.814766,19.473145,0.0,huang529_signal,,next_open
20260816_083342_eeb277,2021-07-20,300107.SZ,buy,1400,55.343999,77481.5986,77.404194,19.3704,0.0,huang529_signal,,next_open
20260816_083342_eeb277,2021-07-20,002611.SZ,buy,2300,34.486612,79319.2076,79.239968,19.829802,0.0,huang529_signal,,next_open
20260816_083342_eeb277,2021-07-28,002963.SZ,sell,3000,16.685857,50057.571,50.10768,12.514393,25.028786,market_gate,confirm,next_open
20260816_083342_eeb277,2021-07-28,600400.SH,sell,2000,37.53269,75065.38,75.14052,18.766345,37.53269,market_gate,confirm,next_open
20260816_083342_eeb277,2021-07-28,002393.SZ,sell,3200,23.049837,73759.4784,73.833312,18.43987,36.879739,market_gate,confirm,next_open
20260816_083342_eeb277,2021-07-28,000099.SZ,sell,2900,28.155666,81651.4314,81.733165,20.412858,40.825716,market_gate,confirm,next_open
20260816_083342_eeb277,2021-07-28,300441.SZ,sell,1000,72.006891,72006.891,72.07897,18.001723,36.003446,market_gate,confirm,next_open
20260816_083342_eeb277,2021-07-28,002986.SZ,sell,1900,40.16977,76322.563,76.398962,19.080641,38.161282,market_gate,confirm,next_open
20260816_083342_eeb277,2021-07-28,300107.SZ,sell,1400,52.46698,73453.772,73.5273,18.363443,36.726886,market_gate,confirm,next_open
20260816_083342_eeb277,2021-07-28,002611.SZ,sell,2300,34.834051,80118.3173,80.198516,20.029579,40.059159,market_gate,confirm,next_open
20260816_083342_eeb277,2021-08-03,002790.SZ,buy,4700,16.488472,77495.8184,77.4184,19.373955,0.0,huang529_signal,,next_open
20260816_083342_eeb277,2021-08-03,600098.SH,buy,2100,35.852997,75291.2937,75.216078,18.822823,0.0,huang529_signal,,next_open
20260816_083342_eeb277,2021-08-03,002465.SZ,buy,1100,69.181072,76099.1792,76.023156,19.024795,0.0,huang529_signal,,next_open
20260816_083342_eeb277,2021-08-03,601869.SH,buy,2800,27.679071,77501.3988,77.423976,19.37535,0.0,huang529_signal,,next_open
20260816_083342_eeb277,2021-08-03,300284.SZ,buy,3200,23.830056,76256.1792,76.18,19.064045,0.0,huang529_signal,,next_open
20260816_083342_eeb277,2021-08-03,600523.SH,buy,2400,31.14111,74738.664,74.664,18.684666,0.0,huang529_signal,,next_open
20260816_083342_eeb277,2021-08-03,300780.SZ,buy,4600,16.534578,76059.0588,75.983076,19.014765,0.0,huang529_signal,,next_open
20260816_083342_eeb277,2021-08-03,603011.SH,buy,6700,11.428277,76569.4559,76.492962,19.142364,0.0,huang529_signal,,next_open
20260816_083342_eeb277,2021-08-18,002790.SZ,sell,4700,16.571412,77885.6364,77.9636,19.471409,38.942818,market_gate,confirm,next_open
20260816_083342_eeb277,2021-08-18,600098.SH,sell,2100,35.558426,74672.6946,74.747442,18.668174,37.336347,market_gate,confirm,next_open
20260816_083342_eeb277,2021-08-18,002465.SZ,sell,1100,66.516057,73167.6627,73.240904,18.291916,36.583831,market_gate,confirm,next_open
20260816_083342_eeb277,2021-08-18,601869.SH,sell,2800,26.333071,73732.5988,73.806404,18.43315,36.866299,market_gate,confirm,next_open
20260816_083342_eeb277,2021-08-18,300284.SZ,sell,3200,27.70179,88645.728,88.734464,22.161432,44.322864,market_gate,confirm,next_open
20260816_083342_eeb277,2021-08-18,600523.SH,sell,2400,31.659029,75981.6696,76.057728,18.995417,37.990835,market_gate,confirm,next_open
20260816_083342_eeb277,2021-08-18,300780.SZ,sell,4600,15.346738,70594.9948,70.66566,17.648749,35.297497,market_gate,confirm,next_open
20260816_083342_eeb277,2021-08-18,603011.SH,sell,6700,10.904105,73057.5035,73.130634,18.264376,36.528752,market_gate,confirm,next_open
20260816_083342_eeb277,2021-08-24,603689.SH,buy,7100,10.776205,76511.0555,76.434624,19.127764,0.0,huang529_signal,,next_open
20260816_083342_eeb277,2021-08-24,600795.SH,buy,100,694.118065,69411.8065,69.342464,17.352952,0.0,huang529_signal,,next_open
20260816_083342_eeb277,2021-08-24,605050.SH,buy,6600,11.639628,76821.5448,76.7448,19.205386,0.0,huang529_signal,,next_open
20260816_083342_eeb277,2021-08-24,600561.SH,buy,5900,12.967855,76510.3445,76.43391,19.127586,0.0,huang529_signal,,next_open
20260816_083342_eeb277,2021-08-24,603095.SH,buy,3100,24.6446,76398.26,76.321938,19.099565,0.0,huang529_signal,,next_open
20260816_083342_eeb277,2021-08-24,002246.SZ,buy,6200,12.263451,76033.3962,75.95744,19.008349,0.0,huang529_signal,,next_open
20260816_083342_eeb277,2021-08-24,603199.SH,buy,3500,21.799578,76298.523,76.2223,19.074631,0.0,huang529_signal,,next_open
20260816_083342_eeb277,2021-08-24,002871.SZ,buy,2700,27.757189,74944.4103,74.869542,18.736103,0.0,huang529_signal,,next_open
20260816_083342_eeb277,2021-09-23,603689.SH,sell,7100,12.941885,91887.3835,91.979364,22.971846,45.943692,holding_expired,confirm,next_open
20260816_083342_eeb277,2021-09-23,600795.SH,sell,100,971.44729,97144.729,97.241971,24.286182,48.572365,holding_expired,confirm,next_open
20260816_083342_eeb277,2021-09-23,605050.SH,sell,6600,11.20878,73977.948,74.052,18.494487,36.988974,holding_expired,confirm,next_open
20260816_083342_eeb277,2021-09-23,600561.SH,sell,5900,14.250056,84075.3304,84.159488,21.018833,42.037665,holding_expired,confirm,next_open
20260816_083342_eeb277,2021-09-23,603095.SH,sell,3100,25.289625,78397.8375,78.476314,19.599459,39.198919,holding_expired,confirm,next_open
20260816_083342_eeb277,2021-09-23,002246.SZ,sell,6200,13.172974,81672.4388,81.754192,20.41811,40.836219,holding_expired,confirm,next_open
20260816_083342_eeb277,2021-09-23,603199.SH,sell,3500,21.121038,73923.633,73.99763,18.480908,36.961817,holding_expired,confirm,next_open
20260816_083342_eeb277,2021-09-23,002871.SZ,sell,2700,26.56294,71719.938,71.791731,17.929984,35.859969,holding_expired,confirm,next_open
20260816_083342_eeb277,2021-09-23,603967.SH,buy,300,14.162148,4248.6444,4.2444,1.062161,0.0,huang529_signal,,next_open
20260816_083342_eeb277,2021-09-23,000952.SZ,buy,200,21.798627,4359.7254,4.35537,1.089931,0.0,huang529_signal,,next_open
20260816_083342_eeb277,2021-09-23,600987.SH,buy,100,40.637797,4063.7797,4.05972,1.015945,0.0,huang529_signal,,next_open
20260816_083342_eeb277,2021-09-24,600356.SH,buy,4900,16.96713,83138.937,83.055882,20.784734,0.0,huang529_signal,,next_open
20260816_083342_eeb277,2021-09-24,605500.SH,buy,4300,19.023354,81800.4222,81.718705,20.450106,0.0,huang529_signal,,next_open
20260816_083342_eeb277,2021-09-24,000900.SZ,buy,1300,61.723722,80240.8386,80.160678,20.06021,0.0,huang529_signal,,next_open
20260816_083342_eeb277,2021-09-24,000544.SZ,buy,3200,25.853668,82731.7376,82.649088,20.682934,0.0,huang529_signal,,next_open
20260816_083342_eeb277,2021-09-24,000885.SZ,buy,3700,22.13189,81887.993,81.806186,20.471998,0.0,huang529_signal,,next_open
20260816_083342_eeb277,2021-09-28,603967.SH,sell,300,13.270716,3981.2148,3.9852,0.995304,1.990607,market_gate,confirm,next_open
20260816_083342_eeb277,2021-09-28,000952.SZ,sell,200,19.668622,3933.7244,3.937662,0.983431,1.966862,market_gate,confirm,next_open
20260816_083342_eeb277,2021-09-28,600987.SH,sell,100,35.985938,3598.5938,3.602196,0.899648,1.799297,market_gate,confirm,next_open
20260816_083342_eeb277,2021-09-28,600356.SH,sell,4900,15.378566,75354.9734,75.430404,18.838743,37.677487,market_gate,confirm,next_open
20260816_083342_eeb277,2021-09-28,605500.SH,sell,4300,17.753589,76340.4327,76.416848,19.085108,38.170216,market_gate,confirm,next_open
20260816_083342_eeb277,2021-09-28,000900.SZ,sell,1300,58.782079,76416.7027,76.493196,19.104176,38.208351,market_gate,confirm,next_open
20260816_083342_eeb277,2021-09-28,000544.SZ,sell,3200,24.380715,78018.288,78.096384,19.504572,39.009144,market_gate,confirm,next_open
20260816_083342_eeb277,2021-09-28,000885.SZ,sell,3700,21.30907,78843.559,78.92248,19.71089,39.421779,market_gate,confirm,next_open
20260816_083342_eeb277,2021-11-12,002376.SZ,buy,1900,40.233473,76443.5987,76.367232,19.1109,0.0,huang529_signal,,next_open
20260816_083342_eeb277,2021-11-12,601801.SH,buy,6600,11.957335,78918.411,78.839574,19.729603,0.0,huang529_signal,,next_open
20260816_083342_eeb277,2021-11-12,600229.SH,buy,7600,10.513303,79901.1028,79.82128,19.975276,0.0,huang529_signal,,next_open
20260816_083342_eeb277,2021-11-12,002449.SZ,buy,2300,33.421008,76868.3184,76.791526,19.21708,0.0,huang529_signal,,next_open
20260816_083342_eeb277,2021-11-12,600775.SH,buy,6800,11.681029,79430.9972,79.351648,19.857749,0.0,huang529_signal,,next_open
20260816_083342_eeb277,2021-11-12,603506.SH,buy,2000,38.301433,76602.866,76.52634,19.150716,0.0,huang529_signal,,next_open
20260816_083342_eeb277,2021-11-12,002308.SZ,buy,4200,18.82837,79079.154,79.000152,19.769789,0.0,huang529_signal,,next_open
20260816_083342_eeb277,2021-11-12,000716.SZ,buy,6200,12.837194,79590.6028,79.511094,19.897651,0.0,huang529_signal,,next_open
20260816_083342_eeb277,2021-12-10,002376.SZ,sell,1900,40.385454,76732.3626,76.809172,19.183091,38.366181,holding_expired,confirm,next_open
20260816_083342_eeb277,2021-12-10,601801.SH,sell,6600,11.667181,77003.3946,77.080476,19.250849,38.501697,holding_expired,confirm,next_open
20260816_083342_eeb277,2021-12-10,600229.SH,sell,7600,10.323067,78455.3092,78.53384,19.613827,39.227655,holding_expired,confirm,next_open
20260816_083342_eeb277,2021-12-10,002449.SZ,sell,2300,33.081086,76086.4978,76.16266,19.021624,38.043249,holding_expired,confirm,next_open
20260816_083342_eeb277,2021-12-10,600775.SH,sell,6800,12.668219,86143.8892,86.23012,21.535972,43.071945,holding_expired,confirm,next_open
20260816_083342_eeb277,2021-12-10,603506.SH,sell,2000,36.179344,72358.688,72.43112,18.089672,36.179344,holding_expired,confirm,next_open
20260816_083342_eeb277,2021-12-10,002308.SZ,sell,4200,18.271191,76739.0022,76.815816,19.184751,38.369501,holding_expired,confirm,next_open
20260816_083342_eeb277,2021-12-10,000716.SZ,sell,6200,12.282455,76151.221,76.22745,19.037805,38.075611,holding_expired,confirm,next_open
20260816_083342_eeb277,2021-12-10,002719.SZ,buy,300,18.033315,5409.9945,5.40459,1.352499,0.0,huang529_signal,,next_open
20260816_083342_eeb277,2021-12-13,000729.SZ,buy,1300,60.799309,79039.1017,78.960141,19.759775,0.0,huang529_signal,,next_open
20260816_083342_eeb277,2021-12-13,600051.SH,buy,2200,34.502748,75906.0456,75.830216,18.976511,0.0,huang529_signal,,next_open
20260816_083342_eeb277,2021-12-13,002864.SZ,buy,2700,28.361954,76577.2758,76.500774,19.144319,0.0,huang529_signal,,next_open
20260816_083342_eeb277,2021-12-13,603608.SH,buy,8300,9.493784,78798.4072,78.71969,19.699602,0.0,huang529_signal,,next_open
20260816_083342_eeb277,2021-12-13,603813.SH,buy,5100,15.429834,78692.1534,78.613542,19.673038,0.0,huang529_signal,,next_open
20260816_083342_eeb277,2021-12-13,605003.SH,buy,2400,31.768607,76244.6568,76.168488,19.061164,0.0,huang529_signal,,next_open
20260816_083342_eeb277,2021-12-13,603778.SH,buy,2600,29.763964,77386.3064,77.308998,19.346577,0.0,huang529_signal,,next_open
20260816_083342_eeb277,2022-01-10,002719.SZ,sell,300,16.165129,4849.5387,4.854393,1.212385,2.424769,holding_expired,confirm,next_open
20260816_083342_eeb277,2022-01-10,601988.SH,buy,13300,6.368002,84694.4266,84.609812,21.173607,0.0,huang529_signal,,next_open
20260816_083342_eeb277,2022-01-11,000729.SZ,sell,1300,67.338584,87540.1592,87.627787,21.88504,43.77008,holding_expired,confirm,next_open
20260816_083342_eeb277,2022-01-11,600051.SH,sell,2200,36.579963,80475.9186,80.556476,20.11898,40.237959,holding_expired,confirm,next_open
20260816_083342_eeb277,2022-01-11,002864.SZ,sell,2700,31.749469,85723.5663,85.809375,21.430892,42.861783,holding_expired,confirm,next_open
20260816_083342_eeb277,2022-01-11,603608.SH,sell,8300,10.446183,86703.3189,86.790112,21.67583,43.351659,holding_expired,confirm,next_open
20260816_083342_eeb277,2022-01-11,603813.SH,sell,5100,17.177395,87604.7145,87.692409,21.901179,43.802357,holding_expired,confirm,next_open
20260816_083342_eeb277,2022-01-11,605003.SH,sell,2400,36.784049,88281.7176,88.370088,22.070429,44.140859,holding_expired,confirm,next_open
20260816_083342_eeb277,2022-01-11,603778.SH,sell,2600,32.857839,85430.3814,85.515898,21.357595,42.715191,holding_expired,confirm,next_open
20260816_083342_eeb277,2022-01-11,601668.SH,buy,200,10.605605,2121.121,2.119002,0.53028,0.0,huang529_signal,,next_open
20260816_083342_eeb277,2022-01-12,601169.SH,buy,4800,17.744307,85172.6736,85.087584,21.293168,0.0,huang529_signal,,next_open
20260816_083342_eeb277,2022-01-12,601077.SH,buy,19600,4.402298,86285.0408,86.19884,21.57126,0.0,huang529_signal,,next_open
20260816_083342_eeb277,2022-01-12,601328.SH,buy,8600,10.033684,86289.6824,86.203476,21.572421,0.0,huang529_signal,,next_open
20260816_083342_eeb277,2022-01-12,688338.SH,buy,1800,47.860172,86148.3096,86.062248,21.537077,0.0,huang529_signal,,next_open
20260816_083342_eeb277,2022-01-12,600898.SH,buy,5900,14.448074,85243.6366,85.158476,21.310909,0.0,huang529_signal,,next_open
20260816_083342_eeb277,2022-01-12,601166.SH,buy,800,96.428282,77142.6256,77.06556,19.285656,0.0,huang529_signal,,next_open
20260816_083342_eeb277,2022-01-21,601988.SH,sell,13300,6.314799,83986.8267,84.070896,20.996707,41.993413,market_gate,confirm,next_open
20260816_083342_eeb277,2022-01-21,601668.SH,sell,200,10.643546,2128.7092,2.13084,0.532177,1.064355,market_gate,confirm,next_open
20260816_083342_eeb277,2022-01-21,601169.SH,sell,4800,17.747435,85187.688,85.27296,21.296922,42.593844,market_gate,confirm,next_open
20260816_083342_eeb277,2022-01-21,601077.SH,sell,19600,4.393502,86112.6392,86.19884,21.52816,43.05632,market_gate,confirm,next_open
20260816_083342_eeb277,2022-01-21,601328.SH,sell,8600,10.118381,87018.0766,87.105186,21.754519,43.509038,market_gate,confirm,next_open
20260816_083342_eeb277,2022-01-21,688338.SH,sell,1800,45.269685,81485.433,81.567,20.371358,40.742717,market_gate,confirm,next_open
20260816_083342_eeb277,2022-01-21,600898.SH,sell,5900,13.742883,81083.0097,81.164176,20.270752,40.541505,market_gate,confirm,next_open
20260816_083342_eeb277,2022-01-21,601166.SH,sell,800,98.703198,78962.5584,79.0416,19.74064,39.481279,market_gate,confirm,next_open
20260816_083342_eeb277,2023-01-04,600229.SH,buy,7500,11.365802,85243.515,85.15836,21.310879,0.0,huang529_signal,,next_open
20260816_083342_eeb277,2023-01-04,300770.SZ,buy,1100,72.12756,79340.316,79.261054,19.835079,0.0,huang529_signal,,next_open
20260816_083342_eeb277,2023-01-04,300294.SZ,buy,400,178.244266,71297.7064,71.22648,17.824427,0.0,huang529_signal,,next_open
20260816_083342_eeb277,2023-01-04,601366.SH,buy,12200,6.953442,84831.9924,84.747251,21.207998,0.0,huang529_signal,,next_open
20260816_083342_eeb277,2023-01-04,600824.SH,buy,800,101.380067,81104.0536,81.02303,20.276013,0.0,huang529_signal,,next_open
20260816_083342_eeb277,2023-01-04,002712.SZ,buy,3200,26.217401,83895.6832,83.811872,20.973921,0.0,huang529_signal,,next_open
20260816_083342_eeb277,2023-01-04,002252.SZ,buy,500,161.351076,80675.538,80.594943,20.168885,0.0,huang529_signal,,next_open
20260816_083342_eeb277,2023-01-04,603630.SH,buy,4000,20.961721,83846.884,83.76312,20.961721,0.0,huang529_signal,,next_open
20260816_083342_eeb277,2023-02-08,600229.SH,sell,7500,11.548184,86611.38,86.69808,21.652845,43.30569,holding_expired,confirm,next_open
20260816_083342_eeb277,2023-02-08,300770.SZ,sell,1100,77.720162,85492.1782,85.577756,21.373045,42.746089,holding_expired,confirm,next_open
20260816_083342_eeb277,2023-02-08,300294.SZ,sell,400,168.18165,67272.66,67.34,16.818165,33.63633,holding_expired,confirm,next_open
20260816_083342_eeb277,2023-02-08,601366.SH,sell,12200,6.682942,81531.8924,81.61351,20.382973,40.765946,holding_expired,confirm,next_open
20260816_083342_eeb277,2023-02-08,600824.SH,sell,800,96.078377,76862.7016,76.939642,19.215675,38.431351,holding_expired,confirm,next_open
20260816_083342_eeb277,2023-02-08,002712.SZ,sell,3200,28.193718,90219.8976,90.310208,22.554974,45.109949,holding_expired,confirm,next_open
20260816_083342_eeb277,2023-02-08,002252.SZ,sell,500,149.37051,74685.255,74.760015,18.671314,37.342628,holding_expired,confirm,next_open
20260816_083342_eeb277,2023-02-08,603630.SH,sell,4000,20.196583,80786.332,80.8672,20.196583,40.393166,holding_expired,confirm,next_open
20260816_083342_eeb277,2023-02-08,601827.SH,buy,4200,7.672665,32225.193,32.193,8.056298,0.0,huang529_signal,,next_open
20260816_083342_eeb277,2023-02-09,300983.SZ,buy,1600,52.003692,83205.9072,83.122784,20.801477,0.0,huang529_signal,,next_open
20260816_083342_eeb277,2023-02-09,002215.SZ,buy,1700,49.308395,83824.2715,83.740531,20.956068,0.0,huang529_signal,,next_open
20260816_083342_eeb277,2023-02-09,600637.SH,buy,2200,37.336681,82140.6982,82.05864,20.535175,0.0,huang529_signal,,next_open
20260816_083342_eeb277,2023-02-09,300371.SZ,buy,1600,51.054814,81687.7024,81.606096,20.421926,0.0,huang529_signal,,next_open
20260816_083342_eeb277,2023-02-09,600210.SH,buy,1600,50.500458,80800.7328,80.720013,20.200183,0.0,huang529_signal,,next_open
20260816_083342_eeb277,2023-02-09,603829.SH,buy,6400,13.076005,83686.432,83.602829,20.921608,0.0,huang529_signal,,next_open
20260816_083342_eeb277,2023-02-09,300743.SZ,buy,2800,29.359222,82205.8216,82.123698,20.551455,0.0,huang529_signal,,next_open
20260816_083342_eeb277,2023-03-08,601827.SH,sell,4200,7.395097,31059.4074,31.0905,7.764852,15.529704,holding_expired,confirm,next_open
20260816_083342_eeb277,2023-03-09,300983.SZ,sell,1600,55.149743,88239.5888,88.327917,22.059897,44.119794,holding_expired,confirm,next_open
20260816_083342_eeb277,2023-03-09,002215.SZ,sell,1700,58.769228,99907.6876,100.007695,24.976922,49.953844,holding_expired,confirm,next_open
20260816_083342_eeb277,2023-03-09,600637.SH,sell,2200,37.936744,83460.8368,83.544382,20.865209,41.730418,holding_expired,confirm,next_open
20260816_083342_eeb277,2023-03-09,300371.SZ,sell,1600,52.032805,83252.488,83.335824,20.813122,41.626244,holding_expired,confirm,next_open
20260816_083342_eeb277,2023-03-09,600210.SH,sell,1600,48.759846,78015.7536,78.093848,19.503938,39.007877,holding_expired,confirm,next_open
20260816_083342_eeb277,2023-03-09,603829.SH,sell,6400,12.893406,82517.7984,82.600397,20.62945,41.258899,holding_expired,confirm,next_open
20260816_083342_eeb277,2023-03-09,300743.SZ,sell,2800,29.677347,83096.5716,83.179751,20.774143,41.548286,holding_expired,confirm,next_open
20260816_083342_eeb277,2023-03-09,605081.SH,buy,1200,26.06824,31281.888,31.250638,7.820472,0.0,huang529_signal,,next_open
20260816_083342_eeb277,2023-03-09,002039.SZ,buy,500,57.454313,28727.1565,28.698458,7.181789,0.0,huang529_signal,,next_open
20260816_083342_eeb277,2023-03-09,300815.SZ,buy,700,43.439716,30407.8012,30.377424,7.60195,0.0,huang529_signal,,next_open
20260816_083342_eeb277,2023-03-10,601518.SH,buy,24200,3.590963,86901.3046,86.814499,21.725326,0.0,huang529_signal,,next_open
20260816_083342_eeb277,2023-03-10,300929.SZ,buy,4100,20.977276,86006.8316,85.920912,21.501708,0.0,huang529_signal,,next_open
20260816_083342_eeb277,2023-03-10,301043.SZ,buy,3200,27.013066,86441.8112,86.355456,21.610453,0.0,huang529_signal,,next_open
20260816_083342_eeb277,2023-03-10,300983.SZ,buy,1500,57.586197,86379.2955,86.293002,21.594824,0.0,huang529_signal,,next_open
20260816_083342_eeb277,2023-03-10,301167.SZ,buy,3200,26.595028,85104.0896,85.019072,21.276022,0.0,huang529_signal,,next_open
20260816_083342_eeb277,2023-04-07,605081.SH,sell,1200,28.814886,34577.8632,34.612476,8.644466,17.288932,holding_expired,confirm,next_open
20260816_083342_eeb277,2023-04-07,002039.SZ,sell,500,52.654329,26327.1645,26.353518,6.581791,13.163582,holding_expired,confirm,next_open
20260816_083342_eeb277,2023-04-07,300815.SZ,sell,700,40.815792,28571.0544,28.599654,7.142764,14.285527,holding_expired,confirm,next_open
20260816_083342_eeb277,2023-04-07,600299.SH,buy,2800,28.753108,80508.7024,80.428275,20.127176,0.0,huang529_signal,,next_open
20260816_083342_eeb277,2023-04-07,000061.SZ,buy,600,135.325014,81195.0084,81.113894,20.298752,0.0,huang529_signal,,next_open
20260816_083342_eeb277,2023-04-10,601518.SH,sell,24200,3.308113,80056.3346,80.136461,20.014084,40.028167,holding_expired,confirm,next_open
20260816_083342_eeb277,2023-04-10,300929.SZ,sell,4100,19.174596,78615.8436,78.694539,19.653961,39.307922,holding_expired,confirm,next_open
20260816_083342_eeb277,2023-04-10,301043.SZ,sell,3200,25.586084,81875.4688,81.957427,20.468867,40.937734,holding_expired,confirm,next_open
20260816_083342_eeb277,2023-04-10,300983.SZ,sell,1500,51.103881,76655.8215,76.732554,19.163955,38.327911,holding_expired,confirm,next_open
20260816_083342_eeb277,2023-04-10,301167.SZ,sell,3200,25.004251,80013.6032,80.093696,20.003401,40.006802,holding_expired,confirm,next_open
20260816_083342_eeb277,2023-04-10,601827.SH,buy,6400,7.882875,50450.4,50.4,12.6126,0.0,huang529_signal,,next_open
20260816_083342_eeb277,2023-04-10,600203.SH,buy,4400,11.469458,50465.6152,50.4152,12.616404,0.0,huang529_signal,,next_open
20260816_083342_eeb277,2023-04-11,600208.SH,buy,4000,20.401461,81605.844,81.52432,20.401461,0.0,huang529_signal,,next_open
20260816_083342_eeb277,2023-04-11,301138.SZ,buy,2900,28.125215,81563.1235,81.481642,20.390781,0.0,huang529_signal,,next_open
20260816_083342_eeb277,2023-04-11,002880.SZ,buy,1100,69.356087,76291.6957,76.21548,19.072924,0.0,huang529_signal,,next_open
20260816_083342_eeb277,2023-04-11,301222.SZ,buy,2700,30.515296,82391.2992,82.30899,20.597825,0.0,huang529_signal,,next_open
20260816_083342_eeb277,2023-04-26,600299.SH,sell,2800,27.520622,77057.7416,77.134876,19.264435,38.528871,market_gate,confirm,next_open
20260816_083342_eeb277,2023-04-26,000061.SZ,sell,600,135.712368,81427.4208,81.50893,20.356855,40.71371,market_gate,confirm,next_open
20260816_083342_eeb277,2023-04-26,601827.SH,sell,6400,7.699293,49275.4752,49.3248,12.318869,24.637738,market_gate,confirm,next_open
20260816_083342_eeb277,2023-04-26,600203.SH,sell,4400,10.318721,45402.3724,45.44782,11.350593,22.701186,market_gate,confirm,next_open
20260816_083342_eeb277,2023-04-26,600208.SH,sell,4000,19.735285,78941.14,79.02016,19.735285,39.47057,market_gate,confirm,next_open
20260816_083342_eeb277,2023-04-26,301138.SZ,sell,2900,32.09636,93079.444,93.172615,23.269861,46.539722,market_gate,confirm,next_open
20260816_083342_eeb277,2023-04-26,002880.SZ,sell,1100,67.264668,73991.1348,74.0652,18.497784,36.995567,market_gate,confirm,next_open
20260816_083342_eeb277,2023-04-26,301222.SZ,sell,2700,25.930499,70012.3473,70.082429,17.503087,35.006174,market_gate,confirm,next_open
20260816_083342_eeb277,2023-04-27,600323.SH,buy,1000,75.794929,75794.929,75.71921,18.948732,0.0,huang529_signal,,next_open
20260816_083342_eeb277,2023-04-27,600835.SH,buy,1100,72.944908,80239.3988,80.15924,20.05985,0.0,huang529_signal,,next_open
20260816_083342_eeb277,2023-04-27,601330.SH,buy,9700,8.281388,80329.4636,80.249216,20.082366,0.0,huang529_signal,,next_open
20260816_083342_eeb277,2023-04-27,600642.SH,buy,1200,67.062651,80475.1812,80.394786,20.118795,0.0,huang529_signal,,next_open
20260816_083342_eeb277,2023-04-27,300815.SZ,buy,1700,46.77174,79511.958,79.432525,19.87799,0.0,huang529_signal,,next_open
20260816_083342_eeb277,2023-04-27,603215.SH,buy,4400,18.046949,79406.5756,79.327248,19.851644,0.0,huang529_signal,,next_open
20260816_083342_eeb277,2023-04-27,601991.SH,buy,9000,8.874866,79873.794,79.794,19.968448,0.0,huang529_signal,,next_open
20260816_083342_eeb277,2023-04-27,002546.SZ,buy,1700,46.452706,78969.6002,78.89071,19.7424,0.0,huang529_signal,,next_open
20260816_083342_eeb277,2023-05-30,600323.SH,sell,1000,73.309048,73309.048,73.38243,18.327262,36.654524,holding_expired,confirm,next_open
20260816_083342_eeb277,2023-05-30,600835.SH,sell,1100,76.633502,84296.8522,84.381233,21.074213,42.148426,holding_expired,confirm,next_open
20260816_083342_eeb277,2023-05-30,601330.SH,sell,9700,7.917403,76798.8091,76.875682,19.199702,38.399405,holding_expired,confirm,next_open
20260816_083342_eeb277,2023-05-30,600642.SH,sell,1200,73.915161,88698.1932,88.78698,22.174548,44.349097,holding_expired,confirm,next_open
20260816_083342_eeb277,2023-05-30,300815.SZ,sell,1700,46.924613,79771.8421,79.851695,19.942961,39.885921,holding_expired,confirm,next_open
20260816_083342_eeb277,2023-05-30,603215.SH,sell,4400,17.673534,77763.5496,77.84139,19.440887,38.881775,holding_expired,confirm,next_open
20260816_083342_eeb277,2023-05-30,601991.SH,sell,9000,10.083506,90751.554,90.8424,22.687888,45.375777,holding_expired,confirm,next_open
20260816_083342_eeb277,2023-05-30,002546.SZ,sell,1700,65.40497,111188.449,111.299748,27.797112,55.594224,holding_expired,confirm,next_open
20260816_083342_eeb277,2023-05-30,600726.SH,buy,200,10.405725,2081.145,2.079066,0.520286,0.0,huang529_signal,,next_open
20260816_083342_eeb277,2023-05-31,600575.SH,buy,1600,51.945534,83112.8544,83.029824,20.778214,0.0,huang529_signal,,next_open
20260816_083342_eeb277,2023-05-31,601126.SH,buy,1900,43.53574,82717.906,82.635271,20.679476,0.0,huang529_signal,,next_open
20260816_083342_eeb277,2023-05-31,605298.SH,buy,3900,21.959777,85643.1303,85.557572,21.410783,0.0,huang529_signal,,next_open
20260816_083342_eeb277,2023-05-31,600505.SH,buy,2700,31.225861,84309.8247,84.225598,21.077456,0.0,huang529_signal,,next_open
20260816_083342_eeb277,2023-05-31,002211.SZ,buy,16900,5.110505,86367.5345,86.28126,21.591884,0.0,huang529_signal,,next_open
20260816_083342_eeb277,2023-05-31,000888.SZ,buy,1300,64.436134,83766.9742,83.683291,20.941744,0.0,huang529_signal,,next_open
20260816_083342_eeb277,2023-06-01,002321.SZ,buy,14000,6.09654,85351.56,85.2663,21.33789,0.0,huang529_signal,,next_open
20260816_083342_eeb277,2023-06-07,600726.SH,sell,200,10.313067,2062.6134,2.064678,0.515653,1.031307,market_gate,confirm,next_open
20260816_083342_eeb277,2023-06-07,600575.SH,sell,1600,47.797355,76475.768,76.55232,19.118942,38.237884,market_gate,confirm,next_open
20260816_083342_eeb277,2023-06-07,601126.SH,sell,1900,42.486781,80724.8839,80.805689,20.181221,40.362442,market_gate,confirm,next_open
20260816_083342_eeb277,2023-06-07,605298.SH,sell,3900,22.13765,86336.835,86.423259,21.584209,43.168418,market_gate,confirm,next_open
20260816_083342_eeb277,2023-06-07,600505.SH,sell,2700,28.995575,78288.0525,78.36642,19.572013,39.144026,market_gate,confirm,next_open
20260816_083342_eeb277,2023-06-07,002211.SZ,sell,16900,4.871923,82335.4987,82.41792,20.583875,41.167749,market_gate,confirm,next_open
20260816_083342_eeb277,2023-06-07,000888.SZ,sell,1300,78.509652,102062.5476,102.164712,25.515637,51.031274,market_gate,confirm,next_open
20260816_083342_eeb277,2023-06-07,002321.SZ,sell,14000,6.191103,86675.442,86.7622,21.668861,43.337721,market_gate,confirm,next_open
20260816_083342_eeb277,2023-06-12,603033.SH,buy,700,108.629521,76040.6647,75.9647,19.010166,0.0,huang529_signal,,next_open
20260816_083342_eeb277,2023-06-12,002891.SZ,buy,1300,64.199015,83458.7195,83.375344,20.86468,0.0,huang529_signal,,next_open
20260816_083342_eeb277,2023-06-12,000663.SZ,buy,1900,43.367624,82398.4856,82.31617,20.599621,0.0,huang529_signal,,next_open
20260816_083342_eeb277,2023-06-12,600630.SH,buy,4700,18.124446,85184.8962,85.099798,21.296224,0.0,huang529_signal,,next_open
20260816_083342_eeb277,2023-06-12,002038.SZ,buy,300,223.184261,66955.2783,66.88839,16.73882,0.0,huang529_signal,,next_open
20260816_083342_eeb277,2023-06-12,603006.SH,buy,3300,25.911606,85508.2998,85.422876,21.377075,0.0,huang529_signal,,next_open
20260816_083342_eeb277,2023-06-12,301207.SZ,buy,1500,54.630576,81945.864,81.864,20.486466,0.0,huang529_signal,,next_open
20260816_083342_eeb277,2023-06-12,300597.SZ,buy,8700,9.857347,85758.9189,85.67325,21.43973,0.0,huang529_signal,,next_open
20260816_083342_eeb277,2023-06-14,603033.SH,sell,700,107.170522,75019.3654,75.09446,18.754841,37.509683,market_gate,confirm,next_open
20260816_083342_eeb277,2023-06-14,002891.SZ,sell,1300,65.025869,84533.6297,84.618248,21.133407,42.266815,market_gate,confirm,next_open
20260816_083342_eeb277,2023-06-14,000663.SZ,sell,1900,43.645021,82925.5399,83.008549,20.731385,41.46277,market_gate,confirm,next_open
20260816_083342_eeb277,2023-06-14,600630.SH,sell,4700,18.439772,86666.9284,86.753681,21.666732,43.333464,market_gate,confirm,next_open
20260816_083342_eeb277,2023-06-14,002038.SZ,sell,300,217.461221,65238.3663,65.30367,16.309592,32.619183,market_gate,confirm,next_open
20260816_083342_eeb277,2023-06-14,603006.SH,sell,3300,32.370807,106823.6631,106.930593,26.705916,53.411832,market_gate,confirm,next_open
20260816_083342_eeb277,2023-06-14,301207.SZ,sell,1500,53.022085,79533.1275,79.61274,19.883282,39.766564,market_gate,confirm,next_open
20260816_083342_eeb277,2023-06-14,300597.SZ,sell,8700,9.696394,84358.6278,84.44307,21.089657,42.179314,market_gate,confirm,next_open
20260816_083342_eeb277,2023-06-15,300172.SZ,buy,2400,35.496761,85192.2264,85.10712,21.298057,0.0,huang529_signal,,next_open
20260816_083342_eeb277,2023-06-15,600929.SH,buy,10000,8.854285,88542.85,88.4544,22.135713,0.0,huang529_signal,,next_open
20260816_083342_eeb277,2023-06-15,000030.SZ,buy,4600,19.215656,88392.0176,88.303716,22.098004,0.0,huang529_signal,,next_open
20260816_083342_eeb277,2023-06-15,603630.SH,buy,3500,24.663279,86321.4765,86.23524,21.580369,0.0,huang529_signal,,next_open
20260816_083342_eeb277,2023-06-15,600784.SH,buy,1700,51.627516,87766.7772,87.679098,21.941694,0.0,huang529_signal,,next_open
20260816_083342_eeb277,2023-06-15,002521.SZ,buy,4000,21.906845,87627.38,87.53984,21.906845,0.0,huang529_signal,,next_open
20260816_083342_eeb277,2023-06-15,688448.SH,buy,3000,29.3293,87987.9,87.9,21.996975,0.0,huang529_signal,,next_open
20260816_083342_eeb277,2023-06-15,002456.SZ,buy,700,118.89842,83228.894,83.145748,20.807223,0.0,huang529_signal,,next_open
20260816_083342_eeb277,2023-06-26,603630.SH,sell,3500,21.544134,75404.469,75.47995,18.851117,37.702235,stop_loss,confirm,next_open
20260816_083342_eeb277,2023-06-26,002249.SZ,buy,200,70.659199,14131.8398,14.117722,3.53296,0.0,huang529_signal,,next_open
20260816_083342_eeb277,2023-06-27,300172.SZ,sell,2400,33.618398,80684.1552,80.76492,20.171039,40.342078,market_gate,confirm,next_open
20260816_083342_eeb277,2023-06-27,600929.SH,sell,10000,8.078553,80785.53,80.8664,20.196382,40.392765,market_gate,confirm,next_open
20260816_083342_eeb277,2023-06-27,000030.SZ,sell,4600,18.938103,87115.2738,87.202476,21.778818,43.557637,market_gate,confirm,next_open
20260816_083342_eeb277,2023-06-27,600784.SH,sell,1700,50.582287,85989.8879,86.075964,21.497472,42.994944,market_gate,confirm,next_open
20260816_083342_eeb277,2023-06-27,002521.SZ,sell,4000,21.580638,86322.552,86.40896,21.580638,43.161276,market_gate,confirm,next_open
20260816_083342_eeb277,2023-06-27,688448.SH,sell,3000,32.5674,97702.2,97.8,24.42555,48.8511,market_gate,confirm,next_open
20260816_083342_eeb277,2023-06-27,002456.SZ,sell,700,112.329558,78630.6906,78.7094,19.657673,39.315345,market_gate,confirm,next_open
20260816_083342_eeb277,2023-06-27,002249.SZ,sell,200,69.75013,13950.026,13.96399,3.487506,6.975013,market_gate,confirm,next_open
20260816_083342_eeb277,2023-06-28,301106.SZ,buy,2300,36.539703,84041.3169,83.95736,21.010329,0.0,huang529_signal,,next_open
20260816_083342_eeb277,2023-06-28,002223.SZ,buy,200,336.014849,67202.9698,67.135834,16.800742,0.0,huang529_signal,,next_open
20260816_083342_eeb277,2023-06-28,002674.SZ,buy,5400,15.767191,85142.8314,85.057776,21.285708,0.0,huang529_signal,,next_open
20260816_083342_eeb277,2023-06-28,000880.SZ,buy,1900,43.578655,82799.4445,82.716728,20.699861,0.0,huang529_signal,,next_open
20260816_083342_eeb277,2023-06-28,600647.SH,buy,300,233.557324,70067.1972,69.9972,17.516799,0.0,huang529_signal,,next_open
20260816_083342_eeb277,2023-06-28,002899.SZ,buy,5300,15.957822,84576.4566,84.491964,21.144114,0.0,huang529_signal,,next_open
20260816_083342_eeb277,2023-06-28,301020.SZ,buy,3800,22.105083,83999.3154,83.9154,20.999829,0.0,huang529_signal,,next_open
20260816_083342_eeb277,2023-06-28,002911.SZ,buy,3200,26.759413,85630.1216,85.544576,21.40753,0.0,huang529_signal,,next_open
20260816_083342_eeb277,2023-07-26,301106.SZ,sell,2300,37.012051,85127.7173,85.21293,21.281929,42.563859,holding_expired,confirm,next_open
20260816_083342_eeb277,2023-07-26,002223.SZ,sell,200,325.906407,65181.2814,65.246528,16.29532,32.590641,holding_expired,confirm,next_open
20260816_083342_eeb277,2023-07-26,002674.SZ,sell,5400,17.377325,93837.555,93.931488,23.459389,46.918777,holding_expired,confirm,next_open
20260816_083342_eeb277,2023-07-26,000880.SZ,sell,1900,42.164194,80111.9686,80.19216,20.027992,40.055984,holding_expired,confirm,next_open
20260816_083342_eeb277,2023-07-26,600647.SH,sell,300,228.448073,68534.4219,68.603025,17.133605,34.267211,holding_expired,confirm,next_open
20260816_083342_eeb277,2023-07-26,002899.SZ,sell,5300,16.322561,86509.5733,86.59617,21.627393,43.254787,holding_expired,confirm,next_open
20260816_083342_eeb277,2023-07-26,301020.SZ,sell,3800,22.030348,83715.3224,83.79912,20.928831,41.857661,holding_expired,confirm,next_open
20260816_083342_eeb277,2023-07-26,002911.SZ,sell,3200,26.644928,85263.7696,85.34912,21.315942,42.631885,holding_expired,confirm,next_open
20260816_083342_eeb277,2023-07-27,600177.SH,buy,200,320.655735,64131.147,64.06708,16.032787,0.0,huang529_signal,,next_open
20260816_083342_eeb277,2023-07-27,600527.SH,buy,1500,57.332225,85998.3375,85.912425,21.499584,0.0,huang529_signal,,next_open
20260816_083342_eeb277,2023-07-27,600300.SH,buy,3600,23.79427,85659.372,85.5738,21.414843,0.0,huang529_signal,,next_open
20260816_083342_eeb277,2023-07-27,600051.SH,buy,2200,37.983546,83563.8012,83.48032,20.89095,0.0,huang529_signal,,next_open
20260816_083342_eeb277,2023-07-27,605122.SH,buy,3700,22.726274,84087.2138,84.003209,21.021803,0.0,huang529_signal,,next_open
20260816_083342_eeb277,2023-07-27,600231.SH,buy,3700,23.098075,85462.8775,85.3775,21.365719,0.0,huang529_signal,,next_open
20260816_083342_eeb277,2023-07-27,600663.SH,buy,500,151.646535,75823.2675,75.74752,18.955817,0.0,huang529_signal,,next_open
20260816_083342_eeb277,2023-07-27,600618.SH,buy,300,252.225834,75667.7502,75.592158,18.916938,0.0,huang529_signal,,next_open
20260816_083342_eeb277,2023-08-14,600177.SH,sell,200,326.584289,65316.8578,65.38224,16.329214,32.658429,market_gate,confirm,next_open
20260816_083342_eeb277,2023-08-14,600527.SH,sell,1500,55.822122,83733.183,83.817,20.933296,41.866592,market_gate,confirm,next_open
20260816_083342_eeb277,2023-08-14,600300.SH,sell,3600,23.298678,83875.2408,83.9592,20.96881,41.93762,market_gate,confirm,next_open
20260816_083342_eeb277,2023-08-14,600051.SH,sell,2200,37.021501,81447.3022,81.528832,20.361826,40.723651,market_gate,confirm,next_open
20260816_083342_eeb277,2023-08-14,605122.SH,sell,3700,21.583175,79857.7475,79.937686,19.964437,39.928874,market_gate,confirm,next_open
20260816_083342_eeb277,2023-08-14,600231.SH,sell,3700,21.576602,79833.4274,79.91334,19.958357,39.916714,market_gate,confirm,next_open
20260816_083342_eeb277,2023-08-14,600663.SH,sell,500,148.378793,74189.3965,74.26366,18.547349,37.094698,market_gate,confirm,next_open
20260816_083342_eeb277,2023-08-14,600618.SH,sell,300,241.392046,72417.6138,72.490104,18.104403,36.208807,market_gate,confirm,next_open
20260816_083342_eeb277,2024-09-30,600681.SH,buy,2000,41.144043,82288.086,82.20588,20.572021,0.0,huang529_signal,,next_open
20260816_083342_eeb277,2024-09-30,601366.SH,buy,13500,6.16626,83244.51,83.16135,20.811127,0.0,huang529_signal,,next_open
20260816_083342_eeb277,2024-09-30,600897.SH,buy,700,104.740736,73318.5152,73.24527,18.329629,0.0,huang529_signal,,next_open
20260816_083342_eeb277,2024-09-30,600917.SH,buy,12400,6.751795,83722.258,83.63862,20.930564,0.0,huang529_signal,,next_open
20260816_083342_eeb277,2024-09-30,000905.SZ,buy,5000,16.681835,83409.175,83.32585,20.852294,0.0,huang529_signal,,next_open
20260816_083342_eeb277,2024-09-30,601368.SH,buy,16000,5.224049,83584.784,83.50128,20.896196,0.0,huang529_signal,,next_open
20260816_083342_eeb277,2024-09-30,000731.SZ,buy,900,88.155267,79339.7403,79.26048,19.834935,0.0,huang529_signal,,next_open
20260816_083342_eeb277,2024-09-30,600279.SH,buy,8200,10.16979,83392.278,83.308966,20.84807,0.0,huang529_signal,,next_open
20260816_083342_eeb277,2024-11-04,600681.SH,sell,2000,41.891826,83783.652,83.86752,20.945913,41.891826,holding_expired,confirm,next_open
20260816_083342_eeb277,2024-11-04,601366.SH,sell,13500,6.016677,81225.1395,81.30645,20.306285,40.61257,holding_expired,confirm,next_open
20260816_083342_eeb277,2024-11-04,600897.SH,sell,700,107.348624,75144.0368,75.219256,18.786009,37.572018,holding_expired,confirm,next_open
20260816_083342_eeb277,2024-11-04,600917.SH,sell,12400,6.899396,85552.5104,85.638145,21.388128,42.776255,holding_expired,confirm,next_open
20260816_083342_eeb277,2024-11-04,000905.SZ,sell,5000,17.543854,87719.27,87.807075,21.929818,43.859635,holding_expired,confirm,next_open
20260816_083342_eeb277,2024-11-04,601368.SH,sell,16000,5.361273,85780.368,85.86624,21.445092,42.890184,holding_expired,confirm,next_open
20260816_083342_eeb277,2024-11-04,000731.SZ,sell,900,87.636797,78873.1173,78.95207,19.718279,39.436559,holding_expired,confirm,next_open
20260816_083342_eeb277,2024-11-04,600279.SH,sell,8200,10.980568,90040.6576,90.130792,22.510164,45.020329,holding_expired,confirm,next_open
20260816_083342_eeb277,2024-11-04,000711.SZ,buy,100,17.583766,1758.3766,1.75662,0.439594,0.0,huang529_signal,,next_open
20260816_083342_eeb277,2024-11-04,002200.SZ,buy,200,10.70104,2140.208,2.13807,0.535052,0.0,huang529_signal,,next_open
20260816_083342_eeb277,2024-11-04,600925.SH,buy,300,5.778523,1733.5569,1.731825,0.433389,0.0,huang529_signal,,next_open
20260816_083342_eeb277,2024-11-04,000782.SZ,buy,100,16.001185,1600.1185,1.59852,0.40003,0.0,huang529_signal,,next_open
20260816_083342_eeb277,2024-11-04,605167.SH,buy,200,9.047569,1809.5138,1.807706,0.452378,0.0,huang529_signal,,next_open
20260816_083342_eeb277,2024-11-04,601816.SH,buy,300,5.79406,1738.218,1.736482,0.434555,0.0,huang529_signal,,next_open
20260816_083342_eeb277,2024-11-06,600168.SH,buy,5400,15.837191,85520.8314,85.435398,21.380208,0.0,huang529_signal,,next_open
20260816_083342_eeb277,2024-11-06,600681.SH,buy,1900,43.168185,82019.5515,81.937614,20.504888,0.0,huang529_signal,,next_open
20260816_083342_eeb277,2024-12-02,000711.SZ,sell,100,17.841111,1784.1111,1.785897,0.446028,0.892056,holding_expired,confirm,next_open
20260816_083342_eeb277,2024-12-02,002200.SZ,sell,200,11.676911,2335.3822,2.33772,0.583846,1.167691,holding_expired,confirm,next_open
20260816_083342_eeb277,2024-12-02,600925.SH,sell,300,5.842152,1752.6456,1.7544,0.438161,0.876323,holding_expired,confirm,next_open
20260816_083342_eeb277,2024-12-02,000782.SZ,sell,100,17.179004,1717.9004,1.71962,0.429475,0.85895,holding_expired,confirm,next_open
20260816_083342_eeb277,2024-12-02,605167.SH,sell,200,10.088192,2017.6384,2.019658,0.50441,1.008819,holding_expired,confirm,next_open
20260816_083342_eeb277,2024-12-02,601816.SH,sell,300,6.128176,1838.4528,1.840293,0.459613,0.919226,holding_expired,confirm,next_open
20260816_083342_eeb277,2024-12-02,603321.SH,buy,10200,8.260402,84256.1004,84.17193,21.064025,0.0,huang529_signal,,next_open
20260816_083342_eeb277,2024-12-02,002492.SZ,buy,4500,18.705537,84174.9165,84.090825,21.043729,0.0,huang529_signal,,next_open
20260816_083342_eeb277,2024-12-02,605050.SH,buy,7500,11.193355,83950.1625,83.866298,20.987541,0.0,huang529_signal,,next_open
20260816_083342_eeb277,2024-12-02,600080.SH,buy,2200,37.650413,82830.9086,82.74816,20.707727,0.0,huang529_signal,,next_open
20260816_083342_eeb277,2024-12-02,603337.SH,buy,1100,73.325477,80658.0247,80.577448,20.164506,0.0,huang529_signal,,next_open
20260816_083342_eeb277,2024-12-02,600182.SH,buy,4200,20.092971,84390.4782,84.306172,21.09762,0.0,huang529_signal,,next_open
20260816_083342_eeb277,2024-12-04,600168.SH,sell,5400,16.564479,89448.1866,89.537724,22.362047,44.724093,holding_expired,confirm,next_open
20260816_083342_eeb277,2024-12-04,600681.SH,sell,1900,44.629076,84795.2444,84.880125,21.198811,42.397622,holding_expired,confirm,next_open
20260816_083342_eeb277,2024-12-04,601229.SH,buy,300,29.997808,8999.3424,8.990352,2.249836,0.0,huang529_signal,,next_open
20260816_083342_eeb277,2024-12-04,605378.SH,buy,200,30.475215,6095.043,6.088954,1.523761,0.0,huang529_signal,,next_open
20260816_083342_eeb277,2024-12-24,002492.SZ,sell,4500,16.549074,74470.833,74.54538,18.617708,37.235416,stop_loss,confirm,next_open
20260816_083342_eeb277,2024-12-24,605378.SH,sell,200,27.219224,5443.8448,5.449294,1.360961,2.721922,stop_loss,confirm,next_open
20260816_083342_eeb277,2024-12-24,002879.SZ,buy,3500,23.678054,82873.189,82.7904,20.718297,0.0,huang529_signal,,next_open
20260816_083342_eeb277,2024-12-24,000429.SZ,buy,1300,62.678958,81482.6454,81.401245,20.370661,0.0,huang529_signal,,next_open
20260816_083342_eeb277,2024-12-30,603321.SH,sell,10200,7.98184,81414.768,81.496266,20.353692,40.707384,holding_expired,confirm,next_open
20260816_083342_eeb277,2024-12-30,605050.SH,sell,7500,11.395986,85469.895,85.555448,21.367474,42.734948,holding_expired,confirm,next_open
20260816_083342_eeb277,2024-12-30,600080.SH,sell,2200,41.489269,91276.3918,91.36776,22.819098,45.638196,holding_expired,confirm,next_open
20260816_083342_eeb277,2024-12-30,603337.SH,sell,1100,69.506824,76457.5064,76.53404,19.114377,38.228753,holding_expired,confirm,next_open
20260816_083342_eeb277,2024-12-30,600182.SH,sell,4200,21.601867,90727.8414,90.818658,22.68196,45.363921,holding_expired,confirm,next_open
20260816_083342_eeb277,2024-12-30,001965.SZ,buy,1000,17.835574,17835.574,17.817756,4.458894,0.0,huang529_signal,,next_open
20260816_083342_eeb277,2024-12-30,600919.SH,buy,1200,14.966622,17959.9464,17.942004,4.489987,0.0,huang529_signal,,next_open
20260816_083342_eeb277,2024-12-30,601988.SH,buy,1300,13.260846,17239.0998,17.221877,4.309775,0.0,huang529_signal,,next_open
20260816_083342_eeb277,2024-12-30,601398.SH,buy,1100,16.209649,17830.6139,17.812802,4.457653,0.0,huang529_signal,,next_open
20260816_083342_eeb277,2024-12-30,601288.SH,buy,1600,11.188948,17902.3168,17.884432,4.475579,0.0,huang529_signal,,next_open
20260816_083342_eeb277,2025-01-02,601229.SH,sell,300,32.789098,9836.7294,9.846576,2.459182,4.918365,holding_expired,confirm,next_open
20260816_083342_eeb277,2025-01-02,600299.SH,buy,2200,39.637894,87203.3668,87.116251,21.800842,0.0,huang529_signal,,next_open
20260816_083342_eeb277,2025-01-22,002879.SZ,sell,3500,24.444012,85554.042,85.63968,21.388511,42.777021,holding_expired,confirm,next_open
20260816_083342_eeb277,2025-01-22,000429.SZ,sell,1300,60.770499,79001.6487,79.080729,19.750412,39.500824,holding_expired,confirm,next_open
20260816_083342_eeb277,2025-01-22,603638.SH,buy,1000,83.168375,83168.375,83.08529,20.792094,0.0,huang529_signal,,next_open
20260816_083342_eeb277,2025-01-22,002938.SZ,buy,1900,44.56452,84672.588,84.588,21.168147,0.0,huang529_signal,,next_open
20260816_083342_eeb277,2025-02-05,001965.SZ,sell,1000,16.491874,16491.874,16.508382,4.122968,8.245937,holding_expired,confirm,next_open
20260816_083342_eeb277,2025-02-05,600919.SH,sell,1200,15.787748,18945.2976,18.964262,4.736324,9.472649,holding_expired,confirm,next_open
20260816_083342_eeb277,2025-02-05,601988.SH,sell,1300,13.54035,17602.455,17.620075,4.400614,8.801228,holding_expired,confirm,next_open
20260816_083342_eeb277,2025-02-05,601398.SH,sell,1100,16.376159,18013.7749,18.031807,4.503444,9.006887,holding_expired,confirm,next_open
20260816_083342_eeb277,2025-02-05,601288.SH,sell,1600,11.167912,17868.6592,17.886546,4.467165,8.93433,holding_expired,confirm,next_open
20260816_083342_eeb277,2025-02-05,601077.SH,buy,8200,8.38888,68788.816,68.7201,17.197204,0.0,huang529_signal,,next_open
20260816_083342_eeb277,2025-02-05,301263.SZ,buy,2200,30.998257,68196.1654,68.128038,17.049041,0.0,huang529_signal,,next_open
20260816_083342_eeb277,2025-02-05,000582.SZ,buy,1400,47.147196,66006.0744,65.940134,16.501519,0.0,huang529_signal,,next_open
20260816_083342_eeb277,2025-02-05,002032.SZ,buy,100,540.052793,54005.2793,53.951328,13.50132,0.0,huang529_signal,,next_open
20260816_083342_eeb277,2025-02-05,601939.SH,buy,3400,20.371225,69262.165,69.192972,17.315541,0.0,huang529_signal,,next_open
20260816_083342_eeb277,2025-02-07,600299.SH,sell,2200,36.264779,79782.5138,79.862376,19.945628,39.891257,holding_expired,confirm,next_open
20260816_083342_eeb277,2025-02-10,605117.SH,buy,200,361.585539,72317.1078,72.244863,18.079277,0.0,huang529_signal,,next_open
20260816_083342_eeb277,2025-02-27,603638.SH,sell,1000,102.51287,102512.87,102.615485,25.628217,51.256435,holding_expired,confirm,next_open
20260816_083342_eeb277,2025-02-27,002938.SZ,sell,1900,47.699952,90629.9088,90.72063,22.657477,45.314954,holding_expired,confirm,next_open
20260816_083342_eeb277,2025-02-28,601311.SH,buy,3100,28.372164,87953.7084,87.865842,21.988427,0.0,huang529_signal,,next_open
20260816_083342_eeb277,2025-02-28,000895.SZ,buy,100,735.756009,73575.6009,73.502099,18.3939,0.0,huang529_signal,,next_open
20260816_083342_eeb277,2025-03-05,601077.SH,sell,8200,7.845397,64332.2554,64.39665,16.083064,32.166128,holding_expired,confirm,next_open
20260816_083342_eeb277,2025-03-05,301263.SZ,sell,2200,37.374268,82223.3896,82.305696,20.555847,41.111695,holding_expired,confirm,next_open
20260816_083342_eeb277,2025-03-05,000582.SZ,sell,1400,44.384481,62138.2734,62.200474,15.534568,31.069137,holding_expired,confirm,next_open
20260816_083342_eeb277,2025-03-05,002032.SZ,sell,100,531.589179,53158.9179,53.21213,13.289729,26.579459,holding_expired,confirm,next_open
20260816_083342_eeb277,2025-03-05,601939.SH,sell,3400,20.163684,68556.5256,68.625151,17.139131,34.278263,holding_expired,confirm,next_open
20260816_083342_eeb277,2025-03-05,600346.SH,buy,400,179.32891,71731.564,71.659904,17.932891,0.0,huang529_signal,,next_open
20260816_083342_eeb277,2025-03-05,000739.SZ,buy,300,226.837331,68051.1993,67.983216,17.0128,0.0,huang529_signal,,next_open
20260816_083342_eeb277,2025-03-06,601717.SH,buy,2200,39.632333,87191.1326,87.104028,21.797783,0.0,huang529_signal,,next_open
20260816_083342_eeb277,2025-03-06,000766.SZ,buy,1500,56.036821,84055.2315,83.97126,21.013808,0.0,huang529_signal,,next_open
20260816_083342_eeb277,2025-03-06,001333.SZ,buy,4000,21.653612,86614.448,86.52792,21.653612,0.0,huang529_signal,,next_open
20260816_083342_eeb277,2025-03-10,605117.SH,sell,200,335.409255,67081.851,67.149,16.770463,33.540926,holding_expired,confirm,next_open
20260816_083342_eeb277,2025-03-11,002773.SZ,buy,2000,44.465851,88931.702,88.84286,22.232926,0.0,huang529_signal,,next_open
20260816_083342_eeb277,2025-03-13,000739.SZ,sell,300,198.927913,59678.3739,59.738112,14.919593,29.839187,stop_loss,confirm,next_open
20260816_083342_eeb277,2025-03-13,688334.SH,buy,3200,18.509191,59229.4112,59.17024,14.807353,0.0,huang529_signal,,next_open
20260816_083342_eeb277,2025-03-28,601311.SH,sell,3100,27.459353,85123.9943,85.209204,21.280999,42.561997,holding_expired,confirm,next_open
20260816_083342_eeb277,2025-03-28,000895.SZ,sell,100,725.28469,72528.469,72.60107,18.132117,36.264235,holding_expired,confirm,next_open
20260816_083342_eeb277,2025-03-28,002539.SZ,buy,1100,54.606154,60066.7694,60.006762,15.016692,0.0,huang529_signal,,next_open
20260816_083342_eeb277,2025-03-31,600475.SH,buy,1800,48.490842,87283.5156,87.19632,21.820879,0.0,huang529_signal,,next_open
20260816_083342_eeb277,2025-04-02,600346.SH,sell,400,170.553676,68221.4704,68.28976,17.055368,34.110735,holding_expired,confirm,next_open
20260816_083342_eeb277,2025-04-03,601717.SH,sell,2200,42.559628,93631.1816,93.724906,23.407795,46.815591,holding_expired,confirm,next_open
20260816_083342_eeb277,2025-04-03,000766.SZ,sell,1500,58.96106,88441.59,88.53012,22.110398,44.220795,holding_expired,confirm,next_open
20260816_083342_eeb277,2025-04-03,001333.SZ,sell,4000,24.959016,99836.064,99.936,24.959016,49.918032,holding_expired,confirm,next_open
20260816_083342_eeb277,2025-04-03,601577.SH,buy,3800,11.981402,45529.3276,45.483845,11.382332,0.0,huang529_signal,,next_open
20260816_083342_eeb277,2025-04-03,002958.SZ,buy,12400,3.706275,45957.81,45.911893,11.489453,0.0,huang529_signal,,next_open
20260816_083342_eeb277,2025-04-03,301039.SZ,buy,4400,10.305777,45345.4188,45.300121,11.336355,0.0,huang529_signal,,next_open
20260816_083342_eeb277,2025-04-07,601169.SH,buy,3100,29.302283,90837.0773,90.746331,22.709269,0.0,huang529_signal,,next_open
20260816_083342_eeb277,2025-04-08,688334.SH,sell,3200,15.737497,50359.9904,50.4104,12.589998,25.179995,stop_loss,confirm,next_open
20260816_083342_eeb277,2025-04-08,002539.SZ,sell,1100,47.968064,52764.8704,52.817688,13.191218,26.382435,stop_loss,confirm,next_open
20260816_083342_eeb277,2025-04-08,600475.SH,sell,1800,42.841388,77114.4984,77.19169,19.278625,38.557249,stop_loss,confirm,next_open
20260816_083342_eeb277,2025-04-08,601952.SH,buy,3900,16.091347,62756.2533,62.693561,15.689063,0.0,huang529_signal,,next_open
20260816_083342_eeb277,2025-04-08,000019.SZ,buy,1900,32.128346,61043.8574,60.982875,15.260964,0.0,huang529_signal,,next_open
20260816_083342_eeb277,2025-04-08,600161.SH,buy,100,421.097807,42109.7807,42.067713,10.527445,0.0,huang529_signal,,next_open
20260816_083342_eeb277,2025-04-09,002773.SZ,sell,2000,51.094534,102189.068,102.29136,25.547267,51.094534,holding_expired,confirm,next_open
20260816_083342_eeb277,2025-04-10,600900.SH,buy,800,108.235165,86588.132,86.50163,21.647033,0.0,huang529_signal,,next_open
20260816_083342_eeb277,2025-04-29,301039.SZ,sell,4400,8.908689,39198.2316,39.237471,9.799558,19.599116,stop_loss,confirm,next_open
20260816_083342_eeb277,2025-04-29,600161.SH,sell,100,363.929486,36392.9486,36.429378,9.098237,18.196474,stop_loss,confirm,next_open
20260816_083342_eeb277,2025-04-29,601997.SH,buy,7500,11.333422,85000.665,84.91575,21.250166,0.0,huang529_signal,,next_open
20260816_083342_eeb277,2025-04-29,600919.SH,buy,5300,16.186135,85786.5155,85.700815,21.446629,0.0,huang529_signal,,next_open
20260816_083342_eeb277,2025-05-07,601577.SH,sell,3800,11.549967,43889.8746,43.93381,10.972469,21.944937,holding_expired,confirm,next_open
20260816_083342_eeb277,2025-05-07,002958.SZ,sell,12400,3.640343,45140.2532,45.185439,11.285063,22.570127,holding_expired,confirm,next_open
20260816_083342_eeb277,2025-05-07,002267.SZ,buy,2300,26.930457,61940.0511,61.878172,15.485013,0.0,huang529_signal,,next_open
20260816_083342_eeb277,2025-05-07,600875.SH,buy,1100,54.263757,59690.1327,59.630502,14.922533,0.0,huang529_signal,,next_open
20260816_083342_eeb277,2025-05-08,601169.SH,sell,3100,28.908702,89616.9762,89.706684,22.404244,44.808488,holding_expired,confirm,next_open
20260816_083342_eeb277,2025-05-08,000937.SZ,buy,1000,79.860893,79860.893,79.781112,19.965223,0.0,huang529_signal,,next_open
20260816_083342_eeb277,2025-05-09,601952.SH,sell,3900,15.093806,58865.8434,58.924768,14.716461,29.432922,holding_expired,confirm,next_open
20260816_083342_eeb277,2025-05-09,000019.SZ,sell,1900,32.539178,61824.4382,61.886325,15.45611,30.912219,holding_expired,confirm,next_open
20260816_083342_eeb277,2025-05-09,002958.SZ,buy,13200,3.905663,51554.7516,51.503245,12.888688,0.0,huang529_signal,,next_open
20260816_083342_eeb277,2025-05-09,600000.SH,buy,200,187.812039,37562.4078,37.524883,9.390602,0.0,huang529_signal,,next_open
20260816_083342_eeb277,2025-05-13,600900.SH,sell,800,107.872246,86297.7968,86.384181,21.574449,43.148898,holding_expired,confirm,next_open
20260816_083342_eeb277,2025-05-13,601919.SH,buy,2500,34.128915,85322.2875,85.23705,21.330572,0.0,huang529_signal,,next_open
20260816_083342_eeb277,2025-05-30,601997.SH,sell,7500,11.559998,86699.985,86.786775,21.674996,43.349992,holding_expired,confirm,next_open
20260816_083342_eeb277,2025-05-30,600919.SH,sell,5300,17.33151,91857.003,91.948953,22.964251,45.928502,holding_expired,confirm,next_open
20260816_083342_eeb277,2025-05-30,603797.SH,buy,6400,10.538698,67447.6672,67.380288,16.861917,0.0,huang529_signal,,next_open
20260816_083342_eeb277,2025-06-03,601009.SH,buy,1100,77.820953,85603.0483,85.517531,21.400762,0.0,huang529_signal,,next_open
20260816_083342_eeb277,2025-06-05,002267.SZ,sell,2300,24.766878,56963.8194,57.020841,14.240955,28.48191,holding_expired,confirm,next_open
20260816_083342_eeb277,2025-06-05,600875.SH,sell,1100,53.059613,58365.5743,58.423999,14.591394,29.182787,holding_expired,confirm,next_open
20260816_083342_eeb277,2025-06-05,000598.SZ,buy,300,204.692728,61407.8184,61.346472,15.351955,0.0,huang529_signal,,next_open
20260816_083342_eeb277,2025-06-05,601827.SH,buy,8300,9.702353,80529.5299,80.449078,20.132382,0.0,huang529_signal,,next_open
20260816_083342_eeb277,2025-06-06,000937.SZ,sell,1000,81.300277,81300.277,81.381659,20.325069,40.650139,holding_expired,confirm,next_open
20260816_083342_eeb277,2025-06-06,600941.SH,buy,600,137.862204,82717.3224,82.634688,20.679331,0.0,huang529_signal,,next_open
20260816_083342_eeb277,2025-06-09,002958.SZ,sell,13200,4.131965,54541.938,54.596533,13.635485,27.270969,holding_expired,confirm,next_open
20260816_083342_eeb277,2025-06-09,600000.SH,sell,200,198.055527,39611.1054,39.650756,9.902776,19.805553,holding_expired,confirm,next_open
20260816_083342_eeb277,2025-06-09,601128.SH,buy,5900,11.285394,66583.8246,66.517308,16.645956,0.0,huang529_signal,,next_open
20260816_083342_eeb277,2025-06-09,600846.SH,buy,300,178.29163,53487.489,53.434055,13.371872,0.0,huang529_signal,,next_open
20260816_083342_eeb277,2025-06-11,601919.SH,sell,2500,34.578103,86445.2575,86.53179,21.611314,43.222629,holding_expired,confirm,next_open
20260816_083342_eeb277,2025-06-11,600863.SH,buy,900,92.100246,82890.2214,82.807414,20.722555,0.0,huang529_signal,,next_open
20260816_083342_eeb277,2025-06-20,603797.SH,sell,6400,9.162608,58640.6912,58.699392,14.660173,29.320346,stop_loss,confirm,next_open
20260816_083342_eeb277,2025-06-23,601398.SH,buy,4800,17.708186,84999.2928,84.914381,21.249823,0.0,huang529_signal,,next_open
20260816_083342_eeb277,2025-07-01,601009.SH,sell,1100,80.148899,88163.7889,88.252041,22.040947,44.081894,holding_expired,confirm,next_open
20260816_083342_eeb277,2025-07-01,603071.SH,buy,5500,15.125093,83188.0115,83.104906,20.797003,0.0,huang529_signal,,next_open
20260816_083342_eeb277,2025-07-03,000598.SZ,sell,300,203.198248,60959.4744,61.020495,15.239869,30.479737,holding_expired,confirm,next_open
20260816_083342_eeb277,2025-07-03,601827.SH,sell,8300,9.3506,77609.98,77.687668,19.402495,38.80499,holding_expired,confirm,next_open
20260816_083342_eeb277,2025-07-04,600941.SH,sell,600,131.322066,78793.2396,78.872112,19.69831,39.39662,holding_expired,confirm,next_open
20260816_083342_eeb277,2025-07-04,002788.SZ,buy,2600,28.71646,74662.796,74.588207,18.665699,0.0,huang529_signal,,next_open
20260816_083342_eeb277,2025-07-04,600219.SH,buy,2300,31.740334,73002.7682,72.929838,18.250692,0.0,huang529_signal,,next_open
20260816_083342_eeb277,2025-07-04,000709.SZ,buy,2900,25.868959,75019.9811,74.945036,18.754995,0.0,huang529_signal,,next_open
20260816_083342_eeb277,2025-07-07,601128.SH,sell,5900,11.725703,69181.6477,69.250896,17.295412,34.590824,holding_expired,confirm,next_open
20260816_083342_eeb277,2025-07-07,600846.SH,sell,300,187.879896,56363.9688,56.420389,14.090992,28.181984,holding_expired,confirm,next_open
20260816_083342_eeb277,2025-07-07,002081.SZ,buy,300,116.035928,34810.7784,34.776002,8.702695,0.0,huang529_signal,,next_open
20260816_083342_eeb277,2025-07-07,000708.SZ,buy,700,54.22705,37958.935,37.921014,9.489734,0.0,huang529_signal,,next_open
20260816_083342_eeb277,2025-07-09,600863.SH,sell,900,92.787474,83508.7266,83.592319,20.877182,41.754363,holding_expired,confirm,next_open
20260816_083342_eeb277,2025-07-10,000885.SZ,buy,2800,30.819288,86294.0064,86.2078,21.573502,0.0,huang529_signal,,next_open
20260816_083342_eeb277,2025-07-21,601398.SH,sell,4800,19.013144,91263.0912,91.354445,22.815773,45.631546,holding_expired,confirm,next_open
20260816_083342_eeb277,2025-07-21,600211.SH,buy,600,131.084524,78650.7144,78.572142,19.662679,0.0,huang529_signal,,next_open
20260816_083342_eeb277,2025-07-29,603071.SH,sell,5500,15.987005,87928.5275,88.016544,21.982132,43.964264,holding_expired,confirm,next_open
20260816_083342_eeb277,2025-07-29,000625.SZ,buy,400,207.502615,83001.046,82.918128,20.750262,0.0,huang529_signal,,next_open
20260816_083342_eeb277,2025-08-01,002788.SZ,sell,2600,29.110812,75688.1112,75.763875,18.922028,37.844056,holding_expired,confirm,next_open
20260816_083342_eeb277,2025-08-01,600219.SH,sell,2300,31.436332,72303.5636,72.37594,18.075891,36.151782,holding_expired,confirm,next_open
20260816_083342_eeb277,2025-08-01,000709.SZ,sell,2900,27.646837,80175.8273,80.256085,20.043957,40.087914,holding_expired,confirm,next_open
20260816_083342_eeb277,2025-08-01,002876.SZ,buy,1700,50.648431,86102.3327,86.016316,21.525583,0.0,huang529_signal,,next_open
20260816_083342_eeb277,2025-08-04,002081.SZ,sell,300,118.731719,35619.5157,35.655171,8.904879,17.809758,holding_expired,confirm,next_open
20260816_083342_eeb277,2025-08-04,000708.SZ,sell,700,55.418593,38793.0151,38.831847,9.698254,19.396508,holding_expired,confirm,next_open
20260816_083342_eeb277,2025-08-04,600976.SH,buy,600,136.901965,82141.179,82.05912,20.535295,0.0,huang529_signal,,next_open
20260816_083342_eeb277,2025-08-04,301185.SZ,buy,4000,21.465369,85861.476,85.7757,21.465369,0.0,huang529_signal,,next_open
20260816_083342_eeb277,2025-08-04,688657.SH,buy,1200,71.213865,85456.638,85.371266,21.36416,0.0,huang529_signal,,next_open
20260816_083342_eeb277,2025-08-05,600038.SH,buy,600,128.272331,76963.3986,76.886512,19.24085,0.0,huang529_signal,,next_open
20260816_083342_eeb277,2025-08-07,000885.SZ,sell,2800,31.355163,87794.4564,87.88234,21.948614,43.897228,holding_expired,confirm,next_open
20260816_083342_eeb277,2025-08-07,002011.SZ,buy,400,75.777702,30311.0808,30.2808,7.57777,0.0,huang529_signal,,next_open
20260816_083342_eeb277,2025-08-18,600211.SH,sell,600,158.125886,94875.5316,94.970502,23.718883,47.437766,holding_expired,confirm,next_open
20260816_083342_eeb277,2025-08-18,300360.SZ,buy,700,119.844772,83891.3404,83.807533,20.972835,0.0,huang529_signal,,next_open
20260816_083342_eeb277,2025-08-26,000625.SZ,sell,400,202.297182,80918.8728,80.999873,20.229718,40.459436,holding_expired,confirm,next_open
20260816_083342_eeb277,2025-08-27,600009.SH,buy,800,103.222424,82577.9392,82.495444,20.644485,0.0,huang529_signal,,next_open
20260816_083342_eeb277,2025-08-29,002876.SZ,sell,1700,51.370663,87330.1271,87.417545,21.832532,43.665064,holding_expired,confirm,next_open
20260816_083342_eeb277,2025-09-01,600976.SH,sell,600,135.35451,81212.706,81.294,20.303177,40.606353,holding_expired,confirm,next_open
20260816_083342_eeb277,2025-09-01,301185.SZ,sell,4000,21.286962,85147.848,85.23308,21.286962,42.573924,holding_expired,confirm,next_open
20260816_083342_eeb277,2025-09-01,688657.SH,sell,1200,88.289641,105947.5692,106.053623,26.486892,52.973785,holding_expired,confirm,next_open
20260816_083342_eeb277,2025-09-01,601333.SH,buy,20300,4.495691,91262.5273,91.17136,22.815632,0.0,huang529_signal,,next_open
20260816_083342_eeb277,2025-09-01,600496.SH,buy,2300,39.19933,90158.459,90.068391,22.539615,0.0,huang529_signal,,next_open
20260816_083342_eeb277,2025-09-02,600038.SH,sell,600,125.127282,75076.3692,75.151521,18.769092,37.538185,holding_expired,confirm,next_open
20260816_083342_eeb277,2025-09-02,600125.SH,buy,800,111.688637,89350.9096,89.261648,22.337727,0.0,huang529_signal,,next_open
20260816_083342_eeb277,2025-09-02,603199.SH,buy,2100,42.013759,88228.8939,88.140753,22.057223,0.0,huang529_signal,,next_open
20260816_083342_eeb277,2025-09-03,000333.SZ,buy,200,429.522463,85904.4926,85.818674,21.476123,0.0,huang529_signal,,next_open
20260816_083342_eeb277,2025-09-04,002011.SZ,sell,400,76.741182,30696.4728,30.7272,7.674118,15.348236,holding_expired,confirm,next_open
20260816_083342_eeb277,2025-09-04,600790.SH,buy,1500,57.508625,86262.9375,86.176761,21.565734,0.0,huang529_signal,,next_open
20260816_083342_eeb277,2025-09-15,300360.SZ,sell,700,109.80854,76865.978,76.942921,19.216494,38.432989,holding_expired,confirm,next_open
20260816_083342_eeb277,2025-09-16,600308.SH,buy,2100,41.825776,87834.1296,87.746383,21.958532,0.0,huang529_signal,,next_open
20260816_083342_eeb277,2025-09-24,600009.SH,sell,800,99.30698,79445.584,79.525109,19.861396,39.722792,holding_expired,confirm,next_open
20260816_083342_eeb277,2025-09-25,002039.SZ,buy,1300,64.021113,83227.4469,83.144303,20.806862,0.0,huang529_signal,,next_open
20260816_083342_eeb277,2025-09-29,601333.SH,sell,20300,4.683002,95064.9406,95.160107,23.766235,47.53247,holding_expired,confirm,next_open
20260816_083342_eeb277,2025-09-29,600496.SH,sell,2300,38.05213,87519.899,87.607506,21.879975,43.75995,holding_expired,confirm,next_open
20260816_083342_eeb277,2025-09-29,001979.SZ,buy,1500,13.691374,20537.061,20.516544,5.134265,0.0,huang529_signal,,next_open
20260816_083342_eeb277,2025-09-30,600125.SH,sell,800,114.701578,91761.2624,91.853115,22.940316,45.880631,holding_expired,confirm,next_open
20260816_083342_eeb277,2025-09-30,603199.SH,sell,2100,40.029376,84061.6896,84.145834,21.015422,42.030845,holding_expired,confirm,next_open
20260816_083342_eeb277,2025-09-30,603889.SH,buy,1100,52.230398,57453.4378,57.396042,14.363359,0.0,huang529_signal,,next_open
20260816_083342_eeb277,2025-09-30,000793.SZ,buy,1600,37.578401,60125.4416,60.065376,15.03136,0.0,huang529_signal,,next_open
20260816_083342_eeb277,2025-09-30,002243.SZ,buy,3500,17.3263,60642.05,60.581468,15.160513,0.0,huang529_signal,,next_open
20260816_083342_eeb277,2025-10-09,000333.SZ,sell,200,405.145139,81029.0278,81.110138,20.257257,40.514514,holding_expired,confirm,next_open
20260816_083342_eeb277,2025-10-10,600790.SH,sell,1500,52.999945,79499.9175,79.579497,19.874979,39.749959,holding_expired,confirm,next_open
20260816_083342_eeb277,2025-10-10,600483.SH,buy,2200,40.032131,88070.6882,87.982706,22.017672,0.0,huang529_signal,,next_open
20260816_083342_eeb277,2025-10-13,600395.SH,buy,2500,35.438883,88597.2075,88.5087,22.149302,0.0,huang529_signal,,next_open
20260816_083342_eeb277,2025-10-22,600308.SH,sell,2100,40.861106,85808.3226,85.894217,21.452081,42.904161,holding_expired,confirm,next_open
20260816_083342_eeb277,2025-10-23,002839.SZ,buy,12200,7.337153,89513.2666,89.423841,22.378317,0.0,huang529_signal,,next_open
20260816_083342_eeb277,2025-10-31,002039.SZ,sell,1300,67.788016,88124.4208,88.212634,22.031105,44.06221,holding_expired,confirm,next_open
20260816_083342_eeb277,2025-10-31,001286.SZ,buy,8000,11.067376,88539.008,88.45056,22.134752,0.0,huang529_signal,,next_open
20260816_083342_eeb277,2025-11-04,001979.SZ,sell,1500,12.878888,19318.332,19.33767,4.829583,9.659166,holding_expired,confirm,next_open
20260816_083342_eeb277,2025-11-04,600373.SH,buy,1400,61.548635,86168.089,86.082007,21.542022,0.0,huang529_signal,,next_open
20260816_083342_eeb277,2025-11-05,603889.SH,sell,1100,58.326056,64158.6616,64.222884,16.039665,32.079331,holding_expired,confirm,next_open
20260816_083342_eeb277,2025-11-05,000793.SZ,sell,1600,43.881435,70210.296,70.280576,17.552574,35.105148,holding_expired,confirm,next_open
20260816_083342_eeb277,2025-11-05,002243.SZ,sell,3500,16.408165,57428.5775,57.486065,14.357144,28.714289,holding_expired,confirm,next_open
20260816_083342_eeb277,2025-11-06,301115.SZ,buy,4800,18.812534,90300.1632,90.209952,22.575041,0.0,huang529_signal,,next_open
20260816_083342_eeb277,2025-11-06,600969.SH,buy,5300,17.079623,90522.0019,90.431568,22.6305,0.0,huang529_signal,,next_open
20260816_083342_eeb277,2025-11-06,605199.SH,buy,8600,10.560988,90824.4968,90.733767,22.706124,0.0,huang529_signal,,next_open
20260816_083342_eeb277,2025-11-07,600483.SH,sell,2200,41.670519,91675.1418,91.766908,22.918785,45.837571,holding_expired,confirm,next_open
20260816_083342_eeb277,2025-11-07,600642.SH,buy,100,97.155747,9715.5747,9.705869,2.428894,0.0,huang529_signal,,next_open
20260816_083342_eeb277,2025-11-10,600395.SH,sell,2500,34.058148,85145.37,85.2306,21.286342,42.572685,holding_expired,confirm,next_open
20260816_083342_eeb277,2025-11-10,601065.SH,buy,9500,9.584321,91051.0495,90.960087,22.762762,0.0,huang529_signal,,next_open
20260816_083342_eeb277,2025-11-20,002839.SZ,sell,12200,7.322493,89334.4146,89.423841,22.333604,44.667207,holding_expired,confirm,next_open
20260816_083342_eeb277,2025-11-20,600028.SH,buy,3200,27.326099,87443.5168,87.35616,21.860879,0.0,huang529_signal,,next_open
20260816_083342_eeb277,2025-11-28,001286.SZ,sell,8000,10.98948,87915.84,88.00384,21.97896,43.95792,holding_expired,confirm,next_open
20260816_083342_eeb277,2025-12-01,601825.SH,buy,7000,12.490138,87430.966,87.34362,21.857741,0.0,huang529_signal,,next_open
20260816_083342_eeb277,2025-12-02,600373.SH,sell,1400,59.785381,83699.5334,83.783316,20.924883,41.849767,holding_expired,confirm,next_open
20260816_083342_eeb277,2025-12-02,600750.SH,buy,100,479.614971,47961.4971,47.913584,11.990374,0.0,huang529_signal,,next_open
20260816_083342_eeb277,2025-12-04,301115.SZ,sell,4800,17.501703,84008.1744,84.092266,21.002044,42.004087,holding_expired,confirm,next_open
20260816_083342_eeb277,2025-12-04,600969.SH,sell,5300,18.716625,99198.1125,99.297408,24.799528,49.599056,holding_expired,confirm,next_open
20260816_083342_eeb277,2025-12-04,605199.SH,sell,8600,9.259245,79629.507,79.70922,19.907377,39.814754,stop_loss,confirm,next_open
20260816_083342_eeb277,2025-12-04,600863.SH,buy,300,110.758085,33227.4255,33.194231,8.306856,0.0,huang529_signal,,next_open
20260816_083342_eeb277,2025-12-05,600642.SH,sell,100,94.103091,9410.3091,9.419729,2.352577,4.705155,holding_expired,confirm,next_open
20260816_083342_eeb277,2025-12-05,300099.SZ,buy,700,119.948899,83964.2293,83.880349,20.991057,0.0,huang529_signal,,next_open
20260816_083342_eeb277,2025-12-05,000333.SZ,buy,100,462.370643,46237.0643,46.190873,11.559266,0.0,huang529_signal,,next_open
20260816_083342_eeb277,2025-12-08,601065.SH,sell,9500,9.190277,87307.6315,87.395022,21.826908,43.653816,holding_expired,confirm,next_open
20260816_083342_eeb277,2025-12-08,002595.SZ,buy,200,376.888128,75377.6256,75.302323,18.844406,0.0,huang529_signal,,next_open
20260816_083342_eeb277,2025-12-08,600679.SH,buy,2300,37.176071,85504.9633,85.419544,21.376241,0.0,huang529_signal,,next_open
20260816_083342_eeb277,2025-12-18,600028.SH,sell,3200,26.726071,85523.4272,85.609037,21.380857,42.761714,holding_expired,confirm,next_open
20260816_083342_eeb277,2025-12-18,000100.SZ,buy,5000,17.490785,87453.925,87.36656,21.863481,0.0,huang529_signal,,next_open
20260816_083342_eeb277,2025-12-29,601825.SH,sell,7000,11.975053,83825.371,83.90928,20.956343,41.912686,holding_expired,confirm,next_open
20260816_083342_eeb277,2025-12-29,605116.SH,buy,3300,25.869247,85368.5151,85.283233,21.342129,0.0,huang529_signal,,next_open
20260816_083342_eeb277,2025-12-30,600750.SH,sell,100,496.619533,49661.9533,49.711665,12.415488,24.830977,holding_expired,confirm,next_open
20260816_083342_eeb277,2025-12-30,601528.SH,buy,10400,8.403019,87391.3976,87.30409,21.847849,0.0,huang529_signal,,next_open
20260816_083342_eeb277,2026-01-05,600863.SH,sell,300,103.198248,30959.4744,30.990465,7.739869,15.479737,holding_expired,confirm,next_open
20260816_083342_eeb277,2026-01-06,300099.SZ,sell,700,122.08757,85461.299,85.546846,21.365325,42.730649,holding_expired,confirm,next_open
20260816_083342_eeb277,2026-01-06,000333.SZ,sell,100,442.79511,44279.511,44.323835,11.069878,22.139755,holding_expired,confirm,next_open
20260816_083342_eeb277,2026-01-06,600998.SH,buy,4300,17.518705,75330.4315,75.255177,18.832608,0.0,huang529_signal,,next_open
20260816_083342_eeb277,2026-01-06,002223.SZ,buy,100,386.522586,38652.2586,38.613645,9.663065,0.0,huang529_signal,,next_open
20260816_083342_eeb277,2026-01-07,002595.SZ,sell,200,431.992775,86398.555,86.48504,21.599639,43.199278,holding_expired,confirm,next_open
20260816_083342_eeb277,2026-01-07,600679.SH,sell,2300,34.271139,78823.6197,78.902521,19.705905,39.41181,holding_expired,confirm,next_open
20260816_083342_eeb277,2026-01-07,000423.SZ,buy,100,596.645529,59664.5529,59.604948,14.916138,0.0,huang529_signal,,next_open
20260816_083342_eeb277,2026-01-07,600999.SH,buy,2100,39.200942,82321.9782,82.239738,20.580495,0.0,huang529_signal,,next_open
20260816_083342_eeb277,2026-01-08,600352.SH,buy,300,251.948747,75584.6241,75.509115,18.896156,0.0,huang529_signal,,next_open
20260816_083342_eeb277,2026-01-19,000100.SZ,sell,5000,18.095385,90476.925,90.56749,22.619231,45.238463,holding_expired,confirm,next_open
20260816_083342_eeb277,2026-01-20,600054.SH,buy,1600,55.197062,88315.2992,88.227072,22.078825,0.0,huang529_signal,,next_open
20260816_083342_eeb277,2026-01-28,605116.SH,sell,3300,31.849311,105102.7263,105.207934,26.275682,52.551363,holding_expired,confirm,next_open
20260816_083342_eeb277,2026-01-28,000028.SZ,buy,600,152.314875,91388.925,91.297627,22.847231,0.0,huang529_signal,,next_open
20260816_083342_eeb277,2026-01-29,601528.SH,sell,10400,7.832971,81462.8984,81.544445,20.365725,40.731449,holding_expired,confirm,next_open
20260816_083342_eeb277,2026-01-30,600132.SH,buy,200,346.544727,69308.9454,69.239706,17.327236,0.0,huang529_signal,,next_open
20260816_083342_eeb277,2026-02-03,600998.SH,sell,4300,16.957877,72918.8711,72.991864,18.229718,36.459436,holding_expired,confirm,next_open
20260816_083342_eeb277,2026-02-03,002223.SZ,sell,100,383.089967,38308.9967,38.347344,9.577249,19.154498,holding_expired,confirm,next_open
20260816_083342_eeb277,2026-02-03,002033.SZ,buy,1500,61.428035,92142.0525,92.050002,23.035513,0.0,huang529_signal,,next_open
20260816_083342_eeb277,2026-02-04,000423.SZ,sell,100,632.683951,63268.3951,63.331727,15.817099,31.634198,holding_expired,confirm,next_open
20260816_083342_eeb277,2026-02-04,600999.SH,sell,2100,36.595033,76849.5693,76.926496,19.212392,38.424785,holding_expired,confirm,next_open
20260816_083342_eeb277,2026-02-04,000401.SZ,buy,3300,23.823394,78617.2002,78.53866,19.6543,0.0,huang529_signal,,next_open
20260816_083342_eeb277,2026-02-04,002012.SZ,buy,2000,38.556998,77113.996,77.03696,19.278499,0.0,huang529_signal,,next_open
20260816_083342_eeb277,2026-02-05,600352.SH,sell,300,312.66683,93800.049,93.893943,23.450012,46.900025,holding_expired,confirm,next_open
20260816_083342_eeb277,2026-02-05,601018.SH,buy,12600,5.74533,72391.158,72.318834,18.09779,0.0,huang529_signal,,next_open
20260816_083342_eeb277,2026-02-05,000423.SZ,buy,100,647.013239,64701.3239,64.636687,16.175331,0.0,huang529_signal,,next_open
20260816_083342_eeb277,2026-02-25,600054.SH,sell,1600,58.335501,93336.8016,93.430232,23.3342,46.668401,holding_expired,confirm,next_open
20260816_083342_eeb277,2026-02-25,600479.SH,buy,400,184.178845,73671.538,73.59794,18.417884,0.0,huang529_signal,,next_open
20260816_083342_eeb277,2026-03-05,000028.SZ,sell,600,144.285051,86571.0306,86.657688,21.642758,43.285515,holding_expired,confirm,next_open
20260816_083342_eeb277,2026-03-06,600905.SH,buy,20100,4.504825,90546.9825,90.456533,22.636746,0.0,huang529_signal,,next_open
20260816_083342_eeb277,2026-03-09,600132.SH,sell,200,364.142597,72828.5194,72.901421,18.20713,36.41426,holding_expired,confirm,next_open
20260816_083342_eeb277,2026-03-09,600025.SH,buy,7200,12.698165,91426.788,91.335456,22.856697,0.0,huang529_signal,,next_open
20260816_083342_eeb277,2026-03-11,002033.SZ,sell,1500,58.631744,87947.616,88.035651,21.986904,43.973808,holding_expired,confirm,next_open
20260816_083342_eeb277,2026-03-12,000401.SZ,sell,3300,23.91648,78924.384,79.003386,19.731096,39.462192,holding_expired,confirm,next_open
20260816_083342_eeb277,2026-03-12,002012.SZ,sell,2000,38.374247,76748.494,76.82532,19.187124,38.374247,holding_expired,confirm,next_open
20260816_083342_eeb277,2026-03-12,600015.SH,buy,2100,43.143596,90601.5516,90.511042,22.650388,0.0,huang529_signal,,next_open
20260816_083342_eeb277,2026-03-12,601033.SH,buy,5200,17.50349,91018.148,90.927221,22.754537,0.0,huang529_signal,,next_open
20260816_083342_eeb277,2026-03-13,601018.SH,sell,12600,5.999565,75594.519,75.670195,18.89863,37.79726,holding_expired,confirm,next_open
20260816_083342_eeb277,2026-03-13,000423.SZ,sell,100,613.070396,61307.0396,61.368408,15.32676,30.65352,holding_expired,confirm,next_open
20260816_083342_eeb277,2026-03-13,000895.SZ,buy,100,801.584286,80158.4286,80.07835,20.039607,0.0,huang529_signal,,next_open
20260816_083342_eeb277,2026-03-13,001965.SZ,buy,5900,13.61332,80318.588,80.238348,20.079647,0.0,huang529_signal,,next_open
20260816_083342_eeb277,2026-03-16,600926.SH,buy,2000,45.062052,90124.104,90.03407,22.531026,0.0,huang529_signal,,next_open
20260816_083342_eeb277,2026-03-24,600479.SH,sell,400,163.729317,65491.7268,65.557284,16.372932,32.745863,market_gate,confirm,next_open
20260816_083342_eeb277,2026-03-24,600905.SH,sell,20100,4.569874,91854.4674,91.946405,22.963617,45.927234,market_gate,confirm,next_open
20260816_083342_eeb277,2026-03-24,600025.SH,sell,7200,12.549758,90358.2576,90.448704,22.589564,45.179129,market_gate,confirm,next_open
20260816_083342_eeb277,2026-03-24,600015.SH,sell,2100,43.181124,90680.3604,90.771131,22.67009,45.34018,market_gate,confirm,next_open
20260816_083342_eeb277,2026-03-24,601033.SH,sell,5200,16.652031,86590.5612,86.67724,21.64764,43.295281,market_gate,confirm,next_open
20260816_083342_eeb277,2026-03-24,000895.SZ,sell,100,794.223304,79422.3304,79.501832,19.855583,39.711165,market_gate,confirm,next_open
20260816_083342_eeb277,2026-03-24,001965.SZ,sell,5900,13.22684,78038.356,78.116472,19.509589,39.019178,market_gate,confirm,next_open
20260816_083342_eeb277,2026-03-24,600926.SH,sell,2000,42.638193,85276.386,85.361748,21.319097,42.638193,market_gate,confirm,next_open
20260816_083342_eeb277,2026-03-26,600548.SH,buy,3100,28.333946,87835.2326,87.747484,21.958808,0.0,huang529_signal,,next_open
20260816_083342_eeb277,2026-03-26,601998.SH,buy,5200,16.85718,87657.336,87.569768,21.914334,0.0,huang529_signal,,next_open
20260816_083342_eeb277,2026-03-26,600905.SH,buy,18500,4.822813,89222.0405,89.132908,22.30551,0.0,huang529_signal,,next_open
20260816_083342_eeb277,2026-03-26,000883.SZ,buy,2800,31.423184,87984.9152,87.897018,21.996229,0.0,huang529_signal,,next_open
20260816_083342_eeb277,2026-03-26,003816.SZ,buy,17000,5.223944,88807.048,88.718325,22.201762,0.0,huang529_signal,,next_open
20260816_083342_eeb277,2026-03-26,000027.SZ,buy,600,140.2234,84134.04,84.04999,21.03351,0.0,huang529_signal,,next_open
20260816_083342_eeb277,2026-03-26,300022.SZ,buy,2400,36.725389,88140.9336,88.05288,22.035233,0.0,huang529_signal,,next_open
20260816_083342_eeb277,2026-03-26,603529.SH,buy,1200,74.333619,89200.3428,89.111232,22.300086,0.0,huang529_signal,,next_open
20260816_083342_eeb277,2026-03-27,600548.SH,sell,3100,27.969972,86706.9132,86.793707,21.676728,43.353457,market_gate,confirm,next_open
20260816_083342_eeb277,2026-03-27,601998.SH,sell,5200,17.17228,89295.856,89.385239,22.323964,44.647928,market_gate,confirm,next_open
20260816_083342_eeb277,2026-03-27,600905.SH,sell,18500,4.696814,86891.059,86.978046,21.722765,43.445529,market_gate,confirm,next_open
20260816_083342_eeb277,2026-03-27,000883.SZ,sell,2800,31.3604,87809.12,87.897018,21.95228,43.90456,market_gate,confirm,next_open
20260816_083342_eeb277,2026-03-27,003816.SZ,sell,17000,5.318476,90414.092,90.5046,22.603523,45.207046,market_gate,confirm,next_open
20260816_083342_eeb277,2026-03-27,000027.SZ,sell,600,141.971396,85182.8376,85.268106,21.295709,42.591419,market_gate,confirm,next_open
20260816_083342_eeb277,2026-03-27,300022.SZ,sell,2400,36.125518,86701.2432,86.788032,21.675311,43.350622,market_gate,confirm,next_open
20260816_083342_eeb277,2026-03-27,603529.SH,sell,1200,74.861631,89833.9572,89.923882,22.458489,44.916979,market_gate,confirm,next_open
20260816_083342_eeb277,2026-03-30,002035.SZ,buy,700,122.273645,85591.5515,85.506046,21.397888,0.0,huang529_signal,,next_open
20260816_083342_eeb277,2026-03-30,002608.SZ,buy,3600,24.475451,88111.6236,88.0236,22.027906,0.0,huang529_signal,,next_open
20260816_083342_eeb277,2026-03-30,003816.SZ,buy,16500,5.37587,88701.855,88.61325,22.175464,0.0,huang529_signal,,next_open
20260816_083342_eeb277,2026-03-30,002866.SZ,buy,2400,37.021364,88851.2736,88.762512,22.212818,0.0,huang529_signal,,next_open
20260816_083342_eeb277,2026-03-30,601998.SH,buy,5200,17.083313,88833.2276,88.744484,22.208307,0.0,huang529_signal,,next_open
20260816_083342_eeb277,2026-03-30,000027.SZ,buy,600,144.842089,86905.2534,86.818435,21.726313,0.0,huang529_signal,,next_open
20260816_083342_eeb277,2026-03-30,600098.SH,buy,1700,50.469355,85797.9035,85.712191,21.449476,0.0,huang529_signal,,next_open
20260816_083342_eeb277,2026-03-30,600548.SH,buy,3100,28.025968,86880.5008,86.793707,21.720125,0.0,huang529_signal,,next_open
20260816_083342_eeb277,2026-04-01,002035.SZ,sell,700,128.07414,89651.898,89.741639,22.412975,44.825949,market_gate,confirm,next_open
20260816_083342_eeb277,2026-04-01,002608.SZ,sell,3600,23.114494,83212.1784,83.295475,20.803045,41.606089,market_gate,confirm,next_open
20260816_083342_eeb277,2026-04-01,003816.SZ,sell,16500,5.388456,88909.524,88.998525,22.227381,44.454762,market_gate,confirm,next_open
20260816_083342_eeb277,2026-04-01,002866.SZ,sell,2400,38.725236,92940.5664,93.0336,23.235142,46.470283,market_gate,confirm,next_open
20260816_083342_eeb277,2026-04-01,601998.SH,sell,5200,16.946598,88122.3096,88.210522,22.030577,44.061155,market_gate,confirm,next_open
20260816_083342_eeb277,2026-04-01,000027.SZ,sell,600,129.433663,77660.1978,77.737936,19.415049,38.830099,market_gate,confirm,next_open
20260816_083342_eeb277,2026-04-01,600098.SH,sell,1700,46.25155,78627.635,78.706342,19.656909,39.313817,market_gate,confirm,next_open
20260816_083342_eeb277,2026-04-01,600548.SH,sell,3100,28.707642,88993.6902,89.082772,22.248423,44.496845,market_gate,confirm,next_open
20260816_083342_eeb277,2026-04-02,600007.SH,buy,1800,46.828653,84291.5754,84.207368,21.072894,0.0,huang529_signal,,next_open
20260816_083342_eeb277,2026-04-02,601000.SH,buy,2500,34.31931,85798.275,85.712563,21.449569,0.0,huang529_signal,,next_open
20260816_083342_eeb277,2026-04-02,000989.SZ,buy,1600,53.928189,86285.1024,86.198904,21.571276,0.0,huang529_signal,,next_open
20260816_083342_eeb277,2026-04-02,002422.SZ,buy,300,259.527068,77858.1204,77.78034,19.46453,0.0,huang529_signal,,next_open
20260816_083342_eeb277,2026-04-02,601988.SH,buy,5700,15.183248,86544.5136,86.458056,21.636128,0.0,huang529_signal,,next_open
20260816_083342_eeb277,2026-04-02,601939.SH,buy,3700,23.576733,87233.9121,87.146766,21.808478,0.0,huang529_signal,,next_open
20260816_083342_eeb277,2026-04-02,600015.SH,buy,1900,45.871065,87155.0235,87.067956,21.788756,0.0,huang529_signal,,next_open
20260816_083342_eeb277,2026-04-02,603288.SH,buy,200,365.365701,73073.1402,73.00014,18.268285,0.0,huang529_signal,,next_open
20260816_083342_eeb277,2026-04-03,600007.SH,sell,1800,46.602256,83884.0608,83.968029,20.971015,41.94203,market_gate,confirm,next_open
20260816_083342_eeb277,2026-04-03,601000.SH,sell,2500,34.03442,85086.05,85.17122,21.271513,42.543025,market_gate,confirm,next_open
20260816_083342_eeb277,2026-04-03,000989.SZ,sell,1600,54.326589,86922.5424,87.009552,21.730636,43.461271,market_gate,confirm,next_open
20260816_083342_eeb277,2026-04-03,002422.SZ,sell,300,255.252692,76575.8076,76.65246,19.143952,38.287904,market_gate,confirm,next_open
20260816_083342_eeb277,2026-04-03,601988.SH,sell,5700,15.359425,87548.7225,87.63636,21.887181,43.774361,market_gate,confirm,next_open
20260816_083342_eeb277,2026-04-03,601939.SH,sell,3700,23.728819,87796.6303,87.884516,21.949158,43.898315,market_gate,confirm,next_open
20260816_083342_eeb277,2026-04-03,600015.SH,sell,1900,46.212463,87803.6797,87.891572,21.95092,43.90184,market_gate,confirm,next_open
20260816_083342_eeb277,2026-04-03,603288.SH,sell,200,369.28577,73857.154,73.931085,18.464288,36.928577,market_gate,confirm,next_open
20260816_083342_eeb277,2026-04-09,300050.SZ,buy,1500,57.833185,86749.7775,86.663115,21.687444,0.0,huang529_signal,,next_open
20260816_083342_eeb277,2026-04-09,601598.SH,buy,10300,8.476922,87312.2966,87.225076,21.828074,0.0,huang529_signal,,next_open
20260816_083342_eeb277,2026-04-09,002650.SZ,buy,1400,60.342202,84479.0828,84.394688,21.119771,0.0,huang529_signal,,next_open
20260816_083342_eeb277,2026-04-09,605319.SH,buy,2100,40.731539,85536.2319,85.450781,21.384058,0.0,huang529_signal,,next_open
20260816_083342_eeb277,2026-04-09,600015.SH,buy,1900,45.995041,87390.5779,87.303275,21.847644,0.0,huang529_signal,,next_open
20260816_083342_eeb277,2026-04-09,600007.SH,buy,1800,47.471965,85449.537,85.364172,21.362384,0.0,huang529_signal,,next_open
20260816_083342_eeb277,2026-04-09,603288.SH,buy,200,362.288752,72457.7504,72.385365,18.114438,0.0,huang529_signal,,next_open
20260816_083342_eeb277,2026-04-09,000989.SZ,buy,1600,53.815487,86104.7792,86.01876,21.526195,0.0,huang529_signal,,next_open
20260816_083342_eeb277,2026-05-12,300050.SZ,sell,1500,64.047418,96071.127,96.167295,24.017782,48.035563,holding_expired,confirm,next_open
20260816_083342_eeb277,2026-05-12,601598.SH,sell,10300,8.254646,85022.8538,85.107963,21.255713,42.511427,holding_expired,confirm,next_open
20260816_083342_eeb277,2026-05-12,002650.SZ,sell,1400,69.587623,97422.6722,97.520192,24.355668,48.711336,holding_expired,confirm,next_open
20260816_083342_eeb277,2026-05-12,605319.SH,sell,2100,39.875301,83738.1321,83.821954,20.934533,41.869066,holding_expired,confirm,next_open
20260816_083342_eeb277,2026-05-12,600015.SH,sell,1900,41.077745,78047.7155,78.125842,19.511929,39.023858,holding_expired,confirm,next_open
20260816_083342_eeb277,2026-05-12,600007.SH,sell,1800,49.170361,88506.6498,88.595246,22.126662,44.253325,holding_expired,confirm,next_open
20260816_083342_eeb277,2026-05-12,603288.SH,sell,200,334.980534,66996.1068,67.06317,16.749027,33.498053,holding_expired,confirm,next_open
20260816_083342_eeb277,2026-05-12,000989.SZ,sell,1600,54.326589,86922.5424,87.009552,21.730636,43.461271,holding_expired,confirm,next_open
20260816_083342_eeb277,2026-05-13,600663.SH,buy,600,128.016138,76809.6828,76.73295,19.202421,0.0,huang529_signal,,next_open
20260816_083342_eeb277,2026-05-13,600642.SH,buy,800,110.331349,88265.0792,88.176902,22.06627,0.0,huang529_signal,,next_open
20260816_083342_eeb277,2026-05-13,300907.SZ,buy,2500,35.2155,88038.75,87.9508,22.009688,0.0,huang529_signal,,next_open
20260816_083342_eeb277,2026-05-13,002559.SZ,buy,1000,85.934184,85934.184,85.848336,21.483546,0.0,huang529_signal,,next_open
20260816_083342_eeb277,2026-05-13,603776.SH,buy,1500,57.24567,85868.505,85.782723,21.467126,0.0,huang529_signal,,next_open
20260816_083342_eeb277,2026-05-13,003032.SZ,buy,12400,7.122515,88319.186,88.23096,22.079797,0.0,huang529_signal,,next_open
20260816_083342_eeb277,2026-05-13,301353.SZ,buy,2200,39.903864,87788.5008,87.7008,21.947125,0.0,huang529_signal,,next_open
20260816_083342_eeb277,2026-05-14,000429.SZ,buy,1300,64.754926,84181.4038,84.097307,21.045351,0.0,huang529_signal,,next_open
20260816_083342_eeb277,2026-05-19,600663.SH,sell,600,111.407035,66844.221,66.911132,16.711055,33.422111,stop_loss,confirm,next_open
20260816_083342_eeb277,2026-05-19,603206.SH,buy,1100,20.135155,22148.6705,22.126544,5.537168,0.0,huang529_signal,,next_open
20260816_083342_eeb277,2026-06-01,002559.SZ,sell,1000,74.890091,74890.091,74.965056,18.722523,37.445045,stop_loss,confirm,next_open
20260816_083342_eeb277,2026-06-01,301353.SZ,sell,2200,34.248757,75347.2654,75.422688,18.836816,37.673633,stop_loss,confirm,next_open
20260816_083342_eeb277,2026-06-01,603206.SH,sell,1100,17.199014,18918.9154,18.937853,4.729729,9.459458,stop_loss,confirm,next_open
20260816_083342_eeb277,2026-06-01,600377.SH,buy,400,46.578372,18631.3488,18.612736,4.657837,0.0,huang529_signal,,next_open
20260816_083342_eeb277,2026-06-01,600012.SH,buy,400,49.274302,19709.7208,19.690031,4.92743,0.0,huang529_signal,,next_open
20260816_083342_eeb277,2026-06-01,601963.SH,buy,1400,15.332117,21464.9638,21.44352,5.366241,0.0,huang529_signal,,next_open
20260816_083342_eeb277,2026-06-09,600642.SH,sell,800,110.33959,88271.672,88.360032,22.067918,44.135836,market_gate,confirm,next_open
20260816_083342_eeb277,2026-06-09,300907.SZ,sell,2500,54.240086,135600.215,135.73595,33.900054,67.800107,market_gate,confirm,next_open
20260816_083342_eeb277,2026-06-09,603776.SH,sell,1500,51.157639,76736.4585,76.813272,19.184115,38.368229,market_gate,confirm,next_open
20260816_083342_eeb277,2026-06-09,003032.SZ,sell,12400,6.385408,79179.0592,79.25832,19.794765,39.58953,market_gate,confirm,next_open
20260816_083342_eeb277,2026-06-09,000429.SZ,sell,1300,67.549779,87814.7127,87.902615,21.953678,43.907356,market_gate,confirm,next_open
20260816_083342_eeb277,2026-06-09,600377.SH,sell,400,45.940558,18376.2232,18.394618,4.594056,9.188112,market_gate,confirm,next_open
20260816_083342_eeb277,2026-06-09,600012.SH,sell,400,48.546545,19418.618,19.438056,4.854654,9.709309,market_gate,confirm,next_open
20260816_083342_eeb277,2026-06-09,601963.SH,sell,1400,15.301483,21422.0762,21.44352,5.355519,10.711038,market_gate,confirm,next_open
20260816_083342_eeb277,2026-06-16,600999.SH,buy,2100,40.632437,85328.1177,85.242874,21.332029,0.0,huang529_signal,,next_open
20260816_083342_eeb277,2026-06-16,002668.SZ,buy,1700,50.238984,85406.2728,85.320952,21.351568,0.0,huang529_signal,,next_open
20260816_083342_eeb277,2026-06-16,601328.SH,buy,4600,19.068149,87713.4854,87.62586,21.928371,0.0,huang529_signal,,next_open
20260816_083342_eeb277,2026-06-16,601398.SH,buy,4500,19.255374,86649.183,86.562621,21.662296,0.0,huang529_signal,,next_open
20260816_083342_eeb277,2026-06-16,600919.SH,buy,4400,19.742034,86864.9496,86.778173,21.716237,0.0,huang529_signal,,next_open
20260816_083342_eeb277,2026-06-16,601838.SH,buy,3100,28.254386,87588.5966,87.501096,21.897149,0.0,huang529_signal,,next_open
20260816_083342_eeb277,2026-06-16,601988.SH,buy,5500,15.778162,86779.891,86.6932,21.694973,0.0,huang529_signal,,next_open
20260816_083342_eeb277,2026-06-22,000795.SZ,buy,1900,44.65026,84835.494,84.750743,21.208874,0.0,huang529_signal,,next_open
