run_id,date,total_asset,cash,market_value,daily_return,benchmark_close,benchmark_return
20260823_195633_9b613e,2019-01-02,1000000.0,1000000.0,0.0,0.0,2969.535,0.0
20260823_195633_9b613e,2019-01-03,1000000.0,1000000.0,0.0,0.0,2964.842,-0.00158038
20260823_195633_9b613e,2019-01-04,1000000.0,1000000.0,0.0,0.0,3035.874,0.02395811
20260823_195633_9b613e,2019-01-07,1000000.0,1000000.0,0.0,0.0,3054.303,0.00607041
20260823_195633_9b613e,2019-01-08,1000000.0,1000000.0,0.0,0.0,3047.703,-0.00216089
20260823_195633_9b613e,2019-01-09,1000000.0,1000000.0,0.0,0.0,3078.475,0.01009678
20260823_195633_9b613e,2019-01-10,1000000.0,1000000.0,0.0,0.0,3072.686,-0.00188048
20260823_195633_9b613e,2019-01-11,1000000.0,1000000.0,0.0,0.0,3094.778,0.0071898
20260823_195633_9b613e,2019-01-14,1000000.0,1000000.0,0.0,0.0,3067.784,-0.00872244
20260823_195633_9b613e,2019-01-15,1000000.0,1000000.0,0.0,0.0,3127.99,0.01962524
20260823_195633_9b613e,2019-01-16,1000000.0,1000000.0,0.0,0.0,3128.651,0.00021132
20260823_195633_9b613e,2019-01-17,1000000.0,1000000.0,0.0,0.0,3111.416,-0.00550876
20260823_195633_9b613e,2019-01-18,1000000.0,1000000.0,0.0,0.0,3168.173,0.01824153
20260823_195633_9b613e,2019-01-21,1000000.0,1000000.0,0.0,0.0,3185.636,0.00551201
20260823_195633_9b613e,2019-01-22,1000000.0,1000000.0,0.0,0.0,3143.317,-0.01328432
20260823_195633_9b613e,2019-01-23,1000000.0,1000000.0,0.0,0.0,3141.053,-0.00072026
20260823_195633_9b613e,2019-01-24,1000000.0,1000000.0,0.0,0.0,3158.781,0.00564397
20260823_195633_9b613e,2019-01-25,1000000.0,1000000.0,0.0,0.0,3184.469,0.00813225
20260823_195633_9b613e,2019-01-28,1000000.0,1000000.0,0.0,0.0,3183.777,-0.0002173
20260823_195633_9b613e,2019-01-29,1000000.0,1000000.0,0.0,0.0,3193.969,0.00320123
20260823_195633_9b613e,2019-01-30,1000000.0,1000000.0,0.0,0.0,3168.482,-0.00797973
20260823_195633_9b613e,2019-01-31,1000000.0,1000000.0,0.0,0.0,3201.633,0.01046274
20260823_195633_9b613e,2019-02-01,1000000.0,1000000.0,0.0,0.0,3247.397,0.01429396
20260823_195633_9b613e,2019-02-11,1000000.0,1000000.0,0.0,0.0,3306.472,0.01819149
20260823_195633_9b613e,2019-02-12,1000000.0,1000000.0,0.0,0.0,3330.335,0.00721706
20260823_195633_9b613e,2019-02-13,1000000.0,1000000.0,0.0,0.0,3397.027,0.02002561
20260823_195633_9b613e,2019-02-14,1000000.0,1000000.0,0.0,0.0,3402.14,0.00150514
20260823_195633_9b613e,2019-02-15,1000000.0,1000000.0,0.0,0.0,3338.704,-0.01864591
20260823_195633_9b613e,2019-02-18,1000000.0,1000000.0,0.0,0.0,3445.744,0.03206034
20260823_195633_9b613e,2019-02-19,1000000.0,1000000.0,0.0,0.0,3439.607,-0.00178104
20260823_195633_9b613e,2019-02-20,1000000.0,1000000.0,0.0,0.0,3451.927,0.0035818
20260823_195633_9b613e,2019-02-21,1000000.0,1000000.0,0.0,0.0,3442.705,-0.00267155
20260823_195633_9b613e,2019-02-22,1000000.0,1000000.0,0.0,0.0,3520.118,0.0224861
20260823_195633_9b613e,2019-02-25,1000000.0,1000000.0,0.0,0.0,3729.483,0.0594767
20260823_195633_9b613e,2019-02-26,989589.460992,14283.193992,975306.267,-0.01041054,3684.693,-0.01200971
20260823_195633_9b613e,2019-02-27,984520.640992,14283.193992,970237.447,-0.00512214,3678.392,-0.00171005
20260823_195633_9b613e,2019-02-28,992128.253992,14283.193992,977845.06,0.00772723,3669.37,-0.0024527
20260823_195633_9b613e,2019-03-01,1006806.766992,14283.193992,992523.573,0.01479498,3749.714,0.02189586
20260823_195633_9b613e,2019-03-04,1012974.520992,14283.193992,998691.327,0.00612606,3794.104,0.01183824
20260823_195633_9b613e,2019-03-05,1028022.441127,10695.747127,1017326.694,0.01485518,3816.013,0.00577449
20260823_195633_9b613e,2019-03-06,1049086.217127,10695.747127,1038390.47,0.02048961,3848.09,0.00840589
20260823_195633_9b613e,2019-03-07,1066724.137127,10695.747127,1056028.39,0.01681265,3808.849,-0.01019753
20260823_195633_9b613e,2019-03-08,1018346.686127,10695.747127,1007650.939,-0.04535142,3657.579,-0.03971541
20260823_195633_9b613e,2019-03-11,1059122.298127,10695.747127,1048426.551,0.04004099,3729.954,0.01978768
20260823_195633_9b613e,2019-03-12,1072085.065804,6226.404804,1065858.661,0.01223916,3755.351,0.00680893
20260823_195633_9b613e,2019-03-13,1065400.364804,6226.404804,1059173.96,-0.00623523,3724.194,-0.00829669
20260823_195633_9b613e,2019-03-14,1037874.171804,6226.404804,1031647.767,-0.02583648,3698.485,-0.00690324
20260823_195633_9b613e,2019-03-15,1066570.849804,6226.404804,1060344.445,0.02764948,3745.005,0.01257812
20260823_195633_9b613e,2019-03-18,1085466.608804,6226.404804,1079240.204,0.01771637,3851.747,0.0285025
20260823_195633_9b613e,2019-03-19,1079212.975212,3133.072212,1076079.903,-0.00576124,3833.962,-0.00461739
20260823_195633_9b613e,2019-03-20,1085419.317212,3133.072212,1082286.245,0.0057508,3835.439,0.00038524
20260823_195633_9b613e,2019-03-21,1093068.372212,3133.072212,1089935.3,0.0070471,3836.891,0.00037857
20260823_195633_9b613e,2019-03-22,1096548.075212,3133.072212,1093415.003,0.00318343,3833.801,-0.00080534
20260823_195633_9b613e,2019-03-25,1092878.723212,3133.072212,1089745.651,-0.00334628,3742.825,-0.02372997
20260823_195633_9b613e,2019-03-26,1071227.725158,3617.639158,1067610.086,-0.01981098,3700.438,-0.01132487
20260823_195633_9b613e,2019-03-27,1068823.389158,3617.639158,1065205.75,-0.00224447,3743.387,0.01160646
20260823_195633_9b613e,2019-03-28,1050319.615158,3617.639158,1046701.976,-0.01731228,3728.395,-0.00400493
20260823_195633_9b613e,2019-03-29,1072749.334158,3617.639158,1069131.695,0.02135514,3872.341,0.03860803
20260823_195633_9b613e,2019-04-01,1116043.737158,3617.639158,1112426.098,0.04035836,3973.928,0.026234
20260823_195633_9b613e,2019-04-02,1119904.480813,1336.686813,1118567.794,0.00345931,3971.285,-0.00066509
20260823_195633_9b613e,2019-04-03,1127489.698813,1336.686813,1126153.012,0.00677309,4022.156,0.01280971
20260823_195633_9b613e,2019-04-04,1137767.471813,1336.686813,1136430.785,0.00911562,4062.23,0.00996331
20260823_195633_9b613e,2019-04-08,1157327.520813,1336.686813,1155990.834,0.01719161,4057.228,-0.00123134
20260823_195633_9b613e,2019-04-09,1156990.936587,-2117.752413,1159108.689,-0.00029083,4075.43,0.00448631
20260823_195633_9b613e,2019-04-10,1145948.611587,-2117.752413,1148066.364,-0.009544,4085.847,0.00255605
20260823_195633_9b613e,2019-04-11,1119629.051587,-2117.752413,1121746.804,-0.02296749,3997.577,-0.02160384
20260823_195633_9b613e,2019-04-12,1124409.264587,-2117.752413,1126527.017,0.00426946,3988.616,-0.00224161
20260823_195633_9b613e,2019-04-15,1110650.931587,-2117.752413,1112768.684,-0.01223605,3975.524,-0.00328234
20260823_195633_9b613e,2019-04-16,1146694.717463,1056.453463,1145638.264,0.03245285,4085.789,0.02773597
20260823_195633_9b613e,2019-04-17,1181285.603463,1056.453463,1180229.15,0.03016573,4087.239,0.00035489
20260823_195633_9b613e,2019-04-18,1189441.082463,1056.453463,1188384.629,0.0069039,4072.075,-0.00371008
20260823_195633_9b613e,2019-04-19,1208158.838463,1056.453463,1207102.385,0.0157366,4120.607,0.01191825
20260823_195633_9b613e,2019-04-22,1212385.117463,1056.453463,1211328.664,0.00349812,4025.61,-0.02305413
20260823_195633_9b613e,2019-04-23,1189804.414011,11415.791011,1178388.623,-0.01862503,4019.005,-0.00164075
20260823_195633_9b613e,2019-04-24,1213322.244011,11415.791011,1201906.453,0.01976613,4030.088,0.00275765
20260823_195633_9b613e,2019-04-25,1158680.304011,11415.791011,1147264.513,-0.04503498,3941.816,-0.02190324
20260823_195633_9b613e,2019-04-26,1144453.375011,11415.791011,1133037.584,-0.01227856,3889.274,-0.01332939
20260823_195633_9b613e,2019-04-29,1099962.352011,11415.791011,1088546.561,-0.03887535,3900.333,0.00284346
20260823_195633_9b613e,2019-04-30,1115785.245605,5019.247605,1110765.998,0.01438494,3913.211,0.00330177
20260823_195633_9b613e,2019-05-06,1023388.884605,5019.247605,1018369.637,-0.08280837,3684.616,-0.05841622
20260823_195633_9b613e,2019-05-07,1044243.200843,-16.103157,1044259.304,0.0203777,3720.668,0.00978447
20260823_195633_9b613e,2019-05-08,1050429.947843,-16.103157,1050446.051,0.00592462,3667.457,-0.01430146
20260823_195633_9b613e,2019-05-09,1046028.131843,-16.103157,1046044.235,-0.00419049,3599.7,-0.0184752
20260823_195633_9b613e,2019-05-10,1080075.554843,-16.103157,1080091.658,0.03254924,3730.451,0.03632275
20260823_195633_9b613e,2019-05-13,1080796.498843,-16.103157,1080812.602,0.00066749,3668.725,-0.01654652
20260823_195633_9b613e,2019-05-14,1065172.780665,-4633.464335,1069806.245,-0.01445574,3645.15,-0.00642594
20260823_195633_9b613e,2019-05-15,1090048.013665,-4633.464335,1094681.478,0.02335324,3727.092,0.02247973
20260823_195633_9b613e,2019-05-16,1098330.301665,-4633.464335,1102963.766,0.00759809,3743.963,0.00452659
20260823_195633_9b613e,2019-05-17,1055389.120665,-4633.464335,1060022.585,-0.03909678,3648.76,-0.0254284
20260823_195633_9b613e,2019-05-20,1057439.473665,-4633.464335,1062072.938,0.00194275,3617.792,-0.00848727
20260823_195633_9b613e,2019-05-21,1082286.032626,-4447.527374,1086733.56,0.02349691,3666.776,0.01353975
20260823_195633_9b613e,2019-05-22,1067346.394626,-4447.527374,1071793.922,-0.01380378,3649.379,-0.00474449
20260823_195633_9b613e,2019-05-23,1040300.430626,-4447.527374,1044747.958,-0.02533944,3583.964,-0.01792497
20260823_195633_9b613e,2019-05-24,1041327.986626,-4447.527374,1045775.514,0.00098775,3593.913,0.00277598
20260823_195633_9b613e,2019-05-27,1060887.900626,-4447.527374,1065335.428,0.01878362,3637.197,0.0120437
20260823_195633_9b613e,2019-05-28,1055642.078648,-1752.411352,1057394.49,-0.00494475,3672.26,0.00964012
20260823_195633_9b613e,2019-05-29,1053804.627648,-1752.411352,1055557.039,-0.0017406,3663.909,-0.00227408
20260823_195633_9b613e,2019-05-30,1047459.306648,-1752.411352,1049211.718,-0.00602134,3641.183,-0.00620266
20260823_195633_9b613e,2019-05-31,1041766.571648,-1752.411352,1043518.983,-0.0054348,3629.789,-0.0031292
20260823_195633_9b613e,2019-06-03,1017525.038648,-1752.411352,1019277.45,-0.02326964,3632.012,0.00061243
20260823_195633_9b613e,2019-06-04,995498.685675,3528.635675,991970.05,-0.02164699,3598.466,-0.0092362
20260823_195633_9b613e,2019-06-05,997066.836675,3528.635675,993538.201,0.00157524,3597.105,-0.00037822
20260823_195633_9b613e,2019-06-06,971999.045675,3528.635675,968470.41,-0.02514154,3564.677,-0.00901503
20260823_195633_9b613e,2019-06-10,986346.235675,3528.635675,982817.6,0.0147605,3610.743,0.01292291
20260823_195633_9b613e,2019-06-11,1020140.013303,5060.017303,1015079.996,0.03426158,3719.275,0.03005808
20260823_195633_9b613e,2019-06-12,1017645.175303,5060.017303,1012585.158,-0.00244558,3691.095,-0.00757675
20260823_195633_9b613e,2019-06-13,1034054.145303,5060.017303,1028994.128,0.01612445,3685.393,-0.0015448
20260823_195633_9b613e,2019-06-14,1014859.597303,5060.017303,1009799.58,-0.01856242,3654.879,-0.00827971
20260823_195633_9b613e,2019-06-17,1020752.987303,5060.017303,1015692.97,0.0058071,3654.824,-1.505e-05
20260823_195633_9b613e,2019-06-18,1020273.384459,4159.330459,1016114.054,-0.00046985,3667.618,0.00350058
20260823_195633_9b613e,2019-06-19,1030927.196459,4159.330459,1026767.866,0.01044211,3715.938,0.01317476
20260823_195633_9b613e,2019-06-20,1046780.688459,4159.330459,1042621.358,0.0153779,3828.518,0.03029652
20260823_195633_9b613e,2019-06-21,1086202.886459,4159.330459,1082043.556,0.03766042,3833.938,0.00141569
20260823_195633_9b613e,2019-06-24,1078039.464459,4159.330459,1073880.134,-0.00751556,3841.265,0.00191109
20260823_195633_9b613e,2019-06-25,1065127.906034,1339.912034,1063787.994,-0.01197689,3801.309,-0.01040178
20260823_195633_9b613e,2019-06-26,1064925.920034,1339.912034,1063586.008,-0.00018964,3794.331,-0.00183568
20260823_195633_9b613e,2019-06-27,1071558.871034,1339.912034,1070218.959,0.00622856,3834.817,0.01067013
20260823_195633_9b613e,2019-06-28,1047355.195034,1339.912034,1046015.283,-0.02258735,3825.587,-0.00240689
20260823_195633_9b613e,2019-07-01,1082897.439034,1339.912034,1081557.527,0.03393523,3935.811,0.02881231
20260823_195633_9b613e,2019-07-02,1077880.642917,5484.737917,1072395.905,-0.00463275,3937.169,0.00034504
20260823_195633_9b613e,2019-07-03,1069503.330917,5484.737917,1064018.593,-0.00777202,3893.534,-0.01108284
20260823_195633_9b613e,2019-07-04,1066787.847917,5484.737917,1061303.11,-0.00253901,3873.101,-0.00524793
20260823_195633_9b613e,2019-07-05,1071877.458917,5484.737917,1066392.721,0.00477097,3893.202,0.0051899
20260823_195633_9b613e,2019-07-08,1037252.596917,5484.737917,1031767.859,-0.032303,3802.789,-0.0232233
20260823_195633_9b613e,2019-07-09,1053314.110525,2774.563525,1050539.547,0.01548467,3793.129,-0.00254024
20260823_195633_9b613e,2019-07-10,1053311.418525,2774.563525,1050536.855,-2.56e-06,3786.739,-0.00168463
20260823_195633_9b613e,2019-07-11,1059565.481525,2774.563525,1056790.918,0.00593753,3785.221,-0.00040087
20260823_195633_9b613e,2019-07-12,1060656.351525,2774.563525,1057881.788,0.00102954,3808.731,0.006211
20260823_195633_9b613e,2019-07-15,1079991.329525,2774.563525,1077216.766,0.01822926,3824.187,0.00405804
20260823_195633_9b613e,2019-07-16,1076264.827759,4214.256759,1072050.571,-0.00345049,3806.844,-0.00453508
20260823_195633_9b613e,2019-07-17,1071413.557759,4214.256759,1067199.301,-0.00450751,3804.638,-0.00057948
20260823_195633_9b613e,2019-07-18,1056570.488759,4214.256759,1052356.232,-0.01385373,3768.401,-0.00952443
20260823_195633_9b613e,2019-07-19,1063324.487759,4214.256759,1059110.231,0.00639238,3807.955,0.01049623
20260823_195633_9b613e,2019-07-22,1030118.335759,4214.256759,1025904.079,-0.03122862,3781.683,-0.00689924
20260823_195633_9b613e,2019-07-23,1044499.255597,6140.201597,1038359.054,0.01396045,3789.913,0.00217628
20260823_195633_9b613e,2019-07-24,1055131.471597,6140.201597,1048991.27,0.01017925,3819.832,0.00789438
20260823_195633_9b613e,2019-07-25,1057551.065597,6140.201597,1051410.864,0.00229317,3851.066,0.0081768
20260823_195633_9b613e,2019-07-26,1058478.893597,6140.201597,1052338.692,0.00087734,3858.568,0.00194803
20260823_195633_9b613e,2019-07-29,1053403.799597,6140.201597,1047263.598,-0.0047947,3854.27,-0.00111388
20260823_195633_9b613e,2019-07-30,1059658.849654,6863.324654,1052795.525,0.00593794,3870.317,0.00416343
20260823_195633_9b613e,2019-07-31,1055590.504654,6863.324654,1048727.18,-0.0038393,3835.358,-0.00903259
20260823_195633_9b613e,2019-08-01,1049854.361654,6863.324654,1042991.037,-0.00543406,3803.469,-0.00831448
20260823_195633_9b613e,2019-08-02,1026887.379654,6863.324654,1020024.055,-0.02187635,3747.437,-0.01473181
20260823_195633_9b613e,2019-08-05,1016508.185654,6863.324654,1009644.861,-0.01010743,3675.688,-0.01914615
20260823_195633_9b613e,2019-08-06,983763.664545,2271.166545,981492.498,-0.03221275,3636.328,-0.0107082
20260823_195633_9b613e,2019-08-07,976006.650545,2271.166545,973735.484,-0.00788504,3621.431,-0.00409672
20260823_195633_9b613e,2019-08-08,978588.811545,2271.166545,976317.645,0.00264564,3669.294,0.0132166
20260823_195633_9b613e,2019-08-09,978172.815545,2271.166545,975901.649,-0.0004251,3633.529,-0.00974711
20260823_195633_9b613e,2019-08-12,989695.470545,2271.166545,987424.304,0.01177977,3699.105,0.01804747
20260823_195633_9b613e,2019-08-13,975185.890175,2910.710175,972275.18,-0.01466065,3665.752,-0.00901651
20260823_195633_9b613e,2019-08-14,980256.448175,2910.710175,977345.738,0.00519958,3682.402,0.00454204
20260823_195633_9b613e,2019-08-15,979615.737175,2910.710175,976705.027,-0.00065362,3694.001,0.00314985
20260823_195633_9b613e,2019-08-16,984502.078175,2910.710175,981591.368,0.00498802,3710.539,0.00447699
20260823_195633_9b613e,2019-08-19,1017583.437175,2910.710175,1014672.727,0.03360212,3791.094,0.02170978
20260823_195633_9b613e,2019-08-20,1028362.831999,5770.240999,1022592.591,0.01059313,3787.733,-0.00088655
20260823_195633_9b613e,2019-08-21,1040465.023999,5770.240999,1034694.783,0.01176841,3781.758,-0.00157746
20260823_195633_9b613e,2019-08-22,1042201.665999,5770.240999,1036431.425,0.0016691,3793.506,0.00310649
20260823_195633_9b613e,2019-08-23,1037578.295999,5770.240999,1031808.055,-0.00443616,3820.864,0.0072118
20260823_195633_9b613e,2019-08-26,1025056.852999,5770.240999,1019286.612,-0.01206795,3765.911,-0.01438235
20260823_195633_9b613e,2019-08-27,1045592.482471,5694.976471,1039897.506,0.02003365,3816.946,0.01355183
20260823_195633_9b613e,2019-08-28,1043424.405471,5694.976471,1037729.429,-0.00207354,3802.584,-0.00376269
20260823_195633_9b613e,2019-08-29,1046016.499471,5694.976471,1040321.523,0.00248422,3790.187,-0.00326015
20260823_195633_9b613e,2019-08-30,1031384.954471,5694.976471,1025689.978,-0.01398787,3799.586,0.00247982
20260823_195633_9b613e,2019-09-02,1055771.460471,5694.976471,1050076.484,0.02364443,3848.32,0.01282613
20260823_195633_9b613e,2019-09-03,1066079.746853,7265.547853,1058814.199,0.00976375,3853.61,0.00137463
20260823_195633_9b613e,2019-09-04,1069674.838853,7265.547853,1062409.291,0.00337225,3886.002,0.00840562
20260823_195633_9b613e,2019-09-05,1075763.870853,7265.547853,1068498.323,0.00569241,3925.323,0.01011863
20260823_195633_9b613e,2019-09-06,1075113.657853,7265.547853,1067848.11,-0.00060442,3948.507,0.00590627
20260823_195633_9b613e,2019-09-09,1092290.542853,7265.547853,1085024.995,0.01597681,3972.949,0.00619019
20260823_195633_9b613e,2019-09-10,1097794.153495,2403.442495,1095390.711,0.0050386,3959.265,-0.00344429
20260823_195633_9b613e,2019-09-11,1088967.751495,2403.442495,1086564.309,-0.00804012,3930.1,-0.00736627
20260823_195633_9b613e,2019-09-12,1104452.914495,2403.442495,1102049.472,0.01422004,3972.38,0.010758
20260823_195633_9b613e,2019-09-16,1120006.710495,2403.442495,1117603.268,0.01408281,3957.715,-0.00369174
20260823_195633_9b613e,2019-09-17,1092047.117424,5866.016424,1086181.101,-0.02496377,3891.221,-0.01680111
20260823_195633_9b613e,2019-09-18,1098322.652424,5866.016424,1092456.636,0.00574658,3910.084,0.00484758
20260823_195633_9b613e,2019-09-19,1113092.218424,5866.016424,1107226.202,0.01344738,3924.383,0.00365695
20260823_195633_9b613e,2019-09-20,1114918.552424,5866.016424,1109052.536,0.00164078,3935.651,0.00287128
20260823_195633_9b613e,2019-09-23,1109234.123424,5866.016424,1103368.107,-0.00509852,3890.662,-0.01143115
20260823_195633_9b613e,2019-09-24,1115894.620187,7058.867187,1108835.753,0.00600459,3901.075,0.00267641
20260823_195633_9b613e,2019-09-25,1096660.836187,7058.867187,1089601.969,-0.0172362,3870.984,-0.00771351
20260823_195633_9b613e,2019-09-26,1073473.897187,7058.867187,1066415.03,-0.02114322,3841.139,-0.00770993
20260823_195633_9b613e,2019-09-27,1085137.005187,7058.867187,1078078.138,0.01086483,3852.654,0.00299781
20260823_195633_9b613e,2019-09-30,1081860.642187,7058.867187,1074801.775,-0.00301931,3814.528,-0.00989604
20260823_195633_9b613e,2019-10-08,1086987.468685,5871.650685,1081115.818,0.0047389,3837.679,0.00606917
20260823_195633_9b613e,2019-10-09,1104415.983331,5271.630331,1099144.353,0.01603378,3843.239,0.00144879
20260823_195633_9b613e,2019-10-10,1124973.756331,5271.630331,1119702.126,0.01861416,3874.639,0.00817019
20260823_195633_9b613e,2019-10-11,1128518.739331,5271.630331,1123247.109,0.00315117,3911.726,0.00957173
20260823_195633_9b613e,2019-10-14,1141164.862331,5271.630331,1135893.232,0.01120595,3953.242,0.01061322
20260823_195633_9b613e,2019-10-15,1135082.86533,2518.42533,1132564.44,-0.00532964,3936.25,-0.00429824
20260823_195633_9b613e,2019-10-16,1130525.99933,2518.42533,1128007.574,-0.00401457,3922.686,-0.00344592
20260823_195633_9b613e,2019-10-17,1126801.03533,2518.42533,1124282.61,-0.00329489,3925.221,0.00064624
20260823_195633_9b613e,2019-10-18,1112753.75333,2518.42533,1110235.328,-0.01246651,3869.377,-0.01422697
20260823_195633_9b613e,2019-10-21,1122970.47533,2518.42533,1120452.05,0.00918148,3880.839,0.00296223
20260823_195633_9b613e,2019-10-22,1128678.073006,-1651.111994,1130329.185,0.00508259,3895.881,0.00387597
20260823_195633_9b613e,2019-10-23,1131676.976006,-1651.111994,1133328.088,0.002657,3871.085,-0.00636467
20260823_195633_9b613e,2019-10-24,1133923.843006,-1651.111994,1135574.955,0.00198543,3870.668,-0.00010772
20260823_195633_9b613e,2019-10-25,1149483.776006,-1651.111994,1151134.888,0.0137222,3896.793,0.00674948
20260823_195633_9b613e,2019-10-28,1161039.747006,-1651.111994,1162690.859,0.01005318,3926.585,0.00764526
20260823_195633_9b613e,2019-10-29,1135942.273533,1029.195533,1134913.078,-0.02161638,3910.226,-0.00416622
20260823_195633_9b613e,2019-10-30,1123560.156533,1029.195533,1122530.961,-0.0109003,3891.226,-0.00485905
20260823_195633_9b613e,2019-10-31,1108803.375533,1029.195533,1107774.18,-0.01313395,3886.752,-0.00114977
20260823_195633_9b613e,2019-11-01,1121955.094533,1029.195533,1120925.899,0.01186118,3952.387,0.01688685
20260823_195633_9b613e,2019-11-04,1120674.394533,1029.195533,1119645.199,-0.00114149,3978.121,0.006511
20260823_195633_9b613e,2019-11-05,1121395.701764,1392.788764,1120002.913,0.00064364,4002.812,0.0062067
20260823_195633_9b613e,2019-11-06,1107051.896764,1392.788764,1105659.108,-0.01279103,3984.881,-0.0044796
20260823_195633_9b613e,2019-11-07,1113307.240764,1392.788764,1111914.452,0.00565045,3991.875,0.00175513
20260823_195633_9b613e,2019-11-08,1110952.338764,1392.788764,1109559.55,-0.00211523,3973.011,-0.0047256
20260823_195633_9b613e,2019-11-11,1072953.340764,1392.788764,1071560.552,-0.03420399,3902.978,-0.01762719
20260823_195633_9b613e,2019-11-12,1085777.979108,2034.673108,1083743.306,0.01195265,3903.689,0.00018217
20260823_195633_9b613e,2019-11-13,1079307.568108,2034.673108,1077272.895,-0.00595924,3899.981,-0.00094987
20260823_195633_9b613e,2019-11-14,1082932.518108,2034.673108,1080897.845,0.00335859,3905.857,0.00150667
20260823_195633_9b613e,2019-11-15,1065298.714108,2034.673108,1063264.041,-0.01628338,3877.089,-0.00736535
20260823_195633_9b613e,2019-11-18,1071685.982108,2034.673108,1069651.309,0.00599575,3907.93,0.00795468
20260823_195633_9b613e,2019-11-19,1086680.231909,7873.892909,1078806.339,0.01399127,3947.04,0.01000786
20260823_195633_9b613e,2019-11-20,1080236.613909,7873.892909,1072362.721,-0.00592964,3907.865,-0.00992516
20260823_195633_9b613e,2019-11-21,1080622.599909,7873.892909,1072748.707,0.00035732,3889.598,-0.00467442
20260823_195633_9b613e,2019-11-22,1073412.519909,7873.892909,1065538.627,-0.00667215,3849.995,-0.01018177
20260823_195633_9b613e,2019-11-25,1079047.507909,7873.892909,1071173.615,0.0052496,3878.206,0.00732754
20260823_195633_9b613e,2019-11-26,1076722.237794,5128.279794,1071593.958,-0.00215493,3891.654,0.00346758
20260823_195633_9b613e,2019-11-27,1067890.009794,5128.279794,1062761.73,-0.00820288,3875.618,-0.00412061
20260823_195633_9b613e,2019-11-28,1077137.986794,5128.279794,1072009.707,0.00866005,3862.303,-0.00343558
20260823_195633_9b613e,2019-11-29,1079338.511794,5128.279794,1074210.232,0.00204294,3828.67,-0.00870802
20260823_195633_9b613e,2019-12-02,1080167.404794,5128.279794,1075039.125,0.00076796,3836.059,0.00192991
20260823_195633_9b613e,2019-12-03,1083634.91399,6709.74599,1076925.168,0.00321016,3851.087,0.00391756
20260823_195633_9b613e,2019-12-04,1086678.02999,6709.74599,1079968.284,0.00280825,3849.819,-0.00032926
20260823_195633_9b613e,2019-12-05,1096496.63199,6709.74599,1089786.886,0.00903543,3879.363,0.00767413
20260823_195633_9b613e,2019-12-06,1105226.62299,6709.74599,1098516.877,0.00796171,3902.385,0.00593448
20260823_195633_9b613e,2019-12-09,1102236.13899,6709.74599,1095526.393,-0.00270577,3895.447,-0.00177789
20260823_195633_9b613e,2019-12-10,1098828.793692,5018.131692,1093810.662,-0.0030913,3900.385,0.00126763
20260823_195633_9b613e,2019-12-11,1099419.681692,5018.131692,1094401.55,0.00053774,3902.749,0.00060609
20260823_195633_9b613e,2019-12-12,1092735.233692,5018.131692,1087717.102,-0.00607998,3891.024,-0.00300429
20260823_195633_9b613e,2019-12-13,1105785.024692,5018.131692,1100766.893,0.01194232,3968.221,0.01983976
20260823_195633_9b613e,2019-12-16,1119437.156692,5018.131692,1114419.025,0.0123461,3987.547,0.00487019
20260823_195633_9b613e,2019-12-17,1128496.645114,-445.546886,1128942.192,0.0080929,4041.799,0.01360536
20260823_195633_9b613e,2019-12-18,1130802.011114,-445.546886,1131247.558,0.00204286,4032.782,-0.00223094
20260823_195633_9b613e,2019-12-19,1145624.803114,-445.546886,1146070.35,0.01310821,4027.149,-0.0013968
20260823_195633_9b613e,2019-12-20,1161582.266114,-445.546886,1162027.813,0.01392905,4017.253,-0.00245732
20260823_195633_9b613e,2019-12-23,1139293.487114,-445.546886,1139739.034,-0.01918829,3967.096,-0.0124854
20260823_195633_9b613e,2019-12-24,1151945.585777,3981.022777,1147964.563,0.01110521,3992.958,0.00651913
20260823_195633_9b613e,2019-12-25,1146700.133777,3981.022777,1142719.111,-0.00455356,3990.867,-0.00052367
20260823_195633_9b613e,2019-12-26,1162668.025777,3981.022777,1158687.003,0.01392508,4025.988,0.00880034
20260823_195633_9b613e,2019-12-27,1152551.740777,3981.022777,1148570.718,-0.00870092,4022.027,-0.00098386
20260823_195633_9b613e,2019-12-30,1167056.440777,3981.022777,1163075.418,0.01258486,4081.633,0.01481989
20260823_195633_9b613e,2019-12-31,1172155.314926,9494.989926,1162660.325,0.004369,4096.583,0.00366275
20260823_195633_9b613e,2020-01-02,1198581.200326,9494.989926,1189086.2104,0.0225447,4152.241,0.01358645
20260823_195633_9b613e,2020-01-03,1198295.007526,9494.989926,1188800.0176,-0.00023878,4144.965,-0.00175231
20260823_195633_9b613e,2020-01-06,1199914.904926,9494.989926,1190419.915,0.00135184,4129.296,-0.00378025
20260823_195633_9b613e,2020-01-07,1208038.321024,4103.836624,1203934.4844,0.00676999,4160.227,0.00749062
20260823_195633_9b613e,2020-01-08,1191264.671624,4103.836624,1187160.835,-0.01388503,4112.317,-0.0115162
20260823_195633_9b613e,2020-01-09,1206713.612624,4103.836624,1202609.776,0.01296852,4164.37,0.01265783
20260823_195633_9b613e,2020-01-10,1198231.114424,4103.836624,1194127.2778,-0.00702942,4163.185,-0.00028456
20260823_195633_9b613e,2020-01-13,1211477.017824,4103.836624,1207373.1812,0.01105455,4203.989,0.00980115
20260823_195633_9b613e,2020-01-14,1209572.330672,-2040.709228,1211613.0399,-0.0015722,4189.886,-0.00335467
20260823_195633_9b613e,2020-01-15,1197461.823472,-2040.709228,1199502.5327,-0.01001222,4166.735,-0.00552545
20260823_195633_9b613e,2020-01-16,1187230.035972,-2040.709228,1189270.7452,-0.00854456,4149.044,-0.00424577
20260823_195633_9b613e,2020-01-17,1189014.374072,-2040.709228,1191055.0833,0.00150294,4154.853,0.00140008
20260823_195633_9b613e,2020-01-20,1203549.209372,-2040.709228,1205589.9186,0.01222427,4185.83,0.00745562
20260823_195633_9b613e,2020-01-21,1182824.99654,455.28984,1182369.7067,-0.01721925,4114.308,-0.01708669
20260823_195633_9b613e,2020-01-22,1179168.54124,455.28984,1178713.2514,-0.00309129,4131.931,0.00428334
20260823_195633_9b613e,2020-01-23,1142169.46774,455.28984,1141714.1779,-0.03137726,4003.901,-0.03098551
20260823_195633_9b613e,2020-02-03,1028227.00024,455.28984,1027771.7104,-0.09975969,3688.358,-0.07880889
20260823_195633_9b613e,2020-02-04,1010750.089299,-7711.418501,1018461.5078,-0.01699713,3785.638,0.02637488
20260823_195633_9b613e,2020-02-05,1031189.216399,-7711.418501,1038900.6349,0.02022174,3828.527,0.0113294
20260823_195633_9b613e,2020-02-06,1053503.921199,-7711.418501,1061215.3397,0.02163978,3899.775,0.01860977
20260823_195633_9b613e,2020-02-07,1055432.102499,-7711.418501,1063143.521,0.00183026,3899.87,2.436e-05
20260823_195633_9b613e,2020-02-10,1075057.206699,-7711.418501,1082768.6252,0.01859438,3916.006,0.00413757
20260823_195633_9b613e,2020-02-11,1063574.756963,1357.927763,1062216.8292,-0.01068078,3952.465,0.00931025
20260823_195633_9b613e,2020-02-12,1078017.838263,1357.927763,1076659.9105,0.01357975,3984.433,0.00808812
20260823_195633_9b613e,2020-02-13,1056364.933963,1357.927763,1055007.0062,-0.02008585,3959.919,-0.00615244
20260823_195633_9b613e,2020-02-14,1052898.915863,1357.927763,1051540.9881,-0.00328108,3987.734,0.00702413
20260823_195633_9b613e,2020-02-17,1085930.422563,1357.927763,1084572.4948,0.03137196,4077.424,0.02249147
20260823_195633_9b613e,2020-02-18,1103369.065594,4491.802394,1098877.2632,0.01605871,4057.511,-0.00488372
20260823_195633_9b613e,2020-02-19,1095629.552694,4491.802394,1091137.7503,-0.00701444,4051.311,-0.00152803
20260823_195633_9b613e,2020-02-20,1117420.584994,4491.802394,1112928.7826,0.01988905,4144.657,0.02304094
20260823_195633_9b613e,2020-02-21,1124397.704094,4491.802394,1119905.9017,0.00624395,4149.491,0.00116632
20260823_195633_9b613e,2020-02-24,1137433.532494,4491.802394,1132941.7301,0.01159361,4132.839,-0.00401302
20260823_195633_9b613e,2020-02-25,1118688.722008,3109.028208,1115579.6938,-0.01647992,4123.855,-0.00217381
20260823_195633_9b613e,2020-02-26,1132529.281808,3109.028208,1129420.2536,0.01237213,4073.015,-0.01232827
20260823_195633_9b613e,2020-02-27,1135935.815208,3109.028208,1132826.787,0.0030079,4084.876,0.00291209
20260823_195633_9b613e,2020-02-28,1078836.345208,3109.028208,1075727.317,-0.05026646,3940.048,-0.03545469
20260823_195633_9b613e,2020-03-02,1125643.393408,3109.028208,1122534.3652,0.04338661,4069.667,0.03289782
20260823_195633_9b613e,2020-03-03,1140902.681677,5381.154077,1135521.5276,0.01355606,4091.361,0.00533066
20260823_195633_9b613e,2020-03-04,1160139.818377,5381.154077,1154758.6643,0.01686133,4115.052,0.00579049
20260823_195633_9b613e,2020-03-05,1189540.383977,5381.154077,1184159.2299,0.02534226,4206.726,0.02227773
20260823_195633_9b613e,2020-03-06,1184483.022577,5381.154077,1179101.8685,-0.00425153,4138.507,-0.01621665
20260823_195633_9b613e,2020-03-09,1138943.549377,5381.154077,1133562.3953,-0.03844671,3997.132,-0.03416087
20260823_195633_9b613e,2020-03-10,1161602.375105,-1097.124295,1162699.4994,0.0198946,4082.732,0.02141535
20260823_195633_9b613e,2020-03-11,1157727.336305,-1097.124295,1158824.4606,-0.00333594,4028.429,-0.01330065
20260823_195633_9b613e,2020-03-12,1134451.340705,-1097.124295,1135548.465,-0.0201049,3950.911,-0.01924274
20260823_195633_9b613e,2020-03-13,1121109.413705,-1097.124295,1122206.538,-0.01176069,3895.313,-0.0140722
20260823_195633_9b613e,2020-03-16,1098367.199105,-1097.124295,1099464.3234,-0.02028546,3727.84,-0.04299346
20260823_195633_9b613e,2020-03-17,1122415.830887,2081.982087,1120333.8488,0.02189489,3709.682,-0.00487092
20260823_195633_9b613e,2020-03-18,1111532.849287,2081.982087,1109450.8672,-0.00969603,3636.257,-0.0197928
20260823_195633_9b613e,2020-03-19,1110555.554687,2081.982087,1108473.5726,-0.00087923,3589.093,-0.01297048
20260823_195633_9b613e,2020-03-20,1130836.855787,2081.982087,1128754.8737,0.0182623,3653.224,0.0178683
20260823_195633_9b613e,2020-03-23,1100853.111587,2081.982087,1098771.1295,-0.02651465,3530.306,-0.03364644
20260823_195633_9b613e,2020-03-24,1133496.042362,9587.508962,1123908.5334,0.02965239,3625.114,0.02685546
20260823_195633_9b613e,2020-03-25,1166971.478162,9587.508962,1157383.9692,0.02953291,3722.518,0.02686922
20260823_195633_9b613e,2020-03-26,1147918.031462,9587.508962,1138330.5225,-0.01632726,3698.047,-0.00657378
20260823_195633_9b613e,2020-03-27,1144771.305262,9587.508962,1135183.7963,-0.00274125,3710.06,0.00324847
20260823_195633_9b613e,2020-03-30,1110880.263562,9587.508962,1101292.7546,-0.02960508,3674.111,-0.0096896
20260823_195633_9b613e,2020-03-31,1129195.122804,7853.635604,1121341.4872,0.0164868,3686.155,0.00327807
20260823_195633_9b613e,2020-04-01,1119163.244804,7853.635604,1111309.6092,-0.0088841,3675.075,-0.00300584
20260823_195633_9b613e,2020-04-02,1136318.785904,7853.635604,1128465.1503,0.0153289,3734.531,0.01617817
20260823_195633_9b613e,2020-04-03,1125428.324204,7853.635604,1117574.6886,-0.00958398,3713.218,-0.00570701
20260823_195633_9b613e,2020-04-07,1153276.048104,7853.635604,1145422.4125,0.02474411,3798.021,0.02283814
20260823_195633_9b613e,2020-04-08,1156432.646029,2545.878129,1153886.7679,0.00273707,3780.344,-0.00465427
20260823_195633_9b613e,2020-04-09,1173370.123429,2545.878129,1170824.2453,0.01464632,3792.811,0.00329785
20260823_195633_9b613e,2020-04-10,1149328.407729,2545.878129,1146782.5296,-0.02048946,3769.178,-0.006231
20260823_195633_9b613e,2020-04-13,1143544.558529,2545.878129,1140998.6804,-0.00503237,3753.257,-0.004224
20260823_195633_9b613e,2020-04-14,1161596.678584,9945.160384,1151651.5182,0.01578611,3825.699,0.0193011
20260823_195633_9b613e,2020-04-15,1153557.662284,9945.160384,1143612.5019,-0.00692066,3797.362,-0.00740701
20260823_195633_9b613e,2020-04-16,1176050.361184,9945.160384,1166105.2008,0.01949855,3802.381,0.00132171
20260823_195633_9b613e,2020-04-17,1181778.825884,9945.160384,1171833.6655,0.00487093,3839.487,0.00975862
20260823_195633_9b613e,2020-04-20,1195288.460284,9945.160384,1185343.2999,0.01143161,3853.455,0.00363799
20260823_195633_9b613e,2020-04-21,1174513.723985,-8985.967315,1183499.6913,-0.01738052,3808.048,-0.01178345
20260823_195633_9b613e,2020-04-22,1188161.758885,-8985.967315,1197147.7262,0.01162016,3839.383,0.00822863
20260823_195633_9b613e,2020-04-23,1182032.368585,-8985.967315,1191018.3359,-0.00515872,3829.753,-0.00250822
20260823_195633_9b613e,2020-04-24,1166214.251785,-8985.967315,1175200.2191,-0.01338214,3796.972,-0.00855956
20260823_195633_9b613e,2020-04-27,1171756.343985,-8985.967315,1180742.3113,0.00475221,3822.77,0.00679436
20260823_195633_9b613e,2020-04-28,1165225.639724,6459.969324,1158765.6704,-0.00557343,3849.147,0.00689997
20260823_195633_9b613e,2020-04-29,1179924.985324,6459.969324,1173465.016,0.01261502,3867.032,0.00464648
20260823_195633_9b613e,2020-04-30,1193203.782624,6459.969324,1186743.8133,0.01125393,3912.577,0.01177777
20260823_195633_9b613e,2020-05-06,1228590.425824,6459.969324,1222130.4565,0.02965683,3936.254,0.00605151
20260823_195633_9b613e,2020-05-07,1220268.415098,15580.325198,1204688.0899,-0.00677362,3924.895,-0.00288574
20260823_195633_9b613e,2020-05-08,1228393.497898,15580.325198,1212813.1727,0.00665844,3963.622,0.00986702
20260823_195633_9b613e,2020-05-11,1223875.693598,15580.325198,1208295.3684,-0.00367782,3960.181,-0.00086815
20260823_195633_9b613e,2020-05-12,1213953.163461,10581.426161,1203371.7373,-0.00810747,3960.238,1.439e-05
20260823_195633_9b613e,2020-05-13,1225533.869161,10581.426161,1214952.443,0.00953966,3968.253,0.00202387
20260823_195633_9b613e,2020-05-14,1226026.442761,10581.426161,1215445.0166,0.00040193,3925.218,-0.01084482
20260823_195633_9b613e,2020-05-15,1237514.029661,10581.426161,1226932.6035,0.00936977,3912.816,-0.00315957
20260823_195633_9b613e,2020-05-18,1238205.736161,10581.426161,1227624.31,0.00055895,3922.912,0.00258024
20260823_195633_9b613e,2020-05-19,1260633.279246,3637.569546,1256995.7097,0.01811294,3956.25,0.00849828
20260823_195633_9b613e,2020-05-20,1258940.859446,3637.569546,1255303.2899,-0.00134252,3935.222,-0.00531513
20260823_195633_9b613e,2020-05-21,1259129.818446,3637.569546,1255492.2489,0.00015009,3913.795,-0.00544493
20260823_195633_9b613e,2020-05-22,1239972.078546,3637.569546,1236334.509,-0.01521506,3824.064,-0.02292685
20260823_195633_9b613e,2020-05-25,1263037.164946,3637.569546,1259399.5954,0.01860129,3829.325,0.00137576
20260823_195633_9b613e,2020-05-26,1274692.821614,8388.005314,1266304.8163,0.00922828,3872.771,0.0113456
20260823_195633_9b613e,2020-05-27,1268155.955214,8388.005314,1259767.9499,-0.00512819,3845.614,-0.00701229
20260823_195633_9b613e,2020-05-28,1257756.119814,8388.005314,1249368.1145,-0.00820075,3856.633,0.00286534
20260823_195633_9b613e,2020-05-29,1258886.337014,8388.005314,1250498.3317,0.0008986,3867.024,0.00269432
20260823_195633_9b613e,2020-06-01,1284337.378814,8388.005314,1275949.3735,0.02021711,3971.34,0.02697578
20260823_195633_9b613e,2020-06-02,1290481.654701,2034.680201,1288446.9745,0.004784,3983.567,0.00307881
20260823_195633_9b613e,2020-06-03,1283318.474001,2034.680201,1281283.7938,-0.00555078,3983.648,2.033e-05
20260823_195633_9b613e,2020-06-04,1295907.756401,2034.680201,1293873.0762,0.00980994,3982.185,-0.00036725
20260823_195633_9b613e,2020-06-05,1282718.192801,2034.680201,1280683.5126,-0.01017786,4001.251,0.00478782
20260823_195633_9b613e,2020-06-08,1278140.383101,2034.680201,1276105.7029,-0.00356884,4021.955,0.00517438
20260823_195633_9b613e,2020-06-09,1279763.627828,13661.209728,1266102.4181,0.00127001,4047.03,0.00623453
20260823_195633_9b613e,2020-06-10,1267164.902728,13661.209728,1253503.693,-0.00984457,4039.706,-0.00180972
20260823_195633_9b613e,2020-06-11,1266951.493328,13661.209728,1253290.2836,-0.00016841,3995.884,-0.01084782
20260823_195633_9b613e,2020-06-12,1284693.775728,13661.209728,1271032.566,0.01400392,4003.083,0.0018016
20260823_195633_9b613e,2020-06-15,1285760.208528,13661.209728,1272098.9988,0.00083011,3954.988,-0.01201449
20260823_195633_9b613e,2020-06-16,1305177.304576,15135.154976,1290042.1496,0.01510165,4014.57,0.01506503
20260823_195633_9b613e,2020-06-17,1306080.002776,15135.154976,1290944.8478,0.00069163,4017.594,0.00075326
20260823_195633_9b613e,2020-06-18,1304346.129976,15135.154976,1289210.975,-0.00132754,4044.384,0.00666817
20260823_195633_9b613e,2020-06-19,1306906.902376,15135.154976,1291771.7474,0.00196326,4098.71,0.01343245
20260823_195633_9b613e,2020-06-22,1304894.071176,15135.154976,1289758.9162,-0.00154015,4102.046,0.00081391
20260823_195633_9b613e,2020-06-23,1285449.15764,10808.24844,1274640.9092,-0.01490153,4121.794,0.00481418
20260823_195633_9b613e,2020-06-24,1288554.89784,10808.24844,1277746.6494,0.00241607,4138.989,0.00417173
20260823_195633_9b613e,2020-06-29,1271716.08884,10808.24844,1260907.8404,-0.01306798,4109.716,-0.0070725
20260823_195633_9b613e,2020-06-30,1290829.403804,7561.594904,1283267.8089,0.01502955,4163.963,0.0131997
20260823_195633_9b613e,2020-07-01,1303604.055204,7561.594904,1296042.4603,0.00989647,4247.783,0.02012986
20260823_195633_9b613e,2020-07-02,1324090.118804,7561.594904,1316528.5239,0.01571494,4335.844,0.02073105
20260823_195633_9b613e,2020-07-03,1359542.504804,7561.594904,1351980.9099,0.0267749,4419.596,0.01931619
20260823_195633_9b613e,2020-07-06,1407811.798704,7561.594904,1400250.2038,0.03550407,4670.095,0.05667916
20260823_195633_9b613e,2020-07-07,1409448.922204,14762.107204,1394686.815,0.00116289,4698.126,0.00600223
20260823_195633_9b613e,2020-07-08,1427872.869104,14762.107204,1413110.7619,0.01307174,4774.004,0.01615069
20260823_195633_9b613e,2020-07-09,1457346.468804,14762.107204,1442584.3616,0.02064161,4840.771,0.01398553
20260823_195633_9b613e,2020-07-10,1428207.567804,14762.107204,1413445.4606,-0.01999449,4753.134,-0.01810393
20260823_195633_9b613e,2020-07-13,1473717.859404,14762.107204,1458955.7522,0.03186532,4852.961,0.02100235
20260823_195633_9b613e,2020-07-14,1491178.788246,-252.916154,1491431.7044,0.01184822,4806.69,-0.00953459
20260823_195633_9b613e,2020-07-15,1447928.636646,-252.916154,1448181.5528,-0.029004,4744.469,-0.01294467
20260823_195633_9b613e,2020-07-16,1417372.100146,-252.916154,1417625.0163,-0.02110362,4516.254,-0.04810127
20260823_195633_9b613e,2020-07-17,1459350.150646,-252.916154,1459603.0668,0.02961682,4544.7,0.00629858
20260823_195633_9b613e,2020-07-20,1498994.991146,-252.916154,1499247.9073,0.02716609,4680.305,0.02983805
20260823_195633_9b613e,2020-07-21,1488690.352703,8082.504503,1480607.8482,-0.00687436,4691.043,0.00229429
20260823_195633_9b613e,2020-07-22,1481959.077003,8082.504503,1473876.5725,-0.00452161,4714.446,0.00498887
20260823_195633_9b613e,2020-07-23,1476124.105603,8082.504503,1468041.6011,-0.00393734,4712.436,-0.00042635
20260823_195633_9b613e,2020-07-24,1429787.661503,8082.504503,1421705.157,-0.03139062,4505.591,-0.04389343
20260823_195633_9b613e,2020-07-27,1417153.416403,8082.504503,1409070.9119,-0.00883645,4528.45,0.00507347
20260823_195633_9b613e,2020-07-28,1432116.859925,4153.208825,1427963.6511,0.0105588,4568.258,0.00879065
20260823_195633_9b613e,2020-07-29,1447894.013425,4153.208825,1443740.8046,0.01101667,4679.008,0.02424338
20260823_195633_9b613e,2020-07-30,1454667.096925,4153.208825,1450513.8881,0.00467789,4656.151,-0.00488501
20260823_195633_9b613e,2020-07-31,1482044.932825,4153.208825,1477891.724,0.01882069,4695.047,0.00835368
20260823_195633_9b613e,2020-08-03,1520787.672725,4153.208825,1516634.4639,0.02614141,4771.311,0.0162435
20260823_195633_9b613e,2020-08-04,1522393.29323,-3054.77017,1525448.0634,0.00105578,4775.803,0.00094146
20260823_195633_9b613e,2020-08-05,1542958.47633,-3054.77017,1546013.2465,0.01350846,4777.109,0.00027346
20260823_195633_9b613e,2020-08-06,1566246.24233,-3054.77017,1569301.0125,0.01509293,4762.764,-0.00300286
20260823_195633_9b613e,2020-08-07,1560237.20553,-3054.77017,1563291.9757,-0.00383658,4707.926,-0.0115139
20260823_195633_9b613e,2020-08-10,1605897.76583,-3054.77017,1608952.536,0.02926514,4724.87,0.00359904
20260823_195633_9b613e,2020-08-11,1573482.280521,26582.080421,1546900.2001,-0.02018527,4681.783,-0.00911919
20260823_195633_9b613e,2020-08-12,1577635.973621,26582.080421,1551053.8932,0.00263981,4647.645,-0.00729167
20260823_195633_9b613e,2020-08-13,1582378.890021,26582.080421,1555796.8096,0.00300634,4635.712,-0.00256754
20260823_195633_9b613e,2020-08-14,1584123.391621,26582.080421,1557541.3112,0.00110246,4704.629,0.01486654
20260823_195633_9b613e,2020-08-17,1602070.891321,26582.080421,1575488.8109,0.01132961,4815.226,0.02350812
20260823_195633_9b613e,2020-08-18,1612127.186912,11973.842712,1600153.3442,0.00627706,4812.756,-0.00051296
20260823_195633_9b613e,2020-08-19,1621659.197012,11973.842712,1609685.3543,0.00591269,4740.679,-0.01497624
20260823_195633_9b613e,2020-08-20,1604639.039412,11973.842712,1592665.1967,-0.01049552,4679.154,-0.0129781
20260823_195633_9b613e,2020-08-21,1618874.320612,11973.842712,1606900.4779,0.00887133,4718.843,0.00848209
20260823_195633_9b613e,2020-08-24,1614493.572812,11973.842712,1602519.7301,-0.00270605,4755.849,0.00784218
20260823_195633_9b613e,2020-08-25,1611157.616159,5711.375859,1605446.2403,-0.00206626,4761.951,0.00128305
20260823_195633_9b613e,2020-08-26,1634918.885459,5711.375859,1629207.5096,0.01474795,4706.13,-0.0117223
20260823_195633_9b613e,2020-08-27,1693826.929559,5711.375859,1688115.5537,0.03603117,4731.345,0.00535791
20260823_195633_9b613e,2020-08-28,1706166.877359,5711.375859,1700455.5015,0.00728525,4844.266,0.02386657
20260823_195633_9b613e,2020-08-31,1727503.748659,5711.375859,1721792.3728,0.01250574,4816.215,-0.00579056
20260823_195633_9b613e,2020-09-01,1729427.709358,8586.159058,1720841.5503,0.00111372,4842.122,0.00537912
20260823_195633_9b613e,2020-09-02,1739416.863358,8586.159058,1730830.7043,0.00577599,4843.887,0.00036451
20260823_195633_9b613e,2020-09-03,1718460.317558,8586.159058,1709874.1585,-0.01204803,4817.096,-0.00553089
20260823_195633_9b613e,2020-09-04,1731276.043658,8586.159058,1722689.8846,0.00745768,4770.219,-0.00973138
20260823_195633_9b613e,2020-09-07,1721020.444458,8586.159058,1712434.2854,-0.00592372,4669.368,-0.0211418
20260823_195633_9b613e,2020-09-08,1741280.83093,8885.76923,1732395.0617,0.01177231,4694.389,0.00535854
20260823_195633_9b613e,2020-09-09,1736766.22013,8885.76923,1727880.4509,-0.0025927,4584.588,-0.02338984
20260823_195633_9b613e,2020-09-10,1688963.84333,8885.76923,1680078.0741,-0.02752378,4581.978,-0.0005693
20260823_195633_9b613e,2020-09-11,1704819.99463,8885.76923,1695934.2254,0.00938809,4627.283,0.00988765
20260823_195633_9b613e,2020-09-14,1706980.96693,8885.76923,1698095.1977,0.00126757,4651.051,0.00513649
20260823_195633_9b613e,2020-09-15,1696565.155551,13023.943551,1683541.212,-0.00610189,4688.482,0.00804786
20260823_195633_9b613e,2020-09-16,1701726.338351,13023.943551,1688702.3948,0.00304214,4657.359,-0.00663818
20260823_195633_9b613e,2020-09-17,1710234.274751,13023.943551,1697210.3312,0.00499959,4632.714,-0.00529163
20260823_195633_9b613e,2020-09-18,1732088.290151,13023.943551,1719064.3466,0.01277838,4737.089,0.02252999
20260823_195633_9b613e,2020-09-21,1724791.831751,13023.943551,1711767.8882,-0.00421252,4691.428,-0.00963904
20260823_195633_9b613e,2020-09-22,1698739.606034,6522.828934,1692216.7771,-0.01510456,4635.761,-0.01186568
20260823_195633_9b613e,2020-09-23,1703365.463634,6522.828934,1696842.6347,0.00272311,4652.327,0.00357352
20260823_195633_9b613e,2020-09-24,1659314.707834,6522.828934,1652791.8789,-0.02586101,4563.066,-0.01918631
20260823_195633_9b613e,2020-09-25,1657244.517634,6522.828934,1650721.6887,-0.00124762,4570.022,0.00152441
20260823_195633_9b613e,2020-09-28,1647079.491434,6522.828934,1640556.6625,-0.00613369,4581.909,0.00260108
20260823_195633_9b613e,2020-09-29,1661406.317343,1887.668743,1659518.6486,0.00869832,4591.8,0.00215871
20260823_195633_9b613e,2020-09-30,1675151.446643,1887.668743,1673263.7779,0.00827319,4587.395,-0.00095932
20260823_195633_9b613e,2020-10-09,1719472.442843,1887.668743,1717584.7741,0.0264579,4681.141,0.02043556
20260823_195633_9b613e,2020-10-12,1746032.323769,2881.196869,1743151.1269,0.01544653,4823.157,0.0303379
20260823_195633_9b613e,2020-10-13,1752639.803105,6980.677405,1745659.1257,0.00378428,4839.201,0.00332645
20260823_195633_9b613e,2020-10-14,1747776.069805,6980.677405,1740795.3924,-0.00277509,4807.102,-0.00663312
20260823_195633_9b613e,2020-10-15,1753361.312405,6980.677405,1746380.635,0.00319563,4798.736,-0.00174034
20260823_195633_9b613e,2020-10-16,1754822.947205,6980.677405,1747842.2698,0.00083362,4791.676,-0.00147122
20260823_195633_9b613e,2020-10-19,1747419.437905,6980.677405,1740438.7605,-0.00421895,4755.488,-0.00755226
20260823_195633_9b613e,2020-10-20,1766853.388263,2371.175163,1764482.2131,0.01112151,4793.467,0.00798635
20260823_195633_9b613e,2020-10-21,1742805.782163,2371.175163,1740434.607,-0.01361041,4792.828,-0.00013331
20260823_195633_9b613e,2020-10-22,1744822.289863,2371.175163,1742451.1147,0.00115705,4777.984,-0.00309713
20260823_195633_9b613e,2020-10-23,1733234.949363,2371.175163,1730863.7742,-0.00664099,4718.488,-0.01245211
20260823_195633_9b613e,2020-10-26,1727976.450363,2371.175163,1725605.2752,-0.00303392,4691.236,-0.00577558
20260823_195633_9b613e,2020-10-27,1727577.760474,5462.446274,1722115.3142,-0.00023073,4699.28,0.00171469
20260823_195633_9b613e,2020-10-28,1722603.099074,5462.446274,1717140.6528,-0.00287956,4737.272,0.00808464
20260823_195633_9b613e,2020-10-29,1711829.840574,5462.446274,1706367.3943,-0.00625406,4772.92,0.00752501
20260823_195633_9b613e,2020-10-30,1665094.139474,5462.446274,1659631.6932,-0.0273016,4695.334,-0.01625546
20260823_195633_9b613e,2020-11-02,1662652.772974,5462.446274,1657190.3267,-0.0014662,4720.832,0.0054305
20260823_195633_9b613e,2020-11-03,1690732.121549,10237.700649,1680494.4209,0.01688828,4777.561,0.01201674
20260823_195633_9b613e,2020-11-04,1681337.874449,10237.700649,1671100.1738,-0.00555632,4813.656,0.00755511
20260823_195633_9b613e,2020-11-05,1714605.987849,10237.700649,1704368.2872,0.01978669,4885.112,0.01484443
20260823_195633_9b613e,2020-11-06,1705313.932549,10237.700649,1695076.2319,-0.00541935,4885.718,0.00012405
20260823_195633_9b613e,2020-11-09,1740643.366649,10237.700649,1730405.666,0.02071726,4981.35,0.01957379
20260823_195633_9b613e,2020-11-10,1730995.741389,11122.618189,1719873.1232,-0.00554256,4953.876,-0.00551537
20260823_195633_9b613e,2020-11-11,1730500.694789,11122.618189,1719378.0766,-0.00028599,4904.898,-0.0098868
20260823_195633_9b613e,2020-11-12,1725727.201989,11122.618189,1714604.5838,-0.00275845,4908.463,0.00072682
20260823_195633_9b613e,2020-11-13,1716419.834589,11122.618189,1705297.2164,-0.0053933,4856.851,-0.0105149
20260823_195633_9b613e,2020-11-16,1749910.234789,11122.618189,1738787.6166,0.01951178,4904.172,0.00974314
20260823_195633_9b613e,2020-11-17,1760736.227362,3030.741662,1757705.4857,0.0061866,4894.786,-0.00191388
20260823_195633_9b613e,2020-11-18,1767147.479462,3030.741662,1764116.7378,0.00364123,4891.671,-0.00063639
20260823_195633_9b613e,2020-11-19,1771410.384562,3030.741662,1768379.6429,0.00241231,4927.99,0.00742466
20260823_195633_9b613e,2020-11-20,1775603.629962,3030.741662,1772572.8883,0.00236718,4943.289,0.00310451
20260823_195633_9b613e,2020-11-23,1792472.691462,3030.741662,1789441.9498,0.00950047,5005.027,0.01248926
20260823_195633_9b613e,2020-11-24,1782055.637206,2508.920106,1779546.7171,-0.00581156,4974.286,-0.00614202
20260823_195633_9b613e,2020-11-25,1767542.294306,2508.920106,1765033.3742,-0.00814416,4910.7,-0.01278294
20260823_195633_9b613e,2020-11-26,1773913.904806,2508.920106,1771404.9847,0.00360479,4919.591,0.00181054
20260823_195633_9b613e,2020-11-27,1767102.553206,2508.920106,1764593.6331,-0.00383973,4980.765,0.01243477
20260823_195633_9b613e,2020-11-30,1767251.343506,2508.920106,1764742.4234,8.42e-05,4960.252,-0.00411844
20260823_195633_9b613e,2020-12-01,1797927.530893,8.105193,1797919.4257,0.01735813,5067.098,0.02154044
20260823_195633_9b613e,2020-12-02,1807368.410893,8.105193,1807360.3057,0.00525098,5067.145,9.28e-06
20260823_195633_9b613e,2020-12-03,1802461.603393,8.105193,1802453.4982,-0.00271489,5057.061,-0.00199008
20260823_195633_9b613e,2020-12-04,1802020.759793,8.105193,1802012.6546,-0.00024458,5065.917,0.00175121
20260823_195633_9b613e,2020-12-07,1797137.214093,8.105193,1797129.1089,-0.00271004,5022.235,-0.00862272
20260823_195633_9b613e,2020-12-08,1785204.189913,3415.482213,1781788.7077,-0.00664002,5009.879,-0.00246026
20260823_195633_9b613e,2020-12-09,1758254.350213,3415.482213,1754838.868,-0.01509622,4942.699,-0.01340951
20260823_195633_9b613e,2020-12-10,1762906.051713,3415.482213,1759490.5695,0.00264564,4940.525,-0.00043984
20260823_195633_9b613e,2020-12-11,1733971.933613,3415.482213,1730556.4514,-0.01641274,4889.63,-0.01030154
20260823_195633_9b613e,2020-12-14,1748776.668013,3415.482213,1745361.1858,0.00853805,4934.835,0.00924508
20260823_195633_9b613e,2020-12-15,1752791.12225,2921.45575,1749869.6665,0.00229558,4945.1,0.00208011
20260823_195633_9b613e,2020-12-16,1748745.33845,2921.45575,1745823.8827,-0.0023082,4953.867,0.00177287
20260823_195633_9b613e,2020-12-17,1745095.68715,2921.45575,1742174.2314,-0.00208701,5017.478,0.01284068
20260823_195633_9b613e,2020-12-18,1730518.97835,2921.45575,1727597.5226,-0.00835296,4999.968,-0.0034898
20260823_195633_9b613e,2020-12-21,1739093.35665,2921.45575,1736171.9009,0.0049548,5046.84,0.00937446
20260823_195633_9b613e,2020-12-22,1701682.559133,3031.674933,1698650.8842,-0.02151167,4964.773,-0.01626107
20260823_195633_9b613e,2020-12-23,1716823.662933,3031.674933,1713791.988,0.00889773,5007.124,0.0085303
20260823_195633_9b613e,2020-12-24,1677200.498833,3031.674933,1674168.8239,-0.02307934,5000.015,-0.00141978
20260823_195633_9b613e,2020-12-25,1692006.480333,3031.674933,1688974.8054,0.00882779,5042.014,0.00839977
20260823_195633_9b613e,2020-12-28,1671336.169833,3031.674933,1668304.4949,-0.01221645,5064.414,0.00444267
20260823_195633_9b613e,2020-12-29,1662593.21986,2959.95526,1659633.2646,-0.00523111,5042.936,-0.00424096
20260823_195633_9b613e,2020-12-30,1665872.08266,2959.95526,1662912.1274,0.00197214,5113.711,0.01403448
20260823_195633_9b613e,2020-12-31,1686205.24686,2959.95526,1683245.2916,0.01220572,5211.289,0.01908164
20260823_195633_9b613e,2021-01-04,1696755.21246,2959.95526,1693795.2572,0.00625663,5267.718,0.01082822
20260823_195633_9b613e,2021-01-05,1682687.532946,4096.577246,1678590.9557,-0.00829093,5368.505,0.01913295
20260823_195633_9b613e,2021-01-06,1658017.955746,4096.577246,1653921.3785,-0.01466082,5417.667,0.00915748
20260823_195633_9b613e,2021-01-07,1610272.483246,4096.577246,1606175.906,-0.02879672,5513.657,0.01771796
20260823_195633_9b613e,2021-01-08,1614710.994246,4096.577246,1610614.417,0.00275637,5495.431,-0.00330561
20260823_195633_9b613e,2021-01-11,1571385.534246,4096.577246,1567288.957,-0.02683171,5441.159,-0.00987584
20260823_195633_9b613e,2021-01-12,1582442.778333,1453.587333,1580989.191,0.00703662,5596.352,0.02852205
20260823_195633_9b613e,2021-01-13,1580874.447333,1453.587333,1579420.86,-0.00099108,5577.972,-0.00328428
20260823_195633_9b613e,2021-01-14,1594260.870333,1453.587333,1592807.283,0.00846773,5470.456,-0.01927511
20260823_195633_9b613e,2021-01-15,1640959.004333,1453.587333,1639505.417,0.0292914,5458.081,-0.00226215
20260823_195633_9b613e,2021-01-18,1671066.205333,1453.587333,1669612.618,0.01834732,5518.52,0.01107331
20260823_195633_9b613e,2021-01-19,1681947.358743,12251.562743,1669695.796,0.0065115,5437.524,-0.01467712
20260823_195633_9b613e,2021-01-20,1690513.117743,12251.562743,1678261.555,0.00509276,5476.434,0.00715583
20260823_195633_9b613e,2021-01-21,1709740.315743,12251.562743,1697488.753,0.01137359,5564.97,0.01616672
20260823_195633_9b613e,2021-01-22,1671406.136743,12251.562743,1659154.574,-0.02242105,5569.776,0.00086362
20260823_195633_9b613e,2021-01-25,1620446.190743,12251.562743,1608194.628,-0.03048927,5625.923,0.01008066
20260823_195633_9b613e,2021-01-26,1612040.100947,2274.335947,1609765.765,-0.00518752,5512.968,-0.02007759
20260823_195633_9b613e,2021-01-27,1619892.118947,2274.335947,1617617.783,0.00487086,5528.004,0.00272739
20260823_195633_9b613e,2021-01-28,1609419.175947,2274.335947,1607144.84,-0.00646521,5377.143,-0.02729032
20260823_195633_9b613e,2021-01-29,1591435.748947,2274.335947,1589161.413,-0.01117386,5351.965,-0.00468241
20260823_195633_9b613e,2021-02-01,1593347.288947,2274.335947,1591072.953,0.00120114,5417.649,0.01227288
20260823_195633_9b613e,2021-02-02,1599181.46432,5742.46232,1593439.002,0.00366158,5501.091,0.01540188
20260823_195633_9b613e,2021-02-03,1576254.95532,5742.46232,1570512.493,-0.0143364,5485.201,-0.00288852
20260823_195633_9b613e,2021-02-04,1524772.08932,5742.46232,1519029.627,-0.03266151,5473.948,-0.00205152
20260823_195633_9b613e,2021-02-05,1513571.14232,5742.46232,1507828.68,-0.00734598,5483.414,0.00172928
20260823_195633_9b613e,2021-02-08,1515343.43232,5742.46232,1509600.97,0.00117093,5564.562,0.01479881
20260823_195633_9b613e,2021-02-09,1537901.023965,4679.290965,1533221.733,0.01488612,5686.251,0.02186857
20260823_195633_9b613e,2021-02-10,1554978.957965,4679.290965,1550299.667,0.0111047,5807.72,0.02136188
20260823_195633_9b613e,2021-02-18,1597749.324965,4679.290965,1593070.034,0.02750543,5768.381,-0.00677357
20260823_195633_9b613e,2021-02-19,1637042.647669,1162.523669,1635880.124,0.02459292,5778.842,0.00181351
20260823_195633_9b613e,2021-02-22,1662866.196669,1162.523669,1661703.673,0.01577451,5597.333,-0.03140923
20260823_195633_9b613e,2021-02-23,1643070.064096,1647.023096,1641423.041,-0.01190483,5579.668,-0.00315597
20260823_195633_9b613e,2021-02-24,1655658.017096,1647.023096,1654010.994,0.00766124,5437.568,-0.02546747
20260823_195633_9b613e,2021-02-25,1678711.780096,1647.023096,1677064.757,0.01392423,5469.559,0.00588333
20260823_195633_9b613e,2021-02-26,1668085.294096,1647.023096,1666438.271,-0.00633014,5336.761,-0.02427947
20260823_195633_9b613e,2021-03-01,1688606.958096,1647.023096,1686959.935,0.01230253,5418.784,0.01536943
20260823_195633_9b613e,2021-03-02,1682416.640357,-2241.843643,1684658.484,-0.00366593,5349.631,-0.01276172
20260823_195633_9b613e,2021-03-03,1708126.203357,-2241.843643,1710368.047,0.01528133,5452.213,0.01917553
20260823_195633_9b613e,2021-03-04,1709620.834357,-2241.843643,1711862.678,0.00087501,5280.706,-0.0314564
20260823_195633_9b613e,2021-03-05,1708365.267357,-2241.843643,1710607.111,-0.00073441,5262.796,-0.00339159
20260823_195633_9b613e,2021-03-08,1693924.957357,-2241.843643,1696166.801,-0.00845271,5080.024,-0.03472907
20260823_195633_9b613e,2021-03-09,1662525.428099,-2438.897901,1664964.326,-0.01853655,4970.999,-0.02146151
20260823_195633_9b613e,2021-03-10,1644516.604099,-2438.897901,1646955.502,-0.01083221,5003.612,0.00656065
20260823_195633_9b613e,2021-03-11,1678654.675099,-2438.897901,1681093.573,0.02075873,5128.215,0.02490261
20260823_195633_9b613e,2021-03-12,1690514.447099,-2438.897901,1692953.345,0.00706505,5146.378,0.00354178
20260823_195633_9b613e,2021-03-15,1689428.499099,-2438.897901,1691867.397,-0.00064238,5035.544,-0.02153631
20260823_195633_9b613e,2021-03-16,1718081.528809,-6969.014191,1725050.543,0.01696019,5079.362,0.00870174
20260823_195633_9b613e,2021-03-17,1702724.551809,-6969.014191,1709693.566,-0.00893844,5100.859,0.00423222
20260823_195633_9b613e,2021-03-18,1703696.145809,-6969.014191,1710665.16,0.00057061,5141.768,0.00802002
20260823_195633_9b613e,2021-03-19,1697704.227809,-6969.014191,1704673.242,-0.00351701,5007.091,-0.02619274
20260823_195633_9b613e,2021-03-22,1714769.201809,-6969.014191,1721738.216,0.01005179,5057.152,0.00999802
20260823_195633_9b613e,2021-03-23,1689630.941091,-2826.013909,1692456.955,-0.01465985,5009.246,-0.00947292
20260823_195633_9b613e,2021-03-24,1696324.760091,-2826.013909,1699150.774,0.0039617,4928.685,-0.01608246
20260823_195633_9b613e,2021-03-25,1671739.075091,-2826.013909,1674565.089,-0.0144935,4926.347,-0.00047437
20260823_195633_9b613e,2021-03-26,1687858.154091,-2826.013909,1690684.168,0.0096421,5037.99,0.02266243
20260823_195633_9b613e,2021-03-29,1687866.068091,-2826.013909,1690692.082,4.69e-06,5046.877,0.001764
20260823_195633_9b613e,2021-03-30,1665680.182456,-3974.853544,1669655.036,-0.01314434,5094.729,0.00948151
20260823_195633_9b613e,2021-03-31,1679861.781456,-3974.853544,1683836.635,0.008514,5048.361,-0.00910117
20260823_195633_9b613e,2021-04-01,1673396.055456,-3974.853544,1677370.909,-0.00384896,5110.777,0.01236362
20260823_195633_9b613e,2021-04-02,1682628.677456,-3974.853544,1686603.531,0.0055173,5161.557,0.00993587
20260823_195633_9b613e,2021-04-06,1697893.113456,-3974.853544,1701867.967,0.00907178,5140.342,-0.00411019
20260823_195633_9b613e,2021-04-07,1714552.547072,3128.286072,1711424.261,0.00981183,5103.743,-0.00711995
20260823_195633_9b613e,2021-04-08,1678415.145072,3128.286072,1675286.859,-0.02107687,5112.209,0.00165878
20260823_195633_9b613e,2021-04-09,1687281.054072,3128.286072,1684152.768,0.00528231,5035.338,-0.01503675
20260823_195633_9b613e,2021-04-12,1676318.146072,3128.286072,1673189.86,-0.00649738,4947.746,-0.01739546
20260823_195633_9b613e,2021-04-13,1644571.697402,2185.717402,1642385.98,-0.0189382,4939.644,-0.00163751
20260823_195633_9b613e,2021-04-14,1660697.538402,2185.717402,1658511.821,0.0098055,4980.628,0.00829695
20260823_195633_9b613e,2021-04-15,1666431.800402,2185.717402,1664246.083,0.00345292,4948.974,-0.00635542
20260823_195633_9b613e,2021-04-16,1696327.006402,2185.717402,1694141.289,0.01793965,4966.181,0.00347688
20260823_195633_9b613e,2021-04-19,1717154.250402,2185.717402,1714968.533,0.01227785,5087.016,0.02433157
20260823_195633_9b613e,2021-04-20,1700119.726469,5388.326469,1694731.4,-0.00992021,5083.366,-0.00071751
20260823_195633_9b613e,2021-04-21,1699979.885469,5388.326469,1694591.559,-8.225e-05,5098.745,0.00302536
20260823_195633_9b613e,2021-04-22,1697973.846469,5388.326469,1692585.52,-0.00118004,5089.243,-0.0018636
20260823_195633_9b613e,2021-04-23,1672261.729469,5388.326469,1666873.403,-0.01514282,5135.453,0.00907994
20260823_195633_9b613e,2021-04-26,1667653.598469,5388.326469,1662265.272,-0.00275563,5077.238,-0.0113359
20260823_195633_9b613e,2021-04-27,1652188.48545,598.00545,1651590.48,-0.00927358,5090.52,0.00261599
20260823_195633_9b613e,2021-04-28,1670528.34945,598.00545,1669930.344,0.01110035,5119.242,0.00564225
20260823_195633_9b613e,2021-04-29,1696448.90245,598.00545,1695850.897,0.01551638,5164.169,0.0087761
20260823_195633_9b613e,2021-04-30,1650975.28045,598.00545,1650377.275,-0.02680518,5123.49,-0.00787716
20260823_195633_9b613e,2021-05-06,1645253.98145,598.00545,1644655.976,-0.00346541,5061.124,-0.01217256
20260823_195633_9b613e,2021-05-07,1658165.707939,737.308939,1657428.399,0.00784786,4996.053,-0.01285703
20260823_195633_9b613e,2021-05-10,1664593.424939,737.308939,1663856.116,0.0038764,4992.423,-0.00072657
20260823_195633_9b613e,2021-05-11,1659411.588221,1431.281221,1657980.307,-0.00311297,5023.059,0.0061365
20260823_195633_9b613e,2021-05-12,1700579.348221,1431.281221,1699148.067,0.02480865,5044.548,0.00427807
20260823_195633_9b613e,2021-05-13,1695557.204221,1431.281221,1694125.923,-0.0029532,4992.974,-0.01022371
20260823_195633_9b613e,2021-05-14,1738731.915221,1431.281221,1737300.634,0.02546344,5110.59,0.0235563
20260823_195633_9b613e,2021-05-17,1735038.173221,1431.281221,1733606.892,-0.00212439,5184.985,0.01455703
20260823_195633_9b613e,2021-05-18,1735318.684818,-3341.239182,1738659.924,0.00016167,5187.601,0.00050453
20260823_195633_9b613e,2021-05-19,1723360.356818,-3341.239182,1726701.596,-0.00689114,5172.272,-0.00295493
20260823_195633_9b613e,2021-05-20,1715650.587818,-3341.239182,1718991.827,-0.00447368,5186.412,0.00273381
20260823_195633_9b613e,2021-05-21,1718404.508818,-3341.239182,1721745.748,0.00160518,5134.148,-0.0100771
20260823_195633_9b613e,2021-05-24,1758150.395818,-3341.239182,1761491.635,0.02312953,5155.587,0.00417577
20260823_195633_9b613e,2021-05-25,1754640.709755,4469.199755,1750171.51,-0.00199624,5318.478,0.03159504
20260823_195633_9b613e,2021-05-26,1773884.127755,4469.199755,1769414.928,0.01096716,5320.593,0.00039767
20260823_195633_9b613e,2021-05-27,1791658.810755,4469.199755,1787189.611,0.01002021,5338.233,0.00331542
20260823_195633_9b613e,2021-05-28,1791394.569755,4469.199755,1786925.37,-0.00014748,5321.089,-0.00321155
20260823_195633_9b613e,2021-05-31,1807237.134755,4469.199755,1802767.935,0.0088437,5331.569,0.00196952
20260823_195633_9b613e,2021-06-01,1812001.238669,116.991669,1811884.247,0.00263613,5341.68,0.00189644
20260823_195633_9b613e,2021-06-02,1811634.521669,116.991669,1811517.53,-0.00020238,5289.973,-0.00967991
20260823_195633_9b613e,2021-06-03,1813253.504669,116.991669,1813136.513,0.00089366,5255.286,-0.00655712
20260823_195633_9b613e,2021-06-04,1813644.491669,116.991669,1813527.5,0.00021563,5282.277,0.00513597
20260823_195633_9b613e,2021-06-07,1811656.581669,116.991669,1811539.59,-0.00109609,5277.627,-0.0008803
20260823_195633_9b613e,2021-06-08,1814869.71117,-1714.06283,1816583.774,0.00177359,5232.116,-0.00862338
20260823_195633_9b613e,2021-06-09,1828177.77517,-1714.06283,1829891.838,0.00733279,5236.45,0.00082835
20260823_195633_9b613e,2021-06-10,1826081.85617,-1714.06283,1827795.919,-0.00114645,5271.466,0.00668697
20260823_195633_9b613e,2021-06-11,1835467.86817,-1714.06283,1837181.931,0.00513997,5224.703,-0.00887097
20260823_195633_9b613e,2021-06-15,1817222.89317,-1714.06283,1818936.956,-0.00994023,5166.56,-0.01112848
20260823_195633_9b613e,2021-06-16,1812551.879447,-1623.361553,1814175.241,-0.00257041,5080.491,-0.01665886
20260823_195633_9b613e,2021-06-17,1796063.041447,-1623.361553,1797686.403,-0.00909703,5101.892,0.00421239
20260823_195633_9b613e,2021-06-18,1836670.444447,-1623.361553,1838293.806,0.02260912,5102.466,0.00011251
20260823_195633_9b613e,2021-06-21,1850174.487447,-1623.361553,1851797.849,0.00735246,5090.385,-0.00236768
20260823_195633_9b613e,2021-06-22,1882139.844903,-884.627097,1883024.472,0.01727694,5122.159,0.00624196
20260823_195633_9b613e,2021-06-23,1878025.865903,-884.627097,1878910.493,-0.0021858,5147.394,0.00492663
20260823_195633_9b613e,2021-06-24,1870721.900903,-884.627097,1871606.528,-0.00388917,5155.973,0.00166667
20260823_195633_9b613e,2021-06-25,1865675.827903,-884.627097,1866560.455,-0.00269739,5239.969,0.01629101
20260823_195633_9b613e,2021-06-28,1872090.303903,-884.627097,1872974.931,0.00343815,5251.76,0.0022502
20260823_195633_9b613e,2021-06-29,1847522.69619,-1656.35081,1849179.047,-0.01312309,5190.544,-0.01165628
20260823_195633_9b613e,2021-06-30,1851950.52219,-1656.35081,1853606.873,0.00239663,5224.041,0.00645347
20260823_195633_9b613e,2021-07-01,1828644.56619,-1656.35081,1830300.917,-0.01258455,5229.664,0.00107637
20260823_195633_9b613e,2021-07-02,1835136.77119,-1656.35081,1836793.122,0.00355028,5081.117,-0.02840469
20260823_195633_9b613e,2021-07-05,1865597.61019,-1656.35081,1867253.961,0.01659868,5085.792,0.00092007
20260823_195633_9b613e,2021-07-06,1882097.237085,2475.843085,1879621.394,0.00884415,5083.105,-0.00052833
20260823_195633_9b613e,2021-07-07,1878550.619085,2475.843085,1876074.776,-0.0018844,5140.49,0.01128936
20260823_195633_9b613e,2021-07-08,1862986.950085,2475.843085,1860511.107,-0.00828493,5088.257,-0.01016109
20260823_195633_9b613e,2021-07-09,1877871.081085,2475.843085,1875395.238,0.00798939,5069.437,-0.00369871
20260823_195633_9b613e,2021-07-12,1892480.603085,2475.843085,1890004.76,0.00777983,5132.709,0.01248107
20260823_195633_9b613e,2021-07-13,1896448.936694,-6110.519306,1902559.456,0.0020969,5142.099,0.00182944
20260823_195633_9b613e,2021-07-14,1882809.539694,-6110.519306,1888920.059,-0.00719207,5083.085,-0.01147664
20260823_195633_9b613e,2021-07-15,1885083.818694,-6110.519306,1891194.338,0.00120792,5151.463,0.01345207
20260823_195633_9b613e,2021-07-16,1868894.288694,-6110.519306,1875004.808,-0.00858823,5094.773,-0.01100464
20260823_195633_9b613e,2021-07-19,1860858.944694,-6110.519306,1866969.464,-0.00429952,5113.494,0.00367455
20260823_195633_9b613e,2021-07-20,1872195.403338,487.172338,1871708.231,0.00609206,5108.994,-0.00088002
20260823_195633_9b613e,2021-07-21,1895959.879338,487.172338,1895472.707,0.01269337,5144.043,0.00686025
20260823_195633_9b613e,2021-07-22,1900731.349338,487.172338,1900244.177,0.00251665,5151.752,0.00149863
20260823_195633_9b613e,2021-07-23,1882687.860338,487.172338,1882200.688,-0.00949292,5089.228,-0.01213645
20260823_195633_9b613e,2021-07-26,1869066.840338,487.172338,1868579.668,-0.00723488,4925.299,-0.03221098
20260823_195633_9b613e,2021-07-27,1851522.706103,10.153103,1851512.553,-0.00938657,4751.313,-0.03532496
20260823_195633_9b613e,2021-07-28,1809849.106103,10.153103,1809838.953,-0.02250774,4760.483,0.00192999
20260823_195633_9b613e,2021-07-29,1843444.409103,10.153103,1843434.256,0.01856249,4850.275,0.01886195
20260823_195633_9b613e,2021-07-30,1860978.075103,10.153103,1860967.922,0.00951136,4811.17,-0.00806243
20260823_195633_9b613e,2021-08-02,1875315.278103,10.153103,1875305.125,0.00770412,4933.736,0.0254753
20260823_195633_9b613e,2021-08-03,1882772.661844,6324.399844,1876448.262,0.0039766,4934.459,0.00014654
20260823_195633_9b613e,2021-08-04,1886523.552844,6324.399844,1880199.153,0.00199222,4978.848,0.00899572
20260823_195633_9b613e,2021-08-05,1872854.157844,6324.399844,1866529.758,-0.00724581,4948.67,-0.00606124
20260823_195633_9b613e,2021-08-06,1867529.544844,6324.399844,1861205.145,-0.00284305,4921.565,-0.00547723
20260823_195633_9b613e,2021-08-09,1896514.885844,6324.399844,1890190.486,0.01552069,4985.563,0.01300359
20260823_195633_9b613e,2021-08-10,1907636.020234,4643.247234,1902992.773,0.00586398,5043.148,0.01155035
20260823_195633_9b613e,2021-08-11,1908559.956234,4643.247234,1903916.709,0.00048434,5015.34,-0.00551402
20260823_195633_9b613e,2021-08-12,1906656.717234,4643.247234,1902013.47,-0.00099721,4973.351,-0.00837211
20260823_195633_9b613e,2021-08-13,1909053.786234,4643.247234,1904410.539,0.00125721,4945.983,-0.00550293
20260823_195633_9b613e,2021-08-16,1915003.888234,4643.247234,1910360.641,0.00311678,4941.068,-0.00099374
20260823_195633_9b613e,2021-08-17,1881365.228559,394.653559,1880970.575,-0.01756584,4837.403,-0.02098028
20260823_195633_9b613e,2021-08-18,1911266.069559,394.653559,1910871.416,0.01589316,4894.238,0.01174907
20260823_195633_9b613e,2021-08-19,1898075.792559,394.653559,1897681.139,-0.00690133,4862.139,-0.00655853
20260823_195633_9b613e,2021-08-20,1883584.057559,394.653559,1883189.404,-0.00763496,4769.268,-0.01910085
20260823_195633_9b613e,2021-08-23,1923911.608559,394.653559,1923516.955,0.02141001,4835.878,0.0139665
20260823_195633_9b613e,2021-08-24,1947021.155021,5677.130021,1941344.025,0.01201175,4888.391,0.01085904
20260823_195633_9b613e,2021-08-25,1975830.404021,5677.130021,1970153.274,0.01479658,4898.158,0.001998
20260823_195633_9b613e,2021-08-26,1972787.896021,5677.130021,1967110.766,-0.00153986,4801.609,-0.01971129
20260823_195633_9b613e,2021-08-27,1987146.101021,5677.130021,1981468.971,0.00727813,4827.044,0.00529718
20260823_195633_9b613e,2021-08-30,1963904.492021,5677.130021,1958227.362,-0.01169597,4813.27,-0.00285351
20260823_195633_9b613e,2021-08-31,2004072.190044,2754.986044,2001317.204,0.02045298,4805.61,-0.00159143
20260823_195633_9b613e,2021-09-01,2005165.552044,2754.986044,2002410.566,0.00054557,4869.458,0.01328614
20260823_195633_9b613e,2021-09-02,2007536.799044,2754.986044,2004781.813,0.00118257,4869.412,-9.45e-06
20260823_195633_9b613e,2021-09-03,2054227.732044,2754.986044,2051472.746,0.02325782,4843.062,-0.00541133
20260823_195633_9b613e,2021-09-06,2088622.823044,2754.986044,2085867.837,0.01674356,4933.726,0.01872039
20260823_195633_9b613e,2021-09-07,2122414.632603,35576.326603,2086838.306,0.01617899,4992.83,0.01197959
20260823_195633_9b613e,2021-09-08,2144891.681603,35576.326603,2109315.355,0.01059032,4972.133,-0.00414534
20260823_195633_9b613e,2021-09-09,2161791.753603,35576.326603,2126215.427,0.00787922,4970.013,-0.00042638
20260823_195633_9b613e,2021-09-10,2163052.029603,35576.326603,2127475.703,0.00058298,5013.522,0.0087543
20260823_195633_9b613e,2021-09-13,2212806.723603,35576.326603,2177230.397,0.02300208,4991.66,-0.00436061
20260823_195633_9b613e,2021-09-14,2188994.796547,2612.526547,2186382.27,-0.01076096,4917.162,-0.01492449
20260823_195633_9b613e,2021-09-15,2206173.078547,2612.526547,2203560.552,0.00784757,4867.319,-0.01013654
20260823_195633_9b613e,2021-09-16,2201023.230547,2612.526547,2198410.704,-0.00233429,4807.698,-0.01224925
20260823_195633_9b613e,2021-09-17,2181029.279547,2612.526547,2178416.753,-0.00908393,4855.941,0.01003453
20260823_195633_9b613e,2021-09-22,2188432.797547,2612.526547,2185820.271,0.00339451,4821.767,-0.00703756
20260823_195633_9b613e,2021-09-23,2246436.289411,626.597411,2245809.692,0.02650458,4853.196,0.00651815
20260823_195633_9b613e,2021-09-24,2179160.128411,626.597411,2178533.531,-0.02994795,4849.427,-0.0007766
20260823_195633_9b613e,2021-09-27,2083634.052411,626.597411,2083007.455,-0.04383619,4877.37,0.00576212
20260823_195633_9b613e,2021-09-28,2127368.039668,1048.993668,2126319.046,0.02098928,4883.828,0.00132407
20260823_195633_9b613e,2021-09-29,2059766.751668,1048.993668,2058717.758,-0.03177696,4833.928,-0.0102174
20260823_195633_9b613e,2021-09-30,2126930.214668,1048.993668,2125881.221,0.03260731,4866.382,0.00671379
20260823_195633_9b613e,2021-10-08,2176657.106668,1048.993668,2175608.113,0.02337965,4929.941,0.01306083
20260823_195633_9b613e,2021-10-11,2193030.059052,-5839.483948,2198869.543,0.00752206,4936.192,0.00126797
20260823_195633_9b613e,2021-10-12,2186314.563671,4130.876671,2182183.687,-0.0030622,4883.837,-0.01060635
20260823_195633_9b613e,2021-10-13,2160904.114671,4130.876671,2156773.238,-0.0116225,4940.109,0.01152209
20260823_195633_9b613e,2021-10-14,2231132.923671,4130.876671,2227002.047,0.03249973,4913.613,-0.00536344
20260823_195633_9b613e,2021-10-15,2184065.778671,4130.876671,2179934.902,-0.02109563,4932.109,0.00376424
20260823_195633_9b613e,2021-10-18,2213293.791671,4130.876671,2209162.915,0.01338239,4874.775,-0.01162464
20260823_195633_9b613e,2021-10-19,2225234.620024,13425.290024,2211809.33,0.00539505,4922.724,0.00983615
20260823_195633_9b613e,2021-10-20,2199730.750024,13425.290024,2186305.46,-0.0114612,4910.185,-0.00254717
20260823_195633_9b613e,2021-10-21,2181566.314024,13425.290024,2168141.024,-0.00825757,4928.016,0.00363143
20260823_195633_9b613e,2021-10-22,2151355.244024,13425.290024,2137929.954,-0.01384834,4959.726,0.00643464
20260823_195633_9b613e,2021-10-25,2137590.081024,13425.290024,2124164.791,-0.00639837,4979.524,0.00399175
20260823_195633_9b613e,2021-10-26,2122441.741857,755.484857,2121686.257,-0.00708664,4963.099,-0.00329851
20260823_195633_9b613e,2021-10-27,2078790.634857,755.484857,2078035.15,-0.02056646,4898.165,-0.01308336
20260823_195633_9b613e,2021-10-28,2052734.847857,755.484857,2051979.363,-0.01253411,4864.138,-0.00694689
20260823_195633_9b613e,2021-10-29,2108017.858857,755.484857,2107262.374,0.02693139,4908.77,0.00917573
20260823_195633_9b613e,2021-11-01,2135832.861857,755.484857,2135077.377,0.01319486,4890.686,-0.00368402
20260823_195633_9b613e,2021-11-02,2085534.618002,-5593.469998,2091128.088,-0.02354971,4839.846,-0.01039527
20260823_195633_9b613e,2021-11-03,2090439.155002,-5593.469998,2096032.625,0.00235169,4821.112,-0.00387078
20260823_195633_9b613e,2021-11-04,2105183.626002,-5593.469998,2110777.096,0.00705329,4868.742,0.00987946
20260823_195633_9b613e,2021-11-05,2114235.895002,-5593.469998,2119829.365,0.00429999,4842.346,-0.00542152
20260823_195633_9b613e,2021-11-08,2134198.648002,-5593.469998,2139792.118,0.00944207,4848.179,0.00120458
20260823_195633_9b613e,2021-11-09,2145374.226989,2086.133989,2143288.093,0.00523643,4846.745,-0.00029578
20260823_195633_9b613e,2021-11-10,2156028.023989,2086.133989,2153941.89,0.00496594,4821.193,-0.00527199
20260823_195633_9b613e,2021-11-11,2184174.517989,2086.133989,2182088.384,0.01305479,4898.653,0.01606656
20260823_195633_9b613e,2021-11-12,2181892.625989,2086.133989,2179806.492,-0.00104474,4888.375,-0.00209813
20260823_195633_9b613e,2021-11-15,2211656.434989,2086.133989,2209570.301,0.01364128,4882.378,-0.00122679
20260823_195633_9b613e,2021-11-16,2193988.28911,2618.31611,2191369.973,-0.00798865,4883.32,0.00019294
20260823_195633_9b613e,2021-11-17,2219126.15511,2618.31611,2216507.839,0.01145761,4885.755,0.00049864
20260823_195633_9b613e,2021-11-18,2192977.09111,2618.31611,2190358.775,-0.0117835,4837.618,-0.00985252
20260823_195633_9b613e,2021-11-19,2238117.33911,2618.31611,2235499.023,0.020584,4890.058,0.01084005
20260823_195633_9b613e,2021-11-22,2241044.98711,2618.31611,2238426.671,0.00130809,4912.399,0.00456866
20260823_195633_9b613e,2021-11-23,2245360.959891,4371.349891,2240989.61,0.00192588,4913.346,0.00019278
20260823_195633_9b613e,2021-11-24,2271693.873891,4371.349891,2267322.524,0.0117277,4916.658,0.00067408
20260823_195633_9b613e,2021-11-25,2275970.650891,4371.349891,2271599.301,0.00188264,4896.442,-0.00411174
20260823_195633_9b613e,2021-11-26,2254859.644891,4371.349891,2250488.295,-0.00927561,4860.126,-0.00741681
20260823_195633_9b613e,2021-11-29,2229202.274891,4371.349891,2224830.925,-0.0113787,4851.423,-0.00179069
20260823_195633_9b613e,2021-11-30,2253901.956147,5417.340147,2248484.616,0.01108005,4832.026,-0.00399821
20260823_195633_9b613e,2021-12-01,2297340.772147,5417.340147,2291923.432,0.01927272,4843.851,0.00244721
20260823_195633_9b613e,2021-12-02,2282123.338147,5417.340147,2276705.998,-0.00662393,4856.163,0.00254178
20260823_195633_9b613e,2021-12-03,2288680.137147,5417.340147,2283262.797,0.00287311,4901.018,0.00923672
20260823_195633_9b613e,2021-12-06,2247970.696147,5417.340147,2242553.356,-0.0177873,4892.621,-0.00171332
20260823_195633_9b613e,2021-12-07,2284871.49118,-601.07082,2285472.562,0.01641516,4922.102,0.0060256
20260823_195633_9b613e,2021-12-08,2285817.00018,-601.07082,2286418.071,0.00041381,4995.93,0.01499928
20260823_195633_9b613e,2021-12-09,2303087.58018,-601.07082,2303688.651,0.00755554,5078.69,0.01656548
20260823_195633_9b613e,2021-12-10,2303288.94718,-601.07082,2303890.018,8.743e-05,5055.118,-0.00464135
20260823_195633_9b613e,2021-12-13,2291344.22718,-601.07082,2291945.298,-0.00518594,5083.801,0.00567405
20260823_195633_9b613e,2021-12-14,2296519.843996,-3096.401004,2299616.245,0.00225877,5049.695,-0.00670876
20260823_195633_9b613e,2021-12-15,2355368.101996,-3096.401004,2358464.503,0.02562497,5005.9,-0.0086728
20260823_195633_9b613e,2021-12-16,2413240.816996,-3096.401004,2416337.218,0.02457056,5034.732,0.0057596
20260823_195633_9b613e,2021-12-17,2441755.167996,-3096.401004,2444851.569,0.01181579,4954.76,-0.01588406
20260823_195633_9b613e,2021-12-20,2470408.243996,-3096.401004,2473504.645,0.01173462,4880.418,-0.01500416
20260823_195633_9b613e,2021-12-21,2578571.563946,41909.515946,2536662.048,0.04378358,4913.485,0.00677544
20260823_195633_9b613e,2021-12-22,2574089.276946,41909.515946,2532179.761,-0.00173828,4914.454,0.00019721
20260823_195633_9b613e,2021-12-23,2546353.570946,41909.515946,2504444.055,-0.01077496,4948.739,0.00697636
20260823_195633_9b613e,2021-12-24,2498915.687946,41909.515946,2457006.172,-0.01862973,4921.345,-0.00553555
20260823_195633_9b613e,2021-12-27,2564459.198946,41909.515946,2522549.683,0.02622878,4919.324,-0.00041066
20260823_195633_9b613e,2021-12-28,2581758.293981,15368.419981,2566389.874,0.00674571,4955.964,0.00744818
20260823_195633_9b613e,2021-12-29,2581616.079981,15368.419981,2566247.66,-5.508e-05,4883.48,-0.01462561
20260823_195633_9b613e,2021-12-30,2598817.615981,15368.419981,2583449.196,0.00666309,4921.511,0.00778768
20260823_195633_9b613e,2021-12-31,2622105.577981,15368.419981,2606737.158,0.00896098,4940.373,0.00383256
20260823_195633_9b613e,2022-01-04,2709705.000981,15368.419981,2694336.581,0.03340805,4917.766,-0.00457597
20260823_195633_9b613e,2022-01-05,2699044.462308,2007.251308,2697037.211,-0.00393421,4868.121,-0.01009503
20260823_195633_9b613e,2022-01-06,2748280.545308,2007.251308,2746273.294,0.01824204,4818.232,-0.0102481
20260823_195633_9b613e,2022-01-07,2728102.741308,2007.251308,2726095.49,-0.00734197,4822.369,0.00085861
20260823_195633_9b613e,2022-01-10,2738925.452308,2007.251308,2736918.201,0.00396712,4844.045,0.00449489
20260823_195633_9b613e,2022-01-11,2749075.394916,618.483916,2748456.911,0.00370581,4797.773,-0.00955235
20260823_195633_9b613e,2022-01-12,2770326.995916,618.483916,2769708.512,0.00773045,4845.579,0.00996421
20260823_195633_9b613e,2022-01-13,2792109.778916,618.483916,2791491.295,0.00786289,4765.919,-0.01643973
20260823_195633_9b613e,2022-01-14,2732959.728916,618.483916,2732341.245,-0.02118472,4726.732,-0.00822234
20260823_195633_9b613e,2022-01-17,2763014.739916,618.483916,2762396.256,0.01099724,4767.276,0.0085776
20260823_195633_9b613e,2022-01-18,2719313.487691,8134.952691,2711178.535,-0.01581651,4813.347,0.00966401
20260823_195633_9b613e,2022-01-19,2771180.093691,8134.952691,2763045.141,0.01907342,4780.378,-0.0068495
20260823_195633_9b613e,2022-01-20,2671283.061691,8134.952691,2663148.109,-0.03604855,4823.509,0.00902251
20260823_195633_9b613e,2022-01-21,2655624.934691,8134.952691,2647489.982,-0.00586165,4779.314,-0.00916242
20260823_195633_9b613e,2022-01-24,2620479.347691,8134.952691,2612344.395,-0.01323439,4786.738,0.00155336
20260823_195633_9b613e,2022-01-25,2491460.099002,-1349.905998,2492810.005,-0.04923498,4678.451,-0.0226223
20260823_195633_9b613e,2022-01-26,2543476.304002,-1349.905998,2544826.21,0.0208778,4712.311,0.00723744
20260823_195633_9b613e,2022-01-27,2489728.410002,-1349.905998,2491078.316,-0.02113167,4619.876,-0.01961564
20260823_195633_9b613e,2022-01-28,2541788.750002,-1349.905998,2543138.656,0.02091005,4563.772,-0.01214405
20260823_195633_9b613e,2022-02-07,2598730.170002,-1349.905998,2600080.076,0.02240211,4634.09,0.01540787
20260823_195633_9b613e,2022-02-08,2683582.312241,-696.032759,2684278.345,0.03265139,4608.773,-0.00546321
20260823_195633_9b613e,2022-02-09,2683201.391241,-696.032759,2683897.424,-0.00014194,4652.061,0.00939252
20260823_195633_9b613e,2022-02-10,2709517.902241,-696.032759,2710213.935,0.00980788,4639.863,-0.00262206
20260823_195633_9b613e,2022-02-11,2656228.354241,-696.032759,2656924.387,-0.01966754,4601.395,-0.00829076
20260823_195633_9b613e,2022-02-14,2707790.788241,-696.032759,2708486.821,0.0194119,4551.688,-0.01080259
20260823_195633_9b613e,2022-02-15,2687033.787496,768.457496,2686265.33,-0.00766566,4600.102,0.01063649
20260823_195633_9b613e,2022-02-16,2773918.751496,768.457496,2773150.294,0.0323349,4617.989,0.00388839
20260823_195633_9b613e,2022-02-17,2796881.251496,768.457496,2796112.794,0.008278,4629.165,0.0024201
20260823_195633_9b613e,2022-02-18,2805433.003496,768.457496,2804664.546,0.0030576,4651.236,0.00476781
20260823_195633_9b613e,2022-02-21,2860990.287496,768.457496,2860221.83,0.01980346,4634.314,-0.00363817
20260823_195633_9b613e,2022-02-22,2908815.274016,5526.642016,2903288.632,0.01671624,4574.153,-0.01298164
20260823_195633_9b613e,2022-02-23,2910186.476016,5526.642016,2904659.834,0.0004714,4623.047,0.01068919
20260823_195633_9b613e,2022-02-24,2790756.428016,5526.642016,2785229.786,-0.04103862,4529.319,-0.02027407
20260823_195633_9b613e,2022-02-25,2772440.808016,5526.642016,2766914.166,-0.00656296,4573.424,0.00973767
20260823_195633_9b613e,2022-02-28,2770617.484016,5526.642016,2765090.842,-0.00065766,4581.646,0.00179778
20260823_195633_9b613e,2022-03-01,2806220.151344,-6165.913656,2812386.065,0.01285008,4619.686,0.00830269
20260823_195633_9b613e,2022-03-02,2858284.082344,-6165.913656,2864449.996,0.01855305,4578.601,-0.00889346
20260823_195633_9b613e,2022-03-03,2860286.527344,-6165.913656,2866452.441,0.00070058,4551.628,-0.0058911
20260823_195633_9b613e,2022-03-04,2844709.148344,-6165.913656,2850875.062,-0.00544609,4496.43,-0.01212709
20260823_195633_9b613e,2022-03-07,2887202.293344,-6165.913656,2893368.207,0.01493761,4352.777,-0.03194823
20260823_195633_9b613e,2022-03-08,2784462.670913,3936.991913,2780525.679,-0.03558449,4265.391,-0.02007592
20260823_195633_9b613e,2022-03-09,2744650.695913,3936.991913,2740713.704,-0.0142979,4226.346,-0.00915391
20260823_195633_9b613e,2022-03-10,2817126.826913,3936.991913,2813189.835,0.02640632,4292.838,0.01573274
20260823_195633_9b613e,2022-03-11,2840827.939913,3936.991913,2836890.948,0.00841322,4306.521,0.0031874
20260823_195633_9b613e,2022-03-14,2807520.087913,3936.991913,2803583.096,-0.0117247,4174.758,-0.03059616
20260823_195633_9b613e,2022-03-15,2657339.201762,1451.118762,2655888.083,-0.05349236,3983.812,-0.04573822
20260823_195633_9b613e,2022-03-16,2757993.866762,1451.118762,2756542.748,0.03787799,4156.081,0.04324225
20260823_195633_9b613e,2022-03-17,2806037.122762,1451.118762,2804586.004,0.01741964,4237.696,0.01963749
20260823_195633_9b613e,2022-03-18,2888862.368762,1451.118762,2887411.25,0.0295168,4265.902,0.00665598
20260823_195633_9b613e,2022-03-21,2988142.302762,1451.118762,2986691.184,0.03436645,4258.746,-0.00167749
20260823_195633_9b613e,2022-03-22,2977525.474304,-159.976696,2977685.451,-0.00355299,4255.295,-0.00081033
20260823_195633_9b613e,2022-03-23,2927952.306304,-159.976696,2928112.283,-0.01664912,4276.517,0.0049872
20260823_195633_9b613e,2022-03-24,2895706.387304,-159.976696,2895866.364,-0.01101313,4251.307,-0.00589498
20260823_195633_9b613e,2022-03-25,2954915.284304,-159.976696,2955075.261,0.02044713,4174.574,-0.01804927
20260823_195633_9b613e,2022-03-28,2952695.230304,-159.976696,2952855.207,-0.00075131,4148.466,-0.00625405
20260823_195633_9b613e,2022-03-29,2906624.112541,-2232.789459,2908856.902,-0.01560307,4134.144,-0.00345236
20260823_195633_9b613e,2022-03-30,2957773.094541,-2232.789459,2960005.884,0.01759738,4254.099,0.02901568
20260823_195633_9b613e,2022-03-31,2963348.558541,-2232.789459,2965581.348,0.00188502,4222.597,-0.00740509
20260823_195633_9b613e,2022-04-01,2932636.884541,-2232.789459,2934869.674,-0.01036384,4276.158,0.01268437
20260823_195633_9b613e,2022-04-06,3066631.249541,-2232.789459,3068864.039,0.04569075,4263.841,-0.00288039
20260823_195633_9b613e,2022-04-07,2966632.511749,1557.241749,2965075.27,-0.03260866,4209.1,-0.01283842
20260823_195633_9b613e,2022-04-08,2962741.730749,1557.241749,2961184.489,-0.00131151,4230.767,0.00514766
20260823_195633_9b613e,2022-04-11,2867547.323749,1557.241749,2865990.082,-0.03213051,4100.07,-0.03089203
20260823_195633_9b613e,2022-04-12,2954714.003859,-1077.237141,2955791.241,0.03039764,4179.973,0.0194882
20260823_195633_9b613e,2022-04-13,2866379.371859,-1077.237141,2867456.609,-0.02989617,4139.737,-0.0096259
20260823_195633_9b613e,2022-04-14,2910233.364859,-1077.237141,2911310.602,0.01529944,4191.568,0.01252036
20260823_195633_9b613e,2022-04-15,2872300.799859,-1077.237141,2873378.037,-0.0130342,4188.747,-0.00067302
20260823_195633_9b613e,2022-04-18,2895059.396859,-1077.237141,2896136.634,0.00792347,4166.384,-0.00533883
20260823_195633_9b613e,2022-04-19,2945117.732562,4098.838562,2941018.894,0.01729095,4134.901,-0.00755643
20260823_195633_9b613e,2022-04-20,2923766.505562,4098.838562,2919667.667,-0.0072497,4070.788,-0.01550533
20260823_195633_9b613e,2022-04-21,2816309.078562,4098.838562,2812210.24,-0.03675308,3995.83,-0.01841363
20260823_195633_9b613e,2022-04-22,2852816.118562,4098.838562,2848717.28,0.01296272,4013.25,0.00435954
20260823_195633_9b613e,2022-04-25,2681436.023562,4098.838562,2677337.185,-0.06007401,3814.913,-0.04942054
20260823_195633_9b613e,2022-04-26,2573143.566369,2890.991369,2570252.575,-0.04038599,3784.12,-0.00807174
20260823_195633_9b613e,2022-04-27,2553667.905369,2890.991369,2550776.914,-0.00756882,3895.536,0.02944304
20260823_195633_9b613e,2022-04-28,2457699.047069,2890.991369,2454808.0557,-0.03758079,3921.107,0.00656418
20260823_195633_9b613e,2022-04-29,2552246.721969,2890.991369,2549355.7306,0.03847,4016.241,0.02426203
20260823_195633_9b613e,2022-05-05,2618209.015169,2890.991369,2615318.0238,0.02584479,4010.21,-0.00150165
20260823_195633_9b613e,2022-05-06,2542005.855296,302.636096,2541703.2192,-0.02910507,3908.815,-0.02528421
20260823_195633_9b613e,2022-05-09,2618952.281296,302.636096,2618649.6452,0.03026996,3877.436,-0.00802775
20260823_195633_9b613e,2022-05-10,2655213.479361,-28.987139,2655242.4665,0.01384569,3919.869,0.01094357
20260823_195633_9b613e,2022-05-11,2612554.206461,-28.987139,2612583.1936,-0.01606623,3976.423,0.01442752
20260823_195633_9b613e,2022-05-12,2638501.132961,-28.987139,2638530.1201,0.00993163,3958.74,-0.00444696
20260823_195633_9b613e,2022-05-13,2664691.104861,-28.987139,2664720.092,0.00992608,3988.6,0.0075428
20260823_195633_9b613e,2022-05-16,2701372.156561,-28.987139,2701401.1437,0.01376559,3956.538,-0.00803841
20260823_195633_9b613e,2022-05-17,2684997.348294,4311.763294,2680685.585,-0.00606166,4005.894,0.01247454
20260823_195633_9b613e,2022-05-18,2677626.245294,4311.763294,2673314.482,-0.00274529,3991.907,-0.00349161
20260823_195633_9b613e,2022-05-19,2695603.873294,4311.763294,2691292.11,0.00671402,3999.598,0.00192665
20260823_195633_9b613e,2022-05-20,2706773.919294,4311.763294,2702462.156,0.0041438,4077.6,0.01950246
20260823_195633_9b613e,2022-05-23,2725387.786294,4311.763294,2721076.023,0.00687677,4053.983,-0.00579189
20260823_195633_9b613e,2022-05-24,2595924.40301,-4803.69859,2600728.1016,-0.04750274,3959.154,-0.02339156
20260823_195633_9b613e,2022-05-25,2655531.28981,-4803.69859,2660334.9884,0.02296172,3983.178,0.00606796
20260823_195633_9b613e,2022-05-26,2683369.73761,-4803.69859,2688173.4362,0.01048319,3993.045,0.00247717
20260823_195633_9b613e,2022-05-27,2703345.00341,-4803.69859,2708148.702,0.0074441,4001.299,0.00206709
20260823_195633_9b613e,2022-05-30,2712555.54241,-4803.69859,2717359.241,0.00340709,4029.018,0.0069275
20260823_195633_9b613e,2022-05-31,2705920.832719,1704.511719,2704216.321,-0.00244593,4091.517,0.01551222
20260823_195633_9b613e,2022-06-01,2696187.349719,1704.511719,2694482.838,-0.00359711,4083.177,-0.00203836
20260823_195633_9b613e,2022-06-02,2693732.264719,1704.511719,2692027.753,-0.00091058,4089.569,0.00156545
20260823_195633_9b613e,2022-06-06,2753059.006719,1704.511719,2751354.495,0.02202399,4166.085,0.01871004
20260823_195633_9b613e,2022-06-07,2739698.41108,1968.16008,2737730.251,-0.004853,4179.128,0.00313076
20260823_195633_9b613e,2022-06-08,2721709.73308,1968.16008,2719741.573,-0.00656593,4219.812,0.00973505
20260823_195633_9b613e,2022-06-09,2715167.66208,1968.16008,2713199.502,-0.00240366,4175.674,-0.01045971
20260823_195633_9b613e,2022-06-10,2723120.60008,1968.16008,2721152.44,0.00292908,4238.993,0.01516378
20260823_195633_9b613e,2022-06-13,2700365.19908,1968.16008,2698397.039,-0.00835637,4189.353,-0.01171033
20260823_195633_9b613e,2022-06-14,2705876.731072,-5243.056928,2711119.788,0.00204103,4222.311,0.00786709
20260823_195633_9b613e,2022-06-15,2717783.921072,-5243.056928,2723026.978,0.00440049,4278.218,0.01324085
20260823_195633_9b613e,2022-06-16,2721925.012572,-5243.056928,2727168.0695,0.0015237,4250.061,-0.00658148
20260823_195633_9b613e,2022-06-17,2699763.795172,-5243.056928,2705006.8521,-0.00814174,4309.045,0.01387839
20260823_195633_9b613e,2022-06-20,2755782.950772,-5243.056928,2761026.0077,0.02074965,4330.433,0.00496351
20260823_195633_9b613e,2022-06-21,2815479.130173,-4357.677127,2819836.8073,0.02166215,4325.566,-0.00112391
20260823_195633_9b613e,2022-06-22,2817195.925673,-4357.677127,2821553.6028,0.00060977,4270.623,-0.01270192
20260823_195633_9b613e,2022-06-23,2875112.104673,-4357.677127,2879469.7818,0.02055809,4343.878,0.01715324
20260823_195633_9b613e,2022-06-24,2861650.499473,-4357.677127,2866008.1766,-0.00468211,4394.772,0.01171626
20260823_195633_9b613e,2022-06-27,2859333.838873,-4357.677127,2863691.516,-0.00080955,4444.264,0.01126156
20260823_195633_9b613e,2022-06-28,2910279.255569,1939.724069,2908339.5315,0.01781723,4490.517,0.01040735
20260823_195633_9b613e,2022-06-29,2866765.384969,1939.724069,2864825.6609,-0.01495179,4421.357,-0.01540134
20260823_195633_9b613e,2022-06-30,2849696.263769,1939.724069,2847756.5397,-0.00595414,4485.011,0.01439694
20260823_195633_9b613e,2022-07-01,2830667.613069,1939.724069,2828727.889,-0.00667743,4466.718,-0.0040787
20260823_195633_9b613e,2022-07-04,2814879.664769,1939.724069,2812939.9407,-0.00557746,4496.03,0.00656231
20260823_195633_9b613e,2022-07-05,2786094.836634,-862.604266,2786957.4409,-0.01022595,4489.538,-0.00144394
20260823_195633_9b613e,2022-07-06,2746455.108134,-862.604266,2747317.7124,-0.0142277,4423.97,-0.01460462
20260823_195633_9b613e,2022-07-07,2735515.408434,-862.604266,2736378.0127,-0.00398321,4443.474,0.00440871
20260823_195633_9b613e,2022-07-08,2751507.408734,-862.604266,2752370.013,0.00584606,4428.781,-0.00330665
20260823_195633_9b613e,2022-07-11,2753760.123534,-862.604266,2754622.7278,0.00081872,4354.617,-0.01674592
20260823_195633_9b613e,2022-07-12,2735788.911383,-3508.019317,2739296.9307,-0.00652606,4313.619,-0.00941483
20260823_195633_9b613e,2022-07-13,2768771.243083,-3508.019317,2772279.2624,0.01205588,4321.462,0.00181819
20260823_195633_9b613e,2022-07-14,2717962.633383,-3508.019317,2721470.6527,-0.0183506,4322.075,0.00014185
20260823_195633_9b613e,2022-07-15,2612115.061983,-3508.019317,2615623.0813,-0.03894372,4248.527,-0.01701683
20260823_195633_9b613e,2022-07-18,2715127.754283,-3508.019317,2718635.7736,0.03943651,4292.585,0.01037018
20260823_195633_9b613e,2022-07-19,2746097.123102,1594.930702,2744502.1924,0.01140623,4269.34,-0.00541515
20260823_195633_9b613e,2022-07-20,2761600.090502,1594.930702,2760005.1598,0.00564545,4283.803,0.00338764
20260823_195633_9b613e,2022-07-21,2744042.655802,1594.930702,2742447.7251,-0.0063577,4236.058,-0.01114547
20260823_195633_9b613e,2022-07-22,2774846.164802,1594.930702,2773251.2341,0.01122559,4238.235,0.00051392
20260823_195633_9b613e,2022-07-25,2755043.835202,1594.930702,2753448.9045,-0.00713637,4212.644,-0.00603813
20260823_195633_9b613e,2022-07-26,2789250.626578,787.830978,2788462.7956,0.01241606,4245.975,0.00791213
20260823_195633_9b613e,2022-07-27,2802844.776078,787.830978,2802056.9451,0.00487376,4225.036,-0.00493149
20260823_195633_9b613e,2022-07-28,2827631.490678,787.830978,2826843.6597,0.00884341,4225.673,0.00015077
20260823_195633_9b613e,2022-07-29,2807312.797878,787.830978,2806524.9669,-0.00718576,4170.102,-0.0131508
20260823_195633_9b613e,2022-08-01,2801332.311478,787.830978,2800544.4805,-0.00213032,4188.679,0.00445481
20260823_195633_9b613e,2022-08-02,2670187.691157,1622.941557,2668564.7496,-0.04681509,4107.024,-0.01949421
20260823_195633_9b613e,2022-08-03,2665541.186557,1622.941557,2663918.245,-0.00174014,4066.975,-0.00975134
20260823_195633_9b613e,2022-08-04,2694296.146757,1622.941557,2692673.2052,0.01078766,4101.536,0.00849796
20260823_195633_9b613e,2022-08-05,2699325.940357,1622.941557,2697702.9988,0.00186683,4156.912,0.01350128
20260823_195633_9b613e,2022-08-08,2731570.349357,1622.941557,2729947.4078,0.01194536,4148.075,-0.00212586
20260823_195633_9b613e,2022-08-09,2728066.296023,5114.434823,2722951.8612,-0.0012828,4156.29,0.00198044
20260823_195633_9b613e,2022-08-10,2724147.561723,5114.434823,2719033.1269,-0.00143645,4109.738,-0.01120037
20260823_195633_9b613e,2022-08-11,2752354.040223,5114.434823,2747239.6054,0.01035424,4193.543,0.02039181
20260823_195633_9b613e,2022-08-12,2777283.335123,5114.434823,2772168.9003,0.00905744,4191.152,-0.00057016
20260823_195633_9b613e,2022-08-15,2784875.342523,5114.434823,2779760.9077,0.00273361,4185.679,-0.00130585
20260823_195633_9b613e,2022-08-16,2797485.326047,10758.567947,2786726.7581,0.00452802,4177.837,-0.00187353
20260823_195633_9b613e,2022-08-17,2801689.129747,10758.567947,2790930.5618,0.00150271,4216.958,0.00936394
20260823_195633_9b613e,2022-08-18,2804044.722947,10758.567947,2793286.155,0.00084078,4180.1,-0.00874042
20260823_195633_9b613e,2022-08-19,2800759.484547,10758.567947,2790000.9166,-0.00117161,4151.074,-0.00694385
20260823_195633_9b613e,2022-08-22,2846007.742247,10758.567947,2835249.1743,0.01615571,4181.397,0.00730486
20260823_195633_9b613e,2022-08-23,2891795.031683,1213.337083,2890581.6946,0.01608825,4161.083,-0.00485818
20260823_195633_9b613e,2022-08-24,2843123.618183,1213.337083,2841910.2811,-0.01683087,4082.419,-0.01890469
20260823_195633_9b613e,2022-08-25,2848248.157483,1213.337083,2847034.8204,0.00180243,4116.239,0.0082843
20260823_195633_9b613e,2022-08-26,2848253.607483,1213.337083,2847040.2704,1.91e-06,4107.546,-0.00211188
20260823_195633_9b613e,2022-08-29,2897660.581383,1213.337083,2896447.2443,0.01734641,4089.52,-0.00438851
20260823_195633_9b613e,2022-08-30,2911561.721615,1155.804015,2910405.9176,0.00479737,4075.793,-0.00335663
20260823_195633_9b613e,2022-08-31,2825982.440515,1155.804015,2824826.6365,-0.02939291,4078.841,0.00074783
20260823_195633_9b613e,2022-09-01,2842051.754815,1155.804015,2840895.9508,0.00568628,4043.739,-0.00860588
20260823_195633_9b613e,2022-09-02,2876272.399915,1155.804015,2875116.5959,0.01204082,4023.613,-0.00497708
20260823_195633_9b613e,2022-09-05,2909038.443315,1155.804015,2907882.6393,0.01139184,4015.427,-0.00203449
20260823_195633_9b613e,2022-09-06,2918995.444294,-6976.379606,2925971.8239,0.00342278,4052.281,0.0091781
20260823_195633_9b613e,2022-09-07,2900653.855194,-6976.379606,2907630.2348,-0.00628353,4054.983,0.00066678
20260823_195633_9b613e,2022-09-08,2884172.308694,-6976.379606,2891148.6883,-0.00568201,4037.684,-0.00426611
20260823_195633_9b613e,2022-09-09,2881909.393794,-6976.379606,2888885.7734,-0.0007846,4093.788,0.01389509
20260823_195633_9b613e,2022-09-13,2885300.583494,-6976.379606,2892276.9631,0.00117672,4111.115,0.00423251
20260823_195633_9b613e,2022-09-14,2866139.248096,-3862.421504,2870001.6696,-0.00664102,4065.359,-0.01112983
20260823_195633_9b613e,2022-09-15,2806944.988096,-3862.421504,2810807.4096,-0.02065296,4027.118,-0.00940655
20260823_195633_9b613e,2022-09-16,2758052.095396,-3862.421504,2761914.5169,-0.01741854,3932.683,-0.02344977
20260823_195633_9b613e,2022-09-19,2746085.357896,-3862.421504,2749947.7794,-0.00433884,3928.0,-0.00119079
20260823_195633_9b613e,2022-09-20,2763691.211207,4817.404807,2758873.8064,0.00641125,3932.836,0.00123116
20260823_195633_9b613e,2022-09-21,2798525.068607,4817.404807,2793707.6638,0.01260411,3903.735,-0.00739949
20260823_195633_9b613e,2022-09-22,2755975.546107,4817.404807,2751158.1413,-0.01520427,3869.344,-0.00880977
20260823_195633_9b613e,2022-09-23,2696493.182507,4817.404807,2691675.7777,-0.02158305,3856.021,-0.00344322
20260823_195633_9b613e,2022-09-26,2598784.066007,4817.404807,2593966.6612,-0.03623563,3836.677,-0.00501657
20260823_195633_9b613e,2022-09-27,2702499.249844,-9636.728856,2712135.9787,0.03990912,3892.296,0.01449666
20260823_195633_9b613e,2022-09-28,2685284.567944,-9636.728856,2694921.2968,-0.00636991,3828.71,-0.01633637
20260823_195633_9b613e,2022-09-29,2649042.053244,-9636.728856,2658678.7821,-0.01349671,3827.144,-0.00040902
20260823_195633_9b613e,2022-09-30,2648029.441944,-9636.728856,2657666.1708,-0.00038226,3804.886,-0.00581583
20260823_195633_9b613e,2022-10-10,2647026.940944,-9636.728856,2656663.6698,-0.00037858,3720.936,-0.02206374
20260823_195633_9b613e,2022-10-11,2665459.341123,2069.289123,2663390.052,0.00696344,3727.687,0.00181433
20260823_195633_9b613e,2022-10-12,2700360.937923,2069.289123,2698291.6488,0.01309403,3784.307,0.01518904
20260823_195633_9b613e,2022-10-13,2729853.320523,2069.289123,2727784.0314,0.01092164,3752.673,-0.00835926
20260823_195633_9b613e,2022-10-14,2763652.849023,2069.289123,2761583.5599,0.01238144,3842.47,0.02392881
20260823_195633_9b613e,2022-10-17,2812355.080923,2069.289123,2810285.7918,0.01762241,3846.412,0.0010259
20260823_195633_9b613e,2022-10-18,2848000.860831,6697.515731,2841303.3451,0.01267471,3838.266,-0.00211782
20260823_195633_9b613e,2022-10-19,2825259.275031,6697.515731,2818561.7593,-0.0079851,3776.534,-0.0160833
20260823_195633_9b613e,2022-10-20,2803653.752831,6697.515731,2796956.2371,-0.00764727,3754.927,-0.00572138
20260823_195633_9b613e,2022-10-21,2816548.976831,6697.515731,2809851.4611,0.00459944,3742.893,-0.00320486
20260823_195633_9b613e,2022-10-24,2741697.747631,6697.515731,2735000.2319,-0.02657551,3633.374,-0.02926052
20260823_195633_9b613e,2022-10-25,2733592.503162,1628.758862,2731963.7443,-0.00295629,3627.454,-0.00162934
20260823_195633_9b613e,2022-10-26,2799010.740362,1628.758862,2797381.9815,0.02393123,3656.903,0.00811837
20260823_195633_9b613e,2022-10-27,2839537.359262,1628.758862,2837908.6004,0.01447891,3631.145,-0.00704367
20260823_195633_9b613e,2022-10-28,2761716.236662,1628.758862,2760087.4778,-0.02740627,3541.329,-0.0247349
20260823_195633_9b613e,2022-10-31,2788473.402262,1628.758862,2786844.6434,0.0096886,3508.704,-0.00921264
20260823_195633_9b613e,2022-11-01,2857834.768964,5113.129164,2852721.6398,0.02487432,3634.173,0.03575936
20260823_195633_9b613e,2022-11-02,2887704.779164,5113.129164,2882591.65,0.01045197,3677.805,0.01200603
20260823_195633_9b613e,2022-11-03,2905895.455964,5113.129164,2900782.3268,0.00629935,3647.897,-0.00813202
20260823_195633_9b613e,2022-11-04,2938407.340864,5113.129164,2933294.2117,0.01118825,3767.175,0.03269774
20260823_195633_9b613e,2022-11-07,2948048.437064,5113.129164,2942935.3079,0.00328106,3775.298,0.00215626
20260823_195633_9b613e,2022-11-08,2950450.422398,-6087.103202,2956537.5256,0.00081477,3749.326,-0.00687946
20260823_195633_9b613e,2022-11-09,2963369.302198,-6087.103202,2969456.4054,0.00437861,3714.27,-0.00934995
20260823_195633_9b613e,2022-11-10,2984488.588798,-6087.103202,2990575.692,0.00712678,3685.689,-0.00769492
20260823_195633_9b613e,2022-11-11,3012095.108798,-6087.103202,3018182.212,0.00925,3788.439,0.0278781
20260823_195633_9b613e,2022-11-14,3020486.851998,-6087.103202,3026573.9552,0.00278602,3794.017,0.00147237
20260823_195633_9b613e,2022-11-15,3032369.51029,-6827.45031,3039196.9606,0.00393402,3865.973,0.01896565
20260823_195633_9b613e,2022-11-16,3057697.35849,-6827.45031,3064524.8088,0.00835249,3834.39,-0.00816948
20260823_195633_9b613e,2022-11-17,3057157.48249,-6827.45031,3063984.9328,-0.00017656,3818.664,-0.0041013
20260823_195633_9b613e,2022-11-18,3025094.58609,-6827.45031,3031922.0364,-0.01048781,3801.569,-0.0044767
20260823_195633_9b613e,2022-11-21,3019089.46349,-6827.45031,3025916.9138,-0.0019851,3769.126,-0.00853411
20260823_195633_9b613e,2022-11-22,2977734.575631,1302.221731,2976432.3539,-0.0136978,3769.573,0.0001186
20260823_195633_9b613e,2022-11-23,2955468.720831,1302.221731,2954166.4991,-0.00747745,3773.529,0.00104946
20260823_195633_9b613e,2022-11-24,2992020.155631,1302.221731,2990717.9339,0.01236739,3756.808,-0.00443113
20260823_195633_9b613e,2022-11-25,2984438.895231,1302.221731,2983136.6735,-0.00253383,3775.777,0.00504923
20260823_195633_9b613e,2022-11-28,2986203.270231,1302.221731,2984901.0485,0.00059119,3733.243,-0.01126497
20260823_195633_9b613e,2022-11-29,3066926.422702,-8283.563398,3075209.9861,0.02703204,3848.422,0.03085226
20260823_195633_9b613e,2022-11-30,3054953.436902,-8283.563398,3063237.0003,-0.0039039,3853.036,0.00119893
20260823_195633_9b613e,2022-12-01,3059982.347302,-8283.563398,3068265.9107,0.00164615,3894.769,0.0108312
20260823_195633_9b613e,2022-12-02,3084881.357702,-8283.563398,3093164.9211,0.00813698,3870.947,-0.00611641
20260823_195633_9b613e,2022-12-05,3099349.564402,-8283.563398,3107633.1278,0.00469004,3946.876,0.0196151
20260823_195633_9b613e,2022-12-06,3101748.439188,461.446988,3101286.9922,0.00077399,3968.198,0.00540225
20260823_195633_9b613e,2022-12-07,3144394.056988,461.446988,3143932.61,0.0137489,3958.441,-0.0024588
20260823_195633_9b613e,2022-12-08,3151746.885388,461.446988,3151285.4384,0.00233839,3959.18,0.00018669
20260823_195633_9b613e,2022-12-09,3128800.233288,461.446988,3128338.7863,-0.00728061,3998.245,0.00986694
20260823_195633_9b613e,2022-12-12,3071877.307688,461.446988,3071415.8607,-0.01819321,3953.443,-0.01120542
20260823_195633_9b613e,2022-12-13,3074093.675658,5161.891258,3068931.7844,0.0007215,3945.682,-0.0019631
20260823_195633_9b613e,2022-12-14,3057509.710858,5161.891258,3052347.8196,-0.00539475,3954.886,0.00233268
20260823_195633_9b613e,2022-12-15,3081704.219858,5161.891258,3076542.3286,0.00791314,3951.989,-0.00073251
20260823_195633_9b613e,2022-12-16,3055929.949258,5161.891258,3050768.058,-0.00836364,3954.227,0.0005663
20260823_195633_9b613e,2022-12-19,2979181.383858,5161.891258,2974019.4926,-0.02511464,3893.221,-0.01542805
20260823_195633_9b613e,2022-12-20,3005571.794378,5211.388578,3000360.4058,0.00885828,3829.017,-0.01649123
20260823_195633_9b613e,2022-12-21,3024758.786978,5211.388578,3019547.3984,0.00638381,3830.539,0.00039749
20260823_195633_9b613e,2022-12-22,2950653.319978,5211.388578,2945441.9314,-0.02449963,3836.028,0.00143296
20260823_195633_9b613e,2022-12-23,2933544.521678,5211.388578,2928333.1331,-0.00579831,3828.219,-0.0020357
20260823_195633_9b613e,2022-12-26,2971387.373578,5211.388578,2966175.985,0.01290004,3843.489,0.0039888
20260823_195633_9b613e,2022-12-27,2982764.102095,1973.618495,2980790.4836,0.00382876,3887.854,0.0115429
20260823_195633_9b613e,2022-12-28,2990985.633695,1973.618495,2989012.0152,0.00275635,3871.265,-0.00426688
20260823_195633_9b613e,2022-12-29,3043308.988195,1973.618495,3041335.3697,0.01749368,3856.7,-0.00376234
20260823_195633_9b613e,2022-12-30,3128537.226795,1973.618495,3126563.6083,0.02800512,3871.634,0.00387222
20260823_195633_9b613e,2023-01-03,3294936.554795,1973.618495,3292962.9363,0.05318758,3887.899,0.00420107
20260823_195633_9b613e,2023-01-04,3303188.200462,-4269.797838,3307457.9983,0.00250434,3892.948,0.00129864
20260823_195633_9b613e,2023-01-05,3298555.405162,-4269.797838,3302825.203,-0.00140252,3968.578,0.01942744
20260823_195633_9b613e,2023-01-06,3230002.994962,-4269.797838,3234272.7928,-0.02078256,3980.889,0.00310212
20260823_195633_9b613e,2023-01-09,3219345.195362,-4269.797838,3223614.9932,-0.00329963,4013.119,0.00809618
20260823_195633_9b613e,2023-01-10,3200011.766933,313.349833,3199698.4171,-0.00600539,4017.474,0.00108519
20260823_195633_9b613e,2023-01-11,3175560.785033,313.349833,3175247.4352,-0.0076409,4010.031,-0.00185266
20260823_195633_9b613e,2023-01-12,3188571.539033,313.349833,3188258.1892,0.00409715,4017.869,0.0019546
20260823_195633_9b613e,2023-01-13,3201733.805533,313.349833,3201420.4557,0.00412795,4074.377,0.01406417
20260823_195633_9b613e,2023-01-16,3244787.544433,313.349833,3244474.1946,0.01344701,4137.964,0.01560656
20260823_195633_9b613e,2023-01-17,3225832.420501,10361.522501,3215470.898,-0.00584171,4137.242,-0.00017448
20260823_195633_9b613e,2023-01-18,3245770.275501,10361.522501,3235408.753,0.00618069,4130.315,-0.0016743
20260823_195633_9b613e,2023-01-19,3252672.778201,10361.522501,3242311.2557,0.00212661,4156.008,0.00622059
20260823_195633_9b613e,2023-01-20,3285167.602801,10361.522501,3274806.0803,0.00999019,4181.527,0.00614027
20260823_195633_9b613e,2023-01-30,3318689.580301,10361.522501,3308328.0578,0.01020404,4201.345,0.00473942
20260823_195633_9b613e,2023-01-31,3382738.269688,6223.589088,3376514.6806,0.01929939,4156.857,-0.01058899
20260823_195633_9b613e,2023-02-01,3405504.413388,6223.589088,3399280.8243,0.00673009,4195.933,0.00940037
20260823_195633_9b613e,2023-02-02,3427826.001588,6223.589088,3421602.4125,0.00655456,4181.15,-0.00352317
20260823_195633_9b613e,2023-02-03,3404702.412488,6223.589088,3398478.8234,-0.00674585,4141.632,-0.00945147
20260823_195633_9b613e,2023-02-06,3404718.908888,6223.589088,3398495.3198,4.85e-06,4086.878,-0.01322039
20260823_195633_9b613e,2023-02-07,3414873.140856,16439.658456,3398433.4824,0.0029824,4094.233,0.00179966
20260823_195633_9b613e,2023-02-08,3420885.362256,16439.658456,3404445.7038,0.0017606,4076.141,-0.0044189
20260823_195633_9b613e,2023-02-09,3438598.787056,16439.658456,3422159.1286,0.00517802,4130.857,0.01342348
20260823_195633_9b613e,2023-02-10,3459229.910356,16439.658456,3442790.2519,0.00599986,4106.309,-0.00594259
20260823_195633_9b613e,2023-02-13,3504462.965056,16439.658456,3488023.3066,0.01307605,4143.574,0.00907506
20260823_195633_9b613e,2023-02-14,3528742.422146,10133.554946,3518608.8672,0.00692815,4145.29,0.00041414
20260823_195633_9b613e,2023-02-15,3513586.347546,10133.554946,3503452.7926,-0.00429504,4123.689,-0.00521097
20260823_195633_9b613e,2023-02-16,3460418.733546,10133.554946,3450285.1786,-0.01513201,4093.488,-0.00732378
20260823_195633_9b613e,2023-02-17,3478167.956546,10133.554946,3468034.4016,0.00512921,4034.508,-0.01440825
20260823_195633_9b613e,2023-02-20,3507846.084146,10133.554946,3497712.5292,0.00853269,4133.489,0.0245336
20260823_195633_9b613e,2023-02-21,3547666.741886,13080.794286,3534585.9476,0.01135188,4144.354,0.00262853
20260823_195633_9b613e,2023-02-22,3547814.373086,13080.794286,3534733.5788,4.161e-05,4106.951,-0.00902505
20260823_195633_9b613e,2023-02-23,3555736.667686,13080.794286,3542655.8734,0.00223301,4103.646,-0.00080473
20260823_195633_9b613e,2023-02-24,3544008.158686,13080.794286,3530927.3644,-0.00329848,4061.045,-0.01038126
20260823_195633_9b613e,2023-02-27,3528155.866286,13080.794286,3515075.072,-0.00447298,4043.845,-0.00423536
20260823_195633_9b613e,2023-02-28,3606718.312153,13607.629253,3593110.6829,0.02226728,4069.459,0.00633407
20260823_195633_9b613e,2023-03-01,3604826.466653,13607.629253,3591218.8374,-0.00052453,4126.942,0.01412546
20260823_195633_9b613e,2023-03-02,3599754.517653,13607.629253,3586146.8884,-0.00140699,4117.737,-0.00223047
20260823_195633_9b613e,2023-03-03,3605721.641553,13607.629253,3592114.0123,0.00165765,4130.552,0.00311215
20260823_195633_9b613e,2023-03-06,3584777.471153,13607.629253,3571169.8419,-0.00580859,4109.01,-0.00521528
20260823_195633_9b613e,2023-03-07,3501767.670881,735.591281,3501032.0796,-0.02315619,4048.852,-0.01464051
20260823_195633_9b613e,2023-03-08,3528598.543781,735.591281,3527862.9525,0.00766209,4034.108,-0.00364153
20260823_195633_9b613e,2023-03-09,3518770.211181,735.591281,3518034.6199,-0.00278534,4019.85,-0.00353436
20260823_195633_9b613e,2023-03-10,3447375.763381,735.591281,3446640.1721,-0.0202896,3967.135,-0.01311367
20260823_195633_9b613e,2023-03-13,3441234.059381,735.591281,3440498.4681,-0.00178156,4008.686,0.01047381
20260823_195633_9b613e,2023-03-14,3370312.84481,5641.30701,3364671.5378,-0.02060924,3984.696,-0.0059845
20260823_195633_9b613e,2023-03-15,3433345.27071,5641.30701,3427703.9637,0.01870225,3986.902,0.00055362
20260823_195633_9b613e,2023-03-16,3394971.39111,5641.30701,3389330.0841,-0.01117682,3939.151,-0.01197697
20260823_195633_9b613e,2023-03-17,3412025.35151,5641.30701,3406384.0445,0.0050233,3958.819,0.00499295
20260823_195633_9b613e,2023-03-20,3408804.74501,5641.30701,3403163.438,-0.0009439,3939.077,-0.00498684
20260823_195633_9b613e,2023-03-21,3462966.187261,1747.011561,3461219.1757,0.01588869,3982.378,0.01099268
20260823_195633_9b613e,2023-03-22,3479780.664361,1747.011561,3478033.6528,0.00485551,3999.442,0.00428488
20260823_195633_9b613e,2023-03-23,3494879.380661,1747.011561,3493132.3691,0.00433899,4039.09,0.00991338
20260823_195633_9b613e,2023-03-24,3498032.492461,1747.011561,3496285.4809,0.00090221,4027.046,-0.00298186
20260823_195633_9b613e,2023-03-27,3477543.909661,1747.011561,3475796.8981,-0.00585717,4012.477,-0.00361779
20260823_195633_9b613e,2023-03-28,3460444.929654,-1831.599146,3462276.5288,-0.00491697,3999.515,-0.00323042
20260823_195633_9b613e,2023-03-29,3424253.916154,-1831.599146,3426085.5153,-0.01045849,4006.144,0.00165745
20260823_195633_9b613e,2023-03-30,3416319.895854,-1831.599146,3418151.495,-0.00231701,4038.526,0.00808308
20260823_195633_9b613e,2023-03-31,3447829.360354,-1831.599146,3449660.9595,0.00922322,4050.926,0.00307043
20260823_195633_9b613e,2023-04-03,3475419.661354,-1831.599146,3477251.2605,0.00800222,4090.568,0.00978591
20260823_195633_9b613e,2023-04-04,3423087.032563,-2025.078837,3425112.1114,-0.01505793,4103.105,0.00306486
20260823_195633_9b613e,2023-04-06,3388867.828963,-2025.078837,3390892.9078,-0.00999659,4096.64,-0.00157564
20260823_195633_9b613e,2023-04-07,3397719.460563,-2025.078837,3399744.5394,0.00261197,4123.28,0.00650289
20260823_195633_9b613e,2023-04-10,3343870.968763,-2025.078837,3345896.0476,-0.01584842,4104.812,-0.00447896
20260823_195633_9b613e,2023-04-11,3347003.863606,3990.757206,3343013.1064,0.00093691,4100.148,-0.00113623
20260823_195633_9b613e,2023-04-12,3363108.899306,3990.757206,3359118.1421,0.00481178,4097.287,-0.00069778
20260823_195633_9b613e,2023-04-13,3352202.710806,3990.757206,3348211.9536,-0.00324289,4068.978,-0.00690921
20260823_195633_9b613e,2023-04-14,3357887.826806,3990.757206,3353897.0696,0.00169593,4091.999,0.00565769
20260823_195633_9b613e,2023-04-17,3401270.910306,3990.757206,3397280.1531,0.01291975,4149.384,0.01402371
20260823_195633_9b613e,2023-04-18,3410374.545086,12660.994086,3397713.551,0.00267654,4162.032,0.00304816
20260823_195633_9b613e,2023-04-19,3399519.036186,12660.994086,3386858.0421,-0.00318308,4124.559,-0.00900353
20260823_195633_9b613e,2023-04-20,3460212.043186,12660.994086,3447551.0491,0.01785341,4113.019,-0.00279787
20260823_195633_9b613e,2023-04-21,3436252.831986,12660.994086,3423591.8379,-0.0069242,4032.567,-0.01956033
20260823_195633_9b613e,2023-04-24,3424767.282286,12660.994086,3412106.2882,-0.00334246,3982.643,-0.0123802
20260823_195633_9b613e,2023-04-25,3360257.933263,6526.189563,3353731.7437,-0.01883613,3962.666,-0.00501602
20260823_195633_9b613e,2023-04-26,3395748.428363,6526.189563,3389222.2388,0.01056184,3959.233,-0.00086634
20260823_195633_9b613e,2023-04-27,3389030.192063,6526.189563,3382504.0025,-0.00197843,3988.418,0.00737138
20260823_195633_9b613e,2023-04-28,3435615.407163,6526.189563,3429089.2176,0.01374588,4029.086,0.01019652
20260823_195633_9b613e,2023-05-04,3507295.283863,6526.189563,3500769.0943,0.02086377,4030.247,0.00028815
20260823_195633_9b613e,2023-05-05,3467476.648524,2736.406224,3464740.2423,-0.01135309,4016.877,-0.00331741
20260823_195633_9b613e,2023-05-08,3461269.655124,2736.406224,3458533.2489,-0.00179006,4062.663,0.01139841
20260823_195633_9b613e,2023-05-09,3429209.293322,-1162.938078,3430372.2314,-0.0092626,4027.876,-0.00856261
20260823_195633_9b613e,2023-05-10,3455266.174722,-1162.938078,3456429.1128,0.00759851,3996.87,-0.00769785
20260823_195633_9b613e,2023-05-11,3501255.246322,-1162.938078,3502418.1844,0.01330985,3990.664,-0.00155271
20260823_195633_9b613e,2023-05-12,3483040.344322,-1162.938078,3484203.2824,-0.00520239,3937.762,-0.01325644
20260823_195633_9b613e,2023-05-15,3517835.852122,-1162.938078,3518998.7902,0.00998998,3998.888,0.01552303
20260823_195633_9b613e,2023-05-16,3478729.679784,6012.115184,3472717.5646,-0.01111654,3978.205,-0.00517219
20260823_195633_9b613e,2023-05-17,3522048.702184,6012.115184,3516036.587,0.01245254,3960.165,-0.00453471
20260823_195633_9b613e,2023-05-18,3556264.896984,6012.115184,3550252.7818,0.00971486,3956.071,-0.0010338
20260823_195633_9b613e,2023-05-19,3546877.429184,6012.115184,3540865.314,-0.0026397,3944.54,-0.00291476
20260823_195633_9b613e,2023-05-22,3596923.238684,6012.115184,3590911.1235,0.01410982,3969.328,0.00628413
20260823_195633_9b613e,2023-05-23,3547930.488992,586.285392,3547344.2036,-0.01362074,3913.188,-0.01414345
20260823_195633_9b613e,2023-05-24,3575029.291792,586.285392,3574443.0064,0.00763792,3859.094,-0.01382351
20260823_195633_9b613e,2023-05-25,3617761.045192,586.285392,3617174.7598,0.01195284,3850.5,-0.00222695
20260823_195633_9b613e,2023-05-26,3616883.729592,586.285392,3616297.4442,-0.0002425,3850.951,0.00011713
20260823_195633_9b613e,2023-05-29,3591975.548592,586.285392,3591389.2632,-0.00688664,3833.941,-0.00441709
20260823_195633_9b613e,2023-05-30,3622050.265725,3657.355125,3618392.9106,0.00837275,3837.754,0.00099454
20260823_195633_9b613e,2023-05-31,3577627.827525,3657.355125,3573970.4724,-0.01226445,3798.543,-0.01021717
20260823_195633_9b613e,2023-06-01,3584278.906125,3657.355125,3580621.551,0.00185908,3806.867,0.00219137
20260823_195633_9b613e,2023-06-02,3600372.958125,3657.355125,3596715.603,0.00449018,3861.834,0.01443891
20260823_195633_9b613e,2023-06-05,3631907.552125,3657.355125,3628250.197,0.0087587,3844.249,-0.00455354
20260823_195633_9b613e,2023-06-06,3585776.825454,807.041454,3584969.784,-0.01270151,3808.163,-0.00938701
20260823_195633_9b613e,2023-06-07,3581417.279454,807.041454,3580610.238,-0.00121579,3789.342,-0.00494228
20260823_195633_9b613e,2023-06-08,3546776.609454,807.041454,3545969.568,-0.00967234,3820.187,0.00813994
20260823_195633_9b613e,2023-06-09,3589277.345454,807.041454,3588470.304,0.01198292,3836.703,0.00432335
20260823_195633_9b613e,2023-06-12,3613908.268454,807.041454,3613101.227,0.00686236,3844.433,0.00201475
20260823_195633_9b613e,2023-06-13,3662806.386318,851.200318,3661955.186,0.01353054,3864.908,0.00532588
20260823_195633_9b613e,2023-06-14,3634489.241318,851.200318,3633638.041,-0.007731,3864.025,-0.00022847
20260823_195633_9b613e,2023-06-15,3640856.496318,851.200318,3640005.296,0.0017519,3925.5,0.01590958
20260823_195633_9b613e,2023-06-16,3643276.172318,851.200318,3642424.972,0.00066459,3963.351,0.00964234
20260823_195633_9b613e,2023-06-19,3645425.639318,851.200318,3644574.439,0.00058998,3930.908,-0.00818575
20260823_195633_9b613e,2023-06-20,3615338.705913,2543.064913,3612795.641,-0.00825334,3924.238,-0.00169681
20260823_195633_9b613e,2023-06-21,3630209.923913,2543.064913,3627666.859,0.00411337,3864.032,-0.01534209
20260823_195633_9b613e,2023-06-26,3647133.916913,2543.064913,3644590.852,0.00466199,3809.696,-0.014062
20260823_195633_9b613e,2023-06-27,3788410.403808,10807.577808,3777602.826,0.0387363,3845.433,0.00938054
20260823_195633_9b613e,2023-06-28,3801721.596808,10807.577808,3790914.019,0.00351366,3840.799,-0.00120507
20260823_195633_9b613e,2023-06-29,3812375.665808,10807.577808,3801568.088,0.00280243,3821.844,-0.00493517
20260823_195633_9b613e,2023-06-30,3859627.721808,10807.577808,3848820.144,0.01239439,3842.452,0.00539216
20260823_195633_9b613e,2023-07-03,3839787.833808,10807.577808,3828980.256,-0.00514036,3892.882,0.01312443
20260823_195633_9b613e,2023-07-04,3855621.332371,2213.022371,3853408.31,0.00412353,3899.013,0.00157493
20260823_195633_9b613e,2023-07-05,3824113.876371,2213.022371,3821900.854,-0.00817182,3868.805,-0.0077476
20260823_195633_9b613e,2023-07-06,3847822.128371,2213.022371,3845609.106,0.00619967,3842.754,-0.0067336
20260823_195633_9b613e,2023-07-07,3861350.534371,2213.022371,3859137.512,0.00351586,3825.699,-0.00443822
20260823_195633_9b613e,2023-07-10,3878166.700371,2213.022371,3875953.678,0.004355,3844.327,0.00486918
20260823_195633_9b613e,2023-07-11,3882159.989482,3042.324482,3879117.665,0.00102968,3869.486,0.00654445
20260823_195633_9b613e,2023-07-12,3867072.854482,3042.324482,3864030.53,-0.00388627,3843.437,-0.0067319
20260823_195633_9b613e,2023-07-13,3856997.685482,3042.324482,3853955.361,-0.00260537,3898.423,0.01430647
20260823_195633_9b613e,2023-07-14,3803908.448482,3042.324482,3800866.124,-0.01376439,3899.103,0.00017443
20260823_195633_9b613e,2023-07-17,3796018.969482,3042.324482,3792976.645,-0.00207405,3867.175,-0.00818855
20260823_195633_9b613e,2023-07-18,3792764.03061,-2340.60039,3795104.631,-0.00085746,3854.939,-0.00316407
20260823_195633_9b613e,2023-07-19,3818429.23761,-2340.60039,3820769.838,0.00676689,3850.866,-0.00105657
20260823_195633_9b613e,2023-07-20,3763038.49861,-2340.60039,3765379.099,-0.01450616,3823.694,-0.00705608
20260823_195633_9b613e,2023-07-21,3749297.47061,-2340.60039,3751638.071,-0.00365158,3821.91,-0.00046656
20260823_195633_9b613e,2023-07-24,3743941.36061,-2340.60039,3746281.961,-0.00142856,3805.221,-0.00436666
20260823_195633_9b613e,2023-07-25,3824511.7895,-238.6165,3824750.406,0.02152022,3915.116,0.02888006
20260823_195633_9b613e,2023-07-26,3811375.6255,-238.6165,3811614.242,-0.00343473,3907.013,-0.00206967
20260823_195633_9b613e,2023-07-27,3820098.9355,-238.6165,3820337.552,0.00228876,3902.345,-0.00119477
20260823_195633_9b613e,2023-07-28,3847514.0395,-238.6165,3847752.656,0.00717654,3992.738,0.02316376
20260823_195633_9b613e,2023-07-31,3869572.9725,-238.6165,3869811.589,0.00573329,4014.63,0.00548295
20260823_195633_9b613e,2023-08-01,3907482.558201,-8084.310799,3915566.869,0.00979684,3998.001,-0.0041421
20260823_195633_9b613e,2023-08-02,3934250.525201,-8084.310799,3942334.836,0.00685044,3969.895,-0.00703001
20260823_195633_9b613e,2023-08-03,3922909.219201,-8084.310799,3930993.53,-0.00288271,4004.984,0.00883877
20260823_195633_9b613e,2023-08-04,3847693.422201,-8084.310799,3855777.733,-0.01917347,4020.579,0.0038939
20260823_195633_9b613e,2023-08-07,3804000.283201,-8084.310799,3812084.594,-0.01135567,3990.153,-0.00756757
20260823_195633_9b613e,2023-08-08,3790878.415264,-1671.019736,3792549.435,-0.00344949,3979.732,-0.00261168
20260823_195633_9b613e,2023-08-09,3723683.402264,-1671.019736,3725354.422,-0.01772545,3967.565,-0.00305724
20260823_195633_9b613e,2023-08-10,3773628.593264,-1671.019736,3775299.613,0.01341285,3975.717,0.00205466
20260823_195633_9b613e,2023-08-11,3692577.009264,-1671.019736,3694248.029,-0.02147842,3884.254,-0.02300541
20260823_195633_9b613e,2023-08-14,3698816.677264,-1671.019736,3700487.697,0.00168979,3855.906,-0.00729818
20260823_195633_9b613e,2023-08-15,3689198.986377,-2691.293623,3691890.28,-0.00260021,3846.536,-0.00243004
20260823_195633_9b613e,2023-08-16,3676184.663377,-2691.293623,3678875.957,-0.00352768,3818.333,-0.00733205
20260823_195633_9b613e,2023-08-17,3737266.108377,-2691.293623,3739957.402,0.01661545,3831.101,0.00334387
20260823_195633_9b613e,2023-08-18,3693827.747377,-2691.293623,3696519.041,-0.01162303,3784.004,-0.01229333
20260823_195633_9b613e,2023-08-21,3693528.617377,-2691.293623,3696219.911,-8.098e-05,3729.555,-0.01438926
20260823_195633_9b613e,2023-08-22,3674139.869729,2412.147729,3671727.722,-0.00524938,3758.228,0.00768805
20260823_195633_9b613e,2023-08-23,3641190.562729,2412.147729,3638778.415,-0.0089679,3696.634,-0.01638911
20260823_195633_9b613e,2023-08-24,3631262.103729,2412.147729,3628849.956,-0.00272671,3723.43,0.00724876
20260823_195633_9b613e,2023-08-25,3570258.860729,2412.147729,3567846.713,-0.01679946,3709.152,-0.00383464
20260823_195633_9b613e,2023-08-28,3634347.479729,2412.147729,3631935.332,0.01795069,3752.619,0.01171885
20260823_195633_9b613e,2023-08-29,3702755.341698,-5742.777302,3708498.119,0.0188226,3790.107,0.00998982
20260823_195633_9b613e,2023-08-30,3696457.901698,-5742.777302,3702200.679,-0.00170074,3788.51,-0.00042136
20260823_195633_9b613e,2023-08-31,3675338.002698,-5742.777302,3681080.78,-0.00571355,3765.268,-0.00613487
20260823_195633_9b613e,2023-09-01,3689647.998698,-5742.777302,3695390.776,0.00389352,3791.491,0.00696444
20260823_195633_9b613e,2023-09-04,3742146.662698,-5742.777302,3747889.44,0.01422864,3848.952,0.01515525
20260823_195633_9b613e,2023-09-05,3739310.82052,-11495.49448,3750806.315,-0.00075781,3820.318,-0.00743943
20260823_195633_9b613e,2023-09-06,3739418.37352,-11495.49448,3750913.868,2.876e-05,3812.028,-0.00216998
20260823_195633_9b613e,2023-09-07,3674056.65752,-11495.49448,3685552.152,-0.01747911,3758.475,-0.01404843
20260823_195633_9b613e,2023-09-08,3666220.53552,-11495.49448,3677716.03,-0.00213283,3739.993,-0.00491742
20260823_195633_9b613e,2023-09-11,3700367.35552,-11495.49448,3711862.85,0.0093139,3767.537,0.00736472
20260823_195633_9b613e,2023-09-12,3708895.395247,-2665.263753,3711560.659,0.00230465,3760.605,-0.00183993
20260823_195633_9b613e,2023-09-13,3672491.259247,-2665.263753,3675156.523,-0.00981536,3736.651,-0.00636972
20260823_195633_9b613e,2023-09-14,3656398.477247,-2665.263753,3659063.741,-0.00438198,3733.508,-0.00084113
20260823_195633_9b613e,2023-09-15,3641965.749247,-2665.263753,3644631.013,-0.00394725,3708.777,-0.00662407
20260823_195633_9b613e,2023-09-18,3701157.536247,-2665.263753,3703822.8,0.0162527,3727.711,0.00510519
20260823_195633_9b613e,2023-09-19,3650367.136176,-2755.689824,3653122.826,-0.01372284,3720.502,-0.00193389
20260823_195633_9b613e,2023-09-20,3627655.267176,-2755.689824,3630410.957,-0.0062218,3705.689,-0.00398145
20260823_195633_9b613e,2023-09-21,3593192.052176,-2755.689824,3595947.742,-0.00950014,3672.445,-0.00897107
20260823_195633_9b613e,2023-09-22,3653306.416176,-2755.689824,3656062.106,0.01673007,3738.933,0.01810456
20260823_195633_9b613e,2023-09-25,3659117.319176,-2755.689824,3661873.009,0.00159059,3714.604,-0.00650694
20260823_195633_9b613e,2023-09-26,3651579.584553,2532.275553,3649047.309,-0.00205999,3692.893,-0.00584477
20260823_195633_9b613e,2023-09-27,3652474.370553,2532.275553,3649942.095,0.00024504,3700.495,0.00205855
20260823_195633_9b613e,2023-09-28,3685601.029553,2532.275553,3683068.754,0.00906965,3689.517,-0.00296663
20260823_195633_9b613e,2023-10-09,3659145.382553,2532.275553,3656613.107,-0.00717811,3684.728,-0.001298
20260823_195633_9b613e,2023-10-10,3634417.495385,5424.409385,3628993.086,-0.00675783,3657.126,-0.00749092
20260823_195633_9b613e,2023-10-11,3572634.888385,5424.409385,3567210.479,-0.01699931,3667.548,0.00284978
20260823_195633_9b613e,2023-10-12,3626833.723385,5424.409385,3621409.314,0.01517055,3702.383,0.00949817
20260823_195633_9b613e,2023-10-13,3570759.476385,5424.409385,3565335.067,-0.01546094,3663.41,-0.01052646
20260823_195633_9b613e,2023-10-16,3552358.691385,5424.409385,3546934.282,-0.00515319,3626.598,-0.01004856
20260823_195633_9b613e,2023-10-17,3581037.597307,-269.913693,3581307.511,0.0080732,3639.402,0.00353058
20260823_195633_9b613e,2023-10-18,3554027.918307,-269.913693,3554297.832,-0.00754242,3610.577,-0.00792026
20260823_195633_9b613e,2023-10-19,3501527.260307,-269.913693,3501797.174,-0.01477216,3533.545,-0.02133509
20260823_195633_9b613e,2023-10-20,3479784.161307,-269.913693,3480054.075,-0.0062096,3510.589,-0.00649659
20260823_195633_9b613e,2023-10-23,3444748.747307,-269.913693,3445018.661,-0.01006827,3474.244,-0.01035296
20260823_195633_9b613e,2023-10-24,3524303.380921,7542.357921,3516761.023,0.02309447,3487.131,0.0037093
20260823_195633_9b613e,2023-10-25,3570366.610921,7542.357921,3562824.253,0.01307017,3504.457,0.00496855
20260823_195633_9b613e,2023-10-26,3603176.162921,7542.357921,3595633.805,0.00918941,3514.144,0.00276419
20260823_195633_9b613e,2023-10-27,3638239.162921,7542.357921,3630696.805,0.00973114,3562.385,0.01372767
20260823_195633_9b613e,2023-10-30,3682683.723921,7542.357921,3675141.366,0.01221595,3583.772,0.00600356
20260823_195633_9b613e,2023-10-31,3683500.248152,8540.020152,3674960.228,0.00022172,3572.505,-0.00314389
20260823_195633_9b613e,2023-11-01,3751525.429152,8540.020152,3742985.409,0.01846754,3571.027,-0.00041372
20260823_195633_9b613e,2023-11-02,3742819.126152,8540.020152,3734279.106,-0.00232074,3554.189,-0.00471517
20260823_195633_9b613e,2023-11-03,3775187.520152,8540.020152,3766647.5,0.00864813,3584.136,0.00842583
20260823_195633_9b613e,2023-11-06,3788427.145152,8540.020152,3779887.125,0.00350701,3632.608,0.01352404
20260823_195633_9b613e,2023-11-07,3830657.943271,5604.449271,3825053.494,0.01114732,3619.76,-0.00353685
20260823_195633_9b613e,2023-11-08,3805297.836271,5604.449271,3799693.387,-0.0066203,3611.072,-0.00240016
20260823_195633_9b613e,2023-11-09,3735104.924271,5604.449271,3729500.475,-0.0184461,3612.826,0.00048573
20260823_195633_9b613e,2023-11-10,3719566.586271,5604.449271,3713962.137,-0.00416008,3586.489,-0.00728986
20260823_195633_9b613e,2023-11-13,3755594.892271,5604.449271,3749990.443,0.00968616,3579.414,-0.00197268
20260823_195633_9b613e,2023-11-14,3743101.414527,-2254.493473,3745355.908,-0.00332663,3582.058,0.00073867
20260823_195633_9b613e,2023-11-15,3822666.929527,-2254.493473,3824921.423,0.02125657,3607.246,0.00703171
20260823_195633_9b613e,2023-11-16,3836700.392527,-2254.493473,3838954.886,0.00367112,3572.365,-0.0096697
20260823_195633_9b613e,2023-11-17,3862735.790527,-2254.493473,3864990.284,0.00678588,3568.069,-0.00120256
20260823_195633_9b613e,2023-11-20,3887501.661527,-2254.493473,3889756.155,0.00641148,3576.323,0.0023133
20260823_195633_9b613e,2023-11-21,3877456.99096,1418.25096,3876038.74,-0.00258384,3581.067,0.0013265
20260823_195633_9b613e,2023-11-22,3840129.03196,1418.25096,3838710.781,-0.00962692,3544.416,-0.01023466
20260823_195633_9b613e,2023-11-23,3887826.89096,1418.25096,3886408.64,0.0124209,3561.52,0.00482562
20260823_195633_9b613e,2023-11-24,3866146.06596,1418.25096,3864727.815,-0.00557659,3538.009,-0.00660139
20260823_195633_9b613e,2023-11-27,3865000.33196,1418.25096,3863582.081,-0.00029635,3511.942,-0.0073677
20260823_195633_9b613e,2023-11-28,3889414.649323,7908.967323,3881505.682,0.00631677,3518.523,0.00187389
20260823_195633_9b613e,2023-11-29,3850917.645323,7908.967323,3843008.678,-0.00989789,3488.307,-0.00858769
20260823_195633_9b613e,2023-11-30,3828265.112323,7908.967323,3820356.145,-0.00588237,3496.203,0.00226356
20260823_195633_9b613e,2023-12-01,3846252.583323,7908.967323,3838343.616,0.0046986,3482.881,-0.00381042
20260823_195633_9b613e,2023-12-04,3853319.509323,7908.967323,3845410.542,0.00183735,3460.138,-0.00652994
20260823_195633_9b613e,2023-12-05,3785201.316209,-3342.599791,3788543.916,-0.0176778,3394.257,-0.01903999
20260823_195633_9b613e,2023-12-06,3794252.149209,-3342.599791,3797594.749,0.00239111,3399.598,0.00157354
20260823_195633_9b613e,2023-12-07,3764562.080209,-3342.599791,3767904.68,-0.00782501,3391.283,-0.00244588
20260823_195633_9b613e,2023-12-08,3687476.749209,-3342.599791,3690819.349,-0.02047657,3399.462,0.00241177
20260823_195633_9b613e,2023-12-11,3730309.980209,-3342.599791,3733652.58,0.01161586,3419.455,0.00588122
20260823_195633_9b613e,2023-12-12,3771797.672359,-5047.311641,3776844.984,0.01112178,3426.803,0.00214888
20260823_195633_9b613e,2023-12-13,3760528.481359,-5047.311641,3765575.793,-0.00298775,3369.605,-0.01669136
20260823_195633_9b613e,2023-12-14,3808698.333359,-5047.311641,3813745.645,0.01280933,3351.964,-0.00523533
20260823_195633_9b613e,2023-12-15,3783691.426359,-5047.311641,3788738.738,-0.00656574,3341.552,-0.00310624
20260823_195633_9b613e,2023-12-18,3723298.339359,-5047.311641,3728345.651,-0.01596142,3329.366,-0.00364681
20260823_195633_9b613e,2023-12-19,3702951.090295,4195.128295,3698755.962,-0.00546485,3334.041,0.00140417
20260823_195633_9b613e,2023-12-20,3681147.228295,4195.128295,3676952.1,-0.00588824,3297.502,-0.01095937
20260823_195633_9b613e,2023-12-21,3784700.271295,4195.128295,3780505.143,0.02813064,3330.869,0.01011887
20260823_195633_9b613e,2023-12-22,3717528.898295,4195.128295,3713333.77,-0.01774814,3337.229,0.00190941
20260823_195633_9b613e,2023-12-25,3666804.139295,4195.128295,3662609.011,-0.01364475,3347.45,0.00306272
20260823_195633_9b613e,2023-12-26,3645714.956044,-3972.278956,3649687.235,-0.00575138,3324.79,-0.00676933
20260823_195633_9b613e,2023-12-27,3686390.643044,-3972.278956,3690362.922,0.01115712,3336.357,0.00347902
20260823_195633_9b613e,2023-12-28,3725764.357044,-3972.278956,3729736.636,0.01068083,3414.54,0.02343364
20260823_195633_9b613e,2023-12-29,3759511.003044,-3972.278956,3763483.282,0.00905764,3431.11,0.00485278
20260823_195633_9b613e,2024-01-02,3816208.062044,-3972.278956,3820180.341,0.01508097,3386.352,-0.01304476
20260823_195633_9b613e,2024-01-03,3817951.724372,286.717372,3817665.007,0.00045691,3378.297,-0.00237867
20260823_195633_9b613e,2024-01-04,3833991.420372,286.717372,3833704.703,0.00420113,3347.052,-0.00924874
20260823_195633_9b613e,2024-01-05,3774183.457372,286.717372,3773896.74,-0.0155994,3329.111,-0.00536024
20260823_195633_9b613e,2024-01-08,3718447.554372,286.717372,3718160.837,-0.01476767,3286.056,-0.01293288
20260823_195633_9b613e,2024-01-09,3770629.442236,-11399.501764,3782028.944,0.01403325,3292.499,0.00196071
20260823_195633_9b613e,2024-01-10,3744173.644236,-11399.501764,3755573.146,-0.00701628,3277.129,-0.00466819
20260823_195633_9b613e,2024-01-11,3795173.735236,-11399.501764,3806573.237,0.01362119,3295.672,0.00565831
20260823_195633_9b613e,2024-01-12,3777521.907236,-11399.501764,3788921.409,-0.00465113,3284.167,-0.00349094
20260823_195633_9b613e,2024-01-15,3794589.365236,-11399.501764,3805988.867,0.00451816,3280.92,-0.00098868
20260823_195633_9b613e,2024-01-16,3778384.639418,-2004.044582,3780388.684,-0.00427048,3300.876,0.00608244
20260823_195633_9b613e,2024-01-17,3728808.641418,-2004.044582,3730812.686,-0.01312095,3229.082,-0.02174998
20260823_195633_9b613e,2024-01-18,3673107.470418,-2004.044582,3675111.515,-0.01493806,3274.729,0.01413622
20260823_195633_9b613e,2024-01-19,3638097.147418,-2004.044582,3640101.192,-0.00953153,3269.777,-0.00151219
20260823_195633_9b613e,2024-01-22,3394677.176418,-2004.044582,3396681.221,-0.0669086,3218.902,-0.01555917
20260823_195633_9b613e,2024-01-23,3369234.948246,-3292.277754,3372527.226,-0.00749474,3231.933,0.00404827
20260823_195633_9b613e,2024-01-24,3459586.473246,-3292.277754,3462878.751,0.02681663,3277.109,0.01397801
20260823_195633_9b613e,2024-01-25,3578810.755246,-3292.277754,3582103.033,0.034462,3342.919,0.02008172
20260823_195633_9b613e,2024-01-26,3615588.625246,-3292.277754,3618880.903,0.01027656,3333.822,-0.00272127
20260823_195633_9b613e,2024-01-29,3502492.854246,-3292.277754,3505785.132,-0.03128004,3303.96,-0.00895729
20260823_195633_9b613e,2024-01-30,3422755.009393,2732.801393,3420022.208,-0.02276603,3245.039,-0.01783345
20260823_195633_9b613e,2024-01-31,3242859.960393,2732.801393,3240127.159,-0.05255855,3215.351,-0.00914873
20260823_195633_9b613e,2024-02-01,3136067.330393,2732.801393,3133334.529,-0.03293162,3217.711,0.00073398
20260823_195633_9b613e,2024-02-02,2995217.101393,2732.801393,2992484.3,-0.04491301,3179.628,-0.01183543
20260823_195633_9b613e,2024-02-05,2729620.657393,2732.801393,2726887.856,-0.08867352,3200.421,0.00653944
20260823_195633_9b613e,2024-02-06,2738982.712027,59.785027,2738922.927,0.0034298,3311.693,0.03476793
20260823_195633_9b613e,2024-02-07,2655556.516027,59.785027,2655496.731,-0.03045883,3343.63,0.00964371
20260823_195633_9b613e,2024-02-08,2878452.348027,59.785027,2878392.563,0.08393564,3364.93,0.00637032
20260823_195633_9b613e,2024-02-19,2989230.210027,59.785027,2989170.425,0.03848522,3403.808,0.01155388
20260823_195633_9b613e,2024-02-20,3011095.610384,1220.338384,3009875.272,0.00731473,3410.854,0.00207003
20260823_195633_9b613e,2024-02-21,3056764.717384,1220.338384,3055544.379,0.01516694,3456.871,0.01349134
20260823_195633_9b613e,2024-02-22,3099654.856384,1220.338384,3098434.518,0.01403122,3486.675,0.00862167
20260823_195633_9b613e,2024-02-23,3178359.330384,1220.338384,3177138.992,0.02539137,3489.742,0.00087963
20260823_195633_9b613e,2024-02-26,3260369.955384,1220.338384,3259149.617,0.02580282,3453.359,-0.0104257
20260823_195633_9b613e,2024-02-27,3310154.368077,3142.332077,3307012.036,0.01526956,3494.787,0.01199644
20260823_195633_9b613e,2024-02-28,3073195.761077,3142.332077,3070053.429,-0.07158536,3450.26,-0.01274098
20260823_195633_9b613e,2024-02-29,3167636.904077,3142.332077,3164494.572,0.0307306,3516.082,0.0190774
20260823_195633_9b613e,2024-03-01,3196488.087077,3142.332077,3193345.755,0.00910811,3537.804,0.0061779
20260823_195633_9b613e,2024-03-04,3217604.612077,3142.332077,3214462.28,0.00660616,3540.869,0.00086636
20260823_195633_9b613e,2024-03-05,3159298.522343,2547.609343,3156750.913,-0.01812096,3565.515,0.00696044
20260823_195633_9b613e,2024-03-06,3200468.082343,2547.609343,3197920.473,0.01303123,3551.048,-0.00405748
20260823_195633_9b613e,2024-03-07,3260878.917343,2547.609343,3258331.308,0.01887562,3529.719,-0.0060064
20260823_195633_9b613e,2024-03-08,3259410.579343,2547.609343,3256862.97,-0.00045029,3544.91,0.00430374
20260823_195633_9b613e,2024-03-11,3318621.578343,2547.609343,3316073.969,0.01816617,3589.264,0.01251202
20260823_195633_9b613e,2024-03-12,3339158.276543,176.219543,3338982.057,0.00618832,3597.494,0.00229295
20260823_195633_9b613e,2024-03-13,3336121.886543,176.219543,3335945.667,-0.00090933,3572.361,-0.00698625
20260823_195633_9b613e,2024-03-14,3338957.006543,176.219543,3338780.787,0.00084983,3562.223,-0.0028379
20260823_195633_9b613e,2024-03-15,3411982.250543,176.219543,3411806.031,0.02187068,3569.993,0.00218122
20260823_195633_9b613e,2024-03-18,3473610.595543,176.219543,3473434.376,0.01806233,3603.528,0.00939358
20260823_195633_9b613e,2024-03-19,3454139.625335,-667.949665,3454807.575,-0.0056054,3577.63,-0.00718685
20260823_195633_9b613e,2024-03-20,3496786.350335,-667.949665,3497454.3,0.01234656,3585.384,0.00216736
20260823_195633_9b613e,2024-03-21,3495974.635335,-667.949665,3496642.585,-0.00023213,3581.09,-0.00119764
20260823_195633_9b613e,2024-03-22,3464028.121335,-667.949665,3464696.071,-0.00913809,3545.002,-0.01007738
20260823_195633_9b613e,2024-03-25,3403822.041335,-667.949665,3404489.991,-0.01738037,3525.763,-0.00542708
20260823_195633_9b613e,2024-03-26,3458814.363306,-4967.823694,3463782.187,0.01615605,3543.747,0.00510074
20260823_195633_9b613e,2024-03-27,3429601.966306,-4967.823694,3434569.79,-0.00844578,3502.787,-0.01155839
20260823_195633_9b613e,2024-03-28,3537925.858306,-4967.823694,3542893.682,0.03158497,3520.965,0.00518958
20260823_195633_9b613e,2024-03-29,3553844.340306,-4967.823694,3558812.164,0.00449938,3537.484,0.00469161
20260823_195633_9b613e,2024-04-01,3596293.754306,-4967.823694,3601261.578,0.01194465,3595.647,0.01644191
20260823_195633_9b613e,2024-04-02,3603406.619418,7142.127418,3596264.492,0.00197783,3580.676,-0.00416365
20260823_195633_9b613e,2024-04-03,3577508.736418,7142.127418,3570366.609,-0.00718706,3567.803,-0.00359513
20260823_195633_9b613e,2024-04-08,3532632.542418,7142.127418,3525490.415,-0.01254398,3536.408,-0.00879953
20260823_195633_9b613e,2024-04-09,3546807.035893,907.972893,3545899.063,0.00401244,3533.487,-0.00082598
20260823_195633_9b613e,2024-04-10,3492468.137893,907.972893,3491560.165,-0.01532051,3504.709,-0.00814436
20260823_195633_9b613e,2024-04-11,3524637.741893,907.972893,3523729.769,0.00921114,3504.245,-0.00013239
20260823_195633_9b613e,2024-04-12,3590220.608893,907.972893,3589312.636,0.01860698,3475.839,-0.00810617
20260823_195633_9b613e,2024-04-15,3447267.167893,907.972893,3446359.195,-0.03981745,3549.076,0.02107031
20260823_195633_9b613e,2024-04-16,3231012.733521,-7514.266479,3238527.0,-0.06273214,3511.115,-0.01069602
20260823_195633_9b613e,2024-04-17,3446136.450521,-7514.266479,3453650.717,0.06658089,3565.403,0.01546176
20260823_195633_9b613e,2024-04-18,3500404.641521,-7514.266479,3507918.908,0.01574755,3569.802,0.0012338
20260823_195633_9b613e,2024-04-19,3494725.330521,-7514.266479,3502239.597,-0.00162247,3541.662,-0.00788279
20260823_195633_9b613e,2024-04-22,3410589.426521,-7514.266479,3418103.693,-0.02407511,3530.905,-0.00303727
20260823_195633_9b613e,2024-04-23,3379876.200563,-6155.914437,3386032.115,-0.00900525,3506.225,-0.00698971
20260823_195633_9b613e,2024-04-24,3419367.995563,-6155.914437,3425523.91,0.01168439,3521.621,0.00439105
20260823_195633_9b613e,2024-04-25,3440692.187563,-6155.914437,3446848.102,0.0062363,3530.281,0.00245909
20260823_195633_9b613e,2024-04-26,3466845.254563,-6155.914437,3473001.169,0.00760111,3584.269,0.01529283
20260823_195633_9b613e,2024-04-29,3544715.161563,-6155.914437,3550871.076,0.02246132,3623.913,0.01106055
20260823_195633_9b613e,2024-04-30,3555073.081608,10184.832608,3544888.249,0.00292207,3604.394,-0.00538617
20260823_195633_9b613e,2024-05-06,3637109.168608,10184.832608,3626924.336,0.02307578,3657.877,0.01483828
20260823_195633_9b613e,2024-05-07,3604325.44666,-7116.63834,3611442.085,-0.00901368,3659.008,0.0003092
20260823_195633_9b613e,2024-05-08,3570227.29126,-7116.63834,3577343.9296,-0.00946034,3630.223,-0.00786689
20260823_195633_9b613e,2024-05-09,3597855.23546,-7116.63834,3604971.8738,0.00773843,3664.561,0.00945892
20260823_195633_9b613e,2024-05-10,3613582.96886,-7116.63834,3620699.6072,0.00437142,3666.277,0.00046827
20260823_195633_9b613e,2024-05-13,3652621.82846,-7116.63834,3659738.4668,0.01080337,3664.691,-0.00043259
20260823_195633_9b613e,2024-05-14,3695933.312709,-963.040091,3696896.3528,0.01185764,3657.045,-0.0020864
20260823_195633_9b613e,2024-05-15,3673637.296109,-963.040091,3674600.3362,-0.00603258,3626.056,-0.00847378
20260823_195633_9b613e,2024-05-16,3651509.064909,-963.040091,3652472.105,-0.00602352,3640.359,0.00394451
20260823_195633_9b613e,2024-05-17,3656998.922709,-963.040091,3657961.9628,0.00150345,3677.97,0.01033167
20260823_195633_9b613e,2024-05-20,3652462.604109,-963.040091,3653425.6442,-0.00124045,3690.963,0.00353266
20260823_195633_9b613e,2024-05-21,3637592.331911,-4837.497889,3642429.8298,-0.0040713,3676.161,-0.00401034
20260823_195633_9b613e,2024-05-22,3624165.514911,-4837.497889,3629003.0128,-0.00369113,3684.451,0.00225507
20260823_195633_9b613e,2024-05-23,3532914.848311,-4837.497889,3537752.3462,-0.02517839,3641.792,-0.01157812
20260823_195633_9b613e,2024-05-24,3537386.611311,-4837.497889,3542224.1092,0.00126574,3601.476,-0.01107037
20260823_195633_9b613e,2024-05-27,3608458.583711,-4837.497889,3613296.0816,0.02009166,3635.708,0.00950499
20260823_195633_9b613e,2024-05-28,3573445.059421,3861.924921,3569583.1345,-0.00970318,3609.172,-0.00729872
20260823_195633_9b613e,2024-05-29,3541669.153921,3861.924921,3537807.229,-0.00889223,3613.522,0.00120526
20260823_195633_9b613e,2024-05-30,3505534.900921,3861.924921,3501672.976,-0.01020261,3594.312,-0.00531614
20260823_195633_9b613e,2024-05-31,3516515.833921,3861.924921,3512653.909,0.00313246,3579.925,-0.00400271
20260823_195633_9b613e,2024-06-03,3449161.533421,3861.924921,3445299.6085,-0.0191537,3588.748,0.00246458
20260823_195633_9b613e,2024-06-04,3449859.840812,-618.915488,3450478.7563,0.00020246,3615.671,0.00750206
20260823_195633_9b613e,2024-06-05,3340880.051812,-618.915488,3341498.9673,-0.03158963,3594.794,-0.00577403
20260823_195633_9b613e,2024-06-06,3239279.793512,-618.915488,3239898.709,-0.03041123,3592.245,-0.00070908
20260823_195633_9b613e,2024-06-07,3315139.028412,-618.915488,3315757.9439,0.02341855,3574.114,-0.00504726
20260823_195633_9b613e,2024-06-11,3305513.965912,-618.915488,3306132.8814,-0.00290337,3542.878,-0.00873951
20260823_195633_9b613e,2024-06-12,3350274.822085,5771.302085,3344503.52,0.01354127,3544.123,0.00035141
20260823_195633_9b613e,2024-06-13,3318754.660385,5771.302085,3312983.3583,-0.00940823,3526.13,-0.00507686
20260823_195633_9b613e,2024-06-14,3320604.623685,5771.302085,3314833.3216,0.00055743,3541.533,0.00436825
20260823_195633_9b613e,2024-06-17,3267900.406885,5771.302085,3262129.1048,-0.01587187,3536.199,-0.00150613
20260823_195633_9b613e,2024-06-18,3304584.278582,2926.987682,3301657.2909,0.01122552,3545.591,0.00265596
20260823_195633_9b613e,2024-06-19,3273336.124782,2926.987682,3270409.1371,-0.009456,3528.749,-0.00475012
20260823_195633_9b613e,2024-06-20,3199673.371282,2926.987682,3196746.3836,-0.02250388,3503.282,-0.00721701
20260823_195633_9b613e,2024-06-21,3214970.524782,2926.987682,3212043.5371,0.00478085,3495.619,-0.00218738
20260823_195633_9b613e,2024-06-24,3117760.837582,2926.987682,3114833.8499,-0.03023657,3476.81,-0.00538074
20260823_195633_9b613e,2024-06-25,3159314.146039,-1753.739961,3161067.886,0.01332793,3457.902,-0.00543832
20260823_195633_9b613e,2024-06-26,3231266.667039,-1753.739961,3233020.407,0.02277473,3480.265,0.00646722
20260823_195633_9b613e,2024-06-27,3165989.537039,-1753.739961,3167743.277,-0.02020172,3454.118,-0.00751293
20260823_195633_9b613e,2024-06-28,3201022.549239,-1753.739961,3202776.2892,0.01106542,3461.657,0.00218261
20260823_195633_9b613e,2024-07-01,3264420.515239,-1753.739961,3266174.2552,0.01980554,3478.183,0.00477401
20260823_195633_9b613e,2024-07-02,3265377.068806,-6989.735194,3272366.804,0.00029302,3471.786,-0.00183918
20260823_195633_9b613e,2024-07-03,3237699.375806,-6989.735194,3244689.111,-0.00847611,3463.414,-0.00241144
20260823_195633_9b613e,2024-07-04,3170426.320806,-6989.735194,3177416.056,-0.02077804,3445.813,-0.00508198
20260823_195633_9b613e,2024-07-05,3206651.060806,-6989.735194,3213640.796,0.01142583,3431.06,-0.00428143
20260823_195633_9b613e,2024-07-08,3133641.836806,-6989.735194,3140631.572,-0.02276806,3401.76,-0.00853963
20260823_195633_9b613e,2024-07-09,3200924.689533,-1761.443667,3202686.1332,0.02147114,3439.812,0.01118597
20260823_195633_9b613e,2024-07-10,3203121.967733,-1761.443667,3204883.4114,0.00068645,3428.965,-0.00315337
20260823_195633_9b613e,2024-07-11,3347249.569933,-1761.443667,3349011.0136,0.04499598,3468.169,0.01143319
20260823_195633_9b613e,2024-07-12,3341042.476733,-1761.443667,3342803.9204,-0.00185439,3472.401,0.00122024
20260823_195633_9b613e,2024-07-15,3285829.791333,-1761.443667,3287591.235,-0.01652559,3476.247,0.00110759
20260823_195633_9b613e,2024-07-16,3256426.214251,1694.206451,3254732.0078,-0.0089486,3498.283,0.00633902
20260823_195633_9b613e,2024-07-17,3188985.216851,1694.206451,3187291.0104,-0.02071013,3501.584,0.00094361
20260823_195633_9b613e,2024-07-18,3193943.879851,1694.206451,3192249.6734,0.00155493,3520.931,0.00552521
20260823_195633_9b613e,2024-07-19,3190689.968051,1694.206451,3188995.7616,-0.00101878,3539.015,0.00513614
20260823_195633_9b613e,2024-07-22,3201039.806451,1694.206451,3199345.6,0.00324376,3514.925,-0.00680698
20260823_195633_9b613e,2024-07-23,3157674.764775,-3461.876225,3161136.641,-0.01354717,3439.878,-0.02135095
20260823_195633_9b613e,2024-07-24,3118899.097775,-3461.876225,3122360.974,-0.01227982,3418.166,-0.00631185
20260823_195633_9b613e,2024-07-25,3158471.010775,-3461.876225,3161932.887,0.01268778,3399.271,-0.00552782
20260823_195633_9b613e,2024-07-26,3230596.956775,-3461.876225,3234058.833,0.02283572,3409.293,0.00294828
20260823_195633_9b613e,2024-07-29,3213071.742775,-3461.876225,3216533.619,-0.00542476,3390.742,-0.0054413
20260823_195633_9b613e,2024-07-30,3213224.607266,1350.271866,3211874.3354,4.758e-05,3369.382,-0.00629951
20260823_195633_9b613e,2024-07-31,3307245.368266,1350.271866,3305895.0964,0.02926056,3442.085,0.02157755
20260823_195633_9b613e,2024-08-01,3288922.823866,1350.271866,3287572.552,-0.00554012,3419.266,-0.00662941
20260823_195633_9b613e,2024-08-02,3233948.108266,1350.271866,3232597.8364,-0.01671511,3384.392,-0.01019926
20260823_195633_9b613e,2024-08-05,3177470.796666,1350.271866,3176120.5248,-0.01746389,3343.321,-0.01213541
20260823_195633_9b613e,2024-08-06,3233546.115239,2971.649639,3230574.4656,0.01764778,3342.979,-0.00010229
20260823_195633_9b613e,2024-08-07,3216675.592039,2971.649639,3213703.9424,-0.00521734,3341.489,-0.00044571
20260823_195633_9b613e,2024-08-08,3238664.482439,2971.649639,3235692.8328,0.00683591,3342.937,0.00043334
20260823_195633_9b613e,2024-08-09,3229332.646239,2971.649639,3226360.9966,-0.00288138,3331.627,-0.00338325
20260823_195633_9b613e,2024-08-12,3243213.201639,2971.649639,3240241.552,0.00429827,3325.865,-0.00172949
20260823_195633_9b613e,2024-08-13,3254212.39225,4757.73065,3249454.6616,0.00339145,3334.39,0.00256324
20260823_195633_9b613e,2024-08-14,3239348.84145,4757.73065,3234591.1108,-0.00456748,3309.239,-0.00754291
20260823_195633_9b613e,2024-08-15,3248564.09725,4757.73065,3243806.3666,0.00284479,3341.953,0.00988566
20260823_195633_9b613e,2024-08-16,3216683.91505,4757.73065,3211926.1844,-0.00981362,3345.634,0.00110145
20260823_195633_9b613e,2024-08-19,3185023.71145,4757.73065,3180265.9808,-0.0098425,3356.968,0.0033877
20260823_195633_9b613e,2024-08-20,3123389.539161,-2919.507839,3126309.047,-0.01935124,3332.704,-0.00722795
20260823_195633_9b613e,2024-08-21,3131517.322761,-2919.507839,3134436.8306,0.00260223,3321.635,-0.00332133
20260823_195633_9b613e,2024-08-22,3090175.058361,-2919.507839,3093094.5662,-0.01320199,3313.135,-0.00255898
20260823_195633_9b613e,2024-08-23,3077845.494161,-2919.507839,3080765.002,-0.00398992,3327.19,0.00424221
20260823_195633_9b613e,2024-08-26,3113828.786161,-2919.507839,3116748.294,0.01169107,3324.223,-0.00089174
20260823_195633_9b613e,2024-08-27,3056538.91623,-2105.84997,3058644.7662,-0.01839853,3305.334,-0.00568223
20260823_195633_9b613e,2024-08-28,3074184.04363,-2105.84997,3076289.8936,0.00577291,3286.496,-0.00569927
20260823_195633_9b613e,2024-08-29,3101566.33043,-2105.84997,3103672.1804,0.00890717,3277.681,-0.00268219
20260823_195633_9b613e,2024-08-30,3153007.21703,-2105.84997,3155113.067,0.01658545,3321.433,0.01334846
20260823_195633_9b613e,2024-09-02,3133506.35043,-2105.84997,3135612.2004,-0.00618485,3265.012,-0.01698695
20260823_195633_9b613e,2024-09-03,3169813.99735,-1283.86685,3171097.8642,0.01158691,3273.429,0.00257794
20260823_195633_9b613e,2024-09-04,3135910.76675,-1283.86685,3137194.6336,-0.01069565,3252.165,-0.00649594
20260823_195633_9b613e,2024-09-05,3158745.63175,-1283.86685,3160029.4986,0.00728173,3257.758,0.00171978
20260823_195633_9b613e,2024-09-06,3107195.17135,-1283.86685,3108479.0382,-0.01631992,3231.346,-0.00810742
20260823_195633_9b613e,2024-09-09,3090351.06015,-1283.86685,3091634.927,-0.005421,3192.952,-0.01188174
20260823_195633_9b613e,2024-09-10,3114429.534445,-1532.871155,3115962.4056,0.0077915,3195.755,0.00087787
20260823_195633_9b613e,2024-09-11,3097231.550845,-1532.871155,3098764.422,-0.00552203,3186.13,-0.00301181
20260823_195633_9b613e,2024-09-12,3097941.959245,-1532.871155,3099474.8304,0.00022937,3172.475,-0.00428576
20260823_195633_9b613e,2024-09-13,3047904.514645,-1532.871155,3049437.3858,-0.01615183,3159.247,-0.00416962
20260823_195633_9b613e,2024-09-18,3067874.684845,-1532.871155,3069407.556,0.0065521,3171.01,0.00372336
20260823_195633_9b613e,2024-09-19,3138516.153161,-2889.711839,3141405.865,0.02302619,3196.036,0.00789212
20260823_195633_9b613e,2024-09-20,3126960.291161,-2889.711839,3129850.003,-0.00368195,3201.05,0.00156882
20260823_195633_9b613e,2024-09-23,3141002.288161,-2889.711839,3143892.0,0.00449062,3212.764,0.00365942
20260823_195633_9b613e,2024-09-24,3248696.122795,2291.199795,3246404.923,0.03428646,3351.91,0.04331037
20260823_195633_9b613e,2024-09-25,3262307.965795,2291.199795,3260016.766,0.00418994,3401.533,0.0148044
20260823_195633_9b613e,2024-09-26,3344384.544795,2291.199795,3342093.345,0.02515905,3545.32,0.04227123
20260823_195633_9b613e,2024-09-27,3433612.128795,2291.199795,3431320.929,0.02667982,3703.685,0.04466875
20260823_195633_9b613e,2024-09-30,3702955.292795,2291.199795,3700664.093,0.0784431,4017.855,0.08482633
20260823_195633_9b613e,2024-10-08,3912989.546019,1060789.561019,2852199.985,0.05672071,4256.096,0.05929557
20260823_195633_9b613e,2024-10-09,3619189.438204,4804.215304,3614385.2229,-0.07508328,3955.984,-0.07051345
20260823_195633_9b613e,2024-10-10,3668871.242004,4804.215304,3664067.0267,0.01372733,3997.788,0.01056728
20260823_195633_9b613e,2024-10-11,3549426.000404,4804.215304,3544621.7851,-0.0325564,3887.167,-0.02767055
20260823_195633_9b613e,2024-10-14,3638110.666304,4804.215304,3633306.451,0.02498564,3961.342,0.01908202
20260823_195633_9b613e,2024-10-15,3575970.62316,5479.54976,3570491.0734,-0.01708031,3855.995,-0.02659377
20260823_195633_9b613e,2024-10-16,3608761.68466,5479.54976,3603282.1349,0.00916984,3831.589,-0.00632937
20260823_195633_9b613e,2024-10-17,3569882.32566,5479.54976,3564402.7759,-0.0107736,3788.222,-0.01131828
20260823_195633_9b613e,2024-10-18,3639239.92126,5479.54976,3633760.3715,0.01942854,3925.234,0.03616789
20260823_195633_9b613e,2024-10-21,3681821.83676,5479.54976,3676342.287,0.01170077,3935.197,0.00253819
20260823_195633_9b613e,2024-10-22,3763804.486033,4570.261533,3759234.2245,0.02226687,3957.776,0.00573771
20260823_195633_9b613e,2024-10-23,3759266.375433,4570.261533,3754696.1139,-0.00120572,3973.209,0.00389941
20260823_195633_9b613e,2024-10-24,3754431.468833,4570.261533,3749861.2073,-0.00128613,3928.834,-0.01116855
20260823_195633_9b613e,2024-10-25,3852195.268033,4570.261533,3847625.0065,0.02603957,3956.421,0.00702168
20260823_195633_9b613e,2024-10-28,3954974.838733,4570.261533,3950404.5772,0.02668078,3964.157,0.0019553
20260823_195633_9b613e,2024-10-29,3877043.119248,20532.334148,3856510.7851,-0.01970473,3924.649,-0.00996631
20260823_195633_9b613e,2024-10-30,3886089.768448,20532.334148,3865557.4343,0.00233339,3889.449,-0.00896895
20260823_195633_9b613e,2024-10-31,3968955.587048,20532.334148,3948423.2529,0.0213237,3891.04,0.00040906
20260823_195633_9b613e,2024-11-01,3811986.132348,20532.334148,3791453.7982,-0.03954931,3890.02,-0.00026214
20260823_195633_9b613e,2024-11-04,3869773.225448,20532.334148,3849240.8913,0.01515931,3944.762,0.01407242
20260823_195633_9b613e,2024-11-05,3943444.092062,-5242.118838,3948686.2109,0.01903752,4044.573,0.02530216
20260823_195633_9b613e,2024-11-06,3968604.929462,-5242.118838,3973847.0483,0.00638042,4024.283,-0.0050166
20260823_195633_9b613e,2024-11-07,4072345.138862,-5242.118838,4077587.2577,0.02614022,4145.695,0.03016985
20260823_195633_9b613e,2024-11-08,4055414.647162,-5242.118838,4060656.766,-0.00415743,4104.047,-0.01004608
20260823_195633_9b613e,2024-11-11,4131018.509462,-5242.118838,4136260.6283,0.0186427,4131.131,0.00659934
20260823_195633_9b613e,2024-11-12,4107668.023968,19999.931468,4087668.0925,-0.00565248,4085.743,-0.01098682
20260823_195633_9b613e,2024-11-13,4113316.999168,19999.931468,4093317.0677,0.00137523,4110.89,0.00615482
20260823_195633_9b613e,2024-11-14,4003543.004468,19999.931468,3983543.073,-0.02668746,4039.619,-0.01733712
20260823_195633_9b613e,2024-11-15,3955230.753468,19999.931468,3935230.822,-0.01206737,3968.831,-0.01752343
20260823_195633_9b613e,2024-11-18,3945461.181568,19999.931468,3925461.2501,-0.00247004,3950.38,-0.00464898
20260823_195633_9b613e,2024-11-19,4023023.716605,1184.112905,4021839.6037,0.01965867,3976.891,0.006711
20260823_195633_9b613e,2024-11-20,4115951.725705,1184.112905,4114767.6128,0.02309905,3985.772,0.00223315
20260823_195633_9b613e,2024-11-21,4169677.723505,1184.112905,4168493.6106,0.01305312,3989.298,0.00088465
20260823_195633_9b613e,2024-11-22,4045147.648105,1184.112905,4043963.5352,-0.02986564,3865.699,-0.03098264
20260823_195633_9b613e,2024-11-25,4148090.460405,1184.112905,4146906.3475,0.02544847,3848.091,-0.00455493
20260823_195633_9b613e,2024-11-26,4192915.146015,707.957715,4192207.1883,0.0108061,3840.185,-0.00205453
20260823_195633_9b613e,2024-11-27,4219329.419215,707.957715,4218621.4615,0.00629974,3907.045,0.01741062
20260823_195633_9b613e,2024-11-28,4218361.290015,707.957715,4217653.3323,-0.00022945,3872.551,-0.00882867
20260823_195633_9b613e,2024-11-29,4272812.882315,707.957715,4272104.9246,0.01290823,3916.583,0.01137028
20260823_195633_9b613e,2024-12-02,4407331.932715,707.957715,4406623.975,0.03148255,3947.632,0.00792757
20260823_195633_9b613e,2024-12-03,4440329.850313,2146.606313,4438183.244,0.00748705,3951.892,0.00107913
20260823_195633_9b613e,2024-12-04,4322020.502113,2146.606313,4319873.8958,-0.02664427,3930.557,-0.00539868
20260823_195633_9b613e,2024-12-05,4352811.717713,2146.606313,4350665.1114,0.00712426,3921.588,-0.00228186
20260823_195633_9b613e,2024-12-06,4460081.567713,2146.606313,4457934.9614,0.02464381,3973.14,0.0131457
20260823_195633_9b613e,2024-12-09,4538187.510913,2146.606313,4536040.9046,0.01751222,3966.571,-0.00165335
20260823_195633_9b613e,2024-12-10,4524732.283138,23669.884738,4501062.3984,-0.00296489,3995.637,0.00732774
20260823_195633_9b613e,2024-12-11,4577566.463338,23669.884738,4553896.5786,0.01167675,3988.831,-0.00170336
20260823_195633_9b613e,2024-12-12,4655779.352438,23669.884738,4632109.4677,0.01708613,4028.505,0.00994627
20260823_195633_9b613e,2024-12-13,4571804.874838,23669.884738,4548134.9901,-0.01803661,3933.181,-0.02366238
20260823_195633_9b613e,2024-12-16,4559381.768538,23669.884738,4535711.8838,-0.00271733,3911.842,-0.00542538
20260823_195633_9b613e,2024-12-17,4386996.418249,449526.798449,3937469.6198,-0.03780893,3922.033,0.00260517
20260823_195633_9b613e,2024-12-18,4385300.587749,449526.798449,3935773.7893,-0.00038656,3941.89,0.00506294
20260823_195633_9b613e,2024-12-19,4381409.010449,449526.798449,3931882.212,-0.00088741,3945.464,0.00090667
20260823_195633_9b613e,2024-12-20,4394986.850149,449526.798449,3945460.0517,0.00309897,3927.744,-0.00449123
20260823_195633_9b613e,2024-12-23,4225000.277049,449526.798449,3775473.4786,-0.03867738,3933.572,0.0014838
20260823_195633_9b613e,2024-12-24,4258251.974961,-413.765339,4258665.7403,0.00787022,3983.688,0.01274058
20260823_195633_9b613e,2024-12-25,4191109.190861,-413.765339,4191522.9562,-0.01576769,3985.629,0.00048724
20260823_195633_9b613e,2024-12-26,4251122.087361,-413.765339,4251535.8527,0.0143191,3987.48,0.00046442
20260823_195633_9b613e,2024-12-27,4339684.121961,-413.765339,4340097.8873,0.02083263,3981.031,-0.00161731
20260823_195633_9b613e,2024-12-30,4289856.948161,-413.765339,4290270.7135,-0.01148175,3999.054,0.00452722
20260823_195633_9b613e,2024-12-31,4226117.095888,4882.051388,4221235.0445,-0.01485827,3934.911,-0.01603954
20260823_195633_9b613e,2025-01-02,4200495.442588,4882.051388,4195613.3912,-0.00606269,3820.395,-0.02910256
20260823_195633_9b613e,2025-01-03,4045859.748388,4882.051388,4040977.697,-0.03681368,3775.164,-0.01183935
20260823_195633_9b613e,2025-01-06,4051043.038388,4882.051388,4046160.987,0.00128113,3768.97,-0.00164072
20260823_195633_9b613e,2025-01-07,4117687.842064,-2520.092136,4120207.9342,0.01645127,3796.105,0.00719958
20260823_195633_9b613e,2025-01-08,4127556.485064,-2520.092136,4130076.5772,0.00239665,3789.216,-0.00181475
20260823_195633_9b613e,2025-01-09,4151763.481464,-2520.092136,4154283.5736,0.00586473,3779.877,-0.00246463
20260823_195633_9b613e,2025-01-10,4133080.936664,-2520.092136,4135601.0288,-0.00449991,3732.481,-0.01253903
20260823_195633_9b613e,2025-01-13,4121802.728064,-2520.092136,4124322.8202,-0.00272877,3722.513,-0.00267061
20260823_195633_9b613e,2025-01-14,4305998.607471,31051.716171,4274946.8913,0.04468818,3820.54,0.02633355
20260823_195633_9b613e,2025-01-15,4313444.611871,31051.716171,4282392.8957,0.00172922,3796.027,-0.00641611
20260823_195633_9b613e,2025-01-16,4353731.141671,31051.716171,4322679.4255,0.00933976,3800.383,0.00114752
20260823_195633_9b613e,2025-01-17,4365401.251271,31051.716171,4334349.5351,0.00268048,3812.343,0.00314705
20260823_195633_9b613e,2025-01-20,4463901.996271,31051.716171,4432850.2801,0.02256396,3829.677,0.00454681
20260823_195633_9b613e,2025-01-21,4408736.222169,3066.443269,4405669.7789,-0.0123582,3832.614,0.00076691
20260823_195633_9b613e,2025-01-22,4368440.309869,3066.443269,4365373.8666,-0.00914001,3797.017,-0.00928792
20260823_195633_9b613e,2025-01-23,4389438.723469,3066.443269,4386372.2802,0.00480684,3803.744,0.00177165
20260823_195633_9b613e,2025-01-24,4393691.029869,3066.443269,4390624.5866,0.00096876,3832.864,0.00765562
20260823_195633_9b613e,2025-01-27,4448918.816869,3066.443269,4445852.3736,0.01256979,3817.08,-0.00411807
20260823_195633_9b613e,2025-02-05,4414416.32967,8863.38407,4405552.9456,-0.00775525,3795.085,-0.00576226
20260823_195633_9b613e,2025-02-06,4430914.722684,301.411284,4430613.3114,0.00373739,3842.832,0.01258127
20260823_195633_9b613e,2025-02-07,4463179.850584,301.411284,4462878.4393,0.00728182,3892.703,0.01297767
20260823_195633_9b613e,2025-02-10,4521956.177984,301.411284,4521654.7667,0.01316916,3901.061,0.00214709
20260823_195633_9b613e,2025-02-11,4526622.261526,-1520.207774,4528142.4693,0.00103187,3883.135,-0.00459516
20260823_195633_9b613e,2025-02-12,4517932.825126,-1520.207774,4519453.0329,-0.00191963,3919.862,0.00945808
20260823_195633_9b613e,2025-02-13,4473537.952726,-1520.207774,4475058.1605,-0.00982637,3905.14,-0.00375574
20260823_195633_9b613e,2025-02-14,4475963.765826,-1520.207774,4477483.9736,0.00054226,3939.008,0.00867267
20260823_195633_9b613e,2025-02-17,4519713.864026,-1520.207774,4521234.0718,0.00977445,3947.399,0.00213023
20260823_195633_9b613e,2025-02-18,4416717.464012,-2778.922388,4419496.3864,-0.02278826,3912.783,-0.00876932
20260823_195633_9b613e,2025-02-19,4465108.551812,-2778.922388,4467887.4742,0.01095635,3940.161,0.00699707
20260823_195633_9b613e,2025-02-20,4522925.787112,-2778.922388,4525704.7095,0.01294867,3928.896,-0.00285902
20260823_195633_9b613e,2025-02-21,4486286.706312,-2778.922388,4489065.6287,-0.00810075,3978.444,0.01261118
20260823_195633_9b613e,2025-02-24,4492549.230512,-2778.922388,4495328.1529,0.00139593,3969.717,-0.00219357
20260823_195633_9b613e,2025-02-25,4432135.576396,2558.976496,4429576.5999,-0.01344752,3925.651,-0.01110054
20260823_195633_9b613e,2025-02-26,4542138.530996,2558.976496,4539579.5545,0.0248194,3959.941,0.00873486
20260823_195633_9b613e,2025-02-27,4548410.875996,2558.976496,4545851.8995,0.00138092,3968.116,0.00206442
20260823_195633_9b613e,2025-02-28,4510039.540696,2558.976496,4507480.5642,-0.00843621,3890.048,-0.01967382
20260823_195633_9b613e,2025-03-03,4506614.202596,2558.976496,4504055.2261,-0.00075949,3888.474,-0.00040462
20260823_195633_9b613e,2025-03-04,4557314.904343,-1865.143957,4559180.0483,0.01125029,3885.22,-0.00083683
20260823_195633_9b613e,2025-03-05,4526539.842443,-1865.143957,4528404.9864,-0.00675289,3902.571,0.0044659
20260823_195633_9b613e,2025-03-06,4574971.428143,-1865.143957,4576836.5721,0.01069947,3956.237,0.01375145
20260823_195633_9b613e,2025-03-07,4555726.380243,-1865.143957,4557591.5242,-0.00420659,3944.014,-0.00308955
20260823_195633_9b613e,2025-03-10,4605030.933943,-1865.143957,4606896.0779,0.01082254,3928.802,-0.00385698
20260823_195633_9b613e,2025-03-11,4626743.580583,-16499.547417,4643243.128,0.00471498,3941.416,0.00321065
20260823_195633_9b613e,2025-03-12,4687495.265283,-16499.547417,4703994.8127,0.01313055,3927.232,-0.00359871
20260823_195633_9b613e,2025-03-13,4740467.816783,-16499.547417,4756967.3642,0.01130082,3911.58,-0.0039855
20260823_195633_9b613e,2025-03-14,4813783.594083,-16499.547417,4830283.1415,0.01546594,4006.557,0.02428098
20260823_195633_9b613e,2025-03-17,4813599.237483,-16499.547417,4830098.7849,-3.83e-05,3996.787,-0.0024385
20260823_195633_9b613e,2025-03-18,4825036.791167,5830.801467,4819205.9897,0.00237609,4007.723,0.0027362
20260823_195633_9b613e,2025-03-19,4819196.307967,5830.801467,4813365.5065,-0.00121045,4010.168,0.00061007
20260823_195633_9b613e,2025-03-20,4890518.533467,5830.801467,4884687.732,0.01479961,3974.992,-0.0087717
20260823_195633_9b613e,2025-03-21,4838151.305167,5830.801467,4832320.5037,-0.01070791,3914.695,-0.01516909
20260823_195633_9b613e,2025-03-24,4740634.407767,5830.801467,4734803.6063,-0.02015582,3934.849,0.00514829
20260823_195633_9b613e,2025-03-25,4760110.519027,13177.912427,4746932.6066,0.00410833,3932.295,-0.00064907
20260823_195633_9b613e,2025-03-26,4821455.110827,13177.912427,4808277.1984,0.01288722,3919.357,-0.00329019
20260823_195633_9b613e,2025-03-27,4809962.510827,13177.912427,4796784.5984,-0.00238364,3932.412,0.0033309
20260823_195633_9b613e,2025-03-28,4748700.683027,13177.912427,4735522.7706,-0.01273645,3915.166,-0.0043856
20260823_195633_9b613e,2025-03-31,4686348.528027,13177.912427,4673170.6156,-0.01313036,3887.306,-0.00711592
20260823_195633_9b613e,2025-04-01,4773194.361793,-2182.171207,4775376.533,0.01853166,3887.685,9.75e-05
20260823_195633_9b613e,2025-04-02,4768148.007493,-2182.171207,4770330.1787,-0.00105723,3884.386,-0.00084858
20260823_195633_9b613e,2025-04-03,4790543.156893,-2182.171207,4792725.3281,0.00469682,3861.504,-0.00589076
20260823_195633_9b613e,2025-04-07,4274757.010093,-2182.171207,4276939.1813,-0.10766757,3589.441,-0.07045519
20260823_195633_9b613e,2025-04-08,4205688.559848,-43110.868152,4248799.428,-0.01615728,3650.759,0.01708288
20260823_195633_9b613e,2025-04-09,4284693.442548,-43110.868152,4327804.3107,0.01878524,3686.794,0.00987055
20260823_195633_9b613e,2025-04-10,4382075.668348,-43110.868152,4425186.5365,0.02272793,3735.115,0.01310651
20260823_195633_9b613e,2025-04-11,4374880.908148,-43110.868152,4417991.7763,-0.00164186,3750.517,0.00412357
20260823_195633_9b613e,2025-04-14,4458389.741048,-43110.868152,4501500.6092,0.01908825,3759.142,0.00229968
20260823_195633_9b613e,2025-04-15,4503163.950289,-23.484911,4503187.4352,0.01004269,3761.235,0.00055678
20260823_195633_9b613e,2025-04-16,4443476.255689,-23.484911,4443499.7406,-0.01325461,3772.821,0.00308037
20260823_195633_9b613e,2025-04-17,4449947.530589,-23.484911,4449971.0155,0.00145635,3772.222,-0.00015877
20260823_195633_9b613e,2025-04-18,4440480.123389,-23.484911,4440503.6083,-0.00212753,3772.523,7.979e-05
20260823_195633_9b613e,2025-04-21,4526807.032489,-23.484911,4526830.5174,0.0194409,3784.88,0.00327553
20260823_195633_9b613e,2025-04-22,4558245.469791,25302.294191,4532943.1756,0.00694495,3783.952,-0.00024519
20260823_195633_9b613e,2025-04-23,4589059.495391,25302.294191,4563757.2012,0.00676006,3786.882,0.00077432
20260823_195633_9b613e,2025-04-24,4581278.714591,25302.294191,4555976.4204,-0.00169551,3784.357,-0.00066678
20260823_195633_9b613e,2025-04-25,4616500.178991,25302.294191,4591197.8848,0.00768813,3786.993,0.00069655
20260823_195633_9b613e,2025-04-28,4561048.238991,25302.294191,4535745.9448,-0.01201168,3781.619,-0.00141907
20260823_195633_9b613e,2025-04-29,4592142.599356,4371.245956,4587771.3534,0.00681737,3775.077,-0.00172995
20260823_195633_9b613e,2025-04-30,4575448.765156,4371.245956,4571077.5192,-0.0036353,3770.57,-0.00119388
20260823_195633_9b613e,2025-05-06,4676607.410956,4371.245956,4672236.165,0.02210901,3808.542,0.01007063
20260823_195633_9b613e,2025-05-07,4728742.728642,21789.584142,4706953.1445,0.01114811,3831.627,0.00606137
20260823_195633_9b613e,2025-05-08,4757141.995542,21789.584142,4735352.4114,0.00600567,3852.896,0.00555091
20260823_195633_9b613e,2025-05-09,4813919.541742,21789.584142,4792129.9576,0.01193522,3846.157,-0.00174907
20260823_195633_9b613e,2025-05-12,4785734.973042,21789.584142,4763945.3889,-0.00585481,3890.61,0.01155777
20260823_195633_9b613e,2025-05-13,4794745.129001,9769.130901,4784975.9981,0.00188271,3896.259,0.00145196
20260823_195633_9b613e,2025-05-14,4792164.602701,9769.130901,4782395.4718,-0.0005382,3943.21,0.01205028
20260823_195633_9b613e,2025-05-15,4849093.744301,9769.130901,4839324.6134,0.01187963,3907.199,-0.00913241
20260823_195633_9b613e,2025-05-16,4840106.222601,9769.130901,4830337.0917,-0.00185344,3889.086,-0.0046358
20260823_195633_9b613e,2025-05-19,4944418.430001,9769.130901,4934649.2991,0.02155164,3877.146,-0.00307013
20260823_195633_9b613e,2025-05-20,5008122.020272,1721.787072,5006400.2332,0.01288394,3898.171,0.0054228
20260823_195633_9b613e,2025-05-21,4952263.989572,1721.787072,4950542.2025,-0.01115349,3916.381,0.00467142
20260823_195633_9b613e,2025-05-22,4873382.668772,1721.787072,4871660.8817,-0.01592834,3913.865,-0.00064243
20260823_195633_9b613e,2025-05-23,4821032.519672,1721.787072,4819310.7326,-0.01074206,3882.274,-0.00807156
20260823_195633_9b613e,2025-05-26,4848607.466772,1721.787072,4846885.6797,0.00571972,3860.106,-0.00571006
20260823_195633_9b613e,2025-05-27,4892261.088594,-4877.621606,4897138.7102,0.00900333,3839.397,-0.00536488
20260823_195633_9b613e,2025-05-28,4886464.600094,-4877.621606,4891342.2217,-0.00118483,3836.236,-0.00082331
20260823_195633_9b613e,2025-05-29,4939989.290794,-4877.621606,4944866.9124,0.01095366,3858.7,0.00585574
20260823_195633_9b613e,2025-05-30,4936064.586694,-4877.621606,4940942.2083,-0.00079448,3840.232,-0.00478607
20260823_195633_9b613e,2025-06-03,4967705.177794,-4877.621606,4972582.7994,0.00641008,3852.013,0.00306778
20260823_195633_9b613e,2025-06-04,5011355.267289,-43948.388211,5055303.6555,0.00878677,3868.743,0.00434318
20260823_195633_9b613e,2025-06-05,5053594.255389,-43948.388211,5097542.6436,0.00842866,3877.556,0.002278
20260823_195633_9b613e,2025-06-06,5105723.789689,-43948.388211,5149672.1779,0.01031534,3873.984,-0.0009212
20260823_195633_9b613e,2025-06-09,5157708.094389,-43948.388211,5201656.4826,0.01018157,3885.246,0.00290708
20260823_195633_9b613e,2025-06-10,5084970.698982,1858.983482,5083111.7155,-0.01410266,3865.465,-0.00509131
20260823_195633_9b613e,2025-06-11,5200966.087382,1858.983482,5199107.1039,0.02281142,3894.625,0.00754372
20260823_195633_9b613e,2025-06-12,5243444.470182,1858.983482,5241585.4867,0.0081674,3892.199,-0.00062291
20260823_195633_9b613e,2025-06-13,5198470.303282,1858.983482,5196611.3198,-0.00857722,3864.183,-0.00719799
20260823_195633_9b613e,2025-06-16,5211439.617282,1858.983482,5209580.6338,0.00249483,3873.795,0.00248746
20260823_195633_9b613e,2025-06-17,5181303.133635,-17923.798565,5199226.9322,-0.00578276,3870.379,-0.00088182
20260823_195633_9b613e,2025-06-18,5108406.822135,-17923.798565,5126330.6207,-0.01406911,3874.971,0.00118645
20260823_195633_9b613e,2025-06-19,4961807.953735,-17923.798565,4979731.7523,-0.02869757,3843.091,-0.00822716
20260823_195633_9b613e,2025-06-20,4918437.010735,-17923.798565,4936360.8093,-0.00874096,3846.644,0.00092452
20260823_195633_9b613e,2025-06-23,4988040.443435,-17923.798565,5005964.242,0.01415153,3857.902,0.00292671
20260823_195633_9b613e,2025-06-24,5117928.848405,9183.208405,5108745.64,0.02603997,3904.035,0.01195805
20260823_195633_9b613e,2025-06-25,5147282.781505,9183.208405,5138099.5731,0.00573551,3960.066,0.01435207
20260823_195633_9b613e,2025-06-26,5105764.307105,9183.208405,5096581.0987,-0.0080661,3946.02,-0.00354691
20260823_195633_9b613e,2025-06-27,5165984.401805,9183.208405,5156801.1934,0.01179453,3921.758,-0.00614847
20260823_195633_9b613e,2025-06-30,5229329.550105,9183.208405,5220146.3417,0.01226197,3936.079,0.00365168
20260823_195633_9b613e,2025-07-01,5248268.439842,11142.404642,5237126.0352,0.00362167,3942.762,0.00169788
20260823_195633_9b613e,2025-07-02,5243062.288742,11142.404642,5231919.8841,-0.00099198,3943.685,0.0002341
20260823_195633_9b613e,2025-07-03,5286600.105642,11142.404642,5275457.701,0.00830389,3968.068,0.0061828
20260823_195633_9b613e,2025-07-04,5258141.759542,11142.404642,5246999.3549,-0.00538311,3982.203,0.00356219
20260823_195633_9b613e,2025-07-07,5323096.142442,11142.404642,5311953.7378,0.01235311,3965.174,-0.00427628
20260823_195633_9b613e,2025-07-08,5362664.007612,4928.963212,5357735.0444,0.00743324,3998.453,0.00839282
20260823_195633_9b613e,2025-07-09,5353396.290712,4928.963212,5348467.3275,-0.00172819,3991.401,-0.00176368
20260823_195633_9b613e,2025-07-10,5367489.089812,4928.963212,5362560.1266,0.0026325,4010.024,0.00466578
20260823_195633_9b613e,2025-07-11,5348153.884412,4928.963212,5343224.9212,-0.00360228,4014.807,0.00119276
20260823_195633_9b613e,2025-07-14,5398625.129412,4928.963212,5393696.1662,0.00943713,4017.668,0.00071261
20260823_195633_9b613e,2025-07-15,5323130.360261,10356.063461,5312774.2968,-0.01398407,4019.065,0.00034771
20260823_195633_9b613e,2025-07-16,5379870.248461,10356.063461,5369514.185,0.01065912,4007.202,-0.00295168
20260823_195633_9b613e,2025-07-17,5385650.384061,10356.063461,5375294.3206,0.0010744,4034.491,0.00680999
20260823_195633_9b613e,2025-07-18,5364796.349961,10356.063461,5354440.2865,-0.00387215,4058.548,0.00596283
20260823_195633_9b613e,2025-07-21,5439509.943661,10356.063461,5429153.8802,0.01392664,4085.608,0.00666741
20260823_195633_9b613e,2025-07-22,5423342.332219,5864.540819,5417477.7914,-0.00297226,4118.958,0.0081628
20260823_195633_9b613e,2025-07-23,5448653.387519,5864.540819,5442788.8467,0.00466706,4119.769,0.00019689
20260823_195633_9b613e,2025-07-24,5500458.908519,5864.540819,5494594.3677,0.00950795,4149.037,0.00710428
20260823_195633_9b613e,2025-07-25,5543519.924319,5864.540819,5537655.3835,0.00782862,4127.164,-0.00527183
20260823_195633_9b613e,2025-07-28,5519021.447519,5864.540819,5513156.9067,-0.0044193,4135.824,0.00209829
20260823_195633_9b613e,2025-07-29,5450564.785176,3086.792576,5447477.9926,-0.01240377,4152.024,0.00391699
20260823_195633_9b613e,2025-07-30,5443797.747476,3086.792576,5440710.9549,-0.00124153,4151.238,-0.00018931
20260823_195633_9b613e,2025-07-31,5350687.130276,3086.792576,5347600.3377,-0.01710398,4075.591,-0.01822276
20260823_195633_9b613e,2025-08-01,5385534.480476,3086.792576,5382447.6879,0.00651269,4054.929,-0.00506969
20260823_195633_9b613e,2025-08-04,5406556.493776,3086.792576,5403469.7012,0.00390342,4070.703,0.00389008
20260823_195633_9b613e,2025-08-05,5458303.942776,2889.904276,5455414.0385,0.00957124,4103.45,0.00804456
20260823_195633_9b613e,2025-08-06,5482890.492976,2889.904276,5480000.5887,0.00450443,4113.485,0.0024455
20260823_195633_9b613e,2025-08-07,5446248.132376,2889.904276,5443358.2281,-0.00668304,4114.666,0.0002871
20260823_195633_9b613e,2025-08-08,5501281.869476,2889.904276,5498391.9652,0.01010489,4104.967,-0.00235718
20260823_195633_9b613e,2025-08-11,5521371.421676,2889.904276,5518481.5174,0.00365179,4122.511,0.00427385
20260823_195633_9b613e,2025-08-12,5505791.501346,11578.343046,5494213.1583,-0.00282175,4143.825,0.00517015
20260823_195633_9b613e,2025-08-13,5498584.905246,11578.343046,5487006.5622,-0.00130891,4176.578,0.00790405
20260823_195633_9b613e,2025-08-14,5430967.708846,11578.343046,5419389.3658,-0.0122972,4173.314,-0.0007815
20260823_195633_9b613e,2025-08-15,5487019.329246,11578.343046,5475440.9862,0.01032074,4202.353,0.00695826
20260823_195633_9b613e,2025-08-18,5509833.251346,11578.343046,5498254.9083,0.0041578,4239.412,0.00881863
20260823_195633_9b613e,2025-08-19,5542126.801694,17403.830194,5524722.9715,0.00586108,4223.375,-0.00378284
20260823_195633_9b613e,2025-08-20,5620473.995794,17403.830194,5603070.1656,0.01413667,4271.396,0.01137029
20260823_195633_9b613e,2025-08-21,5632837.876694,17403.830194,5615434.0465,0.00219979,4288.07,0.00390364
20260823_195633_9b613e,2025-08-22,5600023.428094,17403.830194,5582619.5979,-0.00582556,4377.997,0.02097144
20260823_195633_9b613e,2025-08-25,5612824.616194,17403.830194,5595420.786,0.00228592,4469.222,0.02083715
20260823_195633_9b613e,2025-08-26,5634928.175583,-1198.746817,5636126.9224,0.00393805,4452.591,-0.00372123
20260823_195633_9b613e,2025-08-27,5464072.567483,-1198.746817,5465271.3143,-0.03032081,4386.127,-0.01492704
20260823_195633_9b613e,2025-08-28,5444863.452583,-1198.746817,5446062.1994,-0.00351553,4463.782,0.01770469
20260823_195633_9b613e,2025-08-29,5405745.237783,-1198.746817,5406943.9846,-0.00718443,4496.759,0.00738768
20260823_195633_9b613e,2025-09-01,5421243.088783,-1198.746817,5422441.8356,0.00286692,4523.711,0.00599365
20260823_195633_9b613e,2025-09-02,5344534.847424,-27111.633776,5371646.4812,-0.01414957,4490.453,-0.00735193
20260823_195633_9b613e,2025-09-03,5225476.287324,-27111.633776,5252587.9211,-0.02227669,4459.83,-0.00681958
20260823_195633_9b613e,2025-09-04,5289616.732624,-27111.633776,5316728.3664,0.01227456,4365.209,-0.02121628
20260823_195633_9b613e,2025-09-05,5323464.125824,-27111.633776,5350575.7596,0.00639884,4460.325,0.02178956
20260823_195633_9b613e,2025-09-08,5396531.694124,-27111.633776,5423643.3279,0.01372557,4467.573,0.00162499
20260823_195633_9b613e,2025-09-09,5350371.300576,-0.654024,5350371.9546,-0.00855371,4436.258,-0.0070094
20260823_195633_9b613e,2025-09-10,5357004.500776,-0.654024,5357005.1548,0.00123976,4445.365,0.00205286
20260823_195633_9b613e,2025-09-11,5453718.029576,-0.654024,5453718.6836,0.01805366,4548.034,0.02309574
20260823_195633_9b613e,2025-09-12,5513103.410576,-0.654024,5513104.0646,0.01088897,4521.998,-0.00572467
20260823_195633_9b613e,2025-09-15,5478681.867376,-0.654024,5478682.5214,-0.00624359,4533.056,0.00244538
20260823_195633_9b613e,2025-09-16,5522733.448465,4175.770165,5518557.6783,0.00804054,4523.337,-0.00214403
20260823_195633_9b613e,2025-09-17,5486421.058465,4175.770165,5482245.2883,-0.00657508,4551.023,0.0061207
20260823_195633_9b613e,2025-09-18,5368065.888165,4175.770165,5363890.118,-0.02157238,4498.109,-0.01162684
20260823_195633_9b613e,2025-09-19,5332835.941665,4175.770165,5328660.1715,-0.00656288,4501.92,0.00084724
20260823_195633_9b613e,2025-09-22,5290123.790265,4175.770165,5285948.0201,-0.00800928,4522.608,0.00459537
20260823_195633_9b613e,2025-09-23,5240408.330054,-2827.172646,5243235.5027,-0.00939779,4519.778,-0.00062575
20260823_195633_9b613e,2025-09-24,5299343.428454,-2827.172646,5302170.6011,0.01124628,4566.071,0.01024232
20260823_195633_9b613e,2025-09-25,5262577.468654,-2827.172646,5265404.6413,-0.00693783,4593.487,0.00600429
20260823_195633_9b613e,2025-09-26,5309764.052254,-2827.172646,5312591.2249,0.00896644,4550.049,-0.00945643
20260823_195633_9b613e,2025-09-29,5366486.885954,-2827.172646,5369314.0586,0.01068274,4620.053,0.01538533
20260823_195633_9b613e,2025-09-30,5356021.944126,3305.259726,5352716.6844,-0.00195005,4640.693,0.00446748
20260823_195633_9b613e,2025-10-09,5406791.631926,3305.259726,5403486.3722,0.00947899,4709.482,0.014823
20260823_195633_9b613e,2025-10-10,5489805.258955,7678.929355,5482126.3296,0.01535358,4616.834,-0.01967265
20260823_195633_9b613e,2025-10-13,5487287.875755,7678.929355,5479608.9464,-0.00045856,4593.978,-0.00495058
20260823_195633_9b613e,2025-10-14,5531695.372528,6749.163128,5524946.2094,0.0080928,4539.065,-0.01195326
20260823_195633_9b613e,2025-10-15,5559157.247328,6749.163128,5552408.0842,0.00496446,4606.288,0.01480988
20260823_195633_9b613e,2025-10-16,5540459.603628,6749.163128,5533710.4405,-0.0033634,4618.422,0.00263423
20260823_195633_9b613e,2025-10-17,5449331.741228,6749.163128,5442582.5781,-0.01644771,4514.235,-0.022559
20260823_195633_9b613e,2025-10-20,5508074.611928,6749.163128,5501325.4488,0.01077983,4538.22,0.00531319
20260823_195633_9b613e,2025-10-21,5602725.387492,7270.226792,5595455.1607,0.017184,4607.871,0.01534765
20260823_195633_9b613e,2025-10-22,5601705.731392,7270.226792,5594435.5046,-0.00018199,4592.57,-0.00332062
20260823_195633_9b613e,2025-10-23,5635736.844592,7270.226792,5628466.6178,0.00607513,4606.344,0.00299919
20260823_195633_9b613e,2025-10-24,5636738.788192,7270.226792,5629468.5614,0.00017778,4660.683,0.01179656
20260823_195633_9b613e,2025-10-27,5618540.988992,7270.226792,5611270.7622,-0.00322843,4716.019,0.01187294
20260823_195633_9b613e,2025-10-28,5643706.647338,23090.314938,5620616.3324,0.00447904,4691.973,-0.00509879
20260823_195633_9b613e,2025-10-29,5631017.701638,23090.314938,5607927.3867,-0.00224834,4747.838,0.01190651
20260823_195633_9b613e,2025-10-30,5531613.271838,23090.314938,5508522.9569,-0.01765301,4709.911,-0.00798827
20260823_195633_9b613e,2025-10-31,5552216.272338,23090.314938,5529125.9574,0.00372459,4640.668,-0.01470155
20260823_195633_9b613e,2025-11-03,5592855.860038,23090.314938,5569765.5451,0.00731953,4653.403,0.00274422
20260823_195633_9b613e,2025-11-04,5596261.50718,7239.89408,5589021.6131,0.00060893,4618.699,-0.00745777
20260823_195633_9b613e,2025-11-05,5650344.20848,7239.89408,5643104.3144,0.00966408,4627.257,0.0018529
20260823_195633_9b613e,2025-11-06,5670613.29608,7239.89408,5663373.402,0.00358723,4693.403,0.01429486
20260823_195633_9b613e,2025-11-07,5738827.63008,7239.89408,5731587.736,0.01202945,4678.795,-0.00311245
20260823_195633_9b613e,2025-11-10,5771555.06318,7239.89408,5764315.1691,0.00570281,4695.05,0.00347419
20260823_195633_9b613e,2025-11-11,5774728.993779,7927.638479,5766801.3553,0.00054993,4652.166,-0.00913388
20260823_195633_9b613e,2025-11-12,5744842.793579,7927.638479,5736915.1551,-0.00517534,4645.908,-0.00134518
20260823_195633_9b613e,2025-11-13,5775106.543679,7927.638479,5767178.9052,0.00526799,4702.074,0.01208935
20260823_195633_9b613e,2025-11-14,5773646.911879,7927.638479,5765719.2734,-0.00025275,4628.14,-0.0157237
20260823_195633_9b613e,2025-11-17,5750488.082479,7927.638479,5742560.444,-0.00401113,4598.052,-0.0065011
20260823_195633_9b613e,2025-11-18,5655957.26901,547.41441,5655409.8546,-0.01643875,4568.193,-0.00649384
20260823_195633_9b613e,2025-11-19,5566013.48591,547.41441,5565466.0715,-0.01590249,4588.293,0.00439999
20260823_195633_9b613e,2025-11-20,5533740.28511,547.41441,5533192.8707,-0.00579826,4564.948,-0.00508795
20260823_195633_9b613e,2025-11-21,5295721.30831,547.41441,5295173.8939,-0.04301231,4453.608,-0.0243902
20260823_195633_9b613e,2025-11-24,5338791.64121,547.41441,5338244.2268,0.00813304,4448.047,-0.00124865
20260823_195633_9b613e,2025-11-25,5355609.902951,14866.504451,5340743.3985,0.0031502,4490.405,0.00952283
20260823_195633_9b613e,2025-11-26,5315768.910651,14866.504451,5300902.4062,-0.00743911,4517.625,0.00606181
20260823_195633_9b613e,2025-11-27,5342581.771851,14866.504451,5327715.2674,0.00504402,4515.403,-0.00049185
20260823_195633_9b613e,2025-11-28,5404464.458051,14866.504451,5389597.9536,0.01158292,4526.662,0.00249347
20260823_195633_9b613e,2025-12-01,5445320.035451,14866.504451,5430453.531,0.0075596,4576.486,0.01100679
20260823_195633_9b613e,2025-12-02,5436620.214958,11067.093158,5425553.1218,-0.00159767,4554.335,-0.00484018
20260823_195633_9b613e,2025-12-03,5447367.834658,11067.093158,5436300.7415,0.00197689,4531.049,-0.00511293
20260823_195633_9b613e,2025-12-04,5365124.351858,11067.093158,5354057.2587,-0.01509784,4546.567,0.00342481
20260823_195633_9b613e,2025-12-05,5437662.100958,11067.093158,5426595.0078,0.01352024,4584.537,0.00835136
20260823_195633_9b613e,2025-12-08,5461001.937558,11067.093158,5449934.8444,0.00429226,4621.754,0.00811794
20260823_195633_9b613e,2025-12-09,5428388.273723,9072.449723,5419315.824,-0.0059721,4598.223,-0.00509136
20260823_195633_9b613e,2025-12-10,5398711.779223,9072.449723,5389639.3295,-0.00546691,4591.827,-0.00139097
20260823_195633_9b613e,2025-12-11,5310609.110823,9072.449723,5301536.6611,-0.0163192,4552.185,-0.00863316
20260823_195633_9b613e,2025-12-12,5301562.204623,9072.449723,5292489.7549,-0.00170355,4580.95,0.00631894
20260823_195633_9b613e,2025-12-15,5331100.202523,9072.449723,5322027.7528,0.00557156,4552.059,-0.00630677
20260823_195633_9b613e,2025-12-16,5238520.750287,11249.792287,5227270.958,-0.01736592,4497.554,-0.0119737
20260823_195633_9b613e,2025-12-17,5247703.818987,11249.792287,5236454.0267,0.00175299,4579.875,0.0183035
20260823_195633_9b613e,2025-12-18,5330582.762987,11249.792287,5319332.9707,0.01579337,4552.793,-0.00591326
20260823_195633_9b613e,2025-12-19,5449614.817887,11249.792287,5438365.0256,0.02233003,4568.179,0.00337946
20260823_195633_9b613e,2025-12-22,5429459.214187,11249.792287,5418209.4219,-0.00369854,4611.623,0.00951014
20260823_195633_9b613e,2025-12-23,5387261.645552,3523.332452,5383738.3131,-0.00777197,4620.734,0.00197566
20260823_195633_9b613e,2025-12-24,5420483.405852,3523.332452,5416960.0734,0.00616672,4634.058,0.00288352
20260823_195633_9b613e,2025-12-25,5464217.758652,3523.332452,5460694.4262,0.00806835,4642.536,0.0018295
20260823_195633_9b613e,2025-12-26,5454477.761452,3523.332452,5450954.429,-0.00178251,4657.24,0.00316723
20260823_195633_9b613e,2025-12-29,5449370.080352,3523.332452,5445846.7479,-0.00093642,4639.372,-0.00383661
20260823_195633_9b613e,2025-12-30,5408172.382684,-1473.311416,5409645.6941,-0.00756008,4651.282,0.00256716
20260823_195633_9b613e,2025-12-31,5395171.896084,-1473.311416,5396645.2075,-0.00240386,4629.94,-0.00458841
20260823_195633_9b613e,2026-01-05,5464753.366684,-1473.311416,5466226.6781,0.01289699,4717.746,0.01896482
20260823_195633_9b613e,2026-01-06,5520790.731286,3350.575186,5517440.1561,0.01025433,4790.694,0.01546247
20260823_195633_9b613e,2026-01-07,5458180.375186,3350.575186,5454829.8,-0.01134083,4776.666,-0.00292818
20260823_195633_9b613e,2026-01-08,5507024.972186,3350.575186,5503674.397,0.00894888,4737.654,-0.0081672
20260823_195633_9b613e,2026-01-09,5577924.147886,3350.575186,5574573.5727,0.01287432,4758.922,0.00448914
20260823_195633_9b613e,2026-01-12,5603721.393486,3350.575186,5600370.8183,0.00462488,4789.915,0.00651261
20260823_195633_9b613e,2026-01-13,5640477.865295,14099.231695,5626378.6336,0.0065593,4761.032,-0.00602996
20260823_195633_9b613e,2026-01-14,5614046.364995,14099.231695,5599947.1333,-0.00468604,4741.931,-0.00401195
20260823_195633_9b613e,2026-01-15,5609689.082995,14099.231695,5595589.8513,-0.00077614,4751.429,0.00200298
20260823_195633_9b613e,2026-01-16,5608538.304795,14099.231695,5594439.0731,-0.00020514,4731.873,-0.00411581
20260823_195633_9b613e,2026-01-19,5728130.107195,14099.231695,5714030.8755,0.02132317,4734.456,0.00054587
20260823_195633_9b613e,2026-01-20,5768605.77485,-4535.06625,5773140.8411,0.00706612,4718.878,-0.00329035
20260823_195633_9b613e,2026-01-21,5824044.53105,-4535.06625,5828579.5973,0.00961043,4723.07,0.00088835
20260823_195633_9b613e,2026-01-22,5932414.28225,-4535.06625,5936949.3485,0.0186073,4723.709,0.00013529
20260823_195633_9b613e,2026-01-23,5941435.79995,-4535.06625,5945970.8662,0.00152072,4702.496,-0.00449075
20260823_195633_9b613e,2026-01-26,5945721.17275,-4535.06625,5950256.239,0.00072127,4706.964,0.00095013
20260823_195633_9b613e,2026-01-27,5835960.087099,-1052.222701,5837012.3098,-0.01846052,4705.692,-0.00027024
20260823_195633_9b613e,2026-01-28,5834843.103299,-1052.222701,5835895.326,-0.0001914,4717.991,0.00261364
20260823_195633_9b613e,2026-01-29,5822994.668699,-1052.222701,5824046.8914,-0.00203063,4753.87,0.00760472
20260823_195633_9b613e,2026-01-30,5912070.505899,-1052.222701,5913122.7286,0.01529726,4706.34,-0.00999817
20260823_195633_9b613e,2026-02-02,5795634.520799,-1052.222701,5796686.7435,-0.01969462,4605.98,-0.02132443
20260823_195633_9b613e,2026-02-03,5849364.650263,-4233.657437,5853598.3077,0.00927079,4660.108,0.01175168
20260823_195633_9b613e,2026-02-04,5961174.007863,-4233.657437,5965407.6653,0.01911479,4698.683,0.00827771
20260823_195633_9b613e,2026-02-05,5857724.391563,-4233.657437,5861958.049,-0.0173539,4670.419,-0.0060153
20260823_195633_9b613e,2026-02-06,5904939.690963,-4233.657437,5909173.3484,0.00806035,4643.596,-0.00574317
20260823_195633_9b613e,2026-02-09,5925205.327763,-4233.657437,5929438.9852,0.00343198,4719.056,0.01625034
20260823_195633_9b613e,2026-02-10,5934126.955646,8396.353346,5925730.6023,0.00150571,4724.295,0.00111018
20260823_195633_9b613e,2026-02-11,5994962.391546,8396.353346,5986566.0382,0.01025179,4713.818,-0.00221769
20260823_195633_9b613e,2026-02-12,5931626.153546,8396.353346,5923229.8002,-0.01056491,4719.578,0.00122194
20260823_195633_9b613e,2026-02-13,5842305.050146,8396.353346,5833908.6968,-0.01505845,4660.406,-0.01253756
20260823_195633_9b613e,2026-02-24,5978135.613046,8396.353346,5969739.2597,0.02324948,4707.544,0.01011457
20260823_195633_9b613e,2026-02-25,6023349.329965,11004.961365,6012344.3686,0.00756318,4735.886,0.00602055
20260823_195633_9b613e,2026-02-26,6159984.461165,11004.961365,6148979.4998,0.02268424,4726.874,-0.00190292
20260823_195633_9b613e,2026-02-27,6223452.030565,11004.961365,6212447.0692,0.0103032,4710.647,-0.00343292
20260823_195633_9b613e,2026-03-02,6129766.272165,11004.961365,6118761.3108,-0.01505366,4728.669,0.0038258
20260823_195633_9b613e,2026-03-03,6027006.378666,2273.292766,6024733.0859,-0.01676408,4655.897,-0.01538953
20260823_195633_9b613e,2026-03-04,5988227.598966,2273.292766,5985954.3062,-0.00643417,4602.625,-0.01144183
20260823_195633_9b613e,2026-03-05,6003753.105466,2273.292766,6001479.8127,0.00259267,4647.692,0.00979159
20260823_195633_9b613e,2026-03-06,6118061.606666,2273.292766,6115788.3139,0.01903951,4660.439,0.00274265
20260823_195633_9b613e,2026-03-09,6085115.478866,2273.292766,6082842.1861,-0.00538506,4615.455,-0.00965231
20260823_195633_9b613e,2026-03-10,6126244.994964,-16548.989736,6142793.9847,0.00675904,4674.756,0.01284835
20260823_195633_9b613e,2026-03-11,6147429.921164,-16548.989736,6163978.9109,0.00345806,4704.496,0.00636183
20260823_195633_9b613e,2026-03-12,6122484.672164,-16548.989736,6139033.6619,-0.00405783,4687.56,-0.00359996
20260823_195633_9b613e,2026-03-13,6063498.507764,-16548.989736,6080047.4975,-0.00963435,4669.14,-0.00392955
20260823_195633_9b613e,2026-03-16,6035690.962064,-16548.989736,6052239.9518,-0.00458606,4671.559,0.00051808
20260823_195633_9b613e,2026-03-17,5924368.58236,-4349.00984,5928717.5922,-0.01844402,4637.439,-0.00730377
20260823_195633_9b613e,2026-03-18,5967875.66066,-4349.00984,5972224.6705,0.00734375,4658.332,0.00450529
20260823_195633_9b613e,2026-03-19,5878685.65806,-4349.00984,5883034.6679,-0.01494502,4583.251,-0.01611757
20260823_195633_9b613e,2026-03-20,5754269.05826,-4349.00984,5758618.0681,-0.02116402,4567.018,-0.00354181
20260823_195633_9b613e,2026-03-23,5491474.83826,-4349.00984,5495823.8481,-0.04566944,4417.997,-0.03262983
20260823_195633_9b613e,2026-03-24,5658927.012113,-20711.406187,5679638.4183,0.03049312,4474.722,0.01283953
20260823_195633_9b613e,2026-03-25,5826888.728613,-20711.406187,5847600.1348,0.02968084,4537.466,0.01402188
20260823_195633_9b613e,2026-03-26,5818170.335513,-20711.406187,5838881.7417,-0.00149623,4477.534,-0.01320825
20260823_195633_9b613e,2026-03-27,5914018.035513,-20711.406187,5934729.4417,0.01647386,4502.57,0.00559147
20260823_195633_9b613e,2026-03-30,5938539.913013,-20711.406187,5959251.3192,0.0041464,4491.95,-0.00235865
20260823_195633_9b613e,2026-03-31,5909335.304576,16652.885776,5892682.4188,-0.00491781,4450.049,-0.00932802
20260823_195633_9b613e,2026-04-01,6001484.159476,16652.885776,5984831.2737,0.01559378,4526.066,0.01708228
20260823_195633_9b613e,2026-04-02,5953097.662776,16652.885776,5936444.777,-0.00806242,4478.915,-0.01041766
20260823_195633_9b613e,2026-04-03,5771932.218676,16652.885776,5755279.3329,-0.03043213,4440.789,-0.00851233
20260823_195633_9b613e,2026-04-07,5893123.620976,16652.885776,5876470.7352,0.02099668,4440.616,-3.896e-05
20260823_195633_9b613e,2026-04-08,6032689.903852,34752.382552,5997937.5213,0.0236829,4595.556,0.03489156
20260823_195633_9b613e,2026-04-09,5979795.319552,34752.382552,5945042.937,-0.00876799,4566.223,-0.00638291
20260823_195633_9b613e,2026-04-10,6033966.316552,34752.382552,5999213.934,0.00905901,4636.566,0.01540507
20260823_195633_9b613e,2026-04-13,5970057.416952,34752.382552,5935305.0344,-0.01059152,4646.155,0.00206813
20260823_195633_9b613e,2026-04-14,6051685.701374,15078.940674,6036606.7607,0.01367295,4701.284,0.01186551
20260823_195633_9b613e,2026-04-15,5969557.516574,15078.940674,5954478.5759,-0.01357113,4685.246,-0.00341141
20260823_195633_9b613e,2026-04-16,6072041.813274,15078.940674,6056962.8726,0.01716782,4736.608,0.0109625
20260823_195633_9b613e,2026-04-17,5985570.985674,15078.940674,5970492.045,-0.01424082,4728.672,-0.00167546
20260823_195633_9b613e,2026-04-20,6038900.900474,15078.940674,6023821.9598,0.00890975,4757.442,0.00608416
20260823_195633_9b613e,2026-04-21,6047423.394641,507.813641,6046915.581,0.00141127,4767.997,0.00221863
20260823_195633_9b613e,2026-04-22,5988678.483741,507.813641,5988170.6701,-0.00971404,4799.627,0.00663381
20260823_195633_9b613e,2026-04-23,5975151.926641,507.813641,5974644.113,-0.00225869,4786.327,-0.00277105
20260823_195633_9b613e,2026-04-24,5956315.989841,507.813641,5955808.1762,-0.00315238,4769.369,-0.00354301
20260823_195633_9b613e,2026-04-27,5982286.940441,507.813641,5981779.1268,0.00436024,4770.947,0.00033086
20260823_195633_9b613e,2026-04-28,6135484.689715,6174.874015,6129309.8157,0.02560856,4758.209,-0.00266991
20260823_195633_9b613e,2026-04-29,6145080.194315,6174.874015,6138905.3203,0.00156394,4810.347,0.01095748
20260823_195633_9b613e,2026-04-30,6126681.383315,6174.874015,6120506.5093,-0.00299407,4807.307,-0.00063197
20260823_195633_9b613e,2026-05-06,6175316.933415,6174.874015,6169142.0594,0.00793832,4877.094,0.01451686
20260823_195633_9b613e,2026-05-07,6166961.497407,6481.323707,6160480.1737,-0.00135304,4900.51,0.00480122
20260823_195633_9b613e,2026-05-08,6176715.966707,6481.323707,6170234.643,0.00158173,4871.912,-0.00583572
20260823_195633_9b613e,2026-05-11,6151586.708107,6481.323707,6145105.3844,-0.00406839,4951.837,0.01640526
20260823_195633_9b613e,2026-05-12,6071049.513474,6266.258574,6064783.2549,-0.0130921,4948.047,-0.00076537
20260823_195633_9b613e,2026-05-13,6145243.125874,6266.258574,6138976.8673,0.01222089,4998.342,0.01016462
20260823_195633_9b613e,2026-05-14,6078971.948074,6266.258574,6072705.6895,-0.01078414,4914.597,-0.01675456
20260823_195633_9b613e,2026-05-15,6002320.627174,6266.258574,5996054.3686,-0.01260926,4859.593,-0.01119197
20260823_195633_9b613e,2026-05-18,5993988.850674,6266.258574,5987722.5921,-0.00138809,4833.524,-0.00536444
20260823_195633_9b613e,2026-05-19,6071400.204967,3202.505167,6068197.6998,0.01291483,4852.883,0.00400515
20260823_195633_9b613e,2026-05-20,5983553.372167,3202.505167,5980350.867,-0.01446896,4850.7,-0.00044984
20260823_195633_9b613e,2026-05-21,5813581.496267,3202.505167,5810378.9911,-0.02840651,4783.098,-0.01393655
20260823_195633_9b613e,2026-05-22,5880571.700167,3202.505167,5877369.195,0.01152305,4845.096,0.01296189
20260823_195633_9b613e,2026-05-25,5846338.063567,3202.505167,5843135.5584,-0.00582148,4921.598,0.01578957
20260823_195633_9b613e,2026-05-26,5738745.253212,370.714912,5738374.5383,-0.01840345,4947.849,0.00533384
20260823_195633_9b613e,2026-05-27,5615577.145612,370.714912,5615206.4307,-0.02146255,4908.172,-0.00801904
20260823_195633_9b613e,2026-05-28,5633518.982412,370.714912,5633148.2675,0.00319501,4914.214,0.00123101
20260823_195633_9b613e,2026-05-29,5653592.027712,370.714912,5653221.3128,0.00356315,4892.121,-0.00449573
20260823_195633_9b613e,2026-06-01,5900474.939612,370.714912,5900104.2247,0.04366833,4844.255,-0.0097843
20260823_195633_9b613e,2026-06-02,5828703.201006,-5601.218594,5834304.4196,-0.01216372,4914.559,0.01451286
20260823_195633_9b613e,2026-06-03,5790099.037406,-5601.218594,5795700.256,-0.00662311,4938.809,0.00493432
20260823_195633_9b613e,2026-06-04,5710875.268806,-5601.218594,5716476.4874,-0.01368263,4904.746,-0.00689701
20260823_195633_9b613e,2026-06-05,5734510.891406,-5601.218594,5740112.11,0.0041387,4816.92,-0.01790633
20260823_195633_9b613e,2026-06-08,5548888.757806,-5601.218594,5554489.9764,-0.03236931,4713.636,-0.02144192
20260823_195633_9b613e,2026-06-09,5491205.263521,11187.724121,5480017.5394,-0.0103955,4801.811,0.01870637
20260823_195633_9b613e,2026-06-10,5420441.140321,11187.724121,5409253.4162,-0.01288681,4748.594,-0.01108269
20260823_195633_9b613e,2026-06-11,5412810.459021,11187.724121,5401622.7349,-0.00140776,4722.412,-0.00551363
20260823_195633_9b613e,2026-06-12,5488301.146821,11187.724121,5477113.4227,0.01394667,4777.32,0.01162711
20260823_195633_9b613e,2026-06-15,5487571.978921,11187.724121,5476384.2548,-0.00013286,4777.32,0.0
20260823_195633_9b613e,2026-06-16,5436514.262092,1929.822792,5434584.4393,-0.00930425,4777.32,0.0
20260823_195633_9b613e,2026-06-17,5397420.784092,1929.822792,5395490.9613,-0.00719091,4777.32,0.0
20260823_195633_9b613e,2026-06-18,5257663.446892,1929.822792,5255733.6241,-0.02589336,4777.32,0.0
20260823_195633_9b613e,2026-06-22,5300370.742292,1929.822792,5298440.9195,0.00812287,4777.32,0.0
20260823_195633_9b613e,2026-06-23,5377594.581616,-614.976384,5378209.558,0.01456952,4777.32,0.0
20260823_195633_9b613e,2026-06-24,5208408.108216,-614.976384,5209023.0846,-0.03146137,4777.32,0.0
20260823_195633_9b613e,2026-06-25,5109287.340916,-614.976384,5109902.3173,-0.01903091,4777.32,0.0
20260823_195633_9b613e,2026-06-26,4995507.015816,-614.976384,4996121.9922,-0.02226931,4777.32,0.0
20260823_195633_9b613e,2026-06-29,5058455.454116,-614.976384,5059070.4305,0.01260101,4777.32,0.0
20260823_195633_9b613e,2026-06-30,5000504.275559,-4789.745241,5005294.0208,-0.0114563,4777.32,0.0
