trade_date,pos,pool_ret,strat_ret,nav_strat,nav_base
2020-11-24,0.0,-0.0010153923923923924,-0.0,1.0,0.9989846076076077
2020-11-25,0.0,-0.01205086874690441,-0.0,1.0,0.9869459752211506
2020-11-26,0.0,-0.005142308033514047,-0.0,1.0,0.9818707950041266
2020-11-27,0.0,-0.002734661750245821,-0.0,1.0,0.9791857104973453
2020-11-30,0.0,-0.0019566267848350567,-0.0,1.0,0.9772698095088583
2020-12-01,0.0,0.011865990108803166,0.0,1.0,0.9888660834021225
2020-12-02,1.0,0.0015538622222222222,0.0015538622222222222,1.0015538622222222,0.9904026450519579
2020-12-03,1.0,-0.0020180088713652043,-0.0020180088713652043,0.9995327176431077,0.9884040037280195
2020-12-04,1.0,0.001382623088307844,0.001382623088307844,1.00091469465604,0.9897705939241498
2020-12-07,0.0,-0.005846975873953717,-0.0,1.00091469465604,0.9839834291407265
2020-12-08,0.0,-0.004108215937038859,-0.0,1.00091469465604,0.9799410127353484
2020-12-09,0.0,-0.020045675217812198,-0.0,1.00091469465604,0.9602974334614416
2020-12-10,0.0,-0.000852266957364341,-0.0,1.00091469465604,0.9594790036896607
2020-12-11,0.0,-0.018963854815524674,-0.0,1.00091469465604,0.9412835831651457
2020-12-14,0.0,0.006716439153439153,0.0,1.00091469465604,0.9476056570776056
2020-12-15,1.0,-0.003035767497603068,-0.003035767497603068,0.99787615035813,0.9447289466233046
2020-12-16,0.0,-0.016772729819563154,-0.0,0.99787615035813,0.9288832632488715
2020-12-17,0.0,0.007819880019120458,0.0,0.99787615035813,0.9361470189192468
2020-12-18,1.0,-0.007700421404682275,-0.007700421404682275,0.9901920834906903,0.9289382923768315
2020-12-21,0.0,0.006490898411169957,0.0,0.9901920834906903,0.9349679364628952
2020-12-22,0.0,-0.021611403341288783,-0.0,0.9901920834906903,0.9147619672768231
2020-12-23,0.0,0.0004333860153256705,0.0,0.9901920834906903,0.9151584123207926
2020-12-24,1.0,-0.02512172169811321,-0.02512172169811321,0.9653167535415623,0.8921680573767825
2020-12-25,0.0,0.009249580246913578,0.0,0.9653167535415623,0.900420237417222
2020-12-28,1.0,-0.01628187617260788,-0.01628187617260788,0.9495995856930547,0.8857597066082846
2020-12-29,1.0,-6.0582242990654294e-05,-6.0582242990654294e-05,0.9495420568202104,0.8857060452985075
2020-12-30,0.0,0.0011278739456419867,0.0,0.9495420568202104,0.8867050100704973
2020-12-31,0.0,0.013703592592592594,0.0,0.9495420568202104,0.898856054278314
2021-01-04,1.0,0.012814283944735588,0.012814283944735588,0.9617097583537728,0.9103742509832811
2021-01-05,1.0,-0.005070241428571429,-0.005070241428571429,0.9568336576947062,0.905758433740441
2021-01-06,1.0,-0.018056653628652216,-0.018056653628652216,0.9395564437574766,0.8894034674311593
2021-01-07,0.0,-0.03842912465245598,-0.0,0.9395564437574766,0.8552244707149207
2021-01-08,0.0,-0.002520212401665895,-0.0,0.9395564437574766,0.8530691233976168
2021-01-11,1.0,-0.028903605782469022,-0.028903605782469022,0.912399874696732,0.8284123497497357
2021-01-12,0.0,0.004548361302154975,0.0,0.912399874696732,0.8321802684235647
2021-01-13,1.0,-0.022399120218579233,-0.022399120218579233,0.8919629202159832,0.8135401625476157
2021-01-14,0.0,0.009564119853613906,0.0,0.8919629202159832,0.8213209581679496
2021-01-15,1.0,0.021625444700460836,0.021625444700460836,0.9112520150219756,0.8390823891301401
2021-01-18,1.0,0.015241860120426125,0.015241860120426125,0.9251411907693969,0.8518715655347746
2021-01-19,1.0,0.009855313051555969,0.009855313051555969,0.9342587468213186,0.8602670264928389
2021-01-20,1.0,0.0005957119590507214,0.0005957119590507214,0.9348152959296478,0.8607794978484977
2021-01-21,1.0,0.003989351262862488,0.003989351262862488,0.938544602511008,0.8642134496252859
2021-01-22,1.0,-0.014277709976798145,-0.014277709976798145,0.9251443348760666,0.8518744606334878
2021-01-25,0.0,-0.02184602740977615,-0.0,0.9251443348760666,0.8332643878168003
2021-01-26,0.0,-0.00512431677301732,-0.0,0.9251443348760666,0.8289944771379527
2021-01-27,0.0,0.0010052365296803652,0.0,0.9251443348760666,0.8298278126692751
2021-01-28,1.0,-0.00839102902494331,-0.00839102902494331,0.9173814219098597,0.822864703407462
2021-01-29,0.0,-0.017142137873754154,-0.0,0.9173814219098597,0.8087590432102054
2021-02-01,0.0,0.002108143369175627,0.0,0.9173814219098597,0.8104640232244098
2021-02-02,1.0,-0.001016954095409541,-0.001016954095409541,0.9164484871157959,0.8096398185168097
2021-02-03,1.0,-0.018862289964476024,-0.018862289964476024,0.8991621700143123,0.7943681574931598
2021-02-04,0.0,-0.020256810549450548,-0.0,0.8991621700143123,0.7782767922203048
2021-02-05,1.0,-0.011906493246187365,-0.011906493246187365,0.8884563017098098,0.7690102448500694
2021-02-08,0.0,-0.004397360470178494,-0.0,0.8884563017098098,0.7656286295982034
2021-02-09,0.0,0.01604629162995595,0.0,0.8884563017098098,0.7779141298689798
2021-02-10,1.0,0.006245748563853292,0.006245748563853292,0.8940053763802602,0.78277278592841
2021-02-18,0.0,0.031635263110712686,0.0,0.8940053763802602,0.8075360089671608
2021-02-19,1.0,0.03246918616294947,0.03246918616294947,0.9230330033766285,0.8337560459756007
2021-02-22,1.0,0.01342883348540146,0.01342883348540146,0.9354282598805032,0.8449524170844537
2021-02-23,0.0,-0.007462766787658802,-0.0,0.9354282598805032,0.8386467342490838
2021-02-24,0.0,0.004699323369565217,0.0,0.9354282598805032,0.84258780644615
2021-02-25,0.0,-0.009669,-0.0,0.9354282598805032,0.8344408249456221
2021-02-26,0.0,0.0036318837522441648,0.0,0.9354282598805032,0.8374714170199513
2021-03-01,0.0,0.022801816280127327,0.0,0.9354282598805032,0.8565672864106981
2021-03-02,1.0,-0.006453184043517679,-0.006453184043517679,0.9293917691599868,0.8510397000658334
2021-03-03,0.0,0.011262970682546955,0.0,0.9293917691599868,0.8606249352573584
2021-03-04,1.0,-0.005319590328467153,-0.005319590328467153,0.9244477856934064,0.8560467631753257
2021-03-05,0.0,0.012081963097949889,0.0,0.9244477856934064,0.8663894885781294
2021-03-08,0.0,-0.009040636363636364,-0.0,0.9244477856934064,0.8585567762626176
2021-03-09,0.0,-0.02592376683013821,-0.0,0.9244477856934064,0.8362997505843504
2021-03-10,0.0,-0.016302150818222026,-0.0,0.9244477856934064,0.8226662659210828
2021-03-11,0.0,0.019124592028660996,0.0,0.9244477856934064,0.8383994226325654
2021-03-12,0.0,-0.0008984611585092051,-0.0,0.9244477856934064,0.8376461533160134
2021-03-15,0.0,-0.0010244317062248099,-0.0,0.9244477856934064,0.8367880420379593
2021-03-16,0.0,0.01696752093802345,0.0,0.9244477856934064,0.8509862606619262
2021-03-17,1.0,0.006253951649344781,0.006253951649344781,0.9302292374474768,0.8563082875903625
2021-03-18,0.0,-0.0018184830699774267,-0.0,0.9302292374474768,0.8547511054666981
2021-03-19,0.0,0.0020032773297491042,0.0,0.9302292374474768,0.8564634089788575
2021-03-22,0.0,0.015748995495495494,0.0,0.9302292374474768,0.8699518473489223
2021-03-23,1.0,-0.012357254025044721,-0.012357254025044721,0.9187341584588147,0.8592016313816747
2021-03-24,0.0,-0.0059528205699020485,-0.0,0.9187341584588147,0.8540869582366925
2021-03-25,1.0,-0.004682110619469027,-0.004682110619469027,0.9144325434990257,0.8500880286195824
2021-03-26,0.0,0.01121301652523448,0.0,0.9144325434990257,0.8596200797323977
2021-03-29,1.0,-0.0005103481943825235,-0.0005103481943825235,0.9139658645015664,0.8591813741768514
2021-03-30,1.0,-0.012912672711189739,-0.012912672711189739,0.902164122424058,0.8480870462925554
2021-03-31,1.0,0.004936942086648983,0.004936942086648983,0.906618054449118,0.8522740029245389
2021-04-01,1.0,-0.0010977403633141338,-0.0010977403633141338,0.9056228232166399,0.8513384273509254
2021-04-02,1.0,0.0051883490650044516,0.0051883490650044516,0.9103215105447227,0.8557554682844739
2021-04-06,1.0,0.012974792857142856,0.012974792857142856,0.9221327435774418,0.8668587182218322
2021-04-07,1.0,0.010019152086137281,0.010019152086137281,0.9313717317789512,0.8755439075568908
2021-04-08,1.0,-0.009617695768374165,-0.009617695768374165,0.9224140818154375,0.8671231926221552
2021-04-09,0.0,0.0025088267857142858,0.0,0.9224140818154375,0.8692986545143198
2021-04-12,1.0,-0.011820110668437361,-0.011820110668437361,0.911511045286254,0.8590234482140368
2021-04-13,1.0,-0.008167289682539682,-0.008167289682539682,0.9040664705305667,0.8520075548683786
2021-04-14,1.0,0.012389626713843431,0.012389626713843431,0.9152675166249423,0.8625636104305724
2021-04-15,1.0,-0.0034963139329806,-0.0034963139329806,0.912067454054162,0.859547817261342
2021-04-16,0.0,0.019180154804270464,0.0,0.912067454054162,0.8760340774580874
2021-04-19,1.0,0.012315341234347047,0.012315341234347047,0.9232998759795812,0.8868227360549001
2021-04-20,1.0,-0.005787827971403039,-0.005787827971403039,0.9179559751313936,0.8816899586174853
2021-04-21,0.0,-0.004520143175735949,-0.0,0.9179559751313936,0.8777045937679256
2021-04-22,0.0,0.0037780022371364653,0.0,0.9179559751313936,0.8810205636867259
2021-04-23,0.0,-0.013380592526690391,-0.0,0.9179559751313936,0.8692319865163987
2021-04-26,0.0,-0.004260608042421564,-0.0,0.9179559751313936,0.8655285297239168
2021-04-27,0.0,-0.010223099071207432,-0.0,0.9179559751313936,0.8566801458155927
2021-04-28,0.0,-0.001544601066192803,-0.0,0.9179559751313936,0.8553569167489797
2021-04-29,1.0,-0.004701540961709706,-0.004701540961709706,0.9136401675132672,0.8513354211680026
2021-04-30,0.0,-0.010894068517689209,-0.0,0.9136401675132672,0.8420609147582626
2021-05-06,0.0,0.006037804592525889,0.0,0.9136401675132672,0.8471451140165766
2021-05-07,1.0,-0.004160767640449438,-0.004160767640449438,0.9098387230692631,0.8436203400394114
2021-05-10,1.0,0.004629864779874214,0.004629864779874214,0.9140511533285671,0.8475261881393453
2021-05-11,1.0,0.005667502026114363,0.005667502026114363,0.9192315400920289,0.8523295445278101
2021-05-12,0.0,0.010818626019945604,0.0,0.9192315400920289,0.861550579115807
2021-05-13,1.0,-0.0037372098597919495,-0.0037372098597919495,0.9157961789169652,0.8583307837968259
2021-05-14,0.0,0.012769570326678768,0.0,0.9157961789169652,0.8692912991040729
2021-05-17,1.0,-0.01314436012572968,-0.01314436012572968,0.9037586241395134,0.8578650212144855
2021-05-18,0.0,0.006284101174345078,0.0,0.9037586241395134,0.863255931801729
2021-05-19,1.0,-0.0014064324324324325,-0.0014064324324324325,0.902487548699433,0.8620418206617534
2021-05-20,0.0,-0.002754647559337214,-0.0,0.902487548699433,0.8596671992644209
2021-05-21,0.0,0.00394215091804747,0.0,0.902487548699433,0.8630561371032165
2021-05-24,1.0,0.0068552366412213735,0.0068552366412213735,0.9086743144115235,0.8689725911577174
2021-05-25,0.0,0.005023569563259793,0.0,0.9086743144115235,0.8733379354179645
2021-05-26,0.0,0.00963940441839495,0.0,0.9086743144115235,0.8817563929713843
2021-05-27,0.0,0.008127434959349594,0.0,0.9086743144115235,0.88892281070525
2021-05-28,1.0,-0.0054328467778278515,-0.0054328467778278515,0.9037376260903779,0.8840934292773723
2021-05-31,0.0,0.013109898734177214,0.0,0.9037376260903779,0.89568380460675
2021-06-01,1.0,0.010154031363636365,0.010154031363636365,0.9129142062901978,0.9047786060506281
2021-06-02,1.0,-0.004634452166064982,-0.004634452166064982,0.9086833490694247,0.9005854528800076
2021-06-03,0.0,-0.0010534520917678813,-0.0,0.9086833490694247,0.8996367292508554
2021-06-04,0.0,-0.002573982875168995,-0.0,0.9086833490694247,0.8973210797158906
2021-06-07,0.0,0.00783944650112867,0.0,0.9086833490694247,0.9043555803146583
2021-06-08,1.0,0.00026095673726904005,0.00026095673726904005,0.9089204761114087,0.9045915779962284
2021-06-09,0.0,0.0024060365688487583,0.0,0.9089204761114087,0.9067680584127599
2021-06-10,0.0,0.005127883952855849,0.0,0.9089204761114087,0.911417859788457
2021-06-11,1.0,-0.007119667419792138,-0.007119667419792138,0.9024492646104564,0.9049288677463045
2021-06-15,1.0,-0.008645556401074306,-0.008645556401074306,0.8946470885941586,0.8971052541812435
2021-06-16,0.0,-0.00887139411502452,-0.0,0.8946470885941586,0.8891466799087425
2021-06-17,0.0,0.005020626565295169,0.0,0.8946470885941586,0.8936107533503364
2021-06-18,0.0,0.008320908640864086,0.0,0.8946470885941586,0.9010464067894581
2021-06-21,0.0,0.012493905515370704,0.0,0.8946470885941586,0.91230399546085
2021-06-22,0.0,0.005729591891891892,0.0,0.8946470885941586,0.917531125036183
2021-06-23,0.0,0.000713816742081448,0.0,0.8946470885941586,0.9181860741146146
2021-06-24,0.0,-0.007198631626235399,-0.0,0.8946470885941586,0.9115763908027242
2021-06-25,1.0,-0.0016378266726537944,-0.0016378266726537944,0.8931818117298471,0.9100833866757061
2021-06-28,0.0,0.006942686292134831,0.0,0.8931818117298471,0.9164018101290792
2021-06-29,0.0,-0.0100472311130979,-0.0,0.8931818117298471,0.907194509350251
2021-06-30,0.0,0.007195487455197133,0.0,0.8931818117298471,0.9137222160617045
2021-07-01,0.0,-0.015295133837261004,-0.0,0.8931818117298471,0.8997467124769619
2021-07-02,0.0,-0.0017427512173528107,-0.0,0.8931818117298471,0.8981786777984835
2021-07-05,0.0,0.014753512740277157,0.0,0.8931818117298471,0.9114299683644287
2021-07-06,1.0,5.890974084003434e-06,5.890974084003434e-06,0.8931870734407524,0.9114353375747518
2021-07-07,0.0,0.006100605263157894,0.0,0.8931870734407524,0.9169956447921883
2021-07-08,1.0,-0.006031380124777184,-0.006031380124777184,0.887799922678294,0.9114648954856814
2021-07-09,0.0,0.005967509847806625,0.0,0.887799922678294,0.9169040712254224
2021-07-12,1.0,0.012301910112359551,0.012301910112359551,0.8987215575248422,0.9281837426912941
2021-07-13,1.0,0.0043020402714932125,0.0043020402714932125,0.9025878938581732,0.9321768265316974
2021-07-14,1.0,-0.008450889089269614,-0.008450889089269614,0.8949602236738603,0.9242991035590907
2021-07-15,0.0,-0.013355236347358997,-0.0,0.8949602236738603,0.911954870575407
2021-07-16,0.0,-0.0023618310991957107,-0.0,0.8949602236738603,0.909800987201019
2021-07-19,0.0,-0.0002675251446372941,-0.0,0.8949602236738603,0.9095575925603269
2021-07-20,0.0,0.003018686999109528,0.0,0.8949602236738603,0.9123032622399301
2021-07-21,1.0,0.012345909784560145,0.012345909784560145,0.9060093218561076,0.9235664760117042
2021-07-22,1.0,0.0049178054298642535,0.0049178054298642535,0.9104648994186392,0.928108396242275
2021-07-23,1.0,-0.01419842176258993,-0.01419842176258993,0.8975377347766593,0.9149307217910263
2021-07-26,0.0,-0.013770992434356921,-0.0,0.8975377347766593,0.9023312177432813
2021-07-27,1.0,-0.016748533070521245,-0.016748533070521245,0.8825052943437117,0.8872184935023442
2021-07-28,0.0,-0.028368547104580814,-0.0,0.8825052943437117,0.8620493938773677
2021-07-29,1.0,0.025246916191311978,0.025246916191311978,0.9047858315483965,0.8838134826773609
2021-07-30,1.0,0.012859958849557523,0.012859958849557523,0.9164213401097716,0.8951792876952759
2021-08-02,1.0,0.020275518981688254,0.020275518981688254,0.9350022583863915,0.9133295123349557
2021-08-03,1.0,8.943688888888882e-05,8.943688888888882e-05,0.9350858820794856,0.9134111976850694
2021-08-04,0.0,0.009336523468931606,0.0,0.9350858820794856,0.9219392827690409
2021-08-05,0.0,-0.007976945064761053,-0.0,0.9350858820794856,0.9145850237573471
2021-08-06,0.0,-0.0020973082405345215,-0.0,0.9350858820794856,0.9126668570503513
2021-08-09,0.0,0.012777690550828481,0.0,0.9350858820794856,0.924328631725738
2021-08-10,0.0,0.012184529914529917,0.0,0.9350858820794856,0.9355911415898568
2021-08-11,1.0,0.006097798730734362,0.006097798730734362,0.9407878475843576,0.9412961880655298
2021-08-12,1.0,0.002101882219190541,0.002101882219190541,0.9427652728332256,0.9432746817862165
2021-08-13,1.0,-0.0004346777423759672,-0.0004346777423759672,0.94235547375284,0.9428646612770973
2021-08-16,1.0,0.002243340713962946,0.002243340713962946,0.9444694981541357,0.9449798279594972
2021-08-17,1.0,-0.02576820996441281,-0.02576820996441281,0.9201322098207164,0.9206293893405022
2021-08-18,0.0,0.008756492383512546,0.0,0.9201322098207164,0.9286908735763002
2021-08-19,1.0,-0.004283419642857143,-0.004283419642857143,0.9161908974391448,0.9247129008462813
2021-08-20,0.0,-0.00775975905230219,-0.0,0.9161908974391448,0.9175373515431587
2021-08-23,0.0,0.02860975067873303,0.0,0.9161908974391448,0.9437878664092335
2021-08-24,1.0,0.004387536507936508,0.004387536507936508,0.9202107184498981,0.9479287701288515
2021-08-25,0.0,0.006995199726402188,0.0,0.9202107184498981,0.9545597212023056
2021-08-26,1.0,-0.0056705383567862,-0.0056705383567862,0.9149926282746021,0.9491468536893848
2021-08-27,0.0,-0.006335658946412352,-0.0,0.9149926282746021,0.9431333829343486
2021-08-30,1.0,-0.002279286684782609,-0.002279286684782609,0.9129070977603017,0.9409837115726524
2021-08-31,1.0,-0.0027736126984126987,-0.0027736126984126987,0.9103750470414826,0.938373787201235
2021-09-01,1.0,-0.003365577287066246,-0.003365577287066246,0.907311109460448,0.9352156176962522
2021-09-02,0.0,0.008117632699275363,0.0,0.907311109460448,0.9428073545753363
2021-09-03,1.0,0.004797938440492476,0.004797938440492476,0.9116643323100141,0.9473308862238322
2021-09-06,0.0,0.010353755260750228,0.0,0.9116643323100141,0.9571393183707434
2021-09-07,1.0,0.007670229704797047,0.007670229704797047,0.9186570071525023,0.9644807968021398
2021-09-08,1.0,0.009647152093023257,0.009647152093023257,0.9275194310218241,0.9737852897396904
2021-09-09,1.0,-0.0027325952821461606,-0.0027325952821461606,0.9249848958005149,0.9711243286511243
2021-09-10,1.0,-0.008976989861751153,-0.008976989861751153,0.9166813157686408,0.9624065553983233
2021-09-13,0.0,0.004147852995391705,0.0,0.9166813157686408,0.9663984763119169
2021-09-14,1.0,-0.010918725651577503,-0.010918725651577503,0.906672323971836,0.9558466364789646
2021-09-15,0.0,0.0070079010128913455,0.0,0.906672323971836,0.9625451150909143
2021-09-16,1.0,-0.011113085923217551,-0.011113085923217551,0.8965963965313336,0.9518482685219356
2021-09-17,0.0,-0.004997603644646925,-0.0,0.8965963965313336,0.9470913081460195
2021-09-22,1.0,0.0004271011389521641,0.0004271011389521641,0.8969793338734724,0.9474958119224203
2021-09-23,1.0,0.008689244292237443,0.008689244292237443,0.9047734064305875,0.9557288344980861
2021-09-24,1.0,-0.01876029221071589,-0.01876029221071589,0.8877995929414648,0.9377990822886951
2021-09-27,0.0,-0.029799814551907725,-0.0,0.8877995929414648,0.9098528435495428
2021-09-28,0.0,0.0033407588495575225,0.0,0.8877995929414648,0.9128924424884259
2021-09-29,0.0,-0.029388176598521096,-0.0,0.8877995929414648,0.8860641981731208
2021-09-30,0.0,0.02268609519612164,0.0,0.8877995929414648,0.9061655349227513
2021-10-08,1.0,0.020867243362831855,0.020867243362831855,0.9063255231047974,0.9250747116669951
2021-10-11,0.0,-0.0020480584872471417,-0.0,0.9063255231047974,0.9231801045524278
2021-10-12,0.0,-0.014536258246527777,-0.0,0.9063255231047974,0.9097605201445972
2021-10-13,0.0,0.0026038753786239727,0.0,0.9063255231047974,0.9121294231634458
2021-10-14,0.0,0.006609187772925764,0.0,0.9063255231047974,0.9181578577943434
2021-10-15,1.0,-0.012097000000000002,-0.012097000000000002,0.8953617032517986,0.9070509021886053
2021-10-18,0.0,0.006959233304423243,0.0,0.8953617032517986,0.9133632810359235
2021-10-19,1.0,0.0020048797909407667,0.0020048797909407667,0.8971567958362304,0.9151944646198596
2021-10-20,1.0,-0.003197615619546248,-0.003197615619546248,0.8942880332526825,0.9122680245048689
2021-10-21,1.0,-0.008407714969538729,-0.008407714969538729,0.8867691143684245,0.9045979349790078
2021-10-22,0.0,-0.009148974093264251,-0.0,0.8867691143684245,0.8963217919070645
2021-10-25,0.0,0.004668099437959361,0.0,0.8867691143684245,0.9005059111600966
2021-10-26,1.0,-0.004961899698665519,-0.004961899698665519,0.882369054967054,0.8960376911508647
2021-10-27,0.0,-0.021388735881104032,-0.0,0.882369054967054,0.8768725776353247
2021-10-28,1.0,-0.018818792626728108,-0.018818792626728108,0.8657639347013869,0.860370894436741
2021-10-29,0.0,0.016432303684879287,0.0,0.8657639347013869,0.8745087702557567
2021-11-01,1.0,0.014949142001710864,0.014949142001710864,0.878706362701198,0.8875819260440516
2021-11-02,1.0,-0.013812806629834256,-0.013812806629834256,0.8665689616288013,0.8753219285314693
2021-11-03,0.0,0.008338716233489562,0.0,0.8665689616288013,0.8826209897064441
2021-11-04,0.0,0.014945559278350515,0.0,0.8665689616288013,0.8958122540284181
2021-11-05,1.0,0.000377215845824411,0.000377215845824411,0.8668958451726272,0.8961501686055213
2021-11-08,0.0,0.006677021850899741,0.0,0.8668958451726272,0.902133782862988
2021-11-09,1.0,0.011749882708063819,0.011749882708063819,0.8770817696735134,0.9127337489986099
2021-11-10,1.0,0.008613594115101687,0.008613594115101687,0.8846365960432362,0.9205956670476392
2021-11-11,0.0,0.010551592576419213,0.0,0.8846365960432362,0.9303094174539428
2021-11-12,1.0,0.010828653374233126,0.010828653374233126,0.89421601910395,0.9403834156663364
2021-11-15,1.0,0.014044692307692308,0.014044692307692308,0.9067750079488744,0.9535908113906267
2021-11-16,1.0,-0.01056588666382616,-0.01056588666382616,0.8971941259852966,0.9435152789538073
2021-11-17,0.0,0.016170530620985012,0.0,0.8971941259852966,0.958772421663497
2021-11-18,1.0,-0.011107792808219177,-0.011107792808219177,0.8872282795251006,0.9481225762534243
2021-11-19,0.0,0.011867736751400258,0.0,0.8872282795251006,0.9593746453964593
2021-11-22,0.0,0.007345483968804159,0.0,0.8872282795251006,0.9664217164742961
2021-11-23,1.0,0.0056102928416485905,0.0056102928416485905,0.8922058899906286,0.9718436253122456
2021-11-24,0.0,0.006656171018276762,0.0,0.8922058899906286,0.978312382685346
2021-11-25,1.0,0.0009985917391304347,0.0009985917391304347,0.8930968394219767,0.9792893173489846
2021-11-26,0.0,-0.004316332172398781,-0.0,0.8930968394219767,0.9750623793624247
2021-11-29,0.0,-0.0036904691304347824,-0.0,0.8930968394219767,0.9714639417511394
2021-11-30,1.0,0.009572153510684692,0.009572153510684692,0.9016456994688312,0.9807629437316762
2021-12-01,1.0,0.01378879076923077,0.01378879076923077,0.9140783033667835,0.994286478757007
2021-12-02,1.0,-0.015045753382802271,-0.015045753382802271,0.9003253066417566,0.9793266896057743
2021-12-03,0.0,4.74517256443865e-05,0.0,0.9003253066417566,0.9793731603471657
2021-12-06,0.0,-0.021358848353552857,-0.0,0.9003253066417566,0.9584548775337708
2021-12-07,0.0,-0.008039617735686613,-0.0,0.9003253066417566,0.950749266701495
2021-12-08,0.0,0.010868661157024794,0.0,0.9003253066417566,0.9610826383265633
2021-12-09,1.0,0.006086352401746724,0.006086352401746724,0.9058050037341889,0.9669321259506192
2021-12-10,0.0,0.006194838498472284,0.0,0.9058050037341889,0.9729221143098676
2021-12-13,1.0,0.003881471128608924,0.003881471128608924,0.9093208597043326,0.9766984834069464
2021-12-14,1.0,0.01125217753303965,0.01125217753303965,0.9195526994522221,0.987688468138492
2021-12-15,1.0,0.0026461972699251433,0.0026461972699251433,0.9219860172950649,0.9903020866664167
2021-12-16,1.0,0.008751604083444296,0.008751604083444296,0.930054873888903,0.99896881845193
2021-12-17,1.0,-0.006545635039717565,-0.006545635039717565,0.9239670741175156,0.9924299331502857
2021-12-20,1.0,-0.007291364633611231,-0.007291364633611231,0.9172300932706738,0.9851937646343766
2021-12-21,1.0,0.017393614058355437,0.017393614058355437,0.9331840395157334,1.0023298447491253
2021-12-22,1.0,0.00232459832081308,0.00232459832081308,0.9353533175670012,1.00465985902313
2021-12-23,0.0,-0.011055907007492287,-0.0,0.9353533175670012,0.9935524330476099
2021-12-24,0.0,-0.020213172099087354,-0.0,0.9353533175670012,0.9734695867289516
2021-12-27,0.0,0.00749174456048738,0.0,0.9353533175670012,0.9807625722101281
2021-12-28,0.0,0.00835074989068649,0.0,0.9353533175670012,0.9889526751528013
2021-12-29,0.0,0.0010108194505015263,0.0,0.9353533175670012,0.9899523277524713
2021-12-30,0.0,0.011954740871095468,0.0,0.9353533175670012,1.0017869513054898
2021-12-31,1.0,0.004204487826471891,0.004204487826471891,0.9392859992041619,1.0059989523469721
2022-01-04,0.0,0.01669289056939502,0.0,0.9392859992041619,1.0227919827714262
2022-01-05,1.0,-0.012076865691489363,-0.012076865691489363,0.9279423683458768,1.0104398613651637
2022-01-06,0.0,0.010998470692717583,0.0,0.9279423683458768,1.0215531545671421
2022-01-07,0.0,-0.02102670232354231,-0.0,0.9279423683458768,1.0000732604783833
2022-01-10,0.0,0.011497440580985917,0.0,0.9279423683458768,1.0115715433673664
2022-01-11,1.0,-0.0019094463894967176,-0.0019094463894967176,0.9261705121409778,1.009640001736166
2022-01-12,0.0,0.015903049448123617,0.0,0.9261705121409778,1.0256963566085797
2022-01-13,1.0,-0.004168146942366916,-0.004168146942366916,0.922310097352687,1.0214211034759848
2022-01-14,0.0,-0.007224705676855896,-0.0,0.922310097352687,1.0140416366312415
2022-01-17,1.0,0.018833978845306302,0.018833978845306302,0.9396808662150399,1.033140075363814
2022-01-18,1.0,-0.02246832850877193,-0.02246832850877193,0.9185678078195131,1.0099271447549625
2022-01-19,0.0,0.007281778118161926,0.0,0.9185678078195131,1.017281210138577
2022-01-20,1.0,-0.030317592878592876,-0.030317592878592876,0.8907190429906595,0.9864396925665534
2022-01-21,0.0,-0.009642014899957427,-0.0,0.8907190429906595,0.9769284263529173
2022-01-24,0.0,-0.007078332056194125,-0.0,0.8907190429906595,0.9700134025560562
2022-01-25,1.0,-0.04443731626754748,-0.04443731626754748,0.8511378791717564,0.9269086102029129
2022-01-26,0.0,0.007106949314499377,0.0,0.8511378791717564,0.933496102714798
2022-01-27,0.0,-0.037129496146044626,-0.0,0.8511378791717564,0.8988358627667012
2022-01-28,0.0,0.02075000163599182,0.0,0.8511378791717564,0.9174867083895984
2022-02-07,0.0,0.012488752974969224,0.0,0.8511378791717564,0.9289449732484939
2022-02-08,0.0,0.017192975538971807,0.0,0.8511378791717564,0.944916301450606
2022-02-09,1.0,0.01362913932018464,0.01362913932018464,0.8627381559076748,0.9577946973689899
2022-02-10,1.0,-0.005473516981132076,-0.005473516981132076,0.8580159439610435,0.9525521918285025
2022-02-11,0.0,-0.02370939686468647,-0.0,0.8580159439610435,0.9299677538781136
2022-02-14,0.0,0.0045961116584564855,0.0,0.8580159439610435,0.9342419895137014
2022-02-15,1.0,0.0014743909465020574,0.0014743909465020574,0.859280994900774,0.9356194274448825
2022-02-16,0.0,0.015602980849292257,0.0,0.859280994900774,0.9502178794535309
2022-02-17,1.0,-0.0048522805785123965,-0.0048522805785123965,0.8551115224177323,0.9456071556917033
2022-02-18,0.0,0.0063806449064449065,0.0,0.8551115224177323,0.9516407391731655
2022-02-21,0.0,0.01677172240943555,0.0,0.8551115224177323,0.9676013934840878
2022-02-22,1.0,-0.01253258059142024,-0.01253258059142024,0.8443947683483799,0.955474851039878
2022-02-23,0.0,0.016576977263157898,0.0,0.8443947683483799,0.9713137359210852
2022-02-24,1.0,-0.025602534297520657,-0.025602534297520657,0.8227761223310934,0.9464456426835126
2022-02-25,0.0,0.010022959717607973,0.0,0.8227761223310934,0.9559318292350351
2022-02-28,1.0,-0.0040454046434494195,-0.0040454046434494195,0.8194476599852959,0.9520646981742266
2022-03-01,0.0,0.010472237936772046,0.0,0.8194476599852959,0.9620349462247082
2022-03-02,1.0,0.007133157828810021,0.007133157828810021,0.8252929094764201,0.9688972933329598
2022-03-03,1.0,-0.0025121626254180603,-0.0025121626254180603,0.8232196394742108,0.96646326576478
2022-03-04,1.0,-0.012018261717129821,-0.012018261717129821,0.8133259703963285,0.9548480572968269
2022-03-07,0.0,-0.012279286240786242,-0.0,0.8133259703963285,0.9431232046848205
2022-03-08,1.0,-0.03317099839421919,-0.03317099839421919,0.786347135938335,0.9118388663766694
2022-03-09,0.0,-0.01428809500998004,-0.0,0.786347135938335,0.8988104260200871
2022-03-10,1.0,0.016316966801619436,0.016316966801619436,0.7991779360499894,0.9134762859024063
2022-03-11,1.0,0.006565312195121952,0.006565312195121952,0.8044247886996108,0.919473542902196
2022-03-14,0.0,-0.027908531574740207,-0.0,0.8044247886996108,0.8938123864979718
2022-03-15,0.0,-0.05083206581986143,-0.0,0.8044247886996108,0.8483780564368995
2022-03-16,0.0,0.029927270629644113,0.0,0.8044247886996108,0.873767696128138
2022-03-17,1.0,0.019981186212361328,0.019981186212361328,0.8204981501964571,0.8912266111708202
2022-03-18,0.0,0.013994660557768924,0.0,0.8204981501964571,0.9036990250742066
2022-03-21,1.0,0.016430273166800968,0.016430273166800968,0.8339791589370398,0.9185470469167475
2022-03-22,1.0,-0.0037371100401606427,-0.0037371100401606427,0.8308624870488914,0.915114335525355
2022-03-23,1.0,0.0008189742454728369,0.0008189742454728369,0.831542942027314,0.9158637905978134
2022-03-24,0.0,-0.013244996801279487,-0.0,0.831542942027314,0.9037331776209377
2022-03-25,0.0,-0.0008168382470119523,-0.0,0.831542942027314,0.9029949737963633
2022-03-28,1.0,-0.005611371779627427,-0.005611371779627427,0.8268768454288736,0.8979279332832569
2022-03-29,0.0,-0.011839785375494072,-0.0,0.8268768454288736,0.8872966592705221
2022-03-30,0.0,0.013152751789976134,0.0,0.8268768454288736,0.8989670519939823
2022-03-31,0.0,0.0017125558213716109,0.0,0.8268768454288736,0.9005065832520958
2022-04-01,0.0,-0.006290736381709742,-0.0,0.8268768454288736,0.8948417337268627
2022-04-06,1.0,0.013709412590216519,0.013709412590216519,0.8382128412641549,0.9071094882574691
2022-04-07,1.0,-0.025582026813880127,-0.025582026813880127,0.8167696578831967,0.8839037890057414
2022-04-08,0.0,-0.011040518693427785,-0.0,0.8167696578831967,0.8741450327000319
2022-04-11,1.0,-0.028595339499036615,-0.028595339499036615,0.7934138522235147,0.849148558718578
2022-04-12,0.0,0.01842634941634241,0.0,0.7934138522235147,0.86479526676791
2022-04-13,1.0,-0.021165043394777268,-0.021165043394777268,0.7766212136111865,0.8464918374191691
2022-04-14,0.0,0.006702505015432098,0.0,0.7766212136111865,0.8521654532049935
2022-04-15,1.0,-0.02206593778625954,-0.02206593778625954,0.7594843382281528,0.8333616233309724
2022-04-18,0.0,0.009646292971734149,0.0,0.7594843382281528,0.841400473701023
2022-04-19,1.0,0.005137129850172877,0.005137129850172877,0.7633859078928034,0.8457228571904221
2022-04-20,0.0,-0.005988660550458716,-0.0,0.7633859078928034,0.8406581100789445
2022-04-21,0.0,-0.03949967989517034,-0.0,0.7633859078928034,0.8074523838295473
2022-04-22,0.0,-0.010842647735708982,-0.0,0.7633859078928034,0.798697462068325
2022-04-25,1.0,-0.08072675223134596,-0.08072675223134596,0.7017602428494399,0.7342212099401305
2022-04-26,0.0,-0.03907786059544658,-0.0,0.7017602428494399,0.70552941585187
2022-04-27,0.0,0.025897931194295894,0.0,0.7017602428494399,0.7238011681191535
2022-04-28,1.0,-0.024533506203473943,-0.024533506203473943,0.6845436035781418,0.7060437876710206
2022-04-29,0.0,0.047504963471971064,0.0,0.6845436035781418,0.7395843720139446
2022-05-05,1.0,0.019234597866078,0.019234597866078,0.6977105245147632,0.7538099799976685
2022-05-06,1.0,-0.006875052170740606,-0.006875052170740606,0.6929137282586495,0.7486274970583596
2022-05-09,1.0,0.020153350496506066,0.020153350496506066,0.7068782614880869,0.7637148493978989
2022-05-10,1.0,0.01809373088344469,0.01809373088344469,0.7196683265188096,0.7775333003545951
2022-05-11,1.0,0.001202423005565863,0.001202423005565863,0.720533672270993,0.778468224282535
2022-05-12,1.0,0.011126556801195812,0.011126556801195812,0.7285507311026903,0.7871298951979406
2022-05-13,0.0,0.0072090512149532715,0.0,0.7285507311026903,0.7928043549252434
2022-05-16,1.0,0.0024740504672897197,0.0024740504672897197,0.7303532023794193,0.7947657929100155
2022-05-17,1.0,-0.00454007678041543,-0.00454007678041543,0.7270373427637944,0.7911574951877562
2022-05-18,0.0,0.011182571642349419,0.0,0.7270373427637944,0.8000046705580751
2022-05-19,1.0,0.006451504318437853,0.006451504318437853,0.7317278273203006,0.805165904144951
2022-05-20,1.0,0.009265227255568139,0.009265227255568139,0.7385074519296464,0.8126259492252891
2022-05-23,1.0,0.015527696149447198,0.015527696149447198,0.7499747712473125,0.8252441580480155
2022-05-24,1.0,-0.04524952566964286,-0.04524952566964286,0.7160387685841727,0.787902251334699
2022-05-25,0.0,0.01959769002998501,0.0,0.7160387685841727,0.8033433154302838
2022-05-26,1.0,0.0017182615558060882,0.0017182615558060882,0.7172691104726976,0.8047236693653014
2022-05-27,0.0,0.0017806450281425891,0.0,0.7172691104726976,0.8061565965661853
2022-05-30,1.0,0.008981495675065813,0.008981495675065813,0.7237112598862664,0.8133970885516703
2022-05-31,1.0,0.010732616371180686,0.010732616371180686,0.7314785752021296,0.8221269674605306
2022-06-01,1.0,0.009751056018168053,0.009751056018168053,0.7386112637650152,0.8301435735742848
2022-06-02,0.0,0.012454336622390892,0.0,0.7386112637650152,0.8404824610844934
2022-06-06,1.0,0.016792390874524714,0.016792390874524714,0.7510143128104839,0.8545961710942067
2022-06-07,0.0,-0.009641173780487806,-0.0,0.7510143128104839,0.846356860896548
2022-06-08,0.0,-0.00579537229601518,-0.0,0.7510143128104839,0.8414519077923658
2022-06-09,0.0,-0.023362548012002996,-0.0,0.7510143128104839,0.8217934471967752
2022-06-10,0.0,0.015617426949280849,0.0,0.7510143128104839,0.8346277463257684
2022-06-13,1.0,0.005313619137670197,0.005313619137670197,0.7550049168356979,0.8390626402914755
2022-06-14,1.0,-0.002265653802497162,-0.002265653802497162,0.7532943370749651,0.8371616148299658
2022-06-15,1.0,-0.00256623912220961,-0.00256623912220961,0.7513612036766243,0.8350132579423769
2022-06-16,0.0,0.01067051593323217,0.0,0.7513612036766243,0.8439232802157111
2022-06-17,0.0,0.0026438361280487804,0.0,0.7513612036766243,0.8461544750732468
2022-06-20,0.0,0.013498275085845097,0.0,0.7513612036766243,0.8575761009429043
2022-06-21,1.0,-0.002806325360668186,-0.002806325360668186,0.7492526396757244,0.8551694633821253
2022-06-22,0.0,-0.012475829618435965,-0.0,0.7492526396757244,0.8445005148620806
2022-06-23,1.0,0.019517873277182234,0.019517873277182234,0.7638764577495094,0.8609833688936737
2022-06-24,1.0,0.010998878357636223,0.010998878357636223,0.7722782419885583,0.8704532202360831
2022-06-27,1.0,0.008427391589506172,0.008427391589506172,0.7787865331498512,0.8777888703833592
2022-06-28,1.0,0.017006491064491064,0.017006491064491064,0.7920309593670102,0.8927169789640436
2022-06-29,1.0,-0.02320949309815951,-0.02320949309815951,0.7736483222820528,0.8719974704021677
2022-06-30,0.0,0.0067019676175790275,0.0,0.7736483222820528,0.8778415692114139
2022-07-01,0.0,-0.0025239507692307694,-0.0,0.7736483222820528,0.87562594030754
2022-07-04,0.0,0.0031762870980240215,0.0,0.7736483222820528,0.878407179684434
2022-07-05,0.0,-0.011250959568733154,-0.0,0.7736483222820528,0.8685242560209195
2022-07-06,0.0,-0.005390851681957187,-0.0,0.7736483222820528,0.8638421705745285
2022-07-07,1.0,0.0053817227150019286,0.0053817227150019286,0.7778118830315013,0.868491129606086
2022-07-08,1.0,0.005965339389253963,0.005965339389253963,0.7824517948947789,0.8736719739507429
2022-07-11,0.0,-0.006053624181748172,-0.0,0.7824517948947789,0.868383092162319
2022-07-12,0.0,-0.019729944550669218,-0.0,0.7824517948947789,0.8512499419052177
2022-07-13,0.0,0.015280827612803702,0.0,0.7824517948947789,0.8642577455228806
2022-07-14,1.0,0.008219126206098031,0.008219126206098031,0.7888828649472069,0.8713611890079309
2022-07-15,0.0,-0.018700625766871166,-0.0,0.7888828649472069,0.8550661895045177
2022-07-18,0.0,0.029003907716169057,0.0,0.7888828649472069,0.8798664503561231
2022-07-19,1.0,0.012456708934841982,0.012456708934841982,0.7987097491795385,0.8908266906297418
2022-07-20,0.0,0.0073063830121903265,0.0,0.7987097491795385,0.8973354116289646
2022-07-21,1.0,-0.002145877551020408,-0.002145877551020408,0.796995815858993,0.8954098397134144
2022-07-22,0.0,-0.0011842292567833268,-0.0,0.796995815858993,0.894349469184414
2022-07-25,0.0,-0.008001906749902457,-0.0,0.796995815858993,0.8871929681301757
2022-07-26,0.0,0.009898251179245284,0.0,0.796995815858993,0.8959746269731884
2022-07-27,1.0,0.011804966101694916,0.011804966101694916,0.8064043244484013,0.9065515770725857
2022-07-28,1.0,0.009711129725427776,0.009711129725427776,0.8142354214542656,0.9153552170403287
2022-07-29,1.0,-0.004236481774960381,-0.004236481774960381,0.8107859279307474,0.9114773313457225
2022-08-01,0.0,0.005154934920634921,0.0,0.8107859279307474,0.9161759376704438
2022-08-02,1.0,-0.04420210347490347,-0.04420210347490347,0.7749474844483569,0.8756790340723181
2022-08-03,0.0,-0.0025382885283893398,-0.0,0.7749474844483569,0.8734563080255813
2022-08-04,0.0,0.017362908773291927,0.0,0.7749474844483569,0.8886220502192858
2022-08-05,1.0,0.009592735834310277,0.009592735834310277,0.7823813509521332,0.8971463668035825
2022-08-08,0.0,0.01605333886255924,0.0,0.7823813509521332,0.9115485614391943
2022-08-09,1.0,0.0038546838989739545,0.0038546838989739545,0.7853971837485059,0.9150622930021067
2022-08-10,1.0,0.006231171949286846,0.006231171949286846,0.7902911286489285,0.9207642034941116
2022-08-11,1.0,0.01191404228161149,0.01191404228161149,0.7997066905704343,0.9317342271459348
2022-08-12,1.0,-0.0056218458781361995,-0.0056218458781361995,0.795210862808333,0.926496160921536
2022-08-15,0.0,0.003931204954055133,0.0,0.795210862808333,0.9301384072192638
2022-08-16,0.0,0.008702910040160642,0.0,0.795210862808333,0.9382333181021912
2022-08-17,1.0,0.0009739859041482079,0.0009739859041482079,0.7959853869795338,0.9391471441288249
2022-08-18,1.0,0.004331545821558338,0.004331545821558338,0.7994332341565265,0.9432151030168046
2022-08-19,1.0,-0.015376929402326513,-0.015376929402326513,0.787140405753028,0.928711350966507
2022-08-22,0.0,0.0031522812374447573,0.0,0.787140405753028,0.9316389103331607
2022-08-23,1.0,0.005312017763423496,0.005312017763423496,0.7913217095706966,0.9365877927739471
2022-08-24,1.0,-0.0313405641025641,-0.0313405641025641,0.7665212408061455,0.9072346030168361
2022-08-25,0.0,-0.008875289866457187,-0.0,0.7665212408061455,0.8991826329381816
2022-08-26,1.0,-0.00698796171875,-0.00698796171875,0.7611648197187834,0.8928991791210447
2022-08-29,0.0,0.01072672366352201,0.0,0.7611648197187834,0.9024770618748618
2022-08-30,1.0,-0.002531625536899649,-0.002531625536899649,0.7592378354233936,0.9001923278985532
2022-08-31,0.0,-0.029569592564200838,-0.0,0.7592378354233936,0.8735740075331735
2022-09-01,0.0,-0.0035705028724626582,-0.0,0.7592378354233936,0.8704549090299676
2022-09-02,0.0,0.01784502816358025,0.0,0.7592378354233936,0.8859882013967341
2022-09-05,0.0,0.0026273753846153846,0.0,0.7592378354233936,0.8883160249881434
2022-09-06,0.0,0.009934499610591901,0.0,0.7592378354233936,0.8971410001924707
2022-09-07,0.0,0.004474005850234009,0.0,0.7592378354233936,0.9011548142758166
2022-09-08,0.0,-0.01197113738390093,-0.0,0.7592378354233936,0.890366966189957
2022-09-09,0.0,-0.004392970997679815,-0.0,0.7592378354233936,0.8864556099301925
2022-09-13,0.0,0.0056191208027788495,0.0,0.7592378354233936,0.8914367110886913
2022-09-14,0.0,-0.006978243274404304,-0.0,0.7592378354233936,0.8852160488549795
2022-09-15,0.0,-0.025241576033371252,-0.0,0.7592378354233936,0.862871800651846
2022-09-16,0.0,-0.022590364315042927,-0.0,0.7592378354233936,0.8433792123179437
2022-09-19,0.0,-0.014207607050092766,-0.0,0.7592378354233936,0.8313968118751136
2022-09-20,0.0,0.018505472720478325,0.0,0.7592378354233936,0.8467822028971611
2022-09-21,0.0,0.006664251499250376,0.0,0.7592378354233936,0.852425372462357
2022-09-22,0.0,-0.004809024308152581,-0.0,0.7592378354233936,0.8483260381252995
2022-09-23,0.0,-0.025281212444771724,-0.0,0.7592378354233936,0.8268793273330223
2022-09-26,0.0,-0.02041570912408759,-0.0,0.7592378354233936,0.80999799950547
2022-09-27,0.0,0.026154532198371577,0.0,0.7592378354233936,0.8311831182641525
2022-09-28,1.0,-0.026322168600435097,-0.026322168600435097,0.7392530491115497,0.809304576087368
2022-09-29,0.0,-0.00783255844155844,-0.0,0.7392530491115497,0.8029656506981431
2022-09-30,0.0,-0.013930713414634146,-0.0,0.7392530491115497,0.7917797663364721
2022-10-10,1.0,-0.01781616490112994,-0.01781616490112994,0.7260823948849152,0.7776732874540434
2022-10-11,0.0,0.006180367730496454,0.0,0.7260823948849152,0.7824795943446934
2022-10-12,0.0,0.029001080964375675,0.0,0.7260823948849152,0.8051723484132557
2022-10-13,1.0,0.01317028312816799,0.01317028312816799,0.7356451055999278,0.8157766962088301
2022-10-14,1.0,0.022492151359294638,0.022492151359294638,0.7521913466618056,0.8341252691353443
2022-10-17,1.0,0.020480135961680176,0.020480135961680176,0.7675963277106388,0.8512082680563093
2022-10-18,1.0,0.003743193870014771,0.003743193870014771,0.7704695895791711,0.8543945056274036
2022-10-19,0.0,-0.007109412435614423,-0.0,0.7704695895791711,0.8483202627041755
2022-10-20,0.0,-0.0019494368789105632,-0.0,0.7704695895791711,0.8466665158989328
2022-10-21,0.0,0.001150107958732498,0.0,0.7704695895791711,0.8476402737972606
2022-10-24,0.0,-0.013632854797519156,-0.0,0.7704695895791711,0.8360845170240532
2022-10-25,0.0,-0.0039681217739004,-0.0,0.7704695895791711,0.832766831847229
2022-10-26,1.0,0.022149053038674035,0.022149053038674035,0.7875347613834456,0.8512118285746618
2022-10-27,0.0,-0.0032457431192660546,-0.0,0.7875347613834456,0.8484490136390277
2022-10-28,0.0,-0.0377440463362069,-0.0,0.7875347613834456,0.8164251147543272
2022-10-31,0.0,0.01604818641618497,0.0,0.7875347613834456,0.8295272571907599
2022-11-01,1.0,0.02462445773874863,0.02462445773874863,0.8069273778329278,0.8499539160785939
2022-11-02,0.0,0.013384136666666666,0.0,0.8069273778329278,0.8613298154517585
2022-11-03,1.0,0.004749153019636902,0.004749153019636902,0.8107595994259906,0.8654204025457144
2022-11-04,0.0,0.013716340441451551,0.0,0.8107595994259906,0.8772908034120095
2022-11-07,1.0,0.008904309336332959,0.008904309336332959,0.8179788536966811,0.8851024721035101
2022-11-08,1.0,0.00011261293941660436,0.00011261293941660436,0.8180709686997766,0.8852021460945787
2022-11-09,0.0,0.001085482732732733,0.0,0.8180709686997766,0.8861630177391423
2022-11-10,0.0,-0.003203719429857464,-0.0,0.8180709686997766,0.8833240000611903
2022-11-11,1.0,0.0013560783358320839,0.0013560783358320839,0.8191803370176036,0.8845218566011939
2022-11-14,0.0,-0.00042699139221556915,-0.0,0.8191803370176036,0.8841441733821986
2022-11-15,0.0,0.01916425727238383,0.0,0.8191803370176036,0.9010881397867742
2022-11-16,1.0,-0.0004618114846996599,-0.0004618114846996599,0.8188020301299287,0.900672006935094
2022-11-17,0.0,0.006055392409867173,0.0,0.8188020301299287,0.9061259293696686
2022-11-18,1.0,-0.007855704262542437,-0.007855704262542437,0.8123697635316586,0.8990076720439191
2022-11-21,0.0,0.0050027535903250184,0.0,0.8123697635316586,0.9035051859029665
2022-11-22,0.0,-0.013379327850467288,-0.0,0.8123697635316586,0.8914168938061733
2022-11-23,0.0,-0.009828438524590163,-0.0,0.8123697635316586,0.8826556576656182
2022-11-24,0.0,0.004855024608501119,0.0,0.8123697635316586,0.8869409726044174
2022-11-25,0.0,-0.01120120332103321,-0.0,0.8123697635316586,0.8770061664365203
2022-11-28,0.0,-0.005258394028750461,-0.0,0.8123697635316586,0.8723945224477532
2022-11-29,1.0,0.01777347805059524,0.01777347805059524,0.8268083996927557,0.8879000073439377
2022-11-30,1.0,-0.0020140836431226765,-0.0020140836431226765,0.825143138418938,0.8861117024624178
2022-12-01,0.0,0.008306108087961239,0.0,0.825143138418938,0.8934718420410779
2022-12-02,0.0,0.010093579281974569,0.0,0.825143138418938,0.9024901709149313
2022-12-05,0.0,0.005347845488721804,0.0,0.825143138418938,0.9073165489040746
2022-12-06,0.0,-0.006840174877773598,-0.0,0.825143138418938,0.9011103450400728
2022-12-07,0.0,0.001497528592927013,0.0,0.825143138418938,0.9024597835471527
2022-12-08,0.0,-0.0032262498127340823,-0.0,0.825143138418938,0.8995482228394837
2022-12-09,0.0,-0.003762966254218223,-0.0,0.825143138418938,0.8961632532328967
2022-12-12,0.0,0.00046178435043055016,0.0,0.825143138418938,0.8965770873986707
2022-12-13,0.0,-0.003085017498138496,-0.0,0.825143138418938,0.8938111313956157
2022-12-14,1.0,-0.003359089895988113,-0.003359089895988113,0.8223714084399311,0.890808739455223
2022-12-15,0.0,0.004950377513030528,0.0,0.8223714084399311,0.8952185790074333
2022-12-16,0.0,-0.014583095009242144,-0.0,0.8223714084399311,0.8821635214157292
2022-12-19,0.0,-0.02314275054704595,-0.0,0.8223714084399311,0.8617478310979013
2022-12-20,0.0,-0.0017035123726346435,-0.0,0.8223714084399311,0.860279833005535
2022-12-21,0.0,-0.009451310257339616,-0.0,0.8223714084399311,0.8521490613956674
2022-12-22,0.0,-0.016491039096126255,-0.0,0.8223714084399311,0.8380962379084641
2022-12-23,0.0,-0.002348276901004304,-0.0,0.8223714084399311,0.836128155872165
2022-12-26,0.0,0.017609478623188405,0.0,0.8223714084399311,0.8508519367592419
2022-12-27,0.0,0.002625151866618339,0.0,0.8223714084399311,0.8530855523092412
2022-12-28,0.0,-0.013570922190201729,-0.0,0.8223714084399311,0.8415083946572672
2022-12-29,0.0,-0.0046864238934868655,-0.0,0.8223714084399311,0.8375647296099756
2022-12-30,1.0,0.007927231297434044,0.007927231297434044,0.8288905368070311,0.8442042989481667
2023-01-03,1.0,0.02624349030369557,0.02624349030369557,0.8506435175725515,0.8663591662819511
2023-01-04,1.0,0.0064858005133846715,0.0064858005133846715,0.856160621735531,0.8719781990073981
2023-01-05,0.0,0.004219872011769033,0.0,0.856160621735531,0.8756578354042622
2023-01-06,0.0,-0.0032740201023391813,-0.0,0.856160621735531,0.8727909140483779
2023-01-09,0.0,0.00628929323583181,0.0,0.856160621735531,0.8782801520403979
2023-01-10,0.0,-0.002348611657559198,-0.0,0.856160621735531,0.876217413036713
2023-01-11,0.0,-0.009991032258064518,-0.0,0.856160621735531,0.8674630965979854
2023-01-12,0.0,0.0006745441016333937,0.0,0.856160621735531,0.8680482387131802
2023-01-13,0.0,0.001981392714025501,0.0,0.856160621735531,0.8697681831687891
2023-01-16,0.0,0.011088283937065496,0.0,0.856160621735531,0.8794124197431902
2023-01-17,0.0,-0.002388484682713348,-0.0,0.856160621735531,0.8773119566488456
2023-01-18,0.0,0.005928394881170019,0.0,0.856160621735531,0.8825130083618318
2023-01-19,0.0,0.005677486228424532,0.0,0.856160621735531,0.8875234638132116
2023-01-20,0.0,0.007809588343784582,0.0,0.856160621735531,0.8944546567110425
2023-01-30,0.0,0.017130475251209528,0.0,0.856160621735531,0.9097770900711601
2023-01-31,1.0,0.006902593878312803,0.006902593878312803,0.862070350801975,0.9160569118437145
2023-02-01,0.0,0.018257302938960062,0.0,0.862070350801975,0.9327816403925735
2023-02-02,1.0,0.0033273284090909096,0.0033273284090909096,0.8649387419708334,0.9358853112441301
2023-02-03,0.0,0.0018393420355656447,0.0,0.8649387419708334,0.9376067244375698
2023-02-06,0.0,0.00030073916321145873,0.0,0.8649387419708334,0.9378886994992985
2023-02-07,0.0,0.008317025728339011,0.0,0.8649387419708334,0.9456891439433526
2023-02-08,1.0,-0.003696459337349398,-0.003696459337349398,0.86174153108184,0.9421934424769932
2023-02-09,0.0,0.012392462092494314,0.0,0.86174153108184,0.953869538996686
2023-02-10,0.0,-0.000566663133989402,-0.0,0.86174153108184,0.9533290162943011
2023-02-13,0.0,0.010716068285280732,0.0,0.86174153108184,0.9635449551312504
2023-02-14,1.0,0.0002523801590306702,0.0002523801590306702,0.8619590175464977,0.9637881347602596
2023-02-15,0.0,0.003667337637675655,0.0,0.8619590175464977,0.9673226712616111
2023-02-16,0.0,-0.025978150710546,-0.0,0.8619590175464977,0.942193417121849
2023-02-17,0.0,-0.0035700712952594247,-0.0,0.8619590175464977,0.9388297194487999
2023-02-20,0.0,0.010424363670411985,0.0,0.8619590175464977,0.948616421868925
2023-02-21,0.0,0.00248017505634861,0.0,0.8619590175464977,0.950969156656487
2023-02-22,0.0,0.003028675665541807,0.0,0.8619590175464977,0.9538493337999332
2023-02-23,0.0,-0.002166970775571375,-0.0,0.8619590175464977,0.9517823701692906
2023-02-24,0.0,-0.001979389387144993,-0.0,0.8619590175464977,0.9498984222469057
2023-02-27,0.0,-0.01052949610967025,-0.0,0.8619590175464977,0.939896470505275
2023-02-28,0.0,0.009514693194496096,0.0,0.8619590175464977,0.9488392970567224
2023-03-01,0.0,0.00925989461883408,0.0,0.8619590175464977,0.9576254489576762
2023-03-02,0.0,-0.004303440134278255,-0.0,0.8619590175464977,0.9535043651670254
2023-03-03,0.0,-0.0017839214953271028,-0.0,0.8619590175464977,0.9518033882341157
2023-03-06,0.0,0.001021437150317046,0.0,0.8619590175464977,0.9527755955746556
2023-03-07,0.0,-0.02225262297496318,-0.0,0.8619590175464977,0.9315738394665868
2023-03-08,0.0,0.011763576709796672,0.0,0.8619590175464977,0.9425324797879919
2023-03-09,1.0,0.005302785212569316,0.005302785212569316,0.8665298010785841,0.947530527084178
2023-03-10,1.0,-0.012964709677419355,-0.012964709677419355,0.8552954937807683,0.9352460688900395
2023-03-13,0.0,-0.0007236738732136313,-0.0,0.8552954937807683,0.9345692557449581
2023-03-14,0.0,-0.013735802109858131,-0.0,0.8552954937807683,0.9217321973900879
2023-03-15,0.0,0.009507796709323585,0.0,0.8552954937807683,0.930495839743311
2023-03-16,1.0,-0.01619642686025408,-0.01619642686025408,0.8414427628718432,0.9154251319311377
2023-03-17,0.0,0.006804485443959244,0.0,0.8414427628718432,0.9216541289163976
2023-03-20,1.0,-0.0034960213845596226,-0.0034960213845596226,0.8385010609789603,0.9184320063725382
2023-03-21,0.0,0.017407724415204676,0.0,0.8385010609789603,0.9344198176335748
2023-03-22,1.0,0.007414434432234432,0.007414434432234432,0.8447180721169478,0.9413480121035994
2023-03-23,0.0,-0.0022727249451353327,-0.0,0.8447180721169478,0.939208586994438
2023-03-24,0.0,0.002143274027879677,0.0,0.8447180721169478,0.9412215683657048
2023-03-27,0.0,-0.0012448555147058823,-0.0,0.8447180721169478,0.9400498835057647
2023-03-28,0.0,-0.010287493430656934,-0.0,0.8447180721169478,0.9303791265047093
2023-03-29,0.0,-0.005128280189711783,-0.0,0.8447180721169478,0.9256078816613339
2023-03-30,0.0,-0.006493517629952744,-0.0,0.8447180721169478,0.9195974305633428
2023-03-31,0.0,0.00923635076810534,0.0,0.8447180721169478,0.9280911549974741
2023-04-03,0.0,0.007917477876106195,0.0,0.8447180721169478,0.9354392961841764
2023-04-04,0.0,-0.013738348990825688,-0.0,0.8447180721169478,0.9225879046734659
2023-04-06,0.0,-0.0019485646283412675,-0.0,0.8447180721169478,0.9207901825158836
2023-04-07,0.0,0.010697928518791453,0.0,0.8447180721169478,0.9306407300692434
2023-04-10,0.0,-0.01424490336749634,-0.0,0.8447180721169478,0.9173838427995509
2023-04-11,0.0,0.0008416638624725676,0.0,0.8447180721169478,0.9181559716280515
2023-04-12,0.0,0.011249772560528247,0.0,0.8447180721169478,0.928485017483958
2023-04-13,1.0,-0.004525646757053865,-0.004525646757053865,0.840895176513247,0.9242830222756085
2023-04-14,0.0,0.0036679163609684524,0.0,0.840895176513247,0.9276732150951786
2023-04-17,0.0,-0.0013150205203371198,-0.0,0.840895176513247,0.9264533057811614
2023-04-18,0.0,-0.007709688913202041,-0.0,0.840895176513247,0.919310639000981
2023-04-19,0.0,-0.0029550437158469946,-0.0,0.840895176513247,0.9165940358742899
2023-04-20,0.0,-0.007040052784856206,-0.0,0.840895176513247,0.9101411654794506
2023-04-21,0.0,-0.028356446716899894,-0.0,0.840895176513247,0.8843327960156754
2023-04-24,0.0,-0.0031448227484750634,-0.0,0.840895176513247,0.8815517261215428
2023-04-25,0.0,-0.02577340113194199,-0.0,0.840895176513247,0.8588311398656563
2023-04-26,0.0,0.01167760925266904,0.0,0.840895176513247,0.8688602343310319
2023-04-27,0.0,-0.0008802909090909089,-0.0,0.840895176513247,0.8680953845654796
2023-04-28,0.0,0.02194519457504521,0.0,0.840895176513247,0.8871459066894678
2023-05-04,0.0,0.005197457069784434,0.0,0.840895176513247,0.8917568094541213
2023-05-05,1.0,-0.005931002535313292,-0.005931002535313292,0.8359078250894142,0.886467797556366
2023-05-08,0.0,0.005376227470930233,0.0,0.8359078250894142,0.8912336500816834
2023-05-09,1.0,-0.01778487055016181,-0.01778487055016181,0.8210413126283317,0.8753831749850325
2023-05-10,0.0,0.006506778097982708,0.0,0.8210413126283317,0.8810790990553676
2023-05-11,0.0,0.009753334536268497,0.0,0.8210413126283317,0.8896725582613687
2023-05-12,0.0,-0.007405810616929698,-0.0,0.8210413126283317,0.8830838117838057
2023-05-15,0.0,0.008952135281385281,0.0,0.8210413126283317,0.8909892975316956
2023-05-16,0.0,-0.004868624014336918,-0.0,0.8210413126283317,0.8866514056412156
2023-05-17,0.0,0.014371271155923659,0.0,0.8210413126283317,0.8993937134124663
2023-05-18,1.0,0.006506700975081257,0.006506700975081257,0.8263835829377925,0.9052457993645091
2023-05-19,0.0,0.0024737866425992776,0.0,0.8263835829377925,0.9074851843312461
2023-05-22,0.0,0.006081352983725136,0.0,0.8263835829377925,0.9130039220646653
2023-05-23,1.0,-0.0068901340501792115,-0.0068901340501792115,0.8206896892744836,0.9067132026533004
2023-05-24,0.0,0.002766376344086021,0.0,0.8206896892744836,0.9092215126079909
2023-05-25,1.0,-7.2169064748200785e-06,-7.2169064748200785e-06,0.8206837664337512,0.9092149508413695
2023-05-26,1.0,0.003593153624233682,0.003593153624233682,0.8236326092834624,0.9124818998371926
2023-05-29,1.0,-0.005919353702372394,-0.005919353702372394,0.8187572365483057,0.9070805967250436
2023-05-30,1.0,0.004056373463485178,0.004056373463485178,0.8220784216756766,0.9107600543868413
2023-05-31,1.0,-0.003112730215827338,-0.003112730215827338,0.819519513332747,0.9079251040461828
2023-06-01,0.0,0.0031835571995669433,0.0,0.819519513332747,0.9108155355478365
2023-06-02,1.0,0.006863669807901413,0.006863669807901413,0.825144424673395,0.9170670726397437
2023-06-05,0.0,0.005022999638074557,0.0,0.825144424673395,0.9216735002137033
2023-06-06,0.0,-0.02063593146752781,-0.0,0.825144424673395,0.9026539090278568
2023-06-07,0.0,0.005303023689877962,0.0,0.825144424673395,0.9074407040911924
2023-06-08,1.0,-0.006740338807568726,-0.006740338807568726,0.8195826716859199,0.901324246297839
2023-06-09,0.0,0.0032258698140200286,0.0,0.8195826716859199,0.9042318009766155
2023-06-12,1.0,0.0085689745428469,0.0085689745428469,0.8266056547353551,0.9119801402600168
2023-06-13,1.0,0.0036938736993182637,0.0036938736993182637,0.8296590316230897,0.9153488797144238
2023-06-14,0.0,-0.00048385930190716084,-0.0,0.8296590316230897,0.9149059796444836
2023-06-15,0.0,0.0009483728386167145,0.0,0.8296590316230897,0.9157736516254665
2023-06-16,0.0,0.005322519551049964,0.0,0.8296590316230897,0.9206478747905795
2023-06-19,0.0,-0.0006144637837837831,-0.0,0.8296590316230897,0.9200821700139031
2023-06-20,1.0,-0.005404105603448276,-0.005404105603448276,0.8251754666013439,0.9151099488032981
2023-06-21,0.0,-0.011325942938659057,-0.0,0.8251754666013439,0.9047454657405527
2023-06-26,0.0,-0.018060256942003514,-0.0,0.8251754666013439,0.8884055301621657
2023-06-27,0.0,0.020651205474582292,0.0,0.8251754666013439,0.9067521753102997
2023-06-28,1.0,-0.0021941967445152162,-0.0021941967445152162,0.8233648692788733,0.9047625826391518
2023-06-29,0.0,0.013847137157107234,0.0,0.8233648692788733,0.9172909542155746
2023-06-30,1.0,0.011858628806879254,0.011858628806879254,0.833128847636276,0.9281687671495251
2023-07-03,0.0,0.0016414767399927878,0.0,0.833128847636276,0.9296923345915888
2023-07-04,0.0,0.009437951950867052,0.0,0.833128847636276,0.9384667261745537
2023-07-05,0.0,-0.005603252161383284,-0.0,0.833128847636276,0.9332082604627299
2023-07-06,0.0,0.0005699852145690589,0.0,0.833128847636276,0.9337401753733073
2023-07-07,1.0,-0.005064304987441693,-0.005064304987441693,0.8289096290580101,0.9290114303461896
2023-07-10,0.0,-0.0008042114695340503,-0.0,0.8289096290580101,0.928264308698577
2023-07-11,1.0,0.008403641570605188,0.008403641570605188,0.835875488475037,0.9360651092316655
2023-07-12,0.0,-0.01192901968503937,-0.0,0.835875488475037,0.9248987701171625
2023-07-13,1.0,0.009773128869690425,0.009773128869690425,0.8440446073429191,0.9339379249889358
2023-07-14,1.0,0.0012469715315315316,0.0012469715315315316,0.8450971069396184,0.9351025189936146
2023-07-17,1.0,-0.0017483819095477386,-0.0017483819095477386,0.843619554446034,0.9334676026658337
2023-07-18,0.0,0.0004981685796269728,0.0,0.843619554446034,0.9339326268955817
2023-07-19,0.0,-0.0020224358240972474,-0.0,0.843619554446034,0.9320438080936548
2023-07-20,0.0,-0.011409599145603418,-0.0,0.843619554446034,0.9214095618571645
2023-07-21,1.0,-0.005426411471321696,-0.005426411471321696,0.8390417276183567,0.9164096144409173
2023-07-24,1.0,0.0005930898437500001,0.0005930898437500001,0.8395393547454897,0.9169531276759572
2023-07-25,0.0,0.01518372792534099,0.0,0.8395393547454897,0.9308758944868795
2023-07-26,1.0,-0.004017781895937277,-0.004017781895937277,0.8361662687250664,0.9271358381706457
2023-07-27,1.0,-0.0074611848173111025,-0.0074611848173111025,0.8299274776561073,0.920218306331302
2023-07-28,0.0,0.0039509657631954355,0.0,0.8299274776561073,0.9238540573542827
2023-07-31,1.0,0.006712370863309353,0.006712370863309353,0.8354982586757861,0.9300553084108178
2023-08-01,1.0,-0.004561577586206895,-0.004561577586206895,0.8316870685456957,0.9258127889620383
2023-08-02,0.0,-0.00038979002153625275,-0.0,0.8316870685456957,0.9254519163750903
2023-08-03,0.0,-0.003247387270765912,-0.0,0.8316870685456957,0.9224466156021479
2023-08-04,0.0,-0.000709662949640288,-0.0,0.8316870685456957,0.921791989416034
2023-08-07,0.0,-0.005572811874105865,-0.0,0.8316870685456957,0.9166550160719606
2023-08-08,1.0,-0.0004930787598004275,-0.0004930787598004275,0.8312769813173951,0.916203032953471
2023-08-09,0.0,-0.007866993269571378,-0.0,0.8312769813173951,0.9089952698596652
2023-08-10,0.0,0.0034814079320113316,0.0,0.8312769813173951,0.9121598532023154
2023-08-11,1.0,-0.014029635092624957,-0.014029635092624957,0.8196144686086132,0.8993625833157445
2023-08-14,0.0,0.004679569682151589,0.0,0.8196144686086132,0.9035712131938903
2023-08-15,0.0,-0.0058988451635351435,-0.0,0.8196144686086132,0.898241186513032
2023-08-16,0.0,-0.009807777238029145,-0.0,0.8196144686086132,0.8894314370496892
2023-08-17,0.0,0.015364186582809225,0.0,0.8196144686086132,0.9030968276011366
2023-08-18,1.0,-0.010856921025285763,-0.010856921025285763,0.8107159790517479,0.8932919766656849
2023-08-21,1.0,-0.003975744482758621,-0.003975744482758621,0.8074927794709487,0.8897404760179638
2023-08-22,1.0,-6.156176673567976e-05,-6.156176673567976e-05,0.8074430687888181,0.8896857020223239
2023-08-23,1.0,-0.015489771965811965,-0.015489771965811965,0.7949359597779039,0.8759046733767548
2023-08-24,1.0,-0.003163773210003426,-0.003163773210003426,0.7924209626846902,0.8731335096366086
2023-08-25,1.0,-0.021624638709677416,-0.021624638709677416,0.775285145660659,0.8542523129454043
2023-08-28,0.0,0.008100705320600273,0.0,0.775285145660659,0.8611723592020163
2023-08-29,0.0,0.04124712166377817,0.0,0.775285145660659,0.8966932402755048
2023-08-30,1.0,0.00969409046624913,0.00969409046624913,0.7828008299998325,0.9053858656672095
2023-08-31,0.0,-0.0033906643526553284,-0.0,0.7828008299998325,0.9023160060870936
2023-09-01,1.0,0.0002555189301840916,0.0002555189301840916,0.7830008504304612,0.902546564907657
2023-09-04,0.0,0.015034897140864714,0.0,0.7830008504304612,0.9161162596758843
2023-09-05,1.0,-0.004916217164697707,-0.004916217164697707,0.779151448209602,0.911612433195207
2023-09-06,0.0,0.006291107541899441,0.0,0.779151448209602,0.9173474850489707
2023-09-07,1.0,-0.01726301896551724,-0.01726301896551724,0.7657009419821494,0.9015112980166008
2023-09-08,0.0,0.002380467886740332,0.0,0.7657009419821494,0.9036573167110629
2023-09-11,1.0,0.007024027787426189,0.007024027787426189,0.7710792466754905,0.9100046308139524
2023-09-12,0.0,-0.0014560880415944541,-0.0,0.7710792466754905,0.9086795839532287
2023-09-13,0.0,-0.011713483837689134,-0.0,0.7710792466754905,0.8980357803329545
2023-09-14,0.0,-0.010229867969821673,-0.0,0.7710792466754905,0.8888489928679726
2023-09-15,0.0,0.0010427220512820511,0.0,0.7710792466754905,0.8897758153130959
2023-09-18,1.0,0.009965023989033584,0.009965023989033584,0.7787630698660578,0.8986424526575529
2023-09-19,1.0,-0.012589390800681433,-0.012589390800681433,0.7689589172383756,0.8873290916309642
2023-09-20,0.0,-0.007694452510176391,-0.0,0.7689589172383756,0.8805015800745117
2023-09-21,0.0,-0.00671529517055049,-0.0,0.7689589172383756,0.8745887520661753
2023-09-22,0.0,0.019992522510231925,0.0,0.7689589172383756,0.892073987379054
2023-09-25,1.0,-0.00355242692046227,-0.00355242692046227,0.7662272468800485,0.8889049597312445
2023-09-26,1.0,-0.004126359470468432,-0.004126359470468432,0.7630655178233541,0.885237018332311
2023-09-27,1.0,0.0031375225102319233,0.0031375225102319233,0.7654596530623067,0.8880144694042192
2023-09-28,1.0,0.011973197052775872,0.011973197052775872,0.7746246523243712,0.8986468416321122
2023-10-09,1.0,-0.0059001276450511946,-0.0059001276450511946,0.770054267998654,0.8933447105586606
2023-10-10,1.0,-0.0023283127994524304,-0.0023283127994524304,0.7682613407901997,0.8912647246347437
2023-10-11,1.0,0.0024939426510989012,0.0024939426510989012,0.7701773405151867,0.8934874877449301
2023-10-12,0.0,0.0032825746809244574,0.0,0.7701773405151867,0.8964204271499244
2023-10-13,0.0,-0.00814182011671816,-0.0,0.7701773405151867,0.8891219332831181
2023-10-16,1.0,-0.005784970969945355,-0.005784970969945355,0.7657218869585967,0.8839783887103335
2023-10-17,1.0,-0.0026104785568413892,-0.0026104785568413892,0.7637229863921872,0.881670782081894
2023-10-18,0.0,-0.018999413665432514,-0.0,0.7637229863921872,0.8649195541763947
2023-10-19,1.0,-0.006885717398592022,-0.006885717398592022,0.7584642057370818,0.8589639625538198
2023-10-20,1.0,-0.009448371504660453,-0.009448371504660453,0.7512979541482906,0.850848151926496
2023-10-23,1.0,-0.025490895356442115,-0.025490895356442115,0.7321466966175875,0.8291592707215155
2023-10-24,1.0,0.03009045858184228,0.03009045858184228,0.7541773264679916,0.8541090534149118
2023-10-25,1.0,0.015738532128514057,0.015738532128514057,0.7660469705512049,0.8675514761933371
2023-10-26,1.0,0.0015936569416498997,0.0015936569416498997,0.7672677866234536,0.8689340556256112
2023-10-27,1.0,0.014332399729455526,0.014332399729455526,0.7782645752408756,0.8813879658493744
2023-10-30,1.0,0.012749761351997268,0.012749761351997268,0.7881872628439103,0.8926254520724763
2023-10-31,1.0,-0.004109482921880284,-0.004109482921880284,0.7849482207480096,0.8889572230215488
2023-11-01,0.0,0.0039034365241004754,0.0,0.7849482207480096,0.8924272111142539
2023-11-02,1.0,-0.010059665204184949,-0.010059665204184949,0.777051904444664,0.8834496921513401
2023-11-03,1.0,0.013636223053383204,0.013636223053383204,0.7876479575377278,0.8954966092099585
2023-11-06,1.0,0.020363434722700656,0.020363434722700656,0.8036871753055158,0.9137319959560053
2023-11-07,1.0,0.006984412435233161,0.006984412435233161,0.8093004580067571,0.9201138770710309
2023-11-08,1.0,0.003920714137214137,0.003920714137214137,0.8124734937537181,0.9237213805567102
2023-11-09,1.0,-0.006318055305910818,-0.006318055305910818,0.8073402412855956,0.9178852577871006
2023-11-10,0.0,-0.0009693812478455704,-0.0,0.8073402412855956,0.9169954770305279
2023-11-13,1.0,0.012260019464720193,0.012260019464720193,0.8172382483584089,0.9282378594279825
2023-11-14,1.0,0.005563596926301083,0.005563596926301083,0.8217850325650313,0.9334022007295724
2023-11-15,1.0,0.00709825658125658,0.00709825658125658,0.8276182735808142,0.9400277290438603
2023-11-16,1.0,-0.00709646710755308,-0.00709646710755308,0.8217451077247381,0.9333568531845128
2023-11-17,0.0,0.009182293291183703,0.0,0.8217451077247381,0.9419272095557893
2023-11-20,1.0,0.014215672328379336,0.014215672328379336,0.8334267669136017,0.9553173381240191
2023-11-21,1.0,-0.0009349303062302001,-0.0009349303062302001,0.8326475709711908,0.9544241829925398
2023-11-22,1.0,0.0006799999999999995,0.0006799999999999995,0.8332137713194512,0.9550731914369748
2023-11-23,1.0,0.007936756585879872,0.007936756585879872,0.8398267862064167,0.9626533748791095
2023-11-24,0.0,-0.003173533171240014,-0.0,0.8398267862064167,0.9595983624615245
2023-11-27,1.0,0.014061743295019158,0.014061743295019158,0.8516362148863323,0.9730919883007793
2023-11-28,0.0,0.006168262845159035,0.0,0.8516362148863323,0.979094275457137
2023-11-29,1.0,-0.012376358733472512,-0.012376358733472512,0.8410960595804824,0.9669766534701901
2023-11-30,0.0,-0.007740001387925052,-0.0,0.8410960595804824,0.9594922528302398
2023-12-01,0.0,0.0013771880013951866,0.0,0.8410960595804824,0.9608136540482691
2023-12-04,1.0,0.0012550314465408806,0.0012550314465408806,0.8421516615848176,0.9620195053983656
2023-12-05,1.0,-0.0077245451412818735,-0.0077245451412818735,0.8356464230591002,0.9545883423021222
2023-12-06,1.0,0.005254206992038768,0.005254206992038768,0.8400370823380094,0.9596039470447646
2023-12-07,0.0,-0.0011150006903693477,-0.0,0.8400370823380094,0.9585339879813286
2023-12-08,1.0,-0.012267958090003434,-0.012267958090003434,0.829731542617838,0.9467747331889298
2023-12-11,0.0,0.007525619542619544,0.0,0.829731542617838,0.9538997996234749
2023-12-12,0.0,0.007617670846394985,0.0,0.829731542617838,0.9611662943174488
2023-12-13,1.0,0.0003276804159445403,0.0003276804159445403,0.8300034293948453,0.9614812496885625
2023-12-14,1.0,8.785048342541463e-05,8.785048342541463e-05,0.8300763455973623,0.9615657162811522
2023-12-15,1.0,-0.0017557470709855271,-0.0017557470709855271,0.8286189414848854,0.9598774500912314
2023-12-18,1.0,-0.009581713603818615,-0.009581713603818615,0.8206793521008778,0.9506801792696935
2023-12-19,0.0,0.0030797592908285033,0.0,0.8206793521008778,0.9536080453844058
2023-12-20,0.0,-0.003319370956873316,-0.0,0.8206793521008778,0.9504426665343161
2023-12-21,1.0,-0.002443456765005088,-0.002443456765005088,0.8186740575860869,0.9481203009710233
2023-12-22,1.0,-0.014447629828686597,-0.014447629828686597,0.8068461578517342,0.934422209829531
2023-12-25,0.0,-0.0013922189071404632,-0.0,0.8068461578517342,0.9331212895617543
2023-12-26,1.0,-0.011815749006622515,-0.011815749006622515,0.7973126661636004,0.9220957626115567
2023-12-27,1.0,0.007411997996661102,0.007411997996661102,0.8032223460479175,0.9289303345567632
2023-12-28,0.0,0.019601750084545143,0.0,0.8032223460479175,0.9471389948206977
2023-12-29,1.0,0.019206467858370574,0.019206467858370574,0.8186494102204118,0.9653301894821309
2024-01-02,1.0,0.009203160425970457,0.009203160425970457,0.8261835720752962,0.9742142780799673
2024-01-03,1.0,-0.005105813913639479,-0.005105813913639479,0.8219652324977738,0.9692401212640803
2024-01-04,0.0,-0.001095951127819549,-0.0,0.8219652324977738,0.968177881460053
2024-01-05,0.0,-0.020830145405587346,-0.0,0.8219652324977738,0.9480105954107666
2024-01-08,0.0,-0.0208167307436919,-0.0,0.8219652324977738,0.9282761141039336
2024-01-09,1.0,0.004269382157123835,0.004269382157123835,0.8254745161951759,0.9322392795823732
2024-01-10,0.0,-0.009365161408170043,-0.0,0.8254745161951759,0.9235087082580481
2024-01-11,1.0,0.0172416119503189,0.0172416119503189,0.8397070274782903,0.9394314870385736
2024-01-12,1.0,-0.016249198132088055,-0.016249198132088055,0.8260624616158889,0.9241664786741617
2024-01-15,0.0,-0.00569883527454243,-0.0,0.8260624616158889,0.9188998061459437
2024-01-16,1.0,0.0007330096249585139,0.0007330096249585139,0.8266679733510702,0.9195733685482211
2024-01-17,1.0,-0.02457286977806789,-0.02457286977806789,0.806354368892215,0.8969768119115065
2024-01-18,1.0,-0.007140031148604801,-0.007140031148604801,0.800596973581511,0.8905723695348821
2024-01-19,1.0,-0.01138489510939511,-0.01138489510939511,0.7914822610123864,0.8804332965204019
2024-01-22,1.0,-0.062454549922239505,-0.062454549922239505,0.7420505926294213,0.8254462312496665
2024-01-23,0.0,-0.0035064354738154626,-0.0,0.7420505926294213,0.8225518573026854
2024-01-24,1.0,0.013763574709027995,0.013763574709027995,0.7522638613989547,0.8338731112427206
2024-01-25,1.0,0.03561876417525773,0.03561876417525773,0.7790585704756928,0.8635746409441635
2024-01-26,1.0,-0.003648145846748229,-0.003648145846748229,0.7762164511874383,0.860424194704446
2024-01-29,1.0,-0.040110545110410095,-0.040110545110410095,0.7450819862066421,0.825912111228665
2024-01-30,0.0,-0.033660988864831425,-0.0,0.7450819862066421,0.7981110928492676
2024-01-31,0.0,-0.05165493622141998,-0.0,0.7450819862066421,0.7568847152505309
2024-02-01,0.0,-0.02088312944693573,-0.0,0.7450819862066421,0.741078593765547
2024-02-02,0.0,-0.05066357352509539,-0.0,0.7450819862066421,0.7035329039424318
2024-02-05,0.0,-0.09986890437003405,-0.0,0.7450819862066421,0.6332718436374327
2024-02-06,0.0,0.01358558520437536,0.0,0.7450819862066421,0.641875212226701
2024-02-07,1.0,-0.04044346535227602,-0.04044346535227602,0.7149482887128887,0.6159155543205256
2024-02-08,1.0,0.08618905467582909,0.08618905467582909,0.7765690058591543,0.6690007337075509
2024-02-19,1.0,0.04565346700813499,0.04565346700813499,0.8120220733476854,0.6995429366322866
2024-02-20,1.0,0.01797975241545894,0.01797975241545894,0.8266220291823645,0.7121205454369183
2024-02-21,1.0,0.021648606806441813,0.021648606806441813,0.8445172444696766,0.7275369631238711
2024-02-22,0.0,0.027285976080956762,0.0,0.8445172444696766,0.7473885192976809
2024-02-23,0.0,0.03325345347027699,0.0,0.8445172444696766,0.7722417686483656
2024-02-26,1.0,0.021371578305720534,0.021371578305720534,0.8625659108903916,0.7887457940779822
2024-02-27,1.0,0.03299166898514069,0.03299166898514069,0.8910233999003537,0.8147678342296248
2024-02-28,1.0,-0.07490629956896551,-0.07490629956896551,0.8242801341844597,0.7537365907596633
2024-02-29,0.0,0.04079625555903539,0.0,0.8242801341844597,0.7844862213404905
2024-03-01,1.0,0.012698748346456692,0.012698748346456692,0.8347474601754516,0.7944482144465561
2024-03-04,0.0,-0.0008185976032797226,-0.0,0.8347474601754516,0.7937978810422803
2024-03-05,0.0,-0.021845004372267333,-0.0,0.8347474601754516,0.7764573628602152
2024-03-06,0.0,0.015398661330822348,0.0,0.8347474601754516,0.7884137668287231
2024-03-07,0.0,-0.007393786450202935,-0.0,0.8347474601754516,0.7825844038023915
2024-03-08,0.0,0.008993081191222569,0.0,0.8347474601754516,0.789622248884771
2024-03-11,0.0,0.02057173282684394,0.0,0.8347474601754516,0.8058661468229602
2024-03-12,0.0,0.016348800766283526,0.0,0.8347474601754516,0.8190410919016614
2024-03-13,0.0,0.0006945828279604212,0.0,0.8347474601754516,0.8196099837794901
2024-03-14,0.0,-0.005994448122215151,-0.0,0.8347474601754516,0.8146968742512743
2024-03-15,0.0,0.019271127400768247,0.0,0.8347474601754516,0.8303970015079782
2024-03-18,1.0,0.022801891918208375,0.022801891918208375,0.8537812815413713,0.8493316241855675
2024-03-19,1.0,-0.0005216595607235141,-0.0005216595607235141,0.8533358983730885,0.8488885622235863
2024-03-20,0.0,0.013886556386090347,0.0,0.8533358983730885,0.8606767011084113
2024-03-21,1.0,0.0009673963553530747,0.0009673963553530747,0.8541614124110667,0.861509316612201
2024-03-22,1.0,-0.016217441612903224,-0.016217441612903224,0.8403090995772953,0.8475378395710705
2024-03-25,0.0,-0.029086701459390865,-0.0,0.8403090995772953,0.8228857594559297
2024-03-26,0.0,0.0001516203174603171,0.0,0.8403090995772953,0.823010525656012
2024-03-27,0.0,-0.03273777660564691,-0.0,0.8403090995772953,0.7960669909229894
2024-03-28,0.0,0.025623596353348002,0.0,0.8403090995772953,0.8164650901686245
2024-03-29,0.0,0.01254123445431472,0.0,0.8403090995772953,0.8267045702881924
2024-04-01,0.0,0.02245595744680851,0.0,0.8403090995772953,0.8452690129396663
2024-04-02,0.0,-0.0011191579115951314,-0.0,0.8403090995772953,0.8443230234364086
2024-04-03,0.0,-0.010869417091836735,-0.0,0.8403090995772953,0.8351457243344377
2024-04-08,0.0,-0.03082446309148265,-0.0,0.8403090995772953,0.8094028057786813
2024-04-09,0.0,0.01698196729120356,0.0,0.8403090995772953,0.8231480577518232
2024-04-10,0.0,-0.020233908118313403,-0.0,0.8403090995772953,0.8064925555835047
2024-04-11,0.0,-0.00012720163573450743,-0.0,0.8403090995772953,0.8063899684112268
2024-04-12,0.0,-0.00835767592014972,-0.0,0.8403090995772953,0.799650422389986
2024-04-15,0.0,-0.05245181361128143,-0.0,0.8403090995772953,0.7577073074806039
2024-04-16,0.0,-0.08062231919976112,-0.0,0.8403090995772953,0.6966191870769111
2024-04-17,0.0,0.07422587415799142,0.0,0.8403090995772953,0.7483263551929242
2024-04-18,1.0,-0.002526256127450981,-0.002526256127450981,0.8381862635655354,0.7464358911527851
2024-04-19,0.0,-0.007193437633424825,-0.0,0.8381862635655354,0.7410664511224276
2024-04-22,0.0,-0.007873778116427917,-0.0,0.8381862635655354,0.735231458316761
2024-04-23,0.0,0.014905145788667687,0.0,0.8381862635655354,0.7461901903913871
2024-04-24,0.0,0.022237485194324492,0.0,0.8381862635655354,0.7627835837023658
2024-04-25,0.0,0.005293450695517774,0.0,0.8381862635655354,0.7668213409940446
2024-04-26,0.0,0.012117328222778475,0.0,0.8381862635655354,0.7761131668711005
2024-04-29,0.0,0.030941968142720613,0.0,0.8381862635655354,0.8001276357555721
2024-04-30,0.0,-0.005395432086928732,-0.0,0.8381862635655354,0.795810601435978
2024-05-06,0.0,0.024218969275549805,0.0,0.8381862635655354,0.8150843139413129
2024-05-07,0.0,0.009240315327041978,0.0,0.8381862635655354,0.8226159500202562
2024-05-08,0.0,-0.012283398261429492,-0.0,0.8381862635655354,0.8125114306899532
2024-05-09,0.0,0.012846287706779112,0.0,0.8381862635655354,0.8229491862936432
2024-05-10,0.0,-0.013707657759175788,-0.0,0.8381862635655354,0.8116684804947377
2024-05-13,0.0,-0.02220397985933504,-0.0,0.8381862635655354,0.7936462099013755
2024-05-14,0.0,0.01015624059183017,0.0,0.8381862635655354,0.8017066717539278
2024-05-15,0.0,-0.00703107460774896,-0.0,0.8381862635655354,0.7960698123312958
2024-05-16,0.0,0.0073954419127086005,0.0,0.8381862635655354,0.8019571003868529
2024-05-17,0.0,0.013890512779035911,0.0,0.8381862635655354,0.813096695738015
2024-05-20,1.0,0.0015595840909090907,0.0015595840909090907,0.8394934855274107,0.8143647884090588
2024-05-21,0.0,-0.011528166127989658,-0.0,0.8394934855274107,0.804976655839494
2024-05-22,0.0,0.00807911654257041,0.0,0.8394934855274107,0.8114801560560698
2024-05-23,0.0,-0.01721960447284345,-0.0,0.8394934855274107,0.797506788731223
2024-05-24,0.0,-0.011399935800126501,-0.0,0.8394934855274107,0.788415262539522
2024-05-27,0.0,0.0042250381800827234,0.0,0.8394934855274107,0.7917463471255115
2024-05-28,0.0,-0.009980918037974683,-0.0,0.8394934855274107,0.783843991727986
2024-05-29,0.0,0.0031090778688524588,0.0,0.8394934855274107,0.7862810237353005
2024-05-30,0.0,-0.008276308758664147,-0.0,0.8394934855274107,0.7797735192117886
2024-05-31,0.0,0.009655253872905471,0.0,0.8394934855274107,0.7873024305031474
2024-06-03,0.0,-0.023087963659147875,-0.0,0.8394934855274107,0.769125220598932
2024-06-04,0.0,-0.015558081843838192,-0.0,0.8394934855274107,0.7571591074686936
2024-06-05,0.0,-0.02374896737103791,-0.0,0.8394934855274107,0.7391773605307355
2024-06-06,0.0,-0.046788535387431364,-0.0,0.8394934855274107,0.7045923344399551
2024-06-07,0.0,0.02638259552969994,0.0,0.8394934855274107,0.7231813090128114
2024-06-11,0.0,0.00782228531941032,0.0,0.8394934855274107,0.7288382395495743
2024-06-12,0.0,0.017298315676008626,0.0,0.8394934855274107,0.7414459134940493
2024-06-13,1.0,-0.00130481907390371,-0.00130481907390371,0.8383980984150766,0.7404784607238544
2024-06-14,0.0,-2.4232137381171304e-05,-0.0,0.8383980984150766,0.7404605173480664
2024-06-17,0.0,-0.00733285827976737,-0.0,0.8383980984150766,0.7350308253125898
2024-06-18,0.0,0.016139810328927143,0.0,0.8383980984150766,0.7468940834190498
2024-06-19,0.0,-0.001193453848512726,-0.0,0.8383980984150766,0.746002699800762
2024-06-20,0.0,-0.019532915475828517,-0.0,0.8383980984150766,0.7314310921208138
2024-06-21,0.0,-0.001297300455235205,-0.0,0.8383980984150766,0.7304822062320323
2024-06-24,0.0,-0.041799063060370595,-0.0,0.8383980984150766,0.699948734429261
2024-06-25,0.0,0.004142915644630572,0.0,0.8383980984150766,0.7028485629915674
2024-06-26,0.0,0.0320355800120773,0.0,0.8383980984150766,0.7253647243676573
2024-06-27,0.0,-0.01788012840466926,-0.0,0.8383980984150766,0.7123951099557461
2024-06-28,0.0,0.004594080432172869,0.0,0.8383980984150766,0.7156679103903695
2024-07-01,0.0,0.006323300241400121,0.0,0.8383980984150766,0.7201932934609032
2024-07-02,0.0,0.0036913681831877076,0.0,0.8383980984150766,0.7228517920701298
2024-07-03,0.0,-0.011066257425742574,-0.0,0.8383980984150766,0.7148525280584225
2024-07-04,0.0,-0.03005226336104513,-0.0,0.8383980984150766,0.6933695916209018
2024-07-05,0.0,0.011670789630512515,0.0,0.8383980984150766,0.7014617622609038
2024-07-08,0.0,-0.030088412979351033,-0.0,0.8383980984150766,0.6803558910687744
2024-07-09,0.0,0.01811819583952452,0.0,0.8383980984150766,0.6926827123437326
2024-07-10,0.0,-0.00818990750074118,-0.0,0.8383980984150766,0.6870097050022749
2024-07-11,0.0,0.03461739693969397,0.0,0.8383980984150766,0.7107921926617606
2024-07-12,0.0,-0.003040425742574257,-0.0,0.8383980984150766,0.7086310817815711
2024-07-15,0.0,-0.017892648777579012,-0.0,0.8383980984150766,0.6959517947223776
2024-07-16,0.0,0.00407578447761194,0.0,0.8383980984150766,0.6987883442444732
2024-07-17,0.0,-0.0056557268945022264,-0.0,0.8383980984150766,0.694836188212365
2024-07-18,0.0,-0.006069233580980683,-0.0,0.8383980984150766,0.6906190650855859
2024-07-19,0.0,0.00749524217118998,0.0,0.8383980984150766,0.6957954222264432
2024-07-22,0.0,0.006345722388059701,0.0,0.8383980984150766,0.7002107468147749
2024-07-23,0.0,-0.017756686889612308,-0.0,0.8383980984150766,0.6877773238268433
2024-07-24,0.0,-0.017629708455666474,-0.0,0.8383980984150766,0.6756520101253576
2024-07-25,0.0,0.007580877280753386,0.0,0.8383980984150766,0.6807740450986122
2024-07-26,0.0,0.01748224518803672,0.0,0.8383980984150766,0.6926755038726777
2024-07-29,0.0,0.003346198697068404,0.0,0.8383980984150766,0.6949933337412277
2024-07-30,1.0,0.00737547385620915,0.00737547385620915,0.8445816816710324,0.7001192389044757
2024-07-31,0.0,0.031469040662650605,0.0,0.8445816816710324,0.7221513197022646
2024-08-01,0.0,0.002141419374247894,0.0,0.8445816816710324,0.7236977485294138
2024-08-02,0.0,-0.014486570445707449,-0.0,0.8445816816710324,0.7132138501139426
2024-08-05,0.0,-0.027964445201421797,-0.0,0.8445816816710324,0.6932692204855362
2024-08-06,0.0,0.022161393006575016,0.0,0.8445816816710324,0.708633032140078
2024-08-07,0.0,0.0005384100955794504,0.0,0.8445816816710324,0.7090145673186433
2024-08-08,0.0,-0.004232213261648746,-0.0,0.8445816816710324,0.7060138664641352
2024-08-09,0.0,-0.0068245446694460985,-0.0,0.8445816816710324,0.7011956432952023
2024-08-12,0.0,-0.007156210557532622,-0.0,0.8445816816710324,0.6961777396297574
2024-08-13,0.0,0.008033742729970325,0.0,0.8445816816710324,0.7017706524842752
2024-08-14,0.0,-0.0024075216232227487,-0.0,0.8445816816710324,0.7000811244638762
2024-08-15,0.0,0.008361556811421773,0.0,0.8445816816710324,0.7059348925586848
2024-08-16,0.0,-0.0031806519024970277,-0.0,0.8445816816710324,0.703689559399629
2024-08-19,0.0,-0.007296021099554235,-0.0,0.8445816816710324,0.6985554255267132
2024-08-20,0.0,-0.016161572145175565,-0.0,0.8445816816710324,0.6872656716196595
2024-08-21,0.0,-0.001980574712643678,-0.0,0.8445816816710324,0.6859044906095815
2024-08-22,0.0,-0.017917566032210834,-0.0,0.8445816816710324,0.6736147516072943
2024-08-23,0.0,-0.007313748901259889,-0.0,0.8445816816710324,0.668688102457854
2024-08-26,0.0,0.014172374963353853,0.0,0.8445816816710324,0.6781650009794202
2024-08-27,0.0,-0.015617126493733606,-0.0,0.8445816816710324,0.6675740123755016
2024-08-28,0.0,0.0061105192644483365,0.0,0.8445816816710324,0.6716532362385672
2024-08-29,0.0,0.014570709336465064,0.0,0.8445816816710324,0.6814397003186955
2024-08-30,0.0,0.020699557202133966,0.0,0.8445816816710324,0.6955452003752474
2024-09-02,0.0,-0.015882973784977907,-0.0,0.8445816816710324,0.68449787419142
2024-09-03,0.0,0.009385715384615384,0.0,0.8445816816710324,0.6909223764199549
2024-09-04,0.0,-0.00717539558173785,-0.0,0.8445816816710324,0.6859647350528674
2024-09-05,1.0,0.009680992298578198,0.009680992298578198,0.8527580704268098,0.6926055543700104
2024-09-06,0.0,-0.020594174626428364,-0.0,0.8527580704268098,0.6783419146360802
2024-09-09,0.0,0.00026068265574729434,0.0,0.8527580704268098,0.6785187466078921
2024-09-10,0.0,0.007601470105509964,0.0,0.8527580704268098,0.6836764865762601
2024-09-11,0.0,-0.005985292911540715,-0.0,0.8527580704268098,0.6795844825473681
2024-09-12,0.0,-0.0027819312865497076,-0.0,0.8527580704268098,0.6776939252135159
2024-09-13,0.0,-0.013141890343222802,-0.0,0.8527580704268098,0.6687877459620917
2024-09-18,0.0,-0.010019295315682282,-0.0,0.8527580704268098,0.662086964031788
2024-09-19,0.0,0.02472952941176471,0.0,0.8527580704268098,0.678460063081958
2024-09-20,0.0,-0.003837018187151658,-0.0,0.8527580704268098,0.6758567994806566
2024-09-23,0.0,0.0020307786282013547,0.0,0.8527580704268098,0.6772293150247666
2024-09-24,0.0,0.03241564142472314,0.0,0.8527580704268098,0.6991821376629204
2024-09-25,0.0,0.012716657752403847,0.0,0.8527580704268098,0.7080733976141739
2024-09-26,0.0,0.029885696075448734,0.0,0.8527580704268098,0.7292346639743814
2024-09-27,1.0,0.05241710411471321,0.05241710411471321,0.8974571789890339,0.7674590332799844
2024-09-30,1.0,0.12297123795379541,0.12297123795379541,1.0078185992998363,0.8618344206812473
2024-10-08,1.0,0.09969903654716324,0.09969903654716324,1.1082971426643415,0.9477584820863503
2024-10-09,1.0,-0.10581075204716672,-0.10581075204716672,0.9910273885073015,0.8474754443377124
2024-10-10,0.0,0.0034968537782139346,0.0,0.9910273885073015,0.8504389420471882
2024-10-11,0.0,-0.04448857092651757,-0.0,0.9910273885073015,0.8126041288552492
2024-10-14,0.0,0.0355676886149854,0.0,0.9910273885073015,0.8415065794776242
2024-10-15,0.0,-0.012589190613950498,-0.0,0.9910273885073015,0.8309126927456869
2024-10-16,0.0,0.006709956338939198,0.0,0.9910273885073015,0.8364880806354809
2024-10-17,0.0,0.00018816919110538273,0.0,0.9910273885073015,0.8366454819209833
2024-10-18,0.0,0.03466070187561698,0.0,0.9910273885073015,0.8656442015454283
2024-10-21,0.0,0.030239019256308102,0.0,0.9910273885073015,0.8918204332250719
2024-10-22,0.0,0.006066155957161983,0.0,0.9910273885073015,0.8972303550587989
2024-10-23,0.0,0.005153766364551862,0.0,0.9910273885073015,0.9018544706839557
2024-10-24,0.0,0.003966778521244563,0.0,0.9910273885073015,0.9054319276275532
2024-10-25,0.0,0.02247505606523955,0.0,0.9910273885073015,0.9257815609642404
2024-10-28,0.0,0.029996963321799307,0.0,0.9910273885073015,0.9535521964924828
2024-10-29,1.0,-0.016650329343365255,-0.016650329343365255,0.9745264561003597,0.9376752383747936
2024-10-30,0.0,-0.0001721796099897368,-0.0,0.9745264561003597,0.9375137898179532
2024-10-31,0.0,0.012180756419153364,0.0,0.9745264561003597,0.948933416931323
2024-11-01,0.0,-0.04030676644067797,-0.0,0.9745264561003597,0.9106849793273177
2024-11-04,0.0,0.027361097326936257,0.0,0.9745264561003597,0.9356023196808714
2024-11-05,0.0,0.03366720230607967,0.0,0.9745264561003597,0.9671014322556049
2024-11-06,0.0,0.012066156897156897,0.0,0.9745264561003597,0.9787706298726662
2024-11-07,0.0,0.026386942293906812,0.0,0.9745264561003597,1.0045973940020871
2024-11-08,0.0,5.7162965616046065e-05,0.0,0.9745264561003597,1.0046548197683784
2024-11-11,0.0,0.022582989462209303,0.0,0.9745264561003597,1.0273429289763656
2024-11-12,0.0,-0.009078389428263216,-0.0,0.9745264561003597,1.0180163097907455
2024-11-13,0.0,0.004610810140237325,0.0,0.9745264561003597,1.0227101897148556
2024-11-14,0.0,-0.03001199505475097,-0.0,0.9745264561003597,0.99201661655869
2024-11-15,0.0,-0.015642203832752614,-0.0,0.9745264561003597,0.9764992904370013
2024-11-18,0.0,-0.026864741835682368,-0.0,0.9745264561003597,0.9502658890966843
2024-11-19,0.0,0.023806025488826817,0.0,0.9745264561003597,0.9728879430736826
2024-11-20,0.0,0.0282319805033676,0.0,0.9745264561003597,1.0003544965145001
2024-11-21,0.0,0.009511418678977271,0.0,0.9745264561003597,1.009869286958247
2024-11-22,0.0,-0.03680077646650468,-0.0,0.9745264561003597,0.9727053130685082
2024-11-25,0.0,0.02101788784067086,0.0,0.9745264561003597,0.9931495242406067
2024-11-26,1.0,-0.01235953602506091,-0.01235953602506091,0.9624817612588124,0.9808746569174828
2024-11-27,0.0,0.015013307719421927,0.0,0.9624817612588124,0.9956008299759673
2024-11-28,0.0,0.0060482308236125834,0.0,0.9624817612588124,1.001622453603842
2024-11-29,0.0,0.015735631352899068,0.0,0.9624817612588124,1.0173836152885385
2024-12-02,0.0,0.02419487067395264,0.0,0.9624817612588124,1.0419990802862429
2024-12-03,0.0,0.0031338960991615017,0.0,0.9624817612588124,1.045264597139282
2024-12-04,0.0,-0.016293224460431657,-0.0,0.9624817612588124,1.028233866437549
2024-12-05,0.0,0.015049123677489966,0.0,0.9624817612588124,1.0437078850629513
2024-12-06,0.0,0.005200483989694516,0.0,0.9624817612588124,1.049135671209139
2024-12-09,0.0,-0.004440433712816746,-0.0,0.9624817612588124,1.0444770538053834
2024-12-10,0.0,0.00677968016194332,0.0,0.9624817612588124,1.0515582741666727
2024-12-11,0.0,0.011086450929368028,0.0,0.9624817612588124,1.0632163233725924
2024-12-12,0.0,0.0111817645731478,0.0,0.9624817612588124,1.0751049579908725
2024-12-13,0.0,-0.01499285576923077,-0.0,0.9624817612588124,1.0589860644189304
2024-12-16,0.0,-0.0055516898967551635,-0.0,0.9624817612588124,1.0531069021842914
2024-12-17,0.0,-0.04745321883954154,-0.0,0.9624817612588124,1.0031335898935085
2024-12-18,0.0,0.0020106307248467362,0.0,0.9624817612588124,1.005150521110474
2024-12-19,0.0,0.002405375674703131,0.0,0.9624817612588124,1.0075682857233683
2024-12-20,0.0,0.013903414607558139,0.0,0.9624817612588124,1.0215769253452067
2024-12-23,0.0,-0.05211202789548022,-0.0,0.9624817612588124,0.9683404801142385
2024-12-24,0.0,0.007977092362344583,0.0,0.9624817612588124,0.9760650215623068
2024-12-25,0.0,-0.02753573400908773,-0.0,0.9624817612588124,0.9491883547529927
2024-12-26,0.0,0.01520289432898908,0.0,0.9624817612588124,0.9636187650086093
2024-12-27,0.0,0.009133117709437965,0.0,0.9624817612588124,0.9724196086164563
2024-12-30,0.0,-0.016905093870402798,-0.0,0.9624817612588124,0.9559807638513746
2024-12-31,0.0,-0.021998447833622183,-0.0,0.9624817612588124,0.9349506708878439
2025-01-02,0.0,-0.013841216095890412,-0.0,0.9624817612588124,0.9220098166130876
2025-01-03,0.0,-0.041306921385742844,-0.0,0.9624817612588124,0.8839244296013675
2025-01-06,0.0,-0.006091876530950017,-0.0,0.9624817612588124,0.8785396711135456
2025-01-07,0.0,0.028345514112903224,0.0,0.9624817612588124,0.90344232975984
2025-01-08,0.0,0.0007667278842919612,0.0,0.9624817612588124,0.9041350241859165
2025-01-09,0.0,0.006581060790273556,0.0,0.9624817612588124,0.9100851917426995
2025-01-10,0.0,-0.03364406117021276,-0.0,0.9624817612588124,0.8794662298816033
2025-01-13,0.0,0.0008775828628362673,0.0,0.9624817612588124,0.8802380343733905
2025-01-14,0.0,0.05419848359535201,0.0,0.9624817612588124,0.9279456010393816
2025-01-15,0.0,-0.0031651317855923523,-0.0,0.9624817612588124,0.9250085309222313
2025-01-16,0.0,0.006874309777015437,0.0,0.9624817612588124,0.9313673261101727
2025-01-17,0.0,-0.0020153088789852587,-0.0,0.9624817612588124,0.9294903332682661
2025-01-20,0.0,0.011426413935839944,0.0,0.9624817612588124,0.9401110745655512
2025-01-21,0.0,-0.0037230955017301037,-0.0,0.9624817612588124,0.9366109512527095
2025-01-22,0.0,-0.013846036719286203,-0.0,0.9624817612588124,0.9236426016299789
2025-01-23,0.0,-0.0006330006854009594,-0.0,0.9624817612588124,0.9230579352300816
2025-01-24,0.0,0.01067046004842615,0.0,0.9624817612588124,0.932907388050337
2025-01-27,0.0,-0.01156004813929669,-0.0,0.9624817612588124,0.9221229337349696
2025-02-05,0.0,0.013470437735849057,0.0,0.9624817612588124,0.9345443332986448
2025-02-06,0.0,0.024369701325889746,0.0,0.9624817612588124,0.9573188995769355
2025-02-07,0.0,0.014473107946554148,0.0,0.9624817612588124,0.9711742793497888
2025-02-10,0.0,0.02359771393034826,0.0,0.9624817612588124,0.9940917721703972
2025-02-11,0.0,-0.0005038190847818374,-0.0,0.9624817612588124,0.9935909297635532
2025-02-12,0.0,0.008583907168458782,0.0,0.9624817612588124,1.0021198220680663
2025-02-13,0.0,-0.013533138620936047,-0.0,0.9624817612588124,0.9885579956012314
2025-02-14,0.0,0.0017694174999999999,0.0,0.9624817612588124,0.9903071674184132
2025-02-17,0.0,0.017601256557671578,0.0,0.9624817612588124,1.0077378179430456
2025-02-18,0.0,-0.027362157188272698,-0.0,0.9624817612588124,0.980163937363921
2025-02-19,0.0,0.02401511640401146,0.0,0.9624817612588124,1.0037026884147298
2025-02-20,0.0,0.012732584687612857,0.0,0.9624817612588124,1.0164824178961551
2025-02-21,0.0,0.0056333361131254535,0.0,0.9624817612588124,1.0222086050092467
2025-02-24,0.0,0.003973694748358862,0.0,0.9624817612588124,1.0262705499746991
2025-02-25,0.0,-0.0036044247272727275,-0.0,0.9624817612588124,1.0225714350274986
2025-02-26,0.0,0.014763105592347314,0.0,0.9624817612588124,1.0376677650985278
2025-02-27,0.0,0.0012638387927861611,0.0,0.9624817612588124,1.0389792098740829
2025-02-28,0.0,-0.03272856030150754,-0.0,0.9624817612588124,1.0049749161517063
2025-03-03,0.0,0.009939708047636232,0.0,0.9624817612588124,1.014964073413452
2025-03-04,0.0,0.017507408014571946,0.0,0.9624817612588124,1.032733463566833
2025-03-05,0.0,0.0022273160394592623,0.0,0.9624817612588124,1.0350336873747217
2025-03-06,0.0,0.014896349740932641,0.0,0.9624817612588124,1.0504519111755026
2025-03-07,0.0,-0.004246033136966126,-0.0,0.9624817612588124,1.045991657551862
2025-03-10,0.0,0.009603638714444035,0.0,0.9624817612588124,1.0560369835293124
2025-03-11,0.0,0.004243979274611399,0.0,0.9624817612588124,1.060518782600634
2025-03-12,0.0,0.005803707280832095,0.0,0.9624817612588124,1.0666737231806724
2025-03-13,0.0,-0.01005104913824716,-0.0,0.9624817612588124,1.0559525331745065
2025-03-14,0.0,0.018863968077208613,0.0,0.9624817612588124,1.075871988051358
2025-03-17,0.0,0.008930504098360655,0.0,0.9624817612588124,1.0854800672499623
2025-03-18,0.0,0.007150910146012729,0.0,0.9624817612588124,1.0932422376761546
2025-03-19,0.0,-0.010929676371780517,-0.0,0.9624817612588124,1.081293453822393
2025-03-20,0.0,-0.003336894284646992,-0.0,0.9624817612588124,1.077685291876307
2025-03-21,0.0,-0.018847300148038492,-0.0,0.9624817612588124,1.0573738337151877
2025-03-24,0.0,-0.020681402193784275,-0.0,0.9624817612588124,1.0355058601909404
2025-03-25,0.0,-0.0003013771865889213,-0.0,0.9624817612588124,1.0351937823480997
2025-03-26,0.0,0.012810163071297988,0.0,0.9624817612588124,1.0484547835103726
2025-03-27,0.0,-0.006815454046136946,-0.0,0.9624817612588124,1.041309088113905
2025-03-28,0.0,-0.01913274592833876,-0.0,0.9624817612588124,1.0213859858981515
2025-03-31,0.0,-0.014511417803302227,-0.0,0.9624817612588124,1.0065642271183457
2025-04-01,0.0,0.015151504147133068,0.0,0.9624817612588124,1.021815189179885
2025-04-02,0.0,0.002297672681342476,0.0,0.9624817612588124,1.0241629860254444
2025-04-03,0.0,-0.004006859712230216,-0.0,0.9624817612588124,1.0200593086179817
2025-04-07,0.0,-0.13792445069490403,-0.0,0.9624817612588124,0.879368188800623
2025-04-08,0.0,0.008955524172185429,0.0,0.9624817612588124,0.8872433918716779
2025-04-09,1.0,0.033582874873524446,0.033582874873524446,0.9948046658152165,0.9170395756832659
2025-04-10,0.0,0.0330839448630137,0.0,0.9948046658152165,0.9473788624423726
2025-04-11,0.0,0.008017114137931037,0.0,0.9948046658152165,0.9549741069144364
2025-04-14,0.0,0.022066139608117562,0.0,0.9948046658152165,0.9760466988797478
2025-04-15,0.0,0.0023278171967843412,0.0,0.9948046658152165,0.9783187571702647
2025-04-16,0.0,-0.01774950535776011,-0.0,0.9948046658152165,0.9609540831482739
2025-04-17,0.0,0.010612379861111111,0.0,0.9948046658152165,0.9711520929077291
2025-04-18,0.0,-0.002164776739356179,-0.0,0.9948046658152165,0.9690497654466254
2025-04-21,0.0,0.018063545103545103,0.0,0.9948046658152165,0.9865542395923503
2025-04-22,0.0,0.0015065142455153013,0.0,0.9948046658152165,0.9880404976082697
2025-04-23,0.0,0.007899782731776363,0.0,0.9948046658152165,0.9958458028695713
2025-04-24,0.0,-0.011184566514566514,-0.0,0.9948046658152165,0.9847076992491246
2025-04-25,0.0,0.0005768082191780821,0.0,0.9948046658152165,0.9852756867435395
2025-04-28,0.0,-0.017363427672955973,-0.0,0.9948046658152165,0.9681679236188461
2025-04-29,0.0,0.012315834693153602,0.0,0.9948046658152165,0.9800917197213495
2025-04-30,0.0,0.013015967088607593,0.0,0.9948046658152165,0.9928485612890594
2025-05-06,0.0,0.03224283553597651,0.0,0.9948046658152165,1.0248608141628335
2025-05-07,0.0,0.009676228381374724,0.0,0.9948046658152165,1.0347776014597947
2025-05-08,0.0,0.013654937663307205,0.0,0.9948046658152165,1.0489074251031147
2025-05-09,0.0,-0.010921717768747691,-0.0,0.9948046658152165,1.0374515542405947
2025-05-12,0.0,0.013468434701492537,0.0,0.9948046658152165,1.051424402754846
2025-05-13,0.0,-0.002724365298507463,-0.0,0.9948046658152165,1.0485599385979767
2025-05-14,0.0,0.0009118235294117646,0.0,0.9948046658152165,1.0495160402219887
2025-05-15,0.0,-0.0047308160412067694,-0.0,0.9948046658152165,1.0445509729034028
2025-05-16,0.0,0.00712657709414381,0.0,0.9948046658152165,1.0519950459405618
2025-05-19,0.0,0.010491862635311685,0.0,0.9948046658152165,1.0630324334555985
2025-05-20,0.0,0.014602444235824259,0.0,0.9948046658152165,1.0785553052860066
2025-05-21,0.0,-0.008339030923994038,-0.0,0.9948046658152165,1.069561199241989
2025-05-22,0.0,-0.016807365420214736,-0.0,0.9948046658152165,1.0515846933270456
2025-05-23,0.0,-0.010485772295321636,-0.0,0.9948046658152165,1.0405580156835725
2025-05-26,0.0,0.013523980847145489,0.0,0.9948046658152165,1.054630502358021
2025-05-27,0.0,0.003474962606442059,0.0,0.9948046658152165,1.0582953039173282
2025-05-28,0.0,-0.005209795287187039,-0.0,0.9948046658152165,1.0527818020305275
2025-05-29,0.0,0.019571461048689138,0.0,0.9948046658152165,1.0733862800617369
2025-05-30,0.0,-0.016978808502772644,-0.0,0.9948046658152165,1.0551614599630652
2025-06-03,0.0,0.010541730111524164,0.0,0.9948046658152165,1.0662846872980778
2025-06-04,0.0,0.01103511501120239,0.0,0.9948046658152165,1.078051261457096
2025-06-05,0.0,0.002126177352830897,0.0,0.9948046658152165,1.080343389634397
2025-06-06,0.0,0.0022940645645645645,0.0,0.9948046658152165,1.082821767122119
2025-06-09,0.0,0.014645956801818872,0.0,0.9948046658152165,1.0986807279474586
2025-06-10,0.0,-0.0085516689214581,-0.0,0.9948046658152165,1.0892851741116654
2025-06-11,0.0,0.007053486832204664,0.0,0.9948046658152165,1.0969684327437779
2025-06-12,0.0,0.00368739472693032,0.0,0.9948046658152165,1.1010133883582862
2025-06-13,0.0,-0.020936354886659236,-0.0,0.9948046658152165,1.077962181324654
2025-06-16,0.0,0.010788321388577826,0.0,0.9948046658152165,1.0895915837815167
2025-06-17,0.0,-0.002432007092198582,-0.0,0.9948046658152165,1.0869416893221602
2025-06-18,0.0,-0.004554468599033817,-0.0,0.9948046658152165,1.0819912475291615
2025-06-19,0.0,-0.020703634110787173,-0.0,0.9948046658152165,1.0595900966292437
2025-06-20,0.0,-0.007613120464441217,-0.0,0.9948046658152165,1.0515233095806764
2025-06-23,0.0,0.020214293211009173,0.0,0.9948046658152165,1.072779110078751
2025-06-24,0.0,0.02116967304086989,0.0,0.9948046658152165,1.0954894930841934
2025-06-25,0.0,0.006275333837429112,0.0,0.9948046658152165,1.1023640553686926
2025-06-26,0.0,-0.0012449435028248587,-0.0,0.9948046658152165,1.1009916744002137
2025-06-27,0.0,0.006461624338624339,0.0,0.9948046658152165,1.108105869000141
2025-06-30,0.0,0.014027975535168196,0.0,0.9948046658152165,1.1236503510208513
2025-07-01,0.0,0.003174770529547199,0.0,0.9948046658152165,1.1272176830407878
2025-07-02,0.0,-0.004297315105162524,-0.0,0.9948046658152165,1.1223736734646503
2025-07-03,0.0,0.006261040784917277,0.0,0.9948046658152165,1.12940090081013
2025-07-04,0.0,-0.012843302741812643,-0.0,0.9948046658152165,1.1148956631241496
2025-07-07,0.0,0.009316936300844205,0.0,0.9948046658152165,1.1252830749995648
2025-07-08,0.0,0.011512268349514562,0.0,0.9948046658152165,1.1382376357281268
2025-07-09,0.0,-0.00162490842064416,-0.0,0.9948046658152165,1.1363881038091381
2025-07-10,0.0,0.0014714294049008169,0.0,0.9948046658152165,1.1380602186804623
2025-07-11,0.0,0.002394267211201867,0.0,0.9948046658152165,1.140785038946422
2025-07-14,0.0,0.00866068023483366,0.0,0.9948046658152165,1.1506650133854193
2025-07-15,0.0,-0.011055599767531964,-0.0,0.9948046658152165,1.1379437215309283
2025-07-16,0.0,0.0066507431906614786,0.0,0.9948046658152165,1.1455118929882562
2025-07-17,0.0,0.007671849352687329,0.0,0.9948046658152165,1.1543000876629737
2025-07-18,0.0,0.0013510430359937402,0.0,0.9948046658152165,1.1558595967578578
2025-07-21,0.0,0.014943802940007946,0.0,0.9948046658152165,1.1731325347981243
2025-07-22,0.0,0.0012430226730310264,0.0,0.9948046658152165,1.1745907651373488
2025-07-23,0.0,-0.008960012638230647,-0.0,0.9948046658152165,1.1640664170369692
2025-07-24,0.0,0.011555902877697841,0.0,0.9948046658152165,1.1775182554954382
2025-07-25,0.0,0.002976541566746603,0.0,0.9948046658152165,1.1810231875285233
2025-07-28,0.0,0.007359536487570168,0.0,0.9948046658152165,1.189714970769806
2025-07-29,0.0,-0.001106960642570281,-0.0,0.9948046658152165,1.188398003121287
2025-07-30,0.0,-0.004622165867306156,-0.0,0.9948046658152165,1.182905030434485
2025-07-31,0.0,-0.010944754365079364,-0.0,0.9948046658152165,1.1699584254391628
2025-08-01,0.0,0.008313809485850938,0.0,0.9948046658152165,1.1796852368946302
2025-08-04,0.0,0.01286815628766573,0.0,0.9948046658152165,1.1948656108932423
2025-08-05,0.0,0.009515507891541885,0.0,0.9948046658152165,1.206235364043029
2025-08-06,0.0,0.007839300610997963,0.0,0.9948046658152165,1.2156914056693788
2025-08-07,0.0,0.00012928478172174624,0.0,0.9948046658152165,1.2158485760674018
2025-08-08,0.0,-0.0005456438746438745,-0.0,0.9948046658152165,1.2151851557393762
2025-08-11,0.0,0.015082099627945433,0.0,0.9948046658152165,1.233512699324638
2025-08-12,0.0,-0.0029715481603968586,-0.0,0.9948046658152165,1.2298472569321335
2025-08-13,0.0,0.0012142309929372664,0.0,0.9948046658152165,1.2313405755880793
2025-08-14,0.0,-0.022982525950143034,-0.0,0.9948046658152165,1.203041258856162
2025-08-15,0.0,0.017087696013289036,0.0,0.9948046658152165,1.2235984621789409
2025-08-18,0.0,0.018034627583298185,0.0,0.9948046658152165,1.2456656047558343
2025-08-19,0.0,0.008415091564222129,0.0,0.9948046658152165,1.2561479948782568
2025-08-20,0.0,0.0063138240068346865,0.0,0.9948046658152165,1.2640790922444565
2025-08-21,0.0,-0.0031047025181391375,-0.0,0.9948046658152165,1.260154502703638
2025-08-22,0.0,6.447129391602407e-05,0.0,0.9948046658152165,1.2602357464949614
2025-08-25,0.0,0.005320626083188908,0.0,0.9948046658152165,1.2669409896787294
2025-08-26,0.0,0.003399584987057808,0.0,0.9948046658152165,1.2712480632467293
2025-08-27,0.0,-0.029264167861661746,-0.0,0.9948046658152165,1.2340460465300647
2025-08-28,0.0,0.00040273820654483606,0.0,0.9948046658152165,1.2345430440216378
2025-08-29,0.0,-0.004902207858048163,-0.0,0.9948046658152165,1.2284910574101362
2025-09-01,0.0,0.009985095034246577,0.0,0.9948046658152165,1.2407576573670984
2025-09-02,0.0,-0.011513696346073077,-0.0,0.9948046658152165,1.2264719504611086
2025-09-03,0.0,-0.023536365059744536,-0.0,0.9948046658152165,1.197605258899519
2025-09-04,0.0,0.0009783189831898318,0.0,0.9948046658152165,1.1987768988586682
2025-09-05,0.0,0.02360508144416457,0.0,0.9948046658152165,1.2270741251896102
2025-09-08,0.0,0.012877993223210505,0.0,0.9948046658152165,1.242876377458179
2025-09-09,0.0,-0.012094105636743215,-0.0,0.9948046658152165,1.227844899255787
2025-09-10,0.0,0.0012117135089920533,0.0,0.9948046658152165,1.2293326955071622
2025-09-11,0.0,0.010953564352243862,0.0,0.9948046658152165,1.2427982702977172
2025-09-12,0.0,-0.0037470301230377594,-0.0,0.9948046658152165,1.2381414677420524
2025-09-15,0.0,-0.0012669928087986465,-0.0,0.9948046658152165,1.2365727514061478
2025-09-16,0.0,0.012592905676483142,0.0,0.9948046658152165,1.2521447954267146
2025-09-17,0.0,0.0011726493784826406,0.0,0.9948046658152165,1.2536131222428422
2025-09-18,0.0,-0.015921837505303352,-0.0,0.9948046658152165,1.2336532978159755
2025-09-19,0.0,-0.007637834529337273,-0.0,0.9948046658152165,1.2242308580606858
2025-09-22,0.0,-0.0027101880811496192,-0.0,0.9948046658152165,1.220912962180594
2025-09-23,0.0,-0.016319003345880382,-0.0,0.9948046658152165,1.2009888794657402
2025-09-24,0.0,0.016036584179357022,0.0,0.9948046658152165,1.2202486387297642
2025-09-25,0.0,-0.009649593184686582,-0.0,0.9948046658152165,1.2084737357818542
2025-09-26,0.0,-0.005547069008782937,-0.0,0.9948046658152165,1.2017702485741706
2025-09-29,0.0,0.007396380370682393,0.0,0.9948046658152165,1.2106589984507947
2025-09-30,0.0,0.0005421961033460397,0.0,0.9948046658152165,1.2113154130422357
2025-10-09,0.0,0.0023366783898305086,0.0,0.9948046658152165,1.21414586759116
2025-10-10,0.0,0.0010992796789184621,0.0,0.9948046658152165,1.2154805534706459
2025-10-13,0.0,-0.003745937631689844,-0.0,0.9948046658152165,1.210927439124813
2025-10-14,0.0,-0.008056233570531604,-0.0,0.9948046658152165,1.2011719248382577
2025-10-15,0.0,0.013941679780033842,0.0,0.9948046658152165,1.2179182791751195
2025-10-16,0.0,-0.012205788057190916,-0.0,0.9948046658152165,1.2030526267885293
2025-10-17,0.0,-0.020650208213552363,-0.0,0.9948046658152165,1.1782093395534852
2025-10-20,0.0,0.016029897916666667,0.0,0.9948046658152165,1.1970959149909908
2025-10-21,0.0,0.01969569666244191,0.0,0.9948046658152165,1.2206735530085018
2025-10-22,0.0,0.0007185050293378039,0.0,0.9948046658152165,1.221550613095518
2025-10-23,0.0,0.0015251544271926143,0.0,0.9948046658152165,1.2234136664211206
2025-10-24,0.0,0.00473095644820296,0.0,0.9948046658152165,1.2292015831950953
2025-10-27,0.0,0.004536649339582446,0.0,0.9948046658152165,1.234778039745711
2025-10-28,0.0,0.0020412554463904316,0.0,0.9948046658152165,1.2372985371444254
2025-10-29,0.0,0.000452183297644541,0.0,0.9948046658152165,1.237858022877122
2025-10-30,0.0,-0.012388730025231286,-0.0,0.9948046658152165,1.2225225340221308
2025-10-31,0.0,0.013196192848020436,0.0,0.9948046658152165,1.2386551771421375
2025-11-03,0.0,0.008228359879466208,0.0,0.9948046658152165,1.248847277706227
2025-11-04,0.0,-0.005334007679180887,-0.0,0.9948046658152165,1.2421859167368177
2025-11-05,0.0,0.008725008179078779,0.0,0.9948046658152165,1.253023999020283
2025-11-06,1.0,-0.00024406609071274277,-0.00024406609071274277,0.9945618677294082,1.2527181783512729
2025-11-07,0.0,-0.0028011026632302405,-0.0,0.9945618677294082,1.2492091861256163
2025-11-10,0.0,0.006100184027777778,0.0,0.9945618677294082,1.2568295920501729
2025-11-11,0.0,0.0047645106660862,0.0,0.9945618677294082,1.2628177700469487
2025-11-12,0.0,-0.003583679704476315,-0.0,0.9945618677294082,1.2582922356339794
2025-11-13,0.0,0.009617275635407537,0.0,0.9945618677294082,1.2703935788939646
2025-11-14,1.0,-0.00028241124780316334,-0.00028241124780316334,0.9942809922713254,1.270034805458148
2025-11-17,0.0,0.001971234671371857,0.0,0.9942809922713254,1.272538342100516
2025-11-18,1.0,-0.011422871416159861,-0.011422871416159861,0.9829234483450783,1.2580023002465688
2025-11-19,0.0,-0.016370987141020147,-0.0,0.9829234483450783,1.2374075607658583
2025-11-20,0.0,-0.007941695116772823,-0.0,0.9829234483450783,1.2275804471830665
2025-11-21,0.0,-0.042767659644774886,-0.0,0.9829234483450783,1.1750797044313606
2025-11-24,0.0,0.017764613910870468,0.0,0.9829234483450783,1.1959545416950834
2025-11-25,1.0,0.013479396624472575,0.013479396624472575,0.9961726633568159,1.2120752873074307
2025-11-26,0.0,-0.007050647922786404,-0.0,0.9961726633568159,1.2035293712007158
2025-11-27,0.0,0.005058117845117846,0.0,0.9961726633568159,1.2096169645903097
2025-11-28,0.0,0.012519186036611325,0.0,0.9961726633568159,1.224760384403057
2025-12-01,0.0,0.006416594271056006,0.0,0.9961726633568159,1.2326191748690338
2025-12-02,0.0,-0.0055231323404255316,-0.0,0.9961726633568159,1.225811256040886
2025-12-03,0.0,-0.008646418604651162,-0.0,0.9961726633568159,1.2152123787908633
2025-12-04,0.0,-0.012873679983179143,-0.0,0.9961726633568159,1.199568123514712
2025-12-05,0.0,0.015050043348916275,0.0,0.9961726633568159,1.2176216757735865
2025-12-08,0.0,0.009168884879725085,0.0,0.9961726633568159,1.2287859087458124
2025-12-09,1.0,-0.009232940699658704,-0.009232940699658704,0.9869750602294213,1.217440601317786
2025-12-10,0.0,-0.003672167811158798,-0.0,0.9869750602294213,1.2129699551296291
2025-12-11,0.0,-0.015102330228619813,-0.0,0.9869750602294213,1.1946512823098672
2025-12-12,0.0,-0.002000449533502969,-0.0,0.9869750602294213,1.1922614427094718
2025-12-15,1.0,0.0006974750844594593,0.0006974750844594593,0.9876634507429142,1.1930930153599233
2025-12-16,0.0,-0.014713693394266723,-0.0,0.9876634507429142,1.175538210541076
2025-12-17,0.0,0.0027571092577147625,0.0,0.9876634507429142,1.1787792978241565
2025-12-18,0.0,0.007116998739495798,0.0,0.9876634507429142,1.1871686686009149
2025-12-19,1.0,0.01737862996158771,0.01737862996158771,1.00482768837996,1.207800033594521
2025-12-22,1.0,0.0022466609294320137,0.0022466609294320137,1.007085195488255,1.2105135507405644
2025-12-23,1.0,-0.009204821245733788,-0.009204821245733788,0.9978151562845607,1.1993709898904592
2025-12-24,0.0,0.010754730520878174,0.0,0.9978151562845607,1.21226990168129
2025-12-25,1.0,0.00933817,0.00933817,1.0071329238425224,1.223590284109073
2025-12-26,1.0,-0.004278481144343303,-0.004278481144343303,1.0028239246180148,1.2183551761501106
2025-12-29,1.0,-0.0027281432887354333,-0.0027281432887354333,1.000088077258285,1.2150313286530006
2025-12-30,1.0,-0.004845734790059983,-0.004845734790059983,0.9952419156691903,1.2091436090727339
2025-12-31,0.0,0.0017464299226139291,0.0,0.9952419156691903,1.211255293652356
2026-01-05,0.0,0.01483263432835821,0.0,0.9952419156691903,1.2292214005013895
2026-01-06,1.0,0.009442818020417222,0.009442818020417222,1.0046398039651459,1.2408287144931265
2026-01-07,1.0,-0.0007633429458740018,-0.0007633429458740018,1.0038729192576448,1.2398815366468803
2026-01-08,0.0,0.013166185816876121,0.0,1.0038729192576448,1.256206047349287
2026-01-09,1.0,0.010794800090049525,0.010794800090049525,1.0147095267368456,1.269766540502334
2026-01-12,1.0,0.021485364262746897,0.021485364262746897,1.036510930539666,1.2970479371536745
2026-01-13,1.0,-0.00781425091240876,-0.00781425091240876,1.0284113740549747,1.2869124791273336
2026-01-14,0.0,0.00751156043956044,0.0,1.0284113740549747,1.2965791999947232
2026-01-15,0.0,-0.005825115875912409,-0.0,1.0284113740549747,1.2890264759124561
2026-01-16,0.0,-0.0005221916058394164,-0.0,1.0284113740549747,1.2883533571070298
2026-01-19,0.0,0.010497521379310345,0.0,1.0284113740549747,1.301877874017367
2026-01-20,0.0,-0.004263974839890211,-0.0,1.0284113740549747,1.2963266995179474
2026-01-21,0.0,0.008168616236162362,0.0,1.0284113740549747,1.3069158948430004
2026-01-22,0.0,0.008370375580315692,0.0,1.0284113740549747,1.3178552717347207
2026-01-23,0.0,0.012273092024539878,0.0,1.0284113740549747,1.334029430759746
2026-01-26,0.0,-0.012694128597957289,-0.0,1.0284113740549747,1.317095089612222
2026-01-27,0.0,-0.00485543413729128,-0.0,1.0284113740549747,1.31070002115206
2026-01-28,0.0,-0.01118600137614679,-0.0,1.0284113740549747,1.2960385289117375
2026-01-29,0.0,-0.007853170464904285,-0.0,1.0284113740549747,1.2858605174151099
2026-01-30,0.0,0.0019316433121019112,0.0,1.0284113740549747,1.2883443412838707
2026-02-02,0.0,-0.019519362254025042,-0.0,1.0284113740549747,1.2631966813784274
2026-02-03,0.0,0.019536658325750685,0.0,1.0284113740549747,1.2878753233407398
2026-02-04,0.0,0.004224171232876712,0.0,1.0284113740549747,1.2933155292331278
2026-02-05,0.0,-0.0062348895956383455,-0.0,1.0284113740549747,1.2852518496960346
2026-02-06,0.0,0.004833358636363636,0.0,1.0284113740549747,1.2914639328236652
2026-02-09,0.0,0.016085972299168975,0.0,1.0284113740549747,1.3122383858724427
2026-02-10,0.0,-0.0010456213235294119,-0.0,1.0284113740549747,1.3108662814346208
2026-02-11,0.0,-0.0035406457090408436,-0.0,1.0284113740549747,1.306224968360133
2026-02-12,0.0,-0.0055859168198529405,-0.0,1.0284113740549747,1.2989285043388583
2026-02-13,0.0,-0.003041540072859745,-0.0,1.0284113740549747,1.294977761241132
2026-02-24,0.0,0.015146218491260348,0.0,1.0284113740549747,1.3145917773542133
2026-02-25,0.0,0.006092851988899166,0.0,1.0284113740549747,1.3226013904794565
2026-02-26,0.0,0.0009030642458100559,0.0,1.0284113740549747,1.3237957845066572
2026-02-27,0.0,0.00437030131826742,0.0,1.0284113740549747,1.3295811709688035
2026-03-02,0.0,-0.0270428528872594,-0.0,1.0284113740549747,1.293625502960624
2026-03-03,0.0,-0.02936305377777778,-0.0,1.0284113740549747,1.2556407077488865
2026-03-04,0.0,-0.005109405572755419,-0.0,1.0284113740549747,1.2492251301193358
2026-03-05,0.0,0.012441151717983044,0.0,1.0284113740549747,1.2647669294930675
2026-03-06,0.0,0.01995279655641142,0.0,1.0284113740549747,1.2900025667285198
2026-03-09,0.0,-0.008697844897959184,-0.0,1.0284113740549747,1.2787823244851457
2026-03-10,0.0,0.0200161856812933,0.0,1.0284113740549747,1.3043786689379961
2026-03-11,0.0,-0.004564333486872409,-0.0,1.0284113740549747,1.2984250496998002
2026-03-12,0.0,-0.011855160510715914,-0.0,1.0284113740549747,1.2830320123244747
2026-03-13,0.0,-0.006978824086603519,-0.0,1.0284113740549747,1.2740779576129813
2026-03-16,0.0,0.003458820559062218,0.0,1.0284113740549747,1.278484764646621
2026-03-17,0.0,-0.020406381438721137,-0.0,1.0284113740549747,1.2523955168756487
2026-03-18,0.0,0.012392352808988762,0.0,1.0284113740549747,1.2679156439771677
2026-03-19,0.0,-0.027628569977924945,-0.0,1.0284113740549747,1.2328849478814388
2026-03-20,0.0,-0.028957663357790247,-0.0,1.0284113740549747,1.1971834806018014
2026-03-23,0.0,-0.059937215277777775,-0.0,1.0284113740549747,1.1254276365979718
2026-03-24,0.0,0.04200542260649516,0.0,1.0284113740549747,1.1727017000862987
2026-03-25,0.0,0.018772244511407663,0.0,1.0284113740549747,1.194715943139262
2026-03-26,1.0,-0.016934668792517007,-0.016934668792517007,1.0109955680528964,1.174483824341059
2026-03-27,0.0,0.01477753988788271,0.0,1.0109955680528964,1.1918398059029318
2026-03-30,0.0,0.002901451710697272,0.0,1.0109955680528964,1.195297871546646
2026-03-31,0.0,-0.01404416148274393,-0.0,1.0109955680528964,1.1785109152186648
2026-04-01,0.0,0.014874964038128251,0.0,1.0109955680528964,1.1960412227010842
2026-04-02,0.0,-0.014908797095258434,-0.0,1.0109955680528964,1.1782096867942689
2026-04-03,0.0,-0.02783444011725293,-0.0,1.0109955680528964,1.1454148798216266
2026-04-07,0.0,0.01845638990241833,0.0,1.0109955680528964,1.1665551034436463
2026-04-08,0.0,0.03833422047244094,0.0,1.0109955680528964,1.2112740839723062
2026-04-09,0.0,-0.01572072236614853,-0.0,1.0109955680528964,1.1922319803888668
2026-04-10,0.0,0.010432830279232112,0.0,1.0109955680528964,1.2046703342937366
2026-04-13,0.0,-0.0017526403508771925,-0.0,1.0109955680528964,1.2025589804563488
2026-04-14,0.0,0.006888421122403888,0.0,1.0109955680528964,1.2108427131382606
2026-04-15,0.0,-0.004625025539409951,-0.0,1.0109955680528964,1.2052425346657878
2026-04-16,0.0,0.015849522554711924,0.0,1.0109955680528964,1.2243450534028715
2026-04-17,0.0,0.003133512717536814,0.0,1.0109955680528964,1.2281815541983627
2026-04-20,0.0,0.007523485419470616,0.0,1.0109955680528964,1.2374217602138369
2026-04-21,0.0,-0.005285250894454382,-0.0,1.0109955680528964,1.2308816757488494
2026-04-22,0.0,0.0022086632240682536,0.0,1.0109955680528964,1.2336002788392555
2026-04-23,0.0,-0.014880676194729792,-0.0,1.0109955680528964,1.21524347253612
2026-04-24,0.0,-0.003456298347476552,-0.0,1.0109955680528964,1.211043228530212
2026-04-27,0.0,0.009468556751906684,0.0,1.0109955680528964,1.2225100600685626
2026-04-28,0.0,-0.011672546951490876,-0.0,1.0109955680528964,1.2082402539937422
2026-04-29,0.0,0.013193550433591968,0.0,1.0109955680528964,1.2241812327207047
2026-04-30,0.0,0.005638965245597776,0.0,1.0109955680528964,1.2310843481463296
2026-05-06,0.0,0.010141301975540922,0.0,1.0109955680528964,1.2435691462782434
2026-05-07,0.0,0.009792724121557456,0.0,1.0109955680528964,1.255747075853827
2026-05-08,0.0,0.013912697507190796,0.0,1.0109955680528964,1.2732179050657206
2026-05-11,0.0,0.005206573365617434,0.0,1.0109955680528964,1.279847007498863
2026-05-12,0.0,-0.013685160688665711,-0.0,1.0109955680528964,1.2623320955443331
2026-05-13,0.0,0.0057103147969052226,0.0,1.0109955680528964,1.2695404091881284
2026-05-14,1.0,-0.016038728700618753,-0.016038728700618753,0.9947804844193681,1.2491785949906875
2026-05-15,0.0,-0.0035586261239943205,-0.0,0.9947804844193681,1.2447332354090193
2026-05-18,0.0,-0.0005225011809163908,-0.0,0.9947804844193681,1.2440828608235923
2026-05-19,0.0,0.008026593824228028,0.0,0.9947804844193681,1.254068608631107
2026-05-20,1.0,-0.011815923149457803,-0.011815923149457803,0.9830262346648884,1.2392506303273745
2026-05-21,0.0,-0.03212042955801105,-0.0,0.9830262346648884,1.1994453677512231
2026-05-22,0.0,0.01691932152842498,0.0,0.9830262346648884,1.2197391695839859
2026-05-25,1.0,-0.00863552935694315,-0.00863552935694315,0.9745372827567945,1.2092060761772299
2026-05-26,0.0,-0.019954438620689657,-0.0,0.9745372827567945,1.1850770477503862
2026-05-27,0.0,-0.024554720377019747,-0.0,0.9745372827567945,1.1559778122176514
2026-05-28,0.0,0.00811321171171171,0.0,0.9745372827567945,1.1653565049422145
2026-05-29,0.0,-0.024904717275155832,-0.0,0.9745372827567945,1.136333630661865
2026-06-01,0.0,0.019766243303571428,0.0,0.9745372827567945,1.1587946776795581
2026-06-02,0.0,-0.013692399029982363,-0.0,0.9745372827567945,1.1429279985589498
2026-06-03,0.0,-0.009680856017505471,-0.0,0.9745372827567945,1.1318634771665248
2026-06-04,0.0,-0.015525367781155016,-0.0,0.9745372827567945,1.1142908804054577
2026-06-05,0.0,0.013514398861646236,0.0,0.9745372827567945,1.129349851811152
2026-06-08,0.0,-0.024382753050063103,-0.0,0.9745372827567945,1.1018131932673154
2026-06-09,0.0,0.007000770638297873,0.0,0.9745372827567945,1.1095267347196305
2026-06-10,0.0,-0.014699169763513513,-0.0,0.9745372827567945,1.0932176128888298
2026-06-11,0.0,-0.016685528846153846,-0.0,0.9745372827567945,1.0749766988738498
2026-06-12,0.0,0.011504376262626263,0.0,0.9745372827567945,1.0873436352912507
2026-06-15,0.0,0.010699858963466442,0.0,0.9745372827567945,1.09897805883369
2026-06-16,0.0,0.0035421873396065005,0.0,0.9745372827567945,1.1028708450001958
2026-06-17,0.0,-0.01149891348600509,-0.0,0.9745372827567945,1.0901890285673013
2026-06-18,0.0,-0.0062078496399830575,-0.0,0.9745372827567945,1.0834212989987961
2026-06-22,0.0,0.003485330795262267,0.0,0.9745372827567945,1.0871973806164397
2026-06-23,1.0,0.009410999150382328,0.009410999150382328,0.9837086522968347,1.0974289942417188
2026-06-24,0.0,-0.025352806113902848,-0.0,0.9837086522968347,1.069606089726933
2026-06-25,0.0,-0.023629745888157895,-0.0,0.9837086522968347,1.0443315696262594
2026-06-26,0.0,-0.027858000401284107,-0.0,0.9837086522968347,1.0152385803405375
2026-06-29,0.0,-0.0039819,-0.0,0.9837086522968347,1.0111960018374795
2026-06-30,0.0,0.006151928280358598,0.0,0.9837086522968347,1.017416807118169
2026-07-01,1.0,0.02648535794276234,0.02648535794276234,1.0097625280643088,1.0443634554316763
2026-07-02,0.0,-0.001091477581242287,-0.0,1.0097625280643088,1.043223556133404
2026-07-03,0.0,0.0164489565397351,0.0,1.0097625280643088,1.0603834950694702
2026-07-06,0.0,-0.014740287408013081,-0.0,1.0097625280643088,1.0447531375894328
2026-07-07,0.0,-0.028151873397435898,-0.0,1.0097625280643088,1.0153413795284412
2026-07-08,0.0,-0.015261101145792178,-0.0,1.0097625280643088,0.9998461520379495
2026-07-09,0.0,-0.0015066642800318217,-0.0,1.0097625280643088,0.9983397195551467
2026-07-10,0.0,0.016862601123595507,0.0,1.0097625280643088,1.0151743240318474
2026-07-13,0.0,-0.04309548352074447,-0.0,1.0097625280643088,0.97142489567985
2026-07-14,0.0,0.018274978848413632,0.0,1.0097625280643088,0.9891776651012216
2026-07-15,0.0,0.0069101606299212595,0.0,1.0097625280643088,0.9960130416586016
2026-07-16,0.0,0.0006108272620446532,0.0,1.0097625280643088,0.9966214335777986
2026-07-17,0.0,-0.04372483289324783,-0.0,1.0097625280643088,0.9530443279367803
2026-07-20,0.0,-0.03363277560795873,-0.0,1.0097625280643088,0.9209908019108447
2026-07-21,0.0,0.0035580893189430594,0.0,1.0097625280643088,0.9242677694459686
2026-07-22,0.0,-0.01253786962962963,-0.0,1.0097625280643088,0.9126794206497864
2026-07-23,0.0,0.02543904754773493,0.0,1.0097625280643088,0.9358971158275353
2026-07-24,1.0,-0.02732850404114622,-0.02732850404114622,0.9821672287355053,0.9103204477155454
2026-07-27,0.0,0.034501103162650607,0.0,0.9821672287355053,0.9417275073932497
2026-07-28,1.0,0.0006492925272249344,0.0006492925272249344,0.9828049425776085,0.9423389640264824
2026-07-29,0.0,0.014565968301886794,0.0,0.9828049425776085,0.9560650435061251
2026-07-30,0.0,-0.017729605194805195,-0.0,0.9828049425776085,0.9391143877442073
2026-07-31,0.0,0.028331288585513835,0.0,0.9828049425776085,0.9657207084781966
2026-08-03,0.0,0.018312247348484852,0.0,0.9828049425776085,0.9834052249614034
2026-08-04,0.0,0.017527984194294525,0.0,0.9828049425776085,1.0006423362011136
2026-08-05,1.0,0.014666669014084508,0.014666669014084508,0.9972194173758006,1.0153184261476556
2026-08-06,1.0,0.007446509471191793,0.007446509471191793,1.0046452212121457,1.0228790044242395
2026-08-07,1.0,0.0060705069527214935,0.0060705069527214935,1.0107439270125327,1.0290883985323898
2026-08-10,0.0,0.01898516512655685,0.0,1.0107439270125327,1.0486258117083511
2026-08-11,0.0,-0.0021767327207351177,-0.0,1.0107439270125327,1.046343233592198
2026-08-12,0.0,0.013539037141703673,0.0,1.0107439270125327,1.0605097134947732
2026-08-13,1.0,-0.011645522017614091,-0.011645522017614091,0.9989732863563385,1.0481595242763762
2026-08-14,0.0,-0.00013428491396558662,-0.0,0.9989732863563385,1.0480187722648364
