run_id,date,code,side,volume,price,amount,slippage_amt,commission,tax,reason,layer,model
20260816_133930_72c887,2019-01-03,300087.SZ,buy,600,90.539249,54323.5494,54.26928,13.580887,0.0,huang529_signal,,next_open
20260816_133930_72c887,2019-01-03,603663.SH,buy,3500,17.720313,62021.0955,61.959135,15.505274,0.0,huang529_signal,,next_open
20260816_133930_72c887,2019-01-03,002155.SZ,buy,2900,20.956886,60774.9694,60.714255,15.193742,0.0,huang529_signal,,next_open
20260816_133930_72c887,2019-01-07,601989.SH,buy,8200,7.610243,62403.9926,62.341648,15.600998,0.0,huang529_signal,,next_open
20260816_133930_72c887,2019-01-07,600863.SH,buy,1500,40.526666,60789.999,60.72927,15.1975,0.0,huang529_signal,,next_open
20260816_133930_72c887,2019-01-07,600820.SH,buy,500,117.022706,58511.353,58.4529,14.627838,0.0,huang529_signal,,next_open
20260816_133930_72c887,2019-01-07,603665.SH,buy,2300,27.172195,62496.0485,62.433615,15.624012,0.0,huang529_signal,,next_open
20260816_133930_72c887,2019-01-07,300610.SZ,buy,3000,20.55037,61651.11,61.58952,15.412778,0.0,huang529_signal,,next_open
20260816_133930_72c887,2019-01-08,601107.SH,buy,14200,4.445241,63122.4222,63.05936,15.780606,0.0,huang529_signal,,next_open
20260816_133930_72c887,2019-01-08,601158.SH,buy,8100,7.754046,62807.7726,62.74503,15.701943,0.0,huang529_signal,,next_open
20260816_133930_72c887,2019-01-08,000899.SZ,buy,3900,16.007351,62428.6689,62.366304,15.607167,0.0,huang529_signal,,next_open
20260816_133930_72c887,2019-01-08,600021.SH,buy,3600,17.54797,63172.692,63.109584,15.793173,0.0,huang529_signal,,next_open
20260816_133930_72c887,2019-01-08,000895.SZ,buy,100,507.994387,50799.4387,50.74869,12.69986,0.0,huang529_signal,,next_open
20260816_133930_72c887,2019-01-08,002318.SZ,buy,1700,35.486041,60326.2697,60.266003,15.081567,0.0,huang529_signal,,next_open
20260816_133930_72c887,2019-01-08,600615.SH,buy,100,586.36571,58636.571,58.577993,14.659143,0.0,huang529_signal,,next_open
20260816_133930_72c887,2019-01-08,300205.SZ,buy,1200,49.603534,59524.2408,59.464776,14.88106,0.0,huang529_signal,,next_open
20260816_133930_72c887,2019-01-15,300087.SZ,sell,600,76.743819,46046.2914,46.092384,11.511573,23.023146,stop_loss,confirm,next_open
20260816_133930_72c887,2019-01-16,002838.SZ,buy,1000,57.362105,57362.105,57.3048,14.340526,0.0,huang529_signal,,next_open
20260816_133930_72c887,2019-02-01,300610.SZ,sell,3000,17.665836,52997.508,53.05056,13.249377,26.498754,stop_loss,confirm,next_open
20260816_133930_72c887,2019-02-11,600750.SH,buy,300,178.427529,53528.2587,53.474784,13.382065,0.0,huang529_signal,,next_open
20260816_133930_72c887,2019-02-12,603665.SH,sell,2300,21.083895,48492.9585,48.5415,12.12324,24.246479,stop_loss,confirm,next_open
20260816_133930_72c887,2019-02-13,002142.SZ,buy,1600,36.292997,58068.7952,58.010784,14.517199,0.0,huang529_signal,,next_open
20260816_133930_72c887,2019-04-04,603663.SH,sell,3500,21.007771,73527.1985,73.6008,18.3818,36.763599,holding_expired,confirm,next_open
20260816_133930_72c887,2019-04-04,002155.SZ,sell,2900,23.44613,67993.777,68.06184,16.998444,33.996889,holding_expired,confirm,next_open
20260816_133930_72c887,2019-04-08,002394.SZ,buy,1500,48.732684,73099.026,73.026,18.274756,0.0,huang529_signal,,next_open
20260816_133930_72c887,2019-04-08,600642.SH,buy,1400,50.952341,71333.2774,71.262016,17.833319,0.0,huang529_signal,,next_open
20260816_133930_72c887,2019-04-09,601989.SH,sell,8200,11.30854,92730.028,92.822852,23.182507,46.365014,holding_expired,confirm,next_open
20260816_133930_72c887,2019-04-09,600863.SH,sell,1500,49.792388,74688.582,74.763345,18.672145,37.344291,holding_expired,confirm,next_open
20260816_133930_72c887,2019-04-09,600820.SH,sell,500,137.315427,68657.7135,68.72644,17.164428,34.328857,holding_expired,confirm,next_open
20260816_133930_72c887,2019-04-10,601107.SH,sell,14200,5.667327,80476.0434,80.5566,20.119011,40.238022,holding_expired,confirm,next_open
20260816_133930_72c887,2019-04-10,601158.SH,sell,8100,8.403798,68070.7638,68.138901,17.017691,34.035382,holding_expired,confirm,next_open
20260816_133930_72c887,2019-04-10,000899.SZ,sell,3900,19.224596,74975.9244,75.050976,18.743981,37.487962,holding_expired,confirm,next_open
20260816_133930_72c887,2019-04-10,600021.SH,sell,3600,19.218442,69186.3912,69.255648,17.296598,34.593196,holding_expired,confirm,next_open
20260816_133930_72c887,2019-04-10,000895.SZ,sell,100,552.994412,55299.4412,55.354796,13.82486,27.649721,holding_expired,confirm,next_open
20260816_133930_72c887,2019-04-10,002318.SZ,sell,1700,45.220804,76875.3668,76.952319,19.218842,38.437683,holding_expired,confirm,next_open
20260816_133930_72c887,2019-04-10,600615.SH,sell,100,746.136227,74613.6227,74.688311,18.653406,37.306811,holding_expired,confirm,next_open
20260816_133930_72c887,2019-04-10,300205.SZ,sell,1200,86.604809,103925.7708,104.0298,25.981443,51.962885,holding_expired,confirm,next_open
20260816_133930_72c887,2019-04-10,600085.SH,buy,100,356.788832,35678.8832,35.64324,8.919721,0.0,huang529_signal,,next_open
20260816_133930_72c887,2019-04-10,002880.SZ,buy,1100,51.622171,56784.3881,56.72766,14.196097,0.0,huang529_signal,,next_open
20260816_133930_72c887,2019-04-10,603286.SH,buy,3400,17.723306,60259.2404,60.19904,15.06481,0.0,huang529_signal,,next_open
20260816_133930_72c887,2019-04-10,600182.SH,buy,2800,21.417496,59968.9888,59.90908,14.992247,0.0,huang529_signal,,next_open
20260816_133930_72c887,2019-04-11,600886.SH,buy,100,402.27188,40227.188,40.187001,10.056797,0.0,huang529_signal,,next_open
20260816_133930_72c887,2019-04-11,600269.SH,buy,1400,52.507655,73510.717,73.43728,18.377679,0.0,huang529_signal,,next_open
20260816_133930_72c887,2019-04-11,000598.SZ,buy,500,125.761806,62880.903,62.818085,15.720226,0.0,huang529_signal,,next_open
20260816_133930_72c887,2019-04-11,600713.SH,buy,1300,55.582707,72257.5191,72.185334,18.06438,0.0,huang529_signal,,next_open
20260816_133930_72c887,2019-04-11,300258.SZ,buy,1200,61.537176,73844.6112,73.77084,18.461153,0.0,huang529_signal,,next_open
20260816_133930_72c887,2019-04-11,000848.SZ,buy,300,207.777059,62333.1177,62.270847,15.583279,0.0,huang529_signal,,next_open
20260816_133930_72c887,2019-04-15,000883.SZ,buy,3100,23.291969,72205.1039,72.13297,18.051276,0.0,huang529_signal,,next_open
20260816_133930_72c887,2019-04-18,002838.SZ,sell,1000,62.98735,62987.35,63.0504,15.746837,31.493675,holding_expired,confirm,next_open
20260816_133930_72c887,2019-04-22,601898.SH,buy,11600,6.364899,73832.8284,73.759064,18.458207,0.0,huang529_signal,,next_open
20260816_133930_72c887,2019-04-30,603286.SH,sell,3400,14.974411,50912.9974,50.96396,12.728249,25.456499,stop_loss,confirm,next_open
20260816_133930_72c887,2019-04-30,000883.SZ,sell,3100,20.231189,62716.6859,62.779464,15.679171,31.358343,stop_loss,confirm,next_open
20260816_133930_72c887,2019-05-06,600332.SH,buy,1000,64.346983,64346.983,64.2827,16.086746,0.0,huang529_signal,,next_open
20260816_133930_72c887,2019-05-07,002394.SZ,sell,1500,42.069548,63104.322,63.16749,15.776081,31.552161,stop_loss,confirm,next_open
20260816_133930_72c887,2019-05-07,002880.SZ,sell,1100,42.982974,47281.2714,47.3286,11.820318,23.640636,stop_loss,confirm,next_open
20260816_133930_72c887,2019-05-07,000598.SZ,sell,500,109.730679,54865.3395,54.92026,13.716335,27.43267,stop_loss,confirm,next_open
20260816_133930_72c887,2019-05-07,600713.SH,sell,1300,46.481772,60426.3036,60.48679,15.106576,30.213152,stop_loss,confirm,next_open
20260816_133930_72c887,2019-05-07,300258.SZ,sell,1200,52.628519,63154.2228,63.21744,15.788556,31.577111,stop_loss,confirm,next_open
20260816_133930_72c887,2019-05-07,601898.SH,sell,11600,5.568246,64591.6536,64.656312,16.147913,32.295827,stop_loss,confirm,next_open
20260816_133930_72c887,2019-05-09,600886.SH,sell,100,348.030401,34803.0401,34.837878,8.70076,17.40152,stop_loss,confirm,next_open
20260816_133930_72c887,2019-05-10,600750.SH,sell,300,170.07935,51023.805,51.07488,12.755951,25.511903,holding_expired,confirm,next_open
20260816_133930_72c887,2019-05-14,002142.SZ,sell,1600,44.19545,70712.72,70.783504,17.67818,35.35636,holding_expired,confirm,next_open
20260816_133930_72c887,2019-05-16,000403.SZ,buy,500,129.253665,64626.8325,64.56227,16.156708,0.0,huang529_signal,,next_open
20260816_133930_72c887,2019-05-16,002697.SZ,buy,1500,43.460697,65191.0455,65.12592,16.297761,0.0,huang529_signal,,next_open
20260816_133930_72c887,2019-05-29,600900.SH,buy,1300,50.522952,65679.8376,65.614224,16.419959,0.0,huang529_signal,,next_open
20260816_133930_72c887,2019-05-30,600377.SH,buy,2300,28.059762,64537.4526,64.472979,16.134363,0.0,huang529_signal,,next_open
20260816_133930_72c887,2019-05-31,000403.SZ,sell,500,113.534502,56767.251,56.824075,14.191813,28.383625,stop_loss,confirm,next_open
20260816_133930_72c887,2019-06-04,600332.SH,sell,1000,56.635648,56635.648,56.69234,14.158912,28.317824,stop_loss,confirm,next_open
20260816_133930_72c887,2019-06-05,600085.SH,sell,100,308.818972,30881.8972,30.91281,7.720474,15.440949,stop_loss,confirm,next_open
20260816_133930_72c887,2019-06-13,600547.SH,buy,100,376.449573,37644.9573,37.60735,9.411239,0.0,huang529_signal,,next_open
20260816_133930_72c887,2019-06-17,600489.SH,buy,600,102.330528,61398.3168,61.33698,15.349579,0.0,huang529_signal,,next_open
20260816_133930_72c887,2019-06-21,601006.SH,buy,4500,14.723459,66255.5655,66.189375,16.563891,0.0,huang529_signal,,next_open
20260816_133930_72c887,2019-06-21,600000.SH,buy,400,155.011377,62004.5508,61.942608,15.501138,0.0,huang529_signal,,next_open
20260816_133930_72c887,2019-06-27,603043.SH,buy,2100,31.910158,67011.3318,66.944388,16.752833,0.0,huang529_signal,,next_open
20260816_133930_72c887,2019-06-27,300701.SZ,buy,1600,42.116825,67386.92,67.3196,16.84673,0.0,huang529_signal,,next_open
20260816_133930_72c887,2019-07-01,300701.SZ,sell,1600,37.523189,60037.1024,60.0972,15.009276,30.018551,stop_loss,confirm,next_open
20260816_133930_72c887,2019-07-02,600429.SH,buy,7400,9.091162,67274.5988,67.207392,16.81865,0.0,huang529_signal,,next_open
20260816_133930_72c887,2019-07-05,600642.SH,sell,1400,53.711395,75195.953,75.271224,18.798988,37.597976,holding_expired,confirm,next_open
20260816_133930_72c887,2019-07-05,603326.SH,buy,3800,17.463446,66361.0948,66.2948,16.590274,0.0,huang529_signal,,next_open
20260816_133930_72c887,2019-07-05,603506.SH,buy,1700,37.965928,64542.0776,64.4776,16.135519,0.0,huang529_signal,,next_open
20260816_133930_72c887,2019-07-08,002647.SZ,buy,1300,50.578788,65752.4244,65.686738,16.438106,0.0,huang529_signal,,next_open
20260816_133930_72c887,2019-07-09,600182.SH,sell,2800,19.763577,55338.0156,55.393408,13.834504,27.669008,holding_expired,confirm,next_open
20260816_133930_72c887,2019-07-09,603506.SH,sell,1700,33.153813,56361.4821,56.4179,14.090371,28.180741,stop_loss,confirm,next_open
20260816_133930_72c887,2019-07-10,600269.SH,sell,1400,49.880599,69832.8386,69.902742,17.45821,34.916419,holding_expired,confirm,next_open
20260816_133930_72c887,2019-07-10,000848.SZ,sell,300,188.128403,56438.5209,56.495016,14.10963,28.21926,holding_expired,confirm,next_open
20260816_133930_72c887,2019-07-11,600007.SH,buy,2300,28.092064,64611.7472,64.5472,16.152937,0.0,huang529_signal,,next_open
20260816_133930_72c887,2019-07-18,002179.SZ,buy,200,281.45117,56290.234,56.234,14.072558,0.0,huang529_signal,,next_open
20260816_133930_72c887,2019-07-22,600048.SH,buy,200,295.120426,59024.0852,58.96512,14.756021,0.0,huang529_signal,,next_open
20260816_133930_72c887,2019-07-22,002120.SZ,buy,400,162.842079,65136.8316,65.07176,16.284208,0.0,huang529_signal,,next_open
20260816_133930_72c887,2019-07-25,601939.SH,buy,5100,13.000437,66302.2287,66.235995,16.575557,0.0,huang529_signal,,next_open
20260816_133930_72c887,2019-08-06,600429.SH,sell,7400,7.944188,58786.9912,58.845836,14.696748,29.393496,stop_loss,confirm,next_open
20260816_133930_72c887,2019-08-09,002697.SZ,sell,1500,46.869454,70304.181,70.374555,17.576045,35.15209,holding_expired,confirm,next_open
20260816_133930_72c887,2019-08-22,600900.SH,sell,1300,58.146775,75590.8075,75.666474,18.897702,37.795404,holding_expired,confirm,next_open
20260816_133930_72c887,2019-08-22,600323.SH,buy,1000,67.685117,67685.117,67.6175,16.921279,0.0,huang529_signal,,next_open
20260816_133930_72c887,2019-08-22,600038.SH,buy,400,139.124185,55649.674,55.59408,13.912418,0.0,huang529_signal,,next_open
20260816_133930_72c887,2019-08-23,600377.SH,sell,2300,27.547165,63358.4795,63.421902,15.83962,31.67924,holding_expired,confirm,next_open
20260816_133930_72c887,2019-08-26,002039.SZ,buy,1900,35.60599,67651.381,67.583798,16.912845,0.0,huang529_signal,,next_open
20260816_133930_72c887,2019-08-26,600062.SH,buy,600,102.941519,61764.9114,61.703208,15.441228,0.0,huang529_signal,,next_open
20260816_133930_72c887,2019-09-05,600547.SH,sell,100,620.365094,62036.5094,62.098608,15.509127,31.018255,holding_expired,confirm,next_open
20260816_133930_72c887,2019-09-06,000667.SZ,buy,900,72.821509,65539.3581,65.473884,16.38484,0.0,huang529_signal,,next_open
20260816_133930_72c887,2019-09-09,600489.SH,sell,600,111.361527,66816.9162,66.8838,16.704229,33.408458,holding_expired,confirm,next_open
20260816_133930_72c887,2019-09-10,600461.SH,buy,2500,27.602715,69006.7875,68.93785,17.251697,0.0,huang529_signal,,next_open
20260816_133930_72c887,2019-09-16,601006.SH,sell,4500,13.890056,62505.252,62.56782,15.626313,31.252626,holding_expired,confirm,next_open
20260816_133930_72c887,2019-09-16,600000.SH,sell,400,152.288419,60915.3676,60.976344,15.228842,30.457684,holding_expired,confirm,next_open
20260816_133930_72c887,2019-09-17,600285.SH,buy,1100,61.037476,67141.2236,67.07415,16.785306,0.0,huang529_signal,,next_open
20260816_133930_72c887,2019-09-17,002190.SZ,buy,1200,53.237855,63885.426,63.821604,15.971357,0.0,huang529_signal,,next_open
20260816_133930_72c887,2019-09-20,603043.SH,sell,2100,34.054392,71514.2232,71.585808,17.878556,35.757112,holding_expired,confirm,next_open
20260816_133930_72c887,2019-09-23,600628.SH,buy,100,387.16702,38716.702,38.678024,9.679175,0.0,huang529_signal,,next_open
20260816_133930_72c887,2019-09-30,603326.SH,sell,3800,17.299983,65739.9354,65.80574,16.434984,32.869968,holding_expired,confirm,next_open
20260816_133930_72c887,2019-10-08,002647.SZ,sell,1300,54.377568,70690.8384,70.7616,17.67271,35.345419,holding_expired,confirm,next_open
20260816_133930_72c887,2019-10-08,601369.SH,buy,4800,13.855912,66508.3776,66.441936,16.627094,0.0,huang529_signal,,next_open
20260816_133930_72c887,2019-10-09,000598.SZ,buy,500,119.560962,59780.481,59.72076,14.94512,0.0,huang529_signal,,next_open
20260816_133930_72c887,2019-10-11,600007.SH,sell,2300,29.42021,67666.483,67.734218,16.916621,33.833241,holding_expired,confirm,next_open
20260816_133930_72c887,2019-10-14,601998.SH,buy,7600,8.843535,67210.866,67.14372,16.802716,0.0,huang529_signal,,next_open
20260816_133930_72c887,2019-10-18,002179.SZ,sell,200,308.683508,61736.7016,61.7985,15.434175,30.868351,holding_expired,confirm,next_open
20260816_133930_72c887,2019-10-22,600048.SH,sell,200,323.983852,64796.7704,64.861632,16.199193,32.398385,holding_expired,confirm,next_open
20260816_133930_72c887,2019-10-22,002120.SZ,sell,400,172.565831,69026.3324,69.095428,17.256583,34.513166,holding_expired,confirm,next_open
20260816_133930_72c887,2019-10-22,600865.SH,buy,2200,30.569999,67253.9978,67.186812,16.813499,0.0,huang529_signal,,next_open
20260816_133930_72c887,2019-10-23,000999.SZ,buy,1000,65.904449,65904.449,65.83861,16.476112,0.0,huang529_signal,,next_open
20260816_133930_72c887,2019-10-23,000895.SZ,buy,100,563.029737,56302.9737,56.246727,14.075743,0.0,huang529_signal,,next_open
20260816_133930_72c887,2019-10-25,601939.SH,sell,5100,13.098029,66799.9479,66.866814,16.699987,33.399974,holding_expired,confirm,next_open
20260816_133930_72c887,2019-10-28,300457.SZ,buy,700,97.629031,68340.3217,68.27205,17.08508,0.0,huang529_signal,,next_open
20260816_133930_72c887,2019-11-18,000999.SZ,sell,1000,56.628215,56628.215,56.6849,14.157054,28.314107,stop_loss,confirm,next_open
20260816_133930_72c887,2019-11-22,600323.SH,sell,1000,63.60643,63606.43,63.6701,15.901608,31.803215,holding_expired,confirm,next_open
20260816_133930_72c887,2019-11-22,600038.SH,sell,400,134.308757,53723.5028,53.77728,13.430876,26.861751,holding_expired,confirm,next_open
20260816_133930_72c887,2019-11-26,002039.SZ,sell,1900,36.484719,69320.9661,69.390356,17.330242,34.660483,holding_expired,confirm,next_open
20260816_133930_72c887,2019-11-26,600062.SH,sell,600,96.362841,57817.7046,57.87558,14.454426,28.908852,holding_expired,confirm,next_open
20260816_133930_72c887,2019-12-09,000667.SZ,sell,900,70.650199,63585.1791,63.648828,15.896295,31.79259,holding_expired,confirm,next_open
20260816_133930_72c887,2019-12-11,600461.SH,sell,2500,25.035499,62588.7475,62.6514,15.647187,31.294374,holding_expired,confirm,next_open
20260816_133930_72c887,2019-12-17,600285.SH,sell,1100,69.657073,76622.7803,76.69948,19.155695,38.31139,holding_expired,confirm,next_open
20260816_133930_72c887,2019-12-17,002190.SZ,sell,1200,54.444671,65333.6052,65.399004,16.333401,32.666803,holding_expired,confirm,next_open
20260816_133930_72c887,2019-12-17,300138.SZ,buy,1800,36.560144,65808.2592,65.742516,16.452065,0.0,huang529_signal,,next_open
20260816_133930_72c887,2019-12-17,600252.SH,buy,600,113.851978,68311.1868,68.242944,17.077797,0.0,huang529_signal,,next_open
20260816_133930_72c887,2019-12-17,603167.SH,buy,5300,12.8326,68012.78,67.944834,17.003195,0.0,huang529_signal,,next_open
20260816_133930_72c887,2019-12-17,600193.SH,buy,2600,26.085169,67821.4394,67.753686,16.95536,0.0,huang529_signal,,next_open
20260816_133930_72c887,2019-12-17,600399.SH,buy,6600,10.333323,68199.9318,68.1318,17.049983,0.0,huang529_signal,,next_open
20260816_133930_72c887,2019-12-17,000042.SZ,buy,400,138.251954,55300.7816,55.245536,13.825195,0.0,huang529_signal,,next_open
20260816_133930_72c887,2019-12-18,000776.SZ,buy,800,80.545415,64436.332,64.37196,16.109083,0.0,huang529_signal,,next_open
20260816_133930_72c887,2019-12-18,600362.SH,buy,2700,24.937332,67330.7964,67.263534,16.832699,0.0,huang529_signal,,next_open
20260816_133930_72c887,2019-12-18,001965.SZ,buy,7500,9.213805,69103.5375,69.0345,17.275884,0.0,huang529_signal,,next_open
20260816_133930_72c887,2019-12-23,600628.SH,sell,100,438.134107,43813.4107,43.857268,10.953353,21.906705,holding_expired,confirm,next_open
20260816_133930_72c887,2019-12-24,600658.SH,buy,2300,29.652363,68200.4349,68.132302,17.050109,0.0,huang529_signal,,next_open
20260816_133930_72c887,2019-12-31,601369.SH,sell,4800,13.002075,62409.96,62.472432,15.60249,31.20498,holding_expired,confirm,next_open
20260816_133930_72c887,2020-01-02,000598.SZ,sell,500,114.886343,57443.1715,57.500672,14.360793,28.721586,holding_expired,confirm,next_open
20260816_133930_72c887,2020-01-02,600694.SH,buy,500,130.246011,65123.0055,65.057948,16.280751,0.0,huang529_signal,,next_open
20260816_133930_72c887,2020-01-03,600028.SH,buy,4400,16.11444,70903.536,70.832705,17.725884,0.0,huang529_signal,,next_open
20260816_133930_72c887,2020-01-07,601998.SH,sell,7600,9.03146,68639.096,68.7078,17.159774,34.319548,holding_expired,confirm,next_open
20260816_133930_72c887,2020-01-08,000719.SZ,buy,2200,32.185478,70808.0516,70.737315,17.702013,0.0,huang529_signal,,next_open
20260816_133930_72c887,2020-01-15,600865.SH,sell,2200,31.783463,69923.6186,69.993612,17.480905,34.961809,holding_expired,confirm,next_open
20260816_133930_72c887,2020-01-16,000895.SZ,sell,100,652.755471,65275.5471,65.340888,16.318887,32.637774,holding_expired,confirm,next_open
20260816_133930_72c887,2020-01-16,600676.SH,buy,1100,64.006599,70407.2589,70.336922,17.601815,0.0,huang529_signal,,next_open
20260816_133930_72c887,2020-01-17,002595.SZ,buy,700,95.43019,66801.133,66.734398,16.700283,0.0,huang529_signal,,next_open
20260816_133930_72c887,2020-01-21,300457.SZ,sell,700,154.297978,108008.5846,108.116701,27.002146,54.004292,holding_expired,confirm,next_open
20260816_133930_72c887,2020-01-22,002275.SZ,buy,3100,22.999929,71299.7799,71.228551,17.824945,0.0,huang529_signal,,next_open
20260816_133930_72c887,2020-02-04,000042.SZ,sell,400,114.361603,45744.6412,45.790432,11.43616,22.872321,stop_loss,confirm,next_open
20260816_133930_72c887,2020-02-04,600362.SH,sell,2700,21.59416,58304.232,58.362595,14.576058,29.152116,stop_loss,confirm,next_open
20260816_133930_72c887,2020-02-04,001965.SZ,sell,7500,7.819153,58643.6475,58.70235,14.660912,29.321824,stop_loss,confirm,next_open
20260816_133930_72c887,2020-02-04,600694.SH,sell,500,109.084255,54542.1275,54.596724,13.635532,27.271064,stop_loss,confirm,next_open
20260816_133930_72c887,2020-02-04,000719.SZ,sell,2200,28.792329,63343.1238,63.40653,15.835781,31.671562,stop_loss,confirm,next_open
20260816_133930_72c887,2020-02-04,600676.SH,sell,1100,50.170835,55187.9185,55.243162,13.79698,27.593959,stop_loss,confirm,next_open
20260816_133930_72c887,2020-02-05,603167.SH,sell,5300,9.855215,52232.6395,52.284924,13.05816,26.11632,stop_loss,confirm,next_open
20260816_133930_72c887,2020-02-05,600193.SH,sell,2600,21.548244,56025.4344,56.081516,14.006359,28.012717,stop_loss,confirm,next_open
20260816_133930_72c887,2020-03-03,600039.SH,buy,2200,30.475762,67046.6764,66.979697,16.761669,0.0,huang529_signal,,next_open
20260816_133930_72c887,2020-03-03,600881.SH,buy,400,162.95854,65183.416,65.118298,16.295854,0.0,huang529_signal,,next_open
20260816_133930_72c887,2020-03-04,002694.SZ,buy,4600,14.558184,66967.6464,66.900744,16.741912,0.0,huang529_signal,,next_open
20260816_133930_72c887,2020-03-05,600873.SH,buy,2100,32.018707,67239.2847,67.172112,16.809821,0.0,huang529_signal,,next_open
20260816_133930_72c887,2020-03-06,000726.SZ,buy,800,76.187146,60949.7168,60.888828,15.237429,0.0,huang529_signal,,next_open
20260816_133930_72c887,2020-03-06,002887.SZ,buy,1500,42.932197,64398.2955,64.333962,16.099574,0.0,huang529_signal,,next_open
20260816_133930_72c887,2020-03-06,600763.SH,buy,200,273.179206,54635.8412,54.58126,13.65896,0.0,huang529_signal,,next_open
20260816_133930_72c887,2020-03-09,002262.SZ,buy,500,102.39388,51196.94,51.145794,12.799235,0.0,huang529_signal,,next_open
20260816_133930_72c887,2020-03-16,600028.SH,sell,4400,14.192038,62444.9672,62.507474,15.611242,31.222484,stop_loss,confirm,next_open
20260816_133930_72c887,2020-03-17,600763.SH,sell,200,238.855805,47771.161,47.81898,11.94279,23.88558,stop_loss,confirm,next_open
20260816_133930_72c887,2020-03-18,002694.SZ,sell,4600,12.851088,59115.0048,59.174179,14.778751,29.557502,stop_loss,confirm,next_open
20260816_133930_72c887,2020-03-18,002262.SZ,sell,500,89.036219,44518.1095,44.562672,11.129527,22.259055,stop_loss,confirm,next_open
20260816_133930_72c887,2020-03-18,000598.SZ,buy,500,121.045084,60522.542,60.46208,15.130636,0.0,huang529_signal,,next_open
20260816_133930_72c887,2020-03-19,300138.SZ,sell,1800,47.069268,84724.6824,84.809491,21.181171,42.362341,holding_expired,confirm,next_open
20260816_133930_72c887,2020-03-19,600252.SH,sell,600,116.575156,69945.0936,70.015109,17.486273,34.972547,holding_expired,confirm,next_open
20260816_133930_72c887,2020-03-19,600399.SH,sell,6600,12.649482,83486.5812,83.57015,20.871645,41.743291,holding_expired,confirm,next_open
20260816_133930_72c887,2020-03-19,600881.SH,sell,400,141.54222,56616.888,56.673562,14.154222,28.308444,stop_loss,confirm,next_open
20260816_133930_72c887,2020-03-20,000776.SZ,sell,800,75.392628,60314.1024,60.374477,15.078526,30.157051,holding_expired,confirm,next_open
20260816_133930_72c887,2020-03-20,002595.SZ,sell,700,83.939916,58757.9412,58.816758,14.689485,29.378971,stop_loss,confirm,next_open
20260816_133930_72c887,2020-03-24,600873.SH,sell,2100,28.293253,59415.8313,59.475307,14.853958,29.707916,stop_loss,confirm,next_open
20260816_133930_72c887,2020-03-24,000726.SZ,sell,800,67.234218,53787.3744,53.841216,13.446844,26.893687,stop_loss,confirm,next_open
20260816_133930_72c887,2020-03-26,600658.SH,sell,2300,27.737818,63796.9814,63.860843,15.949245,31.898491,holding_expired,confirm,next_open
20260816_133930_72c887,2020-04-08,300218.SZ,buy,3300,18.99908,62696.964,62.63433,15.674241,0.0,huang529_signal,,next_open
20260816_133930_72c887,2020-04-09,600461.SH,buy,2100,30.030961,63065.0181,63.002016,15.766255,0.0,huang529_signal,,next_open
20260816_133930_72c887,2020-04-10,002290.SZ,buy,4600,13.644554,62764.9484,62.702246,15.691237,0.0,huang529_signal,,next_open
20260816_133930_72c887,2020-04-14,002809.SZ,buy,2100,29.139891,61193.7711,61.132638,15.298443,0.0,huang529_signal,,next_open
20260816_133930_72c887,2020-04-17,300218.SZ,sell,3300,16.306563,53811.6579,53.865524,13.452914,26.905829,stop_loss,confirm,next_open
20260816_133930_72c887,2020-04-17,603926.SH,buy,3400,18.283105,62162.557,62.100456,15.540639,0.0,huang529_signal,,next_open
20260816_133930_72c887,2020-04-21,600193.SH,buy,2400,25.882839,62118.8136,62.056757,15.529703,0.0,huang529_signal,,next_open
20260816_133930_72c887,2020-04-21,002883.SZ,buy,1800,34.763241,62573.8338,62.511322,15.643458,0.0,huang529_signal,,next_open
20260816_133930_72c887,2020-04-21,002263.SZ,buy,6100,10.280886,62713.4046,62.650751,15.678351,0.0,huang529_signal,,next_open
20260816_133930_72c887,2020-04-21,002690.SZ,buy,400,156.928752,62771.5008,62.708792,15.692875,0.0,huang529_signal,,next_open
20260816_133930_72c887,2020-04-21,603856.SH,buy,3900,16.117193,62857.0527,62.794259,15.714263,0.0,huang529_signal,,next_open
20260816_133930_72c887,2020-04-21,000952.SZ,buy,2500,24.407841,61019.6025,60.958645,15.254901,0.0,huang529_signal,,next_open
20260816_133930_72c887,2020-04-22,603926.SH,sell,3400,15.177833,51604.6322,51.656288,12.901158,25.802316,stop_loss,confirm,next_open
20260816_133930_72c887,2020-04-22,000631.SZ,buy,1100,54.32414,59756.554,59.696857,14.939138,0.0,huang529_signal,,next_open
20260816_133930_72c887,2020-04-22,603020.SH,buy,2900,20.043904,58127.3216,58.069252,14.53183,0.0,huang529_signal,,next_open
20260816_133930_72c887,2020-04-24,002275.SZ,sell,3100,22.14364,68645.284,68.713999,17.161321,34.322642,holding_expired,confirm,next_open
20260816_133930_72c887,2020-04-24,300741.SZ,buy,1400,37.472781,52461.8934,52.409484,13.115473,0.0,huang529_signal,,next_open
20260816_133930_72c887,2020-04-27,000531.SZ,buy,600,92.412966,55447.7796,55.392387,13.861945,0.0,huang529_signal,,next_open
20260816_133930_72c887,2020-04-30,000952.SZ,sell,2500,21.34299,53357.475,53.410885,13.339369,26.678738,stop_loss,confirm,next_open
20260816_133930_72c887,2020-05-07,002039.SZ,buy,1600,36.650868,58641.3888,58.582806,14.660347,0.0,huang529_signal,,next_open
20260816_133930_72c887,2020-06-01,600039.SH,sell,2200,30.569655,67253.241,67.320561,16.81331,33.626621,holding_expired,confirm,next_open
20260816_133930_72c887,2020-06-03,600900.SH,buy,1100,55.644269,61208.6959,61.147548,15.302174,0.0,huang529_signal,,next_open
20260816_133930_72c887,2020-06-04,002887.SZ,sell,1500,51.458098,77187.147,77.264412,19.296787,38.593573,holding_expired,confirm,next_open
20260816_133930_72c887,2020-06-05,000042.SZ,buy,400,141.685208,56674.0832,56.617466,14.168521,0.0,huang529_signal,,next_open
20260816_133930_72c887,2020-06-16,000598.SZ,sell,500,114.654503,57327.2515,57.384636,14.331813,28.663626,holding_expired,confirm,next_open
20260816_133930_72c887,2020-06-17,603968.SH,buy,2000,32.339307,64678.614,64.614,16.169653,0.0,huang529_signal,,next_open
20260816_133930_72c887,2020-07-09,600461.SH,sell,2100,29.722376,62416.9896,62.479469,15.604247,31.208495,holding_expired,confirm,next_open
20260816_133930_72c887,2020-07-10,002290.SZ,sell,4600,14.679069,67523.7174,67.59131,16.880929,33.761859,holding_expired,confirm,next_open
20260816_133930_72c887,2020-07-10,600269.SH,buy,1700,43.548407,74032.2919,73.958333,18.508073,0.0,huang529_signal,,next_open
20260816_133930_72c887,2020-07-13,600713.SH,buy,1400,51.172265,71641.171,71.569602,17.910293,0.0,huang529_signal,,next_open
20260816_133930_72c887,2020-07-14,002809.SZ,sell,2100,39.700684,83371.4364,83.45489,20.842859,41.685718,holding_expired,confirm,next_open
20260816_133930_72c887,2020-07-15,600054.SH,buy,1800,42.591669,76665.0042,76.588416,19.166251,0.0,huang529_signal,,next_open
20260816_133930_72c887,2020-07-21,600193.SH,sell,2400,33.861527,81267.6648,81.349013,20.316916,40.633832,holding_expired,confirm,next_open
20260816_133930_72c887,2020-07-21,002883.SZ,sell,1800,42.777929,77000.2722,77.07735,19.250068,38.500136,holding_expired,confirm,next_open
20260816_133930_72c887,2020-07-21,002263.SZ,sell,6100,12.97233,79131.213,79.210422,19.782803,39.565607,holding_expired,confirm,next_open
20260816_133930_72c887,2020-07-21,002690.SZ,sell,400,197.153941,78861.5764,78.940517,19.715394,39.430788,holding_expired,confirm,next_open
20260816_133930_72c887,2020-07-21,603856.SH,sell,3900,21.020019,81978.0741,82.060134,20.494519,40.989037,holding_expired,confirm,next_open
20260816_133930_72c887,2020-07-22,000631.SZ,sell,1100,55.107945,60618.7395,60.679419,15.154685,30.30937,holding_expired,confirm,next_open
20260816_133930_72c887,2020-07-22,603020.SH,sell,2900,27.559321,79922.0309,80.002033,19.980508,39.961015,holding_expired,confirm,next_open
20260816_133930_72c887,2020-07-22,300547.SZ,buy,2100,35.84824,75281.304,75.206099,18.820326,0.0,huang529_signal,,next_open
20260816_133930_72c887,2020-07-22,600027.SH,buy,11200,6.773078,75858.4736,75.782694,18.964618,0.0,huang529_signal,,next_open
20260816_133930_72c887,2020-07-23,603586.SH,buy,3800,19.576257,74389.7766,74.31546,18.597444,0.0,huang529_signal,,next_open
20260816_133930_72c887,2020-07-24,300741.SZ,sell,1400,74.284142,103997.7988,104.1019,25.99945,51.998899,holding_expired,confirm,next_open
20260816_133930_72c887,2020-07-24,002598.SZ,buy,4600,16.173439,74397.8194,74.323497,18.599455,0.0,huang529_signal,,next_open
20260816_133930_72c887,2020-07-24,603789.SH,buy,3700,20.376076,75391.4812,75.316164,18.84787,0.0,huang529_signal,,next_open
20260816_133930_72c887,2020-07-24,300733.SZ,buy,6500,11.516145,74854.9425,74.78016,18.713736,0.0,huang529_signal,,next_open
20260816_133930_72c887,2020-07-27,000531.SZ,sell,600,121.466665,72879.999,72.952952,18.22,36.439999,holding_expired,confirm,next_open
20260816_133930_72c887,2020-07-27,000537.SZ,buy,1400,50.740638,71036.8932,70.965927,17.759223,0.0,huang529_signal,,next_open
20260816_133930_72c887,2020-07-28,000042.SZ,sell,400,124.590437,49836.1748,49.886061,12.459044,24.918087,stop_loss,confirm,next_open
20260816_133930_72c887,2020-07-28,002574.SZ,buy,5800,12.567615,72892.167,72.819348,18.223042,0.0,huang529_signal,,next_open
20260816_133930_72c887,2020-07-28,600420.SH,buy,700,99.274335,69492.0345,69.422612,17.373009,0.0,huang529_signal,,next_open
20260816_133930_72c887,2020-07-29,600097.SH,buy,4800,15.098633,72473.4384,72.401035,18.11836,0.0,huang529_signal,,next_open
20260816_133930_72c887,2020-08-03,002039.SZ,sell,1600,41.347397,66155.8352,66.222058,16.538959,33.077918,holding_expired,confirm,next_open
20260816_133930_72c887,2020-08-04,600202.SH,buy,3300,22.943597,75713.8701,75.638231,18.928468,0.0,huang529_signal,,next_open
20260816_133930_72c887,2020-08-28,600900.SH,sell,1100,59.621369,65583.5059,65.649155,16.395876,32.791753,holding_expired,confirm,next_open
20260816_133930_72c887,2020-08-31,600023.SH,buy,11900,6.583917,78348.6123,78.270346,19.587153,0.0,huang529_signal,,next_open
20260816_133930_72c887,2020-09-01,603789.SH,sell,3700,17.826456,65957.8872,66.02391,16.489472,32.978944,stop_loss,confirm,next_open
20260816_133930_72c887,2020-09-02,601566.SH,buy,4900,16.105071,78914.8479,78.836012,19.728712,0.0,huang529_signal,,next_open
20260816_133930_72c887,2020-09-11,603968.SH,sell,2000,36.528197,73056.394,73.129524,18.264098,36.528197,holding_expired,confirm,next_open
20260816_133930_72c887,2020-09-14,600376.SH,buy,1100,68.407745,75248.5195,75.173347,18.81213,0.0,huang529_signal,,next_open
20260816_133930_72c887,2020-09-24,000537.SZ,sell,1400,44.131153,61783.6142,61.845459,15.445904,30.891807,stop_loss,confirm,next_open
20260816_133930_72c887,2020-09-28,002574.SZ,sell,5800,10.977611,63670.1438,63.73388,15.917536,31.835072,stop_loss,confirm,next_open
20260816_133930_72c887,2020-09-29,002132.SZ,buy,3700,20.714117,76642.2329,76.565669,19.160558,0.0,huang529_signal,,next_open
20260816_133930_72c887,2020-10-09,600420.SH,sell,700,87.376976,61163.8832,61.225108,15.290971,30.581942,stop_loss,confirm,next_open
20260816_133930_72c887,2020-10-12,600269.SH,sell,1700,40.319784,68543.6328,68.612245,17.135908,34.271816,holding_expired,confirm,next_open
20260816_133930_72c887,2020-10-12,300679.SZ,buy,800,95.72088,76576.704,76.500204,19.144176,0.0,huang529_signal,,next_open
20260816_133930_72c887,2020-10-13,600713.SH,sell,1400,50.535818,70750.1452,70.820966,17.687536,35.375073,holding_expired,confirm,next_open
20260816_133930_72c887,2020-10-13,600333.SH,buy,4400,12.482462,54922.8328,54.867965,13.730708,0.0,huang529_signal,,next_open
20260816_133930_72c887,2020-10-13,002872.SZ,buy,5600,9.893784,55405.1904,55.34984,13.851298,0.0,huang529_signal,,next_open
20260816_133930_72c887,2020-10-14,601339.SH,buy,7200,9.781352,70425.7344,70.355376,17.606434,0.0,huang529_signal,,next_open
20260816_133930_72c887,2020-10-15,600054.SH,sell,1800,38.610135,69498.243,69.567811,17.374561,34.749122,holding_expired,confirm,next_open
20260816_133930_72c887,2020-10-16,601166.SH,buy,900,73.439197,66095.2773,66.029248,16.523819,0.0,huang529_signal,,next_open
20260816_133930_72c887,2020-10-22,300547.SZ,sell,2100,54.374151,114185.7171,114.300018,28.546429,57.092859,holding_expired,confirm,next_open
20260816_133930_72c887,2020-10-22,600027.SH,sell,11200,6.35608,71188.096,71.25935,17.797024,35.594048,holding_expired,confirm,next_open
20260816_133930_72c887,2020-10-23,603586.SH,sell,3800,19.248101,73142.7838,73.215998,18.285696,36.571392,holding_expired,confirm,next_open
20260816_133930_72c887,2020-10-26,002598.SZ,sell,4600,15.783493,72604.0678,72.676743,18.151017,36.302034,holding_expired,confirm,next_open
20260816_133930_72c887,2020-10-26,300733.SZ,sell,6500,21.960098,142740.637,142.88352,35.685159,71.370318,holding_expired,confirm,next_open
20260816_133930_72c887,2020-10-29,600097.SH,sell,4800,13.32246,63947.808,64.011821,15.986952,31.973904,holding_expired,confirm,next_open
20260816_133930_72c887,2020-10-30,000883.SZ,buy,3500,22.141317,77494.6095,77.417193,19.373652,0.0,huang529_signal,,next_open
20260816_133930_72c887,2020-10-30,600019.SH,buy,5500,14.243049,78336.7695,78.25851,19.584192,0.0,huang529_signal,,next_open
20260816_133930_72c887,2020-11-02,600376.SH,sell,1100,57.978471,63776.3181,63.840159,15.94408,31.888159,stop_loss,confirm,next_open
20260816_133930_72c887,2020-11-03,002872.SZ,sell,5600,8.643562,48403.9472,48.452398,12.100987,24.201974,stop_loss,confirm,next_open
20260816_133930_72c887,2020-11-03,600507.SH,buy,600,118.448498,71069.0988,70.998101,17.767275,0.0,huang529_signal,,next_open
20260816_133930_72c887,2020-11-03,002230.SZ,buy,100,541.963062,54196.3062,54.142164,13.549077,0.0,huang529_signal,,next_open
20260816_133930_72c887,2020-11-03,002499.SZ,buy,7200,10.464142,75341.8224,75.266554,18.835456,0.0,huang529_signal,,next_open
20260816_133930_72c887,2020-11-03,603519.SH,buy,1500,48.044555,72066.8325,71.994837,18.016708,0.0,huang529_signal,,next_open
20260816_133930_72c887,2020-11-03,002085.SZ,buy,1300,58.175464,75628.1032,75.552551,18.907026,0.0,huang529_signal,,next_open
20260816_133930_72c887,2020-11-04,600202.SH,sell,3300,20.764129,68521.6257,68.590216,17.130406,34.260813,holding_expired,confirm,next_open
20260816_133930_72c887,2020-11-05,002789.SZ,buy,2500,30.090166,75225.415,75.150265,18.806354,0.0,huang529_signal,,next_open
20260816_133930_72c887,2020-11-06,600012.SH,buy,6000,13.003737,78022.422,77.944476,19.505606,0.0,huang529_signal,,next_open
20260816_133930_72c887,2020-12-01,600023.SH,sell,11900,6.41716,76364.204,76.44065,19.091051,38.182102,holding_expired,confirm,next_open
20260816_133930_72c887,2020-12-02,002936.SZ,buy,17200,4.660656,80163.2832,80.0832,20.040821,0.0,huang529_signal,,next_open
20260816_133930_72c887,2020-12-03,601566.SH,sell,4900,19.171659,93941.1291,94.035165,23.485282,46.970565,holding_expired,confirm,next_open
20260816_133930_72c887,2020-12-04,601997.SH,buy,5900,13.565692,80037.5828,79.957626,20.009396,0.0,huang529_signal,,next_open
20260816_133930_72c887,2020-12-14,300679.SZ,sell,800,83.633038,66906.4304,66.973404,16.726608,33.453215,stop_loss,confirm,next_open
20260816_133930_72c887,2020-12-15,600098.SH,buy,2200,34.259605,75371.131,75.295836,18.842783,0.0,huang529_signal,,next_open
20260816_133930_72c887,2020-12-25,603519.SH,sell,1500,42.106481,63159.7215,63.222945,15.78993,31.579861,stop_loss,confirm,next_open
20260816_133930_72c887,2020-12-25,002085.SZ,sell,1300,48.11066,62543.858,62.606465,15.635965,31.271929,stop_loss,confirm,next_open
20260816_133930_72c887,2020-12-28,600101.SH,buy,1800,43.890983,79003.7694,78.924845,19.750942,0.0,huang529_signal,,next_open
20260816_133930_72c887,2020-12-28,000900.SZ,buy,1400,55.379032,77530.6448,77.453191,19.382661,0.0,huang529_signal,,next_open
20260816_133930_72c887,2020-12-30,002132.SZ,sell,3700,19.27119,71303.403,71.374776,17.825851,35.651702,holding_expired,confirm,next_open
20260816_133930_72c887,2021-01-06,600333.SH,sell,4400,20.236903,89042.3732,89.131504,22.260593,44.521187,holding_expired,confirm,next_open
20260816_133930_72c887,2021-01-07,601339.SH,sell,7200,9.61999,69263.928,69.333264,17.315982,34.631964,holding_expired,confirm,next_open
20260816_133930_72c887,2021-01-07,002801.SZ,buy,800,100.283383,80226.7064,80.14656,20.056677,0.0,huang529_signal,,next_open
20260816_133930_72c887,2021-01-08,000825.SZ,buy,2900,27.680253,80272.7337,80.19254,20.068183,0.0,huang529_signal,,next_open
20260816_133930_72c887,2021-01-08,002032.SZ,buy,100,676.476731,67647.6731,67.580093,16.911918,0.0,huang529_signal,,next_open
20260816_133930_72c887,2021-01-11,601166.SH,sell,900,88.672778,79805.5002,79.885386,19.951375,39.90275,holding_expired,confirm,next_open
20260816_133930_72c887,2021-01-12,002275.SZ,buy,3000,26.584298,79752.894,79.67322,19.938223,0.0,huang529_signal,,next_open
20260816_133930_72c887,2021-01-14,002789.SZ,sell,2500,25.741073,64352.6825,64.4171,16.088171,32.176341,stop_loss,confirm,next_open
20260816_133930_72c887,2021-01-15,601390.SH,buy,11300,7.243156,81847.6628,81.765896,20.461916,0.0,huang529_signal,,next_open
20260816_133930_72c887,2021-01-25,000883.SZ,sell,3500,19.355825,67745.3875,67.8132,16.936347,33.872694,stop_loss,confirm,next_open
20260816_133930_72c887,2021-01-25,600019.SH,sell,5500,17.116466,94140.563,94.2348,23.535141,47.070282,holding_expired,confirm,next_open
20260816_133930_72c887,2021-01-26,600101.SH,sell,1800,38.041281,68474.3058,68.542848,17.118576,34.237153,stop_loss,confirm,next_open
20260816_133930_72c887,2021-01-26,603177.SH,buy,8000,9.927518,79420.144,79.3408,19.855036,0.0,huang529_signal,,next_open
20260816_133930_72c887,2021-01-26,002859.SZ,buy,600,120.852792,72511.6752,72.439236,18.127919,0.0,huang529_signal,,next_open
20260816_133930_72c887,2021-01-27,600507.SH,sell,600,125.89414,75536.484,75.612096,18.884121,37.768242,holding_expired,confirm,next_open
20260816_133930_72c887,2021-01-27,002230.SZ,sell,100,654.024801,65402.4801,65.467948,16.35062,32.70124,holding_expired,confirm,next_open
20260816_133930_72c887,2021-01-27,002499.SZ,sell,7200,19.138842,137799.6624,137.9376,34.449916,68.899831,holding_expired,confirm,next_open
20260816_133930_72c887,2021-01-27,000663.SZ,buy,4500,17.428111,78426.4995,78.34815,19.606625,0.0,huang529_signal,,next_open
20260816_133930_72c887,2021-01-28,600674.SH,buy,300,219.076117,65722.8351,65.657178,16.430709,0.0,huang529_signal,,next_open
20260816_133930_72c887,2021-01-28,600538.SH,buy,3900,20.361541,79410.0099,79.33068,19.852502,0.0,huang529_signal,,next_open
20260816_133930_72c887,2021-01-28,002376.SZ,buy,1700,44.852207,76248.7519,76.17258,19.062188,0.0,huang529_signal,,next_open
20260816_133930_72c887,2021-01-29,002275.SZ,sell,3000,23.118109,69354.327,69.42375,17.338582,34.677164,stop_loss,confirm,next_open
20260816_133930_72c887,2021-01-29,601390.SH,sell,11300,6.366987,71946.9531,72.018968,17.986738,35.973477,stop_loss,confirm,next_open
20260816_133930_72c887,2021-02-01,600012.SH,sell,6000,13.142295,78853.77,78.9327,19.713443,39.426885,holding_expired,confirm,next_open
20260816_133930_72c887,2021-02-02,603300.SH,buy,4200,18.536418,77852.9556,77.77518,19.463239,0.0,huang529_signal,,next_open
20260816_133930_72c887,2021-02-02,300441.SZ,buy,1100,66.973697,73671.0667,73.597469,18.417767,0.0,huang529_signal,,next_open
20260816_133930_72c887,2021-02-02,000690.SZ,buy,200,335.612938,67122.5876,67.055532,16.780647,0.0,huang529_signal,,next_open
20260816_133930_72c887,2021-02-04,000690.SZ,sell,200,282.302515,56460.503,56.51702,14.115126,28.230251,stop_loss,confirm,next_open
20260816_133930_72c887,2021-02-05,600098.SH,sell,2200,29.308862,64479.4964,64.54404,16.119874,32.239748,stop_loss,confirm,next_open
20260816_133930_72c887,2021-02-08,002859.SZ,sell,600,105.560474,63336.2844,63.399684,15.834071,31.668142,stop_loss,confirm,next_open
20260816_133930_72c887,2021-02-10,002254.SZ,buy,700,107.440313,75208.2191,75.133086,18.802055,0.0,huang529_signal,,next_open
20260816_133930_72c887,2021-02-18,000553.SZ,buy,2000,37.133917,74267.834,74.19364,18.566959,0.0,huang529_signal,,next_open
20260816_133930_72c887,2021-02-19,002033.SZ,buy,2100,35.908072,75406.9512,75.33162,18.851738,0.0,huang529_signal,,next_open
20260816_133930_72c887,2021-03-04,002936.SZ,sell,17200,4.523432,77803.0304,77.880912,19.450758,38.901515,holding_expired,confirm,next_open
20260816_133930_72c887,2021-03-05,002032.SZ,sell,100,588.684896,58868.4896,58.927417,14.717122,29.434245,stop_loss,confirm,next_open
20260816_133930_72c887,2021-03-08,601997.SH,sell,5900,13.082584,77187.2456,77.264512,19.296811,38.593623,holding_expired,confirm,next_open
20260816_133930_72c887,2021-03-22,002254.SZ,sell,700,93.602484,65521.7388,65.587326,16.380435,32.760869,stop_loss,confirm,next_open
20260816_133930_72c887,2021-03-30,000900.SZ,sell,1400,58.754487,82256.2818,82.33862,20.56407,41.128141,holding_expired,confirm,next_open
20260816_133930_72c887,2021-04-09,002801.SZ,sell,800,102.973404,82378.7232,82.461184,20.594681,41.189362,holding_expired,confirm,next_open
20260816_133930_72c887,2021-04-12,000825.SZ,sell,2900,39.983477,115952.0833,116.06815,28.988021,57.976042,holding_expired,confirm,next_open
20260816_133930_72c887,2021-04-28,603177.SH,sell,8000,13.203503,105628.024,105.73376,26.407006,52.814012,holding_expired,confirm,next_open
20260816_133930_72c887,2021-04-29,000663.SZ,sell,4500,22.489928,101204.676,101.30598,25.301169,50.602338,holding_expired,confirm,next_open
20260816_133930_72c887,2021-04-30,600674.SH,sell,300,228.549482,68564.8446,68.633478,17.141211,34.282422,holding_expired,confirm,next_open
20260816_133930_72c887,2021-04-30,600538.SH,sell,3900,22.814782,88977.6498,89.066718,22.244412,44.488825,holding_expired,confirm,next_open
20260816_133930_72c887,2021-04-30,002376.SZ,sell,1700,41.326272,70254.6624,70.324988,17.563666,35.127331,holding_expired,confirm,next_open
20260816_133930_72c887,2021-05-10,603300.SH,sell,4200,24.450625,102692.625,102.79542,25.673156,51.346313,holding_expired,confirm,next_open
20260816_133930_72c887,2021-05-10,300441.SZ,sell,1100,68.694707,75564.1777,75.639817,18.891044,37.782089,holding_expired,confirm,next_open
20260816_133930_72c887,2021-05-19,000553.SZ,sell,2000,37.101551,74203.102,74.27738,18.550776,37.101551,holding_expired,confirm,next_open
20260816_133930_72c887,2021-05-20,002033.SZ,sell,2100,34.32542,72083.382,72.155538,18.020846,36.041691,holding_expired,confirm,next_open
20260816_133930_72c887,2021-06-01,600479.SH,buy,600,122.479557,73487.7342,73.41432,18.371934,0.0,huang529_signal,,next_open
20260816_133930_72c887,2021-06-01,000973.SZ,buy,5000,16.849172,84245.86,84.1617,21.061465,0.0,huang529_signal,,next_open
20260816_133930_72c887,2021-06-01,002462.SZ,buy,3400,24.262418,82492.2212,82.409812,20.623055,0.0,huang529_signal,,next_open
20260816_133930_72c887,2021-06-01,600755.SH,buy,500,159.245546,79622.773,79.54323,19.905693,0.0,huang529_signal,,next_open
20260816_133930_72c887,2021-06-01,600663.SH,buy,500,154.680126,77340.063,77.2628,19.335016,0.0,huang529_signal,,next_open
20260816_133930_72c887,2021-06-01,601010.SH,buy,5400,15.497612,83687.1048,83.603502,20.921776,0.0,huang529_signal,,next_open
20260816_133930_72c887,2021-06-01,300305.SZ,buy,1900,43.024872,81747.2568,81.665591,20.436814,0.0,huang529_signal,,next_open
20260816_133930_72c887,2021-06-01,601211.SH,buy,4200,20.035536,84149.2512,84.065184,21.037313,0.0,huang529_signal,,next_open
20260816_133930_72c887,2021-06-01,603217.SH,buy,1900,42.615733,80969.8927,80.889004,20.242473,0.0,huang529_signal,,next_open
20260816_133930_72c887,2021-06-01,002788.SZ,buy,3300,25.369624,83719.7592,83.636124,20.92994,0.0,huang529_signal,,next_open
20260816_133930_72c887,2021-06-01,002690.SZ,buy,400,193.467544,77387.0176,77.309708,19.346754,0.0,huang529_signal,,next_open
20260816_133930_72c887,2021-06-01,000595.SZ,buy,7100,11.911099,84568.8029,84.48432,21.142201,0.0,huang529_signal,,next_open
20260816_133930_72c887,2021-06-02,002347.SZ,buy,5100,16.42602,83772.702,83.689011,20.943176,0.0,huang529_signal,,next_open
20260816_133930_72c887,2021-06-02,000828.SZ,buy,2000,42.488946,84977.892,84.893,21.244473,0.0,huang529_signal,,next_open
20260816_133930_72c887,2021-06-02,603808.SH,buy,2400,34.878343,83708.0232,83.6244,20.927006,0.0,huang529_signal,,next_open
20260816_133930_72c887,2021-06-02,002191.SZ,buy,1100,72.890738,80179.8118,80.099712,20.044953,0.0,huang529_signal,,next_open
20260816_133930_72c887,2021-06-30,002788.SZ,sell,3300,22.496601,74238.7833,74.313096,18.559696,37.119392,stop_loss,confirm,next_open
20260816_133930_72c887,2021-07-01,601608.SH,buy,13900,6.350164,88267.2796,88.179098,22.06682,0.0,huang529_signal,,next_open
20260816_133930_72c887,2021-07-09,601608.SH,sell,13900,5.499855,76447.9845,76.524504,19.111996,38.223992,stop_loss,confirm,next_open
20260816_133930_72c887,2021-07-12,000795.SZ,buy,3700,23.799976,88059.9112,87.97194,22.014978,0.0,huang529_signal,,next_open
20260816_133930_72c887,2021-08-02,002191.SZ,sell,1100,63.377829,69715.6119,69.785397,17.428903,34.857806,stop_loss,confirm,next_open
20260816_133930_72c887,2021-08-03,002790.SZ,buy,5200,16.488472,85740.0544,85.6544,21.435014,0.0,huang529_signal,,next_open
20260816_133930_72c887,2021-08-18,002690.SZ,sell,400,165.72368,66289.472,66.355828,16.572368,33.144736,stop_loss,confirm,next_open
20260816_133930_72c887,2021-08-23,601010.SH,sell,5400,13.608558,73486.2132,73.559772,18.371553,36.743107,stop_loss,confirm,next_open
20260816_133930_72c887,2021-08-24,603689.SH,buy,6700,10.776205,72200.5735,72.128448,18.050143,0.0,huang529_signal,,next_open
20260816_133930_72c887,2021-08-24,600795.SH,buy,100,694.118065,69411.8065,69.342464,17.352952,0.0,huang529_signal,,next_open
20260816_133930_72c887,2021-08-25,600479.SH,sell,600,113.9056,68343.36,68.411772,17.08584,34.17168,holding_expired,confirm,next_open
20260816_133930_72c887,2021-08-25,000973.SZ,sell,5000,18.789392,93946.96,94.041,23.48674,46.97348,holding_expired,confirm,next_open
20260816_133930_72c887,2021-08-25,002462.SZ,sell,3400,21.955762,74649.5908,74.724316,18.662398,37.324795,holding_expired,confirm,next_open
20260816_133930_72c887,2021-08-25,600755.SH,sell,500,174.428397,87214.1985,87.3015,21.80355,43.607099,holding_expired,confirm,next_open
20260816_133930_72c887,2021-08-25,600663.SH,sell,500,152.648479,76324.2395,76.40064,19.08106,38.16212,holding_expired,confirm,next_open
20260816_133930_72c887,2021-08-25,300305.SZ,sell,1900,65.951662,125308.1578,125.433592,31.327039,62.654079,holding_expired,confirm,next_open
20260816_133930_72c887,2021-08-25,601211.SH,sell,4200,21.407811,89912.8062,90.002808,22.478202,44.956403,holding_expired,confirm,next_open
20260816_133930_72c887,2021-08-25,603217.SH,sell,1900,67.737874,128701.9606,128.830792,32.17549,64.35098,holding_expired,confirm,next_open
20260816_133930_72c887,2021-08-25,000595.SZ,sell,7100,13.472274,95653.1454,95.748896,23.913286,47.826573,holding_expired,confirm,next_open
20260816_133930_72c887,2021-08-26,002347.SZ,sell,5100,19.949511,101742.5061,101.844348,25.435627,50.871253,holding_expired,confirm,next_open
20260816_133930_72c887,2021-08-26,000828.SZ,sell,2000,42.301936,84603.872,84.68856,21.150968,42.301936,holding_expired,confirm,next_open
20260816_133930_72c887,2021-08-26,603808.SH,sell,2400,33.722244,80933.3856,81.0144,20.233346,40.466693,holding_expired,confirm,next_open
20260816_133930_72c887,2021-08-26,601107.SH,buy,21000,4.261097,89483.037,89.39364,22.370759,0.0,huang529_signal,,next_open
20260816_133930_72c887,2021-08-26,600881.SH,buy,600,146.584238,87950.5428,87.86268,21.987636,0.0,huang529_signal,,next_open
20260816_133930_72c887,2021-08-26,601989.SH,buy,12600,7.100944,89471.8944,89.38251,22.367974,0.0,huang529_signal,,next_open
20260816_133930_72c887,2021-08-26,600561.SH,buy,6800,13.16307,89508.876,89.419456,22.377219,0.0,huang529_signal,,next_open
20260816_133930_72c887,2021-08-26,002830.SZ,buy,4100,21.820519,89464.1279,89.374752,22.366032,0.0,huang529_signal,,next_open
20260816_133930_72c887,2021-08-26,002809.SZ,buy,2900,29.963794,86895.0026,86.808194,21.723751,0.0,huang529_signal,,next_open
20260816_133930_72c887,2021-08-26,605178.SH,buy,1600,55.960855,89537.368,89.44792,22.384342,0.0,huang529_signal,,next_open
20260816_133930_72c887,2021-08-26,603066.SH,buy,3300,26.452926,87294.6558,87.20745,21.823664,0.0,huang529_signal,,next_open
20260816_133930_72c887,2021-08-26,600128.SH,buy,4000,22.058597,88234.388,88.14624,22.058597,0.0,huang529_signal,,next_open
20260816_133930_72c887,2021-08-27,600168.SH,buy,5700,15.767642,89875.5594,89.785773,22.46889,0.0,huang529_signal,,next_open
20260816_133930_72c887,2021-08-27,601518.SH,buy,32800,2.741138,89909.3264,89.81952,22.477332,0.0,huang529_signal,,next_open
20260816_133930_72c887,2021-08-27,601188.SH,buy,21700,4.135131,89732.3427,89.6427,22.433086,0.0,huang529_signal,,next_open
20260816_133930_72c887,2021-10-13,000795.SZ,sell,3700,22.040537,81549.9869,81.63162,20.387497,40.774993,holding_expired,confirm,next_open
20260816_133930_72c887,2021-10-26,002809.SZ,sell,2900,26.129644,75775.9676,75.85182,18.943992,37.887984,stop_loss,confirm,next_open
20260816_133930_72c887,2021-10-27,002830.SZ,sell,4100,18.940081,77654.3321,77.732064,19.413583,38.827166,stop_loss,confirm,next_open
20260816_133930_72c887,2021-10-27,600128.SH,sell,4000,19.171989,76687.956,76.76472,19.171989,38.343978,stop_loss,confirm,next_open
20260816_133930_72c887,2021-10-29,603066.SH,sell,3300,23.169947,76460.8251,76.537362,19.115206,38.230413,stop_loss,confirm,next_open
20260816_133930_72c887,2021-11-04,002790.SZ,sell,5200,20.85912,108467.424,108.576,27.116856,54.233712,holding_expired,confirm,next_open
20260816_133930_72c887,2021-11-12,002376.SZ,buy,2100,40.233473,84490.2933,84.405888,21.122573,0.0,huang529_signal,,next_open
20260816_133930_72c887,2021-11-12,601801.SH,buy,7300,11.957335,87288.5455,87.201347,21.822136,0.0,huang529_signal,,next_open
20260816_133930_72c887,2021-11-12,600229.SH,buy,8300,10.513303,87260.4149,87.17324,21.815104,0.0,huang529_signal,,next_open
20260816_133930_72c887,2021-11-12,002449.SZ,buy,2600,33.421008,86894.6208,86.807812,21.723655,0.0,huang529_signal,,next_open
20260816_133930_72c887,2021-11-12,600775.SH,buy,7400,11.681029,86439.6146,86.353264,21.609904,0.0,huang529_signal,,next_open
20260816_133930_72c887,2021-11-12,603506.SH,buy,2200,38.301433,84263.1526,84.178974,21.065788,0.0,huang529_signal,,next_open
20260816_133930_72c887,2021-11-25,603689.SH,sell,6700,11.000069,73700.4623,73.774236,18.425116,36.850231,holding_expired,confirm,next_open
20260816_133930_72c887,2021-11-25,600795.SH,sell,100,692.731215,69273.1215,69.342464,17.31828,34.636561,holding_expired,confirm,next_open
20260816_133930_72c887,2021-11-26,600479.SH,buy,600,134.405551,80643.3306,80.562768,20.160833,0.0,huang529_signal,,next_open
20260816_133930_72c887,2021-11-26,002826.SZ,buy,8400,9.770521,82072.3764,81.990384,20.518094,0.0,huang529_signal,,next_open
20260816_133930_72c887,2021-11-29,601107.SH,sell,21000,4.648787,97624.527,97.72224,24.406132,48.812264,holding_expired,confirm,next_open
20260816_133930_72c887,2021-11-29,600881.SH,sell,600,152.426161,91455.6966,91.547244,22.863924,45.727848,holding_expired,confirm,next_open
20260816_133930_72c887,2021-11-29,601989.SH,sell,12600,6.901591,86960.0466,87.0471,21.740012,43.480023,holding_expired,confirm,next_open
20260816_133930_72c887,2021-11-29,600561.SH,sell,6800,12.74712,86680.416,86.767184,21.670104,43.340208,holding_expired,confirm,next_open
20260816_133930_72c887,2021-11-29,605178.SH,sell,1600,49.827622,79724.1952,79.804,19.931049,39.862098,holding_expired,confirm,next_open
20260816_133930_72c887,2021-11-30,600168.SH,sell,5700,14.441824,82318.3968,82.400796,20.579599,41.159198,holding_expired,confirm,next_open
20260816_133930_72c887,2021-11-30,601518.SH,sell,32800,2.838249,93094.5672,93.187752,23.273642,46.547284,holding_expired,confirm,next_open
20260816_133930_72c887,2021-11-30,601188.SH,sell,21700,4.163283,90343.2411,90.433665,22.58581,45.171621,holding_expired,confirm,next_open
20260816_133930_72c887,2021-11-30,002197.SZ,buy,2800,31.360729,87810.0412,87.72232,21.95251,0.0,huang529_signal,,next_open
20260816_133930_72c887,2021-11-30,600594.SH,buy,700,110.148569,77103.9983,77.026971,19.276,0.0,huang529_signal,,next_open
20260816_133930_72c887,2021-11-30,600568.SH,buy,3400,25.718072,87441.4448,87.354092,21.860361,0.0,huang529_signal,,next_open
20260816_133930_72c887,2021-11-30,002166.SZ,buy,1300,66.064949,85884.4337,85.798635,21.471108,0.0,huang529_signal,,next_open
20260816_133930_72c887,2021-12-01,002401.SZ,buy,1200,72.289497,86747.3964,86.660736,21.686849,0.0,huang529_signal,,next_open
20260816_133930_72c887,2021-12-01,600679.SH,buy,2900,30.388348,88126.2092,88.038171,22.031552,0.0,huang529_signal,,next_open
20260816_133930_72c887,2021-12-01,600271.SH,buy,300,260.071011,78021.3033,77.94336,19.505326,0.0,huang529_signal,,next_open
20260816_133930_72c887,2021-12-01,002275.SZ,buy,3500,24.95511,87342.885,87.25563,21.835721,0.0,huang529_signal,,next_open
20260816_133930_72c887,2022-01-26,002449.SZ,sell,2600,28.316195,73622.107,73.695804,18.405527,36.811053,stop_loss,confirm,next_open
20260816_133930_72c887,2022-01-28,600679.SH,sell,2900,26.615068,77183.6972,77.260959,19.295924,38.591849,stop_loss,confirm,next_open
20260816_133930_72c887,2022-02-14,002376.SZ,sell,2100,40.106613,84223.8873,84.308196,21.055972,42.111944,holding_expired,confirm,next_open
20260816_133930_72c887,2022-02-14,601801.SH,sell,7300,12.272325,89587.9725,89.677653,22.396993,44.793986,holding_expired,confirm,next_open
20260816_133930_72c887,2022-02-14,600229.SH,sell,8300,10.861528,90150.6824,90.24092,22.537671,45.075341,holding_expired,confirm,next_open
20260816_133930_72c887,2022-02-14,600775.SH,sell,7400,14.616049,108158.7626,108.267032,27.039691,54.079381,holding_expired,confirm,next_open
20260816_133930_72c887,2022-02-14,603506.SH,sell,2200,41.034474,90275.8428,90.36621,22.568961,45.137921,holding_expired,confirm,next_open
20260816_133930_72c887,2022-02-25,600568.SH,sell,3400,22.108929,75170.3586,75.245604,18.79259,37.585179,stop_loss,confirm,next_open
20260816_133930_72c887,2022-02-28,600479.SH,sell,600,165.038406,99023.0436,99.122166,24.755761,49.511522,holding_expired,confirm,next_open
20260816_133930_72c887,2022-02-28,002826.SZ,sell,8400,10.944375,91932.75,92.024772,22.983187,45.966375,holding_expired,confirm,next_open
20260816_133930_72c887,2022-03-02,002197.SZ,sell,2800,55.85439,156392.292,156.54884,39.098073,78.196146,holding_expired,confirm,next_open
20260816_133930_72c887,2022-03-02,600594.SH,sell,700,112.123684,78486.5788,78.565144,19.621645,39.243289,holding_expired,confirm,next_open
20260816_133930_72c887,2022-03-02,002166.SZ,sell,1300,60.384495,78499.8435,78.578422,19.624961,39.249922,holding_expired,confirm,next_open
20260816_133930_72c887,2022-03-03,002401.SZ,sell,1200,71.648,85977.6,86.063664,21.4944,42.9888,holding_expired,confirm,next_open
20260816_133930_72c887,2022-03-03,600271.SH,sell,300,270.666662,81199.9986,81.28128,20.3,40.599999,holding_expired,confirm,next_open
20260816_133930_72c887,2022-03-03,002275.SZ,sell,3500,25.439315,89037.6025,89.12673,22.259401,44.518801,holding_expired,confirm,next_open
20260816_133930_72c887,2023-01-04,600229.SH,buy,8100,11.365802,92062.9962,91.971029,23.015749,0.0,huang529_signal,,next_open
20260816_133930_72c887,2023-01-04,300770.SZ,buy,1200,72.12756,86553.072,86.466605,21.638268,0.0,huang529_signal,,next_open
20260816_133930_72c887,2023-01-04,300294.SZ,buy,500,178.244266,89122.133,89.0331,22.280533,0.0,huang529_signal,,next_open
20260816_133930_72c887,2023-01-05,601009.SH,buy,1400,62.916694,88083.3716,87.995376,22.020843,0.0,huang529_signal,,next_open
20260816_133930_72c887,2023-01-05,601658.SH,buy,16900,5.452787,92152.1003,92.060046,23.038025,0.0,huang529_signal,,next_open
20260816_133930_72c887,2023-01-05,000972.SZ,buy,9100,10.134725,92225.9975,92.13386,23.056499,0.0,huang529_signal,,next_open
20260816_133930_72c887,2023-01-05,300012.SZ,buy,200,453.101749,90620.3498,90.52982,22.655087,0.0,huang529_signal,,next_open
20260816_133930_72c887,2023-01-05,002929.SZ,buy,2100,42.567022,89390.7462,89.301446,22.347687,0.0,huang529_signal,,next_open
20260816_133930_72c887,2023-01-05,600073.SH,buy,3500,26.266957,91934.3495,91.842506,22.983587,0.0,huang529_signal,,next_open
20260816_133930_72c887,2023-01-05,300291.SZ,buy,2300,39.95041,91885.943,91.79415,22.971486,0.0,huang529_signal,,next_open
20260816_133930_72c887,2023-01-05,600433.SH,buy,3200,28.847569,92312.2208,92.22,23.078055,0.0,huang529_signal,,next_open
20260816_133930_72c887,2023-01-05,300133.SZ,buy,600,141.298045,84778.827,84.694133,21.194707,0.0,huang529_signal,,next_open
20260816_133930_72c887,2023-01-05,300242.SZ,buy,5000,18.366588,91832.94,91.7412,22.958235,0.0,huang529_signal,,next_open
20260816_133930_72c887,2023-01-05,603598.SH,buy,4700,19.646377,92337.9719,92.245725,23.084493,0.0,huang529_signal,,next_open
20260816_133930_72c887,2023-01-06,002373.SZ,buy,2200,40.895555,89970.221,89.88034,22.492555,0.0,huang529_signal,,next_open
20260816_133930_72c887,2023-01-06,601336.SH,buy,2400,38.228849,91749.2376,91.657579,22.937309,0.0,huang529_signal,,next_open
20260816_133930_72c887,2023-03-15,601009.SH,sell,1400,55.465371,77651.5194,77.729249,19.41288,38.82576,stop_loss,confirm,next_open
20260816_133930_72c887,2023-03-16,601298.SH,buy,13700,7.061206,96738.5222,96.641882,24.184631,0.0,huang529_signal,,next_open
20260816_133930_72c887,2023-03-24,300012.SZ,sell,200,395.332262,79066.4524,79.145598,19.766613,39.533226,stop_loss,confirm,next_open
20260816_133930_72c887,2023-03-27,600551.SH,buy,2000,45.113928,90227.856,90.137718,22.556964,0.0,huang529_signal,,next_open
20260816_133930_72c887,2023-04-06,600229.SH,sell,8100,12.715624,102996.5544,103.099651,25.749139,51.498277,holding_expired,confirm,next_open
20260816_133930_72c887,2023-04-06,300770.SZ,sell,1200,85.217649,102261.1788,102.363542,25.565295,51.130589,holding_expired,confirm,next_open
20260816_133930_72c887,2023-04-06,300294.SZ,sell,500,175.149176,87574.588,87.66225,21.893647,43.787294,holding_expired,confirm,next_open
20260816_133930_72c887,2023-04-07,601658.SH,sell,16900,5.362033,90618.3577,90.70906,22.654589,45.309179,holding_expired,confirm,next_open
20260816_133930_72c887,2023-04-07,000972.SZ,sell,9100,11.908979,108371.7089,108.48019,27.092927,54.185854,holding_expired,confirm,next_open
20260816_133930_72c887,2023-04-07,002929.SZ,sell,2100,42.267211,88761.1431,88.849994,22.190286,44.380572,holding_expired,confirm,next_open
20260816_133930_72c887,2023-04-07,600073.SH,sell,3500,28.929661,101253.8135,101.35517,25.313453,50.626907,holding_expired,confirm,next_open
20260816_133930_72c887,2023-04-07,300291.SZ,sell,2300,57.364828,131939.1044,132.071175,32.984776,65.969552,holding_expired,confirm,next_open
20260816_133930_72c887,2023-04-07,600433.SH,sell,3200,28.459012,91068.8384,91.16,22.76721,45.534419,holding_expired,confirm,next_open
20260816_133930_72c887,2023-04-07,300133.SZ,sell,600,191.852924,115111.7544,115.226981,28.777939,57.555877,holding_expired,confirm,next_open
20260816_133930_72c887,2023-04-07,300242.SZ,sell,5000,20.543896,102719.48,102.8223,25.67987,51.35974,holding_expired,confirm,next_open
20260816_133930_72c887,2023-04-07,603598.SH,sell,4700,20.874045,98108.0115,98.206218,24.527003,49.054006,holding_expired,confirm,next_open
20260816_133930_72c887,2023-04-07,600299.SH,buy,3400,28.753108,97760.5672,97.662906,24.440142,0.0,huang529_signal,,next_open
20260816_133930_72c887,2023-04-07,000061.SZ,buy,700,135.325014,94727.5098,94.632877,23.681877,0.0,huang529_signal,,next_open
20260816_133930_72c887,2023-04-07,002745.SZ,buy,4600,21.294663,97955.4498,97.857594,24.488862,0.0,huang529_signal,,next_open
20260816_133930_72c887,2023-04-10,002373.SZ,sell,2200,65.835399,144837.8778,144.98286,36.209469,72.418939,holding_expired,confirm,next_open
20260816_133930_72c887,2023-04-10,601336.SH,sell,2400,37.59105,90218.52,90.30883,22.55463,45.10926,holding_expired,confirm,next_open
20260816_133930_72c887,2023-04-10,601827.SH,buy,12900,7.882875,101689.0875,101.5875,25.422272,0.0,huang529_signal,,next_open
20260816_133930_72c887,2023-04-10,600203.SH,buy,8800,11.469458,100931.2304,100.8304,25.232808,0.0,huang529_signal,,next_open
20260816_133930_72c887,2023-04-10,603519.SH,buy,1900,51.062069,97017.9311,96.92101,24.254483,0.0,huang529_signal,,next_open
20260816_133930_72c887,2023-04-10,600737.SH,buy,1000,99.726792,99726.792,99.627165,24.931698,0.0,huang529_signal,,next_open
20260816_133930_72c887,2023-04-10,600380.SH,buy,600,158.336258,95001.7548,94.906848,23.750439,0.0,huang529_signal,,next_open
20260816_133930_72c887,2023-04-10,600161.SH,buy,200,425.814433,85162.8866,85.077809,21.290722,0.0,huang529_signal,,next_open
20260816_133930_72c887,2023-04-10,300120.SZ,buy,4000,25.438353,101753.412,101.65176,25.438353,0.0,huang529_signal,,next_open
20260816_133930_72c887,2023-04-10,300470.SZ,buy,500,171.432323,85716.1615,85.630531,21.42904,0.0,huang529_signal,,next_open
20260816_133930_72c887,2023-04-11,600208.SH,buy,5000,20.401461,102007.305,101.9054,25.501826,0.0,huang529_signal,,next_open
20260816_133930_72c887,2023-04-11,301138.SZ,buy,3600,28.125215,101250.774,101.149625,25.312694,0.0,huang529_signal,,next_open
20260816_133930_72c887,2023-04-11,002880.SZ,buy,1400,69.356087,97098.5218,97.00152,24.27463,0.0,huang529_signal,,next_open
20260816_133930_72c887,2023-04-19,002745.SZ,sell,4600,18.78094,86392.324,86.478804,21.598081,43.196162,stop_loss,confirm,next_open
20260816_133930_72c887,2023-04-20,601229.SH,buy,5400,19.038092,102805.6968,102.702994,25.701424,0.0,huang529_signal,,next_open
20260816_133930_72c887,2023-04-28,600299.SH,sell,3400,25.263312,85895.2608,85.981243,21.473815,42.94763,stop_loss,confirm,next_open
20260816_133930_72c887,2023-04-28,600203.SH,sell,8800,10.032557,88286.5016,88.37488,22.071625,44.143251,stop_loss,confirm,next_open
20260816_133930_72c887,2023-05-04,601077.SH,buy,22500,4.56923,102807.675,102.704962,25.701919,0.0,huang529_signal,,next_open
20260816_133930_72c887,2023-05-04,600461.SH,buy,2700,37.505536,101264.9472,101.163784,25.316237,0.0,huang529_signal,,next_open
20260816_133930_72c887,2023-06-13,600208.SH,sell,5000,17.789553,88947.765,89.0368,22.236941,44.473883,stop_loss,confirm,next_open
20260816_133930_72c887,2023-06-14,601298.SH,sell,13700,8.4711,116054.07,116.170246,29.013518,58.027035,holding_expired,confirm,next_open
20260816_133930_72c887,2023-06-15,300172.SZ,buy,2900,35.496761,102940.6069,102.83777,25.735152,0.0,huang529_signal,,next_open
20260816_133930_72c887,2023-06-15,600929.SH,buy,11700,8.854285,103595.1345,103.491648,25.898784,0.0,huang529_signal,,next_open
20260816_133930_72c887,2023-06-27,600551.SH,sell,2000,42.411986,84823.972,84.90888,21.205993,42.411986,holding_expired,confirm,next_open
20260816_133930_72c887,2023-06-28,301106.SZ,buy,2800,36.539703,102311.1684,102.20896,25.577792,0.0,huang529_signal,,next_open
20260816_133930_72c887,2023-07-07,000061.SZ,sell,700,135.962941,95174.0587,95.269328,23.793515,47.587029,holding_expired,confirm,next_open
20260816_133930_72c887,2023-07-10,601827.SH,sell,12900,8.299992,107069.8968,107.17707,26.767474,53.534948,holding_expired,confirm,next_open
20260816_133930_72c887,2023-07-10,603519.SH,sell,1900,59.424356,112906.2764,113.019296,28.226569,56.453138,holding_expired,confirm,next_open
20260816_133930_72c887,2023-07-10,600737.SH,sell,1000,94.98524,94985.24,95.08032,23.74631,47.49262,holding_expired,confirm,next_open
20260816_133930_72c887,2023-07-10,600380.SH,sell,600,142.049259,85229.5554,85.31487,21.307389,42.614778,holding_expired,confirm,next_open
20260816_133930_72c887,2023-07-10,600161.SH,sell,200,407.43176,81486.352,81.56792,20.371588,40.743176,holding_expired,confirm,next_open
20260816_133930_72c887,2023-07-10,300120.SZ,sell,4000,26.304229,105216.916,105.32224,26.304229,52.608458,holding_expired,confirm,next_open
20260816_133930_72c887,2023-07-10,300470.SZ,sell,500,172.305842,86152.921,86.23916,21.53823,43.076461,holding_expired,confirm,next_open
20260816_133930_72c887,2023-07-10,601985.SH,buy,12200,8.551383,104326.8726,104.222648,26.081718,0.0,huang529_signal,,next_open
20260816_133930_72c887,2023-07-11,301138.SZ,sell,3600,38.417864,138304.3104,138.442752,34.576078,69.152155,holding_expired,confirm,next_open
20260816_133930_72c887,2023-07-11,002880.SZ,sell,1400,77.658144,108721.4016,108.830232,27.18035,54.360701,holding_expired,confirm,next_open
20260816_133930_72c887,2023-07-11,601952.SH,buy,5400,18.143405,97974.387,97.876512,24.493597,0.0,huang529_signal,,next_open
20260816_133930_72c887,2023-07-11,601002.SH,buy,17500,5.661656,99078.98,98.98,24.769745,0.0,huang529_signal,,next_open
20260816_133930_72c887,2023-07-11,603316.SH,buy,11000,8.960151,98561.661,98.4632,24.640415,0.0,huang529_signal,,next_open
20260816_133930_72c887,2023-07-11,600493.SH,buy,6300,15.647442,98578.8846,98.480403,24.644721,0.0,huang529_signal,,next_open
20260816_133930_72c887,2023-07-11,605033.SH,buy,5000,19.756737,98783.685,98.685,24.695921,0.0,huang529_signal,,next_open
20260816_133930_72c887,2023-07-11,000589.SZ,buy,2400,40.125786,96301.8864,96.20568,24.075472,0.0,huang529_signal,,next_open
20260816_133930_72c887,2023-07-11,605099.SH,buy,3800,25.92615,98519.37,98.42095,24.629842,0.0,huang529_signal,,next_open
20260816_133930_72c887,2023-07-12,000791.SZ,buy,4700,22.113071,103931.4337,103.827606,25.982858,0.0,huang529_signal,,next_open
20260816_133930_72c887,2023-07-12,603080.SH,buy,6600,15.847722,104594.9652,104.490474,26.148741,0.0,huang529_signal,,next_open
20260816_133930_72c887,2023-07-20,601229.SH,sell,5400,19.234946,103868.7084,103.97268,25.967177,51.934354,holding_expired,confirm,next_open
20260816_133930_72c887,2023-07-21,600693.SH,buy,2300,44.212618,101689.0214,101.587435,25.422255,0.0,huang529_signal,,next_open
20260816_133930_72c887,2023-07-31,601077.SH,sell,22500,4.944151,111243.3975,111.35475,27.810849,55.621699,holding_expired,confirm,next_open
20260816_133930_72c887,2023-07-31,600461.SH,sell,2700,43.374622,117111.4794,117.228708,29.27787,58.55574,holding_expired,confirm,next_open
20260816_133930_72c887,2023-08-01,600177.SH,buy,300,337.111675,101133.5025,101.03247,25.283376,0.0,huang529_signal,,next_open
20260816_133930_72c887,2023-08-01,603980.SH,buy,14000,7.656199,107186.786,107.0797,26.796696,0.0,huang529_signal,,next_open
20260816_133930_72c887,2023-08-21,600929.SH,sell,11700,7.60207,88944.219,89.033256,22.236055,44.47211,stop_loss,confirm,next_open
20260816_133930_72c887,2023-09-11,300172.SZ,sell,2900,51.114424,148231.8296,148.380211,37.057957,74.115915,holding_expired,confirm,next_open
20260816_133930_72c887,2023-09-20,301106.SZ,sell,2800,41.374884,115849.6752,115.96564,28.962419,57.924838,holding_expired,confirm,next_open
20260816_133930_72c887,2023-10-09,601952.SH,sell,5400,15.703681,84799.8774,84.88476,21.199969,42.399939,stop_loss,confirm,next_open
20260816_133930_72c887,2023-10-09,605099.SH,sell,3800,22.754673,86467.7574,86.55431,21.616939,43.233879,stop_loss,confirm,next_open
20260816_133930_72c887,2023-10-10,601985.SH,sell,12200,8.674537,105829.3514,105.935284,26.457338,52.914676,holding_expired,confirm,next_open
20260816_133930_72c887,2023-10-11,601002.SH,sell,17500,5.426568,94964.94,95.06,23.741235,47.48247,holding_expired,confirm,next_open
20260816_133930_72c887,2023-10-11,603316.SH,sell,11000,8.393398,92327.378,92.4198,23.081844,46.163689,holding_expired,confirm,next_open
20260816_133930_72c887,2023-10-11,600493.SH,sell,6300,15.616178,98381.9214,98.480403,24.59548,49.190961,holding_expired,confirm,next_open
20260816_133930_72c887,2023-10-11,605033.SH,sell,5000,18.891889,94459.445,94.554,23.614861,47.229723,holding_expired,confirm,next_open
20260816_133930_72c887,2023-10-11,000589.SZ,sell,2400,42.389748,101735.3952,101.837232,25.433849,50.867698,holding_expired,confirm,next_open
20260816_133930_72c887,2023-10-12,000791.SZ,sell,4700,21.406043,100608.4021,100.709109,25.152101,50.304201,holding_expired,confirm,next_open
20260816_133930_72c887,2023-10-12,603080.SH,sell,6600,16.969424,111998.1984,112.110306,27.99955,55.999099,holding_expired,confirm,next_open
20260816_133930_72c887,2023-10-23,600693.SH,sell,2300,40.190309,92437.7107,92.530242,23.109428,46.218855,holding_expired,confirm,next_open
20260816_133930_72c887,2023-11-01,600177.SH,sell,300,316.261222,94878.3666,94.97334,23.719592,47.439183,holding_expired,confirm,next_open
20260816_133930_72c887,2023-11-01,603980.SH,sell,14000,7.79204,109088.56,109.19776,27.27214,54.54428,holding_expired,confirm,next_open
20260816_133930_72c887,2024-09-30,600681.SH,buy,2500,41.144043,102860.1075,102.75735,25.715027,0.0,huang529_signal,,next_open
20260816_133930_72c887,2024-09-30,601366.SH,buy,17100,6.16626,105443.046,105.33771,26.360762,0.0,huang529_signal,,next_open
20260816_133930_72c887,2024-09-30,600897.SH,buy,1000,104.740736,104740.736,104.6361,26.185184,0.0,huang529_signal,,next_open
20260816_133930_72c887,2024-09-30,600917.SH,buy,15600,6.751795,105328.002,105.22278,26.332,0.0,huang529_signal,,next_open
20260816_133930_72c887,2024-09-30,000905.SZ,buy,6300,16.681835,105095.5605,104.990571,26.27389,0.0,huang529_signal,,next_open
20260816_133930_72c887,2024-09-30,601368.SH,buy,20100,5.224049,105003.3849,104.898483,26.250846,0.0,huang529_signal,,next_open
20260816_133930_72c887,2024-09-30,000731.SZ,buy,1100,88.155267,96970.7937,96.87392,24.242698,0.0,huang529_signal,,next_open
20260816_133930_72c887,2024-09-30,600279.SH,buy,10300,10.16979,104748.837,104.644189,26.187209,0.0,huang529_signal,,next_open
20260816_133930_72c887,2024-09-30,600790.SH,buy,2100,48.869561,102626.0781,102.523554,25.65652,0.0,huang529_signal,,next_open
20260816_133930_72c887,2024-09-30,600352.SH,buy,500,207.193246,103596.623,103.49313,25.899156,0.0,huang529_signal,,next_open
20260816_133930_72c887,2024-09-30,600925.SH,buy,18100,5.821566,105370.3446,105.265075,26.342586,0.0,huang529_signal,,next_open
20260816_133930_72c887,2024-09-30,600356.SH,buy,6700,15.513498,103940.4366,103.8366,25.985109,0.0,huang529_signal,,next_open
20260816_133930_72c887,2024-09-30,601200.SH,buy,7800,13.469446,105061.6788,104.956722,26.26542,0.0,huang529_signal,,next_open
20260816_133930_72c887,2024-09-30,002040.SZ,buy,5500,19.151172,105331.446,105.22622,26.332861,0.0,huang529_signal,,next_open
20260816_133930_72c887,2024-09-30,601199.SH,buy,3800,27.526131,104599.2978,104.494802,26.149824,0.0,huang529_signal,,next_open
20260816_133930_72c887,2024-10-08,000782.SZ,buy,6300,17.248031,108662.5953,108.55404,27.165649,0.0,huang529_signal,,next_open
20260816_133930_72c887,2024-10-10,000782.SZ,sell,6300,14.897687,93855.4281,93.94938,23.463857,46.927714,stop_loss,confirm,next_open
20260816_133930_72c887,2024-10-29,002200.SZ,buy,10000,10.773713,107737.13,107.6295,26.934283,0.0,huang529_signal,,next_open
20260816_133930_72c887,2024-12-30,600681.SH,sell,2500,42.129848,105324.62,105.43005,26.331155,52.66231,holding_expired,confirm,next_open
20260816_133930_72c887,2024-12-30,601366.SH,sell,17100,5.948046,101711.5866,101.8134,25.427897,50.855793,holding_expired,confirm,next_open
20260816_133930_72c887,2024-12-30,600897.SH,sell,1000,112.538129,112538.129,112.65078,28.134532,56.269064,holding_expired,confirm,next_open
20260816_133930_72c887,2024-12-30,600917.SH,sell,15600,6.945546,108350.5176,108.458969,27.087629,54.175259,holding_expired,confirm,next_open
20260816_133930_72c887,2024-12-30,000905.SZ,sell,6300,17.734252,111725.7876,111.837625,27.931447,55.862894,holding_expired,confirm,next_open
20260816_133930_72c887,2024-12-30,601368.SH,sell,20100,5.55437,111642.837,111.754593,27.910709,55.821419,holding_expired,confirm,next_open
20260816_133930_72c887,2024-12-30,000731.SZ,sell,1100,89.955877,98951.4647,99.050515,24.737866,49.475732,holding_expired,confirm,next_open
20260816_133930_72c887,2024-12-30,600279.SH,sell,10300,12.592395,129701.6685,129.8315,32.425417,64.850834,holding_expired,confirm,next_open
20260816_133930_72c887,2024-12-30,600790.SH,sell,2100,51.570308,108297.6468,108.406053,27.074412,54.148823,holding_expired,confirm,next_open
20260816_133930_72c887,2024-12-30,600352.SH,sell,500,222.286777,111143.3885,111.254643,27.785847,55.571694,holding_expired,confirm,next_open
20260816_133930_72c887,2024-12-30,600925.SH,sell,18100,5.745499,103993.5319,104.097625,25.998383,51.996766,holding_expired,confirm,next_open
20260816_133930_72c887,2024-12-30,600356.SH,sell,6700,17.074988,114402.4196,114.516936,28.600605,57.20121,holding_expired,confirm,next_open
20260816_133930_72c887,2024-12-30,601200.SH,sell,7800,13.738698,107161.8444,107.26911,26.790461,53.580922,holding_expired,confirm,next_open
20260816_133930_72c887,2024-12-30,002040.SZ,sell,5500,20.742205,114082.1275,114.196324,28.520532,57.041064,holding_expired,confirm,next_open
20260816_133930_72c887,2024-12-30,601199.SH,sell,3800,27.425811,104218.0818,104.322403,26.05452,52.109041,holding_expired,confirm,next_open
20260816_133930_72c887,2024-12-31,600919.SH,buy,7100,15.306421,108675.5891,108.567023,27.168897,0.0,huang529_signal,,next_open
20260816_133930_72c887,2025-01-02,600299.SH,buy,2700,39.637894,107022.3138,106.915399,26.755578,0.0,huang529_signal,,next_open
20260816_133930_72c887,2025-01-09,002032.SZ,buy,100,568.129862,56812.9862,56.75623,14.203247,0.0,huang529_signal,,next_open
20260816_133930_72c887,2025-01-14,002200.SZ,sell,10000,9.247243,92472.43,92.565,23.118107,46.236215,stop_loss,confirm,next_open
20260816_133930_72c887,2025-01-15,000582.SZ,buy,2300,46.383237,106681.4451,106.57487,26.670361,0.0,huang529_signal,,next_open
20260816_133930_72c887,2025-01-21,301263.SZ,buy,3500,30.636706,107228.471,107.12135,26.807118,0.0,huang529_signal,,next_open
20260816_133930_72c887,2025-01-21,002938.SZ,buy,2400,43.561818,104548.3632,104.44392,26.137091,0.0,huang529_signal,,next_open
20260816_133930_72c887,2025-01-22,603638.SH,buy,1200,83.168375,99802.05,99.702348,24.950513,0.0,huang529_signal,,next_open
20260816_133930_72c887,2025-02-05,601077.SH,buy,12900,8.38888,108216.552,108.10845,27.054138,0.0,huang529_signal,,next_open
20260816_133930_72c887,2025-02-10,605117.SH,buy,200,361.585539,72317.1078,72.244863,18.079277,0.0,huang529_signal,,next_open
20260816_133930_72c887,2025-02-11,601728.SH,buy,12100,8.878227,107426.5467,107.319232,26.856637,0.0,huang529_signal,,next_open
20260816_133930_72c887,2025-02-12,600916.SH,buy,10700,10.131922,108411.5654,108.30326,27.102891,0.0,huang529_signal,,next_open
20260816_133930_72c887,2025-02-12,000975.SZ,buy,500,193.51332,96756.66,96.66,24.189165,0.0,huang529_signal,,next_open
20260816_133930_72c887,2025-02-13,601166.SH,buy,900,112.349101,101114.1909,101.013178,25.278548,0.0,huang529_signal,,next_open
20260816_133930_72c887,2025-02-13,601398.SH,buy,6500,16.577365,107752.8725,107.645226,26.938218,0.0,huang529_signal,,next_open
20260816_133930_72c887,2025-02-13,601233.SH,buy,2600,41.454213,107780.9538,107.67328,26.945238,0.0,huang529_signal,,next_open
20260816_133930_72c887,2025-02-13,600761.SH,buy,400,269.896126,107958.4504,107.8506,26.989613,0.0,huang529_signal,,next_open
20260816_133930_72c887,2025-02-24,600299.SH,sell,2700,34.997887,94494.2949,94.588884,23.623574,47.247147,stop_loss,confirm,next_open
20260816_133930_72c887,2025-02-25,002034.SZ,buy,1700,60.916856,103558.6552,103.4552,25.889664,0.0,huang529_signal,,next_open
20260816_133930_72c887,2025-04-03,600919.SH,sell,7100,15.421702,109494.0842,109.603687,27.373521,54.747042,holding_expired,confirm,next_open
20260816_133930_72c887,2025-04-07,601169.SH,buy,3700,29.302283,108418.4471,108.310137,27.104612,0.0,huang529_signal,,next_open
20260816_133930_72c887,2025-04-08,002938.SZ,sell,2400,31.166193,74798.8632,74.873736,18.699716,37.399432,stop_loss,confirm,next_open
20260816_133930_72c887,2025-04-08,605117.SH,sell,200,313.048638,62609.7276,62.6724,15.652432,31.304864,stop_loss,confirm,next_open
20260816_133930_72c887,2025-04-08,600916.SH,sell,10700,8.742848,93548.4736,93.64212,23.387118,46.774237,stop_loss,confirm,next_open
20260816_133930_72c887,2025-04-08,601233.SH,sell,2600,32.301506,83983.9156,84.067984,20.995979,41.991958,stop_loss,confirm,next_open
20260816_133930_72c887,2025-04-08,600761.SH,sell,400,225.15472,90061.888,90.15204,22.515472,45.030944,stop_loss,confirm,next_open
20260816_133930_72c887,2025-04-09,300498.SZ,buy,2700,38.072259,102795.0993,102.692407,25.698775,0.0,huang529_signal,,next_open
20260816_133930_72c887,2025-04-09,600161.SH,buy,200,442.525774,88505.1548,88.416738,22.126289,0.0,huang529_signal,,next_open
20260816_133930_72c887,2025-04-09,002100.SZ,buy,1200,84.569345,101483.214,101.381832,25.370804,0.0,huang529_signal,,next_open
20260816_133930_72c887,2025-04-09,000019.SZ,buy,3000,34.175041,102525.123,102.4227,25.631281,0.0,huang529_signal,,next_open
20260816_133930_72c887,2025-04-09,002567.SZ,buy,3600,28.096809,101148.5124,101.047464,25.287128,0.0,huang529_signal,,next_open
20260816_133930_72c887,2025-04-14,002032.SZ,sell,100,574.379326,57437.9326,57.495428,14.359483,28.718966,holding_expired,confirm,next_open
20260816_133930_72c887,2025-04-15,603235.SH,buy,2800,30.175866,84492.4248,84.408016,21.123106,0.0,huang529_signal,,next_open
20260816_133930_72c887,2025-04-18,000582.SZ,sell,2300,49.721511,114359.4753,114.473949,28.589869,57.179738,holding_expired,confirm,next_open
20260816_133930_72c887,2025-04-21,601288.SH,buy,8900,11.709741,104216.6949,104.112583,26.054174,0.0,huang529_signal,,next_open
20260816_133930_72c887,2025-04-24,301263.SZ,sell,3500,38.74162,135595.67,135.7314,33.898918,67.797835,holding_expired,confirm,next_open
20260816_133930_72c887,2025-04-24,600161.SH,sell,200,384.169006,76833.8012,76.910712,19.20845,38.416901,stop_loss,confirm,next_open
20260816_133930_72c887,2025-04-25,603638.SH,sell,1200,88.429632,106115.5584,106.22178,26.52889,53.057779,holding_expired,confirm,next_open
20260816_133930_72c887,2025-04-25,601988.SH,buy,7200,14.588524,105037.3728,104.93244,26.259343,0.0,huang529_signal,,next_open
20260816_133930_72c887,2025-04-25,000883.SZ,buy,3600,28.915729,104096.6244,103.992631,26.024156,0.0,huang529_signal,,next_open
20260816_133930_72c887,2025-04-28,601187.SH,buy,13600,7.612566,103530.8976,103.42747,25.882724,0.0,huang529_signal,,next_open
20260816_133930_72c887,2025-05-06,601077.SH,sell,12900,9.494871,122483.8359,122.606437,30.620959,61.241918,holding_expired,confirm,next_open
20260816_133930_72c887,2025-05-07,002267.SZ,buy,3800,26.930457,102335.7366,102.233501,25.583934,0.0,huang529_signal,,next_open
20260816_133930_72c887,2025-05-12,601728.SH,sell,12100,9.141032,110606.4872,110.717202,27.651622,55.303244,holding_expired,confirm,next_open
20260816_133930_72c887,2025-05-13,000975.SZ,sell,500,208.447344,104223.672,104.328,26.055918,52.111836,holding_expired,confirm,next_open
20260816_133930_72c887,2025-05-13,601919.SH,buy,3000,34.128915,102386.745,102.28446,25.596686,0.0,huang529_signal,,next_open
20260816_133930_72c887,2025-05-14,601166.SH,sell,900,121.306316,109175.6844,109.28497,27.293921,54.587842,holding_expired,confirm,next_open
20260816_133930_72c887,2025-05-14,601398.SH,sell,6500,17.36065,112844.225,112.957182,28.211056,56.422113,holding_expired,confirm,next_open
20260816_133930_72c887,2025-05-14,002839.SZ,buy,15800,6.593387,104175.5146,104.07144,26.043879,0.0,huang529_signal,,next_open
20260816_133930_72c887,2025-05-15,601997.SH,buy,9000,11.602351,104421.159,104.31684,26.10529,0.0,huang529_signal,,next_open
20260816_133930_72c887,2025-05-15,601668.SH,buy,8000,13.060948,104487.584,104.3832,26.121896,0.0,huang529_signal,,next_open
20260816_133930_72c887,2025-05-26,002034.SZ,sell,1700,64.822822,110198.7974,110.309107,27.549699,55.099399,holding_expired,confirm,next_open
20260816_133930_72c887,2025-05-27,600115.SH,buy,18600,5.553548,103295.9928,103.1928,25.823998,0.0,huang529_signal,,next_open
20260816_133930_72c887,2025-07-04,601169.SH,sell,3700,33.599187,124316.9919,124.441434,31.079248,62.158496,holding_expired,confirm,next_open
20260816_133930_72c887,2025-07-07,002081.SZ,buy,900,116.035928,104432.3352,104.328007,26.108084,0.0,huang529_signal,,next_open
20260816_133930_72c887,2025-07-08,300498.SZ,sell,2700,36.488535,98519.0445,98.617662,24.629761,49.259522,holding_expired,confirm,next_open
20260816_133930_72c887,2025-07-08,002100.SZ,sell,1200,80.408755,96490.506,96.587093,24.122626,48.245253,holding_expired,confirm,next_open
20260816_133930_72c887,2025-07-08,000019.SZ,sell,3000,32.926654,98779.962,98.878842,24.69499,49.389981,holding_expired,confirm,next_open
20260816_133930_72c887,2025-07-08,002567.SZ,sell,3600,25.28431,91023.516,91.114632,22.755879,45.511758,holding_expired,confirm,next_open
20260816_133930_72c887,2025-07-09,000591.SZ,buy,1500,68.987959,103481.9385,103.37856,25.870485,0.0,huang529_signal,,next_open
20260816_133930_72c887,2025-07-09,600075.SH,buy,2200,48.727643,107200.8146,107.093721,26.800204,0.0,huang529_signal,,next_open
20260816_133930_72c887,2025-07-09,000885.SZ,buy,3500,30.774944,107712.304,107.6047,26.928076,0.0,huang529_signal,,next_open
20260816_133930_72c887,2025-07-09,601568.SH,buy,18600,5.853924,108882.9864,108.774214,27.220747,0.0,huang529_signal,,next_open
20260816_133930_72c887,2025-07-14,603235.SH,sell,2800,29.975275,83930.77,84.014784,20.982693,41.965385,holding_expired,confirm,next_open
20260816_133930_72c887,2025-07-15,600897.SH,buy,900,113.134852,101821.3668,101.719647,25.455342,0.0,huang529_signal,,next_open
20260816_133930_72c887,2025-07-18,601288.SH,sell,8900,13.565006,120728.5534,120.849407,30.182138,60.364277,holding_expired,confirm,next_open
20260816_133930_72c887,2025-07-21,600211.SH,buy,800,131.084524,104867.6192,104.762856,26.216905,0.0,huang529_signal,,next_open
20260816_133930_72c887,2025-07-24,601988.SH,sell,7200,14.280849,102822.1128,102.925037,25.705528,51.411056,holding_expired,confirm,next_open
20260816_133930_72c887,2025-07-24,000883.SZ,sell,3600,27.889211,100401.1596,100.501661,25.10029,50.20058,holding_expired,confirm,next_open
20260816_133930_72c887,2025-07-25,601187.SH,sell,13600,8.963156,121898.9216,122.020941,30.47473,60.949461,holding_expired,confirm,next_open
20260816_133930_72c887,2025-07-25,600009.SH,buy,1000,102.789028,102789.028,102.686342,25.697257,0.0,huang529_signal,,next_open
20260816_133930_72c887,2025-07-25,601065.SH,buy,12000,9.283805,111405.66,111.29436,27.851415,0.0,huang529_signal,,next_open
20260816_133930_72c887,2025-07-28,002884.SZ,buy,1100,98.592406,108451.6466,108.343303,27.112912,0.0,huang529_signal,,next_open
20260816_133930_72c887,2025-07-31,002267.SZ,sell,3800,25.407412,96548.1656,96.644811,24.137041,48.274083,holding_expired,confirm,next_open
20260816_133930_72c887,2025-08-01,002876.SZ,buy,2100,50.648431,106361.7051,106.255449,26.590426,0.0,huang529_signal,,next_open
20260816_133930_72c887,2025-08-06,601919.SH,sell,3000,35.591942,106775.826,106.88271,26.693957,53.387913,holding_expired,confirm,next_open
20260816_133930_72c887,2025-08-07,002839.SZ,sell,15800,7.094127,112087.2066,112.199402,28.021802,56.043603,holding_expired,confirm,next_open
20260816_133930_72c887,2025-08-07,002011.SZ,buy,1400,75.777702,106088.7828,105.9828,26.522196,0.0,huang529_signal,,next_open
20260816_133930_72c887,2025-08-08,601997.SH,sell,9000,12.998075,116982.675,117.099774,29.245669,58.491338,holding_expired,confirm,next_open
20260816_133930_72c887,2025-08-08,601668.SH,sell,8000,13.449952,107599.616,107.70732,26.899904,53.799808,holding_expired,confirm,next_open
20260816_133930_72c887,2025-08-08,688330.SH,buy,2600,41.680764,108369.9864,108.261725,27.092497,0.0,huang529_signal,,next_open
20260816_133930_72c887,2025-08-11,600483.SH,buy,2800,38.455367,107675.0276,107.56746,26.918757,0.0,huang529_signal,,next_open
20260816_133930_72c887,2025-08-11,688459.SH,buy,10100,10.886871,109957.3971,109.847549,27.489349,0.0,huang529_signal,,next_open
20260816_133930_72c887,2025-08-20,600115.SH,sell,18600,5.653301,105151.3986,105.256656,26.28785,52.575699,holding_expired,confirm,next_open
20260816_133930_72c887,2025-08-21,600754.SH,buy,1500,74.378056,111567.084,111.455628,27.891771,0.0,huang529_signal,,next_open
20260816_133930_72c887,2025-09-29,002081.SZ,sell,900,114.177626,102759.8634,102.862726,25.689966,51.379932,holding_expired,confirm,next_open
20260816_133930_72c887,2025-09-30,603889.SH,buy,2100,52.230398,109683.8358,109.574262,27.420959,0.0,huang529_signal,,next_open
20260816_133930_72c887,2025-10-09,000591.SZ,sell,1500,68.844201,103266.3015,103.369671,25.816575,51.633151,holding_expired,confirm,next_open
20260816_133930_72c887,2025-10-09,600075.SH,sell,2200,51.307181,112875.7982,112.988788,28.21895,56.437899,holding_expired,confirm,next_open
20260816_133930_72c887,2025-10-09,000885.SZ,sell,3500,33.634332,117720.162,117.838,29.430041,58.860081,holding_expired,confirm,next_open
20260816_133930_72c887,2025-10-09,601568.SH,sell,18600,5.41306,100682.916,100.783691,25.170729,50.341458,holding_expired,confirm,next_open
20260816_133930_72c887,2025-10-10,600312.SH,buy,900,120.78038,108702.342,108.593748,27.175586,0.0,huang529_signal,,next_open
20260816_133930_72c887,2025-10-10,002483.SZ,buy,4500,24.976404,112393.818,112.281539,28.098454,0.0,huang529_signal,,next_open
20260816_133930_72c887,2025-10-10,002255.SZ,buy,2900,39.265448,113869.7992,113.756044,28.46745,0.0,huang529_signal,,next_open
20260816_133930_72c887,2025-10-10,601677.SH,buy,4700,23.912859,112390.4373,112.278159,28.097609,0.0,huang529_signal,,next_open
20260816_133930_72c887,2025-10-15,600897.SH,sell,900,110.30389,99273.501,99.372874,24.818375,49.636751,holding_expired,confirm,next_open
20260816_133930_72c887,2025-10-15,002876.SZ,sell,2100,44.521241,93494.6061,93.588195,23.373652,46.747303,stop_loss,confirm,next_open
20260816_133930_72c887,2025-10-16,600874.SH,buy,8600,12.037258,103520.4188,103.417004,25.880105,0.0,huang529_signal,,next_open
20260816_133930_72c887,2025-10-16,600236.SH,buy,1700,59.084017,100442.8289,100.342486,25.110707,0.0,huang529_signal,,next_open
20260816_133930_72c887,2025-10-21,600211.SH,sell,800,163.508843,130807.0744,130.938013,32.701769,65.403537,holding_expired,confirm,next_open
20260816_133930_72c887,2025-10-22,000883.SZ,buy,3900,28.784596,112259.9244,112.147776,28.064981,0.0,huang529_signal,,next_open
20260816_133930_72c887,2025-10-27,600009.SH,sell,1000,98.428369,98428.369,98.526896,24.607092,49.214185,holding_expired,confirm,next_open
20260816_133930_72c887,2025-10-27,601065.SH,sell,12000,9.147431,109769.172,109.879056,27.442293,54.884586,holding_expired,confirm,next_open
20260816_133930_72c887,2025-10-28,002884.SZ,sell,1100,102.614062,112875.4682,112.988457,28.218867,56.437734,holding_expired,confirm,next_open
20260816_133930_72c887,2025-10-28,000498.SZ,buy,5500,20.642453,113533.4915,113.42007,28.383373,0.0,huang529_signal,,next_open
20260816_133930_72c887,2025-10-28,600938.SH,buy,3200,35.677369,114167.5808,114.053526,28.541895,0.0,huang529_signal,,next_open
20260816_133930_72c887,2025-10-29,600269.SH,buy,1400,76.586846,107221.5844,107.11447,26.805396,0.0,huang529_signal,,next_open
20260816_133930_72c887,2025-11-07,002011.SZ,sell,1400,85.598316,119837.6424,119.9576,29.959411,59.918821,holding_expired,confirm,next_open
20260816_133930_72c887,2025-11-10,688330.SH,sell,2600,58.097469,151053.4194,151.204625,37.763355,75.52671,holding_expired,confirm,next_open
20260816_133930_72c887,2025-11-10,601065.SH,buy,12500,9.584321,119804.0125,119.684325,29.951003,0.0,huang529_signal,,next_open
20260816_133930_72c887,2025-11-11,600483.SH,sell,2800,41.045656,114927.8368,115.04288,28.731959,57.463918,holding_expired,confirm,next_open
20260816_133930_72c887,2025-11-11,688459.SH,sell,10100,10.318332,104215.1532,104.319476,26.053788,52.107577,holding_expired,confirm,next_open
20260816_133930_72c887,2025-11-11,600009.SH,buy,1100,104.158759,114574.6349,114.460174,28.643659,0.0,huang529_signal,,next_open
20260816_133930_72c887,2025-11-12,600004.SH,buy,4300,27.573594,118566.4542,118.448006,29.641614,0.0,huang529_signal,,next_open
20260816_133930_72c887,2025-11-12,601163.SH,buy,6200,19.229008,119219.8496,119.100748,29.804962,0.0,huang529_signal,,next_open
20260816_133930_72c887,2025-11-21,600754.SH,sell,1500,81.690987,122536.4805,122.65914,30.63412,61.26824,holding_expired,confirm,next_open
20260816_133930_72c887,2025-11-24,600313.SH,buy,3900,28.14802,109777.278,109.66761,27.44432,0.0,huang529_signal,,next_open
20260816_133930_72c887,2025-12-31,603889.SH,sell,2100,59.627293,125217.3153,125.342658,31.304329,62.608658,holding_expired,confirm,next_open
20260816_133930_72c887,2026-01-05,603055.SH,buy,7800,14.761467,115139.4426,115.024416,28.784861,0.0,huang529_signal,,next_open
20260816_133930_72c887,2026-01-06,600312.SH,sell,900,124.473984,112026.5856,112.138725,28.006646,56.013293,holding_expired,confirm,next_open
20260816_133930_72c887,2026-01-06,002483.SZ,sell,4500,24.374878,109686.951,109.796746,27.421738,54.843476,holding_expired,confirm,next_open
20260816_133930_72c887,2026-01-06,002255.SZ,sell,2900,54.560998,158226.8942,158.385281,39.556724,79.113447,holding_expired,confirm,next_open
20260816_133930_72c887,2026-01-06,601677.SH,sell,4700,24.683422,116012.0834,116.128211,29.003021,58.006042,holding_expired,confirm,next_open
20260816_133930_72c887,2026-01-07,000423.SZ,buy,100,596.645529,59664.5529,59.604948,14.916138,0.0,huang529_signal,,next_open
20260816_133930_72c887,2026-01-07,600999.SH,buy,2900,39.200942,113682.7318,113.569162,28.420683,0.0,huang529_signal,,next_open
20260816_133930_72c887,2026-01-07,600273.SH,buy,5600,20.649584,115637.6704,115.522148,28.909418,0.0,huang529_signal,,next_open
20260816_133930_72c887,2026-01-07,688533.SH,buy,3700,31.306395,115833.6615,115.717944,28.958415,0.0,huang529_signal,,next_open
20260816_133930_72c887,2026-01-12,600874.SH,sell,8600,11.591692,99688.5512,99.788337,24.922138,49.844276,holding_expired,confirm,next_open
20260816_133930_72c887,2026-01-12,600236.SH,sell,1700,67.458124,114678.8108,114.793605,28.669703,57.339405,holding_expired,confirm,next_open
20260816_133930_72c887,2026-01-13,300144.SZ,buy,800,134.094345,107275.476,107.168308,26.818869,0.0,huang529_signal,,next_open
20260816_133930_72c887,2026-01-13,601228.SH,buy,29700,3.908905,116094.4785,115.9785,29.02362,0.0,huang529_signal,,next_open
20260816_133930_72c887,2026-01-16,000883.SZ,sell,3900,27.410426,106900.6614,107.00767,26.725165,53.450331,holding_expired,confirm,next_open
20260816_133930_72c887,2026-01-19,601096.SH,buy,23700,4.904452,116235.5124,116.119382,29.058878,0.0,huang529_signal,,next_open
20260816_133930_72c887,2026-01-22,000498.SZ,sell,5500,19.901902,109460.461,109.570032,27.365115,54.73023,holding_expired,confirm,next_open
20260816_133930_72c887,2026-01-22,600938.SH,sell,3200,39.698147,127034.0704,127.161232,31.758518,63.517035,holding_expired,confirm,next_open
20260816_133930_72c887,2026-01-23,600269.SH,sell,1400,69.408658,97172.1212,97.26939,24.29303,48.586061,holding_expired,confirm,next_open
20260816_133930_72c887,2026-01-23,600335.SH,buy,3000,38.724745,116174.235,116.058177,29.043559,0.0,huang529_signal,,next_open
20260816_133930_72c887,2026-01-23,002917.SZ,buy,3100,37.982489,117745.7159,117.628086,29.436429,0.0,huang529_signal,,next_open
20260816_133930_72c887,2026-01-26,002818.SZ,buy,3600,33.003072,118811.0592,118.692367,29.702765,0.0,huang529_signal,,next_open
20260816_133930_72c887,2026-02-04,601065.SH,sell,12500,9.168854,114610.675,114.7254,28.652669,57.305338,holding_expired,confirm,next_open
20260816_133930_72c887,2026-02-05,600009.SH,sell,1100,97.832214,107615.4354,107.723158,26.903859,53.807718,holding_expired,confirm,next_open
20260816_133930_72c887,2026-02-05,601018.SH,buy,21300,5.74533,122375.529,122.253267,30.593882,0.0,huang529_signal,,next_open
20260816_133930_72c887,2026-02-06,600004.SH,sell,4300,25.801948,110948.3764,111.059437,27.737094,55.474188,holding_expired,confirm,next_open
20260816_133930_72c887,2026-02-06,601163.SH,sell,6200,19.302814,119677.4468,119.797243,29.919362,59.838723,holding_expired,confirm,next_open
20260816_133930_72c887,2026-02-06,600750.SH,buy,200,542.504881,108500.9762,108.392584,27.125244,0.0,huang529_signal,,next_open
20260816_133930_72c887,2026-02-09,600216.SH,buy,1100,103.967103,114363.8133,114.249564,28.590953,0.0,huang529_signal,,next_open
20260816_133930_72c887,2026-02-09,301203.SZ,buy,2800,42.702914,119568.1592,119.448711,29.89204,0.0,huang529_signal,,next_open
20260816_133930_72c887,2026-02-26,600313.SH,sell,3900,32.787719,127872.1041,128.000106,31.968026,63.936052,holding_expired,confirm,next_open
20260816_133930_72c887,2026-02-27,601199.SH,buy,4000,30.804083,123216.332,123.09324,30.804083,0.0,huang529_signal,,next_open
20260816_133930_72c887,2026-03-23,600999.SH,sell,2900,34.089427,98859.3383,98.958298,24.714835,49.429669,stop_loss,confirm,next_open
20260816_133930_72c887,2026-03-23,688533.SH,sell,3700,26.640033,98568.1221,98.66679,24.642031,49.284061,stop_loss,confirm,next_open
20260816_133930_72c887,2026-03-23,002917.SZ,sell,3100,32.215528,99868.1368,99.968106,24.967034,49.934068,stop_loss,confirm,next_open
20260816_133930_72c887,2026-03-24,600335.SH,sell,3000,32.904821,98714.463,98.813277,24.678616,49.357232,stop_loss,confirm,next_open
20260816_133930_72c887,2026-03-26,600548.SH,buy,4000,28.333946,113335.784,113.22256,28.333946,0.0,huang529_signal,,next_open
20260816_133930_72c887,2026-03-26,601998.SH,buy,6800,16.85718,114628.824,114.514312,28.657206,0.0,huang529_signal,,next_open
20260816_133930_72c887,2026-03-26,600905.SH,buy,23900,4.822813,115265.2307,115.150081,28.816308,0.0,huang529_signal,,next_open
20260816_133930_72c887,2026-03-26,000883.SZ,buy,3600,31.423184,113123.4624,113.010451,28.280866,0.0,huang529_signal,,next_open
20260816_133930_72c887,2026-04-07,000883.SZ,sell,3600,27.530122,99108.4392,99.207648,24.77711,49.55422,stop_loss,confirm,next_open
20260816_133930_72c887,2026-04-08,603055.SH,sell,7800,14.98273,116865.294,116.982278,29.216323,58.432647,holding_expired,confirm,next_open
20260816_133930_72c887,2026-04-08,002818.SZ,sell,3600,29.256085,105321.906,105.427332,26.330476,52.660953,stop_loss,confirm,next_open
20260816_133930_72c887,2026-04-09,300050.SZ,buy,1900,57.833185,109883.0515,109.773279,27.470763,0.0,huang529_signal,,next_open
20260816_133930_72c887,2026-04-10,000423.SZ,sell,100,649.478791,64947.8791,65.012892,16.23697,32.47394,holding_expired,confirm,next_open
20260816_133930_72c887,2026-04-10,600273.SH,sell,5600,20.025682,112143.8192,112.256077,28.035955,56.07191,holding_expired,confirm,next_open
20260816_133930_72c887,2026-04-14,603202.SH,buy,1000,104.615918,104615.918,104.511407,26.15398,0.0,huang529_signal,,next_open
20260816_133930_72c887,2026-04-14,601077.SH,buy,10500,10.685971,112202.6955,112.090608,28.050674,0.0,huang529_signal,,next_open
20260816_133930_72c887,2026-04-14,000800.SZ,buy,5700,19.525491,111295.2987,111.184115,27.823825,0.0,huang529_signal,,next_open
20260816_133930_72c887,2026-04-15,601665.SH,buy,12400,7.468767,92612.7108,92.520194,23.153178,0.0,huang529_signal,,next_open
20260816_133930_72c887,2026-04-16,300144.SZ,sell,800,124.640706,99712.5648,99.812377,24.928141,49.856282,holding_expired,confirm,next_open
20260816_133930_72c887,2026-04-16,601228.SH,sell,29700,3.571425,106071.3225,106.1775,26.517831,53.035661,holding_expired,confirm,next_open
20260816_133930_72c887,2026-04-17,603565.SH,buy,2100,48.317283,101466.2943,101.364929,25.366574,0.0,huang529_signal,,next_open
20260816_133930_72c887,2026-04-17,002458.SZ,buy,1100,91.351408,100486.5488,100.386163,25.121637,0.0,huang529_signal,,next_open
20260816_133930_72c887,2026-04-22,601096.SH,sell,23700,5.654692,134016.2004,134.150342,33.50405,67.0081,holding_expired,confirm,next_open
20260816_133930_72c887,2026-04-23,600901.SH,buy,7500,15.006113,112545.8475,112.433415,28.136462,0.0,huang529_signal,,next_open
20260816_133930_72c887,2026-04-27,601199.SH,sell,4000,26.464449,105857.796,105.96376,26.464449,52.928898,stop_loss,confirm,next_open
20260816_133930_72c887,2026-04-27,603202.SH,sell,1000,87.514653,87514.653,87.602255,21.878663,43.757327,stop_loss,confirm,next_open
20260816_133930_72c887,2026-04-28,601838.SH,buy,4100,26.224046,107518.5886,107.411177,26.879647,0.0,huang529_signal,,next_open
20260816_133930_72c887,2026-04-28,600461.SH,buy,1800,59.826769,107688.1842,107.580604,26.922046,0.0,huang529_signal,,next_open
20260816_133930_72c887,2026-05-14,601018.SH,sell,21300,5.300315,112896.7095,113.009727,28.224177,56.448355,holding_expired,confirm,next_open
20260816_133930_72c887,2026-05-15,600750.SH,sell,200,494.506259,98901.2518,99.000252,24.725313,49.450626,holding_expired,confirm,next_open
20260816_133930_72c887,2026-05-15,001872.SZ,buy,900,117.294694,105565.2246,105.459764,26.391306,0.0,huang529_signal,,next_open
20260816_133930_72c887,2026-05-18,600216.SH,sell,1100,93.982051,103380.2561,103.48374,25.845064,51.690128,holding_expired,confirm,next_open
20260816_133930_72c887,2026-05-18,301203.SZ,sell,2800,58.158508,162843.8224,163.00683,40.710956,81.421911,holding_expired,confirm,next_open
20260816_133930_72c887,2026-05-18,000800.SZ,sell,5700,17.0133,96975.81,97.072881,24.243952,48.487905,stop_loss,confirm,next_open
20260816_133930_72c887,2026-05-18,601728.SH,buy,13800,7.876344,108693.5472,108.584969,27.173387,0.0,huang529_signal,,next_open
20260816_133930_72c887,2026-05-19,603206.SH,buy,5400,20.135155,108729.837,108.621216,27.182459,0.0,huang529_signal,,next_open
20260816_133930_72c887,2026-05-20,605500.SH,buy,4900,22.324054,109387.8646,109.278585,27.346966,0.0,huang529_signal,,next_open
20260816_133930_72c887,2026-05-20,301020.SZ,buy,3900,27.697405,108019.8795,107.911967,27.00497,0.0,huang529_signal,,next_open
20260816_133930_72c887,2026-05-25,600901.SH,sell,7500,13.0989,98241.75,98.34009,24.560437,49.120875,stop_loss,confirm,next_open
20260816_133930_72c887,2026-05-26,601939.SH,buy,4300,25.223362,108460.4566,108.352105,27.115114,0.0,huang529_signal,,next_open
20260816_133930_72c887,2026-06-01,603206.SH,sell,5400,17.199014,92874.6756,92.967642,23.218669,46.437338,stop_loss,confirm,next_open
20260816_133930_72c887,2026-06-02,605500.SH,sell,4900,18.758008,91914.2392,92.006247,22.97856,45.95712,stop_loss,confirm,next_open
20260816_133930_72c887,2026-06-02,600900.SH,buy,900,105.582225,95024.0025,94.929073,23.756001,0.0,huang529_signal,,next_open
20260816_133930_72c887,2026-06-03,600377.SH,buy,2200,47.306159,104073.5498,103.96958,26.018387,0.0,huang529_signal,,next_open
20260816_133930_72c887,2026-06-05,603565.SH,sell,2100,40.983241,86064.8061,86.150956,21.516202,43.032403,stop_loss,confirm,next_open
20260816_133930_72c887,2026-06-08,601518.SH,buy,18000,5.466257,98392.626,98.294328,24.598157,0.0,huang529_signal,,next_open
20260816_133930_72c887,2026-06-12,001872.SZ,sell,900,100.216407,90194.7663,90.285052,22.548692,45.097383,stop_loss,confirm,next_open
20260816_133930_72c887,2026-06-16,600999.SH,buy,2200,40.632437,89391.3614,89.302059,22.34784,0.0,huang529_signal,,next_open
20260816_133930_72c887,2026-06-22,601077.SH,sell,10500,9.200123,96601.2915,96.697986,24.150323,48.300646,stop_loss,confirm,next_open
20260816_133930_72c887,2026-06-23,600461.SH,sell,1800,52.402015,94323.627,94.418044,23.580907,47.161814,stop_loss,confirm,next_open
20260816_133930_72c887,2026-06-23,600030.SH,buy,500,193.7837,96891.85,96.795055,24.222963,0.0,huang529_signal,,next_open
20260816_133930_72c887,2026-06-24,600905.SH,sell,23900,4.231364,101129.5996,101.23084,25.2824,50.5648,stop_loss,confirm,next_open
20260816_133930_72c887,2026-06-24,601728.SH,sell,13800,6.833628,94304.0664,94.398458,23.576017,47.152033,stop_loss,confirm,next_open
20260816_133930_72c887,2026-06-25,600548.SH,sell,4000,25.326656,101306.624,101.408032,25.326656,50.653312,holding_expired,confirm,next_open
20260816_133930_72c887,2026-06-25,601998.SH,sell,6800,15.042842,102291.3256,102.39372,25.572831,51.145663,holding_expired,confirm,next_open
20260816_133930_72c887,2026-06-26,601995.SH,buy,2600,37.009428,96224.5128,96.128386,24.056128,0.0,huang529_signal,,next_open
