open,close,open_next,up_limit_next,vol_next,limit_up_t,oneword_next,ts_code,trade_date,overnight_gap,open2open
15.17,15.17,16.69,16.69,162308.74,True,True,002857.SZ,2024-07-01,0.10019775873434411,0.10019775873434411
22.78,22.38,22.3,24.62,115492.31,False,False,600872.SH,2024-07-01,-0.003574620196604039,-0.021071115013169495
38.01,37.06,37.01,44.47,40957.64,False,False,300633.SZ,2024-07-02,-0.001349163518618579,-0.02630886608787164
25.1,24.29,24.38,26.72,66456.02,False,False,600060.SH,2024-07-02,0.003705228489090162,-0.028685258964143534
37.01,35.79,35.52,42.95,54431.0,False,False,300633.SZ,2024-07-03,-0.00754400670578359,-0.04025938935422846
13.66,13.3,13.36,14.63,46580.42,False,False,002705.SZ,2024-07-03,0.004511278195488577,-0.02196193265007329
35.52,34.61,34.5,41.53,59585.86,False,False,300633.SZ,2024-07-04,-0.0031782721756717924,-0.02871621621621634
17.87,17.32,17.32,20.78,22895.0,False,False,301018.SZ,2024-07-04,0.0,-0.03077783995523231
22.97,22.97,22.97,27.56,13681.01,False,False,301270.SZ,2024-07-05,0.0,0.0
9.98,10.17,10.13,11.19,6459.79,False,False,603137.SH,2024-07-05,-0.003933136676499416,0.01503006012024044
52.86,50.1,49.8,60.12,18861.35,False,False,301096.SZ,2024-07-08,-0.005988023952095856,-0.057888762769580104
13.17,12.97,12.91,14.27,46706.56,False,False,002705.SZ,2024-07-08,-0.004626060138781862,-0.01974183750949121
33.45,32.34,32.0,38.81,47110.0,False,False,300633.SZ,2024-07-09,-0.010513296227582014,-0.0433482810164425
10.49,10.69,10.62,12.83,6401.0,False,False,301288.SZ,2024-07-09,-0.006548175865294659,0.012392755004766443
9.32,9.12,9.29,10.03,23755.0,False,False,002674.SZ,2024-07-10,0.018640350877193068,-0.0032188841201717944
35.15,35.24,35.88,42.29,307251.49,False,False,300014.SZ,2024-07-10,0.018161180476730987,0.02076813655761045
17.88,17.75,17.85,21.3,6313.43,False,False,301227.SZ,2024-07-11,0.005633802816901401,-0.001677852348993203
15.32,15.28,15.28,18.34,3514.65,False,False,300983.SZ,2024-07-11,0.0,-0.0026109660574412663
16.24,16.31,16.21,17.94,5436.98,False,False,603282.SH,2024-07-12,-0.006131207847945963,-0.001847290640393906
9.62,9.53,9.51,10.48,9354.51,False,False,605122.SH,2024-07-12,-0.0020986358866735833,-0.011434511434511352
17.9,17.94,17.88,19.73,123050.08,False,False,002270.SZ,2024-07-15,-0.0033444816053512794,-0.0011173184357541333
15.35,14.78,14.76,17.74,2061.81,False,False,300983.SZ,2024-07-15,-0.0013531799729363803,-0.038436482084690526
17.09,16.91,16.91,18.6,18156.78,False,False,001336.SZ,2024-07-16,0.0,-0.010532475131655894
12.75,12.52,12.62,15.02,30006.0,False,False,301188.SZ,2024-07-16,0.007987220447284393,-0.010196078431372602
16.91,16.35,16.21,17.99,12704.78,False,False,001336.SZ,2024-07-17,-0.008562691131498545,-0.04139562389118856
38.78,37.17,37.17,40.89,10813.52,False,False,001283.SZ,2024-07-17,0.0,-0.041516245487364656
6.55,6.63,6.61,7.29,28236.0,False,False,603889.SH,2024-07-18,-0.003016591251885359,0.009160305343511421
3.75,3.79,3.75,4.55,40761.59,False,False,300326.SZ,2024-07-18,-0.01055408970976257,0.0
7.12,7.12,7.05,8.54,68642.02,False,False,300887.SZ,2024-07-19,-0.0098314606741573,-0.0098314606741573
3.75,3.8,3.78,4.56,46362.39,False,False,300326.SZ,2024-07-19,-0.0052631578947368585,0.008000000000000007
3.78,3.85,3.83,4.62,48545.22,False,False,300326.SZ,2024-07-22,-0.0051948051948051965,0.013227513227513255
6.78,6.91,6.96,7.6,178133.11,False,False,600834.SH,2024-07-22,0.00723589001447178,0.026548672566371723
3.29,3.15,3.14,3.47,1463103.19,False,False,000630.SZ,2024-07-23,-0.0031746031746030523,-0.045592705167173175
13.36,12.97,12.95,14.27,43557.5,False,False,603239.SH,2024-07-23,-0.0015420200462606948,-0.030688622754491024
9.6,9.14,9.13,10.05,34775.0,False,False,603600.SH,2024-07-24,-0.001094091903719896,-0.048958333333333215
6.99,6.82,6.81,7.5,475573.13,False,False,002532.SZ,2024-07-24,-0.0014662756598241566,-0.025751072961373467
9.13,8.9,8.95,9.79,30164.37,False,False,603600.SH,2024-07-25,0.00561797752808979,-0.019715224534501807
16.08,15.43,15.55,16.97,1753896.1,False,False,601899.SH,2024-07-25,0.007777057679844601,-0.03296019900497493
9.11,9.18,9.19,10.1,6508.0,False,False,605122.SH,2024-07-26,0.0010893246187364536,0.008781558726673966
15.55,15.85,16.0,17.44,1439936.3,False,False,601899.SH,2024-07-26,0.009463722397476282,0.02893890675241151
9.96,9.96,10.96,10.96,460467.76,True,True,603988.SH,2024-07-29,0.10040160642570273,0.10040160642570273
9.19,9.24,9.24,10.16,8648.8,False,False,605122.SH,2024-07-29,0.0,0.005440696409140466
20.23,19.29,19.27,21.22,407807.35,False,False,600183.SH,2024-07-30,-0.0010368066355624928,-0.04745427582797834
8.49,8.59,8.81,9.45,741053.04,False,False,000737.SZ,2024-07-30,0.025611175785797524,0.03769140164899887
5.99,6.16,6.18,6.78,29672.06,False,False,603903.SH,2024-07-31,0.0032467532467532756,0.03171953255425697
21.66,22.65,22.68,24.92,9594.0,False,False,605289.SH,2024-07-31,0.0013245033112583293,0.047091412742382266
5.35,5.33,5.29,5.86,42950.5,False,False,003037.SZ,2024-08-01,-0.007504690431519689,-0.01121495327102795
22.68,22.7,22.55,24.97,11641.25,False,False,605289.SH,2024-08-01,-0.0066079295154184425,-0.0057319223985889955
8.55,8.14,8.0,8.95,350813.31,False,False,600834.SH,2024-08-02,-0.017199017199017286,-0.06432748538011701
12.37,12.4,12.38,13.64,5775.76,False,False,605259.SH,2024-08-02,-0.001612903225806428,0.0008084074373484462
9.45,9.3,9.42,10.23,5975.6,False,False,605122.SH,2024-08-05,0.012903225806451424,-0.0031746031746030523
12.38,12.22,12.19,13.44,3234.36,False,False,605259.SH,2024-08-05,-0.002454991816694063,-0.015347334410339308
9.42,9.48,9.55,10.43,5129.0,False,False,605122.SH,2024-08-06,0.007383966244725704,0.013800424628450214
5.21,5.31,5.33,5.84,26758.19,False,False,003037.SZ,2024-08-06,0.0037664783427495685,0.02303262955854124
9.55,9.5,9.48,10.45,5374.0,False,False,605122.SH,2024-08-07,-0.002105263157894721,-0.007329842931937169
10.62,10.62,9.56,11.68,88258.0,False,False,603390.SH,2024-08-07,-0.09981167608286245,-0.09981167608286245
9.48,9.47,9.46,10.42,6430.0,False,False,605122.SH,2024-08-08,-0.001055966209081327,-0.002109704641350185
6.0,6.08,6.1,6.69,18067.0,False,False,603903.SH,2024-08-08,0.0032894736842103978,0.016666666666666607
9.46,9.44,9.47,10.38,7048.0,False,False,605122.SH,2024-08-09,0.0031779661016950733,0.0010570824524311906
6.1,6.06,6.1,6.67,33186.6,False,False,603903.SH,2024-08-09,0.0066006600660066805,0.0
9.47,9.43,9.42,10.37,7918.6,False,False,605122.SH,2024-08-12,-0.0010604453870625141,-0.0052798310454066355
12.35,12.47,12.68,13.72,5881.12,False,False,605259.SH,2024-08-12,0.016840417000801855,0.026720647773279316
7.36,7.43,7.42,8.17,297654.61,False,False,600834.SH,2024-08-13,-0.0013458950201884479,0.008152173913043459
9.42,9.56,9.55,10.52,53248.57,False,False,605122.SH,2024-08-13,-0.0010460251046024993,0.013800424628450214
5.1,4.92,4.93,5.9,192806.58,False,False,300215.SZ,2024-08-14,0.00203252032520318,-0.033333333333333326
25.93,26.46,26.54,29.11,497715.35,True,False,002827.SZ,2024-08-14,0.003023431594860071,0.02352487466255293
12.49,12.39,12.47,13.63,2105.8,False,False,605259.SH,2024-08-15,0.006456820016142117,-0.0016012810248198228
17.42,17.5,17.69,21.0,12747.2,False,False,300619.SZ,2024-08-15,0.010857142857142899,0.015499425947187007
27.5,27.5,24.75,30.25,71140.0,True,False,002952.SZ,2024-08-16,-0.09999999999999998,-0.09999999999999998
12.47,12.4,12.4,13.64,1951.16,False,False,605259.SH,2024-08-16,0.0,-0.005613472333600655
11.59,11.59,12.75,12.75,481737.25,True,True,000062.SZ,2024-08-19,0.10008628127696295,0.10008628127696295
12.4,12.33,12.44,13.56,2769.48,False,False,605259.SH,2024-08-19,0.008921330089213253,0.003225806451612856
11.27,11.04,11.0,13.25,8894.0,False,False,300651.SZ,2024-08-20,-0.0036231884057970065,-0.02395740905057675
27.92,27.32,27.2,32.78,12445.85,False,False,301509.SZ,2024-08-20,-0.004392386530014725,-0.025787965616045905
11.0,11.06,11.05,13.27,13115.0,False,False,300651.SZ,2024-08-21,-0.000904159132007254,0.00454545454545463
18.03,17.75,17.76,21.3,4645.43,False,False,301276.SZ,2024-08-21,0.0005633802816902289,-0.014975041597337757
22.35,21.63,21.36,25.96,22726.0,False,False,301258.SZ,2024-08-22,-0.012482662968099856,-0.04429530201342291
17.76,17.65,17.6,21.18,5837.9,False,False,301276.SZ,2024-08-22,-0.0028328611898015277,-0.009009009009009028
21.75,21.76,21.57,23.94,10744.52,False,False,603031.SH,2024-08-23,-0.008731617647058876,-0.008275862068965467
5.04,5.0,5.01,5.5,37134.5,False,False,000529.SZ,2024-08-23,0.0020000000000000018,-0.005952380952381042
18.67,18.67,19.9,20.54,1496615.02,True,False,000062.SZ,2024-08-26,0.06588109266202435,0.06588109266202435
20.23,20.2,20.12,24.24,71803.87,False,False,301030.SZ,2024-08-26,-0.003960396039603853,-0.005437469105289194
10.35,10.21,10.06,11.23,15120.96,False,False,603303.SH,2024-08-27,-0.014691478942213565,-0.02801932367149751
12.48,12.34,12.42,13.57,12269.8,False,False,603282.SH,2024-08-27,0.006482982171799101,-0.004807692307692402
10.06,10.17,10.1,11.19,11935.65,False,False,603303.SH,2024-08-28,-0.0068829891838742,0.00397614314115291
10.18,10.04,10.01,11.04,94639.0,False,False,603885.SH,2024-08-28,-0.0029880478087648266,-0.016699410609037346
6.65,6.7,6.69,7.37,46660.73,False,False,601512.SH,2024-08-29,-0.0014925373134327957,0.006015037593984918
10.98,11.04,11.03,12.14,257011.35,False,False,600372.SH,2024-08-29,-0.0009057971014492239,0.004553734061930603
14.88,15.2,15.12,18.24,9164.0,False,False,301227.SZ,2024-08-30,-0.0052631578947368585,0.016129032258064502
28.27,28.4,28.42,31.24,3319.0,False,False,603307.SH,2024-08-30,0.0007042253521127861,0.005305978068623984
5.37,5.32,5.31,5.85,139152.13,False,False,600125.SH,2024-09-02,-0.001879699248120481,-0.011173184357541999
28.42,28.11,28.11,30.92,2888.0,False,False,603307.SH,2024-09-02,0.0,-0.010907811400422296
28.11,28.16,28.15,30.98,2151.01,False,False,603307.SH,2024-09-03,-0.00035511363636364646,0.0014229811454997687
14.87,15.04,14.9,18.05,5086.65,False,False,301227.SZ,2024-09-03,-0.00930851063829774,0.0020174848688636615
25.5,25.35,25.35,27.89,225278.46,False,False,600547.SH,2024-09-04,0.0,-0.00588235294117645
28.15,28.2,28.2,31.02,2572.5,False,False,603307.SH,2024-09-04,0.0,0.001776198934280604
14.9,14.97,14.98,17.96,7343.84,False,False,301227.SZ,2024-09-05,0.0006680026720107257,0.005369127516778427
30.0,30.39,30.39,36.47,11493.29,False,False,301391.SZ,2024-09-05,0.0,0.013000000000000123
11.44,11.44,12.58,12.58,1744501.0,True,True,600611.SH,2024-09-06,0.0996503496503498,0.0996503496503498
17.92,17.92,19.71,19.71,1327165.18,True,True,603883.SH,2024-09-06,0.0998883928571428,0.0998883928571428
7.99,7.82,7.85,8.6,1255346.5,False,False,601857.SH,2024-09-09,0.0038363171355497716,-0.017521902377972576
7.45,7.27,7.27,8.0,284995.09,False,False,601800.SH,2024-09-09,0.0,-0.024161073825503476
6.5,6.47,6.39,7.12,575818.17,False,False,601872.SH,2024-09-10,-0.012364760432766575,-0.01692307692307693
7.71,7.56,7.56,8.32,252697.34,False,False,000543.SZ,2024-09-10,0.0,-0.01945525291828798
3.03,2.96,2.96,3.26,260198.49,False,False,600578.SH,2024-09-11,0.0,-0.02310231023102305
3.27,3.19,3.17,3.51,210063.0,False,False,600575.SH,2024-09-11,-0.006269592476489061,-0.030581039755351758
9.18,9.13,9.13,10.04,131283.43,False,False,600479.SH,2024-09-12,0.0,-0.005446623093681824
4.81,4.84,4.82,5.32,721084.99,False,False,600795.SH,2024-09-12,-0.004132231404958553,0.0020790020790022457
36.86,36.41,36.37,40.05,109552.07,False,False,000999.SZ,2024-09-13,-0.0010985992859104954,-0.013293543136191022
16.49,16.13,16.1,17.74,153831.0,False,False,600079.SH,2024-09-13,-0.0018598884066954868,-0.02365069739235881
9.96,9.88,9.98,10.87,56277.0,False,False,603998.SH,2024-09-18,0.010121457489878471,0.002008032128514081
13.9,13.46,13.5,16.15,12082.0,False,False,300980.SZ,2024-09-18,0.002971768202080227,-0.02877697841726623
26.21,26.07,26.22,31.28,10726.77,False,False,301387.SZ,2024-09-19,0.005753739930955071,0.00038153376573824005
13.5,13.63,13.8,16.36,8998.5,False,False,300980.SZ,2024-09-19,0.01247248716067495,0.022222222222222365
17.92,18.54,20.03,20.39,1454970.26,True,False,000948.SZ,2024-09-20,0.08036677454153196,0.11774553571428559
13.8,13.54,13.46,16.25,9985.02,False,False,300980.SZ,2024-09-20,-0.005908419497784201,-0.024637681159420333
13.46,13.36,13.53,16.03,16201.0,False,False,300980.SZ,2024-09-23,0.01272455089820368,0.005200594353640398
27.18,27.14,27.2,29.85,4870.0,False,False,603307.SH,2024-09-23,0.002210759027265974,0.0007358351729211954
13.22,13.86,15.25,15.25,474899.9,True,True,603988.SH,2024-09-24,0.10028860028860032,0.15355521936459904
18.81,19.33,19.56,23.2,13533.0,False,False,301170.SZ,2024-09-24,0.01189860320744951,0.03987240829346095
5.53,5.53,6.08,6.08,58035.6,True,True,002208.SZ,2024-09-25,0.09945750452079571,0.09945750452079571
27.75,27.85,27.73,30.64,6968.0,False,False,603307.SH,2024-09-25,-0.004308797127468567,-0.0007207207207207134
6.08,6.08,6.69,6.69,26345.73,True,True,002208.SZ,2024-09-26,0.10032894736842102,0.10032894736842102
18.6,19.16,19.4,22.99,29495.8,False,False,301456.SZ,2024-09-26,0.012526096033402823,0.04301075268817178
6.69,6.69,7.36,7.36,56063.66,True,True,002208.SZ,2024-09-27,0.1001494768310911,0.1001494768310911
54.43,54.43,59.87,59.87,17910.66,True,True,600702.SH,2024-09-27,0.0999448833363954,0.0999448833363954
11.88,11.88,13.07,13.07,2552244.94,True,True,002423.SZ,2024-09-30,0.10016835016835013,0.10016835016835013
4.83,4.83,5.31,5.31,518432.81,True,True,000750.SZ,2024-09-30,0.0993788819875776,0.0993788819875776
7.57,7.57,8.08,8.33,550999.31,True,False,600826.SH,2024-10-08,0.06737120211360637,0.06737120211360637
5.31,5.31,5.84,5.84,14639534.69,True,True,000750.SZ,2024-10-08,0.09981167608286268,0.09981167608286268
35.0,36.95,37.66,40.65,38010.96,False,False,605128.SH,2024-10-09,0.019215155615696755,0.07599999999999985
8.08,8.15,8.33,8.97,575506.35,False,False,600826.SH,2024-10-09,0.02208588957055202,0.030940594059405857
14.2,14.03,14.03,15.43,35078.86,False,False,603172.SH,2024-10-10,0.0,-0.011971830985915477
6.45,6.64,6.57,7.3,270924.42,False,False,603378.SH,2024-10-10,-0.010542168674698704,0.018604651162790642
17.79,17.79,19.57,19.57,5833594.81,True,True,601211.SH,2024-10-11,0.10005621135469367,0.10005621135469367
31.26,30.06,30.2,33.07,3060.0,False,False,001225.SZ,2024-10-11,0.004657351962741307,-0.03390914907229692
18.55,18.48,18.39,20.33,38084.88,False,False,603173.SH,2024-10-14,-0.004870129870129913,-0.008625336927223781
23.31,23.69,23.69,26.06,13142.25,False,False,603163.SH,2024-10-14,0.0,0.016302016302016442
8.7,8.62,8.6,9.48,18399.1,False,False,603819.SH,2024-10-15,-0.002320185614849146,-0.011494252873563204
11.71,11.44,11.37,12.58,9143.58,False,False,603578.SH,2024-10-15,-0.006118881118881148,-0.029035012809564664
12.1,12.1,13.31,13.31,25886.66,True,True,603038.SH,2024-10-16,0.10000000000000009,0.10000000000000009
18.03,18.13,18.23,19.94,11881.03,False,False,603075.SH,2024-10-16,0.005515719801434171,0.011092623405435376
13.31,13.31,14.64,14.64,502485.45,True,True,603038.SH,2024-10-17,0.09992486851990989,0.09992486851990989
23.77,23.36,24.87,25.7,22785.04,False,False,603163.SH,2024-10-17,0.06464041095890427,0.04627681952040397
29.98,29.98,35.98,35.98,8784.17,True,True,301297.SZ,2024-10-18,0.20013342228152098,0.20013342228152098
33.86,33.86,37.25,37.25,17490.06,True,True,002851.SZ,2024-10-18,0.10011813349084475,0.10011813349084475
37.25,37.25,40.98,40.98,60323.84,True,True,002851.SZ,2024-10-21,0.1001342281879194,0.1001342281879194
8.92,8.92,9.81,9.81,258910.96,True,True,600839.SH,2024-10-21,0.09977578475336335,0.09977578475336335
43.18,43.18,51.82,51.82,30206.15,True,True,301297.SZ,2024-10-22,0.2000926354793886,0.2000926354793886
17.71,17.71,18.7,19.48,926029.78,True,False,603038.SH,2024-10-22,0.05590062111801242,0.05590062111801242
5.45,5.45,6.0,6.0,53965.54,True,True,000958.SZ,2024-10-23,0.10091743119266061,0.10091743119266061
15.85,15.85,17.44,17.44,14247.32,True,True,603656.SH,2024-10-23,0.10031545741324921,0.10031545741324921
6.0,6.0,6.6,6.6,186416.49,True,True,000958.SZ,2024-10-24,0.09999999999999987,0.09999999999999987
17.44,17.44,19.18,19.18,41615.4,True,True,603656.SH,2024-10-24,0.09977064220183474,0.09977064220183474
8.73,8.73,9.6,9.6,22938.61,True,True,600292.SH,2024-10-25,0.09965635738831602,0.09965635738831602
12.78,12.94,13.18,14.23,54757.0,False,False,603886.SH,2024-10-25,0.018547140649149974,0.031298904538341166
13.81,13.81,15.19,15.19,44935.6,True,True,600843.SH,2024-10-28,0.09992758870383778,0.09992758870383778
5.3,5.3,5.83,5.83,4410581.53,True,True,002183.SZ,2024-10-28,0.10000000000000009,0.10000000000000009
15.19,15.19,15.19,16.71,1299600.18,True,False,600843.SH,2024-10-29,0.0,0.0
79.82,79.82,83.8,95.78,284932.74,True,False,300781.SZ,2024-10-29,0.0498621899273366,0.0498621899273366
17.16,17.16,18.88,18.88,1604274.81,True,True,002312.SZ,2024-10-30,0.10023310023310006,0.10023310023310006
13.29,13.29,14.62,14.62,2097335.0,True,True,002416.SZ,2024-10-30,0.10007524454477057,0.10007524454477057
46.73,46.73,51.4,51.4,828192.37,True,True,600363.SH,2024-10-31,0.09993580141236902,0.09993580141236902
8.88,8.95,8.96,9.85,51431.61,False,False,603135.SH,2024-10-31,0.0011173184357544663,0.009009009009008917
14.48,14.48,17.38,17.38,47035.22,True,True,300121.SZ,2024-11-01,0.20027624309392245,0.20027624309392245
8.23,8.23,9.05,9.05,130041.76,True,True,000795.SZ,2024-11-01,0.09963547995139743,0.09963547995139743
9.05,9.05,9.96,9.96,115723.8,True,True,000795.SZ,2024-11-04,0.10055248618784529,0.10055248618784529
17.38,17.38,20.78,20.86,1367190.9,True,False,300121.SZ,2024-11-04,0.19562715765247418,0.19562715765247418
56.16,56.16,61.78,61.78,48493.28,True,True,600363.SH,2024-11-05,0.10007122507122523,0.10007122507122523
9.96,9.96,10.96,10.96,57576.8,True,True,000795.SZ,2024-11-05,0.10040160642570273,0.10040160642570273
30.13,30.13,31.59,33.14,609154.57,True,False,603859.SH,2024-11-06,0.04845668768669098,0.04845668768669098
10.96,10.96,12.06,12.06,2220970.42,True,True,000795.SZ,2024-11-06,0.10036496350364965,0.10036496350364965
28.51,28.51,31.36,31.36,297681.74,True,True,603922.SH,2024-11-07,0.09996492458786377,0.09996492458786377
7.15,7.15,7.87,7.87,2713878.95,True,True,000716.SZ,2024-11-07,0.10069930069930066,0.10069930069930066
6.74,6.74,7.01,7.41,4178455.06,True,False,002510.SZ,2024-11-08,0.0400593471810089,0.0400593471810089
7.17,7.17,7.17,7.89,1393218.89,True,False,603366.SH,2024-11-08,0.0,0.0
24.68,24.68,25.25,27.15,3043023.42,True,False,601698.SH,2024-11-11,0.02309562398703413,0.02309562398703413
14.42,14.42,17.3,17.3,21593.55,True,True,300277.SZ,2024-11-11,0.19972260748959791,0.19972260748959791
5.4,5.4,5.45,5.94,3109275.87,True,False,002165.SZ,2024-11-12,0.0092592592592593,0.0092592592592593
14.63,14.63,16.09,16.09,453704.65,True,True,002838.SZ,2024-11-12,0.09979494190020488,0.09979494190020488
9.02,9.53,10.48,10.48,80608.68,True,True,000833.SZ,2024-11-13,0.09968520461699915,0.16186252771618626
17.08,17.08,18.79,18.79,4036053.49,True,True,002402.SZ,2024-11-13,0.10011709601873542,0.10011709601873542
10.48,10.48,11.14,11.53,469253.94,True,False,000833.SZ,2024-11-14,0.06297709923664119,0.06297709923664119
18.19,17.43,17.5,19.17,21825.3,False,False,605016.SH,2024-11-14,0.004016064257028162,-0.03793293018141841
6.27,6.27,6.9,6.9,18943.52,True,True,000973.SZ,2024-11-15,0.10047846889952172,0.10047846889952172
4.58,4.48,4.52,4.93,101979.67,False,False,002666.SZ,2024-11-15,0.008928571428571175,-0.013100436681222849
6.9,6.9,7.59,7.59,92803.74,True,True,000973.SZ,2024-11-18,0.09999999999999987,0.09999999999999987
10.63,10.63,11.69,11.69,2240371.49,True,True,603366.SH,2024-11-18,0.09971777986829711,0.09971777986829711
7.59,7.59,8.35,8.35,181220.02,True,True,000973.SZ,2024-11-19,0.10013175230566529,0.10013175230566529
22.44,22.44,23.99,24.68,549114.13,True,False,002824.SZ,2024-11-19,0.06907308377896593,0.06907308377896593
24.88,24.88,26.0,27.37,266375.45,True,False,605028.SH,2024-11-20,0.045016077170418,0.045016077170418
15.35,15.35,16.89,16.89,35749.7,True,True,000833.SZ,2024-11-20,0.1003257328990228,0.1003257328990228
11.04,11.04,12.14,12.14,1484886.97,True,True,002469.SZ,2024-11-21,0.0996376811594204,0.0996376811594204
16.89,16.89,18.5,18.58,855079.92,True,False,000833.SZ,2024-11-21,0.09532267613972767,0.09532267613972767
11.68,11.68,12.85,12.85,43530.0,True,True,603015.SH,2024-11-22,0.10017123287671237,0.10017123287671237
12.38,12.38,13.62,13.62,315216.0,True,True,003036.SZ,2024-11-22,0.10016155088852985,0.10016155088852985
10.38,10.38,11.42,11.42,990570.7,True,True,002117.SZ,2024-11-25,0.10019267822736011,0.10019267822736011
12.85,12.85,14.14,14.14,1054110.14,True,True,603015.SH,2024-11-25,0.10038910505836585,0.10038910505836585
22.26,22.26,22.04,24.49,887275.41,True,False,002155.SZ,2024-11-26,-0.009883198562443907,-0.009883198562443907
7.61,7.61,7.25,8.37,734825.07,True,False,002054.SZ,2024-11-26,-0.04730617608409993,-0.04730617608409993
6.6,6.6,7.26,7.26,126227.83,True,True,600327.SH,2024-11-27,0.10000000000000009,0.10000000000000009
13.13,13.13,14.44,14.44,112903.0,True,True,002820.SZ,2024-11-27,0.0997715156130996,0.0997715156130996
8.22,8.22,9.04,9.04,1605393.87,True,True,002301.SZ,2024-11-28,0.09975669099756668,0.09975669099756668
7.26,7.26,7.27,7.99,2989643.57,True,False,600327.SH,2024-11-28,0.0013774104683195176,0.0013774104683195176
18.9,18.9,20.79,20.79,11857.0,True,True,605199.SH,2024-11-29,0.10000000000000009,0.10000000000000009
15.88,15.88,17.47,17.47,15901.57,True,True,002820.SZ,2024-11-29,0.10012594458438273,0.10012594458438273
17.47,17.47,19.22,19.22,331335.37,True,True,002820.SZ,2024-12-02,0.10017172295363475,0.10017172295363475
20.79,20.79,22.87,22.87,13931.02,True,True,605199.SH,2024-12-02,0.10004810004810016,0.10004810004810016
22.87,22.87,24.1,25.16,366973.97,True,False,605199.SH,2024-12-03,0.05378224748578919,0.05378224748578919
4.36,4.36,4.8,4.8,256596.65,True,True,002526.SZ,2024-12-03,0.10091743119266039,0.10091743119266039
4.8,4.8,5.28,5.28,274797.8,True,True,002526.SZ,2024-12-04,0.10000000000000009,0.10000000000000009
24.34,24.34,26.77,26.77,40820.8,True,True,603667.SH,2024-12-04,0.09983566146261302,0.09983566146261302
26.77,26.77,29.45,29.45,1341479.89,True,True,603667.SH,2024-12-05,0.10011206574523723,0.10011206574523723
5.28,5.28,5.81,5.81,3525731.35,True,True,002526.SZ,2024-12-05,0.10037878787878785,0.10037878787878785
3.48,3.48,3.75,3.83,3843374.63,True,False,600503.SH,2024-12-06,0.07758620689655182,0.07758620689655182
72.92,71.92,72.21,86.3,38291.76,False,False,300979.SZ,2024-12-06,0.004032258064516014,-0.009736697750960088
2.85,2.85,3.14,3.14,95157.79,True,True,600527.SH,2024-12-09,0.10175438596491237,0.10175438596491237
18.81,18.6,19.04,20.46,1259986.27,False,False,600206.SH,2024-12-09,0.023655913978494425,0.012227538543328142
28.84,28.84,28.84,31.72,369953.61,True,False,605179.SH,2024-12-10,0.0,0.0
3.14,3.14,3.45,3.45,3901749.69,True,True,600527.SH,2024-12-10,0.09872611464968162,0.09872611464968162
13.4,13.53,12.5,14.88,860618.41,True,False,603088.SH,2024-12-11,-0.07612712490761264,-0.06716417910447758
75.38,76.77,76.85,92.12,22971.66,False,False,300979.SZ,2024-12-11,0.001042073726716053,0.019501193950649975
3.77,3.77,4.13,4.15,3749158.6,True,False,601010.SH,2024-12-12,0.0954907161803713,0.0954907161803713
17.99,18.17,18.17,19.99,269331.61,True,False,605336.SH,2024-12-12,0.0,0.010005558643691126
4.47,4.47,4.92,4.92,18542.04,True,True,002277.SZ,2024-12-13,0.10067114093959728,0.10067114093959728
6.8,6.8,7.48,7.48,84222.27,True,True,000530.SZ,2024-12-13,0.10000000000000009,0.10000000000000009
4.92,4.92,5.41,5.41,45767.58,True,True,002277.SZ,2024-12-16,0.09959349593495936,0.09959349593495936
17.74,17.74,17.56,19.51,632503.68,True,False,600272.SH,2024-12-16,-0.01014656144306647,-0.01014656144306647
5.41,5.41,5.95,5.95,59929.04,True,True,002277.SZ,2024-12-17,0.09981515711645095,0.09981515711645095
21.45,20.24,20.1,22.26,17166.61,False,False,001368.SZ,2024-12-17,-0.006916996047430679,-0.0629370629370628
5.61,5.61,6.17,6.17,2804087.32,True,True,600982.SH,2024-12-18,0.09982174688057044,0.09982174688057044
5.95,5.95,6.55,6.55,103258.0,True,True,002277.SZ,2024-12-18,0.10084033613445365,0.10084033613445365
6.55,6.55,7.21,7.21,438490.43,True,True,002277.SZ,2024-12-19,0.10076335877862608,0.10076335877862608
9.9,9.65,9.68,10.62,207890.0,False,False,002561.SZ,2024-12-19,0.0031088082901553626,-0.022222222222222254
8.44,8.44,8.74,9.28,648856.0,True,False,002743.SZ,2024-12-20,0.035545023696682554,0.035545023696682554
26.17,27.39,27.38,30.13,219488.25,True,False,003010.SZ,2024-12-20,-0.0003650967506390046,0.04623614826136779
9.8,9.11,9.22,10.02,64328.42,False,False,002209.SZ,2024-12-23,0.012074643249176953,-0.0591836734693878
8.05,7.64,7.75,8.4,29658.81,False,False,603065.SH,2024-12-23,0.014397905759162333,-0.037267080745341685
10.78,10.78,11.86,11.86,947217.9,True,True,002730.SZ,2024-12-24,0.1001855287569573,0.1001855287569573
10.81,10.87,10.82,11.96,116558.19,False,False,603708.SH,2024-12-24,-0.004599816007359592,0.0009250693802034249
9.96,9.43,8.49,10.37,44854.0,False,False,603421.SH,2024-12-25,-0.09968186638388121,-0.1475903614457832
7.72,7.46,7.49,8.21,28389.56,False,False,603065.SH,2024-12-25,0.004021447721179738,-0.029792746113989632
13.17,13.17,14.48,14.49,1722082.85,True,False,603686.SH,2024-12-26,0.09946848899012917,0.09946848899012917
4.48,4.47,4.46,4.92,56119.72,False,False,603176.SH,2024-12-26,-0.0022371364653243075,-0.0044642857142858094
9.98,10.1,10.06,11.11,27145.5,False,False,002898.SZ,2024-12-27,-0.003960396039603853,0.008016032064128265
4.57,4.68,4.64,5.15,580589.5,False,False,000812.SZ,2024-12-27,-0.008547008547008517,0.015317286652078543
21.55,21.55,23.71,23.71,1491874.99,True,True,603881.SH,2024-12-30,0.10023201856148489,0.10023201856148489
11.83,11.41,11.42,13.69,62910.88,False,False,301198.SZ,2024-12-30,0.0008764241893075564,-0.0346576500422654
23.09,21.92,21.99,26.3,80948.11,False,False,300855.SZ,2024-12-31,0.0031934306569341153,-0.047639670853183214
12.54,11.89,11.89,13.08,209943.3,False,False,000688.SZ,2024-12-31,0.0,-0.05183413078149912
21.99,21.54,21.66,25.85,71758.86,False,False,300855.SZ,2025-01-02,0.005571030640668662,-0.01500682128240105
34.21,32.83,32.87,39.4,29877.47,False,False,301508.SZ,2025-01-02,0.0012183978068838197,-0.039169833382052155
39.4,38.4,38.6,46.08,5792.27,False,False,301393.SZ,2025-01-03,0.005208333333333481,-0.02030456852791873
13.74,13.65,13.65,15.02,392323.1,False,False,600522.SH,2025-01-03,0.0,-0.0065502183406113135
14.0,13.41,13.48,14.75,47433.27,False,False,603848.SH,2025-01-06,0.005219985085756829,-0.037142857142857144
7.12,7.03,6.99,7.73,57974.0,False,False,002636.SZ,2025-01-06,-0.005689900426742556,-0.018258426966292096
13.48,13.55,13.55,14.91,18521.27,False,False,603848.SH,2025-01-07,0.0,0.005192878338278861
4.7,4.69,4.72,5.16,118722.5,False,False,600662.SH,2025-01-07,0.006396588486140553,0.004255319148936065
16.22,16.01,16.01,19.21,17478.0,False,False,300741.SZ,2025-01-08,0.0,-0.012946979038224282
4.72,4.66,4.65,5.13,77897.5,False,False,600662.SH,2025-01-08,-0.0021459227467810482,-0.01483050847457612
7.17,7.01,7.01,7.71,218857.14,False,False,000543.SZ,2025-01-09,0.0,-0.02231520223152028
16.01,15.81,15.74,18.97,13698.53,False,False,300741.SZ,2025-01-09,-0.0044275774826059155,-0.01686445971267969
7.01,6.86,6.8,7.55,341891.72,False,False,000543.SZ,2025-01-10,-0.008746355685131268,-0.029957203994293913
5.05,4.91,4.88,5.4,558864.38,False,False,600027.SH,2025-01-10,-0.006109979633401319,-0.03366336633663369
6.8,6.79,6.79,7.47,389418.92,False,False,000543.SZ,2025-01-13,0.0,-0.0014705882352941124
10.59,10.38,10.47,11.42,26166.88,False,False,603181.SH,2025-01-13,0.00867052023121384,-0.011331444759206777
28.36,28.36,31.2,31.2,131460.1,True,True,605033.SH,2025-01-14,0.10014104372355437,0.10014104372355437
14.36,14.36,15.8,15.8,29692.0,True,True,002917.SZ,2025-01-14,0.10027855153203347,0.10027855153203347
15.8,15.8,17.0,17.38,1130178.64,True,False,002917.SZ,2025-01-15,0.07594936708860756,0.07594936708860756
22.36,22.36,23.3,24.6,960280.32,True,False,603777.SH,2025-01-15,0.042039355992844474,0.042039355992844474
12.78,12.78,14.06,14.06,654837.14,True,True,600714.SH,2025-01-16,0.10015649452269182,0.10015649452269182
6.33,6.41,6.4,7.05,99560.0,False,False,001258.SZ,2025-01-16,-0.0015600624024960652,0.011058451816745807
22.3,22.14,20.03,24.35,757440.03,False,False,603777.SH,2025-01-17,-0.09530261969286358,-0.10179372197309411
6.4,6.36,6.38,7.0,96077.72,False,False,001258.SZ,2025-01-17,0.0031446540880502027,-0.0031250000000000444
20.0,20.69,22.76,22.76,1078033.05,True,True,002730.SZ,2025-01-20,0.10004833252779122,0.13800000000000012
5.53,5.53,6.08,6.08,66564.64,True,True,002692.SZ,2025-01-20,0.09945750452079571,0.09945750452079571
6.08,6.08,6.69,6.69,1662958.69,True,True,002692.SZ,2025-01-21,0.10032894736842102,0.10032894736842102
11.97,11.92,11.92,13.11,17044.0,False,False,603768.SH,2025-01-21,0.0,-0.00417710944026739
12.0,12.0,13.2,13.2,37530.35,True,True,603928.SH,2025-01-22,0.09999999999999987,0.09999999999999987
6.37,6.17,6.23,6.79,94273.58,False,False,003037.SZ,2025-01-22,0.009724473257698651,-0.0219780219780219
13.2,13.2,14.52,14.52,35553.4,True,True,603928.SH,2025-01-23,0.10000000000000009,0.10000000000000009
18.13,18.13,18.6,19.94,607534.26,True,False,605277.SH,2025-01-23,0.025923883066740316,0.025923883066740316
14.52,14.52,15.97,15.97,482524.7,True,True,603928.SH,2025-01-24,0.09986225895316814,0.09986225895316814
25.38,25.38,27.92,27.92,13481.03,True,True,605398.SH,2025-01-24,0.10007880220646181,0.10007880220646181
27.92,27.92,30.71,30.71,175401.32,True,True,605398.SH,2025-01-27,0.09992836676217753,0.09992836676217753
40.24,40.24,44.26,44.26,6287.0,True,True,002881.SZ,2025-01-27,0.09990059642147098,0.09990059642147098
44.26,44.26,48.69,48.69,3247.58,True,True,002881.SZ,2025-02-05,0.10009037505648433,0.10009037505648433
5.6,5.6,6.16,6.16,1494175.59,True,True,600120.SH,2025-02-05,0.10000000000000009,0.10000000000000009
48.69,48.69,53.56,53.56,5250.7,True,True,002881.SZ,2025-02-06,0.10002053809817224,0.10002053809817224
7.29,7.45,7.39,8.2,547562.19,False,False,002187.SZ,2025-02-06,-0.008053691275167862,0.013717421124828544
53.56,53.56,58.92,58.92,23075.59,True,True,002881.SZ,2025-02-07,0.10007468259895447,0.10007468259895447
37.16,37.16,40.88,40.88,5361.1,True,True,605398.SH,2025-02-07,0.1001076426264802,0.1001076426264802
40.88,40.88,44.97,44.97,23471.61,True,True,605398.SH,2025-02-10,0.10004892367906049,0.10004892367906049
14.95,14.95,16.45,16.45,84137.2,True,True,600633.SH,2025-02-10,0.10033444816053505,0.10033444816053505
16.45,16.45,18.1,18.1,149017.4,True,True,600633.SH,2025-02-11,0.10030395136778125,0.10030395136778125
44.97,44.97,49.47,49.47,70523.6,True,True,605398.SH,2025-02-11,0.10006671114076049,0.10006671114076049
47.21,47.21,51.93,51.93,959115.96,True,True,002929.SZ,2025-02-12,0.09997881804702402,0.09997881804702402
28.18,28.18,31.0,31.0,946885.81,True,True,603881.SH,2025-02-12,0.10007097232079487,0.10007097232079487
17.71,17.15,17.06,20.58,30369.0,False,False,300549.SZ,2025-02-13,-0.005247813411078717,-0.03670242800677592
10.21,9.97,9.94,11.96,23207.0,False,False,300610.SZ,2025-02-13,-0.0030090270812438424,-0.026444662095984506
17.06,16.87,17.01,20.24,40327.5,False,False,300549.SZ,2025-02-14,0.008298755186721962,-0.0029308323563890237
11.57,11.59,11.52,13.91,15911.0,False,False,300625.SZ,2025-02-14,-0.006039689387402958,-0.004321521175453813
7.15,7.15,7.47,7.87,8174935.63,True,False,002044.SZ,2025-02-17,0.044755244755244616,0.044755244755244616
37.51,37.51,35.8,41.26,1404176.01,True,False,603881.SH,2025-02-17,-0.045587843241802206,-0.045587843241802206
11.34,11.34,12.36,12.47,9228500.85,True,False,002065.SZ,2025-02-18,0.08994708994709,0.08994708994709
11.76,11.41,11.45,13.69,13689.0,False,False,300625.SZ,2025-02-18,0.0035056967572304476,-0.026360544217687076
15.28,15.47,15.47,18.56,7525.0,False,False,301190.SZ,2025-02-19,0.0,0.012434554973822065
21.4,21.91,22.03,26.29,18964.0,False,False,300907.SZ,2025-02-19,0.005476951163852162,0.029439252336448618
18.44,18.44,20.27,20.28,249192.83,True,False,605255.SH,2025-02-20,0.0992407809110627,0.0992407809110627
18.06,18.06,19.09,19.87,1163786.69,True,False,601177.SH,2025-02-20,0.05703211517165019,0.05703211517165019
5.48,5.48,6.03,6.03,1554278.8,True,True,002522.SZ,2025-02-21,0.10036496350364965,0.10036496350364965
68.46,68.46,74.0,75.31,593346.51,True,False,002929.SZ,2025-02-21,0.08092316681273748,0.08092316681273748
26.71,26.71,26.0,29.38,3139658.38,True,False,600602.SH,2025-02-24,-0.02658180456757775,-0.02658180456757775
57.55,56.25,50.63,61.88,198294.57,False,False,605488.SH,2025-02-24,-0.09991111111111106,-0.12024326672458718
18.43,18.43,20.27,20.27,27278.95,True,True,000096.SZ,2025-02-25,0.09983722192078126,0.09983722192078126
25.36,25.21,25.25,27.73,63365.56,False,False,603699.SH,2025-02-25,0.001586671955573049,-0.004337539432176629
20.27,20.27,22.3,22.3,18422.0,True,True,000096.SZ,2025-02-26,0.1001480019733596,0.1001480019733596
14.1,14.1,15.51,15.51,900588.97,True,True,002580.SZ,2025-02-26,0.10000000000000009,0.10000000000000009
22.3,22.3,24.53,24.53,404777.71,True,True,000096.SZ,2025-02-27,0.10000000000000009,0.10000000000000009
29.18,29.1,28.99,34.92,7866.0,False,False,301043.SZ,2025-02-27,-0.0037800687285224344,-0.006511309115832753
17.87,17.14,17.19,20.57,16258.0,False,False,301002.SZ,2025-02-28,0.0029171528588098905,-0.03805260212646888
6.8,6.49,6.54,7.14,716107.12,False,False,002063.SZ,2025-02-28,0.007704160246533087,-0.038235294117647034
18.78,18.58,18.39,20.44,179942.9,False,False,000948.SZ,2025-03-03,-0.010226049515608016,-0.02076677316293929
38.62,38.52,38.0,46.22,31019.56,False,False,301208.SZ,2025-03-03,-0.013499480789200491,-0.01605385810460891
12.95,12.95,14.25,14.25,233193.94,True,True,603700.SH,2025-03-04,0.10038610038610041,0.10038610038610041
20.99,21.33,21.31,25.6,70710.01,False,False,301446.SZ,2025-03-04,-0.0009376465072666873,0.015245354930919497
16.99,17.45,19.2,19.2,124545.17,True,True,600592.SH,2025-03-05,0.10028653295128942,0.1300765155974104
15.91,15.97,15.99,19.16,20110.67,False,False,301151.SZ,2025-03-05,0.0012523481527864089,0.005028284098051561
20.91,20.91,23.0,23.0,269305.51,True,True,603048.SH,2025-03-06,0.09995217599234807,0.09995217599234807
19.2,19.2,19.83,21.12,977510.1,True,False,600592.SH,2025-03-06,0.03281249999999991,0.03281249999999991
24.45,24.45,24.21,26.9,829358.18,True,False,002757.SZ,2025-03-07,-0.009815950920245342,-0.009815950920245342
15.28,15.29,15.32,18.35,14186.16,False,False,301559.SZ,2025-03-07,0.0019620667102682177,0.002617801047120505
10.96,10.96,11.15,12.06,2379843.22,True,False,002093.SZ,2025-03-10,0.017335766423357546,0.017335766423357546
15.32,15.4,15.31,18.48,12194.25,False,False,301559.SZ,2025-03-10,-0.005844155844155874,-0.0006527415143603443
9.0,9.34,10.27,10.27,1206491.36,True,True,002105.SZ,2025-03-11,0.0995717344753746,0.14111111111111097
27.5,27.69,27.67,30.46,33991.2,False,False,605305.SH,2025-03-11,-0.0007222824124232252,0.006181818181818288
15.52,15.36,15.31,18.43,14821.09,False,False,301559.SZ,2025-03-12,-0.0032552083333332593,-0.013530927835051498
22.57,22.66,22.65,24.93,13099.49,False,False,001378.SZ,2025-03-12,-0.00044130626654903526,0.003544528134691971
14.84,13.29,13.3,15.95,355922.44,False,False,300382.SZ,2025-03-13,0.0007524454477052522,-0.10377358490566035
15.31,15.36,15.32,18.43,22684.79,False,False,301559.SZ,2025-03-13,-0.0026041666666666297,0.0006531678641410466
7.16,7.16,7.3,7.88,1455813.42,True,False,002574.SZ,2025-03-14,0.019553072625698276,0.019553072625698276
21.18,21.18,23.3,23.3,42501.7,True,True,603677.SH,2025-03-14,0.10009442870632679,0.10009442870632679
23.3,23.3,25.63,25.63,83366.24,True,True,603677.SH,2025-03-17,0.09999999999999987,0.09999999999999987
6.68,6.68,7.35,7.35,898849.98,True,True,002724.SZ,2025-03-17,0.10029940119760483,0.10029940119760483
8.68,8.68,9.55,9.55,1724458.77,True,True,000905.SZ,2025-03-18,0.10023041474654382,0.10023041474654382
16.01,16.01,17.61,17.61,247532.0,True,True,603315.SH,2025-03-18,0.09993753903810099,0.09993753903810099
9.33,9.33,10.01,10.26,1556287.45,True,False,002278.SZ,2025-03-19,0.07288317256162902,0.07288317256162902
17.61,17.61,19.37,19.37,7751.6,True,True,603949.SH,2025-03-19,0.09994321408290752,0.09994321408290752
19.37,19.37,21.31,21.31,303167.04,True,True,603949.SH,2025-03-20,0.10015487867836859,0.10015487867836859
9.5,9.89,10.88,10.88,3413554.35,True,True,002406.SZ,2025-03-20,0.10010111223458029,0.14526315789473698
7.0,7.0,7.7,7.7,3554264.86,True,True,002204.SZ,2025-03-21,0.10000000000000009,0.10000000000000009
31.53,31.25,31.41,37.5,8954.0,False,False,301203.SZ,2025-03-21,0.005120000000000013,-0.0038058991436726863
20.3,20.3,22.33,22.33,276023.52,True,True,001202.SZ,2025-03-24,0.09999999999999987,0.09999999999999987
10.81,10.59,10.95,11.65,165744.05,False,False,002700.SZ,2025-03-24,0.03399433427762033,0.012950971322849059
7.66,7.66,7.71,8.43,1421137.44,True,False,002300.SZ,2025-03-25,0.006527415143602999,0.006527415143602999
10.95,10.81,10.55,11.89,131493.08,False,False,002700.SZ,2025-03-25,-0.02405180388529138,-0.03652968036529669
7.87,8.01,8.02,8.81,59214.1,False,False,002898.SZ,2025-03-26,0.0012484394506866447,0.019059720457433205
34.65,34.74,34.5,38.21,33430.48,False,False,003001.SZ,2025-03-26,-0.006908462867012188,-0.0043290043290042934
7.79,7.79,7.72,8.57,601876.72,True,False,002686.SZ,2025-03-27,-0.00898587933247752,-0.00898587933247752
8.02,8.12,8.12,8.93,44700.6,False,False,002898.SZ,2025-03-27,0.0,0.012468827930174564
8.12,7.92,7.91,8.71,59964.97,False,False,002898.SZ,2025-03-28,-0.0012626262626261875,-0.025862068965517127
13.18,12.91,12.75,15.49,150656.2,False,False,300589.SZ,2025-03-28,-0.012393493415956636,-0.03262518968133532
19.12,19.12,21.03,21.03,24693.4,True,True,603353.SH,2025-03-31,0.0998953974895398,0.0998953974895398
7.91,7.7,7.7,8.47,67212.7,False,False,002898.SZ,2025-03-31,0.0,-0.026548672566371723
21.03,21.03,21.5,23.13,268327.24,True,False,603353.SH,2025-04-01,0.022349025202092143,0.022349025202092143
4.24,4.24,4.05,4.66,2360670.77,True,False,002132.SZ,2025-04-01,-0.044811320754717054,-0.044811320754717054
35.42,35.42,38.96,38.96,13628.62,True,True,001212.SZ,2025-04-02,0.09994353472614348,0.09994353472614348
11.88,11.88,13.07,13.07,584515.03,True,True,000722.SZ,2025-04-02,0.10016835016835013,0.10016835016835013
38.96,38.96,42.86,42.86,29457.62,True,True,001212.SZ,2025-04-03,0.10010266940451751,0.10010266940451751
7.9,7.91,7.55,8.7,47268.5,False,False,002898.SZ,2025-04-03,-0.04551201011378003,-0.044303797468354444
8.55,8.32,8.44,9.15,75151.62,False,False,603558.SH,2025-04-07,0.014423076923076872,-0.01286549707602358
13.7,13.47,13.01,14.82,160778.78,False,False,002705.SZ,2025-04-07,-0.034149962880475226,-0.05036496350364961
11.74,10.9,10.62,11.99,53207.96,False,False,603408.SH,2025-04-08,-0.025688073394495525,-0.09540034071550263
8.44,8.33,8.24,9.16,60618.64,False,False,603558.SH,2025-04-08,-0.010804321728691502,-0.023696682464454888
10.62,10.71,11.06,11.78,40661.82,False,False,603408.SH,2025-04-09,0.03267973856209139,0.04143126177024503
4.1,4.19,4.26,4.61,233956.14,False,False,002083.SZ,2025-04-09,0.016706443914080937,0.039024390243902474
11.5,11.64,11.48,12.8,30348.5,False,False,001387.SZ,2025-04-10,-0.013745704467354014,-0.0017391304347825765
6.24,6.24,6.86,6.86,2674714.41,True,True,601008.SH,2025-04-10,0.09935897435897445,0.09935897435897445
8.44,8.44,8.44,9.28,573877.56,True,False,601086.SH,2025-04-11,0.0,0.0
11.48,11.66,11.87,12.83,37987.42,False,False,001387.SZ,2025-04-11,0.01801029159519718,0.03397212543554007
5.28,5.29,5.33,5.82,40205.0,False,False,600469.SH,2025-04-14,0.007561436672967936,0.009469696969697017
35.3,34.29,34.33,41.15,58600.52,False,False,300628.SZ,2025-04-14,0.0011665208515601044,-0.02747875354107643
34.33,34.38,34.06,41.26,60173.26,False,False,300628.SZ,2025-04-15,-0.009307737056428178,-0.00786484124672282
23.8,23.53,23.62,25.88,20807.0,False,False,603530.SH,2025-04-15,0.003824904377390581,-0.007563025210084007
29.41,28.74,28.68,31.61,6157.64,False,False,001326.SZ,2025-04-16,-0.0020876826722338038,-0.024821489289357346
11.37,11.15,11.11,12.27,20507.47,False,False,603628.SH,2025-04-16,-0.0035874439461883734,-0.022867194371152144
15.38,15.29,15.36,16.82,21270.26,False,False,002884.SZ,2025-04-17,0.00457815565729236,-0.0013003901170351995
12.29,12.54,13.55,13.79,369264.41,True,False,605188.SH,2025-04-17,0.08054226475279114,0.10252237591537838
27.84,27.84,29.8,30.62,290659.04,True,False,003020.SZ,2025-04-18,0.07040229885057481,0.07040229885057481
15.36,15.3,15.29,16.83,37577.43,False,False,002884.SZ,2025-04-18,-0.0006535947712419388,-0.004557291666666741
31.88,32.39,32.17,38.87,6030.5,False,False,300833.SZ,2025-04-21,-0.006792219820932366,0.009096612296110473
19.1,19.33,19.35,23.2,20080.18,False,False,300818.SZ,2025-04-21,0.0010346611484739476,0.01308900523560208
5.54,5.54,6.09,6.09,4022959.95,True,True,600794.SH,2025-04-22,0.09927797833935004,0.09927797833935004
12.83,12.83,14.11,14.11,273483.6,True,True,003003.SZ,2025-04-22,0.09976617303195634,0.09976617303195634
13.53,13.53,13.25,14.88,675857.68,False,False,603696.SH,2025-04-23,-0.020694752402069416,-0.020694752402069416
12.65,12.65,11.39,13.92,1220976.2,False,False,601086.SH,2025-04-23,-0.09960474308300393,-0.09960474308300393
6.18,6.18,6.8,6.8,68547.92,True,True,601956.SH,2025-04-24,0.10032362459546929,0.10032362459546929
11.44,11.27,11.24,12.4,23955.5,False,False,603628.SH,2025-04-24,-0.002661934338952898,-0.01748251748251739
6.8,6.8,7.48,7.48,63706.5,True,True,601956.SH,2025-04-25,0.10000000000000009,0.10000000000000009
22.0,21.57,18.01,21.47,78740.15,False,False,300956.SZ,2025-04-25,-0.16504404265183115,-0.18136363636363628
7.48,7.48,8.11,8.23,1912911.75,True,False,601956.SH,2025-04-28,0.08422459893048106,0.08422459893048106
30.91,31.28,31.28,34.41,74876.66,False,False,003006.SZ,2025-04-28,0.0,0.011970236169524417
5.78,5.72,5.86,6.29,755138.77,False,False,002697.SZ,2025-04-29,0.02447552447552459,0.01384083044982698
9.93,10.05,10.03,11.06,436014.67,False,False,000528.SZ,2025-04-29,-0.0019900497512439497,0.010070493454179319
8.36,8.28,8.35,9.11,181455.7,False,False,002458.SZ,2025-04-30,0.008454106280193274,-0.0011961722488037507
10.03,9.92,9.96,10.91,587371.04,False,False,000528.SZ,2025-04-30,0.0040322580645162365,-0.006979062811565129
8.35,8.33,8.39,9.16,198641.59,False,False,002458.SZ,2025-05-06,0.007202881152461149,0.004790419161676773
54.66,54.2,54.5,59.62,94350.57,False,False,000423.SZ,2025-05-06,0.005535055350553542,-0.0029271862422245443
14.49,14.42,14.39,15.86,24063.1,False,False,603208.SH,2025-05-07,-0.0020804438280166426,-0.0069013112491372874
106.7,104.54,104.54,125.45,21631.8,False,False,301498.SZ,2025-05-07,0.0,-0.020243673851921273
15.68,15.68,16.5,17.25,1101475.77,True,False,603809.SH,2025-05-08,0.05229591836734704,0.05229591836734704
4.1,4.15,4.18,4.57,95462.58,False,False,002641.SZ,2025-05-08,0.0072289156626503814,0.019512195121951237
34.15,33.93,34.35,40.72,8253.15,False,False,300833.SZ,2025-05-09,0.012378426171529622,0.005856515373352966
14.59,14.49,14.55,15.94,14935.0,False,False,603208.SH,2025-05-09,0.0041407867494824835,-0.002741603838245288
11.86,11.86,13.05,13.05,26819.66,True,True,603332.SH,2025-05-12,0.10033726812816202,0.10033726812816202
49.0,49.0,58.8,58.8,8399.69,True,True,300946.SZ,2025-05-12,0.19999999999999996,0.19999999999999996
58.8,58.8,65.04,70.56,114526.71,True,False,300946.SZ,2025-05-13,0.106122448979592,0.106122448979592
7.69,7.69,7.69,8.46,537875.36,True,False,605055.SH,2025-05-13,0.0,0.0
34.21,34.02,34.02,40.82,7043.0,False,False,300833.SZ,2025-05-14,0.0,-0.00555393159894757
33.08,32.72,32.8,39.26,4681.0,False,False,301418.SZ,2025-05-14,0.0024449877750609694,-0.00846432889963733
7.61,7.61,8.37,8.37,1210799.24,True,True,002909.SZ,2025-05-15,0.09986859395532188,0.09986859395532188
9.3,9.3,9.63,10.23,940699.94,True,False,002040.SZ,2025-05-15,0.03548387096774186,0.03548387096774186
42.9,47.0,49.0,51.7,134149.75,True,False,603040.SH,2025-05-16,0.042553191489361764,0.14219114219114215
36.3,36.55,37.1,43.86,31130.0,False,False,300936.SZ,2025-05-16,0.015047879616963078,0.02203856749311317
11.25,11.25,12.38,12.38,1294901.87,True,True,002040.SZ,2025-05-19,0.10044444444444456,0.10044444444444456
14.46,14.72,14.7,16.19,16552.94,False,False,603208.SH,2025-05-19,-0.0013586956521740579,0.016597510373443924
37.82,37.82,45.38,45.38,77458.53,True,True,301112.SZ,2025-05-20,0.19989423585404564,0.19989423585404564
34.8,34.8,41.76,41.76,15749.0,True,True,301316.SZ,2025-05-20,0.19999999999999996,0.19999999999999996
8.47,8.47,8.59,9.32,5715211.32,True,False,002510.SZ,2025-05-21,0.01416765053128688,0.01416765053128688
41.76,41.76,50.11,50.11,26839.83,True,True,301316.SZ,2025-05-21,0.19995210727969348,0.19995210727969348
50.11,50.11,60.13,60.13,1121599.26,True,True,301316.SZ,2025-05-22,0.19996008780682506,0.19996008780682506
21.41,21.41,23.55,23.55,127218.39,True,True,603192.SH,2025-05-22,0.09995329285380672,0.09995329285380672
25.05,25.05,26.59,27.56,240341.91,True,False,001367.SZ,2025-05-23,0.0614770459081837,0.0614770459081837
16.58,16.38,16.31,18.02,11250.36,False,False,001278.SZ,2025-05-23,-0.004273504273504258,-0.01628468033775632
25.91,25.91,28.49,28.5,80182.99,True,False,603192.SH,2025-05-26,0.0995754534928599,0.0995754534928599
7.48,7.48,8.23,8.23,35995.27,True,True,603333.SH,2025-05-26,0.10026737967914445,0.10026737967914445
8.23,8.23,9.05,9.05,1646507.47,True,True,603333.SH,2025-05-27,0.09963547995139743,0.09963547995139743
10.29,10.29,11.32,11.32,692865.84,True,True,603577.SH,2025-05-27,0.10009718172983484,0.10009718172983484
15.96,15.96,17.56,17.56,146976.03,True,True,603390.SH,2025-05-28,0.10025062656641581,0.10025062656641581
18.08,17.61,17.7,21.07,32265.0,False,False,300549.SZ,2025-05-28,0.005110732538330387,-0.02101769911504414
17.56,17.56,18.8,19.32,1007323.7,True,False,603390.SH,2025-05-29,0.07061503416856496,0.07061503416856496
17.01,17.17,17.17,18.89,16711.0,False,False,603153.SH,2025-05-29,0.0,0.009406231628453776
20.8,20.8,22.88,22.88,911766.04,True,True,603056.SH,2025-05-30,0.09999999999999987,0.09999999999999987
6.34,6.34,6.97,6.97,101856.03,True,True,002177.SZ,2025-05-30,0.09936908517350163,0.09936908517350163
6.97,6.97,7.32,7.67,4598100.94,True,False,002177.SZ,2025-06-03,0.050215208034433356,0.050215208034433356
17.0,17.11,17.05,18.82,14474.69,False,False,603153.SH,2025-06-03,-0.003506721215663311,0.002941176470588225
24.19,24.19,26.61,26.61,328868.63,True,True,605005.SH,2025-06-04,0.10004133939644477,0.10004133939644477
36.22,36.3,39.0,39.93,196957.99,True,False,603076.SH,2025-06-04,0.07438016528925617,0.07675317504141366
53.55,51.36,51.36,56.5,35423.66,False,False,600612.SH,2025-06-05,0.0,-0.04089635854341733
15.93,14.55,14.55,16.01,145074.34,False,False,002867.SZ,2025-06-05,0.0,-0.08662900188323908
4.53,4.53,4.98,4.98,1382048.34,True,True,600082.SH,2025-06-06,0.09933774834437092,0.09933774834437092
35.6,36.53,39.0,40.18,116273.91,True,False,605099.SH,2025-06-06,0.06761565836298922,0.09550561797752799
17.14,17.14,17.94,18.85,1207760.35,True,False,003040.SZ,2025-06-09,0.046674445740956916,0.046674445740956916
13.4,14.08,15.4,15.49,2045289.22,True,False,002250.SZ,2025-06-09,0.09375,0.14925373134328357
20.68,20.68,22.75,22.75,172171.72,True,True,600980.SH,2025-06-10,0.10009671179883939,0.10009671179883939
23.74,23.74,25.78,26.11,538547.27,True,False,002940.SZ,2025-06-10,0.08593091828138166,0.08593091828138166
16.96,16.91,16.89,20.29,21996.75,False,False,301207.SZ,2025-06-11,-0.0011827321111768097,-0.004127358490566002
15.02,14.98,14.84,16.48,12609.0,False,False,603877.SH,2025-06-11,-0.009345794392523366,-0.011984021304926706
25.03,25.03,27.53,27.53,30609.21,True,True,600980.SH,2025-06-12,0.09988014382740706,0.09988014382740706
8.62,8.62,9.4,9.48,2540261.17,True,False,002376.SZ,2025-06-12,0.09048723897911848,0.09048723897911848
27.53,27.53,27.37,30.28,667555.73,True,False,600980.SH,2025-06-13,-0.005811841627315628,-0.005811841627315628
14.85,14.49,14.42,15.94,10661.0,False,False,603877.SH,2025-06-13,-0.004830917874396157,-0.028956228956228958
21.22,21.35,21.3,23.49,23550.88,False,False,000869.SZ,2025-06-16,-0.0023419203747072626,0.0037700282752122227
11.97,11.89,11.9,13.08,129769.0,False,False,000026.SZ,2025-06-16,0.000841042893187538,-0.005847953216374324
59.53,57.96,58.48,63.76,89801.69,False,False,002311.SZ,2025-06-17,0.008971704623878418,-0.01763816563077447
13.79,13.52,13.48,14.87,88458.52,False,False,002020.SZ,2025-06-17,-0.002958579881656709,-0.02248005801305286
20.71,20.71,22.78,22.78,221336.87,True,True,603151.SH,2025-06-18,0.09995171414775461,0.09995171414775461
5.91,5.79,5.78,6.37,182266.0,False,False,600249.SH,2025-06-18,-0.0017271157167529916,-0.021996615905245376
5.78,5.59,5.58,6.15,119957.0,False,False,600249.SH,2025-06-19,-0.0017889087656529634,-0.03460207612456745
10.88,10.89,10.84,11.98,193680.32,False,False,002258.SZ,2025-06-19,-0.0045913682277319845,-0.003676470588235392
10.84,10.68,10.57,11.75,133406.8,False,False,002258.SZ,2025-06-20,-0.010299625468164764,-0.024907749077490715
15.92,15.82,15.81,17.4,162089.25,False,False,603056.SH,2025-06-20,-0.0006321112515802474,-0.006909547738693456
15.81,15.96,16.2,17.56,543742.25,False,False,603056.SH,2025-06-23,0.015037593984962294,0.024667931688804545
10.57,10.69,10.72,11.76,137691.6,False,False,002258.SZ,2025-06-23,0.00280636108512633,0.014191106906338735
16.62,16.62,18.28,18.28,578517.16,True,True,603928.SH,2025-06-24,0.09987966305655838,0.09987966305655838
32.31,33.74,33.58,40.49,103472.85,False,False,300627.SZ,2025-06-24,-0.004742145820984089,0.03930671618693893
16.36,16.36,16.88,18.0,2085554.05,True,False,002125.SZ,2025-06-25,0.0317848410757946,0.0317848410757946
12.42,12.42,13.66,13.66,28674.5,True,True,603022.SH,2025-06-25,0.0998389694041868,0.0998389694041868
13.66,13.66,15.03,15.03,641441.76,True,True,603022.SH,2025-06-26,0.10029282576866749,0.10029282576866749
13.21,13.21,14.53,14.53,81392.18,True,True,001236.SZ,2025-06-26,0.0999242997728993,0.0999242997728993
14.53,14.53,15.22,15.98,1295263.02,True,False,001236.SZ,2025-06-27,0.047487955953200434,0.047487955953200434
17.1,17.14,17.12,20.57,81059.7,False,False,301158.SZ,2025-06-27,-0.001166861143523934,0.0011695906432749315
15.82,15.82,17.4,17.4,852026.09,True,True,000026.SZ,2025-06-30,0.09987357774968375,0.09987357774968375
17.12,17.38,17.41,20.86,71210.8,False,False,301158.SZ,2025-06-30,0.0017261219792865656,0.01693925233644844
39.71,40.09,39.75,48.11,309772.28,False,False,300458.SZ,2025-07-01,-0.008480917934647114,0.0010073029463610883
23.85,23.6,23.51,25.96,22695.0,False,False,002912.SZ,2025-07-01,-0.003813559322033866,-0.014255765199161385
4.97,4.97,5.47,5.47,146311.6,True,True,601218.SH,2025-07-02,0.10060362173038229,0.10060362173038229
34.66,34.17,34.29,41.0,64224.21,False,False,300627.SZ,2025-07-02,0.0035118525021948788,-0.010675129832660057
5.47,5.47,5.39,6.02,3143738.76,True,False,601218.SH,2025-07-03,-0.014625228519195677,-0.014625228519195677
10.36,10.36,10.26,11.4,470012.14,True,False,002295.SZ,2025-07-03,-0.009652509652509633,-0.009652509652509633
11.34,11.34,11.23,12.47,835765.5,True,False,002636.SZ,2025-07-04,-0.00970017636684295,-0.00970017636684295
15.84,15.75,15.63,17.33,45681.6,False,False,002935.SZ,2025-07-04,-0.007619047619047525,-0.01325757575757569
6.12,6.12,6.6,6.73,3006011.1,True,False,000601.SZ,2025-07-07,0.07843137254901955,0.07843137254901955
15.63,15.66,15.67,17.23,57151.82,False,False,002935.SZ,2025-07-07,0.0006385696040869249,0.0025591810620599897
15.67,15.82,15.78,17.4,56545.97,False,False,002935.SZ,2025-07-08,-0.0025284450063212116,0.007019783024888371
18.7,18.7,20.38,20.57,211731.03,True,False,603726.SH,2025-07-08,0.08983957219251337,0.08983957219251337
15.09,15.09,16.6,16.6,1736470.63,True,True,002636.SZ,2025-07-09,0.10006626905235261,0.10006626905235261
156.0,152.7,156.0,183.24,675129.13,False,False,300476.SZ,2025-07-09,0.021611001964636722,0.0
17.65,18.4,19.15,20.24,941284.11,True,False,600475.SH,2025-07-10,0.040760869565217295,0.08498583569405094
15.61,15.56,15.65,17.12,49869.43,False,False,002935.SZ,2025-07-10,0.005784061696658016,0.002562459961563235
18.05,18.11,18.15,21.73,39624.0,False,False,300549.SZ,2025-07-11,0.002208724461623346,0.005540166204986097
6.34,6.19,6.2,7.43,387850.56,False,False,300160.SZ,2025-07-11,0.001615508885298933,-0.02208201892744477
6.15,6.15,6.77,6.77,69502.5,True,True,603176.SH,2025-07-14,0.1008130081300811,0.1008130081300811
45.0,48.3,50.0,53.13,175549.96,True,False,603590.SH,2025-07-14,0.035196687370600444,0.11111111111111116
6.77,6.77,7.45,7.45,893728.15,True,True,603176.SH,2025-07-15,0.10044313146233397,0.10044313146233397
148.02,164.06,162.29,196.87,474697.86,False,False,300476.SZ,2025-07-15,-0.010788735828355489,0.09640589109579767
11.97,11.97,12.6,13.17,428426.28,True,False,600826.SH,2025-07-16,0.05263157894736836,0.05263157894736836
162.29,155.03,155.38,186.04,510629.46,False,False,300476.SZ,2025-07-16,0.0022576275559569314,-0.04257810093043313
8.82,8.8,8.87,9.68,60534.0,False,False,601566.SH,2025-07-17,0.007954545454545325,0.005668934240362633
42.8,43.76,43.5,48.14,114041.97,False,False,000628.SZ,2025-07-17,-0.005941499085923119,0.016355140186915973
46.86,47.46,47.2,52.21,476807.28,False,False,002938.SZ,2025-07-18,-0.005478297513695662,0.0072556551429792115
23.17,23.2,23.29,27.84,83155.0,False,False,300643.SZ,2025-07-18,0.00387931034482758,0.005179110919292018
25.7,25.7,28.27,28.27,14098.0,True,True,605033.SH,2025-07-21,0.10000000000000009,0.10000000000000009
20.33,20.33,22.02,22.36,267543.62,True,False,002017.SZ,2025-07-21,0.08312838170191839,0.08312838170191839
21.53,21.53,23.68,23.68,1694119.97,True,True,002246.SZ,2025-07-22,0.09986065954482104,0.09986065954482104
11.56,11.56,12.72,12.72,12218.41,True,True,603916.SH,2025-07-22,0.10034602076124566,0.10034602076124566
12.72,12.72,13.99,13.99,592192.74,True,True,603916.SH,2025-07-23,0.09984276729559749,0.09984276729559749
37.18,37.18,37.0,40.9,310976.67,True,False,003001.SZ,2025-07-23,-0.00484131253362019,-0.00484131253362019
39.08,39.08,42.99,42.99,5055.0,True,True,001226.SZ,2025-07-24,0.10005117707267153,0.10005117707267153
24.92,24.92,27.41,27.41,260124.18,True,True,003023.SZ,2025-07-24,0.09991974317816998,0.09991974317816998
42.99,42.99,47.29,47.29,6623.0,True,True,001226.SZ,2025-07-25,0.10002326122354033,0.10002326122354033
10.42,10.14,10.16,11.15,130386.7,False,False,605500.SH,2025-07-25,0.0019723865877712132,-0.0249520153550864
47.29,47.29,52.02,52.02,157133.9,True,True,001226.SZ,2025-07-28,0.10002114611968715,0.10002114611968715
8.4,8.25,8.25,9.08,167492.48,False,False,002233.SZ,2025-07-28,0.0,-0.017857142857142905
25.0,25.93,28.52,28.52,273367.89,True,True,603367.SH,2025-07-29,0.09988430389510228,0.14080000000000004
6.35,6.31,6.31,6.94,394450.38,False,False,002204.SZ,2025-07-29,0.0,-0.006299212598425252
11.75,11.75,12.93,12.93,443972.67,True,True,605268.SH,2025-07-30,0.10042553191489367,0.10042553191489367
17.84,17.35,17.28,19.09,124991.25,False,False,000962.SZ,2025-07-30,-0.004034582132564912,-0.03139013452914796
17.28,16.88,16.86,18.57,94129.77,False,False,000962.SZ,2025-07-31,-0.0011848341232226778,-0.02430555555555569
6.78,6.58,6.56,7.24,66565.0,False,False,000707.SZ,2025-07-31,-0.003039513677811634,-0.03244837758112107
16.86,16.9,16.81,18.59,93031.0,False,False,000962.SZ,2025-08-01,-0.005325443786982187,-0.0029655990510083496
6.56,6.58,6.55,7.24,66842.0,False,False,000707.SZ,2025-08-01,-0.00455927051671734,-0.0015243902439023849
6.55,6.55,6.55,7.21,62455.0,False,False,000707.SZ,2025-08-04,0.0,0.0
8.67,8.67,8.69,9.54,177220.19,False,False,600663.SH,2025-08-04,0.0023068050749710522,0.0023068050749710522
18.92,18.8,18.8,22.56,90641.42,False,False,301139.SZ,2025-08-05,0.0,-0.00634249471458781
8.69,8.68,8.67,9.55,101300.83,False,False,600663.SH,2025-08-05,-0.0011520737327188613,-0.0023014959723820505
9.43,9.43,10.37,10.37,98326.25,True,True,002148.SZ,2025-08-06,0.09968186638388121,0.09968186638388121
48.16,48.37,48.76,53.21,462312.62,False,False,002938.SZ,2025-08-06,0.00806284887326858,0.012458471760797396
10.37,10.37,11.0,11.41,2327841.89,True,False,002148.SZ,2025-08-07,0.06075216972034725,0.06075216972034725
29.15,29.15,30.08,32.07,599111.91,True,False,603767.SH,2025-08-07,0.031903945111492193,0.031903945111492193
20.5,21.19,21.7,23.31,642853.58,True,False,600475.SH,2025-08-08,0.02406795658329397,0.05853658536585371
32.07,32.0,31.38,35.2,655702.39,False,False,603920.SH,2025-08-08,-0.01937500000000003,-0.021515434985968196
32.25,32.25,31.98,35.48,338364.85,True,False,605598.SH,2025-08-11,-0.008372093023255811,-0.008372093023255811
15.19,15.19,16.71,16.71,77396.21,True,True,002941.SZ,2025-08-11,0.1000658327847268,0.1000658327847268
66.08,66.08,79.3,79.3,281636.62,True,True,300620.SZ,2025-08-12,0.20006053268765123,0.20006053268765123
16.71,16.71,17.97,18.38,1467491.59,True,False,002941.SZ,2025-08-12,0.07540394973069997,0.07540394973069997
38.95,38.95,42.85,42.85,30446.62,True,True,603757.SH,2025-08-13,0.1001283697047497,0.1001283697047497
24.2,24.27,24.23,26.7,75045.0,False,False,002857.SZ,2025-08-13,-0.0016481252575195615,0.0012396694214875659
42.85,42.85,44.9,47.14,208073.44,True,False,603757.SH,2025-08-14,0.04784130688448074,0.04784130688448074
13.93,13.93,15.32,15.32,44255.78,True,True,603221.SH,2025-08-14,0.09978463747307975,0.09978463747307975
15.32,15.32,16.85,16.85,15727.05,True,True,603221.SH,2025-08-15,0.09986945169712791,0.09986945169712791
21.88,21.89,21.88,26.27,188993.43,False,False,300733.SZ,2025-08-15,-0.0004568296025583285,0.0
16.85,16.85,16.94,18.54,424105.56,True,False,603221.SH,2025-08-18,0.005341246290801127,0.005341246290801127
22.68,22.7,23.77,24.97,1428102.07,True,False,002364.SZ,2025-08-18,0.047136563876652104,0.04805996472663132
16.31,16.98,16.4,18.68,451950.46,True,False,002871.SZ,2025-08-19,-0.034157832744405314,0.005518087063151489
12.62,12.85,13.89,14.14,1168321.48,True,False,603158.SH,2025-08-19,0.08093385214007798,0.10063391442155312
7.75,7.79,7.86,8.57,1096760.91,False,False,600711.SH,2025-08-20,0.00898587933247752,0.014193548387096744
35.98,35.93,35.73,39.52,79996.58,False,False,603031.SH,2025-08-20,-0.005566379070414795,-0.006948304613674239
13.87,13.87,15.2,15.26,1038617.24,True,False,002953.SZ,2025-08-21,0.09589041095890405,0.09589041095890405
9.09,9.09,9.44,10.0,2350843.97,True,False,002177.SZ,2025-08-21,0.03850385038503856,0.03850385038503856
10.81,11.45,11.62,12.6,841774.2,True,False,603101.SH,2025-08-22,0.014847161572052459,0.07493061979648452
29.55,29.55,32.51,32.51,282970.63,True,True,605028.SH,2025-08-22,0.1001692047377325,0.1001692047377325
25.91,25.91,26.01,31.09,1385669.72,True,False,300192.SZ,2025-08-25,0.003859513701273798,0.003859513701273798
32.23,32.23,35.45,35.45,474.0,True,True,605255.SH,2025-08-25,0.09990691901954718,0.09990691901954718
35.45,35.45,39.0,39.0,867.0,True,True,605255.SH,2025-08-26,0.10014104372355415,0.10014104372355415
80.17,80.17,88.19,88.19,39303.69,True,True,603083.SH,2025-08-26,0.1000374204814769,0.1000374204814769
39.0,39.0,42.9,42.9,736.0,True,True,605255.SH,2025-08-27,0.09999999999999987,0.09999999999999987
88.19,88.19,94.99,97.01,979662.4,True,False,603083.SH,2025-08-27,0.07710624787390863,0.07710624787390863
42.9,42.9,47.19,47.19,1122.0,True,True,605255.SH,2025-08-28,0.10000000000000009,0.10000000000000009
75.41,82.95,91.25,91.25,188482.68,True,True,601869.SH,2025-08-28,0.10006027727546707,0.21005171727887562
47.19,47.19,51.91,51.91,2100.0,True,True,605255.SH,2025-08-29,0.10002119093028172,0.10002119093028172
14.5,14.5,15.95,15.95,51269.93,True,True,603177.SH,2025-08-29,0.09999999999999987,0.09999999999999987
51.91,51.91,57.1,57.1,648.0,True,True,605255.SH,2025-09-01,0.09998073588903877,0.09998073588903877
32.09,32.09,35.3,35.3,286991.91,True,True,603948.SH,2025-09-01,0.10003116235587384,0.10003116235587384
18.49,18.52,19.88,20.37,2858515.48,True,False,600021.SH,2025-09-02,0.07343412526997839,0.07517577068685788
57.1,57.1,62.81,62.81,6627.0,True,True,605255.SH,2025-09-02,0.10000000000000009,0.10000000000000009
62.81,62.81,69.09,69.09,11429.15,True,True,605255.SH,2025-09-03,0.09998407896831707,0.09998407896831707
13.37,13.0,13.02,14.3,261668.88,False,False,002534.SZ,2025-09-03,0.0015384615384614886,-0.02617801047120416
52.01,47.95,48.64,52.75,44397.44,False,False,003009.SZ,2025-09-04,0.014389989572471285,-0.06479523168621415
12.36,12.07,12.09,13.28,228519.77,False,False,002636.SZ,2025-09-04,0.001657000828500399,-0.021844660194174748
36.31,37.18,37.5,40.9,597354.32,False,False,600584.SH,2025-09-05,0.008606777837547153,0.03277334067749926
350.95,357.28,355.0,393.01,110252.64,False,False,002371.SZ,2025-09-05,-0.006381549484997695,0.01154010542812367
28.84,28.63,28.43,34.36,195680.08,False,False,300602.SZ,2025-09-08,-0.00698567935731742,-0.014216366158113725
50.61,49.83,49.7,54.81,2344585.39,False,False,600111.SH,2025-09-08,-0.002608870158538945,-0.017980636237897585
69.09,69.09,76.0,76.0,5677.54,True,True,605255.SH,2025-09-09,0.10001447387465623,0.10001447387465623
28.43,27.81,28.2,33.37,227232.27,False,False,300602.SZ,2025-09-09,0.014023732470334505,-0.008090045726345418
76.0,76.0,83.6,83.6,6170.0,True,True,605255.SH,2025-09-10,0.09999999999999987,0.09999999999999987
44.41,45.77,46.2,50.35,389370.65,False,False,002625.SZ,2025-09-10,0.009394800087393573,0.040306237333934014
34.1,34.51,34.6,37.96,304805.0,False,False,002882.SZ,2025-09-11,0.002607939727615305,0.014662756598240456
43.21,43.73,43.72,52.48,15779.64,False,False,301362.SZ,2025-09-11,-0.00022867596615594454,0.011802823420504538
67.01,69.04,69.0,75.94,821745.44,True,False,002335.SZ,2025-09-12,-0.0005793742757822518,0.02969706014027751
34.5,35.64,35.79,39.2,305844.91,True,False,603301.SH,2025-09-12,0.004208754208754106,0.037391304347826004
28.35,30.84,30.8,33.92,1966508.72,True,False,002709.SZ,2025-09-15,-0.0012970168612191912,0.08641975308641969
18.35,19.81,21.19,21.79,308573.42,True,False,603239.SH,2025-09-15,0.06966178697627479,0.15476839237057227
29.0,30.48,33.53,33.53,125628.25,True,True,600699.SH,2025-09-16,0.10006561679790038,0.15620689655172426
30.16,30.16,33.18,33.18,10178.0,True,True,001234.SZ,2025-09-16,0.10013262599469486,0.10013262599469486
33.18,33.18,36.5,36.5,17442.5,True,True,001234.SZ,2025-09-17,0.10006027727546707,0.10006027727546707
33.53,33.53,36.88,36.88,131948.31,True,True,600699.SH,2025-09-17,0.09991052788547572,0.09991052788547572
36.88,36.88,39.98,40.57,3098553.12,True,False,600699.SH,2025-09-18,0.08405639913232088,0.08405639913232088
36.5,36.5,40.15,40.15,15297.43,True,True,001234.SZ,2025-09-18,0.09999999999999987,0.09999999999999987
40.15,40.15,44.17,44.17,206227.22,True,True,001234.SZ,2025-09-19,0.10012453300124546,0.10012453300124546
17.17,17.17,16.8,18.89,311464.15,True,False,002674.SZ,2025-09-19,-0.021549213744903928,-0.021549213744903928
50.17,50.17,55.19,55.19,31066.68,True,True,002402.SZ,2025-09-22,0.10005979669124976,0.10005979669124976
7.94,7.94,8.73,8.73,56222.37,True,True,600167.SH,2025-09-22,0.09949622166246841,0.09949622166246841
111.28,111.28,100.15,122.41,23147.0,True,False,605255.SH,2025-09-23,-0.10001797268152401,-0.10001797268152401
6.06,6.06,6.67,6.67,7144789.97,True,True,600635.SH,2025-09-23,0.10066006600660082,0.10066006600660082
9.6,9.6,9.7,10.56,1419453.81,True,False,600167.SH,2025-09-24,0.01041666666666674,0.01041666666666674
92.98,98.96,97.93,108.86,82791.17,False,False,603786.SH,2025-09-24,-0.010408245755860857,0.053237255323725474
13.5,13.5,13.87,14.85,284998.57,True,False,002295.SZ,2025-09-25,0.027407407407407325,0.027407407407407325
80.88,85.22,85.22,93.74,90271.81,True,False,603040.SH,2025-09-25,0.0,0.053659742828882306
28.14,28.14,30.09,30.95,446185.31,True,False,603156.SH,2025-09-26,0.06929637526652455,0.06929637526652455
10.54,10.42,10.45,11.46,115646.13,False,False,603101.SH,2025-09-26,0.0028790786948176272,-0.008538899430740043
17.95,17.7,17.7,19.47,157982.47,False,False,605050.SH,2025-09-29,0.0,-0.013927576601671321
26.0,26.08,28.58,28.69,702533.75,True,False,600629.SH,2025-09-29,0.09585889570552153,0.09923076923076923
12.47,12.26,12.35,13.49,283032.33,False,False,001208.SZ,2025-09-30,0.007340946166394691,-0.009623095429029727
42.98,42.54,42.55,51.05,17273.0,False,False,301168.SZ,2025-09-30,0.00023507287259039167,-0.010004653327128854
13.98,13.98,15.38,15.38,4115857.74,True,True,600105.SH,2025-10-09,0.10014306151645203,0.10014306151645203
39.03,39.04,40.0,42.94,1804480.05,True,False,600362.SH,2025-10-09,0.024590163934426146,0.02485267742761965
12.55,12.61,12.28,13.87,94186.98,False,False,000888.SZ,2025-10-10,-0.026169706582077734,-0.021513944223107706
5.85,5.86,5.75,6.45,164834.7,False,False,002627.SZ,2025-10-10,-0.018771331058020535,-0.017094017094017033
12.28,12.37,12.4,13.61,79886.0,False,False,000888.SZ,2025-10-13,0.0024252223120453387,0.009771986970684043
8.4,8.45,8.47,9.3,138750.1,False,False,002033.SZ,2025-10-13,0.002366863905325589,0.008333333333333304
14.05,14.05,13.99,15.46,467169.43,True,False,002911.SZ,2025-10-14,-0.004270462633451988,-0.004270462633451988
12.4,12.34,12.39,13.57,66179.52,False,False,000888.SZ,2025-10-14,0.004051863857374549,-0.0008064516129031585
22.36,22.72,22.52,24.99,47689.0,False,False,603595.SH,2025-10-15,-0.008802816901408383,0.007155635062611854
56.0,57.23,57.0,62.95,176964.89,False,False,603228.SH,2025-10-15,-0.004018871221387332,0.017857142857142794
11.89,11.89,13.08,13.08,432490.24,True,True,002825.SZ,2025-10-16,0.1000841042893188,0.1000841042893188
469.98,470.55,475.0,517.61,20140.07,False,False,603444.SH,2025-10-16,0.009457018382743598,0.010681305587471712
30.66,29.46,29.77,35.35,101749.31,False,False,300413.SZ,2025-10-17,0.010522742701968735,-0.029028049575994808
10.42,9.97,10.12,10.97,166511.5,False,False,002559.SZ,2025-10-17,0.015045135406218435,-0.028790786948176605
29.77,29.65,29.69,35.58,157872.76,False,False,300413.SZ,2025-10-20,0.0013490725126477088,-0.002687269062814912
37.0,36.91,36.86,40.6,51766.17,False,False,603031.SH,2025-10-20,-0.0013546464372797828,-0.003783783783783745
12.55,12.33,12.21,13.56,146867.57,False,False,002911.SZ,2025-10-21,-0.009732360097323589,-0.027091633466135412
37.18,40.93,36.84,45.02,89181.0,True,False,600629.SH,2025-10-21,-0.09992670412900062,-0.009144701452393655
7.59,7.59,8.05,8.35,5381232.02,True,False,601608.SH,2025-10-22,0.060606060606060774,0.060606060606060774
12.21,12.1,12.1,13.31,137652.22,False,False,002911.SZ,2025-10-22,0.0,-0.009009009009009139
12.1,12.15,12.13,13.37,141731.13,False,False,002911.SZ,2025-10-23,-0.0016460905349794386,0.002479338842975354
37.15,37.0,37.23,40.7,237172.03,False,False,002179.SZ,2025-10-23,0.006216216216216042,0.002153432032301339
19.43,19.43,19.43,21.37,860366.28,True,False,603232.SH,2025-10-24,0.0,0.0
10.97,10.88,10.83,11.97,61218.98,False,False,603053.SH,2025-10-24,-0.004595588235294157,-0.012762078395624488
10.83,10.88,10.88,11.97,67029.16,False,False,603053.SH,2025-10-27,0.0,0.004616805170821747
6.66,6.66,7.11,7.33,326206.03,False,False,000421.SZ,2025-10-27,0.06756756756756754,0.06756756756756754
10.87,10.86,10.86,11.95,24891.0,False,False,603291.SH,2025-10-28,0.0,-0.0009199632014719183
13.88,13.52,13.51,16.22,86747.0,False,False,300138.SZ,2025-10-28,-0.0007396449704142327,-0.026657060518732068
10.86,10.8,10.76,11.88,26364.0,False,False,603291.SH,2025-10-29,-0.0037037037037037646,-0.009208103130755041
6.89,6.79,6.8,7.47,39419.0,False,False,002381.SZ,2025-10-29,0.0014727540500736325,-0.013062409288824406
17.18,16.81,16.93,18.49,87581.2,False,False,003038.SZ,2025-10-30,0.007138607971445721,-0.014551804423748593
11.7,11.58,11.52,12.74,65044.17,False,False,000096.SZ,2025-10-30,-0.005181347150259086,-0.01538461538461533
12.02,12.02,13.22,13.22,795958.42,True,True,002790.SZ,2025-10-31,0.0998336106489186,0.0998336106489186
14.28,14.36,14.36,15.8,14443.0,False,False,603137.SH,2025-10-31,0.0,0.0056022408963585235
11.59,11.59,12.74,12.75,783331.49,True,False,002181.SZ,2025-11-03,0.09922346850733388,0.09922346850733388
14.36,14.39,14.39,15.83,18656.6,False,False,603137.SH,2025-11-03,0.0,0.002089136490250665
14.39,14.42,14.4,15.86,28230.2,False,False,603137.SH,2025-11-04,-0.001386962552011095,0.0006949270326614965
3.39,3.38,3.37,3.72,361050.07,False,False,002081.SZ,2025-11-04,-0.002958579881656709,-0.005899705014749235
11.88,11.88,13.07,13.07,51357.0,True,True,002255.SZ,2025-11-05,0.10016835016835013,0.10016835016835013
67.13,67.53,68.18,81.04,163089.62,False,False,300373.SZ,2025-11-05,0.009625351695542905,0.01564129301355588
13.07,13.07,13.8,14.38,1633277.6,True,False,002255.SZ,2025-11-06,0.05585309869931132,0.05585309869931132
9.43,9.43,10.37,10.37,703823.84,True,True,002451.SZ,2025-11-06,0.09968186638388121,0.09968186638388121
14.48,14.48,14.5,15.93,10532.0,False,False,603137.SH,2025-11-07,0.0013812154696133394,0.0013812154696133394
26.09,25.98,25.98,28.58,46248.0,False,False,603192.SH,2025-11-07,0.0,-0.0042161747796090054
7.89,7.89,8.68,8.68,1275457.49,True,True,002083.SZ,2025-11-10,0.10012674271229405,0.10012674271229405
16.4,18.0,19.44,19.8,1083642.41,True,False,002636.SZ,2025-11-10,0.08000000000000007,0.18536585365853675
8.26,8.26,9.08,9.09,705708.31,True,False,600693.SH,2025-11-11,0.09927360774818417,0.09927360774818417
28.13,28.78,28.42,31.66,538462.28,True,False,601567.SH,2025-11-11,-0.012508686587908269,0.01030927835051565
4.58,4.58,5.04,5.04,81501.49,True,True,000407.SZ,2025-11-12,0.10043668122270732,0.10043668122270732
33.9,33.9,37.29,37.29,1374.28,True,True,003041.SZ,2025-11-12,0.10000000000000009,0.10000000000000009
10.51,10.51,11.56,11.56,64311.84,True,True,002083.SZ,2025-11-13,0.09990485252140835,0.09990485252140835
5.04,5.04,5.54,5.54,107885.5,True,True,000407.SZ,2025-11-13,0.0992063492063493,0.0992063492063493
41.02,41.02,45.12,45.12,94715.26,True,True,003041.SZ,2025-11-14,0.09995124329595306,0.09995124329595306
11.56,11.56,12.72,12.72,61196.14,True,True,002083.SZ,2025-11-14,0.10034602076124566,0.10034602076124566
12.72,12.72,13.97,13.99,3584543.29,True,False,002083.SZ,2025-11-17,0.09827044025157239,0.09827044025157239
30.83,30.83,33.91,33.91,179549.94,True,True,603353.SH,2025-11-17,0.09990269218293868,0.09990269218293868
48.88,49.63,54.59,54.59,213649.68,True,True,003041.SZ,2025-11-18,0.0999395526899054,0.11681669394435357
15.22,15.22,15.83,16.74,733604.57,True,False,601566.SH,2025-11-18,0.04007884362680669,0.04007884362680669
8.85,8.6,8.6,9.46,167115.89,False,False,002350.SZ,2025-11-19,0.0,-0.02824858757062143
13.24,12.88,13.09,14.17,146842.0,False,False,600714.SH,2025-11-19,0.016304347826086918,-0.01132930513595165
19.0,19.0,20.9,20.9,272212.3,True,True,603216.SH,2025-11-20,0.09999999999999987,0.09999999999999987
30.29,29.76,29.45,35.71,41763.71,False,False,300926.SZ,2025-11-20,-0.01041666666666674,-0.027731924727632862
24.05,25.94,25.52,28.53,107819.29,True,False,603829.SH,2025-11-21,-0.01619121048573635,0.06112266112266118
16.57,16.57,14.91,18.23,202952.0,False,False,601566.SH,2025-11-21,-0.10018105009052503,-0.10018105009052503
8.92,8.94,8.94,9.83,101268.88,False,False,600101.SH,2025-11-24,0.0,0.0022421524663676085
14.48,14.41,14.4,15.85,25147.28,False,False,603095.SH,2025-11-24,-0.000693962526023606,-0.0055248618784530246
9.81,9.81,10.79,10.79,68631.0,True,True,002264.SZ,2025-11-25,0.09989806320081529,0.09989806320081529
14.4,14.49,14.76,15.94,20241.6,False,False,603095.SH,2025-11-25,0.01863354037267073,0.02499999999999991
10.79,10.79,11.87,11.87,2837397.76,True,True,002264.SZ,2025-11-26,0.1000926784059315,0.1000926784059315
7.9,7.86,7.86,8.65,649707.02,False,False,000783.SZ,2025-11-26,0.0,-0.005063291139240533
18.65,18.65,20.52,20.52,27457.45,True,True,003018.SZ,2025-11-27,0.10026809651474533,0.10026809651474533
80.9,78.5,78.52,86.35,316963.71,False,False,601888.SH,2025-11-27,0.0002547770700636054,-0.02941903584672445
20.52,20.52,22.57,22.57,69465.25,True,True,003018.SZ,2025-11-28,0.09990253411306038,0.09990253411306038
23.78,23.78,26.16,26.16,30865.5,True,True,002792.SZ,2025-11-28,0.1000841042893188,0.1000841042893188
26.16,26.16,28.78,28.78,50590.07,True,True,002792.SZ,2025-12-01,0.10015290519877684,0.10015290519877684
8.83,8.83,8.97,9.71,2443639.68,True,False,002565.SZ,2025-12-01,0.015855039637599155,0.015855039637599155
15.05,15.05,15.9,16.56,1927050.24,True,False,002632.SZ,2025-12-02,0.056478405315614655,0.056478405315614655
28.78,28.78,30.45,31.66,1988736.06,True,False,002792.SZ,2025-12-02,0.05802640722724117,0.05802640722724117
31.46,30.29,28.11,33.32,159437.01,False,False,603216.SH,2025-12-03,-0.07197094750742816,-0.10648442466624286
20.88,19.87,19.85,21.86,774209.11,False,False,600021.SH,2025-12-03,-0.0010065425264217387,-0.04932950191570873
9.42,9.42,9.33,10.36,1848088.5,True,False,002300.SZ,2025-12-04,-0.009554140127388533,-0.009554140127388533
19.96,19.68,19.95,21.65,23436.0,False,False,603381.SH,2025-12-04,0.013719512195121908,-0.0005010020040080443
18.98,19.3,19.25,23.16,30565.0,False,False,301139.SZ,2025-12-05,-0.002590673575129543,0.014225500526870327
23.09,23.0,23.05,25.3,36843.5,False,False,002869.SZ,2025-12-05,0.0021739130434783593,-0.0017323516673883876
21.42,21.42,22.5,23.56,585161.15,True,False,603696.SH,2025-12-08,0.05042016806722671,0.05042016806722671
29.38,29.38,29.21,32.32,556317.56,True,False,002961.SZ,2025-12-08,-0.005786249149080991,-0.005786249149080991
8.7,8.7,9.57,9.57,1867459.46,True,True,002752.SZ,2025-12-09,0.10000000000000009,0.10000000000000009
12.33,12.33,13.56,13.56,43984.61,True,True,600693.SH,2025-12-09,0.0997566909975669,0.0997566909975669
13.56,13.56,14.28,14.92,2170960.08,True,False,600693.SH,2025-12-10,0.05309734513274322,0.05309734513274322
6.96,6.96,7.66,7.66,884568.17,True,True,603601.SH,2025-12-10,0.10057471264367823,0.10057471264367823
4.83,4.73,4.78,5.2,1456356.76,False,False,600282.SH,2025-12-11,0.010570824524312794,-0.010351966873705987
5.57,5.45,5.45,6.0,469604.85,False,False,000937.SZ,2025-12-11,0.0,-0.021543985637342944
16.34,16.34,17.97,17.97,78312.0,True,True,001208.SZ,2025-12-12,0.09975520195838428,0.09975520195838428
6.83,6.76,6.72,7.44,134058.47,False,False,002455.SZ,2025-12-12,-0.00591715976331364,-0.016105417276720435
17.97,17.97,19.45,19.77,719821.24,True,False,001208.SZ,2025-12-15,0.08235948803561488,0.08235948803561488
5.43,5.37,5.35,5.91,237558.32,False,False,000937.SZ,2025-12-15,-0.003724394785847407,-0.014732965009208066
14.38,14.38,15.82,15.82,899424.87,True,True,600865.SH,2025-12-16,0.10013908205841449,0.10013908205841449
13.6,13.2,13.2,14.52,40139.58,False,False,600689.SH,2025-12-16,0.0,-0.02941176470588236
13.7,13.58,13.55,14.94,31673.19,False,False,603727.SH,2025-12-17,-0.0022091310751104487,-0.010948905109488982
5.02,5.02,5.52,5.52,15420.11,True,True,002969.SZ,2025-12-17,0.09960159362549792,0.09960159362549792
5.52,5.52,6.07,6.07,28755.0,True,True,002969.SZ,2025-12-18,0.0996376811594204,0.0996376811594204
13.9,13.9,15.29,15.29,31776.03,True,True,002788.SZ,2025-12-18,0.09999999999999987,0.09999999999999987
6.07,6.07,6.68,6.68,15968.0,True,True,002969.SZ,2025-12-19,0.10049423393739687,0.10049423393739687
15.29,15.29,15.98,16.82,1027221.56,True,False,002788.SZ,2025-12-19,0.04512753433616745,0.04512753433616745
6.68,6.68,7.35,7.35,52922.09,True,True,002969.SZ,2025-12-22,0.10029940119760483,0.10029940119760483
15.63,15.63,15.59,17.19,1188221.04,True,False,603977.SH,2025-12-22,-0.002559181062060212,-0.002559181062060212
7.35,7.35,8.09,8.09,29629.67,True,True,002969.SZ,2025-12-23,0.10068027210884356,0.10068027210884356
24.44,24.44,26.0,26.88,229611.94,True,False,603696.SH,2025-12-23,0.06382978723404253,0.06382978723404253
15.16,15.16,15.18,16.68,1322426.22,True,False,000551.SZ,2025-12-24,0.0013192612137202797,0.0013192612137202797
8.09,8.09,8.9,8.9,20635.61,True,True,002969.SZ,2025-12-24,0.10012360939431408,0.10012360939431408
11.32,11.32,12.45,12.45,436959.06,True,True,002201.SZ,2025-12-25,0.09982332155477014,0.09982332155477014
6.55,6.55,6.49,7.21,3877383.79,True,False,002228.SZ,2025-12-25,-0.009160305343511421,-0.009160305343511421
13.17,13.17,14.47,14.49,1856863.95,True,False,002361.SZ,2025-12-26,0.09870918754745639,0.09870918754745639
23.82,23.82,26.2,26.2,2504.09,True,True,002931.SZ,2025-12-26,0.09991603694374462,0.09991603694374462
26.2,26.2,28.82,28.82,1302.21,True,True,002931.SZ,2025-12-29,0.10000000000000009,0.10000000000000009
23.21,23.21,25.53,25.53,1274190.44,True,True,600783.SH,2025-12-29,0.09995691512279192,0.09995691512279192
28.82,28.82,31.7,31.7,5199.71,True,True,002931.SZ,2025-12-30,0.0999306037473977,0.0999306037473977
208.0,218.02,196.22,239.82,6846.0,True,False,605255.SH,2025-12-30,-0.09999082652967617,-0.05663461538461534
31.7,31.7,34.87,34.87,3462.32,True,True,002931.SZ,2025-12-31,0.09999999999999987,0.09999999999999987
28.66,28.34,29.0,34.01,75996.97,False,False,301026.SZ,2025-12-31,0.023288637967536996,0.011863224005582707
34.87,34.87,38.36,38.36,1948.6,True,True,002931.SZ,2026-01-05,0.10008603383997716,0.10008603383997716
118.0,115.19,114.41,126.71,109499.39,False,False,601869.SH,2026-01-05,-0.0067714211303064875,-0.03042372881355937
84.94,84.94,90.49,101.93,745280.46,True,False,301293.SZ,2026-01-06,0.06534024016953133,0.06534024016953133
34.63,34.63,41.56,41.56,800019.37,True,True,301363.SZ,2026-01-06,0.20011550678602363,0.20011550678602363
21.29,21.29,23.42,23.42,181400.2,True,True,002324.SZ,2026-01-07,0.10004697040864263,0.10004697040864263
42.2,42.2,46.42,46.42,16331.95,True,True,002931.SZ,2026-01-07,0.09999999999999987,0.09999999999999987
29.63,29.63,32.59,32.59,65142.29,True,True,600783.SH,2026-01-08,0.09989875126560932,0.09989875126560932
15.55,15.55,17.11,17.11,560888.18,True,True,603015.SH,2026-01-08,0.10032154340835997,0.10032154340835997
32.59,32.59,35.85,35.85,117304.91,True,True,600783.SH,2026-01-09,0.1000306842589751,0.1000306842589751
27.82,27.82,33.38,33.38,20041.81,True,True,300986.SZ,2026-01-09,0.19985621854780744,0.19985621854780744
3.96,3.96,4.36,4.36,3741626.58,True,True,600477.SH,2026-01-12,0.101010101010101,0.101010101010101
49.4,49.4,54.34,54.34,75399.99,True,True,003007.SZ,2026-01-12,0.10000000000000009,0.10000000000000009
9.03,9.03,9.5,9.93,6120675.01,True,False,002131.SZ,2026-01-13,0.052048726467331274,0.052048726467331274
56.64,56.64,56.08,67.97,393538.64,True,False,301230.SZ,2026-01-13,-0.009887005649717562,-0.009887005649717562
20.88,20.88,22.97,22.97,1149765.05,True,True,601116.SH,2026-01-14,0.10009578544061304,0.10009578544061304
19.23,19.23,20.12,21.15,1411659.13,True,False,002112.SZ,2026-01-14,0.046281851274051045,0.046281851274051045
16.98,16.98,18.68,18.68,299632.0,True,True,603056.SH,2026-01-15,0.10011778563015317,0.10011778563015317
55.5,53.79,48.41,59.17,8386.0,False,False,003007.SZ,2026-01-15,-0.10001859081613684,-0.12774774774774778
52.63,55.21,57.89,60.73,176001.63,True,False,001255.SZ,2026-01-16,0.04854193080963598,0.09994299828994868
27.75,27.75,24.98,30.53,65655.0,False,False,603000.SH,2026-01-16,-0.0998198198198198,-0.0998198198198198
7.1,7.1,7.81,7.81,206070.71,True,True,002358.SZ,2026-01-19,0.10000000000000009,0.10000000000000009
67.97,67.97,74.77,74.77,5164.31,True,True,002931.SZ,2026-01-19,0.10004413711931726,0.10004413711931726
74.77,74.77,82.25,82.25,22242.24,True,True,002931.SZ,2026-01-20,0.10004012304400156,0.10004012304400156
5.28,5.28,5.74,5.81,4885848.54,True,False,002498.SZ,2026-01-20,0.08712121212121215,0.08712121212121215
25.92,25.92,28.51,28.51,23940.59,True,True,603078.SH,2026-01-21,0.09992283950617287,0.09992283950617287
9.36,9.36,8.42,10.3,343677.0,False,False,002131.SZ,2026-01-21,-0.1004273504273504,-0.1004273504273504
28.51,28.51,31.36,31.36,915639.58,True,True,603078.SH,2026-01-22,0.09996492458786377,0.09996492458786377
23.3,23.3,24.9,25.63,811188.93,True,False,002636.SZ,2026-01-22,0.06866952789699554,0.06866952789699554
21.65,21.65,23.82,23.82,119530.75,True,True,601615.SH,2026-01-23,0.10023094688221712,0.10023094688221712
35.72,35.82,35.99,39.4,8455.87,False,False,001279.SZ,2026-01-23,0.004745951982132901,0.00755879059350506
23.82,23.82,22.0,26.2,3320970.22,True,False,601615.SH,2026-01-26,-0.07640638119227539,-0.07640638119227539
18.63,18.63,19.99,20.49,2855461.37,True,False,600531.SH,2026-01-26,0.07300053676865259,0.07300053676865259
27.8,27.8,30.58,30.58,35403.46,True,True,002155.SZ,2026-01-27,0.09999999999999987,0.09999999999999987
51.89,52.18,52.4,57.4,55039.91,False,False,603737.SH,2026-01-27,0.0042161747796090054,0.00982848333012143
12.27,12.27,13.5,13.5,482665.66,True,True,600916.SH,2026-01-28,0.10024449877750619,0.10024449877750619
30.58,30.58,33.64,33.64,43898.73,True,True,002155.SZ,2026-01-28,0.10006540222367577,0.10006540222367577
33.64,33.64,37.0,37.0,3644098.08,True,True,002155.SZ,2026-01-29,0.09988109393579081,0.09988109393579081
13.5,13.5,13.25,14.85,4766524.05,True,False,600916.SH,2026-01-29,-0.01851851851851849,-0.01851851851851849
22.31,22.31,20.08,24.54,36407.0,False,False,600531.SH,2026-01-30,-0.09995517705064993,-0.09995517705064993
66.18,66.18,59.56,72.8,3480.0,False,False,001337.SZ,2026-01-30,-0.10003022061045641,-0.10003022061045641
28.05,28.05,30.86,30.86,87478.47,True,True,603103.SH,2026-02-02,0.10017825311942952,0.10017825311942952
13.21,13.21,11.89,14.53,3514707.47,False,False,600916.SH,2026-02-02,-0.0999242997728993,-0.0999242997728993
64.78,64.78,77.74,77.74,56308.55,True,True,301362.SZ,2026-02-03,0.20006174745291738,0.20006174745291738
5.61,5.68,5.66,6.25,417724.72,False,False,601700.SH,2026-02-03,-0.0035211267605632646,0.008912655971479388
65.51,67.28,67.31,74.01,232778.94,True,False,002970.SZ,2026-02-04,0.0004458977407848508,0.027476721111280744
16.05,16.08,16.02,17.69,46352.0,False,False,603898.SH,2026-02-04,-0.003731343283582045,-0.0018691588785046953
23.13,22.5,22.32,27.0,72456.31,False,False,300428.SZ,2026-02-05,-0.008000000000000007,-0.035019455252918275
149.96,148.68,147.52,163.55,53726.97,False,False,601799.SH,2026-02-05,-0.007801990852838281,-0.01627100560149375
37.71,37.1,37.76,44.52,114241.47,False,False,300627.SZ,2026-02-06,0.017789757412398854,0.0013259082471492878
22.32,22.49,22.8,26.99,67991.31,False,False,300428.SZ,2026-02-06,0.013783903957314436,0.021505376344086002
12.25,12.25,13.48,13.48,91126.22,True,True,002455.SZ,2026-02-09,0.10040816326530622,0.10040816326530622
22.59,22.59,23.29,24.85,429692.37,True,False,003018.SZ,2026-02-09,0.030987162461266093,0.030987162461266093
13.48,13.48,14.51,14.83,1009252.59,True,False,002455.SZ,2026-02-10,0.07640949554896137,0.07640949554896137
7.93,7.93,8.35,8.72,1555564.53,True,False,603980.SH,2026-02-10,0.05296343001261028,0.05296343001261028
54.83,54.01,54.28,64.81,14731.28,False,False,301286.SZ,2026-02-11,0.00499907424551016,-0.010031004924311415
11.17,11.1,11.03,12.21,642698.67,False,False,600916.SH,2026-02-11,-0.006306306306306353,-0.0125335720680394
13.15,12.83,13.09,14.11,121982.99,False,False,002809.SZ,2026-02-12,0.020265003897116163,-0.004562737642585635
13.82,13.6,13.65,16.32,170240.81,False,False,300805.SZ,2026-02-12,0.003676470588235281,-0.01230101302460207
15.67,14.88,15.0,16.37,51250.61,False,False,603898.SH,2026-02-13,0.008064516129032251,-0.04275686024250158
28.67,28.67,31.54,31.54,29713.0,True,True,605033.SH,2026-02-13,0.10010463899546562,0.10010463899546562
31.54,31.54,34.69,34.69,303649.79,True,True,605033.SH,2026-02-24,0.09987317691819908,0.09987317691819908
35.27,36.61,36.85,40.27,553981.95,True,False,603619.SH,2026-02-24,0.006555585905490435,0.04479727814006229
36.1,35.29,35.31,42.35,49364.19,False,False,301428.SZ,2026-02-25,0.0005667327854916859,-0.02188365650969526
34.19,34.33,34.31,41.2,18527.5,False,False,301036.SZ,2026-02-25,-0.0005825808330904847,0.0035097981866043515
35.31,34.88,34.79,41.86,59280.87,False,False,301428.SZ,2026-02-26,-0.0025802752293578868,-0.014726706315491445
78.0,82.73,82.87,91.0,77623.73,True,False,002970.SZ,2026-02-26,0.001692251903783415,0.06243589743589739
38.54,40.6,44.66,44.66,1465682.42,True,True,002378.SZ,2026-02-27,0.09999999999999987,0.1587960560456667
25.27,25.27,26.85,27.8,238849.51,True,False,002843.SZ,2026-02-27,0.06252473288484373,0.06252473288484373
31.87,31.87,35.06,35.06,433677.07,True,True,002980.SZ,2026-03-02,0.10009413241292764,0.10009413241292764
55.0,56.71,58.41,62.38,2435168.25,True,False,600498.SH,2026-03-02,0.029977076353376653,0.06199999999999983
23.55,22.63,22.39,27.16,203264.67,False,False,300413.SZ,2026-03-03,-0.010605391073795767,-0.049256900212314214
4.64,4.52,4.5,4.97,148498.29,False,False,601366.SH,2026-03-03,-0.004424778761061843,-0.030172413793103425
22.39,22.18,22.58,26.62,145351.29,False,False,300413.SZ,2026-03-04,0.018034265103696878,0.008485931219294196
4.5,4.47,4.51,4.92,130683.25,False,False,601366.SH,2026-03-04,0.008948545861297452,0.0022222222222221255
51.0,49.72,49.81,54.69,65446.73,False,False,601021.SH,2026-03-05,0.0018101367658891476,-0.023333333333333317
7.85,7.82,7.79,8.6,126060.01,False,False,000156.SZ,2026-03-05,-0.0038363171355498826,-0.007643312101910826
38.27,38.23,37.55,45.88,83082.78,False,False,300792.SZ,2026-03-06,-0.017787078210829144,-0.018813692187091835
24.55,24.87,24.2,27.36,121971.04,False,False,603103.SH,2026-03-06,-0.026940088459992073,-0.014256619144602856
9.46,9.46,10.41,10.41,6754613.81,True,True,600821.SH,2026-03-09,0.10042283298097243,0.10042283298097243
17.11,17.28,17.39,20.74,834457.57,False,False,300251.SZ,2026-03-09,0.0063657407407407,0.016364699006429007
16.86,16.86,18.55,18.55,529119.13,True,True,605268.SH,2026-03-10,0.10023724792408073,0.10023724792408073
6.64,6.64,6.88,7.3,5265632.6,True,False,601789.SH,2026-03-10,0.03614457831325302,0.03614457831325302
17.28,17.01,16.94,20.41,758843.22,False,False,300251.SZ,2026-03-11,-0.004115226337448541,-0.01967592592592593
22.46,22.4,22.32,26.88,116540.54,False,False,300413.SZ,2026-03-11,-0.0035714285714284477,-0.006233303650934996
16.94,16.7,16.71,20.04,769755.38,False,False,300251.SZ,2026-03-12,0.0005988023952097077,-0.013577331759149991
11.68,11.63,11.58,12.79,39678.0,False,False,603708.SH,2026-03-12,-0.004299226139295009,-0.008561643835616417
16.71,16.44,16.4,19.73,672207.21,False,False,300251.SZ,2026-03-13,-0.0024330900243311193,-0.018551765409934307
16.97,16.89,16.8,18.58,31523.0,False,False,603214.SH,2026-03-13,-0.005328596802841923,-0.010017678255745288
15.49,14.88,15.22,16.37,372924.9,False,False,600995.SH,2026-03-16,0.02284946236559149,-0.017430600387346673
16.4,16.67,16.68,20.0,646994.4,False,False,300251.SZ,2026-03-16,0.0005998800239950253,0.017073170731707332
15.22,14.9,14.8,16.39,311467.95,False,False,600995.SH,2026-03-17,-0.006711409395973145,-0.02759526938239154
60.49,59.06,58.98,70.87,13947.38,False,False,301110.SZ,2026-03-17,-0.0013545546901456706,-0.02496280376921811
33.01,33.02,32.37,39.62,84563.65,False,False,300788.SZ,2026-03-18,-0.019685039370078927,-0.019388064222962798
14.8,14.98,14.7,16.48,275766.84,False,False,600995.SH,2026-03-18,-0.018691588785046842,-0.006756756756756799
12.55,11.84,11.79,13.02,376399.42,False,False,000612.SZ,2026-03-19,-0.004222972972973027,-0.06055776892430287
29.81,28.68,28.84,31.55,304716.14,False,False,601020.SH,2026-03-19,0.00557880055788007,-0.032539416303253854
7.28,6.99,6.9,7.69,226762.7,False,False,002996.SZ,2026-03-20,-0.012875536480686622,-0.052197802197802234
9.49,9.24,9.06,10.16,228349.22,False,False,002057.SZ,2026-03-20,-0.01948051948051943,-0.045310853530031614
6.9,6.58,6.72,7.24,145216.6,False,False,002996.SZ,2026-03-23,0.02127659574468077,-0.026086956521739202
9.06,8.72,8.9,9.59,174153.33,False,False,002057.SZ,2026-03-23,0.020642201834862428,-0.017660044150110354
8.9,9.02,9.12,9.92,152964.07,False,False,002057.SZ,2026-03-24,0.011086474501108556,0.024719101123595433
39.0,38.74,38.74,46.49,134869.27,False,False,301236.SZ,2026-03-24,0.0,-0.006666666666666599
5.8,5.71,5.7,6.28,219894.05,False,False,600507.SH,2026-03-25,-0.0017513134851138146,-0.01724137931034475
38.74,39.02,38.94,46.82,128284.83,False,False,301236.SZ,2026-03-25,-0.002050230650948337,0.005162622612286949
11.87,11.37,11.2,12.51,77309.05,False,False,000920.SZ,2026-03-26,-0.014951627088830244,-0.05644481887110364
16.08,15.8,15.98,17.38,47353.96,False,False,603610.SH,2026-03-26,0.0113924050632912,-0.006218905472636704
18.62,18.67,18.41,20.54,32422.04,False,False,601882.SH,2026-03-27,-0.013926084627745139,-0.011278195488721887
37.31,37.32,36.76,41.05,258811.68,False,False,601628.SH,2026-03-27,-0.015005359056806111,-0.014741356204770906
43.1,43.1,43.97,47.41,858450.24,True,False,603538.SH,2026-03-30,0.020185614849187905,0.020185614849187905
7.32,7.35,7.34,8.09,804607.02,False,False,601319.SH,2026-03-30,-0.0013605442176870541,0.002732240437158362
7.34,7.27,7.36,8.0,975436.72,False,False,601319.SH,2026-03-31,0.012379642365887289,0.0027247956403271267
36.52,36.34,36.85,39.97,267233.53,False,False,601628.SH,2026-03-31,0.014034122179416464,0.009036144578313143
76.88,80.94,82.5,89.03,523829.7,True,False,002432.SZ,2026-04-01,0.01927353595255754,0.07310093652445371
7.01,7.01,7.71,7.71,1280663.29,True,True,600249.SH,2026-04-01,0.09985734664764623,0.09985734664764623
6.34,6.34,6.96,6.97,937461.75,True,False,600488.SH,2026-04-02,0.09779179810725558,0.09779179810725558
22.21,21.4,21.71,23.54,71656.12,False,False,002961.SZ,2026-04-02,0.014485981308411278,-0.022512381809995485
65.98,64.01,64.01,76.81,35672.45,False,False,301155.SZ,2026-04-03,0.0,-0.029857532585631952
127.2,123.32,123.5,147.98,522241.24,False,False,300274.SZ,2026-04-03,0.0014596172559195875,-0.029088050314465486
11.77,11.9,12.18,14.28,28854.76,False,False,300550.SZ,2026-04-07,0.0235294117647058,0.034834324553950635
64.01,65.3,66.4,78.36,53292.85,False,False,301155.SZ,2026-04-07,0.016845329249617347,0.03733791595063263
15.5,15.53,15.3,17.08,109592.33,False,False,001289.SZ,2026-04-08,-0.014810045074050149,-0.012903225806451535
11.98,11.99,11.99,13.19,169269.02,False,False,002357.SZ,2026-04-08,0.0,0.0008347245409014992
15.3,15.11,15.14,16.62,100377.68,False,False,001289.SZ,2026-04-09,0.0019854401058903015,-0.010457516339869244
13.4,13.15,13.17,14.47,93593.61,False,False,603628.SH,2026-04-09,0.0015209125475283969,-0.01716417910447765
15.14,15.24,15.19,16.76,109961.54,False,False,001289.SZ,2026-04-10,-0.0032808398950131545,0.0033025099075296716
13.65,13.48,13.48,14.83,303139.09,False,False,603693.SH,2026-04-10,0.0,-0.01245421245421241
10.52,10.39,10.35,11.43,137447.99,False,False,002893.SZ,2026-04-13,-0.0038498556304139564,-0.016159695817490438
27.43,27.57,27.56,33.08,151624.54,False,False,300505.SZ,2026-04-13,-0.00036271309394275697,0.004739336492890933
10.35,10.46,10.49,11.51,82188.14,False,False,002893.SZ,2026-04-14,0.002868068833651982,0.01352657004830915
11.39,11.53,11.54,12.68,128768.0,False,False,002357.SZ,2026-04-14,0.0008673026886383273,0.013169446883230851
11.54,11.1,11.1,12.21,175004.0,False,False,002357.SZ,2026-04-15,0.0,-0.03812824956672445
14.51,14.08,14.0,15.49,55271.35,False,False,603098.SH,2026-04-15,-0.005681818181818232,-0.035148173673328675
22.99,23.22,23.34,27.86,29884.03,False,False,301601.SZ,2026-04-16,0.0051679586563306845,0.015224010439321534
16.7,17.52,17.58,19.27,222318.05,True,False,600768.SH,2026-04-16,0.003424657534246478,0.05269461077844295
21.73,21.73,23.9,23.9,309826.83,True,True,600330.SH,2026-04-17,0.09986194201564658,0.09986194201564658
35.4,35.4,35.5,38.94,9079.0,False,False,001277.SZ,2026-04-17,0.0028248587570622874,0.0028248587570622874
23.9,23.9,23.9,26.29,3871390.24,True,False,600330.SH,2026-04-20,0.0,0.0
27.98,27.98,27.5,30.78,495769.3,True,False,002843.SZ,2026-04-20,-0.01715511079342391,-0.01715511079342391
46.62,46.11,46.05,55.33,4176.9,False,False,301581.SZ,2026-04-21,-0.0013012361743657275,-0.012226512226512276
40.59,40.42,40.14,44.46,6367.98,False,False,603102.SH,2026-04-21,-0.006927263730826305,-0.011086474501108667
52.99,53.56,55.22,58.92,210965.85,True,False,603115.SH,2026-04-22,0.030993278566094018,0.04208341196452148
41.39,45.53,48.1,50.08,2308499.3,True,False,600105.SH,2026-04-22,0.05644629914342203,0.16211645324957713
19.53,19.53,18.84,21.48,488071.07,True,False,603315.SH,2026-04-23,-0.03533026113671278,-0.03533026113671278
49.42,48.69,48.33,58.43,3766.8,False,False,301618.SZ,2026-04-23,-0.007393715341959317,-0.02205584783488468
62.3,62.09,61.1,74.51,2968.0,False,False,301633.SZ,2026-04-24,-0.01594459655339031,-0.019261637239165297
45.99,46.3,46.17,55.56,6051.81,False,False,301581.SZ,2026-04-24,-0.0028077753779696124,0.003913894324853118
36.28,36.95,37.1,40.65,320717.45,True,False,003036.SZ,2026-04-27,0.004059539918809252,0.022601984564498245
90.97,87.98,89.0,96.78,124021.04,False,False,600259.SH,2026-04-27,0.011593543987269861,-0.021655490821149814
119.35,119.35,130.99,131.29,144190.82,True,False,603629.SH,2026-04-28,0.09752827817343968,0.09752827817343968
89.0,86.0,87.55,94.6,218789.73,False,False,600259.SH,2026-04-28,0.018023255813953476,-0.016292134831460747
46.02,46.36,46.49,55.63,5073.62,False,False,301581.SZ,2026-04-29,0.002804141501294266,0.010212950890917005
77.15,77.89,77.71,93.47,192175.85,False,False,300373.SZ,2026-04-29,-0.0023109513416357252,0.007258587167854769
25.37,25.37,27.77,27.91,296263.1,True,False,603095.SH,2026-04-30,0.09459992116673233,0.09459992116673233
46.68,46.68,51.35,51.35,94385.21,True,True,603045.SH,2026-04-30,0.10004284490145676,0.10004284490145676
16.49,16.34,16.35,19.61,139392.0,False,False,300389.SZ,2026-05-06,0.000611995104039309,-0.008489993935718476
56.95,56.95,60.8,62.65,2517396.64,True,False,002156.SZ,2026-05-06,0.0676031606672518,0.0676031606672518
56.49,56.49,62.14,62.14,16675.2,True,True,603045.SH,2026-05-07,0.1000177022481854,0.1000177022481854
30.39,30.08,30.01,36.1,15915.62,False,False,301585.SZ,2026-05-07,-0.002327127659574324,-0.012504113195129896
62.14,62.14,68.35,68.35,5439.0,True,True,603045.SH,2026-05-08,0.09993562922433208,0.09993562922433208
39.25,41.91,44.11,46.1,222612.09,True,False,003036.SZ,2026-05-08,0.05249343832021003,0.1238216560509553
68.35,68.35,75.19,75.19,330307.87,True,True,603045.SH,2026-05-11,0.10007315288953911,0.10007315288953911
66.0,67.1,66.88,80.52,322193.9,False,False,300037.SZ,2026-05-11,-0.003278688524590123,0.013333333333333197
45.45,45.45,50.0,50.0,5995.0,True,True,001259.SZ,2026-05-12,0.10011001100109995,0.10011001100109995
40.3,38.97,39.02,42.87,6494.48,False,False,001395.SZ,2026-05-12,0.0012830382345394575,-0.03176178660049611
50.0,50.0,55.0,55.0,4158.17,True,True,001259.SZ,2026-05-13,0.10000000000000009,0.10000000000000009
79.2,79.2,95.04,95.04,94053.74,True,True,300965.SZ,2026-05-13,0.19999999999999996,0.19999999999999996
55.0,55.0,60.5,60.5,5683.2,True,True,001259.SZ,2026-05-14,0.10000000000000009,0.10000000000000009
18.53,18.1,18.27,21.72,30171.0,False,False,300549.SZ,2026-05-14,0.009392265193369997,-0.014031300593632001
60.5,60.5,66.55,66.55,67294.81,True,True,001259.SZ,2026-05-15,0.09999999999999987,0.09999999999999987
5.8,5.77,5.75,6.35,97111.1,False,False,002724.SZ,2026-05-15,-0.0034662045060658286,-0.008620689655172376
41.0,44.43,45.53,48.87,333956.52,True,False,603938.SH,2026-05-18,0.02475804636506873,0.11048780487804888
18.9,18.9,18.62,20.79,790331.12,True,False,000672.SZ,2026-05-18,-0.014814814814814725,-0.014814814814814725
5.81,5.86,5.82,6.45,52411.0,False,False,002724.SZ,2026-05-19,-0.0068259385665528916,0.001721170395869276
26.17,25.69,25.51,28.26,413630.79,False,False,002155.SZ,2026-05-19,-0.007006617360840739,-0.025219717233473493
50.96,53.76,56.78,59.14,504077.12,True,False,603938.SH,2026-05-20,0.056175595238095344,0.11420722135007844
25.51,25.51,25.81,28.06,402823.12,False,False,002155.SZ,2026-05-20,0.011760094080752515,0.011760094080752515
10.94,10.41,10.47,11.45,101781.69,False,False,600251.SH,2026-05-21,0.0057636887608070175,-0.042961608775136995
14.02,13.65,13.88,15.02,82400.12,False,False,600295.SH,2026-05-21,0.01684981684981679,-0.00998573466476449
36.89,37.62,41.38,41.38,87204.05,True,True,000636.SZ,2026-05-22,0.09994683678894223,0.12171320140959607
103.92,103.93,114.32,114.32,209099.51,True,True,002938.SZ,2026-05-22,0.09997113441739613,0.10007698229407236
41.38,41.38,42.12,45.52,2645573.38,True,False,000636.SZ,2026-05-25,0.017883035282745263,0.017883035282745263
61.0,63.22,65.37,69.54,604674.37,True,False,605111.SH,2026-05-25,0.03400822524517566,0.07163934426229512
9.05,8.89,8.82,9.78,112485.0,False,False,600830.SH,2026-05-26,-0.007874015748031482,-0.02541436464088398
10.27,10.26,10.24,11.29,122803.93,False,False,600251.SH,2026-05-26,-0.0019493177387913674,-0.0029211295034079487
6.26,6.06,6.06,6.67,68242.61,False,False,002404.SZ,2026-05-27,0.0,-0.03194888178913746
11.54,11.28,11.22,12.41,35932.9,False,False,603558.SH,2026-05-27,-0.005319148936170137,-0.02772963604852674
6.06,6.06,6.08,6.67,83219.11,False,False,002404.SZ,2026-05-28,0.0033003300330034513,0.0033003300330034513
11.22,11.26,11.27,12.39,52452.0,False,False,603558.SH,2026-05-28,0.000888099467140302,0.004456327985739694
13.1,12.4,12.39,14.88,62518.22,False,False,300918.SZ,2026-05-29,-0.0008064516129031585,-0.05419847328244265
12.9,12.8,12.8,14.08,50025.8,False,False,603739.SH,2026-05-29,0.0,-0.007751937984496138
12.39,12.42,12.43,14.9,65505.86,False,False,300918.SZ,2026-06-01,0.0008051529790660261,0.0032284100080710587
33.9,35.31,35.77,38.84,306044.65,True,False,600367.SH,2026-06-01,0.013027470971396227,0.05516224188790564
12.43,12.22,12.25,14.66,66201.22,False,False,300918.SZ,2026-06-02,0.002454991816693841,-0.014481094127111849
8.41,8.12,8.08,8.93,80169.0,False,False,600830.SH,2026-06-02,-0.004926108374384119,-0.03923900118906065
39.5,38.7,38.79,46.44,27453.71,False,False,301080.SZ,2026-06-03,0.0023255813953486637,-0.01797468354430387
14.28,14.09,14.06,15.5,76382.21,False,False,605189.SH,2026-06-03,-0.002129169623846683,-0.01540616246498594
21.39,21.09,21.09,25.31,34495.59,False,False,301279.SZ,2026-06-04,0.0,-0.014025245441795287
14.82,14.48,14.48,17.38,64448.1,False,False,300484.SZ,2026-06-04,0.0,-0.022941970310391357
13.59,13.49,13.4,14.84,10174.7,False,False,605339.SH,2026-06-05,-0.006671608598962209,-0.013980868285504044
18.19,17.94,17.88,21.53,23892.88,False,False,300977.SZ,2026-06-05,-0.0033444816053512794,-0.017042330951072104
13.4,13.24,13.25,14.56,7352.0,False,False,605339.SH,2026-06-08,0.0007552870090634656,-0.011194029850746245
53.95,52.8,53.39,63.36,5249.69,False,False,301598.SZ,2026-06-08,0.011174242424242475,-0.010379981464318844
22.69,22.72,22.49,27.26,19792.4,False,False,301331.SZ,2026-06-09,-0.010123239436619746,-0.00881445570736017
7.55,7.49,7.49,8.24,61216.3,False,False,002166.SZ,2026-06-09,0.0,-0.007947019867549643
9.06,9.18,9.14,10.1,32240.04,False,False,605300.SH,2026-06-10,-0.004357298474945481,0.008830022075055233
17.6,17.1,17.09,18.81,138441.71,False,False,002034.SZ,2026-06-10,-0.0005847953216374657,-0.028977272727272796
17.74,16.41,16.64,18.05,203542.93,False,False,600592.SH,2026-06-11,0.014015843997562394,-0.06200676437429531
10.63,10.44,10.45,11.48,93668.48,False,False,600197.SH,2026-06-11,0.0009578544061301653,-0.016933207902163794
9.12,8.98,8.98,9.88,64424.0,False,False,603289.SH,2026-06-12,0.0,-0.015350877192982337
10.19,10.09,10.09,11.1,257315.36,False,False,000810.SZ,2026-06-12,0.0,-0.00981354268891066
6.39,6.46,6.42,7.75,334899.75,False,False,300040.SZ,2026-06-15,-0.006191950464396245,0.0046948356807512415
6.28,6.26,6.26,6.89,44447.0,False,False,003037.SZ,2026-06-15,0.0,-0.0031847133757962887
28.26,26.36,26.39,29.0,362245.79,False,False,600066.SH,2026-06-16,0.0011380880121396597,-0.0661712668082095
16.96,16.91,16.89,20.29,78906.72,False,False,300685.SZ,2026-06-16,-0.0011827321111768097,-0.004127358490566002
26.39,27.14,27.26,29.85,320423.52,False,False,600066.SH,2026-06-17,0.00442151805453217,0.03296703296703307
14.36,13.85,13.82,15.24,34622.18,False,False,603677.SH,2026-06-17,-0.0021660649819493782,-0.03760445682451252
10.15,9.7,9.67,10.67,80428.45,False,False,003000.SZ,2026-06-18,-0.003092783505154628,-0.0472906403940887
10.01,9.8,9.71,10.78,92009.11,False,False,002053.SZ,2026-06-18,-0.009183673469387754,-0.029970029970029843
15.01,14.2,14.15,15.62,43925.5,False,False,603586.SH,2026-06-22,-0.0035211267605632646,-0.057295136575616246
46.21,46.21,48.74,50.83,1557988.52,True,False,600353.SH,2026-06-22,0.0547500541008441,0.0547500541008441
30.31,29.34,29.11,32.27,501757.53,False,False,600938.SH,2026-06-23,-0.007839127471029328,-0.03959089409435823
21.66,21.66,23.83,23.83,23203.03,True,True,002674.SZ,2026-06-23,0.10018467220683269,0.10018467220683269
53.39,52.19,51.9,57.41,80971.5,False,False,600600.SH,2026-06-24,-0.005556620042153626,-0.027907847911593953
17.56,17.0,16.81,18.7,46203.8,False,False,001382.SZ,2026-06-24,-0.011176470588235343,-0.04271070615034167
10.4,10.09,9.98,11.1,64101.0,False,False,002695.SZ,2026-06-25,-0.01090188305252715,-0.04038461538461535
26.21,26.21,28.83,28.83,75306.69,True,True,002674.SZ,2026-06-25,0.099961846623426,0.099961846623426
9.98,9.99,9.99,10.99,85064.0,False,False,002695.SZ,2026-06-26,0.0,0.0010020040080160886
20.9,20.7,20.85,22.77,534037.91,False,False,601225.SH,2026-06-26,0.007246376811594235,-0.0023923444976075015
19.64,19.35,19.39,21.29,16634.0,False,False,001319.SZ,2026-06-29,0.002067183462532318,-0.012729124236252498
8.61,8.56,8.56,9.42,102676.21,False,False,603809.SH,2026-06-29,0.0,-0.00580720092915199
15.57,15.36,15.36,16.9,40811.81,False,False,001230.SZ,2026-06-30,0.0,-0.013487475915221592
10.4,10.37,10.37,11.41,43358.0,False,False,002973.SZ,2026-06-30,0.0,-0.0028846153846154854
7.15,7.05,7.04,7.76,315884.67,False,False,600970.SH,2026-07-01,-0.0014184397163120588,-0.015384615384615441
5.54,5.66,5.79,6.23,100480.09,False,False,603060.SH,2026-07-01,0.0229681978798586,0.045126353790613694
8.96,8.94,9.02,9.83,181907.2,False,False,002416.SZ,2026-07-02,0.008948545861297452,0.006696428571428381
14.3,14.17,14.18,17.0,161536.11,False,False,300035.SZ,2026-07-02,0.0007057163020465218,-0.008391608391608463
37.5,37.65,38.0,45.18,484497.3,False,False,300458.SZ,2026-07-03,0.009296148738379806,0.01333333333333342
150.84,163.32,177.0,179.65,242284.49,True,False,001270.SZ,2026-07-03,0.08376193975018364,0.17342879872712813
1136.54,1098.92,1098.0,1318.7,292864.43,False,False,300308.SZ,2026-07-06,-0.0008371856004076861,-0.03390993717774993
60.6,59.37,59.44,71.24,418586.28,False,False,300014.SZ,2026-07-06,0.001179046656560656,-0.019141914191419196
20.35,19.67,19.8,23.6,166386.3,False,False,300468.SZ,2026-07-07,0.0066090493136756745,-0.027027027027027084
13.32,12.65,12.66,15.18,34869.27,False,False,300826.SZ,2026-07-07,0.0007905138339920903,-0.0495495495495496
32.76,31.91,31.91,38.29,8396.0,False,False,301233.SZ,2026-07-08,0.0,-0.025946275946275854
10.94,10.47,10.43,11.52,234708.03,False,False,002324.SZ,2026-07-08,-0.003820439350525451,-0.046617915904936025
17.33,16.64,16.65,18.3,21835.09,False,False,603097.SH,2026-07-09,0.0006009615384614531,-0.03923831506058861
31.91,31.71,31.52,38.05,12939.8,False,False,301233.SZ,2026-07-09,-0.0059918006937874635,-0.012221874020683199
75.99,74.71,74.23,82.18,678675.09,False,False,000657.SZ,2026-07-10,-0.006424842725203939,-0.02316094222924059
39.5,38.36,38.18,46.03,10019.71,False,False,301581.SZ,2026-07-10,-0.004692387904066675,-0.033417721518987364
12.4,11.22,11.02,12.34,57603.0,False,False,603006.SH,2026-07-13,-0.01782531194295911,-0.1112903225806452
16.81,15.88,15.86,17.47,17516.0,False,False,603097.SH,2026-07-13,-0.0012594458438287548,-0.05651397977394401
11.02,11.15,11.04,12.27,47796.9,False,False,603006.SH,2026-07-14,-0.009865470852018055,0.001814882032667775
33.75,33.75,37.13,37.13,1040.96,True,True,603580.SH,2026-07-14,0.10014814814814832,0.10014814814814832
37.13,37.13,40.84,40.84,1474.0,True,True,603580.SH,2026-07-15,0.09991920280096966,0.09991920280096966
11.04,10.9,10.91,11.99,61473.1,False,False,603006.SH,2026-07-15,0.0009174311926605228,-0.011775362318840465
40.84,40.84,44.92,44.92,2736.0,True,True,603580.SH,2026-07-16,0.09990205680705189,0.09990205680705189
10.91,11.03,11.09,12.13,49800.0,False,False,603006.SH,2026-07-16,0.005439709882139709,0.016498625114573784
44.92,44.92,49.41,49.41,209293.43,True,True,603580.SH,2026-07-17,0.09995547640249325,0.09995547640249325
11.09,10.44,10.5,11.48,58629.0,False,False,603006.SH,2026-07-17,0.005747126436781658,-0.053201082055906235
23.41,21.51,21.56,23.66,38237.01,False,False,001256.SZ,2026-07-20,0.0023245002324499,-0.0790260572404956
21.09,20.06,20.16,22.07,19180.4,False,False,001358.SZ,2026-07-20,0.004985044865403854,-0.04409672830725464
21.56,21.93,21.6,24.12,20020.0,False,False,001256.SZ,2026-07-21,-0.015047879616962967,0.0018552875695734272
20.16,20.14,20.04,22.15,14715.44,False,False,001358.SZ,2026-07-21,-0.0049652432969216065,-0.005952380952381042
12.57,12.54,12.36,13.79,36090.0,False,False,600768.SH,2026-07-22,-0.014354066985645897,-0.01670644391408116
7.25,7.04,6.97,8.45,87459.0,False,False,300154.SZ,2026-07-22,-0.009943181818181879,-0.0386206896551724
48.96,48.96,58.75,58.75,8743.8,True,True,301234.SZ,2026-07-23,0.19995915032679745,0.19995915032679745
18.9,19.85,19.77,23.82,10165.53,False,False,301212.SZ,2026-07-23,-0.004030226700251993,0.04603174603174609
17.36,16.65,16.7,,24060.0,False,False,001319.SZ,2026-07-24,0.0030030030030030463,-0.03801843317972353
45.9,45.62,45.6,,267827.3,False,False,601689.SH,2026-07-24,-0.0004384042086803541,-0.006535947712418277
11.88,12.12,11.97,13.33,71219.93,False,False,002845.SZ,2026-07-27,-0.012376237623762276,0.007575757575757569
34.56,36.08,35.5,43.3,7617.36,False,False,301314.SZ,2026-07-27,-0.016075388026607462,0.02719907407407396
11.97,12.03,12.05,13.23,98943.23,False,False,002845.SZ,2026-07-28,0.0016625103906899863,0.006683375104427736
16.07,16.15,16.15,17.77,31977.94,False,False,001378.SZ,2026-07-28,0.0,0.004978220286247614
16.15,16.36,16.3,18.0,38052.7,False,False,001378.SZ,2026-07-29,-0.003667481662591565,0.009287925696594534
12.05,12.23,12.08,13.45,96609.46,False,False,002845.SZ,2026-07-29,-0.0122649223221587,0.0024896265560165887
31.45,31.45,34.6,34.6,220277.78,True,True,002827.SZ,2026-07-30,0.10015898251192379,0.10015898251192379
14.07,13.38,13.61,14.72,93214.18,False,False,002350.SZ,2026-07-30,0.01718983557548559,-0.03269367448471927
17.27,17.68,17.87,21.22,16197.78,False,False,301107.SZ,2026-08-03,0.01074660633484159,0.03474232773595842
25.33,25.27,25.32,27.8,18263.32,False,False,603255.SH,2026-08-03,0.0019786307874951614,-0.00039478878799836803
80.75,82.8,82.39,91.08,102813.96,False,False,603290.SH,2026-08-04,-0.004951690821256016,0.020309597523219924
17.87,18.22,18.06,21.86,14339.12,False,False,301107.SZ,2026-08-04,-0.008781558726673966,0.010632344711807296
10.92,10.82,10.8,11.9,32540.4,False,False,002818.SZ,2026-08-05,-0.001848428835489746,-0.01098901098901095
120.05,130.39,128.0,156.47,27165.23,False,False,301369.SZ,2026-08-05,-0.01832962650509995,0.06622240733027907
10.8,10.82,10.83,11.9,29941.0,False,False,002818.SZ,2026-08-06,0.0009242144177448175,0.002777777777777768
363.0,385.0,384.0,423.5,747518.09,False,False,603986.SH,2026-08-06,-0.0025974025974025983,0.05785123966942152
9.51,9.39,9.39,10.33,26044.0,False,False,600679.SH,2026-08-07,0.0,-0.012618296529968376
32.3,32.81,33.14,39.37,8754.2,False,False,301203.SZ,2026-08-07,0.010057909174032265,0.026006191950464608
11.59,11.59,12.75,12.75,668309.58,True,True,600721.SH,2026-08-10,0.10008628127696295,0.10008628127696295
56.5,56.03,56.11,61.63,199395.83,False,False,601127.SH,2026-08-10,0.0014278065322148592,-0.006902654867256608
86.5,87.13,87.11,95.84,43695.38,False,False,603290.SH,2026-08-11,-0.00022954206358305473,0.0070520231213873075
8.88,8.78,8.76,9.66,35726.06,False,False,001338.SZ,2026-08-11,-0.002277904328018221,-0.013513513513513598
11.7,11.67,11.69,12.84,27647.64,False,False,603070.SH,2026-08-12,0.0017137960582689349,-0.0008547008547008517
30.99,30.99,34.09,34.09,22778.0,True,True,605286.SH,2026-08-12,0.10003226847370139,0.10003226847370139
8.83,8.78,8.65,9.66,76645.0,False,False,605166.SH,2026-08-13,-0.01480637813211838,-0.020385050962627327
34.09,34.09,35.79,37.5,186147.02,True,False,605286.SH,2026-08-13,0.04986799647990603,0.04986799647990603
67.36,67.36,,,,True,False,300684.SZ,2026-08-14,,
8.65,8.42,,,,False,False,605166.SH,2026-08-14,,
