run_id,date,code,volume,available_volume,cost_price,last_price,unrealized_pnl,holding_days
20260816_122435_863625,2019-01-03,300087.SZ,1300,0,90.561884,87.04176,-4576.1612,1
20260816_122435_863625,2019-01-03,603663.SH,7000,0,17.724743,17.8947,1189.699,1
20260816_122435_863625,2019-01-03,002155.SZ,5900,0,20.962125,21.97608,5982.3345,1
20260816_122435_863625,2019-01-04,300087.SZ,1300,1300,90.561884,95.7216,6707.6308,2
20260816_122435_863625,2019-01-04,603663.SH,7000,7000,17.724743,17.9958,1897.399,2
20260816_122435_863625,2019-01-04,002155.SZ,5900,5900,20.962125,21.8694,5352.9225,2
20260816_122435_863625,2019-01-07,300087.SZ,1300,1300,90.561884,98.1552,9871.3108,3
20260816_122435_863625,2019-01-07,603663.SH,7000,7000,17.724743,19.43142,11946.739,3
20260816_122435_863625,2019-01-07,002155.SZ,5900,5900,20.962125,21.78939,4880.8635,3
20260816_122435_863625,2019-01-07,601989.SH,16600,0,7.612146,7.78766,2913.5324,1
20260816_122435_863625,2019-01-07,600863.SH,3100,0,40.536798,40.48618,-156.9158,1
20260816_122435_863625,2019-01-07,600820.SH,1000,0,117.051962,119.91701,2865.048,1
20260816_122435_863625,2019-01-07,603665.SH,4600,0,27.178988,28.15005,4466.8852,1
20260816_122435_863625,2019-01-07,300610.SZ,6100,0,20.555508,20.18162,-2280.7168,1
20260816_122435_863625,2019-01-08,300087.SZ,1300,1300,90.561884,97.26288,8711.2948,4
20260816_122435_863625,2019-01-08,603663.SH,7000,7000,17.724743,19.08768,9540.559,4
20260816_122435_863625,2019-01-08,002155.SZ,5900,5900,20.962125,20.82927,-783.8445,4
20260816_122435_863625,2019-01-08,601989.SH,16600,16600,7.612146,7.61946,121.4124,2
20260816_122435_863625,2019-01-08,600863.SH,3100,3100,40.536798,40.65629,370.4252,2
20260816_122435_863625,2019-01-08,600820.SH,1000,1000,117.051962,118.6771,1625.138,2
20260816_122435_863625,2019-01-08,603665.SH,4600,4600,27.178988,28.341,5345.2552,2
20260816_122435_863625,2019-01-08,300610.SZ,6100,6100,20.555508,19.8334,-4404.8588,2
20260816_122435_863625,2019-01-09,300087.SZ,1300,1300,90.561884,98.5608,10398.5908,5
20260816_122435_863625,2019-01-09,603663.SH,7000,7000,17.724743,19.21911,10460.569,5
20260816_122435_863625,2019-01-09,002155.SZ,5900,5900,20.962125,21.12264,947.0385,5
20260816_122435_863625,2019-01-09,601989.SH,16600,16600,7.612146,7.51854,-1553.8596,3
20260816_122435_863625,2019-01-09,600863.SH,3100,3100,40.536798,40.31607,-684.2568,3
20260816_122435_863625,2019-01-09,600820.SH,1000,1000,117.051962,118.14571,1093.748,3
20260816_122435_863625,2019-01-09,603665.SH,4600,4600,27.178988,28.542,6269.8552,3
20260816_122435_863625,2019-01-09,300610.SZ,6100,6100,20.555508,19.59116,-5882.5228,3
20260816_122435_863625,2019-01-10,300087.SZ,1300,1300,90.561884,88.74528,-2361.5852,6
20260816_122435_863625,2019-01-10,603663.SH,7000,7000,17.724743,19.58307,13008.289,6
20260816_122435_863625,2019-01-10,002155.SZ,5900,5900,20.962125,21.54936,3464.6865,6
20260816_122435_863625,2019-01-10,601989.SH,16600,16600,7.612146,7.4849,-2112.2836,4
20260816_122435_863625,2019-01-10,600863.SH,3100,3100,40.536798,40.14596,-1211.5978,4
20260816_122435_863625,2019-01-10,600820.SH,1000,1000,117.051962,119.03136,1979.398,4
20260816_122435_863625,2019-01-10,603665.SH,4600,4600,27.178988,27.738,2571.4552,4
20260816_122435_863625,2019-01-10,300610.SZ,6100,6100,20.555508,19.56088,-6067.2308,4
20260816_122435_863625,2019-01-11,300087.SZ,1300,1300,90.561884,79.9032,-13856.2892,7
20260816_122435_863625,2019-01-11,603663.SH,7000,7000,17.724743,19.6134,13220.599,7
20260816_122435_863625,2019-01-11,002155.SZ,5900,5900,20.962125,21.30933,2048.5095,7
20260816_122435_863625,2019-01-11,601989.SH,16600,16600,7.612146,7.53536,-1274.6476,5
20260816_122435_863625,2019-01-11,600863.SH,3100,3100,40.536798,40.65629,370.4252,5
20260816_122435_863625,2019-01-11,600820.SH,1000,1000,117.051962,119.56275,2510.788,5
20260816_122435_863625,2019-01-11,603665.SH,4600,4600,27.178988,27.8787,3218.6752,5
20260816_122435_863625,2019-01-11,300610.SZ,6100,6100,20.555508,19.34892,-7360.1868,5
20260816_122435_863625,2019-01-14,300087.SZ,1300,1300,90.561884,76.6584,-18074.5292,8
20260816_122435_863625,2019-01-14,603663.SH,7000,7000,17.724743,19.8156,14635.999,8
20260816_122435_863625,2019-01-14,002155.SZ,5900,5900,20.962125,21.17598,1261.7445,8
20260816_122435_863625,2019-01-14,601989.SH,16600,16600,7.612146,7.58582,-437.0116,6
20260816_122435_863625,2019-01-14,600863.SH,3100,3100,40.536798,40.8264,897.7662,6
20260816_122435_863625,2019-01-14,600820.SH,1000,1000,117.051962,118.6771,1625.138,6
20260816_122435_863625,2019-01-14,603665.SH,4600,4600,27.178988,27.7782,2756.3752,6
20260816_122435_863625,2019-01-14,300610.SZ,6100,6100,20.555508,19.33378,-7452.5408,6
20260816_122435_863625,2019-01-15,603663.SH,7000,7000,17.724743,19.83582,14777.539,9
20260816_122435_863625,2019-01-15,002155.SZ,5900,5900,20.962125,21.01596,317.6265,9
20260816_122435_863625,2019-01-15,601989.SH,16600,16600,7.612146,7.569,-716.2236,7
20260816_122435_863625,2019-01-15,600863.SH,3100,3100,40.536798,40.14596,-1211.5978,7
20260816_122435_863625,2019-01-15,600820.SH,1000,1000,117.051962,120.27127,3219.308,7
20260816_122435_863625,2019-01-15,603665.SH,4600,4600,27.178988,29.145,9043.6552,7
20260816_122435_863625,2019-01-15,300610.SZ,6100,6100,20.555508,19.77284,-4774.2748,7
20260816_122435_863625,2019-01-16,603663.SH,7000,7000,17.724743,19.55274,12795.979,10
20260816_122435_863625,2019-01-16,002155.SZ,5900,5900,20.962125,20.77593,-1098.5505,10
20260816_122435_863625,2019-01-16,601989.SH,16600,16600,7.612146,7.36716,-4066.7676,8
20260816_122435_863625,2019-01-16,600863.SH,3100,3100,40.536798,39.80574,-2266.2798,8
20260816_122435_863625,2019-01-16,600820.SH,1000,1000,117.051962,119.91701,2865.048,8
20260816_122435_863625,2019-01-16,603665.SH,4600,4600,27.178988,29.61735,11216.4652,8
20260816_122435_863625,2019-01-16,300610.SZ,6100,6100,20.555508,19.18238,-8376.0808,8
20260816_122435_863625,2019-01-16,002838.SZ,1900,0,57.376446,57.7584,725.7126,1
20260816_122435_863625,2019-01-17,603663.SH,7000,7000,17.724743,19.49208,12371.359,11
20260816_122435_863625,2019-01-17,002155.SZ,5900,5900,20.962125,20.93595,-154.4325,11
20260816_122435_863625,2019-01-17,601989.SH,16600,16600,7.612146,7.38398,-3787.5556,9
20260816_122435_863625,2019-01-17,600863.SH,3100,3100,40.536798,39.63563,-2793.6208,9
20260816_122435_863625,2019-01-17,600820.SH,1000,1000,117.051962,117.61432,562.358,9
20260816_122435_863625,2019-01-17,603665.SH,4600,4600,27.178988,29.33595,9922.0252,9
20260816_122435_863625,2019-01-17,300610.SZ,6100,6100,20.555508,18.8493,-10407.8688,9
20260816_122435_863625,2019-01-17,002838.SZ,1900,1900,57.376446,57.0024,-710.6874,2
20260816_122435_863625,2019-01-18,603663.SH,7000,7000,17.724743,19.70439,13857.529,12
20260816_122435_863625,2019-01-18,002155.SZ,5900,5900,20.962125,20.69592,-1570.6095,12
20260816_122435_863625,2019-01-18,601989.SH,16600,16600,7.612146,7.46808,-2391.4956,10
20260816_122435_863625,2019-01-18,600863.SH,3100,3100,40.536798,39.97585,-1738.9388,10
20260816_122435_863625,2019-01-18,600820.SH,1000,1000,117.051962,120.27127,3219.308,10
20260816_122435_863625,2019-01-18,603665.SH,4600,4600,27.178988,29.33595,9922.0252,10
20260816_122435_863625,2019-01-18,300610.SZ,6100,6100,20.555508,19.19752,-8283.7268,10
20260816_122435_863625,2019-01-18,002838.SZ,1900,1900,57.376446,57.48624,208.6086,3
20260816_122435_863625,2019-01-21,603663.SH,7000,7000,17.724743,19.3101,11097.499,13
20260816_122435_863625,2019-01-21,002155.SZ,5900,5900,20.962125,20.66925,-1727.9625,13
20260816_122435_863625,2019-01-21,601989.SH,16600,16600,7.612146,7.41762,-3229.1316,11
20260816_122435_863625,2019-01-21,600863.SH,3100,3100,40.536798,39.80574,-2266.2798,11
20260816_122435_863625,2019-01-21,600820.SH,1000,1000,117.051962,119.03136,1979.398,11
20260816_122435_863625,2019-01-21,603665.SH,4600,4600,27.178988,29.145,9043.6552,11
20260816_122435_863625,2019-01-21,300610.SZ,6100,6100,20.555508,19.47004,-6621.3548,11
20260816_122435_863625,2019-01-21,002838.SZ,1900,1900,57.376446,57.54672,323.5206,4
20260816_122435_863625,2019-01-22,603663.SH,7000,7000,17.724743,19.44153,12017.509,14
20260816_122435_863625,2019-01-22,002155.SZ,5900,5900,20.962125,20.77593,-1098.5505,14
20260816_122435_863625,2019-01-22,601989.SH,16600,16600,7.612146,7.41762,-3229.1316,12
20260816_122435_863625,2019-01-22,600863.SH,3100,3100,40.536798,39.29541,-3848.3028,12
20260816_122435_863625,2019-01-22,600820.SH,1000,1000,117.051962,115.48876,-1563.202,12
20260816_122435_863625,2019-01-22,603665.SH,4600,4600,27.178988,28.6425,6732.1552,12
20260816_122435_863625,2019-01-22,300610.SZ,6100,6100,20.555508,19.42462,-6898.4168,12
20260816_122435_863625,2019-01-22,002838.SZ,1900,1900,57.376446,57.09312,-538.3194,5
20260816_122435_863625,2019-01-23,603663.SH,7000,7000,17.724743,19.63362,13362.139,15
20260816_122435_863625,2019-01-23,002155.SZ,5900,5900,20.962125,20.69592,-1570.6095,15
20260816_122435_863625,2019-01-23,601989.SH,16600,16600,7.612146,7.38398,-3787.5556,13
20260816_122435_863625,2019-01-23,600863.SH,3100,3100,40.536798,40.14596,-1211.5978,13
20260816_122435_863625,2019-01-23,600820.SH,1000,1000,117.051962,116.19728,-854.682,13
20260816_122435_863625,2019-01-23,603665.SH,4600,4600,27.178988,28.743,7194.4552,13
20260816_122435_863625,2019-01-23,300610.SZ,6100,6100,20.555508,19.7577,-4866.6288,13
20260816_122435_863625,2019-01-23,002838.SZ,1900,1900,57.376446,57.84912,898.0806,6
20260816_122435_863625,2019-01-24,603663.SH,7000,7000,17.724743,19.50219,12442.129,16
20260816_122435_863625,2019-01-24,002155.SZ,5900,5900,20.962125,20.48256,-2829.4335,16
20260816_122435_863625,2019-01-24,601989.SH,16600,16600,7.612146,7.45126,-2670.7076,14
20260816_122435_863625,2019-01-24,600863.SH,3100,3100,40.536798,39.63563,-2793.6208,14
20260816_122435_863625,2019-01-24,600820.SH,1000,1000,117.051962,117.43719,385.228,14
20260816_122435_863625,2019-01-24,603665.SH,4600,4600,27.178988,30.03945,13158.1252,14
20260816_122435_863625,2019-01-24,300610.SZ,6100,6100,20.555508,19.66686,-5420.7528,14
20260816_122435_863625,2019-01-24,002838.SZ,1900,1900,57.376446,57.9096,1012.9926,7
20260816_122435_863625,2019-01-25,603663.SH,7000,7000,17.724743,19.13823,9894.409,17
20260816_122435_863625,2019-01-25,002155.SZ,5900,5900,20.962125,20.58924,-2200.0215,17
20260816_122435_863625,2019-01-25,601989.SH,16600,16600,7.612146,7.41762,-3229.1316,15
20260816_122435_863625,2019-01-25,600863.SH,3100,3100,40.536798,39.1253,-4375.6438,15
20260816_122435_863625,2019-01-25,600820.SH,1000,1000,117.051962,116.72867,-323.292,15
20260816_122435_863625,2019-01-25,603665.SH,4600,4600,27.178988,29.949,12742.0552,15
20260816_122435_863625,2019-01-25,300610.SZ,6100,6100,20.555508,19.21266,-8191.3728,15
20260816_122435_863625,2019-01-25,002838.SZ,1900,1900,57.376446,58.63536,2391.9366,8
20260816_122435_863625,2019-01-28,603663.SH,7000,7000,17.724743,19.07757,9469.789,18
20260816_122435_863625,2019-01-28,002155.SZ,5900,5900,20.962125,21.28266,1891.1565,18
20260816_122435_863625,2019-01-28,601989.SH,16600,16600,7.612146,7.4008,-3508.3436,16
20260816_122435_863625,2019-01-28,600863.SH,3100,3100,40.536798,39.46552,-3320.9618,16
20260816_122435_863625,2019-01-28,600820.SH,1000,1000,117.051962,117.26006,208.098,16
20260816_122435_863625,2019-01-28,603665.SH,4600,4600,27.178988,29.65755,11401.3852,16
20260816_122435_863625,2019-01-28,300610.SZ,6100,6100,20.555508,18.98556,-9576.6828,16
20260816_122435_863625,2019-01-28,002838.SZ,1900,1900,57.376446,59.93568,4862.5446,9
20260816_122435_863625,2019-01-29,603663.SH,7000,7000,17.724743,19.14834,9965.179,19
20260816_122435_863625,2019-01-29,002155.SZ,5900,5900,20.962125,21.25599,1733.8035,19
20260816_122435_863625,2019-01-29,601989.SH,16600,16600,7.612146,7.29988,-5183.6156,17
20260816_122435_863625,2019-01-29,600863.SH,3100,3100,40.536798,39.80574,-2266.2798,17
20260816_122435_863625,2019-01-29,600820.SH,1000,1000,117.051962,116.72867,-323.292,17
20260816_122435_863625,2019-01-29,603665.SH,4600,4600,27.178988,29.6274,11262.6952,17
20260816_122435_863625,2019-01-29,300610.SZ,6100,6100,20.555508,19.03098,-9299.6208,17
20260816_122435_863625,2019-01-29,002838.SZ,1900,1900,57.376446,58.33296,1817.3766,10
20260816_122435_863625,2019-01-30,603663.SH,7000,7000,17.724743,18.88548,8125.159,20
20260816_122435_863625,2019-01-30,002155.SZ,5900,5900,20.962125,21.44268,2835.2745,20
20260816_122435_863625,2019-01-30,601989.SH,16600,16600,7.612146,7.28306,-5462.8276,18
20260816_122435_863625,2019-01-30,600863.SH,3100,3100,40.536798,39.46552,-3320.9618,18
20260816_122435_863625,2019-01-30,600820.SH,1000,1000,117.051962,114.24885,-2803.112,18
20260816_122435_863625,2019-01-30,603665.SH,4600,4600,27.178988,28.4616,5900.0152,18
20260816_122435_863625,2019-01-30,300610.SZ,6100,6100,20.555508,19.09154,-8930.2048,18
20260816_122435_863625,2019-01-30,002838.SZ,1900,1900,57.376446,57.87936,955.5366,11
20260816_122435_863625,2019-01-31,603663.SH,7000,7000,17.724743,19.1079,9682.099,21
20260816_122435_863625,2019-01-31,002155.SZ,5900,5900,20.962125,20.2692,-4088.2575,21
20260816_122435_863625,2019-01-31,601989.SH,16600,16600,7.612146,7.2326,-6300.4636,19
20260816_122435_863625,2019-01-31,600863.SH,3100,3100,40.536798,39.63563,-2793.6208,19
20260816_122435_863625,2019-01-31,600820.SH,1000,1000,117.051962,114.07172,-2980.242,19
20260816_122435_863625,2019-01-31,603665.SH,4600,4600,27.178988,27.4164,1092.0952,19
20260816_122435_863625,2019-01-31,300610.SZ,6100,6100,20.555508,17.83492,-16595.5868,19
20260816_122435_863625,2019-01-31,002838.SZ,1900,1900,57.376446,57.33504,-78.6714,12
20260816_122435_863625,2019-02-01,603663.SH,7000,7000,17.724743,18.2991,4020.499,22
20260816_122435_863625,2019-02-01,002155.SZ,5900,5900,20.962125,20.72259,-1413.2565,22
20260816_122435_863625,2019-02-01,601989.SH,16600,16600,7.612146,7.35034,-4345.9796,20
20260816_122435_863625,2019-02-01,600863.SH,3100,3100,40.536798,40.31607,-684.2568,20
20260816_122435_863625,2019-02-01,600820.SH,1000,1000,117.051962,118.32284,1270.878,20
20260816_122435_863625,2019-02-01,603665.SH,4600,4600,27.178988,24.67275,-11528.6948,20
20260816_122435_863625,2019-02-01,002838.SZ,1900,1900,57.376446,59.05872,3196.3206,13
20260816_122435_863625,2019-02-11,603663.SH,7000,7000,17.724743,18.07668,2463.559,23
20260816_122435_863625,2019-02-11,002155.SZ,5900,5900,20.962125,20.77593,-1098.5505,23
20260816_122435_863625,2019-02-11,601989.SH,16600,16600,7.612146,7.41762,-3229.1316,21
20260816_122435_863625,2019-02-11,600863.SH,3100,3100,40.536798,41.33673,2479.7892,21
20260816_122435_863625,2019-02-11,600820.SH,1000,1000,117.051962,119.73988,2687.918,21
20260816_122435_863625,2019-02-11,603665.SH,4600,4600,27.178988,22.2105,-22855.0448,21
20260816_122435_863625,2019-02-11,002838.SZ,1900,1900,57.376446,58.63536,2391.9366,14
20260816_122435_863625,2019-02-11,600750.SH,600,0,178.472136,178.9672,297.0384,1
20260816_122435_863625,2019-02-12,603663.SH,7000,7000,17.724743,18.48108,5294.359,24
20260816_122435_863625,2019-02-12,002155.SZ,5900,5900,20.962125,21.36267,2363.2155,24
20260816_122435_863625,2019-02-12,601989.SH,16600,16600,7.612146,7.4849,-2112.2836,22
20260816_122435_863625,2019-02-12,600863.SH,3100,3100,40.536798,40.8264,897.7662,22
20260816_122435_863625,2019-02-12,600820.SH,1000,1000,117.051962,124.34526,7293.298,22
20260816_122435_863625,2019-02-12,002838.SZ,1900,1900,57.376446,59.45184,3943.2486,15
20260816_122435_863625,2019-02-12,600750.SH,600,600,178.472136,179.06976,358.5744,2
20260816_122435_863625,2019-02-13,603663.SH,7000,7000,17.724743,18.64284,6426.679,25
20260816_122435_863625,2019-02-13,002155.SZ,5900,5900,20.962125,21.76272,4723.5105,25
20260816_122435_863625,2019-02-13,601989.SH,16600,16600,7.612146,7.63628,400.6244,23
20260816_122435_863625,2019-02-13,600863.SH,3100,3100,40.536798,41.33673,2479.7892,23
20260816_122435_863625,2019-02-13,600820.SH,1000,1000,117.051962,124.34526,7293.298,23
20260816_122435_863625,2019-02-13,002838.SZ,1900,1900,57.376446,60.87312,6643.6806,16
20260816_122435_863625,2019-02-13,600750.SH,600,600,178.472136,179.17232,420.1104,3
20260816_122435_863625,2019-02-13,002142.SZ,2800,0,36.30207,36.35779,156.016,1
20260816_122435_863625,2019-02-14,603663.SH,7000,7000,17.724743,18.51141,5506.669,26
20260816_122435_863625,2019-02-14,002155.SZ,5900,5900,20.962125,21.54936,3464.6865,26
20260816_122435_863625,2019-02-14,601989.SH,16600,16600,7.612146,7.7372,2075.8964,24
20260816_122435_863625,2019-02-14,600863.SH,3100,3100,40.536798,43.03783,7753.1992,24
20260816_122435_863625,2019-02-14,600820.SH,1000,1000,117.051962,124.52239,7470.428,24
20260816_122435_863625,2019-02-14,002838.SZ,1900,1900,57.376446,61.0848,7045.8726,17
20260816_122435_863625,2019-02-14,600750.SH,600,600,178.472136,178.65952,112.4304,4
20260816_122435_863625,2019-02-14,002142.SZ,2800,2800,36.30207,36.15569,-409.864,2
20260816_122435_863625,2019-02-15,603663.SH,7000,7000,17.724743,18.56196,5860.519,27
20260816_122435_863625,2019-02-15,002155.SZ,5900,5900,20.962125,21.76272,4723.5105,27
20260816_122435_863625,2019-02-15,601989.SH,16600,16600,7.612146,7.63628,400.6244,25
20260816_122435_863625,2019-02-15,600863.SH,3100,3100,40.536798,45.75959,16190.6552,25
20260816_122435_863625,2019-02-15,600820.SH,1000,1000,117.051962,122.57396,5521.998,25
20260816_122435_863625,2019-02-15,002838.SZ,1900,1900,57.376446,60.81264,6528.7686,18
20260816_122435_863625,2019-02-15,600750.SH,600,600,178.472136,178.65952,112.4304,5
20260816_122435_863625,2019-02-15,002142.SZ,2800,2800,36.30207,35.58981,-1994.328,3
20260816_122435_863625,2019-02-18,603663.SH,7000,7000,17.724743,19.43142,11946.739,28
20260816_122435_863625,2019-02-18,002155.SZ,5900,5900,20.962125,22.08276,6611.7465,28
20260816_122435_863625,2019-02-18,601989.SH,16600,16600,7.612146,7.80448,3192.7444,26
20260816_122435_863625,2019-02-18,600863.SH,3100,3100,40.536798,46.44003,18300.0192,26
20260816_122435_863625,2019-02-18,600820.SH,1000,1000,117.051962,124.52239,7470.428,26
20260816_122435_863625,2019-02-18,002838.SZ,1900,1900,57.376446,61.59888,8022.6246,19
20260816_122435_863625,2019-02-18,600750.SH,600,600,178.472136,182.044,2143.1184,6
20260816_122435_863625,2019-02-18,002142.SZ,2800,2800,36.30207,36.74178,1231.188,4
20260816_122435_863625,2019-02-19,603663.SH,7000,7000,17.724743,19.209,10389.799,29
20260816_122435_863625,2019-02-19,002155.SZ,5900,5900,20.962125,22.16277,7083.8055,29
20260816_122435_863625,2019-02-19,601989.SH,16600,16600,7.612146,7.9054,4868.0164,27
20260816_122435_863625,2019-02-19,600863.SH,3100,3100,40.536798,45.75959,16190.6552,27
20260816_122435_863625,2019-02-19,600820.SH,1000,1000,117.051962,122.92822,5876.258,27
20260816_122435_863625,2019-02-19,002838.SZ,1900,1900,57.376446,60.35904,5666.9286,20
20260816_122435_863625,2019-02-19,600750.SH,600,600,178.472136,179.9928,912.3984,7
20260816_122435_863625,2019-02-19,002142.SZ,2800,2800,36.30207,36.51947,608.72,5
20260816_122435_863625,2019-02-20,603663.SH,7000,7000,17.724743,18.73383,7063.609,30
20260816_122435_863625,2019-02-20,002155.SZ,5900,5900,20.962125,22.1361,6926.4525,30
20260816_122435_863625,2019-02-20,601989.SH,16600,16600,7.612146,8.05678,7380.9244,28
20260816_122435_863625,2019-02-20,600863.SH,3100,3100,40.536798,46.26992,17772.6782,28
20260816_122435_863625,2019-02-20,600820.SH,1000,1000,117.051962,122.92822,5876.258,28
20260816_122435_863625,2019-02-20,002838.SZ,1900,1900,57.376446,60.38928,5724.3846,21
20260816_122435_863625,2019-02-20,600750.SH,600,600,178.472136,181.5312,1835.4384,8
20260816_122435_863625,2019-02-20,002142.SZ,2800,2800,36.30207,36.64073,948.248,6
20260816_122435_863625,2019-02-21,603663.SH,7000,7000,17.724743,18.68328,6709.759,31
20260816_122435_863625,2019-02-21,002155.SZ,5900,5900,20.962125,22.56282,9444.1005,31
20260816_122435_863625,2019-02-21,601989.SH,16600,16600,7.612146,7.77084,2634.3204,29
20260816_122435_863625,2019-02-21,600863.SH,3100,3100,40.536798,45.9297,16717.9962,29
20260816_122435_863625,2019-02-21,600820.SH,1000,1000,117.051962,122.39683,5344.868,29
20260816_122435_863625,2019-02-21,002838.SZ,1900,1900,57.376446,60.69168,6298.9446,22
20260816_122435_863625,2019-02-21,600750.SH,600,600,178.472136,180.5056,1220.0784,9
20260816_122435_863625,2019-02-21,002142.SZ,2800,2800,36.30207,36.29716,-13.748,7
20260816_122435_863625,2019-02-22,603663.SH,7000,7000,17.724743,19.3101,11097.499,32
20260816_122435_863625,2019-02-22,002155.SZ,5900,5900,20.962125,22.21611,7398.5115,32
20260816_122435_863625,2019-02-22,601989.SH,16600,16600,7.612146,7.93904,5426.4404,30
20260816_122435_863625,2019-02-22,600863.SH,3100,3100,40.536798,46.44003,18300.0192,30
20260816_122435_863625,2019-02-22,600820.SH,1000,1000,117.051962,123.45961,6407.648,30
20260816_122435_863625,2019-02-22,002838.SZ,1900,1900,57.376446,60.3288,5609.4726,23
20260816_122435_863625,2019-02-22,600750.SH,600,600,178.472136,181.63376,1896.9744,10
20260816_122435_863625,2019-02-22,002142.SZ,2800,2800,36.30207,36.68115,1061.424,8
20260816_122435_863625,2019-02-25,603663.SH,7000,7000,17.724743,20.19978,17325.259,33
20260816_122435_863625,2019-02-25,002155.SZ,5900,5900,20.962125,23.01621,12119.1015,33
20260816_122435_863625,2019-02-25,601989.SH,16600,16600,7.612146,8.52774,15198.8604,31
20260816_122435_863625,2019-02-25,600863.SH,3100,3100,40.536798,49.3319,27264.8162,31
20260816_122435_863625,2019-02-25,600820.SH,1000,1000,117.051962,128.77351,11721.548,31
20260816_122435_863625,2019-02-25,002838.SZ,1900,1900,57.376446,61.26624,7390.6086,24
20260816_122435_863625,2019-02-25,600750.SH,600,600,178.472136,185.42848,4173.8064,11
20260816_122435_863625,2019-02-25,002142.SZ,2800,2800,36.30207,39.2074,8134.924,9
20260816_122435_863625,2019-02-26,603663.SH,7000,7000,17.724743,19.96725,15697.549,34
20260816_122435_863625,2019-02-26,002155.SZ,5900,5900,20.962125,22.72284,10388.2185,34
20260816_122435_863625,2019-02-26,601989.SH,16600,16600,7.612146,8.61184,16594.9204,32
20260816_122435_863625,2019-02-26,600863.SH,3100,3100,40.536798,49.67212,28319.4982,32
20260816_122435_863625,2019-02-26,600820.SH,1000,1000,117.051962,128.41925,11367.288,32
20260816_122435_863625,2019-02-26,002838.SZ,1900,1900,57.376446,62.02224,8827.0086,25
20260816_122435_863625,2019-02-26,600750.SH,600,600,178.472136,186.55664,4850.7024,12
20260816_122435_863625,2019-02-26,002142.SZ,2800,2800,36.30207,37.87354,4400.116,10
20260816_122435_863625,2019-02-27,603663.SH,7000,7000,17.724743,19.50219,12442.129,35
20260816_122435_863625,2019-02-27,002155.SZ,5900,5900,20.962125,22.48281,8972.0415,35
20260816_122435_863625,2019-02-27,601989.SH,16600,16600,7.612146,8.84732,20503.8884,33
20260816_122435_863625,2019-02-27,600863.SH,3100,3100,40.536798,49.3319,27264.8162,33
20260816_122435_863625,2019-02-27,600820.SH,1000,1000,117.051962,127.17934,10127.378,33
20260816_122435_863625,2019-02-27,002838.SZ,1900,1900,57.376446,60.72192,6356.4006,26
20260816_122435_863625,2019-02-27,600750.SH,600,600,178.472136,183.5824,3066.1584,13
20260816_122435_863625,2019-02-27,002142.SZ,2800,2800,36.30207,38.70215,6720.224,11
20260816_122435_863625,2019-02-28,603663.SH,7000,7000,17.724743,19.52241,12583.669,36
20260816_122435_863625,2019-02-28,002155.SZ,5900,5900,20.962125,22.34946,8185.2765,36
20260816_122435_863625,2019-02-28,601989.SH,16600,16600,7.612146,8.76322,19107.8284,34
20260816_122435_863625,2019-02-28,600863.SH,3100,3100,40.536798,50.35256,30428.8622,34
20260816_122435_863625,2019-02-28,600820.SH,1000,1000,117.051962,127.5336,10481.638,34
20260816_122435_863625,2019-02-28,002838.SZ,1900,1900,57.376446,62.2944,9344.1126,27
20260816_122435_863625,2019-02-28,600750.SH,600,600,178.472136,184.608,3681.5184,14
20260816_122435_863625,2019-02-28,002142.SZ,2800,2800,36.30207,39.0053,7569.044,12
20260816_122435_863625,2019-03-01,603663.SH,7000,7000,17.724743,19.73472,14069.839,37
20260816_122435_863625,2019-03-01,002155.SZ,5900,5900,20.962125,22.24278,7555.8645,37
20260816_122435_863625,2019-03-01,601989.SH,16600,16600,7.612146,8.96506,22458.3724,35
20260816_122435_863625,2019-03-01,600863.SH,3100,3100,40.536798,50.52267,30956.2032,35
20260816_122435_863625,2019-03-01,600820.SH,1000,1000,117.051962,127.88786,10835.898,35
20260816_122435_863625,2019-03-01,002838.SZ,1900,1900,57.376446,61.87104,8539.7286,28
20260816_122435_863625,2019-03-01,600750.SH,600,600,178.472136,184.608,3681.5184,15
20260816_122435_863625,2019-03-01,002142.SZ,2800,2800,36.30207,39.77328,9719.388,13
20260816_122435_863625,2019-03-04,603663.SH,7000,7000,17.724743,19.8156,14635.999,38
20260816_122435_863625,2019-03-04,002155.SZ,5900,5900,20.962125,22.69617,10230.8655,38
20260816_122435_863625,2019-03-04,601989.SH,16600,16600,7.612146,9.3351,28601.0364,36
20260816_122435_863625,2019-03-04,600863.SH,3100,3100,40.536798,51.20311,33065.5672,36
20260816_122435_863625,2019-03-04,600820.SH,1000,1000,117.051962,129.83629,12784.328,36
20260816_122435_863625,2019-03-04,002838.SZ,1900,1900,57.376446,64.50192,13538.4006,29
20260816_122435_863625,2019-03-04,600750.SH,600,600,178.472136,185.42848,4173.8064,16
20260816_122435_863625,2019-03-04,002142.SZ,2800,2800,36.30207,40.25832,11077.5,14
20260816_122435_863625,2019-03-05,603663.SH,7000,7000,17.724743,19.79538,14494.459,39
20260816_122435_863625,2019-03-05,002155.SZ,5900,5900,20.962125,22.42947,8657.3355,39
20260816_122435_863625,2019-03-05,601989.SH,16600,16600,7.612146,9.35192,28880.2484,37
20260816_122435_863625,2019-03-05,600863.SH,3100,3100,40.536798,51.71344,34647.5902,37
20260816_122435_863625,2019-03-05,600820.SH,1000,1000,117.051962,130.54481,13492.848,37
20260816_122435_863625,2019-03-05,002838.SZ,1900,1900,57.376446,63.68544,11987.0886,30
20260816_122435_863625,2019-03-05,600750.SH,600,600,178.472136,185.22336,4050.7344,17
20260816_122435_863625,2019-03-05,002142.SZ,2800,2800,36.30207,40.07643,10568.208,15
20260816_122435_863625,2019-03-06,603663.SH,7000,7000,17.724743,20.00769,15980.629,40
20260816_122435_863625,2019-03-06,002155.SZ,5900,5900,20.962125,23.38959,14322.0435,40
20260816_122435_863625,2019-03-06,601989.SH,16600,16600,7.612146,9.28464,27763.4004,38
20260816_122435_863625,2019-03-06,600863.SH,3100,3100,40.536798,53.07432,38866.3182,38
20260816_122435_863625,2019-03-06,600820.SH,1000,1000,117.051962,131.78472,14732.758,38
20260816_122435_863625,2019-03-06,002838.SZ,1900,1900,57.376446,62.8992,10493.2326,31
20260816_122435_863625,2019-03-06,600750.SH,600,600,178.472136,186.04384,4543.0224,18
20260816_122435_863625,2019-03-06,002142.SZ,2800,2800,36.30207,40.6221,12096.084,16
20260816_122435_863625,2019-03-07,603663.SH,7000,7000,17.724743,20.68506,20722.219,41
20260816_122435_863625,2019-03-07,002155.SZ,5900,5900,20.962125,23.36292,14164.6905,41
20260816_122435_863625,2019-03-07,601989.SH,16600,16600,7.612146,9.0828,24412.8564,39
20260816_122435_863625,2019-03-07,600863.SH,3100,3100,40.536798,52.56399,37284.2952,39
20260816_122435_863625,2019-03-07,600820.SH,1000,1000,117.051962,135.68158,18629.618,39
20260816_122435_863625,2019-03-07,002838.SZ,1900,1900,57.376446,64.01808,12619.1046,32
20260816_122435_863625,2019-03-07,600750.SH,600,600,178.472136,186.96688,5096.8464,19
20260816_122435_863625,2019-03-07,002142.SZ,2800,2800,36.30207,40.23811,11020.912,17
20260816_122435_863625,2019-03-08,603663.SH,7000,7000,17.724743,19.62351,13291.369,42
20260816_122435_863625,2019-03-08,002155.SZ,5900,5900,20.962125,22.50948,9129.3945,42
20260816_122435_863625,2019-03-08,601989.SH,16600,16600,7.612146,8.5782,16036.4964,40
20260816_122435_863625,2019-03-08,600863.SH,3100,3100,40.536798,49.50201,27792.1572,40
20260816_122435_863625,2019-03-08,600820.SH,1000,1000,117.051962,129.3049,12252.938,40
20260816_122435_863625,2019-03-08,002838.SZ,1900,1900,57.376446,62.38512,9516.4806,33
20260816_122435_863625,2019-03-08,600750.SH,600,600,178.472136,183.5824,3066.1584,20
20260816_122435_863625,2019-03-08,002142.SZ,2800,2800,36.30207,38.70215,6720.224,18
20260816_122435_863625,2019-03-11,603663.SH,7000,7000,17.724743,19.97736,15768.319,43
20260816_122435_863625,2019-03-11,002155.SZ,5900,5900,20.962125,22.58949,9601.4535,43
20260816_122435_863625,2019-03-11,601989.SH,16600,16600,7.612146,8.81368,19945.4644,41
20260816_122435_863625,2019-03-11,600863.SH,3100,3100,40.536798,50.01234,29374.1802,41
20260816_122435_863625,2019-03-11,600820.SH,1000,1000,117.051962,132.67037,15618.408,41
20260816_122435_863625,2019-03-11,002838.SZ,1900,1900,57.376446,64.1088,12791.4726,34
20260816_122435_863625,2019-03-11,600750.SH,600,600,178.472136,184.81312,3804.5904,21
20260816_122435_863625,2019-03-11,002142.SZ,2800,2800,36.30207,39.4095,8700.804,19
20260816_122435_863625,2019-03-12,603663.SH,7000,7000,17.724743,20.19978,17325.259,44
20260816_122435_863625,2019-03-12,002155.SZ,5900,5900,20.962125,22.72284,10388.2185,44
20260816_122435_863625,2019-03-12,601989.SH,16600,16600,7.612146,8.98188,22737.5844,42
20260816_122435_863625,2019-03-12,600863.SH,3100,3100,40.536798,51.033,32538.2262,42
20260816_122435_863625,2019-03-12,600820.SH,1000,1000,117.051962,132.67037,15618.408,42
20260816_122435_863625,2019-03-12,002838.SZ,1900,1900,57.376446,66.70944,17732.6886,35
20260816_122435_863625,2019-03-12,600750.SH,600,600,178.472136,184.91568,3866.1264,22
20260816_122435_863625,2019-03-12,002142.SZ,2800,2800,36.30207,39.4095,8700.804,20
20260816_122435_863625,2019-03-13,603663.SH,7000,7000,17.724743,19.60329,13149.829,45
20260816_122435_863625,2019-03-13,002155.SZ,5900,5900,20.962125,22.45614,8814.6885,45
20260816_122435_863625,2019-03-13,601989.SH,16600,16600,7.612146,8.78004,19387.0404,43
20260816_122435_863625,2019-03-13,600863.SH,3100,3100,40.536798,49.50201,27792.1572,43
20260816_122435_863625,2019-03-13,600820.SH,1000,1000,117.051962,130.19055,13138.588,43
20260816_122435_863625,2019-03-13,002838.SZ,1900,1900,57.376446,66.70944,17732.6886,36
20260816_122435_863625,2019-03-13,600750.SH,600,600,178.472136,184.30032,3496.9104,23
20260816_122435_863625,2019-03-13,002142.SZ,2800,2800,36.30207,39.55097,9096.92,21
20260816_122435_863625,2019-03-14,603663.SH,7000,7000,17.724743,19.35054,11380.579,46
20260816_122435_863625,2019-03-14,002155.SZ,5900,5900,20.962125,21.68271,4251.4515,46
20260816_122435_863625,2019-03-14,601989.SH,16600,16600,7.612146,8.62866,16874.1324,44
20260816_122435_863625,2019-03-14,600863.SH,3100,3100,40.536798,47.97102,23046.0882,44
20260816_122435_863625,2019-03-14,600820.SH,1000,1000,117.051962,127.5336,10481.638,44
20260816_122435_863625,2019-03-14,002838.SZ,1900,1900,57.376446,65.89296,16181.3766,37
20260816_122435_863625,2019-03-14,600750.SH,600,600,178.472136,184.40288,3558.4464,24
20260816_122435_863625,2019-03-14,002142.SZ,2800,2800,36.30207,39.44992,8813.98,22
20260816_122435_863625,2019-03-15,603663.SH,7000,7000,17.724743,19.53252,12654.439,47
20260816_122435_863625,2019-03-15,002155.SZ,5900,5900,20.962125,21.73605,4566.1575,47
20260816_122435_863625,2019-03-15,601989.SH,16600,16600,7.612146,8.7464,18828.6164,45
20260816_122435_863625,2019-03-15,600863.SH,3100,3100,40.536798,47.97102,23046.0882,45
20260816_122435_863625,2019-03-15,600820.SH,1000,1000,117.051962,130.72194,13669.978,45
20260816_122435_863625,2019-03-15,002838.SZ,1900,1900,57.376446,66.6792,17675.2326,38
20260816_122435_863625,2019-03-15,600750.SH,600,600,178.472136,185.1208,3989.1984,25
20260816_122435_863625,2019-03-15,002142.SZ,2800,2800,36.30207,39.34887,8531.04,23
20260816_122435_863625,2019-03-18,603663.SH,7000,7000,17.724743,19.97736,15768.319,48
20260816_122435_863625,2019-03-18,002155.SZ,5900,5900,20.962125,22.02942,6297.0405,48
20260816_122435_863625,2019-03-18,601989.SH,16600,16600,7.612146,9.04916,23854.4324,46
20260816_122435_863625,2019-03-18,600863.SH,3100,3100,40.536798,48.82157,25682.7932,46
20260816_122435_863625,2019-03-18,600820.SH,1000,1000,117.051962,133.55602,16504.058,46
20260816_122435_863625,2019-03-18,002838.SZ,1900,1900,57.376446,67.25376,18766.8966,39
20260816_122435_863625,2019-03-18,600750.SH,600,600,178.472136,188.1976,5835.2784,26
20260816_122435_863625,2019-03-18,002142.SZ,2800,2800,36.30207,40.11685,10681.384,24
20260816_122435_863625,2019-03-19,603663.SH,7000,7000,17.724743,20.20989,17396.029,49
20260816_122435_863625,2019-03-19,002155.SZ,5900,5900,20.962125,22.08276,6611.7465,49
20260816_122435_863625,2019-03-19,601989.SH,16600,16600,7.612146,8.9987,23016.7964,47
20260816_122435_863625,2019-03-19,600863.SH,3100,3100,40.536798,48.99168,26210.1342,47
20260816_122435_863625,2019-03-19,600820.SH,1000,1000,117.051962,132.49324,15441.278,47
20260816_122435_863625,2019-03-19,002838.SZ,1900,1900,57.376446,66.46752,17273.0406,40
20260816_122435_863625,2019-03-19,600750.SH,600,600,178.472136,187.47968,5404.5264,27
20260816_122435_863625,2019-03-19,002142.SZ,2800,2800,36.30207,40.6221,12096.084,25
20260816_122435_863625,2019-03-20,603663.SH,7000,7000,17.724743,20.04813,16263.709,50
20260816_122435_863625,2019-03-20,002155.SZ,5900,5900,20.962125,21.8694,5352.9225,50
20260816_122435_863625,2019-03-20,601989.SH,16600,16600,7.612146,8.94824,22179.1604,48
20260816_122435_863625,2019-03-20,600863.SH,3100,3100,40.536798,48.82157,25682.7932,48
20260816_122435_863625,2019-03-20,600820.SH,1000,1000,117.051962,131.96185,14909.888,48
20260816_122435_863625,2019-03-20,002838.SZ,1900,1900,57.376446,66.10464,16583.5686,41
20260816_122435_863625,2019-03-20,600750.SH,600,600,178.472136,186.96688,5096.8464,28
20260816_122435_863625,2019-03-20,002142.SZ,2800,2800,36.30207,42.15806,16396.772,26
20260816_122435_863625,2019-03-21,603663.SH,7000,7000,17.724743,20.31099,18103.729,51
20260816_122435_863625,2019-03-21,002155.SZ,5900,5900,20.962125,22.61616,9758.8065,51
20260816_122435_863625,2019-03-21,601989.SH,16600,16600,7.612146,8.98188,22737.5844,49
20260816_122435_863625,2019-03-21,600863.SH,3100,3100,40.536798,49.3319,27264.8162,49
20260816_122435_863625,2019-03-21,600820.SH,1000,1000,117.051962,133.55602,16504.058,49
20260816_122435_863625,2019-03-21,002838.SZ,1900,1900,57.376446,66.8304,17962.5126,42
20260816_122435_863625,2019-03-21,600750.SH,600,600,178.472136,191.68464,7927.5024,29
20260816_122435_863625,2019-03-21,002142.SZ,2800,2800,36.30207,41.81449,15434.776,27
20260816_122435_863625,2019-03-22,603663.SH,7000,7000,17.724743,20.31099,18103.729,52
20260816_122435_863625,2019-03-22,002155.SZ,5900,5900,20.962125,22.56282,9444.1005,52
20260816_122435_863625,2019-03-22,601989.SH,16600,16600,7.612146,8.94824,22179.1604,50
20260816_122435_863625,2019-03-22,600863.SH,3100,3100,40.536798,49.3319,27264.8162,50
20260816_122435_863625,2019-03-22,600820.SH,1000,1000,117.051962,133.02463,15972.668,50
20260816_122435_863625,2019-03-22,002838.SZ,1900,1900,57.376446,67.64688,19513.8246,43
20260816_122435_863625,2019-03-22,600750.SH,600,600,178.472136,193.22304,8850.5424,30
20260816_122435_863625,2019-03-22,002142.SZ,2800,2800,36.30207,41.79428,15378.188,28
20260816_122435_863625,2019-03-25,603663.SH,7000,7000,17.724743,20.0178,16051.399,53
20260816_122435_863625,2019-03-25,002155.SZ,5900,5900,20.962125,23.28291,13692.6315,53
20260816_122435_863625,2019-03-25,601989.SH,16600,16600,7.612146,9.77242,35860.5484,51
20260816_122435_863625,2019-03-25,600863.SH,3100,3100,40.536798,48.48135,24628.1112,51
20260816_122435_863625,2019-03-25,600820.SH,1000,1000,117.051962,132.31611,15264.148,51
20260816_122435_863625,2019-03-25,002838.SZ,1900,1900,57.376446,66.92112,18134.8806,44
20260816_122435_863625,2019-03-25,600750.SH,600,600,178.472136,189.12064,6389.1024,31
20260816_122435_863625,2019-03-25,002142.SZ,2800,2800,36.30207,41.32945,14076.664,29
20260816_122435_863625,2019-03-26,603663.SH,7000,7000,17.724743,19.6134,13220.599,54
20260816_122435_863625,2019-03-26,002155.SZ,5900,5900,20.962125,23.49627,14951.4555,54
20260816_122435_863625,2019-03-26,601989.SH,16600,16600,7.612146,9.21736,26646.5524,52
20260816_122435_863625,2019-03-26,600863.SH,3100,3100,40.536798,47.6308,21991.4062,52
20260816_122435_863625,2019-03-26,600820.SH,1000,1000,117.051962,128.95064,11898.678,52
20260816_122435_863625,2019-03-26,002838.SZ,1900,1900,57.376446,64.29024,13136.2086,45
20260816_122435_863625,2019-03-26,600750.SH,600,600,178.472136,185.32592,4112.2704,32
20260816_122435_863625,2019-03-26,002142.SZ,2800,2800,36.30207,40.07643,10568.208,30
20260816_122435_863625,2019-03-27,603663.SH,7000,7000,17.724743,19.80549,14565.229,55
20260816_122435_863625,2019-03-27,002155.SZ,5900,5900,20.962125,23.44293,14636.7495,55
20260816_122435_863625,2019-03-27,601989.SH,16600,16600,7.612146,9.1669,25808.9164,53
20260816_122435_863625,2019-03-27,600863.SH,3100,3100,40.536798,47.97102,23046.0882,53
20260816_122435_863625,2019-03-27,600820.SH,1000,1000,117.051962,128.41925,11367.288,53
20260816_122435_863625,2019-03-27,002838.SZ,1900,1900,57.376446,62.47584,9688.8486,46
20260816_122435_863625,2019-03-27,600750.SH,600,600,178.472136,186.1464,4604.5584,33
20260816_122435_863625,2019-03-27,002142.SZ,2800,2800,36.30207,40.78378,12548.788,31
20260816_122435_863625,2019-03-28,603663.SH,7000,7000,17.724743,19.54263,12725.209,56
20260816_122435_863625,2019-03-28,002155.SZ,5900,5900,20.962125,23.01621,12119.1015,56
20260816_122435_863625,2019-03-28,601989.SH,16600,16600,7.612146,9.1669,25808.9164,54
20260816_122435_863625,2019-03-28,600863.SH,3100,3100,40.536798,47.97102,23046.0882,54
20260816_122435_863625,2019-03-28,600820.SH,1000,1000,117.051962,126.11656,9064.598,54
20260816_122435_863625,2019-03-28,002838.SZ,1900,1900,57.376446,61.32672,7505.5206,47
20260816_122435_863625,2019-03-28,600750.SH,600,600,178.472136,183.99264,3312.3024,34
20260816_122435_863625,2019-03-28,002142.SZ,2800,2800,36.30207,40.84441,12718.552,32
20260816_122435_863625,2019-03-29,603663.SH,7000,7000,17.724743,20.0178,16051.399,57
20260816_122435_863625,2019-03-29,002155.SZ,5900,5900,20.962125,22.69617,10230.8655,57
20260816_122435_863625,2019-03-29,601989.SH,16600,16600,7.612146,9.82288,36698.1844,55
20260816_122435_863625,2019-03-29,600863.SH,3100,3100,40.536798,49.84223,28846.8392,55
20260816_122435_863625,2019-03-29,600820.SH,1000,1000,117.051962,130.01342,12961.458,55
20260816_122435_863625,2019-03-29,002838.SZ,1900,1900,57.376446,61.90128,8597.1846,48
20260816_122435_863625,2019-03-29,600750.SH,600,600,178.472136,185.42848,4173.8064,35
20260816_122435_863625,2019-03-29,002142.SZ,2800,2800,36.30207,42.92604,18547.116,33
20260816_122435_863625,2019-04-01,603663.SH,7000,7000,17.724743,20.83671,21783.769,58
20260816_122435_863625,2019-04-01,002155.SZ,5900,5900,20.962125,23.09622,12591.1605,58
20260816_122435_863625,2019-04-01,601989.SH,16600,16600,7.612146,10.79844,52892.4804,56
20260816_122435_863625,2019-04-01,600863.SH,3100,3100,40.536798,50.35256,30428.8622,56
20260816_122435_863625,2019-04-01,600820.SH,1000,1000,117.051962,133.91028,16858.318,56
20260816_122435_863625,2019-04-01,002838.SZ,1900,1900,57.376446,63.86688,12331.8246,49
20260816_122435_863625,2019-04-01,600750.SH,600,600,178.472136,188.91552,6266.0304,36
20260816_122435_863625,2019-04-01,002142.SZ,2800,2800,36.30207,44.8662,23979.564,34
20260816_122435_863625,2019-04-02,603663.SH,7000,7000,17.724743,20.80638,21571.459,59
20260816_122435_863625,2019-04-02,002155.SZ,5900,5900,20.962125,23.54961,15266.1615,59
20260816_122435_863625,2019-04-02,601989.SH,16600,16600,7.612146,10.88254,54288.5404,57
20260816_122435_863625,2019-04-02,600863.SH,3100,3100,40.536798,49.84223,28846.8392,57
20260816_122435_863625,2019-04-02,600820.SH,1000,1000,117.051962,134.08741,17035.448,57
20260816_122435_863625,2019-04-02,002838.SZ,1900,1900,57.376446,63.41328,11469.9846,50
20260816_122435_863625,2019-04-02,600750.SH,600,600,178.472136,186.96688,5096.8464,37
20260816_122435_863625,2019-04-02,002142.SZ,2800,2800,36.30207,45.18956,24884.972,35
20260816_122435_863625,2019-04-03,603663.SH,7000,7000,17.724743,20.9277,22420.699,60
20260816_122435_863625,2019-04-03,002155.SZ,5900,5900,20.962125,23.54961,15266.1615,60
20260816_122435_863625,2019-04-03,601989.SH,16600,16600,7.612146,11.00028,56243.0244,58
20260816_122435_863625,2019-04-03,600863.SH,3100,3100,40.536798,50.18245,29901.5212,58
20260816_122435_863625,2019-04-03,600820.SH,1000,1000,117.051962,137.80714,20755.178,58
20260816_122435_863625,2019-04-03,002838.SZ,1900,1900,57.376446,64.50192,13538.4006,51
20260816_122435_863625,2019-04-03,600750.SH,600,600,178.472136,186.96688,5096.8464,38
20260816_122435_863625,2019-04-03,002142.SZ,2800,2800,36.30207,46.0788,27374.844,36
20260816_122435_863625,2019-04-04,601989.SH,16600,16600,7.612146,11.1853,59314.3564,59
20260816_122435_863625,2019-04-04,600863.SH,3100,3100,40.536798,50.52267,30956.2032,59
20260816_122435_863625,2019-04-04,600820.SH,1000,1000,117.051962,138.1614,21109.438,59
20260816_122435_863625,2019-04-04,002838.SZ,1900,1900,57.376446,64.13904,12848.9286,52
20260816_122435_863625,2019-04-04,600750.SH,600,600,178.472136,195.3768,10142.7984,39
20260816_122435_863625,2019-04-04,002142.SZ,2800,2800,36.30207,47.0893,30204.244,37
20260816_122435_863625,2019-04-08,601989.SH,16600,16600,7.612146,11.31986,61548.0524,60
20260816_122435_863625,2019-04-08,600863.SH,3100,3100,40.536798,49.67212,28319.4982,60
20260816_122435_863625,2019-04-08,600820.SH,1000,1000,117.051962,137.09862,20046.658,60
20260816_122435_863625,2019-04-08,002838.SZ,1900,1900,57.376446,62.47584,9688.8486,53
20260816_122435_863625,2019-04-08,600750.SH,600,600,178.472136,193.63328,9096.6864,40
20260816_122435_863625,2019-04-08,002142.SZ,2800,2800,36.30207,48.07959,32977.056,38
20260816_122435_863625,2019-04-08,002394.SZ,2900,0,48.744867,48.31887,-1235.3913,1
20260816_122435_863625,2019-04-08,600642.SH,2700,0,50.965079,50.37848,-1583.8173,1
20260816_122435_863625,2019-04-09,002838.SZ,1900,1900,57.376446,63.11088,10895.4246,54
20260816_122435_863625,2019-04-09,600750.SH,600,600,178.472136,195.58192,10265.8704,41
20260816_122435_863625,2019-04-09,002142.SZ,2800,2800,36.30207,46.98825,29921.304,39
20260816_122435_863625,2019-04-09,002394.SZ,2900,2900,48.744867,48.44058,-882.4323,2
20260816_122435_863625,2019-04-09,600642.SH,2700,2700,50.965079,50.117,-2289.8133,2
20260816_122435_863625,2019-04-10,002838.SZ,1900,1900,57.376446,62.83872,10378.3206,55
20260816_122435_863625,2019-04-10,600750.SH,600,600,178.472136,204.50464,15619.5024,42
20260816_122435_863625,2019-04-10,002142.SZ,2800,2800,36.30207,46.76594,29298.836,40
20260816_122435_863625,2019-04-10,002394.SZ,2900,2900,48.744867,48.23773,-1470.6973,3
20260816_122435_863625,2019-04-10,600642.SH,2700,2700,50.965079,49.85552,-2995.8093,3
20260816_122435_863625,2019-04-10,600085.SH,300,0,356.878029,364.57314,2308.5333,1
20260816_122435_863625,2019-04-10,002880.SZ,2700,0,51.635077,53.1058,3970.9521,1
20260816_122435_863625,2019-04-10,000895.SZ,200,0,554.240033,561.08893,1369.7794,1
20260816_122435_863625,2019-04-11,002838.SZ,1900,1900,57.376446,61.78032,8367.3606,56
20260816_122435_863625,2019-04-11,600750.SH,600,600,178.472136,201.12016,13588.8144,43
20260816_122435_863625,2019-04-11,002142.SZ,2800,2800,36.30207,46.76594,29298.836,41
20260816_122435_863625,2019-04-11,002394.SZ,2900,2900,48.744867,47.4669,-3706.1043,4
20260816_122435_863625,2019-04-11,600642.SH,2700,2700,50.965079,49.59404,-3701.8053,4
20260816_122435_863625,2019-04-11,600085.SH,300,300,356.878029,356.4324,-133.6887,2
20260816_122435_863625,2019-04-11,002880.SZ,2700,2700,51.635077,51.7322,262.2321,2
20260816_122435_863625,2019-04-11,000895.SZ,200,200,554.240033,537.65078,-3317.8506,2
20260816_122435_863625,2019-04-12,002838.SZ,1900,1900,57.376446,61.0848,7045.8726,57
20260816_122435_863625,2019-04-12,600750.SH,600,600,178.472136,196.4024,10758.1584,44
20260816_122435_863625,2019-04-12,002142.SZ,2800,2800,36.30207,46.40216,28280.252,42
20260816_122435_863625,2019-04-12,002394.SZ,2900,2900,48.744867,47.66975,-3117.8393,5
20260816_122435_863625,2019-04-12,600642.SH,2700,2700,50.965079,50.37848,-1583.8173,5
20260816_122435_863625,2019-04-12,600085.SH,300,300,356.878029,349.8318,-2113.8687,3
20260816_122435_863625,2019-04-12,002880.SZ,2700,2700,51.635077,48.7931,-7673.3379,3
20260816_122435_863625,2019-04-12,000895.SZ,200,200,554.240033,543.96889,-2054.2286,3
20260816_122435_863625,2019-04-15,002838.SZ,1900,1900,57.376446,62.17344,9114.2886,58
20260816_122435_863625,2019-04-15,600750.SH,600,600,178.472136,191.06928,7558.2864,45
20260816_122435_863625,2019-04-15,002142.SZ,2800,2800,36.30207,46.92762,29751.54,43
20260816_122435_863625,2019-04-15,002394.SZ,2900,2900,48.744867,47.18291,-4529.6753,6
20260816_122435_863625,2019-04-15,600642.SH,2700,2700,50.965079,50.02984,-2525.1453,6
20260816_122435_863625,2019-04-15,600085.SH,300,300,356.878029,347.85162,-2707.9227,4
20260816_122435_863625,2019-04-15,002880.SZ,2700,2700,51.635077,47.975,-9882.2079,4
20260816_122435_863625,2019-04-15,000895.SZ,200,200,554.240033,540.91174,-2665.6586,4
20260816_122435_863625,2019-04-16,002838.SZ,1900,1900,57.376446,63.0504,10780.5126,59
20260816_122435_863625,2019-04-16,600750.SH,600,600,178.472136,193.94096,9281.2944,46
20260816_122435_863625,2019-04-16,002142.SZ,2800,2800,36.30207,47.6956,31901.884,44
20260816_122435_863625,2019-04-16,002394.SZ,2900,2900,48.744867,47.83203,-2647.2273,7
20260816_122435_863625,2019-04-16,600642.SH,2700,2700,50.965079,50.29132,-1819.1493,7
20260816_122435_863625,2019-04-16,600085.SH,300,300,356.878029,363.033,1846.4913,5
20260816_122435_863625,2019-04-16,002880.SZ,2700,2700,51.635077,48.4396,-8627.7879,5
20260816_122435_863625,2019-04-16,000895.SZ,200,200,554.240033,551.10224,-627.5586,5
20260816_122435_863625,2019-04-17,002838.SZ,1900,1900,57.376446,63.14112,10952.8806,60
20260816_122435_863625,2019-04-17,600750.SH,600,600,178.472136,192.71024,8542.8624,47
20260816_122435_863625,2019-04-17,002142.SZ,2800,2800,36.30207,46.70531,29129.072,45
20260816_122435_863625,2019-04-17,002394.SZ,2900,2900,48.744867,47.95374,-2294.2683,8
20260816_122435_863625,2019-04-17,600642.SH,2700,2700,50.965079,50.117,-2289.8133,8
20260816_122435_863625,2019-04-17,600085.SH,300,300,356.878029,360.72279,1153.4283,6
20260816_122435_863625,2019-04-17,002880.SZ,2700,2700,51.635077,48.278,-9064.1079,6
20260816_122435_863625,2019-04-17,000895.SZ,200,200,554.240033,558.03178,758.3494,6
20260816_122435_863625,2019-04-18,600750.SH,600,600,178.472136,191.37696,7742.8944,48
20260816_122435_863625,2019-04-18,002142.SZ,2800,2800,36.30207,46.72552,29185.66,46
20260816_122435_863625,2019-04-18,002394.SZ,2900,2900,48.744867,47.66975,-3117.8393,9
20260816_122435_863625,2019-04-18,600642.SH,2700,2700,50.965079,50.02984,-2525.1453,9
20260816_122435_863625,2019-04-18,600085.SH,300,300,356.878029,360.72279,1153.4283,7
20260816_122435_863625,2019-04-18,002880.SZ,2700,2700,51.635077,47.9548,-9936.7479,7
20260816_122435_863625,2019-04-18,000895.SZ,200,200,554.240033,554.3632,24.6334,7
20260816_122435_863625,2019-04-19,600750.SH,600,600,178.472136,193.22304,8850.5424,49
20260816_122435_863625,2019-04-19,002142.SZ,2800,2800,36.30207,47.27119,30713.536,47
20260816_122435_863625,2019-04-19,002394.SZ,2900,2900,48.744867,47.8726,-2529.5743,10
20260816_122435_863625,2019-04-19,600642.SH,2700,2700,50.965079,50.29132,-1819.1493,10
20260816_122435_863625,2019-04-19,600085.SH,300,300,356.878029,357.42249,163.3383,8
20260816_122435_863625,2019-04-19,002880.SZ,2700,2700,51.635077,48.3386,-8900.4879,8
20260816_122435_863625,2019-04-19,000895.SZ,200,200,554.240033,545.19175,-1809.6566,8
20260816_122435_863625,2019-04-22,600750.SH,600,600,178.472136,190.45392,7189.0704,50
20260816_122435_863625,2019-04-22,002142.SZ,2800,2800,36.30207,45.69481,26299.672,48
20260816_122435_863625,2019-04-22,002394.SZ,2900,2900,48.744867,48.48115,-764.7793,11
20260816_122435_863625,2019-04-22,600642.SH,2700,2700,50.965079,50.29132,-1819.1493,11
20260816_122435_863625,2019-04-22,600085.SH,300,300,356.878029,358.74261,559.3743,9
20260816_122435_863625,2019-04-22,002880.SZ,2700,2700,51.635077,47.9548,-9936.7479,9
20260816_122435_863625,2019-04-22,000895.SZ,200,200,554.240033,536.45602,-3556.8026,9
20260816_122435_863625,2019-04-22,601898.SH,21900,0,6.36649,6.12774,-5228.625,1
20260816_122435_863625,2019-04-23,600750.SH,600,600,178.472136,187.06944,5158.3824,51
20260816_122435_863625,2019-04-23,002142.SZ,2800,2800,36.30207,46.01817,27205.08,49
20260816_122435_863625,2019-04-23,002394.SZ,2900,2900,48.744867,46.85835,-5470.8993,12
20260816_122435_863625,2019-04-23,600642.SH,2700,2700,50.965079,49.59404,-3701.8053,12
20260816_122435_863625,2019-04-23,600085.SH,300,300,356.878029,353.24211,-1090.7757,10
20260816_122435_863625,2019-04-23,002880.SZ,2700,2700,51.635077,47.4296,-11354.7879,10
20260816_122435_863625,2019-04-23,000895.SZ,200,200,554.240033,560.80255,1312.5034,10
20260816_122435_863625,2019-04-23,601898.SH,21900,21900,6.36649,6.1162,-5481.351,2
20260816_122435_863625,2019-04-24,600750.SH,600,600,178.472136,187.6848,5527.5984,52
20260816_122435_863625,2019-04-24,002142.SZ,2800,2800,36.30207,46.01817,27205.08,50
20260816_122435_863625,2019-04-24,002394.SZ,2900,2900,48.744867,46.57436,-6294.4703,13
20260816_122435_863625,2019-04-24,600642.SH,2700,2700,50.965079,49.15824,-4878.4653,13
20260816_122435_863625,2019-04-24,600085.SH,300,300,356.878029,353.57214,-991.7667,11
20260816_122435_863625,2019-04-24,002880.SZ,2700,2700,51.635077,47.47,-11245.7079,11
20260816_122435_863625,2019-04-24,000895.SZ,200,200,554.240033,558.72165,896.3234,11
20260816_122435_863625,2019-04-24,601898.SH,21900,21900,6.36649,6.15082,-4723.173,3
20260816_122435_863625,2019-04-25,600750.SH,600,600,178.472136,184.608,3681.5184,53
20260816_122435_863625,2019-04-25,002142.SZ,2800,2800,36.30207,45.91712,26922.14,51
20260816_122435_863625,2019-04-25,002394.SZ,2900,2900,48.744867,45.47897,-9471.1013,14
20260816_122435_863625,2019-04-25,600642.SH,2700,2700,50.965079,47.938,-8173.1133,14
20260816_122435_863625,2019-04-25,600085.SH,300,300,356.878029,347.52159,-2806.9317,12
20260816_122435_863625,2019-04-25,002880.SZ,2700,2700,51.635077,46.2277,-14599.9179,12
20260816_122435_863625,2019-04-25,000895.SZ,200,200,554.240033,556.84884,521.7614,12
20260816_122435_863625,2019-04-25,601898.SH,21900,21900,6.36649,6.0008,-8008.611,4
20260816_122435_863625,2019-04-26,600750.SH,600,600,178.472136,181.63376,1896.9744,54
20260816_122435_863625,2019-04-26,002142.SZ,2800,2800,36.30207,44.8662,23979.564,52
20260816_122435_863625,2019-04-26,002394.SZ,2900,2900,48.744867,44.54586,-12177.1203,15
20260816_122435_863625,2019-04-26,600642.SH,2700,2700,50.965079,47.85084,-8408.4453,15
20260816_122435_863625,2019-04-26,600085.SH,300,300,356.878029,337.51068,-5810.2047,13
20260816_122435_863625,2019-04-26,002880.SZ,2700,2700,51.635077,46.1368,-14845.3479,13
20260816_122435_863625,2019-04-26,000895.SZ,200,200,554.240033,538.9531,-3057.3866,13
20260816_122435_863625,2019-04-26,601898.SH,21900,21900,6.36649,5.87386,-10788.597,5
20260816_122435_863625,2019-04-29,600750.SH,600,600,178.472136,182.044,2143.1184,55
20260816_122435_863625,2019-04-29,002142.SZ,2800,2800,36.30207,45.8767,26808.964,53
20260816_122435_863625,2019-04-29,002394.SZ,2900,2900,48.744867,43.89674,-14059.5683,16
20260816_122435_863625,2019-04-29,600642.SH,2700,2700,50.965079,47.938,-8173.1133,16
20260816_122435_863625,2019-04-29,600085.SH,300,300,356.878029,341.58105,-4589.0937,14
20260816_122435_863625,2019-04-29,002880.SZ,2700,2700,51.635077,46.056,-15063.5079,14
20260816_122435_863625,2019-04-29,000895.SZ,200,200,554.240033,547.2767,-1392.6666,14
20260816_122435_863625,2019-04-29,601898.SH,21900,21900,6.36649,5.83924,-11546.775,6
20260816_122435_863625,2019-04-30,600750.SH,600,600,178.472136,182.35168,2327.7264,56
20260816_122435_863625,2019-04-30,002142.SZ,2800,2800,36.30207,46.2809,27940.724,54
20260816_122435_863625,2019-04-30,002394.SZ,2900,2900,48.744867,44.26187,-13000.6913,17
20260816_122435_863625,2019-04-30,600642.SH,2700,2700,50.965079,48.8096,-5819.7933,17
20260816_122435_863625,2019-04-30,600085.SH,300,300,356.878029,342.90117,-4193.0577,15
20260816_122435_863625,2019-04-30,002880.SZ,2700,2700,51.635077,46.7529,-13181.8779,15
20260816_122435_863625,2019-04-30,000895.SZ,200,200,554.240033,579.11447,4974.8874,15
20260816_122435_863625,2019-04-30,601898.SH,21900,21900,6.36649,5.8854,-10535.871,7
20260816_122435_863625,2019-05-06,600750.SH,600,600,178.472136,168.30096,-6102.7056,57
20260816_122435_863625,2019-05-06,002142.SZ,2800,2800,36.30207,43.26961,19509.112,55
20260816_122435_863625,2019-05-06,002394.SZ,2900,2900,48.744867,41.70596,-20412.8303,18
20260816_122435_863625,2019-05-06,600642.SH,2700,2700,50.965079,48.89676,-5584.4613,18
20260816_122435_863625,2019-05-06,600085.SH,300,300,356.878029,327.49977,-8813.4777,16
20260816_122435_863625,2019-05-06,002880.SZ,2700,2700,51.635077,42.9755,-23380.8579,16
20260816_122435_863625,2019-05-06,000895.SZ,200,200,554.240033,547.2767,-1392.6666,16
20260816_122435_863625,2019-05-06,601898.SH,21900,21900,6.36649,5.57382,-17359.473,8
20260816_122435_863625,2019-05-07,600750.SH,600,600,178.472136,172.50592,-3579.7296,58
20260816_122435_863625,2019-05-07,002142.SZ,2800,2800,36.30207,44.78536,23753.212,56
20260816_122435_863625,2019-05-07,600642.SH,2700,2700,50.965079,52.296,3593.4867,19
20260816_122435_863625,2019-05-07,600085.SH,300,300,356.878029,326.61969,-9077.5017,17
20260816_122435_863625,2019-05-07,000895.SZ,200,200,554.240033,577.44975,4641.9434,17
20260816_122435_863625,2019-05-08,600750.SH,600,600,178.472136,170.04448,-5056.5936,59
20260816_122435_863625,2019-05-08,002142.SZ,2800,2800,36.30207,44.0578,21716.044,57
20260816_122435_863625,2019-05-08,600642.SH,2700,2700,50.965079,51.94736,2652.1587,20
20260816_122435_863625,2019-05-08,600085.SH,300,300,356.878029,324.5295,-9704.5587,18
20260816_122435_863625,2019-05-08,000895.SZ,200,200,554.240033,541.86636,-2474.7346,18
20260816_122435_863625,2019-05-09,600750.SH,600,600,178.472136,169.12144,-5610.4176,60
20260816_122435_863625,2019-05-09,002142.SZ,2800,2800,36.30207,42.96646,18660.292,58
20260816_122435_863625,2019-05-09,600642.SH,2700,2700,50.965079,50.46564,-1348.4853,21
20260816_122435_863625,2019-05-09,600085.SH,300,300,356.878029,320.23911,-10991.6757,19
20260816_122435_863625,2019-05-09,000895.SZ,200,200,554.240033,516.47938,-7552.1306,19
20260816_122435_863625,2019-05-10,002142.SZ,2800,2800,36.30207,44.28011,22338.512,59
20260816_122435_863625,2019-05-10,600642.SH,2700,2700,50.965079,51.4244,1240.1667,22
20260816_122435_863625,2019-05-10,600085.SH,300,300,356.878029,326.28966,-9176.5107,20
20260816_122435_863625,2019-05-10,000895.SZ,200,200,554.240033,527.71624,-5304.7586,20
20260816_122435_863625,2019-05-13,002142.SZ,2800,2800,36.30207,44.76515,23696.624,60
20260816_122435_863625,2019-05-13,600642.SH,2700,2700,50.965079,50.29132,-1819.1493,23
20260816_122435_863625,2019-05-13,600085.SH,300,300,356.878029,324.63951,-9671.5557,21
20260816_122435_863625,2019-05-13,000895.SZ,200,200,554.240033,524.59489,-5929.0286,21
20260816_122435_863625,2019-05-14,600642.SH,2700,2700,50.965079,50.63996,-877.8213,24
20260816_122435_863625,2019-05-14,600085.SH,300,300,356.878029,321.00918,-10760.6547,22
20260816_122435_863625,2019-05-14,000895.SZ,200,200,554.240033,525.21916,-5804.1746,22
20260816_122435_863625,2019-05-15,600642.SH,2700,2700,50.965079,51.59872,1710.8307,25
20260816_122435_863625,2019-05-15,600085.SH,300,300,356.878029,328.48986,-8516.4507,23
20260816_122435_863625,2019-05-15,000895.SZ,200,200,554.240033,543.94726,-2058.5546,23
20260816_122435_863625,2019-05-16,600642.SH,2700,2700,50.965079,51.77304,2181.4947,26
20260816_122435_863625,2019-05-16,600085.SH,300,300,356.878029,333.88035,-6899.3037,24
20260816_122435_863625,2019-05-16,000895.SZ,200,200,554.240033,541.034,-2641.2066,24
20260816_122435_863625,2019-05-16,000403.SZ,1000,0,129.285978,127.85944,-1426.538,1
20260816_122435_863625,2019-05-16,002697.SZ,2900,0,43.471562,43.91715,1292.2052,1
20260816_122435_863625,2019-05-17,600642.SH,2700,2700,50.965079,50.81428,-407.1573,27
20260816_122435_863625,2019-05-17,600085.SH,300,300,356.878029,328.48986,-8516.4507,25
20260816_122435_863625,2019-05-17,000895.SZ,200,200,554.240033,523.13826,-6220.3546,25
20260816_122435_863625,2019-05-17,000403.SZ,1000,1000,129.285978,125.20273,-4083.248,2
20260816_122435_863625,2019-05-17,002697.SZ,2900,2900,43.471562,43.06023,-1192.8628,2
20260816_122435_863625,2019-05-20,600642.SH,2700,2700,50.965079,50.46564,-1348.4853,28
20260816_122435_863625,2019-05-20,600085.SH,300,300,356.878029,325.51959,-9407.5317,26
20260816_122435_863625,2019-05-20,000895.SZ,200,200,554.240033,517.72792,-7302.4226,26
20260816_122435_863625,2019-05-20,000403.SZ,1000,1000,129.285978,126.0883,-3197.678,3
20260816_122435_863625,2019-05-20,002697.SZ,2900,2900,43.471562,43.63151,463.8492,3
20260816_122435_863625,2019-05-21,600642.SH,2700,2700,50.965079,50.63996,-877.8213,29
20260816_122435_863625,2019-05-21,600085.SH,300,300,356.878029,328.59987,-8483.4477,27
20260816_122435_863625,2019-05-21,000895.SZ,200,200,554.240033,523.97062,-6053.8826,27
20260816_122435_863625,2019-05-21,000403.SZ,1000,1000,129.285978,124.44367,-4842.308,4
20260816_122435_863625,2019-05-21,002697.SZ,2900,2900,43.471562,43.41728,-157.4178,4
20260816_122435_863625,2019-05-22,600642.SH,2700,2700,50.965079,50.117,-2289.8133,30
20260816_122435_863625,2019-05-22,600085.SH,300,300,356.878029,328.59987,-8483.4477,28
20260816_122435_863625,2019-05-22,000895.SZ,200,200,554.240033,523.34635,-6178.7366,28
20260816_122435_863625,2019-05-22,000403.SZ,1000,1000,129.285978,122.293,-6992.978,5
20260816_122435_863625,2019-05-22,002697.SZ,2900,2900,43.471562,42.98882,-1399.9518,5
20260816_122435_863625,2019-05-23,600642.SH,2700,2700,50.965079,49.33256,-4407.8013,31
20260816_122435_863625,2019-05-23,600085.SH,300,300,356.878029,324.30948,-9770.5647,29
20260816_122435_863625,2019-05-23,000895.SZ,200,200,554.240033,512.94185,-8259.6366,29
20260816_122435_863625,2019-05-23,000403.SZ,1000,1000,129.285978,122.58819,-6697.788,6
20260816_122435_863625,2019-05-23,002697.SZ,2900,2900,43.471562,41.77485,-4920.4648,6
20260816_122435_863625,2019-05-24,600642.SH,2700,2700,50.965079,49.15824,-4878.4653,32
20260816_122435_863625,2019-05-24,600085.SH,300,300,356.878029,324.5295,-9704.5587,30
20260816_122435_863625,2019-05-24,000895.SZ,200,200,554.240033,516.27129,-7593.7486,30
20260816_122435_863625,2019-05-24,000403.SZ,1000,1000,129.285978,120.52186,-8764.118,7
20260816_122435_863625,2019-05-24,002697.SZ,2900,2900,43.471562,41.91767,-4506.2868,7
20260816_122435_863625,2019-05-27,600642.SH,2700,2700,50.965079,49.94268,-2760.4773,33
20260816_122435_863625,2019-05-27,600085.SH,300,300,356.878029,326.28966,-9176.5107,31
20260816_122435_863625,2019-05-27,000895.SZ,200,200,554.240033,525.42725,-5762.5566,31
20260816_122435_863625,2019-05-27,000403.SZ,1000,1000,129.285978,121.32309,-7962.888,8
20260816_122435_863625,2019-05-27,002697.SZ,2900,2900,43.471562,42.48895,-2849.5748,8
20260816_122435_863625,2019-05-28,600642.SH,2700,2700,50.965079,50.20416,-2054.4813,34
20260816_122435_863625,2019-05-28,600085.SH,300,300,356.878029,328.48986,-8516.4507,32
20260816_122435_863625,2019-05-28,000895.SZ,200,200,554.240033,534.37512,-3972.9826,32
20260816_122435_863625,2019-05-28,000403.SZ,1000,1000,129.285978,119.46761,-9818.368,9
20260816_122435_863625,2019-05-28,002697.SZ,2900,2900,43.471562,41.91767,-4506.2868,9
20260816_122435_863625,2019-05-29,600642.SH,2700,2700,50.965079,49.76836,-3231.1413,35
20260816_122435_863625,2019-05-29,600085.SH,300,300,356.878029,325.51959,-9407.5317,33
20260816_122435_863625,2019-05-29,000895.SZ,200,200,554.240033,525.42725,-5762.5566,33
20260816_122435_863625,2019-05-29,000403.SZ,1000,1000,129.285978,118.16034,-11125.638,10
20260816_122435_863625,2019-05-29,002697.SZ,2900,2900,43.471562,42.63177,-2435.3968,10
20260816_122435_863625,2019-05-29,600900.SH,2500,0,50.535583,51.00564,1175.1425,1
20260816_122435_863625,2019-05-30,600642.SH,2700,2700,50.965079,51.07576,298.8387,36
20260816_122435_863625,2019-05-30,600085.SH,300,300,356.878029,322.87935,-10199.6037,34
20260816_122435_863625,2019-05-30,000895.SZ,200,200,554.240033,523.55444,-6137.1186,34
20260816_122435_863625,2019-05-30,000403.SZ,1000,1000,129.285978,113.4373,-15848.678,11
20260816_122435_863625,2019-05-30,002697.SZ,2900,2900,43.471562,43.48869,49.6712,11
20260816_122435_863625,2019-05-30,600900.SH,2500,2500,50.535583,52.48664,4877.6425,2
20260816_122435_863625,2019-05-30,600377.SH,4500,0,28.066777,27.87291,-872.4015,1
20260816_122435_863625,2019-05-31,600642.SH,2700,2700,50.965079,51.59872,1710.8307,37
20260816_122435_863625,2019-05-31,600085.SH,300,300,356.878029,321.44922,-10628.6427,35
20260816_122435_863625,2019-05-31,000895.SZ,200,200,554.240033,521.68163,-6511.6806,35
20260816_122435_863625,2019-05-31,002697.SZ,2900,2900,43.471562,42.91741,-1607.0408,12
20260816_122435_863625,2019-05-31,600900.SH,2500,2500,50.535583,52.45702,4803.5925,3
20260816_122435_863625,2019-05-31,600377.SH,4500,4500,28.066777,28.29643,1033.4385,2
20260816_122435_863625,2019-06-03,600642.SH,2700,2700,50.965079,50.9886,63.5067,38
20260816_122435_863625,2019-06-03,600085.SH,300,300,356.878029,322.76934,-10232.6067,36
20260816_122435_863625,2019-06-03,000895.SZ,200,200,554.240033,514.81466,-7885.0746,36
20260816_122435_863625,2019-06-03,002697.SZ,2900,2900,43.471562,43.63151,463.8492,13
20260816_122435_863625,2019-06-03,600900.SH,2500,2500,50.535583,52.30892,4433.3425,4
20260816_122435_863625,2019-06-03,600377.SH,4500,4500,28.066777,28.03173,-157.7115,3
20260816_122435_863625,2019-06-04,600642.SH,2700,2700,50.965079,51.4244,1240.1667,39
20260816_122435_863625,2019-06-04,600085.SH,300,300,356.878029,309.45813,-14225.9697,37
20260816_122435_863625,2019-06-04,000895.SZ,200,200,554.240033,501.08072,-10631.8626,37
20260816_122435_863625,2019-06-04,002697.SZ,2900,2900,43.471562,42.98882,-1399.9518,14
20260816_122435_863625,2019-06-04,600900.SH,2500,2500,50.535583,52.1312,3989.0425,5
20260816_122435_863625,2019-06-04,600377.SH,4500,4500,28.066777,27.74056,-1467.9765,4
20260816_122435_863625,2019-06-05,600642.SH,2700,2700,50.965079,50.87844,-233.9253,40
20260816_122435_863625,2019-06-05,000895.SZ,200,200,554.240033,500.45645,-10756.7166,38
20260816_122435_863625,2019-06-05,002697.SZ,2900,2900,43.471562,44.2742,2327.6502,15
20260816_122435_863625,2019-06-05,600900.SH,2500,2500,50.535583,51.92386,3470.6925,6
20260816_122435_863625,2019-06-05,600377.SH,4500,4500,28.066777,27.71409,-1587.0915,5
20260816_122435_863625,2019-06-06,600642.SH,2700,2700,50.965079,51.05886,253.2087,41
20260816_122435_863625,2019-06-06,000895.SZ,200,200,554.240033,501.28881,-10590.2446,39
20260816_122435_863625,2019-06-06,002697.SZ,2900,2900,43.471562,43.5601,256.7602,16
20260816_122435_863625,2019-06-06,600900.SH,2500,2500,50.535583,51.89424,3396.6425,7
20260816_122435_863625,2019-06-06,600377.SH,4500,4500,28.066777,27.71409,-1587.0915,6
20260816_122435_863625,2019-06-10,600642.SH,2700,2700,50.965079,51.60012,1714.6107,42
20260816_122435_863625,2019-06-10,000895.SZ,200,200,554.240033,506.69915,-9508.1766,40
20260816_122435_863625,2019-06-10,002697.SZ,2900,2900,43.471562,44.13138,1913.4722,17
20260816_122435_863625,2019-06-10,600900.SH,2500,2500,50.535583,53.1679,6580.7925,8
20260816_122435_863625,2019-06-10,600377.SH,4500,4500,28.066777,28.03173,-157.7115,7
20260816_122435_863625,2019-06-11,600642.SH,2700,2700,50.965079,54.03579,8290.9197,43
20260816_122435_863625,2019-06-11,000895.SZ,200,200,554.240033,516.68747,-7510.5126,41
20260816_122435_863625,2019-06-11,002697.SZ,2900,2900,43.471562,44.55984,3156.0062,18
20260816_122435_863625,2019-06-11,600900.SH,2500,2500,50.535583,53.316,6951.0425,9
20260816_122435_863625,2019-06-11,600377.SH,4500,4500,28.066777,28.19055,556.9785,8
20260816_122435_863625,2019-06-12,600642.SH,2700,2700,50.965079,53.76516,7560.2187,44
20260816_122435_863625,2019-06-12,000895.SZ,200,200,554.240033,508.78005,-9091.9966,42
20260816_122435_863625,2019-06-12,002697.SZ,2900,2900,43.471562,44.13138,1913.4722,19
20260816_122435_863625,2019-06-12,600900.SH,2500,2500,50.535583,53.04942,6284.5925,10
20260816_122435_863625,2019-06-12,600377.SH,4500,4500,28.066777,28.21702,676.0935,9
20260816_122435_863625,2019-06-13,600642.SH,2700,2700,50.965079,53.58474,7073.0847,45
20260816_122435_863625,2019-06-13,000895.SZ,200,200,554.240033,502.12117,-10423.7726,43
20260816_122435_863625,2019-06-13,002697.SZ,2900,2900,43.471562,43.63151,463.8492,20
20260816_122435_863625,2019-06-13,600900.SH,2500,2500,50.535583,52.33854,4507.3925,11
20260816_122435_863625,2019-06-13,600377.SH,4500,4500,28.066777,28.0582,-38.5965,10
20260816_122435_863625,2019-06-13,600547.SH,300,0,376.543685,382.184,1692.0945,1
20260816_122435_863625,2019-06-14,600642.SH,2700,2700,50.965079,53.94558,8047.3527,46
20260816_122435_863625,2019-06-14,000895.SZ,200,200,554.240033,500.87263,-10673.4806,44
20260816_122435_863625,2019-06-14,002697.SZ,2900,2900,43.471562,43.20305,-778.6848,21
20260816_122435_863625,2019-06-14,600900.SH,2500,2500,50.535583,51.835,3248.5425,12
20260816_122435_863625,2019-06-14,600377.SH,4500,4500,28.066777,27.95232,-515.0565,11
20260816_122435_863625,2019-06-14,600547.SH,300,300,376.543685,394.2939,5325.0645,2
20260816_122435_863625,2019-06-17,600642.SH,2700,2700,50.965079,54.126,8534.4867,47
20260816_122435_863625,2019-06-17,000895.SZ,200,200,554.240033,503.36971,-10174.0646,45
20260816_122435_863625,2019-06-17,002697.SZ,2900,2900,43.471562,43.20305,-778.6848,22
20260816_122435_863625,2019-06-17,600900.SH,2500,2500,50.535583,52.10158,3914.9925,13
20260816_122435_863625,2019-06-17,600377.SH,4500,4500,28.066777,27.89938,-753.2865,12
20260816_122435_863625,2019-06-17,600547.SH,300,300,376.543685,387.5168,3291.9345,3
20260816_122435_863625,2019-06-17,600489.SH,1200,0,102.356111,101.7599,-715.4532,1
20260816_122435_863625,2019-06-18,600642.SH,2700,2700,50.965079,54.126,8534.4867,48
20260816_122435_863625,2019-06-18,000895.SZ,200,200,554.240033,506.28297,-9591.4126,46
20260816_122435_863625,2019-06-18,002697.SZ,2900,2900,43.471562,43.20305,-778.6848,23
20260816_122435_863625,2019-06-18,600900.SH,2500,2500,50.535583,52.39778,4655.4925,14
20260816_122435_863625,2019-06-18,600377.SH,4500,4500,28.066777,28.8523,3534.8535,13
20260816_122435_863625,2019-06-18,600547.SH,300,300,376.543685,400.1822,7091.5545,4
20260816_122435_863625,2019-06-18,600489.SH,1200,1200,102.356111,104.4532,2516.5068,2
20260816_122435_863625,2019-06-19,600642.SH,2700,2700,50.965079,53.94558,8047.3527,49
20260816_122435_863625,2019-06-19,000895.SZ,200,200,554.240033,507.7396,-9300.0866,47
20260816_122435_863625,2019-06-19,002697.SZ,2900,2900,43.471562,43.13164,-985.7738,24
20260816_122435_863625,2019-06-19,600900.SH,2500,2500,50.535583,52.66436,5321.9425,15
20260816_122435_863625,2019-06-19,600377.SH,4500,4500,28.066777,28.77289,3177.5085,14
20260816_122435_863625,2019-06-19,600547.SH,300,300,376.543685,394.405,5358.3945,5
20260816_122435_863625,2019-06-19,600489.SH,1200,1200,102.356111,102.5796,268.1868,3
20260816_122435_863625,2019-06-20,600642.SH,2700,2700,50.965079,55.38894,11944.4247,50
20260816_122435_863625,2019-06-20,000895.SZ,200,200,554.240033,516.47938,-7552.1306,48
20260816_122435_863625,2019-06-20,002697.SZ,2900,2900,43.471562,44.2742,2327.6502,25
20260816_122435_863625,2019-06-20,600900.SH,2500,2500,50.535583,53.25676,6802.9425,16
20260816_122435_863625,2019-06-20,600377.SH,4500,4500,28.066777,28.8523,3534.8535,15
20260816_122435_863625,2019-06-20,600547.SH,300,300,376.543685,413.9586,11224.4745,6
20260816_122435_863625,2019-06-20,600489.SH,1200,1200,102.356111,105.39,3640.6668,4
20260816_122435_863625,2019-06-21,600642.SH,2700,2700,50.965079,55.29873,11700.8577,51
20260816_122435_863625,2019-06-21,000895.SZ,200,200,554.240033,516.47938,-7552.1306,49
20260816_122435_863625,2019-06-21,002697.SZ,2900,2900,43.471562,44.55984,3156.0062,26
20260816_122435_863625,2019-06-21,600900.SH,2500,2500,50.535583,52.22006,4211.1925,17
20260816_122435_863625,2019-06-21,600377.SH,4500,4500,28.066777,28.40231,1509.8985,16
20260816_122435_863625,2019-06-21,600547.SH,300,300,376.543685,436.623,18023.7945,7
20260816_122435_863625,2019-06-21,600489.SH,1200,1200,102.356111,109.4885,8558.8668,5
20260816_122435_863625,2019-06-21,601006.SH,8900,0,14.72714,14.72556,-14.062,1
20260816_122435_863625,2019-06-24,600642.SH,2700,2700,50.965079,55.20852,11457.2907,52
20260816_122435_863625,2019-06-24,000895.SZ,200,200,554.240033,516.27129,-7593.7486,50
20260816_122435_863625,2019-06-24,002697.SZ,2900,2900,43.471562,45.27394,5226.8962,27
20260816_122435_863625,2019-06-24,600900.SH,2500,2500,50.535583,52.07196,3840.9425,18
20260816_122435_863625,2019-06-24,600377.SH,4500,4500,28.066777,28.26996,914.3235,17
20260816_122435_863625,2019-06-24,600547.SH,300,300,376.543685,449.3995,21856.7445,8
20260816_122435_863625,2019-06-24,600489.SH,1200,1200,102.356111,111.1279,10526.1468,6
20260816_122435_863625,2019-06-24,601006.SH,8900,8900,14.72714,14.80961,733.983,2
20260816_122435_863625,2019-06-25,600642.SH,2700,2700,50.965079,54.84768,10483.0227,53
20260816_122435_863625,2019-06-25,000895.SZ,200,200,554.240033,514.39848,-7968.3106,51
20260816_122435_863625,2019-06-25,002697.SZ,2900,2900,43.471562,44.91689,4191.4512,28
20260816_122435_863625,2019-06-25,600900.SH,2500,2500,50.535583,52.2793,4359.2925,19
20260816_122435_863625,2019-06-25,600377.SH,4500,4500,28.066777,28.50819,1986.3585,18
20260816_122435_863625,2019-06-25,600547.SH,300,300,376.543685,494.395,35355.3945,9
20260816_122435_863625,2019-06-25,600489.SH,1200,1200,102.356111,121.6669,23172.9468,7
20260816_122435_863625,2019-06-25,601006.SH,8900,8900,14.72714,14.70875,-163.671,3
20260816_122435_863625,2019-06-26,600642.SH,2700,2700,50.965079,54.30642,9021.6207,54
20260816_122435_863625,2019-06-26,000895.SZ,200,200,554.240033,520.225,-6803.0066,52
20260816_122435_863625,2019-06-26,002697.SZ,2900,2900,43.471562,46.20227,7919.0532,29
20260816_122435_863625,2019-06-26,600900.SH,2500,2500,50.535583,52.81246,5692.1925,20
20260816_122435_863625,2019-06-26,600377.SH,4500,4500,28.066777,28.34937,1271.6685,19
20260816_122435_863625,2019-06-26,600547.SH,300,300,376.543685,455.51,23689.8945,10
20260816_122435_863625,2019-06-26,600489.SH,1200,1200,102.356111,112.6502,12352.9068,8
20260816_122435_863625,2019-06-26,601006.SH,8900,8900,14.72714,14.72556,-14.062,4
20260816_122435_863625,2019-06-27,600642.SH,2700,2700,50.965079,54.66726,9995.8887,55
20260816_122435_863625,2019-06-27,000895.SZ,200,200,554.240033,521.47354,-6553.2986,53
20260816_122435_863625,2019-06-27,002697.SZ,2900,2900,43.471562,46.20227,7919.0532,30
20260816_122435_863625,2019-06-27,600900.SH,2500,2500,50.535583,52.75322,5544.0925,21
20260816_122435_863625,2019-06-27,600377.SH,4500,4500,28.066777,28.34937,1271.6685,20
20260816_122435_863625,2019-06-27,600547.SH,300,300,376.543685,454.399,23356.5945,11
20260816_122435_863625,2019-06-27,600489.SH,1200,1200,102.356111,114.6409,14741.7468,9
20260816_122435_863625,2019-06-27,601006.SH,8900,8900,14.72714,14.4907,-2104.316,5
20260816_122435_863625,2019-06-28,600642.SH,2700,2700,50.965079,54.21621,8778.0537,56
20260816_122435_863625,2019-06-28,000895.SZ,200,200,554.240033,517.93601,-7260.8046,54
20260816_122435_863625,2019-06-28,002697.SZ,2900,2900,43.471562,46.20227,7919.0532,31
20260816_122435_863625,2019-06-28,600900.SH,2500,2500,50.535583,53.0198,6210.5425,22
20260816_122435_863625,2019-06-28,600377.SH,4500,4500,28.066777,28.42878,1629.0135,21
20260816_122435_863625,2019-06-28,600547.SH,300,300,376.543685,457.3987,24256.5045,12
20260816_122435_863625,2019-06-28,600489.SH,1200,1200,102.356111,120.2617,21486.7068,10
20260816_122435_863625,2019-06-28,601006.SH,8900,8900,14.72714,14.38402,-3053.768,6
20260816_122435_863625,2019-07-01,600642.SH,2700,2700,50.965079,54.66726,9995.8887,57
20260816_122435_863625,2019-07-01,000895.SZ,200,200,554.240033,539.78546,-2890.9146,55
20260816_122435_863625,2019-07-01,002697.SZ,2900,2900,43.471562,46.63073,9161.5872,32
20260816_122435_863625,2019-07-01,600900.SH,2500,2500,50.535583,52.75322,5544.0925,23
20260816_122435_863625,2019-07-01,600377.SH,4500,4500,28.066777,28.77289,3177.5085,22
20260816_122435_863625,2019-07-01,600547.SH,300,300,376.543685,441.7336,19556.9745,13
20260816_122435_863625,2019-07-01,600489.SH,1200,1200,102.356111,119.2078,20222.0268,11
20260816_122435_863625,2019-07-01,601006.SH,8900,8900,14.72714,14.5796,-1313.106,7
20260816_122435_863625,2019-07-02,600642.SH,2700,2700,50.965079,53.67495,7316.6517,58
20260816_122435_863625,2019-07-02,000895.SZ,200,200,554.240033,546.02816,-1642.3746,56
20260816_122435_863625,2019-07-02,002697.SZ,2900,2900,43.471562,46.63073,9161.5872,33
20260816_122435_863625,2019-07-02,600900.SH,2500,2500,50.535583,52.84208,5766.2425,24
20260816_122435_863625,2019-07-02,600377.SH,4500,4500,28.066777,28.53466,2105.4735,23
20260816_122435_863625,2019-07-02,600547.SH,300,300,376.543685,456.2877,23923.2045,14
20260816_122435_863625,2019-07-02,600489.SH,1200,1200,102.356111,118.8565,19800.4668,12
20260816_122435_863625,2019-07-02,601006.SH,8900,8900,14.72714,14.70406,-205.412,8
20260816_122435_863625,2019-07-03,600642.SH,2700,2700,50.965079,53.67495,7316.6517,59
20260816_122435_863625,2019-07-03,000895.SZ,200,200,554.240033,545.40389,-1767.2286,57
20260816_122435_863625,2019-07-03,002697.SZ,2900,2900,43.471562,46.13086,7711.9642,34
20260816_122435_863625,2019-07-03,600900.SH,2500,2500,50.535583,54.08612,8876.3425,25
20260816_122435_863625,2019-07-03,600377.SH,4500,4500,28.066777,29.24935,5321.5785,24
20260816_122435_863625,2019-07-03,600547.SH,300,300,376.543685,471.8417,28589.4045,15
20260816_122435_863625,2019-07-03,600489.SH,1200,1200,102.356111,120.3788,21627.2268,13
20260816_122435_863625,2019-07-03,601006.SH,8900,8900,14.72714,14.5796,-1313.106,9
20260816_122435_863625,2019-07-04,600642.SH,2700,2700,50.965079,53.67495,7316.6517,60
20260816_122435_863625,2019-07-04,000895.SZ,200,200,554.240033,544.77962,-1892.0826,58
20260816_122435_863625,2019-07-04,002697.SZ,2900,2900,43.471562,46.13086,7711.9642,35
20260816_122435_863625,2019-07-04,600900.SH,2500,2500,50.535583,54.14536,9024.4425,26
20260816_122435_863625,2019-07-04,600377.SH,4500,4500,28.066777,29.19641,5083.3485,25
20260816_122435_863625,2019-07-04,600547.SH,300,300,376.543685,457.2876,24223.1745,16
20260816_122435_863625,2019-07-04,600489.SH,1200,1200,102.356111,116.0461,16427.9868,14
20260816_122435_863625,2019-07-04,601006.SH,8900,8900,14.72714,14.4018,-2895.526,10
20260816_122435_863625,2019-07-05,000895.SZ,200,200,554.240033,539.99355,-2849.2966,59
20260816_122435_863625,2019-07-05,002697.SZ,2900,2900,43.471562,45.13112,4812.7182,36
20260816_122435_863625,2019-07-05,600900.SH,2500,2500,50.535583,54.41194,9690.8925,27
20260816_122435_863625,2019-07-05,600377.SH,4500,4500,28.066777,29.22288,5202.4635,26
20260816_122435_863625,2019-07-05,600547.SH,300,300,376.543685,465.0646,26556.2745,17
20260816_122435_863625,2019-07-05,600489.SH,1200,1200,102.356111,117.6855,18395.2668,15
20260816_122435_863625,2019-07-05,601006.SH,8900,8900,14.72714,14.41958,-2737.284,11
20260816_122435_863625,2019-07-08,000895.SZ,200,200,554.240033,525.01107,-5845.7926,60
20260816_122435_863625,2019-07-08,002697.SZ,2900,2900,43.471562,43.84574,1085.1162,37
20260816_122435_863625,2019-07-08,600900.SH,2500,2500,50.535583,53.64182,7765.5925,28
20260816_122435_863625,2019-07-08,600377.SH,4500,4500,28.066777,29.46111,6274.4985,27
20260816_122435_863625,2019-07-08,600547.SH,300,300,376.543685,451.7326,22556.6745,18
20260816_122435_863625,2019-07-08,600489.SH,1200,1200,102.356111,114.0554,14039.1468,16
20260816_122435_863625,2019-07-08,601006.SH,8900,8900,14.72714,14.20622,-4636.188,12
20260816_122435_863625,2019-07-08,002647.SZ,2600,0,50.591433,50.1205,-1224.4258,1
20260816_122435_863625,2019-07-09,002697.SZ,2900,2900,43.471562,43.98856,1499.2942,38
20260816_122435_863625,2019-07-09,600900.SH,2500,2500,50.535583,52.84208,5766.2425,29
20260816_122435_863625,2019-07-09,600377.SH,4500,4500,28.066777,28.90524,3773.0835,28
20260816_122435_863625,2019-07-09,600547.SH,300,300,376.543685,444.2889,20323.5645,19
20260816_122435_863625,2019-07-09,600489.SH,1200,1200,102.356111,111.4792,10947.7068,17
20260816_122435_863625,2019-07-09,601006.SH,8900,8900,14.72714,14.11732,-5427.398,13
20260816_122435_863625,2019-07-09,002647.SZ,2600,2600,50.591433,49.98458,-1577.8178,2
20260816_122435_863625,2019-07-10,002697.SZ,2900,2900,43.471562,43.77433,878.0272,39
20260816_122435_863625,2019-07-10,600900.SH,2500,2500,50.535583,53.316,6951.0425,30
20260816_122435_863625,2019-07-10,600377.SH,4500,4500,28.066777,29.14347,4845.1185,29
20260816_122435_863625,2019-07-10,600547.SH,300,300,376.543685,432.179,16690.5945,20
20260816_122435_863625,2019-07-10,600489.SH,1200,1200,102.356111,108.5517,7434.7068,18
20260816_122435_863625,2019-07-10,601006.SH,8900,8900,14.72714,13.99286,-6535.092,14
20260816_122435_863625,2019-07-10,002647.SZ,2600,2600,50.591433,50.96196,963.3702,3
20260816_122435_863625,2019-07-11,002697.SZ,2900,2900,43.471562,44.13138,1913.4722,40
20260816_122435_863625,2019-07-11,600900.SH,2500,2500,50.535583,54.0565,8802.2925,31
20260816_122435_863625,2019-07-11,600377.SH,4500,4500,28.066777,28.93171,3892.1985,30
20260816_122435_863625,2019-07-11,600547.SH,300,300,376.543685,459.954,25023.0945,21
20260816_122435_863625,2019-07-11,600489.SH,1200,1200,102.356111,113.4699,13336.5468,19
20260816_122435_863625,2019-07-11,601006.SH,8900,8900,14.72714,13.99286,-6535.092,15
20260816_122435_863625,2019-07-11,002647.SZ,2600,2600,50.591433,52.28874,4412.9982,4
20260816_122435_863625,2019-07-11,600007.SH,4600,0,28.099087,29.95832,8552.4718,1
20260816_122435_863625,2019-07-12,002697.SZ,2900,2900,43.471562,44.13138,1913.4722,41
20260816_122435_863625,2019-07-12,600900.SH,2500,2500,50.535583,53.93802,8506.0925,32
20260816_122435_863625,2019-07-12,600377.SH,4500,4500,28.066777,28.59705,2386.2285,31
20260816_122435_863625,2019-07-12,600547.SH,300,300,376.543685,451.8437,22590.0045,22
20260816_122435_863625,2019-07-12,600489.SH,1200,1200,102.356111,111.0108,10385.6268,20
20260816_122435_863625,2019-07-12,601006.SH,8900,8900,14.72714,13.9573,-6851.576,16
20260816_122435_863625,2019-07-12,002647.SZ,2600,2600,50.591433,54.15984,9277.8582,5
20260816_122435_863625,2019-07-12,600007.SH,4600,4600,28.099087,29.78292,7745.6318,2
20260816_122435_863625,2019-07-15,002697.SZ,2900,2900,43.471562,45.55958,6055.2522,42
20260816_122435_863625,2019-07-15,600900.SH,2500,2500,50.535583,53.87878,8357.9925,33
20260816_122435_863625,2019-07-15,600377.SH,4500,4500,28.066777,28.54179,2137.5585,32
20260816_122435_863625,2019-07-15,600547.SH,300,300,376.543685,454.9545,23523.2445,23
20260816_122435_863625,2019-07-15,600489.SH,1200,1200,102.356111,111.3621,10807.1868,21
20260816_122435_863625,2019-07-15,601006.SH,8900,8900,14.72714,14.01064,-6376.85,17
20260816_122435_863625,2019-07-15,002647.SZ,2600,2600,50.591433,53.98974,8835.5982,6
20260816_122435_863625,2019-07-15,600007.SH,4600,4600,28.099087,29.30934,5567.1638,3
20260816_122435_863625,2019-07-16,002697.SZ,2900,2900,43.471562,46.91637,9989.9432,43
20260816_122435_863625,2019-07-16,600900.SH,2500,2500,50.535583,53.64182,7765.5925,34
20260816_122435_863625,2019-07-16,600377.SH,4500,4500,28.066777,28.15497,396.8685,33
20260816_122435_863625,2019-07-16,600547.SH,300,300,376.543685,454.1768,23289.9345,24
20260816_122435_863625,2019-07-16,600489.SH,1200,1200,102.356111,110.7766,10104.5868,22
20260816_122435_863625,2019-07-16,601006.SH,8900,8900,14.72714,13.93952,-7009.818,18
20260816_122435_863625,2019-07-16,002647.SZ,2600,2600,50.591433,53.9217,8658.6942,7
20260816_122435_863625,2019-07-16,600007.SH,4600,4600,28.099087,29.25672,5325.1118,4
20260816_122435_863625,2019-07-17,002697.SZ,2900,2900,43.471562,47.34483,11232.4772,44
20260816_122435_863625,2019-07-17,600900.SH,2500,2500,50.535583,53.58258,7617.4925,35
20260816_122435_863625,2019-07-17,600377.SH,4500,4500,28.066777,27.87867,-846.4815,34
20260816_122435_863625,2019-07-17,600547.SH,300,300,376.543685,441.7336,19556.9745,25
20260816_122435_863625,2019-07-17,600489.SH,1200,1200,102.356111,108.4346,7294.1868,23
20260816_122435_863625,2019-07-17,601006.SH,8900,8900,14.72714,14.01064,-6376.85,19
20260816_122435_863625,2019-07-17,002647.SZ,2600,2600,50.591433,54.15984,9277.8582,8
20260816_122435_863625,2019-07-17,600007.SH,4600,4600,28.099087,28.87084,3550.0638,5
20260816_122435_863625,2019-07-18,002697.SZ,2900,2900,43.471562,46.77355,9575.7652,45
20260816_122435_863625,2019-07-18,600900.SH,2500,2500,50.535583,54.54216,10016.4425,36
20260816_122435_863625,2019-07-18,600377.SH,4500,4500,28.066777,27.74052,-1468.1565,35
20260816_122435_863625,2019-07-18,600547.SH,300,300,376.543685,444.9555,20523.5445,26
20260816_122435_863625,2019-07-18,600489.SH,1200,1200,102.356111,108.3175,7153.6668,24
20260816_122435_863625,2019-07-18,601006.SH,8900,8900,14.72714,13.85062,-7801.028,20
20260816_122435_863625,2019-07-18,002647.SZ,2600,2600,50.591433,53.51346,7597.2702,9
20260816_122435_863625,2019-07-18,600007.SH,4600,4600,28.099087,28.1517,242.0198,6
20260816_122435_863625,2019-07-19,002697.SZ,2900,2900,43.471562,46.91637,9989.9432,46
20260816_122435_863625,2019-07-19,600900.SH,2500,2500,50.535583,55.28088,11863.2425,37
20260816_122435_863625,2019-07-19,600377.SH,4500,4500,28.066777,27.76815,-1343.8215,36
20260816_122435_863625,2019-07-19,600547.SH,300,300,376.543685,469.2864,27822.8145,27
20260816_122435_863625,2019-07-19,600489.SH,1200,1200,102.356111,112.5331,12212.3868,25
20260816_122435_863625,2019-07-19,601006.SH,8900,8900,14.72714,13.85062,-7801.028,21
20260816_122435_863625,2019-07-19,002647.SZ,2600,2600,50.591433,53.95572,8747.1462,10
20260816_122435_863625,2019-07-19,600007.SH,4600,4600,28.099087,28.1517,242.0198,7
20260816_122435_863625,2019-07-22,002697.SZ,2900,2900,43.471562,46.20227,7919.0532,47
20260816_122435_863625,2019-07-22,600900.SH,2500,2500,50.535583,55.98882,13633.0925,38
20260816_122435_863625,2019-07-22,600377.SH,4500,4500,28.066777,28.29312,1018.5435,37
20260816_122435_863625,2019-07-22,600547.SH,300,300,376.543685,458.843,24689.7945,28
20260816_122435_863625,2019-07-22,600489.SH,1200,1200,102.356111,109.8398,8980.4268,26
20260816_122435_863625,2019-07-22,601006.SH,8900,8900,14.72714,13.83284,-7959.27,22
20260816_122435_863625,2019-07-22,002647.SZ,2600,2600,50.591433,54.05778,9012.5022,11
20260816_122435_863625,2019-07-22,600007.SH,4600,4600,28.099087,28.064,-161.4002,8
20260816_122435_863625,2019-07-23,002697.SZ,2900,2900,43.471562,48.05893,13303.3672,48
20260816_122435_863625,2019-07-23,600900.SH,2500,2500,50.535583,56.0196,13710.0425,39
20260816_122435_863625,2019-07-23,600377.SH,4500,4500,28.066777,28.29312,1018.5435,38
20260816_122435_863625,2019-07-23,600547.SH,300,300,376.543685,456.9543,24123.1845,29
20260816_122435_863625,2019-07-23,600489.SH,1200,1200,102.356111,109.3714,8418.3468,27
20260816_122435_863625,2019-07-23,601006.SH,8900,8900,14.72714,13.90396,-7326.302,23
20260816_122435_863625,2019-07-23,002647.SZ,2600,2600,50.591433,54.56808,10339.2822,12
20260816_122435_863625,2019-07-23,600007.SH,4600,4600,28.099087,28.36218,1210.2278,9
20260816_122435_863625,2019-07-24,002697.SZ,2900,2900,43.471562,47.77329,12475.0112,49
20260816_122435_863625,2019-07-24,600900.SH,2500,2500,50.535583,55.95804,13556.1425,40
20260816_122435_863625,2019-07-24,600377.SH,4500,4500,28.066777,28.1826,521.2035,39
20260816_122435_863625,2019-07-24,600547.SH,300,300,376.543685,463.8425,26189.6445,30
20260816_122435_863625,2019-07-24,600489.SH,1200,1200,102.356111,110.7766,10104.5868,28
20260816_122435_863625,2019-07-24,601006.SH,8900,8900,14.72714,14.01064,-6376.85,24
20260816_122435_863625,2019-07-24,002647.SZ,2600,2600,50.591433,55.65672,13169.7462,13
20260816_122435_863625,2019-07-24,600007.SH,4600,4600,28.099087,28.55512,2097.7518,10
20260816_122435_863625,2019-07-25,002697.SZ,2900,2900,43.471562,48.77303,15374.2572,50
20260816_122435_863625,2019-07-25,600900.SH,2500,2500,50.535583,56.08116,13863.9425,41
20260816_122435_863625,2019-07-25,600377.SH,4500,4500,28.066777,28.09971,148.1985,40
20260816_122435_863625,2019-07-25,600547.SH,300,300,376.543685,460.5095,25189.7445,31
20260816_122435_863625,2019-07-25,600489.SH,1200,1200,102.356111,109.7129,8828.1468,29
20260816_122435_863625,2019-07-25,601006.SH,8900,8900,14.72714,13.99286,-6535.092,25
20260816_122435_863625,2019-07-25,002647.SZ,2600,2600,50.591433,54.12582,9189.4062,14
20260816_122435_863625,2019-07-25,600007.SH,4600,4600,28.099087,28.64282,2501.1718,11
20260816_122435_863625,2019-07-26,002697.SZ,2900,2900,43.471562,48.41598,14338.8122,51
20260816_122435_863625,2019-07-26,600900.SH,2500,2500,50.535583,56.943,16018.5425,42
20260816_122435_863625,2019-07-26,600377.SH,4500,4500,28.066777,28.40364,1515.8835,41
20260816_122435_863625,2019-07-26,600547.SH,300,300,376.543685,453.7324,23156.6145,32
20260816_122435_863625,2019-07-26,600489.SH,1200,1200,102.356111,108.89152,7842.4908,30
20260816_122435_863625,2019-07-26,601006.SH,8900,8900,14.72714,13.9573,-6851.576,26
20260816_122435_863625,2019-07-26,002647.SZ,2600,2600,50.591433,54.9423,11312.2542,15
20260816_122435_863625,2019-07-26,600007.SH,4600,4600,28.099087,28.6779,2662.5398,12
20260816_122435_863625,2019-07-29,002697.SZ,2900,2900,43.471562,49.2729,16823.8802,52
20260816_122435_863625,2019-07-29,600900.SH,2500,2500,50.535583,57.8664,18327.0425,43
20260816_122435_863625,2019-07-29,600377.SH,4500,4500,28.066777,28.90098,3753.9135,42
20260816_122435_863625,2019-07-29,600547.SH,300,300,376.543685,454.9545,23523.2445,33
20260816_122435_863625,2019-07-29,600489.SH,1200,1200,102.356111,109.00886,7983.2988,31
20260816_122435_863625,2019-07-29,601006.SH,8900,8900,14.72714,14.02842,-6218.608,27
20260816_122435_863625,2019-07-29,002647.SZ,2600,2600,50.591433,54.9423,11312.2542,16
20260816_122435_863625,2019-07-29,600007.SH,4600,4600,28.099087,28.37972,1290.9118,13
20260816_122435_863625,2019-07-30,002697.SZ,2900,2900,43.471562,48.84444,15581.3462,53
20260816_122435_863625,2019-07-30,600900.SH,2500,2500,50.535583,57.68172,17865.3425,44
20260816_122435_863625,2019-07-30,600377.SH,4500,4500,28.066777,28.81809,3380.9085,43
20260816_122435_863625,2019-07-30,600547.SH,300,300,376.543685,465.7312,26756.2545,34
20260816_122435_863625,2019-07-30,600489.SH,1200,1200,102.356111,110.65162,9954.6108,32
20260816_122435_863625,2019-07-30,601006.SH,8900,8900,14.72714,14.08176,-5743.882,28
20260816_122435_863625,2019-07-30,002647.SZ,2600,2600,50.591433,54.9423,11312.2542,17
20260816_122435_863625,2019-07-30,600007.SH,4600,4600,28.099087,28.53758,2017.0678,14
20260816_122435_863625,2019-07-31,002697.SZ,2900,2900,43.471562,48.91585,15788.4352,54
20260816_122435_863625,2019-07-31,600900.SH,2500,2500,50.535583,57.62016,17711.4425,45
20260816_122435_863625,2019-07-31,600377.SH,4500,4500,28.066777,28.7352,3007.9035,44
20260816_122435_863625,2019-07-31,600547.SH,300,300,376.543685,468.0643,27456.1845,35
20260816_122435_863625,2019-07-31,600489.SH,1200,1200,102.356111,109.94758,9109.7628,33
20260816_122435_863625,2019-07-31,601006.SH,8900,8900,14.72714,14.0462,-6060.366,29
20260816_122435_863625,2019-07-31,002647.SZ,2600,2600,50.591433,60.45354,25641.4782,18
20260816_122435_863625,2019-07-31,600007.SH,4600,4600,28.099087,28.60774,2339.8038,15
20260816_122435_863625,2019-08-01,002697.SZ,2900,2900,43.471562,48.34457,14131.7232,55
20260816_122435_863625,2019-08-01,600900.SH,2500,2500,50.535583,57.74328,18019.2425,46
20260816_122435_863625,2019-08-01,600377.SH,4500,4500,28.066777,28.37601,1391.5485,45
20260816_122435_863625,2019-08-01,600547.SH,300,300,376.543685,445.511,20690.1945,36
20260816_122435_863625,2019-08-01,600489.SH,1200,1200,102.356111,103.61122,1506.1308,34
20260816_122435_863625,2019-08-01,601006.SH,8900,8900,14.72714,14.02842,-6218.608,30
20260816_122435_863625,2019-08-01,002647.SZ,2600,2600,50.591433,60.65766,26172.1902,19
20260816_122435_863625,2019-08-01,600007.SH,4600,4600,28.099087,28.73052,2904.5918,16
20260816_122435_863625,2019-08-02,002697.SZ,2900,2900,43.471562,48.27316,13924.6342,56
20260816_122435_863625,2019-08-02,600900.SH,2500,2500,50.535583,57.83562,18250.0925,47
20260816_122435_863625,2019-08-02,600377.SH,4500,4500,28.066777,28.51416,2013.2235,46
20260816_122435_863625,2019-08-02,600547.SH,300,300,376.543685,454.9545,23523.2445,37
20260816_122435_863625,2019-08-02,600489.SH,1200,1200,102.356111,105.84068,4181.4828,35
20260816_122435_863625,2019-08-02,601006.SH,8900,8900,14.72714,13.92174,-7168.06,31
20260816_122435_863625,2019-08-02,002647.SZ,2600,2600,50.591433,59.12676,22191.8502,20
20260816_122435_863625,2019-08-02,600007.SH,4600,4600,28.099087,28.39726,1371.5958,17
20260816_122435_863625,2019-08-05,002697.SZ,2900,2900,43.471562,47.1306,10611.2102,57
20260816_122435_863625,2019-08-05,600900.SH,2500,2500,50.535583,56.1735,14094.7925,48
20260816_122435_863625,2019-08-05,600377.SH,4500,4500,28.066777,28.29312,1018.5435,47
20260816_122435_863625,2019-08-05,600547.SH,300,300,376.543685,500.5055,37188.5445,38
20260816_122435_863625,2019-08-05,600489.SH,1200,1200,102.356111,114.9932,15164.5068,36
20260816_122435_863625,2019-08-05,601006.SH,8900,8900,14.72714,13.53058,-10649.384,32
20260816_122435_863625,2019-08-05,002647.SZ,2600,2600,50.591433,58.44636,20422.8102,21
20260816_122435_863625,2019-08-05,600007.SH,4600,4600,28.099087,27.73074,-1694.3962,18
20260816_122435_863625,2019-08-06,002697.SZ,2900,2900,43.471562,46.70214,9368.6762,58
20260816_122435_863625,2019-08-06,600900.SH,2500,2500,50.535583,56.45052,14787.3425,49
20260816_122435_863625,2019-08-06,600377.SH,4500,4500,28.066777,28.34838,1267.2135,48
20260816_122435_863625,2019-08-06,600547.SH,300,300,376.543685,502.0609,37655.1645,39
20260816_122435_863625,2019-08-06,600489.SH,1200,1200,102.356111,113.46778,13334.0028,37
20260816_122435_863625,2019-08-06,601006.SH,8900,8900,14.72714,13.29944,-12706.53,33
20260816_122435_863625,2019-08-06,002647.SZ,2600,2600,50.591433,56.23506,14673.4302,22
20260816_122435_863625,2019-08-06,600007.SH,4600,4600,28.099087,28.4148,1452.2798,19
20260816_122435_863625,2019-08-07,002697.SZ,2900,2900,43.471562,46.98778,10197.0322,59
20260816_122435_863625,2019-08-07,600900.SH,2500,2500,50.535583,56.41974,14710.3925,50
20260816_122435_863625,2019-08-07,600377.SH,4500,4500,28.066777,28.37601,1391.5485,49
20260816_122435_863625,2019-08-07,600547.SH,300,300,376.543685,520.9479,43321.2645,40
20260816_122435_863625,2019-08-07,600489.SH,1200,1200,102.356111,119.92148,21078.4428,38
20260816_122435_863625,2019-08-07,601006.SH,8900,8900,14.72714,13.31722,-12548.288,34
20260816_122435_863625,2019-08-07,002647.SZ,2600,2600,50.591433,57.01752,16707.8262,23
20260816_122435_863625,2019-08-07,600007.SH,4600,4600,28.099087,29.27426,5405.7958,20
20260816_122435_863625,2019-08-08,002697.SZ,2900,2900,43.471562,46.70214,9368.6762,60
20260816_122435_863625,2019-08-08,600900.SH,2500,2500,50.535583,58.23576,19250.4425,51
20260816_122435_863625,2019-08-08,600377.SH,4500,4500,28.066777,28.81809,3380.9085,50
20260816_122435_863625,2019-08-08,600547.SH,300,300,376.543685,511.8377,40588.2045,41
20260816_122435_863625,2019-08-08,600489.SH,1200,1200,102.356111,118.63074,19529.5548,39
20260816_122435_863625,2019-08-08,601006.SH,8900,8900,14.72714,13.5128,-10807.626,35
20260816_122435_863625,2019-08-08,002647.SZ,2600,2600,50.591433,57.52782,18034.6062,24
20260816_122435_863625,2019-08-08,600007.SH,4600,4600,28.099087,28.95854,3953.4838,21
20260816_122435_863625,2019-08-09,600900.SH,2500,2500,50.535583,58.05108,18788.7425,52
20260816_122435_863625,2019-08-09,600377.SH,4500,4500,28.066777,28.59705,2386.2285,51
20260816_122435_863625,2019-08-09,600547.SH,300,300,376.543685,512.171,40688.1945,42
20260816_122435_863625,2019-08-09,600489.SH,1200,1200,102.356111,116.63596,17135.8188,40
20260816_122435_863625,2019-08-09,601006.SH,8900,8900,14.72714,13.5128,-10807.626,36
20260816_122435_863625,2019-08-09,002647.SZ,2600,2600,50.591433,57.3237,17503.8942,25
20260816_122435_863625,2019-08-09,600007.SH,4600,4600,28.099087,28.64282,2501.1718,22
20260816_122435_863625,2019-08-12,600900.SH,2500,2500,50.535583,57.77406,18096.1925,53
20260816_122435_863625,2019-08-12,600377.SH,4500,4500,28.066777,28.70757,2883.5685,52
20260816_122435_863625,2019-08-12,600547.SH,300,300,376.543685,512.0599,40654.8645,43
20260816_122435_863625,2019-08-12,600489.SH,1200,1200,102.356111,116.63596,17135.8188,41
20260816_122435_863625,2019-08-12,601006.SH,8900,8900,14.72714,13.61948,-9858.174,37
20260816_122435_863625,2019-08-12,002647.SZ,2600,2600,50.591433,57.45978,17857.7022,26
20260816_122435_863625,2019-08-12,600007.SH,4600,4600,28.099087,28.87084,3550.0638,23
20260816_122435_863625,2019-08-13,600900.SH,2500,2500,50.535583,57.65094,17788.3925,54
20260816_122435_863625,2019-08-13,600377.SH,4500,4500,28.066777,28.4589,1764.5535,53
20260816_122435_863625,2019-08-13,600547.SH,300,300,376.543685,555.0556,53553.5745,44
20260816_122435_863625,2019-08-13,600489.SH,1200,1200,102.356111,122.6203,24317.0268,42
20260816_122435_863625,2019-08-13,601006.SH,8900,8900,14.72714,13.40612,-11757.078,38
20260816_122435_863625,2019-08-13,002647.SZ,2600,2600,50.591433,56.9835,16619.3742,27
20260816_122435_863625,2019-08-13,600007.SH,4600,4600,28.099087,28.55512,2097.7518,24
20260816_122435_863625,2019-08-14,600900.SH,2500,2500,50.535583,57.92796,18480.9425,55
20260816_122435_863625,2019-08-14,600377.SH,4500,4500,28.066777,28.12734,272.5335,54
20260816_122435_863625,2019-08-14,600547.SH,300,300,376.543685,542.6124,49820.6145,45
20260816_122435_863625,2019-08-14,600489.SH,1200,1200,102.356111,118.04404,18825.5148,43
20260816_122435_863625,2019-08-14,601006.SH,8900,8900,14.72714,13.37056,-12073.562,39
20260816_122435_863625,2019-08-14,002647.SZ,2600,2600,50.591433,56.84742,16265.5662,28
20260816_122435_863625,2019-08-14,600007.SH,4600,4600,28.099087,28.52004,1936.3838,25
20260816_122435_863625,2019-08-15,600900.SH,2500,2500,50.535583,57.98952,18634.8425,56
20260816_122435_863625,2019-08-15,600377.SH,4500,4500,28.066777,27.51948,-2462.8365,55
20260816_122435_863625,2019-08-15,600547.SH,300,300,376.543685,562.0549,55653.3645,46
20260816_122435_863625,2019-08-15,600489.SH,1200,1200,102.356111,118.74808,19670.3628,44
20260816_122435_863625,2019-08-15,601006.SH,8900,8900,14.72714,13.2461,-13181.256,40
20260816_122435_863625,2019-08-15,002647.SZ,2600,2600,50.591433,56.88144,16354.0182,29
20260816_122435_863625,2019-08-15,600007.SH,4600,4600,28.099087,29.3795,5889.8998,26
20260816_122435_863625,2019-08-16,600900.SH,2500,2500,50.535583,58.6359,20250.7925,57
20260816_122435_863625,2019-08-16,600377.SH,4500,4500,28.066777,27.82341,-1095.1515,56
20260816_122435_863625,2019-08-16,600547.SH,300,300,376.543685,569.3875,57853.1445,47
20260816_122435_863625,2019-08-16,600489.SH,1200,1200,102.356111,118.39606,19247.9388,45
20260816_122435_863625,2019-08-16,601006.SH,8900,8900,14.72714,13.35278,-12231.804,41
20260816_122435_863625,2019-08-16,002647.SZ,2600,2600,50.591433,56.67732,15823.3062,30
20260816_122435_863625,2019-08-16,600007.SH,4600,4600,28.099087,28.71298,2823.9078,27
20260816_122435_863625,2019-08-19,600900.SH,2500,2500,50.535583,60.08256,23867.4425,58
20260816_122435_863625,2019-08-19,600377.SH,4500,4500,28.066777,27.76815,-1343.8215,57
20260816_122435_863625,2019-08-19,600547.SH,300,300,376.543685,560.4995,55186.7445,48
20260816_122435_863625,2019-08-19,600489.SH,1200,1200,102.356111,116.1666,16572.5868,46
20260816_122435_863625,2019-08-19,601006.SH,8900,8900,14.72714,13.61948,-9858.174,42
20260816_122435_863625,2019-08-19,002647.SZ,2600,2600,50.591433,56.8134,16177.1142,31
20260816_122435_863625,2019-08-19,600007.SH,4600,4600,28.099087,28.87084,3550.0638,28
20260816_122435_863625,2019-08-20,600900.SH,2500,2500,50.535583,58.1742,19096.5425,59
20260816_122435_863625,2019-08-20,600377.SH,4500,4500,28.066777,27.65763,-1841.1615,58
20260816_122435_863625,2019-08-20,600547.SH,300,300,376.543685,586.0712,62858.2545,49
20260816_122435_863625,2019-08-20,600489.SH,1200,1200,102.356111,115.46256,15727.7388,47
20260816_122435_863625,2019-08-20,601006.SH,8900,8900,14.72714,13.67282,-9383.448,43
20260816_122435_863625,2019-08-20,002647.SZ,2600,2600,50.591433,54.9423,11312.2542,32
20260816_122435_863625,2019-08-20,600007.SH,4600,4600,28.099087,28.5902,2259.1198,29
20260816_122435_863625,2019-08-21,600900.SH,2500,2500,50.535583,57.77406,18096.1925,60
20260816_122435_863625,2019-08-21,600377.SH,4500,4500,28.066777,27.74052,-1468.1565,59
20260816_122435_863625,2019-08-21,600547.SH,300,300,376.543685,576.719,60052.5945,50
20260816_122435_863625,2019-08-21,600489.SH,1200,1200,102.356111,113.11576,12911.5788,48
20260816_122435_863625,2019-08-21,601006.SH,8900,8900,14.72714,13.61948,-9858.174,44
20260816_122435_863625,2019-08-21,002647.SZ,2600,2600,50.591433,55.21446,12019.8702,33
20260816_122435_863625,2019-08-21,600007.SH,4600,4600,28.099087,29.22164,5163.7438,30
20260816_122435_863625,2019-08-22,600377.SH,4500,4500,28.066777,27.57474,-2214.1665,60
20260816_122435_863625,2019-08-22,600547.SH,300,300,376.543685,566.74332,57059.8905,51
20260816_122435_863625,2019-08-22,600489.SH,1200,1200,102.356111,112.29438,11925.9228,49
20260816_122435_863625,2019-08-22,601006.SH,8900,8900,14.72714,13.7795,-8433.996,45
20260816_122435_863625,2019-08-22,002647.SZ,2600,2600,50.591433,58.14018,19626.7422,34
20260816_122435_863625,2019-08-22,600007.SH,4600,4600,28.099087,28.83576,3388.6958,31
20260816_122435_863625,2019-08-22,600323.SH,2000,0,67.702038,67.1789,-1046.276,1
20260816_122435_863625,2019-08-23,600547.SH,300,300,376.543685,567.21093,57200.1735,52
20260816_122435_863625,2019-08-23,600489.SH,1200,1200,102.356111,112.41172,12066.7308,50
20260816_122435_863625,2019-08-23,601006.SH,8900,8900,14.72714,13.81506,-8117.512,46
20260816_122435_863625,2019-08-23,002647.SZ,2600,2600,50.591433,57.834,18830.6742,35
20260816_122435_863625,2019-08-23,600007.SH,4600,4600,28.099087,28.7656,3065.9598,32
20260816_122435_863625,2019-08-23,600323.SH,2000,2000,67.702038,67.21545,-973.176,2
20260816_122435_863625,2019-08-26,600547.SH,300,300,376.543685,593.8647,65196.3045,53
20260816_122435_863625,2019-08-26,600489.SH,1200,1200,102.356111,115.34522,15586.9308,51
20260816_122435_863625,2019-08-26,601006.SH,8900,8900,14.72714,13.65504,-9541.69,47
20260816_122435_863625,2019-08-26,002647.SZ,2600,2600,50.591433,56.71134,15911.7582,36
20260816_122435_863625,2019-08-26,600007.SH,4600,4600,28.099087,28.08154,-80.7162,33
20260816_122435_863625,2019-08-26,600323.SH,2000,2000,67.702038,66.70375,-1996.576,3
20260816_122435_863625,2019-08-26,002039.SZ,3900,0,35.614891,35.93612,1252.7931,1
20260816_122435_863625,2019-08-26,600062.SH,1300,0,102.967254,107.06598,5328.3438,1
20260816_122435_863625,2019-08-27,600547.SH,300,300,376.543685,611.0104,70340.0145,54
20260816_122435_863625,2019-08-27,600489.SH,1200,1200,102.356111,115.81458,16150.1628,52
20260816_122435_863625,2019-08-27,601006.SH,8900,8900,14.72714,13.6017,-10016.416,48
20260816_122435_863625,2019-08-27,002647.SZ,2600,2600,50.591433,57.6639,18388.4142,37
20260816_122435_863625,2019-08-27,600007.SH,4600,4600,28.099087,28.55512,2097.7518,34
20260816_122435_863625,2019-08-27,600323.SH,2000,2000,67.702038,66.1555,-3093.076,4
20260816_122435_863625,2019-08-27,002039.SZ,3900,3900,35.614891,36.00926,1538.0391,2
20260816_122435_863625,2019-08-27,600062.SH,1300,1300,102.967254,106.8354,5028.5898,2
20260816_122435_863625,2019-08-28,600547.SH,300,300,376.543685,612.5691,70807.6245,55
20260816_122435_863625,2019-08-28,600489.SH,1200,1200,102.356111,114.52384,14601.2748,53
20260816_122435_863625,2019-08-28,601006.SH,8900,8900,14.72714,13.72616,-8908.722,49
20260816_122435_863625,2019-08-28,002647.SZ,2600,2600,50.591433,57.4938,17946.1542,38
20260816_122435_863625,2019-08-28,600007.SH,4600,4600,28.099087,28.69544,2743.2238,35
20260816_122435_863625,2019-08-28,600323.SH,2000,2000,67.702038,65.79,-3824.076,5
20260816_122435_863625,2019-08-28,002039.SZ,3900,3900,35.614891,35.9605,1347.8751,3
20260816_122435_863625,2019-08-28,600062.SH,1300,1300,102.967254,104.5296,2031.0498,3
20260816_122435_863625,2019-08-29,600547.SH,300,300,376.543685,629.7148,75951.3345,56
20260816_122435_863625,2019-08-29,600489.SH,1200,1200,102.356111,117.22266,17839.8588,54
20260816_122435_863625,2019-08-29,601006.SH,8900,8900,14.72714,13.76172,-8592.238,50
20260816_122435_863625,2019-08-29,002647.SZ,2600,2600,50.591433,57.42576,17769.2502,39
20260816_122435_863625,2019-08-29,600007.SH,4600,4600,28.099087,28.1517,242.0198,36
20260816_122435_863625,2019-08-29,600323.SH,2000,2000,67.702038,65.16865,-5066.776,6
20260816_122435_863625,2019-08-29,002039.SZ,3900,3900,35.614891,35.81422,777.3831,4
20260816_122435_863625,2019-08-29,600062.SH,1300,1300,102.967254,104.76018,2330.8038,4
20260816_122435_863625,2019-08-30,600547.SH,300,300,376.543685,621.60956,73519.7625,57
20260816_122435_863625,2019-08-30,600489.SH,1200,1200,102.356111,114.75852,14882.8908,55
20260816_122435_863625,2019-08-30,601006.SH,8900,8900,14.72714,13.76172,-8592.238,51
20260816_122435_863625,2019-08-30,002647.SZ,2600,2600,50.591433,57.1536,17061.6342,40
20260816_122435_863625,2019-08-30,600007.SH,4600,4600,28.099087,28.81822,3308.0118,37
20260816_122435_863625,2019-08-30,600323.SH,2000,2000,67.702038,64.328,-6748.076,7
20260816_122435_863625,2019-08-30,002039.SZ,3900,3900,35.614891,35.7167,397.0551,5
20260816_122435_863625,2019-08-30,600062.SH,1300,1300,102.967254,102.68496,-366.9822,5
20260816_122435_863625,2019-09-02,600547.SH,300,300,376.543685,616.30998,71929.8885,58
20260816_122435_863625,2019-09-02,600489.SH,1200,1200,102.356111,114.28916,14319.6588,56
20260816_122435_863625,2019-09-02,601006.SH,8900,8900,14.72714,13.90396,-7326.302,52
20260816_122435_863625,2019-09-02,002647.SZ,2600,2600,50.591433,57.1536,17061.6342,41
20260816_122435_863625,2019-09-02,600007.SH,4600,4600,28.099087,28.4148,1452.2798,38
20260816_122435_863625,2019-09-02,600323.SH,2000,2000,67.702038,65.60725,-4189.576,8
20260816_122435_863625,2019-09-02,002039.SZ,3900,3900,35.614891,35.4729,-553.7649,6
20260816_122435_863625,2019-09-02,600062.SH,1300,1300,102.967254,104.99076,2630.5578,6
20260816_122435_863625,2019-09-03,600547.SH,300,300,376.543685,614.90715,71509.0395,59
20260816_122435_863625,2019-09-03,600489.SH,1200,1200,102.356111,114.28916,14319.6588,57
20260816_122435_863625,2019-09-03,601006.SH,8900,8900,14.72714,13.8684,-7642.786,53
20260816_122435_863625,2019-09-03,002647.SZ,2600,2600,50.591433,57.69792,18476.8662,42
20260816_122435_863625,2019-09-03,600007.SH,4600,4600,28.099087,28.4148,1452.2798,39
20260816_122435_863625,2019-09-03,600323.SH,2000,2000,67.702038,65.2783,-4847.476,9
20260816_122435_863625,2019-09-03,002039.SZ,3900,3900,35.614891,35.52166,-363.6009,7
20260816_122435_863625,2019-09-03,600062.SH,1300,1300,102.967254,103.99158,1331.6238,7
20260816_122435_863625,2019-09-04,600547.SH,300,300,376.543685,620.98608,73332.7185,60
20260816_122435_863625,2019-09-04,600489.SH,1200,1200,102.356111,114.75852,14882.8908,58
20260816_122435_863625,2019-09-04,601006.SH,8900,8900,14.72714,13.97508,-6693.334,54
20260816_122435_863625,2019-09-04,002647.SZ,2600,2600,50.591433,57.28968,17415.4422,43
20260816_122435_863625,2019-09-04,600007.SH,4600,4600,28.099087,28.60774,2339.8038,40
20260816_122435_863625,2019-09-04,600323.SH,2000,2000,67.702038,66.0824,-3239.276,10
20260816_122435_863625,2019-09-04,002039.SZ,3900,3900,35.614891,35.44852,-648.8469,8
20260816_122435_863625,2019-09-04,600062.SH,1300,1300,102.967254,104.06844,1431.5418,8
20260816_122435_863625,2019-09-05,600489.SH,1200,1200,102.356111,115.22788,15446.1228,59
20260816_122435_863625,2019-09-05,601006.SH,8900,8900,14.72714,13.99286,-6535.092,55
20260816_122435_863625,2019-09-05,002647.SZ,2600,2600,50.591433,58.3443,20157.4542,44
20260816_122435_863625,2019-09-05,600007.SH,4600,4600,28.099087,28.69544,2743.2238,41
20260816_122435_863625,2019-09-05,600323.SH,2000,2000,67.702038,65.16865,-5066.776,11
20260816_122435_863625,2019-09-05,002039.SZ,3900,3900,35.614891,35.27786,-1314.4209,9
20260816_122435_863625,2019-09-05,600062.SH,1300,1300,102.967254,103.91472,1231.7058,9
20260816_122435_863625,2019-09-06,600489.SH,1200,1200,102.356111,111.59034,11081.0748,60
20260816_122435_863625,2019-09-06,601006.SH,8900,8900,14.72714,14.01064,-6376.85,56
20260816_122435_863625,2019-09-06,002647.SZ,2600,2600,50.591433,58.41234,20334.3582,45
20260816_122435_863625,2019-09-06,600007.SH,4600,4600,28.099087,29.04624,4356.9038,42
20260816_122435_863625,2019-09-06,600323.SH,2000,2000,67.702038,66.41135,-2581.376,12
20260816_122435_863625,2019-09-06,002039.SZ,3900,3900,35.614891,35.37538,-934.0929,10
20260816_122435_863625,2019-09-06,600062.SH,1300,1300,102.967254,106.14366,4129.3278,10
20260816_122435_863625,2019-09-06,000667.SZ,1900,0,72.839714,72.74876,-172.8126,1
20260816_122435_863625,2019-09-09,601006.SH,8900,8900,14.72714,14.01064,-6376.85,57
20260816_122435_863625,2019-09-09,002647.SZ,2600,2600,50.591433,58.8546,21484.2342,46
20260816_122435_863625,2019-09-09,600007.SH,4600,4600,28.099087,29.87062,8149.0518,43
20260816_122435_863625,2019-09-09,600323.SH,2000,2000,67.702038,67.983,561.924,13
20260816_122435_863625,2019-09-09,002039.SZ,3900,3900,35.614891,35.7167,397.0551,11
20260816_122435_863625,2019-09-09,600062.SH,1300,1300,102.967254,106.14366,4129.3278,11
20260816_122435_863625,2019-09-09,000667.SZ,1900,1900,72.839714,73.5092,1272.0234,2
20260816_122435_863625,2019-09-10,601006.SH,8900,8900,14.72714,13.85062,-7801.028,58
20260816_122435_863625,2019-09-10,002647.SZ,2600,2600,50.591433,58.75254,21218.8782,47
20260816_122435_863625,2019-09-10,600007.SH,4600,4600,28.099087,29.80046,7826.3158,44
20260816_122435_863625,2019-09-10,600323.SH,2000,2000,67.702038,66.8134,-1777.276,14
20260816_122435_863625,2019-09-10,002039.SZ,3900,3900,35.614891,35.4729,-553.7649,12
20260816_122435_863625,2019-09-10,600062.SH,1300,1300,102.967254,106.8354,5028.5898,12
20260816_122435_863625,2019-09-10,000667.SZ,1900,1900,72.839714,72.74876,-172.8126,3
20260816_122435_863625,2019-09-10,600461.SH,5200,0,27.609616,27.66038,263.9728,1
20260816_122435_863625,2019-09-11,601006.SH,8900,8900,14.72714,13.83284,-7959.27,59
20260816_122435_863625,2019-09-11,002647.SZ,2600,2600,50.591433,58.71852,21130.4262,48
20260816_122435_863625,2019-09-11,600007.SH,4600,4600,28.099087,29.44966,6212.6358,45
20260816_122435_863625,2019-09-11,600323.SH,2000,2000,67.702038,66.84995,-1704.176,15
20260816_122435_863625,2019-09-11,002039.SZ,3900,3900,35.614891,35.25348,-1409.5029,13
20260816_122435_863625,2019-09-11,600062.SH,1300,1300,102.967254,105.75936,3629.7378,13
20260816_122435_863625,2019-09-11,000667.SZ,1900,1900,72.839714,72.74876,-172.8126,4
20260816_122435_863625,2019-09-11,600461.SH,5200,5200,27.609616,27.40466,-1065.7712,2
20260816_122435_863625,2019-09-12,601006.SH,8900,8900,14.72714,13.90396,-7326.302,60
20260816_122435_863625,2019-09-12,002647.SZ,2600,2600,50.591433,58.75254,21218.8782,49
20260816_122435_863625,2019-09-12,600007.SH,4600,4600,28.099087,29.36196,5809.2158,46
20260816_122435_863625,2019-09-12,600323.SH,2000,2000,67.702038,66.55755,-2288.976,16
20260816_122435_863625,2019-09-12,002039.SZ,3900,3900,35.614891,35.32662,-1124.2569,14
20260816_122435_863625,2019-09-12,600062.SH,1300,1300,102.967254,104.76018,2330.8038,14
20260816_122435_863625,2019-09-12,000667.SZ,1900,1900,72.839714,73.5092,1272.0234,5
20260816_122435_863625,2019-09-12,600461.SH,5200,5200,27.609616,27.19156,-2173.8912,3
20260816_122435_863625,2019-09-16,002647.SZ,2600,2600,50.591433,58.58244,20776.6182,50
20260816_122435_863625,2019-09-16,600007.SH,4600,4600,28.099087,29.27426,5405.7958,47
20260816_122435_863625,2019-09-16,600323.SH,2000,2000,67.702038,67.6175,-169.076,17
20260816_122435_863625,2019-09-16,002039.SZ,3900,3900,35.614891,35.5948,-78.3549,15
20260816_122435_863625,2019-09-16,600062.SH,1300,1300,102.967254,104.29902,1731.2958,15
20260816_122435_863625,2019-09-16,000667.SZ,1900,1900,72.839714,73.25572,790.4114,6
20260816_122435_863625,2019-09-16,600461.SH,5200,5200,27.609616,27.10632,-2617.1392,4
20260816_122435_863625,2019-09-17,002647.SZ,2600,2600,50.591433,57.25566,17326.9902,51
20260816_122435_863625,2019-09-17,600007.SH,4600,4600,28.099087,28.66036,2581.8558,48
20260816_122435_863625,2019-09-17,600323.SH,2000,2000,67.702038,65.79,-3824.076,18
20260816_122435_863625,2019-09-17,002039.SZ,3900,3900,35.614891,35.13158,-1884.9129,16
20260816_122435_863625,2019-09-17,600062.SH,1300,1300,102.967254,101.99322,-1266.2442,16
20260816_122435_863625,2019-09-17,000667.SZ,1900,1900,72.839714,72.2418,-1136.0366,7
20260816_122435_863625,2019-09-17,600461.SH,5200,5200,27.609616,26.4244,-6163.1232,5
20260816_122435_863625,2019-09-17,600285.SH,2300,0,61.052735,59.0473,-4612.5005,1
20260816_122435_863625,2019-09-18,002647.SZ,2600,2600,50.591433,57.59586,18211.5102,52
20260816_122435_863625,2019-09-18,600007.SH,4600,4600,28.099087,28.7656,3065.9598,49
20260816_122435_863625,2019-09-18,600323.SH,2000,2000,67.702038,66.26515,-2873.776,19
20260816_122435_863625,2019-09-18,002039.SZ,3900,3900,35.614891,35.13158,-1884.9129,17
20260816_122435_863625,2019-09-18,600062.SH,1300,1300,102.967254,102.37752,-766.6542,17
20260816_122435_863625,2019-09-18,000667.SZ,1900,1900,72.839714,71.73484,-2099.2606,8
20260816_122435_863625,2019-09-18,600461.SH,5200,5200,27.609616,26.59488,-5276.6272,6
20260816_122435_863625,2019-09-18,600285.SH,2300,2300,61.052735,58.8406,-5087.9105,2
20260816_122435_863625,2019-09-19,002647.SZ,2600,2600,50.591433,56.16702,14496.5262,53
20260816_122435_863625,2019-09-19,600007.SH,4600,4600,28.099087,28.95854,3953.4838,50
20260816_122435_863625,2019-09-19,600323.SH,2000,2000,67.702038,65.79,-3824.076,20
20260816_122435_863625,2019-09-19,002039.SZ,3900,3900,35.614891,35.1072,-1979.9949,18
20260816_122435_863625,2019-09-19,600062.SH,1300,1300,102.967254,102.76182,-267.0642,18
20260816_122435_863625,2019-09-19,000667.SZ,1900,1900,72.839714,72.49528,-654.4246,9
20260816_122435_863625,2019-09-19,600461.SH,5200,5200,27.609616,26.8506,-3946.8832,7
20260816_122435_863625,2019-09-19,600285.SH,2300,2300,61.052735,58.8406,-5087.9105,3
20260816_122435_863625,2019-09-20,002647.SZ,2600,2600,50.591433,57.59586,18211.5102,54
20260816_122435_863625,2019-09-20,600007.SH,4600,4600,28.099087,29.06378,4437.5878,51
20260816_122435_863625,2019-09-20,600323.SH,2000,2000,67.702038,66.84995,-1704.176,21
20260816_122435_863625,2019-09-20,002039.SZ,3900,3900,35.614891,35.49728,-458.6829,19
20260816_122435_863625,2019-09-20,600062.SH,1300,1300,102.967254,102.6081,-466.9002,19
20260816_122435_863625,2019-09-20,000667.SZ,1900,1900,72.839714,73.00224,308.7994,10
20260816_122435_863625,2019-09-20,600461.SH,5200,5200,27.609616,26.38178,-6384.7472,8
20260816_122435_863625,2019-09-20,600285.SH,2300,2300,61.052735,58.1516,-6672.6105,4
20260816_122435_863625,2019-09-23,002647.SZ,2600,2600,50.591433,56.57526,15557.9502,55
20260816_122435_863625,2019-09-23,600007.SH,4600,4600,28.099087,28.30956,968.1758,52
20260816_122435_863625,2019-09-23,600323.SH,2000,2000,67.702038,65.5707,-4262.676,22
20260816_122435_863625,2019-09-23,002039.SZ,3900,3900,35.614891,35.351,-1029.1749,20
20260816_122435_863625,2019-09-23,600062.SH,1300,1300,102.967254,100.45602,-3264.6042,20
20260816_122435_863625,2019-09-23,000667.SZ,1900,1900,72.839714,72.49528,-654.4246,11
20260816_122435_863625,2019-09-23,600461.SH,5200,5200,27.609616,26.46702,-5941.4992,9
20260816_122435_863625,2019-09-23,600285.SH,2300,2300,61.052735,57.0492,-9208.1305,5
20260816_122435_863625,2019-09-24,002647.SZ,2600,2600,50.591433,56.33712,14938.7862,56
20260816_122435_863625,2019-09-24,600007.SH,4600,4600,28.099087,28.30956,968.1758,53
20260816_122435_863625,2019-09-24,600323.SH,2000,2000,67.702038,65.4245,-4555.076,23
20260816_122435_863625,2019-09-24,002039.SZ,3900,3900,35.614891,35.32662,-1124.2569,21
20260816_122435_863625,2019-09-24,600062.SH,1300,1300,102.967254,101.22462,-2265.4242,21
20260816_122435_863625,2019-09-24,000667.SZ,1900,1900,72.839714,72.49528,-654.4246,12
20260816_122435_863625,2019-09-24,600461.SH,5200,5200,27.609616,26.12606,-7714.4912,10
20260816_122435_863625,2019-09-24,600285.SH,2300,2300,61.052735,56.498,-10475.8905,6
20260816_122435_863625,2019-09-25,002647.SZ,2600,2600,50.591433,55.14642,11842.9662,57
20260816_122435_863625,2019-09-25,600007.SH,4600,4600,28.099087,27.8886,-968.2402,54
20260816_122435_863625,2019-09-25,600323.SH,2000,2000,67.702038,65.8631,-3677.876,24
20260816_122435_863625,2019-09-25,002039.SZ,3900,3900,35.614891,34.88778,-2835.7329,22
20260816_122435_863625,2019-09-25,600062.SH,1300,1300,102.967254,95.15268,-10158.9462,22
20260816_122435_863625,2019-09-25,000667.SZ,1900,1900,72.839714,71.98832,-1617.6486,13
20260816_122435_863625,2019-09-25,600461.SH,5200,5200,27.609616,25.91296,-8822.6112,11
20260816_122435_863625,2019-09-25,600285.SH,2300,2300,61.052735,55.9468,-11743.6505,7
20260816_122435_863625,2019-09-26,002647.SZ,2600,2600,50.591433,54.80622,10958.4462,58
20260816_122435_863625,2019-09-26,600007.SH,4600,4600,28.099087,28.4148,1452.2798,55
20260816_122435_863625,2019-09-26,600323.SH,2000,2000,67.702038,65.24175,-4920.576,25
20260816_122435_863625,2019-09-26,002039.SZ,3900,3900,35.614891,34.76588,-3311.1429,23
20260816_122435_863625,2019-09-26,600062.SH,1300,1300,102.967254,94.23036,-11357.9622,23
20260816_122435_863625,2019-09-26,000667.SZ,1900,1900,72.839714,71.48136,-2580.8726,14
20260816_122435_863625,2019-09-26,600461.SH,5200,5200,27.609616,25.9982,-8379.3632,12
20260816_122435_863625,2019-09-26,600285.SH,2300,2300,61.052735,55.6712,-12377.5305,8
20260816_122435_863625,2019-09-27,002647.SZ,2600,2600,50.591433,55.1124,11754.5142,59
20260816_122435_863625,2019-09-27,600007.SH,4600,4600,28.099087,28.27448,806.8078,56
20260816_122435_863625,2019-09-27,600323.SH,2000,2000,67.702038,64.80315,-5797.776,26
20260816_122435_863625,2019-09-27,002039.SZ,3900,3900,35.614891,34.4977,-4357.0449,24
20260816_122435_863625,2019-09-27,600062.SH,1300,1300,102.967254,94.61466,-10858.3722,24
20260816_122435_863625,2019-09-27,000667.SZ,1900,1900,72.839714,71.98832,-1617.6486,15
20260816_122435_863625,2019-09-27,600461.SH,5200,5200,27.609616,25.9982,-8379.3632,13
20260816_122435_863625,2019-09-27,600285.SH,2300,2300,61.052735,56.8425,-9683.5405,9
20260816_122435_863625,2019-09-30,002647.SZ,2600,2600,50.591433,54.6021,10427.7342,60
20260816_122435_863625,2019-09-30,600007.SH,4600,4600,28.099087,28.36218,1210.2278,57
20260816_122435_863625,2019-09-30,600323.SH,2000,2000,67.702038,64.7666,-5870.876,27
20260816_122435_863625,2019-09-30,002039.SZ,3900,3900,35.614891,34.30266,-5117.7009,25
20260816_122435_863625,2019-09-30,600062.SH,1300,1300,102.967254,93.7692,-11957.4702,25
20260816_122435_863625,2019-09-30,000667.SZ,1900,1900,72.839714,72.2418,-1136.0366,16
20260816_122435_863625,2019-09-30,600461.SH,5200,5200,27.609616,25.7851,-9487.4832,14
20260816_122435_863625,2019-09-30,600285.SH,2300,2300,61.052735,56.6358,-10158.9505,10
20260816_122435_863625,2019-10-08,600007.SH,4600,4600,28.099087,28.57266,2178.4358,58
20260816_122435_863625,2019-10-08,600323.SH,2000,2000,67.702038,65.24175,-4920.576,28
20260816_122435_863625,2019-10-08,002039.SZ,3900,3900,35.614891,34.42456,-4642.2909,26
20260816_122435_863625,2019-10-08,600062.SH,1300,1300,102.967254,94.46094,-11058.2082,26
20260816_122435_863625,2019-10-08,000667.SZ,1900,1900,72.839714,71.73484,-2099.2606,17
20260816_122435_863625,2019-10-08,600461.SH,5200,5200,27.609616,25.82772,-9265.8592,15
20260816_122435_863625,2019-10-08,600285.SH,2300,2300,61.052735,57.5315,-8098.8405,11
20260816_122435_863625,2019-10-09,600007.SH,4600,4600,28.099087,28.73052,2904.5918,59
20260816_122435_863625,2019-10-09,600323.SH,2000,2000,67.702038,64.4742,-6455.676,29
20260816_122435_863625,2019-10-09,002039.SZ,3900,3900,35.614891,34.7415,-3406.2249,27
20260816_122435_863625,2019-10-09,600062.SH,1300,1300,102.967254,95.84442,-9259.6842,27
20260816_122435_863625,2019-10-09,000667.SZ,1900,1900,72.839714,71.48136,-2580.8726,18
20260816_122435_863625,2019-10-09,600461.SH,5200,5200,27.609616,25.69986,-9930.7312,16
20260816_122435_863625,2019-10-09,600285.SH,2300,2300,61.052735,57.187,-8891.1905,12
20260816_122435_863625,2019-10-09,000598.SZ,1100,0,119.590852,119.44152,-164.2652,1
20260816_122435_863625,2019-10-10,600007.SH,4600,4600,28.099087,29.44966,6212.6358,60
20260816_122435_863625,2019-10-10,600323.SH,2000,2000,67.702038,64.73005,-5943.976,30
20260816_122435_863625,2019-10-10,002039.SZ,3900,3900,35.614891,34.91216,-2740.6509,28
20260816_122435_863625,2019-10-10,600062.SH,1300,1300,102.967254,95.84442,-9259.6842,28
20260816_122435_863625,2019-10-10,000667.SZ,1900,1900,72.839714,71.73484,-2099.2606,19
20260816_122435_863625,2019-10-10,600461.SH,5200,5200,27.609616,26.08344,-7936.1152,17
20260816_122435_863625,2019-10-10,600285.SH,2300,2300,61.052735,57.3248,-8574.2505,13
20260816_122435_863625,2019-10-10,000598.SZ,1100,1100,119.590852,120.42864,921.5668,2
20260816_122435_863625,2019-10-11,600323.SH,2000,2000,67.702038,65.02245,-5359.176,31
20260816_122435_863625,2019-10-11,002039.SZ,3900,3900,35.614891,34.9853,-2455.4049,29
20260816_122435_863625,2019-10-11,600062.SH,1300,1300,102.967254,95.53698,-9659.3562,29
20260816_122435_863625,2019-10-11,000667.SZ,1900,1900,72.839714,71.22788,-3062.4846,20
20260816_122435_863625,2019-10-11,600461.SH,5200,5200,27.609616,26.25392,-7049.6192,18
20260816_122435_863625,2019-10-11,600285.SH,2300,2300,61.052735,57.3248,-8574.2505,14
20260816_122435_863625,2019-10-11,000598.SZ,1100,1100,119.590852,119.93508,378.6508,3
20260816_122435_863625,2019-10-14,600323.SH,2000,2000,67.702038,66.8865,-1631.076,32
20260816_122435_863625,2019-10-14,002039.SZ,3900,3900,35.614891,35.05844,-2170.1589,30
20260816_122435_863625,2019-10-14,600062.SH,1300,1300,102.967254,97.53534,-7061.4882,30
20260816_122435_863625,2019-10-14,000667.SZ,1900,1900,72.839714,71.73484,-2099.2606,21
20260816_122435_863625,2019-10-14,600461.SH,5200,5200,27.609616,26.59488,-5276.6272,19
20260816_122435_863625,2019-10-14,600285.SH,2300,2300,61.052735,58.2894,-6355.6705,15
20260816_122435_863625,2019-10-14,000598.SZ,1100,1100,119.590852,119.93508,378.6508,4
20260816_122435_863625,2019-10-14,601998.SH,15600,0,8.845746,9.0111,2579.5224,1
20260816_122435_863625,2019-10-15,600323.SH,2000,2000,67.702038,67.1058,-1192.476,33
20260816_122435_863625,2019-10-15,002039.SZ,3900,3900,35.614891,34.7415,-3406.2249,31
20260816_122435_863625,2019-10-15,600062.SH,1300,1300,102.967254,97.2279,-7461.1602,31
20260816_122435_863625,2019-10-15,000667.SZ,1900,1900,72.839714,70.21396,-4988.9326,22
20260816_122435_863625,2019-10-15,600461.SH,5200,5200,27.609616,26.59488,-5276.6272,20
20260816_122435_863625,2019-10-15,600285.SH,2300,2300,61.052735,58.6339,-5563.3205,16
20260816_122435_863625,2019-10-15,000598.SZ,1100,1100,119.590852,121.16898,1735.9408,5
20260816_122435_863625,2019-10-15,601998.SH,15600,15600,8.845746,8.967,1891.5624,2
20260816_122435_863625,2019-10-16,600323.SH,2000,2000,67.702038,68.16575,927.424,34
20260816_122435_863625,2019-10-16,002039.SZ,3900,3900,35.614891,34.57084,-4071.7989,32
20260816_122435_863625,2019-10-16,600062.SH,1300,1300,102.967254,98.15022,-6262.1442,32
20260816_122435_863625,2019-10-16,000667.SZ,1900,1900,72.839714,69.707,-5952.1566,23
20260816_122435_863625,2019-10-16,600461.SH,5200,5200,27.609616,26.55226,-5498.2512,21
20260816_122435_863625,2019-10-16,600285.SH,2300,2300,61.052735,58.565,-5721.7905,17
20260816_122435_863625,2019-10-16,000598.SZ,1100,1100,119.590852,121.90932,2550.3148,6
20260816_122435_863625,2019-10-16,601998.SH,15600,15600,8.845746,8.9229,1203.6024,3
20260816_122435_863625,2019-10-17,600323.SH,2000,2000,67.702038,67.94645,488.824,35
20260816_122435_863625,2019-10-17,002039.SZ,3900,3900,35.614891,34.4977,-4357.0449,33
20260816_122435_863625,2019-10-17,600062.SH,1300,1300,102.967254,97.68906,-6861.6522,33
20260816_122435_863625,2019-10-17,000667.SZ,1900,1900,72.839714,68.94656,-7396.9926,24
20260816_122435_863625,2019-10-17,600461.SH,5200,5200,27.609616,26.55226,-5498.2512,22
20260816_122435_863625,2019-10-17,600285.SH,2300,2300,61.052735,58.565,-5721.7905,18
20260816_122435_863625,2019-10-17,000598.SZ,1100,1100,119.590852,120.42864,921.5668,7
20260816_122435_863625,2019-10-17,601998.SH,15600,15600,8.845746,8.8494,57.0024,4
20260816_122435_863625,2019-10-18,600323.SH,2000,2000,67.702038,68.4947,1585.324,36
20260816_122435_863625,2019-10-18,002039.SZ,3900,3900,35.614891,34.40018,-4737.3729,34
20260816_122435_863625,2019-10-18,600062.SH,1300,1300,102.967254,96.53616,-8360.4222,34
20260816_122435_863625,2019-10-18,000667.SZ,1900,1900,72.839714,68.18612,-8841.8286,25
20260816_122435_863625,2019-10-18,600461.SH,5200,5200,27.609616,26.2113,-7271.2432,23
20260816_122435_863625,2019-10-18,600285.SH,2300,2300,61.052735,57.6004,-7940.3705,19
20260816_122435_863625,2019-10-18,000598.SZ,1100,1100,119.590852,119.19474,-435.7232,8
20260816_122435_863625,2019-10-18,601998.SH,15600,15600,8.845746,8.8494,57.0024,5
20260816_122435_863625,2019-10-21,600323.SH,2000,2000,67.702038,69.18915,2974.224,37
20260816_122435_863625,2019-10-21,002039.SZ,3900,3900,35.614891,34.30266,-5117.7009,35
20260816_122435_863625,2019-10-21,600062.SH,1300,1300,102.967254,96.61302,-8260.5042,35
20260816_122435_863625,2019-10-21,000667.SZ,1900,1900,72.839714,67.42568,-10286.6646,26
20260816_122435_863625,2019-10-21,600461.SH,5200,5200,27.609616,26.08344,-7936.1152,24
20260816_122435_863625,2019-10-21,600285.SH,2300,2300,61.052735,58.0138,-6989.5505,20
20260816_122435_863625,2019-10-21,000598.SZ,1100,1100,119.590852,117.2205,-2607.3872,9
20260816_122435_863625,2019-10-21,601998.SH,15600,15600,8.845746,9.2316,6019.3224,6
20260816_122435_863625,2019-10-22,600323.SH,2000,2000,67.702038,67.983,561.924,38
20260816_122435_863625,2019-10-22,002039.SZ,3900,3900,35.614891,34.47332,-4452.1269,36
20260816_122435_863625,2019-10-22,600062.SH,1300,1300,102.967254,97.15104,-7561.0782,36
20260816_122435_863625,2019-10-22,000667.SZ,1900,1900,72.839714,67.93264,-9323.4406,27
20260816_122435_863625,2019-10-22,600461.SH,5200,5200,27.609616,26.33916,-6606.3712,25
20260816_122435_863625,2019-10-22,600285.SH,2300,2300,61.052735,60.0119,-2393.9205,21
20260816_122435_863625,2019-10-22,000598.SZ,1100,1100,119.590852,117.71406,-2064.4712,10
20260816_122435_863625,2019-10-22,601998.SH,15600,15600,8.845746,9.2316,6019.3224,7
20260816_122435_863625,2019-10-23,600323.SH,2000,2000,67.702038,68.09265,781.224,39
20260816_122435_863625,2019-10-23,002039.SZ,3900,3900,35.614891,34.2539,-5307.8649,37
20260816_122435_863625,2019-10-23,600062.SH,1300,1300,102.967254,95.84442,-9259.6842,37
20260816_122435_863625,2019-10-23,000667.SZ,1900,1900,72.839714,69.20004,-6915.3806,28
20260816_122435_863625,2019-10-23,600461.SH,5200,5200,27.609616,26.25392,-7049.6192,26
20260816_122435_863625,2019-10-23,600285.SH,2300,2300,61.052735,59.6674,-3186.2705,22
20260816_122435_863625,2019-10-23,000598.SZ,1100,1100,119.590852,117.46728,-2335.9292,11
20260816_122435_863625,2019-10-23,601998.SH,15600,15600,8.845746,9.1581,4872.7224,8
20260816_122435_863625,2019-10-24,600323.SH,2000,2000,67.702038,69.0795,2754.924,40
20260816_122435_863625,2019-10-24,002039.SZ,3900,3900,35.614891,34.64398,-3786.5529,38
20260816_122435_863625,2019-10-24,600062.SH,1300,1300,102.967254,95.3064,-9959.1102,38
20260816_122435_863625,2019-10-24,000667.SZ,1900,1900,72.839714,69.45352,-6433.7686,29
20260816_122435_863625,2019-10-24,600461.SH,5200,5200,27.609616,26.72274,-4611.7552,27
20260816_122435_863625,2019-10-24,600285.SH,2300,2300,61.052735,58.565,-5721.7905,23
20260816_122435_863625,2019-10-24,000598.SZ,1100,1100,119.590852,118.4544,-1250.0972,12
20260816_122435_863625,2019-10-24,601998.SH,15600,15600,8.845746,9.1875,5331.3624,9
20260816_122435_863625,2019-10-25,600323.SH,2000,2000,67.702038,68.89675,2389.424,41
20260816_122435_863625,2019-10-25,002039.SZ,3900,3900,35.614891,35.13158,-1884.9129,39
20260816_122435_863625,2019-10-25,600062.SH,1300,1300,102.967254,96.075,-8959.9302,39
20260816_122435_863625,2019-10-25,000667.SZ,1900,1900,72.839714,70.9744,-3544.0966,30
20260816_122435_863625,2019-10-25,600461.SH,5200,5200,27.609616,26.4244,-6163.1232,28
20260816_122435_863625,2019-10-25,600285.SH,2300,2300,61.052735,60.0808,-2235.4505,24
20260816_122435_863625,2019-10-25,000598.SZ,1100,1100,119.590852,118.20762,-1521.5552,13
20260816_122435_863625,2019-10-25,601998.SH,15600,15600,8.845746,9.2169,5790.0024,10
20260816_122435_863625,2019-10-28,600323.SH,2000,2000,67.702038,68.5678,1731.524,42
20260816_122435_863625,2019-10-28,002039.SZ,3900,3900,35.614891,35.37538,-934.0929,40
20260816_122435_863625,2019-10-28,600062.SH,1300,1300,102.967254,97.68906,-6861.6522,40
20260816_122435_863625,2019-10-28,000667.SZ,1900,1900,72.839714,71.48136,-2580.8726,31
20260816_122435_863625,2019-10-28,600461.SH,5200,5200,27.609616,26.33916,-6606.3712,29
20260816_122435_863625,2019-10-28,600285.SH,2300,2300,61.052735,60.8387,-492.2805,25
20260816_122435_863625,2019-10-28,000598.SZ,1100,1100,119.590852,118.70118,-978.6392,14
20260816_122435_863625,2019-10-28,601998.SH,15600,15600,8.845746,9.0993,3955.4424,11
20260816_122435_863625,2019-10-29,600323.SH,2000,2000,67.702038,69.5912,3778.324,43
20260816_122435_863625,2019-10-29,002039.SZ,3900,3900,35.614891,35.52166,-363.6009,41
20260816_122435_863625,2019-10-29,600062.SH,1300,1300,102.967254,97.2279,-7461.1602,41
20260816_122435_863625,2019-10-29,000667.SZ,1900,1900,72.839714,71.73484,-2099.2606,32
20260816_122435_863625,2019-10-29,600461.SH,5200,5200,27.609616,26.46702,-5941.4992,30
20260816_122435_863625,2019-10-29,600285.SH,2300,2300,61.052735,61.5966,1250.8895,26
20260816_122435_863625,2019-10-29,000598.SZ,1100,1100,119.590852,118.20762,-1521.5552,15
20260816_122435_863625,2019-10-29,601998.SH,15600,15600,8.845746,9.1581,4872.7224,12
20260816_122435_863625,2019-10-30,600323.SH,2000,2000,67.702038,67.14235,-1119.376,44
20260816_122435_863625,2019-10-30,002039.SZ,3900,3900,35.614891,35.44852,-648.8469,42
20260816_122435_863625,2019-10-30,600062.SH,1300,1300,102.967254,97.07418,-7660.9962,42
20260816_122435_863625,2019-10-30,000667.SZ,1900,1900,72.839714,70.46744,-4507.3206,33
20260816_122435_863625,2019-10-30,600461.SH,5200,5200,27.609616,25.95558,-8600.9872,31
20260816_122435_863625,2019-10-30,600285.SH,2300,2300,61.052735,62.2167,2677.1195,27
20260816_122435_863625,2019-10-30,000598.SZ,1100,1100,119.590852,118.20762,-1521.5552,16
20260816_122435_863625,2019-10-30,601998.SH,15600,15600,8.845746,9.1434,4643.4024,13
20260816_122435_863625,2019-10-31,600323.SH,2000,2000,67.702038,66.521,-2362.076,45
20260816_122435_863625,2019-10-31,002039.SZ,3900,3900,35.614891,35.32662,-1124.2569,43
20260816_122435_863625,2019-10-31,600062.SH,1300,1300,102.967254,97.91964,-6561.8982,43
20260816_122435_863625,2019-10-31,000667.SZ,1900,1900,72.839714,70.72092,-4025.7086,34
20260816_122435_863625,2019-10-31,600461.SH,5200,5200,27.609616,25.7851,-9487.4832,32
20260816_122435_863625,2019-10-31,600285.SH,2300,2300,61.052735,65.1105,9332.8595,28
20260816_122435_863625,2019-10-31,000598.SZ,1100,1100,119.590852,118.20762,-1521.5552,17
20260816_122435_863625,2019-10-31,601998.SH,15600,15600,8.845746,9.0111,2579.5224,14
20260816_122435_863625,2019-11-01,600323.SH,2000,2000,67.702038,66.70375,-1996.576,46
20260816_122435_863625,2019-11-01,002039.SZ,3900,3900,35.614891,35.74108,492.1371,44
20260816_122435_863625,2019-11-01,600062.SH,1300,1300,102.967254,98.3808,-5962.3902,44
20260816_122435_863625,2019-11-01,000667.SZ,1900,1900,72.839714,70.46744,-4507.3206,35
20260816_122435_863625,2019-11-01,600461.SH,5200,5200,27.609616,26.12606,-7714.4912,33
20260816_122435_863625,2019-11-01,600285.SH,2300,2300,61.052735,66.6263,12819.1995,29
20260816_122435_863625,2019-11-01,000598.SZ,1100,1100,119.590852,118.94796,-707.1812,18
20260816_122435_863625,2019-11-01,601998.SH,15600,15600,8.845746,9.1728,5102.0424,15
20260816_122435_863625,2019-11-04,600323.SH,2000,2000,67.702038,66.84995,-1704.176,47
20260816_122435_863625,2019-11-04,002039.SZ,3900,3900,35.614891,35.66794,206.8911,45
20260816_122435_863625,2019-11-04,600062.SH,1300,1300,102.967254,99.37998,-4663.4562,45
20260816_122435_863625,2019-11-04,000667.SZ,1900,1900,72.839714,70.72092,-4025.7086,36
20260816_122435_863625,2019-11-04,600461.SH,5200,5200,27.609616,26.08344,-7936.1152,34
20260816_122435_863625,2019-11-04,600285.SH,2300,2300,61.052735,68.9,18048.7095,30
20260816_122435_863625,2019-11-04,000598.SZ,1100,1100,119.590852,118.94796,-707.1812,19
20260816_122435_863625,2019-11-04,601998.SH,15600,15600,8.845746,9.3051,7165.9224,16
20260816_122435_863625,2019-11-05,600323.SH,2000,2000,67.702038,67.1789,-1046.276,48
20260816_122435_863625,2019-11-05,002039.SZ,3900,3900,35.614891,35.74108,492.1371,46
20260816_122435_863625,2019-11-05,600062.SH,1300,1300,102.967254,101.0709,-2465.2602,46
20260816_122435_863625,2019-11-05,000667.SZ,1900,1900,72.839714,69.96048,-5470.5446,37
20260816_122435_863625,2019-11-05,600461.SH,5200,5200,27.609616,26.2113,-7271.2432,35
20260816_122435_863625,2019-11-05,600285.SH,2300,2300,61.052735,70.0713,20742.6995,31
20260816_122435_863625,2019-11-05,000598.SZ,1100,1100,119.590852,117.96084,-1793.0132,20
20260816_122435_863625,2019-11-05,601998.SH,15600,15600,8.845746,9.3933,8541.8424,17
20260816_122435_863625,2019-11-06,600323.SH,2000,2000,67.702038,66.1555,-3093.076,49
20260816_122435_863625,2019-11-06,002039.SZ,3900,3900,35.614891,35.74108,492.1371,47
20260816_122435_863625,2019-11-06,600062.SH,1300,1300,102.967254,99.61056,-4363.7022,47
20260816_122435_863625,2019-11-06,000667.SZ,1900,1900,72.839714,69.96048,-5470.5446,38
20260816_122435_863625,2019-11-06,600461.SH,5200,5200,27.609616,25.95558,-8600.9872,36
20260816_122435_863625,2019-11-06,600285.SH,2300,2300,61.052735,68.9689,18207.1795,32
20260816_122435_863625,2019-11-06,000598.SZ,1100,1100,119.590852,116.72694,-3150.3032,21
20260816_122435_863625,2019-11-06,601998.SH,15600,15600,8.845746,9.408,8771.1624,18
20260816_122435_863625,2019-11-07,600323.SH,2000,2000,67.702038,65.79,-3824.076,50
20260816_122435_863625,2019-11-07,002039.SZ,3900,3900,35.614891,35.8386,872.4651,48
20260816_122435_863625,2019-11-07,600062.SH,1300,1300,102.967254,100.37916,-3364.5222,48
20260816_122435_863625,2019-11-07,000667.SZ,1900,1900,72.839714,69.707,-5952.1566,39
20260816_122435_863625,2019-11-07,600461.SH,5200,5200,27.609616,25.9982,-8379.3632,37
20260816_122435_863625,2019-11-07,600285.SH,2300,2300,61.052735,72.1383,25496.7995,33
20260816_122435_863625,2019-11-07,000598.SZ,1100,1100,119.590852,117.2205,-2607.3872,22
20260816_122435_863625,2019-11-07,601998.SH,15600,15600,8.845746,9.3786,8312.5224,19
20260816_122435_863625,2019-11-08,600323.SH,2000,2000,67.702038,66.26515,-2873.776,51
20260816_122435_863625,2019-11-08,002039.SZ,3900,3900,35.614891,35.64356,111.8091,49
20260816_122435_863625,2019-11-08,600062.SH,1300,1300,102.967254,99.918,-3964.0302,49
20260816_122435_863625,2019-11-08,000667.SZ,1900,1900,72.839714,70.46744,-4507.3206,40
20260816_122435_863625,2019-11-08,600461.SH,5200,5200,27.609616,25.91296,-8822.6112,38
20260816_122435_863625,2019-11-08,600285.SH,2300,2300,61.052735,71.7249,24545.9795,34
20260816_122435_863625,2019-11-08,000598.SZ,1100,1100,119.590852,117.46728,-2335.9292,23
20260816_122435_863625,2019-11-08,601998.SH,15600,15600,8.845746,9.2169,5790.0024,20
20260816_122435_863625,2019-11-11,600323.SH,2000,2000,67.702038,64.58385,-6236.376,52
20260816_122435_863625,2019-11-11,002039.SZ,3900,3900,35.614891,35.1072,-1979.9949,50
20260816_122435_863625,2019-11-11,600062.SH,1300,1300,102.967254,97.15104,-7561.0782,50
20260816_122435_863625,2019-11-11,000667.SZ,1900,1900,72.839714,69.707,-5952.1566,41
20260816_122435_863625,2019-11-11,600461.SH,5200,5200,27.609616,25.40152,-11482.0992,39
20260816_122435_863625,2019-11-11,600285.SH,2300,2300,61.052735,69.6579,19791.8795,35
20260816_122435_863625,2019-11-11,000598.SZ,1100,1100,119.590852,115.24626,-4779.0512,24
20260816_122435_863625,2019-11-11,601998.SH,15600,15600,8.845746,9.0846,3726.1224,21
20260816_122435_863625,2019-11-12,600323.SH,2000,2000,67.702038,64.87625,-5651.576,53
20260816_122435_863625,2019-11-12,002039.SZ,3900,3900,35.614891,35.08282,-2075.0769,51
20260816_122435_863625,2019-11-12,600062.SH,1300,1300,102.967254,96.99732,-7760.9142,51
20260816_122435_863625,2019-11-12,000667.SZ,1900,1900,72.839714,69.20004,-6915.3806,42
20260816_122435_863625,2019-11-12,600461.SH,5200,5200,27.609616,25.1458,-12811.8432,40
20260816_122435_863625,2019-11-12,600285.SH,2300,2300,61.052735,71.3115,23595.1595,36
20260816_122435_863625,2019-11-12,000598.SZ,1100,1100,119.590852,113.02524,-7222.1732,25
20260816_122435_863625,2019-11-12,601998.SH,15600,15600,8.845746,9.0552,3267.4824,22
20260816_122435_863625,2019-11-13,600323.SH,2000,2000,67.702038,64.58385,-6236.376,54
20260816_122435_863625,2019-11-13,002039.SZ,3900,3900,35.614891,34.76588,-3311.1429,52
20260816_122435_863625,2019-11-13,600062.SH,1300,1300,102.967254,97.2279,-7461.1602,52
20260816_122435_863625,2019-11-13,000667.SZ,1900,1900,72.839714,69.20004,-6915.3806,43
20260816_122435_863625,2019-11-13,600461.SH,5200,5200,27.609616,24.9327,-13919.9632,41
20260816_122435_863625,2019-11-13,600285.SH,2300,2300,61.052735,69.8646,20267.2895,37
20260816_122435_863625,2019-11-13,000598.SZ,1100,1100,119.590852,113.76558,-6407.7992,26
20260816_122435_863625,2019-11-13,601998.SH,15600,15600,8.845746,8.9817,2120.8824,23
20260816_122435_863625,2019-11-14,600323.SH,2000,2000,67.702038,64.29145,-6821.176,55
20260816_122435_863625,2019-11-14,002039.SZ,3900,3900,35.614891,34.81464,-3120.9789,53
20260816_122435_863625,2019-11-14,600062.SH,1300,1300,102.967254,98.3808,-5962.3902,53
20260816_122435_863625,2019-11-14,000667.SZ,1900,1900,72.839714,70.72092,-4025.7086,44
20260816_122435_863625,2019-11-14,600461.SH,5200,5200,27.609616,24.89008,-14141.5872,42
20260816_122435_863625,2019-11-14,600285.SH,2300,2300,61.052735,73.034,27556.9095,38
20260816_122435_863625,2019-11-14,000598.SZ,1100,1100,119.590852,113.5188,-6679.2572,27
20260816_122435_863625,2019-11-14,601998.SH,15600,15600,8.845746,8.9376,1432.9224,24
20260816_122435_863625,2019-11-15,600323.SH,2000,2000,67.702038,63.48735,-8429.376,56
20260816_122435_863625,2019-11-15,002039.SZ,3900,3900,35.614891,34.59522,-3976.7169,54
20260816_122435_863625,2019-11-15,600062.SH,1300,1300,102.967254,96.15186,-8860.0122,54
20260816_122435_863625,2019-11-15,000667.SZ,1900,1900,72.839714,70.21396,-4988.9326,45
20260816_122435_863625,2019-11-15,600461.SH,5200,5200,27.609616,24.46388,-16357.8272,43
20260816_122435_863625,2019-11-15,600285.SH,2300,2300,61.052735,73.723,29141.6095,39
20260816_122435_863625,2019-11-15,000598.SZ,1100,1100,119.590852,111.79134,-8579.4632,28
20260816_122435_863625,2019-11-15,601998.SH,15600,15600,8.845746,8.9523,1662.2424,25
20260816_122435_863625,2019-11-18,600323.SH,2000,2000,67.702038,63.8894,-7625.276,57
20260816_122435_863625,2019-11-18,002039.SZ,3900,3900,35.614891,34.81464,-3120.9789,55
20260816_122435_863625,2019-11-18,600062.SH,1300,1300,102.967254,97.2279,-7461.1602,55
20260816_122435_863625,2019-11-18,000667.SZ,1900,1900,72.839714,70.46744,-4507.3206,46
20260816_122435_863625,2019-11-18,600461.SH,5200,5200,27.609616,24.76222,-14806.4592,44
20260816_122435_863625,2019-11-18,600285.SH,2300,2300,61.052735,75.101,32311.0095,40
20260816_122435_863625,2019-11-18,000598.SZ,1100,1100,119.590852,113.02524,-7222.1732,29
20260816_122435_863625,2019-11-18,601998.SH,15600,15600,8.845746,8.9964,2350.2024,26
20260816_122435_863625,2019-11-19,600323.SH,2000,2000,67.702038,65.059,-5286.076,58
20260816_122435_863625,2019-11-19,002039.SZ,3900,3900,35.614891,34.76588,-3311.1429,56
20260816_122435_863625,2019-11-19,600062.SH,1300,1300,102.967254,97.76592,-6761.7342,56
20260816_122435_863625,2019-11-19,000667.SZ,1900,1900,72.839714,70.46744,-4507.3206,47
20260816_122435_863625,2019-11-19,600461.SH,5200,5200,27.609616,25.10318,-13033.4672,45
20260816_122435_863625,2019-11-19,600285.SH,2300,2300,61.052735,74.6187,31201.7195,41
20260816_122435_863625,2019-11-19,000598.SZ,1100,1100,119.590852,114.25914,-5864.8832,30
20260816_122435_863625,2019-11-19,601998.SH,15600,15600,8.845746,8.9817,2120.8824,27
20260816_122435_863625,2019-11-20,600323.SH,2000,2000,67.702038,63.7432,-7917.676,59
20260816_122435_863625,2019-11-20,002039.SZ,3900,3900,35.614891,34.76588,-3311.1429,57
20260816_122435_863625,2019-11-20,600062.SH,1300,1300,102.967254,98.99568,-5163.0462,57
20260816_122435_863625,2019-11-20,000667.SZ,1900,1900,72.839714,70.21396,-4988.9326,48
20260816_122435_863625,2019-11-20,600461.SH,5200,5200,27.609616,24.9327,-13919.9632,46
20260816_122435_863625,2019-11-20,600285.SH,2300,2300,61.052735,73.5852,28824.6695,42
20260816_122435_863625,2019-11-20,000598.SZ,1100,1100,119.590852,113.5188,-6679.2572,31
20260816_122435_863625,2019-11-20,601998.SH,15600,15600,8.845746,8.8347,-172.3176,28
20260816_122435_863625,2019-11-21,600323.SH,2000,2000,67.702038,63.26805,-8867.976,60
20260816_122435_863625,2019-11-21,002039.SZ,3900,3900,35.614891,34.81464,-3120.9789,58
20260816_122435_863625,2019-11-21,600062.SH,1300,1300,102.967254,98.53452,-5762.5542,58
20260816_122435_863625,2019-11-21,000667.SZ,1900,1900,72.839714,69.45352,-6433.7686,49
20260816_122435_863625,2019-11-21,600461.SH,5200,5200,27.609616,24.84746,-14363.2112,47
20260816_122435_863625,2019-11-21,600285.SH,2300,2300,61.052735,74.2742,30409.3695,43
20260816_122435_863625,2019-11-21,000598.SZ,1100,1100,119.590852,113.27202,-6950.7152,32
20260816_122435_863625,2019-11-21,601998.SH,15600,15600,8.845746,8.8347,-172.3176,29
20260816_122435_863625,2019-11-22,002039.SZ,3900,3900,35.614891,35.61918,16.7271,59
20260816_122435_863625,2019-11-22,600062.SH,1300,1300,102.967254,96.8436,-7960.7502,59
20260816_122435_863625,2019-11-22,000667.SZ,1900,1900,72.839714,69.45352,-6433.7686,50
20260816_122435_863625,2019-11-22,600461.SH,5200,5200,27.609616,24.67698,-15249.7072,48
20260816_122435_863625,2019-11-22,600285.SH,2300,2300,61.052735,72.345,25972.2095,44
20260816_122435_863625,2019-11-22,000598.SZ,1100,1100,119.590852,112.53168,-7765.0892,33
20260816_122435_863625,2019-11-22,601998.SH,15600,15600,8.845746,8.8347,-172.3176,30
20260816_122435_863625,2019-11-25,002039.SZ,3900,3900,35.614891,36.42372,3154.4331,60
20260816_122435_863625,2019-11-25,600062.SH,1300,1300,102.967254,96.53616,-8360.4222,60
20260816_122435_863625,2019-11-25,000667.SZ,1900,1900,72.839714,68.94656,-7396.9926,51
20260816_122435_863625,2019-11-25,600461.SH,5200,5200,27.609616,24.84746,-14363.2112,49
20260816_122435_863625,2019-11-25,600285.SH,2300,2300,61.052735,71.656,24387.5095,45
20260816_122435_863625,2019-11-25,000598.SZ,1100,1100,119.590852,114.7527,-5321.9672,34
20260816_122435_863625,2019-11-25,601998.SH,15600,15600,8.845746,8.9229,1203.6024,31
20260816_122435_863625,2019-11-26,000667.SZ,1900,1900,72.839714,68.94656,-7396.9926,52
20260816_122435_863625,2019-11-26,600461.SH,5200,5200,27.609616,24.89008,-14141.5872,50
20260816_122435_863625,2019-11-26,600285.SH,2300,2300,61.052735,72.2761,25813.7395,46
20260816_122435_863625,2019-11-26,000598.SZ,1100,1100,119.590852,110.80422,-9665.2952,35
20260816_122435_863625,2019-11-26,601998.SH,15600,15600,8.845746,9.0405,3038.1624,32
20260816_122435_863625,2019-11-27,000667.SZ,1900,1900,72.839714,69.707,-5952.1566,53
20260816_122435_863625,2019-11-27,600461.SH,5200,5200,27.609616,24.9327,-13919.9632,51
20260816_122435_863625,2019-11-27,600285.SH,2300,2300,61.052735,72.6895,26764.5595,47
20260816_122435_863625,2019-11-27,000598.SZ,1100,1100,119.590852,111.54456,-8850.9212,36
20260816_122435_863625,2019-11-27,601998.SH,15600,15600,8.845746,8.8788,515.6424,33
20260816_122435_863625,2019-11-28,000667.SZ,1900,1900,72.839714,69.45352,-6433.7686,54
20260816_122435_863625,2019-11-28,600461.SH,5200,5200,27.609616,24.7196,-15028.0832,52
20260816_122435_863625,2019-11-28,600285.SH,2300,2300,61.052735,70.7603,22327.3995,48
20260816_122435_863625,2019-11-28,000598.SZ,1100,1100,119.590852,111.051,-9393.8372,37
20260816_122435_863625,2019-11-28,601998.SH,15600,15600,8.845746,8.8347,-172.3176,34
20260816_122435_863625,2019-11-29,000667.SZ,1900,1900,72.839714,69.96048,-5470.5446,55
20260816_122435_863625,2019-11-29,600461.SH,5200,5200,27.609616,24.84746,-14363.2112,53
20260816_122435_863625,2019-11-29,600285.SH,2300,2300,61.052735,70.6225,22010.4595,49
20260816_122435_863625,2019-11-29,000598.SZ,1100,1100,119.590852,111.29778,-9122.3792,38
20260816_122435_863625,2019-11-29,601998.SH,15600,15600,8.845746,8.82,-401.6376,35
20260816_122435_863625,2019-12-02,000667.SZ,1900,1900,72.839714,69.96048,-5470.5446,56
20260816_122435_863625,2019-12-02,600461.SH,5200,5200,27.609616,24.9327,-13919.9632,54
20260816_122435_863625,2019-12-02,600285.SH,2300,2300,61.052735,69.9335,20425.7595,50
20260816_122435_863625,2019-12-02,000598.SZ,1100,1100,119.590852,111.051,-9393.8372,39
20260816_122435_863625,2019-12-02,601998.SH,15600,15600,8.845746,8.7612,-1318.9176,36
20260816_122435_863625,2019-12-03,000667.SZ,1900,1900,72.839714,69.707,-5952.1566,57
20260816_122435_863625,2019-12-03,600461.SH,5200,5200,27.609616,25.10318,-13033.4672,55
20260816_122435_863625,2019-12-03,600285.SH,2300,2300,61.052735,68.9689,18207.1795,51
20260816_122435_863625,2019-12-03,000598.SZ,1100,1100,119.590852,111.54456,-8850.9212,40
20260816_122435_863625,2019-12-03,601998.SH,15600,15600,8.845746,8.7612,-1318.9176,37
20260816_122435_863625,2019-12-04,000667.SZ,1900,1900,72.839714,69.45352,-6433.7686,58
20260816_122435_863625,2019-12-04,600461.SH,5200,5200,27.609616,25.06056,-13255.0912,56
20260816_122435_863625,2019-12-04,600285.SH,2300,2300,61.052735,68.1421,16305.5395,52
20260816_122435_863625,2019-12-04,000598.SZ,1100,1100,119.590852,111.29778,-9122.3792,41
20260816_122435_863625,2019-12-04,601998.SH,15600,15600,8.845746,8.7465,-1548.2376,38
20260816_122435_863625,2019-12-05,000667.SZ,1900,1900,72.839714,69.96048,-5470.5446,59
20260816_122435_863625,2019-12-05,600461.SH,5200,5200,27.609616,25.18842,-12590.2192,57
20260816_122435_863625,2019-12-05,600285.SH,2300,2300,61.052735,68.9689,18207.1795,53
20260816_122435_863625,2019-12-05,000598.SZ,1100,1100,119.590852,111.79134,-8579.4632,42
20260816_122435_863625,2019-12-05,601998.SH,15600,15600,8.845746,8.7759,-1089.5976,39
20260816_122435_863625,2019-12-06,000667.SZ,1900,1900,72.839714,70.72092,-4025.7086,60
20260816_122435_863625,2019-12-06,600461.SH,5200,5200,27.609616,25.18842,-12590.2192,58
20260816_122435_863625,2019-12-06,600285.SH,2300,2300,61.052735,68.8311,17890.2395,54
20260816_122435_863625,2019-12-06,000598.SZ,1100,1100,119.590852,111.79134,-8579.4632,43
20260816_122435_863625,2019-12-06,601998.SH,15600,15600,8.845746,8.7759,-1089.5976,40
20260816_122435_863625,2019-12-09,600461.SH,5200,5200,27.609616,25.1458,-12811.8432,59
20260816_122435_863625,2019-12-09,600285.SH,2300,2300,61.052735,69.0378,18365.6495,55
20260816_122435_863625,2019-12-09,000598.SZ,1100,1100,119.590852,111.79134,-8579.4632,44
20260816_122435_863625,2019-12-09,601998.SH,15600,15600,8.845746,8.7612,-1318.9176,41
20260816_122435_863625,2019-12-10,600461.SH,5200,5200,27.609616,25.06056,-13255.0912,60
20260816_122435_863625,2019-12-10,600285.SH,2300,2300,61.052735,69.589,19633.4095,56
20260816_122435_863625,2019-12-10,000598.SZ,1100,1100,119.590852,111.54456,-8850.9212,45
20260816_122435_863625,2019-12-10,601998.SH,15600,15600,8.845746,8.6877,-2465.5176,42
20260816_122435_863625,2019-12-11,600285.SH,2300,2300,61.052735,68.1421,16305.5395,57
20260816_122435_863625,2019-12-11,000598.SZ,1100,1100,119.590852,112.2849,-8036.5472,46
20260816_122435_863625,2019-12-11,601998.SH,15600,15600,8.845746,8.7906,-860.2776,43
20260816_122435_863625,2019-12-12,600285.SH,2300,2300,61.052735,68.1421,16305.5395,58
20260816_122435_863625,2019-12-12,000598.SZ,1100,1100,119.590852,111.051,-9393.8372,47
20260816_122435_863625,2019-12-12,601998.SH,15600,15600,8.845746,8.8053,-630.9576,44
20260816_122435_863625,2019-12-13,600285.SH,2300,2300,61.052735,69.9335,20425.7595,59
20260816_122435_863625,2019-12-13,000598.SZ,1100,1100,119.590852,112.53168,-7765.0892,48
20260816_122435_863625,2019-12-13,601998.SH,15600,15600,8.845746,8.9964,2350.2024,45
20260816_122435_863625,2019-12-16,600285.SH,2300,2300,61.052735,69.6579,19791.8795,60
20260816_122435_863625,2019-12-16,000598.SZ,1100,1100,119.590852,113.02524,-7222.1732,49
20260816_122435_863625,2019-12-16,601998.SH,15600,15600,8.845746,8.9964,2350.2024,46
20260816_122435_863625,2019-12-17,000598.SZ,1100,1100,119.590852,114.25914,-5864.8832,50
20260816_122435_863625,2019-12-17,601998.SH,15600,15600,8.845746,9.1434,4643.4024,47
20260816_122435_863625,2019-12-17,300138.SZ,3800,0,36.569284,36.87005,1142.9108,1
20260816_122435_863625,2019-12-17,600252.SH,1200,0,113.880441,118.90816,6033.2628,1
20260816_122435_863625,2019-12-17,603167.SH,10800,0,12.835808,12.73536,-1084.8384,1
20260816_122435_863625,2019-12-17,600193.SH,5300,0,26.09169,26.19309,537.42,1
20260816_122435_863625,2019-12-18,000598.SZ,1100,1100,119.590852,114.25914,-5864.8832,51
20260816_122435_863625,2019-12-18,601998.SH,15600,15600,8.845746,9.1581,4872.7224,48
20260816_122435_863625,2019-12-18,300138.SZ,3800,3800,36.569284,36.72158,578.7248,2
20260816_122435_863625,2019-12-18,600252.SH,1200,1200,113.880441,118.90816,6033.2628,2
20260816_122435_863625,2019-12-18,603167.SH,10800,10800,12.835808,12.74742,-954.5904,2
20260816_122435_863625,2019-12-18,600193.SH,5300,5300,26.09169,25.92513,-882.768,2
20260816_122435_863625,2019-12-18,000776.SZ,1700,0,80.565551,81.34255,1320.8983,1
20260816_122435_863625,2019-12-18,600362.SH,5600,0,24.943566,24.75252,-1069.8576,1
20260816_122435_863625,2019-12-19,000598.SZ,1100,1100,119.590852,114.50592,-5593.4252,52
20260816_122435_863625,2019-12-19,601998.SH,15600,15600,8.845746,9.1434,4643.4024,49
20260816_122435_863625,2019-12-19,300138.SZ,3800,3800,36.569284,36.96903,1519.0348,3
20260816_122435_863625,2019-12-19,600252.SH,1200,1200,113.880441,123.33952,11350.8948,3
20260816_122435_863625,2019-12-19,603167.SH,10800,10800,12.835808,12.85596,217.6416,3
20260816_122435_863625,2019-12-19,600193.SH,5300,5300,26.09169,26.1261,182.373,3
20260816_122435_863625,2019-12-19,000776.SZ,1700,1700,80.565551,81.2877,1227.6533,2
20260816_122435_863625,2019-12-19,600362.SH,5600,5600,24.943566,24.86445,-443.0496,2
20260816_122435_863625,2019-12-20,000598.SZ,1100,1100,119.590852,114.7527,-5321.9672,53
20260816_122435_863625,2019-12-20,601998.SH,15600,15600,8.845746,9.0552,3267.4824,50
20260816_122435_863625,2019-12-20,300138.SZ,3800,3800,36.569284,37.01852,1707.0968,4
20260816_122435_863625,2019-12-20,600252.SH,1200,1200,113.880441,122.23168,10021.4868,4
20260816_122435_863625,2019-12-20,603167.SH,10800,10800,12.835808,12.97656,1520.1216,4
20260816_122435_863625,2019-12-20,600193.SH,5300,5300,26.09169,25.92513,-882.768,4
20260816_122435_863625,2019-12-20,000776.SZ,1700,1700,80.565551,80.79405,388.4483,3
20260816_122435_863625,2019-12-20,600362.SH,5600,5600,24.943566,24.36876,-3218.9136,3
20260816_122435_863625,2019-12-23,000598.SZ,1100,1100,119.590852,112.53168,-7765.0892,54
20260816_122435_863625,2019-12-23,601998.SH,15600,15600,8.845746,9.0111,2579.5224,51
20260816_122435_863625,2019-12-23,300138.SZ,3800,3800,36.569284,36.37515,-737.7092,5
20260816_122435_863625,2019-12-23,600252.SH,1200,1200,113.880441,118.53888,5590.1268,5
20260816_122435_863625,2019-12-23,603167.SH,10800,10800,12.835808,12.59064,-2647.8144,5
20260816_122435_863625,2019-12-23,600193.SH,5300,5300,26.09169,25.92513,-882.768,5
20260816_122435_863625,2019-12-23,000776.SZ,1700,1700,80.565551,78.27095,-3900.8217,4
20260816_122435_863625,2019-12-23,600362.SH,5600,5600,24.943566,23.8251,-6263.4096,4
20260816_122435_863625,2019-12-24,000598.SZ,1100,1100,119.590852,113.27202,-6950.7152,55
20260816_122435_863625,2019-12-24,601998.SH,15600,15600,8.845746,9.0111,2579.5224,52
20260816_122435_863625,2019-12-24,300138.SZ,3800,3800,36.569284,36.52362,-173.5232,6
20260816_122435_863625,2019-12-24,600252.SH,1200,1200,113.880441,119.27744,6476.3988,6
20260816_122435_863625,2019-12-24,603167.SH,10800,10800,12.835808,12.31326,-5643.5184,6
20260816_122435_863625,2019-12-24,600193.SH,5300,5300,26.09169,26.46105,1957.608,6
20260816_122435_863625,2019-12-24,000776.SZ,1700,1700,80.565551,79.03885,-2595.3917,5
20260816_122435_863625,2019-12-24,600362.SH,5600,5600,24.943566,25.95177,5645.9424,5
20260816_122435_863625,2019-12-25,000598.SZ,1100,1100,119.590852,112.2849,-8036.5472,56
20260816_122435_863625,2019-12-25,601998.SH,15600,15600,8.845746,8.967,1891.5624,53
20260816_122435_863625,2019-12-25,300138.SZ,3800,3800,36.569284,36.82056,954.8488,7
20260816_122435_863625,2019-12-25,600252.SH,1200,1200,113.880441,117.80032,4703.8548,7
20260816_122435_863625,2019-12-25,603167.SH,10800,10800,12.835808,12.25296,-6294.7584,7
20260816_122435_863625,2019-12-25,600193.SH,5300,5300,26.09169,26.66202,3022.749,7
20260816_122435_863625,2019-12-25,000776.SZ,1700,1700,80.565551,79.14855,-2408.9017,6
20260816_122435_863625,2019-12-25,600362.SH,5600,5600,24.943566,25.96776,5735.4864,6
20260816_122435_863625,2019-12-26,000598.SZ,1100,1100,119.590852,113.02524,-7222.1732,57
20260816_122435_863625,2019-12-26,601998.SH,15600,15600,8.845746,9.0258,2808.8424,54
20260816_122435_863625,2019-12-26,300138.SZ,3800,3800,36.569284,37.01852,1707.0968,8
20260816_122435_863625,2019-12-26,600252.SH,1200,1200,113.880441,117.06176,3817.5828,8
20260816_122435_863625,2019-12-26,603167.SH,10800,10800,12.835808,12.26502,-6164.5104,8
20260816_122435_863625,2019-12-26,600193.SH,5300,5300,26.09169,26.72901,3377.796,8
20260816_122435_863625,2019-12-26,000776.SZ,1700,1700,80.565551,81.2877,1227.6533,7
20260816_122435_863625,2019-12-26,600362.SH,5600,5600,24.943566,25.85583,5108.6784,7
20260816_122435_863625,2019-12-27,000598.SZ,1100,1100,119.590852,113.27202,-6950.7152,58
20260816_122435_863625,2019-12-27,601998.SH,15600,15600,8.845746,9.0552,3267.4824,55
20260816_122435_863625,2019-12-27,300138.SZ,3800,3800,36.569284,36.87005,1142.9108,9
20260816_122435_863625,2019-12-27,600252.SH,1200,1200,113.880441,116.69248,3374.4468,9
20260816_122435_863625,2019-12-27,603167.SH,10800,10800,12.835808,12.19266,-6945.9984,9
20260816_122435_863625,2019-12-27,600193.SH,5300,5300,26.09169,27.13095,5508.078,9
20260816_122435_863625,2019-12-27,000776.SZ,1700,1700,80.565551,79.5325,-1756.1867,8
20260816_122435_863625,2019-12-27,600362.SH,5600,5600,24.943566,26.84721,10660.4064,8
20260816_122435_863625,2019-12-30,000598.SZ,1100,1100,119.590852,113.76558,-6407.7992,59
20260816_122435_863625,2019-12-30,601998.SH,15600,15600,8.845746,9.0699,3496.8024,56
20260816_122435_863625,2019-12-30,300138.SZ,3800,3800,36.569284,36.91954,1330.9728,10
20260816_122435_863625,2019-12-30,600252.SH,1200,1200,113.880441,119.27744,6476.3988,10
20260816_122435_863625,2019-12-30,603167.SH,10800,10800,12.835808,12.7836,-563.8464,10
20260816_122435_863625,2019-12-30,600193.SH,5300,5300,26.09169,25.79115,-1592.862,10
20260816_122435_863625,2019-12-30,000776.SZ,1700,1700,80.565551,83.9205,5703.4133,9
20260816_122435_863625,2019-12-30,600362.SH,5600,5600,24.943566,27.64671,15137.6064,9
20260816_122435_863625,2019-12-31,000598.SZ,1100,1100,119.590852,114.25914,-5864.8832,60
20260816_122435_863625,2019-12-31,601998.SH,15600,15600,8.845746,9.0699,3496.8024,57
20260816_122435_863625,2019-12-31,300138.SZ,3800,3800,36.569284,37.01852,1707.0968,11
20260816_122435_863625,2019-12-31,600252.SH,1200,1200,113.880441,120.38528,7805.8068,11
20260816_122435_863625,2019-12-31,603167.SH,10800,10800,12.835808,13.01274,1910.8656,11
20260816_122435_863625,2019-12-31,600193.SH,5300,5300,26.09169,25.92513,-882.768,11
20260816_122435_863625,2019-12-31,000776.SZ,1700,1700,80.565551,83.20745,4491.2283,10
20260816_122435_863625,2019-12-31,600362.SH,5600,5600,24.943566,27.07107,11914.0224,10
20260816_122435_863625,2020-01-02,601998.SH,15600,15600,8.845746,9.1287,4414.0824,58
20260816_122435_863625,2020-01-02,300138.SZ,3800,3800,36.569284,37.020016,1712.7816,12
20260816_122435_863625,2020-01-02,600252.SH,1200,1200,113.880441,120.384628,7805.0244,12
20260816_122435_863625,2020-01-02,603167.SH,10800,10800,12.835808,12.9645,1389.8736,12
20260816_122435_863625,2020-01-02,600193.SH,5300,5300,26.09169,25.789995,-1598.9835,12
20260816_122435_863625,2020-01-02,000776.SZ,1700,1700,80.565551,84.791916,7184.8205,11
20260816_122435_863625,2020-01-02,600362.SH,5600,5600,24.943566,27.387444,13685.7168,11
20260816_122435_863625,2020-01-03,601998.SH,15600,15600,8.845746,9.114,4184.7624,59
20260816_122435_863625,2020-01-03,300138.SZ,3800,3800,36.569284,36.723064,584.364,13
20260816_122435_863625,2020-01-03,600252.SH,1200,1200,113.880441,122.231018,10020.6924,13
20260816_122435_863625,2020-01-03,603167.SH,10800,10800,12.835808,12.95244,1259.6256,13
20260816_122435_863625,2020-01-03,600193.SH,5300,5300,26.09169,25.990956,-533.8902,13
20260816_122435_863625,2020-01-03,000776.SZ,1700,1700,80.565551,85.230684,7930.7261,12
20260816_122435_863625,2020-01-03,600362.SH,5600,5600,24.943566,27.451396,14043.848,12
20260816_122435_863625,2020-01-03,600028.SH,8900,0,16.118469,16.346486,2029.3513,1
20260816_122435_863625,2020-01-06,601998.SH,15600,15600,8.845746,9.0111,2579.5224,60
20260816_122435_863625,2020-01-06,300138.SZ,3800,3800,36.569284,36.673572,396.2944,14
20260816_122435_863625,2020-01-06,600252.SH,1200,1200,113.880441,121.123184,8691.2916,14
20260816_122435_863625,2020-01-06,603167.SH,10800,10800,12.835808,12.98862,1650.3696,14
20260816_122435_863625,2020-01-06,600193.SH,5300,5300,26.09169,25.990956,-533.8902,14
20260816_122435_863625,2020-01-06,000776.SZ,1700,1700,80.565551,85.395222,8210.4407,13
20260816_122435_863625,2020-01-06,600362.SH,5600,5600,24.943566,27.163612,12432.2576,13
20260816_122435_863625,2020-01-06,600028.SH,8900,8900,16.118469,16.625648,4513.8931,2
20260816_122435_863625,2020-01-07,300138.SZ,3800,3800,36.569284,37.910872,5098.0344,15
20260816_122435_863625,2020-01-07,600252.SH,1200,1200,113.880441,121.123184,8691.2916,15
20260816_122435_863625,2020-01-07,603167.SH,10800,10800,12.835808,13.0248,2041.1136,15
20260816_122435_863625,2020-01-07,600193.SH,5300,5300,26.09169,26.258904,886.2342,15
20260816_122435_863625,2020-01-07,000776.SZ,1700,1700,80.565551,85.888836,9049.5845,14
20260816_122435_863625,2020-01-07,600362.SH,5600,5600,24.943566,27.33948,13417.1184,14
20260816_122435_863625,2020-01-07,600028.SH,8900,8900,16.118469,16.28445,1477.2309,3
20260816_122435_863625,2020-01-08,300138.SZ,3800,3800,36.569284,36.822048,960.5032,16
20260816_122435_863625,2020-01-08,600252.SH,1200,1200,113.880441,117.061126,3816.822,16
20260816_122435_863625,2020-01-08,603167.SH,10800,10800,12.835808,13.03686,2171.3616,16
20260816_122435_863625,2020-01-08,600193.SH,5300,5300,26.09169,26.258904,886.2342,16
20260816_122435_863625,2020-01-08,000776.SZ,1700,1700,80.565551,82.762614,3735.0071,15
20260816_122435_863625,2020-01-08,600362.SH,5600,5600,24.943566,26.93978,11178.7984,15
20260816_122435_863625,2020-01-08,600028.SH,8900,8900,16.118469,16.377504,2305.4115,4
20260816_122435_863625,2020-01-08,000719.SZ,4500,0,32.193524,31.807125,-1738.7955,1
20260816_122435_863625,2020-01-09,300138.SZ,3800,3800,36.569284,37.020016,1712.7816,17
20260816_122435_863625,2020-01-09,600252.SH,1200,1200,113.880441,117.799682,4703.0892,17
20260816_122435_863625,2020-01-09,603167.SH,10800,10800,12.835808,13.00068,1780.6176,17
20260816_122435_863625,2020-01-09,600193.SH,5300,5300,26.09169,26.392878,1596.2964,17
20260816_122435_863625,2020-01-09,000776.SZ,1700,1700,80.565551,84.517686,6718.6295,16
20260816_122435_863625,2020-01-09,600362.SH,5600,5600,24.943566,26.923792,11089.2656,16
20260816_122435_863625,2020-01-09,600028.SH,8900,8900,16.118469,16.098342,-179.1303,5
20260816_122435_863625,2020-01-09,000719.SZ,4500,4500,32.193524,32.889,3129.642,2
20260816_122435_863625,2020-01-10,300138.SZ,3800,3800,36.569284,37.168492,2276.9904,18
20260816_122435_863625,2020-01-10,600252.SH,1200,1200,113.880441,118.538238,5589.3564,18
20260816_122435_863625,2020-01-10,603167.SH,10800,10800,12.835808,12.88008,478.1376,18
20260816_122435_863625,2020-01-10,600193.SH,5300,5300,26.09169,26.459865,1951.3275,18
20260816_122435_863625,2020-01-10,000776.SZ,1700,1700,80.565551,85.0113,7557.7733,17
20260816_122435_863625,2020-01-10,600362.SH,5600,5600,24.943566,26.907804,10999.7328,17
20260816_122435_863625,2020-01-10,600028.SH,8900,8900,16.118469,16.005288,-1007.3109,6
20260816_122435_863625,2020-01-10,000719.SZ,4500,4500,32.193524,32.45625,1182.267,3
20260816_122435_863625,2020-01-13,300138.SZ,3800,3800,36.569284,37.217984,2465.06,19
20260816_122435_863625,2020-01-13,600252.SH,1200,1200,113.880441,118.538238,5589.3564,19
20260816_122435_863625,2020-01-13,603167.SH,10800,10800,12.835808,12.81978,-173.1024,19
20260816_122435_863625,2020-01-13,600193.SH,5300,5300,26.09169,26.593839,2661.3897,19
20260816_122435_863625,2020-01-13,000776.SZ,1700,1700,80.565551,85.724298,8769.8699,18
20260816_122435_863625,2020-01-13,600362.SH,5600,5600,24.943566,26.93978,11178.7984,18
20260816_122435_863625,2020-01-13,600028.SH,8900,8900,16.118469,15.943252,-1559.4313,7
20260816_122435_863625,2020-01-13,000719.SZ,4500,4500,32.193524,32.672625,2155.9545,4
20260816_122435_863625,2020-01-14,300138.SZ,3800,3800,36.569284,37.020016,1712.7816,20
20260816_122435_863625,2020-01-14,600252.SH,1200,1200,113.880441,119.276794,6475.6236,20
20260816_122435_863625,2020-01-14,603167.SH,10800,10800,12.835808,12.79566,-433.5984,20
20260816_122435_863625,2020-01-14,600193.SH,5300,5300,26.09169,25.856982,-1243.9524,20
20260816_122435_863625,2020-01-14,000776.SZ,1700,1700,80.565551,84.517686,6718.6295,19
20260816_122435_863625,2020-01-14,600362.SH,5600,5600,24.943566,27.01972,11626.4624,19
20260816_122435_863625,2020-01-14,600028.SH,8900,8900,16.118469,15.943252,-1559.4313,8
20260816_122435_863625,2020-01-14,000719.SZ,4500,4500,32.193524,32.80245,2740.167,5
20260816_122435_863625,2020-01-15,300138.SZ,3800,3800,36.569284,36.772556,772.4336,21
20260816_122435_863625,2020-01-15,600252.SH,1200,1200,113.880441,120.384628,7805.0244,21
20260816_122435_863625,2020-01-15,603167.SH,10800,10800,12.835808,12.7836,-563.8464,21
20260816_122435_863625,2020-01-15,600193.SH,5300,5300,26.09169,24.919164,-6214.3878,21
20260816_122435_863625,2020-01-15,000776.SZ,1700,1700,80.565551,83.859534,5599.7711,20
20260816_122435_863625,2020-01-15,600362.SH,5600,5600,24.943566,26.3802,8045.1504,20
20260816_122435_863625,2020-01-15,600028.SH,8900,8900,16.118469,15.788162,-2939.7323,9
20260816_122435_863625,2020-01-15,000719.SZ,4500,4500,32.193524,32.499525,1377.0045,6
20260816_122435_863625,2020-01-16,300138.SZ,3800,3800,36.569284,37.86138,4909.9648,22
20260816_122435_863625,2020-01-16,600252.SH,1200,1200,113.880441,118.907516,6032.49,22
20260816_122435_863625,2020-01-16,603167.SH,10800,10800,12.835808,12.50622,-3559.5504,22
20260816_122435_863625,2020-01-16,600193.SH,5300,5300,26.09169,24.584229,-7989.5433,22
20260816_122435_863625,2020-01-16,000776.SZ,1700,1700,80.565551,83.09169,4294.4363,21
20260816_122435_863625,2020-01-16,600362.SH,5600,5600,24.943566,26.30026,7597.4864,21
20260816_122435_863625,2020-01-16,600028.SH,8900,8900,16.118469,15.726126,-3491.8527,10
20260816_122435_863625,2020-01-16,000719.SZ,4500,4500,32.193524,32.239875,208.5795,7
20260816_122435_863625,2020-01-17,300138.SZ,3800,3800,36.569284,38.900712,8859.4264,23
20260816_122435_863625,2020-01-17,600252.SH,1200,1200,113.880441,119.276794,6475.6236,23
20260816_122435_863625,2020-01-17,603167.SH,10800,10800,12.835808,12.62682,-2257.0704,23
20260816_122435_863625,2020-01-17,600193.SH,5300,5300,26.09169,24.78519,-6924.45,23
20260816_122435_863625,2020-01-17,000776.SZ,1700,1700,80.565551,83.256228,4574.1509,22
20260816_122435_863625,2020-01-17,600362.SH,5600,5600,24.943566,26.044452,6164.9616,22
20260816_122435_863625,2020-01-17,600028.SH,8900,8900,16.118469,15.726126,-3491.8527,11
20260816_122435_863625,2020-01-17,000719.SZ,4500,4500,32.193524,31.893675,-1349.3205,8
20260816_122435_863625,2020-01-20,300138.SZ,3800,3800,36.569284,38.306808,6602.5912,24
20260816_122435_863625,2020-01-20,600252.SH,1200,1200,113.880441,122.600296,10463.826,24
20260816_122435_863625,2020-01-20,603167.SH,10800,10800,12.835808,12.65094,-1996.5744,24
20260816_122435_863625,2020-01-20,600193.SH,5300,5300,26.09169,24.718203,-7279.4811,24
20260816_122435_863625,2020-01-20,000776.SZ,1700,1700,80.565551,84.956454,7464.5351,23
20260816_122435_863625,2020-01-20,600362.SH,5600,5600,24.943566,26.188344,6970.7568,23
20260816_122435_863625,2020-01-20,600028.SH,8900,8900,16.118469,15.66409,-4043.9731,12
20260816_122435_863625,2020-01-20,000719.SZ,4500,4500,32.193524,32.0235,-765.108,9
20260816_122435_863625,2020-01-21,300138.SZ,3800,3800,36.569284,37.663412,4157.6864,25
20260816_122435_863625,2020-01-21,600252.SH,1200,1200,113.880441,124.077408,12236.3604,25
20260816_122435_863625,2020-01-21,603167.SH,10800,10800,12.835808,12.5424,-3168.8064,25
20260816_122435_863625,2020-01-21,600193.SH,5300,5300,26.09169,24.584229,-7989.5433,25
20260816_122435_863625,2020-01-21,000776.SZ,1700,1700,80.565551,84.517686,6718.6295,24
20260816_122435_863625,2020-01-21,600362.SH,5600,5600,24.943566,24.957268,76.7312,24
20260816_122435_863625,2020-01-21,600028.SH,8900,8900,16.118469,15.540018,-5148.2139,13
20260816_122435_863625,2020-01-21,000719.SZ,4500,4500,32.193524,32.239875,208.5795,10
20260816_122435_863625,2020-01-22,300138.SZ,3800,3800,36.569284,37.465444,3405.408,26
20260816_122435_863625,2020-01-22,600252.SH,1200,1200,113.880441,121.492462,9134.4252,26
20260816_122435_863625,2020-01-22,603167.SH,10800,10800,12.835808,12.56652,-2908.3104,26
20260816_122435_863625,2020-01-22,600193.SH,5300,5300,26.09169,24.383268,-9054.6366,26
20260816_122435_863625,2020-01-22,000776.SZ,1700,1700,80.565551,84.73707,7091.5823,25
20260816_122435_863625,2020-01-22,600362.SH,5600,5600,24.943566,25.069184,703.4608,25
20260816_122435_863625,2020-01-22,600028.SH,8900,8900,16.118469,15.446964,-5976.3945,14
20260816_122435_863625,2020-01-22,000719.SZ,4500,4500,32.193524,32.62935,1961.217,11
20260816_122435_863625,2020-01-23,300138.SZ,3800,3800,36.569284,36.87154,1148.5728,27
20260816_122435_863625,2020-01-23,600252.SH,1200,1200,113.880441,120.753906,8248.158,27
20260816_122435_863625,2020-01-23,603167.SH,10800,10800,12.835808,12.16854,-7206.4944,27
20260816_122435_863625,2020-01-23,600193.SH,5300,5300,26.09169,23.847372,-11894.8854,27
20260816_122435_863625,2020-01-23,000776.SZ,1700,1700,80.565551,81.226926,1124.3375,26
20260816_122435_863625,2020-01-23,600362.SH,5600,5600,24.943566,24.189844,-4220.8432,26
20260816_122435_863625,2020-01-23,600028.SH,8900,8900,16.118469,15.322892,-7080.6353,15
20260816_122435_863625,2020-01-23,000719.SZ,4500,4500,32.193524,31.41765,-3491.433,12
20260816_122435_863625,2020-02-03,300138.SZ,3800,3800,36.569284,33.209132,-12768.5776,28
20260816_122435_863625,2020-02-03,600252.SH,1200,1200,113.880441,108.93701,-5932.1172,28
20260816_122435_863625,2020-02-03,603167.SH,10800,10800,12.835808,10.95048,-20361.5424,28
20260816_122435_863625,2020-02-03,600193.SH,5300,5300,26.09169,22.641606,-18285.4452,28
20260816_122435_863625,2020-02-03,000776.SZ,1700,1700,80.565551,73.109718,-12674.9161,27
20260816_122435_863625,2020-02-03,600362.SH,5600,5600,24.943566,21.775656,-17740.296,27
20260816_122435_863625,2020-02-03,600028.SH,8900,8900,16.118469,14.330316,-15914.5617,16
20260816_122435_863625,2020-02-03,000719.SZ,4500,4500,32.193524,28.30185,-17512.533,13
20260816_122435_863625,2020-02-04,300138.SZ,3800,3800,36.569284,34.297956,-8631.0464,29
20260816_122435_863625,2020-02-04,600252.SH,1200,1200,113.880441,115.953292,2487.4212,29
20260816_122435_863625,2020-02-04,603167.SH,10800,10800,12.835808,10.17864,-28697.4144,29
20260816_122435_863625,2020-02-04,600193.SH,5300,5300,26.09169,21.502827,-24320.9739,29
20260816_122435_863625,2020-02-04,000776.SZ,1700,1700,80.565551,74.371176,-10530.4375,28
20260816_122435_863625,2020-02-04,600028.SH,8900,8900,16.118469,14.392352,-15362.4413,17
20260816_122435_863625,2020-02-05,300138.SZ,3800,3800,36.569284,34.941352,-6186.1416,30
20260816_122435_863625,2020-02-05,600252.SH,1200,1200,113.880441,123.70813,11793.2268,30
20260816_122435_863625,2020-02-05,000776.SZ,1700,1700,80.565551,75.193866,-9131.8645,29
20260816_122435_863625,2020-02-05,600028.SH,8900,8900,16.118469,14.392352,-15362.4413,18
20260816_122435_863625,2020-02-06,300138.SZ,3800,3800,36.569284,35.337288,-4681.5848,31
20260816_122435_863625,2020-02-06,600252.SH,1200,1200,113.880441,125.55452,14008.8948,31
20260816_122435_863625,2020-02-06,000776.SZ,1700,1700,80.565551,76.948938,-6148.2421,30
20260816_122435_863625,2020-02-06,600028.SH,8900,8900,16.118469,14.57846,-13706.0801,19
20260816_122435_863625,2020-02-07,300138.SZ,3800,3800,36.569284,35.832208,-2800.8888,32
20260816_122435_863625,2020-02-07,600252.SH,1200,1200,113.880441,126.293076,14895.162,32
20260816_122435_863625,2020-02-07,000776.SZ,1700,1700,80.565551,77.003784,-6055.0039,31
20260816_122435_863625,2020-02-07,600028.SH,8900,8900,16.118469,14.671514,-12877.8995,20
20260816_122435_863625,2020-02-10,300138.SZ,3800,3800,36.569284,36.525096,-167.9144,33
20260816_122435_863625,2020-02-10,600252.SH,1200,1200,113.880441,122.231018,10020.6924,33
20260816_122435_863625,2020-02-10,000776.SZ,1700,1700,80.565551,77.88132,-4563.1927,32
20260816_122435_863625,2020-02-10,600028.SH,8900,8900,16.118469,14.609478,-13430.0199,21
20260816_122435_863625,2020-02-11,300138.SZ,3800,3800,36.569284,36.574588,20.1552,34
20260816_122435_863625,2020-02-11,600252.SH,1200,1200,113.880441,119.646072,6918.7572,34
20260816_122435_863625,2020-02-11,000776.SZ,1700,1700,80.565551,77.88132,-4563.1927,33
20260816_122435_863625,2020-02-11,600028.SH,8900,8900,16.118469,14.640496,-13153.9597,22
20260816_122435_863625,2020-02-12,300138.SZ,3800,3800,36.569284,36.673572,396.2944,35
20260816_122435_863625,2020-02-12,600252.SH,1200,1200,113.880441,120.01535,7361.8908,35
20260816_122435_863625,2020-02-12,000776.SZ,1700,1700,80.565551,79.5267,-1766.0467,34
20260816_122435_863625,2020-02-12,600028.SH,8900,8900,16.118469,14.671514,-12877.8995,23
20260816_122435_863625,2020-02-13,300138.SZ,3800,3800,36.569284,36.178652,-1484.4016,36
20260816_122435_863625,2020-02-13,600252.SH,1200,1200,113.880441,117.061126,3816.822,36
20260816_122435_863625,2020-02-13,000776.SZ,1700,1700,80.565551,78.045858,-4283.4781,35
20260816_122435_863625,2020-02-13,600028.SH,8900,8900,16.118469,14.57846,-13706.0801,24
20260816_122435_863625,2020-02-14,300138.SZ,3800,3800,36.569284,36.12916,-1672.4712,37
20260816_122435_863625,2020-02-14,600252.SH,1200,1200,113.880441,116.32257,2930.5548,37
20260816_122435_863625,2020-02-14,000776.SZ,1700,1700,80.565551,79.636392,-1579.5703,36
20260816_122435_863625,2020-02-14,600028.SH,8900,8900,16.118469,14.609478,-13430.0199,25
20260816_122435_863625,2020-02-17,300138.SZ,3800,3800,36.569284,37.069508,1900.8512,38
20260816_122435_863625,2020-02-17,600252.SH,1200,1200,113.880441,118.907516,6032.49,38
20260816_122435_863625,2020-02-17,000776.SZ,1700,1700,80.565551,83.09169,4294.4363,37
20260816_122435_863625,2020-02-17,600028.SH,8900,8900,16.118469,14.826604,-11497.5985,26
20260816_122435_863625,2020-02-18,300138.SZ,3800,3800,36.569284,37.168492,2276.9904,39
20260816_122435_863625,2020-02-18,600252.SH,1200,1200,113.880441,120.01535,7361.8908,39
20260816_122435_863625,2020-02-18,000776.SZ,1700,1700,80.565551,82.598076,3455.2925,38
20260816_122435_863625,2020-02-18,600028.SH,8900,8900,16.118469,14.73355,-12325.7791,27
20260816_122435_863625,2020-02-19,300138.SZ,3800,3800,36.569284,36.772556,772.4336,40
20260816_122435_863625,2020-02-19,600252.SH,1200,1200,113.880441,117.430404,4259.9556,40
20260816_122435_863625,2020-02-19,000776.SZ,1700,1700,80.565551,82.598076,3455.2925,39
20260816_122435_863625,2020-02-19,600028.SH,8900,8900,16.118469,14.702532,-12601.8393,28
20260816_122435_863625,2020-02-20,300138.SZ,3800,3800,36.569284,37.267476,2653.1296,41
20260816_122435_863625,2020-02-20,600252.SH,1200,1200,113.880441,118.907516,6032.49,41
20260816_122435_863625,2020-02-20,000776.SZ,1700,1700,80.565551,86.65668,10354.9193,40
20260816_122435_863625,2020-02-20,600028.SH,8900,8900,16.118469,14.857622,-11221.5383,29
20260816_122435_863625,2020-02-20,002415.SZ,100,0,781.065942,796.098807,1503.2865,1
20260816_122435_863625,2020-02-21,300138.SZ,3800,3800,36.569284,37.119,2088.9208,42
20260816_122435_863625,2020-02-21,600252.SH,1200,1200,113.880441,118.538238,5589.3564,42
20260816_122435_863625,2020-02-21,000776.SZ,1700,1700,80.565551,85.779144,8863.1081,41
20260816_122435_863625,2020-02-21,600028.SH,8900,8900,16.118469,14.857622,-11221.5383,30
20260816_122435_863625,2020-02-21,002415.SZ,100,100,781.065942,808.61802,2755.2078,2
20260816_122435_863625,2020-02-24,300138.SZ,3800,3800,36.569284,37.61392,3969.6168,43
20260816_122435_863625,2020-02-24,600252.SH,1200,1200,113.880441,119.646072,6918.7572,43
20260816_122435_863625,2020-02-24,000776.SZ,1700,1700,80.565551,85.066146,7651.0115,42
20260816_122435_863625,2020-02-24,600028.SH,8900,8900,16.118469,14.640496,-13153.9597,31
20260816_122435_863625,2020-02-24,002415.SZ,100,100,781.065942,801.434865,2036.8923,3
20260816_122435_863625,2020-02-25,300138.SZ,3800,3800,36.569284,38.059348,5662.2432,44
20260816_122435_863625,2020-02-25,600252.SH,1200,1200,113.880441,122.600296,10463.826,44
20260816_122435_863625,2020-02-25,000776.SZ,1700,1700,80.565551,84.572532,6811.8677,43
20260816_122435_863625,2020-02-25,600028.SH,8900,8900,16.118469,14.454388,-14810.3209,32
20260816_122435_863625,2020-02-25,002415.SZ,100,100,781.065942,787.068555,600.2613,4
20260816_122435_863625,2020-02-26,300138.SZ,3800,3800,36.569284,38.950204,9047.496,45
20260816_122435_863625,2020-02-26,600252.SH,1200,1200,113.880441,121.123184,8691.2916,45
20260816_122435_863625,2020-02-26,000776.SZ,1700,1700,80.565551,83.91438,5693.0093,44
20260816_122435_863625,2020-02-26,600028.SH,8900,8900,16.118469,14.516424,-14258.2005,33
20260816_122435_863625,2020-02-26,002415.SZ,100,100,781.065942,757.30977,-2375.6172,5
20260816_122435_863625,2020-02-27,300138.SZ,3800,3800,36.569284,39.148172,9799.7744,46
20260816_122435_863625,2020-02-27,600252.SH,1200,1200,113.880441,121.492462,9134.4252,46
20260816_122435_863625,2020-02-27,000776.SZ,1700,1700,80.565551,84.078918,5972.7239,45
20260816_122435_863625,2020-02-27,600028.SH,8900,8900,16.118469,14.454388,-14810.3209,34
20260816_122435_863625,2020-02-27,002415.SZ,100,100,781.065942,755.25744,-2580.8502,6
20260816_122435_863625,2020-02-28,300138.SZ,3800,3800,36.569284,39.296648,10363.9832,47
20260816_122435_863625,2020-02-28,600252.SH,1200,1200,113.880441,117.061126,3816.822,47
20260816_122435_863625,2020-02-28,000776.SZ,1700,1700,80.565551,79.5267,-1766.0467,46
20260816_122435_863625,2020-02-28,600028.SH,8900,8900,16.118469,14.26828,-16466.6821,35
20260816_122435_863625,2020-02-28,002415.SZ,100,100,781.065942,718.3155,-6275.0442,7
20260816_122435_863625,2020-03-02,300138.SZ,3800,3800,36.569284,39.989536,12996.9576,48
20260816_122435_863625,2020-03-02,600252.SH,1200,1200,113.880441,119.276794,6475.6236,48
20260816_122435_863625,2020-03-02,000776.SZ,1700,1700,80.565551,83.311074,4667.3891,47
20260816_122435_863625,2020-03-02,600028.SH,8900,8900,16.118469,14.57846,-13706.0801,36
20260816_122435_863625,2020-03-02,002415.SZ,100,100,781.065942,730.62948,-5043.6462,8
20260816_122435_863625,2020-03-03,300138.SZ,3800,3800,36.569284,39.84106,12432.7488,49
20260816_122435_863625,2020-03-03,600252.SH,1200,1200,113.880441,119.646072,6918.7572,49
20260816_122435_863625,2020-03-03,000776.SZ,1700,1700,80.565551,84.133764,6065.9621,48
20260816_122435_863625,2020-03-03,600028.SH,8900,8900,16.118469,14.609478,-13430.0199,37
20260816_122435_863625,2020-03-03,002415.SZ,100,100,781.065942,735.760305,-4530.5637,9
20260816_122435_863625,2020-03-03,600039.SH,4200,0,30.483381,30.910131,1792.35,1
20260816_122435_863625,2020-03-03,600881.SH,700,0,162.99928,158.573376,-3098.1328,1
20260816_122435_863625,2020-03-04,300138.SZ,3800,3800,36.569284,39.09868,9611.7048,50
20260816_122435_863625,2020-03-04,600252.SH,1200,1200,113.880441,118.538238,5589.3564,50
20260816_122435_863625,2020-03-04,000776.SZ,1700,1700,80.565551,85.55976,8490.1553,49
20260816_122435_863625,2020-03-04,600028.SH,8900,8900,16.118469,14.609478,-13430.0199,38
20260816_122435_863625,2020-03-04,002415.SZ,100,100,781.065942,729.192849,-5187.3093,10
20260816_122435_863625,2020-03-04,600039.SH,4200,4200,30.483381,30.755193,1141.6104,2
20260816_122435_863625,2020-03-04,600881.SH,700,700,162.99928,161.388288,-1127.6944,2
20260816_122435_863625,2020-03-04,002694.SZ,8900,0,14.561824,15.199128,5672.0056,1
20260816_122435_863625,2020-03-05,300138.SZ,3800,3800,36.569284,40.979376,16758.3496,51
20260816_122435_863625,2020-03-05,600252.SH,1200,1200,113.880441,120.753906,8248.158,51
20260816_122435_863625,2020-03-05,000776.SZ,1700,1700,80.565551,87.589062,11939.9687,50
20260816_122435_863625,2020-03-05,600028.SH,8900,8900,16.118469,14.857622,-11221.5383,39
20260816_122435_863625,2020-03-05,002415.SZ,100,100,781.065942,742.532994,-3853.2948,11
20260816_122435_863625,2020-03-05,600039.SH,4200,4200,30.483381,31.065069,2443.0896,3
20260816_122435_863625,2020-03-05,600881.SH,700,700,162.99928,162.795744,-142.4752,3
20260816_122435_863625,2020-03-05,002694.SZ,8900,8900,14.561824,14.625576,567.3928,2
20260816_122435_863625,2020-03-06,300138.SZ,3800,3800,36.569284,40.434964,14689.584,52
20260816_122435_863625,2020-03-06,600252.SH,1200,1200,113.880441,123.338852,11350.0932,52
20260816_122435_863625,2020-03-06,000776.SZ,1700,1700,80.565551,84.73707,7091.5823,51
20260816_122435_863625,2020-03-06,600028.SH,8900,8900,16.118469,14.857622,-11221.5383,40
20260816_122435_863625,2020-03-06,002415.SZ,100,100,781.065942,722.830626,-5823.5316,12
20260816_122435_863625,2020-03-06,600039.SH,4200,4200,30.483381,29.593158,-3738.9366,4
20260816_122435_863625,2020-03-06,600881.SH,700,700,162.99928,159.51168,-2441.32,4
20260816_122435_863625,2020-03-06,002694.SZ,8900,8900,14.561824,14.871384,2755.084,3
20260816_122435_863625,2020-03-09,300138.SZ,3800,3800,36.569284,40.434964,14689.584,53
20260816_122435_863625,2020-03-09,600252.SH,1200,1200,113.880441,135.525026,25973.502,53
20260816_122435_863625,2020-03-09,000776.SZ,1700,1700,80.565551,81.885078,2243.1959,52
20260816_122435_863625,2020-03-09,600028.SH,8900,8900,16.118469,15.229838,-7908.8159,41
20260816_122435_863625,2020-03-09,002415.SZ,100,100,781.065942,687.120084,-9394.5858,13
20260816_122435_863625,2020-03-09,600039.SH,4200,4200,30.483381,28.508592,-8294.1138,5
20260816_122435_863625,2020-03-09,600881.SH,700,700,162.99928,152.943552,-7039.0096,5
20260816_122435_863625,2020-03-09,002694.SZ,8900,8900,14.561824,14.052024,-4537.22,4
20260816_122435_863625,2020-03-10,300138.SZ,3800,3800,36.569284,42.018708,20707.8112,54
20260816_122435_863625,2020-03-10,600252.SH,1200,1200,113.880441,136.63286,27302.9028,54
20260816_122435_863625,2020-03-10,000776.SZ,1700,1700,80.565551,83.859534,5599.7711,53
20260816_122435_863625,2020-03-10,600028.SH,8900,8900,16.118469,14.950676,-10393.3577,42
20260816_122435_863625,2020-03-10,600039.SH,4200,4200,30.483381,29.050875,-6016.5252,6
20260816_122435_863625,2020-03-10,600881.SH,700,700,162.99928,156.696768,-4411.7584,6
20260816_122435_863625,2020-03-10,002694.SZ,8900,8900,14.561824,14.461704,-891.068,5
20260816_122435_863625,2020-03-11,300138.SZ,3800,3800,36.569284,43.157024,25033.412,55
20260816_122435_863625,2020-03-11,600252.SH,1200,1200,113.880441,136.263582,26859.7692,55
20260816_122435_863625,2020-03-11,000776.SZ,1700,1700,80.565551,81.99477,2429.6723,54
20260816_122435_863625,2020-03-11,600028.SH,8900,8900,16.118469,14.73355,-12325.7791,43
20260816_122435_863625,2020-03-11,600039.SH,4200,4200,30.483381,28.431123,-8619.4836,7
20260816_122435_863625,2020-03-11,600881.SH,700,700,162.99928,152.943552,-7039.0096,7
20260816_122435_863625,2020-03-11,002694.SZ,8900,8900,14.561824,14.297832,-2349.5288,6
20260816_122435_863625,2020-03-11,601518.SH,28100,0,3.43991,3.184506,-7176.8524,1
20260816_122435_863625,2020-03-12,300138.SZ,3800,3800,36.569284,45.7801,35001.1008,56
20260816_122435_863625,2020-03-12,600252.SH,1200,1200,113.880441,128.878022,17997.0972,56
20260816_122435_863625,2020-03-12,000776.SZ,1700,1700,80.565551,80.568774,5.4791,55
20260816_122435_863625,2020-03-12,600028.SH,8900,8900,16.118469,14.392352,-15362.4413,44
20260816_122435_863625,2020-03-12,600039.SH,4200,4200,30.483381,28.043778,-10246.3326,8
20260816_122435_863625,2020-03-12,600881.SH,700,700,162.99928,151.536096,-8024.2288,8
20260816_122435_863625,2020-03-12,002694.SZ,8900,8900,14.561824,13.888152,-5995.6808,7
20260816_122435_863625,2020-03-12,601518.SH,28100,28100,3.43991,2.956226,-13591.5204,2
20260816_122435_863625,2020-03-13,300138.SZ,3800,3800,36.569284,45.631624,34436.892,57
20260816_122435_863625,2020-03-13,600252.SH,1200,1200,113.880441,125.185242,13565.7612,57
20260816_122435_863625,2020-03-13,000776.SZ,1700,1700,80.565551,79.910622,-1113.3793,56
20260816_122435_863625,2020-03-13,600028.SH,8900,8900,16.118469,14.11319,-17846.9831,45
20260816_122435_863625,2020-03-13,600039.SH,4200,4200,30.483381,27.656433,-11873.1816,9
20260816_122435_863625,2020-03-13,600881.SH,700,700,162.99928,148.721184,-9994.6672,9
20260816_122435_863625,2020-03-13,002694.SZ,8900,8900,14.561824,13.396536,-10371.0632,8
20260816_122435_863625,2020-03-16,300138.SZ,3800,3800,36.569284,44.443816,29923.2216,58
20260816_122435_863625,2020-03-16,600252.SH,1200,1200,113.880441,125.185242,13565.7612,58
20260816_122435_863625,2020-03-16,000776.SZ,1700,1700,80.565551,76.290786,-7267.1005,57
20260816_122435_863625,2020-03-16,600039.SH,4200,4200,30.483381,27.269088,-13500.0306,10
20260816_122435_863625,2020-03-16,600881.SH,700,700,162.99928,144.029664,-13278.7312,10
20260816_122435_863625,2020-03-16,002694.SZ,8900,8900,14.561824,12.863952,-15111.0608,9
20260816_122435_863625,2020-03-16,002872.SZ,8300,0,9.150232,9.321278,1419.6818,1
20260816_122435_863625,2020-03-17,300138.SZ,3800,3800,36.569284,45.879084,35377.24,59
20260816_122435_863625,2020-03-17,600252.SH,1200,1200,113.880441,121.492462,9134.4252,59
20260816_122435_863625,2020-03-17,000776.SZ,1700,1700,80.565551,76.126248,-7546.8151,58
20260816_122435_863625,2020-03-17,600039.SH,4200,4200,30.483381,29.825565,-2762.8272,11
20260816_122435_863625,2020-03-17,600881.SH,700,700,162.99928,145.43712,-12293.512,11
20260816_122435_863625,2020-03-17,002694.SZ,8900,8900,14.561824,12.782016,-15840.2912,10
20260816_122435_863625,2020-03-17,002872.SZ,8300,8300,9.150232,8.849892,-2492.822,2
20260816_122435_863625,2020-03-18,300138.SZ,3800,3800,36.569284,47.26486,40643.1888,60
20260816_122435_863625,2020-03-18,600252.SH,1200,1200,113.880441,117.799682,4703.0892,60
20260816_122435_863625,2020-03-18,000776.SZ,1700,1700,80.565551,74.151792,-10903.3903,59
20260816_122435_863625,2020-03-18,600039.SH,4200,4200,30.483381,28.895937,-6667.2648,12
20260816_122435_863625,2020-03-18,600881.SH,700,700,162.99928,141.214752,-15249.1696,12
20260816_122435_863625,2020-03-18,002872.SZ,8300,8300,9.150232,8.469742,-5648.067,3
20260816_122435_863625,2020-03-18,000598.SZ,1000,0,121.075345,116.728832,-4346.513,1
20260816_122435_863625,2020-03-19,000776.SZ,1700,1700,80.565551,74.86479,-9691.2937,60
20260816_122435_863625,2020-03-19,600039.SH,4200,4200,30.483381,28.973406,-6341.895,13
20260816_122435_863625,2020-03-19,002872.SZ,8300,8300,9.150232,8.393712,-6279.116,4
20260816_122435_863625,2020-03-19,000598.SZ,1000,1000,121.075345,116.235264,-4840.081,2
20260816_122435_863625,2020-03-20,600039.SH,4200,4200,30.483381,29.670627,-3413.5668,14
20260816_122435_863625,2020-03-20,002872.SZ,8300,8300,9.150232,8.3633,-6531.5356,5
20260816_122435_863625,2020-03-20,000598.SZ,1000,1000,121.075345,120.430592,-644.753,3
20260816_122435_863625,2020-03-23,600039.SH,4200,4200,30.483381,28.973406,-6341.895,15
20260816_122435_863625,2020-03-23,002872.SZ,8300,8300,9.150232,8.3633,-6531.5356,6
20260816_122435_863625,2020-03-23,000598.SZ,1000,1000,121.075345,116.975616,-4099.729,4
20260816_122435_863625,2020-03-24,600039.SH,4200,4200,30.483381,29.205813,-5365.7856,16
20260816_122435_863625,2020-03-24,002872.SZ,8300,8300,9.150232,8.226446,-7667.4238,7
20260816_122435_863625,2020-03-24,000598.SZ,1000,1000,121.075345,118.209536,-2865.809,5
20260816_122435_863625,2020-03-25,600039.SH,4200,4200,30.483381,29.283282,-5040.4158,17
20260816_122435_863625,2020-03-25,002872.SZ,8300,8300,9.150232,8.21124,-7793.6336,8
20260816_122435_863625,2020-03-25,000598.SZ,1000,1000,121.075345,118.45632,-2619.025,6
20260816_122435_863625,2020-03-26,600039.SH,4200,4200,30.483381,28.895937,-6667.2648,18
20260816_122435_863625,2020-03-26,002872.SZ,8300,8300,9.150232,8.241652,-7541.214,9
20260816_122435_863625,2020-03-26,000598.SZ,1000,1000,121.075345,115.248128,-5827.217,7
20260816_122435_863625,2020-03-27,600039.SH,4200,4200,30.483381,29.283282,-5040.4158,19
20260816_122435_863625,2020-03-27,002872.SZ,8300,8300,9.150232,8.150416,-8298.4728,10
20260816_122435_863625,2020-03-27,000598.SZ,1000,1000,121.075345,115.98848,-5086.865,8
20260816_122435_863625,2020-03-30,600039.SH,4200,4200,30.483381,29.593158,-3738.9366,20
20260816_122435_863625,2020-03-30,002872.SZ,8300,8300,9.150232,7.785472,-11327.508,11
20260816_122435_863625,2020-03-30,000598.SZ,1000,1000,121.075345,114.507776,-6567.569,9
20260816_122435_863625,2020-03-31,600039.SH,4200,4200,30.483381,29.825565,-2762.8272,21
20260816_122435_863625,2020-03-31,000598.SZ,1000,1000,121.075345,112.780288,-8295.057,10
20260816_122435_863625,2020-04-01,600039.SH,4200,4200,30.483381,30.057972,-1786.7178,22
20260816_122435_863625,2020-04-01,000598.SZ,1000,1000,121.075345,117.715968,-3359.377,11
20260816_122435_863625,2020-04-02,600039.SH,4200,4200,30.483381,30.522786,165.501,23
20260816_122435_863625,2020-04-02,000598.SZ,1000,1000,121.075345,118.703104,-2372.241,12
20260816_122435_863625,2020-04-03,600039.SH,4200,4200,30.483381,30.290379,-810.6084,24
20260816_122435_863625,2020-04-03,000598.SZ,1000,1000,121.075345,118.45632,-2619.025,13
20260816_122435_863625,2020-04-07,600039.SH,4200,4200,30.483381,30.290379,-810.6084,25
20260816_122435_863625,2020-04-07,000598.SZ,1000,1000,121.075345,119.443456,-1631.889,14
20260816_122435_863625,2020-04-08,600039.SH,4200,4200,30.483381,30.367848,-485.2386,26
20260816_122435_863625,2020-04-08,000598.SZ,1000,1000,121.075345,121.417728,342.383,15
20260816_122435_863625,2020-04-08,300218.SZ,6400,0,19.00383,19.169901,1062.8544,1
20260816_122435_863625,2020-04-09,600039.SH,4200,4200,30.483381,29.670627,-3413.5668,27
20260816_122435_863625,2020-04-09,000598.SZ,1000,1000,121.075345,118.703104,-2372.241,16
20260816_122435_863625,2020-04-09,300218.SZ,6400,6400,19.00383,18.959011,-286.8416,2
20260816_122435_863625,2020-04-09,600461.SH,4000,0,30.038469,29.91573,-490.956,1
20260816_122435_863625,2020-04-10,600039.SH,4200,4200,30.483381,30.21291,-1135.9782,28
20260816_122435_863625,2020-04-10,000598.SZ,1000,1000,121.075345,118.703104,-2372.241,17
20260816_122435_863625,2020-04-10,300218.SZ,6400,6400,19.00383,17.546048,-9329.8048,3
20260816_122435_863625,2020-04-10,600461.SH,4000,4000,30.038469,29.91573,-490.956,2
20260816_122435_863625,2020-04-10,002290.SZ,8900,0,13.647965,13.737207,794.2538,1
20260816_122435_863625,2020-04-13,600039.SH,4200,4200,30.483381,30.135441,-1461.348,29
20260816_122435_863625,2020-04-13,000598.SZ,1000,1000,121.075345,119.69024,-1385.105,18
20260816_122435_863625,2020-04-13,300218.SZ,6400,6400,19.00383,17.29298,-10949.44,4
20260816_122435_863625,2020-04-13,600461.SH,4000,4000,30.038469,30.42711,1554.564,3
20260816_122435_863625,2020-04-13,002290.SZ,8900,8900,13.647965,13.763778,1030.7357,2
20260816_122435_863625,2020-04-14,600039.SH,4200,4200,30.483381,30.367848,-485.2386,30
20260816_122435_863625,2020-04-14,000598.SZ,1000,1000,121.075345,118.949888,-2125.457,19
20260816_122435_863625,2020-04-14,300218.SZ,6400,6400,19.00383,17.50387,-9599.744,5
20260816_122435_863625,2020-04-14,600461.SH,4000,4000,30.038469,31.36464,5304.684,4
20260816_122435_863625,2020-04-14,002290.SZ,8900,8900,13.647965,14.002917,3159.0728,3
20260816_122435_863625,2020-04-14,002809.SZ,4100,0,29.147176,29.0493,-401.2916,1
20260816_122435_863625,2020-04-15,600039.SH,4200,4200,30.483381,30.135441,-1461.348,31
20260816_122435_863625,2020-04-15,000598.SZ,1000,1000,121.075345,117.962752,-3112.593,20
20260816_122435_863625,2020-04-15,300218.SZ,6400,6400,19.00383,16.786844,-14188.7104,6
20260816_122435_863625,2020-04-15,600461.SH,4000,4000,30.038469,31.27941,4963.764,5
20260816_122435_863625,2020-04-15,002290.SZ,8900,8900,13.647965,13.790349,1267.2176,4
20260816_122435_863625,2020-04-15,002809.SZ,4100,4100,29.147176,28.54209,-2480.8526,2
20260816_122435_863625,2020-04-16,600039.SH,4200,4200,30.483381,29.903034,-2437.4574,32
20260816_122435_863625,2020-04-16,000598.SZ,1000,1000,121.075345,119.69024,-1385.105,21
20260816_122435_863625,2020-04-16,300218.SZ,6400,6400,19.00383,16.322886,-17158.0416,7
20260816_122435_863625,2020-04-16,600461.SH,4000,4000,30.038469,30.51234,1895.484,6
20260816_122435_863625,2020-04-16,002290.SZ,8900,8900,13.647965,13.630923,-151.6738,5
20260816_122435_863625,2020-04-16,002809.SZ,4100,4100,29.147176,28.38839,-3111.0226,3
20260816_122435_863625,2020-04-17,600039.SH,4200,4200,30.483381,29.980503,-2112.0876,33
20260816_122435_863625,2020-04-17,000598.SZ,1000,1000,121.075345,118.45632,-2619.025,22
20260816_122435_863625,2020-04-17,600461.SH,4000,4000,30.038469,30.043575,20.424,7
20260816_122435_863625,2020-04-17,002290.SZ,8900,8900,13.647965,13.604352,-388.1557,6
20260816_122435_863625,2020-04-17,002809.SZ,4100,4100,29.147176,30.21742,4388.0004,4
20260816_122435_863625,2020-04-17,603926.SH,6500,0,18.287676,18.237166,-328.315,1
20260816_122435_863625,2020-04-20,600039.SH,4200,4200,30.483381,30.522786,165.501,34
20260816_122435_863625,2020-04-20,000598.SZ,1000,1000,121.075345,118.45632,-2619.025,23
20260816_122435_863625,2020-04-20,600461.SH,4000,4000,30.038469,30.214035,702.264,8
20260816_122435_863625,2020-04-20,002290.SZ,8900,8900,13.647965,13.684065,321.29,7
20260816_122435_863625,2020-04-20,002809.SZ,4100,4100,29.147176,33.24531,16802.3494,5
20260816_122435_863625,2020-04-20,603926.SH,6500,6500,18.287676,16.549052,-11301.056,2
20260816_122435_863625,2020-04-21,600039.SH,4200,4200,30.483381,30.290379,-810.6084,35
20260816_122435_863625,2020-04-21,000598.SZ,1000,1000,121.075345,119.69024,-1385.105,24
20260816_122435_863625,2020-04-21,600461.SH,4000,4000,30.038469,29.8305,-831.876,9
20260816_122435_863625,2020-04-21,002290.SZ,8900,8900,13.647965,13.630923,-151.6738,8
20260816_122435_863625,2020-04-21,002809.SZ,4100,4100,29.147176,35.93506,27830.3244,6
20260816_122435_863625,2020-04-21,603926.SH,6500,6500,18.287676,15.538951,-17866.7125,3
20260816_122435_863625,2020-04-21,600193.SH,4500,0,25.88931,25.856982,-145.476,1
20260816_122435_863625,2020-04-21,002883.SZ,3300,0,34.771932,35.71659,3117.3714,1
20260816_122435_863625,2020-04-22,600039.SH,4200,4200,30.483381,30.21291,-1135.9782,36
20260816_122435_863625,2020-04-22,000598.SZ,1000,1000,121.075345,121.664512,589.167,25
20260816_122435_863625,2020-04-22,600461.SH,4000,4000,30.038469,30.51234,1895.484,10
20260816_122435_863625,2020-04-22,002290.SZ,8900,8900,13.647965,13.763778,1030.7357,9
20260816_122435_863625,2020-04-22,002809.SZ,4100,4100,29.147176,34.7362,22914.9984,7
20260816_122435_863625,2020-04-22,600193.SH,4500,4500,25.88931,25.923969,155.9655,2
20260816_122435_863625,2020-04-22,002883.SZ,3300,3300,34.771932,34.436948,-1105.4472,2
20260816_122435_863625,2020-04-23,600039.SH,4200,4200,30.483381,29.980503,-2112.0876,37
20260816_122435_863625,2020-04-23,000598.SZ,1000,1000,121.075345,121.170944,95.599,26
20260816_122435_863625,2020-04-23,600461.SH,4000,4000,30.038469,30.59757,2236.404,11
20260816_122435_863625,2020-04-23,002290.SZ,8900,8900,13.647965,13.763778,1030.7357,10
20260816_122435_863625,2020-04-23,002809.SZ,4100,4100,29.147176,34.1214,20394.3184,8
20260816_122435_863625,2020-04-23,600193.SH,4500,4500,25.88931,26.526852,2868.939,3
20260816_122435_863625,2020-04-23,002883.SZ,3300,3300,34.771932,33.432672,-4419.558,3
20260816_122435_863625,2020-04-24,600039.SH,4200,4200,30.483381,29.670627,-3413.5668,38
20260816_122435_863625,2020-04-24,000598.SZ,1000,1000,121.075345,119.937024,-1138.321,27
20260816_122435_863625,2020-04-24,600461.SH,4000,4000,30.038469,30.17142,531.804,12
20260816_122435_863625,2020-04-24,002290.SZ,8900,8900,13.647965,13.684065,321.29,11
20260816_122435_863625,2020-04-24,002809.SZ,4100,4100,29.147176,32.39996,13336.4144,9
20260816_122435_863625,2020-04-24,600193.SH,4500,4500,25.88931,25.656021,-1049.8005,4
20260816_122435_863625,2020-04-24,002883.SZ,3300,3300,34.771932,31.731882,-10032.165,4
20260816_122435_863625,2020-04-24,300741.SZ,2700,0,37.482149,36.171381,-3539.0736,1
20260816_122435_863625,2020-04-27,600039.SH,4200,4200,30.483381,29.43822,-4389.6762,39
20260816_122435_863625,2020-04-27,000598.SZ,1000,1000,121.075345,122.15808,1082.735,28
20260816_122435_863625,2020-04-27,600461.SH,4000,4000,30.038469,30.25665,872.724,13
20260816_122435_863625,2020-04-27,002290.SZ,8900,8900,13.647965,13.604352,-388.1557,12
20260816_122435_863625,2020-04-27,002809.SZ,4100,4100,29.147176,33.47586,17747.6044,10
20260816_122435_863625,2020-04-27,600193.SH,4500,4500,25.88931,24.383268,-6777.189,5
20260816_122435_863625,2020-04-27,002883.SZ,3300,3300,34.771932,32.23402,-8375.1096,5
20260816_122435_863625,2020-04-27,300741.SZ,2700,2700,37.482149,36.116426,-3687.4521,2
20260816_122435_863625,2020-04-28,600039.SH,4200,4200,30.483381,28.586061,-7968.744,40
20260816_122435_863625,2020-04-28,000598.SZ,1000,1000,121.075345,120.92416,-151.185,29
20260816_122435_863625,2020-04-28,600461.SH,4000,4000,30.038469,30.25665,872.724,14
20260816_122435_863625,2020-04-28,002290.SZ,8900,8900,13.647965,13.258929,-3462.4204,13
20260816_122435_863625,2020-04-28,002809.SZ,4100,4100,29.147176,32.04645,11887.0234,11
20260816_122435_863625,2020-04-28,600193.SH,4500,4500,25.88931,23.311476,-11600.253,6
20260816_122435_863625,2020-04-28,002883.SZ,3300,3300,34.771932,32.622772,-7092.228,6
20260816_122435_863625,2020-04-28,300741.SZ,2700,2700,37.482149,35.445975,-5497.6698,3
20260816_122435_863625,2020-04-29,600039.SH,4200,4200,30.483381,28.740999,-7318.0044,41
20260816_122435_863625,2020-04-29,000598.SZ,1000,1000,121.075345,117.962752,-3112.593,30
20260816_122435_863625,2020-04-29,600461.SH,4000,4000,30.038469,29.787885,-1002.336,15
20260816_122435_863625,2020-04-29,002290.SZ,8900,8900,13.647965,13.923204,2449.6271,14
20260816_122435_863625,2020-04-29,002809.SZ,4100,4100,29.147176,32.36922,13210.3804,12
20260816_122435_863625,2020-04-29,600193.SH,4500,4500,25.88931,24.249294,-7380.072,7
20260816_122435_863625,2020-04-29,002883.SZ,3300,3300,34.771932,31.34313,-11315.0466,7
20260816_122435_863625,2020-04-29,300741.SZ,2700,2700,37.482149,34.02926,-9322.8003,4
20260816_122435_863625,2020-04-30,600039.SH,4200,4200,30.483381,29.515689,-4064.3064,42
20260816_122435_863625,2020-04-30,000598.SZ,1000,1000,121.075345,119.196672,-1878.673,31
20260816_122435_863625,2020-04-30,600461.SH,4000,4000,30.038469,30.17142,531.804,16
20260816_122435_863625,2020-04-30,002290.SZ,8900,8900,13.647965,14.61405,8598.1565,15
20260816_122435_863625,2020-04-30,002809.SZ,4100,4100,29.147176,31.24721,8610.1394,13
20260816_122435_863625,2020-04-30,600193.SH,4500,4500,25.88931,25.120125,-3461.3325,8
20260816_122435_863625,2020-04-30,002883.SZ,3300,3300,34.771932,31.958654,-9283.8174,8
20260816_122435_863625,2020-04-30,300741.SZ,2700,2700,37.482149,33.97071,-9480.8853,5
20260816_122435_863625,2020-05-06,600039.SH,4200,4200,30.483381,30.677724,816.2406,43
20260816_122435_863625,2020-05-06,000598.SZ,1000,1000,121.075345,119.937024,-1138.321,32
20260816_122435_863625,2020-05-06,600461.SH,4000,4000,30.038469,30.08619,190.884,17
20260816_122435_863625,2020-05-06,002290.SZ,8900,8900,13.647965,14.746905,9780.566,16
20260816_122435_863625,2020-05-06,002809.SZ,4100,4100,29.147176,31.5085,9681.4284,14
20260816_122435_863625,2020-05-06,600193.SH,4500,4500,25.88931,25.589034,-1351.242,9
20260816_122435_863625,2020-05-06,002883.SZ,3300,3300,34.771932,32.574178,-7252.5882,9
20260816_122435_863625,2020-05-06,300741.SZ,2700,2700,37.482149,34.28688,-8627.2263,6
20260816_122435_863625,2020-05-07,600039.SH,4200,4200,30.483381,30.367848,-485.2386,44
20260816_122435_863625,2020-05-07,000598.SZ,1000,1000,121.075345,118.209536,-2865.809,33
20260816_122435_863625,2020-05-07,600461.SH,4000,4000,30.038469,29.8305,-831.876,18
20260816_122435_863625,2020-05-07,002290.SZ,8900,8900,13.647965,15.437751,15929.0954,17
20260816_122435_863625,2020-05-07,002809.SZ,4100,4100,29.147176,33.58345,18188.7234,15
20260816_122435_863625,2020-05-07,600193.SH,4500,4500,25.88931,25.321086,-2557.008,10
20260816_122435_863625,2020-05-07,002883.SZ,3300,3300,34.771932,32.023446,-9070.0038,10
20260816_122435_863625,2020-05-07,300741.SZ,2700,2700,37.482149,34.40398,-8311.0563,7
20260816_122435_863625,2020-05-08,600039.SH,4200,4200,30.483381,30.367848,-485.2386,45
20260816_122435_863625,2020-05-08,000598.SZ,1000,1000,121.075345,118.703104,-2372.241,34
20260816_122435_863625,2020-05-08,600461.SH,4000,4000,30.038469,29.787885,-1002.336,19
20260816_122435_863625,2020-05-08,002290.SZ,8900,8900,13.647965,15.304896,14746.6859,18
20260816_122435_863625,2020-05-08,002809.SZ,4100,4100,29.147176,33.24531,16802.3494,16
20260816_122435_863625,2020-05-08,600193.SH,4500,4500,25.88931,25.45506,-1954.125,11
20260816_122435_863625,2020-05-08,002883.SZ,3300,3300,34.771932,33.222098,-5114.4522,11
20260816_122435_863625,2020-05-08,300741.SZ,2700,2700,37.482149,34.5445,-7931.6523,8
20260816_122435_863625,2020-05-11,600039.SH,4200,4200,30.483381,30.522786,165.501,46
20260816_122435_863625,2020-05-11,000598.SZ,1000,1000,121.075345,118.209536,-2865.809,35
20260816_122435_863625,2020-05-11,600461.SH,4000,4000,30.038469,29.532195,-2025.096,20
20260816_122435_863625,2020-05-11,002290.SZ,8900,8900,13.647965,15.065757,12618.3488,19
20260816_122435_863625,2020-05-11,002809.SZ,4100,4100,29.147176,33.69104,18629.8424,17
20260816_122435_863625,2020-05-11,600193.SH,4500,4500,25.88931,25.45506,-1954.125,12
20260816_122435_863625,2020-05-11,002883.SZ,3300,3300,34.771932,33.092514,-5542.0794,12
20260816_122435_863625,2020-05-11,300741.SZ,2700,2700,37.482149,34.8958,-6983.1423,9
20260816_122435_863625,2020-05-12,600039.SH,4200,4200,30.483381,30.367848,-485.2386,47
20260816_122435_863625,2020-05-12,000598.SZ,1000,1000,121.075345,118.209536,-2865.809,36
20260816_122435_863625,2020-05-12,600461.SH,4000,4000,30.038469,29.532195,-2025.096,21
20260816_122435_863625,2020-05-12,002290.SZ,8900,8900,13.647965,14.986044,11908.9031,20
20260816_122435_863625,2020-05-12,002809.SZ,4100,4100,29.147176,33.13772,16361.2304,18
20260816_122435_863625,2020-05-12,600193.SH,4500,4500,25.88931,24.383268,-6777.189,13
20260816_122435_863625,2020-05-12,002883.SZ,3300,3300,34.771932,32.493188,-7519.8552,13
20260816_122435_863625,2020-05-12,300741.SZ,2700,2700,37.482149,35.5984,-5086.1223,10
20260816_122435_863625,2020-05-13,600039.SH,4200,4200,30.483381,30.832662,1466.9802,48
20260816_122435_863625,2020-05-13,000598.SZ,1000,1000,121.075345,117.962752,-3112.593,37
20260816_122435_863625,2020-05-13,600461.SH,4000,4000,30.038469,29.48958,-2195.556,22
20260816_122435_863625,2020-05-13,002290.SZ,8900,8900,13.647965,14.295198,5760.3737,21
20260816_122435_863625,2020-05-13,002809.SZ,4100,4100,29.147176,34.64398,22536.8964,19
20260816_122435_863625,2020-05-13,600193.SH,4500,4500,25.88931,24.584229,-5872.8645,14
20260816_122435_863625,2020-05-13,002883.SZ,3300,3300,34.771932,32.96293,-5969.7066,14
20260816_122435_863625,2020-05-13,300741.SZ,2700,2700,37.482149,35.58669,-5117.7393,11
20260816_122435_863625,2020-05-14,600039.SH,4200,4200,30.483381,31.065069,2443.0896,49
20260816_122435_863625,2020-05-14,000598.SZ,1000,1000,121.075345,117.715968,-3359.377,38
20260816_122435_863625,2020-05-14,600461.SH,4000,4000,30.038469,29.106045,-3729.696,23
20260816_122435_863625,2020-05-14,002290.SZ,8900,8900,13.647965,14.401482,6706.3013,22
20260816_122435_863625,2020-05-14,002809.SZ,4100,4100,29.147176,33.52197,17936.6554,20
20260816_122435_863625,2020-05-14,600193.SH,4500,4500,25.88931,25.053138,-3762.774,15
20260816_122435_863625,2020-05-14,002883.SZ,3300,3300,34.771932,32.023446,-9070.0038,15
20260816_122435_863625,2020-05-14,300741.SZ,2700,2700,37.482149,35.09487,-6445.6533,12
20260816_122435_863625,2020-05-15,600039.SH,4200,4200,30.483381,31.374945,3744.5688,50
20260816_122435_863625,2020-05-15,000598.SZ,1000,1000,121.075345,117.715968,-3359.377,39
20260816_122435_863625,2020-05-15,600461.SH,4000,4000,30.038469,29.106045,-3729.696,24
20260816_122435_863625,2020-05-15,002290.SZ,8900,8900,13.647965,14.162343,4577.9642,23
20260816_122435_863625,2020-05-15,002809.SZ,4100,4100,29.147176,34.09066,20268.2844,21
20260816_122435_863625,2020-05-15,600193.SH,4500,4500,25.88931,25.656021,-1049.8005,16
20260816_122435_863625,2020-05-15,002883.SZ,3300,3300,34.771932,32.849544,-6343.8804,16
20260816_122435_863625,2020-05-15,300741.SZ,2700,2700,37.482149,35.0129,-6666.9723,13
20260816_122435_863625,2020-05-18,600039.SH,4200,4200,30.483381,32.459511,8299.746,51
20260816_122435_863625,2020-05-18,000598.SZ,1000,1000,121.075345,118.949888,-2125.457,40
20260816_122435_863625,2020-05-18,600461.SH,4000,4000,30.038469,29.446965,-2366.016,25
20260816_122435_863625,2020-05-18,002290.SZ,8900,8900,13.647965,14.056059,3632.0366,24
20260816_122435_863625,2020-05-18,002809.SZ,4100,4100,29.147176,33.0455,15983.1284,22
20260816_122435_863625,2020-05-18,600193.SH,4500,4500,25.88931,26.057943,758.8485,17
20260816_122435_863625,2020-05-18,002883.SZ,3300,3300,34.771932,32.606574,-7145.6814,17
20260816_122435_863625,2020-05-18,300741.SZ,2700,2700,37.482149,36.23074,-3378.8043,14
20260816_122435_863625,2020-05-19,600039.SH,4200,4200,30.483381,31.994697,6347.5272,52
20260816_122435_863625,2020-05-19,000598.SZ,1000,1000,121.075345,118.45632,-2619.025,41
20260816_122435_863625,2020-05-19,600461.SH,4000,4000,30.038469,29.14866,-3559.236,26
20260816_122435_863625,2020-05-19,002290.SZ,8900,8900,13.647965,14.002917,3159.0728,25
20260816_122435_863625,2020-05-19,002809.SZ,4100,4100,29.147176,34.38269,21465.6074,23
20260816_122435_863625,2020-05-19,600193.SH,4500,4500,25.88931,26.258904,1663.173,18
20260816_122435_863625,2020-05-19,002883.SZ,3300,3300,34.771932,33.141108,-5381.7192,18
20260816_122435_863625,2020-05-19,300741.SZ,2700,2700,37.482149,35.9497,-4137.6123,15
20260816_122435_863625,2020-05-20,600039.SH,4200,4200,30.483381,31.529883,4395.3084,53
20260816_122435_863625,2020-05-20,000598.SZ,1000,1000,121.075345,118.45632,-2619.025,42
20260816_122435_863625,2020-05-20,600461.SH,4000,4000,30.038469,28.850355,-4752.456,27
20260816_122435_863625,2020-05-20,002290.SZ,8900,8900,13.647965,14.215485,5050.928,26
20260816_122435_863625,2020-05-20,002809.SZ,4100,4100,29.147176,33.44512,17621.5704,24
20260816_122435_863625,2020-05-20,600193.SH,4500,4500,25.88931,26.057943,758.8485,19
20260816_122435_863625,2020-05-20,002883.SZ,3300,3300,34.771932,32.331208,-8054.3892,19
20260816_122435_863625,2020-05-20,300741.SZ,2700,2700,37.482149,35.72721,-4738.3353,16
20260816_122435_863625,2020-05-21,600039.SH,4200,4200,30.483381,31.452414,4069.9386,54
20260816_122435_863625,2020-05-21,000598.SZ,1000,1000,121.075345,117.962752,-3112.593,43
20260816_122435_863625,2020-05-21,600461.SH,4000,4000,30.038469,28.850355,-4752.456,28
20260816_122435_863625,2020-05-21,002290.SZ,8900,8900,13.647965,13.81692,1503.6995,27
20260816_122435_863625,2020-05-21,002809.SZ,4100,4100,29.147176,32.38459,13273.3974,25
20260816_122435_863625,2020-05-21,600193.SH,4500,4500,25.88931,26.057943,758.8485,20
20260816_122435_863625,2020-05-21,002883.SZ,3300,3300,34.771932,32.088238,-8856.1902,20
20260816_122435_863625,2020-05-21,300741.SZ,2700,2700,37.482149,35.3642,-5718.4623,17
20260816_122435_863625,2020-05-22,600039.SH,4200,4200,30.483381,30.755193,1141.6104,55
20260816_122435_863625,2020-05-22,000598.SZ,1000,1000,121.075345,114.75456,-6320.785,44
20260816_122435_863625,2020-05-22,600461.SH,4000,4000,30.038469,28.04067,-7991.196,29
20260816_122435_863625,2020-05-22,002290.SZ,8900,8900,13.647965,13.524639,-1097.6014,28
20260816_122435_863625,2020-05-22,002809.SZ,4100,4100,29.147176,30.87833,7097.7314,26
20260816_122435_863625,2020-05-22,600193.SH,4500,4500,25.88931,26.12493,1060.29,21
20260816_122435_863625,2020-05-22,002883.SZ,3300,3300,34.771932,30.905784,-12758.2884,21
20260816_122435_863625,2020-05-22,300741.SZ,2700,2700,37.482149,34.26346,-8690.4603,18
20260816_122435_863625,2020-05-25,600039.SH,4200,4200,30.483381,30.832662,1466.9802,56
20260816_122435_863625,2020-05-25,000598.SZ,1000,1000,121.075345,114.75456,-6320.785,45
20260816_122435_863625,2020-05-25,600461.SH,4000,4000,30.038469,27.69975,-9354.876,30
20260816_122435_863625,2020-05-25,002290.SZ,8900,8900,13.647965,13.232358,-3698.9023,29
20260816_122435_863625,2020-05-25,002809.SZ,4100,4100,29.147176,31.29332,8799.1904,27
20260816_122435_863625,2020-05-25,600193.SH,4500,4500,25.88931,25.990956,457.407,22
20260816_122435_863625,2020-05-25,002883.SZ,3300,3300,34.771932,30.646616,-13613.5428,22
20260816_122435_863625,2020-05-25,300741.SZ,2700,2700,37.482149,34.7787,-7299.3123,19
20260816_122435_863625,2020-05-26,600039.SH,4200,4200,30.483381,30.755193,1141.6104,57
20260816_122435_863625,2020-05-26,000598.SZ,1000,1000,121.075345,115.248128,-5827.217,46
20260816_122435_863625,2020-05-26,600461.SH,4000,4000,30.038469,27.912825,-8502.576,31
20260816_122435_863625,2020-05-26,002290.SZ,8900,8900,13.647965,13.179216,-4171.8661,30
20260816_122435_863625,2020-05-26,002809.SZ,4100,4100,29.147176,32.39996,13336.4144,28
20260816_122435_863625,2020-05-26,600193.SH,4500,4500,25.88931,25.923969,155.9655,23
20260816_122435_863625,2020-05-26,002883.SZ,3300,3300,34.771932,31.391724,-11154.6864,23
20260816_122435_863625,2020-05-26,300741.SZ,2700,2700,37.482149,36.01996,-3947.9103,20
20260816_122435_863625,2020-05-27,600039.SH,4200,4200,30.483381,30.445317,-159.8688,58
20260816_122435_863625,2020-05-27,000598.SZ,1000,1000,121.075345,115.248128,-5827.217,47
20260816_122435_863625,2020-05-27,600461.SH,4000,4000,30.038469,28.21113,-7309.356,32
20260816_122435_863625,2020-05-27,002290.SZ,8900,8900,13.647965,13.205787,-3935.3842,31
20260816_122435_863625,2020-05-27,002809.SZ,4100,4100,29.147176,31.614084,10114.3228,29
20260816_122435_863625,2020-05-27,600193.SH,4500,4500,25.88931,25.990956,457.407,24
20260816_122435_863625,2020-05-27,002883.SZ,3300,3300,34.771932,31.440318,-10994.3262,24
20260816_122435_863625,2020-05-27,300741.SZ,2700,2700,37.482149,36.61717,-2335.4433,21
20260816_122435_863625,2020-05-28,600039.SH,4200,4200,30.483381,30.445317,-159.8688,59
20260816_122435_863625,2020-05-28,000598.SZ,1000,1000,121.075345,115.98848,-5086.865,48
20260816_122435_863625,2020-05-28,600461.SH,4000,4000,30.038469,27.827595,-8843.496,33
20260816_122435_863625,2020-05-28,002290.SZ,8900,8900,13.647965,13.55121,-861.1195,32
20260816_122435_863625,2020-05-28,002809.SZ,4100,4100,29.147176,33.16071,16455.4894,30
20260816_122435_863625,2020-05-28,600193.SH,4500,4500,25.88931,25.656021,-1049.8005,25
20260816_122435_863625,2020-05-28,002883.SZ,3300,3300,34.771932,31.537506,-10673.6058,25
20260816_122435_863625,2020-05-28,300741.SZ,2700,2700,37.482149,36.19561,-3473.6553,22
20260816_122435_863625,2020-05-29,600039.SH,4200,4200,30.483381,30.522786,165.501,60
20260816_122435_863625,2020-05-29,000598.SZ,1000,1000,121.075345,115.248128,-5827.217,49
20260816_122435_863625,2020-05-29,600461.SH,4000,4000,30.038469,27.95544,-8332.116,34
20260816_122435_863625,2020-05-29,002290.SZ,8900,8900,13.647965,13.604352,-388.1557,33
20260816_122435_863625,2020-05-29,002809.SZ,4100,4100,29.147176,32.531574,13876.0318,31
20260816_122435_863625,2020-05-29,600193.SH,4500,4500,25.88931,26.392878,2266.056,26
20260816_122435_863625,2020-05-29,002883.SZ,3300,3300,34.771932,31.456516,-10940.8728,26
20260816_122435_863625,2020-05-29,300741.SZ,2700,2700,37.482149,37.87014,1047.5757,23
20260816_122435_863625,2020-06-01,000598.SZ,1000,1000,121.075345,116.975616,-4099.729,50
20260816_122435_863625,2020-06-01,600461.SH,4000,4000,30.038469,28.253745,-7138.896,35
20260816_122435_863625,2020-06-01,002290.SZ,8900,8900,13.647965,13.630923,-151.6738,34
20260816_122435_863625,2020-06-01,002809.SZ,4100,4100,29.147176,32.924784,15488.1928,32
20260816_122435_863625,2020-06-01,600193.SH,4500,4500,25.88931,26.660826,3471.822,27
20260816_122435_863625,2020-06-01,002883.SZ,3300,3300,34.771932,31.926258,-9390.7242,27
20260816_122435_863625,2020-06-01,300741.SZ,2700,2700,37.482149,37.5891,288.7677,24
20260816_122435_863625,2020-06-02,000598.SZ,1000,1000,121.075345,116.975616,-4099.729,51
20260816_122435_863625,2020-06-02,600461.SH,4000,4000,30.038469,28.253745,-7138.896,36
20260816_122435_863625,2020-06-02,002290.SZ,8900,8900,13.647965,13.630923,-151.6738,35
20260816_122435_863625,2020-06-02,002809.SZ,4100,4100,29.147176,34.576266,22259.269,33
20260816_122435_863625,2020-06-02,600193.SH,4500,4500,25.88931,26.660826,3471.822,28
20260816_122435_863625,2020-06-02,002883.SZ,3300,3300,34.771932,32.217822,-8428.563,28
20260816_122435_863625,2020-06-02,300741.SZ,2700,2700,37.482149,37.69449,573.3207,25
20260816_122435_863625,2020-06-03,000598.SZ,1000,1000,121.075345,116.728832,-4346.513,52
20260816_122435_863625,2020-06-03,600461.SH,4000,4000,30.038469,28.21113,-7309.356,37
20260816_122435_863625,2020-06-03,002290.SZ,8900,8900,13.647965,13.657494,84.8081,36
20260816_122435_863625,2020-06-03,002809.SZ,4100,4100,29.147176,34.287912,21077.0176,34
20260816_122435_863625,2020-06-03,600193.SH,4500,4500,25.88931,26.660826,3471.822,29
20260816_122435_863625,2020-06-03,002883.SZ,3300,3300,34.771932,32.606574,-7145.6814,29
20260816_122435_863625,2020-06-03,300741.SZ,2700,2700,37.482149,37.37832,-280.3383,26
20260816_122435_863625,2020-06-03,600900.SH,2100,0,55.65818,55.89648,500.43,1
20260816_122435_863625,2020-06-04,000598.SZ,1000,1000,121.075345,116.728832,-4346.513,53
20260816_122435_863625,2020-06-04,600461.SH,4000,4000,30.038469,28.21113,-7309.356,38
20260816_122435_863625,2020-06-04,002290.SZ,8900,8900,13.647965,13.763778,1030.7357,37
20260816_122435_863625,2020-06-04,002809.SZ,4100,4100,29.147176,34.392768,21506.9272,35
20260816_122435_863625,2020-06-04,600193.SH,4500,4500,25.88931,26.392878,2266.056,30
20260816_122435_863625,2020-06-04,002883.SZ,3300,3300,34.771932,33.93481,-2762.5026,30
20260816_122435_863625,2020-06-04,300741.SZ,2700,2700,37.482149,37.96382,1300.5117,27
20260816_122435_863625,2020-06-04,600900.SH,2100,2100,55.65818,54.7884,-1826.538,2
20260816_122435_863625,2020-06-05,000598.SZ,1000,1000,121.075345,117.2224,-3852.945,54
20260816_122435_863625,2020-06-05,600461.SH,4000,4000,30.038469,28.083285,-7820.736,39
20260816_122435_863625,2020-06-05,002290.SZ,8900,8900,13.647965,14.295198,5760.3737,38
20260816_122435_863625,2020-06-05,002809.SZ,4100,4100,29.147176,34.051986,20109.721,36
20260816_122435_863625,2020-06-05,600193.SH,4500,4500,25.88931,26.191917,1361.7315,31
20260816_122435_863625,2020-06-05,002883.SZ,3300,3300,34.771932,34.25877,-1693.4346,31
20260816_122435_863625,2020-06-05,300741.SZ,2700,2700,37.482149,37.26122,-596.5083,28
20260816_122435_863625,2020-06-05,600900.SH,2100,2100,55.65818,54.6345,-2149.728,3
20260816_122435_863625,2020-06-08,000598.SZ,1000,1000,121.075345,116.975616,-4099.729,55
20260816_122435_863625,2020-06-08,600461.SH,4000,4000,30.038469,27.95544,-8332.116,40
20260816_122435_863625,2020-06-08,002290.SZ,8900,8900,13.647965,14.587479,8361.6746,39
20260816_122435_863625,2020-06-08,002809.SZ,4100,4100,29.147176,34.681122,22689.1786,37
20260816_122435_863625,2020-06-08,600193.SH,4500,4500,25.88931,26.191917,1361.7315,32
20260816_122435_863625,2020-06-08,002883.SZ,3300,3300,34.771932,33.85382,-3029.7696,32
20260816_122435_863625,2020-06-08,300741.SZ,2700,2700,37.482149,37.28464,-533.2743,29
20260816_122435_863625,2020-06-08,600900.SH,2100,2100,55.65818,55.06542,-1244.796,4
20260816_122435_863625,2020-06-09,000598.SZ,1000,1000,121.075345,115.98848,-5086.865,56
20260816_122435_863625,2020-06-09,600461.SH,4000,4000,30.038469,28.083285,-7820.736,41
20260816_122435_863625,2020-06-09,002290.SZ,8900,8900,13.647965,14.746905,9780.566,40
20260816_122435_863625,2020-06-09,002809.SZ,4100,4100,29.147176,33.763632,18927.4696,38
20260816_122435_863625,2020-06-09,600193.SH,4500,4500,25.88931,26.593839,3170.3805,33
20260816_122435_863625,2020-06-09,002883.SZ,3300,3300,34.771932,33.675642,-3617.757,33
20260816_122435_863625,2020-06-09,300741.SZ,2700,2700,37.482149,37.90527,1142.4267,30
20260816_122435_863625,2020-06-09,600900.SH,2100,2100,55.65818,55.46556,-404.502,5
20260816_122435_863625,2020-06-10,000598.SZ,1000,1000,121.075345,115.98848,-5086.865,57
20260816_122435_863625,2020-06-10,600461.SH,4000,4000,30.038469,28.04067,-7991.196,42
20260816_122435_863625,2020-06-10,002290.SZ,8900,8900,13.647965,14.667192,9071.1203,41
20260816_122435_863625,2020-06-10,002809.SZ,4100,4100,29.147176,35.310258,25268.6362,39
20260816_122435_863625,2020-06-10,600193.SH,4500,4500,25.88931,26.861787,4376.1465,34
20260816_122435_863625,2020-06-10,002883.SZ,3300,3300,34.771932,33.627048,-3778.1172,34
20260816_122435_863625,2020-06-10,300741.SZ,2700,2700,37.482149,37.91698,1174.0437,31
20260816_122435_863625,2020-06-10,600900.SH,2100,2100,55.65818,55.00386,-1374.072,6
20260816_122435_863625,2020-06-11,000598.SZ,1000,1000,121.075345,114.75456,-6320.785,58
20260816_122435_863625,2020-06-11,600461.SH,4000,4000,30.038469,27.571905,-9866.256,43
20260816_122435_863625,2020-06-11,002290.SZ,8900,8900,13.647965,14.428053,6942.7832,42
20260816_122435_863625,2020-06-11,002809.SZ,4100,4100,29.147176,34.628694,22474.2238,40
20260816_122435_863625,2020-06-11,600193.SH,4500,4500,25.88931,28.13454,10103.535,35
20260816_122435_863625,2020-06-11,002883.SZ,3300,3300,34.771932,33.85382,-3029.7696,35
20260816_122435_863625,2020-06-11,300741.SZ,2700,2700,37.482149,37.48371,4.2147,32
20260816_122435_863625,2020-06-11,600900.SH,2100,2100,55.65818,54.1728,-3119.298,7
20260816_122435_863625,2020-06-12,000598.SZ,1000,1000,121.075345,113.767424,-7307.921,59
20260816_122435_863625,2020-06-12,600461.SH,4000,4000,30.038469,27.35883,-10718.556,44
20260816_122435_863625,2020-06-12,002290.SZ,8900,8900,13.647965,14.720334,9544.0841,43
20260816_122435_863625,2020-06-12,002809.SZ,4100,4100,29.147176,33.920916,19572.334,41
20260816_122435_863625,2020-06-12,600193.SH,4500,4500,25.88931,29.541267,16433.8065,36
20260816_122435_863625,2020-06-12,002883.SZ,3300,3300,34.771932,33.562256,-3991.9308,36
20260816_122435_863625,2020-06-12,300741.SZ,2700,2700,37.482149,37.05044,-1165.6143,33
20260816_122435_863625,2020-06-12,600900.SH,2100,2100,55.65818,53.95734,-3571.764,8
20260816_122435_863625,2020-06-15,000598.SZ,1000,1000,121.075345,114.014208,-7061.137,60
20260816_122435_863625,2020-06-15,600461.SH,4000,4000,30.038469,27.2736,-11059.476,45
20260816_122435_863625,2020-06-15,002290.SZ,8900,8900,13.647965,14.135772,4341.4823,44
20260816_122435_863625,2020-06-15,002809.SZ,4100,4100,29.147176,32.793714,14950.8058,42
20260816_122435_863625,2020-06-15,600193.SH,4500,4500,25.88931,30.077163,18845.3385,37
20260816_122435_863625,2020-06-15,002883.SZ,3300,3300,34.771932,34.09679,-2227.9686,37
20260816_122435_863625,2020-06-15,300741.SZ,2700,2700,37.482149,38.86549,3735.0207,34
20260816_122435_863625,2020-06-15,600900.SH,2100,2100,55.65818,53.03394,-5510.904,9
20260816_122435_863625,2020-06-16,600461.SH,4000,4000,30.038469,27.657135,-9525.336,46
20260816_122435_863625,2020-06-16,002290.SZ,8900,8900,13.647965,13.657494,84.8081,45
20260816_122435_863625,2020-06-16,002809.SZ,4100,4100,29.147176,34.20927,20754.5854,43
20260816_122435_863625,2020-06-16,600193.SH,4500,4500,25.88931,31.550877,25477.0515,38
20260816_122435_863625,2020-06-16,002883.SZ,3300,3300,34.771932,34.74471,-89.8326,38
20260816_122435_863625,2020-06-16,300741.SZ,2700,2700,37.482149,39.26363,4809.9987,35
20260816_122435_863625,2020-06-16,600900.SH,2100,2100,55.65818,54.29592,-2860.746,10
20260816_122435_863625,2020-06-17,600461.SH,4000,4000,30.038469,27.571905,-9866.256,47
20260816_122435_863625,2020-06-17,002290.SZ,8900,8900,13.647965,13.498068,-1334.0833,46
20260816_122435_863625,2020-06-17,002809.SZ,4100,4100,29.147176,36.516102,30212.5966,44
20260816_122435_863625,2020-06-17,600193.SH,4500,4500,25.88931,33.158565,32711.6475,39
20260816_122435_863625,2020-06-17,002883.SZ,3300,3300,34.771932,34.955284,605.0616,39
20260816_122435_863625,2020-06-17,300741.SZ,2700,2700,37.482149,39.72032,6043.0617,36
20260816_122435_863625,2020-06-17,600900.SH,2100,2100,55.65818,55.15776,-1050.882,11
20260816_122435_863625,2020-06-17,603968.SH,3700,0,32.347392,32.220848,-468.2128,1
20260816_122435_863625,2020-06-18,600461.SH,4000,4000,30.038469,27.657135,-9525.336,48
20260816_122435_863625,2020-06-18,002290.SZ,8900,8900,13.647965,13.179216,-4171.8661,47
20260816_122435_863625,2020-06-18,002809.SZ,4100,4100,29.147176,36.96174,32039.7124,45
20260816_122435_863625,2020-06-18,600193.SH,4500,4500,25.88931,34.83324,40247.685,40
20260816_122435_863625,2020-06-18,002883.SZ,3300,3300,34.771932,36.947638,7179.8298,40
20260816_122435_863625,2020-06-18,300741.SZ,2700,2700,37.482149,39.39244,5157.7857,37
20260816_122435_863625,2020-06-18,600900.SH,2100,2100,55.65818,55.98882,694.344,12
20260816_122435_863625,2020-06-18,603968.SH,3700,3700,32.347392,32.19749,-554.6374,2
20260816_122435_863625,2020-06-19,600461.SH,4000,4000,30.038469,27.78498,-9013.956,49
20260816_122435_863625,2020-06-19,002290.SZ,8900,8900,13.647965,13.179216,-4171.8661,48
20260816_122435_863625,2020-06-19,002809.SZ,4100,4100,29.147176,36.96174,32039.7124,46
20260816_122435_863625,2020-06-19,600193.SH,4500,4500,25.88931,36.574902,48085.164,41
20260816_122435_863625,2020-06-19,002883.SZ,3300,3300,34.771932,36.963836,7233.2832,41
20260816_122435_863625,2020-06-19,300741.SZ,2700,2700,37.482149,39.67348,5916.5937,38
20260816_122435_863625,2020-06-19,600900.SH,2100,2100,55.65818,55.92726,565.068,13
20260816_122435_863625,2020-06-19,603968.SH,3700,3700,32.347392,32.687694,1259.1174,3
20260816_122435_863625,2020-06-22,600461.SH,4000,4000,30.038469,27.61452,-9695.796,50
20260816_122435_863625,2020-06-22,002290.SZ,8900,8900,13.647965,13.205787,-3935.3842,49
20260816_122435_863625,2020-06-22,002809.SZ,4100,4100,29.147176,36.43746,29890.1644,47
20260816_122435_863625,2020-06-22,600193.SH,4500,4500,25.88931,38.383551,56224.0845,42
20260816_122435_863625,2020-06-22,002883.SZ,3300,3300,34.771932,36.315916,5095.1472,42
20260816_122435_863625,2020-06-22,300741.SZ,2700,2700,37.482149,39.12311,4430.5947,39
20260816_122435_863625,2020-06-22,600900.SH,2100,2100,55.65818,56.05038,823.62,14
20260816_122435_863625,2020-06-22,603968.SH,3700,3700,32.347392,32.75454,1506.4476,4
20260816_122435_863625,2020-06-23,600461.SH,4000,4000,30.038469,27.2736,-11059.476,51
20260816_122435_863625,2020-06-23,002290.SZ,8900,8900,13.647965,13.126074,-4644.8299,50
20260816_122435_863625,2020-06-23,002809.SZ,4100,4100,29.147176,36.43746,29890.1644,48
20260816_122435_863625,2020-06-23,600193.SH,4500,4500,25.88931,36.440928,47482.281,43
20260816_122435_863625,2020-06-23,002883.SZ,3300,3300,34.771932,38.097696,10975.0212,43
20260816_122435_863625,2020-06-23,300741.SZ,2700,2700,37.482149,40.44634,8003.3157,40
20260816_122435_863625,2020-06-23,600900.SH,2100,2100,55.65818,57.7125,4314.072,15
20260816_122435_863625,2020-06-23,603968.SH,3700,3700,32.347392,32.3089,-142.4204,5
20260816_122435_863625,2020-06-24,600461.SH,4000,4000,30.038469,27.401445,-10548.096,52
20260816_122435_863625,2020-06-24,002290.SZ,8900,8900,13.647965,13.152645,-4408.348,51
20260816_122435_863625,2020-06-24,002809.SZ,4100,4100,29.147176,34.943262,23763.9526,49
20260816_122435_863625,2020-06-24,600193.SH,4500,4500,25.88931,34.632279,39343.3605,44
20260816_122435_863625,2020-06-24,002883.SZ,3300,3300,34.771932,40.09005,17549.7894,44
20260816_122435_863625,2020-06-24,300741.SZ,2700,2700,37.482149,40.01307,6833.4867,41
20260816_122435_863625,2020-06-24,600900.SH,2100,2100,55.65818,58.75902,6511.764,16
20260816_122435_863625,2020-06-24,603968.SH,3700,3700,32.347392,31.64044,-2615.7224,6
20260816_122435_863625,2020-06-29,600461.SH,4000,4000,30.038469,27.401445,-10548.096,53
20260816_122435_863625,2020-06-29,002290.SZ,8900,8900,13.647965,12.833793,-7246.1308,52
20260816_122435_863625,2020-06-29,002809.SZ,4100,4100,29.147176,34.156842,20539.6306,50
20260816_122435_863625,2020-06-29,600193.SH,4500,4500,25.88931,35.570097,43563.5415,45
20260816_122435_863625,2020-06-29,002883.SZ,3300,3300,34.771932,40.17104,17817.0564,45
20260816_122435_863625,2020-06-29,300741.SZ,2700,2700,37.482149,40.2824,7560.6777,42
20260816_122435_863625,2020-06-29,600900.SH,2100,2100,55.65818,58.42044,5800.746,17
20260816_122435_863625,2020-06-29,603968.SH,3700,3700,32.347392,31.796414,-2038.6186,7
20260816_122435_863625,2020-06-30,600461.SH,4000,4000,30.038469,27.145755,-11570.856,54
20260816_122435_863625,2020-06-30,002290.SZ,8900,8900,13.647965,13.418355,-2043.529,53
20260816_122435_863625,2020-06-30,002809.SZ,4100,4100,29.147176,34.392768,21506.9272,51
20260816_122435_863625,2020-06-30,600193.SH,4500,4500,25.88931,33.761448,35424.621,46
20260816_122435_863625,2020-06-30,002883.SZ,3300,3300,34.771932,39.84708,16747.9884,46
20260816_122435_863625,2020-06-30,300741.SZ,2700,2700,37.482149,43.18648,15401.6937,43
20260816_122435_863625,2020-06-30,600900.SH,2100,2100,55.65818,58.29732,5542.194,18
20260816_122435_863625,2020-06-30,603968.SH,3700,3700,32.347392,32.19749,-554.6374,8
20260816_122435_863625,2020-07-01,600461.SH,4000,4000,30.038469,27.145755,-11570.856,55
20260816_122435_863625,2020-07-01,002290.SZ,8900,8900,13.647965,13.81692,1503.6995,54
20260816_122435_863625,2020-07-01,002809.SZ,4100,4100,29.147176,34.576266,22259.269,52
20260816_122435_863625,2020-07-01,600193.SH,4500,4500,25.88931,33.828435,35726.0625,47
20260816_122435_863625,2020-07-01,002883.SZ,3300,3300,34.771932,39.944268,17068.7088,47
20260816_122435_863625,2020-07-01,300741.SZ,2700,2700,37.482149,43.50265,16255.3527,44
20260816_122435_863625,2020-07-01,600900.SH,2100,2100,55.65818,59.8671,8838.732,19
20260816_122435_863625,2020-07-01,603968.SH,3700,3700,32.347392,32.932796,2165.9948,9
20260816_122435_863625,2020-07-02,600461.SH,4000,4000,30.038469,28.04067,-7991.196,56
20260816_122435_863625,2020-07-02,002290.SZ,8900,8900,13.647965,13.763778,1030.7357,55
20260816_122435_863625,2020-07-02,002809.SZ,4100,4100,29.147176,34.445196,21721.882,53
20260816_122435_863625,2020-07-02,600193.SH,4500,4500,25.88931,34.096383,36931.8285,48
20260816_122435_863625,2020-07-02,002883.SZ,3300,3300,34.771932,39.52312,15678.9204,48
20260816_122435_863625,2020-07-02,300741.SZ,2700,2700,37.482149,47.85877,28016.8767,45
20260816_122435_863625,2020-07-02,600900.SH,2100,2100,55.65818,58.9437,6899.592,20
20260816_122435_863625,2020-07-02,603968.SH,3700,3700,32.347392,33.08877,2743.0986,10
20260816_122435_863625,2020-07-03,600461.SH,4000,4000,30.038469,28.55205,-5945.676,57
20260816_122435_863625,2020-07-03,002290.SZ,8900,8900,13.647965,14.109201,4105.0004,56
20260816_122435_863625,2020-07-03,002809.SZ,4100,4100,29.147176,34.392768,21506.9272,54
20260816_122435_863625,2020-07-03,600193.SH,4500,4500,25.88931,33.292539,33314.5305,49
20260816_122435_863625,2020-07-03,002883.SZ,3300,3300,34.771932,40.106248,17603.2428,49
20260816_122435_863625,2020-07-03,300741.SZ,2700,2700,37.482149,52.09779,39462.2307,46
20260816_122435_863625,2020-07-03,600900.SH,2100,2100,55.65818,58.75902,6511.764,21
20260816_122435_863625,2020-07-03,603968.SH,3700,3700,32.347392,33.445282,4062.193,11
20260816_122435_863625,2020-07-06,600461.SH,4000,4000,30.038469,29.446965,-2366.016,58
20260816_122435_863625,2020-07-06,002290.SZ,8900,8900,13.647965,14.188914,4814.4461,57
20260816_122435_863625,2020-07-06,002809.SZ,4100,4100,29.147176,35.51997,26128.4554,55
20260816_122435_863625,2020-07-06,600193.SH,4500,4500,25.88931,32.82363,31204.44,50
20260816_122435_863625,2020-07-06,002883.SZ,3300,3300,34.771932,39.835532,16709.88,50
20260816_122435_863625,2020-07-06,300741.SZ,2700,2700,37.482149,57.30874,53531.7957,47
20260816_122435_863625,2020-07-06,600900.SH,2100,2100,55.65818,59.43618,7933.8,22
20260816_122435_863625,2020-07-06,603968.SH,3700,3700,32.347392,34.514818,8019.4762,12
20260816_122435_863625,2020-07-07,600461.SH,4000,4000,30.038469,29.31912,-2877.396,59
20260816_122435_863625,2020-07-07,002290.SZ,8900,8900,13.647965,14.188914,4814.4461,58
20260816_122435_863625,2020-07-07,002809.SZ,4100,4100,29.147176,36.43746,29890.1644,56
20260816_122435_863625,2020-07-07,600193.SH,4500,4500,25.88931,34.498305,38740.4775,51
20260816_122435_863625,2020-07-07,002883.SZ,3300,3300,34.771932,40.275974,18163.3386,51
20260816_122435_863625,2020-07-07,300741.SZ,2700,2700,37.482149,63.03493,68992.5087,48
20260816_122435_863625,2020-07-07,600900.SH,2100,2100,55.65818,59.46696,7998.438,23
20260816_122435_863625,2020-07-07,603968.SH,3700,3700,32.347392,34.31428,7277.4856,13
20260816_122435_863625,2020-07-08,600461.SH,4000,4000,30.038469,29.57481,-1854.636,60
20260816_122435_863625,2020-07-08,002290.SZ,8900,8900,13.647965,14.295198,5760.3737,59
20260816_122435_863625,2020-07-08,002809.SZ,4100,4100,29.147176,36.516102,30212.5966,57
20260816_122435_863625,2020-07-08,600193.SH,4500,4500,25.88931,34.632279,39343.3605,52
20260816_122435_863625,2020-07-08,002883.SZ,3300,3300,34.771932,40.61854,19293.8064,52
20260816_122435_863625,2020-07-08,300741.SZ,2700,2700,37.482149,69.33491,86002.4547,49
20260816_122435_863625,2020-07-08,600900.SH,2100,2100,55.65818,59.03604,7093.506,24
20260816_122435_863625,2020-07-08,603968.SH,3700,3700,32.347392,34.938176,9585.9008,14
20260816_122435_863625,2020-07-09,002290.SZ,8900,8900,13.647965,14.800047,10253.5298,60
20260816_122435_863625,2020-07-09,002809.SZ,4100,4100,29.147176,38.744292,39348.1756,58
20260816_122435_863625,2020-07-09,600193.SH,4500,4500,25.88931,34.967214,40850.568,53
20260816_122435_863625,2020-07-09,002883.SZ,3300,3300,34.771932,41.695176,22846.7052,53
20260816_122435_863625,2020-07-09,300741.SZ,2700,2700,37.482149,76.26723,104719.7187,50
20260816_122435_863625,2020-07-09,600900.SH,2100,2100,55.65818,58.57434,6123.936,25
20260816_122435_863625,2020-07-09,603968.SH,3700,3700,32.347392,35.20556,10575.2216,15
20260816_122435_863625,2020-07-10,002809.SZ,4100,4100,29.147176,37.800588,35478.9892,59
20260816_122435_863625,2020-07-10,600193.SH,4500,4500,25.88931,34.766253,39946.2435,54
20260816_122435_863625,2020-07-10,002883.SZ,3300,3300,34.771932,40.398319,18567.0771,54
20260816_122435_863625,2020-07-10,300741.SZ,2700,2700,37.482149,72.61371,94855.2147,51
20260816_122435_863625,2020-07-10,600900.SH,2100,2100,55.65818,58.14342,5219.004,26
20260816_122435_863625,2020-07-10,603968.SH,3700,3700,32.347392,34.626228,8431.6932,16
20260816_122435_863625,2020-07-10,600269.SH,2900,0,43.559294,43.166781,-1138.2877,1
20260816_122435_863625,2020-07-13,002809.SZ,4100,4100,29.147176,39.687996,43217.362,60
20260816_122435_863625,2020-07-13,600193.SH,4500,4500,25.88931,35.369136,42659.217,55
20260816_122435_863625,2020-07-13,002883.SZ,3300,3300,34.771932,42.82075,26561.0994,55
20260816_122435_863625,2020-07-13,300741.SZ,2700,2700,37.482149,74.69809,100483.0407,52
20260816_122435_863625,2020-07-13,600900.SH,2100,2100,55.65818,58.97448,6964.23,27
20260816_122435_863625,2020-07-13,603968.SH,3700,3700,32.347392,38.079938,21210.4202,17
20260816_122435_863625,2020-07-13,600269.SH,2900,2900,43.559294,43.730316,495.9638,2
20260816_122435_863625,2020-07-13,600713.SH,2500,0,51.185058,52.40452,3048.655,1
20260816_122435_863625,2020-07-14,600193.SH,4500,4500,25.88931,34.498305,38740.4775,56
20260816_122435_863625,2020-07-14,002883.SZ,3300,3300,34.771932,45.659154,35927.8326,56
20260816_122435_863625,2020-07-14,300741.SZ,2700,2700,37.482149,82.16907,120654.6867,53
20260816_122435_863625,2020-07-14,600900.SH,2100,2100,55.65818,59.74398,8580.18,28
20260816_122435_863625,2020-07-14,603968.SH,3700,3700,32.347392,37.968528,20798.2032,18
20260816_122435_863625,2020-07-14,600269.SH,2900,2900,43.559294,43.392195,-484.5871,3
20260816_122435_863625,2020-07-14,600713.SH,2500,2500,51.185058,52.190624,2513.915,2
20260816_122435_863625,2020-07-15,600193.SH,4500,4500,25.88931,34.029396,36630.387,57
20260816_122435_863625,2020-07-15,002883.SZ,3300,3300,34.771932,45.047429,33909.1401,57
20260816_122435_863625,2020-07-15,300741.SZ,2700,2700,37.482149,73.94865,98459.5527,54
20260816_122435_863625,2020-07-15,600900.SH,2100,2100,55.65818,61.43688,12135.27,29
20260816_122435_863625,2020-07-15,603968.SH,3700,3700,32.347392,36.809864,16511.1464,19
20260816_122435_863625,2020-07-15,600269.SH,2900,2900,43.559294,42.941367,-1791.9883,4
20260816_122435_863625,2020-07-15,600713.SH,2500,2500,51.185058,51.014196,-427.155,3
20260816_122435_863625,2020-07-15,600054.SH,3500,0,42.602317,43.568526,3381.7315,1
20260816_122435_863625,2020-07-16,600193.SH,4500,4500,25.88931,33.359526,33615.972,58
20260816_122435_863625,2020-07-16,002883.SZ,3300,3300,34.771932,42.845219,26641.8471,58
20260816_122435_863625,2020-07-16,300741.SZ,2700,2700,37.482149,68.7377,84389.9877,55
20260816_122435_863625,2020-07-16,600900.SH,2100,2100,55.65818,58.88214,6770.316,30
20260816_122435_863625,2020-07-16,603968.SH,3700,3700,32.347392,35.227842,10657.665,20
20260816_122435_863625,2020-07-16,600269.SH,2900,2900,43.559294,42.002708,-4514.0994,5
20260816_122435_863625,2020-07-16,600713.SH,2500,2500,51.185058,49.409976,-4437.705,4
20260816_122435_863625,2020-07-16,600054.SH,3500,3500,42.602317,39.313614,-11510.4605,2
20260816_122435_863625,2020-07-17,600193.SH,4500,4500,25.88931,33.895422,36027.504,59
20260816_122435_863625,2020-07-17,002883.SZ,3300,3300,34.771932,42.82075,26561.0994,59
20260816_122435_863625,2020-07-17,300741.SZ,2700,2700,37.482149,67.6838,81544.4577,56
20260816_122435_863625,2020-07-17,600900.SH,2100,2100,55.65818,59.393815,7844.8335,31
20260816_122435_863625,2020-07-17,603968.SH,3700,3700,32.347392,35.6512,12224.0896,21
20260816_122435_863625,2020-07-17,600269.SH,2900,2900,43.559294,41.885382,-4854.3448,6
20260816_122435_863625,2020-07-17,600713.SH,2500,2500,51.185058,49.623872,-3902.965,5
20260816_122435_863625,2020-07-17,600054.SH,3500,3500,42.602317,40.465986,-7477.1585,3
20260816_122435_863625,2020-07-20,600193.SH,4500,4500,25.88931,33.828435,35726.0625,60
20260816_122435_863625,2020-07-20,002883.SZ,3300,3300,34.771932,44.239952,31244.466,60
20260816_122435_863625,2020-07-20,300741.SZ,2700,2700,37.482149,70.9626,90397.2177,57
20260816_122435_863625,2020-07-20,600900.SH,2100,2100,55.65818,59.48956,8045.898,32
20260816_122435_863625,2020-07-20,603968.SH,3700,3700,32.347392,37.233222,18077.571,22
20260816_122435_863625,2020-07-20,600269.SH,2900,2900,43.559294,42.82399,-2132.3816,7
20260816_122435_863625,2020-07-20,600713.SH,2500,2500,51.185058,50.907248,-694.525,6
20260816_122435_863625,2020-07-20,600054.SH,3500,3500,42.602317,40.643274,-6856.6505,4
20260816_122435_863625,2020-07-21,300741.SZ,2700,2700,37.482149,70.7284,89764.8777,58
20260816_122435_863625,2020-07-21,600900.SH,2100,2100,55.65818,59.585305,8246.9625,33
20260816_122435_863625,2020-07-21,603968.SH,3700,3700,32.347392,37.456042,18902.005,23
20260816_122435_863625,2020-07-21,600269.SH,2900,2900,43.559294,42.82399,-2132.3816,8
20260816_122435_863625,2020-07-21,600713.SH,2500,2500,51.185058,51.33504,374.955,7
20260816_122435_863625,2020-07-21,600054.SH,3500,3500,42.602317,39.934122,-9338.6825,5
20260816_122435_863625,2020-07-22,300741.SZ,2700,2700,37.482149,72.4849,94507.4277,59
20260816_122435_863625,2020-07-22,600900.SH,2100,2100,55.65818,59.585305,8246.9625,34
20260816_122435_863625,2020-07-22,603968.SH,3700,3700,32.347392,37.144094,17747.7974,24
20260816_122435_863625,2020-07-22,600269.SH,2900,2900,43.559294,42.941316,-1792.1362,9
20260816_122435_863625,2020-07-22,600713.SH,2500,2500,51.185058,50.907248,-694.525,8
20260816_122435_863625,2020-07-22,600054.SH,3500,3500,42.602317,39.8898,-9493.8095,6
20260816_122435_863625,2020-07-22,300547.SZ,4000,0,35.857202,34.905285,-3807.668,1
20260816_122435_863625,2020-07-22,600027.SH,21300,0,6.774771,6.697268,-1650.8139,1
20260816_122435_863625,2020-07-23,300741.SZ,2700,2700,37.482149,74.37021,99597.7647,60
20260816_122435_863625,2020-07-23,600900.SH,2100,2100,55.65818,59.55339,8179.941,35
20260816_122435_863625,2020-07-23,603968.SH,3700,3700,32.347392,37.389196,18654.6748,25
20260816_122435_863625,2020-07-23,600269.SH,2900,2900,43.559294,42.472012,-3153.1178,10
20260816_122435_863625,2020-07-23,600713.SH,2500,2500,51.185058,51.121144,-159.785,9
20260816_122435_863625,2020-07-23,600054.SH,3500,3500,42.602317,39.801156,-9804.0635,7
20260816_122435_863625,2020-07-23,300547.SZ,4000,4000,35.857202,34.353111,-6016.364,2
20260816_122435_863625,2020-07-23,600027.SH,21300,21300,6.774771,6.749051,-547.836,2
20260816_122435_863625,2020-07-24,600900.SH,2100,2100,55.65818,58.0853,5096.952,36
20260816_122435_863625,2020-07-24,603968.SH,3700,3700,32.347392,35.940866,13295.8538,26
20260816_122435_863625,2020-07-24,600269.SH,2900,2900,43.559294,41.65073,-5534.8356,11
20260816_122435_863625,2020-07-24,600713.SH,2500,2500,51.185058,49.409976,-4437.705,10
20260816_122435_863625,2020-07-24,600054.SH,3500,3500,42.602317,39.047682,-12441.2225,8
20260816_122435_863625,2020-07-24,300547.SZ,4000,4000,35.857202,34.905285,-3807.668,3
20260816_122435_863625,2020-07-24,600027.SH,21300,21300,6.774771,6.541919,-4959.7476,3
20260816_122435_863625,2020-07-27,600900.SH,2100,2100,55.65818,59.138495,7308.6615,37
20260816_122435_863625,2020-07-27,603968.SH,3700,3700,32.347392,36.052276,13708.0708,27
20260816_122435_863625,2020-07-27,600269.SH,2900,2900,43.559294,41.298752,-6555.5718,12
20260816_122435_863625,2020-07-27,600713.SH,2500,2500,51.185058,49.516924,-4170.335,11
20260816_122435_863625,2020-07-27,600054.SH,3500,3500,42.602317,38.33853,-14923.2545,9
20260816_122435_863625,2020-07-27,300547.SZ,4000,4000,35.857202,33.91926,-7751.768,4
20260816_122435_863625,2020-07-27,600027.SH,21300,21300,6.774771,6.55918,-4592.0883,4
20260816_122435_863625,2020-07-27,000537.SZ,2800,0,50.753323,48.580452,-6084.0388,1
20260816_122435_863625,2020-07-28,600900.SH,2100,2100,55.65818,59.55339,8179.941,38
20260816_122435_863625,2020-07-28,603968.SH,3700,3700,32.347392,36.609326,15769.1558,28
20260816_122435_863625,2020-07-28,600269.SH,2900,2900,43.559294,41.416078,-6215.3264,13
20260816_122435_863625,2020-07-28,600713.SH,2500,2500,51.185058,49.19608,-4972.445,12
20260816_122435_863625,2020-07-28,600054.SH,3500,3500,42.602317,38.604462,-13992.4925,10
20260816_122435_863625,2020-07-28,300547.SZ,4000,4000,35.857202,35.260254,-2387.792,5
20260816_122435_863625,2020-07-28,600027.SH,21300,21300,6.774771,6.541919,-4959.7476,5
20260816_122435_863625,2020-07-28,000537.SZ,2800,2800,50.753323,46.84322,-10948.2884,2
20260816_122435_863625,2020-07-29,600900.SH,2100,2100,55.65818,59.266155,7576.7475,39
20260816_122435_863625,2020-07-29,603968.SH,3700,3700,32.347392,38.280476,21952.4108,29
20260816_122435_863625,2020-07-29,600269.SH,2900,2900,43.559294,41.768056,-5194.5902,14
20260816_122435_863625,2020-07-29,600713.SH,2500,2500,51.185058,51.976728,1979.175,13
20260816_122435_863625,2020-07-29,600054.SH,3500,3500,42.602317,39.22497,-11820.7145,11
20260816_122435_863625,2020-07-29,300547.SZ,4000,4000,35.857202,35.378577,-1914.5,6
20260816_122435_863625,2020-07-29,600027.SH,21300,21300,6.774771,6.560145,-4571.5338,6
20260816_122435_863625,2020-07-29,000537.SZ,2800,2800,50.753323,47.77388,-8342.4404,3
20260816_122435_863625,2020-07-30,600900.SH,2100,2100,55.65818,58.500195,5968.2315,40
20260816_122435_863625,2020-07-30,603968.SH,3700,3700,32.347392,40.798342,31268.515,30
20260816_122435_863625,2020-07-30,600269.SH,2900,2900,43.559294,42.120034,-4173.854,15
20260816_122435_863625,2020-07-30,600713.SH,2500,2500,51.185058,54.00874,7059.205,14
20260816_122435_863625,2020-07-30,600054.SH,3500,3500,42.602317,38.870394,-13061.7305,12
20260816_122435_863625,2020-07-30,300547.SZ,4000,4000,35.857202,35.575782,-1125.68,7
20260816_122435_863625,2020-07-30,600027.SH,21300,21300,6.774771,6.632037,-3040.2342,7
20260816_122435_863625,2020-07-30,000537.SZ,2800,2800,50.753323,49.200892,-4346.8068,4
20260816_122435_863625,2020-07-31,600900.SH,2100,2100,55.65818,58.627855,6236.3175,41
20260816_122435_863625,2020-07-31,603968.SH,3700,3700,32.347392,39.99619,28300.5526,31
20260816_122435_863625,2020-07-31,600269.SH,2900,2900,43.559294,42.120034,-4173.854,16
20260816_122435_863625,2020-07-31,600713.SH,2500,2500,51.185058,53.687896,6257.095,15
20260816_122435_863625,2020-07-31,600054.SH,3500,3500,42.602317,39.180648,-11975.8415,13
20260816_122435_863625,2020-07-31,300547.SZ,4000,4000,35.857202,35.970192,451.96,8
20260816_122435_863625,2020-07-31,600027.SH,21300,21300,6.774771,6.524199,-5337.1836,8
20260816_122435_863625,2020-07-31,000537.SZ,2800,2800,50.753323,51.434476,1907.2284,5
20260816_122435_863625,2020-08-03,600900.SH,2100,2100,55.65818,58.500195,5968.2315,42
20260816_122435_863625,2020-08-03,603968.SH,3700,3700,32.347392,40.129882,28795.213,32
20260816_122435_863625,2020-08-03,600269.SH,2900,2900,43.559294,42.472012,-3153.1178,17
20260816_122435_863625,2020-08-03,600713.SH,2500,2500,51.185058,54.54348,8396.055,16
20260816_122435_863625,2020-08-03,600054.SH,3500,3500,42.602317,40.067088,-8873.3015,14
20260816_122435_863625,2020-08-03,300547.SZ,4000,4000,35.857202,37.508391,6604.756,9
20260816_122435_863625,2020-08-03,600027.SH,21300,21300,6.774771,6.560145,-4571.5338,9
20260816_122435_863625,2020-08-03,000537.SZ,2800,2800,50.753323,51.744696,2775.8444,6
20260816_122435_863625,2020-08-04,600900.SH,2100,2100,55.65818,58.564025,6102.2745,43
20260816_122435_863625,2020-08-04,603968.SH,3700,3700,32.347392,40.174446,28960.0998,33
20260816_122435_863625,2020-08-04,600269.SH,2900,2900,43.559294,42.354686,-3493.3632,18
20260816_122435_863625,2020-08-04,600713.SH,2500,2500,51.185058,54.650428,8663.425,17
20260816_122435_863625,2020-08-04,600054.SH,3500,3500,42.602317,39.845478,-9648.9365,15
20260816_122435_863625,2020-08-04,300547.SZ,4000,4000,35.857202,36.522366,2660.656,10
20260816_122435_863625,2020-08-04,600027.SH,21300,21300,6.774771,6.65001,-2657.4093,10
20260816_122435_863625,2020-08-04,000537.SZ,2800,2800,50.753323,51.558564,2254.6748,7
20260816_122435_863625,2020-08-05,600900.SH,2100,2100,55.65818,57.989555,4895.8875,44
20260816_122435_863625,2020-08-05,603968.SH,3700,3700,32.347392,40.1076,28712.7696,34
20260816_122435_863625,2020-08-05,600269.SH,2900,2900,43.559294,42.23736,-3833.6086,19
20260816_122435_863625,2020-08-05,600713.SH,2500,2500,51.185058,54.329584,7861.315,18
20260816_122435_863625,2020-08-05,600054.SH,3500,3500,42.602317,39.756834,-9959.1905,16
20260816_122435_863625,2020-08-05,300547.SZ,4000,4000,35.857202,38.139447,9128.98,11
20260816_122435_863625,2020-08-05,600027.SH,21300,21300,6.774771,6.524199,-5337.1836,11
20260816_122435_863625,2020-08-05,000537.SZ,2800,2800,50.753323,51.80674,2949.5676,8
20260816_122435_863625,2020-08-06,600900.SH,2100,2100,55.65818,57.670405,4225.6725,45
20260816_122435_863625,2020-08-06,603968.SH,3700,3700,32.347392,39.751088,27393.6752,35
20260816_122435_863625,2020-08-06,600269.SH,2900,2900,43.559294,42.120034,-4173.854,20
20260816_122435_863625,2020-08-06,600713.SH,2500,2500,51.185058,53.901792,6791.835,19
20260816_122435_863625,2020-08-06,600054.SH,3500,3500,42.602317,39.712512,-10114.3175,17
20260816_122435_863625,2020-08-06,300547.SZ,4000,4000,35.857202,38.060565,8813.452,12
20260816_122435_863625,2020-08-06,600027.SH,21300,21300,6.774771,6.524199,-5337.1836,12
20260816_122435_863625,2020-08-06,000537.SZ,2800,2800,50.753323,51.558564,2254.6748,9
20260816_122435_863625,2020-08-07,600900.SH,2100,2100,55.65818,57.70232,4292.694,46
20260816_122435_863625,2020-08-07,603968.SH,3700,3700,32.347392,39.260884,25579.9204,36
20260816_122435_863625,2020-08-07,600269.SH,2900,2900,43.559294,41.65073,-5534.8356,21
20260816_122435_863625,2020-08-07,600713.SH,2500,2500,51.185058,54.00874,7059.205,20
20260816_122435_863625,2020-08-07,600054.SH,3500,3500,42.602317,39.801156,-9804.0635,18
20260816_122435_863625,2020-08-07,300547.SZ,4000,4000,35.857202,39.243795,13546.372,13
20260816_122435_863625,2020-08-07,600027.SH,21300,21300,6.774771,6.380415,-8399.7828,13
20260816_122435_863625,2020-08-07,000537.SZ,2800,2800,50.753323,52.551268,5034.246,10
20260816_122435_863625,2020-08-10,600900.SH,2100,2100,55.65818,57.63849,4158.651,47
20260816_122435_863625,2020-08-10,603968.SH,3700,3700,32.347392,40.040754,28465.4394,37
20260816_122435_863625,2020-08-10,600269.SH,2900,2900,43.559294,42.002708,-4514.0994,22
20260816_122435_863625,2020-08-10,600713.SH,2500,2500,51.185058,54.757376,8930.795,21
20260816_122435_863625,2020-08-10,600054.SH,3500,3500,42.602317,40.11141,-8718.1745,19
20260816_122435_863625,2020-08-10,300547.SZ,4000,4000,35.857202,38.888826,12126.496,14
20260816_122435_863625,2020-08-10,600027.SH,21300,21300,6.774771,6.488253,-6102.8334,14
20260816_122435_863625,2020-08-10,000537.SZ,2800,2800,50.753323,52.861488,5902.862,11
20260816_122435_863625,2020-08-11,600900.SH,2100,2100,55.65818,57.670405,4225.6725,48
20260816_122435_863625,2020-08-11,603968.SH,3700,3700,32.347392,39.617396,26899.0148,38
20260816_122435_863625,2020-08-11,600269.SH,2900,2900,43.559294,41.65073,-5534.8356,23
20260816_122435_863625,2020-08-11,600713.SH,2500,2500,51.185058,52.832312,4118.135,22
20260816_122435_863625,2020-08-11,600054.SH,3500,3500,42.602317,40.022766,-9028.4285,20
20260816_122435_863625,2020-08-11,300547.SZ,4000,4000,35.857202,37.113981,5027.116,15
20260816_122435_863625,2020-08-11,600027.SH,21300,21300,6.774771,6.434334,-7251.3081,15
20260816_122435_863625,2020-08-11,000537.SZ,2800,2800,50.753323,48.39432,-6605.2084,12
20260816_122435_863625,2020-08-12,600900.SH,2100,2100,55.65818,57.51083,3890.565,49
20260816_122435_863625,2020-08-12,603968.SH,3700,3700,32.347392,38.592424,23106.6184,39
20260816_122435_863625,2020-08-12,600269.SH,2900,2900,43.559294,41.885382,-4854.3448,24
20260816_122435_863625,2020-08-12,600713.SH,2500,2500,51.185058,52.083676,2246.545,23
20260816_122435_863625,2020-08-12,600054.SH,3500,3500,42.602317,40.067088,-8873.3015,21
20260816_122435_863625,2020-08-12,300547.SZ,4000,4000,35.857202,37.192863,5342.644,16
20260816_122435_863625,2020-08-12,600027.SH,21300,21300,6.774771,6.614064,-3423.0591,16
20260816_122435_863625,2020-08-12,000537.SZ,2800,2800,50.753323,47.091396,-10253.3956,13
20260816_122435_863625,2020-08-13,600900.SH,2100,2100,55.65818,57.51083,3890.565,50
20260816_122435_863625,2020-08-13,603968.SH,3700,3700,32.347392,39.305448,25744.8072,40
20260816_122435_863625,2020-08-13,600269.SH,2900,2900,43.559294,42.120034,-4173.854,25
20260816_122435_863625,2020-08-13,600713.SH,2500,2500,51.185058,52.297572,2781.285,24
20260816_122435_863625,2020-08-13,600054.SH,3500,3500,42.602317,40.77624,-6391.2695,22
20260816_122435_863625,2020-08-13,300547.SZ,4000,4000,35.857202,37.113981,5027.116,17
20260816_122435_863625,2020-08-13,600027.SH,21300,21300,6.774771,6.811767,788.0148,17
20260816_122435_863625,2020-08-13,000537.SZ,2800,2800,50.753323,47.46366,-9211.0564,14
20260816_122435_863625,2020-08-14,600900.SH,2100,2100,55.65818,58.117215,5163.9735,51
20260816_122435_863625,2020-08-14,603968.SH,3700,3700,32.347392,37.723426,19891.3258,41
20260816_122435_863625,2020-08-14,600269.SH,2900,2900,43.559294,42.23736,-3833.6086,26
20260816_122435_863625,2020-08-14,600713.SH,2500,2500,51.185058,52.725364,3850.765,25
20260816_122435_863625,2020-08-14,600054.SH,3500,3500,42.602317,40.687596,-6701.5235,23
20260816_122435_863625,2020-08-14,300547.SZ,4000,4000,35.857202,37.46895,6446.992,18
20260816_122435_863625,2020-08-14,600027.SH,21300,21300,6.774771,6.847713,1553.6646,18
20260816_122435_863625,2020-08-14,000537.SZ,2800,2800,50.753323,48.022056,-7647.5476,15
20260816_122435_863625,2020-08-17,600900.SH,2100,2100,55.65818,58.627855,6236.3175,52
20260816_122435_863625,2020-08-17,603968.SH,3700,3700,32.347392,38.77068,23766.1656,42
20260816_122435_863625,2020-08-17,600269.SH,2900,2900,43.559294,42.706664,-2472.627,27
20260816_122435_863625,2020-08-17,600713.SH,2500,2500,51.185058,53.367052,5454.985,26
20260816_122435_863625,2020-08-17,600054.SH,3500,3500,42.602317,41.130816,-5150.2535,24
20260816_122435_863625,2020-08-17,300547.SZ,4000,4000,35.857202,38.967708,12442.024,19
20260816_122435_863625,2020-08-17,600027.SH,21300,21300,6.774771,6.991497,4616.2638,19
20260816_122435_863625,2020-08-17,000537.SZ,2800,2800,50.753323,48.952716,-5041.6996,16
20260816_122435_863625,2020-08-18,600900.SH,2100,2100,55.65818,58.21296,5365.038,53
20260816_122435_863625,2020-08-18,603968.SH,3700,3700,32.347392,40.597804,30526.5244,43
20260816_122435_863625,2020-08-18,600269.SH,2900,2900,43.559294,42.589338,-2812.8724,28
20260816_122435_863625,2020-08-18,600713.SH,2500,2500,51.185058,53.367052,5454.985,27
20260816_122435_863625,2020-08-18,600054.SH,3500,3500,42.602317,41.175138,-4995.1265,25
20260816_122435_863625,2020-08-18,300547.SZ,4000,4000,35.857202,39.164913,13230.844,20
20260816_122435_863625,2020-08-18,600027.SH,21300,21300,6.774771,6.991497,4616.2638,20
20260816_122435_863625,2020-08-18,000537.SZ,2800,2800,50.753323,48.208188,-7126.378,17
20260816_122435_863625,2020-08-19,600900.SH,2100,2100,55.65818,59.138495,7308.6615,54
20260816_122435_863625,2020-08-19,603968.SH,3700,3700,32.347392,40.55324,30361.6376,44
20260816_122435_863625,2020-08-19,600269.SH,2900,2900,43.559294,42.82399,-2132.3816,29
20260816_122435_863625,2020-08-19,600713.SH,2500,2500,51.185058,53.474,5722.355,28
20260816_122435_863625,2020-08-19,600054.SH,3500,3500,42.602317,40.909206,-5925.8885,26
20260816_122435_863625,2020-08-19,300547.SZ,4000,4000,35.857202,38.454975,10391.092,21
20260816_122435_863625,2020-08-19,600027.SH,21300,21300,6.774771,7.692444,19546.4349,21
20260816_122435_863625,2020-08-19,000537.SZ,2800,2800,50.753323,47.401616,-9384.7796,18
20260816_122435_863625,2020-08-20,600900.SH,2100,2100,55.65818,60.57467,10324.629,55
20260816_122435_863625,2020-08-20,603968.SH,3700,3700,32.347392,41.957006,35555.5718,45
20260816_122435_863625,2020-08-20,600269.SH,2900,2900,43.559294,42.82399,-2132.3816,30
20260816_122435_863625,2020-08-20,600713.SH,2500,2500,51.185058,53.474,5722.355,29
20260816_122435_863625,2020-08-20,600054.SH,3500,3500,42.602317,40.820562,-6236.1425,27
20260816_122435_863625,2020-08-20,300547.SZ,4000,4000,35.857202,37.942242,8340.16,22
20260816_122435_863625,2020-08-20,600027.SH,21300,21300,6.774771,7.818255,22226.2092,22
20260816_122435_863625,2020-08-20,000537.SZ,2800,2800,50.753323,46.905264,-10774.5652,19
20260816_122435_863625,2020-08-21,600900.SH,2100,2100,55.65818,60.606585,10391.6505,56
20260816_122435_863625,2020-08-21,603968.SH,3700,3700,32.347392,43.494464,41244.1664,46
20260816_122435_863625,2020-08-21,600269.SH,2900,2900,43.559294,42.941316,-1792.1362,31
20260816_122435_863625,2020-08-21,600713.SH,2500,2500,51.185058,54.222636,7593.945,30
20260816_122435_863625,2020-08-21,600054.SH,3500,3500,42.602317,41.21946,-4839.9995,28
20260816_122435_863625,2020-08-21,300547.SZ,4000,4000,35.857202,38.612739,11022.148,23
20260816_122435_863625,2020-08-21,600027.SH,21300,21300,6.774771,7.602579,17632.3104,23
20260816_122435_863625,2020-08-21,000537.SZ,2800,2800,50.753323,46.657088,-11469.458,20
20260816_122435_863625,2020-08-24,600900.SH,2100,2100,55.65818,60.351265,9855.4785,57
20260816_122435_863625,2020-08-24,603968.SH,3700,3700,32.347392,42.981978,39347.9682,47
20260816_122435_863625,2020-08-24,600269.SH,2900,2900,43.559294,42.82399,-2132.3816,32
20260816_122435_863625,2020-08-24,600713.SH,2500,2500,51.185058,53.580948,5989.725,31
20260816_122435_863625,2020-08-24,600054.SH,3500,3500,42.602317,41.086494,-5305.3805,29
20260816_122435_863625,2020-08-24,300547.SZ,4000,4000,35.857202,39.243795,13546.372,24
20260816_122435_863625,2020-08-24,600027.SH,21300,21300,6.774771,7.566633,16866.6606,24
20260816_122435_863625,2020-08-24,000537.SZ,2800,2800,50.753323,46.595044,-11643.1812,21
20260816_122435_863625,2020-08-25,600900.SH,2100,2100,55.65818,59.202325,7442.7045,58
20260816_122435_863625,2020-08-25,603968.SH,3700,3700,32.347392,41.957006,35555.5718,48
20260816_122435_863625,2020-08-25,600269.SH,2900,2900,43.559294,42.23736,-3833.6086,33
20260816_122435_863625,2020-08-25,600713.SH,2500,2500,51.185058,52.93926,4385.505,32
20260816_122435_863625,2020-08-25,600054.SH,3500,3500,42.602317,40.421664,-7632.2855,30
20260816_122435_863625,2020-08-25,300547.SZ,4000,4000,35.857202,38.928267,12284.26,25
20260816_122435_863625,2020-08-25,600027.SH,21300,21300,6.774771,7.386903,13038.4116,25
20260816_122435_863625,2020-08-25,000537.SZ,2800,2800,50.753323,46.284824,-12511.7972,22
20260816_122435_863625,2020-08-26,600900.SH,2100,2100,55.65818,59.74488,8582.07,59
20260816_122435_863625,2020-08-26,603968.SH,3700,3700,32.347392,41.466802,33741.817,49
20260816_122435_863625,2020-08-26,600269.SH,2900,2900,43.559294,41.885382,-4854.3448,34
20260816_122435_863625,2020-08-26,600713.SH,2500,2500,51.185058,51.762832,1444.435,33
20260816_122435_863625,2020-08-26,600054.SH,3500,3500,42.602317,39.535224,-10734.8255,31
20260816_122435_863625,2020-08-26,300547.SZ,4000,4000,35.857202,38.573298,10864.384,26
20260816_122435_863625,2020-08-26,600027.SH,21300,21300,6.774771,7.386903,13038.4116,26
20260816_122435_863625,2020-08-26,000537.SZ,2800,2800,50.753323,46.098692,-13032.9668,23
20260816_122435_863625,2020-08-27,600900.SH,2100,2100,55.65818,59.585305,8246.9625,60
20260816_122435_863625,2020-08-27,603968.SH,3700,3700,32.347392,42.67003,38193.7606,50
20260816_122435_863625,2020-08-27,600269.SH,2900,2900,43.559294,41.768056,-5194.5902,35
20260816_122435_863625,2020-08-27,600713.SH,2500,2500,51.185058,51.86978,1711.805,34
20260816_122435_863625,2020-08-27,600054.SH,3500,3500,42.602317,39.66819,-10269.4445,32
20260816_122435_863625,2020-08-27,300547.SZ,4000,4000,35.857202,40.939758,20330.224,27
20260816_122435_863625,2020-08-27,600027.SH,21300,21300,6.774771,7.225146,9592.9875,27
20260816_122435_863625,2020-08-27,000537.SZ,2800,2800,50.753323,46.284824,-12511.7972,24
20260816_122435_863625,2020-08-28,603968.SH,3700,3700,32.347392,42.380364,37121.9964,51
20260816_122435_863625,2020-08-28,600269.SH,2900,2900,43.559294,41.768056,-5194.5902,36
20260816_122435_863625,2020-08-28,600713.SH,2500,2500,51.185058,52.511468,3316.025,35
20260816_122435_863625,2020-08-28,600054.SH,3500,3500,42.602317,40.288698,-8097.6665,33
20260816_122435_863625,2020-08-28,300547.SZ,4000,4000,35.857202,40.900317,20172.46,28
20260816_122435_863625,2020-08-28,600027.SH,21300,21300,6.774771,7.297038,11124.2871,28
20260816_122435_863625,2020-08-28,000537.SZ,2800,2800,50.753323,48.890672,-5215.4228,25
20260816_122435_863625,2020-08-31,603968.SH,3700,3700,32.347392,42.291236,36792.2228,52
20260816_122435_863625,2020-08-31,600269.SH,2900,2900,43.559294,41.885382,-4854.3448,37
20260816_122435_863625,2020-08-31,600713.SH,2500,2500,51.185058,52.511468,3316.025,36
20260816_122435_863625,2020-08-31,600054.SH,3500,3500,42.602317,40.510308,-7322.0315,34
20260816_122435_863625,2020-08-31,300547.SZ,4000,4000,35.857202,40.584789,18910.348,29
20260816_122435_863625,2020-08-31,600027.SH,21300,21300,6.774771,7.207173,9210.1626,29
20260816_122435_863625,2020-08-31,000537.SZ,2800,2800,50.753323,48.580452,-6084.0388,26
20260816_122435_863625,2020-08-31,600023.SH,23000,0,6.585563,6.49192,-2153.789,1
20260816_122435_863625,2020-09-01,603968.SH,3700,3700,32.347392,42.157544,36297.5624,53
20260816_122435_863625,2020-09-01,600269.SH,2900,2900,43.559294,41.65073,-5534.8356,38
20260816_122435_863625,2020-09-01,600713.SH,2500,2500,51.185058,52.725364,3850.765,37
20260816_122435_863625,2020-09-01,600054.SH,3500,3500,42.602317,40.909206,-5925.8885,35
20260816_122435_863625,2020-09-01,300547.SZ,4000,4000,35.857202,42.399075,26167.492,30
20260816_122435_863625,2020-09-01,600027.SH,21300,21300,6.774771,7.225146,9592.9875,30
20260816_122435_863625,2020-09-01,000537.SZ,2800,2800,50.753323,48.332276,-6778.9316,27
20260816_122435_863625,2020-09-01,600023.SH,23000,23000,6.585563,6.645676,1382.599,2
20260816_122435_863625,2020-09-02,603968.SH,3700,3700,32.347392,41.756468,34813.5812,54
20260816_122435_863625,2020-09-02,600269.SH,2900,2900,43.559294,41.533404,-5875.081,39
20260816_122435_863625,2020-09-02,600713.SH,2500,2500,51.185058,52.725364,3850.765,38
20260816_122435_863625,2020-09-02,600054.SH,3500,3500,42.602317,41.042172,-5460.5075,36
20260816_122435_863625,2020-09-02,300547.SZ,4000,4000,35.857202,43.3851,30111.592,31
20260816_122435_863625,2020-09-02,600027.SH,21300,21300,6.774771,7.117308,7296.0381,31
20260816_122435_863625,2020-09-02,000537.SZ,2800,2800,50.753323,47.649792,-8689.8868,28
20260816_122435_863625,2020-09-02,600023.SH,23000,23000,6.585563,6.594424,203.803,3
20260816_122435_863625,2020-09-03,603968.SH,3700,3700,32.347392,41.622776,34318.9208,55
20260816_122435_863625,2020-09-03,600269.SH,2900,2900,43.559294,41.533404,-5875.081,40
20260816_122435_863625,2020-09-03,600713.SH,2500,2500,51.185058,52.511468,3316.025,39
20260816_122435_863625,2020-09-03,600054.SH,3500,3500,42.602317,41.21946,-4839.9995,37
20260816_122435_863625,2020-09-03,300547.SZ,4000,4000,35.857202,42.241311,25536.436,32
20260816_122435_863625,2020-09-03,600027.SH,21300,21300,6.774771,7.045416,5764.7385,32
20260816_122435_863625,2020-09-03,000537.SZ,2800,2800,50.753323,46.905264,-10774.5652,29
20260816_122435_863625,2020-09-03,600023.SH,23000,23000,6.585563,6.679844,2168.463,4
20260816_122435_863625,2020-09-04,603968.SH,3700,3700,32.347392,41.266264,32999.8264,56
20260816_122435_863625,2020-09-04,600269.SH,2900,2900,43.559294,41.298752,-6555.5718,41
20260816_122435_863625,2020-09-04,600713.SH,2500,2500,51.185058,52.083676,2246.545,40
20260816_122435_863625,2020-09-04,600054.SH,3500,3500,42.602317,41.308104,-4529.7455,38
20260816_122435_863625,2020-09-04,300547.SZ,4000,4000,35.857202,43.621746,31058.176,33
20260816_122435_863625,2020-09-04,600027.SH,21300,21300,6.774771,6.991497,4616.2638,33
20260816_122435_863625,2020-09-04,000537.SZ,2800,2800,50.753323,46.098692,-13032.9668,30
20260816_122435_863625,2020-09-04,600023.SH,23000,23000,6.585563,6.628592,989.667,5
20260816_122435_863625,2020-09-07,603968.SH,3700,3700,32.347392,39.350012,25909.694,57
20260816_122435_863625,2020-09-07,600269.SH,2900,2900,43.559294,41.181426,-6895.8172,42
20260816_122435_863625,2020-09-07,600713.SH,2500,2500,51.185058,51.33504,374.955,41
20260816_122435_863625,2020-09-07,600054.SH,3500,3500,42.602317,41.88429,-2513.0945,39
20260816_122435_863625,2020-09-07,300547.SZ,4000,4000,35.857202,42.754044,27587.368,34
20260816_122435_863625,2020-09-07,600027.SH,21300,21300,6.774771,6.82974,1170.8397,34
20260816_122435_863625,2020-09-07,000537.SZ,2800,2800,50.753323,45.60234,-14422.7524,31
20260816_122435_863625,2020-09-07,600023.SH,23000,23000,6.585563,6.509004,-1760.857,6
20260816_122435_863625,2020-09-08,603968.SH,3700,3700,32.347392,39.394576,26074.5808,58
20260816_122435_863625,2020-09-08,600269.SH,2900,2900,43.559294,41.65073,-5534.8356,43
20260816_122435_863625,2020-09-08,600713.SH,2500,2500,51.185058,51.655884,1177.065,42
20260816_122435_863625,2020-09-08,600054.SH,3500,3500,42.602317,42.150222,-1582.3325,40
20260816_122435_863625,2020-09-08,300547.SZ,4000,4000,35.857202,43.976715,32478.052,35
20260816_122435_863625,2020-09-08,600027.SH,21300,21300,6.774771,6.937578,3467.7891,35
20260816_122435_863625,2020-09-08,000537.SZ,2800,2800,50.753323,46.470956,-11990.6276,32
20260816_122435_863625,2020-09-08,600023.SH,23000,23000,6.585563,6.731096,3347.259,7
20260816_122435_863625,2020-09-09,603968.SH,3700,3700,32.347392,37.65658,19643.9956,59
20260816_122435_863625,2020-09-09,600269.SH,2900,2900,43.559294,41.65073,-5534.8356,44
20260816_122435_863625,2020-09-09,600713.SH,2500,2500,51.185058,51.121144,-159.785,43
20260816_122435_863625,2020-09-09,600054.SH,3500,3500,42.602317,41.130816,-5150.2535,41
20260816_122435_863625,2020-09-09,300547.SZ,4000,4000,35.857202,43.069572,28849.48,36
20260816_122435_863625,2020-09-09,600027.SH,21300,21300,6.774771,6.955551,3850.614,36
20260816_122435_863625,2020-09-09,000537.SZ,2800,2800,50.753323,45.788472,-13901.5828,33
20260816_122435_863625,2020-09-09,600023.SH,23000,23000,6.585563,6.611508,596.735,8
20260816_122435_863625,2020-09-10,603968.SH,3700,3700,32.347392,36.564762,15604.269,60
20260816_122435_863625,2020-09-10,600269.SH,2900,2900,43.559294,41.181426,-6895.8172,45
20260816_122435_863625,2020-09-10,600713.SH,2500,2500,51.185058,49.623872,-3902.965,44
20260816_122435_863625,2020-09-10,600054.SH,3500,3500,42.602317,39.66819,-10269.4445,42
20260816_122435_863625,2020-09-10,300547.SZ,4000,4000,35.857202,38.060565,8813.452,37
20260816_122435_863625,2020-09-10,600027.SH,21300,21300,6.774771,6.757848,-360.4599,37
20260816_122435_863625,2020-09-10,000537.SZ,2800,2800,50.753323,45.664384,-14249.0292,34
20260816_122435_863625,2020-09-10,600023.SH,23000,23000,6.585563,6.560256,-582.061,9
20260816_122435_863625,2020-09-11,600269.SH,2900,2900,43.559294,40.946774,-7576.308,46
20260816_122435_863625,2020-09-11,600713.SH,2500,2500,51.185058,50.051664,-2833.485,45
20260816_122435_863625,2020-09-11,600054.SH,3500,3500,42.602317,40.244376,-8252.7935,43
20260816_122435_863625,2020-09-11,300547.SZ,4000,4000,35.857202,39.993174,16543.888,38
20260816_122435_863625,2020-09-11,600027.SH,21300,21300,6.774771,6.775821,22.365,38
20260816_122435_863625,2020-09-11,000537.SZ,2800,2800,50.753323,46.346868,-12338.074,35
20260816_122435_863625,2020-09-11,600023.SH,23000,23000,6.585563,6.526088,-1367.925,10
20260816_122435_863625,2020-09-14,600269.SH,2900,2900,43.559294,41.0641,-7236.0626,47
20260816_122435_863625,2020-09-14,600713.SH,2500,2500,51.185058,50.051664,-2833.485,46
20260816_122435_863625,2020-09-14,600054.SH,3500,3500,42.602317,42.061578,-1892.5865,44
20260816_122435_863625,2020-09-14,300547.SZ,4000,4000,35.857202,42.754044,27587.368,39
20260816_122435_863625,2020-09-14,600027.SH,21300,21300,6.774771,6.685956,-1891.7595,39
20260816_122435_863625,2020-09-14,000537.SZ,2800,2800,50.753323,45.850516,-13727.8596,36
20260816_122435_863625,2020-09-14,600023.SH,23000,23000,6.585563,6.594424,203.803,11
20260816_122435_863625,2020-09-14,600376.SH,2100,0,68.424847,66.63801,-3752.3577,1
20260816_122435_863625,2020-09-15,600269.SH,2900,2900,43.559294,41.181426,-6895.8172,48
20260816_122435_863625,2020-09-15,600713.SH,2500,2500,51.185058,50.158612,-2566.115,47
20260816_122435_863625,2020-09-15,600054.SH,3500,3500,42.602317,42.017256,-2047.7135,45
20260816_122435_863625,2020-09-15,300547.SZ,4000,4000,35.857202,42.872367,28060.66,40
20260816_122435_863625,2020-09-15,600027.SH,21300,21300,6.774771,6.703929,-1508.9346,40
20260816_122435_863625,2020-09-15,000537.SZ,2800,2800,50.753323,45.478252,-14770.1988,37
20260816_122435_863625,2020-09-15,600023.SH,23000,23000,6.585563,6.594424,203.803,12
20260816_122435_863625,2020-09-15,600376.SH,2100,2100,68.424847,64.653048,-7920.7779,2
20260816_122435_863625,2020-09-16,600269.SH,2900,2900,43.559294,41.181426,-6895.8172,49
20260816_122435_863625,2020-09-16,600713.SH,2500,2500,51.185058,49.73082,-3635.595,48
20260816_122435_863625,2020-09-16,600054.SH,3500,3500,42.602317,41.839968,-2668.2215,46
20260816_122435_863625,2020-09-16,300547.SZ,4000,4000,35.857202,42.911808,28218.424,41
20260816_122435_863625,2020-09-16,600027.SH,21300,21300,6.774771,6.703929,-1508.9346,41
20260816_122435_863625,2020-09-16,000537.SZ,2800,2800,50.753323,45.788472,-13901.5828,38
20260816_122435_863625,2020-09-16,600023.SH,23000,23000,6.585563,6.560256,-582.061,13
20260816_122435_863625,2020-09-16,600376.SH,2100,2100,68.424847,71.080544,5576.9637,3
20260816_122435_863625,2020-09-17,600269.SH,2900,2900,43.559294,40.946774,-7576.308,50
20260816_122435_863625,2020-09-17,600713.SH,2500,2500,51.185058,49.516924,-4170.335,49
20260816_122435_863625,2020-09-17,600054.SH,3500,3500,42.602317,42.061578,-1892.5865,47
20260816_122435_863625,2020-09-17,300547.SZ,4000,4000,35.857202,44.17392,33266.872,42
20260816_122435_863625,2020-09-17,600027.SH,21300,21300,6.774771,6.685956,-1891.7595,42
20260816_122435_863625,2020-09-17,000537.SZ,2800,2800,50.753323,45.726428,-14075.306,39
20260816_122435_863625,2020-09-17,600023.SH,23000,23000,6.585563,6.594424,203.803,14
20260816_122435_863625,2020-09-17,600376.SH,2100,2100,68.424847,68.812016,813.0549,4
20260816_122435_863625,2020-09-18,600269.SH,2900,2900,43.559294,41.298752,-6555.5718,51
20260816_122435_863625,2020-09-18,600713.SH,2500,2500,51.185058,50.372508,-2031.375,50
20260816_122435_863625,2020-09-18,600054.SH,3500,3500,42.602317,44.277678,5863.7635,48
20260816_122435_863625,2020-09-18,300547.SZ,4000,4000,35.857202,47.526405,46676.812,43
20260816_122435_863625,2020-09-18,600027.SH,21300,21300,6.774771,6.757848,-360.4599,43
20260816_122435_863625,2020-09-18,000537.SZ,2800,2800,50.753323,46.595044,-11643.1812,40
20260816_122435_863625,2020-09-18,600023.SH,23000,23000,6.585563,6.696928,2561.395,15
20260816_122435_863625,2020-09-18,600376.SH,2100,2100,68.424847,69.379148,2004.0321,5
20260816_122435_863625,2020-09-21,600269.SH,2900,2900,43.559294,41.533404,-5875.081,52
20260816_122435_863625,2020-09-21,600713.SH,2500,2500,51.185058,50.158612,-2566.115,51
20260816_122435_863625,2020-09-21,600054.SH,3500,3500,42.602317,42.726408,434.3185,49
20260816_122435_863625,2020-09-21,300547.SZ,4000,4000,35.857202,47.092554,44941.408,44
20260816_122435_863625,2020-09-21,600027.SH,21300,21300,6.774771,6.632037,-3040.2342,44
20260816_122435_863625,2020-09-21,000537.SZ,2800,2800,50.753323,46.036648,-13206.69,41
20260816_122435_863625,2020-09-21,600023.SH,23000,23000,6.585563,6.611508,596.735,16
20260816_122435_863625,2020-09-21,600376.SH,2100,2100,68.424847,68.812016,813.0549,6
20260816_122435_863625,2020-09-22,600269.SH,2900,2900,43.559294,41.0641,-7236.0626,53
20260816_122435_863625,2020-09-22,600713.SH,2500,2500,51.185058,49.837768,-3368.225,52
20260816_122435_863625,2020-09-22,600054.SH,3500,3500,42.602317,41.396748,-4219.4915,50
20260816_122435_863625,2020-09-22,300547.SZ,4000,4000,35.857202,44.726094,35475.568,45
20260816_122435_863625,2020-09-22,600027.SH,21300,21300,6.774771,6.578118,-4188.7089,45
20260816_122435_863625,2020-09-22,000537.SZ,2800,2800,50.753323,44.857812,-16507.4308,42
20260816_122435_863625,2020-09-22,600023.SH,23000,23000,6.585563,6.509004,-1760.857,17
20260816_122435_863625,2020-09-22,600376.SH,2100,2100,68.424847,66.921576,-3156.8691,7
20260816_122435_863625,2020-09-23,600269.SH,2900,2900,43.559294,41.0641,-7236.0626,54
20260816_122435_863625,2020-09-23,600713.SH,2500,2500,51.185058,50.372508,-2031.375,53
20260816_122435_863625,2020-09-23,600054.SH,3500,3500,42.602317,41.574036,-3598.9835,51
20260816_122435_863625,2020-09-23,300547.SZ,4000,4000,35.857202,43.976715,32478.052,46
20260816_122435_863625,2020-09-23,600027.SH,21300,21300,6.774771,6.614064,-3423.0591,46
20260816_122435_863625,2020-09-23,000537.SZ,2800,2800,50.753323,44.175328,-18418.386,43
20260816_122435_863625,2020-09-23,600023.SH,23000,23000,6.585563,6.4065,-4118.449,18
20260816_122435_863625,2020-09-23,600376.SH,2100,2100,68.424847,67.961318,-973.4109,8
20260816_122435_863625,2020-09-24,600269.SH,2900,2900,43.559294,40.594796,-8597.0442,55
20260816_122435_863625,2020-09-24,600713.SH,2500,2500,51.185058,49.303028,-4705.075,54
20260816_122435_863625,2020-09-24,600054.SH,3500,3500,42.602317,40.11141,-8718.1745,52
20260816_122435_863625,2020-09-24,300547.SZ,4000,4000,35.857202,41.41305,22223.392,47
20260816_122435_863625,2020-09-24,600027.SH,21300,21300,6.774771,6.452307,-6868.4832,47
20260816_122435_863625,2020-09-24,600023.SH,23000,23000,6.585563,6.32108,-6083.109,19
20260816_122435_863625,2020-09-24,600376.SH,2100,2100,68.424847,66.63801,-3752.3577,9
20260816_122435_863625,2020-09-25,600269.SH,2900,2900,43.559294,40.360144,-9277.535,56
20260816_122435_863625,2020-09-25,600713.SH,2500,2500,51.185058,49.089132,-5239.815,55
20260816_122435_863625,2020-09-25,600054.SH,3500,3500,42.602317,40.820562,-6236.1425,53
20260816_122435_863625,2020-09-25,300547.SZ,4000,4000,35.857202,40.860876,20014.696,48
20260816_122435_863625,2020-09-25,600027.SH,21300,21300,6.774771,6.452307,-6868.4832,48
20260816_122435_863625,2020-09-25,600023.SH,23000,23000,6.585563,6.286912,-6868.973,20
20260816_122435_863625,2020-09-25,600376.SH,2100,2100,68.424847,64.085916,-9111.7551,10
20260816_122435_863625,2020-09-28,600269.SH,2900,2900,43.559294,40.242818,-9617.7804,57
20260816_122435_863625,2020-09-28,600713.SH,2500,2500,51.185058,48.447444,-6844.035,56
20260816_122435_863625,2020-09-28,600054.SH,3500,3500,42.602317,40.022766,-9028.4285,54
20260816_122435_863625,2020-09-28,300547.SZ,4000,4000,35.857202,39.914292,16228.36,49
20260816_122435_863625,2020-09-28,600027.SH,21300,21300,6.774771,6.596091,-3805.884,49
20260816_122435_863625,2020-09-28,600023.SH,23000,23000,6.585563,6.286912,-6868.973,21
20260816_122435_863625,2020-09-28,600376.SH,2100,2100,68.424847,64.27496,-8714.7627,11
20260816_122435_863625,2020-09-29,600269.SH,2900,2900,43.559294,40.125492,-9958.0258,58
20260816_122435_863625,2020-09-29,600713.SH,2500,2500,51.185058,48.66134,-6309.295,57
20260816_122435_863625,2020-09-29,600054.SH,3500,3500,42.602317,39.712512,-10114.3175,55
20260816_122435_863625,2020-09-29,300547.SZ,4000,4000,35.857202,41.689137,23327.74,50
20260816_122435_863625,2020-09-29,600027.SH,21300,21300,6.774771,6.506226,-5720.0085,50
20260816_122435_863625,2020-09-29,600023.SH,23000,23000,6.585563,6.355248,-5297.245,22
20260816_122435_863625,2020-09-29,600376.SH,2100,2100,68.424847,64.27496,-8714.7627,12
20260816_122435_863625,2020-09-29,002132.SZ,6700,0,20.719296,20.693424,-173.3424,1
20260816_122435_863625,2020-09-30,600269.SH,2900,2900,43.559294,39.89084,-10638.5166,59
20260816_122435_863625,2020-09-30,600713.SH,2500,2500,51.185058,48.982184,-5507.185,58
20260816_122435_863625,2020-09-30,600054.SH,3500,3500,42.602317,40.067088,-8873.3015,56
20260816_122435_863625,2020-09-30,300547.SZ,4000,4000,35.857202,44.17392,33266.872,51
20260816_122435_863625,2020-09-30,600027.SH,21300,21300,6.774771,6.398388,-8016.9579,51
20260816_122435_863625,2020-09-30,600023.SH,23000,23000,6.585563,6.201492,-8833.633,23
20260816_122435_863625,2020-09-30,600376.SH,2100,2100,68.424847,63.235218,-10898.2209,13
20260816_122435_863625,2020-09-30,002132.SZ,6700,6700,20.719296,22.739384,13534.5896,2
20260816_122435_863625,2020-10-09,600269.SH,2900,2900,43.559294,40.360144,-9277.535,60
20260816_122435_863625,2020-10-09,600713.SH,2500,2500,51.185058,49.837768,-3368.225,59
20260816_122435_863625,2020-10-09,600054.SH,3500,3500,42.602317,39.712512,-10114.3175,57
20260816_122435_863625,2020-10-09,300547.SZ,4000,4000,35.857202,45.396591,38157.556,52
20260816_122435_863625,2020-10-09,600027.SH,21300,21300,6.774771,6.452307,-6868.4832,52
20260816_122435_863625,2020-10-09,600023.SH,23000,23000,6.585563,6.4065,-4118.449,24
20260816_122435_863625,2020-10-09,600376.SH,2100,2100,68.424847,64.27496,-8714.7627,14
20260816_122435_863625,2020-10-09,002132.SZ,6700,6700,20.719296,25.019168,28809.1424,3
20260816_122435_863625,2020-10-12,600713.SH,2500,2500,51.185058,50.586404,-1496.635,60
20260816_122435_863625,2020-10-12,600054.SH,3500,3500,42.602317,39.756834,-9959.1905,58
20260816_122435_863625,2020-10-12,300547.SZ,4000,4000,35.857202,46.698144,43363.768,53
20260816_122435_863625,2020-10-12,600027.SH,21300,21300,6.774771,6.578118,-4188.7089,53
20260816_122435_863625,2020-10-12,600023.SH,23000,23000,6.585563,6.4065,-4118.449,25
20260816_122435_863625,2020-10-12,600376.SH,2100,2100,68.424847,65.503746,-6134.3121,15
20260816_122435_863625,2020-10-12,002132.SZ,6700,6700,20.719296,27.532776,45650.316,4
20260816_122435_863625,2020-10-13,600054.SH,3500,3500,42.602317,39.180648,-11975.8415,59
20260816_122435_863625,2020-10-13,300547.SZ,4000,4000,35.857202,48.51243,50620.912,54
20260816_122435_863625,2020-10-13,600027.SH,21300,21300,6.774771,6.47028,-6485.6583,54
20260816_122435_863625,2020-10-13,600023.SH,23000,23000,6.585563,6.4065,-4118.449,26
20260816_122435_863625,2020-10-13,600376.SH,2100,2100,68.424847,64.369482,-8516.2665,16
20260816_122435_863625,2020-10-13,002132.SZ,6700,6700,20.719296,30.280208,64058.1104,5
20260816_122435_863625,2020-10-13,600333.SH,11700,0,12.485583,12.127988,-4183.8615,1
20260816_122435_863625,2020-10-14,600054.SH,3500,3500,42.602317,38.648784,-13837.3655,60
20260816_122435_863625,2020-10-14,300547.SZ,4000,4000,35.857202,58.214916,89430.856,55
20260816_122435_863625,2020-10-14,600027.SH,21300,21300,6.774771,6.434334,-7251.3081,55
20260816_122435_863625,2020-10-14,600023.SH,23000,23000,6.585563,6.4065,-4118.449,27
20260816_122435_863625,2020-10-14,600376.SH,2100,2100,68.424847,63.613306,-10104.2361,17
20260816_122435_863625,2020-10-14,002132.SZ,6700,6700,20.719296,30.864768,67974.6624,6
20260816_122435_863625,2020-10-14,600333.SH,11700,11700,12.485583,12.443684,-490.2183,2
20260816_122435_863625,2020-10-14,601339.SH,13000,0,9.783797,10.62334,10914.059,1
20260816_122435_863625,2020-10-15,300547.SZ,4000,4000,35.857202,65.117091,117039.556,56
20260816_122435_863625,2020-10-15,600027.SH,21300,21300,6.774771,6.47028,-6485.6583,56
20260816_122435_863625,2020-10-15,600023.SH,23000,23000,6.585563,6.32108,-6083.109,28
20260816_122435_863625,2020-10-15,600376.SH,2100,2100,68.424847,63.140696,-11096.7171,18
20260816_122435_863625,2020-10-15,002132.SZ,6700,6700,20.719296,27.7666,47216.9368,7
20260816_122435_863625,2020-10-15,600333.SH,11700,11700,12.485583,12.864612,4434.6393,3
20260816_122435_863625,2020-10-15,601339.SH,13000,13000,9.783797,11.68804,24755.159,2
20260816_122435_863625,2020-10-16,300547.SZ,4000,4000,35.857202,58.76709,91639.552,57
20260816_122435_863625,2020-10-16,600027.SH,21300,21300,6.774771,6.667983,-2274.5844,57
20260816_122435_863625,2020-10-16,600023.SH,23000,23000,6.585563,6.338164,-5690.177,29
20260816_122435_863625,2020-10-16,600376.SH,2100,2100,68.424847,63.424262,-10501.2285,19
20260816_122435_863625,2020-10-16,002132.SZ,6700,6700,20.719296,25.077624,29200.7976,8
20260816_122435_863625,2020-10-16,600333.SH,11700,11700,12.485583,13.075076,6897.0681,4
20260816_122435_863625,2020-10-16,601339.SH,13000,13000,9.783797,12.84738,39826.579,3
20260816_122435_863625,2020-10-16,601166.SH,1800,0,73.457557,76.083084,4725.9486,1
20260816_122435_863625,2020-10-19,300547.SZ,4000,4000,35.857202,59.358705,94006.012,58
20260816_122435_863625,2020-10-19,600027.SH,21300,21300,6.774771,6.578118,-4188.7089,58
20260816_122435_863625,2020-10-19,600023.SH,23000,23000,6.585563,6.303996,-6476.041,30
20260816_122435_863625,2020-10-19,600376.SH,2100,2100,68.424847,63.140696,-11096.7171,20
20260816_122435_863625,2020-10-19,002132.SZ,6700,6700,20.719296,24.785344,27242.5216,9
20260816_122435_863625,2020-10-19,600333.SH,11700,11700,12.485583,12.575224,1048.7997,5
20260816_122435_863625,2020-10-19,601339.SH,13000,13000,9.783797,11.83,26600.639,4
20260816_122435_863625,2020-10-19,601166.SH,1800,1800,73.457557,76.212477,4958.856,2
20260816_122435_863625,2020-10-20,300547.SZ,4000,4000,35.857202,60.581376,98896.696,59
20260816_122435_863625,2020-10-20,600027.SH,21300,21300,6.774771,6.452307,-6868.4832,59
20260816_122435_863625,2020-10-20,600023.SH,23000,23000,6.585563,6.23566,-8047.769,31
20260816_122435_863625,2020-10-20,600376.SH,2100,2100,68.424847,63.140696,-11096.7171,21
20260816_122435_863625,2020-10-20,002132.SZ,6700,6700,20.719296,25.077624,29200.7976,10
20260816_122435_863625,2020-10-20,600333.SH,11700,11700,12.485583,12.575224,1048.7997,6
20260816_122435_863625,2020-10-20,601339.SH,13000,13000,9.783797,11.2385,18911.139,5
20260816_122435_863625,2020-10-20,601166.SH,1800,1800,73.457557,76.77318,5968.1214,3
20260816_122435_863625,2020-10-21,300547.SZ,4000,4000,35.857202,55.690692,79333.96,60
20260816_122435_863625,2020-10-21,600027.SH,21300,21300,6.774771,6.380415,-8399.7828,60
20260816_122435_863625,2020-10-21,600023.SH,23000,23000,6.585563,6.218576,-8440.701,32
20260816_122435_863625,2020-10-21,600376.SH,2100,2100,68.424847,62.762608,-11890.7019,22
20260816_122435_863625,2020-10-21,002132.SZ,6700,6700,20.719296,24.142328,22934.3144,11
20260816_122435_863625,2020-10-21,600333.SH,11700,11700,12.485583,12.969844,5665.8537,7
20260816_122435_863625,2020-10-21,601339.SH,13000,13000,9.783797,12.37418,33674.979,6
20260816_122435_863625,2020-10-21,601166.SH,1800,1800,73.457557,78.369027,8840.646,4
20260816_122435_863625,2020-10-22,600023.SH,23000,23000,6.585563,6.269828,-7261.905,33
20260816_122435_863625,2020-10-22,600376.SH,2100,2100,68.424847,62.573564,-12287.6943,23
20260816_122435_863625,2020-10-22,002132.SZ,6700,6700,20.719296,23.791592,20584.3832,12
20260816_122435_863625,2020-10-22,600333.SH,11700,11700,12.485583,12.996152,5973.6573,8
20260816_122435_863625,2020-10-22,601339.SH,13000,13000,9.783797,11.83,26600.639,7
20260816_122435_863625,2020-10-22,601166.SH,1800,1800,73.457557,78.584682,9228.825,5
20260816_122435_863625,2020-10-23,600023.SH,23000,23000,6.585563,6.218576,-8440.701,34
20260816_122435_863625,2020-10-23,600376.SH,2100,2100,68.424847,63.613306,-10104.2361,24
20260816_122435_863625,2020-10-23,002132.SZ,6700,6700,20.719296,22.739384,13534.5896,13
20260816_122435_863625,2020-10-23,600333.SH,11700,11700,12.485583,12.601532,1356.6033,9
20260816_122435_863625,2020-10-23,601339.SH,13000,13000,9.783797,11.66438,24447.579,8
20260816_122435_863625,2020-10-23,601166.SH,1800,1800,73.457557,79.015992,10005.183,6
20260816_122435_863625,2020-10-26,600023.SH,23000,23000,6.585563,6.167324,-9619.497,35
20260816_122435_863625,2020-10-26,600376.SH,2100,2100,68.424847,63.235218,-10898.2209,25
20260816_122435_863625,2020-10-26,002132.SZ,6700,6700,20.719296,22.914752,14709.5552,14
20260816_122435_863625,2020-10-26,600333.SH,11700,11700,12.485583,12.391068,-1105.8255,10
20260816_122435_863625,2020-10-26,601339.SH,13000,13000,9.783797,10.71798,12144.379,9
20260816_122435_863625,2020-10-26,601166.SH,1800,1800,73.457557,76.686918,5812.8498,7
20260816_122435_863625,2020-10-27,600023.SH,23000,23000,6.585563,6.167324,-9619.497,36
20260816_122435_863625,2020-10-27,600376.SH,2100,2100,68.424847,62.762608,-11890.7019,26
20260816_122435_863625,2020-10-27,002132.SZ,6700,6700,20.719296,23.09012,15884.5208,15
20260816_122435_863625,2020-10-27,600333.SH,11700,11700,12.485583,12.154296,-3876.0579,11
20260816_122435_863625,2020-10-27,601339.SH,13000,13000,9.783797,10.50504,9376.159,10
20260816_122435_863625,2020-10-27,601166.SH,1800,1800,73.457557,76.77318,5968.1214,8
20260816_122435_863625,2020-10-28,600023.SH,23000,23000,6.585563,6.167324,-9619.497,37
20260816_122435_863625,2020-10-28,600376.SH,2100,2100,68.424847,62.100954,-13280.1753,27
20260816_122435_863625,2020-10-28,002132.SZ,6700,6700,20.719296,22.739384,13534.5896,16
20260816_122435_863625,2020-10-28,600333.SH,11700,11700,12.485583,12.127988,-4183.8615,12
20260816_122435_863625,2020-10-28,601339.SH,13000,13000,9.783797,10.26844,6300.359,11
20260816_122435_863625,2020-10-28,601166.SH,1800,1800,73.457557,75.565512,3794.319,9
20260816_122435_863625,2020-10-29,600023.SH,23000,23000,6.585563,6.116072,-10798.293,38
20260816_122435_863625,2020-10-29,600376.SH,2100,2100,68.424847,61.344778,-14868.1449,28
20260816_122435_863625,2020-10-29,002132.SZ,6700,6700,20.719296,23.09012,15884.5208,17
20260816_122435_863625,2020-10-29,600333.SH,11700,11700,12.485583,11.759676,-8493.1119,13
20260816_122435_863625,2020-10-29,601339.SH,13000,13000,9.783797,10.24478,5992.779,12
20260816_122435_863625,2020-10-29,601166.SH,1800,1800,73.457557,76.77318,5968.1214,10
20260816_122435_863625,2020-10-30,600023.SH,23000,23000,6.585563,6.133156,-10405.361,39
20260816_122435_863625,2020-10-30,600376.SH,2100,2100,68.424847,58.320074,-21220.0233,29
20260816_122435_863625,2020-10-30,002132.SZ,6700,6700,20.719296,21.161072,2959.8992,18
20260816_122435_863625,2020-10-30,600333.SH,11700,11700,12.485583,11.233516,-14649.1839,14
20260816_122435_863625,2020-10-30,601339.SH,13000,13000,9.783797,9.60596,-2311.881,13
20260816_122435_863625,2020-10-30,601166.SH,1800,1800,73.457557,76.77318,5968.1214,11
20260816_122435_863625,2020-10-30,000883.SZ,6700,0,22.146852,21.311928,-5593.9908,1
20260816_122435_863625,2020-10-30,600019.SH,10400,0,14.24661,13.86531,-3965.52,1
20260816_122435_863625,2020-11-02,600023.SH,23000,23000,6.585563,6.218576,-8440.701,40
20260816_122435_863625,2020-11-02,002132.SZ,6700,6700,20.719296,21.219528,3351.5544,19
20260816_122435_863625,2020-11-02,600333.SH,11700,11700,12.485583,11.338748,-13417.9695,15
20260816_122435_863625,2020-11-02,601339.SH,13000,13000,9.783797,9.65328,-1696.721,14
20260816_122435_863625,2020-11-02,601166.SH,1800,1800,73.457557,76.77318,5968.1214,12
20260816_122435_863625,2020-11-02,000883.SZ,6700,6700,22.146852,21.5272,-4151.6684,2
20260816_122435_863625,2020-11-02,600019.SH,10400,10400,14.24661,14.410575,1705.236,2
20260816_122435_863625,2020-11-03,600023.SH,23000,23000,6.585563,6.23566,-8047.769,41
20260816_122435_863625,2020-11-03,002132.SZ,6700,6700,20.719296,21.62872,6093.1408,20
20260816_122435_863625,2020-11-03,600333.SH,11700,11700,12.485583,11.601828,-10339.9335,16
20260816_122435_863625,2020-11-03,601339.SH,13000,13000,9.783797,9.88988,1379.079,15
20260816_122435_863625,2020-11-03,601166.SH,1800,1800,73.457557,77.247621,6822.1152,13
20260816_122435_863625,2020-11-03,000883.SZ,6700,6700,22.146852,21.79629,-2348.7654,3
20260816_122435_863625,2020-11-03,600019.SH,10400,10400,14.24661,14.514435,2785.38,3
20260816_122435_863625,2020-11-03,600507.SH,1200,0,118.47811,117.955112,-627.5976,1
20260816_122435_863625,2020-11-04,600023.SH,23000,23000,6.585563,6.23566,-8047.769,42
20260816_122435_863625,2020-11-04,002132.SZ,6700,6700,20.719296,21.219528,3351.5544,21
20260816_122435_863625,2020-11-04,600333.SH,11700,11700,12.485583,11.785984,-8185.3083,17
20260816_122435_863625,2020-11-04,601339.SH,13000,13000,9.783797,9.65328,-1696.721,16
20260816_122435_863625,2020-11-04,601166.SH,1800,1800,73.457557,79.145385,10238.0904,14
20260816_122435_863625,2020-11-04,000883.SZ,6700,6700,22.146852,21.365746,-5233.4102,4
20260816_122435_863625,2020-11-04,600019.SH,10400,10400,14.24661,14.929875,7105.956,4
20260816_122435_863625,2020-11-04,600507.SH,1200,1200,118.47811,118.892752,497.5704,2
20260816_122435_863625,2020-11-05,600023.SH,23000,23000,6.585563,6.286912,-6868.973,43
20260816_122435_863625,2020-11-05,002132.SZ,6700,6700,20.719296,21.62872,6093.1408,22
20260816_122435_863625,2020-11-05,600333.SH,11700,11700,12.485583,11.680752,-9416.5227,18
20260816_122435_863625,2020-11-05,601339.SH,13000,13000,9.783797,9.91354,1686.659,17
20260816_122435_863625,2020-11-05,601166.SH,1800,1800,73.457557,78.412158,8918.2818,15
20260816_122435_863625,2020-11-05,000883.SZ,6700,6700,22.146852,21.419564,-4872.8296,5
20260816_122435_863625,2020-11-05,600019.SH,10400,10400,14.24661,15.89058,17097.288,5
20260816_122435_863625,2020-11-05,600507.SH,1200,1200,118.47811,122.268256,4548.1752,3
20260816_122435_863625,2020-11-06,600023.SH,23000,23000,6.585563,6.303996,-6476.041,44
20260816_122435_863625,2020-11-06,002132.SZ,6700,6700,20.719296,20.868792,1001.6232,23
20260816_122435_863625,2020-11-06,600333.SH,11700,11700,12.485583,11.57552,-10647.7371,19
20260816_122435_863625,2020-11-06,601339.SH,13000,13000,9.783797,9.67694,-1389.141,18
20260816_122435_863625,2020-11-06,601166.SH,1800,1800,73.457557,77.592669,7443.2016,16
20260816_122435_863625,2020-11-06,000883.SZ,6700,6700,22.146852,21.204292,-6315.152,6
20260816_122435_863625,2020-11-06,600019.SH,10400,10400,14.24661,16.072335,18987.54,6
20260816_122435_863625,2020-11-06,600507.SH,1200,1200,118.47811,126.393872,9498.9144,4
20260816_122435_863625,2020-11-09,600023.SH,23000,23000,6.585563,6.338164,-5690.177,45
20260816_122435_863625,2020-11-09,002132.SZ,6700,6700,20.719296,21.979456,8443.072,24
20260816_122435_863625,2020-11-09,600333.SH,11700,11700,12.485583,11.70706,-9108.7191,20
20260816_122435_863625,2020-11-09,601339.SH,13000,13000,9.783797,9.9372,1994.239,19
20260816_122435_863625,2020-11-09,601166.SH,1800,1800,73.457557,77.592669,7443.2016,17
20260816_122435_863625,2020-11-09,000883.SZ,6700,6700,22.146852,21.5272,-4151.6684,7
20260816_122435_863625,2020-11-09,600019.SH,10400,10400,14.24661,16.98111,28438.8,7
20260816_122435_863625,2020-11-09,600507.SH,1200,1200,118.47811,133.14488,17600.124,5
20260816_122435_863625,2020-11-10,600023.SH,23000,23000,6.585563,6.303996,-6476.041,46
20260816_122435_863625,2020-11-10,002132.SZ,6700,6700,20.719296,20.693424,-173.3424,25
20260816_122435_863625,2020-11-10,600333.SH,11700,11700,12.485583,11.57552,-10647.7371,21
20260816_122435_863625,2020-11-10,601339.SH,13000,13000,9.783797,9.67694,-1389.141,20
20260816_122435_863625,2020-11-10,601166.SH,1800,1800,73.457557,80.051136,11868.4422,18
20260816_122435_863625,2020-11-10,000883.SZ,6700,6700,22.146852,21.365746,-5233.4102,8
20260816_122435_863625,2020-11-10,600019.SH,10400,10400,14.24661,16.747425,26008.476,8
20260816_122435_863625,2020-11-10,600507.SH,1200,1200,118.47811,132.957352,17375.0904,6
20260816_122435_863625,2020-11-11,600023.SH,23000,23000,6.585563,6.32108,-6083.109,47
20260816_122435_863625,2020-11-11,002132.SZ,6700,6700,20.719296,20.284232,-2914.9288,26
20260816_122435_863625,2020-11-11,600333.SH,11700,11700,12.485583,12.36476,-1413.6291,22
20260816_122435_863625,2020-11-11,601339.SH,13000,13000,9.783797,9.44034,-4464.941,21
20260816_122435_863625,2020-11-11,601166.SH,1800,1800,73.457557,80.568708,12800.0718,19
20260816_122435_863625,2020-11-11,000883.SZ,6700,6700,22.146852,21.581018,-3791.0878,9
20260816_122435_863625,2020-11-11,600019.SH,10400,10400,14.24661,16.591635,24388.26,9
20260816_122435_863625,2020-11-11,600507.SH,1200,1200,118.47811,131.644656,15799.8552,7
20260816_122435_863625,2020-11-12,600023.SH,23000,23000,6.585563,6.372332,-4904.313,48
20260816_122435_863625,2020-11-12,002132.SZ,6700,6700,20.719296,20.985704,1784.9336,27
20260816_122435_863625,2020-11-12,600333.SH,11700,11700,12.485583,12.443684,-490.2183,23
20260816_122435_863625,2020-11-12,601339.SH,13000,13000,9.783797,9.464,-4157.361,22
20260816_122435_863625,2020-11-12,601166.SH,1800,1800,73.457557,79.749219,11324.9916,20
20260816_122435_863625,2020-11-12,000883.SZ,6700,6700,22.146852,21.634836,-3430.5072,10
20260816_122435_863625,2020-11-12,600019.SH,10400,10400,14.24661,16.591635,24388.26,10
20260816_122435_863625,2020-11-12,600507.SH,1200,1200,118.47811,139.895888,25701.3336,8
20260816_122435_863625,2020-11-13,600023.SH,23000,23000,6.585563,6.303996,-6476.041,49
20260816_122435_863625,2020-11-13,002132.SZ,6700,6700,20.719296,20.576512,-956.6528,28
20260816_122435_863625,2020-11-13,600333.SH,11700,11700,12.485583,12.23322,-2952.6471,24
20260816_122435_863625,2020-11-13,601339.SH,13000,13000,9.783797,9.27472,-6618.001,23
20260816_122435_863625,2020-11-13,601166.SH,1800,1800,73.457557,76.643787,5735.214,21
20260816_122435_863625,2020-11-13,000883.SZ,6700,6700,22.146852,21.150474,-6675.7326,11
20260816_122435_863625,2020-11-13,600019.SH,10400,10400,14.24661,16.487775,23308.116,11
20260816_122435_863625,2020-11-13,600507.SH,1200,1200,118.47811,135.9578,20975.628,9
20260816_122435_863625,2020-11-16,600023.SH,23000,23000,6.585563,6.457752,-2939.653,50
20260816_122435_863625,2020-11-16,002132.SZ,6700,6700,20.719296,21.161072,2959.8992,29
20260816_122435_863625,2020-11-16,600333.SH,11700,11700,12.485583,12.89092,4742.4429,25
20260816_122435_863625,2020-11-16,601339.SH,13000,13000,9.783797,10.15014,4762.459,24
20260816_122435_863625,2020-11-16,601166.SH,1800,1800,73.457557,76.212477,4958.856,22
20260816_122435_863625,2020-11-16,000883.SZ,6700,6700,22.146852,21.688654,-3069.9266,12
20260816_122435_863625,2020-11-16,600019.SH,10400,10400,14.24661,16.98111,28438.8,12
20260816_122435_863625,2020-11-16,600507.SH,1200,1200,118.47811,137.645552,23000.9304,10
20260816_122435_863625,2020-11-17,600023.SH,23000,23000,6.585563,6.423584,-3725.517,51
20260816_122435_863625,2020-11-17,002132.SZ,6700,6700,20.719296,21.687176,6484.796,30
20260816_122435_863625,2020-11-17,600333.SH,11700,11700,12.485583,13.180308,8128.2825,26
20260816_122435_863625,2020-11-17,601339.SH,13000,13000,9.783797,10.67066,11529.219,25
20260816_122435_863625,2020-11-17,601166.SH,1800,1800,73.457557,77.247621,6822.1152,23
20260816_122435_863625,2020-11-17,000883.SZ,6700,6700,22.146852,21.850108,-1988.1848,13
20260816_122435_863625,2020-11-17,600019.SH,10400,10400,14.24661,16.51374,23578.152,13
20260816_122435_863625,2020-11-17,600507.SH,1200,1200,118.47811,141.958696,28176.7032,11
20260816_122435_863625,2020-11-18,600023.SH,23000,23000,6.585563,6.440668,-3332.585,52
20260816_122435_863625,2020-11-18,002132.SZ,6700,6700,20.719296,22.680928,13142.9344,31
20260816_122435_863625,2020-11-18,600333.SH,11700,11700,12.485583,13.048768,6589.2645,27
20260816_122435_863625,2020-11-18,601339.SH,13000,13000,9.783797,10.5287,9683.739,26
20260816_122435_863625,2020-11-18,601166.SH,1800,1800,73.457557,82.81152,16837.1334,24
20260816_122435_863625,2020-11-18,000883.SZ,6700,6700,22.146852,22.119198,-185.2818,14
20260816_122435_863625,2020-11-18,600019.SH,10400,10400,14.24661,16.383915,22227.972,14
20260816_122435_863625,2020-11-18,600507.SH,1200,1200,118.47811,142.708808,29076.8376,12
20260816_122435_863625,2020-11-19,600023.SH,23000,23000,6.585563,6.440668,-3332.585,53
20260816_122435_863625,2020-11-19,002132.SZ,6700,6700,20.719296,22.096368,9226.3824,32
20260816_122435_863625,2020-11-19,600333.SH,11700,11700,12.485583,12.706764,2587.8177,28
20260816_122435_863625,2020-11-19,601339.SH,13000,13000,9.783797,10.36308,7530.679,27
20260816_122435_863625,2020-11-19,601166.SH,1800,1800,73.457557,83.372223,17846.3988,25
20260816_122435_863625,2020-11-19,000883.SZ,6700,6700,22.146852,22.33447,1257.0406,15
20260816_122435_863625,2020-11-19,600019.SH,10400,10400,14.24661,16.331985,21687.9,15
20260816_122435_863625,2020-11-19,600507.SH,1200,1200,118.47811,137.270496,22550.8632,13
20260816_122435_863625,2020-11-20,600023.SH,23000,23000,6.585563,6.474836,-2546.721,54
20260816_122435_863625,2020-11-20,002132.SZ,6700,6700,20.719296,21.979456,8443.072,33
20260816_122435_863625,2020-11-20,600333.SH,11700,11700,12.485583,13.496004,11821.9257,29
20260816_122435_863625,2020-11-20,601339.SH,13000,13000,9.783797,10.36308,7530.679,28
20260816_122435_863625,2020-11-20,601166.SH,1800,1800,73.457557,82.035162,15439.689,26
20260816_122435_863625,2020-11-20,000883.SZ,6700,6700,22.146852,22.226834,535.8794,16
20260816_122435_863625,2020-11-20,600019.SH,10400,10400,14.24661,16.851285,27088.62,16
20260816_122435_863625,2020-11-20,600507.SH,1200,1200,118.47811,144.771616,31552.2072,14
20260816_122435_863625,2020-11-23,600023.SH,23000,23000,6.585563,6.49192,-2153.789,55
20260816_122435_863625,2020-11-23,002132.SZ,6700,6700,20.719296,22.21328,10009.6928,34
20260816_122435_863625,2020-11-23,600333.SH,11700,11700,12.485583,13.311848,9667.3005,30
20260816_122435_863625,2020-11-23,601339.SH,13000,13000,9.783797,10.1738,5070.039,29
20260816_122435_863625,2020-11-23,601166.SH,1800,1800,73.457557,86.003214,22582.1826,27
20260816_122435_863625,2020-11-23,000883.SZ,6700,6700,22.146852,22.549742,2699.363,17
20260816_122435_863625,2020-11-23,600019.SH,10400,10400,14.24661,16.591635,24388.26,17
20260816_122435_863625,2020-11-23,600507.SH,1200,1200,118.47811,147.20948,34477.644,15
20260816_122435_863625,2020-11-24,600023.SH,23000,23000,6.585563,6.457752,-2939.653,56
20260816_122435_863625,2020-11-24,002132.SZ,6700,6700,20.719296,21.511808,5309.8304,35
20260816_122435_863625,2020-11-24,600333.SH,11700,11700,12.485583,13.259232,9051.6933,31
20260816_122435_863625,2020-11-24,601339.SH,13000,13000,9.783797,10.10282,4147.299,30
20260816_122435_863625,2020-11-24,601166.SH,1800,1800,73.457557,86.607048,23669.0838,28
20260816_122435_863625,2020-11-24,000883.SZ,6700,6700,22.146852,22.119198,-185.2818,18
20260816_122435_863625,2020-11-24,600019.SH,10400,10400,14.24661,16.92918,27898.728,18
20260816_122435_863625,2020-11-24,600507.SH,1200,1200,118.47811,149.08476,36727.98,16
20260816_122435_863625,2020-11-25,600023.SH,23000,23000,6.585563,6.423584,-3725.517,57
20260816_122435_863625,2020-11-25,002132.SZ,6700,6700,20.719296,20.693424,-173.3424,36
20260816_122435_863625,2020-11-25,600333.SH,11700,11700,12.485583,12.522608,433.1925,32
20260816_122435_863625,2020-11-25,601339.SH,13000,13000,9.783797,9.74792,-466.401,31
20260816_122435_863625,2020-11-25,601166.SH,1800,1800,73.457557,85.226856,21184.7382,29
20260816_122435_863625,2020-11-25,000883.SZ,6700,6700,22.146852,22.011562,-906.443,19
20260816_122435_863625,2020-11-25,600019.SH,10400,10400,14.24661,16.56567,24118.224,19
20260816_122435_863625,2020-11-25,600507.SH,1200,1200,118.47811,148.522176,36052.8792,17
20260816_122435_863625,2020-11-26,600023.SH,23000,23000,6.585563,6.509004,-1760.857,58
20260816_122435_863625,2020-11-26,002132.SZ,6700,6700,20.719296,20.985704,1784.9336,37
20260816_122435_863625,2020-11-26,600333.SH,11700,11700,12.485583,12.285836,-2337.0399,33
20260816_122435_863625,2020-11-26,601339.SH,13000,13000,9.783797,9.74792,-466.401,32
20260816_122435_863625,2020-11-26,601166.SH,1800,1800,73.457557,88.030371,26231.0652,30
20260816_122435_863625,2020-11-26,000883.SZ,6700,6700,22.146852,22.33447,1257.0406,20
20260816_122435_863625,2020-11-26,600019.SH,10400,10400,14.24661,16.56567,24118.224,20
20260816_122435_863625,2020-11-26,600507.SH,1200,1200,118.47811,146.646896,33802.5432,18
20260816_122435_863625,2020-11-27,600023.SH,23000,23000,6.585563,6.474836,-2546.721,59
20260816_122435_863625,2020-11-27,002132.SZ,6700,6700,20.719296,20.576512,-956.6528,38
20260816_122435_863625,2020-11-27,600333.SH,11700,11700,12.485583,12.285836,-2337.0399,34
20260816_122435_863625,2020-11-27,601339.SH,13000,13000,9.783797,9.7006,-1081.561,33
20260816_122435_863625,2020-11-27,601166.SH,1800,1800,73.457557,88.892991,27783.7812,31
20260816_122435_863625,2020-11-27,000883.SZ,6700,6700,22.146852,22.173016,175.2988,21
20260816_122435_863625,2020-11-27,600019.SH,10400,10400,14.24661,16.40988,22498.008,21
20260816_122435_863625,2020-11-27,600507.SH,1200,1200,118.47811,145.521728,32452.3416,19
20260816_122435_863625,2020-11-30,600023.SH,23000,23000,6.585563,6.440668,-3332.585,60
20260816_122435_863625,2020-11-30,002132.SZ,6700,6700,20.719296,20.4596,-1739.9632,39
20260816_122435_863625,2020-11-30,600333.SH,11700,11700,12.485583,12.075372,-4799.4687,35
20260816_122435_863625,2020-11-30,601339.SH,13000,13000,9.783797,9.55864,-2927.041,34
20260816_122435_863625,2020-11-30,601166.SH,1800,1800,73.457557,90.661362,30966.849,32
20260816_122435_863625,2020-11-30,000883.SZ,6700,6700,22.146852,21.957744,-1267.0236,22
20260816_122435_863625,2020-11-30,600019.SH,10400,10400,14.24661,16.124265,19527.612,22
20260816_122435_863625,2020-11-30,600507.SH,1200,1200,118.47811,137.645552,23000.9304,20
20260816_122435_863625,2020-12-01,002132.SZ,6700,6700,20.719296,20.518056,-1348.308,40
20260816_122435_863625,2020-12-01,600333.SH,11700,11700,12.485583,12.259528,-2644.8435,36
20260816_122435_863625,2020-12-01,601339.SH,13000,13000,9.783797,9.5823,-2619.461,35
20260816_122435_863625,2020-12-01,601166.SH,1800,1800,73.457557,93.16296,35469.7254,33
20260816_122435_863625,2020-12-01,000883.SZ,6700,6700,22.146852,21.957744,-1267.0236,23
20260816_122435_863625,2020-12-01,600019.SH,10400,10400,14.24661,16.35795,21957.936,23
20260816_122435_863625,2020-12-01,600507.SH,1200,1200,118.47811,136.520384,21650.7288,21
20260816_122435_863625,2020-12-02,002132.SZ,6700,6700,20.719296,20.225776,-3306.584,41
20260816_122435_863625,2020-12-02,600333.SH,11700,11700,12.485583,12.285836,-2337.0399,37
20260816_122435_863625,2020-12-02,601339.SH,13000,13000,9.783797,9.5823,-2619.461,36
20260816_122435_863625,2020-12-02,601166.SH,1800,1800,73.457557,91.86903,33140.6514,34
20260816_122435_863625,2020-12-02,000883.SZ,6700,6700,22.146852,21.850108,-1988.1848,24
20260816_122435_863625,2020-12-02,600019.SH,10400,10400,14.24661,16.799355,26548.548,24
20260816_122435_863625,2020-12-02,600507.SH,1200,1200,118.47811,134.832632,19625.4264,22
20260816_122435_863625,2020-12-02,002936.SZ,33200,0,4.661821,4.67928,579.6388,1
20260816_122435_863625,2020-12-03,002132.SZ,6700,6700,20.719296,19.816584,-6048.1704,42
20260816_122435_863625,2020-12-03,600333.SH,11700,11700,12.485583,13.522312,12129.7293,38
20260816_122435_863625,2020-12-03,601339.SH,13000,13000,9.783797,9.65328,-1696.721,37
20260816_122435_863625,2020-12-03,601166.SH,1800,1800,73.457557,91.610244,32674.8366,35
20260816_122435_863625,2020-12-03,000883.SZ,6700,6700,22.146852,21.742472,-2709.346,25
20260816_122435_863625,2020-12-03,600019.SH,10400,10400,14.24661,16.0983,19257.576,25
20260816_122435_863625,2020-12-03,600507.SH,1200,1200,118.47811,133.519936,18050.1912,23
20260816_122435_863625,2020-12-03,002936.SZ,33200,33200,4.661821,5.14488,16037.5588,2
20260816_122435_863625,2020-12-04,002132.SZ,6700,6700,20.719296,19.87504,-5656.5152,43
20260816_122435_863625,2020-12-04,600333.SH,11700,11700,12.485583,14.86402,27827.7129,39
20260816_122435_863625,2020-12-04,601339.SH,13000,13000,9.783797,9.91354,1686.659,38
20260816_122435_863625,2020-12-04,601166.SH,1800,1800,73.457557,91.092672,31743.207,36
20260816_122435_863625,2020-12-04,000883.SZ,6700,6700,22.146852,21.5272,-4151.6684,26
20260816_122435_863625,2020-12-04,600019.SH,10400,10400,14.24661,15.760755,15747.108,26
20260816_122435_863625,2020-12-04,600507.SH,1200,1200,118.47811,134.08252,18725.292,24
20260816_122435_863625,2020-12-04,002936.SZ,33200,33200,4.661821,4.86552,6762.8068,3
20260816_122435_863625,2020-12-07,002132.SZ,6700,6700,20.719296,20.16732,-3698.2392,44
20260816_122435_863625,2020-12-07,600333.SH,11700,11700,12.485583,15.495412,35214.9993,40
20260816_122435_863625,2020-12-07,601339.SH,13000,13000,9.783797,9.9372,1994.239,39
20260816_122435_863625,2020-12-07,601166.SH,1800,1800,73.457557,88.41855,26929.7874,37
20260816_122435_863625,2020-12-07,000883.SZ,6700,6700,22.146852,21.096656,-7036.3132,27
20260816_122435_863625,2020-12-07,600019.SH,10400,10400,14.24661,15.47514,12776.712,27
20260816_122435_863625,2020-12-07,600507.SH,1200,1200,118.47811,130.707016,14674.6872,25
20260816_122435_863625,2020-12-07,002936.SZ,33200,33200,4.661821,4.67928,579.6388,4
20260816_122435_863625,2020-12-08,002132.SZ,6700,6700,20.719296,19.699672,-6831.4808,45
20260816_122435_863625,2020-12-08,600333.SH,11700,11700,12.485583,14.232628,20440.4265,41
20260816_122435_863625,2020-12-08,601339.SH,13000,13000,9.783797,9.7006,-1081.561,40
20260816_122435_863625,2020-12-08,601166.SH,1800,1800,73.457557,87.383406,25066.5282,38
20260816_122435_863625,2020-12-08,000883.SZ,6700,6700,22.146852,21.096656,-7036.3132,28
20260816_122435_863625,2020-12-08,600019.SH,10400,10400,14.24661,15.501105,13046.748,28
20260816_122435_863625,2020-12-08,600507.SH,1200,1200,118.47811,129.39432,13099.452,26
20260816_122435_863625,2020-12-08,002936.SZ,33200,33200,4.661821,4.55124,-3671.2892,5
20260816_122435_863625,2020-12-09,002132.SZ,6700,6700,20.719296,18.9982,-11531.3432,46
20260816_122435_863625,2020-12-09,600333.SH,11700,11700,12.485583,15.65326,37061.8209,42
20260816_122435_863625,2020-12-09,601339.SH,13000,13000,9.783797,9.44034,-4464.941,41
20260816_122435_863625,2020-12-09,601166.SH,1800,1800,73.457557,88.202895,26541.6084,39
20260816_122435_863625,2020-12-09,000883.SZ,6700,6700,22.146852,20.558476,-10642.1192,29
20260816_122435_863625,2020-12-09,600019.SH,10400,10400,14.24661,15.37128,11696.568,29
20260816_122435_863625,2020-12-09,600507.SH,1200,1200,118.47811,126.768928,9948.9816,27
20260816_122435_863625,2020-12-09,002936.SZ,33200,33200,4.661821,4.56288,-3284.8412,6
20260816_122435_863625,2020-12-10,002132.SZ,6700,6700,20.719296,19.465848,-8398.1016,47
20260816_122435_863625,2020-12-10,600333.SH,11700,11700,12.485583,15.363872,33675.9813,43
20260816_122435_863625,2020-12-10,601339.SH,13000,13000,9.783797,9.464,-4157.361,42
20260816_122435_863625,2020-12-10,601166.SH,1800,1800,73.457557,87.469668,25221.7998,40
20260816_122435_863625,2020-12-10,000883.SZ,6700,6700,22.146852,20.558476,-10642.1192,30
20260816_122435_863625,2020-12-10,600019.SH,10400,10400,14.24661,15.99444,18177.432,30
20260816_122435_863625,2020-12-10,600507.SH,1200,1200,118.47811,126.768928,9948.9816,28
20260816_122435_863625,2020-12-10,002936.SZ,33200,33200,4.661821,4.49304,-5603.5292,7
20260816_122435_863625,2020-12-11,002132.SZ,6700,6700,20.719296,18.881288,-12314.6536,48
20260816_122435_863625,2020-12-11,600333.SH,11700,11700,12.485583,15.25864,32444.7669,44
20260816_122435_863625,2020-12-11,601339.SH,13000,13000,9.783797,9.60596,-2311.881,43
20260816_122435_863625,2020-12-11,601166.SH,1800,1800,73.457557,86.779572,23979.627,41
20260816_122435_863625,2020-12-11,000883.SZ,6700,6700,22.146852,20.074114,-13887.3446,31
20260816_122435_863625,2020-12-11,600019.SH,10400,10400,14.24661,15.864615,16827.252,31
20260816_122435_863625,2020-12-11,600507.SH,1200,1200,118.47811,124.518592,7248.5784,29
20260816_122435_863625,2020-12-11,002936.SZ,33200,33200,4.661821,4.44648,-7149.3212,8
20260816_122435_863625,2020-12-14,002132.SZ,6700,6700,20.719296,19.29048,-9573.0672,49
20260816_122435_863625,2020-12-14,600333.SH,11700,11700,12.485583,15.65326,37061.8209,45
20260816_122435_863625,2020-12-14,601339.SH,13000,13000,9.783797,9.53498,-3234.621,44
20260816_122435_863625,2020-12-14,601166.SH,1800,1800,73.457557,88.547943,27162.6948,42
20260816_122435_863625,2020-12-14,000883.SZ,6700,6700,22.146852,20.127932,-13526.764,32
20260816_122435_863625,2020-12-14,600019.SH,10400,10400,14.24661,15.47514,12776.712,32
20260816_122435_863625,2020-12-14,600507.SH,1200,1200,118.47811,119.08028,722.604,30
20260816_122435_863625,2020-12-14,002936.SZ,33200,33200,4.661821,4.41156,-8308.6652,9
20260816_122435_863625,2020-12-15,002132.SZ,6700,6700,20.719296,19.232024,-9964.7224,50
20260816_122435_863625,2020-12-15,600333.SH,11700,11700,12.485583,15.179716,31521.3561,46
20260816_122435_863625,2020-12-15,601339.SH,13000,13000,9.783797,9.55864,-2927.041,45
20260816_122435_863625,2020-12-15,601166.SH,1800,1800,73.457557,86.607048,23669.0838,43
20260816_122435_863625,2020-12-15,000883.SZ,6700,6700,22.146852,20.127932,-13526.764,33
20260816_122435_863625,2020-12-15,600019.SH,10400,10400,14.24661,15.345315,11426.532,33
20260816_122435_863625,2020-12-15,600507.SH,1200,1200,118.47811,120.392976,2297.8392,31
20260816_122435_863625,2020-12-15,002936.SZ,33200,33200,4.661821,4.35336,-10240.9052,10
20260816_122435_863625,2020-12-16,002132.SZ,6700,6700,20.719296,19.173568,-10356.3776,51
20260816_122435_863625,2020-12-16,600333.SH,11700,11700,12.485583,14.022164,17977.9977,47
20260816_122435_863625,2020-12-16,601339.SH,13000,13000,9.783797,9.36936,-5387.681,46
20260816_122435_863625,2020-12-16,601166.SH,1800,1800,73.457557,88.073502,26308.701,44
20260816_122435_863625,2020-12-16,000883.SZ,6700,6700,22.146852,20.235568,-12805.6028,34
20260816_122435_863625,2020-12-16,600019.SH,10400,10400,14.24661,15.26742,10616.424,34
20260816_122435_863625,2020-12-16,600507.SH,1200,1200,118.47811,122.080728,4323.1416,32
20260816_122435_863625,2020-12-16,002936.SZ,33200,33200,4.661821,4.34172,-10627.3532,11
20260816_122435_863625,2020-12-17,002132.SZ,6700,6700,20.719296,19.29048,-9573.0672,52
20260816_122435_863625,2020-12-17,600333.SH,11700,11700,12.485583,14.153704,19517.0157,48
20260816_122435_863625,2020-12-17,601339.SH,13000,13000,9.783797,9.27472,-6618.001,47
20260816_122435_863625,2020-12-17,601166.SH,1800,1800,73.457557,89.583087,29025.954,45
20260816_122435_863625,2020-12-17,000883.SZ,6700,6700,22.146852,20.504658,-11002.6998,35
20260816_122435_863625,2020-12-17,600019.SH,10400,10400,14.24661,15.89058,17097.288,35
20260816_122435_863625,2020-12-17,600507.SH,1200,1200,118.47811,128.269152,11749.2504,33
20260816_122435_863625,2020-12-17,002936.SZ,33200,33200,4.661821,4.44648,-7149.3212,12
20260816_122435_863625,2020-12-18,002132.SZ,6700,6700,20.719296,19.524304,-8006.4464,53
20260816_122435_863625,2020-12-18,600333.SH,11700,11700,12.485583,15.232332,32136.9633,49
20260816_122435_863625,2020-12-18,601339.SH,13000,13000,9.783797,9.25106,-6925.581,48
20260816_122435_863625,2020-12-18,601166.SH,1800,1800,73.457557,88.246026,26619.2442,46
20260816_122435_863625,2020-12-18,000883.SZ,6700,6700,22.146852,20.98902,-7757.4744,36
20260816_122435_863625,2020-12-18,600019.SH,10400,10400,14.24661,16.176195,20067.684,36
20260816_122435_863625,2020-12-18,600507.SH,1200,1200,118.47811,129.581848,13324.4856,34
20260816_122435_863625,2020-12-18,002936.SZ,33200,33200,4.661821,4.365,-9854.4572,13
20260816_122435_863625,2020-12-21,002132.SZ,6700,6700,20.719296,20.284232,-2914.9288,54
20260816_122435_863625,2020-12-21,600333.SH,11700,11700,12.485583,15.153408,31213.5525,50
20260816_122435_863625,2020-12-21,601339.SH,13000,13000,9.783797,9.2274,-7233.161,49
20260816_122435_863625,2020-12-21,601166.SH,1800,1800,73.457557,86.865834,24134.8986,47
20260816_122435_863625,2020-12-21,000883.SZ,6700,6700,22.146852,20.827566,-8839.2162,37
20260816_122435_863625,2020-12-21,600019.SH,10400,10400,14.24661,16.0983,19257.576,37
20260816_122435_863625,2020-12-21,600507.SH,1200,1200,118.47811,130.707016,14674.6872,35
20260816_122435_863625,2020-12-21,002936.SZ,33200,33200,4.661821,4.38828,-9081.5612,14
20260816_122435_863625,2020-12-22,002132.SZ,6700,6700,20.719296,19.232024,-9964.7224,55
20260816_122435_863625,2020-12-22,600333.SH,11700,11700,12.485583,14.86402,27827.7129,51
20260816_122435_863625,2020-12-22,601339.SH,13000,13000,9.783797,9.36936,-5387.681,50
20260816_122435_863625,2020-12-22,601166.SH,1800,1800,73.457557,85.442511,21572.9172,48
20260816_122435_863625,2020-12-22,000883.SZ,6700,6700,22.146852,20.45084,-11363.2804,38
20260816_122435_863625,2020-12-22,600019.SH,10400,10400,14.24661,15.397245,11966.604,38
20260816_122435_863625,2020-12-22,600507.SH,1200,1200,118.47811,124.143536,6798.5112,36
20260816_122435_863625,2020-12-22,002936.SZ,33200,33200,4.661821,4.3068,-11786.6972,15
20260816_122435_863625,2020-12-23,002132.SZ,6700,6700,20.719296,19.816584,-6048.1704,56
20260816_122435_863625,2020-12-23,600333.SH,11700,11700,12.485583,15.1271,30905.7489,52
20260816_122435_863625,2020-12-23,601339.SH,13000,13000,9.783797,9.25106,-6925.581,51
20260816_122435_863625,2020-12-23,601166.SH,1800,1800,73.457557,85.485642,21650.553,49
20260816_122435_863625,2020-12-23,000883.SZ,6700,6700,22.146852,20.881384,-8478.6356,39
20260816_122435_863625,2020-12-23,600019.SH,10400,10400,14.24661,15.656895,14666.964,39
20260816_122435_863625,2020-12-23,600507.SH,1200,1200,118.47811,127.706568,11074.1496,37
20260816_122435_863625,2020-12-23,002936.SZ,33200,33200,4.661821,4.31844,-11400.2492,16
20260816_122435_863625,2020-12-24,002132.SZ,6700,6700,20.719296,20.518056,-1348.308,57
20260816_122435_863625,2020-12-24,600333.SH,11700,11700,12.485583,16.652964,48758.3577,53
20260816_122435_863625,2020-12-24,601339.SH,13000,13000,9.783797,9.2274,-7233.161,52
20260816_122435_863625,2020-12-24,601166.SH,1800,1800,73.457557,86.995227,24367.806,50
20260816_122435_863625,2020-12-24,000883.SZ,6700,6700,22.146852,20.504658,-11002.6998,40
20260816_122435_863625,2020-12-24,600019.SH,10400,10400,14.24661,15.42321,12236.64,40
20260816_122435_863625,2020-12-24,600507.SH,1200,1200,118.47811,126.018816,9048.8472,38
20260816_122435_863625,2020-12-24,002936.SZ,33200,33200,4.661821,4.38828,-9081.5612,17
20260816_122435_863625,2020-12-25,002132.SZ,6700,6700,20.719296,21.219528,3351.5544,58
20260816_122435_863625,2020-12-25,600333.SH,11700,11700,12.485583,18.310368,68149.9845,54
20260816_122435_863625,2020-12-25,601339.SH,13000,13000,9.783797,9.29838,-6310.421,53
20260816_122435_863625,2020-12-25,601166.SH,1800,1800,73.457557,87.167751,24678.3492,51
20260816_122435_863625,2020-12-25,000883.SZ,6700,6700,22.146852,21.25811,-5954.5714,41
20260816_122435_863625,2020-12-25,600019.SH,10400,10400,14.24661,15.73479,15477.072,41
20260816_122435_863625,2020-12-25,600507.SH,1200,1200,118.47811,127.894096,11299.1832,39
20260816_122435_863625,2020-12-25,002936.SZ,33200,33200,4.661821,4.4814,-5989.9772,18
20260816_122435_863625,2020-12-28,002132.SZ,6700,6700,20.719296,20.810336,609.968,59
20260816_122435_863625,2020-12-28,600333.SH,11700,11700,12.485583,20.151928,89696.2365,55
20260816_122435_863625,2020-12-28,601339.SH,13000,13000,9.783797,9.53498,-3234.621,54
20260816_122435_863625,2020-12-28,601166.SH,1800,1800,73.457557,88.375419,26852.1516,52
20260816_122435_863625,2020-12-28,000883.SZ,6700,6700,22.146852,21.79629,-2348.7654,42
20260816_122435_863625,2020-12-28,600019.SH,10400,10400,14.24661,15.553035,13586.82,42
20260816_122435_863625,2020-12-28,600507.SH,1200,1200,118.47811,126.5814,9723.948,40
20260816_122435_863625,2020-12-28,002936.SZ,33200,33200,4.661821,4.63272,-966.1532,19
20260816_122435_863625,2020-12-29,002132.SZ,6700,6700,20.719296,19.407392,-8789.7568,60
20260816_122435_863625,2020-12-29,600333.SH,11700,11700,12.485583,22.177644,113397.1137,56
20260816_122435_863625,2020-12-29,601339.SH,13000,13000,9.783797,9.55864,-2927.041,55
20260816_122435_863625,2020-12-29,601166.SH,1800,1800,73.457557,88.979253,27939.0528,53
20260816_122435_863625,2020-12-29,000883.SZ,6700,6700,22.146852,21.096656,-7036.3132,43
20260816_122435_863625,2020-12-29,600019.SH,10400,10400,14.24661,15.26742,10616.424,43
20260816_122435_863625,2020-12-29,600507.SH,1200,1200,118.47811,124.70612,7473.612,41
20260816_122435_863625,2020-12-29,002936.SZ,33200,33200,4.661821,4.85388,6376.3588,20
20260816_122435_863625,2020-12-30,600333.SH,11700,11700,12.485583,24.387516,139252.6161,57
20260816_122435_863625,2020-12-30,601339.SH,13000,13000,9.783797,9.41668,-4772.521,56
20260816_122435_863625,2020-12-30,601166.SH,1800,1800,73.457557,90.14379,30035.2194,54
20260816_122435_863625,2020-12-30,000883.SZ,6700,6700,22.146852,21.096656,-7036.3132,44
20260816_122435_863625,2020-12-30,600019.SH,10400,10400,14.24661,15.501105,13046.748,44
20260816_122435_863625,2020-12-30,600507.SH,1200,1200,118.47811,131.082072,15124.7544,42
20260816_122435_863625,2020-12-30,002936.SZ,33200,33200,4.661821,4.7142,1738.9828,21
20260816_122435_863625,2020-12-31,600333.SH,11700,11700,12.485583,22.835344,121092.2037,58
20260816_122435_863625,2020-12-31,601339.SH,13000,13000,9.783797,9.464,-4157.361,57
20260816_122435_863625,2020-12-31,601166.SH,1800,1800,73.457557,90.014397,29802.312,55
20260816_122435_863625,2020-12-31,000883.SZ,6700,6700,22.146852,20.881384,-8478.6356,45
20260816_122435_863625,2020-12-31,600019.SH,10400,10400,14.24661,15.449175,12506.676,45
20260816_122435_863625,2020-12-31,600507.SH,1200,1200,118.47811,130.144432,13999.5864,43
20260816_122435_863625,2020-12-31,002936.SZ,33200,33200,4.661821,5.19144,17583.3508,22
20260816_122435_863625,2021-01-04,600333.SH,11700,11700,12.485583,23.0195,123246.8289,59
20260816_122435_863625,2021-01-04,601339.SH,13000,13000,9.783797,9.62962,-2004.301,58
20260816_122435_863625,2021-01-04,601166.SH,1800,1800,73.457557,84.752415,20330.7444,56
20260816_122435_863625,2021-01-04,000883.SZ,6700,6700,22.146852,20.827566,-8839.2162,46
20260816_122435_863625,2021-01-04,600019.SH,10400,10400,14.24661,15.812685,16287.18,46
20260816_122435_863625,2021-01-04,600507.SH,1200,1200,118.47811,131.2696,15349.788,44
20260816_122435_863625,2021-01-04,002936.SZ,33200,33200,4.661821,4.95864,9854.3908,23
20260816_122435_863625,2021-01-05,600333.SH,11700,11700,12.485583,20.730704,96467.9157,60
20260816_122435_863625,2021-01-05,601339.SH,13000,13000,9.783797,9.62962,-2004.301,59
20260816_122435_863625,2021-01-05,601166.SH,1800,1800,73.457557,81.345066,14197.5162,57
20260816_122435_863625,2021-01-05,000883.SZ,6700,6700,22.146852,20.45084,-11363.2804,47
20260816_122435_863625,2021-01-05,600019.SH,10400,10400,14.24661,15.42321,12236.64,47
20260816_122435_863625,2021-01-05,600507.SH,1200,1200,118.47811,133.707464,18275.2248,45
20260816_122435_863625,2021-01-05,002936.SZ,33200,33200,4.661821,4.72584,2125.4308,24
20260816_122435_863625,2021-01-06,601339.SH,13000,13000,9.783797,9.62962,-2004.301,60
20260816_122435_863625,2021-01-06,601166.SH,1800,1800,73.457557,85.097463,20951.8308,58
20260816_122435_863625,2021-01-06,000883.SZ,6700,6700,22.146852,20.343204,-12084.4416,48
20260816_122435_863625,2021-01-06,600019.SH,10400,10400,14.24661,15.449175,12506.676,48
20260816_122435_863625,2021-01-06,600507.SH,1200,1200,118.47811,131.2696,15349.788,46
20260816_122435_863625,2021-01-06,002936.SZ,33200,33200,4.661821,4.58616,-2511.9452,25
20260816_122435_863625,2021-01-07,601166.SH,1800,1800,73.457557,86.6913,23820.7374,59
20260816_122435_863625,2021-01-07,000883.SZ,6700,6700,22.146852,20.02104,-14242.9404,49
20260816_122435_863625,2021-01-07,600019.SH,10400,10400,14.24661,16.51056,23545.08,49
20260816_122435_863625,2021-01-07,600507.SH,1200,1200,118.47811,133.52136,18051.9,47
20260816_122435_863625,2021-01-07,002936.SZ,33200,33200,4.661821,4.45812,-6762.8732,26
20260816_122435_863625,2021-01-07,002801.SZ,1500,0,100.308454,99.7776,-796.281,1
20260816_122435_863625,2021-01-08,601166.SH,1800,1800,73.457557,87.64016,25528.6854,60
20260816_122435_863625,2021-01-08,000883.SZ,6700,6700,22.146852,20.1825,-13161.1584,50
20260816_122435_863625,2021-01-08,600019.SH,10400,10400,14.24661,17.02976,28944.76,50
20260816_122435_863625,2021-01-08,600507.SH,1200,1200,118.47811,130.14582,14001.252,48
20260816_122435_863625,2021-01-08,002936.SZ,33200,33200,4.661821,4.46976,-6376.4252,27
20260816_122435_863625,2021-01-08,002801.SZ,1500,1500,100.308454,101.4,1637.319,2
20260816_122435_863625,2021-01-08,000825.SZ,5800,0,27.687173,27.6526,-200.5234,1
20260816_122435_863625,2021-01-08,002032.SZ,200,0,676.64585,696.0859,3888.01,1
20260816_122435_863625,2021-01-11,000883.SZ,6700,6700,22.146852,19.69812,-16406.5044,51
20260816_122435_863625,2021-01-11,600019.SH,10400,10400,14.24661,16.32884,21655.192,51
20260816_122435_863625,2021-01-11,600507.SH,1200,1200,118.47811,126.20769,9275.496,49
20260816_122435_863625,2021-01-11,002936.SZ,33200,33200,4.661821,4.39992,-8695.1132,28
20260816_122435_863625,2021-01-11,002801.SZ,1500,1500,100.308454,99.2368,-1607.481,3
20260816_122435_863625,2021-01-11,000825.SZ,5800,5800,27.687173,26.9249,-4421.1834,2
20260816_122435_863625,2021-01-11,002032.SZ,200,200,676.64585,693.5608,3382.99,2
20260816_122435_863625,2021-01-12,000883.SZ,6700,6700,22.146852,19.69812,-16406.5044,52
20260816_122435_863625,2021-01-12,600019.SH,10400,10400,14.24661,16.4846,23275.096,52
20260816_122435_863625,2021-01-12,600507.SH,1200,1200,118.47811,129.58323,13326.144,50
20260816_122435_863625,2021-01-12,002936.SZ,33200,33200,4.661821,4.55124,-3671.2892,29
20260816_122435_863625,2021-01-12,002801.SZ,1500,1500,100.308454,102.752,3665.319,4
20260816_122435_863625,2021-01-12,000825.SZ,5800,5800,27.687173,27.21598,-2732.9194,3
20260816_122435_863625,2021-01-12,002032.SZ,200,200,676.64585,711.74152,7019.134,3
20260816_122435_863625,2021-01-12,002275.SZ,6000,0,26.590944,27.9378,8081.136,1
20260816_122435_863625,2021-01-13,000883.SZ,6700,6700,22.146852,19.85958,-15324.7224,53
20260816_122435_863625,2021-01-13,600019.SH,10400,10400,14.24661,16.874,27324.856,53
20260816_122435_863625,2021-01-13,600507.SH,1200,1200,118.47811,131.64606,15801.54,51
20260816_122435_863625,2021-01-13,002936.SZ,33200,33200,4.661821,4.45812,-6762.8732,30
20260816_122435_863625,2021-01-13,002801.SZ,1500,1500,100.308454,101.4,1637.319,5
20260816_122435_863625,2021-01-13,000825.SZ,5800,5800,27.687173,27.72537,221.5426,4
20260816_122435_863625,2021-01-13,002032.SZ,200,200,676.64585,700.21023,4712.876,4
20260816_122435_863625,2021-01-13,002275.SZ,6000,6000,26.590944,27.19728,3638.016,2
20260816_122435_863625,2021-01-14,000883.SZ,6700,6700,22.146852,19.85958,-15324.7224,54
20260816_122435_863625,2021-01-14,600019.SH,10400,10400,14.24661,17.75664,36504.312,54
20260816_122435_863625,2021-01-14,600507.SH,1200,1200,118.47811,133.70889,18276.936,52
20260816_122435_863625,2021-01-14,002936.SZ,33200,33200,4.661821,4.46976,-6376.4252,31
20260816_122435_863625,2021-01-14,002801.SZ,1500,1500,100.308454,100.39952,136.599,6
20260816_122435_863625,2021-01-14,000825.SZ,5800,5800,27.687173,27.6526,-200.5234,5
20260816_122435_863625,2021-01-14,002032.SZ,200,200,676.64585,693.89748,3450.326,5
20260816_122435_863625,2021-01-14,002275.SZ,6000,6000,26.590944,26.30529,-1713.924,3
20260816_122435_863625,2021-01-15,000883.SZ,6700,6700,22.146852,19.96722,-14603.5344,55
20260816_122435_863625,2021-01-15,600019.SH,10400,10400,14.24661,16.4846,23275.096,55
20260816_122435_863625,2021-01-15,600507.SH,1200,1200,118.47811,131.64606,15801.54,53
20260816_122435_863625,2021-01-15,002936.SZ,33200,33200,4.661821,4.5978,-2125.4972,32
20260816_122435_863625,2021-01-15,002801.SZ,1500,1500,100.308454,100.50768,298.839,7
20260816_122435_863625,2021-01-15,000825.SZ,5800,5800,27.687173,27.28875,-2310.8534,6
20260816_122435_863625,2021-01-15,002032.SZ,200,200,676.64585,682.78704,1228.238,6
20260816_122435_863625,2021-01-15,002275.SZ,6000,6000,26.590944,28.12293,9191.916,4
20260816_122435_863625,2021-01-18,000883.SZ,6700,6700,22.146852,19.6443,-16767.0984,56
20260816_122435_863625,2021-01-18,600019.SH,10400,10400,14.24661,16.32884,21655.192,56
20260816_122435_863625,2021-01-18,600507.SH,1200,1200,118.47811,130.14582,14001.252,54
20260816_122435_863625,2021-01-18,002936.SZ,33200,33200,4.661821,4.62108,-1352.6012,33
20260816_122435_863625,2021-01-18,002801.SZ,1500,1500,100.308454,103.53616,4841.559,8
20260816_122435_863625,2021-01-18,000825.SZ,5800,5800,27.687173,27.28875,-2310.8534,7
20260816_122435_863625,2021-01-18,002032.SZ,200,200,676.64585,693.81331,3433.492,7
20260816_122435_863625,2021-01-18,002275.SZ,6000,6000,26.590944,27.80316,7273.296,5
20260816_122435_863625,2021-01-19,000883.SZ,6700,6700,22.146852,19.85958,-15324.7224,57
20260816_122435_863625,2021-01-19,600019.SH,10400,10400,14.24661,16.12116,19495.32,57
20260816_122435_863625,2021-01-19,600507.SH,1200,1200,118.47811,128.83311,12426.0,55
20260816_122435_863625,2021-01-19,002936.SZ,33200,33200,4.661821,4.62108,-1352.6012,34
20260816_122435_863625,2021-01-19,002801.SZ,1500,1500,100.308454,102.2112,2854.119,9
20260816_122435_863625,2021-01-19,000825.SZ,5800,5800,27.687173,26.99767,-3999.1174,8
20260816_122435_863625,2021-01-19,002032.SZ,200,200,676.64585,672.09745,-909.68,8
20260816_122435_863625,2021-01-19,002275.SZ,6000,6000,26.590944,28.19025,9595.836,6
20260816_122435_863625,2021-01-20,000883.SZ,6700,6700,22.146852,19.59048,-17127.6924,58
20260816_122435_863625,2021-01-20,600019.SH,10400,10400,14.24661,17.70472,35964.344,58
20260816_122435_863625,2021-01-20,600507.SH,1200,1200,118.47811,136.70937,21877.512,56
20260816_122435_863625,2021-01-20,002936.SZ,33200,33200,4.661821,4.5396,-4057.7372,35
20260816_122435_863625,2021-01-20,002801.SZ,1500,1500,100.308454,102.4816,3259.719,10
20260816_122435_863625,2021-01-20,000825.SZ,5800,5800,27.687173,27.57983,-622.5894,9
20260816_122435_863625,2021-01-20,002032.SZ,200,200,676.64585,673.36,-657.17,9
20260816_122435_863625,2021-01-20,002275.SZ,6000,6000,26.590944,27.34875,4546.836,7
20260816_122435_863625,2021-01-21,000883.SZ,6700,6700,22.146852,19.53666,-17488.2864,59
20260816_122435_863625,2021-01-21,600019.SH,10400,10400,14.24661,17.67876,35694.36,59
20260816_122435_863625,2021-01-21,600507.SH,1200,1200,118.47811,134.08395,18727.008,57
20260816_122435_863625,2021-01-21,002936.SZ,33200,33200,4.661821,4.52796,-4444.1852,36
20260816_122435_863625,2021-01-21,002801.SZ,1500,1500,100.308454,100.1832,-187.881,11
20260816_122435_863625,2021-01-21,000825.SZ,5800,5800,27.687173,27.43429,-1466.7214,10
20260816_122435_863625,2021-01-21,002032.SZ,200,200,676.64585,675.8851,-152.15,10
20260816_122435_863625,2021-01-21,002275.SZ,6000,6000,26.590944,27.80316,7273.296,8
20260816_122435_863625,2021-01-22,000883.SZ,6700,6700,22.146852,19.3752,-18570.0684,60
20260816_122435_863625,2021-01-22,600019.SH,10400,10400,14.24661,17.2634,31374.616,60
20260816_122435_863625,2021-01-22,600507.SH,1200,1200,118.47811,132.58371,16926.72,58
20260816_122435_863625,2021-01-22,002936.SZ,33200,33200,4.661821,4.44648,-7149.3212,37
20260816_122435_863625,2021-01-22,002801.SZ,1500,1500,100.308454,100.8592,826.119,12
20260816_122435_863625,2021-01-22,000825.SZ,5800,5800,27.687173,27.07044,-3577.0514,11
20260816_122435_863625,2021-01-22,002032.SZ,200,200,676.64585,668.3098,-1667.21,11
20260816_122435_863625,2021-01-22,002275.SZ,6000,6000,26.590944,26.928,2022.336,9
20260816_122435_863625,2021-01-25,600507.SH,1200,1200,118.47811,132.39618,16701.684,59
20260816_122435_863625,2021-01-25,002936.SZ,33200,33200,4.661821,4.4814,-5989.9772,38
20260816_122435_863625,2021-01-25,002801.SZ,1500,1500,100.308454,100.9944,1028.919,13
20260816_122435_863625,2021-01-25,000825.SZ,5800,5800,27.687173,27.72537,221.5426,12
20260816_122435_863625,2021-01-25,002032.SZ,200,200,676.64585,691.0357,2877.97,12
20260816_122435_863625,2021-01-25,002275.SZ,6000,6000,26.590944,24.87474,-10297.224,10
20260816_122435_863625,2021-01-26,600507.SH,1200,1200,118.47811,126.20769,9275.496,60
20260816_122435_863625,2021-01-26,002936.SZ,33200,33200,4.661821,4.43484,-7535.7692,39
20260816_122435_863625,2021-01-26,002801.SZ,1500,1500,100.308454,98.85824,-2175.321,14
20260816_122435_863625,2021-01-26,000825.SZ,5800,5800,27.687173,27.94368,1487.7406,13
20260816_122435_863625,2021-01-26,002032.SZ,200,200,676.64585,673.86502,-556.166,13
20260816_122435_863625,2021-01-26,002275.SZ,6000,6000,26.590944,24.18471,-14437.404,11
20260816_122435_863625,2021-01-26,603177.SH,16200,0,9.93,9.89736,-528.768,1
20260816_122435_863625,2021-01-26,002859.SZ,1300,0,120.883005,116.679,-5465.2065,1
20260816_122435_863625,2021-01-27,002936.SZ,33200,33200,4.661821,4.46976,-6376.4252,40
20260816_122435_863625,2021-01-27,002801.SZ,1500,1500,100.308454,99.6424,-999.081,15
20260816_122435_863625,2021-01-27,000825.SZ,5800,5800,27.687173,27.50706,-1044.6554,14
20260816_122435_863625,2021-01-27,002032.SZ,200,200,676.64585,676.13761,-101.648,14
20260816_122435_863625,2021-01-27,002275.SZ,6000,6000,26.590944,23.83128,-16557.984,12
20260816_122435_863625,2021-01-27,603177.SH,16200,16200,9.93,10.29204,5865.048,2
20260816_122435_863625,2021-01-27,002859.SZ,1300,1300,120.883005,120.1589,-941.3365,2
20260816_122435_863625,2021-01-28,002936.SZ,33200,33200,4.661821,4.39992,-8695.1132,41
20260816_122435_863625,2021-01-28,002801.SZ,1500,1500,100.308454,99.85872,-674.601,16
20260816_122435_863625,2021-01-28,000825.SZ,5800,5800,27.687173,26.34274,-7797.7114,15
20260816_122435_863625,2021-01-28,002032.SZ,200,200,676.64585,659.97697,-3333.776,15
20260816_122435_863625,2021-01-28,002275.SZ,6000,6000,26.590944,23.09076,-21001.104,13
20260816_122435_863625,2021-01-28,603177.SH,16200,16200,9.93,10.3224,6356.88,3
20260816_122435_863625,2021-01-28,002859.SZ,1300,1300,120.883005,118.9307,-2537.9965,3
20260816_122435_863625,2021-01-28,600674.SH,700,0,219.130886,214.2936,-3386.1002,1
20260816_122435_863625,2021-01-29,002936.SZ,33200,33200,4.661821,4.39992,-8695.1132,42
20260816_122435_863625,2021-01-29,002801.SZ,1500,1500,100.308454,101.2648,1434.519,17
20260816_122435_863625,2021-01-29,000825.SZ,5800,5800,27.687173,25.90612,-10330.1074,16
20260816_122435_863625,2021-01-29,002032.SZ,200,200,676.64585,669.9932,-1330.53,16
20260816_122435_863625,2021-01-29,603177.SH,16200,16200,9.93,10.4236,7996.32,4
20260816_122435_863625,2021-01-29,002859.SZ,1300,1300,120.883005,118.68506,-2857.3285,4
20260816_122435_863625,2021-01-29,600674.SH,700,700,219.130886,217.2699,-1302.6902,2
20260816_122435_863625,2021-02-01,002936.SZ,33200,33200,4.661821,4.38828,-9081.5612,43
20260816_122435_863625,2021-02-01,002801.SZ,1500,1500,100.308454,103.428,4679.319,18
20260816_122435_863625,2021-02-01,000825.SZ,5800,5800,27.687173,26.34274,-7797.7114,17
20260816_122435_863625,2021-02-01,002032.SZ,200,200,676.64585,672.5183,-825.51,17
20260816_122435_863625,2021-02-01,603177.SH,16200,16200,9.93,10.0188,1438.56,5
20260816_122435_863625,2021-02-01,002859.SZ,1300,1300,120.883005,123.8435,3848.6435,5
20260816_122435_863625,2021-02-01,600674.SH,700,700,219.130886,222.03198,2030.7658,3
20260816_122435_863625,2021-02-02,002936.SZ,33200,33200,4.661821,4.35336,-10240.9052,44
20260816_122435_863625,2021-02-02,002801.SZ,1500,1500,100.308454,103.80656,5247.159,19
20260816_122435_863625,2021-02-02,000825.SZ,5800,5800,27.687173,26.12443,-9063.9094,18
20260816_122435_863625,2021-02-02,002032.SZ,200,200,676.64585,664.52215,-2424.74,18
20260816_122435_863625,2021-02-02,603177.SH,16200,16200,9.93,10.23132,4881.384,6
20260816_122435_863625,2021-02-02,002859.SZ,1300,1300,120.883005,124.29384,4434.0855,6
20260816_122435_863625,2021-02-02,600674.SH,700,700,219.130886,215.88096,-2274.9482,4
20260816_122435_863625,2021-02-02,603300.SH,8500,0,18.541052,18.827,2430.558,1
20260816_122435_863625,2021-02-03,002936.SZ,33200,33200,4.661821,4.33008,-11013.8012,45
20260816_122435_863625,2021-02-03,002801.SZ,1500,1500,100.308454,103.86064,5328.279,20
20260816_122435_863625,2021-02-03,000825.SZ,5800,5800,27.687173,25.68781,-11596.3054,19
20260816_122435_863625,2021-02-03,002032.SZ,200,200,676.64585,662.4179,-2845.59,19
20260816_122435_863625,2021-02-03,603177.SH,16200,16200,9.93,10.04916,1930.392,7
20260816_122435_863625,2021-02-03,002859.SZ,1300,1300,120.883005,121.83744,1240.7655,7
20260816_122435_863625,2021-02-03,600674.SH,700,700,219.130886,212.3094,-4775.0402,5
20260816_122435_863625,2021-02-03,603300.SH,8500,8500,18.541052,18.7708,1952.858,2
20260816_122435_863625,2021-02-04,002936.SZ,33200,33200,4.661821,4.38828,-9081.5612,46
20260816_122435_863625,2021-02-04,002801.SZ,1500,1500,100.308454,103.9688,5490.519,21
20260816_122435_863625,2021-02-04,000825.SZ,5800,5800,27.687173,25.76058,-11174.2394,20
20260816_122435_863625,2021-02-04,002032.SZ,200,200,676.64585,664.943,-2340.57,20
20260816_122435_863625,2021-02-04,603177.SH,16200,16200,9.93,10.63612,11439.144,8
20260816_122435_863625,2021-02-04,002859.SZ,1300,1300,120.883005,112.50312,-10893.8505,8
20260816_122435_863625,2021-02-04,600674.SH,700,700,219.130886,210.3252,-6163.9802,6
20260816_122435_863625,2021-02-04,603300.SH,8500,8500,18.541052,18.6022,519.758,3
20260816_122435_863625,2021-02-05,002936.SZ,33200,33200,4.661821,4.58616,-2511.9452,47
20260816_122435_863625,2021-02-05,002801.SZ,1500,1500,100.308454,103.8336,5287.719,22
20260816_122435_863625,2021-02-05,000825.SZ,5800,5800,27.687173,25.39673,-13284.5694,21
20260816_122435_863625,2021-02-05,002032.SZ,200,200,676.64585,680.43028,756.886,21
20260816_122435_863625,2021-02-05,603177.SH,16200,16200,9.93,10.56528,10291.536,9
20260816_122435_863625,2021-02-05,002859.SZ,1300,1300,120.883005,105.8299,-19569.0365,9
20260816_122435_863625,2021-02-05,600674.SH,700,700,219.130886,212.90466,-4358.3582,7
20260816_122435_863625,2021-02-05,603300.SH,8500,8500,18.541052,18.0402,-4257.242,4
20260816_122435_863625,2021-02-08,002936.SZ,33200,33200,4.661821,4.49304,-5603.5292,48
20260816_122435_863625,2021-02-08,002801.SZ,1500,1500,100.308454,98.04704,-3392.121,23
20260816_122435_863625,2021-02-08,000825.SZ,5800,5800,27.687173,25.68781,-11596.3054,22
20260816_122435_863625,2021-02-08,002032.SZ,200,200,676.64585,662.50207,-2828.756,22
20260816_122435_863625,2021-02-08,603177.SH,16200,16200,9.93,10.55516,10127.592,10
20260816_122435_863625,2021-02-08,600674.SH,700,700,219.130886,215.2857,-2691.6302,8
20260816_122435_863625,2021-02-08,603300.SH,8500,8500,18.541052,19.0237,4102.508,5
20260816_122435_863625,2021-02-09,002936.SZ,33200,33200,4.661821,4.45812,-6762.8732,49
20260816_122435_863625,2021-02-09,002801.SZ,1500,1500,100.308454,98.1552,-3229.881,24
20260816_122435_863625,2021-02-09,000825.SZ,5800,5800,27.687173,25.90612,-10330.1074,23
20260816_122435_863625,2021-02-09,002032.SZ,200,200,676.64585,694.14999,3500.828,23
20260816_122435_863625,2021-02-09,603177.SH,16200,16200,9.93,10.39324,7504.488,11
20260816_122435_863625,2021-02-09,600674.SH,700,700,219.130886,215.68254,-2413.8422,9
20260816_122435_863625,2021-02-09,603300.SH,8500,8500,18.541052,18.827,2430.558,6
20260816_122435_863625,2021-02-10,002936.SZ,33200,33200,4.661821,4.44648,-7149.3212,50
20260816_122435_863625,2021-02-10,002801.SZ,1500,1500,100.308454,98.18224,-3189.321,25
20260816_122435_863625,2021-02-10,000825.SZ,5800,5800,27.687173,26.05166,-9485.9754,24
20260816_122435_863625,2021-02-10,002032.SZ,200,200,676.64585,684.97546,1665.922,24
20260816_122435_863625,2021-02-10,603177.SH,16200,16200,9.93,10.73732,13078.584,12
20260816_122435_863625,2021-02-10,600674.SH,700,700,219.130886,216.07938,-2136.0542,10
20260816_122435_863625,2021-02-10,603300.SH,8500,8500,18.541052,18.7146,1475.158,7
20260816_122435_863625,2021-02-10,002254.SZ,1400,0,107.467173,105.00336,-3449.3382,1
20260816_122435_863625,2021-02-18,002936.SZ,33200,33200,4.661821,4.50468,-5217.0812,51
20260816_122435_863625,2021-02-18,002801.SZ,1500,1500,100.308454,99.2368,-1607.481,26
20260816_122435_863625,2021-02-18,000825.SZ,5800,5800,27.687173,26.77936,-5265.3154,25
20260816_122435_863625,2021-02-18,002032.SZ,200,200,676.64585,681.35615,942.06,25
20260816_122435_863625,2021-02-18,603177.SH,16200,16200,9.93,10.65636,11767.032,13
20260816_122435_863625,2021-02-18,600674.SH,700,700,219.130886,220.2462,780.7198,11
20260816_122435_863625,2021-02-18,603300.SH,8500,8500,18.541052,18.8551,2669.408,8
20260816_122435_863625,2021-02-18,002254.SZ,1400,1400,107.467173,115.51506,11267.0418,2
20260816_122435_863625,2021-02-19,002936.SZ,33200,33200,4.661821,4.56288,-3284.8412,52
20260816_122435_863625,2021-02-19,002801.SZ,1500,1500,100.308454,99.6424,-999.081,27
20260816_122435_863625,2021-02-19,000825.SZ,5800,5800,27.687173,27.6526,-200.5234,26
20260816_122435_863625,2021-02-19,002032.SZ,200,200,676.64585,664.943,-2340.57,26
20260816_122435_863625,2021-02-19,603177.SH,16200,16200,9.93,10.49444,9143.928,14
20260816_122435_863625,2021-02-19,600674.SH,700,700,219.130886,222.82566,2586.3418,12
20260816_122435_863625,2021-02-19,603300.SH,8500,8500,18.541052,18.9394,3385.958,9
20260816_122435_863625,2021-02-19,002254.SZ,1400,1400,107.467173,117.10602,13494.3858,3
20260816_122435_863625,2021-02-22,002936.SZ,33200,33200,4.661821,4.58616,-2511.9452,53
20260816_122435_863625,2021-02-22,002801.SZ,1500,1500,100.308454,99.69648,-917.961,28
20260816_122435_863625,2021-02-22,000825.SZ,5800,5800,27.687173,29.108,8240.7966,27
20260816_122435_863625,2021-02-22,002032.SZ,200,200,676.64585,656.526,-4023.97,27
20260816_122435_863625,2021-02-22,603177.SH,16200,16200,9.93,10.28192,5701.104,15
20260816_122435_863625,2021-02-22,600674.SH,700,700,219.130886,215.48412,-2552.7362,13
20260816_122435_863625,2021-02-22,603300.SH,8500,8500,18.541052,18.7708,1952.858,10
20260816_122435_863625,2021-02-22,002254.SZ,1400,1400,107.467173,125.17446,24790.2018,4
20260816_122435_863625,2021-02-23,002936.SZ,33200,33200,4.661821,4.5978,-2125.4972,54
20260816_122435_863625,2021-02-23,002801.SZ,1500,1500,100.308454,98.1552,-3229.881,29
20260816_122435_863625,2021-02-23,000825.SZ,5800,5800,27.687173,29.32631,9506.9946,28
20260816_122435_863625,2021-02-23,002032.SZ,200,200,676.64585,662.33373,-2862.424,28
20260816_122435_863625,2021-02-23,603177.SH,16200,16200,9.93,10.34264,6684.768,16
20260816_122435_863625,2021-02-23,600674.SH,700,700,219.130886,215.08728,-2830.5242,14
20260816_122435_863625,2021-02-23,603300.SH,8500,8500,18.541052,19.5576,8640.658,11
20260816_122435_863625,2021-02-23,002254.SZ,1400,1400,107.467173,123.2994,22165.1178,5
20260816_122435_863625,2021-02-24,002936.SZ,33200,33200,4.661821,4.51632,-4830.6332,55
20260816_122435_863625,2021-02-24,002801.SZ,1500,1500,100.308454,95.12672,-7772.601,30
20260816_122435_863625,2021-02-24,000825.SZ,5800,5800,27.687173,28.81692,6552.5326,29
20260816_122435_863625,2021-02-24,002032.SZ,200,200,676.64585,681.27198,925.226,29
20260816_122435_863625,2021-02-24,603177.SH,16200,16200,9.93,10.30216,6028.992,17
20260816_122435_863625,2021-02-24,600674.SH,700,700,219.130886,207.94416,-7830.7082,15
20260816_122435_863625,2021-02-24,603300.SH,8500,8500,18.541052,19.67,9596.058,12
20260816_122435_863625,2021-02-24,002254.SZ,1400,1400,107.467173,117.44694,13971.6738,6
20260816_122435_863625,2021-02-25,002936.SZ,33200,33200,4.661821,4.57452,-2898.3932,56
20260816_122435_863625,2021-02-25,002801.SZ,1500,1500,100.308454,93.63952,-10003.401,31
20260816_122435_863625,2021-02-25,000825.SZ,5800,5800,27.687173,29.03523,7818.7306,30
20260816_122435_863625,2021-02-25,002032.SZ,200,200,676.64585,647.18313,-5892.544,30
20260816_122435_863625,2021-02-25,603177.SH,16200,16200,9.93,10.12,3078.0,18
20260816_122435_863625,2021-02-25,600674.SH,700,700,219.130886,211.71414,-5191.7222,16
20260816_122435_863625,2021-02-25,603300.SH,8500,8500,18.541052,19.4171,7446.408,13
20260816_122435_863625,2021-02-25,002254.SZ,1400,1400,107.467173,116.31054,12380.7138,7
20260816_122435_863625,2021-02-26,002936.SZ,33200,33200,4.661821,4.45812,-6762.8732,57
20260816_122435_863625,2021-02-26,002801.SZ,1500,1500,100.308454,93.04464,-10895.721,32
20260816_122435_863625,2021-02-26,000825.SZ,5800,5800,27.687173,28.08922,2331.8726,31
20260816_122435_863625,2021-02-26,002032.SZ,200,200,676.64585,633.8001,-8569.15,31
20260816_122435_863625,2021-02-26,603177.SH,16200,16200,9.93,10.16048,3733.776,19
20260816_122435_863625,2021-02-26,600674.SH,700,700,219.130886,212.90466,-4358.3582,17
20260816_122435_863625,2021-02-26,603300.SH,8500,8500,18.541052,20.4568,16283.858,14
20260816_122435_863625,2021-02-26,002254.SZ,1400,1400,107.467173,110.34444,4028.1738,8
20260816_122435_863625,2021-03-01,002936.SZ,33200,33200,4.661821,4.46976,-6376.4252,58
20260816_122435_863625,2021-03-01,002801.SZ,1500,1500,100.308454,93.66656,-9962.841,33
20260816_122435_863625,2021-03-01,000825.SZ,5800,5800,27.687173,28.88969,6974.5986,32
20260816_122435_863625,2021-03-01,002032.SZ,200,200,676.64585,625.71978,-10185.214,32
20260816_122435_863625,2021-03-01,603177.SH,16200,16200,9.93,10.2718,5537.16,20
20260816_122435_863625,2021-03-01,600674.SH,700,700,219.130886,210.3252,-6163.9802,18
20260816_122435_863625,2021-03-01,603300.SH,8500,8500,18.541052,21.3279,23688.208,15
20260816_122435_863625,2021-03-01,002254.SZ,1400,1400,107.467173,113.86728,8960.1498,9
20260816_122435_863625,2021-03-02,002936.SZ,33200,33200,4.661821,4.44648,-7149.3212,59
20260816_122435_863625,2021-03-02,002801.SZ,1500,1500,100.308454,92.96352,-11017.401,34
20260816_122435_863625,2021-03-02,000825.SZ,5800,5800,27.687173,28.3803,4020.1366,33
20260816_122435_863625,2021-03-02,002032.SZ,200,200,676.64585,613.43096,-12642.978,33
20260816_122435_863625,2021-03-02,603177.SH,16200,16200,9.93,10.36288,7012.656,21
20260816_122435_863625,2021-03-02,600674.SH,700,700,219.130886,217.86516,-886.0082,19
20260816_122435_863625,2021-03-02,603300.SH,8500,8500,18.541052,21.5808,25837.858,16
20260816_122435_863625,2021-03-02,002254.SZ,1400,1400,107.467173,114.32184,9596.5338,10
20260816_122435_863625,2021-03-03,002936.SZ,33200,33200,4.661821,4.55124,-3671.2892,60
20260816_122435_863625,2021-03-03,002801.SZ,1500,1500,100.308454,93.5584,-10125.081,35
20260816_122435_863625,2021-03-03,000825.SZ,5800,5800,27.687173,29.54462,10773.1926,34
20260816_122435_863625,2021-03-03,002032.SZ,200,200,676.64585,612.67343,-12794.484,34
20260816_122435_863625,2021-03-03,603177.SH,16200,16200,9.93,10.2212,4717.44,22
20260816_122435_863625,2021-03-03,600674.SH,700,700,219.130886,218.262,-608.2202,20
20260816_122435_863625,2021-03-03,603300.SH,8500,8500,18.541052,21.637,26315.558,17
20260816_122435_863625,2021-03-03,002254.SZ,1400,1400,107.467173,117.16284,13573.9338,11
20260816_122435_863625,2021-03-04,002801.SZ,1500,1500,100.308454,93.77472,-9800.601,36
20260816_122435_863625,2021-03-04,000825.SZ,5800,5800,27.687173,29.54462,10773.1926,35
20260816_122435_863625,2021-03-04,002032.SZ,200,200,676.64585,595.0819,-16312.79,35
20260816_122435_863625,2021-03-04,603177.SH,16200,16200,9.93,11.24332,21275.784,23
20260816_122435_863625,2021-03-04,600674.SH,700,700,219.130886,220.2462,780.7198,21
20260816_122435_863625,2021-03-04,603300.SH,8500,8500,18.541052,21.4403,24643.608,18
20260816_122435_863625,2021-03-04,002254.SZ,1400,1400,107.467173,112.2195,6653.2578,12
20260816_122435_863625,2021-03-05,002801.SZ,1500,1500,100.308454,93.93696,-9557.241,37
20260816_122435_863625,2021-03-05,000825.SZ,5800,5800,27.687173,28.45307,4442.2026,36
20260816_122435_863625,2021-03-05,603177.SH,16200,16200,9.93,12.0428,34227.36,24
20260816_122435_863625,2021-03-05,600674.SH,700,700,219.130886,218.262,-608.2202,22
20260816_122435_863625,2021-03-05,603300.SH,8500,8500,18.541052,21.5527,25599.008,19
20260816_122435_863625,2021-03-05,002254.SZ,1400,1400,107.467173,112.67406,7289.6418,13
20260816_122435_863625,2021-03-08,002801.SZ,1500,1500,100.308454,93.1528,-10733.481,38
20260816_122435_863625,2021-03-08,000825.SZ,5800,5800,27.687173,31.2911,20902.7766,37
20260816_122435_863625,2021-03-08,603177.SH,16200,16200,9.93,12.53868,42260.616,25
20260816_122435_863625,2021-03-08,600674.SH,700,700,219.130886,225.80196,4669.7518,23
20260816_122435_863625,2021-03-08,603300.SH,8500,8500,18.541052,21.8899,28465.208,20
20260816_122435_863625,2021-03-08,002254.SZ,1400,1400,107.467173,108.5262,1482.6378,14
20260816_122435_863625,2021-03-09,002801.SZ,1500,1500,100.308454,88.52896,-17669.241,39
20260816_122435_863625,2021-03-09,000825.SZ,5800,5800,27.687173,34.42021,39051.6146,38
20260816_122435_863625,2021-03-09,603177.SH,16200,16200,9.93,11.61776,27341.712,26
20260816_122435_863625,2021-03-09,600674.SH,700,700,219.130886,218.262,-608.2202,24
20260816_122435_863625,2021-03-09,603300.SH,8500,8500,18.541052,22.48,33481.058,21
20260816_122435_863625,2021-03-09,002254.SZ,1400,1400,107.467173,101.08278,-8938.1502,15
20260816_122435_863625,2021-03-10,002801.SZ,1500,1500,100.308454,89.01568,-16939.161,40
20260816_122435_863625,2021-03-10,000825.SZ,5800,5800,27.687173,32.16434,25967.5686,39
20260816_122435_863625,2021-03-10,603177.SH,16200,16200,9.93,11.85052,31112.424,27
20260816_122435_863625,2021-03-10,600674.SH,700,700,219.130886,226.79406,5364.2218,25
20260816_122435_863625,2021-03-10,603300.SH,8500,8500,18.541052,21.1031,21777.408,22
20260816_122435_863625,2021-03-10,002254.SZ,1400,1400,107.467173,97.1622,-14426.9622,16
20260816_122435_863625,2021-03-11,002801.SZ,1500,1500,100.308454,89.74576,-15844.041,41
20260816_122435_863625,2021-03-11,000825.SZ,5800,5800,27.687173,35.36622,44538.4726,40
20260816_122435_863625,2021-03-11,603177.SH,16200,16200,9.93,11.87076,31440.312,28
20260816_122435_863625,2021-03-11,600674.SH,700,700,219.130886,232.94508,9669.9358,26
20260816_122435_863625,2021-03-11,603300.SH,8500,8500,18.541052,21.6089,26076.708,23
20260816_122435_863625,2021-03-11,002254.SZ,1400,1400,107.467173,100.74186,-9415.4382,17
20260816_122435_863625,2021-03-12,002801.SZ,1500,1500,100.308454,90.8544,-14181.081,42
20260816_122435_863625,2021-03-12,000825.SZ,5800,5800,27.687173,35.29345,44116.4066,41
20260816_122435_863625,2021-03-12,603177.SH,16200,16200,9.93,12.33628,38981.736,29
20260816_122435_863625,2021-03-12,600674.SH,700,700,219.130886,255.16812,25226.0638,27
20260816_122435_863625,2021-03-12,603300.SH,8500,8500,18.541052,22.2552,31570.258,24
20260816_122435_863625,2021-03-12,002254.SZ,1400,1400,107.467173,99.26454,-11483.6862,18
20260816_122435_863625,2021-03-15,002801.SZ,1500,1500,100.308454,91.61152,-13045.401,43
20260816_122435_863625,2021-03-15,000825.SZ,5800,5800,27.687173,35.87561,47492.9346,42
20260816_122435_863625,2021-03-15,603177.SH,16200,16200,9.93,12.01244,33735.528,30
20260816_122435_863625,2021-03-15,600674.SH,700,700,219.130886,243.0645,16753.5298,28
20260816_122435_863625,2021-03-15,603300.SH,8500,8500,18.541052,22.3395,32286.808,25
20260816_122435_863625,2021-03-15,002254.SZ,1400,1400,107.467173,97.84404,-13472.3862,19
20260816_122435_863625,2021-03-16,002801.SZ,1500,1500,100.308454,92.96352,-11017.401,44
20260816_122435_863625,2021-03-16,000825.SZ,5800,5800,27.687173,35.58453,45804.6706,43
20260816_122435_863625,2021-03-16,603177.SH,16200,16200,9.93,12.4982,41604.84,31
20260816_122435_863625,2021-03-16,600674.SH,700,700,219.130886,246.23922,18975.8338,29
20260816_122435_863625,2021-03-16,603300.SH,8500,8500,18.541052,23.7445,44229.308,26
20260816_122435_863625,2021-03-16,002254.SZ,1400,1400,107.467173,96.82128,-14904.2502,20
20260816_122435_863625,2021-03-17,002801.SZ,1500,1500,100.308454,92.96352,-11017.401,45
20260816_122435_863625,2021-03-17,000825.SZ,5800,5800,27.687173,33.98359,36519.2186,44
20260816_122435_863625,2021-03-17,603177.SH,16200,16200,9.93,12.03268,34063.416,32
20260816_122435_863625,2021-03-17,600674.SH,700,700,219.130886,236.91348,12447.8158,30
20260816_122435_863625,2021-03-17,603300.SH,8500,8500,18.541052,23.6321,43273.908,27
20260816_122435_863625,2021-03-17,002254.SZ,1400,1400,107.467173,97.90086,-13392.8382,21
20260816_122435_863625,2021-03-18,002801.SZ,1500,1500,100.308454,92.612,-11544.681,46
20260816_122435_863625,2021-03-18,000825.SZ,5800,5800,27.687173,36.385,50447.3966,45
20260816_122435_863625,2021-03-18,603177.SH,16200,16200,9.93,12.10352,35211.024,33
20260816_122435_863625,2021-03-18,600674.SH,700,700,219.130886,237.50874,12864.4978,31
20260816_122435_863625,2021-03-18,603300.SH,8500,8500,18.541052,23.6602,43512.758,28
20260816_122435_863625,2021-03-18,002254.SZ,1400,1400,107.467173,101.19642,-8779.0542,22
20260816_122435_863625,2021-03-19,002801.SZ,1500,1500,100.308454,93.90992,-9597.801,47
20260816_122435_863625,2021-03-19,000825.SZ,5800,5800,27.687173,38.05871,60154.9146,46
20260816_122435_863625,2021-03-19,603177.SH,16200,16200,9.93,11.91124,32096.088,34
20260816_122435_863625,2021-03-19,600674.SH,700,700,219.130886,235.72296,11614.4518,32
20260816_122435_863625,2021-03-19,603300.SH,8500,8500,18.541052,24.1098,47334.358,29
20260816_122435_863625,2021-03-19,002254.SZ,1400,1400,107.467173,93.52572,-19518.0342,23
20260816_122435_863625,2021-03-22,002801.SZ,1500,1500,100.308454,94.2344,-9111.081,48
20260816_122435_863625,2021-03-22,000825.SZ,5800,5800,27.687173,38.13148,60576.9806,47
20260816_122435_863625,2021-03-22,603177.SH,16200,16200,9.93,12.40712,40129.344,35
20260816_122435_863625,2021-03-22,600674.SH,700,700,219.130886,246.0408,18836.9398,33
20260816_122435_863625,2021-03-22,603300.SH,8500,8500,18.541052,24.2784,48767.458,30
20260816_122435_863625,2021-03-23,002801.SZ,1500,1500,100.308454,95.93792,-6555.801,49
20260816_122435_863625,2021-03-23,000825.SZ,5800,5800,27.687173,35.36622,44538.4726,48
20260816_122435_863625,2021-03-23,603177.SH,16200,16200,9.93,12.0428,34227.36,36
20260816_122435_863625,2021-03-23,600674.SH,700,700,219.130886,236.51664,12170.0278,34
20260816_122435_863625,2021-03-23,603300.SH,8500,8500,18.541052,24.728,52589.058,31
20260816_122435_863625,2021-03-24,002801.SZ,1500,1500,100.308454,95.66752,-6961.401,50
20260816_122435_863625,2021-03-24,000825.SZ,5800,5800,27.687173,32.52819,28077.8986,49
20260816_122435_863625,2021-03-24,603177.SH,16200,16200,9.93,13.24708,53736.696,37
20260816_122435_863625,2021-03-24,600674.SH,700,700,219.130886,236.31822,12031.1338,35
20260816_122435_863625,2021-03-24,603300.SH,8500,8500,18.541052,24.5875,51394.808,32
20260816_122435_863625,2021-03-25,002801.SZ,1500,1500,100.308454,98.9664,-2013.081,51
20260816_122435_863625,2021-03-25,000825.SZ,5800,5800,27.687173,32.45542,27655.8326,50
20260816_122435_863625,2021-03-25,603177.SH,16200,16200,9.93,12.94348,48818.376,38
20260816_122435_863625,2021-03-25,600674.SH,700,700,219.130886,239.88978,14531.2258,36
20260816_122435_863625,2021-03-25,603300.SH,8500,8500,18.541052,24.3065,49006.308,33
20260816_122435_863625,2021-03-26,002801.SZ,1500,1500,100.308454,99.15568,-1729.161,52
20260816_122435_863625,2021-03-26,000825.SZ,5800,5800,27.687173,33.18312,31876.4926,51
20260816_122435_863625,2021-03-26,603177.SH,16200,16200,9.93,12.68036,44555.832,39
20260816_122435_863625,2021-03-26,600674.SH,700,700,219.130886,238.89768,13836.7558,37
20260816_122435_863625,2021-03-26,603300.SH,8500,8500,18.541052,24.5032,50678.258,34
20260816_122435_863625,2021-03-29,002801.SZ,1500,1500,100.308454,99.69648,-917.961,53
20260816_122435_863625,2021-03-29,000825.SZ,5800,5800,27.687173,33.98359,36519.2186,52
20260816_122435_863625,2021-03-29,603177.SH,16200,16200,9.93,12.61964,43572.168,40
20260816_122435_863625,2021-03-29,600674.SH,700,700,219.130886,243.85818,17309.1058,38
20260816_122435_863625,2021-03-29,603300.SH,8500,8500,18.541052,24.5594,51155.958,35
20260816_122435_863625,2021-03-30,002801.SZ,1500,1500,100.308454,99.1016,-1810.281,54
20260816_122435_863625,2021-03-30,000825.SZ,5800,5800,27.687173,34.2019,37785.4166,53
20260816_122435_863625,2021-03-30,603177.SH,16200,16200,9.93,12.7512,45703.44,41
20260816_122435_863625,2021-03-30,600674.SH,700,700,219.130886,244.65186,17864.6818,39
20260816_122435_863625,2021-03-30,603300.SH,8500,8500,18.541052,25.1495,56171.808,36
20260816_122435_863625,2021-03-31,002801.SZ,1500,1500,100.308454,99.80464,-755.721,55
20260816_122435_863625,2021-03-31,000825.SZ,5800,5800,27.687173,33.25589,32298.5586,54
20260816_122435_863625,2021-03-31,603177.SH,16200,16200,9.93,12.5488,42424.56,42
20260816_122435_863625,2021-03-31,600674.SH,700,700,219.130886,248.81868,20781.4558,40
20260816_122435_863625,2021-03-31,603300.SH,8500,8500,18.541052,25.4305,58560.308,37
20260816_122435_863625,2021-04-01,002801.SZ,1500,1500,100.308454,99.88576,-634.041,56
20260816_122435_863625,2021-04-01,000825.SZ,5800,5800,27.687173,35.43899,44960.5386,55
20260816_122435_863625,2021-04-01,603177.SH,16200,16200,9.93,12.15412,36030.744,43
20260816_122435_863625,2021-04-01,600674.SH,700,700,219.130886,250.0092,21614.8198,41
20260816_122435_863625,2021-04-01,603300.SH,8500,8500,18.541052,25.8801,62381.908,38
20260816_122435_863625,2021-04-02,002801.SZ,1500,1500,100.308454,100.39952,136.599,57
20260816_122435_863625,2021-04-02,000825.SZ,5800,5800,27.687173,34.56575,39895.7466,56
20260816_122435_863625,2021-04-02,603177.SH,16200,16200,9.93,12.7006,44883.72,44
20260816_122435_863625,2021-04-02,600674.SH,700,700,219.130886,245.0487,18142.4698,42
20260816_122435_863625,2021-04-02,603300.SH,8500,8500,18.541052,26.0206,63576.158,39
20260816_122435_863625,2021-04-06,002801.SZ,1500,1500,100.308454,101.8056,2245.719,58
20260816_122435_863625,2021-04-06,000825.SZ,5800,5800,27.687173,34.56575,39895.7466,57
20260816_122435_863625,2021-04-06,603177.SH,16200,16200,9.93,13.09528,51277.536,45
20260816_122435_863625,2021-04-06,600674.SH,700,700,219.130886,246.63606,19253.6218,43
20260816_122435_863625,2021-04-06,603300.SH,8500,8500,18.541052,25.6553,60471.108,40
20260816_122435_863625,2021-04-07,002801.SZ,1500,1500,100.308454,102.37344,3097.479,59
20260816_122435_863625,2021-04-07,000825.SZ,5800,5800,27.687173,36.09392,48759.1326,58
20260816_122435_863625,2021-04-07,603177.SH,16200,16200,9.93,13.11552,51605.424,46
20260816_122435_863625,2021-04-07,600674.SH,700,700,219.130886,244.45344,17725.7878,44
20260816_122435_863625,2021-04-07,603300.SH,8500,8500,18.541052,25.7396,61187.658,41
20260816_122435_863625,2021-04-08,002801.SZ,1500,1500,100.308454,102.64384,3503.079,60
20260816_122435_863625,2021-04-08,000825.SZ,5800,5800,27.687173,38.93195,65219.7066,59
20260816_122435_863625,2021-04-08,603177.SH,16200,16200,9.93,13.22684,53408.808,47
20260816_122435_863625,2021-04-08,600674.SH,700,700,219.130886,239.88978,14531.2258,45
20260816_122435_863625,2021-04-08,603300.SH,8500,8500,18.541052,25.5429,59515.708,42
20260816_122435_863625,2021-04-09,000825.SZ,5800,5800,27.687173,42.86153,88011.2706,60
20260816_122435_863625,2021-04-09,603177.SH,16200,16200,9.93,13.1054,51441.48,48
20260816_122435_863625,2021-04-09,600674.SH,700,700,219.130886,236.91348,12447.8158,46
20260816_122435_863625,2021-04-09,603300.SH,8500,8500,18.541052,25.5991,59993.408,43
20260816_122435_863625,2021-04-12,603177.SH,16200,16200,9.93,12.79168,46359.216,49
20260816_122435_863625,2021-04-12,600674.SH,700,700,219.130886,241.47714,15642.3778,47
20260816_122435_863625,2021-04-12,603300.SH,8500,8500,18.541052,24.447,50200.558,44
20260816_122435_863625,2021-04-13,603177.SH,16200,16200,9.93,12.78156,46195.272,50
20260816_122435_863625,2021-04-13,600674.SH,700,700,219.130886,239.29452,14114.5438,48
20260816_122435_863625,2021-04-13,603300.SH,8500,8500,18.541052,23.7445,44229.308,45
20260816_122435_863625,2021-04-14,603177.SH,16200,16200,9.93,12.48808,41440.896,51
20260816_122435_863625,2021-04-14,600674.SH,700,700,219.130886,240.48504,14947.9078,49
20260816_122435_863625,2021-04-14,603300.SH,8500,8500,18.541052,23.3792,41124.258,46
20260816_122435_863625,2021-04-15,603177.SH,16200,16200,9.93,12.5488,42424.56,52
20260816_122435_863625,2021-04-15,600674.SH,700,700,219.130886,234.92928,11058.8758,50
20260816_122435_863625,2021-04-15,603300.SH,8500,8500,18.541052,23.5478,42557.358,47
20260816_122435_863625,2021-04-16,603177.SH,16200,16200,9.93,12.66012,44227.944,53
20260816_122435_863625,2021-04-16,600674.SH,700,700,219.130886,241.47714,15642.3778,51
20260816_122435_863625,2021-04-16,603300.SH,8500,8500,18.541052,23.7445,44229.308,48
20260816_122435_863625,2021-04-19,603177.SH,16200,16200,9.93,12.47796,41276.952,54
20260816_122435_863625,2021-04-19,600674.SH,700,700,219.130886,237.70716,13003.3918,52
20260816_122435_863625,2021-04-19,603300.SH,8500,8500,18.541052,23.9131,45662.408,49
20260816_122435_863625,2021-04-20,603177.SH,16200,16200,9.93,13.3078,54720.36,55
20260816_122435_863625,2021-04-20,600674.SH,700,700,219.130886,235.72296,11614.4518,53
20260816_122435_863625,2021-04-20,603300.SH,8500,8500,18.541052,24.7561,52827.908,50
20260816_122435_863625,2021-04-21,603177.SH,16200,16200,9.93,13.3584,55540.08,56
20260816_122435_863625,2021-04-21,600674.SH,700,700,219.130886,235.72296,11614.4518,54
20260816_122435_863625,2021-04-21,603300.SH,8500,8500,18.541052,24.8404,53544.458,51
20260816_122435_863625,2021-04-22,603177.SH,16200,16200,9.93,13.19648,52916.976,57
20260816_122435_863625,2021-04-22,600674.SH,700,700,219.130886,229.57194,7308.7378,55
20260816_122435_863625,2021-04-22,603300.SH,8500,8500,18.541052,25.009,54977.558,52
20260816_122435_863625,2021-04-23,603177.SH,16200,16200,9.93,12.9536,48982.32,58
20260816_122435_863625,2021-04-23,600674.SH,700,700,219.130886,230.1672,7725.4198,56
20260816_122435_863625,2021-04-23,603300.SH,8500,8500,18.541052,24.7561,52827.908,53
20260816_122435_863625,2021-04-26,603177.SH,16200,16200,9.93,13.2066,53080.92,59
20260816_122435_863625,2021-04-26,600674.SH,700,700,219.130886,226.1988,4947.5398,57
20260816_122435_863625,2021-04-26,603300.SH,8500,8500,18.541052,24.6156,51633.658,54
20260816_122435_863625,2021-04-27,603177.SH,16200,16200,9.93,12.97384,49310.208,60
20260816_122435_863625,2021-04-27,600674.SH,700,700,219.130886,227.78616,6058.6918,58
20260816_122435_863625,2021-04-27,603300.SH,8500,8500,18.541052,24.728,52589.058,55
20260816_122435_863625,2021-04-28,600674.SH,700,700,219.130886,227.78616,6058.6918,59
20260816_122435_863625,2021-04-28,603300.SH,8500,8500,18.541052,24.728,52589.058,56
20260816_122435_863625,2021-04-29,600674.SH,700,700,219.130886,228.77826,6753.1618,60
20260816_122435_863625,2021-04-29,603300.SH,8500,8500,18.541052,24.6437,51872.508,57
20260816_122435_863625,2021-04-30,603300.SH,8500,8500,18.541052,24.6437,51872.508,58
20260816_122435_863625,2021-05-06,603300.SH,8500,8500,18.541052,24.3908,49722.858,59
20260816_122435_863625,2021-05-07,603300.SH,8500,8500,18.541052,24.4751,50439.408,60
20260816_122435_863625,2021-06-01,600479.SH,1400,0,122.510177,122.4818,-39.7278,1
20260816_122435_863625,2021-06-01,000973.SZ,10300,0,16.853384,16.87077,179.0758,1
20260816_122435_863625,2021-06-01,002462.SZ,7100,0,24.268484,24.35487,613.3406,1
20260816_122435_863625,2021-06-01,600755.SH,1000,0,159.285357,157.82052,-1464.837,1
20260816_122435_863625,2021-06-01,600663.SH,1100,0,154.718796,155.1888,517.0044,1
20260816_122435_863625,2021-06-01,601010.SH,11200,0,15.501486,15.5278,294.7168,1
20260816_122435_863625,2021-06-01,300305.SZ,4000,0,43.035628,45.64137,10422.968,1
20260816_122435_863625,2021-06-01,601211.SH,8700,0,20.040545,19.76758,-2374.7955,1
20260816_122435_863625,2021-06-02,600479.SH,1400,1400,122.510177,120.9866,-2133.0078,2
20260816_122435_863625,2021-06-02,000973.SZ,10300,10300,16.853384,16.98606,1366.5628,2
20260816_122435_863625,2021-06-02,002462.SZ,7100,7100,24.268484,23.92145,-2463.9414,2
20260816_122435_863625,2021-06-02,600755.SH,1000,1000,159.285357,161.19636,1911.003,2
20260816_122435_863625,2021-06-02,600663.SH,1100,1100,154.718796,165.1368,11459.8044,2
20260816_122435_863625,2021-06-02,601010.SH,11200,11200,15.501486,15.38449,-1310.3552,2
20260816_122435_863625,2021-06-02,300305.SZ,4000,4000,43.035628,45.95425,11674.488,2
20260816_122435_863625,2021-06-02,601211.SH,8700,8700,20.040545,19.55345,-4237.7265,2
20260816_122435_863625,2021-06-03,600479.SH,1400,1400,122.510177,121.9834,-737.4878,3
20260816_122435_863625,2021-06-03,000973.SZ,10300,10300,16.853384,16.67862,-1800.0692,3
20260816_122435_863625,2021-06-03,002462.SZ,7100,7100,24.268484,23.82143,-3174.0834,3
20260816_122435_863625,2021-06-03,600755.SH,1000,1000,159.285357,162.67329,3387.933,3
20260816_122435_863625,2021-06-03,600663.SH,1100,1100,154.718796,181.7168,29697.8044,3
20260816_122435_863625,2021-06-03,601010.SH,11200,11200,15.501486,15.28923,-2377.2672,3
20260816_122435_863625,2021-06-03,300305.SZ,4000,4000,43.035628,45.52404,9953.648,3
20260816_122435_863625,2021-06-03,601211.SH,8700,8700,20.040545,19.48583,-4826.0205,3
20260816_122435_863625,2021-06-04,600479.SH,1400,1400,122.510177,122.4818,-39.7278,4
20260816_122435_863625,2021-06-04,000973.SZ,10300,10300,16.853384,17.13978,2949.8788,4
20260816_122435_863625,2021-06-04,002462.SZ,7100,7100,24.268484,23.88811,-2700.6554,4
20260816_122435_863625,2021-06-04,600755.SH,1000,1000,159.285357,162.25131,2965.953,4
20260816_122435_863625,2021-06-04,600663.SH,1100,1100,154.718796,193.38912,42537.3564,4
20260816_122435_863625,2021-06-04,601010.SH,11200,11200,15.501486,15.28923,-2377.2672,4
20260816_122435_863625,2021-06-04,300305.SZ,4000,4000,43.035628,45.17205,8545.688,4
20260816_122435_863625,2021-06-04,601211.SH,8700,8700,20.040545,19.6098,-3747.4815,4
20260816_122435_863625,2021-06-07,600479.SH,1400,1400,122.510177,121.7342,-1086.3678,5
20260816_122435_863625,2021-06-07,000973.SZ,10300,10300,16.853384,17.10135,2554.0498,5
20260816_122435_863625,2021-06-07,002462.SZ,7100,7100,24.268484,23.92145,-2463.9414,5
20260816_122435_863625,2021-06-07,600755.SH,1000,1000,159.285357,161.82933,2543.973,5
20260816_122435_863625,2021-06-07,600663.SH,1100,1100,154.718796,174.02368,21235.3724,5
20260816_122435_863625,2021-06-07,601010.SH,11200,11200,15.501486,15.33686,-1843.8112,5
20260816_122435_863625,2021-06-07,300305.SZ,4000,4000,43.035628,44.89828,7450.608,5
20260816_122435_863625,2021-06-07,601211.SH,8700,8700,20.040545,19.71123,-2865.0405,5
20260816_122435_863625,2021-06-08,600479.SH,1400,1400,122.510177,121.485,-1435.2478,6
20260816_122435_863625,2021-06-08,000973.SZ,10300,10300,16.853384,16.87077,179.0758,6
20260816_122435_863625,2021-06-08,002462.SZ,7100,7100,24.268484,23.68807,-4120.9394,6
20260816_122435_863625,2021-06-08,600755.SH,1000,1000,159.285357,165.83814,6552.783,6
20260816_122435_863625,2021-06-08,600663.SH,1100,1100,154.718796,191.39952,40348.7964,6
20260816_122435_863625,2021-06-08,601010.SH,11200,11200,15.501486,15.7179,2423.8368,6
20260816_122435_863625,2021-06-08,300305.SZ,4000,4000,43.035628,43.99875,3852.488,6
20260816_122435_863625,2021-06-08,601211.SH,8700,8700,20.040545,19.69996,-2963.0895,6
20260816_122435_863625,2021-06-09,600479.SH,1400,1400,122.510177,121.2358,-1784.1278,7
20260816_122435_863625,2021-06-09,000973.SZ,10300,10300,16.853384,16.98606,1366.5628,7
20260816_122435_863625,2021-06-09,002462.SZ,7100,7100,24.268484,23.63806,-4476.0104,7
20260816_122435_863625,2021-06-09,600755.SH,1000,1000,159.285357,164.5722,5286.843,7
20260816_122435_863625,2021-06-09,600663.SH,1100,1100,154.718796,199.35792,49103.0364,7
20260816_122435_863625,2021-06-09,601010.SH,11200,11200,15.501486,15.14634,-3977.6352,7
20260816_122435_863625,2021-06-09,300305.SZ,4000,4000,43.035628,41.8477,-4751.712,7
20260816_122435_863625,2021-06-09,601211.SH,8700,8700,20.040545,19.53091,-4433.8245,7
20260816_122435_863625,2021-06-10,600479.SH,1400,1400,122.510177,120.7374,-2481.8878,8
20260816_122435_863625,2021-06-10,000973.SZ,10300,10300,16.853384,16.79391,-612.5822,8
20260816_122435_863625,2021-06-10,002462.SZ,7100,7100,24.268484,23.72141,-3884.2254,8
20260816_122435_863625,2021-06-10,600755.SH,1000,1000,159.285357,162.25131,2965.953,8
20260816_122435_863625,2021-06-10,600663.SH,1100,1100,154.718796,194.45024,43704.5884,8
20260816_122435_863625,2021-06-10,601010.SH,11200,11200,15.501486,15.52738,290.0128,8
20260816_122435_863625,2021-06-10,300305.SZ,4000,4000,43.035628,42.31702,-2874.432,8
20260816_122435_863625,2021-06-10,601211.SH,8700,8700,20.040545,19.51964,-4531.8735,8
20260816_122435_863625,2021-06-11,600479.SH,1400,1400,122.510177,120.4882,-2830.7678,9
20260816_122435_863625,2021-06-11,000973.SZ,10300,10300,16.853384,16.48647,-3779.2142,9
20260816_122435_863625,2021-06-11,002462.SZ,7100,7100,24.268484,23.62139,-4594.3674,9
20260816_122435_863625,2021-06-11,600755.SH,1000,1000,159.285357,173.22279,13937.433,9
20260816_122435_863625,2021-06-11,600663.SH,1100,1100,154.718796,187.28768,35825.7724,9
20260816_122435_863625,2021-06-11,601010.SH,11200,11200,15.501486,15.14634,-3977.6352,9
20260816_122435_863625,2021-06-11,300305.SZ,4000,4000,43.035628,41.10461,-7724.072,9
20260816_122435_863625,2021-06-11,601211.SH,8700,8700,20.040545,18.9336,-9630.4215,9
20260816_122435_863625,2021-06-15,600479.SH,1400,1400,122.510177,117.8716,-6494.0078,10
20260816_122435_863625,2021-06-15,000973.SZ,10300,10300,16.853384,16.37118,-4966.7012,10
20260816_122435_863625,2021-06-15,002462.SZ,7100,7100,24.268484,23.08795,-8381.7914,10
20260816_122435_863625,2021-06-15,600755.SH,1000,1000,159.285357,176.17665,16891.293,10
20260816_122435_863625,2021-06-15,600663.SH,1100,1100,154.718796,184.3696,32615.8844,10
20260816_122435_863625,2021-06-15,601010.SH,11200,11200,15.501486,15.38449,-1310.3552,10
20260816_122435_863625,2021-06-15,300305.SZ,4000,4000,43.035628,41.4566,-6316.112,10
20260816_122435_863625,2021-06-15,601211.SH,8700,8700,20.040545,18.9336,-9630.4215,10
20260816_122435_863625,2021-06-16,600479.SH,1400,1400,122.510177,118.37,-5796.2478,11
20260816_122435_863625,2021-06-16,000973.SZ,10300,10300,16.853384,16.25589,-6154.1882,11
20260816_122435_863625,2021-06-16,002462.SZ,7100,7100,24.268484,22.92125,-9565.3614,11
20260816_122435_863625,2021-06-16,600755.SH,1000,1000,159.285357,169.84695,10561.593,11
20260816_122435_863625,2021-06-16,600663.SH,1100,1100,154.718796,179.064,26779.7244,11
20260816_122435_863625,2021-06-16,601010.SH,11200,11200,15.501486,15.2416,-2910.7232,11
20260816_122435_863625,2021-06-16,300305.SZ,4000,4000,43.035628,42.47346,-2248.672,11
20260816_122435_863625,2021-06-16,601211.SH,8700,8700,20.040545,18.95614,-9434.3235,11
20260816_122435_863625,2021-06-17,600479.SH,1400,1400,122.510177,119.8652,-3702.9678,12
20260816_122435_863625,2021-06-17,000973.SZ,10300,10300,16.853384,16.37118,-4966.7012,12
20260816_122435_863625,2021-06-17,002462.SZ,7100,7100,24.268484,22.73788,-10867.2884,12
20260816_122435_863625,2021-06-17,600755.SH,1000,1000,159.285357,166.6821,7396.743,12
20260816_122435_863625,2021-06-17,600663.SH,1100,1100,154.718796,178.53344,26196.1084,12
20260816_122435_863625,2021-06-17,601010.SH,11200,11200,15.501486,14.7653,-8245.2832,12
20260816_122435_863625,2021-06-17,300305.SZ,4000,4000,43.035628,43.64676,2444.528,12
20260816_122435_863625,2021-06-17,601211.SH,8700,8700,20.040545,18.91106,-9826.5195,12
20260816_122435_863625,2021-06-18,600479.SH,1400,1400,122.510177,117.9962,-6319.5678,13
20260816_122435_863625,2021-06-18,000973.SZ,10300,10300,16.853384,16.5636,-2984.7752,13
20260816_122435_863625,2021-06-18,002462.SZ,7100,7100,24.268484,22.95187,-9347.9594,13
20260816_122435_863625,2021-06-18,600755.SH,1000,1000,159.285357,167.31507,8029.713,13
20260816_122435_863625,2021-06-18,600663.SH,1100,1100,154.718796,184.3696,32615.8844,13
20260816_122435_863625,2021-06-18,601010.SH,11200,11200,15.501486,14.81293,-7711.8272,13
20260816_122435_863625,2021-06-18,300305.SZ,4000,4000,43.035628,43.95964,3696.048,13
20260816_122435_863625,2021-06-18,601211.SH,8700,8700,20.040545,18.95614,-9434.3235,13
20260816_122435_863625,2021-06-21,600479.SH,1400,1400,122.510177,119.8652,-3702.9678,14
20260816_122435_863625,2021-06-21,000973.SZ,10300,10300,16.853384,16.5636,-2984.7752,14
20260816_122435_863625,2021-06-21,002462.SZ,7100,7100,24.268484,23.05441,-8619.9254,14
20260816_122435_863625,2021-06-21,600755.SH,1000,1000,159.285357,167.10408,7818.723,14
20260816_122435_863625,2021-06-21,600663.SH,1100,1100,154.718796,184.3696,32615.8844,14
20260816_122435_863625,2021-06-21,601010.SH,11200,11200,15.501486,14.95582,-6111.4592,14
20260816_122435_863625,2021-06-21,300305.SZ,4000,4000,43.035628,44.85917,7294.168,14
20260816_122435_863625,2021-06-21,601211.SH,8700,8700,20.040545,19.02376,-8846.0295,14
20260816_122435_863625,2021-06-22,600479.SH,1400,1400,122.510177,120.9866,-2133.0078,15
20260816_122435_863625,2021-06-22,000973.SZ,10300,10300,16.853384,16.7958,-593.1152,15
20260816_122435_863625,2021-06-22,002462.SZ,7100,7100,24.268484,23.00314,-8983.9424,15
20260816_122435_863625,2021-06-22,600755.SH,1000,1000,159.285357,168.15903,8873.673,15
20260816_122435_863625,2021-06-22,600663.SH,1100,1100,154.718796,179.46192,27217.4364,15
20260816_122435_863625,2021-06-22,601010.SH,11200,11200,15.501486,15.09871,-4511.0912,15
20260816_122435_863625,2021-06-22,300305.SZ,4000,4000,43.035628,44.15519,4478.248,15
20260816_122435_863625,2021-06-22,601211.SH,8700,8700,20.040545,18.96741,-9336.2745,15
20260816_122435_863625,2021-06-23,600479.SH,1400,1400,122.510177,121.6096,-1260.8078,16
20260816_122435_863625,2021-06-23,000973.SZ,10300,10300,16.853384,16.641,-2187.5552,16
20260816_122435_863625,2021-06-23,002462.SZ,7100,7100,24.268484,22.98605,-9105.2814,16
20260816_122435_863625,2021-06-23,600755.SH,1000,1000,159.285357,167.52606,8240.703,16
20260816_122435_863625,2021-06-23,600663.SH,1100,1100,154.718796,184.50224,32761.7884,16
20260816_122435_863625,2021-06-23,601010.SH,11200,11200,15.501486,14.95582,-6111.4592,16
20260816_122435_863625,2021-06-23,300305.SZ,4000,4000,43.035628,46.42357,13551.768,16
20260816_122435_863625,2021-06-23,601211.SH,8700,8700,20.040545,19.06884,-8453.8335,16
20260816_122435_863625,2021-06-24,600479.SH,1400,1400,122.510177,122.4818,-39.7278,17
20260816_122435_863625,2021-06-24,000973.SZ,10300,10300,16.853384,16.4088,-4579.2152,17
20260816_122435_863625,2021-06-24,002462.SZ,7100,7100,24.268484,22.86642,-9954.6544,17
20260816_122435_863625,2021-06-24,600755.SH,1000,1000,159.285357,179.13051,19845.153,17
20260816_122435_863625,2021-06-24,600663.SH,1100,1100,154.718796,183.17584,31302.7484,17
20260816_122435_863625,2021-06-24,601010.SH,11200,11200,15.501486,15.19397,-3444.1792,17
20260816_122435_863625,2021-06-24,300305.SZ,4000,4000,43.035628,55.69264,50628.048,17
20260816_122435_863625,2021-06-24,601211.SH,8700,8700,20.040545,19.12519,-7963.5885,17
20260816_122435_863625,2021-06-25,600479.SH,1400,1400,122.510177,118.59705,-5478.3778,18
20260816_122435_863625,2021-06-25,000973.SZ,10300,10300,16.853384,16.7184,-1390.3352,18
20260816_122435_863625,2021-06-25,002462.SZ,7100,7100,24.268484,23.03732,-8741.2644,18
20260816_122435_863625,2021-06-25,600755.SH,1000,1000,159.285357,174.27774,14992.383,18
20260816_122435_863625,2021-06-25,600663.SH,1100,1100,154.718796,187.6856,36263.4844,18
20260816_122435_863625,2021-06-25,601010.SH,11200,11200,15.501486,15.52738,290.0128,18
20260816_122435_863625,2021-06-25,300305.SZ,4000,4000,43.035628,56.00552,51879.568,18
20260816_122435_863625,2021-06-25,601211.SH,8700,8700,20.040545,19.45202,-5120.1675,18
20260816_122435_863625,2021-06-28,600479.SH,1400,1400,122.510177,119.15189,-4701.6018,19
20260816_122435_863625,2021-06-28,000973.SZ,10300,10300,16.853384,16.8345,-194.5052,19
20260816_122435_863625,2021-06-28,002462.SZ,7100,7100,24.268484,23.03732,-8741.2644,19
20260816_122435_863625,2021-06-28,600755.SH,1000,1000,159.285357,174.69972,15414.363,19
20260816_122435_863625,2021-06-28,600663.SH,1100,1100,154.718796,183.83904,32032.2684,19
20260816_122435_863625,2021-06-28,601010.SH,11200,11200,15.501486,15.52738,290.0128,19
20260816_122435_863625,2021-06-28,300305.SZ,4000,4000,43.035628,55.9273,51566.688,19
20260816_122435_863625,2021-06-28,601211.SH,8700,8700,20.040545,19.3844,-5708.4615,19
20260816_122435_863625,2021-06-29,600479.SH,1400,1400,122.510177,117.48737,-7031.9298,20
20260816_122435_863625,2021-06-29,000973.SZ,10300,10300,16.853384,16.4475,-4180.6052,20
20260816_122435_863625,2021-06-29,002462.SZ,7100,7100,24.268484,22.88351,-9833.3154,20
20260816_122435_863625,2021-06-29,600755.SH,1000,1000,159.285357,173.43378,14148.423,20
20260816_122435_863625,2021-06-29,600663.SH,1100,1100,154.718796,174.28896,21527.1804,20
20260816_122435_863625,2021-06-29,601010.SH,11200,11200,15.501486,15.52738,290.0128,20
20260816_122435_863625,2021-06-29,300305.SZ,4000,4000,43.035628,58.07835,60170.888,20
20260816_122435_863625,2021-06-29,601211.SH,8700,8700,20.040545,19.28297,-6590.9025,20
20260816_122435_863625,2021-06-30,600479.SH,1400,1400,122.510177,123.4519,1318.4122,21
20260816_122435_863625,2021-06-30,000973.SZ,10300,10300,16.853384,16.7184,-1390.3352,21
20260816_122435_863625,2021-06-30,002462.SZ,7100,7100,24.268484,22.95187,-9347.9594,21
20260816_122435_863625,2021-06-30,600755.SH,1000,1000,159.285357,173.22279,13937.433,21
20260816_122435_863625,2021-06-30,600663.SH,1100,1100,154.718796,176.67648,24153.4524,21
20260816_122435_863625,2021-06-30,601010.SH,11200,11200,15.501486,15.33686,-1843.8112,21
20260816_122435_863625,2021-06-30,300305.SZ,4000,4000,43.035628,62.53689,78005.048,21
20260816_122435_863625,2021-06-30,601211.SH,8700,8700,20.040545,19.31678,-6296.7555,21
20260816_122435_863625,2021-07-01,600479.SH,1400,1400,122.510177,131.08095,11999.0822,22
20260816_122435_863625,2021-07-01,000973.SZ,10300,10300,16.853384,16.3314,-5376.4352,22
20260816_122435_863625,2021-07-01,002462.SZ,7100,7100,24.268484,23.2424,-7285.1964,22
20260816_122435_863625,2021-07-01,600755.SH,1000,1000,159.285357,169.84695,10561.593,22
20260816_122435_863625,2021-07-01,600663.SH,1100,1100,154.718796,179.46192,27217.4364,22
20260816_122435_863625,2021-07-01,601010.SH,11200,11200,15.501486,15.76553,2957.2928,22
20260816_122435_863625,2021-07-01,300305.SZ,4000,4000,43.035628,59.17343,64551.208,22
20260816_122435_863625,2021-07-01,601211.SH,8700,8700,20.040545,19.17027,-7571.3925,22
20260816_122435_863625,2021-07-02,600479.SH,1400,1400,122.510177,126.78094,5979.0682,23
20260816_122435_863625,2021-07-02,000973.SZ,10300,10300,16.853384,16.0992,-7768.0952,23
20260816_122435_863625,2021-07-02,002462.SZ,7100,7100,24.268484,22.98605,-9105.2814,23
20260816_122435_863625,2021-07-02,600755.SH,1000,1000,159.285357,169.00299,9717.633,23
20260816_122435_863625,2021-07-02,600663.SH,1100,1100,154.718796,183.30848,31448.6524,23
20260816_122435_863625,2021-07-02,601010.SH,11200,11200,15.501486,15.7179,2423.8368,23
20260816_122435_863625,2021-07-02,300305.SZ,4000,4000,43.035628,60.73783,70808.808,23
20260816_122435_863625,2021-07-02,601211.SH,8700,8700,20.040545,18.75328,-11199.2055,23
20260816_122435_863625,2021-07-05,600479.SH,1400,1400,122.510177,124.28416,2483.5762,24
20260816_122435_863625,2021-07-05,000973.SZ,10300,10300,16.853384,16.1379,-7369.4852,24
20260816_122435_863625,2021-07-05,002462.SZ,7100,7100,24.268484,22.79806,-10440.0104,24
20260816_122435_863625,2021-07-05,600755.SH,1000,1000,159.285357,169.45445,10169.093,24
20260816_122435_863625,2021-07-05,600663.SH,1100,1100,154.718796,185.29808,33637.2124,24
20260816_122435_863625,2021-07-05,601010.SH,11200,11200,15.501486,15.43212,-776.8992,24
20260816_122435_863625,2021-07-05,300305.SZ,4000,4000,43.035628,64.37506,85357.728,24
20260816_122435_863625,2021-07-05,601211.SH,8700,8700,20.040545,18.78709,-10905.0585,24
20260816_122435_863625,2021-07-06,600479.SH,1400,1400,122.510177,120.81641,-2371.2738,25
20260816_122435_863625,2021-07-06,000973.SZ,10300,10300,16.853384,16.3314,-5376.4352,25
20260816_122435_863625,2021-07-06,002462.SZ,7100,7100,24.268484,22.57589,-12017.4174,25
20260816_122435_863625,2021-07-06,600755.SH,1000,1000,159.285357,173.48375,14198.393,25
20260816_122435_863625,2021-07-06,600663.SH,1100,1100,154.718796,183.57376,31740.4604,25
20260816_122435_863625,2021-07-06,601010.SH,11200,11200,15.501486,14.90819,-6644.9152,25
20260816_122435_863625,2021-07-06,300305.SZ,4000,4000,43.035628,64.88349,87391.448,25
20260816_122435_863625,2021-07-06,601211.SH,8700,8700,20.040545,18.88852,-10022.6175,25
20260816_122435_863625,2021-07-07,600479.SH,1400,1400,122.510177,119.98415,-3536.4378,26
20260816_122435_863625,2021-07-07,000973.SZ,10300,10300,16.853384,17.1054,2595.7648,26
20260816_122435_863625,2021-07-07,002462.SZ,7100,7100,24.268484,22.61007,-11774.7394,26
20260816_122435_863625,2021-07-07,600755.SH,1000,1000,159.285357,177.7369,18451.543,26
20260816_122435_863625,2021-07-07,600663.SH,1100,1100,154.718796,182.51264,30573.2284,26
20260816_122435_863625,2021-07-07,601010.SH,11200,11200,15.501486,15.95605,5091.1168,26
20260816_122435_863625,2021-07-07,300305.SZ,4000,4000,43.035628,64.1404,84419.088,26
20260816_122435_863625,2021-07-07,601211.SH,8700,8700,20.040545,18.83217,-10512.8625,26
20260816_122435_863625,2021-07-08,600479.SH,1400,1400,122.510177,117.62608,-6837.7358,27
20260816_122435_863625,2021-07-08,000973.SZ,10300,10300,16.853384,17.415,5784.6448,27
20260816_122435_863625,2021-07-08,002462.SZ,7100,7100,24.268484,22.28536,-14080.1804,27
20260816_122435_863625,2021-07-08,600755.SH,1000,1000,159.285357,174.603,15317.643,27
20260816_122435_863625,2021-07-08,600663.SH,1100,1100,154.718796,182.64528,30719.1324,27
20260816_122435_863625,2021-07-08,601010.SH,11200,11200,15.501486,15.2416,-2910.7232,27
20260816_122435_863625,2021-07-08,300305.SZ,4000,4000,43.035628,62.81066,79100.128,27
20260816_122435_863625,2021-07-08,601211.SH,8700,8700,20.040545,18.67439,-11885.5485,27
20260816_122435_863625,2021-07-09,600479.SH,1400,1400,122.510177,118.31963,-5866.7658,28
20260816_122435_863625,2021-07-09,000973.SZ,10300,10300,16.853384,17.9955,11763.7948,28
20260816_122435_863625,2021-07-09,002462.SZ,7100,7100,24.268484,22.40499,-13230.8074,28
20260816_122435_863625,2021-07-09,600755.SH,1000,1000,159.285357,173.7076,14422.243,28
20260816_122435_863625,2021-07-09,600663.SH,1100,1100,154.718796,185.43072,33783.1164,28
20260816_122435_863625,2021-07-09,601010.SH,11200,11200,15.501486,15.05108,-5044.5472,28
20260816_122435_863625,2021-07-09,300305.SZ,4000,4000,43.035628,64.25773,84888.408,28
20260816_122435_863625,2021-07-09,601211.SH,8700,8700,20.040545,18.76455,-11101.1565,28
20260816_122435_863625,2021-07-12,600479.SH,1400,1400,122.510177,118.04221,-6255.1538,29
20260816_122435_863625,2021-07-12,000973.SZ,10300,10300,16.853384,17.7246,8973.5248,29
20260816_122435_863625,2021-07-12,002462.SZ,7100,7100,24.268484,22.67843,-11289.3834,29
20260816_122435_863625,2021-07-12,600755.SH,1000,1000,159.285357,174.1553,14869.943,29
20260816_122435_863625,2021-07-12,600663.SH,1100,1100,154.718796,185.0328,33345.4044,29
20260816_122435_863625,2021-07-12,601010.SH,11200,11200,15.501486,15.00345,-5578.0032,29
20260816_122435_863625,2021-07-12,300305.SZ,4000,4000,43.035628,66.40878,93492.608,29
20260816_122435_863625,2021-07-12,601211.SH,8700,8700,20.040545,19.00122,-9042.1275,29
20260816_122435_863625,2021-07-13,600479.SH,1400,1400,122.510177,117.9035,-6449.3478,30
20260816_122435_863625,2021-07-13,000973.SZ,10300,10300,16.853384,17.7246,8973.5248,30
20260816_122435_863625,2021-07-13,002462.SZ,7100,7100,24.268484,22.67843,-11289.3834,30
20260816_122435_863625,2021-07-13,600755.SH,1000,1000,159.285357,174.37915,15093.793,30
20260816_122435_863625,2021-07-13,600663.SH,1100,1100,154.718796,203.33712,53480.1564,30
20260816_122435_863625,2021-07-13,601010.SH,11200,11200,15.501486,15.09871,-4511.0912,30
20260816_122435_863625,2021-07-13,300305.SZ,4000,4000,43.035628,62.41956,77535.728,30
20260816_122435_863625,2021-07-13,601211.SH,8700,8700,20.040545,18.96741,-9336.2745,30
20260816_122435_863625,2021-07-14,600479.SH,1400,1400,122.510177,118.59705,-5478.3778,31
20260816_122435_863625,2021-07-14,000973.SZ,10300,10300,16.853384,18.4599,16547.1148,31
20260816_122435_863625,2021-07-14,002462.SZ,7100,7100,24.268484,22.59298,-11896.0784,31
20260816_122435_863625,2021-07-14,600755.SH,1000,1000,159.285357,177.96075,18675.393,31
20260816_122435_863625,2021-07-14,600663.SH,1100,1100,154.718796,196.3072,45747.2444,31
20260816_122435_863625,2021-07-14,601010.SH,11200,11200,15.501486,14.95582,-6111.4592,31
20260816_122435_863625,2021-07-14,300305.SZ,4000,4000,43.035628,62.84977,79256.568,31
20260816_122435_863625,2021-07-14,601211.SH,8700,8700,20.040545,18.71947,-11493.3525,31
20260816_122435_863625,2021-07-15,600479.SH,1400,1400,122.510177,119.01318,-4895.7958,32
20260816_122435_863625,2021-07-15,000973.SZ,10300,10300,16.853384,18.1503,13358.2348,32
20260816_122435_863625,2021-07-15,002462.SZ,7100,7100,24.268484,22.84933,-10075.9934,32
20260816_122435_863625,2021-07-15,600755.SH,1000,1000,159.285357,179.9754,20690.043,32
20260816_122435_863625,2021-07-15,600663.SH,1100,1100,154.718796,208.51008,59170.4124,32
20260816_122435_863625,2021-07-15,601010.SH,11200,11200,15.501486,14.71767,-8778.7392,32
20260816_122435_863625,2021-07-15,300305.SZ,4000,4000,43.035628,63.3582,81290.288,32
20260816_122435_863625,2021-07-15,601211.SH,8700,8700,20.040545,18.94487,-9532.3725,32
20260816_122435_863625,2021-07-16,600479.SH,1400,1400,122.510177,120.12286,-3342.2438,33
20260816_122435_863625,2021-07-16,000973.SZ,10300,10300,16.853384,18.4212,16148.5048,33
20260816_122435_863625,2021-07-16,002462.SZ,7100,7100,24.268484,22.62716,-11653.4004,33
20260816_122435_863625,2021-07-16,600755.SH,1000,1000,159.285357,185.7955,26510.143,33
20260816_122435_863625,2021-07-16,600663.SH,1100,1100,154.718796,192.328,41370.1244,33
20260816_122435_863625,2021-07-16,601010.SH,11200,11200,15.501486,14.67004,-9312.1952,33
20260816_122435_863625,2021-07-16,300305.SZ,4000,4000,43.035628,63.98396,83793.328,33
20260816_122435_863625,2021-07-16,601211.SH,8700,8700,20.040545,19.18154,-7473.3435,33
20260816_122435_863625,2021-07-19,600479.SH,1400,1400,122.510177,124.28416,2483.5762,34
20260816_122435_863625,2021-07-19,000973.SZ,10300,10300,16.853384,18.3051,14952.6748,34
20260816_122435_863625,2021-07-19,002462.SZ,7100,7100,24.268484,22.7297,-10925.3664,34
20260816_122435_863625,2021-07-19,600755.SH,1000,1000,159.285357,180.8708,21585.443,34
20260816_122435_863625,2021-07-19,600663.SH,1100,1100,154.718796,173.7584,20943.5644,34
20260816_122435_863625,2021-07-19,601010.SH,11200,11200,15.501486,14.62241,-9845.6512,34
20260816_122435_863625,2021-07-19,300305.SZ,4000,4000,43.035628,63.3582,81290.288,34
20260816_122435_863625,2021-07-19,601211.SH,8700,8700,20.040545,19.30551,-6394.8045,34
20260816_122435_863625,2021-07-20,600479.SH,1400,1400,122.510177,123.03577,735.8302,35
20260816_122435_863625,2021-07-20,000973.SZ,10300,10300,16.853384,18.3438,15351.2848,35
20260816_122435_863625,2021-07-20,002462.SZ,7100,7100,24.268484,22.57589,-12017.4174,35
20260816_122435_863625,2021-07-20,600755.SH,1000,1000,159.285357,175.4984,16213.043,35
20260816_122435_863625,2021-07-20,600663.SH,1100,1100,154.718796,171.23824,18171.3884,35
20260816_122435_863625,2021-07-20,601010.SH,11200,11200,15.501486,14.7653,-8245.2832,35
20260816_122435_863625,2021-07-20,300305.SZ,4000,4000,43.035628,65.90035,91458.888,35
20260816_122435_863625,2021-07-20,601211.SH,8700,8700,20.040545,19.21535,-7179.1965,35
20260816_122435_863625,2021-07-21,600479.SH,1400,1400,122.510177,123.59061,1512.6062,36
20260816_122435_863625,2021-07-21,000973.SZ,10300,10300,16.853384,18.5373,17344.3348,36
20260816_122435_863625,2021-07-21,002462.SZ,7100,7100,24.268484,22.43917,-12988.1294,36
20260816_122435_863625,2021-07-21,600755.SH,1000,1000,159.285357,175.27455,15989.193,36
20260816_122435_863625,2021-07-21,600663.SH,1100,1100,154.718796,169.24864,15982.8284,36
20260816_122435_863625,2021-07-21,601010.SH,11200,11200,15.501486,14.62241,-9845.6512,36
20260816_122435_863625,2021-07-21,300305.SZ,4000,4000,43.035628,64.96171,87704.328,36
20260816_122435_863625,2021-07-21,601211.SH,8700,8700,20.040545,19.33932,-6100.6575,36
20260816_122435_863625,2021-07-22,600479.SH,1400,1400,122.510177,121.23254,-1788.6918,37
20260816_122435_863625,2021-07-22,000973.SZ,10300,10300,16.853384,18.8469,20533.2148,37
20260816_122435_863625,2021-07-22,002462.SZ,7100,7100,24.268484,22.45626,-12866.7904,37
20260816_122435_863625,2021-07-22,600755.SH,1000,1000,159.285357,176.16995,16884.593,37
20260816_122435_863625,2021-07-22,600663.SH,1100,1100,154.718796,171.23824,18171.3884,37
20260816_122435_863625,2021-07-22,601010.SH,11200,11200,15.501486,14.67004,-9312.1952,37
20260816_122435_863625,2021-07-22,300305.SZ,4000,4000,43.035628,69.57669,106164.248,37
20260816_122435_863625,2021-07-22,601211.SH,8700,8700,20.040545,19.47456,-4924.0695,37
20260816_122435_863625,2021-07-23,600479.SH,1400,1400,122.510177,120.26157,-3148.0498,38
20260816_122435_863625,2021-07-23,000973.SZ,10300,10300,16.853384,18.6921,18938.7748,38
20260816_122435_863625,2021-07-23,002462.SZ,7100,7100,24.268484,22.16573,-14929.5534,38
20260816_122435_863625,2021-07-23,600755.SH,1000,1000,159.285357,173.7076,14422.243,38
20260816_122435_863625,2021-07-23,600663.SH,1100,1100,154.718796,164.87152,11167.9964,38
20260816_122435_863625,2021-07-23,601010.SH,11200,11200,15.501486,14.47952,-11446.0192,38
20260816_122435_863625,2021-07-23,300305.SZ,4000,4000,43.035628,63.67108,82541.808,38
20260816_122435_863625,2021-07-23,601211.SH,8700,8700,20.040545,19.55345,-4237.7265,38
20260816_122435_863625,2021-07-26,600479.SH,1400,1400,122.510177,117.62608,-6837.7358,39
20260816_122435_863625,2021-07-26,000973.SZ,10300,10300,16.853384,18.189,13756.8448,39
20260816_122435_863625,2021-07-26,002462.SZ,7100,7100,24.268484,22.08028,-15536.2484,39
20260816_122435_863625,2021-07-26,600755.SH,1000,1000,159.285357,168.11135,8825.993,39
20260816_122435_863625,2021-07-26,600663.SH,1100,1100,154.718796,161.8208,7812.2044,39
20260816_122435_863625,2021-07-26,601010.SH,11200,11200,15.501486,14.19374,-14646.7552,39
20260816_122435_863625,2021-07-26,300305.SZ,4000,4000,43.035628,62.41956,77535.728,39
20260816_122435_863625,2021-07-26,601211.SH,8700,8700,20.040545,18.97868,-9238.2255,39
20260816_122435_863625,2021-07-27,600479.SH,1400,1400,122.510177,114.85188,-10721.6158,40
20260816_122435_863625,2021-07-27,000973.SZ,10300,10300,16.853384,17.8794,10567.9648,40
20260816_122435_863625,2021-07-27,002462.SZ,7100,7100,24.268484,21.89229,-16870.9774,40
20260816_122435_863625,2021-07-27,600755.SH,1000,1000,159.285357,160.7243,1438.943,40
20260816_122435_863625,2021-07-27,600663.SH,1100,1100,154.718796,155.852,1246.5244,40
20260816_122435_863625,2021-07-27,601010.SH,11200,11200,15.501486,14.14611,-15180.2112,40
20260816_122435_863625,2021-07-27,300305.SZ,4000,4000,43.035628,60.11207,68305.768,40
20260816_122435_863625,2021-07-27,601211.SH,8700,8700,20.040545,18.61804,-12375.7935,40
20260816_122435_863625,2021-07-28,600479.SH,1400,1400,122.510177,113.04865,-13246.1378,41
20260816_122435_863625,2021-07-28,000973.SZ,10300,10300,16.853384,16.9506,1001.3248,41
20260816_122435_863625,2021-07-28,002462.SZ,7100,7100,24.268484,21.49922,-19661.7744,41
20260816_122435_863625,2021-07-28,600755.SH,1000,1000,159.285357,157.36655,-1918.807,41
20260816_122435_863625,2021-07-28,600663.SH,1100,1100,154.718796,153.1992,-1671.5556,41
20260816_122435_863625,2021-07-28,601010.SH,11200,11200,15.501486,13.90796,-17847.4912,41
20260816_122435_863625,2021-07-28,300305.SZ,4000,4000,43.035628,60.26851,68931.528,41
20260816_122435_863625,2021-07-28,601211.SH,8700,8700,20.040545,18.46026,-13748.4795,41
20260816_122435_863625,2021-07-29,600479.SH,1400,1400,122.510177,113.32607,-12857.7498,42
20260816_122435_863625,2021-07-29,000973.SZ,10300,10300,16.853384,18.0342,12162.4048,42
20260816_122435_863625,2021-07-29,002462.SZ,7100,7100,24.268484,21.61885,-18812.4014,42
20260816_122435_863625,2021-07-29,600755.SH,1000,1000,159.285357,159.60505,319.693,42
20260816_122435_863625,2021-07-29,600663.SH,1100,1100,154.718796,154.5256,-212.5156,42
20260816_122435_863625,2021-07-29,601010.SH,11200,11200,15.501486,13.90796,-17847.4912,42
20260816_122435_863625,2021-07-29,300305.SZ,4000,4000,43.035628,61.7938,75032.688,42
20260816_122435_863625,2021-07-29,601211.SH,8700,8700,20.040545,18.47153,-13650.4305,42
20260816_122435_863625,2021-07-30,600479.SH,1400,1400,122.510177,113.88091,-12080.9738,43
20260816_122435_863625,2021-07-30,000973.SZ,10300,10300,16.853384,18.1503,13358.2348,43
20260816_122435_863625,2021-07-30,002462.SZ,7100,7100,24.268484,21.7043,-18205.7064,43
20260816_122435_863625,2021-07-30,600755.SH,1000,1000,159.285357,158.9335,-351.857,43
20260816_122435_863625,2021-07-30,600663.SH,1100,1100,154.718796,153.99504,-796.1316,43
20260816_122435_863625,2021-07-30,601010.SH,11200,11200,15.501486,13.86033,-18380.9472,43
20260816_122435_863625,2021-07-30,300305.SZ,4000,4000,43.035628,63.55375,82072.488,43
20260816_122435_863625,2021-07-30,601211.SH,8700,8700,20.040545,18.29121,-15219.2145,43
20260816_122435_863625,2021-08-02,600479.SH,1400,1400,122.510177,115.26801,-10139.0338,44
20260816_122435_863625,2021-08-02,000973.SZ,10300,10300,16.853384,18.6534,18540.1648,44
20260816_122435_863625,2021-08-02,002462.SZ,7100,7100,24.268484,21.77266,-17720.3504,44
20260816_122435_863625,2021-08-02,600755.SH,1000,1000,159.285357,163.18665,3901.293,44
20260816_122435_863625,2021-08-02,600663.SH,1100,1100,154.718796,153.99504,-796.1316,44
20260816_122435_863625,2021-08-02,601010.SH,11200,11200,15.501486,13.95559,-17314.0352,44
20260816_122435_863625,2021-08-02,300305.SZ,4000,4000,43.035628,63.47553,81759.608,44
20260816_122435_863625,2021-08-02,601211.SH,8700,8700,20.040545,18.69693,-11689.4505,44
20260816_122435_863625,2021-08-03,600479.SH,1400,1400,122.510177,115.26801,-10139.0338,45
20260816_122435_863625,2021-08-03,000973.SZ,10300,10300,16.853384,18.5373,17344.3348,45
20260816_122435_863625,2021-08-03,002462.SZ,7100,7100,24.268484,22.0461,-15778.9264,45
20260816_122435_863625,2021-08-03,600755.SH,1000,1000,159.285357,162.29125,3005.893,45
20260816_122435_863625,2021-08-03,600663.SH,1100,1100,154.718796,153.33184,-1525.6516,45
20260816_122435_863625,2021-08-03,601010.SH,11200,11200,15.501486,14.00322,-16780.5792,45
20260816_122435_863625,2021-08-03,300305.SZ,4000,4000,43.035628,64.80527,87078.568,45
20260816_122435_863625,2021-08-03,601211.SH,8700,8700,20.040545,18.73074,-11395.3035,45
20260816_122435_863625,2021-08-04,600479.SH,1400,1400,122.510177,115.1293,-10333.2278,46
20260816_122435_863625,2021-08-04,000973.SZ,10300,10300,16.853384,19.0404,22526.2648,46
20260816_122435_863625,2021-08-04,002462.SZ,7100,7100,24.268484,21.99483,-16142.9434,46
20260816_122435_863625,2021-08-04,600755.SH,1000,1000,159.285357,161.6197,2334.343,46
20260816_122435_863625,2021-08-04,600663.SH,1100,1100,154.718796,152.93392,-1963.3636,46
20260816_122435_863625,2021-08-04,601010.SH,11200,11200,15.501486,13.95559,-17314.0352,46
20260816_122435_863625,2021-08-04,300305.SZ,4000,4000,43.035628,67.62119,98342.248,46
20260816_122435_863625,2021-08-04,601211.SH,8700,8700,20.040545,18.62931,-12277.7445,46
20260816_122435_863625,2021-08-05,600479.SH,1400,1400,122.510177,114.01962,-11886.7798,47
20260816_122435_863625,2021-08-05,000973.SZ,10300,10300,16.853384,18.963,21729.0448,47
20260816_122435_863625,2021-08-05,002462.SZ,7100,7100,24.268484,21.80684,-17477.6724,47
20260816_122435_863625,2021-08-05,600755.SH,1000,1000,159.285357,158.70965,-575.707,47
20260816_122435_863625,2021-08-05,600663.SH,1100,1100,154.718796,151.34224,-3714.2116,47
20260816_122435_863625,2021-08-05,601010.SH,11200,11200,15.501486,13.95559,-17314.0352,47
20260816_122435_863625,2021-08-05,300305.SZ,4000,4000,43.035628,63.12354,80351.648,47
20260816_122435_863625,2021-08-05,601211.SH,8700,8700,20.040545,18.4828,-13552.3815,47
20260816_122435_863625,2021-08-06,600479.SH,1400,1400,122.510177,112.90994,-13440.3318,48
20260816_122435_863625,2021-08-06,000973.SZ,10300,10300,16.853384,19.1178,23323.4848,48
20260816_122435_863625,2021-08-06,002462.SZ,7100,7100,24.268484,21.7043,-18205.7064,48
20260816_122435_863625,2021-08-06,600755.SH,1000,1000,159.285357,159.60505,319.693,48
20260816_122435_863625,2021-08-06,600663.SH,1100,1100,154.718796,150.28112,-4881.4436,48
20260816_122435_863625,2021-08-06,601010.SH,11200,11200,15.501486,13.8127,-18914.4032,48
20260816_122435_863625,2021-08-06,300305.SZ,4000,4000,43.035628,61.16804,72529.648,48
20260816_122435_863625,2021-08-06,601211.SH,8700,8700,20.040545,18.4828,-13552.3815,48
20260816_122435_863625,2021-08-09,600479.SH,1400,1400,122.510177,113.60349,-12469.3618,49
20260816_122435_863625,2021-08-09,000973.SZ,10300,10300,16.853384,18.8082,20134.6048,49
20260816_122435_863625,2021-08-09,002462.SZ,7100,7100,24.268484,22.08028,-15536.2484,49
20260816_122435_863625,2021-08-09,600755.SH,1000,1000,159.285357,166.5444,7259.043,49
20260816_122435_863625,2021-08-09,600663.SH,1100,1100,154.718796,152.40336,-2546.9796,49
20260816_122435_863625,2021-08-09,601010.SH,11200,11200,15.501486,14.00322,-16780.5792,49
20260816_122435_863625,2021-08-09,300305.SZ,4000,4000,43.035628,61.16804,72529.648,49
20260816_122435_863625,2021-08-09,601211.SH,8700,8700,20.040545,18.79836,-10807.0095,49
20260816_122435_863625,2021-08-10,600479.SH,1400,1400,122.510177,113.88091,-12080.9738,50
20260816_122435_863625,2021-08-10,000973.SZ,10300,10300,16.853384,18.8082,20134.6048,50
20260816_122435_863625,2021-08-10,002462.SZ,7100,7100,24.268484,22.06319,-15657.5874,50
20260816_122435_863625,2021-08-10,600755.SH,1000,1000,159.285357,165.2013,5915.943,50
20260816_122435_863625,2021-08-10,600663.SH,1100,1100,154.718796,153.46448,-1379.7476,50
20260816_122435_863625,2021-08-10,601010.SH,11200,11200,15.501486,14.05085,-16247.1232,50
20260816_122435_863625,2021-08-10,300305.SZ,4000,4000,43.035628,66.79988,95057.008,50
20260816_122435_863625,2021-08-10,601211.SH,8700,8700,20.040545,18.9336,-9630.4215,50
20260816_122435_863625,2021-08-11,600479.SH,1400,1400,122.510177,112.90994,-13440.3318,51
20260816_122435_863625,2021-08-11,000973.SZ,10300,10300,16.853384,19.5048,27309.5848,51
20260816_122435_863625,2021-08-11,002462.SZ,7100,7100,24.268484,22.0461,-15778.9264,51
20260816_122435_863625,2021-08-11,600755.SH,1000,1000,159.285357,167.66365,8378.293,51
20260816_122435_863625,2021-08-11,600663.SH,1100,1100,154.718796,155.1888,517.0044,51
20260816_122435_863625,2021-08-11,601010.SH,11200,11200,15.501486,14.05085,-16247.1232,51
20260816_122435_863625,2021-08-11,300305.SZ,4000,4000,43.035628,67.97318,99750.208,51
20260816_122435_863625,2021-08-11,601211.SH,8700,8700,20.040545,18.9336,-9630.4215,51
20260816_122435_863625,2021-08-12,600479.SH,1400,1400,122.510177,113.18736,-13051.9438,52
20260816_122435_863625,2021-08-12,000973.SZ,10300,10300,16.853384,19.8531,30897.0748,52
20260816_122435_863625,2021-08-12,002462.SZ,7100,7100,24.268484,21.96065,-16385.6214,52
20260816_122435_863625,2021-08-12,600755.SH,1000,1000,159.285357,167.4398,8154.443,52
20260816_122435_863625,2021-08-12,600663.SH,1100,1100,154.718796,156.24992,1684.2364,52
20260816_122435_863625,2021-08-12,601010.SH,11200,11200,15.501486,13.95559,-17314.0352,52
20260816_122435_863625,2021-08-12,300305.SZ,4000,4000,43.035628,76.42094,133541.248,52
20260816_122435_863625,2021-08-12,601211.SH,8700,8700,20.040545,18.97868,-9238.2255,52
20260816_122435_863625,2021-08-13,600479.SH,1400,1400,122.510177,113.18736,-13051.9438,53
20260816_122435_863625,2021-08-13,000973.SZ,10300,10300,16.853384,19.9692,32092.9048,53
20260816_122435_863625,2021-08-13,002462.SZ,7100,7100,24.268484,21.85811,-17113.6554,53
20260816_122435_863625,2021-08-13,600755.SH,1000,1000,159.285357,169.00675,9721.393,53
20260816_122435_863625,2021-08-13,600663.SH,1100,1100,154.718796,158.37216,4018.7004,53
20260816_122435_863625,2021-08-13,601010.SH,11200,11200,15.501486,13.95559,-17314.0352,53
20260816_122435_863625,2021-08-13,300305.SZ,4000,4000,43.035628,75.0912,128222.288,53
20260816_122435_863625,2021-08-13,601211.SH,8700,8700,20.040545,18.98995,-9140.1765,53
20260816_122435_863625,2021-08-16,600479.SH,1400,1400,122.510177,113.88091,-12080.9738,54
20260816_122435_863625,2021-08-16,000973.SZ,10300,10300,16.853384,19.3113,25316.5348,54
20260816_122435_863625,2021-08-16,002462.SZ,7100,7100,24.268484,21.99483,-16142.9434,54
20260816_122435_863625,2021-08-16,600755.SH,1000,1000,159.285357,169.90215,10616.793,54
20260816_122435_863625,2021-08-16,600663.SH,1100,1100,154.718796,158.23952,3872.7964,54
20260816_122435_863625,2021-08-16,601010.SH,11200,11200,15.501486,14.05085,-16247.1232,54
20260816_122435_863625,2021-08-16,300305.SZ,4000,4000,43.035628,70.35889,109293.048,54
20260816_122435_863625,2021-08-16,601211.SH,8700,8700,20.040545,19.159,-7669.4415,54
20260816_122435_863625,2021-08-17,600479.SH,1400,1400,122.510177,112.3551,-14217.1078,55
20260816_122435_863625,2021-08-17,000973.SZ,10300,10300,16.853384,18.9243,21330.4348,55
20260816_122435_863625,2021-08-17,002462.SZ,7100,7100,24.268484,21.80684,-17477.6724,55
20260816_122435_863625,2021-08-17,600755.SH,1000,1000,159.285357,164.52975,5244.393,55
20260816_122435_863625,2021-08-17,600663.SH,1100,1100,154.718796,155.32144,662.9084,55
20260816_122435_863625,2021-08-17,601010.SH,11200,11200,15.501486,13.71744,-19981.3152,55
20260816_122435_863625,2021-08-17,300305.SZ,4000,4000,43.035628,63.55375,82072.488,55
20260816_122435_863625,2021-08-17,601211.SH,8700,8700,20.040545,19.0463,-8649.9315,55
20260816_122435_863625,2021-08-18,600479.SH,1400,1400,122.510177,112.63252,-13828.7198,56
20260816_122435_863625,2021-08-18,000973.SZ,10300,10300,16.853384,19.4274,26512.3648,56
20260816_122435_863625,2021-08-18,002462.SZ,7100,7100,24.268484,22.09737,-15414.9094,56
20260816_122435_863625,2021-08-18,600755.SH,1000,1000,159.285357,169.00675,9721.393,56
20260816_122435_863625,2021-08-18,600663.SH,1100,1100,154.718796,156.38256,1830.1404,56
20260816_122435_863625,2021-08-18,601010.SH,11200,11200,15.501486,13.86033,-18380.9472,56
20260816_122435_863625,2021-08-18,300305.SZ,4000,4000,43.035628,63.04532,80038.768,56
20260816_122435_863625,2021-08-18,601211.SH,8700,8700,20.040545,19.99298,-413.8155,56
20260816_122435_863625,2021-08-19,600479.SH,1400,1400,122.510177,113.60349,-12469.3618,57
20260816_122435_863625,2021-08-19,000973.SZ,10300,10300,16.853384,18.9243,21330.4348,57
20260816_122435_863625,2021-08-19,002462.SZ,7100,7100,24.268484,22.18282,-14808.2144,57
20260816_122435_863625,2021-08-19,600755.SH,1000,1000,159.285357,166.76825,7482.893,57
20260816_122435_863625,2021-08-19,600663.SH,1100,1100,154.718796,153.59712,-1233.8436,57
20260816_122435_863625,2021-08-19,601010.SH,11200,11200,15.501486,13.71744,-19981.3152,57
20260816_122435_863625,2021-08-19,300305.SZ,4000,4000,43.035628,61.91113,75502.008,57
20260816_122435_863625,2021-08-19,601211.SH,8700,8700,20.040545,19.76758,-2374.7955,57
20260816_122435_863625,2021-08-20,600479.SH,1400,1400,122.510177,112.49381,-14022.9138,58
20260816_122435_863625,2021-08-20,000973.SZ,10300,10300,16.853384,18.6921,18938.7748,58
20260816_122435_863625,2021-08-20,002462.SZ,7100,7100,24.268484,21.94356,-16506.9604,58
20260816_122435_863625,2021-08-20,600755.SH,1000,1000,159.285357,167.21595,7930.593,58
20260816_122435_863625,2021-08-20,600663.SH,1100,1100,154.718796,152.93392,-1963.3636,58
20260816_122435_863625,2021-08-20,601010.SH,11200,11200,15.501486,13.62218,-21048.2272,58
20260816_122435_863625,2021-08-20,300305.SZ,4000,4000,43.035628,61.95024,75658.448,58
20260816_122435_863625,2021-08-20,601211.SH,8700,8700,20.040545,19.77636,-2298.4095,58
20260816_122435_863625,2021-08-23,600479.SH,1400,1400,122.510177,112.90994,-13440.3318,59
20260816_122435_863625,2021-08-23,000973.SZ,10300,10300,16.853384,19.0017,22127.6548,59
20260816_122435_863625,2021-08-23,002462.SZ,7100,7100,24.268484,22.13155,-15172.2314,59
20260816_122435_863625,2021-08-23,600755.SH,1000,1000,159.285357,171.69295,12407.593,59
20260816_122435_863625,2021-08-23,600663.SH,1100,1100,154.718796,152.40336,-2546.9796,59
20260816_122435_863625,2021-08-23,300305.SZ,4000,4000,43.035628,67.11276,96308.528,59
20260816_122435_863625,2021-08-23,601211.SH,8700,8700,20.040545,19.97424,-576.8535,59
20260816_122435_863625,2021-08-24,600479.SH,1400,1400,122.510177,113.88091,-12080.9738,60
20260816_122435_863625,2021-08-24,000973.SZ,10300,10300,16.853384,18.8469,20533.2148,60
20260816_122435_863625,2021-08-24,002462.SZ,7100,7100,24.268484,22.11446,-15293.5704,60
20260816_122435_863625,2021-08-24,600755.SH,1000,1000,159.285357,173.93145,14646.093,60
20260816_122435_863625,2021-08-24,600663.SH,1100,1100,154.718796,152.536,-2401.0756,60
20260816_122435_863625,2021-08-24,300305.SZ,4000,4000,43.035628,66.0959,92241.088,60
20260816_122435_863625,2021-08-24,601211.SH,8700,8700,20.040545,21.89484,16132.3665,60
20260816_122435_863625,2021-08-24,603689.SH,16800,0,10.778899,11.49168,11974.7208,1
20260816_122435_863625,2021-08-25,603689.SH,16800,16800,10.778899,11.18196,6771.4248,2
20260816_122435_863625,2021-08-26,603689.SH,16800,16800,10.778899,11.24604,7847.9688,3
20260816_122435_863625,2021-08-26,601107.SH,43600,0,4.262162,4.28328,920.7448,1
20260816_122435_863625,2021-08-26,600881.SH,1200,0,146.620884,146.4378,-219.7008,1
20260816_122435_863625,2021-08-26,601989.SH,26100,0,7.102719,7.22865,3286.7991,1
20260816_122435_863625,2021-08-26,600561.SH,14100,0,13.166361,13.48424,4482.0939,1
20260816_122435_863625,2021-08-26,002830.SZ,8500,0,21.825974,21.75696,-586.619,1
20260816_122435_863625,2021-08-26,002809.SZ,6200,0,29.971285,29.80176,-1051.055,1
20260816_122435_863625,2021-08-26,605178.SH,3300,0,55.974845,55.06195,-3012.5535,1
20260816_122435_863625,2021-08-27,603689.SH,16800,16800,10.778899,11.51304,12333.5688,4
20260816_122435_863625,2021-08-27,601107.SH,43600,43600,4.262162,4.25684,-232.0392,2
20260816_122435_863625,2021-08-27,600881.SH,1200,1200,146.620884,145.49304,-1353.4128,2
20260816_122435_863625,2021-08-27,601989.SH,26100,26100,7.102719,7.077,-671.2659,2
20260816_122435_863625,2021-08-27,600561.SH,14100,14100,13.166361,13.53996,5267.7459,2
20260816_122435_863625,2021-08-27,002830.SZ,8500,8500,21.825974,22.32072,4205.341,2
20260816_122435_863625,2021-08-27,002809.SZ,6200,6200,29.971285,30.35658,2388.829,2
20260816_122435_863625,2021-08-27,605178.SH,3300,3300,55.974845,55.1884,-2595.2685,2
20260816_122435_863625,2021-08-30,603689.SH,16800,16800,10.778899,11.35284,9642.2088,5
20260816_122435_863625,2021-08-30,601107.SH,43600,43600,4.262162,4.2304,-1384.8232,3
20260816_122435_863625,2021-08-30,600881.SH,1200,1200,146.620884,143.60352,-3620.8368,3
20260816_122435_863625,2021-08-30,601989.SH,26100,26100,7.102719,7.0096,-2430.4059,3
20260816_122435_863625,2021-08-30,600561.SH,14100,14100,13.166361,13.26136,1339.4859,3
20260816_122435_863625,2021-08-30,002830.SZ,8500,8500,21.825974,21.25584,-4846.139,3
20260816_122435_863625,2021-08-30,002809.SZ,6200,6200,29.971285,29.14126,-5146.155,3
20260816_122435_863625,2021-08-30,605178.SH,3300,3300,55.974845,55.4975,-1575.2385,3
20260816_122435_863625,2021-08-31,603689.SH,16800,16800,10.778899,11.3742,10001.0568,6
20260816_122435_863625,2021-08-31,601107.SH,43600,43600,4.262162,4.27006,344.3528,4
20260816_122435_863625,2021-08-31,600881.SH,1200,1200,146.620884,145.96542,-786.5568,4
20260816_122435_863625,2021-08-31,601989.SH,26100,26100,7.102719,7.36345,6805.0791,4
20260816_122435_863625,2021-08-31,600561.SH,14100,14100,13.166361,14.09716,13124.2659,4
20260816_122435_863625,2021-08-31,002830.SZ,8500,8500,21.825974,21.48552,-2893.859,4
20260816_122435_863625,2021-08-31,002809.SZ,6200,6200,29.971285,28.69212,-7930.823,4
20260816_122435_863625,2021-08-31,605178.SH,3300,3300,55.974845,56.15785,603.9165,4
20260816_122435_863625,2021-09-01,603689.SH,16800,16800,10.778899,11.29944,8745.0888,7
20260816_122435_863625,2021-09-01,601107.SH,43600,43600,4.262162,4.2965,1497.1368,5
20260816_122435_863625,2021-09-01,600881.SH,1200,1200,146.620884,148.7997,2614.5792,5
20260816_122435_863625,2021-09-01,601989.SH,26100,26100,7.102719,7.5825,12522.2841,5
20260816_122435_863625,2021-09-01,600561.SH,14100,14100,13.166361,13.90214,10374.4839,5
20260816_122435_863625,2021-09-01,002830.SZ,8500,8500,21.825974,22.6548,7045.021,5
20260816_122435_863625,2021-09-01,002809.SZ,6200,6200,29.971285,28.19014,-11043.099,5
20260816_122435_863625,2021-09-01,605178.SH,3300,3300,55.974845,56.762,2597.6115,5
20260816_122435_863625,2021-09-02,603689.SH,16800,16800,10.778899,11.5878,13589.5368,8
20260816_122435_863625,2021-09-02,601107.SH,43600,43600,4.262162,4.38904,5531.8808,6
20260816_122435_863625,2021-09-02,600881.SH,1200,1200,146.620884,150.21684,4315.1472,6
20260816_122435_863625,2021-09-02,601989.SH,26100,26100,7.102719,7.53195,11202.9291,6
20260816_122435_863625,2021-09-02,600561.SH,14100,14100,13.166361,14.04144,12338.6139,6
20260816_122435_863625,2021-09-02,002830.SZ,8500,8500,21.825974,22.0284,1720.621,6
20260816_122435_863625,2021-09-02,002809.SZ,6200,6200,29.971285,29.37904,-3671.919,6
20260816_122435_863625,2021-09-02,605178.SH,3300,3300,55.974845,56.29835,1067.5665,6
20260816_122435_863625,2021-09-03,603689.SH,16800,16800,10.778899,11.748,16280.8968,9
20260816_122435_863625,2021-09-03,601107.SH,43600,43600,4.262162,4.38904,5531.8808,7
20260816_122435_863625,2021-09-03,600881.SH,1200,1200,146.620884,150.21684,4315.1472,7
20260816_122435_863625,2021-09-03,601989.SH,26100,26100,7.102719,7.3129,5485.7241,7
20260816_122435_863625,2021-09-03,600561.SH,14100,14100,13.166361,13.90214,10374.4839,7
20260816_122435_863625,2021-09-03,002830.SZ,8500,8500,21.825974,21.69432,-1119.059,7
20260816_122435_863625,2021-09-03,002809.SZ,6200,6200,29.971285,29.16768,-4982.351,7
20260816_122435_863625,2021-09-03,605178.SH,3300,3300,55.974845,56.3405,1206.6615,7
20260816_122435_863625,2021-09-06,603689.SH,16800,16800,10.778899,11.83344,17716.2888,10
20260816_122435_863625,2021-09-06,601107.SH,43600,43600,4.262162,4.38904,5531.8808,8
20260816_122435_863625,2021-09-06,600881.SH,1200,1200,146.620884,149.27208,3181.4352,8
20260816_122435_863625,2021-09-06,601989.SH,26100,26100,7.102719,7.414,8124.4341,8
20260816_122435_863625,2021-09-06,600561.SH,14100,14100,13.166361,14.26432,15481.2219,8
20260816_122435_863625,2021-09-06,002830.SZ,8500,8500,21.825974,23.86584,17338.861,8
20260816_122435_863625,2021-09-06,002809.SZ,6200,6200,29.971285,29.37904,-3671.919,8
20260816_122435_863625,2021-09-06,605178.SH,3300,3300,55.974845,56.29835,1067.5665,8
20260816_122435_863625,2021-09-07,603689.SH,16800,16800,10.778899,12.08976,22022.4648,11
20260816_122435_863625,2021-09-07,601107.SH,43600,43600,4.262162,4.46836,8990.2328,9
20260816_122435_863625,2021-09-07,600881.SH,1200,1200,146.620884,149.74446,3748.2912,9
20260816_122435_863625,2021-09-07,601989.SH,26100,26100,7.102719,7.7847,17799.7041,9
20260816_122435_863625,2021-09-07,600561.SH,14100,14100,13.166361,14.2086,14695.5699,9
20260816_122435_863625,2021-09-07,002830.SZ,8500,8500,21.825974,22.968,9707.221,9
20260816_122435_863625,2021-09-07,002809.SZ,6200,6200,29.971285,29.4583,-3180.507,9
20260816_122435_863625,2021-09-07,605178.SH,3300,3300,55.974845,56.07355,325.7265,9
20260816_122435_863625,2021-09-08,603689.SH,16800,16800,10.778899,11.98296,20228.2248,12
20260816_122435_863625,2021-09-08,601107.SH,43600,43600,4.262162,4.52124,11295.8008,10
20260816_122435_863625,2021-09-08,600881.SH,1200,1200,146.620884,150.68922,4882.0032,10
20260816_122435_863625,2021-09-08,601989.SH,26100,26100,7.102719,7.83525,19119.0591,10
20260816_122435_863625,2021-09-08,600561.SH,14100,14100,13.166361,15.15584,28051.6539,10
20260816_122435_863625,2021-09-08,002830.SZ,8500,8500,21.825974,22.61304,6690.061,10
20260816_122435_863625,2021-09-08,002809.SZ,6200,6200,29.971285,30.06596,586.985,10
20260816_122435_863625,2021-09-08,605178.SH,3300,3300,55.974845,55.62395,-1157.9535,10
20260816_122435_863625,2021-09-09,603689.SH,16800,16800,10.778899,12.59172,30455.3928,13
20260816_122435_863625,2021-09-09,601107.SH,43600,43600,4.262162,4.57412,13601.3688,11
20260816_122435_863625,2021-09-09,600881.SH,1200,1200,146.620884,152.57874,7149.4272,11
20260816_122435_863625,2021-09-09,601989.SH,26100,26100,7.102719,8.0543,24836.2641,11
20260816_122435_863625,2021-09-09,600561.SH,14100,14100,13.166361,14.84938,23730.5679,11
20260816_122435_863625,2021-09-09,002830.SZ,8500,8500,21.825974,22.57128,6335.101,11
20260816_122435_863625,2021-09-09,002809.SZ,6200,6200,29.971285,31.41338,8940.989,11
20260816_122435_863625,2021-09-09,605178.SH,3300,3300,55.974845,55.65205,-1065.2235,11
20260816_122435_863625,2021-09-10,603689.SH,16800,16800,10.778899,12.1752,23457.8568,14
20260816_122435_863625,2021-09-10,601107.SH,43600,43600,4.262162,4.46836,8990.2328,12
20260816_122435_863625,2021-09-10,600881.SH,1200,1200,146.620884,154.46826,9416.8512,12
20260816_122435_863625,2021-09-10,601989.SH,26100,26100,7.102719,7.86895,19998.6291,12
20260816_122435_863625,2021-09-10,600561.SH,14100,14100,13.166361,14.43148,17838.1779,12
20260816_122435_863625,2021-09-10,002830.SZ,8500,8500,21.825974,22.09104,2253.061,12
20260816_122435_863625,2021-09-10,002809.SZ,6200,6200,29.971285,30.59436,3863.065,12
20260816_122435_863625,2021-09-10,605178.SH,3300,3300,55.974845,55.6661,-1018.8585,12
20260816_122435_863625,2021-09-13,603689.SH,16800,16800,10.778899,12.6558,31531.9368,15
20260816_122435_863625,2021-09-13,601107.SH,43600,43600,4.262162,4.66666,17636.1128,13
20260816_122435_863625,2021-09-13,600881.SH,1200,1200,146.620884,153.05112,7716.2832,13
20260816_122435_863625,2021-09-13,601989.SH,26100,26100,7.102719,8.17225,27914.7591,13
20260816_122435_863625,2021-09-13,600561.SH,14100,14100,13.166361,15.0444,26480.3499,13
20260816_122435_863625,2021-09-13,002830.SZ,8500,8500,21.825974,22.09104,2253.061,13
20260816_122435_863625,2021-09-13,002809.SZ,6200,6200,29.971285,31.06992,6811.537,13
20260816_122435_863625,2021-09-13,605178.SH,3300,3300,55.974845,57.1273,3803.1015,13
20260816_122435_863625,2021-09-14,603689.SH,16800,16800,10.778899,12.32472,25969.7928,16
20260816_122435_863625,2021-09-14,601107.SH,43600,43600,4.262162,4.53446,11872.1928,14
20260816_122435_863625,2021-09-14,600881.SH,1200,1200,146.620884,151.1616,5448.8592,14
20260816_122435_863625,2021-09-14,601989.SH,26100,26100,7.102719,7.8184,18679.2741,14
20260816_122435_863625,2021-09-14,600561.SH,14100,14100,13.166361,14.37576,17052.5259,14
20260816_122435_863625,2021-09-14,002830.SZ,8500,8500,21.825974,21.44376,-3248.819,14
20260816_122435_863625,2021-09-14,002809.SZ,6200,6200,29.971285,30.383,2552.633,14
20260816_122435_863625,2021-09-14,605178.SH,3300,3300,55.974845,57.9422,6492.2715,14
20260816_122435_863625,2021-09-15,603689.SH,16800,16800,10.778899,12.52764,29378.8488,17
20260816_122435_863625,2021-09-15,601107.SH,43600,43600,4.262162,4.54768,12448.5848,15
20260816_122435_863625,2021-09-15,600881.SH,1200,1200,146.620884,150.21684,4315.1472,15
20260816_122435_863625,2021-09-15,601989.SH,26100,26100,7.102719,7.8184,18679.2741,15
20260816_122435_863625,2021-09-15,600561.SH,14100,14100,13.166361,14.40362,17445.3519,15
20260816_122435_863625,2021-09-15,002830.SZ,8500,8500,21.825974,21.84048,123.301,15
20260816_122435_863625,2021-09-15,002809.SZ,6200,6200,29.971285,30.35658,2388.829,15
20260816_122435_863625,2021-09-15,605178.SH,3300,3300,55.974845,57.9422,6492.2715,15
20260816_122435_863625,2021-09-16,603689.SH,16800,16800,10.778899,12.77328,33505.6008,18
20260816_122435_863625,2021-09-16,601107.SH,43600,43600,4.262162,4.5609,13024.9768,16
20260816_122435_863625,2021-09-16,600881.SH,1200,1200,146.620884,151.1616,5448.8592,16
20260816_122435_863625,2021-09-16,601989.SH,26100,26100,7.102719,7.6162,13401.8541,16
20260816_122435_863625,2021-09-16,600561.SH,14100,14100,13.166361,14.45934,18231.0039,16
20260816_122435_863625,2021-09-16,002830.SZ,8500,8500,21.825974,21.77784,-409.139,16
20260816_122435_863625,2021-09-16,002809.SZ,6200,6200,29.971285,30.72646,4682.085,16
20260816_122435_863625,2021-09-16,605178.SH,3300,3300,55.974845,57.9984,6677.7315,16
20260816_122435_863625,2021-09-17,603689.SH,16800,16800,10.778899,12.7626,33326.1768,19
20260816_122435_863625,2021-09-17,601107.SH,43600,43600,4.262162,4.45514,8413.8408,17
20260816_122435_863625,2021-09-17,600881.SH,1200,1200,146.620884,147.85494,1480.8672,17
20260816_122435_863625,2021-09-17,601989.SH,26100,26100,7.102719,7.70045,15600.7791,17
20260816_122435_863625,2021-09-17,600561.SH,14100,14100,13.166361,14.12502,13517.0919,17
20260816_122435_863625,2021-09-17,002830.SZ,8500,8500,21.825974,21.42288,-3426.299,17
20260816_122435_863625,2021-09-17,002809.SZ,6200,6200,29.971285,31.67758,10579.029,17
20260816_122435_863625,2021-09-17,605178.SH,3300,3300,55.974845,59.02405,10062.3765,17
20260816_122435_863625,2021-09-22,603689.SH,16800,16800,10.778899,12.95484,36555.8088,20
20260816_122435_863625,2021-09-22,601107.SH,43600,43600,4.262162,4.61378,15330.5448,18
20260816_122435_863625,2021-09-22,600881.SH,1200,1200,146.620884,148.32732,2047.7232,18
20260816_122435_863625,2021-09-22,601989.SH,26100,26100,7.102719,8.10485,26155.6191,18
20260816_122435_863625,2021-09-22,600561.SH,14100,14100,13.166361,14.2086,14695.5699,18
20260816_122435_863625,2021-09-22,002830.SZ,8500,8500,21.825974,21.06792,-6443.459,18
20260816_122435_863625,2021-09-22,002809.SZ,6200,6200,29.971285,32.78722,17458.797,18
20260816_122435_863625,2021-09-22,605178.SH,3300,3300,55.974845,60.3307,14374.3215,18
20260816_122435_863625,2021-09-23,603689.SH,16800,16800,10.778899,12.78396,33685.0248,21
20260816_122435_863625,2021-09-23,601107.SH,43600,43600,4.262162,4.66666,17636.1128,19
20260816_122435_863625,2021-09-23,600881.SH,1200,1200,146.620884,151.63398,6015.7152,19
20260816_122435_863625,2021-09-23,601989.SH,26100,26100,7.102719,8.4587,35391.1041,19
20260816_122435_863625,2021-09-23,600561.SH,14100,14100,13.166361,14.59864,20195.1339,19
20260816_122435_863625,2021-09-23,002830.SZ,8500,8500,21.825974,22.40424,4915.261,19
20260816_122435_863625,2021-09-23,002809.SZ,6200,6200,29.971285,32.3645,14837.933,19
20260816_122435_863625,2021-09-23,605178.SH,3300,3300,55.974845,62.19935,20540.8665,19
20260816_122435_863625,2021-09-24,603689.SH,16800,16800,10.778899,12.53832,29558.2728,22
20260816_122435_863625,2021-09-24,601107.SH,43600,43600,4.262162,4.5609,13024.9768,20
20260816_122435_863625,2021-09-24,600881.SH,1200,1200,146.620884,149.74446,3748.2912,20
20260816_122435_863625,2021-09-24,601989.SH,26100,26100,7.102719,8.23965,29673.8991,20
20260816_122435_863625,2021-09-24,600561.SH,14100,14100,13.166361,14.12502,13517.0919,20
20260816_122435_863625,2021-09-24,002830.SZ,8500,8500,21.825974,21.13056,-5911.019,20
20260816_122435_863625,2021-09-24,002809.SZ,6200,6200,29.971285,30.93782,5992.517,20
20260816_122435_863625,2021-09-24,605178.SH,3300,3300,55.974845,61.0613,16785.3015,20
20260816_122435_863625,2021-09-27,603689.SH,16800,16800,10.778899,12.37812,26866.9128,23
20260816_122435_863625,2021-09-27,601107.SH,43600,43600,4.262162,4.44192,7837.4488,21
20260816_122435_863625,2021-09-27,600881.SH,1200,1200,146.620884,144.0759,-3053.9808,21
20260816_122435_863625,2021-09-27,601989.SH,26100,26100,7.102719,7.73415,16480.3491,21
20260816_122435_863625,2021-09-27,600561.SH,14100,14100,13.166361,13.48424,4482.0939,21
20260816_122435_863625,2021-09-27,002830.SZ,8500,8500,21.825974,20.2536,-13365.179,21
20260816_122435_863625,2021-09-27,002809.SZ,6200,6200,29.971285,28.9299,-6456.587,21
20260816_122435_863625,2021-09-27,605178.SH,3300,3300,55.974845,58.448,8161.4115,21
20260816_122435_863625,2021-09-28,603689.SH,16800,16800,10.778899,13.1364,39606.0168,24
20260816_122435_863625,2021-09-28,601107.SH,43600,43600,4.262162,4.53446,11872.1928,22
20260816_122435_863625,2021-09-28,600881.SH,1200,1200,146.620884,144.0759,-3053.9808,22
20260816_122435_863625,2021-09-28,601989.SH,26100,26100,7.102719,7.751,16920.1341,22
20260816_122435_863625,2021-09-28,600561.SH,14100,14100,13.166361,13.67926,7231.8759,22
20260816_122435_863625,2021-09-28,002830.SZ,8500,8500,21.825974,20.29536,-13010.219,22
20260816_122435_863625,2021-09-28,002809.SZ,6200,6200,29.971285,28.85064,-6947.999,22
20260816_122435_863625,2021-09-28,605178.SH,3300,3300,55.974845,57.4645,4915.8615,22
20260816_122435_863625,2021-09-29,603689.SH,16800,16800,10.778899,12.03636,21125.3448,25
20260816_122435_863625,2021-09-29,601107.SH,43600,43600,4.262162,4.45514,8413.8408,23
20260816_122435_863625,2021-09-29,600881.SH,1200,1200,146.620884,141.24162,-6455.1168,23
20260816_122435_863625,2021-09-29,601989.SH,26100,26100,7.102719,7.414,8124.4341,23
20260816_122435_863625,2021-09-29,600561.SH,14100,14100,13.166361,13.06634,-1410.2961,23
20260816_122435_863625,2021-09-29,002830.SZ,8500,8500,21.825974,19.87776,-16559.819,23
20260816_122435_863625,2021-09-29,002809.SZ,6200,6200,29.971285,28.16372,-11206.903,23
20260816_122435_863625,2021-09-29,605178.SH,3300,3300,55.974845,58.04055,6816.8265,23
20260816_122435_863625,2021-09-30,603689.SH,16800,16800,10.778899,12.48492,28661.1528,26
20260816_122435_863625,2021-09-30,601107.SH,43600,43600,4.262162,4.48158,9566.6248,24
20260816_122435_863625,2021-09-30,600881.SH,1200,1200,146.620884,139.82448,-8155.6848,24
20260816_122435_863625,2021-09-30,601989.SH,26100,26100,7.102719,7.43085,8564.2191,24
20260816_122435_863625,2021-09-30,600561.SH,14100,14100,13.166361,14.37576,17052.5259,24
20260816_122435_863625,2021-09-30,002830.SZ,8500,8500,21.825974,20.88,-8040.779,24
20260816_122435_863625,2021-09-30,002809.SZ,6200,6200,29.971285,29.16768,-4982.351,24
20260816_122435_863625,2021-09-30,605178.SH,3300,3300,55.974845,58.15295,7187.7465,24
20260816_122435_863625,2021-10-08,603689.SH,16800,16800,10.778899,12.80532,34043.8728,27
20260816_122435_863625,2021-10-08,601107.SH,43600,43600,4.262162,4.53446,11872.1928,25
20260816_122435_863625,2021-10-08,600881.SH,1200,1200,146.620884,148.32732,2047.7232,25
20260816_122435_863625,2021-10-08,601989.SH,26100,26100,7.102719,7.53195,11202.9291,25
20260816_122435_863625,2021-10-08,600561.SH,14100,14100,13.166361,14.84938,23730.5679,25
20260816_122435_863625,2021-10-08,002830.SZ,8500,8500,21.825974,22.09104,2253.061,25
20260816_122435_863625,2021-10-08,002809.SZ,6200,6200,29.971285,29.37904,-3671.919,25
20260816_122435_863625,2021-10-08,605178.SH,3300,3300,55.974845,58.5885,8625.0615,25
20260816_122435_863625,2021-10-11,603689.SH,16800,16800,10.778899,12.4422,27943.4568,28
20260816_122435_863625,2021-10-11,601107.SH,43600,43600,4.262162,4.58734,14177.7608,26
20260816_122435_863625,2021-10-11,600881.SH,1200,1200,146.620884,162.9711,19620.2592,26
20260816_122435_863625,2021-10-11,601989.SH,26100,26100,7.102719,7.46455,9443.7891,26
20260816_122435_863625,2021-10-11,600561.SH,14100,14100,13.166361,15.0444,26480.3499,26
20260816_122435_863625,2021-10-11,002830.SZ,8500,8500,21.825974,20.88,-8040.779,26
20260816_122435_863625,2021-10-11,002809.SZ,6200,6200,29.971285,29.062,-5637.567,26
20260816_122435_863625,2021-10-11,605178.SH,3300,3300,55.974845,56.9025,3061.2615,26
20260816_122435_863625,2021-10-12,603689.SH,16800,16800,10.778899,12.7092,32429.0568,29
20260816_122435_863625,2021-10-12,601107.SH,43600,43600,4.262162,4.50802,10719.4088,27
20260816_122435_863625,2021-10-12,600881.SH,1200,1200,146.620884,173.83584,32657.9472,27
20260816_122435_863625,2021-10-12,601989.SH,26100,26100,7.102719,7.1781,1967.4441,27
20260816_122435_863625,2021-10-12,600561.SH,14100,14100,13.166361,14.65436,20980.7859,27
20260816_122435_863625,2021-10-12,002830.SZ,8500,8500,21.825974,20.60856,-10348.019,27
20260816_122435_863625,2021-10-12,002809.SZ,6200,6200,29.971285,28.32224,-10224.079,27
20260816_122435_863625,2021-10-12,605178.SH,3300,3300,55.974845,54.233,-5748.0885,27
20260816_122435_863625,2021-10-13,603689.SH,16800,16800,10.778899,11.43828,11077.6008,30
20260816_122435_863625,2021-10-13,601107.SH,43600,43600,4.262162,4.5609,13024.9768,28
20260816_122435_863625,2021-10-13,600881.SH,1200,1200,146.620884,178.08726,37759.6512,28
20260816_122435_863625,2021-10-13,601989.SH,26100,26100,7.102719,7.2455,3726.5841,28
20260816_122435_863625,2021-10-13,600561.SH,14100,14100,13.166361,14.3479,16659.6999,28
20260816_122435_863625,2021-10-13,002830.SZ,8500,8500,21.825974,20.50416,-11235.419,28
20260816_122435_863625,2021-10-13,002809.SZ,6200,6200,29.971285,28.50718,-9077.451,28
20260816_122435_863625,2021-10-13,605178.SH,3300,3300,55.974845,55.51155,-1528.8735,28
20260816_122435_863625,2021-10-14,603689.SH,16800,16800,10.778899,11.39556,10359.9048,31
20260816_122435_863625,2021-10-14,601107.SH,43600,43600,4.262162,4.6931,18788.8968,29
20260816_122435_863625,2021-10-14,600881.SH,1200,1200,146.620884,196.0377,59300.1792,29
20260816_122435_863625,2021-10-14,601989.SH,26100,26100,7.102719,7.22865,3286.7991,29
20260816_122435_863625,2021-10-14,600561.SH,14100,14100,13.166361,14.0693,12731.4399,29
20260816_122435_863625,2021-10-14,002830.SZ,8500,8500,21.825974,20.50416,-11235.419,29
20260816_122435_863625,2021-10-14,002809.SZ,6200,6200,29.971285,28.2694,-10551.687,29
20260816_122435_863625,2021-10-14,605178.SH,3300,3300,55.974845,55.79255,-601.5735,29
20260816_122435_863625,2021-10-15,603689.SH,16800,16800,10.778899,11.214,7309.6968,32
20260816_122435_863625,2021-10-15,601107.SH,43600,43600,4.262162,4.6931,18788.8968,30
20260816_122435_863625,2021-10-15,600881.SH,1200,1200,146.620884,195.56532,58733.3232,30
20260816_122435_863625,2021-10-15,601989.SH,26100,26100,7.102719,7.16125,1527.6591,30
20260816_122435_863625,2021-10-15,600561.SH,14100,14100,13.166361,13.84642,9588.8319,30
20260816_122435_863625,2021-10-15,002830.SZ,8500,8500,21.825974,20.00304,-15494.939,30
20260816_122435_863625,2021-10-15,002809.SZ,6200,6200,29.971285,27.2126,-17103.847,30
20260816_122435_863625,2021-10-15,605178.SH,3300,3300,55.974845,55.8909,-277.0185,30
20260816_122435_863625,2021-10-18,603689.SH,16800,16800,10.778899,12.07908,21843.0408,33
20260816_122435_863625,2021-10-18,601107.SH,43600,43600,4.262162,4.71954,19941.6808,31
20260816_122435_863625,2021-10-18,600881.SH,1200,1200,146.620884,185.64534,46829.3472,31
20260816_122435_863625,2021-10-18,601989.SH,26100,26100,7.102719,7.22865,3286.7991,31
20260816_122435_863625,2021-10-18,600561.SH,14100,14100,13.166361,13.76284,8410.3539,31
20260816_122435_863625,2021-10-18,002830.SZ,8500,8500,21.825974,20.2536,-13365.179,31
20260816_122435_863625,2021-10-18,002809.SZ,6200,6200,29.971285,27.45038,-15629.611,31
20260816_122435_863625,2021-10-18,605178.SH,3300,3300,55.974845,55.31485,-2177.9835,31
20260816_122435_863625,2021-10-19,603689.SH,16800,16800,10.778899,12.13248,22740.1608,34
20260816_122435_863625,2021-10-19,601107.SH,43600,43600,4.262162,4.67988,18212.5048,32
20260816_122435_863625,2021-10-19,600881.SH,1200,1200,146.620884,183.28344,43995.0672,32
20260816_122435_863625,2021-10-19,601989.SH,26100,26100,7.102719,7.19495,2407.2291,32
20260816_122435_863625,2021-10-19,600561.SH,14100,14100,13.166361,13.48424,4482.0939,32
20260816_122435_863625,2021-10-19,002830.SZ,8500,8500,21.825974,20.19096,-13897.619,32
20260816_122435_863625,2021-10-19,002809.SZ,6200,6200,29.971285,27.2126,-17103.847,32
20260816_122435_863625,2021-10-19,605178.SH,3300,3300,55.974845,53.7834,-7231.7685,32
20260816_122435_863625,2021-10-20,603689.SH,16800,16800,10.778899,11.79072,16998.5928,35
20260816_122435_863625,2021-10-20,601107.SH,43600,43600,4.262162,4.627,15906.9368,33
20260816_122435_863625,2021-10-20,600881.SH,1200,1200,146.620884,180.92154,41160.7872,33
20260816_122435_863625,2021-10-20,601989.SH,26100,26100,7.102719,7.16125,1527.6591,33
20260816_122435_863625,2021-10-20,600561.SH,14100,14100,13.166361,13.48424,4482.0939,33
20260816_122435_863625,2021-10-20,002830.SZ,8500,8500,21.825974,19.77336,-17447.219,33
20260816_122435_863625,2021-10-20,002809.SZ,6200,6200,29.971285,26.8163,-19560.907,33
20260816_122435_863625,2021-10-20,605178.SH,3300,3300,55.974845,52.6594,-10940.9685,33
20260816_122435_863625,2021-10-21,603689.SH,16800,16800,10.778899,11.67324,15024.9288,36
20260816_122435_863625,2021-10-21,601107.SH,43600,43600,4.262162,4.67988,18212.5048,34
20260816_122435_863625,2021-10-21,600881.SH,1200,1200,146.620884,181.8663,42294.4992,34
20260816_122435_863625,2021-10-21,601989.SH,26100,26100,7.102719,7.02645,-1990.6209,34
20260816_122435_863625,2021-10-21,600561.SH,14100,14100,13.166361,13.03848,-1803.1221,34
20260816_122435_863625,2021-10-21,002830.SZ,8500,8500,21.825974,19.58544,-19044.539,34
20260816_122435_863625,2021-10-21,002809.SZ,6200,6200,29.971285,26.84272,-19397.103,34
20260816_122435_863625,2021-10-21,605178.SH,3300,3300,55.974845,54.9355,-3429.8385,34
20260816_122435_863625,2021-10-22,603689.SH,16800,16800,10.778899,11.45964,11436.4488,37
20260816_122435_863625,2021-10-22,601107.SH,43600,43600,4.262162,4.4287,7261.0568,35
20260816_122435_863625,2021-10-22,600881.SH,1200,1200,146.620884,170.0568,28123.0992,35
20260816_122435_863625,2021-10-22,601989.SH,26100,26100,7.102719,7.06015,-1111.0509,35
20260816_122435_863625,2021-10-22,600561.SH,14100,14100,13.166361,12.75988,-5731.3821,35
20260816_122435_863625,2021-10-22,002830.SZ,8500,8500,21.825974,19.37664,-20819.339,35
20260816_122435_863625,2021-10-22,002809.SZ,6200,6200,29.971285,26.52568,-21362.751,35
20260816_122435_863625,2021-10-22,605178.SH,3300,3300,55.974845,55.4975,-1575.2385,35
20260816_122435_863625,2021-10-25,603689.SH,16800,16800,10.778899,11.70528,15563.2008,38
20260816_122435_863625,2021-10-25,601107.SH,43600,43600,4.262162,4.34938,3802.7048,36
20260816_122435_863625,2021-10-25,600881.SH,1200,1200,146.620884,171.94632,30390.5232,36
20260816_122435_863625,2021-10-25,601989.SH,26100,26100,7.102719,7.1444,1087.8741,36
20260816_122435_863625,2021-10-25,600561.SH,14100,14100,13.166361,12.62058,-7695.5121,36
20260816_122435_863625,2021-10-25,002830.SZ,8500,8500,21.825974,19.2096,-22239.179,36
20260816_122435_863625,2021-10-25,002809.SZ,6200,6200,29.971285,26.12938,-23819.811,36
20260816_122435_863625,2021-10-25,605178.SH,3300,3300,55.974845,56.69175,2365.7865,36
20260816_122435_863625,2021-10-26,603689.SH,16800,16800,10.778899,11.73732,16101.4728,39
20260816_122435_863625,2021-10-26,601107.SH,43600,43600,4.262162,4.53446,11872.1928,37
20260816_122435_863625,2021-10-26,600881.SH,1200,1200,146.620884,168.63966,26422.5312,37
20260816_122435_863625,2021-10-26,601989.SH,26100,26100,7.102719,7.06015,-1111.0509,37
20260816_122435_863625,2021-10-26,600561.SH,14100,14100,13.166361,12.42556,-10445.2941,37
20260816_122435_863625,2021-10-26,002830.SZ,8500,8500,21.825974,18.93816,-24546.419,37
20260816_122435_863625,2021-10-26,605178.SH,3300,3300,55.974845,56.80415,2736.7065,37
20260816_122435_863625,2021-10-27,603689.SH,16800,16800,10.778899,11.38488,10180.4808,40
20260816_122435_863625,2021-10-27,601107.SH,43600,43600,4.262162,4.8914,27434.7768,38
20260816_122435_863625,2021-10-27,600881.SH,1200,1200,146.620884,167.22252,24721.9632,38
20260816_122435_863625,2021-10-27,601989.SH,26100,26100,7.102719,6.9759,-3309.9759,38
20260816_122435_863625,2021-10-27,600561.SH,14100,14100,13.166361,12.03552,-15944.8581,38
20260816_122435_863625,2021-10-27,605178.SH,3300,3300,55.974845,56.6215,2133.9615,38
20260816_122435_863625,2021-10-28,603689.SH,16800,16800,10.778899,10.82952,850.4328,41
20260816_122435_863625,2021-10-28,601107.SH,43600,43600,4.262162,4.78564,22823.6408,39
20260816_122435_863625,2021-10-28,600881.SH,1200,1200,146.620884,163.91586,20753.9712,39
20260816_122435_863625,2021-10-28,601989.SH,26100,26100,7.102719,6.8411,-6828.2559,39
20260816_122435_863625,2021-10-28,600561.SH,14100,14100,13.166361,11.86836,-18301.8141,39
20260816_122435_863625,2021-10-28,605178.SH,3300,3300,55.974845,56.0595,279.3615,39
20260816_122435_863625,2021-10-29,603689.SH,16800,16800,10.778899,10.90428,2106.4008,42
20260816_122435_863625,2021-10-29,601107.SH,43600,43600,4.262162,4.77242,22247.2488,40
20260816_122435_863625,2021-10-29,600881.SH,1200,1200,146.620884,162.02634,18486.5472,40
20260816_122435_863625,2021-10-29,601989.SH,26100,26100,7.102719,6.9759,-3309.9759,40
20260816_122435_863625,2021-10-29,600561.SH,14100,14100,13.166361,12.14696,-14373.5541,40
20260816_122435_863625,2021-10-29,605178.SH,3300,3300,55.974845,57.5769,5286.7815,40
20260816_122435_863625,2021-11-01,603689.SH,16800,16800,10.778899,10.93632,2644.6728,43
20260816_122435_863625,2021-11-01,601107.SH,43600,43600,4.262162,4.627,15906.9368,41
20260816_122435_863625,2021-11-01,600881.SH,1200,1200,146.620884,162.9711,19620.2592,41
20260816_122435_863625,2021-11-01,601989.SH,26100,26100,7.102719,6.95905,-3749.7609,41
20260816_122435_863625,2021-11-01,600561.SH,14100,14100,13.166361,12.28626,-12409.4241,41
20260816_122435_863625,2021-11-01,605178.SH,3300,3300,55.974845,58.49015,8300.5065,41
20260816_122435_863625,2021-11-02,603689.SH,16800,16800,10.778899,10.7334,-764.3832,44
20260816_122435_863625,2021-11-02,601107.SH,43600,43600,4.262162,4.46836,8990.2328,42
20260816_122435_863625,2021-11-02,600881.SH,1200,1200,146.620884,157.77492,13384.8432,42
20260816_122435_863625,2021-11-02,601989.SH,26100,26100,7.102719,7.46455,9443.7891,42
20260816_122435_863625,2021-11-02,600561.SH,14100,14100,13.166361,11.81264,-19087.4661,42
20260816_122435_863625,2021-11-02,605178.SH,3300,3300,55.974845,57.67525,5611.3365,42
20260816_122435_863625,2021-11-03,603689.SH,16800,16800,10.778899,11.01108,3900.6408,45
20260816_122435_863625,2021-11-03,601107.SH,43600,43600,4.262162,4.57412,13601.3688,43
20260816_122435_863625,2021-11-03,600881.SH,1200,1200,146.620884,163.91586,20753.9712,43
20260816_122435_863625,2021-11-03,601989.SH,26100,26100,7.102719,7.1781,1967.4441,43
20260816_122435_863625,2021-11-03,600561.SH,14100,14100,13.166361,11.89622,-17908.9881,43
20260816_122435_863625,2021-11-03,605178.SH,3300,3300,55.974845,57.78765,5982.2565,43
20260816_122435_863625,2021-11-04,603689.SH,16800,16800,10.778899,11.748,16280.8968,46
20260816_122435_863625,2021-11-04,601107.SH,43600,43600,4.262162,4.5609,13024.9768,44
20260816_122435_863625,2021-11-04,600881.SH,1200,1200,146.620884,163.44348,20187.1152,44
20260816_122435_863625,2021-11-04,601989.SH,26100,26100,7.102719,7.1781,1967.4441,44
20260816_122435_863625,2021-11-04,600561.SH,14100,14100,13.166361,11.95194,-17123.3361,44
20260816_122435_863625,2021-11-04,605178.SH,3300,3300,55.974845,59.58605,11916.9765,44
20260816_122435_863625,2021-11-05,603689.SH,16800,16800,10.778899,11.86548,18254.5608,47
20260816_122435_863625,2021-11-05,601107.SH,43600,43600,4.262162,4.46836,8990.2328,45
20260816_122435_863625,2021-11-05,600881.SH,1200,1200,146.620884,158.71968,14518.5552,45
20260816_122435_863625,2021-11-05,601989.SH,26100,26100,7.102719,6.95905,-3749.7609,45
20260816_122435_863625,2021-11-05,600561.SH,14100,14100,13.166361,11.81264,-19087.4661,45
20260816_122435_863625,2021-11-05,605178.SH,3300,3300,55.974845,58.85545,9505.9965,45
20260816_122435_863625,2021-11-08,603689.SH,16800,16800,10.778899,11.27808,8386.2408,48
20260816_122435_863625,2021-11-08,601107.SH,43600,43600,4.262162,4.4948,10143.0168,46
20260816_122435_863625,2021-11-08,600881.SH,1200,1200,146.620884,162.02634,18486.5472,46
20260816_122435_863625,2021-11-08,601989.SH,26100,26100,7.102719,6.95905,-3749.7609,46
20260816_122435_863625,2021-11-08,600561.SH,14100,14100,13.166361,12.06338,-15552.0321,46
20260816_122435_863625,2021-11-08,605178.SH,3300,3300,55.974845,63.09855,23508.2265,46
20260816_122435_863625,2021-11-09,603689.SH,16800,16800,10.778899,11.03244,4259.4888,49
20260816_122435_863625,2021-11-09,601107.SH,43600,43600,4.262162,4.45514,8413.8408,47
20260816_122435_863625,2021-11-09,600881.SH,1200,1200,146.620884,163.91586,20753.9712,47
20260816_122435_863625,2021-11-09,601989.SH,26100,26100,7.102719,7.02645,-1990.6209,47
20260816_122435_863625,2021-11-09,600561.SH,14100,14100,13.166361,12.14696,-14373.5541,47
20260816_122435_863625,2021-11-09,605178.SH,3300,3300,55.974845,68.0301,39782.3415,47
20260816_122435_863625,2021-11-10,603689.SH,16800,16800,10.778899,10.8402,1029.8568,50
20260816_122435_863625,2021-11-10,601107.SH,43600,43600,4.262162,4.41548,6684.6648,48
20260816_122435_863625,2021-11-10,600881.SH,1200,1200,146.620884,161.08158,17352.8352,48
20260816_122435_863625,2021-11-10,601989.SH,26100,26100,7.102719,7.0096,-2430.4059,48
20260816_122435_863625,2021-11-10,600561.SH,14100,14100,13.166361,12.28626,-12409.4241,48
20260816_122435_863625,2021-11-10,605178.SH,3300,3300,55.974845,61.3985,17898.0615,48
20260816_122435_863625,2021-11-11,603689.SH,16800,16800,10.778899,10.91496,2285.8248,51
20260816_122435_863625,2021-11-11,601107.SH,43600,43600,4.262162,4.45514,8413.8408,49
20260816_122435_863625,2021-11-11,600881.SH,1200,1200,146.620884,166.27776,23588.2512,49
20260816_122435_863625,2021-11-11,601989.SH,26100,26100,7.102719,7.02645,-1990.6209,49
20260816_122435_863625,2021-11-11,600561.SH,14100,14100,13.166361,12.70416,-6517.0341,49
20260816_122435_863625,2021-11-11,605178.SH,3300,3300,55.974845,56.2281,835.7415,49
20260816_122435_863625,2021-11-12,603689.SH,16800,16800,10.778899,10.85088,1209.2808,52
20260816_122435_863625,2021-11-12,601107.SH,43600,43600,4.262162,4.41548,6684.6648,50
20260816_122435_863625,2021-11-12,600881.SH,1200,1200,146.620884,162.49872,19053.4032,50
20260816_122435_863625,2021-11-12,601989.SH,26100,26100,7.102719,7.09385,-231.4809,50
20260816_122435_863625,2021-11-12,600561.SH,14100,14100,13.166361,12.56486,-8481.1641,50
20260816_122435_863625,2021-11-12,605178.SH,3300,3300,55.974845,53.6429,-7695.4185,50
20260816_122435_863625,2021-11-12,002376.SZ,4100,0,40.243531,40.37936,556.8989,1
20260816_122435_863625,2021-11-12,601801.SH,13900,0,11.960324,11.67886,-3912.3496,1
20260816_122435_863625,2021-11-15,603689.SH,16800,16800,10.778899,10.95768,3003.5208,53
20260816_122435_863625,2021-11-15,601107.SH,43600,43600,4.262162,4.4287,7261.0568,51
20260816_122435_863625,2021-11-15,600881.SH,1200,1200,146.620884,161.08158,17352.8352,51
20260816_122435_863625,2021-11-15,601989.SH,26100,26100,7.102719,7.1444,1087.8741,51
20260816_122435_863625,2021-11-15,600561.SH,14100,14100,13.166361,12.75988,-5731.3821,51
20260816_122435_863625,2021-11-15,605178.SH,3300,3300,55.974845,53.82555,-7092.6735,51
20260816_122435_863625,2021-11-15,002376.SZ,4100,4100,40.243531,40.79804,2273.4869,2
20260816_122435_863625,2021-11-15,601801.SH,13900,13900,11.960324,11.72732,-3238.7556,2
20260816_122435_863625,2021-11-16,603689.SH,16800,16800,10.778899,10.90428,2106.4008,54
20260816_122435_863625,2021-11-16,601107.SH,43600,43600,4.262162,4.40226,6108.2728,52
20260816_122435_863625,2021-11-16,600881.SH,1200,1200,146.620884,160.6092,16785.9792,52
20260816_122435_863625,2021-11-16,601989.SH,26100,26100,7.102719,6.99275,-2870.1909,52
20260816_122435_863625,2021-11-16,600561.SH,14100,14100,13.166361,12.6763,-6909.8601,52
20260816_122435_863625,2021-11-16,605178.SH,3300,3300,55.974845,52.53295,-11358.2535,52
20260816_122435_863625,2021-11-16,002376.SZ,4100,4100,40.243531,40.4724,938.3629,3
20260816_122435_863625,2021-11-16,601801.SH,13900,13900,11.960324,11.84847,-1554.7706,3
20260816_122435_863625,2021-11-17,603689.SH,16800,16800,10.778899,11.08584,5156.6088,55
20260816_122435_863625,2021-11-17,601107.SH,43600,43600,4.262162,4.4287,7261.0568,53
20260816_122435_863625,2021-11-17,600881.SH,1200,1200,146.620884,159.66444,15652.2672,53
20260816_122435_863625,2021-11-17,601989.SH,26100,26100,7.102719,7.0096,-2430.4059,53
20260816_122435_863625,2021-11-17,600561.SH,14100,14100,13.166361,12.75988,-5731.3821,53
20260816_122435_863625,2021-11-17,605178.SH,3300,3300,55.974845,52.6032,-11126.4285,53
20260816_122435_863625,2021-11-17,002376.SZ,4100,4100,40.243531,40.61196,1510.5589,4
20260816_122435_863625,2021-11-17,601801.SH,13900,13900,11.960324,11.82424,-1891.5676,4
20260816_122435_863625,2021-11-18,603689.SH,16800,16800,10.778899,11.01108,3900.6408,56
20260816_122435_863625,2021-11-18,601107.SH,43600,43600,4.262162,4.50802,10719.4088,54
20260816_122435_863625,2021-11-18,600881.SH,1200,1200,146.620884,156.35778,11684.2752,54
20260816_122435_863625,2021-11-18,601989.SH,26100,26100,7.102719,7.0433,-1550.8359,54
20260816_122435_863625,2021-11-18,600561.SH,14100,14100,13.166361,12.59272,-8088.3381,54
20260816_122435_863625,2021-11-18,605178.SH,3300,3300,55.974845,51.40895,-15067.4535,54
20260816_122435_863625,2021-11-18,002376.SZ,4100,4100,40.243531,40.0072,-968.9571,5
20260816_122435_863625,2021-11-18,601801.SH,13900,13900,11.960324,11.77578,-2565.1616,5
20260816_122435_863625,2021-11-19,603689.SH,16800,16800,10.778899,11.06448,4797.7608,57
20260816_122435_863625,2021-11-19,601107.SH,43600,43600,4.262162,4.61378,15330.5448,55
20260816_122435_863625,2021-11-19,600881.SH,1200,1200,146.620884,158.2473,13951.6992,55
20260816_122435_863625,2021-11-19,601989.SH,26100,26100,7.102719,7.06015,-1111.0509,55
20260816_122435_863625,2021-11-19,600561.SH,14100,14100,13.166361,12.75988,-5731.3821,55
20260816_122435_863625,2021-11-19,605178.SH,3300,3300,55.974845,51.9007,-13444.6785,55
20260816_122435_863625,2021-11-19,002376.SZ,4100,4100,40.243531,40.9376,2845.6829,6
20260816_122435_863625,2021-11-19,601801.SH,13900,13900,11.960324,11.8727,-1217.9736,6
20260816_122435_863625,2021-11-22,603689.SH,16800,16800,10.778899,11.06448,4797.7608,58
20260816_122435_863625,2021-11-22,601107.SH,43600,43600,4.262162,4.54768,12448.5848,56
20260816_122435_863625,2021-11-22,600881.SH,1200,1200,146.620884,156.35778,11684.2752,56
20260816_122435_863625,2021-11-22,601989.SH,26100,26100,7.102719,7.06015,-1111.0509,56
20260816_122435_863625,2021-11-22,600561.SH,14100,14100,13.166361,12.75988,-5731.3821,56
20260816_122435_863625,2021-11-22,605178.SH,3300,3300,55.974845,51.77425,-13861.9635,56
20260816_122435_863625,2021-11-22,002376.SZ,4100,4100,40.243531,41.6354,5706.6629,7
20260816_122435_863625,2021-11-22,601801.SH,13900,13900,11.960324,11.72732,-3238.7556,7
20260816_122435_863625,2021-11-23,603689.SH,16800,16800,10.778899,10.97904,3362.3688,59
20260816_122435_863625,2021-11-23,601107.SH,43600,43600,4.262162,4.61378,15330.5448,57
20260816_122435_863625,2021-11-23,600881.SH,1200,1200,146.620884,157.30254,12817.9872,57
20260816_122435_863625,2021-11-23,601989.SH,26100,26100,7.102719,7.1444,1087.8741,57
20260816_122435_863625,2021-11-23,600561.SH,14100,14100,13.166361,12.92704,-3374.4261,57
20260816_122435_863625,2021-11-23,605178.SH,3300,3300,55.974845,51.88665,-13491.0435,57
20260816_122435_863625,2021-11-23,002376.SZ,4100,4100,40.243531,42.1006,7613.9829,8
20260816_122435_863625,2021-11-23,601801.SH,13900,13900,11.960324,11.80001,-2228.3646,8
20260816_122435_863625,2021-11-24,603689.SH,16800,16800,10.778899,11.01108,3900.6408,60
20260816_122435_863625,2021-11-24,601107.SH,43600,43600,4.262162,4.627,15906.9368,58
20260816_122435_863625,2021-11-24,600881.SH,1200,1200,146.620884,156.35778,11684.2752,58
20260816_122435_863625,2021-11-24,601989.SH,26100,26100,7.102719,7.09385,-231.4809,58
20260816_122435_863625,2021-11-24,600561.SH,14100,14100,13.166361,13.06634,-1410.2961,58
20260816_122435_863625,2021-11-24,605178.SH,3300,3300,55.974845,51.63375,-14325.6135,58
20260816_122435_863625,2021-11-24,002376.SZ,4100,4100,40.243531,42.05408,7423.2509,9
20260816_122435_863625,2021-11-24,601801.SH,13900,13900,11.960324,11.96962,129.2144,9
20260816_122435_863625,2021-11-25,601107.SH,43600,43600,4.262162,4.64022,16483.3288,59
20260816_122435_863625,2021-11-25,600881.SH,1200,1200,146.620884,154.94064,9983.7072,59
20260816_122435_863625,2021-11-25,601989.SH,26100,26100,7.102719,7.02645,-1990.6209,59
20260816_122435_863625,2021-11-25,600561.SH,14100,14100,13.166361,13.0942,-1017.4701,59
20260816_122435_863625,2021-11-25,605178.SH,3300,3300,55.974845,51.6478,-14279.2485,59
20260816_122435_863625,2021-11-25,002376.SZ,4100,4100,40.243531,42.1006,7613.9829,10
20260816_122435_863625,2021-11-25,601801.SH,13900,13900,11.960324,11.92116,-544.3796,10
20260816_122435_863625,2021-11-26,601107.SH,43600,43600,4.262162,4.71954,19941.6808,60
20260816_122435_863625,2021-11-26,600881.SH,1200,1200,146.620884,154.94064,9983.7072,60
20260816_122435_863625,2021-11-26,601989.SH,26100,26100,7.102719,6.9759,-3309.9759,60
20260816_122435_863625,2021-11-26,600561.SH,14100,14100,13.166361,12.9549,-2981.6001,60
20260816_122435_863625,2021-11-26,605178.SH,3300,3300,55.974845,50.45355,-18220.2735,60
20260816_122435_863625,2021-11-26,002376.SZ,4100,4100,40.243531,41.77496,6278.8589,11
20260816_122435_863625,2021-11-26,601801.SH,13900,13900,11.960324,11.82424,-1891.5676,11
20260816_122435_863625,2021-11-26,600479.SH,1300,0,134.439152,144.81324,13486.3144,1
20260816_122435_863625,2021-11-29,002376.SZ,4100,4100,40.243531,41.35628,4562.2709,12
20260816_122435_863625,2021-11-29,601801.SH,13900,13900,11.960324,11.55771,-5596.3346,12
20260816_122435_863625,2021-11-29,600479.SH,1300,1300,134.439152,148.4197,18174.7124,2
20260816_122435_863625,2021-11-30,002376.SZ,4100,4100,40.243531,41.91452,6851.0549,13
20260816_122435_863625,2021-11-30,601801.SH,13900,13900,11.960324,11.43656,-7280.3196,13
20260816_122435_863625,2021-11-30,600479.SH,1300,1300,134.439152,145.6455,14568.2524,3
20260816_122435_863625,2021-11-30,002197.SZ,5700,0,31.368569,33.4562,11899.4967,1
20260816_122435_863625,2021-11-30,600594.SH,1600,0,110.176106,114.43331,6811.5264,1
20260816_122435_863625,2021-11-30,600568.SH,7000,0,25.724502,25.05643,-4676.504,1
20260816_122435_863625,2021-11-30,002166.SZ,2700,0,66.081465,66.86451,2114.2215,1
20260816_122435_863625,2021-12-01,002376.SZ,4100,4100,40.243531,42.1006,7613.9829,14
20260816_122435_863625,2021-12-01,601801.SH,13900,13900,11.960324,11.55771,-5596.3346,14
20260816_122435_863625,2021-12-01,600479.SH,1300,1300,134.439152,143.98098,12404.3764,4
20260816_122435_863625,2021-12-01,002197.SZ,5700,5700,31.368569,32.8427,8402.5467,2
20260816_122435_863625,2021-12-01,600594.SH,1600,1600,110.176106,114.77137,7352.4224,2
20260816_122435_863625,2021-12-01,600568.SH,7000,7000,25.724502,26.32833,4226.796,2
20260816_122435_863625,2021-12-01,002166.SZ,2700,2700,66.081465,65.6383,-1196.5455,2
20260816_122435_863625,2021-12-01,002401.SZ,2500,0,72.307569,72.35944,129.6775,1
20260816_122435_863625,2021-12-02,002376.SZ,4100,4100,40.243531,41.12368,3608.6109,15
20260816_122435_863625,2021-12-02,601801.SH,13900,13900,11.960324,11.55771,-5596.3346,15
20260816_122435_863625,2021-12-02,600479.SH,1300,1300,134.439152,148.69712,18535.3584,5
20260816_122435_863625,2021-12-02,002197.SZ,5700,5700,31.368569,32.6382,7236.8967,3
20260816_122435_863625,2021-12-02,600594.SH,1600,1600,110.176106,114.26428,6541.0784,3
20260816_122435_863625,2021-12-02,600568.SH,7000,7000,25.724502,25.81957,665.476,3
20260816_122435_863625,2021-12-02,002166.SZ,2700,2700,66.081465,65.06126,-2754.5535,3
20260816_122435_863625,2021-12-02,002401.SZ,2500,2500,72.307569,71.86188,-1114.2225,2
20260816_122435_863625,2021-12-03,002376.SZ,4100,4100,40.243531,40.9376,2845.6829,16
20260816_122435_863625,2021-12-03,601801.SH,13900,13900,11.960324,11.77578,-2565.1616,16
20260816_122435_863625,2021-12-03,600479.SH,1300,1300,134.439152,145.6455,14568.2524,6
20260816_122435_863625,2021-12-03,002197.SZ,5700,5700,31.368569,32.1883,4672.4667,4
20260816_122435_863625,2021-12-03,600594.SH,1600,1600,110.176106,120.18033,16006.7584,4
20260816_122435_863625,2021-12-03,600568.SH,7000,7000,25.724502,25.438,-2005.514,4
20260816_122435_863625,2021-12-03,002166.SZ,2700,2700,66.081465,64.84487,-3338.8065,4
20260816_122435_863625,2021-12-03,002401.SZ,2500,2500,72.307569,72.57268,662.7775,3
20260816_122435_863625,2021-12-06,002376.SZ,4100,4100,40.243531,40.61196,1510.5589,17
20260816_122435_863625,2021-12-06,601801.SH,13900,13900,11.960324,11.6304,-4585.9436,17
20260816_122435_863625,2021-12-06,600479.SH,1300,1300,134.439152,148.55841,18355.0354,7
20260816_122435_863625,2021-12-06,002197.SZ,5700,5700,31.368569,31.5748,1175.5167,5
20260816_122435_863625,2021-12-06,600594.SH,1600,1600,110.176106,120.68742,16818.1024,5
20260816_122435_863625,2021-12-06,600568.SH,7000,7000,25.724502,25.69238,-224.854,5
20260816_122435_863625,2021-12-06,002166.SZ,2700,2700,66.081465,64.917,-3144.0555,5
20260816_122435_863625,2021-12-06,002401.SZ,2500,2500,72.307569,71.08,-3068.9225,4
20260816_122435_863625,2021-12-07,002376.SZ,4100,4100,40.243531,40.14676,-396.7611,18
20260816_122435_863625,2021-12-07,601801.SH,13900,13900,11.960324,11.77578,-2565.1616,18
20260816_122435_863625,2021-12-07,600479.SH,1300,1300,134.439152,144.11969,12584.6994,8
20260816_122435_863625,2021-12-07,002197.SZ,5700,5700,31.368569,31.3703,9.8667,6
20260816_122435_863625,2021-12-07,600594.SH,1600,1600,110.176106,120.18033,16006.7584,6
20260816_122435_863625,2021-12-07,600568.SH,7000,7000,25.724502,26.07395,2446.136,6
20260816_122435_863625,2021-12-07,002166.SZ,2700,2700,66.081465,64.1957,-5091.5655,6
20260816_122435_863625,2021-12-07,002401.SZ,2500,2500,72.307569,70.51136,-4490.5225,5
20260816_122435_863625,2021-12-08,002376.SZ,4100,4100,40.243531,40.28632,175.4349,19
20260816_122435_863625,2021-12-08,601801.SH,13900,13900,11.960324,11.72732,-3238.7556,19
20260816_122435_863625,2021-12-08,600479.SH,1300,1300,134.439152,153.27455,24486.0174,9
20260816_122435_863625,2021-12-08,002197.SZ,5700,5700,31.368569,31.6566,1641.7767,7
20260816_122435_863625,2021-12-08,600594.SH,1600,1600,110.176106,124.23705,22497.5104,7
20260816_122435_863625,2021-12-08,600568.SH,7000,7000,25.724502,25.18362,-3786.174,7
20260816_122435_863625,2021-12-08,002166.SZ,2700,2700,66.081465,64.33996,-4702.0635,7
20260816_122435_863625,2021-12-08,002401.SZ,2500,2500,72.307569,70.79568,-3779.7225,6
20260816_122435_863625,2021-12-09,002376.SZ,4100,4100,40.243531,40.28632,175.4349,20
20260816_122435_863625,2021-12-09,601801.SH,13900,13900,11.960324,11.67886,-3912.3496,20
20260816_122435_863625,2021-12-09,600479.SH,1300,1300,134.439152,152.30358,23223.7564,10
20260816_122435_863625,2021-12-09,002197.SZ,5700,5700,31.368569,31.3703,9.8667,8
20260816_122435_863625,2021-12-09,600594.SH,1600,1600,110.176106,124.23705,22497.5104,8
20260816_122435_863625,2021-12-09,600568.SH,7000,7000,25.724502,24.67486,-7347.494,8
20260816_122435_863625,2021-12-09,002166.SZ,2700,2700,66.081465,64.84487,-3338.8065,8
20260816_122435_863625,2021-12-09,002401.SZ,2500,2500,72.307569,70.86676,-3602.0225,7
20260816_122435_863625,2021-12-10,002376.SZ,4100,4100,40.243531,39.26288,-4020.6691,21
20260816_122435_863625,2021-12-10,601801.SH,13900,13900,11.960324,11.65463,-4249.1466,21
20260816_122435_863625,2021-12-10,600479.SH,1300,1300,134.439152,154.80036,26469.5704,11
20260816_122435_863625,2021-12-10,002197.SZ,5700,5700,31.368569,31.2885,-456.3933,9
20260816_122435_863625,2021-12-10,600594.SH,1600,1600,110.176106,117.81391,12220.4864,9
20260816_122435_863625,2021-12-10,600568.SH,7000,7000,25.724502,25.438,-2005.514,9
20260816_122435_863625,2021-12-10,002166.SZ,2700,2700,66.081465,63.25801,-7623.3285,9
20260816_122435_863625,2021-12-10,002401.SZ,2500,2500,72.307569,70.29812,-5023.6225,8
20260816_122435_863625,2021-12-13,002376.SZ,4100,4100,40.243531,40.2398,-15.2971,22
20260816_122435_863625,2021-12-13,601801.SH,13900,13900,11.960324,11.77578,-2565.1616,22
20260816_122435_863625,2021-12-13,600479.SH,1300,1300,134.439152,152.16487,23043.4334,12
20260816_122435_863625,2021-12-13,002197.SZ,5700,5700,31.368569,31.6566,1641.7767,10
20260816_122435_863625,2021-12-13,600594.SH,1600,1600,110.176106,120.0113,15736.3104,10
20260816_122435_863625,2021-12-13,600568.SH,7000,7000,25.724502,25.18362,-3786.174,10
20260816_122435_863625,2021-12-13,002166.SZ,2700,2700,66.081465,62.68097,-9181.3365,10
20260816_122435_863625,2021-12-13,002401.SZ,2500,2500,72.307569,70.65352,-4135.1225,9
20260816_122435_863625,2021-12-14,002376.SZ,4100,4100,40.243531,39.91416,-1350.4211,23
20260816_122435_863625,2021-12-14,601801.SH,13900,13900,11.960324,12.09077,1813.1994,23
20260816_122435_863625,2021-12-14,600479.SH,1300,1300,134.439152,148.55841,18355.0354,13
20260816_122435_863625,2021-12-14,002197.SZ,5700,5700,31.368569,32.4746,6304.3767,11
20260816_122435_863625,2021-12-14,600594.SH,1600,1600,110.176106,116.6307,10327.3504,11
20260816_122435_863625,2021-12-14,600568.SH,7000,7000,25.724502,24.80205,-6457.164,11
20260816_122435_863625,2021-12-14,002166.SZ,2700,2700,66.081465,62.0318,-10934.0955,11
20260816_122435_863625,2021-12-14,002401.SZ,2500,2500,72.307569,72.1462,-403.4225,10
20260816_122435_863625,2021-12-15,002376.SZ,4100,4100,40.243531,40.51892,1129.0949,24
20260816_122435_863625,2021-12-15,601801.SH,13900,13900,11.960324,12.04231,1139.6054,24
20260816_122435_863625,2021-12-15,600479.SH,1300,1300,134.439152,148.14228,17814.0664,14
20260816_122435_863625,2021-12-15,002197.SZ,5700,5700,31.368569,32.1474,4439.3367,12
20260816_122435_863625,2021-12-15,600594.SH,1600,1600,110.176106,113.75719,5729.7344,12
20260816_122435_863625,2021-12-15,600568.SH,7000,7000,25.724502,25.31081,-2895.844,12
20260816_122435_863625,2021-12-15,002166.SZ,2700,2700,66.081465,62.0318,-10934.0955,12
20260816_122435_863625,2021-12-15,002401.SZ,2500,2500,72.307569,71.57756,-1825.0225,11
20260816_122435_863625,2021-12-16,002376.SZ,4100,4100,40.243531,40.705,1892.0229,25
20260816_122435_863625,2021-12-16,601801.SH,13900,13900,11.960324,12.45422,6865.1544,25
20260816_122435_863625,2021-12-16,600479.SH,1300,1300,134.439152,147.31002,16732.1284,15
20260816_122435_863625,2021-12-16,002197.SZ,5700,5700,31.368569,32.7609,7936.2867,13
20260816_122435_863625,2021-12-16,600594.SH,1600,1600,110.176106,113.41913,5188.8384,13
20260816_122435_863625,2021-12-16,600568.SH,7000,7000,25.724502,25.31081,-2895.844,13
20260816_122435_863625,2021-12-16,002166.SZ,2700,2700,66.081465,62.10393,-10739.3445,13
20260816_122435_863625,2021-12-16,002401.SZ,2500,2500,72.307569,71.71972,-1469.6225,12
20260816_122435_863625,2021-12-17,002376.SZ,4100,4100,40.243531,40.37936,556.8989,26
20260816_122435_863625,2021-12-17,601801.SH,13900,13900,11.960324,12.33307,5181.1694,26
20260816_122435_863625,2021-12-17,600479.SH,1300,1300,134.439152,146.89389,16191.1594,16
20260816_122435_863625,2021-12-17,002197.SZ,5700,5700,31.368569,32.3519,5604.9867,14
20260816_122435_863625,2021-12-17,600594.SH,1600,1600,110.176106,113.58816,5459.2864,14
20260816_122435_863625,2021-12-17,600568.SH,7000,7000,25.724502,25.31081,-2895.844,14
20260816_122435_863625,2021-12-17,002166.SZ,2700,2700,66.081465,61.45476,-12492.1035,14
20260816_122435_863625,2021-12-17,002401.SZ,2500,2500,72.307569,71.22216,-2713.5225,13
20260816_122435_863625,2021-12-20,002376.SZ,4100,4100,40.243531,39.68156,-2304.0811,27
20260816_122435_863625,2021-12-20,601801.SH,13900,13900,11.960324,12.23615,3833.9814,27
20260816_122435_863625,2021-12-20,600479.SH,1300,1300,134.439152,153.82939,25207.3094,17
20260816_122435_863625,2021-12-20,002197.SZ,5700,5700,31.368569,31.6975,1874.9067,15
20260816_122435_863625,2021-12-20,600594.SH,1600,1600,110.176106,113.75719,5729.7344,15
20260816_122435_863625,2021-12-20,600568.SH,7000,7000,25.724502,25.56519,-1115.184,15
20260816_122435_863625,2021-12-20,002166.SZ,2700,2700,66.081465,61.88754,-11323.5975,15
20260816_122435_863625,2021-12-20,002401.SZ,2500,2500,72.307569,70.51136,-4490.5225,14
20260816_122435_863625,2021-12-21,002376.SZ,4100,4100,40.243531,40.37936,556.8989,28
20260816_122435_863625,2021-12-21,601801.SH,13900,13900,11.960324,12.3573,5517.9664,28
20260816_122435_863625,2021-12-21,600479.SH,1300,1300,134.439152,156.04875,28092.4774,18
20260816_122435_863625,2021-12-21,002197.SZ,5700,5700,31.368569,32.7609,7936.2867,16
20260816_122435_863625,2021-12-21,600594.SH,1600,1600,110.176106,115.27846,8163.7664,16
20260816_122435_863625,2021-12-21,600568.SH,7000,7000,25.724502,26.07395,2446.136,16
20260816_122435_863625,2021-12-21,002166.SZ,2700,2700,66.081465,62.24819,-10349.8425,16
20260816_122435_863625,2021-12-21,002401.SZ,2500,2500,72.307569,72.21728,-225.7225,15
20260816_122435_863625,2021-12-22,002376.SZ,4100,4100,40.243531,40.51892,1129.0949,29
20260816_122435_863625,2021-12-22,601801.SH,13900,13900,11.960324,12.57537,8549.1394,29
20260816_122435_863625,2021-12-22,600479.SH,1300,1300,134.439152,161.31973,34944.7514,19
20260816_122435_863625,2021-12-22,002197.SZ,5700,5700,31.368569,32.3928,5838.1167,17
20260816_122435_863625,2021-12-22,600594.SH,1600,1600,110.176106,119.50421,14924.9664,17
20260816_122435_863625,2021-12-22,600568.SH,7000,7000,25.724502,26.20114,3336.466,17
20260816_122435_863625,2021-12-22,002166.SZ,2700,2700,66.081465,63.97931,-5675.8185,17
20260816_122435_863625,2021-12-22,002401.SZ,2500,2500,72.307569,72.57268,662.7775,16
20260816_122435_863625,2021-12-23,002376.SZ,4100,4100,40.243531,40.19328,-206.0291,30
20260816_122435_863625,2021-12-23,601801.SH,13900,13900,11.960324,12.50268,7538.7484,30
20260816_122435_863625,2021-12-23,600479.SH,1300,1300,134.439152,156.60359,28813.7694,20
20260816_122435_863625,2021-12-23,002197.SZ,5700,5700,31.368569,32.1474,4439.3367,18
20260816_122435_863625,2021-12-23,600594.SH,1600,1600,110.176106,117.64488,11950.0384,18
20260816_122435_863625,2021-12-23,600568.SH,7000,7000,25.724502,25.69238,-224.854,18
20260816_122435_863625,2021-12-23,002166.SZ,2700,2700,66.081465,63.90718,-5870.5695,18
20260816_122435_863625,2021-12-23,002401.SZ,2500,2500,72.307569,71.29324,-2535.8225,17
20260816_122435_863625,2021-12-24,002376.SZ,4100,4100,40.243531,39.86764,-1541.1531,31
20260816_122435_863625,2021-12-24,601801.SH,13900,13900,11.960324,12.42999,6528.3574,31
20260816_122435_863625,2021-12-24,600479.SH,1300,1300,134.439152,160.48747,33862.8134,21
20260816_122435_863625,2021-12-24,002197.SZ,5700,5700,31.368569,31.4112,242.9967,19
20260816_122435_863625,2021-12-24,600594.SH,1600,1600,110.176106,129.47698,30881.3984,19
20260816_122435_863625,2021-12-24,600568.SH,7000,7000,25.724502,25.31081,-2895.844,19
20260816_122435_863625,2021-12-24,002166.SZ,2700,2700,66.081465,67.44155,3672.2295,19
20260816_122435_863625,2021-12-24,002401.SZ,2500,2500,72.307569,70.0138,-5734.4225,18
20260816_122435_863625,2021-12-27,002376.SZ,4100,4100,40.243531,43.07752,11619.3549,32
20260816_122435_863625,2021-12-27,601801.SH,13900,13900,11.960324,12.30884,4844.3724,32
20260816_122435_863625,2021-12-27,600479.SH,1300,1300,134.439152,163.81651,38190.5654,22
20260816_122435_863625,2021-12-27,002197.SZ,5700,5700,31.368569,31.4521,476.1267,20
20260816_122435_863625,2021-12-27,600594.SH,1600,1600,110.176106,131.8434,34667.6704,20
20260816_122435_863625,2021-12-27,600568.SH,7000,7000,25.724502,24.92924,-5566.834,20
20260816_122435_863625,2021-12-27,002166.SZ,2700,2700,66.081465,68.88415,7567.2495,20
20260816_122435_863625,2021-12-27,002401.SZ,2500,2500,72.307569,69.94272,-5912.1225,19
20260816_122435_863625,2021-12-28,002376.SZ,4100,4100,40.243531,44.00792,15433.9949,33
20260816_122435_863625,2021-12-28,601801.SH,13900,13900,11.960324,12.16346,2823.5904,33
20260816_122435_863625,2021-12-28,600479.SH,1300,1300,134.439152,158.82295,31698.9374,23
20260816_122435_863625,2021-12-28,002197.SZ,5700,5700,31.368569,34.6014,18427.1367,21
20260816_122435_863625,2021-12-28,600594.SH,1600,1600,110.176106,126.7725,26554.2304,21
20260816_122435_863625,2021-12-28,600568.SH,7000,7000,25.724502,24.67486,-7347.494,21
20260816_122435_863625,2021-12-28,002166.SZ,2700,2700,66.081465,67.44155,3672.2295,21
20260816_122435_863625,2021-12-28,002401.SZ,2500,2500,72.307569,70.93784,-3424.3225,20
20260816_122435_863625,2021-12-29,002376.SZ,4100,4100,40.243531,43.2636,12382.2829,34
20260816_122435_863625,2021-12-29,601801.SH,13900,13900,11.960324,12.115,2149.9964,34
20260816_122435_863625,2021-12-29,600479.SH,1300,1300,134.439152,157.99069,30616.9994,24
20260816_122435_863625,2021-12-29,002197.SZ,5700,5700,31.368569,34.4787,17727.7467,22
20260816_122435_863625,2021-12-29,600594.SH,1600,1600,110.176106,126.26541,25742.8864,22
20260816_122435_863625,2021-12-29,600568.SH,7000,7000,25.724502,24.42048,-9128.154,22
20260816_122435_863625,2021-12-29,002166.SZ,2700,2700,66.081465,66.57599,1335.2175,22
20260816_122435_863625,2021-12-29,002401.SZ,2500,2500,72.307569,70.7246,-3957.4225,21
20260816_122435_863625,2021-12-30,002376.SZ,4100,4100,40.243531,44.194,16196.9229,35
20260816_122435_863625,2021-12-30,601801.SH,13900,13900,11.960324,12.45422,6865.1544,35
20260816_122435_863625,2021-12-30,600479.SH,1300,1300,134.439152,158.26811,30977.6454,25
20260816_122435_863625,2021-12-30,002197.SZ,5700,5700,31.368569,35.4194,23089.7367,23
20260816_122435_863625,2021-12-30,600594.SH,1600,1600,110.176106,129.30795,30610.9504,23
20260816_122435_863625,2021-12-30,600568.SH,7000,7000,25.724502,24.67486,-7347.494,23
20260816_122435_863625,2021-12-30,002166.SZ,2700,2700,66.081465,68.37924,6203.9925,23
20260816_122435_863625,2021-12-30,002401.SZ,2500,2500,72.307569,71.22216,-2713.5225,22
20260816_122435_863625,2021-12-31,002376.SZ,4100,4100,40.243531,43.86836,14861.7989,36
20260816_122435_863625,2021-12-31,601801.SH,13900,13900,11.960324,12.57537,8549.1394,36
20260816_122435_863625,2021-12-31,600479.SH,1300,1300,134.439152,174.08105,51534.4674,26
20260816_122435_863625,2021-12-31,002197.SZ,5700,5700,31.368569,35.8693,25654.1667,24
20260816_122435_863625,2021-12-31,600594.SH,1600,1600,110.176106,137.42139,43592.4544,24
20260816_122435_863625,2021-12-31,600568.SH,7000,7000,25.724502,24.92924,-5566.834,24
20260816_122435_863625,2021-12-31,002166.SZ,2700,2700,66.081465,70.03823,10683.2655,24
20260816_122435_863625,2021-12-31,002401.SZ,2500,2500,72.307569,71.93296,-936.5225,23
20260816_122435_863625,2022-01-04,002376.SZ,4100,4100,40.243531,43.9614,15243.2629,37
20260816_122435_863625,2022-01-04,601801.SH,13900,13900,11.960324,12.89036,12927.5004,37
20260816_122435_863625,2022-01-04,600479.SH,1300,1300,134.439152,191.55851,74255.1654,27
20260816_122435_863625,2022-01-04,002197.SZ,5700,5700,31.368569,36.401,28684.8567,25
20260816_122435_863625,2022-01-04,600594.SH,1600,1600,110.176106,141.81617,50624.1024,25
20260816_122435_863625,2022-01-04,600568.SH,7000,7000,25.724502,25.18362,-3786.174,25
20260816_122435_863625,2022-01-04,002166.SZ,2700,2700,66.081465,69.46119,9125.2575,25
20260816_122435_863625,2022-01-04,002401.SZ,2500,2500,72.307569,75.98452,9192.3775,24
20260816_122435_863625,2022-01-05,002376.SZ,4100,4100,40.243531,43.44968,13145.2109,38
20260816_122435_863625,2022-01-05,601801.SH,13900,13900,11.960324,12.79344,11580.3124,38
20260816_122435_863625,2022-01-05,600479.SH,1300,1300,134.439152,191.69722,74435.4884,28
20260816_122435_863625,2022-01-05,002197.SZ,5700,5700,31.368569,35.4194,23089.7367,26
20260816_122435_863625,2022-01-05,600594.SH,1600,1600,110.176106,132.85758,36290.3584,26
20260816_122435_863625,2022-01-05,600568.SH,7000,7000,25.724502,24.80205,-6457.164,26
20260816_122435_863625,2022-01-05,002166.SZ,2700,2700,66.081465,67.36942,3477.4785,26
20260816_122435_863625,2022-01-05,002401.SZ,2500,2500,72.307569,74.42076,5282.9775,25
20260816_122435_863625,2022-01-06,002376.SZ,4100,4100,40.243531,43.54272,13526.6749,39
20260816_122435_863625,2022-01-06,601801.SH,13900,13900,11.960324,12.8419,12253.9064,39
20260816_122435_863625,2022-01-06,600479.SH,1300,1300,134.439152,210.8392,99320.0624,29
20260816_122435_863625,2022-01-06,002197.SZ,5700,5700,31.368569,35.8693,25654.1667,27
20260816_122435_863625,2022-01-06,600594.SH,1600,1600,110.176106,138.09751,44674.2464,27
20260816_122435_863625,2022-01-06,600568.SH,7000,7000,25.724502,24.80205,-6457.164,27
20260816_122435_863625,2022-01-06,002166.SZ,2700,2700,66.081465,67.73007,4451.2335,27
20260816_122435_863625,2022-01-06,002401.SZ,2500,2500,72.307569,74.634,5816.0775,26
20260816_122435_863625,2022-01-07,002376.SZ,4100,4100,40.243531,42.89144,10856.4269,40
20260816_122435_863625,2022-01-07,601801.SH,13900,13900,11.960324,12.74498,10906.7184,40
20260816_122435_863625,2022-01-07,600479.SH,1300,1300,134.439152,192.25206,75156.7804,30
20260816_122435_863625,2022-01-07,002197.SZ,5700,5700,31.368569,35.5012,23555.9967,28
20260816_122435_863625,2022-01-07,600594.SH,1600,1600,110.176106,130.99825,33315.4304,28
20260816_122435_863625,2022-01-07,600568.SH,7000,7000,25.724502,24.42048,-9128.154,28
20260816_122435_863625,2022-01-07,002166.SZ,2700,2700,66.081465,68.45137,6398.7435,28
20260816_122435_863625,2022-01-07,002401.SZ,2500,2500,72.307569,72.43052,307.3775,27
20260816_122435_863625,2022-01-10,002376.SZ,4100,4100,40.243531,42.89144,10856.4269,41
20260816_122435_863625,2022-01-10,601801.SH,13900,13900,11.960324,12.72075,10569.9214,41
20260816_122435_863625,2022-01-10,600479.SH,1300,1300,134.439152,192.11335,74976.4574,31
20260816_122435_863625,2022-01-10,002197.SZ,5700,5700,31.368569,34.8468,19825.9167,29
20260816_122435_863625,2022-01-10,600594.SH,1600,1600,110.176106,131.8434,34667.6704,29
20260816_122435_863625,2022-01-10,600568.SH,7000,7000,25.724502,24.67486,-7347.494,29
20260816_122435_863625,2022-01-10,002166.SZ,2700,2700,66.081465,70.39888,11657.0205,29
20260816_122435_863625,2022-01-10,002401.SZ,2500,2500,72.307569,73.9232,4039.0775,28
20260816_122435_863625,2022-01-11,002376.SZ,4100,4100,40.243531,42.65884,9902.7669,42
20260816_122435_863625,2022-01-11,601801.SH,13900,13900,11.960324,12.64806,9559.5304,42
20260816_122435_863625,2022-01-11,600479.SH,1300,1300,134.439152,204.87467,91566.1734,32
20260816_122435_863625,2022-01-11,002197.SZ,5700,5700,31.368569,34.1924,16095.8367,30
20260816_122435_863625,2022-01-11,600594.SH,1600,1600,110.176106,141.81617,50624.1024,30
20260816_122435_863625,2022-01-11,600568.SH,7000,7000,25.724502,24.80205,-6457.164,30
20260816_122435_863625,2022-01-11,002166.SZ,2700,2700,66.081465,69.38906,8930.5065,30
20260816_122435_863625,2022-01-11,002401.SZ,2500,2500,72.307569,73.85212,3861.3775,29
20260816_122435_863625,2022-01-12,002376.SZ,4100,4100,40.243531,43.12404,11810.0869,43
20260816_122435_863625,2022-01-12,601801.SH,13900,13900,11.960324,12.69652,10233.1244,43
20260816_122435_863625,2022-01-12,600479.SH,1300,1300,134.439152,194.74884,78402.5944,33
20260816_122435_863625,2022-01-12,002197.SZ,5700,5700,31.368569,34.9286,20292.1767,31
20260816_122435_863625,2022-01-12,600594.SH,1600,1600,110.176106,139.61878,47108.2784,31
20260816_122435_863625,2022-01-12,600568.SH,7000,7000,25.724502,24.80205,-6457.164,31
20260816_122435_863625,2022-01-12,002166.SZ,2700,2700,66.081465,69.53332,9320.0085,31
20260816_122435_863625,2022-01-12,002401.SZ,2500,2500,72.307569,74.77616,6171.4775,30
20260816_122435_863625,2022-01-13,002376.SZ,4100,4100,40.243531,42.75188,10284.2309,44
20260816_122435_863625,2022-01-13,601801.SH,13900,13900,11.960324,12.67229,9896.3274,44
20260816_122435_863625,2022-01-13,600479.SH,1300,1300,134.439152,178.65848,57485.1264,34
20260816_122435_863625,2022-01-13,002197.SZ,5700,5700,31.368569,35.7466,24954.7767,32
20260816_122435_863625,2022-01-13,600594.SH,1600,1600,110.176106,132.18146,35208.5664,32
20260816_122435_863625,2022-01-13,600568.SH,7000,7000,25.724502,24.92924,-5566.834,32
20260816_122435_863625,2022-01-13,002166.SZ,2700,2700,66.081465,67.8022,4645.9845,32
20260816_122435_863625,2022-01-13,002401.SZ,2500,2500,72.307569,74.634,5816.0775,31
20260816_122435_863625,2022-01-14,002376.SZ,4100,4100,40.243531,42.75188,10284.2309,45
20260816_122435_863625,2022-01-14,601801.SH,13900,13900,11.960324,12.33307,5181.1694,45
20260816_122435_863625,2022-01-14,600479.SH,1300,1300,134.439152,187.95205,69566.7674,35
20260816_122435_863625,2022-01-14,002197.SZ,5700,5700,31.368569,35.0513,20991.5667,33
20260816_122435_863625,2022-01-14,600594.SH,1600,1600,110.176106,137.42139,43592.4544,33
20260816_122435_863625,2022-01-14,600568.SH,7000,7000,25.724502,25.31081,-2895.844,33
20260816_122435_863625,2022-01-14,002166.SZ,2700,2700,66.081465,74.58242,22952.5785,33
20260816_122435_863625,2022-01-14,002401.SZ,2500,2500,72.307569,74.77616,6171.4775,32
20260816_122435_863625,2022-01-17,002376.SZ,4100,4100,40.243531,44.10096,15815.4589,46
20260816_122435_863625,2022-01-17,601801.SH,13900,13900,11.960324,12.67229,9896.3274,46
20260816_122435_863625,2022-01-17,600479.SH,1300,1300,134.439152,183.92946,64337.4004,36
20260816_122435_863625,2022-01-17,002197.SZ,5700,5700,31.368569,37.5053,34979.3667,34
20260816_122435_863625,2022-01-17,600594.SH,1600,1600,110.176106,133.87176,37913.0464,34
20260816_122435_863625,2022-01-17,600568.SH,7000,7000,25.724502,25.56519,-1115.184,34
20260816_122435_863625,2022-01-17,002166.SZ,2700,2700,66.081465,73.64473,20420.8155,34
20260816_122435_863625,2022-01-17,002401.SZ,2500,2500,72.307569,77.90368,13990.2775,33
20260816_122435_863625,2022-01-18,002376.SZ,4100,4100,40.243531,43.31012,12573.0149,47
20260816_122435_863625,2022-01-18,601801.SH,13900,13900,11.960324,12.52691,7875.5454,47
20260816_122435_863625,2022-01-18,600479.SH,1300,1300,134.439152,179.07461,58026.0954,37
20260816_122435_863625,2022-01-18,002197.SZ,5700,5700,31.368569,36.6873,30316.7667,35
20260816_122435_863625,2022-01-18,600594.SH,1600,1600,110.176106,126.09638,25472.4384,35
20260816_122435_863625,2022-01-18,600568.SH,7000,7000,25.724502,24.80205,-6457.164,35
20260816_122435_863625,2022-01-18,002166.SZ,2700,2700,66.081465,70.39888,11657.0205,35
20260816_122435_863625,2022-01-18,002401.SZ,2500,2500,72.307569,76.26884,9903.1775,34
20260816_122435_863625,2022-01-19,002376.SZ,4100,4100,40.243531,43.54272,13526.6749,48
20260816_122435_863625,2022-01-19,601801.SH,13900,13900,11.960324,12.79344,11580.3124,48
20260816_122435_863625,2022-01-19,600479.SH,1300,1300,134.439152,171.86169,48649.2994,38
20260816_122435_863625,2022-01-19,002197.SZ,5700,5700,31.368569,36.81,31016.1567,36
20260816_122435_863625,2022-01-19,600594.SH,1600,1600,110.176106,123.22287,20874.8224,36
20260816_122435_863625,2022-01-19,600568.SH,7000,7000,25.724502,24.54767,-8237.824,36
20260816_122435_863625,2022-01-19,002166.SZ,2700,2700,66.081465,70.6874,12436.0245,36
20260816_122435_863625,2022-01-19,002401.SZ,2500,2500,72.307569,77.33504,12568.6775,35
20260816_122435_863625,2022-01-20,002376.SZ,4100,4100,40.243531,42.00756,7232.5189,49
20260816_122435_863625,2022-01-20,601801.SH,13900,13900,11.960324,12.50268,7538.7484,49
20260816_122435_863625,2022-01-20,600479.SH,1300,1300,134.439152,166.03587,41075.7334,39
20260816_122435_863625,2022-01-20,002197.SZ,5700,5700,31.368569,37.5462,35212.4967,37
20260816_122435_863625,2022-01-20,600594.SH,1600,1600,110.176106,120.34936,16277.2064,37
20260816_122435_863625,2022-01-20,600568.SH,7000,7000,25.724502,24.03891,-11799.144,37
20260816_122435_863625,2022-01-20,002166.SZ,2700,2700,66.081465,67.29729,3282.7275,37
20260816_122435_863625,2022-01-20,002401.SZ,2500,2500,72.307569,75.20264,7237.6775,36
20260816_122435_863625,2022-01-21,002376.SZ,4100,4100,40.243531,42.24016,8186.1789,50
20260816_122435_863625,2022-01-21,601801.SH,13900,13900,11.960324,12.3573,5517.9664,50
20260816_122435_863625,2022-01-21,600479.SH,1300,1300,134.439152,160.07134,33321.8444,40
20260816_122435_863625,2022-01-21,002197.SZ,5700,5700,31.368569,41.309,56660.4567,38
20260816_122435_863625,2022-01-21,600594.SH,1600,1600,110.176106,117.47585,11679.5904,38
20260816_122435_863625,2022-01-21,600568.SH,7000,7000,25.724502,22.8942,-19812.114,38
20260816_122435_863625,2022-01-21,002166.SZ,2700,2700,66.081465,66.28747,556.2135,38
20260816_122435_863625,2022-01-21,002401.SZ,2500,2500,72.307569,75.77128,8659.2775,37
20260816_122435_863625,2022-01-24,002376.SZ,4100,4100,40.243531,42.61232,9712.0349,51
20260816_122435_863625,2022-01-24,601801.SH,13900,13900,11.960324,12.01808,802.8084,51
20260816_122435_863625,2022-01-24,600479.SH,1300,1300,134.439152,157.71327,30256.3534,41
20260816_122435_863625,2022-01-24,002197.SZ,5700,5700,31.368569,45.4399,80206.5867,39
20260816_122435_863625,2022-01-24,600594.SH,1600,1600,110.176106,114.43331,6811.5264,39
20260816_122435_863625,2022-01-24,600568.SH,7000,7000,25.724502,23.78453,-13579.804,39
20260816_122435_863625,2022-01-24,002166.SZ,2700,2700,66.081465,65.92682,-417.5415,39
20260816_122435_863625,2022-01-24,002401.SZ,2500,2500,72.307569,74.9894,6704.5775,38
20260816_122435_863625,2022-01-25,002376.SZ,4100,4100,40.243531,40.79804,2273.4869,52
20260816_122435_863625,2022-01-25,601801.SH,13900,13900,11.960324,11.58194,-5259.5376,52
20260816_122435_863625,2022-01-25,600479.SH,1300,1300,134.439152,151.05519,21600.8494,42
20260816_122435_863625,2022-01-25,002197.SZ,5700,5700,31.368569,49.9798,106084.0167,40
20260816_122435_863625,2022-01-25,600594.SH,1600,1600,110.176106,106.82696,-5358.6336,40
20260816_122435_863625,2022-01-25,600568.SH,7000,7000,25.724502,22.8942,-19812.114,40
20260816_122435_863625,2022-01-25,002166.SZ,2700,2700,66.081465,60.44494,-15218.6175,40
20260816_122435_863625,2022-01-25,002401.SZ,2500,2500,72.307569,68.37896,-9821.5225,39
20260816_122435_863625,2022-01-26,002376.SZ,4100,4100,40.243531,40.56544,1319.8269,53
20260816_122435_863625,2022-01-26,601801.SH,13900,13900,11.960324,11.58194,-5259.5376,53
20260816_122435_863625,2022-01-26,600479.SH,1300,1300,134.439152,150.50035,20879.5574,43
20260816_122435_863625,2022-01-26,002197.SZ,5700,5700,31.368569,54.9696,134525.8767,41
20260816_122435_863625,2022-01-26,600594.SH,1600,1600,110.176106,107.50308,-4276.8416,41
20260816_122435_863625,2022-01-26,600568.SH,7000,7000,25.724502,23.53015,-15360.464,41
20260816_122435_863625,2022-01-26,002166.SZ,2700,2700,66.081465,61.02198,-13660.6095,41
20260816_122435_863625,2022-01-26,002401.SZ,2500,2500,72.307569,69.6584,-6622.9225,40
20260816_122435_863625,2022-01-27,002376.SZ,4100,4100,40.243531,38.19292,-8407.5051,54
20260816_122435_863625,2022-01-27,601801.SH,13900,13900,11.960324,11.41233,-7617.1166,54
20260816_122435_863625,2022-01-27,600479.SH,1300,1300,134.439152,142.17775,10060.1774,44
20260816_122435_863625,2022-01-27,002197.SZ,5700,5700,31.368569,49.489,103286.4567,42
20260816_122435_863625,2022-01-27,600594.SH,1600,1600,110.176106,106.4889,-5899.5296,42
20260816_122435_863625,2022-01-27,600568.SH,7000,7000,25.724502,22.8942,-19812.114,42
20260816_122435_863625,2022-01-27,002166.SZ,2700,2700,66.081465,59.00234,-19113.6375,42
20260816_122435_863625,2022-01-27,002401.SZ,2500,2500,72.307569,65.53576,-16929.5225,41
20260816_122435_863625,2022-01-28,002376.SZ,4100,4100,40.243531,39.72808,-2113.3491,55
20260816_122435_863625,2022-01-28,601801.SH,13900,13900,11.960324,11.55771,-5596.3346,55
20260816_122435_863625,2022-01-28,600479.SH,1300,1300,134.439152,143.01001,11142.1154,45
20260816_122435_863625,2022-01-28,002197.SZ,5700,5700,31.368569,44.99,77642.1567,43
20260816_122435_863625,2022-01-28,600594.SH,1600,1600,110.176106,107.67211,-4006.3936,43
20260816_122435_863625,2022-01-28,600568.SH,7000,7000,25.724502,23.27577,-17141.124,43
20260816_122435_863625,2022-01-28,002166.SZ,2700,2700,66.081465,60.51707,-15023.8665,43
20260816_122435_863625,2022-01-28,002401.SZ,2500,2500,72.307569,66.38872,-14797.1225,42
20260816_122435_863625,2022-02-07,002376.SZ,4100,4100,40.243531,39.16984,-4402.1331,56
20260816_122435_863625,2022-02-07,601801.SH,13900,13900,11.960324,11.84847,-1554.7706,56
20260816_122435_863625,2022-02-07,600479.SH,1300,1300,134.439152,142.8713,10961.7924,46
20260816_122435_863625,2022-02-07,002197.SZ,5700,5700,31.368569,47.853,93961.2567,44
20260816_122435_863625,2022-02-07,600594.SH,1600,1600,110.176106,109.36241,-1301.9136,44
20260816_122435_863625,2022-02-07,600568.SH,7000,7000,25.724502,23.40296,-16250.794,44
20260816_122435_863625,2022-02-07,002166.SZ,2700,2700,66.081465,61.67115,-11907.8505,44
20260816_122435_863625,2022-02-07,002401.SZ,2500,2500,72.307569,66.88628,-13553.2225,43
20260816_122435_863625,2022-02-08,002376.SZ,4100,4100,40.243531,40.65848,1701.2909,57
20260816_122435_863625,2022-02-08,601801.SH,13900,13900,11.960324,12.06654,1476.4024,57
20260816_122435_863625,2022-02-08,600479.SH,1300,1300,134.439152,145.6455,14568.2524,47
20260816_122435_863625,2022-02-08,002197.SZ,5700,5700,31.368569,50.7978,110746.6167,45
20260816_122435_863625,2022-02-08,600594.SH,1600,1600,110.176106,111.72883,2484.3584,45
20260816_122435_863625,2022-02-08,600568.SH,7000,7000,25.724502,23.65734,-14470.134,45
20260816_122435_863625,2022-02-08,002166.SZ,2700,2700,66.081465,62.17606,-10544.5935,45
20260816_122435_863625,2022-02-08,002401.SZ,2500,2500,72.307569,68.30788,-9999.2225,44
20260816_122435_863625,2022-02-09,002376.SZ,4100,4100,40.243531,42.42624,8949.1069,58
20260816_122435_863625,2022-02-09,601801.SH,13900,13900,11.960324,12.45422,6865.1544,58
20260816_122435_863625,2022-02-09,600479.SH,1300,1300,134.439152,160.21005,33502.1674,48
20260816_122435_863625,2022-02-09,002197.SZ,5700,5700,31.368569,55.8694,139654.7367,46
20260816_122435_863625,2022-02-09,600594.SH,1600,1600,110.176106,114.77137,7352.4224,46
20260816_122435_863625,2022-02-09,600568.SH,7000,7000,25.724502,23.78453,-13579.804,46
20260816_122435_863625,2022-02-09,002166.SZ,2700,2700,66.081465,62.82523,-8791.8345,46
20260816_122435_863625,2022-02-09,002401.SZ,2500,2500,72.307569,71.36432,-2358.1225,45
20260816_122435_863625,2022-02-10,002376.SZ,4100,4100,40.243531,41.82148,6469.5909,59
20260816_122435_863625,2022-02-10,601801.SH,13900,13900,11.960324,12.50268,7538.7484,59
20260816_122435_863625,2022-02-10,600479.SH,1300,1300,134.439152,162.70683,36747.9814,49
20260816_122435_863625,2022-02-10,002197.SZ,5700,5700,31.368569,61.4727,171593.5467,47
20260816_122435_863625,2022-02-10,600594.SH,1600,1600,110.176106,114.09525,6270.6304,47
20260816_122435_863625,2022-02-10,600568.SH,7000,7000,25.724502,23.40296,-16250.794,47
20260816_122435_863625,2022-02-10,002166.SZ,2700,2700,66.081465,62.39245,-9960.3405,47
20260816_122435_863625,2022-02-10,002401.SZ,2500,2500,72.307569,70.86676,-3602.0225,46
20260816_122435_863625,2022-02-11,002376.SZ,4100,4100,40.243531,40.42588,747.6309,60
20260816_122435_863625,2022-02-11,601801.SH,13900,13900,11.960324,12.28461,4507.5754,60
20260816_122435_863625,2022-02-11,600479.SH,1300,1300,134.439152,157.01972,29354.7384,50
20260816_122435_863625,2022-02-11,002197.SZ,5700,5700,31.368569,58.6097,155274.4467,48
20260816_122435_863625,2022-02-11,600594.SH,1600,1600,110.176106,110.20756,50.3264,48
20260816_122435_863625,2022-02-11,600568.SH,7000,7000,25.724502,22.8942,-19812.114,48
20260816_122435_863625,2022-02-11,002166.SZ,2700,2700,66.081465,60.73346,-14439.6135,48
20260816_122435_863625,2022-02-11,002401.SZ,2500,2500,72.307569,69.51624,-6978.3225,47
20260816_122435_863625,2022-02-14,600479.SH,1300,1300,134.439152,157.29714,29715.3844,51
20260816_122435_863625,2022-02-14,002197.SZ,5700,5700,31.368569,57.3418,148047.4167,49
20260816_122435_863625,2022-02-14,600594.SH,1600,1600,110.176106,109.53144,-1031.4656,49
20260816_122435_863625,2022-02-14,600568.SH,7000,7000,25.724502,22.8942,-19812.114,49
20260816_122435_863625,2022-02-14,002166.SZ,2700,2700,66.081465,61.02198,-13660.6095,49
20260816_122435_863625,2022-02-14,002401.SZ,2500,2500,72.307569,69.58732,-6800.6225,48
20260816_122435_863625,2022-02-15,600479.SH,1300,1300,134.439152,167.42297,42878.9634,52
20260816_122435_863625,2022-02-15,002197.SZ,5700,5700,31.368569,52.3929,119838.6867,50
20260816_122435_863625,2022-02-15,600594.SH,1600,1600,110.176106,111.22174,1673.0144,50
20260816_122435_863625,2022-02-15,600568.SH,7000,7000,25.724502,22.76701,-20702.444,50
20260816_122435_863625,2022-02-15,002166.SZ,2700,2700,66.081465,61.45476,-12492.1035,50
20260816_122435_863625,2022-02-15,002401.SZ,2500,2500,72.307569,69.303,-7511.4225,49
20260816_122435_863625,2022-02-16,600479.SH,1300,1300,134.439152,160.76489,34223.4594,53
20260816_122435_863625,2022-02-16,002197.SZ,5700,5700,31.368569,53.988,128930.7567,51
20260816_122435_863625,2022-02-16,600594.SH,1600,1600,110.176106,112.57398,3836.5984,51
20260816_122435_863625,2022-02-16,600568.SH,7000,7000,25.724502,22.8942,-19812.114,51
20260816_122435_863625,2022-02-16,002166.SZ,2700,2700,66.081465,61.59902,-12102.6015,51
20260816_122435_863625,2022-02-16,002401.SZ,2500,2500,72.307569,70.0138,-5734.4225,50
20260816_122435_863625,2022-02-17,600479.SH,1300,1300,134.439152,156.32617,28453.1234,54
20260816_122435_863625,2022-02-17,002197.SZ,5700,5700,31.368569,51.4522,114476.6967,52
20260816_122435_863625,2022-02-17,600594.SH,1600,1600,110.176106,110.03853,-220.1216,52
20260816_122435_863625,2022-02-17,600568.SH,7000,7000,25.724502,22.63982,-21592.774,52
20260816_122435_863625,2022-02-17,002166.SZ,2700,2700,66.081465,61.23837,-13076.3565,52
20260816_122435_863625,2022-02-17,002401.SZ,2500,2500,72.307569,68.9476,-8399.9225,51
20260816_122435_863625,2022-02-18,600479.SH,1300,1300,134.439152,160.9036,34403.7824,55
20260816_122435_863625,2022-02-18,002197.SZ,5700,5700,31.368569,53.1291,124035.0267,53
20260816_122435_863625,2022-02-18,600594.SH,1600,1600,110.176106,111.22174,1673.0144,53
20260816_122435_863625,2022-02-18,600568.SH,7000,7000,25.724502,23.02139,-18921.784,53
20260816_122435_863625,2022-02-18,002166.SZ,2700,2700,66.081465,61.38263,-12686.8545,53
20260816_122435_863625,2022-02-18,002401.SZ,2500,2500,72.307569,70.58244,-4312.8225,52
20260816_122435_863625,2022-02-21,600479.SH,1300,1300,134.439152,163.40038,37649.5964,56
20260816_122435_863625,2022-02-21,002197.SZ,5700,5700,31.368569,58.4461,154341.9267,54
20260816_122435_863625,2022-02-21,600594.SH,1600,1600,110.176106,113.92622,6000.1824,54
20260816_122435_863625,2022-02-21,600568.SH,7000,7000,25.724502,23.02139,-18921.784,54
20260816_122435_863625,2022-02-21,002166.SZ,2700,2700,66.081465,62.60884,-9376.0875,54
20260816_122435_863625,2022-02-21,002401.SZ,2500,2500,72.307569,72.71484,1018.1775,53
20260816_122435_863625,2022-02-22,600479.SH,1300,1300,134.439152,161.87457,35666.0434,57
20260816_122435_863625,2022-02-22,002197.SZ,5700,5700,31.368569,64.2948,187679.5167,55
20260816_122435_863625,2022-02-22,600594.SH,1600,1600,110.176106,111.5598,2213.9104,55
20260816_122435_863625,2022-02-22,600568.SH,7000,7000,25.724502,22.8942,-19812.114,55
20260816_122435_863625,2022-02-22,002166.SZ,2700,2700,66.081465,61.3105,-12881.6055,55
20260816_122435_863625,2022-02-22,002401.SZ,2500,2500,72.307569,71.93296,-936.5225,54
20260816_122435_863625,2022-02-23,600479.SH,1300,1300,134.439152,162.56812,36567.6584,58
20260816_122435_863625,2022-02-23,002197.SZ,5700,5700,31.368569,59.3868,159703.9167,56
20260816_122435_863625,2022-02-23,600594.SH,1600,1600,110.176106,114.43331,6811.5264,56
20260816_122435_863625,2022-02-23,600568.SH,7000,7000,25.724502,22.76701,-20702.444,56
20260816_122435_863625,2022-02-23,002166.SZ,2700,2700,66.081465,61.67115,-11907.8505,56
20260816_122435_863625,2022-02-23,002401.SZ,2500,2500,72.307569,72.57268,662.7775,55
20260816_122435_863625,2022-02-24,600479.SH,1300,1300,134.439152,163.26167,37469.2734,59
20260816_122435_863625,2022-02-24,002197.SZ,5700,5700,31.368569,53.7426,127531.9767,57
20260816_122435_863625,2022-02-24,600594.SH,1600,1600,110.176106,111.39077,1943.4624,57
20260816_122435_863625,2022-02-24,600568.SH,7000,7000,25.724502,22.00387,-26044.424,57
20260816_122435_863625,2022-02-24,002166.SZ,2700,2700,66.081465,60.37281,-15413.3685,57
20260816_122435_863625,2022-02-24,002401.SZ,2500,2500,72.307569,69.58732,-6800.6225,56
20260816_122435_863625,2022-02-25,600479.SH,1300,1300,134.439152,165.61974,40534.7644,60
20260816_122435_863625,2022-02-25,002197.SZ,5700,5700,31.368569,54.9287,134292.7467,58
20260816_122435_863625,2022-02-25,600594.SH,1600,1600,110.176106,113.41913,5188.8384,58
20260816_122435_863625,2022-02-25,002166.SZ,2700,2700,66.081465,60.5892,-14829.1155,58
20260816_122435_863625,2022-02-25,002401.SZ,2500,2500,72.307569,70.58244,-4312.8225,57
20260816_122435_863625,2022-02-28,002197.SZ,5700,5700,31.368569,56.4011,142685.4267,59
20260816_122435_863625,2022-02-28,600594.SH,1600,1600,110.176106,112.57398,3836.5984,59
20260816_122435_863625,2022-02-28,002166.SZ,2700,2700,66.081465,60.73346,-14439.6135,59
20260816_122435_863625,2022-02-28,002401.SZ,2500,2500,72.307569,70.3692,-4845.9225,58
20260816_122435_863625,2022-03-01,002197.SZ,5700,5700,31.368569,57.3418,148047.4167,60
20260816_122435_863625,2022-03-01,600594.SH,1600,1600,110.176106,112.57398,3836.5984,60
20260816_122435_863625,2022-03-01,002166.SZ,2700,2700,66.081465,60.87772,-14050.1115,60
20260816_122435_863625,2022-03-01,002401.SZ,2500,2500,72.307569,71.08,-3068.9225,59
20260816_122435_863625,2022-03-02,002401.SZ,2500,2500,72.307569,71.57756,-1825.0225,60
