run_id,date,code,volume,available_volume,cost_price,last_price,unrealized_pnl,holding_days
20260816_125007_bb495b,2023-01-04,600229.SH,7300,0,11.368643,11.275488,-680.0315,1
20260816_125007_bb495b,2023-01-04,300770.SZ,1100,0,72.145592,71.411136,-807.9016,1
20260816_125007_bb495b,2023-01-04,300294.SZ,400,0,178.288827,179.7016,565.1092,1
20260816_125007_bb495b,2023-01-05,600229.SH,7300,7300,11.368643,11.070192,-2178.6923,2
20260816_125007_bb495b,2023-01-05,300770.SZ,1100,1100,72.145592,71.581704,-620.2768,2
20260816_125007_bb495b,2023-01-05,300294.SZ,400,400,178.288827,178.3067,7.1492,2
20260816_125007_bb495b,2023-01-05,601009.SH,1300,0,62.932423,62.56285,-480.4449,1
20260816_125007_bb495b,2023-01-05,601658.SH,15200,0,5.45415,5.41308,-624.264,1
20260816_125007_bb495b,2023-01-05,000972.SZ,8200,0,10.137259,10.67982,4449.0002,1
20260816_125007_bb495b,2023-01-05,300012.SZ,100,0,453.215024,452.6491,-56.5924,1
20260816_125007_bb495b,2023-01-05,002929.SZ,1900,0,42.577664,43.220614,1221.605,1
20260816_125007_bb495b,2023-01-05,600073.SH,3100,0,26.273524,26.20836,-202.0084,1
20260816_125007_bb495b,2023-01-05,300291.SZ,2000,0,39.960398,38.9331,-2054.596,1
20260816_125007_bb495b,2023-01-05,600433.SH,2800,0,28.854781,28.62,-657.3868,1
20260816_125007_bb495b,2023-01-06,600229.SH,7300,7300,11.368643,10.849104,-3792.6347,3
20260816_125007_bb495b,2023-01-06,300770.SZ,1100,1100,72.145592,70.747816,-1537.5536,3
20260816_125007_bb495b,2023-01-06,300294.SZ,400,400,178.288827,173.5448,-1897.6108,3
20260816_125007_bb495b,2023-01-06,601009.SH,1300,1300,62.932423,62.621048,-404.7875,2
20260816_125007_bb495b,2023-01-06,601658.SH,15200,15200,5.45415,5.40166,-797.848,2
20260816_125007_bb495b,2023-01-06,000972.SZ,8200,8200,10.137259,10.7778,5252.4362,2
20260816_125007_bb495b,2023-01-06,300012.SZ,100,100,453.215024,452.6491,-56.5924,2
20260816_125007_bb495b,2023-01-06,002929.SZ,1900,1900,42.577664,46.496454,7445.701,2
20260816_125007_bb495b,2023-01-06,600073.SH,3100,3100,26.273524,25.39946,-2709.5984,2
20260816_125007_bb495b,2023-01-06,300291.SZ,2000,2000,39.960398,37.6299,-4660.996,2
20260816_125007_bb495b,2023-01-06,600433.SH,2800,2800,28.854781,28.02375,-2326.8868,2
20260816_125007_bb495b,2023-01-06,002373.SZ,2000,0,40.905779,40.73152,-348.518,1
20260816_125007_bb495b,2023-01-09,600229.SH,7300,7300,11.368643,11.022816,-2524.5371,4
20260816_125007_bb495b,2023-01-09,300770.SZ,1100,1100,72.145592,70.349824,-1975.3448,4
20260816_125007_bb495b,2023-01-09,300294.SZ,400,400,178.288827,175.2283,-1224.2108,4
20260816_125007_bb495b,2023-01-09,601009.SH,1300,1300,62.932423,62.737444,-253.4727,3
20260816_125007_bb495b,2023-01-09,601658.SH,15200,15200,5.45415,5.43592,-277.096,3
20260816_125007_bb495b,2023-01-09,000972.SZ,8200,8200,10.137259,11.33302,9805.2402,3
20260816_125007_bb495b,2023-01-09,300012.SZ,100,100,453.215024,445.84965,-736.5374,3
20260816_125007_bb495b,2023-01-09,002929.SZ,1900,1900,42.577664,46.854749,8126.4615,3
20260816_125007_bb495b,2023-01-09,600073.SH,3100,3100,26.273524,25.334748,-2910.2056,3
20260816_125007_bb495b,2023-01-09,300291.SZ,2000,2000,39.960398,37.87425,-4172.296,3
20260816_125007_bb495b,2023-01-09,600433.SH,2800,2800,28.854781,27.6925,-3254.3868,3
20260816_125007_bb495b,2023-01-09,002373.SZ,2000,2000,40.905779,40.77258,-266.398,2
20260816_125007_bb495b,2023-01-10,600229.SH,7300,7300,11.368643,10.959648,-2985.6635,5
20260816_125007_bb495b,2023-01-10,300770.SZ,1100,1100,72.145592,70.709912,-1579.248,5
20260816_125007_bb495b,2023-01-10,300294.SZ,400,400,178.288827,179.1725,353.4692,5
20260816_125007_bb495b,2023-01-10,601009.SH,1300,1300,62.932423,61.515286,-1842.2781,4
20260816_125007_bb495b,2023-01-10,601658.SH,15200,15200,5.45415,5.4245,-450.68,4
20260816_125007_bb495b,2023-01-10,000972.SZ,8200,8200,10.137259,11.88824,14358.0442,4
20260816_125007_bb495b,2023-01-10,300012.SZ,100,100,453.215024,444.48976,-872.5264,4
20260816_125007_bb495b,2023-01-10,002929.SZ,1900,1900,42.577664,46.711431,7854.1573,4
20260816_125007_bb495b,2023-01-10,600073.SH,3100,3100,26.273524,25.108256,-3612.3308,4
20260816_125007_bb495b,2023-01-10,300291.SZ,2000,2000,39.960398,37.87425,-4172.296,4
20260816_125007_bb495b,2023-01-10,600433.SH,2800,2800,28.854781,27.295,-4367.3868,4
20260816_125007_bb495b,2023-01-10,002373.SZ,2000,2000,40.905779,40.15668,-1498.198,3
20260816_125007_bb495b,2023-01-11,600229.SH,7300,7300,11.368643,10.81752,-4023.1979,6
20260816_125007_bb495b,2023-01-11,300770.SZ,1100,1100,72.145592,70.1224,-2225.5112,6
20260816_125007_bb495b,2023-01-11,300294.SZ,400,400,178.288827,177.7776,-204.4908,6
20260816_125007_bb495b,2023-01-11,601009.SH,1300,1300,62.932423,61.748078,-1539.6485,5
20260816_125007_bb495b,2023-01-11,601658.SH,15200,15200,5.45415,5.51586,937.992,5
20260816_125007_bb495b,2023-01-11,000972.SZ,8200,8200,10.137259,11.69228,12751.1722,5
20260816_125007_bb495b,2023-01-11,300012.SZ,100,100,453.215024,441.38144,-1183.3584,5
20260816_125007_bb495b,2023-01-11,002929.SZ,1900,1900,42.577664,46.568113,7581.8531,5
20260816_125007_bb495b,2023-01-11,600073.SH,3100,3100,26.273524,25.011188,-3913.2416,5
20260816_125007_bb495b,2023-01-11,300291.SZ,2000,2000,39.960398,36.8154,-6289.996,5
20260816_125007_bb495b,2023-01-11,600433.SH,2800,2800,28.854781,27.36125,-4181.8868,5
20260816_125007_bb495b,2023-01-11,002373.SZ,2000,2000,40.905779,39.49972,-2812.118,4
20260816_125007_bb495b,2023-01-12,600229.SH,7300,7300,11.368643,10.785936,-4253.7611,7
20260816_125007_bb495b,2023-01-12,300770.SZ,1100,1100,72.145592,70.88048,-1391.6232,7
20260816_125007_bb495b,2023-01-12,300294.SZ,400,400,178.288827,175.9979,-916.3708,7
20260816_125007_bb495b,2023-01-12,601009.SH,1300,1300,62.932423,62.504652,-556.1023,6
20260816_125007_bb495b,2023-01-12,601658.SH,15200,15200,5.45415,5.55012,1458.744,6
20260816_125007_bb495b,2023-01-12,000972.SZ,8200,8200,10.137259,12.28016,17571.7882,6
20260816_125007_bb495b,2023-01-12,300012.SZ,100,100,453.215024,442.54706,-1066.7964,6
20260816_125007_bb495b,2023-01-12,002929.SZ,1900,1900,42.577664,47.60205,9546.3334,6
20260816_125007_bb495b,2023-01-12,600073.SH,3100,3100,26.273524,25.043544,-3812.938,6
20260816_125007_bb495b,2023-01-12,300291.SZ,2000,2000,39.960398,37.22265,-5475.496,6
20260816_125007_bb495b,2023-01-12,600433.SH,2800,2800,28.854781,26.83125,-5665.8868,6
20260816_125007_bb495b,2023-01-12,002373.SZ,2000,2000,40.905779,39.99244,-1826.678,5
20260816_125007_bb495b,2023-01-13,600229.SH,7300,7300,11.368643,10.81752,-4023.1979,8
20260816_125007_bb495b,2023-01-13,300770.SZ,1100,1100,72.145592,72.68092,588.8608,8
20260816_125007_bb495b,2023-01-13,300294.SZ,400,400,178.288827,180.0383,699.7892,8
20260816_125007_bb495b,2023-01-13,601009.SH,1300,1300,62.932423,62.795642,-177.8153,7
20260816_125007_bb495b,2023-01-13,601658.SH,15200,15200,5.45415,5.58438,1979.496,7
20260816_125007_bb495b,2023-01-13,000972.SZ,8200,8200,10.137259,12.14952,16500.5402,7
20260816_125007_bb495b,2023-01-13,300012.SZ,100,100,453.215024,446.62673,-658.8294,7
20260816_125007_bb495b,2023-01-13,002929.SZ,1900,1900,42.577664,46.486217,7426.2507,7
20260816_125007_bb495b,2023-01-13,600073.SH,3100,3100,26.273524,26.305428,98.9024,7
20260816_125007_bb495b,2023-01-13,300291.SZ,2000,2000,39.960398,37.71135,-4498.096,7
20260816_125007_bb495b,2023-01-13,600433.SH,2800,2800,28.854781,27.03,-5109.3868,7
20260816_125007_bb495b,2023-01-13,002373.SZ,2000,2000,40.905779,40.19774,-1416.078,6
20260816_125007_bb495b,2023-01-16,600229.SH,7300,7300,11.368643,10.928064,-3216.2267,9
20260816_125007_bb495b,2023-01-16,300770.SZ,1100,1100,72.145592,72.737776,651.4024,9
20260816_125007_bb495b,2023-01-16,300294.SZ,400,400,178.288827,180.3269,815.2292,9
20260816_125007_bb495b,2023-01-16,601009.SH,1300,1300,62.932423,61.68988,-1615.3059,8
20260816_125007_bb495b,2023-01-16,601658.SH,15200,15200,5.45415,5.50444,764.408,8
20260816_125007_bb495b,2023-01-16,000972.SZ,8200,8200,10.137259,12.14952,16500.5402,8
20260816_125007_bb495b,2023-01-16,300012.SZ,100,100,453.215024,459.44855,623.3526,8
20260816_125007_bb495b,2023-01-16,002929.SZ,1900,1900,42.577664,47.448495,9254.5789,8
20260816_125007_bb495b,2023-01-16,600073.SH,3100,3100,26.273524,26.53192,801.0276,8
20260816_125007_bb495b,2023-01-16,300291.SZ,2000,2000,39.960398,37.3041,-5312.596,8
20260816_125007_bb495b,2023-01-16,600433.SH,2800,2800,28.854781,26.96375,-5294.8868,8
20260816_125007_bb495b,2023-01-16,002373.SZ,2000,2000,40.905779,40.69046,-430.638,7
20260816_125007_bb495b,2023-01-17,600229.SH,7300,7300,11.368643,10.849104,-3792.6347,10
20260816_125007_bb495b,2023-01-17,300770.SZ,1100,1100,72.145592,71.809128,-370.1104,10
20260816_125007_bb495b,2023-01-17,300294.SZ,400,400,178.288827,178.4029,45.6292,10
20260816_125007_bb495b,2023-01-17,601009.SH,1300,1300,62.932423,62.504652,-556.1023,9
20260816_125007_bb495b,2023-01-17,601658.SH,15200,15200,5.45415,5.45876,70.072,9
20260816_125007_bb495b,2023-01-17,000972.SZ,8200,8200,10.137259,12.37814,18375.2242,9
20260816_125007_bb495b,2023-01-17,300012.SZ,100,100,453.215024,457.70012,448.5096,9
20260816_125007_bb495b,2023-01-17,002929.SZ,1900,1900,42.577664,48.083189,10460.4975,9
20260816_125007_bb495b,2023-01-17,600073.SH,3100,3100,26.273524,25.917156,-1104.7408,9
20260816_125007_bb495b,2023-01-17,300291.SZ,2000,2000,39.960398,36.73395,-6452.896,9
20260816_125007_bb495b,2023-01-17,600433.SH,2800,2800,28.854781,28.885,84.6132,9
20260816_125007_bb495b,2023-01-17,002373.SZ,2000,2000,40.905779,40.73152,-348.518,8
20260816_125007_bb495b,2023-01-18,600229.SH,7300,7300,11.368643,11.022816,-2524.5371,11
20260816_125007_bb495b,2023-01-18,300770.SZ,1100,1100,72.145592,72.946248,880.7216,11
20260816_125007_bb495b,2023-01-18,300294.SZ,400,400,178.288827,179.3168,411.1892,11
20260816_125007_bb495b,2023-01-18,601009.SH,1300,1300,62.932423,62.155464,-1010.0467,10
20260816_125007_bb495b,2023-01-18,601658.SH,15200,15200,5.45415,5.55012,1458.744,10
20260816_125007_bb495b,2023-01-18,000972.SZ,8200,8200,10.137259,12.2475,17303.9762,10
20260816_125007_bb495b,2023-01-18,300012.SZ,100,100,453.215024,451.67775,-153.7274,10
20260816_125007_bb495b,2023-01-18,002929.SZ,1900,1900,42.577664,47.714657,9760.2867,10
20260816_125007_bb495b,2023-01-18,600073.SH,3100,3100,26.273524,25.8848,-1205.0444,10
20260816_125007_bb495b,2023-01-18,300291.SZ,2000,2000,39.960398,37.38555,-5149.696,10
20260816_125007_bb495b,2023-01-18,600433.SH,2800,2800,28.854781,29.61375,2125.1132,10
20260816_125007_bb495b,2023-01-18,002373.SZ,2000,2000,40.905779,40.89576,-20.038,9
20260816_125007_bb495b,2023-01-19,600229.SH,7300,7300,11.368643,11.070192,-2178.6923,12
20260816_125007_bb495b,2023-01-19,300770.SZ,1100,1100,72.145592,72.813584,734.7912,12
20260816_125007_bb495b,2023-01-19,300294.SZ,400,400,178.288827,179.6535,545.8692,12
20260816_125007_bb495b,2023-01-19,601009.SH,1300,1300,62.932423,61.922672,-1312.6763,11
20260816_125007_bb495b,2023-01-19,601658.SH,15200,15200,5.45415,5.51586,937.992,11
20260816_125007_bb495b,2023-01-19,000972.SZ,8200,8200,10.137259,12.50878,19446.4722,11
20260816_125007_bb495b,2023-01-19,300012.SZ,100,100,453.215024,451.28921,-192.5814,11
20260816_125007_bb495b,2023-01-19,002929.SZ,1900,1900,42.577664,48.533617,11316.3107,11
20260816_125007_bb495b,2023-01-19,600073.SH,3100,3100,26.273524,25.8848,-1205.0444,11
20260816_125007_bb495b,2023-01-19,300291.SZ,2000,2000,39.960398,38.7702,-2380.396,11
20260816_125007_bb495b,2023-01-19,600433.SH,2800,2800,28.854781,29.74625,2496.1132,11
20260816_125007_bb495b,2023-01-19,002373.SZ,2000,2000,40.905779,41.51166,1211.762,10
20260816_125007_bb495b,2023-01-20,600229.SH,7300,7300,11.368643,11.0544,-2293.9739,13
20260816_125007_bb495b,2023-01-20,300770.SZ,1100,1100,72.145592,72.169216,25.9864,13
20260816_125007_bb495b,2023-01-20,300294.SZ,400,400,178.288827,178.451,64.8692,13
20260816_125007_bb495b,2023-01-20,601009.SH,1300,1300,62.932423,62.039068,-1161.3615,12
20260816_125007_bb495b,2023-01-20,601658.SH,15200,15200,5.45415,5.5958,2153.08,12
20260816_125007_bb495b,2023-01-20,000972.SZ,8200,8200,10.137259,13.12932,24534.9002,12
20260816_125007_bb495b,2023-01-20,300012.SZ,100,100,453.215024,449.73505,-347.9974,12
20260816_125007_bb495b,2023-01-20,002929.SZ,1900,1900,42.577664,48.656461,11549.7143,12
20260816_125007_bb495b,2023-01-20,600073.SH,3100,3100,26.273524,25.820088,-1405.6516,12
20260816_125007_bb495b,2023-01-20,300291.SZ,2000,2000,39.960398,38.4444,-3031.996,12
20260816_125007_bb495b,2023-01-20,600433.SH,2800,2800,28.854781,29.15,826.6132,12
20260816_125007_bb495b,2023-01-20,002373.SZ,2000,2000,40.905779,41.42954,1047.522,11
20260816_125007_bb495b,2023-01-30,600229.SH,7300,7300,11.368643,11.149152,-1602.2843,14
20260816_125007_bb495b,2023-01-30,300770.SZ,1100,1100,72.145592,71.25952,-974.6792,14
20260816_125007_bb495b,2023-01-30,300294.SZ,400,400,178.288827,175.1802,-1243.4508,14
20260816_125007_bb495b,2023-01-30,601009.SH,1300,1300,62.932423,61.166098,-2296.2225,13
20260816_125007_bb495b,2023-01-30,601658.SH,15200,15200,5.45415,5.5387,1285.16,13
20260816_125007_bb495b,2023-01-30,000972.SZ,8200,8200,10.137259,13.78252,29891.1402,13
20260816_125007_bb495b,2023-01-30,300012.SZ,100,100,453.215024,460.61417,739.9146,13
20260816_125007_bb495b,2023-01-30,002929.SZ,1900,1900,42.577664,47.898923,10110.3921,13
20260816_125007_bb495b,2023-01-30,600073.SH,3100,3100,26.273524,25.820088,-1405.6516,13
20260816_125007_bb495b,2023-01-30,300291.SZ,2000,2000,39.960398,37.71135,-4498.096,13
20260816_125007_bb495b,2023-01-30,600433.SH,2800,2800,28.854781,30.01125,3238.1132,13
20260816_125007_bb495b,2023-01-30,002373.SZ,2000,2000,40.905779,41.71696,1622.362,12
20260816_125007_bb495b,2023-01-31,600229.SH,7300,7300,11.368643,11.180736,-1371.7211,15
20260816_125007_bb495b,2023-01-31,300770.SZ,1100,1100,72.145592,70.88048,-1391.6232,15
20260816_125007_bb495b,2023-01-31,300294.SZ,400,400,178.288827,174.0739,-1685.9708,15
20260816_125007_bb495b,2023-01-31,601009.SH,1300,1300,62.932423,60.467722,-3204.1113,14
20260816_125007_bb495b,2023-01-31,601658.SH,15200,15200,5.45415,5.49302,590.824,14
20260816_125007_bb495b,2023-01-31,000972.SZ,8200,8200,10.137259,13.81518,30158.9522,14
20260816_125007_bb495b,2023-01-31,300012.SZ,100,100,453.215024,461.00271,778.7686,14
20260816_125007_bb495b,2023-01-31,002929.SZ,1900,1900,42.577664,46.721668,7873.6076,14
20260816_125007_bb495b,2023-01-31,600073.SH,3100,3100,26.273524,26.305428,98.9024,14
20260816_125007_bb495b,2023-01-31,300291.SZ,2000,2000,39.960398,38.03715,-3846.496,14
20260816_125007_bb495b,2023-01-31,600433.SH,2800,2800,28.854781,29.8125,2681.6132,14
20260816_125007_bb495b,2023-01-31,002373.SZ,2000,2000,40.905779,41.4706,1129.642,13
20260816_125007_bb495b,2023-02-01,600229.SH,7300,7300,11.368643,11.37024,11.6581,16
20260816_125007_bb495b,2023-02-01,300770.SZ,1100,1100,72.145592,71.35428,-870.4432,16
20260816_125007_bb495b,2023-02-01,300294.SZ,400,400,178.288827,173.0638,-2090.0108,16
20260816_125007_bb495b,2023-02-01,601009.SH,1300,1300,62.932423,60.52592,-3128.4539,15
20260816_125007_bb495b,2023-02-01,601658.SH,15200,15200,5.45415,5.43592,-277.096,15
20260816_125007_bb495b,2023-02-01,000972.SZ,8200,8200,10.137259,13.12932,24534.9002,15
20260816_125007_bb495b,2023-02-01,300012.SZ,100,100,453.215024,455.75742,254.2396,15
20260816_125007_bb495b,2023-02-01,002929.SZ,1900,1900,42.577664,47.284703,8943.3741,15
20260816_125007_bb495b,2023-02-01,600073.SH,3100,3100,26.273524,26.337784,199.206,15
20260816_125007_bb495b,2023-02-01,300291.SZ,2000,2000,39.960398,39.01455,-1891.696,15
20260816_125007_bb495b,2023-02-01,600433.SH,2800,2800,28.854781,29.945,3052.6132,15
20260816_125007_bb495b,2023-02-01,002373.SZ,2000,2000,40.905779,43.23618,4660.802,14
20260816_125007_bb495b,2023-02-02,600229.SH,7300,7300,11.368643,12.2388,6352.1461,17
20260816_125007_bb495b,2023-02-02,300770.SZ,1100,1100,72.145592,73.514808,1506.1376,17
20260816_125007_bb495b,2023-02-02,300294.SZ,400,400,178.288827,174.8916,-1358.8908,17
20260816_125007_bb495b,2023-02-02,601009.SH,1300,1300,62.932423,59.827544,-4036.3427,16
20260816_125007_bb495b,2023-02-02,601658.SH,15200,15200,5.45415,5.41308,-624.264,16
20260816_125007_bb495b,2023-02-02,000972.SZ,8200,8200,10.137259,12.93336,22928.0282,16
20260816_125007_bb495b,2023-02-02,300012.SZ,100,100,453.215024,453.03764,-17.7384,16
20260816_125007_bb495b,2023-02-02,002929.SZ,1900,1900,42.577664,45.943656,6395.3848,16
20260816_125007_bb495b,2023-02-02,600073.SH,3100,3100,26.273524,26.661344,1202.242,16
20260816_125007_bb495b,2023-02-02,300291.SZ,2000,2000,39.960398,39.2589,-1402.996,16
20260816_125007_bb495b,2023-02-02,600433.SH,2800,2800,28.854781,30.21,3794.6132,16
20260816_125007_bb495b,2023-02-02,002373.SZ,2000,2000,40.905779,43.27724,4742.922,15
20260816_125007_bb495b,2023-02-03,600229.SH,7300,7300,11.368643,11.780832,3008.9797,18
20260816_125007_bb495b,2023-02-03,300770.SZ,1100,1100,72.145592,75.599528,3799.3296,18
20260816_125007_bb495b,2023-02-03,300294.SZ,400,400,178.288827,172.7271,-2224.6908,18
20260816_125007_bb495b,2023-02-03,601009.SH,1300,1300,62.932423,59.07097,-5019.8889,17
20260816_125007_bb495b,2023-02-03,601658.SH,15200,15200,5.45415,5.34456,-1665.768,17
20260816_125007_bb495b,2023-02-03,000972.SZ,8200,8200,10.137259,13.19464,25070.5242,17
20260816_125007_bb495b,2023-02-03,300012.SZ,100,100,453.215024,454.39753,118.2506,17
20260816_125007_bb495b,2023-02-03,002929.SZ,1900,1900,42.577664,45.626309,5792.4255,17
20260816_125007_bb495b,2023-02-03,600073.SH,3100,3100,26.273524,26.434852,500.1168,17
20260816_125007_bb495b,2023-02-03,300291.SZ,2000,2000,39.960398,39.4218,-1077.196,17
20260816_125007_bb495b,2023-02-03,600433.SH,2800,2800,28.854781,29.8125,2681.6132,17
20260816_125007_bb495b,2023-02-03,002373.SZ,2000,2000,40.905779,43.85208,5892.602,16
20260816_125007_bb495b,2023-02-06,600229.SH,7300,7300,11.368643,11.512368,1049.1925,19
20260816_125007_bb495b,2023-02-06,300770.SZ,1100,1100,72.145592,75.675336,3882.7184,19
20260816_125007_bb495b,2023-02-06,300294.SZ,400,400,178.288827,172.7271,-2224.6908,19
20260816_125007_bb495b,2023-02-06,601009.SH,1300,1300,62.932423,59.129168,-4944.2315,18
20260816_125007_bb495b,2023-02-06,601658.SH,15200,15200,5.45415,5.3103,-2186.52,18
20260816_125007_bb495b,2023-02-06,000972.SZ,8200,8200,10.137259,13.12932,24534.9002,18
20260816_125007_bb495b,2023-02-06,300012.SZ,100,100,453.215024,436.71896,-1649.6064,18
20260816_125007_bb495b,2023-02-06,002929.SZ,1900,1900,42.577664,44.63332,3905.7464,18
20260816_125007_bb495b,2023-02-06,600073.SH,3100,3100,26.273524,27.243752,3007.7068,18
20260816_125007_bb495b,2023-02-06,300291.SZ,2000,2000,39.960398,39.17745,-1565.896,18
20260816_125007_bb495b,2023-02-06,600433.SH,2800,2800,28.854781,29.61375,2125.1132,18
20260816_125007_bb495b,2023-02-06,002373.SZ,2000,2000,40.905779,44.09844,6385.322,17
20260816_125007_bb495b,2023-02-07,600229.SH,7300,7300,11.368643,11.575536,1510.3189,20
20260816_125007_bb495b,2023-02-07,300770.SZ,1100,1100,72.145592,78.27176,6738.7848,20
20260816_125007_bb495b,2023-02-07,300294.SZ,400,400,178.288827,168.4943,-3917.8108,20
20260816_125007_bb495b,2023-02-07,601009.SH,1300,1300,62.932423,59.36196,-4641.6019,19
20260816_125007_bb495b,2023-02-07,601658.SH,15200,15200,5.45415,5.33314,-1839.352,19
20260816_125007_bb495b,2023-02-07,000972.SZ,8200,8200,10.137259,13.32528,26141.7722,19
20260816_125007_bb495b,2023-02-07,300012.SZ,100,100,453.215024,442.9356,-1027.9424,19
20260816_125007_bb495b,2023-02-07,002929.SZ,1900,1900,42.577664,45.923182,6356.4842,19
20260816_125007_bb495b,2023-02-07,600073.SH,3100,3100,26.273524,27.049616,2405.8852,19
20260816_125007_bb495b,2023-02-07,300291.SZ,2000,2000,39.960398,39.66615,-588.496,19
20260816_125007_bb495b,2023-02-07,600433.SH,2800,2800,28.854781,29.8125,2681.6132,19
20260816_125007_bb495b,2023-02-07,002373.SZ,2000,2000,40.905779,44.3448,6878.042,18
20260816_125007_bb495b,2023-02-08,600229.SH,7300,7300,11.368643,11.322864,-334.1867,21
20260816_125007_bb495b,2023-02-08,300770.SZ,1100,1100,72.145592,77.2294,5592.1888,21
20260816_125007_bb495b,2023-02-08,300294.SZ,400,400,178.288827,168.831,-3783.1308,21
20260816_125007_bb495b,2023-02-08,601009.SH,1300,1300,62.932423,59.129168,-4944.2315,20
20260816_125007_bb495b,2023-02-08,601658.SH,15200,15200,5.45415,5.28746,-2533.688,20
20260816_125007_bb495b,2023-02-08,000972.SZ,8200,8200,10.137259,13.91316,30962.3882,20
20260816_125007_bb495b,2023-02-08,300012.SZ,100,100,453.215024,437.30177,-1591.3254,20
20260816_125007_bb495b,2023-02-08,002929.SZ,1900,1900,42.577664,45.124696,4839.3608,20
20260816_125007_bb495b,2023-02-08,600073.SH,3100,3100,26.273524,26.85548,1804.0636,20
20260816_125007_bb495b,2023-02-08,300291.SZ,2000,2000,39.960398,38.9331,-2054.596,20
20260816_125007_bb495b,2023-02-08,600433.SH,2800,2800,28.854781,30.475,4536.6132,20
20260816_125007_bb495b,2023-02-08,002373.SZ,2000,2000,40.905779,43.3183,4825.042,19
20260816_125007_bb495b,2023-02-09,600229.SH,7300,7300,11.368643,11.52816,1164.4741,22
20260816_125007_bb495b,2023-02-09,300770.SZ,1100,1100,72.145592,76.679792,4987.62,22
20260816_125007_bb495b,2023-02-09,300294.SZ,400,400,178.288827,174.0258,-1705.2108,22
20260816_125007_bb495b,2023-02-09,601009.SH,1300,1300,62.932423,59.303762,-4717.2593,21
20260816_125007_bb495b,2023-02-09,601658.SH,15200,15200,5.45415,5.20752,-3748.776,21
20260816_125007_bb495b,2023-02-09,000972.SZ,8200,8200,10.137259,13.2273,25338.3362,21
20260816_125007_bb495b,2023-02-09,300012.SZ,100,100,453.215024,447.40381,-581.1214,21
20260816_125007_bb495b,2023-02-09,002929.SZ,1900,1900,42.577664,46.127922,6745.4902,21
20260816_125007_bb495b,2023-02-09,600073.SH,3100,3100,26.273524,27.049616,2405.8852,21
20260816_125007_bb495b,2023-02-09,300291.SZ,2000,2000,39.960398,39.82905,-262.696,21
20260816_125007_bb495b,2023-02-09,600433.SH,2800,2800,28.854781,30.3425,4165.6132,21
20260816_125007_bb495b,2023-02-09,002373.SZ,2000,2000,40.905779,44.30374,6795.922,20
20260816_125007_bb495b,2023-02-10,600229.SH,7300,7300,11.368643,11.52816,1164.4741,23
20260816_125007_bb495b,2023-02-10,300770.SZ,1100,1100,72.145592,79.863728,8489.9496,23
20260816_125007_bb495b,2023-02-10,300294.SZ,400,400,178.288827,171.9575,-2532.5308,23
20260816_125007_bb495b,2023-02-10,601009.SH,1300,1300,62.932423,59.187366,-4868.5741,22
20260816_125007_bb495b,2023-02-10,601658.SH,15200,15200,5.45415,5.24178,-3228.024,22
20260816_125007_bb495b,2023-02-10,000972.SZ,8200,8200,10.137259,13.52124,27748.6442,22
20260816_125007_bb495b,2023-02-10,300012.SZ,100,100,453.215024,441.57571,-1163.9314,22
20260816_125007_bb495b,2023-02-10,002929.SZ,1900,1900,42.577664,46.496454,7445.701,22
20260816_125007_bb495b,2023-02-10,600073.SH,3100,3100,26.273524,27.5026,3810.1356,22
20260816_125007_bb495b,2023-02-10,300291.SZ,2000,2000,39.960398,40.48065,1040.504,22
20260816_125007_bb495b,2023-02-10,600433.SH,2800,2800,28.854781,30.475,4536.6132,22
20260816_125007_bb495b,2023-02-10,002373.SZ,2000,2000,40.905779,43.76996,5728.362,21
20260816_125007_bb495b,2023-02-13,600229.SH,7300,7300,11.368643,11.512368,1049.1925,24
20260816_125007_bb495b,2023-02-13,300770.SZ,1100,1100,72.145592,78.612896,7114.0344,24
20260816_125007_bb495b,2023-02-13,300294.SZ,400,400,178.288827,170.5145,-3109.7308,24
20260816_125007_bb495b,2023-02-13,601009.SH,1300,1300,62.932423,59.07097,-5019.8889,23
20260816_125007_bb495b,2023-02-13,601658.SH,15200,15200,5.45415,5.1961,-3922.36,23
20260816_125007_bb495b,2023-02-13,000972.SZ,8200,8200,10.137259,13.84784,30426.7642,23
20260816_125007_bb495b,2023-02-13,300012.SZ,100,100,453.215024,445.84965,-736.5374,23
20260816_125007_bb495b,2023-02-13,002929.SZ,1900,1900,42.577664,47.29494,8962.8244,23
20260816_125007_bb495b,2023-02-13,600073.SH,3100,3100,26.273524,27.98794,5314.6896,23
20260816_125007_bb495b,2023-02-13,300291.SZ,2000,2000,39.960398,40.8879,1855.004,23
20260816_125007_bb495b,2023-02-13,600433.SH,2800,2800,28.854781,30.74,5278.6132,23
20260816_125007_bb495b,2023-02-13,002373.SZ,2000,2000,40.905779,43.64678,5482.002,22
20260816_125007_bb495b,2023-02-14,600229.SH,7300,7300,11.368643,11.654496,2086.7269,25
20260816_125007_bb495b,2023-02-14,300770.SZ,1100,1100,72.145592,78.574992,7072.34,25
20260816_125007_bb495b,2023-02-14,300294.SZ,400,400,178.288827,169.4082,-3552.2508,25
20260816_125007_bb495b,2023-02-14,601009.SH,1300,1300,62.932423,58.663584,-5549.4907,24
20260816_125007_bb495b,2023-02-14,601658.SH,15200,15200,5.45415,5.27604,-2707.272,24
20260816_125007_bb495b,2023-02-14,000972.SZ,8200,8200,10.137259,13.94582,31230.2002,24
20260816_125007_bb495b,2023-02-14,300012.SZ,100,100,453.215024,438.46739,-1474.7634,24
20260816_125007_bb495b,2023-02-14,002929.SZ,1900,1900,42.577664,46.98783,8379.3154,24
20260816_125007_bb495b,2023-02-14,600073.SH,3100,3100,26.273524,28.182076,5916.5112,24
20260816_125007_bb495b,2023-02-14,300291.SZ,2000,2000,39.960398,40.3992,877.604,24
20260816_125007_bb495b,2023-02-14,600433.SH,2800,2800,28.854781,30.74,5278.6132,24
20260816_125007_bb495b,2023-02-14,002373.SZ,2000,2000,40.905779,44.26268,6713.802,23
20260816_125007_bb495b,2023-02-15,600229.SH,7300,7300,11.368643,11.844,3470.1061,26
20260816_125007_bb495b,2023-02-15,300770.SZ,1100,1100,72.145592,80.26172,8927.7408,26
20260816_125007_bb495b,2023-02-15,300294.SZ,400,400,178.288827,166.6665,-4648.9308,26
20260816_125007_bb495b,2023-02-15,601009.SH,1300,1300,62.932423,58.314396,-6003.4351,25
20260816_125007_bb495b,2023-02-15,601658.SH,15200,15200,5.45415,5.1961,-3922.36,25
20260816_125007_bb495b,2023-02-15,000972.SZ,8200,8200,10.137259,13.65188,28819.8922,25
20260816_125007_bb495b,2023-02-15,300012.SZ,100,100,453.215024,433.2221,-1999.2924,25
20260816_125007_bb495b,2023-02-15,002929.SZ,1900,1900,42.577664,47.39731,9157.3274,25
20260816_125007_bb495b,2023-02-15,600073.SH,3100,3100,26.273524,27.955584,5214.386,25
20260816_125007_bb495b,2023-02-15,300291.SZ,2000,2000,39.960398,40.96935,2017.904,25
20260816_125007_bb495b,2023-02-15,600433.SH,2800,2800,28.854781,30.6075,4907.6132,25
20260816_125007_bb495b,2023-02-15,002373.SZ,2000,2000,40.905779,47.219,12626.442,24
20260816_125007_bb495b,2023-02-16,600229.SH,7300,7300,11.368643,11.543952,1279.7557,27
20260816_125007_bb495b,2023-02-16,300770.SZ,1100,1100,72.145592,77.058832,5404.564,27
20260816_125007_bb495b,2023-02-16,300294.SZ,400,400,178.288827,164.7906,-5399.2908,27
20260816_125007_bb495b,2023-02-16,601009.SH,1300,1300,62.932423,57.848812,-6608.6943,26
20260816_125007_bb495b,2023-02-16,601658.SH,15200,15200,5.45415,5.24178,-3228.024,26
20260816_125007_bb495b,2023-02-16,000972.SZ,8200,8200,10.137259,13.68454,29087.7042,26
20260816_125007_bb495b,2023-02-16,300012.SZ,100,100,453.215024,429.3367,-2387.8324,26
20260816_125007_bb495b,2023-02-16,002929.SZ,1900,1900,42.577664,45.831049,6181.4315,26
20260816_125007_bb495b,2023-02-16,600073.SH,3100,3100,26.273524,27.858516,4913.4752,26
20260816_125007_bb495b,2023-02-16,300291.SZ,2000,2000,39.960398,40.3992,877.604,26
20260816_125007_bb495b,2023-02-16,600433.SH,2800,2800,28.854781,29.61375,2125.1132,26
20260816_125007_bb495b,2023-02-16,002373.SZ,2000,2000,40.905779,48.2455,14679.442,25
20260816_125007_bb495b,2023-02-17,600229.SH,7300,7300,11.368643,11.496576,933.9109,28
20260816_125007_bb495b,2023-02-17,300770.SZ,1100,1100,72.145592,76.149136,4403.8984,28
20260816_125007_bb495b,2023-02-17,300294.SZ,400,400,178.288827,165.7045,-5033.7308,28
20260816_125007_bb495b,2023-02-17,601009.SH,1300,1300,62.932423,56.801248,-7970.5275,27
20260816_125007_bb495b,2023-02-17,601658.SH,15200,15200,5.45415,5.20752,-3748.776,27
20260816_125007_bb495b,2023-02-17,000972.SZ,8200,8200,10.137259,13.5539,28016.4562,27
20260816_125007_bb495b,2023-02-17,300012.SZ,100,100,453.215024,422.92579,-3028.9234,27
20260816_125007_bb495b,2023-02-17,002929.SZ,1900,1900,42.577664,44.786875,4197.5009,27
20260816_125007_bb495b,2023-02-17,600073.SH,3100,3100,26.273524,27.82616,4813.1716,27
20260816_125007_bb495b,2023-02-17,300291.SZ,2000,2000,39.960398,40.15485,388.904,27
20260816_125007_bb495b,2023-02-17,600433.SH,2800,2800,28.854781,29.68,2310.6132,27
20260816_125007_bb495b,2023-02-17,002373.SZ,2000,2000,40.905779,45.61766,9423.762,26
20260816_125007_bb495b,2023-02-20,600229.SH,7300,7300,11.368643,11.701872,2432.5717,29
20260816_125007_bb495b,2023-02-20,300770.SZ,1100,1100,72.145592,78.347568,6822.1736,29
20260816_125007_bb495b,2023-02-20,300294.SZ,400,400,178.288827,167.869,-4167.9308,29
20260816_125007_bb495b,2023-02-20,601009.SH,1300,1300,62.932423,58.139802,-6230.4073,28
20260816_125007_bb495b,2023-02-20,601658.SH,15200,15200,5.45415,5.34456,-1665.768,28
20260816_125007_bb495b,2023-02-20,000972.SZ,8200,8200,10.137259,13.03134,23731.4642,28
20260816_125007_bb495b,2023-02-20,300012.SZ,100,100,453.215024,424.47995,-2873.5074,28
20260816_125007_bb495b,2023-02-20,002929.SZ,1900,1900,42.577664,45.411332,5383.9692,28
20260816_125007_bb495b,2023-02-20,600073.SH,3100,3100,26.273524,28.408568,6618.6364,28
20260816_125007_bb495b,2023-02-20,300291.SZ,2000,2000,39.960398,40.2363,551.804,28
20260816_125007_bb495b,2023-02-20,600433.SH,2800,2800,28.854781,30.6075,4907.6132,28
20260816_125007_bb495b,2023-02-20,002373.SZ,2000,2000,40.905779,46.72628,11641.002,27
20260816_125007_bb495b,2023-02-21,600229.SH,7300,7300,11.368643,11.591328,1625.6005,30
20260816_125007_bb495b,2023-02-21,300770.SZ,1100,1100,72.145592,76.585032,4883.384,30
20260816_125007_bb495b,2023-02-21,300294.SZ,400,400,178.288827,167.3399,-4379.5708,30
20260816_125007_bb495b,2023-02-21,601009.SH,1300,1300,62.932423,57.965208,-6457.3795,29
20260816_125007_bb495b,2023-02-21,601658.SH,15200,15200,5.45415,5.29888,-2360.104,29
20260816_125007_bb495b,2023-02-21,000972.SZ,8200,8200,10.137259,13.3906,26677.3962,29
20260816_125007_bb495b,2023-02-21,300012.SZ,100,100,453.215024,425.64557,-2756.9454,29
20260816_125007_bb495b,2023-02-21,002929.SZ,1900,1900,42.577664,45.380621,5325.6183,29
20260816_125007_bb495b,2023-02-21,600073.SH,3100,3100,26.273524,28.376212,6518.3328,29
20260816_125007_bb495b,2023-02-21,300291.SZ,2000,2000,39.960398,39.82905,-262.696,29
20260816_125007_bb495b,2023-02-21,600433.SH,2800,2800,28.854781,30.54125,4722.1132,29
20260816_125007_bb495b,2023-02-21,002373.SZ,2000,2000,40.905779,47.09582,12380.082,28
20260816_125007_bb495b,2023-02-22,600229.SH,7300,7300,11.368643,11.4492,588.0661,31
20260816_125007_bb495b,2023-02-22,300770.SZ,1100,1100,72.145592,77.191496,5550.4944,31
20260816_125007_bb495b,2023-02-22,300294.SZ,400,400,178.288827,167.0513,-4495.0108,31
20260816_125007_bb495b,2023-02-22,601009.SH,1300,1300,62.932423,57.90701,-6533.0369,30
20260816_125007_bb495b,2023-02-22,601658.SH,15200,15200,5.45415,5.2532,-3054.44,30
20260816_125007_bb495b,2023-02-22,000972.SZ,8200,8200,10.137259,13.5539,28016.4562,30
20260816_125007_bb495b,2023-02-22,300012.SZ,100,100,453.215024,425.64557,-2756.9454,30
20260816_125007_bb495b,2023-02-22,002929.SZ,1900,1900,42.577664,46.322425,7115.0459,30
20260816_125007_bb495b,2023-02-22,600073.SH,3100,3100,26.273524,28.699772,7521.3688,30
20260816_125007_bb495b,2023-02-22,300291.SZ,2000,2000,39.960398,39.50325,-914.296,30
20260816_125007_bb495b,2023-02-22,600433.SH,2800,2800,28.854781,31.005,6020.6132,30
20260816_125007_bb495b,2023-02-22,002373.SZ,2000,2000,40.905779,46.31568,10819.802,29
20260816_125007_bb495b,2023-02-23,600229.SH,7300,7300,11.368643,11.29128,-564.7499,32
20260816_125007_bb495b,2023-02-23,300770.SZ,1100,1100,72.145592,75.99752,4237.1208,32
20260816_125007_bb495b,2023-02-23,300294.SZ,400,400,178.288827,166.4741,-4725.8908,32
20260816_125007_bb495b,2023-02-23,601009.SH,1300,1300,62.932423,57.965208,-6457.3795,31
20260816_125007_bb495b,2023-02-23,601658.SH,15200,15200,5.45415,5.24178,-3228.024,31
20260816_125007_bb495b,2023-02-23,000972.SZ,8200,8200,10.137259,14.17444,33104.8842,31
20260816_125007_bb495b,2023-02-23,300012.SZ,100,100,453.215024,430.89086,-2232.4164,31
20260816_125007_bb495b,2023-02-23,002929.SZ,1900,1900,42.577664,46.537402,7523.5022,31
20260816_125007_bb495b,2023-02-23,600073.SH,3100,3100,26.273524,28.376212,6518.3328,31
20260816_125007_bb495b,2023-02-23,300291.SZ,2000,2000,39.960398,39.01455,-1891.696,31
20260816_125007_bb495b,2023-02-23,600433.SH,2800,2800,28.854781,30.67375,5093.1132,31
20260816_125007_bb495b,2023-02-23,002373.SZ,2000,2000,40.905779,45.49448,9177.402,30
20260816_125007_bb495b,2023-02-24,600229.SH,7300,7300,11.368643,11.275488,-680.0315,33
20260816_125007_bb495b,2023-02-24,300770.SZ,1100,1100,72.145592,76.149136,4403.8984,33
20260816_125007_bb495b,2023-02-24,300294.SZ,400,400,178.288827,166.7627,-4610.4508,33
20260816_125007_bb495b,2023-02-24,601009.SH,1300,1300,62.932423,57.790614,-6684.3517,32
20260816_125007_bb495b,2023-02-24,601658.SH,15200,15200,5.45415,5.18468,-4095.944,32
20260816_125007_bb495b,2023-02-24,000972.SZ,8200,8200,10.137259,13.5539,28016.4562,32
20260816_125007_bb495b,2023-02-24,300012.SZ,100,100,453.215024,432.44502,-2077.0004,32
20260816_125007_bb495b,2023-02-24,002929.SZ,1900,1900,42.577664,50.048693,14194.9551,32
20260816_125007_bb495b,2023-02-24,600073.SH,3100,3100,26.273524,28.279144,6217.422,32
20260816_125007_bb495b,2023-02-24,300291.SZ,2000,2000,39.960398,39.2589,-1402.996,32
20260816_125007_bb495b,2023-02-24,600433.SH,2800,2800,28.854781,31.005,6020.6132,32
20260816_125007_bb495b,2023-02-24,002373.SZ,2000,2000,40.905779,45.9872,10162.842,31
20260816_125007_bb495b,2023-02-27,600229.SH,7300,7300,11.368643,11.117568,-1832.8475,34
20260816_125007_bb495b,2023-02-27,300770.SZ,1100,1100,72.145592,75.845904,4070.3432,34
20260816_125007_bb495b,2023-02-27,300294.SZ,400,400,178.288827,164.8387,-5380.0508,34
20260816_125007_bb495b,2023-02-27,601009.SH,1300,1300,62.932423,57.732416,-6760.0091,33
20260816_125007_bb495b,2023-02-27,601658.SH,15200,15200,5.45415,5.15042,-4616.696,33
20260816_125007_bb495b,2023-02-27,000972.SZ,8200,8200,10.137259,13.78252,29891.1402,33
20260816_125007_bb495b,2023-02-27,300012.SZ,100,100,453.215024,430.50232,-2271.2704,33
20260816_125007_bb495b,2023-02-27,002929.SZ,1900,1900,42.577664,49.014756,12230.4748,33
20260816_125007_bb495b,2023-02-27,600073.SH,3100,3100,26.273524,28.246788,6117.1184,33
20260816_125007_bb495b,2023-02-27,300291.SZ,2000,2000,39.960398,38.68875,-2543.296,33
20260816_125007_bb495b,2023-02-27,600433.SH,2800,2800,28.854781,30.475,4536.6132,33
20260816_125007_bb495b,2023-02-27,002373.SZ,2000,2000,40.905779,45.53554,9259.522,32
20260816_125007_bb495b,2023-02-28,600229.SH,7300,7300,11.368643,11.29128,-564.7499,35
20260816_125007_bb495b,2023-02-28,300770.SZ,1100,1100,72.145592,77.551584,5946.5912,35
20260816_125007_bb495b,2023-02-28,300294.SZ,400,400,178.288827,168.831,-3783.1308,35
20260816_125007_bb495b,2023-02-28,601009.SH,1300,1300,62.932423,57.674218,-6835.6665,34
20260816_125007_bb495b,2023-02-28,601658.SH,15200,15200,5.45415,5.16184,-4443.112,34
20260816_125007_bb495b,2023-02-28,000972.SZ,8200,8200,10.137259,13.5539,28016.4562,34
20260816_125007_bb495b,2023-02-28,300012.SZ,100,100,453.215024,434.97053,-1824.4494,34
20260816_125007_bb495b,2023-02-28,002929.SZ,1900,1900,42.577664,48.881675,11977.6209,34
20260816_125007_bb495b,2023-02-28,600073.SH,3100,3100,26.273524,28.699772,7521.3688,34
20260816_125007_bb495b,2023-02-28,300291.SZ,2000,2000,39.960398,39.34035,-1240.096,34
20260816_125007_bb495b,2023-02-28,600433.SH,2800,2800,28.854781,30.475,4536.6132,34
20260816_125007_bb495b,2023-02-28,002373.SZ,2000,2000,40.905779,45.9872,10162.842,33
20260816_125007_bb495b,2023-03-01,600229.SH,7300,7300,11.368643,11.496576,933.9109,36
20260816_125007_bb495b,2023-03-01,300770.SZ,1100,1100,72.145592,79.560496,8156.3944,36
20260816_125007_bb495b,2023-03-01,300294.SZ,400,400,178.288827,167.6766,-4244.8908,36
20260816_125007_bb495b,2023-03-01,601009.SH,1300,1300,62.932423,57.848812,-6608.6943,35
20260816_125007_bb495b,2023-03-01,601658.SH,15200,15200,5.45415,5.24178,-3228.024,35
20260816_125007_bb495b,2023-03-01,000972.SZ,8200,8200,10.137259,13.65188,28819.8922,35
20260816_125007_bb495b,2023-03-01,300012.SZ,100,100,453.215024,435.35907,-1785.5954,35
20260816_125007_bb495b,2023-03-01,002929.SZ,1900,1900,42.577664,49.925849,13961.5515,35
20260816_125007_bb495b,2023-03-01,600073.SH,3100,3100,26.273524,28.79684,7822.2796,35
20260816_125007_bb495b,2023-03-01,300291.SZ,2000,2000,39.960398,40.0734,226.004,35
20260816_125007_bb495b,2023-03-01,600433.SH,2800,2800,28.854781,30.93875,5835.1132,35
20260816_125007_bb495b,2023-03-01,002373.SZ,2000,2000,40.905779,47.91702,14022.482,34
20260816_125007_bb495b,2023-03-02,600229.SH,7300,7300,11.368643,11.717664,2547.8533,37
20260816_125007_bb495b,2023-03-02,300770.SZ,1100,1100,72.145592,81.360936,10136.8784,37
20260816_125007_bb495b,2023-03-02,300294.SZ,400,400,178.288827,166.7146,-4629.6908,37
20260816_125007_bb495b,2023-03-02,601009.SH,1300,1300,62.932423,57.732416,-6760.0091,36
20260816_125007_bb495b,2023-03-02,601658.SH,15200,15200,5.45415,5.3103,-2186.52,36
20260816_125007_bb495b,2023-03-02,000972.SZ,8200,8200,10.137259,13.3906,26677.3962,36
20260816_125007_bb495b,2023-03-02,300012.SZ,100,100,453.215024,430.11378,-2310.1244,36
20260816_125007_bb495b,2023-03-02,002929.SZ,1900,1900,42.577664,48.431247,11121.8077,36
20260816_125007_bb495b,2023-03-02,600073.SH,3100,3100,26.273524,28.699772,7521.3688,36
20260816_125007_bb495b,2023-03-02,300291.SZ,2000,2000,39.960398,41.3766,2832.404,36
20260816_125007_bb495b,2023-03-02,600433.SH,2800,2800,28.854781,30.80625,5464.1132,36
20260816_125007_bb495b,2023-03-02,002373.SZ,2000,2000,40.905779,47.34218,12872.802,35
20260816_125007_bb495b,2023-03-03,600229.SH,7300,7300,11.368643,11.733456,2663.1349,38
20260816_125007_bb495b,2023-03-03,300770.SZ,1100,1100,72.145592,80.92504,9657.3928,38
20260816_125007_bb495b,2023-03-03,300294.SZ,400,400,178.288827,164.7906,-5399.2908,38
20260816_125007_bb495b,2023-03-03,601009.SH,1300,1300,62.932423,58.139802,-6230.4073,37
20260816_125007_bb495b,2023-03-03,601658.SH,15200,15200,5.45415,5.58438,1979.496,37
20260816_125007_bb495b,2023-03-03,000972.SZ,8200,8200,10.137259,13.25996,25606.1482,37
20260816_125007_bb495b,2023-03-03,300012.SZ,100,100,453.215024,432.25075,-2096.4274,37
20260816_125007_bb495b,2023-03-03,002929.SZ,1900,1900,42.577664,48.52338,11296.8604,37
20260816_125007_bb495b,2023-03-03,600073.SH,3100,3100,26.273524,28.667416,7421.0652,37
20260816_125007_bb495b,2023-03-03,300291.SZ,2000,2000,39.960398,40.8879,1855.004,37
20260816_125007_bb495b,2023-03-03,600433.SH,2800,2800,28.854781,30.475,4536.6132,37
20260816_125007_bb495b,2023-03-03,002373.SZ,2000,2000,40.905779,46.6031,11394.642,36
20260816_125007_bb495b,2023-03-06,600229.SH,7300,7300,11.368643,11.938752,4161.7957,39
20260816_125007_bb495b,2023-03-06,300770.SZ,1100,1100,72.145592,82.308536,11179.2384,39
20260816_125007_bb495b,2023-03-06,300294.SZ,400,400,178.288827,167.0032,-4514.2508,39
20260816_125007_bb495b,2023-03-06,601009.SH,1300,1300,62.932423,56.684852,-8121.8423,38
20260816_125007_bb495b,2023-03-06,601658.SH,15200,15200,5.45415,5.41308,-624.264,38
20260816_125007_bb495b,2023-03-06,000972.SZ,8200,8200,10.137259,13.42326,26945.2082,38
20260816_125007_bb495b,2023-03-06,300012.SZ,100,100,453.215024,430.30805,-2290.6974,38
20260816_125007_bb495b,2023-03-06,002929.SZ,1900,1900,42.577664,49.64945,13436.3934,38
20260816_125007_bb495b,2023-03-06,600073.SH,3100,3100,26.273524,28.764484,7721.976,38
20260816_125007_bb495b,2023-03-06,300291.SZ,2000,2000,39.960398,40.64355,1366.304,38
20260816_125007_bb495b,2023-03-06,600433.SH,2800,2800,28.854781,30.01125,3238.1132,38
20260816_125007_bb495b,2023-03-06,002373.SZ,2000,2000,40.905779,46.06932,10327.082,37
20260816_125007_bb495b,2023-03-07,600229.SH,7300,7300,11.368643,11.654496,2086.7269,40
20260816_125007_bb495b,2023-03-07,300770.SZ,1100,1100,72.145592,80.45124,9136.2128,40
20260816_125007_bb495b,2023-03-07,300294.SZ,400,400,178.288827,163.6843,-5841.8108,40
20260816_125007_bb495b,2023-03-07,601009.SH,1300,1300,62.932423,56.975842,-7743.5553,39
20260816_125007_bb495b,2023-03-07,601658.SH,15200,15200,5.45415,5.56154,1632.328,39
20260816_125007_bb495b,2023-03-07,000972.SZ,8200,8200,10.137259,13.3906,26677.3962,39
20260816_125007_bb495b,2023-03-07,300012.SZ,100,100,453.215024,424.47995,-2873.5074,39
20260816_125007_bb495b,2023-03-07,002929.SZ,1900,1900,42.577664,46.629535,7698.5549,39
20260816_125007_bb495b,2023-03-07,600073.SH,3100,3100,26.273524,27.858516,4913.4752,39
20260816_125007_bb495b,2023-03-07,300291.SZ,2000,2000,39.960398,39.9105,-99.796,39
20260816_125007_bb495b,2023-03-07,600433.SH,2800,2800,28.854781,29.48125,1754.1132,39
20260816_125007_bb495b,2023-03-07,002373.SZ,2000,2000,40.905779,44.26268,6713.802,38
20260816_125007_bb495b,2023-03-08,600229.SH,7300,7300,11.368643,11.780832,3008.9797,41
20260816_125007_bb495b,2023-03-08,300770.SZ,1100,1100,72.145592,80.981896,9719.9344,41
20260816_125007_bb495b,2023-03-08,300294.SZ,400,400,178.288827,164.3577,-5572.4508,41
20260816_125007_bb495b,2023-03-08,601009.SH,1300,1300,62.932423,56.335664,-8575.7867,40
20260816_125007_bb495b,2023-03-08,601658.SH,15200,15200,5.45415,5.52728,1111.576,40
20260816_125007_bb495b,2023-03-08,000972.SZ,8200,8200,10.137259,13.7172,29355.5162,40
20260816_125007_bb495b,2023-03-08,300012.SZ,100,100,453.215024,414.76645,-3844.8574,40
20260816_125007_bb495b,2023-03-08,002929.SZ,1900,1900,42.577664,47.253992,8885.0232,40
20260816_125007_bb495b,2023-03-08,600073.SH,3100,3100,26.273524,27.890872,5013.7788,40
20260816_125007_bb495b,2023-03-08,300291.SZ,2000,2000,39.960398,40.8879,1855.004,40
20260816_125007_bb495b,2023-03-08,600433.SH,2800,2800,28.854781,29.74625,2496.1132,40
20260816_125007_bb495b,2023-03-08,002373.SZ,2000,2000,40.905779,45.28918,8766.802,39
20260816_125007_bb495b,2023-03-09,600229.SH,7300,7300,11.368643,11.828208,3354.8245,42
20260816_125007_bb495b,2023-03-09,300770.SZ,1100,1100,72.145592,80.64076,9344.6848,42
20260816_125007_bb495b,2023-03-09,300294.SZ,400,400,178.288827,165.945,-4937.5308,42
20260816_125007_bb495b,2023-03-09,601009.SH,1300,1300,62.932423,56.16107,-8802.7589,41
20260816_125007_bb495b,2023-03-09,601658.SH,15200,15200,5.45415,5.50444,764.408,41
20260816_125007_bb495b,2023-03-09,000972.SZ,8200,8200,10.137259,13.7172,29355.5162,41
20260816_125007_bb495b,2023-03-09,300012.SZ,100,100,453.215024,420.59455,-3262.0474,41
20260816_125007_bb495b,2023-03-09,002929.SZ,1900,1900,42.577664,46.977593,8359.8651,41
20260816_125007_bb495b,2023-03-09,600073.SH,3100,3100,26.273524,27.793804,4712.868,41
20260816_125007_bb495b,2023-03-09,300291.SZ,2000,2000,39.960398,41.5395,3158.204,41
20260816_125007_bb495b,2023-03-09,600433.SH,2800,2800,28.854781,29.48125,1754.1132,41
20260816_125007_bb495b,2023-03-09,002373.SZ,2000,2000,40.905779,45.08388,8356.202,40
20260816_125007_bb495b,2023-03-10,600229.SH,7300,7300,11.368643,11.670288,2202.0085,43
20260816_125007_bb495b,2023-03-10,300770.SZ,1100,1100,72.145592,80.223816,8886.0464,43
20260816_125007_bb495b,2023-03-10,300294.SZ,400,400,178.288827,165.8969,-4956.7708,43
20260816_125007_bb495b,2023-03-10,601009.SH,1300,1300,62.932423,55.404496,-9786.3051,42
20260816_125007_bb495b,2023-03-10,601658.SH,15200,15200,5.45415,5.37882,-1145.016,42
20260816_125007_bb495b,2023-03-10,000972.SZ,8200,8200,10.137259,13.8805,30694.5762,42
20260816_125007_bb495b,2023-03-10,300012.SZ,100,100,453.215024,426.22838,-2698.6644,42
20260816_125007_bb495b,2023-03-10,002929.SZ,1900,1900,42.577664,46.629535,7698.5549,42
20260816_125007_bb495b,2023-03-10,600073.SH,3100,3100,26.273524,27.243752,3007.7068,42
20260816_125007_bb495b,2023-03-10,300291.SZ,2000,2000,39.960398,41.45805,2995.304,42
20260816_125007_bb495b,2023-03-10,600433.SH,2800,2800,28.854781,28.81875,-100.8868,42
20260816_125007_bb495b,2023-03-10,002373.SZ,2000,2000,40.905779,45.00176,8191.962,41
20260816_125007_bb495b,2023-03-13,600229.SH,7300,7300,11.368643,11.859792,3585.3877,44
20260816_125007_bb495b,2023-03-13,300770.SZ,1100,1100,72.145592,81.11456,9865.8648,44
20260816_125007_bb495b,2023-03-13,300294.SZ,400,400,178.288827,165.8969,-4956.7708,44
20260816_125007_bb495b,2023-03-13,601009.SH,1300,1300,62.932423,55.986476,-9029.7311,43
20260816_125007_bb495b,2023-03-13,601658.SH,15200,15200,5.45415,5.4816,417.24,43
20260816_125007_bb495b,2023-03-13,000972.SZ,8200,8200,10.137259,13.61922,28552.0802,43
20260816_125007_bb495b,2023-03-13,300012.SZ,100,100,453.215024,420.40028,-3281.4744,43
20260816_125007_bb495b,2023-03-13,002929.SZ,1900,1900,42.577664,47.683946,9701.9358,43
20260816_125007_bb495b,2023-03-13,600073.SH,3100,3100,26.273524,28.052652,5515.2968,43
20260816_125007_bb495b,2023-03-13,300291.SZ,2000,2000,39.960398,42.27255,4624.304,43
20260816_125007_bb495b,2023-03-13,600433.SH,2800,2800,28.854781,28.95125,270.1132,43
20260816_125007_bb495b,2023-03-13,002373.SZ,2000,2000,40.905779,49.51836,17225.162,42
20260816_125007_bb495b,2023-03-14,600229.SH,7300,7300,11.368643,11.733456,2663.1349,45
20260816_125007_bb495b,2023-03-14,300770.SZ,1100,1100,72.145592,79.50364,8093.8528,45
20260816_125007_bb495b,2023-03-14,300294.SZ,400,400,178.288827,167.7728,-4206.4108,45
20260816_125007_bb495b,2023-03-14,601009.SH,1300,1300,62.932423,55.229902,-10013.2773,44
20260816_125007_bb495b,2023-03-14,601658.SH,15200,15200,5.45415,5.40166,-797.848,44
20260816_125007_bb495b,2023-03-14,000972.SZ,8200,8200,10.137259,13.35794,26409.5842,44
20260816_125007_bb495b,2023-03-14,300012.SZ,100,100,453.215024,423.12006,-3009.4964,44
20260816_125007_bb495b,2023-03-14,002929.SZ,1900,1900,42.577664,48.52338,11296.8604,44
20260816_125007_bb495b,2023-03-14,600073.SH,3100,3100,26.273524,27.858516,4913.4752,44
20260816_125007_bb495b,2023-03-14,300291.SZ,2000,2000,39.960398,41.13225,2343.704,44
20260816_125007_bb495b,2023-03-14,600433.SH,2800,2800,28.854781,28.55375,-842.8868,44
20260816_125007_bb495b,2023-03-14,002373.SZ,2000,2000,40.905779,50.21638,18621.202,43
20260816_125007_bb495b,2023-03-15,600229.SH,7300,7300,11.368643,11.859792,3585.3877,46
20260816_125007_bb495b,2023-03-15,300770.SZ,1100,1100,72.145592,78.897176,7426.7424,46
20260816_125007_bb495b,2023-03-15,300294.SZ,400,400,178.288827,170.6588,-3052.0108,46
20260816_125007_bb495b,2023-03-15,601658.SH,15200,15200,5.45415,5.51586,937.992,45
20260816_125007_bb495b,2023-03-15,000972.SZ,8200,8200,10.137259,13.61922,28552.0802,45
20260816_125007_bb495b,2023-03-15,300012.SZ,100,100,453.215024,421.5659,-3164.9124,45
20260816_125007_bb495b,2023-03-15,002929.SZ,1900,1900,42.577664,47.305177,8982.2747,45
20260816_125007_bb495b,2023-03-15,600073.SH,3100,3100,26.273524,27.890872,5013.7788,45
20260816_125007_bb495b,2023-03-15,300291.SZ,2000,2000,39.960398,41.0508,2180.804,45
20260816_125007_bb495b,2023-03-15,600433.SH,2800,2800,28.854781,29.87875,2867.1132,45
20260816_125007_bb495b,2023-03-15,002373.SZ,2000,2000,40.905779,50.66804,19524.522,44
20260816_125007_bb495b,2023-03-16,600229.SH,7300,7300,11.368643,11.733456,2663.1349,47
20260816_125007_bb495b,2023-03-16,300770.SZ,1100,1100,72.145592,77.437872,5821.508,47
20260816_125007_bb495b,2023-03-16,300294.SZ,400,400,178.288827,168.831,-3783.1308,47
20260816_125007_bb495b,2023-03-16,601658.SH,15200,15200,5.45415,5.58438,1979.496,46
20260816_125007_bb495b,2023-03-16,000972.SZ,8200,8200,10.137259,13.58656,28284.2682,46
20260816_125007_bb495b,2023-03-16,300012.SZ,100,100,453.215024,416.70915,-3650.5874,46
20260816_125007_bb495b,2023-03-16,002929.SZ,1900,1900,42.577664,46.383847,7231.7477,46
20260816_125007_bb495b,2023-03-16,600073.SH,3100,3100,26.273524,27.437888,3609.5284,46
20260816_125007_bb495b,2023-03-16,300291.SZ,2000,2000,39.960398,40.5621,1203.404,46
20260816_125007_bb495b,2023-03-16,600433.SH,2800,2800,28.854781,28.62,-657.3868,46
20260816_125007_bb495b,2023-03-16,002373.SZ,2000,2000,40.905779,49.72366,17635.762,45
20260816_125007_bb495b,2023-03-16,601298.SH,12500,0,7.062971,7.20776,1809.8625,1
20260816_125007_bb495b,2023-03-17,600229.SH,7300,7300,11.368643,12.033504,4853.4853,48
20260816_125007_bb495b,2023-03-17,300770.SZ,1100,1100,72.145592,79.939536,8573.3384,48
20260816_125007_bb495b,2023-03-17,300294.SZ,400,400,178.288827,173.4486,-1936.0908,48
20260816_125007_bb495b,2023-03-17,601658.SH,15200,15200,5.45415,5.6529,3021.0,47
20260816_125007_bb495b,2023-03-17,000972.SZ,8200,8200,10.137259,13.064,23999.2762,47
20260816_125007_bb495b,2023-03-17,300012.SZ,100,100,453.215024,417.09769,-3611.7334,47
20260816_125007_bb495b,2023-03-17,002929.SZ,1900,1900,42.577664,49.54708,13241.8904,47
20260816_125007_bb495b,2023-03-17,600073.SH,3100,3100,26.273524,27.470244,3709.832,47
20260816_125007_bb495b,2023-03-17,300291.SZ,2000,2000,39.960398,43.983,8045.204,47
20260816_125007_bb495b,2023-03-17,600433.SH,2800,2800,28.854781,29.08375,641.1132,47
20260816_125007_bb495b,2023-03-17,002373.SZ,2000,2000,40.905779,50.62698,19442.402,46
20260816_125007_bb495b,2023-03-17,601298.SH,12500,12500,7.062971,7.349552,3582.2625,2
20260816_125007_bb495b,2023-03-20,600229.SH,7300,7300,11.368643,11.970336,4392.3589,49
20260816_125007_bb495b,2023-03-20,300770.SZ,1100,1100,72.145592,80.906088,9636.5456,49
20260816_125007_bb495b,2023-03-20,300294.SZ,400,400,178.288827,166.7146,-4629.6908,49
20260816_125007_bb495b,2023-03-20,601658.SH,15200,15200,5.45415,5.52728,1111.576,48
20260816_125007_bb495b,2023-03-20,000972.SZ,8200,8200,10.137259,12.4108,18643.0362,48
20260816_125007_bb495b,2023-03-20,300012.SZ,100,100,453.215024,399.61339,-5360.1634,48
20260816_125007_bb495b,2023-03-20,002929.SZ,1900,1900,42.577664,48.093426,10479.9478,48
20260816_125007_bb495b,2023-03-20,600073.SH,3100,3100,26.273524,26.85548,1804.0636,48
20260816_125007_bb495b,2023-03-20,300291.SZ,2000,2000,39.960398,52.7796,25638.404,48
20260816_125007_bb495b,2023-03-20,600433.SH,2800,2800,28.854781,28.885,84.6132,48
20260816_125007_bb495b,2023-03-20,002373.SZ,2000,2000,40.905779,49.55942,17307.282,47
20260816_125007_bb495b,2023-03-20,601298.SH,12500,12500,7.062971,7.290472,2843.7625,3
20260816_125007_bb495b,2023-03-21,600229.SH,7300,7300,11.368643,12.207216,6121.5829,50
20260816_125007_bb495b,2023-03-21,300770.SZ,1100,1100,72.145592,81.341984,10116.0312,50
20260816_125007_bb495b,2023-03-21,300294.SZ,400,400,178.288827,171.717,-2628.7308,50
20260816_125007_bb495b,2023-03-21,601658.SH,15200,15200,5.45415,5.49302,590.824,49
20260816_125007_bb495b,2023-03-21,000972.SZ,8200,8200,10.137259,12.44346,18910.8482,49
20260816_125007_bb495b,2023-03-21,300012.SZ,100,100,453.215024,402.1389,-5107.6124,49
20260816_125007_bb495b,2023-03-21,002929.SZ,1900,1900,42.577664,49.127363,12444.4281,49
20260816_125007_bb495b,2023-03-21,600073.SH,3100,3100,26.273524,27.5026,3810.1356,49
20260816_125007_bb495b,2023-03-21,300291.SZ,2000,2000,39.960398,63.3681,46815.404,49
20260816_125007_bb495b,2023-03-21,600433.SH,2800,2800,28.854781,29.21625,1012.1132,49
20260816_125007_bb495b,2023-03-21,002373.SZ,2000,2000,40.905779,50.83228,19853.002,48
20260816_125007_bb495b,2023-03-21,601298.SH,12500,12500,7.062971,7.278656,2696.0625,4
20260816_125007_bb495b,2023-03-22,600229.SH,7300,7300,11.368643,12.428304,7735.5253,51
20260816_125007_bb495b,2023-03-22,300770.SZ,1100,1100,72.145592,84.14688,13201.4168,51
20260816_125007_bb495b,2023-03-22,300294.SZ,400,400,178.288827,169.8892,-3359.8508,51
20260816_125007_bb495b,2023-03-22,601658.SH,15200,15200,5.45415,5.50444,764.408,50
20260816_125007_bb495b,2023-03-22,000972.SZ,8200,8200,10.137259,12.11686,16232.7282,50
20260816_125007_bb495b,2023-03-22,300012.SZ,100,100,453.215024,401.36182,-5185.3204,50
20260816_125007_bb495b,2023-03-22,002929.SZ,1900,1900,42.577664,53.13003,20049.4954,50
20260816_125007_bb495b,2023-03-22,600073.SH,3100,3100,26.273524,28.343856,6418.0292,50
20260816_125007_bb495b,2023-03-22,300291.SZ,2000,2000,39.960398,63.3681,46815.404,50
20260816_125007_bb495b,2023-03-22,600433.SH,2800,2800,28.854781,29.5475,1939.6132,50
20260816_125007_bb495b,2023-03-22,002373.SZ,2000,2000,40.905779,53.378,24944.442,49
20260816_125007_bb495b,2023-03-22,601298.SH,12500,12500,7.062971,7.278656,2696.0625,5
20260816_125007_bb495b,2023-03-23,600229.SH,7300,7300,11.368643,12.333552,7043.8357,52
20260816_125007_bb495b,2023-03-23,300770.SZ,1100,1100,72.145592,87.501384,16891.3712,52
20260816_125007_bb495b,2023-03-23,300294.SZ,400,400,178.288827,172.1018,-2474.8108,52
20260816_125007_bb495b,2023-03-23,601658.SH,15200,15200,5.45415,5.51586,937.992,51
20260816_125007_bb495b,2023-03-23,000972.SZ,8200,8200,10.137259,12.28016,17571.7882,51
20260816_125007_bb495b,2023-03-23,300012.SZ,100,100,453.215024,398.05923,-5515.5794,51
20260816_125007_bb495b,2023-03-23,002929.SZ,1900,1900,42.577664,55.07506,23745.0524,51
20260816_125007_bb495b,2023-03-23,600073.SH,3100,3100,26.273524,28.408568,6618.6364,51
20260816_125007_bb495b,2023-03-23,300291.SZ,2000,2000,39.960398,60.1101,40299.404,51
20260816_125007_bb495b,2023-03-23,600433.SH,2800,2800,28.854781,29.34875,1383.1132,51
20260816_125007_bb495b,2023-03-23,002373.SZ,2000,2000,40.905779,55.30782,28804.082,50
20260816_125007_bb495b,2023-03-23,601298.SH,12500,12500,7.062971,7.302288,2991.4625,6
20260816_125007_bb495b,2023-03-24,600229.SH,7300,7300,11.368643,12.349344,7159.1173,53
20260816_125007_bb495b,2023-03-24,300770.SZ,1100,1100,72.145592,88.41108,17892.0368,53
20260816_125007_bb495b,2023-03-24,300294.SZ,400,400,178.288827,168.2538,-4014.0108,53
20260816_125007_bb495b,2023-03-24,601658.SH,15200,15200,5.45415,5.34456,-1665.768,52
20260816_125007_bb495b,2023-03-24,000972.SZ,8200,8200,10.137259,12.70474,21053.3442,52
20260816_125007_bb495b,2023-03-24,002929.SZ,1900,1900,42.577664,49.567554,13280.791,52
20260816_125007_bb495b,2023-03-24,600073.SH,3100,3100,26.273524,28.505636,6919.5472,52
20260816_125007_bb495b,2023-03-24,300291.SZ,2000,2000,39.960398,58.07385,36226.904,52
20260816_125007_bb495b,2023-03-24,600433.SH,2800,2800,28.854781,29.61375,2125.1132,52
20260816_125007_bb495b,2023-03-24,002373.SZ,2000,2000,40.905779,56.0469,30282.242,51
20260816_125007_bb495b,2023-03-24,601298.SH,12500,12500,7.062971,7.231392,2105.2625,7
20260816_125007_bb495b,2023-03-27,600229.SH,7300,7300,11.368643,12.459888,7966.0885,54
20260816_125007_bb495b,2023-03-27,300770.SZ,1100,1100,72.145592,88.069944,17516.7872,54
20260816_125007_bb495b,2023-03-27,300294.SZ,400,400,178.288827,166.0412,-4899.0508,54
20260816_125007_bb495b,2023-03-27,601658.SH,15200,15200,5.45415,5.26462,-2880.856,53
20260816_125007_bb495b,2023-03-27,000972.SZ,8200,8200,10.137259,12.80272,21856.7802,53
20260816_125007_bb495b,2023-03-27,002929.SZ,1900,1900,42.577664,51.563769,17073.5995,53
20260816_125007_bb495b,2023-03-27,600073.SH,3100,3100,26.273524,28.537992,7019.8508,53
20260816_125007_bb495b,2023-03-27,300291.SZ,2000,2000,39.960398,55.95615,31991.504,53
20260816_125007_bb495b,2023-03-27,600433.SH,2800,2800,28.854781,28.885,84.6132,53
20260816_125007_bb495b,2023-03-27,002373.SZ,2000,2000,40.905779,60.02972,38247.882,52
20260816_125007_bb495b,2023-03-27,601298.SH,12500,12500,7.062971,7.219576,1957.5625,8
20260816_125007_bb495b,2023-03-27,600551.SH,2000,0,45.125206,44.758307,-733.798,1
20260816_125007_bb495b,2023-03-28,600229.SH,7300,7300,11.368643,12.47568,8081.3701,55
20260816_125007_bb495b,2023-03-28,300770.SZ,1100,1100,72.145592,85.56828,14764.9568,55
20260816_125007_bb495b,2023-03-28,300294.SZ,400,400,178.288827,164.983,-5322.3308,55
20260816_125007_bb495b,2023-03-28,601658.SH,15200,15200,5.45415,5.29888,-2360.104,54
20260816_125007_bb495b,2023-03-28,000972.SZ,8200,8200,10.137259,12.5741,19982.0962,54
20260816_125007_bb495b,2023-03-28,002929.SZ,1900,1900,42.577664,49.905375,13922.6509,54
20260816_125007_bb495b,2023-03-28,600073.SH,3100,3100,26.273524,28.699772,7521.3688,54
20260816_125007_bb495b,2023-03-28,300291.SZ,2000,2000,39.960398,55.2231,30525.404,54
20260816_125007_bb495b,2023-03-28,600433.SH,2800,2800,28.854781,28.42125,-1213.8868,54
20260816_125007_bb495b,2023-03-28,002373.SZ,2000,2000,40.905779,56.12902,30446.482,53
20260816_125007_bb495b,2023-03-28,601298.SH,12500,12500,7.062971,7.219576,1957.5625,9
20260816_125007_bb495b,2023-03-28,600551.SH,2000,2000,45.125206,45.534687,818.962,2
20260816_125007_bb495b,2023-03-29,600229.SH,7300,7300,11.368643,12.538848,8542.4965,56
20260816_125007_bb495b,2023-03-29,300770.SZ,1100,1100,72.145592,86.04208,15286.1368,56
20260816_125007_bb495b,2023-03-29,300294.SZ,400,400,178.288827,160.5097,-7111.6508,56
20260816_125007_bb495b,2023-03-29,601658.SH,15200,15200,5.45415,5.3103,-2186.52,55
20260816_125007_bb495b,2023-03-29,000972.SZ,8200,8200,10.137259,12.60676,20249.9082,55
20260816_125007_bb495b,2023-03-29,002929.SZ,1900,1900,42.577664,49.229733,12638.9311,55
20260816_125007_bb495b,2023-03-29,600073.SH,3100,3100,26.273524,28.602704,7220.458,55
20260816_125007_bb495b,2023-03-29,300291.SZ,2000,2000,39.960398,54.4086,28896.404,55
20260816_125007_bb495b,2023-03-29,600433.SH,2800,2800,28.854781,27.825,-2883.3868,55
20260816_125007_bb495b,2023-03-29,002373.SZ,2000,2000,40.905779,57.2787,32745.842,54
20260816_125007_bb495b,2023-03-29,601298.SH,12500,12500,7.062971,7.231392,2105.2625,10
20260816_125007_bb495b,2023-03-29,600551.SH,2000,2000,45.125206,45.651144,1051.876,3
20260816_125007_bb495b,2023-03-30,600229.SH,7300,7300,11.368643,12.223008,6236.8645,57
20260816_125007_bb495b,2023-03-30,300770.SZ,1100,1100,72.145592,84.848104,13972.7632,57
20260816_125007_bb495b,2023-03-30,300294.SZ,400,400,178.288827,162.1932,-6438.2508,57
20260816_125007_bb495b,2023-03-30,601658.SH,15200,15200,5.45415,5.50444,764.408,56
20260816_125007_bb495b,2023-03-30,000972.SZ,8200,8200,10.137259,12.21484,17036.1642,56
20260816_125007_bb495b,2023-03-30,002929.SZ,1900,1900,42.577664,48.328877,10927.3047,56
20260816_125007_bb495b,2023-03-30,600073.SH,3100,3100,26.273524,27.66438,4311.6536,56
20260816_125007_bb495b,2023-03-30,300291.SZ,2000,2000,39.960398,54.8973,29873.804,56
20260816_125007_bb495b,2023-03-30,600433.SH,2800,2800,28.854781,27.9575,-2512.3868,56
20260816_125007_bb495b,2023-03-30,002373.SZ,2000,2000,40.905779,53.82966,25847.762,55
20260816_125007_bb495b,2023-03-30,601298.SH,12500,12500,7.062971,7.290472,2843.7625,11
20260816_125007_bb495b,2023-03-30,600551.SH,2000,2000,45.125206,44.408936,-1432.54,4
20260816_125007_bb495b,2023-03-31,600229.SH,7300,7300,11.368643,12.665184,9464.7493,58
20260816_125007_bb495b,2023-03-31,300770.SZ,1100,1100,72.145592,87.520336,16912.2184,58
20260816_125007_bb495b,2023-03-31,300294.SZ,400,400,178.288827,168.0133,-4110.2108,58
20260816_125007_bb495b,2023-03-31,601658.SH,15200,15200,5.45415,5.3103,-2186.52,57
20260816_125007_bb495b,2023-03-31,000972.SZ,8200,8200,10.137259,12.11686,16232.7282,57
20260816_125007_bb495b,2023-03-31,002929.SZ,1900,1900,42.577664,49.045467,12288.8257,57
20260816_125007_bb495b,2023-03-31,600073.SH,3100,3100,26.273524,28.829196,7922.5832,57
20260816_125007_bb495b,2023-03-31,300291.SZ,2000,2000,39.960398,56.8521,33783.404,57
20260816_125007_bb495b,2023-03-31,600433.SH,2800,2800,28.854781,28.2225,-1770.3868,57
20260816_125007_bb495b,2023-03-31,002373.SZ,2000,2000,40.905779,55.2257,28639.842,56
20260816_125007_bb495b,2023-03-31,601298.SH,12500,12500,7.062971,7.50316,5502.3625,12
20260816_125007_bb495b,2023-03-31,600551.SH,2000,2000,45.125206,45.185316,120.22,5
20260816_125007_bb495b,2023-04-03,600229.SH,7300,7300,11.368643,12.838896,10732.8469,59
20260816_125007_bb495b,2023-04-03,300770.SZ,1100,1100,72.145592,88.373176,17850.3424,59
20260816_125007_bb495b,2023-04-03,300294.SZ,400,400,178.288827,167.2437,-4418.0508,59
20260816_125007_bb495b,2023-04-03,601658.SH,15200,15200,5.45415,5.28746,-2533.688,58
20260816_125007_bb495b,2023-04-03,000972.SZ,8200,8200,10.137259,12.28016,17571.7882,58
20260816_125007_bb495b,2023-04-03,002929.SZ,1900,1900,42.577664,46.711431,7854.1573,58
20260816_125007_bb495b,2023-04-03,600073.SH,3100,3100,26.273524,28.990976,8424.1012,58
20260816_125007_bb495b,2023-04-03,300291.SZ,2000,2000,39.960398,59.6214,39322.004,58
20260816_125007_bb495b,2023-04-03,600433.SH,2800,2800,28.854781,29.5475,1939.6132,58
20260816_125007_bb495b,2023-04-03,002373.SZ,2000,2000,40.905779,56.29326,30774.962,57
20260816_125007_bb495b,2023-04-03,601298.SH,12500,12500,7.062971,7.467712,5059.2625,13
20260816_125007_bb495b,2023-04-03,600551.SH,2000,2000,45.125206,46.5828,2915.188,6
20260816_125007_bb495b,2023-04-04,600229.SH,7300,7300,11.368643,12.696768,9695.3125,60
20260816_125007_bb495b,2023-04-04,300770.SZ,1100,1100,72.145592,87.36872,16745.4408,60
20260816_125007_bb495b,2023-04-04,300294.SZ,400,400,178.288827,175.3245,-1185.7308,60
20260816_125007_bb495b,2023-04-04,601658.SH,15200,15200,5.45415,5.39024,-971.432,59
20260816_125007_bb495b,2023-04-04,000972.SZ,8200,8200,10.137259,12.14952,16500.5402,59
20260816_125007_bb495b,2023-04-04,002929.SZ,1900,1900,42.577664,42.514261,-120.4657,59
20260816_125007_bb495b,2023-04-04,600073.SH,3100,3100,26.273524,29.1204,8825.3156,59
20260816_125007_bb495b,2023-04-04,300291.SZ,2000,2000,39.960398,60.273,40625.204,59
20260816_125007_bb495b,2023-04-04,600433.SH,2800,2800,28.854781,28.81875,-100.8868,59
20260816_125007_bb495b,2023-04-04,002373.SZ,2000,2000,40.905779,57.81248,33813.402,58
20260816_125007_bb495b,2023-04-04,601298.SH,12500,12500,7.062971,7.585872,6536.2625,14
20260816_125007_bb495b,2023-04-04,600551.SH,2000,2000,45.125206,45.534687,818.962,7
20260816_125007_bb495b,2023-04-06,601658.SH,15200,15200,5.45415,5.3674,-1318.6,60
20260816_125007_bb495b,2023-04-06,000972.SZ,8200,8200,10.137259,11.98622,15161.4802,60
20260816_125007_bb495b,2023-04-06,002929.SZ,1900,1900,42.577664,42.289047,-548.3723,60
20260816_125007_bb495b,2023-04-06,600073.SH,3100,3100,26.273524,29.055688,8624.7084,60
20260816_125007_bb495b,2023-04-06,300291.SZ,2000,2000,39.960398,57.8295,35738.204,60
20260816_125007_bb495b,2023-04-06,600433.SH,2800,2800,28.854781,28.28875,-1584.8868,60
20260816_125007_bb495b,2023-04-06,002373.SZ,2000,2000,40.905779,57.484,33156.442,59
20260816_125007_bb495b,2023-04-06,601298.SH,12500,12500,7.062971,7.44408,4763.8625,15
20260816_125007_bb495b,2023-04-06,600551.SH,2000,2000,45.125206,43.632556,-2985.3,8
20260816_125007_bb495b,2023-04-07,002373.SZ,2000,2000,40.905779,60.1529,38494.242,60
20260816_125007_bb495b,2023-04-07,601298.SH,12500,12500,7.062971,7.385,4025.3625,16
20260816_125007_bb495b,2023-04-07,600551.SH,2000,2000,45.125206,43.593737,-3062.938,9
20260816_125007_bb495b,2023-04-07,600299.SH,2900,0,28.760296,28.600572,-463.1996,1
20260816_125007_bb495b,2023-04-07,000061.SZ,600,0,135.358845,135.189824,-101.4126,1
20260816_125007_bb495b,2023-04-07,002745.SZ,4000,0,21.299987,20.92923,-1483.028,1
20260816_125007_bb495b,2023-04-10,601298.SH,12500,12500,7.062971,7.432264,4616.1625,17
20260816_125007_bb495b,2023-04-10,600551.SH,2000,2000,45.125206,43.244366,-3761.68,10
20260816_125007_bb495b,2023-04-10,600299.SH,2900,2900,28.760296,28.693431,-193.9085,2
20260816_125007_bb495b,2023-04-10,000061.SZ,600,600,135.358845,134.092504,-759.8046,2
20260816_125007_bb495b,2023-04-10,002745.SZ,4000,4000,21.299987,20.6496,-2601.548,2
20260816_125007_bb495b,2023-04-10,601827.SH,11600,0,7.884846,7.875,-114.2136,1
20260816_125007_bb495b,2023-04-10,600203.SH,7900,0,11.472325,11.60965,1084.8675,1
20260816_125007_bb495b,2023-04-10,603519.SH,1700,0,51.074835,51.442027,624.2264,1
20260816_125007_bb495b,2023-04-10,600737.SH,900,0,99.751724,95.898429,-3467.9655,1
20260816_125007_bb495b,2023-04-10,600380.SH,500,0,158.375842,157.264416,-555.713,1
20260816_125007_bb495b,2023-04-11,601298.SH,12500,12500,7.062971,7.432264,4616.1625,18
20260816_125007_bb495b,2023-04-11,600551.SH,2000,2000,45.125206,44.758307,-733.798,11
20260816_125007_bb495b,2023-04-11,600299.SH,2900,2900,28.760296,28.569619,-552.9633,3
20260816_125007_bb495b,2023-04-11,000061.SZ,600,600,135.358845,134.531432,-496.4478,3
20260816_125007_bb495b,2023-04-11,002745.SZ,4000,4000,21.299987,20.92923,-1483.028,3
20260816_125007_bb495b,2023-04-11,601827.SH,11600,11600,7.884846,7.875,-114.2136,2
20260816_125007_bb495b,2023-04-11,600203.SH,7900,7900,11.472325,12.31735,6675.6975,2
20260816_125007_bb495b,2023-04-11,603519.SH,1700,1700,51.074835,51.951354,1490.0823,2
20260816_125007_bb495b,2023-04-11,600737.SH,900,900,99.751724,98.345412,-1265.6808,2
20260816_125007_bb495b,2023-04-11,600380.SH,500,500,158.375842,156.236544,-1069.649,2
20260816_125007_bb495b,2023-04-11,600208.SH,4500,0,20.406561,21.63316,5519.6955,1
20260816_125007_bb495b,2023-04-11,301138.SZ,3200,0,28.132246,27.750114,-1222.8224,1
20260816_125007_bb495b,2023-04-12,601298.SH,12500,12500,7.062971,7.467712,5059.2625,19
20260816_125007_bb495b,2023-04-12,600551.SH,2000,2000,45.125206,46.19461,2138.808,12
20260816_125007_bb495b,2023-04-12,600299.SH,2900,2900,28.760296,28.755337,-14.3811,4
20260816_125007_bb495b,2023-04-12,000061.SZ,600,600,135.358845,138.701248,2005.4418,4
20260816_125007_bb495b,2023-04-12,002745.SZ,4000,4000,21.299987,21.01527,-1138.868,4
20260816_125007_bb495b,2023-04-12,601827.SH,11600,11600,7.884846,7.854,-357.8136,3
20260816_125007_bb495b,2023-04-12,600203.SH,7900,7900,11.472325,12.469,7873.7325,3
20260816_125007_bb495b,2023-04-12,603519.SH,1700,1700,51.074835,52.460681,2355.9382,3
20260816_125007_bb495b,2023-04-12,600737.SH,900,900,99.751724,98.228889,-1370.5515,3
20260816_125007_bb495b,2023-04-12,600380.SH,500,500,158.375842,154.066592,-2154.625,3
20260816_125007_bb495b,2023-04-12,600208.SH,4500,4500,20.406561,21.70272,5832.7155,2
20260816_125007_bb495b,2023-04-12,301138.SZ,3200,3200,28.132246,29.740284,5145.7216,2
20260816_125007_bb495b,2023-04-13,601298.SH,12500,12500,7.062971,7.56224,6240.8625,20
20260816_125007_bb495b,2023-04-13,600551.SH,2000,2000,45.125206,46.97099,3691.568,13
20260816_125007_bb495b,2023-04-13,600299.SH,2900,2900,28.760296,28.724384,-104.1448,5
20260816_125007_bb495b,2023-04-13,000061.SZ,600,600,135.358845,136.726072,820.3362,5
20260816_125007_bb495b,2023-04-13,002745.SZ,4000,4000,21.299987,20.28393,-4064.228,5
20260816_125007_bb495b,2023-04-13,601827.SH,11600,11600,7.884846,7.7805,-1210.4136,4
20260816_125007_bb495b,2023-04-13,600203.SH,7900,7900,11.472325,12.14885,5344.5475,4
20260816_125007_bb495b,2023-04-13,603519.SH,1700,1700,51.074835,52.539039,2489.1468,4
20260816_125007_bb495b,2023-04-13,600737.SH,900,900,99.751724,96.131475,-3258.2241,4
20260816_125007_bb495b,2023-04-13,600380.SH,500,500,158.375842,155.89392,-1240.961,4
20260816_125007_bb495b,2023-04-13,600208.SH,4500,4500,20.406561,21.35492,4267.6155,3
20260816_125007_bb495b,2023-04-13,301138.SZ,3200,3200,28.132246,30.750678,8378.9824,3
20260816_125007_bb495b,2023-04-14,601298.SH,12500,12500,7.062971,7.550424,6093.1625,21
20260816_125007_bb495b,2023-04-14,600551.SH,2000,2000,45.125206,46.000515,1750.618,14
20260816_125007_bb495b,2023-04-14,600299.SH,2900,2900,28.760296,28.600572,-463.1996,6
20260816_125007_bb495b,2023-04-14,000061.SZ,600,600,135.358845,135.409288,30.2658,6
20260816_125007_bb495b,2023-04-14,002745.SZ,4000,4000,21.299987,20.24091,-4236.308,6
20260816_125007_bb495b,2023-04-14,601827.SH,11600,11600,7.884846,7.812,-845.0136,5
20260816_125007_bb495b,2023-04-14,600203.SH,7900,7900,11.472325,12.11515,5078.3175,5
20260816_125007_bb495b,2023-04-14,603519.SH,1700,1700,51.074835,54.302094,5486.3403,5
20260816_125007_bb495b,2023-04-14,600737.SH,900,900,99.751724,95.781906,-3572.8362,5
20260816_125007_bb495b,2023-04-14,600380.SH,500,500,158.375842,157.264416,-555.713,5
20260816_125007_bb495b,2023-04-14,600208.SH,4500,4500,20.406561,21.42448,4580.6355,4
20260816_125007_bb495b,2023-04-14,301138.SZ,3200,3200,28.132246,30.618,7954.4128,4
20260816_125007_bb495b,2023-04-17,601298.SH,12500,12500,7.062971,7.656768,7422.4625,22
20260816_125007_bb495b,2023-04-17,600551.SH,2000,2000,45.125206,44.913583,-423.246,15
20260816_125007_bb495b,2023-04-17,600299.SH,2900,2900,28.760296,28.693431,-193.9085,7
20260816_125007_bb495b,2023-04-17,000061.SZ,600,600,135.358845,137.603928,1347.0498,7
20260816_125007_bb495b,2023-04-17,002745.SZ,4000,4000,21.299987,20.34846,-3806.108,7
20260816_125007_bb495b,2023-04-17,601827.SH,11600,11600,7.884846,7.833,-601.4136,6
20260816_125007_bb495b,2023-04-17,600203.SH,7900,7900,11.472325,13.0756,12665.8725,6
20260816_125007_bb495b,2023-04-17,603519.SH,1700,1700,51.074835,54.928958,6552.0091,6
20260816_125007_bb495b,2023-04-17,600737.SH,900,900,99.751724,97.529751,-1999.7757,6
20260816_125007_bb495b,2023-04-17,600380.SH,500,500,158.375842,158.063872,-155.985,6
20260816_125007_bb495b,2023-04-17,600208.SH,4500,4500,20.406561,21.2158,3641.5755,5
20260816_125007_bb495b,2023-04-17,301138.SZ,3200,3200,28.132246,29.5974,4688.4928,5
20260816_125007_bb495b,2023-04-18,601298.SH,12500,12500,7.062971,7.786744,9047.1625,23
20260816_125007_bb495b,2023-04-18,600551.SH,2000,2000,45.125206,44.758307,-733.798,16
20260816_125007_bb495b,2023-04-18,600299.SH,2900,2900,28.760296,28.755337,-14.3811,8
20260816_125007_bb495b,2023-04-18,000061.SZ,600,600,135.358845,135.409288,30.2658,8
20260816_125007_bb495b,2023-04-18,002745.SZ,4000,4000,21.299987,18.73521,-10259.108,8
20260816_125007_bb495b,2023-04-18,601827.SH,11600,11600,7.884846,7.8225,-723.2136,7
20260816_125007_bb495b,2023-04-18,600203.SH,7900,7900,11.472325,12.5701,8672.4225,7
20260816_125007_bb495b,2023-04-18,603519.SH,1700,1700,51.074835,54.380452,5619.5489,7
20260816_125007_bb495b,2023-04-18,600737.SH,900,900,99.751724,97.413228,-2104.6464,7
20260816_125007_bb495b,2023-04-18,600380.SH,500,500,158.375842,156.008128,-1183.857,7
20260816_125007_bb495b,2023-04-18,600208.SH,4500,4500,20.406561,21.00712,2702.5155,6
20260816_125007_bb495b,2023-04-18,301138.SZ,3200,3200,28.132246,29.49534,4361.9008,6
20260816_125007_bb495b,2023-04-19,601298.SH,12500,12500,7.062971,7.91672,10671.8625,24
20260816_125007_bb495b,2023-04-19,600551.SH,2000,2000,45.125206,45.495868,741.324,17
20260816_125007_bb495b,2023-04-19,600299.SH,2900,2900,28.760296,28.352948,-1181.3092,9
20260816_125007_bb495b,2023-04-19,000061.SZ,600,600,135.358845,133.87304,-891.483,9
20260816_125007_bb495b,2023-04-19,601827.SH,11600,11600,7.884846,7.8225,-723.2136,8
20260816_125007_bb495b,2023-04-19,600203.SH,7900,7900,11.472325,12.2331,6010.1225,8
20260816_125007_bb495b,2023-04-19,603519.SH,1700,1700,51.074835,54.772242,6285.5919,8
20260816_125007_bb495b,2023-04-19,600737.SH,900,900,99.751724,96.247998,-3153.3534,8
20260816_125007_bb495b,2023-04-19,600380.SH,500,500,158.375842,153.838176,-2268.833,8
20260816_125007_bb495b,2023-04-19,600208.SH,4500,4500,20.406561,20.45064,198.3555,7
20260816_125007_bb495b,2023-04-19,301138.SZ,3200,3200,28.132246,32.25096,13179.8848,7
20260816_125007_bb495b,2023-04-20,601298.SH,12500,12500,7.062971,7.881272,10228.7625,25
20260816_125007_bb495b,2023-04-20,600551.SH,2000,2000,45.125206,46.427524,2604.636,18
20260816_125007_bb495b,2023-04-20,600299.SH,2900,2900,28.760296,28.445807,-912.0181,10
20260816_125007_bb495b,2023-04-20,000061.SZ,600,600,135.358845,134.311968,-628.1262,10
20260816_125007_bb495b,2023-04-20,601827.SH,11600,11600,7.884846,7.8645,-236.0136,9
20260816_125007_bb495b,2023-04-20,600203.SH,7900,7900,11.472325,11.94665,3747.1675,9
20260816_125007_bb495b,2023-04-20,603519.SH,1700,1700,51.074835,54.654705,6085.779,9
20260816_125007_bb495b,2023-04-20,600737.SH,900,900,99.751724,97.296705,-2209.5171,9
20260816_125007_bb495b,2023-04-20,600380.SH,500,500,158.375842,153.838176,-2268.833,9
20260816_125007_bb495b,2023-04-20,600208.SH,4500,4500,20.406561,20.38108,-114.6645,8
20260816_125007_bb495b,2023-04-20,301138.SZ,3200,3200,28.132246,31.240566,9946.624,8
20260816_125007_bb495b,2023-04-20,601229.SH,4900,0,19.042852,19.04931,31.6442,1
20260816_125007_bb495b,2023-04-21,601298.SH,12500,12500,7.062971,7.91672,10671.8625,26
20260816_125007_bb495b,2023-04-21,600551.SH,2000,2000,45.125206,44.913583,-423.246,19
20260816_125007_bb495b,2023-04-21,600299.SH,2900,2900,28.760296,27.702935,-3066.3469,11
20260816_125007_bb495b,2023-04-21,000061.SZ,600,600,135.358845,132.77572,-1549.875,11
20260816_125007_bb495b,2023-04-21,601827.SH,11600,11600,7.884846,7.77,-1332.2136,10
20260816_125007_bb495b,2023-04-21,600203.SH,7900,7900,11.472325,11.0199,-3574.1575,10
20260816_125007_bb495b,2023-04-21,603519.SH,1700,1700,51.074835,52.656576,2688.9597,10
20260816_125007_bb495b,2023-04-21,600737.SH,900,900,99.751724,99.277596,-426.7152,10
20260816_125007_bb495b,2023-04-21,600380.SH,500,500,158.375842,150.982976,-3696.433,10
20260816_125007_bb495b,2023-04-21,600208.SH,4500,4500,20.406561,19.8246,-2618.8245,9
20260816_125007_bb495b,2023-04-21,301138.SZ,3200,3200,28.132246,30.31182,6974.6368,9
20260816_125007_bb495b,2023-04-21,601229.SH,4900,4900,19.042852,18.867888,-857.3236,2
20260816_125007_bb495b,2023-04-24,601298.SH,12500,12500,7.062971,7.91672,10671.8625,27
20260816_125007_bb495b,2023-04-24,600551.SH,2000,2000,45.125206,46.660438,3070.464,20
20260816_125007_bb495b,2023-04-24,600299.SH,2900,2900,28.760296,27.981512,-2258.4736,12
20260816_125007_bb495b,2023-04-24,000061.SZ,600,600,135.358845,134.97036,-233.091,12
20260816_125007_bb495b,2023-04-24,601827.SH,11600,11600,7.884846,7.728,-1819.4136,11
20260816_125007_bb495b,2023-04-24,600203.SH,7900,7900,11.472325,10.8851,-4639.0775,11
20260816_125007_bb495b,2023-04-24,603519.SH,1700,1700,51.074835,52.813292,2955.3769,11
20260816_125007_bb495b,2023-04-24,600737.SH,900,900,99.751724,96.481044,-2943.612,11
20260816_125007_bb495b,2023-04-24,600380.SH,500,500,158.375842,148.584608,-4895.617,11
20260816_125007_bb495b,2023-04-24,600208.SH,4500,4500,20.406561,19.75504,-2931.8445,10
20260816_125007_bb495b,2023-04-24,301138.SZ,3200,3200,28.132246,32.424462,13735.0912,10
20260816_125007_bb495b,2023-04-24,601229.SH,4900,4900,19.042852,18.867888,-857.3236,3
20260816_125007_bb495b,2023-04-25,601298.SH,12500,12500,7.062971,8.03488,12148.8625,28
20260816_125007_bb495b,2023-04-25,600551.SH,2000,2000,45.125206,45.495868,741.324,21
20260816_125007_bb495b,2023-04-25,600299.SH,2900,2900,28.760296,27.54817,-3515.1654,13
20260816_125007_bb495b,2023-04-25,000061.SZ,600,600,135.358845,135.848216,293.6226,13
20260816_125007_bb495b,2023-04-25,601827.SH,11600,11600,7.884846,7.77,-1332.2136,12
20260816_125007_bb495b,2023-04-25,600203.SH,7900,7900,11.472325,10.4133,-8366.2975,12
20260816_125007_bb495b,2023-04-25,603519.SH,1700,1700,51.074835,51.794638,1223.6651,12
20260816_125007_bb495b,2023-04-25,600737.SH,900,900,99.751724,97.87932,-1685.1636,12
20260816_125007_bb495b,2023-04-25,600380.SH,500,500,158.375842,142.303168,-8036.337,12
20260816_125007_bb495b,2023-04-25,600208.SH,4500,4500,20.406561,19.8246,-2618.8245,11
20260816_125007_bb495b,2023-04-25,301138.SZ,3200,3200,28.132246,32.09787,12689.9968,11
20260816_125007_bb495b,2023-04-25,601229.SH,4900,4900,19.042852,19.04931,31.6442,4
20260816_125007_bb495b,2023-04-26,601298.SH,12500,12500,7.062971,8.023064,12001.1625,29
20260816_125007_bb495b,2023-04-26,600551.SH,2000,2000,45.125206,46.272248,2294.084,22
20260816_125007_bb495b,2023-04-26,600299.SH,2900,2900,28.760296,27.981512,-2258.4736,14
20260816_125007_bb495b,2023-04-26,000061.SZ,600,600,135.358845,135.189824,-101.4126,14
20260816_125007_bb495b,2023-04-26,601827.SH,11600,11600,7.884846,7.8855,7.5864,13
20260816_125007_bb495b,2023-04-26,600203.SH,7900,7900,11.472325,10.2111,-9963.6775,13
20260816_125007_bb495b,2023-04-26,603519.SH,1700,1700,51.074835,51.206953,224.6006,13
20260816_125007_bb495b,2023-04-26,600737.SH,900,900,99.751724,100.093257,307.3797,13
20260816_125007_bb495b,2023-04-26,600380.SH,500,500,158.375842,143.102624,-7636.609,13
20260816_125007_bb495b,2023-04-26,600208.SH,4500,4500,20.406561,19.33768,-4809.9645,12
20260816_125007_bb495b,2023-04-26,301138.SZ,3200,3200,28.132246,30.883356,8803.552,12
20260816_125007_bb495b,2023-04-26,601229.SH,4900,4900,19.042852,18.837651,-1005.4849,5
20260816_125007_bb495b,2023-04-27,601298.SH,12500,12500,7.062971,8.117592,13182.7625,30
20260816_125007_bb495b,2023-04-27,600551.SH,2000,2000,45.125206,47.514456,4778.5,23
20260816_125007_bb495b,2023-04-27,600299.SH,2900,2900,28.760296,25.226695,-10247.4429,15
20260816_125007_bb495b,2023-04-27,000061.SZ,600,600,135.358845,140.676424,3190.5474,15
20260816_125007_bb495b,2023-04-27,601827.SH,11600,11600,7.884846,7.833,-601.4136,14
20260816_125007_bb495b,2023-04-27,600203.SH,7900,7900,11.472325,9.99205,-11694.1725,14
20260816_125007_bb495b,2023-04-27,603519.SH,1700,1700,51.074835,52.225607,1956.3124,14
20260816_125007_bb495b,2023-04-27,600737.SH,900,900,99.751724,98.112366,-1475.4222,14
20260816_125007_bb495b,2023-04-27,600380.SH,500,500,158.375842,147.556736,-5409.553,14
20260816_125007_bb495b,2023-04-27,600208.SH,4500,4500,20.406561,19.26812,-5122.9845,13
20260816_125007_bb495b,2023-04-27,301138.SZ,3200,3200,28.132246,29.556576,4557.856,13
20260816_125007_bb495b,2023-04-27,601229.SH,4900,4900,19.042852,18.988836,-264.6784,6
20260816_125007_bb495b,2023-04-28,601298.SH,12500,12500,7.062971,8.472072,17613.7625,31
20260816_125007_bb495b,2023-04-28,600551.SH,2000,2000,45.125206,51.279899,12309.386,24
20260816_125007_bb495b,2023-04-28,000061.SZ,600,600,135.358845,141.334816,3585.5826,16
20260816_125007_bb495b,2023-04-28,601827.SH,11600,11600,7.884846,7.896,129.3864,15
20260816_125007_bb495b,2023-04-28,603519.SH,1700,1700,51.074835,54.811421,6352.1962,15
20260816_125007_bb495b,2023-04-28,600737.SH,900,900,99.751724,101.37501,1460.9574,15
20260816_125007_bb495b,2023-04-28,600380.SH,500,500,158.375842,147.89936,-5238.241,15
20260816_125007_bb495b,2023-04-28,600208.SH,4500,4500,20.406561,19.26812,-5122.9845,14
20260816_125007_bb495b,2023-04-28,301138.SZ,3200,3200,28.132246,31.28139,10077.2608,14
20260816_125007_bb495b,2023-04-28,601229.SH,4900,4900,19.042852,18.988836,-264.6784,7
20260816_125007_bb495b,2023-05-04,601298.SH,12500,12500,7.062971,9.192848,26623.4625,32
20260816_125007_bb495b,2023-05-04,600551.SH,2000,2000,45.125206,56.404007,22557.602,25
20260816_125007_bb495b,2023-05-04,000061.SZ,600,600,135.358845,145.724096,6219.1506,17
20260816_125007_bb495b,2023-05-04,601827.SH,11600,11600,7.884846,8.2635,4392.3864,16
20260816_125007_bb495b,2023-05-04,603519.SH,1700,1700,51.074835,55.63418,7750.8865,16
20260816_125007_bb495b,2023-05-04,600737.SH,900,900,99.751724,101.724579,1775.5695,16
20260816_125007_bb495b,2023-05-04,600380.SH,500,500,158.375842,149.955104,-4210.369,16
20260816_125007_bb495b,2023-05-04,600208.SH,4500,4500,20.406561,19.8246,-2618.8245,15
20260816_125007_bb495b,2023-05-04,301138.SZ,3200,3200,28.132246,32.50611,13996.3648,15
20260816_125007_bb495b,2023-05-04,601229.SH,4900,4900,19.042852,19.35168,1513.2572,8
20260816_125007_bb495b,2023-05-04,601077.SH,20400,0,4.570372,4.83595,5417.7912,1
20260816_125007_bb495b,2023-05-04,600461.SH,2400,0,37.514912,40.924347,8182.644,1
20260816_125007_bb495b,2023-05-05,601298.SH,12500,12500,7.062971,9.547328,31054.4625,33
20260816_125007_bb495b,2023-05-05,600551.SH,2000,2000,45.125206,54.540695,18830.978,26
20260816_125007_bb495b,2023-05-05,000061.SZ,600,600,135.358845,145.285168,5955.7938,18
20260816_125007_bb495b,2023-05-05,601827.SH,11600,11600,7.884846,8.1795,3417.9864,17
20260816_125007_bb495b,2023-05-05,603519.SH,1700,1700,51.074835,54.615526,6019.1747,17
20260816_125007_bb495b,2023-05-05,600737.SH,900,900,99.751724,101.141964,1251.216,17
20260816_125007_bb495b,2023-05-05,600380.SH,500,500,158.375842,147.32832,-5523.761,17
20260816_125007_bb495b,2023-05-05,600208.SH,4500,4500,20.406561,20.65932,1137.4155,16
20260816_125007_bb495b,2023-05-05,301138.SZ,3200,3200,28.132246,32.995998,15564.0064,16
20260816_125007_bb495b,2023-05-05,601229.SH,4900,4900,19.042852,19.291206,1216.9346,9
20260816_125007_bb495b,2023-05-05,601077.SH,20400,20400,4.570372,4.83595,5417.7912,2
20260816_125007_bb495b,2023-05-05,600461.SH,2400,2400,37.514912,40.022709,6018.7128,2
20260816_125007_bb495b,2023-05-08,601298.SH,12500,12500,7.062971,10.008152,36814.7625,34
20260816_125007_bb495b,2023-05-08,600551.SH,2000,2000,45.125206,57.102749,23955.086,27
20260816_125007_bb495b,2023-05-08,000061.SZ,600,600,135.358845,145.504632,6087.4722,19
20260816_125007_bb495b,2023-05-08,601827.SH,11600,11600,7.884846,8.253,4270.5864,18
20260816_125007_bb495b,2023-05-08,603519.SH,1700,1700,51.074835,54.184557,5286.5274,18
20260816_125007_bb495b,2023-05-08,600737.SH,900,900,99.751724,101.957625,1985.3109,18
20260816_125007_bb495b,2023-05-08,600380.SH,500,500,158.375842,147.214112,-5580.865,18
20260816_125007_bb495b,2023-05-08,600208.SH,4500,4500,20.406561,20.5202,511.3755,17
20260816_125007_bb495b,2023-05-08,301138.SZ,3200,3200,28.132246,32.526522,14061.6832,17
20260816_125007_bb495b,2023-05-08,601229.SH,4900,4900,19.042852,19.805235,3735.6767,10
20260816_125007_bb495b,2023-05-08,601077.SH,20400,20400,4.570372,5.083645,10470.7692,3
20260816_125007_bb495b,2023-05-08,600461.SH,2400,2400,37.514912,41.625621,9865.7016,3
20260816_125007_bb495b,2023-05-09,601298.SH,12500,12500,7.062971,9.39372,29134.3625,35
20260816_125007_bb495b,2023-05-09,600551.SH,2000,2000,45.125206,51.396356,12542.3,28
20260816_125007_bb495b,2023-05-09,000061.SZ,600,600,135.358845,143.309992,4770.6882,20
20260816_125007_bb495b,2023-05-09,601827.SH,11600,11600,7.884846,8.463,6706.5864,19
20260816_125007_bb495b,2023-05-09,603519.SH,1700,1700,51.074835,53.67523,4420.6715,19
20260816_125007_bb495b,2023-05-09,600737.SH,900,900,99.751724,102.423717,2404.7937,19
20260816_125007_bb495b,2023-05-09,600380.SH,500,500,158.375842,145.6152,-6380.321,19
20260816_125007_bb495b,2023-05-09,600208.SH,4500,4500,20.406561,20.45064,198.3555,18
20260816_125007_bb495b,2023-05-09,301138.SZ,3200,3200,28.132246,31.312008,10175.2384,18
20260816_125007_bb495b,2023-05-09,601229.SH,4900,4900,19.042852,19.805235,3735.6767,11
20260816_125007_bb495b,2023-05-09,601077.SH,20400,20400,4.570372,5.09544,10711.3872,4
20260816_125007_bb495b,2023-05-09,600461.SH,2400,2400,37.514912,41.876076,10466.7936,4
20260816_125007_bb495b,2023-05-10,601298.SH,12500,12500,7.062971,8.909264,23078.6625,36
20260816_125007_bb495b,2023-05-10,600551.SH,2000,2000,45.125206,53.104392,15958.372,29
20260816_125007_bb495b,2023-05-10,000061.SZ,600,600,135.358845,143.529456,4902.3666,21
20260816_125007_bb495b,2023-05-10,601827.SH,11600,11600,7.884846,8.484,6950.1864,20
20260816_125007_bb495b,2023-05-10,603519.SH,1700,1700,51.074835,53.205082,3621.4199,20
20260816_125007_bb495b,2023-05-10,600737.SH,900,900,99.751724,100.908918,1041.4746,20
20260816_125007_bb495b,2023-05-10,600380.SH,500,500,158.375842,144.244704,-7065.569,20
20260816_125007_bb495b,2023-05-10,600208.SH,4500,4500,20.406561,20.45064,198.3555,19
20260816_125007_bb495b,2023-05-10,301138.SZ,3200,3200,28.132246,31.79169,11710.2208,19
20260816_125007_bb495b,2023-05-10,601229.SH,4900,4900,19.042852,19.291206,1216.9346,12
20260816_125007_bb495b,2023-05-10,601077.SH,20400,20400,4.570372,4.894925,6620.8812,5
20260816_125007_bb495b,2023-05-10,600461.SH,2400,2400,37.514912,41.976258,10707.2304,5
20260816_125007_bb495b,2023-05-11,601298.SH,12500,12500,7.062971,8.613864,19386.1625,37
20260816_125007_bb495b,2023-05-11,600551.SH,2000,2000,45.125206,54.307781,18365.15,30
20260816_125007_bb495b,2023-05-11,000061.SZ,600,600,135.358845,146.821416,6877.5426,22
20260816_125007_bb495b,2023-05-11,601827.SH,11600,11600,7.884846,8.4105,6097.5864,21
20260816_125007_bb495b,2023-05-11,603519.SH,1700,1700,51.074835,54.45881,5752.7575,21
20260816_125007_bb495b,2023-05-11,600737.SH,900,900,99.751724,103.122855,3034.0179,21
20260816_125007_bb495b,2023-05-11,600380.SH,500,500,158.375842,144.815744,-6780.049,21
20260816_125007_bb495b,2023-05-11,600208.SH,4500,4500,20.406561,20.868,2076.4755,20
20260816_125007_bb495b,2023-05-11,301138.SZ,3200,3200,28.132246,29.872962,5570.2912,20
20260816_125007_bb495b,2023-05-11,601229.SH,4900,4900,19.042852,19.35168,1513.2572,13
20260816_125007_bb495b,2023-05-11,601077.SH,20400,20400,4.570372,4.894925,6620.8812,6
20260816_125007_bb495b,2023-05-11,600461.SH,2400,2400,37.514912,42.126531,11067.8856,6
20260816_125007_bb495b,2023-05-12,601298.SH,12500,12500,7.062971,8.791104,21601.6625,38
20260816_125007_bb495b,2023-05-12,600551.SH,2000,2000,45.125206,52.560926,14871.44,31
20260816_125007_bb495b,2023-05-12,000061.SZ,600,600,135.358845,143.74892,5034.045,23
20260816_125007_bb495b,2023-05-12,601827.SH,11600,11600,7.884846,8.379,5732.1864,22
20260816_125007_bb495b,2023-05-12,603519.SH,1700,1700,51.074835,52.852471,3021.9812,22
20260816_125007_bb495b,2023-05-12,600737.SH,900,900,99.751724,97.87932,-1685.1636,22
20260816_125007_bb495b,2023-05-12,600380.SH,500,500,158.375842,143.216832,-7579.505,22
20260816_125007_bb495b,2023-05-12,600208.SH,4500,4500,20.406561,20.31152,-427.6845,21
20260816_125007_bb495b,2023-05-12,301138.SZ,3200,3200,28.132246,30.352644,7105.2736,21
20260816_125007_bb495b,2023-05-12,601229.SH,4900,4900,19.042852,19.230732,920.612,14
20260816_125007_bb495b,2023-05-12,601077.SH,20400,20400,4.570372,4.894925,6620.8812,7
20260816_125007_bb495b,2023-05-12,600461.SH,2400,2400,37.514912,42.07644,10947.6672,7
20260816_125007_bb495b,2023-05-15,601298.SH,12500,12500,7.062971,8.74384,21010.8625,39
20260816_125007_bb495b,2023-05-15,600551.SH,2000,2000,45.125206,50.387062,10523.712,32
20260816_125007_bb495b,2023-05-15,000061.SZ,600,600,135.358845,144.84624,5692.437,24
20260816_125007_bb495b,2023-05-15,601827.SH,11600,11600,7.884846,8.421,6219.3864,23
20260816_125007_bb495b,2023-05-15,603519.SH,1700,1700,51.074835,54.733063,6218.9876,23
20260816_125007_bb495b,2023-05-15,600737.SH,900,900,99.751724,98.461935,-1160.8101,23
20260816_125007_bb495b,2023-05-15,600380.SH,500,500,158.375842,147.32832,-5523.761,23
20260816_125007_bb495b,2023-05-15,600208.SH,4500,4500,20.406561,20.1724,-1053.7245,22
20260816_125007_bb495b,2023-05-15,301138.SZ,3200,3200,28.132246,30.403674,7268.5696,22
20260816_125007_bb495b,2023-05-15,601229.SH,4900,4900,19.042852,19.472628,2105.9024,15
20260816_125007_bb495b,2023-05-15,601077.SH,20400,20400,4.570372,4.90672,6861.4992,8
20260816_125007_bb495b,2023-05-15,600461.SH,2400,2400,37.514912,41.124711,8663.5176,8
20260816_125007_bb495b,2023-05-16,601298.SH,12500,12500,7.062971,8.637496,19681.5625,40
20260816_125007_bb495b,2023-05-16,600551.SH,2000,2000,45.125206,46.660438,3070.464,33
20260816_125007_bb495b,2023-05-16,000061.SZ,600,600,135.358845,143.090528,4639.0098,25
20260816_125007_bb495b,2023-05-16,601827.SH,11600,11600,7.884846,8.4105,6097.5864,24
20260816_125007_bb495b,2023-05-16,603519.SH,1700,1700,51.074835,53.596872,4287.4629,24
20260816_125007_bb495b,2023-05-16,600737.SH,900,900,99.751724,96.014952,-3363.0948,24
20260816_125007_bb495b,2023-05-16,600380.SH,500,500,158.375842,150.868768,-3753.537,24
20260816_125007_bb495b,2023-05-16,600208.SH,4500,4500,20.406561,19.68548,-3244.8645,23
20260816_125007_bb495b,2023-05-16,301138.SZ,3200,3200,28.132246,28.352268,704.0704,23
20260816_125007_bb495b,2023-05-16,601229.SH,4900,4900,19.042852,19.412154,1809.5798,16
20260816_125007_bb495b,2023-05-16,601077.SH,20400,20400,4.570372,4.918515,7102.1172,9
20260816_125007_bb495b,2023-05-16,600461.SH,2400,2400,37.514912,40.673892,7581.552,9
20260816_125007_bb495b,2023-05-17,601298.SH,12500,12500,7.062971,8.554784,18647.6625,41
20260816_125007_bb495b,2023-05-17,600551.SH,2000,2000,45.125206,46.932171,3613.93,34
20260816_125007_bb495b,2023-05-17,000061.SZ,600,600,135.358845,141.773744,3848.9394,26
20260816_125007_bb495b,2023-05-17,601827.SH,11600,11600,7.884846,8.4105,6097.5864,25
20260816_125007_bb495b,2023-05-17,603519.SH,1700,1700,51.074835,53.400977,3954.4414,25
20260816_125007_bb495b,2023-05-17,600737.SH,900,900,99.751724,97.296705,-2209.5171,25
20260816_125007_bb495b,2023-05-17,600380.SH,500,500,158.375842,150.18352,-4096.161,25
20260816_125007_bb495b,2023-05-17,600208.SH,4500,4500,20.406561,19.8246,-2618.8245,24
20260816_125007_bb495b,2023-05-17,301138.SZ,3200,3200,28.132246,28.47474,1095.9808,24
20260816_125007_bb495b,2023-05-17,601229.SH,4900,4900,19.042852,19.260969,1068.7733,17
20260816_125007_bb495b,2023-05-17,601077.SH,20400,20400,4.570372,4.871335,6139.6452,10
20260816_125007_bb495b,2023-05-17,600461.SH,2400,2400,37.514912,41.07462,8543.2992,10
20260816_125007_bb495b,2023-05-18,601298.SH,12500,12500,7.062971,8.74384,21010.8625,42
20260816_125007_bb495b,2023-05-18,600551.SH,2000,2000,45.125206,47.35918,4467.948,35
20260816_125007_bb495b,2023-05-18,000061.SZ,600,600,135.358845,139.35964,2400.477,27
20260816_125007_bb495b,2023-05-18,601827.SH,11600,11600,7.884846,8.379,5732.1864,26
20260816_125007_bb495b,2023-05-18,603519.SH,1700,1700,51.074835,53.518514,4154.2543,26
20260816_125007_bb495b,2023-05-18,600737.SH,900,900,99.751724,98.112366,-1475.4222,26
20260816_125007_bb495b,2023-05-18,600380.SH,500,500,158.375842,147.785152,-5295.345,26
20260816_125007_bb495b,2023-05-18,600208.SH,4500,4500,20.406561,19.68548,-3244.8645,25
20260816_125007_bb495b,2023-05-18,301138.SZ,3200,3200,28.132246,29.372868,3969.9904,25
20260816_125007_bb495b,2023-05-18,601229.SH,4900,4900,19.042852,19.442391,1957.7411,18
20260816_125007_bb495b,2023-05-18,601077.SH,20400,20400,4.570372,4.918515,7102.1172,11
20260816_125007_bb495b,2023-05-18,600461.SH,2400,2400,37.514912,41.675712,9985.92,11
20260816_125007_bb495b,2023-05-19,601298.SH,12500,12500,7.062971,8.578416,18943.0625,43
20260816_125007_bb495b,2023-05-19,600551.SH,2000,2000,45.125206,46.543981,2837.55,36
20260816_125007_bb495b,2023-05-19,000061.SZ,600,600,135.358845,137.165,1083.693,28
20260816_125007_bb495b,2023-05-19,601827.SH,11600,11600,7.884846,8.2425,4148.7864,27
20260816_125007_bb495b,2023-05-19,603519.SH,1700,1700,51.074835,54.615526,6019.1747,27
20260816_125007_bb495b,2023-05-19,600737.SH,900,900,99.751724,96.131475,-3258.2241,27
20260816_125007_bb495b,2023-05-19,600380.SH,500,500,158.375842,148.927232,-4724.305,27
20260816_125007_bb495b,2023-05-19,600208.SH,4500,4500,20.406561,19.40724,-4496.9445,26
20260816_125007_bb495b,2023-05-19,301138.SZ,3200,3200,28.132246,31.801896,11742.88,26
20260816_125007_bb495b,2023-05-19,601229.SH,4900,4900,19.042852,19.079547,179.8055,19
20260816_125007_bb495b,2023-05-19,601077.SH,20400,20400,4.570372,4.847745,5658.4092,12
20260816_125007_bb495b,2023-05-19,600461.SH,2400,2400,37.514912,40.623801,7461.3336,12
20260816_125007_bb495b,2023-05-22,601298.SH,12500,12500,7.062971,8.542968,18499.9625,44
20260816_125007_bb495b,2023-05-22,600551.SH,2000,2000,45.125206,45.651144,1051.876,37
20260816_125007_bb495b,2023-05-22,000061.SZ,600,600,135.358845,136.726072,820.3362,29
20260816_125007_bb495b,2023-05-22,601827.SH,11600,11600,7.884846,8.316,5001.3864,28
20260816_125007_bb495b,2023-05-22,603519.SH,1700,1700,51.074835,55.63418,7750.8865,28
20260816_125007_bb495b,2023-05-22,600737.SH,900,900,99.751724,105.802884,5446.044,28
20260816_125007_bb495b,2023-05-22,600380.SH,500,500,158.375842,153.03872,-2668.561,28
20260816_125007_bb495b,2023-05-22,600208.SH,4500,4500,20.406561,19.26812,-5122.9845,27
20260816_125007_bb495b,2023-05-22,301138.SZ,3200,3200,28.132246,32.30199,13343.1808,27
20260816_125007_bb495b,2023-05-22,601229.SH,4900,4900,19.042852,19.04931,31.6442,20
20260816_125007_bb495b,2023-05-22,601077.SH,20400,20400,4.570372,4.871335,6139.6452,13
20260816_125007_bb495b,2023-05-22,600461.SH,2400,2400,37.514912,41.124711,8663.5176,13
20260816_125007_bb495b,2023-05-23,601298.SH,12500,12500,7.062971,8.306648,15545.9625,45
20260816_125007_bb495b,2023-05-23,600551.SH,2000,2000,45.125206,43.632556,-2985.3,38
20260816_125007_bb495b,2023-05-23,000061.SZ,600,600,135.358845,134.092504,-759.8046,30
20260816_125007_bb495b,2023-05-23,601827.SH,11600,11600,7.884846,8.154,3122.1864,29
20260816_125007_bb495b,2023-05-23,603519.SH,1700,1700,51.074835,54.772242,6285.5919,29
20260816_125007_bb495b,2023-05-23,600737.SH,900,900,99.751724,103.70547,3558.3714,29
20260816_125007_bb495b,2023-05-23,600380.SH,500,500,158.375842,153.03872,-2668.561,29
20260816_125007_bb495b,2023-05-23,600208.SH,4500,4500,20.406561,19.129,-5749.0245,28
20260816_125007_bb495b,2023-05-23,301138.SZ,3200,3200,28.132246,31.679424,11350.9696,28
20260816_125007_bb495b,2023-05-23,601229.SH,4900,4900,19.042852,18.777177,-1301.8075,21
20260816_125007_bb495b,2023-05-23,601077.SH,20400,20400,4.570372,4.776975,4214.7012,14
20260816_125007_bb495b,2023-05-23,600461.SH,2400,2400,37.514912,40.223073,6499.5864,14
20260816_125007_bb495b,2023-05-24,601298.SH,12500,12500,7.062971,8.164856,13773.5625,46
20260816_125007_bb495b,2023-05-24,600551.SH,2000,2000,45.125206,43.826651,-2597.11,39
20260816_125007_bb495b,2023-05-24,000061.SZ,600,600,135.358845,132.556256,-1681.5534,31
20260816_125007_bb495b,2023-05-24,601827.SH,11600,11600,7.884846,8.0892,2370.5064,30
20260816_125007_bb495b,2023-05-24,603519.SH,1700,1700,51.074835,54.537168,5885.9661,30
20260816_125007_bb495b,2023-05-24,600737.SH,900,900,99.751724,99.976734,202.509,30
20260816_125007_bb495b,2023-05-24,600380.SH,500,500,158.375842,152.581888,-2896.977,30
20260816_125007_bb495b,2023-05-24,600208.SH,4500,4500,20.406561,18.7812,-7314.1245,29
20260816_125007_bb495b,2023-05-24,301138.SZ,3200,3200,28.132246,36.751806,27582.592,29
20260816_125007_bb495b,2023-05-24,601229.SH,4900,4900,19.042852,18.535281,-2487.0979,22
20260816_125007_bb495b,2023-05-24,601077.SH,20400,20400,4.570372,4.64723,1567.9032,15
20260816_125007_bb495b,2023-05-24,600461.SH,2400,2400,37.514912,39.872436,5658.0576,15
20260816_125007_bb495b,2023-05-25,601298.SH,12500,12500,7.062971,8.164856,13773.5625,47
20260816_125007_bb495b,2023-05-25,600551.SH,2000,2000,45.125206,43.011452,-4227.508,40
20260816_125007_bb495b,2023-05-25,000061.SZ,600,600,135.358845,131.6784,-2208.267,32
20260816_125007_bb495b,2023-05-25,601827.SH,11600,11600,7.884846,8.1,2495.7864,31
20260816_125007_bb495b,2023-05-25,603519.SH,1700,1700,51.074835,54.302094,5486.3403,31
20260816_125007_bb495b,2023-05-25,600737.SH,900,900,99.751724,94.150584,-5041.026,31
20260816_125007_bb495b,2023-05-25,600380.SH,500,500,158.375842,150.982976,-3696.433,31
20260816_125007_bb495b,2023-05-25,600208.SH,4500,4500,20.406561,18.64208,-7940.1645,30
20260816_125007_bb495b,2023-05-25,301138.SZ,3200,3200,28.132246,35.2107,22651.0528,30
20260816_125007_bb495b,2023-05-25,601229.SH,4900,4900,19.042852,18.505044,-2635.2592,23
20260816_125007_bb495b,2023-05-25,601077.SH,20400,20400,4.570372,4.635435,1327.2852,16
20260816_125007_bb495b,2023-05-25,600461.SH,2400,2400,37.514912,39.822345,5537.8392,16
20260816_125007_bb495b,2023-05-26,601298.SH,12500,12500,7.062971,8.200304,14216.6625,48
20260816_125007_bb495b,2023-05-26,600551.SH,2000,2000,45.125206,43.710194,-2830.024,41
20260816_125007_bb495b,2023-05-26,000061.SZ,600,600,135.358845,131.897864,-2076.5886,33
20260816_125007_bb495b,2023-05-26,601827.SH,11600,11600,7.884846,8.2296,3999.1464,32
20260816_125007_bb495b,2023-05-26,603519.SH,1700,1700,51.074835,54.811421,6352.1962,32
20260816_125007_bb495b,2023-05-26,600737.SH,900,900,99.751724,93.101877,-5984.8623,32
20260816_125007_bb495b,2023-05-26,600380.SH,500,500,158.375842,158.292288,-41.777,32
20260816_125007_bb495b,2023-05-26,600208.SH,4500,4500,20.406561,18.7812,-7314.1245,31
20260816_125007_bb495b,2023-05-26,301138.SZ,3200,3200,28.132246,34.392276,20032.096,31
20260816_125007_bb495b,2023-05-26,601229.SH,4900,4900,19.042852,18.656229,-1894.4527,24
20260816_125007_bb495b,2023-05-26,601077.SH,20400,20400,4.570372,4.659025,1808.5212,17
20260816_125007_bb495b,2023-05-26,600461.SH,2400,2400,37.514912,41.725803,10106.1384,17
20260816_125007_bb495b,2023-05-29,601298.SH,12500,12500,7.062971,8.44844,17318.3625,49
20260816_125007_bb495b,2023-05-29,600551.SH,2000,2000,45.125206,43.632556,-2985.3,42
20260816_125007_bb495b,2023-05-29,000061.SZ,600,600,135.358845,132.995184,-1418.1966,34
20260816_125007_bb495b,2023-05-29,601827.SH,11600,11600,7.884846,8.3268,5126.6664,33
20260816_125007_bb495b,2023-05-29,603519.SH,1700,1700,51.074835,53.949483,4886.9016,33
20260816_125007_bb495b,2023-05-29,600737.SH,900,900,99.751724,95.199291,-4097.1897,33
20260816_125007_bb495b,2023-05-29,600380.SH,500,500,158.375842,157.60704,-384.401,33
20260816_125007_bb495b,2023-05-29,600208.SH,4500,4500,20.406561,18.7812,-7314.1245,32
20260816_125007_bb495b,2023-05-29,301138.SZ,3200,3200,28.132246,34.040172,18905.3632,32
20260816_125007_bb495b,2023-05-29,601229.SH,4900,4900,19.042852,18.74694,-1449.9688,25
20260816_125007_bb495b,2023-05-29,601077.SH,20400,20400,4.570372,4.682615,2289.7572,18
20260816_125007_bb495b,2023-05-29,600461.SH,2400,2400,37.514912,41.876076,10466.7936,18
20260816_125007_bb495b,2023-05-30,601298.SH,12500,12500,7.062971,8.531152,18352.2625,50
20260816_125007_bb495b,2023-05-30,600551.SH,2000,2000,45.125206,44.835945,-578.522,43
20260816_125007_bb495b,2023-05-30,000061.SZ,600,600,135.358845,133.434112,-1154.8398,35
20260816_125007_bb495b,2023-05-30,601827.SH,11600,11600,7.884846,8.1972,3623.3064,34
20260816_125007_bb495b,2023-05-30,603519.SH,1700,1700,51.074835,53.714409,4487.2758,34
20260816_125007_bb495b,2023-05-30,600737.SH,900,900,99.751724,94.500153,-4726.4139,34
20260816_125007_bb495b,2023-05-30,600380.SH,500,500,158.375842,157.150208,-612.817,34
20260816_125007_bb495b,2023-05-30,600208.SH,4500,4500,20.406561,18.85076,-7001.1045,33
20260816_125007_bb495b,2023-05-30,301138.SZ,3200,3200,28.132246,33.284184,16486.2016,33
20260816_125007_bb495b,2023-05-30,601229.SH,4900,4900,19.042852,18.74694,-1449.9688,26
20260816_125007_bb495b,2023-05-30,601077.SH,20400,20400,4.570372,4.67082,2049.1392,19
20260816_125007_bb495b,2023-05-30,600461.SH,2400,2400,37.514912,41.224893,8903.9544,19
20260816_125007_bb495b,2023-05-31,601298.SH,12500,12500,7.062971,8.5666,18795.3625,51
20260816_125007_bb495b,2023-05-31,600551.SH,2000,2000,45.125206,46.97099,3691.568,44
20260816_125007_bb495b,2023-05-31,000061.SZ,600,600,135.358845,132.556256,-1681.5534,36
20260816_125007_bb495b,2023-05-31,601827.SH,11600,11600,7.884846,8.0136,1493.5464,35
20260816_125007_bb495b,2023-05-31,603519.SH,1700,1700,51.074835,52.852471,3021.9812,35
20260816_125007_bb495b,2023-05-31,600737.SH,900,900,99.751724,94.267107,-4936.1553,35
20260816_125007_bb495b,2023-05-31,600380.SH,500,500,158.375842,156.807584,-784.129,35
20260816_125007_bb495b,2023-05-31,600208.SH,4500,4500,20.406561,18.71164,-7627.1445,34
20260816_125007_bb495b,2023-05-31,301138.SZ,3200,3200,28.132246,33.014928,15624.5824,34
20260816_125007_bb495b,2023-05-31,601229.SH,4900,4900,19.042852,18.656229,-1894.4527,27
20260816_125007_bb495b,2023-05-31,601077.SH,20400,20400,4.570372,4.659025,1808.5212,20
20260816_125007_bb495b,2023-05-31,600461.SH,2400,2400,37.514912,41.475348,9505.0464,20
20260816_125007_bb495b,2023-06-01,601298.SH,12500,12500,7.062971,8.64492,19774.3625,52
20260816_125007_bb495b,2023-06-01,600551.SH,2000,2000,45.125206,48.05916,5867.908,45
20260816_125007_bb495b,2023-06-01,000061.SZ,600,600,135.358845,132.55988,-1679.379,37
20260816_125007_bb495b,2023-06-01,601827.SH,11600,11600,7.884846,7.96302,906.8184,36
20260816_125007_bb495b,2023-06-01,603519.SH,1700,1700,51.074835,55.2297,7063.2705,36
20260816_125007_bb495b,2023-06-01,600737.SH,900,900,99.751724,94.73076,-4518.8676,36
20260816_125007_bb495b,2023-06-01,600380.SH,500,500,158.375842,154.29771,-2039.066,36
20260816_125007_bb495b,2023-06-01,600208.SH,4500,4500,20.406561,18.64208,-7940.1645,35
20260816_125007_bb495b,2023-06-01,301138.SZ,3200,3200,28.132246,33.17272,16129.5168,35
20260816_125007_bb495b,2023-06-01,601229.SH,4900,4900,19.042852,18.62784,-2033.5588,28
20260816_125007_bb495b,2023-06-01,601077.SH,20400,20400,4.570372,4.62168,1046.6832,21
20260816_125007_bb495b,2023-06-01,600461.SH,2400,2400,37.514912,40.9818,8320.5312,21
20260816_125007_bb495b,2023-06-02,601298.SH,12500,12500,7.062971,8.55044,18593.3625,53
20260816_125007_bb495b,2023-06-02,600551.SH,2000,2000,45.125206,46.73928,3228.148,46
20260816_125007_bb495b,2023-06-02,000061.SZ,600,600,135.358845,132.77935,-1547.697,38
20260816_125007_bb495b,2023-06-02,601827.SH,11600,11600,7.884846,7.96302,906.8184,37
20260816_125007_bb495b,2023-06-02,603519.SH,1700,1700,51.074835,58.28496,12257.2125,37
20260816_125007_bb495b,2023-06-02,600737.SH,900,900,99.751724,93.09948,-5987.0196,37
20260816_125007_bb495b,2023-06-02,600380.SH,500,500,158.375842,153.84087,-2267.486,37
20260816_125007_bb495b,2023-06-02,600208.SH,4500,4500,20.406561,19.05944,-6062.0445,36
20260816_125007_bb495b,2023-06-02,301138.SZ,3200,3200,28.132246,34.8614,21533.2928,36
20260816_125007_bb495b,2023-06-02,601229.SH,4900,4900,19.042852,18.77904,-1292.6788,29
20260816_125007_bb495b,2023-06-02,601077.SH,20400,20400,4.570372,4.60989,806.1672,22
20260816_125007_bb495b,2023-06-02,600461.SH,2400,2400,37.514912,40.9818,8320.5312,22
20260816_125007_bb495b,2023-06-05,601298.SH,12500,12500,7.062971,8.53863,18445.7375,54
20260816_125007_bb495b,2023-06-05,600551.SH,2000,2000,45.125206,49.1073,7964.188,47
20260816_125007_bb495b,2023-06-05,000061.SZ,600,600,135.358845,135.85193,295.851,39
20260816_125007_bb495b,2023-06-05,601827.SH,11600,11600,7.884846,8.15724,3159.7704,38
20260816_125007_bb495b,2023-06-05,603519.SH,1700,1700,51.074835,62.55449,19515.4135,38
20260816_125007_bb495b,2023-06-05,600737.SH,900,900,99.751724,92.40036,-6616.2276,38
20260816_125007_bb495b,2023-06-05,600380.SH,500,500,158.375842,157.38138,-497.231,38
20260816_125007_bb495b,2023-06-05,600208.SH,4500,4500,20.406561,19.19856,-5436.0045,37
20260816_125007_bb495b,2023-06-05,301138.SZ,3200,3200,28.132246,33.60784,17521.9008,37
20260816_125007_bb495b,2023-06-05,601229.SH,4900,4900,19.042852,18.77904,-1292.6788,30
20260816_125007_bb495b,2023-06-05,601077.SH,20400,20400,4.570372,4.63347,1287.1992,23
20260816_125007_bb495b,2023-06-05,600461.SH,2400,2400,37.514912,42.4347,11807.4912,23
20260816_125007_bb495b,2023-06-06,601298.SH,12500,12500,7.062971,8.42053,16969.4875,55
20260816_125007_bb495b,2023-06-06,600551.SH,2000,2000,45.125206,47.98152,5712.628,48
20260816_125007_bb495b,2023-06-06,000061.SZ,600,600,135.358845,134.97405,-230.877,40
20260816_125007_bb495b,2023-06-06,601827.SH,11600,11600,7.884846,7.93065,531.3264,39
20260816_125007_bb495b,2023-06-06,603519.SH,1700,1700,51.074835,59.18587,13788.7595,39
20260816_125007_bb495b,2023-06-06,600737.SH,900,900,99.751724,92.16732,-6825.9636,39
20260816_125007_bb495b,2023-06-06,600380.SH,500,500,158.375842,153.15561,-2610.116,39
20260816_125007_bb495b,2023-06-06,600208.SH,4500,4500,20.406561,18.98988,-6375.0645,38
20260816_125007_bb495b,2023-06-06,301138.SZ,3200,3200,28.132246,32.70652,14637.6768,38
20260816_125007_bb495b,2023-06-06,601229.SH,4900,4900,19.042852,18.71856,-1589.0308,31
20260816_125007_bb495b,2023-06-06,601077.SH,20400,20400,4.570372,4.62168,1046.6832,24
20260816_125007_bb495b,2023-06-06,600461.SH,2400,2400,37.514912,41.3325,9162.2112,24
20260816_125007_bb495b,2023-06-07,601298.SH,12500,12500,7.062971,8.7394,20955.3625,56
20260816_125007_bb495b,2023-06-07,600551.SH,2000,2000,45.125206,49.18494,8119.468,49
20260816_125007_bb495b,2023-06-07,000061.SZ,600,600,135.358845,141.77762,3851.265,41
20260816_125007_bb495b,2023-06-07,601827.SH,11600,11600,7.884846,7.94144,656.4904,40
20260816_125007_bb495b,2023-06-07,603519.SH,1700,1700,51.074835,59.06836,13588.9925,40
20260816_125007_bb495b,2023-06-07,600737.SH,900,900,99.751724,92.6334,-6406.4916,40
20260816_125007_bb495b,2023-06-07,600380.SH,500,500,158.375842,151.55667,-3409.586,40
20260816_125007_bb495b,2023-06-07,600208.SH,4500,4500,20.406561,19.129,-5749.0245,39
20260816_125007_bb495b,2023-06-07,301138.SZ,3200,3200,28.132246,33.01732,15632.2368,39
20260816_125007_bb495b,2023-06-07,601229.SH,4900,4900,19.042852,18.86976,-848.1508,32
20260816_125007_bb495b,2023-06-07,601077.SH,20400,20400,4.570372,4.68063,2249.2632,25
20260816_125007_bb495b,2023-06-07,600461.SH,2400,2400,37.514912,41.3826,9282.4512,25
20260816_125007_bb495b,2023-06-08,601298.SH,12500,12500,7.062971,8.8575,22431.6125,57
20260816_125007_bb495b,2023-06-08,600551.SH,2000,2000,45.125206,48.3309,6411.388,50
20260816_125007_bb495b,2023-06-08,000061.SZ,600,600,135.358845,142.21656,4114.629,42
20260816_125007_bb495b,2023-06-08,601827.SH,11600,11600,7.884846,7.97381,1031.9824,41
20260816_125007_bb495b,2023-06-08,603519.SH,1700,1700,51.074835,57.22444,10454.3285,41
20260816_125007_bb495b,2023-06-08,600737.SH,900,900,99.751724,93.33252,-5777.2836,41
20260816_125007_bb495b,2023-06-08,600380.SH,500,500,158.375842,150.52878,-3923.531,41
20260816_125007_bb495b,2023-06-08,600208.SH,4500,4500,20.406561,19.26812,-5122.9845,40
20260816_125007_bb495b,2023-06-08,301138.SZ,3200,3200,28.132246,30.85208,8703.4688,40
20260816_125007_bb495b,2023-06-08,601229.SH,4900,4900,19.042852,19.08144,189.0812,33
20260816_125007_bb495b,2023-06-08,601077.SH,20400,20400,4.570372,4.77495,4173.3912,26
20260816_125007_bb495b,2023-06-08,600461.SH,2400,2400,37.514912,42.3345,11567.0112,26
20260816_125007_bb495b,2023-06-09,601298.SH,12500,12500,7.062971,8.77483,21398.2375,58
20260816_125007_bb495b,2023-06-09,600551.SH,2000,2000,45.125206,48.87438,7498.348,51
20260816_125007_bb495b,2023-06-09,000061.SZ,600,600,135.358845,139.14398,2271.081,43
20260816_125007_bb495b,2023-06-09,601827.SH,11600,11600,7.884846,7.88749,30.6704,42
20260816_125007_bb495b,2023-06-09,603519.SH,1700,1700,51.074835,56.6904,9546.4605,42
20260816_125007_bb495b,2023-06-09,600737.SH,900,900,99.751724,100.67328,829.4004,42
20260816_125007_bb495b,2023-06-09,600380.SH,500,500,158.375842,152.01351,-3181.166,42
20260816_125007_bb495b,2023-06-09,600208.SH,4500,4500,20.406561,18.98988,-6375.0645,41
20260816_125007_bb495b,2023-06-09,301138.SZ,3200,3200,28.132246,31.40116,10460.5248,41
20260816_125007_bb495b,2023-06-09,601229.SH,4900,4900,19.042852,19.02096,-107.2708,34
20260816_125007_bb495b,2023-06-09,601077.SH,20400,20400,4.570372,4.76316,3932.8752,27
20260816_125007_bb495b,2023-06-09,600461.SH,2400,2400,37.514912,42.2343,11326.5312,27
20260816_125007_bb495b,2023-06-12,601298.SH,12500,12500,7.062971,8.53863,18445.7375,59
20260816_125007_bb495b,2023-06-12,600551.SH,2000,2000,45.125206,48.87438,7498.348,52
20260816_125007_bb495b,2023-06-12,000061.SZ,600,600,135.358845,140.89974,3324.537,44
20260816_125007_bb495b,2023-06-12,601827.SH,11600,11600,7.884846,7.75801,-1471.2976,43
20260816_125007_bb495b,2023-06-12,603519.SH,1700,1700,51.074835,58.1282,11990.7205,43
20260816_125007_bb495b,2023-06-12,600737.SH,900,900,99.751724,98.80896,-848.4876,43
20260816_125007_bb495b,2023-06-12,600380.SH,500,500,158.375842,149.6151,-4380.371,43
20260816_125007_bb495b,2023-06-12,600208.SH,4500,4500,20.406561,17.80736,-11696.4045,42
20260816_125007_bb495b,2023-06-12,301138.SZ,3200,3200,28.132246,31.63944,11223.0208,42
20260816_125007_bb495b,2023-06-12,601229.SH,4900,4900,19.042852,18.77904,-1292.6788,35
20260816_125007_bb495b,2023-06-12,601077.SH,20400,20400,4.570372,4.65705,1768.2312,28
20260816_125007_bb495b,2023-06-12,600461.SH,2400,2400,37.514912,41.6832,10003.8912,28
20260816_125007_bb495b,2023-06-13,601298.SH,12500,12500,7.062971,8.47958,17707.6125,60
20260816_125007_bb495b,2023-06-13,600551.SH,2000,2000,45.125206,49.26258,8274.748,53
20260816_125007_bb495b,2023-06-13,000061.SZ,600,600,135.358845,139.58292,2534.445,45
20260816_125007_bb495b,2023-06-13,601827.SH,11600,11600,7.884846,7.65011,-2722.9376,44
20260816_125007_bb495b,2023-06-13,603519.SH,1700,1700,51.074835,58.90872,13317.6045,44
20260816_125007_bb495b,2023-06-13,600737.SH,900,900,99.751724,98.4594,-1163.0916,44
20260816_125007_bb495b,2023-06-13,600380.SH,500,500,158.375842,147.78774,-5294.051,44
20260816_125007_bb495b,2023-06-13,301138.SZ,3200,3200,28.132246,31.53584,10891.5008,43
20260816_125007_bb495b,2023-06-13,601229.SH,4900,4900,19.042852,18.83952,-996.3268,36
20260816_125007_bb495b,2023-06-13,601077.SH,20400,20400,4.570372,4.68063,2249.2632,29
20260816_125007_bb495b,2023-06-13,600461.SH,2400,2400,37.514912,41.2323,8921.7312,29
20260816_125007_bb495b,2023-06-14,600551.SH,2000,2000,45.125206,48.21444,6178.468,54
20260816_125007_bb495b,2023-06-14,000061.SZ,600,600,135.358845,141.11921,3456.219,46
20260816_125007_bb495b,2023-06-14,601827.SH,11600,11600,7.884846,7.63932,-2848.1016,45
20260816_125007_bb495b,2023-06-14,603519.SH,1700,1700,51.074835,57.55308,11013.0165,45
20260816_125007_bb495b,2023-06-14,600737.SH,900,900,99.751724,97.41072,-2106.9036,45
20260816_125007_bb495b,2023-06-14,600380.SH,500,500,158.375842,147.78774,-5294.051,45
20260816_125007_bb495b,2023-06-14,301138.SZ,3200,3200,28.132246,32.34392,13477.3568,44
20260816_125007_bb495b,2023-06-14,601229.SH,4900,4900,19.042852,18.62784,-2033.5588,37
20260816_125007_bb495b,2023-06-14,601077.SH,20400,20400,4.570372,4.58631,325.1352,30
20260816_125007_bb495b,2023-06-14,600461.SH,2400,2400,37.514912,40.7313,7719.3312,30
20260816_125007_bb495b,2023-06-14,603045.SH,4200,0,22.036297,21.57948,-1918.6314,1
20260816_125007_bb495b,2023-06-15,600551.SH,2000,2000,45.125206,47.24394,4237.468,55
20260816_125007_bb495b,2023-06-15,000061.SZ,600,600,135.358845,141.33868,3587.901,47
20260816_125007_bb495b,2023-06-15,601827.SH,11600,11600,7.884846,7.60695,-3223.5936,46
20260816_125007_bb495b,2023-06-15,603519.SH,1700,1700,51.074835,57.59416,11082.8525,46
20260816_125007_bb495b,2023-06-15,600737.SH,900,900,99.751724,98.4594,-1163.0916,46
20260816_125007_bb495b,2023-06-15,600380.SH,500,500,158.375842,150.98562,-3695.111,46
20260816_125007_bb495b,2023-06-15,301138.SZ,3200,3200,28.132246,33.06912,15797.9968,45
20260816_125007_bb495b,2023-06-15,601229.SH,4900,4900,19.042852,18.65808,-1885.3828,38
20260816_125007_bb495b,2023-06-15,601077.SH,20400,20400,4.570372,4.60989,806.1672,31
20260816_125007_bb495b,2023-06-15,600461.SH,2400,2400,37.514912,40.9317,8200.2912,31
20260816_125007_bb495b,2023-06-15,603045.SH,4200,4200,22.036297,21.55086,-2038.8354,2
20260816_125007_bb495b,2023-06-15,300172.SZ,2600,0,35.505635,34.95471,-1432.405,1
20260816_125007_bb495b,2023-06-16,600551.SH,2000,2000,45.125206,47.52836,4806.308,56
20260816_125007_bb495b,2023-06-16,000061.SZ,600,600,135.358845,138.48557,1876.035,48
20260816_125007_bb495b,2023-06-16,601827.SH,11600,11600,7.884846,7.60695,-3223.5936,47
20260816_125007_bb495b,2023-06-16,603519.SH,1700,1700,51.074835,57.512,10943.1805,47
20260816_125007_bb495b,2023-06-16,600737.SH,900,900,99.751724,97.41072,-2106.9036,47
20260816_125007_bb495b,2023-06-16,600380.SH,500,500,158.375842,151.09983,-3638.006,47
20260816_125007_bb495b,2023-06-16,301138.SZ,3200,3200,28.132246,32.52004,14040.9408,46
20260816_125007_bb495b,2023-06-16,601229.SH,4900,4900,19.042852,18.68832,-1737.2068,39
20260816_125007_bb495b,2023-06-16,601077.SH,20400,20400,4.570372,4.60989,806.1672,32
20260816_125007_bb495b,2023-06-16,600461.SH,2400,2400,37.514912,40.581,7358.6112,32
20260816_125007_bb495b,2023-06-16,603045.SH,4200,4200,22.036297,21.43638,-2519.6514,3
20260816_125007_bb495b,2023-06-16,300172.SZ,2600,2600,35.505635,34.66523,-2185.053,2
20260816_125007_bb495b,2023-06-19,600551.SH,2000,2000,45.125206,47.80584,5361.268,57
20260816_125007_bb495b,2023-06-19,000061.SZ,600,600,135.358845,136.72981,822.579,49
20260816_125007_bb495b,2023-06-19,601827.SH,11600,11600,7.884846,7.65011,-2722.9376,48
20260816_125007_bb495b,2023-06-19,603519.SH,1700,1700,51.074835,56.93688,9965.4765,48
20260816_125007_bb495b,2023-06-19,600737.SH,900,900,99.751724,96.82812,-2631.2436,48
20260816_125007_bb495b,2023-06-19,600380.SH,500,500,158.375842,147.55932,-5408.261,48
20260816_125007_bb495b,2023-06-19,301138.SZ,3200,3200,28.132246,32.7894,14902.8928,47
20260816_125007_bb495b,2023-06-19,601229.SH,4900,4900,19.042852,18.50688,-2626.2628,40
20260816_125007_bb495b,2023-06-19,601077.SH,20400,20400,4.570372,4.55094,-396.4128,33
20260816_125007_bb495b,2023-06-19,600461.SH,2400,2400,37.514912,40.6812,7599.0912,33
20260816_125007_bb495b,2023-06-19,603045.SH,4200,4200,22.036297,21.16449,-3661.5894,4
20260816_125007_bb495b,2023-06-19,300172.SZ,2600,2600,35.505635,34.23101,-3314.025,3
20260816_125007_bb495b,2023-06-20,600551.SH,2000,2000,45.125206,47.80584,5361.268,58
20260816_125007_bb495b,2023-06-20,000061.SZ,600,600,135.358845,133.43776,-1152.651,50
20260816_125007_bb495b,2023-06-20,601827.SH,11600,11600,7.884846,7.57458,-3599.0856,49
20260816_125007_bb495b,2023-06-20,603519.SH,1700,1700,51.074835,58.3336,12339.9005,49
20260816_125007_bb495b,2023-06-20,600737.SH,900,900,99.751724,96.82812,-2631.2436,49
20260816_125007_bb495b,2023-06-20,600380.SH,500,500,158.375842,148.473,-4951.421,49
20260816_125007_bb495b,2023-06-20,301138.SZ,3200,3200,28.132246,34.3434,19875.6928,48
20260816_125007_bb495b,2023-06-20,601229.SH,4900,4900,19.042852,18.4464,-2922.6148,41
20260816_125007_bb495b,2023-06-20,601077.SH,20400,20400,4.570372,4.51557,-1117.9608,34
20260816_125007_bb495b,2023-06-20,600461.SH,2400,2400,37.514912,40.581,7358.6112,34
20260816_125007_bb495b,2023-06-20,603045.SH,4200,4200,22.036297,20.72088,-5524.7514,5
20260816_125007_bb495b,2023-06-20,300172.SZ,2600,2600,35.505635,34.0139,-3878.511,4
20260816_125007_bb495b,2023-06-21,600551.SH,2000,2000,45.125206,44.95176,-346.892,59
20260816_125007_bb495b,2023-06-21,000061.SZ,600,600,135.358845,131.682,-2206.107,51
20260816_125007_bb495b,2023-06-21,601827.SH,11600,11600,7.884846,7.68248,-2347.4456,50
20260816_125007_bb495b,2023-06-21,603519.SH,1700,1700,51.074835,58.45684,12549.4085,50
20260816_125007_bb495b,2023-06-21,600737.SH,900,900,99.751724,95.19684,-4099.3956,50
20260816_125007_bb495b,2023-06-21,600380.SH,500,500,158.375842,144.93249,-6721.676,50
20260816_125007_bb495b,2023-06-21,301138.SZ,3200,3200,28.132246,33.40064,16858.8608,49
20260816_125007_bb495b,2023-06-21,601229.SH,4900,4900,19.042852,18.41616,-3070.7908,42
20260816_125007_bb495b,2023-06-21,601077.SH,20400,20400,4.570372,4.52736,-877.4448,35
20260816_125007_bb495b,2023-06-21,600461.SH,2400,2400,37.514912,40.3806,6877.6512,35
20260816_125007_bb495b,2023-06-21,603045.SH,4200,4200,22.036297,20.59209,-6065.6694,6
20260816_125007_bb495b,2023-06-21,300172.SZ,2600,2600,35.505635,34.52049,-2561.377,5
20260816_125007_bb495b,2023-06-26,600551.SH,2000,2000,45.125206,42.89048,-4469.452,60
20260816_125007_bb495b,2023-06-26,000061.SZ,600,600,135.358845,129.69178,-3400.239,52
20260816_125007_bb495b,2023-06-26,601827.SH,11600,11600,7.884846,7.75801,-1471.2976,51
20260816_125007_bb495b,2023-06-26,603519.SH,1700,1700,51.074835,60.22328,15552.3565,51
20260816_125007_bb495b,2023-06-26,600737.SH,900,900,99.751724,90.65256,-8189.2476,51
20260816_125007_bb495b,2023-06-26,600380.SH,500,500,158.375842,144.93249,-6721.676,51
20260816_125007_bb495b,2023-06-26,301138.SZ,3200,3200,28.132246,34.25016,19577.3248,50
20260816_125007_bb495b,2023-06-26,601229.SH,4900,4900,19.042852,18.26496,-3811.6708,43
20260816_125007_bb495b,2023-06-26,601077.SH,20400,20400,4.570372,4.46841,-2080.0248,36
20260816_125007_bb495b,2023-06-26,600461.SH,2400,2400,37.514912,40.2804,6637.1712,36
20260816_125007_bb495b,2023-06-26,603045.SH,4200,4200,22.036297,19.8909,-9010.6674,7
20260816_125007_bb495b,2023-06-26,300172.SZ,2600,2600,35.505635,33.50731,-5195.645,6
20260816_125007_bb495b,2023-06-27,000061.SZ,600,600,135.358845,130.3546,-3002.547,53
20260816_125007_bb495b,2023-06-27,601827.SH,11600,11600,7.884846,7.95223,781.6544,52
20260816_125007_bb495b,2023-06-27,603519.SH,1700,1700,51.074835,60.88056,16669.7325,52
20260816_125007_bb495b,2023-06-27,600737.SH,900,900,99.751724,90.65256,-8189.2476,52
20260816_125007_bb495b,2023-06-27,600380.SH,500,500,158.375842,145.50354,-6436.151,52
20260816_125007_bb495b,2023-06-27,301138.SZ,3200,3200,28.132246,34.16728,19312.1088,51
20260816_125007_bb495b,2023-06-27,601229.SH,4900,4900,19.042852,18.38592,-3218.9668,44
20260816_125007_bb495b,2023-06-27,601077.SH,20400,20400,4.570372,4.53915,-636.9288,37
20260816_125007_bb495b,2023-06-27,600461.SH,2400,2400,37.514912,40.9317,8200.2912,37
20260816_125007_bb495b,2023-06-27,603045.SH,4200,4200,22.036297,20.3202,-7207.6074,8
20260816_125007_bb495b,2023-06-27,300172.SZ,2600,2600,35.505635,34.23101,-3314.025,7
20260816_125007_bb495b,2023-06-28,000061.SZ,600,600,135.358845,130.79648,-2737.419,54
20260816_125007_bb495b,2023-06-28,601827.SH,11600,11600,7.884846,8.04934,1908.1304,53
20260816_125007_bb495b,2023-06-28,603519.SH,1700,1700,51.074835,59.93572,15063.5045,53
20260816_125007_bb495b,2023-06-28,600737.SH,900,900,99.751724,91.11864,-7769.7756,53
20260816_125007_bb495b,2023-06-28,600380.SH,500,500,158.375842,144.36144,-7007.201,53
20260816_125007_bb495b,2023-06-28,301138.SZ,3200,3200,28.132246,31.92952,12151.2768,52
20260816_125007_bb495b,2023-06-28,601229.SH,4900,4900,19.042852,18.4452,-2928.4948,45
20260816_125007_bb495b,2023-06-28,601077.SH,20400,20400,4.570372,4.51557,-1117.9608,38
20260816_125007_bb495b,2023-06-28,600461.SH,2400,2400,37.514912,41.8335,10364.6112,38
20260816_125007_bb495b,2023-06-28,603045.SH,4200,4200,22.036297,20.43468,-6726.7914,9
20260816_125007_bb495b,2023-06-28,300172.SZ,2600,2600,35.505635,34.08627,-3690.349,8
20260816_125007_bb495b,2023-06-28,301106.SZ,2400,0,36.548838,35.9882,-1345.5312,1
20260816_125007_bb495b,2023-06-29,000061.SZ,600,600,135.358845,131.23836,-2472.291,55
20260816_125007_bb495b,2023-06-29,601827.SH,11600,11600,7.884846,8.01697,1532.6384,54
20260816_125007_bb495b,2023-06-29,603519.SH,1700,1700,51.074835,60.14112,15412.6845,54
20260816_125007_bb495b,2023-06-29,600737.SH,900,900,99.751724,91.11864,-7769.7756,54
20260816_125007_bb495b,2023-06-29,600380.SH,500,500,158.375842,144.47565,-6950.096,54
20260816_125007_bb495b,2023-06-29,301138.SZ,3200,3200,28.132246,38.31128,32572.9088,53
20260816_125007_bb495b,2023-06-29,601229.SH,4900,4900,19.042852,18.38048,-3245.6228,46
20260816_125007_bb495b,2023-06-29,601077.SH,20400,20400,4.570372,4.50495,-1334.6088,39
20260816_125007_bb495b,2023-06-29,600461.SH,2400,2400,37.514912,40.9818,8320.5312,39
20260816_125007_bb495b,2023-06-29,603045.SH,4200,4200,22.036297,21.3219,-3000.4674,10
20260816_125007_bb495b,2023-06-29,300172.SZ,2600,2600,35.505635,34.52049,-2561.377,9
20260816_125007_bb495b,2023-06-29,301106.SZ,2400,2400,36.548838,36.7401,459.0288,2
20260816_125007_bb495b,2023-06-30,000061.SZ,600,600,135.358845,132.34306,-1809.471,56
20260816_125007_bb495b,2023-06-30,601827.SH,11600,11600,7.884846,7.9846,1157.1464,55
20260816_125007_bb495b,2023-06-30,603519.SH,1700,1700,51.074835,60.88056,16669.7325,55
20260816_125007_bb495b,2023-06-30,600737.SH,900,900,99.751724,93.7986,-5357.8116,55
20260816_125007_bb495b,2023-06-30,600380.SH,500,500,158.375842,145.16091,-6607.466,55
20260816_125007_bb495b,2023-06-30,301138.SZ,3200,3200,28.132246,37.68968,30583.7888,54
20260816_125007_bb495b,2023-06-30,601229.SH,4900,4900,19.042852,18.607,-2135.6748,47
20260816_125007_bb495b,2023-06-30,601077.SH,20400,20400,4.570372,4.55571,-299.1048,40
20260816_125007_bb495b,2023-06-30,600461.SH,2400,2400,37.514912,40.9317,8200.2912,40
20260816_125007_bb495b,2023-06-30,603045.SH,4200,4200,22.036297,21.66534,-1558.0194,11
20260816_125007_bb495b,2023-06-30,300172.SZ,2600,2600,35.505635,34.66523,-2185.053,10
20260816_125007_bb495b,2023-06-30,301106.SZ,2400,2400,36.548838,36.6886,335.4288,3
20260816_125007_bb495b,2023-07-03,000061.SZ,600,600,135.358845,133.6687,-1014.087,57
20260816_125007_bb495b,2023-07-03,601827.SH,11600,11600,7.884846,7.97381,1031.9824,56
20260816_125007_bb495b,2023-07-03,603519.SH,1700,1700,51.074835,61.0038,16879.2405,56
20260816_125007_bb495b,2023-07-03,600737.SH,900,900,99.751724,94.03164,-5148.0756,56
20260816_125007_bb495b,2023-07-03,600380.SH,500,500,158.375842,145.0467,-6664.571,56
20260816_125007_bb495b,2023-07-03,301138.SZ,3200,3200,28.132246,40.72516,40297.3248,55
20260816_125007_bb495b,2023-07-03,601229.SH,4900,4900,19.042852,18.80116,-1184.2908,48
20260816_125007_bb495b,2023-07-03,601077.SH,20400,20400,4.570372,4.64454,1513.0272,41
20260816_125007_bb495b,2023-07-03,600461.SH,2400,2400,37.514912,41.7333,10124.1312,41
20260816_125007_bb495b,2023-07-03,603045.SH,4200,4200,22.036297,21.70827,-1377.7134,12
20260816_125007_bb495b,2023-07-03,300172.SZ,2600,2600,35.505635,35.17182,-867.919,11
20260816_125007_bb495b,2023-07-03,301106.SZ,2400,2400,36.548838,36.5135,-84.8112,4
20260816_125007_bb495b,2023-07-04,000061.SZ,600,600,135.358845,132.34306,-1809.471,58
20260816_125007_bb495b,2023-07-04,601827.SH,11600,11600,7.884846,8.00618,1407.4744,57
20260816_125007_bb495b,2023-07-04,603519.SH,1700,1700,51.074835,61.16812,17158.5845,57
20260816_125007_bb495b,2023-07-04,600737.SH,900,900,99.751724,94.84728,-4413.9996,57
20260816_125007_bb495b,2023-07-04,600380.SH,500,500,158.375842,144.36144,-7007.201,57
20260816_125007_bb495b,2023-07-04,301138.SZ,3200,3200,28.132246,44.4444,52198.8928,56
20260816_125007_bb495b,2023-07-04,601229.SH,4900,4900,19.042852,18.70408,-1659.9828,49
20260816_125007_bb495b,2023-07-04,601077.SH,20400,20400,4.570372,4.64454,1513.0272,42
20260816_125007_bb495b,2023-07-04,600461.SH,2400,2400,37.514912,41.09396,8589.7152,42
20260816_125007_bb495b,2023-07-04,603045.SH,4200,4200,22.036297,23.88339,7757.7906,13
20260816_125007_bb495b,2023-07-04,300172.SZ,2600,2600,35.505635,35.17182,-867.919,12
20260816_125007_bb495b,2023-07-04,301106.SZ,2400,2400,36.548838,37.6568,2659.1088,5
20260816_125007_bb495b,2023-07-05,000061.SZ,600,600,135.358845,136.31998,576.681,59
20260816_125007_bb495b,2023-07-05,601827.SH,11600,11600,7.884846,7.96302,906.8184,58
20260816_125007_bb495b,2023-07-05,603519.SH,1700,1700,51.074835,60.46976,15971.3725,58
20260816_125007_bb495b,2023-07-05,600737.SH,900,900,99.751724,94.26468,-4938.3396,58
20260816_125007_bb495b,2023-07-05,600380.SH,500,500,158.375842,143.9046,-7235.621,58
20260816_125007_bb495b,2023-07-05,301138.SZ,3200,3200,28.132246,42.90076,47259.2448,57
20260816_125007_bb495b,2023-07-05,601229.SH,4900,4900,19.042852,18.70408,-1659.9828,50
20260816_125007_bb495b,2023-07-05,601077.SH,20400,20400,4.570372,4.60647,736.3992,43
20260816_125007_bb495b,2023-07-05,600461.SH,2400,2400,37.514912,41.14678,8716.4832,43
20260816_125007_bb495b,2023-07-05,603045.SH,4200,4200,22.036297,26.2892,17862.1926,14
20260816_125007_bb495b,2023-07-05,300172.SZ,2600,2600,35.505635,35.17182,-867.919,13
20260816_125007_bb495b,2023-07-05,301106.SZ,2400,2400,36.548838,37.3478,1917.5088,6
20260816_125007_bb495b,2023-07-06,000061.SZ,600,600,135.358845,136.31998,576.681,60
20260816_125007_bb495b,2023-07-06,601827.SH,11600,11600,7.884846,8.16803,3284.9344,59
20260816_125007_bb495b,2023-07-06,603519.SH,1700,1700,51.074835,60.10004,15342.8485,59
20260816_125007_bb495b,2023-07-06,600737.SH,900,900,99.751724,95.08032,-4204.2636,59
20260816_125007_bb495b,2023-07-06,600380.SH,500,500,158.375842,141.27777,-8549.036,59
20260816_125007_bb495b,2023-07-06,301138.SZ,3200,3200,28.132246,40.90128,40860.9088,58
20260816_125007_bb495b,2023-07-06,601229.SH,4900,4900,19.042852,18.63936,-1977.1108,51
20260816_125007_bb495b,2023-07-06,601077.SH,20400,20400,4.570372,4.58109,218.6472,44
20260816_125007_bb495b,2023-07-06,600461.SH,2400,2400,37.514912,41.35806,9223.5552,44
20260816_125007_bb495b,2023-07-06,603045.SH,4200,4200,22.036297,28.91525,28891.6026,15
20260816_125007_bb495b,2023-07-06,300172.SZ,2600,2600,35.505635,35.38893,-303.433,14
20260816_125007_bb495b,2023-07-06,301106.SZ,2400,2400,36.548838,37.3993,2041.1088,7
20260816_125007_bb495b,2023-07-07,601827.SH,11600,11600,7.884846,8.28672,4661.7384,60
20260816_125007_bb495b,2023-07-07,603519.SH,1700,1700,51.074835,59.48384,14295.3085,60
20260816_125007_bb495b,2023-07-07,600737.SH,900,900,99.751724,94.73076,-4518.8676,60
20260816_125007_bb495b,2023-07-07,600380.SH,500,500,158.375842,141.50619,-8434.826,60
20260816_125007_bb495b,2023-07-07,301138.SZ,3200,3200,28.132246,39.59592,36683.7568,59
20260816_125007_bb495b,2023-07-07,601229.SH,4900,4900,19.042852,18.67172,-1818.5468,52
20260816_125007_bb495b,2023-07-07,601077.SH,20400,20400,4.570372,4.60647,736.3992,45
20260816_125007_bb495b,2023-07-07,600461.SH,2400,2400,37.514912,41.67498,9984.1632,45
20260816_125007_bb495b,2023-07-07,603045.SH,4200,4200,22.036297,29.561,31603.7526,16
20260816_125007_bb495b,2023-07-07,300172.SZ,2600,2600,35.505635,35.89552,1013.701,15
20260816_125007_bb495b,2023-07-07,301106.SZ,2400,2400,36.548838,38.1512,3845.6688,8
20260816_125007_bb495b,2023-07-10,301138.SZ,3200,3200,28.132246,38.5392,33302.2528,60
20260816_125007_bb495b,2023-07-10,601229.SH,4900,4900,19.042852,18.67172,-1818.5468,53
20260816_125007_bb495b,2023-07-10,601077.SH,20400,20400,4.570372,4.60647,736.3992,46
20260816_125007_bb495b,2023-07-10,600461.SH,2400,2400,37.514912,41.78062,10237.6992,46
20260816_125007_bb495b,2023-07-10,603045.SH,4200,4200,22.036297,27.45155,22744.0626,17
20260816_125007_bb495b,2023-07-10,300172.SZ,2600,2600,35.505635,35.96789,1201.863,16
20260816_125007_bb495b,2023-07-10,301106.SZ,2400,2400,36.548838,38.4499,4562.5488,9
20260816_125007_bb495b,2023-07-10,601985.SH,10900,0,8.553521,8.51972,-368.4309,1
20260816_125007_bb495b,2023-07-11,601229.SH,4900,4900,19.042852,18.7688,-1342.8548,54
20260816_125007_bb495b,2023-07-11,601077.SH,20400,20400,4.570372,4.61916,995.2752,47
20260816_125007_bb495b,2023-07-11,600461.SH,2400,2400,37.514912,41.9919,10744.7712,47
20260816_125007_bb495b,2023-07-11,603045.SH,4200,4200,22.036297,25.8587,16054.0926,18
20260816_125007_bb495b,2023-07-11,300172.SZ,2600,2600,35.505635,35.53367,72.891,17
20260816_125007_bb495b,2023-07-11,301106.SZ,2400,2400,36.548838,38.2851,4167.0288,10
20260816_125007_bb495b,2023-07-11,601985.SH,10900,10900,8.553521,8.47348,-872.4469,2
20260816_125007_bb495b,2023-07-11,601952.SH,4800,0,18.147941,17.99244,-746.4048,1
20260816_125007_bb495b,2023-07-11,601002.SH,15600,0,5.663071,5.6112,-809.1876,1
20260816_125007_bb495b,2023-07-11,603316.SH,9800,0,8.962391,9.1522,1860.1282,1
20260816_125007_bb495b,2023-07-11,600493.SH,5600,0,15.651354,16.27093,3469.6256,1
20260816_125007_bb495b,2023-07-12,601229.SH,4900,4900,19.042852,18.83352,-1025.7268,55
20260816_125007_bb495b,2023-07-12,601077.SH,20400,20400,4.570372,4.60647,736.3992,48
20260816_125007_bb495b,2023-07-12,600461.SH,2400,2400,37.514912,41.93908,10618.0032,48
20260816_125007_bb495b,2023-07-12,603045.SH,4200,4200,22.036297,28.4417,26902.6926,19
20260816_125007_bb495b,2023-07-12,300172.SZ,2600,2600,35.505635,35.24419,-679.757,18
20260816_125007_bb495b,2023-07-12,301106.SZ,2400,2400,36.548838,38.007,3499.5888,11
20260816_125007_bb495b,2023-07-12,601985.SH,10900,10900,8.553521,8.54284,-116.4229,3
20260816_125007_bb495b,2023-07-12,601952.SH,4800,4800,18.147941,17.8596,-1384.0368,2
20260816_125007_bb495b,2023-07-12,601002.SH,15600,15600,5.663071,5.5888,-1158.6276,2
20260816_125007_bb495b,2023-07-12,603316.SH,9800,9800,8.962391,9.2192,2516.7282,2
20260816_125007_bb495b,2023-07-12,600493.SH,5600,5600,15.651354,16.05789,2276.6016,2
20260816_125007_bb495b,2023-07-12,000791.SZ,4300,0,22.118599,21.77874,-1461.3937,1
20260816_125007_bb495b,2023-07-13,601229.SH,4900,4900,19.042852,19.02768,-74.3428,56
20260816_125007_bb495b,2023-07-13,601077.SH,20400,20400,4.570372,4.68261,2289.6552,49
20260816_125007_bb495b,2023-07-13,600461.SH,2400,2400,37.514912,41.4637,9477.0912,49
20260816_125007_bb495b,2023-07-13,603045.SH,4200,4200,22.036297,27.9825,24974.0526,20
20260816_125007_bb495b,2023-07-13,300172.SZ,2600,2600,35.505635,35.4613,-115.271,19
20260816_125007_bb495b,2023-07-13,301106.SZ,2400,2400,36.548838,38.3675,4364.7888,12
20260816_125007_bb495b,2023-07-13,601985.SH,10900,10900,8.553521,8.45036,-1124.4549,4
20260816_125007_bb495b,2023-07-13,601952.SH,4800,4800,18.147941,17.9334,-1029.7968,3
20260816_125007_bb495b,2023-07-13,601002.SH,15600,15600,5.663071,5.6,-983.9076,3
20260816_125007_bb495b,2023-07-13,603316.SH,9800,9800,8.962391,9.648,6718.9682,3
20260816_125007_bb495b,2023-07-13,600493.SH,5600,5600,15.651354,16.2443,3320.4976,3
20260816_125007_bb495b,2023-07-13,000791.SZ,4300,4300,22.118599,21.97389,-622.2487,2
20260816_125007_bb495b,2023-07-14,601229.SH,4900,4900,19.042852,19.06004,84.2212,57
20260816_125007_bb495b,2023-07-14,601077.SH,20400,20400,4.570372,4.68261,2289.6552,50
20260816_125007_bb495b,2023-07-14,600461.SH,2400,2400,37.514912,41.25242,8970.0192,50
20260816_125007_bb495b,2023-07-14,603045.SH,4200,4200,22.036297,26.44705,18525.1626,21
20260816_125007_bb495b,2023-07-14,300172.SZ,2600,2600,35.505635,35.4613,-115.271,20
20260816_125007_bb495b,2023-07-14,301106.SZ,2400,2400,36.548838,42.4566,14178.6288,13
20260816_125007_bb495b,2023-07-14,601985.SH,10900,10900,8.553521,8.5176,-391.5389,5
20260816_125007_bb495b,2023-07-14,601952.SH,4800,4800,18.147941,18.03672,-533.8608,4
20260816_125007_bb495b,2023-07-14,601002.SH,15600,15600,5.663071,5.5216,-2206.9476,4
20260816_125007_bb495b,2023-07-14,603316.SH,9800,9800,8.962391,9.6346,6587.6482,4
20260816_125007_bb495b,2023-07-14,600493.SH,5600,5600,15.651354,16.37745,4066.1376,4
20260816_125007_bb495b,2023-07-14,000791.SZ,4300,4300,22.118599,21.70068,-1797.0517,3
20260816_125007_bb495b,2023-07-17,601229.SH,4900,4900,19.042852,19.0924,242.7852,58
20260816_125007_bb495b,2023-07-17,601077.SH,20400,20400,4.570372,4.65723,1771.9032,51
20260816_125007_bb495b,2023-07-17,600461.SH,2400,2400,37.514912,42.04472,10871.5392,51
20260816_125007_bb495b,2023-07-17,603045.SH,4200,4200,22.036297,25.75825,15632.2026,22
20260816_125007_bb495b,2023-07-17,300172.SZ,2600,2600,35.505635,36.11263,1578.187,21
20260816_125007_bb495b,2023-07-17,301106.SZ,2400,2400,36.548838,46.041,22781.1888,14
20260816_125007_bb495b,2023-07-17,601985.SH,10900,10900,8.553521,8.52943,-262.5919,6
20260816_125007_bb495b,2023-07-17,601952.SH,4800,4800,18.147941,18.05148,-463.0128,5
20260816_125007_bb495b,2023-07-17,601002.SH,15600,15600,5.663071,5.5552,-1682.7876,5
20260816_125007_bb495b,2023-07-17,603316.SH,9800,9800,8.962391,9.6212,6456.3282,5
20260816_125007_bb495b,2023-07-17,600493.SH,5600,5600,15.651354,16.45734,4513.5216,5
20260816_125007_bb495b,2023-07-17,000791.SZ,4300,4300,22.118599,21.73971,-1629.2227,4
20260816_125007_bb495b,2023-07-18,601229.SH,4900,4900,19.042852,19.12476,401.3492,59
20260816_125007_bb495b,2023-07-18,601077.SH,20400,20400,4.570372,4.64454,1513.0272,52
20260816_125007_bb495b,2023-07-18,600461.SH,2400,2400,37.514912,42.20318,11251.8432,52
20260816_125007_bb495b,2023-07-18,603045.SH,4200,4200,22.036297,25.09815,12859.7826,23
20260816_125007_bb495b,2023-07-18,300172.SZ,2600,2600,35.505635,36.11263,1578.187,22
20260816_125007_bb495b,2023-07-18,301106.SZ,2400,2400,36.548838,42.951,15365.1888,15
20260816_125007_bb495b,2023-07-18,601985.SH,10900,10900,8.553521,8.45845,-1036.2739,7
20260816_125007_bb495b,2023-07-18,601952.SH,4800,4800,18.147941,18.12528,-108.7728,6
20260816_125007_bb495b,2023-07-18,601002.SH,15600,15600,5.663071,5.5664,-1508.0676,6
20260816_125007_bb495b,2023-07-18,603316.SH,9800,9800,8.962391,9.9428,9608.0082,6
20260816_125007_bb495b,2023-07-18,600493.SH,5600,5600,15.651354,15.84485,1083.5776,6
20260816_125007_bb495b,2023-07-18,000791.SZ,4300,4300,22.118599,21.66165,-1964.8807,5
20260816_125007_bb495b,2023-07-19,601229.SH,4900,4900,19.042852,19.2542,1035.6052,60
20260816_125007_bb495b,2023-07-19,601077.SH,20400,20400,4.570372,4.68261,2289.6552,53
20260816_125007_bb495b,2023-07-19,600461.SH,2400,2400,37.514912,42.73138,12519.5232,53
20260816_125007_bb495b,2023-07-19,603045.SH,4200,4200,22.036297,24.49545,10328.4426,24
20260816_125007_bb495b,2023-07-19,300172.SZ,2600,2600,35.505635,36.185,1766.349,23
20260816_125007_bb495b,2023-07-19,301106.SZ,2400,2400,36.548838,41.2,11162.7888,16
20260816_125007_bb495b,2023-07-19,601985.SH,10900,10900,8.553521,8.49394,-649.4329,8
20260816_125007_bb495b,2023-07-19,601952.SH,4800,4800,18.147941,18.21384,316.3152,7
20260816_125007_bb495b,2023-07-19,601002.SH,15600,15600,5.663071,5.544,-1857.5076,7
20260816_125007_bb495b,2023-07-19,603316.SH,9800,9800,8.962391,9.5944,6193.6882,7
20260816_125007_bb495b,2023-07-19,600493.SH,5600,5600,15.651354,15.84485,1083.5776,7
20260816_125007_bb495b,2023-07-19,000791.SZ,4300,4300,22.118599,21.77874,-1461.3937,6
20260816_125007_bb495b,2023-07-20,601077.SH,20400,20400,4.570372,4.65723,1771.9032,54
20260816_125007_bb495b,2023-07-20,600461.SH,2400,2400,37.514912,41.78062,10237.6992,54
20260816_125007_bb495b,2023-07-20,603045.SH,4200,4200,22.036297,24.4524,10147.6326,25
20260816_125007_bb495b,2023-07-20,300172.SZ,2600,2600,35.505635,35.53367,72.891,24
20260816_125007_bb495b,2023-07-20,301106.SZ,2400,2400,36.548838,38.1306,3796.2288,17
20260816_125007_bb495b,2023-07-20,601985.SH,10900,10900,8.553521,8.35198,-2196.7969,9
20260816_125007_bb495b,2023-07-20,601952.SH,4800,4800,18.147941,18.12528,-108.7728,8
20260816_125007_bb495b,2023-07-20,601002.SH,15600,15600,5.663071,5.488,-2731.1076,8
20260816_125007_bb495b,2023-07-20,603316.SH,9800,9800,8.962391,9.7418,7638.2082,8
20260816_125007_bb495b,2023-07-20,600493.SH,5600,5600,15.651354,15.79159,785.3216,8
20260816_125007_bb495b,2023-07-20,000791.SZ,4300,4300,22.118599,21.62262,-2132.7097,7
20260816_125007_bb495b,2023-07-21,601077.SH,20400,20400,4.570372,4.68261,2289.6552,55
20260816_125007_bb495b,2023-07-21,600461.SH,2400,2400,37.514912,41.93908,10618.0032,55
20260816_125007_bb495b,2023-07-21,603045.SH,4200,4200,22.036297,24.0506,8460.0726,26
20260816_125007_bb495b,2023-07-21,300172.SZ,2600,2600,35.505635,35.60604,261.053,25
20260816_125007_bb495b,2023-07-21,301106.SZ,2400,2400,36.548838,35.7616,-1889.3712,18
20260816_125007_bb495b,2023-07-21,601985.SH,10900,10900,8.553521,8.36381,-2067.8499,10
20260816_125007_bb495b,2023-07-21,601952.SH,4800,4800,18.147941,18.19908,245.4672,9
20260816_125007_bb495b,2023-07-21,601002.SH,15600,15600,5.663071,5.4544,-3255.2676,9
20260816_125007_bb495b,2023-07-21,603316.SH,9800,9800,8.962391,9.6748,6981.6082,9
20260816_125007_bb495b,2023-07-21,600493.SH,5600,5600,15.651354,15.68507,188.8096,9
20260816_125007_bb495b,2023-07-21,000791.SZ,4300,4300,22.118599,21.58359,-2300.5387,8
20260816_125007_bb495b,2023-07-21,600693.SH,2100,0,44.223671,44.27488,107.5389,1
20260816_125007_bb495b,2023-07-24,601077.SH,20400,20400,4.570372,4.74606,3584.0352,56
20260816_125007_bb495b,2023-07-24,600461.SH,2400,2400,37.514912,42.36164,11632.1472,56
20260816_125007_bb495b,2023-07-24,603045.SH,4200,4200,22.036297,23.97885,8158.7226,27
20260816_125007_bb495b,2023-07-24,300172.SZ,2600,2600,35.505635,35.31656,-491.595,26
20260816_125007_bb495b,2023-07-24,301106.SZ,2400,2400,36.548838,36.7298,434.3088,19
20260816_125007_bb495b,2023-07-24,601985.SH,10900,10900,8.553521,8.44662,-1165.2209,11
20260816_125007_bb495b,2023-07-24,601952.SH,4800,4800,18.147941,17.96292,-888.1008,10
20260816_125007_bb495b,2023-07-24,601002.SH,15600,15600,5.663071,5.5216,-2206.9476,10
20260816_125007_bb495b,2023-07-24,603316.SH,9800,9800,8.962391,9.514,5405.7682,10
20260816_125007_bb495b,2023-07-24,600493.SH,5600,5600,15.651354,15.65844,39.6816,10
20260816_125007_bb495b,2023-07-24,000791.SZ,4300,4300,22.118599,21.50553,-2636.1967,9
20260816_125007_bb495b,2023-07-24,600693.SH,2100,2100,44.223671,44.06202,-339.4671,2
20260816_125007_bb495b,2023-07-25,601077.SH,20400,20400,4.570372,4.79682,4619.5392,57
20260816_125007_bb495b,2023-07-25,600461.SH,2400,2400,37.514912,42.15036,11125.0752,57
20260816_125007_bb495b,2023-07-25,603045.SH,4200,4200,22.036297,24.3663,9786.0126,28
20260816_125007_bb495b,2023-07-25,300172.SZ,2600,2600,35.505635,35.75078,637.377,27
20260816_125007_bb495b,2023-07-25,301106.SZ,2400,2400,36.548838,37.389,2016.3888,20
20260816_125007_bb495b,2023-07-25,601985.SH,10900,10900,8.553521,8.35198,-2196.7969,12
20260816_125007_bb495b,2023-07-25,601952.SH,4800,4800,18.147941,18.06624,-392.1648,11
20260816_125007_bb495b,2023-07-25,601002.SH,15600,15600,5.663071,5.5664,-1508.0676,11
20260816_125007_bb495b,2023-07-25,603316.SH,9800,9800,8.962391,9.8088,8294.8082,11
20260816_125007_bb495b,2023-07-25,600493.SH,5600,5600,15.651354,15.76496,636.1936,11
20260816_125007_bb495b,2023-07-25,000791.SZ,4300,4300,22.118599,21.58359,-2300.5387,10
20260816_125007_bb495b,2023-07-25,600693.SH,2100,2100,44.223671,44.16845,-115.9641,3
20260816_125007_bb495b,2023-07-26,601077.SH,20400,20400,4.570372,4.80951,4878.4152,58
20260816_125007_bb495b,2023-07-26,600461.SH,2400,2400,37.514912,43.0483,13280.1312,58
20260816_125007_bb495b,2023-07-26,603045.SH,4200,4200,22.036297,23.9932,8218.9926,29
20260816_125007_bb495b,2023-07-26,300172.SZ,2600,2600,35.505635,36.83633,3459.807,28
20260816_125007_bb495b,2023-07-26,301106.SZ,2400,2400,36.548838,37.0903,1299.5088,21
20260816_125007_bb495b,2023-07-26,601985.SH,10900,10900,8.553521,8.48211,-778.3799,13
20260816_125007_bb495b,2023-07-26,601952.SH,4800,4800,18.147941,18.12528,-108.7728,12
20260816_125007_bb495b,2023-07-26,601002.SH,15600,15600,5.663071,5.544,-1857.5076,12
20260816_125007_bb495b,2023-07-26,603316.SH,9800,9800,8.962391,9.6346,6587.6482,12
20260816_125007_bb495b,2023-07-26,600493.SH,5600,5600,15.651354,15.81822,934.4496,12
20260816_125007_bb495b,2023-07-26,000791.SZ,4300,4300,22.118599,21.66165,-1964.8807,11
20260816_125007_bb495b,2023-07-26,600693.SH,2100,2100,44.223671,44.80703,1225.0539,4
20260816_125007_bb495b,2023-07-27,601077.SH,20400,20400,4.570372,4.8222,5137.2912,59
20260816_125007_bb495b,2023-07-27,600461.SH,2400,2400,37.514912,43.25958,13787.2032,59
20260816_125007_bb495b,2023-07-27,603045.SH,4200,4200,22.036297,24.1367,8821.6926,30
20260816_125007_bb495b,2023-07-27,300172.SZ,2600,2600,35.505635,36.69159,3083.483,29
20260816_125007_bb495b,2023-07-27,301106.SZ,2400,2400,36.548838,37.5435,2387.1888,22
20260816_125007_bb495b,2023-07-27,601985.SH,10900,10900,8.553521,8.56492,124.2491,14
20260816_125007_bb495b,2023-07-27,601952.SH,4800,4800,18.147941,17.88912,-1242.3408,13
20260816_125007_bb495b,2023-07-27,601002.SH,15600,15600,5.663071,5.5104,-2381.6676,13
20260816_125007_bb495b,2023-07-27,603316.SH,9800,9800,8.962391,9.9294,9476.6882,13
20260816_125007_bb495b,2023-07-27,600493.SH,5600,5600,15.651354,15.89811,1381.8336,13
20260816_125007_bb495b,2023-07-27,000791.SZ,4300,4300,22.118599,21.54456,-2468.3677,12
20260816_125007_bb495b,2023-07-27,600693.SH,2100,2100,44.223671,44.16845,-115.9641,5
20260816_125007_bb495b,2023-07-28,601077.SH,20400,20400,4.570372,4.93641,7467.1752,60
20260816_125007_bb495b,2023-07-28,600461.SH,2400,2400,37.514912,43.68214,14801.3472,60
20260816_125007_bb495b,2023-07-28,603045.SH,4200,4200,22.036297,24.55285,10569.5226,31
20260816_125007_bb495b,2023-07-28,300172.SZ,2600,2600,35.505635,35.96789,1201.863,30
20260816_125007_bb495b,2023-07-28,301106.SZ,2400,2400,36.548838,39.1606,6268.2288,23
20260816_125007_bb495b,2023-07-28,601985.SH,10900,10900,8.553521,8.61224,640.0371,15
20260816_125007_bb495b,2023-07-28,601952.SH,4800,4800,18.147941,17.9334,-1029.7968,14
20260816_125007_bb495b,2023-07-28,601002.SH,15600,15600,5.663071,5.5776,-1333.3476,14
20260816_125007_bb495b,2023-07-28,603316.SH,9800,9800,8.962391,9.8222,8426.1282,14
20260816_125007_bb495b,2023-07-28,600493.SH,5600,5600,15.651354,16.03126,2127.4736,14
20260816_125007_bb495b,2023-07-28,000791.SZ,4300,4300,22.118599,21.66165,-1964.8807,13
20260816_125007_bb495b,2023-07-28,600693.SH,2100,2100,44.223671,44.7006,1001.5509,6
20260816_125007_bb495b,2023-07-31,603045.SH,4200,4200,22.036297,24.108,8701.1526,32
20260816_125007_bb495b,2023-07-31,300172.SZ,2600,2600,35.505635,36.47448,2518.997,31
20260816_125007_bb495b,2023-07-31,301106.SZ,2400,2400,36.548838,38.1306,3796.2288,24
20260816_125007_bb495b,2023-07-31,601985.SH,10900,10900,8.553521,8.64773,1026.8781,16
20260816_125007_bb495b,2023-07-31,601952.SH,4800,4800,18.147941,18.61236,2229.2112,15
20260816_125007_bb495b,2023-07-31,601002.SH,15600,15600,5.663071,5.6224,-634.4676,15
20260816_125007_bb495b,2023-07-31,603316.SH,9800,9800,8.962391,9.8624,8820.0882,15
20260816_125007_bb495b,2023-07-31,600493.SH,5600,5600,15.651354,16.05789,2276.6016,15
20260816_125007_bb495b,2023-07-31,000791.SZ,4300,4300,22.118599,21.89583,-957.9067,14
20260816_125007_bb495b,2023-07-31,600693.SH,2100,2100,44.223671,46.61634,5024.6049,7
20260816_125007_bb495b,2023-08-01,603045.SH,4200,4200,22.036297,23.92145,7917.6426,33
20260816_125007_bb495b,2023-08-01,300172.SZ,2600,2600,35.505635,36.25737,1954.511,32
20260816_125007_bb495b,2023-08-01,301106.SZ,2400,2400,36.548838,38.316,4241.1888,25
20260816_125007_bb495b,2023-08-01,601985.SH,10900,10900,8.553521,8.62407,768.9841,17
20260816_125007_bb495b,2023-08-01,601952.SH,4800,4800,18.147941,18.3024,741.4032,16
20260816_125007_bb495b,2023-08-01,601002.SH,15600,15600,5.663071,5.656,-110.3076,16
20260816_125007_bb495b,2023-08-01,603316.SH,9800,9800,8.962391,9.849,8688.7682,16
20260816_125007_bb495b,2023-08-01,600493.SH,5600,5600,15.651354,16.08452,2425.7296,16
20260816_125007_bb495b,2023-08-01,000791.SZ,4300,4300,22.118599,22.36419,1056.0413,15
20260816_125007_bb495b,2023-08-01,600693.SH,2100,2100,44.223671,45.87133,3460.0839,8
20260816_125007_bb495b,2023-08-01,600177.SH,200,0,337.195953,333.487,-741.7906,1
20260816_125007_bb495b,2023-08-01,603980.SH,12700,0,7.658113,7.68217,305.5239,1
20260816_125007_bb495b,2023-08-02,603045.SH,4200,4200,22.036297,24.0793,8580.6126,34
20260816_125007_bb495b,2023-08-02,300172.SZ,2600,2600,35.505635,35.82315,825.539,33
20260816_125007_bb495b,2023-08-02,301106.SZ,2400,2400,36.548838,38.1924,3944.5488,26
20260816_125007_bb495b,2023-08-02,601985.SH,10900,10900,8.553521,8.49394,-649.4329,18
20260816_125007_bb495b,2023-08-02,601952.SH,4800,4800,18.147941,18.14004,-37.9248,17
20260816_125007_bb495b,2023-08-02,601002.SH,15600,15600,5.663071,5.656,-110.3076,17
20260816_125007_bb495b,2023-08-02,603316.SH,9800,9800,8.962391,9.8088,8294.8082,17
20260816_125007_bb495b,2023-08-02,600493.SH,5600,5600,15.651354,16.11115,2574.8576,17
20260816_125007_bb495b,2023-08-02,000791.SZ,4300,4300,22.118599,22.20807,384.7253,16
20260816_125007_bb495b,2023-08-02,600693.SH,2100,2100,44.223671,46.61634,5024.6049,9
20260816_125007_bb495b,2023-08-02,600177.SH,200,200,337.195953,331.6082,-1117.5506,2
20260816_125007_bb495b,2023-08-02,603980.SH,12700,12700,7.658113,7.66536,92.0369,2
20260816_125007_bb495b,2023-08-03,603045.SH,4200,4200,22.036297,23.4766,6049.2726,35
20260816_125007_bb495b,2023-08-03,300172.SZ,2600,2600,35.505635,35.53367,72.891,34
20260816_125007_bb495b,2023-08-03,301106.SZ,2400,2400,36.548838,40.376,9185.1888,27
20260816_125007_bb495b,2023-08-03,601985.SH,10900,10900,8.553521,8.68322,1413.7191,19
20260816_125007_bb495b,2023-08-03,601952.SH,4800,4800,18.147941,18.24336,458.0112,18
20260816_125007_bb495b,2023-08-03,601002.SH,15600,15600,5.663071,5.6224,-634.4676,18
20260816_125007_bb495b,2023-08-03,603316.SH,9800,9800,8.962391,9.7016,7244.2482,18
20260816_125007_bb495b,2023-08-03,600493.SH,5600,5600,15.651354,15.978,1829.2176,18
20260816_125007_bb495b,2023-08-03,000791.SZ,4300,4300,22.118599,22.32516,888.2123,17
20260816_125007_bb495b,2023-08-03,600693.SH,2100,2100,44.223671,46.40348,4577.5989,10
20260816_125007_bb495b,2023-08-03,600177.SH,200,200,337.195953,334.8961,-459.9706,3
20260816_125007_bb495b,2023-08-03,603980.SH,12700,12700,7.658113,7.66536,92.0369,3
20260816_125007_bb495b,2023-08-04,603045.SH,4200,4200,22.036297,23.26135,5145.2226,36
20260816_125007_bb495b,2023-08-04,300172.SZ,2600,2600,35.505635,35.24419,-679.757,35
20260816_125007_bb495b,2023-08-04,301106.SZ,2400,2400,36.548838,40.6541,9852.6288,28
20260816_125007_bb495b,2023-08-04,601985.SH,10900,10900,8.553521,8.64773,1026.8781,20
20260816_125007_bb495b,2023-08-04,601952.SH,4800,4800,18.147941,18.18432,174.6192,19
20260816_125007_bb495b,2023-08-04,601002.SH,15600,15600,5.663071,5.6224,-634.4676,19
20260816_125007_bb495b,2023-08-04,603316.SH,9800,9800,8.962391,9.581,6062.3682,19
20260816_125007_bb495b,2023-08-04,600493.SH,5600,5600,15.651354,15.87148,1232.7056,19
20260816_125007_bb495b,2023-08-04,000791.SZ,4300,4300,22.118599,22.13001,49.0673,18
20260816_125007_bb495b,2023-08-04,600693.SH,2100,2100,44.223671,45.65847,3013.0779,11
20260816_125007_bb495b,2023-08-04,600177.SH,200,200,337.195953,333.9567,-647.8506,4
20260816_125007_bb495b,2023-08-04,603980.SH,12700,12700,7.658113,7.61493,-548.4241,4
20260816_125007_bb495b,2023-08-07,603045.SH,4200,4200,22.036297,23.46225,5989.0026,37
20260816_125007_bb495b,2023-08-07,300172.SZ,2600,2600,35.505635,34.95471,-1432.405,36
20260816_125007_bb495b,2023-08-07,301106.SZ,2400,2400,36.548838,41.612,12151.5888,29
20260816_125007_bb495b,2023-08-07,601985.SH,10900,10900,8.553521,8.82518,2961.0831,21
20260816_125007_bb495b,2023-08-07,601952.SH,4800,4800,18.147941,18.65664,2441.7552,20
20260816_125007_bb495b,2023-08-07,601002.SH,15600,15600,5.663071,5.5664,-1508.0676,20
20260816_125007_bb495b,2023-08-07,603316.SH,9800,9800,8.962391,9.5542,5799.7282,20
20260816_125007_bb495b,2023-08-07,600493.SH,5600,5600,15.651354,15.79159,785.3216,20
20260816_125007_bb495b,2023-08-07,000791.SZ,4300,4300,22.118599,22.2471,552.5543,19
20260816_125007_bb495b,2023-08-07,600693.SH,2100,2100,44.223671,45.23275,2119.0659,12
20260816_125007_bb495b,2023-08-07,600177.SH,200,200,337.195953,330.1991,-1399.3706,5
20260816_125007_bb495b,2023-08-07,603980.SH,12700,12700,7.658113,7.54769,-1402.3721,5
20260816_125007_bb495b,2023-08-08,603045.SH,4200,4200,22.036297,23.3618,5567.1126,38
20260816_125007_bb495b,2023-08-08,300172.SZ,2600,2600,35.505635,34.95471,-1432.405,37
20260816_125007_bb495b,2023-08-08,301106.SZ,2400,2400,36.548838,40.5614,9630.1488,30
20260816_125007_bb495b,2023-08-08,601985.SH,10900,10900,8.553521,8.83701,3090.0301,22
20260816_125007_bb495b,2023-08-08,601952.SH,4800,4800,18.147941,18.61236,2229.2112,21
20260816_125007_bb495b,2023-08-08,601002.SH,15600,15600,5.663071,5.5104,-2381.6676,21
20260816_125007_bb495b,2023-08-08,603316.SH,9800,9800,8.962391,9.5408,5668.4082,21
20260816_125007_bb495b,2023-08-08,600493.SH,5600,5600,15.651354,15.79159,785.3216,21
20260816_125007_bb495b,2023-08-08,000791.SZ,4300,4300,22.118599,22.44225,1391.6993,20
20260816_125007_bb495b,2023-08-08,600693.SH,2100,2100,44.223671,45.12632,1895.5629,13
20260816_125007_bb495b,2023-08-08,600177.SH,200,200,337.195953,331.6082,-1117.5506,6
20260816_125007_bb495b,2023-08-08,603980.SH,12700,12700,7.658113,7.54769,-1402.3721,6
20260816_125007_bb495b,2023-08-09,603045.SH,4200,4200,22.036297,23.03175,4180.9026,39
20260816_125007_bb495b,2023-08-09,300172.SZ,2600,2600,35.505635,34.52049,-2561.377,38
20260816_125007_bb495b,2023-08-09,301106.SZ,2400,2400,36.548838,39.7786,7751.4288,31
20260816_125007_bb495b,2023-08-09,601985.SH,10900,10900,8.553521,8.65956,1155.8251,23
20260816_125007_bb495b,2023-08-09,601952.SH,4800,4800,18.147941,18.42048,1308.1872,22
20260816_125007_bb495b,2023-08-09,601002.SH,15600,15600,5.663071,5.4432,-3429.9876,22
20260816_125007_bb495b,2023-08-09,603316.SH,9800,9800,8.962391,9.4202,4486.5282,22
20260816_125007_bb495b,2023-08-09,600493.SH,5600,5600,15.651354,15.60518,-258.5744,22
20260816_125007_bb495b,2023-08-09,000791.SZ,4300,4300,22.118599,22.01292,-454.4197,21
20260816_125007_bb495b,2023-08-09,600693.SH,2100,2100,44.223671,44.48774,554.5449,14
20260816_125007_bb495b,2023-08-09,600177.SH,200,200,337.195953,330.1991,-1399.3706,7
20260816_125007_bb495b,2023-08-09,603980.SH,12700,12700,7.658113,7.51407,-1829.3461,7
20260816_125007_bb495b,2023-08-10,603045.SH,4200,4200,22.036297,23.2183,4964.4126,40
20260816_125007_bb495b,2023-08-10,300172.SZ,2600,2600,35.505635,34.88234,-1620.567,39
20260816_125007_bb495b,2023-08-10,301106.SZ,2400,2400,36.548838,39.7271,7627.8288,32
20260816_125007_bb495b,2023-08-10,601985.SH,10900,10900,8.553521,8.69505,1542.6661,24
20260816_125007_bb495b,2023-08-10,601952.SH,4800,4800,18.147941,18.77472,3008.5392,23
20260816_125007_bb495b,2023-08-10,601002.SH,15600,15600,5.663071,5.4768,-2905.8276,23
20260816_125007_bb495b,2023-08-10,603316.SH,9800,9800,8.962391,9.4202,4486.5282,23
20260816_125007_bb495b,2023-08-10,600493.SH,5600,5600,15.651354,15.84485,1083.5776,23
20260816_125007_bb495b,2023-08-10,000791.SZ,4300,4300,22.118599,22.16904,216.8963,22
20260816_125007_bb495b,2023-08-10,600693.SH,2100,2100,44.223671,44.27488,107.5389,15
20260816_125007_bb495b,2023-08-10,600177.SH,200,200,337.195953,330.1991,-1399.3706,8
20260816_125007_bb495b,2023-08-10,603980.SH,12700,12700,7.658113,7.5645,-1188.8851,8
20260816_125007_bb495b,2023-08-11,603045.SH,4200,4200,22.036297,22.7878,3156.3126,41
20260816_125007_bb495b,2023-08-11,300172.SZ,2600,2600,35.505635,34.15864,-3502.187,40
20260816_125007_bb495b,2023-08-11,301106.SZ,2400,2400,36.548838,40.7159,10000.9488,33
20260816_125007_bb495b,2023-08-11,601985.SH,10900,10900,8.553521,8.50577,-520.4859,25
20260816_125007_bb495b,2023-08-11,601952.SH,4800,4800,18.147941,18.14004,-37.9248,24
20260816_125007_bb495b,2023-08-11,601002.SH,15600,15600,5.663071,5.3872,-4303.5876,24
20260816_125007_bb495b,2023-08-11,603316.SH,9800,9800,8.962391,9.3666,3961.2482,24
20260816_125007_bb495b,2023-08-11,600493.SH,5600,5600,15.651354,15.79159,785.3216,24
20260816_125007_bb495b,2023-08-11,000791.SZ,4300,4300,22.118599,21.97389,-622.2487,23
20260816_125007_bb495b,2023-08-11,600693.SH,2100,2100,44.223671,43.74273,-1009.9761,16
20260816_125007_bb495b,2023-08-11,600177.SH,200,200,337.195953,326.9112,-2056.9506,9
20260816_125007_bb495b,2023-08-11,603980.SH,12700,12700,7.658113,7.46364,-2469.8071,9
20260816_125007_bb495b,2023-08-14,603045.SH,4200,4200,22.036297,22.9026,3638.4726,42
20260816_125007_bb495b,2023-08-14,300172.SZ,2600,2600,35.505635,34.37575,-2937.701,41
20260816_125007_bb495b,2023-08-14,301106.SZ,2400,2400,36.548838,40.788,10173.9888,34
20260816_125007_bb495b,2023-08-14,601985.SH,10900,10900,8.553521,8.6359,897.9311,26
20260816_125007_bb495b,2023-08-14,601952.SH,4800,4800,18.147941,18.05148,-463.0128,25
20260816_125007_bb495b,2023-08-14,601002.SH,15600,15600,5.663071,5.4432,-3429.9876,25
20260816_125007_bb495b,2023-08-14,603316.SH,9800,9800,8.962391,9.5542,5799.7282,25
20260816_125007_bb495b,2023-08-14,600493.SH,5600,5600,15.651354,15.73833,487.0656,25
20260816_125007_bb495b,2023-08-14,000791.SZ,4300,4300,22.118599,22.01292,-454.4197,24
20260816_125007_bb495b,2023-08-14,600693.SH,2100,2100,44.223671,44.06202,-339.4671,17
20260816_125007_bb495b,2023-08-14,600177.SH,200,200,337.195953,324.5627,-2526.6506,10
20260816_125007_bb495b,2023-08-14,603980.SH,12700,12700,7.658113,7.59812,-761.9111,10
20260816_125007_bb495b,2023-08-15,603045.SH,4200,4200,22.036297,22.673,2674.1526,43
20260816_125007_bb495b,2023-08-15,300172.SZ,2600,2600,35.505635,34.30338,-3125.863,42
20260816_125007_bb495b,2023-08-15,301106.SZ,2400,2400,36.548838,40.685,9926.7888,35
20260816_125007_bb495b,2023-08-15,601985.SH,10900,10900,8.553521,8.70688,1671.6131,27
20260816_125007_bb495b,2023-08-15,601952.SH,4800,4800,18.147941,18.081,-321.3168,26
20260816_125007_bb495b,2023-08-15,601002.SH,15600,15600,5.663071,5.4544,-3255.2676,26
20260816_125007_bb495b,2023-08-15,603316.SH,9800,9800,8.962391,9.38,4092.5682,26
20260816_125007_bb495b,2023-08-15,600493.SH,5600,5600,15.651354,15.81822,934.4496,26
20260816_125007_bb495b,2023-08-15,000791.SZ,4300,4300,22.118599,22.01292,-454.4197,25
20260816_125007_bb495b,2023-08-15,600693.SH,2100,2100,44.223671,44.16845,-115.9641,18
20260816_125007_bb495b,2023-08-15,600177.SH,200,200,337.195953,327.8506,-1869.0706,11
20260816_125007_bb495b,2023-08-15,603980.SH,12700,12700,7.658113,7.63174,-334.9371,11
20260816_125007_bb495b,2023-08-16,603045.SH,4200,4200,22.036297,22.4434,1709.8326,44
20260816_125007_bb495b,2023-08-16,300172.SZ,2600,2600,35.505635,34.30338,-3125.863,43
20260816_125007_bb495b,2023-08-16,301106.SZ,2400,2400,36.548838,39.552,7207.5888,36
20260816_125007_bb495b,2023-08-16,601985.SH,10900,10900,8.553521,8.54126,-133.6449,28
20260816_125007_bb495b,2023-08-16,601952.SH,4800,4800,18.147941,18.02196,-604.7088,27
20260816_125007_bb495b,2023-08-16,601002.SH,15600,15600,5.663071,5.4096,-3954.1476,27
20260816_125007_bb495b,2023-08-16,603316.SH,9800,9800,8.962391,9.246,2779.3682,27
20260816_125007_bb495b,2023-08-16,600493.SH,5600,5600,15.651354,15.7117,337.9376,27
20260816_125007_bb495b,2023-08-16,000791.SZ,4300,4300,22.118599,21.70068,-1797.0517,26
20260816_125007_bb495b,2023-08-16,600693.SH,2100,2100,44.223671,43.95559,-562.9701,19
20260816_125007_bb495b,2023-08-16,600177.SH,200,200,337.195953,327.3809,-1963.0106,12
20260816_125007_bb495b,2023-08-16,603980.SH,12700,12700,7.658113,7.59812,-761.9111,12
20260816_125007_bb495b,2023-08-17,603045.SH,4200,4200,22.036297,22.91695,3698.7426,45
20260816_125007_bb495b,2023-08-17,300172.SZ,2600,2600,35.505635,35.02708,-1244.243,44
20260816_125007_bb495b,2023-08-17,301106.SZ,2400,2400,36.548838,40.273,8937.9888,37
20260816_125007_bb495b,2023-08-17,601985.SH,10900,10900,8.553521,8.57675,253.1961,29
20260816_125007_bb495b,2023-08-17,601952.SH,4800,4800,18.147941,18.21384,316.3152,28
20260816_125007_bb495b,2023-08-17,601002.SH,15600,15600,5.663071,5.4992,-2556.3876,28
20260816_125007_bb495b,2023-08-17,603316.SH,9800,9800,8.962391,9.4202,4486.5282,28
20260816_125007_bb495b,2023-08-17,600493.SH,5600,5600,15.651354,15.81822,934.4496,28
20260816_125007_bb495b,2023-08-17,000791.SZ,4300,4300,22.118599,21.66165,-1964.8807,27
20260816_125007_bb495b,2023-08-17,600693.SH,2100,2100,44.223671,44.7006,1001.5509,20
20260816_125007_bb495b,2023-08-17,600177.SH,200,200,337.195953,328.3203,-1775.1306,13
20260816_125007_bb495b,2023-08-17,603980.SH,12700,12700,7.658113,7.59812,-761.9111,13
20260816_125007_bb495b,2023-08-18,603045.SH,4200,4200,22.036297,22.8739,3517.9326,46
20260816_125007_bb495b,2023-08-18,300172.SZ,2600,2600,35.505635,35.89552,1013.701,45
20260816_125007_bb495b,2023-08-18,301106.SZ,2400,2400,36.548838,39.7271,7627.8288,38
20260816_125007_bb495b,2023-08-18,601985.SH,10900,10900,8.553521,8.55309,-4.6979,30
20260816_125007_bb495b,2023-08-18,601952.SH,4800,4800,18.147941,17.83008,-1525.7328,29
20260816_125007_bb495b,2023-08-18,601002.SH,15600,15600,5.663071,5.4992,-2556.3876,29
20260816_125007_bb495b,2023-08-18,603316.SH,9800,9800,8.962391,9.3934,4223.8882,29
20260816_125007_bb495b,2023-08-18,600493.SH,5600,5600,15.651354,15.81822,934.4496,29
20260816_125007_bb495b,2023-08-18,000791.SZ,4300,4300,22.118599,21.54456,-2468.3677,28
20260816_125007_bb495b,2023-08-18,600693.SH,2100,2100,44.223671,43.52987,-1456.9821,21
20260816_125007_bb495b,2023-08-18,600177.SH,200,200,337.195953,327.3809,-1963.0106,14
20260816_125007_bb495b,2023-08-18,603980.SH,12700,12700,7.658113,7.5645,-1188.8851,14
20260816_125007_bb495b,2023-08-21,603045.SH,4200,4200,22.036297,22.68735,2734.4226,47
20260816_125007_bb495b,2023-08-21,300172.SZ,2600,2600,35.505635,36.54685,2707.159,46
20260816_125007_bb495b,2023-08-21,301106.SZ,2400,2400,36.548838,38.8928,5625.5088,39
20260816_125007_bb495b,2023-08-21,601985.SH,10900,10900,8.553521,8.57675,253.1961,31
20260816_125007_bb495b,2023-08-21,601952.SH,4800,4800,18.147941,17.712,-2092.5168,30
20260816_125007_bb495b,2023-08-21,601002.SH,15600,15600,5.663071,5.4544,-3255.2676,30
20260816_125007_bb495b,2023-08-21,603316.SH,9800,9800,8.962391,9.38,4092.5682,30
20260816_125007_bb495b,2023-08-21,600493.SH,5600,5600,15.651354,16.03126,2127.4736,30
20260816_125007_bb495b,2023-08-21,000791.SZ,4300,4300,22.118599,21.70068,-1797.0517,29
20260816_125007_bb495b,2023-08-21,600693.SH,2100,2100,44.223671,43.21058,-2127.4911,22
20260816_125007_bb495b,2023-08-21,600177.SH,200,200,337.195953,325.0324,-2432.7106,15
20260816_125007_bb495b,2023-08-21,603980.SH,12700,12700,7.658113,7.58131,-975.3981,15
20260816_125007_bb495b,2023-08-22,603045.SH,4200,4200,22.036297,22.7591,3035.7726,48
20260816_125007_bb495b,2023-08-22,300172.SZ,2600,2600,35.505635,37.12581,4212.455,47
20260816_125007_bb495b,2023-08-22,301106.SZ,2400,2400,36.548838,40.1391,8616.6288,40
20260816_125007_bb495b,2023-08-22,601985.SH,10900,10900,8.553521,8.58858,382.1431,32
20260816_125007_bb495b,2023-08-22,601952.SH,4800,4800,18.147941,17.81532,-1596.5808,31
20260816_125007_bb495b,2023-08-22,601002.SH,15600,15600,5.663071,5.432,-3604.7076,31
20260816_125007_bb495b,2023-08-22,603316.SH,9800,9800,8.962391,9.3934,4223.8882,31
20260816_125007_bb495b,2023-08-22,600493.SH,5600,5600,15.651354,15.52529,-705.9584,31
20260816_125007_bb495b,2023-08-22,000791.SZ,4300,4300,22.118599,21.62262,-2132.7097,30
20260816_125007_bb495b,2023-08-22,600693.SH,2100,2100,44.223671,43.31701,-1903.9881,23
20260816_125007_bb495b,2023-08-22,600177.SH,200,200,337.195953,325.0324,-2432.7106,16
20260816_125007_bb495b,2023-08-22,603980.SH,12700,12700,7.658113,7.51407,-1829.3461,16
20260816_125007_bb495b,2023-08-23,603045.SH,4200,4200,22.036297,22.3286,1227.6726,49
20260816_125007_bb495b,2023-08-23,300172.SZ,2600,2600,35.505635,44.57992,23593.141,48
20260816_125007_bb495b,2023-08-23,301106.SZ,2400,2400,36.548838,39.4181,6886.2288,41
20260816_125007_bb495b,2023-08-23,601985.SH,10900,10900,8.553521,8.62407,768.9841,33
20260816_125007_bb495b,2023-08-23,601952.SH,4800,4800,18.147941,17.52012,-3013.5408,32
20260816_125007_bb495b,2023-08-23,601002.SH,15600,15600,5.663071,5.3984,-4128.8676,32
20260816_125007_bb495b,2023-08-23,603316.SH,9800,9800,8.962391,9.1388,1728.8082,32
20260816_125007_bb495b,2023-08-23,600493.SH,5600,5600,15.651354,15.15247,-2793.7504,32
20260816_125007_bb495b,2023-08-23,000791.SZ,4300,4300,22.118599,21.38844,-3139.6837,31
20260816_125007_bb495b,2023-08-23,600693.SH,2100,2100,44.223671,43.10415,-2350.9941,24
20260816_125007_bb495b,2023-08-23,600177.SH,200,200,337.195953,323.1536,-2808.4706,17
20260816_125007_bb495b,2023-08-23,603980.SH,12700,12700,7.658113,7.41321,-3110.2681,17
20260816_125007_bb495b,2023-08-24,603045.SH,4200,4200,22.036297,22.34295,1287.9426,50
20260816_125007_bb495b,2023-08-24,300172.SZ,2600,2600,35.505635,53.48143,46737.067,49
20260816_125007_bb495b,2023-08-24,301106.SZ,2400,2400,36.548838,39.6344,7405.3488,42
20260816_125007_bb495b,2023-08-24,601985.SH,10900,10900,8.553521,8.31649,-2583.6379,34
20260816_125007_bb495b,2023-08-24,601952.SH,4800,4800,18.147941,17.68248,-2234.2128,33
20260816_125007_bb495b,2023-08-24,601002.SH,15600,15600,5.663071,5.32,-5351.9076,33
20260816_125007_bb495b,2023-08-24,603316.SH,9800,9800,8.962391,9.0182,546.9282,33
20260816_125007_bb495b,2023-08-24,600493.SH,5600,5600,15.651354,15.12584,-2942.8784,33
20260816_125007_bb495b,2023-08-24,000791.SZ,4300,4300,22.118599,21.38844,-3139.6837,32
20260816_125007_bb495b,2023-08-24,600693.SH,2100,2100,44.223671,42.99772,-2574.4971,25
20260816_125007_bb495b,2023-08-24,600177.SH,200,200,337.195953,319.8657,-3466.0506,18
20260816_125007_bb495b,2023-08-24,603980.SH,12700,12700,7.658113,7.3964,-3323.7551,18
20260816_125007_bb495b,2023-08-25,603045.SH,4200,4200,22.036297,21.79765,-1002.3174,51
20260816_125007_bb495b,2023-08-25,300172.SZ,2600,2600,35.505635,56.23149,53887.223,50
20260816_125007_bb495b,2023-08-25,301106.SZ,2400,2400,36.548838,38.9752,5823.2688,43
20260816_125007_bb495b,2023-08-25,601985.SH,10900,10900,8.553521,8.54126,-133.6449,35
20260816_125007_bb495b,2023-08-25,601952.SH,4800,4800,18.147941,17.81532,-1596.5808,34
20260816_125007_bb495b,2023-08-25,601002.SH,15600,15600,5.663071,5.3088,-5526.6276,34
20260816_125007_bb495b,2023-08-25,603316.SH,9800,9800,8.962391,9.0316,678.2482,34
20260816_125007_bb495b,2023-08-25,600493.SH,5600,5600,15.651354,14.85954,-4434.1584,34
20260816_125007_bb495b,2023-08-25,000791.SZ,4300,4300,22.118599,21.62262,-2132.7097,33
20260816_125007_bb495b,2023-08-25,600693.SH,2100,2100,44.223671,42.572,-3468.5091,26
20260816_125007_bb495b,2023-08-25,600177.SH,200,200,337.195953,323.6233,-2714.5306,19
20260816_125007_bb495b,2023-08-25,603980.SH,12700,12700,7.658113,7.3964,-3323.7551,19
20260816_125007_bb495b,2023-08-28,603045.SH,4200,4200,22.036297,22.17075,564.7026,52
20260816_125007_bb495b,2023-08-28,300172.SZ,2600,2600,35.505635,67.44884,83052.333,51
20260816_125007_bb495b,2023-08-28,301106.SZ,2400,2400,36.548838,38.0173,3524.3088,44
20260816_125007_bb495b,2023-08-28,601985.SH,10900,10900,8.553521,8.5176,-391.5389,36
20260816_125007_bb495b,2023-08-28,601952.SH,4800,4800,18.147941,17.81532,-1596.5808,35
20260816_125007_bb495b,2023-08-28,601002.SH,15600,15600,5.663071,5.3536,-4827.7476,35
20260816_125007_bb495b,2023-08-28,603316.SH,9800,9800,8.962391,9.0316,678.2482,35
20260816_125007_bb495b,2023-08-28,600493.SH,5600,5600,15.651354,15.33888,-1749.8544,35
20260816_125007_bb495b,2023-08-28,000791.SZ,4300,4300,22.118599,21.77874,-1461.3937,34
20260816_125007_bb495b,2023-08-28,600693.SH,2100,2100,44.223671,42.78486,-3021.5031,27
20260816_125007_bb495b,2023-08-28,600177.SH,200,200,337.195953,324.093,-2620.5906,20
20260816_125007_bb495b,2023-08-28,603980.SH,12700,12700,7.658113,7.58131,-975.3981,20
20260816_125007_bb495b,2023-08-29,603045.SH,4200,4200,22.036297,23.00305,4060.3626,53
20260816_125007_bb495b,2023-08-29,300172.SZ,2600,2600,35.505635,62.2382,69504.669,52
20260816_125007_bb495b,2023-08-29,301106.SZ,2400,2400,36.548838,40.685,9926.7888,45
20260816_125007_bb495b,2023-08-29,601985.SH,10900,10900,8.553521,8.45845,-1036.2739,37
20260816_125007_bb495b,2023-08-29,601952.SH,4800,4800,18.147941,17.96292,-888.1008,36
20260816_125007_bb495b,2023-08-29,601002.SH,15600,15600,5.663071,5.4544,-3255.2676,36
20260816_125007_bb495b,2023-08-29,603316.SH,9800,9800,8.962391,9.3532,3829.9282,36
20260816_125007_bb495b,2023-08-29,600493.SH,5600,5600,15.651354,15.81822,934.4496,36
20260816_125007_bb495b,2023-08-29,000791.SZ,4300,4300,22.118599,21.62262,-2132.7097,35
20260816_125007_bb495b,2023-08-29,600693.SH,2100,2100,44.223671,43.31701,-1903.9881,28
20260816_125007_bb495b,2023-08-29,600177.SH,200,200,337.195953,327.3809,-1963.0106,21
20260816_125007_bb495b,2023-08-29,603980.SH,12700,12700,7.658113,7.54769,-1402.3721,21
20260816_125007_bb495b,2023-08-30,603045.SH,4200,4200,22.036297,23.37615,5627.3826,54
20260816_125007_bb495b,2023-08-30,300172.SZ,2600,2600,35.505635,63.17901,71950.775,53
20260816_125007_bb495b,2023-08-30,301106.SZ,2400,2400,36.548838,42.5905,14499.9888,46
20260816_125007_bb495b,2023-08-30,601985.SH,10900,10900,8.553521,8.38747,-1809.9559,38
20260816_125007_bb495b,2023-08-30,601952.SH,4800,4800,18.147941,17.712,-2092.5168,37
20260816_125007_bb495b,2023-08-30,601002.SH,15600,15600,5.663071,5.3872,-4303.5876,37
20260816_125007_bb495b,2023-08-30,603316.SH,9800,9800,8.962391,9.3398,3698.6082,37
20260816_125007_bb495b,2023-08-30,600493.SH,5600,5600,15.651354,16.05789,2276.6016,37
20260816_125007_bb495b,2023-08-30,000791.SZ,4300,4300,22.118599,21.27135,-3643.1707,36
20260816_125007_bb495b,2023-08-30,600693.SH,2100,2100,44.223671,42.572,-3468.5091,29
20260816_125007_bb495b,2023-08-30,600177.SH,200,200,337.195953,324.5627,-2526.6506,22
20260816_125007_bb495b,2023-08-30,603980.SH,12700,12700,7.658113,7.53088,-1615.8591,22
20260816_125007_bb495b,2023-08-31,603045.SH,4200,4200,22.036297,23.2183,4964.4126,55
20260816_125007_bb495b,2023-08-31,300172.SZ,2600,2600,35.505635,59.70525,62918.999,54
20260816_125007_bb495b,2023-08-31,301106.SZ,2400,2400,36.548838,42.2403,13659.5088,47
20260816_125007_bb495b,2023-08-31,601985.SH,10900,10900,8.553521,8.5176,-391.5389,39
20260816_125007_bb495b,2023-08-31,601952.SH,4800,4800,18.147941,17.59392,-2659.3008,38
20260816_125007_bb495b,2023-08-31,601002.SH,15600,15600,5.663071,5.3088,-5526.6276,38
20260816_125007_bb495b,2023-08-31,603316.SH,9800,9800,8.962391,9.0718,1072.2082,38
20260816_125007_bb495b,2023-08-31,600493.SH,5600,5600,15.651354,15.978,1829.2176,38
20260816_125007_bb495b,2023-08-31,000791.SZ,4300,4300,22.118599,21.34941,-3307.5127,37
20260816_125007_bb495b,2023-08-31,600693.SH,2100,2100,44.223671,41.40127,-5927.0421,30
20260816_125007_bb495b,2023-08-31,600177.SH,200,200,337.195953,326.4415,-2150.8906,23
20260816_125007_bb495b,2023-08-31,603980.SH,12700,12700,7.658113,7.44683,-2683.2941,23
20260816_125007_bb495b,2023-09-01,603045.SH,4200,4200,22.036297,23.534,6290.3526,56
20260816_125007_bb495b,2023-09-01,300172.SZ,2600,2600,35.505635,54.06039,48242.363,55
20260816_125007_bb495b,2023-09-01,301106.SZ,2400,2400,36.548838,42.1373,13412.3088,48
20260816_125007_bb495b,2023-09-01,601985.SH,10900,10900,8.553521,8.54126,-133.6449,40
20260816_125007_bb495b,2023-09-01,601952.SH,4800,4800,18.147941,17.69724,-2163.3648,39
20260816_125007_bb495b,2023-09-01,601002.SH,15600,15600,5.663071,5.376,-4478.3076,39
20260816_125007_bb495b,2023-09-01,603316.SH,9800,9800,8.962391,9.179,2122.7682,39
20260816_125007_bb495b,2023-09-01,600493.SH,5600,5600,15.651354,16.11115,2574.8576,39
20260816_125007_bb495b,2023-09-01,000791.SZ,4300,4300,22.118599,21.62262,-2132.7097,38
20260816_125007_bb495b,2023-09-01,600693.SH,2100,2100,44.223671,42.67843,-3245.0061,31
20260816_125007_bb495b,2023-09-01,600177.SH,200,200,337.195953,328.79,-1681.1906,24
20260816_125007_bb495b,2023-09-01,603980.SH,12700,12700,7.658113,7.5645,-1188.8851,24
20260816_125007_bb495b,2023-09-04,603045.SH,4200,4200,22.036297,23.86405,7676.5626,57
20260816_125007_bb495b,2023-09-04,300172.SZ,2600,2600,35.505635,55.86964,52946.413,56
20260816_125007_bb495b,2023-09-04,301106.SZ,2400,2400,36.548838,42.4051,14055.0288,49
20260816_125007_bb495b,2023-09-04,601985.SH,10900,10900,8.553521,8.64773,1026.8781,41
20260816_125007_bb495b,2023-09-04,601952.SH,4800,4800,18.147941,17.8596,-1384.0368,40
20260816_125007_bb495b,2023-09-04,601002.SH,15600,15600,5.663071,5.4656,-3080.5476,40
20260816_125007_bb495b,2023-09-04,603316.SH,9800,9800,8.962391,9.1388,1728.8082,40
20260816_125007_bb495b,2023-09-04,600493.SH,5600,5600,15.651354,16.32419,3767.8816,40
20260816_125007_bb495b,2023-09-04,000791.SZ,4300,4300,22.118599,21.73971,-1629.2227,39
20260816_125007_bb495b,2023-09-04,600693.SH,2100,2100,44.223671,43.74273,-1009.9761,32
20260816_125007_bb495b,2023-09-04,600177.SH,200,200,337.195953,333.9567,-647.8506,25
20260816_125007_bb495b,2023-09-04,603980.SH,12700,12700,7.658113,7.68217,305.5239,25
20260816_125007_bb495b,2023-09-05,603045.SH,4200,4200,22.036297,24.2515,9303.8526,58
20260816_125007_bb495b,2023-09-05,300172.SZ,2600,2600,35.505635,58.69207,60284.731,57
20260816_125007_bb495b,2023-09-05,301106.SZ,2400,2400,36.548838,42.3742,13980.8688,50
20260816_125007_bb495b,2023-09-05,601985.SH,10900,10900,8.553521,8.61224,640.0371,42
20260816_125007_bb495b,2023-09-05,601952.SH,4800,4800,18.147941,17.72676,-2021.6688,41
20260816_125007_bb495b,2023-09-05,601002.SH,15600,15600,5.663071,5.4432,-3429.9876,41
20260816_125007_bb495b,2023-09-05,603316.SH,9800,9800,8.962391,8.9914,284.2882,41
20260816_125007_bb495b,2023-09-05,600493.SH,5600,5600,15.651354,16.35082,3917.0096,41
20260816_125007_bb495b,2023-09-05,000791.SZ,4300,4300,22.118599,21.93486,-790.0777,40
20260816_125007_bb495b,2023-09-05,600693.SH,2100,2100,44.223671,42.78486,-3021.5031,33
20260816_125007_bb495b,2023-09-05,600177.SH,200,200,337.195953,331.1385,-1211.4906,26
20260816_125007_bb495b,2023-09-05,603980.SH,12700,12700,7.658113,7.66536,92.0369,26
20260816_125007_bb495b,2023-09-06,603045.SH,4200,4200,22.036297,24.03625,8399.8026,59
20260816_125007_bb495b,2023-09-06,300172.SZ,2600,2600,35.505635,53.26432,46172.581,58
20260816_125007_bb495b,2023-09-06,301106.SZ,2400,2400,36.548838,43.3836,16403.4288,51
20260816_125007_bb495b,2023-09-06,601985.SH,10900,10900,8.553521,8.52943,-262.5919,43
20260816_125007_bb495b,2023-09-06,601952.SH,4800,4800,18.147941,17.60868,-2588.4528,42
20260816_125007_bb495b,2023-09-06,601002.SH,15600,15600,5.663071,5.4656,-3080.5476,42
20260816_125007_bb495b,2023-09-06,603316.SH,9800,9800,8.962391,8.9378,-240.9918,42
20260816_125007_bb495b,2023-09-06,600493.SH,5600,5600,15.651354,16.29756,3618.7536,42
20260816_125007_bb495b,2023-09-06,000791.SZ,4300,4300,22.118599,21.89583,-957.9067,41
20260816_125007_bb495b,2023-09-06,600693.SH,2100,2100,44.223671,42.25271,-4139.0181,34
20260816_125007_bb495b,2023-09-06,600177.SH,200,200,337.195953,333.9567,-647.8506,27
20260816_125007_bb495b,2023-09-06,603980.SH,12700,12700,7.658113,7.71579,732.4979,27
20260816_125007_bb495b,2023-09-07,603045.SH,4200,4200,22.036297,23.8497,7616.2926,60
20260816_125007_bb495b,2023-09-07,300172.SZ,2600,2600,35.505635,53.26432,46172.581,59
20260816_125007_bb495b,2023-09-07,301106.SZ,2400,2400,36.548838,42.6935,14747.1888,52
20260816_125007_bb495b,2023-09-07,601985.SH,10900,10900,8.553521,8.5176,-391.5389,44
20260816_125007_bb495b,2023-09-07,601952.SH,4800,4800,18.147941,17.44632,-3367.7808,43
20260816_125007_bb495b,2023-09-07,601002.SH,15600,15600,5.663071,5.4096,-3954.1476,43
20260816_125007_bb495b,2023-09-07,603316.SH,9800,9800,8.962391,8.8172,-1422.8718,43
20260816_125007_bb495b,2023-09-07,600493.SH,5600,5600,15.651354,16.08452,2425.7296,43
20260816_125007_bb495b,2023-09-07,000791.SZ,4300,4300,22.118599,21.50553,-2636.1967,42
20260816_125007_bb495b,2023-09-07,600693.SH,2100,2100,44.223671,42.03985,-4586.0241,35
20260816_125007_bb495b,2023-09-07,600177.SH,200,200,337.195953,332.0779,-1023.6106,28
20260816_125007_bb495b,2023-09-07,603980.SH,12700,12700,7.658113,7.66536,92.0369,28
20260816_125007_bb495b,2023-09-08,300172.SZ,2600,2600,35.505635,52.17877,43350.151,60
20260816_125007_bb495b,2023-09-08,301106.SZ,2400,2400,36.548838,43.1158,15760.7088,53
20260816_125007_bb495b,2023-09-08,601985.SH,10900,10900,8.553521,8.58858,382.1431,45
20260816_125007_bb495b,2023-09-08,601952.SH,4800,4800,18.147941,17.29872,-4076.2608,44
20260816_125007_bb495b,2023-09-08,601002.SH,15600,15600,5.663071,5.4096,-3954.1476,44
20260816_125007_bb495b,2023-09-08,603316.SH,9800,9800,8.962391,8.7904,-1685.5118,44
20260816_125007_bb495b,2023-09-08,600493.SH,5600,5600,15.651354,16.05789,2276.6016,44
20260816_125007_bb495b,2023-09-08,000791.SZ,4300,4300,22.118599,21.66165,-1964.8807,43
20260816_125007_bb495b,2023-09-08,600693.SH,2100,2100,44.223671,42.14628,-4362.5211,36
20260816_125007_bb495b,2023-09-08,600177.SH,200,200,337.195953,333.0173,-835.7306,29
20260816_125007_bb495b,2023-09-08,603980.SH,12700,12700,7.658113,7.71579,732.4979,29
20260816_125007_bb495b,2023-09-11,301106.SZ,2400,2400,36.548838,42.7656,14920.2288,54
20260816_125007_bb495b,2023-09-11,601985.SH,10900,10900,8.553521,8.64773,1026.8781,46
20260816_125007_bb495b,2023-09-11,601952.SH,4800,4800,18.147941,17.65296,-2375.9088,45
20260816_125007_bb495b,2023-09-11,601002.SH,15600,15600,5.663071,5.4656,-3080.5476,45
20260816_125007_bb495b,2023-09-11,603316.SH,9800,9800,8.962391,9.0986,1334.8482,45
20260816_125007_bb495b,2023-09-11,600493.SH,5600,5600,15.651354,16.19104,3022.2416,45
20260816_125007_bb495b,2023-09-11,000791.SZ,4300,4300,22.118599,21.73971,-1629.2227,44
20260816_125007_bb495b,2023-09-11,600693.SH,2100,2100,44.223671,42.572,-3468.5091,37
20260816_125007_bb495b,2023-09-11,600177.SH,200,200,337.195953,333.487,-741.7906,30
20260816_125007_bb495b,2023-09-11,603980.SH,12700,12700,7.658113,7.7326,945.9849,30
20260816_125007_bb495b,2023-09-11,600327.SH,1100,0,86.789503,86.50314,-314.9993,1
20260816_125007_bb495b,2023-09-12,301106.SZ,2400,2400,36.548838,42.2403,13659.5088,55
20260816_125007_bb495b,2023-09-12,601985.SH,10900,10900,8.553521,8.71871,1800.5601,47
20260816_125007_bb495b,2023-09-12,601952.SH,4800,4800,18.147941,17.66772,-2305.0608,46
20260816_125007_bb495b,2023-09-12,601002.SH,15600,15600,5.663071,5.488,-2731.1076,46
20260816_125007_bb495b,2023-09-12,603316.SH,9800,9800,8.962391,8.7502,-2079.4718,46
20260816_125007_bb495b,2023-09-12,600493.SH,5600,5600,15.651354,15.81822,934.4496,46
20260816_125007_bb495b,2023-09-12,000791.SZ,4300,4300,22.118599,21.89583,-957.9067,45
20260816_125007_bb495b,2023-09-12,600693.SH,2100,2100,44.223671,42.35914,-3915.5151,38
20260816_125007_bb495b,2023-09-12,600177.SH,200,200,337.195953,333.487,-741.7906,31
20260816_125007_bb495b,2023-09-12,603980.SH,12700,12700,7.658113,7.64855,-121.4501,31
20260816_125007_bb495b,2023-09-12,600327.SH,1100,1100,86.789503,85.07922,-1881.3113,2
20260816_125007_bb495b,2023-09-12,600810.SH,2600,0,37.048813,37.34562,771.6982,1
20260816_125007_bb495b,2023-09-13,301106.SZ,2400,2400,36.548838,42.1579,13461.7488,56
20260816_125007_bb495b,2023-09-13,601985.SH,10900,10900,8.553521,8.71871,1800.5601,48
20260816_125007_bb495b,2023-09-13,601952.SH,4800,4800,18.147941,17.68248,-2234.2128,47
20260816_125007_bb495b,2023-09-13,601002.SH,15600,15600,5.663071,5.488,-2731.1076,47
20260816_125007_bb495b,2023-09-13,603316.SH,9800,9800,8.962391,8.844,-1160.2318,47
20260816_125007_bb495b,2023-09-13,600493.SH,5600,5600,15.651354,15.7117,337.9376,47
20260816_125007_bb495b,2023-09-13,000791.SZ,4300,4300,22.118599,21.81777,-1293.5647,46
20260816_125007_bb495b,2023-09-13,600693.SH,2100,2100,44.223671,43.84916,-786.4731,39
20260816_125007_bb495b,2023-09-13,600177.SH,200,200,337.195953,333.0173,-835.7306,32
20260816_125007_bb495b,2023-09-13,603980.SH,12700,12700,7.658113,7.64855,-121.4501,32
20260816_125007_bb495b,2023-09-13,600327.SH,1100,1100,86.789503,84.72324,-2272.8893,3
20260816_125007_bb495b,2023-09-13,600810.SH,2600,2600,37.048813,37.2476,516.8462,2
20260816_125007_bb495b,2023-09-14,301106.SZ,2400,2400,36.548838,41.7974,12596.5488,57
20260816_125007_bb495b,2023-09-14,601985.SH,10900,10900,8.553521,8.82518,2961.0831,49
20260816_125007_bb495b,2023-09-14,601952.SH,4800,4800,18.147941,17.6382,-2446.7568,48
20260816_125007_bb495b,2023-09-14,601002.SH,15600,15600,5.663071,5.4544,-3255.2676,48
20260816_125007_bb495b,2023-09-14,603316.SH,9800,9800,8.962391,8.6028,-3523.9918,48
20260816_125007_bb495b,2023-09-14,600493.SH,5600,5600,15.651354,15.49866,-855.0864,48
20260816_125007_bb495b,2023-09-14,000791.SZ,4300,4300,22.118599,22.01292,-454.4197,47
20260816_125007_bb495b,2023-09-14,600693.SH,2100,2100,44.223671,41.82699,-5033.0301,40
20260816_125007_bb495b,2023-09-14,600177.SH,200,200,337.195953,336.7749,-84.2106,33
20260816_125007_bb495b,2023-09-14,603980.SH,12700,12700,7.658113,7.61493,-548.4241,33
20260816_125007_bb495b,2023-09-14,600327.SH,1100,1100,86.789503,84.36726,-2664.4673,4
20260816_125007_bb495b,2023-09-14,600810.SH,2600,2600,37.048813,37.00255,-120.2838,3
20260816_125007_bb495b,2023-09-15,301106.SZ,2400,2400,36.548838,41.8592,12744.8688,58
20260816_125007_bb495b,2023-09-15,601985.SH,10900,10900,8.553521,8.69505,1542.6661,50
20260816_125007_bb495b,2023-09-15,601952.SH,4800,4800,18.147941,17.68248,-2234.2128,49
20260816_125007_bb495b,2023-09-15,601002.SH,15600,15600,5.663071,5.4544,-3255.2676,49
20260816_125007_bb495b,2023-09-15,603316.SH,9800,9800,8.962391,8.643,-3130.0318,49
20260816_125007_bb495b,2023-09-15,600493.SH,5600,5600,15.651354,15.65844,39.6816,49
20260816_125007_bb495b,2023-09-15,000791.SZ,4300,4300,22.118599,21.8568,-1125.7357,48
20260816_125007_bb495b,2023-09-15,600693.SH,2100,2100,44.223671,42.35914,-3915.5151,41
20260816_125007_bb495b,2023-09-15,600177.SH,200,200,337.195953,334.8961,-459.9706,34
20260816_125007_bb495b,2023-09-15,603980.SH,12700,12700,7.658113,7.63174,-334.9371,34
20260816_125007_bb495b,2023-09-15,600327.SH,1100,1100,86.789503,85.61319,-1293.9443,5
20260816_125007_bb495b,2023-09-15,600810.SH,2600,2600,37.048813,36.51245,-1394.5438,4
20260816_125007_bb495b,2023-09-18,301106.SZ,2400,2400,36.548838,41.8901,12819.0288,59
20260816_125007_bb495b,2023-09-18,601985.SH,10900,10900,8.553521,8.7542,2187.4011,51
20260816_125007_bb495b,2023-09-18,601952.SH,4800,4800,18.147941,17.81532,-1596.5808,50
20260816_125007_bb495b,2023-09-18,601002.SH,15600,15600,5.663071,5.4656,-3080.5476,50
20260816_125007_bb495b,2023-09-18,603316.SH,9800,9800,8.962391,8.8306,-1291.5518,50
20260816_125007_bb495b,2023-09-18,600493.SH,5600,5600,15.651354,16.16441,2873.1136,50
20260816_125007_bb495b,2023-09-18,000791.SZ,4300,4300,22.118599,21.93486,-790.0777,49
20260816_125007_bb495b,2023-09-18,600693.SH,2100,2100,44.223671,43.10415,-2350.9941,42
20260816_125007_bb495b,2023-09-18,600177.SH,200,200,337.195953,338.184,197.6094,35
20260816_125007_bb495b,2023-09-18,603980.SH,12700,12700,7.658113,7.69898,519.0109,35
20260816_125007_bb495b,2023-09-18,600327.SH,1100,1100,86.789503,85.79118,-1098.1553,6
20260816_125007_bb495b,2023-09-18,600810.SH,2600,2600,37.048813,36.12037,-2413.9518,5
20260816_125007_bb495b,2023-09-19,301106.SZ,2400,2400,36.548838,41.3854,11607.7488,60
20260816_125007_bb495b,2023-09-19,601985.SH,10900,10900,8.553521,8.80152,2703.1891,52
20260816_125007_bb495b,2023-09-19,601952.SH,4800,4800,18.147941,17.83008,-1525.7328,51
20260816_125007_bb495b,2023-09-19,601002.SH,15600,15600,5.663071,5.4768,-2905.8276,51
20260816_125007_bb495b,2023-09-19,603316.SH,9800,9800,8.962391,8.71,-2473.4318,51
20260816_125007_bb495b,2023-09-19,600493.SH,5600,5600,15.651354,16.05789,2276.6016,51
20260816_125007_bb495b,2023-09-19,000791.SZ,4300,4300,22.118599,22.01292,-454.4197,50
20260816_125007_bb495b,2023-09-19,600693.SH,2100,2100,44.223671,42.89129,-2798.0001,43
20260816_125007_bb495b,2023-09-19,600177.SH,200,200,337.195953,337.7143,103.6694,36
20260816_125007_bb495b,2023-09-19,603980.SH,12700,12700,7.658113,7.64855,-121.4501,36
20260816_125007_bb495b,2023-09-19,600327.SH,1100,1100,86.789503,85.96917,-902.3663,7
20260816_125007_bb495b,2023-09-19,600810.SH,2600,2600,37.048813,35.92433,-2923.6558,6
20260816_125007_bb495b,2023-09-20,601985.SH,10900,10900,8.553521,8.70688,1671.6131,53
20260816_125007_bb495b,2023-09-20,601952.SH,4800,4800,18.147941,17.84484,-1454.8848,52
20260816_125007_bb495b,2023-09-20,601002.SH,15600,15600,5.663071,5.4208,-3779.4276,52
20260816_125007_bb495b,2023-09-20,603316.SH,9800,9800,8.962391,8.5894,-3655.3118,52
20260816_125007_bb495b,2023-09-20,600493.SH,5600,5600,15.651354,16.08452,2425.7296,52
20260816_125007_bb495b,2023-09-20,000791.SZ,4300,4300,22.118599,22.01292,-454.4197,51
20260816_125007_bb495b,2023-09-20,600693.SH,2100,2100,44.223671,42.572,-3468.5091,44
20260816_125007_bb495b,2023-09-20,600177.SH,200,200,337.195953,338.184,197.6094,37
20260816_125007_bb495b,2023-09-20,603980.SH,12700,12700,7.658113,7.58131,-975.3981,37
20260816_125007_bb495b,2023-09-20,600327.SH,1100,1100,86.789503,85.61319,-1293.9443,8
20260816_125007_bb495b,2023-09-20,600810.SH,2600,2600,37.048813,36.07136,-2541.3778,7
20260816_125007_bb495b,2023-09-21,601985.SH,10900,10900,8.553521,8.70688,1671.6131,54
20260816_125007_bb495b,2023-09-21,601952.SH,4800,4800,18.147941,17.57916,-2730.1488,53
20260816_125007_bb495b,2023-09-21,601002.SH,15600,15600,5.663071,5.4208,-3779.4276,53
20260816_125007_bb495b,2023-09-21,603316.SH,9800,9800,8.962391,8.6162,-3392.6718,53
20260816_125007_bb495b,2023-09-21,600493.SH,5600,5600,15.651354,15.89811,1381.8336,53
20260816_125007_bb495b,2023-09-21,000791.SZ,4300,4300,22.118599,21.77874,-1461.3937,52
20260816_125007_bb495b,2023-09-21,600693.SH,2100,2100,44.223671,42.35914,-3915.5151,45
20260816_125007_bb495b,2023-09-21,600177.SH,200,200,337.195953,335.3658,-366.0306,38
20260816_125007_bb495b,2023-09-21,603980.SH,12700,12700,7.658113,7.58131,-975.3981,38
20260816_125007_bb495b,2023-09-21,600327.SH,1100,1100,86.789503,85.07922,-1881.3113,9
20260816_125007_bb495b,2023-09-21,600810.SH,2600,2600,37.048813,36.02235,-2668.8038,8
20260816_125007_bb495b,2023-09-21,000895.SZ,100,0,708.237418,690.02484,-1821.2578,1
20260816_125007_bb495b,2023-09-22,601985.SH,10900,10900,8.553521,8.61224,640.0371,55
20260816_125007_bb495b,2023-09-22,601952.SH,4800,4800,18.147941,17.53488,-2942.6928,54
20260816_125007_bb495b,2023-09-22,601002.SH,15600,15600,5.663071,5.4768,-2905.8276,54
20260816_125007_bb495b,2023-09-22,603316.SH,9800,9800,8.962391,8.8574,-1028.9118,54
20260816_125007_bb495b,2023-09-22,600493.SH,5600,5600,15.651354,16.11115,2574.8576,54
20260816_125007_bb495b,2023-09-22,000791.SZ,4300,4300,22.118599,21.70068,-1797.0517,53
20260816_125007_bb495b,2023-09-22,600693.SH,2100,2100,44.223671,42.78486,-3021.5031,46
20260816_125007_bb495b,2023-09-22,600177.SH,200,200,337.195953,337.7143,103.6694,39
20260816_125007_bb495b,2023-09-22,603980.SH,12700,12700,7.658113,7.64855,-121.4501,39
20260816_125007_bb495b,2023-09-22,600327.SH,1100,1100,86.789503,85.61319,-1293.9443,10
20260816_125007_bb495b,2023-09-22,600810.SH,2600,2600,37.048813,36.07136,-2541.3778,9
20260816_125007_bb495b,2023-09-22,000895.SZ,100,100,708.237418,690.80073,-1743.6688,2
20260816_125007_bb495b,2023-09-25,601985.SH,10900,10900,8.553521,8.65956,1155.8251,56
20260816_125007_bb495b,2023-09-25,601952.SH,4800,4800,18.147941,17.46108,-3296.9328,55
20260816_125007_bb495b,2023-09-25,601002.SH,15600,15600,5.663071,5.4656,-3080.5476,55
20260816_125007_bb495b,2023-09-25,603316.SH,9800,9800,8.962391,8.4822,-4705.8718,55
20260816_125007_bb495b,2023-09-25,600493.SH,5600,5600,15.651354,15.95137,1680.0896,55
20260816_125007_bb495b,2023-09-25,000791.SZ,4300,4300,22.118599,21.62262,-2132.7097,54
20260816_125007_bb495b,2023-09-25,600693.SH,2100,2100,44.223671,42.572,-3468.5091,47
20260816_125007_bb495b,2023-09-25,600177.SH,200,200,337.195953,335.8355,-272.0906,40
20260816_125007_bb495b,2023-09-25,603980.SH,12700,12700,7.658113,7.59812,-761.9111,40
20260816_125007_bb495b,2023-09-25,600327.SH,1100,1100,86.789503,85.79118,-1098.1553,11
20260816_125007_bb495b,2023-09-25,600810.SH,2600,2600,37.048813,36.16938,-2286.5258,10
20260816_125007_bb495b,2023-09-25,000895.SZ,100,100,708.237418,687.9558,-2028.1618,3
20260816_125007_bb495b,2023-09-26,601985.SH,10900,10900,8.553521,8.65956,1155.8251,57
20260816_125007_bb495b,2023-09-26,601952.SH,4800,4800,18.147941,17.35776,-3792.8688,56
20260816_125007_bb495b,2023-09-26,601002.SH,15600,15600,5.663071,5.4656,-3080.5476,56
20260816_125007_bb495b,2023-09-26,603316.SH,9800,9800,8.962391,8.4956,-4574.5518,56
20260816_125007_bb495b,2023-09-26,600493.SH,5600,5600,15.651354,15.73833,487.0656,56
20260816_125007_bb495b,2023-09-26,000791.SZ,4300,4300,22.118599,21.58359,-2300.5387,55
20260816_125007_bb495b,2023-09-26,600693.SH,2100,2100,44.223671,42.46557,-3692.0121,48
20260816_125007_bb495b,2023-09-26,600177.SH,200,200,337.195953,334.8961,-459.9706,41
20260816_125007_bb495b,2023-09-26,603980.SH,12700,12700,7.658113,7.54769,-1402.3721,41
20260816_125007_bb495b,2023-09-26,600327.SH,1100,1100,86.789503,85.4352,-1489.7333,12
20260816_125007_bb495b,2023-09-26,600810.SH,2600,2600,37.048813,36.07136,-2541.3778,11
20260816_125007_bb495b,2023-09-26,000895.SZ,100,100,708.237418,685.11087,-2312.6548,4
20260816_125007_bb495b,2023-09-27,601985.SH,10900,10900,8.553521,8.64773,1026.8781,58
20260816_125007_bb495b,2023-09-27,601952.SH,4800,4800,18.147941,17.343,-3863.7168,57
20260816_125007_bb495b,2023-09-27,601002.SH,15600,15600,5.663071,5.4656,-3080.5476,57
20260816_125007_bb495b,2023-09-27,603316.SH,9800,9800,8.962391,8.71,-2473.4318,57
20260816_125007_bb495b,2023-09-27,600493.SH,5600,5600,15.651354,15.87148,1232.7056,57
20260816_125007_bb495b,2023-09-27,000791.SZ,4300,4300,22.118599,21.93486,-790.0777,56
20260816_125007_bb495b,2023-09-27,600693.SH,2100,2100,44.223671,42.78486,-3021.5031,49
20260816_125007_bb495b,2023-09-27,600177.SH,200,200,337.195953,332.5476,-929.6706,42
20260816_125007_bb495b,2023-09-27,603980.SH,12700,12700,7.658113,7.5645,-1188.8851,42
20260816_125007_bb495b,2023-09-27,600327.SH,1100,1100,86.789503,85.79118,-1098.1553,13
20260816_125007_bb495b,2023-09-27,600810.SH,2600,2600,37.048813,36.65948,-1012.2658,12
20260816_125007_bb495b,2023-09-27,000895.SZ,100,100,708.237418,688.73169,-1950.5728,5
20260816_125007_bb495b,2023-09-28,601985.SH,10900,10900,8.553521,8.6359,897.9311,59
20260816_125007_bb495b,2023-09-28,601952.SH,4800,4800,18.147941,15.80796,-11231.9088,58
20260816_125007_bb495b,2023-09-28,601002.SH,15600,15600,5.663071,5.5104,-2381.6676,58
20260816_125007_bb495b,2023-09-28,603316.SH,9800,9800,8.962391,8.4152,-5362.4718,58
20260816_125007_bb495b,2023-09-28,600493.SH,5600,5600,15.651354,16.16441,2873.1136,58
20260816_125007_bb495b,2023-09-28,000791.SZ,4300,4300,22.118599,21.70068,-1797.0517,57
20260816_125007_bb495b,2023-09-28,600693.SH,2100,2100,44.223671,42.89129,-2798.0001,50
20260816_125007_bb495b,2023-09-28,600177.SH,200,200,337.195953,333.9567,-647.8506,43
20260816_125007_bb495b,2023-09-28,603980.SH,12700,12700,7.658113,7.59812,-761.9111,43
20260816_125007_bb495b,2023-09-28,600327.SH,1100,1100,86.789503,85.4352,-1489.7333,14
20260816_125007_bb495b,2023-09-28,600810.SH,2600,2600,37.048813,36.65948,-1012.2658,13
20260816_125007_bb495b,2023-09-28,000895.SZ,100,100,708.237418,682.52457,-2571.2848,6
20260816_125007_bb495b,2023-10-09,601985.SH,10900,10900,8.553521,8.70688,1671.6131,60
20260816_125007_bb495b,2023-10-09,601002.SH,15600,15600,5.663071,5.4992,-2556.3876,59
20260816_125007_bb495b,2023-10-09,603316.SH,9800,9800,8.962391,8.3214,-6281.7118,59
20260816_125007_bb495b,2023-10-09,600493.SH,5600,5600,15.651354,15.63181,-109.4464,59
20260816_125007_bb495b,2023-10-09,000791.SZ,4300,4300,22.118599,21.77874,-1461.3937,58
20260816_125007_bb495b,2023-10-09,600693.SH,2100,2100,44.223671,42.14628,-4362.5211,51
20260816_125007_bb495b,2023-10-09,600177.SH,200,200,337.195953,329.2597,-1587.2506,44
20260816_125007_bb495b,2023-10-09,603980.SH,12700,12700,7.658113,7.54769,-1402.3721,44
20260816_125007_bb495b,2023-10-09,600327.SH,1100,1100,86.789503,85.07922,-1881.3113,15
20260816_125007_bb495b,2023-10-09,600810.SH,2600,2600,37.048813,37.14958,261.9942,14
20260816_125007_bb495b,2023-10-09,000895.SZ,100,100,708.237418,685.3695,-2286.7918,7
20260816_125007_bb495b,2023-10-10,601002.SH,15600,15600,5.663071,5.4208,-3779.4276,60
20260816_125007_bb495b,2023-10-10,603316.SH,9800,9800,8.962391,8.375,-5756.4318,60
20260816_125007_bb495b,2023-10-10,600493.SH,5600,5600,15.651354,15.52529,-705.9584,60
20260816_125007_bb495b,2023-10-10,000791.SZ,4300,4300,22.118599,22.09098,-118.7617,59
20260816_125007_bb495b,2023-10-10,600693.SH,2100,2100,44.223671,41.93342,-4809.5271,52
20260816_125007_bb495b,2023-10-10,600177.SH,200,200,337.195953,329.7294,-1493.3106,45
20260816_125007_bb495b,2023-10-10,603980.SH,12700,12700,7.658113,7.48045,-2256.3201,45
20260816_125007_bb495b,2023-10-10,600327.SH,1100,1100,86.789503,85.25721,-1685.5223,16
20260816_125007_bb495b,2023-10-10,600810.SH,2600,2600,37.048813,36.85552,-502.5618,15
20260816_125007_bb495b,2023-10-10,000895.SZ,100,100,708.237418,682.52457,-2571.2848,8
20260816_125007_bb495b,2023-10-10,600742.SH,500,0,188.153345,184.8344,-1659.4725,1
20260816_125007_bb495b,2023-10-11,000791.SZ,4300,4300,22.118599,21.42747,-2971.8547,60
20260816_125007_bb495b,2023-10-11,600693.SH,2100,2100,44.223671,41.82699,-5033.0301,53
20260816_125007_bb495b,2023-10-11,600177.SH,200,200,337.195953,330.1991,-1399.3706,46
20260816_125007_bb495b,2023-10-11,603980.SH,12700,12700,7.658113,7.49726,-2042.8331,46
20260816_125007_bb495b,2023-10-11,600327.SH,1100,1100,86.789503,85.25721,-1685.5223,17
20260816_125007_bb495b,2023-10-11,600810.SH,2600,2600,37.048813,36.95354,-247.7098,16
20260816_125007_bb495b,2023-10-11,000895.SZ,100,100,708.237418,681.23142,-2700.5998,9
20260816_125007_bb495b,2023-10-11,600742.SH,500,500,188.153345,185.8624,-1145.4725,2
20260816_125007_bb495b,2023-10-11,002322.SZ,1700,0,56.6436,58.16286,2582.742,1
20260816_125007_bb495b,2023-10-12,600693.SH,2100,2100,44.223671,42.03985,-4586.0241,54
20260816_125007_bb495b,2023-10-12,600177.SH,200,200,337.195953,329.7294,-1493.3106,47
20260816_125007_bb495b,2023-10-12,603980.SH,12700,12700,7.658113,7.51407,-1829.3461,47
20260816_125007_bb495b,2023-10-12,600327.SH,1100,1100,86.789503,86.14716,-706.5773,18
20260816_125007_bb495b,2023-10-12,600810.SH,2600,2600,37.048813,38.17879,2937.9402,17
20260816_125007_bb495b,2023-10-12,000895.SZ,100,100,708.237418,682.00731,-2623.0108,10
20260816_125007_bb495b,2023-10-12,600742.SH,500,500,188.153345,190.7968,1321.7275,3
20260816_125007_bb495b,2023-10-12,002322.SZ,1700,1700,56.6436,57.08577,751.689,2
20260816_125007_bb495b,2023-10-12,603718.SH,3600,0,26.604912,26.68854,301.0608,1
20260816_125007_bb495b,2023-10-12,603386.SH,5100,0,18.830874,18.46075,-1887.6324,1
20260816_125007_bb495b,2023-10-12,300433.SZ,1200,0,77.734296,77.98721,303.4968,1
20260816_125007_bb495b,2023-10-13,600693.SH,2100,2100,44.223671,41.5077,-5703.5391,55
20260816_125007_bb495b,2023-10-13,600177.SH,200,200,337.195953,331.1385,-1211.4906,48
20260816_125007_bb495b,2023-10-13,603980.SH,12700,12700,7.658113,7.44683,-2683.2941,48
20260816_125007_bb495b,2023-10-13,600327.SH,1100,1100,86.789503,86.32515,-510.7883,19
20260816_125007_bb495b,2023-10-13,600810.SH,2600,2600,37.048813,37.93374,2300.8102,18
20260816_125007_bb495b,2023-10-13,000895.SZ,100,100,708.237418,676.05882,-3217.8598,11
20260816_125007_bb495b,2023-10-13,600742.SH,500,500,188.153345,195.5256,3686.1275,4
20260816_125007_bb495b,2023-10-13,002322.SZ,1700,1700,56.6436,57.08577,751.689,3
20260816_125007_bb495b,2023-10-13,603718.SH,3600,3600,26.604912,27.08583,1731.3048,2
20260816_125007_bb495b,2023-10-13,603386.SH,5100,5100,18.830874,18.71694,-581.0634,2
20260816_125007_bb495b,2023-10-13,300433.SZ,1200,1200,77.734296,79.79544,2473.3728,2
20260816_125007_bb495b,2023-10-13,601077.SH,18500,0,5.260229,5.34249,1521.8285,1
20260816_125007_bb495b,2023-10-16,600693.SH,2100,2100,44.223671,41.5077,-5703.5391,56
20260816_125007_bb495b,2023-10-16,600177.SH,200,200,337.195953,331.1385,-1211.4906,49
20260816_125007_bb495b,2023-10-16,603980.SH,12700,12700,7.658113,7.46364,-2469.8071,49
20260816_125007_bb495b,2023-10-16,600327.SH,1100,1100,86.789503,87.03711,272.3677,20
20260816_125007_bb495b,2023-10-16,600810.SH,2600,2600,37.048813,38.37483,3447.6442,19
20260816_125007_bb495b,2023-10-16,000895.SZ,100,100,708.237418,673.73115,-3450.6268,12
20260816_125007_bb495b,2023-10-16,600742.SH,500,500,188.153345,193.0584,2452.5275,5
20260816_125007_bb495b,2023-10-16,002322.SZ,1700,1700,56.6436,55.59836,-1776.908,4
20260816_125007_bb495b,2023-10-16,603718.SH,3600,3600,26.604912,27.17931,2067.8328,3
20260816_125007_bb495b,2023-10-16,603386.SH,5100,5100,18.830874,18.49089,-1733.9184,3
20260816_125007_bb495b,2023-10-16,300433.SZ,1200,1200,77.734296,79.38713,1983.4008,3
20260816_125007_bb495b,2023-10-16,601077.SH,18500,18500,5.260229,5.40594,2695.6535,2
20260816_125007_bb495b,2023-10-17,600693.SH,2100,2100,44.223671,41.08198,-6597.5511,57
20260816_125007_bb495b,2023-10-17,600177.SH,200,200,337.195953,332.0779,-1023.6106,50
20260816_125007_bb495b,2023-10-17,603980.SH,12700,12700,7.658113,7.46364,-2469.8071,50
20260816_125007_bb495b,2023-10-17,600327.SH,1100,1100,86.789503,86.68113,-119.2103,21
20260816_125007_bb495b,2023-10-17,600810.SH,2600,2600,37.048813,38.57087,3957.3482,20
20260816_125007_bb495b,2023-10-17,000895.SZ,100,100,708.237418,675.0243,-3321.3118,13
20260816_125007_bb495b,2023-10-17,600742.SH,500,500,188.153345,187.5072,-323.0725,6
20260816_125007_bb495b,2023-10-17,002322.SZ,1700,1700,56.6436,56.67545,54.145,5
20260816_125007_bb495b,2023-10-17,603718.SH,3600,3600,26.604912,27.1092,1815.4368,4
20260816_125007_bb495b,2023-10-17,603386.SH,5100,5100,18.830874,18.47582,-1810.7754,4
20260816_125007_bb495b,2023-10-17,300433.SZ,1200,1200,77.734296,79.56212,2193.3888,4
20260816_125007_bb495b,2023-10-17,601077.SH,18500,18500,5.260229,5.48208,4104.2435,3
20260816_125007_bb495b,2023-10-18,600693.SH,2100,2100,44.223671,40.54983,-7715.0661,58
20260816_125007_bb495b,2023-10-18,600177.SH,200,200,337.195953,332.0779,-1023.6106,51
20260816_125007_bb495b,2023-10-18,603980.SH,12700,12700,7.658113,7.31235,-4391.1901,51
20260816_125007_bb495b,2023-10-18,600327.SH,1100,1100,86.789503,85.79118,-1098.1553,22
20260816_125007_bb495b,2023-10-18,600810.SH,2600,2600,37.048813,38.12978,2810.5142,21
20260816_125007_bb495b,2023-10-18,000895.SZ,100,100,708.237418,669.8517,-3838.5718,14
20260816_125007_bb495b,2023-10-18,600742.SH,500,500,188.153345,184.8344,-1659.4725,7
20260816_125007_bb495b,2023-10-18,002322.SZ,1700,1700,56.6436,56.36771,-469.013,6
20260816_125007_bb495b,2023-10-18,603718.SH,3600,3600,26.604912,26.33799,-960.9192,5
20260816_125007_bb495b,2023-10-18,603386.SH,5100,5100,18.830874,18.20456,-3194.2014,5
20260816_125007_bb495b,2023-10-18,300433.SZ,1200,1200,77.734296,79.27047,1843.4088,5
20260816_125007_bb495b,2023-10-18,601077.SH,18500,18500,5.260229,5.44401,3399.9485,4
20260816_125007_bb495b,2023-10-19,600693.SH,2100,2100,44.223671,40.23054,-8385.5751,59
20260816_125007_bb495b,2023-10-19,600177.SH,200,200,337.195953,328.79,-1681.1906,52
20260816_125007_bb495b,2023-10-19,603980.SH,12700,12700,7.658113,7.29554,-4604.6771,52
20260816_125007_bb495b,2023-10-19,600327.SH,1100,1100,86.789503,85.25721,-1685.5223,23
20260816_125007_bb495b,2023-10-19,600810.SH,2600,2600,37.048813,37.7377,1791.1062,22
20260816_125007_bb495b,2023-10-19,000895.SZ,100,100,708.237418,654.3339,-5390.3518,15
20260816_125007_bb495b,2023-10-19,600742.SH,500,500,188.153345,181.1336,-3509.8725,8
20260816_125007_bb495b,2023-10-19,002322.SZ,1700,1700,56.6436,55.9061,-1253.75,7
20260816_125007_bb495b,2023-10-19,603718.SH,3600,3600,26.604912,25.30971,-4662.7272,6
20260816_125007_bb495b,2023-10-19,603386.SH,5100,5100,18.830874,18.27991,-2809.9164,6
20260816_125007_bb495b,2023-10-19,300433.SZ,1200,1200,77.734296,74.37075,-4036.2552,6
20260816_125007_bb495b,2023-10-19,601077.SH,18500,18500,5.260229,5.26635,113.2385,5
20260816_125007_bb495b,2023-10-20,600693.SH,2100,2100,44.223671,40.23054,-8385.5751,60
20260816_125007_bb495b,2023-10-20,600177.SH,200,200,337.195953,325.9718,-2244.8306,53
20260816_125007_bb495b,2023-10-20,603980.SH,12700,12700,7.658113,7.27873,-4818.1641,53
20260816_125007_bb495b,2023-10-20,600327.SH,1100,1100,86.789503,84.90123,-2077.1003,24
20260816_125007_bb495b,2023-10-20,600810.SH,2600,2600,37.048813,37.83572,2045.9582,23
20260816_125007_bb495b,2023-10-20,000895.SZ,100,100,708.237418,649.1613,-5907.6118,16
20260816_125007_bb495b,2023-10-20,600742.SH,500,500,188.153345,182.3672,-2893.0725,9
20260816_125007_bb495b,2023-10-20,002322.SZ,1700,1700,56.6436,56.21384,-730.592,8
20260816_125007_bb495b,2023-10-20,603718.SH,3600,3600,26.604912,24.49176,-7607.3472,7
20260816_125007_bb495b,2023-10-20,603386.SH,5100,5100,18.830874,18.06893,-3885.9144,7
20260816_125007_bb495b,2023-10-20,300433.SZ,1200,1200,77.734296,73.26248,-5366.1792,7
20260816_125007_bb495b,2023-10-20,601077.SH,18500,18500,5.260229,5.31711,1052.2985,6
20260816_125007_bb495b,2023-10-23,600177.SH,200,200,337.195953,321.2748,-3184.2306,54
20260816_125007_bb495b,2023-10-23,603980.SH,12700,12700,7.658113,7.14425,-6526.0601,54
20260816_125007_bb495b,2023-10-23,600327.SH,1100,1100,86.789503,82.94334,-4230.7793,25
20260816_125007_bb495b,2023-10-23,600810.SH,2600,2600,37.048813,36.65948,-1012.2658,24
20260816_125007_bb495b,2023-10-23,000895.SZ,100,100,708.237418,653.81664,-5442.0778,17
20260816_125007_bb495b,2023-10-23,600742.SH,500,500,188.153345,179.9,-4126.6725,10
20260816_125007_bb495b,2023-10-23,002322.SZ,1700,1700,56.6436,57.4448,1362.04,9
20260816_125007_bb495b,2023-10-23,603718.SH,3600,3600,26.604912,24.35154,-8112.1392,8
20260816_125007_bb495b,2023-10-23,603386.SH,5100,5100,18.830874,17.97851,-4347.0564,8
20260816_125007_bb495b,2023-10-23,300433.SZ,1200,1200,77.734296,72.79584,-5926.1472,8
20260816_125007_bb495b,2023-10-23,601077.SH,18500,18500,5.260229,5.27904,348.0035,7
20260816_125007_bb495b,2023-10-24,600177.SH,200,200,337.195953,323.1536,-2808.4706,55
20260816_125007_bb495b,2023-10-24,603980.SH,12700,12700,7.658113,7.36278,-3750.7291,55
20260816_125007_bb495b,2023-10-24,600327.SH,1100,1100,86.789503,79.20555,-8342.3483,26
20260816_125007_bb495b,2023-10-24,600810.SH,2600,2600,37.048813,37.34562,771.6982,25
20260816_125007_bb495b,2023-10-24,000895.SZ,100,100,708.237418,654.59253,-5364.4888,18
20260816_125007_bb495b,2023-10-24,600742.SH,500,500,188.153345,183.8064,-2173.4725,11
20260816_125007_bb495b,2023-10-24,002322.SZ,1700,1700,56.6436,58.9835,3977.83,10
20260816_125007_bb495b,2023-10-24,603718.SH,3600,3600,26.604912,25.37982,-4410.3312,9
20260816_125007_bb495b,2023-10-24,603386.SH,5100,5100,18.830874,17.99358,-4270.1994,9
20260816_125007_bb495b,2023-10-24,300433.SZ,1200,1200,77.734296,71.92089,-6976.0872,9
20260816_125007_bb495b,2023-10-24,601077.SH,18500,18500,5.260229,5.29173,582.7685,8
20260816_125007_bb495b,2023-10-24,603969.SH,3900,0,23.574517,24.19524,2420.8197,1
20260816_125007_bb495b,2023-10-25,600177.SH,200,200,337.195953,322.2142,-2996.3506,56
20260816_125007_bb495b,2023-10-25,603980.SH,12700,12700,7.658113,7.49726,-2042.8331,56
20260816_125007_bb495b,2023-10-25,600327.SH,1100,1100,86.789503,80.98545,-6384.4583,27
20260816_125007_bb495b,2023-10-25,600810.SH,2600,2600,37.048813,38.12978,2810.5142,26
20260816_125007_bb495b,2023-10-25,000895.SZ,100,100,708.237418,664.6791,-4355.8318,19
20260816_125007_bb495b,2023-10-25,600742.SH,500,500,188.153345,187.096,-528.6725,12
20260816_125007_bb495b,2023-10-25,002322.SZ,1700,1700,56.6436,58.41931,3018.707,11
20260816_125007_bb495b,2023-10-25,603718.SH,3600,3600,26.604912,25.2396,-4915.1232,10
20260816_125007_bb495b,2023-10-25,603386.SH,5100,5100,18.830874,17.82781,-5115.6264,10
20260816_125007_bb495b,2023-10-25,300433.SZ,1200,1200,77.734296,72.85417,-5856.1512,10
20260816_125007_bb495b,2023-10-25,601077.SH,18500,18500,5.260229,5.27904,348.0035,9
20260816_125007_bb495b,2023-10-25,603969.SH,3900,3900,23.574517,24.56676,3869.7477,2
20260816_125007_bb495b,2023-10-26,600177.SH,200,200,337.195953,324.5627,-2526.6506,57
20260816_125007_bb495b,2023-10-26,603980.SH,12700,12700,7.658113,7.51407,-1829.3461,57
20260816_125007_bb495b,2023-10-26,600327.SH,1100,1100,86.789503,81.34143,-5992.8803,28
20260816_125007_bb495b,2023-10-26,600810.SH,2600,2600,37.048813,38.03176,2555.6622,27
20260816_125007_bb495b,2023-10-26,000895.SZ,100,100,708.237418,671.14485,-3709.2568,20
20260816_125007_bb495b,2023-10-26,600742.SH,500,500,188.153345,188.7408,293.7275,13
20260816_125007_bb495b,2023-10-26,002322.SZ,1700,1700,56.6436,60.98381,7378.357,12
20260816_125007_bb495b,2023-10-26,603718.SH,3600,3600,26.604912,25.42656,-4242.0672,11
20260816_125007_bb495b,2023-10-26,603386.SH,5100,5100,18.830874,17.96344,-4423.9134,11
20260816_125007_bb495b,2023-10-26,300433.SZ,1200,1200,77.734296,75.30403,-2916.3192,11
20260816_125007_bb495b,2023-10-26,601077.SH,18500,18500,5.260229,5.31711,1052.2985,10
20260816_125007_bb495b,2023-10-26,603969.SH,3900,3900,23.574517,24.75252,4594.2117,3
20260816_125007_bb495b,2023-10-27,600177.SH,200,200,337.195953,324.5627,-2526.6506,58
20260816_125007_bb495b,2023-10-27,603980.SH,12700,12700,7.658113,7.64855,-121.4501,58
20260816_125007_bb495b,2023-10-27,600327.SH,1100,1100,86.789503,82.94334,-4230.7793,29
20260816_125007_bb495b,2023-10-27,600810.SH,2600,2600,37.048813,38.61988,4084.7742,28
20260816_125007_bb495b,2023-10-27,000895.SZ,100,100,708.237418,678.90375,-2933.3668,21
20260816_125007_bb495b,2023-10-27,600742.SH,500,500,188.153345,191.208,1527.3275,14
20260816_125007_bb495b,2023-10-27,002322.SZ,1700,1700,56.6436,59.39382,4675.374,13
20260816_125007_bb495b,2023-10-27,603718.SH,3600,3600,26.604912,26.22114,-1381.5792,12
20260816_125007_bb495b,2023-10-27,603386.SH,5100,5100,18.830874,18.21963,-3117.3444,12
20260816_125007_bb495b,2023-10-27,300433.SZ,1200,1200,77.734296,74.54574,-3826.2672,12
20260816_125007_bb495b,2023-10-27,601077.SH,18500,18500,5.260229,5.31711,1052.2985,11
20260816_125007_bb495b,2023-10-27,603969.SH,3900,3900,23.574517,25.0776,5862.0237,4
20260816_125007_bb495b,2023-10-30,600177.SH,200,200,337.195953,321.2748,-3184.2306,59
20260816_125007_bb495b,2023-10-30,603980.SH,12700,12700,7.658113,7.74941,1159.4719,59
20260816_125007_bb495b,2023-10-30,600327.SH,1100,1100,86.789503,83.47731,-3643.4123,30
20260816_125007_bb495b,2023-10-30,600810.SH,2600,2600,37.048813,38.47285,3702.4962,29
20260816_125007_bb495b,2023-10-30,000895.SZ,100,100,708.237418,675.28293,-3295.4488,22
20260816_125007_bb495b,2023-10-30,600742.SH,500,500,188.153345,194.292,3069.3275,15
20260816_125007_bb495b,2023-10-30,002322.SZ,1700,1700,56.6436,61.0351,7465.55,14
20260816_125007_bb495b,2023-10-30,603718.SH,3600,3600,26.604912,27.31953,2572.6248,13
20260816_125007_bb495b,2023-10-30,603386.SH,5100,5100,18.830874,18.65666,-888.4914,13
20260816_125007_bb495b,2023-10-30,300433.SZ,1200,1200,77.734296,76.93727,-956.4312,13
20260816_125007_bb495b,2023-10-30,601077.SH,18500,18500,5.260229,5.29173,582.7685,12
20260816_125007_bb495b,2023-10-30,603969.SH,3900,3900,23.574517,25.49556,7492.0677,5
20260816_125007_bb495b,2023-10-31,600177.SH,200,200,337.195953,317.0475,-4029.6906,60
20260816_125007_bb495b,2023-10-31,603980.SH,12700,12700,7.658113,7.78303,1586.4459,60
20260816_125007_bb495b,2023-10-31,600327.SH,1100,1100,86.789503,83.83329,-3251.8343,31
20260816_125007_bb495b,2023-10-31,600810.SH,2600,2600,37.048813,38.47285,3702.4962,30
20260816_125007_bb495b,2023-10-31,000895.SZ,100,100,708.237418,677.86923,-3036.8188,23
20260816_125007_bb495b,2023-10-31,600742.SH,500,500,188.153345,189.152,499.3275,16
20260816_125007_bb495b,2023-10-31,002322.SZ,1700,1700,56.6436,64.36895,13133.095,15
20260816_125007_bb495b,2023-10-31,603718.SH,3600,3600,26.604912,26.19777,-1465.7112,14
20260816_125007_bb495b,2023-10-31,603386.SH,5100,5100,18.830874,18.61145,-1119.0624,14
20260816_125007_bb495b,2023-10-31,300433.SZ,1200,1200,77.734296,76.17898,-1866.3792,14
20260816_125007_bb495b,2023-10-31,601077.SH,18500,18500,5.260229,5.39325,2460.8885,13
20260816_125007_bb495b,2023-10-31,603969.SH,3900,3900,23.574517,25.0776,5862.0237,6
20260816_125007_bb495b,2023-11-01,600327.SH,1100,1100,86.789503,84.90123,-2077.1003,32
20260816_125007_bb495b,2023-11-01,600810.SH,2600,2600,37.048813,38.86493,4721.9042,31
20260816_125007_bb495b,2023-11-01,000895.SZ,100,100,708.237418,681.49005,-2674.7368,24
20260816_125007_bb495b,2023-11-01,600742.SH,500,500,188.153345,190.3856,1116.1275,17
20260816_125007_bb495b,2023-11-01,002322.SZ,1700,1700,56.6436,64.1125,12697.13,16
20260816_125007_bb495b,2023-11-01,603718.SH,3600,3600,26.604912,26.45484,-540.2592,15
20260816_125007_bb495b,2023-11-01,603386.SH,5100,5100,18.830874,18.77722,-273.6354,15
20260816_125007_bb495b,2023-11-01,300433.SZ,1200,1200,77.734296,77.34558,-466.4592,15
20260816_125007_bb495b,2023-11-01,601077.SH,18500,18500,5.260229,5.3298,1287.0635,14
20260816_125007_bb495b,2023-11-01,603969.SH,3900,3900,23.574517,25.0776,5862.0237,7
20260816_125007_bb495b,2023-11-02,600327.SH,1100,1100,86.789503,85.61319,-1293.9443,33
20260816_125007_bb495b,2023-11-02,600810.SH,2600,2600,37.048813,38.37483,3447.6442,32
20260816_125007_bb495b,2023-11-02,000895.SZ,100,100,708.237418,681.49005,-2674.7368,25
20260816_125007_bb495b,2023-11-02,600742.SH,500,500,188.153345,189.152,499.3275,18
20260816_125007_bb495b,2023-11-02,002322.SZ,1700,1700,56.6436,64.16379,12784.323,17
20260816_125007_bb495b,2023-11-02,603718.SH,3600,3600,26.604912,26.24451,-1297.4472,16
20260816_125007_bb495b,2023-11-02,603386.SH,5100,5100,18.830874,18.59638,-1195.9194,16
20260816_125007_bb495b,2023-11-02,300433.SZ,1200,1200,77.734296,76.4123,-1586.3952,16
20260816_125007_bb495b,2023-11-02,601077.SH,18500,18500,5.260229,5.29173,582.7685,15
20260816_125007_bb495b,2023-11-02,603969.SH,3900,3900,23.574517,25.12404,6043.1397,8
20260816_125007_bb495b,2023-11-02,603980.SH,12600,0,7.809592,7.88389,936.1548,1
20260816_125007_bb495b,2023-11-02,600025.SH,10600,0,9.28206,9.29421,128.79,1
20260816_125007_bb495b,2023-11-03,600327.SH,1100,1100,86.789503,85.07922,-1881.3113,34
20260816_125007_bb495b,2023-11-03,600810.SH,2600,2600,37.048813,38.66889,4212.2002,33
20260816_125007_bb495b,2023-11-03,000895.SZ,100,100,708.237418,680.45553,-2778.1888,26
20260816_125007_bb495b,2023-11-03,600742.SH,500,500,188.153345,189.5632,704.9275,19
20260816_125007_bb495b,2023-11-03,002322.SZ,1700,1700,56.6436,63.54831,11738.007,18
20260816_125007_bb495b,2023-11-03,603718.SH,3600,3600,26.604912,26.54832,-203.7312,17
20260816_125007_bb495b,2023-11-03,603386.SH,5100,5100,18.830874,18.82243,-43.0644,17
20260816_125007_bb495b,2023-11-03,300433.SZ,1200,1200,77.734296,78.22053,583.4808,17
20260816_125007_bb495b,2023-11-03,601077.SH,18500,18500,5.260229,5.24097,-356.2915,16
20260816_125007_bb495b,2023-11-03,603969.SH,3900,3900,23.574517,25.68132,8216.5317,9
20260816_125007_bb495b,2023-11-03,603980.SH,12600,12600,7.809592,7.88389,936.1548,2
20260816_125007_bb495b,2023-11-03,600025.SH,10600,10600,9.28206,9.2586,-248.676,2
20260816_125007_bb495b,2023-11-06,600327.SH,1100,1100,86.789503,85.96917,-902.3663,35
20260816_125007_bb495b,2023-11-06,600810.SH,2600,2600,37.048813,38.27681,3192.7922,34
20260816_125007_bb495b,2023-11-06,000895.SZ,100,100,708.237418,667.78266,-4045.4758,27
20260816_125007_bb495b,2023-11-06,600742.SH,500,500,188.153345,194.0864,2966.5275,20
20260816_125007_bb495b,2023-11-06,002322.SZ,1700,1700,56.6436,64.88185,14005.025,19
20260816_125007_bb495b,2023-11-06,603718.SH,3600,3600,26.604912,26.94561,1226.5128,18
20260816_125007_bb495b,2023-11-06,603386.SH,5100,5100,18.830874,19.38002,2800.6446,18
20260816_125007_bb495b,2023-11-06,300433.SZ,1200,1200,77.734296,82.07031,5203.2168,18
20260816_125007_bb495b,2023-11-06,601077.SH,18500,18500,5.260229,5.12676,-2469.1765,17
20260816_125007_bb495b,2023-11-06,603969.SH,3900,3900,23.574517,26.09928,9846.5757,10
20260816_125007_bb495b,2023-11-06,603980.SH,12600,12600,7.809592,7.85027,512.5428,3
20260816_125007_bb495b,2023-11-06,600025.SH,10600,10600,9.28206,9.1399,-1506.896,3
20260816_125007_bb495b,2023-11-07,600327.SH,1100,1100,86.789503,86.32515,-510.7883,36
20260816_125007_bb495b,2023-11-07,600810.SH,2600,2600,37.048813,38.61988,4084.7742,35
20260816_125007_bb495b,2023-11-07,000895.SZ,100,100,708.237418,671.66211,-3657.5308,28
20260816_125007_bb495b,2023-11-07,600742.SH,500,500,188.153345,193.0584,2452.5275,21
20260816_125007_bb495b,2023-11-07,002322.SZ,1700,1700,56.6436,67.34377,18190.289,20
20260816_125007_bb495b,2023-11-07,603718.SH,3600,3600,26.604912,26.68854,301.0608,19
20260816_125007_bb495b,2023-11-07,603386.SH,5100,5100,18.830874,19.25946,2185.7886,19
20260816_125007_bb495b,2023-11-07,300433.SZ,1200,1200,77.734296,81.42868,4433.2608,19
20260816_125007_bb495b,2023-11-07,601077.SH,18500,18500,5.260229,5.11407,-2703.9415,18
20260816_125007_bb495b,2023-11-07,603969.SH,3900,3900,23.574517,27.21384,14193.3597,11
20260816_125007_bb495b,2023-11-07,603980.SH,12600,12600,7.809592,7.93432,1571.5728,4
20260816_125007_bb495b,2023-11-07,600025.SH,10600,10600,9.28206,9.24673,-374.498,4
20260816_125007_bb495b,2023-11-08,600327.SH,1100,1100,86.789503,85.61319,-1293.9443,37
20260816_125007_bb495b,2023-11-08,600810.SH,2600,2600,37.048813,38.12978,2810.5142,36
20260816_125007_bb495b,2023-11-08,000895.SZ,100,100,708.237418,669.33444,-3890.2978,29
20260816_125007_bb495b,2023-11-08,600742.SH,500,500,188.153345,193.4696,2658.1275,22
20260816_125007_bb495b,2023-11-08,002322.SZ,1700,1700,56.6436,67.1899,17928.71,21
20260816_125007_bb495b,2023-11-08,603718.SH,3600,3600,26.604912,26.8755,974.1168,20
20260816_125007_bb495b,2023-11-08,603386.SH,5100,5100,18.830874,19.15397,1647.7896,20
20260816_125007_bb495b,2023-11-08,300433.SZ,1200,1200,77.734296,81.02037,3943.2888,20
20260816_125007_bb495b,2023-11-08,601077.SH,18500,18500,5.260229,5.076,-3408.2365,19
20260816_125007_bb495b,2023-11-08,603969.SH,3900,3900,23.574517,26.42436,11114.3877,12
20260816_125007_bb495b,2023-11-08,603980.SH,12600,12600,7.809592,7.83346,300.7368,5
20260816_125007_bb495b,2023-11-08,600025.SH,10600,10600,9.28206,9.27047,-122.854,5
20260816_125007_bb495b,2023-11-09,600327.SH,1100,1100,86.789503,84.90123,-2077.1003,38
20260816_125007_bb495b,2023-11-09,600810.SH,2600,2600,37.048813,38.17879,2937.9402,37
20260816_125007_bb495b,2023-11-09,000895.SZ,100,100,708.237418,667.2654,-4097.2018,30
20260816_125007_bb495b,2023-11-09,600742.SH,500,500,188.153345,208.0672,9956.9275,23
20260816_125007_bb495b,2023-11-09,002322.SZ,1700,1700,56.6436,64.6254,13569.06,22
20260816_125007_bb495b,2023-11-09,603718.SH,3600,3600,26.604912,26.59506,-35.4672,21
20260816_125007_bb495b,2023-11-09,603386.SH,5100,5100,18.830874,19.10876,1417.2186,21
20260816_125007_bb495b,2023-11-09,300433.SZ,1200,1200,77.734296,79.44546,2053.3968,21
20260816_125007_bb495b,2023-11-09,601077.SH,18500,18500,5.260229,5.10138,-2938.7065,20
20260816_125007_bb495b,2023-11-09,603969.SH,3900,3900,23.574517,25.86708,8940.9957,13
20260816_125007_bb495b,2023-11-09,603980.SH,12600,12600,7.809592,7.83346,300.7368,6
20260816_125007_bb495b,2023-11-09,600025.SH,10600,10600,9.28206,9.35356,757.9,6
20260816_125007_bb495b,2023-11-10,600327.SH,1100,1100,86.789503,85.4352,-1489.7333,39
20260816_125007_bb495b,2023-11-10,600810.SH,2600,2600,37.048813,38.37483,3447.6442,38
20260816_125007_bb495b,2023-11-10,000895.SZ,100,100,708.237418,664.93773,-4329.9688,31
20260816_125007_bb495b,2023-11-10,600742.SH,500,500,188.153345,199.432,5639.3275,24
20260816_125007_bb495b,2023-11-10,002322.SZ,1700,1700,56.6436,64.83056,13917.832,23
20260816_125007_bb495b,2023-11-10,603718.SH,3600,3600,26.604912,26.57169,-119.5992,22
20260816_125007_bb495b,2023-11-10,603386.SH,5100,5100,18.830874,19.24439,2108.9316,22
20260816_125007_bb495b,2023-11-10,300433.SZ,1200,1200,77.734296,80.32041,3103.3368,22
20260816_125007_bb495b,2023-11-10,601077.SH,18500,18500,5.260229,5.08869,-3173.4715,21
20260816_125007_bb495b,2023-11-10,603969.SH,3900,3900,23.574517,26.2386,10389.9237,14
20260816_125007_bb495b,2023-11-10,603980.SH,12600,12600,7.809592,7.9007,1147.9608,7
20260816_125007_bb495b,2023-11-10,600025.SH,10600,10600,9.28206,9.41291,1387.01,7
20260816_125007_bb495b,2023-11-13,600327.SH,1100,1100,86.789503,85.4352,-1489.7333,40
20260816_125007_bb495b,2023-11-13,600810.SH,2600,2600,37.048813,38.47285,3702.4962,39
20260816_125007_bb495b,2023-11-13,000895.SZ,100,100,708.237418,660.79965,-4743.7768,32
20260816_125007_bb495b,2023-11-13,600742.SH,500,500,188.153345,203.3384,7592.5275,25
20260816_125007_bb495b,2023-11-13,002322.SZ,1700,1700,56.6436,65.59991,15225.727,24
20260816_125007_bb495b,2023-11-13,603718.SH,3600,3600,26.604912,26.6418,132.7968,23
20260816_125007_bb495b,2023-11-13,603386.SH,5100,5100,18.830874,19.1389,1570.9326,23
20260816_125007_bb495b,2023-11-13,300433.SZ,1200,1200,77.734296,80.37874,3173.3328,23
20260816_125007_bb495b,2023-11-13,601077.SH,18500,18500,5.260229,5.12676,-2469.1765,22
20260816_125007_bb495b,2023-11-13,603969.SH,3900,3900,23.574517,26.0064,9484.3437,15
20260816_125007_bb495b,2023-11-13,603980.SH,12600,12600,7.809592,8.08561,3477.8268,8
20260816_125007_bb495b,2023-11-13,600025.SH,10600,10600,9.28206,9.41291,1387.01,8
20260816_125007_bb495b,2023-11-14,600327.SH,1100,1100,86.789503,86.68113,-119.2103,41
20260816_125007_bb495b,2023-11-14,600810.SH,2600,2600,37.048813,38.81592,4594.4782,40
20260816_125007_bb495b,2023-11-14,000895.SZ,100,100,708.237418,663.38595,-4485.1468,33
20260816_125007_bb495b,2023-11-14,600742.SH,500,500,188.153345,204.7776,8312.1275,26
20260816_125007_bb495b,2023-11-14,002322.SZ,1700,1700,56.6436,69.34408,21590.816,25
20260816_125007_bb495b,2023-11-14,603718.SH,3600,3600,26.604912,26.29125,-1129.1832,24
20260816_125007_bb495b,2023-11-14,603386.SH,5100,5100,18.830874,19.27453,2262.6456,24
20260816_125007_bb495b,2023-11-14,300433.SZ,1200,1200,77.734296,80.26208,3033.3408,24
20260816_125007_bb495b,2023-11-14,601077.SH,18500,18500,5.260229,5.16483,-1764.8815,23
20260816_125007_bb495b,2023-11-14,603969.SH,3900,3900,23.574517,26.2386,10389.9237,16
20260816_125007_bb495b,2023-11-14,603980.SH,12600,12600,7.809592,7.9007,1147.9608,9
20260816_125007_bb495b,2023-11-14,600025.SH,10600,10600,9.28206,9.43665,1638.654,9
20260816_125007_bb495b,2023-11-15,600327.SH,1100,1100,86.789503,87.2151,468.1567,42
20260816_125007_bb495b,2023-11-15,600810.SH,2600,2600,37.048813,38.61988,4084.7742,41
20260816_125007_bb495b,2023-11-15,000895.SZ,100,100,708.237418,666.74814,-4148.9278,34
20260816_125007_bb495b,2023-11-15,600742.SH,500,500,188.153345,208.8896,10368.1275,27
20260816_125007_bb495b,2023-11-15,002322.SZ,1700,1700,56.6436,68.26699,19759.763,26
20260816_125007_bb495b,2023-11-15,603718.SH,3600,3600,26.604912,26.31462,-1045.0512,25
20260816_125007_bb495b,2023-11-15,603386.SH,5100,5100,18.830874,19.22932,2032.0746,25
20260816_125007_bb495b,2023-11-15,300433.SZ,1200,1200,77.734296,80.43707,3243.3288,25
20260816_125007_bb495b,2023-11-15,601077.SH,18500,18500,5.260229,5.13945,-2234.4115,24
20260816_125007_bb495b,2023-11-15,603969.SH,3900,3900,23.574517,26.42436,11114.3877,17
20260816_125007_bb495b,2023-11-15,603980.SH,12600,12600,7.809592,7.95113,1783.3788,10
20260816_125007_bb495b,2023-11-15,600025.SH,10600,10600,9.28206,9.54348,2771.052,10
20260816_125007_bb495b,2023-11-16,600327.SH,1100,1100,86.789503,95.93661,10061.8177,43
20260816_125007_bb495b,2023-11-16,600810.SH,2600,2600,37.048813,38.42384,3575.0702,42
20260816_125007_bb495b,2023-11-16,000895.SZ,100,100,708.237418,662.61006,-4562.7358,35
20260816_125007_bb495b,2023-11-16,600742.SH,500,500,188.153345,211.1512,11498.9275,28
20260816_125007_bb495b,2023-11-16,002322.SZ,1700,1700,56.6436,68.26699,19759.763,27
20260816_125007_bb495b,2023-11-16,603718.SH,3600,3600,26.604912,25.98744,-2222.8992,26
20260816_125007_bb495b,2023-11-16,603386.SH,5100,5100,18.830874,19.10876,1417.2186,26
20260816_125007_bb495b,2023-11-16,300433.SZ,1200,1200,77.734296,78.86216,1353.4368,26
20260816_125007_bb495b,2023-11-16,601077.SH,18500,18500,5.260229,5.11407,-2703.9415,25
20260816_125007_bb495b,2023-11-16,603969.SH,3900,3900,23.574517,26.74944,12382.1997,18
20260816_125007_bb495b,2023-11-16,603980.SH,12600,12600,7.809592,7.91751,1359.7668,11
20260816_125007_bb495b,2023-11-16,600025.SH,10600,10600,9.28206,9.6147,3525.984,11
20260816_125007_bb495b,2023-11-17,600327.SH,1100,1100,86.789503,94.86867,8887.0837,44
20260816_125007_bb495b,2023-11-17,600810.SH,2600,2600,37.048813,38.52186,3829.9222,43
20260816_125007_bb495b,2023-11-17,000895.SZ,100,100,708.237418,657.17883,-5105.8588,36
20260816_125007_bb495b,2023-11-17,600742.SH,500,500,188.153345,217.936,14891.3275,29
20260816_125007_bb495b,2023-11-17,002322.SZ,1700,1700,56.6436,68.42086,20021.342,28
20260816_125007_bb495b,2023-11-17,603718.SH,3600,3600,26.604912,26.54832,-203.7312,27
20260816_125007_bb495b,2023-11-17,603386.SH,5100,5100,18.830874,19.34988,2646.9306,27
20260816_125007_bb495b,2023-11-17,300433.SZ,1200,1200,77.734296,79.03715,1563.4248,27
20260816_125007_bb495b,2023-11-17,601077.SH,18500,18500,5.260229,5.06331,-3643.0015,26
20260816_125007_bb495b,2023-11-17,603969.SH,3900,3900,23.574517,27.91044,16910.0997,19
20260816_125007_bb495b,2023-11-17,603980.SH,12600,12600,7.809592,8.01837,2630.6028,12
20260816_125007_bb495b,2023-11-17,600025.SH,10600,10600,9.28206,9.55535,2896.874,12
20260816_125007_bb495b,2023-11-20,600327.SH,1100,1100,86.789503,92.91078,6733.4047,45
20260816_125007_bb495b,2023-11-20,600810.SH,2600,2600,37.048813,38.61988,4084.7742,44
20260816_125007_bb495b,2023-11-20,000895.SZ,100,100,708.237418,667.2654,-4097.2018,37
20260816_125007_bb495b,2023-11-20,600742.SH,500,500,188.153345,213.824,12835.3275,30
20260816_125007_bb495b,2023-11-20,002322.SZ,1700,1700,56.6436,67.75409,18887.833,29
20260816_125007_bb495b,2023-11-20,603718.SH,3600,3600,26.604912,26.6418,132.7968,28
20260816_125007_bb495b,2023-11-20,603386.SH,5100,5100,18.830874,19.31974,2493.2166,28
20260816_125007_bb495b,2023-11-20,300433.SZ,1200,1200,77.734296,78.33719,723.4728,28
20260816_125007_bb495b,2023-11-20,601077.SH,18500,18500,5.260229,5.08869,-3173.4715,27
20260816_125007_bb495b,2023-11-20,603969.SH,3900,3900,23.574517,27.21384,14193.3597,20
20260816_125007_bb495b,2023-11-20,603980.SH,12600,12600,7.809592,8.01837,2630.6028,13
20260816_125007_bb495b,2023-11-20,600025.SH,10600,10600,9.28206,9.57909,3148.518,13
20260816_125007_bb495b,2023-11-21,600327.SH,1100,1100,86.789503,92.37681,6146.0377,46
20260816_125007_bb495b,2023-11-21,600810.SH,2600,2600,37.048813,38.66889,4212.2002,45
20260816_125007_bb495b,2023-11-21,000895.SZ,100,100,708.237418,667.2654,-4097.2018,38
20260816_125007_bb495b,2023-11-21,600742.SH,500,500,188.153345,213.6184,12732.5275,31
20260816_125007_bb495b,2023-11-21,002322.SZ,1700,1700,56.6436,67.75409,18887.833,30
20260816_125007_bb495b,2023-11-21,603718.SH,3600,3600,26.604912,26.6418,132.7968,29
20260816_125007_bb495b,2023-11-21,603386.SH,5100,5100,18.830874,18.88271,264.3636,29
20260816_125007_bb495b,2023-11-21,300433.SZ,1200,1200,77.734296,77.46224,-326.4672,29
20260816_125007_bb495b,2023-11-21,601077.SH,18500,18500,5.260229,5.10138,-2938.7065,28
20260816_125007_bb495b,2023-11-21,603969.SH,3900,3900,23.574517,27.30672,14555.5917,21
20260816_125007_bb495b,2023-11-21,603980.SH,12600,12600,7.809592,8.00156,2418.7968,14
20260816_125007_bb495b,2023-11-21,600025.SH,10600,10600,9.28206,9.56722,3022.696,14
20260816_125007_bb495b,2023-11-22,600327.SH,1100,1100,86.789503,92.73279,6537.6157,47
20260816_125007_bb495b,2023-11-22,600810.SH,2600,2600,37.048813,38.37483,3447.6442,46
20260816_125007_bb495b,2023-11-22,000895.SZ,100,100,708.237418,668.04129,-4019.6128,39
20260816_125007_bb495b,2023-11-22,600742.SH,500,500,188.153345,203.3384,7592.5275,32
20260816_125007_bb495b,2023-11-22,002322.SZ,1700,1700,56.6436,67.65151,18713.447,31
20260816_125007_bb495b,2023-11-22,603718.SH,3600,3600,26.604912,26.59506,-35.4672,30
20260816_125007_bb495b,2023-11-22,603386.SH,5100,5100,18.830874,18.82243,-43.0644,30
20260816_125007_bb495b,2023-11-22,300433.SZ,1200,1200,77.734296,76.00399,-2076.3672,30
20260816_125007_bb495b,2023-11-22,601077.SH,18500,18500,5.260229,5.10138,-2938.7065,29
20260816_125007_bb495b,2023-11-22,603969.SH,3900,3900,23.574517,27.3996,14917.8237,22
20260816_125007_bb495b,2023-11-22,603980.SH,12600,12600,7.809592,7.96794,1995.1848,15
20260816_125007_bb495b,2023-11-22,600025.SH,10600,10600,9.28206,9.63844,3777.628,15
20260816_125007_bb495b,2023-11-23,600327.SH,1100,1100,86.789503,94.51269,8495.5057,48
20260816_125007_bb495b,2023-11-23,600810.SH,2600,2600,37.048813,38.81592,4594.4782,47
20260816_125007_bb495b,2023-11-23,000895.SZ,100,100,708.237418,668.04129,-4019.6128,40
20260816_125007_bb495b,2023-11-23,600742.SH,500,500,188.153345,211.5624,11704.5275,33
20260816_125007_bb495b,2023-11-23,002322.SZ,1700,1700,56.6436,66.88216,17405.552,32
20260816_125007_bb495b,2023-11-23,603718.SH,3600,3600,26.604912,26.89887,1058.2488,31
20260816_125007_bb495b,2023-11-23,603386.SH,5100,5100,18.830874,19.21425,1955.2176,31
20260816_125007_bb495b,2023-11-23,300433.SZ,1200,1200,77.734296,77.5789,-186.4752,31
20260816_125007_bb495b,2023-11-23,601077.SH,18500,18500,5.260229,5.11407,-2703.9415,30
20260816_125007_bb495b,2023-11-23,603969.SH,3900,3900,23.574517,27.1674,14012.2437,23
20260816_125007_bb495b,2023-11-23,603980.SH,12600,12600,7.809592,8.05199,3054.2148,16
20260816_125007_bb495b,2023-11-23,600025.SH,10600,10600,9.28206,9.59096,3274.34,16
20260816_125007_bb495b,2023-11-24,600327.SH,1100,1100,86.789503,103.94616,18872.3227,49
20260816_125007_bb495b,2023-11-24,600810.SH,2600,2600,37.048813,39.208,5613.8862,48
20260816_125007_bb495b,2023-11-24,000895.SZ,100,100,708.237418,672.95526,-3528.2158,41
20260816_125007_bb495b,2023-11-24,600742.SH,500,500,188.153345,212.3848,12115.7275,34
20260816_125007_bb495b,2023-11-24,002322.SZ,1700,1700,56.6436,64.77927,13830.639,33
20260816_125007_bb495b,2023-11-24,603718.SH,3600,3600,26.604912,26.82876,805.8528,32
20260816_125007_bb495b,2023-11-24,603386.SH,5100,5100,18.830874,21.14321,11792.9136,32
20260816_125007_bb495b,2023-11-24,300433.SZ,1200,1200,77.734296,76.4123,-1586.3952,32
20260816_125007_bb495b,2023-11-24,601077.SH,18500,18500,5.260229,5.13945,-2234.4115,31
20260816_125007_bb495b,2023-11-24,603969.SH,3900,3900,23.574517,26.79588,12563.3157,24
20260816_125007_bb495b,2023-11-24,603980.SH,12600,12600,7.809592,8.05199,3054.2148,17
20260816_125007_bb495b,2023-11-24,600025.SH,10600,10600,9.28206,9.60283,3400.162,17
20260816_125007_bb495b,2023-11-27,600327.SH,1100,1100,86.789503,101.4543,16131.2767,50
20260816_125007_bb495b,2023-11-27,600810.SH,2600,2600,37.048813,38.32582,3320.2182,49
20260816_125007_bb495b,2023-11-27,000895.SZ,100,100,708.237418,670.36896,-3786.8458,42
20260816_125007_bb495b,2023-11-27,600742.SH,500,500,188.153345,225.7488,18797.7275,35
20260816_125007_bb495b,2023-11-27,002322.SZ,1700,1700,56.6436,64.93314,14092.218,34
20260816_125007_bb495b,2023-11-27,603718.SH,3600,3600,26.604912,26.33799,-960.9192,33
20260816_125007_bb495b,2023-11-27,603386.SH,5100,5100,18.830874,19.93761,5644.3536,33
20260816_125007_bb495b,2023-11-27,300433.SZ,1200,1200,77.734296,76.93727,-956.4312,33
20260816_125007_bb495b,2023-11-27,601077.SH,18500,18500,5.260229,5.16483,-1764.8815,32
20260816_125007_bb495b,2023-11-27,603969.SH,3900,3900,23.574517,26.79588,12563.3157,25
20260816_125007_bb495b,2023-11-27,603980.SH,12600,12600,7.809592,8.03518,2842.4088,18
20260816_125007_bb495b,2023-11-27,600025.SH,10600,10600,9.28206,9.55535,2896.874,18
20260816_125007_bb495b,2023-11-28,600327.SH,1100,1100,86.789503,105.72606,20830.2127,51
20260816_125007_bb495b,2023-11-28,600810.SH,2600,2600,37.048813,38.81592,4594.4782,50
20260816_125007_bb495b,2023-11-28,000895.SZ,100,100,708.237418,672.95526,-3528.2158,43
20260816_125007_bb495b,2023-11-28,600742.SH,500,500,188.153345,248.3648,30105.7275,36
20260816_125007_bb495b,2023-11-28,002322.SZ,1700,1700,56.6436,65.29217,14702.569,35
20260816_125007_bb495b,2023-11-28,603718.SH,3600,3600,26.604912,26.75865,553.4568,34
20260816_125007_bb495b,2023-11-28,603386.SH,5100,5100,18.830874,21.92685,15789.4776,34
20260816_125007_bb495b,2023-11-28,300433.SZ,1200,1200,77.734296,77.17059,-676.4472,34
20260816_125007_bb495b,2023-11-28,601077.SH,18500,18500,5.260229,5.13945,-2234.4115,33
20260816_125007_bb495b,2023-11-28,603969.SH,3900,3900,23.574517,27.44604,15098.9397,26
20260816_125007_bb495b,2023-11-28,603980.SH,12600,12600,7.809592,8.08561,3477.8268,19
20260816_125007_bb495b,2023-11-28,600025.SH,10600,10600,9.28206,9.66218,4029.272,19
20260816_125007_bb495b,2023-11-29,600327.SH,1100,1100,86.789503,101.09832,15739.6987,52
20260816_125007_bb495b,2023-11-29,600810.SH,2600,2600,37.048813,38.47285,3702.4962,51
20260816_125007_bb495b,2023-11-29,000895.SZ,100,100,708.237418,670.62759,-3760.9828,44
20260816_125007_bb495b,2023-11-29,600742.SH,500,500,188.153345,257.0,34423.3275,37
20260816_125007_bb495b,2023-11-29,002322.SZ,1700,1700,56.6436,65.29217,14702.569,36
20260816_125007_bb495b,2023-11-29,603718.SH,3600,3600,26.604912,26.45484,-540.2592,35
20260816_125007_bb495b,2023-11-29,603386.SH,5100,5100,18.830874,21.92685,15789.4776,35
20260816_125007_bb495b,2023-11-29,300433.SZ,1200,1200,77.734296,76.52896,-1446.4032,35
20260816_125007_bb495b,2023-11-29,601077.SH,18500,18500,5.260229,5.12676,-2469.1765,34
20260816_125007_bb495b,2023-11-29,603969.SH,3900,3900,23.574517,28.18908,17996.7957,27
20260816_125007_bb495b,2023-11-29,603980.SH,12600,12600,7.809592,8.01837,2630.6028,20
20260816_125007_bb495b,2023-11-29,600025.SH,10600,10600,9.28206,9.76901,5161.67,20
20260816_125007_bb495b,2023-11-30,600327.SH,1100,1100,86.789503,104.48013,19459.6897,53
20260816_125007_bb495b,2023-11-30,600810.SH,2600,2600,37.048813,38.12978,2810.5142,52
20260816_125007_bb495b,2023-11-30,000895.SZ,100,100,708.237418,675.0243,-3321.3118,45
20260816_125007_bb495b,2023-11-30,600742.SH,500,500,188.153345,241.58,26713.3275,38
20260816_125007_bb495b,2023-11-30,002322.SZ,1700,1700,56.6436,64.6254,13569.06,37
20260816_125007_bb495b,2023-11-30,603718.SH,3600,3600,26.604912,26.43147,-624.3912,36
20260816_125007_bb495b,2023-11-30,603386.SH,5100,5100,18.830874,20.84181,10255.7736,36
20260816_125007_bb495b,2023-11-30,300433.SZ,1200,1200,77.734296,76.17898,-1866.3792,36
20260816_125007_bb495b,2023-11-30,601077.SH,18500,18500,5.260229,5.16483,-1764.8815,35
20260816_125007_bb495b,2023-11-30,603969.SH,3900,3900,23.574517,28.51416,19264.6077,28
20260816_125007_bb495b,2023-11-30,603980.SH,12600,12600,7.809592,7.95113,1783.3788,21
20260816_125007_bb495b,2023-11-30,600025.SH,10600,10600,9.28206,9.89958,6545.712,21
20260816_125007_bb495b,2023-12-01,600327.SH,1100,1100,86.789503,101.4543,16131.2767,54
20260816_125007_bb495b,2023-12-01,600810.SH,2600,2600,37.048813,38.37483,3447.6442,53
20260816_125007_bb495b,2023-12-01,000895.SZ,100,100,708.237418,670.88622,-3735.1198,46
20260816_125007_bb495b,2023-12-01,600742.SH,500,500,188.153345,239.3184,25582.5275,39
20260816_125007_bb495b,2023-12-01,002322.SZ,1700,1700,56.6436,68.16441,19585.377,38
20260816_125007_bb495b,2023-12-01,603718.SH,3600,3600,26.604912,26.29125,-1129.1832,37
20260816_125007_bb495b,2023-12-01,603386.SH,5100,5100,18.830874,20.72125,9640.9176,37
20260816_125007_bb495b,2023-12-01,300433.SZ,1200,1200,77.734296,76.35397,-1656.3912,37
20260816_125007_bb495b,2023-12-01,601077.SH,18500,18500,5.260229,5.2029,-1060.5865,36
20260816_125007_bb495b,2023-12-01,603969.SH,3900,3900,23.574517,28.42128,18902.3757,29
20260816_125007_bb495b,2023-12-01,603980.SH,12600,12600,7.809592,7.96794,1995.1848,22
20260816_125007_bb495b,2023-12-01,600025.SH,10600,10600,9.28206,9.92332,6797.356,22
20260816_125007_bb495b,2023-12-04,600327.SH,1100,1100,86.789503,97.18254,11432.3407,55
20260816_125007_bb495b,2023-12-04,600810.SH,2600,2600,37.048813,38.86493,4721.9042,54
20260816_125007_bb495b,2023-12-04,000895.SZ,100,100,708.237418,670.88622,-3735.1198,47
20260816_125007_bb495b,2023-12-04,600742.SH,500,500,188.153345,237.6736,24760.1275,40
20260816_125007_bb495b,2023-12-04,002322.SZ,1700,1700,56.6436,68.7286,20544.5,39
20260816_125007_bb495b,2023-12-04,603718.SH,3600,3600,26.604912,26.03418,-2054.6352,38
20260816_125007_bb495b,2023-12-04,603386.SH,5100,5100,18.830874,21.23363,12254.0556,38
20260816_125007_bb495b,2023-12-04,300433.SZ,1200,1200,77.734296,74.60407,-3756.2712,38
20260816_125007_bb495b,2023-12-04,601077.SH,18500,18500,5.260229,5.29173,582.7685,37
20260816_125007_bb495b,2023-12-04,603969.SH,3900,3900,23.574517,28.18908,17996.7957,30
20260816_125007_bb495b,2023-12-04,603980.SH,12600,12600,7.809592,7.95113,1783.3788,23
20260816_125007_bb495b,2023-12-04,600025.SH,10600,10600,9.28206,9.87584,6294.068,23
20260816_125007_bb495b,2023-12-05,600327.SH,1100,1100,86.789503,106.97199,22200.7357,56
20260816_125007_bb495b,2023-12-05,600810.SH,2600,2600,37.048813,38.52186,3829.9222,55
20260816_125007_bb495b,2023-12-05,000895.SZ,100,100,708.237418,668.04129,-4019.6128,48
20260816_125007_bb495b,2023-12-05,600742.SH,500,500,188.153345,222.2536,17050.1275,41
20260816_125007_bb495b,2023-12-05,002322.SZ,1700,1700,56.6436,67.1899,17928.71,40
20260816_125007_bb495b,2023-12-05,603718.SH,3600,3600,26.604912,25.59015,-3653.1432,39
20260816_125007_bb495b,2023-12-05,603386.SH,5100,5100,18.830874,20.43492,8180.6346,39
20260816_125007_bb495b,2023-12-05,300433.SZ,1200,1200,77.734296,72.85417,-5856.1512,39
20260816_125007_bb495b,2023-12-05,601077.SH,18500,18500,5.260229,5.2029,-1060.5865,38
20260816_125007_bb495b,2023-12-05,603969.SH,3900,3900,23.574517,27.72468,16185.6357,31
20260816_125007_bb495b,2023-12-05,603980.SH,12600,12600,7.809592,7.83346,300.7368,24
20260816_125007_bb495b,2023-12-05,600025.SH,10600,10600,9.28206,9.89958,6545.712,24
20260816_125007_bb495b,2023-12-06,600327.SH,1100,1100,86.789503,113.55762,29444.9287,57
20260816_125007_bb495b,2023-12-06,600810.SH,2600,2600,37.048813,38.52186,3829.9222,56
20260816_125007_bb495b,2023-12-06,000895.SZ,100,100,708.237418,670.36896,-3786.8458,49
20260816_125007_bb495b,2023-12-06,600742.SH,500,500,188.153345,231.7112,21778.9275,42
20260816_125007_bb495b,2023-12-06,002322.SZ,1700,1700,56.6436,68.26699,19759.763,41
20260816_125007_bb495b,2023-12-06,603718.SH,3600,3600,26.604912,26.05755,-1970.5032,40
20260816_125007_bb495b,2023-12-06,603386.SH,5100,5100,18.830874,20.26915,7335.2076,40
20260816_125007_bb495b,2023-12-06,300433.SZ,1200,1200,77.734296,73.02916,-5646.1632,40
20260816_125007_bb495b,2023-12-06,601077.SH,18500,18500,5.260229,5.15214,-1999.6465,39
20260816_125007_bb495b,2023-12-06,603969.SH,3900,3900,23.574517,27.6318,15823.4037,32
20260816_125007_bb495b,2023-12-06,603980.SH,12600,12600,7.809592,7.98475,2206.9908,25
20260816_125007_bb495b,2023-12-06,600025.SH,10600,10600,9.28206,9.91145,6671.534,25
20260816_125007_bb495b,2023-12-07,600327.SH,1100,1100,86.789503,103.2342,18089.1667,58
20260816_125007_bb495b,2023-12-07,600810.SH,2600,2600,37.048813,37.39463,899.1242,57
20260816_125007_bb495b,2023-12-07,000895.SZ,100,100,708.237418,675.80019,-3243.7228,50
20260816_125007_bb495b,2023-12-07,600742.SH,500,500,188.153345,222.4592,17152.9275,43
20260816_125007_bb495b,2023-12-07,002322.SZ,1700,1700,56.6436,68.31828,19846.956,42
20260816_125007_bb495b,2023-12-07,603718.SH,3600,3600,26.604912,25.9407,-2391.1632,41
20260816_125007_bb495b,2023-12-07,603386.SH,5100,5100,18.830874,18.79229,-196.7784,41
20260816_125007_bb495b,2023-12-07,300433.SZ,1200,1200,77.734296,73.32081,-5296.1832,41
20260816_125007_bb495b,2023-12-07,601077.SH,18500,18500,5.260229,5.25366,-121.5265,40
20260816_125007_bb495b,2023-12-07,603969.SH,3900,3900,23.574517,27.58536,15642.2877,33
20260816_125007_bb495b,2023-12-07,603980.SH,12600,12600,7.809592,7.9007,1147.9608,26
20260816_125007_bb495b,2023-12-07,600025.SH,10600,10600,9.28206,10.01828,7803.932,26
20260816_125007_bb495b,2023-12-08,600327.SH,1100,1100,86.789503,100.20837,14760.7537,59
20260816_125007_bb495b,2023-12-08,600810.SH,2600,2600,37.048813,37.83572,2045.9582,58
20260816_125007_bb495b,2023-12-08,000895.SZ,100,100,708.237418,677.09334,-3114.4078,51
20260816_125007_bb495b,2023-12-08,600742.SH,500,500,188.153345,210.74,11293.3275,44
20260816_125007_bb495b,2023-12-08,002322.SZ,1700,1700,56.6436,68.31828,19846.956,43
20260816_125007_bb495b,2023-12-08,603718.SH,3600,3600,26.604912,25.49667,-3989.6712,42
20260816_125007_bb495b,2023-12-08,603386.SH,5100,5100,18.830874,20.67604,9410.3466,42
20260816_125007_bb495b,2023-12-08,300433.SZ,1200,1200,77.734296,74.0791,-4386.2352,42
20260816_125007_bb495b,2023-12-08,601077.SH,18500,18500,5.260229,5.2029,-1060.5865,41
20260816_125007_bb495b,2023-12-08,603969.SH,3900,3900,23.574517,27.864,16728.9837,34
20260816_125007_bb495b,2023-12-08,603980.SH,12600,12600,7.809592,7.69898,-1393.7112,27
20260816_125007_bb495b,2023-12-08,600025.SH,10600,10600,9.28206,10.11324,8810.508,27
20260816_125007_bb495b,2023-12-11,600327.SH,1100,1100,86.789503,99.31842,13781.8087,60
20260816_125007_bb495b,2023-12-11,600810.SH,2600,2600,37.048813,38.27681,3192.7922,59
20260816_125007_bb495b,2023-12-11,000895.SZ,100,100,708.237418,667.00677,-4123.0648,52
20260816_125007_bb495b,2023-12-11,600742.SH,500,500,188.153345,212.796,12321.3275,45
20260816_125007_bb495b,2023-12-11,002322.SZ,1700,1700,56.6436,65.59991,15225.727,44
20260816_125007_bb495b,2023-12-11,603718.SH,3600,3600,26.604912,25.84722,-2727.6912,43
20260816_125007_bb495b,2023-12-11,603386.SH,5100,5100,18.830874,21.15828,11869.7706,43
20260816_125007_bb495b,2023-12-11,300433.SZ,1200,1200,77.734296,75.36236,-2846.3232,43
20260816_125007_bb495b,2023-12-11,601077.SH,18500,18500,5.260229,5.30442,817.5335,42
20260816_125007_bb495b,2023-12-11,603969.SH,3900,3900,23.574517,27.81756,16547.8677,35
20260816_125007_bb495b,2023-12-11,603980.SH,12600,12600,7.809592,7.81665,88.9308,28
20260816_125007_bb495b,2023-12-11,600025.SH,10600,10600,9.28206,10.12511,8936.33,28
20260816_125007_bb495b,2023-12-12,600810.SH,2600,2600,37.048813,37.93374,2300.8102,60
20260816_125007_bb495b,2023-12-12,000895.SZ,100,100,708.237418,669.33444,-3890.2978,53
20260816_125007_bb495b,2023-12-12,600742.SH,500,500,188.153345,211.9736,11910.1275,46
20260816_125007_bb495b,2023-12-12,002322.SZ,1700,1700,56.6436,66.06152,16010.464,45
20260816_125007_bb495b,2023-12-12,603718.SH,3600,3600,26.604912,25.82385,-2811.8232,44
20260816_125007_bb495b,2023-12-12,603386.SH,5100,5100,18.830874,21.45968,13406.9106,44
20260816_125007_bb495b,2023-12-12,300433.SZ,1200,1200,77.734296,75.59568,-2566.3392,44
20260816_125007_bb495b,2023-12-12,601077.SH,18500,18500,5.260229,5.31711,1052.2985,43
20260816_125007_bb495b,2023-12-12,603969.SH,3900,3900,23.574517,28.74636,20170.1877,36
20260816_125007_bb495b,2023-12-12,603980.SH,12600,12600,7.809592,7.81665,88.9308,29
20260816_125007_bb495b,2023-12-12,600025.SH,10600,10600,9.28206,10.29129,10697.838,29
20260816_125007_bb495b,2023-12-13,000895.SZ,100,100,708.237418,667.2654,-4097.2018,54
20260816_125007_bb495b,2023-12-13,600742.SH,500,500,188.153345,209.5064,10676.5275,47
20260816_125007_bb495b,2023-12-13,002322.SZ,1700,1700,56.6436,64.67669,13656.253,46
20260816_125007_bb495b,2023-12-13,603718.SH,3600,3600,26.604912,25.66026,-3400.7472,45
20260816_125007_bb495b,2023-12-13,603386.SH,5100,5100,18.830874,21.11307,11639.1996,45
20260816_125007_bb495b,2023-12-13,300433.SZ,1200,1200,77.734296,74.72073,-3616.2792,45
20260816_125007_bb495b,2023-12-13,601077.SH,18500,18500,5.260229,5.30442,817.5335,44
20260816_125007_bb495b,2023-12-13,603969.SH,3900,3900,23.574517,28.04976,17453.4477,37
20260816_125007_bb495b,2023-12-13,603980.SH,12600,12600,7.809592,7.78303,-334.6812,30
20260816_125007_bb495b,2023-12-13,600025.SH,10600,10600,9.28206,10.24381,10194.55,30
20260816_125007_bb495b,2023-12-13,601139.SH,5600,0,18.291581,18.19356,-548.9176,1
20260816_125007_bb495b,2023-12-14,000895.SZ,100,100,708.237418,663.38595,-4485.1468,55
20260816_125007_bb495b,2023-12-14,600742.SH,500,500,188.153345,205.6,8723.3275,48
20260816_125007_bb495b,2023-12-14,002322.SZ,1700,1700,56.6436,65.95894,15836.078,47
20260816_125007_bb495b,2023-12-14,603718.SH,3600,3600,26.604912,25.75374,-3064.2192,46
20260816_125007_bb495b,2023-12-14,603386.SH,5100,5100,18.830874,20.9473,10793.7726,46
20260816_125007_bb495b,2023-12-14,300433.SZ,1200,1200,77.734296,74.42908,-3966.2592,46
20260816_125007_bb495b,2023-12-14,601077.SH,18500,18500,5.260229,5.27904,348.0035,45
20260816_125007_bb495b,2023-12-14,603969.SH,3900,3900,23.574517,27.81756,16547.8677,38
20260816_125007_bb495b,2023-12-14,603980.SH,12600,12600,7.809592,7.79984,-122.8752,31
20260816_125007_bb495b,2023-12-14,600025.SH,10600,10600,9.28206,10.26755,10446.194,31
20260816_125007_bb495b,2023-12-14,601139.SH,5600,5600,18.291581,18.24368,-268.2456,2
20260816_125007_bb495b,2023-12-14,000429.SZ,2600,0,39.278817,40.52404,3237.5798,1
20260816_125007_bb495b,2023-12-15,000895.SZ,100,100,708.237418,655.88568,-5235.1738,56
20260816_125007_bb495b,2023-12-15,600742.SH,500,500,188.153345,201.488,6667.3275,49
20260816_125007_bb495b,2023-12-15,002322.SZ,1700,1700,56.6436,65.6512,15312.92,48
20260816_125007_bb495b,2023-12-15,603718.SH,3600,3600,26.604912,25.40319,-4326.1992,47
20260816_125007_bb495b,2023-12-15,603386.SH,5100,5100,18.830874,21.02265,11178.0576,47
20260816_125007_bb495b,2023-12-15,300433.SZ,1200,1200,77.734296,73.96244,-4526.2272,47
20260816_125007_bb495b,2023-12-15,601077.SH,18500,18500,5.260229,5.26635,113.2385,46
20260816_125007_bb495b,2023-12-15,603969.SH,3900,3900,23.574517,27.30672,14555.5917,39
20260816_125007_bb495b,2023-12-15,603980.SH,12600,12600,7.809592,7.85027,512.5428,32
20260816_125007_bb495b,2023-12-15,600025.SH,10600,10600,9.28206,10.17259,9439.618,32
20260816_125007_bb495b,2023-12-15,601139.SH,5600,5600,18.291581,18.01814,-1531.2696,3
20260816_125007_bb495b,2023-12-15,000429.SZ,2600,2600,39.278817,38.47106,-2100.1682,2
20260816_125007_bb495b,2023-12-18,000895.SZ,100,100,708.237418,657.17883,-5105.8588,57
20260816_125007_bb495b,2023-12-18,600742.SH,500,500,188.153345,201.488,6667.3275,50
20260816_125007_bb495b,2023-12-18,002322.SZ,1700,1700,56.6436,65.1383,14440.99,49
20260816_125007_bb495b,2023-12-18,603718.SH,3600,3600,26.604912,25.42656,-4242.0672,48
20260816_125007_bb495b,2023-12-18,603386.SH,5100,5100,18.830874,20.57055,8872.3476,48
20260816_125007_bb495b,2023-12-18,300433.SZ,1200,1200,77.734296,73.26248,-5366.1792,48
20260816_125007_bb495b,2023-12-18,601077.SH,18500,18500,5.260229,5.27904,348.0035,47
20260816_125007_bb495b,2023-12-18,603969.SH,3900,3900,23.574517,26.88876,12925.5477,40
20260816_125007_bb495b,2023-12-18,603980.SH,12600,12600,7.809592,7.76622,-546.4872,33
20260816_125007_bb495b,2023-12-18,600025.SH,10600,10600,9.28206,10.18446,9565.44,33
20260816_125007_bb495b,2023-12-18,601139.SH,5600,5600,18.291581,17.84272,-2513.6216,4
20260816_125007_bb495b,2023-12-18,000429.SZ,2600,2600,39.278817,38.42643,-2216.2062,3
20260816_125007_bb495b,2023-12-19,000895.SZ,100,100,708.237418,658.73061,-4950.6808,58
20260816_125007_bb495b,2023-12-19,600742.SH,500,500,188.153345,199.2264,5536.5275,51
20260816_125007_bb495b,2023-12-19,002322.SZ,1700,1700,56.6436,64.88185,14005.025,50
20260816_125007_bb495b,2023-12-19,603718.SH,3600,3600,26.604912,25.26297,-4830.9912,49
20260816_125007_bb495b,2023-12-19,603386.SH,5100,5100,18.830874,21.00758,11101.2006,49
20260816_125007_bb495b,2023-12-19,300433.SZ,1200,1200,77.734296,74.37075,-4036.2552,49
20260816_125007_bb495b,2023-12-19,601077.SH,18500,18500,5.260229,5.26635,113.2385,48
20260816_125007_bb495b,2023-12-19,603969.SH,3900,3900,23.574517,27.35316,14736.7077,41
20260816_125007_bb495b,2023-12-19,603980.SH,12600,12600,7.809592,7.79984,-122.8752,34
20260816_125007_bb495b,2023-12-19,600025.SH,10600,10600,9.28206,10.29129,10697.838,34
20260816_125007_bb495b,2023-12-19,601139.SH,5600,5600,18.291581,17.7926,-2794.2936,5
20260816_125007_bb495b,2023-12-19,000429.SZ,2600,2600,39.278817,38.24791,-2680.3582,4
20260816_125007_bb495b,2023-12-20,000895.SZ,100,100,708.237418,653.29938,-5493.8038,59
20260816_125007_bb495b,2023-12-20,600742.SH,500,500,188.153345,197.1704,4508.5275,52
20260816_125007_bb495b,2023-12-20,002322.SZ,1700,1700,56.6436,62.67638,10255.726,51
20260816_125007_bb495b,2023-12-20,603718.SH,3600,3600,26.604912,25.09938,-5419.9152,50
20260816_125007_bb495b,2023-12-20,603386.SH,5100,5100,18.830874,20.81167,10102.0596,50
20260816_125007_bb495b,2023-12-20,300433.SZ,1200,1200,77.734296,73.61246,-4946.2032,50
20260816_125007_bb495b,2023-12-20,601077.SH,18500,18500,5.260229,5.27904,348.0035,49
20260816_125007_bb495b,2023-12-20,603969.SH,3900,3900,23.574517,27.1674,14012.2437,42
20260816_125007_bb495b,2023-12-20,603980.SH,12600,12600,7.809592,7.7326,-970.0992,35
20260816_125007_bb495b,2023-12-20,600025.SH,10600,10600,9.28206,10.26755,10446.194,35
20260816_125007_bb495b,2023-12-20,601139.SH,5600,5600,18.291581,17.64224,-3636.3096,6
20260816_125007_bb495b,2023-12-20,000429.SZ,2600,2600,39.278817,38.15865,-2912.4342,5
20260816_125007_bb495b,2023-12-21,000895.SZ,100,100,708.237418,657.69609,-5054.1328,60
20260816_125007_bb495b,2023-12-21,600742.SH,500,500,188.153345,197.7872,4816.9275,53
20260816_125007_bb495b,2023-12-21,002322.SZ,1700,1700,56.6436,63.0867,10953.27,52
20260816_125007_bb495b,2023-12-21,603718.SH,3600,3600,26.604912,24.88905,-6177.1032,51
20260816_125007_bb495b,2023-12-21,603386.SH,5100,5100,18.830874,20.81167,10102.0596,51
20260816_125007_bb495b,2023-12-21,300433.SZ,1200,1200,77.734296,73.72912,-4806.2112,51
20260816_125007_bb495b,2023-12-21,601077.SH,18500,18500,5.260229,5.24097,-356.2915,50
20260816_125007_bb495b,2023-12-21,603969.SH,3900,3900,23.574517,27.21384,14193.3597,43
20260816_125007_bb495b,2023-12-21,603980.SH,12600,12600,7.809592,7.85027,512.5428,36
20260816_125007_bb495b,2023-12-21,600025.SH,10600,10600,9.28206,10.27942,10572.016,36
20260816_125007_bb495b,2023-12-21,601139.SH,5600,5600,18.291581,17.49188,-4478.3256,7
20260816_125007_bb495b,2023-12-21,000429.SZ,2600,2600,39.278817,37.75698,-3956.7762,6
20260816_125007_bb495b,2023-12-22,600742.SH,500,500,188.153345,193.0584,2452.5275,54
20260816_125007_bb495b,2023-12-22,002322.SZ,1700,1700,56.6436,61.80445,8773.445,53
20260816_125007_bb495b,2023-12-22,603718.SH,3600,3600,26.604912,24.63198,-7102.5552,52
20260816_125007_bb495b,2023-12-22,603386.SH,5100,5100,18.830874,20.41985,8103.7776,52
20260816_125007_bb495b,2023-12-22,300433.SZ,1200,1200,77.734296,72.9125,-5786.1552,52
20260816_125007_bb495b,2023-12-22,601077.SH,18500,18500,5.260229,5.24097,-356.2915,51
20260816_125007_bb495b,2023-12-22,603969.SH,3900,3900,23.574517,27.02808,13468.8957,44
20260816_125007_bb495b,2023-12-22,603980.SH,12600,12600,7.809592,7.7326,-970.0992,37
20260816_125007_bb495b,2023-12-22,600025.SH,10600,10600,9.28206,10.35064,11326.948,37
20260816_125007_bb495b,2023-12-22,601139.SH,5600,5600,18.291581,17.44176,-4758.9976,8
20260816_125007_bb495b,2023-12-22,000429.SZ,2600,2600,39.278817,37.84624,-3724.7002,7
20260816_125007_bb495b,2023-12-25,600742.SH,500,500,188.153345,197.1704,4508.5275,55
20260816_125007_bb495b,2023-12-25,002322.SZ,1700,1700,56.6436,62.47122,9906.954,54
20260816_125007_bb495b,2023-12-25,603718.SH,3600,3600,26.604912,24.86568,-6261.2352,53
20260816_125007_bb495b,2023-12-25,603386.SH,5100,5100,18.830874,20.51027,8564.9196,53
20260816_125007_bb495b,2023-12-25,300433.SZ,1200,1200,77.734296,74.19576,-4246.2432,53
20260816_125007_bb495b,2023-12-25,601077.SH,18500,18500,5.260229,5.19021,-1295.3515,52
20260816_125007_bb495b,2023-12-25,603969.SH,3900,3900,23.574517,26.51724,11476.6197,45
20260816_125007_bb495b,2023-12-25,603980.SH,12600,12600,7.809592,7.66536,-1817.3232,38
20260816_125007_bb495b,2023-12-25,600025.SH,10600,10600,9.28206,10.55243,13465.922,38
20260816_125007_bb495b,2023-12-25,601139.SH,5600,5600,18.291581,17.34152,-5320.3416,9
20260816_125007_bb495b,2023-12-25,000429.SZ,2600,2600,39.278817,37.9355,-3492.6242,8
20260816_125007_bb495b,2023-12-25,601179.SH,17700,0,5.633895,5.6154,-327.3615,1
20260816_125007_bb495b,2023-12-26,600742.SH,500,500,188.153345,194.0864,2966.5275,56
20260816_125007_bb495b,2023-12-26,002322.SZ,1700,1700,56.6436,61.548,8337.48,55
20260816_125007_bb495b,2023-12-26,603718.SH,3600,3600,26.604912,24.84231,-6345.3672,54
20260816_125007_bb495b,2023-12-26,603386.SH,5100,5100,18.830874,19.96775,5798.0676,54
20260816_125007_bb495b,2023-12-26,300433.SZ,1200,1200,77.734296,71.1626,-7886.0352,54
20260816_125007_bb495b,2023-12-26,601077.SH,18500,18500,5.260229,5.21559,-825.8215,53
20260816_125007_bb495b,2023-12-26,603969.SH,3900,3900,23.574517,26.61012,11838.8517,46
20260816_125007_bb495b,2023-12-26,603980.SH,12600,12600,7.809592,7.66536,-1817.3232,39
20260816_125007_bb495b,2023-12-26,600025.SH,10600,10600,9.28206,10.54056,13340.1,39
20260816_125007_bb495b,2023-12-26,601139.SH,5600,5600,18.291581,17.44176,-4758.9976,10
20260816_125007_bb495b,2023-12-26,000429.SZ,2600,2600,39.278817,37.9355,-3492.6242,9
20260816_125007_bb495b,2023-12-26,601179.SH,17700,17700,5.633895,5.54664,-1544.4135,2
20260816_125007_bb495b,2023-12-27,600742.SH,500,500,188.153345,193.6752,2760.9275,57
20260816_125007_bb495b,2023-12-27,002322.SZ,1700,1700,56.6436,61.90703,8947.831,56
20260816_125007_bb495b,2023-12-27,603718.SH,3600,3600,26.604912,25.09938,-5419.9152,55
20260816_125007_bb495b,2023-12-27,603386.SH,5100,5100,18.830874,20.28422,7412.0646,55
20260816_125007_bb495b,2023-12-27,300433.SZ,1200,1200,77.734296,73.4958,-5086.1952,55
20260816_125007_bb495b,2023-12-27,601077.SH,18500,18500,5.260229,5.26635,113.2385,54
20260816_125007_bb495b,2023-12-27,603969.SH,3900,3900,23.574517,26.4708,11295.5037,47
20260816_125007_bb495b,2023-12-27,603980.SH,12600,12600,7.809592,7.68217,-1605.5172,40
20260816_125007_bb495b,2023-12-27,600025.SH,10600,10600,9.28206,10.65926,14598.32,40
20260816_125007_bb495b,2023-12-27,601139.SH,5600,5600,18.291581,17.49188,-4478.3256,11
20260816_125007_bb495b,2023-12-27,000429.SZ,2600,2600,39.278817,38.3818,-2332.2442,10
20260816_125007_bb495b,2023-12-27,601179.SH,17700,17700,5.633895,5.58102,-935.8875,3
20260816_125007_bb495b,2023-12-28,600742.SH,500,500,188.153345,195.1144,3480.5275,58
20260816_125007_bb495b,2023-12-28,002322.SZ,1700,1700,56.6436,63.80476,12173.972,57
20260816_125007_bb495b,2023-12-28,603718.SH,3600,3600,26.604912,24.46839,-7691.4792,56
20260816_125007_bb495b,2023-12-28,603386.SH,5100,5100,18.830874,20.3445,7719.4926,56
20260816_125007_bb495b,2023-12-28,300433.SZ,1200,1200,77.734296,74.60407,-3756.2712,56
20260816_125007_bb495b,2023-12-28,601077.SH,18500,18500,5.260229,5.21559,-825.8215,55
20260816_125007_bb495b,2023-12-28,603969.SH,3900,3900,23.574517,27.1674,14012.2437,48
20260816_125007_bb495b,2023-12-28,603980.SH,12600,12600,7.809592,7.81665,88.9308,41
20260816_125007_bb495b,2023-12-28,600025.SH,10600,10600,9.28206,10.27942,10572.016,41
20260816_125007_bb495b,2023-12-28,601139.SH,5600,5600,18.291581,17.49188,-4478.3256,12
20260816_125007_bb495b,2023-12-28,000429.SZ,2600,2600,39.278817,37.53383,-4536.9662,11
20260816_125007_bb495b,2023-12-28,601179.SH,17700,17700,5.633895,5.60394,-530.2035,4
20260816_125007_bb495b,2023-12-29,600742.SH,500,500,188.153345,196.348,4097.3275,59
20260816_125007_bb495b,2023-12-29,002322.SZ,1700,1700,56.6436,65.6512,15312.92,58
20260816_125007_bb495b,2023-12-29,603718.SH,3600,3600,26.604912,25.02927,-5672.3112,57
20260816_125007_bb495b,2023-12-29,603386.SH,5100,5100,18.830874,20.7966,10025.2026,57
20260816_125007_bb495b,2023-12-29,300433.SZ,1200,1200,77.734296,76.9956,-886.4352,57
20260816_125007_bb495b,2023-12-29,601077.SH,18500,18500,5.260229,5.17752,-1530.1165,56
20260816_125007_bb495b,2023-12-29,603969.SH,3900,3900,23.574517,27.864,16728.9837,49
20260816_125007_bb495b,2023-12-29,603980.SH,12600,12600,7.809592,7.85027,512.5428,42
20260816_125007_bb495b,2023-12-29,600025.SH,10600,10600,9.28206,10.24381,10194.55,42
20260816_125007_bb495b,2023-12-29,601139.SH,5600,5600,18.291581,17.26634,-5741.3496,13
20260816_125007_bb495b,2023-12-29,000429.SZ,2600,2600,39.278817,37.75698,-3956.7762,12
20260816_125007_bb495b,2023-12-29,601179.SH,17700,17700,5.633895,5.64978,281.1645,5
20260816_125007_bb495b,2024-01-02,600742.SH,500,500,188.153345,194.0864,2966.5275,60
20260816_125007_bb495b,2024-01-02,002322.SZ,1700,1700,56.6436,65.90765,15748.885,59
20260816_125007_bb495b,2024-01-02,603718.SH,3600,3600,26.604912,24.70209,-6850.1592,58
20260816_125007_bb495b,2024-01-02,603386.SH,5100,5100,18.830874,20.76646,9871.4886,58
20260816_125007_bb495b,2024-01-02,300433.SZ,1200,1200,77.734296,76.17898,-1866.3792,58
20260816_125007_bb495b,2024-01-02,601077.SH,18500,18500,5.260229,5.29173,582.7685,57
20260816_125007_bb495b,2024-01-02,603969.SH,3900,3900,23.574517,27.07452,13650.0117,50
20260816_125007_bb495b,2024-01-02,603980.SH,12600,12600,7.809592,8.01837,2630.6028,43
20260816_125007_bb495b,2024-01-02,600025.SH,10600,10600,9.28206,10.49308,12836.812,43
20260816_125007_bb495b,2024-01-02,601139.SH,5600,5600,18.291581,17.51694,-4337.9896,14
20260816_125007_bb495b,2024-01-02,000429.SZ,2600,2600,39.278817,38.33717,-2448.2822,13
20260816_125007_bb495b,2024-01-02,601179.SH,17700,17700,5.633895,5.71854,1498.2165,6
20260816_125007_bb495b,2024-01-03,002322.SZ,1700,1700,56.6436,65.39475,14876.955,60
20260816_125007_bb495b,2024-01-03,603718.SH,3600,3600,26.604912,24.67872,-6934.2912,59
20260816_125007_bb495b,2024-01-03,603386.SH,5100,5100,18.830874,20.1938,6950.9226,59
20260816_125007_bb495b,2024-01-03,300433.SZ,1200,1200,77.734296,75.01238,-3266.2992,59
20260816_125007_bb495b,2024-01-03,601077.SH,18500,18500,5.260229,5.3298,1287.0635,58
20260816_125007_bb495b,2024-01-03,603969.SH,3900,3900,23.574517,26.74944,12382.1997,51
20260816_125007_bb495b,2024-01-03,603980.SH,12600,12600,7.809592,8.05199,3054.2148,44
20260816_125007_bb495b,2024-01-03,600025.SH,10600,10600,9.28206,10.57617,13717.566,44
20260816_125007_bb495b,2024-01-03,601139.SH,5600,5600,18.291581,17.69236,-3355.6376,15
20260816_125007_bb495b,2024-01-03,000429.SZ,2600,2600,39.278817,39.09588,-475.6362,14
20260816_125007_bb495b,2024-01-03,601179.SH,17700,17700,5.633895,5.89044,4540.8465,7
20260816_125007_bb495b,2024-01-04,603718.SH,3600,3600,26.604912,24.44502,-7775.6112,60
20260816_125007_bb495b,2024-01-04,603386.SH,5100,5100,18.830874,20.16366,6797.2086,60
20260816_125007_bb495b,2024-01-04,300433.SZ,1200,1200,77.734296,73.72912,-4806.2112,60
20260816_125007_bb495b,2024-01-04,601077.SH,18500,18500,5.260229,5.3298,1287.0635,59
20260816_125007_bb495b,2024-01-04,603969.SH,3900,3900,23.574517,27.02808,13468.8957,52
20260816_125007_bb495b,2024-01-04,603980.SH,12600,12600,7.809592,8.0688,3266.0208,45
20260816_125007_bb495b,2024-01-04,600025.SH,10600,10600,9.28206,10.5643,13591.744,45
20260816_125007_bb495b,2024-01-04,601139.SH,5600,5600,18.291581,17.61718,-3776.6456,16
20260816_125007_bb495b,2024-01-04,000429.SZ,2600,2600,39.278817,39.45292,452.6678,15
20260816_125007_bb495b,2024-01-04,601179.SH,17700,17700,5.633895,5.8446,3729.4785,8
20260816_125007_bb495b,2024-01-04,000883.SZ,4000,0,25.424528,25.3352,-357.312,1
20260816_125007_bb495b,2024-01-05,601077.SH,18500,18500,5.260229,5.38056,2226.1235,60
20260816_125007_bb495b,2024-01-05,603969.SH,3900,3900,23.574517,26.28504,10571.0397,53
20260816_125007_bb495b,2024-01-05,603980.SH,12600,12600,7.809592,7.98475,2206.9908,46
20260816_125007_bb495b,2024-01-05,600025.SH,10600,10600,9.28206,10.49308,12836.812,46
20260816_125007_bb495b,2024-01-05,601139.SH,5600,5600,18.291581,17.44176,-4758.9976,17
20260816_125007_bb495b,2024-01-05,000429.SZ,2600,2600,39.278817,39.36366,220.5918,16
20260816_125007_bb495b,2024-01-05,601179.SH,17700,17700,5.633895,5.7873,2715.2685,9
20260816_125007_bb495b,2024-01-05,000883.SZ,4000,4000,25.424528,25.27762,-587.632,2
20260816_125007_bb495b,2024-01-05,002128.SZ,2100,0,47.522541,47.084,-920.9361,1
20260816_125007_bb495b,2024-01-08,603969.SH,3900,3900,23.574517,25.72776,8397.6477,54
20260816_125007_bb495b,2024-01-08,603980.SH,12600,12600,7.809592,7.9007,1147.9608,47
20260816_125007_bb495b,2024-01-08,600025.SH,10600,10600,9.28206,10.38625,11704.414,47
20260816_125007_bb495b,2024-01-08,601139.SH,5600,5600,18.291581,17.21622,-6022.0216,18
20260816_125007_bb495b,2024-01-08,000429.SZ,2600,2600,39.278817,39.63144,916.8198,17
20260816_125007_bb495b,2024-01-08,601179.SH,17700,17700,5.633895,5.81022,3120.9525,10
20260816_125007_bb495b,2024-01-08,000883.SZ,4000,4000,25.424528,25.10488,-1278.592,3
20260816_125007_bb495b,2024-01-08,002128.SZ,2100,2100,47.522541,46.926,-1252.7361,2
20260816_125007_bb495b,2024-01-08,600350.SH,4600,0,21.063292,20.78148,-1296.3352,1
20260816_125007_bb495b,2024-01-08,000937.SZ,1100,0,83.753972,82.54729,-1327.3502,1
20260816_125007_bb495b,2024-01-08,002052.SZ,6900,0,14.130905,13.77236,-2473.9605,1
20260816_125007_bb495b,2024-01-09,603969.SH,3900,3900,23.574517,25.91352,9122.1117,55
20260816_125007_bb495b,2024-01-09,603980.SH,12600,12600,7.809592,7.96794,1995.1848,48
20260816_125007_bb495b,2024-01-09,600025.SH,10600,10600,9.28206,10.23194,10068.728,48
20260816_125007_bb495b,2024-01-09,601139.SH,5600,5600,18.291581,17.36658,-5180.0056,19
20260816_125007_bb495b,2024-01-09,000429.SZ,2600,2600,39.278817,39.94385,1729.0858,18
20260816_125007_bb495b,2024-01-09,601179.SH,17700,17700,5.633895,5.77584,2512.4265,11
20260816_125007_bb495b,2024-01-09,000883.SZ,4000,4000,25.424528,25.10488,-1278.592,4
20260816_125007_bb495b,2024-01-09,002128.SZ,2100,2100,47.522541,47.0524,-987.2961,3
20260816_125007_bb495b,2024-01-09,600350.SH,4600,4600,21.063292,21.09377,140.1988,2
20260816_125007_bb495b,2024-01-09,000937.SZ,1100,1100,83.753972,83.7596,6.1908,2
20260816_125007_bb495b,2024-01-09,002052.SZ,6900,6900,14.130905,13.77236,-2473.9605,2
20260816_125007_bb495b,2024-01-09,600066.SH,100,0,778.276445,785.25252,697.6075,1
20260816_125007_bb495b,2024-01-10,603969.SH,3900,3900,23.574517,25.63488,8035.4157,56
20260816_125007_bb495b,2024-01-10,603980.SH,12600,12600,7.809592,7.96794,1995.1848,49
20260816_125007_bb495b,2024-01-10,600025.SH,10600,10600,9.28206,10.18446,9565.44,49
20260816_125007_bb495b,2024-01-10,601139.SH,5600,5600,18.291581,17.19116,-6162.3576,20
20260816_125007_bb495b,2024-01-10,000429.SZ,2600,2600,39.278817,39.76533,1264.9338,19
20260816_125007_bb495b,2024-01-10,601179.SH,17700,17700,5.633895,5.74146,1903.9005,12
20260816_125007_bb495b,2024-01-10,000883.SZ,4000,4000,25.424528,24.98972,-1739.232,5
20260816_125007_bb495b,2024-01-10,002128.SZ,2100,2100,47.522541,46.7048,-1717.2561,4
20260816_125007_bb495b,2024-01-10,600350.SH,4600,4600,21.063292,21.15055,401.3868,3
20260816_125007_bb495b,2024-01-10,000937.SZ,1100,1100,83.753972,83.86981,127.4218,3
20260816_125007_bb495b,2024-01-10,002052.SZ,6900,6900,14.130905,13.77236,-2473.9605,3
20260816_125007_bb495b,2024-01-10,600066.SH,100,100,778.276445,818.6337,4035.7255,2
20260816_125007_bb495b,2024-01-11,603969.SH,3900,3900,23.574517,26.42436,11114.3877,57
20260816_125007_bb495b,2024-01-11,603980.SH,12600,12600,7.809592,7.98475,2206.9908,50
20260816_125007_bb495b,2024-01-11,600025.SH,10600,10600,9.28206,10.03015,7929.754,50
20260816_125007_bb495b,2024-01-11,601139.SH,5600,5600,18.291581,17.1661,-6302.6936,21
20260816_125007_bb495b,2024-01-11,000429.SZ,2600,2600,39.278817,39.18514,-243.5602,20
20260816_125007_bb495b,2024-01-11,601179.SH,17700,17700,5.633895,5.73,1701.0585,13
20260816_125007_bb495b,2024-01-11,000883.SZ,4000,4000,25.424528,25.0473,-1508.912,6
20260816_125007_bb495b,2024-01-11,002128.SZ,2100,2100,47.522541,46.0412,-3110.8161,5
20260816_125007_bb495b,2024-01-11,600350.SH,4600,4600,21.063292,20.86665,-904.5532,4
20260816_125007_bb495b,2024-01-11,000937.SZ,1100,1100,83.753972,82.54729,-1327.3502,4
20260816_125007_bb495b,2024-01-11,002052.SZ,6900,6900,14.130905,13.77236,-2473.9605,4
20260816_125007_bb495b,2024-01-11,600066.SH,100,100,778.276445,830.82048,5254.4035,3
20260816_125007_bb495b,2024-01-12,603969.SH,3900,3900,23.574517,26.84232,12744.4317,58
20260816_125007_bb495b,2024-01-12,603980.SH,12600,12600,7.809592,7.95113,1783.3788,51
20260816_125007_bb495b,2024-01-12,600025.SH,10600,10600,9.28206,10.17259,9439.618,51
20260816_125007_bb495b,2024-01-12,601139.SH,5600,5600,18.291581,17.19116,-6162.3576,22
20260816_125007_bb495b,2024-01-12,000429.SZ,2600,2600,39.278817,39.7207,1148.8958,21
20260816_125007_bb495b,2024-01-12,601179.SH,17700,17700,5.633895,5.82168,3323.7945,14
20260816_125007_bb495b,2024-01-12,000883.SZ,4000,4000,25.424528,25.3352,-357.312,7
20260816_125007_bb495b,2024-01-12,002128.SZ,2100,2100,47.522541,47.0208,-1053.6561,6
20260816_125007_bb495b,2024-01-12,600350.SH,4600,4600,21.063292,20.95182,-512.7712,5
20260816_125007_bb495b,2024-01-12,000937.SZ,1100,1100,83.753972,82.87792,-963.6572,5
20260816_125007_bb495b,2024-01-12,002052.SZ,6900,6900,14.130905,13.77236,-2473.9605,5
20260816_125007_bb495b,2024-01-12,600066.SH,100,100,778.276445,813.3351,3505.8655,4
20260816_125007_bb495b,2024-01-15,603969.SH,3900,3900,23.574517,27.3996,14917.8237,59
20260816_125007_bb495b,2024-01-15,603980.SH,12600,12600,7.809592,7.91751,1359.7668,52
20260816_125007_bb495b,2024-01-15,600025.SH,10600,10600,9.28206,10.29129,10697.838,52
20260816_125007_bb495b,2024-01-15,601139.SH,5600,5600,18.291581,17.06586,-6864.0376,23
20260816_125007_bb495b,2024-01-15,000429.SZ,2600,2600,39.278817,40.03311,1961.1618,22
20260816_125007_bb495b,2024-01-15,601179.SH,17700,17700,5.633895,5.9592,5757.8985,15
20260816_125007_bb495b,2024-01-15,000883.SZ,4000,4000,25.424528,25.3352,-357.312,8
20260816_125007_bb495b,2024-01-15,002128.SZ,2100,2100,47.522541,46.9576,-1186.3761,7
20260816_125007_bb495b,2024-01-15,600350.SH,4600,4600,21.063292,21.23572,793.1688,6
20260816_125007_bb495b,2024-01-15,000937.SZ,1100,1100,83.753972,83.31876,-478.7332,6
20260816_125007_bb495b,2024-01-15,002052.SZ,6900,6900,14.130905,13.77236,-2473.9605,6
20260816_125007_bb495b,2024-01-15,600066.SH,100,100,778.276445,822.34272,4406.6275,5
20260816_125007_bb495b,2024-01-16,603969.SH,3900,3900,23.574517,27.6318,15823.4037,60
20260816_125007_bb495b,2024-01-16,603980.SH,12600,12600,7.809592,7.93432,1571.5728,53
20260816_125007_bb495b,2024-01-16,600025.SH,10600,10600,9.28206,10.35064,11326.948,53
20260816_125007_bb495b,2024-01-16,601139.SH,5600,5600,18.291581,16.9155,-7706.0536,24
20260816_125007_bb495b,2024-01-16,000429.SZ,2600,2600,39.278817,40.30089,2657.3898,23
20260816_125007_bb495b,2024-01-16,601179.SH,17700,17700,5.633895,5.97066,5960.7405,16
20260816_125007_bb495b,2024-01-16,000883.SZ,4000,4000,25.424528,25.27762,-587.632,9
20260816_125007_bb495b,2024-01-16,002128.SZ,2100,2100,47.522541,46.7996,-1518.1761,8
20260816_125007_bb495b,2024-01-16,600350.SH,4600,4600,21.063292,21.20733,662.5748,7
20260816_125007_bb495b,2024-01-16,000937.SZ,1100,1100,83.753972,83.53918,-236.2712,7
20260816_125007_bb495b,2024-01-16,002052.SZ,6900,6900,14.130905,13.77236,-2473.9605,7
20260816_125007_bb495b,2024-01-16,600066.SH,100,100,778.276445,838.76838,6049.1935,6
20260816_125007_bb495b,2024-01-17,603980.SH,12600,12600,7.809592,8.03518,2842.4088,54
20260816_125007_bb495b,2024-01-17,600025.SH,10600,10600,9.28206,10.24381,10194.55,54
20260816_125007_bb495b,2024-01-17,601139.SH,5600,5600,18.291581,16.58972,-9530.4216,25
20260816_125007_bb495b,2024-01-17,000429.SZ,2600,2600,39.278817,40.07774,2077.1998,24
20260816_125007_bb495b,2024-01-17,601179.SH,17700,17700,5.633895,5.91336,4946.5305,17
20260816_125007_bb495b,2024-01-17,000883.SZ,4000,4000,25.424528,24.93214,-1969.552,10
20260816_125007_bb495b,2024-01-17,002128.SZ,2100,2100,47.522541,46.2624,-2646.2961,9
20260816_125007_bb495b,2024-01-17,600350.SH,4600,4600,21.063292,20.92343,-643.3652,8
20260816_125007_bb495b,2024-01-17,000937.SZ,1100,1100,83.753972,82.32687,-1569.8122,8
20260816_125007_bb495b,2024-01-17,002052.SZ,6900,6900,14.130905,13.77236,-2473.9605,8
20260816_125007_bb495b,2024-01-17,600066.SH,100,100,778.276445,837.70866,5943.2215,7
20260816_125007_bb495b,2024-01-18,603980.SH,12600,12600,7.809592,8.22009,5172.2748,55
20260816_125007_bb495b,2024-01-18,600025.SH,10600,10600,9.28206,10.17259,9439.618,55
20260816_125007_bb495b,2024-01-18,601139.SH,5600,5600,18.291581,16.08852,-12337.1416,26
20260816_125007_bb495b,2024-01-18,000429.SZ,2600,2600,39.278817,39.76533,1264.9338,25
20260816_125007_bb495b,2024-01-18,601179.SH,17700,17700,5.633895,5.82168,3323.7945,18
20260816_125007_bb495b,2024-01-18,000883.SZ,4000,4000,25.424528,24.4715,-3812.112,11
20260816_125007_bb495b,2024-01-18,002128.SZ,2100,2100,47.522541,45.5356,-4172.5761,10
20260816_125007_bb495b,2024-01-18,600350.SH,4600,4600,21.063292,20.92343,-643.3652,9
20260816_125007_bb495b,2024-01-18,000937.SZ,1100,1100,83.753972,81.5554,-2418.4292,9
20260816_125007_bb495b,2024-01-18,002052.SZ,6900,6900,14.130905,13.77236,-2473.9605,9
20260816_125007_bb495b,2024-01-18,600066.SH,100,100,778.276445,844.06698,6579.0535,8
20260816_125007_bb495b,2024-01-18,601169.SH,4600,0,21.497083,21.33716,-735.6458,1
20260816_125007_bb495b,2024-01-19,603980.SH,12600,12600,7.809592,8.30414,6231.3048,56
20260816_125007_bb495b,2024-01-19,600025.SH,10600,10600,9.28206,10.10137,8684.686,56
20260816_125007_bb495b,2024-01-19,000429.SZ,2600,2600,39.278817,39.80996,1380.9718,26
20260816_125007_bb495b,2024-01-19,601179.SH,17700,17700,5.633895,5.75292,2106.7425,19
20260816_125007_bb495b,2024-01-19,000883.SZ,4000,4000,25.424528,24.29876,-4503.072,12
20260816_125007_bb495b,2024-01-19,002128.SZ,2100,2100,47.522541,44.9352,-5433.4161,11
20260816_125007_bb495b,2024-01-19,600350.SH,4600,4600,21.063292,20.83826,-1035.1472,10
20260816_125007_bb495b,2024-01-19,000937.SZ,1100,1100,83.753972,80.01246,-4115.6632,10
20260816_125007_bb495b,2024-01-19,002052.SZ,6900,6900,14.130905,13.77236,-2473.9605,10
20260816_125007_bb495b,2024-01-19,600066.SH,100,100,778.276445,823.9323,4565.5855,9
20260816_125007_bb495b,2024-01-19,601169.SH,4600,4600,21.497083,21.38152,-531.5898,2
20260816_125007_bb495b,2024-01-22,603980.SH,12600,12600,7.809592,7.83346,300.7368,57
20260816_125007_bb495b,2024-01-22,600025.SH,10600,10600,9.28206,9.86397,6168.246,57
20260816_125007_bb495b,2024-01-22,000429.SZ,2600,2600,39.278817,39.22977,-127.5222,27
20260816_125007_bb495b,2024-01-22,601179.SH,17700,17700,5.633895,5.52372,-1950.0975,20
20260816_125007_bb495b,2024-01-22,000883.SZ,4000,4000,25.424528,23.26232,-8648.832,13
20260816_125007_bb495b,2024-01-22,002128.SZ,2100,2100,47.522541,43.5448,-8353.2561,12
20260816_125007_bb495b,2024-01-22,600350.SH,4600,4600,21.063292,20.21368,-3908.2152,11
20260816_125007_bb495b,2024-01-22,000937.SZ,1100,1100,83.753972,77.47763,-6903.9762,11
20260816_125007_bb495b,2024-01-22,002052.SZ,6900,6900,14.130905,14.45416,2230.4595,11
20260816_125007_bb495b,2024-01-22,600066.SH,100,100,778.276445,795.31986,1704.3415,10
20260816_125007_bb495b,2024-01-22,601169.SH,4600,4600,21.497083,21.11536,-1755.9258,3
20260816_125007_bb495b,2024-01-22,605003.SH,3700,0,26.778238,26.149,-2328.1806,1
20260816_125007_bb495b,2024-01-23,603980.SH,12600,12600,7.809592,7.04339,-9654.1452,58
20260816_125007_bb495b,2024-01-23,600025.SH,10600,10600,9.28206,10.00641,7678.11,58
20260816_125007_bb495b,2024-01-23,000429.SZ,2600,2600,39.278817,39.22977,-127.5222,28
20260816_125007_bb495b,2024-01-23,601179.SH,17700,17700,5.633895,5.51226,-2152.9395,21
20260816_125007_bb495b,2024-01-23,000883.SZ,4000,4000,25.424528,23.3199,-8418.512,14
20260816_125007_bb495b,2024-01-23,002128.SZ,2100,2100,47.522541,44.1452,-7092.4161,13
20260816_125007_bb495b,2024-01-23,600350.SH,4600,4600,21.063292,20.46919,-2732.8692,12
20260816_125007_bb495b,2024-01-23,000937.SZ,1100,1100,83.753972,78.80015,-5449.2042,12
20260816_125007_bb495b,2024-01-23,002052.SZ,6900,6900,14.130905,15.20414,7405.3215,12
20260816_125007_bb495b,2024-01-23,600066.SH,100,100,778.276445,809.62608,3134.9635,11
20260816_125007_bb495b,2024-01-23,601169.SH,4600,4600,21.497083,21.11536,-1755.9258,4
20260816_125007_bb495b,2024-01-23,605003.SH,3700,3700,26.778238,24.33512,-9039.5366,2
20260816_125007_bb495b,2024-01-24,603980.SH,12600,12600,7.809592,7.11063,-8806.9212,59
20260816_125007_bb495b,2024-01-24,600025.SH,10600,10600,9.28206,10.19633,9691.262,59
20260816_125007_bb495b,2024-01-24,000429.SZ,2600,2600,39.278817,39.7207,1148.8958,29
20260816_125007_bb495b,2024-01-24,601179.SH,17700,17700,5.633895,5.76438,2309.5845,22
20260816_125007_bb495b,2024-01-24,000883.SZ,4000,4000,25.424528,24.01086,-5654.672,15
20260816_125007_bb495b,2024-01-24,002128.SZ,2100,2100,47.522541,44.8404,-5632.4961,14
20260816_125007_bb495b,2024-01-24,600350.SH,4600,4600,21.063292,20.98021,-382.1772,13
20260816_125007_bb495b,2024-01-24,000937.SZ,1100,1100,83.753972,80.4533,-3630.7392,13
20260816_125007_bb495b,2024-01-24,002052.SZ,6900,6900,14.130905,15.95412,12580.1835,13
20260816_125007_bb495b,2024-01-24,600066.SH,100,100,778.276445,814.92468,3664.8235,12
20260816_125007_bb495b,2024-01-24,601169.SH,4600,4600,21.497083,21.60332,488.6902,5
20260816_125007_bb495b,2024-01-24,605003.SH,3700,3700,26.778238,24.98388,-6639.1246,3
20260816_125007_bb495b,2024-01-25,603980.SH,12600,12600,7.809592,7.36278,-5629.8312,60
20260816_125007_bb495b,2024-01-25,600025.SH,10600,10600,9.28206,10.27942,10572.016,60
20260816_125007_bb495b,2024-01-25,000429.SZ,2600,2600,39.278817,39.40829,336.6298,30
20260816_125007_bb495b,2024-01-25,601179.SH,17700,17700,5.633895,6.03942,7177.7925,23
20260816_125007_bb495b,2024-01-25,000883.SZ,4000,4000,25.424528,24.7594,-2660.512,16
20260816_125007_bb495b,2024-01-25,002128.SZ,2100,2100,47.522541,47.084,-920.9361,15
20260816_125007_bb495b,2024-01-25,600350.SH,4600,4600,21.063292,21.09377,140.1988,14
20260816_125007_bb495b,2024-01-25,000937.SZ,1100,1100,83.753972,84.20044,491.1148,14
20260816_125007_bb495b,2024-01-25,002052.SZ,6900,6900,14.130905,16.77228,18225.4875,14
20260816_125007_bb495b,2024-01-25,600066.SH,100,100,778.276445,821.283,4300.6555,13
20260816_125007_bb495b,2024-01-25,601169.SH,4600,4600,21.497083,21.7364,1100.8582,6
20260816_125007_bb495b,2024-01-25,605003.SH,3700,3700,26.778238,25.27516,-5561.3886,4
20260816_125007_bb495b,2024-01-26,000429.SZ,2600,2600,39.278817,40.47941,3121.5418,31
20260816_125007_bb495b,2024-01-26,601179.SH,17700,17700,5.633895,5.99358,6366.4245,24
20260816_125007_bb495b,2024-01-26,000883.SZ,4000,4000,25.424528,25.22004,-817.952,17
20260816_125007_bb495b,2024-01-26,002128.SZ,2100,2100,47.522541,47.242,-589.1361,16
20260816_125007_bb495b,2024-01-26,600350.SH,4600,4600,21.063292,21.49123,1968.5148,15
20260816_125007_bb495b,2024-01-26,000937.SZ,1100,1100,83.753972,84.75149,1097.2698,15
20260816_125007_bb495b,2024-01-26,002052.SZ,6900,6900,14.130905,17.045,20107.2555,15
20260816_125007_bb495b,2024-01-26,600066.SH,100,100,778.276445,840.88782,6261.1375,14
20260816_125007_bb495b,2024-01-26,601169.SH,4600,4600,21.497083,22.00256,2325.1942,7
20260816_125007_bb495b,2024-01-26,605003.SH,3700,3700,26.778238,25.56644,-4483.6526,5
20260816_125007_bb495b,2024-01-29,000429.SZ,2600,2600,39.278817,40.65793,3585.6938,32
20260816_125007_bb495b,2024-01-29,601179.SH,17700,17700,5.633895,6.0165,6772.1085,25
20260816_125007_bb495b,2024-01-29,000883.SZ,4000,4000,25.424528,25.27762,-587.632,18
20260816_125007_bb495b,2024-01-29,002128.SZ,2100,2100,47.522541,47.7792,538.9839,17
20260816_125007_bb495b,2024-01-29,600350.SH,4600,4600,21.063292,21.51962,2099.1088,16
20260816_125007_bb495b,2024-01-29,000937.SZ,1100,1100,83.753972,84.42086,733.5768,16
20260816_125007_bb495b,2024-01-29,002052.SZ,6900,6900,14.130905,16.22684,14461.9515,16
20260816_125007_bb495b,2024-01-29,600066.SH,100,100,778.276445,825.52188,4724.5435,15
20260816_125007_bb495b,2024-01-29,601169.SH,4600,4600,21.497083,22.53488,4773.8662,8
20260816_125007_bb495b,2024-01-29,605003.SH,3700,3700,26.778238,24.77204,-7422.9326,6
20260816_125007_bb495b,2024-01-29,601229.SH,4900,0,20.833494,20.77512,-286.0326,1
20260816_125007_bb495b,2024-01-29,601818.SH,17900,0,5.713124,5.77891,1177.5694,1
20260816_125007_bb495b,2024-01-30,000429.SZ,2600,2600,39.278817,40.6133,3469.6558,33
20260816_125007_bb495b,2024-01-30,601179.SH,17700,17700,5.633895,5.89044,4540.8465,26
20260816_125007_bb495b,2024-01-30,000883.SZ,4000,4000,25.424528,24.87456,-2199.872,19
20260816_125007_bb495b,2024-01-30,002128.SZ,2100,2100,47.522541,47.0524,-987.2961,18
20260816_125007_bb495b,2024-01-30,600350.SH,4600,4600,21.063292,21.5764,2360.2968,17
20260816_125007_bb495b,2024-01-30,000937.SZ,1100,1100,83.753972,83.09834,-721.1952,17
20260816_125007_bb495b,2024-01-30,002052.SZ,6900,6900,14.130905,15.40868,8816.6475,17
20260816_125007_bb495b,2024-01-30,600066.SH,100,100,778.276445,799.02888,2075.2435,16
20260816_125007_bb495b,2024-01-30,601169.SH,4600,4600,21.497083,22.4018,4161.6982,9
20260816_125007_bb495b,2024-01-30,605003.SH,3700,3700,26.778238,23.88496,-10705.1286,7
20260816_125007_bb495b,2024-01-30,601229.SH,4900,4900,20.833494,20.5486,-1395.9806,2
20260816_125007_bb495b,2024-01-30,601818.SH,17900,17900,5.713124,5.70599,-127.6986,2
20260816_125007_bb495b,2024-01-31,000429.SZ,2600,2600,39.278817,40.79182,3933.8078,34
20260816_125007_bb495b,2024-01-31,601179.SH,17700,17700,5.633895,5.8446,3729.4785,27
20260816_125007_bb495b,2024-01-31,000883.SZ,4000,4000,25.424528,24.93214,-1969.552,20
20260816_125007_bb495b,2024-01-31,002128.SZ,2100,2100,47.522541,46.6732,-1783.6161,19
20260816_125007_bb495b,2024-01-31,600350.SH,4600,4600,21.063292,21.63318,2621.4848,18
20260816_125007_bb495b,2024-01-31,000937.SZ,1100,1100,83.753972,83.09834,-721.1952,18
20260816_125007_bb495b,2024-01-31,002052.SZ,6900,6900,14.130905,14.6587,3641.7855,18
20260816_125007_bb495b,2024-01-31,600066.SH,100,100,778.276445,802.7379,2446.1455,17
20260816_125007_bb495b,2024-01-31,601169.SH,4600,4600,21.497083,22.6236,5181.9782,10
20260816_125007_bb495b,2024-01-31,605003.SH,3700,3700,26.778238,22.60068,-15456.9646,8
20260816_125007_bb495b,2024-01-31,601229.SH,4900,4900,20.833494,20.7104,-603.1606,3
20260816_125007_bb495b,2024-01-31,601818.SH,17900,17900,5.713124,5.74245,524.9354,3
20260816_125007_bb495b,2024-02-01,000429.SZ,2600,2600,39.278817,40.83645,4049.8458,35
20260816_125007_bb495b,2024-02-01,601179.SH,17700,17700,5.633895,5.63832,78.3225,28
20260816_125007_bb495b,2024-02-01,000883.SZ,4000,4000,25.424528,24.70182,-2890.832,21
20260816_125007_bb495b,2024-02-01,002128.SZ,2100,2100,47.522541,46.0728,-3044.4561,20
20260816_125007_bb495b,2024-02-01,600350.SH,4600,4600,21.063292,21.51962,2099.1088,19
20260816_125007_bb495b,2024-02-01,000937.SZ,1100,1100,83.753972,80.56351,-3509.5082,19
20260816_125007_bb495b,2024-02-01,002052.SZ,6900,6900,14.130905,13.90872,-1533.0765,19
20260816_125007_bb495b,2024-02-01,600066.SH,100,100,778.276445,804.85734,2658.0895,18
20260816_125007_bb495b,2024-02-01,601169.SH,4600,4600,21.497083,22.4018,4161.6982,11
20260816_125007_bb495b,2024-02-01,601229.SH,4900,4900,20.833494,20.61332,-1078.8526,4
20260816_125007_bb495b,2024-02-01,601818.SH,17900,17900,5.713124,5.66953,-780.3326,4
20260816_125007_bb495b,2024-02-02,000429.SZ,2600,2600,39.278817,41.72905,6370.6058,36
20260816_125007_bb495b,2024-02-02,601179.SH,17700,17700,5.633895,5.56956,-1138.7295,29
20260816_125007_bb495b,2024-02-02,000883.SZ,4000,4000,25.424528,24.12602,-5194.032,22
20260816_125007_bb495b,2024-02-02,002128.SZ,2100,2100,47.522541,45.6304,-3973.4961,21
20260816_125007_bb495b,2024-02-02,600350.SH,4600,4600,21.063292,21.88869,3796.8308,20
20260816_125007_bb495b,2024-02-02,000937.SZ,1100,1100,83.753972,80.12267,-3994.4322,20
20260816_125007_bb495b,2024-02-02,002052.SZ,6900,6900,14.130905,13.22692,-6237.4965,20
20260816_125007_bb495b,2024-02-02,600066.SH,100,100,778.276445,800.61846,2234.2015,19
20260816_125007_bb495b,2024-02-02,601169.SH,4600,4600,21.497083,22.53488,4773.8662,12
20260816_125007_bb495b,2024-02-02,601229.SH,4900,4900,20.833494,20.58096,-1237.4166,5
20260816_125007_bb495b,2024-02-02,601818.SH,17900,17900,5.713124,5.70599,-127.6986,5
20260816_125007_bb495b,2024-02-05,000429.SZ,2600,2600,39.278817,43.51425,11012.1258,37
20260816_125007_bb495b,2024-02-05,601179.SH,17700,17700,5.633895,5.40912,-3978.5175,30
20260816_125007_bb495b,2024-02-05,000883.SZ,4000,4000,25.424528,23.66538,-7036.592,23
20260816_125007_bb495b,2024-02-05,002128.SZ,2100,2100,47.522541,45.6304,-3973.4961,22
20260816_125007_bb495b,2024-02-05,600350.SH,4600,4600,21.063292,22.34293,5886.3348,21
20260816_125007_bb495b,2024-02-05,000937.SZ,1100,1100,83.753972,79.68183,-4479.3562,21
20260816_125007_bb495b,2024-02-05,002052.SZ,6900,6900,14.130905,12.54512,-10941.9165,21
20260816_125007_bb495b,2024-02-05,600066.SH,100,100,778.276445,803.26776,2499.1315,20
20260816_125007_bb495b,2024-02-05,601169.SH,4600,4600,21.497083,22.75668,5794.1462,13
20260816_125007_bb495b,2024-02-05,601229.SH,4900,4900,20.833494,20.64568,-920.2886,6
20260816_125007_bb495b,2024-02-05,601818.SH,17900,17900,5.713124,5.76068,851.2524,6
20260816_125007_bb495b,2024-02-05,600012.SH,2700,0,35.096975,36.05071,2575.0845,1
20260816_125007_bb495b,2024-02-06,000429.SZ,2600,2600,39.278817,42.66628,8807.4038,38
20260816_125007_bb495b,2024-02-06,601179.SH,17700,17700,5.633895,5.91336,4946.5305,31
20260816_125007_bb495b,2024-02-06,000883.SZ,4000,4000,25.424528,25.16246,-1048.272,24
20260816_125007_bb495b,2024-02-06,002128.SZ,2100,2100,47.522541,47.5264,8.1039,23
20260816_125007_bb495b,2024-02-06,600350.SH,4600,4600,21.063292,22.88234,8367.6208,22
20260816_125007_bb495b,2024-02-06,000937.SZ,1100,1100,83.753972,81.11456,-2903.3532,22
20260816_125007_bb495b,2024-02-06,002052.SZ,6900,6900,14.130905,11.9315,-15175.8945,22
20260816_125007_bb495b,2024-02-06,600066.SH,100,100,778.276445,837.1788,5890.2355,21
20260816_125007_bb495b,2024-02-06,601169.SH,4600,4600,21.497083,22.6236,5181.9782,14
20260816_125007_bb495b,2024-02-06,601229.SH,4900,4900,20.833494,20.96928,665.3514,7
20260816_125007_bb495b,2024-02-06,601818.SH,17900,17900,5.713124,5.79714,1503.8864,7
20260816_125007_bb495b,2024-02-06,600012.SH,2700,2700,35.096975,37.04827,5268.4965,2
20260816_125007_bb495b,2024-02-07,000429.SZ,2600,2600,39.278817,42.66628,8807.4038,39
20260816_125007_bb495b,2024-02-07,601179.SH,17700,17700,5.633895,6.10818,8394.8445,32
20260816_125007_bb495b,2024-02-07,000883.SZ,4000,4000,25.424528,26.1989,3097.488,25
20260816_125007_bb495b,2024-02-07,002128.SZ,2100,2100,47.522541,50.1492,5515.9839,24
20260816_125007_bb495b,2024-02-07,600350.SH,4600,4600,21.063292,23.08107,9281.7788,23
20260816_125007_bb495b,2024-02-07,000937.SZ,1100,1100,83.753972,83.42897,-357.5022,23
20260816_125007_bb495b,2024-02-07,600066.SH,100,100,778.276445,907.65018,12937.3735,22
20260816_125007_bb495b,2024-02-07,601169.SH,4600,4600,21.497083,22.26872,3549.5302,15
20260816_125007_bb495b,2024-02-07,601229.SH,4900,4900,20.833494,20.7104,-603.1606,8
20260816_125007_bb495b,2024-02-07,601818.SH,17900,17900,5.713124,5.70599,-127.6986,8
20260816_125007_bb495b,2024-02-07,600012.SH,2700,2700,35.096975,37.18682,5642.5815,3
20260816_125007_bb495b,2024-02-08,000429.SZ,2600,2600,39.278817,42.3985,8111.1758,40
20260816_125007_bb495b,2024-02-08,601179.SH,17700,17700,5.633895,6.0165,6772.1085,33
20260816_125007_bb495b,2024-02-08,000883.SZ,4000,4000,25.424528,26.08374,2636.848,26
20260816_125007_bb495b,2024-02-08,002128.SZ,2100,2100,47.522541,49.3276,3790.6239,25
20260816_125007_bb495b,2024-02-08,600350.SH,4600,4600,21.063292,22.34293,5886.3348,24
20260816_125007_bb495b,2024-02-08,000937.SZ,1100,1100,83.753972,83.09834,-721.1952,24
20260816_125007_bb495b,2024-02-08,600066.SH,100,100,778.276445,889.63494,11135.8495,23
20260816_125007_bb495b,2024-02-08,601169.SH,4600,4600,21.497083,22.13564,2937.3622,16
20260816_125007_bb495b,2024-02-08,601229.SH,4900,4900,20.833494,20.48388,-1713.1086,9
20260816_125007_bb495b,2024-02-08,601818.SH,17900,17900,5.713124,5.74245,524.9354,9
20260816_125007_bb495b,2024-02-08,600012.SH,2700,2700,35.096975,36.21697,3023.9865,4
20260816_125007_bb495b,2024-02-19,000429.SZ,2600,2600,39.278817,43.2911,10431.9358,41
20260816_125007_bb495b,2024-02-19,601179.SH,17700,17700,5.633895,6.0165,6772.1085,34
20260816_125007_bb495b,2024-02-19,000883.SZ,4000,4000,25.424528,26.14132,2867.168,27
20260816_125007_bb495b,2024-02-19,002128.SZ,2100,2100,47.522541,51.034,7374.0639,26
20260816_125007_bb495b,2024-02-19,600350.SH,4600,4600,21.063292,23.39336,10718.3128,25
20260816_125007_bb495b,2024-02-19,000937.SZ,1100,1100,83.753972,85.63317,2067.1178,25
20260816_125007_bb495b,2024-02-19,600066.SH,100,100,778.276445,896.52312,11824.6675,24
20260816_125007_bb495b,2024-02-19,601169.SH,4600,4600,21.497083,22.6236,5181.9782,17
20260816_125007_bb495b,2024-02-19,601229.SH,4900,4900,20.833494,20.90456,348.2234,10
20260816_125007_bb495b,2024-02-19,601818.SH,17900,17900,5.713124,5.81537,1830.2034,10
20260816_125007_bb495b,2024-02-19,600012.SH,2700,2700,35.096975,38.07354,8036.7255,5
20260816_125007_bb495b,2024-02-19,600585.SH,600,0,136.601833,135.98062,-372.7278,1
20260816_125007_bb495b,2024-02-20,000429.SZ,2600,2600,39.278817,44.22833,12868.7338,42
20260816_125007_bb495b,2024-02-20,601179.SH,17700,17700,5.633895,6.05088,7380.6345,35
20260816_125007_bb495b,2024-02-20,000883.SZ,4000,4000,25.424528,26.14132,2867.168,28
20260816_125007_bb495b,2024-02-20,002128.SZ,2100,2100,47.522541,51.034,7374.0639,27
20260816_125007_bb495b,2024-02-20,600350.SH,4600,4600,21.063292,23.70565,12154.8468,26
20260816_125007_bb495b,2024-02-20,000937.SZ,1100,1100,83.753972,87.50674,4128.0448,26
20260816_125007_bb495b,2024-02-20,600066.SH,100,100,778.276445,896.52312,11824.6675,25
20260816_125007_bb495b,2024-02-20,601169.SH,4600,4600,21.497083,22.88976,6406.3142,18
20260816_125007_bb495b,2024-02-20,601229.SH,4900,4900,20.833494,21.034,982.4794,11
20260816_125007_bb495b,2024-02-20,601818.SH,17900,17900,5.713124,5.90652,3461.7884,11
20260816_125007_bb495b,2024-02-20,600012.SH,2700,2700,35.096975,39.98553,13199.0985,6
20260816_125007_bb495b,2024-02-20,600585.SH,600,600,136.601833,137.78318,708.8082,2
20260816_125007_bb495b,2024-02-21,000429.SZ,2600,2600,39.278817,44.13907,12636.6578,43
20260816_125007_bb495b,2024-02-21,601179.SH,17700,17700,5.633895,5.99358,6366.4245,36
20260816_125007_bb495b,2024-02-21,000883.SZ,4000,4000,25.424528,25.85342,1715.568,29
20260816_125007_bb495b,2024-02-21,002128.SZ,2100,2100,47.522541,50.402,6046.8639,28
20260816_125007_bb495b,2024-02-21,600350.SH,4600,4600,21.063292,23.62048,11763.0648,27
20260816_125007_bb495b,2024-02-21,000937.SZ,1100,1100,83.753972,87.0659,3643.1208,27
20260816_125007_bb495b,2024-02-21,600066.SH,100,100,778.276445,890.1648,11188.8355,26
20260816_125007_bb495b,2024-02-21,601169.SH,4600,4600,21.497083,23.289,8242.8182,19
20260816_125007_bb495b,2024-02-21,601229.SH,4900,4900,20.833494,21.38996,2726.6834,12
20260816_125007_bb495b,2024-02-21,601818.SH,17900,17900,5.713124,5.99767,5093.3734,12
20260816_125007_bb495b,2024-02-21,600012.SH,2700,2700,35.096975,39.04339,10655.3205,7
20260816_125007_bb495b,2024-02-21,600585.SH,600,600,136.601833,139.36042,1655.1522,3
20260816_125007_bb495b,2024-02-22,000429.SZ,2600,2600,39.278817,44.71926,14145.1518,44
20260816_125007_bb495b,2024-02-22,601179.SH,17700,17700,5.633895,5.98212,6163.5825,37
20260816_125007_bb495b,2024-02-22,000883.SZ,4000,4000,25.424528,25.85342,1715.568,30
20260816_125007_bb495b,2024-02-22,002128.SZ,2100,2100,47.522541,51.982,9364.8639,29
20260816_125007_bb495b,2024-02-22,600350.SH,4600,4600,21.063292,23.73404,12285.4408,28
20260816_125007_bb495b,2024-02-22,000937.SZ,1100,1100,83.753972,92.79682,9947.1328,28
20260816_125007_bb495b,2024-02-22,600066.SH,100,100,778.276445,918.24738,13997.0935,27
20260816_125007_bb495b,2024-02-22,601169.SH,4600,4600,21.497083,23.33336,8446.8742,20
20260816_125007_bb495b,2024-02-22,601229.SH,4900,4900,20.833494,21.42232,2885.2474,13
20260816_125007_bb495b,2024-02-22,601818.SH,17900,17900,5.713124,5.99767,5093.3734,13
20260816_125007_bb495b,2024-02-22,600012.SH,2700,2700,35.096975,39.26507,11253.8565,8
20260816_125007_bb495b,2024-02-22,600585.SH,600,600,136.601833,139.02244,1452.3642,4
20260816_125007_bb495b,2024-02-23,000429.SZ,2600,2600,39.278817,44.09444,12520.6198,45
20260816_125007_bb495b,2024-02-23,601179.SH,17700,17700,5.633895,6.03942,7177.7925,38
20260816_125007_bb495b,2024-02-23,000883.SZ,4000,4000,25.424528,25.79584,1485.248,31
20260816_125007_bb495b,2024-02-23,002128.SZ,2100,2100,47.522541,52.298,10028.4639,30
20260816_125007_bb495b,2024-02-23,600350.SH,4600,4600,21.063292,23.76243,12416.0348,29
20260816_125007_bb495b,2024-02-23,000937.SZ,1100,1100,83.753972,91.91514,8977.2848,29
20260816_125007_bb495b,2024-02-23,600066.SH,100,100,778.276445,915.59808,13732.1635,28
20260816_125007_bb495b,2024-02-23,601169.SH,4600,4600,21.497083,23.64388,9875.2662,21
20260816_125007_bb495b,2024-02-23,601229.SH,4900,4900,20.833494,21.5194,3360.9394,14
20260816_125007_bb495b,2024-02-23,601818.SH,17900,17900,5.713124,5.97944,4767.0564,14
20260816_125007_bb495b,2024-02-23,600012.SH,2700,2700,35.096975,38.62774,9533.0655,9
20260816_125007_bb495b,2024-02-23,600585.SH,600,600,136.601833,138.5718,1181.9802,5
20260816_125007_bb495b,2024-02-26,000429.SZ,2600,2600,39.278817,42.35387,7995.1378,46
20260816_125007_bb495b,2024-02-26,601179.SH,17700,17700,5.633895,6.10818,8394.8445,39
20260816_125007_bb495b,2024-02-26,000883.SZ,4000,4000,25.424528,25.39278,-126.992,32
20260816_125007_bb495b,2024-02-26,002128.SZ,2100,2100,47.522541,51.5396,8435.8239,31
20260816_125007_bb495b,2024-02-26,600350.SH,4600,4600,21.063292,22.65522,7322.8688,30
20260816_125007_bb495b,2024-02-26,000937.SZ,1100,1100,83.753972,89.49052,6310.2028,30
20260816_125007_bb495b,2024-02-26,600066.SH,100,100,778.276445,925.13556,14685.9115,29
20260816_125007_bb495b,2024-02-26,601169.SH,4600,4600,21.497083,22.93412,6610.3702,22
20260816_125007_bb495b,2024-02-26,601229.SH,4900,4900,20.833494,21.00164,823.9154,15
20260816_125007_bb495b,2024-02-26,601818.SH,17900,17900,5.713124,5.87006,2809.1544,15
20260816_125007_bb495b,2024-02-26,600012.SH,2700,2700,35.096975,36.93743,4969.2285,10
20260816_125007_bb495b,2024-02-26,600585.SH,600,600,136.601833,135.92429,-406.5258,6
20260816_125007_bb495b,2024-02-27,000429.SZ,2600,2600,39.278817,42.48776,8343.2518,47
20260816_125007_bb495b,2024-02-27,601179.SH,17700,17700,5.633895,6.14256,9003.3705,40
20260816_125007_bb495b,2024-02-27,000883.SZ,4000,4000,25.424528,25.6231,794.288,33
20260816_125007_bb495b,2024-02-27,002128.SZ,2100,2100,47.522541,52.0768,9563.9439,32
20260816_125007_bb495b,2024-02-27,600350.SH,4600,4600,21.063292,22.79717,7975.8388,31
20260816_125007_bb495b,2024-02-27,000937.SZ,1100,1100,83.753972,90.04157,6916.3578,31
20260816_125007_bb495b,2024-02-27,600066.SH,100,100,778.276445,975.47226,19719.5815,30
20260816_125007_bb495b,2024-02-27,601169.SH,4600,4600,21.497083,22.8454,6202.2582,23
20260816_125007_bb495b,2024-02-27,601229.SH,4900,4900,20.833494,21.09872,1299.6074,16
20260816_125007_bb495b,2024-02-27,601818.SH,17900,17900,5.713124,5.85183,2482.8374,16
20260816_125007_bb495b,2024-02-27,600012.SH,2700,2700,35.096975,36.60491,4071.4245,11
20260816_125007_bb495b,2024-02-27,600585.SH,600,600,136.601833,135.52998,-643.1118,7
20260816_125007_bb495b,2024-02-28,000429.SZ,2600,2600,39.278817,43.42499,10780.0498,48
20260816_125007_bb495b,2024-02-28,601179.SH,17700,17700,5.633895,5.9592,5757.8985,41
20260816_125007_bb495b,2024-02-28,000883.SZ,4000,4000,25.424528,25.73826,1254.928,34
20260816_125007_bb495b,2024-02-28,002128.SZ,2100,2100,47.522541,51.8872,9165.7839,33
20260816_125007_bb495b,2024-02-28,600350.SH,4600,4600,21.063292,23.13785,9542.9668,32
20260816_125007_bb495b,2024-02-28,000937.SZ,1100,1100,83.753972,88.60884,5340.3548,32
20260816_125007_bb495b,2024-02-28,600066.SH,100,100,778.276445,919.83696,14156.0515,31
20260816_125007_bb495b,2024-02-28,601169.SH,4600,4600,21.497083,22.97848,6814.4262,24
20260816_125007_bb495b,2024-02-28,601229.SH,4900,4900,20.833494,21.06636,1141.0434,17
20260816_125007_bb495b,2024-02-28,601818.SH,17900,17900,5.713124,5.85183,2482.8374,17
20260816_125007_bb495b,2024-02-28,600012.SH,2700,2700,35.096975,36.66033,4221.0585,12
20260816_125007_bb495b,2024-02-28,600585.SH,600,600,136.601833,134.40338,-1319.0718,8
20260816_125007_bb495b,2024-02-29,000429.SZ,2600,2600,39.278817,42.93406,9503.6318,49
20260816_125007_bb495b,2024-02-29,601179.SH,17700,17700,5.633895,6.15402,9206.2125,42
20260816_125007_bb495b,2024-02-29,000883.SZ,4000,4000,25.424528,26.25648,3327.808,35
20260816_125007_bb495b,2024-02-29,002128.SZ,2100,2100,47.522541,52.4244,10293.9039,34
20260816_125007_bb495b,2024-02-29,600350.SH,4600,4600,21.063292,23.25141,10065.3428,33
20260816_125007_bb495b,2024-02-29,000937.SZ,1100,1100,83.753972,89.60073,6431.4338,33
20260816_125007_bb495b,2024-02-29,600066.SH,100,100,778.276445,989.24862,21097.2175,32
20260816_125007_bb495b,2024-02-29,601169.SH,4600,4600,21.497083,22.97848,6814.4262,25
20260816_125007_bb495b,2024-02-29,601229.SH,4900,4900,20.833494,21.13108,1458.1714,18
20260816_125007_bb495b,2024-02-29,601818.SH,17900,17900,5.713124,5.87006,2809.1544,18
20260816_125007_bb495b,2024-02-29,600012.SH,2700,2700,35.096975,37.24224,5792.2155,13
20260816_125007_bb495b,2024-02-29,600585.SH,600,600,136.601833,134.85402,-1048.6878,9
20260816_125007_bb495b,2024-03-01,000429.SZ,2600,2600,39.278817,42.93406,9503.6318,50
20260816_125007_bb495b,2024-03-01,601179.SH,17700,17700,5.633895,6.1884,9814.7385,43
20260816_125007_bb495b,2024-03-01,000883.SZ,4000,4000,25.424528,26.25648,3327.808,36
20260816_125007_bb495b,2024-03-01,002128.SZ,2100,2100,47.522541,52.93,11355.6639,35
20260816_125007_bb495b,2024-03-01,600350.SH,4600,4600,21.063292,22.93912,8628.8088,34
20260816_125007_bb495b,2024-03-01,000937.SZ,1100,1100,83.753972,90.26199,7158.8198,34
20260816_125007_bb495b,2024-03-01,600066.SH,100,100,778.276445,964.3452,18606.8755,33
20260816_125007_bb495b,2024-03-01,601169.SH,4600,4600,21.497083,23.0672,7222.5382,26
20260816_125007_bb495b,2024-03-01,601229.SH,4900,4900,20.833494,21.26052,2092.4274,19
20260816_125007_bb495b,2024-03-01,601818.SH,17900,17900,5.713124,5.87006,2809.1544,19
20260816_125007_bb495b,2024-03-01,600012.SH,2700,2700,35.096975,37.38079,6166.3005,14
20260816_125007_bb495b,2024-03-01,600585.SH,600,600,136.601833,133.89641,-1623.2538,10
20260816_125007_bb495b,2024-03-04,000429.SZ,2600,2600,39.278817,43.06795,9851.7458,51
20260816_125007_bb495b,2024-03-04,601179.SH,17700,17700,5.633895,6.42906,14074.4205,44
20260816_125007_bb495b,2024-03-04,000883.SZ,4000,4000,25.424528,26.71712,5170.368,37
20260816_125007_bb495b,2024-03-04,002128.SZ,2100,2100,47.522541,54.4468,14540.9439,36
20260816_125007_bb495b,2024-03-04,600350.SH,4600,4600,21.063292,23.53531,11371.2828,35
20260816_125007_bb495b,2024-03-04,000937.SZ,1100,1100,83.753972,92.02535,9098.5158,35
20260816_125007_bb495b,2024-03-04,600066.SH,100,100,778.276445,976.00212,19772.5675,34
20260816_125007_bb495b,2024-03-04,601169.SH,4600,4600,21.497083,23.02284,7018.4822,27
20260816_125007_bb495b,2024-03-04,601229.SH,4900,4900,20.833494,21.09872,1299.6074,20
20260816_125007_bb495b,2024-03-04,601818.SH,17900,17900,5.713124,5.8336,2156.5204,20
20260816_125007_bb495b,2024-03-04,600012.SH,2700,2700,35.096975,37.49163,6465.5685,15
20260816_125007_bb495b,2024-03-04,600585.SH,600,600,136.601833,131.98119,-2772.3858,11
20260816_125007_bb495b,2024-03-05,000429.SZ,2600,2600,39.278817,43.7374,11592.3158,52
20260816_125007_bb495b,2024-03-05,601179.SH,17700,17700,5.633895,6.4176,13871.5785,45
20260816_125007_bb495b,2024-03-05,000883.SZ,4000,4000,25.424528,26.7747,5400.688,38
20260816_125007_bb495b,2024-03-05,002128.SZ,2100,2100,47.522541,54.2888,14209.1439,37
20260816_125007_bb495b,2024-03-05,600350.SH,4600,4600,21.063292,23.8476,12807.8168,36
20260816_125007_bb495b,2024-03-05,000937.SZ,1100,1100,83.753972,91.36409,8371.1298,36
20260816_125007_bb495b,2024-03-05,600066.SH,100,100,778.276445,1009.91316,23163.6715,35
20260816_125007_bb495b,2024-03-05,601169.SH,4600,4600,21.497083,23.42208,8854.9862,28
20260816_125007_bb495b,2024-03-05,601229.SH,4900,4900,20.833494,21.42232,2885.2474,21
20260816_125007_bb495b,2024-03-05,601818.SH,17900,17900,5.713124,5.96121,4440.7394,21
20260816_125007_bb495b,2024-03-05,600012.SH,2700,2700,35.096975,39.15423,10954.5885,16
20260816_125007_bb495b,2024-03-05,600585.SH,600,600,136.601833,133.78375,-1690.8498,12
20260816_125007_bb495b,2024-03-06,000429.SZ,2600,2600,39.278817,44.13907,12636.6578,53
20260816_125007_bb495b,2024-03-06,601179.SH,17700,17700,5.633895,6.56658,16508.5245,46
20260816_125007_bb495b,2024-03-06,000883.SZ,4000,4000,25.424528,27.46566,8164.528,39
20260816_125007_bb495b,2024-03-06,002128.SZ,2100,2100,47.522541,54.2888,14209.1439,38
20260816_125007_bb495b,2024-03-06,600350.SH,4600,4600,21.063292,23.5637,11501.8768,37
20260816_125007_bb495b,2024-03-06,000937.SZ,1100,1100,83.753972,91.80493,8856.0538,37
20260816_125007_bb495b,2024-03-06,600066.SH,100,100,778.276445,1001.4354,22315.8955,36
20260816_125007_bb495b,2024-03-06,601169.SH,4600,4600,21.497083,23.46644,9059.0422,29
20260816_125007_bb495b,2024-03-06,601229.SH,4900,4900,20.833494,21.22816,1933.8634,22
20260816_125007_bb495b,2024-03-06,601818.SH,17900,17900,5.713124,5.92475,3788.1054,22
20260816_125007_bb495b,2024-03-06,600012.SH,2700,2700,35.096975,38.57232,9383.4315,17
20260816_125007_bb495b,2024-03-06,600585.SH,600,600,136.601833,135.192,-845.8998,13
20260816_125007_bb495b,2024-03-07,000429.SZ,2600,2600,39.278817,44.94241,14725.3418,54
20260816_125007_bb495b,2024-03-07,601179.SH,17700,17700,5.633895,6.34884,12654.5265,47
20260816_125007_bb495b,2024-03-07,000883.SZ,4000,4000,25.424528,27.69598,9085.808,40
20260816_125007_bb495b,2024-03-07,002128.SZ,2100,2100,47.522541,55.0156,15735.4239,39
20260816_125007_bb495b,2024-03-07,600350.SH,4600,4600,21.063292,23.39336,10718.3128,38
20260816_125007_bb495b,2024-03-07,000937.SZ,1100,1100,83.753972,94.00913,11280.6738,38
20260816_125007_bb495b,2024-03-07,600066.SH,100,100,778.276445,995.07708,21680.0635,37
20260816_125007_bb495b,2024-03-07,601169.SH,4600,4600,21.497083,23.77696,10487.4342,30
20260816_125007_bb495b,2024-03-07,601229.SH,4900,4900,20.833494,21.32524,2409.5554,23
20260816_125007_bb495b,2024-03-07,601818.SH,17900,17900,5.713124,5.96121,4440.7394,23
20260816_125007_bb495b,2024-03-07,600012.SH,2700,2700,35.096975,39.3482,11478.3075,18
20260816_125007_bb495b,2024-03-07,600585.SH,600,600,136.601833,136.14961,-271.3338,14
20260816_125007_bb495b,2024-03-08,000429.SZ,2600,2600,39.278817,45.25482,15537.6078,55
20260816_125007_bb495b,2024-03-08,601179.SH,17700,17700,5.633895,6.40614,13668.7365,48
20260816_125007_bb495b,2024-03-08,000883.SZ,4000,4000,25.424528,28.44452,12079.968,41
20260816_125007_bb495b,2024-03-08,002128.SZ,2100,2100,47.522541,54.984,15669.0639,40
20260816_125007_bb495b,2024-03-08,600350.SH,4600,4600,21.063292,23.98955,13460.7868,39
20260816_125007_bb495b,2024-03-08,000937.SZ,1100,1100,83.753972,93.78871,11038.2118,39
20260816_125007_bb495b,2024-03-08,600066.SH,100,100,778.276445,1004.0847,22580.8255,38
20260816_125007_bb495b,2024-03-08,601169.SH,4600,4600,21.497083,24.1762,12323.9382,31
20260816_125007_bb495b,2024-03-08,601229.SH,4900,4900,20.833494,21.42232,2885.2474,24
20260816_125007_bb495b,2024-03-08,601818.SH,17900,17900,5.713124,5.92475,3788.1054,24
20260816_125007_bb495b,2024-03-08,600012.SH,2700,2700,35.096975,40.84454,15518.4255,19
20260816_125007_bb495b,2024-03-08,600585.SH,600,600,136.601833,134.0654,-1521.8598,15
20260816_125007_bb495b,2024-03-11,000429.SZ,2600,2600,39.278817,43.7374,11592.3158,56
20260816_125007_bb495b,2024-03-11,601179.SH,17700,17700,5.633895,6.52074,15697.1565,49
20260816_125007_bb495b,2024-03-11,000883.SZ,4000,4000,25.424528,28.32936,11619.328,42
20260816_125007_bb495b,2024-03-11,002128.SZ,2100,2100,47.522541,53.9412,13479.1839,41
20260816_125007_bb495b,2024-03-11,600350.SH,4600,4600,21.063292,23.62048,11763.0648,40
20260816_125007_bb495b,2024-03-11,000937.SZ,1100,1100,83.753972,91.14367,8128.6678,40
20260816_125007_bb495b,2024-03-11,600066.SH,100,100,778.276445,1012.56246,23428.6015,39
20260816_125007_bb495b,2024-03-11,601169.SH,4600,4600,21.497083,23.86568,10895.5462,32
20260816_125007_bb495b,2024-03-11,601229.SH,4900,4900,20.833494,21.29288,2250.9914,25
20260816_125007_bb495b,2024-03-11,601818.SH,17900,17900,5.713124,5.92475,3788.1054,25
20260816_125007_bb495b,2024-03-11,600012.SH,2700,2700,35.096975,39.59759,12151.6605,20
20260816_125007_bb495b,2024-03-11,600585.SH,600,600,136.601833,133.78375,-1690.8498,16
20260816_125007_bb495b,2024-03-12,000429.SZ,2600,2600,39.278817,43.06795,9851.7458,57
20260816_125007_bb495b,2024-03-12,601179.SH,17700,17700,5.633895,6.303,11843.1585,50
20260816_125007_bb495b,2024-03-12,000883.SZ,4000,4000,25.424528,27.6384,8855.488,43
20260816_125007_bb495b,2024-03-12,002128.SZ,2100,2100,47.522541,52.14,9696.6639,42
20260816_125007_bb495b,2024-03-12,600350.SH,4600,4600,21.063292,22.712,7584.0568,41
20260816_125007_bb495b,2024-03-12,000937.SZ,1100,1100,83.753972,87.61695,4249.2758,41
20260816_125007_bb495b,2024-03-12,600066.SH,100,100,778.276445,974.41254,19613.6095,40
20260816_125007_bb495b,2024-03-12,601169.SH,4600,4600,21.497083,23.33336,8446.8742,33
20260816_125007_bb495b,2024-03-12,601229.SH,4900,4900,20.833494,21.00164,823.9154,26
20260816_125007_bb495b,2024-03-12,601818.SH,17900,17900,5.713124,5.85183,2482.8374,26
20260816_125007_bb495b,2024-03-12,600012.SH,2700,2700,35.096975,37.93499,7662.6405,21
20260816_125007_bb495b,2024-03-12,600585.SH,600,600,136.601833,134.23439,-1420.4658,17
20260816_125007_bb495b,2024-03-13,000429.SZ,2600,2600,39.278817,42.8448,9271.5558,58
20260816_125007_bb495b,2024-03-13,601179.SH,17700,17700,5.633895,6.303,11843.1585,51
20260816_125007_bb495b,2024-03-13,000883.SZ,4000,4000,25.424528,28.09904,10698.048,44
20260816_125007_bb495b,2024-03-13,002128.SZ,2100,2100,47.522541,52.4876,10426.6239,43
20260816_125007_bb495b,2024-03-13,600350.SH,4600,4600,21.063292,22.4281,6278.1168,42
20260816_125007_bb495b,2024-03-13,000937.SZ,1100,1100,83.753972,88.49863,5219.1238,42
20260816_125007_bb495b,2024-03-13,600066.SH,100,100,778.276445,970.70352,19242.7075,41
20260816_125007_bb495b,2024-03-13,601169.SH,4600,4600,21.497083,23.64388,9875.2662,34
20260816_125007_bb495b,2024-03-13,601229.SH,4900,4900,20.833494,20.8722,189.6594,27
20260816_125007_bb495b,2024-03-13,601818.SH,17900,17900,5.713124,5.87006,2809.1544,27
20260816_125007_bb495b,2024-03-13,600012.SH,2700,2700,35.096975,38.2398,8485.6275,22
20260816_125007_bb495b,2024-03-13,600585.SH,600,600,136.601833,130.6856,-3549.7398,18
20260816_125007_bb495b,2024-03-14,000429.SZ,2600,2600,39.278817,43.02332,9735.7078,59
20260816_125007_bb495b,2024-03-14,601179.SH,17700,17700,5.633895,6.28008,11437.4745,52
20260816_125007_bb495b,2024-03-14,000883.SZ,4000,4000,25.424528,28.2142,11158.688,45
20260816_125007_bb495b,2024-03-14,002128.SZ,2100,2100,47.522541,52.8668,11222.9439,44
20260816_125007_bb495b,2024-03-14,600350.SH,4600,4600,21.063292,22.9959,8889.9968,43
20260816_125007_bb495b,2024-03-14,000937.SZ,1100,1100,83.753972,88.49863,5219.1238,43
20260816_125007_bb495b,2024-03-14,600066.SH,100,100,778.276445,976.00212,19772.5675,42
20260816_125007_bb495b,2024-03-14,601169.SH,4600,4600,21.497083,23.64388,9875.2662,35
20260816_125007_bb495b,2024-03-14,601229.SH,4900,4900,20.833494,21.00164,823.9154,28
20260816_125007_bb495b,2024-03-14,601818.SH,17900,17900,5.713124,5.87006,2809.1544,28
20260816_125007_bb495b,2024-03-14,600012.SH,2700,2700,35.096975,38.794,9981.9675,23
20260816_125007_bb495b,2024-03-14,600585.SH,600,600,136.601833,131.02358,-3346.9518,19
20260816_125007_bb495b,2024-03-15,000429.SZ,2600,2600,39.278817,43.11258,9967.7838,60
20260816_125007_bb495b,2024-03-15,601179.SH,17700,17700,5.633895,6.33738,12451.6845,53
20260816_125007_bb495b,2024-03-15,000883.SZ,4000,4000,25.424528,29.19306,15074.128,46
20260816_125007_bb495b,2024-03-15,002128.SZ,2100,2100,47.522541,52.7088,10891.1439,45
20260816_125007_bb495b,2024-03-15,600350.SH,4600,4600,21.063292,22.9959,8889.9968,44
20260816_125007_bb495b,2024-03-15,000937.SZ,1100,1100,83.753972,87.94758,4612.9688,44
20260816_125007_bb495b,2024-03-15,600066.SH,100,100,778.276445,1001.4354,22315.8955,43
20260816_125007_bb495b,2024-03-15,601169.SH,4600,4600,21.497083,24.22056,12527.9942,36
20260816_125007_bb495b,2024-03-15,601229.SH,4900,4900,20.833494,21.38996,2726.6834,29
20260816_125007_bb495b,2024-03-15,601818.SH,17900,17900,5.713124,5.99767,5093.3734,29
20260816_125007_bb495b,2024-03-15,600012.SH,2700,2700,35.096975,38.01812,7887.0915,24
20260816_125007_bb495b,2024-03-15,600585.SH,600,600,136.601833,132.31917,-2569.5978,20
20260816_125007_bb495b,2024-03-18,601179.SH,17700,17700,5.633895,6.50928,15494.3145,54
20260816_125007_bb495b,2024-03-18,000883.SZ,4000,4000,25.424528,28.61726,12770.928,47
20260816_125007_bb495b,2024-03-18,002128.SZ,2100,2100,47.522541,51.192,7705.8639,46
20260816_125007_bb495b,2024-03-18,600350.SH,4600,4600,21.063292,23.39336,10718.3128,45
20260816_125007_bb495b,2024-03-18,000937.SZ,1100,1100,83.753972,85.41275,1824.6558,45
20260816_125007_bb495b,2024-03-18,600066.SH,100,100,778.276445,1034.28672,25601.0275,44
20260816_125007_bb495b,2024-03-18,601169.SH,4600,4600,21.497083,24.22056,12527.9942,37
20260816_125007_bb495b,2024-03-18,601229.SH,4900,4900,20.833494,21.29288,2250.9914,30
20260816_125007_bb495b,2024-03-18,601818.SH,17900,17900,5.713124,5.92475,3788.1054,30
20260816_125007_bb495b,2024-03-18,600012.SH,2700,2700,35.096975,37.87957,7513.0065,25
20260816_125007_bb495b,2024-03-18,600585.SH,600,600,136.601833,131.69954,-2941.3758,21
20260816_125007_bb495b,2024-03-19,601179.SH,17700,17700,5.633895,6.4176,13871.5785,55
20260816_125007_bb495b,2024-03-19,000883.SZ,4000,4000,25.424528,28.67484,13001.248,48
20260816_125007_bb495b,2024-03-19,002128.SZ,2100,2100,47.522541,50.9392,7174.9839,47
20260816_125007_bb495b,2024-03-19,600350.SH,4600,4600,21.063292,22.82556,8106.4328,46
20260816_125007_bb495b,2024-03-19,000937.SZ,1100,1100,83.753972,85.85359,2309.5798,46
20260816_125007_bb495b,2024-03-19,600066.SH,100,100,778.276445,996.1368,21786.0355,45
20260816_125007_bb495b,2024-03-19,601169.SH,4600,4600,21.497083,24.04312,11711.7702,38
20260816_125007_bb495b,2024-03-19,601229.SH,4900,4900,20.833494,21.26052,2092.4274,31
20260816_125007_bb495b,2024-03-19,601818.SH,17900,17900,5.713124,5.88829,3135.4714,31
20260816_125007_bb495b,2024-03-19,600012.SH,2700,2700,35.096975,37.24224,5792.2155,26
20260816_125007_bb495b,2024-03-19,600585.SH,600,600,136.601833,130.6856,-3549.7398,22
20260816_125007_bb495b,2024-03-19,601228.SH,29700,0,3.556071,3.50871,-1406.6217,1
20260816_125007_bb495b,2024-03-20,601179.SH,17700,17700,5.633895,6.34884,12654.5265,56
20260816_125007_bb495b,2024-03-20,000883.SZ,4000,4000,25.424528,28.84758,13692.208,49
20260816_125007_bb495b,2024-03-20,002128.SZ,2100,2100,47.522541,51.034,7374.0639,48
20260816_125007_bb495b,2024-03-20,600350.SH,4600,4600,21.063292,23.08107,9281.7788,47
20260816_125007_bb495b,2024-03-20,000937.SZ,1100,1100,83.753972,85.9638,2430.8108,47
20260816_125007_bb495b,2024-03-20,600066.SH,100,100,778.276445,988.71876,21044.2315,46
20260816_125007_bb495b,2024-03-20,601169.SH,4600,4600,21.497083,24.35364,13140.1622,39
20260816_125007_bb495b,2024-03-20,601229.SH,4900,4900,20.833494,21.1958,1775.2994,32
20260816_125007_bb495b,2024-03-20,601818.SH,17900,17900,5.713124,5.94298,4114.4224,32
20260816_125007_bb495b,2024-03-20,600012.SH,2700,2700,35.096975,37.21453,5717.3985,27
20260816_125007_bb495b,2024-03-20,600585.SH,600,600,136.601833,127.75644,-5307.2358,23
20260816_125007_bb495b,2024-03-20,601228.SH,29700,29700,3.556071,3.48725,-2043.9837,2
20260816_125007_bb495b,2024-03-21,601179.SH,17700,17700,5.633895,6.29154,11640.3165,57
20260816_125007_bb495b,2024-03-21,000883.SZ,4000,4000,25.424528,28.67484,13001.248,50
20260816_125007_bb495b,2024-03-21,002128.SZ,2100,2100,47.522541,50.7812,6843.1839,49
20260816_125007_bb495b,2024-03-21,600350.SH,4600,4600,21.063292,23.10946,9412.3728,48
20260816_125007_bb495b,2024-03-21,000937.SZ,1100,1100,83.753972,85.63317,2067.1178,48
20260816_125007_bb495b,2024-03-21,600066.SH,100,100,778.276445,981.30072,20302.4275,47
20260816_125007_bb495b,2024-03-21,601169.SH,4600,4600,21.497083,24.97468,15996.9462,40
20260816_125007_bb495b,2024-03-21,601229.SH,4900,4900,20.833494,21.29288,2250.9914,33
20260816_125007_bb495b,2024-03-21,601818.SH,17900,17900,5.713124,5.99767,5093.3734,33
20260816_125007_bb495b,2024-03-21,600012.SH,2700,2700,35.096975,37.35308,6091.4835,28
20260816_125007_bb495b,2024-03-21,600585.SH,600,600,136.601833,127.47479,-5476.2258,24
20260816_125007_bb495b,2024-03-21,601228.SH,29700,29700,3.556071,3.49798,-1725.3027,3
20260816_125007_bb495b,2024-03-22,601179.SH,17700,17700,5.633895,6.23424,10626.1065,58
20260816_125007_bb495b,2024-03-22,000883.SZ,4000,4000,25.424528,28.2142,11158.688,51
20260816_125007_bb495b,2024-03-22,002128.SZ,2100,2100,47.522541,50.5284,6312.3039,50
20260816_125007_bb495b,2024-03-22,600350.SH,4600,4600,21.063292,22.88234,8367.6208,49
20260816_125007_bb495b,2024-03-22,000937.SZ,1100,1100,83.753972,85.30254,1703.4248,49
20260816_125007_bb495b,2024-03-22,600066.SH,100,100,778.276445,982.8903,20461.3855,48
20260816_125007_bb495b,2024-03-22,601169.SH,4600,4600,21.497083,25.0634,16405.0582,41
20260816_125007_bb495b,2024-03-22,601229.SH,4900,4900,20.833494,21.48704,3202.3754,34
20260816_125007_bb495b,2024-03-22,601818.SH,17900,17900,5.713124,5.97944,4767.0564,34
20260816_125007_bb495b,2024-03-22,600012.SH,2700,2700,35.096975,37.26995,5867.0325,29
20260816_125007_bb495b,2024-03-22,600585.SH,600,600,136.601833,125.44691,-6692.9538,25
20260816_125007_bb495b,2024-03-22,601228.SH,29700,29700,3.556071,3.44433,-3318.7077,4
20260816_125007_bb495b,2024-03-25,601179.SH,17700,17700,5.633895,6.19986,10017.5805,59
20260816_125007_bb495b,2024-03-25,000883.SZ,4000,4000,25.424528,28.32936,11619.328,52
20260816_125007_bb495b,2024-03-25,002128.SZ,2100,2100,47.522541,51.1288,7573.1439,51
20260816_125007_bb495b,2024-03-25,600350.SH,4600,4600,21.063292,23.30819,10326.5308,50
20260816_125007_bb495b,2024-03-25,000937.SZ,1100,1100,83.753972,84.64128,976.0388,50
20260816_125007_bb495b,2024-03-25,600066.SH,100,100,778.276445,1007.79372,22951.7275,49
20260816_125007_bb495b,2024-03-25,601169.SH,4600,4600,21.497083,25.15212,16813.1702,42
20260816_125007_bb495b,2024-03-25,601229.SH,4900,4900,20.833494,21.61648,3836.6314,35
20260816_125007_bb495b,2024-03-25,601818.SH,17900,17900,5.713124,6.0159,5419.6904,35
20260816_125007_bb495b,2024-03-25,600012.SH,2700,2700,35.096975,37.79644,7288.5555,30
20260816_125007_bb495b,2024-03-25,600585.SH,600,600,136.601833,126.12287,-6287.3778,26
20260816_125007_bb495b,2024-03-25,601228.SH,29700,29700,3.556071,3.50871,-1406.6217,5
20260816_125007_bb495b,2024-03-26,601179.SH,17700,17700,5.633895,6.1884,9814.7385,60
20260816_125007_bb495b,2024-03-26,000883.SZ,4000,4000,25.424528,28.84758,13692.208,53
20260816_125007_bb495b,2024-03-26,002128.SZ,2100,2100,47.522541,50.2124,5648.7039,52
20260816_125007_bb495b,2024-03-26,600350.SH,4600,4600,21.063292,23.64887,11893.6588,51
20260816_125007_bb495b,2024-03-26,000937.SZ,1100,1100,83.753972,83.09834,-721.1952,51
20260816_125007_bb495b,2024-03-26,600066.SH,100,100,778.276445,1023.15966,24488.3215,50
20260816_125007_bb495b,2024-03-26,601169.SH,4600,4600,21.497083,25.2852,17425.3382,43
20260816_125007_bb495b,2024-03-26,601229.SH,4900,4900,20.833494,21.74592,4470.8874,36
20260816_125007_bb495b,2024-03-26,601818.SH,17900,17900,5.713124,6.10705,7051.2754,36
20260816_125007_bb495b,2024-03-26,600012.SH,2700,2700,35.096975,38.29522,8635.2615,31
20260816_125007_bb495b,2024-03-26,600585.SH,600,600,136.601833,125.78489,-6490.1658,27
20260816_125007_bb495b,2024-03-26,601228.SH,29700,29700,3.556071,3.5409,-450.5787,6
20260816_125007_bb495b,2024-03-27,000883.SZ,4000,4000,25.424528,28.90516,13922.528,54
20260816_125007_bb495b,2024-03-27,002128.SZ,2100,2100,47.522541,50.244,5715.0639,53
20260816_125007_bb495b,2024-03-27,600350.SH,4600,4600,21.063292,23.59209,11632.4708,52
20260816_125007_bb495b,2024-03-27,000937.SZ,1100,1100,83.753972,82.87792,-963.6572,52
20260816_125007_bb495b,2024-03-27,600066.SH,100,100,778.276445,992.95764,21468.1195,51
20260816_125007_bb495b,2024-03-27,601169.SH,4600,4600,21.497083,25.2852,17425.3382,44
20260816_125007_bb495b,2024-03-27,601229.SH,4900,4900,20.833494,21.77828,4629.4514,37
20260816_125007_bb495b,2024-03-27,601818.SH,17900,17900,5.713124,6.12528,7377.5924,37
20260816_125007_bb495b,2024-03-27,600012.SH,2700,2700,35.096975,38.10125,8111.5425,32
20260816_125007_bb495b,2024-03-27,600585.SH,600,600,136.601833,124.82728,-7064.7318,28
20260816_125007_bb495b,2024-03-27,601228.SH,29700,29700,3.556071,3.47652,-2362.6647,7
20260816_125007_bb495b,2024-03-28,000883.SZ,4000,4000,25.424528,29.19306,15074.128,55
20260816_125007_bb495b,2024-03-28,002128.SZ,2100,2100,47.522541,50.8444,6975.9039,54
20260816_125007_bb495b,2024-03-28,600350.SH,4600,4600,21.063292,23.76243,12416.0348,53
20260816_125007_bb495b,2024-03-28,000937.SZ,1100,1100,83.753972,82.43708,-1448.5812,53
20260816_125007_bb495b,2024-03-28,600066.SH,100,100,778.276445,995.07708,21680.0635,52
20260816_125007_bb495b,2024-03-28,601169.SH,4600,4600,21.497083,25.0634,16405.0582,45
20260816_125007_bb495b,2024-03-28,601229.SH,4900,4900,20.833494,21.71356,4312.3234,38
20260816_125007_bb495b,2024-03-28,601818.SH,17900,17900,5.713124,5.68776,-454.0156,38
20260816_125007_bb495b,2024-03-28,600012.SH,2700,2700,35.096975,38.2398,8485.6275,33
20260816_125007_bb495b,2024-03-28,600585.SH,600,600,136.601833,125.16526,-6861.9438,29
20260816_125007_bb495b,2024-03-28,601228.SH,29700,29700,3.556071,3.60528,1461.5073,8
20260816_125007_bb495b,2024-03-28,000877.SZ,1900,0,54.303639,52.02813,-4323.4671,1
20260816_125007_bb495b,2024-03-29,000883.SZ,4000,4000,25.424528,30.11434,18759.248,56
20260816_125007_bb495b,2024-03-29,002128.SZ,2100,2100,47.522541,53.1196,11753.8239,55
20260816_125007_bb495b,2024-03-29,600350.SH,4600,4600,21.063292,24.30184,14897.3208,54
20260816_125007_bb495b,2024-03-29,000937.SZ,1100,1100,83.753972,84.09023,369.8838,54
20260816_125007_bb495b,2024-03-29,600066.SH,100,100,778.276445,1052.83182,27455.5375,53
20260816_125007_bb495b,2024-03-29,601169.SH,4600,4600,21.497083,25.10776,16609.1142,46
20260816_125007_bb495b,2024-03-29,601229.SH,4900,4900,20.833494,21.74592,4470.8874,39
20260816_125007_bb495b,2024-03-29,601818.SH,17900,17900,5.713124,5.68776,-454.0156,39
20260816_125007_bb495b,2024-03-29,600012.SH,2700,2700,35.096975,38.40606,8934.5295,34
20260816_125007_bb495b,2024-03-29,600585.SH,600,600,136.601833,125.50324,-6659.1558,30
20260816_125007_bb495b,2024-03-29,601228.SH,29700,29700,3.556071,3.80915,7516.4463,9
20260816_125007_bb495b,2024-03-29,000877.SZ,1900,1900,54.303639,50.26197,-7679.1711,2
20260816_125007_bb495b,2024-04-01,000883.SZ,4000,4000,25.424528,30.8053,21523.088,57
20260816_125007_bb495b,2024-04-01,002128.SZ,2100,2100,47.522541,54.668,15005.4639,56
20260816_125007_bb495b,2024-04-01,600350.SH,4600,4600,21.063292,23.25141,10065.3428,55
20260816_125007_bb495b,2024-04-01,000937.SZ,1100,1100,83.753972,83.31876,-478.7332,55
20260816_125007_bb495b,2024-04-01,600066.SH,100,100,778.276445,1114.82544,33654.8995,54
20260816_125007_bb495b,2024-04-01,601169.SH,4600,4600,21.497083,25.32956,17629.3942,47
20260816_125007_bb495b,2024-04-01,601229.SH,4900,4900,20.833494,21.94008,5422.2714,40
20260816_125007_bb495b,2024-04-01,601818.SH,17900,17900,5.713124,5.6513,-1106.6496,40
20260816_125007_bb495b,2024-04-01,600012.SH,2700,2700,35.096975,38.10125,8111.5425,35
20260816_125007_bb495b,2024-04-01,600585.SH,600,600,136.601833,126.34819,-6152.1858,31
20260816_125007_bb495b,2024-04-01,601228.SH,29700,29700,3.556071,3.7555,5923.0413,10
20260816_125007_bb495b,2024-04-01,000877.SZ,1900,1900,54.303639,51.29223,-5721.6771,3
20260816_125007_bb495b,2024-04-02,000883.SZ,4000,4000,25.424528,31.49626,24286.928,58
20260816_125007_bb495b,2024-04-02,002128.SZ,2100,2100,47.522541,54.352,14341.8639,57
20260816_125007_bb495b,2024-04-02,600350.SH,4600,4600,21.063292,23.8476,12807.8168,56
20260816_125007_bb495b,2024-04-02,000937.SZ,1100,1100,83.753972,83.7596,6.1908,56
20260816_125007_bb495b,2024-04-02,600066.SH,100,100,778.276445,1160.3934,38211.6955,55
20260816_125007_bb495b,2024-04-02,601169.SH,4600,4600,21.497083,25.2852,17425.3382,48
20260816_125007_bb495b,2024-04-02,601229.SH,4900,4900,20.833494,22.03716,5897.9634,41
20260816_125007_bb495b,2024-04-02,601818.SH,17900,17900,5.713124,5.61484,-1759.2836,41
20260816_125007_bb495b,2024-04-02,600012.SH,2700,2700,35.096975,38.35064,8784.8955,36
20260816_125007_bb495b,2024-04-02,600585.SH,600,600,136.601833,126.01021,-6354.9738,32
20260816_125007_bb495b,2024-04-02,601228.SH,29700,29700,3.556071,3.7555,5923.0413,11
20260816_125007_bb495b,2024-04-02,000877.SZ,1900,1900,54.303639,51.29223,-5721.6771,4
20260816_125007_bb495b,2024-04-03,000883.SZ,4000,4000,25.424528,32.07206,26590.128,59
20260816_125007_bb495b,2024-04-03,002128.SZ,2100,2100,47.522541,56.248,18323.4639,58
20260816_125007_bb495b,2024-04-03,600350.SH,4600,4600,21.063292,23.76243,12416.0348,57
20260816_125007_bb495b,2024-04-03,000937.SZ,1100,1100,83.753972,86.07401,2552.0418,57
20260816_125007_bb495b,2024-04-03,600066.SH,100,100,778.276445,1144.4976,36622.1155,56
20260816_125007_bb495b,2024-04-03,601169.SH,4600,4600,21.497083,25.24084,17221.2822,49
20260816_125007_bb495b,2024-04-03,601229.SH,4900,4900,20.833494,21.97244,5580.8354,42
20260816_125007_bb495b,2024-04-03,601818.SH,17900,17900,5.713124,5.57838,-2411.9176,42
20260816_125007_bb495b,2024-04-03,600012.SH,2700,2700,35.096975,38.57232,9383.4315,37
20260816_125007_bb495b,2024-04-03,600585.SH,600,600,136.601833,125.55957,-6625.3578,33
20260816_125007_bb495b,2024-04-03,601228.SH,29700,29700,3.556071,3.79842,7197.7653,12
20260816_125007_bb495b,2024-04-03,000877.SZ,1900,1900,54.303639,51.21864,-5861.4981,5
20260816_125007_bb495b,2024-04-08,000883.SZ,4000,4000,25.424528,32.18722,27050.768,60
20260816_125007_bb495b,2024-04-08,002128.SZ,2100,2100,47.522541,56.5956,19053.4239,59
20260816_125007_bb495b,2024-04-08,600350.SH,4600,4600,21.063292,24.24506,14636.1328,58
20260816_125007_bb495b,2024-04-08,000937.SZ,1100,1100,83.753972,85.9638,2430.8108,58
20260816_125007_bb495b,2024-04-08,600066.SH,100,100,778.276445,1148.20662,36993.0175,57
20260816_125007_bb495b,2024-04-08,601169.SH,4600,4600,21.497083,25.46264,18241.5622,50
20260816_125007_bb495b,2024-04-08,601229.SH,4900,4900,20.833494,22.06952,6056.5274,43
20260816_125007_bb495b,2024-04-08,601818.SH,17900,17900,5.713124,5.59661,-2085.6006,43
20260816_125007_bb495b,2024-04-08,600012.SH,2700,2700,35.096975,38.68316,9682.6995,38
20260816_125007_bb495b,2024-04-08,600585.SH,600,600,136.601833,124.88361,-7030.9338,34
20260816_125007_bb495b,2024-04-08,601228.SH,29700,29700,3.556071,3.76623,6241.7223,13
20260816_125007_bb495b,2024-04-08,000877.SZ,1900,1900,54.303639,50.62992,-6980.0661,6
20260816_125007_bb495b,2024-04-09,002128.SZ,2100,2100,47.522541,56.4692,18787.9839,60
20260816_125007_bb495b,2024-04-09,600350.SH,4600,4600,21.063292,23.79082,12546.6288,59
20260816_125007_bb495b,2024-04-09,000937.SZ,1100,1100,83.753972,85.19233,1582.1938,59
20260816_125007_bb495b,2024-04-09,600066.SH,100,100,778.276445,1141.31844,36304.1995,58
20260816_125007_bb495b,2024-04-09,601169.SH,4600,4600,21.497083,25.32956,17629.3942,51
20260816_125007_bb495b,2024-04-09,601229.SH,4900,4900,20.833494,21.94008,5422.2714,44
20260816_125007_bb495b,2024-04-09,601818.SH,17900,17900,5.713124,5.59661,-2085.6006,44
20260816_125007_bb495b,2024-04-09,600012.SH,2700,2700,35.096975,38.65545,9607.8825,39
20260816_125007_bb495b,2024-04-09,600585.SH,600,600,136.601833,124.60196,-7199.9238,35
20260816_125007_bb495b,2024-04-09,601228.SH,29700,29700,3.556071,3.73404,5285.6793,14
20260816_125007_bb495b,2024-04-09,000877.SZ,1900,1900,54.303639,50.7771,-6700.4241,7
20260816_125007_bb495b,2024-04-10,600350.SH,4600,4600,21.063292,24.04633,13721.9748,60
20260816_125007_bb495b,2024-04-10,000937.SZ,1100,1100,83.753972,85.85359,2309.5798,60
20260816_125007_bb495b,2024-04-10,600066.SH,100,100,778.276445,1153.50522,37522.8775,59
20260816_125007_bb495b,2024-04-10,601169.SH,4600,4600,21.497083,25.2852,17425.3382,52
20260816_125007_bb495b,2024-04-10,601229.SH,4900,4900,20.833494,22.0048,5739.3994,45
20260816_125007_bb495b,2024-04-10,601818.SH,17900,17900,5.713124,5.57838,-2411.9176,45
20260816_125007_bb495b,2024-04-10,600012.SH,2700,2700,35.096975,39.09881,10804.9545,40
20260816_125007_bb495b,2024-04-10,600585.SH,600,600,136.601833,122.63041,-8382.8538,36
20260816_125007_bb495b,2024-04-10,601228.SH,29700,29700,3.556071,3.7555,5923.0413,15
20260816_125007_bb495b,2024-04-10,000877.SZ,1900,1900,54.303639,49.89402,-8378.2761,8
20260816_125007_bb495b,2024-04-10,000685.SZ,800,0,127.744593,128.88036,908.6136,1
20260816_125007_bb495b,2024-04-11,600066.SH,100,100,778.276445,1201.19262,42291.6175,60
20260816_125007_bb495b,2024-04-11,601169.SH,4600,4600,21.497083,25.10776,16609.1142,53
20260816_125007_bb495b,2024-04-11,601229.SH,4900,4900,20.833494,22.10188,6215.0914,46
20260816_125007_bb495b,2024-04-11,601818.SH,17900,17900,5.713124,5.57838,-2411.9176,46
20260816_125007_bb495b,2024-04-11,600012.SH,2700,2700,35.096975,39.40362,11627.9415,41
20260816_125007_bb495b,2024-04-11,600585.SH,600,600,136.601833,128.71405,-4732.6698,37
20260816_125007_bb495b,2024-04-11,601228.SH,29700,29700,3.556071,3.78769,6879.0843,16
20260816_125007_bb495b,2024-04-11,000877.SZ,1900,1900,54.303639,50.0412,-8098.6341,9
20260816_125007_bb495b,2024-04-11,000685.SZ,800,800,127.744593,130.01373,1815.3096,2
20260816_125007_bb495b,2024-04-11,600886.SH,100,0,796.173173,806.02235,984.9177,1
20260816_125007_bb495b,2024-04-12,601169.SH,4600,4600,21.497083,24.8416,15384.7782,54
20260816_125007_bb495b,2024-04-12,601229.SH,4900,4900,20.833494,21.94008,5422.2714,47
20260816_125007_bb495b,2024-04-12,601818.SH,17900,17900,5.713124,5.50546,-3717.1856,47
20260816_125007_bb495b,2024-04-12,600012.SH,2700,2700,35.096975,39.51446,11927.2095,42
20260816_125007_bb495b,2024-04-12,600585.SH,600,600,136.601833,127.02415,-5746.6098,38
20260816_125007_bb495b,2024-04-12,601228.SH,29700,29700,3.556071,3.80915,7516.4463,17
20260816_125007_bb495b,2024-04-12,000877.SZ,1900,1900,54.303639,48.64299,-10755.2331,10
20260816_125007_bb495b,2024-04-12,000685.SZ,800,800,127.744593,127.9089,131.4456,3
20260816_125007_bb495b,2024-04-12,600886.SH,100,100,796.173173,800.85885,468.5677,2
20260816_125007_bb495b,2024-04-12,600874.SH,10100,0,10.79512,10.72737,-684.275,1
20260816_125007_bb495b,2024-04-12,600623.SH,500,0,208.731491,210.97877,1123.6395,1
20260816_125007_bb495b,2024-04-15,601169.SH,4600,4600,21.497083,25.10776,16609.1142,55
20260816_125007_bb495b,2024-04-15,601229.SH,4900,4900,20.833494,22.23132,6849.3474,48
20260816_125007_bb495b,2024-04-15,601818.SH,17900,17900,5.713124,5.61484,-1759.2836,48
20260816_125007_bb495b,2024-04-15,600012.SH,2700,2700,35.096975,40.78912,15368.7915,43
20260816_125007_bb495b,2024-04-15,600585.SH,600,600,136.601833,127.8691,-5239.6398,39
20260816_125007_bb495b,2024-04-15,601228.SH,29700,29700,3.556071,3.78769,6879.0843,18
20260816_125007_bb495b,2024-04-15,000877.SZ,1900,1900,54.303639,49.59966,-8937.5601,11
20260816_125007_bb495b,2024-04-15,000685.SZ,800,800,127.744593,129.68991,1556.2536,4
20260816_125007_bb495b,2024-04-15,600886.SH,100,100,796.173173,819.9638,2379.0627,3
20260816_125007_bb495b,2024-04-15,600874.SH,10100,10100,10.79512,10.6731,-1232.402,2
20260816_125007_bb495b,2024-04-15,600623.SH,500,500,208.731491,209.72481,496.6595,2
20260816_125007_bb495b,2024-04-15,600740.SH,1400,0,73.50126,73.5523,71.456,1
20260816_125007_bb495b,2024-04-16,601169.SH,4600,4600,21.497083,25.0634,16405.0582,56
20260816_125007_bb495b,2024-04-16,601229.SH,4900,4900,20.833494,22.1666,6532.2194,49
20260816_125007_bb495b,2024-04-16,601818.SH,17900,17900,5.713124,5.59661,-2085.6006,49
20260816_125007_bb495b,2024-04-16,600012.SH,2700,2700,35.096975,41.34332,16865.1315,44
20260816_125007_bb495b,2024-04-16,600585.SH,600,600,136.601833,128.4324,-4901.6598,40
20260816_125007_bb495b,2024-04-16,601228.SH,29700,29700,3.556071,3.68039,3692.2743,19
20260816_125007_bb495b,2024-04-16,000877.SZ,1900,1900,54.303639,48.5694,-10895.0541,12
20260816_125007_bb495b,2024-04-16,000685.SZ,800,800,127.744593,126.45171,-1034.3064,5
20260816_125007_bb495b,2024-04-16,600886.SH,100,100,796.173173,815.833,1965.9827,4
20260816_125007_bb495b,2024-04-16,600874.SH,10100,10100,10.79512,10.43793,-3607.619,3
20260816_125007_bb495b,2024-04-16,600623.SH,500,500,208.731491,203.7685,-2481.4955,3
20260816_125007_bb495b,2024-04-16,600740.SH,1400,1400,73.50126,71.83846,-2327.92,2
20260816_125007_bb495b,2024-04-17,601169.SH,4600,4600,21.497083,25.507,18445.6182,57
20260816_125007_bb495b,2024-04-17,601229.SH,4900,4900,20.833494,22.52256,8276.4234,50
20260816_125007_bb495b,2024-04-17,601818.SH,17900,17900,5.713124,5.72422,198.6184,50
20260816_125007_bb495b,2024-04-17,600012.SH,2700,2700,35.096975,42.64569,20381.5305,45
20260816_125007_bb495b,2024-04-17,600585.SH,600,600,136.601833,130.51661,-3651.1338,41
20260816_125007_bb495b,2024-04-17,601228.SH,29700,29700,3.556071,3.81988,7835.1273,20
20260816_125007_bb495b,2024-04-17,000877.SZ,1900,1900,54.303639,50.0412,-8098.6341,13
20260816_125007_bb495b,2024-04-17,000685.SZ,800,800,127.744593,130.66137,2333.4216,6
20260816_125007_bb495b,2024-04-17,600886.SH,100,100,796.173173,822.0292,2585.6027,5
20260816_125007_bb495b,2024-04-17,600874.SH,10100,10100,10.79512,11.48715,6989.503,4
20260816_125007_bb495b,2024-04-17,600623.SH,500,500,208.731491,209.41132,339.9145,4
20260816_125007_bb495b,2024-04-17,600740.SH,1400,1400,73.50126,72.69538,-1128.232,3
20260816_125007_bb495b,2024-04-18,601169.SH,4600,4600,21.497083,25.7288,19465.8982,58
20260816_125007_bb495b,2024-04-18,601229.SH,4900,4900,20.833494,22.71672,9227.8074,51
20260816_125007_bb495b,2024-04-18,601818.SH,17900,17900,5.713124,5.81537,1830.2034,51
20260816_125007_bb495b,2024-04-18,600012.SH,2700,2700,35.096975,40.76141,15293.9745,46
20260816_125007_bb495b,2024-04-18,600585.SH,600,600,136.601833,129.10836,-4496.0838,42
20260816_125007_bb495b,2024-04-18,601228.SH,29700,29700,3.556071,3.78769,6879.0843,21
20260816_125007_bb495b,2024-04-18,000877.SZ,1900,1900,54.303639,49.52607,-9077.3811,14
20260816_125007_bb495b,2024-04-18,000685.SZ,800,800,127.744593,131.1471,2722.0056,7
20260816_125007_bb495b,2024-04-18,600886.SH,100,100,796.173173,817.8984,2172.5227,6
20260816_125007_bb495b,2024-04-18,600874.SH,10100,10100,10.79512,10.81782,229.27,5
20260816_125007_bb495b,2024-04-18,600623.SH,500,500,208.731491,209.72481,496.6595,5
20260816_125007_bb495b,2024-04-18,600740.SH,1400,1400,73.50126,72.69538,-1128.232,4
20260816_125007_bb495b,2024-04-19,601169.SH,4600,4600,21.497083,25.7288,19465.8982,59
20260816_125007_bb495b,2024-04-19,601229.SH,4900,4900,20.833494,22.78144,9544.9354,52
20260816_125007_bb495b,2024-04-19,601818.SH,17900,17900,5.713124,5.76068,851.2524,52
20260816_125007_bb495b,2024-04-19,600012.SH,2700,2700,35.096975,41.2879,16715.4975,47
20260816_125007_bb495b,2024-04-19,600585.SH,600,600,136.601833,130.85459,-3448.3458,43
20260816_125007_bb495b,2024-04-19,601228.SH,29700,29700,3.556071,3.78769,6879.0843,22
20260816_125007_bb495b,2024-04-19,000877.SZ,1900,1900,54.303639,49.59966,-8937.5601,15
20260816_125007_bb495b,2024-04-19,000685.SZ,800,800,127.744593,131.47092,2981.0616,8
20260816_125007_bb495b,2024-04-19,600886.SH,100,100,796.173173,817.8984,2172.5227,7
20260816_125007_bb495b,2024-04-19,600874.SH,10100,10100,10.79512,10.83591,411.979,6
20260816_125007_bb495b,2024-04-19,600623.SH,500,500,208.731491,213.1732,2220.8545,6
20260816_125007_bb495b,2024-04-19,600740.SH,1400,1400,73.50126,73.26666,-328.44,5
20260816_125007_bb495b,2024-04-22,601169.SH,4600,4600,21.497083,25.507,18445.6182,60
20260816_125007_bb495b,2024-04-22,601229.SH,4900,4900,20.833494,22.652,8910.6794,53
20260816_125007_bb495b,2024-04-22,601818.SH,17900,17900,5.713124,5.70599,-127.6986,53
20260816_125007_bb495b,2024-04-22,600012.SH,2700,2700,35.096975,40.87225,15593.2425,48
20260816_125007_bb495b,2024-04-22,600585.SH,600,600,136.601833,130.6856,-3549.7398,44
20260816_125007_bb495b,2024-04-22,601228.SH,29700,29700,3.556071,3.70185,4329.6363,23
20260816_125007_bb495b,2024-04-22,000877.SZ,1900,1900,54.303639,49.37889,-9357.0231,16
20260816_125007_bb495b,2024-04-22,000685.SZ,800,800,127.744593,128.88036,908.6136,9
20260816_125007_bb495b,2024-04-22,600886.SH,100,100,796.173173,814.8003,1862.7127,8
20260816_125007_bb495b,2024-04-22,600874.SH,10100,10100,10.79512,10.69119,-1049.693,7
20260816_125007_bb495b,2024-04-22,600623.SH,500,500,208.731491,212.85971,2064.1095,7
20260816_125007_bb495b,2024-04-22,600740.SH,1400,1400,73.50126,71.55282,-2727.816,6
20260816_125007_bb495b,2024-04-23,601229.SH,4900,4900,20.833494,22.55492,8434.9874,54
20260816_125007_bb495b,2024-04-23,601818.SH,17900,17900,5.713124,5.66953,-780.3326,54
20260816_125007_bb495b,2024-04-23,600012.SH,2700,2700,35.096975,41.03851,16042.1445,49
20260816_125007_bb495b,2024-04-23,600585.SH,600,600,136.601833,127.24947,-5611.4178,45
20260816_125007_bb495b,2024-04-23,601228.SH,29700,29700,3.556071,3.63747,2417.5503,24
20260816_125007_bb495b,2024-04-23,000877.SZ,1900,1900,54.303639,47.53914,-12852.5481,17
20260816_125007_bb495b,2024-04-23,000685.SZ,800,800,127.744593,127.42317,-257.1384,10
20260816_125007_bb495b,2024-04-23,600886.SH,100,100,796.173173,805.506,933.2827,9
20260816_125007_bb495b,2024-04-23,600874.SH,10100,10100,10.79512,10.61883,-1780.529,8
20260816_125007_bb495b,2024-04-23,600623.SH,500,500,208.731491,209.41132,339.9145,8
20260816_125007_bb495b,2024-04-23,600740.SH,1400,1400,73.50126,64.41182,-12725.216,7
20260816_125007_bb495b,2024-04-24,601229.SH,4900,4900,20.833494,22.58728,8593.5514,55
20260816_125007_bb495b,2024-04-24,601818.SH,17900,17900,5.713124,5.66953,-780.3326,55
20260816_125007_bb495b,2024-04-24,600012.SH,2700,2700,35.096975,40.87225,15593.2425,50
20260816_125007_bb495b,2024-04-24,600585.SH,600,600,136.601833,126.06654,-6321.1758,46
20260816_125007_bb495b,2024-04-24,601228.SH,29700,29700,3.556071,3.63747,2417.5503,25
20260816_125007_bb495b,2024-04-24,000685.SZ,800,800,127.744593,129.528,1426.7256,11
20260816_125007_bb495b,2024-04-24,600886.SH,100,100,796.173173,812.21855,1604.5377,10
20260816_125007_bb495b,2024-04-24,600874.SH,10100,10100,10.79512,10.78164,-136.148,9
20260816_125007_bb495b,2024-04-24,600623.SH,500,500,208.731491,209.41132,339.9145,9
20260816_125007_bb495b,2024-04-24,603323.SH,12700,0,8.448069,8.21548,-2953.8803,1
20260816_125007_bb495b,2024-04-25,601229.SH,4900,4900,20.833494,22.91088,10179.1914,56
20260816_125007_bb495b,2024-04-25,601818.SH,17900,17900,5.713124,5.72422,198.6184,56
20260816_125007_bb495b,2024-04-25,600012.SH,2700,2700,35.096975,41.23248,16565.8635,51
20260816_125007_bb495b,2024-04-25,600585.SH,600,600,136.601833,127.08048,-5712.8118,47
20260816_125007_bb495b,2024-04-25,601228.SH,29700,29700,3.556071,3.63747,2417.5503,26
20260816_125007_bb495b,2024-04-25,000685.SZ,800,800,127.744593,128.55654,649.5576,12
20260816_125007_bb495b,2024-04-25,600886.SH,100,100,796.173173,806.5387,1036.5527,11
20260816_125007_bb495b,2024-04-25,600874.SH,10100,10100,10.79512,10.65501,-1415.111,10
20260816_125007_bb495b,2024-04-25,600623.SH,500,500,208.731491,212.85971,2064.1095,10
20260816_125007_bb495b,2024-04-25,603323.SH,12700,12700,8.448069,8.3692,-1001.6363,2
20260816_125007_bb495b,2024-04-25,002048.SZ,1000,0,106.045258,106.14768,102.422,1
20260816_125007_bb495b,2024-04-25,002773.SZ,2600,0,40.363751,40.96455,1562.0774,1
20260816_125007_bb495b,2024-04-26,601229.SH,4900,4900,20.833494,23.04032,10813.4474,57
20260816_125007_bb495b,2024-04-26,601818.SH,17900,17900,5.713124,5.66953,-780.3326,57
20260816_125007_bb495b,2024-04-26,600012.SH,2700,2700,35.096975,39.37591,11553.1245,52
20260816_125007_bb495b,2024-04-26,600585.SH,600,600,136.601833,128.26341,-5003.0538,48
20260816_125007_bb495b,2024-04-26,601228.SH,29700,29700,3.556071,3.59455,1142.8263,27
20260816_125007_bb495b,2024-04-26,000685.SZ,800,800,127.744593,129.85182,1685.7816,13
20260816_125007_bb495b,2024-04-26,600886.SH,100,100,796.173173,800.85885,468.5677,12
20260816_125007_bb495b,2024-04-26,600874.SH,10100,10100,10.79512,10.72737,-684.275,11
20260816_125007_bb495b,2024-04-26,600623.SH,500,500,208.731491,212.85971,2064.1095,11
20260816_125007_bb495b,2024-04-26,603323.SH,12700,12700,8.448069,8.09592,-4472.2923,3
20260816_125007_bb495b,2024-04-26,002048.SZ,1000,1000,106.045258,105.05176,-993.498,2
20260816_125007_bb495b,2024-04-26,002773.SZ,2600,2600,40.363751,42.10415,4525.0374,2
20260816_125007_bb495b,2024-04-29,601229.SH,4900,4900,20.833494,23.2992,12081.9594,58
20260816_125007_bb495b,2024-04-29,601818.SH,17900,17900,5.713124,5.70599,-127.6986,58
20260816_125007_bb495b,2024-04-29,600012.SH,2700,2700,35.096975,36.99285,5118.8625,53
20260816_125007_bb495b,2024-04-29,600585.SH,600,600,136.601833,131.19257,-3245.5578,49
20260816_125007_bb495b,2024-04-29,601228.SH,29700,29700,3.556071,3.59455,1142.8263,28
20260816_125007_bb495b,2024-04-29,000685.SZ,800,800,127.744593,127.09935,-516.1944,14
20260816_125007_bb495b,2024-04-29,600886.SH,100,100,796.173173,787.43375,-873.9423,13
20260816_125007_bb495b,2024-04-29,600874.SH,10100,10100,10.79512,10.87209,777.397,12
20260816_125007_bb495b,2024-04-29,600623.SH,500,500,208.731491,218.81602,5042.2645,12
20260816_125007_bb495b,2024-04-29,603323.SH,12700,12700,8.448069,8.3692,-1001.6363,4
20260816_125007_bb495b,2024-04-29,002048.SZ,1000,1000,106.045258,108.8092,2763.942,3
20260816_125007_bb495b,2024-04-29,002773.SZ,2600,2600,40.363751,42.735,6165.2474,3
20260816_125007_bb495b,2024-04-30,601229.SH,4900,4900,20.833494,23.6228,13667.5994,59
20260816_125007_bb495b,2024-04-30,601818.SH,17900,17900,5.713124,5.74245,524.9354,59
20260816_125007_bb495b,2024-04-30,600012.SH,2700,2700,35.096975,36.21697,3023.9865,54
20260816_125007_bb495b,2024-04-30,600585.SH,600,600,136.601833,129.44634,-4293.2958,50
20260816_125007_bb495b,2024-04-30,601228.SH,29700,29700,3.556071,3.60528,1461.5073,29
20260816_125007_bb495b,2024-04-30,000685.SZ,800,800,127.744593,125.15643,-2070.5304,15
20260816_125007_bb495b,2024-04-30,600886.SH,100,100,796.173173,827.70905,3153.5877,14
20260816_125007_bb495b,2024-04-30,600874.SH,10100,10100,10.79512,10.83591,411.979,13
20260816_125007_bb495b,2024-04-30,600623.SH,500,500,208.731491,208.47085,-130.3205,13
20260816_125007_bb495b,2024-04-30,603323.SH,12700,12700,8.448069,8.3692,-1001.6363,5
20260816_125007_bb495b,2024-04-30,002048.SZ,1000,1000,106.045258,108.96576,2920.502,4
20260816_125007_bb495b,2024-04-30,002773.SZ,2600,2600,40.363751,44.1595,9868.9474,4
20260816_125007_bb495b,2024-05-06,601229.SH,4900,4900,20.833494,23.55808,13350.4714,60
20260816_125007_bb495b,2024-05-06,601818.SH,17900,17900,5.713124,5.76068,851.2524,60
20260816_125007_bb495b,2024-05-06,600012.SH,2700,2700,35.096975,36.21697,3023.9865,55
20260816_125007_bb495b,2024-05-06,600585.SH,600,600,136.601833,130.79826,-3482.1438,51
20260816_125007_bb495b,2024-05-06,601228.SH,29700,29700,3.556071,3.66966,3373.5933,30
20260816_125007_bb495b,2024-05-06,000685.SZ,800,800,127.744593,126.93744,-645.7224,16
20260816_125007_bb495b,2024-05-06,600886.SH,100,100,796.173173,840.10145,4392.8277,15
20260816_125007_bb495b,2024-05-06,600874.SH,10100,10100,10.79512,11.10726,3152.614,14
20260816_125007_bb495b,2024-05-06,600623.SH,500,500,208.731491,216.93508,4101.7945,14
20260816_125007_bb495b,2024-05-06,603323.SH,12700,12700,8.448069,8.21548,-2953.8803,6
20260816_125007_bb495b,2024-05-06,002048.SZ,1000,1000,106.045258,112.41008,6364.822,5
20260816_125007_bb495b,2024-05-06,002773.SZ,2600,2600,40.363751,46.3166,15477.4074,5
20260816_125007_bb495b,2024-05-07,600012.SH,2700,2700,35.096975,36.07842,2649.9015,56
20260816_125007_bb495b,2024-05-07,600585.SH,600,600,136.601833,130.74193,-3515.9418,52
20260816_125007_bb495b,2024-05-07,601228.SH,29700,29700,3.556071,3.62674,2098.8693,31
20260816_125007_bb495b,2024-05-07,000685.SZ,800,800,127.744593,126.12789,-1293.3624,17
20260816_125007_bb495b,2024-05-07,600886.SH,100,100,796.173173,817.38205,2120.8877,16
20260816_125007_bb495b,2024-05-07,600874.SH,10100,10100,10.79512,11.0349,2421.778,15
20260816_125007_bb495b,2024-05-07,600623.SH,500,500,208.731491,223.51837,7393.4395,15
20260816_125007_bb495b,2024-05-07,603323.SH,12700,12700,8.448069,8.16424,-3604.6283,7
20260816_125007_bb495b,2024-05-07,002048.SZ,1000,1000,106.045258,112.87976,6834.502,6
20260816_125007_bb495b,2024-05-07,002773.SZ,2600,2600,40.363751,48.5958,21403.3274,6
20260816_125007_bb495b,2024-05-08,600012.SH,2700,2700,35.096975,37.07598,5343.3135,57
20260816_125007_bb495b,2024-05-08,600585.SH,600,600,136.601833,130.79826,-3482.1438,53
20260816_125007_bb495b,2024-05-08,601228.SH,29700,29700,3.556071,3.61601,1780.1883,32
20260816_125007_bb495b,2024-05-08,000685.SZ,800,800,127.744593,124.6707,-2459.1144,18
20260816_125007_bb495b,2024-05-08,600886.SH,100,100,796.173173,813.7676,1759.4427,17
20260816_125007_bb495b,2024-05-08,600874.SH,10100,10100,10.79512,10.87209,777.397,16
20260816_125007_bb495b,2024-05-08,600623.SH,500,500,208.731491,221.63743,6452.9695,16
20260816_125007_bb495b,2024-05-08,603323.SH,12700,12700,8.448069,8.113,-4255.3763,8
20260816_125007_bb495b,2024-05-08,002048.SZ,1000,1000,106.045258,111.1576,5112.342,7
20260816_125007_bb495b,2024-05-08,002773.SZ,2600,2600,40.363751,47.92425,19657.2974,7
20260816_125007_bb495b,2024-05-08,601216.SH,1500,0,70.211372,69.961,-375.558,1
20260816_125007_bb495b,2024-05-09,600012.SH,2700,2700,35.096975,37.24224,5792.2155,58
20260816_125007_bb495b,2024-05-09,600585.SH,600,600,136.601833,132.65715,-2366.8098,54
20260816_125007_bb495b,2024-05-09,601228.SH,29700,29700,3.556071,3.69112,4010.9553,33
20260816_125007_bb495b,2024-05-09,000685.SZ,800,800,127.744593,127.42317,-257.1384,19
20260816_125007_bb495b,2024-05-09,600886.SH,100,100,796.173173,805.506,933.2827,18
20260816_125007_bb495b,2024-05-09,600874.SH,10100,10100,10.79512,10.98063,1873.651,17
20260816_125007_bb495b,2024-05-09,600623.SH,500,500,208.731491,220.06998,5669.2445,17
20260816_125007_bb495b,2024-05-09,603323.SH,12700,12700,8.448069,8.30088,-1869.3003,9
20260816_125007_bb495b,2024-05-09,002048.SZ,1000,1000,106.045258,113.8974,7852.142,8
20260816_125007_bb495b,2024-05-09,002773.SZ,2600,2600,40.363751,47.8632,19498.5674,8
20260816_125007_bb495b,2024-05-09,601216.SH,1500,1500,70.211372,70.9372,1088.742,2
20260816_125007_bb495b,2024-05-09,601008.SH,16100,0,6.830469,6.88982,955.5511,1
20260816_125007_bb495b,2024-05-10,600012.SH,2700,2700,35.096975,37.15911,5567.7645,59
20260816_125007_bb495b,2024-05-10,600585.SH,600,600,136.601833,136.60025,-0.9498,55
20260816_125007_bb495b,2024-05-10,601228.SH,29700,29700,3.556071,3.66966,3373.5933,34
20260816_125007_bb495b,2024-05-10,000685.SZ,800,800,127.744593,127.74699,1.9176,20
20260816_125007_bb495b,2024-05-10,600886.SH,100,100,796.173173,806.5387,1036.5527,19
20260816_125007_bb495b,2024-05-10,600874.SH,10100,10100,10.79512,11.07108,2787.196,18
20260816_125007_bb495b,2024-05-10,600623.SH,500,500,208.731491,220.06998,5669.2445,18
20260816_125007_bb495b,2024-05-10,603323.SH,12700,12700,8.448069,8.38628,-784.7203,10
20260816_125007_bb495b,2024-05-10,002048.SZ,1000,1000,106.045258,113.19288,7147.622,9
20260816_125007_bb495b,2024-05-10,002773.SZ,2600,2600,40.363751,48.1481,20239.3074,9
20260816_125007_bb495b,2024-05-10,601216.SH,1500,1500,70.211372,71.9134,2553.042,3
20260816_125007_bb495b,2024-05-10,601008.SH,16100,16100,6.830469,6.8728,681.5291,2
20260816_125007_bb495b,2024-05-13,600012.SH,2700,2700,35.096975,38.37835,8859.7125,60
20260816_125007_bb495b,2024-05-13,600585.SH,600,600,136.601833,137.21988,370.8282,56
20260816_125007_bb495b,2024-05-13,601228.SH,29700,29700,3.556071,3.66966,3373.5933,35
20260816_125007_bb495b,2024-05-13,000685.SZ,800,800,127.744593,130.01373,1815.3096,21
20260816_125007_bb495b,2024-05-13,600886.SH,100,100,796.173173,824.61095,2843.7777,20
20260816_125007_bb495b,2024-05-13,600874.SH,10100,10100,10.79512,11.07108,2787.196,19
20260816_125007_bb495b,2024-05-13,600623.SH,500,500,208.731491,216.62159,3945.0495,19
20260816_125007_bb495b,2024-05-13,603323.SH,12700,12700,8.448069,8.60832,2035.1877,11
20260816_125007_bb495b,2024-05-13,002048.SZ,1000,1000,106.045258,114.6802,8634.942,10
20260816_125007_bb495b,2024-05-13,002773.SZ,2600,2600,40.363751,47.39515,18281.6374,10
20260816_125007_bb495b,2024-05-13,601216.SH,1500,1500,70.211372,71.588,2064.942,4
20260816_125007_bb495b,2024-05-13,601008.SH,16100,16100,6.830469,6.907164,1234.7895,3
20260816_125007_bb495b,2024-05-14,600585.SH,600,600,136.601833,135.52998,-643.1118,57
20260816_125007_bb495b,2024-05-14,601228.SH,29700,29700,3.556071,3.6482,2736.2313,36
20260816_125007_bb495b,2024-05-14,000685.SZ,800,800,127.744593,129.04227,1038.1416,22
20260816_125007_bb495b,2024-05-14,600886.SH,100,100,796.173173,829.2581,3308.4927,21
20260816_125007_bb495b,2024-05-14,600874.SH,10100,10100,10.79512,11.0349,2421.778,20
20260816_125007_bb495b,2024-05-14,600623.SH,500,500,208.731491,215.99461,3631.5595,20
20260816_125007_bb495b,2024-05-14,603323.SH,12700,12700,8.448069,8.54,1167.5237,12
20260816_125007_bb495b,2024-05-14,002048.SZ,1000,1000,106.045258,113.42772,7382.462,11
20260816_125007_bb495b,2024-05-14,002773.SZ,2600,2600,40.363751,48.24985,20503.8574,11
20260816_125007_bb495b,2024-05-14,601216.SH,1500,1500,70.211372,70.1237,-131.508,5
20260816_125007_bb495b,2024-05-14,601008.SH,16100,16100,6.830469,6.975892,2341.3103,4
20260816_125007_bb495b,2024-05-15,600585.SH,600,600,136.601833,137.05089,269.4342,58
20260816_125007_bb495b,2024-05-15,601228.SH,29700,29700,3.556071,3.62674,2098.8693,37
20260816_125007_bb495b,2024-05-15,000685.SZ,800,800,127.744593,126.61362,-904.7784,23
20260816_125007_bb495b,2024-05-15,600886.SH,100,100,796.173173,820.48015,2430.6977,22
20260816_125007_bb495b,2024-05-15,600874.SH,10100,10100,10.79512,10.96254,1690.942,21
20260816_125007_bb495b,2024-05-15,600623.SH,500,500,208.731491,217.56206,4415.2845,21
20260816_125007_bb495b,2024-05-15,603323.SH,12700,12700,8.448069,8.64248,2469.0197,13
20260816_125007_bb495b,2024-05-15,002048.SZ,1000,1000,106.045258,112.87976,6834.502,12
20260816_125007_bb495b,2024-05-15,002773.SZ,2600,2600,40.363751,46.6422,16323.9674,12
20260816_125007_bb495b,2024-05-15,601216.SH,1500,1500,70.211372,70.2864,112.542,6
20260816_125007_bb495b,2024-05-15,601008.SH,16100,16100,6.830469,6.889982,958.1593,5
20260816_125007_bb495b,2024-05-15,601607.SH,500,0,199.984319,197.19156,-1396.3795,1
20260816_125007_bb495b,2024-05-16,600585.SH,600,600,136.601833,142.90921,3784.4262,59
20260816_125007_bb495b,2024-05-16,601228.SH,29700,29700,3.556071,3.57309,505.4643,38
20260816_125007_bb495b,2024-05-16,000685.SZ,800,800,127.744593,125.96598,-1422.8904,24
20260816_125007_bb495b,2024-05-16,600886.SH,100,100,796.173173,817.38205,2120.8877,23
20260816_125007_bb495b,2024-05-16,600874.SH,10100,10100,10.79512,10.94445,1508.233,22
20260816_125007_bb495b,2024-05-16,600623.SH,500,500,208.731491,215.68112,3474.8145,22
20260816_125007_bb495b,2024-05-16,603323.SH,12700,12700,8.448069,8.77912,4204.3477,14
20260816_125007_bb495b,2024-05-16,002048.SZ,1000,1000,106.045258,111.86212,5816.862,13
20260816_125007_bb495b,2024-05-16,002773.SZ,2600,2600,40.363751,45.9096,14419.2074,13
20260816_125007_bb495b,2024-05-16,601216.SH,1500,1500,70.211372,69.4729,-1107.708,7
20260816_125007_bb495b,2024-05-16,601008.SH,16100,16100,6.830469,6.752526,-1254.8823,6
20260816_125007_bb495b,2024-05-16,601607.SH,500,500,199.984319,195.60216,-2191.0795,2
20260816_125007_bb495b,2024-05-17,600585.SH,600,600,136.601833,143.0782,3885.8202,60
20260816_125007_bb495b,2024-05-17,601228.SH,29700,29700,3.556071,3.63747,2417.5503,39
20260816_125007_bb495b,2024-05-17,000685.SZ,800,800,127.744593,128.07081,260.9736,25
20260816_125007_bb495b,2024-05-17,600886.SH,100,100,796.173173,819.9638,2379.0627,24
20260816_125007_bb495b,2024-05-17,600874.SH,10100,10100,10.79512,10.98063,1873.651,23
20260816_125007_bb495b,2024-05-17,600623.SH,500,500,208.731491,218.50253,4885.5195,23
20260816_125007_bb495b,2024-05-17,603323.SH,12700,12700,8.448069,8.86452,5288.9277,15
20260816_125007_bb495b,2024-05-17,002048.SZ,1000,1000,106.045258,114.05396,8008.702,14
20260816_125007_bb495b,2024-05-17,002773.SZ,2600,2600,40.363751,46.21485,15212.8574,14
20260816_125007_bb495b,2024-05-17,601216.SH,1500,1500,70.211372,70.9372,1088.742,8
20260816_125007_bb495b,2024-05-17,601008.SH,16100,16100,6.830469,6.838436,128.2687,7
20260816_125007_bb495b,2024-05-17,601607.SH,500,500,199.984319,195.60216,-2191.0795,3
20260816_125007_bb495b,2024-05-20,601228.SH,29700,29700,3.556071,3.63747,2417.5503,40
20260816_125007_bb495b,2024-05-20,000685.SZ,800,800,127.744593,129.36609,1297.1976,26
20260816_125007_bb495b,2024-05-20,600886.SH,100,100,796.173173,818.9311,2275.7927,25
20260816_125007_bb495b,2024-05-20,600874.SH,10100,10100,10.79512,11.07108,2787.196,24
20260816_125007_bb495b,2024-05-20,600623.SH,500,500,208.731491,223.51837,7393.4395,24
20260816_125007_bb495b,2024-05-20,603323.SH,12700,12700,8.448069,8.77912,4204.3477,16
20260816_125007_bb495b,2024-05-20,002048.SZ,1000,1000,106.045258,114.60192,8556.662,15
20260816_125007_bb495b,2024-05-20,002773.SZ,2600,2600,40.363751,46.37765,15636.1374,15
20260816_125007_bb495b,2024-05-20,601216.SH,1500,1500,70.211372,71.588,2064.942,9
20260816_125007_bb495b,2024-05-20,601008.SH,16100,16100,6.830469,6.855618,404.8989,8
20260816_125007_bb495b,2024-05-20,601607.SH,500,500,199.984319,195.92004,-2032.1395,4
20260816_125007_bb495b,2024-05-21,601228.SH,29700,29700,3.556071,3.60528,1461.5073,41
20260816_125007_bb495b,2024-05-21,000685.SZ,800,800,127.744593,127.9089,131.4456,27
20260816_125007_bb495b,2024-05-21,600886.SH,100,100,796.173173,824.61095,2843.7777,26
20260816_125007_bb495b,2024-05-21,600874.SH,10100,10100,10.79512,10.94445,1508.233,25
20260816_125007_bb495b,2024-05-21,600623.SH,500,500,208.731491,216.62159,3945.0495,25
20260816_125007_bb495b,2024-05-21,603323.SH,12700,12700,8.448069,8.98408,6807.3397,17
20260816_125007_bb495b,2024-05-21,002048.SZ,1000,1000,106.045258,114.13224,8086.982,16
20260816_125007_bb495b,2024-05-21,002773.SZ,2600,2600,40.363751,46.4794,15900.6874,16
20260816_125007_bb495b,2024-05-21,601216.SH,1500,1500,70.211372,71.0999,1332.792,10
20260816_125007_bb495b,2024-05-21,601008.SH,16100,16100,6.830469,6.804072,-424.9917,9
20260816_125007_bb495b,2024-05-21,601607.SH,500,500,199.984319,193.58892,-3197.6995,5
20260816_125007_bb495b,2024-05-21,601166.SH,1200,0,90.656621,91.61043,1144.5708,1
20260816_125007_bb495b,2024-05-22,601228.SH,29700,29700,3.556071,3.56236,186.7833,42
20260816_125007_bb495b,2024-05-22,000685.SZ,800,800,127.744593,127.26126,-386.6664,28
20260816_125007_bb495b,2024-05-22,600886.SH,100,100,796.173173,831.83985,3566.6677,27
20260816_125007_bb495b,2024-05-22,600874.SH,10100,10100,10.79512,10.89018,960.106,26
20260816_125007_bb495b,2024-05-22,600623.SH,500,500,208.731491,213.80018,2534.3445,26
20260816_125007_bb495b,2024-05-22,603323.SH,12700,12700,8.448069,9.0524,7675.0037,18
20260816_125007_bb495b,2024-05-22,002048.SZ,1000,1000,106.045258,114.44536,8400.102,17
20260816_125007_bb495b,2024-05-22,002773.SZ,2600,2600,40.363751,46.33695,15530.3174,17
20260816_125007_bb495b,2024-05-22,601216.SH,1500,1500,70.211372,70.6118,600.642,11
20260816_125007_bb495b,2024-05-22,601008.SH,16100,16100,6.830469,6.752526,-1254.8823,10
20260816_125007_bb495b,2024-05-22,601607.SH,500,500,199.984319,191.15184,-4416.2395,6
20260816_125007_bb495b,2024-05-22,601166.SH,1200,1200,90.656621,92.37258,2059.1508,2
20260816_125007_bb495b,2024-05-23,601228.SH,29700,29700,3.556071,3.49798,-1725.3027,43
20260816_125007_bb495b,2024-05-23,000685.SZ,800,800,127.744593,124.02306,-2977.2264,29
20260816_125007_bb495b,2024-05-23,600886.SH,100,100,796.173173,845.26495,4909.1777,28
20260816_125007_bb495b,2024-05-23,600874.SH,10100,10100,10.79512,10.63692,-1597.82,27
20260816_125007_bb495b,2024-05-23,600623.SH,500,500,208.731491,207.21689,-757.3005,27
20260816_125007_bb495b,2024-05-23,603323.SH,12700,12700,8.448069,9.01824,7241.1717,19
20260816_125007_bb495b,2024-05-23,002048.SZ,1000,1000,106.045258,112.87976,6834.502,18
20260816_125007_bb495b,2024-05-23,002773.SZ,2600,2600,40.363751,45.7468,13995.9274,18
20260816_125007_bb495b,2024-05-23,601216.SH,1500,1500,70.211372,69.6356,-863.658,12
20260816_125007_bb495b,2024-05-23,601008.SH,16100,16100,6.830469,6.632252,-3191.2937,11
20260816_125007_bb495b,2024-05-23,601607.SH,500,500,199.984319,189.88032,-5051.9995,7
20260816_125007_bb495b,2024-05-23,601166.SH,1200,1200,90.656621,92.01691,1632.3468,3
20260816_125007_bb495b,2024-05-24,601228.SH,29700,29700,3.556071,3.51944,-1087.9407,44
20260816_125007_bb495b,2024-05-24,000685.SZ,800,800,127.744593,124.50879,-2588.6424,30
20260816_125007_bb495b,2024-05-24,600886.SH,100,100,796.173173,867.468,7129.4827,29
20260816_125007_bb495b,2024-05-24,600874.SH,10100,10100,10.79512,10.70928,-866.984,28
20260816_125007_bb495b,2024-05-24,600623.SH,500,500,208.731491,209.09783,183.1695,28
20260816_125007_bb495b,2024-05-24,603323.SH,12700,12700,8.448069,9.01824,7241.1717,20
20260816_125007_bb495b,2024-05-24,002048.SZ,1000,1000,106.045258,113.03632,6991.062,19
20260816_125007_bb495b,2024-05-24,002773.SZ,2600,2600,40.363751,46.01135,14683.7574,19
20260816_125007_bb495b,2024-05-24,601216.SH,1500,1500,70.211372,69.961,-375.558,13
20260816_125007_bb495b,2024-05-24,601008.SH,16100,16100,6.830469,6.632252,-3191.2937,12
20260816_125007_bb495b,2024-05-24,601607.SH,500,500,199.984319,193.69488,-3144.7195,8
20260816_125007_bb495b,2024-05-24,601166.SH,1200,1200,90.656621,90.89909,290.9628,4
20260816_125007_bb495b,2024-05-27,601228.SH,29700,29700,3.556071,3.56236,186.7833,45
20260816_125007_bb495b,2024-05-27,000685.SZ,800,800,127.744593,126.45171,-1034.3064,31
20260816_125007_bb495b,2024-05-27,600886.SH,100,100,796.173173,887.0893,9091.6127,30
20260816_125007_bb495b,2024-05-27,600874.SH,10100,10100,10.79512,10.83591,411.979,29
20260816_125007_bb495b,2024-05-27,600623.SH,500,500,208.731491,211.29226,1280.3845,29
20260816_125007_bb495b,2024-05-27,603323.SH,12700,12700,8.448069,9.20612,9627.2477,21
20260816_125007_bb495b,2024-05-27,002048.SZ,1000,1000,106.045258,113.81912,7773.862,20
20260816_125007_bb495b,2024-05-27,002773.SZ,2600,2600,40.363751,46.5608,16112.3274,20
20260816_125007_bb495b,2024-05-27,601216.SH,1500,1500,70.211372,70.6118,600.642,14
20260816_125007_bb495b,2024-05-27,601008.SH,16100,16100,6.830469,6.718162,-1808.1427,13
20260816_125007_bb495b,2024-05-27,601607.SH,500,500,199.984319,195.28428,-2350.0195,9
20260816_125007_bb495b,2024-05-27,601166.SH,1200,1200,90.656621,92.62663,2364.0108,5
20260816_125007_bb495b,2024-05-28,601228.SH,29700,29700,3.556071,3.51944,-1087.9407,46
20260816_125007_bb495b,2024-05-28,000685.SZ,800,800,127.744593,124.83261,-2329.5864,32
20260816_125007_bb495b,2024-05-28,600886.SH,100,100,796.173173,896.3836,10021.0427,31
20260816_125007_bb495b,2024-05-28,600874.SH,10100,10100,10.79512,10.70928,-866.984,30
20260816_125007_bb495b,2024-05-28,600623.SH,500,500,208.731491,207.53038,-600.5555,30
20260816_125007_bb495b,2024-05-28,603323.SH,12700,12700,8.448069,9.0524,7675.0037,22
20260816_125007_bb495b,2024-05-28,002048.SZ,1000,1000,106.045258,112.95804,6912.782,21
20260816_125007_bb495b,2024-05-28,002773.SZ,2600,2600,40.363751,46.189008,15145.6682,21
20260816_125007_bb495b,2024-05-28,601216.SH,1500,1500,70.211372,69.6356,-863.658,15
20260816_125007_bb495b,2024-05-28,601008.SH,16100,16100,6.830469,6.649434,-2914.6635,14
20260816_125007_bb495b,2024-05-28,601607.SH,500,500,199.984319,193.80084,-3091.7395,10
20260816_125007_bb495b,2024-05-28,601166.SH,1200,1200,90.656621,93.08392,2912.7588,6
20260816_125007_bb495b,2024-05-29,601228.SH,29700,29700,3.556071,3.53017,-769.2597,47
20260816_125007_bb495b,2024-05-29,000685.SZ,800,800,127.744593,124.83261,-2329.5864,33
20260816_125007_bb495b,2024-05-29,600886.SH,100,100,796.173173,909.8087,11363.5527,32
20260816_125007_bb495b,2024-05-29,600874.SH,10100,10100,10.79512,10.70928,-866.984,31
20260816_125007_bb495b,2024-05-29,600623.SH,500,500,208.731491,208.47085,-130.3205,31
20260816_125007_bb495b,2024-05-29,603323.SH,12700,12700,8.448069,8.94992,6373.5077,23
20260816_125007_bb495b,2024-05-29,002048.SZ,1000,1000,106.045258,112.64492,6599.662,22
20260816_125007_bb495b,2024-05-29,002773.SZ,2600,2600,40.363751,46.126926,14984.255,22
20260816_125007_bb495b,2024-05-29,601216.SH,1500,1500,70.211372,69.7983,-619.608,16
20260816_125007_bb495b,2024-05-29,601008.SH,16100,16100,6.830469,6.61507,-3467.9239,15
20260816_125007_bb495b,2024-05-29,601607.SH,500,500,199.984319,191.7876,-4098.3595,11
20260816_125007_bb495b,2024-05-29,601166.SH,1200,1200,90.656621,91.81367,1388.4588,7
20260816_125007_bb495b,2024-05-30,601228.SH,29700,29700,3.556071,3.5409,-450.5787,48
20260816_125007_bb495b,2024-05-30,000685.SZ,800,800,127.744593,123.21351,-3624.8664,34
20260816_125007_bb495b,2024-05-30,600886.SH,100,100,796.173173,910.32505,11415.1877,33
20260816_125007_bb495b,2024-05-30,600874.SH,10100,10100,10.79512,10.61883,-1780.529,32
20260816_125007_bb495b,2024-05-30,600623.SH,500,500,208.731491,206.9034,-914.0455,32
20260816_125007_bb495b,2024-05-30,603323.SH,12700,12700,8.448069,8.86452,5288.9277,24
20260816_125007_bb495b,2024-05-30,002048.SZ,1000,1000,106.045258,113.34944,7304.182,23
20260816_125007_bb495b,2024-05-30,002773.SZ,2600,2600,40.363751,46.189008,15145.6682,23
20260816_125007_bb495b,2024-05-30,601216.SH,1500,1500,70.211372,70.1237,-131.508,17
20260816_125007_bb495b,2024-05-30,601008.SH,16100,16100,6.830469,6.511978,-5127.7051,16
20260816_125007_bb495b,2024-05-30,601607.SH,500,500,199.984319,191.7876,-4098.3595,12
20260816_125007_bb495b,2024-05-30,601166.SH,1200,1200,90.656621,91.15314,595.8228,8
20260816_125007_bb495b,2024-05-31,601228.SH,29700,29700,3.556071,3.55163,-131.8977,49
20260816_125007_bb495b,2024-05-31,000685.SZ,800,800,127.744593,122.88969,-3883.9224,35
20260816_125007_bb495b,2024-05-31,600886.SH,100,100,796.173173,914.9722,11879.9027,34
20260816_125007_bb495b,2024-05-31,600874.SH,10100,10100,10.79512,10.58265,-2145.947,33
20260816_125007_bb495b,2024-05-31,600623.SH,500,500,208.731491,204.39548,-2168.0055,33
20260816_125007_bb495b,2024-05-31,603323.SH,12700,12700,8.448069,8.94992,6373.5077,25
20260816_125007_bb495b,2024-05-31,002048.SZ,1000,1000,106.045258,113.81912,7773.862,24
20260816_125007_bb495b,2024-05-31,002773.SZ,2600,2600,40.363751,46.25109,15307.0814,24
20260816_125007_bb495b,2024-05-31,601216.SH,1500,1500,70.211372,71.0999,1332.792,18
20260816_125007_bb495b,2024-05-31,601008.SH,16100,16100,6.830469,6.546342,-4574.4447,17
20260816_125007_bb495b,2024-05-31,601607.SH,500,500,199.984319,192.42336,-3780.4795,13
20260816_125007_bb495b,2024-05-31,601166.SH,1200,1200,90.656621,90.89909,290.9628,9
20260816_125007_bb495b,2024-06-03,601228.SH,29700,29700,3.556071,3.49798,-1725.3027,50
20260816_125007_bb495b,2024-06-03,000685.SZ,800,800,127.744593,120.46104,-5826.8424,36
20260816_125007_bb495b,2024-06-03,600886.SH,100,100,796.173173,919.103,12292.9827,35
20260816_125007_bb495b,2024-06-03,600874.SH,10100,10100,10.79512,10.43793,-3607.619,34
20260816_125007_bb495b,2024-06-03,600623.SH,500,500,208.731491,200.00662,-4362.4355,34
20260816_125007_bb495b,2024-06-03,603323.SH,12700,12700,8.448069,8.74496,3770.5157,26
20260816_125007_bb495b,2024-06-03,002048.SZ,1000,1000,106.045258,112.80148,6756.222,25
20260816_125007_bb495b,2024-06-03,002773.SZ,2600,2600,40.363751,45.73374,13961.9714,25
20260816_125007_bb495b,2024-06-03,601216.SH,1500,1500,70.211372,70.1237,-131.508,19
20260816_125007_bb495b,2024-06-03,601008.SH,16100,16100,6.830469,6.322976,-8170.6373,18
20260816_125007_bb495b,2024-06-03,601607.SH,500,500,199.984319,194.86044,-2561.9395,14
20260816_125007_bb495b,2024-06-03,601166.SH,1200,1200,90.656621,90.4418,-257.7852,10
20260816_125007_bb495b,2024-06-04,601228.SH,29700,29700,3.556071,3.53017,-769.2597,51
20260816_125007_bb495b,2024-06-04,000685.SZ,800,800,127.744593,121.4325,-5049.6744,37
20260816_125007_bb495b,2024-06-04,600886.SH,100,100,796.173173,919.103,12292.9827,36
20260816_125007_bb495b,2024-06-04,600874.SH,10100,10100,10.79512,10.51029,-2876.783,35
20260816_125007_bb495b,2024-06-04,600623.SH,500,500,208.731491,203.14152,-2794.9855,35
20260816_125007_bb495b,2024-06-04,603323.SH,12700,12700,8.448069,8.83036,4855.0957,27
20260816_125007_bb495b,2024-06-04,002048.SZ,1000,1000,106.045258,113.27116,7225.902,26
20260816_125007_bb495b,2024-06-04,002773.SZ,2600,2600,40.363751,46.602888,16221.7562,26
20260816_125007_bb495b,2024-06-04,601216.SH,1500,1500,70.211372,70.6118,600.642,20
20260816_125007_bb495b,2024-06-04,601008.SH,16100,16100,6.830469,6.35734,-7617.3769,19
20260816_125007_bb495b,2024-06-04,601607.SH,500,500,199.984319,195.92004,-2032.1395,15
20260816_125007_bb495b,2024-06-04,601166.SH,1200,1200,90.656621,90.18775,-562.6452,11
20260816_125007_bb495b,2024-06-05,601228.SH,29700,29700,3.556071,3.47652,-2362.6647,52
20260816_125007_bb495b,2024-06-05,000685.SZ,800,800,127.744593,119.48958,-6604.0104,38
20260816_125007_bb495b,2024-06-05,600886.SH,100,100,796.173173,920.65205,12447.8877,37
20260816_125007_bb495b,2024-06-05,600874.SH,10100,10100,10.79512,10.32939,-4703.873,36
20260816_125007_bb495b,2024-06-05,600623.SH,500,500,208.731491,200.00662,-4362.4355,36
20260816_125007_bb495b,2024-06-05,603323.SH,12700,12700,8.448069,8.6254,2252.1037,28
20260816_125007_bb495b,2024-06-05,002048.SZ,1000,1000,106.045258,111.62728,5582.022,27
20260816_125007_bb495b,2024-06-05,002773.SZ,2600,2600,40.363751,47.037462,17351.6486,27
20260816_125007_bb495b,2024-06-05,601216.SH,1500,1500,70.211372,69.961,-375.558,21
20260816_125007_bb495b,2024-06-05,601008.SH,16100,16100,6.830469,6.18552,-10383.6789,20
20260816_125007_bb495b,2024-06-05,601607.SH,500,500,199.984319,196.13196,-1926.1795,16
20260816_125007_bb495b,2024-06-05,601166.SH,1200,1200,90.656621,89.17155,-1782.0852,12
20260816_125007_bb495b,2024-06-06,601228.SH,29700,29700,3.556071,3.41214,-4274.7507,53
20260816_125007_bb495b,2024-06-06,000685.SZ,800,800,127.744593,117.87048,-7899.2904,39
20260816_125007_bb495b,2024-06-06,600886.SH,100,100,796.173173,920.65205,12447.8877,38
20260816_125007_bb495b,2024-06-06,600874.SH,10100,10100,10.79512,10.18467,-6165.545,37
20260816_125007_bb495b,2024-06-06,600623.SH,500,500,208.731491,198.12568,-5302.9055,37
20260816_125007_bb495b,2024-06-06,603323.SH,12700,12700,8.448069,8.47168,299.8597,29
20260816_125007_bb495b,2024-06-06,002048.SZ,1000,1000,106.045258,109.12232,3077.062,28
20260816_125007_bb495b,2024-06-06,002773.SZ,2600,2600,40.363751,48.568818,21333.1742,28
20260816_125007_bb495b,2024-06-06,601216.SH,1500,1500,70.211372,69.609276,-903.144,22
20260816_125007_bb495b,2024-06-06,601008.SH,16100,16100,6.830469,5.979336,-13703.2413,21
20260816_125007_bb495b,2024-06-06,601607.SH,500,500,199.984319,195.39024,-2297.0395,17
20260816_125007_bb495b,2024-06-06,601166.SH,1200,1200,90.656621,89.27317,-1660.1412,13
20260816_125007_bb495b,2024-06-07,601228.SH,29700,29700,3.556071,3.49798,-1725.3027,54
20260816_125007_bb495b,2024-06-07,000685.SZ,800,800,127.744593,120.46104,-5826.8424,40
20260816_125007_bb495b,2024-06-07,600886.SH,100,100,796.173173,949.0513,15287.8127,39
20260816_125007_bb495b,2024-06-07,600874.SH,10100,10100,10.79512,10.58265,-2145.947,38
20260816_125007_bb495b,2024-06-07,600623.SH,500,500,208.731491,199.37964,-4675.9255,38
20260816_125007_bb495b,2024-06-07,603323.SH,12700,12700,8.448069,8.631101,2324.5064,30
20260816_125007_bb495b,2024-06-07,002048.SZ,1000,1000,106.045258,109.69593,3650.672,29
20260816_125007_bb495b,2024-06-07,002773.SZ,2600,2600,40.363751,46.996074,17244.0398,29
20260816_125007_bb495b,2024-06-07,601216.SH,1500,1500,70.211372,70.136619,-112.1295,23
20260816_125007_bb495b,2024-06-07,601607.SH,500,500,199.984319,198.99288,-495.7195,18
20260816_125007_bb495b,2024-06-07,601166.SH,1200,1200,90.656621,89.06993,-1904.0292,14
20260816_125007_bb495b,2024-06-11,601228.SH,29700,29700,3.556071,3.40141,-4593.4317,55
20260816_125007_bb495b,2024-06-11,000685.SZ,800,800,127.744593,118.84194,-7122.1224,41
20260816_125007_bb495b,2024-06-11,600886.SH,100,100,796.173173,932.5281,13635.4927,40
20260816_125007_bb495b,2024-06-11,600874.SH,10100,10100,10.79512,10.3113,-4886.582,39
20260816_125007_bb495b,2024-06-11,600623.SH,500,500,208.731491,197.18521,-5773.1405,39
20260816_125007_bb495b,2024-06-11,603323.SH,12700,12700,8.448069,8.471594,298.7675,31
20260816_125007_bb495b,2024-06-11,002048.SZ,1000,1000,106.045258,109.613945,3568.687,30
20260816_125007_bb495b,2024-06-11,002773.SZ,2600,2600,40.363751,47.451342,18427.7366,30
20260816_125007_bb495b,2024-06-11,601216.SH,1500,1500,70.211372,69.257714,-1430.487,24
20260816_125007_bb495b,2024-06-11,601607.SH,500,500,199.984319,198.35712,-813.5995,19
20260816_125007_bb495b,2024-06-11,601166.SH,1200,1200,90.656621,88.46021,-2635.6932,15
20260816_125007_bb495b,2024-06-11,601328.SH,6100,0,17.752407,17.22435,-3221.1477,1
20260816_125007_bb495b,2024-06-12,601228.SH,29700,29700,3.556071,3.41214,-4274.7507,56
20260816_125007_bb495b,2024-06-12,000685.SZ,800,800,127.744593,118.68003,-7251.6504,42
20260816_125007_bb495b,2024-06-12,600886.SH,100,100,796.173173,946.9859,15081.2727,41
20260816_125007_bb495b,2024-06-12,600874.SH,10100,10100,10.79512,10.41984,-3790.328,40
20260816_125007_bb495b,2024-06-12,600623.SH,500,500,208.731491,195.61776,-6556.8655,40
20260816_125007_bb495b,2024-06-12,603323.SH,12700,12700,8.448069,8.400702,-601.5609,32
20260816_125007_bb495b,2024-06-12,002048.SZ,1000,1000,106.045258,110.02387,3978.612,31
20260816_125007_bb495b,2024-06-12,002773.SZ,2600,2600,40.363751,46.913298,17028.8222,31
20260816_125007_bb495b,2024-06-12,601216.SH,1500,1500,70.211372,68.906152,-1957.83,25
20260816_125007_bb495b,2024-06-12,601607.SH,500,500,199.984319,197.40348,-1290.4195,20
20260816_125007_bb495b,2024-06-12,601166.SH,1200,1200,90.656621,87.79968,-3428.3292,16
20260816_125007_bb495b,2024-06-12,601328.SH,6100,6100,17.752407,17.17617,-3515.0457,2
20260816_125007_bb495b,2024-06-13,601228.SH,29700,29700,3.556071,3.33703,-6505.5177,57
20260816_125007_bb495b,2024-06-13,000685.SZ,800,800,127.744593,117.22284,-8417.4024,43
20260816_125007_bb495b,2024-06-13,600886.SH,100,100,796.173173,947.50225,15132.9077,42
20260816_125007_bb495b,2024-06-13,600874.SH,10100,10100,10.79512,10.32939,-4703.873,41
20260816_125007_bb495b,2024-06-13,600623.SH,500,500,208.731491,190.91541,-8908.0405,41
20260816_125007_bb495b,2024-06-13,603323.SH,12700,12700,8.448069,8.223472,-2852.3819,33
20260816_125007_bb495b,2024-06-13,002048.SZ,1000,1000,106.045258,107.89226,1847.002,32
20260816_125007_bb495b,2024-06-13,002773.SZ,2600,2600,40.363751,46.685664,16436.9738,32
20260816_125007_bb495b,2024-06-13,601216.SH,1500,1500,70.211372,67.499904,-4067.202,26
20260816_125007_bb495b,2024-06-13,601607.SH,500,500,199.984319,192.52932,-3727.4995,21
20260816_125007_bb495b,2024-06-13,601166.SH,1200,1200,90.656621,87.24077,-4099.0212,17
20260816_125007_bb495b,2024-06-13,601328.SH,6100,6100,17.752407,16.95936,-4837.5867,3
20260816_125007_bb495b,2024-06-14,601228.SH,29700,29700,3.556071,3.33703,-6505.5177,58
20260816_125007_bb495b,2024-06-14,000685.SZ,800,800,127.744593,118.1943,-7640.2344,44
20260816_125007_bb495b,2024-06-14,600886.SH,100,100,796.173173,915.48855,11931.5377,43
20260816_125007_bb495b,2024-06-14,600874.SH,10100,10100,10.79512,10.40175,-3973.037,42
20260816_125007_bb495b,2024-06-14,600623.SH,500,500,208.731491,190.28843,-9221.5305,42
20260816_125007_bb495b,2024-06-14,603323.SH,12700,12700,8.448069,8.382979,-826.643,34
20260816_125007_bb495b,2024-06-14,002048.SZ,1000,1000,106.045258,109.04005,2994.792,33
20260816_125007_bb495b,2024-06-14,002773.SZ,2600,2600,40.363751,46.333866,15522.299,33
20260816_125007_bb495b,2024-06-14,601216.SH,1500,1500,70.211372,68.027247,-3276.1875,27
20260816_125007_bb495b,2024-06-14,601607.SH,500,500,199.984319,195.81408,-2085.1195,22
20260816_125007_bb495b,2024-06-14,601166.SH,1200,1200,90.656621,88.71426,-2330.8332,18
20260816_125007_bb495b,2024-06-14,601328.SH,6100,6100,17.752407,16.3812,-8364.3627,4
20260816_125007_bb495b,2024-06-17,601228.SH,29700,29700,3.556071,3.3263,-6824.1987,59
20260816_125007_bb495b,2024-06-17,000685.SZ,800,800,127.744593,117.54666,-8158.3464,45
20260816_125007_bb495b,2024-06-17,600886.SH,100,100,796.173173,909.8087,11363.5527,44
20260816_125007_bb495b,2024-06-17,600874.SH,10100,10100,10.79512,10.38366,-4155.746,43
20260816_125007_bb495b,2024-06-17,600623.SH,500,500,208.731491,189.34796,-9691.7655,43
20260816_125007_bb495b,2024-06-17,603323.SH,12700,12700,8.448069,8.276641,-2177.1356,35
20260816_125007_bb495b,2024-06-17,002048.SZ,1000,1000,106.045258,110.105855,4060.597,34
20260816_125007_bb495b,2024-06-17,002773.SZ,2600,2600,40.363751,47.451342,18427.7366,34
20260816_125007_bb495b,2024-06-17,601216.SH,1500,1500,70.211372,67.148342,-4594.545,28
20260816_125007_bb495b,2024-06-17,601607.SH,500,500,199.984319,197.82732,-1078.4995,23
20260816_125007_bb495b,2024-06-17,601166.SH,1200,1200,90.656621,88.20616,-2940.5532,19
20260816_125007_bb495b,2024-06-17,601328.SH,6100,6100,17.752407,16.54983,-7335.7197,5
20260816_125007_bb495b,2024-06-18,601228.SH,29700,29700,3.556071,3.35849,-5868.1557,60
20260816_125007_bb495b,2024-06-18,000685.SZ,800,800,127.744593,118.1943,-7640.2344,46
20260816_125007_bb495b,2024-06-18,600886.SH,100,100,796.173173,905.16155,10898.8377,45
20260816_125007_bb495b,2024-06-18,600874.SH,10100,10100,10.79512,10.51029,-2876.783,44
20260816_125007_bb495b,2024-06-18,600623.SH,500,500,208.731491,191.54239,-8594.5505,44
20260816_125007_bb495b,2024-06-18,603323.SH,12700,12700,8.448069,8.312087,-1726.9714,36
20260816_125007_bb495b,2024-06-18,002048.SZ,1000,1000,106.045258,112.729375,6684.117,35
20260816_125007_bb495b,2024-06-18,002773.SZ,2600,2600,40.363751,47.18232,17728.2794,35
20260816_125007_bb495b,2024-06-18,601216.SH,1500,1500,70.211372,67.324123,-4330.8735,29
20260816_125007_bb495b,2024-06-18,601607.SH,500,500,199.984319,203.33724,1676.4605,24
20260816_125007_bb495b,2024-06-18,601166.SH,1200,1200,90.656621,88.35859,-2757.6372,20
20260816_125007_bb495b,2024-06-18,601328.SH,6100,6100,17.752407,16.71846,-6307.0767,6
20260816_125007_bb495b,2024-06-19,000685.SZ,800,800,127.744593,117.06093,-8546.9304,47
20260816_125007_bb495b,2024-06-19,600886.SH,100,100,796.173173,902.5798,10640.6627,46
20260816_125007_bb495b,2024-06-19,600874.SH,10100,10100,10.79512,10.36557,-4338.455,45
20260816_125007_bb495b,2024-06-19,600623.SH,500,500,208.731491,189.66145,-9535.0205,45
20260816_125007_bb495b,2024-06-19,603323.SH,12700,12700,8.448069,8.32981,-1501.8893,37
20260816_125007_bb495b,2024-06-19,002048.SZ,1000,1000,106.045258,110.02387,3978.612,36
20260816_125007_bb495b,2024-06-19,002773.SZ,2600,2600,40.363751,46.25109,15307.0814,36
20260816_125007_bb495b,2024-06-19,601216.SH,1500,1500,70.211372,66.445218,-5649.231,30
20260816_125007_bb495b,2024-06-19,601607.SH,500,500,199.984319,204.18492,2100.3005,25
20260816_125007_bb495b,2024-06-19,601166.SH,1200,1200,90.656621,89.52722,-1355.2812,21
20260816_125007_bb495b,2024-06-19,601328.SH,6100,6100,17.752407,17.22435,-3221.1477,7
20260816_125007_bb495b,2024-06-20,000685.SZ,800,800,127.744593,115.92756,-9453.6264,48
20260816_125007_bb495b,2024-06-20,600886.SH,100,100,796.173173,916.0049,11983.1727,47
20260816_125007_bb495b,2024-06-20,600874.SH,10100,10100,10.79512,10.18467,-6165.545,46
20260816_125007_bb495b,2024-06-20,600623.SH,500,500,208.731491,185.89957,-11415.9605,46
20260816_125007_bb495b,2024-06-20,603323.SH,12700,12700,8.448069,8.276641,-2177.1356,38
20260816_125007_bb495b,2024-06-20,002048.SZ,1000,1000,106.045258,106.334545,289.287,37
20260816_125007_bb495b,2024-06-20,002773.SZ,2600,2600,40.363751,45.092226,12294.035,37
20260816_125007_bb495b,2024-06-20,601216.SH,1500,1500,70.211372,65.917875,-6440.2455,31
20260816_125007_bb495b,2024-06-20,601607.SH,500,500,199.984319,201.11208,563.8805,26
20260816_125007_bb495b,2024-06-20,601166.SH,1200,1200,90.656621,87.9013,-3306.3852,22
20260816_125007_bb495b,2024-06-20,601328.SH,6100,6100,17.752407,17.29662,-2780.3007,8
20260816_125007_bb495b,2024-06-21,000685.SZ,800,800,127.744593,116.41329,-9065.0424,49
20260816_125007_bb495b,2024-06-21,600886.SH,100,100,796.173173,919.103,12292.9827,48
20260816_125007_bb495b,2024-06-21,600874.SH,10100,10100,10.79512,10.23894,-5617.418,47
20260816_125007_bb495b,2024-06-21,600623.SH,500,500,208.731491,186.21306,-11259.2155,47
20260816_125007_bb495b,2024-06-21,603323.SH,12700,12700,8.448069,8.32981,-1501.8893,39
20260816_125007_bb495b,2024-06-21,002048.SZ,1000,1000,106.045258,107.974245,1928.987,38
20260816_125007_bb495b,2024-06-21,002773.SZ,2600,2600,40.363751,46.209702,15199.4726,38
20260816_125007_bb495b,2024-06-21,601216.SH,1500,1500,70.211372,65.742094,-6703.917,32
20260816_125007_bb495b,2024-06-21,601607.SH,500,500,199.984319,201.53592,775.8005,27
20260816_125007_bb495b,2024-06-21,601166.SH,1200,1200,90.656621,88.15535,-3001.5252,23
20260816_125007_bb495b,2024-06-21,601328.SH,6100,6100,17.752407,17.36889,-2339.4537,9
20260816_125007_bb495b,2024-06-21,600377.SH,2500,0,41.773763,41.78944,39.1925,1
20260816_125007_bb495b,2024-06-24,000685.SZ,800,800,127.744593,114.47037,-10619.3784,50
20260816_125007_bb495b,2024-06-24,600886.SH,100,100,796.173173,935.6262,13945.3027,49
20260816_125007_bb495b,2024-06-24,600874.SH,10100,10100,10.79512,10.00377,-7992.635,48
20260816_125007_bb495b,2024-06-24,600623.SH,500,500,208.731491,182.76467,-12983.4105,48
20260816_125007_bb495b,2024-06-24,603323.SH,12700,12700,8.448069,8.15258,-3752.7103,40
20260816_125007_bb495b,2024-06-24,002048.SZ,1000,1000,106.045258,104.530875,-1514.383,39
20260816_125007_bb495b,2024-06-24,002773.SZ,2600,2600,40.363751,45.21639,12616.8614,39
20260816_125007_bb495b,2024-06-24,601216.SH,1500,1500,70.211372,65.214751,-7494.9315,33
20260816_125007_bb495b,2024-06-24,601607.SH,500,500,199.984319,201.53592,775.8005,28
20260816_125007_bb495b,2024-06-24,601166.SH,1200,1200,90.656621,88.51102,-2574.7212,24
20260816_125007_bb495b,2024-06-24,601328.SH,6100,6100,17.752407,17.51343,-1457.7597,10
20260816_125007_bb495b,2024-06-24,600377.SH,2500,2500,41.773763,42.46784,1735.1925,2
20260816_125007_bb495b,2024-06-25,000685.SZ,800,800,127.744593,114.95823,-10229.0904,51
20260816_125007_bb495b,2024-06-25,600886.SH,100,100,796.173173,924.26829,12809.5117,50
20260816_125007_bb495b,2024-06-25,600874.SH,10100,10100,10.79512,10.041615,-7610.4005,49
20260816_125007_bb495b,2024-06-25,603323.SH,12700,12700,8.448069,8.365256,-1051.7251,41
20260816_125007_bb495b,2024-06-25,002048.SZ,1000,1000,106.045258,105.76581,-279.448,40
20260816_125007_bb495b,2024-06-25,002773.SZ,2600,2600,40.363751,44.626173,11082.2972,40
20260816_125007_bb495b,2024-06-25,601216.SH,1500,1500,70.211372,65.567432,-6965.91,34
20260816_125007_bb495b,2024-06-25,601607.SH,500,500,199.984319,199.834902,-74.7085,29
20260816_125007_bb495b,2024-06-25,601166.SH,1200,1200,90.656621,88.01158,-3174.0492,25
20260816_125007_bb495b,2024-06-25,601328.SH,6100,6100,17.752407,17.535336,-1324.1331,11
20260816_125007_bb495b,2024-06-25,600377.SH,2500,2500,41.773763,42.9088,2837.5925,3
20260816_125007_bb495b,2024-06-26,000685.SZ,800,800,127.744593,117.22284,-8417.4024,52
20260816_125007_bb495b,2024-06-26,600886.SH,100,100,796.173173,914.45585,11828.2677,51
20260816_125007_bb495b,2024-06-26,600874.SH,10100,10100,10.79512,10.20276,-5982.836,50
20260816_125007_bb495b,2024-06-26,603323.SH,12700,12700,8.448069,8.48788,505.5997,42
20260816_125007_bb495b,2024-06-26,002048.SZ,1000,1000,106.045258,108.88272,2837.462,41
20260816_125007_bb495b,2024-06-26,002773.SZ,2600,2600,40.363751,46.24215,15283.8374,41
20260816_125007_bb495b,2024-06-26,601216.SH,1500,1500,70.211372,65.9175,-6440.808,35
20260816_125007_bb495b,2024-06-26,601607.SH,500,500,199.984319,203.33724,1676.4605,30
20260816_125007_bb495b,2024-06-26,601166.SH,1200,1200,90.656621,88.05373,-3123.4692,26
20260816_125007_bb495b,2024-06-26,601328.SH,6100,6100,17.752407,17.65797,-576.0657,12
20260816_125007_bb495b,2024-06-26,600377.SH,2500,2500,41.773763,42.63744,2159.1925,4
20260816_125007_bb495b,2024-06-27,000685.SZ,800,800,127.744593,115.76565,-9583.1544,53
20260816_125007_bb495b,2024-06-27,600886.SH,100,100,796.173173,921.68475,12551.1577,52
20260816_125007_bb495b,2024-06-27,600874.SH,10100,10100,10.79512,9.98568,-8175.344,51
20260816_125007_bb495b,2024-06-27,603323.SH,12700,12700,8.448069,8.48788,505.5997,43
20260816_125007_bb495b,2024-06-27,002048.SZ,1000,1000,106.045258,104.9472,-1098.058,42
20260816_125007_bb495b,2024-06-27,002773.SZ,2600,2600,40.363751,45.00075,12056.1974,42
20260816_125007_bb495b,2024-06-27,601216.SH,1500,1500,70.211372,65.0386,-7759.158,36
20260816_125007_bb495b,2024-06-27,601607.SH,500,500,199.984319,203.973,1994.3405,31
20260816_125007_bb495b,2024-06-27,601166.SH,1200,1200,90.656621,88.66345,-2391.8052,27
20260816_125007_bb495b,2024-06-27,601328.SH,6100,6100,17.752407,17.92296,1040.3733,13
20260816_125007_bb495b,2024-06-27,600377.SH,2500,2500,41.773763,42.80704,2583.1925,5
20260816_125007_bb495b,2024-06-28,000685.SZ,800,800,127.744593,116.73711,-8805.9864,54
20260816_125007_bb495b,2024-06-28,600886.SH,100,100,796.173173,941.8224,14564.9227,53
20260816_125007_bb495b,2024-06-28,600874.SH,10100,10100,10.79512,10.11231,-6896.381,52
20260816_125007_bb495b,2024-06-28,603323.SH,12700,12700,8.448069,8.52332,955.6877,44
20260816_125007_bb495b,2024-06-28,002048.SZ,1000,1000,106.045258,106.09506,49.802,43
20260816_125007_bb495b,2024-06-28,002773.SZ,2600,2600,40.363751,44.79385,11518.2574,43
20260816_125007_bb495b,2024-06-28,601216.SH,1500,1500,70.211372,64.86282,-8022.828,37
20260816_125007_bb495b,2024-06-28,601607.SH,500,500,199.984319,202.48956,1252.6205,32
20260816_125007_bb495b,2024-06-28,601166.SH,1200,1200,90.656621,89.52722,-1355.2812,28
20260816_125007_bb495b,2024-06-28,601328.SH,6100,6100,17.752407,17.99523,1481.2203,14
20260816_125007_bb495b,2024-06-28,600377.SH,2500,2500,41.773763,42.7392,2413.5925,6
20260816_125007_bb495b,2024-06-28,601398.SH,8300,0,12.738747,12.7452,53.5599,1
20260816_125007_bb495b,2024-07-01,000685.SZ,800,800,127.744593,118.51812,-7381.1784,55
20260816_125007_bb495b,2024-07-01,600886.SH,100,100,796.173173,962.99275,16681.9577,54
20260816_125007_bb495b,2024-07-01,600874.SH,10100,10100,10.79512,10.34748,-4521.164,53
20260816_125007_bb495b,2024-07-01,603323.SH,12700,12700,8.448069,8.64736,2530.9957,45
20260816_125007_bb495b,2024-07-01,002048.SZ,1000,1000,106.045258,107.48889,1443.632,44
20260816_125007_bb495b,2024-07-01,002773.SZ,2600,2600,40.363751,45.78697,14100.3694,44
20260816_125007_bb495b,2024-07-01,601216.SH,1500,1500,70.211372,66.44484,-5649.798,38
20260816_125007_bb495b,2024-07-01,601607.SH,500,500,199.984319,205.35048,2683.0805,33
20260816_125007_bb495b,2024-07-01,601166.SH,1200,1200,90.656621,90.18775,-562.6452,29
20260816_125007_bb495b,2024-07-01,601328.SH,6100,6100,17.752407,18.16386,2509.8633,15
20260816_125007_bb495b,2024-07-01,600377.SH,2500,2500,41.773763,44.19776,6059.9925,7
20260816_125007_bb495b,2024-07-01,601398.SH,8300,8300,12.738747,13.01352,2280.6159,2
20260816_125007_bb495b,2024-07-02,000685.SZ,800,800,127.744593,118.1943,-7640.2344,56
20260816_125007_bb495b,2024-07-02,600886.SH,100,100,796.173173,977.9669,18179.3727,55
20260816_125007_bb495b,2024-07-02,600874.SH,10100,10100,10.79512,10.43793,-3607.619,54
20260816_125007_bb495b,2024-07-02,603323.SH,12700,12700,8.448069,8.75368,3881.2597,46
20260816_125007_bb495b,2024-07-02,002048.SZ,1000,1000,106.045258,106.50501,459.752,45
20260816_125007_bb495b,2024-07-02,002773.SZ,2600,2600,40.363751,45.02144,12109.9914,45
20260816_125007_bb495b,2024-07-02,601216.SH,1500,1500,70.211372,65.9175,-6440.808,39
20260816_125007_bb495b,2024-07-02,601607.SH,500,500,199.984319,204.29088,2153.2805,34
20260816_125007_bb495b,2024-07-02,601166.SH,1200,1200,90.656621,91.05152,473.8788,30
20260816_125007_bb495b,2024-07-02,601328.SH,6100,6100,17.752407,18.40476,3979.3533,16
20260816_125007_bb495b,2024-07-02,600377.SH,2500,2500,41.773763,44.6048,7077.5925,8
20260816_125007_bb495b,2024-07-02,601398.SH,8300,8300,12.738747,13.34892,5064.4359,3
20260816_125007_bb495b,2024-07-03,000685.SZ,800,800,127.744593,117.54666,-8158.3464,57
20260816_125007_bb495b,2024-07-03,600886.SH,100,100,796.173173,982.61405,18644.0877,56
20260816_125007_bb495b,2024-07-03,600874.SH,10100,10100,10.79512,10.43793,-3607.619,55
20260816_125007_bb495b,2024-07-03,603323.SH,12700,12700,8.448069,8.70052,3206.1277,47
20260816_125007_bb495b,2024-07-03,002048.SZ,1000,1000,106.045258,105.60312,-442.138,46
20260816_125007_bb495b,2024-07-03,002773.SZ,2600,2600,40.363751,44.29729,10227.2014,46
20260816_125007_bb495b,2024-07-03,601216.SH,1500,1500,70.211372,65.74172,-6704.478,40
20260816_125007_bb495b,2024-07-03,601607.SH,500,500,199.984319,200.47632,246.0005,35
20260816_125007_bb495b,2024-07-03,601166.SH,1200,1200,90.656621,89.9337,-867.5052,31
20260816_125007_bb495b,2024-07-03,601328.SH,6100,6100,17.752407,18.35658,3685.4553,17
20260816_125007_bb495b,2024-07-03,600377.SH,2500,2500,41.773763,44.97792,8010.3925,9
20260816_125007_bb495b,2024-07-03,601398.SH,8300,8300,12.738747,13.17004,3579.7319,4
20260816_125007_bb495b,2024-07-04,000685.SZ,800,800,127.744593,116.25138,-9194.5704,58
20260816_125007_bb495b,2024-07-04,600886.SH,100,100,796.173173,981.58135,18540.8177,57
20260816_125007_bb495b,2024-07-04,600874.SH,10100,10100,10.79512,10.22085,-5800.127,56
20260816_125007_bb495b,2024-07-04,603323.SH,12700,12700,8.448069,8.5942,1855.8637,48
20260816_125007_bb495b,2024-07-04,002048.SZ,1000,1000,106.045258,105.43914,-606.118,47
20260816_125007_bb495b,2024-07-04,002773.SZ,2600,2600,40.363751,43.59383,8398.2054,47
20260816_125007_bb495b,2024-07-04,601216.SH,1500,1500,70.211372,65.39016,-7231.818,41
20260816_125007_bb495b,2024-07-04,601607.SH,500,500,199.984319,198.25116,-866.5795,36
20260816_125007_bb495b,2024-07-04,601166.SH,1200,1200,90.656621,89.52722,-1355.2812,32
20260816_125007_bb495b,2024-07-04,601328.SH,6100,6100,17.752407,18.71793,5889.6903,18
20260816_125007_bb495b,2024-07-04,600377.SH,2500,2500,41.773763,44.87616,7755.9925,10
20260816_125007_bb495b,2024-07-04,601398.SH,8300,8300,12.738747,13.32656,4878.8479,5
20260816_125007_bb495b,2024-07-05,000685.SZ,800,800,127.744593,116.08947,-9324.0984,59
20260816_125007_bb495b,2024-07-05,600886.SH,100,100,796.173173,962.4764,16630.3227,58
20260816_125007_bb495b,2024-07-05,600874.SH,10100,10100,10.79512,10.220748,-5801.1572,57
20260816_125007_bb495b,2024-07-05,603323.SH,12700,12700,8.448069,8.52332,955.6877,49
20260816_125007_bb495b,2024-07-05,002048.SZ,1000,1000,106.045258,106.83297,787.712,48
20260816_125007_bb495b,2024-07-05,002773.SZ,2600,2600,40.363751,45.41455,13132.0774,48
20260816_125007_bb495b,2024-07-05,601216.SH,1500,1500,70.211372,65.74172,-6704.478,42
20260816_125007_bb495b,2024-07-05,601607.SH,500,500,199.984319,203.973,1994.3405,37
20260816_125007_bb495b,2024-07-05,601166.SH,1200,1200,90.656621,87.34239,-3977.0772,33
20260816_125007_bb495b,2024-07-05,601328.SH,6100,6100,17.752407,18.26022,3097.6593,19
20260816_125007_bb495b,2024-07-05,600377.SH,2500,2500,41.773763,44.6048,7077.5925,11
20260816_125007_bb495b,2024-07-05,601398.SH,8300,8300,12.738747,13.03588,2466.2039,6
20260816_125007_bb495b,2024-07-08,000685.SZ,800,800,127.744593,114.30846,-10748.9064,60
20260816_125007_bb495b,2024-07-08,600886.SH,100,100,796.173173,980.0323,18385.9127,59
20260816_125007_bb495b,2024-07-08,600874.SH,10100,10100,10.79512,10.127493,-6743.0327,58
20260816_125007_bb495b,2024-07-08,603323.SH,12700,12700,8.448069,8.36384,-1069.7083,50
20260816_125007_bb495b,2024-07-08,002048.SZ,1000,1000,106.045258,104.45526,-1589.998,49
20260816_125007_bb495b,2024-07-08,002773.SZ,2600,2600,40.363751,44.33867,10334.7894,49
20260816_125007_bb495b,2024-07-08,601216.SH,1500,1500,70.211372,64.33548,-8813.838,43
20260816_125007_bb495b,2024-07-08,601607.SH,500,500,199.984319,201.8538,934.7405,38
20260816_125007_bb495b,2024-07-08,601166.SH,1200,1200,90.656621,87.79968,-3428.3292,34
20260816_125007_bb495b,2024-07-08,601328.SH,6100,6100,17.752407,18.52521,4714.0983,20
20260816_125007_bb495b,2024-07-08,600377.SH,2500,2500,41.773763,44.46912,6738.3925,12
20260816_125007_bb495b,2024-07-08,601398.SH,8300,8300,12.738747,13.17004,3579.7319,7
20260816_125007_bb495b,2024-07-09,600886.SH,100,100,796.173173,978.48325,18231.0077,60
20260816_125007_bb495b,2024-07-09,600874.SH,10100,10100,10.79512,10.276701,-5236.0319,59
20260816_125007_bb495b,2024-07-09,603323.SH,12700,12700,8.448069,8.55876,1405.7757,51
20260816_125007_bb495b,2024-07-09,002048.SZ,1000,1000,106.045258,109.21068,3165.422,50
20260816_125007_bb495b,2024-07-09,002773.SZ,2600,2600,40.363751,44.87661,11733.4334,50
20260816_125007_bb495b,2024-07-09,601216.SH,1500,1500,70.211372,65.21438,-7495.488,44
20260816_125007_bb495b,2024-07-09,601607.SH,500,500,199.984319,203.12532,1570.5005,39
20260816_125007_bb495b,2024-07-09,601166.SH,1200,1200,90.656621,88.827152,-2195.3628,35
20260816_125007_bb495b,2024-07-09,601328.SH,6100,6100,17.752407,18.64566,5448.8433,21
20260816_125007_bb495b,2024-07-09,600377.SH,2500,2500,41.773763,45.38496,9027.9925,13
20260816_125007_bb495b,2024-07-09,601398.SH,8300,8300,12.738747,13.28184,4507.6719,8
20260816_125007_bb495b,2024-07-10,600874.SH,10100,10100,10.79512,10.183446,-6177.9074,60
20260816_125007_bb495b,2024-07-10,603323.SH,12700,12700,8.448069,8.38156,-844.6643,52
20260816_125007_bb495b,2024-07-10,002048.SZ,1000,1000,106.045258,111.01446,4969.202,51
20260816_125007_bb495b,2024-07-10,002773.SZ,2600,2600,40.363751,45.64214,13723.8114,51
20260816_125007_bb495b,2024-07-10,601216.SH,1500,1500,70.211372,65.39016,-7231.818,45
20260816_125007_bb495b,2024-07-10,601607.SH,500,500,199.984319,199.52268,-230.8195,40
20260816_125007_bb495b,2024-07-10,601166.SH,1200,1200,90.656621,89.800304,-1027.5804,36
20260816_125007_bb495b,2024-07-10,601328.SH,6100,6100,17.752407,18.670662,5601.3555,22
20260816_125007_bb495b,2024-07-10,600377.SH,2500,2500,41.773763,44.29952,6314.3925,14
20260816_125007_bb495b,2024-07-10,601398.SH,8300,8300,12.738747,13.416,5621.1999,9
20260816_125007_bb495b,2024-07-10,000429.SZ,2100,0,50.718381,49.67319,-2194.9011,1
20260816_125007_bb495b,2024-07-11,603323.SH,12700,12700,8.448069,8.20436,-3095.1043,53
20260816_125007_bb495b,2024-07-11,002048.SZ,1000,1000,106.045258,109.94859,3903.332,52
20260816_125007_bb495b,2024-07-11,002773.SZ,2600,2600,40.363751,46.20077,15176.2494,52
20260816_125007_bb495b,2024-07-11,601216.SH,1500,1500,70.211372,66.09328,-6177.138,46
20260816_125007_bb495b,2024-07-11,601607.SH,500,500,199.984319,200.68824,351.9605,41
20260816_125007_bb495b,2024-07-11,601166.SH,1200,1200,90.656621,89.097472,-1870.9788,37
20260816_125007_bb495b,2024-07-11,601328.SH,6100,6100,17.752407,18.594765,5138.3838,23
20260816_125007_bb495b,2024-07-11,600377.SH,2500,2500,41.773763,44.12992,5890.3925,15
20260816_125007_bb495b,2024-07-11,601398.SH,8300,8300,12.738747,13.25948,4322.0839,10
20260816_125007_bb495b,2024-07-11,000429.SZ,2100,2100,50.718381,48.6467,-4350.5301,2
20260816_125007_bb495b,2024-07-12,603323.SH,12700,12700,8.448069,8.39928,-619.6203,54
20260816_125007_bb495b,2024-07-12,002048.SZ,1000,1000,106.045258,110.93247,4887.212,53
20260816_125007_bb495b,2024-07-12,002773.SZ,2600,2600,40.363751,46.61457,16252.1294,53
20260816_125007_bb495b,2024-07-12,601216.SH,1500,1500,70.211372,66.26906,-5913.468,47
20260816_125007_bb495b,2024-07-12,601607.SH,500,500,199.984319,202.3836,1199.6405,42
20260816_125007_bb495b,2024-07-12,601166.SH,1200,1200,90.656621,91.260032,724.0932,38
20260816_125007_bb495b,2024-07-12,601328.SH,6100,6100,17.752407,18.797157,6372.975,24
20260816_125007_bb495b,2024-07-12,600377.SH,2500,2500,41.773763,43.9264,5381.5925,16
20260816_125007_bb495b,2024-07-12,601398.SH,8300,8300,12.738747,13.59488,7105.9039,11
20260816_125007_bb495b,2024-07-12,000429.SZ,2100,2100,50.718381,49.18226,-3225.8541,3
20260816_125007_bb495b,2024-07-12,002001.SZ,100,0,924.756373,917.75606,-700.0313,1
20260816_125007_bb495b,2024-07-15,603323.SH,12700,12700,8.448069,8.36384,-1069.7083,55
20260816_125007_bb495b,2024-07-15,002048.SZ,1000,1000,106.045258,110.85048,4805.222,54
20260816_125007_bb495b,2024-07-15,002773.SZ,2600,2600,40.363751,44.38005,10442.3774,54
20260816_125007_bb495b,2024-07-15,601216.SH,1500,1500,70.211372,66.26906,-5913.468,48
20260816_125007_bb495b,2024-07-15,601607.SH,500,500,199.984319,203.54916,1782.4205,43
20260816_125007_bb495b,2024-07-15,601166.SH,1200,1200,90.656621,92.070992,1697.2452,39
20260816_125007_bb495b,2024-07-15,601328.SH,6100,6100,17.752407,18.999549,7607.5662,25
20260816_125007_bb495b,2024-07-15,600377.SH,2500,2500,41.773763,44.36736,6483.9925,17
20260816_125007_bb495b,2024-07-15,601398.SH,8300,8300,12.738747,13.8632,9332.9599,12
20260816_125007_bb495b,2024-07-15,000429.SZ,2100,2100,50.718381,49.040856,-3522.8025,4
20260816_125007_bb495b,2024-07-15,002001.SZ,100,100,924.756373,920.90368,-385.2693,2
20260816_125007_bb495b,2024-07-16,603323.SH,12700,12700,8.448069,8.27524,-2194.9283,56
20260816_125007_bb495b,2024-07-16,002048.SZ,1000,1000,106.045258,110.19456,4149.302,55
20260816_125007_bb495b,2024-07-16,002773.SZ,2600,2600,40.363751,44.2766,10173.4074,55
20260816_125007_bb495b,2024-07-16,601216.SH,1500,1500,70.211372,65.56594,-6968.148,49
20260816_125007_bb495b,2024-07-16,601607.SH,500,500,199.984319,204.29088,2153.2805,44
20260816_125007_bb495b,2024-07-16,601166.SH,1200,1200,90.656621,91.9088,1502.6148,40
20260816_125007_bb495b,2024-07-16,601328.SH,6100,6100,17.752407,18.948951,7298.9184,26
20260816_125007_bb495b,2024-07-16,600377.SH,2500,2500,41.773763,43.85856,5211.9925,18
20260816_125007_bb495b,2024-07-16,601398.SH,8300,8300,12.738747,13.863293,9333.7318,13
20260816_125007_bb495b,2024-07-16,000429.SZ,2100,2100,50.718381,48.759012,-4114.6749,5
20260816_125007_bb495b,2024-07-16,002001.SZ,100,100,924.756373,927.64858,289.2207,3
20260816_125007_bb495b,2024-07-16,601988.SH,9600,0,11.249137,11.25816,86.6208,1
20260816_125007_bb495b,2024-07-17,603323.SH,12700,12700,8.448069,8.27524,-2194.9283,57
20260816_125007_bb495b,2024-07-17,002048.SZ,1000,1000,106.045258,108.55476,2509.502,56
20260816_125007_bb495b,2024-07-17,002773.SZ,2600,2600,40.363751,43.6559,8559.5874,56
20260816_125007_bb495b,2024-07-17,601216.SH,1500,1500,70.211372,65.56594,-6968.148,50
20260816_125007_bb495b,2024-07-17,601607.SH,500,500,199.984319,208.84716,4431.4205,45
20260816_125007_bb495b,2024-07-17,601166.SH,1200,1200,90.656621,92.99008,2800.1508,41
20260816_125007_bb495b,2024-07-17,601328.SH,6100,6100,17.752407,18.948951,7298.9184,27
20260816_125007_bb495b,2024-07-17,600377.SH,2500,2500,41.773763,43.38368,4024.7925,19
20260816_125007_bb495b,2024-07-17,601398.SH,8300,8300,12.738747,13.910367,9724.446,14
20260816_125007_bb495b,2024-07-17,000429.SZ,2100,2100,50.718381,48.101376,-5495.7105,6
20260816_125007_bb495b,2024-07-17,002001.SZ,100,100,924.756373,913.70912,-1104.7253,4
20260816_125007_bb495b,2024-07-17,601988.SH,9600,9600,11.249137,11.306558,551.2416,2
20260816_125007_bb495b,2024-07-18,603323.SH,12700,12700,8.448069,8.3284,-1519.7963,58
20260816_125007_bb495b,2024-07-18,002048.SZ,1000,1000,106.045258,108.14481,2099.552,57
20260816_125007_bb495b,2024-07-18,002773.SZ,2600,2600,40.363751,43.98694,9420.2914,57
20260816_125007_bb495b,2024-07-18,601216.SH,1500,1500,70.211372,65.56594,-6968.148,51
20260816_125007_bb495b,2024-07-18,601607.SH,500,500,199.984319,209.69484,4855.2605,46
20260816_125007_bb495b,2024-07-18,601166.SH,1200,1200,90.656621,92.44944,2151.3828,42
20260816_125007_bb495b,2024-07-18,601328.SH,6100,6100,17.752407,18.898353,6990.2706,28
20260816_125007_bb495b,2024-07-18,600377.SH,2500,2500,41.773763,44.02816,5635.9925,20
20260816_125007_bb495b,2024-07-18,601398.SH,8300,8300,12.738747,13.910367,9724.446,15
20260816_125007_bb495b,2024-07-18,000429.SZ,2100,2100,50.718381,48.85296,-3917.3841,7
20260816_125007_bb495b,2024-07-18,002001.SZ,100,100,924.756373,921.803,-295.3373,5
20260816_125007_bb495b,2024-07-18,601988.SH,9600,9600,11.249137,11.306558,551.2416,3
20260816_125007_bb495b,2024-07-19,603323.SH,12700,12700,8.448069,8.5942,1855.8637,59
20260816_125007_bb495b,2024-07-19,002048.SZ,1000,1000,106.045258,105.84909,-196.168,58
20260816_125007_bb495b,2024-07-19,002773.SZ,2600,2600,40.363751,43.53176,8236.8234,58
20260816_125007_bb495b,2024-07-19,601216.SH,1500,1500,70.211372,64.51126,-8550.168,52
20260816_125007_bb495b,2024-07-19,601607.SH,500,500,199.984319,213.82728,6921.4805,47
20260816_125007_bb495b,2024-07-19,601166.SH,1200,1200,90.656621,92.611632,2346.0132,43
20260816_125007_bb495b,2024-07-19,601328.SH,6100,6100,17.752407,18.873054,6835.9467,29
20260816_125007_bb495b,2024-07-19,600377.SH,2500,2500,41.773763,43.65504,4703.1925,21
20260816_125007_bb495b,2024-07-19,601398.SH,8300,8300,12.738747,13.910367,9724.446,16
20260816_125007_bb495b,2024-07-19,000429.SZ,2100,2100,50.718381,48.336246,-5002.4835,8
20260816_125007_bb495b,2024-07-19,002001.SZ,100,100,924.756373,947.88328,2312.6907,6
20260816_125007_bb495b,2024-07-19,601988.SH,9600,9600,11.249137,11.330821,784.1664,4
20260816_125007_bb495b,2024-07-22,603323.SH,12700,12700,8.448069,8.52332,955.6877,60
20260816_125007_bb495b,2024-07-22,002048.SZ,1000,1000,106.045258,103.3074,-2737.858,59
20260816_125007_bb495b,2024-07-22,002773.SZ,2600,2600,40.363751,43.46969,8075.4414,59
20260816_125007_bb495b,2024-07-22,601216.SH,1500,1500,70.211372,63.63236,-9868.518,53
20260816_125007_bb495b,2024-07-22,601607.SH,500,500,199.984319,214.259017,7137.349,48
20260816_125007_bb495b,2024-07-22,601166.SH,1200,1200,90.656621,90.719392,75.3252,44
20260816_125007_bb495b,2024-07-22,601328.SH,6100,6100,17.752407,18.873054,6835.9467,30
20260816_125007_bb495b,2024-07-22,600377.SH,2500,2500,41.773763,43.68896,4787.9925,22
20260816_125007_bb495b,2024-07-22,601398.SH,8300,8300,12.738747,13.745608,8356.9463,17
20260816_125007_bb495b,2024-07-22,000429.SZ,2100,2100,50.718381,47.725584,-6284.8737,9
20260816_125007_bb495b,2024-07-22,002001.SZ,100,100,924.756373,938.89008,1413.3707,7
20260816_125007_bb495b,2024-07-22,601988.SH,9600,9600,11.249137,11.282295,318.3168,5
20260816_125007_bb495b,2024-07-23,002048.SZ,1000,1000,106.045258,101.50362,-4541.638,60
20260816_125007_bb495b,2024-07-23,002773.SZ,2600,2600,40.363751,41.91794,4040.8914,60
20260816_125007_bb495b,2024-07-23,601216.SH,1500,1500,70.211372,62.22612,-11977.878,54
20260816_125007_bb495b,2024-07-23,601607.SH,500,500,199.984319,208.526696,4271.1885,49
20260816_125007_bb495b,2024-07-23,601166.SH,1200,1200,90.656621,91.584416,1113.354,45
20260816_125007_bb495b,2024-07-23,601328.SH,6100,6100,17.752407,19.22724,8996.4813,31
20260816_125007_bb495b,2024-07-23,600377.SH,2500,2500,41.773763,44.06208,5720.7925,23
20260816_125007_bb495b,2024-07-23,601398.SH,8300,8300,12.738747,14.145737,11678.017,18
20260816_125007_bb495b,2024-07-23,000429.SZ,2100,2100,50.718381,47.44374,-6876.7461,10
20260816_125007_bb495b,2024-07-23,002001.SZ,100,100,924.756373,909.21252,-1554.3853,8
20260816_125007_bb495b,2024-07-23,601988.SH,9600,9600,11.249137,11.549188,2880.4896,6
20260816_125007_bb495b,2024-07-24,601216.SH,1500,1500,70.211372,61.87456,-12505.218,55
20260816_125007_bb495b,2024-07-24,601607.SH,500,500,199.984319,209.82458,4920.1305,50
20260816_125007_bb495b,2024-07-24,601166.SH,1200,1200,90.656621,90.989712,399.7092,46
20260816_125007_bb495b,2024-07-24,601328.SH,6100,6100,17.752407,19.429632,10231.0725,32
20260816_125007_bb495b,2024-07-24,600377.SH,2500,2500,41.773763,45.1136,8349.5925,24
20260816_125007_bb495b,2024-07-24,601398.SH,8300,8300,12.738747,14.263422,12654.8025,19
20260816_125007_bb495b,2024-07-24,000429.SZ,2100,2100,50.718381,48.007428,-5693.0013,11
20260816_125007_bb495b,2024-07-24,002001.SZ,100,100,924.756373,909.21252,-1554.3853,9
20260816_125007_bb495b,2024-07-24,601988.SH,9600,9600,11.249137,11.549188,2880.4896,7
20260816_125007_bb495b,2024-07-25,601216.SH,1500,1500,70.211372,62.75346,-11186.868,56
20260816_125007_bb495b,2024-07-25,601607.SH,500,500,199.984319,209.500109,4757.895,51
20260816_125007_bb495b,2024-07-25,601166.SH,1200,1200,90.656621,90.340944,-378.8124,47
20260816_125007_bb495b,2024-07-25,601328.SH,6100,6100,17.752407,19.176642,8687.8335,33
20260816_125007_bb495b,2024-07-25,600377.SH,2500,2500,41.773763,45.2832,8773.5925,25
20260816_125007_bb495b,2024-07-25,601398.SH,8300,8300,12.738747,14.263422,12654.8025,20
20260816_125007_bb495b,2024-07-25,000429.SZ,2100,2100,50.718381,48.946908,-3720.0933,12
20260816_125007_bb495b,2024-07-25,002001.SZ,100,100,924.756373,904.26626,-2049.0113,10
20260816_125007_bb495b,2024-07-25,601988.SH,9600,9600,11.249137,11.476399,2181.7152,8
20260816_125007_bb495b,2024-07-25,600028.SH,3700,0,28.505156,28.384195,-447.5557,1
20260816_125007_bb495b,2024-07-25,600018.SH,10700,0,10.046535,10.09883,559.5565,1
20260816_125007_bb495b,2024-07-26,601216.SH,1500,1500,70.211372,64.51126,-8550.168,57
20260816_125007_bb495b,2024-07-26,601607.SH,500,500,199.984319,212.312191,6163.936,52
20260816_125007_bb495b,2024-07-26,601166.SH,1200,1200,90.656621,89.151536,-1806.102,48
20260816_125007_bb495b,2024-07-26,601328.SH,6100,6100,17.752407,18.873054,6835.9467,34
20260816_125007_bb495b,2024-07-26,600377.SH,2500,2500,41.773763,44.580344,7016.4525,26
20260816_125007_bb495b,2024-07-26,601398.SH,8300,8300,12.738747,13.957441,10115.1602,21
20260816_125007_bb495b,2024-07-26,000429.SZ,2100,2100,50.718381,48.665064,-4311.9657,13
20260816_125007_bb495b,2024-07-26,002001.SZ,100,100,924.756373,904.71592,-2004.0453,11
20260816_125007_bb495b,2024-07-26,601988.SH,9600,9600,11.249137,11.233769,-147.5328,9
20260816_125007_bb495b,2024-07-26,600028.SH,3700,3700,28.505156,28.085414,-1553.0454,2
20260816_125007_bb495b,2024-07-26,600018.SH,10700,10700,10.046535,9.95294,-1001.4665,2
20260816_125007_bb495b,2024-07-26,600905.SH,21200,0,5.054631,5.00736,-1002.1452,1
20260816_125007_bb495b,2024-07-29,601216.SH,1500,1500,70.211372,63.10502,-10659.528,58
20260816_125007_bb495b,2024-07-29,601607.SH,500,500,199.984319,208.851167,4433.424,53
20260816_125007_bb495b,2024-07-29,601166.SH,1200,1200,90.656621,90.395008,-313.9356,49
20260816_125007_bb495b,2024-07-29,601328.SH,6100,6100,17.752407,18.97425,7453.2423,35
20260816_125007_bb495b,2024-07-29,600377.SH,2500,2500,41.773763,45.52961,9389.6175,27
20260816_125007_bb495b,2024-07-29,601398.SH,8300,8300,12.738747,14.075126,11091.9457,22
20260816_125007_bb495b,2024-07-29,000429.SZ,2100,2100,50.718381,49.745466,-2043.1215,14
20260816_125007_bb495b,2024-07-29,002001.SZ,100,100,924.756373,904.26626,-2049.0113,12
20260816_125007_bb495b,2024-07-29,601988.SH,9600,9600,11.249137,11.500662,2414.64,10
20260816_125007_bb495b,2024-07-29,600028.SH,3700,3700,28.505156,28.59761,342.0798,3
20260816_125007_bb495b,2024-07-29,600018.SH,10700,10700,10.046535,10.00157,-481.1255,3
20260816_125007_bb495b,2024-07-29,600905.SH,21200,21200,5.054631,5.04832,-133.7932,2
20260816_125007_bb495b,2024-07-30,601216.SH,1500,1500,70.211372,63.10502,-10659.528,59
20260816_125007_bb495b,2024-07-30,601607.SH,500,500,199.984319,210.90615,5460.9155,54
20260816_125007_bb495b,2024-07-30,601166.SH,1200,1200,90.656621,90.232816,-508.566,50
20260816_125007_bb495b,2024-07-30,601328.SH,6100,6100,17.752407,18.97425,7453.2423,36
20260816_125007_bb495b,2024-07-30,600377.SH,2500,2500,41.773763,45.986664,10532.2525,28
20260816_125007_bb495b,2024-07-30,601398.SH,8300,8300,12.738747,14.098663,11287.3028,23
20260816_125007_bb495b,2024-07-30,000429.SZ,2100,2100,50.718381,51.060738,718.9497,15
20260816_125007_bb495b,2024-07-30,002001.SZ,100,100,924.756373,894.8234,-2993.2973,13
20260816_125007_bb495b,2024-07-30,601988.SH,9600,9600,11.249137,11.573451,3113.4144,11
20260816_125007_bb495b,2024-07-30,600028.SH,3700,3700,28.505156,27.615901,-3290.2435,4
20260816_125007_bb495b,2024-07-30,600018.SH,10700,10700,10.046535,9.96915,-828.0195,4
20260816_125007_bb495b,2024-07-30,600905.SH,21200,21200,5.054631,5.00736,-1002.1452,3
20260816_125007_bb495b,2024-07-31,601216.SH,1500,1500,70.211372,65.9175,-6440.808,60
20260816_125007_bb495b,2024-07-31,601607.SH,500,500,199.984319,209.82458,4920.1305,55
20260816_125007_bb495b,2024-07-31,601166.SH,1200,1200,90.656621,90.5572,-119.3052,51
20260816_125007_bb495b,2024-07-31,601328.SH,6100,6100,17.752407,18.620064,5292.7077,37
20260816_125007_bb495b,2024-07-31,600377.SH,2500,2500,41.773763,45.283504,8774.3525,29
20260816_125007_bb495b,2024-07-31,601398.SH,8300,8300,12.738747,13.769145,8552.3034,24
20260816_125007_bb495b,2024-07-31,000429.SZ,2100,2100,50.718381,50.919816,423.0135,16
20260816_125007_bb495b,2024-07-31,002001.SZ,100,100,924.756373,939.7894,1503.3027,14
20260816_125007_bb495b,2024-07-31,601988.SH,9600,9600,11.249137,11.306558,551.2416,12
20260816_125007_bb495b,2024-07-31,600028.SH,3700,3700,28.505156,27.701267,-2974.3893,5
20260816_125007_bb495b,2024-07-31,600018.SH,10700,10700,10.046535,9.79084,-2735.9365,5
20260816_125007_bb495b,2024-07-31,600905.SH,21200,21200,5.054631,4.97664,-1653.4092,4
20260816_125007_bb495b,2024-08-01,601607.SH,500,500,199.984319,209.500109,4757.895,56
20260816_125007_bb495b,2024-08-01,601166.SH,1200,1200,90.656621,89.962496,-832.95,52
20260816_125007_bb495b,2024-08-01,601328.SH,6100,6100,17.752407,18.72126,5910.0033,38
20260816_125007_bb495b,2024-08-01,600377.SH,2500,2500,41.773763,47.428142,14135.9475,30
20260816_125007_bb495b,2024-08-01,601398.SH,8300,8300,12.738747,13.839756,9138.3747,25
20260816_125007_bb495b,2024-08-01,000429.SZ,2100,2100,50.718381,52.516932,3776.9571,17
20260816_125007_bb495b,2024-08-01,002001.SZ,100,100,924.756373,965.86968,4111.3307,15
20260816_125007_bb495b,2024-08-01,601988.SH,9600,9600,11.249137,11.379347,1250.016,13
20260816_125007_bb495b,2024-08-01,600028.SH,3700,3700,28.505156,28.000048,-1868.8996,6
20260816_125007_bb495b,2024-08-01,600018.SH,10700,10700,10.046535,10.0502,39.2155,6
20260816_125007_bb495b,2024-08-01,600905.SH,21200,21200,5.054631,4.94592,-2304.6732,5
20260816_125007_bb495b,2024-08-02,601607.SH,500,500,199.984319,210.149051,5082.366,57
20260816_125007_bb495b,2024-08-02,601166.SH,1200,1200,90.656621,89.313728,-1611.4716,53
20260816_125007_bb495b,2024-08-02,601328.SH,6100,6100,17.752407,18.771858,6218.6511,39
20260816_125007_bb495b,2024-08-02,600377.SH,2500,2500,41.773763,47.779722,15014.8975,31
20260816_125007_bb495b,2024-08-02,601398.SH,8300,8300,12.738747,13.839756,9138.3747,26
20260816_125007_bb495b,2024-08-02,000429.SZ,2100,2100,50.718381,52.939698,4664.7657,18
20260816_125007_bb495b,2024-08-02,002001.SZ,100,100,924.756373,972.16492,4740.8547,16
20260816_125007_bb495b,2024-08-02,601988.SH,9600,9600,11.249137,11.40361,1482.9408,14
20260816_125007_bb495b,2024-08-02,600028.SH,3700,3700,28.505156,28.128097,-1395.1183,7
20260816_125007_bb495b,2024-08-02,600018.SH,10700,10700,10.046535,10.00157,-481.1255,7
20260816_125007_bb495b,2024-08-02,600905.SH,21200,21200,5.054631,4.93568,-2521.7612,6
20260816_125007_bb495b,2024-08-02,600717.SH,600,0,166.601393,163.6656,-1761.4758,1
20260816_125007_bb495b,2024-08-05,601607.SH,500,500,199.984319,205.281986,2648.8335,58
20260816_125007_bb495b,2024-08-05,601166.SH,1200,1200,90.656621,88.556832,-2519.7468,54
20260816_125007_bb495b,2024-08-05,601328.SH,6100,6100,17.752407,18.645363,5447.0316,40
20260816_125007_bb495b,2024-08-05,600377.SH,2500,2500,41.773763,46.830456,12641.7325,32
20260816_125007_bb495b,2024-08-05,601398.SH,8300,8300,12.738747,13.816219,8943.0176,27
20260816_125007_bb495b,2024-08-05,000429.SZ,2100,2100,50.718381,52.14114,2987.7939,19
20260816_125007_bb495b,2024-08-05,002001.SZ,100,100,924.756373,905.16558,-1959.0793,17
20260816_125007_bb495b,2024-08-05,601988.SH,9600,9600,11.249137,11.330821,784.1664,15
20260816_125007_bb495b,2024-08-05,600028.SH,3700,3700,28.505156,27.487852,-3764.0248,8
20260816_125007_bb495b,2024-08-05,600018.SH,10700,10700,10.046535,9.8881,-1695.2545,8
20260816_125007_bb495b,2024-08-05,600905.SH,21200,21200,5.054631,4.87424,-3824.2892,7
20260816_125007_bb495b,2024-08-05,600717.SH,600,600,166.601393,158.55105,-4830.2058,2
20260816_125007_bb495b,2024-08-06,601607.SH,500,500,199.984319,206.904341,3460.011,59
20260816_125007_bb495b,2024-08-06,601166.SH,1200,1200,90.656621,87.637744,-3622.6524,55
20260816_125007_bb495b,2024-08-06,601328.SH,6100,6100,17.752407,18.46827,4366.7643,41
20260816_125007_bb495b,2024-08-06,600377.SH,2500,2500,41.773763,45.7054,9829.0925,33
20260816_125007_bb495b,2024-08-06,601398.SH,8300,8300,12.738747,13.65146,7575.5179,28
20260816_125007_bb495b,2024-08-06,000429.SZ,2100,2100,50.718381,49.463622,-2634.9939,20
20260816_125007_bb495b,2024-08-06,002001.SZ,100,100,924.756373,919.10504,-565.1333,18
20260816_125007_bb495b,2024-08-06,601988.SH,9600,9600,11.249137,11.185243,-613.3824,16
20260816_125007_bb495b,2024-08-06,600028.SH,3700,3700,28.505156,27.487852,-3764.0248,9
20260816_125007_bb495b,2024-08-06,600018.SH,10700,10700,10.046535,9.77463,-2909.3835,9
20260816_125007_bb495b,2024-08-06,600905.SH,21200,21200,5.054631,4.87424,-3824.2892,8
20260816_125007_bb495b,2024-08-06,600717.SH,600,600,166.601393,157.86911,-5239.3698,3
20260816_125007_bb495b,2024-08-07,601607.SH,500,500,199.984319,207.985911,4000.796,60
20260816_125007_bb495b,2024-08-07,601166.SH,1200,1200,90.656621,88.232448,-2909.0076,56
20260816_125007_bb495b,2024-08-07,601328.SH,6100,6100,17.752407,18.493569,4521.0882,42
20260816_125007_bb495b,2024-08-07,600377.SH,2500,2500,41.773763,46.197612,11059.6225,34
20260816_125007_bb495b,2024-08-07,601398.SH,8300,8300,12.738747,13.698534,7966.2321,29
20260816_125007_bb495b,2024-08-07,000429.SZ,2100,2100,50.718381,48.712038,-4213.3203,21
20260816_125007_bb495b,2024-08-07,002001.SZ,100,100,924.756373,948.7826,2402.6227,19
20260816_125007_bb495b,2024-08-07,601988.SH,9600,9600,11.249137,11.209506,-380.4576,17
20260816_125007_bb495b,2024-08-07,600028.SH,3700,3700,28.505156,27.829316,-2500.608,10
20260816_125007_bb495b,2024-08-07,600018.SH,10700,10700,10.046535,9.79084,-2735.9365,10
20260816_125007_bb495b,2024-08-07,600905.SH,21200,21200,5.054631,4.864,-4041.3772,9
20260816_125007_bb495b,2024-08-07,600717.SH,600,600,166.601393,155.82329,-6466.8618,4
20260816_125007_bb495b,2024-08-08,601166.SH,1200,1200,90.656621,88.881216,-2130.486,57
20260816_125007_bb495b,2024-08-08,601328.SH,6100,6100,17.752407,18.442971,4212.4404,43
20260816_125007_bb495b,2024-08-08,600377.SH,2500,2500,41.773763,46.900772,12817.5225,35
20260816_125007_bb495b,2024-08-08,601398.SH,8300,8300,12.738747,13.816219,8943.0176,30
20260816_125007_bb495b,2024-08-08,000429.SZ,2100,2100,50.718381,49.604544,-2339.0577,22
20260816_125007_bb495b,2024-08-08,002001.SZ,100,100,924.756373,1016.2316,9147.5227,20
20260816_125007_bb495b,2024-08-08,601988.SH,9600,9600,11.249137,11.209506,-380.4576,18
20260816_125007_bb495b,2024-08-08,600028.SH,3700,3700,28.505156,27.74395,-2816.4622,11
20260816_125007_bb495b,2024-08-08,600018.SH,10700,10700,10.046535,9.82326,-2389.0425,11
20260816_125007_bb495b,2024-08-08,600905.SH,21200,21200,5.054631,4.88448,-3607.2012,10
20260816_125007_bb495b,2024-08-08,600717.SH,600,600,166.601393,156.50523,-6057.6978,5
20260816_125007_bb495b,2024-08-09,601166.SH,1200,1200,90.656621,88.502768,-2584.6236,58
20260816_125007_bb495b,2024-08-09,601328.SH,6100,6100,17.752407,18.518868,4675.4121,44
20260816_125007_bb495b,2024-08-09,600377.SH,2500,2500,41.773763,46.338244,11411.2025,36
20260816_125007_bb495b,2024-08-09,601398.SH,8300,8300,12.738747,13.933904,9919.8031,31
20260816_125007_bb495b,2024-08-09,000429.SZ,2100,2100,50.718381,48.899934,-3818.7387,23
20260816_125007_bb495b,2024-08-09,002001.SZ,100,100,924.756373,939.7894,1503.3027,21
20260816_125007_bb495b,2024-08-09,601988.SH,9600,9600,11.249137,11.233769,-147.5328,19
20260816_125007_bb495b,2024-08-09,600028.SH,3700,3700,28.505156,28.000048,-1868.8996,12
20260816_125007_bb495b,2024-08-09,600018.SH,10700,10700,10.046535,9.75842,-3082.8305,12
20260816_125007_bb495b,2024-08-09,600905.SH,21200,21200,5.054631,4.87424,-3824.2892,11
20260816_125007_bb495b,2024-08-09,600717.SH,600,600,166.601393,155.48232,-6671.4438,6
20260816_125007_bb495b,2024-08-09,002461.SZ,5500,0,19.427059,19.4028,-133.4245,1
20260816_125007_bb495b,2024-08-12,601166.SH,1200,1200,90.656621,88.016192,-3168.5148,59
20260816_125007_bb495b,2024-08-12,601328.SH,6100,6100,17.752407,18.645363,5447.0316,45
20260816_125007_bb495b,2024-08-12,600377.SH,2500,2500,41.773763,46.900772,12817.5225,37
20260816_125007_bb495b,2024-08-12,601398.SH,8300,8300,12.738747,14.098663,11287.3028,32
20260816_125007_bb495b,2024-08-12,000429.SZ,2100,2100,50.718381,49.463622,-2634.9939,24
20260816_125007_bb495b,2024-08-12,002001.SZ,100,100,924.756373,924.50096,-25.5413,22
20260816_125007_bb495b,2024-08-12,601988.SH,9600,9600,11.249137,11.306558,551.2416,20
20260816_125007_bb495b,2024-08-12,600028.SH,3700,3700,28.505156,28.042731,-1710.9725,13
20260816_125007_bb495b,2024-08-12,600018.SH,10700,10700,10.046535,9.75842,-3082.8305,13
20260816_125007_bb495b,2024-08-12,600905.SH,21200,21200,5.054631,4.864,-4041.3772,12
20260816_125007_bb495b,2024-08-12,600717.SH,600,600,166.601393,154.11844,-7489.7718,7
20260816_125007_bb495b,2024-08-12,002461.SZ,5500,5500,19.427059,19.203,-1232.3245,2
20260816_125007_bb495b,2024-08-13,601166.SH,1200,1200,90.656621,88.232448,-2909.0076,60
20260816_125007_bb495b,2024-08-13,601328.SH,6100,6100,17.752407,18.847755,6681.6228,46
20260816_125007_bb495b,2024-08-13,600377.SH,2500,2500,41.773763,47.041404,13169.1025,38
20260816_125007_bb495b,2024-08-13,601398.SH,8300,8300,12.738747,14.1222,11482.6599,33
20260816_125007_bb495b,2024-08-13,000429.SZ,2100,2100,50.718381,50.356128,-760.7313,25
20260816_125007_bb495b,2024-08-13,002001.SZ,100,100,924.756373,908.3132,-1644.3173,23
20260816_125007_bb495b,2024-08-13,601988.SH,9600,9600,11.249137,11.40361,1482.9408,21
20260816_125007_bb495b,2024-08-13,600028.SH,3700,3700,28.505156,28.341512,-605.4828,14
20260816_125007_bb495b,2024-08-13,600018.SH,10700,10700,10.046535,9.79084,-2735.9365,14
20260816_125007_bb495b,2024-08-13,600905.SH,21200,21200,5.054631,4.83328,-4692.6412,13
20260816_125007_bb495b,2024-08-13,600717.SH,600,600,166.601393,156.8462,-5853.1158,8
20260816_125007_bb495b,2024-08-13,002461.SZ,5500,5500,19.427059,19.4472,110.7755,3
20260816_125007_bb495b,2024-08-14,601328.SH,6100,6100,17.752407,19.050147,7916.214,47
20260816_125007_bb495b,2024-08-14,600377.SH,2500,2500,41.773763,47.252352,13696.4725,39
20260816_125007_bb495b,2024-08-14,601398.SH,8300,8300,12.738747,14.169274,11873.3741,34
20260816_125007_bb495b,2024-08-14,000429.SZ,2100,2100,50.718381,51.295608,1212.1767,26
20260816_125007_bb495b,2024-08-14,002001.SZ,100,100,924.756373,886.27986,-3847.6513,24
20260816_125007_bb495b,2024-08-14,601988.SH,9600,9600,11.249137,11.452136,1948.7904,22
20260816_125007_bb495b,2024-08-14,600028.SH,3700,3700,28.505156,28.384195,-447.5557,15
20260816_125007_bb495b,2024-08-14,600018.SH,10700,10700,10.046535,9.82326,-2389.0425,15
20260816_125007_bb495b,2024-08-14,600905.SH,21200,21200,5.054631,4.864739,-4025.7104,14
20260816_125007_bb495b,2024-08-14,600717.SH,600,600,166.601393,155.48232,-6671.4438,9
20260816_125007_bb495b,2024-08-14,002461.SZ,5500,5500,19.427059,19.3806,-255.5245,4
20260816_125007_bb495b,2024-08-15,601328.SH,6100,6100,17.752407,19.22724,8996.4813,48
20260816_125007_bb495b,2024-08-15,600377.SH,2500,2500,41.773763,47.63909,14663.3175,40
20260816_125007_bb495b,2024-08-15,601398.SH,8300,8300,12.738747,14.239885,12459.4454,35
20260816_125007_bb495b,2024-08-15,000429.SZ,2100,2100,50.718381,52.235088,3185.0847,27
20260816_125007_bb495b,2024-08-15,002001.SZ,100,100,924.756373,904.26626,-2049.0113,25
20260816_125007_bb495b,2024-08-15,601988.SH,9600,9600,11.249137,11.524925,2647.5648,23
20260816_125007_bb495b,2024-08-15,600028.SH,3700,3700,28.505156,28.554927,184.1527,16
20260816_125007_bb495b,2024-08-15,600018.SH,10700,10700,10.046535,10.06641,212.6625,16
20260816_125007_bb495b,2024-08-15,600905.SH,21200,21200,5.054631,4.948075,-2258.9872,15
20260816_125007_bb495b,2024-08-15,600717.SH,600,600,166.601393,157.86911,-5239.3698,10
20260816_125007_bb495b,2024-08-15,002461.SZ,5500,5500,19.427059,19.3806,-255.5245,5
20260816_125007_bb495b,2024-08-15,600020.SH,6200,0,17.206696,17.18521,-133.2132,1
20260816_125007_bb495b,2024-08-16,601328.SH,6100,6100,17.752407,19.556127,11002.692,49
20260816_125007_bb495b,2024-08-16,600377.SH,2500,2500,41.773763,47.709406,14839.1075,41
20260816_125007_bb495b,2024-08-16,601398.SH,8300,8300,12.738747,14.451718,14217.6593,36
20260816_125007_bb495b,2024-08-16,000429.SZ,2100,2100,50.718381,52.000218,2691.8577,28
20260816_125007_bb495b,2024-08-16,002001.SZ,100,100,924.756373,913.70912,-1104.7253,26
20260816_125007_bb495b,2024-08-16,601988.SH,9600,9600,11.249137,11.670503,4045.1136,24
20260816_125007_bb495b,2024-08-16,600028.SH,3700,3700,28.505156,28.512244,26.2256,17
20260816_125007_bb495b,2024-08-16,600018.SH,10700,10700,10.046535,10.16367,1253.3445,17
20260816_125007_bb495b,2024-08-16,600905.SH,21200,21200,5.054631,4.927241,-2700.668,16
20260816_125007_bb495b,2024-08-16,600717.SH,600,600,166.601393,156.16426,-6262.2798,11
20260816_125007_bb495b,2024-08-16,002461.SZ,5500,5500,19.427059,19.2474,-988.1245,6
20260816_125007_bb495b,2024-08-16,600020.SH,6200,6200,17.206696,17.36469,979.5628,2
20260816_125007_bb495b,2024-08-19,601328.SH,6100,6100,17.752407,20.036808,13934.8461,50
20260816_125007_bb495b,2024-08-19,600377.SH,2500,2500,41.773763,48.975094,18003.3275,42
20260816_125007_bb495b,2024-08-19,601398.SH,8300,8300,12.738747,14.757699,16757.3016,37
20260816_125007_bb495b,2024-08-19,000429.SZ,2100,2100,50.718381,52.37601,3481.0209,29
20260816_125007_bb495b,2024-08-19,002001.SZ,100,100,924.756373,902.46762,-2228.8753,27
20260816_125007_bb495b,2024-08-19,601988.SH,9600,9600,11.249137,11.937396,6607.2864,25
20260816_125007_bb495b,2024-08-19,600028.SH,3700,3700,28.505156,28.682976,657.934,18
20260816_125007_bb495b,2024-08-19,600018.SH,10700,10700,10.046535,10.32577,2987.8145,18
20260816_125007_bb495b,2024-08-19,600905.SH,21200,21200,5.054631,4.927241,-2700.668,17
20260816_125007_bb495b,2024-08-19,600717.SH,600,600,166.601393,157.18717,-5648.5338,12
20260816_125007_bb495b,2024-08-19,002461.SZ,5500,5500,19.427059,19.3806,-255.5245,7
20260816_125007_bb495b,2024-08-19,600020.SH,6200,6200,17.206696,17.72365,3205.1148,3
20260816_125007_bb495b,2024-08-20,601328.SH,6100,6100,17.752407,20.138004,14552.1417,51
20260816_125007_bb495b,2024-08-20,600377.SH,2500,2500,41.773763,48.904778,17827.5375,43
20260816_125007_bb495b,2024-08-20,601398.SH,8300,8300,12.738747,15.040143,19101.5868,38
20260816_125007_bb495b,2024-08-20,000429.SZ,2100,2100,50.718381,52.282062,3283.7301,30
20260816_125007_bb495b,2024-08-20,002001.SZ,100,100,924.756373,884.93088,-3982.5493,28
20260816_125007_bb495b,2024-08-20,601988.SH,9600,9600,11.249137,12.034448,7538.9856,26
20260816_125007_bb495b,2024-08-20,600028.SH,3700,3700,28.505156,28.426878,-289.6286,19
20260816_125007_bb495b,2024-08-20,600018.SH,10700,10700,10.046535,10.24472,2120.5795,19
20260816_125007_bb495b,2024-08-20,600905.SH,21200,21200,5.054631,4.885573,-3584.0296,18
20260816_125007_bb495b,2024-08-20,600717.SH,600,600,166.601393,154.80038,-7080.6078,13
20260816_125007_bb495b,2024-08-20,002461.SZ,5500,5500,19.427059,19.092,-1842.8245,8
20260816_125007_bb495b,2024-08-20,600020.SH,6200,6200,17.206696,17.72365,3205.1148,4
20260816_125007_bb495b,2024-08-21,601328.SH,6100,6100,17.752407,20.138004,14552.1417,52
20260816_125007_bb495b,2024-08-21,600377.SH,2500,2500,41.773763,48.904778,17827.5375,44
20260816_125007_bb495b,2024-08-21,601398.SH,8300,8300,12.738747,14.82831,17343.3729,39
20260816_125007_bb495b,2024-08-21,000429.SZ,2100,2100,50.718381,52.798776,4368.8295,31
20260816_125007_bb495b,2024-08-21,002001.SZ,100,100,924.756373,882.23292,-4252.3453,29
20260816_125007_bb495b,2024-08-21,601988.SH,9600,9600,11.249137,12.010185,7306.0608,27
20260816_125007_bb495b,2024-08-21,600028.SH,3700,3700,28.505156,28.469561,-131.7015,20
20260816_125007_bb495b,2024-08-21,600018.SH,10700,10700,10.046535,10.24472,2120.5795,20
20260816_125007_bb495b,2024-08-21,600905.SH,21200,21200,5.054631,4.854322,-4246.5508,19
20260816_125007_bb495b,2024-08-21,600717.SH,600,600,166.601393,153.4365,-7898.9358,14
20260816_125007_bb495b,2024-08-21,002461.SZ,5500,5500,19.427059,19.0032,-2331.2245,9
20260816_125007_bb495b,2024-08-21,600020.SH,6200,6200,17.206696,17.67878,2926.9208,5
20260816_125007_bb495b,2024-08-22,601328.SH,6100,6100,17.752407,20.213901,15015.1134,53
20260816_125007_bb495b,2024-08-22,600377.SH,2500,2500,41.773763,49.502464,19321.7525,45
20260816_125007_bb495b,2024-08-22,601398.SH,8300,8300,12.738747,15.110754,19687.6581,40
20260816_125007_bb495b,2024-08-22,000429.SZ,2100,2100,50.718381,53.738256,6341.7375,32
20260816_125007_bb495b,2024-08-22,002001.SZ,100,100,924.756373,869.19278,-5556.3593,30
20260816_125007_bb495b,2024-08-22,601988.SH,9600,9600,11.249137,12.301341,10101.1584,28
20260816_125007_bb495b,2024-08-22,600028.SH,3700,3700,28.505156,28.768342,973.7882,21
20260816_125007_bb495b,2024-08-22,600018.SH,10700,10700,10.046535,10.32577,2987.8145,21
20260816_125007_bb495b,2024-08-22,600905.SH,21200,21200,5.054631,4.875156,-3804.87,20
20260816_125007_bb495b,2024-08-22,600717.SH,600,600,166.601393,155.82329,-6466.8618,15
20260816_125007_bb495b,2024-08-22,002461.SZ,5500,5500,19.427059,18.8256,-3308.0245,10
20260816_125007_bb495b,2024-08-22,600020.SH,6200,6200,17.206696,17.81339,3761.5028,6
20260816_125007_bb495b,2024-08-23,601328.SH,6100,6100,17.752407,20.188602,14860.7895,54
20260816_125007_bb495b,2024-08-23,600377.SH,2500,2500,41.773763,50.873626,22749.6575,46
20260816_125007_bb495b,2024-08-23,601398.SH,8300,8300,12.738747,15.204902,20469.0865,41
20260816_125007_bb495b,2024-08-23,000429.SZ,2100,2100,50.718381,53.879178,6637.6737,33
20260816_125007_bb495b,2024-08-23,002001.SZ,100,100,924.756373,865.14584,-5961.0533,31
20260816_125007_bb495b,2024-08-23,601988.SH,9600,9600,11.249137,12.325604,10334.0832,29
20260816_125007_bb495b,2024-08-23,600028.SH,3700,3700,28.505156,29.109806,2237.205,22
20260816_125007_bb495b,2024-08-23,600018.SH,10700,10700,10.046535,10.29335,2640.9205,22
20260816_125007_bb495b,2024-08-23,600905.SH,21200,21200,5.054631,4.854322,-4246.5508,21
20260816_125007_bb495b,2024-08-23,600717.SH,600,600,166.601393,156.16426,-6262.2798,16
20260816_125007_bb495b,2024-08-23,002461.SZ,5500,5500,19.427059,19.0254,-2209.1245,11
20260816_125007_bb495b,2024-08-23,600020.SH,6200,6200,17.206696,17.67878,2926.9208,7
20260816_125007_bb495b,2024-08-26,601328.SH,6100,6100,17.752407,20.112705,14397.8178,55
20260816_125007_bb495b,2024-08-26,600377.SH,2500,2500,41.773763,50.662678,22222.2875,47
20260816_125007_bb495b,2024-08-26,601398.SH,8300,8300,12.738747,15.134291,19883.0152,42
20260816_125007_bb495b,2024-08-26,000429.SZ,2100,2100,50.718381,52.892724,4566.1203,34
20260816_125007_bb495b,2024-08-26,002001.SZ,100,100,924.756373,868.29346,-5646.2913,32
20260816_125007_bb495b,2024-08-26,601988.SH,9600,9600,11.249137,12.325604,10334.0832,30
20260816_125007_bb495b,2024-08-26,600028.SH,3700,3700,28.505156,29.408587,3342.6947,23
20260816_125007_bb495b,2024-08-26,600018.SH,10700,10700,10.046535,10.2123,1773.6855,23
20260816_125007_bb495b,2024-08-26,600905.SH,21200,21200,5.054631,4.906407,-3142.3488,22
20260816_125007_bb495b,2024-08-26,600717.SH,600,600,166.601393,151.39068,-9126.4278,17
20260816_125007_bb495b,2024-08-26,002461.SZ,5500,5500,19.427059,19.2474,-988.1245,12
20260816_125007_bb495b,2024-08-26,600020.SH,6200,6200,17.206696,17.40956,1257.7568,8
20260816_125007_bb495b,2024-08-27,601328.SH,6100,6100,17.752407,20.315097,15632.409,56
20260816_125007_bb495b,2024-08-27,600377.SH,2500,2500,41.773763,51.893208,25298.6125,48
20260816_125007_bb495b,2024-08-27,601398.SH,8300,8300,12.738747,15.369661,21836.5862,43
20260816_125007_bb495b,2024-08-27,000429.SZ,2100,2100,50.718381,53.31549,5453.9289,35
20260816_125007_bb495b,2024-08-27,002001.SZ,100,100,924.756373,866.94448,-5781.1893,33
20260816_125007_bb495b,2024-08-27,601988.SH,9600,9600,11.249137,12.543971,12430.4064,31
20260816_125007_bb495b,2024-08-27,600028.SH,3700,3700,28.505156,30.646394,7922.5806,24
20260816_125007_bb495b,2024-08-27,600018.SH,10700,10700,10.046535,10.13125,906.4505,24
20260816_125007_bb495b,2024-08-27,600905.SH,21200,21200,5.054631,4.89599,-3363.1892,23
20260816_125007_bb495b,2024-08-27,600717.SH,600,600,166.601393,152.75456,-8308.0998,18
20260816_125007_bb495b,2024-08-27,002461.SZ,5500,5500,19.427059,19.2696,-866.0245,13
20260816_125007_bb495b,2024-08-27,600020.SH,6200,6200,17.206696,17.45443,1535.9508,9
20260816_125007_bb495b,2024-08-28,601328.SH,6100,6100,17.752407,20.087406,14243.4939,57
20260816_125007_bb495b,2024-08-28,600377.SH,2500,2500,41.773763,52.631526,27144.4075,49
20260816_125007_bb495b,2024-08-28,601398.SH,8300,8300,12.738747,15.275513,21055.1578,44
20260816_125007_bb495b,2024-08-28,000429.SZ,2100,2100,50.718381,53.456412,5749.8651,36
20260816_125007_bb495b,2024-08-28,002001.SZ,100,100,924.756373,868.29346,-5646.2913,34
20260816_125007_bb495b,2024-08-28,601988.SH,9600,9600,11.249137,12.422656,11265.7824,32
20260816_125007_bb495b,2024-08-28,600028.SH,3700,3700,28.505156,30.30493,6659.1638,25
20260816_125007_bb495b,2024-08-28,600018.SH,10700,10700,10.046535,10.14746,1079.8975,25
20260816_125007_bb495b,2024-08-28,600905.SH,21200,21200,5.054631,4.833488,-4688.2316,24
20260816_125007_bb495b,2024-08-28,600717.SH,600,600,166.601393,152.07262,-8717.2638,19
20260816_125007_bb495b,2024-08-28,002461.SZ,5500,5500,19.427059,19.0254,-2209.1245,14
20260816_125007_bb495b,2024-08-28,600020.SH,6200,6200,17.206696,17.54417,2092.3388,10
20260816_125007_bb495b,2024-08-29,601328.SH,6100,6100,17.752407,19.126044,8379.1857,58
20260816_125007_bb495b,2024-08-29,600377.SH,2500,2500,41.773763,48.939936,17915.4325,50
20260816_125007_bb495b,2024-08-29,601398.SH,8300,8300,12.738747,14.640014,15780.5161,45
20260816_125007_bb495b,2024-08-29,000429.SZ,2100,2100,50.718381,52.892724,4566.1203,37
20260816_125007_bb495b,2024-08-29,002001.SZ,100,100,924.756373,877.73632,-4702.0053,35
20260816_125007_bb495b,2024-08-29,601988.SH,9600,9600,11.249137,11.913133,6374.3616,33
20260816_125007_bb495b,2024-08-29,600028.SH,3700,3700,28.505156,29.323221,3026.8405,26
20260816_125007_bb495b,2024-08-29,600018.SH,10700,10700,10.046535,9.90431,-1521.8075,26
20260816_125007_bb495b,2024-08-29,600905.SH,21200,21200,5.054631,4.812654,-5129.9124,25
20260816_125007_bb495b,2024-08-29,600717.SH,600,600,166.601393,149.34486,-10353.9198,20
20260816_125007_bb495b,2024-08-29,002461.SZ,5500,5500,19.427059,19.2474,-988.1245,15
20260816_125007_bb495b,2024-08-29,600020.SH,6200,6200,17.206696,17.31982,701.3688,11
20260816_125007_bb495b,2024-08-30,601328.SH,6100,6100,17.752407,17.987589,1434.6102,59
20260816_125007_bb495b,2024-08-30,600377.SH,2500,2500,41.773763,48.236776,16157.5325,51
20260816_125007_bb495b,2024-08-30,601398.SH,8300,8300,12.738747,14.075126,11091.9457,46
20260816_125007_bb495b,2024-08-30,000429.SZ,2100,2100,50.718381,51.859296,2395.9215,38
20260816_125007_bb495b,2024-08-30,002001.SZ,100,100,924.756373,869.64244,-5511.3933,36
20260816_125007_bb495b,2024-08-30,601988.SH,9600,9600,11.249137,11.621977,3579.264,34
20260816_125007_bb495b,2024-08-30,600028.SH,3700,3700,28.505156,29.067123,2079.2779,27
20260816_125007_bb495b,2024-08-30,600018.SH,10700,10700,10.046535,9.59632,-4817.3005,27
20260816_125007_bb495b,2024-08-30,600905.SH,21200,21200,5.054631,4.760569,-6234.1144,26
20260816_125007_bb495b,2024-08-30,600717.SH,600,600,166.601393,148.32195,-10967.6658,21
20260816_125007_bb495b,2024-08-30,002461.SZ,5500,5500,19.427059,19.092,-1842.8245,16
20260816_125007_bb495b,2024-08-30,600020.SH,6200,6200,17.206696,17.09547,-689.6012,12
20260816_125007_bb495b,2024-09-02,601328.SH,6100,6100,17.752407,17.861094,662.9907,60
20260816_125007_bb495b,2024-09-02,600377.SH,2500,2500,41.773763,49.818886,20112.8075,52
20260816_125007_bb495b,2024-09-02,601398.SH,8300,8300,12.738747,13.980978,10310.5173,47
20260816_125007_bb495b,2024-09-02,000429.SZ,2100,2100,50.718381,53.174568,5157.9927,39
20260816_125007_bb495b,2024-09-02,002001.SZ,100,100,924.756373,864.24652,-6050.9853,37
20260816_125007_bb495b,2024-09-02,601988.SH,9600,9600,11.249137,11.88887,6141.4368,35
20260816_125007_bb495b,2024-09-02,600028.SH,3700,3700,28.505156,29.750051,4606.1115,28
20260816_125007_bb495b,2024-09-02,600018.SH,10700,10700,10.046535,9.96915,-828.0195,28
20260816_125007_bb495b,2024-09-02,600905.SH,21200,21200,5.054631,4.458476,-12638.486,27
20260816_125007_bb495b,2024-09-02,600717.SH,600,600,166.601393,147.98098,-11172.2478,22
20260816_125007_bb495b,2024-09-02,002461.SZ,5500,5500,19.427059,19.1142,-1720.7245,17
20260816_125007_bb495b,2024-09-02,600020.SH,6200,6200,17.206696,17.27495,423.1748,13
20260816_125007_bb495b,2024-09-03,600377.SH,2500,2500,41.773763,48.69383,17300.1675,53
20260816_125007_bb495b,2024-09-03,601398.SH,8300,8300,12.738747,13.557312,6794.0895,48
20260816_125007_bb495b,2024-09-03,000429.SZ,2100,2100,50.718381,53.08062,4960.7019,40
20260816_125007_bb495b,2024-09-03,002001.SZ,100,100,924.756373,875.03836,-4971.8013,38
20260816_125007_bb495b,2024-09-03,601988.SH,9600,9600,11.249137,11.549188,2880.4896,36
20260816_125007_bb495b,2024-09-03,600028.SH,3700,3700,28.505156,28.469561,-131.7015,29
20260816_125007_bb495b,2024-09-03,600018.SH,10700,10700,10.046535,10.06641,212.6625,29
20260816_125007_bb495b,2024-09-03,600905.SH,21200,21200,5.054631,4.416808,-13521.8476,28
20260816_125007_bb495b,2024-09-03,600717.SH,600,600,166.601393,145.59419,-12604.3218,23
20260816_125007_bb495b,2024-09-03,002461.SZ,5500,5500,19.427059,19.3362,-499.7245,18
20260816_125007_bb495b,2024-09-03,600020.SH,6200,6200,17.206696,17.36469,979.5628,14
20260816_125007_bb495b,2024-09-04,600377.SH,2500,2500,41.773763,49.115726,18354.9075,54
20260816_125007_bb495b,2024-09-04,601398.SH,8300,8300,12.738747,13.439627,5817.304,49
20260816_125007_bb495b,2024-09-04,000429.SZ,2100,2100,50.718381,53.832204,6539.0283,41
20260816_125007_bb495b,2024-09-04,002001.SZ,100,100,924.756373,865.5955,-5916.0873,39
20260816_125007_bb495b,2024-09-04,601988.SH,9600,9600,11.249137,11.500662,2414.64,37
20260816_125007_bb495b,2024-09-04,600028.SH,3700,3700,28.505156,28.128097,-1395.1183,30
20260816_125007_bb495b,2024-09-04,600018.SH,10700,10700,10.046535,10.09883,559.5565,30
20260816_125007_bb495b,2024-09-04,002461.SZ,5500,5500,19.427059,19.1808,-1354.4245,19
20260816_125007_bb495b,2024-09-04,600020.SH,6200,6200,17.206696,17.23008,144.9808,15
20260816_125007_bb495b,2024-09-05,600377.SH,2500,2500,41.773763,50.170466,20991.7575,55
20260816_125007_bb495b,2024-09-05,601398.SH,8300,8300,12.738747,13.251331,4254.4472,50
20260816_125007_bb495b,2024-09-05,000429.SZ,2100,2100,50.718381,54.25497,7426.8369,42
20260816_125007_bb495b,2024-09-05,002001.SZ,100,100,924.756373,875.93768,-4881.8693,40
20260816_125007_bb495b,2024-09-05,601988.SH,9600,9600,11.249137,11.427873,1715.8656,38
20260816_125007_bb495b,2024-09-05,600028.SH,3700,3700,28.505156,27.957365,-2026.8267,31
20260816_125007_bb495b,2024-09-05,600018.SH,10700,10700,10.046535,9.98536,-654.5725,31
20260816_125007_bb495b,2024-09-05,002461.SZ,5500,5500,19.427059,19.5582,721.2755,20
20260816_125007_bb495b,2024-09-05,600020.SH,6200,6200,17.206696,17.63391,2648.7268,16
20260816_125007_bb495b,2024-09-05,002294.SZ,200,0,376.207446,379.15562,589.6348,1
20260816_125007_bb495b,2024-09-05,600415.SH,200,0,371.063143,376.20189,1027.7494,1
20260816_125007_bb495b,2024-09-06,600377.SH,2500,2500,41.773763,51.119732,23364.9225,56
20260816_125007_bb495b,2024-09-06,601398.SH,8300,8300,12.738747,13.274868,4449.8043,51
20260816_125007_bb495b,2024-09-06,000429.SZ,2100,2100,50.718381,54.865632,8709.2271,43
20260816_125007_bb495b,2024-09-06,002001.SZ,100,100,924.756373,866.04516,-5871.1213,41
20260816_125007_bb495b,2024-09-06,601988.SH,9600,9600,11.249137,11.452136,1948.7904,39
20260816_125007_bb495b,2024-09-06,600028.SH,3700,3700,28.505156,28.17078,-1237.1912,32
20260816_125007_bb495b,2024-09-06,600018.SH,10700,10700,10.046535,9.95294,-1001.4665,32
20260816_125007_bb495b,2024-09-06,002461.SZ,5500,5500,19.427059,19.1586,-1476.5245,21
20260816_125007_bb495b,2024-09-06,600020.SH,6200,6200,17.206696,17.4993,1814.1448,17
20260816_125007_bb495b,2024-09-06,002294.SZ,200,200,376.207446,375.61982,-117.5252,2
20260816_125007_bb495b,2024-09-06,600415.SH,200,200,371.063143,371.46166,79.7034,2
20260816_125007_bb495b,2024-09-06,600073.SH,5100,0,20.475738,20.31629,-813.1848,1
20260816_125007_bb495b,2024-09-09,600377.SH,2500,2500,41.773763,50.029834,20640.1775,57
20260816_125007_bb495b,2024-09-09,601398.SH,8300,8300,12.738747,13.204257,3863.733,52
20260816_125007_bb495b,2024-09-09,000429.SZ,2100,2100,50.718381,54.865632,8709.2271,44
20260816_125007_bb495b,2024-09-09,002001.SZ,100,100,924.756373,860.64924,-6410.7133,42
20260816_125007_bb495b,2024-09-09,601988.SH,9600,9600,11.249137,11.355084,1017.0912,40
20260816_125007_bb495b,2024-09-09,600028.SH,3700,3700,28.505156,27.231754,-4711.5874,33
20260816_125007_bb495b,2024-09-09,600018.SH,10700,10700,10.046535,9.79084,-2735.9365,33
20260816_125007_bb495b,2024-09-09,002461.SZ,5500,5500,19.427059,19.0032,-2331.2245,22
20260816_125007_bb495b,2024-09-09,600020.SH,6200,6200,17.206696,17.18521,-133.2132,18
20260816_125007_bb495b,2024-09-09,002294.SZ,200,200,376.207446,373.96978,-447.5332,3
20260816_125007_bb495b,2024-09-09,600415.SH,200,200,371.063143,372.32352,252.0754,3
20260816_125007_bb495b,2024-09-09,600073.SH,5100,5100,20.475738,20.31629,-813.1848,2
20260816_125007_bb495b,2024-09-10,600377.SH,2500,2500,41.773763,50.240782,21167.5475,58
20260816_125007_bb495b,2024-09-10,601398.SH,8300,8300,12.738747,13.345479,5035.8756,53
20260816_125007_bb495b,2024-09-10,000429.SZ,2100,2100,50.718381,55.42932,9892.9719,45
20260816_125007_bb495b,2024-09-10,002001.SZ,100,100,924.756373,844.46148,-8029.4893,43
20260816_125007_bb495b,2024-09-10,601988.SH,9600,9600,11.249137,11.64624,3812.1888,41
20260816_125007_bb495b,2024-09-10,600028.SH,3700,3700,28.505156,27.74395,-2816.4622,34
20260816_125007_bb495b,2024-09-10,600018.SH,10700,10700,10.046535,9.64495,-4296.9595,34
20260816_125007_bb495b,2024-09-10,002461.SZ,5500,5500,19.427059,19.0698,-1964.9245,23
20260816_125007_bb495b,2024-09-10,600020.SH,6200,6200,17.206696,17.14034,-411.4072,19
20260816_125007_bb495b,2024-09-10,002294.SZ,200,200,376.207446,379.03776,566.0628,4
20260816_125007_bb495b,2024-09-10,600415.SH,200,200,371.063143,369.73794,-265.0406,4
20260816_125007_bb495b,2024-09-10,600073.SH,5100,5100,20.475738,20.21588,-1325.2758,3
20260816_125007_bb495b,2024-09-11,600377.SH,2500,2500,41.773763,48.658672,17212.2725,59
20260816_125007_bb495b,2024-09-11,601398.SH,8300,8300,12.738747,13.039498,2496.2333,54
20260816_125007_bb495b,2024-09-11,000429.SZ,2100,2100,50.718381,53.597334,6045.8013,46
20260816_125007_bb495b,2024-09-11,002001.SZ,100,100,924.756373,845.81046,-7894.5913,44
20260816_125007_bb495b,2024-09-11,601988.SH,9600,9600,11.249137,11.233769,-147.5328,42
20260816_125007_bb495b,2024-09-11,600028.SH,3700,3700,28.505156,26.89029,-5975.0042,35
20260816_125007_bb495b,2024-09-11,600018.SH,10700,10700,10.046535,9.2397,-8633.1345,35
20260816_125007_bb495b,2024-09-11,002461.SZ,5500,5500,19.427059,18.87,-3063.8245,24
20260816_125007_bb495b,2024-09-11,600020.SH,6200,6200,17.206696,16.46729,-4584.3172,20
20260816_125007_bb495b,2024-09-11,002294.SZ,200,200,376.207446,384.69504,1697.5188,5
20260816_125007_bb495b,2024-09-11,600415.SH,200,200,371.063143,369.30701,-351.2266,5
20260816_125007_bb495b,2024-09-11,600073.SH,5100,5100,20.475738,20.21588,-1325.2758,4
20260816_125007_bb495b,2024-09-12,600377.SH,2500,2500,41.773763,48.799304,17563.8525,60
20260816_125007_bb495b,2024-09-12,601398.SH,8300,8300,12.738747,13.039498,2496.2333,55
20260816_125007_bb495b,2024-09-12,000429.SZ,2100,2100,50.718381,54.0201,6933.6099,47
20260816_125007_bb495b,2024-09-12,002001.SZ,100,100,924.756373,835.46828,-8928.8093,45
20260816_125007_bb495b,2024-09-12,601988.SH,9600,9600,11.249137,11.233769,-147.5328,43
20260816_125007_bb495b,2024-09-12,600028.SH,3700,3700,28.505156,27.018339,-5501.2229,36
20260816_125007_bb495b,2024-09-12,600018.SH,10700,10700,10.046535,9.27212,-8286.2405,36
20260816_125007_bb495b,2024-09-12,002461.SZ,5500,5500,19.427059,18.8034,-3430.1245,25
20260816_125007_bb495b,2024-09-12,600020.SH,6200,6200,17.206696,16.51216,-4306.1232,21
20260816_125007_bb495b,2024-09-12,002294.SZ,200,200,376.207446,380.6878,896.0708,6
20260816_125007_bb495b,2024-09-12,600415.SH,200,200,371.063143,366.72143,-868.3426,6
20260816_125007_bb495b,2024-09-12,600073.SH,5100,5100,20.475738,19.88118,-3032.2458,5
20260816_125007_bb495b,2024-09-13,601398.SH,8300,8300,12.738747,13.086572,2886.9475,56
20260816_125007_bb495b,2024-09-13,000429.SZ,2100,2100,50.718381,53.174568,5157.9927,48
20260816_125007_bb495b,2024-09-13,002001.SZ,100,100,924.756373,838.6159,-8614.0473,46
20260816_125007_bb495b,2024-09-13,601988.SH,9600,9600,11.249137,11.112454,-1312.1568,44
20260816_125007_bb495b,2024-09-13,600028.SH,3700,3700,28.505156,27.062061,-5339.4515,37
20260816_125007_bb495b,2024-09-13,600018.SH,10700,10700,10.046535,9.20728,-8980.0285,37
20260816_125007_bb495b,2024-09-13,002461.SZ,5500,5500,19.427059,18.5814,-4651.1245,26
20260816_125007_bb495b,2024-09-13,600020.SH,6200,6200,17.206696,16.51216,-4306.1232,22
20260816_125007_bb495b,2024-09-13,002294.SZ,200,200,376.207446,381.39496,1037.5028,7
20260816_125007_bb495b,2024-09-13,600415.SH,200,200,371.063143,368.01422,-609.7846,7
20260816_125007_bb495b,2024-09-13,600073.SH,5100,5100,20.475738,19.81424,-3373.6398,6
20260816_125007_bb495b,2024-09-18,601398.SH,8300,8300,12.738747,13.369016,5231.2327,57
20260816_125007_bb495b,2024-09-18,000429.SZ,2100,2100,50.718381,52.235088,3185.0847,49
20260816_125007_bb495b,2024-09-18,002001.SZ,100,100,924.756373,857.95128,-6680.5093,47
20260816_125007_bb495b,2024-09-18,601988.SH,9600,9600,11.249137,11.282295,318.3168,45
20260816_125007_bb495b,2024-09-18,600028.SH,3700,3700,28.505156,27.936441,-2104.2455,38
20260816_125007_bb495b,2024-09-18,600018.SH,10700,10700,10.046535,9.32075,-7765.8995,38
20260816_125007_bb495b,2024-09-18,002461.SZ,5500,5500,19.427059,18.2262,-6604.7245,27
20260816_125007_bb495b,2024-09-18,600020.SH,6200,6200,17.206696,16.37755,-5140.7052,23
20260816_125007_bb495b,2024-09-18,002294.SZ,200,200,376.207446,383.75216,1508.9428,8
20260816_125007_bb495b,2024-09-18,600415.SH,200,200,371.063143,370.5998,-92.6686,8
20260816_125007_bb495b,2024-09-18,600073.SH,5100,5100,20.475738,19.71383,-3885.7308,7
20260816_125007_bb495b,2024-09-19,601398.SH,8300,8300,12.738747,13.298405,4645.1614,58
20260816_125007_bb495b,2024-09-19,000429.SZ,2100,2100,50.718381,51.342582,1310.8221,50
20260816_125007_bb495b,2024-09-19,002001.SZ,100,100,924.756373,848.50842,-7624.7953,48
20260816_125007_bb495b,2024-09-19,601988.SH,9600,9600,11.249137,11.185243,-613.3824,46
20260816_125007_bb495b,2024-09-19,600028.SH,3700,3700,28.505156,27.630408,-3236.5676,39
20260816_125007_bb495b,2024-09-19,600018.SH,10700,10700,10.046535,9.14244,-9673.8165,39
20260816_125007_bb495b,2024-09-19,002461.SZ,5500,5500,19.427059,18.6258,-4406.9245,28
20260816_125007_bb495b,2024-09-19,600020.SH,6200,6200,17.206696,16.24294,-5975.2872,24
20260816_125007_bb495b,2024-09-19,002294.SZ,200,200,376.207446,379.15562,589.6348,9
20260816_125007_bb495b,2024-09-19,600415.SH,200,200,371.063143,370.16887,-178.8546,9
20260816_125007_bb495b,2024-09-19,600073.SH,5100,5100,20.475738,20.24935,-1154.5788,8
20260816_125007_bb495b,2024-09-19,601628.SH,2200,0,46.169322,46.085329,-184.7846,1
20260816_125007_bb495b,2024-09-20,601398.SH,8300,8300,12.738747,13.345479,5035.8756,59
20260816_125007_bb495b,2024-09-20,000429.SZ,2100,2100,50.718381,51.248634,1113.5313,51
20260816_125007_bb495b,2024-09-20,002001.SZ,100,100,924.756373,849.40774,-7534.8633,49
20260816_125007_bb495b,2024-09-20,601988.SH,9600,9600,11.249137,11.258032,85.392,47
20260816_125007_bb495b,2024-09-20,600028.SH,3700,3700,28.505156,27.892722,-2266.0058,40
20260816_125007_bb495b,2024-09-20,600018.SH,10700,10700,10.046535,9.0776,-10367.6045,40
20260816_125007_bb495b,2024-09-20,002461.SZ,5500,5500,19.427059,18.5592,-4773.2245,29
20260816_125007_bb495b,2024-09-20,600020.SH,6200,6200,17.206696,16.10833,-6809.8692,25
20260816_125007_bb495b,2024-09-20,002294.SZ,200,200,376.207446,373.49834,-541.8212,10
20260816_125007_bb495b,2024-09-20,600415.SH,200,200,371.063143,373.61631,510.6334,10
20260816_125007_bb495b,2024-09-20,600073.SH,5100,5100,20.475738,20.14894,-1666.6698,9
20260816_125007_bb495b,2024-09-20,601628.SH,2200,2200,46.169322,46.085329,-184.7846,2
20260816_125007_bb495b,2024-09-23,601398.SH,8300,8300,12.738747,13.463164,6012.6611,60
20260816_125007_bb495b,2024-09-23,000429.SZ,2100,2100,50.718381,50.544024,-366.1497,52
20260816_125007_bb495b,2024-09-23,002001.SZ,100,100,924.756373,846.26012,-7849.6253,50
20260816_125007_bb495b,2024-09-23,601988.SH,9600,9600,11.249137,11.379347,1250.016,48
20260816_125007_bb495b,2024-09-23,600028.SH,3700,3700,28.505156,28.329912,-648.4028,41
20260816_125007_bb495b,2024-09-23,600018.SH,10700,10700,10.046535,9.2397,-8633.1345,41
20260816_125007_bb495b,2024-09-23,002461.SZ,5500,5500,19.427059,18.1374,-7093.1245,30
20260816_125007_bb495b,2024-09-23,600020.SH,6200,6200,17.206696,16.1532,-6531.6752,26
20260816_125007_bb495b,2024-09-23,002294.SZ,200,200,376.207446,366.5446,-1932.5692,11
20260816_125007_bb495b,2024-09-23,600415.SH,200,200,371.063143,368.87608,-437.4126,11
20260816_125007_bb495b,2024-09-23,600073.SH,5100,5100,20.475738,19.98159,-2520.1548,10
20260816_125007_bb495b,2024-09-23,601628.SH,2200,2200,46.169322,46.796563,1379.9302,3
20260816_125007_bb495b,2024-09-24,000429.SZ,2100,2100,50.718381,51.765348,2198.6307,53
20260816_125007_bb495b,2024-09-24,002001.SZ,100,100,924.756373,873.68938,-5106.6993,51
20260816_125007_bb495b,2024-09-24,601988.SH,9600,9600,11.249137,11.88887,6141.4368,49
20260816_125007_bb495b,2024-09-24,600028.SH,3700,3700,28.505156,29.554044,3880.8856,42
20260816_125007_bb495b,2024-09-24,600018.SH,10700,10700,10.046535,9.59632,-4817.3005,42
20260816_125007_bb495b,2024-09-24,002461.SZ,5500,5500,19.427059,18.7368,-3796.4245,31
20260816_125007_bb495b,2024-09-24,600020.SH,6200,6200,17.206696,16.69164,-3193.3472,27
20260816_125007_bb495b,2024-09-24,002294.SZ,200,200,376.207446,367.1339,-1814.7092,12
20260816_125007_bb495b,2024-09-24,600415.SH,200,200,371.063143,377.49468,1286.3074,12
20260816_125007_bb495b,2024-09-24,600073.SH,5100,5100,20.475738,20.55058,381.6942,11
20260816_125007_bb495b,2024-09-24,601628.SH,2200,2200,46.169322,48.46928,5059.9076,4
20260816_125007_bb495b,2024-09-25,000429.SZ,2100,2100,50.718381,51.765348,2198.6307,54
20260816_125007_bb495b,2024-09-25,002001.SZ,100,100,924.756373,875.48802,-4926.8353,52
20260816_125007_bb495b,2024-09-25,601988.SH,9600,9600,11.249137,11.88887,6141.4368,50
20260816_125007_bb495b,2024-09-25,600028.SH,3700,3700,28.505156,29.379168,3233.8444,43
20260816_125007_bb495b,2024-09-25,600018.SH,10700,10700,10.046535,9.62874,-4470.4065,43
20260816_125007_bb495b,2024-09-25,002461.SZ,5500,5500,19.427059,18.4482,-5383.7245,32
20260816_125007_bb495b,2024-09-25,600020.SH,6200,6200,17.206696,17.31982,701.3688,28
20260816_125007_bb495b,2024-09-25,002294.SZ,200,200,376.207446,363.48024,-2545.4412,13
20260816_125007_bb495b,2024-09-25,600415.SH,200,200,371.063143,382.66584,2320.5394,13
20260816_125007_bb495b,2024-09-25,600073.SH,5100,5100,20.475738,20.45017,-130.3968,12
20260816_125007_bb495b,2024-09-25,601628.SH,2200,2200,46.169322,50.18151,8826.8136,5
20260816_125007_bb495b,2024-09-25,600897.SH,1000,0,100.160149,99.66403,-496.119,1
20260816_125007_bb495b,2024-09-26,000429.SZ,2100,2100,50.718381,51.718374,2099.9853,55
20260816_125007_bb495b,2024-09-26,002001.SZ,100,100,924.756373,908.3132,-1644.3173,53
20260816_125007_bb495b,2024-09-26,601988.SH,9600,9600,11.249137,12.107237,8237.76,51
20260816_125007_bb495b,2024-09-26,600028.SH,3700,3700,28.505156,29.510325,3719.1253,44
20260816_125007_bb495b,2024-09-26,600018.SH,10700,10700,10.046535,9.69358,-3776.6185,44
20260816_125007_bb495b,2024-09-26,002461.SZ,5500,5500,19.427059,19.647,1209.6755,33
20260816_125007_bb495b,2024-09-26,600020.SH,6200,6200,17.206696,17.76852,3483.3088,29
20260816_125007_bb495b,2024-09-26,002294.SZ,200,200,376.207446,370.6697,-1107.5492,14
20260816_125007_bb495b,2024-09-26,600415.SH,200,200,371.063143,389.12979,3613.3294,14
20260816_125007_bb495b,2024-09-26,600073.SH,5100,5100,20.475738,21.28692,4137.0282,13
20260816_125007_bb495b,2024-09-26,601628.SH,2200,2200,46.169322,51.669833,12101.1242,6
20260816_125007_bb495b,2024-09-26,600897.SH,1000,1000,100.160149,101.14823,988.081,2
20260816_125007_bb495b,2024-09-27,000429.SZ,2100,2100,50.718381,50.544024,-366.1497,56
20260816_125007_bb495b,2024-09-27,002001.SZ,100,100,924.756373,938.89008,1413.3707,54
20260816_125007_bb495b,2024-09-27,601988.SH,9600,9600,11.249137,11.816081,5442.6624,52
20260816_125007_bb495b,2024-09-27,600028.SH,3700,3700,28.505156,29.116854,2263.2826,45
20260816_125007_bb495b,2024-09-27,600018.SH,10700,10700,10.046535,9.80705,-2562.4895,45
20260816_125007_bb495b,2024-09-27,002461.SZ,5500,5500,19.427059,19.9356,2796.9755,34
20260816_125007_bb495b,2024-09-27,600020.SH,6200,6200,17.206696,17.76852,3483.3088,30
20260816_125007_bb495b,2024-09-27,002294.SZ,200,200,376.207446,378.56632,471.7748,15
20260816_125007_bb495b,2024-09-27,600415.SH,200,200,371.063143,390.42258,3871.8874,15
20260816_125007_bb495b,2024-09-27,600073.SH,5100,5100,20.475738,21.7555,6526.7862,14
20260816_125007_bb495b,2024-09-27,601628.SH,2200,2200,46.169322,52.684,14332.2916,7
20260816_125007_bb495b,2024-09-27,600897.SH,1000,1000,100.160149,102.70664,2546.491,3
20260816_125007_bb495b,2024-09-30,000429.SZ,2100,2100,50.718381,53.456412,5749.8651,57
20260816_125007_bb495b,2024-09-30,002001.SZ,100,100,924.756373,1014.88262,9012.6247,55
20260816_125007_bb495b,2024-09-30,601988.SH,9600,9600,11.249137,12.1315,8470.6848,53
20260816_125007_bb495b,2024-09-30,600028.SH,3700,3700,28.505156,30.428424,7116.0916,46
20260816_125007_bb495b,2024-09-30,600018.SH,10700,10700,10.046535,10.5365,5242.6255,46
20260816_125007_bb495b,2024-09-30,002461.SZ,5500,5500,19.427059,21.312,10367.1755,35
20260816_125007_bb495b,2024-09-30,600020.SH,6200,6200,17.206696,18.98001,10994.5468,31
20260816_125007_bb495b,2024-09-30,002294.SZ,200,200,376.207446,408.50276,6459.0628,16
20260816_125007_bb495b,2024-09-30,600415.SH,200,200,371.063143,415.84745,8956.8614,16
20260816_125007_bb495b,2024-09-30,600073.SH,5100,5100,20.475738,23.429,15061.6362,15
20260816_125007_bb495b,2024-09-30,601628.SH,2200,2200,46.169322,57.9524,25922.7716,8
20260816_125007_bb495b,2024-09-30,600897.SH,1000,1000,100.160149,109.38554,9225.391,4
20260816_125007_bb495b,2024-10-08,000429.SZ,2100,2100,50.718381,52.282062,3283.7301,58
20260816_125007_bb495b,2024-10-08,002001.SZ,100,100,924.756373,1040.9629,11620.6527,56
20260816_125007_bb495b,2024-10-08,601988.SH,9600,9600,11.249137,12.058711,7771.9104,54
20260816_125007_bb495b,2024-10-08,600028.SH,3700,3700,28.505156,30.690738,8086.6534,47
20260816_125007_bb495b,2024-10-08,600018.SH,10700,10700,10.046535,10.87691,8885.0125,47
20260816_125007_bb495b,2024-10-08,002461.SZ,5500,5500,19.427059,21.423,10977.6755,36
20260816_125007_bb495b,2024-10-08,600020.SH,6200,6200,17.206696,19.33897,13220.0988,32
20260816_125007_bb495b,2024-10-08,002294.SZ,200,200,376.207446,421.58522,9075.5548,17
20260816_125007_bb495b,2024-10-08,600415.SH,200,200,371.063143,442.13418,14214.2074,17
20260816_125007_bb495b,2024-10-08,600073.SH,5100,5100,20.475738,23.83064,17110.0002,16
20260816_125007_bb495b,2024-10-08,601628.SH,2200,2200,46.169322,63.74764,38672.2996,9
20260816_125007_bb495b,2024-10-08,600897.SH,1000,1000,100.160149,111.24079,11080.641,5
20260816_125007_bb495b,2024-10-09,000429.SZ,2100,2100,50.718381,49.228752,-3128.2209,59
20260816_125007_bb495b,2024-10-09,002001.SZ,100,100,924.756373,1025.2248,10046.8427,57
20260816_125007_bb495b,2024-10-09,601988.SH,9600,9600,11.249137,11.670503,4045.1136,55
20260816_125007_bb495b,2024-10-09,600028.SH,3700,3700,28.505156,28.767102,969.2002,48
20260816_125007_bb495b,2024-10-09,600018.SH,10700,10700,10.046535,9.98536,-654.5725,48
20260816_125007_bb495b,2024-10-09,002461.SZ,5500,5500,19.427059,19.9134,2674.8755,37
20260816_125007_bb495b,2024-10-09,600020.SH,6200,6200,17.206696,17.63391,2648.7268,33
20260816_125007_bb495b,2024-10-09,002294.SZ,200,200,376.207446,412.03856,7166.2228,18
20260816_125007_bb495b,2024-10-09,600415.SH,200,200,371.063143,408.52164,7491.6994,18
20260816_125007_bb495b,2024-10-09,600073.SH,5100,5100,20.475738,22.15714,8575.1502,17
20260816_125007_bb495b,2024-10-09,601628.SH,2200,2200,46.169322,57.372876,24647.8188,10
20260816_125007_bb495b,2024-10-09,600897.SH,1000,1000,100.160149,104.6361,4475.951,6
20260816_125007_bb495b,2024-10-10,000429.SZ,2100,2100,50.718381,50.121258,-1253.9583,60
20260816_125007_bb495b,2024-10-10,002001.SZ,100,100,924.756373,1060.74794,13599.1567,58
20260816_125007_bb495b,2024-10-10,601988.SH,9600,9600,11.249137,12.155763,8703.6096,56
20260816_125007_bb495b,2024-10-10,600028.SH,3700,3700,28.505156,30.078672,5822.0092,49
20260816_125007_bb495b,2024-10-10,600018.SH,10700,10700,10.046535,10.34198,3161.2615,49
20260816_125007_bb495b,2024-10-10,002461.SZ,5500,5500,19.427059,20.535,6093.6755,38
20260816_125007_bb495b,2024-10-10,600020.SH,6200,6200,17.206696,18.26209,6543.4428,34
20260816_125007_bb495b,2024-10-10,002294.SZ,200,200,376.207446,423.23526,9405.5628,19
20260816_125007_bb495b,2024-10-10,600415.SH,200,200,371.063143,434.80837,12749.0454,19
20260816_125007_bb495b,2024-10-10,600073.SH,5100,5100,20.475738,22.39143,9770.0292,18
20260816_125007_bb495b,2024-10-10,601628.SH,2200,2200,46.169322,57.886545,25777.8906,11
20260816_125007_bb495b,2024-10-10,600897.SH,1000,1000,100.160149,106.26872,6108.571,7
20260816_125007_bb495b,2024-10-11,002001.SZ,100,100,924.756373,1059.39896,13464.2587,59
20260816_125007_bb495b,2024-10-11,601988.SH,9600,9600,11.249137,12.180026,8936.5344,57
20260816_125007_bb495b,2024-10-11,600028.SH,3700,3700,28.505156,29.510325,3719.1253,50
20260816_125007_bb495b,2024-10-11,600018.SH,10700,10700,10.046535,10.16367,1253.3445,50
20260816_125007_bb495b,2024-10-11,002461.SZ,5500,5500,19.427059,20.424,5483.1755,39
20260816_125007_bb495b,2024-10-11,600020.SH,6200,6200,17.206696,18.03774,5152.4728,35
20260816_125007_bb495b,2024-10-11,002294.SZ,200,200,376.207446,410.85996,6930.5028,20
20260816_125007_bb495b,2024-10-11,600415.SH,200,200,371.063143,478.3323,21453.8314,20
20260816_125007_bb495b,2024-10-11,600073.SH,5100,5100,20.475738,21.98979,7721.6652,19
20260816_125007_bb495b,2024-10-11,601628.SH,2200,2200,46.169322,56.24017,22155.8656,12
20260816_125007_bb495b,2024-10-11,600897.SH,1000,1000,100.160149,105.3782,5218.051,8
20260816_125007_bb495b,2024-10-14,002001.SZ,100,100,924.756373,1071.09012,14633.3747,60
20260816_125007_bb495b,2024-10-14,601988.SH,9600,9600,11.249137,12.471182,11731.632,58
20260816_125007_bb495b,2024-10-14,600028.SH,3700,3700,28.505156,29.72892,4527.9268,51
20260816_125007_bb495b,2024-10-14,600018.SH,10700,10700,10.046535,10.27714,2467.4735,51
20260816_125007_bb495b,2024-10-14,002461.SZ,5500,5500,19.427059,20.868,7925.1755,40
20260816_125007_bb495b,2024-10-14,600020.SH,6200,6200,17.206696,18.8454,10159.9648,36
20260816_125007_bb495b,2024-10-14,002294.SZ,200,200,376.207446,409.91708,6741.9268,21
20260816_125007_bb495b,2024-10-14,600415.SH,200,200,371.063143,465.4044,18868.2514,21
20260816_125007_bb495b,2024-10-14,600073.SH,5100,5100,20.475738,22.05673,8063.0592,20
20260816_125007_bb495b,2024-10-14,601628.SH,2200,2200,46.169322,57.965571,25951.7478,13
20260816_125007_bb495b,2024-10-14,600897.SH,1000,1000,100.160149,105.60083,5440.681,9
20260816_125007_bb495b,2024-10-15,601988.SH,9600,9600,11.249137,12.180026,8936.5344,59
20260816_125007_bb495b,2024-10-15,600028.SH,3700,3700,28.505156,28.85454,1292.7208,52
20260816_125007_bb495b,2024-10-15,600018.SH,10700,10700,10.046535,10.01778,-307.6785,52
20260816_125007_bb495b,2024-10-15,002461.SZ,5500,5500,19.427059,20.2686,4628.4755,41
20260816_125007_bb495b,2024-10-15,600020.SH,6200,6200,17.206696,17.85826,4039.6968,37
20260816_125007_bb495b,2024-10-15,002294.SZ,200,200,376.207446,406.0277,5964.0508,22
20260816_125007_bb495b,2024-10-15,600415.SH,200,200,371.063143,497.29322,25246.0154,22
20260816_125007_bb495b,2024-10-15,600073.SH,5100,5100,20.475738,21.95632,7550.9682,21
20260816_125007_bb495b,2024-10-15,601628.SH,2200,2200,46.169322,56.226999,22126.8894,14
20260816_125007_bb495b,2024-10-15,600897.SH,1000,1000,100.160149,105.82346,5663.311,10
20260816_125007_bb495b,2024-10-16,601988.SH,9600,9600,11.249137,12.37413,10799.9328,60
20260816_125007_bb495b,2024-10-16,600028.SH,3700,3700,28.505156,28.810821,1130.9605,53
20260816_125007_bb495b,2024-10-16,600018.SH,10700,10700,10.046535,10.09883,559.5565,53
20260816_125007_bb495b,2024-10-16,002461.SZ,5500,5500,19.427059,20.202,4262.1755,42
20260816_125007_bb495b,2024-10-16,600020.SH,6200,6200,17.206696,18.21722,6265.2488,38
20260816_125007_bb495b,2024-10-16,002294.SZ,200,200,376.207446,409.09206,6576.9228,23
20260816_125007_bb495b,2024-10-16,600415.SH,200,200,371.063143,454.63115,16713.6014,23
20260816_125007_bb495b,2024-10-16,600073.SH,5100,5100,20.475738,21.65509,6014.6952,22
20260816_125007_bb495b,2024-10-16,601628.SH,2200,2200,46.169322,56.556274,22851.2944,15
20260816_125007_bb495b,2024-10-16,600897.SH,1000,1000,100.160149,104.85873,4698.581,11
20260816_125007_bb495b,2024-10-17,600028.SH,3700,3700,28.505156,28.41735,-324.8822,54
20260816_125007_bb495b,2024-10-17,600018.SH,10700,10700,10.046535,9.85568,-2042.1485,54
20260816_125007_bb495b,2024-10-17,002461.SZ,5500,5500,19.427059,20.2242,4384.2755,43
20260816_125007_bb495b,2024-10-17,600020.SH,6200,6200,17.206696,17.85826,4039.6968,39
20260816_125007_bb495b,2024-10-17,002294.SZ,200,200,376.207446,414.98506,7755.5228,24
20260816_125007_bb495b,2024-10-17,600415.SH,200,200,371.063143,475.74672,20936.7154,24
20260816_125007_bb495b,2024-10-17,600073.SH,5100,5100,20.475738,21.4208,4819.8162,23
20260816_125007_bb495b,2024-10-17,601628.SH,2200,2200,46.169322,56.306025,22300.7466,16
20260816_125007_bb495b,2024-10-17,600897.SH,1000,1000,100.160149,103.22611,3065.961,12
20260816_125007_bb495b,2024-10-18,600028.SH,3700,3700,28.505156,28.723383,807.4399,55
20260816_125007_bb495b,2024-10-18,600018.SH,10700,10700,10.046535,10.06641,212.6625,55
20260816_125007_bb495b,2024-10-18,002461.SZ,5500,5500,19.427059,20.6904,6948.3755,44
20260816_125007_bb495b,2024-10-18,600020.SH,6200,6200,17.206696,18.12748,5708.8608,40
20260816_125007_bb495b,2024-10-18,002294.SZ,200,200,376.207446,433.48908,11456.3268,25
20260816_125007_bb495b,2024-10-18,600415.SH,200,200,371.063143,471.86835,20161.0414,25
20260816_125007_bb495b,2024-10-18,600073.SH,5100,5100,20.475738,21.65509,6014.6952,24
20260816_125007_bb495b,2024-10-18,601628.SH,2200,2200,46.169322,57.517757,24966.557,17
20260816_125007_bb495b,2024-10-18,600897.SH,1000,1000,100.160149,104.11663,3956.481,13
20260816_125007_bb495b,2024-10-21,600028.SH,3700,3700,28.505156,28.635945,483.9193,56
20260816_125007_bb495b,2024-10-21,600018.SH,10700,10700,10.046535,9.96915,-828.0195,56
20260816_125007_bb495b,2024-10-21,002461.SZ,5500,5500,19.427059,20.9346,8291.4755,45
20260816_125007_bb495b,2024-10-21,600020.SH,6200,6200,17.206696,17.948,4596.0848,41
20260816_125007_bb495b,2024-10-21,002294.SZ,200,200,376.207446,427.94966,10348.4428,26
20260816_125007_bb495b,2024-10-21,600415.SH,200,200,371.063143,499.44787,25676.9454,26
20260816_125007_bb495b,2024-10-21,600073.SH,5100,5100,20.475738,21.65509,6014.6952,25
20260816_125007_bb495b,2024-10-21,601628.SH,2200,2200,46.169322,57.636296,25227.3428,18
20260816_125007_bb495b,2024-10-21,600897.SH,1000,1000,100.160149,104.41347,4253.321,14
20260816_125007_bb495b,2024-10-22,600028.SH,3700,3700,28.505156,28.85454,1292.7208,57
20260816_125007_bb495b,2024-10-22,600018.SH,10700,10700,10.046535,10.08262,386.1095,57
20260816_125007_bb495b,2024-10-22,002461.SZ,5500,5500,19.427059,21.3342,10489.2755,46
20260816_125007_bb495b,2024-10-22,600020.SH,6200,6200,17.206696,17.85826,4039.6968,42
20260816_125007_bb495b,2024-10-22,002294.SZ,200,200,376.207446,407.7956,6317.6308,27
20260816_125007_bb495b,2024-10-22,600415.SH,200,200,371.063143,480.48695,21884.7614,27
20260816_125007_bb495b,2024-10-22,600073.SH,5100,5100,20.475738,21.88938,7209.5742,26
20260816_125007_bb495b,2024-10-22,601628.SH,2200,2200,46.169322,57.55727,25053.4856,19
20260816_125007_bb495b,2024-10-22,600897.SH,1000,1000,100.160149,105.30399,5143.841,15
20260816_125007_bb495b,2024-10-23,600028.SH,3700,3700,28.505156,28.810821,1130.9605,58
20260816_125007_bb495b,2024-10-23,600018.SH,10700,10700,10.046535,10.19609,1600.2385,58
20260816_125007_bb495b,2024-10-23,002461.SZ,5500,5500,19.427059,21.6894,12442.8755,47
20260816_125007_bb495b,2024-10-23,600020.SH,6200,6200,17.206696,17.99287,4874.2788,43
20260816_125007_bb495b,2024-10-23,002294.SZ,200,200,376.207446,392.59166,3276.8428,28
20260816_125007_bb495b,2024-10-23,600415.SH,200,200,371.063143,469.7137,19730.1114,28
20260816_125007_bb495b,2024-10-23,600073.SH,5100,5100,20.475738,22.0902,8233.7562,27
20260816_125007_bb495b,2024-10-23,601628.SH,2200,2200,46.169322,59.2695,28820.3916,20
20260816_125007_bb495b,2024-10-23,600897.SH,1000,1000,100.160149,105.52662,5366.471,16
20260816_125007_bb495b,2024-10-24,600028.SH,3700,3700,28.505156,28.373631,-486.6425,59
20260816_125007_bb495b,2024-10-24,600018.SH,10700,10700,10.046535,10.14746,1079.8975,59
20260816_125007_bb495b,2024-10-24,002461.SZ,5500,5500,19.427059,21.2676,10122.9755,48
20260816_125007_bb495b,2024-10-24,600020.SH,6200,6200,17.206696,17.90313,4317.8908,44
20260816_125007_bb495b,2024-10-24,002294.SZ,200,200,376.207446,386.81652,2121.8148,29
20260816_125007_bb495b,2024-10-24,600415.SH,200,200,371.063143,461.95696,18178.7634,29
20260816_125007_bb495b,2024-10-24,600073.SH,5100,5100,20.475738,22.0902,8233.7562,28
20260816_125007_bb495b,2024-10-24,601628.SH,2200,2200,46.169322,58.34753,26792.0576,21
20260816_125007_bb495b,2024-10-24,600897.SH,1000,1000,100.160149,106.1203,5960.151,17
20260816_125007_bb495b,2024-10-25,600028.SH,3700,3700,28.505156,28.198755,-1133.6837,60
20260816_125007_bb495b,2024-10-25,600018.SH,10700,10700,10.046535,10.08262,386.1095,60
20260816_125007_bb495b,2024-10-25,002461.SZ,5500,5500,19.427059,20.4018,5361.0755,49
20260816_125007_bb495b,2024-10-25,600020.SH,6200,6200,17.206696,17.99287,4874.2788,45
20260816_125007_bb495b,2024-10-25,002294.SZ,200,200,376.207446,386.69866,2098.2428,30
20260816_125007_bb495b,2024-10-25,600415.SH,200,200,371.063143,462.81882,18351.1354,30
20260816_125007_bb495b,2024-10-25,600073.SH,5100,5100,20.475738,22.32449,9428.6352,29
20260816_125007_bb495b,2024-10-25,601628.SH,2200,2200,46.169322,57.899716,25806.8668,22
20260816_125007_bb495b,2024-10-25,600897.SH,1000,1000,100.160149,106.19451,6034.361,18
20260816_125007_bb495b,2024-10-28,002461.SZ,5500,5500,19.427059,20.6682,6826.2755,50
20260816_125007_bb495b,2024-10-28,600020.SH,6200,6200,17.206696,18.57618,8490.8008,46
20260816_125007_bb495b,2024-10-28,002294.SZ,200,200,376.207446,391.8845,3135.4108,31
20260816_125007_bb495b,2024-10-28,600415.SH,200,200,371.063143,469.7137,19730.1114,31
20260816_125007_bb495b,2024-10-28,600073.SH,5100,5100,20.475738,22.96042,12671.8782,30
20260816_125007_bb495b,2024-10-28,601628.SH,2200,2200,46.169322,57.056772,23952.39,23
20260816_125007_bb495b,2024-10-28,600897.SH,1000,1000,100.160149,108.19818,8038.031,19
20260816_125007_bb495b,2024-10-29,002461.SZ,5500,5500,19.427059,20.1354,3895.8755,51
20260816_125007_bb495b,2024-10-29,600020.SH,6200,6200,17.206696,18.17235,5987.0548,47
20260816_125007_bb495b,2024-10-29,002294.SZ,200,200,376.207446,389.05586,2569.6828,32
20260816_125007_bb495b,2024-10-29,600415.SH,200,200,371.063143,459.37138,17661.6474,32
20260816_125007_bb495b,2024-10-29,600073.SH,5100,5100,20.475738,22.4249,9940.7262,31
20260816_125007_bb495b,2024-10-29,601628.SH,2200,2200,46.169322,57.135798,24126.2472,24
20260816_125007_bb495b,2024-10-29,600897.SH,1000,1000,100.160149,109.31133,9151.181,20
20260816_125007_bb495b,2024-10-29,002200.SZ,10500,0,10.776406,10.4181,-3762.213,1
20260816_125007_bb495b,2024-10-30,002461.SZ,5500,5500,19.427059,20.1576,4017.9755,52
20260816_125007_bb495b,2024-10-30,600020.SH,6200,6200,17.206696,17.76852,3483.3088,48
20260816_125007_bb495b,2024-10-30,002294.SZ,200,200,376.207446,381.63068,1084.6468,33
20260816_125007_bb495b,2024-10-30,600415.SH,200,200,371.063143,457.21673,17230.7174,33
20260816_125007_bb495b,2024-10-30,600073.SH,5100,5100,20.475738,22.7596,11647.6962,32
20260816_125007_bb495b,2024-10-30,601628.SH,2200,2200,46.169322,55.818698,21228.6272,25
20260816_125007_bb495b,2024-10-30,600897.SH,1000,1000,100.160149,109.90501,9744.861,21
20260816_125007_bb495b,2024-10-30,002200.SZ,10500,10500,10.776406,10.87185,1002.162,2
20260816_125007_bb495b,2024-10-31,002461.SZ,5500,5500,19.427059,19.8246,2186.4755,53
20260816_125007_bb495b,2024-10-31,600020.SH,6200,6200,17.206696,17.948,4596.0848,49
20260816_125007_bb495b,2024-10-31,002294.SZ,200,200,376.207446,379.5092,660.3508,34
20260816_125007_bb495b,2024-10-31,600415.SH,200,200,371.063143,459.37138,17661.6474,34
20260816_125007_bb495b,2024-10-31,600073.SH,5100,5100,20.475738,23.16124,13696.0602,33
20260816_125007_bb495b,2024-10-31,601628.SH,2200,2200,46.169322,55.160148,19779.8172,26
20260816_125007_bb495b,2024-10-31,600897.SH,1000,1000,100.160149,108.12397,7963.821,22
20260816_125007_bb495b,2024-10-31,002200.SZ,10500,10500,10.776406,10.87185,1002.162,3
20260816_125007_bb495b,2024-11-01,002461.SZ,5500,5500,19.427059,19.7358,1698.0755,54
20260816_125007_bb495b,2024-11-01,600020.SH,6200,6200,17.206696,17.90313,4317.8908,50
20260816_125007_bb495b,2024-11-01,002294.SZ,200,200,376.207446,386.5808,2074.6708,35
20260816_125007_bb495b,2024-11-01,600415.SH,200,200,371.063143,449.45999,15679.3694,35
20260816_125007_bb495b,2024-11-01,600073.SH,5100,5100,20.475738,23.39553,14890.9392,34
20260816_125007_bb495b,2024-11-01,601628.SH,2200,2200,46.169322,56.042605,21721.2226,27
20260816_125007_bb495b,2024-11-01,600897.SH,1000,1000,100.160149,107.30766,7147.511,23
20260816_125007_bb495b,2024-11-01,002200.SZ,10500,10500,10.776406,10.69035,-903.588,4
20260816_125007_bb495b,2024-11-04,002461.SZ,5500,5500,19.427059,19.8024,2064.3755,55
20260816_125007_bb495b,2024-11-04,600020.SH,6200,6200,17.206696,18.12748,5708.8608,51
20260816_125007_bb495b,2024-11-04,002294.SZ,200,200,376.207446,392.4738,3253.2708,36
20260816_125007_bb495b,2024-11-04,600415.SH,200,200,371.063143,449.02906,15593.1834,36
20260816_125007_bb495b,2024-11-04,600073.SH,5100,5100,20.475738,23.93105,17622.0912,35
20260816_125007_bb495b,2024-11-04,601628.SH,2200,2200,46.169322,56.424564,22561.5324,28
20260816_125007_bb495b,2024-11-04,600897.SH,1000,1000,100.160149,107.97555,7815.401,24
20260816_125007_bb495b,2024-11-04,002200.SZ,10500,10500,10.776406,10.8537,811.587,5
20260816_125007_bb495b,2024-11-04,000711.SZ,6300,0,17.588162,17.37102,-1367.9946,1
20260816_125007_bb495b,2024-11-05,002461.SZ,5500,5500,19.427059,20.0466,3407.4755,56
20260816_125007_bb495b,2024-11-05,600020.SH,6200,6200,17.206696,18.44157,7656.2188,52
20260816_125007_bb495b,2024-11-05,002294.SZ,200,200,376.207446,386.81652,2121.8148,37
20260816_125007_bb495b,2024-11-05,600415.SH,200,200,371.063143,485.65811,22918.9934,37
20260816_125007_bb495b,2024-11-05,600073.SH,5100,5100,20.475738,23.99799,17963.4852,36
20260816_125007_bb495b,2024-11-05,601628.SH,2200,2200,46.169322,60.046589,30529.9874,29
20260816_125007_bb495b,2024-11-05,600897.SH,1000,1000,100.160149,108.64344,8483.291,25
20260816_125007_bb495b,2024-11-05,002200.SZ,10500,10500,10.776406,10.89,1192.737,6
20260816_125007_bb495b,2024-11-05,000711.SZ,6300,6300,17.588162,17.85897,1706.0904,2
20260816_125007_bb495b,2024-11-06,002461.SZ,5500,5500,19.427059,19.9578,2919.0755,57
20260816_125007_bb495b,2024-11-06,600020.SH,6200,6200,17.206696,18.3967,7378.0248,53
20260816_125007_bb495b,2024-11-06,002294.SZ,200,200,376.207446,383.87002,1532.5148,38
20260816_125007_bb495b,2024-11-06,600415.SH,200,200,371.063143,502.03345,26194.0614,38
20260816_125007_bb495b,2024-11-06,600073.SH,5100,5100,20.475738,23.79717,16939.3032,37
20260816_125007_bb495b,2024-11-06,601628.SH,2200,2200,46.169322,58.795344,27777.2484,30
20260816_125007_bb495b,2024-11-06,600897.SH,1000,1000,100.160149,107.45608,7295.931,26
20260816_125007_bb495b,2024-11-06,002200.SZ,10500,10500,10.776406,11.08965,3289.062,7
20260816_125007_bb495b,2024-11-06,000711.SZ,6300,6300,17.588162,17.66379,476.4564,3
20260816_125007_bb495b,2024-11-06,600168.SH,7200,0,15.84115,16.01955,1284.48,1
20260816_125007_bb495b,2024-11-07,002461.SZ,5500,5500,19.427059,20.9568,8413.5755,58
20260816_125007_bb495b,2024-11-07,600020.SH,6200,6200,17.206696,19.15949,12107.3228,54
20260816_125007_bb495b,2024-11-07,002294.SZ,200,200,376.207446,384.69504,1697.5188,39
20260816_125007_bb495b,2024-11-07,600415.SH,200,200,371.063143,525.7346,30934.2914,39
20260816_125007_bb495b,2024-11-07,600073.SH,5100,5100,20.475738,24.4331,20182.5462,38
20260816_125007_bb495b,2024-11-07,601628.SH,2200,2200,46.169322,64.66961,40700.6336,31
20260816_125007_bb495b,2024-11-07,600897.SH,1000,1000,100.160149,110.05343,9893.281,27
20260816_125007_bb495b,2024-11-07,002200.SZ,10500,10500,10.776406,11.3256,5766.537,8
20260816_125007_bb495b,2024-11-07,000711.SZ,6300,6300,17.588162,18.05415,2935.7244,4
20260816_125007_bb495b,2024-11-07,600168.SH,7200,7200,15.84115,17.63802,12937.464,2
20260816_125007_bb495b,2024-11-08,002461.SZ,5500,5500,19.427059,20.5128,5971.5755,59
20260816_125007_bb495b,2024-11-08,600020.SH,6200,6200,17.206696,18.80053,9881.7708,55
20260816_125007_bb495b,2024-11-08,002294.SZ,200,200,376.207446,382.21998,1202.5068,40
20260816_125007_bb495b,2024-11-08,600415.SH,200,200,371.063143,541.24808,34036.9874,40
20260816_125007_bb495b,2024-11-08,600073.SH,5100,5100,20.475738,24.36616,19841.1522,39
20260816_125007_bb495b,2024-11-08,601628.SH,2200,2200,46.169322,64.472045,40265.9906,32
20260816_125007_bb495b,2024-11-08,600897.SH,1000,1000,100.160149,109.68238,9522.231,28
20260816_125007_bb495b,2024-11-08,002200.SZ,10500,10500,10.776406,11.253,5004.237,9
20260816_125007_bb495b,2024-11-08,000711.SZ,6300,6300,17.588162,18.83487,7854.2604,5
20260816_125007_bb495b,2024-11-08,600168.SH,7200,7200,15.84115,17.57196,12461.832,3
20260816_125007_bb495b,2024-11-11,002461.SZ,5500,5500,19.427059,20.202,4262.1755,60
20260816_125007_bb495b,2024-11-11,600020.SH,6200,6200,17.206696,19.2941,12941.9048,56
20260816_125007_bb495b,2024-11-11,002294.SZ,200,200,376.207446,377.85916,330.3428,41
20260816_125007_bb495b,2024-11-11,600415.SH,200,200,371.063143,541.24808,34036.9874,41
20260816_125007_bb495b,2024-11-11,600073.SH,5100,5100,20.475738,24.13187,18646.2732,40
20260816_125007_bb495b,2024-11-11,601628.SH,2200,2200,46.169322,62.417369,35745.7034,33
20260816_125007_bb495b,2024-11-11,600897.SH,1000,1000,100.160149,111.46342,11303.271,29
20260816_125007_bb495b,2024-11-11,002200.SZ,10500,10500,10.776406,11.5434,8053.437,10
20260816_125007_bb495b,2024-11-11,000711.SZ,6300,6300,17.588162,18.15174,3550.5414,6
20260816_125007_bb495b,2024-11-11,600168.SH,7200,7200,15.84115,17.96832,15315.624,4
20260816_125007_bb495b,2024-11-12,600020.SH,6200,6200,17.206696,18.80053,9881.7708,57
20260816_125007_bb495b,2024-11-12,002294.SZ,200,200,376.207446,377.7413,306.7708,42
20260816_125007_bb495b,2024-11-12,600415.SH,200,200,371.063143,521.85623,30158.6174,42
20260816_125007_bb495b,2024-11-12,600073.SH,5100,5100,20.475738,23.99799,17963.4852,41
20260816_125007_bb495b,2024-11-12,601628.SH,2200,2200,46.169322,59.954392,30327.154,34
20260816_125007_bb495b,2024-11-12,600897.SH,1000,1000,100.160149,109.97922,9819.071,30
20260816_125007_bb495b,2024-11-12,002200.SZ,10500,10500,10.776406,11.4708,7291.137,11
20260816_125007_bb495b,2024-11-12,000711.SZ,6300,6300,17.588162,17.95656,2320.9074,7
20260816_125007_bb495b,2024-11-12,600168.SH,7200,7200,15.84115,17.1756,9608.04,5
20260816_125007_bb495b,2024-11-12,002592.SZ,9200,0,12.876078,13.42584,5057.8104,1
20260816_125007_bb495b,2024-11-13,600020.SH,6200,6200,17.206696,18.8454,10159.9648,58
20260816_125007_bb495b,2024-11-13,002294.SZ,200,200,376.207446,373.6162,-518.2492,43
20260816_125007_bb495b,2024-11-13,600415.SH,200,200,371.063143,521.85623,30158.6174,43
20260816_125007_bb495b,2024-11-13,600073.SH,5100,5100,20.475738,24.23228,19158.3642,42
20260816_125007_bb495b,2024-11-13,601628.SH,2200,2200,46.169322,59.781851,29947.5638,35
20260816_125007_bb495b,2024-11-13,600897.SH,1000,1000,100.160149,110.72132,10561.171,31
20260816_125007_bb495b,2024-11-13,002200.SZ,10500,10500,10.776406,11.3256,5766.537,12
20260816_125007_bb495b,2024-11-13,000711.SZ,6300,6300,17.588162,17.07825,-3212.4456,8
20260816_125007_bb495b,2024-11-13,600168.SH,7200,7200,15.84115,16.91136,7705.512,6
20260816_125007_bb495b,2024-11-13,002592.SZ,9200,9200,12.876078,12.9886,1035.2024,2
20260816_125007_bb495b,2024-11-14,600020.SH,6200,6200,17.206696,18.48644,7934.4128,59
20260816_125007_bb495b,2024-11-14,002294.SZ,200,200,376.207446,367.48748,-1743.9932,44
20260816_125007_bb495b,2024-11-14,600415.SH,200,200,371.063143,508.92833,27573.0374,44
20260816_125007_bb495b,2024-11-14,600073.SH,5100,5100,20.475738,23.79717,16939.3032,43
20260816_125007_bb495b,2024-11-14,601628.SH,2200,2200,46.169322,60.522675,31577.3766,36
20260816_125007_bb495b,2024-11-14,600897.SH,1000,1000,100.160149,109.23712,9076.971,32
20260816_125007_bb495b,2024-11-14,002200.SZ,10500,10500,10.776406,11.5071,7672.287,13
20260816_125007_bb495b,2024-11-14,000711.SZ,6300,6300,17.588162,17.27343,-1982.8116,9
20260816_125007_bb495b,2024-11-14,600168.SH,7200,7200,15.84115,16.41591,4138.272,7
20260816_125007_bb495b,2024-11-14,002592.SZ,9200,9200,12.876078,13.45156,5294.4344,3
20260816_125007_bb495b,2024-11-15,600020.SH,6200,6200,17.206696,18.48644,7934.4128,60
20260816_125007_bb495b,2024-11-15,002294.SZ,200,200,376.207446,364.54098,-2333.2932,45
20260816_125007_bb495b,2024-11-15,600415.SH,200,200,371.063143,496.00043,24987.4574,45
20260816_125007_bb495b,2024-11-15,600073.SH,5100,5100,20.475738,23.46247,15232.3332,44
20260816_125007_bb495b,2024-11-15,601628.SH,2200,2200,46.169322,59.107172,28463.27,37
20260816_125007_bb495b,2024-11-15,600897.SH,1000,1000,100.160149,110.05343,9893.281,33
20260816_125007_bb495b,2024-11-15,002200.SZ,10500,10500,10.776406,11.1078,3479.637,14
20260816_125007_bb495b,2024-11-15,000711.SZ,6300,6300,17.588162,16.78548,-5056.8966,10
20260816_125007_bb495b,2024-11-15,600168.SH,7200,7200,15.84115,15.8544,95.4,8
20260816_125007_bb495b,2024-11-15,002592.SZ,9200,9200,12.876078,12.78284,-857.7896,4
20260816_125007_bb495b,2024-11-18,002294.SZ,200,200,376.207446,357.94082,-3653.3252,46
20260816_125007_bb495b,2024-11-18,600415.SH,200,200,371.063143,493.41485,24470.3414,46
20260816_125007_bb495b,2024-11-18,600073.SH,5100,5100,20.475738,23.36206,14720.2422,45
20260816_125007_bb495b,2024-11-18,601628.SH,2200,2200,46.169322,59.160088,28579.6852,38
20260816_125007_bb495b,2024-11-18,600897.SH,1000,1000,100.160149,110.86974,10709.591,34
20260816_125007_bb495b,2024-11-18,002200.SZ,10500,10500,10.776406,10.9263,1573.887,15
20260816_125007_bb495b,2024-11-18,000711.SZ,6300,6300,17.588162,16.98066,-3827.2626,11
20260816_125007_bb495b,2024-11-18,600168.SH,7200,7200,15.84115,15.88743,333.216,9
20260816_125007_bb495b,2024-11-18,002592.SZ,9200,9200,12.876078,12.29416,-5353.6456,5
20260816_125007_bb495b,2024-11-18,600182.SH,5900,0,19.151921,19.128006,-141.0985,1
20260816_125007_bb495b,2024-11-19,002294.SZ,200,200,376.207446,355.70148,-4101.1932,47
20260816_125007_bb495b,2024-11-19,600415.SH,200,200,371.063143,506.77368,27142.1074,47
20260816_125007_bb495b,2024-11-19,600073.SH,5100,5100,20.475738,23.59635,15915.1212,46
20260816_125007_bb495b,2024-11-19,601628.SH,2200,2200,46.169322,58.617699,27386.4294,39
20260816_125007_bb495b,2024-11-19,600897.SH,1000,1000,100.160149,112.87341,12713.261,35
20260816_125007_bb495b,2024-11-19,002200.SZ,10500,10500,10.776406,11.19855,4432.512,16
20260816_125007_bb495b,2024-11-19,000711.SZ,6300,6300,17.588162,16.88307,-4442.0796,12
20260816_125007_bb495b,2024-11-19,600168.SH,7200,7200,15.84115,16.25076,2949.192,10
20260816_125007_bb495b,2024-11-19,002592.SZ,9200,9200,12.876078,12.39704,-4407.1496,6
20260816_125007_bb495b,2024-11-19,600182.SH,5900,5900,19.151921,20.085012,5505.2369,2
20260816_125007_bb495b,2024-11-20,002294.SZ,200,200,376.207446,383.39858,1438.2268,48
20260816_125007_bb495b,2024-11-20,600415.SH,200,200,371.063143,549.00482,35588.3354,48
20260816_125007_bb495b,2024-11-20,600073.SH,5100,5100,20.475738,23.62982,16085.8182,47
20260816_125007_bb495b,2024-11-20,601628.SH,2200,2200,46.169322,58.445722,27008.08,40
20260816_125007_bb495b,2024-11-20,600897.SH,1000,1000,100.160149,114.87708,14716.931,36
20260816_125007_bb495b,2024-11-20,002200.SZ,10500,10500,10.776406,11.5071,7672.287,17
20260816_125007_bb495b,2024-11-20,000711.SZ,6300,6300,17.588162,17.07825,-3212.4456,13
20260816_125007_bb495b,2024-11-20,600168.SH,7200,7200,15.84115,16.48197,4613.904,11
20260816_125007_bb495b,2024-11-20,002592.SZ,9200,9200,12.876078,12.6028,-2514.1576,7
20260816_125007_bb495b,2024-11-20,600182.SH,5900,5900,19.151921,21.090474,11437.4627,3
20260816_125007_bb495b,2024-11-21,002294.SZ,200,200,376.207446,389.5273,2663.9708,49
20260816_125007_bb495b,2024-11-21,600415.SH,200,200,371.063143,567.10388,39208.1474,49
20260816_125007_bb495b,2024-11-21,600073.SH,5100,5100,20.475738,23.52941,15573.7272,48
20260816_125007_bb495b,2024-11-21,601628.SH,2200,2200,46.169322,58.723531,27619.2598,41
20260816_125007_bb495b,2024-11-21,600897.SH,1000,1000,100.160149,113.09604,12935.891,37
20260816_125007_bb495b,2024-11-21,002200.SZ,10500,10500,10.776406,11.6523,9196.887,18
20260816_125007_bb495b,2024-11-21,000711.SZ,6300,6300,17.588162,16.98066,-3827.2626,14
20260816_125007_bb495b,2024-11-21,600168.SH,7200,7200,15.84115,16.31682,3424.824,12
20260816_125007_bb495b,2024-11-21,002592.SZ,9200,9200,12.876078,12.80856,-621.1656,8
20260816_125007_bb495b,2024-11-21,600182.SH,5900,5900,19.151921,22.144392,17655.5789,4
20260816_125007_bb495b,2024-11-22,002294.SZ,200,200,376.207446,373.96978,-447.5332,50
20260816_125007_bb495b,2024-11-22,600415.SH,200,200,371.063143,539.52436,33692.2434,50
20260816_125007_bb495b,2024-11-22,600073.SH,5100,5100,20.475738,22.7596,11647.6962,49
20260816_125007_bb495b,2024-11-22,601628.SH,2200,2200,46.169322,55.257533,19994.0642,42
20260816_125007_bb495b,2024-11-22,600897.SH,1000,1000,100.160149,108.64344,8483.291,38
20260816_125007_bb495b,2024-11-22,002200.SZ,10500,10500,10.776406,11.2167,4623.087,19
20260816_125007_bb495b,2024-11-22,000711.SZ,6300,6300,17.588162,17.07825,-3212.4456,15
20260816_125007_bb495b,2024-11-22,600168.SH,7200,7200,15.84115,16.31682,3424.824,13
20260816_125007_bb495b,2024-11-22,002592.SZ,9200,9200,12.876078,12.78284,-857.7896,9
20260816_125007_bb495b,2024-11-22,600182.SH,5900,5900,19.151921,22.810662,21586.5719,5
20260816_125007_bb495b,2024-11-22,603337.SH,1400,0,79.501899,75.87095,-5083.3286,1
20260816_125007_bb495b,2024-11-25,002294.SZ,200,200,376.207446,375.61982,-117.5252,51
20260816_125007_bb495b,2024-11-25,600415.SH,200,200,371.063143,524.01088,30589.5474,51
20260816_125007_bb495b,2024-11-25,600073.SH,5100,5100,20.475738,23.16124,13696.0602,50
20260816_125007_bb495b,2024-11-25,601628.SH,2200,2200,46.169322,54.185984,17636.6564,43
20260816_125007_bb495b,2024-11-25,600897.SH,1000,1000,100.160149,109.38554,9225.391,39
20260816_125007_bb495b,2024-11-25,002200.SZ,10500,10500,10.776406,11.56155,8244.012,20
20260816_125007_bb495b,2024-11-25,000711.SZ,6300,6300,17.588162,17.27343,-1982.8116,16
20260816_125007_bb495b,2024-11-25,600168.SH,7200,7200,15.84115,16.25076,2949.192,14
20260816_125007_bb495b,2024-11-25,002592.SZ,9200,9200,12.876078,13.19436,2928.1944,10
20260816_125007_bb495b,2024-11-25,600182.SH,5900,5900,19.151921,21.671946,14868.1475,6
20260816_125007_bb495b,2024-11-25,603337.SH,1400,1400,79.501899,74.501525,-7000.5236,2
20260816_125007_bb495b,2024-11-26,002294.SZ,200,200,376.207446,391.76664,3111.8388,52
20260816_125007_bb495b,2024-11-26,600415.SH,200,200,371.063143,513.66856,28521.0834,52
20260816_125007_bb495b,2024-11-26,600073.SH,5100,5100,20.475738,23.36206,14720.2422,51
20260816_125007_bb495b,2024-11-26,601628.SH,2200,2200,46.169322,54.622541,18597.0818,44
20260816_125007_bb495b,2024-11-26,600897.SH,1000,1000,100.160149,110.20185,10041.701,40
20260816_125007_bb495b,2024-11-26,002200.SZ,10500,10500,10.776406,11.5434,8053.437,21
20260816_125007_bb495b,2024-11-26,000711.SZ,6300,6300,17.588162,18.15174,3550.5414,17
20260816_125007_bb495b,2024-11-26,600168.SH,7200,7200,15.84115,16.05258,1522.296,15
20260816_125007_bb495b,2024-11-26,002592.SZ,9200,9200,12.876078,12.80856,-621.1656,11
20260816_125007_bb495b,2024-11-26,600182.SH,5900,5900,19.151921,20.5938,8507.0861,7
20260816_125007_bb495b,2024-11-26,603337.SH,1400,1400,79.501899,73.636625,-8211.3836,3
20260816_125007_bb495b,2024-11-27,002294.SZ,200,200,376.207446,403.55264,5469.0388,53
20260816_125007_bb495b,2024-11-27,600415.SH,200,200,371.063143,555.03784,36794.9394,53
20260816_125007_bb495b,2024-11-27,600073.SH,5100,5100,20.475738,23.62982,16085.8182,52
20260816_125007_bb495b,2024-11-27,601628.SH,2200,2200,46.169322,55.971899,21565.6694,45
20260816_125007_bb495b,2024-11-27,600897.SH,1000,1000,100.160149,110.49869,10338.541,41
20260816_125007_bb495b,2024-11-27,002200.SZ,10500,10500,10.776406,11.56155,8244.012,22
20260816_125007_bb495b,2024-11-27,000711.SZ,6300,6300,17.588162,18.05415,2935.7244,18
20260816_125007_bb495b,2024-11-27,600168.SH,7200,7200,15.84115,16.01955,1284.48,16
20260816_125007_bb495b,2024-11-27,002592.SZ,9200,9200,12.876078,12.83428,-384.5416,12
20260816_125007_bb495b,2024-11-27,600182.SH,5900,5900,19.151921,20.460546,7720.8875,8
20260816_125007_bb495b,2024-11-27,603337.SH,1400,1400,79.501899,72.31525,-10061.3086,4
20260816_125007_bb495b,2024-11-27,605050.SH,10000,0,11.50058,11.37361,-1269.7,1
20260816_125007_bb495b,2024-11-28,002294.SZ,200,200,376.207446,406.26342,6011.1948,54
20260816_125007_bb495b,2024-11-28,600415.SH,200,200,371.063143,568.39667,39466.7054,54
20260816_125007_bb495b,2024-11-28,600073.SH,5100,5100,20.475738,23.89758,17451.3942,53
20260816_125007_bb495b,2024-11-28,601628.SH,2200,2200,46.169322,55.059098,19557.5072,46
20260816_125007_bb495b,2024-11-28,600897.SH,1000,1000,100.160149,111.315,11154.851,42
20260816_125007_bb495b,2024-11-28,002200.SZ,10500,10500,10.776406,11.59785,8625.162,23
20260816_125007_bb495b,2024-11-28,000711.SZ,6300,6300,17.588162,18.05415,2935.7244,19
20260816_125007_bb495b,2024-11-28,600168.SH,7200,7200,15.84115,16.1847,2473.56,17
20260816_125007_bb495b,2024-11-28,002592.SZ,9200,9200,12.876078,12.86,-147.9176,13
20260816_125007_bb495b,2024-11-28,600182.SH,5900,5900,19.151921,19.794276,3789.8945,9
20260816_125007_bb495b,2024-11-28,603337.SH,1400,1400,79.501899,71.4023,-11339.4386,5
20260816_125007_bb495b,2024-11-28,605050.SH,10000,10000,11.50058,11.238478,-2621.02,2
20260816_125007_bb495b,2024-11-29,002294.SZ,200,200,376.207446,410.1528,6789.0708,55
20260816_125007_bb495b,2024-11-29,600415.SH,200,200,371.063143,613.21339,48430.0494,55
20260816_125007_bb495b,2024-11-29,600073.SH,5100,5100,20.475738,24.13187,18646.2732,54
20260816_125007_bb495b,2024-11-29,601628.SH,2200,2200,46.169322,55.69409,20954.4896,47
20260816_125007_bb495b,2024-11-29,600897.SH,1000,1000,100.160149,111.90868,11748.531,43
20260816_125007_bb495b,2024-11-29,002200.SZ,10500,10500,10.776406,11.6523,9196.887,24
20260816_125007_bb495b,2024-11-29,000711.SZ,6300,6300,17.588162,17.95656,2320.9074,20
20260816_125007_bb495b,2024-11-29,600168.SH,7200,7200,15.84115,16.1847,2473.56,18
20260816_125007_bb495b,2024-11-29,002592.SZ,9200,9200,12.876078,13.503,5767.6824,14
20260816_125007_bb495b,2024-11-29,600182.SH,5900,5900,19.151921,20.666484,8935.9217,10
20260816_125007_bb495b,2024-11-29,603337.SH,1400,1400,79.501899,73.300275,-8682.2736,6
20260816_125007_bb495b,2024-11-29,605050.SH,10000,10000,11.50058,11.170912,-3296.68,3
20260816_125007_bb495b,2024-12-02,002294.SZ,200,200,376.207446,408.03132,6364.7748,56
20260816_125007_bb495b,2024-12-02,600415.SH,200,200,371.063143,610.19688,47826.7474,56
20260816_125007_bb495b,2024-12-02,600073.SH,5100,5100,20.475738,24.46657,20353.2432,55
20260816_125007_bb495b,2024-12-02,601628.SH,2200,2200,46.169322,56.236479,22147.7454,48
20260816_125007_bb495b,2024-12-02,600897.SH,1000,1000,100.160149,112.13131,11971.161,44
20260816_125007_bb495b,2024-12-02,002200.SZ,10500,10500,10.776406,11.85195,11293.212,25
20260816_125007_bb495b,2024-12-02,000711.SZ,6300,6300,17.588162,17.85897,1706.0904,21
20260816_125007_bb495b,2024-12-02,600168.SH,7200,7200,15.84115,16.48197,4613.904,19
20260816_125007_bb495b,2024-12-02,002592.SZ,9200,9200,12.876078,13.70876,7660.6744,15
20260816_125007_bb495b,2024-12-02,600182.SH,5900,5900,19.151921,20.012328,5076.4013,11
20260816_125007_bb495b,2024-12-02,603337.SH,1400,1400,79.501899,73.060025,-9018.6236,7
20260816_125007_bb495b,2024-12-02,605050.SH,10000,10000,11.50058,11.227217,-2733.63,4
20260816_125007_bb495b,2024-12-03,002294.SZ,200,200,376.207446,402.4919,5256.8908,57
20260816_125007_bb495b,2024-12-03,600415.SH,200,200,371.063143,612.35153,48257.6774,57
20260816_125007_bb495b,2024-12-03,600073.SH,5100,5100,20.475738,24.4331,20182.5462,56
20260816_125007_bb495b,2024-12-03,601628.SH,2200,2200,46.169322,57.01699,23864.8696,49
20260816_125007_bb495b,2024-12-03,600897.SH,1000,1000,100.160149,113.17025,13010.101,45
20260816_125007_bb495b,2024-12-03,002200.SZ,10500,10500,10.776406,11.7975,10721.487,26
20260816_125007_bb495b,2024-12-03,000711.SZ,6300,6300,17.588162,18.34692,4780.1754,22
20260816_125007_bb495b,2024-12-03,600168.SH,7200,7200,15.84115,16.68015,6040.8,20
20260816_125007_bb495b,2024-12-03,002592.SZ,9200,9200,12.876078,13.60588,6714.1784,16
20260816_125007_bb495b,2024-12-03,600182.SH,5900,5900,19.151921,21.01779,11008.6271,12
20260816_125007_bb495b,2024-12-03,603337.SH,1400,1400,79.501899,73.997,-7706.8586,8
20260816_125007_bb495b,2024-12-03,605050.SH,10000,10000,11.50058,11.384871,-1157.09,5
20260816_125007_bb495b,2024-12-04,002294.SZ,200,200,376.207446,397.42392,4243.2948,58
20260816_125007_bb495b,2024-12-04,600415.SH,200,200,371.063143,597.69991,45327.3534,58
20260816_125007_bb495b,2024-12-04,600073.SH,5100,5100,20.475738,24.26575,19329.0612,57
20260816_125007_bb495b,2024-12-04,601628.SH,2200,2200,46.169322,56.22325,22118.6416,50
20260816_125007_bb495b,2024-12-04,600897.SH,1000,1000,100.160149,111.315,11154.851,46
20260816_125007_bb495b,2024-12-04,002200.SZ,10500,10500,10.776406,11.616,8815.737,27
20260816_125007_bb495b,2024-12-04,000711.SZ,6300,6300,17.588162,17.95656,2320.9074,23
20260816_125007_bb495b,2024-12-04,600168.SH,7200,7200,15.84115,16.44894,4376.088,21
20260816_125007_bb495b,2024-12-04,002592.SZ,9200,9200,12.876078,13.2458,3401.4424,17
20260816_125007_bb495b,2024-12-04,600182.SH,5900,5900,19.151921,21.308526,12723.9695,13
20260816_125007_bb495b,2024-12-04,603337.SH,1400,1400,79.501899,72.195125,-10229.4836,9
20260816_125007_bb495b,2024-12-04,605050.SH,10000,10000,11.50058,11.351088,-1494.92,6
20260816_125007_bb495b,2024-12-05,002294.SZ,200,200,376.207446,394.59528,3677.5668,59
20260816_125007_bb495b,2024-12-05,600415.SH,200,200,371.063143,600.28549,45844.4694,59
20260816_125007_bb495b,2024-12-05,600073.SH,5100,5100,20.475738,23.93105,17622.0912,58
20260816_125007_bb495b,2024-12-05,601628.SH,2200,2200,46.169322,55.747006,21070.9048,51
20260816_125007_bb495b,2024-12-05,600897.SH,1000,1000,100.160149,110.20185,10041.701,47
20260816_125007_bb495b,2024-12-05,002200.SZ,10500,10500,10.776406,11.63415,9006.312,28
20260816_125007_bb495b,2024-12-05,000711.SZ,6300,6300,17.588162,18.34692,4780.1754,24
20260816_125007_bb495b,2024-12-05,600168.SH,7200,7200,15.84115,16.54803,5089.536,22
20260816_125007_bb495b,2024-12-05,002592.SZ,9200,9200,12.876078,13.52872,6004.3064,18
20260816_125007_bb495b,2024-12-05,600182.SH,5900,5900,19.151921,21.466008,13653.1133,14
20260816_125007_bb495b,2024-12-05,603337.SH,1400,1400,79.501899,72.387325,-9960.4036,10
20260816_125007_bb495b,2024-12-05,605050.SH,10000,10000,11.50058,11.779006,2784.26,7
20260816_125007_bb495b,2024-12-06,002294.SZ,200,200,376.207446,392.4738,3253.2708,60
20260816_125007_bb495b,2024-12-06,600415.SH,200,200,371.063143,611.05874,47999.1194,60
20260816_125007_bb495b,2024-12-06,600073.SH,5100,5100,20.475738,24.26575,19329.0612,59
20260816_125007_bb495b,2024-12-06,601628.SH,2200,2200,46.169322,57.890104,25785.7204,52
20260816_125007_bb495b,2024-12-06,600897.SH,1000,1000,100.160149,111.98289,11822.741,48
20260816_125007_bb495b,2024-12-06,002200.SZ,10500,10500,10.776406,11.7612,10340.337,29
20260816_125007_bb495b,2024-12-06,000711.SZ,6300,6300,17.588162,18.83487,7854.2604,25
20260816_125007_bb495b,2024-12-06,600168.SH,7200,7200,15.84115,16.94439,7943.328,23
20260816_125007_bb495b,2024-12-06,002592.SZ,9200,9200,12.876078,13.70876,7660.6744,19
20260816_125007_bb495b,2024-12-06,600182.SH,5900,5900,19.151921,21.393324,13224.2777,15
20260816_125007_bb495b,2024-12-06,603337.SH,1400,1400,79.501899,73.5165,-8379.5586,11
20260816_125007_bb495b,2024-12-06,605050.SH,10000,10000,11.50058,11.655135,1545.55,8
20260816_125007_bb495b,2024-12-09,600073.SH,5100,5100,20.475738,24.06493,18304.8792,60
20260816_125007_bb495b,2024-12-09,601628.SH,2200,2200,46.169322,58.300203,26687.9382,53
20260816_125007_bb495b,2024-12-09,600897.SH,1000,1000,100.160149,110.5729,10412.751,49
20260816_125007_bb495b,2024-12-09,002200.SZ,10500,10500,10.776406,11.6886,9578.037,30
20260816_125007_bb495b,2024-12-09,000711.SZ,6300,6300,17.588162,19.22523,10313.5284,26
20260816_125007_bb495b,2024-12-09,600168.SH,7200,7200,15.84115,16.81227,6992.064,24
20260816_125007_bb495b,2024-12-09,002592.SZ,9200,9200,12.876078,13.58016,6477.5544,20
20260816_125007_bb495b,2024-12-09,600182.SH,5900,5900,19.151921,21.526578,14010.4763,16
20260816_125007_bb495b,2024-12-09,603337.SH,1400,1400,79.501899,72.291225,-10094.9436,12
20260816_125007_bb495b,2024-12-09,605050.SH,10000,10000,11.50058,11.643874,1432.94,9
20260816_125007_bb495b,2024-12-10,601628.SH,2200,2200,46.169322,58.511867,27153.599,54
20260816_125007_bb495b,2024-12-10,600897.SH,1000,1000,100.160149,110.94395,10783.801,50
20260816_125007_bb495b,2024-12-10,002200.SZ,10500,10500,10.776406,11.48895,7481.712,31
20260816_125007_bb495b,2024-12-10,000711.SZ,6300,6300,17.588162,18.44451,5394.9924,27
20260816_125007_bb495b,2024-12-10,600168.SH,7200,7200,15.84115,16.68015,6040.8,25
20260816_125007_bb495b,2024-12-10,002592.SZ,9200,9200,12.876078,13.45156,5294.4344,21
20260816_125007_bb495b,2024-12-10,600182.SH,5900,5900,19.151921,21.247956,12366.6065,17
20260816_125007_bb495b,2024-12-10,603337.SH,1400,1400,79.501899,72.98795,-9119.5286,13
20260816_125007_bb495b,2024-12-10,605050.SH,10000,10000,11.50058,11.508742,81.62,10
20260816_125007_bb495b,2024-12-10,601229.SH,3800,0,31.076925,31.180824,394.8162,1
20260816_125007_bb495b,2024-12-11,601628.SH,2200,2200,46.169322,57.228654,24330.5304,55
20260816_125007_bb495b,2024-12-11,600897.SH,1000,1000,100.160149,111.83447,11674.321,51
20260816_125007_bb495b,2024-12-11,002200.SZ,10500,10500,10.776406,11.41635,6719.412,32
20260816_125007_bb495b,2024-12-11,000711.SZ,6300,6300,17.588162,18.73728,7239.4434,28
20260816_125007_bb495b,2024-12-11,600168.SH,7200,7200,15.84115,16.8453,7229.88,26
20260816_125007_bb495b,2024-12-11,002592.SZ,9200,9200,12.876078,13.52872,6004.3064,22
20260816_125007_bb495b,2024-12-11,600182.SH,5900,5900,19.151921,21.102588,11508.9353,18
20260816_125007_bb495b,2024-12-11,603337.SH,1400,1400,79.501899,70.96985,-11944.8686,14
20260816_125007_bb495b,2024-12-11,605050.SH,10000,10000,11.50058,11.463698,-368.82,11
20260816_125007_bb495b,2024-12-11,601229.SH,3800,3800,31.076925,30.931092,-554.1654,2
20260816_125007_bb495b,2024-12-11,603551.SH,7700,0,15.353416,15.53067,1364.8558,1
20260816_125007_bb495b,2024-12-12,601628.SH,2200,2200,46.169322,58.406035,26920.7686,56
20260816_125007_bb495b,2024-12-12,600897.SH,1000,1000,100.160149,113.46709,13306.941,52
20260816_125007_bb495b,2024-12-12,002200.SZ,10500,10500,10.776406,11.34375,5957.112,33
20260816_125007_bb495b,2024-12-12,000711.SZ,6300,6300,17.588162,18.63969,6624.6264,29
20260816_125007_bb495b,2024-12-12,600168.SH,7200,7200,15.84115,17.01045,8418.96,27
20260816_125007_bb495b,2024-12-12,002592.SZ,9200,9200,12.876078,13.83736,8843.7944,23
20260816_125007_bb495b,2024-12-12,600182.SH,5900,5900,19.151921,21.151044,11794.8257,19
20260816_125007_bb495b,2024-12-12,603337.SH,1400,1400,79.501899,69.648475,-13794.7936,15
20260816_125007_bb495b,2024-12-12,605050.SH,10000,10000,11.50058,11.643874,1432.94,12
20260816_125007_bb495b,2024-12-12,601229.SH,3800,3800,31.076925,30.824064,-960.8718,3
20260816_125007_bb495b,2024-12-12,603551.SH,7700,7700,15.353416,15.58305,1768.1818,2
20260816_125007_bb495b,2024-12-13,601628.SH,2200,2200,46.169322,55.760235,21100.0086,57
20260816_125007_bb495b,2024-12-13,600897.SH,1000,1000,100.160149,111.83447,11674.321,53
20260816_125007_bb495b,2024-12-13,002200.SZ,10500,10500,10.776406,11.2893,5385.387,34
20260816_125007_bb495b,2024-12-13,000711.SZ,6300,6300,17.588162,17.76138,1091.2734,30
20260816_125007_bb495b,2024-12-13,600168.SH,7200,7200,15.84115,16.54803,5089.536,28
20260816_125007_bb495b,2024-12-13,002592.SZ,9200,9200,12.876078,13.40012,4821.1864,24
20260816_125007_bb495b,2024-12-13,600182.SH,5900,5900,19.151921,21.005676,10937.1545,20
20260816_125007_bb495b,2024-12-13,605050.SH,10000,10000,11.50058,11.508742,81.62,13
20260816_125007_bb495b,2024-12-13,601229.SH,3800,3800,31.076925,30.003516,-4078.9542,4
20260816_125007_bb495b,2024-12-13,603551.SH,7700,7700,15.353416,15.255675,-752.6057,3
20260816_125007_bb495b,2024-12-13,001331.SZ,5600,0,21.396864,21.387297,-53.5752,1
20260816_125007_bb495b,2024-12-16,601628.SH,2200,2200,46.169322,54.701915,18771.7046,58
20260816_125007_bb495b,2024-12-16,600897.SH,1000,1000,100.160149,115.61918,15459.031,54
20260816_125007_bb495b,2024-12-16,002200.SZ,10500,10500,10.776406,11.30745,5575.962,35
20260816_125007_bb495b,2024-12-16,000711.SZ,6300,6300,17.588162,17.95656,2320.9074,31
20260816_125007_bb495b,2024-12-16,600168.SH,7200,7200,15.84115,16.58106,5327.352,29
20260816_125007_bb495b,2024-12-16,002592.SZ,9200,9200,12.876078,13.86308,9080.4184,25
20260816_125007_bb495b,2024-12-16,600182.SH,5900,5900,19.151921,20.460546,7720.8875,21
20260816_125007_bb495b,2024-12-16,605050.SH,10000,10000,11.50058,11.351088,-1494.92,14
20260816_125007_bb495b,2024-12-16,601229.SH,3800,3800,31.076925,30.752712,-1232.0094,5
20260816_125007_bb495b,2024-12-16,603551.SH,7700,7700,15.353416,15.098535,-1962.5837,4
20260816_125007_bb495b,2024-12-16,001331.SZ,5600,5600,21.396864,21.678864,1579.2,2
20260816_125007_bb495b,2024-12-17,601628.SH,2200,2200,46.169322,54.966495,19353.7806,59
20260816_125007_bb495b,2024-12-17,600897.SH,1000,1000,100.160149,113.61551,13455.361,55
20260816_125007_bb495b,2024-12-17,002200.SZ,10500,10500,10.776406,10.9626,1955.037,36
20260816_125007_bb495b,2024-12-17,000711.SZ,6300,6300,17.588162,18.5421,6009.8094,32
20260816_125007_bb495b,2024-12-17,600168.SH,7200,7200,15.84115,15.92046,571.032,30
20260816_125007_bb495b,2024-12-17,002592.SZ,9200,9200,12.876078,13.16864,2691.5704,26
20260816_125007_bb495b,2024-12-17,600182.SH,5900,5900,19.151921,19.92753,4576.0931,22
20260816_125007_bb495b,2024-12-17,605050.SH,10000,10000,11.50058,10.889387,-6111.93,15
20260816_125007_bb495b,2024-12-17,601229.SH,3800,3800,31.076925,30.68136,-1503.147,6
20260816_125007_bb495b,2024-12-17,603551.SH,7700,7700,15.353416,14.522355,-6399.1697,5
20260816_125007_bb495b,2024-12-17,001331.SZ,5600,5600,21.396864,20.461143,-5240.0376,3
20260816_125007_bb495b,2024-12-17,000429.SZ,1800,0,60.625188,60.549486,-136.2636,1
20260816_125007_bb495b,2024-12-18,601628.SH,2200,2200,46.169322,55.085556,19615.7148,60
20260816_125007_bb495b,2024-12-18,600897.SH,1000,1000,100.160149,112.27973,12119.581,56
20260816_125007_bb495b,2024-12-18,002200.SZ,10500,10500,10.776406,10.9626,1955.037,37
20260816_125007_bb495b,2024-12-18,000711.SZ,6300,6300,17.588162,18.34692,4780.1754,33
20260816_125007_bb495b,2024-12-18,600168.SH,7200,7200,15.84115,15.88743,333.216,31
20260816_125007_bb495b,2024-12-18,002592.SZ,9200,9200,12.876078,13.14292,2454.9464,27
20260816_125007_bb495b,2024-12-18,600182.SH,5900,5900,19.151921,20.436318,7577.9423,23
20260816_125007_bb495b,2024-12-18,605050.SH,10000,10000,11.50058,11.013258,-4873.22,16
20260816_125007_bb495b,2024-12-18,601229.SH,3800,3800,31.076925,31.57326,1886.073,7
20260816_125007_bb495b,2024-12-18,603551.SH,7700,7700,15.353416,14.74497,-4685.0342,6
20260816_125007_bb495b,2024-12-18,001331.SZ,5600,5600,21.396864,20.100972,-7256.9952,4
20260816_125007_bb495b,2024-12-18,000429.SZ,1800,1800,60.625188,60.83133,371.0556,2
20260816_125007_bb495b,2024-12-19,600897.SH,1000,1000,100.160149,111.68605,11525.901,57
20260816_125007_bb495b,2024-12-19,002200.SZ,10500,10500,10.776406,10.9626,1955.037,38
20260816_125007_bb495b,2024-12-19,000711.SZ,6300,6300,17.588162,18.44451,5394.9924,34
20260816_125007_bb495b,2024-12-19,600168.SH,7200,7200,15.84115,15.75531,-618.048,32
20260816_125007_bb495b,2024-12-19,002592.SZ,9200,9200,12.876078,13.04004,1508.4504,28
20260816_125007_bb495b,2024-12-19,600182.SH,5900,5900,19.151921,20.315178,6863.2163,24
20260816_125007_bb495b,2024-12-19,605050.SH,10000,10000,11.50058,11.193434,-3071.46,17
20260816_125007_bb495b,2024-12-19,601229.SH,3800,3800,31.076925,31.252176,665.9538,8
20260816_125007_bb495b,2024-12-19,603551.SH,7700,7700,15.353416,14.758065,-4584.2027,7
20260816_125007_bb495b,2024-12-19,001331.SZ,5600,5600,21.396864,19.843707,-8697.6792,5
20260816_125007_bb495b,2024-12-19,000429.SZ,1800,1800,60.625188,61.723836,1977.5664,3
20260816_125007_bb495b,2024-12-20,600897.SH,1000,1000,100.160149,111.315,11154.851,58
20260816_125007_bb495b,2024-12-20,002200.SZ,10500,10500,10.776406,10.9989,2336.187,39
20260816_125007_bb495b,2024-12-20,000711.SZ,6300,6300,17.588162,18.24933,4165.3584,35
20260816_125007_bb495b,2024-12-20,600168.SH,7200,7200,15.84115,15.62319,-1569.312,33
20260816_125007_bb495b,2024-12-20,002592.SZ,9200,9200,12.876078,13.1172,2218.3224,29
20260816_125007_bb495b,2024-12-20,600182.SH,5900,5900,19.151921,20.545344,8221.1957,25
20260816_125007_bb495b,2024-12-20,605050.SH,10000,10000,11.50058,11.215956,-2846.24,18
20260816_125007_bb495b,2024-12-20,601229.SH,3800,3800,31.076925,30.895416,-689.7342,9
20260816_125007_bb495b,2024-12-20,603551.SH,7700,7700,15.353416,14.784255,-4382.5397,8
20260816_125007_bb495b,2024-12-20,001331.SZ,5600,5600,21.396864,20.015217,-7737.2232,6
20260816_125007_bb495b,2024-12-20,000429.SZ,1800,1800,60.625188,62.193576,2823.0984,4
20260816_125007_bb495b,2024-12-23,600897.SH,1000,1000,100.160149,110.27606,10115.911,59
20260816_125007_bb495b,2024-12-23,002200.SZ,10500,10500,10.776406,10.7085,-713.013,40
20260816_125007_bb495b,2024-12-23,000711.SZ,6300,6300,17.588162,17.37102,-1367.9946,36
20260816_125007_bb495b,2024-12-23,600168.SH,7200,7200,15.84115,15.02865,-5850.0,34
20260816_125007_bb495b,2024-12-23,002592.SZ,9200,9200,12.876078,12.4742,-3697.2776,30
20260816_125007_bb495b,2024-12-23,600182.SH,5900,5900,19.151921,19.891188,4361.6753,26
20260816_125007_bb495b,2024-12-23,605050.SH,10000,10000,11.50058,10.934431,-5661.49,19
20260816_125007_bb495b,2024-12-23,601229.SH,3800,3800,31.076925,31.430556,1343.7978,10
20260816_125007_bb495b,2024-12-23,603551.SH,7700,7700,15.353416,14.29974,-8113.3052,9
20260816_125007_bb495b,2024-12-23,001331.SZ,5600,5600,21.396864,18.8661,-14172.2784,7
20260816_125007_bb495b,2024-12-23,000429.SZ,1800,1800,60.625188,62.569368,3499.524,5
20260816_125007_bb495b,2024-12-24,600897.SH,1000,1000,100.160149,111.38921,11229.061,60
20260816_125007_bb495b,2024-12-24,002200.SZ,10500,10500,10.776406,10.76295,-141.288,41
20260816_125007_bb495b,2024-12-24,000711.SZ,6300,6300,17.588162,16.68789,-5671.7136,37
20260816_125007_bb495b,2024-12-24,600168.SH,7200,7200,15.84115,15.25986,-4185.288,35
20260816_125007_bb495b,2024-12-24,002592.SZ,9200,9200,12.876078,12.3456,-4880.3976,31
20260816_125007_bb495b,2024-12-24,600182.SH,5900,5900,19.151921,20.884536,10222.4285,27
20260816_125007_bb495b,2024-12-24,605050.SH,10000,10000,11.50058,11.576308,757.28,20
20260816_125007_bb495b,2024-12-24,601229.SH,3800,3800,31.076925,31.787316,2699.4858,11
20260816_125007_bb495b,2024-12-24,603551.SH,7700,7700,15.353416,14.522355,-6399.1697,10
20260816_125007_bb495b,2024-12-24,001331.SZ,5600,5600,21.396864,18.986157,-13499.9592,8
20260816_125007_bb495b,2024-12-24,000429.SZ,1800,1800,60.625188,63.508848,5190.588,6
20260816_125007_bb495b,2024-12-24,002879.SZ,4700,0,23.683974,26.8032,14660.3622,1
20260816_125007_bb495b,2024-12-25,002200.SZ,10500,10500,10.776406,10.8174,430.437,42
20260816_125007_bb495b,2024-12-25,000711.SZ,6300,6300,17.588162,16.39512,-7516.1646,38
20260816_125007_bb495b,2024-12-25,600168.SH,7200,7200,15.84115,15.06168,-5612.184,36
20260816_125007_bb495b,2024-12-25,002592.SZ,9200,9200,12.876078,11.98552,-8193.1336,32
20260816_125007_bb495b,2024-12-25,600182.SH,5900,5900,19.151921,21.92634,16369.0721,28
20260816_125007_bb495b,2024-12-25,605050.SH,10000,10000,11.50058,11.474959,-256.21,21
20260816_125007_bb495b,2024-12-25,601229.SH,3800,3800,31.076925,32.037048,3648.4674,12
20260816_125007_bb495b,2024-12-25,603551.SH,7700,7700,15.353416,14.27355,-8314.9682,11
20260816_125007_bb495b,2024-12-25,001331.SZ,5600,5600,21.396864,18.420174,-16669.464,9
20260816_125007_bb495b,2024-12-25,000429.SZ,1800,1800,60.625188,64.025562,6120.6732,7
20260816_125007_bb495b,2024-12-25,002879.SZ,4700,4700,23.683974,24.16128,2243.3382,2
20260816_125007_bb495b,2024-12-26,002200.SZ,10500,10500,10.776406,10.9626,1955.037,43
20260816_125007_bb495b,2024-12-26,000711.SZ,6300,6300,17.588162,15.6144,-12434.7006,39
20260816_125007_bb495b,2024-12-26,600168.SH,7200,7200,15.84115,14.8635,-7039.08,37
20260816_125007_bb495b,2024-12-26,002592.SZ,9200,9200,12.876078,12.29416,-5353.6456,33
20260816_125007_bb495b,2024-12-26,600182.SH,5900,5900,19.151921,21.902112,16226.1269,29
20260816_125007_bb495b,2024-12-26,605050.SH,10000,10000,11.50058,11.59883,982.5,22
20260816_125007_bb495b,2024-12-26,601229.SH,3800,3800,31.076925,32.358132,4868.5866,13
20260816_125007_bb495b,2024-12-26,603551.SH,7700,7700,15.353416,14.35212,-7709.9792,12
20260816_125007_bb495b,2024-12-26,000429.SZ,1800,1800,60.625188,63.555822,5275.1412,8
20260816_125007_bb495b,2024-12-26,002879.SZ,4700,4700,23.683974,24.4224,3470.6022,3
20260816_125007_bb495b,2024-12-26,601988.SH,8500,0,13.385628,13.34465,-348.313,1
20260816_125007_bb495b,2024-12-27,002200.SZ,10500,10500,10.776406,11.0352,2717.337,44
20260816_125007_bb495b,2024-12-27,000711.SZ,6300,6300,17.588162,14.83368,-17353.2366,40
20260816_125007_bb495b,2024-12-27,600168.SH,7200,7200,15.84115,15.16077,-4898.736,38
20260816_125007_bb495b,2024-12-27,002592.SZ,9200,9200,12.876078,12.52564,-3224.0296,34
20260816_125007_bb495b,2024-12-27,600182.SH,5900,5900,19.151921,21.453894,13581.6407,30
20260816_125007_bb495b,2024-12-27,605050.SH,10000,10000,11.50058,11.407393,-931.87,23
20260816_125007_bb495b,2024-12-27,601229.SH,3800,3800,31.076925,32.322456,4733.0178,14
20260816_125007_bb495b,2024-12-27,603551.SH,7700,7700,15.353416,14.48307,-6701.6642,13
20260816_125007_bb495b,2024-12-27,000429.SZ,1800,1800,60.625188,65.7636,9249.1416,9
20260816_125007_bb495b,2024-12-27,002879.SZ,4700,4700,23.683974,25.0368,6358.2822,4
20260816_125007_bb495b,2024-12-27,601988.SH,8500,8500,13.385628,13.296124,-760.784,2
20260816_125007_bb495b,2024-12-27,600919.SH,7300,0,15.063059,14.98253,-587.8617,1
20260816_125007_bb495b,2024-12-30,002200.SZ,10500,10500,10.776406,10.90815,1383.312,45
20260816_125007_bb495b,2024-12-30,600168.SH,7200,7200,15.84115,14.79744,-7514.712,39
20260816_125007_bb495b,2024-12-30,002592.SZ,9200,9200,12.876078,12.6028,-2514.1576,35
20260816_125007_bb495b,2024-12-30,600182.SH,5900,5900,19.151921,21.974796,16654.9625,31
20260816_125007_bb495b,2024-12-30,605050.SH,10000,10000,11.50058,11.125868,-3747.12,24
20260816_125007_bb495b,2024-12-30,601229.SH,3800,3800,31.076925,32.928948,7037.6874,15
20260816_125007_bb495b,2024-12-30,603551.SH,7700,7700,15.353416,14.391405,-7407.4847,14
20260816_125007_bb495b,2024-12-30,000429.SZ,1800,1800,60.625188,65.669652,9080.0352,10
20260816_125007_bb495b,2024-12-30,002879.SZ,4700,4700,23.683974,24.13056,2098.9542,5
20260816_125007_bb495b,2024-12-30,601988.SH,8500,8500,13.385628,13.417439,270.3935,3
20260816_125007_bb495b,2024-12-30,600919.SH,7300,7300,15.063059,15.2757,1552.2793,2
20260816_125007_bb495b,2024-12-31,002200.SZ,10500,10500,10.776406,10.9626,1955.037,46
20260816_125007_bb495b,2024-12-31,600168.SH,7200,7200,15.84115,14.63229,-8703.792,40
20260816_125007_bb495b,2024-12-31,002592.SZ,9200,9200,12.876078,12.37132,-4643.7736,36
20260816_125007_bb495b,2024-12-31,600182.SH,5900,5900,19.151921,20.872422,10150.9559,32
20260816_125007_bb495b,2024-12-31,605050.SH,10000,10000,11.50058,10.92317,-5774.1,25
20260816_125007_bb495b,2024-12-31,601229.SH,3800,3800,31.076925,32.64354,5953.137,16
20260816_125007_bb495b,2024-12-31,603551.SH,7700,7700,15.353416,13.98546,-10533.2612,15
20260816_125007_bb495b,2024-12-31,000429.SZ,1800,1800,60.625188,69.05178,15167.8656,11
20260816_125007_bb495b,2024-12-31,002879.SZ,4700,4700,23.683974,23.10144,-2737.9098,6
20260816_125007_bb495b,2024-12-31,601988.SH,8500,8500,13.385628,13.368913,-142.0775,4
20260816_125007_bb495b,2024-12-31,600919.SH,7300,7300,15.063059,15.15226,651.1673,3
20260816_125007_bb495b,2025-01-02,002200.SZ,10500,10500,10.776406,10.79925,239.862,47
20260816_125007_bb495b,2025-01-02,600168.SH,7200,7200,15.84115,14.43411,-10130.688,41
20260816_125007_bb495b,2025-01-02,002592.SZ,9200,9200,12.876078,12.217,-6063.5176,37
20260816_125007_bb495b,2025-01-02,600182.SH,5900,5900,19.151921,19.830618,4004.3123,33
20260816_125007_bb495b,2025-01-02,605050.SH,10000,10000,11.50058,10.956953,-5436.27,26
20260816_125007_bb495b,2025-01-02,601229.SH,3800,3800,31.076925,32.072724,3784.0362,17
20260816_125007_bb495b,2025-01-02,603551.SH,7700,7700,15.353416,14.103315,-9625.7777,16
20260816_125007_bb495b,2025-01-02,000429.SZ,1800,1800,60.625188,64.35438,6712.5456,12
20260816_125007_bb495b,2025-01-02,002879.SZ,4700,4700,23.683974,22.41024,-5986.5498,7
20260816_125007_bb495b,2025-01-02,601988.SH,8500,8500,13.385628,13.029231,-3029.3745,5
20260816_125007_bb495b,2025-01-02,600919.SH,7300,7300,15.063059,14.99796,-475.2227,4
20260816_125007_bb495b,2025-01-02,600299.SH,2300,0,39.647803,38.235024,-3249.3917,1
20260816_125007_bb495b,2025-01-03,002200.SZ,10500,10500,10.776406,10.25475,-5477.388,48
20260816_125007_bb495b,2025-01-03,600168.SH,7200,7200,15.84115,13.97169,-13460.112,42
20260816_125007_bb495b,2025-01-03,002592.SZ,9200,9200,12.876078,11.98552,-8193.1336,38
20260816_125007_bb495b,2025-01-03,600182.SH,5900,5900,19.151921,19.152234,1.8467,34
20260816_125007_bb495b,2025-01-03,605050.SH,10000,10000,11.50058,10.866865,-6337.15,27
20260816_125007_bb495b,2025-01-03,601229.SH,3800,3800,31.076925,31.39488,1208.229,18
20260816_125007_bb495b,2025-01-03,603551.SH,7700,7700,15.353416,13.98546,-10533.2612,17
20260816_125007_bb495b,2025-01-03,000429.SZ,1800,1800,60.625188,64.35438,6712.5456,13
20260816_125007_bb495b,2025-01-03,002879.SZ,4700,4700,23.683974,21.5808,-9884.9178,8
20260816_125007_bb495b,2025-01-03,601988.SH,8500,8500,13.385628,12.980705,-3441.8455,6
20260816_125007_bb495b,2025-01-03,600919.SH,7300,7300,15.063059,14.8128,-1826.8907,5
20260816_125007_bb495b,2025-01-03,600299.SH,2300,2300,39.647803,37.41072,-5145.2909,2
20260816_125007_bb495b,2025-01-06,002200.SZ,10500,10500,10.776406,10.07325,-7383.138,49
20260816_125007_bb495b,2025-01-06,600168.SH,7200,7200,15.84115,13.97169,-13460.112,43
20260816_125007_bb495b,2025-01-06,002592.SZ,9200,9200,12.876078,11.39396,-13635.4856,39
20260816_125007_bb495b,2025-01-06,600182.SH,5900,5900,19.151921,18.95841,-1141.7149,35
20260816_125007_bb495b,2025-01-06,605050.SH,10000,10000,11.50058,11.047041,-4535.39,28
20260816_125007_bb495b,2025-01-06,601229.SH,3800,3800,31.076925,31.287852,801.5226,19
20260816_125007_bb495b,2025-01-06,603551.SH,7700,7700,15.353416,14.024745,-10230.7667,18
20260816_125007_bb495b,2025-01-06,000429.SZ,1800,1800,60.625188,64.58925,7135.3116,14
20260816_125007_bb495b,2025-01-06,002879.SZ,4700,4700,23.683974,21.64224,-9596.1498,9
20260816_125007_bb495b,2025-01-06,601988.SH,8500,8500,13.385628,13.077757,-2616.9035,7
20260816_125007_bb495b,2025-01-06,600919.SH,7300,7300,15.063059,14.87452,-1376.3347,6
20260816_125007_bb495b,2025-01-06,600299.SH,2300,2300,39.647803,36.61812,-6968.2709,3
20260816_125007_bb495b,2025-01-07,002200.SZ,10500,10500,10.776406,10.3455,-4524.513,50
20260816_125007_bb495b,2025-01-07,600168.SH,7200,7200,15.84115,14.07078,-12746.664,44
20260816_125007_bb495b,2025-01-07,002592.SZ,9200,9200,12.876078,11.4454,-13162.2376,40
20260816_125007_bb495b,2025-01-07,600182.SH,5900,5900,19.151921,19.26126,645.1001,36
20260816_125007_bb495b,2025-01-07,605050.SH,10000,10000,11.50058,11.092085,-4084.95,29
20260816_125007_bb495b,2025-01-07,601229.SH,3800,3800,31.076925,31.2165,530.385,20
20260816_125007_bb495b,2025-01-07,603551.SH,7700,7700,15.353416,14.129505,-9424.1147,19
20260816_125007_bb495b,2025-01-07,000429.SZ,1800,1800,60.625188,63.743718,5613.354,15
20260816_125007_bb495b,2025-01-07,002879.SZ,4700,4700,23.683974,23.07072,-2882.2938,10
20260816_125007_bb495b,2025-01-07,601988.SH,8500,8500,13.385628,13.247598,-1173.255,8
20260816_125007_bb495b,2025-01-07,600919.SH,7300,7300,15.063059,15.01339,-362.5837,7
20260816_125007_bb495b,2025-01-07,600299.SH,2300,2300,39.647803,36.744936,-6676.5941,4
20260816_125007_bb495b,2025-01-08,002200.SZ,10500,10500,10.776406,10.29105,-5096.238,51
20260816_125007_bb495b,2025-01-08,600168.SH,7200,7200,15.84115,14.07078,-12746.664,45
20260816_125007_bb495b,2025-01-08,002592.SZ,9200,9200,12.876078,11.21392,-15291.8536,41
20260816_125007_bb495b,2025-01-08,600182.SH,5900,5900,19.151921,19.285488,788.0453,37
20260816_125007_bb495b,2025-01-08,605050.SH,10000,10000,11.50058,10.911909,-5886.71,30
20260816_125007_bb495b,2025-01-08,601229.SH,3800,3800,31.076925,31.680288,2292.7794,21
20260816_125007_bb495b,2025-01-08,603551.SH,7700,7700,15.353416,13.998555,-10432.4297,20
20260816_125007_bb495b,2025-01-08,000429.SZ,1800,1800,60.625188,64.072536,6205.2264,16
20260816_125007_bb495b,2025-01-08,002879.SZ,4700,4700,23.683974,22.8096,-4109.5578,11
20260816_125007_bb495b,2025-01-08,601988.SH,8500,8500,13.385628,13.393176,64.158,9
20260816_125007_bb495b,2025-01-08,600919.SH,7300,7300,15.063059,15.16769,763.8063,8
20260816_125007_bb495b,2025-01-08,600299.SH,2300,2300,39.647803,35.98404,-8426.6549,5
20260816_125007_bb495b,2025-01-09,002200.SZ,10500,10500,10.776406,10.14585,-6620.838,52
20260816_125007_bb495b,2025-01-09,600168.SH,7200,7200,15.84115,13.97169,-13460.112,46
20260816_125007_bb495b,2025-01-09,600182.SH,5900,5900,19.151921,19.091664,-355.5163,38
20260816_125007_bb495b,2025-01-09,605050.SH,10000,10000,11.50058,10.945692,-5548.88,31
20260816_125007_bb495b,2025-01-09,601229.SH,3800,3800,31.076925,31.39488,1208.229,22
20260816_125007_bb495b,2025-01-09,603551.SH,7700,7700,15.353416,13.762845,-12247.3967,21
20260816_125007_bb495b,2025-01-09,000429.SZ,1800,1800,60.625188,63.696744,5528.8008,17
20260816_125007_bb495b,2025-01-09,002879.SZ,4700,4700,23.683974,25.09824,6647.0502,12
20260816_125007_bb495b,2025-01-09,601988.SH,8500,8500,13.385628,13.247598,-1173.255,10
20260816_125007_bb495b,2025-01-09,600919.SH,7300,7300,15.063059,15.21398,1101.7233,9
20260816_125007_bb495b,2025-01-09,600299.SH,2300,2300,39.647803,36.237672,-7843.3013,6
20260816_125007_bb495b,2025-01-10,002200.SZ,10500,10500,10.776406,9.6558,-11766.363,53
20260816_125007_bb495b,2025-01-10,600168.SH,7200,7200,15.84115,13.64139,-15838.272,47
20260816_125007_bb495b,2025-01-10,600182.SH,5900,5900,19.151921,18.667674,-2857.0573,39
20260816_125007_bb495b,2025-01-10,605050.SH,10000,10000,11.50058,10.551557,-9490.23,32
20260816_125007_bb495b,2025-01-10,601229.SH,3800,3800,31.076925,31.39488,1208.229,23
20260816_125007_bb495b,2025-01-10,603551.SH,7700,7700,15.353416,13.239045,-16280.6567,22
20260816_125007_bb495b,2025-01-10,000429.SZ,1800,1800,60.625188,63.790692,5697.9072,18
20260816_125007_bb495b,2025-01-10,002879.SZ,4700,4700,23.683974,24.06912,1810.1862,13
20260816_125007_bb495b,2025-01-10,601988.SH,8500,8500,13.385628,13.223335,-1379.4905,11
20260816_125007_bb495b,2025-01-10,600919.SH,7300,7300,15.063059,15.182243,870.0432,10
20260816_125007_bb495b,2025-01-10,600299.SH,2300,2300,39.647803,36.93516,-6239.0789,7
20260816_125007_bb495b,2025-01-13,002200.SZ,10500,10500,10.776406,9.2565,-15959.013,54
20260816_125007_bb495b,2025-01-13,600182.SH,5900,5900,19.151921,18.59499,-3285.8929,40
20260816_125007_bb495b,2025-01-13,605050.SH,10000,10000,11.50058,10.495252,-10053.28,33
20260816_125007_bb495b,2025-01-13,601229.SH,3800,3800,31.076925,31.145148,259.2474,24
20260816_125007_bb495b,2025-01-13,000429.SZ,1800,1800,60.625188,62.099628,2653.992,19
20260816_125007_bb495b,2025-01-13,002879.SZ,4700,4700,23.683974,23.51616,-788.7258,14
20260816_125007_bb495b,2025-01-13,601988.SH,8500,8500,13.385628,12.980705,-3441.8455,12
20260816_125007_bb495b,2025-01-13,600919.SH,7300,7300,15.063059,15.102588,288.5617,11
20260816_125007_bb495b,2025-01-13,600299.SH,2300,2300,39.647803,36.871752,-6384.9173,8
20260816_125007_bb495b,2025-01-14,600182.SH,5900,5900,19.151921,19.20069,287.7371,41
20260816_125007_bb495b,2025-01-14,605050.SH,10000,10000,11.50058,10.979475,-5211.05,34
20260816_125007_bb495b,2025-01-14,601229.SH,3800,3800,31.076925,31.608936,2021.6418,25
20260816_125007_bb495b,2025-01-14,000429.SZ,1800,1800,60.625188,63.18003,4598.7156,20
20260816_125007_bb495b,2025-01-14,002879.SZ,4700,4700,23.683974,24.79104,5203.2102,15
20260816_125007_bb495b,2025-01-14,601988.SH,8500,8500,13.385628,13.174809,-1791.9615,13
20260816_125007_bb495b,2025-01-14,600919.SH,7300,7300,15.063059,15.007002,-409.2161,12
20260816_125007_bb495b,2025-01-14,600299.SH,2300,2300,39.647803,38.266728,-3176.4725,9
20260816_125007_bb495b,2025-01-15,600182.SH,5900,5900,19.151921,19.273374,716.5727,42
20260816_125007_bb495b,2025-01-15,605050.SH,10000,10000,11.50058,10.878126,-6224.54,35
20260816_125007_bb495b,2025-01-15,601229.SH,3800,3800,31.076925,31.715964,2428.3482,26
20260816_125007_bb495b,2025-01-15,000429.SZ,1800,1800,60.625188,62.71029,3753.1836,21
20260816_125007_bb495b,2025-01-15,002879.SZ,4700,4700,23.683974,24.14592,2171.1462,16
20260816_125007_bb495b,2025-01-15,601988.SH,8500,8500,13.385628,13.223335,-1379.4905,14
20260816_125007_bb495b,2025-01-15,600919.SH,7300,7300,15.063059,15.29376,1684.1173,13
20260816_125007_bb495b,2025-01-15,600299.SH,2300,2300,39.647803,36.966864,-6166.1597,10
20260816_125007_bb495b,2025-01-15,000582.SZ,2300,0,46.394833,45.955302,-1010.9213,1
20260816_125007_bb495b,2025-01-16,600182.SH,5900,5900,19.151921,19.418742,1574.2439,43
20260816_125007_bb495b,2025-01-16,605050.SH,10000,10000,11.50058,11.058302,-4422.78,36
20260816_125007_bb495b,2025-01-16,601229.SH,3800,3800,31.076925,32.144076,4055.1738,27
20260816_125007_bb495b,2025-01-16,000429.SZ,1800,1800,60.625188,62.616342,3584.0772,22
20260816_125007_bb495b,2025-01-16,002879.SZ,4700,4700,23.683974,23.83872,727.3062,17
20260816_125007_bb495b,2025-01-16,601988.SH,8500,8500,13.385628,13.296124,-760.784,15
20260816_125007_bb495b,2025-01-16,600919.SH,7300,7300,15.063059,15.660173,4358.9322,14
20260816_125007_bb495b,2025-01-16,600299.SH,2300,2300,39.647803,36.77664,-6603.6749,11
20260816_125007_bb495b,2025-01-16,000582.SZ,2300,2300,46.394833,46.60947,493.6651,2
20260816_125007_bb495b,2025-01-17,600182.SH,5900,5900,19.151921,19.673136,3075.1685,44
20260816_125007_bb495b,2025-01-17,605050.SH,10000,10000,11.50058,11.204695,-2958.85,37
20260816_125007_bb495b,2025-01-17,601229.SH,3800,3800,31.076925,32.46516,5275.293,28
20260816_125007_bb495b,2025-01-17,000429.SZ,1800,1800,60.625188,61.676862,1893.0132,23
20260816_125007_bb495b,2025-01-17,002879.SZ,4700,4700,23.683974,23.7312,221.9622,18
20260816_125007_bb495b,2025-01-17,601988.SH,8500,8500,13.385628,13.223335,-1379.4905,16
20260816_125007_bb495b,2025-01-17,600919.SH,7300,7300,15.063059,15.548656,3544.8581,15
20260816_125007_bb495b,2025-01-17,600299.SH,2300,2300,39.647803,37.41072,-5145.2909,12
20260816_125007_bb495b,2025-01-17,000582.SZ,2300,2300,46.394833,46.773012,869.8117,3
20260816_125007_bb495b,2025-01-20,600182.SH,5900,5900,19.151921,19.770048,3646.9493,45
20260816_125007_bb495b,2025-01-20,605050.SH,10000,10000,11.50058,11.294783,-2057.97,38
20260816_125007_bb495b,2025-01-20,601229.SH,3800,3800,31.076925,32.28678,4597.449,29
20260816_125007_bb495b,2025-01-20,000429.SZ,1800,1800,60.625188,62.00568,2484.8856,24
20260816_125007_bb495b,2025-01-20,002879.SZ,4700,4700,23.683974,24.63744,4481.2902,19
20260816_125007_bb495b,2025-01-20,601988.SH,8500,8500,13.385628,13.126283,-2204.4325,17
20260816_125007_bb495b,2025-01-20,600919.SH,7300,7300,15.063059,15.405277,2498.1914,16
20260816_125007_bb495b,2025-01-20,600299.SH,2300,2300,39.647803,37.030272,-6020.3213,13
20260816_125007_bb495b,2025-01-20,000582.SZ,2300,2300,46.394833,46.227872,-384.0103,4
20260816_125007_bb495b,2025-01-21,600182.SH,5900,5900,19.151921,19.9881,4933.4561,46
20260816_125007_bb495b,2025-01-21,605050.SH,10000,10000,11.50058,11.204695,-2958.85,39
20260816_125007_bb495b,2025-01-21,601229.SH,3800,3800,31.076925,32.1084,3919.605,30
20260816_125007_bb495b,2025-01-21,000429.SZ,1800,1800,60.625188,60.925278,540.162,25
20260816_125007_bb495b,2025-01-21,002879.SZ,4700,4700,23.683974,24.63744,4481.2902,20
20260816_125007_bb495b,2025-01-21,601988.SH,8500,8500,13.385628,13.126283,-2204.4325,18
20260816_125007_bb495b,2025-01-21,600919.SH,7300,7300,15.063059,15.277829,1567.821,17
20260816_125007_bb495b,2025-01-21,600299.SH,2300,2300,39.647803,37.09368,-5874.4829,14
20260816_125007_bb495b,2025-01-21,000582.SZ,2300,2300,46.394833,45.900788,-1136.3035,5
20260816_125007_bb495b,2025-01-21,301263.SZ,3500,0,30.644365,30.26392,-1331.5575,1
20260816_125007_bb495b,2025-01-21,002938.SZ,2400,0,43.572708,44.55339,2353.6368,1
20260816_125007_bb495b,2025-01-22,600182.SH,5900,5900,19.151921,19.80639,3861.3671,47
20260816_125007_bb495b,2025-01-22,605050.SH,10000,10000,11.50058,11.114607,-3859.73,40
20260816_125007_bb495b,2025-01-22,601229.SH,3800,3800,31.076925,31.894344,3106.1922,31
20260816_125007_bb495b,2025-01-22,000429.SZ,1800,1800,60.625188,60.455538,-305.37,26
20260816_125007_bb495b,2025-01-22,002879.SZ,4700,4700,23.683974,24.23808,2604.2982,21
20260816_125007_bb495b,2025-01-22,601988.SH,8500,8500,13.385628,12.883653,-4266.7875,19
20260816_125007_bb495b,2025-01-22,600919.SH,7300,7300,15.063059,15.054795,-60.3272,18
20260816_125007_bb495b,2025-01-22,600299.SH,2300,2300,39.647803,37.157088,-5728.6445,15
20260816_125007_bb495b,2025-01-22,000582.SZ,2300,2300,46.394833,45.137592,-2891.6543,6
20260816_125007_bb495b,2025-01-22,301263.SZ,3500,3500,30.644365,30.47303,-599.6725,2
20260816_125007_bb495b,2025-01-22,002938.SZ,2400,2400,43.572708,44.36418,1899.5328,2
20260816_125007_bb495b,2025-01-22,603638.SH,900,0,83.189167,82.4296,-683.6103,1
20260816_125007_bb495b,2025-01-23,600182.SH,5900,5900,19.151921,19.673136,3075.1685,48
20260816_125007_bb495b,2025-01-23,605050.SH,10000,10000,11.50058,11.137129,-3634.51,41
20260816_125007_bb495b,2025-01-23,601229.SH,3800,3800,31.076925,32.964624,7173.2562,32
20260816_125007_bb495b,2025-01-23,000429.SZ,1800,1800,60.625188,60.690408,117.396,27
20260816_125007_bb495b,2025-01-23,002879.SZ,4700,4700,23.683974,24.29952,2893.0662,22
20260816_125007_bb495b,2025-01-23,601988.SH,8500,8500,13.385628,13.256016,-1101.702,20
20260816_125007_bb495b,2025-01-23,600919.SH,7300,7300,15.063059,15.277829,1567.821,19
20260816_125007_bb495b,2025-01-23,600299.SH,2300,2300,39.647803,36.966864,-6166.1597,16
20260816_125007_bb495b,2025-01-23,000582.SZ,2300,2300,46.394833,46.06433,-760.1569,7
20260816_125007_bb495b,2025-01-23,301263.SZ,3500,3500,30.644365,30.416,-799.2775,3
20260816_125007_bb495b,2025-01-23,002938.SZ,2400,2400,43.572708,44.46435,2139.9408,3
20260816_125007_bb495b,2025-01-23,603638.SH,900,900,83.189167,80.93088,-2032.4583,2
20260816_125007_bb495b,2025-01-24,600182.SH,5900,5900,19.151921,19.968912,4820.2469,49
20260816_125007_bb495b,2025-01-24,605050.SH,10000,10000,11.50058,11.137129,-3634.51,42
20260816_125007_bb495b,2025-01-24,601229.SH,3800,3800,31.076925,32.893272,6902.1186,33
20260816_125007_bb495b,2025-01-24,000429.SZ,1800,1800,60.625188,59.703954,-1658.2212,28
20260816_125007_bb495b,2025-01-24,002879.SZ,4700,4700,23.683974,24.85248,5491.9782,23
20260816_125007_bb495b,2025-01-24,601988.SH,8500,8500,13.385628,13.181544,-1734.714,21
20260816_125007_bb495b,2025-01-24,600919.SH,7300,7300,15.063059,15.564587,3661.1544,20
20260816_125007_bb495b,2025-01-24,600299.SH,2300,2300,39.647803,36.871752,-6384.9173,17
20260816_125007_bb495b,2025-01-24,000582.SZ,2300,2300,46.394833,45.955302,-1010.9213,8
20260816_125007_bb495b,2025-01-24,301263.SZ,3500,3500,30.644365,30.58709,-200.4625,4
20260816_125007_bb495b,2025-01-24,002938.SZ,2400,2400,43.572708,46.06707,5986.4688,4
20260816_125007_bb495b,2025-01-24,603638.SH,900,900,83.189167,81.11822,-1863.8523,3
20260816_125007_bb495b,2025-01-27,600182.SH,5900,5900,19.151921,19.499346,2049.8075,50
20260816_125007_bb495b,2025-01-27,605050.SH,10000,10000,11.50058,11.193434,-3071.46,43
20260816_125007_bb495b,2025-01-27,601229.SH,3800,3800,31.076925,33.17868,7986.669,34
20260816_125007_bb495b,2025-01-27,000429.SZ,1800,1800,60.625188,60.972252,624.7152,29
20260816_125007_bb495b,2025-01-27,002879.SZ,4700,4700,23.683974,23.5776,-499.9578,24
20260816_125007_bb495b,2025-01-27,601988.SH,8500,8500,13.385628,13.52908,1219.342,22
20260816_125007_bb495b,2025-01-27,600919.SH,7300,7300,15.063059,15.819483,5521.8952,21
20260816_125007_bb495b,2025-01-27,600299.SH,2300,2300,39.647803,37.188792,-5655.7253,18
20260816_125007_bb495b,2025-01-27,000582.SZ,2300,2300,46.394833,46.500442,242.9007,9
20260816_125007_bb495b,2025-01-27,301263.SZ,3500,3500,30.644365,30.53006,-400.0675,5
20260816_125007_bb495b,2025-01-27,002938.SZ,2400,2400,43.572708,45.06537,3582.3888,5
20260816_125007_bb495b,2025-01-27,603638.SH,900,900,83.189167,80.415695,-2496.1248,4
20260816_125007_bb495b,2025-02-05,600182.SH,5900,5900,19.151921,19.486989,1976.9012,51
20260816_125007_bb495b,2025-02-05,605050.SH,10000,10000,11.50058,11.03578,-4648.0,44
20260816_125007_bb495b,2025-02-05,601229.SH,3800,3800,31.076925,32.64354,5953.137,35
20260816_125007_bb495b,2025-02-05,000429.SZ,1800,1800,60.625188,59.281188,-2419.2,30
20260816_125007_bb495b,2025-02-05,002879.SZ,4700,4700,23.683974,22.68672,-4687.0938,25
20260816_125007_bb495b,2025-02-05,601988.SH,8500,8500,13.385628,13.206368,-1523.71,23
20260816_125007_bb495b,2025-02-05,600919.SH,7300,7300,15.063059,15.532725,3428.5618,22
20260816_125007_bb495b,2025-02-05,600299.SH,2300,2300,39.647803,36.30108,-7697.4629,19
20260816_125007_bb495b,2025-02-05,000582.SZ,2300,2300,46.394833,46.118844,-634.7747,10
20260816_125007_bb495b,2025-02-05,301263.SZ,3500,3500,30.644365,30.53006,-400.0675,6
20260816_125007_bb495b,2025-02-05,002938.SZ,2400,2400,43.572708,44.2974,1739.2608,6
20260816_125007_bb495b,2025-02-05,603638.SH,900,900,83.189167,79.43216,-3381.3063,5
20260816_125007_bb495b,2025-02-06,600182.SH,5900,5900,19.151921,19.684701,3143.402,52
20260816_125007_bb495b,2025-02-06,605050.SH,10000,10000,11.50058,11.227217,-2733.63,45
20260816_125007_bb495b,2025-02-06,601229.SH,3800,3800,31.076925,32.607864,5817.5682,36
20260816_125007_bb495b,2025-02-06,000429.SZ,1800,1800,60.625188,58.7175,-3433.8384,31
20260816_125007_bb495b,2025-02-06,002879.SZ,4700,4700,23.683974,23.47008,-1005.3018,26
20260816_125007_bb495b,2025-02-06,601988.SH,8500,8500,13.385628,13.15672,-1945.718,24
20260816_125007_bb495b,2025-02-06,600919.SH,7300,7300,15.063059,15.421208,2614.4877,23
20260816_125007_bb495b,2025-02-06,600299.SH,2300,2300,39.647803,36.30108,-7697.4629,20
20260816_125007_bb495b,2025-02-06,000582.SZ,2300,2300,46.394833,45.682732,-1637.8323,11
20260816_125007_bb495b,2025-02-06,301263.SZ,3500,3500,30.644365,30.35897,-998.8825,7
20260816_125007_bb495b,2025-02-06,002938.SZ,2400,2400,43.572708,44.43096,2059.8048,7
20260816_125007_bb495b,2025-02-06,603638.SH,900,900,83.189167,82.61694,-515.0043,6
20260816_125007_bb495b,2025-02-07,600182.SH,5900,5900,19.151921,19.882413,4309.9028,53
20260816_125007_bb495b,2025-02-07,605050.SH,10000,10000,11.50058,11.48622,-143.6,46
20260816_125007_bb495b,2025-02-07,601229.SH,3800,3800,31.076925,32.714892,6224.2746,37
20260816_125007_bb495b,2025-02-07,000429.SZ,1800,1800,60.625188,58.153812,-4448.4768,32
20260816_125007_bb495b,2025-02-07,002879.SZ,4700,4700,23.683974,23.74656,294.1542,27
20260816_125007_bb495b,2025-02-07,601988.SH,8500,8500,13.385628,13.107072,-2367.726,25
20260816_125007_bb495b,2025-02-07,600919.SH,7300,7300,15.063059,15.230036,1218.9321,24
20260816_125007_bb495b,2025-02-07,600299.SH,2300,2300,39.647803,36.205968,-7916.2205,21
20260816_125007_bb495b,2025-02-07,000582.SZ,2300,2300,46.394833,46.500442,242.9007,12
20260816_125007_bb495b,2025-02-07,301263.SZ,3500,3500,30.644365,31.34749,2460.9375,8
20260816_125007_bb495b,2025-02-07,002938.SZ,2400,2400,43.572708,44.53113,2300.2128,8
20260816_125007_bb495b,2025-02-07,603638.SH,900,900,83.189167,84.537175,1213.2072,7
20260816_125007_bb495b,2025-02-10,600182.SH,5900,5900,19.151921,20.01834,5111.8721,54
20260816_125007_bb495b,2025-02-10,605050.SH,10000,10000,11.50058,11.542525,419.45,47
20260816_125007_bb495b,2025-02-10,601229.SH,3800,3800,31.076925,32.46516,5275.293,38
20260816_125007_bb495b,2025-02-10,000429.SZ,1800,1800,60.625188,57.77802,-5124.9024,33
20260816_125007_bb495b,2025-02-10,002879.SZ,4700,4700,23.683974,26.12736,11483.9142,28
20260816_125007_bb495b,2025-02-10,601988.SH,8500,8500,13.385628,13.082248,-2578.73,26
20260816_125007_bb495b,2025-02-10,600919.SH,7300,7300,15.063059,15.166312,753.7469,25
20260816_125007_bb495b,2025-02-10,600299.SH,2300,2300,39.647803,35.730408,-9010.0085,22
20260816_125007_bb495b,2025-02-10,000582.SZ,2300,2300,46.394833,45.464676,-2139.3611,13
20260816_125007_bb495b,2025-02-10,301263.SZ,3500,3500,30.644365,31.38551,2594.0075,9
20260816_125007_bb495b,2025-02-10,002938.SZ,2400,2400,43.572708,47.13555,8550.8208,9
20260816_125007_bb495b,2025-02-10,603638.SH,900,900,83.189167,84.349835,1044.6012,8
20260816_125007_bb495b,2025-02-11,600182.SH,5900,5900,19.151921,19.697058,3216.3083,55
20260816_125007_bb495b,2025-02-11,605050.SH,10000,10000,11.50058,11.497481,-30.99,48
20260816_125007_bb495b,2025-02-11,601229.SH,3800,3800,31.076925,32.786244,6495.4122,39
20260816_125007_bb495b,2025-02-11,000429.SZ,1800,1800,60.625188,59.328162,-2334.6468,34
20260816_125007_bb495b,2025-02-11,002879.SZ,4700,4700,23.683974,25.66656,9318.1542,29
20260816_125007_bb495b,2025-02-11,601988.SH,8500,8500,13.385628,13.355312,-257.686,27
20260816_125007_bb495b,2025-02-11,600919.SH,7300,7300,15.063059,15.230036,1218.9321,26
20260816_125007_bb495b,2025-02-11,600299.SH,2300,2300,39.647803,36.903456,-6311.9981,23
20260816_125007_bb495b,2025-02-11,000582.SZ,2300,2300,46.394833,46.3369,-133.2459,14
20260816_125007_bb495b,2025-02-11,301263.SZ,3500,3500,30.644365,32.18393,5388.4775,10
20260816_125007_bb495b,2025-02-11,002938.SZ,2400,2400,43.572708,47.25798,8844.6528,10
20260816_125007_bb495b,2025-02-11,603638.SH,900,900,83.189167,84.39667,1086.7527,9
20260816_125007_bb495b,2025-02-12,600182.SH,5900,5900,19.151921,20.685618,9048.8123,56
20260816_125007_bb495b,2025-02-12,605050.SH,10000,10000,11.50058,11.497481,-30.99,49
20260816_125007_bb495b,2025-02-12,601229.SH,3800,3800,31.076925,32.82192,6630.981,40
20260816_125007_bb495b,2025-02-12,000429.SZ,1800,1800,60.625188,59.093292,-2757.4128,35
20260816_125007_bb495b,2025-02-12,002879.SZ,4700,4700,23.683974,25.77408,9823.4982,30
20260816_125007_bb495b,2025-02-12,601988.SH,8500,8500,13.385628,13.40496,164.322,28
20260816_125007_bb495b,2025-02-12,600919.SH,7300,7300,15.063059,15.182243,870.0432,27
20260816_125007_bb495b,2025-02-12,600299.SH,2300,2300,39.647803,36.237672,-7843.3013,24
20260816_125007_bb495b,2025-02-12,000582.SZ,2300,2300,46.394833,45.955302,-1010.9213,15
20260816_125007_bb495b,2025-02-12,301263.SZ,3500,3500,30.644365,32.01284,4789.6625,11
20260816_125007_bb495b,2025-02-12,002938.SZ,2400,2400,43.572708,47.12442,8524.1088,11
20260816_125007_bb495b,2025-02-12,603638.SH,900,900,83.189167,84.443505,1128.9042,10
20260816_125007_bb495b,2025-02-13,600182.SH,5900,5900,19.151921,20.685618,9048.8123,57
20260816_125007_bb495b,2025-02-13,605050.SH,10000,10000,11.50058,11.474959,-256.21,50
20260816_125007_bb495b,2025-02-13,601229.SH,3800,3800,31.076925,32.536512,5546.4306,41
20260816_125007_bb495b,2025-02-13,000429.SZ,1800,1800,60.625188,59.844876,-1404.5616,36
20260816_125007_bb495b,2025-02-13,002879.SZ,4700,4700,23.683974,26.112,11411.7222,31
20260816_125007_bb495b,2025-02-13,601988.SH,8500,8500,13.385628,13.429784,375.326,29
20260816_125007_bb495b,2025-02-13,600919.SH,7300,7300,15.063059,15.13445,521.1543,28
20260816_125007_bb495b,2025-02-13,600299.SH,2300,2300,39.647803,35.476776,-9593.3621,25
20260816_125007_bb495b,2025-02-13,000582.SZ,2300,2300,46.394833,45.51919,-2013.9789,16
20260816_125007_bb495b,2025-02-13,301263.SZ,3500,3500,30.644365,31.38551,2594.0075,12
20260816_125007_bb495b,2025-02-13,002938.SZ,2400,2400,43.572708,45.24345,4009.7808,12
20260816_125007_bb495b,2025-02-13,603638.SH,900,900,83.189167,82.52327,-599.3073,11
20260816_125007_bb495b,2025-02-14,600182.SH,5900,5900,19.151921,20.611476,8611.3745,58
20260816_125007_bb495b,2025-02-14,605050.SH,10000,10000,11.50058,11.497481,-30.99,51
20260816_125007_bb495b,2025-02-14,601229.SH,3800,3800,31.076925,32.857596,6766.5498,42
20260816_125007_bb495b,2025-02-14,000429.SZ,1800,1800,60.625188,61.0662,793.8216,37
20260816_125007_bb495b,2025-02-14,002879.SZ,4700,4700,23.683974,26.4192,12855.5622,32
20260816_125007_bb495b,2025-02-14,601988.SH,8500,8500,13.385628,13.429784,375.326,30
20260816_125007_bb495b,2025-02-14,600919.SH,7300,7300,15.063059,15.054795,-60.3272,29
20260816_125007_bb495b,2025-02-14,600299.SH,2300,2300,39.647803,35.34996,-9885.0389,26
20260816_125007_bb495b,2025-02-14,000582.SZ,2300,2300,46.394833,44.810508,-3643.9475,17
20260816_125007_bb495b,2025-02-14,301263.SZ,3500,3500,30.644365,31.61363,3392.4275,13
20260816_125007_bb495b,2025-02-14,002938.SZ,2400,2400,43.572708,45.62187,4917.9888,13
20260816_125007_bb495b,2025-02-14,603638.SH,900,900,83.189167,83.132125,-51.3378,12
20260816_125007_bb495b,2025-02-17,600182.SH,5900,5900,19.151921,20.858616,10069.5005,59
20260816_125007_bb495b,2025-02-17,605050.SH,10000,10000,11.50058,11.587569,869.89,52
20260816_125007_bb495b,2025-02-17,601229.SH,3800,3800,31.076925,32.714892,6224.2746,43
20260816_125007_bb495b,2025-02-17,000429.SZ,1800,1800,60.625188,62.663316,3668.6304,38
20260816_125007_bb495b,2025-02-17,002879.SZ,4700,4700,23.683974,26.1888,11772.6822,33
20260816_125007_bb495b,2025-02-17,601988.SH,8500,8500,13.385628,13.504256,1008.338,31
20260816_125007_bb495b,2025-02-17,600919.SH,7300,7300,15.063059,14.911416,-1106.9939,30
20260816_125007_bb495b,2025-02-17,600299.SH,2300,2300,39.647803,35.793816,-8864.1701,27
20260816_125007_bb495b,2025-02-17,000582.SZ,2300,2300,46.394833,44.97405,-3267.8009,18
20260816_125007_bb495b,2025-02-17,301263.SZ,3500,3500,30.644365,33.28651,9247.5075,14
20260816_125007_bb495b,2025-02-17,002938.SZ,2400,2400,43.572708,45.77769,5291.9568,14
20260816_125007_bb495b,2025-02-17,603638.SH,900,900,83.189167,82.14859,-936.5193,13
20260816_125007_bb495b,2025-02-18,600182.SH,5900,5900,19.151921,20.290194,6715.8107,60
20260816_125007_bb495b,2025-02-18,605050.SH,10000,10000,11.50058,11.632613,1320.33,53
20260816_125007_bb495b,2025-02-18,601229.SH,3800,3800,31.076925,33.285708,8393.3754,44
20260816_125007_bb495b,2025-02-18,000429.SZ,1800,1800,60.625188,64.11951,6289.7796,39
20260816_125007_bb495b,2025-02-18,002879.SZ,4700,4700,23.683974,27.24864,16753.9302,34
20260816_125007_bb495b,2025-02-18,601988.SH,8500,8500,13.385628,13.802144,3540.386,32
20260816_125007_bb495b,2025-02-18,600919.SH,7300,7300,15.063059,15.102588,288.5617,31
20260816_125007_bb495b,2025-02-18,600299.SH,2300,2300,39.647803,35.476776,-9593.3621,28
20260816_125007_bb495b,2025-02-18,000582.SZ,2300,2300,46.394833,44.537938,-4270.8585,19
20260816_125007_bb495b,2025-02-18,301263.SZ,3500,3500,30.644365,33.4576,9846.3225,15
20260816_125007_bb495b,2025-02-18,002938.SZ,2400,2400,43.572708,45.39927,4383.7488,15
20260816_125007_bb495b,2025-02-18,603638.SH,900,900,83.189167,82.476435,-641.4588,14
20260816_125007_bb495b,2025-02-19,605050.SH,10000,10000,11.50058,11.59783,972.5,54
20260816_125007_bb495b,2025-02-19,601229.SH,3800,3800,31.076925,33.606792,9613.4946,45
20260816_125007_bb495b,2025-02-19,000429.SZ,1800,1800,60.625188,65.199912,8234.5032,40
20260816_125007_bb495b,2025-02-19,002879.SZ,4700,4700,23.683974,28.4928,22601.4822,35
20260816_125007_bb495b,2025-02-19,601988.SH,8500,8500,13.385628,13.727672,2907.374,33
20260816_125007_bb495b,2025-02-19,600919.SH,7300,7300,15.063059,15.022933,-292.9198,32
20260816_125007_bb495b,2025-02-19,600299.SH,2300,2300,39.647803,35.318256,-9957.9581,29
20260816_125007_bb495b,2025-02-19,000582.SZ,2300,2300,46.394833,44.374396,-4647.0051,20
20260816_125007_bb495b,2025-02-19,301263.SZ,3500,3500,30.644365,33.30552,9314.0425,16
20260816_125007_bb495b,2025-02-19,002938.SZ,2400,2400,43.572708,45.46605,4544.0208,16
20260816_125007_bb495b,2025-02-19,603638.SH,900,900,83.189167,86.73842,3194.3277,15
20260816_125007_bb495b,2025-02-20,605050.SH,10000,10000,11.50058,12.160497,6599.17,55
20260816_125007_bb495b,2025-02-20,601229.SH,3800,3800,31.076925,33.571116,9477.9258,46
20260816_125007_bb495b,2025-02-20,000429.SZ,1800,1800,60.625188,64.871094,7642.6308,41
20260816_125007_bb495b,2025-02-20,002879.SZ,4700,4700,23.683974,27.84768,19569.4182,36
20260816_125007_bb495b,2025-02-20,601988.SH,8500,8500,13.385628,13.77732,3329.382,34
20260816_125007_bb495b,2025-02-20,600919.SH,7300,7300,15.063059,14.943278,-874.4013,33
20260816_125007_bb495b,2025-02-20,600299.SH,2300,2300,39.647803,35.318256,-9957.9581,30
20260816_125007_bb495b,2025-02-20,000582.SZ,2300,2300,46.394833,43.992798,-5524.6805,21
20260816_125007_bb495b,2025-02-20,301263.SZ,3500,3500,30.644365,33.24849,9114.4375,17
20260816_125007_bb495b,2025-02-20,002938.SZ,2400,2400,43.572708,46.94634,8096.7168,17
20260816_125007_bb495b,2025-02-20,603638.SH,900,900,83.189167,90.344715,6439.9932,16
20260816_125007_bb495b,2025-02-20,605288.SH,2000,0,55.625459,60.64376,10036.602,1
20260816_125007_bb495b,2025-02-21,605050.SH,10000,10000,11.50058,12.321259,8206.79,56
20260816_125007_bb495b,2025-02-21,601229.SH,3800,3800,31.076925,33.143004,7851.1002,47
20260816_125007_bb495b,2025-02-21,000429.SZ,1800,1800,60.625188,64.542276,7050.7584,42
20260816_125007_bb495b,2025-02-21,002879.SZ,4700,4700,23.683974,28.032,20435.7222,37
20260816_125007_bb495b,2025-02-21,601988.SH,8500,8500,13.385628,13.553904,1430.346,35
20260816_125007_bb495b,2025-02-21,600919.SH,7300,7300,15.063059,14.608727,-3316.6236,34
20260816_125007_bb495b,2025-02-21,600299.SH,2300,2300,39.647803,34.8744,-10978.8269,31
20260816_125007_bb495b,2025-02-21,000582.SZ,2300,2300,46.394833,44.210854,-5023.1517,22
20260816_125007_bb495b,2025-02-21,301263.SZ,3500,3500,30.644365,33.43859,9779.7875,18
20260816_125007_bb495b,2025-02-21,002938.SZ,2400,2400,43.572708,47.54736,9539.1648,18
20260816_125007_bb495b,2025-02-21,603638.SH,900,900,83.189167,91.89027,7830.9927,17
20260816_125007_bb495b,2025-02-21,605288.SH,2000,2000,55.625459,58.37766,5504.402,2
20260816_125007_bb495b,2025-02-24,605050.SH,10000,10000,11.50058,12.424606,9240.26,57
20260816_125007_bb495b,2025-02-24,601229.SH,3800,3800,31.076925,32.500836,5410.8618,48
20260816_125007_bb495b,2025-02-24,000429.SZ,1800,1800,60.625188,65.669652,9080.0352,43
20260816_125007_bb495b,2025-02-24,002879.SZ,4700,4700,23.683974,27.17184,16392.9702,38
20260816_125007_bb495b,2025-02-24,601988.SH,8500,8500,13.385628,13.429784,375.326,36
20260816_125007_bb495b,2025-02-24,600919.SH,7300,7300,15.063059,14.465348,-4363.2903,35
20260816_125007_bb495b,2025-02-24,000582.SZ,2300,2300,46.394833,44.537938,-4270.8585,23
20260816_125007_bb495b,2025-02-24,301263.SZ,3500,3500,30.644365,33.8378,11177.0225,19
20260816_125007_bb495b,2025-02-24,002938.SZ,2400,2400,43.572708,46.75713,7642.6128,19
20260816_125007_bb495b,2025-02-24,603638.SH,900,900,83.189167,89.82953,5976.3267,18
20260816_125007_bb495b,2025-02-24,605288.SH,2000,2000,55.625459,57.98292,4714.922,3
20260816_125007_bb495b,2025-02-25,605050.SH,10000,10000,11.50058,12.550919,10503.39,58
20260816_125007_bb495b,2025-02-25,601229.SH,3800,3800,31.076925,32.536512,5546.4306,49
20260816_125007_bb495b,2025-02-25,000429.SZ,1800,1800,60.625188,65.810574,9333.6948,44
20260816_125007_bb495b,2025-02-25,002879.SZ,4700,4700,23.683974,26.37312,12638.9862,39
20260816_125007_bb495b,2025-02-25,601988.SH,8500,8500,13.385628,13.305664,-679.694,37
20260816_125007_bb495b,2025-02-25,600919.SH,7300,7300,15.063059,14.306038,-5526.2533,36
20260816_125007_bb495b,2025-02-25,000582.SZ,2300,2300,46.394833,43.720228,-6151.5915,24
20260816_125007_bb495b,2025-02-25,301263.SZ,3500,3500,30.644365,34.88335,14836.4475,20
20260816_125007_bb495b,2025-02-25,002938.SZ,2400,2400,43.572708,48.57132,11996.6688,20
20260816_125007_bb495b,2025-02-25,603638.SH,900,900,83.189167,90.532055,6608.5992,19
20260816_125007_bb495b,2025-02-25,605288.SH,2000,2000,55.625459,57.07648,2902.042,4
20260816_125007_bb495b,2025-02-25,002034.SZ,1500,0,60.932085,68.120685,10782.9,1
20260816_125007_bb495b,2025-02-26,605050.SH,10000,10000,11.50058,13.331763,18311.83,59
20260816_125007_bb495b,2025-02-26,601229.SH,3800,3800,31.076925,32.786244,6495.4122,50
20260816_125007_bb495b,2025-02-26,000429.SZ,1800,1800,60.625188,67.313742,12039.3972,45
20260816_125007_bb495b,2025-02-26,002879.SZ,4700,4700,23.683974,26.71104,14227.2102,40
20260816_125007_bb495b,2025-02-26,601988.SH,8500,8500,13.385628,13.429784,375.326,38
20260816_125007_bb495b,2025-02-26,600919.SH,7300,7300,15.063059,14.290107,-5642.5496,37
20260816_125007_bb495b,2025-02-26,000582.SZ,2300,2300,46.394833,44.15634,-5148.5339,25
20260816_125007_bb495b,2025-02-26,301263.SZ,3500,3500,30.644365,35.87187,18296.2675,21
20260816_125007_bb495b,2025-02-26,002938.SZ,2400,2400,43.572708,47.7477,10019.9808,21
20260816_125007_bb495b,2025-02-26,603638.SH,900,900,83.189167,99.57121,14743.8387,20
20260816_125007_bb495b,2025-02-26,605288.SH,2000,2000,55.625459,58.48,5709.082,5
20260816_125007_bb495b,2025-02-26,002034.SZ,1500,1500,60.932085,67.816405,10326.48,2
20260816_125007_bb495b,2025-02-27,605050.SH,10000,10000,11.50058,13.561423,20608.43,60
20260816_125007_bb495b,2025-02-27,601229.SH,3800,3800,31.076925,33.71382,10020.201,51
20260816_125007_bb495b,2025-02-27,000429.SZ,1800,1800,60.625188,69.05178,15167.8656,46
20260816_125007_bb495b,2025-02-27,002879.SZ,4700,4700,23.683974,26.54208,13433.0982,41
20260816_125007_bb495b,2025-02-27,601988.SH,8500,8500,13.385628,13.479432,797.334,39
20260816_125007_bb495b,2025-02-27,600919.SH,7300,7300,15.063059,14.624658,-3200.3273,38
20260816_125007_bb495b,2025-02-27,000582.SZ,2300,2300,46.394833,44.42891,-4521.6229,26
20260816_125007_bb495b,2025-02-27,301263.SZ,3500,3500,30.644365,36.02395,18828.5475,22
20260816_125007_bb495b,2025-02-27,002938.SZ,2400,2400,43.572708,46.21176,6333.7248,22
20260816_125007_bb495b,2025-02-27,603638.SH,900,900,83.189167,100.50791,15586.8687,21
20260816_125007_bb495b,2025-02-27,605288.SH,2000,2000,55.625459,58.53848,5826.042,6
20260816_125007_bb495b,2025-02-27,002034.SZ,1500,1500,60.932085,64.96378,6047.5425,3
20260816_125007_bb495b,2025-02-28,601229.SH,3800,3800,31.076925,33.392736,8800.0818,52
20260816_125007_bb495b,2025-02-28,000429.SZ,1800,1800,60.625188,69.192702,15421.5252,47
20260816_125007_bb495b,2025-02-28,002879.SZ,4700,4700,23.683974,27.43296,17620.2342,42
20260816_125007_bb495b,2025-02-28,601988.SH,8500,8500,13.385628,13.40496,164.322,40
20260816_125007_bb495b,2025-02-28,600919.SH,7300,7300,15.063059,14.545003,-3781.8088,39
20260816_125007_bb495b,2025-02-28,000582.SZ,2300,2300,46.394833,43.938284,-5650.0627,27
20260816_125007_bb495b,2025-02-28,301263.SZ,3500,3500,30.644365,35.03543,15368.7275,23
20260816_125007_bb495b,2025-02-28,002938.SZ,2400,2400,43.572708,44.56452,2380.3488,23
20260816_125007_bb495b,2025-02-28,603638.SH,900,900,83.189167,93.67,9432.7497,22
20260816_125007_bb495b,2025-02-28,605288.SH,2000,2000,55.625459,56.1408,1030.682,7
20260816_125007_bb495b,2025-02-28,002034.SZ,1500,1500,60.932085,62.30133,2053.8675,4
20260816_125007_bb495b,2025-03-03,601229.SH,3800,3800,31.076925,33.250032,8257.8066,53
20260816_125007_bb495b,2025-03-03,000429.SZ,1800,1800,60.625188,68.58204,14322.3336,48
20260816_125007_bb495b,2025-03-03,002879.SZ,4700,4700,23.683974,27.0336,15743.2422,43
20260816_125007_bb495b,2025-03-03,601988.SH,8500,8500,13.385628,13.454608,586.33,41
20260816_125007_bb495b,2025-03-03,600919.SH,7300,7300,15.063059,14.704313,-2618.8458,40
20260816_125007_bb495b,2025-03-03,000582.SZ,2300,2300,46.394833,43.992798,-5524.6805,28
20260816_125007_bb495b,2025-03-03,301263.SZ,3500,3500,30.644365,37.03148,22354.9025,24
20260816_125007_bb495b,2025-03-03,002938.SZ,2400,2400,43.572708,42.71694,-2053.8432,24
20260816_125007_bb495b,2025-03-03,603638.SH,900,900,83.189167,91.7966,7746.6897,23
20260816_125007_bb495b,2025-03-03,605288.SH,2000,2000,55.625459,56.09694,942.962,8
20260816_125007_bb495b,2025-03-03,002034.SZ,1500,1500,60.932085,61.578665,969.87,5
20260816_125007_bb495b,2025-03-03,600031.SH,100,0,947.829294,975.1748,2734.5506,1
20260816_125007_bb495b,2025-03-04,601229.SH,3800,3800,31.076925,33.499764,9206.7882,54
20260816_125007_bb495b,2025-03-04,000429.SZ,1800,1800,60.625188,68.488092,14153.2272,49
20260816_125007_bb495b,2025-03-04,002879.SZ,4700,4700,23.683974,29.73696,28449.0342,44
20260816_125007_bb495b,2025-03-04,601988.SH,8500,8500,13.385628,13.355312,-257.686,42
20260816_125007_bb495b,2025-03-04,600919.SH,7300,7300,15.063059,14.799899,-1921.068,41
20260816_125007_bb495b,2025-03-04,000582.SZ,2300,2300,46.394833,44.374396,-4647.0051,29
20260816_125007_bb495b,2025-03-04,301263.SZ,3500,3500,30.644365,37.37366,23552.5325,25
20260816_125007_bb495b,2025-03-04,002938.SZ,2400,2400,43.572708,43.36248,-504.5472,25
20260816_125007_bb495b,2025-03-04,603638.SH,900,900,83.189167,92.26495,8168.2047,24
20260816_125007_bb495b,2025-03-04,605288.SH,2000,2000,55.625459,56.31624,1381.562,9
20260816_125007_bb495b,2025-03-04,002034.SZ,1500,1500,60.932085,61.350455,627.555,6
20260816_125007_bb495b,2025-03-04,600031.SH,100,100,947.829294,977.24964,2942.0346,2
20260816_125007_bb495b,2025-03-05,601229.SH,3800,3800,31.076925,34.106256,11511.4578,55
20260816_125007_bb495b,2025-03-05,000429.SZ,1800,1800,60.625188,67.454664,12293.0568,50
20260816_125007_bb495b,2025-03-05,002879.SZ,4700,4700,23.683974,28.50816,22673.6742,45
20260816_125007_bb495b,2025-03-05,601988.SH,8500,8500,13.385628,13.578728,1641.35,43
20260816_125007_bb495b,2025-03-05,600919.SH,7300,7300,15.063059,15.086657,172.2654,42
20260816_125007_bb495b,2025-03-05,000582.SZ,2300,2300,46.394833,44.592452,-4145.4763,30
20260816_125007_bb495b,2025-03-05,301263.SZ,3500,3500,30.644365,37.31663,23352.9275,26
20260816_125007_bb495b,2025-03-05,002938.SZ,2400,2400,43.572708,43.8522,670.7808,26
20260816_125007_bb495b,2025-03-05,603638.SH,900,900,83.189167,94.41936,10107.1737,25
20260816_125007_bb495b,2025-03-05,605288.SH,2000,2000,55.625459,57.64666,4042.402,10
20260816_125007_bb495b,2025-03-05,002034.SZ,1500,1500,60.932085,61.578665,969.87,7
20260816_125007_bb495b,2025-03-05,600031.SH,100,100,947.829294,1020.82128,7299.1986,3
20260816_125007_bb495b,2025-03-06,601229.SH,3800,3800,31.076925,33.606792,9613.4946,56
20260816_125007_bb495b,2025-03-06,000429.SZ,1800,1800,60.625188,64.683198,7304.418,51
20260816_125007_bb495b,2025-03-06,002879.SZ,4700,4700,23.683974,29.50656,27366.1542,46
20260816_125007_bb495b,2025-03-06,601988.SH,8500,8500,13.385628,13.504256,1008.338,44
20260816_125007_bb495b,2025-03-06,600919.SH,7300,7300,15.063059,14.943278,-874.4013,43
20260816_125007_bb495b,2025-03-06,000582.SZ,2300,2300,46.394833,44.537938,-4270.8585,31
20260816_125007_bb495b,2025-03-06,301263.SZ,3500,3500,30.644365,38.30515,26812.7475,27
20260816_125007_bb495b,2025-03-06,002938.SZ,2400,2400,43.572708,43.77429,483.7968,27
20260816_125007_bb495b,2025-03-06,603638.SH,900,900,83.189167,96.66744,12130.4457,26
20260816_125007_bb495b,2025-03-06,605288.SH,2000,2000,55.625459,59.89814,8545.362,11
20260816_125007_bb495b,2025-03-06,002034.SZ,1500,1500,60.932085,61.046175,171.135,8
20260816_125007_bb495b,2025-03-06,600031.SH,100,100,947.829294,1019.78386,7195.4566,4
20260816_125007_bb495b,2025-03-07,601229.SH,3800,3800,31.076925,33.53544,9342.357,57
20260816_125007_bb495b,2025-03-07,000429.SZ,1800,1800,60.625188,63.4149,5021.4816,52
20260816_125007_bb495b,2025-03-07,002879.SZ,4700,4700,23.683974,28.46208,22457.0982,47
20260816_125007_bb495b,2025-03-07,601988.SH,8500,8500,13.385628,13.429784,375.326,45
20260816_125007_bb495b,2025-03-07,600919.SH,7300,7300,15.063059,14.81583,-1804.7717,44
20260816_125007_bb495b,2025-03-07,000582.SZ,2300,2300,46.394833,44.97405,-3267.8009,32
20260816_125007_bb495b,2025-03-07,301263.SZ,3500,3500,30.644365,38.70436,28209.9825,28
20260816_125007_bb495b,2025-03-07,002938.SZ,2400,2400,43.572708,43.44039,-317.5632,28
20260816_125007_bb495b,2025-03-07,603638.SH,900,900,83.189167,97.60414,12973.4757,27
20260816_125007_bb495b,2025-03-07,605288.SH,2000,2000,55.625459,59.5034,7755.882,12
20260816_125007_bb495b,2025-03-07,002034.SZ,1500,1500,60.932085,64.50736,5362.9125,9
20260816_125007_bb495b,2025-03-07,600031.SH,100,100,947.829294,1030.15806,8232.8766,5
20260816_125007_bb495b,2025-03-10,601229.SH,3800,3800,31.076925,33.464088,9071.2194,58
20260816_125007_bb495b,2025-03-10,000429.SZ,1800,1800,60.625188,63.039108,4345.056,53
20260816_125007_bb495b,2025-03-10,002879.SZ,4700,4700,23.683974,28.76928,23900.9382,48
20260816_125007_bb495b,2025-03-10,601988.SH,8500,8500,13.385628,13.330488,-468.69,46
20260816_125007_bb495b,2025-03-10,600919.SH,7300,7300,15.063059,14.768037,-2153.6606,45
20260816_125007_bb495b,2025-03-10,000582.SZ,2300,2300,46.394833,45.846274,-1261.6857,33
20260816_125007_bb495b,2025-03-10,301263.SZ,3500,3500,30.644365,41.38477,37591.4175,29
20260816_125007_bb495b,2025-03-10,002938.SZ,2400,2400,43.572708,43.31796,-611.3952,29
20260816_125007_bb495b,2025-03-10,603638.SH,900,900,83.189167,97.4168,12804.8697,28
20260816_125007_bb495b,2025-03-10,605288.SH,2000,2000,55.625459,59.0648,6878.682,13
20260816_125007_bb495b,2025-03-10,002034.SZ,1500,1500,60.932085,65.11592,6275.7525,10
20260816_125007_bb495b,2025-03-10,600031.SH,100,100,947.829294,1061.79937,11397.0076,6
20260816_125007_bb495b,2025-03-11,601229.SH,3800,3800,31.076925,33.820848,10426.9074,59
20260816_125007_bb495b,2025-03-11,000429.SZ,1800,1800,60.625188,62.146602,2738.5452,54
20260816_125007_bb495b,2025-03-11,002879.SZ,4700,4700,23.683974,28.32384,21807.3702,49
20260816_125007_bb495b,2025-03-11,601988.SH,8500,8500,13.385628,13.380136,-46.682,47
20260816_125007_bb495b,2025-03-11,600919.SH,7300,7300,15.063059,14.847692,-1572.1791,46
20260816_125007_bb495b,2025-03-11,000582.SZ,2300,2300,46.394833,45.573704,-1888.5967,34
20260816_125007_bb495b,2025-03-11,301263.SZ,3500,3500,30.644365,39.04654,29407.6125,30
20260816_125007_bb495b,2025-03-11,002938.SZ,2400,2400,43.572708,42.60564,-2320.9632,30
20260816_125007_bb495b,2025-03-11,603638.SH,900,900,83.189167,97.088955,12509.8092,29
20260816_125007_bb495b,2025-03-11,605288.SH,2000,2000,55.625459,58.1876,5124.282,14
20260816_125007_bb495b,2025-03-11,002034.SZ,1500,1500,60.932085,64.849675,5876.385,11
20260816_125007_bb495b,2025-03-11,600031.SH,100,100,947.829294,1065.43034,11760.1046,7
20260816_125007_bb495b,2025-03-12,601229.SH,3800,3800,31.076925,33.392736,8800.0818,60
20260816_125007_bb495b,2025-03-12,000429.SZ,1800,1800,60.625188,62.099628,2653.992,55
20260816_125007_bb495b,2025-03-12,002879.SZ,4700,4700,23.683974,29.47584,27221.7702,50
20260816_125007_bb495b,2025-03-12,601988.SH,8500,8500,13.385628,13.231192,-1312.706,48
20260816_125007_bb495b,2025-03-12,600919.SH,7300,7300,15.063059,14.688382,-2735.1421,47
20260816_125007_bb495b,2025-03-12,000582.SZ,2300,2300,46.394833,44.97405,-3267.8009,35
20260816_125007_bb495b,2025-03-12,301263.SZ,3500,3500,30.644365,39.74991,31869.4075,31
20260816_125007_bb495b,2025-03-12,002938.SZ,2400,2400,43.572708,42.60564,-2320.9632,31
20260816_125007_bb495b,2025-03-12,603638.SH,900,900,83.189167,95.07505,10697.2947,30
20260816_125007_bb495b,2025-03-12,605288.SH,2000,2000,55.625459,59.24024,7229.562,15
20260816_125007_bb495b,2025-03-12,002034.SZ,1500,1500,60.932085,65.57234,6960.3825,12
20260816_125007_bb495b,2025-03-12,600031.SH,100,100,947.829294,1045.71936,9789.0066,8
20260816_125007_bb495b,2025-03-13,000429.SZ,1800,1800,60.625188,63.133056,4514.1624,56
20260816_125007_bb495b,2025-03-13,002879.SZ,4700,4700,23.683974,30.19776,30614.7942,51
20260816_125007_bb495b,2025-03-13,601988.SH,8500,8500,13.385628,13.231192,-1312.706,49
20260816_125007_bb495b,2025-03-13,600919.SH,7300,7300,15.063059,14.879554,-1339.5865,48
20260816_125007_bb495b,2025-03-13,000582.SZ,2300,2300,46.394833,44.810508,-3643.9475,36
20260816_125007_bb495b,2025-03-13,301263.SZ,3500,3500,30.644365,37.92495,25482.0475,32
20260816_125007_bb495b,2025-03-13,002938.SZ,2400,2400,43.572708,41.63733,-4644.9072,32
20260816_125007_bb495b,2025-03-13,603638.SH,900,900,83.189167,93.38899,9179.8407,31
20260816_125007_bb495b,2025-03-13,605288.SH,2000,2000,55.625459,58.15836,5065.802,16
20260816_125007_bb495b,2025-03-13,002034.SZ,1500,1500,60.932085,66.523215,8386.695,13
20260816_125007_bb495b,2025-03-13,600031.SH,100,100,947.829294,1039.49484,9166.5546,9
20260816_125007_bb495b,2025-03-14,000429.SZ,1800,1800,60.625188,62.428446,3245.8644,57
20260816_125007_bb495b,2025-03-14,002879.SZ,4700,4700,23.683974,29.84448,28954.3782,52
20260816_125007_bb495b,2025-03-14,601988.SH,8500,8500,13.385628,13.305664,-679.694,50
20260816_125007_bb495b,2025-03-14,600919.SH,7300,7300,15.063059,14.720244,-2502.5495,49
20260816_125007_bb495b,2025-03-14,000582.SZ,2300,2300,46.394833,45.137592,-2891.6543,37
20260816_125007_bb495b,2025-03-14,301263.SZ,3500,3500,30.644365,38.07703,26014.3275,33
20260816_125007_bb495b,2025-03-14,002938.SZ,2400,2400,43.572708,42.53886,-2481.2352,33
20260816_125007_bb495b,2025-03-14,603638.SH,900,900,83.189167,94.559865,10233.6282,32
20260816_125007_bb495b,2025-03-14,605288.SH,2000,2000,55.625459,58.15836,5065.802,17
20260816_125007_bb495b,2025-03-14,002034.SZ,1500,1500,60.932085,66.78946,8786.0625,14
20260816_125007_bb495b,2025-03-14,600031.SH,100,100,947.829294,1062.83679,11500.7496,10
20260816_125007_bb495b,2025-03-14,002352.SZ,700,0,161.929319,162.83484,633.8647,1
20260816_125007_bb495b,2025-03-17,000429.SZ,1800,1800,60.625188,62.287524,2992.2048,58
20260816_125007_bb495b,2025-03-17,002879.SZ,4700,4700,23.683974,29.4144,26933.0022,53
20260816_125007_bb495b,2025-03-17,601988.SH,8500,8500,13.385628,13.330488,-468.69,51
20260816_125007_bb495b,2025-03-17,600919.SH,7300,7300,15.063059,14.879554,-1339.5865,50
20260816_125007_bb495b,2025-03-17,000582.SZ,2300,2300,46.394833,45.464676,-2139.3611,38
20260816_125007_bb495b,2025-03-17,301263.SZ,3500,3500,30.644365,38.07703,26014.3275,34
20260816_125007_bb495b,2025-03-17,002938.SZ,2400,2400,43.572708,41.44812,-5099.0112,34
20260816_125007_bb495b,2025-03-17,603638.SH,900,900,83.189167,94.51303,10191.4767,33
20260816_125007_bb495b,2025-03-17,605288.SH,2000,2000,55.625459,57.6759,4100.882,18
20260816_125007_bb495b,2025-03-17,002034.SZ,1500,1500,60.932085,73.48362,18827.3025,15
20260816_125007_bb495b,2025-03-17,600031.SH,100,100,947.829294,1059.72453,11189.5236,11
20260816_125007_bb495b,2025-03-17,002352.SZ,700,700,161.929319,161.210184,-503.3945,2
20260816_125007_bb495b,2025-03-18,000429.SZ,1800,1800,60.625188,62.334498,3076.758,59
20260816_125007_bb495b,2025-03-18,002879.SZ,4700,4700,23.683974,29.13792,25633.5462,54
20260816_125007_bb495b,2025-03-18,601988.SH,8500,8500,13.385628,13.330488,-468.69,52
20260816_125007_bb495b,2025-03-18,600919.SH,7300,7300,15.063059,14.895485,-1223.2902,51
20260816_125007_bb495b,2025-03-18,000582.SZ,2300,2300,46.394833,46.173358,-509.3925,39
20260816_125007_bb495b,2025-03-18,301263.SZ,3500,3500,30.644365,39.40773,30671.7775,35
20260816_125007_bb495b,2025-03-18,002938.SZ,2400,2400,43.572708,41.98236,-3816.8352,35
20260816_125007_bb495b,2025-03-18,603638.SH,900,900,83.189167,99.992725,15123.2022,34
20260816_125007_bb495b,2025-03-18,605288.SH,2000,2000,55.625459,57.88058,4510.242,19
20260816_125007_bb495b,2025-03-18,002034.SZ,1500,1500,60.932085,77.74354,25217.1825,16
20260816_125007_bb495b,2025-03-18,600031.SH,100,100,947.829294,1033.27032,8544.1026,12
20260816_125007_bb495b,2025-03-18,002352.SZ,700,700,161.929319,160.6194,-916.9433,3
20260816_125007_bb495b,2025-03-19,000429.SZ,1800,1800,60.625188,64.495302,6966.2052,60
20260816_125007_bb495b,2025-03-19,002879.SZ,4700,4700,23.683974,29.38368,26788.6182,55
20260816_125007_bb495b,2025-03-19,601988.SH,8500,8500,13.385628,13.479432,797.334,53
20260816_125007_bb495b,2025-03-19,600919.SH,7300,7300,15.063059,14.991071,-525.5124,52
20260816_125007_bb495b,2025-03-19,000582.SZ,2300,2300,46.394833,46.391414,-7.8637,40
20260816_125007_bb495b,2025-03-19,301263.SZ,3500,3500,30.644365,39.31268,30339.1025,36
20260816_125007_bb495b,2025-03-19,002938.SZ,2400,2400,43.572708,41.67072,-4564.7712,36
20260816_125007_bb495b,2025-03-19,603638.SH,900,900,83.189167,100.03956,15165.3537,35
20260816_125007_bb495b,2025-03-19,605288.SH,2000,2000,55.625459,59.24024,7229.562,20
20260816_125007_bb495b,2025-03-19,002034.SZ,1500,1500,60.932085,76.260175,22992.135,17
20260816_125007_bb495b,2025-03-19,600031.SH,100,100,947.829294,1037.42,8959.0706,13
20260816_125007_bb495b,2025-03-19,002352.SZ,700,700,161.929319,160.6194,-916.9433,4
20260816_125007_bb495b,2025-03-20,002879.SZ,4700,4700,23.683974,28.69248,23539.9782,56
20260816_125007_bb495b,2025-03-20,601988.SH,8500,8500,13.385628,13.454608,586.33,54
20260816_125007_bb495b,2025-03-20,600919.SH,7300,7300,15.063059,15.022933,-292.9198,53
20260816_125007_bb495b,2025-03-20,000582.SZ,2300,2300,46.394833,46.06433,-760.1569,41
20260816_125007_bb495b,2025-03-20,301263.SZ,3500,3500,30.644365,39.14159,29740.2875,37
20260816_125007_bb495b,2025-03-20,002938.SZ,2400,2400,43.572708,40.79145,-6675.0192,37
20260816_125007_bb495b,2025-03-20,603638.SH,900,900,83.189167,105.8471,20392.1397,36
20260816_125007_bb495b,2025-03-20,605288.SH,2000,2000,55.625459,59.78118,8311.442,21
20260816_125007_bb495b,2025-03-20,002034.SZ,1500,1500,60.932085,71.58187,15974.6775,18
20260816_125007_bb495b,2025-03-20,600031.SH,100,100,947.829294,1029.63935,8181.0056,14
20260816_125007_bb495b,2025-03-20,002352.SZ,700,700,161.929319,158.920896,-2105.8961,5
20260816_125007_bb495b,2025-03-21,002879.SZ,4700,4700,23.683974,26.61888,13794.0582,57
20260816_125007_bb495b,2025-03-21,601988.SH,8500,8500,13.385628,13.305664,-679.694,55
20260816_125007_bb495b,2025-03-21,600919.SH,7300,7300,15.063059,14.911416,-1106.9939,54
20260816_125007_bb495b,2025-03-21,000582.SZ,2300,2300,46.394833,45.79176,-1387.0679,42
20260816_125007_bb495b,2025-03-21,301263.SZ,3500,3500,30.644365,38.38119,27078.8875,38
20260816_125007_bb495b,2025-03-21,002938.SZ,2400,2400,43.572708,40.33512,-7770.2112,38
20260816_125007_bb495b,2025-03-21,603638.SH,900,900,83.189167,105.65976,20223.5337,37
20260816_125007_bb495b,2025-03-21,605288.SH,2000,2000,55.625459,58.07064,4890.362,22
20260816_125007_bb495b,2025-03-21,002034.SZ,1500,1500,60.932085,73.40755,18713.1975,19
20260816_125007_bb495b,2025-03-21,600031.SH,100,100,947.829294,1016.15289,6832.3596,15
20260816_125007_bb495b,2025-03-21,002352.SZ,700,700,161.929319,157.776252,-2907.1469,6
20260816_125007_bb495b,2025-03-21,600742.SH,500,0,206.824648,206.566389,-129.1295,1
20260816_125007_bb495b,2025-03-24,002879.SZ,4700,4700,23.683974,27.46368,17764.6182,58
20260816_125007_bb495b,2025-03-24,601988.SH,8500,8500,13.385628,13.40496,164.322,56
20260816_125007_bb495b,2025-03-24,600919.SH,7300,7300,15.063059,15.086657,172.2654,55
20260816_125007_bb495b,2025-03-24,000582.SZ,2300,2300,46.394833,46.009816,-885.5391,43
20260816_125007_bb495b,2025-03-24,301263.SZ,3500,3500,30.644365,37.14554,22754.1125,39
20260816_125007_bb495b,2025-03-24,002938.SZ,2400,2400,43.572708,41.23665,-5606.5392,39
20260816_125007_bb495b,2025-03-24,603638.SH,900,900,83.189167,100.2269,15333.9597,38
20260816_125007_bb495b,2025-03-24,605288.SH,2000,2000,55.625459,56.52092,1790.922,23
20260816_125007_bb495b,2025-03-24,002034.SZ,1500,1500,60.932085,72.95113,18028.5675,20
20260816_125007_bb495b,2025-03-24,600031.SH,100,100,947.829294,1035.34516,8751.5866,16
20260816_125007_bb495b,2025-03-24,002352.SZ,700,700,161.929319,157.000848,-3449.9297,7
20260816_125007_bb495b,2025-03-24,600742.SH,500,500,206.824648,203.77785,-1523.399,2
20260816_125007_bb495b,2025-03-25,002879.SZ,4700,4700,23.683974,27.63264,18558.7302,59
20260816_125007_bb495b,2025-03-25,601988.SH,8500,8500,13.385628,13.603552,1852.354,57
20260816_125007_bb495b,2025-03-25,600919.SH,7300,7300,15.063059,15.261898,1451.5247,56
20260816_125007_bb495b,2025-03-25,000582.SZ,2300,2300,46.394833,46.60947,493.6651,44
20260816_125007_bb495b,2025-03-25,301263.SZ,3500,3500,30.644365,37.24059,23086.7875,40
20260816_125007_bb495b,2025-03-25,002938.SZ,2400,2400,43.572708,40.8471,-6541.4592,40
20260816_125007_bb495b,2025-03-25,603638.SH,900,900,83.189167,98.119325,13437.1422,39
20260816_125007_bb495b,2025-03-25,605288.SH,2000,2000,55.625459,58.1145,4978.082,24
20260816_125007_bb495b,2025-03-25,002034.SZ,1500,1500,60.932085,69.37584,12665.6325,21
20260816_125007_bb495b,2025-03-25,600031.SH,100,100,947.829294,1014.59676,6676.7466,17
20260816_125007_bb495b,2025-03-25,002352.SZ,700,700,161.929319,156.18852,-4018.5593,8
20260816_125007_bb495b,2025-03-25,600742.SH,500,500,206.824648,200.560305,-3132.1715,3
20260816_125007_bb495b,2025-03-26,002879.SZ,4700,4700,23.683974,27.20256,16537.3542,60
20260816_125007_bb495b,2025-03-26,601988.SH,8500,8500,13.385628,13.603552,1852.354,58
20260816_125007_bb495b,2025-03-26,600919.SH,7300,7300,15.063059,15.054795,-60.3272,57
20260816_125007_bb495b,2025-03-26,000582.SZ,2300,2300,46.394833,47.754264,3126.6913,45
20260816_125007_bb495b,2025-03-26,301263.SZ,3500,3500,30.644365,37.54475,24151.3475,41
20260816_125007_bb495b,2025-03-26,002938.SZ,2400,2400,43.572708,40.35738,-7716.7872,41
20260816_125007_bb495b,2025-03-26,603638.SH,900,900,83.189167,99.66488,14828.1417,40
20260816_125007_bb495b,2025-03-26,605288.SH,2000,2000,55.625459,60.1613,9071.682,25
20260816_125007_bb495b,2025-03-26,002034.SZ,1500,1500,60.932085,69.489945,12836.79,22
20260816_125007_bb495b,2025-03-26,600031.SH,100,100,947.829294,1000.59159,5276.2296,18
20260816_125007_bb495b,2025-03-26,002352.SZ,700,700,161.929319,155.745432,-4328.7209,9
20260816_125007_bb495b,2025-03-26,600742.SH,500,500,206.824648,203.348844,-1737.902,4
20260816_125007_bb495b,2025-03-27,601988.SH,8500,8500,13.385628,13.727672,2907.374,59
20260816_125007_bb495b,2025-03-27,600919.SH,7300,7300,15.063059,15.214105,1102.6358,58
20260816_125007_bb495b,2025-03-27,000582.SZ,2300,2300,46.394833,47.318152,2123.6337,46
20260816_125007_bb495b,2025-03-27,301263.SZ,3500,3500,30.644365,37.03148,22354.9025,42
20260816_125007_bb495b,2025-03-27,002938.SZ,2400,2400,43.572708,40.41303,-7583.2272,42
20260816_125007_bb495b,2025-03-27,603638.SH,900,900,83.189167,99.00919,14238.0207,41
20260816_125007_bb495b,2025-03-27,605288.SH,2000,2000,55.625459,58.61158,5972.242,26
20260816_125007_bb495b,2025-03-27,002034.SZ,1500,1500,60.932085,69.718155,13179.105,23
20260816_125007_bb495b,2025-03-27,600031.SH,100,100,947.829294,998.51675,5068.7456,19
20260816_125007_bb495b,2025-03-27,002352.SZ,700,700,161.929319,156.299292,-3941.0189,10
20260816_125007_bb495b,2025-03-27,600742.SH,500,500,206.824648,199.48779,-3668.429,5
20260816_125007_bb495b,2025-03-28,601988.SH,8500,8500,13.385628,13.6532,2274.362,60
20260816_125007_bb495b,2025-03-28,600919.SH,7300,7300,15.063059,15.150381,637.4506,59
20260816_125007_bb495b,2025-03-28,000582.SZ,2300,2300,46.394833,46.282386,-258.6281,47
20260816_125007_bb495b,2025-03-28,301263.SZ,3500,3500,30.644365,37.62079,24417.4875,43
20260816_125007_bb495b,2025-03-28,002938.SZ,2400,2400,43.572708,40.46868,-7449.6672,43
20260816_125007_bb495b,2025-03-28,603638.SH,900,900,83.189167,101.06993,16092.6867,42
20260816_125007_bb495b,2025-03-28,605288.SH,2000,2000,55.625459,57.64666,4042.402,27
20260816_125007_bb495b,2025-03-28,002034.SZ,1500,1500,60.932085,70.478855,14320.155,24
20260816_125007_bb495b,2025-03-28,600031.SH,100,100,947.829294,998.51675,5068.7456,20
20260816_125007_bb495b,2025-03-28,002352.SZ,700,700,161.929319,155.228496,-4690.5761,11
20260816_125007_bb495b,2025-03-28,600742.SH,500,500,206.824648,197.557263,-4633.6925,6
20260816_125007_bb495b,2025-03-28,002539.SZ,2100,0,54.619806,52.284176,-4904.823,1
20260816_125007_bb495b,2025-03-31,600919.SH,7300,7300,15.063059,15.13445,521.1543,60
20260816_125007_bb495b,2025-03-31,000582.SZ,2300,2300,46.394833,46.227872,-384.0103,48
20260816_125007_bb495b,2025-03-31,301263.SZ,3500,3500,30.644365,38.02,25814.7225,44
20260816_125007_bb495b,2025-03-31,002938.SZ,2400,2400,43.572708,40.37964,-7663.3632,44
20260816_125007_bb495b,2025-03-31,603638.SH,900,900,83.189167,105.75343,20307.8367,43
20260816_125007_bb495b,2025-03-31,605288.SH,2000,2000,55.625459,57.95368,4656.442,28
20260816_125007_bb495b,2025-03-31,002034.SZ,1500,1500,60.932085,70.402785,14206.05,25
20260816_125007_bb495b,2025-03-31,600031.SH,100,100,947.829294,989.17997,4135.0676,21
20260816_125007_bb495b,2025-03-31,002352.SZ,700,700,161.929319,159.216288,-1899.1217,12
20260816_125007_bb495b,2025-03-31,600742.SH,500,500,206.824648,195.412233,-5706.2075,7
20260816_125007_bb495b,2025-03-31,002539.SZ,2100,2100,54.619806,51.617286,-6305.292,2
20260816_125007_bb495b,2025-04-01,000582.SZ,2300,2300,46.394833,47.045582,1496.7227,49
20260816_125007_bb495b,2025-04-01,301263.SZ,3500,3500,30.644365,38.38119,27078.8875,45
20260816_125007_bb495b,2025-04-01,002938.SZ,2400,2400,43.572708,40.36851,-7690.0752,45
20260816_125007_bb495b,2025-04-01,603638.SH,900,900,83.189167,106.97114,21403.7757,44
20260816_125007_bb495b,2025-04-01,605288.SH,2000,2000,55.625459,57.95368,4656.442,29
20260816_125007_bb495b,2025-04-01,002034.SZ,1500,1500,60.932085,70.250645,13977.84,26
20260816_125007_bb495b,2025-04-01,600031.SH,100,100,947.829294,981.91803,3408.8736,22
20260816_125007_bb495b,2025-04-01,002352.SZ,700,700,161.929319,161.579424,-244.9265,13
20260816_125007_bb495b,2025-04-01,600742.SH,500,500,206.824648,194.339718,-6242.465,8
20260816_125007_bb495b,2025-04-01,002539.SZ,2100,2100,54.619806,52.217487,-5044.8699,3
20260816_125007_bb495b,2025-04-01,600267.SH,1800,0,63.464597,66.4104,5302.4454,1
20260816_125007_bb495b,2025-04-02,000582.SZ,2300,2300,46.394833,46.88204,1120.5761,50
20260816_125007_bb495b,2025-04-02,301263.SZ,3500,3500,30.644365,38.38119,27078.8875,46
20260816_125007_bb495b,2025-04-02,002938.SZ,2400,2400,43.572708,41.28117,-5499.6912,46
20260816_125007_bb495b,2025-04-02,603638.SH,900,900,83.189167,103.552185,18326.7162,45
20260816_125007_bb495b,2025-04-02,605288.SH,2000,2000,55.625459,58.80164,6352.362,30
20260816_125007_bb495b,2025-04-02,002034.SZ,1500,1500,60.932085,69.718155,13179.105,27
20260816_125007_bb495b,2025-04-02,600031.SH,100,100,947.829294,1004.22256,5639.3266,23
20260816_125007_bb495b,2025-04-02,002352.SZ,700,700,161.929319,159.954768,-1382.1857,14
20260816_125007_bb495b,2025-04-02,600742.SH,500,500,206.824648,196.484748,-5169.95,9
20260816_125007_bb495b,2025-04-02,002539.SZ,2100,2100,54.619806,52.217487,-5044.8699,4
20260816_125007_bb495b,2025-04-02,600267.SH,1800,1800,63.464597,65.4255,3529.6254,2
20260816_125007_bb495b,2025-04-02,601369.SH,5300,0,21.813574,21.37344,-2332.7102,1
20260816_125007_bb495b,2025-04-03,000582.SZ,2300,2300,46.394833,49.498712,7138.9217,51
20260816_125007_bb495b,2025-04-03,301263.SZ,3500,3500,30.644365,38.17208,26347.0025,47
20260816_125007_bb495b,2025-04-03,002938.SZ,2400,2400,43.572708,37.15194,-15409.8432,47
20260816_125007_bb495b,2025-04-03,603638.SH,900,900,83.189167,94.747205,10402.2342,46
20260816_125007_bb495b,2025-04-03,605288.SH,2000,2000,55.625459,57.018,2785.082,31
20260816_125007_bb495b,2025-04-03,002034.SZ,1500,1500,60.932085,70.13654,13806.6825,28
20260816_125007_bb495b,2025-04-03,600031.SH,100,100,947.829294,990.7361,4290.6806,24
20260816_125007_bb495b,2025-04-03,002352.SZ,700,700,161.929319,160.324008,-1123.7177,15
20260816_125007_bb495b,2025-04-03,600742.SH,500,500,206.824648,194.983227,-5920.7105,10
20260816_125007_bb495b,2025-04-03,002539.SZ,2100,2100,54.619806,52.084109,-5324.9637,5
20260816_125007_bb495b,2025-04-03,600267.SH,1800,1800,63.464597,65.4255,3529.6254,3
20260816_125007_bb495b,2025-04-03,601369.SH,5300,5300,21.813574,21.37344,-2332.7102,2
20260816_125007_bb495b,2025-04-07,000582.SZ,2300,2300,46.394833,44.537938,-4270.8585,52
20260816_125007_bb495b,2025-04-07,301263.SZ,3500,3500,30.644365,32.71621,7251.4575,48
20260816_125007_bb495b,2025-04-07,002938.SZ,2400,2400,43.572708,33.43452,-24331.6512,48
20260816_125007_bb495b,2025-04-07,603638.SH,900,900,83.189167,85.286535,1887.6312,47
20260816_125007_bb495b,2025-04-07,605288.SH,2000,2000,55.625459,51.3162,-8618.518,32
20260816_125007_bb495b,2025-04-07,002034.SZ,1500,1500,60.932085,63.1381,3309.0225,29
20260816_125007_bb495b,2025-04-07,600031.SH,100,100,947.829294,933.678,-1415.1294,25
20260816_125007_bb495b,2025-04-07,002352.SZ,700,700,161.929319,147.954468,-9782.3957,16
20260816_125007_bb495b,2025-04-07,600742.SH,500,500,206.824648,175.463454,-15680.597,11
20260816_125007_bb495b,2025-04-07,002539.SZ,2100,2100,54.619806,47.482568,-14988.1998,6
20260816_125007_bb495b,2025-04-07,600267.SH,1800,1800,63.464597,58.88295,-8246.9646,4
20260816_125007_bb495b,2025-04-07,601369.SH,5300,5300,21.813574,19.600416,-11729.7374,3
20260816_125007_bb495b,2025-04-08,000582.SZ,2300,2300,46.394833,46.009816,-885.5391,53
20260816_125007_bb495b,2025-04-08,301263.SZ,3500,3500,30.644365,34.17998,12374.6525,49
20260816_125007_bb495b,2025-04-08,603638.SH,900,900,83.189167,82.4296,-683.6103,48
20260816_125007_bb495b,2025-04-08,605288.SH,2000,2000,55.625459,50.2928,-10665.318,33
20260816_125007_bb495b,2025-04-08,002034.SZ,1500,1500,60.932085,62.30133,2053.8675,30
20260816_125007_bb495b,2025-04-08,600031.SH,100,100,947.829294,962.20705,1437.7756,26
20260816_125007_bb495b,2025-04-08,002352.SZ,700,700,161.929319,152.12688,-6861.7073,17
20260816_125007_bb495b,2025-04-08,600267.SH,1800,1800,63.464597,60.99345,-4448.0646,5
20260816_125007_bb495b,2025-04-08,601369.SH,5300,5300,21.813574,20.40192,-7481.7662,4
20260816_125007_bb495b,2025-04-09,000582.SZ,2300,2300,46.394833,50.588992,9646.5657,54
20260816_125007_bb495b,2025-04-09,301263.SZ,3500,3500,30.644365,34.27503,12707.3275,50
20260816_125007_bb495b,2025-04-09,603638.SH,900,900,83.189167,82.05492,-1020.8223,49
20260816_125007_bb495b,2025-04-09,605288.SH,2000,2000,55.625459,50.52672,-10197.478,34
20260816_125007_bb495b,2025-04-09,002034.SZ,1500,1500,60.932085,62.52954,2396.1825,31
20260816_125007_bb495b,2025-04-09,600031.SH,100,100,947.829294,991.77352,4394.4226,27
20260816_125007_bb495b,2025-04-09,002352.SZ,700,700,161.929319,150.871464,-7740.4985,18
20260816_125007_bb495b,2025-04-09,600267.SH,1800,1800,63.464597,60.2196,-5840.9946,6
20260816_125007_bb495b,2025-04-09,601369.SH,5300,5300,21.813574,20.256192,-8254.1246,5
20260816_125007_bb495b,2025-04-09,300498.SZ,2700,0,38.081777,37.319375,-2058.4854,1
20260816_125007_bb495b,2025-04-09,600161.SH,200,0,442.636405,442.84821,42.361,1
20260816_125007_bb495b,2025-04-09,002100.SZ,1200,0,84.590487,84.60892,22.1196,1
20260816_125007_bb495b,2025-04-10,000582.SZ,2300,2300,46.394833,51.951842,12781.1207,55
20260816_125007_bb495b,2025-04-10,301263.SZ,3500,3500,30.644365,35.03543,15368.7275,51
20260816_125007_bb495b,2025-04-10,603638.SH,900,900,83.189167,84.49034,1171.0557,50
20260816_125007_bb495b,2025-04-10,605288.SH,2000,2000,55.625459,53.45072,-4349.478,35
20260816_125007_bb495b,2025-04-10,002034.SZ,1500,1500,60.932085,65.19199,6389.8575,32
20260816_125007_bb495b,2025-04-10,600031.SH,100,100,947.829294,990.7361,4290.6806,28
20260816_125007_bb495b,2025-04-10,002352.SZ,700,700,161.929319,156.18852,-4018.5593,19
20260816_125007_bb495b,2025-04-10,600267.SH,1800,1800,63.464597,61.13415,-4194.8046,7
20260816_125007_bb495b,2025-04-10,601369.SH,5300,5300,21.813574,20.790528,-5422.1438,6
20260816_125007_bb495b,2025-04-10,300498.SZ,2700,2700,38.081777,37.277325,-2172.0204,2
20260816_125007_bb495b,2025-04-10,600161.SH,200,200,442.636405,433.10058,-1907.165,2
20260816_125007_bb495b,2025-04-10,002100.SZ,1200,1200,84.590487,84.11268,-573.3684,2
20260816_125007_bb495b,2025-04-11,000582.SZ,2300,2300,46.394833,57.130672,24692.4297,56
20260816_125007_bb495b,2025-04-11,301263.SZ,3500,3500,30.644365,35.7388,17830.5225,52
20260816_125007_bb495b,2025-04-11,603638.SH,900,900,83.189167,86.785255,3236.4792,51
20260816_125007_bb495b,2025-04-11,605288.SH,2000,2000,55.625459,53.02674,-5197.438,36
20260816_125007_bb495b,2025-04-11,002034.SZ,1500,1500,60.932085,64.73557,5705.2275,33
20260816_125007_bb495b,2025-04-11,600031.SH,100,100,947.829294,1001.62901,5379.9716,29
20260816_125007_bb495b,2025-04-11,002352.SZ,700,700,161.929319,154.637712,-5104.1249,20
20260816_125007_bb495b,2025-04-11,600267.SH,1800,1800,63.464597,63.315,-269.2746,8
20260816_125007_bb495b,2025-04-11,601369.SH,5300,5300,21.813574,20.52336,-6838.1342,7
20260816_125007_bb495b,2025-04-11,300498.SZ,2700,2700,38.081777,36.394275,-4556.2554,3
20260816_125007_bb495b,2025-04-11,600161.SH,200,200,442.636405,429.46911,-2633.459,3
20260816_125007_bb495b,2025-04-11,002100.SZ,1200,1200,84.590487,80.51494,-4890.6564,3
20260816_125007_bb495b,2025-04-14,000582.SZ,2300,2300,46.394833,58.87512,28704.6601,57
20260816_125007_bb495b,2025-04-14,301263.SZ,3500,3500,30.644365,37.56376,24217.8825,53
20260816_125007_bb495b,2025-04-14,603638.SH,900,900,83.189167,86.878925,3320.7822,52
20260816_125007_bb495b,2025-04-14,605288.SH,2000,2000,55.625459,57.13496,3019.002,37
20260816_125007_bb495b,2025-04-14,002034.SZ,1500,1500,60.932085,65.001815,6104.595,34
20260816_125007_bb495b,2025-04-14,600031.SH,100,100,947.829294,979.84319,3201.3896,30
20260816_125007_bb495b,2025-04-14,002352.SZ,700,700,161.929319,157.443936,-3139.7681,21
20260816_125007_bb495b,2025-04-14,600267.SH,1800,1800,63.464597,64.2999,1503.5454,9
20260816_125007_bb495b,2025-04-14,601369.SH,5300,5300,21.813574,20.620512,-6323.2286,8
20260816_125007_bb495b,2025-04-14,300498.SZ,2700,2700,38.081777,36.4994,-4272.4179,4
20260816_125007_bb495b,2025-04-14,600161.SH,200,200,442.636405,422.58843,-4009.595,4
20260816_125007_bb495b,2025-04-14,002100.SZ,1200,1200,84.590487,81.38336,-3848.5524,4
20260816_125007_bb495b,2025-04-15,000582.SZ,2300,2300,46.394833,52.987608,15163.3825,58
20260816_125007_bb495b,2025-04-15,301263.SZ,3500,3500,30.644365,37.88693,25348.9775,54
20260816_125007_bb495b,2025-04-15,603638.SH,900,900,83.189167,85.286535,1887.6312,53
20260816_125007_bb495b,2025-04-15,605288.SH,2000,2000,55.625459,55.7022,153.482,38
20260816_125007_bb495b,2025-04-15,002034.SZ,1500,1500,60.932085,65.001815,6104.595,35
20260816_125007_bb495b,2025-04-15,600031.SH,100,100,947.829294,983.47416,3564.4866,31
20260816_125007_bb495b,2025-04-15,002352.SZ,700,700,161.929319,155.930052,-4199.4869,22
20260816_125007_bb495b,2025-04-15,600267.SH,1800,1800,63.464597,63.94815,870.3954,10
20260816_125007_bb495b,2025-04-15,601369.SH,5300,5300,21.813574,20.571936,-6580.6814,9
20260816_125007_bb495b,2025-04-15,300498.SZ,2700,2700,38.081777,36.3312,-4726.5579,5
20260816_125007_bb495b,2025-04-15,600161.SH,200,200,442.636405,418.19244,-4888.793,5
20260816_125007_bb495b,2025-04-15,002100.SZ,1200,1200,84.590487,80.51494,-4890.6564,5
20260816_125007_bb495b,2025-04-16,000582.SZ,2300,2300,46.394833,51.570244,11903.4453,59
20260816_125007_bb495b,2025-04-16,301263.SZ,3500,3500,30.644365,37.48772,23951.7425,55
20260816_125007_bb495b,2025-04-16,603638.SH,900,900,83.189167,85.005525,1634.7222,54
20260816_125007_bb495b,2025-04-16,605288.SH,2000,2000,55.625459,55.45366,-343.598,39
20260816_125007_bb495b,2025-04-16,002034.SZ,1500,1500,60.932085,63.59452,3993.6525,36
20260816_125007_bb495b,2025-04-16,600031.SH,100,100,947.829294,990.7361,4290.6806,32
20260816_125007_bb495b,2025-04-16,002352.SZ,700,700,161.929319,156.077748,-4096.0997,23
20260816_125007_bb495b,2025-04-16,600267.SH,1800,1800,63.464597,63.24465,-395.9046,11
20260816_125007_bb495b,2025-04-16,601369.SH,5300,5300,21.813574,20.571936,-6580.6814,10
20260816_125007_bb495b,2025-04-16,300498.SZ,2700,2700,38.081777,36.45735,-4385.9529,6
20260816_125007_bb495b,2025-04-16,600161.SH,200,200,442.636405,401.94639,-8138.003,6
20260816_125007_bb495b,2025-04-16,002100.SZ,1200,1200,84.590487,79.64652,-5932.7604,6
20260816_125007_bb495b,2025-04-17,000582.SZ,2300,2300,46.394833,50.098366,8518.1259,60
20260816_125007_bb495b,2025-04-17,301263.SZ,3500,3500,30.644365,37.75386,24883.2325,56
20260816_125007_bb495b,2025-04-17,603638.SH,900,900,83.189167,84.537175,1213.2072,55
20260816_125007_bb495b,2025-04-17,605288.SH,2000,2000,55.625459,55.36594,-519.038,40
20260816_125007_bb495b,2025-04-17,002034.SZ,1500,1500,60.932085,62.871855,2909.655,37
20260816_125007_bb495b,2025-04-17,600031.SH,100,100,947.829294,988.66126,4083.1966,33
20260816_125007_bb495b,2025-04-17,002352.SZ,700,700,161.929319,156.410064,-3863.4785,24
20260816_125007_bb495b,2025-04-17,600267.SH,1800,1800,63.464597,63.315,-269.2746,12
20260816_125007_bb495b,2025-04-17,601369.SH,5300,5300,21.813574,21.300576,-2718.8894,11
20260816_125007_bb495b,2025-04-17,300498.SZ,2700,2700,38.081777,36.2471,-4953.6279,7
20260816_125007_bb495b,2025-04-17,600161.SH,200,200,442.636405,397.93266,-8940.749,7
20260816_125007_bb495b,2025-04-17,002100.SZ,1200,1200,84.590487,79.02622,-6677.1204,7
20260816_125007_bb495b,2025-04-18,301263.SZ,3500,3500,30.644365,37.73485,24816.6975,57
20260816_125007_bb495b,2025-04-18,603638.SH,900,900,83.189167,84.20933,918.1467,56
20260816_125007_bb495b,2025-04-18,605288.SH,2000,2000,55.625459,54.9712,-1308.518,41
20260816_125007_bb495b,2025-04-18,002034.SZ,1500,1500,60.932085,61.502595,855.765,38
20260816_125007_bb495b,2025-04-18,600031.SH,100,100,947.829294,995.40449,4757.5196,34
20260816_125007_bb495b,2025-04-18,002352.SZ,700,700,161.929319,159.031668,-2028.3557,25
20260816_125007_bb495b,2025-04-18,600267.SH,1800,1800,63.464597,61.908,-2801.8746,13
20260816_125007_bb495b,2025-04-18,601369.SH,5300,5300,21.813574,20.863392,-5035.9646,12
20260816_125007_bb495b,2025-04-18,300498.SZ,2700,2700,38.081777,35.973775,-5691.6054,8
20260816_125007_bb495b,2025-04-18,600161.SH,200,200,442.636405,395.25684,-9475.913,8
20260816_125007_bb495b,2025-04-18,002100.SZ,1200,1200,84.590487,78.52998,-7272.6084,8
20260816_125007_bb495b,2025-04-21,301263.SZ,3500,3500,30.644365,37.65881,24550.5575,58
20260816_125007_bb495b,2025-04-21,603638.SH,900,900,83.189167,86.972595,3405.0852,57
20260816_125007_bb495b,2025-04-21,605288.SH,2000,2000,55.625459,56.52092,1790.922,42
20260816_125007_bb495b,2025-04-21,002034.SZ,1500,1500,60.932085,63.708625,4164.81,39
20260816_125007_bb495b,2025-04-21,600031.SH,100,100,947.829294,997.47933,4965.0036,35
20260816_125007_bb495b,2025-04-21,002352.SZ,700,700,161.929319,158.182416,-2622.8321,26
20260816_125007_bb495b,2025-04-21,600267.SH,1800,1800,63.464597,62.68185,-1408.9446,14
20260816_125007_bb495b,2025-04-21,601369.SH,5300,5300,21.813574,20.741952,-5679.5966,13
20260816_125007_bb495b,2025-04-21,300498.SZ,2700,2700,38.081777,36.03685,-5521.3029,9
20260816_125007_bb495b,2025-04-21,600161.SH,200,200,442.636405,398.50605,-8826.071,9
20260816_125007_bb495b,2025-04-21,002100.SZ,1200,1200,84.590487,79.15028,-6528.2484,9
20260816_125007_bb495b,2025-04-21,601288.SH,9000,0,11.712668,11.611551,-910.053,1
20260816_125007_bb495b,2025-04-22,301263.SZ,3500,3500,30.644365,38.22911,26546.6075,59
20260816_125007_bb495b,2025-04-22,603638.SH,900,900,83.189167,86.035895,2562.0552,58
20260816_125007_bb495b,2025-04-22,605288.SH,2000,2000,55.625459,56.71098,2171.042,43
20260816_125007_bb495b,2025-04-22,002034.SZ,1500,1500,60.932085,62.68168,2624.3925,40
20260816_125007_bb495b,2025-04-22,600031.SH,100,100,947.829294,982.95545,3512.6156,36
20260816_125007_bb495b,2025-04-22,002352.SZ,700,700,161.929319,160.25016,-1175.4113,27
20260816_125007_bb495b,2025-04-22,600267.SH,1800,1800,63.464597,63.38535,-142.6446,15
20260816_125007_bb495b,2025-04-22,601369.SH,5300,5300,21.813574,20.669088,-6065.7758,14
20260816_125007_bb495b,2025-04-22,300498.SZ,2700,2700,38.081777,36.20505,-5067.1629,10
20260816_125007_bb495b,2025-04-22,600161.SH,200,200,442.636405,391.24311,-10278.659,10
20260816_125007_bb495b,2025-04-22,002100.SZ,1200,1200,84.590487,79.3984,-6230.5044,10
20260816_125007_bb495b,2025-04-22,601288.SH,9000,9000,11.712668,11.89265,1619.838,2
20260816_125007_bb495b,2025-04-23,301263.SZ,3500,3500,30.644365,38.4002,27145.4225,60
20260816_125007_bb495b,2025-04-23,603638.SH,900,900,83.189167,88.752325,5006.8422,59
20260816_125007_bb495b,2025-04-23,605288.SH,2000,2000,55.625459,58.43614,5621.362,44
20260816_125007_bb495b,2025-04-23,002034.SZ,1500,1500,60.932085,62.3774,2167.9725,41
20260816_125007_bb495b,2025-04-23,600031.SH,100,100,947.829294,1006.2974,5846.8106,37
20260816_125007_bb495b,2025-04-23,002352.SZ,700,700,161.929319,159.548604,-1666.5005,28
20260816_125007_bb495b,2025-04-23,600267.SH,1800,1800,63.464597,62.96325,-902.4246,16
20260816_125007_bb495b,2025-04-23,601369.SH,5300,5300,21.813574,20.814816,-5293.4174,15
20260816_125007_bb495b,2025-04-23,300498.SZ,2700,2700,38.081777,35.763525,-6259.2804,11
20260816_125007_bb495b,2025-04-23,600161.SH,200,200,442.636405,384.74469,-11578.343,11
20260816_125007_bb495b,2025-04-23,002100.SZ,1200,1200,84.590487,78.28186,-7570.3524,11
20260816_125007_bb495b,2025-04-23,601288.SH,9000,9000,11.712668,11.849404,1230.624,3
20260816_125007_bb495b,2025-04-24,603638.SH,900,900,83.189167,87.95613,4290.2667,60
20260816_125007_bb495b,2025-04-24,605288.SH,2000,2000,55.625459,57.42736,3603.802,45
20260816_125007_bb495b,2025-04-24,002034.SZ,1500,1500,60.932085,62.45347,2282.0775,42
20260816_125007_bb495b,2025-04-24,600031.SH,100,100,947.829294,988.14255,4031.3256,38
20260816_125007_bb495b,2025-04-24,002352.SZ,700,700,161.929319,160.25016,-1175.4113,29
20260816_125007_bb495b,2025-04-24,600267.SH,1800,1800,63.464597,63.94815,870.3954,17
20260816_125007_bb495b,2025-04-24,601369.SH,5300,5300,21.813574,21.227712,-3105.0686,16
20260816_125007_bb495b,2025-04-24,300498.SZ,2700,2700,38.081777,35.469175,-7054.0254,12
20260816_125007_bb495b,2025-04-24,002100.SZ,1200,1200,84.590487,79.52246,-6081.6324,12
20260816_125007_bb495b,2025-04-24,601288.SH,9000,9000,11.712668,12.087257,3371.301,4
20260816_125007_bb495b,2025-04-25,605288.SH,2000,2000,55.625459,57.44198,3633.042,46
20260816_125007_bb495b,2025-04-25,002034.SZ,1500,1500,60.932085,62.719715,2681.445,43
20260816_125007_bb495b,2025-04-25,600031.SH,100,100,947.829294,990.21739,4238.8096,39
20260816_125007_bb495b,2025-04-25,002352.SZ,700,700,161.929319,160.102464,-1278.7985,30
20260816_125007_bb495b,2025-04-25,600267.SH,1800,1800,63.464597,63.38535,-142.6446,18
20260816_125007_bb495b,2025-04-25,601369.SH,5300,5300,21.813574,21.057696,-4006.1534,17
20260816_125007_bb495b,2025-04-25,300498.SZ,2700,2700,38.081777,35.511225,-6940.4904,13
20260816_125007_bb495b,2025-04-25,002100.SZ,1200,1200,84.590487,78.90216,-6825.9924,13
20260816_125007_bb495b,2025-04-25,601288.SH,9000,9000,11.712668,12.000765,2592.873,5
20260816_125007_bb495b,2025-04-25,601988.SH,7400,0,14.592171,14.345836,-1822.879,1
20260816_125007_bb495b,2025-04-25,000883.SZ,3700,0,28.922958,28.359496,-2084.8094,1
20260816_125007_bb495b,2025-04-28,605288.SH,2000,2000,55.625459,56.88642,2521.922,47
20260816_125007_bb495b,2025-04-28,002034.SZ,1500,1500,60.932085,61.578665,969.87,44
20260816_125007_bb495b,2025-04-28,600031.SH,100,100,947.829294,988.14255,4031.3256,40
20260816_125007_bb495b,2025-04-28,002352.SZ,700,700,161.929319,159.585528,-1640.6537,31
20260816_125007_bb495b,2025-04-28,600267.SH,1800,1800,63.464597,62.68185,-1408.9446,19
20260816_125007_bb495b,2025-04-28,601369.SH,5300,5300,21.813574,20.936256,-4649.7854,18
20260816_125007_bb495b,2025-04-28,300498.SZ,2700,2700,38.081777,35.36405,-7337.8629,14
20260816_125007_bb495b,2025-04-28,002100.SZ,1200,1200,84.590487,77.5375,-8463.5844,14
20260816_125007_bb495b,2025-04-28,601288.SH,9000,9000,11.712668,12.130503,3760.515,6
20260816_125007_bb495b,2025-04-28,601988.SH,7400,7400,14.592171,14.472566,-885.077,2
20260816_125007_bb495b,2025-04-28,000883.SZ,3700,3700,28.922958,27.83215,-4035.9896,2
20260816_125007_bb495b,2025-04-28,601187.SH,14100,0,7.614469,7.531719,-1166.775,1
20260816_125007_bb495b,2025-04-29,605288.SH,2000,2000,55.625459,57.76362,4276.322,48
20260816_125007_bb495b,2025-04-29,002034.SZ,1500,1500,60.932085,61.6167,1026.9225,45
20260816_125007_bb495b,2025-04-29,600031.SH,100,100,947.829294,995.40449,4757.5196,41
20260816_125007_bb495b,2025-04-29,002352.SZ,700,700,161.929319,160.102464,-1278.7985,32
20260816_125007_bb495b,2025-04-29,600267.SH,1800,1800,63.464597,62.4708,-1788.8346,20
20260816_125007_bb495b,2025-04-29,601369.SH,5300,5300,21.813574,20.790528,-5422.1438,19
20260816_125007_bb495b,2025-04-29,300498.SZ,2700,2700,38.081777,35.44815,-7110.7929,15
20260816_125007_bb495b,2025-04-29,002100.SZ,1200,1200,84.590487,77.41344,-8612.4564,15
20260816_125007_bb495b,2025-04-29,601288.SH,9000,9000,11.712668,12.087257,3371.301,7
20260816_125007_bb495b,2025-04-29,601988.SH,7400,7400,14.592171,14.44722,-1072.6374,3
20260816_125007_bb495b,2025-04-29,000883.SZ,3700,3700,28.922958,27.480586,-5336.7764,3
20260816_125007_bb495b,2025-04-29,601187.SH,14100,14100,7.614469,7.226544,-5469.7425,2
20260816_125007_bb495b,2025-04-30,605288.SH,2000,2000,55.625459,57.39812,3545.322,49
20260816_125007_bb495b,2025-04-30,002034.SZ,1500,1500,60.932085,67.77837,10269.4275,46
20260816_125007_bb495b,2025-04-30,600031.SH,100,100,947.829294,979.84319,3201.3896,42
20260816_125007_bb495b,2025-04-30,002352.SZ,700,700,161.929319,160.693248,-865.2497,33
20260816_125007_bb495b,2025-04-30,600267.SH,1800,1800,63.464597,62.3301,-2042.0946,21
20260816_125007_bb495b,2025-04-30,601369.SH,5300,5300,21.813574,20.134752,-8897.7566,20
20260816_125007_bb495b,2025-04-30,300498.SZ,2700,2700,38.081777,35.61635,-6656.6529,16
20260816_125007_bb495b,2025-04-30,002100.SZ,1200,1200,84.590487,78.7781,-6974.8644,16
20260816_125007_bb495b,2025-04-30,601288.SH,9000,9000,11.712668,11.719666,62.982,8
20260816_125007_bb495b,2025-04-30,601988.SH,7400,7400,14.592171,14.016338,-4261.1642,4
20260816_125007_bb495b,2025-04-30,000883.SZ,3700,3700,28.922958,27.129022,-6637.5632,4
20260816_125007_bb495b,2025-04-30,601187.SH,14100,14100,7.614469,7.031232,-8223.6417,3
20260816_125007_bb495b,2025-05-06,605288.SH,2000,2000,55.625459,63.14378,15036.642,50
20260816_125007_bb495b,2025-05-06,002034.SZ,1500,1500,60.932085,68.463,11296.3725,47
20260816_125007_bb495b,2025-05-06,600031.SH,100,100,947.829294,1020.82128,7299.1986,43
20260816_125007_bb495b,2025-05-06,002352.SZ,700,700,161.929319,161.72712,-141.5393,34
20260816_125007_bb495b,2025-05-06,600267.SH,1800,1800,63.464597,62.54115,-1662.2046,22
20260816_125007_bb495b,2025-05-06,601369.SH,5300,5300,21.813574,20.40192,-7481.7662,21
20260816_125007_bb495b,2025-05-06,300498.SZ,2700,2700,38.081777,35.9107,-5861.9079,17
20260816_125007_bb495b,2025-05-06,002100.SZ,1200,1200,84.590487,79.3984,-6230.5044,17
20260816_125007_bb495b,2025-05-06,601288.SH,9000,9000,11.712668,11.633174,-715.446,9
20260816_125007_bb495b,2025-05-06,601988.SH,7400,7400,14.592171,13.914954,-5011.4058,5
20260816_125007_bb495b,2025-05-06,000883.SZ,3700,3700,28.922958,27.421992,-5553.5742,5
20260816_125007_bb495b,2025-05-06,601187.SH,14100,14100,7.614469,7.043439,-8051.523,4
20260816_125007_bb495b,2025-05-07,605288.SH,2000,2000,55.625459,69.34266,27434.402,51
20260816_125007_bb495b,2025-05-07,002034.SZ,1500,1500,60.932085,67.283915,9527.745,48
20260816_125007_bb495b,2025-05-07,600031.SH,100,100,947.829294,1021.33999,7351.0696,44
20260816_125007_bb495b,2025-05-07,002352.SZ,700,700,161.929319,162.207132,194.4691,35
20260816_125007_bb495b,2025-05-07,600267.SH,1800,1800,63.464597,62.0487,-2548.6146,23
20260816_125007_bb495b,2025-05-07,601369.SH,5300,5300,21.813574,20.620512,-6323.2286,22
20260816_125007_bb495b,2025-05-07,300498.SZ,2700,2700,38.081777,35.78455,-6202.5129,18
20260816_125007_bb495b,2025-05-07,002100.SZ,1200,1200,84.590487,79.64652,-5932.7604,18
20260816_125007_bb495b,2025-05-07,601288.SH,9000,9000,11.712668,11.806158,841.41,10
20260816_125007_bb495b,2025-05-07,601988.SH,7400,7400,14.592171,14.244452,-2573.1206,6
20260816_125007_bb495b,2025-05-07,000883.SZ,3700,3700,28.922958,27.363398,-5770.372,6
20260816_125007_bb495b,2025-05-07,601187.SH,14100,14100,7.614469,7.104474,-7190.9295,5
20260816_125007_bb495b,2025-05-08,605288.SH,2000,2000,55.625459,69.8105,28370.082,52
20260816_125007_bb495b,2025-05-08,002034.SZ,1500,1500,60.932085,67.55016,9927.1125,49
20260816_125007_bb495b,2025-05-08,600031.SH,100,100,947.829294,1006.81611,5898.6816,45
20260816_125007_bb495b,2025-05-08,002352.SZ,700,700,161.929319,160.730172,-839.4029,36
20260816_125007_bb495b,2025-05-08,600267.SH,1800,1800,63.464597,61.908,-2801.8746,24
20260816_125007_bb495b,2025-05-08,601369.SH,5300,5300,21.813574,20.693376,-5937.0494,23
20260816_125007_bb495b,2025-05-08,300498.SZ,2700,2700,38.081777,35.637375,-6599.8854,19
20260816_125007_bb495b,2025-05-08,002100.SZ,1200,1200,84.590487,79.52246,-6081.6324,19
20260816_125007_bb495b,2025-05-08,601288.SH,9000,9000,11.712668,11.762912,452.196,11
20260816_125007_bb495b,2025-05-08,601988.SH,7400,7400,14.592171,14.19376,-2948.2414,7
20260816_125007_bb495b,2025-05-08,000883.SZ,3700,3700,28.922958,27.304804,-5987.1698,7
20260816_125007_bb495b,2025-05-08,601187.SH,14100,14100,7.614469,7.104474,-7190.9295,6
20260816_125007_bb495b,2025-05-09,605288.SH,2000,2000,55.625459,69.21108,27171.242,53
20260816_125007_bb495b,2025-05-09,002034.SZ,1500,1500,60.932085,66.751425,8729.01,50
20260816_125007_bb495b,2025-05-09,600031.SH,100,100,947.829294,1022.89612,7506.6826,46
20260816_125007_bb495b,2025-05-09,002352.SZ,700,700,161.929319,161.247108,-477.5477,37
20260816_125007_bb495b,2025-05-09,600267.SH,1800,1800,63.464597,61.908,-2801.8746,25
20260816_125007_bb495b,2025-05-09,601369.SH,5300,5300,21.813574,20.984832,-4392.3326,24
20260816_125007_bb495b,2025-05-09,300498.SZ,2700,2700,38.081777,35.322,-7451.3979,20
20260816_125007_bb495b,2025-05-09,002100.SZ,1200,1200,84.590487,79.02622,-6677.1204,20
20260816_125007_bb495b,2025-05-09,601288.SH,9000,9000,11.712668,11.914273,1814.445,12
20260816_125007_bb495b,2025-05-09,601988.SH,7400,7400,14.592171,14.32049,-2010.4394,8
20260816_125007_bb495b,2025-05-09,000883.SZ,3700,3700,28.922958,27.304804,-5987.1698,8
20260816_125007_bb495b,2025-05-09,601187.SH,14100,14100,7.614469,7.116681,-7018.8108,7
20260816_125007_bb495b,2025-05-12,605288.SH,2000,2000,55.625459,72.16432,33077.722,54
20260816_125007_bb495b,2025-05-12,002034.SZ,1500,1500,60.932085,68.00658,10611.7425,51
20260816_125007_bb495b,2025-05-12,600031.SH,100,100,947.829294,1037.42,8959.0706,47
20260816_125007_bb495b,2025-05-12,002352.SZ,700,700,161.929319,159.32706,-1821.5813,38
20260816_125007_bb495b,2025-05-12,600267.SH,1800,1800,63.464597,61.55625,-3435.0246,26
20260816_125007_bb495b,2025-05-12,601369.SH,5300,5300,21.813574,21.300576,-2718.8894,25
20260816_125007_bb495b,2025-05-12,300498.SZ,2700,2700,38.081777,34.9856,-8359.6779,21
20260816_125007_bb495b,2025-05-12,002100.SZ,1200,1200,84.590487,78.7781,-6974.8644,21
20260816_125007_bb495b,2025-05-12,601288.SH,9000,9000,11.712668,11.935896,2009.052,13
20260816_125007_bb495b,2025-05-12,601988.SH,7400,7400,14.592171,14.269798,-2385.5602,9
20260816_125007_bb495b,2025-05-12,000883.SZ,3700,3700,28.922958,27.304804,-5987.1698,9
20260816_125007_bb495b,2025-05-12,601187.SH,14100,14100,7.614469,7.067853,-7707.2856,8
20260816_125007_bb495b,2025-05-13,605288.SH,2000,2000,55.625459,71.8573,32463.682,55
20260816_125007_bb495b,2025-05-13,002034.SZ,1500,1500,60.932085,67.09374,9242.4825,52
20260816_125007_bb495b,2025-05-13,600031.SH,100,100,947.829294,1033.27032,8544.1026,48
20260816_125007_bb495b,2025-05-13,002352.SZ,700,700,161.929319,160.139388,-1252.9517,39
20260816_125007_bb495b,2025-05-13,600267.SH,1800,1800,63.464597,62.11905,-2421.9846,27
20260816_125007_bb495b,2025-05-13,601369.SH,5300,5300,21.813574,21.179136,-3362.5214,26
20260816_125007_bb495b,2025-05-13,300498.SZ,2700,2700,38.081777,35.02765,-8246.1429,22
20260816_125007_bb495b,2025-05-13,002100.SZ,1200,1200,84.590487,78.7781,-6974.8644,22
20260816_125007_bb495b,2025-05-13,601288.SH,9000,9000,11.712668,12.173749,4149.729,14
20260816_125007_bb495b,2025-05-13,601988.SH,7400,7400,14.592171,14.371182,-1635.3186,10
20260816_125007_bb495b,2025-05-13,000883.SZ,3700,3700,28.922958,27.363398,-5770.372,10
20260816_125007_bb495b,2025-05-13,601187.SH,14100,14100,7.614469,7.311993,-4264.9116,9
20260816_125007_bb495b,2025-05-14,605288.SH,2000,2000,55.625459,70.176,29101.082,56
20260816_125007_bb495b,2025-05-14,002034.SZ,1500,1500,60.932085,67.39802,9698.9025,53
20260816_125007_bb495b,2025-05-14,600031.SH,100,100,947.829294,1015.63418,6780.4886,49
20260816_125007_bb495b,2025-05-14,002352.SZ,700,700,161.929319,162.428676,349.5499,40
20260816_125007_bb495b,2025-05-14,600267.SH,1800,1800,63.464597,62.40045,-1915.4646,28
20260816_125007_bb495b,2025-05-14,601369.SH,5300,5300,21.813574,21.057696,-4006.1534,27
20260816_125007_bb495b,2025-05-14,300498.SZ,2700,2700,38.081777,35.2379,-7678.4679,23
20260816_125007_bb495b,2025-05-14,002100.SZ,1200,1200,84.590487,78.90216,-6825.9924,23
20260816_125007_bb495b,2025-05-14,601288.SH,9000,9000,11.712668,12.195372,4344.336,15
20260816_125007_bb495b,2025-05-14,601988.SH,7400,7400,14.592171,14.396528,-1447.7582,11
20260816_125007_bb495b,2025-05-14,000883.SZ,3700,3700,28.922958,27.363398,-5770.372,11
20260816_125007_bb495b,2025-05-14,601187.SH,14100,14100,7.614469,7.519512,-1338.8937,10
20260816_125007_bb495b,2025-05-15,605288.SH,2000,2000,55.625459,69.41576,27580.602,57
20260816_125007_bb495b,2025-05-15,002034.SZ,1500,1500,60.932085,68.00658,10611.7425,54
20260816_125007_bb495b,2025-05-15,600031.SH,100,100,947.829294,995.9232,4809.3906,50
20260816_125007_bb495b,2025-05-15,002352.SZ,700,700,161.929319,161.653272,-193.2329,41
20260816_125007_bb495b,2025-05-15,600267.SH,1800,1800,63.464597,62.4708,-1788.8346,29
20260816_125007_bb495b,2025-05-15,601369.SH,5300,5300,21.813574,20.960544,-4521.059,28
20260816_125007_bb495b,2025-05-15,300498.SZ,2700,2700,38.081777,35.006625,-8302.9104,24
20260816_125007_bb495b,2025-05-15,002100.SZ,1200,1200,84.590487,79.27434,-6379.3764,24
20260816_125007_bb495b,2025-05-15,601288.SH,9000,9000,11.712668,12.238618,4733.55,16
20260816_125007_bb495b,2025-05-15,601988.SH,7400,7400,14.592171,14.371182,-1635.3186,12
20260816_125007_bb495b,2025-05-15,000883.SZ,3700,3700,28.922958,27.304804,-5987.1698,12
20260816_125007_bb495b,2025-05-15,601187.SH,14100,14100,7.614469,7.495098,-1683.1311,11
20260816_125007_bb495b,2025-05-16,605288.SH,2000,2000,55.625459,76.36026,41469.602,58
20260816_125007_bb495b,2025-05-16,002034.SZ,1500,1500,60.932085,67.01767,9128.3775,55
20260816_125007_bb495b,2025-05-16,600031.SH,100,100,947.829294,1001.1103,5328.1006,51
20260816_125007_bb495b,2025-05-16,002352.SZ,700,700,161.929319,159.32706,-1821.5813,42
20260816_125007_bb495b,2025-05-16,600267.SH,1800,1800,63.464597,64.126161,1190.8152,30
20260816_125007_bb495b,2025-05-16,601369.SH,5300,5300,21.813574,21.13056,-3619.9742,29
20260816_125007_bb495b,2025-05-16,300498.SZ,2700,2700,38.081777,34.6492,-9267.9579,25
20260816_125007_bb495b,2025-05-16,002100.SZ,1200,1200,84.590487,78.65404,-7123.7364,25
20260816_125007_bb495b,2025-05-16,601288.SH,9000,9000,11.712668,12.087257,3371.301,17
20260816_125007_bb495b,2025-05-16,601988.SH,7400,7400,14.592171,14.269798,-2385.5602,13
20260816_125007_bb495b,2025-05-16,000883.SZ,3700,3700,28.922958,27.24621,-6203.9676,13
20260816_125007_bb495b,2025-05-16,601187.SH,14100,14100,7.614469,7.348614,-3748.5555,12
20260816_125007_bb495b,2025-05-19,605288.SH,2000,2000,55.625459,76.93044,42609.962,59
20260816_125007_bb495b,2025-05-19,002034.SZ,1500,1500,60.932085,67.588195,9984.165,56
20260816_125007_bb495b,2025-05-19,600031.SH,100,100,947.829294,994.88578,4705.6486,52
20260816_125007_bb495b,2025-05-19,002352.SZ,700,700,161.929319,158.7732,-2209.2833,43
20260816_125007_bb495b,2025-05-19,600267.SH,1800,1800,63.464597,63.046596,-752.4018,31
20260816_125007_bb495b,2025-05-19,601369.SH,5300,5300,21.813574,21.057696,-4006.1534,30
20260816_125007_bb495b,2025-05-19,300498.SZ,2700,2700,38.081777,34.670225,-9211.1904,26
20260816_125007_bb495b,2025-05-19,002100.SZ,1200,1200,84.590487,78.90216,-6825.9924,26
20260816_125007_bb495b,2025-05-19,601288.SH,9000,9000,11.712668,12.022388,2787.48,18
20260816_125007_bb495b,2025-05-19,601988.SH,7400,7400,14.592171,14.219106,-2760.681,14
20260816_125007_bb495b,2025-05-19,000883.SZ,3700,3700,28.922958,27.363398,-5770.372,14
20260816_125007_bb495b,2025-05-19,601187.SH,14100,14100,7.614469,7.336407,-3920.6742,13
20260816_125007_bb495b,2025-05-20,605288.SH,2000,2000,55.625459,76.57956,41908.202,60
20260816_125007_bb495b,2025-05-20,002034.SZ,1500,1500,60.932085,67.512125,9870.06,57
20260816_125007_bb495b,2025-05-20,600031.SH,100,100,947.829294,984.51158,3668.2286,53
20260816_125007_bb495b,2025-05-20,002352.SZ,700,700,161.929319,169.29654,5157.0547,44
20260816_125007_bb495b,2025-05-20,600267.SH,1800,1800,63.464597,65.205726,3134.0322,32
20260816_125007_bb495b,2025-05-20,601369.SH,5300,5300,21.813574,21.13056,-3619.9742,31
20260816_125007_bb495b,2025-05-20,300498.SZ,2700,2700,38.081777,34.9856,-8359.6779,27
20260816_125007_bb495b,2025-05-20,002100.SZ,1200,1200,84.590487,79.89464,-5635.0164,27
20260816_125007_bb495b,2025-05-20,601288.SH,9000,9000,11.712668,12.044011,2982.087,19
20260816_125007_bb495b,2025-05-20,601988.SH,7400,7400,14.592171,14.219106,-2760.681,15
20260816_125007_bb495b,2025-05-20,000883.SZ,3700,3700,28.922958,27.480586,-5336.7764,15
20260816_125007_bb495b,2025-05-20,601187.SH,14100,14100,7.614469,7.275372,-4781.2677,14
20260816_125007_bb495b,2025-05-21,002034.SZ,1500,1500,60.932085,67.359985,9641.85,58
20260816_125007_bb495b,2025-05-21,600031.SH,100,100,947.829294,986.06771,3823.8416,54
20260816_125007_bb495b,2025-05-21,002352.SZ,700,700,161.929319,171.6966,6837.0967,45
20260816_125007_bb495b,2025-05-21,600267.SH,1800,1800,63.464597,65.205726,3134.0322,33
20260816_125007_bb495b,2025-05-21,601369.SH,5300,5300,21.813574,21.203424,-3233.795,32
20260816_125007_bb495b,2025-05-21,300498.SZ,2700,2700,38.081777,34.7333,-9040.8879,28
20260816_125007_bb495b,2025-05-21,002100.SZ,1200,1200,84.590487,79.3984,-6230.5044,28
20260816_125007_bb495b,2025-05-21,601288.SH,9000,9000,11.712668,12.065634,3176.694,20
20260816_125007_bb495b,2025-05-21,601988.SH,7400,7400,14.592171,14.244452,-2573.1206,16
20260816_125007_bb495b,2025-05-21,000883.SZ,3700,3700,28.922958,27.597774,-4903.1808,16
20260816_125007_bb495b,2025-05-21,601187.SH,14100,14100,7.614469,7.434063,-2543.7246,15
20260816_125007_bb495b,2025-05-22,002034.SZ,1500,1500,60.932085,66.523215,8386.695,59
20260816_125007_bb495b,2025-05-22,600031.SH,100,100,947.829294,989.17997,4135.0676,55
20260816_125007_bb495b,2025-05-22,002352.SZ,700,700,161.929319,170.7735,6190.9267,46
20260816_125007_bb495b,2025-05-22,600267.SH,1800,1800,63.464597,65.709523,4040.8668,34
20260816_125007_bb495b,2025-05-22,601369.SH,5300,5300,21.813574,20.88768,-4907.2382,33
20260816_125007_bb495b,2025-05-22,300498.SZ,2700,2700,38.081777,34.77535,-8927.3529,29
20260816_125007_bb495b,2025-05-22,002100.SZ,1200,1200,84.590487,78.52998,-7272.6084,29
20260816_125007_bb495b,2025-05-22,601288.SH,9000,9000,11.712668,12.130503,3760.515,21
20260816_125007_bb495b,2025-05-22,601988.SH,7400,7400,14.592171,14.269798,-2385.5602,17
20260816_125007_bb495b,2025-05-22,000883.SZ,3700,3700,28.922958,27.363398,-5770.372,17
20260816_125007_bb495b,2025-05-22,601187.SH,14100,14100,7.614469,7.641582,382.2933,16
20260816_125007_bb495b,2025-05-22,600025.SH,9100,0,12.157601,12.20277,411.0379,1
20260816_125007_bb495b,2025-05-23,002034.SZ,1500,1500,60.932085,65.19199,6389.8575,60
20260816_125007_bb495b,2025-05-23,600031.SH,100,100,947.829294,980.88061,3305.1316,56
20260816_125007_bb495b,2025-05-23,002352.SZ,700,700,161.929319,168.484212,4588.4251,47
20260816_125007_bb495b,2025-05-23,600267.SH,1800,1800,63.464597,65.781494,4170.4146,35
20260816_125007_bb495b,2025-05-23,601369.SH,5300,5300,21.813574,20.6448,-6194.5022,34
20260816_125007_bb495b,2025-05-23,300498.SZ,2700,2700,38.081777,34.459975,-9778.8654,30
20260816_125007_bb495b,2025-05-23,002100.SZ,1200,1200,84.590487,77.66156,-8314.7124,30
20260816_125007_bb495b,2025-05-23,601288.SH,9000,9000,11.712668,11.979142,2398.266,22
20260816_125007_bb495b,2025-05-23,601988.SH,7400,7400,14.592171,14.117722,-3510.9226,18
20260816_125007_bb495b,2025-05-23,000883.SZ,3700,3700,28.922958,27.24621,-6203.9676,18
20260816_125007_bb495b,2025-05-23,601187.SH,14100,14100,7.614469,7.543926,-994.6563,17
20260816_125007_bb495b,2025-05-23,600025.SH,9100,9100,12.157601,12.05793,-907.0061,2
20260816_125007_bb495b,2025-05-26,600031.SH,100,100,947.829294,967.91286,2008.3566,57
20260816_125007_bb495b,2025-05-26,002352.SZ,700,700,161.929319,168.447288,4562.5783,48
20260816_125007_bb495b,2025-05-26,600267.SH,1800,1800,63.464597,64.342074,1579.4586,36
20260816_125007_bb495b,2025-05-26,601369.SH,5300,5300,21.813574,20.76624,-5550.8702,35
20260816_125007_bb495b,2025-05-26,300498.SZ,2700,2700,38.081777,34.758405,-8973.1044,31
20260816_125007_bb495b,2025-05-26,002100.SZ,1200,1200,84.590487,77.90968,-8016.9684,31
20260816_125007_bb495b,2025-05-26,601288.SH,9000,9000,11.712668,11.89265,1619.838,23
20260816_125007_bb495b,2025-05-26,601988.SH,7400,7400,14.592171,13.965646,-4636.285,19
20260816_125007_bb495b,2025-05-26,000883.SZ,3700,3700,28.922958,27.304804,-5987.1698,19
20260816_125007_bb495b,2025-05-26,601187.SH,14100,14100,7.614469,7.531719,-1166.775,18
20260816_125007_bb495b,2025-05-26,600025.SH,9100,9100,12.157601,12.10621,-467.6581,3
20260816_125007_bb495b,2025-05-27,600031.SH,100,100,947.829294,954.94511,711.5816,58
20260816_125007_bb495b,2025-05-27,002352.SZ,700,700,161.929319,167.524188,3916.4083,49
20260816_125007_bb495b,2025-05-27,600267.SH,1800,1800,63.464597,65.49361,3652.2234,37
20260816_125007_bb495b,2025-05-27,601369.SH,5300,5300,21.813574,20.620512,-6323.2286,36
20260816_125007_bb495b,2025-05-27,300498.SZ,2700,2700,38.081777,34.588125,-9432.8604,32
20260816_125007_bb495b,2025-05-27,002100.SZ,1200,1200,84.590487,78.03374,-7868.0964,32
20260816_125007_bb495b,2025-05-27,601288.SH,9000,9000,11.712668,11.957519,2203.659,24
20260816_125007_bb495b,2025-05-27,601988.SH,7400,7400,14.592171,14.092376,-3698.483,20
20260816_125007_bb495b,2025-05-27,000883.SZ,3700,3700,28.922958,27.24621,-6203.9676,20
20260816_125007_bb495b,2025-05-27,601187.SH,14100,14100,7.614469,7.739238,1759.2429,19
20260816_125007_bb495b,2025-05-27,600025.SH,9100,9100,12.157601,12.16656,81.5269,4
20260816_125007_bb495b,2025-05-27,600115.SH,19800,0,5.554936,5.58961,686.5452,1
20260816_125007_bb495b,2025-05-28,600031.SH,100,100,947.829294,959.6135,1178.4206,59
20260816_125007_bb495b,2025-05-28,002352.SZ,700,700,161.929319,172.361232,7302.3391,50
20260816_125007_bb495b,2025-05-28,600267.SH,1800,1800,63.464597,64.701929,2227.1976,38
20260816_125007_bb495b,2025-05-28,601369.SH,5300,5300,21.813574,20.76624,-5550.8702,37
20260816_125007_bb495b,2025-05-28,300498.SZ,2700,2700,38.081777,34.417845,-9892.6164,33
20260816_125007_bb495b,2025-05-28,002100.SZ,1200,1200,84.590487,77.90968,-8016.9684,33
20260816_125007_bb495b,2025-05-28,601288.SH,9000,9000,11.712668,11.935896,2009.052,25
20260816_125007_bb495b,2025-05-28,601988.SH,7400,7400,14.592171,14.016338,-4261.1642,21
20260816_125007_bb495b,2025-05-28,000883.SZ,3700,3700,28.922958,27.187616,-6420.7654,21
20260816_125007_bb495b,2025-05-28,601187.SH,14100,14100,7.614469,7.922343,4341.0234,20
20260816_125007_bb495b,2025-05-28,600025.SH,9100,9100,12.157601,12.11828,-357.8211,5
20260816_125007_bb495b,2025-05-28,600115.SH,19800,19800,5.554936,5.61735,1235.7972,2
20260816_125007_bb495b,2025-05-29,600031.SH,100,100,947.829294,972.58125,2475.1956,60
20260816_125007_bb495b,2025-05-29,002352.SZ,700,700,161.929319,171.770448,6888.7903,51
20260816_125007_bb495b,2025-05-29,600267.SH,1800,1800,63.464597,65.421639,3522.6756,39
20260816_125007_bb495b,2025-05-29,601369.SH,5300,5300,21.813574,20.911968,-4778.5118,38
20260816_125007_bb495b,2025-05-29,300498.SZ,2700,2700,38.081777,34.886115,-8628.2874,34
20260816_125007_bb495b,2025-05-29,002100.SZ,1200,1200,84.590487,78.1578,-7719.2244,34
20260816_125007_bb495b,2025-05-29,601288.SH,9000,9000,11.712668,11.914273,1814.445,26
20260816_125007_bb495b,2025-05-29,601988.SH,7400,7400,14.592171,13.965646,-4636.285,22
20260816_125007_bb495b,2025-05-29,000883.SZ,3700,3700,28.922958,27.363398,-5770.372,22
20260816_125007_bb495b,2025-05-29,601187.SH,14100,14100,7.614469,7.861308,3480.4299,21
20260816_125007_bb495b,2025-05-29,600025.SH,9100,9100,12.157601,12.04586,-1016.8431,6
20260816_125007_bb495b,2025-05-29,600115.SH,19800,19800,5.554936,5.60348,961.1712,3
20260816_125007_bb495b,2025-05-30,002352.SZ,700,700,161.929319,170.40426,5932.4587,52
20260816_125007_bb495b,2025-05-30,600267.SH,1800,1800,63.464597,66.429233,5336.3448,40
20260816_125007_bb495b,2025-05-30,601369.SH,5300,5300,21.813574,20.863392,-5035.9646,39
20260816_125007_bb495b,2025-05-30,300498.SZ,2700,2700,38.081777,35.439525,-7134.0804,35
20260816_125007_bb495b,2025-05-30,002100.SZ,1200,1200,84.590487,80.51494,-4890.6564,35
20260816_125007_bb495b,2025-05-30,601288.SH,9000,9000,11.712668,11.957519,2203.659,27
20260816_125007_bb495b,2025-05-30,601988.SH,7400,7400,14.592171,13.990992,-4448.7246,23
20260816_125007_bb495b,2025-05-30,000883.SZ,3700,3700,28.922958,27.24621,-6203.9676,23
20260816_125007_bb495b,2025-05-30,601187.SH,14100,14100,7.614469,7.910136,4168.9047,22
20260816_125007_bb495b,2025-05-30,600025.SH,9100,9100,12.157601,12.15449,-28.3101,7
20260816_125007_bb495b,2025-05-30,600115.SH,19800,19800,5.554936,5.58961,686.5452,4
20260816_125007_bb495b,2025-06-03,002352.SZ,700,700,161.929319,176.939808,10507.3423,53
20260816_125007_bb495b,2025-06-03,600267.SH,1800,1800,63.464597,67.65274,7538.6574,41
20260816_125007_bb495b,2025-06-03,601369.SH,5300,5300,21.813574,21.033408,-4134.8798,40
20260816_125007_bb495b,2025-06-03,300498.SZ,2700,2700,38.081777,36.376065,-4605.4224,36
20260816_125007_bb495b,2025-06-03,002100.SZ,1200,1200,84.590487,80.639,-4741.7844,36
20260816_125007_bb495b,2025-06-03,601288.SH,9000,9000,11.712668,12.044011,2982.087,28
20260816_125007_bb495b,2025-06-03,601988.SH,7400,7400,14.592171,13.990992,-4448.7246,24
20260816_125007_bb495b,2025-06-03,000883.SZ,3700,3700,28.922958,27.187616,-6420.7654,24
20260816_125007_bb495b,2025-06-03,601187.SH,14100,14100,7.614469,8.007792,5545.8543,23
20260816_125007_bb495b,2025-06-03,600025.SH,9100,9100,12.157601,11.97344,-1675.8651,8
20260816_125007_bb495b,2025-06-03,600115.SH,19800,19800,5.554936,5.60348,961.1712,5
20260816_125007_bb495b,2025-06-03,601009.SH,1400,0,77.840408,77.811108,-41.02,1
20260816_125007_bb495b,2025-06-04,002352.SZ,700,700,161.929319,174.4659,8775.6067,54
20260816_125007_bb495b,2025-06-04,600267.SH,1800,1800,63.464597,67.508798,7279.5618,42
20260816_125007_bb495b,2025-06-04,601369.SH,5300,5300,21.813574,21.057696,-4006.1534,41
20260816_125007_bb495b,2025-06-04,300498.SZ,2700,2700,38.081777,36.248355,-4950.2394,37
20260816_125007_bb495b,2025-06-04,002100.SZ,1200,1200,84.590487,81.2593,-3997.4244,37
20260816_125007_bb495b,2025-06-04,601288.SH,9000,9000,11.712668,12.044011,2982.087,29
20260816_125007_bb495b,2025-06-04,601988.SH,7400,7400,14.592171,13.9403,-4823.8454,25
20260816_125007_bb495b,2025-06-04,000883.SZ,3700,3700,28.922958,27.187616,-6420.7654,25
20260816_125007_bb495b,2025-06-04,601187.SH,14100,14100,7.614469,8.081034,6578.5665,24
20260816_125007_bb495b,2025-06-04,600025.SH,9100,9100,12.157601,11.79239,-3323.4201,9
20260816_125007_bb495b,2025-06-04,600115.SH,19800,19800,5.554936,5.46478,-1785.0888,6
20260816_125007_bb495b,2025-06-04,601009.SH,1400,1400,77.840408,78.014802,244.1516,2
20260816_125007_bb495b,2025-06-05,002352.SZ,700,700,161.929319,174.945912,9111.6151,55
20260816_125007_bb495b,2025-06-05,600267.SH,1800,1800,63.464597,66.21332,4947.7014,43
20260816_125007_bb495b,2025-06-05,601369.SH,5300,5300,21.813574,21.081984,-3877.427,42
20260816_125007_bb495b,2025-06-05,300498.SZ,2700,2700,38.081777,35.41824,-7191.5499,38
20260816_125007_bb495b,2025-06-05,002100.SZ,1200,1200,84.590487,79.719012,-5845.77,38
20260816_125007_bb495b,2025-06-05,601288.SH,9000,9000,11.712668,12.044011,2982.087,30
20260816_125007_bb495b,2025-06-05,601988.SH,7400,7400,14.592171,13.864262,-5386.5266,26
20260816_125007_bb495b,2025-06-05,000883.SZ,3700,3700,28.922958,27.24621,-6203.9676,26
20260816_125007_bb495b,2025-06-05,601187.SH,14100,14100,7.614469,7.946757,4685.2608,25
20260816_125007_bb495b,2025-06-05,600025.SH,9100,9100,12.157601,11.7079,-4092.2791,10
20260816_125007_bb495b,2025-06-05,600115.SH,19800,19800,5.554936,5.49252,-1235.8368,7
20260816_125007_bb495b,2025-06-05,601009.SH,1400,1400,77.840408,76.181556,-2322.3928,3
20260816_125007_bb495b,2025-06-06,002352.SZ,700,700,161.929319,173.17356,7870.9687,56
20260816_125007_bb495b,2025-06-06,600267.SH,1800,1800,63.464597,65.853465,4299.9624,44
20260816_125007_bb495b,2025-06-06,601369.SH,5300,5300,21.813574,21.081984,-3877.427,43
20260816_125007_bb495b,2025-06-06,300498.SZ,2700,2700,38.081777,35.7588,-6272.0379,39
20260816_125007_bb495b,2025-06-06,002100.SZ,1200,1200,84.590487,79.975756,-5537.6772,39
20260816_125007_bb495b,2025-06-06,601288.SH,9000,9000,11.712668,12.130503,3760.515,31
20260816_125007_bb495b,2025-06-06,601988.SH,7400,7400,14.592171,13.81357,-5761.6474,27
20260816_125007_bb495b,2025-06-06,000883.SZ,3700,3700,28.922958,27.24621,-6203.9676,27
20260816_125007_bb495b,2025-06-06,601187.SH,14100,14100,7.614469,7.861308,3480.4299,26
20260816_125007_bb495b,2025-06-06,600025.SH,9100,9100,12.157601,11.74411,-3762.7681,11
20260816_125007_bb495b,2025-06-06,600115.SH,19800,19800,5.554936,5.49252,-1235.8368,8
20260816_125007_bb495b,2025-06-06,601009.SH,1400,1400,77.840408,76.656842,-1656.9924,4
20260816_125007_bb495b,2025-06-09,002352.SZ,700,700,161.929319,172.730472,7560.8071,57
20260816_125007_bb495b,2025-06-09,600267.SH,1800,1800,63.464597,67.796682,7797.753,45
20260816_125007_bb495b,2025-06-09,601369.SH,5300,5300,21.813574,21.252,-2976.3422,44
20260816_125007_bb495b,2025-06-09,300498.SZ,2700,2700,38.081777,37.20618,-2364.1119,40
20260816_125007_bb495b,2025-06-09,002100.SZ,1200,1200,84.590487,80.87436,-4459.3524,40
20260816_125007_bb495b,2025-06-09,601288.SH,9000,9000,11.712668,12.087257,3371.301,32
20260816_125007_bb495b,2025-06-09,601988.SH,7400,7400,14.592171,13.762878,-6136.7682,28
20260816_125007_bb495b,2025-06-09,000883.SZ,3700,3700,28.922958,27.24621,-6203.9676,28
20260816_125007_bb495b,2025-06-09,601187.SH,14100,14100,7.614469,7.885722,3824.6673,27
20260816_125007_bb495b,2025-06-09,600025.SH,9100,9100,12.157601,11.7079,-4092.2791,12
20260816_125007_bb495b,2025-06-09,600115.SH,19800,19800,5.554936,5.50639,-961.2108,9
20260816_125007_bb495b,2025-06-09,601009.SH,1400,1400,77.840408,77.06423,-1086.6492,5
20260816_125007_bb495b,2025-06-10,002352.SZ,700,700,161.929319,171.475056,6682.0159,58
20260816_125007_bb495b,2025-06-10,600267.SH,1800,1800,63.464597,69.09216,10129.6134,46
20260816_125007_bb495b,2025-06-10,601369.SH,5300,5300,21.813574,21.470592,-1817.8046,45
20260816_125007_bb495b,2025-06-10,300498.SZ,2700,2700,38.081777,37.0359,-2823.8679,41
20260816_125007_bb495b,2025-06-10,002100.SZ,1200,1200,84.590487,80.360872,-5075.538,41
20260816_125007_bb495b,2025-06-10,601288.SH,9000,9000,11.712668,12.152126,3955.122,33
20260816_125007_bb495b,2025-06-10,601988.SH,7400,7400,14.592171,13.81357,-5761.6474,29
20260816_125007_bb495b,2025-06-10,000883.SZ,3700,3700,28.922958,27.24621,-6203.9676,29
20260816_125007_bb495b,2025-06-10,601187.SH,14100,14100,7.614469,7.873515,3652.5486,28
20260816_125007_bb495b,2025-06-10,600025.SH,9100,9100,12.157601,11.65962,-4531.6271,13
20260816_125007_bb495b,2025-06-10,600115.SH,19800,19800,5.554936,5.58961,686.5452,10
20260816_125007_bb495b,2025-06-10,601009.SH,1400,1400,77.840408,77.675312,-231.1344,6
20260816_125007_bb495b,2025-06-11,002352.SZ,700,700,161.929319,173.17356,7870.9687,59
20260816_125007_bb495b,2025-06-11,600267.SH,1800,1800,63.464597,70.315667,12331.926,47
20260816_125007_bb495b,2025-06-11,601369.SH,5300,5300,21.813574,21.543456,-1431.6254,46
20260816_125007_bb495b,2025-06-11,300498.SZ,2700,2700,38.081777,38.65356,1543.8141,42
20260816_125007_bb495b,2025-06-11,002100.SZ,1200,1200,84.590487,82.15808,-2918.8884,42
20260816_125007_bb495b,2025-06-11,601288.SH,9000,9000,11.712668,12.152126,3955.122,34
20260816_125007_bb495b,2025-06-11,601988.SH,7400,7400,14.592171,13.762878,-6136.7682,30
20260816_125007_bb495b,2025-06-11,000883.SZ,3700,3700,28.922958,27.24621,-6203.9676,30
20260816_125007_bb495b,2025-06-11,601187.SH,14100,14100,7.614469,7.81248,2791.9551,29
20260816_125007_bb495b,2025-06-11,600025.SH,9100,9100,12.157601,11.67169,-4421.7901,14
20260816_125007_bb495b,2025-06-11,600115.SH,19800,19800,5.554936,5.60348,961.1712,11
20260816_125007_bb495b,2025-06-11,601009.SH,1400,1400,77.840408,77.335822,-706.4204,7
20260816_125007_bb495b,2025-06-12,002352.SZ,700,700,161.929319,180.115272,12730.1671,60
20260816_125007_bb495b,2025-06-12,600267.SH,1800,1800,63.464597,71.539174,14534.2386,48
20260816_125007_bb495b,2025-06-12,601369.SH,5300,5300,21.813574,21.446304,-1946.531,47
20260816_125007_bb495b,2025-06-12,300498.SZ,2700,2700,38.081777,37.92987,-410.1489,43
20260816_125007_bb495b,2025-06-12,002100.SZ,1200,1200,84.590487,81.901336,-3226.9812,43
20260816_125007_bb495b,2025-06-12,601288.SH,9000,9000,11.712668,12.173749,4149.729,35
20260816_125007_bb495b,2025-06-12,601988.SH,7400,7400,14.592171,13.762878,-6136.7682,31
20260816_125007_bb495b,2025-06-12,000883.SZ,3700,3700,28.922958,27.187616,-6420.7654,31
20260816_125007_bb495b,2025-06-12,601187.SH,14100,14100,7.614469,7.873515,3652.5486,30
20260816_125007_bb495b,2025-06-12,600025.SH,9100,9100,12.157601,11.61134,-4970.9751,15
20260816_125007_bb495b,2025-06-12,600115.SH,19800,19800,5.554936,5.60348,961.1712,12
20260816_125007_bb495b,2025-06-12,601009.SH,1400,1400,77.840408,79.372762,2145.2956,8
20260816_125007_bb495b,2025-06-13,600267.SH,1800,1800,63.464597,70.315667,12331.926,49
20260816_125007_bb495b,2025-06-13,601369.SH,5300,5300,21.813574,21.592032,-1174.1726,48
20260816_125007_bb495b,2025-06-13,300498.SZ,2700,2700,38.081777,37.58931,-1329.6609,44
20260816_125007_bb495b,2025-06-13,002100.SZ,1200,1200,84.590487,80.617616,-4767.4452,44
20260816_125007_bb495b,2025-06-13,601288.SH,9000,9000,11.712668,12.10888,3565.908,36
20260816_125007_bb495b,2025-06-13,601988.SH,7400,7400,14.592171,13.534764,-7824.8118,32
20260816_125007_bb495b,2025-06-13,000883.SZ,3700,3700,28.922958,27.187616,-6420.7654,32
20260816_125007_bb495b,2025-06-13,601187.SH,14100,14100,7.614469,7.727031,1587.1242,31
20260816_125007_bb495b,2025-06-13,600025.SH,9100,9100,12.157601,11.73204,-3872.6051,16
20260816_125007_bb495b,2025-06-13,600115.SH,19800,19800,5.554936,5.52026,-686.5848,13
20260816_125007_bb495b,2025-06-13,601009.SH,1400,1400,77.840408,79.508558,2335.41,9
20260816_125007_bb495b,2025-06-16,600267.SH,1800,1800,63.464597,69.020189,10000.0656,50
20260816_125007_bb495b,2025-06-16,601369.SH,5300,5300,21.813574,21.446304,-1946.531,49
20260816_125007_bb495b,2025-06-16,300498.SZ,2700,2700,38.081777,36.844335,-3341.0934,45
20260816_125007_bb495b,2025-06-16,002100.SZ,1200,1200,84.590487,79.847384,-5691.7236,45
20260816_125007_bb495b,2025-06-16,601288.SH,9000,9000,11.712668,12.173749,4149.729,37
20260816_125007_bb495b,2025-06-16,601988.SH,7400,7400,14.592171,13.636148,-7074.5702,33
20260816_125007_bb495b,2025-06-16,000883.SZ,3700,3700,28.922958,27.070428,-6854.361,33
20260816_125007_bb495b,2025-06-16,601187.SH,14100,14100,7.614469,7.800273,2619.8364,32
20260816_125007_bb495b,2025-06-16,600025.SH,9100,9100,12.157601,11.74411,-3762.7681,17
20260816_125007_bb495b,2025-06-16,600115.SH,19800,19800,5.554936,5.53413,-411.9588,14
20260816_125007_bb495b,2025-06-16,601009.SH,1400,1400,77.840408,80.255436,3381.0392,10
20260816_125007_bb495b,2025-06-16,600938.SH,3300,0,34.033167,33.340307,-2286.438,1
20260816_125007_bb495b,2025-06-17,600267.SH,1800,1800,63.464597,67.796682,7797.753,51
20260816_125007_bb495b,2025-06-17,601369.SH,5300,5300,21.813574,21.567744,-1302.899,50
20260816_125007_bb495b,2025-06-17,300498.SZ,2700,2700,38.081777,36.844335,-3341.0934,46
20260816_125007_bb495b,2025-06-17,002100.SZ,1200,1200,84.590487,80.360872,-5075.538,46
20260816_125007_bb495b,2025-06-17,601288.SH,9000,9000,11.712668,12.195372,4344.336,38
20260816_125007_bb495b,2025-06-17,601988.SH,7400,7400,14.592171,13.610802,-7262.1306,34
20260816_125007_bb495b,2025-06-17,000883.SZ,3700,3700,28.922958,27.070428,-6854.361,34
20260816_125007_bb495b,2025-06-17,601187.SH,14100,14100,7.614469,7.800273,2619.8364,33
20260816_125007_bb495b,2025-06-17,600025.SH,9100,9100,12.157601,11.96137,-1785.7021,18
20260816_125007_bb495b,2025-06-17,600115.SH,19800,19800,5.554936,5.58961,686.5452,15
20260816_125007_bb495b,2025-06-17,601009.SH,1400,1400,77.840408,79.712252,2620.5816,11
20260816_125007_bb495b,2025-06-17,600938.SH,3300,3300,34.033167,33.094887,-3096.324,2
20260816_125007_bb495b,2025-06-18,600267.SH,1800,1800,63.464597,67.868653,7927.3008,52
20260816_125007_bb495b,2025-06-18,601369.SH,5300,5300,21.813574,21.640608,-916.7198,51
20260816_125007_bb495b,2025-06-18,300498.SZ,2700,2700,38.081777,36.52506,-4203.1359,47
20260816_125007_bb495b,2025-06-18,002100.SZ,1200,1200,84.590487,79.719012,-5845.77,47
20260816_125007_bb495b,2025-06-18,601288.SH,9000,9000,11.712668,12.389979,6095.799,39
20260816_125007_bb495b,2025-06-18,601988.SH,7400,7400,14.592171,13.9403,-4823.8454,35
20260816_125007_bb495b,2025-06-18,000883.SZ,3700,3700,28.922958,27.011834,-7071.1588,35
20260816_125007_bb495b,2025-06-18,601187.SH,14100,14100,7.614469,7.971171,5029.4982,34
20260816_125007_bb495b,2025-06-18,600025.SH,9100,9100,12.157601,12.10621,-467.6581,19
20260816_125007_bb495b,2025-06-18,600115.SH,19800,19800,5.554936,5.52026,-686.5848,16
20260816_125007_bb495b,2025-06-18,601009.SH,1400,1400,77.840408,80.79862,4141.4968,12
20260816_125007_bb495b,2025-06-18,600938.SH,3300,3300,34.033167,33.193055,-2772.3696,3
20260816_125007_bb495b,2025-06-19,600267.SH,1800,1800,63.464597,65.637552,3911.319,53
20260816_125007_bb495b,2025-06-19,601369.SH,5300,5300,21.813574,21.592032,-1174.1726,52
20260816_125007_bb495b,2025-06-19,300498.SZ,2700,2700,38.081777,36.290925,-4835.3004,48
20260816_125007_bb495b,2025-06-19,002100.SZ,1200,1200,84.590487,78.692036,-7078.1412,48
20260816_125007_bb495b,2025-06-19,601288.SH,9000,9000,11.712668,12.411602,6290.406,40
20260816_125007_bb495b,2025-06-19,601988.SH,7400,7400,14.592171,14.041684,-4073.6038,36
20260816_125007_bb495b,2025-06-19,000883.SZ,3700,3700,28.922958,26.718864,-8155.1478,36
20260816_125007_bb495b,2025-06-19,601187.SH,14100,14100,7.614469,8.032206,5890.0917,35
20260816_125007_bb495b,2025-06-19,600025.SH,9100,9100,12.157601,12.19284,320.6749,20
20260816_125007_bb495b,2025-06-19,600115.SH,19800,19800,5.554936,5.50639,-961.2108,17
20260816_125007_bb495b,2025-06-19,601009.SH,1400,1400,77.840408,80.323334,3476.0964,13
20260816_125007_bb495b,2025-06-19,600938.SH,3300,3300,34.033167,33.058074,-3217.8069,4
20260816_125007_bb495b,2025-06-20,600267.SH,1800,1800,63.464597,65.709523,4040.8668,54
20260816_125007_bb495b,2025-06-20,601369.SH,5300,5300,21.813574,21.324864,-2590.163,53
20260816_125007_bb495b,2025-06-20,300498.SZ,2700,2700,38.081777,36.1845,-5122.6479,49
20260816_125007_bb495b,2025-06-20,002100.SZ,1200,1200,84.590487,78.692036,-7078.1412,49
20260816_125007_bb495b,2025-06-20,601288.SH,9000,9000,11.712668,12.476471,6874.227,41
20260816_125007_bb495b,2025-06-20,601988.SH,7400,7400,14.592171,14.168414,-3135.8018,37
20260816_125007_bb495b,2025-06-20,000883.SZ,3700,3700,28.922958,26.718968,-8154.763,37
20260816_125007_bb495b,2025-06-20,601187.SH,14100,14100,7.614469,8.264139,9160.347,36
20260816_125007_bb495b,2025-06-20,600025.SH,9100,9100,12.157601,12.118944,-351.7787,21
20260816_125007_bb495b,2025-06-20,600115.SH,19800,19800,5.554936,5.46478,-1785.0888,18
20260816_125007_bb495b,2025-06-20,601009.SH,1400,1400,77.840408,81.81709,5567.3548,14
20260816_125007_bb495b,2025-06-20,600938.SH,3300,3300,34.033167,32.751299,-4230.1644,5
20260816_125007_bb495b,2025-06-23,600267.SH,1800,1800,63.464597,66.357262,5206.797,55
20260816_125007_bb495b,2025-06-23,601369.SH,5300,5300,21.813574,21.227712,-3105.0686,54
20260816_125007_bb495b,2025-06-23,300498.SZ,2700,2700,38.081777,36.01422,-5582.4039,50
20260816_125007_bb495b,2025-06-23,002100.SZ,1200,1200,84.590487,78.820408,-6924.0948,50
20260816_125007_bb495b,2025-06-23,601288.SH,9000,9000,11.712668,12.735947,9209.511,42
20260816_125007_bb495b,2025-06-23,601988.SH,7400,7400,14.592171,14.345836,-1822.879,38
20260816_125007_bb495b,2025-06-23,000883.SZ,3700,3700,28.922958,26.718968,-8154.763,38
20260816_125007_bb495b,2025-06-23,601187.SH,14100,14100,7.614469,8.471658,12086.3649,37
20260816_125007_bb495b,2025-06-23,600025.SH,9100,9100,12.157601,12.020416,-1248.3835,22
20260816_125007_bb495b,2025-06-23,600115.SH,19800,19800,5.554936,5.46478,-1785.0888,19
20260816_125007_bb495b,2025-06-23,601009.SH,1400,1400,77.840408,81.81714,5567.4248,15
20260816_125007_bb495b,2025-06-23,600938.SH,3300,3300,34.033167,32.812654,-4027.6929,6
20260816_125007_bb495b,2025-06-24,600267.SH,1800,1800,63.464597,66.93303,6243.1794,56
20260816_125007_bb495b,2025-06-24,601369.SH,5300,5300,21.813574,21.349152,-2461.4366,55
20260816_125007_bb495b,2025-06-24,300498.SZ,2700,2700,38.081777,36.1845,-5122.6479,51
20260816_125007_bb495b,2025-06-24,002100.SZ,1200,1200,84.590487,79.59064,-5999.8164,51
20260816_125007_bb495b,2025-06-24,601288.SH,9000,9000,11.712668,12.887308,10571.76,43
20260816_125007_bb495b,2025-06-24,601988.SH,7400,7400,14.592171,14.472566,-885.077,39
20260816_125007_bb495b,2025-06-24,000883.SZ,3700,3700,28.922958,26.9586,-7268.1246,39
20260816_125007_bb495b,2025-06-24,601187.SH,14100,14100,7.614469,8.483865,12258.4836,38
20260816_125007_bb495b,2025-06-24,600025.SH,9100,9100,12.157601,11.971152,-1696.6859,23
20260816_125007_bb495b,2025-06-24,600115.SH,19800,19800,5.554936,5.58961,686.5452,20
20260816_125007_bb495b,2025-06-24,601009.SH,1400,1400,77.840408,80.850524,4214.1624,16
20260816_125007_bb495b,2025-06-24,600938.SH,3300,3300,34.033167,32.088665,-6416.8566,7
20260816_125007_bb495b,2025-06-25,600267.SH,1800,1800,63.464597,66.93303,6243.1794,57
20260816_125007_bb495b,2025-06-25,601369.SH,5300,5300,21.813574,21.203424,-3233.795,56
20260816_125007_bb495b,2025-06-25,300498.SZ,2700,2700,38.081777,36.43992,-4433.0139,52
20260816_125007_bb495b,2025-06-25,002100.SZ,1200,1200,84.590487,79.847384,-5691.7236,52
20260816_125007_bb495b,2025-06-25,601288.SH,9000,9000,11.712668,13.017046,11739.402,44
20260816_125007_bb495b,2025-06-25,601988.SH,7400,7400,14.592171,14.624642,240.2854,40
20260816_125007_bb495b,2025-06-25,000883.SZ,3700,3700,28.922958,27.078416,-6824.8054,40
20260816_125007_bb495b,2025-06-25,601187.SH,14100,14100,7.614469,8.447244,11742.1275,39
20260816_125007_bb495b,2025-06-25,600025.SH,9100,9100,12.157601,12.081996,-688.0055,24
20260816_125007_bb495b,2025-06-25,600115.SH,19800,19800,5.554936,5.64509,1785.0492,21
20260816_125007_bb495b,2025-06-25,601009.SH,1400,1400,77.840408,82.024272,5857.4096,17
20260816_125007_bb495b,2025-06-25,600938.SH,3300,3300,34.033167,32.186833,-6092.9022,8
20260816_125007_bb495b,2025-06-26,600267.SH,1800,1800,63.464597,66.141349,4818.1536,58
20260816_125007_bb495b,2025-06-26,601369.SH,5300,5300,21.813574,21.057696,-4006.1534,57
20260816_125007_bb495b,2025-06-26,300498.SZ,2700,2700,38.081777,36.631485,-3915.7884,53
20260816_125007_bb495b,2025-06-26,002100.SZ,1200,1200,84.590487,79.719012,-5845.77,53
20260816_125007_bb495b,2025-06-26,601288.SH,9000,9000,11.712668,13.146784,12907.044,45
20260816_125007_bb495b,2025-06-26,601988.SH,7400,7400,14.592171,14.70068,802.9666,41
20260816_125007_bb495b,2025-06-26,000883.SZ,3700,3700,28.922958,27.018508,-7046.465,41
20260816_125007_bb495b,2025-06-26,601187.SH,14100,14100,7.614469,8.722208,15619.1199,40
20260816_125007_bb495b,2025-06-26,600025.SH,9100,9100,12.157601,12.155892,-15.5519,25
20260816_125007_bb495b,2025-06-26,600115.SH,19800,19800,5.554936,5.64509,1785.0492,22
20260816_125007_bb495b,2025-06-26,601009.SH,1400,1400,77.840408,83.059932,7307.3336,18
20260816_125007_bb495b,2025-06-26,600938.SH,3300,3300,34.033167,32.358627,-5525.982,9
20260816_125007_bb495b,2025-06-27,600267.SH,1800,1800,63.464597,66.573175,5595.4404,59
20260816_125007_bb495b,2025-06-27,601369.SH,5300,5300,21.813574,20.984832,-4392.3326,58
20260816_125007_bb495b,2025-06-27,300498.SZ,2700,2700,38.081777,36.248355,-4950.2394,54
20260816_125007_bb495b,2025-06-27,002100.SZ,1200,1200,84.590487,79.719012,-5845.77,54
20260816_125007_bb495b,2025-06-27,601288.SH,9000,9000,11.712668,12.714324,9014.904,46
20260816_125007_bb495b,2025-06-27,601988.SH,7400,7400,14.592171,14.19376,-2948.2414,42
20260816_125007_bb495b,2025-06-27,000883.SZ,3700,3700,28.922958,27.078416,-6824.8054,42
20260816_125007_bb495b,2025-06-27,601187.SH,14100,14100,7.614469,8.522272,12800.0223,41
20260816_125007_bb495b,2025-06-27,600025.SH,9100,9100,12.157601,11.847992,-2817.4419,26
20260816_125007_bb495b,2025-06-27,600115.SH,19800,19800,5.554936,5.6867,2608.9272,23
20260816_125007_bb495b,2025-06-27,601009.SH,1400,1400,77.840408,80.505304,3730.8544,19
20260816_125007_bb495b,2025-06-27,600938.SH,3300,3300,34.033167,32.051852,-6538.3395,10
20260816_125007_bb495b,2025-06-30,600267.SH,1800,1800,63.464597,66.573175,5595.4404,60
20260816_125007_bb495b,2025-06-30,601369.SH,5300,5300,21.813574,21.300576,-2718.8894,59
20260816_125007_bb495b,2025-06-30,300498.SZ,2700,2700,38.081777,36.35478,-4662.8919,55
20260816_125007_bb495b,2025-06-30,002100.SZ,1200,1200,84.590487,79.462268,-6153.8628,55
20260816_125007_bb495b,2025-06-30,601288.SH,9000,9000,11.712668,12.714324,9014.904,47
20260816_125007_bb495b,2025-06-30,601988.SH,7400,7400,14.592171,14.244452,-2573.1206,43
20260816_125007_bb495b,2025-06-30,000883.SZ,3700,3700,28.922958,27.018508,-7046.465,43
20260816_125007_bb495b,2025-06-30,601187.SH,14100,14100,7.614469,8.484784,12271.4415,42
20260816_125007_bb495b,2025-06-30,600025.SH,9100,9100,12.157601,11.76178,-3601.9711,27
20260816_125007_bb495b,2025-06-30,600115.SH,19800,19800,5.554936,5.58961,686.5452,24
20260816_125007_bb495b,2025-06-30,601009.SH,1400,1400,77.840408,80.229128,3344.208,20
20260816_125007_bb495b,2025-06-30,600938.SH,3300,3300,34.033167,32.039581,-6578.8338,11
20260816_125007_bb495b,2025-07-01,601369.SH,5300,5300,21.813574,21.252,-2976.3422,60
20260816_125007_bb495b,2025-07-01,300498.SZ,2700,2700,38.081777,36.31221,-4777.8309,56
20260816_125007_bb495b,2025-07-01,002100.SZ,1200,1200,84.590487,79.462268,-6153.8628,56
20260816_125007_bb495b,2025-07-01,601288.SH,9000,9000,11.712668,12.887308,10571.76,48
20260816_125007_bb495b,2025-07-01,601988.SH,7400,7400,14.592171,14.32049,-2010.4394,44
20260816_125007_bb495b,2025-07-01,000883.SZ,3700,3700,28.922958,27.078416,-6824.8054,44
20260816_125007_bb495b,2025-07-01,601187.SH,14100,14100,7.614469,8.822176,17028.6687,43
20260816_125007_bb495b,2025-07-01,600025.SH,9100,9100,12.157601,11.897256,-2369.1395,28
20260816_125007_bb495b,2025-07-01,600115.SH,19800,19800,5.554936,5.53413,-411.9588,25
20260816_125007_bb495b,2025-07-01,601009.SH,1400,1400,77.840408,82.438536,6437.3792,21
20260816_125007_bb495b,2025-07-01,600938.SH,3300,3300,34.033167,32.064123,-6497.8452,12
20260816_125007_bb495b,2025-07-02,300498.SZ,2700,2700,38.081777,36.631485,-3915.7884,57
20260816_125007_bb495b,2025-07-02,002100.SZ,1200,1200,84.590487,80.360872,-5075.538,57
20260816_125007_bb495b,2025-07-02,601288.SH,9000,9000,11.712668,12.930554,10960.974,49
20260816_125007_bb495b,2025-07-02,601988.SH,7400,7400,14.592171,14.32049,-2010.4394,45
20260816_125007_bb495b,2025-07-02,000883.SZ,3700,3700,28.922958,27.25814,-6159.8266,45
20260816_125007_bb495b,2025-07-02,601187.SH,14100,14100,7.614469,8.734704,15795.3135,44
20260816_125007_bb495b,2025-07-02,600025.SH,9100,9100,12.157601,11.860308,-2705.3663,29
20260816_125007_bb495b,2025-07-02,600115.SH,19800,19800,5.554936,5.46478,-1785.0888,26
20260816_125007_bb495b,2025-07-02,601009.SH,1400,1400,77.840408,82.300448,6244.056,22
20260816_125007_bb495b,2025-07-02,600938.SH,3300,3300,34.033167,32.27273,-5809.4421,13
20260816_125007_bb495b,2025-07-02,688370.SH,3800,0,29.666925,29.323364,-1305.5318,1
20260816_125007_bb495b,2025-07-03,300498.SZ,2700,2700,38.081777,37.0359,-2823.8679,58
20260816_125007_bb495b,2025-07-03,002100.SZ,1200,1200,84.590487,80.489244,-4921.4916,58
20260816_125007_bb495b,2025-07-03,601288.SH,9000,9000,11.712668,12.865685,10377.153,50
20260816_125007_bb495b,2025-07-03,601988.SH,7400,7400,14.592171,14.244452,-2573.1206,46
20260816_125007_bb495b,2025-07-03,000883.SZ,3700,3700,28.922958,27.198232,-6381.4862,46
20260816_125007_bb495b,2025-07-03,601187.SH,14100,14100,7.614469,8.672224,14914.3455,45
20260816_125007_bb495b,2025-07-03,600025.SH,9100,9100,12.157601,11.786412,-3377.8199,30
20260816_125007_bb495b,2025-07-03,600115.SH,19800,19800,5.554936,5.38156,-3432.8448,27
20260816_125007_bb495b,2025-07-03,601009.SH,1400,1400,77.840408,82.438536,6437.3792,23
20260816_125007_bb495b,2025-07-03,600938.SH,3300,3300,34.033167,32.260459,-5849.9364,14
20260816_125007_bb495b,2025-07-03,688370.SH,3800,3800,29.666925,29.352556,-1194.6022,2
20260816_125007_bb495b,2025-07-03,600089.SH,100,0,685.82037,679.919251,-590.1119,1
20260816_125007_bb495b,2025-07-04,300498.SZ,2700,2700,38.081777,37.014615,-2881.3374,59
20260816_125007_bb495b,2025-07-04,002100.SZ,1200,1200,84.590487,80.489244,-4921.4916,59
20260816_125007_bb495b,2025-07-04,601288.SH,9000,9000,11.712668,13.038669,11934.009,51
20260816_125007_bb495b,2025-07-04,601988.SH,7400,7400,14.592171,14.44722,-1072.6374,47
20260816_125007_bb495b,2025-07-04,000883.SZ,3700,3700,28.922958,27.377956,-5716.5074,47
20260816_125007_bb495b,2025-07-04,601187.SH,14100,14100,7.614469,8.734704,15795.3135,46
20260816_125007_bb495b,2025-07-04,600025.SH,9100,9100,12.157601,11.847992,-2817.4419,31
20260816_125007_bb495b,2025-07-04,600115.SH,19800,19800,5.554936,5.28447,-5355.2268,28
20260816_125007_bb495b,2025-07-04,601009.SH,1400,1400,77.840408,83.336108,7693.98,24
20260816_125007_bb495b,2025-07-04,600938.SH,3300,3300,34.033167,32.260459,-5849.9364,15
20260816_125007_bb495b,2025-07-04,688370.SH,3800,3800,29.666925,29.425536,-917.2782,3
20260816_125007_bb495b,2025-07-04,600089.SH,100,100,685.82037,682.161359,-365.9011,2
20260816_125007_bb495b,2025-07-07,300498.SZ,2700,2700,38.081777,36.56763,-4088.1969,60
20260816_125007_bb495b,2025-07-07,002100.SZ,1200,1200,84.590487,80.489244,-4921.4916,60
20260816_125007_bb495b,2025-07-07,601288.SH,9000,9000,11.712668,13.146784,12907.044,52
20260816_125007_bb495b,2025-07-07,601988.SH,7400,7400,14.592171,14.523258,-509.9562,48
20260816_125007_bb495b,2025-07-07,000883.SZ,3700,3700,28.922958,27.677496,-4608.2094,48
20260816_125007_bb495b,2025-07-07,601187.SH,14100,14100,7.614469,9.097088,20904.9279,47
20260816_125007_bb495b,2025-07-07,600025.SH,9100,9100,12.157601,11.909572,-2257.0639,32
20260816_125007_bb495b,2025-07-07,600115.SH,19800,19800,5.554936,5.29834,-5080.6008,29
20260816_125007_bb495b,2025-07-07,601009.SH,1400,1400,77.840408,82.8528,7017.3488,25
20260816_125007_bb495b,2025-07-07,600938.SH,3300,3300,34.033167,31.892329,-7064.7654,16
20260816_125007_bb495b,2025-07-07,688370.SH,3800,3800,29.666925,29.542304,-473.5598,4
20260816_125007_bb495b,2025-07-07,600089.SH,100,100,685.82037,686.085048,26.4678,3
20260816_125007_bb495b,2025-07-08,601288.SH,9000,9000,11.712668,13.233276,13685.472,53
20260816_125007_bb495b,2025-07-08,601988.SH,7400,7400,14.592171,14.472566,-885.077,49
20260816_125007_bb495b,2025-07-08,000883.SZ,3700,3700,28.922958,27.617588,-4829.869,49
20260816_125007_bb495b,2025-07-08,601187.SH,14100,14100,7.614469,9.18456,22138.2831,48
20260816_125007_bb495b,2025-07-08,600025.SH,9100,9100,12.157601,11.798728,-3265.7443,33
20260816_125007_bb495b,2025-07-08,600115.SH,19800,19800,5.554936,5.31221,-4805.9748,30
20260816_125007_bb495b,2025-07-08,601009.SH,1400,1400,77.840408,81.47192,5084.1168,26
20260816_125007_bb495b,2025-07-08,600938.SH,3300,3300,34.033167,31.978226,-6781.3053,17
20260816_125007_bb495b,2025-07-08,688370.SH,3800,3800,29.666925,29.717456,192.0178,5
20260816_125007_bb495b,2025-07-08,600089.SH,100,100,685.82037,706.26402,2044.365,4
20260816_125007_bb495b,2025-07-09,601288.SH,9000,9000,11.712668,13.40626,15242.328,54
20260816_125007_bb495b,2025-07-09,601988.SH,7400,7400,14.592171,14.649988,427.8458,50
20260816_125007_bb495b,2025-07-09,000883.SZ,3700,3700,28.922958,27.55768,-5051.5286,50
20260816_125007_bb495b,2025-07-09,601187.SH,14100,14100,7.614469,9.55944,27424.0911,49
20260816_125007_bb495b,2025-07-09,600025.SH,9100,9100,12.157601,11.76178,-3601.9711,34
20260816_125007_bb495b,2025-07-09,600115.SH,19800,19800,5.554936,5.29834,-5080.6008,31
20260816_125007_bb495b,2025-07-09,601009.SH,1400,1400,77.840408,81.47192,5084.1168,27
20260816_125007_bb495b,2025-07-09,600938.SH,3300,3300,34.033167,32.100936,-6376.3623,18
20260816_125007_bb495b,2025-07-09,688370.SH,3800,3800,29.666925,30.549428,3353.5114,6
20260816_125007_bb495b,2025-07-09,600089.SH,100,100,685.82037,698.416642,1259.6272,5
20260816_125007_bb495b,2025-07-09,000591.SZ,1600,0,69.005206,68.619392,-617.3024,1
20260816_125007_bb495b,2025-07-09,600075.SH,2300,0,48.739825,48.567315,-396.773,1
20260816_125007_bb495b,2025-07-10,601288.SH,9000,9000,11.712668,13.644113,17383.005,55
20260816_125007_bb495b,2025-07-10,601988.SH,7400,7400,14.592171,14.751372,1178.0874,51
20260816_125007_bb495b,2025-07-10,000883.SZ,3700,3700,28.922958,27.617588,-4829.869,51
20260816_125007_bb495b,2025-07-10,601187.SH,14100,14100,7.614469,9.484464,26366.9295,50
20260816_125007_bb495b,2025-07-10,600025.SH,9100,9100,12.157601,11.650936,-4610.6515,35
20260816_125007_bb495b,2025-07-10,600115.SH,19800,19800,5.554936,5.31221,-4805.9748,32
20260816_125007_bb495b,2025-07-10,601009.SH,1400,1400,77.840408,81.679052,5374.1016,28
20260816_125007_bb495b,2025-07-10,600938.SH,3300,3300,34.033167,33.25441,-2569.8981,19
20260816_125007_bb495b,2025-07-10,688370.SH,3800,3800,29.666925,30.242912,2188.7506,7
20260816_125007_bb495b,2025-07-10,600089.SH,100,100,685.82037,697.84488,1202.451,6
20260816_125007_bb495b,2025-07-10,000591.SZ,1600,1600,69.005206,69.368512,581.2896,2
20260816_125007_bb495b,2025-07-10,600075.SH,2300,2300,48.739825,49.460507,1657.5686,2
20260816_125007_bb495b,2025-07-11,601288.SH,9000,9000,11.712668,13.665736,17577.612,56
20260816_125007_bb495b,2025-07-11,601988.SH,7400,7400,14.592171,14.421874,-1260.1978,52
20260816_125007_bb495b,2025-07-11,000883.SZ,3700,3700,28.922958,27.677496,-4608.2094,52
20260816_125007_bb495b,2025-07-11,601187.SH,14100,14100,7.614469,9.49696,26543.1231,51
20260816_125007_bb495b,2025-07-11,600025.SH,9100,9100,12.157601,11.63862,-4722.7271,36
20260816_125007_bb495b,2025-07-11,600115.SH,19800,19800,5.554936,5.32608,-4531.3488,33
20260816_125007_bb495b,2025-07-11,601009.SH,1400,1400,77.840408,79.814864,2764.2384,29
20260816_125007_bb495b,2025-07-11,600938.SH,3300,3300,34.033167,32.51486,-5010.4131,20
20260816_125007_bb495b,2025-07-11,688370.SH,3800,3800,29.666925,30.549428,3353.5114,8
20260816_125007_bb495b,2025-07-11,600089.SH,100,100,685.82037,697.84488,1202.451,7
20260816_125007_bb495b,2025-07-11,000591.SZ,1600,1600,69.005206,69.216696,338.384,3
20260816_125007_bb495b,2025-07-11,600075.SH,2300,2300,48.739825,49.348858,1400.7759,3
20260816_125007_bb495b,2025-07-14,601288.SH,9000,9000,11.712668,13.795474,18745.254,57
20260816_125007_bb495b,2025-07-14,601988.SH,7400,7400,14.592171,14.57395,-134.8354,53
20260816_125007_bb495b,2025-07-14,000883.SZ,3700,3700,28.922958,27.797312,-4164.8902,53
20260816_125007_bb495b,2025-07-14,601187.SH,14100,14100,7.614469,9.6844,29186.0271,52
20260816_125007_bb495b,2025-07-14,600025.SH,9100,9100,12.157601,11.663252,-4498.5759,37
20260816_125007_bb495b,2025-07-14,600115.SH,19800,19800,5.554936,5.29834,-5080.6008,34
20260816_125007_bb495b,2025-07-14,601009.SH,1400,1400,77.840408,80.367216,3537.5312,30
20260816_125007_bb495b,2025-07-14,600938.SH,3300,3300,34.033167,32.70317,-4388.9901,21
20260816_125007_bb495b,2025-07-14,688370.SH,3800,3800,29.666925,30.753772,4130.0186,9
20260816_125007_bb495b,2025-07-14,600089.SH,100,100,685.82037,701.848908,1602.8538,8
20260816_125007_bb495b,2025-07-14,000591.SZ,1600,1600,69.005206,69.672069,1066.9808,4
20260816_125007_bb495b,2025-07-14,600075.SH,2300,2300,48.739825,49.013911,630.3978,4
20260816_125007_bb495b,2025-07-15,601288.SH,9000,9000,11.712668,13.687359,17772.219,58
20260816_125007_bb495b,2025-07-15,601988.SH,7400,7400,14.592171,14.44722,-1072.6374,54
20260816_125007_bb495b,2025-07-15,000883.SZ,3700,3700,28.922958,27.437864,-5494.8478,54
20260816_125007_bb495b,2025-07-15,601187.SH,14100,14100,7.614469,9.709392,29538.4143,53
20260816_125007_bb495b,2025-07-15,600025.SH,9100,9100,12.157601,11.626304,-4834.8027,38
20260816_125007_bb495b,2025-07-15,600115.SH,19800,19800,5.554936,5.29834,-5080.6008,35
20260816_125007_bb495b,2025-07-15,601009.SH,1400,1400,77.840408,79.952952,2957.5616,31
20260816_125007_bb495b,2025-07-15,600938.SH,3300,3300,34.033167,32.401874,-5383.2669,22
20260816_125007_bb495b,2025-07-15,688370.SH,3800,3800,29.666925,30.315892,2466.0746,10
20260816_125007_bb495b,2025-07-15,600089.SH,100,100,685.82037,696.700872,1088.0502,9
20260816_125007_bb495b,2025-07-15,000591.SZ,1600,1600,69.005206,68.30595,-1118.8096,5
20260816_125007_bb495b,2025-07-15,600075.SH,2300,2300,48.739825,48.00907,-1680.7365,5
20260816_125007_bb495b,2025-07-16,601288.SH,9000,9000,11.712668,13.600867,16993.791,59
20260816_125007_bb495b,2025-07-16,601988.SH,7400,7400,14.592171,14.472566,-885.077,55
20260816_125007_bb495b,2025-07-16,000883.SZ,3700,3700,28.922958,27.497772,-5273.1882,55
20260816_125007_bb495b,2025-07-16,601187.SH,14100,14100,7.614469,9.471968,26190.7359,54
20260816_125007_bb495b,2025-07-16,600025.SH,9100,9100,12.157601,11.589356,-5171.0295,39
20260816_125007_bb495b,2025-07-16,600115.SH,19800,19800,5.554936,5.29834,-5080.6008,36
20260816_125007_bb495b,2025-07-16,601009.SH,1400,1400,77.840408,79.4006,2184.2688,32
20260816_125007_bb495b,2025-07-16,600938.SH,3300,3300,34.033167,32.38932,-5424.6951,23
20260816_125007_bb495b,2025-07-16,688370.SH,3800,3800,29.666925,30.35968,2632.469,11
20260816_125007_bb495b,2025-07-16,600089.SH,100,100,685.82037,694.98486,916.449,10
20260816_125007_bb495b,2025-07-16,000591.SZ,1600,1600,69.005206,68.002368,-1604.5408,6
20260816_125007_bb495b,2025-07-16,600075.SH,2300,2300,48.739825,48.120719,-1423.9438,6
20260816_125007_bb495b,2025-07-17,601288.SH,9000,9000,11.712668,13.534427,16395.831,60
20260816_125007_bb495b,2025-07-17,601988.SH,7400,7400,14.592171,14.371182,-1635.3186,56
20260816_125007_bb495b,2025-07-17,000883.SZ,3700,3700,28.922958,27.437864,-5494.8478,56
20260816_125007_bb495b,2025-07-17,601187.SH,14100,14100,7.614469,9.55944,27424.0911,55
20260816_125007_bb495b,2025-07-17,600025.SH,9100,9100,12.157601,11.51546,-5843.4831,40
20260816_125007_bb495b,2025-07-17,600115.SH,19800,19800,5.554936,5.29834,-5080.6008,37
20260816_125007_bb495b,2025-07-17,601009.SH,1400,1400,77.840408,80.367216,3537.5312,33
20260816_125007_bb495b,2025-07-17,600938.SH,3300,3300,34.033167,32.26378,-5838.9771,24
20260816_125007_bb495b,2025-07-17,688370.SH,3800,3800,29.666925,30.301296,2410.6098,12
20260816_125007_bb495b,2025-07-17,600089.SH,100,100,685.82037,701.276904,1545.6534,11
20260816_125007_bb495b,2025-07-17,000591.SZ,1600,1600,69.005206,68.913114,-147.3472,7
20260816_125007_bb495b,2025-07-17,600075.SH,2300,2300,48.739825,48.120719,-1423.9438,7
20260816_125007_bb495b,2025-07-18,601988.SH,7400,7400,14.592171,14.421874,-1260.1978,57
20260816_125007_bb495b,2025-07-18,000883.SZ,3700,3700,28.922958,27.55768,-5051.5286,57
20260816_125007_bb495b,2025-07-18,601187.SH,14100,14100,7.614469,9.896832,32181.3183,56
20260816_125007_bb495b,2025-07-18,600025.SH,9100,9100,12.157601,11.589356,-5171.0295,41
20260816_125007_bb495b,2025-07-18,600115.SH,19800,19800,5.554936,5.29834,-5080.6008,38
20260816_125007_bb495b,2025-07-18,601009.SH,1400,1400,77.840408,81.610008,5277.44,34
20260816_125007_bb495b,2025-07-18,600938.SH,3300,3300,34.033167,32.45209,-5217.5541,25
20260816_125007_bb495b,2025-07-18,688370.SH,3800,3800,29.666925,30.637004,3686.3002,13
20260816_125007_bb495b,2025-07-18,600089.SH,100,100,685.82037,703.56492,1774.455,12
20260816_125007_bb495b,2025-07-18,000591.SZ,1600,1600,69.005206,68.609532,-633.0784,8
20260816_125007_bb495b,2025-07-18,600075.SH,2300,2300,48.739825,48.678964,-139.9803,8
20260816_125007_bb495b,2025-07-21,601988.SH,7400,7400,14.592171,14.32049,-2010.4394,58
20260816_125007_bb495b,2025-07-21,000883.SZ,3700,3700,28.922958,27.797312,-4164.8902,58
20260816_125007_bb495b,2025-07-21,601187.SH,14100,14100,7.614469,9.546944,27247.8975,57
20260816_125007_bb495b,2025-07-21,600025.SH,9100,9100,12.157601,11.749464,-3714.0467,42
20260816_125007_bb495b,2025-07-21,600115.SH,19800,19800,5.554936,5.33995,-4256.7228,39
20260816_125007_bb495b,2025-07-21,601009.SH,1400,1400,77.840408,80.505304,3730.8544,35
20260816_125007_bb495b,2025-07-21,600938.SH,3300,3300,34.033167,32.6404,-4596.1311,26
20260816_125007_bb495b,2025-07-21,688370.SH,3800,3800,29.666925,30.72458,4019.089,14
20260816_125007_bb495b,2025-07-21,600089.SH,100,100,685.82037,751.041252,6522.0882,13
20260816_125007_bb495b,2025-07-21,000591.SZ,1600,1600,69.005206,69.520278,824.1152,9
20260816_125007_bb495b,2025-07-21,600075.SH,2300,2300,48.739825,51.023593,5252.6664,9
20260816_125007_bb495b,2025-07-21,600211.SH,800,0,131.117295,137.81955,5361.804,1
20260816_125007_bb495b,2025-07-22,601988.SH,7400,7400,14.592171,14.143068,-3323.3622,59
20260816_125007_bb495b,2025-07-22,000883.SZ,3700,3700,28.922958,28.096852,-3056.5922,59
20260816_125007_bb495b,2025-07-22,601187.SH,14100,14100,7.614469,9.384496,24957.3807,58
20260816_125007_bb495b,2025-07-22,600025.SH,9100,9100,12.157601,11.995784,-1472.5347,43
20260816_125007_bb495b,2025-07-22,600115.SH,19800,19800,5.554936,5.38156,-3432.8448,40
20260816_125007_bb495b,2025-07-22,601009.SH,1400,1400,77.840408,81.195744,4697.4704,36
20260816_125007_bb495b,2025-07-22,600938.SH,3300,3300,34.033167,32.803602,-4057.5645,27
20260816_125007_bb495b,2025-07-22,688370.SH,3800,3800,29.666925,30.534832,3298.0466,15
20260816_125007_bb495b,2025-07-22,600089.SH,100,100,685.82037,825.973776,14015.3406,14
20260816_125007_bb495b,2025-07-22,000591.SZ,1600,1600,69.005206,71.038188,3252.7712,10
20260816_125007_bb495b,2025-07-22,600075.SH,2300,2300,48.739825,51.246891,5766.2518,10
20260816_125007_bb495b,2025-07-22,600211.SH,800,800,131.117295,138.6528,6028.404,2
20260816_125007_bb495b,2025-07-23,601988.SH,7400,7400,14.592171,14.269798,-2385.5602,60
20260816_125007_bb495b,2025-07-23,000883.SZ,3700,3700,28.922958,27.917128,-3721.571,60
20260816_125007_bb495b,2025-07-23,601187.SH,14100,14100,7.614469,9.234544,22843.0575,59
20260816_125007_bb495b,2025-07-23,600025.SH,9100,9100,12.157601,11.663252,-4498.5759,44
20260816_125007_bb495b,2025-07-23,600115.SH,19800,19800,5.554936,5.42317,-2608.9668,41
20260816_125007_bb495b,2025-07-23,601009.SH,1400,1400,77.840408,81.195744,4697.4704,37
20260816_125007_bb495b,2025-07-23,600938.SH,3300,3300,34.033167,32.715724,-4347.5619,28
20260816_125007_bb495b,2025-07-23,688370.SH,3800,3800,29.666925,30.301296,2410.6098,16
20260816_125007_bb495b,2025-07-23,600089.SH,100,100,685.82037,815.1057,12928.533,15
20260816_125007_bb495b,2025-07-23,000591.SZ,1600,1600,69.005206,70.127442,1795.5776,11
20260816_125007_bb495b,2025-07-23,600075.SH,2300,2300,48.739825,51.023593,5252.6664,11
20260816_125007_bb495b,2025-07-23,600211.SH,800,800,131.117295,133.12002,1602.18,3
20260816_125007_bb495b,2025-07-24,601187.SH,14100,14100,7.614469,9.022112,19847.7663,60
20260816_125007_bb495b,2025-07-24,600025.SH,9100,9100,12.157601,11.613988,-4946.8783,45
20260816_125007_bb495b,2025-07-24,600115.SH,19800,19800,5.554936,5.50639,-961.2108,42
20260816_125007_bb495b,2025-07-24,601009.SH,1400,1400,77.840408,80.574348,3827.516,38
20260816_125007_bb495b,2025-07-24,600938.SH,3300,3300,34.033167,32.70317,-4388.9901,29
20260816_125007_bb495b,2025-07-24,688370.SH,3800,3800,29.666925,30.447256,2965.2578,17
20260816_125007_bb495b,2025-07-24,600089.SH,100,100,685.82037,823.113756,13729.3386,16
20260816_125007_bb495b,2025-07-24,000591.SZ,1600,1600,69.005206,70.734606,2767.04,12
20260816_125007_bb495b,2025-07-24,600075.SH,2300,2300,48.739825,51.581838,6536.6299,12
20260816_125007_bb495b,2025-07-24,600211.SH,800,800,131.117295,134.6532,2828.724,4
20260816_125007_bb495b,2025-07-25,600025.SH,9100,9100,12.157601,11.540092,-5619.3319,46
20260816_125007_bb495b,2025-07-25,600115.SH,19800,19800,5.554936,5.45091,-2059.7148,43
20260816_125007_bb495b,2025-07-25,601009.SH,1400,1400,77.840408,80.229128,3344.208,39
20260816_125007_bb495b,2025-07-25,600938.SH,3300,3300,34.033167,32.715724,-4347.5619,30
20260816_125007_bb495b,2025-07-25,688370.SH,3800,3800,29.666925,33.395648,14169.1474,18
20260816_125007_bb495b,2025-07-25,600089.SH,100,100,685.82037,802.521612,11670.1242,17
20260816_125007_bb495b,2025-07-25,000591.SZ,1600,1600,69.005206,70.127442,1795.5776,13
20260816_125007_bb495b,2025-07-25,600075.SH,2300,2300,48.739825,51.35854,6023.0445,13
20260816_125007_bb495b,2025-07-25,600211.SH,800,800,131.117295,132.9867,1495.524,5
20260816_125007_bb495b,2025-07-25,600009.SH,1100,0,102.814725,101.264436,-1705.3179,1
20260816_125007_bb495b,2025-07-25,601065.SH,12600,0,9.286126,9.231642,-686.4984,1
20260816_125007_bb495b,2025-07-28,600025.SH,9100,9100,12.157601,11.416932,-6740.0879,47
20260816_125007_bb495b,2025-07-28,600115.SH,19800,19800,5.554936,5.42317,-2608.9668,44
20260816_125007_bb495b,2025-07-28,601009.SH,1400,1400,77.840408,81.057656,4504.1472,40
20260816_125007_bb495b,2025-07-28,600938.SH,3300,3300,34.033167,32.464644,-5176.1259,31
20260816_125007_bb495b,2025-07-28,688370.SH,3800,3800,29.666925,32.54908,10952.189,19
20260816_125007_bb495b,2025-07-28,600089.SH,100,100,685.82037,791.653536,10583.3166,18
20260816_125007_bb495b,2025-07-28,000591.SZ,1600,1600,69.005206,70.127442,1795.5776,14
20260816_125007_bb495b,2025-07-28,600075.SH,2300,2300,48.739825,51.135242,5509.4591,14
20260816_125007_bb495b,2025-07-28,600211.SH,800,800,131.117295,133.25334,1708.836,6
20260816_125007_bb495b,2025-07-28,600009.SH,1100,1100,102.814725,101.171703,-1807.3242,2
20260816_125007_bb495b,2025-07-28,601065.SH,12600,12600,9.286126,9.135144,-1902.3732,2
20260816_125007_bb495b,2025-07-28,002884.SZ,1100,0,98.617054,97.125941,-1640.2243,1
20260816_125007_bb495b,2025-07-29,600025.SH,9100,9100,12.157601,11.466196,-6291.7855,48
20260816_125007_bb495b,2025-07-29,600115.SH,19800,19800,5.554936,5.38156,-3432.8448,45
20260816_125007_bb495b,2025-07-29,601009.SH,1400,1400,77.840408,80.229128,3344.208,41
20260816_125007_bb495b,2025-07-29,600938.SH,3300,3300,34.033167,32.791048,-4098.9927,32
20260816_125007_bb495b,2025-07-29,688370.SH,3800,3800,29.666925,32.899384,12283.3442,20
20260816_125007_bb495b,2025-07-29,600089.SH,100,100,685.82037,801.949608,11612.9238,19
20260816_125007_bb495b,2025-07-29,000591.SZ,1600,1600,69.005206,69.975651,1552.712,15
20260816_125007_bb495b,2025-07-29,600075.SH,2300,2300,48.739825,50.911944,4995.8737,15
20260816_125007_bb495b,2025-07-29,600211.SH,800,800,131.117295,134.95317,3068.7,7
20260816_125007_bb495b,2025-07-29,600009.SH,1100,1100,102.814725,100.615305,-2419.362,3
20260816_125007_bb495b,2025-07-29,601065.SH,12600,12600,9.286126,9.135144,-1902.3732,3
20260816_125007_bb495b,2025-07-29,002884.SZ,1100,1100,98.617054,97.006987,-1771.0737,2
20260816_125007_bb495b,2025-07-30,600025.SH,9100,9100,12.157601,11.552408,-5507.2563,49
20260816_125007_bb495b,2025-07-30,600115.SH,19800,19800,5.554936,5.36769,-3707.4708,46
20260816_125007_bb495b,2025-07-30,601009.SH,1400,1400,77.840408,81.057656,4504.1472,42
20260816_125007_bb495b,2025-07-30,600938.SH,3300,3300,34.033167,33.255546,-2566.1493,33
20260816_125007_bb495b,2025-07-30,688370.SH,3800,3800,29.666925,32.91398,12338.809,21
20260816_125007_bb495b,2025-07-30,600089.SH,100,100,685.82037,791.653536,10583.3166,20
20260816_125007_bb495b,2025-07-30,000591.SZ,1600,1600,69.005206,70.279233,2038.4432,16
20260816_125007_bb495b,2025-07-30,600075.SH,2300,2300,48.739825,50.576997,4225.4956,16
20260816_125007_bb495b,2025-07-30,600211.SH,800,800,131.117295,137.88621,5415.132,8
20260816_125007_bb495b,2025-07-30,600009.SH,1100,1100,102.814725,100.986237,-2011.3368,4
20260816_125007_bb495b,2025-07-30,601065.SH,12600,12600,9.286126,9.199476,-1091.79,4
20260816_125007_bb495b,2025-07-30,002884.SZ,1100,1100,98.617054,97.720711,-985.9773,3
20260816_125007_bb495b,2025-07-31,600025.SH,9100,9100,12.157601,11.441564,-6515.9367,50
20260816_125007_bb495b,2025-07-31,600115.SH,19800,19800,5.554936,5.25673,-5904.4788,47
20260816_125007_bb495b,2025-07-31,601009.SH,1400,1400,77.840408,79.262512,1990.9456,43
20260816_125007_bb495b,2025-07-31,600938.SH,3300,3300,34.033167,32.841264,-3933.2799,34
20260816_125007_bb495b,2025-07-31,688370.SH,3800,3800,29.666925,34.796864,19493.7682,22
20260816_125007_bb495b,2025-07-31,600089.SH,100,100,685.82037,772.777404,8695.7034,21
20260816_125007_bb495b,2025-07-31,000591.SZ,1600,1600,69.005206,68.609532,-633.0784,17
20260816_125007_bb495b,2025-07-31,600075.SH,2300,2300,48.739825,49.237209,1143.9832,17
20260816_125007_bb495b,2025-07-31,600211.SH,800,800,131.117295,141.91914,8641.476,9
20260816_125007_bb495b,2025-07-31,600009.SH,1100,1100,102.814725,99.471598,-3677.4397,5
20260816_125007_bb495b,2025-07-31,601065.SH,12600,12600,9.286126,9.027924,-3253.3452,5
20260816_125007_bb495b,2025-07-31,002884.SZ,1100,1100,98.617054,95.876924,-3014.143,4
20260816_125007_bb495b,2025-08-01,600025.SH,9100,9100,12.157601,11.355352,-7300.4659,51
20260816_125007_bb495b,2025-08-01,600115.SH,19800,19800,5.554936,5.25673,-5904.4788,48
20260816_125007_bb495b,2025-08-01,601009.SH,1400,1400,77.840408,80.643392,3924.1776,44
20260816_125007_bb495b,2025-08-01,600938.SH,3300,3300,34.033167,32.565076,-4844.7003,35
20260816_125007_bb495b,2025-08-01,688370.SH,3800,3800,29.666925,34.636308,18883.6554,23
20260816_125007_bb495b,2025-08-01,600089.SH,100,100,685.82037,766.48536,8066.499,22
20260816_125007_bb495b,2025-08-01,000591.SZ,1600,1600,69.005206,69.064905,95.5184,18
20260816_125007_bb495b,2025-08-01,600075.SH,2300,2300,48.739825,49.237209,1143.9832,18
20260816_125007_bb495b,2025-08-01,600211.SH,800,800,131.117295,139.95267,7068.3,10
20260816_125007_bb495b,2025-08-01,600009.SH,1100,1100,102.814725,99.347954,-3813.4481,6
20260816_125007_bb495b,2025-08-01,601065.SH,12600,12600,9.286126,9.092256,-2442.762,6
20260816_125007_bb495b,2025-08-01,002884.SZ,1100,1100,98.617054,96.531171,-2294.4713,5
20260816_125007_bb495b,2025-08-04,600025.SH,9100,9100,12.157601,11.3923,-6964.2391,52
20260816_125007_bb495b,2025-08-04,600115.SH,19800,19800,5.554936,5.25673,-5904.4788,49
20260816_125007_bb495b,2025-08-04,601009.SH,1400,1400,77.840408,81.057656,4504.1472,45
20260816_125007_bb495b,2025-08-04,600938.SH,3300,3300,34.033167,32.376766,-5466.1233,36
20260816_125007_bb495b,2025-08-04,688370.SH,3800,3800,29.666925,35.161764,20880.3882,24
20260816_125007_bb495b,2025-08-04,600089.SH,100,100,685.82037,762.481332,7666.0962,23
20260816_125007_bb495b,2025-08-04,000591.SZ,1600,1600,69.005206,68.761323,-390.2128,19
20260816_125007_bb495b,2025-08-04,600075.SH,2300,2300,48.739825,49.237209,1143.9832,19
20260816_125007_bb495b,2025-08-04,600211.SH,800,800,131.117295,153.95127,18267.18,11
20260816_125007_bb495b,2025-08-04,600009.SH,1100,1100,102.814725,99.255221,-3915.4544,7
20260816_125007_bb495b,2025-08-04,601065.SH,12600,12600,9.286126,9.102978,-2307.6648,7
20260816_125007_bb495b,2025-08-04,002884.SZ,1100,1100,98.617054,97.601757,-1116.8267,6
20260816_125007_bb495b,2025-08-05,600025.SH,9100,9100,12.157601,11.416932,-6740.0879,53
20260816_125007_bb495b,2025-08-05,600115.SH,19800,19800,5.554936,5.29834,-5080.6008,50
20260816_125007_bb495b,2025-08-05,601009.SH,1400,1400,77.840408,82.576624,6630.7024,46
20260816_125007_bb495b,2025-08-05,600938.SH,3300,3300,34.033167,32.678062,-4471.8465,37
20260816_125007_bb495b,2025-08-05,688370.SH,3800,3800,29.666925,36.650556,26537.7978,25
20260816_125007_bb495b,2025-08-05,600089.SH,100,100,685.82037,763.62534,7780.497,24
20260816_125007_bb495b,2025-08-05,000591.SZ,1600,1600,69.005206,68.761323,-390.2128,20
20260816_125007_bb495b,2025-08-05,600075.SH,2300,2300,48.739825,49.460507,1657.5686,20
20260816_125007_bb495b,2025-08-05,600211.SH,800,800,131.117295,146.25204,12107.796,12
20260816_125007_bb495b,2025-08-05,600009.SH,1100,1100,102.814725,99.966174,-3133.4061,8
20260816_125007_bb495b,2025-08-05,601065.SH,12600,12600,9.286126,9.145866,-1767.276,8
20260816_125007_bb495b,2025-08-05,002884.SZ,1100,1100,98.617054,97.899142,-789.7032,7
20260816_125007_bb495b,2025-08-06,600025.SH,9100,9100,12.157601,11.416932,-6740.0879,54
20260816_125007_bb495b,2025-08-06,600115.SH,19800,19800,5.554936,5.28447,-5355.2268,51
20260816_125007_bb495b,2025-08-06,601009.SH,1400,1400,77.840408,82.714712,6824.0256,47
20260816_125007_bb495b,2025-08-06,600938.SH,3300,3300,34.033167,32.652954,-4554.7029,38
20260816_125007_bb495b,2025-08-06,688370.SH,3800,3800,29.666925,37.628488,30253.9394,26
20260816_125007_bb495b,2025-08-06,600089.SH,100,100,685.82037,766.48536,8066.499,25
20260816_125007_bb495b,2025-08-06,000591.SZ,1600,1600,69.005206,68.913114,-147.3472,21
20260816_125007_bb495b,2025-08-06,600075.SH,2300,2300,48.739825,49.572156,1914.3613,21
20260816_125007_bb495b,2025-08-06,600211.SH,800,800,131.117295,140.38596,7414.932,13
20260816_125007_bb495b,2025-08-06,600009.SH,1100,1100,102.814725,99.626153,-3507.4292,9
20260816_125007_bb495b,2025-08-06,601065.SH,12600,12600,9.286126,9.135144,-1902.3732,9
20260816_125007_bb495b,2025-08-06,002884.SZ,1100,1100,98.617054,98.256004,-397.155,8
20260816_125007_bb495b,2025-08-07,600025.SH,9100,9100,12.157601,11.367668,-7188.3903,55
20260816_125007_bb495b,2025-08-07,600115.SH,19800,19800,5.554936,5.31221,-4805.9748,52
20260816_125007_bb495b,2025-08-07,601009.SH,1400,1400,77.840408,83.819416,8370.6112,48
20260816_125007_bb495b,2025-08-07,600938.SH,3300,3300,34.033167,32.841264,-3933.2799,39
20260816_125007_bb495b,2025-08-07,688370.SH,3800,3800,29.666925,35.3953,21767.825,27
20260816_125007_bb495b,2025-08-07,600089.SH,100,100,685.82037,767.629368,8180.8998,26
20260816_125007_bb495b,2025-08-07,000591.SZ,1600,1600,69.005206,68.457741,-875.944,22
20260816_125007_bb495b,2025-08-07,600075.SH,2300,2300,48.739825,49.237209,1143.9832,22
20260816_125007_bb495b,2025-08-07,600211.SH,800,800,131.117295,138.51948,5921.748,14
20260816_125007_bb495b,2025-08-07,600009.SH,1100,1100,102.814725,99.749797,-3371.4208,10
20260816_125007_bb495b,2025-08-07,601065.SH,12600,12600,9.286126,9.1137,-2172.5676,10
20260816_125007_bb495b,2025-08-07,002884.SZ,1100,1100,98.617054,98.256004,-397.155,9
20260816_125007_bb495b,2025-08-08,600025.SH,9100,9100,12.157601,11.367668,-7188.3903,56
20260816_125007_bb495b,2025-08-08,600115.SH,19800,19800,5.554936,5.31221,-4805.9748,53
20260816_125007_bb495b,2025-08-08,601009.SH,1400,1400,77.840408,83.88846,8467.2728,49
20260816_125007_bb495b,2025-08-08,600938.SH,3300,3300,34.033167,32.904034,-3726.1389,40
20260816_125007_bb495b,2025-08-08,688370.SH,3800,3800,29.666925,36.34404,25373.037,28
20260816_125007_bb495b,2025-08-08,600089.SH,100,100,685.82037,775.637424,8981.7054,27
20260816_125007_bb495b,2025-08-08,000591.SZ,1600,1600,69.005206,68.761323,-390.2128,23
20260816_125007_bb495b,2025-08-08,600075.SH,2300,2300,48.739825,52.921626,9618.1423,23
20260816_125007_bb495b,2025-08-08,600211.SH,800,800,131.117295,139.85268,6988.308,15
20260816_125007_bb495b,2025-08-08,600009.SH,1100,1100,102.814725,99.562391,-3577.5674,11
20260816_125007_bb495b,2025-08-08,601065.SH,12600,12600,9.286126,9.156588,-1632.1788,11
20260816_125007_bb495b,2025-08-08,002884.SZ,1100,1100,98.617054,99.32659,780.4896,10
20260816_125007_bb495b,2025-08-11,600025.SH,9100,9100,12.157601,11.306088,-7748.7683,57
20260816_125007_bb495b,2025-08-11,600115.SH,19800,19800,5.554936,5.32608,-4531.3488,54
20260816_125007_bb495b,2025-08-11,601009.SH,1400,1400,77.840408,82.8528,7017.3488,50
20260816_125007_bb495b,2025-08-11,600938.SH,3300,3300,34.033167,32.45209,-5217.5541,41
20260816_125007_bb495b,2025-08-11,688370.SH,3800,3800,29.666925,35.482876,22100.6138,29
20260816_125007_bb495b,2025-08-11,600089.SH,100,100,685.82037,794.513556,10869.3186,28
20260816_125007_bb495b,2025-08-11,000591.SZ,1600,1600,69.005206,68.609532,-633.0784,24
20260816_125007_bb495b,2025-08-11,600075.SH,2300,2300,48.739825,52.921626,9618.1423,24
20260816_125007_bb495b,2025-08-11,600211.SH,800,800,131.117295,145.55211,11547.852,16
20260816_125007_bb495b,2025-08-11,600009.SH,1100,1100,102.814725,99.53119,-3611.8885,12
20260816_125007_bb495b,2025-08-11,601065.SH,12600,12600,9.286126,9.199476,-1091.79,12
20260816_125007_bb495b,2025-08-11,002884.SZ,1100,1100,98.617054,99.742929,1238.4625,11
20260816_125007_bb495b,2025-08-12,600025.SH,9100,9100,12.157601,11.306088,-7748.7683,58
20260816_125007_bb495b,2025-08-12,600115.SH,19800,19800,5.554936,5.33995,-4256.7228,55
20260816_125007_bb495b,2025-08-12,601009.SH,1400,1400,77.840408,82.990888,7210.672,51
20260816_125007_bb495b,2025-08-12,600938.SH,3300,3300,34.033167,32.678062,-4471.8465,42
20260816_125007_bb495b,2025-08-12,688370.SH,3800,3800,29.666925,37.00086,27868.953,30
20260816_125007_bb495b,2025-08-12,600089.SH,100,100,685.82037,781.357464,9553.7094,29
20260816_125007_bb495b,2025-08-12,000591.SZ,1600,1600,69.005206,68.154159,-1361.6752,25
20260816_125007_bb495b,2025-08-12,600075.SH,2300,2300,48.739825,54.261414,12699.6547,25
20260816_125007_bb495b,2025-08-12,600211.SH,800,800,131.117295,160.11732,23200.02,17
20260816_125007_bb495b,2025-08-12,600009.SH,1100,1100,102.814725,99.343984,-3817.8151,13
20260816_125007_bb495b,2025-08-12,601065.SH,12600,12600,9.286126,9.188754,-1226.8872,13
20260816_125007_bb495b,2025-08-12,002884.SZ,1100,1100,98.617054,102.419394,4182.574,12
20260816_125007_bb495b,2025-08-13,600025.SH,9100,9100,12.157601,11.26914,-8084.9951,59
20260816_125007_bb495b,2025-08-13,600115.SH,19800,19800,5.554936,5.36769,-3707.4708,56
20260816_125007_bb495b,2025-08-13,601009.SH,1400,1400,77.840408,81.057656,4504.1472,52
20260816_125007_bb495b,2025-08-13,600938.SH,3300,3300,34.033167,32.51486,-5010.4131,43
20260816_125007_bb495b,2025-08-13,688370.SH,3800,3800,29.666925,39.905464,38906.4482,31
20260816_125007_bb495b,2025-08-13,600089.SH,100,100,685.82037,779.641452,9382.1082,30
20260816_125007_bb495b,2025-08-13,000591.SZ,1600,1600,69.005206,68.154159,-1361.6752,26
20260816_125007_bb495b,2025-08-13,600075.SH,2300,2300,48.739825,52.140083,7820.5934,26
20260816_125007_bb495b,2025-08-13,600211.SH,800,800,131.117295,157.9842,21493.524,18
20260816_125007_bb495b,2025-08-13,600009.SH,1100,1100,102.814725,99.312783,-3852.1362,14
20260816_125007_bb495b,2025-08-13,601065.SH,12600,12600,9.286126,9.178032,-1361.9844,14
20260816_125007_bb495b,2025-08-13,002884.SZ,1100,1100,98.617054,105.214813,7257.5349,13
20260816_125007_bb495b,2025-08-14,600025.SH,9100,9100,12.157601,11.244508,-8309.1463,60
20260816_125007_bb495b,2025-08-14,600115.SH,19800,19800,5.554936,5.33995,-4256.7228,57
20260816_125007_bb495b,2025-08-14,601009.SH,1400,1400,77.840408,81.1267,4600.8088,53
20260816_125007_bb495b,2025-08-14,600938.SH,3300,3300,34.033167,32.38932,-5424.6951,44
20260816_125007_bb495b,2025-08-14,688370.SH,3800,3800,29.666925,35.745604,23098.9802,32
20260816_125007_bb495b,2025-08-14,600089.SH,100,100,685.82037,764.197344,7837.6974,31
20260816_125007_bb495b,2025-08-14,000591.SZ,1600,1600,69.005206,67.546995,-2333.1376,27
20260816_125007_bb495b,2025-08-14,600075.SH,2300,2300,48.739825,50.465348,3968.7029,27
20260816_125007_bb495b,2025-08-14,600211.SH,800,800,131.117295,153.6513,18027.204,19
20260816_125007_bb495b,2025-08-14,600009.SH,1100,1100,102.814725,99.406386,-3749.1729,15
20260816_125007_bb495b,2025-08-14,601065.SH,12600,12600,9.286126,9.092256,-2442.762,15
20260816_125007_bb495b,2025-08-14,002884.SZ,1100,1100,98.617054,102.597825,4378.8481,14
20260816_125007_bb495b,2025-08-15,600115.SH,19800,19800,5.554936,5.56187,137.2932,58
20260816_125007_bb495b,2025-08-15,601009.SH,1400,1400,77.840408,80.43626,3634.1928,54
20260816_125007_bb495b,2025-08-15,600938.SH,3300,3300,34.033167,32.288888,-5756.1207,45
20260816_125007_bb495b,2025-08-15,688370.SH,3800,3800,29.666925,36.110504,24485.6002,33
20260816_125007_bb495b,2025-08-15,600089.SH,100,100,685.82037,773.349408,8752.9038,32
20260816_125007_bb495b,2025-08-15,000591.SZ,1600,1600,69.005206,68.457741,-875.944,28
20260816_125007_bb495b,2025-08-15,600075.SH,2300,2300,48.739825,50.688646,4482.2883,28
20260816_125007_bb495b,2025-08-15,600211.SH,800,800,131.117295,156.48435,20293.644,20
20260816_125007_bb495b,2025-08-15,600009.SH,1100,1100,102.814725,99.21918,-3955.0995,16
20260816_125007_bb495b,2025-08-15,601065.SH,12600,12600,9.286126,9.124422,-2037.4704,16
20260816_125007_bb495b,2025-08-15,002884.SZ,1100,1100,98.617054,106.761215,8958.5771,15
20260816_125007_bb495b,2025-08-18,600115.SH,19800,19800,5.554936,5.58961,686.5452,59
20260816_125007_bb495b,2025-08-18,601009.SH,1400,1400,77.840408,79.4006,2184.2688,55
20260816_125007_bb495b,2025-08-18,600938.SH,3300,3300,34.033167,32.100578,-6377.5437,46
20260816_125007_bb495b,2025-08-18,688370.SH,3800,3800,29.666925,38.416672,33249.0386,34
20260816_125007_bb495b,2025-08-18,600089.SH,100,100,685.82037,777.92544,9210.507,33
20260816_125007_bb495b,2025-08-18,000591.SZ,1600,1600,69.005206,68.609532,-633.0784,29
20260816_125007_bb495b,2025-08-18,600075.SH,2300,2300,48.739825,50.800295,4739.081,29
20260816_125007_bb495b,2025-08-18,600211.SH,800,800,131.117295,156.15105,20027.004,21
20260816_125007_bb495b,2025-08-18,600009.SH,1100,1100,102.814725,99.437587,-3714.8518,17
20260816_125007_bb495b,2025-08-18,601065.SH,12600,12600,9.286126,9.16731,-1497.0816,17
20260816_125007_bb495b,2025-08-18,002884.SZ,1100,1100,98.617054,109.378203,11837.2639,16
20260816_125007_bb495b,2025-08-18,300360.SZ,900,0,119.874733,119.160639,-642.6846,1
20260816_125007_bb495b,2025-08-19,600115.SH,19800,19800,5.554936,5.64509,1785.0492,60
20260816_125007_bb495b,2025-08-19,601009.SH,1400,1400,77.840408,78.572072,1024.3296,56
20260816_125007_bb495b,2025-08-19,600938.SH,3300,3300,34.033167,32.0127,-6667.5411,47
20260816_125007_bb495b,2025-08-19,688370.SH,3800,3800,29.666925,39.540564,37519.8282,35
20260816_125007_bb495b,2025-08-19,600089.SH,100,100,685.82037,766.48536,8066.499,34
20260816_125007_bb495b,2025-08-19,000591.SZ,1600,1600,69.005206,68.30595,-1118.8096,30
20260816_125007_bb495b,2025-08-19,600075.SH,2300,2300,48.739825,50.688646,4482.2883,30
20260816_125007_bb495b,2025-08-19,600211.SH,800,800,131.117295,158.21751,21680.172,22
20260816_125007_bb495b,2025-08-19,600009.SH,1100,1100,102.814725,99.437587,-3714.8518,18
20260816_125007_bb495b,2025-08-19,601065.SH,12600,12600,9.286126,9.156588,-1632.1788,18
20260816_125007_bb495b,2025-08-19,002884.SZ,1100,1100,98.617054,105.27429,7322.9596,17
20260816_125007_bb495b,2025-08-19,300360.SZ,900,900,119.874733,118.807884,-960.1641,2
20260816_125007_bb495b,2025-08-20,601009.SH,1400,1400,77.840408,78.641116,1120.9912,57
20260816_125007_bb495b,2025-08-20,600938.SH,3300,3300,34.033167,32.113132,-6336.1155,48
20260816_125007_bb495b,2025-08-20,688370.SH,3800,3800,29.666925,43.788,53660.085,36
20260816_125007_bb495b,2025-08-20,600089.SH,100,100,685.82037,770.489388,8466.9018,35
20260816_125007_bb495b,2025-08-20,000591.SZ,1600,1600,69.005206,68.761323,-390.2128,31
20260816_125007_bb495b,2025-08-20,600075.SH,2300,2300,48.739825,50.800295,4739.081,31
20260816_125007_bb495b,2025-08-20,600211.SH,800,800,131.117295,156.91764,20640.276,23
20260816_125007_bb495b,2025-08-20,600009.SH,1100,1100,102.814725,100.748029,-2273.3656,19
20260816_125007_bb495b,2025-08-20,601065.SH,12600,12600,9.286126,9.231642,-686.4984,19
20260816_125007_bb495b,2025-08-20,002884.SZ,1100,1100,98.617054,105.333767,7388.3843,18
20260816_125007_bb495b,2025-08-20,300360.SZ,900,900,119.874733,119.654496,-198.2133,3
20260816_125007_bb495b,2025-08-21,601009.SH,1400,1400,77.840408,78.572072,1024.3296,58
20260816_125007_bb495b,2025-08-21,600938.SH,3300,3300,34.033167,32.351658,-5548.9797,49
20260816_125007_bb495b,2025-08-21,688370.SH,3800,3800,29.666925,43.904768,54103.8034,37
20260816_125007_bb495b,2025-08-21,600089.SH,100,100,685.82037,813.389688,12756.9318,36
20260816_125007_bb495b,2025-08-21,000591.SZ,1600,1600,69.005206,70.127442,1795.5776,32
20260816_125007_bb495b,2025-08-21,600075.SH,2300,2300,48.739825,51.246891,5766.2518,32
20260816_125007_bb495b,2025-08-21,600211.SH,800,800,131.117295,155.9844,19893.684,24
20260816_125007_bb495b,2025-08-21,600009.SH,1100,1100,102.814725,101.309647,-1655.5858,20
20260816_125007_bb495b,2025-08-21,601065.SH,12600,12600,9.286126,9.242364,-551.4012,20
20260816_125007_bb495b,2025-08-21,002884.SZ,1100,1100,98.617054,104.203704,6145.315,19
20260816_125007_bb495b,2025-08-21,300360.SZ,900,900,119.874733,118.737333,-1023.66,4
20260816_125007_bb495b,2025-08-21,600754.SH,1600,0,74.396651,75.301766,1448.184,1
20260816_125007_bb495b,2025-08-22,601009.SH,1400,1400,77.840408,78.226852,541.0216,59
20260816_125007_bb495b,2025-08-22,600938.SH,3300,3300,34.033167,32.213564,-6004.6899,50
20260816_125007_bb495b,2025-08-22,688370.SH,3800,3800,29.666925,43.627444,53049.9722,38
20260816_125007_bb495b,2025-08-22,600089.SH,100,100,685.82037,813.389688,12756.9318,37
20260816_125007_bb495b,2025-08-22,000591.SZ,1600,1600,69.005206,70.582815,2524.1744,33
20260816_125007_bb495b,2025-08-22,600075.SH,2300,2300,48.739825,51.35854,6023.0445,33
20260816_125007_bb495b,2025-08-22,600211.SH,800,800,131.117295,153.45132,17867.22,25
20260816_125007_bb495b,2025-08-22,600009.SH,1100,1100,102.814725,101.40325,-1552.6225,21
20260816_125007_bb495b,2025-08-22,601065.SH,12600,12600,9.286126,9.242364,-551.4012,21
20260816_125007_bb495b,2025-08-22,002884.SZ,1100,1100,98.617054,103.311549,5163.9445,20
20260816_125007_bb495b,2025-08-22,300360.SZ,900,900,119.874733,118.948986,-833.1723,5
20260816_125007_bb495b,2025-08-22,600754.SH,1600,1600,74.396651,75.366154,1551.2048,2
20260816_125007_bb495b,2025-08-25,601009.SH,1400,1400,77.840408,78.503028,927.668,60
20260816_125007_bb495b,2025-08-25,600938.SH,3300,3300,34.033167,32.627846,-4637.5593,51
20260816_125007_bb495b,2025-08-25,688370.SH,3800,3800,29.666925,44.95568,58097.269,39
20260816_125007_bb495b,2025-08-25,600089.SH,100,100,685.82037,825.401772,13958.1402,38
20260816_125007_bb495b,2025-08-25,000591.SZ,1600,1600,69.005206,70.431024,2281.3088,34
20260816_125007_bb495b,2025-08-25,600075.SH,2300,2300,48.739825,52.363381,8334.1788,34
20260816_125007_bb495b,2025-08-25,600211.SH,800,800,131.117295,153.9846,18293.844,26
20260816_125007_bb495b,2025-08-25,600009.SH,1100,1100,102.814725,102.308079,-557.3106,22
20260816_125007_bb495b,2025-08-25,601065.SH,12600,12600,9.286126,9.285252,-11.0124,22
20260816_125007_bb495b,2025-08-25,002884.SZ,1100,1100,98.617054,103.787365,5687.3421,21
20260816_125007_bb495b,2025-08-25,300360.SZ,900,900,119.874733,119.090088,-706.1805,6
20260816_125007_bb495b,2025-08-25,600754.SH,1600,1600,74.396651,76.010034,2581.4128,3
20260816_125007_bb495b,2025-08-26,600938.SH,3300,3300,34.033167,32.6404,-4596.1311,52
20260816_125007_bb495b,2025-08-26,688370.SH,3800,3800,29.666925,43.598252,52939.0426,40
20260816_125007_bb495b,2025-08-26,600089.SH,100,100,685.82037,831.693816,14587.3446,39
20260816_125007_bb495b,2025-08-26,000591.SZ,1600,1600,69.005206,70.582815,2524.1744,35
20260816_125007_bb495b,2025-08-26,600075.SH,2300,2300,48.739825,52.251732,8077.3861,35
20260816_125007_bb495b,2025-08-26,600211.SH,800,800,131.117295,153.75129,18107.196,27
20260816_125007_bb495b,2025-08-26,600009.SH,1100,1100,102.814725,103.431315,678.249,23
20260816_125007_bb495b,2025-08-26,601065.SH,12600,12600,9.286126,9.263808,-281.2068,23
20260816_125007_bb495b,2025-08-26,002884.SZ,1100,1100,98.617054,105.214813,7257.5349,22
20260816_125007_bb495b,2025-08-26,300360.SZ,900,900,119.874733,120.430557,500.2416,7
20260816_125007_bb495b,2025-08-26,600754.SH,1600,1600,74.396651,75.527124,1808.7568,4
20260816_125007_bb495b,2025-08-27,600938.SH,3300,3300,34.033167,31.975038,-6791.8257,53
20260816_125007_bb495b,2025-08-27,688370.SH,3800,3800,29.666925,41.043952,43232.7026,41
20260816_125007_bb495b,2025-08-27,600089.SH,100,100,685.82037,805.953636,12013.3266,40
20260816_125007_bb495b,2025-08-27,000591.SZ,1600,1600,69.005206,69.216696,338.384,36
20260816_125007_bb495b,2025-08-27,600075.SH,2300,2300,48.739825,50.800295,4739.081,36
20260816_125007_bb495b,2025-08-27,600211.SH,800,800,131.117295,149.3184,14560.884,28
20260816_125007_bb495b,2025-08-27,600009.SH,1100,1100,102.814725,101.465652,-1483.9803,24
20260816_125007_bb495b,2025-08-27,601065.SH,12600,12600,9.286126,9.081534,-2577.8592,24
20260816_125007_bb495b,2025-08-27,002884.SZ,1100,1100,98.617054,101.170377,2808.6553,23
20260816_125007_bb495b,2025-08-27,300360.SZ,900,900,119.874733,117.537966,-2103.0903,8
20260816_125007_bb495b,2025-08-27,600754.SH,1600,1600,74.396651,74.20717,-303.1696,5
20260816_125007_bb495b,2025-08-27,002252.SZ,600,0,177.506113,174.065612,-2064.3006,1
20260816_125007_bb495b,2025-08-28,600938.SH,3300,3300,34.033167,32.351658,-5548.9797,54
20260816_125007_bb495b,2025-08-28,688370.SH,3800,3800,29.666925,41.496428,44952.1114,42
20260816_125007_bb495b,2025-08-28,600089.SH,100,100,685.82037,812.817684,12699.7314,41
20260816_125007_bb495b,2025-08-28,000591.SZ,1600,1600,69.005206,72.100725,4952.8304,37
20260816_125007_bb495b,2025-08-28,600075.SH,2300,2300,48.739825,50.353699,3711.9102,37
20260816_125007_bb495b,2025-08-28,600211.SH,800,800,131.117295,162.75039,25306.476,29
20260816_125007_bb495b,2025-08-28,600009.SH,1100,1100,102.814725,101.871265,-1037.806,25
20260816_125007_bb495b,2025-08-28,601065.SH,12600,12600,9.286126,9.049368,-2983.1508,25
20260816_125007_bb495b,2025-08-28,002884.SZ,1100,1100,98.617054,102.240963,3986.2999,24
20260816_125007_bb495b,2025-08-28,300360.SZ,900,900,119.874733,113.939865,-5341.3812,9
20260816_125007_bb495b,2025-08-28,600754.SH,1600,1600,74.396651,75.17299,1242.1424,6
20260816_125007_bb495b,2025-08-28,002252.SZ,600,600,177.506113,173.570404,-2361.4254,2
20260816_125007_bb495b,2025-08-29,600938.SH,3300,3300,34.033167,32.238672,-5921.8335,55
20260816_125007_bb495b,2025-08-29,688370.SH,3800,3800,29.666925,40.533092,41291.4346,43
20260816_125007_bb495b,2025-08-29,600089.SH,100,100,685.82037,809.957664,12413.7294,42
20260816_125007_bb495b,2025-08-29,000591.SZ,1600,1600,69.005206,71.189979,3495.6368,38
20260816_125007_bb495b,2025-08-29,600075.SH,2300,2300,48.739825,50.800295,4739.081,38
20260816_125007_bb495b,2025-08-29,600211.SH,800,800,131.117295,157.18428,20853.588,30
20260816_125007_bb495b,2025-08-29,600009.SH,1100,1100,102.814725,100.841632,-2170.4023,26
20260816_125007_bb495b,2025-08-29,601065.SH,12600,12600,9.286126,9.070812,-2712.9564,26
20260816_125007_bb495b,2025-08-29,002884.SZ,1100,1100,98.617054,104.67952,6668.7126,25
20260816_125007_bb495b,2025-08-29,300360.SZ,900,900,119.874733,112.740498,-6420.8115,10
20260816_125007_bb495b,2025-08-29,600754.SH,1600,1600,74.396651,74.786662,624.0176,7
20260816_125007_bb495b,2025-08-29,002252.SZ,600,600,177.506113,170.351552,-4292.7366,3
20260816_125007_bb495b,2025-09-01,600938.SH,3300,3300,34.033167,32.565076,-4844.7003,56
20260816_125007_bb495b,2025-09-01,688370.SH,3800,3800,29.666925,42.240824,47780.8162,44
20260816_125007_bb495b,2025-09-01,600089.SH,100,100,685.82037,841.989888,15616.9518,43
20260816_125007_bb495b,2025-09-01,000591.SZ,1600,1600,69.005206,70.431024,2281.3088,39
20260816_125007_bb495b,2025-09-01,600075.SH,2300,2300,48.739825,50.576997,4225.4956,39
20260816_125007_bb495b,2025-09-01,600211.SH,800,800,131.117295,164.351796,26587.6008,31
20260816_125007_bb495b,2025-09-01,600009.SH,1100,1100,102.814725,100.966436,-2033.1179,27
20260816_125007_bb495b,2025-09-01,601065.SH,12600,12600,9.286126,9.081534,-2577.8592,27
20260816_125007_bb495b,2025-09-01,002884.SZ,1100,1100,98.617054,101.765147,3462.9023,26
20260816_125007_bb495b,2025-09-01,300360.SZ,900,900,119.874733,111.964437,-7119.2664,11
20260816_125007_bb495b,2025-09-01,600754.SH,1600,1600,74.396651,74.174976,-354.68,8
20260816_125007_bb495b,2025-09-01,002252.SZ,600,600,177.506113,170.103948,-4441.299,4
20260816_125007_bb495b,2025-09-02,600938.SH,3300,3300,34.033167,33.117452,-3021.8595,57
20260816_125007_bb495b,2025-09-02,688370.SH,3800,3800,29.666925,41.861328,46338.7314,45
20260816_125007_bb495b,2025-09-02,600089.SH,100,100,685.82037,820.253736,13443.3366,44
20260816_125007_bb495b,2025-09-02,000591.SZ,1600,1600,69.005206,70.886397,3009.9056,40
20260816_125007_bb495b,2025-09-02,600075.SH,2300,2300,48.739825,49.907103,2684.7394,40
20260816_125007_bb495b,2025-09-02,600211.SH,800,800,131.117295,159.562872,22756.4616,32
20260816_125007_bb495b,2025-09-02,600009.SH,1100,1100,102.814725,100.373617,-2685.2188,28
20260816_125007_bb495b,2025-09-02,601065.SH,12600,12600,9.286126,9.038646,-3118.248,28
20260816_125007_bb495b,2025-09-02,002884.SZ,1100,1100,98.617054,100.694561,2285.2577,27
20260816_125007_bb495b,2025-09-02,300360.SZ,900,900,119.874733,109.283499,-9532.1106,12
20260816_125007_bb495b,2025-09-02,600754.SH,1600,1600,74.396651,74.239364,-251.6592,9
20260816_125007_bb495b,2025-09-02,002252.SZ,600,600,177.506113,168.618324,-5332.6734,5
20260816_125007_bb495b,2025-09-03,600938.SH,3300,3300,34.033167,32.941696,-3601.8543,58
20260816_125007_bb495b,2025-09-03,688370.SH,3800,3800,29.666925,41.773752,46005.9426,46
20260816_125007_bb495b,2025-09-03,600089.SH,100,100,685.82037,825.401772,13958.1402,45
20260816_125007_bb495b,2025-09-03,000591.SZ,1600,1600,69.005206,73.770426,7624.352,41
20260816_125007_bb495b,2025-09-03,600075.SH,2300,2300,48.739825,49.237209,1143.9832,41
20260816_125007_bb495b,2025-09-03,600211.SH,800,800,131.117295,169.106756,30391.5688,33
20260816_125007_bb495b,2025-09-03,600009.SH,1100,1100,102.814725,99.687195,-3440.283,29
20260816_125007_bb495b,2025-09-03,601065.SH,12600,12600,9.286126,8.909982,-4739.4144,29
20260816_125007_bb495b,2025-09-03,002884.SZ,1100,1100,98.617054,100.635084,2219.833,28
20260816_125007_bb495b,2025-09-03,300360.SZ,900,900,119.874733,107.872479,-10802.0286,13
20260816_125007_bb495b,2025-09-03,600754.SH,1600,1600,74.396651,73.144768,-2003.0128,10
20260816_125007_bb495b,2025-09-03,002252.SZ,600,600,177.506113,167.875512,-5778.3606,6
20260816_125007_bb495b,2025-09-04,600938.SH,3300,3300,34.033167,32.188456,-6087.5463,59
20260816_125007_bb495b,2025-09-04,688370.SH,3800,3800,29.666925,41.08774,43399.097,47
20260816_125007_bb495b,2025-09-04,600089.SH,100,100,685.82037,810.529668,12470.9298,46
20260816_125007_bb495b,2025-09-04,000591.SZ,1600,1600,69.005206,73.011471,6410.024,42
20260816_125007_bb495b,2025-09-04,600075.SH,2300,2300,48.739825,49.12556,887.1905,42
20260816_125007_bb495b,2025-09-04,600211.SH,800,800,131.117295,160.038368,23136.8584,34
20260816_125007_bb495b,2025-09-04,600009.SH,1100,1100,102.814725,99.000773,-4195.3472,30
20260816_125007_bb495b,2025-09-04,601065.SH,12600,12600,9.286126,8.963592,-4063.9284,30
20260816_125007_bb495b,2025-09-04,002884.SZ,1100,1100,98.617054,99.445544,911.339,29
20260816_125007_bb495b,2025-09-04,300360.SZ,900,900,119.874733,108.366336,-10357.5573,14
20260816_125007_bb495b,2025-09-04,600754.SH,1600,1600,74.396651,73.917424,-766.7632,11
20260816_125007_bb495b,2025-09-04,002252.SZ,600,600,177.506113,167.380304,-6075.4854,7
20260816_125007_bb495b,2025-09-05,600938.SH,3300,3300,34.033167,32.313996,-5673.2643,60
20260816_125007_bb495b,2025-09-05,688370.SH,3800,3800,29.666925,42.561936,49001.0418,48
20260816_125007_bb495b,2025-09-05,600089.SH,100,100,685.82037,862.010028,17618.9658,47
20260816_125007_bb495b,2025-09-05,000591.SZ,1600,1600,69.005206,74.37759,8595.8144,43
20260816_125007_bb495b,2025-09-05,600075.SH,2300,2300,48.739825,49.907103,2684.7394,43
20260816_125007_bb495b,2025-09-05,600211.SH,800,800,131.117295,171.450272,32266.3816,35
20260816_125007_bb495b,2025-09-05,600009.SH,1100,1100,102.814725,99.593592,-3543.2463,31
20260816_125007_bb495b,2025-09-05,601065.SH,12600,12600,9.286126,9.017202,-3388.4424,31
20260816_125007_bb495b,2025-09-05,002884.SZ,1100,1100,98.617054,102.419394,4182.574,30
20260816_125007_bb495b,2025-09-05,300360.SZ,900,900,119.874733,109.989009,-8897.1516,15
20260816_125007_bb495b,2025-09-05,600754.SH,1600,1600,74.396651,74.915438,830.0592,12
20260816_125007_bb495b,2025-09-05,002252.SZ,600,600,177.506113,169.60874,-4738.4238,8
20260816_125007_bb495b,2025-09-08,688370.SH,3800,3800,29.666925,42.18244,47558.957,49
20260816_125007_bb495b,2025-09-08,600089.SH,100,100,685.82037,863.154036,17733.3666,48
20260816_125007_bb495b,2025-09-08,000591.SZ,1600,1600,69.005206,74.225799,8352.9488,44
20260816_125007_bb495b,2025-09-08,600075.SH,2300,2300,48.739825,50.465348,3968.7029,44
20260816_125007_bb495b,2025-09-08,600211.SH,800,800,131.117295,188.602092,45987.8376,36
20260816_125007_bb495b,2025-09-08,600009.SH,1100,1100,102.814725,101.590456,-1346.6959,32
20260816_125007_bb495b,2025-09-08,601065.SH,12600,12600,9.286126,9.102978,-2307.6648,32
20260816_125007_bb495b,2025-09-08,002884.SZ,1100,1100,98.617054,104.322658,6276.1644,31
20260816_125007_bb495b,2025-09-08,300360.SZ,900,900,119.874733,110.835621,-8135.2008,16
20260816_125007_bb495b,2025-09-08,600754.SH,1600,1600,74.396651,75.366154,1551.2048,13
20260816_125007_bb495b,2025-09-08,002252.SZ,600,600,177.506113,170.84676,-3995.6118,9
20260816_125007_bb495b,2025-09-09,688370.SH,3800,3800,29.666925,41.948904,46671.5202,50
20260816_125007_bb495b,2025-09-09,600089.SH,100,100,685.82037,843.7059,15788.553,49
20260816_125007_bb495b,2025-09-09,000591.SZ,1600,1600,69.005206,73.163262,6652.8896,45
20260816_125007_bb495b,2025-09-09,600075.SH,2300,2300,48.739825,50.465348,3968.7029,45
20260816_125007_bb495b,2025-09-09,600211.SH,800,800,131.117295,188.907768,46232.3784,37
20260816_125007_bb495b,2025-09-09,600009.SH,1100,1100,102.814725,101.028838,-1964.4757,33
20260816_125007_bb495b,2025-09-09,601065.SH,12600,12600,9.286126,9.145866,-1767.276,33
20260816_125007_bb495b,2025-09-09,002884.SZ,1100,1100,98.617054,102.954687,4771.3963,32
20260816_125007_bb495b,2025-09-09,300360.SZ,900,900,119.874733,110.200662,-8706.6639,17
20260816_125007_bb495b,2025-09-09,600754.SH,1600,1600,74.396651,75.108602,1139.1216,14
20260816_125007_bb495b,2025-09-09,002252.SZ,600,600,177.506113,169.856344,-4589.8614,10
20260816_125007_bb495b,2025-09-09,002039.SZ,1900,0,63.697898,62.639616,-2010.7358,1
20260816_125007_bb495b,2025-09-10,688370.SH,3800,3800,29.666925,42.080268,47170.7034,51
20260816_125007_bb495b,2025-09-10,600089.SH,100,100,685.82037,829.977804,14415.7434,50
20260816_125007_bb495b,2025-09-10,000591.SZ,1600,1600,69.005206,72.707889,5924.2928,46
20260816_125007_bb495b,2025-09-10,600075.SH,2300,2300,48.739825,50.688646,4482.2883,46
20260816_125007_bb495b,2025-09-10,600211.SH,800,800,131.117295,185.545332,43542.4296,38
20260816_125007_bb495b,2025-09-10,600009.SH,1100,1100,102.814725,100.342416,-2719.5399,34
20260816_125007_bb495b,2025-09-10,601065.SH,12600,12600,9.286126,9.102978,-2307.6648,34
20260816_125007_bb495b,2025-09-10,002884.SZ,1100,1100,98.617054,102.716779,4509.6975,33
20260816_125007_bb495b,2025-09-10,300360.SZ,900,900,119.874733,109.283499,-9532.1106,18
20260816_125007_bb495b,2025-09-10,600754.SH,1600,1600,74.396651,75.81687,2272.3504,15
20260816_125007_bb495b,2025-09-10,002252.SZ,600,600,177.506113,169.113532,-5035.5486,11
20260816_125007_bb495b,2025-09-10,002039.SZ,1900,1900,63.697898,62.451396,-2368.3538,2
20260816_125007_bb495b,2025-09-11,688370.SH,3800,3800,29.666925,42.47436,48668.253,52
20260816_125007_bb495b,2025-09-11,600089.SH,100,100,685.82037,852.28596,16646.559,51
20260816_125007_bb495b,2025-09-11,000591.SZ,1600,1600,69.005206,73.011471,6410.024,47
20260816_125007_bb495b,2025-09-11,600075.SH,2300,2300,48.739825,51.023593,5252.6664,47
20260816_125007_bb495b,2025-09-11,600211.SH,800,800,131.117295,185.9529,43868.484,39
20260816_125007_bb495b,2025-09-11,600009.SH,1100,1100,102.814725,100.592024,-2444.9711,35
20260816_125007_bb495b,2025-09-11,601065.SH,12600,12600,9.286126,9.124422,-2037.4704,35
20260816_125007_bb495b,2025-09-11,002884.SZ,1100,1100,98.617054,103.311549,5163.9445,34
20260816_125007_bb495b,2025-09-11,300360.SZ,900,900,119.874733,110.694519,-8262.1926,19
20260816_125007_bb495b,2025-09-11,600754.SH,1600,1600,74.396651,75.559318,1860.2672,16
20260816_125007_bb495b,2025-09-11,002252.SZ,600,600,177.506113,170.103948,-4441.299,12
20260816_125007_bb495b,2025-09-11,002039.SZ,1900,1900,63.697898,62.413752,-2439.8774,3
20260816_125007_bb495b,2025-09-12,688370.SH,3800,3800,29.666925,41.5986,45340.365,53
20260816_125007_bb495b,2025-09-12,600089.SH,100,100,685.82037,848.281932,16246.1562,52
20260816_125007_bb495b,2025-09-12,000591.SZ,1600,1600,69.005206,72.252516,5195.696,48
20260816_125007_bb495b,2025-09-12,600075.SH,2300,2300,48.739825,51.35854,6023.0445,48
20260816_125007_bb495b,2025-09-12,600211.SH,800,800,131.117295,191.658852,48433.2456,40
20260816_125007_bb495b,2025-09-12,600009.SH,1100,1100,102.814725,100.092808,-2994.1087,36
20260816_125007_bb495b,2025-09-12,601065.SH,12600,12600,9.286126,9.1137,-2172.5676,36
20260816_125007_bb495b,2025-09-12,002884.SZ,1100,1100,98.617054,101.70567,3397.4776,35
20260816_125007_bb495b,2025-09-12,300360.SZ,900,900,119.874733,109.777356,-9087.6393,20
20260816_125007_bb495b,2025-09-12,600754.SH,1600,1600,74.396651,74.786662,624.0176,17
20260816_125007_bb495b,2025-09-12,002252.SZ,600,600,177.506113,169.113532,-5035.5486,13
20260816_125007_bb495b,2025-09-12,002039.SZ,1900,1900,63.697898,62.150244,-2940.5426,4
20260816_125007_bb495b,2025-09-15,688370.SH,3800,3800,29.666925,40.664456,41790.6178,54
20260816_125007_bb495b,2025-09-15,600089.SH,100,100,685.82037,849.997944,16417.7574,53
20260816_125007_bb495b,2025-09-15,000591.SZ,1600,1600,69.005206,72.100725,4952.8304,49
20260816_125007_bb495b,2025-09-15,600075.SH,2300,2300,48.739825,51.023593,5252.6664,49
20260816_125007_bb495b,2025-09-15,600211.SH,800,800,131.117295,183.779204,42129.5272,41
20260816_125007_bb495b,2025-09-15,600009.SH,1100,1100,102.814725,100.092808,-2994.1087,37
20260816_125007_bb495b,2025-09-15,601065.SH,12600,12600,9.286126,9.070812,-2712.9564,37
20260816_125007_bb495b,2025-09-15,002884.SZ,1100,1100,98.617054,101.170377,2808.6553,36
20260816_125007_bb495b,2025-09-15,300360.SZ,900,900,119.874733,109.001295,-9786.0942,21
20260816_125007_bb495b,2025-09-15,600754.SH,1600,1600,74.396651,77.90948,5620.5264,18
20260816_125007_bb495b,2025-09-15,002252.SZ,600,600,177.506113,169.361136,-4886.9862,14
20260816_125007_bb495b,2025-09-15,002039.SZ,1900,1900,63.697898,61.585584,-4013.3966,5
20260816_125007_bb495b,2025-09-16,688370.SH,3800,3800,29.666925,37.526316,29865.6858,55
20260816_125007_bb495b,2025-09-16,600089.SH,100,100,685.82037,839.701872,15388.1502,54
20260816_125007_bb495b,2025-09-16,000591.SZ,1600,1600,69.005206,71.34177,3738.5024,50
20260816_125007_bb495b,2025-09-16,600075.SH,2300,2300,48.739825,51.023593,5252.6664,50
20260816_125007_bb495b,2025-09-16,600211.SH,800,800,131.117295,180.654516,39629.7768,42
20260816_125007_bb495b,2025-09-16,600009.SH,1100,1100,102.814725,100.030406,-3062.7509,38
20260816_125007_bb495b,2025-09-16,601065.SH,12600,12600,9.286126,9.135144,-1902.3732,38
20260816_125007_bb495b,2025-09-16,002884.SZ,1100,1100,98.617054,101.408285,3070.3541,37
20260816_125007_bb495b,2025-09-16,300360.SZ,900,900,119.874733,108.930744,-9849.5901,22
20260816_125007_bb495b,2025-09-16,600754.SH,1600,1600,74.396651,77.845092,5517.5056,19
20260816_125007_bb495b,2025-09-16,002252.SZ,600,600,177.506113,170.84676,-3995.6118,15
20260816_125007_bb495b,2025-09-16,002039.SZ,1900,1900,63.697898,61.284432,-4585.5854,6
20260816_125007_bb495b,2025-09-17,688370.SH,3800,3800,29.666925,37.059244,28090.8122,56
20260816_125007_bb495b,2025-09-17,600089.SH,100,100,685.82037,923.78646,23796.609,55
20260816_125007_bb495b,2025-09-17,000591.SZ,1600,1600,69.005206,72.252516,5195.696,51
20260816_125007_bb495b,2025-09-17,600075.SH,2300,2300,48.739825,50.576997,4225.4956,51
20260816_125007_bb495b,2025-09-17,600211.SH,800,800,131.117295,178.107216,37591.9368,43
20260816_125007_bb495b,2025-09-17,600009.SH,1100,1100,102.814725,101.060039,-1930.1546,39
20260816_125007_bb495b,2025-09-17,601065.SH,12600,12600,9.286126,9.16731,-1497.0816,39
20260816_125007_bb495b,2025-09-17,002884.SZ,1100,1100,98.617054,101.289331,2939.5047,38
20260816_125007_bb495b,2025-09-17,300360.SZ,900,900,119.874733,109.636254,-9214.6311,23
20260816_125007_bb495b,2025-09-17,600754.SH,1600,1600,74.396651,78.102644,5929.5888,20
20260816_125007_bb495b,2025-09-17,002252.SZ,600,600,177.506113,170.103948,-4441.299,16
20260816_125007_bb495b,2025-09-17,002039.SZ,1900,1900,63.697898,61.435008,-4299.491,7
20260816_125007_bb495b,2025-09-18,688370.SH,3800,3800,29.666925,36.19808,24818.389,57
20260816_125007_bb495b,2025-09-18,600089.SH,100,100,685.82037,902.050308,21622.9938,56
20260816_125007_bb495b,2025-09-18,000591.SZ,1600,1600,69.005206,70.734606,2767.04,52
20260816_125007_bb495b,2025-09-18,600075.SH,2300,2300,48.739825,49.907103,2684.7394,52
20260816_125007_bb495b,2025-09-18,600211.SH,800,800,131.117295,177.937396,37456.0808,44
20260816_125007_bb495b,2025-09-18,600009.SH,1100,1100,102.814725,99.655994,-3474.6041,40
20260816_125007_bb495b,2025-09-18,601065.SH,12600,12600,9.286126,9.06009,-2848.0536,40
20260816_125007_bb495b,2025-09-18,002884.SZ,1100,1100,98.617054,102.419394,4182.574,39
20260816_125007_bb495b,2025-09-18,300360.SZ,900,900,119.874733,111.964437,-7119.2664,24
20260816_125007_bb495b,2025-09-18,600754.SH,1600,1600,74.396651,80.32403,9483.8064,21
20260816_125007_bb495b,2025-09-18,002252.SZ,600,600,177.506113,168.618324,-5332.6734,17
20260816_125007_bb495b,2025-09-18,002039.SZ,1900,1900,63.697898,60.719772,-5658.4394,8
20260816_125007_bb495b,2025-09-19,688370.SH,3800,3800,29.666925,36.358636,25428.5018,58
20260816_125007_bb495b,2025-09-19,600089.SH,100,100,685.82037,936.942552,25112.2182,57
20260816_125007_bb495b,2025-09-19,000591.SZ,1600,1600,69.005206,70.279233,2038.4432,53
20260816_125007_bb495b,2025-09-19,600075.SH,2300,2300,48.739825,51.581838,6536.6299,53
20260816_125007_bb495b,2025-09-19,600211.SH,800,800,131.117295,174.982528,35092.1864,45
20260816_125007_bb495b,2025-09-19,600009.SH,1100,1100,102.814725,100.77923,-2239.0445,41
20260816_125007_bb495b,2025-09-19,601065.SH,12600,12600,9.286126,9.017202,-3388.4424,41
20260816_125007_bb495b,2025-09-19,002884.SZ,1100,1100,98.617054,102.30044,4051.7246,40
20260816_125007_bb495b,2025-09-19,300360.SZ,900,900,119.874733,110.976723,-8008.209,25
20260816_125007_bb495b,2025-09-19,600754.SH,1600,1600,74.396651,80.259642,9380.7856,22
20260816_125007_bb495b,2025-09-19,002252.SZ,600,600,177.506113,167.627908,-5926.923,18
20260816_125007_bb495b,2025-09-19,002039.SZ,1900,1900,63.697898,61.811448,-3584.255,9
20260816_125007_bb495b,2025-09-22,688370.SH,3800,3800,29.666925,38.226924,32527.9962,59
20260816_125007_bb495b,2025-09-22,600089.SH,100,100,685.82037,920.92644,23510.607,58
20260816_125007_bb495b,2025-09-22,000591.SZ,1600,1600,69.005206,69.368487,581.2496,54
20260816_125007_bb495b,2025-09-22,600075.SH,2300,2300,48.739825,50.576997,4225.4956,54
20260816_125007_bb495b,2025-09-22,600211.SH,800,800,131.117295,173.590004,33978.1672,46
20260816_125007_bb495b,2025-09-22,600009.SH,1100,1100,102.814725,99.999205,-3097.072,42
20260816_125007_bb495b,2025-09-22,601065.SH,12600,12600,9.286126,8.974314,-3928.8312,42
20260816_125007_bb495b,2025-09-22,002884.SZ,1100,1100,98.617054,105.333767,7388.3843,41
20260816_125007_bb495b,2025-09-22,300360.SZ,900,900,119.874733,111.329478,-7690.7295,26
20260816_125007_bb495b,2025-09-22,600754.SH,1600,1600,74.396651,78.55336,6650.7344,23
20260816_125007_bb495b,2025-09-22,002252.SZ,600,600,177.506113,167.1327,-6224.0478,19
20260816_125007_bb495b,2025-09-22,002039.SZ,1900,1900,63.697898,62.225532,-2797.4954,10
20260816_125007_bb495b,2025-09-23,688370.SH,3800,3800,29.666925,37.73066,30642.193,60
20260816_125007_bb495b,2025-09-23,600089.SH,100,100,685.82037,933.510528,24769.0158,59
20260816_125007_bb495b,2025-09-23,000591.SZ,1600,1600,69.005206,68.913114,-147.3472,55
20260816_125007_bb495b,2025-09-23,600075.SH,2300,2300,48.739825,50.130401,3198.3248,55
20260816_125007_bb495b,2025-09-23,600211.SH,800,800,131.117295,161.329,24169.364,47
20260816_125007_bb495b,2025-09-23,600009.SH,1100,1100,102.814725,99.468788,-3680.5307,43
20260816_125007_bb495b,2025-09-23,601065.SH,12600,12600,9.286126,8.95287,-4199.0256,43
20260816_125007_bb495b,2025-09-23,002884.SZ,1100,1100,98.617054,105.333767,7388.3843,42
20260816_125007_bb495b,2025-09-23,300360.SZ,900,900,119.874733,109.071846,-9722.5983,27
20260816_125007_bb495b,2025-09-23,600754.SH,1600,1600,74.396651,76.074422,2684.4336,24
20260816_125007_bb495b,2025-09-23,002252.SZ,600,600,177.506113,166.637492,-6521.1726,20
20260816_125007_bb495b,2025-09-23,002039.SZ,1900,1900,63.697898,63.656004,-79.5986,11
20260816_125007_bb495b,2025-09-24,600089.SH,100,100,685.82037,926.64648,24082.611,60
20260816_125007_bb495b,2025-09-24,000591.SZ,1600,1600,69.005206,69.216696,338.384,56
20260816_125007_bb495b,2025-09-24,600075.SH,2300,2300,48.739825,50.576997,4225.4956,56
20260816_125007_bb495b,2025-09-24,600211.SH,800,800,131.117295,161.634676,24413.9048,48
20260816_125007_bb495b,2025-09-24,600009.SH,1100,1100,102.814725,99.624793,-3508.9252,44
20260816_125007_bb495b,2025-09-24,601065.SH,12600,12600,9.286126,8.995758,-3658.6368,44
20260816_125007_bb495b,2025-09-24,002884.SZ,1100,1100,98.617054,103.549457,5425.6433,43
20260816_125007_bb495b,2025-09-24,300360.SZ,900,900,119.874733,110.130111,-8770.1598,28
20260816_125007_bb495b,2025-09-24,600754.SH,1600,1600,74.396651,75.784676,2220.84,25
20260816_125007_bb495b,2025-09-24,002252.SZ,600,600,177.506113,167.1327,-6224.0478,21
20260816_125007_bb495b,2025-09-24,002039.SZ,1900,1900,63.697898,64.032444,635.6374,12
20260816_125007_bb495b,2025-09-25,000591.SZ,1600,1600,69.005206,69.064905,95.5184,57
20260816_125007_bb495b,2025-09-25,600075.SH,2300,2300,48.739825,50.130401,3198.3248,57
20260816_125007_bb495b,2025-09-25,600211.SH,800,800,131.117295,159.528908,22729.2904,49
20260816_125007_bb495b,2025-09-25,600009.SH,1100,1100,102.814725,99.000773,-4195.3472,45
20260816_125007_bb495b,2025-09-25,601065.SH,12600,12600,9.286126,8.89926,-4874.5116,45
20260816_125007_bb495b,2025-09-25,002884.SZ,1100,1100,98.617054,101.1109,2743.2306,44
20260816_125007_bb495b,2025-09-25,300360.SZ,900,900,119.874733,109.706805,-9151.1352,29
20260816_125007_bb495b,2025-09-25,600754.SH,1600,1600,74.396651,75.6559,2014.7984,26
20260816_125007_bb495b,2025-09-25,002252.SZ,600,600,177.506113,165.647076,-7115.4222,22
20260816_125007_bb495b,2025-09-25,002039.SZ,1900,1900,63.697898,64.258308,1064.779,13
20260816_125007_bb495b,2025-09-25,001376.SZ,8900,0,13.381581,13.036647,-3069.9126,1
20260816_125007_bb495b,2025-09-26,000591.SZ,1600,1600,69.005206,69.975651,1552.712,58
20260816_125007_bb495b,2025-09-26,600075.SH,2300,2300,48.739825,50.018752,2941.5321,58
20260816_125007_bb495b,2025-09-26,600211.SH,800,800,131.117295,155.55512,19550.26,50
20260816_125007_bb495b,2025-09-26,600009.SH,1100,1100,102.814725,98.782366,-4435.5949,46
20260816_125007_bb495b,2025-09-26,601065.SH,12600,12600,9.286126,8.909982,-4739.4144,46
20260816_125007_bb495b,2025-09-26,002884.SZ,1100,1100,98.617054,101.408285,3070.3541,45
20260816_125007_bb495b,2025-09-26,300360.SZ,900,900,119.874733,109.918458,-8960.6475,30
20260816_125007_bb495b,2025-09-26,600754.SH,1600,1600,74.396651,74.786662,624.0176,27
20260816_125007_bb495b,2025-09-26,002252.SZ,600,600,177.506113,165.399472,-7263.9846,23
20260816_125007_bb495b,2025-09-26,002039.SZ,1900,1900,63.697898,65.432448,3295.645,14
20260816_125007_bb495b,2025-09-26,001376.SZ,8900,8900,13.381581,12.862278,-4621.7967,2
20260816_125007_bb495b,2025-09-26,601616.SH,12900,0,9.183851,9.04009,-1854.5169,1
20260816_125007_bb495b,2025-09-29,000591.SZ,1600,1600,69.005206,69.82386,1309.8464,59
20260816_125007_bb495b,2025-09-29,600075.SH,2300,2300,48.739825,50.800295,4739.081,59
20260816_125007_bb495b,2025-09-29,600211.SH,800,800,131.117295,157.0835,20772.964,51
20260816_125007_bb495b,2025-09-29,600009.SH,1100,1100,102.814725,99.499989,-3646.2096,47
20260816_125007_bb495b,2025-09-29,601065.SH,12600,12600,9.286126,8.931426,-4469.22,47
20260816_125007_bb495b,2025-09-29,002884.SZ,1100,1100,98.617054,101.70567,3397.4776,46
20260816_125007_bb495b,2025-09-29,300360.SZ,900,900,119.874733,110.412315,-8516.1762,31
20260816_125007_bb495b,2025-09-29,600754.SH,1600,1600,74.396651,74.722274,520.9968,28
20260816_125007_bb495b,2025-09-29,002252.SZ,600,600,177.506113,165.89468,-6966.8598,24
20260816_125007_bb495b,2025-09-29,002039.SZ,1900,1900,63.697898,64.334334,1209.2284,15
20260816_125007_bb495b,2025-09-29,001376.SZ,8900,8900,13.381581,12.944334,-3891.4983,3
20260816_125007_bb495b,2025-09-29,601616.SH,12900,12900,9.183851,9.018041,-2138.949,2
20260816_125007_bb495b,2025-09-30,000591.SZ,1600,1600,69.005206,68.913114,-147.3472,60
20260816_125007_bb495b,2025-09-30,600075.SH,2300,2300,48.739825,50.911944,4995.8737,60
20260816_125007_bb495b,2025-09-30,600211.SH,800,800,131.117295,158.61188,21995.668,52
20260816_125007_bb495b,2025-09-30,600009.SH,1100,1100,102.814725,99.499989,-3646.2096,48
20260816_125007_bb495b,2025-09-30,601065.SH,12600,12600,9.286126,8.909982,-4739.4144,48
20260816_125007_bb495b,2025-09-30,002884.SZ,1100,1100,98.617054,101.765147,3462.9023,47
20260816_125007_bb495b,2025-09-30,300360.SZ,900,900,119.874733,109.424601,-9405.1188,32
20260816_125007_bb495b,2025-09-30,600754.SH,1600,1600,74.396651,74.20717,-303.1696,29
20260816_125007_bb495b,2025-09-30,002252.SZ,600,600,177.506113,165.647076,-7115.4222,25
20260816_125007_bb495b,2025-09-30,002039.SZ,1900,1900,63.697898,63.728478,58.102,16
20260816_125007_bb495b,2025-09-30,001376.SZ,8900,8900,13.381581,12.82125,-4986.9459,4
20260816_125007_bb495b,2025-09-30,601616.SH,12900,12900,9.183851,8.951894,-2992.2453,3
20260816_125007_bb495b,2025-10-09,600211.SH,800,800,131.117295,162.042244,24739.9592,53
20260816_125007_bb495b,2025-10-09,600009.SH,1100,1100,102.814725,99.687195,-3440.283,49
20260816_125007_bb495b,2025-10-09,601065.SH,12600,12600,9.286126,8.95287,-4199.0256,49
20260816_125007_bb495b,2025-10-09,002884.SZ,1100,1100,98.617054,101.051423,2677.8059,48
20260816_125007_bb495b,2025-10-09,300360.SZ,900,900,119.874733,111.400029,-7627.2336,33
20260816_125007_bb495b,2025-10-09,600754.SH,1600,1600,74.396651,71.921396,-3960.408,30
20260816_125007_bb495b,2025-10-09,002252.SZ,600,600,177.506113,167.875512,-5778.3606,26
20260816_125007_bb495b,2025-10-09,002039.SZ,1900,1900,63.697898,65.12952,2720.0818,17
20260816_125007_bb495b,2025-10-09,001376.SZ,8900,8900,13.381581,12.852021,-4713.084,5
20260816_125007_bb495b,2025-10-09,601616.SH,12900,12900,9.183851,9.018041,-2138.949,4
20260816_125007_bb495b,2025-10-10,600211.SH,800,800,131.117295,166.049996,27946.1608,54
20260816_125007_bb495b,2025-10-10,600009.SH,1100,1100,102.814725,99.468788,-3680.5307,50
20260816_125007_bb495b,2025-10-10,601065.SH,12600,12600,9.286126,9.027924,-3253.3452,50
20260816_125007_bb495b,2025-10-10,002884.SZ,1100,1100,98.617054,102.419394,4182.574,49
20260816_125007_bb495b,2025-10-10,300360.SZ,900,900,119.874733,114.080967,-5214.3894,34
20260816_125007_bb495b,2025-10-10,600754.SH,1600,1600,74.396651,72.59747,-2878.6896,31
20260816_125007_bb495b,2025-10-10,002252.SZ,600,600,177.506113,168.37072,-5481.2358,27
20260816_125007_bb495b,2025-10-10,002039.SZ,1900,1900,63.697898,66.568428,5454.007,18
20260816_125007_bb495b,2025-10-10,001376.SZ,8900,8900,13.381581,13.057161,-2887.338,6
20260816_125007_bb495b,2025-10-10,601616.SH,12900,12900,9.183851,9.370825,2411.9646,5
20260816_125007_bb495b,2025-10-10,600483.SH,2900,0,40.042139,39.796674,-711.8485,1
20260816_125007_bb495b,2025-10-10,600312.SH,900,0,120.810575,121.00192,172.2105,1
20260816_125007_bb495b,2025-10-13,600211.SH,800,800,131.117295,161.329,24169.364,55
20260816_125007_bb495b,2025-10-13,600009.SH,1100,1100,102.814725,98.345552,-4916.0903,51
20260816_125007_bb495b,2025-10-13,601065.SH,12600,12600,9.286126,8.985036,-3793.734,51
20260816_125007_bb495b,2025-10-13,002884.SZ,1100,1100,98.617054,100.397176,1958.1342,50
20260816_125007_bb495b,2025-10-13,300360.SZ,900,900,119.874733,112.599396,-6547.8033,35
20260816_125007_bb495b,2025-10-13,600754.SH,1600,1600,74.396651,71.663844,-4372.4912,32
20260816_125007_bb495b,2025-10-13,002252.SZ,600,600,177.506113,166.389888,-6669.735,28
20260816_125007_bb495b,2025-10-13,002039.SZ,1900,1900,63.697898,67.628676,7468.4782,19
20260816_125007_bb495b,2025-10-13,001376.SZ,8900,8900,13.381581,13.057161,-2887.338,7
20260816_125007_bb495b,2025-10-13,601616.SH,12900,12900,9.183851,9.547217,4687.4214,6
20260816_125007_bb495b,2025-10-13,600483.SH,2900,2900,40.042139,37.92021,-6153.5941,2
20260816_125007_bb495b,2025-10-13,600312.SH,900,900,120.810575,121.41256,541.7865,2
20260816_125007_bb495b,2025-10-14,600211.SH,800,800,131.117295,163.842336,26180.0328,56
20260816_125007_bb495b,2025-10-14,600009.SH,1100,1100,102.814725,98.563959,-4675.8426,52
20260816_125007_bb495b,2025-10-14,601065.SH,12600,12600,9.286126,9.00648,-3523.5396,52
20260816_125007_bb495b,2025-10-14,002884.SZ,1100,1100,98.617054,101.527239,3201.2035,51
20260816_125007_bb495b,2025-10-14,300360.SZ,900,900,119.874733,111.823335,-7246.2582,36
20260816_125007_bb495b,2025-10-14,600754.SH,1600,1600,74.396651,71.535068,-4578.5328,33
20260816_125007_bb495b,2025-10-14,002252.SZ,600,600,177.506113,167.380304,-6075.4854,29
20260816_125007_bb495b,2025-10-14,002039.SZ,1900,1900,63.697898,67.96947,8115.9868,20
20260816_125007_bb495b,2025-10-14,001376.SZ,8900,8900,13.381581,13.016133,-3252.4872,8
20260816_125007_bb495b,2025-10-14,601616.SH,12900,12900,9.183851,9.436972,3265.2609,7
20260816_125007_bb495b,2025-10-14,600483.SH,2900,2900,40.042139,38.584791,-4226.3092,3
20260816_125007_bb495b,2025-10-14,600312.SH,900,900,120.810575,119.77,-936.5175,3
20260816_125007_bb495b,2025-10-15,600211.SH,800,800,131.117295,163.944228,26261.5464,57
20260816_125007_bb495b,2025-10-15,600009.SH,1100,1100,102.814725,99.468788,-3680.5307,53
20260816_125007_bb495b,2025-10-15,601065.SH,12600,12600,9.286126,9.017202,-3388.4424,53
20260816_125007_bb495b,2025-10-15,002884.SZ,1100,1100,98.617054,103.073641,4902.2457,52
20260816_125007_bb495b,2025-10-15,300360.SZ,900,900,119.874733,114.857028,-4515.9345,37
20260816_125007_bb495b,2025-10-15,600754.SH,1600,1600,74.396651,71.760426,-4217.96,34
20260816_125007_bb495b,2025-10-15,002252.SZ,600,600,177.506113,166.885096,-6372.6102,30
20260816_125007_bb495b,2025-10-15,002039.SZ,1900,1900,63.697898,67.515078,7252.642,21
20260816_125007_bb495b,2025-10-15,001376.SZ,8900,8900,13.381581,13.211016,-1518.0285,9
20260816_125007_bb495b,2025-10-15,601616.SH,12900,12900,9.183851,9.613364,5540.7177,8
20260816_125007_bb495b,2025-10-15,600483.SH,2900,2900,40.042139,38.858442,-3432.7213,4
20260816_125007_bb495b,2025-10-15,600312.SH,900,900,120.810575,121.20724,356.9985,4
20260816_125007_bb495b,2025-10-16,600211.SH,800,800,131.117295,167.170808,28842.8104,58
20260816_125007_bb495b,2025-10-16,600009.SH,1100,1100,102.814725,99.24928,-3921.9895,54
20260816_125007_bb495b,2025-10-16,601065.SH,12600,12600,9.286126,8.985036,-3793.734,54
20260816_125007_bb495b,2025-10-16,002884.SZ,1100,1100,98.617054,102.597825,4378.8481,53
20260816_125007_bb495b,2025-10-16,300360.SZ,900,900,119.874733,114.363171,-4960.4058,38
20260816_125007_bb495b,2025-10-16,600754.SH,1600,1600,74.396651,71.47068,-4681.5536,35
20260816_125007_bb495b,2025-10-16,002252.SZ,600,600,177.506113,166.142284,-6818.2974,31
20260816_125007_bb495b,2025-10-16,002039.SZ,1900,1900,63.697898,67.666542,7540.4236,22
20260816_125007_bb495b,2025-10-16,001376.SZ,8900,8900,13.381581,13.200759,-1609.3158,10
20260816_125007_bb495b,2025-10-16,601616.SH,12900,12900,9.183851,9.591315,5256.2856,9
20260816_125007_bb495b,2025-10-16,600483.SH,2900,2900,40.042139,39.014814,-2979.2425,5
20260816_125007_bb495b,2025-10-16,600312.SH,900,900,120.810575,121.00192,172.2105,5
20260816_125007_bb495b,2025-10-17,600211.SH,800,800,131.117295,165.302788,27348.3944,59
20260816_125007_bb495b,2025-10-17,600009.SH,1100,1100,102.814725,98.369856,-4889.3559,55
20260816_125007_bb495b,2025-10-17,601065.SH,12600,12600,9.286126,8.974314,-3928.8312,55
20260816_125007_bb495b,2025-10-17,002884.SZ,1100,1100,98.617054,100.040314,1565.586,54
20260816_125007_bb495b,2025-10-17,300360.SZ,900,900,119.874733,109.636254,-9214.6311,39
20260816_125007_bb495b,2025-10-17,600754.SH,1600,1600,74.396651,70.18292,-6741.9696,36
20260816_125007_bb495b,2025-10-17,002252.SZ,600,600,177.506113,164.904264,-7561.1094,32
20260816_125007_bb495b,2025-10-17,002039.SZ,1900,1900,63.697898,66.07617,4518.7168,23
20260816_125007_bb495b,2025-10-17,001376.SZ,8900,8900,13.381581,13.293072,-787.7301,11
20260816_125007_bb495b,2025-10-17,601616.SH,12900,12900,9.183851,9.04009,-1854.5169,10
20260816_125007_bb495b,2025-10-17,600483.SH,2900,2900,40.042139,38.31114,-5019.8971,6
20260816_125007_bb495b,2025-10-17,600312.SH,900,900,120.810575,112.837473,-7175.7918,6
20260816_125007_bb495b,2025-10-20,600211.SH,800,800,131.117295,163.53666,25935.492,60
20260816_125007_bb495b,2025-10-20,600009.SH,1100,1100,102.814725,98.715344,-4509.3191,56
20260816_125007_bb495b,2025-10-20,601065.SH,12600,12600,9.286126,9.00648,-3523.5396,56
20260816_125007_bb495b,2025-10-20,002884.SZ,1100,1100,98.617054,100.51613,2088.9836,55
20260816_125007_bb495b,2025-10-20,300360.SZ,900,900,119.874733,110.05956,-8833.6557,40
20260816_125007_bb495b,2025-10-20,600754.SH,1600,1600,74.396651,72.211142,-3496.8144,37
20260816_125007_bb495b,2025-10-20,002252.SZ,600,600,177.506113,165.151868,-7412.547,33
20260816_125007_bb495b,2025-10-20,002039.SZ,1900,1900,63.697898,66.000438,4374.826,24
20260816_125007_bb495b,2025-10-20,001376.SZ,8900,8900,13.381581,13.662324,2498.6127,12
20260816_125007_bb495b,2025-10-20,601616.SH,12900,12900,9.183851,9.326727,1843.1004,11
20260816_125007_bb495b,2025-10-20,600483.SH,2900,2900,40.042139,38.037489,-5813.485,7
20260816_125007_bb495b,2025-10-20,600312.SH,900,900,120.810575,115.120512,-5121.0567,7
20260816_125007_bb495b,2025-10-21,600009.SH,1100,1100,102.814725,98.62112,-4612.9655,57
20260816_125007_bb495b,2025-10-21,601065.SH,12600,12600,9.286126,9.156588,-1632.1788,57
20260816_125007_bb495b,2025-10-21,002884.SZ,1100,1100,98.617054,101.527239,3201.2035,56
20260816_125007_bb495b,2025-10-21,300360.SZ,900,900,119.874733,111.117825,-7881.2172,41
20260816_125007_bb495b,2025-10-21,600754.SH,1600,1600,74.396651,72.017978,-3805.8768,38
20260816_125007_bb495b,2025-10-21,002252.SZ,600,600,177.506113,165.647076,-7115.4222,34
20260816_125007_bb495b,2025-10-21,002039.SZ,1900,1900,63.697898,67.21215,6677.0788,25
20260816_125007_bb495b,2025-10-21,001376.SZ,8900,8900,13.381581,13.570011,1677.027,13
20260816_125007_bb495b,2025-10-21,601616.SH,12900,12900,9.183851,9.348776,2127.5325,12
20260816_125007_bb495b,2025-10-21,600483.SH,2900,2900,40.042139,38.428419,-4679.788,8
20260816_125007_bb495b,2025-10-21,600312.SH,900,900,120.810575,118.787211,-1821.0276,8
20260816_125007_bb495b,2025-10-22,600009.SH,1100,1100,102.814725,98.212816,-5062.0999,58
20260816_125007_bb495b,2025-10-22,601065.SH,12600,12600,9.286126,9.27453,-146.1096,58
20260816_125007_bb495b,2025-10-22,002884.SZ,1100,1100,98.617054,100.813515,2416.1071,57
20260816_125007_bb495b,2025-10-22,300360.SZ,900,900,119.874733,109.424601,-9405.1188,42
20260816_125007_bb495b,2025-10-22,600754.SH,1600,1600,74.396651,71.535068,-4578.5328,39
20260816_125007_bb495b,2025-10-22,002252.SZ,600,600,177.506113,166.142284,-6818.2974,35
20260816_125007_bb495b,2025-10-22,002039.SZ,1900,1900,63.697898,66.189768,4734.553,26
20260816_125007_bb495b,2025-10-22,001376.SZ,8900,8900,13.381581,13.303329,-696.4428,14
20260816_125007_bb495b,2025-10-22,601616.SH,12900,12900,9.183851,9.326727,1843.1004,13
20260816_125007_bb495b,2025-10-22,600483.SH,2900,2900,40.042139,38.272047,-5133.2668,9
20260816_125007_bb495b,2025-10-22,600312.SH,900,900,120.810575,113.46012,-6615.4095,9
20260816_125007_bb495b,2025-10-22,000883.SZ,4100,0,28.791792,28.4563,-1375.5172,1
20260816_125007_bb495b,2025-10-23,600009.SH,1100,1100,102.814725,98.558304,-4682.0631,59
20260816_125007_bb495b,2025-10-23,601065.SH,12600,12600,9.286126,9.27453,-146.1096,59
20260816_125007_bb495b,2025-10-23,002884.SZ,1100,1100,98.617054,101.527239,3201.2035,58
20260816_125007_bb495b,2025-10-23,300360.SZ,900,900,119.874733,109.495152,-9341.6229,43
20260816_125007_bb495b,2025-10-23,600754.SH,1600,1600,74.396651,71.663844,-4372.4912,40
20260816_125007_bb495b,2025-10-23,002252.SZ,600,600,177.506113,166.142284,-6818.2974,36
20260816_125007_bb495b,2025-10-23,002039.SZ,1900,1900,63.697898,67.818006,7828.2052,27
20260816_125007_bb495b,2025-10-23,001376.SZ,8900,8900,13.381581,13.416156,307.7175,15
20260816_125007_bb495b,2025-10-23,601616.SH,12900,12900,9.183851,9.326727,1843.1004,14
20260816_125007_bb495b,2025-10-23,600483.SH,2900,2900,40.042139,39.093,-2752.5031,10
20260816_125007_bb495b,2025-10-23,600312.SH,900,900,120.810575,114.359499,-5805.9684,10
20260816_125007_bb495b,2025-10-23,000883.SZ,4100,4100,28.791792,28.695932,-393.026,2
20260816_125007_bb495b,2025-10-24,600009.SH,1100,1100,102.814725,98.526896,-4716.6119,60
20260816_125007_bb495b,2025-10-24,601065.SH,12600,12600,9.286126,9.16731,-1497.0816,60
20260816_125007_bb495b,2025-10-24,002884.SZ,1100,1100,98.617054,101.408285,3070.3541,59
20260816_125007_bb495b,2025-10-24,300360.SZ,900,900,119.874733,110.130111,-8770.1598,44
20260816_125007_bb495b,2025-10-24,600754.SH,1600,1600,74.396651,71.30971,-4939.1056,41
20260816_125007_bb495b,2025-10-24,002252.SZ,600,600,177.506113,166.885096,-6372.6102,37
20260816_125007_bb495b,2025-10-24,002039.SZ,1900,1900,63.697898,66.871356,6029.5702,28
20260816_125007_bb495b,2025-10-24,001376.SZ,8900,8900,13.381581,12.975105,-3617.6364,16
20260816_125007_bb495b,2025-10-24,601616.SH,12900,12900,9.183851,9.238531,705.372,15
20260816_125007_bb495b,2025-10-24,600483.SH,2900,2900,40.042139,38.545698,-4339.6789,11
20260816_125007_bb495b,2025-10-24,600312.SH,900,900,120.810575,115.397244,-4871.9979,11
20260816_125007_bb495b,2025-10-24,000883.SZ,4100,4100,28.791792,28.396392,-1621.14,3
20260816_125007_bb495b,2025-10-27,002884.SZ,1100,1100,98.617054,103.311549,5163.9445,60
20260816_125007_bb495b,2025-10-27,300360.SZ,900,900,119.874733,110.05956,-8833.6557,45
20260816_125007_bb495b,2025-10-27,600754.SH,1600,1600,74.396651,71.47068,-4681.5536,42
20260816_125007_bb495b,2025-10-27,002252.SZ,600,600,177.506113,166.142284,-6818.2974,38
20260816_125007_bb495b,2025-10-27,002039.SZ,1900,1900,63.697898,68.423862,8979.3316,29
20260816_125007_bb495b,2025-10-27,001376.SZ,8900,8900,13.381581,13.108446,-2430.9015,17
20260816_125007_bb495b,2025-10-27,601616.SH,12900,12900,9.183851,9.238531,705.372,16
20260816_125007_bb495b,2025-10-27,600483.SH,2900,2900,40.042139,39.053907,-2865.8728,12
20260816_125007_bb495b,2025-10-27,600312.SH,900,900,120.810575,120.37842,-388.9395,12
20260816_125007_bb495b,2025-10-27,000883.SZ,4100,4100,28.791792,28.75584,-147.4032,4
20260816_125007_bb495b,2025-10-28,300360.SZ,900,900,119.874733,109.424601,-9405.1188,46
20260816_125007_bb495b,2025-10-28,600754.SH,1600,1600,74.396651,70.633636,-6020.824,43
20260816_125007_bb495b,2025-10-28,002252.SZ,600,600,177.506113,165.399472,-7263.9846,39
20260816_125007_bb495b,2025-10-28,002039.SZ,1900,1900,63.697898,67.552944,7324.5874,30
20260816_125007_bb495b,2025-10-28,001376.SZ,8900,8900,13.381581,13.200759,-1609.3158,18
20260816_125007_bb495b,2025-10-28,601616.SH,12900,12900,9.183851,9.414923,2980.8288,17
20260816_125007_bb495b,2025-10-28,600483.SH,2900,2900,40.042139,39.249372,-2299.0243,13
20260816_125007_bb495b,2025-10-28,600312.SH,900,900,120.810575,118.99476,-1634.2335,13
20260816_125007_bb495b,2025-10-28,000883.SZ,4100,4100,28.791792,28.815748,98.2196,5
20260816_125007_bb495b,2025-10-28,000498.SZ,5800,0,20.647614,20.303101,-1998.1754,1
20260816_125007_bb495b,2025-10-28,600938.SH,3300,0,35.686288,34.984796,-2314.9236,1
20260816_125007_bb495b,2025-10-29,300360.SZ,900,900,119.874733,111.188376,-7817.7213,47
20260816_125007_bb495b,2025-10-29,600754.SH,1600,1600,74.396651,70.311696,-6535.928,44
20260816_125007_bb495b,2025-10-29,002252.SZ,600,600,177.506113,165.89468,-6966.8598,40
20260816_125007_bb495b,2025-10-29,002039.SZ,1900,1900,63.697898,67.704408,7612.369,31
20260816_125007_bb495b,2025-10-29,001376.SZ,8900,8900,13.381581,13.180245,-1791.8904,19
20260816_125007_bb495b,2025-10-29,601616.SH,12900,12900,9.183851,9.216482,420.9399,18
20260816_125007_bb495b,2025-10-29,600483.SH,2900,2900,40.042139,39.327558,-2072.2849,14
20260816_125007_bb495b,2025-10-29,600312.SH,900,900,120.810575,126.051426,4716.7659,14
20260816_125007_bb495b,2025-10-29,000883.SZ,4100,4100,28.791792,29.05538,1080.7108,6
20260816_125007_bb495b,2025-10-29,000498.SZ,5800,5800,20.647614,20.271228,-2183.0388,2
20260816_125007_bb495b,2025-10-29,600938.SH,3300,3300,35.686288,34.971915,-2357.4309,2
20260816_125007_bb495b,2025-10-29,600269.SH,1500,0,76.605993,75.807116,-1198.3155,1
20260816_125007_bb495b,2025-10-30,300360.SZ,900,900,119.874733,109.071846,-9722.5983,48
20260816_125007_bb495b,2025-10-30,600754.SH,1600,1600,74.396651,70.118532,-6844.9904,45
20260816_125007_bb495b,2025-10-30,002252.SZ,600,600,177.506113,166.142284,-6818.2974,41
20260816_125007_bb495b,2025-10-30,002039.SZ,1900,1900,63.697898,67.855872,7900.1506,32
20260816_125007_bb495b,2025-10-30,001376.SZ,8900,8900,13.381581,12.831507,-4895.6586,20
20260816_125007_bb495b,2025-10-30,601616.SH,12900,12900,9.183851,9.018041,-2138.949,19
20260816_125007_bb495b,2025-10-30,600483.SH,2900,2900,40.042139,39.444837,-1732.1758,15
20260816_125007_bb495b,2025-10-30,600312.SH,900,900,120.810575,122.661459,1665.7956,15
20260816_125007_bb495b,2025-10-30,000883.SZ,4100,4100,28.791792,29.175196,1571.9564,7
20260816_125007_bb495b,2025-10-30,000498.SZ,5800,5800,20.647614,20.07999,-3292.2192,3
20260816_125007_bb495b,2025-10-30,600938.SH,3300,3300,35.686288,34.791581,-2952.5331,3
20260816_125007_bb495b,2025-10-30,600269.SH,1500,1500,76.605993,74.963252,-2464.1115,2
20260816_125007_bb495b,2025-10-31,300360.SZ,900,900,119.874733,109.636254,-9214.6311,49
20260816_125007_bb495b,2025-10-31,600754.SH,1600,1600,74.396651,72.468694,-3084.7312,46
20260816_125007_bb495b,2025-10-31,002252.SZ,600,600,177.506113,166.885096,-6372.6102,42
20260816_125007_bb495b,2025-10-31,002039.SZ,1900,1900,63.697898,67.02282,6317.3518,33
20260816_125007_bb495b,2025-10-31,001376.SZ,8900,8900,13.381581,12.964848,-3708.9237,21
20260816_125007_bb495b,2025-10-31,601616.SH,12900,12900,9.183851,9.018041,-2138.949,20
20260816_125007_bb495b,2025-10-31,600483.SH,2900,2900,40.042139,39.523023,-1505.4364,16
20260816_125007_bb495b,2025-10-31,600312.SH,900,900,120.810575,122.177178,1229.9427,16
20260816_125007_bb495b,2025-10-31,000883.SZ,4100,4100,28.791792,28.336484,-1866.7628,8
20260816_125007_bb495b,2025-10-31,000498.SZ,5800,5800,20.647614,19.474403,-6804.6238,4
20260816_125007_bb495b,2025-10-31,600938.SH,3300,3300,35.686288,34.920391,-2527.4601,4
20260816_125007_bb495b,2025-10-31,600269.SH,1500,1500,76.605993,75.24454,-2042.1795,3
20260816_125007_bb495b,2025-11-03,300360.SZ,900,900,119.874733,110.200662,-8706.6639,50
20260816_125007_bb495b,2025-11-03,600754.SH,1600,1600,74.396651,74.239364,-251.6592,47
20260816_125007_bb495b,2025-11-03,002252.SZ,600,600,177.506113,167.875512,-5778.3606,43
20260816_125007_bb495b,2025-11-03,002039.SZ,1900,1900,63.697898,68.196666,8547.6592,34
20260816_125007_bb495b,2025-11-03,001376.SZ,8900,8900,13.381581,12.954591,-3800.211,22
20260816_125007_bb495b,2025-11-03,601616.SH,12900,12900,9.183851,9.172384,-147.9243,21
20260816_125007_bb495b,2025-11-03,600483.SH,2900,2900,40.042139,40.304883,761.9576,17
20260816_125007_bb495b,2025-11-03,600312.SH,900,900,120.810575,124.5294,3346.9425,17
20260816_125007_bb495b,2025-11-03,000883.SZ,4100,4100,28.791792,28.216668,-2358.0084,9
20260816_125007_bb495b,2025-11-03,000498.SZ,5800,5800,20.647614,19.601895,-6065.1702,5
20260816_125007_bb495b,2025-11-03,600938.SH,3300,3300,35.686288,36.607802,3040.9962,5
20260816_125007_bb495b,2025-11-03,600269.SH,1500,1500,76.605993,76.510336,-143.4855,4
20260816_125007_bb495b,2025-11-04,300360.SZ,900,900,119.874733,111.188376,-7817.7213,51
20260816_125007_bb495b,2025-11-04,600754.SH,1600,1600,74.396651,73.917424,-766.7632,48
20260816_125007_bb495b,2025-11-04,002252.SZ,600,600,177.506113,167.1327,-6224.0478,44
20260816_125007_bb495b,2025-11-04,002039.SZ,1900,1900,63.697898,68.72679,9554.8948,35
20260816_125007_bb495b,2025-11-04,001376.SZ,8900,8900,13.381581,13.005876,-3343.7745,23
20260816_125007_bb495b,2025-11-04,601616.SH,12900,12900,9.183851,9.282629,1274.2362,22
20260816_125007_bb495b,2025-11-04,600483.SH,2900,2900,40.042139,41.204022,3369.4607,18
20260816_125007_bb495b,2025-11-04,600312.SH,900,900,120.810575,124.321851,3160.1484,18
20260816_125007_bb495b,2025-11-04,000883.SZ,4100,4100,28.791792,28.516208,-1129.8944,10
20260816_125007_bb495b,2025-11-04,000498.SZ,5800,5800,20.647614,19.697514,-5510.58,6
20260816_125007_bb495b,2025-11-04,600938.SH,3300,3300,35.686288,36.247134,1850.7918,6
20260816_125007_bb495b,2025-11-04,600269.SH,1500,1500,76.605993,77.494844,1333.2765,5
20260816_125007_bb495b,2025-11-05,300360.SZ,900,900,119.874733,113.58711,-5658.8607,52
20260816_125007_bb495b,2025-11-05,600754.SH,1600,1600,74.396651,75.140796,1190.632,49
20260816_125007_bb495b,2025-11-05,002252.SZ,600,600,177.506113,167.627908,-5926.923,45
20260816_125007_bb495b,2025-11-05,002039.SZ,1900,1900,63.697898,70.582224,13080.2194,36
20260816_125007_bb495b,2025-11-05,001376.SZ,8900,8900,13.381581,13.057161,-2887.338,24
20260816_125007_bb495b,2025-11-05,601616.SH,12900,12900,9.183851,9.988197,10376.0634,23
20260816_125007_bb495b,2025-11-05,600483.SH,2900,2900,40.042139,41.204022,3369.4607,19
20260816_125007_bb495b,2025-11-05,600312.SH,900,900,120.810575,131.4477,9573.4125,19
20260816_125007_bb495b,2025-11-05,000883.SZ,4100,4100,28.791792,28.636024,-638.6488,11
20260816_125007_bb495b,2025-11-05,000498.SZ,5800,5800,20.647614,19.665641,-5695.4434,7
20260816_125007_bb495b,2025-11-05,600938.SH,3300,3300,35.686288,35.796299,363.0363,7
20260816_125007_bb495b,2025-11-05,600269.SH,1500,1500,76.605993,77.072912,700.3785,6
20260816_125007_bb495b,2025-11-06,300360.SZ,900,900,119.874733,113.657661,-5595.3648,53
20260816_125007_bb495b,2025-11-06,600754.SH,1600,1600,74.396651,73.659872,-1178.8464,50
20260816_125007_bb495b,2025-11-06,002252.SZ,600,600,177.506113,168.618324,-5332.6734,46
20260816_125007_bb495b,2025-11-06,002039.SZ,1900,1900,63.697898,72.589122,16893.3256,37
20260816_125007_bb495b,2025-11-06,001376.SZ,8900,8900,13.381581,13.046904,-2978.6253,25
20260816_125007_bb495b,2025-11-06,601616.SH,12900,12900,9.183851,9.745658,7247.3103,24
20260816_125007_bb495b,2025-11-06,600483.SH,2900,2900,40.042139,41.751324,4956.6365,20
20260816_125007_bb495b,2025-11-06,600312.SH,900,900,120.810575,133.869105,11752.677,20
20260816_125007_bb495b,2025-11-06,000883.SZ,4100,4100,28.791792,28.815748,98.2196,12
20260816_125007_bb495b,2025-11-06,000498.SZ,5800,5800,20.647614,19.856879,-4586.263,8
20260816_125007_bb495b,2025-11-06,600938.SH,3300,3300,35.686288,36.45323,2530.9086,8
20260816_125007_bb495b,2025-11-06,600269.SH,1500,1500,76.605993,77.494844,1333.2765,7
20260816_125007_bb495b,2025-11-07,300360.SZ,900,900,119.874733,114.857028,-4515.9345,54
20260816_125007_bb495b,2025-11-07,600754.SH,1600,1600,74.396651,73.788648,-972.8048,51
20260816_125007_bb495b,2025-11-07,002252.SZ,600,600,177.506113,170.351552,-4292.7366,47
20260816_125007_bb495b,2025-11-07,002039.SZ,1900,1900,63.697898,70.960884,13799.6734,38
20260816_125007_bb495b,2025-11-07,001376.SZ,8900,8900,13.381581,13.139217,-2157.0396,26
20260816_125007_bb495b,2025-11-07,601616.SH,12900,12900,9.183851,10.164589,12651.5202,25
20260816_125007_bb495b,2025-11-07,600483.SH,2900,2900,40.042139,41.243115,3482.8304,21
20260816_125007_bb495b,2025-11-07,600312.SH,900,900,120.810575,134.560935,12375.324,21
20260816_125007_bb495b,2025-11-07,000883.SZ,4100,4100,28.791792,28.935564,589.4652,13
20260816_125007_bb495b,2025-11-07,000498.SZ,5800,5800,20.647614,19.984371,-3846.8094,9
20260816_125007_bb495b,2025-11-07,600938.SH,3300,3300,35.686288,36.646445,3168.5181,9
20260816_125007_bb495b,2025-11-07,600269.SH,1500,1500,76.605993,77.3542,1122.3105,8
20260816_125007_bb495b,2025-11-10,300360.SZ,900,900,119.874733,114.715926,-4642.9263,55
20260816_125007_bb495b,2025-11-10,600754.SH,1600,1600,74.396651,81.161074,10823.0768,52
20260816_125007_bb495b,2025-11-10,002252.SZ,600,600,177.506113,171.094364,-3847.0494,48
20260816_125007_bb495b,2025-11-10,002039.SZ,1900,1900,63.697898,70.24143,12432.7108,39
20260816_125007_bb495b,2025-11-10,001376.SZ,8900,8900,13.381581,13.590525,1859.6016,27
20260816_125007_bb495b,2025-11-10,601616.SH,12900,12900,9.183851,10.164589,12651.5202,26
20260816_125007_bb495b,2025-11-10,600483.SH,2900,2900,40.042139,41.04765,2915.9819,22
20260816_125007_bb495b,2025-11-10,600312.SH,900,900,120.810575,133.177275,11130.03,22
20260816_125007_bb495b,2025-11-10,000883.SZ,4100,4100,28.791792,29.05538,1080.7108,14
20260816_125007_bb495b,2025-11-10,000498.SZ,5800,5800,20.647614,20.143736,-2922.4924,10
20260816_125007_bb495b,2025-11-10,600938.SH,3300,3300,35.686288,37.406424,5676.4488,10
20260816_125007_bb495b,2025-11-10,600269.SH,1500,1500,76.605993,77.635488,1544.2425,9
20260816_125007_bb495b,2025-11-11,300360.SZ,900,900,119.874733,137.645001,15993.2412,56
20260816_125007_bb495b,2025-11-11,600754.SH,1600,1600,74.396651,84.573638,16283.1792,53
20260816_125007_bb495b,2025-11-11,002252.SZ,600,600,177.506113,171.589572,-3549.9246,49
20260816_125007_bb495b,2025-11-11,002039.SZ,1900,1900,63.697898,70.62009,13152.1648,40
20260816_125007_bb495b,2025-11-11,001376.SZ,8900,8900,13.381581,13.416156,307.7175,28
20260816_125007_bb495b,2025-11-11,601616.SH,12900,12900,9.183851,10.208687,13220.3844,27
20260816_125007_bb495b,2025-11-11,600483.SH,2900,2900,40.042139,40.695813,1895.6546,23
20260816_125007_bb495b,2025-11-11,600312.SH,900,900,120.810575,132.762177,10756.4418,23
20260816_125007_bb495b,2025-11-11,000883.SZ,4100,4100,28.791792,29.05538,1080.7108,15
20260816_125007_bb495b,2025-11-11,000498.SZ,5800,5800,20.647614,20.271228,-2183.0388,11
20260816_125007_bb495b,2025-11-11,600938.SH,3300,3300,35.686288,37.174566,4911.3174,11
20260816_125007_bb495b,2025-11-11,600269.SH,1500,1500,76.605993,78.198064,2388.1065,10
20260816_125007_bb495b,2025-11-12,300360.SZ,900,900,119.874733,132.706431,11548.5282,57
20260816_125007_bb495b,2025-11-12,600754.SH,1600,1600,74.396651,84.605832,16334.6896,54
20260816_125007_bb495b,2025-11-12,002252.SZ,600,600,177.506113,171.589572,-3549.9246,50
20260816_125007_bb495b,2025-11-12,002039.SZ,1900,1900,63.697898,70.24143,12432.7108,41
20260816_125007_bb495b,2025-11-12,001376.SZ,8900,8900,13.381581,13.559754,1585.7397,29
20260816_125007_bb495b,2025-11-12,601616.SH,12900,12900,9.183851,9.966148,10091.6313,28
20260816_125007_bb495b,2025-11-12,600483.SH,2900,2900,40.042139,40.695813,1895.6546,24
20260816_125007_bb495b,2025-11-12,600312.SH,900,900,120.810575,127.089171,5650.7364,24
20260816_125007_bb495b,2025-11-12,000883.SZ,4100,4100,28.791792,28.815748,98.2196,16
20260816_125007_bb495b,2025-11-12,000498.SZ,5800,5800,20.647614,20.271228,-2183.0388,12
20260816_125007_bb495b,2025-11-12,600938.SH,3300,3300,35.686288,38.114879,8014.3503,12
20260816_125007_bb495b,2025-11-12,600269.SH,1500,1500,76.605993,78.05742,2177.1405,11
20260816_125007_bb495b,2025-11-13,300360.SZ,900,900,119.874733,133.553043,12310.479,58
20260816_125007_bb495b,2025-11-13,600754.SH,1600,1600,74.396651,84.638026,16386.2,55
20260816_125007_bb495b,2025-11-13,002252.SZ,600,600,177.506113,170.84676,-3995.6118,51
20260816_125007_bb495b,2025-11-13,002039.SZ,1900,1900,63.697898,69.256914,10562.1304,42
20260816_125007_bb495b,2025-11-13,001376.SZ,8900,8900,13.381581,14.25723,7793.2761,30
20260816_125007_bb495b,2025-11-13,601616.SH,12900,12900,9.183851,10.032295,10944.9276,29
20260816_125007_bb495b,2025-11-13,600483.SH,2900,2900,40.042139,40.304883,761.9576,25
20260816_125007_bb495b,2025-11-13,600312.SH,900,900,120.810575,128.472831,6896.0304,25
20260816_125007_bb495b,2025-11-13,000883.SZ,4100,4100,28.791792,28.75584,-147.4032,17
20260816_125007_bb495b,2025-11-13,000498.SZ,5800,5800,20.647614,20.271228,-2183.0388,13
20260816_125007_bb495b,2025-11-13,600938.SH,3300,3300,35.686288,37.316257,5378.8977,13
20260816_125007_bb495b,2025-11-13,600269.SH,1500,1500,76.605993,77.3542,1122.3105,12
20260816_125007_bb495b,2025-11-14,300360.SZ,900,900,119.874733,125.228025,4817.9628,59
20260816_125007_bb495b,2025-11-14,600754.SH,1600,1600,74.396651,83.479042,14531.8256,56
20260816_125007_bb495b,2025-11-14,002252.SZ,600,600,177.506113,170.103948,-4441.299,52
20260816_125007_bb495b,2025-11-14,002039.SZ,1900,1900,63.697898,68.34813,8835.4408,43
20260816_125007_bb495b,2025-11-14,001376.SZ,8900,8900,13.381581,14.011062,5602.3809,31
20260816_125007_bb495b,2025-11-14,601616.SH,12900,12900,9.183851,9.811805,8100.6066,30
20260816_125007_bb495b,2025-11-14,600483.SH,2900,2900,40.042139,40.891278,2462.5031,26
20260816_125007_bb495b,2025-11-14,600312.SH,900,900,120.810575,124.183485,3035.619,26
20260816_125007_bb495b,2025-11-14,000883.SZ,4100,4100,28.791792,28.636024,-638.6488,18
20260816_125007_bb495b,2025-11-14,000498.SZ,5800,5800,20.647614,20.111863,-3107.3558,14
20260816_125007_bb495b,2025-11-14,600938.SH,3300,3300,35.686288,37.380662,5591.4342,14
20260816_125007_bb495b,2025-11-14,600269.SH,1500,1500,76.605993,77.072912,700.3785,13
20260816_125007_bb495b,2025-11-17,300360.SZ,900,900,119.874733,123.252597,3040.0776,60
20260816_125007_bb495b,2025-11-17,600754.SH,1600,1600,74.396651,83.800982,15046.9296,57
20260816_125007_bb495b,2025-11-17,002252.SZ,600,600,177.506113,168.865928,-5184.111,53
20260816_125007_bb495b,2025-11-17,002039.SZ,1900,1900,63.697898,67.78014,7756.2598,44
20260816_125007_bb495b,2025-11-17,001376.SZ,8900,8900,13.381581,13.929006,4872.0825,32
20260816_125007_bb495b,2025-11-17,601616.SH,12900,12900,9.183851,9.811805,8100.6066,31
20260816_125007_bb495b,2025-11-17,600483.SH,2900,2900,40.042139,40.695813,1895.6546,27
20260816_125007_bb495b,2025-11-17,600312.SH,900,900,120.810575,124.391034,3222.4131,27
20260816_125007_bb495b,2025-11-17,000883.SZ,4100,4100,28.791792,28.516208,-1129.8944,19
20260816_125007_bb495b,2025-11-17,000498.SZ,5800,5800,20.647614,19.888752,-4401.3996,15
20260816_125007_bb495b,2025-11-17,600938.SH,3300,3300,35.686288,37.303376,5336.3904,15
20260816_125007_bb495b,2025-11-17,600269.SH,1500,1500,76.605993,76.932268,489.4125,14
20260816_125007_bb495b,2025-11-18,600754.SH,1600,1600,74.396651,84.090728,15510.5232,58
20260816_125007_bb495b,2025-11-18,002252.SZ,600,600,177.506113,166.389888,-6669.735,54
20260816_125007_bb495b,2025-11-18,002039.SZ,1900,1900,63.697898,67.96947,8115.9868,45
20260816_125007_bb495b,2025-11-18,001376.SZ,8900,8900,13.381581,13.703352,2863.7619,33
20260816_125007_bb495b,2025-11-18,601616.SH,12900,12900,9.183851,9.48107,3834.1251,32
20260816_125007_bb495b,2025-11-18,600483.SH,2900,2900,40.042139,39.796674,-711.8485,28
20260816_125007_bb495b,2025-11-18,600312.SH,900,900,120.810575,121.07025,233.7075,28
20260816_125007_bb495b,2025-11-18,000883.SZ,4100,4100,28.791792,28.336484,-1866.7628,20
20260816_125007_bb495b,2025-11-18,000498.SZ,5800,5800,20.647614,19.665641,-5695.4434,16
20260816_125007_bb495b,2025-11-18,600938.SH,3300,3300,35.686288,36.813898,3721.113,16
20260816_125007_bb495b,2025-11-18,600269.SH,1500,1500,76.605993,76.229048,-565.4175,15
20260816_125007_bb495b,2025-11-19,600754.SH,1600,1600,74.396651,84.316086,15871.096,59
20260816_125007_bb495b,2025-11-19,002252.SZ,600,600,177.506113,165.89468,-6966.8598,55
20260816_125007_bb495b,2025-11-19,002039.SZ,1900,1900,63.697898,68.651058,9411.004,46
20260816_125007_bb495b,2025-11-19,001376.SZ,8900,8900,13.381581,13.764894,3411.4857,34
20260816_125007_bb495b,2025-11-19,601616.SH,12900,12900,9.183851,9.172384,-147.9243,33
20260816_125007_bb495b,2025-11-19,600483.SH,2900,2900,40.042139,40.031232,-31.6303,29
20260816_125007_bb495b,2025-11-19,600312.SH,900,900,120.810575,120.793518,-15.3513,29
20260816_125007_bb495b,2025-11-19,000883.SZ,4100,4100,28.791792,28.15676,-2603.6312,21
20260816_125007_bb495b,2025-11-19,000498.SZ,5800,5800,20.647614,19.538149,-6434.897,17
20260816_125007_bb495b,2025-11-19,600938.SH,3300,3300,35.686288,38.024712,7716.7992,17
20260816_125007_bb495b,2025-11-19,600269.SH,1500,1500,76.605993,75.385184,-1831.2135,16
20260816_125007_bb495b,2025-11-20,600754.SH,1600,1600,74.396651,81.93373,12059.3264,60
20260816_125007_bb495b,2025-11-20,002252.SZ,600,600,177.506113,165.647076,-7115.4222,56
20260816_125007_bb495b,2025-11-20,002039.SZ,1900,1900,63.697898,67.893738,7972.096,47
20260816_125007_bb495b,2025-11-20,001376.SZ,8900,8900,13.381581,13.672581,2589.9,35
20260816_125007_bb495b,2025-11-20,601616.SH,12900,12900,9.183851,8.995992,-2423.3811,34
20260816_125007_bb495b,2025-11-20,600483.SH,2900,2900,40.042139,39.757581,-825.2182,30
20260816_125007_bb495b,2025-11-20,600312.SH,900,900,120.810575,119.617407,-1073.8512,30
20260816_125007_bb495b,2025-11-20,000883.SZ,4100,4100,28.791792,28.216668,-2358.0084,22
20260816_125007_bb495b,2025-11-20,000498.SZ,5800,5800,20.647614,19.538149,-6434.897,18
20260816_125007_bb495b,2025-11-20,600938.SH,3300,3300,35.686288,37.61252,6356.5656,18
20260816_125007_bb495b,2025-11-20,600269.SH,1500,1500,76.605993,75.807116,-1198.3155,17
20260816_125007_bb495b,2025-11-20,600028.SH,4400,0,27.332931,27.52629,850.7796,1
20260816_125007_bb495b,2025-11-21,002252.SZ,600,600,177.506113,163.666244,-8303.9214,57
20260816_125007_bb495b,2025-11-21,002039.SZ,1900,1900,63.697898,66.757758,5813.734,48
20260816_125007_bb495b,2025-11-21,001376.SZ,8900,8900,13.381581,13.098189,-2522.1888,36
20260816_125007_bb495b,2025-11-21,601616.SH,12900,12900,9.183851,8.422718,-9818.6157,35
20260816_125007_bb495b,2025-11-21,600483.SH,2900,2900,40.042139,38.858442,-3432.7213,31
20260816_125007_bb495b,2025-11-21,600312.SH,900,900,120.810575,112.422375,-7549.38,31
20260816_125007_bb495b,2025-11-21,000883.SZ,4100,4100,28.791792,27.497772,-5305.482,23
20260816_125007_bb495b,2025-11-21,000498.SZ,5800,5800,20.647614,18.996308,-9577.5748,19
20260816_125007_bb495b,2025-11-21,600938.SH,3300,3300,35.686288,37.238971,5123.8539,19
20260816_125007_bb495b,2025-11-21,600269.SH,1500,1500,76.605993,73.8381,-4151.8395,18
20260816_125007_bb495b,2025-11-21,600028.SH,4400,4400,27.332931,27.162306,-750.75,2
20260816_125007_bb495b,2025-11-24,002252.SZ,600,600,177.506113,164.161452,-8006.7966,58
20260816_125007_bb495b,2025-11-24,002039.SZ,1900,1900,63.697898,66.947088,6173.461,49
20260816_125007_bb495b,2025-11-24,001376.SZ,8900,8900,13.381581,13.23153,-1335.4539,37
20260816_125007_bb495b,2025-11-24,601616.SH,12900,12900,9.183851,8.621159,-7258.7268,36
20260816_125007_bb495b,2025-11-24,600483.SH,2900,2900,40.042139,38.623884,-4112.9395,32
20260816_125007_bb495b,2025-11-24,600312.SH,900,900,120.810575,113.806035,-6304.086,32
20260816_125007_bb495b,2025-11-24,000883.SZ,4100,4100,28.791792,27.437864,-5551.1048,24
20260816_125007_bb495b,2025-11-24,000498.SZ,5800,5800,20.647614,19.155673,-8653.2578,20
20260816_125007_bb495b,2025-11-24,600938.SH,3300,3300,35.686288,36.0668,1255.6896,20
20260816_125007_bb495b,2025-11-24,600269.SH,1500,1500,76.605993,73.556812,-4573.7715,19
20260816_125007_bb495b,2025-11-24,600028.SH,4400,4400,27.332931,26.570832,-3353.2356,3
20260816_125007_bb495b,2025-11-24,600313.SH,4200,0,28.155057,28.58157,1791.3546,1
20260816_125007_bb495b,2025-11-25,002252.SZ,600,600,177.506113,163.913848,-8155.359,59
20260816_125007_bb495b,2025-11-25,002039.SZ,1900,1900,63.697898,67.136418,6533.188,50
20260816_125007_bb495b,2025-11-25,001376.SZ,8900,8900,13.381581,13.139217,-2157.0396,38
20260816_125007_bb495b,2025-11-25,601616.SH,12900,12900,9.183851,8.775502,-5267.7021,37
20260816_125007_bb495b,2025-11-25,600483.SH,2900,2900,40.042139,38.936628,-3205.9819,33
20260816_125007_bb495b,2025-11-25,600312.SH,900,900,120.810575,113.667669,-6428.6154,33
20260816_125007_bb495b,2025-11-25,000883.SZ,4100,4100,28.791792,27.617588,-4814.2364,25
20260816_125007_bb495b,2025-11-25,000498.SZ,5800,5800,20.647614,19.091927,-9022.9846,21
20260816_125007_bb495b,2025-11-25,600938.SH,3300,3300,35.686288,36.272896,1935.8064,21
20260816_125007_bb495b,2025-11-25,600269.SH,1500,1500,76.605993,73.275524,-4995.7035,20
20260816_125007_bb495b,2025-11-25,600028.SH,4400,4400,27.332931,26.38884,-4154.0004,4
20260816_125007_bb495b,2025-11-25,600313.SH,4200,4200,28.155057,28.20384,204.8886,2
20260816_125007_bb495b,2025-11-26,002252.SZ,600,600,177.506113,163.913848,-8155.359,60
20260816_125007_bb495b,2025-11-26,002039.SZ,1900,1900,63.697898,67.098552,6461.2426,51
20260816_125007_bb495b,2025-11-26,001376.SZ,8900,8900,13.381581,12.975105,-3617.6364,39
20260816_125007_bb495b,2025-11-26,601616.SH,12900,12900,9.183851,8.687306,-6405.4305,38
20260816_125007_bb495b,2025-11-26,600483.SH,2900,2900,40.042139,38.467512,-4566.4183,34
20260816_125007_bb495b,2025-11-26,600312.SH,900,900,120.810575,112.422375,-7549.38,34
20260816_125007_bb495b,2025-11-26,000883.SZ,4100,4100,28.791792,27.55768,-5059.8592,26
20260816_125007_bb495b,2025-11-26,000498.SZ,5800,5800,20.647614,19.028181,-9392.7114,22
20260816_125007_bb495b,2025-11-26,600938.SH,3300,3300,35.686288,35.822061,448.0509,22
20260816_125007_bb495b,2025-11-26,600269.SH,1500,1500,76.605993,73.556812,-4573.7715,21
20260816_125007_bb495b,2025-11-26,600028.SH,4400,4400,27.332931,26.115852,-5355.1476,5
20260816_125007_bb495b,2025-11-26,600313.SH,4200,4200,28.155057,27.49035,-2791.7694,3
20260816_125007_bb495b,2025-11-27,002039.SZ,1900,1900,63.697898,68.423862,8979.3316,52
20260816_125007_bb495b,2025-11-27,001376.SZ,8900,8900,13.381581,12.995619,-3435.0618,40
20260816_125007_bb495b,2025-11-27,601616.SH,12900,12900,9.183851,8.643208,-6974.2947,39
20260816_125007_bb495b,2025-11-27,600483.SH,2900,2900,40.042139,38.858442,-3432.7213,35
20260816_125007_bb495b,2025-11-27,600312.SH,900,900,120.810575,112.975839,-7051.2624,35
20260816_125007_bb495b,2025-11-27,000883.SZ,4100,4100,28.791792,27.617588,-4814.2364,27
20260816_125007_bb495b,2025-11-27,000498.SZ,5800,5800,20.647614,19.028181,-9392.7114,23
20260816_125007_bb495b,2025-11-27,600938.SH,3300,3300,35.686288,36.169848,1595.748,23
20260816_125007_bb495b,2025-11-27,600269.SH,1500,1500,76.605993,73.556812,-4573.7715,22
20260816_125007_bb495b,2025-11-27,600028.SH,4400,4400,27.332931,26.434338,-3953.8092,6
20260816_125007_bb495b,2025-11-27,600313.SH,4200,4200,28.155057,27.2805,-3673.1394,4
20260816_125007_bb495b,2025-11-28,002039.SZ,1900,1900,63.697898,67.818006,7828.2052,53
20260816_125007_bb495b,2025-11-28,001376.SZ,8900,8900,13.381581,13.108446,-2430.9015,41
20260816_125007_bb495b,2025-11-28,601616.SH,12900,12900,9.183851,8.753453,-5552.1342,40
20260816_125007_bb495b,2025-11-28,600483.SH,2900,2900,40.042139,38.623884,-4112.9395,36
20260816_125007_bb495b,2025-11-28,600312.SH,900,900,120.810575,116.158257,-4187.0862,36
20260816_125007_bb495b,2025-11-28,000883.SZ,4100,4100,28.791792,27.677496,-4568.6136,28
20260816_125007_bb495b,2025-11-28,000498.SZ,5800,5800,20.647614,19.060054,-9207.848,24
20260816_125007_bb495b,2025-11-28,600938.SH,3300,3300,35.686288,35.796299,363.0363,24
20260816_125007_bb495b,2025-11-28,600269.SH,1500,1500,76.605993,74.260032,-3518.9415,23
20260816_125007_bb495b,2025-11-28,600028.SH,4400,4400,27.332931,26.297844,-4554.3828,7
20260816_125007_bb495b,2025-11-28,600313.SH,4200,4200,28.155057,27.7002,-1910.3994,5
20260816_125007_bb495b,2025-11-28,600690.SH,100,0,1186.019486,1191.450484,543.0998,1
20260816_125007_bb495b,2025-12-01,002039.SZ,1900,1900,63.697898,68.53746,9195.1678,54
20260816_125007_bb495b,2025-12-01,001376.SZ,8900,8900,13.381581,13.211016,-1518.0285,42
20260816_125007_bb495b,2025-12-01,601616.SH,12900,12900,9.183851,8.797551,-4983.27,41
20260816_125007_bb495b,2025-12-01,600483.SH,2900,2900,40.042139,39.210279,-2412.394,37
20260816_125007_bb495b,2025-12-01,600312.SH,900,900,120.810575,117.126819,-3315.3804,37
20260816_125007_bb495b,2025-12-01,000883.SZ,4100,4100,28.791792,27.737404,-4322.9908,29
20260816_125007_bb495b,2025-12-01,000498.SZ,5800,5800,20.647614,19.155673,-8653.2578,25
20260816_125007_bb495b,2025-12-01,600938.SH,3300,3300,35.686288,36.685088,3296.04,25
20260816_125007_bb495b,2025-12-01,600269.SH,1500,1500,76.605993,74.119388,-3729.9075,24
20260816_125007_bb495b,2025-12-01,600028.SH,4400,4400,27.332931,26.61633,-3153.0444,8
20260816_125007_bb495b,2025-12-01,600313.SH,4200,4200,28.155057,27.95202,-852.7554,6
20260816_125007_bb495b,2025-12-01,600690.SH,100,100,1186.019486,1186.698506,67.902,2
20260816_125007_bb495b,2025-12-02,002039.SZ,1900,1900,63.697898,69.446244,10921.8574,55
20260816_125007_bb495b,2025-12-02,001376.SZ,8900,8900,13.381581,13.12896,-2248.3269,43
20260816_125007_bb495b,2025-12-02,601616.SH,12900,12900,9.183851,8.797551,-4983.27,42
20260816_125007_bb495b,2025-12-02,600483.SH,2900,2900,40.042139,39.366651,-1958.9152,38
20260816_125007_bb495b,2025-12-02,600312.SH,900,900,120.810575,115.051329,-5183.3214,38
20260816_125007_bb495b,2025-12-02,000883.SZ,4100,4100,28.791792,27.797312,-4077.368,30
20260816_125007_bb495b,2025-12-02,000498.SZ,5800,5800,20.647614,19.187546,-8468.3944,26
20260816_125007_bb495b,2025-12-02,600938.SH,3300,3300,35.686288,37.045756,4486.2444,26
20260816_125007_bb495b,2025-12-02,600269.SH,1500,1500,76.605993,74.822608,-2675.0775,25
20260816_125007_bb495b,2025-12-02,600028.SH,4400,4400,27.332931,27.207804,-550.5588,9
20260816_125007_bb495b,2025-12-02,600313.SH,4200,4200,28.155057,28.83339,2848.9986,7
20260816_125007_bb495b,2025-12-02,600690.SH,100,100,1186.019486,1199.226448,1320.6962,3
20260816_125007_bb495b,2025-12-03,002039.SZ,1900,1900,63.697898,70.0521,12072.9838,56
20260816_125007_bb495b,2025-12-03,001376.SZ,8900,8900,13.381581,13.02639,-3161.1999,44
20260816_125007_bb495b,2025-12-03,601616.SH,12900,12900,9.183851,8.753453,-5552.1342,43
20260816_125007_bb495b,2025-12-03,600483.SH,2900,2900,40.042139,39.679395,-1051.9576,39
20260816_125007_bb495b,2025-12-03,600312.SH,900,900,120.810575,113.667669,-6428.6154,39
20260816_125007_bb495b,2025-12-03,000883.SZ,4100,4100,28.791792,28.036944,-3094.8768,31
20260816_125007_bb495b,2025-12-03,000498.SZ,5800,5800,20.647614,19.283165,-7913.8042,27
20260816_125007_bb495b,2025-12-03,600938.SH,3300,3300,35.686288,36.994232,4316.2152,27
20260816_125007_bb495b,2025-12-03,600269.SH,1500,1500,76.605993,76.510336,-143.4855,26
20260816_125007_bb495b,2025-12-03,600028.SH,4400,4400,27.332931,27.07131,-1151.1324,10
20260816_125007_bb495b,2025-12-03,600313.SH,4200,4200,28.155057,28.45566,1262.5326,8
20260816_125007_bb495b,2025-12-03,600690.SH,100,100,1186.019486,1206.570414,2055.0928,4
20260816_125007_bb495b,2025-12-04,002039.SZ,1900,1900,63.697898,70.279296,12504.6562,57
20260816_125007_bb495b,2025-12-04,001376.SZ,8900,8900,13.381581,12.92382,-4074.0729,45
20260816_125007_bb495b,2025-12-04,601616.SH,12900,12900,9.183851,8.59911,-7543.1589,44
20260816_125007_bb495b,2025-12-04,600483.SH,2900,2900,40.042139,39.327558,-2072.2849,40
20260816_125007_bb495b,2025-12-04,600312.SH,900,900,120.810575,113.944401,-6179.5566,40
20260816_125007_bb495b,2025-12-04,000883.SZ,4100,4100,28.791792,27.797312,-4077.368,32
20260816_125007_bb495b,2025-12-04,000498.SZ,5800,5800,20.647614,19.283165,-7913.8042,28
20260816_125007_bb495b,2025-12-04,600938.SH,3300,3300,35.686288,37.457948,5846.478,28
20260816_125007_bb495b,2025-12-04,600269.SH,1500,1500,76.605993,76.510336,-143.4855,27
20260816_125007_bb495b,2025-12-04,600028.SH,4400,4400,27.332931,27.162306,-750.75,11
20260816_125007_bb495b,2025-12-04,600313.SH,4200,4200,28.155057,27.57429,-2439.2214,9
20260816_125007_bb495b,2025-12-04,600690.SH,100,100,1186.019486,1192.31448,629.4994,5
20260816_125007_bb495b,2025-12-05,002039.SZ,1900,1900,63.697898,69.787038,11569.366,58
20260816_125007_bb495b,2025-12-05,001376.SZ,8900,8900,13.381581,12.975105,-3617.6364,46
20260816_125007_bb495b,2025-12-05,601616.SH,12900,12900,9.183851,8.8196,-4698.8379,45
20260816_125007_bb495b,2025-12-05,600483.SH,2900,2900,40.042139,39.757581,-825.2182,41
20260816_125007_bb495b,2025-12-05,600312.SH,900,900,120.810575,117.403551,-3066.3216,41
20260816_125007_bb495b,2025-12-05,000883.SZ,4100,4100,28.791792,27.85722,-3831.7452,33
20260816_125007_bb495b,2025-12-05,000498.SZ,5800,5800,20.647614,19.378784,-7359.214,29
20260816_125007_bb495b,2025-12-05,600938.SH,3300,3300,35.686288,37.277614,5251.3758,29
20260816_125007_bb495b,2025-12-05,600269.SH,1500,1500,76.605993,75.666472,-1409.2815,28
20260816_125007_bb495b,2025-12-05,600028.SH,4400,4400,27.332931,27.116808,-950.9412,12
20260816_125007_bb495b,2025-12-05,600313.SH,4200,4200,28.155057,28.79142,2672.7246,10
20260816_125007_bb495b,2025-12-05,600690.SH,100,100,1186.019486,1189.722492,370.3006,6
20260816_125007_bb495b,2025-12-08,002039.SZ,1900,1900,63.697898,68.91612,9914.6218,59
20260816_125007_bb495b,2025-12-08,001376.SZ,8900,8900,13.381581,12.800736,-5169.5205,47
20260816_125007_bb495b,2025-12-08,601616.SH,12900,12900,9.183851,8.841649,-4414.4058,46
20260816_125007_bb495b,2025-12-08,600483.SH,2900,2900,40.042139,39.171186,-2525.7637,42
20260816_125007_bb495b,2025-12-08,600312.SH,900,900,120.810575,117.541917,-2941.7922,42
20260816_125007_bb495b,2025-12-08,000883.SZ,4100,4100,28.791792,27.677496,-4568.6136,34
20260816_125007_bb495b,2025-12-08,000498.SZ,5800,5800,20.647614,19.187546,-8468.3944,30
20260816_125007_bb495b,2025-12-08,600938.SH,3300,3300,35.686288,36.762374,3551.0838,30
20260816_125007_bb495b,2025-12-08,600269.SH,1500,1500,76.605993,75.24454,-2042.1795,29
20260816_125007_bb495b,2025-12-08,600028.SH,4400,4400,27.332931,27.116808,-950.9412,13
20260816_125007_bb495b,2025-12-08,600313.SH,4200,4200,28.155057,28.70748,2320.1766,11
20260816_125007_bb495b,2025-12-08,600690.SH,100,100,1186.019486,1173.738566,-1228.092,7
20260816_125007_bb495b,2025-12-09,002039.SZ,1900,1900,63.697898,69.256914,10562.1304,60
20260816_125007_bb495b,2025-12-09,001376.SZ,8900,8900,13.381581,12.554568,-7360.4157,48
20260816_125007_bb495b,2025-12-09,601616.SH,12900,12900,9.183851,8.797551,-4983.27,47
20260816_125007_bb495b,2025-12-09,600483.SH,2900,2900,40.042139,39.288465,-2185.6546,43
20260816_125007_bb495b,2025-12-09,600312.SH,900,900,120.810575,117.403551,-3066.3216,43
20260816_125007_bb495b,2025-12-09,000883.SZ,4100,4100,28.791792,27.437864,-5551.1048,35
20260816_125007_bb495b,2025-12-09,000498.SZ,5800,5800,20.647614,18.900689,-10132.165,31
20260816_125007_bb495b,2025-12-09,600938.SH,3300,3300,35.686288,36.350182,2190.8502,31
20260816_125007_bb495b,2025-12-09,600269.SH,1500,1500,76.605993,74.822608,-2675.0775,30
20260816_125007_bb495b,2025-12-09,600028.SH,4400,4400,27.332931,26.980314,-1551.5148,14
20260816_125007_bb495b,2025-12-09,600313.SH,4200,4200,28.155057,28.5396,1615.0806,12
20260816_125007_bb495b,2025-12-09,600690.SH,100,100,1186.019486,1153.866658,-3215.2828,8
20260816_125007_bb495b,2025-12-10,001376.SZ,8900,8900,13.381581,13.159731,-1974.465,49
20260816_125007_bb495b,2025-12-10,601616.SH,12900,12900,9.183851,8.643208,-6974.2947,48
20260816_125007_bb495b,2025-12-10,600483.SH,2900,2900,40.042139,39.953046,-258.3697,44
20260816_125007_bb495b,2025-12-10,600312.SH,900,900,120.810575,117.6111,-2879.5275,44
20260816_125007_bb495b,2025-12-10,000883.SZ,4100,4100,28.791792,27.497772,-5305.482,36
20260816_125007_bb495b,2025-12-10,000498.SZ,5800,5800,20.647614,18.996308,-9577.5748,32
20260816_125007_bb495b,2025-12-10,600938.SH,3300,3300,35.686288,36.337301,2148.3429,32
20260816_125007_bb495b,2025-12-10,600269.SH,1500,1500,76.605993,75.385184,-1831.2135,31
20260816_125007_bb495b,2025-12-10,600028.SH,4400,4400,27.332931,26.661828,-2952.8532,15
20260816_125007_bb495b,2025-12-10,600313.SH,4200,4200,28.155057,29.00127,3554.0946,13
20260816_125007_bb495b,2025-12-10,600690.SH,100,100,1186.019486,1153.43466,-3258.4826,9
20260816_125007_bb495b,2025-12-11,001376.SZ,8900,8900,13.381581,14.308515,8249.7126,50
20260816_125007_bb495b,2025-12-11,601616.SH,12900,12900,9.183851,8.510914,-8680.8873,49
20260816_125007_bb495b,2025-12-11,600483.SH,2900,2900,40.042139,39.87486,-485.1091,45
20260816_125007_bb495b,2025-12-11,600312.SH,900,900,120.810575,119.202309,-1447.4394,45
20260816_125007_bb495b,2025-12-11,000883.SZ,4100,4100,28.791792,27.377956,-5796.7276,37
20260816_125007_bb495b,2025-12-11,000498.SZ,5800,5800,20.647614,19.283165,-7913.8042,33
20260816_125007_bb495b,2025-12-11,600938.SH,3300,3300,35.686288,36.337301,2148.3429,33
20260816_125007_bb495b,2025-12-11,600269.SH,1500,1500,76.605993,74.822608,-2675.0775,32
20260816_125007_bb495b,2025-12-11,600028.SH,4400,4400,27.332931,26.479836,-3753.618,16
20260816_125007_bb495b,2025-12-11,600313.SH,4200,4200,28.155057,28.32975,733.7106,14
20260816_125007_bb495b,2025-12-11,600690.SH,100,100,1186.019486,1146.95469,-3906.4796,10
20260816_125007_bb495b,2025-12-11,600750.SH,200,0,510.446379,515.097465,930.2172,1
20260816_125007_bb495b,2025-12-12,001376.SZ,8900,8900,13.381581,15.07779,15096.2601,51
20260816_125007_bb495b,2025-12-12,601616.SH,12900,12900,9.183851,8.665257,-6689.8626,50
20260816_125007_bb495b,2025-12-12,600483.SH,2900,2900,40.042139,39.679395,-1051.9576,46
20260816_125007_bb495b,2025-12-12,600312.SH,900,900,120.810575,127.089171,5650.7364,46
20260816_125007_bb495b,2025-12-12,000883.SZ,4100,4100,28.791792,27.437864,-5551.1048,38
20260816_125007_bb495b,2025-12-12,000498.SZ,5800,5800,20.647614,19.060054,-9207.848,34
20260816_125007_bb495b,2025-12-12,600938.SH,3300,3300,35.686288,36.58204,2955.9816,34
20260816_125007_bb495b,2025-12-12,600269.SH,1500,1500,76.605993,73.978744,-3940.8735,33
20260816_125007_bb495b,2025-12-12,600028.SH,4400,4400,27.332931,26.297844,-4554.3828,17
20260816_125007_bb495b,2025-12-12,600313.SH,4200,4200,28.155057,27.99399,-676.4814,15
20260816_125007_bb495b,2025-12-12,600690.SH,100,100,1186.019486,1163.802612,-2221.6874,11
20260816_125007_bb495b,2025-12-12,600750.SH,200,200,510.446379,515.732082,1057.1406,2
20260816_125007_bb495b,2025-12-15,001376.SZ,8900,8900,13.381581,14.811108,12722.7903,52
20260816_125007_bb495b,2025-12-15,601616.SH,12900,12900,9.183851,8.841649,-4414.4058,51
20260816_125007_bb495b,2025-12-15,600483.SH,2900,2900,40.042139,40.070325,81.7394,47
20260816_125007_bb495b,2025-12-15,600312.SH,900,900,120.810575,125.843877,4529.9718,47
20260816_125007_bb495b,2025-12-15,000883.SZ,4100,4100,28.791792,27.497772,-5305.482,39
20260816_125007_bb495b,2025-12-15,000498.SZ,5800,5800,20.647614,19.155673,-8653.2578,35
20260816_125007_bb495b,2025-12-15,600938.SH,3300,3300,35.686288,36.478992,2615.9232,35
20260816_125007_bb495b,2025-12-15,600269.SH,1500,1500,76.605993,74.119388,-3729.9075,34
20260816_125007_bb495b,2025-12-15,600028.SH,4400,4400,27.332931,26.38884,-4154.0004,18
20260816_125007_bb495b,2025-12-15,600313.SH,4200,4200,28.155057,28.1199,-147.6594,16
20260816_125007_bb495b,2025-12-15,600690.SH,100,100,1186.019486,1181.51453,-450.4956,12
20260816_125007_bb495b,2025-12-15,600750.SH,200,200,510.446379,514.462848,803.2938,3
20260816_125007_bb495b,2025-12-16,001376.SZ,8900,8900,13.381581,14.688024,11627.3427,53
20260816_125007_bb495b,2025-12-16,601616.SH,12900,12900,9.183851,8.444767,-9534.1836,52
20260816_125007_bb495b,2025-12-16,600483.SH,2900,2900,40.042139,39.405744,-1845.5455,48
20260816_125007_bb495b,2025-12-16,600312.SH,900,900,120.810575,123.699204,2599.7661,48
20260816_125007_bb495b,2025-12-16,000883.SZ,4100,4100,28.791792,27.437864,-5551.1048,40
20260816_125007_bb495b,2025-12-16,000498.SZ,5800,5800,20.647614,18.900689,-10132.165,36
20260816_125007_bb495b,2025-12-16,600938.SH,3300,3300,35.686288,36.041038,1170.675,36
20260816_125007_bb495b,2025-12-16,600269.SH,1500,1500,76.605993,73.275524,-4995.7035,35
20260816_125007_bb495b,2025-12-16,600028.SH,4400,4400,27.332931,26.479836,-3753.618,19
20260816_125007_bb495b,2025-12-16,600313.SH,4200,4200,28.155057,27.44838,-2968.0434,17
20260816_125007_bb495b,2025-12-16,600690.SH,100,100,1186.019486,1174.602562,-1141.6924,13
20260816_125007_bb495b,2025-12-16,600750.SH,200,200,510.446379,517.212855,1353.2952,4
20260816_125007_bb495b,2025-12-17,001376.SZ,8900,8900,13.381581,15.570126,19478.0505,54
20260816_125007_bb495b,2025-12-17,601616.SH,12900,12900,9.183851,8.268375,-11809.6404,53
20260816_125007_bb495b,2025-12-17,600483.SH,2900,2900,40.042139,39.093,-2752.5031,49
20260816_125007_bb495b,2025-12-17,600312.SH,900,900,120.810575,123.906753,2786.5602,49
20260816_125007_bb495b,2025-12-17,000883.SZ,4100,4100,28.791792,27.55768,-5059.8592,41
20260816_125007_bb495b,2025-12-17,000498.SZ,5800,5800,20.647614,18.80507,-10686.7552,37
20260816_125007_bb495b,2025-12-17,600938.SH,3300,3300,35.686288,36.388825,2318.3721,37
20260816_125007_bb495b,2025-12-17,600269.SH,1500,1500,76.605993,73.275524,-4995.7035,36
20260816_125007_bb495b,2025-12-17,600028.SH,4400,4400,27.332931,26.570832,-3353.2356,20
20260816_125007_bb495b,2025-12-17,600313.SH,4200,4200,28.155057,26.69292,-6140.9754,18
20260816_125007_bb495b,2025-12-17,600690.SH,100,100,1186.019486,1187.562502,154.3016,14
20260816_125007_bb495b,2025-12-17,600750.SH,200,200,510.446379,516.366699,1184.064,5
20260816_125007_bb495b,2025-12-18,001376.SZ,8900,8900,13.381581,15.272673,16830.7188,55
20260816_125007_bb495b,2025-12-18,601616.SH,12900,12900,9.183851,8.290424,-11525.2083,54
20260816_125007_bb495b,2025-12-18,600483.SH,2900,2900,40.042139,38.975721,-3092.6122,50
20260816_125007_bb495b,2025-12-18,600312.SH,900,900,120.810575,123.14574,2101.6485,50
20260816_125007_bb495b,2025-12-18,000883.SZ,4100,4100,28.791792,27.617588,-4814.2364,42
20260816_125007_bb495b,2025-12-18,000498.SZ,5800,5800,20.647614,18.900689,-10132.165,38
20260816_125007_bb495b,2025-12-18,600938.SH,3300,3300,35.686288,36.801017,3678.6057,38
20260816_125007_bb495b,2025-12-18,600269.SH,1500,1500,76.605993,74.119388,-3729.9075,37
20260816_125007_bb495b,2025-12-18,600028.SH,4400,4400,27.332931,26.980314,-1551.5148,21
20260816_125007_bb495b,2025-12-18,600313.SH,4200,4200,28.155057,26.98671,-4907.0574,19
20260816_125007_bb495b,2025-12-18,600690.SH,100,100,1186.019486,1184.106518,-191.2968,15
20260816_125007_bb495b,2025-12-18,600750.SH,200,200,510.446379,525.674415,3045.6072,6
20260816_125007_bb495b,2025-12-19,001376.SZ,8900,8900,13.381581,15.447042,18382.6029,56
20260816_125007_bb495b,2025-12-19,601616.SH,12900,12900,9.183851,8.466816,-9249.7515,55
20260816_125007_bb495b,2025-12-19,600483.SH,2900,2900,40.042139,38.858442,-3432.7213,51
20260816_125007_bb495b,2025-12-19,600312.SH,900,900,120.810575,123.491655,2412.972,51
20260816_125007_bb495b,2025-12-19,000883.SZ,4100,4100,28.791792,27.55768,-5059.8592,43
20260816_125007_bb495b,2025-12-19,000498.SZ,5800,5800,20.647614,19.028181,-9392.7114,39
20260816_125007_bb495b,2025-12-19,600938.SH,3300,3300,35.686288,35.796299,363.0363,39
20260816_125007_bb495b,2025-12-19,600269.SH,1500,1500,76.605993,73.978744,-3940.8735,38
20260816_125007_bb495b,2025-12-19,600028.SH,4400,4400,27.332931,26.798322,-2352.2796,22
20260816_125007_bb495b,2025-12-19,600313.SH,4200,4200,28.155057,27.65823,-2086.6734,20
20260816_125007_bb495b,2025-12-19,600690.SH,100,100,1186.019486,1188.426498,240.7012,16
20260816_125007_bb495b,2025-12-19,600750.SH,200,200,510.446379,521.020557,2114.8356,7
20260816_125007_bb495b,2025-12-22,001376.SZ,8900,8900,13.381581,16.247088,25503.0123,57
20260816_125007_bb495b,2025-12-22,601616.SH,12900,12900,9.183851,8.687306,-6405.4305,56
20260816_125007_bb495b,2025-12-22,600483.SH,2900,2900,40.042139,38.506605,-4453.0486,52
20260816_125007_bb495b,2025-12-22,600312.SH,900,900,120.810575,122.869008,1852.5897,52
20260816_125007_bb495b,2025-12-22,000883.SZ,4100,4100,28.791792,27.55768,-5059.8592,44
20260816_125007_bb495b,2025-12-22,000498.SZ,5800,5800,20.647614,18.996308,-9577.5748,40
20260816_125007_bb495b,2025-12-22,600938.SH,3300,3300,35.686288,35.615965,-232.0659,40
20260816_125007_bb495b,2025-12-22,600269.SH,1500,1500,76.605993,73.275524,-4995.7035,39
20260816_125007_bb495b,2025-12-22,600028.SH,4400,4400,27.332931,26.707326,-2752.662,23
20260816_125007_bb495b,2025-12-22,600313.SH,4200,4200,28.155057,28.28778,557.4366,21
20260816_125007_bb495b,2025-12-22,600690.SH,100,100,1186.019486,1180.650534,-536.8952,17
20260816_125007_bb495b,2025-12-22,600750.SH,200,200,510.446379,523.135947,2537.9136,8
20260816_125007_bb495b,2025-12-23,001376.SZ,8900,8900,13.381581,15.580383,19569.3378,58
20260816_125007_bb495b,2025-12-23,601616.SH,12900,12900,9.183851,8.488865,-8965.3194,57
20260816_125007_bb495b,2025-12-23,600483.SH,2900,2900,40.042139,38.662977,-3999.5698,53
20260816_125007_bb495b,2025-12-23,600312.SH,900,900,120.810575,123.076557,2039.3838,53
20260816_125007_bb495b,2025-12-23,000883.SZ,4100,4100,28.791792,27.617588,-4814.2364,45
20260816_125007_bb495b,2025-12-23,000498.SZ,5800,5800,20.647614,19.060054,-9207.848,41
20260816_125007_bb495b,2025-12-23,600938.SH,3300,3300,35.686288,36.208491,1723.2699,41
20260816_125007_bb495b,2025-12-23,600269.SH,1500,1500,76.605993,73.275524,-4995.7035,40
20260816_125007_bb495b,2025-12-23,600028.SH,4400,4400,27.332931,26.934816,-1751.706,24
20260816_125007_bb495b,2025-12-23,600313.SH,4200,4200,28.155057,27.95202,-852.7554,22
20260816_125007_bb495b,2025-12-23,600690.SH,100,100,1186.019486,1175.466558,-1055.2928,18
20260816_125007_bb495b,2025-12-23,600750.SH,200,200,510.446379,521.866713,2284.0668,9
20260816_125007_bb495b,2025-12-24,001376.SZ,8900,8900,13.381581,16.052205,23768.5536,59
20260816_125007_bb495b,2025-12-24,601616.SH,12900,12900,9.183851,8.577061,-7827.591,58
20260816_125007_bb495b,2025-12-24,600483.SH,2900,2900,40.042139,38.662977,-3999.5698,54
20260816_125007_bb495b,2025-12-24,600312.SH,900,900,120.810575,123.007374,1977.1191,54
20260816_125007_bb495b,2025-12-24,000883.SZ,4100,4100,28.791792,27.677496,-4568.6136,46
20260816_125007_bb495b,2025-12-24,000498.SZ,5800,5800,20.647614,19.123674,-8838.852,42
20260816_125007_bb495b,2025-12-24,600938.SH,3300,3300,35.686288,36.208491,1723.2699,42
20260816_125007_bb495b,2025-12-24,600269.SH,1500,1500,76.605993,73.697456,-4362.8055,41
20260816_125007_bb495b,2025-12-24,600028.SH,4400,4400,27.332931,26.889318,-1951.8972,25
20260816_125007_bb495b,2025-12-24,600313.SH,4200,4200,28.155057,28.20384,204.8886,23
20260816_125007_bb495b,2025-12-24,600690.SH,100,100,1186.019486,1159.482632,-2653.6854,19
20260816_125007_bb495b,2025-12-24,600750.SH,200,200,510.446379,519.328245,1776.3732,10
20260816_125007_bb495b,2025-12-25,001376.SZ,8900,8900,13.381581,16.954821,31801.836,60
20260816_125007_bb495b,2025-12-25,601616.SH,12900,12900,9.183851,8.621159,-7258.7268,59
20260816_125007_bb495b,2025-12-25,600483.SH,2900,2900,40.042139,38.780256,-3659.4607,55
20260816_125007_bb495b,2025-12-25,600312.SH,900,900,120.810575,123.83757,2724.2955,55
20260816_125007_bb495b,2025-12-25,000883.SZ,4100,4100,28.791792,27.737404,-4322.9908,47
20260816_125007_bb495b,2025-12-25,000498.SZ,5800,5800,20.647614,19.411008,-7172.3148,43
20260816_125007_bb495b,2025-12-25,600938.SH,3300,3300,35.686288,36.234253,1808.2845,43
20260816_125007_bb495b,2025-12-25,600269.SH,1500,1500,76.605993,73.978744,-3940.8735,42
20260816_125007_bb495b,2025-12-25,600028.SH,4400,4400,27.332931,26.61633,-3153.0444,26
20260816_125007_bb495b,2025-12-25,600313.SH,4200,4200,28.155057,27.99399,-676.4814,24
20260816_125007_bb495b,2025-12-25,600690.SH,100,100,1186.019486,1161.210624,-2480.8862,20
20260816_125007_bb495b,2025-12-25,600750.SH,200,200,510.446379,502.405125,-1608.2508,11
20260816_125007_bb495b,2025-12-26,601616.SH,12900,12900,9.183851,8.577061,-7827.591,60
20260816_125007_bb495b,2025-12-26,600483.SH,2900,2900,40.042139,38.858442,-3432.7213,56
20260816_125007_bb495b,2025-12-26,600312.SH,900,900,120.810575,124.5294,3346.9425,56
20260816_125007_bb495b,2025-12-26,000883.SZ,4100,4100,28.791792,27.677496,-4568.6136,48
20260816_125007_bb495b,2025-12-26,000498.SZ,5800,5800,20.647614,19.31523,-7727.8272,44
20260816_125007_bb495b,2025-12-26,600938.SH,3300,3300,35.686288,36.466111,2573.4159,44
20260816_125007_bb495b,2025-12-26,600269.SH,1500,1500,76.605993,73.8381,-4151.8395,43
20260816_125007_bb495b,2025-12-26,600028.SH,4400,4400,27.332931,26.343342,-4354.1916,27
20260816_125007_bb495b,2025-12-26,600313.SH,4200,4200,28.155057,28.24581,381.1626,25
20260816_125007_bb495b,2025-12-26,600690.SH,100,100,1186.019486,1155.162652,-3085.6834,21
20260816_125007_bb495b,2025-12-26,600750.SH,200,200,510.446379,499.655118,-2158.2522,12
20260816_125007_bb495b,2025-12-29,600483.SH,2900,2900,40.042139,37.998396,-5926.8547,57
20260816_125007_bb495b,2025-12-29,600312.SH,900,900,120.810575,120.724335,-77.616,57
20260816_125007_bb495b,2025-12-29,000883.SZ,4100,4100,28.791792,27.437864,-5551.1048,49
20260816_125007_bb495b,2025-12-29,000498.SZ,5800,5800,20.647614,19.411008,-7172.3148,45
20260816_125007_bb495b,2025-12-29,600938.SH,3300,3300,35.686288,37.277614,5251.3758,45
20260816_125007_bb495b,2025-12-29,600269.SH,1500,1500,76.605993,73.416168,-4784.7375,44
20260816_125007_bb495b,2025-12-29,600028.SH,4400,4400,27.332931,27.2988,-150.1764,28
20260816_125007_bb495b,2025-12-29,600313.SH,4200,4200,28.155057,28.03596,-500.2074,26
20260816_125007_bb495b,2025-12-29,600690.SH,100,100,1186.019486,1148.250684,-3776.8802,22
20260816_125007_bb495b,2025-12-29,600750.SH,200,200,510.446379,499.020501,-2285.1756,13
20260816_125007_bb495b,2025-12-29,605116.SH,4700,0,25.875714,25.90608,142.7202,1
20260816_125007_bb495b,2025-12-30,600483.SH,2900,2900,40.042139,37.13835,-8420.9881,58
20260816_125007_bb495b,2025-12-30,600312.SH,900,900,120.810575,120.101688,-637.9983,58
20260816_125007_bb495b,2025-12-30,000883.SZ,4100,4100,28.791792,27.318048,-6042.3504,50
20260816_125007_bb495b,2025-12-30,000498.SZ,5800,5800,20.647614,19.219452,-8283.3396,46
20260816_125007_bb495b,2025-12-30,600938.SH,3300,3300,35.686288,38.462666,9162.0474,46
20260816_125007_bb495b,2025-12-30,600269.SH,1500,1500,76.605993,72.994236,-5417.6355,45
20260816_125007_bb495b,2025-12-30,600028.SH,4400,4400,27.332931,28.026768,3052.8828,29
20260816_125007_bb495b,2025-12-30,600313.SH,4200,4200,28.155057,27.57429,-2439.2214,27
20260816_125007_bb495b,2025-12-30,600690.SH,100,100,1186.019486,1146.522692,-3949.6794,23
20260816_125007_bb495b,2025-12-30,600750.SH,200,200,510.446379,496.693572,-2750.5614,14
20260816_125007_bb495b,2025-12-30,605116.SH,4700,4700,25.875714,26.48061,2843.0112,2
20260816_125007_bb495b,2025-12-30,601528.SH,14500,0,8.40512,8.292606,-1631.453,1
20260816_125007_bb495b,2025-12-31,600483.SH,2900,2900,40.042139,37.021071,-8761.0972,59
20260816_125007_bb495b,2025-12-31,600312.SH,900,900,120.810575,120.032505,-700.263,59
20260816_125007_bb495b,2025-12-31,000883.SZ,4100,4100,28.791792,27.198232,-6533.596,51
20260816_125007_bb495b,2025-12-31,000498.SZ,5800,5800,20.647614,19.251378,-8098.1688,47
20260816_125007_bb495b,2025-12-31,600938.SH,3300,3300,35.686288,38.874858,10522.281,47
20260816_125007_bb495b,2025-12-31,600269.SH,1500,1500,76.605993,72.994236,-5417.6355,46
20260816_125007_bb495b,2025-12-31,600028.SH,4400,4400,27.332931,28.117764,3453.2652,30
20260816_125007_bb495b,2025-12-31,600313.SH,4200,4200,28.155057,27.02868,-4730.7834,28
20260816_125007_bb495b,2025-12-31,600690.SH,100,100,1186.019486,1127.082782,-5893.6704,24
20260816_125007_bb495b,2025-12-31,600750.SH,200,200,510.446379,490.135863,-4062.1032,15
20260816_125007_bb495b,2025-12-31,605116.SH,4700,4700,25.875714,26.16723,1370.1252,3
20260816_125007_bb495b,2025-12-31,601528.SH,14500,14500,8.40512,8.30718,-1420.13,2
20260816_125007_bb495b,2026-01-05,600483.SH,2900,2900,40.042139,37.13835,-8420.9881,60
20260816_125007_bb495b,2026-01-05,600312.SH,900,900,120.810575,124.460217,3284.6778,60
20260816_125007_bb495b,2026-01-05,000883.SZ,4100,4100,28.791792,27.318048,-6042.3504,52
20260816_125007_bb495b,2026-01-05,000498.SZ,5800,5800,20.647614,19.31523,-7727.8272,48
20260816_125007_bb495b,2026-01-05,600938.SH,3300,3300,35.686288,37.406424,5676.4488,48
20260816_125007_bb495b,2026-01-05,600269.SH,1500,1500,76.605993,72.853592,-5628.6015,47
20260816_125007_bb495b,2026-01-05,600028.SH,4400,4400,27.332931,27.708282,1651.5444,31
20260816_125007_bb495b,2026-01-05,600313.SH,4200,4200,28.155057,26.98671,-4907.0574,29
20260816_125007_bb495b,2026-01-05,600690.SH,100,100,1186.019486,1137.018736,-4900.075,25
20260816_125007_bb495b,2026-01-05,600750.SH,200,200,510.446379,488.65509,-4358.2578,16
20260816_125007_bb495b,2026-01-05,605116.SH,4700,4700,25.875714,27.180492,6132.4566,4
20260816_125007_bb495b,2026-01-05,601528.SH,14500,14500,8.40512,8.219736,-2688.068,3
20260816_125007_bb495b,2026-01-06,000883.SZ,4100,4100,28.791792,27.437864,-5551.1048,53
20260816_125007_bb495b,2026-01-06,000498.SZ,5800,5800,20.647614,19.411008,-7172.3148,49
20260816_125007_bb495b,2026-01-06,600938.SH,3300,3300,35.686288,38.372499,8864.4963,49
20260816_125007_bb495b,2026-01-06,600269.SH,1500,1500,76.605993,73.13488,-5206.6695,48
20260816_125007_bb495b,2026-01-06,600028.SH,4400,4400,27.332931,28.117764,3453.2652,32
20260816_125007_bb495b,2026-01-06,600313.SH,4200,4200,28.155057,27.40641,-3144.3174,30
20260816_125007_bb495b,2026-01-06,600690.SH,100,100,1186.019486,1140.47472,-4554.4766,26
20260816_125007_bb495b,2026-01-06,600750.SH,200,200,510.446379,485.905083,-4908.2592,17
20260816_125007_bb495b,2026-01-06,605116.SH,4700,4700,25.875714,26.762652,4168.6086,5
20260816_125007_bb495b,2026-01-06,601528.SH,14500,14500,8.40512,8.205162,-2899.391,4
20260816_125007_bb495b,2026-01-07,000883.SZ,4100,4100,28.791792,27.377956,-5796.7276,54
20260816_125007_bb495b,2026-01-07,000498.SZ,5800,5800,20.647614,19.31523,-7727.8272,50
20260816_125007_bb495b,2026-01-07,600938.SH,3300,3300,35.686288,36.826779,3763.6203,50
20260816_125007_bb495b,2026-01-07,600269.SH,1500,1500,76.605993,73.556812,-4573.7715,49
20260816_125007_bb495b,2026-01-07,600028.SH,4400,4400,27.332931,27.75378,1851.7356,33
20260816_125007_bb495b,2026-01-07,600313.SH,4200,4200,28.155057,27.23853,-3849.4134,31
20260816_125007_bb495b,2026-01-07,600690.SH,100,100,1186.019486,1136.15474,-4986.4746,27
20260816_125007_bb495b,2026-01-07,600750.SH,200,200,510.446379,484.847388,-5119.7982,18
20260816_125007_bb495b,2026-01-07,605116.SH,4700,4700,25.875714,26.84622,4561.3782,6
20260816_125007_bb495b,2026-01-07,601528.SH,14500,14500,8.40512,8.103144,-4378.652,5
20260816_125007_bb495b,2026-01-07,000423.SZ,200,0,596.79469,589.936152,-1371.7076,1
20260816_125007_bb495b,2026-01-07,600999.SH,3100,0,39.210742,38.545752,-2061.469,1
20260816_125007_bb495b,2026-01-08,000883.SZ,4100,4100,28.791792,27.318048,-6042.3504,55
20260816_125007_bb495b,2026-01-08,000498.SZ,5800,5800,20.647614,19.283304,-7912.998,51
20260816_125007_bb495b,2026-01-08,600938.SH,3300,3300,35.686288,36.569159,2913.4743,51
20260816_125007_bb495b,2026-01-08,600269.SH,1500,1500,76.605993,72.853592,-5628.6015,50
20260816_125007_bb495b,2026-01-08,600028.SH,4400,4400,27.332931,27.617286,1251.162,34
20260816_125007_bb495b,2026-01-08,600313.SH,4200,4200,28.155057,27.2805,-3673.1394,32
20260816_125007_bb495b,2026-01-08,600690.SH,100,100,1186.019486,1128.378776,-5764.071,28
20260816_125007_bb495b,2026-01-08,600750.SH,200,200,510.446379,488.65509,-4358.2578,19
20260816_125007_bb495b,2026-01-08,605116.SH,4700,4700,25.875714,29.530842,17179.1016,7
20260816_125007_bb495b,2026-01-08,601528.SH,14500,14500,8.40512,8.030274,-5435.267,6
20260816_125007_bb495b,2026-01-08,000423.SZ,200,200,596.79469,589.465896,-1465.7588,2
20260816_125007_bb495b,2026-01-08,600999.SH,3100,3100,39.210742,37.709714,-4653.1868,2
20260816_125007_bb495b,2026-01-09,000883.SZ,4100,4100,28.791792,27.437864,-5551.1048,56
20260816_125007_bb495b,2026-01-09,000498.SZ,5800,5800,20.647614,19.379082,-7357.4856,52
20260816_125007_bb495b,2026-01-09,600938.SH,3300,3300,35.686288,37.019994,4401.2298,52
20260816_125007_bb495b,2026-01-09,600269.SH,1500,1500,76.605993,73.275524,-4995.7035,51
20260816_125007_bb495b,2026-01-09,600028.SH,4400,4400,27.332931,28.026768,3052.8828,35
20260816_125007_bb495b,2026-01-09,600313.SH,4200,4200,28.155057,27.74217,-1734.1254,33
20260816_125007_bb495b,2026-01-09,600690.SH,100,100,1186.019486,1125.35479,-6066.4696,29
20260816_125007_bb495b,2026-01-09,600750.SH,200,200,510.446379,485.482005,-4992.8748,20
20260816_125007_bb495b,2026-01-09,605116.SH,4700,4700,25.875714,32.058774,29060.382,8
20260816_125007_bb495b,2026-01-09,601528.SH,14500,14500,8.40512,8.001126,-5857.913,7
20260816_125007_bb495b,2026-01-09,000423.SZ,200,200,596.79469,587.114616,-1936.0148,3
20260816_125007_bb495b,2026-01-09,600999.SH,3100,3100,39.210742,37.885722,-4107.562,3
20260816_125007_bb495b,2026-01-12,000883.SZ,4100,4100,28.791792,27.55768,-5059.8592,57
20260816_125007_bb495b,2026-01-12,000498.SZ,5800,5800,20.647614,19.47486,-6801.9732,53
20260816_125007_bb495b,2026-01-12,600938.SH,3300,3300,35.686288,36.852541,3848.6349,53
20260816_125007_bb495b,2026-01-12,600269.SH,1500,1500,76.605993,73.697456,-4362.8055,52
20260816_125007_bb495b,2026-01-12,600028.SH,4400,4400,27.332931,27.162306,-750.75,36
20260816_125007_bb495b,2026-01-12,600313.SH,4200,4200,28.155057,27.86808,-1205.3034,34
20260816_125007_bb495b,2026-01-12,600690.SH,100,100,1186.019486,1131.83476,-5418.4726,30
20260816_125007_bb495b,2026-01-12,600750.SH,200,200,510.446379,484.212771,-5246.7216,21
20260816_125007_bb495b,2026-01-12,605116.SH,4700,4700,25.875714,32.17368,29600.4402,9
20260816_125007_bb495b,2026-01-12,601528.SH,14500,14500,8.40512,8.030274,-5435.267,8
20260816_125007_bb495b,2026-01-12,000423.SZ,200,200,596.79469,585.46872,-2265.194,4
20260816_125007_bb495b,2026-01-12,600999.SH,3100,3100,39.210742,38.171735,-3220.9217,4
20260816_125007_bb495b,2026-01-13,000883.SZ,4100,4100,28.791792,27.617588,-4814.2364,58
20260816_125007_bb495b,2026-01-13,000498.SZ,5800,5800,20.647614,19.442934,-6987.144,54
20260816_125007_bb495b,2026-01-13,600938.SH,3300,3300,35.686288,38.166403,8184.3795,54
20260816_125007_bb495b,2026-01-13,600269.SH,1500,1500,76.605993,73.556812,-4573.7715,53
20260816_125007_bb495b,2026-01-13,600028.SH,4400,4400,27.332931,27.162306,-750.75,37
20260816_125007_bb495b,2026-01-13,600313.SH,4200,4200,28.155057,27.32247,-3496.8654,35
20260816_125007_bb495b,2026-01-13,600690.SH,100,100,1186.019486,1118.87482,-6714.4666,31
20260816_125007_bb495b,2026-01-13,600750.SH,200,200,510.446379,481.462764,-5796.723,22
20260816_125007_bb495b,2026-01-13,605116.SH,4700,4700,25.875714,32.936238,33184.4628,10
20260816_125007_bb495b,2026-01-13,601528.SH,14500,14500,8.40512,8.059422,-5012.621,9
20260816_125007_bb495b,2026-01-13,000423.SZ,200,200,596.79469,582.059364,-2947.0652,5
20260816_125007_bb495b,2026-01-13,600999.SH,3100,3100,39.210742,38.105732,-3425.531,5
20260816_125007_bb495b,2026-01-14,000883.SZ,4100,4100,28.791792,27.437864,-5551.1048,59
20260816_125007_bb495b,2026-01-14,000498.SZ,5800,5800,20.647614,19.570638,-6246.4608,55
20260816_125007_bb495b,2026-01-14,600938.SH,3300,3300,35.686288,38.089117,7929.3357,55
20260816_125007_bb495b,2026-01-14,600269.SH,1500,1500,76.605993,72.009728,-6894.3975,54
20260816_125007_bb495b,2026-01-14,600028.SH,4400,4400,27.332931,27.162306,-750.75,38
20260816_125007_bb495b,2026-01-14,600313.SH,4200,4200,28.155057,27.23853,-3849.4134,36
20260816_125007_bb495b,2026-01-14,600690.SH,100,100,1186.019486,1120.170814,-6584.8672,32
20260816_125007_bb495b,2026-01-14,600750.SH,200,200,510.446379,478.712757,-6346.7244,23
20260816_125007_bb495b,2026-01-14,605116.SH,4700,4700,25.875714,33.32274,35001.0222,11
20260816_125007_bb495b,2026-01-14,601528.SH,14500,14500,8.40512,7.913682,-7125.851,10
20260816_125007_bb495b,2026-01-14,000423.SZ,200,200,596.79469,575.47578,-4263.782,6
20260816_125007_bb495b,2026-01-14,600999.SH,3100,3100,39.210742,38.039729,-3630.1403,6
20260816_125007_bb495b,2026-01-15,000883.SZ,4100,4100,28.791792,27.497772,-5305.482,60
20260816_125007_bb495b,2026-01-15,000498.SZ,5800,5800,20.647614,19.666416,-5690.9484,56
20260816_125007_bb495b,2026-01-15,600938.SH,3300,3300,35.686288,38.694524,9927.1788,56
20260816_125007_bb495b,2026-01-15,600269.SH,1500,1500,76.605993,72.291016,-6472.4655,55
20260816_125007_bb495b,2026-01-15,600028.SH,4400,4400,27.332931,27.07131,-1151.1324,39
20260816_125007_bb495b,2026-01-15,600313.SH,4200,4200,28.155057,27.44838,-2968.0434,37
20260816_125007_bb495b,2026-01-15,600690.SH,100,100,1186.019486,1115.418836,-7060.065,33
20260816_125007_bb495b,2026-01-15,600750.SH,200,200,510.446379,482.097381,-5669.7996,24
20260816_125007_bb495b,2026-01-15,605116.SH,4700,4700,25.875714,33.918162,37799.5056,12
20260816_125007_bb495b,2026-01-15,601528.SH,14500,14500,8.40512,7.928256,-6914.528,11
20260816_125007_bb495b,2026-01-15,000423.SZ,200,200,596.79469,578.650008,-3628.9364,7
20260816_125007_bb495b,2026-01-15,600999.SH,3100,3100,39.210742,37.445702,-5471.624,7
20260816_125007_bb495b,2026-01-16,000498.SZ,5800,5800,20.647614,19.63449,-5876.1192,57
20260816_125007_bb495b,2026-01-16,600938.SH,3300,3300,35.686288,37.779973,6909.1605,57
20260816_125007_bb495b,2026-01-16,600269.SH,1500,1500,76.605993,71.869084,-7105.3635,56
20260816_125007_bb495b,2026-01-16,600028.SH,4400,4400,27.332931,26.570832,-3353.2356,40
20260816_125007_bb495b,2026-01-16,600313.SH,4200,4200,28.155057,27.15459,-4201.9614,38
20260816_125007_bb495b,2026-01-16,600690.SH,100,100,1186.019486,1110.23486,-7578.4626,34
20260816_125007_bb495b,2026-01-16,600750.SH,200,200,510.446379,477.231984,-6642.879,25
20260816_125007_bb495b,2026-01-16,605116.SH,4700,4700,25.875714,35.965578,47422.3608,13
20260816_125007_bb495b,2026-01-16,601528.SH,14500,14500,8.40512,7.899108,-7337.174,12
20260816_125007_bb495b,2026-01-16,000423.SZ,200,200,596.79469,577.474368,-3864.0644,8
20260816_125007_bb495b,2026-01-16,600999.SH,3100,3100,39.210742,37.005682,-6835.686,8
20260816_125007_bb495b,2026-01-19,000498.SZ,5800,5800,20.647614,19.63449,-5876.1192,58
20260816_125007_bb495b,2026-01-19,600938.SH,3300,3300,35.686288,37.908783,7334.2335,58
20260816_125007_bb495b,2026-01-19,600269.SH,1500,1500,76.605993,69.61878,-10480.8195,57
20260816_125007_bb495b,2026-01-19,600028.SH,4400,4400,27.332931,26.980314,-1551.5148,41
20260816_125007_bb495b,2026-01-19,600313.SH,4200,4200,28.155057,27.82611,-1381.5774,39
20260816_125007_bb495b,2026-01-19,600690.SH,100,100,1186.019486,1120.602812,-6541.6674,35
20260816_125007_bb495b,2026-01-19,600750.SH,200,200,510.446379,479.347374,-6219.801,26
20260816_125007_bb495b,2026-01-19,605116.SH,4700,4700,25.875714,33.79281,37210.3512,14
20260816_125007_bb495b,2026-01-19,601528.SH,14500,14500,8.40512,7.884534,-7548.497,13
20260816_125007_bb495b,2026-01-19,000423.SZ,200,200,596.79469,576.533856,-4052.1668,9
20260816_125007_bb495b,2026-01-19,600999.SH,3100,3100,39.210742,36.917678,-7108.4984,9
20260816_125007_bb495b,2026-01-19,601096.SH,25200,0,4.905678,5.386464,12115.8072,1
20260816_125007_bb495b,2026-01-20,000498.SZ,5800,5800,20.647614,20.017602,-3654.0696,59
20260816_125007_bb495b,2026-01-20,600938.SH,3300,3300,35.686288,38.179284,8226.8868,59
20260816_125007_bb495b,2026-01-20,600269.SH,1500,1500,76.605993,70.040712,-9847.9215,58
20260816_125007_bb495b,2026-01-20,600028.SH,4400,4400,27.332931,27.344298,50.0148,42
20260816_125007_bb495b,2026-01-20,600313.SH,4200,4200,28.155057,27.78414,-1557.8514,40
20260816_125007_bb495b,2026-01-20,600690.SH,100,100,1186.019486,1139.610724,-4640.8762,36
20260816_125007_bb495b,2026-01-20,600750.SH,200,200,510.446379,484.635849,-5162.106,27
20260816_125007_bb495b,2026-01-20,605116.SH,4700,4700,25.875714,32.95713,33282.6552,15
20260816_125007_bb495b,2026-01-20,601528.SH,14500,14500,8.40512,7.971978,-6280.559,14
20260816_125007_bb495b,2026-01-20,000423.SZ,200,200,596.79469,586.05654,-2147.63,10
20260816_125007_bb495b,2026-01-20,600999.SH,3100,3100,39.210742,37.203691,-6221.8581,10
20260816_125007_bb495b,2026-01-20,601096.SH,25200,25200,4.905678,5.548768,16205.868,2
20260816_125007_bb495b,2026-01-21,000498.SZ,5800,5800,20.647614,19.921824,-4209.582,60
20260816_125007_bb495b,2026-01-21,600938.SH,3300,3300,35.686288,39.364336,12137.5584,60
20260816_125007_bb495b,2026-01-21,600269.SH,1500,1500,76.605993,69.478136,-10691.7855,59
20260816_125007_bb495b,2026-01-21,600028.SH,4400,4400,27.332931,27.116808,-950.9412,43
20260816_125007_bb495b,2026-01-21,600313.SH,4200,4200,28.155057,27.95202,-852.7554,41
20260816_125007_bb495b,2026-01-21,600690.SH,100,100,1186.019486,1118.442822,-6757.6664,37
20260816_125007_bb495b,2026-01-21,600750.SH,200,200,510.446379,479.770452,-6135.1854,28
20260816_125007_bb495b,2026-01-21,605116.SH,4700,4700,25.875714,32.53929,31318.8072,16
20260816_125007_bb495b,2026-01-21,601528.SH,14500,14500,8.40512,7.899108,-7337.174,15
20260816_125007_bb495b,2026-01-21,000423.SZ,200,200,596.79469,589.58346,-1442.246,11
20260816_125007_bb495b,2026-01-21,600999.SH,3100,3100,39.210742,36.851675,-7313.1077,11
20260816_125007_bb495b,2026-01-21,601096.SH,25200,25200,4.905678,5.244448,8537.004,3
20260816_125007_bb495b,2026-01-22,600269.SH,1500,1500,76.605993,69.478136,-10691.7855,60
20260816_125007_bb495b,2026-01-22,600028.SH,4400,4400,27.332931,28.254258,4053.8388,44
20260816_125007_bb495b,2026-01-22,600313.SH,4200,4200,28.155057,28.32975,733.7106,42
20260816_125007_bb495b,2026-01-22,600690.SH,100,100,1186.019486,1118.442822,-6757.6664,38
20260816_125007_bb495b,2026-01-22,600750.SH,200,200,510.446379,481.039686,-5881.3386,29
20260816_125007_bb495b,2026-01-22,605116.SH,4700,4700,25.875714,32.372154,30533.268,17
20260816_125007_bb495b,2026-01-22,601528.SH,14500,14500,8.40512,7.94283,-6703.205,16
20260816_125007_bb495b,2026-01-22,000423.SZ,200,200,596.79469,588.878076,-1583.3228,12
20260816_125007_bb495b,2026-01-22,600999.SH,3100,3100,39.210742,36.96168,-6972.0922,12
20260816_125007_bb495b,2026-01-22,601096.SH,25200,25200,4.905678,5.17344,6747.6024,4
20260816_125007_bb495b,2026-01-23,600028.SH,4400,4400,27.332931,27.98127,2852.6916,45
20260816_125007_bb495b,2026-01-23,600313.SH,4200,4200,28.155057,28.45566,1262.5326,43
20260816_125007_bb495b,2026-01-23,600690.SH,100,100,1186.019486,1109.370864,-7664.8622,39
20260816_125007_bb495b,2026-01-23,600750.SH,200,200,510.446379,495.847416,-2919.7926,30
20260816_125007_bb495b,2026-01-23,605116.SH,4700,4700,25.875714,32.685534,32006.154,18
20260816_125007_bb495b,2026-01-23,601528.SH,14500,14500,8.40512,8.001126,-5857.913,17
20260816_125007_bb495b,2026-01-23,000423.SZ,200,200,596.79469,590.523972,-1254.1436,13
20260816_125007_bb495b,2026-01-23,600999.SH,3100,3100,39.210742,36.785672,-7517.717,13
20260816_125007_bb495b,2026-01-23,601096.SH,25200,25200,4.905678,5.335744,10837.6632,5
20260816_125007_bb495b,2026-01-23,600335.SH,3200,0,38.734426,40.525515,5731.4848,1
20260816_125007_bb495b,2026-01-23,002917.SZ,3200,0,37.991985,37.817384,-558.7232,1
20260816_125007_bb495b,2026-01-26,600028.SH,4400,4400,27.332931,29.027724,7457.0892,46
20260816_125007_bb495b,2026-01-26,600313.SH,4200,4200,28.155057,29.58885,6021.9306,44
20260816_125007_bb495b,2026-01-26,600690.SH,100,100,1186.019486,1105.91488,-8010.4606,40
20260816_125007_bb495b,2026-01-26,600750.SH,200,200,510.446379,518.059011,1522.5264,31
20260816_125007_bb495b,2026-01-26,605116.SH,4700,4700,25.875714,32.027436,28913.0934,19
20260816_125007_bb495b,2026-01-26,601528.SH,14500,14500,8.40512,7.957404,-6491.882,18
20260816_125007_bb495b,2026-01-26,000423.SZ,200,200,596.79469,593.933328,-572.2724,14
20260816_125007_bb495b,2026-01-26,600999.SH,3100,3100,39.210742,37.489704,-5335.2178,14
20260816_125007_bb495b,2026-01-26,601096.SH,25200,25200,4.905678,5.396608,12371.436,6
20260816_125007_bb495b,2026-01-26,600335.SH,3200,3200,38.734426,39.778236,3340.192,2
20260816_125007_bb495b,2026-01-26,002917.SZ,3200,3200,37.991985,37.283312,-2267.7536,2
20260816_125007_bb495b,2026-01-26,002818.SZ,3800,0,33.011323,32.255154,-2873.4422,1
20260816_125007_bb495b,2026-01-27,600028.SH,4400,4400,27.332931,28.982226,7256.898,47
20260816_125007_bb495b,2026-01-27,600313.SH,4200,4200,28.155057,28.79142,2672.7246,45
20260816_125007_bb495b,2026-01-27,600690.SH,100,100,1186.019486,1101.5949,-8442.4586,41
20260816_125007_bb495b,2026-01-27,600750.SH,200,200,510.446379,511.712841,253.2924,32
20260816_125007_bb495b,2026-01-27,605116.SH,4700,4700,25.875714,31.70361,27391.1112,20
20260816_125007_bb495b,2026-01-27,601528.SH,14500,14500,8.40512,7.86996,-7759.82,19
20260816_125007_bb495b,2026-01-27,000423.SZ,200,200,596.79469,591.93474,-971.99,15
20260816_125007_bb495b,2026-01-27,600999.SH,3100,3100,39.210742,37.247693,-6085.4519,15
20260816_125007_bb495b,2026-01-27,601096.SH,25200,25200,4.905678,5.406752,12627.0648,7
20260816_125007_bb495b,2026-01-27,600335.SH,3200,3200,38.734426,39.08844,1132.8448,3
20260816_125007_bb495b,2026-01-27,002917.SZ,3200,3200,37.991985,37.054424,-3000.1952,3
20260816_125007_bb495b,2026-01-27,002818.SZ,3800,3800,33.011323,31.815186,-4545.3206,2
20260816_125007_bb495b,2026-01-28,600028.SH,4400,4400,27.332931,29.11872,7857.4716,48
20260816_125007_bb495b,2026-01-28,600313.SH,4200,4200,28.155057,31.68735,14835.6306,46
20260816_125007_bb495b,2026-01-28,600690.SH,100,100,1186.019486,1085.610974,-10040.8512,42
20260816_125007_bb495b,2026-01-28,600750.SH,200,200,510.446379,512.982075,507.1392,33
20260816_125007_bb495b,2026-01-28,605116.SH,4700,4700,25.875714,30.491874,21695.952,21
20260816_125007_bb495b,2026-01-28,601528.SH,14500,14500,8.40512,7.840812,-8182.466,20
20260816_125007_bb495b,2026-01-28,000423.SZ,200,200,596.79469,591.93474,-971.99,16
20260816_125007_bb495b,2026-01-28,600999.SH,3100,3100,39.210742,37.643711,-4857.7961,16
20260816_125007_bb495b,2026-01-28,601096.SH,25200,25200,4.905678,5.447328,13649.58,8
20260816_125007_bb495b,2026-01-28,600335.SH,3200,3200,38.734426,39.030957,948.8992,4
20260816_125007_bb495b,2026-01-28,002917.SZ,3200,3200,37.991985,36.74924,-3976.784,4
20260816_125007_bb495b,2026-01-28,002818.SZ,3800,3800,33.011323,31.925178,-4127.351,3
20260816_125007_bb495b,2026-01-29,600028.SH,4400,4400,27.332931,29.300712,8658.2364,49
20260816_125007_bb495b,2026-01-29,600313.SH,4200,4200,28.155057,33.70191,23296.7826,47
20260816_125007_bb495b,2026-01-29,600690.SH,100,100,1186.019486,1099.866908,-8615.2578,43
20260816_125007_bb495b,2026-01-29,600750.SH,200,200,510.446379,517.212855,1353.2952,34
20260816_125007_bb495b,2026-01-29,605116.SH,4700,4700,25.875714,30.000912,19388.4306,22
20260816_125007_bb495b,2026-01-29,601528.SH,14500,14500,8.40512,7.928256,-6914.528,21
20260816_125007_bb495b,2026-01-29,000423.SZ,200,200,596.79469,599.929092,626.8804,17
20260816_125007_bb495b,2026-01-29,600999.SH,3100,3100,39.210742,37.995727,-3766.5465,17
20260816_125007_bb495b,2026-01-29,601096.SH,25200,25200,4.905678,5.5792,16972.7544,9
20260816_125007_bb495b,2026-01-29,600335.SH,3200,3200,38.734426,37.996263,-2362.1216,5
20260816_125007_bb495b,2026-01-29,002917.SZ,3200,3200,37.991985,36.215168,-5685.8144,5
20260816_125007_bb495b,2026-01-29,002818.SZ,3800,3800,33.011323,32.03517,-3709.3814,4
20260816_125007_bb495b,2026-01-30,600028.SH,4400,4400,27.332931,29.619198,10059.5748,50
20260816_125007_bb495b,2026-01-30,600313.SH,4200,4200,28.155057,37.05951,37398.7026,48
20260816_125007_bb495b,2026-01-30,600690.SH,100,100,1186.019486,1084.746978,-10127.2508,44
20260816_125007_bb495b,2026-01-30,600750.SH,200,200,510.446379,525.885954,3087.915,35
20260816_125007_bb495b,2026-01-30,605116.SH,4700,4700,25.875714,29.969574,19241.142,23
20260816_125007_bb495b,2026-01-30,601528.SH,14500,14500,8.40512,7.94283,-6703.205,22
20260816_125007_bb495b,2026-01-30,000423.SZ,200,200,596.79469,595.226532,-313.6316,18
20260816_125007_bb495b,2026-01-30,600999.SH,3100,3100,39.210742,37.643711,-4857.7961,18
20260816_125007_bb495b,2026-01-30,601096.SH,25200,25200,4.905678,5.386464,12115.8072,10
20260816_125007_bb495b,2026-01-30,600335.SH,3200,3200,38.734426,37.996263,-2362.1216,6
20260816_125007_bb495b,2026-01-30,002917.SZ,3200,3200,37.991985,36.74924,-3976.784,6
20260816_125007_bb495b,2026-01-30,002818.SZ,3800,3800,33.011323,32.227656,-2977.9346,5
20260816_125007_bb495b,2026-02-02,600028.SH,4400,4400,27.332931,29.027724,7457.0892,51
20260816_125007_bb495b,2026-02-02,600313.SH,4200,4200,28.155057,34.03767,24706.9746,49
20260816_125007_bb495b,2026-02-02,600690.SH,100,100,1186.019486,1079.995,-10602.4486,45
20260816_125007_bb495b,2026-02-02,600750.SH,200,200,510.446379,521.655174,2241.759,36
20260816_125007_bb495b,2026-02-02,605116.SH,4700,4700,25.875714,27.849036,9274.6134,24
20260816_125007_bb495b,2026-02-02,601528.SH,14500,14500,8.40512,7.86996,-7759.82,23
20260816_125007_bb495b,2026-02-02,000423.SZ,200,200,596.79469,604.161396,1473.3412,19
20260816_125007_bb495b,2026-02-02,600999.SH,3100,3100,39.210742,37.071685,-6631.0767,19
20260816_125007_bb495b,2026-02-02,601096.SH,25200,25200,4.905678,5.599488,17484.012,11
20260816_125007_bb495b,2026-02-02,600335.SH,3200,3200,38.734426,37.076535,-5305.2512,7
20260816_125007_bb495b,2026-02-02,002917.SZ,3200,3200,37.991985,35.655664,-7476.2272,7
20260816_125007_bb495b,2026-02-02,002818.SZ,3800,3800,33.011323,31.48521,-5799.2294,6
20260816_125007_bb495b,2026-02-03,600028.SH,4400,4400,27.332931,28.66374,5855.5596,52
20260816_125007_bb495b,2026-02-03,600313.SH,4200,4200,28.155057,33.28221,21534.0426,50
20260816_125007_bb495b,2026-02-03,600690.SH,100,100,1186.019486,1088.63496,-9738.4526,46
20260816_125007_bb495b,2026-02-03,600750.SH,200,200,510.446379,533.07828,4526.3802,37
20260816_125007_bb495b,2026-02-03,605116.SH,4700,4700,25.875714,28.507134,12367.674,25
20260816_125007_bb495b,2026-02-03,601528.SH,14500,14500,8.40512,7.811664,-8605.112,24
20260816_125007_bb495b,2026-02-03,000423.SZ,200,200,596.79469,621.91356,5023.774,20
20260816_125007_bb495b,2026-02-03,600999.SH,3100,3100,39.210742,36.719669,-7722.3263,20
20260816_125007_bb495b,2026-02-03,601096.SH,25200,25200,4.905678,5.711072,20295.9288,12
20260816_125007_bb495b,2026-02-03,600335.SH,3200,3200,38.734426,37.478916,-4017.632,8
20260816_125007_bb495b,2026-02-03,002917.SZ,3200,3200,37.991985,36.291464,-5441.6672,8
20260816_125007_bb495b,2026-02-03,002818.SZ,3800,3800,33.011323,31.952676,-4022.8586,7
20260816_125007_bb495b,2026-02-04,600028.SH,4400,4400,27.332931,29.5737,9859.3836,53
20260816_125007_bb495b,2026-02-04,600313.SH,4200,4200,28.155057,34.62525,27174.8106,51
20260816_125007_bb495b,2026-02-04,600690.SH,100,100,1186.019486,1124.922792,-6109.6694,47
20260816_125007_bb495b,2026-02-04,600750.SH,200,200,510.446379,530.328273,3976.3788,38
20260816_125007_bb495b,2026-02-04,605116.SH,4700,4700,25.875714,28.642932,13005.9246,26
20260816_125007_bb495b,2026-02-04,601528.SH,14500,14500,8.40512,7.913682,-7125.851,25
20260816_125007_bb495b,2026-02-04,000423.SZ,200,200,596.79469,646.366872,9914.4364,21
20260816_125007_bb495b,2026-02-04,600999.SH,3100,3100,39.210742,37.115687,-6494.6705,21
20260816_125007_bb495b,2026-02-04,601096.SH,25200,25200,4.905678,6.279136,34611.1416,13
20260816_125007_bb495b,2026-02-04,600335.SH,3200,3200,38.734426,37.996263,-2362.1216,9
20260816_125007_bb495b,2026-02-04,002917.SZ,3200,3200,37.991985,36.36776,-5197.52,9
20260816_125007_bb495b,2026-02-04,002818.SZ,3800,3800,33.011323,32.227656,-2977.9346,8
20260816_125007_bb495b,2026-02-05,600028.SH,4400,4400,27.332931,29.11872,7857.4716,54
20260816_125007_bb495b,2026-02-05,600313.SH,4200,4200,28.155057,32.44281,18008.5626,52
20260816_125007_bb495b,2026-02-05,600690.SH,100,100,1186.019486,1137.450734,-4856.8752,48
20260816_125007_bb495b,2026-02-05,600750.SH,200,200,510.446379,539.001372,5710.9986,39
20260816_125007_bb495b,2026-02-05,605116.SH,4700,4700,25.875714,28.642932,13005.9246,27
20260816_125007_bb495b,2026-02-05,601528.SH,14500,14500,8.40512,8.073996,-4801.298,26
20260816_125007_bb495b,2026-02-05,000423.SZ,200,200,596.79469,650.12892,10666.846,22
20260816_125007_bb495b,2026-02-05,600999.SH,3100,3100,39.210742,37.4017,-5608.0302,22
20260816_125007_bb495b,2026-02-05,601096.SH,25200,25200,4.905678,5.974816,26942.2776,14
20260816_125007_bb495b,2026-02-05,600335.SH,3200,3200,38.734426,37.881297,-2730.0128,10
20260816_125007_bb495b,2026-02-05,002917.SZ,3200,3200,37.991985,35.960848,-6499.6384,10
20260816_125007_bb495b,2026-02-05,002818.SZ,3800,3800,33.011323,32.475138,-2037.503,9
20260816_125007_bb495b,2026-02-06,600028.SH,4400,4400,27.332931,29.5737,9859.3836,55
20260816_125007_bb495b,2026-02-06,600313.SH,4200,4200,28.155057,31.8972,15717.0006,53
20260816_125007_bb495b,2026-02-06,600690.SH,100,100,1186.019486,1126.218786,-5980.07,49
20260816_125007_bb495b,2026-02-06,600750.SH,200,200,510.446379,533.07828,4526.3802,40
20260816_125007_bb495b,2026-02-06,605116.SH,4700,4700,25.875714,28.841406,13938.7524,28
20260816_125007_bb495b,2026-02-06,601528.SH,14500,14500,8.40512,8.103144,-4378.652,27
20260816_125007_bb495b,2026-02-06,000423.SZ,200,200,596.79469,639.195468,8480.1556,23
20260816_125007_bb495b,2026-02-06,600999.SH,3100,3100,39.210742,37.115687,-6494.6705,23
20260816_125007_bb495b,2026-02-06,601096.SH,25200,25200,4.905678,5.913952,25408.5048,15
20260816_125007_bb495b,2026-02-06,600335.SH,3200,3200,38.734426,37.421433,-4201.5776,11
20260816_125007_bb495b,2026-02-06,002917.SZ,3200,3200,37.991985,36.011712,-6336.8736,11
20260816_125007_bb495b,2026-02-06,002818.SZ,3800,3800,33.011323,32.392644,-2350.9802,10
20260816_125007_bb495b,2026-02-09,600028.SH,4400,4400,27.332931,29.5737,9859.3836,56
20260816_125007_bb495b,2026-02-09,600313.SH,4200,4200,28.155057,31.93917,15893.2746,54
20260816_125007_bb495b,2026-02-09,600690.SH,100,100,1186.019486,1121.466808,-6455.2678,50
20260816_125007_bb495b,2026-02-09,600750.SH,200,200,510.446379,536.885982,5287.9206,41
20260816_125007_bb495b,2026-02-09,605116.SH,4700,4700,25.875714,28.329552,11533.0386,29
20260816_125007_bb495b,2026-02-09,601528.SH,14500,14500,8.40512,8.146866,-3744.683,28
20260816_125007_bb495b,2026-02-09,000423.SZ,200,200,596.79469,663.06096,13253.254,24
20260816_125007_bb495b,2026-02-09,600999.SH,3100,3100,39.210742,37.775717,-4448.5775,24
20260816_125007_bb495b,2026-02-09,601096.SH,25200,25200,4.905678,6.025536,28220.4216,16
20260816_125007_bb495b,2026-02-09,600335.SH,3200,3200,38.734426,37.536399,-3833.6864,12
20260816_125007_bb495b,2026-02-09,002917.SZ,3200,3200,37.991985,36.316896,-5360.2848,12
20260816_125007_bb495b,2026-02-09,002818.SZ,3800,3800,33.011323,32.502636,-1933.0106,11
20260816_125007_bb495b,2026-02-10,600028.SH,4400,4400,27.332931,29.391708,9058.6188,57
20260816_125007_bb495b,2026-02-10,600313.SH,4200,4200,28.155057,31.18371,12720.3426,55
20260816_125007_bb495b,2026-02-10,600690.SH,100,100,1186.019486,1129.67477,-5634.4716,51
20260816_125007_bb495b,2026-02-10,600750.SH,200,200,510.446379,533.289819,4568.688,42
20260816_125007_bb495b,2026-02-10,605116.SH,4700,4700,25.875714,28.235538,11091.1728,30
20260816_125007_bb495b,2026-02-10,601528.SH,14500,14500,8.40512,8.117718,-4167.329,29
20260816_125007_bb495b,2026-02-10,000423.SZ,200,200,596.79469,649.658664,10572.7948,25
20260816_125007_bb495b,2026-02-10,600999.SH,3100,3100,39.210742,37.929724,-3971.1558,25
20260816_125007_bb495b,2026-02-10,601096.SH,25200,25200,4.905678,6.005248,27709.164,17
20260816_125007_bb495b,2026-02-10,600335.SH,3200,3200,38.734426,37.881297,-2730.0128,13
20260816_125007_bb495b,2026-02-10,002917.SZ,3200,3200,37.991985,36.215168,-5685.8144,13
20260816_125007_bb495b,2026-02-10,002818.SZ,3800,3800,33.011323,32.420142,-2246.4878,12
20260816_125007_bb495b,2026-02-11,600028.SH,4400,4400,27.332931,29.755692,10660.1484,58
20260816_125007_bb495b,2026-02-11,600313.SH,4200,4200,28.155057,31.09977,12367.7946,56
20260816_125007_bb495b,2026-02-11,600690.SH,100,100,1186.019486,1124.490794,-6152.8692,52
20260816_125007_bb495b,2026-02-11,600750.SH,200,200,510.446379,538.155216,5541.7674,43
20260816_125007_bb495b,2026-02-11,605116.SH,4700,4700,25.875714,28.15197,10698.4032,31
20260816_125007_bb495b,2026-02-11,601528.SH,14500,14500,8.40512,8.176014,-3322.037,30
20260816_125007_bb495b,2026-02-11,000423.SZ,200,200,596.79469,651.774816,10996.0252,26
20260816_125007_bb495b,2026-02-11,600999.SH,3100,3100,39.210742,37.797718,-4380.3744,26
20260816_125007_bb495b,2026-02-11,601096.SH,25200,25200,4.905678,5.913952,25408.5048,18
20260816_125007_bb495b,2026-02-11,600335.SH,3200,3200,38.734426,37.881297,-2730.0128,14
20260816_125007_bb495b,2026-02-11,002917.SZ,3200,3200,37.991985,36.189736,-5767.1968,14
20260816_125007_bb495b,2026-02-11,002818.SZ,3800,3800,33.011323,32.392644,-2350.9802,13
20260816_125007_bb495b,2026-02-12,600028.SH,4400,4400,27.332931,30.02868,11861.2956,59
20260816_125007_bb495b,2026-02-12,600313.SH,4200,4200,28.155057,30.26037,8842.3146,57
20260816_125007_bb495b,2026-02-12,600690.SH,100,100,1186.019486,1118.442822,-6757.6664,53
20260816_125007_bb495b,2026-02-12,600750.SH,200,200,510.446379,532.655202,4441.7646,44
20260816_125007_bb495b,2026-02-12,605116.SH,4700,4700,25.875714,28.131078,10600.2108,32
20260816_125007_bb495b,2026-02-12,601528.SH,14500,14500,8.40512,8.059422,-5012.621,31
20260816_125007_bb495b,2026-02-12,000423.SZ,200,200,596.79469,644.015592,9444.1804,27
20260816_125007_bb495b,2026-02-12,600999.SH,3100,3100,39.210742,37.247693,-6085.4519,27
20260816_125007_bb495b,2026-02-12,601096.SH,25200,25200,4.905678,6.03568,28476.0504,19
20260816_125007_bb495b,2026-02-12,600335.SH,3200,3200,38.734426,37.651365,-3465.7952,15
20260816_125007_bb495b,2026-02-12,002917.SZ,3200,3200,37.991985,35.98628,-6418.256,15
20260816_125007_bb495b,2026-02-12,002818.SZ,3800,3800,33.011323,32.062668,-3604.889,14
20260816_125007_bb495b,2026-02-13,600028.SH,4400,4400,27.332931,28.982226,7256.898,60
20260816_125007_bb495b,2026-02-13,600313.SH,4200,4200,28.155057,30.42825,9547.4106,58
20260816_125007_bb495b,2026-02-13,600690.SH,100,100,1186.019486,1110.23486,-7578.4626,54
20260816_125007_bb495b,2026-02-13,600750.SH,200,200,510.446379,528.001344,3510.993,45
20260816_125007_bb495b,2026-02-13,605116.SH,4700,4700,25.875714,27.713238,8636.3628,33
20260816_125007_bb495b,2026-02-13,601528.SH,14500,14500,8.40512,7.971978,-6280.559,32
20260816_125007_bb495b,2026-02-13,000423.SZ,200,200,596.79469,644.956104,9632.2828,28
20260816_125007_bb495b,2026-02-13,600999.SH,3100,3100,39.210742,36.983681,-6903.8891,28
20260816_125007_bb495b,2026-02-13,601096.SH,25200,25200,4.905678,6.076256,29498.5656,20
20260816_125007_bb495b,2026-02-13,600335.SH,3200,3200,38.734426,37.076535,-5305.2512,16
20260816_125007_bb495b,2026-02-13,002917.SZ,3200,3200,37.991985,35.808256,-6987.9328,16
20260816_125007_bb495b,2026-02-13,002818.SZ,3800,3800,33.011323,32.03517,-3709.3814,15
20260816_125007_bb495b,2026-02-24,600313.SH,4200,4200,28.155057,31.68735,14835.6306,59
20260816_125007_bb495b,2026-02-24,600690.SH,100,100,1186.019486,1124.058796,-6196.069,55
20260816_125007_bb495b,2026-02-24,600750.SH,200,200,510.446379,525.674415,3045.6072,46
20260816_125007_bb495b,2026-02-24,605116.SH,4700,4700,25.875714,27.859482,9323.7096,34
20260816_125007_bb495b,2026-02-24,601528.SH,14500,14500,8.40512,7.913682,-7125.851,33
20260816_125007_bb495b,2026-02-24,000423.SZ,200,200,596.79469,648.36546,10314.154,29
20260816_125007_bb495b,2026-02-24,600999.SH,3100,3100,39.210742,36.939679,-7040.2953,29
20260816_125007_bb495b,2026-02-24,601096.SH,25200,25200,4.905678,6.208128,32821.74,21
20260816_125007_bb495b,2026-02-24,600335.SH,3200,3200,38.734426,37.593882,-3649.7408,17
20260816_125007_bb495b,2026-02-24,002917.SZ,3200,3200,37.991985,36.647512,-4302.3136,17
20260816_125007_bb495b,2026-02-24,002818.SZ,3800,3800,33.011323,32.31015,-2664.4574,16
20260816_125007_bb495b,2026-02-25,600313.SH,4200,4200,28.155057,33.03039,20476.3986,60
20260816_125007_bb495b,2026-02-25,600690.SH,100,100,1186.019486,1127.946778,-5807.2708,56
20260816_125007_bb495b,2026-02-25,600750.SH,200,200,510.446379,526.309032,3172.5306,47
20260816_125007_bb495b,2026-02-25,605116.SH,4700,4700,25.875714,27.775914,8930.94,35
20260816_125007_bb495b,2026-02-25,601528.SH,14500,14500,8.40512,7.928256,-6914.528,34
20260816_125007_bb495b,2026-02-25,000423.SZ,200,200,596.79469,650.71674,10784.41,30
20260816_125007_bb495b,2026-02-25,600999.SH,3100,3100,39.210742,36.829674,-7381.3108,30
20260816_125007_bb495b,2026-02-25,601096.SH,25200,25200,4.905678,6.451584,38956.8312,22
20260816_125007_bb495b,2026-02-25,600335.SH,3200,3200,38.734426,37.766331,-3097.904,18
20260816_125007_bb495b,2026-02-25,002917.SZ,3200,3200,37.991985,36.596648,-4465.0784,18
20260816_125007_bb495b,2026-02-25,002818.SZ,3800,3800,33.011323,32.227656,-2977.9346,17
20260816_125007_bb495b,2026-02-25,600479.SH,600,0,184.22489,185.29173,640.104,1
20260816_125007_bb495b,2026-02-26,600690.SH,100,100,1186.019486,1121.466808,-6455.2678,57
20260816_125007_bb495b,2026-02-26,600750.SH,200,200,510.446379,525.674415,3045.6072,48
20260816_125007_bb495b,2026-02-26,605116.SH,4700,4700,25.875714,27.702792,8587.2666,36
20260816_125007_bb495b,2026-02-26,601528.SH,14500,14500,8.40512,7.913682,-7125.851,35
20260816_125007_bb495b,2026-02-26,000423.SZ,200,200,596.79469,638.96034,8433.13,31
20260816_125007_bb495b,2026-02-26,600999.SH,3100,3100,39.210742,36.52166,-8336.1542,31
20260816_125007_bb495b,2026-02-26,601096.SH,25200,25200,4.905678,6.837056,48670.7256,23
20260816_125007_bb495b,2026-02-26,600335.SH,3200,3200,38.734426,37.766331,-3097.904,19
20260816_125007_bb495b,2026-02-26,002917.SZ,3200,3200,37.991985,36.647512,-4302.3136,19
20260816_125007_bb495b,2026-02-26,002818.SZ,3800,3800,33.011323,32.200158,-3082.427,18
20260816_125007_bb495b,2026-02-26,600479.SH,600,600,184.22489,184.48118,153.774,2
20260816_125007_bb495b,2026-02-27,600690.SH,100,100,1186.019486,1110.23486,-7578.4626,58
20260816_125007_bb495b,2026-02-27,600750.SH,200,200,510.446379,525.885954,3087.915,49
20260816_125007_bb495b,2026-02-27,605116.SH,4700,4700,25.875714,27.723684,8685.459,37
20260816_125007_bb495b,2026-02-27,601528.SH,14500,14500,8.40512,7.957404,-6491.882,36
20260816_125007_bb495b,2026-02-27,000423.SZ,200,200,596.79469,639.195468,8480.1556,32
20260816_125007_bb495b,2026-02-27,600999.SH,3100,3100,39.210742,36.52166,-8336.1542,32
20260816_125007_bb495b,2026-02-27,601096.SH,25200,25200,4.905678,6.350144,36400.5432,24
20260816_125007_bb495b,2026-02-27,600335.SH,3200,3200,38.734426,38.398644,-1074.5024,20
20260816_125007_bb495b,2026-02-27,002917.SZ,3200,3200,37.991985,36.596648,-4465.0784,20
20260816_125007_bb495b,2026-02-27,002818.SZ,3800,3800,33.011323,31.980174,-3918.3662,19
20260816_125007_bb495b,2026-02-27,600479.SH,600,600,184.22489,184.15696,-40.758,3
20260816_125007_bb495b,2026-02-27,601199.SH,4100,0,30.811784,30.77331,-157.7434,1
20260816_125007_bb495b,2026-03-02,600690.SH,100,100,1186.019486,1093.818936,-9220.055,59
20260816_125007_bb495b,2026-03-02,600750.SH,200,200,510.446379,532.232124,4357.149,50
20260816_125007_bb495b,2026-03-02,605116.SH,4700,4700,25.875714,26.668638,3726.7428,38
20260816_125007_bb495b,2026-03-02,601528.SH,14500,14500,8.40512,7.957404,-6491.882,37
20260816_125007_bb495b,2026-03-02,000423.SZ,200,200,596.79469,635.786112,7798.2844,33
20260816_125007_bb495b,2026-03-02,600999.SH,3100,3100,39.210742,36.235647,-9222.7945,33
20260816_125007_bb495b,2026-03-02,601096.SH,25200,25200,4.905678,6.208128,32821.74,25
20260816_125007_bb495b,2026-03-02,600335.SH,3200,3200,38.734426,37.93878,-2546.0672,21
20260816_125007_bb495b,2026-03-02,002917.SZ,3200,3200,37.991985,35.960848,-6499.6384,21
20260816_125007_bb495b,2026-03-02,002818.SZ,3800,3800,33.011323,31.677696,-5067.7826,20
20260816_125007_bb495b,2026-03-02,600479.SH,600,600,184.22489,182.21164,-1207.95,4
20260816_125007_bb495b,2026-03-02,601199.SH,4100,4100,30.811784,30.623925,-770.2219,2
20260816_125007_bb495b,2026-03-03,600690.SH,100,100,1186.019486,1083.450984,-10256.8502,60
20260816_125007_bb495b,2026-03-03,600750.SH,200,200,510.446379,533.712897,4653.3036,51
20260816_125007_bb495b,2026-03-03,605116.SH,4700,4700,25.875714,26.115,1124.6442,39
20260816_125007_bb495b,2026-03-03,601528.SH,14500,14500,8.40512,7.94283,-6703.205,38
20260816_125007_bb495b,2026-03-03,000423.SZ,200,200,596.79469,619.56228,4553.518,34
20260816_125007_bb495b,2026-03-03,600999.SH,3100,3100,39.210742,35.949634,-10109.4348,34
20260816_125007_bb495b,2026-03-03,601096.SH,25200,25200,4.905678,5.792224,22340.9592,26
20260816_125007_bb495b,2026-03-03,600335.SH,3200,3200,38.734426,37.191501,-4937.36,22
20260816_125007_bb495b,2026-03-03,002917.SZ,3200,3200,37.991985,34.612952,-10812.9056,22
20260816_125007_bb495b,2026-03-03,002818.SZ,3800,3800,33.011323,31.34772,-6321.6914,21
20260816_125007_bb495b,2026-03-03,600479.SH,600,600,184.22489,178.15889,-3639.6,5
20260816_125007_bb495b,2026-03-03,601199.SH,4100,4100,30.811784,30.225565,-2403.4979,3
20260816_125007_bb495b,2026-03-04,600750.SH,200,200,510.446379,525.885954,3087.915,52
20260816_125007_bb495b,2026-03-04,605116.SH,4700,4700,25.875714,25.759836,-544.6266,40
20260816_125007_bb495b,2026-03-04,601528.SH,14500,14500,8.40512,7.680498,-10507.019,39
20260816_125007_bb495b,2026-03-04,000423.SZ,200,200,596.79469,617.681256,4177.3132,35
20260816_125007_bb495b,2026-03-04,600999.SH,3100,3100,39.210742,35.091595,-12769.3557,35
20260816_125007_bb495b,2026-03-04,601096.SH,25200,25200,4.905678,6.370432,36911.8008,27
20260816_125007_bb495b,2026-03-04,600335.SH,3200,3200,38.734426,36.041841,-8616.272,23
20260816_125007_bb495b,2026-03-04,002917.SZ,3200,3200,37.991985,34.58752,-10894.288,23
20260816_125007_bb495b,2026-03-04,002818.SZ,3800,3800,33.011323,30.79776,-8411.5394,22
20260816_125007_bb495b,2026-03-04,600479.SH,600,600,184.22489,177.02412,-4320.462,6
20260816_125007_bb495b,2026-03-04,601199.SH,4100,4100,30.811784,30.325155,-1995.1789,4
20260816_125007_bb495b,2026-03-05,600750.SH,200,200,510.446379,521.655174,2241.759,53
20260816_125007_bb495b,2026-03-05,605116.SH,4700,4700,25.875714,26.06277,879.1632,41
20260816_125007_bb495b,2026-03-05,601528.SH,14500,14500,8.40512,7.753368,-9450.404,40
20260816_125007_bb495b,2026-03-05,000423.SZ,200,200,596.79469,618.151512,4271.3644,36
20260816_125007_bb495b,2026-03-05,600999.SH,3100,3100,39.210742,35.135597,-12632.9495,36
20260816_125007_bb495b,2026-03-05,601096.SH,25200,25200,4.905678,6.624032,43302.5208,28
20260816_125007_bb495b,2026-03-05,600335.SH,3200,3200,38.734426,36.156807,-8248.3808,24
20260816_125007_bb495b,2026-03-05,002917.SZ,3200,3200,37.991985,35.09616,-9266.64,24
20260816_125007_bb495b,2026-03-05,002818.SZ,3800,3800,33.011323,32.03517,-3709.3814,23
20260816_125007_bb495b,2026-03-05,600479.SH,600,600,184.22489,178.15889,-3639.6,7
20260816_125007_bb495b,2026-03-05,601199.SH,4100,4100,30.811784,30.47454,-1382.7004,5
20260816_125007_bb495b,2026-03-05,600025.SH,10100,0,12.208084,12.43916,2333.8676,1
20260816_125007_bb495b,2026-03-06,600750.SH,200,200,510.446379,526.097493,3130.2228,54
20260816_125007_bb495b,2026-03-06,605116.SH,4700,4700,25.875714,26.658192,3677.6466,42
20260816_125007_bb495b,2026-03-06,601528.SH,14500,14500,8.40512,7.79709,-8816.435,41
20260816_125007_bb495b,2026-03-06,000423.SZ,200,200,596.79469,618.38664,4318.39,37
20260816_125007_bb495b,2026-03-06,600999.SH,3100,3100,39.210742,35.465612,-11609.903,37
20260816_125007_bb495b,2026-03-06,601096.SH,25200,25200,4.905678,6.806624,47903.8392,29
20260816_125007_bb495b,2026-03-06,600335.SH,3200,3200,38.734426,37.248984,-4753.4144,25
20260816_125007_bb495b,2026-03-06,002917.SZ,3200,3200,37.991985,36.189736,-5767.1968,25
20260816_125007_bb495b,2026-03-06,002818.SZ,3800,3800,33.011323,32.03517,-3709.3814,24
20260816_125007_bb495b,2026-03-06,600479.SH,600,600,184.22489,181.5632,-1597.014,8
20260816_125007_bb495b,2026-03-06,601199.SH,4100,4100,30.811784,30.823105,46.4161,6
20260816_125007_bb495b,2026-03-06,600025.SH,10100,10100,12.208084,12.68548,4821.6996,2
20260816_125007_bb495b,2026-03-09,600750.SH,200,200,510.446379,530.96289,4103.3022,55
20260816_125007_bb495b,2026-03-09,605116.SH,4700,4700,25.875714,26.89845,4806.8592,43
20260816_125007_bb495b,2026-03-09,601528.SH,14500,14500,8.40512,7.782516,-9027.758,42
20260816_125007_bb495b,2026-03-09,000423.SZ,200,200,596.79469,610.274724,2696.0068,38
20260816_125007_bb495b,2026-03-09,600999.SH,3100,3100,39.210742,35.091595,-12769.3557,38
20260816_125007_bb495b,2026-03-09,601096.SH,25200,25200,4.905678,7.161664,56850.8472,30
20260816_125007_bb495b,2026-03-09,600335.SH,3200,3200,38.734426,36.846603,-6041.0336,26
20260816_125007_bb495b,2026-03-09,002917.SZ,3200,3200,37.991985,35.73196,-7232.08,26
20260816_125007_bb495b,2026-03-09,002818.SZ,3800,3800,33.011323,31.815186,-4545.3206,25
20260816_125007_bb495b,2026-03-09,600479.SH,600,600,184.22489,181.07687,-1888.812,9
20260816_125007_bb495b,2026-03-09,601199.SH,4100,4100,30.811784,30.623925,-770.2219,7
20260816_125007_bb495b,2026-03-09,600025.SH,10100,10100,12.208084,12.771692,5692.4408,3
20260816_125007_bb495b,2026-03-10,600750.SH,200,200,510.446379,543.020613,6514.8468,56
20260816_125007_bb495b,2026-03-10,605116.SH,4700,4700,25.875714,27.284952,6623.4186,44
20260816_125007_bb495b,2026-03-10,601528.SH,14500,14500,8.40512,7.86996,-7759.82,43
20260816_125007_bb495b,2026-03-10,000423.SZ,200,200,596.79469,621.678432,4976.7484,39
20260816_125007_bb495b,2026-03-10,600999.SH,3100,3100,39.210742,35.311605,-12087.3247,39
20260816_125007_bb495b,2026-03-10,601096.SH,25200,25200,4.905678,7.110944,55572.7032,31
20260816_125007_bb495b,2026-03-10,600335.SH,3200,3200,38.734426,37.134018,-5121.3056,27
20260816_125007_bb495b,2026-03-10,002917.SZ,3200,3200,37.991985,36.342328,-5278.9024,27
20260816_125007_bb495b,2026-03-10,002818.SZ,3800,3800,33.011323,32.475138,-2037.503,26
20260816_125007_bb495b,2026-03-10,600479.SH,600,600,184.22489,181.88742,-1402.482,10
20260816_125007_bb495b,2026-03-10,601199.SH,4100,4100,30.811784,30.57413,-974.3814,8
20260816_125007_bb495b,2026-03-10,600025.SH,10100,10100,12.208084,12.771692,5692.4408,4
20260816_125007_bb495b,2026-03-11,600750.SH,200,200,510.446379,545.136003,6937.9248,57
20260816_125007_bb495b,2026-03-11,605116.SH,4700,4700,25.875714,26.95068,5052.3402,45
20260816_125007_bb495b,2026-03-11,601528.SH,14500,14500,8.40512,8.0157,-5646.59,44
20260816_125007_bb495b,2026-03-11,000423.SZ,200,200,596.79469,616.03536,3848.134,40
20260816_125007_bb495b,2026-03-11,600999.SH,3100,3100,39.210742,35.465612,-11609.903,40
20260816_125007_bb495b,2026-03-11,601096.SH,25200,25200,4.905678,6.99936,52760.7864,32
20260816_125007_bb495b,2026-03-11,600335.SH,3200,3200,38.734426,37.076535,-5305.2512,28
20260816_125007_bb495b,2026-03-11,002917.SZ,3200,3200,37.991985,36.342328,-5278.9024,28
20260816_125007_bb495b,2026-03-11,002818.SZ,3800,3800,33.011323,32.58513,-1619.5334,27
20260816_125007_bb495b,2026-03-11,600479.SH,600,600,184.22489,180.42843,-2277.876,11
20260816_125007_bb495b,2026-03-11,601199.SH,4100,4100,30.811784,30.524335,-1178.5409,9
20260816_125007_bb495b,2026-03-11,600025.SH,10100,10100,12.208084,12.99338,7931.4896,5
20260816_125007_bb495b,2026-03-12,600750.SH,200,200,510.446379,540.059067,5922.5376,58
20260816_125007_bb495b,2026-03-12,605116.SH,4700,4700,25.875714,26.773098,4217.7048,46
20260816_125007_bb495b,2026-03-12,601528.SH,14500,14500,8.40512,8.103144,-4378.652,45
20260816_125007_bb495b,2026-03-12,000423.SZ,200,200,596.79469,616.152924,3871.6468,41
20260816_125007_bb495b,2026-03-12,600999.SH,3100,3100,39.210742,35.487613,-11541.6999,41
20260816_125007_bb495b,2026-03-12,601096.SH,25200,25200,4.905678,6.79648,47648.2104,33
20260816_125007_bb495b,2026-03-12,600335.SH,3200,3200,38.734426,36.961569,-5673.1424,29
20260816_125007_bb495b,2026-03-12,002917.SZ,3200,3200,37.991985,35.757392,-7150.6976,29
20260816_125007_bb495b,2026-03-12,002818.SZ,3800,3800,33.011323,32.832612,-679.1018,28
20260816_125007_bb495b,2026-03-12,600479.SH,600,600,184.22489,179.29366,-2958.738,12
20260816_125007_bb495b,2026-03-12,601199.SH,4100,4100,30.811784,30.47454,-1382.7004,10
20260816_125007_bb495b,2026-03-12,600025.SH,10100,10100,12.208084,13.030328,8304.6644,6
20260816_125007_bb495b,2026-03-13,600750.SH,200,200,510.446379,535.19367,4949.4582,59
20260816_125007_bb495b,2026-03-13,605116.SH,4700,4700,25.875714,26.84622,4561.3782,47
20260816_125007_bb495b,2026-03-13,601528.SH,14500,14500,8.40512,8.16144,-3533.36,46
20260816_125007_bb495b,2026-03-13,000423.SZ,200,200,596.79469,612.155748,3072.2116,42
20260816_125007_bb495b,2026-03-13,600999.SH,3100,3100,39.210742,35.157598,-12564.7464,42
20260816_125007_bb495b,2026-03-13,601096.SH,25200,25200,4.905678,6.583456,42280.0056,34
20260816_125007_bb495b,2026-03-13,600335.SH,3200,3200,38.734426,36.674154,-6592.8704,30
20260816_125007_bb495b,2026-03-13,002917.SZ,3200,3200,37.991985,35.681096,-7394.8448,30
20260816_125007_bb495b,2026-03-13,002818.SZ,3800,3800,33.011323,32.695122,-1201.5638,29
20260816_125007_bb495b,2026-03-13,600479.SH,600,600,184.22489,177.67256,-3931.398,13
20260816_125007_bb495b,2026-03-13,601199.SH,4100,4100,30.811784,30.026385,-3220.1359,11
20260816_125007_bb495b,2026-03-13,600025.SH,10100,10100,12.208084,12.919484,7185.14,7
20260816_125007_bb495b,2026-03-16,600750.SH,200,200,510.446379,532.866741,4484.0724,60
20260816_125007_bb495b,2026-03-16,605116.SH,4700,4700,25.875714,27.692346,8538.1704,48
20260816_125007_bb495b,2026-03-16,601528.SH,14500,14500,8.40512,8.219736,-2688.068,47
20260816_125007_bb495b,2026-03-16,000423.SZ,200,200,596.79469,613.566516,3354.3652,43
20260816_125007_bb495b,2026-03-16,600999.SH,3100,3100,39.210742,34.959589,-13178.5743,43
20260816_125007_bb495b,2026-03-16,601096.SH,25200,25200,4.905678,6.482016,39723.7176,35
20260816_125007_bb495b,2026-03-16,600335.SH,3200,3200,38.734426,36.616671,-6776.816,31
20260816_125007_bb495b,2026-03-16,002917.SZ,3200,3200,37.991985,35.197888,-8941.1104,31
20260816_125007_bb495b,2026-03-16,002818.SZ,3800,3800,33.011323,32.832612,-679.1018,30
20260816_125007_bb495b,2026-03-16,600479.SH,600,600,184.22489,178.15889,-3639.6,14
20260816_125007_bb495b,2026-03-16,601199.SH,4100,4100,30.811784,29.628025,-4853.4119,12
20260816_125007_bb495b,2026-03-16,600025.SH,10100,10100,12.208084,12.833272,6314.3988,8
20260816_125007_bb495b,2026-03-17,605116.SH,4700,4700,25.875714,27.99528,9961.9602,49
20260816_125007_bb495b,2026-03-17,601528.SH,14500,14500,8.40512,8.30718,-1420.13,48
20260816_125007_bb495b,2026-03-17,000423.SZ,200,200,596.79469,621.208176,4882.6972,44
20260816_125007_bb495b,2026-03-17,600999.SH,3100,3100,39.210742,35.311605,-12087.3247,44
20260816_125007_bb495b,2026-03-17,601096.SH,25200,25200,4.905678,6.319712,35633.6568,36
20260816_125007_bb495b,2026-03-17,600335.SH,3200,3200,38.734426,36.386739,-7512.5984,32
20260816_125007_bb495b,2026-03-17,002917.SZ,3200,3200,37.991985,34.638384,-10731.5232,32
20260816_125007_bb495b,2026-03-17,002818.SZ,3800,3800,33.011323,32.750118,-992.579,31
20260816_125007_bb495b,2026-03-17,600479.SH,600,600,184.22489,177.18623,-4223.196,15
20260816_125007_bb495b,2026-03-17,601199.SH,4100,4100,30.811784,29.57823,-5057.5714,13
20260816_125007_bb495b,2026-03-17,600025.SH,10100,10100,12.208084,12.697796,4946.0912,9
20260816_125007_bb495b,2026-03-18,605116.SH,4700,4700,25.875714,27.52521,7752.6312,50
20260816_125007_bb495b,2026-03-18,601528.SH,14500,14500,8.40512,8.205162,-2899.391,49
20260816_125007_bb495b,2026-03-18,000423.SZ,200,200,596.79469,623.67702,5376.466,45
20260816_125007_bb495b,2026-03-18,600999.SH,3100,3100,39.210742,35.245602,-12291.934,45
20260816_125007_bb495b,2026-03-18,601096.SH,25200,25200,4.905678,6.350144,36400.5432,37
20260816_125007_bb495b,2026-03-18,600335.SH,3200,3200,38.734426,35.869392,-9168.1088,33
20260816_125007_bb495b,2026-03-18,002917.SZ,3200,3200,37.991985,34.867272,-9999.0816,33
20260816_125007_bb495b,2026-03-18,002818.SZ,3800,3800,33.011323,32.970102,-156.6398,32
20260816_125007_bb495b,2026-03-18,600479.SH,600,600,184.22489,179.29366,-2958.738,16
20260816_125007_bb495b,2026-03-18,601199.SH,4100,4100,30.811784,29.727615,-4445.0929,14
20260816_125007_bb495b,2026-03-18,600025.SH,10100,10100,12.208084,12.636216,4324.1332,10
20260816_125007_bb495b,2026-03-18,603288.SH,300,0,341.187036,338.6532,-760.1508,1
20260816_125007_bb495b,2026-03-19,605116.SH,4700,4700,25.875714,27.10737,5788.7832,51
20260816_125007_bb495b,2026-03-19,601528.SH,14500,14500,8.40512,8.132292,-3956.006,50
20260816_125007_bb495b,2026-03-19,000423.SZ,200,200,596.79469,620.502792,4741.6204,46
20260816_125007_bb495b,2026-03-19,600999.SH,3100,3100,39.210742,34.959589,-13178.5743,46
20260816_125007_bb495b,2026-03-19,601096.SH,25200,25200,4.905678,6.116832,30521.0808,38
20260816_125007_bb495b,2026-03-19,600335.SH,3200,3200,38.734426,35.122113,-11559.4016,34
20260816_125007_bb495b,2026-03-19,002917.SZ,3200,3200,37.991985,33.82456,-13335.76,34
20260816_125007_bb495b,2026-03-19,002818.SZ,3800,3800,33.011323,32.667624,-1306.0562,33
20260816_125007_bb495b,2026-03-19,600479.SH,600,600,184.22489,176.37568,-4709.526,17
20260816_125007_bb495b,2026-03-19,601199.SH,4100,4100,30.811784,29.727615,-4445.0929,15
20260816_125007_bb495b,2026-03-19,600025.SH,10100,10100,12.208084,12.636216,4324.1332,11
20260816_125007_bb495b,2026-03-19,603288.SH,300,300,341.187036,335.579325,-1682.3133,2
20260816_125007_bb495b,2026-03-20,605116.SH,4700,4700,25.875714,27.096924,5739.687,52
20260816_125007_bb495b,2026-03-20,601528.SH,14500,14500,8.40512,8.073996,-4801.298,51
20260816_125007_bb495b,2026-03-20,000423.SZ,200,200,596.79469,658.593528,12359.7676,47
20260816_125007_bb495b,2026-03-20,600999.SH,3100,3100,39.210742,34.497568,-14610.8394,47
20260816_125007_bb495b,2026-03-20,601096.SH,25200,25200,4.905678,5.964672,26686.6488,39
20260816_125007_bb495b,2026-03-20,600335.SH,3200,3200,38.734426,34.547283,-13398.8576,35
20260816_125007_bb495b,2026-03-20,002917.SZ,3200,3200,37.991985,32.832712,-16509.6736,35
20260816_125007_bb495b,2026-03-20,002818.SZ,3800,3800,33.011323,32.282652,-2768.9498,34
20260816_125007_bb495b,2026-03-20,600479.SH,600,600,184.22489,174.10614,-6071.25,18
20260816_125007_bb495b,2026-03-20,601199.SH,4100,4100,30.811784,29.67782,-4649.2524,16
20260816_125007_bb495b,2026-03-20,600025.SH,10100,10100,12.208084,12.599268,3950.9584,12
20260816_125007_bb495b,2026-03-20,603288.SH,300,300,341.187036,332.417625,-2630.8233,3
20260816_125007_bb495b,2026-03-23,605116.SH,4700,4700,25.875714,25.467348,-1919.3202,53
20260816_125007_bb495b,2026-03-23,601528.SH,14500,14500,8.40512,7.680498,-10507.019,52
20260816_125007_bb495b,2026-03-23,000423.SZ,200,200,596.79469,645.661488,9773.3596,48
20260816_125007_bb495b,2026-03-23,601096.SH,25200,25200,4.905678,5.73136,20807.1864,40
20260816_125007_bb495b,2026-03-23,600335.SH,3200,3200,38.734426,32.362929,-20388.7904,36
20260816_125007_bb495b,2026-03-23,002818.SZ,3800,3800,33.011323,30.275298,-10396.895,35
20260816_125007_bb495b,2026-03-23,600479.SH,600,600,184.22489,160.97523,-13949.796,19
20260816_125007_bb495b,2026-03-23,601199.SH,4100,4100,30.811784,27.437045,-13836.4299,17
20260816_125007_bb495b,2026-03-23,600025.SH,10100,10100,12.208084,12.37758,1711.9096,13
20260816_125007_bb495b,2026-03-23,603288.SH,300,300,341.187036,318.716925,-6741.0333,4
20260816_125007_bb495b,2026-03-24,605116.SH,4700,4700,25.875714,26.115,1124.6442,54
20260816_125007_bb495b,2026-03-24,601528.SH,14500,14500,8.40512,7.884534,-7548.497,53
20260816_125007_bb495b,2026-03-24,000423.SZ,200,200,596.79469,663.06096,13253.254,49
20260816_125007_bb495b,2026-03-24,601096.SH,25200,25200,4.905678,5.913952,25408.5048,41
20260816_125007_bb495b,2026-03-24,002818.SZ,3800,3800,33.011323,31.430214,-6008.2142,36
20260816_125007_bb495b,2026-03-24,601199.SH,4100,4100,30.811784,28.98069,-7507.4854,18
20260816_125007_bb495b,2026-03-24,600025.SH,10100,10100,12.208084,12.6239,4199.7416,14
20260816_125007_bb495b,2026-03-24,603288.SH,300,300,341.187036,321.878625,-5792.5233,5
20260816_125007_bb495b,2026-03-24,603787.SH,6600,0,17.836752,17.06475,-5095.2132,1
20260816_125007_bb495b,2026-03-24,001256.SZ,4800,0,24.55729,26.292542,8329.2096,1
20260816_125007_bb495b,2026-03-25,605116.SH,4700,4700,25.875714,26.16723,1370.1252,55
20260816_125007_bb495b,2026-03-25,601528.SH,14500,14500,8.40512,8.146866,-3744.683,54
20260816_125007_bb495b,2026-03-25,000423.SZ,200,200,596.79469,654.83148,11607.358,50
20260816_125007_bb495b,2026-03-25,601096.SH,25200,25200,4.905678,5.974816,26942.2776,42
20260816_125007_bb495b,2026-03-25,002818.SZ,3800,3800,33.011323,31.237728,-6739.661,37
20260816_125007_bb495b,2026-03-25,601199.SH,4100,4100,30.811784,29.727615,-4445.0929,19
20260816_125007_bb495b,2026-03-25,600025.SH,10100,10100,12.208084,12.599268,3950.9584,15
20260816_125007_bb495b,2026-03-25,603288.SH,300,300,341.187036,324.9525,-4870.3608,6
20260816_125007_bb495b,2026-03-25,603787.SH,6600,6600,17.836752,17.51235,-2141.0532,2
20260816_125007_bb495b,2026-03-25,001256.SZ,4800,4800,24.55729,27.16001,12493.056,2
20260816_125007_bb495b,2026-03-25,600548.SH,4100,0,29.049555,29.351718,1238.8683,1
20260816_125007_bb495b,2026-03-25,601998.SH,7100,0,16.738018,16.984099,1747.1751,1
20260816_125007_bb495b,2026-03-26,605116.SH,4700,4700,25.875714,26.135892,1222.8366,56
20260816_125007_bb495b,2026-03-26,601528.SH,14500,14500,8.40512,8.132292,-3956.006,55
20260816_125007_bb495b,2026-03-26,000423.SZ,200,200,596.79469,659.651604,12571.3828,51
20260816_125007_bb495b,2026-03-26,601096.SH,25200,25200,4.905678,5.792224,22340.9592,43
20260816_125007_bb495b,2026-03-26,002818.SZ,3800,3800,33.011323,30.687768,-8829.509,38
20260816_125007_bb495b,2026-03-26,601199.SH,4100,4100,30.811784,29.528435,-5261.7309,20
20260816_125007_bb495b,2026-03-26,600025.SH,10100,10100,12.208084,12.648532,4448.5248,16
20260816_125007_bb495b,2026-03-26,603288.SH,300,300,341.187036,324.513375,-5002.0983,7
20260816_125007_bb495b,2026-03-26,603787.SH,6600,6600,17.836752,16.69548,-7532.3952,3
20260816_125007_bb495b,2026-03-26,001256.SZ,4800,4800,24.55729,27.273607,13038.3216,3
20260816_125007_bb495b,2026-03-26,600548.SH,4100,4100,29.049555,28.244106,-3302.3409,2
20260816_125007_bb495b,2026-03-26,601998.SH,7100,7100,16.738018,17.210006,3351.1148,2
20260816_125007_bb495b,2026-03-27,605116.SH,4700,4700,25.875714,27.869928,9372.8058,57
20260816_125007_bb495b,2026-03-27,601528.SH,14500,14500,8.40512,7.811664,-8605.112,56
20260816_125007_bb495b,2026-03-27,000423.SZ,200,200,596.79469,656.830068,12007.0756,52
20260816_125007_bb495b,2026-03-27,601096.SH,25200,25200,4.905678,5.863232,24130.3608,44
20260816_125007_bb495b,2026-03-27,002818.SZ,3800,3800,33.011323,30.880254,-8098.0622,39
20260816_125007_bb495b,2026-03-27,601199.SH,4100,4100,30.811784,29.37905,-5874.2094,21
20260816_125007_bb495b,2026-03-27,600025.SH,10100,10100,12.208084,12.513056,3080.2172,17
20260816_125007_bb495b,2026-03-27,603288.SH,300,300,341.187036,348.66525,2243.4642,8
20260816_125007_bb495b,2026-03-27,603787.SH,6600,6600,17.836752,16.77381,-7015.4172,4
20260816_125007_bb495b,2026-03-27,001256.SZ,4800,4800,24.55729,26.271888,8230.0704,4
20260816_125007_bb495b,2026-03-27,600548.SH,4100,4100,29.049555,28.367174,-2797.7621,3
20260816_125007_bb495b,2026-03-27,601998.SH,7100,7100,16.738018,17.086784,2476.2386,3
20260816_125007_bb495b,2026-03-30,605116.SH,4700,4700,25.875714,27.911712,9569.1906,58
20260816_125007_bb495b,2026-03-30,601528.SH,14500,14500,8.40512,7.738794,-9661.727,57
20260816_125007_bb495b,2026-03-30,000423.SZ,200,200,596.79469,675.993,15839.662,53
20260816_125007_bb495b,2026-03-30,601096.SH,25200,25200,4.905678,5.78208,22085.3304,45
20260816_125007_bb495b,2026-03-30,002818.SZ,3800,3800,33.011323,31.182732,-6948.6458,40
20260816_125007_bb495b,2026-03-30,601199.SH,4100,4100,30.811784,28.8811,-7915.8044,22
20260816_125007_bb495b,2026-03-30,600025.SH,10100,10100,12.208084,12.43916,2333.8676,18
20260816_125007_bb495b,2026-03-30,603288.SH,300,300,341.187036,354.28605,3929.7042,9
20260816_125007_bb495b,2026-03-30,603787.SH,6600,6600,17.836752,17.51235,-2141.0532,5
20260816_125007_bb495b,2026-03-30,001256.SZ,4800,4800,24.55729,25.693576,5454.1728,5
20260816_125007_bb495b,2026-03-30,600548.SH,4100,4100,29.049555,28.121038,-3806.9197,4
20260816_125007_bb495b,2026-03-30,601998.SH,7100,7100,16.738018,17.004636,1892.9878,4
20260816_125007_bb495b,2026-03-31,605116.SH,4700,4700,25.875714,30.700794,22677.876,59
20260816_125007_bb495b,2026-03-31,601528.SH,14500,14500,8.40512,7.782516,-9027.758,58
20260816_125007_bb495b,2026-03-31,000423.SZ,200,200,596.79469,672.113388,15063.7396,54
20260816_125007_bb495b,2026-03-31,601096.SH,25200,25200,4.905678,5.700928,20040.3,46
20260816_125007_bb495b,2026-03-31,002818.SZ,3800,3800,33.011323,29.56035,-13113.6974,41
20260816_125007_bb495b,2026-03-31,601199.SH,4100,4100,30.811784,28.532535,-9344.9209,23
20260816_125007_bb495b,2026-03-31,600025.SH,10100,10100,12.208084,12.205156,-29.5728,19
20260816_125007_bb495b,2026-03-31,603288.SH,300,300,341.187036,360.0825,5668.6392,10
20260816_125007_bb495b,2026-03-31,603787.SH,6600,6600,17.836752,18.53064,4579.6608,6
20260816_125007_bb495b,2026-03-31,001256.SZ,4800,4800,24.55729,23.896678,-3170.9376,6
20260816_125007_bb495b,2026-03-31,600548.SH,4100,4100,29.049555,28.736378,-1284.0257,5
20260816_125007_bb495b,2026-03-31,601998.SH,7100,7100,16.738018,17.04571,2184.6132,5
20260816_125007_bb495b,2026-04-01,605116.SH,4700,4700,25.875714,32.476614,31024.23,60
20260816_125007_bb495b,2026-04-01,601528.SH,14500,14500,8.40512,7.782516,-9027.758,59
20260816_125007_bb495b,2026-04-01,000423.SZ,200,200,596.79469,662.355576,13112.1772,55
20260816_125007_bb495b,2026-04-01,601096.SH,25200,25200,4.905678,5.78208,22085.3304,47
20260816_125007_bb495b,2026-04-01,002818.SZ,3800,3800,33.011323,29.807832,-12173.2658,42
20260816_125007_bb495b,2026-04-01,601199.SH,4100,4100,30.811784,28.532535,-9344.9209,24
20260816_125007_bb495b,2026-04-01,600025.SH,10100,10100,12.208084,12.143576,-651.5308,20
20260816_125007_bb495b,2026-04-01,603288.SH,300,300,341.187036,366.7572,7671.0492,11
20260816_125007_bb495b,2026-04-01,603787.SH,6600,6600,17.836752,17.71377,-811.6812,7
20260816_125007_bb495b,2026-04-01,001256.SZ,4800,4800,24.55729,23.7521,-3864.912,7
20260816_125007_bb495b,2026-04-01,600548.SH,4100,4100,29.049555,28.890213,-653.3022,6
20260816_125007_bb495b,2026-04-01,601998.SH,7100,7100,16.738018,17.04571,2184.6132,6
20260816_125007_bb495b,2026-04-02,601528.SH,14500,14500,8.40512,7.767942,-9239.081,60
20260816_125007_bb495b,2026-04-02,000423.SZ,200,200,596.79469,671.055312,14852.1244,56
20260816_125007_bb495b,2026-04-02,601096.SH,25200,25200,4.905678,5.690784,19784.6712,48
20260816_125007_bb495b,2026-04-02,002818.SZ,3800,3800,33.011323,29.642844,-12800.2202,43
20260816_125007_bb495b,2026-04-02,601199.SH,4100,4100,30.811784,28.38315,-9957.3994,25
20260816_125007_bb495b,2026-04-02,600025.SH,10100,10100,12.208084,12.168208,-402.7476,21
20260816_125007_bb495b,2026-04-02,603288.SH,300,300,341.187036,370.79715,8883.0342,12
20260816_125007_bb495b,2026-04-02,603787.SH,6600,6600,17.836752,18.02709,1256.2308,8
20260816_125007_bb495b,2026-04-02,001256.SZ,4800,4800,24.55729,23.13248,-6839.088,8
20260816_125007_bb495b,2026-04-02,600548.SH,4100,4100,29.049555,29.320951,1112.7236,7
20260816_125007_bb495b,2026-04-02,601998.SH,7100,7100,16.738018,17.189469,3205.3021,7
20260816_125007_bb495b,2026-04-03,000423.SZ,200,200,596.79469,659.651604,12571.3828,57
20260816_125007_bb495b,2026-04-03,601096.SH,25200,25200,4.905678,5.52848,15694.6104,49
20260816_125007_bb495b,2026-04-03,002818.SZ,3800,3800,33.011323,29.28537,-14158.6214,44
20260816_125007_bb495b,2026-04-03,601199.SH,4100,4100,30.811784,27.68602,-12815.6324,26
20260816_125007_bb495b,2026-04-03,600025.SH,10100,10100,12.208084,11.958836,-2517.4048,22
20260816_125007_bb495b,2026-04-03,603288.SH,300,300,341.187036,366.142425,7486.6167,13
20260816_125007_bb495b,2026-04-03,603787.SH,6600,6600,17.836752,16.24788,-10486.5552,9
20260816_125007_bb495b,2026-04-03,001256.SZ,4800,4800,24.55729,21.459506,-14869.3632,9
20260816_125007_bb495b,2026-04-03,600548.SH,4100,4100,29.049555,29.22865,734.2895,8
20260816_125007_bb495b,2026-04-03,601998.SH,7100,7100,16.738018,17.004636,1892.9878,8
20260816_125007_bb495b,2026-04-03,600015.SH,2600,0,46.316557,45.82524,-1277.4242,1
20260816_125007_bb495b,2026-04-07,000423.SZ,200,200,596.79469,650.364048,10713.8716,58
20260816_125007_bb495b,2026-04-07,601096.SH,25200,25200,4.905678,5.650208,18762.156,50
20260816_125007_bb495b,2026-04-07,002818.SZ,3800,3800,33.011323,29.037888,-15099.053,45
20260816_125007_bb495b,2026-04-07,601199.SH,4100,4100,30.811784,27.536635,-13428.1109,27
20260816_125007_bb495b,2026-04-07,600025.SH,10100,10100,12.208084,11.786412,-4258.8872,23
20260816_125007_bb495b,2026-04-07,603288.SH,300,300,341.187036,364.737225,7065.0567,14
20260816_125007_bb495b,2026-04-07,603787.SH,6600,6600,17.836752,14.6589,-20973.8232,10
20260816_125007_bb495b,2026-04-07,600548.SH,4100,4100,29.049555,29.53632,1995.7365,9
20260816_125007_bb495b,2026-04-07,601998.SH,7100,7100,16.738018,17.04571,2184.6132,9
20260816_125007_bb495b,2026-04-07,600015.SH,2600,2600,46.316557,45.51561,-2082.4622,2
20260816_125007_bb495b,2026-04-07,605319.SH,3000,0,39.382668,39.363324,-58.032,1
20260816_125007_bb495b,2026-04-08,000423.SZ,200,200,596.79469,663.531216,13347.3052,59
20260816_125007_bb495b,2026-04-08,601096.SH,25200,25200,4.905678,5.8328,23363.4744,51
20260816_125007_bb495b,2026-04-08,601199.SH,4100,4100,30.811784,28.18397,-10774.0374,28
20260816_125007_bb495b,2026-04-08,600025.SH,10100,10100,12.208084,11.909572,-3014.9712,24
20260816_125007_bb495b,2026-04-08,603288.SH,300,300,341.187036,361.399875,6063.8517,15
20260816_125007_bb495b,2026-04-08,600548.SH,4100,4100,29.049555,29.413252,1491.1577,10
20260816_125007_bb495b,2026-04-08,601998.SH,7100,7100,16.738018,17.066247,2330.4259,10
20260816_125007_bb495b,2026-04-08,600015.SH,2600,2600,46.316557,45.949092,-955.409,3
20260816_125007_bb495b,2026-04-08,605319.SH,3000,3000,39.382668,40.690848,3924.54,2
20260816_125007_bb495b,2026-04-08,601598.SH,13500,0,8.753445,8.523266,-3107.4165,1
20260816_125007_bb495b,2026-04-09,000423.SZ,200,200,596.79469,648.600588,10361.1796,60
20260816_125007_bb495b,2026-04-09,601096.SH,25200,25200,4.905678,5.812512,22852.2168,52
20260816_125007_bb495b,2026-04-09,601199.SH,4100,4100,30.811784,27.636225,-13019.7919,29
20260816_125007_bb495b,2026-04-09,600025.SH,10100,10100,12.208084,11.811044,-4010.104,25
20260816_125007_bb495b,2026-04-09,603288.SH,300,300,341.187036,361.399875,6063.8517,16
20260816_125007_bb495b,2026-04-09,600548.SH,4100,4100,29.049555,28.982514,-274.8681,11
20260816_125007_bb495b,2026-04-09,601998.SH,7100,7100,16.738018,16.922488,1309.737,11
20260816_125007_bb495b,2026-04-09,600015.SH,2600,2600,46.316557,45.329832,-2565.485,4
20260816_125007_bb495b,2026-04-09,605319.SH,3000,3000,39.382668,41.511228,6385.68,3
20260816_125007_bb495b,2026-04-09,601598.SH,13500,13500,8.753445,8.427345,-4402.35,2
20260816_125007_bb495b,2026-04-09,300050.SZ,2000,0,57.847643,59.35944,3023.594,1
20260816_125007_bb495b,2026-04-10,601096.SH,25200,25200,4.905678,5.802368,22596.588,53
20260816_125007_bb495b,2026-04-10,601199.SH,4100,4100,30.811784,27.8852,-11998.9944,30
20260816_125007_bb495b,2026-04-10,600025.SH,10100,10100,12.208084,11.712516,-5005.2368,26
20260816_125007_bb495b,2026-04-10,603288.SH,300,300,341.187036,363.156375,6590.8017,17
20260816_125007_bb495b,2026-04-10,600548.SH,4100,4100,29.049555,28.428708,-2545.4727,12
20260816_125007_bb495b,2026-04-10,601998.SH,7100,7100,16.738018,16.860877,872.2989,12
20260816_125007_bb495b,2026-04-10,600015.SH,2600,2600,46.316557,44.958276,-3531.5306,5
20260816_125007_bb495b,2026-04-10,605319.SH,3000,3000,39.382668,42.689592,9920.772,4
20260816_125007_bb495b,2026-04-10,601598.SH,13500,13500,8.753445,8.605484,-1997.4735,3
20260816_125007_bb495b,2026-04-10,300050.SZ,2000,2000,57.847643,65.52882,15362.354,2
20260816_125007_bb495b,2026-04-13,601096.SH,25200,25200,4.905678,5.609632,17739.6408,54
20260816_125007_bb495b,2026-04-13,601199.SH,4100,4100,30.811784,28.18397,-10774.0374,31
20260816_125007_bb495b,2026-04-13,600025.SH,10100,10100,12.208084,11.663252,-5502.8032,27
20260816_125007_bb495b,2026-04-13,603288.SH,300,300,341.187036,359.994675,5642.2917,18
20260816_125007_bb495b,2026-04-13,600548.SH,4100,4100,29.049555,28.213339,-3428.4856,13
20260816_125007_bb495b,2026-04-13,601998.SH,7100,7100,16.738018,16.819803,580.6735,13
20260816_125007_bb495b,2026-04-13,600015.SH,2600,2600,46.316557,44.958276,-3531.5306,6
20260816_125007_bb495b,2026-04-13,605319.SH,3000,3000,39.382668,43.6293,12739.896,5
20260816_125007_bb495b,2026-04-13,601598.SH,13500,13500,8.753445,8.454751,-4032.369,4
20260816_125007_bb495b,2026-04-13,300050.SZ,2000,2000,57.847643,63.3612,11027.114,3
20260816_125007_bb495b,2026-04-14,601096.SH,25200,25200,4.905678,5.589344,17228.3832,55
20260816_125007_bb495b,2026-04-14,601199.SH,4100,4100,30.811784,28.18397,-10774.0374,32
20260816_125007_bb495b,2026-04-14,600025.SH,10100,10100,12.208084,11.589356,-6249.1528,28
20260816_125007_bb495b,2026-04-14,603288.SH,300,300,341.187036,358.062525,5062.6467,19
20260816_125007_bb495b,2026-04-14,600548.SH,4100,4100,29.049555,28.274873,-3176.1962,14
20260816_125007_bb495b,2026-04-14,601998.SH,7100,7100,16.738018,17.004636,1892.9878,14
20260816_125007_bb495b,2026-04-14,600015.SH,2600,2600,46.316557,45.267906,-2726.4926,7
20260816_125007_bb495b,2026-04-14,605319.SH,3000,3000,39.382668,43.241484,11576.448,6
20260816_125007_bb495b,2026-04-14,601598.SH,13500,13500,8.753445,8.304018,-6067.2645,5
20260816_125007_bb495b,2026-04-14,300050.SZ,2000,2000,57.847643,63.52794,11360.594,4
20260816_125007_bb495b,2026-04-14,603202.SH,1000,0,104.642072,103.154116,-1487.956,1
20260816_125007_bb495b,2026-04-14,601077.SH,10600,0,10.688642,10.660752,-295.634,1
20260816_125007_bb495b,2026-04-15,601096.SH,25200,25200,4.905678,5.62992,18250.8984,56
20260816_125007_bb495b,2026-04-15,601199.SH,4100,4100,30.811784,28.18397,-10774.0374,33
20260816_125007_bb495b,2026-04-15,600025.SH,10100,10100,12.208084,11.687884,-5254.02,29
20260816_125007_bb495b,2026-04-15,603288.SH,300,300,341.187036,359.3799,5457.8592,20
20260816_125007_bb495b,2026-04-15,600548.SH,4100,4100,29.049555,28.582543,-1914.7492,15
20260816_125007_bb495b,2026-04-15,601998.SH,7100,7100,16.738018,17.292154,3934.3656,15
20260816_125007_bb495b,2026-04-15,600015.SH,2600,2600,46.316557,45.020202,-3370.523,8
20260816_125007_bb495b,2026-04-15,605319.SH,3000,3000,39.382668,44.569008,15559.02,7
20260816_125007_bb495b,2026-04-15,601598.SH,13500,13500,8.753445,8.35883,-5327.3025,6
20260816_125007_bb495b,2026-04-15,300050.SZ,2000,2000,57.847643,62.77761,9859.934,5
20260816_125007_bb495b,2026-04-15,603202.SH,1000,1000,104.642072,102.5739,-2068.172,2
20260816_125007_bb495b,2026-04-15,601077.SH,10600,10600,10.688642,10.500768,-1991.4644,2
20260816_125007_bb495b,2026-04-16,601096.SH,25200,25200,4.905678,5.650208,18762.156,57
20260816_125007_bb495b,2026-04-16,601199.SH,4100,4100,30.811784,28.333355,-10161.5589,34
20260816_125007_bb495b,2026-04-16,600025.SH,10100,10100,12.208084,11.774096,-4383.2788,30
20260816_125007_bb495b,2026-04-16,603288.SH,300,300,341.187036,357.79905,4983.6042,21
20260816_125007_bb495b,2026-04-16,600548.SH,4100,4100,29.049555,28.30564,-3050.0515,16
20260816_125007_bb495b,2026-04-16,601998.SH,7100,7100,16.738018,17.025173,2038.8005,16
20260816_125007_bb495b,2026-04-16,600015.SH,2600,2600,46.316557,44.648646,-4336.5686,9
20260816_125007_bb495b,2026-04-16,605319.SH,3000,3000,39.382668,43.2564,11621.196,8
20260816_125007_bb495b,2026-04-16,601598.SH,13500,13500,8.753445,8.331424,-5697.2835,7
20260816_125007_bb495b,2026-04-16,300050.SZ,2000,2000,57.847643,61.19358,6691.874,6
20260816_125007_bb495b,2026-04-16,603202.SH,1000,1000,104.642072,102.449568,-2192.504,3
20260816_125007_bb495b,2026-04-16,601077.SH,10600,10600,10.688642,10.486224,-2145.6308,3
20260816_125007_bb495b,2026-04-17,601096.SH,25200,25200,4.905678,5.619776,17995.2696,58
20260816_125007_bb495b,2026-04-17,601199.SH,4100,4100,30.811784,27.8852,-11998.9944,35
20260816_125007_bb495b,2026-04-17,600025.SH,10100,10100,12.208084,11.712516,-5005.2368,31
20260816_125007_bb495b,2026-04-17,603288.SH,300,300,341.187036,350.77305,2875.8042,22
20260816_125007_bb495b,2026-04-17,600548.SH,4100,4100,29.049555,28.182572,-3554.6303,17
20260816_125007_bb495b,2026-04-17,601998.SH,7100,7100,16.738018,16.819803,580.6735,17
20260816_125007_bb495b,2026-04-17,600015.SH,2600,2600,46.316557,44.215164,-5463.6218,10
20260816_125007_bb495b,2026-04-17,605319.SH,3000,3000,39.382668,41.61564,6698.916,9
20260816_125007_bb495b,2026-04-17,601598.SH,13500,13500,8.753445,8.304018,-6067.2645,8
20260816_125007_bb495b,2026-04-17,300050.SZ,2000,2000,57.847643,60.8601,6024.914,7
20260816_125007_bb495b,2026-04-17,603202.SH,1000,1000,104.642072,101.112999,-3529.073,4
20260816_125007_bb495b,2026-04-17,601077.SH,10600,10600,10.688642,10.47168,-2299.7972,4
20260816_125007_bb495b,2026-04-20,601096.SH,25200,25200,4.905678,5.700928,20040.3,59
20260816_125007_bb495b,2026-04-20,601199.SH,4100,4100,30.811784,27.8852,-11998.9944,36
20260816_125007_bb495b,2026-04-20,600025.SH,10100,10100,12.208084,11.94652,-2641.7964,32
20260816_125007_bb495b,2026-04-20,603288.SH,300,300,341.187036,353.846925,3797.9667,23
20260816_125007_bb495b,2026-04-20,600548.SH,4100,4100,29.049555,27.967203,-4437.6432,18
20260816_125007_bb495b,2026-04-20,601998.SH,7100,7100,16.738018,17.066247,2330.4259,18
20260816_125007_bb495b,2026-04-20,600015.SH,2600,2600,46.316557,44.58672,-4497.5762,11
20260816_125007_bb495b,2026-04-20,605319.SH,3000,3000,39.382668,40.57152,3566.556,10
20260816_125007_bb495b,2026-04-20,601598.SH,13500,13500,8.753445,8.399939,-4772.331,9
20260816_125007_bb495b,2026-04-20,300050.SZ,2000,2000,57.847643,59.94303,4190.774,8
20260816_125007_bb495b,2026-04-20,603202.SH,1000,1000,104.642072,98.802496,-5839.576,5
20260816_125007_bb495b,2026-04-20,601077.SH,10600,10600,10.688642,10.61712,-758.1332,5
20260816_125007_bb495b,2026-04-21,601096.SH,25200,25200,4.905678,5.700928,20040.3,60
20260816_125007_bb495b,2026-04-21,601199.SH,4100,4100,30.811784,28.08438,-11182.3564,37
20260816_125007_bb495b,2026-04-21,600025.SH,10100,10100,12.208084,12.118944,-900.314,33
20260816_125007_bb495b,2026-04-21,603288.SH,300,300,341.187036,357.008625,4746.4767,24
20260816_125007_bb495b,2026-04-21,600548.SH,4100,4100,29.049555,28.121038,-3806.9197,19
20260816_125007_bb495b,2026-04-21,601998.SH,7100,7100,16.738018,17.333228,4225.991,19
20260816_125007_bb495b,2026-04-21,600015.SH,2600,2600,46.316557,44.462868,-4819.5914,12
20260816_125007_bb495b,2026-04-21,605319.SH,3000,3000,39.382668,40.34778,2895.336,11
20260816_125007_bb495b,2026-04-21,601598.SH,13500,13500,8.753445,8.482157,-3662.388,10
20260816_125007_bb495b,2026-04-21,300050.SZ,2000,2000,57.847643,59.60955,3523.814,9
20260816_125007_bb495b,2026-04-21,603202.SH,1000,1000,104.642072,100.201231,-4440.841,6
20260816_125007_bb495b,2026-04-21,601077.SH,10600,10600,10.688642,10.76256,783.5308,6
20260816_125007_bb495b,2026-04-22,601199.SH,4100,4100,30.811784,28.08438,-11182.3564,38
20260816_125007_bb495b,2026-04-22,600025.SH,10100,10100,12.208084,11.983468,-2268.6216,34
20260816_125007_bb495b,2026-04-22,603288.SH,300,300,341.187036,349.806975,2585.9817,25
20260816_125007_bb495b,2026-04-22,600548.SH,4100,4100,29.049555,28.151805,-3680.775,20
20260816_125007_bb495b,2026-04-22,601998.SH,7100,7100,16.738018,17.168932,3059.4894,20
20260816_125007_bb495b,2026-04-22,600015.SH,2600,2600,46.316557,43.96746,-6107.6522,13
20260816_125007_bb495b,2026-04-22,605319.SH,3000,3000,39.382668,40.94442,4685.256,12
20260816_125007_bb495b,2026-04-22,601598.SH,13500,13500,8.753445,8.386236,-4957.3215,11
20260816_125007_bb495b,2026-04-22,300050.SZ,2000,2000,57.847643,61.6938,7692.314,10
20260816_125007_bb495b,2026-04-22,603202.SH,1000,1000,104.642072,97.870006,-6772.066,7
20260816_125007_bb495b,2026-04-22,601077.SH,10600,10600,10.688642,10.806192,1246.03,7
20260816_125007_bb495b,2026-04-23,601199.SH,4100,4100,30.811784,28.18397,-10774.0374,39
20260816_125007_bb495b,2026-04-23,600025.SH,10100,10100,12.208084,12.032732,-1771.0552,35
20260816_125007_bb495b,2026-04-23,603288.SH,300,300,341.187036,347.61135,1927.2942,26
20260816_125007_bb495b,2026-04-23,600548.SH,4100,4100,29.049555,28.397941,-2671.6174,21
20260816_125007_bb495b,2026-04-23,601998.SH,7100,7100,16.738018,17.189469,3205.3021,21
20260816_125007_bb495b,2026-04-23,600015.SH,2600,2600,46.316557,44.462868,-4819.5914,14
20260816_125007_bb495b,2026-04-23,605319.SH,3000,3000,39.382668,40.974252,4774.752,13
20260816_125007_bb495b,2026-04-23,601598.SH,13500,13500,8.753445,8.372533,-5142.312,12
20260816_125007_bb495b,2026-04-23,300050.SZ,2000,2000,57.847643,58.94259,2189.894,11
20260816_125007_bb495b,2026-04-23,603202.SH,1000,1000,104.642072,98.367334,-6274.738,8
20260816_125007_bb495b,2026-04-23,601077.SH,10600,10600,10.688642,10.83528,1554.3628,8
20260816_125007_bb495b,2026-04-23,600901.SH,7800,0,15.009865,14.991122,-146.1954,1
20260816_125007_bb495b,2026-04-24,601199.SH,4100,4100,30.811784,26.540735,-17511.3009,40
20260816_125007_bb495b,2026-04-24,600025.SH,10100,10100,12.208084,11.897256,-3139.3628,36
20260816_125007_bb495b,2026-04-24,603288.SH,300,300,341.187036,350.5974,2823.1092,27
20260816_125007_bb495b,2026-04-24,600548.SH,4100,4100,29.049555,27.6903,-5572.9455,22
20260816_125007_bb495b,2026-04-24,601998.SH,7100,7100,16.738018,17.148395,2913.6767,22
20260816_125007_bb495b,2026-04-24,600015.SH,2600,2600,46.316557,44.27709,-5302.6142,15
20260816_125007_bb495b,2026-04-24,605319.SH,3000,3000,39.382668,41.451564,6206.688,14
20260816_125007_bb495b,2026-04-24,601598.SH,13500,13500,8.753445,8.304018,-6067.2645,13
20260816_125007_bb495b,2026-04-24,300050.SZ,2000,2000,57.847643,58.69248,1689.674,12
20260816_125007_bb495b,2026-04-24,603202.SH,1000,1000,104.642072,88.534745,-16107.327,9
20260816_125007_bb495b,2026-04-24,601077.SH,10600,10600,10.688642,10.777104,937.6972,9
20260816_125007_bb495b,2026-04-24,600901.SH,7800,7800,15.009865,14.302115,-5520.45,2
20260816_125007_bb495b,2026-04-27,600025.SH,10100,10100,12.208084,11.798728,-4134.4956,37
20260816_125007_bb495b,2026-04-27,603288.SH,300,300,341.187036,349.982625,2638.6767,28
20260816_125007_bb495b,2026-04-27,600548.SH,4100,4100,29.049555,27.536465,-6203.669,23
20260816_125007_bb495b,2026-04-27,601998.SH,7100,7100,16.738018,17.107321,2622.0513,23
20260816_125007_bb495b,2026-04-27,600015.SH,2600,2600,46.316557,43.781682,-6590.675,16
20260816_125007_bb495b,2026-04-27,605319.SH,3000,3000,39.382668,41.09358,5132.736,15
20260816_125007_bb495b,2026-04-27,601598.SH,13500,13500,8.753445,8.194394,-7547.1885,14
20260816_125007_bb495b,2026-04-27,300050.SZ,2000,2000,57.847643,58.69248,1689.674,13
20260816_125007_bb495b,2026-04-27,601077.SH,10600,10600,10.688642,10.806192,1246.03,10
20260816_125007_bb495b,2026-04-27,600901.SH,7800,7800,15.009865,14.281236,-5683.3062,3
20260816_125007_bb495b,2026-04-28,600025.SH,10100,10100,12.208084,11.909572,-3014.9712,38
20260816_125007_bb495b,2026-04-28,603288.SH,300,300,341.187036,344.80095,1084.1742,29
20260816_125007_bb495b,2026-04-28,600548.SH,4100,4100,29.049555,27.844135,-4942.222,24
20260816_125007_bb495b,2026-04-28,601998.SH,7100,7100,16.738018,17.271617,3788.5529,24
20260816_125007_bb495b,2026-04-28,600015.SH,2600,2600,46.316557,44.524794,-4658.5838,17
20260816_125007_bb495b,2026-04-28,605319.SH,3000,3000,39.382668,40.12404,2224.116,16
20260816_125007_bb495b,2026-04-28,601598.SH,13500,13500,8.753445,8.386236,-4957.3215,15
20260816_125007_bb495b,2026-04-28,300050.SZ,2000,2000,57.847643,57.5253,-644.686,14
20260816_125007_bb495b,2026-04-28,601077.SH,10600,10600,10.688642,10.733472,475.198,11
20260816_125007_bb495b,2026-04-28,600901.SH,7800,7800,15.009865,14.6153,-3077.607,4
20260816_125007_bb495b,2026-04-28,601838.SH,4300,0,26.230602,26.580816,1505.9202,1
20260816_125007_bb495b,2026-04-28,600461.SH,1900,0,59.841726,60.515529,1280.2257,1
20260816_125007_bb495b,2026-04-29,600025.SH,10100,10100,12.208084,11.82336,-3885.7124,39
20260816_125007_bb495b,2026-04-29,603288.SH,300,300,341.187036,344.888775,1110.5217,30
20260816_125007_bb495b,2026-04-29,600548.SH,4100,4100,29.049555,27.905669,-4689.9326,25
20260816_125007_bb495b,2026-04-29,601998.SH,7100,7100,16.738018,17.25108,3642.7402,25
20260816_125007_bb495b,2026-04-29,600015.SH,2600,2600,46.316557,44.772498,-4014.5534,18
20260816_125007_bb495b,2026-04-29,605319.SH,3000,3000,39.382668,39.691476,926.424,17
20260816_125007_bb495b,2026-04-29,601598.SH,13500,13500,8.753445,8.304018,-6067.2645,16
20260816_125007_bb495b,2026-04-29,300050.SZ,2000,2000,57.847643,58.94259,2189.894,15
20260816_125007_bb495b,2026-04-29,601077.SH,10600,10600,10.688642,10.68984,12.6988,12
20260816_125007_bb495b,2026-04-29,600901.SH,7800,7800,15.009865,14.490026,-4054.7442,5
20260816_125007_bb495b,2026-04-29,601838.SH,4300,4300,26.230602,26.9496,3091.6914,2
20260816_125007_bb495b,2026-04-29,600461.SH,1900,1900,59.841726,59.421528,-798.3762,2
20260816_125007_bb495b,2026-04-30,600025.SH,10100,10100,12.208084,11.712516,-5005.2368,40
20260816_125007_bb495b,2026-04-30,603288.SH,300,300,341.187036,339.3558,-549.3708,31
20260816_125007_bb495b,2026-04-30,600548.SH,4100,4100,29.049555,27.905669,-4689.9326,26
20260816_125007_bb495b,2026-04-30,601998.SH,7100,7100,16.738018,17.271617,3788.5529,26
20260816_125007_bb495b,2026-04-30,600015.SH,2600,2600,46.316557,42.667014,-9488.8118,19
20260816_125007_bb495b,2026-04-30,605319.SH,3000,3000,39.382668,40.004712,1866.132,18
20260816_125007_bb495b,2026-04-30,601598.SH,13500,13500,8.753445,8.2218,-7177.2075,17
20260816_125007_bb495b,2026-04-30,300050.SZ,2000,2000,57.847643,60.8601,6024.914,16
20260816_125007_bb495b,2026-04-30,601077.SH,10600,10600,10.688642,10.588032,-1066.466,13
20260816_125007_bb495b,2026-04-30,600901.SH,7800,7800,15.009865,14.40651,-4706.169,6
20260816_125007_bb495b,2026-04-30,601838.SH,4300,4300,26.230602,27.16236,4006.5594,3
20260816_125007_bb495b,2026-04-30,600461.SH,1900,1900,59.841726,59.191212,-1235.9766,3
20260816_125007_bb495b,2026-05-06,600025.SH,10100,10100,12.208084,11.811044,-4010.104,41
20260816_125007_bb495b,2026-05-06,603288.SH,300,300,341.187036,340.23405,-285.8958,32
20260816_125007_bb495b,2026-05-06,600548.SH,4100,4100,29.049555,27.905669,-4689.9326,27
20260816_125007_bb495b,2026-05-06,601998.SH,7100,7100,16.738018,17.107321,2622.0513,27
20260816_125007_bb495b,2026-05-06,600015.SH,2600,2600,46.316557,41.738124,-11903.9258,20
20260816_125007_bb495b,2026-05-06,605319.SH,3000,3000,39.382668,39.75114,1105.416,19
20260816_125007_bb495b,2026-05-06,601598.SH,13500,13500,8.753445,8.166988,-7917.1695,18
20260816_125007_bb495b,2026-05-06,300050.SZ,2000,2000,57.847643,60.19314,4690.994,17
20260816_125007_bb495b,2026-05-06,601077.SH,10600,10600,10.688642,10.558944,-1374.7988,14
20260816_125007_bb495b,2026-05-06,600901.SH,7800,7800,15.009865,13.968051,-8126.1492,7
20260816_125007_bb495b,2026-05-06,601838.SH,4300,4300,26.230602,27.204912,4189.533,4
20260816_125007_bb495b,2026-05-06,600461.SH,1900,1900,59.841726,57.694158,-4080.3792,4
20260816_125007_bb495b,2026-05-07,600025.SH,10100,10100,12.208084,11.860308,-3512.5376,42
20260816_125007_bb495b,2026-05-07,603288.SH,300,300,341.187036,340.146225,-312.2433,33
20260816_125007_bb495b,2026-05-07,600548.SH,4100,4100,29.049555,27.782601,-5194.5114,28
20260816_125007_bb495b,2026-05-07,601998.SH,7100,7100,16.738018,17.004636,1892.9878,28
20260816_125007_bb495b,2026-05-07,600015.SH,2600,2600,46.316557,41.18079,-13352.9942,21
20260816_125007_bb495b,2026-05-07,605319.SH,3000,3000,39.382668,40.079292,2089.872,20
20260816_125007_bb495b,2026-05-07,601598.SH,13500,13500,8.753445,8.2218,-7177.2075,19
20260816_125007_bb495b,2026-05-07,300050.SZ,2000,2000,57.847643,60.60999,5524.694,18
20260816_125007_bb495b,2026-05-07,601077.SH,10600,10600,10.688642,10.5444,-1528.9652,15
20260816_125007_bb495b,2026-05-07,600901.SH,7800,7800,15.009865,14.051567,-7474.7244,8
20260816_125007_bb495b,2026-05-07,601838.SH,4300,4300,26.230602,26.850312,2664.753,5
20260816_125007_bb495b,2026-05-07,600461.SH,1900,1900,59.841726,58.15479,-3205.1784,5
20260816_125007_bb495b,2026-05-08,600025.SH,10100,10100,12.208084,11.811044,-4010.104,43
20260816_125007_bb495b,2026-05-08,603288.SH,300,300,341.187036,335.31585,-1761.3558,34
20260816_125007_bb495b,2026-05-08,600548.SH,4100,4100,29.049555,27.782601,-5194.5114,29
20260816_125007_bb495b,2026-05-08,601998.SH,7100,7100,16.738018,16.963562,1601.3624,29
20260816_125007_bb495b,2026-05-08,600015.SH,2600,2600,46.316557,41.242716,-13191.9866,22
20260816_125007_bb495b,2026-05-08,605319.SH,3000,3000,39.382668,40.57152,3566.556,21
20260816_125007_bb495b,2026-05-08,601598.SH,13500,13500,8.753445,8.331424,-5697.2835,20
20260816_125007_bb495b,2026-05-08,300050.SZ,2000,2000,57.847643,62.36076,9026.234,19
20260816_125007_bb495b,2026-05-08,601077.SH,10600,10600,10.688642,10.384416,-3224.7956,16
20260816_125007_bb495b,2026-05-08,600901.SH,7800,7800,15.009865,14.072446,-7311.8682,9
20260816_125007_bb495b,2026-05-08,601838.SH,4300,4300,26.230602,26.765208,2298.8058,6
20260816_125007_bb495b,2026-05-08,600461.SH,1900,1900,59.841726,58.385106,-2767.578,6
20260816_125007_bb495b,2026-05-11,600025.SH,10100,10100,12.208084,11.835676,-3761.3208,44
20260816_125007_bb495b,2026-05-11,603288.SH,300,300,341.187036,335.052375,-1840.3983,35
20260816_125007_bb495b,2026-05-11,600548.SH,4100,4100,29.049555,27.936436,-4563.7879,30
20260816_125007_bb495b,2026-05-11,601998.SH,7100,7100,16.738018,16.963562,1601.3624,30
20260816_125007_bb495b,2026-05-11,600015.SH,2600,2600,46.316557,41.118864,-13514.0018,23
20260816_125007_bb495b,2026-05-11,605319.SH,3000,3000,39.382668,39.721308,1015.92,22
20260816_125007_bb495b,2026-05-11,601598.SH,13500,13500,8.753445,8.290315,-6252.255,21
20260816_125007_bb495b,2026-05-11,300050.SZ,2000,2000,57.847643,64.36164,13027.994,20
20260816_125007_bb495b,2026-05-11,601077.SH,10600,10600,10.688642,10.224432,-4920.626,17
20260816_125007_bb495b,2026-05-11,600901.SH,7800,7800,15.009865,13.821898,-9266.1426,10
20260816_125007_bb495b,2026-05-11,601838.SH,4300,4300,26.230602,27.006336,3335.6562,7
20260816_125007_bb495b,2026-05-11,600461.SH,1900,1900,59.841726,59.363949,-907.7763,7
20260816_125007_bb495b,2026-05-12,600025.SH,10100,10100,12.208084,11.847992,-3636.9292,45
20260816_125007_bb495b,2026-05-12,603288.SH,300,300,341.187036,332.3298,-2657.1708,36
20260816_125007_bb495b,2026-05-12,600548.SH,4100,4100,29.049555,27.844135,-4942.222,31
20260816_125007_bb495b,2026-05-12,601998.SH,7100,7100,16.738018,16.943025,1455.5497,31
20260816_125007_bb495b,2026-05-12,600015.SH,2600,2600,46.316557,40.747308,-14480.0474,24
20260816_125007_bb495b,2026-05-12,605319.SH,3000,3000,39.382668,38.587692,-2384.928,23
20260816_125007_bb495b,2026-05-12,601598.SH,13500,13500,8.753445,8.386236,-4957.3215,22
20260816_125007_bb495b,2026-05-12,300050.SZ,2000,2000,57.847643,64.69512,13694.954,21
20260816_125007_bb495b,2026-05-12,601077.SH,10600,10600,10.688642,10.006272,-7233.122,18
20260816_125007_bb495b,2026-05-12,600901.SH,7800,7800,15.009865,13.759261,-9754.7112,11
20260816_125007_bb495b,2026-05-12,601838.SH,4300,4300,26.230602,26.87868,2786.7354,8
20260816_125007_bb495b,2026-05-12,600461.SH,1900,1900,59.841726,59.997318,295.6248,8
20260816_125007_bb495b,2026-05-13,600025.SH,10100,10100,12.208084,11.860308,-3512.5376,46
20260816_125007_bb495b,2026-05-13,603288.SH,300,300,341.187036,331.45155,-2920.6458,37
20260816_125007_bb495b,2026-05-13,600548.SH,4100,4100,29.049555,27.905669,-4689.9326,32
20260816_125007_bb495b,2026-05-13,601998.SH,7100,7100,16.738018,16.922488,1309.737,32
20260816_125007_bb495b,2026-05-13,605319.SH,3000,3000,39.382668,39.258912,-371.268,24
20260816_125007_bb495b,2026-05-13,601598.SH,13500,13500,8.753445,8.482157,-3662.388,23
20260816_125007_bb495b,2026-05-13,300050.SZ,2000,2000,57.847643,64.69512,13694.954,22
20260816_125007_bb495b,2026-05-13,601077.SH,10600,10600,10.688642,9.991728,-7387.2884,19
20260816_125007_bb495b,2026-05-13,600901.SH,7800,7800,15.009865,14.135083,-6823.2996,12
20260816_125007_bb495b,2026-05-13,601838.SH,4300,4300,26.230602,26.850312,2664.753,9
20260816_125007_bb495b,2026-05-13,600461.SH,1900,1900,59.841726,59.88216,76.8246,9
20260816_125007_bb495b,2026-05-14,600025.SH,10100,10100,12.208084,11.786412,-4258.8872,47
20260816_125007_bb495b,2026-05-14,603288.SH,300,300,341.187036,328.026375,-3948.1983,38
20260816_125007_bb495b,2026-05-14,600548.SH,4100,4100,29.049555,27.844135,-4942.222,33
20260816_125007_bb495b,2026-05-14,601998.SH,7100,7100,16.738018,16.717118,-148.39,33
20260816_125007_bb495b,2026-05-14,605319.SH,3000,3000,39.382668,38.48328,-2698.164,25
20260816_125007_bb495b,2026-05-14,601598.SH,13500,13500,8.753445,8.427345,-4402.35,24
20260816_125007_bb495b,2026-05-14,300050.SZ,2000,2000,57.847643,66.19578,16696.274,23
20260816_125007_bb495b,2026-05-14,601077.SH,10600,10600,10.688642,10.10808,-6153.9572,20
20260816_125007_bb495b,2026-05-14,600901.SH,7800,7800,15.009865,14.072446,-7311.8682,13
20260816_125007_bb495b,2026-05-14,601838.SH,4300,4300,26.230602,26.595,1566.9114,10
20260816_125007_bb495b,2026-05-14,600461.SH,1900,1900,59.841726,59.594265,-470.1759,10
20260816_125007_bb495b,2026-05-14,000429.SZ,1600,0,64.771115,63.66573,-1768.616,1
20260816_125007_bb495b,2026-05-15,600025.SH,10100,10100,12.208084,11.712516,-5005.2368,48
20260816_125007_bb495b,2026-05-15,603288.SH,300,300,341.187036,323.283825,-5370.9633,39
20260816_125007_bb495b,2026-05-15,600548.SH,4100,4100,29.049555,27.567232,-6077.5243,34
20260816_125007_bb495b,2026-05-15,601998.SH,7100,7100,16.738018,16.63497,-731.6408,34
20260816_125007_bb495b,2026-05-15,605319.SH,3000,3000,39.382668,39.094836,-863.496,26
20260816_125007_bb495b,2026-05-15,601598.SH,13500,13500,8.753445,8.317721,-5882.274,25
20260816_125007_bb495b,2026-05-15,300050.SZ,2000,2000,57.847643,64.11153,12527.774,24
20260816_125007_bb495b,2026-05-15,601077.SH,10600,10600,10.688642,10.03536,-6924.7892,21
20260816_125007_bb495b,2026-05-15,600901.SH,7800,7800,15.009865,13.863656,-8940.4302,14
20260816_125007_bb495b,2026-05-15,601838.SH,4300,4300,26.230602,26.552448,1383.9378,11
20260816_125007_bb495b,2026-05-15,600461.SH,1900,1900,59.841726,59.421528,-798.3762,11
20260816_125007_bb495b,2026-05-15,000429.SZ,1600,1600,64.771115,64.056018,-1144.1552,2
20260816_125007_bb495b,2026-05-18,600025.SH,10100,10100,12.208084,11.737148,-4756.4536,49
20260816_125007_bb495b,2026-05-18,603288.SH,300,300,341.187036,319.50735,-6503.9058,40
20260816_125007_bb495b,2026-05-18,600548.SH,4100,4100,29.049555,27.259562,-7338.9713,35
20260816_125007_bb495b,2026-05-18,601998.SH,7100,7100,16.738018,16.244767,-3502.0821,35
20260816_125007_bb495b,2026-05-18,605319.SH,3000,3000,39.382668,40.661016,3835.044,27
20260816_125007_bb495b,2026-05-18,601598.SH,13500,13500,8.753445,8.057364,-9397.0935,26
20260816_125007_bb495b,2026-05-18,300050.SZ,2000,2000,57.847643,66.86274,18030.194,25
20260816_125007_bb495b,2026-05-18,601077.SH,10600,10600,10.688642,9.977184,-7541.4548,22
20260816_125007_bb495b,2026-05-18,600901.SH,7800,7800,15.009865,13.529592,-11546.1294,15
20260816_125007_bb495b,2026-05-18,601838.SH,4300,4300,26.230602,26.084376,-628.7718,12
20260816_125007_bb495b,2026-05-18,600461.SH,1900,1900,59.841726,59.30637,-1017.1764,12
20260816_125007_bb495b,2026-05-18,000429.SZ,1600,1600,64.771115,63.226656,-2471.1344,3
20260816_125007_bb495b,2026-05-19,600025.SH,10100,10100,12.208084,12.19284,-153.9644,50
20260816_125007_bb495b,2026-05-19,603288.SH,300,300,341.187036,317.838675,-7004.5083,41
20260816_125007_bb495b,2026-05-19,600548.SH,4100,4100,29.049555,27.567232,-6077.5243,36
20260816_125007_bb495b,2026-05-19,601998.SH,7100,7100,16.738018,16.22423,-3647.8948,36
20260816_125007_bb495b,2026-05-19,605319.SH,3000,3000,39.382668,39.97488,1776.636,28
20260816_125007_bb495b,2026-05-19,601598.SH,13500,13500,8.753445,8.35883,-5327.3025,27
20260816_125007_bb495b,2026-05-19,300050.SZ,2000,2000,57.847643,67.36296,19030.634,26
20260816_125007_bb495b,2026-05-19,601077.SH,10600,10600,10.688642,10.03536,-6924.7892,23
20260816_125007_bb495b,2026-05-19,600901.SH,7800,7800,15.009865,13.592229,-11057.5608,16
20260816_125007_bb495b,2026-05-19,601838.SH,4300,4300,26.230602,26.580816,1505.9202,13
20260816_125007_bb495b,2026-05-19,600461.SH,1900,1900,59.841726,59.997318,295.6248,13
20260816_125007_bb495b,2026-05-19,000429.SZ,1600,1600,64.771115,63.275442,-2393.0768,4
20260816_125007_bb495b,2026-05-20,600025.SH,10100,10100,12.208084,11.63862,-5751.5864,51
20260816_125007_bb495b,2026-05-20,603288.SH,300,300,341.187036,315.1161,-7821.2808,42
20260816_125007_bb495b,2026-05-20,600548.SH,4100,4100,29.049555,27.228795,-7465.116,37
20260816_125007_bb495b,2026-05-20,601998.SH,7100,7100,16.738018,16.142082,-4231.1456,37
20260816_125007_bb495b,2026-05-20,605319.SH,3000,3000,39.382668,39.199248,-550.26,29
20260816_125007_bb495b,2026-05-20,601598.SH,13500,13500,8.753445,8.605484,-1997.4735,28
20260816_125007_bb495b,2026-05-20,300050.SZ,2000,2000,57.847643,65.27871,14862.134,27
20260816_125007_bb495b,2026-05-20,601077.SH,10600,10600,10.688642,10.006272,-7233.122,24
20260816_125007_bb495b,2026-05-20,600901.SH,7800,7800,15.009865,13.717503,-10080.4236,17
20260816_125007_bb495b,2026-05-20,601838.SH,4300,4300,26.230602,26.495712,1139.973,14
20260816_125007_bb495b,2026-05-20,600461.SH,1900,1900,59.841726,60.573108,1389.6258,14
20260816_125007_bb495b,2026-05-20,000429.SZ,1600,1600,64.771115,64.543878,-363.5792,5
20260816_125007_bb495b,2026-05-21,600025.SH,10100,10100,12.208084,11.490828,-7244.2856,52
20260816_125007_bb495b,2026-05-21,603288.SH,300,300,341.187036,310.37355,-9244.0458,43
20260816_125007_bb495b,2026-05-21,600548.SH,4100,4100,29.049555,27.136494,-7843.5501,38
20260816_125007_bb495b,2026-05-21,601998.SH,7100,7100,16.738018,16.183156,-3939.5202,38
20260816_125007_bb495b,2026-05-21,605319.SH,3000,3000,39.382668,37.707648,-5025.06,30
20260816_125007_bb495b,2026-05-21,601598.SH,13500,13500,8.753445,8.441048,-4217.3595,29
20260816_125007_bb495b,2026-05-21,300050.SZ,2000,2000,57.847643,59.02596,2356.634,28
20260816_125007_bb495b,2026-05-21,601077.SH,10600,10600,10.688642,9.919008,-8158.1204,25
20260816_125007_bb495b,2026-05-21,600901.SH,7800,7800,15.009865,13.36256,-12848.979,18
20260816_125007_bb495b,2026-05-21,601838.SH,4300,4300,26.230602,26.595,1566.9114,15
20260816_125007_bb495b,2026-05-21,600461.SH,1900,1900,59.841726,58.960896,-1673.577,15
20260816_125007_bb495b,2026-05-21,000429.SZ,1600,1600,64.771115,64.592664,-285.5216,6
20260816_125007_bb495b,2026-05-22,600025.SH,10100,10100,12.208084,11.367668,-8488.2016,53
20260816_125007_bb495b,2026-05-22,603288.SH,300,300,341.187036,309.934425,-9375.7833,44
20260816_125007_bb495b,2026-05-22,600548.SH,4100,4100,29.049555,27.044193,-8221.9842,39
20260816_125007_bb495b,2026-05-22,601998.SH,7100,7100,16.738018,15.916175,-5835.0853,39
20260816_125007_bb495b,2026-05-22,605319.SH,3000,3000,39.382668,38.4087,-2921.904,31
20260816_125007_bb495b,2026-05-22,601598.SH,13500,13500,8.753445,8.564375,-2552.445,30
20260816_125007_bb495b,2026-05-22,300050.SZ,2000,2000,57.847643,61.27695,6858.614,29
20260816_125007_bb495b,2026-05-22,601077.SH,10600,10600,10.688642,9.933552,-8003.954,26
20260816_125007_bb495b,2026-05-22,600901.SH,7800,7800,15.009865,13.174649,-14314.6848,19
20260816_125007_bb495b,2026-05-22,601838.SH,4300,4300,26.230602,26.297136,286.0962,16
20260816_125007_bb495b,2026-05-22,600461.SH,1900,1900,59.841726,59.88216,76.8246,16
20260816_125007_bb495b,2026-05-22,000429.SZ,1600,1600,64.771115,64.836594,104.7664,7
20260816_125007_bb495b,2026-05-25,600025.SH,10100,10100,12.208084,11.478512,-7368.6772,54
20260816_125007_bb495b,2026-05-25,603288.SH,300,300,341.187036,313.096125,-8427.2733,45
20260816_125007_bb495b,2026-05-25,600548.SH,4100,4100,29.049555,27.167261,-7717.4054,40
20260816_125007_bb495b,2026-05-25,601998.SH,7100,7100,16.738018,15.772416,-6855.7742,40
20260816_125007_bb495b,2026-05-25,605319.SH,3000,3000,39.382668,37.454076,-5785.776,32
20260816_125007_bb495b,2026-05-25,601598.SH,13500,13500,8.753445,8.742514,-147.5685,31
20260816_125007_bb495b,2026-05-25,300050.SZ,2000,2000,57.847643,62.61087,9526.454,30
20260816_125007_bb495b,2026-05-25,601077.SH,10600,10600,10.688642,9.88992,-8466.4532,27
20260816_125007_bb495b,2026-05-25,601838.SH,4300,4300,26.230602,26.013456,-933.7278,17
20260816_125007_bb495b,2026-05-25,600461.SH,1900,1900,59.841726,59.191212,-1235.9766,17
20260816_125007_bb495b,2026-05-25,000429.SZ,1600,1600,64.771115,66.007458,1978.1488,8
20260816_125007_bb495b,2026-05-26,600025.SH,10100,10100,12.208084,11.7002,-5129.6284,55
20260816_125007_bb495b,2026-05-26,603288.SH,300,300,341.187036,312.920475,-8479.9683,46
20260816_125007_bb495b,2026-05-26,600548.SH,4100,4100,29.049555,27.228795,-7465.116,41
20260816_125007_bb495b,2026-05-26,601998.SH,7100,7100,16.738018,15.60812,-8022.2758,41
20260816_125007_bb495b,2026-05-26,605319.SH,3000,3000,39.382668,36.574032,-8425.908,33
20260816_125007_bb495b,2026-05-26,601598.SH,13500,13500,8.753445,8.756217,37.422,32
20260816_125007_bb495b,2026-05-26,300050.SZ,2000,2000,57.847643,58.359,1022.714,31
20260816_125007_bb495b,2026-05-26,601077.SH,10600,10600,10.688642,9.88992,-8466.4532,28
20260816_125007_bb495b,2026-05-26,601838.SH,4300,4300,26.230602,26.183664,-201.8334,18
20260816_125007_bb495b,2026-05-26,600461.SH,1900,1900,59.841726,60.054897,405.0249,18
20260816_125007_bb495b,2026-05-26,000429.SZ,1600,1600,64.771115,66.300174,2446.4944,9
20260816_125007_bb495b,2026-05-26,601939.SH,4200,0,25.229668,25.696644,1961.2992,1
20260816_125007_bb495b,2026-05-27,600025.SH,10100,10100,12.208084,11.847992,-3636.9292,56
20260816_125007_bb495b,2026-05-27,603288.SH,300,300,341.187036,314.852625,-7900.3233,47
20260816_125007_bb495b,2026-05-27,600548.SH,4100,4100,29.049555,27.321096,-7086.6819,42
20260816_125007_bb495b,2026-05-27,601998.SH,7100,7100,16.738018,15.361676,-9772.0282,42
20260816_125007_bb495b,2026-05-27,605319.SH,3000,3000,39.382668,36.514368,-8604.9,34
20260816_125007_bb495b,2026-05-27,601598.SH,13500,13500,8.753445,8.317721,-5882.274,33
20260816_125007_bb495b,2026-05-27,300050.SZ,2000,2000,57.847643,56.19138,-3312.526,32
20260816_125007_bb495b,2026-05-27,601077.SH,10600,10600,10.688642,9.642672,-11087.282,29
20260816_125007_bb495b,2026-05-27,601838.SH,4300,4300,26.230602,26.070192,-689.763,19
20260816_125007_bb495b,2026-05-27,600461.SH,1900,1900,59.841726,58.903317,-1782.9771,19
20260816_125007_bb495b,2026-05-27,000429.SZ,1600,1600,64.771115,66.59289,2914.84,10
20260816_125007_bb495b,2026-05-27,601939.SH,4200,4200,25.229668,25.472328,1019.172,2
20260816_125007_bb495b,2026-05-28,600025.SH,10100,10100,12.208084,11.847992,-3636.9292,57
20260816_125007_bb495b,2026-05-28,603288.SH,300,300,341.187036,309.934425,-9375.7833,48
20260816_125007_bb495b,2026-05-28,600548.SH,4100,4100,29.049555,26.921125,-8726.563,43
20260816_125007_bb495b,2026-05-28,601998.SH,7100,7100,16.738018,15.135769,-11375.9679,43
20260816_125007_bb495b,2026-05-28,605319.SH,3000,3000,39.382668,36.574032,-8425.908,35
20260816_125007_bb495b,2026-05-28,601598.SH,13500,13500,8.753445,8.2218,-7177.2075,34
20260816_125007_bb495b,2026-05-28,300050.SZ,2000,2000,57.847643,61.52706,7358.834,33
20260816_125007_bb495b,2026-05-28,601077.SH,10600,10600,10.688642,9.628128,-11241.4484,30
20260816_125007_bb495b,2026-05-28,601838.SH,4300,4300,26.230602,26.141112,-384.807,20
20260816_125007_bb495b,2026-05-28,600461.SH,1900,1900,59.841726,58.845738,-1892.3772,20
20260816_125007_bb495b,2026-05-28,000429.SZ,1600,1600,64.771115,66.83682,3305.128,11
20260816_125007_bb495b,2026-05-28,601939.SH,4200,4200,25.229668,25.148316,-341.6784,3
20260816_125007_bb495b,2026-05-29,600025.SH,10100,10100,12.208084,12.19284,-153.9644,58
20260816_125007_bb495b,2026-05-29,603288.SH,300,300,341.187036,315.4674,-7715.8908,49
20260816_125007_bb495b,2026-05-29,600548.SH,4100,4100,29.049555,27.444164,-6582.1031,44
20260816_125007_bb495b,2026-05-29,601998.SH,7100,7100,16.738018,15.238454,-10646.9044,44
20260816_125007_bb495b,2026-05-29,605319.SH,3000,3000,39.382668,36.037056,-10036.836,36
20260816_125007_bb495b,2026-05-29,601598.SH,13500,13500,8.753445,8.317721,-5882.274,35
20260816_125007_bb495b,2026-05-29,300050.SZ,2000,2000,57.847643,59.77629,3857.294,34
20260816_125007_bb495b,2026-05-29,601077.SH,10600,10600,10.688642,9.657216,-10933.1156,31
20260816_125007_bb495b,2026-05-29,601838.SH,4300,4300,26.230602,26.38224,652.0434,21
20260816_125007_bb495b,2026-05-29,600461.SH,1900,1900,59.841726,60.400371,1061.4255,21
20260816_125007_bb495b,2026-05-29,000429.SZ,1600,1600,64.771115,68.349186,5724.9136,12
20260816_125007_bb495b,2026-05-29,601939.SH,4200,4200,25.229668,24.824304,-1702.5288,4
20260816_125007_bb495b,2026-06-01,600025.SH,10100,10100,12.208084,12.43916,2333.8676,59
20260816_125007_bb495b,2026-06-01,603288.SH,300,300,341.187036,313.623075,-8269.1883,50
20260816_125007_bb495b,2026-06-01,600548.SH,4100,4100,29.049555,27.782601,-5194.5114,45
20260816_125007_bb495b,2026-06-01,601998.SH,7100,7100,16.738018,15.258991,-10501.0917,45
20260816_125007_bb495b,2026-06-01,605319.SH,3000,3000,39.382668,37.096092,-6859.728,37
20260816_125007_bb495b,2026-06-01,601598.SH,13500,13500,8.753445,8.372533,-5142.312,36
20260816_125007_bb495b,2026-06-01,300050.SZ,2000,2000,57.847643,60.10977,4524.254,35
20260816_125007_bb495b,2026-06-01,601077.SH,10600,10600,10.688642,9.715392,-10316.45,32
20260816_125007_bb495b,2026-06-01,601838.SH,4300,4300,26.230602,26.87868,2786.7354,22
20260816_125007_bb495b,2026-06-01,600461.SH,1900,1900,59.841726,59.363949,-907.7763,22
20260816_125007_bb495b,2026-06-01,000429.SZ,1600,1600,64.771115,69.080976,6895.7776,13
20260816_125007_bb495b,2026-06-01,601939.SH,4200,4200,25.229668,25.123392,-446.3592,5
20260816_125007_bb495b,2026-06-02,600025.SH,10100,10100,12.208084,12.537688,3329.0004,60
20260816_125007_bb495b,2026-06-02,603288.SH,300,300,341.187036,304.5771,-10982.9808,51
20260816_125007_bb495b,2026-06-02,600548.SH,4100,4100,29.049555,27.628766,-5825.2349,46
20260816_125007_bb495b,2026-06-02,601998.SH,7100,7100,16.738018,15.423287,-9334.5901,46
20260816_125007_bb495b,2026-06-02,605319.SH,3000,3000,39.382668,37.096092,-6859.728,38
20260816_125007_bb495b,2026-06-02,601598.SH,13500,13500,8.753445,8.468454,-3847.3785,37
20260816_125007_bb495b,2026-06-02,300050.SZ,2000,2000,57.847643,61.02684,6358.394,36
20260816_125007_bb495b,2026-06-02,601077.SH,10600,10600,10.688642,9.860832,-8774.786,33
20260816_125007_bb495b,2026-06-02,601838.SH,4300,4300,26.230602,27.389304,4982.4186,23
20260816_125007_bb495b,2026-06-02,600461.SH,1900,1900,59.841726,57.809316,-3861.579,23
20260816_125007_bb495b,2026-06-02,000429.SZ,1600,1600,64.771115,68.641902,6193.2592,14
20260816_125007_bb495b,2026-06-02,601939.SH,4200,4200,25.229668,25.372632,600.4488,6
20260816_125007_bb495b,2026-06-03,603288.SH,300,300,341.187036,302.118,-11720.7108,52
20260816_125007_bb495b,2026-06-03,600548.SH,4100,4100,29.049555,27.321096,-7086.6819,47
20260816_125007_bb495b,2026-06-03,601998.SH,7100,7100,16.738018,15.300065,-10209.4663,47
20260816_125007_bb495b,2026-06-03,605319.SH,3000,3000,39.382668,39.795888,1239.66,39
20260816_125007_bb495b,2026-06-03,601598.SH,13500,13500,8.753445,8.290315,-6252.255,38
20260816_125007_bb495b,2026-06-03,300050.SZ,2000,2000,57.847643,60.0264,4357.514,37
20260816_125007_bb495b,2026-06-03,601077.SH,10600,10600,10.688642,9.759024,-9853.9508,34
20260816_125007_bb495b,2026-06-03,601838.SH,4300,4300,26.230602,27.360936,4860.4362,24
20260816_125007_bb495b,2026-06-03,600461.SH,1900,1900,59.841726,57.175947,-5064.9801,24
20260816_125007_bb495b,2026-06-03,000429.SZ,1600,1600,64.771115,67.32468,4085.704,15
20260816_125007_bb495b,2026-06-03,601939.SH,4200,4200,25.229668,25.073544,-655.7208,7
20260816_125007_bb495b,2026-06-04,603288.SH,300,300,341.187036,296.8485,-13301.5608,53
20260816_125007_bb495b,2026-06-04,600548.SH,4100,4100,29.049555,26.982659,-8474.2736,48
20260816_125007_bb495b,2026-06-04,601998.SH,7100,7100,16.738018,15.053621,-11959.2187,48
20260816_125007_bb495b,2026-06-04,605319.SH,3000,3000,39.382668,40.72068,4014.036,40
20260816_125007_bb495b,2026-06-04,601598.SH,13500,13500,8.753445,8.153285,-8102.16,39
20260816_125007_bb495b,2026-06-04,300050.SZ,2000,2000,57.847643,59.02596,2356.634,38
20260816_125007_bb495b,2026-06-04,601077.SH,10600,10600,10.688642,9.555408,-12012.2804,35
20260816_125007_bb495b,2026-06-04,601838.SH,4300,4300,26.230602,26.708472,2054.841,25
20260816_125007_bb495b,2026-06-04,600461.SH,1900,1900,59.841726,55.794051,-7690.5825,25
20260816_125007_bb495b,2026-06-04,000429.SZ,1600,1600,64.771115,67.56861,4475.992,16
20260816_125007_bb495b,2026-06-04,601939.SH,4200,4200,25.229668,24.998772,-969.7632,8
20260816_125007_bb495b,2026-06-04,003013.SZ,6200,0,17.682029,17.82165,865.6502,1
20260816_125007_bb495b,2026-06-05,600548.SH,4100,4100,29.049555,26.982659,-8474.2736,49
20260816_125007_bb495b,2026-06-05,601998.SH,7100,7100,16.738018,15.135769,-11375.9679,49
20260816_125007_bb495b,2026-06-05,605319.SH,3000,3000,39.382668,41.287488,5714.46,41
20260816_125007_bb495b,2026-06-05,601598.SH,13500,13500,8.753445,8.276612,-6437.2455,40
20260816_125007_bb495b,2026-06-05,300050.SZ,2000,2000,57.847643,59.77629,3857.294,39
20260816_125007_bb495b,2026-06-05,601077.SH,10600,10600,10.688642,9.642672,-11087.282,36
20260816_125007_bb495b,2026-06-05,601838.SH,4300,4300,26.230602,27.006336,3335.6562,26
20260816_125007_bb495b,2026-06-05,600461.SH,1900,1900,59.841726,55.506156,-8237.583,26
20260816_125007_bb495b,2026-06-05,000429.SZ,1600,1600,64.771115,67.227108,3929.5888,17
20260816_125007_bb495b,2026-06-05,601939.SH,4200,4200,25.229668,25.472328,1019.172,9
20260816_125007_bb495b,2026-06-05,003013.SZ,6200,6200,17.682029,17.9256,1510.1402,2
20260816_125007_bb495b,2026-06-08,600548.SH,4100,4100,29.049555,26.644222,-9861.8653,50
20260816_125007_bb495b,2026-06-08,601998.SH,7100,7100,16.738018,15.792953,-6709.9615,50
20260816_125007_bb495b,2026-06-08,605319.SH,3000,3000,39.382668,42.06312,8041.356,42
20260816_125007_bb495b,2026-06-08,601598.SH,13500,13500,8.753445,8.112176,-8657.1315,41
20260816_125007_bb495b,2026-06-08,300050.SZ,2000,2000,57.847643,59.69292,3690.554,40
20260816_125007_bb495b,2026-06-08,601077.SH,10600,10600,10.688642,9.773568,-9699.7844,37
20260816_125007_bb495b,2026-06-08,601838.SH,4300,4300,26.230602,26.907048,2908.7178,27
20260816_125007_bb495b,2026-06-08,600461.SH,1900,1900,59.841726,54.584892,-9987.9846,27
20260816_125007_bb495b,2026-06-08,000429.SZ,1600,1600,64.771115,67.617396,4554.0496,18
20260816_125007_bb495b,2026-06-08,601939.SH,4200,4200,25.229668,25.746492,2170.6608,10
20260816_125007_bb495b,2026-06-08,003013.SZ,6200,6200,17.682029,18.1566,2942.3402,3
20260816_125007_bb495b,2026-06-08,601518.SH,19600,0,5.467624,5.236143,-4537.0276,1
20260816_125007_bb495b,2026-06-09,600548.SH,4100,4100,29.049555,26.674989,-9735.7206,51
20260816_125007_bb495b,2026-06-09,601998.SH,7100,7100,16.738018,15.710805,-7293.2123,51
20260816_125007_bb495b,2026-06-09,605319.SH,3000,3000,39.382668,41.7648,7146.396,43
20260816_125007_bb495b,2026-06-09,601598.SH,13500,13500,8.753445,8.08477,-9027.1125,42
20260816_125007_bb495b,2026-06-09,300050.SZ,2000,2000,57.847643,58.10889,522.494,41
20260816_125007_bb495b,2026-06-09,601077.SH,10600,10600,10.688642,10.093536,-6308.1236,38
20260816_125007_bb495b,2026-06-09,601838.SH,4300,4300,26.230602,27.360936,4860.4362,28
20260816_125007_bb495b,2026-06-09,600461.SH,1900,1900,59.841726,54.872787,-9440.9841,28
20260816_125007_bb495b,2026-06-09,000429.SZ,1600,1600,64.771115,68.690688,6271.3168,19
20260816_125007_bb495b,2026-06-09,601939.SH,4200,4200,25.229668,25.821264,2484.7032,11
20260816_125007_bb495b,2026-06-09,003013.SZ,6200,6200,17.682029,18.1104,2655.9002,4
20260816_125007_bb495b,2026-06-09,601518.SH,19600,19600,5.467624,5.218862,-4875.7352,2
20260816_125007_bb495b,2026-06-10,600548.SH,4100,4100,29.049555,26.828824,-9104.9971,52
20260816_125007_bb495b,2026-06-10,601998.SH,7100,7100,16.738018,16.19514,-3854.4338,52
20260816_125007_bb495b,2026-06-10,605319.SH,3000,3000,39.382668,40.4845,3305.496,44
20260816_125007_bb495b,2026-06-10,601598.SH,13500,13500,8.753445,8.002552,-10137.0555,43
20260816_125007_bb495b,2026-06-10,300050.SZ,2000,2000,57.847643,54.27387,-7147.546,42
20260816_125007_bb495b,2026-06-10,601077.SH,10600,10600,10.688642,10.238976,-4766.4596,39
20260816_125007_bb495b,2026-06-10,601838.SH,4300,4300,26.230602,28.08432,7970.9874,29
20260816_125007_bb495b,2026-06-10,600461.SH,1900,1900,59.841726,54.584892,-9987.9846,29
20260816_125007_bb495b,2026-06-10,000429.SZ,1600,1600,64.771115,68.154042,5412.6832,20
20260816_125007_bb495b,2026-06-10,601939.SH,4200,4200,25.229668,26.145276,3845.5536,12
20260816_125007_bb495b,2026-06-10,003013.SZ,6200,6200,17.682029,17.72925,292.7702,5
20260816_125007_bb495b,2026-06-10,601518.SH,19600,19600,5.467624,5.218862,-4875.7352,3
20260816_125007_bb495b,2026-06-11,600548.SH,4100,4100,29.049555,26.244251,-11501.7464,53
20260816_125007_bb495b,2026-06-11,601998.SH,7100,7100,16.738018,16.08984,-4602.0638,53
20260816_125007_bb495b,2026-06-11,605319.SH,3000,3000,39.382668,38.5882,-2383.404,45
20260816_125007_bb495b,2026-06-11,601598.SH,13500,13500,8.753445,7.838116,-12356.9415,44
20260816_125007_bb495b,2026-06-11,300050.SZ,2000,2000,57.847643,52.02288,-11649.526,43
20260816_125007_bb495b,2026-06-11,601077.SH,10600,10600,10.688642,10.122624,-5999.7908,40
20260816_125007_bb495b,2026-06-11,601838.SH,4300,4300,26.230602,28.027584,7727.0226,30
20260816_125007_bb495b,2026-06-11,600461.SH,1900,1900,59.841726,53.893944,-11300.7858,30
20260816_125007_bb495b,2026-06-11,000429.SZ,1600,1600,64.771115,64.88538,182.824,21
20260816_125007_bb495b,2026-06-11,601939.SH,4200,4200,25.229668,26.41944,4997.0424,13
20260816_125007_bb495b,2026-06-11,003013.SZ,6200,6200,17.682029,17.33655,-2141.9698,6
20260816_125007_bb495b,2026-06-11,601518.SH,19600,19600,5.467624,5.115176,-6907.9808,4
20260816_125007_bb495b,2026-06-12,600548.SH,4100,4100,29.049555,26.613455,-9988.01,54
20260816_125007_bb495b,2026-06-12,601998.SH,7100,7100,16.738018,16.17408,-4003.9598,54
20260816_125007_bb495b,2026-06-12,605319.SH,3000,3000,39.382668,38.84405,-1615.854,46
20260816_125007_bb495b,2026-06-12,601598.SH,13500,13500,8.753445,7.865522,-11986.9605,45
20260816_125007_bb495b,2026-06-12,300050.SZ,2000,2000,57.847643,52.60647,-10482.346,44
20260816_125007_bb495b,2026-06-12,601077.SH,10600,10600,10.688642,10.1808,-5383.1252,41
20260816_125007_bb495b,2026-06-12,601838.SH,4300,4300,26.230602,28.467288,9617.7498,31
20260816_125007_bb495b,2026-06-12,600461.SH,1900,1900,59.841726,54.584892,-9987.9846,31
20260816_125007_bb495b,2026-06-12,000429.SZ,1600,1600,64.771115,63.519372,-2002.7888,22
20260816_125007_bb495b,2026-06-12,601939.SH,4200,4200,25.229668,26.66868,6043.8504,14
20260816_125007_bb495b,2026-06-12,003013.SZ,6200,6200,17.682029,17.26725,-2571.6298,7
20260816_125007_bb495b,2026-06-12,601518.SH,19600,19600,5.467624,5.167019,-5891.858,5
20260816_125007_bb495b,2026-06-15,600548.SH,4100,4100,29.049555,26.674989,-9735.7206,55
20260816_125007_bb495b,2026-06-15,601998.SH,7100,7100,16.738018,16.06878,-4751.5898,55
20260816_125007_bb495b,2026-06-15,605319.SH,3000,3000,39.382668,39.26545,-351.654,47
20260816_125007_bb495b,2026-06-15,601598.SH,13500,13500,8.753445,7.892928,-11616.9795,46
20260816_125007_bb495b,2026-06-15,300050.SZ,2000,2000,57.847643,52.68984,-10315.606,45
20260816_125007_bb495b,2026-06-15,601077.SH,10600,10600,10.688642,9.846288,-8928.9524,42
20260816_125007_bb495b,2026-06-15,601838.SH,4300,4300,26.230602,28.410552,9373.785,32
20260816_125007_bb495b,2026-06-15,600461.SH,1900,1900,59.841726,54.181839,-10753.7853,32
20260816_125007_bb495b,2026-06-15,000429.SZ,1600,1600,64.771115,63.860874,-1456.3856,23
20260816_125007_bb495b,2026-06-15,601939.SH,4200,4200,25.229668,25.896036,2798.7456,15
20260816_125007_bb495b,2026-06-15,003013.SZ,6200,6200,17.682029,18.2721,3658.4402,8
20260816_125007_bb495b,2026-06-15,601518.SH,19600,19600,5.467624,5.097895,-7246.6884,6
20260816_125007_bb495b,2026-06-16,600548.SH,4100,4100,29.049555,26.45962,-10618.7335,56
20260816_125007_bb495b,2026-06-16,601998.SH,7100,7100,16.738018,15.87924,-6097.3238,56
20260816_125007_bb495b,2026-06-16,605319.SH,3000,3000,39.382668,39.4611,235.296,48
20260816_125007_bb495b,2026-06-16,601598.SH,13500,13500,8.753445,7.701086,-14206.8465,47
20260816_125007_bb495b,2026-06-16,300050.SZ,2000,2000,57.847643,54.69072,-6313.846,46
20260816_125007_bb495b,2026-06-16,601077.SH,10600,10600,10.688642,9.875602,-8618.224,43
20260816_125007_bb495b,2026-06-16,601838.SH,4300,4300,26.230602,27.701352,6324.225,33
20260816_125007_bb495b,2026-06-16,600461.SH,1900,1900,59.841726,53.030259,-12941.7873,33
20260816_125007_bb495b,2026-06-16,000429.SZ,1600,1600,64.771115,64.104804,-1066.0976,24
20260816_125007_bb495b,2026-06-16,601939.SH,4200,4200,25.229668,25.347708,495.768,16
20260816_125007_bb495b,2026-06-16,003013.SZ,6200,6200,17.682029,18.7572,6666.0602,9
20260816_125007_bb495b,2026-06-16,601518.SH,19600,19600,5.467624,5.063333,-7924.1036,7
20260816_125007_bb495b,2026-06-17,600548.SH,4100,4100,29.049555,26.244251,-11501.7464,57
20260816_125007_bb495b,2026-06-17,601998.SH,7100,7100,16.738018,15.92136,-5798.2718,57
20260816_125007_bb495b,2026-06-17,605319.SH,3000,3000,39.382668,38.7086,-2022.204,49
20260816_125007_bb495b,2026-06-17,300050.SZ,2000,2000,57.847643,57.5253,-644.686,47
20260816_125007_bb495b,2026-06-17,601077.SH,10600,10600,10.688642,9.69793,-10501.5472,44
20260816_125007_bb495b,2026-06-17,601838.SH,4300,4300,26.230602,27.275832,4494.489,34
20260816_125007_bb495b,2026-06-17,600461.SH,1900,1900,59.841726,53.836365,-11410.1859,34
20260816_125007_bb495b,2026-06-17,000429.SZ,1600,1600,64.771115,65.275668,807.2848,25
20260816_125007_bb495b,2026-06-17,601939.SH,4200,4200,25.229668,25.248012,77.0448,17
20260816_125007_bb495b,2026-06-17,003013.SZ,6200,6200,17.682029,18.5493,5377.0802,10
20260816_125007_bb495b,2026-06-17,601518.SH,19600,19600,5.467624,5.080614,-7585.396,8
20260816_125007_bb495b,2026-06-18,600548.SH,4100,4100,29.049555,25.475076,-14655.3639,58
20260816_125007_bb495b,2026-06-18,601998.SH,7100,7100,16.738018,15.31062,-10134.5258,58
20260816_125007_bb495b,2026-06-18,605319.SH,3000,3000,39.382668,38.7989,-1751.304,50
20260816_125007_bb495b,2026-06-18,300050.SZ,2000,2000,57.847643,56.19138,-3312.526,48
20260816_125007_bb495b,2026-06-18,601077.SH,10600,10600,10.688642,9.268556,-15052.9116,45
20260816_125007_bb495b,2026-06-18,601838.SH,4300,4300,26.230602,26.467344,1017.9906,35
20260816_125007_bb495b,2026-06-18,600461.SH,1900,1900,59.841726,52.799943,-13379.3877,35
20260816_125007_bb495b,2026-06-18,000429.SZ,1600,1600,64.771115,66.153816,2212.3216,26
20260816_125007_bb495b,2026-06-18,601939.SH,4200,4200,25.229668,24.724608,-2121.252,18
20260816_125007_bb495b,2026-06-18,003013.SZ,6200,6200,17.682029,18.09885,2584.2902,11
20260816_125007_bb495b,2026-06-18,601518.SH,19600,19600,5.467624,4.942366,-10295.0568,9
20260816_125007_bb495b,2026-06-18,600999.SH,2400,0,41.832134,40.877858,-2290.2624,1
20260816_125007_bb495b,2026-06-22,601998.SH,7100,7100,16.738018,15.39486,-9536.4218,59
20260816_125007_bb495b,2026-06-22,605319.SH,3000,3000,39.382668,37.4143,-5905.104,51
20260816_125007_bb495b,2026-06-22,300050.SZ,2000,2000,57.847643,54.85746,-5980.366,49
20260816_125007_bb495b,2026-06-22,601838.SH,4300,4300,26.230602,26.084376,-628.7718,36
20260816_125007_bb495b,2026-06-22,600461.SH,1900,1900,59.841726,52.569627,-13816.9881,36
20260816_125007_bb495b,2026-06-22,000429.SZ,1600,1600,64.771115,66.788034,3227.0704,27
20260816_125007_bb495b,2026-06-22,601939.SH,4200,4200,25.229668,24.774456,-1911.8904,19
20260816_125007_bb495b,2026-06-22,003013.SZ,6200,6200,17.682029,19.6119,11965.2002,12
20260816_125007_bb495b,2026-06-22,601518.SH,19600,19600,5.467624,5.097895,-7246.6884,10
20260816_125007_bb495b,2026-06-22,600999.SH,2400,2400,41.832134,43.231965,3359.5944,2
20260816_125007_bb495b,2026-06-23,601998.SH,7100,7100,16.738018,15.77394,-6844.9538,60
20260816_125007_bb495b,2026-06-23,605319.SH,3000,3000,39.382668,36.2705,-9336.504,52
20260816_125007_bb495b,2026-06-23,300050.SZ,2000,2000,57.847643,54.27387,-7147.546,50
20260816_125007_bb495b,2026-06-23,601838.SH,4300,4300,26.230602,26.566632,1444.929,37
20260816_125007_bb495b,2026-06-23,000429.SZ,1600,1600,64.771115,67.227108,3929.5888,28
20260816_125007_bb495b,2026-06-23,601939.SH,4200,4200,25.229668,25.098468,-551.04,20
20260816_125007_bb495b,2026-06-23,003013.SZ,6200,6200,17.682029,18.8265,7095.7202,13
20260816_125007_bb495b,2026-06-23,601518.SH,19600,19600,5.467624,5.201581,-5214.4428,11
20260816_125007_bb495b,2026-06-23,600999.SH,2400,2400,41.832134,44.22201,5735.7024,3
20260816_125007_bb495b,2026-06-23,600030.SH,500,0,193.832146,191.026896,-1402.625,1
20260816_125007_bb495b,2026-06-24,605319.SH,3000,3000,39.382668,35.65345,-11187.654,53
20260816_125007_bb495b,2026-06-24,300050.SZ,2000,2000,57.847643,51.85614,-11983.006,51
20260816_125007_bb495b,2026-06-24,601838.SH,4300,4300,26.230602,25.502832,-3129.411,38
20260816_125007_bb495b,2026-06-24,000429.SZ,1600,1600,64.771115,66.690462,3070.9552,29
20260816_125007_bb495b,2026-06-24,601939.SH,4200,4200,25.229668,24.724608,-2121.252,21
20260816_125007_bb495b,2026-06-24,003013.SZ,6200,6200,17.682029,19.627258,12060.4198,14
20260816_125007_bb495b,2026-06-24,601518.SH,19600,19600,5.467624,4.994209,-9278.934,12
20260816_125007_bb495b,2026-06-24,600999.SH,2400,2400,41.832134,44.618028,6686.1456,4
20260816_125007_bb495b,2026-06-24,600030.SH,500,500,193.832146,188.126417,-2852.8645,2
20260816_125007_bb495b,2026-06-25,605319.SH,3000,3000,39.382668,35.59325,-11368.254,54
20260816_125007_bb495b,2026-06-25,300050.SZ,2000,2000,57.847643,51.85614,-11983.006,52
20260816_125007_bb495b,2026-06-25,601838.SH,4300,4300,26.230602,25.431912,-3434.367,39
20260816_125007_bb495b,2026-06-25,000429.SZ,1600,1600,64.771115,67.129536,3773.4736,30
20260816_125007_bb495b,2026-06-25,601939.SH,4200,4200,25.229668,24.450444,-3272.7408,22
20260816_125007_bb495b,2026-06-25,003013.SZ,6200,6200,17.682029,17.661,-130.3798,15
20260816_125007_bb495b,2026-06-25,601518.SH,19600,19600,5.467624,4.994209,-9278.934,13
20260816_125007_bb495b,2026-06-25,600999.SH,2400,2400,41.832134,45.696077,9273.4632,5
20260816_125007_bb495b,2026-06-25,600030.SH,500,500,193.832146,195.478794,823.324,3
20260816_125007_bb495b,2026-06-26,605319.SH,3000,3000,39.382668,34.1635,-15657.504,55
20260816_125007_bb495b,2026-06-26,300050.SZ,2000,2000,57.847643,51.43929,-12816.706,53
20260816_125007_bb495b,2026-06-26,601838.SH,4300,4300,26.230602,25.474464,-3251.3934,40
20260816_125007_bb495b,2026-06-26,000429.SZ,1600,1600,64.771115,68.05647,5256.568,31
20260816_125007_bb495b,2026-06-26,601939.SH,4200,4200,25.229668,24.375672,-3586.7832,23
20260816_125007_bb495b,2026-06-26,003013.SZ,6200,6200,17.682029,17.978898,1840.5878,16
20260816_125007_bb495b,2026-06-26,601518.SH,19600,19600,5.467624,4.925085,-10633.7644,14
20260816_125007_bb495b,2026-06-26,600999.SH,2400,2400,41.832134,45.058048,7742.1936,6
20260816_125007_bb495b,2026-06-26,600030.SH,500,500,193.832146,187.114622,-3358.762,4
20260816_125007_bb495b,2026-06-26,601995.SH,2800,0,37.01868,36.601908,-1166.9616,1
20260816_125007_bb495b,2026-06-29,605319.SH,3000,3000,39.382668,34.1635,-15657.504,56
20260816_125007_bb495b,2026-06-29,300050.SZ,2000,2000,57.847643,51.43929,-12816.706,54
20260816_125007_bb495b,2026-06-29,601838.SH,4300,4300,26.230602,25.474464,-3251.3934,41
20260816_125007_bb495b,2026-06-29,000429.SZ,1600,1600,64.771115,68.05647,5256.568,32
20260816_125007_bb495b,2026-06-29,601939.SH,4200,4200,25.229668,24.375672,-3586.7832,24
20260816_125007_bb495b,2026-06-29,003013.SZ,6200,6200,17.682029,17.978898,1840.5878,17
20260816_125007_bb495b,2026-06-29,601518.SH,19600,19600,5.467624,4.925085,-10633.7644,15
20260816_125007_bb495b,2026-06-29,600999.SH,2400,2400,41.832134,45.058048,7742.1936,7
20260816_125007_bb495b,2026-06-29,600030.SH,500,500,193.832146,187.114622,-3358.762,5
20260816_125007_bb495b,2026-06-29,601995.SH,2800,2800,37.01868,36.601908,-1166.9616,2
20260816_125007_bb495b,2026-06-30,605319.SH,3000,3000,39.382668,34.1635,-15657.504,57
20260816_125007_bb495b,2026-06-30,300050.SZ,2000,2000,57.847643,51.43929,-12816.706,55
20260816_125007_bb495b,2026-06-30,601838.SH,4300,4300,26.230602,25.474464,-3251.3934,42
20260816_125007_bb495b,2026-06-30,000429.SZ,1600,1600,64.771115,68.05647,5256.568,33
20260816_125007_bb495b,2026-06-30,601939.SH,4200,4200,25.229668,24.375672,-3586.7832,25
20260816_125007_bb495b,2026-06-30,003013.SZ,6200,6200,17.682029,17.978898,1840.5878,18
20260816_125007_bb495b,2026-06-30,601518.SH,19600,19600,5.467624,4.925085,-10633.7644,16
20260816_125007_bb495b,2026-06-30,600999.SH,2400,2400,41.832134,45.058048,7742.1936,8
20260816_125007_bb495b,2026-06-30,600030.SH,500,500,193.832146,187.114622,-3358.762,6
20260816_125007_bb495b,2026-06-30,601995.SH,2800,2800,37.01868,36.601908,-1166.9616,3
