date,open,high,low,close,volume,amount
2016-08-08,0.987,1.02,0.977,1.017,2300057,229587030.00000003
2016-08-09,1.012,1.017,1.01,1.016,474880,48117112.0
2016-08-10,1.015,1.023,1.011,1.013,361996,36870948.0
2016-08-11,1.013,1.013,0.995,0.996,220937,22133596.000000004
2016-08-12,0.998,1.003,0.992,1.001,125584,12520435.000000002
2016-08-15,1.003,1.028,1.0,1.022,659481,67194528.0
2016-08-16,1.025,1.035,1.025,1.029,279838,28829385.0
2016-08-17,1.033,1.049,1.024,1.039,517126,53800621.99999999
2016-08-18,1.04,1.04,1.027,1.033,207218,21404193.0
2016-08-19,1.034,1.035,1.024,1.031,208889,21493500.000000004
2016-08-22,1.031,1.032,1.002,1.005,319649,32609168.0
2016-08-23,1.006,1.016,1.004,1.01,136778,13838452.999999998
2016-08-24,1.01,1.025,1.01,1.018,281687,28680470.000000004
2016-08-25,1.01,1.015,0.998,1.01,149523,15015093.0
2016-08-26,1.01,1.021,1.01,1.012,161435,16410496.0
2016-08-29,1.021,1.03,1.015,1.018,249004,25420845.000000004
2016-08-30,1.018,1.034,1.015,1.027,301808,31010077.0
2016-08-31,1.026,1.026,1.014,1.023,154971,15821022.0
2016-09-01,1.022,1.025,1.012,1.013,246948,25149806.0
2016-09-02,1.012,1.012,0.996,1.001,318647,31982349.0
2016-09-05,1.003,1.008,0.999,1.003,199581,20051567.000000004
2016-09-06,1.003,1.014,0.994,1.012,221026,22182544.0
2016-09-07,1.012,1.026,1.012,1.019,452522,46227488.0
2016-09-08,1.015,1.022,1.015,1.02,145515,14818161.000000002
2016-09-09,1.02,1.026,1.016,1.018,126196,12886893.0
2016-09-12,1.014,1.014,0.987,0.992,488138,48662246.00000001
2016-09-13,0.992,0.996,0.986,0.994,116945,11573978.0
2016-09-14,0.991,0.991,0.984,0.987,139525,13771276.0
2016-09-19,0.989,0.994,0.988,0.992,120284,11911356.000000002
2016-09-20,0.992,0.992,0.984,0.986,110902,10934959.0
2016-09-21,0.986,0.991,0.985,0.989,169811,16775979.0
2016-09-22,0.991,0.993,0.989,0.99,117505,11646511.0
2016-09-23,0.991,0.991,0.986,0.987,114604,11318997.0
2016-09-26,0.987,0.987,0.961,0.962,160599,15627821.0
2016-09-27,0.96,0.964,0.953,0.963,177666,17018406.0
2016-09-28,0.961,0.968,0.96,0.965,90511,8739632.0
2016-09-29,0.966,0.971,0.965,0.966,71801,6946255.0
2016-09-30,0.965,0.973,0.965,0.971,61285,5945786.0
2016-10-10,0.976,0.996,0.975,0.996,189590,18762253.000000004
2016-10-11,1.001,1.01,0.999,1.007,180640,18179000.0
2016-10-12,1.007,1.007,1.001,1.006,80434,8076032.0
2016-10-13,0.999,1.01,0.999,1.006,124524,12541178.0
2016-10-14,1.009,1.009,0.995,1.006,130080,13011828.000000002
2016-10-17,1.008,1.011,0.989,0.992,187446,18796087.0
2016-10-18,0.992,1.005,0.989,1.005,123608,12344909.0
2016-10-19,1.005,1.013,1.002,1.008,283232,28558910.000000004
2016-10-20,1.008,1.015,1.006,1.007,291072,29471625.0
2016-10-21,1.007,1.01,0.999,1.006,102436,10285736.0
2016-10-24,1.007,1.015,1.003,1.014,180476,18255346.0
2016-10-25,1.014,1.016,1.01,1.012,162601,16437956.999999998
2016-10-26,1.012,1.012,1.003,1.005,113652,11426768.0
2016-10-27,1.005,1.009,1.003,1.005,265792,26721040.000000004
2016-10-28,1.005,1.011,0.998,0.998,235291,23581123.0
2016-10-31,1.0,1.0,0.991,0.995,157664,15691009.000000002
2016-11-01,0.996,1.001,0.994,0.998,196307,19588216.0
2016-11-02,0.998,1.003,0.991,0.994,166815,16620376.999999998
2016-11-03,0.993,1.004,0.988,0.996,257538,25695739.0
2016-11-04,0.998,1.0,0.987,0.989,193022,19149762.0
2016-11-07,0.988,0.991,0.984,0.985,119007,11742697.0
2016-11-08,0.989,0.995,0.986,0.991,158471,15694492.000000002
2016-11-09,0.99,0.993,0.972,0.982,157538,15503021.0
2016-11-10,0.982,0.995,0.982,0.994,139867,13873211.0
2016-11-11,0.992,0.998,0.988,0.998,171716,17063246.0
2016-11-14,0.998,1.006,0.996,1.005,157111,15758179.999999998
2016-11-15,1.004,1.007,1.0,1.005,154116,15457108.0
2016-11-16,1.004,1.008,1.003,1.003,153930,15478614.0
2016-11-17,1.003,1.009,1.0,1.007,176999,17766176.0
2016-11-18,1.003,1.011,1.003,1.003,156800,15790051.000000002
2016-11-21,1.003,1.009,1.002,1.004,159412,16013030.0
2016-11-22,1.005,1.008,1.002,1.008,178003,17894447.0
2016-11-23,1.007,1.019,1.007,1.011,224753,22736082.0
2016-11-24,1.008,1.01,1.0,1.0,180344,18111942.0
2016-11-25,0.998,1.008,0.992,1.007,162731,16276654.999999998
2016-11-28,1.007,1.013,1.007,1.008,150032,15145065.000000002
2016-11-29,1.007,1.019,1.006,1.014,183589,18629926.0
2016-11-30,1.013,1.013,1.002,1.005,163472,16449139.0
2016-12-01,1.006,1.022,1.006,1.017,151258,15391606.000000002
2016-12-02,1.018,1.022,1.002,1.003,149070,15024926.0
2016-12-05,1.003,1.023,0.993,1.004,155262,15672849.0
2016-12-06,1.004,1.011,1.002,1.007,115061,11583459.0
2016-12-07,1.007,1.022,1.005,1.02,160673,16231498.0
2016-12-08,1.02,1.02,1.004,1.005,150508,15199688.0
2016-12-09,1.004,1.006,0.997,1.001,163300,16338004.000000002
2016-12-12,1.002,1.005,0.955,0.96,217305,21267034.000000004
2016-12-13,0.961,0.977,0.956,0.972,135224,13053704.999999998
2016-12-14,0.973,0.988,0.962,0.978,128756,12598412.0
2016-12-15,0.971,0.999,0.971,0.987,176418,17522951.0
2016-12-16,0.987,0.989,0.981,0.984,103589,10185761.0
2016-12-19,0.984,0.989,0.977,0.981,102932,10081870.0
2016-12-20,0.982,0.982,0.97,0.975,137841,13430707.0
2016-12-21,0.976,0.996,0.976,0.992,153917,15193384.000000002
2016-12-22,0.992,0.995,0.988,0.992,132069,13087003.000000002
2016-12-23,0.993,1.0,0.99,0.99,125911,12525658.0
2016-12-26,0.99,0.992,0.975,0.992,123984,12181917.0
2016-12-27,0.991,0.993,0.988,0.988,101208,10023456.0
2016-12-28,0.988,0.991,0.983,0.985,166275,16426112.000000002
2016-12-29,0.983,0.988,0.979,0.984,130225,12801191.0
2016-12-30,0.984,0.984,0.976,0.978,118066,11578931.0
2017-01-03,0.98,1.004,0.979,1.004,209973,20980619.0
2017-01-04,1.0,1.014,0.999,1.013,105076,10591667.0
2017-01-05,1.015,1.028,1.008,1.024,301207,30642125.0
2017-01-06,1.023,1.03,1.017,1.017,150574,15400022.000000002
2017-01-09,1.017,1.055,1.014,1.048,260966,27065696.0
2017-01-10,1.05,1.052,1.033,1.035,212331,22128954.0
2017-01-11,1.04,1.046,1.033,1.036,126547,13141985.0
2017-01-12,1.036,1.036,1.02,1.021,120742,12386777.0
2017-01-13,1.019,1.029,1.005,1.01,147571,14999229.0
2017-01-16,1.01,1.01,0.951,0.981,318538,31268343.0
2017-01-17,0.977,0.997,0.967,0.996,198123,19546467.0
2017-01-18,0.994,1.0,0.99,0.992,87548,8711616.000000002
2017-01-19,0.986,0.989,0.98,0.981,87945,8654062.0
2017-01-20,0.98,0.997,0.98,0.995,117026,11608493.999999998
2017-01-23,1.0,1.021,1.0,1.013,141728,14372043.0
2017-01-24,1.014,1.014,1.002,1.008,106639,10764250.999999998
2017-01-25,1.01,1.01,1.002,1.008,113782,11449402.0
2017-01-26,1.008,1.019,1.008,1.019,113834,11553802.0
2017-02-03,1.02,1.03,1.014,1.023,88361,9042515.0
2017-02-06,1.023,1.033,1.017,1.033,141572,14522485.0
2017-02-07,1.033,1.033,1.017,1.023,110969,11347177.0
2017-02-08,1.021,1.043,1.018,1.043,147164,15205681.0
2017-02-09,1.041,1.044,1.036,1.043,104809,10908243.0
2017-02-10,1.042,1.044,1.034,1.036,115656,12002077.0
2017-02-13,1.036,1.041,1.028,1.037,105195,10885590.000000002
2017-02-14,1.038,1.045,1.03,1.034,102852,10638571.000000002
2017-02-15,1.032,1.032,1.016,1.02,137441,14051542.0
2017-02-16,1.02,1.029,1.019,1.025,129443,13252985.000000002
2017-02-17,1.024,1.035,1.02,1.031,150931,15530510.0
2017-02-20,1.035,1.038,1.029,1.038,117566,12149742.0
2017-02-21,1.035,1.041,1.031,1.041,127388,13193398.0
2017-02-22,1.041,1.042,1.034,1.037,85856,8902906.0
2017-02-23,1.034,1.038,1.026,1.031,84876,8744217.0
2017-02-24,1.03,1.043,1.028,1.041,113151,11736282.0
2017-02-27,1.043,1.043,1.03,1.032,103694,10738487.0
2017-02-28,1.032,1.037,1.031,1.035,115909,11981745.0
2017-03-01,1.035,1.05,1.034,1.044,96803,10103284.0
2017-03-02,1.043,1.046,1.036,1.037,121458,12629764.999999998
2017-03-03,1.036,1.048,1.033,1.043,96870,10107934.0
2017-03-06,1.045,1.058,1.044,1.057,145647,15319911.999999998
2017-03-07,1.059,1.059,1.048,1.054,111304,11714842.0
2017-03-08,1.055,1.069,1.053,1.057,149519,15878568.0
2017-03-09,1.059,1.059,1.043,1.046,98058,10267827.0
2017-03-10,1.045,1.049,1.037,1.04,90857,9478537.0
2017-03-13,1.039,1.05,1.039,1.049,90066,9425440.0
2017-03-14,1.049,1.054,1.047,1.048,108593,11400951.0
2017-03-15,1.048,1.048,1.039,1.041,98722,10285365.0
2017-03-16,1.04,1.05,1.04,1.05,112359,11756690.000000002
2017-03-17,1.051,1.055,1.041,1.042,130870,13744691.000000002
2017-03-20,1.042,1.045,1.034,1.041,96104,9978914.0
2017-03-21,1.04,1.041,1.037,1.04,97844,10158922.0
2017-03-22,1.037,1.038,1.029,1.029,123150,12704123.0
2017-03-23,1.03,1.038,1.023,1.036,175811,18152932.000000004
2017-03-24,1.035,1.041,1.031,1.041,114047,11818143.0
2017-03-27,1.04,1.049,1.039,1.047,101856,10646752.000000002
2017-03-28,1.049,1.05,1.042,1.043,82947,8667296.0
2017-03-29,1.042,1.049,1.038,1.043,86546,9044349.0
2017-03-30,1.042,1.044,1.021,1.024,107215,11036007.0
2017-03-31,1.022,1.05,1.022,1.044,111275,11595395.0
2017-04-05,1.041,1.059,1.037,1.058,106377,11183083.999999998
2017-04-06,1.055,1.06,1.052,1.057,85277,9018531.0
2017-04-07,1.059,1.078,1.059,1.07,108082,11561389.0
2017-04-10,1.094,1.096,1.064,1.072,299378,32101666.0
2017-04-11,1.076,1.127,1.069,1.118,457943,50614343.99999999
2017-04-12,1.13,1.15,1.1,1.104,1054292,117590504.0
2017-04-13,1.086,1.103,1.086,1.095,206854,22639181.0
2017-04-14,1.097,1.109,1.081,1.084,332227,36389747.00000001
2017-04-17,1.083,1.083,1.05,1.053,222912,23599160.0
2017-04-18,1.054,1.064,1.043,1.044,185509,19518723.0
2017-04-19,1.046,1.046,1.016,1.028,226672,23358160.0
2017-04-20,1.028,1.035,1.012,1.025,165966,16987584.0
2017-04-21,1.026,1.028,1.013,1.015,205781,21001127.0
2017-04-24,1.017,1.017,0.987,0.988,295496,29453077.0
2017-04-25,0.99,0.999,0.975,0.997,239881,23700642.0
2017-04-26,0.997,0.999,0.985,0.987,235589,23341054.0
2017-04-27,0.987,0.987,0.955,0.979,415820,40274206.0
2017-04-28,0.976,0.988,0.976,0.987,173892,17073351.0
2017-05-02,0.989,0.989,0.976,0.979,88646,8675454.0
2017-05-03,0.979,0.986,0.973,0.981,111123,10884483.0
2017-05-04,0.979,0.979,0.963,0.965,114157,11065001.0
2017-05-05,0.965,0.969,0.936,0.939,241166,22938216.0
2017-05-08,0.943,0.944,0.902,0.903,216599,19838551.000000004
2017-05-09,0.903,0.914,0.896,0.911,182330,16471623.000000002
2017-05-10,0.912,0.913,0.881,0.882,200074,17949569.0
2017-05-11,0.88,0.881,0.85,0.876,243745,21166302.0
2017-05-12,0.874,0.878,0.866,0.871,138462,12073184.0
2017-05-15,0.873,0.886,0.873,0.877,135778,11960357.0
2017-05-16,0.878,0.89,0.859,0.889,214642,18746784.0
2017-05-17,0.889,0.903,0.886,0.897,192426,17251271.0
2017-05-18,0.89,0.896,0.882,0.885,127214,11316977.0
2017-05-19,0.887,0.889,0.877,0.88,137794,12145664.000000002
2017-05-22,0.883,0.886,0.866,0.868,150158,13150744.0
2017-05-23,0.869,0.869,0.831,0.832,274582,23310879.0
2017-05-24,0.83,0.839,0.811,0.839,220516,18266125.0
2017-05-25,0.838,0.848,0.828,0.844,233212,19557741.000000004
2017-05-26,0.843,0.85,0.84,0.845,98426,8329790.0
2017-05-31,0.855,0.857,0.844,0.845,197376,16836539.0
2017-06-01,0.841,0.845,0.823,0.824,134708,11223677.0
2017-06-02,0.822,0.836,0.815,0.835,193481,15981705.0
2017-06-05,0.837,0.845,0.836,0.843,275589,23201347.0
2017-06-06,0.847,0.854,0.842,0.853,339448,28859575.0
2017-06-07,0.854,0.865,0.85,0.863,240198,20642540.0
2017-06-08,0.864,0.867,0.859,0.861,209192,18051764.0
2017-06-09,0.859,0.864,0.854,0.863,268956,23126162.0
2017-06-12,0.861,0.861,0.847,0.849,168938,14395572.0
2017-06-13,0.848,0.856,0.847,0.854,119131,10155033.0
2017-06-14,0.855,0.866,0.854,0.861,181478,15623310.000000002
2017-06-15,0.861,0.874,0.86,0.87,238501,20689629.0
2017-06-16,0.87,0.878,0.865,0.874,170437,14851415.0
2017-06-19,0.873,0.895,0.873,0.892,309649,27543350.0
2017-06-20,0.891,0.896,0.89,0.891,144949,12940477.0
2017-06-21,0.894,0.902,0.886,0.892,186896,16724432.0
2017-06-22,0.892,0.892,0.874,0.875,188559,16641278.0
2017-06-23,0.875,0.88,0.861,0.878,206072,17936975.0
2017-06-26,0.879,0.886,0.873,0.886,190621,16775253.0
2017-06-27,0.888,0.895,0.883,0.891,191880,17087961.0
2017-06-28,0.89,0.89,0.879,0.88,120576,10632823.000000002
2017-06-29,0.881,0.887,0.88,0.885,142864,12628054.000000002
2017-06-30,0.883,0.884,0.878,0.883,123875,10911461.0
2017-07-03,0.883,0.888,0.878,0.887,112163,9889607.0
2017-07-04,0.886,0.892,0.884,0.891,150311,13358303.000000002
2017-07-05,0.891,0.897,0.887,0.897,137063,12206110.000000002
2017-07-06,0.896,0.899,0.885,0.896,141343,12621528.0
2017-07-07,0.894,0.907,0.89,0.904,154808,13942507.0
2017-07-10,0.909,0.92,0.9,0.904,247397,22540739.0
2017-07-11,0.9,0.905,0.893,0.896,191926,17228737.0
2017-07-12,0.89,0.896,0.875,0.885,332734,29366522.0
2017-07-13,0.884,0.893,0.882,0.892,195261,17373288.999999996
2017-07-14,0.889,0.895,0.883,0.888,174657,15558423.0
2017-07-17,0.883,0.887,0.834,0.836,596284,50583037.0
2017-07-18,0.832,0.842,0.822,0.84,395553,32902213.0
2017-07-19,0.841,0.847,0.833,0.847,328356,27556223.0
2017-07-20,0.845,0.855,0.843,0.85,239304,20371504.0
2017-07-21,0.848,0.86,0.848,0.858,350525,29963791.000000004
2017-07-24,0.858,0.874,0.851,0.872,235465,20368318.0
2017-07-25,0.874,0.877,0.861,0.867,301272,26197130.0
2017-07-26,0.868,0.87,0.86,0.87,197511,17082610.0
2017-07-27,0.869,0.881,0.862,0.88,230534,20085954.0
2017-07-28,0.879,0.879,0.87,0.871,174649,15248534.0
2017-07-31,0.876,0.876,0.861,0.864,163063,14114472.000000002
2017-08-01,0.865,0.87,0.857,0.86,210522,18145660.0
2017-08-02,0.866,0.866,0.841,0.843,241888,20555322.0
2017-08-03,0.844,0.854,0.842,0.847,149099,12645387.999999998
2017-08-04,0.849,0.899,0.849,0.89,1070134,94192239.0
2017-08-07,0.89,0.89,0.879,0.885,498553,44037168.0
2017-08-08,0.882,0.894,0.871,0.888,500338,44211051.0
2017-08-09,0.883,0.886,0.879,0.881,203402,17935014.0
2017-08-10,0.883,0.897,0.879,0.884,472897,41977328.0
2017-08-11,0.889,0.9,0.876,0.883,778122,69270660.00000001
2017-08-14,0.879,0.893,0.873,0.891,551369,48688413.0
2017-08-15,0.891,0.898,0.887,0.893,458948,40972477.0
2017-08-16,0.893,0.906,0.89,0.904,387497,34795025.0
2017-08-17,0.906,0.924,0.903,0.915,609942,55900415.0
2017-08-18,0.912,0.915,0.903,0.906,266596,24201537.0
2017-08-21,0.906,0.912,0.901,0.906,210476,19041318.0
2017-08-22,0.907,0.908,0.892,0.893,194823,17516549.0
2017-08-23,0.893,0.901,0.89,0.896,181838,16298332.999999998
2017-08-24,0.894,0.898,0.886,0.89,363998,32477753.0
2017-08-25,0.891,0.898,0.887,0.898,284758,25406306.0
2017-08-28,0.897,0.908,0.894,0.906,381863,34429803.0
2017-08-29,0.9,0.902,0.89,0.891,461303,41321037.0
2017-08-30,0.89,0.895,0.89,0.895,170209,15188880.0
2017-08-31,0.893,0.898,0.891,0.895,300616,26891741.0
2017-09-01,0.898,0.899,0.893,0.899,145516,13036987.999999998
2017-09-04,0.905,0.912,0.905,0.912,424308,38564712.0
2017-09-05,0.912,0.913,0.906,0.909,166399,15129188.0
2017-09-06,0.905,0.92,0.905,0.918,396332,36246550.0
2017-09-07,0.919,0.921,0.909,0.909,441991,40520199.0
2017-09-08,0.912,0.914,0.9,0.908,269381,24475158.0
2017-09-11,0.907,0.913,0.903,0.912,241210,21946261.0
2017-09-12,0.91,0.913,0.907,0.909,203110,18482987.0
2017-09-13,0.907,0.914,0.907,0.911,213846,19474050.0
2017-09-14,0.91,0.911,0.903,0.906,180740,16404395.0
2017-09-15,0.907,0.918,0.907,0.916,406860,37123729.0
2017-09-18,0.916,0.92,0.913,0.919,83282,7634390.0
2017-09-19,0.92,0.92,0.911,0.913,142308,13022188.0
2017-09-20,0.913,0.925,0.913,0.925,292504,26927107.0
2017-09-21,0.925,0.926,0.916,0.917,151513,13953683.0
2017-09-22,0.915,0.918,0.906,0.914,192846,17594856.0
2017-09-25,0.914,0.925,0.909,0.912,193160,17764453.0
2017-09-26,0.911,0.915,0.904,0.914,193195,17583241.0
2017-09-27,0.915,0.924,0.915,0.921,373775,34330637.0
2017-09-28,0.923,0.932,0.92,0.925,230646,21403168.0
2017-09-29,0.927,0.933,0.927,0.933,114381,10648231.0
2017-10-09,0.936,0.943,0.932,0.933,118529,11082334.999999998
2017-10-10,0.934,0.938,0.929,0.937,103537,9660982.0
2017-10-11,0.935,0.936,0.93,0.931,101886,9500804.0
2017-10-12,0.931,0.95,0.928,0.945,297382,28008366.0
2017-10-13,0.942,0.942,0.937,0.941,123570,11599890.000000002
2017-10-16,0.94,0.955,0.938,0.939,202937,19206042.0
2017-10-17,0.935,0.939,0.929,0.931,193837,18073929.000000004
2017-10-18,0.933,0.939,0.927,0.928,134277,12546894.0
2017-10-19,0.926,0.926,0.909,0.91,192767,17632996.0
2017-10-20,0.908,0.917,0.906,0.917,117925,10759564.999999998
2017-10-23,0.917,0.919,0.915,0.917,128774,11807239.0
2017-10-24,0.917,0.918,0.902,0.908,126689,11496748.000000002
2017-10-25,0.908,0.911,0.906,0.91,129138,11729855.0
2017-10-26,0.91,0.918,0.907,0.917,165018,15079377.0
2017-10-27,0.917,0.917,0.906,0.909,176541,16092613.0
2017-10-30,0.908,0.908,0.881,0.886,244854,21754147.000000004
2017-10-31,0.886,0.889,0.88,0.888,196017,17353344.999999996
2017-11-01,0.887,0.894,0.885,0.89,160170,14247576.000000002
2017-11-02,0.888,0.889,0.88,0.882,128851,11366521.0
2017-11-03,0.883,0.885,0.875,0.878,105619,9295172.0
2017-11-06,0.88,0.889,0.88,0.888,305772,27050090.0
2017-11-07,0.888,0.904,0.886,0.904,235794,21135535.0
2017-11-08,0.901,0.909,0.9,0.903,135609,12276252.0
2017-11-09,0.902,0.908,0.899,0.907,68532,6204138.999999999
2017-11-10,0.908,0.909,0.903,0.905,115835,10488630.0
2017-11-13,0.905,0.905,0.899,0.901,113805,10257039.000000002
2017-11-14,0.9,0.914,0.9,0.908,197665,17937569.0
2017-11-15,0.907,0.908,0.895,0.896,94126,8469526.0
2017-11-16,0.896,0.898,0.891,0.892,117518,10505442.0
2017-11-17,0.891,0.893,0.856,0.858,236162,20608214.0
2017-11-20,0.86,0.864,0.839,0.862,140496,11923932.000000002
2017-11-21,0.862,0.869,0.856,0.864,156384,13494785.000000002
2017-11-22,0.865,0.892,0.862,0.886,528642,46556473.0
2017-11-23,0.883,0.889,0.866,0.867,132539,11651672.000000002
2017-11-24,0.86,0.872,0.86,0.863,103265,8957705.0
2017-11-27,0.863,0.868,0.852,0.854,159216,13709784.000000002
2017-11-28,0.854,0.864,0.851,0.863,126615,10864882.0
2017-11-29,0.865,0.865,0.852,0.859,116973,10046548.0
2017-11-30,0.859,0.868,0.856,0.857,195489,16857350.0
2017-12-01,0.858,0.865,0.852,0.865,99674,8572327.0
2017-12-04,0.864,0.866,0.854,0.855,138166,11877207.0
2017-12-05,0.857,0.865,0.836,0.841,245252,20854894.0
2017-12-06,0.841,0.853,0.834,0.852,240464,20250568.0
2017-12-07,0.848,0.873,0.848,0.865,409536,35411221.0
2017-12-08,0.861,0.872,0.86,0.866,122089,10579330.0
2017-12-11,0.866,0.875,0.865,0.875,123606,10762408.0
2017-12-12,0.878,0.878,0.864,0.865,109335,9504080.0
2017-12-13,0.865,0.873,0.863,0.871,116461,10109709.0
2017-12-14,0.871,0.877,0.868,0.876,124413,10863384.0
2017-12-15,0.875,0.878,0.868,0.875,96806,8445288.0
2017-12-18,0.873,0.875,0.863,0.867,85078,7385824.0
2017-12-19,0.868,0.871,0.866,0.869,122411,10631898.0
2017-12-20,0.87,0.871,0.858,0.859,130956,11285432.0
2017-12-21,0.86,0.866,0.85,0.863,111139,9570234.0
2017-12-22,0.86,0.862,0.852,0.855,88318,7578642.0
2017-12-25,0.855,0.856,0.832,0.834,232878,19599103.0
2017-12-26,0.836,0.841,0.831,0.84,133400,11157944.000000002
2017-12-27,0.84,0.841,0.833,0.835,104267,8732930.999999998
2017-12-28,0.834,0.841,0.832,0.837,89534,7494839.000000001
2017-12-29,0.839,0.843,0.837,0.842,93257,7827709.0
2018-01-02,0.844,0.849,0.842,0.849,90641,7668141.000000001
2018-01-03,0.849,0.857,0.846,0.857,142240,12138160.0
2018-01-04,0.856,0.86,0.854,0.856,180871,15515062.0
2018-01-05,0.857,0.857,0.849,0.851,169967,14484686.0
2018-01-08,0.85,0.852,0.845,0.85,136407,11559404.0
2018-01-09,0.847,0.853,0.847,0.85,112062,9532761.0
2018-01-10,0.85,0.851,0.837,0.84,135799,11428095.0
2018-01-11,0.84,0.847,0.837,0.846,94100,7923183.000000001
2018-01-12,0.846,0.846,0.835,0.836,148540,12476769.0
2018-01-15,0.836,0.837,0.802,0.803,495588,40553729.0
2018-01-16,0.802,0.808,0.796,0.799,169161,13560357.0
2018-01-17,0.801,0.805,0.788,0.804,225607,17984918.0
2018-01-18,0.804,0.805,0.8,0.803,123687,9925610.0
2018-01-19,0.805,0.822,0.805,0.812,333571,27213696.000000004
2018-01-22,0.818,0.819,0.803,0.816,320101,25977586.0
2018-01-23,0.816,0.818,0.812,0.816,204715,16681498.0
2018-01-24,0.815,0.83,0.812,0.826,258224,21203018.0
2018-01-25,0.826,0.848,0.825,0.836,600050,50262805.0
2018-01-26,0.834,0.835,0.829,0.83,310597,25875514.0
2018-01-29,0.832,0.834,0.815,0.816,322709,26542721.0
2018-01-30,0.816,0.821,0.815,0.818,152243,12447956.999999998
2018-01-31,0.816,0.816,0.795,0.796,280954,22542378.0
2018-02-01,0.798,0.801,0.767,0.768,398578,31080091.000000004
2018-02-02,0.769,0.772,0.751,0.769,251138,19169288.0
2018-02-05,0.759,0.767,0.758,0.764,127165,9716996.0
2018-02-06,0.751,0.758,0.716,0.718,354914,26156851.0
2018-02-07,0.731,0.734,0.701,0.716,229725,16476203.0
2018-02-08,0.718,0.736,0.716,0.731,202084,14731532.0
2018-02-09,0.715,0.724,0.693,0.705,251456,17801710.0
2018-02-12,0.709,0.722,0.709,0.719,134331,9619872.999999998
2018-02-13,0.726,0.738,0.72,0.725,202899,14816134.0
2018-02-14,0.726,0.726,0.72,0.724,103785,7494303.0
2018-02-22,0.728,0.737,0.727,0.735,93151,6829673.0
2018-02-23,0.735,0.745,0.731,0.74,133441,9876700.0
2018-02-26,0.74,0.762,0.74,0.76,273441,20590956.000000004
2018-02-27,0.762,0.788,0.759,0.78,353593,27390181.000000004
2018-02-28,0.768,0.794,0.767,0.782,470939,36994811.0
2018-03-01,0.778,0.793,0.77,0.792,328682,25848732.0
2018-03-02,0.792,0.797,0.784,0.788,168327,13318973.0
2018-03-05,0.797,0.803,0.792,0.802,164607,13149745.0
2018-03-06,0.801,0.812,0.798,0.809,136789,11019845.0
2018-03-07,0.808,0.809,0.796,0.797,185643,14896987.0
2018-03-08,0.795,0.8,0.792,0.797,110904,8825346.0
2018-03-09,0.799,0.818,0.796,0.814,199519,16142978.0
2018-03-12,0.819,0.827,0.814,0.826,349110,28694979.000000004
2018-03-13,0.826,0.828,0.816,0.818,145437,11969242.000000002
2018-03-14,0.816,0.816,0.799,0.8,144563,11639419.000000002
2018-03-15,0.798,0.809,0.793,0.803,178941,14347955.0
2018-03-16,0.804,0.805,0.795,0.796,93718,7494728.0
2018-03-19,0.796,0.813,0.793,0.802,147804,11912688.0
2018-03-20,0.8,0.808,0.794,0.808,147377,11804563.0
2018-03-21,0.808,0.828,0.808,0.813,264220,21599773.0
2018-03-22,0.813,0.813,0.799,0.8,352560,28392290.0
2018-03-23,0.788,0.789,0.75,0.772,370381,28699970.000000004
2018-03-26,0.762,0.812,0.762,0.812,364942,29019976.000000004
2018-03-27,0.812,0.834,0.807,0.833,407311,33523912.000000004
2018-03-28,0.822,0.837,0.82,0.828,346764,28810716.0
2018-03-29,0.827,0.831,0.814,0.822,176255,14481208.0
2018-03-30,0.823,0.851,0.822,0.851,706082,59234906.0
2018-04-02,0.849,0.876,0.845,0.868,489441,42290998.0
2018-04-03,0.859,0.865,0.845,0.858,319108,27304631.0
2018-04-04,0.862,0.879,0.852,0.856,561270,48615183.0
2018-04-09,0.854,0.882,0.848,0.88,405113,35245024.0
2018-04-10,0.879,0.881,0.848,0.856,567183,48671819.0
2018-04-11,0.862,0.864,0.849,0.859,343450,29389083.0
2018-04-12,0.855,0.867,0.849,0.85,426272,36603920.0
2018-04-13,0.859,0.868,0.852,0.855,389046,33459468.0
2018-04-16,0.858,0.863,0.85,0.862,184580,15807601.000000002
2018-04-17,0.861,0.876,0.843,0.844,336611,29014757.0
2018-04-18,0.848,0.875,0.841,0.87,357954,30812466.0
2018-04-19,0.875,0.908,0.865,0.892,788373,70145548.0
2018-04-20,0.891,0.905,0.881,0.885,425254,37951980.00000001
2018-04-23,0.881,0.888,0.835,0.848,439989,37776883.00000001
2018-04-24,0.848,0.869,0.839,0.869,310085,26575777.0
2018-04-25,0.861,0.877,0.859,0.87,214675,18680954.0
2018-04-26,0.87,0.877,0.853,0.854,230732,19983991.0
2018-04-27,0.854,0.862,0.83,0.843,289412,24372929.0
2018-05-02,0.843,0.845,0.826,0.831,338983,28302477.0
2018-05-03,0.831,0.836,0.81,0.836,237292,19494345.0
2018-05-04,0.832,0.843,0.827,0.837,442233,37095508.0
2018-05-07,0.835,0.848,0.835,0.847,185584,15652508.0
2018-05-08,0.854,0.864,0.847,0.851,407993,34906290.0
2018-05-09,0.851,0.853,0.842,0.845,296068,25022909.0
2018-05-10,0.847,0.847,0.829,0.835,166331,13904905.000000002
2018-05-11,0.835,0.839,0.823,0.828,167193,13870348.000000002
2018-05-14,0.83,0.833,0.809,0.812,444847,36347410.00000001
2018-05-15,0.812,0.823,0.811,0.822,284527,23229556.0
2018-05-16,0.823,0.831,0.819,0.823,296049,24485120.0
2018-05-17,0.822,0.825,0.811,0.815,188957,15453829.0
2018-05-18,0.814,0.819,0.807,0.817,172820,14040947.999999998
2018-05-21,0.818,0.83,0.818,0.828,256554,21168188.000000004
2018-05-22,0.828,0.828,0.818,0.826,224941,18505173.0
2018-05-23,0.826,0.833,0.822,0.822,281491,23312392.0
2018-05-24,0.822,0.827,0.813,0.816,196903,16115026.0
2018-05-25,0.818,0.82,0.806,0.81,344881,28010377.000000004
2018-05-28,0.81,0.81,0.788,0.79,277637,22098991.0
2018-05-29,0.79,0.794,0.78,0.781,226274,17788840.0
2018-05-30,0.775,0.784,0.76,0.761,235616,18198113.000000004
2018-05-31,0.765,0.77,0.755,0.761,228610,17422602.0
2018-06-01,0.761,0.768,0.748,0.751,295074,22318404.0
2018-06-04,0.755,0.755,0.744,0.748,238934,17887582.0
2018-06-05,0.748,0.764,0.748,0.763,469415,35595914.0
2018-06-06,0.763,0.768,0.758,0.76,547236,41774515.0
2018-06-07,0.762,0.763,0.751,0.751,353406,26745292.0
2018-06-08,0.75,0.752,0.734,0.74,301429,22284887.000000004
2018-06-11,0.737,0.738,0.728,0.731,308131,22562749.0
2018-06-12,0.731,0.736,0.723,0.736,214130,15656776.0
2018-06-13,0.73,0.733,0.718,0.718,266709,19386958.0
2018-06-14,0.717,0.722,0.709,0.711,298313,21287950.0
2018-06-15,0.712,0.714,0.69,0.693,486173,34068216.0
2018-06-19,0.685,0.692,0.64,0.652,489435,32798982.0
2018-06-20,0.653,0.677,0.652,0.671,377283,25020412.0
2018-06-21,0.67,0.677,0.65,0.651,392146,26018986.0
2018-06-22,0.648,0.667,0.642,0.664,565846,37399816.0
2018-06-25,0.67,0.673,0.658,0.659,190616,12674387.0
2018-06-26,0.65,0.679,0.648,0.679,300212,20094564.0
2018-06-27,0.678,0.685,0.673,0.677,398830,27038448.0
2018-06-28,0.679,0.685,0.668,0.671,225742,15285769.000000002
2018-06-29,0.672,0.695,0.668,0.695,462819,31832468.0
2018-07-02,0.694,0.7,0.682,0.69,458978,31849616.000000004
2018-07-03,0.69,0.72,0.688,0.719,824049,58272041.0
2018-07-04,0.713,0.718,0.703,0.708,375196,26647503.0
2018-07-05,0.709,0.709,0.69,0.692,322750,22575614.0
2018-07-06,0.694,0.715,0.688,0.699,556282,39046377.0
2018-07-09,0.701,0.716,0.701,0.715,435118,30874861.0
2018-07-10,0.715,0.72,0.71,0.72,429084,30734665.0
2018-07-11,0.709,0.71,0.688,0.699,725956,50906321.0
2018-07-12,0.7,0.719,0.694,0.717,494095,34985408.0
2018-07-13,0.718,0.72,0.709,0.712,284878,20323696.0
2018-07-16,0.711,0.728,0.709,0.723,416730,29999811.000000004
2018-07-17,0.723,0.723,0.71,0.722,776405,55563737.99999999
2018-07-18,0.722,0.725,0.711,0.711,483649,34644245.0
2018-07-19,0.709,0.713,0.694,0.695,355605,24960371.0
2018-07-20,0.697,0.714,0.694,0.712,463175,32618299.000000004
2018-07-23,0.713,0.742,0.712,0.74,688557,50577468.0
2018-07-24,0.743,0.749,0.738,0.743,610415,45340399.0
2018-07-25,0.743,0.754,0.741,0.744,402503,30026372.0
2018-07-26,0.747,0.747,0.731,0.735,289704,21325623.0
2018-07-27,0.735,0.735,0.726,0.732,239662,17524169.0
2018-07-30,0.734,0.735,0.72,0.725,501990,36370849.0
2018-07-31,0.721,0.728,0.717,0.722,355030,25647133.0
2018-08-01,0.722,0.73,0.7,0.7,486912,34841521.00000001
2018-08-02,0.698,0.698,0.659,0.673,685906,46296246.0
2018-08-03,0.67,0.677,0.664,0.665,263137,17638652.0
2018-08-06,0.664,0.668,0.645,0.648,256894,16825731.0
2018-08-07,0.65,0.667,0.641,0.666,359367,23425688.000000004
2018-08-08,0.663,0.664,0.651,0.653,271898,17875621.000000004
2018-08-09,0.65,0.679,0.649,0.676,367072,24516770.0
2018-08-10,0.676,0.684,0.674,0.682,230476,15636487.999999998
2018-08-13,0.675,0.697,0.671,0.695,245063,16766786.0
2018-08-14,0.692,0.695,0.684,0.687,219670,15102021.000000002
2018-08-15,0.688,0.695,0.675,0.677,340790,23418992.0
2018-08-16,0.673,0.68,0.662,0.67,251566,16931472.0
2018-08-17,0.678,0.68,0.657,0.661,149853,10028014.0
2018-08-20,0.663,0.671,0.654,0.671,220498,14600191.0
2018-08-21,0.671,0.682,0.667,0.679,206747,13986718.0
2018-08-22,0.678,0.683,0.673,0.676,258853,17548814.0
2018-08-23,0.674,0.685,0.673,0.68,240245,16342007.0
2018-08-24,0.679,0.68,0.67,0.672,229180,15461743.000000002
2018-08-27,0.674,0.695,0.673,0.695,331127,22785246.0
2018-08-28,0.696,0.705,0.695,0.7,314138,21998766.000000004
2018-08-29,0.7,0.704,0.695,0.701,226967,15899160.000000002
2018-08-30,0.7,0.703,0.686,0.689,197641,13653815.999999998
2018-08-31,0.685,0.691,0.681,0.685,179539,12323044.0
2018-09-03,0.685,0.701,0.68,0.701,316102,21802259.0
2018-09-04,0.7,0.727,0.698,0.723,584635,41782121.0
2018-09-05,0.722,0.731,0.715,0.717,717989,51925898.00000001
2018-09-06,0.717,0.733,0.711,0.726,432056,31346050.0
2018-09-07,0.726,0.734,0.708,0.717,383436,27660144.0
2018-09-10,0.717,0.722,0.7,0.703,326281,23243021.0
2018-09-11,0.704,0.719,0.702,0.715,262676,18691440.0
2018-09-12,0.715,0.731,0.713,0.723,456644,33071443.0
2018-09-13,0.727,0.741,0.717,0.736,538119,39331873.0
2018-09-14,0.736,0.738,0.71,0.712,493375,35517258.0
2018-09-17,0.709,0.719,0.701,0.706,259327,18371046.0
2018-09-18,0.702,0.718,0.699,0.718,355565,25233588.0
2018-09-19,0.716,0.731,0.709,0.728,380191,27439558.0
2018-09-20,0.724,0.727,0.713,0.717,216291,15554676.0
2018-09-21,0.717,0.722,0.708,0.721,558285,39932473.0
2018-09-25,0.714,0.731,0.713,0.725,552157,39970780.00000001
2018-09-26,0.725,0.728,0.718,0.725,479287,34679672.0
2018-09-27,0.724,0.726,0.712,0.713,389409,27921314.0
2018-09-28,0.712,0.716,0.708,0.714,404928,28810506.0
2018-10-08,0.705,0.708,0.688,0.689,504815,35237778.0
2018-10-09,0.69,0.694,0.668,0.672,539529,36545173.0
2018-10-10,0.674,0.679,0.668,0.678,325087,21959278.0
2018-10-11,0.659,0.662,0.622,0.624,1688366,107697213.0
2018-10-12,0.62,0.64,0.606,0.636,755507,47186241.0
2018-10-15,0.64,0.649,0.631,0.633,457961,29374018.000000004
2018-10-16,0.637,0.646,0.616,0.622,413972,26138604.0
2018-10-17,0.628,0.632,0.605,0.622,457487,28395635.0
2018-10-18,0.618,0.619,0.605,0.606,422526,25851831.0
2018-10-19,0.604,0.622,0.593,0.619,605262,36799676.0
2018-10-22,0.626,0.659,0.626,0.652,618987,39782869.0
2018-10-23,0.648,0.655,0.637,0.642,406511,26307370.000000004
2018-10-24,0.642,0.65,0.637,0.642,316136,20363622.0
2018-10-25,0.63,0.637,0.618,0.633,596144,37287233.0
2018-10-26,0.635,0.645,0.625,0.631,403977,25710025.0
2018-10-29,0.628,0.631,0.617,0.622,270599,16896979.0
2018-10-30,0.619,0.63,0.608,0.627,433341,26963281.0
2018-10-31,0.625,0.638,0.623,0.634,462013,29187305.000000004
2018-11-01,0.636,0.653,0.636,0.642,515575,33193881.000000004
2018-11-02,0.652,0.661,0.646,0.66,532138,34750156.0
2018-11-05,0.659,0.668,0.651,0.662,509904,33645850.0
2018-11-06,0.662,0.662,0.653,0.66,251136,16496671.0
2018-11-07,0.659,0.665,0.652,0.655,718541,47218633.00000001
2018-11-08,0.658,0.66,0.645,0.646,230518,15020065.0
2018-11-09,0.642,0.65,0.64,0.646,197936,12781001.0
2018-11-12,0.646,0.661,0.645,0.66,318188,20786016.0
2018-11-13,0.653,0.67,0.651,0.665,669371,44236262.99999999
2018-11-14,0.665,0.666,0.658,0.66,254625,16841794.0
2018-11-15,0.663,0.677,0.662,0.677,562306,37675432.0
2018-11-16,0.681,0.683,0.672,0.676,330207,22379778.0
2018-11-19,0.676,0.678,0.668,0.677,258725,17400291.000000004
2018-11-20,0.672,0.692,0.671,0.673,846819,57824303.00000001
2018-11-21,0.669,0.674,0.66,0.672,369344,24676598.0
2018-11-22,0.67,0.677,0.669,0.673,221209,14896113.0
2018-11-23,0.673,0.673,0.645,0.646,417348,27304742.0
2018-11-26,0.646,0.654,0.642,0.646,253193,16411850.000000002
2018-11-27,0.65,0.657,0.648,0.654,193868,12646403.0
2018-11-28,0.65,0.661,0.645,0.661,236379,15479134.0
2018-11-29,0.667,0.67,0.649,0.651,408652,27076652.0
2018-11-30,0.649,0.655,0.64,0.653,320369,20786605.000000004
2018-12-03,0.666,0.672,0.662,0.671,387133,25871675.0
2018-12-04,0.671,0.671,0.662,0.668,282609,18800798.0
2018-12-05,0.66,0.665,0.656,0.662,254481,16796907.0
2018-12-06,0.661,0.667,0.654,0.657,317298,20971300.0
2018-12-07,0.657,0.661,0.65,0.656,199107,13047792.0
2018-12-10,0.654,0.654,0.644,0.645,166726,10800084.0
2018-12-11,0.646,0.65,0.644,0.649,110543,7154504.000000001
2018-12-12,0.65,0.651,0.645,0.647,175338,11370183.0
2018-12-13,0.648,0.658,0.646,0.656,276827,18121604.0
2018-12-14,0.654,0.657,0.645,0.646,211482,13826348.0
2018-12-17,0.643,0.646,0.638,0.645,127096,8169474.0
2018-12-18,0.642,0.644,0.631,0.639,297042,18986182.000000004
2018-12-19,0.638,0.641,0.627,0.629,183235,11588636.000000002
2018-12-20,0.627,0.631,0.623,0.628,221200,13862100.000000002
2018-12-21,0.628,0.628,0.614,0.62,252440,15643360.0
2018-12-24,0.619,0.627,0.617,0.627,329778,20535669.0
2018-12-25,0.622,0.626,0.61,0.624,377552,23280667.000000004
2018-12-26,0.624,0.626,0.617,0.619,120544,7478953.0
2018-12-27,0.628,0.628,0.613,0.615,279618,17334835.0
2018-12-28,0.617,0.618,0.61,0.616,378760,23269798.0
2019-01-02,0.616,0.625,0.611,0.619,495873,30652078.0
2019-01-03,0.618,0.646,0.617,0.634,648641,41133118.0
2019-01-04,0.632,0.647,0.624,0.646,1112874,70824563.0
2019-01-07,0.652,0.673,0.649,0.671,1457369,96273167.0
2019-01-08,0.667,0.667,0.657,0.661,960986,63646429.0
2019-01-09,0.661,0.665,0.655,0.657,844764,55858022.0
2019-01-10,0.657,0.659,0.651,0.653,689724,45152064.00000001
2019-01-11,0.656,0.666,0.654,0.665,1151887,76156759.0
2019-01-14,0.663,0.665,0.655,0.658,413595,27249189.0
2019-01-15,0.658,0.666,0.656,0.664,552175,36522298.00000001
2019-01-16,0.665,0.666,0.657,0.659,404984,26738809.0
2019-01-17,0.658,0.659,0.649,0.651,507462,33171557.0
2019-01-18,0.652,0.657,0.649,0.656,620509,40527940.0
2019-01-21,0.656,0.663,0.651,0.66,523909,34460667.99999999
2019-01-22,0.658,0.658,0.645,0.65,384231,25052342.0
2019-01-23,0.648,0.652,0.647,0.651,223816,14544245.0
2019-01-24,0.649,0.662,0.648,0.659,514412,33792506.0
2019-01-25,0.658,0.66,0.654,0.655,343595,22574257.0
2019-01-28,0.657,0.662,0.649,0.652,381941,25102139.000000004
2019-01-29,0.65,0.65,0.632,0.64,631918,40410255.00000001
2019-01-30,0.636,0.65,0.636,0.641,345409,22268003.0
2019-01-31,0.64,0.643,0.632,0.636,336379,21446988.0
2019-02-01,0.637,0.651,0.637,0.65,453967,29208543.0
2019-02-11,0.651,0.665,0.651,0.663,452154,29811029.0
2019-02-12,0.663,0.671,0.662,0.669,517765,34555448.0
2019-02-13,0.669,0.685,0.666,0.683,943101,64003234.0
2019-02-14,0.683,0.688,0.68,0.684,366737,25081209.000000004
2019-02-15,0.682,0.688,0.676,0.678,742864,50550935.0
2019-02-18,0.683,0.707,0.682,0.706,778814,54175410.0
2019-02-19,0.708,0.718,0.694,0.716,860018,60578053.0
2019-02-20,0.712,0.719,0.701,0.711,932099,66209166.00000001
2019-02-21,0.711,0.725,0.701,0.703,1037100,74071629.99999999
2019-02-22,0.705,0.719,0.7,0.719,1262392,89590683.0
2019-02-25,0.73,0.766,0.726,0.765,2533251,189494503.0
2019-02-26,0.764,0.766,0.748,0.75,2555265,193330113.0
2019-02-27,0.747,0.782,0.747,0.762,2644781,202765688.0
2019-02-28,0.77,0.777,0.751,0.759,1469351,111945147.0
2019-03-01,0.762,0.766,0.746,0.763,1660972,125462521.0
2019-03-04,0.77,0.785,0.762,0.774,2306767,178346029.0
2019-03-05,0.77,0.792,0.764,0.791,1549564,120647159.0
2019-03-06,0.791,0.801,0.778,0.797,1715301,135246220.0
2019-03-07,0.795,0.799,0.782,0.789,1529655,120944383.0
2019-03-08,0.776,0.8,0.765,0.767,1608393,125756289.0
2019-03-11,0.77,0.795,0.77,0.795,1233830,96823323.0
2019-03-12,0.801,0.827,0.795,0.825,2450861,198608062.0
2019-03-13,0.826,0.842,0.798,0.805,2808596,232500360.0
2019-03-14,0.8,0.803,0.77,0.783,1961989,153869891.0
2019-03-15,0.785,0.792,0.775,0.782,1482009,116218422.0
2019-03-18,0.782,0.798,0.776,0.797,1020824,80434319.00000001
2019-03-19,0.798,0.813,0.795,0.808,1751448,141301556.0
2019-03-20,0.806,0.808,0.784,0.796,1229194,97544326.0
2019-03-21,0.795,0.807,0.795,0.801,1041676,83488996.99999999
2019-03-22,0.8,0.806,0.792,0.805,1049941,84123985.0
2019-03-25,0.81,0.862,0.799,0.841,4572282,381592827.0
2019-03-26,0.848,0.848,0.797,0.8,4087887,333634309.0
2019-03-27,0.805,0.807,0.779,0.79,2945358,232419618.0
2019-03-28,0.793,0.807,0.784,0.787,1813420,144701434.0
2019-03-29,0.798,0.82,0.791,0.819,2376894,191498140.00000003
2019-04-01,0.823,0.86,0.823,0.86,2821434,239735437.0
2019-04-02,0.88,0.884,0.855,0.86,3326151,289037653.0
2019-04-03,0.85,0.87,0.846,0.867,2793328,239361662.0
2019-04-04,0.867,0.874,0.856,0.869,2651319,229459648.0
2019-04-08,0.883,0.888,0.844,0.852,2874784,247498309.0
2019-04-09,0.853,0.856,0.843,0.849,1076041,91338849.0
2019-04-10,0.847,0.851,0.839,0.846,1007086,85123936.0
2019-04-11,0.843,0.85,0.827,0.828,1597726,133971378.0
2019-04-12,0.829,0.83,0.817,0.826,1043602,85964940.0
2019-04-15,0.835,0.846,0.822,0.824,1052873,87964294.0
2019-04-16,0.818,0.837,0.807,0.836,1498493,123471379.0
2019-04-17,0.836,0.843,0.831,0.837,1151666,96410646.0
2019-04-18,0.837,0.852,0.834,0.845,1511820,127679747.0
2019-04-19,0.84,0.843,0.828,0.842,1113388,92942982.0
2019-04-22,0.848,0.848,0.828,0.833,1423001,119094706.0
2019-04-23,0.833,0.833,0.801,0.805,1630559,132464399.0
2019-04-24,0.806,0.812,0.795,0.811,796545,64032764.00000001
2019-04-25,0.809,0.809,0.776,0.777,1239026,98074783.0
2019-04-26,0.777,0.785,0.773,0.775,777690,60531528.00000001
2019-04-29,0.775,0.78,0.752,0.752,884030,67420623.0
2019-04-30,0.752,0.768,0.751,0.759,595508,45269102.0
2019-05-06,0.736,0.745,0.697,0.701,1721083,123696838.0
2019-05-07,0.709,0.715,0.697,0.709,963951,68159311.0
2019-05-08,0.697,0.72,0.691,0.713,1461643,103888165.0
2019-05-09,0.707,0.723,0.707,0.715,1465875,105266484.0
2019-05-10,0.722,0.747,0.708,0.747,2389176,175464522.0
2019-05-13,0.74,0.747,0.733,0.739,1092471,80916917.0
2019-05-14,0.73,0.746,0.73,0.733,1241579,91573470.0
2019-05-15,0.737,0.744,0.735,0.741,805355,59519995.0
2019-05-16,0.74,0.756,0.738,0.751,1388006,103914970.0
2019-05-17,0.752,0.753,0.724,0.728,978688,72276500.0
2019-05-20,0.727,0.742,0.723,0.742,904991,66586538.0
2019-05-21,0.743,0.752,0.731,0.751,885547,65870393.0
2019-05-22,0.75,0.752,0.74,0.747,557942,41650603.0
2019-05-23,0.747,0.755,0.735,0.738,889735,66270361.0
2019-05-24,0.735,0.736,0.717,0.719,948131,68699659.0
2019-05-27,0.723,0.745,0.717,0.745,1184837,86978153.0
2019-05-28,0.743,0.751,0.738,0.742,933034,69478640.0
2019-05-29,0.74,0.751,0.738,0.745,744362,55544036.0
2019-05-30,0.741,0.743,0.732,0.739,774883,57130319.0
2019-05-31,0.737,0.745,0.737,0.739,743672,55086356.0
2019-06-03,0.745,0.751,0.727,0.732,1010916,74323802.0
2019-06-04,0.73,0.731,0.713,0.717,1101850,79323463.00000001
2019-06-05,0.722,0.723,0.712,0.713,847417,60759838.0
2019-06-06,0.714,0.714,0.696,0.698,1126817,79160104.0
2019-06-10,0.699,0.707,0.698,0.704,598735,42066186.0
2019-06-11,0.705,0.726,0.699,0.726,1288591,92132029.0
2019-06-12,0.723,0.725,0.715,0.717,830081,59746395.0
2019-06-13,0.717,0.72,0.712,0.717,729371,52221408.99999999
2019-06-14,0.718,0.736,0.711,0.713,1331073,96359978.0
2019-06-17,0.711,0.711,0.703,0.706,1048189,73928668.0
2019-06-18,0.705,0.706,0.698,0.7,1075234,75432991.0
2019-06-19,0.715,0.718,0.711,0.713,1427530,101993114.0
2019-06-20,0.713,0.73,0.708,0.727,1699053,122710706.0
2019-06-21,0.732,0.743,0.729,0.74,1669102,122960647.0
2019-06-24,0.739,0.743,0.732,0.737,825725,60846503.0
2019-06-25,0.736,0.74,0.725,0.733,972562,71248382.0
2019-06-26,0.73,0.745,0.728,0.744,993109,73267143.0
2019-06-27,0.75,0.756,0.745,0.747,1360955,102069973.0
2019-06-28,0.745,0.746,0.733,0.738,873627,64528063.00000001
2019-07-01,0.751,0.757,0.748,0.756,1252137,94131957.0
2019-07-02,0.775,0.778,0.761,0.763,1534997,117846816.0
2019-07-03,0.762,0.779,0.754,0.772,2000376,153629052.0
2019-07-04,0.771,0.799,0.768,0.782,3167218,249501354.0
2019-07-05,0.78,0.781,0.771,0.778,892591,69290618.00000001
2019-07-08,0.775,0.776,0.744,0.75,1864139,140685526.0
2019-07-09,0.749,0.754,0.743,0.752,723750,54206994.0
2019-07-10,0.753,0.762,0.746,0.748,1182798,89253247.0
2019-07-11,0.751,0.758,0.742,0.748,778111,58438400.0
2019-07-12,0.744,0.749,0.741,0.747,721791,53872358.00000001
2019-07-15,0.746,0.767,0.744,0.765,1700626,128878878.0
2019-07-16,0.765,0.772,0.761,0.767,888466,68181206.0
2019-07-17,0.768,0.774,0.765,0.767,833040,64124790.0
2019-07-18,0.766,0.766,0.754,0.754,819857,62187719.0
2019-07-19,0.757,0.763,0.755,0.758,757896,57457717.00000001
2019-07-22,0.76,0.761,0.735,0.741,3316194,246599591.0
2019-07-23,0.741,0.754,0.74,0.753,828069,61948690.00000001
2019-07-24,0.755,0.768,0.755,0.764,1331801,101792151.0
2019-07-25,0.764,0.771,0.763,0.768,933026,71637519.0
2019-07-26,0.767,0.779,0.765,0.778,1095929,84851158.00000001
2019-07-29,0.78,0.786,0.775,0.779,1034664,80697816.0
2019-07-30,0.78,0.785,0.777,0.779,714071,55728040.0
2019-07-31,0.775,0.782,0.772,0.781,1299741,101145370.0
2019-08-01,0.781,0.782,0.77,0.772,1391756,107879937.0
2019-08-02,0.76,0.763,0.752,0.757,1928863,146141765.0
2019-08-05,0.758,0.77,0.754,0.756,1750734,133356015.0
2019-08-06,0.74,0.743,0.721,0.739,2197323,161617279.0
2019-08-07,0.742,0.743,0.725,0.726,762920,55978754.0
2019-08-08,0.731,0.745,0.73,0.741,1532136,113112593.0
2019-08-09,0.743,0.746,0.725,0.727,1279189,93655078.0
2019-08-12,0.727,0.738,0.723,0.738,1017607,74199489.0
2019-08-13,0.729,0.742,0.727,0.735,1091963,80255561.0
2019-08-14,0.743,0.745,0.736,0.744,1211288,89746441.0
2019-08-15,0.73,0.744,0.726,0.744,1271953,93631268.0
2019-08-16,0.742,0.751,0.74,0.745,1392348,103914958.0
2019-08-19,0.749,0.769,0.747,0.767,2132487,162089325.0
2019-08-20,0.769,0.776,0.764,0.77,1324980,101920520.0
2019-08-21,0.77,0.775,0.766,0.768,1090759,83947989.0
2019-08-22,0.77,0.782,0.768,0.78,1754795,136084431.0
2019-08-23,0.778,0.783,0.77,0.775,1410225,109305972.0
2019-08-26,0.764,0.773,0.758,0.773,1538882,117899411.0
2019-08-27,0.775,0.79,0.772,0.789,2028046,158840485.0
2019-08-28,0.785,0.801,0.784,0.791,3066814,243436054.0
2019-08-29,0.795,0.798,0.788,0.793,2042210,162121238.0
2019-08-30,0.796,0.814,0.794,0.809,3590050,288695384.0
2019-09-02,0.817,0.855,0.816,0.849,4501056,376549007.00000006
2019-09-03,0.853,0.858,0.838,0.851,5104336,432384396.00000006
2019-09-04,0.846,0.849,0.835,0.845,2965616,249787811.0
2019-09-05,0.847,0.858,0.843,0.849,3294536,280397847.0
2019-09-06,0.849,0.856,0.845,0.855,2561849,217903653.0
2019-09-09,0.86,0.864,0.85,0.863,2415578,206672235.0
2019-09-10,0.862,0.876,0.849,0.851,3100854,266630403.00000003
2019-09-11,0.853,0.853,0.84,0.843,2221697,187816947.0
2019-09-12,0.843,0.846,0.838,0.846,1601681,134904494.0
2019-09-16,0.849,0.851,0.838,0.841,1460969,123278012.0
2019-09-17,0.839,0.84,0.813,0.816,2207352,181869924.0
2019-09-18,0.816,0.819,0.809,0.811,1321719,107379547.0
2019-09-19,0.811,0.825,0.811,0.825,1859149,151859889.0
2019-09-20,0.824,0.825,0.811,0.814,1457900,118939946.0
2019-09-23,0.813,0.817,0.805,0.813,1418694,114957892.0
2019-09-24,0.812,0.819,0.806,0.811,1712376,139203302.0
2019-09-25,0.808,0.812,0.794,0.795,1549121,124150265.0
2019-09-26,0.798,0.8,0.765,0.766,2410474,187519729.0
2019-09-27,0.766,0.778,0.766,0.773,1080327,83611365.0
2019-09-30,0.773,0.779,0.765,0.766,1136281,87665210.0
2019-10-08,0.77,0.772,0.755,0.756,1160653,88446087.0
2019-10-09,0.755,0.763,0.75,0.761,981919,74382128.0
2019-10-10,0.762,0.77,0.761,0.769,953659,72985358.0
2019-10-11,0.77,0.771,0.759,0.767,1095655,83976057.0
2019-10-14,0.77,0.778,0.77,0.776,1300249,100730605.0
2019-10-15,0.774,0.775,0.76,0.763,1542123,117924156.0
2019-10-16,0.763,0.765,0.756,0.757,675281,51398438.0
2019-10-17,0.755,0.761,0.752,0.753,723300,54694922.0
2019-10-18,0.754,0.757,0.74,0.74,874446,65380754.00000001
2019-10-21,0.74,0.743,0.729,0.74,1008358,74167203.00000001
2019-10-22,0.741,0.748,0.74,0.748,662143,49252317.0
2019-10-23,0.748,0.749,0.739,0.74,502394,37329897.0
2019-10-24,0.74,0.742,0.732,0.741,840000,61923709.0
2019-10-25,0.741,0.747,0.735,0.745,974659,72195535.0
2019-10-28,0.749,0.758,0.748,0.758,1470401,110818818.0
2019-10-29,0.758,0.759,0.748,0.749,719489,54097923.00000001
2019-10-30,0.746,0.746,0.737,0.741,548798,40665910.0
2019-10-31,0.742,0.744,0.737,0.738,553646,40962593.0
2019-11-01,0.737,0.744,0.735,0.743,669865,49587325.0
2019-11-04,0.743,0.745,0.74,0.741,660241,49015265.99999999
2019-11-05,0.741,0.745,0.735,0.743,958068,70989637.0
2019-11-06,0.748,0.765,0.748,0.753,2675293,202800820.0
2019-11-07,0.75,0.752,0.745,0.748,1024693,76631805.0
2019-11-08,0.752,0.753,0.742,0.742,772428,57745967.0
2019-11-11,0.743,0.744,0.723,0.724,1229367,89783247.0
2019-11-12,0.722,0.724,0.713,0.724,791510,56909714.0
2019-11-13,0.721,0.723,0.717,0.72,395835,28513835.0
2019-11-14,0.72,0.724,0.718,0.722,504355,36357101.0
2019-11-15,0.722,0.724,0.714,0.716,592862,42589807.0
2019-11-18,0.715,0.72,0.712,0.719,561093,40194268.99999999
2019-11-19,0.718,0.731,0.718,0.731,989864,71919010.0
2019-11-20,0.729,0.731,0.723,0.724,544821,39591054.0
2019-11-21,0.722,0.733,0.721,0.73,994061,72554053.0
2019-11-22,0.729,0.735,0.723,0.726,1195600,87201281.00000001
2019-11-25,0.726,0.727,0.717,0.722,663353,47811310.0
2019-11-26,0.724,0.727,0.719,0.724,728454,52701257.0
2019-11-27,0.723,0.724,0.719,0.72,664645,47978198.0
2019-11-28,0.721,0.723,0.718,0.72,410548,29571867.0
2019-11-29,0.718,0.726,0.718,0.725,619665,44706749.99999999
2019-12-02,0.725,0.729,0.722,0.725,466896,33861136.0
2019-12-03,0.722,0.73,0.72,0.73,604860,43868056.0
2019-12-04,0.728,0.738,0.726,0.735,1950307,143105198.0
2019-12-05,0.737,0.746,0.737,0.745,1152295,85430128.00000001
2019-12-06,0.743,0.745,0.74,0.745,636571,47255030.0
2019-12-09,0.744,0.747,0.741,0.743,487538,36249502.0
2019-12-10,0.743,0.743,0.736,0.741,606150,44772014.99999999
2019-12-11,0.741,0.744,0.737,0.738,702250,51928800.0
2019-12-12,0.738,0.743,0.736,0.74,1189733,88003725.0
2019-12-13,0.741,0.745,0.738,0.745,1687913,125115499.0
2019-12-16,0.745,0.759,0.742,0.758,2085967,157095261.00000003
2019-12-17,0.758,0.768,0.757,0.764,2210004,168853953.0
2019-12-18,0.77,0.775,0.761,0.762,1631293,125254796.0
2019-12-19,0.767,0.768,0.761,0.766,1037346,79348552.0
2019-12-20,0.766,0.768,0.753,0.754,1251658,95101674.0
2019-12-23,0.754,0.754,0.737,0.738,1236120,92306995.0
2019-12-24,0.738,0.746,0.738,0.745,852210,63223465.00000001
2019-12-25,0.744,0.749,0.743,0.746,983793,73402073.0
2019-12-26,0.746,0.755,0.745,0.754,1210980,90613436.0
2019-12-27,0.754,0.762,0.75,0.752,2076297,157215434.0
2019-12-30,0.752,0.758,0.742,0.758,1453985,109516384.0
2019-12-31,0.758,0.76,0.752,0.758,1225199,92628547.0
2020-01-02,0.762,0.771,0.758,0.771,1632257,125093807.0
2020-01-03,0.773,0.785,0.77,0.784,3669353,286018803.0
2020-01-06,0.798,0.803,0.788,0.793,4269492,339189703.0
2020-01-07,0.788,0.795,0.787,0.794,1870327,147986078.0
2020-01-08,0.803,0.812,0.795,0.805,4549158,365021486.0
2020-01-09,0.791,0.798,0.786,0.798,2972610,235798797.00000003
2020-01-10,0.795,0.799,0.788,0.791,1385234,109703129.0
2020-01-13,0.79,0.8,0.786,0.8,1387287,110069392.0
2020-01-14,0.8,0.803,0.793,0.793,1566622,124782758.0
2020-01-15,0.792,0.792,0.782,0.786,1829408,143557029.0
2020-01-16,0.787,0.804,0.787,0.796,2241609,178902668.0
2020-01-17,0.794,0.799,0.791,0.792,1091150,86693099.0
2020-01-20,0.793,0.808,0.793,0.807,1554479,124720879.0
2020-01-21,0.808,0.809,0.799,0.8,1115090,89560417.99999999
2020-01-22,0.795,0.806,0.786,0.803,1470067,117088581.0
2020-01-23,0.796,0.819,0.78,0.79,2102834,168496390.99999997
2020-02-03,0.711,0.724,0.711,0.711,1564567,111532529.0
2020-02-04,0.7,0.721,0.686,0.721,1219552,87037318.0
2020-02-05,0.717,0.747,0.717,0.739,1652838,121699754.0
2020-02-06,0.742,0.769,0.738,0.767,1677277,126808837.0
2020-02-07,0.771,0.785,0.766,0.784,1773873,137959096.0
2020-02-10,0.787,0.799,0.777,0.789,1167813,91970524.0
2020-02-11,0.788,0.79,0.779,0.782,1186305,92956992.0
2020-02-12,0.778,0.799,0.778,0.798,1102709,87142279.0
2020-02-13,0.799,0.801,0.785,0.791,1093167,86638734.0
2020-02-14,0.789,0.8,0.787,0.792,1130854,89597808.0
2020-02-17,0.8,0.85,0.8,0.849,3108629,257930232.0
2020-02-18,0.86,0.875,0.856,0.874,2880414,249223519.00000003
2020-02-19,0.864,0.88,0.822,0.856,2707016,234346318.0
2020-02-20,0.855,0.865,0.844,0.865,1426893,122052326.0
2020-02-21,0.865,0.899,0.861,0.89,1900173,167564281.0
2020-02-24,0.888,0.902,0.88,0.897,1798605,160520075.0
2020-02-25,0.877,0.9,0.85,0.896,1919748,168756472.0
2020-02-26,0.878,0.911,0.872,0.879,1971355,176575018.0
2020-02-27,0.881,0.888,0.855,0.871,1694044,147781879.0
2020-02-28,0.836,0.854,0.818,0.821,1173113,98214328.0
2020-03-02,0.831,0.858,0.827,0.853,1420200,120078822.0
2020-03-03,0.865,0.896,0.861,0.872,1659868,146184697.0
2020-03-04,0.865,0.883,0.853,0.872,1589463,138470408.0
2020-03-05,0.884,0.887,0.866,0.877,1148018,100551529.0
2020-03-06,0.872,0.879,0.859,0.871,818734,71224621.0
2020-03-09,0.86,0.862,0.825,0.827,1070767,90271719.0
2020-03-10,0.825,0.867,0.817,0.866,1344383,113456252.0
2020-03-11,0.866,0.895,0.863,0.866,1959582,172706217.0
2020-03-12,0.846,0.861,0.833,0.843,1171184,99183396.0
2020-03-13,0.81,0.856,0.803,0.843,1328908,110047134.0
2020-03-16,0.848,0.85,0.79,0.795,1382840,113772985.0
2020-03-17,0.801,0.815,0.771,0.795,1035895,81938412.0
2020-03-18,0.8,0.813,0.773,0.774,964160,76973930.0
2020-03-19,0.776,0.793,0.765,0.787,1006034,78499892.0
2020-03-20,0.791,0.799,0.778,0.792,814759,64389717.0
2020-03-23,0.767,0.773,0.746,0.752,1417258,108025609.0
2020-03-24,0.769,0.771,0.745,0.765,730985,55653900.0
2020-03-25,0.78,0.783,0.77,0.776,827162,64257451.00000001
2020-03-26,0.77,0.777,0.765,0.766,760736,58531911.0
2020-03-27,0.773,0.779,0.765,0.766,1262228,97532541.0
2020-03-30,0.754,0.767,0.736,0.76,1915061,143998582.0
2020-03-31,0.761,0.764,0.748,0.749,678073,51274760.0
2020-04-01,0.747,0.758,0.744,0.747,576210,43295764.00000001
2020-04-02,0.744,0.768,0.742,0.767,887645,66935696.0
2020-04-03,0.766,0.768,0.754,0.76,493494,37543411.0
2020-04-07,0.775,0.794,0.772,0.793,1608625,126621356.0
2020-04-08,0.784,0.806,0.783,0.804,1982273,158237712.00000003
2020-04-09,0.808,0.812,0.798,0.803,1358735,109456416.0
2020-04-10,0.802,0.803,0.786,0.79,1430868,113829414.0
2020-04-13,0.786,0.791,0.776,0.789,985541,77303573.0
2020-04-14,0.792,0.798,0.787,0.797,887679,70318717.0
2020-04-15,0.795,0.799,0.788,0.788,945827,75182306.0
2020-04-16,0.784,0.803,0.781,0.799,1235889,98346290.0
2020-04-17,0.802,0.808,0.795,0.797,1191930,95608389.0
2020-04-20,0.796,0.813,0.796,0.812,1774593,142994924.0
2020-04-21,0.811,0.817,0.805,0.812,1656661,134439256.00000003
2020-04-22,0.804,0.815,0.801,0.811,1212392,98094294.0
2020-04-23,0.814,0.828,0.809,0.821,2429751,199175372.0
2020-04-24,0.816,0.82,0.794,0.805,1770122,142675809.0
2020-04-27,0.801,0.804,0.79,0.792,1116031,88993524.0
2020-04-28,0.791,0.792,0.759,0.781,1365654,105864193.0
2020-04-29,0.778,0.794,0.774,0.79,1115446,87908240.99999999
2020-04-30,0.794,0.817,0.792,0.815,1434171,115723320.0
2020-05-06,0.811,0.831,0.809,0.831,1663284,136672773.0
2020-05-07,0.827,0.834,0.826,0.828,1114177,92439562.0
2020-05-08,0.831,0.843,0.83,0.837,1777939,148789937.0
2020-05-11,0.844,0.847,0.832,0.842,1459335,122566665.0
2020-05-12,0.844,0.844,0.83,0.839,1093045,91394237.0
2020-05-13,0.837,0.841,0.835,0.838,1010580,84679499.0
2020-05-14,0.834,0.848,0.83,0.839,1369409,115026305.0
2020-05-15,0.844,0.846,0.835,0.839,1287395,108241709.0
2020-05-18,0.844,0.866,0.838,0.852,2492061,213383251.0
2020-05-19,0.853,0.859,0.849,0.859,1166061,99586965.0
2020-05-20,0.858,0.858,0.832,0.836,1649369,139031204.0
2020-05-21,0.836,0.838,0.818,0.822,1269121,104908183.0
2020-05-22,0.82,0.829,0.805,0.81,1437635,117557623.0
2020-05-25,0.81,0.82,0.795,0.8,1190060,95481566.0
2020-05-26,0.8,0.813,0.8,0.812,1129539,91214041.0
2020-05-27,0.814,0.815,0.802,0.805,823912,66648892.0
2020-05-28,0.805,0.809,0.792,0.805,1002558,80170072.0
2020-05-29,0.801,0.811,0.8,0.81,952923,76754628.0
2020-06-01,0.811,0.83,0.81,0.828,1548517,127289852.0
2020-06-02,0.83,0.838,0.823,0.83,2804096,232950408.0
2020-06-03,0.83,0.831,0.823,0.824,1106131,91425808.0
2020-06-04,0.828,0.828,0.814,0.817,953900,78103706.0
2020-06-05,0.817,0.82,0.81,0.816,1020114,83188503.0
2020-06-08,0.818,0.822,0.813,0.814,1111828,90945236.0
2020-06-09,0.813,0.815,0.809,0.812,1440936,116984570.0
2020-06-10,0.811,0.813,0.807,0.813,1178992,95437463.0
2020-06-11,0.813,0.823,0.81,0.815,1456377,119004203.0
2020-06-12,0.803,0.815,0.801,0.814,1060783,85756305.00000001
2020-06-15,0.81,0.813,0.801,0.802,881025,71163407.0
2020-06-16,0.805,0.811,0.804,0.81,850219,68658886.0
2020-06-17,0.822,0.825,0.816,0.823,2781126,228427326.00000003
2020-06-18,0.82,0.82,0.806,0.81,1718242,139151120.0
2020-06-19,0.809,0.818,0.808,0.816,1572342,127922350.0
2020-06-22,0.816,0.826,0.816,0.825,2074321,170445288.99999997
2020-06-23,0.825,0.829,0.819,0.827,1569375,129304118.0
2020-06-24,0.826,0.826,0.819,0.822,1357551,111432101.0
2020-06-29,0.818,0.829,0.817,0.822,1358320,111907794.0
2020-06-30,0.825,0.835,0.824,0.835,1672796,138830807.0
2020-07-01,0.839,0.839,0.825,0.835,1795694,149188941.0
2020-07-02,0.836,0.848,0.831,0.848,2509505,211262093.0
2020-07-03,0.853,0.858,0.847,0.857,3380496,288366421.0
2020-07-06,0.869,0.915,0.865,0.91,7018520,626890985.0000001
2020-07-07,0.932,0.942,0.895,0.921,6422715,595479683.0
2020-07-08,0.919,1.013,0.913,1.011,9324640,909128315.0
2020-07-09,1.039,1.055,1.014,1.041,14887382,1544535874.0
2020-07-10,1.035,1.038,1.003,1.015,7741549,791369056.0
2020-07-13,1.011,1.037,1.0,1.036,6069360,619111726.0
2020-07-14,1.032,1.073,1.015,1.039,9171478,957122248.0
2020-07-15,1.044,1.049,0.991,1.001,6772544,686994557.0
2020-07-16,1.0,1.02,0.958,0.964,5813445,577563797.0
2020-07-17,0.965,1.014,0.962,1.0,7049878,699096073.0
2020-07-20,1.029,1.1,1.018,1.1,14076700,1498687290.0
2020-07-21,1.094,1.094,1.035,1.049,15906298,1676160077.0
2020-07-22,1.037,1.088,1.036,1.067,12045066,1288004828.0
2020-07-23,1.078,1.118,1.063,1.115,17590457,1919515585.0
2020-07-24,1.12,1.131,1.067,1.07,22474044,2489318213.0
2020-07-27,1.058,1.091,1.032,1.061,12393710,1318396519.0
2020-07-28,1.062,1.096,1.052,1.078,9094992,980473016.0
2020-07-29,1.07,1.105,1.065,1.104,7011422,761494889.0000001
2020-07-30,1.11,1.129,1.083,1.089,7766927,857256311.0
2020-07-31,1.085,1.093,1.066,1.079,6841896,737419690.0
2020-08-03,1.09,1.175,1.089,1.17,14752813,1681002458.0
2020-08-04,1.165,1.165,1.118,1.128,13639753,1545907301.0000002
2020-08-05,1.122,1.18,1.118,1.165,13338692,1538634217.0000002
2020-08-06,1.158,1.224,1.15,1.207,16364466,1952745922.0
2020-08-07,1.195,1.26,1.176,1.249,18477104,2248734268.0
2020-08-10,1.237,1.309,1.213,1.22,20019471,2518602932.0000005
2020-08-11,1.201,1.249,1.19,1.207,16366644,1998227733.0
2020-08-12,1.188,1.196,1.129,1.153,13591743,1571889627.0
2020-08-13,1.15,1.18,1.147,1.159,8365134,974750383.0
2020-08-14,1.154,1.208,1.154,1.2,8843415,1055251245.0
2020-08-17,1.215,1.235,1.192,1.234,7764448,948387842.0
2020-08-18,1.228,1.253,1.224,1.235,6805302,843114700.0
2020-08-19,1.23,1.235,1.201,1.207,6967639,849556893.0
2020-08-20,1.195,1.205,1.154,1.162,7669977,902215129.0
2020-08-21,1.17,1.188,1.147,1.161,5170586,604061288.0
2020-08-24,1.164,1.184,1.152,1.17,3739566,436703511.00000006
2020-08-25,1.171,1.172,1.119,1.129,8207750,932073792.0
2020-08-26,1.125,1.137,1.087,1.094,7015156,777865061.0
2020-08-27,1.096,1.115,1.087,1.114,4639192,511164692.0
2020-08-28,1.113,1.139,1.111,1.138,5348908,603165926.0
2020-08-31,1.147,1.163,1.133,1.147,7106626,817099822.0
2020-09-01,1.16,1.178,1.148,1.173,7029619,819948812.0000001
2020-09-02,1.174,1.174,1.144,1.157,4277481,494687726.0
2020-09-03,1.15,1.152,1.127,1.143,4101337,467178573.00000006
2020-09-04,1.121,1.138,1.12,1.136,3538708,399237374.0
2020-09-07,1.136,1.145,1.099,1.104,4161122,467509981.0
2020-09-08,1.108,1.113,1.082,1.1,3330483,365461944.0
2020-09-09,1.091,1.11,1.068,1.092,6541976,715334248.0
2020-09-10,1.094,1.096,1.05,1.052,5505072,592045924.0
2020-09-11,1.046,1.056,1.035,1.054,3115121,325622053.0
2020-09-14,1.057,1.061,1.041,1.05,2304782,242297170.00000003
2020-09-15,1.047,1.067,1.047,1.062,2805958,297425652.0
2020-09-16,1.058,1.059,1.039,1.045,2158288,226231760.0
2020-09-17,1.042,1.064,1.033,1.054,2912946,304938769.0
2020-09-18,1.055,1.087,1.055,1.085,3938809,423494908.0
2020-09-21,1.097,1.13,1.091,1.111,5949583,663574440.0000001
2020-09-22,1.097,1.105,1.084,1.09,2770376,302601175.0
2020-09-23,1.092,1.096,1.08,1.089,1819620,197692161.0
2020-09-24,1.08,1.083,1.055,1.056,2752028,293232190.00000006
2020-09-25,1.061,1.07,1.053,1.059,2745039,291206812.0
2020-09-28,1.061,1.063,1.043,1.045,1970088,207060667.0
2020-09-29,1.051,1.094,1.051,1.089,4941663,533761925.00000006
2020-09-30,1.087,1.094,1.073,1.09,3401195,369284181.0
2020-10-09,1.105,1.11,1.093,1.109,4558818,502131102.0
2020-10-12,1.115,1.155,1.11,1.154,6970465,791100120.0
2020-10-13,1.15,1.161,1.14,1.155,3268126,375743935.0
2020-10-14,1.157,1.175,1.139,1.148,4499073,518929367.00000006
2020-10-15,1.14,1.149,1.136,1.137,2471904,282049851.0
2020-10-16,1.135,1.143,1.114,1.123,3072410,345554743.0
2020-10-19,1.125,1.133,1.113,1.115,3259934,365790038.0
2020-10-20,1.109,1.119,1.098,1.118,2401996,266033400.00000003
2020-10-21,1.118,1.118,1.082,1.089,3368180,368750877.00000006
2020-10-22,1.084,1.085,1.062,1.075,2670767,286076063.0
2020-10-23,1.077,1.083,1.055,1.058,3406074,364169322.0
2020-10-26,1.055,1.069,1.041,1.065,2526426,267512756.0
2020-10-27,1.06,1.079,1.058,1.073,3211788,344344337.0
2020-10-28,1.075,1.075,1.052,1.069,2685242,285276725.0
2020-10-29,1.055,1.06,1.047,1.056,3638537,383658841.00000006
2020-10-30,1.067,1.083,1.034,1.037,5873749,623055694.0
2020-11-02,1.033,1.039,1.019,1.031,4140432,425057267.0
2020-11-03,1.034,1.068,1.03,1.066,4702860,494955494.0
2020-11-04,1.066,1.08,1.052,1.074,5686873,607052154.0
2020-11-05,1.073,1.081,1.06,1.076,5120004,548201626.0
2020-11-06,1.074,1.074,1.051,1.057,3598079,381618246.0
2020-11-09,1.054,1.078,1.047,1.078,6634905,707847636.0
2020-11-10,1.078,1.078,1.053,1.058,4825614,513449641.00000006
2020-11-11,1.057,1.064,1.035,1.037,3914641,409869059.0
2020-11-12,1.038,1.048,1.03,1.033,2584232,268000488.0
2020-11-13,1.032,1.066,1.025,1.056,6595970,692956909.0
2020-11-16,1.055,1.066,1.052,1.06,3223980,340677632.0
2020-11-17,1.06,1.06,1.029,1.038,3742597,389105616.0
2020-11-18,1.04,1.05,1.036,1.044,2652166,276393990.0
2020-11-19,1.039,1.094,1.032,1.089,11128396,1194941361.0
2020-11-20,1.091,1.116,1.089,1.103,7716081,849760263.0
2020-11-23,1.103,1.113,1.086,1.102,5963596,656975696.0000001
2020-11-24,1.1,1.123,1.097,1.108,4933236,548889399.0
2020-11-25,1.103,1.11,1.076,1.078,4089905,446324776.00000006
2020-11-26,1.081,1.108,1.074,1.1,5495337,600271842.0
2020-11-27,1.1,1.14,1.088,1.121,7930847,885118123.9999999
2020-11-30,1.121,1.141,1.11,1.128,7244304,819134877.0
2020-12-01,1.129,1.156,1.123,1.15,7074253,807930559.9999999
2020-12-02,1.151,1.163,1.142,1.15,5523269,635758001.0
2020-12-03,1.145,1.148,1.126,1.131,5419667,614804986.0
2020-12-04,1.125,1.147,1.117,1.142,4716483,534522620.0
2020-12-07,1.143,1.159,1.139,1.147,4793498,550639528.0
2020-12-08,1.144,1.154,1.138,1.142,2862125,327453855.0
2020-12-09,1.138,1.147,1.113,1.114,4534115,513461209.0
2020-12-10,1.108,1.127,1.103,1.117,3077311,343069719.0
2020-12-11,1.117,1.117,1.078,1.09,4892510,535298038.0
2020-12-14,1.085,1.114,1.076,1.109,4027962,443968940.0
2020-12-15,1.104,1.125,1.101,1.113,3510934,390749793.00000006
2020-12-16,1.107,1.117,1.098,1.104,3196744,353291396.00000006
2020-12-17,1.102,1.107,1.071,1.095,4824817,524733580.0
2020-12-18,1.098,1.114,1.092,1.095,4256312,469139322.0
2020-12-21,1.091,1.145,1.091,1.144,7122198,803755040.0
2020-12-22,1.138,1.152,1.121,1.124,5528534,628846813.0000001
2020-12-23,1.126,1.185,1.125,1.184,8995616,1039782634.0
2020-12-24,1.19,1.23,1.184,1.192,10963775,1325649573.0
2020-12-25,1.185,1.214,1.172,1.211,6421052,768053250.0
2020-12-28,1.211,1.232,1.193,1.21,5734885,692944033.0000001
2020-12-29,1.209,1.227,1.187,1.196,6260245,755859156.0
2020-12-30,1.188,1.244,1.185,1.231,8378587,1021100579.0
2020-12-31,1.23,1.29,1.226,1.288,10301027,1293431896.0
2021-01-04,1.325,1.393,1.303,1.383,12483775,1680561831.0
2021-01-05,1.37,1.416,1.351,1.384,14077844,1940758377.0
2021-01-06,1.371,1.431,1.364,1.399,13431093,1883432110.0
2021-01-07,1.386,1.444,1.376,1.438,13015603,1841566922.0
2021-01-08,1.44,1.44,1.374,1.398,14858775,2077039834.0
2021-01-11,1.412,1.43,1.34,1.352,15293918,2120961860.0
2021-01-12,1.34,1.411,1.34,1.406,14557662,2023940654.0
2021-01-13,1.411,1.424,1.371,1.384,13682839,1909127393.0
2021-01-14,1.368,1.368,1.303,1.306,17022466,2252480074.0
2021-01-15,1.299,1.318,1.261,1.297,13801225,1778570422.0
2021-01-18,1.298,1.339,1.297,1.325,12134913,1606892691.0000002
2021-01-19,1.317,1.335,1.287,1.297,10711487,1397566660.0
2021-01-20,1.297,1.325,1.283,1.321,9716974,1271987558.0
2021-01-21,1.313,1.344,1.308,1.336,10689573,1421158209.0
2021-01-22,1.33,1.339,1.31,1.337,8944779,1186734726.0
2021-01-25,1.343,1.377,1.327,1.34,13499635,1831630520.0
2021-01-26,1.323,1.324,1.242,1.243,22914333,2897698066.0
2021-01-27,1.234,1.259,1.228,1.245,8560970,1065051368.0
2021-01-28,1.231,1.265,1.222,1.233,8036898,999114539.0
2021-01-29,1.242,1.246,1.165,1.189,12430902,1488873020.0
2021-02-01,1.19,1.2,1.177,1.183,6017932,714746818.0
2021-02-02,1.185,1.205,1.168,1.204,7401866,880706232.0
2021-02-03,1.202,1.204,1.16,1.162,8763596,1032826725.0
2021-02-04,1.154,1.178,1.132,1.147,7839978,902628691.0
2021-02-05,1.158,1.169,1.121,1.123,7708480,880651220.0
2021-02-08,1.125,1.136,1.104,1.128,7562330,849374074.0
2021-02-09,1.128,1.199,1.125,1.198,13724901,1608981603.0
2021-02-10,1.198,1.198,1.166,1.187,13969732,1649189812.0
2021-02-18,1.2,1.205,1.175,1.179,9585411,1136851891.0
2021-02-19,1.179,1.187,1.163,1.186,7751131,910608095.0
2021-02-22,1.188,1.19,1.14,1.141,13639164,1590449141.0000002
2021-02-23,1.131,1.184,1.125,1.179,14534945,1689202223.0
2021-02-24,1.183,1.199,1.154,1.176,11284162,1329168447.0
2021-02-25,1.176,1.215,1.17,1.199,14427946,1723391143.0
2021-02-26,1.178,1.19,1.155,1.158,11984187,1400762700.0
2021-03-01,1.165,1.18,1.152,1.18,7789968,910397860.0
2021-03-02,1.188,1.195,1.159,1.187,10957875,1289146299.0
2021-03-03,1.174,1.187,1.166,1.186,8195433,965226268.0
2021-03-04,1.176,1.203,1.165,1.168,11259149,1331342336.9999998
2021-03-05,1.151,1.163,1.127,1.145,8524862,977812657.0
2021-03-08,1.146,1.149,1.06,1.064,15114994,1664069359.0
2021-03-09,1.055,1.061,1.0,1.01,11920435,1222804721.0
2021-03-10,1.023,1.029,1.001,1.005,6138692,621052897.0
2021-03-11,1.008,1.025,0.996,1.023,6061838,615088632.0
2021-03-12,1.023,1.024,1.001,1.015,4802171,485368285.00000006
2021-03-15,1.014,1.024,0.998,1.006,5479205,553582149.0
2021-03-16,1.005,1.019,1.001,1.006,4089428,413017072.0
2021-03-17,1.006,1.029,1.003,1.023,5957650,606362509.0
2021-03-18,1.021,1.046,1.02,1.038,5421147,560145075.0
2021-03-19,1.024,1.059,1.019,1.04,7737149,804651483.0
2021-03-22,1.035,1.054,1.029,1.049,4316586,451041511.00000006
2021-03-23,1.05,1.056,1.037,1.042,3111428,324959976.99999994
2021-03-24,1.039,1.048,1.016,1.022,4149537,425973961.0
2021-03-25,1.017,1.037,1.017,1.028,3872491,397884465.0
2021-03-26,1.028,1.045,1.028,1.044,4136168,429649922.0
2021-03-29,1.05,1.078,1.05,1.062,6638763,706753142.0
2021-03-30,1.062,1.1,1.061,1.085,7407663,805562588.0
2021-03-31,1.08,1.08,1.04,1.042,6346344,666551117.0
2021-04-01,1.045,1.053,1.042,1.05,2542006,266322998.0
2021-04-02,1.052,1.061,1.046,1.055,3671946,387133655.0
2021-04-06,1.061,1.069,1.055,1.066,3586512,381288595.0
2021-04-07,1.063,1.064,1.05,1.057,3284155,346656704.0
2021-04-08,1.054,1.067,1.048,1.054,3464200,366372620.0
2021-04-09,1.066,1.078,1.058,1.062,4199682,448064824.0
2021-04-12,1.059,1.061,1.022,1.029,4415379,458693029.0
2021-04-13,1.023,1.032,1.017,1.024,2628324,269050176.0
2021-04-14,1.022,1.04,1.021,1.039,2868061,296387922.0
2021-04-15,1.038,1.04,1.026,1.036,2240207,231655014.0
2021-04-16,1.036,1.043,1.029,1.039,2877331,297917348.00000006
2021-04-19,1.036,1.054,1.032,1.053,4576757,479574888.00000006
2021-04-20,1.05,1.061,1.043,1.046,4972402,522366222.0
2021-04-21,1.04,1.046,1.031,1.038,3442470,357588337.0
2021-04-22,1.04,1.048,1.035,1.038,3065501,318863028.0
2021-04-23,1.036,1.042,1.03,1.034,3470866,359055871.0
2021-04-26,1.036,1.053,1.032,1.034,5540318,578379481.0
2021-04-27,1.031,1.033,1.011,1.019,4626062,471414411.0
2021-04-28,1.017,1.028,1.017,1.027,3013312,308272115.0
2021-04-29,1.028,1.036,1.025,1.03,3777522,389058252.0
2021-04-30,1.022,1.022,0.987,0.994,16299902,1628202914.0
2021-05-06,0.992,1.013,0.989,1.005,5881611,590147291.0
2021-05-07,1.003,1.009,0.993,0.994,3869381,386918601.0
2021-05-10,0.993,0.993,0.973,0.978,5234617,512562832.0
2021-05-11,0.974,1.007,0.972,1.002,6340665,628658380.0
2021-05-12,0.998,1.0,0.99,1.0,2983393,296918212.0
2021-05-13,0.992,1.012,0.99,0.996,4920090,493090393.0
2021-05-14,1.0,1.035,0.993,1.034,12667910,1293646292.0
2021-05-17,1.041,1.055,1.036,1.041,7097115,741951545.9999999
2021-05-18,1.035,1.069,1.03,1.063,8731695,923049859.0
2021-05-19,1.058,1.072,1.054,1.066,4721470,502442771.0
2021-05-20,1.064,1.081,1.061,1.068,4313545,461758527.0
2021-05-21,1.069,1.072,1.044,1.047,4391865,462098528.0
2021-05-24,1.046,1.057,1.042,1.057,3799610,400114902.0
2021-05-25,1.057,1.096,1.051,1.093,8840392,955800288.0
2021-05-26,1.094,1.111,1.089,1.091,7240691,796008727.9999999
2021-05-27,1.089,1.105,1.087,1.1,4793104,526395792.00000006
2021-05-28,1.099,1.114,1.094,1.107,5633899,622214054.0
2021-05-31,1.111,1.142,1.109,1.139,7682348,865347574.0
2021-06-01,1.138,1.148,1.13,1.135,5745932,654299765.0
2021-06-02,1.13,1.141,1.104,1.105,6342628,709272160.9999999
2021-06-03,1.104,1.112,1.09,1.092,5093260,560891358.0
2021-06-04,1.086,1.11,1.085,1.104,5088444,560684073.0
2021-06-07,1.113,1.135,1.112,1.122,5180595,582092855.0
2021-06-08,1.122,1.14,1.116,1.138,6502569,733265484.0000001
2021-06-09,1.148,1.163,1.135,1.145,6187058,710359012.0
2021-06-10,1.146,1.151,1.133,1.149,5422636,620373012.0
2021-06-11,1.15,1.152,1.103,1.108,9598814,1074676955.0
2021-06-15,1.105,1.118,1.1,1.112,4895177,543866245.0
2021-06-16,1.109,1.123,1.09,1.098,4927292,544679022.0
2021-06-17,1.104,1.115,1.096,1.111,4348731,480688326.0
2021-06-18,1.111,1.145,1.108,1.134,7567391,854715679.0000001
2021-06-21,1.134,1.181,1.133,1.18,11438254,1327513778.0
2021-06-22,1.186,1.189,1.162,1.173,6946792,814001678.0
2021-06-23,1.169,1.178,1.157,1.17,6195712,723793139.0
2021-06-24,1.168,1.188,1.15,1.152,7365899,858743994.0
2021-06-25,1.148,1.157,1.135,1.156,7849514,900503218.0
2021-06-28,1.157,1.167,1.15,1.16,6854852,794730486.0
2021-06-29,1.158,1.168,1.135,1.135,7153509,820819573.0
2021-06-30,1.135,1.153,1.131,1.152,5792420,661283053.0
2021-07-01,1.162,1.165,1.103,1.105,12437355,1397463872.0
2021-07-02,1.097,1.099,1.06,1.065,8902934,955726298.0
2021-07-05,1.063,1.081,1.061,1.07,4763941,509777882.0
2021-07-06,1.069,1.08,1.059,1.079,4974685,532331975.0
2021-07-07,1.07,1.109,1.068,1.107,6947623,761439160.0000001
2021-07-08,1.11,1.156,1.107,1.152,12814117,1465135710.0
2021-07-09,1.146,1.155,1.137,1.143,6311555,722132360.0
2021-07-12,1.15,1.17,1.133,1.16,7864021,907908742.0
2021-07-13,1.16,1.171,1.144,1.153,5933446,684843237.0
2021-07-14,1.147,1.15,1.121,1.131,5528723,626283002.0
2021-07-15,1.128,1.149,1.115,1.13,5288399,596632425.0
2021-07-16,1.129,1.193,1.121,1.179,15379668,1800135626.0
2021-07-19,1.185,1.2,1.162,1.169,7782313,917083264.0
2021-07-20,1.159,1.195,1.156,1.19,7932659,936512895.0
2021-07-21,1.186,1.213,1.185,1.209,11181742,1344746338.0
2021-07-22,1.207,1.209,1.19,1.206,6928204,830401117.0
2021-07-23,1.206,1.25,1.186,1.234,12389762,1505900223.0
2021-07-26,1.236,1.291,1.234,1.243,18574550,2341237274.0
2021-07-27,1.242,1.269,1.213,1.218,15323069,1906916707.0
2021-07-28,1.198,1.204,1.135,1.158,12587400,1467003258.0
2021-07-29,1.172,1.216,1.171,1.208,11452784,1372634156.0
2021-07-30,1.205,1.217,1.189,1.206,11410897,1375938613.0
2021-08-02,1.212,1.277,1.212,1.271,12830579,1612687701.0
2021-08-03,1.271,1.288,1.241,1.251,9260190,1171601550.0
2021-08-04,1.247,1.29,1.245,1.286,11947968,1526835846.0
2021-08-05,1.289,1.353,1.285,1.331,17415000,2310207826.0
2021-08-06,1.332,1.349,1.312,1.342,11708680,1557224134.0
2021-08-09,1.345,1.364,1.323,1.333,8431792,1131104607.9999998
2021-08-10,1.325,1.41,1.32,1.385,15370077,2121982329.0
2021-08-11,1.38,1.398,1.365,1.379,10848883,1492586552.9999998
2021-08-12,1.371,1.379,1.335,1.34,13186814,1779050817.0000002
2021-08-13,1.333,1.361,1.317,1.335,12088095,1617814136.9999998
2021-08-16,1.331,1.34,1.3,1.309,9658092,1270269234.0000002
2021-08-17,1.308,1.327,1.278,1.287,10530006,1371420163.0
2021-08-18,1.286,1.329,1.281,1.323,12929882,1697885791.0
2021-08-19,1.315,1.361,1.301,1.35,12571659,1684189975.0
2021-08-20,1.342,1.367,1.322,1.346,11923215,1604629138.0
2021-08-23,1.358,1.42,1.356,1.405,14752646,2060589113.0
2021-08-24,1.364,1.403,1.331,1.397,21053939,2876192560.0
2021-08-25,1.386,1.405,1.37,1.383,9563880,1320607449.0000002
2021-08-26,1.378,1.407,1.37,1.378,9386583,1305260470.0
2021-08-27,1.369,1.377,1.343,1.355,9036034,1223974897.0
2021-08-30,1.367,1.42,1.367,1.391,12657930,1767660204.0
2021-08-31,1.395,1.413,1.373,1.394,7738438,1078993385.0
2021-09-01,1.393,1.397,1.316,1.349,10841399,1464333705.0
2021-09-02,1.338,1.352,1.326,1.343,7010789,939389350.0
2021-09-03,1.334,1.342,1.27,1.292,12253691,1592378848.0
2021-09-06,1.288,1.313,1.279,1.312,8996996,1168553787.0000002
2021-09-07,1.308,1.338,1.302,1.328,6531755,864944872.0
2021-09-08,1.328,1.33,1.3,1.31,6964890,914943908.0
2021-09-09,1.307,1.345,1.295,1.344,8740460,1154701732.0000002
2021-09-10,1.345,1.345,1.318,1.328,8282824,1101801472.0
2021-09-13,1.326,1.334,1.304,1.314,5366955,705479549.0
2021-09-14,1.313,1.335,1.295,1.299,6022994,792207835.0
2021-09-15,1.297,1.315,1.284,1.307,5620231,731706420.0
2021-09-16,1.304,1.316,1.273,1.275,7217318,932313080.0
2021-09-17,1.277,1.291,1.228,1.258,6926833,870979034.0000001
2021-09-22,1.239,1.287,1.238,1.279,5898307,747881335.0
2021-09-23,1.279,1.316,1.277,1.312,6803800,883985228.0
2021-09-24,1.311,1.316,1.297,1.307,3655360,477953174.0
2021-09-27,1.305,1.31,1.243,1.262,6604091,839487276.0
2021-09-28,1.26,1.285,1.256,1.273,4526054,577443345.0
2021-09-29,1.265,1.269,1.225,1.228,5784530,718100101.0
2021-09-30,1.23,1.252,1.23,1.238,3511687,436003502.0
2021-10-08,1.25,1.251,1.214,1.22,4357357,534238343.0
2021-10-11,1.225,1.272,1.221,1.247,6145967,770438666.0000001
2021-10-12,1.236,1.24,1.193,1.21,5112418,620238849.0
2021-10-13,1.19,1.214,1.171,1.209,6745935,803856366.0
2021-10-14,1.203,1.242,1.203,1.231,5228252,642703322.0
2021-10-15,1.232,1.246,1.229,1.239,2694297,333672164.0
2021-10-18,1.242,1.262,1.239,1.255,4616013,578009819.0
2021-10-19,1.253,1.259,1.242,1.258,2876785,360187828.99999994
2021-10-20,1.257,1.28,1.255,1.272,4759125,604651878.0
2021-10-21,1.27,1.271,1.247,1.257,2600738,327044661.0
2021-10-22,1.253,1.265,1.251,1.261,2304260,290129435.0
2021-10-25,1.259,1.283,1.252,1.279,5168522,657581744.0
2021-10-26,1.276,1.285,1.271,1.277,2881742,368260114.00000006
2021-10-27,1.297,1.306,1.278,1.289,5315356,685394597.0
2021-10-28,1.278,1.291,1.259,1.262,3186646,405843918.0
2021-10-29,1.264,1.306,1.258,1.303,6080888,784910535.9999999
2021-11-01,1.311,1.334,1.307,1.327,5960203,789409773.0
2021-11-02,1.342,1.372,1.34,1.361,9365153,1268971741.0000002
2021-11-03,1.35,1.355,1.325,1.346,6071930,813983124.0
2021-11-04,1.345,1.366,1.34,1.364,5019837,679155889.0000001
2021-11-05,1.36,1.369,1.344,1.348,4219430,572108920.0
2021-11-08,1.345,1.354,1.326,1.353,3495600,469775214.0
2021-11-09,1.351,1.413,1.348,1.403,11383834,1586165825.0
2021-11-10,1.4,1.423,1.392,1.398,7192645,1009122048.0
2021-11-11,1.394,1.408,1.383,1.402,3891917,543600725.0
2021-11-12,1.401,1.456,1.4,1.454,7291583,1048015011.0
2021-11-15,1.454,1.475,1.425,1.43,5905213,854465285.0
2021-11-16,1.423,1.447,1.371,1.373,9536475,1332111258.0000002
2021-11-17,1.366,1.405,1.354,1.4,6555618,905656832.0
2021-11-18,1.392,1.453,1.39,1.44,5422084,773169994.0
2021-11-19,1.436,1.452,1.428,1.439,3436761,495157513.0
2021-11-22,1.437,1.458,1.428,1.456,3815281,552132903.0
2021-11-23,1.453,1.462,1.436,1.446,3859724,559649526.0000001
2021-11-24,1.447,1.46,1.417,1.422,3732297,535189669.0
2021-11-25,1.415,1.436,1.408,1.414,3288443,466467380.00000006
2021-11-26,1.409,1.432,1.407,1.414,3505925,497313502.00000006
2021-11-29,1.399,1.454,1.394,1.447,6571992,942467785.0
2021-11-30,1.448,1.493,1.446,1.476,6413470,945963968.0
2021-12-01,1.469,1.475,1.448,1.453,4094427,597553629.0
2021-12-02,1.453,1.454,1.432,1.441,3289323,474262085.0
2021-12-03,1.443,1.475,1.443,1.475,3855059,564626725.0
2021-12-06,1.473,1.489,1.457,1.472,3634154,535637708.0
2021-12-07,1.472,1.477,1.407,1.422,7551967,1079147055.0000002
2021-12-08,1.421,1.451,1.42,1.448,5522460,796799607.0
2021-12-09,1.448,1.457,1.427,1.442,4848419,696996504.0
2021-12-10,1.432,1.437,1.419,1.431,4063299,579916208.0
2021-12-13,1.426,1.431,1.4,1.427,5898882,835632274.0
2021-12-14,1.42,1.446,1.413,1.433,4795639,687266543.0
2021-12-15,1.432,1.442,1.421,1.426,3832092,548651306.0
2021-12-16,1.424,1.441,1.422,1.43,3028960,433022104.0
2021-12-17,1.427,1.43,1.404,1.405,3637950,514099225.00000006
2021-12-20,1.396,1.415,1.365,1.374,5098731,706493704.0
2021-12-21,1.373,1.387,1.36,1.38,3030954,415862050.00000006
2021-12-22,1.379,1.389,1.363,1.379,2692490,371034203.0
2021-12-23,1.376,1.4,1.371,1.388,2705906,375852905.0
2021-12-24,1.384,1.396,1.381,1.388,3350312,464811708.0
2021-12-27,1.385,1.396,1.377,1.383,2190209,303449578.0
2021-12-28,1.383,1.393,1.368,1.392,2574667,356183882.99999994
2021-12-29,1.392,1.416,1.39,1.412,6040632,850867256.0000001
2021-12-30,1.411,1.461,1.41,1.458,6679561,966479646.0
2021-12-31,1.458,1.466,1.448,1.457,4548705,663299783.0
2022-01-04,1.456,1.467,1.434,1.443,2877577,415924618.00000006
2022-01-05,1.438,1.444,1.368,1.369,6249049,867725992.0
2022-01-06,1.36,1.372,1.338,1.353,5806489,785377415.0
2022-01-07,1.353,1.366,1.333,1.336,2949374,397668751.00000006
2022-01-10,1.33,1.338,1.303,1.323,4386933,579927992.0
2022-01-11,1.323,1.327,1.284,1.288,3597659,468116347.0
2022-01-12,1.288,1.319,1.288,1.318,3248373,423872350.0
2022-01-13,1.317,1.32,1.287,1.291,2787751,361746495.0
2022-01-14,1.288,1.313,1.286,1.297,2953105,384431064.0
2022-01-17,1.295,1.325,1.293,1.321,3478785,457405945.0
2022-01-18,1.32,1.338,1.311,1.322,3550185,470322122.0
2022-01-19,1.32,1.326,1.286,1.294,3011196,392935984.0
2022-01-20,1.294,1.299,1.26,1.263,4319030,550001209.9999999
2022-01-21,1.247,1.247,1.223,1.232,6616280,814945398.9999999
2022-01-24,1.223,1.253,1.223,1.246,3747638,465161536.0
2022-01-25,1.252,1.272,1.226,1.23,4301416,538672604.0000001
2022-01-26,1.23,1.239,1.21,1.227,3989128,489057002.0
2022-01-27,1.225,1.236,1.193,1.194,3607745,437037282.0
2022-01-28,1.202,1.217,1.179,1.201,3543451,425583673.0
2022-02-07,1.212,1.22,1.19,1.194,2908771,349453328.0
2022-02-08,1.196,1.2,1.156,1.182,4240389,497332966.0
2022-02-09,1.178,1.212,1.174,1.209,3615384,432326776.0
2022-02-10,1.209,1.215,1.196,1.202,3401193,409112191.00000006
2022-02-11,1.197,1.2,1.174,1.176,3630117,430277456.00000006
2022-02-14,1.179,1.2,1.173,1.181,3803982,450594837.0
2022-02-15,1.181,1.21,1.18,1.209,4012214,480171888.0
2022-02-16,1.2,1.203,1.19,1.196,3019395,360917948.0
2022-02-17,1.194,1.207,1.183,1.202,5448214,652067016.0
2022-02-18,1.193,1.199,1.185,1.198,2940202,350931399.0
2022-02-21,1.199,1.212,1.194,1.2,3354004,402858414.0
2022-02-22,1.215,1.218,1.181,1.189,5291551,629846758.0000001
2022-02-23,1.183,1.238,1.183,1.235,6781673,825871657.9999999
2022-02-24,1.232,1.274,1.22,1.249,12693618,1581922051.0
2022-02-25,1.233,1.255,1.23,1.242,5519657,685606478.0
2022-02-28,1.253,1.272,1.249,1.259,6827012,860323755.0
2022-03-01,1.262,1.282,1.255,1.28,4788246,609462512.0
2022-03-02,1.283,1.284,1.258,1.266,5590948,707856211.0000001
2022-03-03,1.266,1.267,1.235,1.239,4703985,585763007.0
2022-03-04,1.233,1.25,1.213,1.22,3721051,459197241.0
2022-03-07,1.228,1.23,1.195,1.202,4483419,543556298.0
2022-03-08,1.198,1.208,1.153,1.155,4850848,571310935.0
2022-03-09,1.16,1.164,1.075,1.126,7446299,835834434.0
2022-03-10,1.151,1.172,1.14,1.155,5876543,681231593.0000001
2022-03-11,1.141,1.162,1.122,1.16,3550346,406156770.0
2022-03-14,1.147,1.185,1.145,1.155,7849029,915355501.0
2022-03-15,1.146,1.16,1.107,1.108,3772018,427318234.0
2022-03-16,1.121,1.146,1.08,1.144,5853963,655016024.0
2022-03-17,1.158,1.175,1.153,1.155,4897992,569613339.0
2022-03-18,1.15,1.153,1.118,1.139,5530690,628527553.0
2022-03-21,1.142,1.167,1.136,1.157,4253709,490751765.0
2022-03-22,1.153,1.163,1.136,1.142,3255742,373034545.0
2022-03-23,1.142,1.18,1.134,1.166,5017971,582202990.0
2022-03-24,1.16,1.16,1.146,1.153,2919776,336790099.0
2022-03-25,1.154,1.171,1.142,1.143,3948305,455972243.0
2022-03-28,1.133,1.133,1.113,1.12,4179451,468296920.0
2022-03-29,1.129,1.156,1.126,1.132,5220253,595354230.9999999
2022-03-30,1.132,1.153,1.128,1.15,4620272,528991825.0
2022-03-31,1.145,1.147,1.121,1.127,3015577,340682385.0
2022-04-01,1.12,1.138,1.119,1.127,2289508,258151772.00000003
2022-04-06,1.123,1.124,1.097,1.103,4552223,502475473.0
2022-04-07,1.097,1.118,1.086,1.086,3457913,379635741.0
2022-04-08,1.087,1.089,1.064,1.076,3360264,361480593.0
2022-04-11,1.068,1.071,1.02,1.023,5299213,548304372.0
2022-04-12,1.019,1.04,1.009,1.039,4614595,472560815.00000006
2022-04-13,1.029,1.029,1.011,1.013,2763532,281673461.0
2022-04-14,1.016,1.019,1.003,1.013,3801229,384100127.00000006
2022-04-15,1.007,1.018,0.994,1.015,4388904,441912515.00000006
2022-04-18,1.005,1.045,0.999,1.044,5641471,581079695.0000001
2022-04-19,1.039,1.049,1.036,1.041,2476059,257991057.0
2022-04-20,1.041,1.044,1.019,1.024,3429778,353886291.0
2022-04-21,1.018,1.033,0.989,0.991,4993428,503304727.0
2022-04-22,0.987,0.988,0.966,0.976,3225414,315313434.0
2022-04-25,0.96,0.965,0.9,0.901,6543853,608645287.0
2022-04-26,0.906,0.907,0.861,0.862,9636012,854248632.0
2022-04-27,0.853,0.925,0.851,0.923,5999215,536524373.0
2022-04-28,0.915,0.943,0.907,0.927,5379601,497739157.0
2022-04-29,0.937,0.987,0.93,0.981,5355646,514495547.0
2022-05-05,0.987,1.037,0.982,1.018,7246533,736986745.0
2022-05-06,0.997,1.022,0.99,1.007,5514159,555834045.0000001
2022-05-09,1.007,1.036,1.0,1.033,5163384,530035315.0
2022-05-10,1.015,1.05,1.015,1.037,5007252,517925505.00000006
2022-05-11,1.046,1.06,1.03,1.032,5684026,596281860.0
2022-05-12,1.029,1.045,1.024,1.04,3589350,372051514.0
2022-05-13,1.043,1.048,1.033,1.043,2692993,279881267.0
2022-05-16,1.051,1.066,1.037,1.039,3317296,348014272.0
2022-05-17,1.037,1.055,1.027,1.052,3457009,360926454.0
2022-05-18,1.05,1.065,1.043,1.056,3639695,383704434.0
2022-05-19,1.041,1.064,1.037,1.063,4797925,503712889.0
2022-05-20,1.066,1.072,1.046,1.06,4910228,518845052.0
2022-05-23,1.059,1.059,1.04,1.057,3156846,331358827.0
2022-05-24,1.057,1.079,1.02,1.021,5579843,586616651.0
2022-05-25,1.019,1.034,1.013,1.032,3914595,401090171.00000006
2022-05-26,1.028,1.078,1.028,1.066,6749347,714219332.0
2022-05-27,1.079,1.083,1.055,1.063,5357953,574215458.0
2022-05-30,1.067,1.076,1.055,1.076,3494370,372912108.0
2022-05-31,1.075,1.082,1.059,1.081,3345993,359066534.0
2022-06-01,1.077,1.093,1.075,1.087,5498276,597325751.0
2022-06-02,1.08,1.112,1.078,1.111,4937681,543107438.0
2022-06-06,1.114,1.132,1.102,1.127,4869268,547236312.0
2022-06-07,1.125,1.136,1.112,1.124,4108632,460366817.00000006
2022-06-08,1.12,1.13,1.094,1.112,4809850,533762838.0
2022-06-09,1.11,1.11,1.078,1.086,3865954,422101244.0
2022-06-10,1.08,1.125,1.078,1.122,5520401,612123194.0
2022-06-13,1.118,1.13,1.105,1.123,5348442,598568660.0
2022-06-14,1.111,1.111,1.072,1.103,6330007,689079087.0
2022-06-15,1.102,1.124,1.1,1.109,4516681,503991718.00000006
2022-06-16,1.104,1.124,1.103,1.11,2969218,330738972.0
2022-06-17,1.1,1.115,1.091,1.114,4173347,462396748.0
2022-06-20,1.118,1.13,1.114,1.127,3872396,435216214.0
2022-06-21,1.124,1.126,1.094,1.105,4115857,455881547.0
2022-06-22,1.105,1.11,1.081,1.084,4999582,547371009.0000001
2022-06-23,1.081,1.146,1.081,1.145,8682689,971242349.0
2022-06-24,1.15,1.185,1.15,1.171,9317782,1092457934.0
2022-06-27,1.176,1.181,1.16,1.171,6631561,775130742.0
2022-06-28,1.171,1.198,1.168,1.197,5692191,676537885.0
2022-06-29,1.193,1.194,1.158,1.163,5084931,599151623.0
2022-06-30,1.161,1.177,1.158,1.17,4891502,571603121.0
2022-07-01,1.172,1.186,1.16,1.167,4876181,572590412.0000001
2022-07-04,1.167,1.204,1.152,1.202,6239170,742702642.0
2022-07-05,1.202,1.204,1.174,1.19,5350084,634610282.0
2022-07-06,1.187,1.201,1.166,1.182,4501246,534143357.0
2022-07-07,1.18,1.21,1.177,1.203,5921994,709907458.0
2022-07-08,1.203,1.205,1.185,1.188,4393804,524208781.0
2022-07-11,1.189,1.189,1.159,1.178,4933108,577014339.0
2022-07-12,1.173,1.197,1.156,1.157,4830845,568135728.0
2022-07-13,1.15,1.162,1.14,1.151,3335214,384102837.0
2022-07-14,1.15,1.186,1.146,1.181,4504901,529061201.0
2022-07-15,1.176,1.189,1.16,1.161,3626963,426238453.00000006
2022-07-18,1.16,1.165,1.14,1.164,4663614,538033289.0
2022-07-19,1.163,1.18,1.155,1.17,3640358,425274253.0
2022-07-20,1.175,1.22,1.172,1.219,7220038,865368408.0
2022-07-21,1.212,1.213,1.192,1.196,6935034,833367505.0
2022-07-22,1.196,1.21,1.181,1.195,4922738,587246563.0000001
2022-07-25,1.201,1.214,1.173,1.181,5491662,654417980.0000001
2022-07-26,1.177,1.19,1.168,1.186,3688164,436127285.00000006
2022-07-27,1.185,1.209,1.182,1.197,4657239,558040900.0000001
2022-07-28,1.202,1.215,1.193,1.212,5570365,671766279.0
2022-07-29,1.209,1.211,1.18,1.191,6389632,761144324.0000001
2022-08-01,1.195,1.202,1.181,1.19,4238115,505018623.0
2022-08-02,1.205,1.213,1.167,1.174,9082522,1078923977.0000002
2022-08-03,1.166,1.236,1.163,1.226,15396789,1872941134.0
2022-08-04,1.23,1.23,1.192,1.2,9501128,1142704739.0000002
2022-08-05,1.191,1.207,1.184,1.205,6958523,831795938.0000001
2022-08-08,1.205,1.232,1.198,1.23,7340271,898069413.0
2022-08-09,1.224,1.256,1.216,1.249,7225100,893401924.0000001
2022-08-10,1.246,1.267,1.241,1.251,5981537,751524533.0
2022-08-11,1.249,1.258,1.239,1.254,5243135,655068640.0
2022-08-12,1.252,1.252,1.226,1.227,4535911,560062967.0
2022-08-15,1.224,1.233,1.222,1.229,3851329,472811889.0
2022-08-16,1.23,1.246,1.225,1.231,3793159,468431306.0
2022-08-17,1.23,1.233,1.214,1.228,4027903,492758887.00000006
2022-08-18,1.226,1.238,1.222,1.237,3050576,376136372.0
2022-08-19,1.235,1.247,1.209,1.211,4622204,565913381.0
2022-08-22,1.205,1.231,1.2,1.227,3958861,482967318.0
2022-08-23,1.222,1.23,1.212,1.22,2761497,336489786.0
2022-08-24,1.221,1.222,1.17,1.172,6316125,748396728.0
2022-08-25,1.173,1.188,1.162,1.175,3934614,461535518.0
2022-08-26,1.175,1.179,1.148,1.153,5223229,606123518.0
2022-08-29,1.14,1.179,1.135,1.176,4325910,505768257.0
2022-08-30,1.173,1.18,1.163,1.166,2937957,343489744.0
2022-08-31,1.166,1.173,1.129,1.137,4369666,500099950.00000006
2022-09-01,1.135,1.148,1.129,1.132,3719516,423045262.0
2022-09-02,1.13,1.159,1.13,1.148,3636689,416537976.0
2022-09-05,1.146,1.164,1.142,1.151,2396521,276133534.0
2022-09-06,1.155,1.186,1.15,1.182,4206717,495487109.0
2022-09-07,1.178,1.195,1.175,1.192,3545676,421372729.0
2022-09-08,1.188,1.215,1.188,1.206,3250861,391921476.0
2022-09-09,1.206,1.217,1.191,1.2,2273309,272870194.0
2022-09-13,1.202,1.212,1.194,1.211,2598565,312956189.0
2022-09-14,1.195,1.228,1.193,1.221,3794813,462140895.00000006
2022-09-15,1.221,1.224,1.171,1.186,3740221,446015345.0
2022-09-16,1.178,1.216,1.178,1.181,5258587,631060111.0000001
2022-09-19,1.18,1.191,1.155,1.159,3895363,454332956.0
2022-09-20,1.162,1.18,1.159,1.163,2097560,244717185.0
2022-09-21,1.155,1.163,1.136,1.159,4510243,517136095.00000006
2022-09-22,1.153,1.191,1.15,1.182,4341369,512511252.0
2022-09-23,1.177,1.212,1.166,1.175,3368092,399538164.0
2022-09-26,1.166,1.168,1.135,1.139,4562384,525310546.0
2022-09-27,1.139,1.154,1.138,1.152,2545040,291949166.0
2022-09-28,1.152,1.165,1.108,1.11,3678437,414975889.0
2022-09-29,1.12,1.134,1.107,1.118,2423751,271711230.00000006
2022-09-30,1.116,1.117,1.08,1.086,4125833,450423683.00000006
2022-10-10,1.083,1.092,1.061,1.064,2242316,240832114.00000003
2022-10-11,1.065,1.075,1.056,1.07,2819085,300426306.0
2022-10-12,1.071,1.093,1.042,1.092,3190628,340061392.00000006
2022-10-13,1.087,1.111,1.082,1.099,3107605,342517221.0
2022-10-14,1.109,1.127,1.097,1.124,3494200,390038198.0
2022-10-17,1.13,1.159,1.124,1.155,4410828,506010640.0
2022-10-18,1.154,1.16,1.141,1.155,2283598,263006492.0
2022-10-19,1.152,1.161,1.14,1.148,2202819,253454988.0
2022-10-20,1.141,1.165,1.128,1.15,3458716,397152727.0
2022-10-21,1.153,1.161,1.137,1.152,2390804,274615948.0
2022-10-24,1.16,1.209,1.16,1.19,7960534,948438059.0
2022-10-25,1.19,1.202,1.172,1.193,4000507,475705640.00000006
2022-10-26,1.191,1.215,1.173,1.206,4832741,579595611.0
2022-10-27,1.206,1.215,1.193,1.203,3768335,452897692.0
2022-10-28,1.193,1.209,1.173,1.179,3686058,439249615.0
2022-10-31,1.171,1.219,1.156,1.21,5411597,646999510.9999999
2022-11-01,1.212,1.215,1.183,1.2,4624934,554312789.0
2022-11-02,1.199,1.205,1.185,1.196,5519981,658261568.0
2022-11-03,1.187,1.21,1.183,1.201,4205917,504532987.00000006
2022-11-04,1.201,1.209,1.193,1.208,4868247,584693694.0000001
2022-11-07,1.211,1.215,1.176,1.186,5545705,660017971.0
2022-11-08,1.18,1.192,1.175,1.187,3817471,451871179.0
2022-11-09,1.196,1.202,1.177,1.177,3753652,445754726.0
2022-11-10,1.169,1.173,1.147,1.153,4277259,495071076.0
2022-11-11,1.172,1.178,1.15,1.164,3983500,463474776.0
2022-11-14,1.157,1.167,1.145,1.149,3559235,410539096.0
2022-11-15,1.144,1.17,1.142,1.169,5414937,629336855.9999999
2022-11-16,1.17,1.19,1.165,1.171,4226294,497319081.0
2022-11-17,1.163,1.179,1.145,1.179,4100525,475108154.0
2022-11-18,1.175,1.18,1.158,1.16,2832832,331443838.99999994
2022-11-21,1.154,1.174,1.148,1.17,3371681,393255088.0
2022-11-22,1.167,1.187,1.16,1.172,3769959,443096291.0
2022-11-23,1.166,1.171,1.152,1.166,2318038,269384415.0
2022-11-24,1.163,1.173,1.152,1.156,1992043,230768531.0
2022-11-25,1.152,1.153,1.134,1.137,2969829,339394469.0
2022-11-28,1.127,1.137,1.114,1.136,3804702,428016492.00000006
2022-11-29,1.134,1.144,1.129,1.137,3774054,428458416.0
2022-11-30,1.139,1.143,1.127,1.134,3002830,340407411.0
2022-12-01,1.14,1.15,1.133,1.148,3619304,413650501.0
2022-12-02,1.143,1.154,1.132,1.133,3191033,364237971.0
2022-12-05,1.137,1.14,1.128,1.137,3123519,354570198.0
2022-12-06,1.137,1.143,1.124,1.143,3567290,404740871.0
2022-12-07,1.141,1.144,1.131,1.135,2626713,298919832.00000006
2022-12-08,1.132,1.134,1.117,1.118,2910996,327244984.0
2022-12-09,1.118,1.124,1.104,1.113,3365090,374000645.0
2022-12-12,1.11,1.125,1.101,1.122,3023281,336963701.0
2022-12-13,1.122,1.122,1.101,1.102,2668535,295935089.0
2022-12-14,1.103,1.114,1.094,1.095,2578912,284356203.0
2022-12-15,1.095,1.105,1.091,1.1,2494266,274280338.0
2022-12-16,1.096,1.099,1.08,1.085,2077861,225581512.0
2022-12-19,1.084,1.088,1.069,1.071,2388406,257289157.0
2022-12-20,1.072,1.085,1.065,1.072,2758688,296144774.0
2022-12-21,1.073,1.074,1.052,1.055,2351128,249796396.0
2022-12-22,1.058,1.061,1.04,1.045,2759417,289727376.0
2022-12-23,1.039,1.045,1.029,1.033,3868168,400950775.00000006
2022-12-26,1.039,1.068,1.036,1.064,4083305,431821845.0
2022-12-27,1.067,1.075,1.062,1.072,2955523,315969146.0
2022-12-28,1.07,1.077,1.055,1.059,2211634,235320820.0
2022-12-29,1.055,1.083,1.053,1.077,3473063,372119146.0
2022-12-30,1.076,1.084,1.07,1.076,2919686,314072348.00000006
2023-01-03,1.075,1.104,1.071,1.1,4751043,518697746.0
2023-01-04,1.1,1.105,1.09,1.096,4079843,447537661.00000006
2023-01-05,1.095,1.102,1.093,1.102,3094176,340229954.0
2023-01-06,1.101,1.106,1.093,1.096,6016069,662470685.0000001
2023-01-09,1.096,1.097,1.079,1.083,5883803,638313524.0
2023-01-10,1.084,1.085,1.067,1.073,4669751,500358862.00000006
2023-01-11,1.072,1.079,1.059,1.061,3074585,328478017.0
2023-01-12,1.077,1.082,1.062,1.065,4672596,500350605.00000006
2023-01-13,1.065,1.069,1.053,1.062,4011381,424742545.0
2023-01-16,1.063,1.081,1.061,1.079,5834805,627092372.0
2023-01-17,1.08,1.096,1.074,1.088,6378038,693438487.0000001
2023-01-18,1.089,1.095,1.083,1.092,4166653,454575288.0
2023-01-19,1.088,1.112,1.087,1.11,4709366,518883374.0
2023-01-20,1.111,1.123,1.109,1.118,4518578,504252738.0
2023-01-30,1.133,1.154,1.124,1.143,6962138,793603587.0
2023-01-31,1.138,1.15,1.136,1.147,4705772,538699761.0
2023-02-01,1.149,1.16,1.143,1.159,4185634,482049406.0
2023-02-02,1.163,1.168,1.14,1.143,4920882,565940571.0000001
2023-02-03,1.138,1.158,1.132,1.157,4768217,545130964.0000001
2023-02-06,1.153,1.161,1.142,1.148,3257739,374766347.0
2023-02-07,1.148,1.151,1.135,1.143,2902773,330973876.00000006
2023-02-08,1.143,1.143,1.123,1.124,3076985,347509743.0
2023-02-09,1.123,1.149,1.12,1.148,4141847,472187125.0
2023-02-10,1.146,1.149,1.132,1.137,3078962,350785534.0
2023-02-13,1.141,1.155,1.139,1.144,3554051,407283863.0
2023-02-14,1.144,1.146,1.133,1.138,2304417,262116507.0
2023-02-15,1.138,1.146,1.133,1.144,3157434,359495327.0
2023-02-16,1.143,1.146,1.111,1.123,3894320,440752813.00000006
2023-02-17,1.121,1.123,1.102,1.112,3859623,429464687.0
2023-02-20,1.11,1.118,1.096,1.116,3643064,403684429.0
2023-02-21,1.116,1.135,1.113,1.125,4153025,467109683.0
2023-02-22,1.12,1.134,1.118,1.129,2633208,297161860.0
2023-02-23,1.129,1.132,1.119,1.122,3166739,355945595.0
2023-02-24,1.122,1.148,1.122,1.14,5217598,595067212.0
2023-02-27,1.142,1.149,1.131,1.135,4081823,465102441.0
2023-02-28,1.133,1.139,1.127,1.137,2198603,249308616.00000003
2023-03-01,1.135,1.145,1.132,1.144,3418569,389738754.0
2023-03-02,1.144,1.158,1.142,1.145,4240582,488037940.00000006
2023-03-03,1.146,1.168,1.142,1.168,6674582,774333079.0000001
2023-03-06,1.175,1.187,1.17,1.175,6551120,771791348.9999999
2023-03-07,1.171,1.174,1.148,1.15,4553047,528510731.00000006
2023-03-08,1.146,1.168,1.143,1.166,3385742,392420051.0
2023-03-09,1.163,1.169,1.149,1.156,2116465,244923494.00000003
2023-03-10,1.15,1.154,1.137,1.138,2600272,297588958.0
2023-03-13,1.133,1.15,1.131,1.15,2191036,250416816.0
2023-03-14,1.147,1.154,1.129,1.144,2879772,329507011.99999994
2023-03-15,1.146,1.151,1.135,1.142,2340314,267220773.0
2023-03-16,1.133,1.136,1.11,1.112,4083028,457672250.00000006
2023-03-17,1.119,1.13,1.116,1.121,2759892,309756418.0
2023-03-20,1.125,1.125,1.105,1.107,2788710,310156890.0
2023-03-21,1.121,1.138,1.121,1.129,3944450,445633807.00000006
2023-03-22,1.129,1.13,1.122,1.126,2318402,260882062.0
2023-03-23,1.123,1.137,1.119,1.135,3822605,431365546.0
2023-03-24,1.134,1.134,1.12,1.126,3583093,402942248.00000006
2023-03-27,1.124,1.124,1.108,1.114,4002559,446082394.0
2023-03-28,1.112,1.115,1.096,1.097,3212649,354924103.0
2023-03-29,1.098,1.099,1.081,1.086,3915499,424773519.00000006
2023-03-30,1.083,1.09,1.08,1.088,3141039,340829326.00000006
2023-03-31,1.087,1.091,1.084,1.091,3728022,405573144.0
2023-04-03,1.091,1.11,1.089,1.109,4197154,462652817.00000006
2023-04-04,1.11,1.113,1.101,1.107,3222620,356091298.0
2023-04-06,1.107,1.123,1.099,1.122,6225240,692623815.0
2023-04-07,1.119,1.129,1.117,1.125,3517571,395196517.0
2023-04-10,1.132,1.135,1.114,1.117,3127099,351522864.00000006
2023-04-11,1.116,1.116,1.103,1.109,4150341,459305586.0
2023-04-12,1.106,1.114,1.105,1.111,2234517,247982551.0
2023-04-13,1.112,1.114,1.102,1.107,2068912,229059367.00000003
2023-04-14,1.108,1.11,1.1,1.109,2538218,280720521.99999994
2023-04-17,1.109,1.112,1.103,1.112,2775659,307550004.0
2023-04-18,1.112,1.112,1.1,1.107,3423210,378334812.0
2023-04-19,1.106,1.106,1.096,1.099,2668685,293695005.0
2023-04-20,1.097,1.1,1.087,1.092,2742269,299096069.00000006
2023-04-21,1.09,1.115,1.088,1.091,5906693,653246552.0000001
2023-04-24,1.091,1.093,1.07,1.077,4438168,478233401.0
2023-04-25,1.075,1.08,1.047,1.056,3508053,372552695.0
2023-04-26,1.051,1.074,1.05,1.066,2575340,274685470.00000006
2023-04-27,1.063,1.091,1.058,1.088,4019312,434660198.0
2023-04-28,1.087,1.092,1.082,1.091,3111817,338545770.0
2023-05-04,1.088,1.098,1.083,1.09,2150690,234541935.00000003
2023-05-05,1.088,1.09,1.071,1.077,2195603,236773920.0
2023-05-08,1.078,1.113,1.076,1.112,5640022,621461602.0
2023-05-09,1.112,1.122,1.091,1.092,5586344,619592924.0
2023-05-10,1.09,1.09,1.076,1.083,2886457,312234122.0
2023-05-11,1.083,1.084,1.07,1.073,3002464,322511820.0
2023-05-12,1.071,1.076,1.055,1.057,3425863,363973255.00000006
2023-05-15,1.056,1.09,1.053,1.088,4431226,475535955.0
2023-05-16,1.085,1.092,1.078,1.081,2317183,251355462.0
2023-05-17,1.077,1.111,1.076,1.108,5361596,589835717.0
2023-05-18,1.105,1.111,1.099,1.106,2730279,301790036.0
2023-05-19,1.102,1.111,1.096,1.107,2777323,307184761.99999994
2023-05-22,1.105,1.11,1.093,1.1,2843544,312400100.0
2023-05-23,1.099,1.099,1.081,1.082,2460093,267835933.0
2023-05-24,1.081,1.092,1.072,1.077,2559332,276708859.0
2023-05-25,1.073,1.087,1.07,1.081,2116706,228319760.00000003
2023-05-26,1.08,1.081,1.067,1.078,2408328,258915034.0
2023-05-29,1.088,1.096,1.078,1.08,2739746,297275975.0
2023-05-30,1.076,1.079,1.055,1.072,3040149,324408207.0
2023-05-31,1.07,1.085,1.067,1.076,2857002,308068872.0
2023-06-01,1.073,1.089,1.064,1.086,2552651,275596780.0
2023-06-02,1.085,1.088,1.077,1.08,3146179,340489558.0
2023-06-05,1.078,1.081,1.067,1.069,2316938,248523794.0
2023-06-06,1.068,1.069,1.042,1.046,4448624,469001287.0
2023-06-07,1.045,1.046,1.035,1.038,2583920,268488226.0
2023-06-08,1.036,1.04,1.028,1.036,2696773,278973043.0
2023-06-09,1.037,1.042,1.026,1.042,2893572,298641874.00000006
2023-06-12,1.036,1.043,1.035,1.038,2600746,269950757.00000006
2023-06-13,1.037,1.041,1.028,1.04,2633134,272727714.0
2023-06-14,1.039,1.042,1.036,1.039,2839311,294934023.0
2023-06-15,1.037,1.05,1.034,1.047,4070890,424843942.0
2023-06-16,1.048,1.068,1.048,1.064,5071726,538313240.0
2023-06-19,1.062,1.077,1.06,1.072,3675017,393897066.00000006
2023-06-20,1.072,1.107,1.068,1.103,7913085,867664351.0
2023-06-21,1.101,1.105,1.087,1.09,3152776,345400844.0
2023-06-26,1.085,1.092,1.07,1.072,2688953,289991707.0
2023-06-27,1.074,1.094,1.072,1.09,3014328,326943823.0
2023-06-28,1.089,1.103,1.073,1.097,6078648,665364144.0
2023-06-29,1.093,1.11,1.091,1.103,2856948,315444589.0
2023-06-30,1.105,1.128,1.103,1.124,4036754,452204786.0
2023-07-03,1.124,1.14,1.124,1.132,4725182,535072618.0
2023-07-04,1.13,1.139,1.127,1.134,2880023,326527210.0
2023-07-05,1.129,1.134,1.118,1.119,3004751,338108520.00000006
2023-07-06,1.118,1.123,1.11,1.112,2399265,267528727.0
2023-07-07,1.108,1.111,1.097,1.101,2045505,225460195.0
2023-07-10,1.102,1.113,1.099,1.106,2006056,221881956.00000003
2023-07-11,1.107,1.116,1.106,1.112,1726710,191965234.0
2023-07-12,1.113,1.114,1.091,1.092,2698518,296940964.0
2023-07-13,1.092,1.101,1.092,1.099,1506723,165333711.99999997
2023-07-14,1.1,1.103,1.093,1.094,3952420,433690439.0
2023-07-17,1.094,1.099,1.087,1.099,2533778,277313686.00000006
2023-07-18,1.096,1.106,1.091,1.1,1832430,201735392.0
2023-07-19,1.1,1.102,1.085,1.091,1671897,182449930.0
2023-07-20,1.091,1.092,1.069,1.07,2132091,230002304.0
2023-07-21,1.069,1.075,1.062,1.067,1595050,170399309.0
2023-07-24,1.065,1.082,1.063,1.075,2075025,222957683.00000003
2023-07-25,1.082,1.084,1.072,1.084,3125548,336937035.0
2023-07-26,1.082,1.083,1.073,1.076,1855315,199917586.00000003
2023-07-27,1.078,1.085,1.068,1.073,3095167,333271143.99999994
2023-07-28,1.068,1.072,1.056,1.071,4919991,523650240.0
2023-07-31,1.073,1.079,1.07,1.078,3472596,372844196.0
2023-08-01,1.077,1.083,1.074,1.081,3549299,383182742.0
2023-08-02,1.078,1.085,1.071,1.073,2104591,226541501.0
2023-08-03,1.071,1.073,1.065,1.072,1958737,209440036.0
2023-08-04,1.072,1.076,1.064,1.071,2468776,264105411.0
2023-08-07,1.068,1.072,1.065,1.067,2446741,261260292.0
2023-08-08,1.065,1.066,1.049,1.054,4910622,517809115.00000006
2023-08-09,1.051,1.053,1.047,1.05,3490756,366226799.0
2023-08-10,1.05,1.056,1.047,1.05,2683150,282269404.00000006
2023-08-11,1.05,1.052,1.036,1.04,3519430,367379484.0
2023-08-14,1.033,1.044,1.025,1.042,4197962,433372638.00000006
2023-08-15,1.04,1.043,1.025,1.031,3000512,309817796.0
2023-08-16,1.027,1.033,1.015,1.015,3293511,336785853.0
2023-08-17,1.012,1.049,1.006,1.047,6030691,622900203.0
2023-08-18,1.043,1.056,1.037,1.037,3674227,385050108.0
2023-08-21,1.04,1.043,1.019,1.02,3095564,319012778.0
2023-08-22,1.02,1.036,1.016,1.033,3756350,386196485.0
2023-08-23,1.03,1.03,1.009,1.01,3234302,329108977.00000006
2023-08-24,1.011,1.019,1.0,1.011,2948431,297891352.0
2023-08-25,1.006,1.012,0.991,0.994,3343387,334435465.0
2023-08-28,1.039,1.045,0.999,1.003,4363033,445122277.0
2023-08-29,1.0,1.037,0.998,1.031,4942294,505873753.0
2023-08-30,1.031,1.051,1.031,1.04,3367076,350820758.0
2023-08-31,1.039,1.043,1.03,1.035,1669188,172855312.00000003
2023-09-01,1.034,1.036,1.023,1.029,1964392,201994668.0
2023-09-04,1.031,1.039,1.027,1.038,2898888,299445886.0
2023-09-05,1.037,1.045,1.034,1.036,2326934,241827898.00000003
2023-09-06,1.034,1.056,1.027,1.053,3640137,380661224.00000006
2023-09-07,1.052,1.056,1.037,1.038,2742734,287256666.0
2023-09-08,1.037,1.064,1.033,1.062,4630136,488295553.00000006
2023-09-11,1.063,1.064,1.046,1.054,2757930,290235463.99999994
2023-09-12,1.051,1.052,1.043,1.048,1766347,185050351.0
2023-09-13,1.046,1.046,1.026,1.031,2673013,276177238.0
2023-09-14,1.03,1.035,1.026,1.029,1372337,141384806.0
2023-09-15,1.029,1.031,1.023,1.03,1826141,187621132.0
2023-09-18,1.025,1.026,1.017,1.022,1734386,177042686.0
2023-09-19,1.021,1.021,1.005,1.008,2102274,212343461.0
2023-09-20,1.006,1.009,0.998,0.998,2134703,213996381.0
2023-09-21,1.0,1.011,0.998,0.999,2013784,202012099.0
2023-09-22,0.994,1.013,0.994,1.012,2145988,215441009.0
2023-09-25,1.01,1.011,0.998,0.999,1766862,177159656.0
2023-09-26,0.998,0.999,0.989,0.989,2448086,242958419.00000003
2023-09-27,0.988,0.998,0.987,0.991,2066900,204865716.0
2023-09-28,0.991,1.005,0.99,1.004,2372353,237292421.0
2023-10-09,1.005,1.015,0.999,1.01,2166690,218388894.0
2023-10-10,1.011,1.015,1.004,1.008,1613943,162851283.99999997
2023-10-11,1.008,1.008,0.992,0.996,2800184,279498701.0
2023-10-12,0.998,1.0,0.99,0.996,2506661,249118073.0
2023-10-13,0.991,0.992,0.977,0.981,2921735,287052397.0
2023-10-16,0.98,0.985,0.968,0.973,2499324,244004895.0
2023-10-17,0.971,0.977,0.963,0.977,2409755,233737366.00000003
2023-10-18,0.973,0.973,0.96,0.961,2067366,199408434.0
2023-10-19,0.957,0.966,0.948,0.95,2584719,247290007.0
2023-10-20,0.948,0.952,0.935,0.937,2296898,216286333.00000003
2023-10-23,0.935,0.944,0.922,0.927,3061137,285336942.0
2023-10-24,0.929,0.936,0.919,0.933,2795956,259699804.0
2023-10-25,0.938,0.956,0.937,0.945,3137292,297545486.99999994
2023-10-26,0.943,0.958,0.933,0.957,2639612,250056946.0
2023-10-27,0.954,0.968,0.946,0.964,2671129,255741914.0
2023-10-30,0.959,0.975,0.958,0.974,3606848,348790986.0
2023-10-31,0.97,0.977,0.965,0.972,1756395,170507220.0
2023-11-01,0.972,0.976,0.966,0.97,1289647,125121161.0
2023-11-02,0.968,0.973,0.95,0.951,2980256,285542903.0
2023-11-03,0.951,0.972,0.951,0.969,2224909,214923147.0
2023-11-06,0.971,0.983,0.97,0.982,3032318,296370851.0
2023-11-07,0.979,0.982,0.974,0.978,1596920,156080662.0
2023-11-08,0.979,0.982,0.971,0.977,2390978,233726725.0
2023-11-09,0.977,0.981,0.97,0.974,1472932,143551305.0
2023-11-10,0.971,0.978,0.967,0.976,1489077,145052329.99999997
2023-11-13,0.978,1.007,0.974,1.006,5810452,577769518.0
2023-11-14,1.005,1.02,1.003,1.013,4172710,422604805.0
2023-11-15,1.015,1.018,1.004,1.01,2182887,220154743.00000003
2023-11-16,1.01,1.013,1.0,1.0,2258473,227264728.0
2023-11-17,1.0,1.001,0.993,1.0,1478864,147476662.0
2023-11-20,1.001,1.02,0.999,1.019,3796417,384572772.0
2023-11-21,1.018,1.02,1.004,1.006,2690797,272037361.0
2023-11-22,1.005,1.009,0.993,0.993,2288031,228908860.0
2023-11-23,0.993,1.002,0.99,1.0,1406947,140263142.0
2023-11-24,1.001,1.003,0.98,0.983,2741159,270315777.0
2023-11-27,0.983,0.989,0.976,0.987,1896265,186278278.00000003
2023-11-28,0.985,0.99,0.981,0.989,1646708,162525941.0
2023-11-29,0.987,0.993,0.982,0.984,1336624,132004245.0
2023-11-30,0.984,0.988,0.97,0.978,1658298,162431687.0
2023-12-01,0.976,0.983,0.971,0.981,1239923,121094682.0
2023-12-04,0.983,0.992,0.981,0.987,1657728,163567177.0
2023-12-05,0.984,0.985,0.963,0.964,1849536,179615275.0
2023-12-06,0.964,0.97,0.96,0.965,1854023,178677751.00000003
2023-12-07,0.964,0.964,0.952,0.958,1809029,173230658.0
2023-12-08,0.956,0.959,0.942,0.944,3308762,313612901.0
2023-12-11,0.942,0.964,0.936,0.963,2777938,264433562.00000003
2023-12-12,0.96,0.977,0.959,0.968,1906075,184800681.0
2023-12-13,0.965,0.978,0.963,0.963,1458780,141511003.0
2023-12-14,0.968,0.972,0.956,0.959,1906054,183250827.00000003
2023-12-15,0.96,0.961,0.947,0.951,1513961,144106002.0
2023-12-18,0.947,0.947,0.927,0.932,2168487,202965890.0
2023-12-19,0.932,0.935,0.923,0.929,1689371,156945761.00000003
2023-12-20,0.928,0.93,0.907,0.908,2289944,209656956.0
2023-12-21,0.906,0.919,0.899,0.916,2463902,224461739.00000003
2023-12-22,0.918,0.942,0.917,0.933,4423397,411532496.0
2023-12-25,0.934,0.957,0.932,0.946,4168084,394937003.0
2023-12-26,0.945,0.945,0.927,0.936,2449459,228758847.0
2023-12-27,0.936,0.938,0.926,0.935,1928261,179779480.0
2023-12-28,0.934,0.953,0.932,0.949,3063044,289822061.0
2023-12-29,0.948,0.962,0.946,0.96,2338712,223946710.0
2024-01-02,0.963,0.981,0.96,0.966,3869173,376004603.00000006
2024-01-03,0.963,0.964,0.948,0.956,2044271,195312642.0
2024-01-04,0.954,0.958,0.938,0.945,3310134,312619283.0
2024-01-05,0.94,0.944,0.91,0.915,3795647,350585466.0
2024-01-08,0.913,0.914,0.888,0.888,3349264,300543196.0
2024-01-09,0.889,0.894,0.876,0.883,4018729,355258634.0
2024-01-10,0.882,0.887,0.866,0.874,2988249,262066740.00000003
2024-01-11,0.873,0.892,0.872,0.89,3876167,342093701.0
2024-01-12,0.889,0.893,0.881,0.888,2506113,222260932.0
2024-01-15,0.883,0.883,0.865,0.867,3383145,294979453.0
2024-01-16,0.863,0.868,0.847,0.86,3362543,287913274.0
2024-01-17,0.856,0.858,0.83,0.832,2917714,245797700.0
2024-01-18,0.826,0.841,0.806,0.839,5373259,439641860.0
2024-01-19,0.833,0.837,0.824,0.825,2558187,212288550.0
2024-01-22,0.822,0.824,0.783,0.788,3351301,269523986.0
2024-01-23,0.785,0.803,0.779,0.799,4480951,355172648.0
2024-01-24,0.802,0.813,0.781,0.812,3006030,239967699.0
2024-01-25,0.81,0.85,0.808,0.848,6084430,507972567.0
2024-01-26,0.847,0.85,0.836,0.839,2435742,205185094.00000003
2024-01-29,0.842,0.845,0.823,0.823,2604503,216781840.0
2024-01-30,0.819,0.83,0.808,0.81,3040847,249883805.00000003
2024-01-31,0.802,0.805,0.775,0.777,3333168,263155610.0
2024-02-01,0.77,0.788,0.763,0.774,2412622,186894693.0
2024-02-02,0.775,0.782,0.722,0.747,3924905,296018718.0
2024-02-05,0.739,0.744,0.693,0.724,3830529,276255709.0
2024-02-06,0.716,0.772,0.707,0.771,3909687,291221831.0
2024-02-07,0.768,0.81,0.768,0.809,4855891,388528748.00000006
2024-02-08,0.814,0.844,0.813,0.832,2953568,246100718.00000003
2024-02-19,0.838,0.841,0.818,0.831,2690003,222680300.00000003
2024-02-20,0.828,0.831,0.818,0.83,1565110,129046706.0
2024-02-21,0.824,0.852,0.82,0.834,3846013,322977419.0
2024-02-22,0.833,0.844,0.831,0.843,2101681,176270543.0
2024-02-23,0.843,0.852,0.833,0.851,2459954,207776463.00000003
2024-02-26,0.851,0.867,0.848,0.855,2360764,202379948.0
2024-02-27,0.855,0.883,0.851,0.882,3070640,266499811.0
2024-02-28,0.882,0.893,0.846,0.849,3709561,323779689.0
2024-02-29,0.846,0.885,0.844,0.883,2783423,242278831.0
2024-03-01,0.885,0.897,0.881,0.897,2472724,220495629.00000003
2024-03-04,0.896,0.902,0.886,0.897,2021608,180830150.0
2024-03-05,0.895,0.913,0.891,0.903,3256434,294329957.0
2024-03-06,0.901,0.908,0.889,0.899,2189194,196325999.0
2024-03-07,0.899,0.906,0.877,0.878,2095621,186412391.0
2024-03-08,0.881,0.895,0.875,0.892,1898972,167999924.0
2024-03-11,0.89,0.905,0.888,0.904,2215525,198480619.0
2024-03-12,0.904,0.918,0.901,0.907,3540348,321652511.0
2024-03-13,0.907,0.917,0.897,0.909,2837238,257870253.0
2024-03-14,0.906,0.908,0.886,0.893,2292905,205554081.00000003
2024-03-15,0.89,0.901,0.886,0.901,1733276,154842150.0
2024-03-18,0.902,0.922,0.902,0.922,2648090,241886497.0
2024-03-19,0.922,0.927,0.915,0.918,1967231,181435321.0
2024-03-20,0.917,0.925,0.914,0.92,1486914,136718232.0
2024-03-21,0.92,0.925,0.91,0.92,1731704,159034291.0
2024-03-22,0.92,0.92,0.9,0.907,2415659,219320366.00000003
2024-03-25,0.905,0.907,0.885,0.886,2263839,203267887.0
2024-03-26,0.886,0.892,0.873,0.884,1759337,155567739.0
2024-03-27,0.883,0.883,0.852,0.852,2325658,201122826.0
2024-03-28,0.852,0.892,0.852,0.886,3506587,307464888.0
2024-03-29,0.886,0.902,0.882,0.9,2891406,258063276.0
2024-04-01,0.905,0.911,0.9,0.909,2670681,241987850.0
2024-04-02,0.908,0.908,0.893,0.899,1622996,145866925.0
2024-04-03,0.894,0.894,0.88,0.885,1915239,169743908.0
2024-04-08,0.881,0.882,0.866,0.867,2346167,204903237.0
2024-04-09,0.867,0.877,0.863,0.871,1418568,123333240.0
2024-04-10,0.868,0.868,0.846,0.855,2292031,195922710.0
2024-04-11,0.85,0.862,0.848,0.851,2083774,178060459.0
2024-04-12,0.851,0.859,0.845,0.847,1597974,136291542.0
2024-04-15,0.848,0.875,0.842,0.868,3715301,320588689.0
2024-04-16,0.864,0.864,0.832,0.833,2589998,219748817.0
2024-04-17,0.835,0.863,0.835,0.862,2241667,191123886.0
2024-04-18,0.858,0.875,0.853,0.866,2296654,198980109.0
2024-04-19,0.86,0.879,0.858,0.877,4097739,357728469.0
2024-04-22,0.881,0.899,0.872,0.89,3443480,306185612.0
2024-04-23,0.886,0.888,0.871,0.875,3268060,287104736.0
2024-04-24,0.875,0.894,0.873,0.893,2986919,264496064.0
2024-04-25,0.892,0.894,0.878,0.883,2151350,190249712.0
2024-04-26,0.88,0.897,0.878,0.892,3263074,290585475.0
2024-04-29,0.892,0.905,0.884,0.903,5150763,462133700.0
2024-04-30,0.902,0.906,0.886,0.891,2224862,198725245.0
2024-05-06,0.897,0.906,0.895,0.899,2515086,226212394.00000003
2024-05-07,0.897,0.926,0.894,0.923,4781653,437303072.0
2024-05-08,0.92,0.92,0.909,0.91,2445514,223241137.0
2024-05-09,0.91,0.942,0.908,0.94,5329580,495063985.0
2024-05-10,0.942,0.947,0.927,0.932,4272283,399191184.0
2024-05-13,0.925,0.931,0.91,0.922,2982261,275038028.0
2024-05-14,0.922,0.928,0.914,0.917,1678500,154227245.0
2024-05-15,0.916,0.919,0.903,0.905,1875385,170685538.0
2024-05-16,0.906,0.913,0.898,0.901,2422120,218872937.0
2024-05-17,0.902,0.918,0.896,0.918,3730239,338709222.0
2024-05-20,0.918,0.935,0.913,0.928,3813246,353341505.0
2024-05-21,0.924,0.924,0.912,0.914,2327028,213186692.00000003
2024-05-22,0.914,0.917,0.9,0.91,2314139,210374704.0
2024-05-23,0.912,0.918,0.901,0.903,4123226,374862110.0
2024-05-24,0.898,0.899,0.883,0.883,3625126,322834340.0
2024-05-27,0.885,0.89,0.87,0.89,2236714,196469713.0
2024-05-28,0.887,0.897,0.879,0.885,2103561,186860470.0
2024-05-29,0.886,0.893,0.876,0.881,1577652,139497410.0
2024-05-30,0.877,0.903,0.87,0.896,3699763,329869756.0
2024-05-31,0.894,0.911,0.893,0.905,2831953,256042642.0
2024-06-03,0.906,0.912,0.893,0.901,2727738,246565239.00000003
2024-06-04,0.9,0.911,0.892,0.91,2325838,209914766.00000003
2024-06-05,0.906,0.932,0.906,0.916,5298564,489728976.0
2024-06-06,0.917,0.917,0.895,0.898,4264840,385863000.0
2024-06-07,0.9,0.911,0.892,0.902,2513743,226758109.0
2024-06-11,0.899,0.913,0.893,0.911,3051505,275538602.0
2024-06-12,0.907,0.92,0.905,0.91,2832843,258939120.0
2024-06-13,0.91,0.919,0.905,0.914,2847083,259967333.00000003
2024-06-14,0.912,0.912,0.897,0.903,2892554,260866973.0
2024-06-17,0.898,0.909,0.896,0.905,2143428,194157309.0
2024-06-18,0.905,0.914,0.901,0.91,2201721,200175689.0
2024-06-19,0.911,0.912,0.896,0.898,2167753,195302271.0
2024-06-20,0.897,0.9,0.879,0.88,3211259,284791220.0
2024-06-21,0.879,0.887,0.875,0.882,1590451,140190150.0
2024-06-24,0.88,0.883,0.859,0.86,2128865,185523190.00000003
2024-06-25,0.86,0.865,0.84,0.847,2218137,188922036.00000003
2024-06-26,0.848,0.866,0.841,0.865,1945131,165803640.0
2024-06-27,0.863,0.863,0.851,0.852,1508008,129029826.0
2024-06-28,0.852,0.885,0.851,0.879,4286320,375232123.0
2024-07-01,0.877,0.881,0.865,0.879,2108534,184055603.00000003
2024-07-02,0.878,0.881,0.868,0.872,2007919,175416900.0
2024-07-03,0.87,0.871,0.855,0.857,1981020,170256549.0
2024-07-04,0.857,0.864,0.846,0.847,2009303,171566945.0
2024-07-05,0.844,0.851,0.835,0.849,2010561,169423710.0
2024-07-08,0.846,0.848,0.832,0.834,1869046,156832768.00000003
2024-07-09,0.834,0.85,0.826,0.847,3082672,258144813.0
2024-07-10,0.844,0.851,0.842,0.846,1766993,149776713.99999997
2024-07-11,0.854,0.869,0.852,0.867,2724798,234972676.00000003
2024-07-12,0.867,0.87,0.86,0.863,1633915,141128238.0
2024-07-15,0.863,0.869,0.854,0.859,1849571,159358669.0
2024-07-16,0.858,0.865,0.853,0.864,1571435,135105255.0
2024-07-17,0.865,0.866,0.858,0.858,1433655,123561403.0
2024-07-18,0.855,0.879,0.849,0.877,3324727,287583409.0
2024-07-19,0.872,0.893,0.871,0.89,3394861,300232844.99999994
2024-07-22,0.891,0.902,0.889,0.895,2698955,241935196.0
2024-07-23,0.894,0.896,0.868,0.87,2724040,239796994.0
2024-07-24,0.866,0.888,0.865,0.873,3698821,324380059.99999994
2024-07-25,0.871,0.873,0.858,0.866,2339532,202621535.0
2024-07-26,0.866,0.898,0.865,0.895,4166518,369424126.0
2024-07-29,0.899,0.911,0.896,0.902,3716295,336226663.0
2024-07-30,0.9,0.912,0.889,0.907,3320042,299460582.0
2024-07-31,0.906,0.92,0.898,0.92,5087091,463021175.00000006
2024-08-01,0.918,0.937,0.916,0.922,4493680,416662304.00000006
2024-08-02,0.915,0.935,0.91,0.913,3491193,321522057.00000006
2024-08-05,0.908,0.921,0.883,0.884,3596060,324357520.0
2024-08-06,0.89,0.912,0.889,0.906,3531713,317927757.0
2024-08-07,0.907,0.919,0.902,0.912,3575892,326220940.00000006
2024-08-08,0.907,0.907,0.88,0.883,3717173,330151796.0
2024-08-09,0.884,0.891,0.873,0.873,2269406,199684136.0
2024-08-12,0.871,0.871,0.861,0.865,2339702,202440569.00000003
2024-08-13,0.865,0.876,0.865,0.875,2076246,180797001.00000003
2024-08-14,0.875,0.875,0.864,0.864,1457658,126482706.0
2024-08-15,0.863,0.877,0.861,0.867,2281649,198311873.0
2024-08-16,0.869,0.871,0.854,0.856,2602931,224112378.0
2024-08-19,0.852,0.862,0.85,0.853,1887637,161519716.0
2024-08-20,0.854,0.854,0.832,0.839,3112604,261465642.00000003
2024-08-21,0.836,0.841,0.831,0.834,1658833,138622522.00000003
2024-08-22,0.834,0.84,0.826,0.831,1676276,139561131.0
2024-08-23,0.829,0.833,0.824,0.832,1723881,142852188.00000003
2024-08-26,0.83,0.83,0.82,0.825,1678887,138350013.0
2024-08-27,0.822,0.823,0.81,0.811,1553163,126464304.0
2024-08-28,0.81,0.824,0.809,0.819,2423352,198512175.0
2024-08-29,0.818,0.837,0.814,0.833,2317628,192323274.0
2024-08-30,0.833,0.852,0.831,0.843,3452096,291232331.0
2024-09-02,0.84,0.841,0.811,0.812,2833297,233245236.0
2024-09-03,0.818,0.826,0.816,0.824,2602233,213696030.0
2024-09-04,0.818,0.826,0.814,0.822,1482686,121760880.0
2024-09-05,0.822,0.83,0.821,0.826,1294101,106782761.0
2024-09-06,0.826,0.826,0.813,0.814,1799778,147196017.00000003
2024-09-09,0.812,0.818,0.807,0.811,1606348,130507025.0
2024-09-10,0.811,0.818,0.802,0.817,1890611,153209469.00000003
2024-09-11,0.813,0.817,0.81,0.816,1482245,120648969.0
2024-09-12,0.817,0.823,0.811,0.812,1540102,125733805.0
2024-09-13,0.814,0.814,0.803,0.805,2073180,167490581.99999997
2024-09-18,0.803,0.808,0.794,0.805,2331874,186851852.00000003
2024-09-19,0.81,0.811,0.79,0.806,4213728,337640750.0
2024-09-20,0.803,0.803,0.785,0.791,2798100,221525542.0
2024-09-23,0.788,0.802,0.787,0.795,2236872,178373033.0
2024-09-24,0.8,0.821,0.79,0.821,4315919,348863014.0
2024-09-25,0.824,0.845,0.824,0.833,4106739,343058106.00000006
2024-09-26,0.83,0.863,0.828,0.863,4192879,354407454.0
2024-09-27,0.871,0.914,0.871,0.909,4822189,428098280.00000006
2024-09-30,0.953,1.0,0.928,1.0,11179860,1086114025.0
2024-10-08,1.1,1.1,1.025,1.1,20309481,2205037289.0
2024-10-09,1.077,1.077,1.005,1.015,13951509,1458283914.0
2024-10-10,1.016,1.059,0.994,1.021,10364806,1066803702.0
2024-10-11,1.014,1.014,0.953,0.968,9778075,956723239.0
2024-10-14,0.991,1.009,0.972,1.008,12063482,1199770350.0
2024-10-15,0.998,1.028,0.98,1.0,9939185,1002608413.0
2024-10-16,0.984,1.006,0.977,0.987,6203454,613434434.0
2024-10-17,0.991,1.01,0.991,0.993,6370377,637933277.0000001
2024-10-18,0.992,1.055,0.983,1.033,11312305,1157020475.0
2024-10-21,1.052,1.098,1.045,1.085,15307286,1641098133.0
2024-10-22,1.085,1.085,1.049,1.061,9963854,1056214893.0
2024-10-23,1.055,1.11,1.051,1.087,14804515,1613646454.0
2024-10-24,1.081,1.081,1.051,1.06,7889348,836806388.0
2024-10-25,1.059,1.078,1.059,1.071,7465901,798868598.9999999
2024-10-28,1.079,1.103,1.072,1.088,7518463,816336812.0
2024-10-29,1.088,1.097,1.076,1.078,6986990,758365335.0
2024-10-30,1.072,1.092,1.069,1.08,5829825,630132598.0
2024-10-31,1.077,1.094,1.069,1.087,5291587,573188958.0
2024-11-01,1.086,1.094,1.052,1.056,5827171,621064564.0000001
2024-11-04,1.057,1.085,1.056,1.079,5280601,567540428.0
2024-11-05,1.091,1.152,1.091,1.151,12207179,1378709577.0
2024-11-06,1.167,1.183,1.148,1.161,11853825,1384291557.0
2024-11-07,1.143,1.154,1.118,1.153,12524379,1423531536.0
2024-11-08,1.155,1.2,1.155,1.185,11539678,1366108773.0
2024-11-11,1.201,1.219,1.181,1.217,7804843,938624294.0
2024-11-12,1.216,1.216,1.157,1.168,12131933,1433480043.0
2024-11-13,1.163,1.176,1.151,1.17,6516344,756742807.0
2024-11-14,1.168,1.168,1.12,1.123,8761978,998013408.0
2024-11-15,1.12,1.123,1.083,1.084,9091722,1002812479.0
2024-11-18,1.084,1.088,1.055,1.062,6109579,653393247.0
2024-11-19,1.064,1.081,1.049,1.08,6746072,717384592.0
2024-11-20,1.078,1.098,1.072,1.094,4648049,505873532.0
2024-11-21,1.092,1.099,1.083,1.093,4343565,474804754.00000006
2024-11-22,1.095,1.095,1.053,1.054,6388477,686686789.0
2024-11-25,1.052,1.053,1.022,1.04,4733268,490122371.0
2024-11-26,1.038,1.048,1.028,1.028,2451575,254239994.00000003
2024-11-27,1.027,1.064,1.012,1.062,5576104,580880673.0
2024-11-28,1.061,1.075,1.053,1.055,4046289,430682172.00000006
2024-11-29,1.05,1.077,1.043,1.066,5289868,562138747.0
2024-12-02,1.067,1.081,1.066,1.077,3725490,400389315.00000006
2024-12-03,1.078,1.079,1.059,1.067,3455683,368924613.0
2024-12-04,1.067,1.069,1.052,1.057,3133405,332090114.00000006
2024-12-05,1.056,1.075,1.053,1.068,3162439,336109715.0
2024-12-06,1.071,1.085,1.064,1.078,5492001,590602671.0
2024-12-09,1.076,1.076,1.057,1.064,2993459,319166154.00000006
2024-12-10,1.09,1.096,1.076,1.079,5571566,603596076.0
2024-12-11,1.078,1.083,1.073,1.083,2870014,309438568.0
2024-12-12,1.088,1.1,1.084,1.099,5826376,637998885.0
2024-12-13,1.09,1.092,1.069,1.071,3983866,429896170.0
2024-12-16,1.066,1.068,1.049,1.052,3151723,333574019.0
2024-12-17,1.052,1.057,1.037,1.04,3020376,315944122.00000006
2024-12-18,1.045,1.053,1.041,1.048,2821054,295762846.00000006
2024-12-19,1.039,1.052,1.032,1.05,3075745,320748682.0
2024-12-20,1.05,1.066,1.046,1.06,3460310,366394615.0
2024-12-23,1.06,1.06,1.04,1.042,2919921,306286768.0
2024-12-24,1.041,1.049,1.036,1.045,3137688,327334309.00000006
2024-12-25,1.045,1.045,1.03,1.039,3010868,312104696.99999994
2024-12-26,1.044,1.058,1.043,1.053,4746423,499995148.0
2024-12-27,1.073,1.084,1.065,1.07,8130207,873294779.0000001
2024-12-30,1.075,1.075,1.058,1.065,3241017,345563306.0
2024-12-31,1.064,1.064,1.04,1.042,3953888,414931154.0
2025-01-02,1.039,1.039,0.986,0.996,5743735,580141099.9999999
2025-01-03,0.996,0.997,0.965,0.966,4129680,405133571.0
2025-01-06,0.965,0.973,0.947,0.955,4575920,438297504.0
2025-01-07,0.956,0.973,0.956,0.972,4469167,430927577.00000006
2025-01-08,0.972,0.974,0.94,0.965,3951640,379246406.0
2025-01-09,0.961,0.986,0.959,0.979,4188889,408674799.00000006
2025-01-10,0.976,0.994,0.966,0.967,4152353,406908887.0
2025-01-13,0.955,0.976,0.948,0.964,2357917,226970156.0
2025-01-14,0.966,1.002,0.963,1.0,3722918,367495385.0
2025-01-15,0.997,1.0,0.982,0.984,3240207,320660489.99999994
2025-01-16,0.989,1.0,0.975,0.983,3626699,357699841.0
2025-01-17,0.981,1.001,0.978,0.992,3726002,368708531.0
2025-01-20,0.999,1.009,0.997,1.002,2965771,297369254.0
2025-01-21,1.006,1.006,0.988,0.996,2550550,253519520.0
2025-01-22,0.995,0.995,0.982,0.989,1796059,177388654.0
2025-01-23,0.996,1.009,0.981,0.982,3210413,319627490.0
2025-01-24,0.98,0.993,0.979,0.99,1919661,189576104.0
2025-01-27,0.995,0.999,0.979,0.98,2082545,205639659.00000003
2025-02-05,0.982,0.995,0.978,0.988,2253951,222574880.0
2025-02-06,0.989,1.021,0.983,1.019,5191383,523698893.0
2025-02-07,1.019,1.038,1.015,1.028,6229435,640261866.0000001
2025-02-10,1.029,1.04,1.029,1.039,3767146,390229126.0
2025-02-11,1.04,1.04,1.022,1.027,2646006,271953001.99999994
2025-02-12,1.023,1.038,1.022,1.037,3623530,373473056.0
2025-02-13,1.036,1.044,1.027,1.028,2717697,281072943.00000006
2025-02-14,1.026,1.028,1.017,1.025,3367960,344101884.0
2025-02-17,1.026,1.029,1.018,1.025,3270497,334876439.0
2025-02-18,1.025,1.025,0.993,0.999,5105590,514964836.0
2025-02-19,0.998,1.016,0.997,1.016,2826837,285653955.0
2025-02-20,1.016,1.035,1.011,1.035,5322028,547131923.0000001
2025-02-21,1.034,1.046,1.029,1.043,5546443,576568344.0
2025-02-24,1.044,1.055,1.036,1.046,4059209,424525666.0
2025-02-25,1.035,1.051,1.029,1.038,3671162,382591508.00000006
2025-02-26,1.038,1.051,1.034,1.048,3271453,341693715.0
2025-02-27,1.047,1.047,1.02,1.037,3691491,381200722.0
2025-02-28,1.03,1.034,1.004,1.006,4743896,482196541.0
2025-03-03,1.007,1.023,1.004,1.011,4224521,428809271.0
2025-03-04,1.009,1.043,1.007,1.04,8439543,870910069.0
2025-03-05,1.04,1.049,1.034,1.044,5449729,567533300.0000001
2025-03-06,1.046,1.061,1.04,1.058,5436996,572260073.0
2025-03-07,1.055,1.093,1.052,1.072,8224154,886971076.0000001
2025-03-10,1.08,1.09,1.073,1.079,6764742,731141487.0
2025-03-11,1.067,1.101,1.063,1.099,7535201,819650318.0
2025-03-12,1.106,1.115,1.094,1.095,8757102,964700462.0
2025-03-13,1.094,1.1,1.076,1.093,5935645,643756100.0
2025-03-14,1.094,1.099,1.076,1.095,5769508,628738460.0
2025-03-17,1.096,1.103,1.09,1.091,4819583,528649680.00000006
2025-03-18,1.091,1.101,1.085,1.088,3347565,365098162.0
2025-03-19,1.083,1.085,1.073,1.076,4838840,521274010.0
2025-03-20,1.075,1.096,1.069,1.082,4415590,478309490.0
2025-03-21,1.078,1.096,1.07,1.077,4829979,523335275.0
2025-03-24,1.076,1.079,1.04,1.059,4721277,498581988.0
2025-03-25,1.056,1.076,1.052,1.054,3653155,389521283.00000006
2025-03-26,1.053,1.064,1.05,1.052,3032293,320288287.00000006
2025-03-27,1.051,1.06,1.033,1.049,4566748,478134314.00000006
2025-03-28,1.049,1.053,1.036,1.04,3353667,349682676.0
2025-03-31,1.033,1.034,1.011,1.021,4620138,472030124.0
2025-04-01,1.025,1.048,1.025,1.035,6418483,665918574.0
2025-04-02,1.035,1.035,1.018,1.023,4917548,503647720.0
2025-04-03,1.015,1.032,1.013,1.02,5261799,537497407.0
2025-04-07,0.995,0.995,0.918,0.927,9307527,880910619.0
2025-04-08,0.934,0.95,0.929,0.946,7659988,717544676.0000001
2025-04-09,0.939,1.006,0.932,0.999,13908350,1370352818.0
2025-04-10,1.004,1.021,0.993,1.01,11645579,1178211636.0
2025-04-11,1.007,1.032,1.005,1.021,10392429,1060097179.0
2025-04-14,1.021,1.029,1.019,1.023,4737200,484699384.0
2025-04-15,1.021,1.022,0.998,1.005,3977179,399565540.0
2025-04-16,1.005,1.014,0.99,1.0,4230772,422573451.0
2025-04-17,0.995,1.014,0.993,1.001,5650118,568368802.0
2025-04-18,0.997,0.999,0.988,0.995,3642373,361648450.0
2025-04-21,0.994,1.012,0.992,1.012,5003091,503874471.0
2025-04-22,1.011,1.014,1.004,1.006,2569647,259140681.0
2025-04-23,1.008,1.012,0.999,1.005,6384483,640073746.0
2025-04-24,1.001,1.004,0.99,0.995,4472332,445820824.00000006
2025-04-25,0.996,1.004,0.988,0.998,4376598,436102568.0
2025-04-28,0.998,1.002,0.989,0.991,2206551,219128083.0
2025-04-29,0.986,0.994,0.979,0.991,3361036,332371143.0
2025-04-30,0.99,1.0,0.99,0.998,4228841,421895479.00000006
2025-05-06,1.005,1.015,1.001,1.014,5118083,517108980.00000006
2025-05-07,1.03,1.064,1.026,1.051,13234791,1380603042.0
2025-05-08,1.049,1.073,1.038,1.072,10931771,1154375899.0
2025-05-09,1.073,1.075,1.045,1.047,10843170,1141947790.0
2025-05-12,1.047,1.111,1.045,1.096,19360217,2111257781.0
2025-05-13,1.096,1.097,1.062,1.063,12799762,1373528249.0000002
2025-05-14,1.063,1.069,1.054,1.057,6500530,687778967.0
2025-05-15,1.057,1.058,1.037,1.037,6347121,663155367.0
2025-05-16,1.036,1.051,1.035,1.038,5383052,561726547.0
2025-05-19,1.045,1.049,1.033,1.047,4951488,516883258.0
2025-05-20,1.047,1.047,1.038,1.045,4440901,462830051.0
2025-05-21,1.043,1.047,1.038,1.046,6681611,698139860.0
2025-05-22,1.041,1.058,1.039,1.04,6159081,645974111.0
2025-05-23,1.037,1.043,1.028,1.029,4700490,486766967.0
2025-05-26,1.029,1.04,1.028,1.039,3111268,322123861.0
2025-05-27,1.038,1.041,1.026,1.035,4319722,445914050.0
2025-05-28,1.032,1.037,1.026,1.026,3418803,352375344.0
2025-05-29,1.027,1.047,1.026,1.047,6592814,686360361.0
2025-05-30,1.044,1.053,1.036,1.048,5285244,551916668.0
2025-06-03,1.049,1.061,1.043,1.048,5795113,609164962.0000001
2025-06-04,1.045,1.051,1.043,1.047,3208735,335826046.0
2025-06-05,1.046,1.052,1.039,1.052,4885895,511888338.00000006
2025-06-06,1.053,1.062,1.046,1.047,4885475,515218918.00000006
2025-06-09,1.052,1.073,1.052,1.062,6104986,649756309.0
2025-06-10,1.061,1.061,1.036,1.045,5888904,616428639.0000001
2025-06-11,1.042,1.051,1.041,1.049,3105401,325314410.0
2025-06-12,1.047,1.049,1.04,1.041,2694002,281058047.0
2025-06-13,1.049,1.06,1.041,1.056,7499762,788111610.0
2025-06-16,1.056,1.059,1.045,1.056,4348336,458261302.00000006
2025-06-17,1.055,1.059,1.045,1.055,3927502,412743211.0
2025-06-18,1.055,1.07,1.053,1.062,5799404,616134723.0000001
2025-06-19,1.059,1.059,1.038,1.045,6699103,701373937.0
2025-06-20,1.043,1.043,1.033,1.034,5108943,530433218.0
2025-06-23,1.036,1.053,1.034,1.051,5519558,577185317.0
2025-06-24,1.044,1.061,1.037,1.057,7557986,795344517.0
2025-06-25,1.056,1.091,1.056,1.091,10348029,1118210775.0
2025-06-26,1.094,1.112,1.09,1.091,9626347,1060066566.0
2025-06-27,1.092,1.11,1.09,1.099,7106621,782137411.0
2025-06-30,1.105,1.148,1.104,1.147,9702953,1101997821.0
2025-07-01,1.147,1.149,1.13,1.143,12134117,1383092772.0
2025-07-02,1.14,1.141,1.116,1.12,7183978,808660816.0
2025-07-03,1.119,1.136,1.115,1.124,5041911,565899800.0
2025-07-04,1.122,1.128,1.11,1.116,6487730,725062998.0
2025-07-07,1.116,1.122,1.111,1.118,3318847,371059668.00000006
2025-07-08,1.118,1.126,1.114,1.125,6522412,731817362.0
2025-07-09,1.126,1.135,1.113,1.116,5585719,627825519.0000001
2025-07-10,1.113,1.117,1.101,1.113,6623287,734139070.0
2025-07-11,1.111,1.132,1.111,1.128,6660426,749725047.0
2025-07-14,1.128,1.131,1.121,1.123,3612251,406379194.0
2025-07-15,1.121,1.127,1.111,1.119,5118337,571387397.0
2025-07-16,1.117,1.124,1.113,1.118,4352277,486612727.0
2025-07-17,1.117,1.146,1.115,1.145,10452048,1186545281.0
2025-07-18,1.145,1.158,1.142,1.155,7922718,912518289.0
2025-07-21,1.156,1.169,1.155,1.168,6625529,770359676.0000001
2025-07-22,1.168,1.18,1.16,1.168,6465009,756325076.0
2025-07-23,1.164,1.164,1.149,1.153,7503477,867627157.0
2025-07-24,1.151,1.175,1.151,1.174,8991108,1048077620.0
2025-07-25,1.174,1.175,1.163,1.174,5402608,631583485.0
2025-07-28,1.174,1.194,1.173,1.192,6779663,804857597.0000001
2025-07-29,1.188,1.206,1.183,1.205,6643395,792668810.0
2025-07-30,1.204,1.216,1.176,1.188,8903367,1064440505.0
2025-07-31,1.183,1.196,1.175,1.186,8375570,993262362.0
2025-08-01,1.182,1.183,1.162,1.167,7874999,920998252.0
2025-08-04,1.162,1.199,1.161,1.199,10645170,1263508204.0
2025-08-05,1.204,1.218,1.198,1.205,7725622,931692031.0
2025-08-06,1.205,1.247,1.202,1.247,14087859,1739875672.0
2025-08-07,1.251,1.256,1.23,1.238,10584381,1308883414.0
2025-08-08,1.232,1.246,1.23,1.234,6879705,851903580.9999999
2025-08-11,1.234,1.247,1.231,1.241,5890698,730732104.0000001
2025-08-12,1.241,1.243,1.22,1.234,7736406,950565322.0
2025-08-13,1.232,1.252,1.232,1.25,11177402,1390881811.0
2025-08-14,1.25,1.256,1.225,1.229,13323418,1647680982.0
2025-08-15,1.224,1.243,1.222,1.243,8176962,1010289949.0
2025-08-18,1.246,1.272,1.246,1.27,10056946,1266928893.0
2025-08-19,1.271,1.272,1.245,1.248,10834631,1355369352.0
2025-08-20,1.244,1.258,1.235,1.257,10294134,1284391712.0
2025-08-21,1.257,1.261,1.242,1.249,8600307,1077006898.0
2025-08-22,1.249,1.28,1.242,1.279,10044478,1267841441.0
2025-08-25,1.282,1.305,1.277,1.304,11772401,1519202366.0
2025-08-26,1.302,1.304,1.29,1.295,6346070,823175228.0
2025-08-27,1.293,1.306,1.271,1.272,10099267,1305565615.0
2025-08-28,1.275,1.299,1.252,1.299,11506379,1470710122.0000002
2025-08-29,1.297,1.311,1.288,1.311,12590299,1638249711.0
2025-09-01,1.312,1.313,1.284,1.307,11593796,1502792838.0
2025-09-02,1.306,1.306,1.257,1.274,14401314,1834177400.0
2025-09-03,1.278,1.281,1.197,1.202,20632314,2542687187.0000005
2025-09-04,1.197,1.202,1.148,1.166,11548155,1360524419.0
2025-09-05,1.166,1.188,1.159,1.184,8731820,1025691925.0
2025-09-08,1.188,1.195,1.173,1.193,5639160,668301647.0
2025-09-09,1.19,1.19,1.166,1.168,4727331,556543544.0
2025-09-10,1.167,1.186,1.166,1.178,4692247,552825649.0
2025-09-11,1.177,1.205,1.172,1.203,6810927,811156153.0000001
2025-09-12,1.203,1.211,1.197,1.2,5729090,689843717.0
2025-09-15,1.2,1.2,1.187,1.191,4675066,557233003.0
2025-09-16,1.189,1.19,1.17,1.185,5883051,694794661.0
2025-09-17,1.184,1.192,1.177,1.19,4651497,552049936.0
2025-09-18,1.189,1.211,1.172,1.184,9714871,1162855630.0000002
2025-09-19,1.182,1.208,1.181,1.195,7948503,952491066.0
2025-09-22,1.193,1.202,1.185,1.201,4829305,576680002.0
2025-09-23,1.205,1.21,1.17,1.192,6325247,750281169.0
2025-09-24,1.183,1.205,1.178,1.203,5238174,625833209.0
2025-09-25,1.201,1.206,1.192,1.2,5379058,645539751.0
2025-09-26,1.195,1.214,1.189,1.196,6990885,840980974.0
2025-09-29,1.193,1.207,1.181,1.2,6429984,768508188.0000001
2025-09-30,1.203,1.236,1.202,1.234,8505405,1040349268.0
2025-10-09,1.234,1.25,1.224,1.248,10010098,1241549229.0
2025-10-10,1.246,1.25,1.23,1.233,5874588,728382157.0
2025-10-13,1.201,1.25,1.199,1.249,6768251,834930359.0
2025-10-14,1.252,1.264,1.226,1.233,8622415,1072129306.0
2025-10-15,1.232,1.232,1.206,1.23,6469859,790262756.0000001
2025-10-16,1.23,1.236,1.214,1.218,4394632,538073814.0000001
2025-10-17,1.214,1.222,1.173,1.177,7114139,849395920.0
2025-10-20,1.184,1.195,1.172,1.18,3610649,426889529.0
2025-10-21,1.182,1.197,1.181,1.196,3461541,412769058.0
2025-10-22,1.193,1.193,1.18,1.182,3106321,367660278.0
2025-10-23,1.178,1.179,1.158,1.178,4132884,482242822.0
2025-10-24,1.185,1.21,1.185,1.208,6422423,772613385.0
2025-10-27,1.212,1.223,1.212,1.222,5612875,683753512.0
2025-10-28,1.223,1.242,1.215,1.236,8100920,1000202578.0
2025-10-29,1.236,1.246,1.23,1.243,6507507,806511857.0
2025-10-30,1.235,1.237,1.218,1.219,5699582,699208758.0
2025-10-31,1.217,1.221,1.202,1.204,4614685,558803229.0000001
2025-11-03,1.204,1.212,1.188,1.212,3772613,452974590.00000006
2025-11-04,1.209,1.21,1.188,1.195,3707480,443847054.0
2025-11-05,1.182,1.196,1.18,1.193,2367248,280994538.0
2025-11-06,1.193,1.207,1.191,1.203,2759601,331395954.0
2025-11-07,1.199,1.203,1.188,1.195,2612564,312445544.99999994
2025-11-10,1.196,1.202,1.182,1.193,2787554,332211185.0
2025-11-11,1.194,1.198,1.18,1.181,3141020,372717905.0
2025-11-12,1.178,1.179,1.155,1.17,7553278,880427209.0000001
2025-11-13,1.168,1.183,1.166,1.179,4179489,492022436.00000006
2025-11-14,1.176,1.187,1.171,1.174,3050007,359714890.0
2025-11-17,1.199,1.202,1.183,1.188,7884627,940973747.0
2025-11-18,1.186,1.186,1.167,1.172,4322477,506889924.0
2025-11-19,1.171,1.184,1.166,1.178,4698325,553042041.0
2025-11-20,1.175,1.177,1.165,1.165,3317697,388021632.0
2025-11-21,1.155,1.164,1.136,1.142,5791390,663818064.0
2025-11-24,1.145,1.19,1.145,1.188,9961845,1169450525.0
2025-11-25,1.187,1.191,1.173,1.182,6164270,729821060.0000001
2025-11-26,1.179,1.182,1.158,1.16,5126844,597013146.0
2025-11-27,1.157,1.166,1.154,1.158,2705953,314039112.0
2025-11-28,1.159,1.173,1.156,1.172,2941519,342591904.0
2025-12-01,1.179,1.191,1.177,1.184,3862298,457477821.00000006
2025-12-02,1.184,1.19,1.177,1.181,4256227,503069762.0
2025-12-03,1.179,1.182,1.163,1.169,4269478,499843462.0
2025-12-04,1.163,1.183,1.162,1.176,2405625,282434804.0
2025-12-05,1.172,1.206,1.17,1.204,5463192,651706126.0
2025-12-08,1.216,1.236,1.216,1.216,6611671,810575070.0
2025-12-09,1.214,1.23,1.21,1.215,3346731,408055571.0
2025-12-10,1.21,1.227,1.208,1.225,2609030,318286941.00000006
2025-12-11,1.23,1.24,1.219,1.22,3836302,471409953.00000006
2025-12-12,1.22,1.236,1.215,1.233,5190227,638329853.0
2025-12-15,1.233,1.254,1.222,1.245,4330413,538019527.0000001
2025-12-16,1.241,1.241,1.206,1.226,4797970,585243601.0
2025-12-17,1.217,1.232,1.205,1.226,3065463,373352593.00000006
2025-12-18,1.218,1.256,1.216,1.239,4380486,544765593.0
2025-12-19,1.242,1.267,1.242,1.255,3587330,450275051.0
2025-12-22,1.265,1.274,1.256,1.262,3324739,420688556.0
2025-12-23,1.264,1.271,1.238,1.243,4269627,534137691.00000006
2025-12-24,1.237,1.281,1.236,1.278,5393865,684162736.9999999
2025-12-25,1.277,1.32,1.275,1.317,6909124,901599777.0
2025-12-26,1.318,1.342,1.312,1.332,5255479,697910130.0
2025-12-29,1.333,1.354,1.33,1.35,6270736,843981504.0
2025-12-30,1.344,1.37,1.334,1.34,4786981,646294135.0
2025-12-31,1.338,1.377,1.335,1.373,4888600,663303907.0000001
2026-01-05,1.393,1.415,1.374,1.407,4432878,619331863.9999999
2026-01-06,1.398,1.455,1.396,1.453,3573514,509102210.0
2026-01-07,1.447,1.455,1.422,1.44,3798815,547081662.0
2026-01-08,1.432,1.507,1.43,1.505,6064862,898164332.0
2026-01-09,1.526,1.587,1.517,1.567,8821369,1364372449.0000002
2026-01-12,1.588,1.684,1.585,1.682,8097673,1318363300.0
2026-01-13,1.654,1.654,1.541,1.552,9231475,1449874598.0
2026-01-14,1.541,1.61,1.539,1.563,8531525,1340922457.0
2026-01-15,1.531,1.545,1.495,1.503,5134499,777577807.0
2026-01-16,1.507,1.525,1.482,1.495,4450941,667746720.0
2026-01-19,1.48,1.542,1.479,1.526,4393161,665504093.0
2026-01-20,1.524,1.536,1.46,1.477,5596684,831605447.0
2026-01-21,1.468,1.5,1.467,1.479,3038732,451394468.0
2026-01-22,1.48,1.528,1.479,1.526,3928739,595206443.0
2026-01-23,1.533,1.58,1.52,1.574,5159726,803893329.0
2026-01-26,1.566,1.566,1.495,1.503,5564125,846634466.0
2026-01-27,1.483,1.529,1.48,1.525,3657822,550787150.0
2026-01-28,1.527,1.527,1.492,1.503,3964390,595684852.0
2026-01-29,1.49,1.505,1.47,1.473,4176260,619772191.0000001
2026-01-30,1.461,1.476,1.418,1.446,4247741,612704942.0
2026-02-02,1.444,1.469,1.416,1.42,2879640,414512687.0
2026-02-03,1.436,1.483,1.427,1.483,4465946,650992637.0
2026-02-04,1.477,1.505,1.464,1.485,3061769,454343327.0
2026-02-05,1.467,1.493,1.459,1.466,2123044,312195672.99999994
2026-02-06,1.45,1.467,1.435,1.44,2412542,349736696.99999994
2026-02-09,1.462,1.47,1.448,1.466,2248529,328619647.0
2026-02-10,1.467,1.475,1.443,1.469,3163292,463237400.0
2026-02-11,1.465,1.483,1.456,1.458,2430444,357416951.0
2026-02-12,1.456,1.481,1.449,1.478,2273818,334162188.00000006
2026-02-13,1.474,1.498,1.47,1.483,3812363,566876222.0
2026-02-24,1.491,1.516,1.481,1.501,4351775,652715811.9999999
2026-02-25,1.5,1.53,1.49,1.526,4817215,729488681.0000001
2026-02-26,1.524,1.556,1.511,1.552,4525100,695980333.0000001
2026-02-27,1.544,1.563,1.537,1.55,3436422,532560702.0
2026-03-02,1.599,1.602,1.555,1.588,10346254,1635895283.0
2026-03-03,1.588,1.588,1.475,1.479,9450831,1430596725.0
2026-03-04,1.449,1.512,1.445,1.497,4664978,696012103.0
2026-03-05,1.506,1.517,1.487,1.508,3745938,563325240.0000001
2026-03-06,1.493,1.547,1.492,1.523,4178492,636931087.0
2026-03-09,1.511,1.511,1.463,1.493,5166446,766305046.0
2026-03-10,1.498,1.53,1.496,1.511,3283858,496545946.00000006
2026-03-11,1.512,1.518,1.486,1.489,2784028,416404098.00000006
2026-03-12,1.488,1.489,1.446,1.457,3802071,555903749.0
2026-03-13,1.447,1.449,1.412,1.414,3591098,512740189.0
2026-03-16,1.415,1.417,1.39,1.415,2598143,364791612.0
2026-03-17,1.416,1.423,1.376,1.376,2459169,343341948.0
2026-03-18,1.376,1.402,1.368,1.4,3070101,424909510.0
2026-03-19,1.377,1.383,1.357,1.363,2536456,347516169.00000006
2026-03-20,1.369,1.373,1.324,1.325,2392264,321794455.00000006
2026-03-23,1.296,1.307,1.251,1.259,3721865,477237600.00000006
2026-03-24,1.276,1.291,1.26,1.29,3764248,479617884.0
2026-03-25,1.29,1.318,1.29,1.313,3011334,394241276.00000006
2026-03-26,1.316,1.318,1.28,1.288,2012776,260982115.0
2026-03-27,1.267,1.303,1.266,1.296,2013206,258944915.00000003
2026-03-30,1.276,1.312,1.271,1.31,4210302,548020173.9999999
2026-03-31,1.31,1.339,1.302,1.304,2836536,374449067.0
2026-04-01,1.326,1.327,1.3,1.309,1912204,250311104.0
2026-04-02,1.307,1.319,1.279,1.285,1748549,226593622.0
2026-04-03,1.286,1.293,1.266,1.27,3112810,397626403.0
2026-04-07,1.27,1.277,1.261,1.269,1445958,183589184.0
2026-04-08,1.291,1.333,1.291,1.333,3667087,482758527.0
2026-04-09,1.321,1.336,1.313,1.323,2010068,266057419.0
2026-04-10,1.33,1.358,1.33,1.339,2488299,335032096.99999994
2026-04-13,1.33,1.355,1.328,1.351,2230157,300140319.0
2026-04-14,1.36,1.375,1.348,1.375,3218321,438523089.0
2026-04-15,1.381,1.397,1.363,1.367,3745828,517641545.0
2026-04-16,1.367,1.376,1.357,1.375,2538060,347355216.0
2026-04-17,1.367,1.389,1.366,1.386,2811721,387448010.0
2026-04-20,1.384,1.427,1.38,1.425,4248683,599895359.0
2026-04-21,1.423,1.43,1.405,1.416,2791050,395009444.0
2026-04-22,1.402,1.422,1.397,1.42,3241902,457381986.0
2026-04-23,1.424,1.445,1.408,1.424,4051086,578219877.0
2026-04-24,1.419,1.42,1.389,1.396,2883507,403611623.0
2026-04-27,1.389,1.395,1.374,1.393,2338554,324097551.0
2026-04-28,1.39,1.394,1.367,1.371,2137376,295049142.00000006
2026-04-29,1.36,1.379,1.36,1.377,2293281,314646279.0
2026-04-30,1.379,1.402,1.378,1.399,2249078,313306433.0
2026-05-06,1.403,1.439,1.403,1.43,3233983,462525869.0
2026-05-07,1.433,1.448,1.426,1.446,2115451,303991134.0
2026-05-08,1.441,1.479,1.431,1.474,3342221,488113434.0
2026-05-11,1.481,1.495,1.474,1.483,3680330,546066958.0
2026-05-12,1.479,1.485,1.45,1.469,3980638,583250767.0
2026-05-13,1.46,1.489,1.455,1.488,3854708,568712430.0
2026-05-14,1.488,1.491,1.418,1.419,4122822,596307538.0
2026-05-15,1.416,1.431,1.375,1.385,4173421,582815956.0000001
2026-05-18,1.374,1.398,1.367,1.375,3021044,417520054.0
2026-05-19,1.376,1.377,1.344,1.377,2263655,308253513.0
2026-05-20,1.371,1.379,1.36,1.371,1565752,214378900.0
2026-05-21,1.379,1.397,1.335,1.337,2612177,358718834.0
2026-05-22,1.344,1.362,1.337,1.357,2974667,402502195.0
2026-05-25,1.365,1.377,1.349,1.376,3345436,457030518.0
2026-05-26,1.369,1.369,1.328,1.348,2586208,346828863.0
2026-05-27,1.348,1.365,1.318,1.323,2088352,280389357.0
2026-05-28,1.319,1.352,1.319,1.344,3470367,464773160.0
2026-05-29,1.345,1.349,1.275,1.284,3324038,432869044.0
2026-06-01,1.277,1.296,1.266,1.269,2858672,366118185.0
2026-06-02,1.27,1.275,1.235,1.267,3501490,438884078.00000006
2026-06-03,1.263,1.293,1.261,1.273,4798984,613223106.0
2026-06-04,1.263,1.285,1.261,1.278,1793190,228845968.0
2026-06-05,1.279,1.295,1.262,1.274,2849691,364848414.0
2026-06-08,1.25,1.268,1.209,1.22,2930050,362909767.00000006
2026-06-09,1.226,1.236,1.21,1.235,2000054,244614188.0
2026-06-10,1.227,1.241,1.208,1.222,2416723,295102740.0
2026-06-11,1.208,1.226,1.2,1.219,2105094,255026380.00000003
2026-06-12,1.237,1.275,1.237,1.246,3448721,433915962.0
2026-06-15,1.246,1.268,1.237,1.266,2500858,314091435.0
2026-06-16,1.267,1.276,1.26,1.267,1954076,247980930.0
2026-06-17,1.264,1.292,1.26,1.289,2722200,348998803.00000006
2026-06-18,1.277,1.309,1.275,1.29,2621607,338873441.0
2026-06-22,1.29,1.299,1.257,1.298,2861428,366506918.0
2026-06-23,1.295,1.295,1.246,1.252,2129291,269948690.0
2026-06-24,1.246,1.268,1.235,1.262,2008025,251483807.00000003
2026-06-25,1.252,1.28,1.25,1.26,1684126,212489557.0
2026-06-26,1.25,1.26,1.225,1.241,2067612,256714253.00000003
2026-06-29,1.241,1.248,1.216,1.234,2253503,277659208.00000006
2026-06-30,1.235,1.283,1.233,1.28,2675612,338084805.0
2026-07-01,1.279,1.303,1.279,1.291,2824065,364818905.0
2026-07-02,1.28,1.292,1.252,1.256,2775132,353683641.00000006
2026-07-03,1.255,1.312,1.254,1.301,3808493,492375282.0
2026-07-06,1.307,1.323,1.269,1.284,3431963,443545084.0
2026-07-07,1.277,1.288,1.24,1.244,2587807,326242776.0
2026-07-08,1.244,1.254,1.216,1.219,2257116,277735779.0
2026-07-09,1.22,1.246,1.194,1.243,2904628,353464296.0
2026-07-10,1.239,1.325,1.239,1.281,5296270,681035457.0000001
2026-07-13,1.274,1.276,1.189,1.192,4441749,537688881.0
2026-07-14,1.182,1.187,1.126,1.158,3700219,425048000.0
2026-07-15,1.149,1.169,1.138,1.143,2774669,319881675.0
2026-07-16,1.133,1.147,1.114,1.12,2707601,305634847.0
2026-07-17,1.119,1.119,1.054,1.062,4187452,454073276.00000006
2026-07-20,1.07,1.086,1.035,1.055,3751096,399087195.0
2026-07-21,1.06,1.092,1.038,1.09,3940303,421081162.0
2026-07-22,1.08,1.106,1.079,1.083,3517393,383058866.0
2026-07-23,1.079,1.105,1.079,1.101,2726827,298720971.0
2026-07-24,1.094,1.106,1.076,1.077,2947331,321393528.0
2026-07-27,1.073,1.105,1.07,1.104,3870450,422638728.00000006
2026-07-28,1.086,1.1,1.07,1.077,2516137,272163652.0
2026-07-29,1.074,1.098,1.064,1.094,2886605,312025408.0
2026-07-30,1.085,1.095,1.062,1.073,2859924,308663358.0
2026-07-31,1.087,1.106,1.086,1.093,3538987,387991687.0
2026-08-03,1.09,1.104,1.086,1.101,2775762,304471300.0
2026-08-04,1.102,1.12,1.1,1.116,2507694,278521544.99999994
2026-08-05,1.112,1.141,1.112,1.136,3061888,346274742.0
2026-08-06,1.13,1.142,1.121,1.135,2348964,266078381.0
2026-08-07,1.132,1.155,1.121,1.154,2488354,283770032.00000006
