run_id,date,total_asset,cash,market_value,daily_return,benchmark_close,benchmark_return
20260819_104628_a775fa,2019-01-02,1000000.0,1000000.0,0,0.0,2969.535,0.0
20260819_104628_a775fa,2019-01-03,1000000.0,1000000.0,0,0.0,2964.842,-0.00158038
20260819_104628_a775fa,2019-01-04,1000000.0,1000000.0,0,0.0,3035.874,0.02395811
20260819_104628_a775fa,2019-01-07,1000000.0,1000000.0,0,0.0,3054.303,0.00607041
20260819_104628_a775fa,2019-01-08,1000000.0,1000000.0,0,0.0,3047.703,-0.00216089
20260819_104628_a775fa,2019-01-09,1000000.0,1000000.0,0,0.0,3078.475,0.01009678
20260819_104628_a775fa,2019-01-10,1000000.0,1000000.0,0,0.0,3072.686,-0.00188048
20260819_104628_a775fa,2019-01-11,1000000.0,1000000.0,0,0.0,3094.778,0.0071898
20260819_104628_a775fa,2019-01-14,1000000.0,1000000.0,0,0.0,3067.784,-0.00872244
20260819_104628_a775fa,2019-01-15,1000000.0,1000000.0,0,0.0,3127.99,0.01962524
20260819_104628_a775fa,2019-01-16,1000000.0,1000000.0,0,0.0,3128.651,0.00021132
20260819_104628_a775fa,2019-01-17,1000000.0,1000000.0,0,0.0,3111.416,-0.00550876
20260819_104628_a775fa,2019-01-18,1000000.0,1000000.0,0,0.0,3168.173,0.01824153
20260819_104628_a775fa,2019-01-21,1000000.0,1000000.0,0,0.0,3185.636,0.00551201
20260819_104628_a775fa,2019-01-22,1000000.0,1000000.0,0,0.0,3143.317,-0.01328432
20260819_104628_a775fa,2019-01-23,1000000.0,1000000.0,0,0.0,3141.053,-0.00072026
20260819_104628_a775fa,2019-01-24,1000000.0,1000000.0,0,0.0,3158.781,0.00564397
20260819_104628_a775fa,2019-01-25,1000000.0,1000000.0,0,0.0,3184.469,0.00813225
20260819_104628_a775fa,2019-01-28,1000000.0,1000000.0,0,0.0,3183.777,-0.0002173
20260819_104628_a775fa,2019-01-29,1000000.0,1000000.0,0,0.0,3193.969,0.00320123
20260819_104628_a775fa,2019-01-30,1000000.0,1000000.0,0,0.0,3168.482,-0.00797973
20260819_104628_a775fa,2019-01-31,1000000.0,1000000.0,0,0.0,3201.633,0.01046274
20260819_104628_a775fa,2019-02-01,1000000.0,1000000.0,0,0.0,3247.397,0.01429396
20260819_104628_a775fa,2019-02-11,1000000.0,1000000.0,0,0.0,3306.472,0.01819149
20260819_104628_a775fa,2019-02-12,1000000.0,1000000.0,0,0.0,3330.335,0.00721706
20260819_104628_a775fa,2019-02-13,1000000.0,1000000.0,0,0.0,3397.027,0.02002561
20260819_104628_a775fa,2019-02-14,1000000.0,1000000.0,0,0.0,3402.14,0.00150514
20260819_104628_a775fa,2019-02-15,1000000.0,1000000.0,0,0.0,3338.704,-0.01864591
20260819_104628_a775fa,2019-02-18,1000000.0,1000000.0,0,0.0,3445.744,0.03206034
20260819_104628_a775fa,2019-02-19,1000000.0,1000000.0,0,0.0,3439.607,-0.00178104
20260819_104628_a775fa,2019-02-20,1000000.0,1000000.0,0,0.0,3451.927,0.0035818
20260819_104628_a775fa,2019-02-21,1000000.0,1000000.0,0,0.0,3442.705,-0.00267155
20260819_104628_a775fa,2019-02-22,1000000.0,1000000.0,0,0.0,3520.118,0.0224861
20260819_104628_a775fa,2019-02-25,1000000.0,1000000.0,0,0.0,3729.483,0.0594767
20260819_104628_a775fa,2019-02-26,1000000.0,1000000.0,0,0.0,3684.693,-0.01200971
20260819_104628_a775fa,2019-02-27,1000000.0,1000000.0,0,0.0,3678.392,-0.00171005
20260819_104628_a775fa,2019-02-28,1000000.0,1000000.0,0,0.0,3669.37,-0.0024527
20260819_104628_a775fa,2019-03-01,1000000.0,1000000.0,0,0.0,3749.714,0.02189586
20260819_104628_a775fa,2019-03-04,1000000.0,1000000.0,0,0.0,3794.104,0.01183824
20260819_104628_a775fa,2019-03-05,1000000.0,1000000.0,0,0.0,3816.013,0.00577449
20260819_104628_a775fa,2019-03-06,1000000.0,1000000.0,0,0.0,3848.09,0.00840589
20260819_104628_a775fa,2019-03-07,1000000.0,1000000.0,0,0.0,3808.849,-0.01019753
20260819_104628_a775fa,2019-03-08,1000000.0,1000000.0,0,0.0,3657.579,-0.03971541
20260819_104628_a775fa,2019-03-11,1000000.0,1000000.0,0,0.0,3729.954,0.01978768
20260819_104628_a775fa,2019-03-12,1000000.0,1000000.0,0,0.0,3755.351,0.00680893
20260819_104628_a775fa,2019-03-13,1000000.0,1000000.0,0,0.0,3724.194,-0.00829669
20260819_104628_a775fa,2019-03-14,1000000.0,1000000.0,0,0.0,3698.485,-0.00690324
20260819_104628_a775fa,2019-03-15,1000000.0,1000000.0,0,0.0,3745.005,0.01257812
20260819_104628_a775fa,2019-03-18,1000000.0,1000000.0,0,0.0,3851.747,0.0285025
20260819_104628_a775fa,2019-03-19,1000000.0,1000000.0,0,0.0,3833.962,-0.00461739
20260819_104628_a775fa,2019-03-20,1000000.0,1000000.0,0,0.0,3835.439,0.00038524
20260819_104628_a775fa,2019-03-21,1000000.0,1000000.0,0,0.0,3836.891,0.00037857
20260819_104628_a775fa,2019-03-22,1000000.0,1000000.0,0,0.0,3833.801,-0.00080534
20260819_104628_a775fa,2019-03-25,1000000.0,1000000.0,0,0.0,3742.825,-0.02372997
20260819_104628_a775fa,2019-03-26,1000000.0,1000000.0,0,0.0,3700.438,-0.01132487
20260819_104628_a775fa,2019-03-27,1000000.0,1000000.0,0,0.0,3743.387,0.01160646
20260819_104628_a775fa,2019-03-28,1000000.0,1000000.0,0,0.0,3728.395,-0.00400493
20260819_104628_a775fa,2019-03-29,1000000.0,1000000.0,0,0.0,3872.341,0.03860803
20260819_104628_a775fa,2019-04-01,1000000.0,1000000.0,0,0.0,3973.928,0.026234
20260819_104628_a775fa,2019-04-02,1000000.0,1000000.0,0,0.0,3971.285,-0.00066509
20260819_104628_a775fa,2019-04-03,1000000.0,1000000.0,0,0.0,4022.156,0.01280971
20260819_104628_a775fa,2019-04-04,1000000.0,1000000.0,0,0.0,4062.23,0.00996331
20260819_104628_a775fa,2019-04-08,1000000.0,1000000.0,0,0.0,4057.228,-0.00123134
20260819_104628_a775fa,2019-04-09,1000000.0,1000000.0,0,0.0,4075.43,0.00448631
20260819_104628_a775fa,2019-04-10,1000000.0,1000000.0,0,0.0,4085.847,0.00255605
20260819_104628_a775fa,2019-04-11,1000000.0,1000000.0,0,0.0,3997.577,-0.02160384
20260819_104628_a775fa,2019-04-12,1000000.0,1000000.0,0,0.0,3988.616,-0.00224161
20260819_104628_a775fa,2019-04-15,1000000.0,1000000.0,0,0.0,3975.524,-0.00328234
20260819_104628_a775fa,2019-04-16,1000000.0,1000000.0,0,0.0,4085.789,0.02773597
20260819_104628_a775fa,2019-04-17,1000000.0,1000000.0,0,0.0,4087.239,0.00035489
20260819_104628_a775fa,2019-04-18,1000000.0,1000000.0,0,0.0,4072.075,-0.00371008
20260819_104628_a775fa,2019-04-19,1000000.0,1000000.0,0,0.0,4120.607,0.01191825
20260819_104628_a775fa,2019-04-22,1000000.0,1000000.0,0,0.0,4025.61,-0.02305413
20260819_104628_a775fa,2019-04-23,1000000.0,1000000.0,0,0.0,4019.005,-0.00164075
20260819_104628_a775fa,2019-04-24,1000000.0,1000000.0,0,0.0,4030.088,0.00275765
20260819_104628_a775fa,2019-04-25,1000000.0,1000000.0,0,0.0,3941.816,-0.02190324
20260819_104628_a775fa,2019-04-26,1000000.0,1000000.0,0,0.0,3889.274,-0.01332939
20260819_104628_a775fa,2019-04-29,1000000.0,1000000.0,0,0.0,3900.333,0.00284346
20260819_104628_a775fa,2019-04-30,1000000.0,1000000.0,0,0.0,3913.211,0.00330177
20260819_104628_a775fa,2019-05-06,1000000.0,1000000.0,0,0.0,3684.616,-0.05841622
20260819_104628_a775fa,2019-05-07,1000000.0,1000000.0,0,0.0,3720.668,0.00978447
20260819_104628_a775fa,2019-05-08,1000000.0,1000000.0,0,0.0,3667.457,-0.01430146
20260819_104628_a775fa,2019-05-09,1000000.0,1000000.0,0,0.0,3599.7,-0.0184752
20260819_104628_a775fa,2019-05-10,1000000.0,1000000.0,0,0.0,3730.451,0.03632275
20260819_104628_a775fa,2019-05-13,1000000.0,1000000.0,0,0.0,3668.725,-0.01654652
20260819_104628_a775fa,2019-05-14,1000000.0,1000000.0,0,0.0,3645.15,-0.00642594
20260819_104628_a775fa,2019-05-15,1000000.0,1000000.0,0,0.0,3727.092,0.02247973
20260819_104628_a775fa,2019-05-16,1000000.0,1000000.0,0,0.0,3743.963,0.00452659
20260819_104628_a775fa,2019-05-17,1000000.0,1000000.0,0,0.0,3648.76,-0.0254284
20260819_104628_a775fa,2019-05-20,1000000.0,1000000.0,0,0.0,3617.792,-0.00848727
20260819_104628_a775fa,2019-05-21,1000000.0,1000000.0,0,0.0,3666.776,0.01353975
20260819_104628_a775fa,2019-05-22,1000000.0,1000000.0,0,0.0,3649.379,-0.00474449
20260819_104628_a775fa,2019-05-23,1000000.0,1000000.0,0,0.0,3583.964,-0.01792497
20260819_104628_a775fa,2019-05-24,1000000.0,1000000.0,0,0.0,3593.913,0.00277598
20260819_104628_a775fa,2019-05-27,1000000.0,1000000.0,0,0.0,3637.197,0.0120437
20260819_104628_a775fa,2019-05-28,1000000.0,1000000.0,0,0.0,3672.26,0.00964012
20260819_104628_a775fa,2019-05-29,1000000.0,1000000.0,0,0.0,3663.909,-0.00227408
20260819_104628_a775fa,2019-05-30,1000000.0,1000000.0,0,0.0,3641.183,-0.00620266
20260819_104628_a775fa,2019-05-31,1000000.0,1000000.0,0,0.0,3629.789,-0.0031292
20260819_104628_a775fa,2019-06-03,1000000.0,1000000.0,0,0.0,3632.012,0.00061243
20260819_104628_a775fa,2019-06-04,1000000.0,1000000.0,0,0.0,3598.466,-0.0092362
20260819_104628_a775fa,2019-06-05,1000000.0,1000000.0,0,0.0,3597.105,-0.00037822
20260819_104628_a775fa,2019-06-06,1000000.0,1000000.0,0,0.0,3564.677,-0.00901503
20260819_104628_a775fa,2019-06-10,1000000.0,1000000.0,0,0.0,3610.743,0.01292291
20260819_104628_a775fa,2019-06-11,1000000.0,1000000.0,0,0.0,3719.275,0.03005808
20260819_104628_a775fa,2019-06-12,1000000.0,1000000.0,0,0.0,3691.095,-0.00757675
20260819_104628_a775fa,2019-06-13,1000000.0,1000000.0,0,0.0,3685.393,-0.0015448
20260819_104628_a775fa,2019-06-14,1000000.0,1000000.0,0,0.0,3654.879,-0.00827971
20260819_104628_a775fa,2019-06-17,996699.815999,759604.312999,237095.503,-0.00330018,3654.824,-1.505e-05
20260819_104628_a775fa,2019-06-18,995682.538999,759604.312999,236078.226,-0.00102065,3667.618,0.00350058
20260819_104628_a775fa,2019-06-19,993408.355999,759604.312999,233804.043,-0.00228404,3715.938,0.01317476
20260819_104628_a775fa,2019-06-20,1000868.275314,530133.422314,470734.853,0.00750942,3828.518,0.03029652
20260819_104628_a775fa,2019-06-21,1014207.499584,51400.849584,962806.65,0.01332765,3833.938,0.00141569
20260819_104628_a775fa,2019-06-24,1020987.705584,51400.849584,969586.856,0.00668523,3841.265,0.00191109
20260819_104628_a775fa,2019-06-25,1026584.695584,51400.849584,975183.846,0.00548194,3801.309,-0.01040178
20260819_104628_a775fa,2019-06-26,1020522.832584,51400.849584,969121.983,-0.00590488,3794.331,-0.00183568
20260819_104628_a775fa,2019-06-27,1040947.623584,51400.849584,989546.774,0.02001405,3834.817,0.01067013
20260819_104628_a775fa,2019-06-28,1036870.575584,51400.849584,985469.726,-0.00391667,3825.587,-0.00240689
20260819_104628_a775fa,2019-07-01,1063810.766584,51400.849584,1012409.917,0.02598221,3935.811,0.02881231
20260819_104628_a775fa,2019-07-02,1059381.666584,51400.849584,1007980.817,-0.00416343,3937.169,0.00034504
20260819_104628_a775fa,2019-07-03,1060877.186584,51400.849584,1009476.337,0.00141169,3893.534,-0.01108284
20260819_104628_a775fa,2019-07-04,1046660.379584,51400.849584,995259.53,-0.01340099,3873.101,-0.00524793
20260819_104628_a775fa,2019-07-05,1061390.700584,51400.849584,1009989.851,0.01407364,3893.202,0.0051899
20260819_104628_a775fa,2019-07-08,1030471.534584,51400.849584,979070.685,-0.02913081,3802.789,-0.0232233
20260819_104628_a775fa,2019-07-09,1028186.153726,118294.585726,909891.568,-0.0022178,3793.129,-0.00254024
20260819_104628_a775fa,2019-07-10,1017087.922995,36572.035995,980515.887,-0.01079399,3786.739,-0.00168463
20260819_104628_a775fa,2019-07-11,1031242.229995,36572.035995,994670.194,0.0139165,3785.221,-0.00040087
20260819_104628_a775fa,2019-07-12,1035653.209995,36572.035995,999081.174,0.00427735,3808.731,0.006211
20260819_104628_a775fa,2019-07-15,1047260.084995,36572.035995,1010688.049,0.0112073,3824.187,0.00405804
20260819_104628_a775fa,2019-07-16,1043158.784995,36572.035995,1006586.749,-0.00391622,3806.844,-0.00453508
20260819_104628_a775fa,2019-07-17,1036024.033995,36572.035995,999451.998,-0.00683956,3804.638,-0.00057948
20260819_104628_a775fa,2019-07-18,1019853.886995,36572.035995,983281.851,-0.01560789,3768.401,-0.00952443
20260819_104628_a775fa,2019-07-19,1036233.406995,36572.035995,999661.371,0.01606065,3807.955,0.01049623
20260819_104628_a775fa,2019-07-22,1010365.640995,36572.035995,973793.605,-0.02496326,3781.683,-0.00689924
20260819_104628_a775fa,2019-07-23,1026284.658995,36572.035995,989712.623,0.0157557,3789.913,0.00217628
20260819_104628_a775fa,2019-07-24,1043217.177995,36572.035995,1006645.142,0.01649885,3819.832,0.00789438
20260819_104628_a775fa,2019-07-25,1050738.495995,36572.035995,1014166.46,0.00720973,3851.066,0.0081768
20260819_104628_a775fa,2019-07-26,1049621.843995,36572.035995,1013049.808,-0.00106273,3858.568,0.00194803
20260819_104628_a775fa,2019-07-29,1053692.941995,36572.035995,1017120.906,0.00387863,3854.27,-0.00111388
20260819_104628_a775fa,2019-07-30,1058805.254995,36572.035995,1022233.219,0.00485181,3870.317,0.00416343
20260819_104628_a775fa,2019-07-31,1055124.532995,36572.035995,1018552.497,-0.0034763,3835.358,-0.00903259
20260819_104628_a775fa,2019-08-01,1039343.190995,36572.035995,1002771.155,-0.01495685,3803.469,-0.00831448
20260819_104628_a775fa,2019-08-02,1040268.314995,36572.035995,1003696.279,0.0008901,3747.437,-0.01473181
20260819_104628_a775fa,2019-08-05,1040773.133995,36572.035995,1004201.098,0.00048528,3675.688,-0.01914615
20260819_104628_a775fa,2019-08-06,1030071.171995,36572.035995,993499.136,-0.0102827,3636.328,-0.0107082
20260819_104628_a775fa,2019-08-07,1018747.376654,102402.280654,916345.096,-0.01099322,3621.431,-0.00409672
20260819_104628_a775fa,2019-08-08,1038638.293654,102402.280654,936236.013,0.01952488,3669.294,0.0132166
20260819_104628_a775fa,2019-08-09,1026749.545654,102402.280654,924347.265,-0.01144648,3633.529,-0.00974711
20260819_104628_a775fa,2019-08-12,1045713.868663,239616.080663,806097.788,0.01847025,3699.105,0.01804747
20260819_104628_a775fa,2019-08-13,1054552.002663,239616.080663,814935.922,0.00845177,3665.752,-0.00901651
20260819_104628_a775fa,2019-08-14,1050311.401663,239616.080663,810695.321,-0.00402123,3682.402,0.00454204
20260819_104628_a775fa,2019-08-15,1064038.230663,239616.080663,824422.15,0.01306929,3694.001,0.00314985
20260819_104628_a775fa,2019-08-16,1071380.489663,239616.080663,831764.409,0.00690037,3710.539,0.00447699
20260819_104628_a775fa,2019-08-19,1090181.182663,239616.080663,850565.102,0.0175481,3791.094,0.02170978
20260819_104628_a775fa,2019-08-20,1091228.199663,239616.080663,851612.119,0.00096041,3787.733,-0.00088655
20260819_104628_a775fa,2019-08-21,1092085.548663,239616.080663,852469.468,0.00078567,3781.758,-0.00157746
20260819_104628_a775fa,2019-08-22,1088877.938576,42379.233576,1046498.705,-0.00293714,3793.506,0.00310649
20260819_104628_a775fa,2019-08-23,1097695.136576,42379.233576,1055315.903,0.00809751,3820.864,0.0072118
20260819_104628_a775fa,2019-08-26,1099658.252576,42379.233576,1057279.019,0.0017884,3765.911,-0.01438235
20260819_104628_a775fa,2019-08-27,1119066.918576,42379.233576,1076687.685,0.01764973,3816.946,0.01355183
20260819_104628_a775fa,2019-08-28,1112005.591576,42379.233576,1069626.358,-0.00631001,3802.584,-0.00376269
20260819_104628_a775fa,2019-08-29,1124340.939576,42379.233576,1081961.706,0.01109288,3790.187,-0.00326015
20260819_104628_a775fa,2019-08-30,1121654.403576,42379.233576,1079275.17,-0.00238943,3799.586,0.00247982
20260819_104628_a775fa,2019-09-02,1148368.520576,42379.233576,1105989.287,0.02381671,3848.32,0.01282613
20260819_104628_a775fa,2019-09-03,1175573.204576,42379.233576,1133193.971,0.02368986,3853.61,0.00137463
20260819_104628_a775fa,2019-09-04,1170564.172576,42379.233576,1128184.939,-0.00426093,3886.002,0.00840562
20260819_104628_a775fa,2019-09-05,1183816.802576,42379.233576,1141437.569,0.01132157,3925.323,0.01011863
20260819_104628_a775fa,2019-09-06,1169004.336576,42379.233576,1126625.103,-0.01251246,3948.507,0.00590627
20260819_104628_a775fa,2019-09-09,1193268.002439,229834.852439,963433.15,0.02075584,3972.949,0.00619019
20260819_104628_a775fa,2019-09-10,1169526.035493,31955.210493,1137570.825,-0.01989659,3959.265,-0.00344429
20260819_104628_a775fa,2019-09-11,1166353.684493,31955.210493,1134398.474,-0.00271251,3930.1,-0.00736627
20260819_104628_a775fa,2019-09-12,1171605.298872,351517.120872,820088.178,0.00450259,3972.38,0.010758
20260819_104628_a775fa,2019-09-16,1177757.047999,355056.758999,822700.289,0.0052507,3957.715,-0.00369174
20260819_104628_a775fa,2019-09-17,1146823.345558,165560.832558,981262.513,-0.02626493,3891.221,-0.01680111
20260819_104628_a775fa,2019-09-18,1150638.659989,71167.764989,1079470.895,0.00332685,3910.084,0.00484758
20260819_104628_a775fa,2019-09-19,1161306.343989,71167.764989,1090138.579,0.0092711,3924.383,0.00365695
20260819_104628_a775fa,2019-09-20,1149331.629989,71167.764989,1078163.865,-0.01031142,3935.651,0.00287128
20260819_104628_a775fa,2019-09-23,1141917.308989,71167.764989,1070749.544,-0.00645098,3890.662,-0.01143115
20260819_104628_a775fa,2019-09-24,1158841.199989,71167.764989,1087673.435,0.01482059,3901.075,0.00267641
20260819_104628_a775fa,2019-09-25,1125190.960989,71167.764989,1054023.196,-0.02903783,3870.984,-0.00771351
20260819_104628_a775fa,2019-09-26,1107516.781989,71167.764989,1036349.017,-0.01570772,3841.139,-0.00770993
20260819_104628_a775fa,2019-09-27,1122001.708989,71167.764989,1050833.944,0.01307874,3852.654,0.00299781
20260819_104628_a775fa,2019-09-30,1112022.874989,71167.764989,1040855.11,-0.00889378,3814.528,-0.00989604
20260819_104628_a775fa,2019-10-08,1098437.516989,71167.764989,1027269.752,-0.0122168,3837.679,0.00606917
20260819_104628_a775fa,2019-10-09,1117853.868989,71167.764989,1046686.104,0.01767634,3843.239,0.00144879
20260819_104628_a775fa,2019-10-10,1130858.772019,175711.924019,955146.848,0.01163381,3874.639,0.00817019
20260819_104628_a775fa,2019-10-11,1133594.070697,83527.596697,1050066.474,0.00241878,3911.726,0.00957173
20260819_104628_a775fa,2019-10-14,1137938.090697,83527.596697,1054410.494,0.00383208,3953.242,0.01061322
20260819_104628_a775fa,2019-10-15,1127799.957697,83527.596697,1044272.361,-0.00890921,3936.25,-0.00429824
20260819_104628_a775fa,2019-10-16,1112987.260697,83527.596697,1029459.664,-0.01313415,3922.686,-0.00344592
20260819_104628_a775fa,2019-10-17,1118501.188104,153015.432104,965485.756,0.00495417,3925.221,0.00064624
20260819_104628_a775fa,2019-10-18,1107417.365083,63982.697083,1043434.668,-0.00990953,3869.377,-0.01422697
20260819_104628_a775fa,2019-10-21,1100035.659083,63982.697083,1036052.962,-0.00666569,3880.839,0.00296223
20260819_104628_a775fa,2019-10-22,1112474.383083,63982.697083,1048491.686,0.01130756,3895.881,0.00387597
20260819_104628_a775fa,2019-10-23,1117665.687083,63982.697083,1053682.99,0.00466645,3871.085,-0.00636467
20260819_104628_a775fa,2019-10-24,1120544.593083,63982.697083,1056561.896,0.00257582,3870.668,-0.00010772
20260819_104628_a775fa,2019-10-25,1127251.756083,63982.697083,1063269.059,0.00598563,3896.793,0.00674948
20260819_104628_a775fa,2019-10-28,1143159.047083,63982.697083,1079176.35,0.01411157,3926.585,0.00764526
20260819_104628_a775fa,2019-10-29,1130314.605083,63982.697083,1066331.908,-0.01123592,3910.226,-0.00416622
20260819_104628_a775fa,2019-10-30,1136582.106464,149154.528464,987427.578,0.00554492,3891.226,-0.00485905
20260819_104628_a775fa,2019-10-31,1125209.127464,149154.528464,976054.599,-0.0100063,3886.752,-0.00114977
20260819_104628_a775fa,2019-11-01,1125396.182464,149154.528464,976241.654,0.00016624,3952.387,0.01688685
20260819_104628_a775fa,2019-11-04,1139516.457514,55821.002514,1083695.455,0.01254694,3978.121,0.006511
20260819_104628_a775fa,2019-11-05,1140292.255514,55821.002514,1084471.253,0.00068081,4002.812,0.0062067
20260819_104628_a775fa,2019-11-06,1131843.879514,55821.002514,1076022.877,-0.00740896,3984.881,-0.0044796
20260819_104628_a775fa,2019-11-07,1129766.866514,55821.002514,1073945.864,-0.00183507,3991.875,0.00175513
20260819_104628_a775fa,2019-11-08,1131323.833514,55821.002514,1075502.831,0.00137813,3973.011,-0.0047256
20260819_104628_a775fa,2019-11-11,1108992.585514,55821.002514,1053171.583,-0.01973904,3902.978,-0.01762719
20260819_104628_a775fa,2019-11-12,1104463.545514,55821.002514,1048642.543,-0.00408392,3903.689,0.00018217
20260819_104628_a775fa,2019-11-13,1099874.968514,55821.002514,1044053.966,-0.00415458,3899.981,-0.00094987
20260819_104628_a775fa,2019-11-14,1098861.872514,214159.759514,884702.113,-0.0009211,3905.857,0.00150667
20260819_104628_a775fa,2019-11-15,1093202.391514,214159.759514,879042.632,-0.00515031,3877.089,-0.00736535
20260819_104628_a775fa,2019-11-18,1091331.672514,214159.759514,877171.913,-0.00171123,3907.93,0.00795468
20260819_104628_a775fa,2019-11-19,1093079.536487,285997.876487,807081.66,0.00160159,3947.04,0.01000786
20260819_104628_a775fa,2019-11-20,1082116.191487,285997.876487,796118.315,-0.01002978,3907.865,-0.00992516
20260819_104628_a775fa,2019-11-21,1081581.830487,285997.876487,795583.954,-0.00049381,3889.598,-0.00467442
20260819_104628_a775fa,2019-11-22,1072060.118546,410622.658546,661437.46,-0.00880351,3849.995,-0.01018177
20260819_104628_a775fa,2019-11-25,1070816.949546,410622.658546,660194.291,-0.00115961,3878.206,0.00732754
20260819_104628_a775fa,2019-11-26,1072528.668546,410622.658546,661906.01,0.00159852,3891.654,0.00346758
20260819_104628_a775fa,2019-11-27,1078857.719546,410622.658546,668235.061,0.00590106,3875.618,-0.00412061
20260819_104628_a775fa,2019-11-28,1079398.026546,410622.658546,668775.368,0.00050081,3862.303,-0.00343558
20260819_104628_a775fa,2019-11-29,1086681.842546,410622.658546,676059.184,0.00674804,3828.67,-0.00870802
20260819_104628_a775fa,2019-12-02,1083435.399546,410622.658546,672812.741,-0.00298748,3836.059,0.00192991
20260819_104628_a775fa,2019-12-03,1085165.686546,410622.658546,674543.028,0.00159704,3851.087,0.00391756
20260819_104628_a775fa,2019-12-04,1083981.873546,410622.658546,673359.215,-0.00109091,3849.819,-0.00032926
20260819_104628_a775fa,2019-12-05,1084502.997546,410622.658546,673880.339,0.00048075,3879.363,0.00767413
20260819_104628_a775fa,2019-12-06,1089827.573546,410622.658546,679204.915,0.00490969,3902.385,0.00593448
20260819_104628_a775fa,2019-12-09,1095481.569546,410622.658546,684858.911,0.00518797,3895.447,-0.00177789
20260819_104628_a775fa,2019-12-10,1096277.488546,410622.658546,685654.83,0.00072655,3900.385,0.00126763
20260819_104628_a775fa,2019-12-11,1097050.24122,506027.48622,591022.755,0.00070489,3902.749,0.00060609
20260819_104628_a775fa,2019-12-12,1097435.37122,506027.48622,591407.885,0.00035106,3891.024,-0.00300429
20260819_104628_a775fa,2019-12-13,1100831.44822,506027.48622,594803.962,0.00309456,3968.221,0.01983976
20260819_104628_a775fa,2019-12-16,1101898.843312,626461.503312,475437.34,0.00096963,3987.547,0.00487019
20260819_104628_a775fa,2019-12-17,1111692.704773,114325.706773,997366.998,0.00888817,4041.799,0.01360536
20260819_104628_a775fa,2019-12-18,1111894.492472,124122.695472,987771.797,0.00018151,4032.782,-0.00223094
20260819_104628_a775fa,2019-12-19,1118150.921936,32314.406936,1085836.515,0.00562682,4027.149,-0.0013968
20260819_104628_a775fa,2019-12-20,1118021.925936,32314.406936,1085707.519,-0.00011537,4017.253,-0.00245732
20260819_104628_a775fa,2019-12-23,1103266.798936,32314.406936,1070952.392,-0.01319753,3967.096,-0.0124854
20260819_104628_a775fa,2019-12-24,1108873.599936,32314.406936,1076559.193,0.005082,3992.958,0.00651913
20260819_104628_a775fa,2019-12-25,1106045.251936,32314.406936,1073730.845,-0.00255065,3990.867,-0.00052367
20260819_104628_a775fa,2019-12-26,1112361.685936,32314.406936,1080047.279,0.00571083,4025.988,0.00880034
20260819_104628_a775fa,2019-12-27,1109638.447936,32314.406936,1077324.041,-0.00244816,4022.027,-0.00098386
20260819_104628_a775fa,2019-12-30,1132184.128936,32314.406936,1099869.722,0.02031804,4081.633,0.01481989
20260819_104628_a775fa,2019-12-31,1154494.910936,32314.406936,1122180.504,0.01970597,4096.583,0.00366275
20260819_104628_a775fa,2020-01-02,1159339.213836,32314.406936,1127024.8069,0.00419604,4152.241,0.01358645
20260819_104628_a775fa,2020-01-03,1156227.832536,32314.406936,1123913.4256,-0.00268375,4144.965,-0.00175231
20260819_104628_a775fa,2020-01-06,1151973.504213,127266.369813,1024707.1344,-0.00367949,4129.296,-0.00378025
20260819_104628_a775fa,2020-01-07,1162431.763566,31623.478866,1130808.2847,0.00907856,4160.227,0.00749062
20260819_104628_a775fa,2020-01-08,1140338.416666,31623.478866,1108714.9378,-0.01900615,4112.317,-0.0115162
20260819_104628_a775fa,2020-01-09,1154079.840966,31623.478866,1122456.3621,0.0120503,4164.37,0.01265783
20260819_104628_a775fa,2020-01-10,1156115.149566,31623.478866,1124491.6707,0.00176358,4163.185,-0.00028456
20260819_104628_a775fa,2020-01-13,1163505.392203,121397.382303,1042108.0099,0.00639231,4203.989,0.00980115
20260819_104628_a775fa,2020-01-14,1158215.551936,29871.838236,1128343.7137,-0.00454647,4189.886,-0.00335467
20260819_104628_a775fa,2020-01-15,1150741.871836,29871.838236,1120870.0336,-0.00645275,4166.735,-0.00552545
20260819_104628_a775fa,2020-01-16,1141565.443136,29871.838236,1111693.6049,-0.00797436,4149.044,-0.00424577
20260819_104628_a775fa,2020-01-17,1149054.268036,29871.838236,1119182.4298,0.00656014,4154.853,0.00140008
20260819_104628_a775fa,2020-01-20,1172198.679736,29871.838236,1142326.8415,0.02014214,4185.83,0.00745562
20260819_104628_a775fa,2020-01-21,1174938.651636,29871.838236,1145066.8134,0.00233746,4114.308,-0.01708669
20260819_104628_a775fa,2020-01-22,1161116.639136,29871.838236,1131244.8009,-0.01176403,4131.931,0.00428334
20260819_104628_a775fa,2020-01-23,1134143.521636,29871.838236,1104271.6834,-0.02323033,4003.901,-0.03098551
20260819_104628_a775fa,2020-02-03,1059466.118136,29871.838236,1029594.2799,-0.06584476,3688.358,-0.07880889
20260819_104628_a775fa,2020-02-04,1057281.19972,246510.59352,810770.6062,-0.00206228,3785.638,0.02637488
20260819_104628_a775fa,2020-02-05,1077184.444541,412270.284941,664914.1596,0.01882493,3828.527,0.0113294
20260819_104628_a775fa,2020-02-06,1098491.838941,412270.284941,686221.554,0.01978064,3899.775,0.01860977
20260819_104628_a775fa,2020-02-07,1089625.078741,412270.284941,677354.7938,-0.00807176,3899.87,2.436e-05
20260819_104628_a775fa,2020-02-10,1077663.866841,412270.284941,665393.5819,-0.01097736,3916.006,0.00413757
20260819_104628_a775fa,2020-02-11,1064295.782641,29298.965541,1034996.8171,-0.01240469,3952.465,0.00931025
20260819_104628_a775fa,2020-02-12,1072753.392941,29298.965541,1043454.4274,0.00794667,3984.433,0.00808812
20260819_104628_a775fa,2020-02-13,1049919.629341,29298.965541,1020620.6638,-0.02128519,3959.919,-0.00615244
20260819_104628_a775fa,2020-02-14,1050061.041741,29298.965541,1020762.0762,0.00013469,3987.734,0.00702413
20260819_104628_a775fa,2020-02-17,1077675.607241,29298.965541,1048376.6417,0.02629806,4077.424,0.02249147
20260819_104628_a775fa,2020-02-18,1091464.624941,29298.965541,1062165.6594,0.01279515,4057.511,-0.00488372
20260819_104628_a775fa,2020-02-19,1060860.009341,29298.965541,1031561.0438,-0.02803995,4051.311,-0.00152803
20260819_104628_a775fa,2020-02-20,1071951.046941,29298.965541,1042652.0814,0.01045476,4144.657,0.02304094
20260819_104628_a775fa,2020-02-21,1083950.216541,29298.965541,1054651.251,0.01119377,4149.491,0.00116632
20260819_104628_a775fa,2020-02-24,1098530.330841,29298.965541,1069231.3653,0.01345091,4132.839,-0.00401302
20260819_104628_a775fa,2020-02-25,1117443.619341,29298.965541,1088144.6538,0.0172169,4123.855,-0.00217381
20260819_104628_a775fa,2020-02-26,1094393.293041,29298.965541,1065094.3275,-0.02062773,4073.015,-0.01232827
20260819_104628_a775fa,2020-02-27,1093835.257141,29298.965541,1064536.2916,-0.0005099,4084.876,0.00291209
20260819_104628_a775fa,2020-02-28,1053489.948541,29298.965541,1024190.983,-0.03688426,3940.048,-0.03545469
20260819_104628_a775fa,2020-03-02,1088202.731041,29298.965541,1058903.7655,0.03295027,4069.667,0.03289782
20260819_104628_a775fa,2020-03-03,1098874.985941,29298.965541,1069576.0204,0.00980723,4091.361,0.00533066
20260819_104628_a775fa,2020-03-04,1098910.922341,29298.965541,1069611.9568,3.27e-05,4115.052,0.00579049
20260819_104628_a775fa,2020-03-05,1118697.976041,29298.965541,1089399.0105,0.01800606,4206.726,0.02227773
20260819_104628_a775fa,2020-03-06,1115960.574341,29298.965541,1086661.6088,-0.00244695,4138.507,-0.01621665
20260819_104628_a775fa,2020-03-09,1089554.802441,29298.965541,1060255.8369,-0.02366192,3997.132,-0.03416087
20260819_104628_a775fa,2020-03-10,1090735.918641,29298.965541,1061436.9531,0.00108404,4082.732,0.02141535
20260819_104628_a775fa,2020-03-11,1079433.709341,29298.965541,1050134.7438,-0.010362,4028.429,-0.01330065
20260819_104628_a775fa,2020-03-12,1061310.531803,89722.197903,971588.3339,-0.01678952,3950.911,-0.01924274
20260819_104628_a775fa,2020-03-13,1048752.586028,2197.623028,1046554.963,-0.01183249,3895.313,-0.0140722
20260819_104628_a775fa,2020-03-16,1020639.278264,71264.535964,949374.7423,-0.02680643,3727.84,-0.04299346
20260819_104628_a775fa,2020-03-17,1021823.464176,140805.615676,881017.8485,0.00116024,3709.682,-0.00487092
20260819_104628_a775fa,2020-03-18,1019119.305878,1193.929378,1017925.3765,-0.0026464,3636.257,-0.0197928
20260819_104628_a775fa,2020-03-19,1031354.926689,457023.787089,574331.1396,0.01200607,3589.093,-0.01297048
20260819_104628_a775fa,2020-03-20,1044127.744889,457023.787089,587103.9578,0.0123845,3653.224,0.0178683
20260819_104628_a775fa,2020-03-23,1028966.703867,558151.779667,470814.9242,-0.01452029,3530.306,-0.03364644
20260819_104628_a775fa,2020-03-24,1033694.845688,633506.659488,400188.1862,0.00459504,3625.114,0.02685546
20260819_104628_a775fa,2020-03-25,1041083.317588,633506.659488,407576.6581,0.00714763,3722.518,0.02686922
20260819_104628_a775fa,2020-03-26,1042290.281483,40016.303683,1002273.9778,0.00115933,3698.047,-0.00657378
20260819_104628_a775fa,2020-03-27,1048875.206883,40016.303683,1008858.9032,0.00631775,3710.06,0.00324847
20260819_104628_a775fa,2020-03-30,1040759.966383,40016.303683,1000743.6627,-0.00773709,3674.111,-0.0096896
20260819_104628_a775fa,2020-03-31,1058626.969783,40016.303683,1018610.6661,0.01716727,3686.155,0.00327807
20260819_104628_a775fa,2020-04-01,1012209.371983,40016.303683,972193.0683,-0.04384698,3675.075,-0.00300584
20260819_104628_a775fa,2020-04-02,1032446.891783,40016.303683,992430.5881,0.01999341,3734.531,0.01617817
20260819_104628_a775fa,2020-04-03,1032267.530342,115901.934742,916365.5956,-0.00017372,3713.218,-0.00570701
20260819_104628_a775fa,2020-04-07,1072288.581642,115901.934742,956386.6469,0.03877004,3798.021,0.02283814
20260819_104628_a775fa,2020-04-08,1080332.25321,29448.99731,1050883.2559,0.00750141,3780.344,-0.00465427
20260819_104628_a775fa,2020-04-09,1109379.655972,129726.983172,979652.6728,0.02688747,3792.811,0.00329785
20260819_104628_a775fa,2020-04-10,1084982.338144,39357.484444,1045624.8537,-0.02199186,3769.178,-0.006231
20260819_104628_a775fa,2020-04-13,1088789.708793,110673.358593,978116.3502,0.00350915,3753.257,-0.004224
20260819_104628_a775fa,2020-04-14,1113722.51049,23832.84259,1089889.6679,0.02289956,3825.699,0.0193011
20260819_104628_a775fa,2020-04-15,1095708.39959,23832.84259,1071875.557,-0.01617469,3797.362,-0.00740701
20260819_104628_a775fa,2020-04-16,1106492.27229,23832.84259,1082659.4297,0.00984192,3802.381,0.00132171
20260819_104628_a775fa,2020-04-17,1100353.40379,23832.84259,1076520.5612,-0.00554804,3839.487,0.00975862
20260819_104628_a775fa,2020-04-20,1113731.31219,23832.84259,1089898.4696,0.01215783,3853.455,0.00363799
20260819_104628_a775fa,2020-04-21,1116138.50579,23832.84259,1092305.6632,0.00216138,3808.048,-0.01178345
20260819_104628_a775fa,2020-04-22,1108286.78729,23832.84259,1084453.9447,-0.00703472,3839.383,0.00822863
20260819_104628_a775fa,2020-04-23,1101682.17199,23832.84259,1077849.3294,-0.0059593,3829.753,-0.00250822
20260819_104628_a775fa,2020-04-24,1095658.07139,23832.84259,1071825.2288,-0.00546809,3796.972,-0.00855956
20260819_104628_a775fa,2020-04-27,1104069.60139,23832.84259,1080236.7588,0.00767715,3822.77,0.00679436
20260819_104628_a775fa,2020-04-28,1086238.82339,23832.84259,1062405.9808,-0.01615005,3849.147,0.00689997
20260819_104628_a775fa,2020-04-29,1105848.44609,23832.84259,1082015.6035,0.01805277,3867.032,0.00464648
20260819_104628_a775fa,2020-04-30,1113756.01739,23832.84259,1089923.1748,0.00715068,3912.577,0.01177777
20260819_104628_a775fa,2020-05-06,1130171.33479,23832.84259,1106338.4922,0.0147387,3936.254,0.00605151
20260819_104628_a775fa,2020-05-07,1127758.29169,23832.84259,1103925.4491,-0.00213511,3924.895,-0.00288574
20260819_104628_a775fa,2020-05-08,1124955.41609,23832.84259,1101122.5735,-0.00248535,3963.622,0.00986702
20260819_104628_a775fa,2020-05-11,1132583.295042,107203.132442,1025380.1626,0.00678061,3960.181,-0.00086815
20260819_104628_a775fa,2020-05-12,1131573.099929,13071.954129,1118501.1458,-0.00089194,3960.238,1.439e-05
20260819_104628_a775fa,2020-05-13,1158543.551229,13071.954129,1145471.5971,0.02383448,3968.253,0.00202387
20260819_104628_a775fa,2020-05-14,1139344.988529,13071.954129,1126273.0344,-0.01657129,3925.218,-0.01084482
20260819_104628_a775fa,2020-05-15,1143846.787929,13071.954129,1130774.8338,0.00395122,3912.816,-0.00315957
20260819_104628_a775fa,2020-05-18,1157379.757589,85340.298189,1072039.4594,0.0118311,3922.912,0.00258024
20260819_104628_a775fa,2020-05-19,1172562.53384,3069.14114,1169493.3927,0.01311823,3956.25,0.00849828
20260819_104628_a775fa,2020-05-20,1152170.29404,3069.14114,1149101.1529,-0.01739117,3935.222,-0.00531513
20260819_104628_a775fa,2020-05-21,1145980.68684,3069.14114,1142911.5457,-0.00537213,3913.795,-0.00544493
20260819_104628_a775fa,2020-05-22,1101695.14524,3069.14114,1098626.0041,-0.03864423,3824.064,-0.02292685
20260819_104628_a775fa,2020-05-25,1079654.27024,3069.14114,1076585.1291,-0.02000633,3829.325,0.00137576
20260819_104628_a775fa,2020-05-26,1120251.664393,77448.044593,1042803.6198,0.03760222,3872.771,0.0113456
20260819_104628_a775fa,2020-05-27,1105270.592524,1244.723024,1104025.8695,-0.01337295,3845.614,-0.00701229
20260819_104628_a775fa,2020-05-28,1078028.021724,1244.723024,1076783.2987,-0.02464787,3856.633,0.00286534
20260819_104628_a775fa,2020-05-29,1080140.835009,72848.866209,1007291.9688,0.00195989,3867.024,0.00269432
20260819_104628_a775fa,2020-06-01,1104023.238272,655.072872,1103368.1654,0.02211045,3971.34,0.02697578
20260819_104628_a775fa,2020-06-02,1102056.202572,655.072872,1101401.1297,-0.0017817,3983.567,0.00307881
20260819_104628_a775fa,2020-06-03,1094236.537572,655.072872,1093581.4647,-0.00709552,3983.648,2.033e-05
20260819_104628_a775fa,2020-06-04,1097114.849972,655.072872,1096459.7771,0.00263043,3982.185,-0.00036725
20260819_104628_a775fa,2020-06-05,1099284.799072,655.072872,1098629.7262,0.00197787,4001.251,0.00478782
20260819_104628_a775fa,2020-06-08,1089425.833472,655.072872,1088770.7606,-0.00896853,4021.955,0.00517438
20260819_104628_a775fa,2020-06-09,1099670.193472,655.072872,1099015.1206,0.00940345,4047.03,0.00623453
20260819_104628_a775fa,2020-06-10,1106284.475472,655.072872,1105629.4026,0.00601479,4039.706,-0.00180972
20260819_104628_a775fa,2020-06-11,1091018.604272,655.072872,1090363.5314,-0.01379923,3995.884,-0.01084782
20260819_104628_a775fa,2020-06-12,1089667.329572,655.072872,1089012.2567,-0.00123854,4003.083,0.0018016
20260819_104628_a775fa,2020-06-15,1098506.161153,118959.237053,979546.9241,0.0081115,3954.988,-0.01201449
20260819_104628_a775fa,2020-06-16,1110133.846567,195860.335167,914273.5114,0.010585,4014.57,0.01506503
20260819_104628_a775fa,2020-06-17,1116390.523762,12663.725662,1103726.7981,0.00563597,4017.594,0.00075326
20260819_104628_a775fa,2020-06-18,1113207.398762,12663.725662,1100543.6731,-0.00285126,4044.384,0.00666817
20260819_104628_a775fa,2020-06-19,1114551.714262,12663.725662,1101887.9886,0.00120761,4098.71,0.01343245
20260819_104628_a775fa,2020-06-22,1125370.813362,12663.725662,1112707.0877,0.00970713,4102.046,0.00081391
20260819_104628_a775fa,2020-06-23,1120431.914362,12663.725662,1107768.1887,-0.00438869,4121.794,0.00481418
20260819_104628_a775fa,2020-06-24,1108204.117422,237486.901622,870717.2158,-0.01091347,4138.989,0.00417173
20260819_104628_a775fa,2020-06-29,1101028.434232,88286.048932,1012742.3853,-0.00647506,4109.716,-0.0070725
20260819_104628_a775fa,2020-06-30,1113015.900532,88286.048932,1024729.8516,0.01088752,4163.963,0.0131997
20260819_104628_a775fa,2020-07-01,1137135.385032,88286.048932,1048849.3361,0.02167039,4247.783,0.02012986
20260819_104628_a775fa,2020-07-02,1136555.563832,88286.048932,1048269.5149,-0.0005099,4335.844,0.02073105
20260819_104628_a775fa,2020-07-03,1138610.791932,88286.048932,1050324.743,0.0018083,4419.596,0.01931619
20260819_104628_a775fa,2020-07-06,1179384.960532,88286.048932,1091098.9116,0.03581045,4670.095,0.05667916
20260819_104628_a775fa,2020-07-07,1188298.099932,88286.048932,1100012.051,0.00755745,4698.126,0.00600223
20260819_104628_a775fa,2020-07-08,1218202.838978,175424.584778,1042778.2542,0.02516602,4774.004,0.01615069
20260819_104628_a775fa,2020-07-09,1246286.84798,80690.11388,1165596.7341,0.02305364,4840.771,0.01398553
20260819_104628_a775fa,2020-07-10,1224722.570524,179050.096524,1045672.474,-0.01730282,4753.134,-0.01810393
20260819_104628_a775fa,2020-07-13,1266527.900152,83092.225352,1183435.6748,0.03413453,4852.961,0.02100235
20260819_104628_a775fa,2020-07-14,1243724.258921,177846.747421,1065877.5115,-0.01800485,4806.69,-0.00953459
20260819_104628_a775fa,2020-07-15,1232882.343917,75853.239617,1157029.1043,-0.0087173,4744.469,-0.01294467
20260819_104628_a775fa,2020-07-16,1190951.283317,75853.239617,1115098.0437,-0.03401059,4516.254,-0.04810127
20260819_104628_a775fa,2020-07-17,1204075.291717,75853.239617,1128222.0521,0.01101977,4544.7,0.00629858
20260819_104628_a775fa,2020-07-20,1253636.289717,75853.239617,1177783.0501,0.04116105,4680.305,0.02983805
20260819_104628_a775fa,2020-07-21,1260111.947117,75853.239617,1184258.7075,0.0051655,4691.043,0.00229429
20260819_104628_a775fa,2020-07-22,1261587.144317,75853.239617,1185733.9047,0.00117069,4714.446,0.00498887
20260819_104628_a775fa,2020-07-23,1250615.363517,75853.239617,1174762.1239,-0.00869681,4712.436,-0.00042635
20260819_104628_a775fa,2020-07-24,1207007.774517,75853.239617,1131154.5349,-0.03486891,4505.591,-0.04389343
20260819_104628_a775fa,2020-07-27,1216558.563017,75853.239617,1140705.3234,0.00791278,4528.45,0.00507347
20260819_104628_a775fa,2020-07-28,1228408.750017,75853.239617,1152555.5104,0.00974075,4568.258,0.00879065
20260819_104628_a775fa,2020-07-29,1260281.240917,75853.239617,1184428.0013,0.02594616,4679.008,0.02424338
20260819_104628_a775fa,2020-07-30,1254160.133117,75853.239617,1178306.8935,-0.00485694,4656.151,-0.00488501
20260819_104628_a775fa,2020-07-31,1266220.202517,75853.239617,1190366.9629,0.00961605,4695.047,0.00835368
20260819_104628_a775fa,2020-08-03,1283271.386817,75853.239617,1207418.1472,0.01346621,4771.311,0.0162435
20260819_104628_a775fa,2020-08-04,1290789.484017,75853.239617,1214936.2444,0.00585854,4775.803,0.00094146
20260819_104628_a775fa,2020-08-05,1306836.633017,75853.239617,1230983.3934,0.01243204,4777.109,0.00027346
20260819_104628_a775fa,2020-08-06,1295647.097519,194621.694219,1101025.4033,-0.00856231,4762.764,-0.00300286
20260819_104628_a775fa,2020-08-07,1289883.516489,87869.292289,1202014.2242,-0.00444842,4707.926,-0.0115139
20260819_104628_a775fa,2020-08-10,1297348.849289,87869.292289,1209479.557,0.0057876,4724.87,0.00359904
20260819_104628_a775fa,2020-08-11,1274931.720989,87869.292289,1187062.4287,-0.01727918,4681.783,-0.00911919
20260819_104628_a775fa,2020-08-12,1255712.224089,87869.292289,1167842.9318,-0.01507492,4647.645,-0.00729167
20260819_104628_a775fa,2020-08-13,1262093.08983,188735.79843,1073357.2914,0.00508147,4635.712,-0.00256754
20260819_104628_a775fa,2020-08-14,1280971.449415,84432.467315,1196538.9821,0.01495798,4704.629,0.01486654
20260819_104628_a775fa,2020-08-17,1302401.430515,84432.467315,1217968.9632,0.01672948,4815.226,0.02350812
20260819_104628_a775fa,2020-08-18,1302328.810515,84432.467315,1217896.3432,-5.576e-05,4812.756,-0.00051296
20260819_104628_a775fa,2020-08-19,1286700.349115,84432.467315,1202267.8818,-0.0120004,4740.679,-0.01497624
20260819_104628_a775fa,2020-08-20,1269170.575815,84432.467315,1184738.1085,-0.01362382,4679.154,-0.0129781
20260819_104628_a775fa,2020-08-21,1283600.762742,184549.020742,1099051.742,0.01136978,4718.843,0.00848209
20260819_104628_a775fa,2020-08-24,1282616.868769,89529.781069,1193087.0877,-0.00076651,4755.849,0.00784218
20260819_104628_a775fa,2020-08-25,1278103.041769,89529.781069,1188573.2607,-0.00351923,4761.951,0.00128305
20260819_104628_a775fa,2020-08-26,1252816.997116,169617.473416,1083199.5237,-0.01978404,4706.13,-0.0117223
20260819_104628_a775fa,2020-08-27,1258153.562241,71559.463041,1186594.0992,0.00425965,4731.345,0.00535791
20260819_104628_a775fa,2020-08-28,1270255.156041,71559.463041,1198695.693,0.00961853,4844.266,0.02386657
20260819_104628_a775fa,2020-08-31,1268351.812241,71559.463041,1196792.3492,-0.00149839,4816.215,-0.00579056
20260819_104628_a775fa,2020-09-01,1267718.766741,71559.463041,1196159.3037,-0.00049911,4842.122,0.00537912
20260819_104628_a775fa,2020-09-02,1277113.445941,71559.463041,1205553.9829,0.0074107,4843.887,0.00036451
20260819_104628_a775fa,2020-09-03,1269830.041941,71559.463041,1198270.5789,-0.00570302,4817.096,-0.00553089
20260819_104628_a775fa,2020-09-04,1261987.063441,71559.463041,1190427.6004,-0.0061764,4770.219,-0.00973138
20260819_104628_a775fa,2020-09-07,1237844.372841,71559.463041,1166284.9098,-0.0191307,4669.368,-0.0211418
20260819_104628_a775fa,2020-09-08,1236571.099141,71559.463041,1165011.6361,-0.00102862,4694.389,0.00535854
20260819_104628_a775fa,2020-09-09,1214045.793441,71559.463041,1142486.3304,-0.01821594,4584.588,-0.02338984
20260819_104628_a775fa,2020-09-10,1195110.929394,253433.951494,941676.9779,-0.0155965,4581.978,-0.0005693
20260819_104628_a775fa,2020-09-11,1199352.519114,431602.041114,767750.478,0.00354912,4627.283,0.00988765
20260819_104628_a775fa,2020-09-14,1203327.885799,41877.775899,1161450.1099,0.00331459,4651.051,0.00513649
20260819_104628_a775fa,2020-09-15,1203240.818799,41877.775899,1161363.0429,-7.236e-05,4688.482,0.00804786
20260819_104628_a775fa,2020-09-16,1202905.885399,41877.775899,1161028.1095,-0.00027836,4657.359,-0.00663818
20260819_104628_a775fa,2020-09-17,1196413.470499,41877.775899,1154535.6946,-0.00539728,4632.714,-0.00529163
20260819_104628_a775fa,2020-09-18,1212211.357299,41877.775899,1170333.5814,0.01320437,4737.089,0.02252999
20260819_104628_a775fa,2020-09-21,1200908.855467,209613.123667,991295.7318,-0.00932387,4691.428,-0.00963904
20260819_104628_a775fa,2020-09-22,1176064.374358,21438.853358,1154625.521,-0.02068807,4635.761,-0.01186568
20260819_104628_a775fa,2020-09-23,1184991.613658,21438.853358,1163552.7603,0.00759077,4652.327,0.00357352
20260819_104628_a775fa,2020-09-24,1151278.433258,21438.853358,1129839.5799,-0.02845014,4563.066,-0.01918631
20260819_104628_a775fa,2020-09-25,1138873.461499,115504.996299,1023368.4652,-0.01077495,4570.022,0.00152441
20260819_104628_a775fa,2020-09-28,1145368.069116,102780.232416,1042587.8367,0.00570266,4581.909,0.00260108
20260819_104628_a775fa,2020-09-29,1147622.665482,103032.742982,1044589.9225,0.00196845,4591.8,0.00215871
20260819_104628_a775fa,2020-09-30,1146638.519892,9120.512192,1137518.0077,-0.00085755,4587.395,-0.00095932
20260819_104628_a775fa,2020-10-09,1169517.076548,121052.292348,1048464.7842,0.01995272,4681.141,0.02043556
20260819_104628_a775fa,2020-10-12,1193781.571076,24064.961576,1169716.6095,0.02074745,4823.157,0.0303379
20260819_104628_a775fa,2020-10-13,1188017.249676,24064.961576,1163952.2881,-0.00482862,4839.201,0.00332645
20260819_104628_a775fa,2020-10-14,1178648.579976,24064.961576,1154583.6184,-0.00788597,4807.102,-0.00663312
20260819_104628_a775fa,2020-10-15,1189662.801676,24064.961576,1165597.8401,0.00934479,4798.736,-0.00174034
20260819_104628_a775fa,2020-10-16,1195759.051976,24064.961576,1171694.0904,0.00512435,4791.676,-0.00147122
20260819_104628_a775fa,2020-10-19,1181668.521176,24064.961576,1157603.5596,-0.01178375,4755.488,-0.00755226
20260819_104628_a775fa,2020-10-20,1180006.002976,24064.961576,1155941.0414,-0.00140692,4793.467,0.00798635
20260819_104628_a775fa,2020-10-21,1168266.628176,24064.961576,1144201.6666,-0.00994857,4792.828,-0.00013331
20260819_104628_a775fa,2020-10-22,1161322.092676,24064.961576,1137257.1311,-0.00594431,4777.984,-0.00309713
20260819_104628_a775fa,2020-10-23,1149374.412476,24064.961576,1125309.4509,-0.010288,4718.488,-0.01245211
20260819_104628_a775fa,2020-10-26,1142499.255176,24064.961576,1118434.2936,-0.00598165,4691.236,-0.00577558
20260819_104628_a775fa,2020-10-27,1137553.035276,24064.961576,1113488.0737,-0.0043293,4699.28,0.00171469
20260819_104628_a775fa,2020-10-28,1132199.639976,24064.961576,1108134.6784,-0.00470606,4737.272,0.00808464
20260819_104628_a775fa,2020-10-29,1123389.355176,24064.961576,1099324.3936,-0.00778156,4772.92,0.00752501
20260819_104628_a775fa,2020-10-30,1086695.349076,24064.961576,1062630.3875,-0.03266366,4695.334,-0.01625546
20260819_104628_a775fa,2020-11-02,1082495.759679,189041.533079,893454.2266,-0.00386455,4720.832,0.0054305
20260819_104628_a775fa,2020-11-03,1096981.399237,99176.106537,997805.2927,0.01338171,4777.561,0.01201674
20260819_104628_a775fa,2020-11-04,1090352.162948,8551.099148,1081801.0638,-0.00604316,4813.656,0.00755511
20260819_104628_a775fa,2020-11-05,1101841.780848,8551.099148,1093290.6817,0.01053753,4885.112,0.01484443
20260819_104628_a775fa,2020-11-06,1098172.185448,8551.099148,1089621.0863,-0.00333042,4885.718,0.00012405
20260819_104628_a775fa,2020-11-09,1117670.389548,8551.099148,1109119.2904,0.01775514,4981.35,0.01957379
20260819_104628_a775fa,2020-11-10,1112435.415048,8551.099148,1103884.3159,-0.00468383,4953.876,-0.00551537
20260819_104628_a775fa,2020-11-11,1112064.476348,8551.099148,1103513.3772,-0.00033345,4904.898,-0.0098868
20260819_104628_a775fa,2020-11-12,1109354.665448,8551.099148,1100803.5663,-0.00243674,4908.463,0.00072682
20260819_104628_a775fa,2020-11-13,1106208.482248,8551.099148,1097657.3831,-0.00283605,4856.851,-0.0105149
20260819_104628_a775fa,2020-11-16,1139347.332548,8551.099148,1130796.2334,0.02995715,4904.172,0.00974314
20260819_104628_a775fa,2020-11-17,1138521.692148,8551.099148,1129970.593,-0.00072466,4894.786,-0.00191388
20260819_104628_a775fa,2020-11-18,1139292.815748,8551.099148,1130741.7166,0.0006773,4891.671,-0.00063639
20260819_104628_a775fa,2020-11-19,1133758.344148,8551.099148,1125207.245,-0.00485781,4927.99,0.00742466
20260819_104628_a775fa,2020-11-20,1134585.185648,8551.099148,1126034.0865,0.00072929,4943.289,0.00310451
20260819_104628_a775fa,2020-11-23,1157645.425448,8551.099148,1149094.3263,0.02032482,5005.027,0.01248926
20260819_104628_a775fa,2020-11-24,1149631.341848,8551.099148,1141080.2427,-0.00692274,4974.286,-0.00614202
20260819_104628_a775fa,2020-11-25,1141307.692648,8551.099148,1132756.5935,-0.00724028,4910.7,-0.01278294
20260819_104628_a775fa,2020-11-26,1148578.404148,8551.099148,1140027.305,0.00637051,4919.591,0.00181054
20260819_104628_a775fa,2020-11-27,1154499.728215,101030.797815,1053468.9304,0.00515535,4980.765,0.01243477
20260819_104628_a775fa,2020-11-30,1149511.248654,5515.482354,1143995.7663,-0.0043209,4960.252,-0.00411844
20260819_104628_a775fa,2020-12-01,1161312.411354,5515.482354,1155796.929,0.01026624,5067.098,0.02154044
20260819_104628_a775fa,2020-12-02,1159503.605854,5515.482354,1153988.1235,-0.00155755,5067.145,9.28e-06
20260819_104628_a775fa,2020-12-03,1150845.004454,5515.482354,1145329.5221,-0.00746751,5057.061,-0.00199008
20260819_104628_a775fa,2020-12-04,1146469.178554,5515.482354,1140953.6962,-0.00380227,5065.917,0.00175121
20260819_104628_a775fa,2020-12-07,1138126.908354,5515.482354,1132611.426,-0.00727649,5022.235,-0.00862272
20260819_104628_a775fa,2020-12-08,1133572.824354,5515.482354,1128057.342,-0.00400139,5009.879,-0.00246026
20260819_104628_a775fa,2020-12-09,1124795.147254,5515.482354,1119279.6649,-0.00774337,4942.699,-0.01340951
20260819_104628_a775fa,2020-12-10,1123776.443054,5515.482354,1118260.9607,-0.00090568,4940.525,-0.00043984
20260819_104628_a775fa,2020-12-11,1118124.766654,5515.482354,1112609.2843,-0.00502918,4889.63,-0.01030154
20260819_104628_a775fa,2020-12-14,1104584.309814,98513.025214,1006071.2846,-0.01210997,4934.835,0.00924508
20260819_104628_a775fa,2020-12-15,1102309.302188,294631.061788,807678.2404,-0.00205961,4945.1,0.00208011
20260819_104628_a775fa,2020-12-16,1095118.652849,122661.923149,972456.7297,-0.00652326,4953.867,0.00177287
20260819_104628_a775fa,2020-12-17,1100107.780749,122661.923149,977445.8576,0.00455579,5017.478,0.01284068
20260819_104628_a775fa,2020-12-18,1105227.654549,122661.923149,982565.7314,0.00465397,4999.968,-0.0034898
20260819_104628_a775fa,2020-12-21,1108474.297028,187234.951628,921239.3454,0.00293753,5046.84,0.00937446
20260819_104628_a775fa,2020-12-22,1099827.013854,95668.969054,1004158.0448,-0.00780107,4964.773,-0.01626107
20260819_104628_a775fa,2020-12-23,1105430.389657,281968.334657,823462.055,0.00509478,5007.124,0.0085303
20260819_104628_a775fa,2020-12-24,1099613.8734,98724.7074,1000889.166,-0.00526177,5000.015,-0.00141978
20260819_104628_a775fa,2020-12-25,1121794.3326,98724.7074,1023069.6252,0.02017113,5042.014,0.00839977
20260819_104628_a775fa,2020-12-28,1132055.6388,98724.7074,1033330.9314,0.00914723,5064.414,0.00444267
20260819_104628_a775fa,2020-12-29,1117997.2986,98724.7074,1019272.5912,-0.01241842,5042.936,-0.00424096
20260819_104628_a775fa,2020-12-30,1108919.510438,198088.878338,910830.6321,-0.00811969,5113.711,0.01403448
20260819_104628_a775fa,2020-12-31,1103871.084229,195052.913029,908818.1712,-0.00455256,5211.289,0.01908164
20260819_104628_a775fa,2021-01-04,1109082.457666,104009.506666,1005072.951,0.004721,5267.718,0.01082822
20260819_104628_a775fa,2021-01-05,1106663.372781,207230.413281,899432.9595,-0.00218116,5368.505,0.01913295
20260819_104628_a775fa,2021-01-06,1109954.440729,116108.630529,993845.8102,0.00297387,5417.667,0.00915748
20260819_104628_a775fa,2021-01-07,1088254.303529,116108.630529,972145.673,-0.01955048,5513.657,0.01771796
20260819_104628_a775fa,2021-01-08,1099932.538529,116108.630529,983823.908,0.01073116,5495.431,-0.00330561
20260819_104628_a775fa,2021-01-11,1082397.660529,116108.630529,966289.03,-0.01594178,5441.159,-0.00987584
20260819_104628_a775fa,2021-01-12,1076871.879863,187118.087863,889753.792,-0.00510513,5596.352,0.02852205
20260819_104628_a775fa,2021-01-13,1078129.684601,102952.805601,975176.879,0.00116802,5577.972,-0.00328428
20260819_104628_a775fa,2021-01-14,1079904.840601,102952.805601,976952.035,0.00164651,5470.456,-0.01927511
20260819_104628_a775fa,2021-01-15,1089405.786601,102952.805601,986452.981,0.00879795,5458.081,-0.00226215
20260819_104628_a775fa,2021-01-18,1092912.387601,102952.805601,989959.582,0.00321882,5518.52,0.01107331
20260819_104628_a775fa,2021-01-19,1089818.013601,102952.805601,986865.208,-0.00283131,5437.524,-0.01467712
20260819_104628_a775fa,2021-01-20,1083803.313601,102952.805601,980850.508,-0.00551899,5476.434,0.00715583
20260819_104628_a775fa,2021-01-21,1089135.560601,102952.805601,986182.755,0.00491994,5564.97,0.01616672
20260819_104628_a775fa,2021-01-22,1083765.273601,102952.805601,980812.468,-0.00493078,5569.776,0.00086362
20260819_104628_a775fa,2021-01-25,1072444.221601,102952.805601,969491.416,-0.01044604,5625.923,0.01008066
20260819_104628_a775fa,2021-01-26,1056889.873848,182187.139848,874702.734,-0.01450364,5512.968,-0.02007759
20260819_104628_a775fa,2021-01-27,1064008.22286,338510.68586,725497.537,0.00673519,5528.004,0.00272739
20260819_104628_a775fa,2021-01-28,1052909.285381,252492.767381,800416.518,-0.01043125,5377.143,-0.02729032
20260819_104628_a775fa,2021-01-29,1044089.995947,112773.713947,931316.282,-0.00837612,5351.965,-0.00468241
20260819_104628_a775fa,2021-02-01,1043665.970947,112773.713947,930892.257,-0.00040612,5417.649,0.01227288
20260819_104628_a775fa,2021-02-02,1030537.222394,161359.451394,869177.771,-0.01257945,5501.091,0.01540188
20260819_104628_a775fa,2021-02-03,1006288.321913,76076.210913,930212.111,-0.02353035,5485.201,-0.00288852
20260819_104628_a775fa,2021-02-04,996599.968913,76076.210913,920523.758,-0.00962781,5473.948,-0.00205152
20260819_104628_a775fa,2021-02-05,990094.980913,76076.210913,914018.77,-0.00652718,5483.414,0.00172928
20260819_104628_a775fa,2021-02-08,991590.060434,155996.864434,835593.196,0.00151004,5564.562,0.01479881
20260819_104628_a775fa,2021-02-09,1012885.141986,234321.074986,778564.067,0.02147569,5686.251,0.02186857
20260819_104628_a775fa,2021-02-10,1015013.471433,68977.538433,946035.933,0.00210125,5807.72,0.02136188
20260819_104628_a775fa,2021-02-18,1028594.411433,68977.538433,959616.873,0.01338006,5768.381,-0.00677357
20260819_104628_a775fa,2021-02-19,1035574.218433,68977.538433,966596.68,0.00678577,5778.842,0.00181351
20260819_104628_a775fa,2021-02-22,1046999.617433,68977.538433,978022.079,0.01103291,5597.333,-0.03140923
20260819_104628_a775fa,2021-02-23,1031515.872433,68977.538433,962538.334,-0.01478868,5579.668,-0.00315597
20260819_104628_a775fa,2021-02-24,1019665.075433,68977.538433,950687.537,-0.01148872,5437.568,-0.02546747
20260819_104628_a775fa,2021-02-25,1013697.028433,68977.538433,944719.49,-0.00585295,5469.559,0.00588333
20260819_104628_a775fa,2021-02-26,1012848.888433,68977.538433,943871.35,-0.00083668,5336.761,-0.02427947
20260819_104628_a775fa,2021-03-01,1032029.895999,124976.619999,907053.276,0.01893768,5418.784,0.01536943
20260819_104628_a775fa,2021-03-02,1039994.200999,124976.619999,915017.581,0.00771713,5349.631,-0.01276172
20260819_104628_a775fa,2021-03-03,1044031.144999,124976.619999,919054.525,0.0038817,5452.213,0.01917553
20260819_104628_a775fa,2021-03-04,1029542.370999,124976.619999,904565.751,-0.01387772,5280.706,-0.0314564
20260819_104628_a775fa,2021-03-05,1042352.195999,124976.619999,917375.576,0.01244225,5262.796,-0.00339159
20260819_104628_a775fa,2021-03-08,1034430.114999,124976.619999,909453.495,-0.0076002,5080.024,-0.03472907
20260819_104628_a775fa,2021-03-09,1009689.453051,199484.894051,810204.559,-0.02391719,4970.999,-0.02146151
20260819_104628_a775fa,2021-03-10,1003866.269712,271248.816712,732617.453,-0.0057673,5003.612,0.00656065
20260819_104628_a775fa,2021-03-11,1017899.405712,271248.816712,746650.589,0.01397909,5128.215,0.02490261
20260819_104628_a775fa,2021-03-12,1021166.215712,271248.816712,749917.399,0.00320936,5146.378,0.00354178
20260819_104628_a775fa,2021-03-15,1017560.990712,271248.816712,746312.174,-0.0035305,5035.544,-0.02153631
20260819_104628_a775fa,2021-03-16,1026658.642713,275967.140713,750691.502,0.00894065,5079.362,0.00870174
20260819_104628_a775fa,2021-03-17,1021717.598713,275967.140713,745750.458,-0.00481274,5100.859,0.00423222
20260819_104628_a775fa,2021-03-18,1030499.084713,275967.140713,754531.944,0.00859483,5141.768,0.00802002
20260819_104628_a775fa,2021-03-19,1026373.685713,275967.140713,750406.545,-0.0040033,5007.091,-0.02619274
20260819_104628_a775fa,2021-03-22,1046011.556713,275967.140713,770044.416,0.01913326,5057.152,0.00999802
20260819_104628_a775fa,2021-03-23,1028522.098713,275967.140713,752554.958,-0.01672014,5009.246,-0.00947292
20260819_104628_a775fa,2021-03-24,1030168.960713,275967.140713,754201.82,0.00160119,4928.685,-0.01608246
20260819_104628_a775fa,2021-03-25,1033621.948713,275967.140713,757654.808,0.00335187,4926.347,-0.00047437
20260819_104628_a775fa,2021-03-26,1043893.884532,372518.914532,671374.97,0.00993781,5037.99,0.02266243
20260819_104628_a775fa,2021-03-29,1049758.087532,372518.914532,677239.173,0.00561762,5046.877,0.001764
20260819_104628_a775fa,2021-03-30,1049238.478532,372518.914532,676719.564,-0.00049498,5094.729,0.00948151
20260819_104628_a775fa,2021-03-31,1054173.674532,372518.914532,681654.76,0.0047036,5048.361,-0.00910117
20260819_104628_a775fa,2021-04-01,1058977.329532,372518.914532,686458.415,0.0045568,5110.777,0.01236362
20260819_104628_a775fa,2021-04-02,1053072.036525,488839.883525,564232.153,-0.00557641,5161.557,0.00993587
20260819_104628_a775fa,2021-04-06,1062851.137525,488839.883525,574011.254,0.00928626,5140.342,-0.00411019
20260819_104628_a775fa,2021-04-07,1068995.163525,488839.883525,580155.28,0.0057807,5103.743,-0.00711995
20260819_104628_a775fa,2021-04-08,1066735.228084,581424.847084,485310.381,-0.00211407,5112.209,0.00165878
20260819_104628_a775fa,2021-04-09,1065031.471084,581424.847084,483606.624,-0.00159717,5035.338,-0.01503675
20260819_104628_a775fa,2021-04-12,1055534.271084,581424.847084,474109.424,-0.0089173,4947.746,-0.01739546
20260819_104628_a775fa,2021-04-13,1048210.712084,581424.847084,466785.865,-0.00693825,4939.644,-0.00163751
20260819_104628_a775fa,2021-04-14,1056734.726084,581424.847084,475309.879,0.00813197,4980.628,0.00829695
20260819_104628_a775fa,2021-04-15,1057791.091525,666154.663525,391636.428,0.00099965,4948.974,-0.00635542
20260819_104628_a775fa,2021-04-16,1059273.892525,666154.663525,393119.229,0.00140179,4966.181,0.00347688
20260819_104628_a775fa,2021-04-19,1062886.318525,666154.663525,396731.655,0.00341029,5087.016,0.02433157
20260819_104628_a775fa,2021-04-20,1064701.813525,666154.663525,398547.15,0.00170808,5083.366,-0.00071751
20260819_104628_a775fa,2021-04-21,1060775.023525,666154.663525,394620.36,-0.00368816,5098.745,0.00302536
20260819_104628_a775fa,2021-04-22,1069800.559525,666154.663525,403645.896,0.00850844,5089.243,-0.0018636
20260819_104628_a775fa,2021-04-23,1063210.879525,666154.663525,397056.216,-0.00615973,5135.453,0.00907994
20260819_104628_a775fa,2021-04-26,1071366.442525,666154.663525,405211.779,0.00767069,5077.238,-0.0113359
20260819_104628_a775fa,2021-04-27,1064046.943525,666154.663525,397892.28,-0.00683193,5090.52,0.00261599
20260819_104628_a775fa,2021-04-28,1069167.301525,666154.663525,403012.638,0.00481215,5119.242,0.00564225
20260819_104628_a775fa,2021-04-29,1066732.756591,794738.065591,271994.691,-0.00227705,5164.169,0.0087761
20260819_104628_a775fa,2021-04-30,1067711.38701,884204.35701,183507.03,0.00091741,5123.49,-0.00787716
20260819_104628_a775fa,2021-05-06,1070835.91101,884204.35701,186631.554,0.00292638,5061.124,-0.01217256
20260819_104628_a775fa,2021-05-07,1062556.96101,884204.35701,178352.604,-0.0077313,4996.053,-0.01285703
20260819_104628_a775fa,2021-05-10,1056188.39301,884204.35701,171984.036,-0.00599363,4992.423,-0.00072657
20260819_104628_a775fa,2021-05-11,1053407.758885,975893.038885,77514.72,-0.00263271,5023.059,0.0061365
20260819_104628_a775fa,2021-05-12,1052711.518885,975893.038885,76818.48,-0.00066094,5044.548,0.00427807
20260819_104628_a775fa,2021-05-13,1051040.542885,975893.038885,75147.504,-0.00158731,4992.974,-0.01022371
20260819_104628_a775fa,2021-05-14,1054846.654885,975893.038885,78953.616,0.00362128,5110.59,0.0235563
20260819_104628_a775fa,2021-05-17,1059163.342885,975893.038885,83270.304,0.00409224,5184.985,0.01455703
20260819_104628_a775fa,2021-05-18,1058832.343318,1058832.343318,0,-0.00031251,5187.601,0.00050453
20260819_104628_a775fa,2021-05-19,1058832.343318,1058832.343318,0,0.0,5172.272,-0.00295493
20260819_104628_a775fa,2021-05-20,1058832.343318,1058832.343318,0,0.0,5186.412,0.00273381
20260819_104628_a775fa,2021-05-21,1058832.343318,1058832.343318,0,0.0,5134.148,-0.0100771
20260819_104628_a775fa,2021-05-24,1058832.343318,1058832.343318,0,0.0,5155.587,0.00417577
20260819_104628_a775fa,2021-05-25,1058832.343318,1058832.343318,0,0.0,5318.478,0.03159504
20260819_104628_a775fa,2021-05-26,1058832.343318,1058832.343318,0,0.0,5320.593,0.00039767
20260819_104628_a775fa,2021-05-27,1058832.343318,1058832.343318,0,0.0,5338.233,0.00331542
20260819_104628_a775fa,2021-05-28,1058832.343318,1058832.343318,0,0.0,5321.089,-0.00321155
20260819_104628_a775fa,2021-05-31,1058832.343318,1058832.343318,0,0.0,5331.569,0.00196952
20260819_104628_a775fa,2021-06-01,1061838.52713,62232.90213,999605.625,0.00283915,5341.68,0.00189644
20260819_104628_a775fa,2021-06-02,1051813.70713,62232.90213,989580.805,-0.009441,5289.973,-0.00967991
20260819_104628_a775fa,2021-06-03,1053183.88313,62232.90213,990950.981,0.00130268,5255.286,-0.00655712
20260819_104628_a775fa,2021-06-04,1064931.52013,62232.90213,1002698.618,0.0111544,5282.277,0.00513597
20260819_104628_a775fa,2021-06-07,1065689.16413,62232.90213,1003456.262,0.00071145,5277.627,-0.0008803
20260819_104628_a775fa,2021-06-08,1076381.20913,62232.90213,1014148.307,0.01003299,5232.116,-0.00862338
20260819_104628_a775fa,2021-06-09,1075631.68113,62232.90213,1013398.779,-0.00069634,5236.45,0.00082835
20260819_104628_a775fa,2021-06-10,1090809.60613,62232.90213,1028576.704,0.01411071,5271.466,0.00668697
20260819_104628_a775fa,2021-06-11,1076833.14913,62232.90213,1014600.247,-0.01281292,5224.703,-0.00887097
20260819_104628_a775fa,2021-06-15,1070588.64313,62232.90213,1008355.741,-0.00579895,5166.56,-0.01112848
20260819_104628_a775fa,2021-06-16,1051171.098492,128801.123492,922369.975,-0.01813726,5080.491,-0.01665886
20260819_104628_a775fa,2021-06-17,1073966.105492,128801.123492,945164.982,0.02168534,5101.892,0.00421239
20260819_104628_a775fa,2021-06-18,1083696.251492,128801.123492,954895.128,0.00906001,5102.466,0.00011251
20260819_104628_a775fa,2021-06-21,1101499.291842,38661.595842,1062837.696,0.01642807,5090.385,-0.00236768
20260819_104628_a775fa,2021-06-22,1100449.937842,38661.595842,1061788.342,-0.00095266,5122.159,0.00624196
20260819_104628_a775fa,2021-06-23,1124393.832842,38661.595842,1085732.237,0.02175828,5147.394,0.00492663
20260819_104628_a775fa,2021-06-24,1127724.980842,38661.595842,1089063.385,0.00296262,5155.973,0.00166667
20260819_104628_a775fa,2021-06-25,1127213.294842,38661.595842,1088551.699,-0.00045373,5239.969,0.01629101
20260819_104628_a775fa,2021-06-28,1138424.241842,38661.595842,1099762.646,0.00994572,5251.76,0.0022502
20260819_104628_a775fa,2021-06-29,1132524.828842,38661.595842,1093863.233,-0.00518209,5190.544,-0.01165628
20260819_104628_a775fa,2021-06-30,1139977.010842,38661.595842,1101315.415,0.00658015,5224.041,0.00645347
20260819_104628_a775fa,2021-07-01,1120962.302842,38661.595842,1082300.707,-0.0166799,5229.664,0.00107637
20260819_104628_a775fa,2021-07-02,1117676.780842,38661.595842,1079015.185,-0.00293098,5081.117,-0.02840469
20260819_104628_a775fa,2021-07-05,1133335.971842,38661.595842,1094674.376,0.01401048,5085.792,0.00092007
20260819_104628_a775fa,2021-07-06,1138156.014842,38661.595842,1099494.419,0.00425297,5083.105,-0.00052833
20260819_104628_a775fa,2021-07-07,1170174.953842,38661.595842,1131513.358,0.02813229,5140.49,0.01128936
20260819_104628_a775fa,2021-07-08,1172610.727842,38661.595842,1133949.132,0.00208155,5088.257,-0.01016109
20260819_104628_a775fa,2021-07-09,1205051.148842,38661.595842,1166389.553,0.02766512,5069.437,-0.00369871
20260819_104628_a775fa,2021-07-12,1244766.014842,38661.595842,1206104.419,0.032957,5132.709,0.01248107
20260819_104628_a775fa,2021-07-13,1236403.987842,38661.595842,1197742.392,-0.00671775,5142.099,0.00182944
20260819_104628_a775fa,2021-07-14,1227507.090842,38661.595842,1188845.495,-0.00719578,5083.085,-0.01147664
20260819_104628_a775fa,2021-07-15,1264473.678842,38661.595842,1225812.083,0.03011517,5151.463,0.01345207
20260819_104628_a775fa,2021-07-16,1285931.575842,38661.595842,1247269.98,0.01696982,5094.773,-0.01100464
20260819_104628_a775fa,2021-07-19,1281545.624842,38661.595842,1242884.029,-0.00341072,5113.494,0.00367455
20260819_104628_a775fa,2021-07-20,1310490.769842,38661.595842,1271829.174,0.02258612,5108.994,-0.00088002
20260819_104628_a775fa,2021-07-21,1308499.293842,38661.595842,1269837.698,-0.00151964,5144.043,0.00686025
20260819_104628_a775fa,2021-07-22,1320374.584842,38661.595842,1281712.989,0.0090755,5151.752,0.00149863
20260819_104628_a775fa,2021-07-23,1316714.060842,38661.595842,1278052.465,-0.00277234,5089.228,-0.01213645
20260819_104628_a775fa,2021-07-26,1302827.665842,38661.595842,1264166.07,-0.01054625,4925.299,-0.03221098
20260819_104628_a775fa,2021-07-27,1266940.537842,38661.595842,1228278.942,-0.02754557,4751.313,-0.03532496
20260819_104628_a775fa,2021-07-28,1229043.761689,115238.457689,1113805.304,-0.02991204,4760.483,0.00192999
20260819_104628_a775fa,2021-07-29,1279453.839689,115238.457689,1164215.382,0.04101569,4850.275,0.01886195
20260819_104628_a775fa,2021-07-30,1301011.030689,115238.457689,1185772.573,0.01684874,4811.17,-0.00806243
20260819_104628_a775fa,2021-08-02,1316909.167689,115238.457689,1201670.71,0.01221983,4933.736,0.0254753
20260819_104628_a775fa,2021-08-03,1281610.577851,5511.679851,1276098.898,-0.02680412,4934.459,0.00014654
20260819_104628_a775fa,2021-08-04,1327260.586851,5511.679851,1321748.907,0.03561925,4978.848,0.00899572
20260819_104628_a775fa,2021-08-05,1317540.508851,5511.679851,1312028.829,-0.00732341,4948.67,-0.00606124
20260819_104628_a775fa,2021-08-06,1326999.877851,5511.679851,1321488.198,0.00717957,4921.565,-0.00547723
20260819_104628_a775fa,2021-08-09,1334696.426851,5511.679851,1329184.747,0.00579996,4985.563,0.01300359
20260819_104628_a775fa,2021-08-10,1337932.004851,5511.679851,1332420.325,0.00242421,5043.148,0.01155035
20260819_104628_a775fa,2021-08-11,1346380.287851,5511.679851,1340868.608,0.00631443,5015.34,-0.00551402
20260819_104628_a775fa,2021-08-12,1369022.560851,5511.679851,1363510.881,0.01681715,4973.351,-0.00837211
20260819_104628_a775fa,2021-08-13,1374515.944851,5511.679851,1369004.265,0.00401263,4945.983,-0.00550293
20260819_104628_a775fa,2021-08-16,1358376.584851,5511.679851,1352864.905,-0.01174185,4941.068,-0.00099374
20260819_104628_a775fa,2021-08-17,1303441.814851,5511.679851,1297930.135,-0.04044149,4837.403,-0.02098028
20260819_104628_a775fa,2021-08-18,1303780.683851,5511.679851,1298269.004,0.00025998,4894.238,0.01174907
20260819_104628_a775fa,2021-08-19,1319165.426851,5511.679851,1313653.747,0.0118001,4862.139,-0.00655853
20260819_104628_a775fa,2021-08-20,1315824.109851,5511.679851,1310312.43,-0.0025329,4769.268,-0.01910085
20260819_104628_a775fa,2021-08-23,1359526.549851,5511.679851,1354014.87,0.03321298,4835.878,0.0139665
20260819_104628_a775fa,2021-08-24,1365808.000851,5511.679851,1360296.321,0.00462032,4888.391,0.01085904
20260819_104628_a775fa,2021-08-25,1364925.208403,1163625.439403,201299.769,-0.00064635,4898.158,0.001998
20260819_104628_a775fa,2021-08-26,1359407.824469,80925.505469,1278482.319,-0.00404226,4801.609,-0.01971129
20260819_104628_a775fa,2021-08-27,1360983.283469,80925.505469,1280057.778,0.00115893,4827.044,0.00529718
20260819_104628_a775fa,2021-08-30,1373317.915469,80925.505469,1292392.41,0.00906303,4813.27,-0.00285351
20260819_104628_a775fa,2021-08-31,1383709.906469,80925.505469,1302784.401,0.00756707,4805.61,-0.00159143
20260819_104628_a775fa,2021-09-01,1360022.611469,80925.505469,1279097.106,-0.01711869,4869.458,0.01328614
20260819_104628_a775fa,2021-09-02,1386385.340112,177256.479112,1209128.861,0.01938404,4869.412,-9.45e-06
20260819_104628_a775fa,2021-09-03,1385924.173201,62394.928201,1323529.245,-0.00033264,4843.062,-0.00541133
20260819_104628_a775fa,2021-09-06,1398833.953201,62394.928201,1336439.025,0.00931493,4933.726,0.01872039
20260819_104628_a775fa,2021-09-07,1422899.930201,62394.928201,1360505.002,0.01720431,4992.83,0.01197959
20260819_104628_a775fa,2021-09-08,1418765.638201,62394.928201,1356370.71,-0.00290554,4972.133,-0.00414534
20260819_104628_a775fa,2021-09-09,1425542.991201,62394.928201,1363148.063,0.00477694,4970.013,-0.00042638
20260819_104628_a775fa,2021-09-10,1407932.159201,62394.928201,1345537.231,-0.01235377,5013.522,0.0087543
20260819_104628_a775fa,2021-09-13,1423768.612897,161231.816897,1262536.796,0.01124802,4991.66,-0.00436061
20260819_104628_a775fa,2021-09-14,1395382.990318,44297.474318,1351085.516,-0.01993696,4917.162,-0.01492449
20260819_104628_a775fa,2021-09-15,1441274.572318,44297.474318,1396977.098,0.03288816,4867.319,-0.01013654
20260819_104628_a775fa,2021-09-16,1401585.749318,44297.474318,1357288.275,-0.02753731,4807.698,-0.01224925
20260819_104628_a775fa,2021-09-17,1396372.397318,44297.474318,1352074.923,-0.00371961,4855.941,0.01003453
20260819_104628_a775fa,2021-09-22,1412260.690318,44297.474318,1367963.216,0.01137826,4821.767,-0.00703756
20260819_104628_a775fa,2021-09-23,1423011.359318,44297.474318,1378713.885,0.00761238,4853.196,0.00651815
20260819_104628_a775fa,2021-09-24,1369040.612318,44297.474318,1324743.138,-0.03792714,4849.427,-0.0007766
20260819_104628_a775fa,2021-09-27,1306634.52527,138681.36427,1167953.161,-0.04558381,4877.37,0.00576212
20260819_104628_a775fa,2021-09-28,1309304.112856,331941.262856,977362.85,0.0020431,4883.828,0.00132407
20260819_104628_a775fa,2021-09-29,1276144.13118,431309.84918,844834.282,-0.02532642,4833.928,-0.0102174
20260819_104628_a775fa,2021-09-30,1287257.363067,527057.068067,760200.295,0.00870845,4866.382,0.00671379
20260819_104628_a775fa,2021-10-08,1297507.567067,527057.068067,770450.499,0.00796282,4929.941,0.01306083
20260819_104628_a775fa,2021-10-11,1299807.553067,527057.068067,772750.485,0.00177262,4936.192,0.00126797
20260819_104628_a775fa,2021-10-12,1277553.004067,527057.068067,750495.936,-0.01712142,4883.837,-0.01060635
20260819_104628_a775fa,2021-10-13,1274832.242067,527057.068067,747775.174,-0.00212967,4940.109,0.01152209
20260819_104628_a775fa,2021-10-14,1288060.078356,721582.678356,566477.4,0.01037614,4913.613,-0.00536344
20260819_104628_a775fa,2021-10-15,1278806.952356,721582.678356,557224.274,-0.00718377,4932.109,0.00376424
20260819_104628_a775fa,2021-10-18,1284947.841356,721582.678356,563365.163,0.00480205,4874.775,-0.01162464
20260819_104628_a775fa,2021-10-19,1299926.072356,721582.678356,578343.394,0.01165668,4922.724,0.00983615
20260819_104628_a775fa,2021-10-20,1297436.381356,721582.678356,575853.703,-0.00191526,4910.185,-0.00254717
20260819_104628_a775fa,2021-10-21,1293765.075356,721582.678356,572182.397,-0.00282966,4928.016,0.00363143
20260819_104628_a775fa,2021-10-22,1278067.013356,721582.678356,556484.335,-0.01213363,4959.726,0.00643464
20260819_104628_a775fa,2021-10-25,1282125.341356,721582.678356,560542.663,0.00317536,4979.524,0.00399175
20260819_104628_a775fa,2021-10-26,1282743.925356,721582.678356,561161.247,0.00048247,4963.099,-0.00329851
20260819_104628_a775fa,2021-10-27,1268544.441356,721582.678356,546961.763,-0.01106962,4898.165,-0.01308336
20260819_104628_a775fa,2021-10-28,1245788.264356,721582.678356,524205.586,-0.01793881,4864.138,-0.00694689
20260819_104628_a775fa,2021-10-29,1249641.58731,812195.39631,437446.191,0.00309308,4908.77,0.00917573
20260819_104628_a775fa,2021-11-01,1267429.30331,812195.39631,455233.907,0.01423425,4890.686,-0.00368402
20260819_104628_a775fa,2021-11-02,1261102.06231,812195.39631,448906.666,-0.00499218,4839.846,-0.01039527
20260819_104628_a775fa,2021-11-03,1264290.71331,812195.39631,452095.317,0.00252846,4821.112,-0.00387078
20260819_104628_a775fa,2021-11-04,1272350.752203,937404.895203,334945.857,0.00637515,4868.742,0.00987946
20260819_104628_a775fa,2021-11-05,1268996.524203,937404.895203,331591.629,-0.00263624,4842.346,-0.00542152
20260819_104628_a775fa,2021-11-08,1265659.266203,937404.895203,328254.371,-0.00262984,4848.179,0.00120458
20260819_104628_a775fa,2021-11-09,1282472.985203,937404.895203,345068.09,0.01328455,4846.745,-0.00029578
20260819_104628_a775fa,2021-11-10,1287180.784203,937404.895203,349775.889,0.00367088,4821.193,-0.00527199
20260819_104628_a775fa,2021-11-11,1288474.408203,937404.895203,351069.513,0.00100501,4898.653,0.01606656
20260819_104628_a775fa,2021-11-12,1310095.778372,23395.527372,1286700.251,0.0167806,4888.375,-0.00209813
20260819_104628_a775fa,2021-11-15,1320604.155372,23395.527372,1297208.628,0.00802108,4882.378,-0.00122679
20260819_104628_a775fa,2021-11-16,1340168.469372,23395.527372,1316772.942,0.01481467,4883.32,0.00019294
20260819_104628_a775fa,2021-11-17,1358464.703372,23395.527372,1335069.176,0.01365219,4885.755,0.00049864
20260819_104628_a775fa,2021-11-18,1356667.386372,23395.527372,1333271.859,-0.00132305,4837.618,-0.00985252
20260819_104628_a775fa,2021-11-19,1381196.220372,23395.527372,1357800.693,0.01808021,4890.058,0.01084005
20260819_104628_a775fa,2021-11-22,1380149.250372,23395.527372,1356753.723,-0.00075802,4912.399,0.00456866
20260819_104628_a775fa,2021-11-23,1384914.501372,23395.527372,1361518.974,0.00345271,4913.346,0.00019278
20260819_104628_a775fa,2021-11-24,1392615.811372,23395.527372,1369220.284,0.00556086,4916.658,0.00067408
20260819_104628_a775fa,2021-11-25,1415238.476372,23395.527372,1391842.949,0.01624473,4896.442,-0.00411174
20260819_104628_a775fa,2021-11-26,1415781.048372,23395.527372,1392385.521,0.00038338,4860.126,-0.00741681
20260819_104628_a775fa,2021-11-29,1400594.660434,424772.052434,975822.608,-0.01072651,4851.423,-0.00179069
20260819_104628_a775fa,2021-11-30,1411214.332786,102566.530786,1308647.802,0.00758226,4832.026,-0.00399821
20260819_104628_a775fa,2021-12-01,1403811.476786,102566.530786,1301244.946,-0.00524573,4843.851,0.00244721
20260819_104628_a775fa,2021-12-02,1408725.828786,102566.530786,1306159.298,0.00350072,4856.163,0.00254178
20260819_104628_a775fa,2021-12-03,1428021.844786,102566.530786,1325455.314,0.0136975,4901.018,0.00923672
20260819_104628_a775fa,2021-12-06,1403128.302786,102566.530786,1300561.772,-0.01743219,4892.621,-0.00171332
20260819_104628_a775fa,2021-12-07,1400871.172786,102566.530786,1298304.642,-0.00160864,4922.102,0.0060256
20260819_104628_a775fa,2021-12-08,1414664.414786,102566.530786,1312097.884,0.00984619,4995.93,0.01499928
20260819_104628_a775fa,2021-12-09,1422335.606786,102566.530786,1319769.076,0.00542262,5078.69,0.01656548
20260819_104628_a775fa,2021-12-10,1414003.772786,102566.530786,1311437.242,-0.00585785,5055.118,-0.00464135
20260819_104628_a775fa,2021-12-13,1409529.296786,102566.530786,1306962.766,-0.0031644,5083.801,0.00567405
20260819_104628_a775fa,2021-12-14,1417286.036786,102566.530786,1314719.506,0.00550307,5049.695,-0.00670876
20260819_104628_a775fa,2021-12-15,1408376.004786,102566.530786,1305809.474,-0.00628669,5005.9,-0.0086728
20260819_104628_a775fa,2021-12-16,1416527.902786,102566.530786,1313961.372,0.00578815,5034.732,0.0057596
20260819_104628_a775fa,2021-12-17,1417977.200786,102566.530786,1315410.67,0.00102313,4954.76,-0.01588406
20260819_104628_a775fa,2021-12-20,1411347.974786,102566.530786,1308781.444,-0.00467513,4880.418,-0.01500416
20260819_104628_a775fa,2021-12-21,1427224.776786,102566.530786,1324658.246,0.01124939,4913.485,0.00677544
20260819_104628_a775fa,2021-12-22,1433583.992786,102566.530786,1331017.462,0.00445565,4914.454,0.00019721
20260819_104628_a775fa,2021-12-23,1436649.432786,102566.530786,1334082.902,0.00213831,4948.739,0.00697636
20260819_104628_a775fa,2021-12-24,1417646.838786,102566.530786,1315080.308,-0.01322702,4921.345,-0.00553555
20260819_104628_a775fa,2021-12-27,1426895.126786,102566.530786,1324328.596,0.00652369,4919.324,-0.00041066
20260819_104628_a775fa,2021-12-28,1432364.362786,102566.530786,1329797.832,0.00383296,4955.964,0.00744818
20260819_104628_a775fa,2021-12-29,1443691.820786,102566.530786,1341125.29,0.00790822,4883.48,-0.01462561
20260819_104628_a775fa,2021-12-30,1443057.670786,102566.530786,1340491.14,-0.00043926,4921.511,0.00778768
20260819_104628_a775fa,2021-12-31,1454696.178786,102566.530786,1352129.648,0.00806517,4940.373,0.00383256
20260819_104628_a775fa,2022-01-04,1462045.884786,102566.530786,1359479.354,0.0050524,4917.766,-0.00457597
20260819_104628_a775fa,2022-01-05,1444258.350786,102566.530786,1341691.82,-0.01216619,4868.121,-0.01009503
20260819_104628_a775fa,2022-01-06,1454573.590786,102566.530786,1352007.06,0.00714224,4818.232,-0.0102481
20260819_104628_a775fa,2022-01-07,1455873.644786,102566.530786,1353307.114,0.00089377,4822.369,0.00085861
20260819_104628_a775fa,2022-01-10,1462169.638786,102566.530786,1359603.108,0.00432455,4844.045,0.00449489
20260819_104628_a775fa,2022-01-11,1464626.646786,102566.530786,1362060.116,0.00168039,4797.773,-0.00955235
20260819_104628_a775fa,2022-01-12,1473352.314786,102566.530786,1370785.784,0.00595761,4845.579,0.00996421
20260819_104628_a775fa,2022-01-13,1452904.124786,102566.530786,1350337.594,-0.01387868,4765.919,-0.01643973
20260819_104628_a775fa,2022-01-14,1462467.826786,102566.530786,1359901.296,0.00658247,4726.732,-0.00822234
20260819_104628_a775fa,2022-01-17,1471190.054786,102566.530786,1368623.524,0.00596405,4767.276,0.0085776
20260819_104628_a775fa,2022-01-18,1439642.550786,102566.530786,1337076.02,-0.02144353,4813.347,0.00966401
20260819_104628_a775fa,2022-01-19,1426949.946786,102566.530786,1324383.416,-0.0088165,4780.378,-0.0068495
20260819_104628_a775fa,2022-01-20,1403386.500786,102566.530786,1300819.97,-0.01651316,4823.509,0.00902251
20260819_104628_a775fa,2022-01-21,1365372.748786,102566.530786,1262806.218,-0.02708716,4779.314,-0.00916242
20260819_104628_a775fa,2022-01-24,1366409.637743,200950.611743,1165459.026,0.00075942,4786.738,0.00155336
20260819_104628_a775fa,2022-01-25,1326112.177743,200950.611743,1125161.566,-0.02949149,4678.451,-0.0226223
20260819_104628_a775fa,2022-01-26,1333337.305012,286376.669012,1046960.636,0.00544835,4712.311,0.00723744
20260819_104628_a775fa,2022-01-27,1310738.471012,286376.669012,1024361.802,-0.01694908,4619.876,-0.01961564
20260819_104628_a775fa,2022-01-28,1313198.061372,370881.829372,942316.232,0.00187649,4563.772,-0.01214405
20260819_104628_a775fa,2022-02-07,1324752.719372,370881.829372,953870.89,0.00879887,4634.09,0.01540787
20260819_104628_a775fa,2022-02-08,1330699.019372,370881.829372,959817.19,0.00448861,4608.773,-0.00546321
20260819_104628_a775fa,2022-02-09,1331508.371372,370881.829372,960626.542,0.00060822,4652.061,0.00939252
20260819_104628_a775fa,2022-02-10,1322820.357372,370881.829372,951938.528,-0.00652494,4639.863,-0.00262206
20260819_104628_a775fa,2022-02-11,1311231.137372,370881.829372,940349.308,-0.00876099,4601.395,-0.00829076
20260819_104628_a775fa,2022-02-14,1309296.675533,1209832.995533,99463.68,-0.0014753,4551.688,-0.01080259
20260819_104628_a775fa,2022-02-15,1309633.401533,1209832.995533,99800.406,0.00025718,4600.102,0.01063649
20260819_104628_a775fa,2022-02-16,1313389.191533,1209832.995533,103556.196,0.00286782,4617.989,0.00388839
20260819_104628_a775fa,2022-02-17,1315331.841533,1209832.995533,105498.846,0.00147911,4629.165,0.0024201
20260819_104628_a775fa,2022-02-18,1314399.369533,1209832.995533,104566.374,-0.00070893,4651.236,0.00476781
20260819_104628_a775fa,2022-02-21,1315435.449533,1209832.995533,105602.454,0.00078825,4634.314,-0.00363817
20260819_104628_a775fa,2022-02-22,1315694.469533,1209832.995533,105861.474,0.00019691,4574.153,-0.01298164
20260819_104628_a775fa,2022-02-23,1319139.435533,1209832.995533,109306.44,0.00261836,4623.047,0.01068919
20260819_104628_a775fa,2022-02-24,1316704.647533,1209832.995533,106871.652,-0.00184574,4529.319,-0.02027407
20260819_104628_a775fa,2022-02-25,1320071.907533,1209832.995533,110238.912,0.00255734,4573.424,0.00973767
20260819_104628_a775fa,2022-02-28,1322066.361533,1209832.995533,112233.366,0.00151087,4581.646,0.00179778
20260819_104628_a775fa,2022-03-01,1322636.205533,1209832.995533,112803.21,0.00043103,4619.686,0.00830269
20260819_104628_a775fa,2022-03-02,1323292.155894,1323292.155894,0,0.00049594,4578.601,-0.00889346
20260819_104628_a775fa,2022-03-03,1323292.155894,1323292.155894,0,0.0,4551.628,-0.0058911
20260819_104628_a775fa,2022-03-04,1323292.155894,1323292.155894,0,0.0,4496.43,-0.01212709
20260819_104628_a775fa,2022-03-07,1323292.155894,1323292.155894,0,0.0,4352.777,-0.03194823
20260819_104628_a775fa,2022-03-08,1323292.155894,1323292.155894,0,0.0,4265.391,-0.02007592
20260819_104628_a775fa,2022-03-09,1323292.155894,1323292.155894,0,0.0,4226.346,-0.00915391
20260819_104628_a775fa,2022-03-10,1323292.155894,1323292.155894,0,0.0,4292.838,0.01573274
20260819_104628_a775fa,2022-03-11,1323292.155894,1323292.155894,0,0.0,4306.521,0.0031874
20260819_104628_a775fa,2022-03-14,1323292.155894,1323292.155894,0,0.0,4174.758,-0.03059616
20260819_104628_a775fa,2022-03-15,1323292.155894,1323292.155894,0,0.0,3983.812,-0.04573822
20260819_104628_a775fa,2022-03-16,1323292.155894,1323292.155894,0,0.0,4156.081,0.04324225
20260819_104628_a775fa,2022-03-17,1323292.155894,1323292.155894,0,0.0,4237.696,0.01963749
20260819_104628_a775fa,2022-03-18,1323292.155894,1323292.155894,0,0.0,4265.902,0.00665598
20260819_104628_a775fa,2022-03-21,1323292.155894,1323292.155894,0,0.0,4258.746,-0.00167749
20260819_104628_a775fa,2022-03-22,1323292.155894,1323292.155894,0,0.0,4255.295,-0.00081033
20260819_104628_a775fa,2022-03-23,1323292.155894,1323292.155894,0,0.0,4276.517,0.0049872
20260819_104628_a775fa,2022-03-24,1323292.155894,1323292.155894,0,0.0,4251.307,-0.00589498
20260819_104628_a775fa,2022-03-25,1323292.155894,1323292.155894,0,0.0,4174.574,-0.01804927
20260819_104628_a775fa,2022-03-28,1323292.155894,1323292.155894,0,0.0,4148.466,-0.00625405
20260819_104628_a775fa,2022-03-29,1323292.155894,1323292.155894,0,0.0,4134.144,-0.00345236
20260819_104628_a775fa,2022-03-30,1323292.155894,1323292.155894,0,0.0,4254.099,0.02901568
20260819_104628_a775fa,2022-03-31,1323292.155894,1323292.155894,0,0.0,4222.597,-0.00740509
20260819_104628_a775fa,2022-04-01,1323292.155894,1323292.155894,0,0.0,4276.158,0.01268437
20260819_104628_a775fa,2022-04-06,1323292.155894,1323292.155894,0,0.0,4263.841,-0.00288039
20260819_104628_a775fa,2022-04-07,1323292.155894,1323292.155894,0,0.0,4209.1,-0.01283842
20260819_104628_a775fa,2022-04-08,1323292.155894,1323292.155894,0,0.0,4230.767,0.00514766
20260819_104628_a775fa,2022-04-11,1323292.155894,1323292.155894,0,0.0,4100.07,-0.03089203
20260819_104628_a775fa,2022-04-12,1323292.155894,1323292.155894,0,0.0,4179.973,0.0194882
20260819_104628_a775fa,2022-04-13,1323292.155894,1323292.155894,0,0.0,4139.737,-0.0096259
20260819_104628_a775fa,2022-04-14,1323292.155894,1323292.155894,0,0.0,4191.568,0.01252036
20260819_104628_a775fa,2022-04-15,1323292.155894,1323292.155894,0,0.0,4188.747,-0.00067302
20260819_104628_a775fa,2022-04-18,1323292.155894,1323292.155894,0,0.0,4166.384,-0.00533883
20260819_104628_a775fa,2022-04-19,1323292.155894,1323292.155894,0,0.0,4134.901,-0.00755643
20260819_104628_a775fa,2022-04-20,1323292.155894,1323292.155894,0,0.0,4070.788,-0.01550533
20260819_104628_a775fa,2022-04-21,1323292.155894,1323292.155894,0,0.0,3995.83,-0.01841363
20260819_104628_a775fa,2022-04-22,1323292.155894,1323292.155894,0,0.0,4013.25,0.00435954
20260819_104628_a775fa,2022-04-25,1323292.155894,1323292.155894,0,0.0,3814.913,-0.04942054
20260819_104628_a775fa,2022-04-26,1323292.155894,1323292.155894,0,0.0,3784.12,-0.00807174
20260819_104628_a775fa,2022-04-27,1323292.155894,1323292.155894,0,0.0,3895.536,0.02944304
20260819_104628_a775fa,2022-04-28,1323292.155894,1323292.155894,0,0.0,3921.107,0.00656418
20260819_104628_a775fa,2022-04-29,1323292.155894,1323292.155894,0,0.0,4016.241,0.02426203
20260819_104628_a775fa,2022-05-05,1323292.155894,1323292.155894,0,0.0,4010.21,-0.00150165
20260819_104628_a775fa,2022-05-06,1323292.155894,1323292.155894,0,0.0,3908.815,-0.02528421
20260819_104628_a775fa,2022-05-09,1323292.155894,1323292.155894,0,0.0,3877.436,-0.00802775
20260819_104628_a775fa,2022-05-10,1323292.155894,1323292.155894,0,0.0,3919.869,0.01094357
20260819_104628_a775fa,2022-05-11,1323292.155894,1323292.155894,0,0.0,3976.423,0.01442752
20260819_104628_a775fa,2022-05-12,1323292.155894,1323292.155894,0,0.0,3958.74,-0.00444696
20260819_104628_a775fa,2022-05-13,1323292.155894,1323292.155894,0,0.0,3988.6,0.0075428
20260819_104628_a775fa,2022-05-16,1323292.155894,1323292.155894,0,0.0,3956.538,-0.00803841
20260819_104628_a775fa,2022-05-17,1323292.155894,1323292.155894,0,0.0,4005.894,0.01247454
20260819_104628_a775fa,2022-05-18,1323292.155894,1323292.155894,0,0.0,3991.907,-0.00349161
20260819_104628_a775fa,2022-05-19,1323292.155894,1323292.155894,0,0.0,3999.598,0.00192665
20260819_104628_a775fa,2022-05-20,1323292.155894,1323292.155894,0,0.0,4077.6,0.01950246
20260819_104628_a775fa,2022-05-23,1323292.155894,1323292.155894,0,0.0,4053.983,-0.00579189
20260819_104628_a775fa,2022-05-24,1323292.155894,1323292.155894,0,0.0,3959.154,-0.02339156
20260819_104628_a775fa,2022-05-25,1323292.155894,1323292.155894,0,0.0,3983.178,0.00606796
20260819_104628_a775fa,2022-05-26,1323292.155894,1323292.155894,0,0.0,3993.045,0.00247717
20260819_104628_a775fa,2022-05-27,1323292.155894,1323292.155894,0,0.0,4001.299,0.00206709
20260819_104628_a775fa,2022-05-30,1323292.155894,1323292.155894,0,0.0,4029.018,0.0069275
20260819_104628_a775fa,2022-05-31,1323292.155894,1323292.155894,0,0.0,4091.517,0.01551222
20260819_104628_a775fa,2022-06-01,1323292.155894,1323292.155894,0,0.0,4083.177,-0.00203836
20260819_104628_a775fa,2022-06-02,1323292.155894,1323292.155894,0,0.0,4089.569,0.00156545
20260819_104628_a775fa,2022-06-06,1323292.155894,1323292.155894,0,0.0,4166.085,0.01871004
20260819_104628_a775fa,2022-06-07,1323292.155894,1323292.155894,0,0.0,4179.128,0.00313076
20260819_104628_a775fa,2022-06-08,1323292.155894,1323292.155894,0,0.0,4219.812,0.00973505
20260819_104628_a775fa,2022-06-09,1323292.155894,1323292.155894,0,0.0,4175.674,-0.01045971
20260819_104628_a775fa,2022-06-10,1323292.155894,1323292.155894,0,0.0,4238.993,0.01516378
20260819_104628_a775fa,2022-06-13,1323292.155894,1323292.155894,0,0.0,4189.353,-0.01171033
20260819_104628_a775fa,2022-06-14,1323292.155894,1323292.155894,0,0.0,4222.311,0.00786709
20260819_104628_a775fa,2022-06-15,1323292.155894,1323292.155894,0,0.0,4278.218,0.01324085
20260819_104628_a775fa,2022-06-16,1323292.155894,1323292.155894,0,0.0,4250.061,-0.00658148
20260819_104628_a775fa,2022-06-17,1323292.155894,1323292.155894,0,0.0,4309.045,0.01387839
20260819_104628_a775fa,2022-06-20,1323292.155894,1323292.155894,0,0.0,4330.433,0.00496351
20260819_104628_a775fa,2022-06-21,1323292.155894,1323292.155894,0,0.0,4325.566,-0.00112391
20260819_104628_a775fa,2022-06-22,1323292.155894,1323292.155894,0,0.0,4270.623,-0.01270192
20260819_104628_a775fa,2022-06-23,1323292.155894,1323292.155894,0,0.0,4343.878,0.01715324
20260819_104628_a775fa,2022-06-24,1323292.155894,1323292.155894,0,0.0,4394.772,0.01171626
20260819_104628_a775fa,2022-06-27,1323292.155894,1323292.155894,0,0.0,4444.264,0.01126156
20260819_104628_a775fa,2022-06-28,1323292.155894,1323292.155894,0,0.0,4490.517,0.01040735
20260819_104628_a775fa,2022-06-29,1323292.155894,1323292.155894,0,0.0,4421.357,-0.01540134
20260819_104628_a775fa,2022-06-30,1323292.155894,1323292.155894,0,0.0,4485.011,0.01439694
20260819_104628_a775fa,2022-07-01,1323292.155894,1323292.155894,0,0.0,4466.718,-0.0040787
20260819_104628_a775fa,2022-07-04,1323292.155894,1323292.155894,0,0.0,4496.03,0.00656231
20260819_104628_a775fa,2022-07-05,1323292.155894,1323292.155894,0,0.0,4489.538,-0.00144394
20260819_104628_a775fa,2022-07-06,1323292.155894,1323292.155894,0,0.0,4423.97,-0.01460462
20260819_104628_a775fa,2022-07-07,1323292.155894,1323292.155894,0,0.0,4443.474,0.00440871
20260819_104628_a775fa,2022-07-08,1323292.155894,1323292.155894,0,0.0,4428.781,-0.00330665
20260819_104628_a775fa,2022-07-11,1323292.155894,1323292.155894,0,0.0,4354.617,-0.01674592
20260819_104628_a775fa,2022-07-12,1323292.155894,1323292.155894,0,0.0,4313.619,-0.00941483
20260819_104628_a775fa,2022-07-13,1323292.155894,1323292.155894,0,0.0,4321.462,0.00181819
20260819_104628_a775fa,2022-07-14,1323292.155894,1323292.155894,0,0.0,4322.075,0.00014185
20260819_104628_a775fa,2022-07-15,1323292.155894,1323292.155894,0,0.0,4248.527,-0.01701683
20260819_104628_a775fa,2022-07-18,1323292.155894,1323292.155894,0,0.0,4292.585,0.01037018
20260819_104628_a775fa,2022-07-19,1323292.155894,1323292.155894,0,0.0,4269.34,-0.00541515
20260819_104628_a775fa,2022-07-20,1323292.155894,1323292.155894,0,0.0,4283.803,0.00338764
20260819_104628_a775fa,2022-07-21,1323292.155894,1323292.155894,0,0.0,4236.058,-0.01114547
20260819_104628_a775fa,2022-07-22,1323292.155894,1323292.155894,0,0.0,4238.235,0.00051392
20260819_104628_a775fa,2022-07-25,1323292.155894,1323292.155894,0,0.0,4212.644,-0.00603813
20260819_104628_a775fa,2022-07-26,1323292.155894,1323292.155894,0,0.0,4245.975,0.00791213
20260819_104628_a775fa,2022-07-27,1323292.155894,1323292.155894,0,0.0,4225.036,-0.00493149
20260819_104628_a775fa,2022-07-28,1323292.155894,1323292.155894,0,0.0,4225.673,0.00015077
20260819_104628_a775fa,2022-07-29,1323292.155894,1323292.155894,0,0.0,4170.102,-0.0131508
20260819_104628_a775fa,2022-08-01,1323292.155894,1323292.155894,0,0.0,4188.679,0.00445481
20260819_104628_a775fa,2022-08-02,1323292.155894,1323292.155894,0,0.0,4107.024,-0.01949421
20260819_104628_a775fa,2022-08-03,1323292.155894,1323292.155894,0,0.0,4066.975,-0.00975134
20260819_104628_a775fa,2022-08-04,1323292.155894,1323292.155894,0,0.0,4101.536,0.00849796
20260819_104628_a775fa,2022-08-05,1323292.155894,1323292.155894,0,0.0,4156.912,0.01350128
20260819_104628_a775fa,2022-08-08,1323292.155894,1323292.155894,0,0.0,4148.075,-0.00212586
20260819_104628_a775fa,2022-08-09,1323292.155894,1323292.155894,0,0.0,4156.29,0.00198044
20260819_104628_a775fa,2022-08-10,1323292.155894,1323292.155894,0,0.0,4109.738,-0.01120037
20260819_104628_a775fa,2022-08-11,1323292.155894,1323292.155894,0,0.0,4193.543,0.02039181
20260819_104628_a775fa,2022-08-12,1323292.155894,1323292.155894,0,0.0,4191.152,-0.00057016
20260819_104628_a775fa,2022-08-15,1323292.155894,1323292.155894,0,0.0,4185.679,-0.00130585
20260819_104628_a775fa,2022-08-16,1323292.155894,1323292.155894,0,0.0,4177.837,-0.00187353
20260819_104628_a775fa,2022-08-17,1323292.155894,1323292.155894,0,0.0,4216.958,0.00936394
20260819_104628_a775fa,2022-08-18,1323292.155894,1323292.155894,0,0.0,4180.1,-0.00874042
20260819_104628_a775fa,2022-08-19,1323292.155894,1323292.155894,0,0.0,4151.074,-0.00694385
20260819_104628_a775fa,2022-08-22,1323292.155894,1323292.155894,0,0.0,4181.397,0.00730486
20260819_104628_a775fa,2022-08-23,1323292.155894,1323292.155894,0,0.0,4161.083,-0.00485818
20260819_104628_a775fa,2022-08-24,1323292.155894,1323292.155894,0,0.0,4082.419,-0.01890469
20260819_104628_a775fa,2022-08-25,1323292.155894,1323292.155894,0,0.0,4116.239,0.0082843
20260819_104628_a775fa,2022-08-26,1323292.155894,1323292.155894,0,0.0,4107.546,-0.00211188
20260819_104628_a775fa,2022-08-29,1323292.155894,1323292.155894,0,0.0,4089.52,-0.00438851
20260819_104628_a775fa,2022-08-30,1323292.155894,1323292.155894,0,0.0,4075.793,-0.00335663
20260819_104628_a775fa,2022-08-31,1323292.155894,1323292.155894,0,0.0,4078.841,0.00074783
20260819_104628_a775fa,2022-09-01,1323292.155894,1323292.155894,0,0.0,4043.739,-0.00860588
20260819_104628_a775fa,2022-09-02,1323292.155894,1323292.155894,0,0.0,4023.613,-0.00497708
20260819_104628_a775fa,2022-09-05,1323292.155894,1323292.155894,0,0.0,4015.427,-0.00203449
20260819_104628_a775fa,2022-09-06,1323292.155894,1323292.155894,0,0.0,4052.281,0.0091781
20260819_104628_a775fa,2022-09-07,1323292.155894,1323292.155894,0,0.0,4054.983,0.00066678
20260819_104628_a775fa,2022-09-08,1323292.155894,1323292.155894,0,0.0,4037.684,-0.00426611
20260819_104628_a775fa,2022-09-09,1323292.155894,1323292.155894,0,0.0,4093.788,0.01389509
20260819_104628_a775fa,2022-09-13,1323292.155894,1323292.155894,0,0.0,4111.115,0.00423251
20260819_104628_a775fa,2022-09-14,1323292.155894,1323292.155894,0,0.0,4065.359,-0.01112983
20260819_104628_a775fa,2022-09-15,1323292.155894,1323292.155894,0,0.0,4027.118,-0.00940655
20260819_104628_a775fa,2022-09-16,1323292.155894,1323292.155894,0,0.0,3932.683,-0.02344977
20260819_104628_a775fa,2022-09-19,1323292.155894,1323292.155894,0,0.0,3928.0,-0.00119079
20260819_104628_a775fa,2022-09-20,1323292.155894,1323292.155894,0,0.0,3932.836,0.00123116
20260819_104628_a775fa,2022-09-21,1323292.155894,1323292.155894,0,0.0,3903.735,-0.00739949
20260819_104628_a775fa,2022-09-22,1323292.155894,1323292.155894,0,0.0,3869.344,-0.00880977
20260819_104628_a775fa,2022-09-23,1323292.155894,1323292.155894,0,0.0,3856.021,-0.00344322
20260819_104628_a775fa,2022-09-26,1323292.155894,1323292.155894,0,0.0,3836.677,-0.00501657
20260819_104628_a775fa,2022-09-27,1323292.155894,1323292.155894,0,0.0,3892.296,0.01449666
20260819_104628_a775fa,2022-09-28,1323292.155894,1323292.155894,0,0.0,3828.71,-0.01633637
20260819_104628_a775fa,2022-09-29,1323292.155894,1323292.155894,0,0.0,3827.144,-0.00040902
20260819_104628_a775fa,2022-09-30,1323292.155894,1323292.155894,0,0.0,3804.886,-0.00581583
20260819_104628_a775fa,2022-10-10,1323292.155894,1323292.155894,0,0.0,3720.936,-0.02206374
20260819_104628_a775fa,2022-10-11,1323292.155894,1323292.155894,0,0.0,3727.687,0.00181433
20260819_104628_a775fa,2022-10-12,1323292.155894,1323292.155894,0,0.0,3784.307,0.01518904
20260819_104628_a775fa,2022-10-13,1323292.155894,1323292.155894,0,0.0,3752.673,-0.00835926
20260819_104628_a775fa,2022-10-14,1323292.155894,1323292.155894,0,0.0,3842.47,0.02392881
20260819_104628_a775fa,2022-10-17,1323292.155894,1323292.155894,0,0.0,3846.412,0.0010259
20260819_104628_a775fa,2022-10-18,1323292.155894,1323292.155894,0,0.0,3838.266,-0.00211782
20260819_104628_a775fa,2022-10-19,1323292.155894,1323292.155894,0,0.0,3776.534,-0.0160833
20260819_104628_a775fa,2022-10-20,1323292.155894,1323292.155894,0,0.0,3754.927,-0.00572138
20260819_104628_a775fa,2022-10-21,1323292.155894,1323292.155894,0,0.0,3742.893,-0.00320486
20260819_104628_a775fa,2022-10-24,1323292.155894,1323292.155894,0,0.0,3633.374,-0.02926052
20260819_104628_a775fa,2022-10-25,1323292.155894,1323292.155894,0,0.0,3627.454,-0.00162934
20260819_104628_a775fa,2022-10-26,1323292.155894,1323292.155894,0,0.0,3656.903,0.00811837
20260819_104628_a775fa,2022-10-27,1323292.155894,1323292.155894,0,0.0,3631.145,-0.00704367
20260819_104628_a775fa,2022-10-28,1323292.155894,1323292.155894,0,0.0,3541.329,-0.0247349
20260819_104628_a775fa,2022-10-31,1323292.155894,1323292.155894,0,0.0,3508.704,-0.00921264
20260819_104628_a775fa,2022-11-01,1323292.155894,1323292.155894,0,0.0,3634.173,0.03575936
20260819_104628_a775fa,2022-11-02,1323292.155894,1323292.155894,0,0.0,3677.805,0.01200603
20260819_104628_a775fa,2022-11-03,1323292.155894,1323292.155894,0,0.0,3647.897,-0.00813202
20260819_104628_a775fa,2022-11-04,1323292.155894,1323292.155894,0,0.0,3767.175,0.03269774
20260819_104628_a775fa,2022-11-07,1323292.155894,1323292.155894,0,0.0,3775.298,0.00215626
20260819_104628_a775fa,2022-11-08,1323292.155894,1323292.155894,0,0.0,3749.326,-0.00687946
20260819_104628_a775fa,2022-11-09,1323292.155894,1323292.155894,0,0.0,3714.27,-0.00934995
20260819_104628_a775fa,2022-11-10,1323292.155894,1323292.155894,0,0.0,3685.689,-0.00769492
20260819_104628_a775fa,2022-11-11,1323292.155894,1323292.155894,0,0.0,3788.439,0.0278781
20260819_104628_a775fa,2022-11-14,1323292.155894,1323292.155894,0,0.0,3794.017,0.00147237
20260819_104628_a775fa,2022-11-15,1323292.155894,1323292.155894,0,0.0,3865.973,0.01896565
20260819_104628_a775fa,2022-11-16,1323292.155894,1323292.155894,0,0.0,3834.39,-0.00816948
20260819_104628_a775fa,2022-11-17,1323292.155894,1323292.155894,0,0.0,3818.664,-0.0041013
20260819_104628_a775fa,2022-11-18,1323292.155894,1323292.155894,0,0.0,3801.569,-0.0044767
20260819_104628_a775fa,2022-11-21,1323292.155894,1323292.155894,0,0.0,3769.126,-0.00853411
20260819_104628_a775fa,2022-11-22,1323292.155894,1323292.155894,0,0.0,3769.573,0.0001186
20260819_104628_a775fa,2022-11-23,1323292.155894,1323292.155894,0,0.0,3773.529,0.00104946
20260819_104628_a775fa,2022-11-24,1323292.155894,1323292.155894,0,0.0,3756.808,-0.00443113
20260819_104628_a775fa,2022-11-25,1323292.155894,1323292.155894,0,0.0,3775.777,0.00504923
20260819_104628_a775fa,2022-11-28,1323292.155894,1323292.155894,0,0.0,3733.243,-0.01126497
20260819_104628_a775fa,2022-11-29,1323292.155894,1323292.155894,0,0.0,3848.422,0.03085226
20260819_104628_a775fa,2022-11-30,1323292.155894,1323292.155894,0,0.0,3853.036,0.00119893
20260819_104628_a775fa,2022-12-01,1323292.155894,1323292.155894,0,0.0,3894.769,0.0108312
20260819_104628_a775fa,2022-12-02,1323292.155894,1323292.155894,0,0.0,3870.947,-0.00611641
20260819_104628_a775fa,2022-12-05,1323292.155894,1323292.155894,0,0.0,3946.876,0.0196151
20260819_104628_a775fa,2022-12-06,1323292.155894,1323292.155894,0,0.0,3968.198,0.00540225
20260819_104628_a775fa,2022-12-07,1323292.155894,1323292.155894,0,0.0,3958.441,-0.0024588
20260819_104628_a775fa,2022-12-08,1323292.155894,1323292.155894,0,0.0,3959.18,0.00018669
20260819_104628_a775fa,2022-12-09,1323292.155894,1323292.155894,0,0.0,3998.245,0.00986694
20260819_104628_a775fa,2022-12-12,1323292.155894,1323292.155894,0,0.0,3953.443,-0.01120542
20260819_104628_a775fa,2022-12-13,1323292.155894,1323292.155894,0,0.0,3945.682,-0.0019631
20260819_104628_a775fa,2022-12-14,1323292.155894,1323292.155894,0,0.0,3954.886,0.00233268
20260819_104628_a775fa,2022-12-15,1323292.155894,1323292.155894,0,0.0,3951.989,-0.00073251
20260819_104628_a775fa,2022-12-16,1323292.155894,1323292.155894,0,0.0,3954.227,0.0005663
20260819_104628_a775fa,2022-12-19,1323292.155894,1323292.155894,0,0.0,3893.221,-0.01542805
20260819_104628_a775fa,2022-12-20,1323292.155894,1323292.155894,0,0.0,3829.017,-0.01649123
20260819_104628_a775fa,2022-12-21,1323292.155894,1323292.155894,0,0.0,3830.539,0.00039749
20260819_104628_a775fa,2022-12-22,1323292.155894,1323292.155894,0,0.0,3836.028,0.00143296
20260819_104628_a775fa,2022-12-23,1323292.155894,1323292.155894,0,0.0,3828.219,-0.0020357
20260819_104628_a775fa,2022-12-26,1323292.155894,1323292.155894,0,0.0,3843.489,0.0039888
20260819_104628_a775fa,2022-12-27,1323292.155894,1323292.155894,0,0.0,3887.854,0.0115429
20260819_104628_a775fa,2022-12-28,1323292.155894,1323292.155894,0,0.0,3871.265,-0.00426688
20260819_104628_a775fa,2022-12-29,1323292.155894,1323292.155894,0,0.0,3856.7,-0.00376234
20260819_104628_a775fa,2022-12-30,1323292.155894,1323292.155894,0,0.0,3871.634,0.00387222
20260819_104628_a775fa,2023-01-03,1323292.155894,1323292.155894,0,0.0,3887.899,0.00420107
20260819_104628_a775fa,2023-01-04,1336779.617572,44132.352872,1292647.2647,0.01019235,3892.948,0.00129864
20260819_104628_a775fa,2023-01-05,1341166.641272,44132.352872,1297034.2884,0.00328179,3968.578,0.01942744
20260819_104628_a775fa,2023-01-06,1338104.352672,44132.352872,1293971.9998,-0.0022833,3980.889,0.00310212
20260819_104628_a775fa,2023-01-09,1359846.917172,44132.352872,1315714.5643,0.01624878,4013.119,0.00809618
20260819_104628_a775fa,2023-01-10,1374820.542172,44132.352872,1330688.1893,0.01101126,4017.474,0.00108519
20260819_104628_a775fa,2023-01-11,1357352.720072,44132.352872,1313220.3672,-0.01270553,4010.031,-0.00185266
20260819_104628_a775fa,2023-01-12,1357034.541872,44132.352872,1312902.189,-0.00023441,4017.869,0.0019546
20260819_104628_a775fa,2023-01-13,1359485.077472,44132.352872,1315352.7246,0.0018058,4074.377,0.01406417
20260819_104628_a775fa,2023-01-16,1374033.836872,44132.352872,1329901.484,0.01070167,4137.964,0.01560656
20260819_104628_a775fa,2023-01-17,1369887.545272,44132.352872,1325755.1924,-0.00301761,4137.242,-0.00017448
20260819_104628_a775fa,2023-01-18,1372481.045872,44132.352872,1328348.693,0.00189322,4130.315,-0.0016743
20260819_104628_a775fa,2023-01-19,1375554.998872,44132.352872,1331422.646,0.00223971,4156.008,0.00622059
20260819_104628_a775fa,2023-01-20,1389626.307672,44132.352872,1345493.9548,0.01022955,4181.527,0.00614027
20260819_104628_a775fa,2023-01-30,1393539.327572,44132.352872,1349406.9747,0.00281588,4201.345,0.00473942
20260819_104628_a775fa,2023-01-31,1394533.744272,44132.352872,1350401.3914,0.00071359,4156.857,-0.01058899
20260819_104628_a775fa,2023-02-01,1413095.815572,44132.352872,1368963.4627,0.01331059,4195.933,0.00940037
20260819_104628_a775fa,2023-02-02,1424138.971572,44132.352872,1380006.6187,0.00781487,4181.15,-0.00352317
20260819_104628_a775fa,2023-02-03,1422241.819372,44132.352872,1378109.4665,-0.00133214,4141.632,-0.00945147
20260819_104628_a775fa,2023-02-06,1437860.500272,44132.352872,1393728.1474,0.01098173,4086.878,-0.01322039
20260819_104628_a775fa,2023-02-07,1460914.026472,44132.352872,1416781.6736,0.01603321,4094.233,0.00179966
20260819_104628_a775fa,2023-02-08,1446622.941772,44132.352872,1402490.5889,-0.00978229,4076.141,-0.0044189
20260819_104628_a775fa,2023-02-09,1483542.681772,44132.352872,1439410.3289,0.02552133,4130.857,0.01342348
20260819_104628_a775fa,2023-02-10,1474497.607172,44132.352872,1430365.2543,-0.00609694,4106.309,-0.00594259
20260819_104628_a775fa,2023-02-13,1486055.788872,44132.352872,1441923.436,0.00783873,4143.574,0.00907506
20260819_104628_a775fa,2023-02-14,1495184.180272,44132.352872,1451051.8274,0.0061427,4145.29,0.00041414
20260819_104628_a775fa,2023-02-15,1499544.345672,44132.352872,1455411.9928,0.00291614,4123.689,-0.00521097
20260819_104628_a775fa,2023-02-16,1456599.133172,44132.352872,1412466.7803,-0.02863884,4093.488,-0.00732378
20260819_104628_a775fa,2023-02-17,1438070.552672,44132.352872,1393938.1998,-0.01272044,4034.508,-0.01440825
20260819_104628_a775fa,2023-02-20,1462494.419472,44132.352872,1418362.0666,0.01698378,4133.489,0.0245336
20260819_104628_a775fa,2023-02-21,1464689.300872,44132.352872,1420556.948,0.00150078,4144.354,0.00262853
20260819_104628_a775fa,2023-02-22,1467624.596872,44132.352872,1423492.244,0.00200404,4106.951,-0.00902505
20260819_104628_a775fa,2023-02-23,1458475.306072,44132.352872,1414342.9532,-0.00623408,4103.646,-0.00080473
20260819_104628_a775fa,2023-02-24,1465263.690872,44132.352872,1421131.338,0.00465444,4061.045,-0.01038126
20260819_104628_a775fa,2023-02-27,1439044.023372,44132.352872,1394911.6705,-0.01789416,4043.845,-0.00423536
20260819_104628_a775fa,2023-02-28,1445966.628272,44132.352872,1401834.2754,0.00481056,4069.459,0.00633407
20260819_104628_a775fa,2023-03-01,1470598.236772,44132.352872,1426465.8839,0.0170347,4126.942,0.01412546
20260819_104628_a775fa,2023-03-02,1462110.761872,44132.352872,1417978.409,-0.00577144,4117.737,-0.00223047
20260819_104628_a775fa,2023-03-03,1451623.305272,44132.352872,1407490.9524,-0.00717282,4130.552,0.00311215
20260819_104628_a775fa,2023-03-06,1461046.341972,44132.352872,1416913.9891,0.00649138,4109.01,-0.00521528
20260819_104628_a775fa,2023-03-07,1424872.898072,44132.352872,1380740.5452,-0.02475859,4048.852,-0.01464051
20260819_104628_a775fa,2023-03-08,1439856.541972,44132.352872,1395724.1891,0.01051578,4034.108,-0.00364153
20260819_104628_a775fa,2023-03-09,1456610.343272,44132.352872,1412477.9904,0.01163574,4019.85,-0.00353436
20260819_104628_a775fa,2023-03-10,1436315.091172,44132.352872,1392182.7383,-0.01393321,3967.135,-0.01311367
20260819_104628_a775fa,2023-03-13,1451992.721472,44132.352872,1407860.3686,0.01091517,4008.686,0.01047381
20260819_104628_a775fa,2023-03-14,1432799.602072,44132.352872,1388667.2492,-0.01321847,3984.696,-0.0059845
20260819_104628_a775fa,2023-03-15,1432439.201372,44132.352872,1388306.8485,-0.00025154,3986.902,0.00055362
20260819_104628_a775fa,2023-03-16,1421090.235472,44132.352872,1376957.8826,-0.00792283,3939.151,-0.01197697
20260819_104628_a775fa,2023-03-17,1424625.452072,44132.352872,1380493.0992,0.00248768,3958.819,0.00499295
20260819_104628_a775fa,2023-03-20,1430212.028872,44132.352872,1386079.676,0.00392144,3939.077,-0.00498684
20260819_104628_a775fa,2023-03-21,1446078.442936,139311.496936,1306766.946,0.01109375,3982.378,0.01099268
20260819_104628_a775fa,2023-03-22,1483564.127906,19621.863806,1463942.2641,0.0259223,3999.442,0.00428488
20260819_104628_a775fa,2023-03-23,1503090.005706,19621.863806,1483468.1419,0.01316147,4039.09,0.00991338
20260819_104628_a775fa,2023-03-24,1498959.663406,19621.863806,1479337.7996,-0.0027479,4027.046,-0.00298186
20260819_104628_a775fa,2023-03-27,1498148.515106,19621.863806,1478526.6513,-0.00054114,4012.477,-0.00361779
20260819_104628_a775fa,2023-03-28,1469684.100606,19621.863806,1450062.2368,-0.01899973,3999.515,-0.00323042
20260819_104628_a775fa,2023-03-29,1489497.577906,19621.863806,1469875.7141,0.01348145,4006.144,0.00165745
20260819_104628_a775fa,2023-03-30,1470077.220006,19621.863806,1450455.3562,-0.01303819,4038.526,0.00808308
20260819_104628_a775fa,2023-03-31,1483225.377906,19621.863806,1463603.5141,0.00894386,4050.926,0.00307043
20260819_104628_a775fa,2023-04-03,1489108.931106,19621.863806,1469487.0673,0.00396673,4090.568,0.00978591
20260819_104628_a775fa,2023-04-04,1504924.858206,19621.863806,1485302.9944,0.01062107,4103.105,0.00306486
20260819_104628_a775fa,2023-04-06,1487438.576125,1373351.113725,114087.4624,-0.01161937,4096.64,-0.00157564
20260819_104628_a775fa,2023-04-07,1492135.02911,50644.05821,1441490.9709,0.00315741,4123.28,0.00650289
20260819_104628_a775fa,2023-04-10,1455572.12621,50644.05821,1404928.068,-0.02450375,4104.812,-0.00447896
20260819_104628_a775fa,2023-04-11,1476158.74841,50644.05821,1425514.6902,0.01414332,4100.148,-0.00113623
20260819_104628_a775fa,2023-04-12,1506009.31251,50644.05821,1455365.2543,0.02022178,4097.287,-0.00069778
20260819_104628_a775fa,2023-04-13,1486312.75301,50644.05821,1435668.6948,-0.01307864,4068.978,-0.00690921
20260819_104628_a775fa,2023-04-14,1496605.80011,50644.05821,1445961.7419,0.00692522,4091.999,0.00565769
20260819_104628_a775fa,2023-04-17,1503156.92321,50644.05821,1452512.865,0.00437732,4149.384,0.01402371
20260819_104628_a775fa,2023-04-18,1488528.83671,50644.05821,1437884.7785,-0.00973158,4162.032,0.00304816
20260819_104628_a775fa,2023-04-19,1484057.25371,50644.05821,1433413.1955,-0.00300403,4124.559,-0.00900353
20260819_104628_a775fa,2023-04-20,1496720.18131,50644.05821,1446076.1231,0.00853264,4113.019,-0.00279787
20260819_104628_a775fa,2023-04-21,1460022.82111,50644.05821,1409378.7629,-0.02451852,4032.567,-0.01956033
20260819_104628_a775fa,2023-04-24,1484680.98321,50644.05821,1434036.925,0.01688889,3982.643,-0.0123802
20260819_104628_a775fa,2023-04-25,1455869.673691,157149.211391,1298720.4623,-0.01940572,3962.666,-0.00501602
20260819_104628_a775fa,2023-04-26,1452471.494948,362271.578048,1090199.9169,-0.00233412,3959.233,-0.00086634
20260819_104628_a775fa,2023-04-27,1445180.916858,1235.778658,1443945.1382,-0.00501943,3988.418,0.00737138
20260819_104628_a775fa,2023-04-28,1480614.973158,1235.778658,1479379.1945,0.02451877,4029.086,0.01019652
20260819_104628_a775fa,2023-05-04,1516397.992458,1235.778658,1515162.2138,0.02416767,4030.247,0.00028815
20260819_104628_a775fa,2023-05-05,1485093.913358,1235.778658,1483858.1347,-0.02064371,4016.877,-0.00331741
20260819_104628_a775fa,2023-05-08,1480518.213058,1235.778658,1479282.4344,-0.00308108,4062.663,0.01139841
20260819_104628_a775fa,2023-05-09,1463669.631858,1235.778658,1462433.8532,-0.01138019,4027.876,-0.00856261
20260819_104628_a775fa,2023-05-10,1450194.470258,1235.778658,1448958.6916,-0.00920642,3996.87,-0.00769785
20260819_104628_a775fa,2023-05-11,1474246.995958,1235.778658,1473011.2173,0.01658572,3990.664,-0.00155271
20260819_104628_a775fa,2023-05-12,1454229.203658,1235.778658,1452993.425,-0.01357832,3937.762,-0.01325644
20260819_104628_a775fa,2023-05-15,1441592.739258,1235.778658,1440356.9606,-0.00868946,3998.888,0.01552303
20260819_104628_a775fa,2023-05-16,1448349.628258,1235.778658,1447113.8496,0.0046871,3978.205,-0.00517219
20260819_104628_a775fa,2023-05-17,1451570.961358,1235.778658,1450335.1827,0.00222414,3960.165,-0.00453471
20260819_104628_a775fa,2023-05-18,1457347.843358,1235.778658,1456112.0647,0.00397974,3956.071,-0.0010338
20260819_104628_a775fa,2023-05-19,1447982.813158,1235.778658,1446747.0345,-0.00642608,3944.54,-0.00291476
20260819_104628_a775fa,2023-05-22,1445036.738158,1235.778658,1443800.9595,-0.00203461,3969.328,0.00628413
20260819_104628_a775fa,2023-05-23,1436718.859958,1235.778658,1435483.0813,-0.00575617,3913.188,-0.01414345
20260819_104628_a775fa,2023-05-24,1419573.572658,1235.778658,1418337.794,-0.01193364,3859.094,-0.01382351
20260819_104628_a775fa,2023-05-25,1399448.375158,1235.778658,1398212.5965,-0.01417693,3850.5,-0.00222695
20260819_104628_a775fa,2023-05-26,1414699.615658,1235.778658,1413463.837,0.01089804,3850.951,0.00011713
20260819_104628_a775fa,2023-05-29,1414617.961858,1235.778658,1413382.1832,-5.772e-05,3833.941,-0.00441709
20260819_104628_a775fa,2023-05-30,1433618.384458,1235.778658,1432382.6058,0.01343149,3837.754,0.00099454
20260819_104628_a775fa,2023-05-31,1436923.787958,1235.778658,1435688.0093,0.00230564,3798.543,-0.01021717
20260819_104628_a775fa,2023-06-01,1433690.852658,1235.778658,1432455.074,-0.0022499,3806.867,0.00219137
20260819_104628_a775fa,2023-06-02,1432681.674658,1235.778658,1431445.896,-0.0007039,3861.834,0.01443891
20260819_104628_a775fa,2023-06-05,1455933.486658,1235.778658,1454697.708,0.01622957,3844.249,-0.00455354
20260819_104628_a775fa,2023-06-06,1425043.239658,1235.778658,1423807.461,-0.0212168,3808.163,-0.00938701
20260819_104628_a775fa,2023-06-07,1419462.010658,1235.778658,1418226.232,-0.00391653,3789.342,-0.00494228
20260819_104628_a775fa,2023-06-08,1400142.793285,101063.349285,1299079.444,-0.01361024,3820.187,0.00813994
20260819_104628_a775fa,2023-06-09,1421253.971285,101063.349285,1320190.622,0.01507787,3836.703,0.00432335
20260819_104628_a775fa,2023-06-12,1420759.292721,106600.493721,1314158.799,-0.00034806,3844.433,0.00201475
20260819_104628_a775fa,2023-06-13,1429984.758721,106600.493721,1323384.265,0.00649333,3864.908,0.00532588
20260819_104628_a775fa,2023-06-14,1441008.127721,106600.493721,1334407.634,0.00770873,3864.025,-0.00022847
20260819_104628_a775fa,2023-06-15,1435102.795976,1581.666976,1433521.129,-0.00409806,3925.5,0.01590958
20260819_104628_a775fa,2023-06-16,1438850.463976,1581.666976,1437268.797,0.00261143,3963.351,0.00964234
20260819_104628_a775fa,2023-06-19,1446105.418976,1581.666976,1444523.752,0.00504219,3930.908,-0.00818575
20260819_104628_a775fa,2023-06-20,1444395.541992,122757.362992,1321638.179,-0.0011824,3924.238,-0.00169681
20260819_104628_a775fa,2023-06-21,1397160.29807,6925.52507,1390234.773,-0.03270243,3864.032,-0.01534209
20260819_104628_a775fa,2023-06-26,1354641.60907,6925.52507,1347716.084,-0.03043222,3809.696,-0.014062
20260819_104628_a775fa,2023-06-27,1375320.15207,6925.52507,1368394.627,0.01526495,3845.433,0.00938054
20260819_104628_a775fa,2023-06-28,1374836.64707,6925.52507,1367911.122,-0.00035156,3840.799,-0.00120507
20260819_104628_a775fa,2023-06-29,1395394.05207,6925.52507,1388468.527,0.01495262,3821.844,-0.00493517
20260819_104628_a775fa,2023-06-30,1408120.08007,6925.52507,1401194.555,0.00912002,3842.452,0.00539216
20260819_104628_a775fa,2023-07-03,1392751.44907,6925.52507,1385825.924,-0.01091429,3892.882,0.01312443
20260819_104628_a775fa,2023-07-04,1400984.27981,113192.51181,1287791.768,0.0059112,3899.013,0.00157493
20260819_104628_a775fa,2023-07-05,1397335.518278,1963.785278,1395371.733,-0.00260443,3868.805,-0.0077476
20260819_104628_a775fa,2023-07-06,1390916.603278,1963.785278,1388952.818,-0.00459368,3842.754,-0.0067336
20260819_104628_a775fa,2023-07-07,1391967.114447,612503.313447,779463.801,0.00075527,3825.699,-0.00443822
20260819_104628_a775fa,2023-07-10,1396975.656615,46988.644615,1349987.012,0.00359818,3844.327,0.00486918
20260819_104628_a775fa,2023-07-11,1424148.868615,46988.644615,1377160.224,0.01945146,3869.486,0.00654445
20260819_104628_a775fa,2023-07-12,1405852.822615,46988.644615,1358864.178,-0.012847,3843.437,-0.0067319
20260819_104628_a775fa,2023-07-13,1405233.643615,46988.644615,1358244.999,-0.00044043,3898.423,0.01430647
20260819_104628_a775fa,2023-07-14,1392941.406615,46988.644615,1345952.762,-0.00874747,3899.103,0.00017443
20260819_104628_a775fa,2023-07-17,1394535.273615,46988.644615,1347546.629,0.00114425,3867.175,-0.00818855
20260819_104628_a775fa,2023-07-18,1399507.436615,46988.644615,1352518.792,0.00356546,3854.939,-0.00316407
20260819_104628_a775fa,2023-07-19,1396619.717615,46988.644615,1349631.073,-0.00206338,3850.866,-0.00105657
20260819_104628_a775fa,2023-07-20,1385495.944615,46988.644615,1338507.3,-0.00796478,3823.694,-0.00705608
20260819_104628_a775fa,2023-07-21,1384765.300615,46988.644615,1337776.656,-0.00052735,3821.91,-0.00046656
20260819_104628_a775fa,2023-07-24,1379022.633615,46988.644615,1332033.989,-0.00414703,3805.221,-0.00436666
20260819_104628_a775fa,2023-07-25,1407197.777615,46988.644615,1360209.133,0.02043124,3915.116,0.02888006
20260819_104628_a775fa,2023-07-26,1399701.256615,46988.644615,1352712.612,-0.00532727,3907.013,-0.00206967
20260819_104628_a775fa,2023-07-27,1393465.595889,508865.209889,884600.386,-0.00445499,3902.345,-0.00119477
20260819_104628_a775fa,2023-07-28,1405238.614706,72412.189706,1332826.425,0.00844873,3992.738,0.02316376
20260819_104628_a775fa,2023-07-31,1426410.712706,72412.189706,1353998.523,0.01506655,4014.63,0.00548295
20260819_104628_a775fa,2023-08-01,1430229.212706,72412.189706,1357817.023,0.002677,3998.001,-0.0041421
20260819_104628_a775fa,2023-08-02,1455336.903289,170457.023289,1284879.88,0.01755501,3969.895,-0.00703001
20260819_104628_a775fa,2023-08-03,1455623.077953,50244.032953,1405379.045,0.00019664,4004.984,0.00883877
20260819_104628_a775fa,2023-08-04,1449948.064953,50244.032953,1399704.032,-0.00389868,4020.579,0.0038939
20260819_104628_a775fa,2023-08-07,1449465.039953,50244.032953,1399221.007,-0.00033313,3990.153,-0.00756757
20260819_104628_a775fa,2023-08-08,1420393.506953,50244.032953,1370149.474,-0.02005673,3979.732,-0.00261168
20260819_104628_a775fa,2023-08-09,1403381.675953,50244.032953,1353137.643,-0.01197684,3967.565,-0.00305724
20260819_104628_a775fa,2023-08-10,1398874.256953,50244.032953,1348630.224,-0.00321183,3975.717,0.00205466
20260819_104628_a775fa,2023-08-11,1380287.227953,50244.032953,1330043.195,-0.01328713,3884.254,-0.02300541
20260819_104628_a775fa,2023-08-14,1376440.210826,149038.850826,1227401.36,-0.00278711,3855.906,-0.00729818
20260819_104628_a775fa,2023-08-15,1372817.839826,149038.850826,1223778.989,-0.0026317,3846.536,-0.00243004
20260819_104628_a775fa,2023-08-16,1369771.065826,149038.850826,1220732.215,-0.00221936,3818.333,-0.00733205
20260819_104628_a775fa,2023-08-17,1374648.692167,350617.231167,1024031.461,0.00356091,3831.101,0.00334387
20260819_104628_a775fa,2023-08-18,1358371.845167,350617.231167,1007754.614,-0.01184073,3784.004,-0.01229333
20260819_104628_a775fa,2023-08-21,1342981.289167,350617.231167,992364.058,-0.01133015,3729.555,-0.01438926
20260819_104628_a775fa,2023-08-22,1352633.757167,350617.231167,1002016.526,0.00718734,3758.228,0.00768805
20260819_104628_a775fa,2023-08-23,1330893.294167,350617.231167,980276.063,-0.01607269,3696.634,-0.01638911
20260819_104628_a775fa,2023-08-24,1339183.182167,350617.231167,988565.951,0.00622881,3723.43,0.00724876
20260819_104628_a775fa,2023-08-25,1324935.535167,350617.231167,974318.304,-0.01063906,3709.152,-0.00383464
20260819_104628_a775fa,2023-08-28,1343728.055864,432763.045864,910965.01,0.01418372,3752.619,0.01171885
20260819_104628_a775fa,2023-08-29,1368027.382864,432763.045864,935264.337,0.01808352,3790.107,0.00998982
20260819_104628_a775fa,2023-08-30,1354467.619864,432763.045864,921704.574,-0.00991191,3788.51,-0.00042136
20260819_104628_a775fa,2023-08-31,1342683.524864,432763.045864,909920.479,-0.00870017,3765.268,-0.00613487
20260819_104628_a775fa,2023-09-01,1345140.660864,432763.045864,912377.615,0.00183002,3791.491,0.00696444
20260819_104628_a775fa,2023-09-04,1352716.133864,432763.045864,919953.088,0.00563173,3848.952,0.01515525
20260819_104628_a775fa,2023-09-05,1353975.338864,432763.045864,921212.293,0.00093087,3820.318,-0.00743943
20260819_104628_a775fa,2023-09-06,1355743.391329,539163.898329,816579.493,0.00130582,3812.028,-0.00216998
20260819_104628_a775fa,2023-09-07,1348352.795329,539163.898329,809188.897,-0.00545132,3758.475,-0.01404843
20260819_104628_a775fa,2023-09-08,1346029.413329,539163.898329,806865.515,-0.00172313,3739.993,-0.00491742
20260819_104628_a775fa,2023-09-11,1348751.095818,634784.942818,713966.153,0.00202201,3767.537,0.00736472
20260819_104628_a775fa,2023-09-12,1343154.340818,634784.942818,708369.398,-0.00414958,3760.605,-0.00183993
20260819_104628_a775fa,2023-09-13,1333705.489818,634784.942818,698920.547,-0.00703482,3736.651,-0.00636972
20260819_104628_a775fa,2023-09-14,1329332.889818,634784.942818,694547.947,-0.00327853,3733.508,-0.00084113
20260819_104628_a775fa,2023-09-15,1333448.741832,735985.632832,597463.109,0.00309618,3708.777,-0.00662407
20260819_104628_a775fa,2023-09-18,1338057.473832,735985.632832,602071.841,0.00345625,3727.711,0.00510519
20260819_104628_a775fa,2023-09-19,1329622.111832,735985.632832,593636.479,-0.00630419,3720.502,-0.00193389
20260819_104628_a775fa,2023-09-20,1326830.158832,735985.632832,590844.526,-0.00209981,3705.689,-0.00398145
20260819_104628_a775fa,2023-09-21,1322109.331832,735985.632832,586123.699,-0.00355797,3672.445,-0.00897107
20260819_104628_a775fa,2023-09-22,1327365.207832,735985.632832,591379.575,0.00397537,3738.933,0.01810456
20260819_104628_a775fa,2023-09-25,1321826.907832,735985.632832,585841.275,-0.0041724,3714.604,-0.00650694
20260819_104628_a775fa,2023-09-26,1318324.754832,735985.632832,582339.122,-0.00264948,3692.893,-0.00584477
20260819_104628_a775fa,2023-09-27,1316868.924112,849301.941112,467566.983,-0.0011043,3700.495,0.00205855
20260819_104628_a775fa,2023-09-28,1318656.480112,849301.941112,469354.539,0.00135743,3689.517,-0.00296663
20260819_104628_a775fa,2023-10-09,1313683.965112,849301.941112,464382.024,-0.00377089,3684.728,-0.001298
20260819_104628_a775fa,2023-10-10,1317525.514719,964221.544719,353303.97,0.00292426,3657.126,-0.00749092
20260819_104628_a775fa,2023-10-11,1316620.672719,964221.544719,352399.128,-0.00068677,3667.548,0.00284978
20260819_104628_a775fa,2023-10-12,1326388.630719,964221.544719,362167.086,0.00741896,3702.383,0.00949817
20260819_104628_a775fa,2023-10-13,1322935.297719,964221.544719,358713.753,-0.00260356,3663.41,-0.01052646
20260819_104628_a775fa,2023-10-16,1332219.814719,964221.544719,367998.27,0.00701812,3626.598,-0.01004856
20260819_104628_a775fa,2023-10-17,1333064.974719,964221.544719,368843.43,0.0006344,3639.402,0.00353058
20260819_104628_a775fa,2023-10-18,1322891.068719,964221.544719,358669.524,-0.00763197,3610.577,-0.00792026
20260819_104628_a775fa,2023-10-19,1321563.256719,964221.544719,357341.712,-0.00100372,3533.545,-0.02133509
20260819_104628_a775fa,2023-10-20,1319032.282719,964221.544719,354810.738,-0.00191514,3510.589,-0.00649659
20260819_104628_a775fa,2023-10-23,1325227.468719,964221.544719,361005.924,0.00469677,3474.244,-0.01035296
20260819_104628_a775fa,2023-10-24,1340272.363719,964221.544719,376050.819,0.01135269,3487.131,0.0037093
20260819_104628_a775fa,2023-10-25,1358385.391719,964221.544719,394163.847,0.01351444,3504.457,0.00496855
20260819_104628_a775fa,2023-10-26,1344133.498719,964221.544719,379911.954,-0.01049179,3514.144,0.00276419
20260819_104628_a775fa,2023-10-27,1361368.387719,964221.544719,397146.843,0.0128223,3562.385,0.01372767
20260819_104628_a775fa,2023-10-30,1356974.733875,1190100.333875,166874.4,-0.00322738,3583.772,0.00600356
20260819_104628_a775fa,2023-10-31,1351860.141875,1190100.333875,161759.808,-0.00376911,3572.505,-0.00314389
20260819_104628_a775fa,2023-11-01,1351426.701875,1190100.333875,161326.368,-0.00032062,3571.027,-0.00041372
20260819_104628_a775fa,2023-11-02,1348739.373875,1190100.333875,158639.04,-0.00198851,3554.189,-0.00471517
20260819_104628_a775fa,2023-11-03,1348461.877972,1348461.877972,0,-0.00020574,3584.136,0.00842583
20260819_104628_a775fa,2023-11-06,1348461.877972,1348461.877972,0,0.0,3632.608,0.01352404
20260819_104628_a775fa,2023-11-07,1348461.877972,1348461.877972,0,0.0,3619.76,-0.00353685
20260819_104628_a775fa,2023-11-08,1348461.877972,1348461.877972,0,0.0,3611.072,-0.00240016
20260819_104628_a775fa,2023-11-09,1348461.877972,1348461.877972,0,0.0,3612.826,0.00048573
20260819_104628_a775fa,2023-11-10,1348461.877972,1348461.877972,0,0.0,3586.489,-0.00728986
20260819_104628_a775fa,2023-11-13,1348461.877972,1348461.877972,0,0.0,3579.414,-0.00197268
20260819_104628_a775fa,2023-11-14,1348461.877972,1348461.877972,0,0.0,3582.058,0.00073867
20260819_104628_a775fa,2023-11-15,1348461.877972,1348461.877972,0,0.0,3607.246,0.00703171
20260819_104628_a775fa,2023-11-16,1348461.877972,1348461.877972,0,0.0,3572.365,-0.0096697
20260819_104628_a775fa,2023-11-17,1348461.877972,1348461.877972,0,0.0,3568.069,-0.00120256
20260819_104628_a775fa,2023-11-20,1348461.877972,1348461.877972,0,0.0,3576.323,0.0023133
20260819_104628_a775fa,2023-11-21,1348461.877972,1348461.877972,0,0.0,3581.067,0.0013265
20260819_104628_a775fa,2023-11-22,1348461.877972,1348461.877972,0,0.0,3544.416,-0.01023466
20260819_104628_a775fa,2023-11-23,1348461.877972,1348461.877972,0,0.0,3561.52,0.00482562
20260819_104628_a775fa,2023-11-24,1348461.877972,1348461.877972,0,0.0,3538.009,-0.00660139
20260819_104628_a775fa,2023-11-27,1348461.877972,1348461.877972,0,0.0,3511.942,-0.0073677
20260819_104628_a775fa,2023-11-28,1348461.877972,1348461.877972,0,0.0,3518.523,0.00187389
20260819_104628_a775fa,2023-11-29,1348461.877972,1348461.877972,0,0.0,3488.307,-0.00858769
20260819_104628_a775fa,2023-11-30,1348461.877972,1348461.877972,0,0.0,3496.203,0.00226356
20260819_104628_a775fa,2023-12-01,1348461.877972,1348461.877972,0,0.0,3482.881,-0.00381042
20260819_104628_a775fa,2023-12-04,1348461.877972,1348461.877972,0,0.0,3460.138,-0.00652994
20260819_104628_a775fa,2023-12-05,1348461.877972,1348461.877972,0,0.0,3394.257,-0.01903999
20260819_104628_a775fa,2023-12-06,1348461.877972,1348461.877972,0,0.0,3399.598,0.00157354
20260819_104628_a775fa,2023-12-07,1348461.877972,1348461.877972,0,0.0,3391.283,-0.00244588
20260819_104628_a775fa,2023-12-08,1348461.877972,1348461.877972,0,0.0,3399.462,0.00241177
20260819_104628_a775fa,2023-12-11,1348461.877972,1348461.877972,0,0.0,3419.455,0.00588122
20260819_104628_a775fa,2023-12-12,1348461.877972,1348461.877972,0,0.0,3426.803,0.00214888
20260819_104628_a775fa,2023-12-13,1348461.877972,1348461.877972,0,0.0,3369.605,-0.01669136
20260819_104628_a775fa,2023-12-14,1348461.877972,1348461.877972,0,0.0,3351.964,-0.00523533
20260819_104628_a775fa,2023-12-15,1348461.877972,1348461.877972,0,0.0,3341.552,-0.00310624
20260819_104628_a775fa,2023-12-18,1348461.877972,1348461.877972,0,0.0,3329.366,-0.00364681
20260819_104628_a775fa,2023-12-19,1348461.877972,1348461.877972,0,0.0,3334.041,0.00140417
20260819_104628_a775fa,2023-12-20,1348461.877972,1348461.877972,0,0.0,3297.502,-0.01095937
20260819_104628_a775fa,2023-12-21,1348461.877972,1348461.877972,0,0.0,3330.869,0.01011887
20260819_104628_a775fa,2023-12-22,1348461.877972,1348461.877972,0,0.0,3337.229,0.00190941
20260819_104628_a775fa,2023-12-25,1348461.877972,1348461.877972,0,0.0,3347.45,0.00306272
20260819_104628_a775fa,2023-12-26,1348461.877972,1348461.877972,0,0.0,3324.79,-0.00676933
20260819_104628_a775fa,2023-12-27,1348461.877972,1348461.877972,0,0.0,3336.357,0.00347902
20260819_104628_a775fa,2023-12-28,1348461.877972,1348461.877972,0,0.0,3414.54,0.02343364
20260819_104628_a775fa,2023-12-29,1348461.877972,1348461.877972,0,0.0,3431.11,0.00485278
20260819_104628_a775fa,2024-01-02,1348461.877972,1348461.877972,0,0.0,3386.352,-0.01304476
20260819_104628_a775fa,2024-01-03,1348461.877972,1348461.877972,0,0.0,3378.297,-0.00237867
20260819_104628_a775fa,2024-01-04,1348461.877972,1348461.877972,0,0.0,3347.052,-0.00924874
20260819_104628_a775fa,2024-01-05,1348461.877972,1348461.877972,0,0.0,3329.111,-0.00536024
20260819_104628_a775fa,2024-01-08,1348461.877972,1348461.877972,0,0.0,3286.056,-0.01293288
20260819_104628_a775fa,2024-01-09,1348461.877972,1348461.877972,0,0.0,3292.499,0.00196071
20260819_104628_a775fa,2024-01-10,1348461.877972,1348461.877972,0,0.0,3277.129,-0.00466819
20260819_104628_a775fa,2024-01-11,1348461.877972,1348461.877972,0,0.0,3295.672,0.00565831
20260819_104628_a775fa,2024-01-12,1348461.877972,1348461.877972,0,0.0,3284.167,-0.00349094
20260819_104628_a775fa,2024-01-15,1348461.877972,1348461.877972,0,0.0,3280.92,-0.00098868
20260819_104628_a775fa,2024-01-16,1348461.877972,1348461.877972,0,0.0,3300.876,0.00608244
20260819_104628_a775fa,2024-01-17,1348461.877972,1348461.877972,0,0.0,3229.082,-0.02174998
20260819_104628_a775fa,2024-01-18,1348461.877972,1348461.877972,0,0.0,3274.729,0.01413622
20260819_104628_a775fa,2024-01-19,1348461.877972,1348461.877972,0,0.0,3269.777,-0.00151219
20260819_104628_a775fa,2024-01-22,1348461.877972,1348461.877972,0,0.0,3218.902,-0.01555917
20260819_104628_a775fa,2024-01-23,1348461.877972,1348461.877972,0,0.0,3231.933,0.00404827
20260819_104628_a775fa,2024-01-24,1348461.877972,1348461.877972,0,0.0,3277.109,0.01397801
20260819_104628_a775fa,2024-01-25,1348461.877972,1348461.877972,0,0.0,3342.919,0.02008172
20260819_104628_a775fa,2024-01-26,1348461.877972,1348461.877972,0,0.0,3333.822,-0.00272127
20260819_104628_a775fa,2024-01-29,1348461.877972,1348461.877972,0,0.0,3303.96,-0.00895729
20260819_104628_a775fa,2024-01-30,1348461.877972,1348461.877972,0,0.0,3245.039,-0.01783345
20260819_104628_a775fa,2024-01-31,1348461.877972,1348461.877972,0,0.0,3215.351,-0.00914873
20260819_104628_a775fa,2024-02-01,1348461.877972,1348461.877972,0,0.0,3217.711,0.00073398
20260819_104628_a775fa,2024-02-02,1348461.877972,1348461.877972,0,0.0,3179.628,-0.01183543
20260819_104628_a775fa,2024-02-05,1348461.877972,1348461.877972,0,0.0,3200.421,0.00653944
20260819_104628_a775fa,2024-02-06,1348461.877972,1348461.877972,0,0.0,3311.693,0.03476793
20260819_104628_a775fa,2024-02-07,1348461.877972,1348461.877972,0,0.0,3343.63,0.00964371
20260819_104628_a775fa,2024-02-08,1348461.877972,1348461.877972,0,0.0,3364.93,0.00637032
20260819_104628_a775fa,2024-02-19,1348461.877972,1348461.877972,0,0.0,3403.808,0.01155388
20260819_104628_a775fa,2024-02-20,1348461.877972,1348461.877972,0,0.0,3410.854,0.00207003
20260819_104628_a775fa,2024-02-21,1348461.877972,1348461.877972,0,0.0,3456.871,0.01349134
20260819_104628_a775fa,2024-02-22,1348461.877972,1348461.877972,0,0.0,3486.675,0.00862167
20260819_104628_a775fa,2024-02-23,1348461.877972,1348461.877972,0,0.0,3489.742,0.00087963
20260819_104628_a775fa,2024-02-26,1348461.877972,1348461.877972,0,0.0,3453.359,-0.0104257
20260819_104628_a775fa,2024-02-27,1348461.877972,1348461.877972,0,0.0,3494.787,0.01199644
20260819_104628_a775fa,2024-02-28,1348461.877972,1348461.877972,0,0.0,3450.26,-0.01274098
20260819_104628_a775fa,2024-02-29,1348461.877972,1348461.877972,0,0.0,3516.082,0.0190774
20260819_104628_a775fa,2024-03-01,1348461.877972,1348461.877972,0,0.0,3537.804,0.0061779
20260819_104628_a775fa,2024-03-04,1348461.877972,1348461.877972,0,0.0,3540.869,0.00086636
20260819_104628_a775fa,2024-03-05,1348461.877972,1348461.877972,0,0.0,3565.515,0.00696044
20260819_104628_a775fa,2024-03-06,1348461.877972,1348461.877972,0,0.0,3551.048,-0.00405748
20260819_104628_a775fa,2024-03-07,1348461.877972,1348461.877972,0,0.0,3529.719,-0.0060064
20260819_104628_a775fa,2024-03-08,1348461.877972,1348461.877972,0,0.0,3544.91,0.00430374
20260819_104628_a775fa,2024-03-11,1348461.877972,1348461.877972,0,0.0,3589.264,0.01251202
20260819_104628_a775fa,2024-03-12,1348461.877972,1348461.877972,0,0.0,3597.494,0.00229295
20260819_104628_a775fa,2024-03-13,1348461.877972,1348461.877972,0,0.0,3572.361,-0.00698625
20260819_104628_a775fa,2024-03-14,1348461.877972,1348461.877972,0,0.0,3562.223,-0.0028379
20260819_104628_a775fa,2024-03-15,1348461.877972,1348461.877972,0,0.0,3569.993,0.00218122
20260819_104628_a775fa,2024-03-18,1348461.877972,1348461.877972,0,0.0,3603.528,0.00939358
20260819_104628_a775fa,2024-03-19,1348461.877972,1348461.877972,0,0.0,3577.63,-0.00718685
20260819_104628_a775fa,2024-03-20,1348461.877972,1348461.877972,0,0.0,3585.384,0.00216736
20260819_104628_a775fa,2024-03-21,1348461.877972,1348461.877972,0,0.0,3581.09,-0.00119764
20260819_104628_a775fa,2024-03-22,1348461.877972,1348461.877972,0,0.0,3545.002,-0.01007738
20260819_104628_a775fa,2024-03-25,1348461.877972,1348461.877972,0,0.0,3525.763,-0.00542708
20260819_104628_a775fa,2024-03-26,1348461.877972,1348461.877972,0,0.0,3543.747,0.00510074
20260819_104628_a775fa,2024-03-27,1348461.877972,1348461.877972,0,0.0,3502.787,-0.01155839
20260819_104628_a775fa,2024-03-28,1348461.877972,1348461.877972,0,0.0,3520.965,0.00518958
20260819_104628_a775fa,2024-03-29,1348461.877972,1348461.877972,0,0.0,3537.484,0.00469161
20260819_104628_a775fa,2024-04-01,1348461.877972,1348461.877972,0,0.0,3595.647,0.01644191
20260819_104628_a775fa,2024-04-02,1348461.877972,1348461.877972,0,0.0,3580.676,-0.00416365
20260819_104628_a775fa,2024-04-03,1348461.877972,1348461.877972,0,0.0,3567.803,-0.00359513
20260819_104628_a775fa,2024-04-08,1348461.877972,1348461.877972,0,0.0,3536.408,-0.00879953
20260819_104628_a775fa,2024-04-09,1348461.877972,1348461.877972,0,0.0,3533.487,-0.00082598
20260819_104628_a775fa,2024-04-10,1348461.877972,1348461.877972,0,0.0,3504.709,-0.00814436
20260819_104628_a775fa,2024-04-11,1348461.877972,1348461.877972,0,0.0,3504.245,-0.00013239
20260819_104628_a775fa,2024-04-12,1348461.877972,1348461.877972,0,0.0,3475.839,-0.00810617
20260819_104628_a775fa,2024-04-15,1348461.877972,1348461.877972,0,0.0,3549.076,0.02107031
20260819_104628_a775fa,2024-04-16,1348461.877972,1348461.877972,0,0.0,3511.115,-0.01069602
20260819_104628_a775fa,2024-04-17,1348461.877972,1348461.877972,0,0.0,3565.403,0.01546176
20260819_104628_a775fa,2024-04-18,1348461.877972,1348461.877972,0,0.0,3569.802,0.0012338
20260819_104628_a775fa,2024-04-19,1348461.877972,1348461.877972,0,0.0,3541.662,-0.00788279
20260819_104628_a775fa,2024-04-22,1348461.877972,1348461.877972,0,0.0,3530.905,-0.00303727
20260819_104628_a775fa,2024-04-23,1348461.877972,1348461.877972,0,0.0,3506.225,-0.00698971
20260819_104628_a775fa,2024-04-24,1348461.877972,1348461.877972,0,0.0,3521.621,0.00439105
20260819_104628_a775fa,2024-04-25,1348461.877972,1348461.877972,0,0.0,3530.281,0.00245909
20260819_104628_a775fa,2024-04-26,1348461.877972,1348461.877972,0,0.0,3584.269,0.01529283
20260819_104628_a775fa,2024-04-29,1348461.877972,1348461.877972,0,0.0,3623.913,0.01106055
20260819_104628_a775fa,2024-04-30,1348461.877972,1348461.877972,0,0.0,3604.394,-0.00538617
20260819_104628_a775fa,2024-05-06,1348461.877972,1348461.877972,0,0.0,3657.877,0.01483828
20260819_104628_a775fa,2024-05-07,1348461.877972,1348461.877972,0,0.0,3659.008,0.0003092
20260819_104628_a775fa,2024-05-08,1348461.877972,1348461.877972,0,0.0,3630.223,-0.00786689
20260819_104628_a775fa,2024-05-09,1348461.877972,1348461.877972,0,0.0,3664.561,0.00945892
20260819_104628_a775fa,2024-05-10,1348461.877972,1348461.877972,0,0.0,3666.277,0.00046827
20260819_104628_a775fa,2024-05-13,1348461.877972,1348461.877972,0,0.0,3664.691,-0.00043259
20260819_104628_a775fa,2024-05-14,1348461.877972,1348461.877972,0,0.0,3657.045,-0.0020864
20260819_104628_a775fa,2024-05-15,1348461.877972,1348461.877972,0,0.0,3626.056,-0.00847378
20260819_104628_a775fa,2024-05-16,1348461.877972,1348461.877972,0,0.0,3640.359,0.00394451
20260819_104628_a775fa,2024-05-17,1348461.877972,1348461.877972,0,0.0,3677.97,0.01033167
20260819_104628_a775fa,2024-05-20,1348461.877972,1348461.877972,0,0.0,3690.963,0.00353266
20260819_104628_a775fa,2024-05-21,1348461.877972,1348461.877972,0,0.0,3676.161,-0.00401034
20260819_104628_a775fa,2024-05-22,1348461.877972,1348461.877972,0,0.0,3684.451,0.00225507
20260819_104628_a775fa,2024-05-23,1348461.877972,1348461.877972,0,0.0,3641.792,-0.01157812
20260819_104628_a775fa,2024-05-24,1348461.877972,1348461.877972,0,0.0,3601.476,-0.01107037
20260819_104628_a775fa,2024-05-27,1348461.877972,1348461.877972,0,0.0,3635.708,0.00950499
20260819_104628_a775fa,2024-05-28,1348461.877972,1348461.877972,0,0.0,3609.172,-0.00729872
20260819_104628_a775fa,2024-05-29,1348461.877972,1348461.877972,0,0.0,3613.522,0.00120526
20260819_104628_a775fa,2024-05-30,1348461.877972,1348461.877972,0,0.0,3594.312,-0.00531614
20260819_104628_a775fa,2024-05-31,1348461.877972,1348461.877972,0,0.0,3579.925,-0.00400271
20260819_104628_a775fa,2024-06-03,1348461.877972,1348461.877972,0,0.0,3588.748,0.00246458
20260819_104628_a775fa,2024-06-04,1348461.877972,1348461.877972,0,0.0,3615.671,0.00750206
20260819_104628_a775fa,2024-06-05,1348461.877972,1348461.877972,0,0.0,3594.794,-0.00577403
20260819_104628_a775fa,2024-06-06,1348461.877972,1348461.877972,0,0.0,3592.245,-0.00070908
20260819_104628_a775fa,2024-06-07,1348461.877972,1348461.877972,0,0.0,3574.114,-0.00504726
20260819_104628_a775fa,2024-06-11,1348461.877972,1348461.877972,0,0.0,3542.878,-0.00873951
20260819_104628_a775fa,2024-06-12,1348461.877972,1348461.877972,0,0.0,3544.123,0.00035141
20260819_104628_a775fa,2024-06-13,1348461.877972,1348461.877972,0,0.0,3526.13,-0.00507686
20260819_104628_a775fa,2024-06-14,1348461.877972,1348461.877972,0,0.0,3541.533,0.00436825
20260819_104628_a775fa,2024-06-17,1348461.877972,1348461.877972,0,0.0,3536.199,-0.00150613
20260819_104628_a775fa,2024-06-18,1348461.877972,1348461.877972,0,0.0,3545.591,0.00265596
20260819_104628_a775fa,2024-06-19,1348461.877972,1348461.877972,0,0.0,3528.749,-0.00475012
20260819_104628_a775fa,2024-06-20,1348461.877972,1348461.877972,0,0.0,3503.282,-0.00721701
20260819_104628_a775fa,2024-06-21,1348461.877972,1348461.877972,0,0.0,3495.619,-0.00218738
20260819_104628_a775fa,2024-06-24,1348461.877972,1348461.877972,0,0.0,3476.81,-0.00538074
20260819_104628_a775fa,2024-06-25,1348461.877972,1348461.877972,0,0.0,3457.902,-0.00543832
20260819_104628_a775fa,2024-06-26,1348461.877972,1348461.877972,0,0.0,3480.265,0.00646722
20260819_104628_a775fa,2024-06-27,1348461.877972,1348461.877972,0,0.0,3454.118,-0.00751293
20260819_104628_a775fa,2024-06-28,1348461.877972,1348461.877972,0,0.0,3461.657,0.00218261
20260819_104628_a775fa,2024-07-01,1348461.877972,1348461.877972,0,0.0,3478.183,0.00477401
20260819_104628_a775fa,2024-07-02,1348461.877972,1348461.877972,0,0.0,3471.786,-0.00183918
20260819_104628_a775fa,2024-07-03,1348461.877972,1348461.877972,0,0.0,3463.414,-0.00241144
20260819_104628_a775fa,2024-07-04,1348461.877972,1348461.877972,0,0.0,3445.813,-0.00508198
20260819_104628_a775fa,2024-07-05,1348461.877972,1348461.877972,0,0.0,3431.06,-0.00428143
20260819_104628_a775fa,2024-07-08,1348461.877972,1348461.877972,0,0.0,3401.76,-0.00853963
20260819_104628_a775fa,2024-07-09,1348461.877972,1348461.877972,0,0.0,3439.812,0.01118597
20260819_104628_a775fa,2024-07-10,1348461.877972,1348461.877972,0,0.0,3428.965,-0.00315337
20260819_104628_a775fa,2024-07-11,1348461.877972,1348461.877972,0,0.0,3468.169,0.01143319
20260819_104628_a775fa,2024-07-12,1348461.877972,1348461.877972,0,0.0,3472.401,0.00122024
20260819_104628_a775fa,2024-07-15,1348461.877972,1348461.877972,0,0.0,3476.247,0.00110759
20260819_104628_a775fa,2024-07-16,1348461.877972,1348461.877972,0,0.0,3498.283,0.00633902
20260819_104628_a775fa,2024-07-17,1348461.877972,1348461.877972,0,0.0,3501.584,0.00094361
20260819_104628_a775fa,2024-07-18,1348461.877972,1348461.877972,0,0.0,3520.931,0.00552521
20260819_104628_a775fa,2024-07-19,1348461.877972,1348461.877972,0,0.0,3539.015,0.00513614
20260819_104628_a775fa,2024-07-22,1348461.877972,1348461.877972,0,0.0,3514.925,-0.00680698
20260819_104628_a775fa,2024-07-23,1348461.877972,1348461.877972,0,0.0,3439.878,-0.02135095
20260819_104628_a775fa,2024-07-24,1348461.877972,1348461.877972,0,0.0,3418.166,-0.00631185
20260819_104628_a775fa,2024-07-25,1348461.877972,1348461.877972,0,0.0,3399.271,-0.00552782
20260819_104628_a775fa,2024-07-26,1348461.877972,1348461.877972,0,0.0,3409.293,0.00294828
20260819_104628_a775fa,2024-07-29,1348461.877972,1348461.877972,0,0.0,3390.742,-0.0054413
20260819_104628_a775fa,2024-07-30,1348461.877972,1348461.877972,0,0.0,3369.382,-0.00629951
20260819_104628_a775fa,2024-07-31,1348461.877972,1348461.877972,0,0.0,3442.085,0.02157755
20260819_104628_a775fa,2024-08-01,1348461.877972,1348461.877972,0,0.0,3419.266,-0.00662941
20260819_104628_a775fa,2024-08-02,1348461.877972,1348461.877972,0,0.0,3384.392,-0.01019926
20260819_104628_a775fa,2024-08-05,1348461.877972,1348461.877972,0,0.0,3343.321,-0.01213541
20260819_104628_a775fa,2024-08-06,1348461.877972,1348461.877972,0,0.0,3342.979,-0.00010229
20260819_104628_a775fa,2024-08-07,1348461.877972,1348461.877972,0,0.0,3341.489,-0.00044571
20260819_104628_a775fa,2024-08-08,1348461.877972,1348461.877972,0,0.0,3342.937,0.00043334
20260819_104628_a775fa,2024-08-09,1348461.877972,1348461.877972,0,0.0,3331.627,-0.00338325
20260819_104628_a775fa,2024-08-12,1348461.877972,1348461.877972,0,0.0,3325.865,-0.00172949
20260819_104628_a775fa,2024-08-13,1348461.877972,1348461.877972,0,0.0,3334.39,0.00256324
20260819_104628_a775fa,2024-08-14,1348461.877972,1348461.877972,0,0.0,3309.239,-0.00754291
20260819_104628_a775fa,2024-08-15,1348461.877972,1348461.877972,0,0.0,3341.953,0.00988566
20260819_104628_a775fa,2024-08-16,1348461.877972,1348461.877972,0,0.0,3345.634,0.00110145
20260819_104628_a775fa,2024-08-19,1348461.877972,1348461.877972,0,0.0,3356.968,0.0033877
20260819_104628_a775fa,2024-08-20,1348461.877972,1348461.877972,0,0.0,3332.704,-0.00722795
20260819_104628_a775fa,2024-08-21,1348461.877972,1348461.877972,0,0.0,3321.635,-0.00332133
20260819_104628_a775fa,2024-08-22,1348461.877972,1348461.877972,0,0.0,3313.135,-0.00255898
20260819_104628_a775fa,2024-08-23,1348461.877972,1348461.877972,0,0.0,3327.19,0.00424221
20260819_104628_a775fa,2024-08-26,1348461.877972,1348461.877972,0,0.0,3324.223,-0.00089174
20260819_104628_a775fa,2024-08-27,1348461.877972,1348461.877972,0,0.0,3305.334,-0.00568223
20260819_104628_a775fa,2024-08-28,1348461.877972,1348461.877972,0,0.0,3286.496,-0.00569927
20260819_104628_a775fa,2024-08-29,1348461.877972,1348461.877972,0,0.0,3277.681,-0.00268219
20260819_104628_a775fa,2024-08-30,1348461.877972,1348461.877972,0,0.0,3321.433,0.01334846
20260819_104628_a775fa,2024-09-02,1348461.877972,1348461.877972,0,0.0,3265.012,-0.01698695
20260819_104628_a775fa,2024-09-03,1348461.877972,1348461.877972,0,0.0,3273.429,0.00257794
20260819_104628_a775fa,2024-09-04,1348461.877972,1348461.877972,0,0.0,3252.165,-0.00649594
20260819_104628_a775fa,2024-09-05,1348461.877972,1348461.877972,0,0.0,3257.758,0.00171978
20260819_104628_a775fa,2024-09-06,1348461.877972,1348461.877972,0,0.0,3231.346,-0.00810742
20260819_104628_a775fa,2024-09-09,1348461.877972,1348461.877972,0,0.0,3192.952,-0.01188174
20260819_104628_a775fa,2024-09-10,1348461.877972,1348461.877972,0,0.0,3195.755,0.00087787
20260819_104628_a775fa,2024-09-11,1348461.877972,1348461.877972,0,0.0,3186.13,-0.00301181
20260819_104628_a775fa,2024-09-12,1348461.877972,1348461.877972,0,0.0,3172.475,-0.00428576
20260819_104628_a775fa,2024-09-13,1348461.877972,1348461.877972,0,0.0,3159.247,-0.00416962
20260819_104628_a775fa,2024-09-18,1348461.877972,1348461.877972,0,0.0,3171.01,0.00372336
20260819_104628_a775fa,2024-09-19,1348461.877972,1348461.877972,0,0.0,3196.036,0.00789212
20260819_104628_a775fa,2024-09-20,1348461.877972,1348461.877972,0,0.0,3201.05,0.00156882
20260819_104628_a775fa,2024-09-23,1348461.877972,1348461.877972,0,0.0,3212.764,0.00365942
20260819_104628_a775fa,2024-09-24,1348461.877972,1348461.877972,0,0.0,3351.91,0.04331037
20260819_104628_a775fa,2024-09-25,1348461.877972,1348461.877972,0,0.0,3401.533,0.0148044
20260819_104628_a775fa,2024-09-26,1348461.877972,1348461.877972,0,0.0,3545.32,0.04227123
20260819_104628_a775fa,2024-09-27,1348461.877972,1348461.877972,0,0.0,3703.685,0.04466875
20260819_104628_a775fa,2024-09-30,1428022.592191,166500.132991,1261522.4592,0.05900109,4017.855,0.08482633
20260819_104628_a775fa,2024-10-08,1517196.767491,166500.132991,1350696.6345,0.06244591,4256.096,0.05929557
20260819_104628_a775fa,2024-10-09,1394046.065766,49454.779766,1344591.286,-0.08116989,3955.984,-0.07051345
20260819_104628_a775fa,2024-10-10,1388464.784736,144927.961136,1243536.8236,-0.00400366,3997.788,0.01056728
20260819_104628_a775fa,2024-10-11,1335691.820831,30638.175031,1305053.6458,-0.03800814,3887.167,-0.02767055
20260819_104628_a775fa,2024-10-14,1375426.977031,30638.175031,1344788.802,0.02974875,3961.342,0.01908202
20260819_104628_a775fa,2024-10-15,1345961.257831,30638.175031,1315323.0828,-0.02142296,3855.995,-0.02659377
20260819_104628_a775fa,2024-10-16,1345557.436431,30638.175031,1314919.2614,-0.00030002,3831.589,-0.00632937
20260819_104628_a775fa,2024-10-17,1334908.862964,114401.794764,1220507.0682,-0.00791388,3788.222,-0.01131828
20260819_104628_a775fa,2024-10-18,1387225.280565,3426.062765,1383799.2178,0.039191,3925.234,0.03616789
20260819_104628_a775fa,2024-10-21,1393005.557965,3426.062765,1389579.4952,0.00416679,3935.197,0.00253819
20260819_104628_a775fa,2024-10-22,1406624.067265,3426.062765,1403198.0045,0.00977635,3957.776,0.00573771
20260819_104628_a775fa,2024-10-23,1406863.549665,3426.062765,1403437.4869,0.00017025,3973.209,0.00389941
20260819_104628_a775fa,2024-10-24,1398383.258665,3426.062765,1394957.1959,-0.0060278,3928.834,-0.01116855
20260819_104628_a775fa,2024-10-25,1402790.819265,3426.062765,1399364.7565,0.0031519,3956.421,0.00702168
20260819_104628_a775fa,2024-10-28,1419120.815465,3426.062765,1415694.7527,0.01164108,3964.157,0.0019553
20260819_104628_a775fa,2024-10-29,1397905.713065,3426.062765,1394479.6503,-0.01494947,3924.649,-0.00996631
20260819_104628_a775fa,2024-10-30,1386820.882965,3426.062765,1383394.8202,-0.0079296,3889.449,-0.00896895
20260819_104628_a775fa,2024-10-31,1400062.051565,3426.062765,1396635.9888,0.00954786,3891.04,0.00040906
20260819_104628_a775fa,2024-11-01,1386096.303649,104904.051549,1281192.2521,-0.00997509,3890.02,-0.00026214
20260819_104628_a775fa,2024-11-04,1423544.34711,1538.86111,1422005.486,0.02701691,3944.762,0.01407242
20260819_104628_a775fa,2024-11-05,1455432.81311,1538.86111,1453893.952,0.02240075,4044.573,0.02530216
20260819_104628_a775fa,2024-11-06,1469909.88481,1538.86111,1468371.0237,0.00994692,4024.283,-0.0050166
20260819_104628_a775fa,2024-11-07,1502786.28131,1538.86111,1501247.4202,0.02236627,4145.695,0.03016985
20260819_104628_a775fa,2024-11-08,1516183.71841,1538.86111,1514644.8573,0.00891506,4104.047,-0.01004608
20260819_104628_a775fa,2024-11-11,1552045.75351,1538.86111,1550506.8924,0.02365283,4131.131,0.00659934
20260819_104628_a775fa,2024-11-12,1531451.06091,1538.86111,1529912.1998,-0.01326938,4085.743,-0.01098682
20260819_104628_a775fa,2024-11-13,1537205.79891,1538.86111,1535666.9378,0.0037577,4110.89,0.00615482
20260819_104628_a775fa,2024-11-14,1488898.85851,1538.86111,1487359.9974,-0.03142516,4039.619,-0.01733712
20260819_104628_a775fa,2024-11-15,1456226.10731,1538.86111,1454687.2462,-0.02194424,3968.831,-0.01752343
20260819_104628_a775fa,2024-11-18,1418558.01911,1538.86111,1417019.158,-0.02586692,3950.38,-0.00464898
20260819_104628_a775fa,2024-11-19,1444837.92311,1538.86111,1443299.062,0.01852579,3976.891,0.006711
20260819_104628_a775fa,2024-11-20,1460973.95601,1538.86111,1459435.0949,0.01116806,3985.772,0.00223315
20260819_104628_a775fa,2024-11-21,1464201.53101,1538.86111,1462662.6699,0.00220919,3989.298,0.00088465
20260819_104628_a775fa,2024-11-22,1401153.87691,1538.86111,1399615.0158,-0.04305941,3865.699,-0.03098264
20260819_104628_a775fa,2024-11-25,1417793.13281,1538.86111,1416254.2717,0.0118754,3848.091,-0.00455493
20260819_104628_a775fa,2024-11-26,1410058.28411,1538.86111,1408519.423,-0.00545556,3840.185,-0.00205453
20260819_104628_a775fa,2024-11-27,1432253.95591,1538.86111,1430715.0948,0.01574096,3907.045,0.01741062
20260819_104628_a775fa,2024-11-28,1461204.33961,1538.86111,1459665.4785,0.02021316,3872.551,-0.00882867
20260819_104628_a775fa,2024-11-29,1473755.40101,1538.86111,1472216.5399,0.00858953,3916.583,0.01137028
20260819_104628_a775fa,2024-12-02,1505221.72841,1538.86111,1503682.8673,0.02135112,3947.632,0.00792757
20260819_104628_a775fa,2024-12-03,1502246.14071,1538.86111,1500707.2796,-0.00197684,3951.892,0.00107913
20260819_104628_a775fa,2024-12-04,1471059.54921,1538.86111,1469520.6881,-0.02075997,3930.557,-0.00539868
20260819_104628_a775fa,2024-12-05,1483252.14061,1538.86111,1481713.2795,0.00828831,3921.588,-0.00228186
20260819_104628_a775fa,2024-12-06,1487485.87971,1538.86111,1485947.0186,0.00285436,3973.14,0.0131457
20260819_104628_a775fa,2024-12-09,1483133.94971,1538.86111,1481595.0886,-0.00292569,3966.571,-0.00165335
20260819_104628_a775fa,2024-12-10,1489143.97581,1538.86111,1487605.1147,0.00405225,3995.637,0.00732774
20260819_104628_a775fa,2024-12-11,1495841.38971,1538.86111,1494302.5286,0.00449749,3988.831,-0.00170336
20260819_104628_a775fa,2024-12-12,1517170.20741,1538.86111,1515631.3463,0.01425874,4028.505,0.00994627
20260819_104628_a775fa,2024-12-13,1499802.54841,1538.86111,1498263.6873,-0.0114474,3933.181,-0.02366238
20260819_104628_a775fa,2024-12-16,1513684.74941,1538.86111,1512145.8883,0.00925602,3911.842,-0.00542538
20260819_104628_a775fa,2024-12-17,1457980.14181,1538.86111,1456441.2807,-0.03680067,3922.033,0.00260517
20260819_104628_a775fa,2024-12-18,1453430.01111,1538.86111,1451891.15,-0.00312085,3941.89,0.00506294
20260819_104628_a775fa,2024-12-19,1447894.48931,1538.86111,1446355.6282,-0.00380859,3945.464,0.00090667
20260819_104628_a775fa,2024-12-20,1469943.97371,1538.86111,1468405.1126,0.01522865,3927.744,-0.00449123
20260819_104628_a775fa,2024-12-23,1415019.46311,1538.86111,1413480.602,-0.03736504,3933.572,0.0014838
20260819_104628_a775fa,2024-12-24,1446928.12041,1538.86111,1445389.2593,0.02254998,3983.688,0.01274058
20260819_104628_a775fa,2024-12-25,1441746.10341,1538.86111,1440207.2423,-0.00358139,3985.629,0.00048724
20260819_104628_a775fa,2024-12-26,1470822.24341,1538.86111,1469283.3823,0.02016731,3987.48,0.00046442
20260819_104628_a775fa,2024-12-27,1463405.89721,1538.86111,1461867.0361,-0.00504231,3981.031,-0.00161731
20260819_104628_a775fa,2024-12-30,1466264.225232,1138541.039532,327723.1857,0.0019532,3999.054,0.00452722
20260819_104628_a775fa,2024-12-31,1429408.631711,91612.088611,1337796.5431,-0.02513571,3934.911,-0.01603954
20260819_104628_a775fa,2025-01-02,1382669.802911,91612.088611,1291057.7143,-0.03269802,3820.395,-0.02910256
20260819_104628_a775fa,2025-01-03,1360640.828672,191701.018372,1168939.8103,-0.0159322,3775.164,-0.01183935
20260819_104628_a775fa,2025-01-06,1359745.66876,259820.29786,1099925.3709,-0.0006579,3768.97,-0.00164072
20260819_104628_a775fa,2025-01-07,1373529.082114,46263.940014,1327265.1421,0.01013676,3796.105,0.00719958
20260819_104628_a775fa,2025-01-08,1360127.307714,46263.940014,1313863.3677,-0.00975718,3789.216,-0.00181475
20260819_104628_a775fa,2025-01-09,1360297.310344,151956.571044,1208340.7393,0.00012499,3779.877,-0.00246463
20260819_104628_a775fa,2025-01-10,1321746.207553,39377.669153,1282368.5384,-0.0283402,3732.481,-0.01253903
20260819_104628_a775fa,2025-01-13,1306187.829125,238946.983725,1067240.8454,-0.01177108,3722.513,-0.00267061
20260819_104628_a775fa,2025-01-14,1329025.914443,127559.572643,1201466.3418,0.01748453,3820.54,0.02633355
20260819_104628_a775fa,2025-01-15,1302028.557322,18939.940522,1283088.6168,-0.02031364,3796.027,-0.00641611
20260819_104628_a775fa,2025-01-16,1319534.808722,18939.940522,1300594.8682,0.01344537,3800.383,0.00114752
20260819_104628_a775fa,2025-01-17,1323927.738522,18939.940522,1304987.798,0.00332915,3812.343,0.00314705
20260819_104628_a775fa,2025-01-20,1324001.461122,18939.940522,1305061.5206,5.568e-05,3829.677,0.00454681
20260819_104628_a775fa,2025-01-21,1321644.286122,18939.940522,1302704.3456,-0.00178034,3832.614,0.00076691
20260819_104628_a775fa,2025-01-22,1324558.017522,18939.940522,1305618.077,0.00220463,3797.017,-0.00928792
20260819_104628_a775fa,2025-01-23,1324875.562922,18939.940522,1305935.6224,0.00023974,3803.744,0.00177165
20260819_104628_a775fa,2025-01-24,1330899.241322,18939.940522,1311959.3008,0.0045466,3832.864,0.00765562
20260819_104628_a775fa,2025-01-27,1324459.298322,18939.940522,1305519.3578,-0.00483879,3817.08,-0.00411807
20260819_104628_a775fa,2025-02-05,1303009.137947,114805.553747,1188203.5842,-0.01619541,3795.085,-0.00576226
20260819_104628_a775fa,2025-02-06,1308439.010579,6234.944679,1302204.0659,0.00416718,3842.832,0.01258127
20260819_104628_a775fa,2025-02-07,1326813.574979,6234.944679,1320578.6303,0.01404312,3892.703,0.01297767
20260819_104628_a775fa,2025-02-10,1331636.485679,6234.944679,1325401.541,0.00363496,3901.061,0.00214709
20260819_104628_a775fa,2025-02-11,1337820.485979,6234.944679,1331585.5413,0.00464391,3883.135,-0.00459516
20260819_104628_a775fa,2025-02-12,1333635.390779,6234.944679,1327400.4461,-0.00312829,3919.862,0.00945808
20260819_104628_a775fa,2025-02-13,1320332.616279,6234.944679,1314097.6716,-0.00997482,3905.14,-0.00375574
20260819_104628_a775fa,2025-02-14,1323005.831079,6234.944679,1316770.8864,0.00202465,3939.008,0.00867267
20260819_104628_a775fa,2025-02-17,1306323.263679,6234.944679,1300088.319,-0.01260959,3947.399,0.00213023
20260819_104628_a775fa,2025-02-18,1296104.692679,6234.944679,1289869.748,-0.00782239,3912.783,-0.00876932
20260819_104628_a775fa,2025-02-19,1298443.623279,6234.944679,1292208.6786,0.00180458,3940.161,0.00699707
20260819_104628_a775fa,2025-02-20,1298591.054079,6234.944679,1292356.1094,0.00011354,3928.896,-0.00285902
20260819_104628_a775fa,2025-02-21,1307537.142879,6234.944679,1301302.1982,0.00688907,3978.444,0.01261118
20260819_104628_a775fa,2025-02-24,1319414.388879,6234.944679,1313179.4442,0.00908368,3969.717,-0.00219357
20260819_104628_a775fa,2025-02-25,1304453.835779,6234.944679,1298218.8911,-0.01133878,3925.651,-0.01110054
20260819_104628_a775fa,2025-02-26,1315699.793979,6234.944679,1309464.8493,0.0086212,3959.941,0.00873486
20260819_104628_a775fa,2025-02-27,1316599.410279,6234.944679,1310364.4656,0.00068375,3968.116,0.00206442
20260819_104628_a775fa,2025-02-28,1291632.701179,6234.944679,1285397.7565,-0.01896303,3890.048,-0.01967382
20260819_104628_a775fa,2025-03-03,1303099.103879,6234.944679,1296864.1592,0.00887745,3888.474,-0.00040462
20260819_104628_a775fa,2025-03-04,1308810.625779,6234.944679,1302575.6811,0.00438303,3885.22,-0.00083683
20260819_104628_a775fa,2025-03-05,1310219.016779,6234.944679,1303984.0721,0.00107608,3902.571,0.0044659
20260819_104628_a775fa,2025-03-06,1319230.812179,6234.944679,1312995.8675,0.00687808,3956.237,0.01375145
20260819_104628_a775fa,2025-03-07,1327489.223179,6234.944679,1321254.2785,0.00626002,3944.014,-0.00308955
20260819_104628_a775fa,2025-03-10,1330299.601579,6234.944679,1324064.6569,0.00211706,3928.802,-0.00385698
20260819_104628_a775fa,2025-03-11,1322562.093779,6234.944679,1316327.1491,-0.00581636,3941.416,0.00321065
20260819_104628_a775fa,2025-03-12,1317560.404379,6234.944679,1311325.4597,-0.00378182,3927.232,-0.00359871
20260819_104628_a775fa,2025-03-13,1319605.293179,6234.944679,1313370.3485,0.00155203,3911.58,-0.0039855
20260819_104628_a775fa,2025-03-14,1339234.185279,6234.944679,1332999.2406,0.01487482,4006.557,0.02428098
20260819_104628_a775fa,2025-03-17,1336285.474279,6234.944679,1330050.5296,-0.00220179,3996.787,-0.0024385
20260819_104628_a775fa,2025-03-18,1346306.670379,6234.944679,1340071.7257,0.00749929,4007.723,0.0027362
20260819_104628_a775fa,2025-03-19,1348484.491679,6234.944679,1342249.547,0.00161763,4010.168,0.00061007
20260819_104628_a775fa,2025-03-20,1342375.965419,111321.084719,1231054.8807,-0.00452992,3974.992,-0.0087717
20260819_104628_a775fa,2025-03-21,1330159.946422,1334.005222,1328825.9412,-0.0091003,3914.695,-0.01516909
20260819_104628_a775fa,2025-03-24,1334517.698622,1334.005222,1333183.6934,0.00327611,3934.849,0.00514829
20260819_104628_a775fa,2025-03-25,1347807.030522,1334.005222,1346473.0253,0.00995815,3932.295,-0.00064907
20260819_104628_a775fa,2025-03-26,1344916.966722,1334.005222,1343582.9615,-0.00214427,3919.357,-0.00329019
20260819_104628_a775fa,2025-03-27,1335384.106122,1334.005222,1334050.1009,-0.00708807,3932.412,0.0033309
20260819_104628_a775fa,2025-03-28,1330750.090422,1334.005222,1329416.0852,-0.00347017,3915.166,-0.0043856
20260819_104628_a775fa,2025-03-31,1333770.429822,1334.005222,1332436.4246,0.00226965,3887.306,-0.00711592
20260819_104628_a775fa,2025-04-01,1346311.971122,1334.005222,1344977.9659,0.00940307,3887.685,9.75e-05
20260819_104628_a775fa,2025-04-02,1329795.247122,1334.005222,1328461.2419,-0.01226813,3884.386,-0.00084858
20260819_104628_a775fa,2025-04-03,1323629.329315,334664.096115,988965.2332,-0.00463674,3861.504,-0.00589076
20260819_104628_a775fa,2025-04-07,1235977.616271,7891.048471,1228086.5678,-0.06622074,3589.441,-0.07045519
20260819_104628_a775fa,2025-04-08,1271583.819217,99571.375217,1172012.444,0.02880813,3650.759,0.01708288
20260819_104628_a775fa,2025-04-09,1277766.96954,200159.24384,1077607.7257,0.00486256,3686.794,0.00987055
20260819_104628_a775fa,2025-04-10,1298887.671756,210590.221056,1088297.4507,0.01652939,3735.115,0.01310651
20260819_104628_a775fa,2025-04-11,1277510.066098,17330.086298,1260179.9798,-0.01645839,3750.517,0.00412357
20260819_104628_a775fa,2025-04-14,1290428.066798,17330.086298,1273097.9805,0.01011186,3759.142,0.00229968
20260819_104628_a775fa,2025-04-15,1294437.788998,17330.086298,1277107.7027,0.00310728,3761.235,0.00055678
20260819_104628_a775fa,2025-04-16,1294234.393798,17330.086298,1276904.3075,-0.00015713,3772.821,0.00308037
20260819_104628_a775fa,2025-04-17,1281639.299589,115525.195889,1166114.1037,-0.00973169,3772.222,-0.00015877
20260819_104628_a775fa,2025-04-18,1250247.308042,108796.657042,1141450.651,-0.02449362,3772.523,7.979e-05
20260819_104628_a775fa,2025-04-21,1282526.571615,12377.651515,1270148.9201,0.0258183,3784.88,0.00327553
20260819_104628_a775fa,2025-04-22,1302022.035415,12377.651515,1289644.3839,0.01520083,3783.952,-0.00024519
20260819_104628_a775fa,2025-04-23,1261176.946515,12377.651515,1248799.295,-0.03137051,3786.882,0.00077432
20260819_104628_a775fa,2025-04-24,1262107.906015,12377.651515,1249730.2545,0.00073817,3784.357,-0.00066678
20260819_104628_a775fa,2025-04-25,1258533.417115,12377.651515,1246155.7656,-0.00283216,3786.993,0.00069655
20260819_104628_a775fa,2025-04-28,1230769.546515,12377.651515,1218391.895,-0.0220605,3781.619,-0.00141907
20260819_104628_a775fa,2025-04-29,1237423.898415,12377.651515,1225046.2469,0.00540666,3775.077,-0.00172995
20260819_104628_a775fa,2025-04-30,1236974.512615,12377.651515,1224596.8611,-0.00036316,3770.57,-0.00119388
20260819_104628_a775fa,2025-05-06,1257203.230715,12377.651515,1244825.5792,0.01635338,3808.542,0.01007063
20260819_104628_a775fa,2025-05-07,1267043.766405,132437.685605,1134606.0808,0.00782732,3831.627,0.00606137
20260819_104628_a775fa,2025-05-08,1251275.868361,27818.560561,1223457.3078,-0.01244464,3852.896,0.00555091
20260819_104628_a775fa,2025-05-09,1246323.066761,27818.560561,1218504.5062,-0.0039582,3846.157,-0.00174907
20260819_104628_a775fa,2025-05-12,1240256.444761,27818.560561,1212437.8842,-0.00486762,3890.61,0.01155777
20260819_104628_a775fa,2025-05-13,1248517.410361,27818.560561,1220698.8498,0.00666069,3896.259,0.00145196
20260819_104628_a775fa,2025-05-14,1250599.921261,27818.560561,1222781.3607,0.00166799,3943.21,0.01205028
20260819_104628_a775fa,2025-05-15,1265851.627361,27818.560561,1238033.0668,0.01219551,3907.199,-0.00913241
20260819_104628_a775fa,2025-05-16,1273502.084861,27818.560561,1245683.5243,0.00604372,3889.086,-0.0046358
20260819_104628_a775fa,2025-05-19,1299792.526661,27818.560561,1271973.9661,0.02064421,3877.146,-0.00307013
20260819_104628_a775fa,2025-05-20,1320771.463361,27818.560561,1292952.9028,0.01614022,3898.171,0.0054228
20260819_104628_a775fa,2025-05-21,1327452.335261,27818.560561,1299633.7747,0.00505831,3916.381,0.00467142
20260819_104628_a775fa,2025-05-22,1319269.016561,27818.560561,1291450.456,-0.00616468,3913.865,-0.00064243
20260819_104628_a775fa,2025-05-23,1303116.090261,27818.560561,1275297.5297,-0.01224385,3882.274,-0.00807156
20260819_104628_a775fa,2025-05-26,1312058.874861,27818.560561,1284240.3143,0.00686262,3860.106,-0.00571006
20260819_104628_a775fa,2025-05-27,1317520.764661,27818.560561,1289702.2041,0.00416284,3839.397,-0.00536488
20260819_104628_a775fa,2025-05-28,1308206.563661,27818.560561,1280388.0031,-0.00706949,3836.236,-0.00082331
20260819_104628_a775fa,2025-05-29,1296173.455061,27818.560561,1268354.8945,-0.00919817,3858.7,0.00585574
20260819_104628_a775fa,2025-05-30,1289069.464861,27818.560561,1261250.9043,-0.00548074,3840.232,-0.00478607
20260819_104628_a775fa,2025-06-03,1296010.449961,27818.560561,1268191.8894,0.00538449,3852.013,0.00306778
20260819_104628_a775fa,2025-06-04,1303626.354961,27818.560561,1275807.7944,0.00587642,3868.743,0.00434318
20260819_104628_a775fa,2025-06-05,1277643.708061,27818.560561,1249825.1475,-0.01993105,3877.556,0.002278
20260819_104628_a775fa,2025-06-06,1276048.127661,27818.560561,1248229.5671,-0.00124885,3873.984,-0.0009212
20260819_104628_a775fa,2025-06-09,1274924.563761,27818.560561,1247106.0032,-0.0008805,3885.246,0.00290708
20260819_104628_a775fa,2025-06-10,1277584.189161,27818.560561,1249765.6286,0.0020861,3865.465,-0.00509131
20260819_104628_a775fa,2025-06-11,1279313.831461,27818.560561,1251495.2709,0.00135384,3894.625,0.00754372
20260819_104628_a775fa,2025-06-12,1290468.544961,27818.560561,1262649.9844,0.00871929,3892.199,-0.00062291
20260819_104628_a775fa,2025-06-13,1273954.672261,27818.560561,1246136.1117,-0.0127968,3864.183,-0.00719799
20260819_104628_a775fa,2025-06-16,1273099.339861,27818.560561,1245280.7793,-0.0006714,3873.795,0.00248746
20260819_104628_a775fa,2025-06-17,1280838.377361,27818.560561,1253019.8168,0.0060789,3870.379,-0.00088182
20260819_104628_a775fa,2025-06-18,1266178.469361,27818.560561,1238359.9088,-0.01144556,3874.971,0.00118645
20260819_104628_a775fa,2025-06-19,1251507.074961,27818.560561,1223688.5144,-0.01158715,3843.091,-0.00822716
20260819_104628_a775fa,2025-06-20,1244930.100804,129630.753304,1115299.3475,-0.00525524,3846.644,0.00092452
20260819_104628_a775fa,2025-06-23,1253728.639455,26995.304455,1226733.335,0.0070675,3857.902,0.00292671
20260819_104628_a775fa,2025-06-24,1260837.950255,26995.304455,1233842.6458,0.00567053,3904.035,0.01195805
20260819_104628_a775fa,2025-06-25,1259107.810693,111092.799193,1148015.0115,-0.00137221,3960.066,0.01435207
20260819_104628_a775fa,2025-06-26,1255740.535179,10485.596179,1245254.939,-0.00267433,3946.02,-0.00354691
20260819_104628_a775fa,2025-06-27,1256197.650579,10485.596179,1245712.0544,0.00036402,3921.758,-0.00614847
20260819_104628_a775fa,2025-06-30,1259757.224879,10485.596179,1249271.6287,0.00283361,3936.079,0.00365168
20260819_104628_a775fa,2025-07-01,1275978.010179,10485.596179,1265492.414,0.01287612,3942.762,0.00169788
20260819_104628_a775fa,2025-07-02,1270570.265279,10485.596179,1260084.6691,-0.00423812,3943.685,0.0002341
20260819_104628_a775fa,2025-07-03,1269367.618679,10485.596179,1258882.0225,-0.00094654,3968.068,0.0061828
20260819_104628_a775fa,2025-07-04,1255967.812266,339885.446266,916082.366,-0.01055629,3982.203,0.00356219
20260819_104628_a775fa,2025-07-07,1254495.414389,38282.556689,1216212.8577,-0.00117232,3965.174,-0.00427628
20260819_104628_a775fa,2025-07-08,1260031.033214,138021.396114,1122009.6371,0.00441263,3998.453,0.00839282
20260819_104628_a775fa,2025-07-09,1260153.767029,221913.985929,1038239.7811,9.741e-05,3991.401,-0.00176368
20260819_104628_a775fa,2025-07-10,1260639.933966,216041.492366,1044598.4416,0.0003858,4010.024,0.00466578
20260819_104628_a775fa,2025-07-11,1259507.134262,11822.034762,1247685.0995,-0.00089859,4014.807,0.00119276
20260819_104628_a775fa,2025-07-14,1263742.904362,11822.034762,1251920.8696,0.00336304,4017.668,0.00071261
20260819_104628_a775fa,2025-07-15,1265101.912862,11822.034762,1253279.8781,0.00107538,4019.065,0.00034771
20260819_104628_a775fa,2025-07-16,1266633.753762,11822.034762,1254811.719,0.00121084,4007.202,-0.00295168
20260819_104628_a775fa,2025-07-17,1269018.377075,125126.708475,1143891.6686,0.00188265,4034.491,0.00680999
20260819_104628_a775fa,2025-07-18,1277345.212624,22679.699124,1254665.5135,0.00656164,4058.548,0.00596283
20260819_104628_a775fa,2025-07-21,1288320.123124,22679.699124,1265640.424,0.00859197,4085.608,0.00666741
20260819_104628_a775fa,2025-07-22,1288845.993524,22679.699124,1266166.2944,0.00040818,4118.958,0.0081628
20260819_104628_a775fa,2025-07-23,1289225.686824,22679.699124,1266545.9877,0.0002946,4119.769,0.00019689
20260819_104628_a775fa,2025-07-24,1313055.687824,22679.699124,1290375.9887,0.01848396,4149.037,0.00710428
20260819_104628_a775fa,2025-07-25,1319643.623324,22679.699124,1296963.9242,0.00501726,4127.164,-0.00527183
20260819_104628_a775fa,2025-07-28,1330811.597324,22679.699124,1308131.8982,0.00846287,4135.824,0.00209829
20260819_104628_a775fa,2025-07-29,1344760.489624,22679.699124,1322080.7905,0.01048149,4152.024,0.00391699
20260819_104628_a775fa,2025-07-30,1342139.502024,22679.699124,1319459.8029,-0.00194904,4151.238,-0.00018931
20260819_104628_a775fa,2025-07-31,1335007.428924,22679.699124,1312327.7298,-0.00531396,4075.591,-0.01822276
20260819_104628_a775fa,2025-08-01,1353397.724424,137641.279924,1215756.4445,0.01377543,4054.929,-0.00506969
20260819_104628_a775fa,2025-08-04,1362519.592286,27310.752686,1335208.8396,0.00673998,4070.703,0.00389008
20260819_104628_a775fa,2025-08-05,1375161.325586,27310.752686,1347850.5729,0.0092782,4103.45,0.00804456
20260819_104628_a775fa,2025-08-06,1367895.860286,27310.752686,1340585.1076,-0.00528335,4113.485,0.0024455
20260819_104628_a775fa,2025-08-07,1367489.436186,27310.752686,1340178.6835,-0.00029712,4114.666,0.0002871
20260819_104628_a775fa,2025-08-08,1380684.947286,27310.752686,1353374.1946,0.00964944,4104.967,-0.00235718
20260819_104628_a775fa,2025-08-11,1398558.531886,27310.752686,1371247.7792,0.01294545,4122.511,0.00427385
20260819_104628_a775fa,2025-08-12,1401631.217386,27310.752686,1374320.4647,0.00219704,4143.825,0.00517015
20260819_104628_a775fa,2025-08-13,1412418.842086,27310.752686,1385108.0894,0.00769648,4176.578,0.00790405
20260819_104628_a775fa,2025-08-14,1403357.417386,27310.752686,1376046.6647,-0.00641554,4173.314,-0.0007815
20260819_104628_a775fa,2025-08-15,1432461.140186,27310.752686,1405150.3875,0.02073864,4202.353,0.00695826
20260819_104628_a775fa,2025-08-18,1437106.085486,27310.752686,1409795.3328,0.00324263,4239.412,0.00881863
20260819_104628_a775fa,2025-08-19,1431767.748986,27310.752686,1404456.9963,-0.00371464,4223.375,-0.00378284
20260819_104628_a775fa,2025-08-20,1434480.708586,27310.752686,1407169.9559,0.00189483,4271.396,0.01137029
20260819_104628_a775fa,2025-08-21,1421687.120186,27310.752686,1394376.3675,-0.00891862,4288.07,0.00390364
20260819_104628_a775fa,2025-08-22,1431973.925186,27310.752686,1404663.1725,0.00723563,4377.997,0.02097144
20260819_104628_a775fa,2025-08-25,1436752.822986,27310.752686,1409442.0703,0.00333728,4469.222,0.02083715
20260819_104628_a775fa,2025-08-26,1444432.780786,27310.752686,1417122.0281,0.00534536,4452.591,-0.00372123
20260819_104628_a775fa,2025-08-27,1419215.210586,27310.752686,1391904.4579,-0.01745846,4386.127,-0.01492704
20260819_104628_a775fa,2025-08-28,1435412.218586,27310.752686,1408101.4659,0.01141265,4463.782,0.01770469
20260819_104628_a775fa,2025-08-29,1441920.219086,27310.752686,1414609.4664,0.00453389,4496.759,0.00738768
20260819_104628_a775fa,2025-09-01,1470162.832686,27310.752686,1442852.08,0.01958681,4523.711,0.00599365
20260819_104628_a775fa,2025-09-02,1433317.990986,27310.752686,1406007.2383,-0.02506174,4490.453,-0.00735193
20260819_104628_a775fa,2025-09-03,1413824.204386,27310.752686,1386513.4517,-0.01360046,4459.83,-0.00681958
20260819_104628_a775fa,2025-09-04,1385025.885386,27310.752686,1357715.1327,-0.02036909,4365.209,-0.02121628
20260819_104628_a775fa,2025-09-05,1414766.273786,27310.752686,1387455.5211,0.0214728,4460.325,0.02178956
20260819_104628_a775fa,2025-09-08,1422804.144786,27310.752686,1395493.3921,0.00568141,4467.573,0.00162499
20260819_104628_a775fa,2025-09-09,1413046.161986,27310.752686,1385735.4093,-0.00685828,4436.258,-0.0070094
20260819_104628_a775fa,2025-09-10,1432477.628886,27310.752686,1405166.8762,0.01375147,4445.365,0.00205286
20260819_104628_a775fa,2025-09-11,1447345.467086,27310.752686,1420034.7144,0.01037911,4548.034,0.02309574
20260819_104628_a775fa,2025-09-12,1432889.175986,27310.752686,1405578.4233,-0.00998814,4521.998,-0.00572467
20260819_104628_a775fa,2025-09-15,1428158.825687,186846.210087,1241312.6156,-0.00330127,4533.056,0.00244538
20260819_104628_a775fa,2025-09-16,1426437.716112,68092.629512,1358345.0866,-0.00120512,4523.337,-0.00214403
20260819_104628_a775fa,2025-09-17,1445474.509512,68092.629512,1377381.88,0.01334569,4551.023,0.0061207
20260819_104628_a775fa,2025-09-18,1427497.857953,166598.906153,1260898.9518,-0.01243651,4498.109,-0.01162684
20260819_104628_a775fa,2025-09-19,1434950.437708,49303.409608,1385647.0281,0.00522073,4501.92,0.00084724
20260819_104628_a775fa,2025-09-22,1431884.798708,49303.409608,1382581.3891,-0.00213641,4522.608,0.00459537
20260819_104628_a775fa,2025-09-23,1410723.365708,49303.409608,1361419.9561,-0.01477873,4519.778,-0.00062575
20260819_104628_a775fa,2025-09-24,1428765.393108,49303.409608,1379461.9835,0.0127892,4566.071,0.01024232
20260819_104628_a775fa,2025-09-25,1409019.923608,49303.409608,1359716.514,-0.01381995,4593.487,0.00600429
20260819_104628_a775fa,2025-09-26,1401460.919508,49303.409608,1352157.5099,-0.00536472,4550.049,-0.00945643
20260819_104628_a775fa,2025-09-29,1402107.053371,348250.945771,1053856.1076,0.00046104,4620.053,0.01538533
20260819_104628_a775fa,2025-09-30,1414622.917705,4172.680605,1410450.2371,0.00892647,4640.693,0.00446748
20260819_104628_a775fa,2025-10-09,1431296.857483,104364.442783,1326932.4147,0.01178684,4709.482,0.014823
20260819_104628_a775fa,2025-10-10,1434656.292714,260033.265914,1174623.0268,0.00234713,4616.834,-0.01967265
20260819_104628_a775fa,2025-10-13,1436500.062142,247287.422342,1189212.6398,0.00128516,4593.978,-0.00495058
20260819_104628_a775fa,2025-10-14,1432291.264341,9485.581541,1422805.6828,-0.0029299,4539.065,-0.01195326
20260819_104628_a775fa,2025-10-15,1432101.311641,9485.581541,1422615.7301,-0.00013262,4606.288,0.01480988
20260819_104628_a775fa,2025-10-16,1426038.450541,9485.581541,1416552.869,-0.00423354,4618.422,0.00263423
20260819_104628_a775fa,2025-10-17,1411105.983341,9485.581541,1401620.4018,-0.01047129,4514.235,-0.022559
20260819_104628_a775fa,2025-10-20,1425660.046987,142528.997087,1283131.0499,0.01031394,4538.22,0.00531319
20260819_104628_a775fa,2025-10-21,1439931.125426,26400.929926,1413530.1955,0.01001016,4607.871,0.01534765
20260819_104628_a775fa,2025-10-22,1444731.963626,26400.929926,1418331.0337,0.00333407,4592.57,-0.00332062
20260819_104628_a775fa,2025-10-23,1445689.894326,26400.929926,1419288.9644,0.00066305,4606.344,0.00299919
20260819_104628_a775fa,2025-10-24,1437970.395726,26400.929926,1411569.4658,-0.00533966,4660.683,0.01179656
20260819_104628_a775fa,2025-10-27,1447340.947926,26400.929926,1420940.018,0.00651651,4716.019,0.01187294
20260819_104628_a775fa,2025-10-28,1442927.758826,26400.929926,1416526.8289,-0.00304917,4691.973,-0.00509879
20260819_104628_a775fa,2025-10-29,1446231.705026,26400.929926,1419830.7751,0.00228975,4747.838,0.01190651
20260819_104628_a775fa,2025-10-30,1445462.711526,26400.929926,1419061.7816,-0.00053172,4709.911,-0.00798827
20260819_104628_a775fa,2025-10-31,1448576.306726,26400.929926,1422175.3768,0.00215405,4640.668,-0.01470155
20260819_104628_a775fa,2025-11-03,1463955.705126,26400.929926,1437554.7752,0.01061691,4653.403,0.00274422
20260819_104628_a775fa,2025-11-04,1465280.953944,137584.922044,1327696.0319,0.00090525,4618.699,-0.00745777
20260819_104628_a775fa,2025-11-05,1469666.930915,15976.810015,1453690.1209,0.00299327,4627.257,0.0018529
20260819_104628_a775fa,2025-11-06,1481290.333215,15976.810015,1465313.5232,0.00790887,4693.403,0.01429486
20260819_104628_a775fa,2025-11-07,1490894.899515,15976.810015,1474918.0895,0.00648392,4678.795,-0.00311245
20260819_104628_a775fa,2025-11-10,1502286.346815,15976.810015,1486309.5368,0.00764068,4695.05,0.00347419
20260819_104628_a775fa,2025-11-11,1509503.922015,15976.810015,1493527.112,0.00480439,4652.166,-0.00913388
20260819_104628_a775fa,2025-11-12,1495482.315815,15976.810015,1479505.5058,-0.00928888,4645.908,-0.00134518
20260819_104628_a775fa,2025-11-13,1500869.853115,15976.810015,1484893.0431,0.00360254,4702.074,0.01208935
20260819_104628_a775fa,2025-11-14,1502757.567315,15976.810015,1486780.7573,0.00125775,4628.14,-0.0157237
20260819_104628_a775fa,2025-11-17,1491694.259615,15976.810015,1475717.4496,-0.007362,4598.052,-0.0065011
20260819_104628_a775fa,2025-11-18,1476911.774615,15976.810015,1460934.9646,-0.00990986,4568.193,-0.00649384
20260819_104628_a775fa,2025-11-19,1468629.241115,15976.810015,1452652.4311,-0.00560801,4588.293,0.00439999
20260819_104628_a775fa,2025-11-20,1457121.619415,15976.810015,1441144.8094,-0.00783562,4564.948,-0.00508795
20260819_104628_a775fa,2025-11-21,1409143.151815,15976.810015,1393166.3418,-0.03292688,4453.608,-0.0243902
20260819_104628_a775fa,2025-11-24,1411840.335515,15976.810015,1395863.5255,0.00191406,4448.047,-0.00124865
20260819_104628_a775fa,2025-11-25,1426136.656515,15976.810015,1410159.8465,0.01012602,4490.405,0.00952283
20260819_104628_a775fa,2025-11-26,1421755.524815,15976.810015,1405778.7148,-0.00307203,4517.625,0.00606181
20260819_104628_a775fa,2025-11-27,1424777.504915,15976.810015,1408800.6949,0.00212553,4515.403,-0.00049185
20260819_104628_a775fa,2025-11-28,1434871.851815,15976.810015,1418895.0418,0.00708486,4526.662,0.00249347
20260819_104628_a775fa,2025-12-01,1438527.944915,15976.810015,1422551.1349,0.00254803,4576.486,0.01100679
20260819_104628_a775fa,2025-12-02,1435782.361515,15976.810015,1419805.5515,-0.00190861,4554.335,-0.00484018
20260819_104628_a775fa,2025-12-03,1431389.294415,15976.810015,1415412.4844,-0.0030597,4531.049,-0.00511293
20260819_104628_a775fa,2025-12-04,1430280.780015,15976.810015,1414303.97,-0.00077443,4546.567,0.00342481
20260819_104628_a775fa,2025-12-05,1441950.276015,15976.810015,1425973.466,0.00815888,4584.537,0.00835136
20260819_104628_a775fa,2025-12-08,1446804.899015,15976.810015,1430828.089,0.00336671,4621.754,0.00811794
20260819_104628_a775fa,2025-12-09,1422399.118515,15976.810015,1406422.3085,-0.01686874,4598.223,-0.00509136
20260819_104628_a775fa,2025-12-10,1425180.156915,15976.810015,1409203.3469,0.00195517,4591.827,-0.00139097
20260819_104628_a775fa,2025-12-11,1415306.904715,15976.810015,1399330.0947,-0.00692772,4552.185,-0.00863316
20260819_104628_a775fa,2025-12-12,1419363.364215,15976.810015,1403386.5542,0.00286613,4580.95,0.00631894
20260819_104628_a775fa,2025-12-15,1417356.047015,15976.810015,1401379.237,-0.00141424,4552.059,-0.00630677
20260819_104628_a775fa,2025-12-16,1403657.395415,15976.810015,1387680.5854,-0.00966493,4497.554,-0.0119737
20260819_104628_a775fa,2025-12-17,1410361.321727,136421.858627,1273939.4631,0.00477604,4579.875,0.0183035
20260819_104628_a775fa,2025-12-18,1408683.736781,20970.018281,1387713.7185,-0.00118947,4552.793,-0.00591326
20260819_104628_a775fa,2025-12-19,1417216.220081,20970.018281,1396246.2018,0.00605706,4568.179,0.00337946
20260819_104628_a775fa,2025-12-22,1416198.648952,128451.118952,1287747.53,-0.00071801,4611.623,0.00951014
20260819_104628_a775fa,2025-12-23,1411976.291962,14745.941362,1397230.3506,-0.00298147,4620.734,0.00197566
20260819_104628_a775fa,2025-12-24,1419441.547762,14745.941362,1404695.6064,0.0052871,4634.058,0.00288352
20260819_104628_a775fa,2025-12-25,1425821.787062,14745.941362,1411075.8457,0.00449489,4642.536,0.0018295
20260819_104628_a775fa,2025-12-26,1431472.209662,14745.941362,1416726.2683,0.00396292,4657.24,0.00316723
20260819_104628_a775fa,2025-12-29,1426490.302962,14745.941362,1411744.3616,-0.00348027,4639.372,-0.00383661
20260819_104628_a775fa,2025-12-30,1421333.242562,14745.941362,1406587.3012,-0.00361521,4651.282,0.00256716
20260819_104628_a775fa,2025-12-31,1420324.769056,388588.555956,1031736.2131,-0.00070953,4629.94,-0.00458841
20260819_104628_a775fa,2026-01-05,1434570.229242,40155.013142,1394415.2161,0.01002972,4717.746,0.01896482
20260819_104628_a775fa,2026-01-06,1441645.619816,136954.127316,1304691.4925,0.00493206,4790.694,0.01546247
20260819_104628_a775fa,2026-01-07,1431577.236069,376105.891569,1055471.3445,-0.00698395,4776.666,-0.00292818
20260819_104628_a775fa,2026-01-08,1447358.018881,266659.132681,1180698.8862,0.01102335,4737.654,-0.0081672
20260819_104628_a775fa,2026-01-09,1473738.532961,26116.530461,1447622.0025,0.01822667,4758.922,0.00448914
20260819_104628_a775fa,2026-01-12,1548876.128261,26116.530461,1522759.5978,0.05098435,4789.915,0.00651261
20260819_104628_a775fa,2026-01-13,1538217.325061,26116.530461,1512100.7946,-0.00688164,4761.032,-0.00602996
20260819_104628_a775fa,2026-01-14,1573693.540161,26116.530461,1547577.0097,0.0230632,4741.931,-0.00401195
20260819_104628_a775fa,2026-01-15,1546485.429363,158011.398263,1388474.0311,-0.01728933,4751.429,0.00200298
20260819_104628_a775fa,2026-01-16,1539933.489643,32045.433443,1507888.0562,-0.00423666,4731.873,-0.00411581
20260819_104628_a775fa,2026-01-19,1544089.096043,32045.433443,1512043.6626,0.00269856,4734.456,0.00054587
20260819_104628_a775fa,2026-01-20,1547129.289143,32045.433443,1515083.8557,0.00196892,4718.878,-0.00329035
20260819_104628_a775fa,2026-01-21,1537876.396143,32045.433443,1505830.9627,-0.00598069,4723.07,0.00088835
20260819_104628_a775fa,2026-01-22,1546544.074343,32045.433443,1514498.6409,0.00563613,4723.709,0.00013529
20260819_104628_a775fa,2026-01-23,1557175.020943,32045.433443,1525129.5875,0.006874,4702.496,-0.00449075
20260819_104628_a775fa,2026-01-26,1547590.095143,32045.433443,1515544.6617,-0.00615533,4706.964,0.00095013
20260819_104628_a775fa,2026-01-27,1530130.049443,32045.433443,1498084.616,-0.01128209,4705.692,-0.00027024
20260819_104628_a775fa,2026-01-28,1525773.903143,32045.433443,1493728.4697,-0.00284691,4717.991,0.00261364
20260819_104628_a775fa,2026-01-29,1533945.317943,32045.433443,1501899.8845,0.00535559,4753.87,0.00760472
20260819_104628_a775fa,2026-01-30,1541319.714153,146553.473953,1394766.2402,0.00480747,4706.34,-0.00999817
20260819_104628_a775fa,2026-02-02,1525446.444208,21327.993408,1504118.4508,-0.01029849,4605.98,-0.02132443
20260819_104628_a775fa,2026-02-03,1546871.514708,21327.993408,1525543.5213,0.01404511,4660.108,0.01175168
20260819_104628_a775fa,2026-02-04,1550945.385708,21327.993408,1529617.3923,0.00263362,4698.683,0.00827771
20260819_104628_a775fa,2026-02-05,1551373.179508,21327.993408,1530045.1861,0.00027583,4670.419,-0.0060153
20260819_104628_a775fa,2026-02-06,1552934.192308,21327.993408,1531606.1989,0.00100621,4643.596,-0.00574317
20260819_104628_a775fa,2026-02-09,1590614.225008,21327.993408,1569286.2316,0.02426377,4719.056,0.01625034
20260819_104628_a775fa,2026-02-10,1597823.791408,21327.993408,1576495.798,0.00453257,4724.295,0.00111018
20260819_104628_a775fa,2026-02-11,1593297.864908,21327.993408,1571969.8715,-0.00283256,4713.818,-0.00221769
20260819_104628_a775fa,2026-02-12,1607317.120508,21327.993408,1585989.1271,0.00879889,4719.578,0.00122194
20260819_104628_a775fa,2026-02-13,1606374.255508,21327.993408,1585046.2621,-0.00058661,4660.406,-0.01253756
20260819_104628_a775fa,2026-02-24,1616746.070408,21327.993408,1595418.077,0.00645666,4707.544,0.01011457
20260819_104628_a775fa,2026-02-25,1640140.543808,21327.993408,1618812.5504,0.0144701,4735.886,0.00602055
20260819_104628_a775fa,2026-02-26,1654213.427708,21327.993408,1632885.4343,0.00858029,4726.874,-0.00190292
20260819_104628_a775fa,2026-02-27,1698635.036908,21327.993408,1677307.0435,0.02685361,4710.647,-0.00343292
20260819_104628_a775fa,2026-03-02,1683787.475708,21327.993408,1662459.4823,-0.00874088,4728.669,0.0038258
20260819_104628_a775fa,2026-03-03,1633512.408808,21327.993408,1612184.4154,-0.02985832,4655.897,-0.01538953
20260819_104628_a775fa,2026-03-04,1640449.083608,121153.867008,1519295.2166,0.00424648,4602.625,-0.01144183
20260819_104628_a775fa,2026-03-05,1648728.457839,1776.152439,1646952.3054,0.00504702,4647.692,0.00979159
20260819_104628_a775fa,2026-03-06,1696009.297939,1776.152439,1694233.1455,0.02867715,4660.439,0.00274265
20260819_104628_a775fa,2026-03-09,1694803.094939,1776.152439,1693026.9425,-0.0007112,4615.455,-0.00965231
20260819_104628_a775fa,2026-03-10,1718890.561174,113394.461974,1605496.0992,0.01421255,4674.756,0.01284835
20260819_104628_a775fa,2026-03-11,1750647.870843,3760.136343,1746887.7345,0.01847547,4704.496,0.00636183
20260819_104628_a775fa,2026-03-12,1775768.450943,3760.136343,1772008.3146,0.0143493,4687.56,-0.00359996
20260819_104628_a775fa,2026-03-13,1759855.211043,3760.136343,1756095.0747,-0.00896133,4669.14,-0.00392955
20260819_104628_a775fa,2026-03-16,1739172.542043,3760.136343,1735412.4057,-0.01175248,4671.559,0.00051808
20260819_104628_a775fa,2026-03-17,1716462.914743,3760.136343,1712702.7784,-0.01305772,4637.439,-0.00730377
20260819_104628_a775fa,2026-03-18,1744346.204543,3760.136343,1740586.0682,0.01624462,4658.332,0.00450529
20260819_104628_a775fa,2026-03-19,1760507.461443,3760.136343,1756747.3251,0.00926494,4583.251,-0.01611757
20260819_104628_a775fa,2026-03-20,1768916.949843,3760.136343,1765156.8135,0.00477674,4567.018,-0.00354181
20260819_104628_a775fa,2026-03-23,1710564.819043,3760.136343,1706804.6827,-0.03298749,4417.997,-0.03262983
20260819_104628_a775fa,2026-03-24,1769638.271956,554082.267656,1215556.0043,0.03453447,4474.722,0.01283953
20260819_104628_a775fa,2026-03-25,1793916.781556,554082.267656,1239834.5139,0.01371948,4537.466,0.01402188
20260819_104628_a775fa,2026-03-26,1799422.906628,8483.387328,1790939.5193,0.00306933,4477.534,-0.01320825
20260819_104628_a775fa,2026-03-27,1844355.004206,112400.886306,1731954.1179,0.02497028,4502.57,0.00559147
20260819_104628_a775fa,2026-03-30,1766253.001668,2138.375568,1764114.6261,-0.04234651,4491.95,-0.00235865
20260819_104628_a775fa,2026-03-31,1743508.182568,2138.375568,1741369.807,-0.01287744,4450.049,-0.00932802
20260819_104628_a775fa,2026-04-01,1733793.082268,2138.375568,1731654.7067,-0.00557216,4526.066,0.01708228
20260819_104628_a775fa,2026-04-02,1655513.483668,2138.375568,1653375.1081,-0.04514933,4478.915,-0.01041766
20260819_104628_a775fa,2026-04-03,1614883.339568,2138.375568,1612744.964,-0.02454232,4440.789,-0.00851233
20260819_104628_a775fa,2026-04-07,1616720.449578,189357.975078,1427362.4745,0.00113761,4440.616,-3.896e-05
20260819_104628_a775fa,2026-04-08,1657418.224021,336971.259021,1320446.965,0.02517304,4595.556,0.03489156
20260819_104628_a775fa,2026-04-09,1646631.939511,7848.162111,1638783.7774,-0.00650788,4566.223,-0.00638291
20260819_104628_a775fa,2026-04-10,1655841.253511,7848.162111,1647993.0914,0.00559282,4636.566,0.01540507
20260819_104628_a775fa,2026-04-13,1688565.68389,437761.11289,1250804.571,0.01976302,4646.155,0.00206813
20260819_104628_a775fa,2026-04-14,1718170.029647,346585.600847,1371584.4288,0.01753224,4701.284,0.01186551
20260819_104628_a775fa,2026-04-15,1756879.053703,222772.881203,1534106.1725,0.02252922,4685.246,-0.00341141
20260819_104628_a775fa,2026-04-16,1780989.877703,222772.881203,1558216.9965,0.01372367,4736.608,0.0109625
20260819_104628_a775fa,2026-04-17,1804947.836803,222772.881203,1582174.9556,0.01345205,4728.672,-0.00167546
20260819_104628_a775fa,2026-04-20,1807669.559903,222772.881203,1584896.6787,0.00150792,4757.442,0.00608416
20260819_104628_a775fa,2026-04-21,1841374.674203,222772.881203,1618601.793,0.01864562,4767.997,0.00221863
20260819_104628_a775fa,2026-04-22,1884179.010203,222772.881203,1661406.129,0.02324586,4799.627,0.00663381
20260819_104628_a775fa,2026-04-23,1875264.581403,222772.881203,1652491.7002,-0.0047312,4786.327,-0.00277105
20260819_104628_a775fa,2026-04-24,1852686.836403,222772.881203,1629913.9552,-0.01203977,4769.369,-0.00354301
20260819_104628_a775fa,2026-04-27,1850387.565503,222772.881203,1627614.6843,-0.00124105,4770.947,0.00033086
20260819_104628_a775fa,2026-04-28,1837651.472403,222772.881203,1614878.5912,-0.00688293,4758.209,-0.00266991
20260819_104628_a775fa,2026-04-29,1864960.194403,222772.881203,1642187.3132,0.01486066,4810.347,0.01095748
20260819_104628_a775fa,2026-04-30,1857489.878303,222772.881203,1634716.9971,-0.00400562,4807.307,-0.00063197
20260819_104628_a775fa,2026-05-06,1903959.687903,222772.881203,1681186.8067,0.02501753,4877.094,0.01451686
20260819_104628_a775fa,2026-05-07,1925096.272903,222772.881203,1702323.3917,0.01110138,4900.51,0.00480122
20260819_104628_a775fa,2026-05-08,1929724.015603,222772.881203,1706951.1344,0.0024039,4871.912,-0.00583572
20260819_104628_a775fa,2026-05-11,1960970.550503,222772.881203,1738197.6693,0.01619223,4951.837,0.01640526
20260819_104628_a775fa,2026-05-12,1933796.742603,222772.881203,1711023.8614,-0.01385733,4948.047,-0.00076537
20260819_104628_a775fa,2026-05-13,1932991.238803,222772.881203,1710218.3576,-0.00041654,4998.342,0.01016462
20260819_104628_a775fa,2026-05-14,1943273.349141,334580.112841,1608693.2363,0.00531927,4914.597,-0.01675456
20260819_104628_a775fa,2026-05-15,1907660.477633,270114.397233,1637546.0804,-0.01832623,4859.593,-0.01119197
20260819_104628_a775fa,2026-05-18,1932348.696436,231806.984136,1700541.7123,0.01294162,4833.524,-0.00536444
20260819_104628_a775fa,2026-05-19,1957901.520712,71204.748412,1886696.7723,0.01322371,4852.883,0.00400515
20260819_104628_a775fa,2026-05-20,1980240.567012,71204.748412,1909035.8186,0.01140969,4850.7,-0.00044984
20260819_104628_a775fa,2026-05-21,1939072.187512,71204.748412,1867867.4391,-0.02078958,4783.098,-0.01393655
20260819_104628_a775fa,2026-05-22,2013211.190912,71204.748412,1942006.4425,0.03823427,4845.096,0.01296189
20260819_104628_a775fa,2026-05-25,2020748.551712,71204.748412,1949543.8033,0.00374395,4921.598,0.01578957
20260819_104628_a775fa,2026-05-26,1990818.250212,71204.748412,1919613.5018,-0.01481149,4947.849,0.00533384
20260819_104628_a775fa,2026-05-27,1976274.708612,71204.748412,1905069.9602,-0.00730531,4908.172,-0.00801904
20260819_104628_a775fa,2026-05-28,1975343.360412,71204.748412,1904138.612,-0.00047126,4914.214,0.00123101
20260819_104628_a775fa,2026-05-29,1917340.717712,71204.748412,1846135.9693,-0.02936332,4892.121,-0.00449573
20260819_104628_a775fa,2026-06-01,1896171.219207,207438.636307,1688732.5829,-0.01104107,4844.255,-0.0097843
20260819_104628_a775fa,2026-06-02,1904584.79938,49700.70188,1854884.0975,0.00443714,4914.559,0.01451286
20260819_104628_a775fa,2026-06-03,1902545.99858,49700.70188,1852845.2967,-0.00107047,4938.809,0.00493432
20260819_104628_a775fa,2026-06-04,1907618.64548,49700.70188,1857917.9436,0.00266624,4904.746,-0.00689701
20260819_104628_a775fa,2026-06-05,1871962.584729,187866.401429,1684096.1833,-0.0186914,4816.92,-0.01790633
20260819_104628_a775fa,2026-06-08,1832527.450771,48855.426971,1783672.0238,-0.0210662,4713.636,-0.02144192
20260819_104628_a775fa,2026-06-09,1879667.101181,187844.027481,1691823.0737,0.02572384,4801.811,0.01870637
20260819_104628_a775fa,2026-06-10,1880115.326556,156730.044356,1723385.2822,0.00023846,4748.594,-0.01108269
20260819_104628_a775fa,2026-06-11,1857597.795156,156730.044356,1700867.7508,-0.01197668,4722.412,-0.00551363
20260819_104628_a775fa,2026-06-12,1916440.853656,156730.044356,1759710.8093,0.03167696,4777.32,0.01162711
20260819_104628_a775fa,2026-06-15,1997594.645856,156730.044356,1840864.6015,0.0423461,4777.32,0.0
20260819_104628_a775fa,2026-06-16,2024473.308636,163.634336,2024309.6743,0.01345551,4777.32,0.0
20260819_104628_a775fa,2026-06-17,2086329.669736,163.634336,2086166.0354,0.0305543,4777.32,0.0
20260819_104628_a775fa,2026-06-18,2061202.764036,163.634336,2061039.1297,-0.01204359,4777.32,0.0
20260819_104628_a775fa,2026-06-22,2108889.877536,163.634336,2108726.2432,0.02313558,4777.32,0.0
20260819_104628_a775fa,2026-06-23,2067607.250836,163.634336,2067443.6165,-0.01957553,4777.32,0.0
20260819_104628_a775fa,2026-06-24,2112608.991736,163.634336,2112445.3574,0.02176513,4777.32,0.0
20260819_104628_a775fa,2026-06-25,2124416.067493,657743.070693,1466672.9968,0.00558886,4777.32,0.0
20260819_104628_a775fa,2026-06-26,2124514.180022,257127.494122,1867386.6859,4.618e-05,4777.32,0.0
20260819_104628_a775fa,2026-06-29,2106139.744087,185366.014087,1920773.73,-0.00864877,4777.32,0.0
20260819_104628_a775fa,2026-06-30,2138745.341987,185366.014087,1953379.3279,0.01548121,4777.32,0.0
