run_id,date,total_asset,cash,market_value,daily_return,benchmark_close,benchmark_return
20260815_222334_6537d9,2019-01-02,100000.0,100000.0,0,0.0,,
20260815_222334_6537d9,2019-01-03,99934.365935,29620.547935,70313.818,-0.00065634,,
20260815_222334_6537d9,2019-01-04,100813.220935,29620.547935,71192.673,0.00879432,,
20260815_222334_6537d9,2019-01-07,102269.917935,29620.547935,72649.37,0.01444946,,
20260815_222334_6537d9,2019-01-08,102305.953935,29620.547935,72685.406,0.00035236,,
20260815_222334_6537d9,2019-01-09,101931.317935,29620.547935,72310.77,-0.00366192,,
20260815_222334_6537d9,2019-01-10,101730.419935,29620.547935,72109.872,-0.00197092,,
20260815_222334_6537d9,2019-01-11,101365.940935,29620.547935,71745.393,-0.00358279,,
20260815_222334_6537d9,2019-01-14,101269.474935,29620.547935,71648.927,-0.00095166,,
20260815_222334_6537d9,2019-01-15,102533.963935,29620.547935,72913.416,0.01248638,,
20260815_222334_6537d9,2019-01-16,102634.937935,29620.547935,73014.39,0.00098479,,
20260815_222334_6537d9,2019-01-17,102118.517935,29620.547935,72497.97,-0.00503162,,
20260815_222334_6537d9,2019-01-18,102557.786935,29620.547935,72937.239,0.00430156,,
20260815_222334_6537d9,2019-01-21,102833.505935,29620.547935,73212.958,0.00268843,,
20260815_222334_6537d9,2019-01-22,102337.833935,29620.547935,72717.286,-0.00482014,,
20260815_222334_6537d9,2019-01-23,102307.752935,29620.547935,72687.205,-0.00029394,,
20260815_222334_6537d9,2019-01-24,102294.557935,29620.547935,72674.01,-0.00012897,,
20260815_222334_6537d9,2019-01-25,102488.299935,29620.547935,72867.752,0.00189396,,
20260815_222334_6537d9,2019-01-28,101148.602935,29620.547935,71528.055,-0.01307171,,
20260815_222334_6537d9,2019-01-29,100420.344935,29620.547935,70799.797,-0.00719988,,
20260815_222334_6537d9,2019-01-30,98913.301048,22790.242048,76123.059,-0.01500736,,
20260815_222334_6537d9,2019-01-31,98868.09989,13971.37089,84896.729,-0.00045698,,
20260815_222334_6537d9,2019-02-01,100024.45589,13971.37089,86053.085,0.01169595,,
20260815_222334_6537d9,2019-02-11,102132.85089,13971.37089,88161.48,0.02107879,,
20260815_222334_6537d9,2019-02-12,102600.04889,13971.37089,88628.678,0.00457441,,
20260815_222334_6537d9,2019-02-13,104610.35089,13971.37089,90638.98,0.01959358,,
20260815_222334_6537d9,2019-02-14,105560.37689,13971.37089,91589.006,0.00908157,,
20260815_222334_6537d9,2019-02-15,104947.58589,13971.37089,90976.215,-0.00580512,,
20260815_222334_6537d9,2019-02-18,107065.80789,13971.37089,93094.437,0.02018362,,
20260815_222334_6537d9,2019-02-19,107736.28389,13971.37089,93764.913,0.00626228,,
20260815_222334_6537d9,2019-02-20,108317.04189,13971.37089,94345.671,0.00539055,,
20260815_222334_6537d9,2019-02-21,107638.46789,13971.37089,93667.097,-0.0062647,,
20260815_222334_6537d9,2019-02-22,110906.32889,13971.37089,96934.958,0.0303596,,
20260815_222334_6537d9,2019-02-25,114755.44989,13971.37089,100784.079,0.03470605,,
20260815_222334_6537d9,2019-02-26,112358.31289,13971.37089,98386.942,-0.02088909,,
20260815_222334_6537d9,2019-02-27,112750.04089,13971.37089,98778.67,0.00348642,,
20260815_222334_6537d9,2019-02-28,116769.80989,13971.37089,102798.439,0.03565204,,
20260815_222334_6537d9,2019-03-01,117719.83689,13971.37089,103748.466,0.0081359,,
20260815_222334_6537d9,2019-03-04,121029.82489,13971.37089,107058.454,0.0281175,,
20260815_222334_6537d9,2019-03-05,123431.97289,13971.37089,109460.602,0.01984757,,
20260815_222334_6537d9,2019-03-06,123536.55189,13971.37089,109565.181,0.00084726,,
20260815_222334_6537d9,2019-03-07,121259.89389,13971.37089,107288.523,-0.01842902,,
20260815_222334_6537d9,2019-03-08,119450.17889,13971.37089,105478.808,-0.01492427,,
20260815_222334_6537d9,2019-03-11,122825.40989,13971.37089,108854.039,0.02825639,,
20260815_222334_6537d9,2019-03-12,121996.91389,13971.37089,108025.543,-0.00674531,,
20260815_222334_6537d9,2019-03-13,120392.35289,13971.37089,106420.982,-0.01315247,,
20260815_222334_6537d9,2019-03-14,119750.19689,13971.37089,105778.826,-0.00533386,,
20260815_222334_6537d9,2019-03-15,123163.71689,13971.37089,109192.346,0.02850534,,
20260815_222334_6537d9,2019-03-18,125748.97689,13971.37089,111777.606,0.02099044,,
20260815_222334_6537d9,2019-03-19,124284.21989,13971.37089,110312.849,-0.01164826,,
20260815_222334_6537d9,2019-03-20,124207.19789,13971.37089,110235.827,-0.00061972,,
20260815_222334_6537d9,2019-03-21,122807.67589,13971.37089,108836.305,-0.01126764,,
20260815_222334_6537d9,2019-03-22,121665.59389,13971.37089,107694.223,-0.00929976,,
20260815_222334_6537d9,2019-03-25,120336.30689,13971.37089,106364.936,-0.01092574,,
20260815_222334_6537d9,2019-03-26,119782.81289,13971.37089,105811.442,-0.00459956,,
20260815_222334_6537d9,2019-03-27,121857.77789,13971.37089,107886.407,0.01732273,,
20260815_222334_6537d9,2019-03-28,122294.58489,13971.37089,108323.214,0.00358456,,
20260815_222334_6537d9,2019-03-29,123955.15389,13971.37089,109983.783,0.01357843,,
20260815_222334_6537d9,2019-04-01,125655.07889,13971.37089,111683.708,0.01371403,,
20260815_222334_6537d9,2019-04-02,124981.442803,26154.218803,98827.224,-0.00536099,,
20260815_222334_6537d9,2019-04-03,125445.458803,26154.218803,99291.24,0.00371268,,
20260815_222334_6537d9,2019-04-04,126380.994803,26154.218803,100226.776,0.00745771,,
20260815_222334_6537d9,2019-04-08,127459.085803,26154.218803,101304.867,0.00853048,,
20260815_222334_6537d9,2019-04-09,127039.503803,26154.218803,100885.285,-0.0032919,,
20260815_222334_6537d9,2019-04-10,127071.392803,26154.218803,100917.174,0.00025102,,
20260815_222334_6537d9,2019-04-11,126480.043803,26154.218803,100325.825,-0.00465368,,
20260815_222334_6537d9,2019-04-12,126577.365803,26154.218803,100423.147,0.00076947,,
20260815_222334_6537d9,2019-04-15,126308.002803,26154.218803,100153.784,-0.00212805,,
20260815_222334_6537d9,2019-04-16,127582.808803,26154.218803,101428.59,0.01009284,,
20260815_222334_6537d9,2019-04-17,128144.997803,26154.218803,101990.779,0.00440646,,
20260815_222334_6537d9,2019-04-18,127777.265803,26154.218803,101623.047,-0.00286966,,
20260815_222334_6537d9,2019-04-19,127849.226803,26154.218803,101695.008,0.00056318,,
20260815_222334_6537d9,2019-04-22,127374.281803,26154.218803,101220.063,-0.00371488,,
20260815_222334_6537d9,2019-04-23,127199.889803,26154.218803,101045.671,-0.00136913,,
20260815_222334_6537d9,2019-04-24,127154.081803,26154.218803,100999.863,-0.00036013,,
20260815_222334_6537d9,2019-04-25,125028.099803,26154.218803,98873.881,-0.01671973,,
20260815_222334_6537d9,2019-04-26,124197.543803,26154.218803,98043.325,-0.00664295,,
20260815_222334_6537d9,2019-04-29,122523.150733,14928.068733,107595.082,-0.01348169,,
20260815_222334_6537d9,2019-04-30,123835.398258,7624.908258,116210.49,0.0107102,,
20260815_222334_6537d9,2019-05-06,118196.816258,7624.908258,110571.908,-0.04553288,,
20260815_222334_6537d9,2019-05-07,118292.700258,7624.908258,110667.792,0.00081122,,
20260815_222334_6537d9,2019-05-08,117718.134258,7624.908258,110093.226,-0.00485716,,
20260815_222334_6537d9,2019-05-09,116432.739556,19967.833556,96464.906,-0.01091926,,
20260815_222334_6537d9,2019-05-10,117940.882556,19967.833556,97973.049,0.01295291,,
20260815_222334_6537d9,2019-05-13,117386.730556,19967.833556,97418.897,-0.00469856,,
20260815_222334_6537d9,2019-05-14,116911.073556,19967.833556,96943.24,-0.00405205,,
20260815_222334_6537d9,2019-05-15,117673.012556,19967.833556,97705.179,0.00651725,,
20260815_222334_6537d9,2019-05-16,118017.146556,19967.833556,98049.313,0.00292449,,
20260815_222334_6537d9,2019-05-17,116887.029556,19967.833556,96919.196,-0.00957587,,
20260815_222334_6537d9,2019-05-20,116618.752556,19967.833556,96650.919,-0.00229518,,
20260815_222334_6537d9,2019-05-21,114835.333556,19967.833556,94867.5,-0.01529273,,
20260815_222334_6537d9,2019-05-22,113571.358556,19967.833556,93603.525,-0.01100685,,
20260815_222334_6537d9,2019-05-23,111421.083921,6297.173921,105123.91,-0.01893325,,
20260815_222334_6537d9,2019-05-24,111201.607921,6297.173921,104904.434,-0.00196979,,
20260815_222334_6537d9,2019-05-27,112048.548921,6297.173921,105751.375,0.00761627,,
20260815_222334_6537d9,2019-05-28,111982.535921,6297.173921,105685.362,-0.00058915,,
20260815_222334_6537d9,2019-05-29,111527.980921,6297.173921,105230.807,-0.00405916,,
20260815_222334_6537d9,2019-05-30,111062.165921,6297.173921,104764.992,-0.00417666,,
20260815_222334_6537d9,2019-05-31,111130.374921,6297.173921,104833.201,0.00061415,,
20260815_222334_6537d9,2019-06-03,110234.764921,6297.173921,103937.591,-0.00805909,,
20260815_222334_6537d9,2019-06-04,109865.271921,6297.173921,103568.098,-0.00335187,,
20260815_222334_6537d9,2019-06-05,110106.839921,6297.173921,103809.666,0.00219877,,
20260815_222334_6537d9,2019-06-06,109915.687921,6297.173921,103618.514,-0.00173606,,
20260815_222334_6537d9,2019-06-10,110674.211921,6297.173921,104377.038,0.00690096,,
20260815_222334_6537d9,2019-06-11,112250.899921,6297.173921,105953.726,0.01424621,,
20260815_222334_6537d9,2019-06-12,112221.707921,6297.173921,105924.534,-0.00026006,,
20260815_222334_6537d9,2019-06-13,113468.389921,6297.173921,107171.216,0.0111091,,
20260815_222334_6537d9,2019-06-14,112781.486921,6297.173921,106484.313,-0.00605369,,
20260815_222334_6537d9,2019-06-17,114276.642921,6297.173921,107979.469,0.0132571,,
20260815_222334_6537d9,2019-06-18,114148.757921,6297.173921,107851.584,-0.00111908,,
20260815_222334_6537d9,2019-06-19,114755.051921,6297.173921,108457.878,0.00531144,,
20260815_222334_6537d9,2019-06-20,116211.211921,6297.173921,109914.038,0.01268929,,
20260815_222334_6537d9,2019-06-21,116376.781921,6297.173921,110079.608,0.00142473,,
20260815_222334_6537d9,2019-06-24,116557.769921,6297.173921,110260.596,0.00155519,,
20260815_222334_6537d9,2019-06-25,115775.349921,6297.173921,109478.176,-0.00671272,,
20260815_222334_6537d9,2019-06-26,115743.491921,6297.173921,109446.318,-0.00027517,,
20260815_222334_6537d9,2019-06-27,115560.697921,6297.173921,109263.524,-0.0015793,,
20260815_222334_6537d9,2019-06-28,114623.289921,6297.173921,108326.116,-0.00811182,,
20260815_222334_6537d9,2019-07-01,116643.882921,6297.173921,110346.709,0.01762812,,
20260815_222334_6537d9,2019-07-02,116409.582767,16249.053767,100160.529,-0.00200868,,
20260815_222334_6537d9,2019-07-03,115294.652767,16249.053767,99045.599,-0.00957765,,
20260815_222334_6537d9,2019-07-04,115429.305718,14248.103718,101181.202,0.0011679,,
20260815_222334_6537d9,2019-07-05,115122.217718,14248.103718,100874.114,-0.0026604,,
20260815_222334_6537d9,2019-07-08,112350.669718,14248.103718,98102.566,-0.02407483,,
20260815_222334_6537d9,2019-07-09,112111.493718,14248.103718,97863.39,-0.00212883,,
20260815_222334_6537d9,2019-07-10,111048.845718,14248.103718,96800.742,-0.00947849,,
20260815_222334_6537d9,2019-07-11,111434.175171,5651.823171,105782.352,0.00346991,,
20260815_222334_6537d9,2019-07-12,112208.191171,5651.823171,106556.368,0.00694595,,
20260815_222334_6537d9,2019-07-15,113036.121171,5651.823171,107384.298,0.00737852,,
20260815_222334_6537d9,2019-07-16,113779.711171,5651.823171,108127.888,0.00657834,,
20260815_222334_6537d9,2019-07-17,113227.479171,5651.823171,107575.656,-0.00485352,,
20260815_222334_6537d9,2019-07-18,111346.173171,5651.823171,105694.35,-0.01661528,,
20260815_222334_6537d9,2019-07-19,112156.591171,5651.823171,106504.768,0.00727836,,
20260815_222334_6537d9,2019-07-22,109774.591171,5651.823171,104122.768,-0.02123816,,
20260815_222334_6537d9,2019-07-23,110739.925171,5651.823171,105088.102,0.00879378,,
20260815_222334_6537d9,2019-07-24,111092.243171,5651.823171,105440.42,0.00318149,,
20260815_222334_6537d9,2019-07-25,110732.837171,5651.823171,105081.014,-0.0032352,,
20260815_222334_6537d9,2019-07-26,110890.965171,5651.823171,105239.142,0.00142801,,
20260815_222334_6537d9,2019-07-29,110981.399171,5651.823171,105329.576,0.00081552,,
20260815_222334_6537d9,2019-07-30,111159.029171,5651.823171,105507.206,0.00160054,,
20260815_222334_6537d9,2019-07-31,109784.819171,5651.823171,104132.996,-0.01236256,,
20260815_222334_6537d9,2019-08-01,109084.209171,5651.823171,103432.386,-0.00638167,,
20260815_222334_6537d9,2019-08-02,106819.873013,9983.559013,96836.314,-0.02075769,,
20260815_222334_6537d9,2019-08-05,106272.150455,5482.314455,100789.836,-0.00512753,,
20260815_222334_6537d9,2019-08-06,104252.397161,3123.937161,101128.46,-0.01900548,,
20260815_222334_6537d9,2019-08-07,104556.169161,3123.937161,101432.232,0.00291381,,
20260815_222334_6537d9,2019-08-08,104300.197161,3123.937161,101176.26,-0.00244818,,
20260815_222334_6537d9,2019-08-09,103047.549161,3123.937161,99923.612,-0.01201003,,
20260815_222334_6537d9,2019-08-12,104086.861161,3123.937161,100962.924,0.01008575,,
20260815_222334_6537d9,2019-08-13,103685.129161,3123.937161,100561.192,-0.00385958,,
20260815_222334_6537d9,2019-08-14,103837.049161,3123.937161,100713.112,0.00146521,,
20260815_222334_6537d9,2019-08-15,103991.773161,3123.937161,100867.836,0.00149007,,
20260815_222334_6537d9,2019-08-16,105316.209161,3123.937161,102192.272,0.01273597,,
20260815_222334_6537d9,2019-08-19,106604.821161,3123.937161,103480.884,0.01223565,,
20260815_222334_6537d9,2019-08-20,106076.081161,3123.937161,102952.144,-0.00495981,,
20260815_222334_6537d9,2019-08-21,105980.925161,3123.937161,102856.988,-0.00089705,,
20260815_222334_6537d9,2019-08-22,105999.917161,3123.937161,102875.98,0.0001792,,
20260815_222334_6537d9,2019-08-23,105695.429161,3123.937161,102571.492,-0.00287253,,
20260815_222334_6537d9,2019-08-26,104952.665161,3123.937161,101828.728,-0.0070274,,
20260815_222334_6537d9,2019-08-27,105936.209161,3123.937161,102812.272,0.00937131,,
20260815_222334_6537d9,2019-08-28,105525.377161,3123.937161,102401.44,-0.00387811,,
20260815_222334_6537d9,2019-08-29,105368.805161,3123.937161,102244.868,-0.00148374,,
20260815_222334_6537d9,2019-08-30,105096.789161,3123.937161,101972.852,-0.00258156,,
20260815_222334_6537d9,2019-09-02,105715.105161,3123.937161,102591.168,0.0058833,,
20260815_222334_6537d9,2019-09-03,105261.569161,3123.937161,102137.632,-0.00429017,,
20260815_222334_6537d9,2019-09-04,106493.897161,3123.937161,103369.96,0.01170729,,
20260815_222334_6537d9,2019-09-05,107824.185161,3123.937161,104700.248,0.01249168,,
20260815_222334_6537d9,2019-09-06,107875.409161,3123.937161,104751.472,0.00047507,,
20260815_222334_6537d9,2019-09-09,109857.617161,3123.937161,106733.68,0.01837498,,
20260815_222334_6537d9,2019-09-10,109822.989161,3123.937161,106699.052,-0.00031521,,
20260815_222334_6537d9,2019-09-11,109812.109161,3123.937161,106688.172,-9.907e-05,,
20260815_222334_6537d9,2019-09-12,112195.225161,3123.937161,109071.288,0.02170176,,
20260815_222334_6537d9,2019-09-16,114274.877161,3123.937161,111150.94,0.01853601,,
20260815_222334_6537d9,2019-09-17,114001.525161,3123.937161,110877.588,-0.00239206,,
20260815_222334_6537d9,2019-09-18,114661.253161,3123.937161,111537.316,0.00578701,,
20260815_222334_6537d9,2019-09-19,117145.621161,3123.937161,114021.684,0.02166702,,
20260815_222334_6537d9,2019-09-20,116753.777161,3123.937161,113629.84,-0.00334493,,
20260815_222334_6537d9,2019-09-23,115920.857161,3123.937161,112796.92,-0.00713399,,
20260815_222334_6537d9,2019-09-24,116690.277161,3123.937161,113566.34,0.00663746,,
20260815_222334_6537d9,2019-09-25,115854.241161,3123.937161,112730.304,-0.00716457,,
20260815_222334_6537d9,2019-09-26,116696.681161,3123.937161,113572.744,0.00727155,,
20260815_222334_6537d9,2019-09-27,116615.073161,3123.937161,113491.136,-0.00069932,,
20260815_222334_6537d9,2019-09-30,117147.377161,3123.937161,114023.44,0.00456462,,
20260815_222334_6537d9,2019-10-08,117903.689161,3123.937161,114779.752,0.00645607,,
20260815_222334_6537d9,2019-10-09,118653.748342,21597.647342,97056.101,0.00636163,,
20260815_222334_6537d9,2019-10-10,119989.722342,21597.647342,98392.075,0.01125943,,
20260815_222334_6537d9,2019-10-11,120217.798342,21597.647342,98620.151,0.0019008,,
20260815_222334_6537d9,2019-10-14,120898.312342,21597.647342,99300.665,0.00566068,,
20260815_222334_6537d9,2019-10-15,120730.550342,21597.647342,99132.903,-0.00138763,,
20260815_222334_6537d9,2019-10-16,120269.539342,21597.647342,98671.892,-0.00381851,,
20260815_222334_6537d9,2019-10-17,119490.110342,21597.647342,97892.463,-0.00648069,,
20260815_222334_6537d9,2019-10-18,117952.132342,21597.647342,96354.485,-0.01287117,,
20260815_222334_6537d9,2019-10-21,117205.648342,21597.647342,95608.001,-0.0063287,,
20260815_222334_6537d9,2019-10-22,118280.292342,21597.647342,96682.645,0.00916888,,
20260815_222334_6537d9,2019-10-23,118509.102342,21597.647342,96911.455,0.00193447,,
20260815_222334_6537d9,2019-10-24,118723.588342,21597.647342,97125.941,0.00180987,,
20260815_222334_6537d9,2019-10-25,119693.268342,21597.647342,98095.621,0.00816754,,
20260815_222334_6537d9,2019-10-28,121353.163342,21597.647342,99755.516,0.01386791,,
20260815_222334_6537d9,2019-10-29,120986.423342,21597.647342,99388.776,-0.00302209,,
20260815_222334_6537d9,2019-10-30,120162.362342,21597.647342,98564.715,-0.00681119,,
20260815_222334_6537d9,2019-10-31,119082.088767,10089.011767,108993.077,-0.00899012,,
20260815_222334_6537d9,2019-11-01,119988.291767,10089.011767,109899.28,0.0076099,,
20260815_222334_6537d9,2019-11-04,120096.969767,10089.011767,110007.958,0.00090574,,
20260815_222334_6537d9,2019-11-05,121004.348767,10089.011767,110915.337,0.00755539,,
20260815_222334_6537d9,2019-11-06,119997.528767,10089.011767,109908.517,-0.00832053,,
20260815_222334_6537d9,2019-11-07,120323.567767,10089.011767,110234.556,0.00271705,,
20260815_222334_6537d9,2019-11-08,120394.736767,10089.011767,110305.725,0.00059148,,
20260815_222334_6537d9,2019-11-11,117115.934767,10089.011767,107026.923,-0.02723377,,
20260815_222334_6537d9,2019-11-12,117097.192767,10089.011767,107008.181,-0.00016003,,
20260815_222334_6537d9,2019-11-13,116517.934767,10089.011767,106428.923,-0.00494681,,
20260815_222334_6537d9,2019-11-14,116647.200767,10089.011767,106558.189,0.00110941,,
20260815_222334_6537d9,2019-11-15,115819.116767,10089.011767,105730.105,-0.00709905,,
20260815_222334_6537d9,2019-11-18,117467.125767,10089.011767,107378.114,0.01422916,,
20260815_222334_6537d9,2019-11-19,119453.820767,10089.011767,109364.809,0.01691277,,
20260815_222334_6537d9,2019-11-20,118176.928767,10089.011767,108087.917,-0.01068942,,
20260815_222334_6537d9,2019-11-21,117940.180767,10089.011767,107851.169,-0.00200334,,
20260815_222334_6537d9,2019-11-22,117801.700767,10089.011767,107712.689,-0.00117415,,
20260815_222334_6537d9,2019-11-25,118524.106767,10089.011767,108435.095,0.00613239,,
20260815_222334_6537d9,2019-11-26,118415.575767,10089.011767,108326.564,-0.00091569,,
20260815_222334_6537d9,2019-11-27,119155.890124,6852.062124,112303.828,0.00625183,,
20260815_222334_6537d9,2019-11-28,118705.669124,6852.062124,111853.607,-0.00377842,,
20260815_222334_6537d9,2019-11-29,118967.679124,6852.062124,112115.617,0.00220722,,
20260815_222334_6537d9,2019-12-02,117079.848124,6852.062124,110227.786,-0.01586844,,
20260815_222334_6537d9,2019-12-03,115836.528124,6852.062124,108984.466,-0.01061942,,
20260815_222334_6537d9,2019-12-04,114100.748124,6852.062124,107248.686,-0.01498474,,
20260815_222334_6537d9,2019-12-05,113303.400124,6852.062124,106451.338,-0.0069881,,
20260815_222334_6537d9,2019-12-06,112261.151124,6852.062124,105409.089,-0.00919874,,
20260815_222334_6537d9,2019-12-09,113389.273303,-3810.287697,117199.561,0.01004909,,
20260815_222334_6537d9,2019-12-10,111483.114566,2376.348566,109106.766,-0.01681075,,
20260815_222334_6537d9,2019-12-11,111147.306566,2376.348566,108770.958,-0.00301219,,
20260815_222334_6537d9,2019-12-12,110147.550566,2376.348566,107771.202,-0.00899487,,
20260815_222334_6537d9,2019-12-13,111336.195566,2376.348566,108959.847,0.01079139,,
20260815_222334_6537d9,2019-12-16,115126.665566,2376.348566,112750.317,0.03404526,,
20260815_222334_6537d9,2019-12-17,115821.837566,2376.348566,113445.489,0.00603832,,
20260815_222334_6537d9,2019-12-18,118026.780566,2376.348566,115650.432,0.01903737,,
20260815_222334_6537d9,2019-12-19,119026.668566,2376.348566,116650.32,0.0084717,,
20260815_222334_6537d9,2019-12-20,118186.683566,2376.348566,115810.335,-0.00705712,,
20260815_222334_6537d9,2019-12-23,116109.696566,2376.348566,113733.348,-0.01757378,,
20260815_222334_6537d9,2019-12-24,117969.135566,2376.348566,115592.787,0.0160145,,
20260815_222334_6537d9,2019-12-25,117963.885566,2376.348566,115587.537,-4.45e-05,,
20260815_222334_6537d9,2019-12-26,119287.260566,2376.348566,116910.912,0.01121848,,
20260815_222334_6537d9,2019-12-27,117279.360566,2376.348566,114903.012,-0.01683248,,
20260815_222334_6537d9,2019-12-30,118872.738566,2376.348566,116496.39,0.01358618,,
20260815_222334_6537d9,2019-12-31,118720.179566,2376.348566,116343.831,-0.00128338,,
20260815_222334_6537d9,2020-01-02,121054.076966,2376.348566,118677.7284,0.01965881,,
20260815_222334_6537d9,2020-01-03,120683.041358,27150.775258,93532.2661,-0.00306504,,
20260815_222334_6537d9,2020-01-06,120174.255558,27150.775258,93023.4803,-0.00421588,,
20260815_222334_6537d9,2020-01-07,121371.648758,27150.775258,94220.8735,0.00996381,,
20260815_222334_6537d9,2020-01-08,119503.589858,27150.775258,92352.8146,-0.01539123,,
20260815_222334_6537d9,2020-01-09,120974.264558,27150.775258,93823.4893,0.01230653,,
20260815_222334_6537d9,2020-01-10,120950.981258,27150.775258,93800.206,-0.00019246,,
20260815_222334_6537d9,2020-01-13,121219.369658,27150.775258,94068.5944,0.00221898,,
20260815_222334_6537d9,2020-01-14,121296.747258,27150.775258,94145.972,0.00063833,,
20260815_222334_6537d9,2020-01-15,120382.767458,27150.775258,93231.9922,-0.00753507,,
20260815_222334_6537d9,2020-01-16,119868.262258,27150.775258,92717.487,-0.00427391,,
20260815_222334_6537d9,2020-01-17,119646.916058,27150.775258,92496.1408,-0.00184658,,
20260815_222334_6537d9,2020-01-20,121452.607758,27150.775258,94301.8325,0.01509184,,
20260815_222334_6537d9,2020-01-21,121327.303758,27150.775258,94176.5285,-0.00103171,,
20260815_222334_6537d9,2020-01-22,120777.923958,27150.775258,93627.1487,-0.00452808,,
20260815_222334_6537d9,2020-01-23,119322.680258,27150.775258,92171.905,-0.01204892,,
20260815_222334_6537d9,2020-02-03,113010.585758,27150.775258,85859.8105,-0.05289937,,
20260815_222334_6537d9,2020-02-04,115574.149259,15976.680459,99597.4688,0.02268428,,
20260815_222334_6537d9,2020-02-05,122270.548059,15976.680459,106293.8676,0.05794028,,
20260815_222334_6537d9,2020-02-06,127800.331659,15976.680459,111823.6512,0.0452258,,
20260815_222334_6537d9,2020-02-07,124896.306059,15976.680459,108919.6256,-0.02272315,,
20260815_222334_6537d9,2020-02-10,120022.216259,15976.680459,104045.5358,-0.03902509,,
20260815_222334_6537d9,2020-02-11,121940.612859,15976.680459,105963.9324,0.01598368,,
20260815_222334_6537d9,2020-02-12,121879.187459,15976.680459,105902.507,-0.00050373,,
20260815_222334_6537d9,2020-02-13,119010.025459,15976.680459,103033.345,-0.02354103,,
20260815_222334_6537d9,2020-02-14,118599.940259,15976.680459,102623.2598,-0.0034458,,
20260815_222334_6537d9,2020-02-17,120338.211259,15976.680459,104361.5308,0.01465659,,
20260815_222334_6537d9,2020-02-18,122654.577859,15976.680459,106677.8974,0.0192488,,
20260815_222334_6537d9,2020-02-19,123170.418059,15976.680459,107193.7376,0.00420563,,
20260815_222334_6537d9,2020-02-20,123146.044059,15976.680459,107169.3636,-0.00019789,,
20260815_222334_6537d9,2020-02-21,122735.084659,15976.680459,106758.4042,-0.00333717,,
20260815_222334_6537d9,2020-02-24,123093.512659,15976.680459,107116.8322,0.00292034,,
20260815_222334_6537d9,2020-02-25,122109.586459,15976.680459,106132.906,-0.00799332,,
20260815_222334_6537d9,2020-02-26,120724.008259,15976.680459,104747.3278,-0.01134701,,
20260815_222334_6537d9,2020-02-27,119451.874659,15976.680459,103475.1942,-0.01053754,,
20260815_222334_6537d9,2020-02-28,115803.824859,15976.680459,99827.1444,-0.03053991,,
20260815_222334_6537d9,2020-03-02,118371.498259,15976.680459,102394.8178,0.02217261,,
20260815_222334_6537d9,2020-03-03,118545.915259,15976.680459,102569.2348,0.00147347,,
20260815_222334_6537d9,2020-03-04,117956.047659,15976.680459,101979.3672,-0.00497586,,
20260815_222334_6537d9,2020-03-05,118913.138459,15976.680459,102936.458,0.00811396,,
20260815_222334_6537d9,2020-03-06,118737.142059,15976.680459,102760.4616,-0.00148004,,
20260815_222334_6537d9,2020-03-09,116892.130059,15976.680459,100915.4496,-0.01553863,,
20260815_222334_6537d9,2020-03-10,116819.786059,15976.680459,100843.1056,-0.0006189,,
20260815_222334_6537d9,2020-03-11,115344.549659,15976.680459,99367.8692,-0.01262831,,
20260815_222334_6537d9,2020-03-12,113414.786659,15976.680459,97438.1062,-0.01673042,,
20260815_222334_6537d9,2020-03-13,111641.665659,15976.680459,95664.9852,-0.01563395,,
20260815_222334_6537d9,2020-03-16,111108.924659,15976.680459,95132.2442,-0.00477188,,
20260815_222334_6537d9,2020-03-17,112077.461859,15976.680459,96100.7814,0.00871701,,
20260815_222334_6537d9,2020-03-18,110247.313059,15976.680459,94270.6326,-0.01632932,,
20260815_222334_6537d9,2020-03-19,110776.626859,15976.680459,94799.9464,0.00480115,,
20260815_222334_6537d9,2020-03-20,113090.784259,15976.680459,97114.1038,0.0208903,,
20260815_222334_6537d9,2020-03-23,112304.509059,15976.680459,96327.8286,-0.0069526,,
20260815_222334_6537d9,2020-03-24,113312.549259,15976.680459,97335.8688,0.00897595,,
20260815_222334_6537d9,2020-03-25,115501.828659,15976.680459,99525.1482,0.01932071,,
20260815_222334_6537d9,2020-03-26,115982.313859,15976.680459,100005.6334,0.00415998,,
20260815_222334_6537d9,2020-03-27,114489.208859,15976.680459,98512.5284,-0.01287356,,
20260815_222334_6537d9,2020-03-30,113081.112259,15976.680459,97104.4318,-0.01229895,,
20260815_222334_6537d9,2020-03-31,113449.826459,15976.680459,97473.146,0.00326062,,
20260815_222334_6537d9,2020-04-01,112239.906659,15976.680459,96263.2262,-0.0106648,,
20260815_222334_6537d9,2020-04-02,113112.331077,29765.847677,83346.4834,0.00777285,,
20260815_222334_6537d9,2020-04-03,113418.538377,29765.847677,83652.6907,0.00270711,,
20260815_222334_6537d9,2020-04-07,114799.539777,29765.847677,85033.6921,0.01217615,,
20260815_222334_6537d9,2020-04-08,114489.595777,29765.847677,84723.7481,-0.00269987,,
20260815_222334_6537d9,2020-04-09,114929.989677,29765.847677,85164.142,0.00384658,,
20260815_222334_6537d9,2020-04-10,113919.585877,29765.847677,84153.7382,-0.00879147,,
20260815_222334_6537d9,2020-04-13,114762.921577,29765.847677,84997.0739,0.0074029,,
20260815_222334_6537d9,2020-04-14,115028.934677,29765.847677,85263.087,0.00231794,,
20260815_222334_6537d9,2020-04-15,114609.058077,29765.847677,84843.2104,-0.00365018,,
20260815_222334_6537d9,2020-04-16,114643.752777,29765.847677,84877.9051,0.00030272,,
20260815_222334_6537d9,2020-04-17,114958.142277,29765.847677,85192.2946,0.00274232,,
20260815_222334_6537d9,2020-04-20,116545.225377,29765.847677,86779.3777,0.01380575,,
20260815_222334_6537d9,2020-04-21,116123.784877,29765.847677,86357.9372,-0.00361611,,
20260815_222334_6537d9,2020-04-22,115724.272377,29765.847677,85958.4247,-0.0034404,,
20260815_222334_6537d9,2020-04-23,116786.316777,29765.847677,87020.4691,0.00917737,,
20260815_222334_6537d9,2020-04-24,116104.985477,29765.847677,86339.1378,-0.005834,,
20260815_222334_6537d9,2020-04-27,115880.921877,29765.847677,86115.0742,-0.00192984,,
20260815_222334_6537d9,2020-04-28,114039.714777,29765.847677,84273.8671,-0.01588879,,
20260815_222334_6537d9,2020-04-29,112191.985277,29765.847677,82426.1376,-0.01620251,,
20260815_222334_6537d9,2020-04-30,113545.256077,29765.847677,83779.4084,0.0120621,,
20260815_222334_6537d9,2020-05-06,114312.034077,29765.847677,84546.1864,0.00675306,,
20260815_222334_6537d9,2020-05-07,114776.919877,29765.847677,85011.0722,0.00406681,,
20260815_222334_6537d9,2020-05-08,114962.596877,29765.847677,85196.7492,0.00161772,,
20260815_222334_6537d9,2020-05-11,114663.403077,29765.847677,84897.5554,-0.00260253,,
20260815_222334_6537d9,2020-05-12,114538.348777,29765.847677,84772.5011,-0.00109062,,
20260815_222334_6537d9,2020-05-13,117243.525977,29765.847677,87477.6783,0.02361809,,
20260815_222334_6537d9,2020-05-14,118454.19751,9187.88431,109266.3132,0.01032613,,
20260815_222334_6537d9,2020-05-15,118827.74491,9187.88431,109639.8606,0.00315352,,
20260815_222334_6537d9,2020-05-18,118114.85871,9187.88431,108926.9744,-0.00599932,,
20260815_222334_6537d9,2020-05-19,118201.36101,9187.88431,109013.4767,0.00073236,,
20260815_222334_6537d9,2020-05-20,117354.75131,9187.88431,108166.867,-0.00716244,,
20260815_222334_6537d9,2020-05-21,117460.44051,9187.88431,108272.5562,0.0009006,,
20260815_222334_6537d9,2020-05-22,115998.87401,9187.88431,106810.9897,-0.01244305,,
20260815_222334_6537d9,2020-05-25,116506.05611,9187.88431,107318.1718,0.0043723,,
20260815_222334_6537d9,2020-05-26,120965.85931,9187.88431,111777.975,0.03827958,,
20260815_222334_6537d9,2020-05-27,123483.37061,9187.88431,114295.4863,0.02081175,,
20260815_222334_6537d9,2020-05-28,121432.92571,9187.88431,112245.0414,-0.01660503,,
20260815_222334_6537d9,2020-05-29,122797.71961,9187.88431,113609.8353,0.01123908,,
20260815_222334_6537d9,2020-06-01,125459.76281,9187.88431,116271.8785,0.02167828,,
20260815_222334_6537d9,2020-06-02,122646.85811,9187.88431,113458.9738,-0.02242077,,
20260815_222334_6537d9,2020-06-03,122512.44561,9187.88431,113324.5613,-0.00109593,,
20260815_222334_6537d9,2020-06-04,122532.13051,9187.88431,113344.2462,0.00016068,,
20260815_222334_6537d9,2020-06-05,122346.86261,9187.88431,113158.9783,-0.00151199,,
20260815_222334_6537d9,2020-06-08,121690.93051,9187.88431,112503.0462,-0.00536125,,
20260815_222334_6537d9,2020-06-09,123842.28171,9187.88431,114654.3974,0.01767881,,
20260815_222334_6537d9,2020-06-10,122983.36651,9187.88431,113795.4822,-0.00693556,,
20260815_222334_6537d9,2020-06-11,122695.37011,9187.88431,113507.4858,-0.00234175,,
20260815_222334_6537d9,2020-06-12,121797.81601,9187.88431,112609.9317,-0.00731531,,
20260815_222334_6537d9,2020-06-15,121501.33811,9187.88431,112313.4538,-0.00243418,,
20260815_222334_6537d9,2020-06-16,122659.07371,9187.88431,113471.1894,0.00952858,,
20260815_222334_6537d9,2020-06-17,123366.52101,9187.88431,114178.6367,0.00576759,,
20260815_222334_6537d9,2020-06-18,126767.73221,9187.88431,117579.8479,0.02756997,,
20260815_222334_6537d9,2020-06-19,129347.24921,9187.88431,120159.3649,0.02034837,,
20260815_222334_6537d9,2020-06-22,128614.88671,9187.88431,119427.0024,-0.00566199,,
20260815_222334_6537d9,2020-06-23,128388.51991,9187.88431,119200.6356,-0.00176004,,
20260815_222334_6537d9,2020-06-24,128692.39681,9187.88431,119504.5125,0.00236685,,
20260815_222334_6537d9,2020-06-29,127550.04371,9187.88431,118362.1594,-0.00887662,,
20260815_222334_6537d9,2020-06-30,128204.28031,9187.88431,119016.396,0.00512925,,
20260815_222334_6537d9,2020-07-01,129135.31381,9187.88431,119947.4295,0.00726211,,
20260815_222334_6537d9,2020-07-02,130513.751583,23534.509783,106979.2418,0.01067437,,
20260815_222334_6537d9,2020-07-03,132014.046783,23534.509783,108479.537,0.0114953,,
20260815_222334_6537d9,2020-07-06,135328.930683,23534.509783,111794.4209,0.02511008,,
20260815_222334_6537d9,2020-07-07,134964.056383,23534.509783,111429.5466,-0.0026962,,
20260815_222334_6537d9,2020-07-08,136837.291383,23534.509783,113302.7816,0.01387951,,
20260815_222334_6537d9,2020-07-09,138441.637983,23534.509783,114907.1282,0.01172448,,
20260815_222334_6537d9,2020-07-10,136100.906583,23534.509783,112566.3968,-0.01690771,,
20260815_222334_6537d9,2020-07-13,141753.432183,23534.509783,118218.9224,0.04153187,,
20260815_222334_6537d9,2020-07-14,141433.954383,23534.509783,117899.4446,-0.00225376,,
20260815_222334_6537d9,2020-07-15,138382.713783,23534.509783,114848.204,-0.02157361,,
20260815_222334_6537d9,2020-07-16,134689.131383,23534.509783,111154.6216,-0.02669107,,
20260815_222334_6537d9,2020-07-17,135851.273783,23534.509783,112316.764,0.00862833,,
20260815_222334_6537d9,2020-07-20,140365.319583,23534.509783,116830.8098,0.03322785,,
20260815_222334_6537d9,2020-07-21,139652.167883,23534.509783,116117.6581,-0.00508068,,
20260815_222334_6537d9,2020-07-22,139416.092983,23534.509783,115881.5832,-0.00169045,,
20260815_222334_6537d9,2020-07-23,140527.653383,23534.509783,116993.1436,0.00797297,,
20260815_222334_6537d9,2020-07-24,136824.484483,23534.509783,113289.9747,-0.02635189,,
20260815_222334_6537d9,2020-07-27,136316.614583,23534.509783,112782.1048,-0.00371183,,
20260815_222334_6537d9,2020-07-28,137870.826583,23534.509783,114336.3168,0.01140149,,
20260815_222334_6537d9,2020-07-29,139829.569583,23534.509783,116295.0598,0.01420709,,
20260815_222334_6537d9,2020-07-30,140447.940183,23534.509783,116913.4304,0.00442232,,
20260815_222334_6537d9,2020-07-31,141531.531883,23534.509783,117997.0221,0.00771526,,
20260815_222334_6537d9,2020-08-03,145079.148383,23534.509783,121544.6386,0.02506591,,
20260815_222334_6537d9,2020-08-04,144644.136383,23534.509783,121109.6266,-0.00299845,,
20260815_222334_6537d9,2020-08-05,145994.911383,23534.509783,122460.4016,0.00933861,,
20260815_222334_6537d9,2020-08-06,145129.887583,23534.509783,121595.3778,-0.00592503,,
20260815_222334_6537d9,2020-08-07,143047.252983,23534.509783,119512.7432,-0.01435014,,
20260815_222334_6537d9,2020-08-10,145477.337683,23534.509783,121942.8279,0.01698799,,
20260815_222334_6537d9,2020-08-11,142969.171083,23534.509783,119434.6613,-0.01724094,,
20260815_222334_6537d9,2020-08-12,141860.714883,23534.509783,118326.2051,-0.00775311,,
20260815_222334_6537d9,2020-08-13,143314.548083,23534.509783,119780.0383,0.01024831,,
20260815_222334_6537d9,2020-08-14,143670.642683,23534.509783,120136.1329,0.00248471,,
20260815_222334_6537d9,2020-08-17,145184.370583,23534.509783,121649.8608,0.0105361,,
20260815_222334_6537d9,2020-08-18,145621.039183,23534.509783,122086.5294,0.00300768,,
20260815_222334_6537d9,2020-08-19,144263.419483,23534.509783,120728.9097,-0.00932296,,
20260815_222334_6537d9,2020-08-20,142620.621783,23534.509783,119086.112,-0.01138749,,
20260815_222334_6537d9,2020-08-21,143403.973683,23534.509783,119869.4639,0.00549256,,
20260815_222334_6537d9,2020-08-24,143834.788383,23534.509783,120300.2786,0.0030042,,
20260815_222334_6537d9,2020-08-25,143067.760383,23534.509783,119533.2506,-0.0053327,,
20260815_222334_6537d9,2020-08-26,141592.757583,23534.509783,118058.2478,-0.01030982,,
20260815_222334_6537d9,2020-08-27,143018.459783,23534.509783,119483.95,0.01006903,,
20260815_222334_6537d9,2020-08-28,143383.787483,23534.509783,119849.2777,0.00255441,,
20260815_222334_6537d9,2020-08-31,145249.474683,23534.509783,121714.9649,0.01301184,,
20260815_222334_6537d9,2020-09-01,145102.675383,23534.509783,121568.1656,-0.00101067,,
20260815_222334_6537d9,2020-09-02,146315.831283,23534.509783,122781.3215,0.00836067,,
20260815_222334_6537d9,2020-09-03,145399.960183,23534.509783,121865.4504,-0.00625955,,
20260815_222334_6537d9,2020-09-04,144927.610283,23534.509783,121393.1005,-0.00324862,,
20260815_222334_6537d9,2020-09-07,143120.962983,23534.509783,119586.4532,-0.01246586,,
20260815_222334_6537d9,2020-09-08,145301.106483,23534.509783,121766.5967,0.01523287,,
20260815_222334_6537d9,2020-09-09,142678.412983,23534.509783,119143.9032,-0.01805006,,
20260815_222334_6537d9,2020-09-10,138436.933183,23534.509783,114902.4234,-0.02972755,,
20260815_222334_6537d9,2020-09-11,140631.381383,23534.509783,117096.8716,0.01585161,,
20260815_222334_6537d9,2020-09-14,141874.732983,23534.509783,118340.2232,0.00884121,,
20260815_222334_6537d9,2020-09-15,141122.735883,23534.509783,117588.2261,-0.00530043,,
20260815_222334_6537d9,2020-09-16,139887.055283,23534.509783,116352.5455,-0.00875607,,
20260815_222334_6537d9,2020-09-17,139187.530883,23534.509783,115653.0211,-0.00500064,,
20260815_222334_6537d9,2020-09-18,140289.065283,23534.509783,116754.5555,0.00791403,,
20260815_222334_6537d9,2020-09-21,139795.552883,23534.509783,116261.0431,-0.00351783,,
20260815_222334_6537d9,2020-09-22,137415.700083,23534.509783,113881.1903,-0.01702381,,
20260815_222334_6537d9,2020-09-23,138206.751583,23534.509783,114672.2418,0.00575663,,
20260815_222334_6537d9,2020-09-24,134792.301683,23534.509783,111257.7919,-0.02470538,,
20260815_222334_6537d9,2020-09-25,134416.747683,23534.509783,110882.2379,-0.00278617,,
20260815_222334_6537d9,2020-09-28,133427.341083,23534.509783,109892.8313,-0.00736074,,
20260815_222334_6537d9,2020-09-29,134917.425583,23534.509783,111382.9158,0.01116776,,
20260815_222334_6537d9,2020-09-30,134136.798083,23534.509783,110602.2883,-0.00578596,,
20260815_222334_6537d9,2020-10-09,136799.461183,23534.509783,113264.9514,0.01985036,,
20260815_222334_6537d9,2020-10-12,138258.075819,46352.329119,91905.7467,0.01066243,,
20260815_222334_6537d9,2020-10-13,137711.121219,46352.329119,91358.7921,-0.00395604,,
20260815_222334_6537d9,2020-10-14,137277.872119,46352.329119,90925.543,-0.00314607,,
20260815_222334_6537d9,2020-10-15,137018.568519,46352.329119,90666.2394,-0.0018889,,
20260815_222334_6537d9,2020-10-16,137344.026819,46352.329119,90991.6977,0.00237529,,
20260815_222334_6537d9,2020-10-19,137477.342719,46352.329119,91125.0136,0.00097067,,
20260815_222334_6537d9,2020-10-20,137375.537819,46352.329119,91023.2087,-0.00074052,,
20260815_222334_6537d9,2020-10-21,137165.404219,46352.329119,90813.0751,-0.00152963,,
20260815_222334_6537d9,2020-10-22,137007.670119,46352.329119,90655.341,-0.00114996,,
20260815_222334_6537d9,2020-10-23,136785.671919,46352.329119,90433.3428,-0.00162033,,
20260815_222334_6537d9,2020-10-26,136486.668919,46352.329119,90134.3398,-0.00218592,,
20260815_222334_6537d9,2020-10-27,136445.815419,46352.329119,90093.4863,-0.00029932,,
20260815_222334_6537d9,2020-10-28,136521.615119,46352.329119,90169.286,0.00055553,,
20260815_222334_6537d9,2020-10-29,135927.457319,46352.329119,89575.1282,-0.00435212,,
20260815_222334_6537d9,2020-10-30,134494.785619,46352.329119,88142.4565,-0.01053997,,
20260815_222334_6537d9,2020-11-02,134653.605319,46352.329119,88301.2762,0.00118086,,
20260815_222334_6537d9,2020-11-03,135756.699219,46352.329119,89404.3701,0.00819209,,
20260815_222334_6537d9,2020-11-04,135347.966419,46352.329119,88995.6373,-0.00301077,,
20260815_222334_6537d9,2020-11-05,136219.195319,46352.329119,89866.8662,0.00643696,,
20260815_222334_6537d9,2020-11-06,135775.401219,46352.329119,89423.0721,-0.00325794,,
20260815_222334_6537d9,2020-11-09,137585.078619,46352.329119,91232.7495,0.01332846,,
20260815_222334_6537d9,2020-11-10,137913.819719,46352.329119,91561.4906,0.00238937,,
20260815_222334_6537d9,2020-11-11,137327.824019,46352.329119,90975.4949,-0.004249,,
20260815_222334_6537d9,2020-11-12,136664.792919,46352.329119,90312.4638,-0.00482809,,
20260815_222334_6537d9,2020-11-13,136481.837719,46352.329119,90129.5086,-0.00133871,,
20260815_222334_6537d9,2020-11-16,137516.743019,46352.329119,91164.4139,0.00758273,,
20260815_222334_6537d9,2020-11-17,137241.734619,46352.329119,90889.4055,-0.00199982,,
20260815_222334_6537d9,2020-11-18,138143.112019,46352.329119,91790.7829,0.00656781,,
20260815_222334_6537d9,2020-11-19,138055.049119,46352.329119,91702.72,-0.00063748,,
20260815_222334_6537d9,2020-11-20,137846.759919,46352.329119,91494.4308,-0.00150874,,
20260815_222334_6537d9,2020-11-23,138536.186919,46352.329119,92183.8578,0.0050014,,
20260815_222334_6537d9,2020-11-24,138041.313419,46352.329119,91688.9843,-0.00357216,,
20260815_222334_6537d9,2020-11-25,137079.568519,46352.329119,90727.2394,-0.00696708,,
20260815_222334_6537d9,2020-11-26,137725.250219,46352.329119,91372.9211,0.00471027,,
20260815_222334_6537d9,2020-11-27,138942.063319,46352.329119,92589.7342,0.00883508,,
20260815_222334_6537d9,2020-11-30,138333.118019,46352.329119,91980.7889,-0.00438273,,
20260815_222334_6537d9,2020-12-01,140017.446119,46352.329119,93665.117,0.01217588,,
20260815_222334_6537d9,2020-12-02,139701.337319,46352.329119,93349.0082,-0.00225764,,
20260815_222334_6537d9,2020-12-03,139561.681819,46352.329119,93209.3527,-0.00099967,,
20260815_222334_6537d9,2020-12-04,138896.109619,46352.329119,92543.7805,-0.00476902,,
20260815_222334_6537d9,2020-12-07,138089.821319,46352.329119,91737.4922,-0.00580497,,
20260815_222334_6537d9,2020-12-08,138422.983819,46352.329119,92070.6547,0.00241265,,
20260815_222334_6537d9,2020-12-09,136658.942619,46352.329119,90306.6135,-0.01274385,,
20260815_222334_6537d9,2020-12-10,136403.537419,46352.329119,90051.2083,-0.00186892,,
20260815_222334_6537d9,2020-12-11,135349.218919,46352.329119,88996.8898,-0.00772941,,
20260815_222334_6537d9,2020-12-14,135326.896919,46352.329119,88974.5678,-0.00016492,,
20260815_222334_6537d9,2020-12-15,135069.824819,46352.329119,88717.4957,-0.00189964,,
20260815_222334_6537d9,2020-12-16,132929.179519,46352.329119,86576.8504,-0.01584843,,
20260815_222334_6537d9,2020-12-17,132733.129243,-3798.510657,136531.6399,-0.00147485,,
20260815_222334_6537d9,2020-12-18,132037.969043,-3798.510657,135836.4797,-0.00523728,,
20260815_222334_6537d9,2020-12-21,132248.182615,7334.770115,124913.4125,0.00159207,,
20260815_222334_6537d9,2020-12-22,129573.854915,7334.770115,122239.0848,-0.02022204,,
20260815_222334_6537d9,2020-12-23,130674.437215,7334.770115,123339.6671,0.00849386,,
20260815_222334_6537d9,2020-12-24,130209.710215,7334.770115,122874.9401,-0.00355637,,
20260815_222334_6537d9,2020-12-25,131560.515904,4748.841504,126811.6744,0.01037408,,
20260815_222334_6537d9,2020-12-28,131793.541904,4748.841504,127044.7004,0.00177125,,
20260815_222334_6537d9,2020-12-29,130671.417504,4748.841504,125922.576,-0.00851426,,
20260815_222334_6537d9,2020-12-30,132880.054004,4748.841504,128131.2125,0.01690222,,
20260815_222334_6537d9,2020-12-31,132800.736304,4748.841504,128051.8948,-0.00059691,,
20260815_222334_6537d9,2021-01-04,133750.295304,4748.841504,129001.4538,0.00715025,,
20260815_222334_6537d9,2021-01-05,133919.924105,36899.614705,97020.3094,0.00126825,,
20260815_222334_6537d9,2021-01-06,134171.191205,36899.614705,97271.5765,0.00187625,,
20260815_222334_6537d9,2021-01-07,132580.171705,36899.614705,95680.557,-0.01185813,,
20260815_222334_6537d9,2021-01-08,132753.102705,36899.614705,95853.488,0.00130435,,
20260815_222334_6537d9,2021-01-11,130573.098705,36899.614705,93673.484,-0.01642149,,
20260815_222334_6537d9,2021-01-12,133087.128455,10954.278455,122132.85,0.01925381,,
20260815_222334_6537d9,2021-01-13,131719.280455,10954.278455,120765.002,-0.01027784,,
20260815_222334_6537d9,2021-01-14,132360.200455,10954.278455,121405.922,0.0048658,,
20260815_222334_6537d9,2021-01-15,133249.586455,10954.278455,122295.308,0.00671944,,
20260815_222334_6537d9,2021-01-18,133858.682455,10954.278455,122904.404,0.00457109,,
20260815_222334_6537d9,2021-01-19,134818.160455,10954.278455,123863.882,0.00716784,,
20260815_222334_6537d9,2021-01-20,133880.898455,10954.278455,122926.62,-0.00695205,,
20260815_222334_6537d9,2021-01-21,133868.400455,10954.278455,122914.122,-9.335e-05,,
20260815_222334_6537d9,2021-01-22,132426.006455,10954.278455,121471.728,-0.01077472,,
20260815_222334_6537d9,2021-01-25,130300.042455,10954.278455,119345.764,-0.01605398,,
20260815_222334_6537d9,2021-01-26,129401.725517,5814.822517,123586.903,-0.00689422,,
20260815_222334_6537d9,2021-01-27,129965.904517,5814.822517,124151.082,0.0043599,,
20260815_222334_6537d9,2021-01-28,129645.344517,5814.822517,123830.522,-0.00246649,,
20260815_222334_6537d9,2021-01-29,130189.323517,5814.822517,124374.501,0.0041959,,
20260815_222334_6537d9,2021-02-01,133385.919517,5814.822517,127571.097,0.02455344,,
20260815_222334_6537d9,2021-02-02,131671.588517,5814.822517,125856.766,-0.01285241,,
20260815_222334_6537d9,2021-02-03,130750.945517,5814.822517,124936.123,-0.00699196,,
20260815_222334_6537d9,2021-02-04,127826.911517,5814.822517,122012.089,-0.02236339,,
20260815_222334_6537d9,2021-02-05,129382.843517,5814.822517,123568.021,0.01217218,,
20260815_222334_6537d9,2021-02-08,129282.084517,5814.822517,123467.262,-0.00077877,,
20260815_222334_6537d9,2021-02-09,131038.251517,5814.822517,125223.429,0.01358399,,
20260815_222334_6537d9,2021-02-10,133229.545517,5814.822517,127414.723,0.01672255,,
20260815_222334_6537d9,2021-02-18,134086.093517,5814.822517,128271.271,0.00642911,,
20260815_222334_6537d9,2021-02-19,136437.334517,5814.822517,130622.512,0.01753531,,
20260815_222334_6537d9,2021-02-22,136596.481517,5814.822517,130781.659,0.00116645,,
20260815_222334_6537d9,2021-02-23,136534.890517,5814.822517,130720.068,-0.0004509,,
20260815_222334_6537d9,2021-02-24,135563.878517,5814.822517,129749.056,-0.00711182,,
20260815_222334_6537d9,2021-02-25,135687.042517,5814.822517,129872.22,0.00090853,,
20260815_222334_6537d9,2021-02-26,134522.841517,5814.822517,128708.019,-0.00858005,,
20260815_222334_6537d9,2021-03-01,135528.589517,5814.822517,129713.767,0.00747641,,
20260815_222334_6537d9,2021-03-02,133831.115517,5814.822517,128016.293,-0.01252484,,
20260815_222334_6537d9,2021-03-03,136659.404517,5814.822517,130844.582,0.02113327,,
20260815_222334_6537d9,2021-03-04,135719.767517,5814.822517,129904.945,-0.00687576,,
20260815_222334_6537d9,2021-03-05,136758.420517,5814.822517,130943.598,0.00765292,,
20260815_222334_6537d9,2021-03-08,135985.970517,5814.822517,130171.148,-0.00564828,,
20260815_222334_6537d9,2021-03-09,134156.956517,5814.822517,128342.134,-0.01345002,,
20260815_222334_6537d9,2021-03-10,132972.653517,5814.822517,127157.831,-0.00882774,,
20260815_222334_6537d9,2021-03-11,135229.878517,5814.822517,129415.056,0.01697511,,
20260815_222334_6537d9,2021-03-12,135672.831517,5814.822517,129858.009,0.00327556,,
20260815_222334_6537d9,2021-03-15,136466.658517,5814.822517,130651.836,0.00585104,,
20260815_222334_6537d9,2021-03-16,137337.682517,5814.822517,131522.86,0.00638269,,
20260815_222334_6537d9,2021-03-17,136926.170517,5814.822517,131111.348,-0.00299635,,
20260815_222334_6537d9,2021-03-18,137249.270517,5814.822517,131434.448,0.00235967,,
20260815_222334_6537d9,2021-03-19,137027.439517,5814.822517,131212.617,-0.00161626,,
20260815_222334_6537d9,2021-03-22,138294.409517,5814.822517,132479.587,0.0092461,,
20260815_222334_6537d9,2021-03-23,138499.470517,5814.822517,132684.648,0.00148279,,
20260815_222334_6537d9,2021-03-24,138170.690517,5814.822517,132355.868,-0.00237387,,
20260815_222334_6537d9,2021-03-25,137143.654517,5814.822517,131328.832,-0.0074331,,
20260815_222334_6537d9,2021-03-26,137812.694517,5814.822517,131997.872,0.00487839,,
20260815_222334_6537d9,2021-03-29,137912.884517,5814.822517,132098.062,0.000727,,
20260815_222334_6537d9,2021-03-30,137393.122517,5814.822517,131578.3,-0.00376877,,
20260815_222334_6537d9,2021-03-31,138210.152517,5814.822517,132395.33,0.00594666,,
20260815_222334_6537d9,2021-04-01,139247.550517,5814.822517,133432.728,0.00750595,,
20260815_222334_6537d9,2021-04-02,137511.265672,21638.602672,115872.663,-0.01246905,,
20260815_222334_6537d9,2021-04-06,137621.747672,21638.602672,115983.145,0.00080344,,
20260815_222334_6537d9,2021-04-07,137762.277672,21638.602672,116123.675,0.00102113,,
20260815_222334_6537d9,2021-04-08,137402.883672,21638.602672,115764.281,-0.0026088,,
20260815_222334_6537d9,2021-04-09,138378.655672,21638.602672,116740.053,0.00710154,,
20260815_222334_6537d9,2021-04-12,138563.083672,21638.602672,116924.481,0.00133278,,
20260815_222334_6537d9,2021-04-13,137471.732672,21638.602672,115833.13,-0.0078762,,
20260815_222334_6537d9,2021-04-14,137821.334672,21638.602672,116182.732,0.00254308,,
20260815_222334_6537d9,2021-04-15,137311.684672,21638.602672,115673.082,-0.0036979,,
20260815_222334_6537d9,2021-04-16,138270.718672,21638.602672,116632.116,0.00698436,,
20260815_222334_6537d9,2021-04-19,138732.150672,21638.602672,117093.548,0.00333716,,
20260815_222334_6537d9,2021-04-20,137868.760672,21638.602672,116230.158,-0.00622343,,
20260815_222334_6537d9,2021-04-21,137898.069672,21638.602672,116259.467,0.00021259,,
20260815_222334_6537d9,2021-04-22,138130.553672,21638.602672,116491.951,0.00168591,,
20260815_222334_6537d9,2021-04-23,137521.927672,21638.602672,115883.325,-0.00440616,,
20260815_222334_6537d9,2021-04-26,136909.462672,21638.602672,115270.86,-0.00445358,,
20260815_222334_6537d9,2021-04-27,135999.538672,21638.602672,114360.936,-0.00664617,,
20260815_222334_6537d9,2021-04-28,135788.800672,21638.602672,114150.198,-0.00154955,,
20260815_222334_6537d9,2021-04-29,137532.877672,21638.602672,115894.275,0.01284404,,
20260815_222334_6537d9,2021-04-30,137249.878672,21638.602672,115611.276,-0.00205768,,
20260815_222334_6537d9,2021-05-06,136760.944672,21638.602672,115122.342,-0.00356236,,
20260815_222334_6537d9,2021-05-07,136761.787672,21638.602672,115123.185,6.16e-06,,
20260815_222334_6537d9,2021-05-10,136349.684672,21638.602672,114711.082,-0.00301329,,
20260815_222334_6537d9,2021-05-11,136549.765058,18677.079058,117872.686,0.00146741,,
20260815_222334_6537d9,2021-05-12,137580.581058,18677.079058,118903.502,0.00754901,,
20260815_222334_6537d9,2021-05-13,137120.985058,18677.079058,118443.906,-0.00334056,,
20260815_222334_6537d9,2021-05-14,139215.879058,18677.079058,120538.8,0.01527771,,
20260815_222334_6537d9,2021-05-17,138582.025058,18677.079058,119904.946,-0.00455303,,
20260815_222334_6537d9,2021-05-18,138273.416058,18677.079058,119596.337,-0.0022269,,
20260815_222334_6537d9,2021-05-19,137347.875058,18677.079058,118670.796,-0.00669356,,
20260815_222334_6537d9,2021-05-20,137371.319058,18677.079058,118694.24,0.00017069,,
20260815_222334_6537d9,2021-05-21,137457.996163,24691.244163,112766.752,0.00063097,,
20260815_222334_6537d9,2021-05-24,139704.544163,24691.244163,115013.3,0.01634352,,
20260815_222334_6537d9,2021-05-25,140359.704163,24691.244163,115668.46,0.00468961,,
20260815_222334_6537d9,2021-05-26,139601.228163,24691.244163,114909.984,-0.0054038,,
20260815_222334_6537d9,2021-05-27,139396.380163,24691.244163,114705.136,-0.00146738,,
20260815_222334_6537d9,2021-05-28,139959.006163,24691.244163,115267.762,0.00403616,,
20260815_222334_6537d9,2021-05-31,139258.651163,24691.244163,114567.407,-0.005004,,
20260815_222334_6537d9,2021-06-01,139448.419163,24691.244163,114757.175,0.0013627,,
20260815_222334_6537d9,2021-06-02,138796.505163,24691.244163,114105.261,-0.00467495,,
20260815_222334_6537d9,2021-06-03,139582.564163,24691.244163,114891.32,0.00566339,,
20260815_222334_6537d9,2021-06-04,139310.426163,24691.244163,114619.182,-0.00194966,,
20260815_222334_6537d9,2021-06-07,139035.702163,24691.244163,114344.458,-0.00197203,,
20260815_222334_6537d9,2021-06-08,139353.459163,24691.244163,114662.215,0.00228543,,
20260815_222334_6537d9,2021-06-09,139470.268163,24691.244163,114779.024,0.00083822,,
20260815_222334_6537d9,2021-06-10,140256.201163,24691.244163,115564.957,0.00563513,,
20260815_222334_6537d9,2021-06-11,142559.578163,24691.244163,117868.334,0.01642264,,
20260815_222334_6537d9,2021-06-15,140931.714163,24691.244163,116240.47,-0.01141883,,
20260815_222334_6537d9,2021-06-16,139699.591163,24691.244163,115008.347,-0.0087427,,
20260815_222334_6537d9,2021-06-17,142013.136163,24691.244163,117321.892,0.01656086,,
20260815_222334_6537d9,2021-06-18,140943.656163,24691.244163,116252.412,-0.00753085,,
20260815_222334_6537d9,2021-06-21,141912.710163,24691.244163,117221.466,0.00687547,,
20260815_222334_6537d9,2021-06-22,144711.470163,24691.244163,120020.226,0.0197217,,
20260815_222334_6537d9,2021-06-23,144488.785163,24691.244163,119797.541,-0.00153882,,
20260815_222334_6537d9,2021-06-24,143871.962163,24691.244163,119180.718,-0.004269,,
20260815_222334_6537d9,2021-06-25,144424.922163,24691.244163,119733.678,0.00384342,,
20260815_222334_6537d9,2021-06-28,143204.020163,24691.244163,118512.776,-0.00845354,,
20260815_222334_6537d9,2021-06-29,143642.816163,24691.244163,118951.572,0.00306413,,
20260815_222334_6537d9,2021-06-30,144716.237163,24691.244163,120024.993,0.00747285,,
20260815_222334_6537d9,2021-07-01,143771.331163,24691.244163,119080.087,-0.00652937,,
20260815_222334_6537d9,2021-07-02,142932.704294,12651.228294,130281.476,-0.00583306,,
20260815_222334_6537d9,2021-07-05,143723.149294,12651.228294,131071.921,0.00553019,,
20260815_222334_6537d9,2021-07-06,145081.547294,12651.228294,132430.319,0.00945149,,
20260815_222334_6537d9,2021-07-07,145894.161294,12651.228294,133242.933,0.00560108,,
20260815_222334_6537d9,2021-07-08,145358.409294,12651.228294,132707.181,-0.0036722,,
20260815_222334_6537d9,2021-07-09,147008.984294,12651.228294,134357.756,0.01135521,,
20260815_222334_6537d9,2021-07-12,147100.967294,12651.228294,134449.739,0.0006257,,
20260815_222334_6537d9,2021-07-13,147663.954294,12651.228294,135012.726,0.00382721,,
20260815_222334_6537d9,2021-07-14,146615.082294,12651.228294,133963.854,-0.0071031,,
20260815_222334_6537d9,2021-07-15,146584.858294,12651.228294,133933.63,-0.00020615,,
20260815_222334_6537d9,2021-07-16,147864.714294,12651.228294,135213.486,0.00873116,,
20260815_222334_6537d9,2021-07-19,147512.160294,12651.228294,134860.932,-0.0023843,,
20260815_222334_6537d9,2021-07-20,147287.608294,12651.228294,134636.38,-0.00152226,,
20260815_222334_6537d9,2021-07-21,147478.626294,12651.228294,134827.398,0.0012969,,
20260815_222334_6537d9,2021-07-22,149288.785294,12651.228294,136637.557,0.01227404,,
20260815_222334_6537d9,2021-07-23,148386.821294,12651.228294,135735.593,-0.00604174,,
20260815_222334_6537d9,2021-07-26,146970.550294,12651.228294,134319.322,-0.00954445,,
20260815_222334_6537d9,2021-07-27,144238.993294,12651.228294,131587.765,-0.01858574,,
20260815_222334_6537d9,2021-07-28,141764.114294,12651.228294,129112.886,-0.01715818,,
20260815_222334_6537d9,2021-07-29,143601.786294,12651.228294,130950.558,0.01296289,,
20260815_222334_6537d9,2021-07-30,144700.317294,12651.228294,132049.089,0.00764984,,
20260815_222334_6537d9,2021-08-02,148116.054294,12651.228294,135464.826,0.02360559,,
20260815_222334_6537d9,2021-08-03,147446.346294,12651.228294,134795.118,-0.00452151,,
20260815_222334_6537d9,2021-08-04,150257.588294,12651.228294,137606.36,0.0190662,,
20260815_222334_6537d9,2021-08-05,150630.860294,12651.228294,137979.632,0.00248421,,
20260815_222334_6537d9,2021-08-06,150188.075294,12651.228294,137536.847,-0.00293954,,
20260815_222334_6537d9,2021-08-09,151815.336294,12651.228294,139164.108,0.01083482,,
20260815_222334_6537d9,2021-08-10,152370.301294,12651.228294,139719.073,0.00365553,,
20260815_222334_6537d9,2021-08-11,154412.992294,12651.228294,141761.764,0.0134061,,
20260815_222334_6537d9,2021-08-12,155299.225294,12651.228294,142647.997,0.00573937,,
20260815_222334_6537d9,2021-08-13,156909.338294,12651.228294,144258.11,0.01036781,,
20260815_222334_6537d9,2021-08-16,160425.811294,12651.228294,147774.583,0.02241086,,
20260815_222334_6537d9,2021-08-17,156413.095294,12651.228294,143761.867,-0.02501291,,
20260815_222334_6537d9,2021-08-18,156780.535294,12651.228294,144129.307,0.00234916,,
20260815_222334_6537d9,2021-08-19,155620.063294,12651.228294,142968.835,-0.00740189,,
20260815_222334_6537d9,2021-08-20,155866.271294,12651.228294,143215.043,0.00158211,,
20260815_222334_6537d9,2021-08-23,157350.962294,12651.228294,144699.734,0.00952542,,
20260815_222334_6537d9,2021-08-24,159159.451294,12651.228294,146508.223,0.01149335,,
20260815_222334_6537d9,2021-08-25,160555.334294,12651.228294,147904.106,0.00877034,,
20260815_222334_6537d9,2021-08-26,160300.847294,12651.228294,147649.619,-0.00158504,,
20260815_222334_6537d9,2021-08-27,160491.001294,12651.228294,147839.773,0.00118623,,
20260815_222334_6537d9,2021-08-30,161471.796294,12651.228294,148820.568,0.00611121,,
20260815_222334_6537d9,2021-08-31,162992.287294,12651.228294,150341.059,0.00941645,,
20260815_222334_6537d9,2021-09-01,162155.914294,12651.228294,149504.686,-0.00513137,,
20260815_222334_6537d9,2021-09-02,164682.685294,12651.228294,152031.457,0.01558235,,
20260815_222334_6537d9,2021-09-03,164279.096294,12651.228294,151627.868,-0.00245071,,
20260815_222334_6537d9,2021-09-06,165150.080294,12651.228294,152498.852,0.00530186,,
20260815_222334_6537d9,2021-09-07,168362.667294,12651.228294,155711.439,0.01945253,,
20260815_222334_6537d9,2021-09-08,171399.167294,12651.228294,158747.939,0.01803547,,
20260815_222334_6537d9,2021-09-09,171713.625294,12651.228294,159062.397,0.00183465,,
20260815_222334_6537d9,2021-09-10,169705.033294,12651.228294,157053.805,-0.01169734,,
20260815_222334_6537d9,2021-09-13,173239.650294,12651.228294,160588.422,0.020828,,
20260815_222334_6537d9,2021-09-14,171005.673294,12651.228294,158354.445,-0.0128953,,
20260815_222334_6537d9,2021-09-15,174608.098294,12651.228294,161956.87,0.02106611,,
20260815_222334_6537d9,2021-09-16,171207.239294,12651.228294,158556.011,-0.0194771,,
20260815_222334_6537d9,2021-09-17,170011.184294,12651.228294,157359.956,-0.00698601,,
20260815_222334_6537d9,2021-09-22,172685.220294,12651.228294,160033.992,0.01572859,,
20260815_222334_6537d9,2021-09-23,171501.127294,12651.228294,158849.899,-0.00685694,,
20260815_222334_6537d9,2021-09-24,163905.463294,12651.228294,151254.235,-0.04428929,,
20260815_222334_6537d9,2021-09-27,157621.805294,12651.228294,144970.577,-0.03833709,,
20260815_222334_6537d9,2021-09-28,160120.339294,12651.228294,147469.111,0.01585145,,
20260815_222334_6537d9,2021-09-29,155150.392294,12651.228294,142499.164,-0.03103882,,
20260815_222334_6537d9,2021-09-30,157605.297294,12651.228294,144954.069,0.01582274,,
20260815_222334_6537d9,2021-10-08,160741.625294,12651.228294,148090.397,0.01989989,,
20260815_222334_6537d9,2021-10-11,164868.213242,27126.849242,137741.364,0.02567218,,
20260815_222334_6537d9,2021-10-12,165583.524242,27126.849242,138456.675,0.00433868,,
20260815_222334_6537d9,2021-10-13,165359.724242,27126.849242,138232.875,-0.00135158,,
20260815_222334_6537d9,2021-10-14,165594.422242,27126.849242,138467.573,0.00141932,,
20260815_222334_6537d9,2021-10-15,164007.184242,27126.849242,136880.335,-0.00958509,,
20260815_222334_6537d9,2021-10-18,164103.134242,27126.849242,136976.285,0.00058504,,
20260815_222334_6537d9,2021-10-19,166813.505242,27126.849242,139686.656,0.01651627,,
20260815_222334_6537d9,2021-10-20,167593.754242,27126.849242,140466.905,0.00467737,,
20260815_222334_6537d9,2021-10-21,169630.800242,27126.849242,142503.951,0.01215467,,
20260815_222334_6537d9,2021-10-22,168702.575242,27126.849242,141575.726,-0.00547203,,
20260815_222334_6537d9,2021-10-25,168225.507242,27126.849242,141098.658,-0.00282786,,
20260815_222334_6537d9,2021-10-26,170043.920242,27126.849242,142917.071,0.01080938,,
20260815_222334_6537d9,2021-10-27,167579.330242,27126.849242,140452.481,-0.01449384,,
20260815_222334_6537d9,2021-10-28,165252.016173,4181.686173,161070.33,-0.01388783,,
20260815_222334_6537d9,2021-10-29,167643.709173,4181.686173,163462.023,0.014473,,
20260815_222334_6537d9,2021-11-01,168733.476173,4181.686173,164551.79,0.00650049,,
20260815_222334_6537d9,2021-11-02,165674.703173,4181.686173,161493.017,-0.01812784,,
20260815_222334_6537d9,2021-11-03,165454.884173,4181.686173,161273.198,-0.00132681,,
20260815_222334_6537d9,2021-11-04,165893.293173,4181.686173,161711.607,0.00264972,,
20260815_222334_6537d9,2021-11-05,163446.890173,4181.686173,159265.204,-0.01474685,,
20260815_222334_6537d9,2021-11-08,164648.296721,5215.364721,159432.932,0.00735044,,
20260815_222334_6537d9,2021-11-09,165458.002721,5215.364721,160242.638,0.00491779,,
20260815_222334_6537d9,2021-11-10,166310.016721,5215.364721,161094.652,0.00514943,,
20260815_222334_6537d9,2021-11-11,166351.682721,5215.364721,161136.318,0.00025053,,
20260815_222334_6537d9,2021-11-12,166830.600721,5215.364721,161615.236,0.00287895,,
20260815_222334_6537d9,2021-11-15,166424.354721,5215.364721,161208.99,-0.00243508,,
20260815_222334_6537d9,2021-11-16,165858.488721,5215.364721,160643.124,-0.00340014,,
20260815_222334_6537d9,2021-11-17,165484.464721,5215.364721,160269.1,-0.00225508,,
20260815_222334_6537d9,2021-11-18,163967.846721,5215.364721,158752.482,-0.00916472,,
20260815_222334_6537d9,2021-11-19,164866.618721,5215.364721,159651.254,0.00548139,,
20260815_222334_6537d9,2021-11-22,163015.966721,5215.364721,157800.602,-0.01122515,,
20260815_222334_6537d9,2021-11-23,162923.740721,5215.364721,157708.376,-0.00056575,,
20260815_222334_6537d9,2021-11-24,159906.922721,5215.364721,154691.558,-0.01851675,,
20260815_222334_6537d9,2021-11-25,156718.334721,5215.364721,151502.97,-0.01994027,,
20260815_222334_6537d9,2021-11-26,152738.552272,-661.859728,153400.412,-0.02539449,,
20260815_222334_6537d9,2021-11-29,150302.680272,-661.859728,150964.54,-0.01594798,,
20260815_222334_6537d9,2021-11-30,151314.138272,-661.859728,151975.998,0.00672947,,
20260815_222334_6537d9,2021-12-01,154039.058272,-661.859728,154700.918,0.01800836,,
20260815_222334_6537d9,2021-12-02,154009.315272,-661.859728,154671.175,-0.00019309,,
20260815_222334_6537d9,2021-12-03,154924.286272,-661.859728,155586.146,0.00594101,,
20260815_222334_6537d9,2021-12-06,154561.749272,-661.859728,155223.609,-0.00234009,,
20260815_222334_6537d9,2021-12-07,155409.109272,-661.859728,156070.969,0.00548234,,
20260815_222334_6537d9,2021-12-08,156512.232272,-661.859728,157174.092,0.00709819,,
20260815_222334_6537d9,2021-12-09,161064.532272,-661.859728,161726.392,0.02908591,,
20260815_222334_6537d9,2021-12-10,161044.135272,-661.859728,161705.995,-0.00012664,,
20260815_222334_6537d9,2021-12-13,160133.166272,-661.859728,160795.026,-0.00565664,,
20260815_222334_6537d9,2021-12-14,158506.584272,-661.859728,159168.444,-0.01015768,,
20260815_222334_6537d9,2021-12-15,158430.064272,-661.859728,159091.924,-0.00048276,,
20260815_222334_6537d9,2021-12-16,159112.250272,-661.859728,159774.11,0.00430591,,
20260815_222334_6537d9,2021-12-17,160007.191272,-661.859728,160669.051,0.00562459,,
20260815_222334_6537d9,2021-12-20,160863.646272,-661.859728,161525.506,0.0053526,,
20260815_222334_6537d9,2021-12-21,164214.860272,-661.859728,164876.72,0.02083264,,
20260815_222334_6537d9,2021-12-22,161957.209272,-661.859728,162619.069,-0.01374815,,
20260815_222334_6537d9,2021-12-23,161335.386272,-661.859728,161997.246,-0.00383943,,
20260815_222334_6537d9,2021-12-24,158810.811272,-661.859728,159472.671,-0.01564799,,
20260815_222334_6537d9,2021-12-27,159475.971272,-661.859728,160137.831,0.00418838,,
20260815_222334_6537d9,2021-12-28,160043.707272,-661.859728,160705.567,0.00356001,,
20260815_222334_6537d9,2021-12-29,158547.806272,-661.859728,159209.666,-0.00934683,,
20260815_222334_6537d9,2021-12-30,160277.408272,-661.859728,160939.268,0.01090903,,
20260815_222334_6537d9,2021-12-31,162310.111272,-661.859728,162971.971,0.0126824,,
20260815_222334_6537d9,2022-01-04,164365.871272,-661.859728,165027.731,0.01266563,,
20260815_222334_6537d9,2022-01-05,163005.29343,26825.87443,136179.419,-0.00827774,,
20260815_222334_6537d9,2022-01-06,164483.67143,26825.87443,137657.797,0.00906951,,
20260815_222334_6537d9,2022-01-07,163751.52843,26825.87443,136925.654,-0.00445116,,
20260815_222334_6537d9,2022-01-10,165192.67943,26825.87443,138366.805,0.00880084,,
20260815_222334_6537d9,2022-01-11,165166.78643,26825.87443,138340.912,-0.00015674,,
20260815_222334_6537d9,2022-01-12,165192.91743,26825.87443,138367.043,0.00015821,,
20260815_222334_6537d9,2022-01-13,164081.05743,26825.87443,137255.183,-0.00673068,,
20260815_222334_6537d9,2022-01-14,162143.85443,26825.87443,135317.98,-0.01180638,,
20260815_222334_6537d9,2022-01-17,163406.20543,26825.87443,136580.331,0.00778538,,
20260815_222334_6537d9,2022-01-18,162417.10243,26825.87443,135591.228,-0.00605303,,
20260815_222334_6537d9,2022-01-19,162339.16643,26825.87443,135513.292,-0.00047985,,
20260815_222334_6537d9,2022-01-20,160024.32643,26825.87443,133198.452,-0.01425928,,
20260815_222334_6537d9,2022-01-21,158583.26643,26825.87443,131757.392,-0.00900526,,
20260815_222334_6537d9,2022-01-24,157555.95143,26825.87443,130730.077,-0.00647808,,
20260815_222334_6537d9,2022-01-25,152289.40964,11292.13264,140997.277,-0.03342649,,
20260815_222334_6537d9,2022-01-26,152047.635064,8006.329064,144041.306,-0.0015876,,
20260815_222334_6537d9,2022-01-27,148784.072064,8006.329064,140777.743,-0.02146408,,
20260815_222334_6537d9,2022-01-28,149625.624064,8006.329064,141619.295,0.0056562,,
20260815_222334_6537d9,2022-02-07,152888.236064,8006.329064,144881.907,0.02180517,,
20260815_222334_6537d9,2022-02-08,155556.327064,8006.329064,147549.998,0.01745125,,
20260815_222334_6537d9,2022-02-09,156330.299064,8006.329064,148323.97,0.00497551,,
20260815_222334_6537d9,2022-02-10,160868.189064,8006.329064,152861.86,0.02902758,,
20260815_222334_6537d9,2022-02-11,159273.465064,8006.329064,151267.136,-0.00991323,,
20260815_222334_6537d9,2022-02-14,156790.470064,8006.329064,148784.141,-0.01558951,,
20260815_222334_6537d9,2022-02-15,156165.963064,8006.329064,148159.634,-0.00398307,,
20260815_222334_6537d9,2022-02-16,157109.775064,8006.329064,149103.446,0.00604365,,
20260815_222334_6537d9,2022-02-17,156765.239064,8006.329064,148758.91,-0.00219296,,
20260815_222334_6537d9,2022-02-18,158226.017064,8006.329064,150219.688,0.00931825,,
20260815_222334_6537d9,2022-02-21,158674.189064,8006.329064,150667.86,0.00283248,,
20260815_222334_6537d9,2022-02-22,157035.862064,8006.329064,149029.533,-0.0103251,,
20260815_222334_6537d9,2022-02-23,157899.003064,8006.329064,149892.674,0.00549646,,
20260815_222334_6537d9,2022-02-24,154419.872064,8006.329064,146413.543,-0.0220339,,
20260815_222334_6537d9,2022-02-25,156878.000064,8006.329064,148871.671,0.01591847,,
20260815_222334_6537d9,2022-02-28,157168.695064,8006.329064,149162.366,0.001853,,
20260815_222334_6537d9,2022-03-01,157426.915064,8006.329064,149420.586,0.00164295,,
20260815_222334_6537d9,2022-03-02,157797.532064,8006.329064,149791.203,0.00235422,,
20260815_222334_6537d9,2022-03-03,162392.419064,8006.329064,154386.09,0.02911888,,
20260815_222334_6537d9,2022-03-04,159877.536064,8006.329064,151871.207,-0.01548646,,
20260815_222334_6537d9,2022-03-07,158680.198064,8006.329064,150673.869,-0.00748909,,
20260815_222334_6537d9,2022-03-08,152686.346064,8006.329064,144680.017,-0.03777316,,
20260815_222334_6537d9,2022-03-09,150965.284064,8006.329064,142958.955,-0.01127188,,
20260815_222334_6537d9,2022-03-10,154326.777064,8006.329064,146320.448,0.02226666,,
20260815_222334_6537d9,2022-03-11,155176.564064,8006.329064,147170.235,0.00550641,,
20260815_222334_6537d9,2022-03-14,150390.288064,8006.329064,142383.959,-0.03084406,,
20260815_222334_6537d9,2022-03-15,139600.974064,8006.329064,131594.645,-0.07174209,,
20260815_222334_6537d9,2022-03-16,142760.871104,3951.486104,138809.385,0.02263521,,
20260815_222334_6537d9,2022-03-17,143969.661104,3951.486104,140018.175,0.00846724,,
20260815_222334_6537d9,2022-03-18,147998.961104,3951.486104,144047.475,0.02798715,,
20260815_222334_6537d9,2022-03-21,148200.426104,3951.486104,144248.94,0.00136126,,
20260815_222334_6537d9,2022-03-22,153035.586104,3951.486104,149084.1,0.03262582,,
20260815_222334_6537d9,2022-03-23,152028.261104,3951.486104,148076.775,-0.00658229,,
20260815_222334_6537d9,2022-03-24,153438.516104,3951.486104,149487.03,0.00927627,,
20260815_222334_6537d9,2022-03-25,154848.771104,3951.486104,150897.285,0.00919101,,
20260815_222334_6537d9,2022-03-28,153841.446104,3951.486104,149889.96,-0.00650522,,
20260815_222334_6537d9,2022-03-29,154244.376104,3951.486104,150292.89,0.00261913,,
20260815_222334_6537d9,2022-03-30,156863.421104,3951.486104,152911.935,0.01697984,,
20260815_222334_6537d9,2022-03-31,159885.396104,3951.486104,155933.91,0.01926501,,
20260815_222334_6537d9,2022-04-01,161295.651104,3951.486104,157344.165,0.00882041,,
20260815_222334_6537d9,2022-04-06,163000.09627,55965.84827,107034.248,0.01056721,,
20260815_222334_6537d9,2022-04-07,161043.48127,55965.84827,105077.633,-0.01200377,,
20260815_222334_6537d9,2022-04-08,160845.35427,55965.84827,104879.506,-0.00123027,,
20260815_222334_6537d9,2022-04-11,159057.05327,55965.84827,103091.205,-0.01111814,,
20260815_222334_6537d9,2022-04-12,160118.54627,55965.84827,104152.698,0.00667366,,
20260815_222334_6537d9,2022-04-13,160207.89627,55965.84827,104242.048,0.00055802,,
20260815_222334_6537d9,2022-04-14,160961.22227,55965.84827,104995.374,0.00470218,,
20260815_222334_6537d9,2022-04-15,159596.50627,55965.84827,103630.658,-0.00847854,,
20260815_222334_6537d9,2022-04-18,161558.91175,11198.48775,150360.424,0.01229604,,
20260815_222334_6537d9,2022-04-19,162070.88475,11198.48775,150872.397,0.00316896,,
20260815_222334_6537d9,2022-04-20,160577.68775,11198.48775,149379.2,-0.00921323,,
20260815_222334_6537d9,2022-04-21,156827.10775,11198.48775,145628.62,-0.02335679,,
20260815_222334_6537d9,2022-04-22,156781.23975,11198.48775,145582.752,-0.00029247,,
20260815_222334_6537d9,2022-04-25,147896.46175,11198.48775,136697.974,-0.05666991,,
20260815_222334_6537d9,2022-04-26,144593.377896,5221.597896,139371.78,-0.02233376,,
20260815_222334_6537d9,2022-04-27,146186.677896,5221.597896,140965.08,0.01101918,,
20260815_222334_6537d9,2022-04-28,142812.701896,5221.597896,137591.104,-0.02307991,,
20260815_222334_6537d9,2022-04-29,145223.183896,5221.597896,140001.586,0.01687862,,
20260815_222334_6537d9,2022-05-05,144045.699896,5221.597896,138824.102,-0.0081081,,
20260815_222334_6537d9,2022-05-06,141708.373896,5221.597896,136486.776,-0.01622628,,
20260815_222334_6537d9,2022-05-09,143691.177896,5221.597896,138469.58,0.01399214,,
20260815_222334_6537d9,2022-05-10,144054.369896,5221.597896,138832.772,0.00252759,,
20260815_222334_6537d9,2022-05-11,144900.753896,5221.597896,139679.156,0.00587545,,
20260815_222334_6537d9,2022-05-12,143093.765896,5221.597896,137872.168,-0.01247052,,
20260815_222334_6537d9,2022-05-13,144438.093896,5221.597896,139216.496,0.00939473,,
20260815_222334_6537d9,2022-05-16,142610.573896,5221.597896,137388.976,-0.01265262,,
20260815_222334_6537d9,2022-05-17,144004.635896,5221.597896,138783.038,0.00977531,,
20260815_222334_6537d9,2022-05-18,143960.681896,5221.597896,138739.084,-0.00030523,,
20260815_222334_6537d9,2022-05-19,145811.623896,5221.597896,140590.026,0.01285727,,
20260815_222334_6537d9,2022-05-20,146766.447896,5221.597896,141544.85,0.00654834,,
20260815_222334_6537d9,2022-05-23,148113.665896,5221.597896,142892.068,0.00917933,,
20260815_222334_6537d9,2022-05-24,144399.919896,5221.597896,139178.322,-0.02507362,,
20260815_222334_6537d9,2022-05-25,149238.223896,5221.597896,144016.626,0.03350628,,
20260815_222334_6537d9,2022-05-26,148043.399896,5221.597896,142821.802,-0.00800615,,
20260815_222334_6537d9,2022-05-27,148430.013896,5221.597896,143208.416,0.00261149,,
20260815_222334_6537d9,2022-05-30,148974.801896,5221.597896,143753.204,0.00367034,,
20260815_222334_6537d9,2022-05-31,148330.545896,5221.597896,143108.948,-0.0043246,,
20260815_222334_6537d9,2022-06-01,149838.827896,5221.597896,144617.23,0.01016838,,
20260815_222334_6537d9,2022-06-02,150843.385896,5221.597896,145621.788,0.00670426,,
20260815_222334_6537d9,2022-06-06,151481.861896,5221.597896,146260.264,0.00423271,,
20260815_222334_6537d9,2022-06-07,149791.983896,5221.597896,144570.386,-0.01115565,,
20260815_222334_6537d9,2022-06-08,151616.613896,5221.597896,146395.016,0.01218109,,
20260815_222334_6537d9,2022-06-09,152076.383896,5221.597896,146854.786,0.00303245,,
20260815_222334_6537d9,2022-06-10,153233.335896,5221.597896,148011.738,0.0076077,,
20260815_222334_6537d9,2022-06-13,154472.113896,5221.597896,149250.516,0.00808426,,
20260815_222334_6537d9,2022-06-14,156223.587896,5221.597896,151001.99,0.01133845,,
20260815_222334_6537d9,2022-06-15,157995.593896,5221.597896,152773.996,0.01134276,,
20260815_222334_6537d9,2022-06-16,153444.133896,5221.597896,148222.536,-0.02880751,,
20260815_222334_6537d9,2022-06-17,153309.381896,5221.597896,148087.784,-0.00087818,,
20260815_222334_6537d9,2022-06-20,155549.827896,5221.597896,150328.23,0.01461389,,
20260815_222334_6537d9,2022-06-21,153657.821896,5221.597896,148436.224,-0.01216334,,
20260815_222334_6537d9,2022-06-22,152864.061896,5221.597896,147642.464,-0.00516576,,
20260815_222334_6537d9,2022-06-23,156489.899896,5221.597896,151268.302,0.02371936,,
20260815_222334_6537d9,2022-06-24,155728.839896,5221.597896,150507.242,-0.00486332,,
20260815_222334_6537d9,2022-06-27,157622.797896,5221.597896,152401.2,0.0121619,,
20260815_222334_6537d9,2022-06-28,159275.789896,5221.597896,154054.192,0.01048701,,
20260815_222334_6537d9,2022-06-29,156405.167896,5221.597896,151183.57,-0.01802297,,
20260815_222334_6537d9,2022-06-30,156727.617896,5221.597896,151506.02,0.00206163,,
20260815_222334_6537d9,2022-07-01,156204.943896,5221.597896,150983.346,-0.00333492,,
20260815_222334_6537d9,2022-07-04,156065.985404,36833.458004,119232.5274,-0.00088959,,
20260815_222334_6537d9,2022-07-05,156539.921404,36833.458004,119706.4634,0.00303677,,
20260815_222334_6537d9,2022-07-06,154122.015204,36833.458004,117288.5572,-0.01544594,,
20260815_222334_6537d9,2022-07-07,154118.017204,36833.458004,117284.5592,-2.594e-05,,
20260815_222334_6537d9,2022-07-08,154771.965604,36833.458004,117938.5076,0.00424317,,
20260815_222334_6537d9,2022-07-11,154948.946804,36833.458004,118115.4888,0.0011435,,
20260815_222334_6537d9,2022-07-12,155007.629404,36833.458004,118174.1714,0.00037872,,
20260815_222334_6537d9,2022-07-13,154853.906904,36833.458004,118020.4489,-0.00099171,,
20260815_222334_6537d9,2022-07-14,154513.376804,36833.458004,117679.9188,-0.00219904,,
20260815_222334_6537d9,2022-07-15,151849.689304,36833.458004,115016.2313,-0.0172392,,
20260815_222334_6537d9,2022-07-18,155362.906129,7481.446429,147881.4597,0.02313615,,
20260815_222334_6537d9,2022-07-19,156626.325529,7481.446429,149144.8791,0.00813205,,
20260815_222334_6537d9,2022-07-20,157254.610929,7481.446429,149773.1645,0.00401137,,
20260815_222334_6537d9,2022-07-21,155904.254429,7481.446429,148422.808,-0.00858707,,
20260815_222334_6537d9,2022-07-22,157464.393929,7481.446429,149982.9475,0.01000704,,
20260815_222334_6537d9,2022-07-25,156693.939329,7481.446429,149212.4929,-0.00489288,,
20260815_222334_6537d9,2022-07-26,158181.219829,7481.446429,150699.7734,0.00949163,,
20260815_222334_6537d9,2022-07-27,158318.461429,7481.446429,150837.015,0.00086762,,
20260815_222334_6537d9,2022-07-28,158415.218929,7481.446429,150933.7725,0.00061116,,
20260815_222334_6537d9,2022-07-29,157343.466029,7481.446429,149862.0196,-0.00676547,,
20260815_222334_6537d9,2022-08-01,157786.422729,7481.446429,150304.9763,0.00281522,,
20260815_222334_6537d9,2022-08-02,152019.169229,7481.446429,144537.7228,-0.03655101,,
20260815_222334_6537d9,2022-08-03,151031.537829,7481.446429,143550.0914,-0.00649676,,
20260815_222334_6537d9,2022-08-04,152290.842729,7481.446429,144809.3963,0.00833803,,
20260815_222334_6537d9,2022-08-05,153535.534329,7481.446429,146054.0879,0.00817312,,
20260815_222334_6537d9,2022-08-08,154397.232629,7481.446429,146915.7862,0.00561237,,
20260815_222334_6537d9,2022-08-09,154506.207029,7481.446429,147024.7606,0.00070581,,
20260815_222334_6537d9,2022-08-10,154154.367929,7481.446429,146672.9215,-0.00227718,,
20260815_222334_6537d9,2022-08-11,156148.406829,7481.446429,148666.9604,0.01293534,,
20260815_222334_6537d9,2022-08-12,157011.258929,7481.446429,149529.8125,0.00552585,,
20260815_222334_6537d9,2022-08-15,157606.424629,7481.446429,150124.9782,0.00379059,,
20260815_222334_6537d9,2022-08-16,158539.093929,7481.446429,151057.6475,0.00591771,,
20260815_222334_6537d9,2022-08-17,159102.222029,7481.446429,151620.7756,0.00355198,,
20260815_222334_6537d9,2022-08-18,157215.202929,7481.446429,149733.7565,-0.01186042,,
20260815_222334_6537d9,2022-08-19,158511.123029,7481.446429,151029.6766,0.00824297,,
20260815_222334_6537d9,2022-08-22,161099.880629,7481.446429,153618.4342,0.01633171,,
20260815_222334_6537d9,2022-08-23,163455.630129,7481.446429,155974.1837,0.01462291,,
20260815_222334_6537d9,2022-08-24,161333.289229,7481.446429,153851.8428,-0.0129842,,
20260815_222334_6537d9,2022-08-25,163254.826629,7481.446429,155773.3802,0.01191036,,
20260815_222334_6537d9,2022-08-26,165092.271229,7481.446429,157610.8248,0.01125507,,
20260815_222334_6537d9,2022-08-29,165534.166429,7481.446429,158052.72,0.00267666,,
20260815_222334_6537d9,2022-08-30,166550.962129,7481.446429,159069.5157,0.00614251,,
20260815_222334_6537d9,2022-08-31,162350.873629,7481.446429,154869.4272,-0.02521804,,
20260815_222334_6537d9,2022-09-01,162290.524829,7481.446429,154809.0784,-0.00037172,,
20260815_222334_6537d9,2022-09-02,164029.690929,7481.446429,156548.2445,0.01071637,,
20260815_222334_6537d9,2022-09-05,166495.189829,7481.446429,159013.7434,0.01503081,,
20260815_222334_6537d9,2022-09-06,169201.274429,7481.446429,161719.828,0.01625323,,
20260815_222334_6537d9,2022-09-07,167362.936029,7481.446429,159881.4896,-0.0108648,,
20260815_222334_6537d9,2022-09-08,165571.606829,7481.446429,158090.1604,-0.01070326,,
20260815_222334_6537d9,2022-09-09,165712.645629,7481.446429,158231.1992,0.00085183,,
20260815_222334_6537d9,2022-09-13,164272.725229,7481.446429,156791.2788,-0.00868926,,
20260815_222334_6537d9,2022-09-14,162585.986829,7481.446429,155104.5404,-0.01026792,,
20260815_222334_6537d9,2022-09-15,161536.297629,7481.446429,154054.8512,-0.00645621,,
20260815_222334_6537d9,2022-09-16,158433.612329,7481.446429,150952.1659,-0.01920736,,
20260815_222334_6537d9,2022-09-19,158308.474229,7481.446429,150827.0278,-0.00078985,,
20260815_222334_6537d9,2022-09-20,161321.58948,6664.16898,154657.4205,0.01903319,,
20260815_222334_6537d9,2022-09-21,162691.67188,6664.16898,156027.5029,0.00849286,,
20260815_222334_6537d9,2022-09-22,162448.22408,6664.16898,155784.0551,-0.00149638,,
20260815_222334_6537d9,2022-09-23,160221.51338,6664.16898,153557.3444,-0.0137072,,
20260815_222334_6537d9,2022-09-26,154490.91528,6664.16898,147826.7463,-0.03576672,,
20260815_222334_6537d9,2022-09-27,155880.461023,5327.007823,150553.4532,0.00899435,,
20260815_222334_6537d9,2022-09-28,151601.754223,5327.007823,146274.7464,-0.02744864,,
20260815_222334_6537d9,2022-09-29,151496.676823,5327.007823,146169.669,-0.00069311,,
20260815_222334_6537d9,2022-09-30,149910.510523,5327.007823,144583.5027,-0.01046997,,
20260815_222334_6537d9,2022-10-10,150457.564423,5327.007823,145130.5566,0.0036492,,
20260815_222334_6537d9,2022-10-11,150553.89386,29106.43006,121447.4638,0.00064024,,
20260815_222334_6537d9,2022-10-12,151820.37306,29106.43006,122713.943,0.00841213,,
20260815_222334_6537d9,2022-10-13,153531.63266,29106.43006,124425.2026,0.01127161,,
20260815_222334_6537d9,2022-10-14,157533.02106,29106.43006,128426.591,0.02606231,,
20260815_222334_6537d9,2022-10-17,161109.25386,29106.43006,132002.8238,0.02270148,,
20260815_222334_6537d9,2022-10-18,162379.72976,29106.43006,133273.2997,0.0078858,,
20260815_222334_6537d9,2022-10-19,161206.68426,29106.43006,132100.2542,-0.00722409,,
20260815_222334_6537d9,2022-10-20,161231.90306,29106.43006,132125.473,0.00015644,,
20260815_222334_6537d9,2022-10-21,162757.55826,29106.43006,133651.1282,0.00946249,,
20260815_222334_6537d9,2022-10-24,158242.03226,29106.43006,129135.6022,-0.02774388,,
20260815_222334_6537d9,2022-10-25,156191.33656,29106.43006,127084.9065,-0.01295924,,
20260815_222334_6537d9,2022-10-26,161067.20756,29106.43006,131960.7775,0.03121729,,
20260815_222334_6537d9,2022-10-27,162871.22046,29106.43006,133764.7904,0.01120037,,
20260815_222334_6537d9,2022-10-28,158817.35336,29106.43006,129710.9233,-0.02489001,,
20260815_222334_6537d9,2022-10-31,160853.30386,29106.43006,131746.8738,0.01281945,,
20260815_222334_6537d9,2022-11-01,162687.10286,29106.43006,133580.6728,0.01140044,,
20260815_222334_6537d9,2022-11-02,163354.63886,29106.43006,134248.2088,0.00410319,,
20260815_222334_6537d9,2022-11-03,162009.05746,29106.43006,132902.6274,-0.00823718,,
20260815_222334_6537d9,2022-11-04,163183.93886,29106.43006,134077.5088,0.00725195,,
20260815_222334_6537d9,2022-11-07,162578.28246,29106.43006,133471.8524,-0.0037115,,
20260815_222334_6537d9,2022-11-08,164872.14126,29106.43006,135765.7112,0.01410926,,
20260815_222334_6537d9,2022-11-09,168822.31446,29106.43006,139715.8844,0.02395901,,
20260815_222334_6537d9,2022-11-10,169979.03426,29106.43006,140872.6042,0.0068517,,
20260815_222334_6537d9,2022-11-11,168227.31206,29106.43006,139120.882,-0.01030552,,
20260815_222334_6537d9,2022-11-14,171757.64186,29106.43006,142651.2118,0.02098547,,
20260815_222334_6537d9,2022-11-15,171514.37926,29106.43006,142407.9492,-0.00141631,,
20260815_222334_6537d9,2022-11-16,171360.54636,29106.43006,142254.1163,-0.00089691,,
20260815_222334_6537d9,2022-11-17,174915.77646,29106.43006,145809.3464,0.02074707,,
20260815_222334_6537d9,2022-11-18,176435.69416,29106.43006,147329.2641,0.00868943,,
20260815_222334_6537d9,2022-11-21,178126.57696,29106.43006,149020.1469,0.00958356,,
20260815_222334_6537d9,2022-11-22,171830.60516,29106.43006,142724.1751,-0.03534549,,
20260815_222334_6537d9,2022-11-23,168388.14966,29106.43006,139281.7196,-0.02003401,,
20260815_222334_6537d9,2022-11-24,169883.87106,29106.43006,140777.441,0.00888258,,
20260815_222334_6537d9,2022-11-25,167730.50446,29106.43006,138624.0744,-0.01267552,,
20260815_222334_6537d9,2022-11-28,166541.69696,29106.43006,137435.2669,-0.0070876,,
20260815_222334_6537d9,2022-11-29,172345.93206,29106.43006,143239.502,0.03485154,,
20260815_222334_6537d9,2022-11-30,170569.68916,29106.43006,141463.2591,-0.01030627,,
20260815_222334_6537d9,2022-12-01,168818.24486,29106.43006,139711.8148,-0.0102682,,
20260815_222334_6537d9,2022-12-02,170794.39796,29106.43006,141687.9679,0.0117058,,
20260815_222334_6537d9,2022-12-05,173877.39986,29106.43006,144770.9698,0.01805095,,
20260815_222334_6537d9,2022-12-06,171889.89416,29106.43006,142783.4641,-0.0114305,,
20260815_222334_6537d9,2022-12-07,178871.81936,29106.43006,149765.3893,0.04061859,,
20260815_222334_6537d9,2022-12-08,179067.64536,29106.43006,149961.2153,0.00109478,,
20260815_222334_6537d9,2022-12-09,178717.73976,29106.43006,149611.3097,-0.00195404,,
20260815_222334_6537d9,2022-12-12,185518.53386,29106.43006,156412.1038,0.03805327,,
20260815_222334_6537d9,2022-12-13,184461.06036,29106.43006,155354.6303,-0.0057001,,
20260815_222334_6537d9,2022-12-14,175571.50246,29106.43006,146465.0724,-0.04819206,,
20260815_222334_6537d9,2022-12-15,176510.94346,29106.43006,147404.5134,0.00535076,,
20260815_222334_6537d9,2022-12-16,180422.63816,29106.43006,151316.2081,0.0221612,,
20260815_222334_6537d9,2022-12-19,172238.51766,29106.43006,143132.0876,-0.04536083,,
20260815_222334_6537d9,2022-12-20,169268.90046,29106.43006,140162.4704,-0.01724131,,
20260815_222334_6537d9,2022-12-21,168372.74946,29106.43006,139266.3194,-0.00529424,,
20260815_222334_6537d9,2022-12-22,164374.83596,29106.43006,135268.4059,-0.02374442,,
20260815_222334_6537d9,2022-12-23,164349.60166,29106.43006,135243.1716,-0.00015352,,
20260815_222334_6537d9,2022-12-26,162301.47696,29106.43006,133195.0469,-0.012462,,
20260815_222334_6537d9,2022-12-27,159029.10346,29106.43006,129922.6734,-0.02016231,,
20260815_222334_6537d9,2022-12-28,158303.53496,29106.43006,129197.1049,-0.00456249,,
20260815_222334_6537d9,2022-12-29,159746.83236,29106.43006,130640.4023,0.00911728,,
20260815_222334_6537d9,2022-12-30,158927.26786,29106.43006,129820.8378,-0.0051304,,
20260815_222334_6537d9,2023-01-03,162812.15936,29106.43006,133705.7293,0.02444446,,
20260815_222334_6537d9,2023-01-04,162838.427802,6237.244302,156601.1835,0.00016134,,
20260815_222334_6537d9,2023-01-05,163040.985002,6237.244302,156803.7407,0.00124392,,
20260815_222334_6537d9,2023-01-06,161705.276202,6237.244302,155468.0319,-0.00819247,,
20260815_222334_6537d9,2023-01-09,162272.496002,6237.244302,156035.2517,0.00350774,,
20260815_222334_6537d9,2023-01-10,161282.863102,6237.244302,155045.6188,-0.00609859,,
20260815_222334_6537d9,2023-01-11,159933.990102,6237.244302,153696.7458,-0.0083634,,
20260815_222334_6537d9,2023-01-12,159730.673702,6237.244302,153493.4294,-0.00127125,,
20260815_222334_6537d9,2023-01-13,161510.797802,6237.244302,155273.5535,0.01114454,,
20260815_222334_6537d9,2023-01-16,162129.774902,6237.244302,155892.5306,0.00383242,,
20260815_222334_6537d9,2023-01-17,161637.039102,6237.244302,155399.7948,-0.00303914,,
20260815_222334_6537d9,2023-01-18,162214.776702,6237.244302,155977.5324,0.00357429,,
20260815_222334_6537d9,2023-01-19,162806.641802,6237.244302,156569.3975,0.00364865,,
20260815_222334_6537d9,2023-01-20,164097.749302,6237.244302,157860.505,0.00793031,,
20260815_222334_6537d9,2023-01-30,165443.807202,6237.244302,159206.5629,0.00820278,,
20260815_222334_6537d9,2023-01-31,166995.637402,6237.244302,160758.3931,0.0093798,,
20260815_222334_6537d9,2023-02-01,168810.606102,6237.244302,162573.3618,0.01086836,,
20260815_222334_6537d9,2023-02-02,168098.495202,6237.244302,161861.2509,-0.0042184,,
20260815_222334_6537d9,2023-02-03,167185.012402,6237.244302,160947.7681,-0.00543421,,
20260815_222334_6537d9,2023-02-06,167828.914102,6237.244302,161591.6698,0.00385143,,
20260815_222334_6537d9,2023-02-07,168776.887202,6237.244302,162539.6429,0.00564845,,
20260815_222334_6537d9,2023-02-08,167659.399502,6237.244302,161422.1552,-0.00662109,,
20260815_222334_6537d9,2023-02-09,168639.691202,6237.244302,162402.4469,0.00584692,,
20260815_222334_6537d9,2023-02-10,169363.921502,6237.244302,163126.6772,0.00429454,,
20260815_222334_6537d9,2023-02-13,170531.894202,6237.244302,164294.6499,0.00689623,,
20260815_222334_6537d9,2023-02-14,170018.475002,6237.244302,163781.2307,-0.00301069,,
20260815_222334_6537d9,2023-02-15,169189.426202,6237.244302,162952.1819,-0.00487623,,
20260815_222334_6537d9,2023-02-16,166457.311202,6237.244302,160220.0669,-0.01614826,,
20260815_222334_6537d9,2023-02-17,166158.425802,6237.244302,159921.1815,-0.00179557,,
20260815_222334_6537d9,2023-02-20,169323.799002,6237.244302,163086.5547,0.01905033,,
20260815_222334_6537d9,2023-02-21,170220.855902,6237.244302,163983.6116,0.00529788,,
20260815_222334_6537d9,2023-02-22,170054.766702,6237.244302,163817.5224,-0.00097573,,
20260815_222334_6537d9,2023-02-23,170636.855802,6237.244302,164399.6115,0.00342295,,
20260815_222334_6537d9,2023-02-24,170611.144902,6237.244302,164373.9006,-0.00015068,,
20260815_222334_6537d9,2023-02-27,169501.280602,6237.244302,163264.0363,-0.00650523,,
20260815_222334_6537d9,2023-02-28,171716.717002,6237.244302,165479.4727,0.01307032,,
20260815_222334_6537d9,2023-03-01,172471.421202,6237.244302,166234.1769,0.00439505,,
20260815_222334_6537d9,2023-03-02,173047.930002,6237.244302,166810.6857,0.00334263,,
20260815_222334_6537d9,2023-03-03,172992.071302,6237.244302,166754.827,-0.00032279,,
20260815_222334_6537d9,2023-03-06,172767.322702,6237.244302,166530.0784,-0.00129918,,
20260815_222334_6537d9,2023-03-07,170205.654302,6237.244302,163968.41,-0.01482727,,
20260815_222334_6537d9,2023-03-08,171316.315902,6237.244302,165079.0716,0.00652541,,
20260815_222334_6537d9,2023-03-09,171412.771302,6237.244302,165175.527,0.00056303,,
20260815_222334_6537d9,2023-03-10,169299.270102,6237.244302,163062.0258,-0.01232989,,
20260815_222334_6537d9,2023-03-13,169509.628502,6237.244302,163272.3842,0.00124252,,
20260815_222334_6537d9,2023-03-14,167554.762402,6237.244302,161317.5181,-0.01153248,,
20260815_222334_6537d9,2023-03-15,171243.824402,6237.244302,165006.5801,0.02201705,,
20260815_222334_6537d9,2023-03-16,169034.694802,6237.244302,162797.4505,-0.01290049,,
20260815_222334_6537d9,2023-03-17,170006.065602,6237.244302,163768.8213,0.00574658,,
20260815_222334_6537d9,2023-03-20,169797.078602,6237.244302,163559.8343,-0.00122929,,
20260815_222334_6537d9,2023-03-21,170957.927902,6237.244302,164720.6836,0.00683669,,
20260815_222334_6537d9,2023-03-22,172248.200702,6237.244302,166010.9564,0.00754731,,
20260815_222334_6537d9,2023-03-23,171792.289502,6237.244302,165555.0452,-0.00264683,,
20260815_222334_6537d9,2023-03-24,171341.762402,6237.244302,165104.5181,-0.00262251,,
20260815_222334_6537d9,2023-03-27,170643.460502,6237.244302,164406.2162,-0.00407549,,
20260815_222334_6537d9,2023-03-28,169376.717202,6237.244302,163139.4729,-0.00742333,,
20260815_222334_6537d9,2023-03-29,167339.034402,6237.244302,161101.7901,-0.01203048,,
20260815_222334_6537d9,2023-03-30,166650.622402,6237.244302,160413.3781,-0.00411388,,
20260815_222334_6537d9,2023-03-31,168020.429902,6237.244302,161783.1856,0.00821964,,
20260815_222334_6537d9,2023-04-03,167618.090002,6237.244302,161380.8457,-0.00239459,,
20260815_222334_6537d9,2023-04-04,166273.192315,9230.713115,157042.4792,-0.00802358,,
20260815_222334_6537d9,2023-04-06,165010.851515,9230.713115,155780.1384,-0.00759197,,
20260815_222334_6537d9,2023-04-07,165089.914715,9230.713115,155859.2016,0.00047914,,
20260815_222334_6537d9,2023-04-10,163393.019915,9230.713115,154162.3068,-0.01027861,,
20260815_222334_6537d9,2023-04-11,163273.055115,9230.713115,154042.342,-0.00073421,,
20260815_222334_6537d9,2023-04-12,164682.411515,9230.713115,155451.6984,0.0086319,,
20260815_222334_6537d9,2023-04-13,164735.376715,9230.713115,155504.6636,0.00032162,,
20260815_222334_6537d9,2023-04-14,164858.076715,9230.713115,155627.3636,0.00074483,,
20260815_222334_6537d9,2023-04-17,166383.922715,9230.713115,157153.2096,0.00925551,,
20260815_222334_6537d9,2023-04-18,166103.831715,9230.713115,156873.1186,-0.0016834,,
20260815_222334_6537d9,2023-04-19,166642.881715,9230.713115,157412.1686,0.00324526,,
20260815_222334_6537d9,2023-04-20,165085.183115,9230.713115,155854.47,-0.00934753,,
20260815_222334_6537d9,2023-04-21,163444.383315,9230.713115,154213.6702,-0.00993911,,
20260815_222334_6537d9,2023-04-24,163888.057315,9230.713115,154657.3442,0.00271453,,
20260815_222334_6537d9,2023-04-25,162459.782315,9230.713115,153229.0692,-0.00871494,,
20260815_222334_6537d9,2023-04-26,164115.239051,10593.127151,153522.1119,0.01018995,,
20260815_222334_6537d9,2023-04-27,164546.119851,10593.127151,153952.9927,0.00262548,,
20260815_222334_6537d9,2023-04-28,169151.683751,10593.127151,158558.5566,0.0279895,,
20260815_222334_6537d9,2023-05-04,175911.321551,10593.127151,165318.1944,0.03996199,,
20260815_222334_6537d9,2023-05-05,175023.684151,10593.127151,164430.557,-0.00504594,,
20260815_222334_6537d9,2023-05-08,177531.904151,10593.127151,166938.777,0.01433075,,
20260815_222334_6537d9,2023-05-09,177615.835651,10593.127151,167022.7085,0.00047277,,
20260815_222334_6537d9,2023-05-10,175704.676151,10593.127151,165111.549,-0.01076007,,
20260815_222334_6537d9,2023-05-11,177873.201551,10593.127151,167280.0744,0.01234188,,
20260815_222334_6537d9,2023-05-12,177150.934951,10593.127151,166557.8078,-0.00406057,,
20260815_222334_6537d9,2023-05-15,178173.698051,10593.127151,167580.5709,0.0057734,,
20260815_222334_6537d9,2023-05-16,175678.221651,10593.127151,165085.0945,-0.01400586,,
20260815_222334_6537d9,2023-05-17,176023.264351,10593.127151,165430.1372,0.00196406,,
20260815_222334_6537d9,2023-05-18,176654.196351,10593.127151,166061.0692,0.00358437,,
20260815_222334_6537d9,2023-05-19,175348.058051,10593.127151,164754.9309,-0.00739376,,
20260815_222334_6537d9,2023-05-22,176859.547751,10593.127151,166266.4206,0.00861994,,
20260815_222334_6537d9,2023-05-23,174695.415051,10593.127151,164102.2879,-0.01223645,,
20260815_222334_6537d9,2023-05-24,173107.850351,10593.127151,162514.7232,-0.00908762,,
20260815_222334_6537d9,2023-05-25,172747.615351,10593.127151,162154.4882,-0.00208099,,
20260815_222334_6537d9,2023-05-26,173517.341851,10593.127151,162924.2147,0.00445579,,
20260815_222334_6537d9,2023-05-29,173438.558151,10593.127151,162845.431,-0.00045404,,
20260815_222334_6537d9,2023-05-30,173736.940351,10593.127151,163143.8132,0.00172039,,
20260815_222334_6537d9,2023-05-31,172746.057151,10593.127151,162152.93,-0.00570335,,
20260815_222334_6537d9,2023-06-01,173299.093151,10593.127151,162705.966,0.00320144,,
20260815_222334_6537d9,2023-06-02,174710.015151,10593.127151,164116.888,0.00814154,,
20260815_222334_6537d9,2023-06-05,175413.863151,10593.127151,164820.736,0.00402866,,
20260815_222334_6537d9,2023-06-06,173335.544151,10593.127151,162742.417,-0.01184809,,
20260815_222334_6537d9,2023-06-07,173644.500151,10593.127151,163051.373,0.00178242,,
20260815_222334_6537d9,2023-06-08,173819.756151,10593.127151,163226.629,0.00100928,,
20260815_222334_6537d9,2023-06-09,173811.295151,10593.127151,163218.168,-4.868e-05,,
20260815_222334_6537d9,2023-06-12,173432.496151,10593.127151,162839.369,-0.00217937,,
20260815_222334_6537d9,2023-06-13,173232.074151,10593.127151,162638.947,-0.00115562,,
20260815_222334_6537d9,2023-06-14,173028.494151,10593.127151,162435.367,-0.00117519,,
20260815_222334_6537d9,2023-06-15,173071.183151,10593.127151,162478.056,0.00024672,,
20260815_222334_6537d9,2023-06-16,173632.669151,10593.127151,163039.542,0.00324425,,
20260815_222334_6537d9,2023-06-19,171792.063151,10593.127151,161198.936,-0.01060057,,
20260815_222334_6537d9,2023-06-20,171444.281151,10593.127151,160851.154,-0.00202444,,
20260815_222334_6537d9,2023-06-21,171030.525151,10593.127151,160437.398,-0.00241336,,
20260815_222334_6537d9,2023-06-26,169890.019151,10593.127151,159296.892,-0.00666844,,
20260815_222334_6537d9,2023-06-27,171928.917151,10593.127151,161335.79,0.01200128,,
20260815_222334_6537d9,2023-06-28,173264.981151,10593.127151,162671.854,0.00777103,,
20260815_222334_6537d9,2023-06-29,174555.809151,10593.127151,163962.682,0.00745002,,
20260815_222334_6537d9,2023-06-30,174423.241151,10593.127151,163830.114,-0.00075946,,
20260815_222334_6537d9,2023-07-03,176302.951151,10593.127151,165709.824,0.01077672,,
20260815_222334_6537d9,2023-07-04,175472.91114,18975.73014,156497.181,-0.00470803,,
20260815_222334_6537d9,2023-07-05,175516.85414,18975.73014,156541.124,0.00025043,,
20260815_222334_6537d9,2023-07-06,174982.44014,18975.73014,156006.71,-0.0030448,,
20260815_222334_6537d9,2023-07-07,175384.75614,18975.73014,156409.026,0.00229918,,
20260815_222334_6537d9,2023-07-10,175721.13714,18975.73014,156745.407,0.00191796,,
20260815_222334_6537d9,2023-07-11,176813.11914,18975.73014,157837.389,0.00621429,,
20260815_222334_6537d9,2023-07-12,175858.27614,18975.73014,156882.546,-0.00540029,,
20260815_222334_6537d9,2023-07-13,176754.19714,18975.73014,157778.467,0.00509456,,
20260815_222334_6537d9,2023-07-14,176403.05114,18975.73014,157427.321,-0.00198663,,
20260815_222334_6537d9,2023-07-17,177167.70414,18975.73014,158191.974,0.00433469,,
20260815_222334_6537d9,2023-07-18,176993.62114,18975.73014,158017.891,-0.00098259,,
20260815_222334_6537d9,2023-07-19,178099.12514,18975.73014,159123.395,0.00624601,,
20260815_222334_6537d9,2023-07-20,177709.53414,18975.73014,158733.804,-0.0021875,,
20260815_222334_6537d9,2023-07-21,177697.90014,18975.73014,158722.17,-6.547e-05,,
20260815_222334_6537d9,2023-07-24,178583.67814,18975.73014,159607.948,0.00498474,,
20260815_222334_6537d9,2023-07-25,180024.12214,18975.73014,161048.392,0.00806593,,
20260815_222334_6537d9,2023-07-26,180488.56814,18975.73014,161512.838,0.00257991,,
20260815_222334_6537d9,2023-07-27,179824.77614,18975.73014,160849.046,-0.00367775,,
20260815_222334_6537d9,2023-07-28,181142.04914,18975.73014,162166.319,0.00732531,,
20260815_222334_6537d9,2023-07-31,182285.83614,18975.73014,163310.106,0.00631431,,
20260815_222334_6537d9,2023-08-01,182458.52414,18975.73014,163482.794,0.00094735,,
20260815_222334_6537d9,2023-08-02,181829.81414,18975.73014,162854.084,-0.00344577,,
20260815_222334_6537d9,2023-08-03,180958.67114,18975.73014,161982.941,-0.00479098,,
20260815_222334_6537d9,2023-08-04,181005.92714,18975.73014,162030.197,0.00026114,,
20260815_222334_6537d9,2023-08-07,178805.63814,18975.73014,159829.908,-0.01215589,,
20260815_222334_6537d9,2023-08-08,179675.74014,18975.73014,160700.01,0.00486619,,
20260815_222334_6537d9,2023-08-09,177964.66214,18975.73014,158988.932,-0.00952314,,
20260815_222334_6537d9,2023-08-10,178908.10614,18975.73014,159932.376,0.0053013,,
20260815_222334_6537d9,2023-08-11,177274.65914,18975.73014,158298.929,-0.00913009,,
20260815_222334_6537d9,2023-08-14,178246.64414,18975.73014,159270.914,0.00548293,,
20260815_222334_6537d9,2023-08-15,178475.52414,18975.73014,159499.794,0.00128406,,
20260815_222334_6537d9,2023-08-16,176756.68014,18975.73014,157780.95,-0.0096307,,
20260815_222334_6537d9,2023-08-17,179431.15714,18975.73014,160455.427,0.01513084,,
20260815_222334_6537d9,2023-08-18,176360.20114,18975.73014,157384.471,-0.01711495,,
20260815_222334_6537d9,2023-08-21,175073.46414,18975.73014,156097.734,-0.00729607,,
20260815_222334_6537d9,2023-08-22,173186.57514,18975.73014,154210.845,-0.0107777,,
20260815_222334_6537d9,2023-08-23,172301.98014,18975.73014,153326.25,-0.00510776,,
20260815_222334_6537d9,2023-08-24,171888.566767,20245.184767,151643.382,-0.00239935,,
20260815_222334_6537d9,2023-08-25,170346.876767,20245.184767,150101.692,-0.00896912,,
20260815_222334_6537d9,2023-08-28,174839.670767,20245.184767,154594.486,0.02637438,,
20260815_222334_6537d9,2023-08-29,176951.684767,20245.184767,156706.5,0.01207972,,
20260815_222334_6537d9,2023-08-30,176793.419767,20245.184767,156548.235,-0.0008944,,
20260815_222334_6537d9,2023-08-31,175267.886767,20245.184767,155022.702,-0.0086289,,
20260815_222334_6537d9,2023-09-01,175543.697767,20245.184767,155298.513,0.00157365,,
20260815_222334_6537d9,2023-09-04,178293.191767,20245.184767,158048.007,0.01566273,,
20260815_222334_6537d9,2023-09-05,176904.428767,20245.184767,156659.244,-0.00778921,,
20260815_222334_6537d9,2023-09-06,178016.859767,20245.184767,157771.675,0.00628832,,
20260815_222334_6537d9,2023-09-07,175931.675767,20245.184767,155686.491,-0.01171341,,
20260815_222334_6537d9,2023-09-08,176165.113767,20245.184767,155919.929,0.00132687,,
20260815_222334_6537d9,2023-09-11,177540.423767,20245.184767,157295.239,0.00780694,,
20260815_222334_6537d9,2023-09-12,176542.216767,20245.184767,156297.032,-0.00562242,,
20260815_222334_6537d9,2023-09-13,175758.386767,20245.184767,155513.202,-0.0044399,,
20260815_222334_6537d9,2023-09-14,175344.991767,20245.184767,155099.807,-0.00235206,,
20260815_222334_6537d9,2023-09-15,176245.473767,20245.184767,156000.289,0.00513549,,
20260815_222334_6537d9,2023-09-18,177152.327767,20245.184767,156907.143,0.0051454,,
20260815_222334_6537d9,2023-09-19,175902.734767,20245.184767,155657.55,-0.00705378,,
20260815_222334_6537d9,2023-09-20,175506.567767,20245.184767,155261.383,-0.00225219,,
20260815_222334_6537d9,2023-09-21,174090.908767,20245.184767,153845.724,-0.00806613,,
20260815_222334_6537d9,2023-09-22,175781.509767,20245.184767,155536.325,0.00971102,,
20260815_222334_6537d9,2023-09-25,175081.291767,20245.184767,154836.107,-0.00398346,,
20260815_222334_6537d9,2023-09-26,174279.798767,20245.184767,154034.614,-0.00457783,,
20260815_222334_6537d9,2023-09-27,175442.550767,20245.184767,155197.366,0.00667175,,
20260815_222334_6537d9,2023-09-28,177686.731767,20245.184767,157441.547,0.01279154,,
20260815_222334_6537d9,2023-10-09,174585.840767,20245.184767,154340.656,-0.01745145,,
20260815_222334_6537d9,2023-10-10,172537.63673,7395.57073,165142.066,-0.01173179,,
20260815_222334_6537d9,2023-10-11,172256.20973,7395.57073,164860.639,-0.0016311,,
20260815_222334_6537d9,2023-10-12,173157.91973,7395.57073,165762.349,0.0052347,,
20260815_222334_6537d9,2023-10-13,171895.83573,7395.57073,164500.265,-0.00728863,,
20260815_222334_6537d9,2023-10-16,171913.00273,7395.57073,164517.432,9.987e-05,,
20260815_222334_6537d9,2023-10-17,171422.26773,7395.57073,164026.697,-0.00285455,,
20260815_222334_6537d9,2023-10-18,168175.78373,7395.57073,160780.213,-0.01893852,,
20260815_222334_6537d9,2023-10-19,166268.96173,7395.57073,158873.391,-0.01133827,,
20260815_222334_6537d9,2023-10-20,165705.78373,7395.57073,158310.213,-0.00338715,,
20260815_222334_6537d9,2023-10-23,162639.04973,7395.57073,155243.479,-0.0185071,,
20260815_222334_6537d9,2023-10-24,165221.835641,3084.606641,162137.229,0.01588048,,
20260815_222334_6537d9,2023-10-25,167808.788641,3084.606641,164724.182,0.01565745,,
20260815_222334_6537d9,2023-10-26,169882.325641,3084.606641,166797.719,0.01235655,,
20260815_222334_6537d9,2023-10-27,175224.069641,3084.606641,172139.463,0.03144379,,
20260815_222334_6537d9,2023-10-30,178263.659641,3084.606641,175179.053,0.01734687,,
20260815_222334_6537d9,2023-10-31,177411.535641,3084.606641,174326.929,-0.00478013,,
20260815_222334_6537d9,2023-11-01,177288.503641,3084.606641,174203.897,-0.00069348,,
20260815_222334_6537d9,2023-11-02,176798.111641,3084.606641,173713.505,-0.00276607,,
20260815_222334_6537d9,2023-11-03,176522.152641,3084.606641,173437.546,-0.00156087,,
20260815_222334_6537d9,2023-11-06,177975.528641,3084.606641,174890.922,0.00823339,,
20260815_222334_6537d9,2023-11-07,177688.515641,3084.606641,174603.909,-0.00161265,,
20260815_222334_6537d9,2023-11-08,178554.004641,3084.606641,175469.398,0.00487082,,
20260815_222334_6537d9,2023-11-09,177902.315641,3084.606641,174817.709,-0.00364981,,
20260815_222334_6537d9,2023-11-10,178503.064641,3084.606641,175418.458,0.00337685,,
20260815_222334_6537d9,2023-11-13,179460.969641,3084.606641,176376.363,0.00536632,,
20260815_222334_6537d9,2023-11-14,179092.933641,3084.606641,176008.327,-0.00205079,,
20260815_222334_6537d9,2023-11-15,179056.460641,3084.606641,175971.854,-0.00020365,,
20260815_222334_6537d9,2023-11-16,178318.531641,3084.606641,175233.925,-0.00412121,,
20260815_222334_6537d9,2023-11-17,180282.831641,3084.606641,177198.225,0.01101568,,
20260815_222334_6537d9,2023-11-20,183117.581641,3084.606641,180032.975,0.0157239,,
20260815_222334_6537d9,2023-11-21,182201.064641,3084.606641,179116.458,-0.00500507,,
20260815_222334_6537d9,2023-11-22,183270.841641,3084.606641,180186.235,0.00587141,,
20260815_222334_6537d9,2023-11-23,185850.984641,3084.606641,182766.378,0.01407831,,
20260815_222334_6537d9,2023-11-24,189319.073641,3084.606641,186234.467,0.01866059,,
20260815_222334_6537d9,2023-11-27,189740.462641,3084.606641,186655.856,0.00222581,,
20260815_222334_6537d9,2023-11-28,189253.552641,3084.606641,186168.946,-0.00256619,,
20260815_222334_6537d9,2023-11-29,188963.923641,3084.606641,185879.317,-0.00153038,,
20260815_222334_6537d9,2023-11-30,191029.444641,3084.606641,187944.838,0.01093077,,
20260815_222334_6537d9,2023-12-01,190426.075641,3084.606641,187341.469,-0.00315851,,
20260815_222334_6537d9,2023-12-04,193353.111641,3084.606641,190268.505,0.01537098,,
20260815_222334_6537d9,2023-12-05,193263.194641,3084.606641,190178.588,-0.00046504,,
20260815_222334_6537d9,2023-12-06,190895.311641,3084.606641,187810.705,-0.01225212,,
20260815_222334_6537d9,2023-12-07,190785.720641,3084.606641,187701.114,-0.00057409,,
20260815_222334_6537d9,2023-12-08,185790.738641,3084.606641,182706.132,-0.02618111,,
20260815_222334_6537d9,2023-12-11,188483.131641,3084.606641,185398.525,0.01449154,,
20260815_222334_6537d9,2023-12-12,189869.015641,3084.606641,186784.409,0.00735283,,
20260815_222334_6537d9,2023-12-13,193874.388641,3084.606641,190789.782,0.02109545,,
20260815_222334_6537d9,2023-12-14,193641.416641,3084.606641,190556.81,-0.00120166,,
20260815_222334_6537d9,2023-12-15,190951.620641,3084.606641,187867.014,-0.0138906,,
20260815_222334_6537d9,2023-12-18,189165.641641,3084.606641,186081.035,-0.00935304,,
20260815_222334_6537d9,2023-12-19,188097.885641,3084.606641,185013.279,-0.00564456,,
20260815_222334_6537d9,2023-12-20,186193.740641,3084.606641,183109.134,-0.01012316,,
20260815_222334_6537d9,2023-12-21,186934.240641,3084.606641,183849.634,0.00397704,,
20260815_222334_6537d9,2023-12-22,183005.396641,3084.606641,179920.79,-0.02101725,,
20260815_222334_6537d9,2023-12-25,181752.493641,3084.606641,178667.887,-0.00684626,,
20260815_222334_6537d9,2023-12-26,179360.928641,3084.606641,176276.322,-0.01315836,,
20260815_222334_6537d9,2023-12-27,180691.068641,3084.606641,177606.462,0.007416,,
20260815_222334_6537d9,2023-12-28,181260.692641,3084.606641,178176.086,0.00315247,,
20260815_222334_6537d9,2023-12-29,183691.635641,3084.606641,180607.029,0.01341131,,
20260815_222334_6537d9,2024-01-02,187423.969641,3084.606641,184339.363,0.02031848,,
20260815_222334_6537d9,2024-01-03,186986.965357,10447.153357,176539.812,-0.00233163,,
20260815_222334_6537d9,2024-01-04,187334.855557,10447.153357,176887.7022,0.00186051,,
20260815_222334_6537d9,2024-01-05,188473.424557,10447.153357,178026.2712,0.00607772,,
20260815_222334_6537d9,2024-01-08,184441.639657,10447.153357,173994.4863,-0.0213918,,
20260815_222334_6537d9,2024-01-09,184997.301757,10447.153357,174550.1484,0.00301267,,
20260815_222334_6537d9,2024-01-10,183411.349057,10447.153357,172964.1957,-0.00857284,,
20260815_222334_6537d9,2024-01-11,184192.630957,10447.153357,173745.4776,0.00425972,,
20260815_222334_6537d9,2024-01-12,184645.166557,10447.153357,174198.0132,0.00245686,,
20260815_222334_6537d9,2024-01-15,184678.811857,10447.153357,174231.6585,0.00018222,,
20260815_222334_6537d9,2024-01-16,184463.668057,10447.153357,174016.5147,-0.00116496,,
20260815_222334_6537d9,2024-01-17,181568.316157,10447.153357,171121.1628,-0.01569606,,
20260815_222334_6537d9,2024-01-18,179501.044957,10447.153357,169053.8916,-0.01138564,,
20260815_222334_6537d9,2024-01-19,178928.449957,10447.153357,168481.2966,-0.00318993,,
20260815_222334_6537d9,2024-01-22,172231.603205,9304.522405,162927.0808,-0.03742751,,
20260815_222334_6537d9,2024-01-23,174422.959475,3010.204275,171412.7552,0.01272331,,
20260815_222334_6537d9,2024-01-24,177797.281875,3010.204275,174787.0776,0.01934563,,
20260815_222334_6537d9,2024-01-25,182407.156875,3010.204275,179396.9526,0.0259277,,
20260815_222334_6537d9,2024-01-26,185100.806675,3010.204275,182090.6024,0.01476724,,
20260815_222334_6537d9,2024-01-29,184504.998475,3010.204275,181494.7942,-0.00321883,,
20260815_222334_6537d9,2024-01-30,180073.101975,3010.204275,177062.8977,-0.02402047,,
20260815_222334_6537d9,2024-01-31,179240.416475,3010.204275,176230.2122,-0.00462415,,
20260815_222334_6537d9,2024-02-01,174560.200675,3010.204275,171549.9964,-0.02611139,,
20260815_222334_6537d9,2024-02-02,171372.380375,3010.204275,168362.1761,-0.01826201,,
20260815_222334_6537d9,2024-02-05,171839.223572,1395.298772,170443.9248,0.00272414,,
20260815_222334_6537d9,2024-02-06,174566.498172,1395.298772,173171.1994,0.01587108,,
20260815_222334_6537d9,2024-02-07,176511.782972,1395.298772,175116.4842,0.01114352,,
20260815_222334_6537d9,2024-02-08,177149.808772,1395.298772,175754.51,0.00361464,,
20260815_222334_6537d9,2024-02-19,184310.964972,1395.298772,182915.6662,0.0404243,,
20260815_222334_6537d9,2024-02-20,183644.048372,1395.298772,182248.7496,-0.00361843,,
20260815_222334_6537d9,2024-02-21,186249.544972,1395.298772,184854.2462,0.01418775,,
20260815_222334_6537d9,2024-02-22,189036.917772,1395.298772,187641.619,0.0149658,,
20260815_222334_6537d9,2024-02-23,187514.748572,1395.298772,186119.4498,-0.00805223,,
20260815_222334_6537d9,2024-02-26,186209.806172,1395.298772,184814.5074,-0.00695915,,
20260815_222334_6537d9,2024-02-27,189921.061172,1395.298772,188525.7624,0.0199305,,
20260815_222334_6537d9,2024-02-28,187446.118972,1395.298772,186050.8202,-0.01303143,,
20260815_222334_6537d9,2024-02-29,188746.673172,1395.298772,187351.3744,0.00693828,,
20260815_222334_6537d9,2024-03-01,188042.089372,1395.298772,186646.7906,-0.00373296,,
20260815_222334_6537d9,2024-03-04,193909.396172,1395.298772,192514.0974,0.03120209,,
20260815_222334_6537d9,2024-03-05,194602.886972,1395.298772,193207.5882,0.00357637,,
20260815_222334_6537d9,2024-03-06,193867.340772,1395.298772,192472.042,-0.00377973,,
20260815_222334_6537d9,2024-03-07,197521.059172,1395.298772,196125.7604,0.01884649,,
20260815_222334_6537d9,2024-03-08,206443.797372,1395.298772,205048.4986,0.0451736,,
20260815_222334_6537d9,2024-03-11,201196.963572,1395.298772,199801.6648,-0.02541531,,
20260815_222334_6537d9,2024-03-12,194906.541172,1395.298772,193511.2424,-0.031265,,
20260815_222334_6537d9,2024-03-13,195704.257172,1395.298772,194308.9584,0.00409281,,
20260815_222334_6537d9,2024-03-14,197884.566572,1395.298772,196489.2678,0.01114084,,
20260815_222334_6537d9,2024-03-15,197445.724772,1395.298772,196050.426,-0.00221767,,
20260815_222334_6537d9,2024-03-18,197999.639772,1395.298772,196604.341,0.0028054,,
20260815_222334_6537d9,2024-03-19,197953.196172,1395.298772,196557.8974,-0.00023456,,
20260815_222334_6537d9,2024-03-20,199539.606772,1395.298772,198144.308,0.00801407,,
20260815_222334_6537d9,2024-03-21,198511.499372,1395.298772,197116.2006,-0.0051524,,
20260815_222334_6537d9,2024-03-22,193417.650972,1395.298772,192022.3522,-0.02566022,,
20260815_222334_6537d9,2024-03-25,196114.208172,1395.298772,194718.9094,0.01394163,,
20260815_222334_6537d9,2024-03-26,196736.752772,1395.298772,195341.454,0.0031744,,
20260815_222334_6537d9,2024-03-27,195806.165772,1395.298772,194410.867,-0.00473011,,
20260815_222334_6537d9,2024-03-28,195163.751772,1395.298772,193768.453,-0.00328087,,
20260815_222334_6537d9,2024-03-29,199409.052372,1395.298772,198013.7536,0.02175251,,
20260815_222334_6537d9,2024-04-01,199530.830372,1395.298772,198135.5316,0.00061069,,
20260815_222334_6537d9,2024-04-02,200502.827058,17785.766058,182717.061,0.00487141,,
20260815_222334_6537d9,2024-04-03,202674.373058,17785.766058,184888.607,0.0108305,,
20260815_222334_6537d9,2024-04-08,203074.088058,17785.766058,185288.322,0.0019722,,
20260815_222334_6537d9,2024-04-09,202191.822058,17785.766058,184406.056,-0.00434455,,
20260815_222334_6537d9,2024-04-10,201563.483058,17785.766058,183777.717,-0.00310764,,
20260815_222334_6537d9,2024-04-11,203749.820058,17785.766058,185964.054,0.01084689,,
20260815_222334_6537d9,2024-04-12,204567.294058,17785.766058,186781.528,0.00401215,,
20260815_222334_6537d9,2024-04-15,206953.935058,17785.766058,189168.169,0.01166678,,
20260815_222334_6537d9,2024-04-16,203389.601058,17785.766058,185603.835,-0.01722284,,
20260815_222334_6537d9,2024-04-17,209011.511472,11669.687472,197341.824,0.02764109,,
20260815_222334_6537d9,2024-04-18,208663.125472,11669.687472,196993.438,-0.00166683,,
20260815_222334_6537d9,2024-04-19,210446.696472,11669.687472,198777.009,0.00854761,,
20260815_222334_6537d9,2024-04-22,207086.719472,11669.687472,195417.032,-0.01596593,,
20260815_222334_6537d9,2024-04-23,202318.043472,11669.687472,190648.356,-0.02302744,,
20260815_222334_6537d9,2024-04-24,204521.450472,11669.687472,192851.763,0.01089081,,
20260815_222334_6537d9,2024-04-25,204758.930472,11669.687472,193089.243,0.00116115,,
20260815_222334_6537d9,2024-04-26,202819.769472,11669.687472,191150.082,-0.00947046,,
20260815_222334_6537d9,2024-04-29,203618.217472,11669.687472,191948.53,0.00393674,,
20260815_222334_6537d9,2024-04-30,204943.178472,11669.687472,193273.491,0.00650708,,
20260815_222334_6537d9,2024-05-06,209246.107472,11669.687472,197576.42,0.02099572,,
20260815_222334_6537d9,2024-05-07,208931.525472,11669.687472,197261.838,-0.00150341,,
20260815_222334_6537d9,2024-05-08,207168.857472,11669.687472,195499.17,-0.00843658,,
20260815_222334_6537d9,2024-05-09,211111.216472,11669.687472,199441.529,0.01902969,,
20260815_222334_6537d9,2024-05-10,213072.816472,11669.687472,201403.129,0.00929178,,
20260815_222334_6537d9,2024-05-13,212094.868472,11669.687472,200425.181,-0.00458974,,
20260815_222334_6537d9,2024-05-14,211491.565472,11669.687472,199821.878,-0.0028445,,
20260815_222334_6537d9,2024-05-15,211102.033672,11669.687472,199432.3462,-0.00184183,,
20260815_222334_6537d9,2024-05-16,210616.743072,11669.687472,198947.0556,-0.00229884,,
20260815_222334_6537d9,2024-05-17,211167.424272,11669.687472,199497.7368,0.00261461,,
20260815_222334_6537d9,2024-05-20,213427.759272,11669.687472,201758.0718,0.01070399,,
20260815_222334_6537d9,2024-05-21,213400.140472,11669.687472,201730.453,-0.00012941,,
20260815_222334_6537d9,2024-05-22,212687.403872,11669.687472,201017.7164,-0.00333991,,
20260815_222334_6537d9,2024-05-23,208809.836872,11669.687472,197140.1494,-0.0182313,,
20260815_222334_6537d9,2024-05-24,208487.469272,11669.687472,196817.7818,-0.00154383,,
20260815_222334_6537d9,2024-05-27,210800.493672,11669.687472,199130.8062,0.01109431,,
20260815_222334_6537d9,2024-05-28,208133.420272,11669.687472,196463.7328,-0.01265212,,
20260815_222334_6537d9,2024-05-29,208760.625272,11669.687472,197090.9378,0.00301348,,
20260815_222334_6537d9,2024-05-30,207895.804172,11669.687472,196226.1167,-0.00414264,,
20260815_222334_6537d9,2024-05-31,207921.633972,11669.687472,196251.9465,0.00012424,,
20260815_222334_6537d9,2024-06-03,205793.287072,11669.687472,194123.5996,-0.01023629,,
20260815_222334_6537d9,2024-06-04,210222.705572,11669.687472,198553.0181,0.02152363,,
20260815_222334_6537d9,2024-06-05,205786.605572,11669.687472,194116.9181,-0.02110191,,
20260815_222334_6537d9,2024-06-06,204096.732972,11669.687472,192427.0455,-0.00821177,,
20260815_222334_6537d9,2024-06-07,207748.120272,11669.687472,196078.4328,0.01789047,,
20260815_222334_6537d9,2024-06-11,204797.721872,11669.687472,193128.0344,-0.01420181,,
20260815_222334_6537d9,2024-06-12,206950.775772,11669.687472,195281.0883,0.01051308,,
20260815_222334_6537d9,2024-06-13,202917.363172,11669.687472,191247.6757,-0.01948972,,
20260815_222334_6537d9,2024-06-14,203019.864272,11669.687472,191350.1768,0.00050514,,
20260815_222334_6537d9,2024-06-17,201496.746872,11669.687472,189827.0594,-0.00750231,,
20260815_222334_6537d9,2024-06-18,202489.356672,11669.687472,190819.6692,0.00492618,,
20260815_222334_6537d9,2024-06-19,200372.272372,11669.687472,188702.5849,-0.01045529,,
20260815_222334_6537d9,2024-06-20,198036.831372,11669.687472,186367.1439,-0.01165551,,
20260815_222334_6537d9,2024-06-21,198798.205872,11669.687472,187128.5184,0.00384461,,
20260815_222334_6537d9,2024-06-24,194909.538072,11669.687472,183239.8506,-0.01956088,,
20260815_222334_6537d9,2024-06-25,196165.289685,15114.497685,181050.792,0.00644274,,
20260815_222334_6537d9,2024-06-26,197030.007685,15114.497685,181915.51,0.00440811,,
20260815_222334_6537d9,2024-06-27,195416.968285,15114.497685,180302.4706,-0.00818677,,
20260815_222334_6537d9,2024-06-28,196961.366685,15114.497685,181846.869,0.00790309,,
20260815_222334_6537d9,2024-07-01,201194.160885,15114.497685,186079.6632,0.02149048,,
20260815_222334_6537d9,2024-07-02,203265.509489,744.096089,202521.4134,0.01029527,,
20260815_222334_6537d9,2024-07-03,202583.640289,744.096089,201839.5442,-0.00335457,,
20260815_222334_6537d9,2024-07-04,200075.770089,744.096089,199331.674,-0.01237943,,
20260815_222334_6537d9,2024-07-05,197657.393489,744.096089,196913.2974,-0.0120873,,
20260815_222334_6537d9,2024-07-08,196299.743289,744.096089,195555.6472,-0.0068687,,
20260815_222334_6537d9,2024-07-09,201020.930289,744.096089,200276.8342,0.02405091,,
20260815_222334_6537d9,2024-07-10,199492.935489,744.096089,198748.8394,-0.00760117,,
20260815_222334_6537d9,2024-07-11,199903.715089,744.096089,199159.619,0.00205912,,
20260815_222334_6537d9,2024-07-12,201967.144689,744.096089,201223.0486,0.01032212,,
20260815_222334_6537d9,2024-07-15,202950.940489,744.096089,202206.8444,0.00487107,,
20260815_222334_6537d9,2024-07-16,201038.013289,744.096089,200293.9172,-0.00942556,,
20260815_222334_6537d9,2024-07-17,201273.774289,744.096089,200529.6782,0.00117272,,
20260815_222334_6537d9,2024-07-18,202945.054289,744.096089,202200.9582,0.00830352,,
20260815_222334_6537d9,2024-07-19,201211.904289,744.096089,200467.8082,-0.00854,,
20260815_222334_6537d9,2024-07-22,199652.335089,744.096089,198908.239,-0.00775088,,
20260815_222334_6537d9,2024-07-23,199866.659089,744.096089,199122.563,0.00107349,,
20260815_222334_6537d9,2024-07-24,199759.737089,744.096089,199015.641,-0.00053497,,
20260815_222334_6537d9,2024-07-25,199770.041489,744.096089,199025.9454,5.158e-05,,
20260815_222334_6537d9,2024-07-26,198881.321889,744.096089,198137.2258,-0.00444871,,
20260815_222334_6537d9,2024-07-29,200385.976289,744.096089,199641.8802,0.00756559,,
20260815_222334_6537d9,2024-07-30,200929.678289,744.096089,200185.5822,0.00271327,,
20260815_222334_6537d9,2024-07-31,203513.574489,744.096089,202769.4784,0.0128597,,
20260815_222334_6537d9,2024-08-01,203791.188089,744.096089,203047.092,0.0013641,,
20260815_222334_6537d9,2024-08-02,203088.267089,744.096089,202344.171,-0.00344922,,
20260815_222334_6537d9,2024-08-05,200791.399889,744.096089,200047.3038,-0.0113097,,
20260815_222334_6537d9,2024-08-06,199593.538089,744.096089,198849.442,-0.0059657,,
20260815_222334_6537d9,2024-08-07,198861.266489,744.096089,198117.1704,-0.00366881,,
20260815_222334_6537d9,2024-08-08,198726.141689,744.096089,197982.0456,-0.00067949,,
20260815_222334_6537d9,2024-08-09,198940.953289,744.096089,198196.8572,0.00108094,,
20260815_222334_6537d9,2024-08-12,197294.919489,744.096089,196550.8234,-0.00827398,,
20260815_222334_6537d9,2024-08-13,198377.940089,744.096089,197633.844,0.00548935,,
20260815_222334_6537d9,2024-08-14,197598.993089,744.096089,196854.897,-0.00392658,,
20260815_222334_6537d9,2024-08-15,199351.767289,744.096089,198607.6712,0.00887036,,
20260815_222334_6537d9,2024-08-16,200120.594889,744.096089,199376.4988,0.00385664,,
20260815_222334_6537d9,2024-08-19,203603.767689,744.096089,202859.6716,0.01740537,,
20260815_222334_6537d9,2024-08-20,202955.653889,744.096089,202211.5578,-0.00318321,,
20260815_222334_6537d9,2024-08-21,200162.957889,744.096089,199418.8618,-0.01376013,,
20260815_222334_6537d9,2024-08-22,201783.727089,744.096089,201039.631,0.00809725,,
20260815_222334_6537d9,2024-08-23,200928.539489,744.096089,200184.4434,-0.00423814,,
20260815_222334_6537d9,2024-08-26,201982.502689,744.096089,201238.4066,0.00524546,,
20260815_222334_6537d9,2024-08-27,202101.588689,744.096089,201357.4926,0.00058959,,
20260815_222334_6537d9,2024-08-28,200063.044489,744.096089,199318.9484,-0.01008673,,
20260815_222334_6537d9,2024-08-29,194949.110489,744.096089,194205.0144,-0.02556161,,
20260815_222334_6537d9,2024-08-30,194858.677363,4788.587963,190070.0894,-0.00046388,,
20260815_222334_6537d9,2024-09-02,193924.857363,4788.587963,189136.2694,-0.00479229,,
20260815_222334_6537d9,2024-09-03,191354.441163,4788.587963,186565.8532,-0.0132547,,
20260815_222334_6537d9,2024-09-04,190729.447163,4788.587963,185940.8592,-0.00326616,,
20260815_222334_6537d9,2024-09-05,191288.927563,4788.587963,186500.3396,0.00293337,,
20260815_222334_6537d9,2024-09-06,190302.097163,4788.587963,185513.5092,-0.00515885,,
20260815_222334_6537d9,2024-09-09,187467.245359,4757.601359,182709.644,-0.01489659,,
20260815_222334_6537d9,2024-09-10,188107.817359,4757.601359,183350.216,0.00341698,,
20260815_222334_6537d9,2024-09-11,185381.522959,4757.601359,180623.9216,-0.01449325,,
20260815_222334_6537d9,2024-09-12,186409.084564,2496.602964,183912.4816,0.00554296,,
20260815_222334_6537d9,2024-09-13,184992.608164,2496.602964,182496.0052,-0.00759875,,
20260815_222334_6537d9,2024-09-18,183903.150764,2496.602964,181406.5478,-0.00588919,,
20260815_222334_6537d9,2024-09-19,185233.818164,2496.602964,182737.2152,0.0072357,,
20260815_222334_6537d9,2024-09-20,184511.486564,2496.602964,182014.8836,-0.00389957,,
20260815_222334_6537d9,2024-09-23,185822.860964,2496.602964,183326.258,0.00710728,,
20260815_222334_6537d9,2024-09-24,192124.505164,2496.602964,189627.9022,0.0339121,,
20260815_222334_6537d9,2024-09-25,197451.874764,2496.602964,194955.2718,0.02772874,,
20260815_222334_6537d9,2024-09-26,205066.599764,2496.602964,202569.9968,0.03856497,,
20260815_222334_6537d9,2024-09-27,207867.856164,2496.602964,205371.2532,0.01366023,,
20260815_222334_6537d9,2024-09-30,225522.889364,2496.602964,223026.2864,0.08493393,,
20260815_222334_6537d9,2024-10-08,233631.201964,2496.602964,231134.599,0.03595339,,
20260815_222334_6537d9,2024-10-09,215851.226508,24601.351108,191249.8754,-0.07610274,,
20260815_222334_6537d9,2024-10-10,222646.268708,24601.351108,198044.9176,0.03148021,,
20260815_222334_6537d9,2024-10-11,220506.453908,24601.351108,195905.1028,-0.00961083,,
20260815_222334_6537d9,2024-10-14,225019.721108,24601.351108,200418.37,0.02046773,,
20260815_222334_6537d9,2024-10-15,221936.639108,24601.351108,197335.288,-0.01370139,,
20260815_222334_6537d9,2024-10-16,224847.506308,24601.351108,200246.1552,0.01311576,,
20260815_222334_6537d9,2024-10-17,221939.119708,24601.351108,197337.7686,-0.01293493,,
20260815_222334_6537d9,2024-10-18,223492.243099,16201.217399,207291.0257,0.00699797,,
20260815_222334_6537d9,2024-10-21,221858.956999,16201.217399,205657.7396,-0.00730802,,
20260815_222334_6537d9,2024-10-22,222801.461599,16201.217399,206600.2442,0.00424822,,
20260815_222334_6537d9,2024-10-23,222990.231299,16201.217399,206789.0139,0.00084726,,
20260815_222334_6537d9,2024-10-24,222974.343999,16201.217399,206773.1266,-7.125e-05,,
20260815_222334_6537d9,2024-10-25,222941.620099,16201.217399,206740.4027,-0.00014676,,
20260815_222334_6537d9,2024-10-28,225593.374999,16201.217399,209392.1576,0.01189439,,
20260815_222334_6537d9,2024-10-29,223795.786899,16201.217399,207594.5695,-0.00796827,,
20260815_222334_6537d9,2024-10-30,224684.688699,16201.217399,208483.4713,0.00397193,,
20260815_222334_6537d9,2024-10-31,223905.096699,16201.217399,207703.8793,-0.00346972,,
20260815_222334_6537d9,2024-11-01,224733.748369,9438.613169,215295.1352,0.00370091,,
20260815_222334_6537d9,2024-11-04,227216.883169,9438.613169,217778.27,0.01104923,,
20260815_222334_6537d9,2024-11-05,229043.293569,9438.613169,219604.6804,0.00803818,,
20260815_222334_6537d9,2024-11-06,227709.863169,9438.613169,218271.25,-0.00582174,,
20260815_222334_6537d9,2024-11-07,232825.332869,9438.613169,223386.7197,0.02246486,,
20260815_222334_6537d9,2024-11-08,229566.024969,9438.613169,220127.4118,-0.01399894,,
20260815_222334_6537d9,2024-11-11,229220.435369,9438.613169,219781.8222,-0.0015054,,
20260815_222334_6537d9,2024-11-12,226321.997469,9438.613169,216883.3843,-0.01264476,,
20260815_222334_6537d9,2024-11-13,227302.183269,9438.613169,217863.5701,0.00433093,,
20260815_222334_6537d9,2024-11-14,224975.612969,9438.613169,215536.9998,-0.01023558,,
20260815_222334_6537d9,2024-11-15,224660.443169,9438.613169,215221.83,-0.00140091,,
20260815_222334_6537d9,2024-11-18,229634.139969,9438.613169,220195.5268,0.02213873,,
20260815_222334_6537d9,2024-11-19,230851.246469,9438.613169,221412.6333,0.0053002,,
20260815_222334_6537d9,2024-11-20,230513.232969,9438.613169,221074.6198,-0.0014642,,
20260815_222334_6537d9,2024-11-21,228634.598469,9438.613169,219195.9853,-0.00814979,,
20260815_222334_6537d9,2024-11-22,222533.720569,9438.613169,213095.1074,-0.02668397,,
20260815_222334_6537d9,2024-11-25,223662.404869,9438.613169,214223.7917,0.00507197,,
20260815_222334_6537d9,2024-11-26,224483.283169,9438.613169,215044.67,0.00367017,,
20260815_222334_6537d9,2024-11-27,225041.310269,9438.613169,215602.6971,0.00248583,,
20260815_222334_6537d9,2024-11-28,225499.413869,9438.613169,216060.8007,0.00203564,,
20260815_222334_6537d9,2024-11-29,226845.328969,9438.613169,217406.7158,0.0059686,,
20260815_222334_6537d9,2024-12-02,227467.567069,9438.613169,218028.9539,0.00274301,,
20260815_222334_6537d9,2024-12-03,228646.053669,9438.613169,219207.4405,0.0051809,,
20260815_222334_6537d9,2024-12-04,227774.457669,9438.613169,218335.8445,-0.00381199,,
20260815_222334_6537d9,2024-12-05,227418.946169,9438.613169,217980.333,-0.0015608,,
20260815_222334_6537d9,2024-12-06,230173.769369,9438.613169,220735.1562,0.01211343,,
20260815_222334_6537d9,2024-12-09,231893.108069,9438.613169,222454.4949,0.00746974,,
20260815_222334_6537d9,2024-12-10,231160.604969,9438.613169,221721.9918,-0.0031588,,
20260815_222334_6537d9,2024-12-11,232301.340469,9438.613169,222862.7273,0.00493482,,
20260815_222334_6537d9,2024-12-12,236706.586169,9438.613169,227267.973,0.0189635,,
20260815_222334_6537d9,2024-12-13,235123.677969,9438.613169,225685.0648,-0.00668722,,
20260815_222334_6537d9,2024-12-16,240198.847369,9438.613169,230760.2342,0.02158511,,
20260815_222334_6537d9,2024-12-17,240165.073469,9438.613169,230726.4603,-0.00014061,,
20260815_222334_6537d9,2024-12-18,243687.024969,9438.613169,234248.4118,0.01466471,,
20260815_222334_6537d9,2024-12-19,237655.960569,9438.613169,228217.3474,-0.02474922,,
20260815_222334_6537d9,2024-12-20,241554.272169,9438.613169,232115.659,0.01640317,,
20260815_222334_6537d9,2024-12-23,242084.872469,9438.613169,232646.2593,0.00219661,,
20260815_222334_6537d9,2024-12-24,250646.056069,9438.613169,241207.4429,0.03536439,,
20260815_222334_6537d9,2024-12-25,252705.775269,9438.613169,243267.1621,0.00821764,,
20260815_222334_6537d9,2024-12-26,250143.679969,9438.613169,240705.0668,-0.01013865,,
20260815_222334_6537d9,2024-12-27,247604.808069,9438.613169,238166.1949,-0.01014965,,
20260815_222334_6537d9,2024-12-30,244183.047069,9438.613169,234744.4339,-0.01381944,,
20260815_222334_6537d9,2024-12-31,241336.837669,9438.613169,231898.2245,-0.01165605,,
20260815_222334_6537d9,2025-01-02,239993.480169,9438.613169,230554.867,-0.00556632,,
20260815_222334_6537d9,2025-01-03,236199.458897,43711.570897,192487.888,-0.01580885,,
20260815_222334_6537d9,2025-01-06,237468.652897,43711.570897,193757.082,0.0053734,,
20260815_222334_6537d9,2025-01-07,238041.568497,43711.570897,194329.9976,0.00241259,,
20260815_222334_6537d9,2025-01-08,237988.148697,43711.570897,194276.5778,-0.00022441,,
20260815_222334_6537d9,2025-01-09,236896.180897,43711.570897,193184.61,-0.00458833,,
20260815_222334_6537d9,2025-01-10,235603.511697,43711.570897,191891.9408,-0.00545669,,
20260815_222334_6537d9,2025-01-13,234380.046897,43711.570897,190668.476,-0.0051929,,
20260815_222334_6537d9,2025-01-14,237813.785697,43711.570897,194102.2148,0.0146503,,
20260815_222334_6537d9,2025-01-15,237436.348497,43711.570897,193724.7776,-0.00158711,,
20260815_222334_6537d9,2025-01-16,239514.515097,43711.570897,195802.9442,0.00875252,,
20260815_222334_6537d9,2025-01-17,239850.596097,43711.570897,196139.0252,0.00140318,,
20260815_222334_6537d9,2025-01-20,239296.951897,43711.570897,195585.381,-0.00230829,,
20260815_222334_6537d9,2025-01-21,239624.716097,43711.570897,195913.1452,0.0013697,,
20260815_222334_6537d9,2025-01-22,237160.867897,43711.570897,193449.297,-0.01028211,,
20260815_222334_6537d9,2025-01-23,239198.417497,43711.570897,195486.8466,0.00859142,,
20260815_222334_6537d9,2025-01-24,238890.447697,43711.570897,195178.8768,-0.00128751,,
20260815_222334_6537d9,2025-01-27,240734.275497,43711.570897,197022.7046,0.0077183,,
20260815_222334_6537d9,2025-02-05,238248.767297,43711.570897,194537.1964,-0.0103247,,
20260815_222334_6537d9,2025-02-06,238206.627697,43711.570897,194495.0568,-0.00017687,,
20260815_222334_6537d9,2025-02-07,239108.516897,43711.570897,195396.946,0.00378616,,
20260815_222334_6537d9,2025-02-10,238128.571497,43711.570897,194417.0006,-0.00409833,,
20260815_222334_6537d9,2025-02-11,239728.981497,43711.570897,196017.4106,0.00672078,,
20260815_222334_6537d9,2025-02-12,239174.837297,43711.570897,195463.2664,-0.00231154,,
20260815_222334_6537d9,2025-02-13,238204.922497,43711.570897,194493.3516,-0.00405525,,
20260815_222334_6537d9,2025-02-14,237528.954897,43711.570897,193817.384,-0.00283776,,
20260815_222334_6537d9,2025-02-17,237702.160097,43711.570897,193990.5892,0.0007292,,
20260815_222334_6537d9,2025-02-18,237530.969097,43711.570897,193819.3982,-0.00072019,,
20260815_222334_6537d9,2025-02-19,236641.800297,43711.570897,192930.2294,-0.00374338,,
20260815_222334_6537d9,2025-02-20,236431.707297,43711.570897,192720.1364,-0.00088781,,
20260815_222334_6537d9,2025-02-21,237822.995497,43711.570897,194111.4246,0.00588452,,
20260815_222334_6537d9,2025-02-24,239724.494297,43711.570897,196012.9234,0.00799544,,
20260815_222334_6537d9,2025-02-25,238088.433297,43711.570897,194376.8624,-0.00682476,,
20260815_222334_6537d9,2025-02-26,239778.234097,43711.570897,196066.6632,0.00709737,,
20260815_222334_6537d9,2025-02-27,239962.034697,43711.570897,196250.4638,0.00076654,,
20260815_222334_6537d9,2025-02-28,239072.731897,43711.570897,195361.161,-0.00370601,,
20260815_222334_6537d9,2025-03-03,237793.772297,43711.570897,194082.2014,-0.00534967,,
20260815_222334_6537d9,2025-03-04,239393.783497,43711.570897,195682.2126,0.00672857,,
20260815_222334_6537d9,2025-03-05,240269.290497,43711.570897,196557.7196,0.00365718,,
20260815_222334_6537d9,2025-03-06,240640.904897,43711.570897,196929.334,0.00154666,,
20260815_222334_6537d9,2025-03-07,242908.965697,43711.570897,199197.3948,0.00942508,,
20260815_222334_6537d9,2025-03-10,246392.048097,43711.570897,202680.4772,0.01433904,,
20260815_222334_6537d9,2025-03-11,249451.303497,43711.570897,205739.7326,0.01241621,,
20260815_222334_6537d9,2025-03-12,247837.496897,43711.570897,204125.926,-0.00646943,,
20260815_222334_6537d9,2025-03-13,245611.052297,43711.570897,201899.4814,-0.00898349,,
20260815_222334_6537d9,2025-03-14,246048.960697,43711.570897,202337.3898,0.00178293,,
20260815_222334_6537d9,2025-03-17,248207.872097,43711.570897,204496.3012,0.00877432,,
20260815_222334_6537d9,2025-03-18,249323.499497,43711.570897,205611.9286,0.00449473,,
20260815_222334_6537d9,2025-03-19,252018.547697,43711.570897,208306.9768,0.01080944,,
20260815_222334_6537d9,2025-03-20,251742.989097,43711.570897,208031.4182,-0.00109341,,
20260815_222334_6537d9,2025-03-21,249239.024897,43711.570897,205527.454,-0.00994651,,
20260815_222334_6537d9,2025-03-24,249219.915297,43711.570897,205508.3444,-7.667e-05,,
20260815_222334_6537d9,2025-03-25,250738.196897,43711.570897,207026.626,0.00609214,,
20260815_222334_6537d9,2025-03-26,252492.349897,43711.570897,208780.779,0.00699595,,
20260815_222334_6537d9,2025-03-27,250508.732897,43711.570897,206797.162,-0.00785615,,
20260815_222334_6537d9,2025-03-28,248143.839097,43711.570897,204432.2682,-0.00944036,,
20260815_222334_6537d9,2025-03-31,248005.084497,43711.570897,204293.5136,-0.00055917,,
20260815_222334_6537d9,2025-04-01,249112.157097,43711.570897,205400.5862,0.00446391,,
20260815_222334_6537d9,2025-04-02,251052.490736,5969.520536,245082.9702,0.007789,,
20260815_222334_6537d9,2025-04-03,252164.298636,5969.520536,246194.7781,0.00442859,,
20260815_222334_6537d9,2025-04-07,236133.372136,5969.520536,230163.8516,-0.06357334,,
20260815_222334_6537d9,2025-04-08,241060.388436,5969.520536,235090.8679,0.0208654,,
20260815_222334_6537d9,2025-04-09,240163.864836,5969.520536,234194.3443,-0.00371908,,
20260815_222334_6537d9,2025-04-10,240678.517336,5969.520536,234708.9968,0.00214292,,
20260815_222334_6537d9,2025-04-11,240981.277636,5969.520536,235011.7571,0.00125794,,
20260815_222334_6537d9,2025-04-14,241958.740336,5969.520536,235989.2198,0.00405618,,
20260815_222334_6537d9,2025-04-15,243748.870136,5969.520536,237779.3496,0.00739849,,
20260815_222334_6537d9,2025-04-16,245204.636036,5969.520536,239235.1155,0.0059724,,
20260815_222334_6537d9,2025-04-17,245825.475436,5969.520536,239855.9549,0.00253192,,
20260815_222334_6537d9,2025-04-18,247098.721036,5969.520536,241129.2005,0.00517947,,
20260815_222334_6537d9,2025-04-21,244795.148336,5969.520536,238825.6278,-0.00932248,,
20260815_222334_6537d9,2025-04-22,246805.880436,5969.520536,240836.3599,0.00821394,,
20260815_222334_6537d9,2025-04-23,245060.933036,5969.520536,239091.4125,-0.00707012,,
20260815_222334_6537d9,2025-04-24,246763.617536,5969.520536,240794.097,0.006948,,
20260815_222334_6537d9,2025-04-25,249405.424336,5969.520536,243435.9038,0.01070582,,
20260815_222334_6537d9,2025-04-28,251064.605836,5969.520536,245095.0853,0.00665255,,
20260815_222334_6537d9,2025-04-29,248951.821736,5969.520536,242982.3012,-0.0084153,,
20260815_222334_6537d9,2025-04-30,246683.173336,5969.520536,240713.6528,-0.0091128,,
20260815_222334_6537d9,2025-05-06,246097.671536,5969.520536,240128.151,-0.0023735,,
20260815_222334_6537d9,2025-05-07,248624.495836,5969.520536,242654.9753,0.01026757,,
20260815_222334_6537d9,2025-05-08,250798.018936,5969.520536,244828.4984,0.00874219,,
20260815_222334_6537d9,2025-05-09,252848.949336,5969.520536,246879.4288,0.00817762,,
20260815_222334_6537d9,2025-05-12,252874.987636,5969.520536,246905.4671,0.00010298,,
20260815_222334_6537d9,2025-05-13,255730.857636,5969.520536,249761.3371,0.0112936,,
20260815_222334_6537d9,2025-05-14,258768.427736,5969.520536,252798.9072,0.011878,,
20260815_222334_6537d9,2025-05-15,257052.967836,5969.520536,251083.4473,-0.00662932,,
20260815_222334_6537d9,2025-05-16,255387.429836,5969.520536,249417.9093,-0.00647936,,
20260815_222334_6537d9,2025-05-19,255677.834236,5969.520536,249708.3137,0.00113711,,
20260815_222334_6537d9,2025-05-20,255744.753236,5969.520536,249775.2327,0.00026173,,
20260815_222334_6537d9,2025-05-21,257910.149236,5969.520536,251940.6287,0.00846702,,
20260815_222334_6537d9,2025-05-22,260019.443736,5969.520536,254049.9232,0.00817841,,
20260815_222334_6537d9,2025-05-23,258026.681536,5969.520536,252057.161,-0.0076639,,
20260815_222334_6537d9,2025-05-26,258311.557636,5969.520536,252342.0371,0.00110406,,
20260815_222334_6537d9,2025-05-27,260737.386636,5969.520536,254767.8661,0.0093911,,
20260815_222334_6537d9,2025-05-28,262219.680636,5969.520536,256250.1601,0.00568501,,
20260815_222334_6537d9,2025-05-29,261819.384436,5969.520536,255849.8639,-0.00152657,,
20260815_222334_6537d9,2025-05-30,264800.305836,5969.520536,258830.7853,0.01138541,,
20260815_222334_6537d9,2025-06-03,269170.658936,5969.520536,263201.1384,0.01650434,,
20260815_222334_6537d9,2025-06-04,270693.637536,5969.520536,264724.117,0.00565804,,
20260815_222334_6537d9,2025-06-05,267080.114836,5969.520536,261110.5943,-0.01334912,,
20260815_222334_6537d9,2025-06-06,269019.062436,5969.520536,263049.5419,0.0072598,,
20260815_222334_6537d9,2025-06-09,269853.681236,5969.520536,263884.1607,0.00310245,,
20260815_222334_6537d9,2025-06-10,271978.547236,5969.520536,266009.0267,0.00787414,,
20260815_222334_6537d9,2025-06-11,271845.266336,5969.520536,265875.7458,-0.00049004,,
20260815_222334_6537d9,2025-06-12,274791.174136,5969.520536,268821.6536,0.01083671,,
20260815_222334_6537d9,2025-06-13,272331.172936,5969.520536,266361.6524,-0.00895226,,
20260815_222334_6537d9,2025-06-16,275894.569036,5969.520536,269925.0485,0.01308479,,
20260815_222334_6537d9,2025-06-17,276815.720036,5969.520536,270846.1995,0.00333878,,
20260815_222334_6537d9,2025-06-18,278278.724936,5969.520536,272309.2044,0.00528512,,
20260815_222334_6537d9,2025-06-19,276719.025436,5969.520536,270749.5049,-0.00560481,,
20260815_222334_6537d9,2025-06-20,279107.122936,5969.520536,273137.6024,0.00863004,,
20260815_222334_6537d9,2025-06-23,281143.606036,5969.520536,275174.0855,0.00729642,,
20260815_222334_6537d9,2025-06-24,280348.799136,5969.520536,274379.2786,-0.00282705,,
20260815_222334_6537d9,2025-06-25,281989.461836,5969.520536,276019.9413,0.00585222,,
20260815_222334_6537d9,2025-06-26,284883.276536,5969.520536,278913.756,0.01026214,,
20260815_222334_6537d9,2025-06-27,279714.633936,5969.520536,273745.1134,-0.01814302,,
20260815_222334_6537d9,2025-06-30,276781.236336,5969.520536,270811.7158,-0.01048711,,
20260815_222334_6537d9,2025-07-01,281513.659336,5969.520536,275544.1388,0.01709806,,
20260815_222334_6537d9,2025-07-02,281824.883428,10797.506028,271027.3774,0.00110554,,
20260815_222334_6537d9,2025-07-03,281929.521228,10797.506028,271132.0152,0.00037129,,
20260815_222334_6537d9,2025-07-04,282862.886528,10797.506028,272065.3805,0.00331063,,
20260815_222334_6537d9,2025-07-07,284471.472428,10797.506028,273673.9664,0.0056868,,
20260815_222334_6537d9,2025-07-08,285231.553128,10797.506028,274434.0471,0.0026719,,
20260815_222334_6537d9,2025-07-09,285450.658628,10797.506028,274653.1526,0.00076817,,
20260815_222334_6537d9,2025-07-10,286188.705528,10797.506028,275391.1995,0.00258555,,
20260815_222334_6537d9,2025-07-11,287144.306028,10797.506028,276346.8,0.00333906,,
20260815_222334_6537d9,2025-07-14,287836.597928,10797.506028,277039.0919,0.00241095,,
20260815_222334_6537d9,2025-07-15,284617.156728,10797.506028,273819.6507,-0.01118496,,
20260815_222334_6537d9,2025-07-16,284702.184828,10797.506028,273904.6788,0.00029875,,
20260815_222334_6537d9,2025-07-17,283927.800528,10797.506028,273130.2945,-0.00271998,,
20260815_222334_6537d9,2025-07-18,285213.616728,10797.506028,274416.1107,0.00452867,,
20260815_222334_6537d9,2025-07-21,289418.172228,10797.506028,278620.6662,0.01474178,,
20260815_222334_6537d9,2025-07-22,292356.146528,10797.506028,281558.6405,0.01015131,,
20260815_222334_6537d9,2025-07-23,290216.171028,10797.506028,279418.665,-0.00731976,,
20260815_222334_6537d9,2025-07-24,293042.264328,10797.506028,282244.7583,0.00973789,,
20260815_222334_6537d9,2025-07-25,293887.694628,10797.506028,283090.1886,0.00288501,,
20260815_222334_6537d9,2025-07-28,291868.159128,10797.506028,281070.6531,-0.00687179,,
20260815_222334_6537d9,2025-07-29,292011.063228,10797.506028,281213.5572,0.00048962,,
20260815_222334_6537d9,2025-07-30,293413.951728,10797.506028,282616.4457,0.00480423,,
20260815_222334_6537d9,2025-07-31,290498.474528,10797.506028,279700.9685,-0.0099364,,
20260815_222334_6537d9,2025-08-01,290426.939928,10797.506028,279629.4339,-0.00024625,,
20260815_222334_6537d9,2025-08-04,291911.233928,10797.506028,281113.7279,0.00511073,,
20260815_222334_6537d9,2025-08-05,295032.475528,10797.506028,284234.9695,0.01069243,,
20260815_222334_6537d9,2025-08-06,295570.824628,10797.506028,284773.3186,0.00182471,,
20260815_222334_6537d9,2025-08-07,294688.768028,10797.506028,283891.262,-0.00298425,,
20260815_222334_6537d9,2025-08-08,297858.249528,10797.506028,287060.7435,0.01075535,,
20260815_222334_6537d9,2025-08-11,297297.663228,10797.506028,286500.1572,-0.00188206,,
20260815_222334_6537d9,2025-08-12,297787.590628,10797.506028,286990.0846,0.00164794,,
20260815_222334_6537d9,2025-08-13,301508.709328,10797.506028,290711.2033,0.01249588,,
20260815_222334_6537d9,2025-08-14,293875.008028,10797.506028,283077.502,-0.02531834,,
20260815_222334_6537d9,2025-08-15,298196.410628,10797.506028,287398.9046,0.0147049,,
20260815_222334_6537d9,2025-08-18,300006.967028,10797.506028,289209.461,0.00607169,,
20260815_222334_6537d9,2025-08-19,301272.752628,10797.506028,290475.2466,0.00421919,,
20260815_222334_6537d9,2025-08-20,306991.507128,10797.506028,296194.0011,0.01898198,,
20260815_222334_6537d9,2025-08-21,308082.003428,10797.506028,297284.4974,0.0035522,,
20260815_222334_6537d9,2025-08-22,307330.152828,10797.506028,296532.6468,-0.00244042,,
20260815_222334_6537d9,2025-08-25,310175.764628,10797.506028,299378.2586,0.00925914,,
20260815_222334_6537d9,2025-08-26,309648.504028,10797.506028,298850.998,-0.00169988,,
20260815_222334_6537d9,2025-08-27,301742.385928,10797.506028,290944.8799,-0.02553256,,
20260815_222334_6537d9,2025-08-28,301195.635428,10797.506028,290398.1294,-0.00181198,,
20260815_222334_6537d9,2025-08-29,299485.707428,10797.506028,288688.2014,-0.00567713,,
20260815_222334_6537d9,2025-09-01,300459.212328,10797.506028,289661.7063,0.00325059,,
20260815_222334_6537d9,2025-09-02,298384.509928,10797.506028,287587.0039,-0.0069051,,
20260815_222334_6537d9,2025-09-03,294968.036728,10797.506028,284170.5307,-0.0114499,,
20260815_222334_6537d9,2025-09-04,295577.681328,10797.506028,284780.1753,0.00206682,,
20260815_222334_6537d9,2025-09-05,298274.562728,10797.506028,287477.0567,0.0091241,,
20260815_222334_6537d9,2025-09-08,300857.541428,10797.506028,290060.0354,0.00865974,,
20260815_222334_6537d9,2025-09-09,300889.140828,10797.506028,290091.6348,0.00010503,,
20260815_222334_6537d9,2025-09-10,299611.741928,10797.506028,288814.2359,-0.00424541,,
20260815_222334_6537d9,2025-09-11,301975.814528,10797.506028,291178.3085,0.00789045,,
20260815_222334_6537d9,2025-09-12,301405.890928,10797.506028,290608.3849,-0.00188732,,
20260815_222334_6537d9,2025-09-15,300547.903728,10797.506028,289750.3977,-0.00284662,,
20260815_222334_6537d9,2025-09-16,296460.251328,10797.506028,285662.7453,-0.01360067,,
20260815_222334_6537d9,2025-09-17,295344.870928,10797.506028,284547.3649,-0.00376233,,
20260815_222334_6537d9,2025-09-18,290484.879728,10797.506028,279687.3737,-0.01645531,,
20260815_222334_6537d9,2025-09-19,290388.716628,10797.506028,279591.2106,-0.00033104,,
20260815_222334_6537d9,2025-09-22,291023.596028,10797.506028,280226.09,0.00218631,,
20260815_222334_6537d9,2025-09-23,288739.097728,10797.506028,277941.5917,-0.00784987,,
20260815_222334_6537d9,2025-09-24,292866.366928,10797.506028,282068.8609,0.01429411,,
20260815_222334_6537d9,2025-09-25,291249.275728,10797.506028,280451.7697,-0.0055216,,
20260815_222334_6537d9,2025-09-26,292508.230928,10797.506028,281710.7249,0.0043226,,
20260815_222334_6537d9,2025-09-29,297244.141628,10797.506028,286446.6356,0.01619069,,
20260815_222334_6537d9,2025-09-30,297320.852828,10797.506028,286523.3468,0.00025807,,
20260815_222334_6537d9,2025-10-09,298854.392128,10797.506028,288056.8861,0.00515786,,
20260815_222334_6537d9,2025-10-10,301577.447875,7623.145875,293954.302,0.00911165,,
20260815_222334_6537d9,2025-10-13,299349.334475,7623.145875,291726.1886,-0.0073882,,
20260815_222334_6537d9,2025-10-14,301663.364075,7623.145875,294040.2182,0.0077302,,
20260815_222334_6537d9,2025-10-15,304095.683075,7623.145875,296472.5372,0.00806302,,
20260815_222334_6537d9,2025-10-16,302006.807075,7623.145875,294383.6612,-0.00686914,,
20260815_222334_6537d9,2025-10-17,304546.681975,7623.145875,296923.5361,0.00840999,,
20260815_222334_6537d9,2025-10-20,310941.174475,7623.145875,303318.0286,0.02099676,,
20260815_222334_6537d9,2025-10-21,314650.493575,7623.145875,307027.3477,0.01192933,,
20260815_222334_6537d9,2025-10-22,314598.666175,7623.145875,306975.5203,-0.00016471,,
20260815_222334_6537d9,2025-10-23,315819.525375,7623.145875,308196.3795,0.00388069,,
20260815_222334_6537d9,2025-10-24,309917.202375,7623.145875,302294.0565,-0.01868891,,
20260815_222334_6537d9,2025-10-27,311739.130975,7623.145875,304115.9851,0.00587876,,
20260815_222334_6537d9,2025-10-28,313370.565275,7623.145875,305747.4194,0.00523333,,
20260815_222334_6537d9,2025-10-29,310593.828375,7623.145875,302970.6825,-0.00886087,,
20260815_222334_6537d9,2025-10-30,308734.432975,7623.145875,301111.2871,-0.00598658,,
20260815_222334_6537d9,2025-10-31,311871.893775,7623.145875,304248.7479,0.01016233,,
20260815_222334_6537d9,2025-11-03,313541.758675,7623.145875,305918.6128,0.00535433,,
20260815_222334_6537d9,2025-11-04,314783.110675,7623.145875,307159.9648,0.00395913,,
20260815_222334_6537d9,2025-11-05,315333.963975,7623.145875,307710.8181,0.00174995,,
20260815_222334_6537d9,2025-11-06,319751.881875,7623.145875,312128.736,0.01401028,,
20260815_222334_6537d9,2025-11-07,326809.532975,7623.145875,319186.3871,0.02207227,,
20260815_222334_6537d9,2025-11-10,335271.623875,7623.145875,327648.478,0.02589304,,
20260815_222334_6537d9,2025-11-11,342259.918875,7623.145875,334636.773,0.02084368,,
20260815_222334_6537d9,2025-11-12,348787.768575,7623.145875,341164.6227,0.01907278,,
20260815_222334_6537d9,2025-11-13,355327.942775,7623.145875,347704.7969,0.01875116,,
20260815_222334_6537d9,2025-11-14,363716.981475,7623.145875,356093.8356,0.02360929,,
20260815_222334_6537d9,2025-11-17,372470.755475,7623.145875,364847.6096,0.02406754,,
20260815_222334_6537d9,2025-11-18,366590.435875,7623.145875,358967.29,-0.01578733,,
20260815_222334_6537d9,2025-11-19,356186.624875,7623.145875,348563.479,-0.02837993,,
20260815_222334_6537d9,2025-11-20,348517.196475,7623.145875,340894.0506,-0.02153205,,
20260815_222334_6537d9,2025-11-21,334929.367375,7623.145875,327306.2215,-0.03898754,,
20260815_222334_6537d9,2025-11-24,334970.366875,7623.145875,327347.221,0.00012241,,
20260815_222334_6537d9,2025-11-25,338477.397275,7623.145875,330854.2514,0.01046967,,
20260815_222334_6537d9,2025-11-26,338732.211375,7623.145875,331109.0655,0.00075282,,
20260815_222334_6537d9,2025-11-27,345503.446475,7623.145875,337880.3006,0.01998994,,
20260815_222334_6537d9,2025-11-28,342616.493775,7623.145875,334993.3479,-0.00835579,,
20260815_222334_6537d9,2025-12-01,345544.863075,7623.145875,337921.7172,0.00854708,,
20260815_222334_6537d9,2025-12-02,349453.142075,7623.145875,341829.9962,0.01131048,,
20260815_222334_6537d9,2025-12-03,345510.908875,7623.145875,337887.763,-0.01128115,,
20260815_222334_6537d9,2025-12-04,340466.498675,7623.145875,332843.3528,-0.01459986,,
20260815_222334_6537d9,2025-12-05,349824.804675,7623.145875,342201.6588,0.02748672,,
20260815_222334_6537d9,2025-12-08,350155.945875,7623.145875,342532.8,0.00094659,,
20260815_222334_6537d9,2025-12-09,344956.811275,7623.145875,337333.6654,-0.01484805,,
20260815_222334_6537d9,2025-12-10,353137.828775,7623.145875,345514.6829,0.02371606,,
20260815_222334_6537d9,2025-12-11,349375.121575,7623.145875,341751.9757,-0.01065507,,
20260815_222334_6537d9,2025-12-12,342243.689275,7623.145875,334620.5434,-0.02041196,,
20260815_222334_6537d9,2025-12-15,351032.671075,7623.145875,343409.5252,0.02568048,,
20260815_222334_6537d9,2025-12-16,342875.831475,7623.145875,335252.6856,-0.0232367,,
20260815_222334_6537d9,2025-12-17,346039.607775,7623.145875,338416.4619,0.00922718,,
20260815_222334_6537d9,2025-12-18,343379.886575,7623.145875,335756.7407,-0.00768618,,
20260815_222334_6537d9,2025-12-19,345711.161175,7623.145875,338088.0153,0.0067892,,
20260815_222334_6537d9,2025-12-22,347498.030575,7623.145875,339874.8847,0.00516868,,
20260815_222334_6537d9,2025-12-23,349671.267975,7623.145875,342048.1221,0.00625396,,
20260815_222334_6537d9,2025-12-24,357315.442575,7623.145875,349692.2967,0.02186103,,
20260815_222334_6537d9,2025-12-25,363093.436575,7623.145875,355470.2907,0.01617057,,
20260815_222334_6537d9,2025-12-26,371121.160775,7623.145875,363498.0149,0.02210925,,
20260815_222334_6537d9,2025-12-29,361094.771675,7623.145875,353471.6258,-0.02701648,,
20260815_222334_6537d9,2025-12-30,362860.591075,7623.145875,355237.4452,0.00489018,,
20260815_222334_6537d9,2025-12-31,360687.508275,7623.145875,353064.3624,-0.00598875,,
20260815_222334_6537d9,2026-01-05,367565.765875,7623.145875,359942.62,0.01906985,,
20260815_222334_6537d9,2026-01-06,379804.809761,16110.551461,363694.2583,0.03329756,,
20260815_222334_6537d9,2026-01-07,376947.209761,16110.551461,360836.6583,-0.00752386,,
20260815_222334_6537d9,2026-01-08,376878.780161,16110.551461,360768.2287,-0.00018154,,
20260815_222334_6537d9,2026-01-09,382740.335561,16110.551461,366629.7841,0.01555289,,
20260815_222334_6537d9,2026-01-12,383900.560461,16110.551461,367790.009,0.00303136,,
20260815_222334_6537d9,2026-01-13,380120.041961,16110.551461,364009.4905,-0.00984765,,
20260815_222334_6537d9,2026-01-14,383138.361061,16110.551461,367027.8096,0.00794044,,
20260815_222334_6537d9,2026-01-15,384370.897061,16110.551461,368260.3456,0.00321695,,
20260815_222334_6537d9,2026-01-16,382115.639161,16110.551461,366005.0877,-0.0058674,,
20260815_222334_6537d9,2026-01-19,387991.062761,16110.551461,371880.5113,0.01537604,,
20260815_222334_6537d9,2026-01-20,392997.234661,16110.551461,376886.6832,0.0129028,,
20260815_222334_6537d9,2026-01-21,391140.068061,16110.551461,375029.5166,-0.00472565,,
20260815_222334_6537d9,2026-01-22,394014.271161,16110.551461,377903.7197,0.00734827,,
20260815_222334_6537d9,2026-01-23,396199.017461,16110.551461,380088.466,0.00554484,,
20260815_222334_6537d9,2026-01-26,395750.754261,16110.551461,379640.2028,-0.00113141,,
20260815_222334_6537d9,2026-01-27,391772.163961,16110.551461,375661.6125,-0.01005327,,
20260815_222334_6537d9,2026-01-28,393047.850761,16110.551461,376937.2993,0.0032562,,
20260815_222334_6537d9,2026-01-29,398729.952761,16110.551461,382619.4013,0.01445651,,
20260815_222334_6537d9,2026-01-30,397973.188361,16110.551461,381862.6369,-0.00189794,,
20260815_222334_6537d9,2026-02-02,384723.469661,16110.551461,368612.9182,-0.03329299,,
20260815_222334_6537d9,2026-02-03,387777.724261,16110.551461,371667.1728,0.00793883,,
20260815_222334_6537d9,2026-02-04,392330.961561,16110.551461,376220.4101,0.01174187,,
20260815_222334_6537d9,2026-02-05,390586.395361,16110.551461,374475.8439,-0.00444667,,
20260815_222334_6537d9,2026-02-06,391688.534361,16110.551461,375577.9829,0.00282175,,
20260815_222334_6537d9,2026-02-09,393817.945461,16110.551461,377707.394,0.00543649,,
20260815_222334_6537d9,2026-02-10,393690.425261,16110.551461,377579.8738,-0.0003238,,
20260815_222334_6537d9,2026-02-11,394922.738561,16110.551461,378812.1871,0.00313016,,
20260815_222334_6537d9,2026-02-12,392080.495561,16110.551461,375969.9441,-0.00719696,,
20260815_222334_6537d9,2026-02-13,388106.006061,16110.551461,371995.4546,-0.01013692,,
20260815_222334_6537d9,2026-02-24,394360.675461,16110.551461,378250.124,0.01611588,,
20260815_222334_6537d9,2026-02-25,396901.130161,16110.551461,380790.5787,0.00644196,,
20260815_222334_6537d9,2026-02-26,395895.815361,16110.551461,379785.2639,-0.00253291,,
20260815_222334_6537d9,2026-02-27,398473.346861,16110.551461,382362.7954,0.00651063,,
20260815_222334_6537d9,2026-03-02,398207.521861,16110.551461,382096.9704,-0.00066711,,
20260815_222334_6537d9,2026-03-03,391654.266461,16110.551461,375543.715,-0.01645689,,
20260815_222334_6537d9,2026-03-04,385868.543661,16110.551461,369757.9922,-0.01477253,,
20260815_222334_6537d9,2026-03-05,386721.204261,16110.551461,370610.6528,0.00220972,,
20260815_222334_6537d9,2026-03-06,396902.074161,16110.551461,380791.5227,0.02632612,,
20260815_222334_6537d9,2026-03-09,391482.318661,16110.551461,375371.7672,-0.01365515,,
20260815_222334_6537d9,2026-03-10,393847.706161,16110.551461,377737.1547,0.00604213,,
20260815_222334_6537d9,2026-03-11,399522.817761,16110.551461,383412.2663,0.01440941,,
20260815_222334_6537d9,2026-03-12,398180.886361,16110.551461,382070.3349,-0.00335884,,
20260815_222334_6537d9,2026-03-13,395214.704261,16110.551461,379104.1528,-0.00744933,,
20260815_222334_6537d9,2026-03-16,394657.372361,16110.551461,378546.8209,-0.0014102,,
20260815_222334_6537d9,2026-03-17,389062.027761,16110.551461,372951.4763,-0.01417773,,
20260815_222334_6537d9,2026-03-18,388816.499561,16110.551461,372705.9481,-0.00063108,,
20260815_222334_6537d9,2026-03-19,380314.761161,16110.551461,364204.2097,-0.02186568,,
20260815_222334_6537d9,2026-03-20,375089.527661,16110.551461,358978.9762,-0.01373923,,
20260815_222334_6537d9,2026-03-23,353751.953661,16110.551461,337641.4022,-0.05688662,,
20260815_222334_6537d9,2026-03-24,363666.360663,17105.457763,346560.9029,0.02802644,,
20260815_222334_6537d9,2026-03-25,369473.706463,17105.457763,352368.2487,0.01596888,,
20260815_222334_6537d9,2026-03-26,367876.105963,17105.457763,350770.6482,-0.00432399,,
20260815_222334_6537d9,2026-03-27,371071.529163,17105.457763,353966.0714,0.00868614,,
20260815_222334_6537d9,2026-03-30,367634.674263,17105.457763,350529.2165,-0.00926197,,
20260815_222334_6537d9,2026-03-31,362328.244263,17105.457763,345222.7865,-0.01443398,,
20260815_222334_6537d9,2026-04-01,368088.938363,17105.457763,350983.4806,0.0158991,,
20260815_222334_6537d9,2026-04-02,366498.299739,4528.519739,361969.78,-0.00432134,,
20260815_222334_6537d9,2026-04-03,361086.221139,4528.519739,356557.7014,-0.014767,,
20260815_222334_6537d9,2026-04-07,358994.557339,4528.519739,354466.0376,-0.0057927,,
20260815_222334_6537d9,2026-04-08,364854.055539,4528.519739,360325.5358,0.01632197,,
20260815_222334_6537d9,2026-04-09,361025.797739,4528.519739,356497.278,-0.01049257,,
20260815_222334_6537d9,2026-04-10,362503.060939,4528.519739,357974.5412,0.00409185,,
20260815_222334_6537d9,2026-04-13,359742.374139,4528.519739,355213.8544,-0.00761562,,
20260815_222334_6537d9,2026-04-14,361722.551139,4528.519739,357194.0314,0.00550443,,
20260815_222334_6537d9,2026-04-15,367952.177739,4528.519739,363423.658,0.01722211,,
20260815_222334_6537d9,2026-04-16,369765.231739,4528.519739,365236.712,0.00492742,,
20260815_222334_6537d9,2026-04-17,366223.738739,4528.519739,361695.219,-0.00957768,,
20260815_222334_6537d9,2026-04-20,367897.763139,4528.519739,363369.2434,0.00457104,,
20260815_222334_6537d9,2026-04-21,368228.954539,4528.519739,363700.4348,0.00090023,,
20260815_222334_6537d9,2026-04-22,366394.096739,4528.519739,361865.577,-0.00498293,,
20260815_222334_6537d9,2026-04-23,367296.913293,7418.043293,359878.87,0.00246406,,
20260815_222334_6537d9,2026-04-24,364423.803893,7418.043293,357005.7606,-0.00782231,,
20260815_222334_6537d9,2026-04-27,361798.821893,7418.043293,354380.7786,-0.0072031,,
20260815_222334_6537d9,2026-04-28,362516.136493,7418.043293,355098.0932,0.00198263,,
20260815_222334_6537d9,2026-04-29,364835.385893,7418.043293,357417.3426,0.00639764,,
20260815_222334_6537d9,2026-04-30,365611.197493,7418.043293,358193.1542,0.00212647,,
20260815_222334_6537d9,2026-05-06,364379.245093,7418.043293,356961.2018,-0.00336957,,
20260815_222334_6537d9,2026-05-07,364170.930893,7418.043293,356752.8876,-0.0005717,,
20260815_222334_6537d9,2026-05-08,364468.195693,7418.043293,357050.1524,0.00081628,,
20260815_222334_6537d9,2026-05-11,364087.482693,7418.043293,356669.4394,-0.00104457,,
20260815_222334_6537d9,2026-05-12,362613.678293,7418.043293,355195.635,-0.00404794,,
20260815_222334_6537d9,2026-05-13,362148.853893,7418.043293,354730.8106,-0.00128187,,
20260815_222334_6537d9,2026-05-14,361388.049293,7418.043293,353970.006,-0.00210081,,
20260815_222334_6537d9,2026-05-15,358944.162493,7418.043293,351526.1192,-0.0067625,,
20260815_222334_6537d9,2026-05-18,356368.350493,7418.043293,348950.3072,-0.00717608,,
20260815_222334_6537d9,2026-05-19,359373.901693,7418.043293,351955.8584,0.00843383,,
20260815_222334_6537d9,2026-05-20,356398.401493,7418.043293,348980.3582,-0.00827968,,
20260815_222334_6537d9,2026-05-21,355783.632093,7418.043293,348365.5888,-0.00172495,,
20260815_222334_6537d9,2026-05-22,355023.993293,7418.043293,347605.95,-0.00213511,,
20260815_222334_6537d9,2026-05-25,355394.634293,7418.043293,347976.591,0.00104399,,
20260815_222334_6537d9,2026-05-26,355547.255293,7418.043293,348129.212,0.00042944,,
20260815_222334_6537d9,2026-05-27,353299.074693,7418.043293,345881.0314,-0.00632316,,
20260815_222334_6537d9,2026-05-28,350608.275693,7418.043293,343190.2324,-0.00761621,,
20260815_222334_6537d9,2026-05-29,354065.319493,7418.043293,346647.2762,0.00986013,,
20260815_222334_6537d9,2026-06-01,360359.506493,7418.043293,352941.4632,0.01777691,,
20260815_222334_6537d9,2026-06-02,359780.900893,7418.043293,352362.8576,-0.00160563,,
20260815_222334_6537d9,2026-06-03,356281.820893,7418.043293,348863.7776,-0.00972559,,
20260815_222334_6537d9,2026-06-04,352628.522893,7418.043293,345210.4796,-0.01025396,,
20260815_222334_6537d9,2026-06-05,355756.345093,7418.043293,348338.3018,0.00887002,,
20260815_222334_6537d9,2026-06-08,354691.368893,7418.043293,347273.3256,-0.00299356,,
20260815_222334_6537d9,2026-06-09,354583.107261,2966.237761,351616.8695,-0.00030523,,
20260815_222334_6537d9,2026-06-10,359771.455261,2966.237761,356805.2175,0.01463225,,
20260815_222334_6537d9,2026-06-11,358050.525461,2966.237761,355084.2877,-0.0047834,,
20260815_222334_6537d9,2026-06-12,362092.272561,2966.237761,359126.0348,0.0112882,,
20260815_222334_6537d9,2026-06-15,361164.804261,2966.237761,358198.5665,-0.00256141,,
20260815_222334_6537d9,2026-06-16,356525.023361,2966.237761,353558.7856,-0.01284671,,
20260815_222334_6537d9,2026-06-17,353547.950161,2966.237761,350581.7124,-0.00835025,,
20260815_222334_6537d9,2026-06-18,347229.577761,2966.237761,344263.34,-0.01787133,,
20260815_222334_6537d9,2026-06-22,347819.682961,2966.237761,344853.4452,0.00169947,,
20260815_222334_6537d9,2026-06-23,353994.640318,1374.799518,352619.8408,0.01775333,,
20260815_222334_6537d9,2026-06-24,345269.785918,1374.799518,343894.9864,-0.02464685,,
20260815_222334_6537d9,2026-06-25,343403.287518,1374.799518,342028.488,-0.00540591,,
20260815_222334_6537d9,2026-06-26,337601.898118,1374.799518,336227.0986,-0.01689381,,
20260815_222334_6537d9,2026-06-29,337601.898118,1374.799518,336227.0986,0.0,,
20260815_222334_6537d9,2026-06-30,337601.898118,1374.799518,336227.0986,0.0,,
