run_id,date,code,volume,available_volume,cost_price,last_price,unrealized_pnl,holding_days
20260815_200150_9f5a13,2021-06-02,600479.SH,1000,0,121.137864,120.9866,-151.264,1
20260815_200150_9f5a13,2021-06-02,002347.SZ,7600,0,16.430127,16.44804,136.1388,1
20260815_200150_9f5a13,2021-06-02,600663.SH,800,0,155.382825,165.1368,7803.18,1
20260815_200150_9f5a13,2021-06-02,000828.SZ,2900,0,42.499568,41.08083,-4114.3402,1
20260815_200150_9f5a13,2021-06-02,603808.SH,3500,0,34.887063,33.9735,-3197.4705,1
20260815_200150_9f5a13,2021-06-02,002191.SZ,1700,0,72.908961,70.81088,-3566.7377,1
20260815_200150_9f5a13,2021-06-02,603001.SH,10200,0,12.167894,12.2813,1156.7412,1
20260815_200150_9f5a13,2021-06-02,000595.SZ,10100,0,12.311213,11.8992,-4161.3313,1
20260815_200150_9f5a13,2021-06-03,600479.SH,1000,1000,121.137864,121.9834,845.536,2
20260815_200150_9f5a13,2021-06-03,002347.SZ,7600,7600,16.430127,16.44804,136.1388,2
20260815_200150_9f5a13,2021-06-03,600663.SH,800,800,155.382825,181.7168,21067.18,2
20260815_200150_9f5a13,2021-06-03,000828.SZ,2900,2900,42.499568,42.74178,702.4148,2
20260815_200150_9f5a13,2021-06-03,603808.SH,3500,3500,34.887063,34.69125,-685.3455,2
20260815_200150_9f5a13,2021-06-03,002191.SZ,1700,1700,72.908961,71.37536,-2607.1217,2
20260815_200150_9f5a13,2021-06-03,603001.SH,10200,10200,12.167894,12.58994,4304.8692,2
20260815_200150_9f5a13,2021-06-03,000595.SZ,10100,10100,12.311213,12.49416,1847.7647,2
20260815_200150_9f5a13,2021-06-04,600479.SH,1000,1000,121.137864,122.4818,1343.936,3
20260815_200150_9f5a13,2021-06-04,002347.SZ,7600,7600,16.430127,16.48647,428.2068,3
20260815_200150_9f5a13,2021-06-04,600663.SH,800,800,155.382825,193.38912,30405.036,3
20260815_200150_9f5a13,2021-06-04,000828.SZ,2900,2900,42.499568,42.74178,702.4148,3
20260815_200150_9f5a13,2021-06-04,603808.SH,3500,3500,34.887063,34.69125,-685.3455,3
20260815_200150_9f5a13,2021-06-04,002191.SZ,1700,1700,72.908961,72.81792,-154.7697,3
20260815_200150_9f5a13,2021-06-04,603001.SH,10200,10200,12.167894,12.37132,2074.9452,3
20260815_200150_9f5a13,2021-06-04,000595.SZ,10100,10100,12.311213,12.84122,5353.0707,3
20260815_200150_9f5a13,2021-06-07,600479.SH,1000,1000,121.137864,121.7342,596.336,4
20260815_200150_9f5a13,2021-06-07,002347.SZ,7600,7600,16.430127,16.94763,3933.0228,4
20260815_200150_9f5a13,2021-06-07,600663.SH,800,800,155.382825,174.02368,14912.684,4
20260815_200150_9f5a13,2021-06-07,000828.SZ,2900,2900,42.499568,42.0774,-1224.2872,4
20260815_200150_9f5a13,2021-06-07,603808.SH,3500,3500,34.887063,34.08225,-2816.8455,4
20260815_200150_9f5a13,2021-06-07,002191.SZ,1700,1700,72.908961,72.62976,-474.6417,4
20260815_200150_9f5a13,2021-06-07,603001.SH,10200,10200,12.167894,12.0417,-1287.1788,4
20260815_200150_9f5a13,2021-06-07,000595.SZ,10100,10100,12.311213,13.48576,11862.9247,4
20260815_200150_9f5a13,2021-06-08,600479.SH,1000,1000,121.137864,121.485,347.136,5
20260815_200150_9f5a13,2021-06-08,002347.SZ,7600,7600,16.430127,16.83234,3056.8188,5
20260815_200150_9f5a13,2021-06-08,600663.SH,800,800,155.382825,191.39952,28813.356,5
20260815_200150_9f5a13,2021-06-08,000828.SZ,2900,2900,42.499568,41.47626,-2967.5932,5
20260815_200150_9f5a13,2021-06-08,603808.SH,3500,3500,34.887063,34.16925,-2512.3455,5
20260815_200150_9f5a13,2021-06-08,002191.SZ,1700,1700,72.908961,71.75168,-1967.3777,5
20260815_200150_9f5a13,2021-06-08,603001.SH,10200,10200,12.167894,12.21759,506.8992,5
20260815_200150_9f5a13,2021-06-08,000595.SZ,10100,10100,12.311213,14.17988,18873.5367,5
20260815_200150_9f5a13,2021-06-09,600479.SH,1000,1000,121.137864,121.2358,97.936,6
20260815_200150_9f5a13,2021-06-09,002347.SZ,7600,7600,16.430127,16.79391,2764.7508,6
20260815_200150_9f5a13,2021-06-09,600663.SH,800,800,155.382825,199.35792,35180.076,6
20260815_200150_9f5a13,2021-06-09,000828.SZ,2900,2900,42.499568,43.47648,2833.0448,6
20260815_200150_9f5a13,2021-06-09,603808.SH,3500,3500,34.887063,34.8,-304.7205,6
20260815_200150_9f5a13,2021-06-09,002191.SZ,1700,1700,72.908961,70.68544,-3779.9857,6
20260815_200150_9f5a13,2021-06-09,603001.SH,10200,10200,12.167894,11.83875,-3357.2688,6
20260815_200150_9f5a13,2021-06-09,000595.SZ,10100,10100,12.311213,14.3782,20876.5687,6
20260815_200150_9f5a13,2021-06-10,600479.SH,1000,1000,121.137864,120.7374,-400.464,7
20260815_200150_9f5a13,2021-06-10,002347.SZ,7600,7600,16.430127,16.83234,3056.8188,7
20260815_200150_9f5a13,2021-06-10,600663.SH,800,800,155.382825,194.45024,31253.932,7
20260815_200150_9f5a13,2021-06-10,000828.SZ,2900,2900,42.499568,43.43874,2723.5988,7
20260815_200150_9f5a13,2021-06-10,603808.SH,3500,3500,34.887063,34.99575,380.4045,7
20260815_200150_9f5a13,2021-06-10,002191.SZ,1700,1700,72.908961,70.74816,-3673.3617,7
20260815_200150_9f5a13,2021-06-10,603001.SH,10200,10200,12.167894,11.71698,-4599.3228,7
20260815_200150_9f5a13,2021-06-10,000595.SZ,10100,10100,12.311213,13.68408,13865.9567,7
20260815_200150_9f5a13,2021-06-11,600479.SH,1000,1000,121.137864,120.4882,-649.664,8
20260815_200150_9f5a13,2021-06-11,002347.SZ,7600,7600,16.430127,16.71705,2180.6148,8
20260815_200150_9f5a13,2021-06-11,600663.SH,800,800,155.382825,187.28768,25523.884,8
20260815_200150_9f5a13,2021-06-11,000828.SZ,2900,2900,42.499568,42.19332,-888.1192,8
20260815_200150_9f5a13,2021-06-11,603808.SH,3500,3500,34.887063,34.69125,-685.3455,8
20260815_200150_9f5a13,2021-06-11,002191.SZ,1700,1700,72.908961,71.58969,-2242.7607,8
20260815_200150_9f5a13,2021-06-11,603001.SH,10200,10200,12.167894,11.74404,-4323.3108,8
20260815_200150_9f5a13,2021-06-11,000595.SZ,10100,10100,12.311213,14.03114,17371.2627,8
20260815_200150_9f5a13,2021-06-15,600479.SH,1000,1000,121.137864,117.8716,-3266.264,9
20260815_200150_9f5a13,2021-06-15,002347.SZ,7600,7600,16.430127,16.40961,-155.9292,9
20260815_200150_9f5a13,2021-06-15,600663.SH,800,800,155.382825,184.3696,23189.42,9
20260815_200150_9f5a13,2021-06-15,000828.SZ,2900,2900,42.499568,41.3253,-3405.3772,9
20260815_200150_9f5a13,2021-06-15,603808.SH,3500,3500,34.887063,34.38675,-1751.0955,9
20260815_200150_9f5a13,2021-06-15,002191.SZ,1700,1700,72.908961,68.93822,-6750.2597,9
20260815_200150_9f5a13,2021-06-15,603001.SH,10200,10200,12.167894,11.37873,-8049.4728,9
20260815_200150_9f5a13,2021-06-15,000595.SZ,10100,10100,12.311213,13.58492,12864.4407,9
20260815_200150_9f5a13,2021-06-16,600479.SH,1000,1000,121.137864,118.37,-2767.864,10
20260815_200150_9f5a13,2021-06-16,002347.SZ,7600,7600,16.430127,16.29432,-1032.1332,10
20260815_200150_9f5a13,2021-06-16,600663.SH,800,800,155.382825,179.064,18944.94,10
20260815_200150_9f5a13,2021-06-16,000828.SZ,2900,2900,42.499568,42.19332,-888.1192,10
20260815_200150_9f5a13,2021-06-16,603808.SH,3500,3500,34.887063,33.7125,-4110.9705,10
20260815_200150_9f5a13,2021-06-16,002191.SZ,1700,1700,72.908961,66.67477,-10598.1247,10
20260815_200150_9f5a13,2021-06-16,603001.SH,10200,10200,12.167894,11.5005,-6807.4188,10
20260815_200150_9f5a13,2021-06-16,000595.SZ,10100,10100,12.311213,13.1387,8357.6187,10
20260815_200150_9f5a13,2021-06-17,600479.SH,1000,1000,121.137864,119.8652,-1272.664,11
20260815_200150_9f5a13,2021-06-17,002347.SZ,7600,7600,16.430127,16.25589,-1324.2012,11
20260815_200150_9f5a13,2021-06-17,600663.SH,800,800,155.382825,178.53344,18520.492,11
20260815_200150_9f5a13,2021-06-17,000828.SZ,2900,2900,42.499568,42.0801,-1216.4572,11
20260815_200150_9f5a13,2021-06-17,603808.SH,3700,3500,34.815257,34.69125,-458.8259,11
20260815_200150_9f5a13,2021-06-17,603001.SH,10800,10200,12.127852,11.35167,-8382.7656,11
20260815_200150_9f5a13,2021-06-17,000595.SZ,9600,9600,12.311213,13.58492,12227.5872,11
20260815_200150_9f5a13,2021-06-17,600968.SH,41700,0,2.997993,2.97395,-1002.5931,1
20260815_200150_9f5a13,2021-06-18,600479.SH,1000,1000,121.137864,117.9962,-3141.664,12
20260815_200150_9f5a13,2021-06-18,002347.SZ,7600,7600,16.430127,16.33275,-740.0652,12
20260815_200150_9f5a13,2021-06-18,600663.SH,800,800,155.382825,184.3696,23189.42,12
20260815_200150_9f5a13,2021-06-18,000828.SZ,2900,2900,42.499568,43.06134,1629.1388,12
20260815_200150_9f5a13,2021-06-18,603808.SH,3700,3700,34.815257,34.365,-1665.9509,12
20260815_200150_9f5a13,2021-06-18,603001.SH,10800,10800,12.127852,11.62227,-5460.2856,12
20260815_200150_9f5a13,2021-06-18,000595.SZ,9600,9600,12.311213,13.93198,15559.3632,12
20260815_200150_9f5a13,2021-06-18,600968.SH,41700,41700,2.997993,2.842,-6504.9081,2
20260815_200150_9f5a13,2021-06-21,600479.SH,1000,1000,121.137864,119.8652,-1272.664,13
20260815_200150_9f5a13,2021-06-21,002347.SZ,7600,7600,16.430127,16.5249,720.2748,13
20260815_200150_9f5a13,2021-06-21,600663.SH,800,800,155.382825,184.3696,23189.42,13
20260815_200150_9f5a13,2021-06-21,000828.SZ,2900,2900,42.499568,42.23106,-778.6732,13
20260815_200150_9f5a13,2021-06-21,603808.SH,3700,3700,34.815257,34.38675,-1585.4759,13
20260815_200150_9f5a13,2021-06-21,603001.SH,10800,10800,12.127852,11.7711,-3852.9216,13
20260815_200150_9f5a13,2021-06-21,000595.SZ,9600,9600,12.311213,14.6261,22222.9152,13
20260815_200150_9f5a13,2021-06-21,600968.SH,41700,41700,2.997993,2.83185,-6928.1631,3
20260815_200150_9f5a13,2021-06-22,600479.SH,1000,1000,121.137864,120.9866,-151.264,14
20260815_200150_9f5a13,2021-06-22,002347.SZ,7600,7600,16.430127,17.02449,4517.1588,14
20260815_200150_9f5a13,2021-06-22,600663.SH,800,800,155.382825,179.46192,19263.276,14
20260815_200150_9f5a13,2021-06-22,000828.SZ,2900,2900,42.499568,42.79716,863.0168,14
20260815_200150_9f5a13,2021-06-22,603808.SH,3700,3700,34.815257,34.017,-2953.5509,14
20260815_200150_9f5a13,2021-06-22,603001.SH,10800,10800,12.127852,11.89287,-2537.8056,14
20260815_200150_9f5a13,2021-06-22,000595.SZ,9600,9600,12.311213,15.1219,26982.5952,14
20260815_200150_9f5a13,2021-06-22,600968.SH,41700,41700,2.997993,2.842,-6504.9081,4
20260815_200150_9f5a13,2021-06-23,600479.SH,1000,1000,121.137864,121.6096,471.736,15
20260815_200150_9f5a13,2021-06-23,002347.SZ,7600,7600,16.430127,16.9092,3640.9548,15
20260815_200150_9f5a13,2021-06-23,600663.SH,800,800,155.382825,184.50224,23295.532,15
20260815_200150_9f5a13,2021-06-23,000828.SZ,2900,2900,42.499568,43.09908,1738.5848,15
20260815_200150_9f5a13,2021-06-23,603808.SH,3700,3700,34.815257,34.0605,-2792.6009,15
20260815_200150_9f5a13,2021-06-23,603001.SH,10800,10800,12.127852,11.83875,-3122.3016,15
20260815_200150_9f5a13,2021-06-23,000595.SZ,9600,9600,12.311213,15.6177,31742.2752,15
20260815_200150_9f5a13,2021-06-23,600968.SH,41700,41700,2.997993,2.79125,-8621.1831,5
20260815_200150_9f5a13,2021-06-24,600479.SH,1000,1000,121.137864,122.4818,1343.936,16
20260815_200150_9f5a13,2021-06-24,002347.SZ,7600,7600,16.430127,16.87077,3348.8868,16
20260815_200150_9f5a13,2021-06-24,600663.SH,800,800,155.382825,183.17584,22234.412,16
20260815_200150_9f5a13,2021-06-24,000828.SZ,2900,2900,42.499568,42.98586,1410.2468,16
20260815_200150_9f5a13,2021-06-24,603808.SH,3700,3700,34.815257,34.0605,-2792.6009,16
20260815_200150_9f5a13,2021-06-24,603001.SH,10800,10800,12.127852,11.74404,-4145.1696,16
20260815_200150_9f5a13,2021-06-24,000595.SZ,9600,9600,12.311213,15.22106,27934.5312,16
20260815_200150_9f5a13,2021-06-24,600968.SH,41700,41700,2.997993,2.77095,-9467.6931,6
20260815_200150_9f5a13,2021-06-25,600479.SH,1000,1000,121.137864,118.59705,-2540.814,17
20260815_200150_9f5a13,2021-06-25,002347.SZ,7600,7600,16.430127,16.71705,2180.6148,17
20260815_200150_9f5a13,2021-06-25,600663.SH,800,800,155.382825,187.6856,25842.22,17
20260815_200150_9f5a13,2021-06-25,000828.SZ,2900,2900,42.499568,47.28822,13887.0908,17
20260815_200150_9f5a13,2021-06-25,603808.SH,3700,3700,34.815257,34.0605,-2792.6009,17
20260815_200150_9f5a13,2021-06-25,603001.SH,10800,10800,12.127852,11.6358,-5314.1616,17
20260815_200150_9f5a13,2021-06-25,000595.SZ,9600,9600,12.311213,15.96476,35074.0512,17
20260815_200150_9f5a13,2021-06-25,600968.SH,41700,41700,2.997993,2.77095,-9467.6931,7
20260815_200150_9f5a13,2021-06-28,600479.SH,1000,1000,121.137864,119.15189,-1985.974,18
20260815_200150_9f5a13,2021-06-28,002347.SZ,7600,7600,16.430127,16.79391,2764.7508,18
20260815_200150_9f5a13,2021-06-28,600663.SH,800,800,155.382825,183.83904,22764.972,18
20260815_200150_9f5a13,2021-06-28,000828.SZ,2900,2900,42.499568,45.0993,7539.2228,18
20260815_200150_9f5a13,2021-06-28,603808.SH,3700,3700,34.815257,34.51725,-1102.6259,18
20260815_200150_9f5a13,2021-06-28,603001.SH,10800,10800,12.127852,11.74404,-4145.1696,18
20260815_200150_9f5a13,2021-06-28,000595.SZ,9600,9600,12.311213,15.27064,28410.4992,18
20260815_200150_9f5a13,2021-06-28,600968.SH,41700,41700,2.997993,2.68975,-12853.7331,8
20260815_200150_9f5a13,2021-06-29,600479.SH,1000,1000,121.137864,117.48737,-3650.494,19
20260815_200150_9f5a13,2021-06-29,002347.SZ,7600,7600,16.430127,16.37118,-447.9972,19
20260815_200150_9f5a13,2021-06-29,600663.SH,800,800,155.382825,174.28896,15124.908,19
20260815_200150_9f5a13,2021-06-29,000828.SZ,2900,2900,42.499568,44.08032,4584.1808,19
20260815_200150_9f5a13,2021-06-29,603808.SH,3700,3700,34.815257,34.9305,426.3991,19
20260815_200150_9f5a13,2021-06-29,603001.SH,10900,10800,12.12459,12.35289,2488.47,19
20260815_200150_9f5a13,2021-06-29,000595.SZ,8500,8500,12.311213,15.56812,27683.7095,19
20260815_200150_9f5a13,2021-06-29,000036.SZ,2400,0,52.478329,54.91432,5846.3784,1
20260815_200150_9f5a13,2021-06-30,600479.SH,1000,1000,121.137864,123.4519,2314.036,20
20260815_200150_9f5a13,2021-06-30,002347.SZ,7600,7600,16.430127,16.40961,-155.9292,20
20260815_200150_9f5a13,2021-06-30,600663.SH,800,800,155.382825,176.67648,17034.924,20
20260815_200150_9f5a13,2021-06-30,000828.SZ,2900,2900,42.499568,44.94834,7101.4388,20
20260815_200150_9f5a13,2021-06-30,603808.SH,3700,3700,34.815257,34.365,-1665.9509,20
20260815_200150_9f5a13,2021-06-30,603001.SH,10900,10900,12.12459,13.58412,15908.877,20
20260815_200150_9f5a13,2021-06-30,000595.SZ,8500,8500,12.311213,15.3698,25997.9895,20
20260815_200150_9f5a13,2021-06-30,000036.SZ,2400,2400,52.478329,55.50992,7275.8184,2
20260815_200150_9f5a13,2021-07-01,600479.SH,1000,1000,121.137864,131.08095,9943.086,21
20260815_200150_9f5a13,2021-07-01,002347.SZ,7600,7600,16.430127,16.02531,-3076.6092,21
20260815_200150_9f5a13,2021-07-01,600663.SH,800,800,155.382825,179.46192,19263.276,21
20260815_200150_9f5a13,2021-07-01,000828.SZ,2900,2900,42.499568,42.2688,-669.2272,21
20260815_200150_9f5a13,2021-07-01,603808.SH,3700,3700,34.815257,34.90875,345.9241,21
20260815_200150_9f5a13,2021-07-01,603001.SH,10900,10900,12.12459,13.28646,12664.383,21
20260815_200150_9f5a13,2021-07-01,000595.SZ,8500,8500,12.311213,15.3698,25997.9895,21
20260815_200150_9f5a13,2021-07-01,000036.SZ,2400,2400,52.478329,55.50992,7275.8184,3
20260815_200150_9f5a13,2021-07-02,600479.SH,1000,1000,121.137864,126.78094,5643.076,22
20260815_200150_9f5a13,2021-07-02,002347.SZ,7600,7600,16.430127,16.21746,-1616.2692,22
20260815_200150_9f5a13,2021-07-02,600663.SH,800,800,155.382825,183.30848,22340.524,22
20260815_200150_9f5a13,2021-07-02,000828.SZ,2900,2900,42.499568,41.514,-2858.1472,22
20260815_200150_9f5a13,2021-07-02,603808.SH,3700,3700,34.815257,34.08225,-2712.1259,22
20260815_200150_9f5a13,2021-07-02,603001.SH,10900,10900,12.12459,12.94821,8977.458,22
20260815_200150_9f5a13,2021-07-02,000595.SZ,8500,8500,12.311213,15.71686,28947.9995,22
20260815_200150_9f5a13,2021-07-02,000036.SZ,2400,2400,52.478329,56.10552,8705.2584,4
20260815_200150_9f5a13,2021-07-05,600479.SH,1000,1000,121.137864,124.28416,3146.296,23
20260815_200150_9f5a13,2021-07-05,002347.SZ,7600,7600,16.430127,16.94763,3933.0228,23
20260815_200150_9f5a13,2021-07-05,600663.SH,800,800,155.382825,185.29808,23932.204,23
20260815_200150_9f5a13,2021-07-05,000828.SZ,2900,2900,42.499568,41.47626,-2967.5932,23
20260815_200150_9f5a13,2021-07-05,603808.SH,3700,3700,34.815257,34.08225,-2712.1259,23
20260815_200150_9f5a13,2021-07-05,603001.SH,10900,10900,12.12459,13.02939,9862.32,23
20260815_200150_9f5a13,2021-07-05,000595.SZ,8500,8500,12.311213,15.76644,29369.4295,23
20260815_200150_9f5a13,2021-07-05,000036.SZ,2400,2400,52.478329,57.89232,12993.5784,5
20260815_200150_9f5a13,2021-07-06,600479.SH,1000,1000,121.137864,120.81641,-321.454,24
20260815_200150_9f5a13,2021-07-06,002347.SZ,7600,7600,16.430127,17.13978,5393.3628,24
20260815_200150_9f5a13,2021-07-06,600663.SH,800,800,155.382825,183.57376,22552.748,24
20260815_200150_9f5a13,2021-07-06,000828.SZ,2900,2900,42.499568,42.41976,-231.4432,24
20260815_200150_9f5a13,2021-07-06,603808.SH,3700,3700,34.815257,34.0605,-2792.6009,24
20260815_200150_9f5a13,2021-07-06,603001.SH,10900,10900,12.12459,12.83997,7797.642,24
20260815_200150_9f5a13,2021-07-06,000595.SZ,8500,8500,12.311213,15.96476,31055.1495,24
20260815_200150_9f5a13,2021-07-06,000036.SZ,2400,2400,52.478329,58.3688,14137.1304,6
20260815_200150_9f5a13,2021-07-07,600479.SH,1000,1000,121.137864,119.98415,-1153.714,25
20260815_200150_9f5a13,2021-07-07,002347.SZ,7600,7600,16.430127,17.25507,6269.5668,25
20260815_200150_9f5a13,2021-07-07,600663.SH,800,800,155.382825,182.51264,21703.852,25
20260815_200150_9f5a13,2021-07-07,000828.SZ,2900,2900,42.499568,42.49524,-12.5512,25
20260815_200150_9f5a13,2021-07-07,603808.SH,3700,3700,34.815257,33.82125,-3677.8259,25
20260815_200150_9f5a13,2021-07-07,603001.SH,10900,10900,12.12459,14.12532,21807.957,25
20260815_200150_9f5a13,2021-07-07,000595.SZ,8500,8500,12.311213,15.81602,29790.8595,25
20260815_200150_9f5a13,2021-07-07,000036.SZ,2400,2400,52.478329,56.582,9848.8104,7
20260815_200150_9f5a13,2021-07-08,600479.SH,1000,1000,121.137864,117.62608,-3511.784,26
20260815_200150_9f5a13,2021-07-08,002347.SZ,7600,7600,16.430127,17.21664,5977.4988,26
20260815_200150_9f5a13,2021-07-08,600663.SH,800,800,155.382825,182.64528,21809.964,26
20260815_200150_9f5a13,2021-07-08,000828.SZ,2900,2900,42.499568,41.81592,-1982.5792,26
20260815_200150_9f5a13,2021-07-08,603808.SH,3700,3700,34.815257,33.1905,-6011.6009,26
20260815_200150_9f5a13,2021-07-08,603001.SH,10900,10900,12.12459,13.8006,18268.509,26
20260815_200150_9f5a13,2021-07-08,000595.SZ,8500,8500,12.311213,15.81602,29790.8595,26
20260815_200150_9f5a13,2021-07-08,000036.SZ,2400,2400,52.478329,55.3908,6989.9304,8
20260815_200150_9f5a13,2021-07-09,600479.SH,1000,1000,121.137864,118.31963,-2818.234,27
20260815_200150_9f5a13,2021-07-09,002347.SZ,7600,7600,16.430127,17.2964,6583.6748,27
20260815_200150_9f5a13,2021-07-09,600663.SH,800,800,155.382825,185.43072,24038.316,27
20260815_200150_9f5a13,2021-07-09,000828.SZ,2900,2900,42.499568,42.94812,1300.8008,27
20260815_200150_9f5a13,2021-07-09,603808.SH,3700,3700,34.815257,35.235,1553.0491,27
20260815_200150_9f5a13,2021-07-09,603001.SH,10900,10900,12.12459,14.13885,21955.434,27
20260815_200150_9f5a13,2021-07-09,000595.SZ,8500,8500,12.311213,15.76644,29369.4295,27
20260815_200150_9f5a13,2021-07-09,000036.SZ,2400,2400,52.478329,56.70112,10134.6984,9
20260815_200150_9f5a13,2021-07-12,600479.SH,1000,1000,121.137864,118.04221,-3095.654,28
20260815_200150_9f5a13,2021-07-12,002347.SZ,7600,7600,16.430127,17.80743,10467.5028,28
20260815_200150_9f5a13,2021-07-12,600663.SH,800,800,155.382825,185.0328,23719.98,28
20260815_200150_9f5a13,2021-07-12,000828.SZ,2900,2900,42.499568,43.0236,1519.6928,28
20260815_200150_9f5a13,2021-07-12,603808.SH,3700,3700,34.815257,35.7135,3323.4991,28
20260815_200150_9f5a13,2021-07-12,603001.SH,10900,10900,12.12459,13.6653,16793.739,28
20260815_200150_9f5a13,2021-07-12,000595.SZ,8500,8500,12.311213,15.02274,23047.9795,28
20260815_200150_9f5a13,2021-07-12,000036.SZ,2400,2400,52.478329,57.53496,12135.9144,10
20260815_200150_9f5a13,2021-07-13,600479.SH,1000,1000,121.137864,117.9035,-3234.364,29
20260815_200150_9f5a13,2021-07-13,002347.SZ,7600,7600,16.430127,17.92536,11363.7708,29
20260815_200150_9f5a13,2021-07-13,600663.SH,800,800,155.382825,203.33712,38363.436,29
20260815_200150_9f5a13,2021-07-13,000828.SZ,2900,2900,42.499568,42.19332,-888.1192,29
20260815_200150_9f5a13,2021-07-13,603808.SH,3700,3700,34.815257,37.17075,8715.3241,29
20260815_200150_9f5a13,2021-07-13,603001.SH,10900,10900,12.12459,14.01708,20628.141,29
20260815_200150_9f5a13,2021-07-13,000595.SZ,8500,8500,12.311213,14.47736,18412.2495,29
20260815_200150_9f5a13,2021-07-13,000036.SZ,2400,2400,52.478329,56.82024,10420.5864,11
20260815_200150_9f5a13,2021-07-14,600479.SH,1000,1000,121.137864,118.59705,-2540.814,30
20260815_200150_9f5a13,2021-07-14,002347.SZ,7600,7600,16.430127,17.49295,8077.4548,30
20260815_200150_9f5a13,2021-07-14,600663.SH,800,800,155.382825,196.3072,32739.5,30
20260815_200150_9f5a13,2021-07-14,000828.SZ,2900,2900,42.499568,42.23106,-778.6732,30
20260815_200150_9f5a13,2021-07-14,603808.SH,3700,3700,34.815257,36.9315,7830.0991,30
20260815_200150_9f5a13,2021-07-14,603001.SH,10900,10900,12.12459,13.73295,17531.124,30
20260815_200150_9f5a13,2021-07-14,000595.SZ,8500,8500,12.311213,14.47736,18412.2495,30
20260815_200150_9f5a13,2021-07-14,000036.SZ,2400,2400,52.478329,56.3175,9214.0104,12
20260815_200150_9f5a13,2021-07-15,600479.SH,1000,1000,121.137864,119.01318,-2124.684,31
20260815_200150_9f5a13,2021-07-15,002347.SZ,7600,7600,16.430127,17.41433,7479.9428,31
20260815_200150_9f5a13,2021-07-15,600663.SH,800,800,155.382825,208.51008,42501.804,31
20260815_200150_9f5a13,2021-07-15,000828.SZ,2900,2900,42.499568,42.98586,1410.2468,31
20260815_200150_9f5a13,2021-07-15,603808.SH,3700,3700,34.815257,36.801,7347.2491,31
20260815_200150_9f5a13,2021-07-15,603001.SH,10900,10900,12.12459,13.42176,14139.153,31
20260815_200150_9f5a13,2021-07-15,000595.SZ,8500,8500,12.311213,15.91518,30633.7195,31
20260815_200150_9f5a13,2021-07-15,000036.SZ,2400,2400,52.478329,54.18995,4107.8904,13
20260815_200150_9f5a13,2021-07-16,600479.SH,1000,1000,121.137864,120.12286,-1015.004,32
20260815_200150_9f5a13,2021-07-16,002347.SZ,7600,7600,16.430127,17.49295,8077.4548,32
20260815_200150_9f5a13,2021-07-16,600663.SH,800,800,155.382825,192.328,29556.14,32
20260815_200150_9f5a13,2021-07-16,000828.SZ,2900,2900,42.499568,43.0236,1519.6928,32
20260815_200150_9f5a13,2021-07-16,603808.SH,3700,3700,34.815257,36.0615,4611.0991,32
20260815_200150_9f5a13,2021-07-16,603001.SH,10900,10900,12.12459,13.32705,13106.814,32
20260815_200150_9f5a13,2021-07-16,000595.SZ,8500,8500,12.311213,14.67568,20097.9695,32
20260815_200150_9f5a13,2021-07-16,000036.SZ,2400,2400,52.478329,54.5654,5008.9704,14
20260815_200150_9f5a13,2021-07-19,600479.SH,1000,1000,121.137864,124.28416,3146.296,33
20260815_200150_9f5a13,2021-07-19,002347.SZ,7600,7600,16.430127,17.33571,6882.4308,33
20260815_200150_9f5a13,2021-07-19,600663.SH,800,800,155.382825,173.7584,14700.46,33
20260815_200150_9f5a13,2021-07-19,000828.SZ,2900,2900,42.499568,42.91038,1191.3548,33
20260815_200150_9f5a13,2021-07-19,603808.SH,3700,3700,34.815257,35.931,4128.2491,33
20260815_200150_9f5a13,2021-07-19,603001.SH,10900,10900,12.12459,13.36764,13549.245,33
20260815_200150_9f5a13,2021-07-19,000595.SZ,8500,8500,12.311213,13.48576,9983.6495,33
20260815_200150_9f5a13,2021-07-19,000036.SZ,2400,2400,52.478329,54.94085,5910.0504,15
20260815_200150_9f5a13,2021-07-20,600479.SH,1000,1000,121.137864,123.03577,1897.906,34
20260815_200150_9f5a13,2021-07-20,002347.SZ,7600,7600,16.430127,17.72881,9869.9908,34
20260815_200150_9f5a13,2021-07-20,600663.SH,800,800,155.382825,171.23824,12684.332,34
20260815_200150_9f5a13,2021-07-20,000828.SZ,2900,2900,42.499568,43.5897,3161.3828,34
20260815_200150_9f5a13,2021-07-20,603808.SH,3700,3700,34.815257,34.69125,-458.8259,34
20260815_200150_9f5a13,2021-07-20,603001.SH,10900,10900,12.12459,13.48941,14876.538,34
20260815_200150_9f5a13,2021-07-20,000595.SZ,8500,8500,12.311213,13.8824,13355.0895,34
20260815_200150_9f5a13,2021-07-20,000036.SZ,2400,2400,52.478329,56.3175,9214.0104,16
20260815_200150_9f5a13,2021-07-21,600479.SH,1000,1000,121.137864,123.59061,2452.746,35
20260815_200150_9f5a13,2021-07-21,002347.SZ,7600,7600,16.430127,17.65019,9272.4788,35
20260815_200150_9f5a13,2021-07-21,600663.SH,800,800,155.382825,169.24864,11092.652,35
20260815_200150_9f5a13,2021-07-21,000828.SZ,2900,2900,42.499568,43.7784,3708.6128,35
20260815_200150_9f5a13,2021-07-21,603808.SH,3700,3700,34.815257,34.6695,-539.3009,35
20260815_200150_9f5a13,2021-07-21,603001.SH,10900,10900,12.12459,13.62471,16351.308,35
20260815_200150_9f5a13,2021-07-21,000595.SZ,8500,8500,12.311213,14.6261,19676.5395,35
20260815_200150_9f5a13,2021-07-21,000036.SZ,2400,2400,52.478329,56.0672,8613.2904,17
20260815_200150_9f5a13,2021-07-22,600479.SH,1000,1000,121.137864,121.23254,94.676,36
20260815_200150_9f5a13,2021-07-22,002347.SZ,7600,7600,16.430127,17.84674,10766.2588,36
20260815_200150_9f5a13,2021-07-22,600663.SH,800,800,155.382825,171.23824,12684.332,36
20260815_200150_9f5a13,2021-07-22,000828.SZ,2900,2900,42.499568,44.68416,6335.3168,36
20260815_200150_9f5a13,2021-07-22,603808.SH,3700,3700,34.815257,34.29975,-1907.3759,36
20260815_200150_9f5a13,2021-07-22,603001.SH,10900,10900,12.12459,13.35411,13401.768,36
20260815_200150_9f5a13,2021-07-22,000595.SZ,8500,8500,12.311213,14.03114,14619.3795,36
20260815_200150_9f5a13,2021-07-22,000036.SZ,2400,2400,52.478329,55.8169,8012.5704,18
20260815_200150_9f5a13,2021-07-23,600479.SH,1000,1000,121.137864,120.26157,-876.294,37
20260815_200150_9f5a13,2021-07-23,002347.SZ,7600,7600,16.430127,17.53226,8376.2108,37
20260815_200150_9f5a13,2021-07-23,600663.SH,800,800,155.382825,164.87152,7590.956,37
20260815_200150_9f5a13,2021-07-23,000828.SZ,2900,2900,42.499568,43.81614,3818.0588,37
20260815_200150_9f5a13,2021-07-23,603808.SH,3700,3700,34.815257,33.47325,-4965.4259,37
20260815_200150_9f5a13,2021-07-23,603001.SH,10900,10900,12.12459,13.59765,16056.354,37
20260815_200150_9f5a13,2021-07-23,000595.SZ,8500,8500,12.311213,13.73366,12090.7995,37
20260815_200150_9f5a13,2021-07-23,000036.SZ,2400,2400,52.478329,54.69055,5309.3304,19
20260815_200150_9f5a13,2021-07-26,600479.SH,1000,1000,121.137864,117.62608,-3511.784,38
20260815_200150_9f5a13,2021-07-26,002347.SZ,7600,7600,16.430127,17.49295,8077.4548,38
20260815_200150_9f5a13,2021-07-26,600663.SH,800,800,155.382825,161.8208,5150.38,38
20260815_200150_9f5a13,2021-07-26,000828.SZ,2900,2900,42.499568,41.40078,-3186.4852,38
20260815_200150_9f5a13,2021-07-26,603808.SH,3700,3700,34.815257,32.1465,-9874.4009,38
20260815_200150_9f5a13,2021-07-26,603001.SH,10900,10900,12.12459,13.09704,10599.705,38
20260815_200150_9f5a13,2021-07-26,000595.SZ,8500,8500,12.311213,13.43618,9562.2195,38
20260815_200150_9f5a13,2021-07-26,000036.SZ,2400,2400,52.478329,53.0636,1404.6504,20
20260815_200150_9f5a13,2021-07-27,600479.SH,1000,1000,121.137864,114.85188,-6285.984,39
20260815_200150_9f5a13,2021-07-27,002347.SZ,7600,7600,16.430127,17.41433,7479.9428,39
20260815_200150_9f5a13,2021-07-27,600663.SH,800,800,155.382825,155.852,375.34,39
20260815_200150_9f5a13,2021-07-27,000828.SZ,2900,2900,42.499568,40.87242,-4718.7292,39
20260815_200150_9f5a13,2021-07-27,603808.SH,3700,3700,34.815257,32.21175,-9632.9759,39
20260815_200150_9f5a13,2021-07-27,603001.SH,10900,10900,12.12459,11.78463,-3705.564,39
20260815_200150_9f5a13,2021-07-27,000595.SZ,8500,8500,12.311213,13.83282,12933.6595,39
20260815_200150_9f5a13,2021-07-27,000036.SZ,2400,2400,52.478329,51.3115,-2800.3896,21
20260815_200150_9f5a13,2021-07-28,600479.SH,1000,1000,121.137864,113.04865,-8089.214,40
20260815_200150_9f5a13,2021-07-28,002347.SZ,7600,7600,16.430127,16.19572,-1781.4932,40
20260815_200150_9f5a13,2021-07-28,600663.SH,800,800,155.382825,153.1992,-1746.9,40
20260815_200150_9f5a13,2021-07-28,000828.SZ,2900,2900,42.499568,39.47604,-8768.2312,40
20260815_200150_9f5a13,2021-07-28,603808.SH,3700,3700,34.815257,32.2335,-9552.5009,40
20260815_200150_9f5a13,2021-07-28,603001.SH,10900,10900,12.12459,11.16225,-10489.506,40
20260815_200150_9f5a13,2021-07-28,000595.SZ,8500,8500,12.311213,13.28744,8297.9295,40
20260815_200150_9f5a13,2021-07-28,000036.SZ,2400,2400,52.478329,49.93485,-6104.3496,22
20260815_200150_9f5a13,2021-07-29,600479.SH,1000,1000,121.137864,113.32607,-7811.794,41
20260815_200150_9f5a13,2021-07-29,002347.SZ,7600,7600,16.430127,16.9033,3596.1148,41
20260815_200150_9f5a13,2021-07-29,600663.SH,800,800,155.382825,154.5256,-685.78,41
20260815_200150_9f5a13,2021-07-29,000828.SZ,2900,2900,42.499568,39.92892,-7454.8792,41
20260815_200150_9f5a13,2021-07-29,603808.SH,3700,3700,34.815257,32.25525,-9472.0259,41
20260815_200150_9f5a13,2021-07-29,603001.SH,10900,10900,12.12459,11.3652,-8277.351,41
20260815_200150_9f5a13,2021-07-29,000595.SZ,8500,8500,12.311213,13.28744,8297.9295,41
20260815_200150_9f5a13,2021-07-29,000036.SZ,2400,2400,52.478329,49.5594,-7005.4296,23
20260815_200150_9f5a13,2021-07-30,600479.SH,1000,1000,121.137864,113.88091,-7256.954,42
20260815_200150_9f5a13,2021-07-30,002347.SZ,7600,7600,16.430127,17.57157,8674.9668,42
20260815_200150_9f5a13,2021-07-30,600663.SH,800,800,155.382825,153.99504,-1110.228,42
20260815_200150_9f5a13,2021-07-30,000828.SZ,2900,2900,42.499568,39.66474,-8221.0012,42
20260815_200150_9f5a13,2021-07-30,603808.SH,3700,3700,34.815257,31.5375,-12127.7009,42
20260815_200150_9f5a13,2021-07-30,603001.SH,10900,10900,12.12459,11.06754,-11521.845,42
20260815_200150_9f5a13,2021-07-30,000595.SZ,8500,8500,12.311213,13.18828,7455.0695,42
20260815_200150_9f5a13,2021-07-30,000036.SZ,2400,2400,52.478329,49.5594,-7005.4296,24
20260815_200150_9f5a13,2021-08-02,600479.SH,1000,1000,121.137864,115.26801,-5869.854,43
20260815_200150_9f5a13,2021-08-02,002347.SZ,6800,6800,16.430127,18.20053,12038.7404,43
20260815_200150_9f5a13,2021-08-02,600663.SH,800,800,155.382825,153.99504,-1110.228,43
20260815_200150_9f5a13,2021-08-02,000828.SZ,2900,2900,42.499568,40.11762,-6907.6492,43
20260815_200150_9f5a13,2021-08-02,000595.SZ,8900,8500,12.342448,13.28744,8410.4288,43
20260815_200150_9f5a13,2021-08-02,000036.SZ,2400,2400,52.478329,49.3091,-7606.1496,25
20260815_200150_9f5a13,2021-08-02,601139.SH,6800,0,17.347292,17.32563,-147.3016,1
20260815_200150_9f5a13,2021-08-02,600068.SH,2200,0,52.715616,52.84032,274.3488,1
20260815_200150_9f5a13,2021-08-03,600479.SH,1000,1000,121.137864,115.26801,-5869.854,44
20260815_200150_9f5a13,2021-08-03,002347.SZ,6800,6800,16.430127,18.23984,12306.0484,44
20260815_200150_9f5a13,2021-08-03,600663.SH,800,800,155.382825,153.33184,-1640.788,44
20260815_200150_9f5a13,2021-08-03,000828.SZ,2900,2900,42.499568,39.89118,-7564.3252,44
20260815_200150_9f5a13,2021-08-03,000595.SZ,8900,8900,12.342448,13.03954,6204.1188,44
20260815_200150_9f5a13,2021-08-03,000036.SZ,2400,2400,52.478329,49.68455,-6705.0696,26
20260815_200150_9f5a13,2021-08-03,601139.SH,6800,6800,17.347292,19.05579,11617.7864,2
20260815_200150_9f5a13,2021-08-03,600068.SH,2200,2200,52.715616,54.04701,2929.0668,2
20260815_200150_9f5a13,2021-08-04,600479.SH,1000,1000,121.137864,115.1293,-6008.564,45
20260815_200150_9f5a13,2021-08-04,002347.SZ,6800,6800,16.430127,18.63294,14979.1284,45
20260815_200150_9f5a13,2021-08-04,600663.SH,800,800,155.382825,152.93392,-1959.124,45
20260815_200150_9f5a13,2021-08-04,000828.SZ,2900,2900,42.499568,40.49502,-5813.1892,45
20260815_200150_9f5a13,2021-08-04,000595.SZ,8900,8900,12.342448,13.03954,6204.1188,45
20260815_200150_9f5a13,2021-08-04,000036.SZ,2400,2400,52.478329,50.18515,-5503.6296,27
20260815_200150_9f5a13,2021-08-04,601139.SH,6800,6800,17.347292,20.95416,24526.7024,3
20260815_200150_9f5a13,2021-08-04,600068.SH,2200,2200,52.715616,54.55509,4046.8428,3
20260815_200150_9f5a13,2021-08-05,600479.SH,1000,1000,121.137864,114.01962,-7118.244,46
20260815_200150_9f5a13,2021-08-05,002347.SZ,6800,6800,16.430127,18.59363,14711.8204,46
20260815_200150_9f5a13,2021-08-05,600663.SH,800,800,155.382825,151.34224,-3232.468,46
20260815_200150_9f5a13,2021-08-05,000828.SZ,2900,2900,42.499568,40.68372,-5265.9592,46
20260815_200150_9f5a13,2021-08-05,000595.SZ,8900,8900,12.342448,13.28744,8410.4288,46
20260815_200150_9f5a13,2021-08-05,000036.SZ,2400,2400,52.478329,50.93605,-3701.4696,28
20260815_200150_9f5a13,2021-08-05,601139.SH,6800,6800,17.347292,23.04477,38742.8504,4
20260815_200150_9f5a13,2021-08-05,600068.SH,2200,2200,52.715616,55.82529,6841.2828,4
20260815_200150_9f5a13,2021-08-06,600479.SH,1000,1000,121.137864,112.90994,-8227.924,47
20260815_200150_9f5a13,2021-08-06,002347.SZ,6800,6800,16.430127,18.63294,14979.1284,47
20260815_200150_9f5a13,2021-08-06,600663.SH,800,800,155.382825,150.28112,-4081.364,47
20260815_200150_9f5a13,2021-08-06,000828.SZ,2900,2900,42.499568,40.53276,-5703.7432,47
20260815_200150_9f5a13,2021-08-06,000595.SZ,8900,8900,12.342448,13.28744,8410.4288,47
20260815_200150_9f5a13,2021-08-06,000036.SZ,2400,2400,52.478329,49.68455,-6705.0696,29
20260815_200150_9f5a13,2021-08-06,601139.SH,6800,6800,17.347292,24.7509,50344.5344,5
20260815_200150_9f5a13,2021-08-06,600068.SH,2200,2200,52.715616,61.41417,19136.8188,5
20260815_200150_9f5a13,2021-08-09,600479.SH,1000,1000,121.137864,113.60349,-7534.374,48
20260815_200150_9f5a13,2021-08-09,002347.SZ,6800,6800,16.430127,19.2619,19256.0564,48
20260815_200150_9f5a13,2021-08-09,600663.SH,800,800,155.382825,152.40336,-2383.572,48
20260815_200150_9f5a13,2021-08-09,000828.SZ,2900,2900,42.499568,40.72146,-5156.5132,48
20260815_200150_9f5a13,2021-08-09,000595.SZ,8900,8900,12.342448,13.1387,7086.6428,48
20260815_200150_9f5a13,2021-08-09,000036.SZ,2400,2400,52.478329,49.5594,-7005.4296,30
20260815_200150_9f5a13,2021-08-09,601139.SH,6800,6800,17.347292,22.63626,35964.9824,6
20260815_200150_9f5a13,2021-08-09,600068.SH,2200,2200,52.715616,59.63589,15224.6028,6
20260815_200150_9f5a13,2021-08-10,600479.SH,1000,1000,121.137864,113.88091,-7256.954,49
20260815_200150_9f5a13,2021-08-10,002347.SZ,6800,6800,16.430127,19.22259,18988.7484,49
20260815_200150_9f5a13,2021-08-10,600663.SH,800,800,155.382825,153.46448,-1534.676,49
20260815_200150_9f5a13,2021-08-10,000828.SZ,2900,2900,42.499568,41.06112,-4171.4992,49
20260815_200150_9f5a13,2021-08-10,000595.SZ,8900,8900,12.342448,13.28744,8410.4288,49
20260815_200150_9f5a13,2021-08-10,000036.SZ,2400,2400,52.478329,49.18395,-7906.5096,31
20260815_200150_9f5a13,2021-08-10,601139.SH,6800,6800,17.347292,24.89508,51324.9584,7
20260815_200150_9f5a13,2021-08-10,600068.SH,2200,2200,52.715616,60.84258,17879.3208,7
20260815_200150_9f5a13,2021-08-11,600479.SH,1000,1000,121.137864,112.90994,-8227.924,50
20260815_200150_9f5a13,2021-08-11,002347.SZ,6800,6800,16.430127,19.14397,18454.1324,50
20260815_200150_9f5a13,2021-08-11,600663.SH,800,800,155.382825,155.1888,-155.22,50
20260815_200150_9f5a13,2021-08-11,000828.SZ,2900,2900,42.499568,41.02338,-4280.9452,50
20260815_200150_9f5a13,2021-08-11,000595.SZ,8900,8900,12.342448,13.48576,10175.4768,50
20260815_200150_9f5a13,2021-08-11,000036.SZ,2400,2400,52.478329,49.3091,-7606.1496,32
20260815_200150_9f5a13,2021-08-11,601139.SH,6800,6800,17.347292,24.63075,49527.5144,8
20260815_200150_9f5a13,2021-08-11,600068.SH,2200,2200,52.715616,60.84258,17879.3208,8
20260815_200150_9f5a13,2021-08-12,600479.SH,1000,1000,121.137864,113.18736,-7950.504,51
20260815_200150_9f5a13,2021-08-12,002347.SZ,6800,6800,16.430127,19.10466,18186.8244,51
20260815_200150_9f5a13,2021-08-12,600663.SH,800,800,155.382825,156.24992,693.676,51
20260815_200150_9f5a13,2021-08-12,000828.SZ,2900,2900,42.499568,40.9479,-4499.8372,51
20260815_200150_9f5a13,2021-08-12,000595.SZ,8900,8900,12.342448,13.18828,7527.9048,51
20260815_200150_9f5a13,2021-08-12,000036.SZ,2400,2400,52.478329,49.68455,-6705.0696,33
20260815_200150_9f5a13,2021-08-12,601139.SH,6800,6800,17.347292,23.21298,39886.6784,9
20260815_200150_9f5a13,2021-08-12,600068.SH,2200,2200,52.715616,56.5239,8378.2248,9
20260815_200150_9f5a13,2021-08-13,600479.SH,1000,1000,121.137864,113.18736,-7950.504,52
20260815_200150_9f5a13,2021-08-13,002347.SZ,6800,6800,16.430127,19.30121,19523.3644,52
20260815_200150_9f5a13,2021-08-13,600663.SH,800,800,155.382825,158.37216,2391.468,52
20260815_200150_9f5a13,2021-08-13,000828.SZ,2900,2900,42.499568,42.41976,-231.4432,52
20260815_200150_9f5a13,2021-08-13,000595.SZ,8900,8900,12.342448,13.18828,7527.9048,52
20260815_200150_9f5a13,2021-08-13,000036.SZ,2400,2400,52.478329,49.68455,-6705.0696,34
20260815_200150_9f5a13,2021-08-13,601139.SH,6800,6800,17.347292,25.54389,55736.8664,10
20260815_200150_9f5a13,2021-08-13,600068.SH,2200,2200,52.715616,55.50774,6142.6728,10
20260815_200150_9f5a13,2021-08-16,600479.SH,1000,1000,121.137864,113.88091,-7256.954,53
20260815_200150_9f5a13,2021-08-16,002347.SZ,6800,6800,16.430127,19.06535,17919.5164,53
20260815_200150_9f5a13,2021-08-16,600663.SH,800,800,155.382825,158.23952,2285.356,53
20260815_200150_9f5a13,2021-08-16,000828.SZ,2900,2900,42.499568,42.2688,-669.2272,53
20260815_200150_9f5a13,2021-08-16,000595.SZ,8900,8900,12.342448,13.03954,6204.1188,53
20260815_200150_9f5a13,2021-08-16,000036.SZ,2400,2400,52.478329,49.93485,-6104.3496,35
20260815_200150_9f5a13,2021-08-16,601139.SH,6800,6800,17.347292,27.12987,66521.5304,11
20260815_200150_9f5a13,2021-08-16,600068.SH,2200,2200,52.715616,55.8888,6981.0048,11
20260815_200150_9f5a13,2021-08-17,600479.SH,1000,1000,121.137864,112.3551,-8782.764,54
20260815_200150_9f5a13,2021-08-17,002347.SZ,6800,6800,16.430127,18.43639,13642.5884,54
20260815_200150_9f5a13,2021-08-17,600663.SH,800,800,155.382825,155.32144,-49.108,54
20260815_200150_9f5a13,2021-08-17,000828.SZ,2900,2900,42.499568,41.3253,-3405.3772,54
20260815_200150_9f5a13,2021-08-17,000595.SZ,8900,8900,12.342448,12.44458,908.9748,54
20260815_200150_9f5a13,2021-08-17,000036.SZ,2400,2400,52.478329,48.3079,-10009.0296,36
20260815_200150_9f5a13,2021-08-17,601139.SH,6800,6800,17.347292,24.7509,50344.5344,12
20260815_200150_9f5a13,2021-08-17,600068.SH,2200,2200,52.715616,57.73059,11032.9428,12
20260815_200150_9f5a13,2021-08-18,600479.SH,1000,1000,121.137864,112.63252,-8505.344,55
20260815_200150_9f5a13,2021-08-18,002347.SZ,6800,6800,16.430127,18.71156,15513.7444,55
20260815_200150_9f5a13,2021-08-18,600663.SH,800,800,155.382825,156.38256,799.788,55
20260815_200150_9f5a13,2021-08-18,000828.SZ,2900,2900,42.499568,42.6462,425.2328,55
20260815_200150_9f5a13,2021-08-18,000595.SZ,8900,8900,12.342448,12.59332,2232.7608,55
20260815_200150_9f5a13,2021-08-18,000036.SZ,2400,2400,52.478329,47.3067,-12411.9096,37
20260815_200150_9f5a13,2021-08-18,601139.SH,6800,6800,17.347292,26.38494,61456.0064,13
20260815_200150_9f5a13,2021-08-18,600068.SH,2200,2200,52.715616,57.73059,11032.9428,13
20260815_200150_9f5a13,2021-08-19,600479.SH,1100,1000,120.402704,113.60349,-7479.1354,56
20260815_200150_9f5a13,2021-08-19,002347.SZ,6800,6800,16.430127,18.67225,15246.4364,56
20260815_200150_9f5a13,2021-08-19,600663.SH,800,800,155.382825,153.59712,-1428.564,56
20260815_200150_9f5a13,2021-08-19,000828.SZ,3000,2900,42.492378,42.30654,-557.514,56
20260815_200150_9f5a13,2021-08-19,000595.SZ,10100,8900,12.368227,12.395,270.4073,56
20260815_200150_9f5a13,2021-08-19,601139.SH,4800,4800,17.347292,23.7897,30923.5584,14
20260815_200150_9f5a13,2021-08-19,600068.SH,2200,2200,52.715616,56.90496,9216.5568,14
20260815_200150_9f5a13,2021-08-19,000685.SZ,900,0,129.548916,127.72252,-1643.7564,1
20260815_200150_9f5a13,2021-08-20,600479.SH,1100,1100,120.402704,112.49381,-8699.7834,57
20260815_200150_9f5a13,2021-08-20,002347.SZ,6800,6800,16.430127,18.71156,15513.7444,57
20260815_200150_9f5a13,2021-08-20,600663.SH,800,800,155.382825,152.93392,-1959.124,57
20260815_200150_9f5a13,2021-08-20,000828.SZ,3000,3000,42.492378,42.30654,-557.514,57
20260815_200150_9f5a13,2021-08-20,000595.SZ,10100,10100,12.368227,12.49416,1271.9233,57
20260815_200150_9f5a13,2021-08-20,601139.SH,4800,4800,17.347292,22.73238,25848.4224,15
20260815_200150_9f5a13,2021-08-20,600068.SH,2200,2200,52.715616,57.34953,10194.6108,15
20260815_200150_9f5a13,2021-08-20,000685.SZ,900,900,129.548916,126.96587,-2324.7414,2
20260815_200150_9f5a13,2021-08-23,600479.SH,1100,1100,120.402704,112.90994,-8242.0404,58
20260815_200150_9f5a13,2021-08-23,002347.SZ,6800,6800,16.430127,19.85155,23265.6764,58
20260815_200150_9f5a13,2021-08-23,600663.SH,800,800,155.382825,152.40336,-2383.572,58
20260815_200150_9f5a13,2021-08-23,000828.SZ,3000,3000,42.492378,41.96688,-1576.494,58
20260815_200150_9f5a13,2021-08-23,000595.SZ,10100,10100,12.368227,13.18828,8282.5353,58
20260815_200150_9f5a13,2021-08-23,601139.SH,4800,4800,17.347292,23.28507,28501.3344,16
20260815_200150_9f5a13,2021-08-23,600068.SH,2200,2200,52.715616,58.61973,12989.0508,16
20260815_200150_9f5a13,2021-08-23,000685.SZ,900,900,129.548916,127.57119,-1779.9534,3
20260815_200150_9f5a13,2021-08-24,600479.SH,1100,1100,120.402704,113.88091,-7173.9734,59
20260815_200150_9f5a13,2021-08-24,002347.SZ,6800,6800,16.430127,19.77293,22731.0604,59
20260815_200150_9f5a13,2021-08-24,600663.SH,800,800,155.382825,152.536,-2277.46,59
20260815_200150_9f5a13,2021-08-24,000828.SZ,3000,3000,42.492378,41.77818,-2142.594,59
20260815_200150_9f5a13,2021-08-24,000595.SZ,10100,10100,12.368227,13.53534,11787.8413,59
20260815_200150_9f5a13,2021-08-24,601139.SH,4800,4800,17.347292,24.41448,33922.5024,17
20260815_200150_9f5a13,2021-08-24,600068.SH,2200,2200,52.715616,58.04814,11731.5528,17
20260815_200150_9f5a13,2021-08-24,000685.SZ,900,900,129.548916,130.59779,943.9866,4
20260815_200150_9f5a13,2021-08-25,600479.SH,1100,1100,120.402704,115.96156,-4885.2584,60
20260815_200150_9f5a13,2021-08-25,002347.SZ,6800,6800,16.430127,19.93017,23800.2924,60
20260815_200150_9f5a13,2021-08-25,600663.SH,800,800,155.382825,153.06656,-1853.012,60
20260815_200150_9f5a13,2021-08-25,000828.SZ,3000,3000,42.492378,42.19332,-897.174,60
20260815_200150_9f5a13,2021-08-25,000595.SZ,10100,10100,12.368227,13.43618,10786.3253,60
20260815_200150_9f5a13,2021-08-25,601139.SH,4800,4800,17.347292,26.09658,41996.5824,18
20260815_200150_9f5a13,2021-08-25,600068.SH,2200,2200,52.715616,59.0643,13967.1048,18
20260815_200150_9f5a13,2021-08-25,000685.SZ,900,900,129.548916,129.38715,-145.5894,5
20260815_200150_9f5a13,2021-08-26,601139.SH,4900,4800,17.526515,26.433,43641.7765,19
20260815_200150_9f5a13,2021-08-26,600068.SH,2200,2200,52.715616,58.4292,12569.8848,19
20260815_200150_9f5a13,2021-08-26,000685.SZ,1000,900,129.533764,129.84114,307.376,6
20260815_200150_9f5a13,2021-08-26,601107.SH,30500,0,4.262162,4.28328,644.099,1
20260815_200150_9f5a13,2021-08-26,600881.SH,800,0,146.620884,146.4378,-146.4672,1
20260815_200150_9f5a13,2021-08-26,601989.SH,18300,0,7.102719,7.22865,2304.5373,1
20260815_200150_9f5a13,2021-08-26,600561.SH,9800,0,13.166361,13.48424,3115.2142,1
20260815_200150_9f5a13,2021-08-26,002830.SZ,5900,0,21.825974,21.75696,-407.1826,1
20260815_200150_9f5a13,2021-08-27,601139.SH,4900,4900,17.526515,26.26479,42817.5475,20
20260815_200150_9f5a13,2021-08-27,600068.SH,2200,2200,52.715616,58.61973,12989.0508,20
20260815_200150_9f5a13,2021-08-27,000685.SZ,1000,1000,129.533764,131.05178,1518.016,7
20260815_200150_9f5a13,2021-08-27,601107.SH,30500,30500,4.262162,4.25684,-162.321,2
20260815_200150_9f5a13,2021-08-27,600881.SH,800,800,146.620884,145.49304,-902.2752,2
20260815_200150_9f5a13,2021-08-27,601989.SH,18300,18300,7.102719,7.077,-470.6577,2
20260815_200150_9f5a13,2021-08-27,600561.SH,9800,9800,13.166361,13.53996,3661.2702,2
20260815_200150_9f5a13,2021-08-27,002830.SZ,5900,5900,21.825974,22.32072,2919.0014,2
20260815_200150_9f5a13,2021-08-30,601139.SH,4900,4900,17.526515,27.32211,47998.4155,21
20260815_200150_9f5a13,2021-08-30,600068.SH,2200,2200,52.715616,58.87377,13547.9388,21
20260815_200150_9f5a13,2021-08-30,000685.SZ,1000,1000,129.533764,128.47917,-1054.594,8
20260815_200150_9f5a13,2021-08-30,601107.SH,30500,30500,4.262162,4.2304,-968.741,3
20260815_200150_9f5a13,2021-08-30,600881.SH,800,800,146.620884,143.60352,-2413.8912,3
20260815_200150_9f5a13,2021-08-30,601989.SH,18300,18300,7.102719,7.0096,-1704.0777,3
20260815_200150_9f5a13,2021-08-30,600561.SH,9800,9800,13.166361,13.26136,930.9902,3
20260815_200150_9f5a13,2021-08-30,002830.SZ,5900,5900,21.825974,21.25584,-3363.7906,3
20260815_200150_9f5a13,2021-08-31,601139.SH,4900,4900,17.526515,25.92837,41169.0895,22
20260815_200150_9f5a13,2021-08-31,600068.SH,2200,2200,52.715616,59.38185,14665.7148,22
20260815_200150_9f5a13,2021-08-31,000685.SZ,1000,1000,129.533764,134.6837,5149.936,9
20260815_200150_9f5a13,2021-08-31,601107.SH,30500,30500,4.262162,4.27006,240.889,4
20260815_200150_9f5a13,2021-08-31,600881.SH,800,800,146.620884,145.96542,-524.3712,4
20260815_200150_9f5a13,2021-08-31,601989.SH,18300,18300,7.102719,7.36345,4771.3773,4
20260815_200150_9f5a13,2021-08-31,600561.SH,9800,9800,13.166361,14.09716,9121.8302,4
20260815_200150_9f5a13,2021-08-31,002830.SZ,5900,5900,21.825974,21.48552,-2008.6786,4
20260815_200150_9f5a13,2021-09-01,601139.SH,4900,4900,17.526515,24.48657,34104.2695,23
20260815_200150_9f5a13,2021-09-01,600068.SH,2200,2200,52.715616,63.06543,22769.5908,23
20260815_200150_9f5a13,2021-09-01,000685.SZ,1000,1000,129.533764,136.65099,7117.226,10
20260815_200150_9f5a13,2021-09-01,601107.SH,30500,30500,4.262162,4.2965,1047.309,5
20260815_200150_9f5a13,2021-09-01,600881.SH,800,800,146.620884,148.7997,1743.0528,5
20260815_200150_9f5a13,2021-09-01,601989.SH,18300,18300,7.102719,7.5825,8779.9923,5
20260815_200150_9f5a13,2021-09-01,600561.SH,9800,9800,13.166361,13.90214,7210.6342,5
20260815_200150_9f5a13,2021-09-01,002830.SZ,5900,5900,21.825974,22.6548,4890.0734,5
20260815_200150_9f5a13,2021-09-02,601139.SH,4900,4900,17.526515,26.93763,46114.4635,24
20260815_200150_9f5a13,2021-09-02,600068.SH,2200,2200,52.715616,63.06543,22769.5908,24
20260815_200150_9f5a13,2021-09-02,000685.SZ,1000,1000,129.533764,138.01296,8479.196,11
20260815_200150_9f5a13,2021-09-02,601107.SH,30500,30500,4.262162,4.38904,3869.779,6
20260815_200150_9f5a13,2021-09-02,600881.SH,800,800,146.620884,150.21684,2876.7648,6
20260815_200150_9f5a13,2021-09-02,601989.SH,18300,18300,7.102719,7.53195,7854.9273,6
20260815_200150_9f5a13,2021-09-02,600561.SH,9800,9800,13.166361,14.04144,8575.7742,6
20260815_200150_9f5a13,2021-09-02,002830.SZ,5900,5900,21.825974,22.0284,1194.3134,6
20260815_200150_9f5a13,2021-09-03,601139.SH,4900,4900,17.526515,27.3942,48351.6565,25
20260815_200150_9f5a13,2021-09-03,600068.SH,2200,2200,52.715616,63.06543,22769.5908,25
20260815_200150_9f5a13,2021-09-03,000685.SZ,1000,1000,129.533764,137.40764,7873.876,12
20260815_200150_9f5a13,2021-09-03,601107.SH,30500,30500,4.262162,4.38904,3869.779,7
20260815_200150_9f5a13,2021-09-03,600881.SH,800,800,146.620884,150.21684,2876.7648,7
20260815_200150_9f5a13,2021-09-03,601989.SH,18300,18300,7.102719,7.3129,3846.3123,7
20260815_200150_9f5a13,2021-09-03,600561.SH,9800,9800,13.166361,13.90214,7210.6342,7
20260815_200150_9f5a13,2021-09-03,002830.SZ,5900,5900,21.825974,21.69432,-776.7586,7
20260815_200150_9f5a13,2021-09-06,601139.SH,4900,4900,17.526515,30.13362,61774.8145,26
20260815_200150_9f5a13,2021-09-06,600068.SH,2200,2200,52.715616,63.06543,22769.5908,26
20260815_200150_9f5a13,2021-09-06,000685.SZ,1000,1000,129.533764,137.55897,8025.206,13
20260815_200150_9f5a13,2021-09-06,601107.SH,30500,30500,4.262162,4.38904,3869.779,8
20260815_200150_9f5a13,2021-09-06,600881.SH,800,800,146.620884,149.27208,2120.9568,8
20260815_200150_9f5a13,2021-09-06,601989.SH,18300,18300,7.102719,7.414,5696.4423,8
20260815_200150_9f5a13,2021-09-06,600561.SH,9800,9800,13.166361,14.26432,10759.9982,8
20260815_200150_9f5a13,2021-09-06,002830.SZ,5900,5900,21.825974,23.86584,12035.2094,8
20260815_200150_9f5a13,2021-09-07,601139.SH,4900,4900,17.526515,30.92661,65660.4655,27
20260815_200150_9f5a13,2021-09-07,600068.SH,2200,2200,52.715616,63.06543,22769.5908,27
20260815_200150_9f5a13,2021-09-07,000685.SZ,1000,1000,129.533764,139.82892,10295.156,14
20260815_200150_9f5a13,2021-09-07,601107.SH,30500,30500,4.262162,4.46836,6289.039,9
20260815_200150_9f5a13,2021-09-07,600881.SH,800,800,146.620884,149.74446,2498.8608,9
20260815_200150_9f5a13,2021-09-07,601989.SH,18300,18300,7.102719,7.7847,12480.2523,9
20260815_200150_9f5a13,2021-09-07,600561.SH,9800,9800,13.166361,14.2086,10213.9422,9
20260815_200150_9f5a13,2021-09-07,002830.SZ,5900,5900,21.825974,22.968,6737.9534,9
20260815_200150_9f5a13,2021-09-08,601139.SH,4900,4900,17.526515,30.15765,61892.5615,28
20260815_200150_9f5a13,2021-09-08,600068.SH,2200,2200,52.715616,63.06543,22769.5908,28
20260815_200150_9f5a13,2021-09-08,000685.SZ,1000,1000,129.533764,140.7369,11203.136,15
20260815_200150_9f5a13,2021-09-08,601107.SH,30500,30500,4.262162,4.52124,7901.879,10
20260815_200150_9f5a13,2021-09-08,600881.SH,800,800,146.620884,150.68922,3254.6688,10
20260815_200150_9f5a13,2021-09-08,601989.SH,18300,18300,7.102719,7.83525,13405.3173,10
20260815_200150_9f5a13,2021-09-08,600561.SH,9800,9800,13.166361,15.15584,19496.8942,10
20260815_200150_9f5a13,2021-09-08,002830.SZ,5900,5900,21.825974,22.61304,4643.6894,10
20260815_200150_9f5a13,2021-09-09,601139.SH,4900,4900,17.526515,30.59019,64012.0075,29
20260815_200150_9f5a13,2021-09-09,600068.SH,2200,2200,52.715616,63.06543,22769.5908,29
20260815_200150_9f5a13,2021-09-09,000685.SZ,1000,1000,129.533764,144.21749,14683.726,16
20260815_200150_9f5a13,2021-09-09,601107.SH,30500,30500,4.262162,4.57412,9514.719,11
20260815_200150_9f5a13,2021-09-09,600881.SH,800,800,146.620884,152.57874,4766.2848,11
20260815_200150_9f5a13,2021-09-09,601989.SH,18300,18300,7.102719,8.0543,17413.9323,11
20260815_200150_9f5a13,2021-09-09,600561.SH,9800,9800,13.166361,14.84938,16493.5862,11
20260815_200150_9f5a13,2021-09-09,002830.SZ,5900,5900,21.825974,22.57128,4397.3054,11
20260815_200150_9f5a13,2021-09-10,601139.SH,4900,4900,17.526515,29.50884,58713.3925,30
20260815_200150_9f5a13,2021-09-10,600068.SH,2200,2200,52.715616,63.06543,22769.5908,30
20260815_200150_9f5a13,2021-09-10,000685.SZ,1000,1000,129.533764,142.2502,12716.436,17
20260815_200150_9f5a13,2021-09-10,601107.SH,30500,30500,4.262162,4.46836,6289.039,12
20260815_200150_9f5a13,2021-09-10,600881.SH,800,800,146.620884,154.46826,6277.9008,12
20260815_200150_9f5a13,2021-09-10,601989.SH,18300,18300,7.102719,7.86895,14022.0273,12
20260815_200150_9f5a13,2021-09-10,600561.SH,9800,9800,13.166361,14.43148,12398.1662,12
20260815_200150_9f5a13,2021-09-10,002830.SZ,5900,5900,21.825974,22.09104,1563.8894,12
20260815_200150_9f5a13,2021-09-13,601139.SH,4900,4900,17.526515,29.50884,58713.3925,31
20260815_200150_9f5a13,2021-09-13,600068.SH,2200,2200,52.715616,63.06543,22769.5908,31
20260815_200150_9f5a13,2021-09-13,000685.SZ,1000,1000,129.533764,146.18478,16651.016,18
20260815_200150_9f5a13,2021-09-13,601107.SH,30500,30500,4.262162,4.66666,12337.189,13
20260815_200150_9f5a13,2021-09-13,600881.SH,800,800,146.620884,153.05112,5144.1888,13
20260815_200150_9f5a13,2021-09-13,601989.SH,18300,18300,7.102719,8.17225,19572.4173,13
20260815_200150_9f5a13,2021-09-13,600561.SH,9800,9800,13.166361,15.0444,18404.7822,13
20260815_200150_9f5a13,2021-09-13,002830.SZ,5900,5900,21.825974,22.09104,1563.8894,13
20260815_200150_9f5a13,2021-09-14,601139.SH,4900,4900,17.526515,28.95615,56005.2115,32
20260815_200150_9f5a13,2021-09-14,600068.SH,2200,2200,52.715616,63.06543,22769.5908,32
20260815_200150_9f5a13,2021-09-14,000685.SZ,1000,1000,129.533764,143.61217,14078.406,19
20260815_200150_9f5a13,2021-09-14,601107.SH,30500,30500,4.262162,4.53446,8305.089,14
20260815_200150_9f5a13,2021-09-14,600881.SH,800,800,146.620884,151.1616,3632.5728,14
20260815_200150_9f5a13,2021-09-14,601989.SH,18300,18300,7.102719,7.8184,13096.9623,14
20260815_200150_9f5a13,2021-09-14,600561.SH,9800,9800,13.166361,14.37576,11852.1102,14
20260815_200150_9f5a13,2021-09-14,002830.SZ,5900,5900,21.825974,21.44376,-2255.0626,14
20260815_200150_9f5a13,2021-09-15,601139.SH,4900,4900,17.526515,28.54764,54003.5125,33
20260815_200150_9f5a13,2021-09-15,600068.SH,2200,2200,52.715616,63.06543,22769.5908,33
20260815_200150_9f5a13,2021-09-15,000685.SZ,1000,1000,129.533764,143.46084,13927.076,20
20260815_200150_9f5a13,2021-09-15,601107.SH,30500,30500,4.262162,4.54768,8708.299,15
20260815_200150_9f5a13,2021-09-15,600881.SH,800,800,146.620884,150.21684,2876.7648,15
20260815_200150_9f5a13,2021-09-15,601989.SH,18300,18300,7.102719,7.8184,13096.9623,15
20260815_200150_9f5a13,2021-09-15,600561.SH,9800,9800,13.166361,14.40362,12125.1382,15
20260815_200150_9f5a13,2021-09-15,002830.SZ,5900,5900,21.825974,21.84048,85.5854,15
20260815_200150_9f5a13,2021-09-16,601139.SH,4900,4900,17.526515,28.5957,54239.0065,34
20260815_200150_9f5a13,2021-09-16,600068.SH,2200,2200,52.715616,63.06543,22769.5908,34
20260815_200150_9f5a13,2021-09-16,000685.SZ,1000,1000,129.533764,141.03956,11505.796,21
20260815_200150_9f5a13,2021-09-16,601107.SH,30500,30500,4.262162,4.5609,9111.509,16
20260815_200150_9f5a13,2021-09-16,600881.SH,800,800,146.620884,151.1616,3632.5728,16
20260815_200150_9f5a13,2021-09-16,601989.SH,18300,18300,7.102719,7.6162,9396.7023,16
20260815_200150_9f5a13,2021-09-16,600561.SH,9800,9800,13.166361,14.45934,12671.1942,16
20260815_200150_9f5a13,2021-09-16,002830.SZ,5900,5900,21.825974,21.77784,-283.9906,16
20260815_200150_9f5a13,2021-09-17,601139.SH,4900,4900,17.526515,29.0763,56593.9465,35
20260815_200150_9f5a13,2021-09-17,600068.SH,2200,2200,52.715616,63.06543,22769.5908,35
20260815_200150_9f5a13,2021-09-17,000685.SZ,1000,1000,129.533764,140.13158,10597.816,22
20260815_200150_9f5a13,2021-09-17,601107.SH,30500,30500,4.262162,4.45514,5885.829,17
20260815_200150_9f5a13,2021-09-17,600881.SH,800,800,146.620884,147.85494,987.2448,17
20260815_200150_9f5a13,2021-09-17,601989.SH,18300,18300,7.102719,7.70045,10938.4773,17
20260815_200150_9f5a13,2021-09-17,600561.SH,9800,9800,13.166361,14.12502,9394.8582,17
20260815_200150_9f5a13,2021-09-17,002830.SZ,5900,5900,21.825974,21.42288,-2378.2546,17
20260815_200150_9f5a13,2021-09-22,601139.SH,4900,4900,17.526515,28.81197,55298.7295,36
20260815_200150_9f5a13,2021-09-22,600068.SH,2200,2200,52.715616,63.06543,22769.5908,36
20260815_200150_9f5a13,2021-09-22,000685.SZ,1000,1000,129.533764,141.34222,11808.456,23
20260815_200150_9f5a13,2021-09-22,601107.SH,30500,30500,4.262162,4.61378,10724.349,18
20260815_200150_9f5a13,2021-09-22,600881.SH,800,800,146.620884,148.32732,1365.1488,18
20260815_200150_9f5a13,2021-09-22,601989.SH,18300,18300,7.102719,8.10485,18338.9973,18
20260815_200150_9f5a13,2021-09-22,600561.SH,9800,9800,13.166361,14.2086,10213.9422,18
20260815_200150_9f5a13,2021-09-22,002830.SZ,5900,5900,21.825974,21.06792,-4472.5186,18
20260815_200150_9f5a13,2021-09-23,601139.SH,4900,4900,17.526515,27.34614,48116.1625,37
20260815_200150_9f5a13,2021-09-23,600068.SH,2200,2200,52.715616,63.06543,22769.5908,37
20260815_200150_9f5a13,2021-09-23,000685.SZ,1000,1000,129.533764,148.45473,18920.966,24
20260815_200150_9f5a13,2021-09-23,601107.SH,30500,30500,4.262162,4.66666,12337.189,19
20260815_200150_9f5a13,2021-09-23,600881.SH,800,800,146.620884,151.63398,4010.4768,19
20260815_200150_9f5a13,2021-09-23,601989.SH,18300,18300,7.102719,8.4587,24814.4523,19
20260815_200150_9f5a13,2021-09-23,600561.SH,9800,9800,13.166361,14.59864,14036.3342,19
20260815_200150_9f5a13,2021-09-23,002830.SZ,5900,5900,21.825974,22.40424,3411.7694,19
20260815_200150_9f5a13,2021-09-24,601139.SH,4900,4900,17.526515,26.31285,43053.0415,38
20260815_200150_9f5a13,2021-09-24,600068.SH,2200,2200,52.715616,63.06543,22769.5908,38
20260815_200150_9f5a13,2021-09-24,000685.SZ,1000,1000,129.533764,145.2768,15743.036,25
20260815_200150_9f5a13,2021-09-24,601107.SH,30500,30500,4.262162,4.5609,9111.509,20
20260815_200150_9f5a13,2021-09-24,600881.SH,800,800,146.620884,149.74446,2498.8608,20
20260815_200150_9f5a13,2021-09-24,601989.SH,18300,18300,7.102719,8.23965,20805.8373,20
20260815_200150_9f5a13,2021-09-24,600561.SH,9800,9800,13.166361,14.12502,9394.8582,20
20260815_200150_9f5a13,2021-09-24,002830.SZ,5900,5900,21.825974,21.13056,-4102.9426,20
20260815_200150_9f5a13,2021-09-27,601139.SH,4900,4900,17.526515,26.00046,41522.3305,39
20260815_200150_9f5a13,2021-09-27,600068.SH,2200,2200,52.715616,63.06543,22769.5908,39
20260815_200150_9f5a13,2021-09-27,000685.SZ,1000,1000,129.533764,139.2236,9689.836,26
20260815_200150_9f5a13,2021-09-27,601107.SH,30500,30500,4.262162,4.44192,5482.619,21
20260815_200150_9f5a13,2021-09-27,600881.SH,800,800,146.620884,144.0759,-2035.9872,21
20260815_200150_9f5a13,2021-09-27,601989.SH,18300,18300,7.102719,7.73415,11555.1873,21
20260815_200150_9f5a13,2021-09-27,600561.SH,9800,9800,13.166361,13.48424,3115.2142,21
20260815_200150_9f5a13,2021-09-27,002830.SZ,5900,5900,21.825974,20.2536,-9277.0066,21
20260815_200150_9f5a13,2021-09-28,601139.SH,4900,4900,17.526515,27.37017,48233.9095,40
20260815_200150_9f5a13,2021-09-28,600068.SH,2200,2200,52.715616,63.06543,22769.5908,40
20260815_200150_9f5a13,2021-09-28,000685.SZ,1000,1000,129.533764,144.97414,15440.376,27
20260815_200150_9f5a13,2021-09-28,601107.SH,30500,30500,4.262162,4.53446,8305.089,22
20260815_200150_9f5a13,2021-09-28,600881.SH,800,800,146.620884,144.0759,-2035.9872,22
20260815_200150_9f5a13,2021-09-28,601989.SH,18300,18300,7.102719,7.751,11863.5423,22
20260815_200150_9f5a13,2021-09-28,600561.SH,9800,9800,13.166361,13.67926,5026.4102,22
20260815_200150_9f5a13,2021-09-28,002830.SZ,5900,5900,21.825974,20.29536,-9030.6226,22
20260815_200150_9f5a13,2021-09-29,601139.SH,4900,4900,17.526515,24.63075,34810.7515,41
20260815_200150_9f5a13,2021-09-29,600068.SH,2200,2200,52.715616,63.06543,22769.5908,41
20260815_200150_9f5a13,2021-09-29,000685.SZ,1000,1000,129.533764,139.67759,10143.826,28
20260815_200150_9f5a13,2021-09-29,601107.SH,30500,30500,4.262162,4.45514,5885.829,23
20260815_200150_9f5a13,2021-09-29,600881.SH,800,800,146.620884,141.24162,-4303.4112,23
20260815_200150_9f5a13,2021-09-29,601989.SH,18300,18300,7.102719,7.414,5696.4423,23
20260815_200150_9f5a13,2021-09-29,600561.SH,9800,9800,13.166361,13.06634,-980.2058,23
20260815_200150_9f5a13,2021-09-29,002830.SZ,5900,5900,21.825974,19.87776,-11494.4626,23
20260815_200150_9f5a13,2021-09-30,601139.SH,5300,4900,17.997821,24.63075,35154.5237,42
20260815_200150_9f5a13,2021-09-30,600068.SH,2200,2200,52.715616,63.06543,22769.5908,42
20260815_200150_9f5a13,2021-09-30,000685.SZ,1000,1000,129.533764,140.58557,11051.806,29
20260815_200150_9f5a13,2021-09-30,601107.SH,29400,29400,4.262162,4.48158,6450.8892,24
20260815_200150_9f5a13,2021-09-30,600881.SH,900,800,146.042809,139.82448,-5596.4961,24
20260815_200150_9f5a13,2021-09-30,601989.SH,17700,17700,7.102719,7.43085,5807.9187,24
20260815_200150_9f5a13,2021-09-30,600561.SH,10000,9800,13.166361,14.37576,12093.99,24
20260815_200150_9f5a13,2021-09-30,600900.SH,1700,0,73.48496,72.732,-1280.032,1
20260815_200150_9f5a13,2021-10-08,601139.SH,5300,5300,17.997821,25.15941,37956.4217,43
20260815_200150_9f5a13,2021-10-08,600068.SH,2200,2200,52.715616,63.06543,22769.5908,43
20260815_200150_9f5a13,2021-10-08,000685.SZ,1000,1000,129.533764,148.60606,19072.296,30
20260815_200150_9f5a13,2021-10-08,601107.SH,29400,29400,4.262162,4.53446,8005.5612,25
20260815_200150_9f5a13,2021-10-08,600881.SH,900,900,146.042809,148.32732,2056.0599,25
20260815_200150_9f5a13,2021-10-08,601989.SH,17700,17700,7.102719,7.53195,7597.3887,25
20260815_200150_9f5a13,2021-10-08,600561.SH,10000,10000,13.166361,14.84938,16830.19,25
20260815_200150_9f5a13,2021-10-08,600900.SH,1700,1700,73.48496,72.5667,-1561.042,2
20260815_200150_9f5a13,2021-10-11,601139.SH,5300,5300,17.997821,24.36642,33753.5747,44
20260815_200150_9f5a13,2021-10-11,600068.SH,2200,2200,52.715616,63.06543,22769.5908,44
20260815_200150_9f5a13,2021-10-11,000685.SZ,1000,1000,129.533764,140.13158,10597.816,31
20260815_200150_9f5a13,2021-10-11,601107.SH,29400,29400,4.262162,4.58734,9560.2332,26
20260815_200150_9f5a13,2021-10-11,600881.SH,900,900,146.042809,162.9711,15235.4619,26
20260815_200150_9f5a13,2021-10-11,601989.SH,17700,17700,7.102719,7.46455,6404.4087,26
20260815_200150_9f5a13,2021-10-11,600561.SH,10000,10000,13.166361,15.0444,18780.39,26
20260815_200150_9f5a13,2021-10-11,600900.SH,1700,1700,73.48496,71.47572,-3415.708,3
20260815_200150_9f5a13,2021-10-12,601139.SH,5300,5300,17.997821,23.5494,29423.3687,45
20260815_200150_9f5a13,2021-10-12,600068.SH,2200,2200,52.715616,63.06543,22769.5908,45
20260815_200150_9f5a13,2021-10-12,000685.SZ,1000,1000,129.533764,137.7103,8176.536,32
20260815_200150_9f5a13,2021-10-12,601107.SH,29400,29400,4.262162,4.50802,7228.2252,27
20260815_200150_9f5a13,2021-10-12,600881.SH,900,900,146.042809,173.83584,25013.7279,27
20260815_200150_9f5a13,2021-10-12,601989.SH,17700,17700,7.102719,7.1781,1334.2437,27
20260815_200150_9f5a13,2021-10-12,600561.SH,10000,10000,13.166361,14.65436,14879.99,27
20260815_200150_9f5a13,2021-10-12,600900.SH,1700,1700,73.48496,70.51698,-5045.566,4
20260815_200150_9f5a13,2021-10-13,601139.SH,5300,5300,17.997821,22.66029,24711.0857,46
20260815_200150_9f5a13,2021-10-13,600068.SH,2200,2200,52.715616,63.06543,22769.5908,46
20260815_200150_9f5a13,2021-10-13,000685.SZ,1000,1000,129.533764,134.22971,4695.946,33
20260815_200150_9f5a13,2021-10-13,601107.SH,29400,29400,4.262162,4.5609,8782.8972,28
20260815_200150_9f5a13,2021-10-13,600881.SH,900,900,146.042809,178.08726,28840.0059,28
20260815_200150_9f5a13,2021-10-13,601989.SH,17700,17700,7.102719,7.2455,2527.2237,28
20260815_200150_9f5a13,2021-10-13,600561.SH,10000,10000,13.166361,14.3479,11815.39,28
20260815_200150_9f5a13,2021-10-13,600900.SH,1700,1700,73.48496,68.9301,-7743.262,5
20260815_200150_9f5a13,2021-10-14,601139.SH,5300,5300,17.997821,23.16492,27385.6247,47
20260815_200150_9f5a13,2021-10-14,600068.SH,2200,2200,52.715616,63.06543,22769.5908,47
20260815_200150_9f5a13,2021-10-14,000685.SZ,1000,1000,129.533764,133.32173,3787.966,34
20260815_200150_9f5a13,2021-10-14,601107.SH,29400,29400,4.262162,4.6931,12669.5772,29
20260815_200150_9f5a13,2021-10-14,600881.SH,900,900,146.042809,196.0377,44995.4019,29
20260815_200150_9f5a13,2021-10-14,601989.SH,17700,17700,7.102719,7.22865,2228.9787,29
20260815_200150_9f5a13,2021-10-14,600561.SH,10000,10000,13.166361,14.0693,9029.39,29
20260815_200150_9f5a13,2021-10-14,600900.SH,1700,1700,73.48496,68.36808,-8698.696,6
20260815_200150_9f5a13,2021-10-15,601139.SH,5300,5300,17.997821,23.26104,27895.0607,48
20260815_200150_9f5a13,2021-10-15,600068.SH,2200,2200,52.715616,63.06543,22769.5908,48
20260815_200150_9f5a13,2021-10-15,000685.SZ,1000,1000,129.533764,131.95976,2425.996,35
20260815_200150_9f5a13,2021-10-15,601107.SH,29400,29400,4.262162,4.6931,12669.5772,30
20260815_200150_9f5a13,2021-10-15,600881.SH,900,900,146.042809,195.56532,44570.2599,30
20260815_200150_9f5a13,2021-10-15,601989.SH,17700,17700,7.102719,7.16125,1035.9987,30
20260815_200150_9f5a13,2021-10-15,600561.SH,10000,10000,13.166361,13.84642,6800.59,30
20260815_200150_9f5a13,2021-10-15,600900.SH,1700,1700,73.48496,68.9301,-7743.262,7
20260815_200150_9f5a13,2021-10-18,601139.SH,5300,5300,17.997821,23.64552,29932.8047,49
20260815_200150_9f5a13,2021-10-18,600068.SH,2200,2200,52.715616,63.06543,22769.5908,49
20260815_200150_9f5a13,2021-10-18,000685.SZ,1000,1000,129.533764,134.07838,4544.616,36
20260815_200150_9f5a13,2021-10-18,601107.SH,29400,29400,4.262162,4.71954,13446.9132,31
20260815_200150_9f5a13,2021-10-18,600881.SH,900,900,146.042809,185.64534,35642.2779,31
20260815_200150_9f5a13,2021-10-18,601989.SH,17700,17700,7.102719,7.22865,2228.9787,31
20260815_200150_9f5a13,2021-10-18,600561.SH,10000,10000,13.166361,13.76284,5964.79,31
20260815_200150_9f5a13,2021-10-18,600900.SH,1700,1700,73.48496,69.62436,-6563.02,8
20260815_200150_9f5a13,2021-10-19,601139.SH,5300,5300,17.997821,23.66955,30060.1637,50
20260815_200150_9f5a13,2021-10-19,600068.SH,2200,2200,52.715616,63.06543,22769.5908,50
20260815_200150_9f5a13,2021-10-19,000685.SZ,1000,1000,129.533764,135.89434,6360.576,37
20260815_200150_9f5a13,2021-10-19,601107.SH,29400,29400,4.262162,4.67988,12280.9092,32
20260815_200150_9f5a13,2021-10-19,600881.SH,900,900,146.042809,183.28344,33516.5679,32
20260815_200150_9f5a13,2021-10-19,601989.SH,17700,17700,7.102719,7.19495,1632.4887,32
20260815_200150_9f5a13,2021-10-19,600561.SH,10000,10000,13.166361,13.48424,3178.79,32
20260815_200150_9f5a13,2021-10-19,600900.SH,1700,1700,73.48496,70.45086,-5157.97,9
20260815_200150_9f5a13,2021-10-20,601139.SH,5300,5300,17.997821,23.52537,29296.0097,51
20260815_200150_9f5a13,2021-10-20,600068.SH,2200,2200,52.715616,63.06543,22769.5908,51
20260815_200150_9f5a13,2021-10-20,000685.SZ,1000,1000,129.533764,134.38104,4847.276,38
20260815_200150_9f5a13,2021-10-20,601107.SH,29400,29400,4.262162,4.627,10726.2372,33
20260815_200150_9f5a13,2021-10-20,600881.SH,900,900,146.042809,180.92154,31390.8579,33
20260815_200150_9f5a13,2021-10-20,601989.SH,17700,17700,7.102719,7.16125,1035.9987,33
20260815_200150_9f5a13,2021-10-20,600561.SH,10000,10000,13.166361,13.48424,3178.79,33
20260815_200150_9f5a13,2021-10-20,600900.SH,1700,1700,73.48496,69.39294,-6956.434,10
20260815_200150_9f5a13,2021-10-21,601139.SH,5300,5300,17.997821,23.33313,28277.1377,52
20260815_200150_9f5a13,2021-10-21,600068.SH,2200,2200,52.715616,63.06543,22769.5908,52
20260815_200150_9f5a13,2021-10-21,000685.SZ,1000,1000,129.533764,133.32173,3787.966,39
20260815_200150_9f5a13,2021-10-21,601107.SH,29400,29400,4.262162,4.67988,12280.9092,34
20260815_200150_9f5a13,2021-10-21,600881.SH,900,900,146.042809,181.8663,32241.1419,34
20260815_200150_9f5a13,2021-10-21,601989.SH,17700,17700,7.102719,7.02645,-1349.9613,34
20260815_200150_9f5a13,2021-10-21,600561.SH,10000,10000,13.166361,13.03848,-1278.81,34
20260815_200150_9f5a13,2021-10-21,600900.SH,1700,1700,73.48496,69.65742,-6506.818,11
20260815_200150_9f5a13,2021-10-22,601139.SH,5300,5300,17.997821,22.66029,24711.0857,53
20260815_200150_9f5a13,2021-10-22,600068.SH,2200,2200,52.715616,63.06543,22769.5908,53
20260815_200150_9f5a13,2021-10-22,000685.SZ,1000,1000,129.533764,131.95976,2425.996,40
20260815_200150_9f5a13,2021-10-22,601107.SH,29400,29400,4.262162,4.4287,4896.2172,35
20260815_200150_9f5a13,2021-10-22,600881.SH,900,900,146.042809,170.0568,21612.5919,35
20260815_200150_9f5a13,2021-10-22,601989.SH,17700,17700,7.102719,7.06015,-753.4713,35
20260815_200150_9f5a13,2021-10-22,600561.SH,10000,10000,13.166361,12.75988,-4064.81,35
20260815_200150_9f5a13,2021-10-22,600900.SH,1700,1700,73.48496,69.426,-6900.232,12
20260815_200150_9f5a13,2021-10-25,601139.SH,5300,5300,17.997821,23.3091,28149.7787,54
20260815_200150_9f5a13,2021-10-25,600068.SH,2200,2200,52.715616,63.06543,22769.5908,54
20260815_200150_9f5a13,2021-10-25,000685.SZ,1000,1000,129.533764,131.95976,2425.996,41
20260815_200150_9f5a13,2021-10-25,601107.SH,29400,29400,4.262162,4.34938,2564.2092,36
20260815_200150_9f5a13,2021-10-25,600881.SH,900,900,146.042809,171.94632,23313.1599,36
20260815_200150_9f5a13,2021-10-25,601989.SH,17700,17700,7.102719,7.1444,737.7537,36
20260815_200150_9f5a13,2021-10-25,600561.SH,10000,10000,13.166361,12.62058,-5457.81,36
20260815_200150_9f5a13,2021-10-25,600900.SH,1700,1700,73.48496,69.52518,-6731.626,13
20260815_200150_9f5a13,2021-10-26,601139.SH,5300,5300,17.997821,23.47731,29041.2917,55
20260815_200150_9f5a13,2021-10-26,600068.SH,2200,2200,52.715616,63.06543,22769.5908,55
20260815_200150_9f5a13,2021-10-26,000685.SZ,1000,1000,129.533764,132.26242,2728.656,42
20260815_200150_9f5a13,2021-10-26,601107.SH,29400,29400,4.262162,4.53446,8005.5612,37
20260815_200150_9f5a13,2021-10-26,600881.SH,900,900,146.042809,168.63966,20337.1659,37
20260815_200150_9f5a13,2021-10-26,601989.SH,17700,17700,7.102719,7.06015,-753.4713,37
20260815_200150_9f5a13,2021-10-26,600561.SH,10000,10000,13.166361,12.42556,-7408.01,37
20260815_200150_9f5a13,2021-10-26,600900.SH,1700,1700,73.48496,69.95496,-6001.0,14
20260815_200150_9f5a13,2021-10-27,601139.SH,5300,5300,17.997821,22.87656,25857.3167,56
20260815_200150_9f5a13,2021-10-27,600068.SH,2200,2200,52.715616,63.06543,22769.5908,56
20260815_200150_9f5a13,2021-10-27,000685.SZ,1000,1000,129.533764,130.1438,610.036,43
20260815_200150_9f5a13,2021-10-27,601107.SH,29400,29400,4.262162,4.8914,18499.5972,38
20260815_200150_9f5a13,2021-10-27,600881.SH,900,900,146.042809,167.22252,19061.7399,38
20260815_200150_9f5a13,2021-10-27,601989.SH,17700,17700,7.102719,6.9759,-2244.6963,38
20260815_200150_9f5a13,2021-10-27,600561.SH,10000,10000,13.166361,12.03552,-11308.41,38
20260815_200150_9f5a13,2021-10-27,600900.SH,1700,1700,73.48496,70.31862,-5382.778,15
20260815_200150_9f5a13,2021-10-28,601139.SH,6500,5300,18.881582,21.84327,19250.972,57
20260815_200150_9f5a13,2021-10-28,600068.SH,2200,2200,52.715616,63.06543,22769.5908,57
20260815_200150_9f5a13,2021-10-28,000685.SZ,1100,1000,129.507592,129.99247,533.3658,44
20260815_200150_9f5a13,2021-10-28,601107.SH,30400,29400,4.283062,4.78564,15278.3712,39
20260815_200150_9f5a13,2021-10-28,600881.SH,900,900,146.042809,163.91586,16085.7459,39
20260815_200150_9f5a13,2021-10-28,601989.SH,21300,17700,7.071353,6.8411,-4904.3889,39
20260815_200150_9f5a13,2021-10-28,600900.SH,2100,1700,72.829238,69.85578,-6244.2618,16
20260815_200150_9f5a13,2021-10-29,601139.SH,5900,5900,18.881582,21.84327,17473.9592,58
20260815_200150_9f5a13,2021-10-29,600068.SH,2200,2200,52.715616,63.06543,22769.5908,58
20260815_200150_9f5a13,2021-10-29,000685.SZ,1000,1000,129.507592,130.1438,636.208,45
20260815_200150_9f5a13,2021-10-29,601107.SH,26800,26800,4.283062,4.77242,13114.7944,40
20260815_200150_9f5a13,2021-10-29,600881.SH,800,800,146.042809,162.02634,12786.8248,40
20260815_200150_9f5a13,2021-10-29,601989.SH,18800,18800,7.071353,6.9759,-1794.5164,40
20260815_200150_9f5a13,2021-10-29,600900.SH,1900,1900,72.829238,70.2525,-4895.8022,17
20260815_200150_9f5a13,2021-10-29,600867.SH,300,0,400.46045,419.5798,5735.805,1
20260815_200150_9f5a13,2021-11-01,601139.SH,5900,5900,18.881582,21.84327,17473.9592,59
20260815_200150_9f5a13,2021-11-01,600068.SH,2200,2200,52.715616,63.06543,22769.5908,59
20260815_200150_9f5a13,2021-11-01,000685.SZ,1000,1000,129.507592,130.44646,938.868,46
20260815_200150_9f5a13,2021-11-01,601107.SH,26800,26800,4.283062,4.627,9217.5384,41
20260815_200150_9f5a13,2021-11-01,600881.SH,800,800,146.042809,162.9711,13542.6328,41
20260815_200150_9f5a13,2021-11-01,601989.SH,18800,18800,7.071353,6.95905,-2111.2964,41
20260815_200150_9f5a13,2021-11-01,600900.SH,1900,1900,72.829238,70.68228,-4079.2202,18
20260815_200150_9f5a13,2021-11-01,600867.SH,300,300,400.46045,419.5798,5735.805,2
20260815_200150_9f5a13,2021-11-02,601139.SH,5900,5900,18.881582,21.09834,13078.8722,60
20260815_200150_9f5a13,2021-11-02,600068.SH,2200,2200,52.715616,63.06543,22769.5908,60
20260815_200150_9f5a13,2021-11-02,000685.SZ,1000,1000,129.507592,126.81454,-2693.052,47
20260815_200150_9f5a13,2021-11-02,601107.SH,26800,26800,4.283062,4.46836,4965.9864,42
20260815_200150_9f5a13,2021-11-02,600881.SH,800,800,146.042809,157.77492,9385.6888,42
20260815_200150_9f5a13,2021-11-02,601989.SH,18800,18800,7.071353,7.46455,7392.1036,42
20260815_200150_9f5a13,2021-11-02,600900.SH,1900,1900,72.829238,69.2607,-6780.2222,19
20260815_200150_9f5a13,2021-11-02,600867.SH,300,300,400.46045,419.5798,5735.805,3
20260815_200150_9f5a13,2021-11-03,600068.SH,2200,2200,52.715616,63.06543,22769.5908,61
20260815_200150_9f5a13,2021-11-03,000685.SZ,1000,1000,129.507592,127.41986,-2087.732,48
20260815_200150_9f5a13,2021-11-03,601107.SH,28500,26800,4.293659,4.57412,7993.1385,43
20260815_200150_9f5a13,2021-11-03,600881.SH,800,800,146.042809,163.91586,14298.4408,43
20260815_200150_9f5a13,2021-11-03,601989.SH,17100,17100,7.071353,7.1781,1825.3737,43
20260815_200150_9f5a13,2021-11-03,600900.SH,1900,1900,72.829238,69.98802,-5398.3142,20
20260815_200150_9f5a13,2021-11-03,600867.SH,300,300,400.46045,415.7936,4599.945,4
20260815_200150_9f5a13,2021-11-03,002262.SZ,900,0,130.932594,129.0597,-1685.6046,1
20260815_200150_9f5a13,2021-11-03,603139.SH,6600,0,19.119625,19.721,3969.075,1
20260815_200150_9f5a13,2021-11-04,600068.SH,2200,2200,52.715616,63.06543,22769.5908,62
20260815_200150_9f5a13,2021-11-04,000685.SZ,1000,1000,129.507592,126.96587,-2541.722,49
20260815_200150_9f5a13,2021-11-04,601107.SH,28100,28100,4.293659,4.5609,7509.4721,44
20260815_200150_9f5a13,2021-11-04,600881.SH,800,800,146.042809,163.44348,13920.5368,44
20260815_200150_9f5a13,2021-11-04,601989.SH,17800,17100,7.074577,7.1781,1842.7094,44
20260815_200150_9f5a13,2021-11-04,600900.SH,1900,1900,72.829238,69.62436,-6089.2682,21
20260815_200150_9f5a13,2021-11-04,600867.SH,300,300,400.46045,414.0726,4083.645,5
20260815_200150_9f5a13,2021-11-04,002262.SZ,900,900,130.932594,131.79474,775.9314,2
20260815_200150_9f5a13,2021-11-04,603139.SH,6600,6600,19.119625,19.3725,1668.975,2
20260815_200150_9f5a13,2021-11-05,600068.SH,2200,2200,52.715616,63.06543,22769.5908,63
20260815_200150_9f5a13,2021-11-05,000685.SZ,1000,1000,129.507592,125.45257,-4055.022,50
20260815_200150_9f5a13,2021-11-05,601107.SH,28100,28100,4.293659,4.46836,4909.0981,45
20260815_200150_9f5a13,2021-11-05,600881.SH,800,800,146.042809,158.71968,10141.4968,45
20260815_200150_9f5a13,2021-11-05,601989.SH,17800,17800,7.074577,6.95905,-2056.3806,45
20260815_200150_9f5a13,2021-11-05,600900.SH,1900,1900,72.829238,68.30196,-8601.8282,22
20260815_200150_9f5a13,2021-11-05,600867.SH,300,300,400.46045,414.0726,4083.645,6
20260815_200150_9f5a13,2021-11-05,002262.SZ,900,900,130.932594,129.40158,-1377.9126,3
20260815_200150_9f5a13,2021-11-05,603139.SH,6600,6600,19.119625,19.01375,-698.775,3
20260815_200150_9f5a13,2021-11-08,600068.SH,2200,2200,52.715616,63.06543,22769.5908,64
20260815_200150_9f5a13,2021-11-08,000685.SZ,1000,1000,129.507592,126.81454,-2693.052,51
20260815_200150_9f5a13,2021-11-08,601107.SH,28100,28100,4.293659,4.4948,5652.0621,46
20260815_200150_9f5a13,2021-11-08,600881.SH,800,800,146.042809,162.02634,12786.8248,46
20260815_200150_9f5a13,2021-11-08,601989.SH,18000,17800,7.073015,6.95905,-2051.37,46
20260815_200150_9f5a13,2021-11-08,600900.SH,1900,1900,72.829238,67.2771,-10549.0622,23
20260815_200150_9f5a13,2021-11-08,600867.SH,300,300,400.46045,404.435,1192.365,7
20260815_200150_9f5a13,2021-11-08,002262.SZ,900,900,130.932594,125.21355,-5147.1396,4
20260815_200150_9f5a13,2021-11-08,603139.SH,6600,6600,19.119625,19.0445,-495.825,4
20260815_200150_9f5a13,2021-11-09,600068.SH,2200,2200,52.715616,63.06543,22769.5908,65
20260815_200150_9f5a13,2021-11-09,000685.SZ,1000,1000,129.507592,127.72252,-1785.072,52
20260815_200150_9f5a13,2021-11-09,601107.SH,27900,27900,4.293659,4.45514,4505.3199,47
20260815_200150_9f5a13,2021-11-09,600881.SH,800,800,146.042809,163.91586,14298.4408,47
20260815_200150_9f5a13,2021-11-09,601989.SH,18000,18000,7.073015,7.02645,-838.17,47
20260815_200150_9f5a13,2021-11-09,600900.SH,1900,1900,72.829238,67.24404,-10611.8762,24
20260815_200150_9f5a13,2021-11-09,600867.SH,300,300,400.46045,405.4676,1502.145,8
20260815_200150_9f5a13,2021-11-09,002262.SZ,900,900,130.932594,124.18791,-6070.2156,5
20260815_200150_9f5a13,2021-11-09,603139.SH,6600,6600,19.119625,18.91125,-1375.275,5
20260815_200150_9f5a13,2021-11-10,600068.SH,2200,2200,52.715616,63.06543,22769.5908,66
20260815_200150_9f5a13,2021-11-10,000685.SZ,1000,1000,129.507592,126.20922,-3298.372,53
20260815_200150_9f5a13,2021-11-10,601107.SH,28100,27900,4.294848,4.41548,3389.7592,48
20260815_200150_9f5a13,2021-11-10,600881.SH,800,800,146.042809,161.08158,12031.0168,48
20260815_200150_9f5a13,2021-11-10,601989.SH,17900,17900,7.073015,7.0096,-1135.1285,48
20260815_200150_9f5a13,2021-11-10,600900.SH,1900,1900,72.829238,66.6159,-11805.3422,25
20260815_200150_9f5a13,2021-11-10,600867.SH,300,300,400.46045,409.2538,2638.005,9
20260815_200150_9f5a13,2021-11-10,002262.SZ,1000,900,130.273652,125.81184,-4461.812,6
20260815_200150_9f5a13,2021-11-10,603139.SH,6600,6600,19.119625,19.065,-360.525,6
20260815_200150_9f5a13,2021-11-11,600068.SH,2200,2200,52.715616,63.06543,22769.5908,67
20260815_200150_9f5a13,2021-11-11,000685.SZ,1000,1000,129.507592,129.53848,30.888,54
20260815_200150_9f5a13,2021-11-11,601107.SH,28200,28100,4.295248,4.45514,4508.9544,49
20260815_200150_9f5a13,2021-11-11,600881.SH,800,800,146.042809,166.27776,16187.9608,49
20260815_200150_9f5a13,2021-11-11,601989.SH,17900,17900,7.073015,7.02645,-833.5135,49
20260815_200150_9f5a13,2021-11-11,600867.SH,300,300,400.46045,407.1886,2018.445,10
20260815_200150_9f5a13,2021-11-11,002262.SZ,1000,1000,130.273652,123.58962,-6684.032,7
20260815_200150_9f5a13,2021-11-11,603139.SH,6600,6600,19.119625,19.229,721.875,7
20260815_200150_9f5a13,2021-11-11,002308.SZ,6800,0,18.182163,18.76622,3971.5876,1
20260815_200150_9f5a13,2021-11-12,600068.SH,2200,2200,52.715616,63.06543,22769.5908,68
20260815_200150_9f5a13,2021-11-12,000685.SZ,1000,1000,129.507592,128.32784,-1179.752,55
20260815_200150_9f5a13,2021-11-12,601107.SH,28300,28200,4.295833,4.41548,3386.0101,50
20260815_200150_9f5a13,2021-11-12,600881.SH,800,800,146.042809,162.49872,13164.7288,50
20260815_200150_9f5a13,2021-11-12,601989.SH,17900,17900,7.073015,7.09385,372.9465,50
20260815_200150_9f5a13,2021-11-12,600867.SH,300,300,400.46045,408.9096,2534.745,11
20260815_200150_9f5a13,2021-11-12,002262.SZ,1000,1000,130.273652,135.98277,5709.118,8
20260815_200150_9f5a13,2021-11-12,603139.SH,6600,6600,19.119625,18.99325,-834.075,8
20260815_200150_9f5a13,2021-11-12,002308.SZ,6800,6800,18.182163,19.45966,8686.9796,2
20260815_200150_9f5a13,2021-11-15,600068.SH,2200,2200,52.715616,63.06543,22769.5908,69
20260815_200150_9f5a13,2021-11-15,000685.SZ,1000,1000,129.507592,130.59779,1090.198,56
20260815_200150_9f5a13,2021-11-15,601107.SH,28900,28300,4.298157,4.4287,3772.6927,51
20260815_200150_9f5a13,2021-11-15,600881.SH,800,800,146.042809,161.08158,12031.0168,51
20260815_200150_9f5a13,2021-11-15,601989.SH,18000,17900,7.073086,7.1444,1283.652,51
20260815_200150_9f5a13,2021-11-15,600867.SH,300,300,400.46045,408.9096,2534.745,12
20260815_200150_9f5a13,2021-11-15,002262.SZ,1000,1000,130.273652,133.84602,3572.368,9
20260815_200150_9f5a13,2021-11-15,603139.SH,6700,6600,19.118093,19.639,3490.0769,9
20260815_200150_9f5a13,2021-11-15,002308.SZ,6600,6600,18.182163,19.63302,9575.6562,3
20260815_200150_9f5a13,2021-11-16,600068.SH,2200,2200,52.715616,63.06543,22769.5908,70
20260815_200150_9f5a13,2021-11-16,000685.SZ,1000,1000,129.507592,130.1438,636.208,57
20260815_200150_9f5a13,2021-11-16,601107.SH,29000,28900,4.298535,4.40226,3008.025,52
20260815_200150_9f5a13,2021-11-16,600881.SH,800,800,146.042809,160.6092,11653.1128,52
20260815_200150_9f5a13,2021-11-16,601989.SH,18000,18000,7.073086,6.99275,-1446.048,52
20260815_200150_9f5a13,2021-11-16,600867.SH,300,300,400.46045,415.4494,4496.685,13
20260815_200150_9f5a13,2021-11-16,002262.SZ,1000,1000,130.273652,133.50414,3230.488,10
20260815_200150_9f5a13,2021-11-16,603139.SH,6600,6600,19.118093,19.311,1273.1862,10
20260815_200150_9f5a13,2021-11-16,002308.SZ,6600,6600,18.182163,20.1531,13008.1842,4
20260815_200150_9f5a13,2021-11-17,600068.SH,2200,2200,52.715616,63.06543,22769.5908,71
20260815_200150_9f5a13,2021-11-17,000685.SZ,1000,1000,129.507592,129.68981,182.218,58
20260815_200150_9f5a13,2021-11-17,601107.SH,29100,29000,4.298865,4.4287,3778.1985,53
20260815_200150_9f5a13,2021-11-17,600881.SH,800,800,146.042809,159.66444,10897.3048,53
20260815_200150_9f5a13,2021-11-17,601989.SH,18300,18000,7.071636,7.0096,-1135.2588,53
20260815_200150_9f5a13,2021-11-17,600867.SH,300,300,400.46045,404.7792,1295.625,14
20260815_200150_9f5a13,2021-11-17,002262.SZ,1000,1000,130.273652,134.44431,4170.658,11
20260815_200150_9f5a13,2021-11-17,603139.SH,6600,6600,19.118093,19.2085,596.6862,11
20260815_200150_9f5a13,2021-11-17,002308.SZ,6400,6400,18.182163,21.62666,22044.7808,5
20260815_200150_9f5a13,2021-11-18,600068.SH,2200,2200,52.715616,63.06543,22769.5908,72
20260815_200150_9f5a13,2021-11-18,000685.SZ,1000,1000,129.507592,129.23582,-271.772,59
20260815_200150_9f5a13,2021-11-18,601107.SH,29100,29100,4.298865,4.50802,6086.4105,54
20260815_200150_9f5a13,2021-11-18,600881.SH,800,800,146.042809,156.35778,8251.9768,54
20260815_200150_9f5a13,2021-11-18,601989.SH,18400,18300,7.071163,7.0433,-512.6792,54
20260815_200150_9f5a13,2021-11-18,600867.SH,300,300,400.46045,401.6814,366.285,15
20260815_200150_9f5a13,2021-11-18,002262.SZ,1000,1000,130.273652,131.79474,1521.088,12
20260815_200150_9f5a13,2021-11-18,603139.SH,6700,6600,19.120107,18.8805,-1605.3669,12
20260815_200150_9f5a13,2021-11-18,002308.SZ,6000,6000,18.182163,21.62666,20666.982,6
20260815_200150_9f5a13,2021-11-19,600068.SH,2200,2200,52.715616,63.06543,22769.5908,73
20260815_200150_9f5a13,2021-11-19,000685.SZ,1000,1000,129.507592,131.50577,1998.178,60
20260815_200150_9f5a13,2021-11-19,601107.SH,28500,28500,4.298865,4.61378,8975.0775,55
20260815_200150_9f5a13,2021-11-19,600881.SH,800,800,146.042809,158.2473,9763.5928,55
20260815_200150_9f5a13,2021-11-19,601989.SH,18300,18300,7.071163,7.06015,-201.5379,55
20260815_200150_9f5a13,2021-11-19,600867.SH,300,300,400.46045,408.2212,2328.225,16
20260815_200150_9f5a13,2021-11-19,002262.SZ,1000,1000,130.273652,132.4785,2204.848,13
20260815_200150_9f5a13,2021-11-19,603139.SH,6700,6700,19.120107,19.0445,-506.5669,13
20260815_200150_9f5a13,2021-11-19,002308.SZ,6000,6000,18.182163,21.49664,19886.862,7
20260815_200150_9f5a13,2021-11-22,600068.SH,2200,2200,52.715616,63.06543,22769.5908,74
20260815_200150_9f5a13,2021-11-22,601107.SH,28100,28100,4.298865,4.54768,6991.7015,56
20260815_200150_9f5a13,2021-11-22,600881.SH,800,800,146.042809,156.35778,8251.9768,56
20260815_200150_9f5a13,2021-11-22,601989.SH,18300,18300,7.071163,7.06015,-201.5379,56
20260815_200150_9f5a13,2021-11-22,600867.SH,300,300,400.46045,402.0256,469.545,17
20260815_200150_9f5a13,2021-11-22,002262.SZ,1000,1000,130.273652,132.4785,2204.848,14
20260815_200150_9f5a13,2021-11-22,603139.SH,6800,6700,19.118138,20.049,6329.8616,14
20260815_200150_9f5a13,2021-11-22,002308.SZ,6000,6000,18.182163,21.67,20927.022,8
20260815_200150_9f5a13,2021-11-22,002864.SZ,5100,0,25.110575,24.8148,-1508.4525,1
20260815_200150_9f5a13,2021-11-23,600068.SH,2200,2200,52.715616,63.06543,22769.5908,75
20260815_200150_9f5a13,2021-11-23,601107.SH,28500,28100,4.302437,4.61378,8873.2755,57
20260815_200150_9f5a13,2021-11-23,600881.SH,800,800,146.042809,157.30254,9007.7848,57
20260815_200150_9f5a13,2021-11-23,601989.SH,18300,18300,7.071163,7.1444,1340.2371,57
20260815_200150_9f5a13,2021-11-23,600867.SH,300,300,400.46045,402.0256,469.545,18
20260815_200150_9f5a13,2021-11-23,002262.SZ,1000,1000,130.273652,132.39303,2119.378,15
20260815_200150_9f5a13,2021-11-23,603139.SH,6500,6500,19.118138,19.9055,5117.853,15
20260815_200150_9f5a13,2021-11-23,002308.SZ,6000,6000,18.182163,21.58332,20406.942,9
20260815_200150_9f5a13,2021-11-23,002864.SZ,5200,5100,25.105484,24.85548,-1300.0208,2
20260815_200150_9f5a13,2021-11-24,600068.SH,2200,2200,52.715616,63.06543,22769.5908,76
20260815_200150_9f5a13,2021-11-24,601107.SH,28200,28200,4.302437,4.627,9152.6766,58
20260815_200150_9f5a13,2021-11-24,600881.SH,800,800,146.042809,156.35778,8251.9768,58
20260815_200150_9f5a13,2021-11-24,601989.SH,18300,18300,7.071163,7.09385,415.1721,58
20260815_200150_9f5a13,2021-11-24,600867.SH,300,300,400.46045,400.993,159.765,19
20260815_200150_9f5a13,2021-11-24,002262.SZ,1000,1000,130.273652,132.05115,1777.498,16
20260815_200150_9f5a13,2021-11-24,603139.SH,6500,6500,19.118138,19.9055,5117.853,16
20260815_200150_9f5a13,2021-11-24,002308.SZ,6000,6000,18.182163,21.0199,17026.422,10
20260815_200150_9f5a13,2021-11-24,002864.SZ,5200,5200,25.105484,24.96735,-718.2968,3
20260815_200150_9f5a13,2021-11-25,600068.SH,2200,2200,52.715616,63.06543,22769.5908,77
20260815_200150_9f5a13,2021-11-25,601107.SH,28000,28000,4.302437,4.64022,9457.924,59
20260815_200150_9f5a13,2021-11-25,600881.SH,800,800,146.042809,154.94064,7118.2648,59
20260815_200150_9f5a13,2021-11-25,601989.SH,18300,18300,7.071163,7.02645,-818.2479,59
20260815_200150_9f5a13,2021-11-25,600867.SH,300,300,400.46045,433.3478,9866.205,20
20260815_200150_9f5a13,2021-11-25,002262.SZ,1000,1000,130.273652,133.84602,3572.368,17
20260815_200150_9f5a13,2021-11-25,603139.SH,6500,6500,19.118138,20.05925,6117.228,17
20260815_200150_9f5a13,2021-11-25,002308.SZ,6100,6000,18.229825,20.54316,14111.3435,11
20260815_200150_9f5a13,2021-11-25,002864.SZ,5200,5200,25.105484,25.17075,339.3832,4
20260815_200150_9f5a13,2021-11-26,600068.SH,2200,2200,52.715616,63.06543,22769.5908,78
20260815_200150_9f5a13,2021-11-26,601107.SH,28100,28000,4.303566,4.71954,11688.8694,60
20260815_200150_9f5a13,2021-11-26,600881.SH,800,800,146.042809,154.94064,7118.2648,60
20260815_200150_9f5a13,2021-11-26,601989.SH,18500,18300,7.070592,6.9759,-1751.802,60
20260815_200150_9f5a13,2021-11-26,600867.SH,300,300,400.46045,409.2538,2638.005,21
20260815_200150_9f5a13,2021-11-26,002262.SZ,1000,1000,130.273652,133.67508,3401.428,18
20260815_200150_9f5a13,2021-11-26,603139.SH,6500,6500,19.118138,20.07975,6250.478,18
20260815_200150_9f5a13,2021-11-26,002308.SZ,6300,6100,18.310968,19.76304,9148.0536,12
20260815_200150_9f5a13,2021-11-26,002864.SZ,5200,5200,25.105484,25.25211,762.4552,5
20260815_200150_9f5a13,2021-11-29,600068.SH,2200,2200,52.715616,63.06543,22769.5908,79
20260815_200150_9f5a13,2021-11-29,600867.SH,400,300,399.857347,383.783,-6429.7388,22
20260815_200150_9f5a13,2021-11-29,002262.SZ,1200,1000,130.697257,131.96568,1522.1076,19
20260815_200150_9f5a13,2021-11-29,603139.SH,8500,6500,19.37204,19.8235,3837.41,19
20260815_200150_9f5a13,2021-11-29,002308.SZ,8600,6300,18.752343,19.45966,6082.9262,13
20260815_200150_9f5a13,2021-11-29,002864.SZ,6800,5200,25.168976,25.28262,772.7792,6
20260815_200150_9f5a13,2021-11-29,600062.SH,1600,0,101.887135,103.9353,3277.064,1
20260815_200150_9f5a13,2021-11-30,600068.SH,2200,2200,52.715616,63.06543,22769.5908,80
20260815_200150_9f5a13,2021-11-30,600867.SH,400,400,399.857347,379.9968,-7944.2188,23
20260815_200150_9f5a13,2021-11-30,002262.SZ,1000,1000,130.697257,132.73491,2037.653,20
20260815_200150_9f5a13,2021-11-30,603139.SH,6400,6400,19.37204,19.9875,3938.944,20
20260815_200150_9f5a13,2021-11-30,002308.SZ,6600,6600,18.752343,19.19962,2952.0282,14
20260815_200150_9f5a13,2021-11-30,002864.SZ,5100,5100,25.168976,25.50636,1720.6584,7
20260815_200150_9f5a13,2021-11-30,600062.SH,1300,1300,101.887135,101.67934,-270.1335,2
20260815_200150_9f5a13,2021-11-30,002197.SZ,4000,0,31.368569,33.4562,8350.524,1
20260815_200150_9f5a13,2021-11-30,600594.SH,1100,0,110.176106,114.43331,4682.9244,1
20260815_200150_9f5a13,2021-12-01,600068.SH,2200,2200,52.715616,63.06543,22769.5908,81
20260815_200150_9f5a13,2021-12-01,600867.SH,400,400,399.857347,377.2432,-9045.6588,24
20260815_200150_9f5a13,2021-12-01,002262.SZ,1000,1000,130.697257,129.82893,-868.327,21
20260815_200150_9f5a13,2021-12-01,603139.SH,6400,6400,19.37204,20.5,7218.944,21
20260815_200150_9f5a13,2021-12-01,002308.SZ,6600,6600,18.752343,19.32964,3810.1602,15
20260815_200150_9f5a13,2021-12-01,002864.SZ,5100,5100,25.168976,25.39449,1150.1214,8
20260815_200150_9f5a13,2021-12-01,600062.SH,1300,1300,101.887135,99.82623,-2679.1765,3
20260815_200150_9f5a13,2021-12-01,002197.SZ,3900,3900,31.368569,32.8427,5749.1109,2
20260815_200150_9f5a13,2021-12-01,600594.SH,1100,1100,110.176106,114.77137,5054.7904,2
20260815_200150_9f5a13,2021-12-02,600068.SH,2200,2200,52.715616,63.06543,22769.5908,82
20260815_200150_9f5a13,2021-12-02,600867.SH,400,400,399.857347,370.3592,-11799.2588,25
20260815_200150_9f5a13,2021-12-02,002262.SZ,1000,1000,130.697257,127.69218,-3005.077,22
20260815_200150_9f5a13,2021-12-02,603139.SH,6300,6300,19.37204,20.91,9689.148,22
20260815_200150_9f5a13,2021-12-02,002308.SZ,6600,6600,18.752343,18.72288,-194.4558,16
20260815_200150_9f5a13,2021-12-02,002864.SZ,5100,5100,25.168976,24.96735,-1028.2926,9
20260815_200150_9f5a13,2021-12-02,600062.SH,1300,1300,101.887135,98.85939,-3936.0685,4
20260815_200150_9f5a13,2021-12-02,002197.SZ,3900,3900,31.368569,32.6382,4951.5609,3
20260815_200150_9f5a13,2021-12-02,600594.SH,1100,1100,110.176106,114.26428,4496.9914,3
20260815_200150_9f5a13,2021-12-03,600068.SH,2200,2200,52.715616,63.06543,22769.5908,83
20260815_200150_9f5a13,2021-12-03,600867.SH,400,400,399.857347,371.3918,-11386.2188,26
20260815_200150_9f5a13,2021-12-03,002262.SZ,1000,1000,130.697257,128.205,-2492.257,23
20260815_200150_9f5a13,2021-12-03,603139.SH,6100,6100,19.37204,22.00675,16071.731,23
20260815_200150_9f5a13,2021-12-03,002308.SZ,6700,6600,18.754196,18.93958,1242.0728,17
20260815_200150_9f5a13,2021-12-03,002864.SZ,5100,5100,25.168976,25.0182,-768.9576,10
20260815_200150_9f5a13,2021-12-03,600062.SH,1300,1300,101.887135,98.85939,-3936.0685,5
20260815_200150_9f5a13,2021-12-03,002197.SZ,3900,3900,31.368569,32.1883,3196.9509,4
20260815_200150_9f5a13,2021-12-03,600594.SH,1100,1100,110.176106,120.18033,11004.6464,4
20260815_200150_9f5a13,2021-12-06,600068.SH,2200,2200,52.715616,63.06543,22769.5908,84
20260815_200150_9f5a13,2021-12-06,600867.SH,400,400,399.857347,370.015,-11936.9388,27
20260815_200150_9f5a13,2021-12-06,002262.SZ,1000,1000,130.697257,124.35885,-6338.407,24
20260815_200150_9f5a13,2021-12-06,603139.SH,5900,5900,19.37204,22.23225,16875.239,24
20260815_200150_9f5a13,2021-12-06,002308.SZ,6700,6700,18.754196,18.37616,-2532.8412,18
20260815_200150_9f5a13,2021-12-06,002864.SZ,5100,5100,25.168976,24.54021,-3206.7066,11
20260815_200150_9f5a13,2021-12-06,600062.SH,1300,1300,101.887135,97.08685,-6240.3705,6
20260815_200150_9f5a13,2021-12-06,002197.SZ,3900,3900,31.368569,31.5748,804.3009,5
20260815_200150_9f5a13,2021-12-06,600594.SH,1100,1100,110.176106,120.68742,11562.4454,5
20260815_200150_9f5a13,2021-12-07,600068.SH,2200,2200,52.715616,63.06543,22769.5908,85
20260815_200150_9f5a13,2021-12-07,600867.SH,400,400,399.857347,373.1128,-10697.8188,28
20260815_200150_9f5a13,2021-12-07,002262.SZ,1000,1000,130.697257,125.81184,-4885.417,25
20260815_200150_9f5a13,2021-12-07,603139.SH,5700,5700,19.37204,21.55575,12447.147,25
20260815_200150_9f5a13,2021-12-07,002308.SZ,6800,6700,18.749613,18.2028,-3718.3284,19
20260815_200150_9f5a13,2021-12-07,002864.SZ,5100,5100,25.168976,24.46902,-3569.7756,12
20260815_200150_9f5a13,2021-12-07,600062.SH,1300,1300,101.887135,97.32856,-5926.1475,7
20260815_200150_9f5a13,2021-12-07,002197.SZ,3900,3900,31.368569,31.3703,6.7509,6
20260815_200150_9f5a13,2021-12-07,600594.SH,1100,1100,110.176106,120.18033,11004.6464,6
20260815_200150_9f5a13,2021-12-08,600068.SH,2200,2200,52.715616,63.06543,22769.5908,86
20260815_200150_9f5a13,2021-12-08,600867.SH,400,400,399.857347,373.8012,-10422.4588,29
20260815_200150_9f5a13,2021-12-08,002262.SZ,1000,1000,130.697257,126.23919,-4458.067,26
20260815_200150_9f5a13,2021-12-08,603139.SH,5800,5700,19.412809,21.9145,14509.8078,26
20260815_200150_9f5a13,2021-12-08,002308.SZ,6900,6800,18.742647,18.11612,-4323.0363,20
20260815_200150_9f5a13,2021-12-08,002864.SZ,5100,5100,25.168976,24.60123,-2895.5046,13
20260815_200150_9f5a13,2021-12-08,600062.SH,1300,1300,101.887135,97.32856,-5926.1475,8
20260815_200150_9f5a13,2021-12-08,002197.SZ,4000,3900,31.372664,31.6566,1135.744,7
20260815_200150_9f5a13,2021-12-08,600594.SH,1100,1100,110.176106,124.23705,15467.0384,7
20260815_200150_9f5a13,2021-12-09,600068.SH,2200,2200,52.715616,63.06543,22769.5908,87
20260815_200150_9f5a13,2021-12-09,600867.SH,400,400,399.857347,376.5548,-9321.0188,30
20260815_200150_9f5a13,2021-12-09,002262.SZ,1000,1000,130.697257,128.80329,-1893.967,27
20260815_200150_9f5a13,2021-12-09,603139.SH,5800,5800,19.412809,21.525,12250.7078,27
20260815_200150_9f5a13,2021-12-09,002308.SZ,6900,6900,18.742647,18.24614,-3425.8983,21
20260815_200150_9f5a13,2021-12-09,002864.SZ,5100,5100,25.168976,25.28262,579.5844,14
20260815_200150_9f5a13,2021-12-09,600062.SH,1300,1300,101.887135,97.89255,-5192.9605,9
20260815_200150_9f5a13,2021-12-09,002197.SZ,4000,4000,31.372664,31.3703,-9.456,8
20260815_200150_9f5a13,2021-12-09,600594.SH,1100,1100,110.176106,124.23705,15467.0384,8
20260815_200150_9f5a13,2021-12-10,600068.SH,2200,2200,52.715616,63.06543,22769.5908,88
20260815_200150_9f5a13,2021-12-10,600867.SH,400,400,399.857347,367.9498,-12763.0188,31
20260815_200150_9f5a13,2021-12-10,002262.SZ,1000,1000,130.697257,126.4956,-4201.657,28
20260815_200150_9f5a13,2021-12-10,603139.SH,5900,5800,19.449065,22.82675,19928.3415,28
20260815_200150_9f5a13,2021-12-10,002308.SZ,6900,6900,18.742647,19.11294,2555.0217,22
20260815_200150_9f5a13,2021-12-10,002864.SZ,5100,5100,25.168976,27.81495,13494.4674,15
20260815_200150_9f5a13,2021-12-10,600062.SH,1300,1300,101.887135,96.684,-6764.0755,10
20260815_200150_9f5a13,2021-12-10,002197.SZ,4000,4000,31.372664,31.2885,-336.656,9
20260815_200150_9f5a13,2021-12-10,600594.SH,1100,1100,110.176106,117.81391,8401.5844,9
20260815_200150_9f5a13,2021-12-13,600068.SH,2200,2200,52.715616,63.06543,22769.5908,89
20260815_200150_9f5a13,2021-12-13,600867.SH,400,400,399.857347,369.3266,-12212.2988,32
20260815_200150_9f5a13,2021-12-13,002262.SZ,1000,1000,130.697257,127.09389,-3603.367,29
20260815_200150_9f5a13,2021-12-13,603139.SH,5700,5700,19.449065,21.30975,10605.9045,29
20260815_200150_9f5a13,2021-12-13,002308.SZ,6800,6800,18.742647,18.98292,1633.8564,23
20260815_200150_9f5a13,2021-12-13,002864.SZ,4700,4700,25.168976,28.9845,17932.9628,16
20260815_200150_9f5a13,2021-12-13,600062.SH,1300,1300,101.887135,97.00628,-6345.1115,11
20260815_200150_9f5a13,2021-12-13,002197.SZ,4100,4000,31.371565,31.6566,1168.6435,10
20260815_200150_9f5a13,2021-12-13,600594.SH,1100,1100,110.176106,120.0113,10818.7134,10
20260815_200150_9f5a13,2021-12-14,600068.SH,2200,2200,52.715616,63.06543,22769.5908,90
20260815_200150_9f5a13,2021-12-14,600867.SH,400,400,399.857347,368.294,-12625.3388,33
20260815_200150_9f5a13,2021-12-14,002262.SZ,1000,1000,130.697257,127.77765,-2919.607,30
20260815_200150_9f5a13,2021-12-14,603139.SH,6000,5700,19.551642,21.7915,13439.148,30
20260815_200150_9f5a13,2021-12-14,002308.SZ,6800,6800,18.742647,19.9364,8117.5204,24
20260815_200150_9f5a13,2021-12-14,002864.SZ,4500,4500,25.168976,29.74725,20602.233,17
20260815_200150_9f5a13,2021-12-14,600062.SH,1300,1300,101.887135,97.08685,-6240.3705,12
20260815_200150_9f5a13,2021-12-14,002197.SZ,4100,4100,31.371565,32.4746,4522.4435,11
20260815_200150_9f5a13,2021-12-14,600594.SH,1100,1100,110.176106,116.6307,7100.0534,11
20260815_200150_9f5a13,2021-12-15,600068.SH,2200,2200,52.715616,63.06543,22769.5908,91
20260815_200150_9f5a13,2021-12-15,600867.SH,400,400,399.857347,365.1962,-13864.4588,34
20260815_200150_9f5a13,2021-12-15,002262.SZ,1000,1000,130.697257,125.21355,-5483.707,31
20260815_200150_9f5a13,2021-12-15,603139.SH,6000,6000,19.551642,20.8895,8027.148,31
20260815_200150_9f5a13,2021-12-15,002308.SZ,6600,6600,18.742647,20.67318,12741.5178,25
20260815_200150_9f5a13,2021-12-15,002864.SZ,4400,4400,25.168976,28.7811,15893.3456,18
20260815_200150_9f5a13,2021-12-15,600062.SH,1300,1300,101.887135,97.08685,-6240.3705,13
20260815_200150_9f5a13,2021-12-15,002197.SZ,4100,4100,31.371565,32.1474,3180.9235,12
20260815_200150_9f5a13,2021-12-15,600594.SH,1100,1100,110.176106,113.75719,3939.1924,12
20260815_200150_9f5a13,2021-12-16,600068.SH,2200,2200,52.715616,63.06543,22769.5908,92
20260815_200150_9f5a13,2021-12-16,002262.SZ,1000,1000,130.697257,126.58107,-4116.187,32
20260815_200150_9f5a13,2021-12-16,603139.SH,6100,6000,19.599575,20.951,8243.6925,32
20260815_200150_9f5a13,2021-12-16,002308.SZ,6300,6300,18.742647,20.3698,10251.0639,26
20260815_200150_9f5a13,2021-12-16,002864.SZ,4400,4400,25.168976,28.59804,15087.8816,19
20260815_200150_9f5a13,2021-12-16,600062.SH,1300,1300,101.887135,96.84514,-6554.5935,14
20260815_200150_9f5a13,2021-12-16,002197.SZ,4100,4100,31.371565,32.7609,5696.2735,13
20260815_200150_9f5a13,2021-12-16,600594.SH,1100,1100,110.176106,113.41913,3567.3264,13
20260815_200150_9f5a13,2021-12-16,002628.SZ,9000,0,14.305362,15.1257,7383.042,1
20260815_200150_9f5a13,2021-12-17,600068.SH,2200,2200,52.715616,63.06543,22769.5908,93
20260815_200150_9f5a13,2021-12-17,002262.SZ,1000,1000,130.697257,125.12808,-5569.177,33
20260815_200150_9f5a13,2021-12-17,603139.SH,6200,6100,19.614511,20.5615,5871.3318,33
20260815_200150_9f5a13,2021-12-17,002308.SZ,6300,6300,18.742647,19.84972,6974.5599,27
20260815_200150_9f5a13,2021-12-17,002864.SZ,4500,4400,25.248461,27.7641,11320.3755,20
20260815_200150_9f5a13,2021-12-17,600062.SH,1300,1300,101.887135,95.79773,-7916.2265,15
20260815_200150_9f5a13,2021-12-17,002197.SZ,4000,4000,31.371565,32.3519,3921.34,14
20260815_200150_9f5a13,2021-12-17,600594.SH,1100,1100,110.176106,113.58816,3753.2594,14
20260815_200150_9f5a13,2021-12-17,002628.SZ,8600,8600,14.305362,14.2875,-153.6132,2
20260815_200150_9f5a13,2021-12-20,600068.SH,2200,2200,52.715616,63.06543,22769.5908,94
20260815_200150_9f5a13,2021-12-20,002262.SZ,1000,1000,130.697257,126.23919,-4458.067,34
20260815_200150_9f5a13,2021-12-20,603139.SH,6200,6200,19.614511,20.951,8286.2318,34
20260815_200150_9f5a13,2021-12-20,002308.SZ,6400,6300,18.756265,19.19962,2837.472,28
20260815_200150_9f5a13,2021-12-20,002864.SZ,4500,4500,25.248461,30.54051,23814.2205,21
20260815_200150_9f5a13,2021-12-20,600062.SH,1300,1300,101.887135,97.73141,-5402.4425,16
20260815_200150_9f5a13,2021-12-20,002197.SZ,4000,4000,31.371565,31.6975,1303.74,15
20260815_200150_9f5a13,2021-12-20,600594.SH,1100,1100,110.176106,113.75719,3939.1924,15
20260815_200150_9f5a13,2021-12-20,002628.SZ,8900,8600,14.304076,15.0114,6295.1836,3
20260815_200150_9f5a13,2021-12-21,600068.SH,2200,2200,52.715616,63.06543,22769.5908,95
20260815_200150_9f5a13,2021-12-21,002262.SZ,1000,1000,130.697257,126.23919,-4458.067,35
20260815_200150_9f5a13,2021-12-21,603139.SH,6200,6200,19.614511,21.2995,10446.9318,35
20260815_200150_9f5a13,2021-12-21,002308.SZ,6700,6400,18.769419,20.06642,8689.9067,29
20260815_200150_9f5a13,2021-12-21,002864.SZ,4300,4300,25.248461,30.21507,21356.4187,22
20260815_200150_9f5a13,2021-12-21,600062.SH,1300,1300,101.887135,97.4897,-5716.6655,17
20260815_200150_9f5a13,2021-12-21,002197.SZ,4000,4000,31.371565,32.7609,5557.34,16
20260815_200150_9f5a13,2021-12-21,600594.SH,1100,1100,110.176106,115.27846,5612.5894,16
20260815_200150_9f5a13,2021-12-21,002628.SZ,8700,8700,14.304076,14.859,4827.8388,4
20260815_200150_9f5a13,2021-12-22,600068.SH,2200,2200,52.715616,63.06543,22769.5908,96
20260815_200150_9f5a13,2021-12-22,002262.SZ,1000,1000,130.697257,130.17081,-526.447,36
20260815_200150_9f5a13,2021-12-22,603139.SH,6200,6200,19.614511,21.69925,12925.3818,36
20260815_200150_9f5a13,2021-12-22,002308.SZ,6600,6600,18.769419,19.58968,5413.7226,30
20260815_200150_9f5a13,2021-12-22,002864.SZ,4300,4300,25.248461,32.2389,30058.8877,23
20260815_200150_9f5a13,2021-12-22,600062.SH,1300,1300,101.887135,98.53711,-4355.0325,18
20260815_200150_9f5a13,2021-12-22,002197.SZ,4000,4000,31.371565,32.3928,4084.94,17
20260815_200150_9f5a13,2021-12-22,600594.SH,1100,1100,110.176106,119.50421,10260.9144,17
20260815_200150_9f5a13,2021-12-22,002628.SZ,8800,8700,14.307559,14.7447,3846.8408,5
20260815_200150_9f5a13,2021-12-23,600068.SH,2200,2200,52.715616,63.06543,22769.5908,97
20260815_200150_9f5a13,2021-12-23,002262.SZ,1000,1000,130.697257,129.57252,-1124.737,37
20260815_200150_9f5a13,2021-12-23,603139.SH,6200,6200,19.614511,21.16625,9620.7818,37
20260815_200150_9f5a13,2021-12-23,002308.SZ,6700,6600,18.783323,19.02626,1627.6779,31
20260815_200150_9f5a13,2021-12-23,002864.SZ,4200,4200,25.248461,31.06935,24447.7338,24
20260815_200150_9f5a13,2021-12-23,600062.SH,1300,1300,101.887135,97.89255,-5192.9605,19
20260815_200150_9f5a13,2021-12-23,002197.SZ,4100,4000,31.395463,32.1474,3082.9417,18
20260815_200150_9f5a13,2021-12-23,600594.SH,1100,1100,110.176106,117.64488,8215.6514,18
20260815_200150_9f5a13,2021-12-23,002628.SZ,9000,8800,14.313444,14.1732,-1262.196,6
20260815_200150_9f5a13,2021-12-24,600068.SH,2200,2200,52.715616,63.06543,22769.5908,98
20260815_200150_9f5a13,2021-12-24,002262.SZ,1000,1000,130.697257,130.42722,-270.037,38
20260815_200150_9f5a13,2021-12-24,603139.SH,6200,6200,19.614511,21.5865,12226.3318,38
20260815_200150_9f5a13,2021-12-24,002308.SZ,6800,6700,18.787245,18.4195,-2500.666,32
20260815_200150_9f5a13,2021-12-24,002864.SZ,4200,4200,25.248461,31.61853,26754.2898,25
20260815_200150_9f5a13,2021-12-24,600062.SH,1300,1300,101.887135,99.42338,-3202.8815,20
20260815_200150_9f5a13,2021-12-24,002197.SZ,4100,4100,31.395463,31.4112,64.5217,19
20260815_200150_9f5a13,2021-12-24,600594.SH,1100,1100,110.176106,129.47698,21230.9614,19
20260815_200150_9f5a13,2021-12-24,002628.SZ,9100,9000,14.311259,13.4493,-7843.8269,7
20260815_200150_9f5a13,2021-12-27,600068.SH,2200,2200,52.715616,63.06543,22769.5908,99
20260815_200150_9f5a13,2021-12-27,002262.SZ,1000,1000,130.697257,132.90585,2208.593,39
20260815_200150_9f5a13,2021-12-27,603139.SH,6100,6100,19.614511,21.607,12154.1829,39
20260815_200150_9f5a13,2021-12-27,002308.SZ,7100,6800,18.77268,18.6362,-969.008,33
20260815_200150_9f5a13,2021-12-27,002864.SZ,4200,4200,25.248461,31.81176,27565.8558,26
20260815_200150_9f5a13,2021-12-27,600062.SH,1300,1300,101.887135,101.59877,-374.8745,21
20260815_200150_9f5a13,2021-12-27,002197.SZ,4100,4100,31.395463,31.4521,232.2117,20
20260815_200150_9f5a13,2021-12-27,600594.SH,1100,1100,110.176106,131.8434,23834.0234,20
20260815_200150_9f5a13,2021-12-27,002628.SZ,9700,9100,14.258982,13.6017,-6375.6354,8
20260815_200150_9f5a13,2021-12-28,600068.SH,2200,2200,52.715616,63.06543,22769.5908,100
20260815_200150_9f5a13,2021-12-28,002262.SZ,1000,1000,130.697257,133.50414,2806.883,40
20260815_200150_9f5a13,2021-12-28,603139.SH,6100,6100,19.614511,21.2175,9778.2329,40
20260815_200150_9f5a13,2021-12-28,002308.SZ,7100,7100,18.77268,19.32964,3954.416,34
20260815_200150_9f5a13,2021-12-28,002864.SZ,4200,4200,25.248461,31.527,26369.8638,27
20260815_200150_9f5a13,2021-12-28,600062.SH,1300,1300,101.887135,104.57986,3500.5425,22
20260815_200150_9f5a13,2021-12-28,002197.SZ,4200,4100,31.399698,34.6014,13447.1484,21
20260815_200150_9f5a13,2021-12-28,600594.SH,1100,1100,110.176106,126.7725,18256.0334,21
20260815_200150_9f5a13,2021-12-28,002628.SZ,9700,9700,14.258982,13.9446,-3049.5054,9
20260815_200150_9f5a13,2021-12-29,600068.SH,2200,2200,52.715616,63.06543,22769.5908,101
20260815_200150_9f5a13,2021-12-29,002262.SZ,1000,1000,130.697257,132.30756,1610.303,41
20260815_200150_9f5a13,2021-12-29,603139.SH,6300,6100,19.662984,21.61725,12311.8758,41
20260815_200150_9f5a13,2021-12-29,002308.SZ,7000,7000,18.77268,18.89624,864.92,35
20260815_200150_9f5a13,2021-12-29,002864.SZ,4200,4200,25.248461,31.3236,25515.5838,28
20260815_200150_9f5a13,2021-12-29,600062.SH,1300,1300,101.887135,104.57986,3500.5425,23
20260815_200150_9f5a13,2021-12-29,002197.SZ,4000,4000,31.399698,34.4787,12316.008,22
20260815_200150_9f5a13,2021-12-29,600594.SH,1100,1100,110.176106,126.26541,17698.2344,22
20260815_200150_9f5a13,2021-12-29,002628.SZ,9700,9700,14.258982,13.8303,-4158.2154,10
20260815_200150_9f5a13,2021-12-30,600068.SH,2200,2200,52.715616,63.06543,22769.5908,102
20260815_200150_9f5a13,2021-12-30,002262.SZ,1000,1000,130.697257,131.28192,584.663,42
20260815_200150_9f5a13,2021-12-30,603139.SH,6300,6300,19.662984,21.76075,13215.9258,42
20260815_200150_9f5a13,2021-12-30,002308.SZ,7000,7000,18.77268,20.3698,11179.84,36
20260815_200150_9f5a13,2021-12-30,002864.SZ,4200,4200,25.248461,30.83544,23465.3118,29
20260815_200150_9f5a13,2021-12-30,600062.SH,1300,1300,101.887135,103.69359,2348.3915,24
20260815_200150_9f5a13,2021-12-30,002197.SZ,3900,3900,31.399698,35.4194,15676.8378,23
20260815_200150_9f5a13,2021-12-30,600594.SH,1100,1100,110.176106,129.30795,21045.0284,23
20260815_200150_9f5a13,2021-12-30,002628.SZ,9700,9700,14.258982,13.9065,-3419.0754,11
20260815_200150_9f5a13,2021-12-31,600068.SH,2200,2200,52.715616,63.06543,22769.5908,103
20260815_200150_9f5a13,2021-12-31,002262.SZ,1000,1000,130.697257,133.76055,3063.293,43
20260815_200150_9f5a13,2021-12-31,603139.SH,6300,6300,19.662984,22.31425,16702.9758,43
20260815_200150_9f5a13,2021-12-31,002308.SZ,6700,6700,18.77268,19.97974,8087.302,37
20260815_200150_9f5a13,2021-12-31,002864.SZ,4400,4200,25.505556,31.86261,27971.0376,30
20260815_200150_9f5a13,2021-12-31,600062.SH,1300,1300,101.887135,107.72209,7585.4415,25
20260815_200150_9f5a13,2021-12-31,002197.SZ,3900,3900,31.399698,35.8693,17431.4478,24
20260815_200150_9f5a13,2021-12-31,600594.SH,1100,1100,110.176106,137.42139,29969.8124,24
20260815_200150_9f5a13,2021-12-31,002628.SZ,9700,9700,14.258982,13.716,-5266.9254,12
20260815_200150_9f5a13,2022-01-04,600068.SH,2200,2200,52.715616,63.06543,22769.5908,104
20260815_200150_9f5a13,2022-01-04,002262.SZ,1000,1000,130.697257,136.06824,5370.983,44
20260815_200150_9f5a13,2022-01-04,603139.SH,6300,6300,19.662984,22.84725,20060.8758,44
20260815_200150_9f5a13,2022-01-04,002308.SZ,6900,6700,18.80336,20.3698,10808.436,38
20260815_200150_9f5a13,2022-01-04,002864.SZ,4400,4400,25.505556,32.6457,31416.6336,31
20260815_200150_9f5a13,2022-01-04,600062.SH,1300,1300,101.887135,108.36665,8423.3695,26
20260815_200150_9f5a13,2022-01-04,002197.SZ,3900,3900,31.399698,36.401,19505.0778,25
20260815_200150_9f5a13,2022-01-04,600594.SH,1100,1100,110.176106,141.81617,34804.0704,25
20260815_200150_9f5a13,2022-01-04,002628.SZ,10100,9700,14.238157,14.2494,113.5543,13
20260815_200150_9f5a13,2022-01-05,600068.SH,2200,2200,52.715616,63.06543,22769.5908,105
20260815_200150_9f5a13,2022-01-05,002262.SZ,1000,1000,130.697257,135.21354,4516.283,45
20260815_200150_9f5a13,2022-01-05,603139.SH,6300,6300,19.662984,21.32,10439.2008,45
20260815_200150_9f5a13,2022-01-05,002308.SZ,6900,6900,18.80336,20.19644,9612.252,39
20260815_200150_9f5a13,2022-01-05,002864.SZ,4400,4400,25.505556,30.34728,21303.5856,32
20260815_200150_9f5a13,2022-01-05,600062.SH,1300,1300,101.887135,106.03012,5385.8805,27
20260815_200150_9f5a13,2022-01-05,002197.SZ,3900,3900,31.399698,35.4194,15676.8378,26
20260815_200150_9f5a13,2022-01-05,600594.SH,1000,1000,110.176106,132.85758,22681.474,26
20260815_200150_9f5a13,2022-01-05,002628.SZ,10000,10000,14.238157,14.2494,112.43,14
20260815_200150_9f5a13,2022-01-06,600068.SH,2200,2200,52.715616,63.06543,22769.5908,106
20260815_200150_9f5a13,2022-01-06,002262.SZ,1000,1000,130.697257,136.752,6054.743,46
20260815_200150_9f5a13,2022-01-06,603139.SH,6400,6300,19.689291,23.452,24081.3376,46
20260815_200150_9f5a13,2022-01-06,002308.SZ,6800,6800,18.80336,19.89306,7409.96,40
20260815_200150_9f5a13,2022-01-06,002864.SZ,4500,4400,25.606299,30.94731,24034.5495,33
20260815_200150_9f5a13,2022-01-06,600062.SH,1300,1300,101.887135,107.56095,7375.9595,28
20260815_200150_9f5a13,2022-01-06,002197.SZ,3900,3900,31.399698,35.8693,17431.4478,27
20260815_200150_9f5a13,2022-01-06,600594.SH,1000,1000,110.176106,138.09751,27921.404,27
20260815_200150_9f5a13,2022-01-06,002628.SZ,9700,9700,14.238157,14.4399,1956.9071,15
20260815_200150_9f5a13,2022-01-07,600068.SH,2200,2200,52.715616,63.06543,22769.5908,107
20260815_200150_9f5a13,2022-01-07,002262.SZ,1000,1000,130.697257,134.78619,4088.933,47
20260815_200150_9f5a13,2022-01-07,603139.SH,6000,6000,19.689291,22.08875,14396.754,47
20260815_200150_9f5a13,2022-01-07,002308.SZ,7000,6800,18.840164,20.19644,9493.932,41
20260815_200150_9f5a13,2022-01-07,002864.SZ,4500,4500,25.606299,29.84895,19091.9295,34
20260815_200150_9f5a13,2022-01-07,600062.SH,1300,1300,101.887135,106.43297,5909.5855,29
20260815_200150_9f5a13,2022-01-07,002197.SZ,3900,3900,31.399698,35.5012,15995.8578,28
20260815_200150_9f5a13,2022-01-07,600594.SH,1000,1000,110.176106,130.99825,20822.144,28
20260815_200150_9f5a13,2022-01-07,002628.SZ,9700,9700,14.238157,14.1351,-999.6529,16
20260815_200150_9f5a13,2022-01-10,600068.SH,2200,2200,52.715616,63.06543,22769.5908,108
20260815_200150_9f5a13,2022-01-10,002262.SZ,1000,1000,130.697257,137.00841,6311.153,48
20260815_200150_9f5a13,2022-01-10,603139.SH,6200,6000,19.749376,22.08875,14504.1188,48
20260815_200150_9f5a13,2022-01-10,002308.SZ,6800,6800,18.840164,20.28312,9812.1008,42
20260815_200150_9f5a13,2022-01-10,002864.SZ,4500,4500,25.606299,31.79142,27833.0445,35
20260815_200150_9f5a13,2022-01-10,600062.SH,1300,1300,101.887135,110.05862,10622.9305,30
20260815_200150_9f5a13,2022-01-10,002197.SZ,3900,3900,31.399698,34.8468,13443.6978,29
20260815_200150_9f5a13,2022-01-10,600594.SH,1000,1000,110.176106,131.8434,21667.294,29
20260815_200150_9f5a13,2022-01-10,002628.SZ,9700,9700,14.238157,14.097,-1369.2229,17
20260815_200150_9f5a13,2022-01-11,600068.SH,2200,2200,52.715616,63.06543,22769.5908,109
20260815_200150_9f5a13,2022-01-11,002262.SZ,1000,1000,130.697257,136.66653,5969.273,49
20260815_200150_9f5a13,2022-01-11,603139.SH,6200,6200,19.749376,22.96,19905.8688,49
20260815_200150_9f5a13,2022-01-11,002308.SZ,6800,6800,18.840164,20.88988,13938.0688,43
20260815_200150_9f5a13,2022-01-11,002864.SZ,4400,4400,25.606299,31.9338,27841.0044,36
20260815_200150_9f5a13,2022-01-11,600062.SH,1300,1300,101.887135,111.10603,11984.5635,31
20260815_200150_9f5a13,2022-01-11,002197.SZ,3900,3900,31.399698,34.1924,10891.5378,30
20260815_200150_9f5a13,2022-01-11,600594.SH,1000,1000,110.176106,141.81617,31640.064,30
20260815_200150_9f5a13,2022-01-11,002628.SZ,9800,9700,14.236896,13.9827,-2491.1208,18
20260815_200150_9f5a13,2022-01-12,600068.SH,2200,2200,52.715616,63.06543,22769.5908,110
20260815_200150_9f5a13,2022-01-12,002262.SZ,1000,1000,130.697257,138.29046,7593.203,50
20260815_200150_9f5a13,2022-01-12,603139.SH,6200,6200,19.749376,22.80625,18952.6188,50
20260815_200150_9f5a13,2022-01-12,002308.SZ,6800,6800,18.840164,20.8032,13348.6448,44
20260815_200150_9f5a13,2022-01-12,002864.SZ,4400,4400,25.606299,32.02533,28243.7364,37
20260815_200150_9f5a13,2022-01-12,600062.SH,1300,1300,101.887135,110.21976,10832.4125,32
20260815_200150_9f5a13,2022-01-12,002197.SZ,4100,3900,31.538013,34.9286,13901.4067,31
20260815_200150_9f5a13,2022-01-12,600594.SH,1000,1000,110.176106,139.61878,29442.674,31
20260815_200150_9f5a13,2022-01-12,002628.SZ,10000,9800,14.230636,14.0208,-2098.36,19
20260815_200150_9f5a13,2022-01-13,600068.SH,2200,2200,52.715616,63.06543,22769.5908,111
20260815_200150_9f5a13,2022-01-13,002262.SZ,1000,1000,130.697257,133.93149,3234.233,51
20260815_200150_9f5a13,2022-01-13,603139.SH,6200,6200,19.749376,21.935,13550.8688,51
20260815_200150_9f5a13,2022-01-13,002308.SZ,6800,6800,18.840164,20.3698,10401.5248,45
20260815_200150_9f5a13,2022-01-13,002864.SZ,4400,4400,25.606299,30.87612,23187.2124,38
20260815_200150_9f5a13,2022-01-13,600062.SH,1300,1300,101.887135,107.9638,7899.6645,33
20260815_200150_9f5a13,2022-01-13,002197.SZ,4100,4100,31.538013,35.7466,17255.2067,32
20260815_200150_9f5a13,2022-01-13,600594.SH,1000,1000,110.176106,132.18146,22005.354,32
20260815_200150_9f5a13,2022-01-13,002628.SZ,10000,10000,14.230636,14.2113,-193.36,20
20260815_200150_9f5a13,2022-01-14,600068.SH,2200,2200,52.715616,63.06543,22769.5908,112
20260815_200150_9f5a13,2022-01-14,002262.SZ,1000,1000,130.697257,136.752,6054.743,52
20260815_200150_9f5a13,2022-01-14,603139.SH,6300,6200,19.783201,22.39625,16462.2087,52
20260815_200150_9f5a13,2022-01-14,002308.SZ,6800,6800,18.840164,20.3698,10401.5248,46
20260815_200150_9f5a13,2022-01-14,002864.SZ,4400,4400,25.606299,32.01516,28198.9884,39
20260815_200150_9f5a13,2022-01-14,600062.SH,1300,1300,101.887135,108.60836,8737.5925,34
20260815_200150_9f5a13,2022-01-14,002197.SZ,3900,3900,31.538013,35.0513,13701.8193,33
20260815_200150_9f5a13,2022-01-14,600594.SH,1000,1000,110.176106,137.42139,27245.284,33
20260815_200150_9f5a13,2022-01-14,002628.SZ,9800,9800,14.230636,13.716,-5043.4328,21
20260815_200150_9f5a13,2022-01-17,600068.SH,2200,2200,52.715616,63.06543,22769.5908,113
20260815_200150_9f5a13,2022-01-17,002262.SZ,1000,1000,130.697257,135.0426,4345.343,53
20260815_200150_9f5a13,2022-01-17,603139.SH,6300,6300,19.783201,21.7505,12393.9837,53
20260815_200150_9f5a13,2022-01-17,002308.SZ,6800,6800,18.840164,20.93322,14232.7808,47
20260815_200150_9f5a13,2022-01-17,002864.SZ,4400,4400,25.606299,31.3236,25156.1244,40
20260815_200150_9f5a13,2022-01-17,600062.SH,1300,1300,101.887135,109.97805,10518.1895,35
20260815_200150_9f5a13,2022-01-17,002197.SZ,3900,3900,31.538013,37.5053,23272.4193,34
20260815_200150_9f5a13,2022-01-17,600594.SH,1000,1000,110.176106,133.87176,23695.654,34
20260815_200150_9f5a13,2022-01-17,002628.SZ,10100,9800,14.214726,13.8684,-3497.8926,22
20260815_200150_9f5a13,2022-01-18,600068.SH,2200,2200,52.715616,63.06543,22769.5908,114
20260815_200150_9f5a13,2022-01-18,002262.SZ,1000,1000,130.697257,133.58961,2892.353,54
20260815_200150_9f5a13,2022-01-18,603139.SH,6400,6300,19.814365,19.60825,-1319.136,54
20260815_200150_9f5a13,2022-01-18,002308.SZ,6700,6700,18.840164,19.9364,7344.7812,48
20260815_200150_9f5a13,2022-01-18,002864.SZ,4400,4400,25.606299,29.29977,16251.2724,41
20260815_200150_9f5a13,2022-01-18,600062.SH,1300,1300,101.887135,106.75525,6328.5495,36
20260815_200150_9f5a13,2022-01-18,002197.SZ,3800,3800,31.538013,36.6873,19567.2906,35
20260815_200150_9f5a13,2022-01-18,600594.SH,1000,1000,110.176106,126.09638,15920.274,35
20260815_200150_9f5a13,2022-01-18,002628.SZ,10100,10100,14.214726,14.2875,735.0174,23
20260815_200150_9f5a13,2022-01-19,600068.SH,2200,2200,52.715616,63.06543,22769.5908,115
20260815_200150_9f5a13,2022-01-19,002262.SZ,1000,1000,130.697257,131.11098,413.723,55
20260815_200150_9f5a13,2022-01-19,603139.SH,6800,6400,19.803683,19.85425,343.8556,55
20260815_200150_9f5a13,2022-01-19,002308.SZ,6700,6700,18.840164,20.3698,10248.5612,49
20260815_200150_9f5a13,2022-01-19,002864.SZ,4600,4400,25.768035,29.51334,17228.403,42
20260815_200150_9f5a13,2022-01-19,600062.SH,1300,1300,101.887135,107.1581,6852.2545,37
20260815_200150_9f5a13,2022-01-19,002197.SZ,3700,3700,31.538013,36.81,19506.3519,36
20260815_200150_9f5a13,2022-01-19,600594.SH,1000,1000,110.176106,123.22287,13046.764,36
20260815_200150_9f5a13,2022-01-19,002628.SZ,9500,9500,14.214726,14.4399,2139.153,24
20260815_200150_9f5a13,2022-01-20,600068.SH,2200,2200,52.715616,63.06543,22769.5908,116
20260815_200150_9f5a13,2022-01-20,002262.SZ,1000,1000,130.697257,129.74346,-953.797,56
20260815_200150_9f5a13,2022-01-20,603139.SH,6800,6800,19.803683,19.0855,-4883.6444,56
20260815_200150_9f5a13,2022-01-20,002308.SZ,6700,6700,18.840164,19.63302,5312.1352,50
20260815_200150_9f5a13,2022-01-20,002864.SZ,4600,4600,25.768035,28.60821,13064.805,43
20260815_200150_9f5a13,2022-01-20,600062.SH,1300,1300,101.887135,106.27183,5700.1035,38
20260815_200150_9f5a13,2022-01-20,002197.SZ,3700,3700,31.538013,37.5462,22230.2919,37
20260815_200150_9f5a13,2022-01-20,600594.SH,1000,1000,110.176106,120.34936,10173.254,37
20260815_200150_9f5a13,2022-01-20,002628.SZ,9400,9400,14.214726,13.9827,-2181.0444,25
20260815_200150_9f5a13,2022-01-21,600068.SH,2200,2200,52.715616,63.06543,22769.5908,117
20260815_200150_9f5a13,2022-01-21,002262.SZ,1000,1000,130.697257,127.00842,-3688.837,57
20260815_200150_9f5a13,2022-01-21,603139.SH,6900,6800,19.795703,18.78825,-6951.4257,57
20260815_200150_9f5a13,2022-01-21,002308.SZ,6700,6700,18.840164,19.67636,5602.5132,51
20260815_200150_9f5a13,2022-01-21,002864.SZ,4600,4600,25.768035,28.24209,11380.653,44
20260815_200150_9f5a13,2022-01-21,600062.SH,1300,1300,101.887135,103.1296,1615.2045,39
20260815_200150_9f5a13,2022-01-21,002197.SZ,3600,3600,31.538013,41.309,35175.5532,38
20260815_200150_9f5a13,2022-01-21,600594.SH,1100,1000,111.037698,117.47585,7081.9672,38
20260815_200150_9f5a13,2022-01-21,002628.SZ,9400,9400,14.214726,13.8303,-3613.6044,26
20260815_200150_9f5a13,2022-01-24,600068.SH,2200,2200,52.715616,63.06543,22769.5908,118
20260815_200150_9f5a13,2022-01-24,002262.SZ,1000,1000,130.697257,128.11953,-2577.727,58
20260815_200150_9f5a13,2022-01-24,603139.SH,7000,6900,19.782086,18.72675,-7387.352,58
20260815_200150_9f5a13,2022-01-24,002308.SZ,6700,6700,18.840164,19.0696,1537.2212,52
20260815_200150_9f5a13,2022-01-24,002864.SZ,4600,4600,25.768035,28.02852,10398.231,45
20260815_200150_9f5a13,2022-01-24,600062.SH,1300,1300,101.887135,101.43763,-584.3565,40
20260815_200150_9f5a13,2022-01-24,002197.SZ,3300,3300,31.538013,45.4399,45876.2271,39
20260815_200150_9f5a13,2022-01-24,600594.SH,1100,1100,111.037698,114.43331,3735.1732,39
20260815_200150_9f5a13,2022-01-24,002628.SZ,9500,9400,14.210861,14.1732,-357.7795,27
20260815_200150_9f5a13,2022-01-25,600068.SH,2200,2200,52.715616,63.06543,22769.5908,119
20260815_200150_9f5a13,2022-01-25,002262.SZ,1000,1000,130.697257,121.19646,-9500.797,59
20260815_200150_9f5a13,2022-01-25,603139.SH,7100,7000,19.767552,17.835,-13721.1192,59
20260815_200150_9f5a13,2022-01-25,002308.SZ,6900,6700,18.846248,18.02944,-5635.9752,53
20260815_200150_9f5a13,2022-01-25,002864.SZ,4700,4600,25.814493,26.33013,2423.4939,46
20260815_200150_9f5a13,2022-01-25,600062.SH,1300,1300,101.887135,97.24799,-6030.8885,41
20260815_200150_9f5a13,2022-01-25,002197.SZ,3000,3000,31.538013,49.9798,55325.361,40
20260815_200150_9f5a13,2022-01-25,600594.SH,1100,1100,111.037698,106.82696,-4631.8118,40
20260815_200150_9f5a13,2022-01-25,002628.SZ,9500,9500,14.210861,13.1826,-9768.4795,28
20260815_200150_9f5a13,2022-01-26,600068.SH,2200,2200,52.715616,63.06543,22769.5908,120
20260815_200150_9f5a13,2022-01-26,002262.SZ,1000,1000,130.697257,120.59817,-10099.087,60
20260815_200150_9f5a13,2022-01-26,002308.SZ,7100,6900,18.826319,18.28948,-3811.5569,54
20260815_200150_9f5a13,2022-01-26,002864.SZ,4800,4700,25.825921,26.31996,2371.3872,47
20260815_200150_9f5a13,2022-01-26,600062.SH,1300,1300,101.887135,97.65084,-5507.1835,42
20260815_200150_9f5a13,2022-01-26,002197.SZ,2700,2700,31.538013,54.9696,63265.2849,41
20260815_200150_9f5a13,2022-01-26,600594.SH,1200,1100,110.712037,107.50308,-3850.7484,41
20260815_200150_9f5a13,2022-01-26,002628.SZ,9700,9500,14.189213,13.7541,-4220.5961,29
20260815_200150_9f5a13,2022-01-26,600115.SH,16200,0,7.929672,7.93364,64.2816,1
20260815_200150_9f5a13,2022-01-27,600068.SH,2200,2200,52.715616,63.06543,22769.5908,121
20260815_200150_9f5a13,2022-01-27,002308.SZ,7200,7100,18.811948,16.4692,-16867.7856,55
20260815_200150_9f5a13,2022-01-27,002864.SZ,5000,4800,25.851479,25.50636,-1725.595,48
20260815_200150_9f5a13,2022-01-27,600062.SH,1300,1300,101.887135,95.79773,-7916.2265,43
20260815_200150_9f5a13,2022-01-27,002197.SZ,2400,2400,31.538013,49.489,43082.3688,42
20260815_200150_9f5a13,2022-01-27,600594.SH,1200,1200,110.712037,106.4889,-5067.7644,42
20260815_200150_9f5a13,2022-01-27,002628.SZ,9600,9600,14.189213,13.4493,-7103.1648,30
20260815_200150_9f5a13,2022-01-27,600115.SH,16600,16200,7.930007,7.9059,-400.1762,2
20260815_200150_9f5a13,2022-01-27,600857.SH,2000,0,64.672676,64.93428,523.208,1
20260815_200150_9f5a13,2022-01-28,600068.SH,2200,2200,52.715616,63.06543,22769.5908,122
20260815_200150_9f5a13,2022-01-28,002864.SZ,5000,5000,25.851479,25.67925,-861.145,49
20260815_200150_9f5a13,2022-01-28,600062.SH,1300,1300,101.887135,95.63659,-8125.7085,44
20260815_200150_9f5a13,2022-01-28,002197.SZ,2500,2400,32.060324,44.99,32324.19,43
20260815_200150_9f5a13,2022-01-28,600594.SH,1200,1200,110.712037,107.67211,-3647.9124,43
20260815_200150_9f5a13,2022-01-28,002628.SZ,9500,9500,14.189213,13.7922,-3771.6235,31
20260815_200150_9f5a13,2022-01-28,600115.SH,16100,16100,7.930007,7.96138,505.1053,3
20260815_200150_9f5a13,2022-01-28,600857.SH,2000,2000,64.672676,66.93138,4517.408,2
20260815_200150_9f5a13,2022-01-28,603056.SH,10800,0,11.765782,11.82382,626.8104,1
20260815_200150_9f5a13,2022-02-07,600068.SH,2200,2200,52.715616,63.06543,22769.5908,123
20260815_200150_9f5a13,2022-02-07,002864.SZ,5000,5000,25.851479,25.78095,-352.645,50
20260815_200150_9f5a13,2022-02-07,600062.SH,1300,1300,101.887135,97.08685,-6240.3705,45
20260815_200150_9f5a13,2022-02-07,002197.SZ,2800,2500,33.71493,47.853,39586.596,44
20260815_200150_9f5a13,2022-02-07,600594.SH,1200,1200,110.712037,109.36241,-1619.5524,44
20260815_200150_9f5a13,2022-02-07,002628.SZ,9300,9300,14.189213,14.7828,5520.3591,32
20260815_200150_9f5a13,2022-02-07,600115.SH,16000,16000,7.930007,7.96138,501.968,4
20260815_200150_9f5a13,2022-02-07,600857.SH,2000,2000,64.672676,73.3221,17298.848,3
20260815_200150_9f5a13,2022-02-07,603056.SH,10800,10800,11.765782,11.62641,-1505.2176,2
20260815_200150_9f5a13,2022-02-08,600068.SH,2200,2200,52.715616,63.06543,22769.5908,124
20260815_200150_9f5a13,2022-02-08,002864.SZ,5000,5000,25.851479,25.91316,308.405,51
20260815_200150_9f5a13,2022-02-08,600062.SH,1300,1300,101.887135,98.21483,-4773.9965,46
20260815_200150_9f5a13,2022-02-08,002197.SZ,2800,2800,33.71493,50.7978,47832.036,45
20260815_200150_9f5a13,2022-02-08,600594.SH,1200,1200,110.712037,111.72883,1220.1516,45
20260815_200150_9f5a13,2022-02-08,002628.SZ,8900,8900,14.189213,15.1257,8334.7343,33
20260815_200150_9f5a13,2022-02-08,600115.SH,16400,16000,7.929321,8.22491,4847.6596,5
20260815_200150_9f5a13,2022-02-08,600857.SH,1800,1800,64.672676,69.72732,9098.3592,4
20260815_200150_9f5a13,2022-02-08,603056.SH,11200,10800,11.754264,11.38744,-4108.4288,3
20260815_200150_9f5a13,2022-02-09,600068.SH,2200,2200,52.715616,63.06543,22769.5908,125
20260815_200150_9f5a13,2022-02-09,002864.SZ,5100,5000,25.85532,26.5437,3510.738,52
20260815_200150_9f5a13,2022-02-09,600062.SH,1300,1300,101.887135,101.11535,-1003.3205,47
20260815_200150_9f5a13,2022-02-09,002197.SZ,2700,2700,33.71493,55.8694,59817.069,46
20260815_200150_9f5a13,2022-02-09,600594.SH,1200,1200,110.712037,114.77137,4871.1996,46
20260815_200150_9f5a13,2022-02-09,002628.SZ,8800,8800,14.189213,15.0495,7570.5256,34
20260815_200150_9f5a13,2022-02-09,600115.SH,16200,16200,7.929321,8.1833,4114.4598,6
20260815_200150_9f5a13,2022-02-09,600857.SH,1900,1800,64.907215,67.6161,5146.8815,5
20260815_200150_9f5a13,2022-02-09,603056.SH,11600,11200,11.741388,11.55368,-2177.4128,4
20260815_200150_9f5a13,2022-02-10,600068.SH,2200,2200,52.715616,63.06543,22769.5908,126
20260815_200150_9f5a13,2022-02-10,002864.SZ,5100,5100,25.85532,26.30979,2317.797,53
20260815_200150_9f5a13,2022-02-10,600062.SH,1300,1300,101.887135,100.79307,-1422.2845,48
20260815_200150_9f5a13,2022-02-10,002197.SZ,2500,2500,33.71493,61.4727,69394.425,47
20260815_200150_9f5a13,2022-02-10,600594.SH,1200,1200,110.712037,114.09525,4059.8556,47
20260815_200150_9f5a13,2022-02-10,002628.SZ,8900,8800,14.198662,15.2781,9606.9982,35
20260815_200150_9f5a13,2022-02-10,600115.SH,16500,16200,7.933115,8.47457,8934.0075,7
20260815_200150_9f5a13,2022-02-10,600857.SH,1900,1900,64.907215,74.40624,18048.1475,6
20260815_200150_9f5a13,2022-02-10,603056.SH,11600,11600,11.741388,11.3251,-4828.9408,5
20260815_200150_9f5a13,2022-02-11,600068.SH,2200,2200,52.715616,63.06543,22769.5908,127
20260815_200150_9f5a13,2022-02-11,002864.SZ,5200,5100,25.862147,25.3233,-2802.0044,54
20260815_200150_9f5a13,2022-02-11,600062.SH,1300,1300,101.887135,98.2954,-4669.2555,49
20260815_200150_9f5a13,2022-02-11,002197.SZ,2300,2300,33.71493,58.6097,57257.971,48
20260815_200150_9f5a13,2022-02-11,600594.SH,1200,1200,110.712037,110.20756,-605.3724,48
20260815_200150_9f5a13,2022-02-11,002628.SZ,9000,8900,14.210444,14.9733,6865.704,36
20260815_200150_9f5a13,2022-02-11,600115.SH,16400,16400,7.933115,8.34974,6832.65,8
20260815_200150_9f5a13,2022-02-11,600857.SH,1900,1900,64.907215,71.49618,12519.0335,7
20260815_200150_9f5a13,2022-02-11,603056.SH,12200,11600,11.721611,11.7407,232.8858,6
20260815_200150_9f5a13,2022-02-14,600068.SH,2200,2200,52.715616,63.06543,22769.5908,128
20260815_200150_9f5a13,2022-02-14,002864.SZ,5300,5200,25.852577,25.5267,-1727.1481,55
20260815_200150_9f5a13,2022-02-14,600062.SH,1300,1300,101.887135,97.89255,-5192.9605,50
20260815_200150_9f5a13,2022-02-14,002197.SZ,2300,2300,33.71493,57.3418,54341.801,49
20260815_200150_9f5a13,2022-02-14,600594.SH,1200,1200,110.712037,109.53144,-1416.7164,49
20260815_200150_9f5a13,2022-02-14,002628.SZ,9000,9000,14.210444,14.8971,6179.904,37
20260815_200150_9f5a13,2022-02-14,600115.SH,16300,16300,7.933115,8.10008,2721.5295,9
20260815_200150_9f5a13,2022-02-14,600857.SH,1900,1900,64.907215,71.83854,13169.5175,8
20260815_200150_9f5a13,2022-02-14,603056.SH,11600,11600,11.721611,11.38744,-3876.3836,7
20260815_200150_9f5a13,2022-02-15,600068.SH,2200,2200,52.715616,63.06543,22769.5908,129
20260815_200150_9f5a13,2022-02-15,002864.SZ,5300,5300,25.852577,26.42166,3016.1399,56
20260815_200150_9f5a13,2022-02-15,600062.SH,1300,1300,101.887135,98.93996,-3831.3275,51
20260815_200150_9f5a13,2022-02-15,002197.SZ,2300,2300,33.71493,52.3929,42959.331,50
20260815_200150_9f5a13,2022-02-15,600594.SH,1200,1200,110.712037,111.22174,611.6436,50
20260815_200150_9f5a13,2022-02-15,002628.SZ,9000,9000,14.210444,15.1257,8237.304,38
20260815_200150_9f5a13,2022-02-15,600115.SH,16500,16300,7.935598,7.93364,-32.307,10
20260815_200150_9f5a13,2022-02-15,600857.SH,1900,1900,64.907215,71.78148,13061.1035,9
20260815_200150_9f5a13,2022-02-15,603056.SH,11700,11600,11.71861,11.13808,-6792.201,8
20260815_200150_9f5a13,2022-02-16,600068.SH,2200,2200,52.715616,63.06543,22769.5908,130
20260815_200150_9f5a13,2022-02-16,002864.SZ,5100,5100,25.852577,26.26911,2124.3183,57
20260815_200150_9f5a13,2022-02-16,600062.SH,1300,1300,101.887135,98.77882,-4040.8095,52
20260815_200150_9f5a13,2022-02-16,002197.SZ,2500,2300,35.391317,53.988,46491.7075,51
20260815_200150_9f5a13,2022-02-16,600594.SH,1200,1200,110.712037,112.57398,2234.3316,51
20260815_200150_9f5a13,2022-02-16,002628.SZ,8900,8900,14.210444,16.6497,21709.3784,39
20260815_200150_9f5a13,2022-02-16,600115.SH,16800,16500,7.935988,7.98912,892.6176,11
20260815_200150_9f5a13,2022-02-16,600857.SH,1900,1900,64.907215,67.10256,4171.1555,10
20260815_200150_9f5a13,2022-02-16,603056.SH,11900,11700,11.708912,11.15886,-6545.6188,9
20260815_200150_9f5a13,2022-02-17,600068.SH,2200,2200,52.715616,63.06543,22769.5908,131
20260815_200150_9f5a13,2022-02-17,002864.SZ,5100,5100,25.852577,25.96401,568.3083,58
20260815_200150_9f5a13,2022-02-17,600062.SH,1300,1300,101.887135,98.05369,-4983.4785,53
20260815_200150_9f5a13,2022-02-17,002197.SZ,2500,2500,35.391317,51.4522,40152.2075,52
20260815_200150_9f5a13,2022-02-17,600594.SH,1200,1200,110.712037,110.03853,-808.2084,52
20260815_200150_9f5a13,2022-02-17,002628.SZ,8200,8200,14.210444,16.383,17814.9592,40
20260815_200150_9f5a13,2022-02-17,600115.SH,16800,16800,7.935988,7.86429,-1204.5264,12
20260815_200150_9f5a13,2022-02-17,600857.SH,2000,1900,64.975472,66.13254,2314.136,11
20260815_200150_9f5a13,2022-02-17,603056.SH,12000,11900,11.704531,11.33549,-4428.492,10
20260815_200150_9f5a13,2022-02-18,600068.SH,2200,2200,52.715616,63.06543,22769.5908,132
20260815_200150_9f5a13,2022-02-18,002864.SZ,5100,5100,25.852577,26.26911,2124.3183,59
20260815_200150_9f5a13,2022-02-18,600062.SH,1300,1300,101.887135,99.02053,-3726.5865,54
20260815_200150_9f5a13,2022-02-18,002197.SZ,2500,2500,35.391317,53.1291,44344.4575,53
20260815_200150_9f5a13,2022-02-18,600594.SH,1200,1200,110.712037,111.22174,611.6436,53
20260815_200150_9f5a13,2022-02-18,002628.SZ,8100,8100,14.210444,16.1925,16054.6536,41
20260815_200150_9f5a13,2022-02-18,600115.SH,16800,16800,7.935988,8.15556,3688.8096,13
20260815_200150_9f5a13,2022-02-18,600857.SH,2000,2000,64.975472,65.0484,145.856,12
20260815_200150_9f5a13,2022-02-18,603056.SH,11800,11800,11.704531,11.31471,-4599.8878,11
20260815_200150_9f5a13,2022-02-21,600068.SH,2200,2200,52.715616,63.06543,22769.5908,133
20260815_200150_9f5a13,2022-02-21,002864.SZ,5100,5100,25.852577,26.57421,3680.3283,60
20260815_200150_9f5a13,2022-02-21,600062.SH,1300,1300,101.887135,99.66509,-2888.6585,55
20260815_200150_9f5a13,2022-02-21,002197.SZ,2500,2500,35.391317,58.4461,57636.9575,54
20260815_200150_9f5a13,2022-02-21,600594.SH,1200,1200,110.712037,113.92622,3857.0196,54
20260815_200150_9f5a13,2022-02-21,002628.SZ,8200,8100,14.233001,15.8496,13256.1118,42
20260815_200150_9f5a13,2022-02-21,600115.SH,16500,16500,7.935988,8.30813,6140.343,14
20260815_200150_9f5a13,2022-02-21,600857.SH,2000,2000,64.975472,66.58902,3227.096,13
20260815_200150_9f5a13,2022-02-21,603056.SH,11800,11800,11.704531,11.21081,-5825.9078,12
20260815_200150_9f5a13,2022-02-22,600068.SH,2200,2200,52.715616,63.06543,22769.5908,134
20260815_200150_9f5a13,2022-02-22,600062.SH,1300,1300,101.887135,98.85939,-3936.0685,56
20260815_200150_9f5a13,2022-02-22,002197.SZ,2400,2400,35.391317,64.2948,69368.3592,55
20260815_200150_9f5a13,2022-02-22,600594.SH,1200,1200,110.712037,111.5598,1017.3156,55
20260815_200150_9f5a13,2022-02-22,002628.SZ,8600,8200,14.305565,15.7353,12295.721,43
20260815_200150_9f5a13,2022-02-22,600115.SH,16500,16500,7.935988,7.9059,-496.452,15
20260815_200150_9f5a13,2022-02-22,600857.SH,2000,2000,64.975472,64.4778,-995.344,14
20260815_200150_9f5a13,2022-02-22,603056.SH,12100,11800,11.692638,11.00301,-8344.4988,13
20260815_200150_9f5a13,2022-02-22,600663.SH,900,0,151.133038,153.06656,1740.1698,1
20260815_200150_9f5a13,2022-02-23,600068.SH,2200,2200,52.715616,63.06543,22769.5908,135
20260815_200150_9f5a13,2022-02-23,600062.SH,1300,1300,101.887135,99.66509,-2888.6585,57
20260815_200150_9f5a13,2022-02-23,002197.SZ,2200,2200,35.391317,59.3868,52790.0626,56
20260815_200150_9f5a13,2022-02-23,600594.SH,1200,1200,110.712037,114.43331,4465.5276,56
20260815_200150_9f5a13,2022-02-23,002628.SZ,8600,8600,14.305565,15.2019,7708.481,44
20260815_200150_9f5a13,2022-02-23,600115.SH,17100,16500,7.937228,7.69785,-4093.3638,16
20260815_200150_9f5a13,2022-02-23,600857.SH,2100,2000,64.961053,65.79018,1741.1667,15
20260815_200150_9f5a13,2022-02-23,603056.SH,12300,12100,11.682494,11.59524,-1073.2242,14
20260815_200150_9f5a13,2022-02-23,600663.SH,900,900,151.133038,152.00544,785.1618,2
20260815_200150_9f5a13,2022-02-24,600068.SH,2200,2200,52.715616,63.06543,22769.5908,136
20260815_200150_9f5a13,2022-02-24,600062.SH,1300,1300,101.887135,97.81198,-5297.7015,58
20260815_200150_9f5a13,2022-02-24,002197.SZ,2200,2200,35.391317,53.7426,40372.8226,57
20260815_200150_9f5a13,2022-02-24,600594.SH,1200,1200,110.712037,111.39077,814.4796,57
20260815_200150_9f5a13,2022-02-24,002628.SZ,8800,8600,14.325501,14.478,1341.9912,45
20260815_200150_9f5a13,2022-02-24,600115.SH,17500,17100,7.931024,7.61463,-5536.895,17
20260815_200150_9f5a13,2022-02-24,600857.SH,2100,2100,64.961053,66.24666,2699.7747,16
20260815_200150_9f5a13,2022-02-24,603056.SH,11700,11700,11.682494,11.95889,3233.8332,15
20260815_200150_9f5a13,2022-02-24,600663.SH,900,900,151.133038,150.01584,-1005.4782,3
20260815_200150_9f5a13,2022-02-25,600068.SH,2200,2200,52.715616,63.06543,22769.5908,137
20260815_200150_9f5a13,2022-02-25,600062.SH,1300,1300,101.887135,99.18167,-3517.1045,59
20260815_200150_9f5a13,2022-02-25,002197.SZ,2400,2200,36.977379,54.9287,43083.1704,58
20260815_200150_9f5a13,2022-02-25,600594.SH,1200,1200,110.712037,113.41913,3248.5116,58
20260815_200150_9f5a13,2022-02-25,002628.SZ,9100,8800,14.337413,14.478,1279.3417,46
20260815_200150_9f5a13,2022-02-25,600115.SH,17400,17400,7.931024,7.60076,-5746.5936,18
20260815_200150_9f5a13,2022-02-25,600857.SH,2000,2000,64.961053,66.53196,3141.814,17
20260815_200150_9f5a13,2022-02-25,603056.SH,11200,11200,11.682494,13.15374,16477.9552,16
20260815_200150_9f5a13,2022-02-25,600663.SH,900,900,151.133038,149.35264,-1602.3582,4
20260815_200150_9f5a13,2022-02-28,600068.SH,2200,2200,52.715616,63.06543,22769.5908,138
20260815_200150_9f5a13,2022-02-28,600062.SH,1300,1300,101.887135,99.42338,-3202.8815,60
20260815_200150_9f5a13,2022-02-28,002197.SZ,2400,2400,36.977379,56.4011,46616.9304,59
20260815_200150_9f5a13,2022-02-28,600594.SH,1200,1200,110.712037,112.57398,2234.3316,59
20260815_200150_9f5a13,2022-02-28,002628.SZ,9300,9100,14.342466,14.6304,2677.7862,47
20260815_200150_9f5a13,2022-02-28,600115.SH,17700,17400,7.925587,7.4898,-7713.4299,19
20260815_200150_9f5a13,2022-02-28,600857.SH,2000,2000,64.961053,67.0455,4168.894,18
20260815_200150_9f5a13,2022-02-28,603056.SH,11200,11200,11.682494,13.15374,16477.9552,17
20260815_200150_9f5a13,2022-02-28,600663.SH,900,900,151.133038,147.2304,-3512.3742,5
20260815_200150_9f5a13,2022-03-01,600068.SH,2200,2200,52.715616,63.06543,22769.5908,139
20260815_200150_9f5a13,2022-03-01,002197.SZ,2400,2400,36.977379,57.3418,48874.6104,60
20260815_200150_9f5a13,2022-03-01,600594.SH,1200,1200,110.712037,112.57398,2234.3316,60
20260815_200150_9f5a13,2022-03-01,002628.SZ,9300,9300,14.342466,14.9733,5866.7562,48
20260815_200150_9f5a13,2022-03-01,600115.SH,18000,17700,7.917554,7.65624,-4703.652,20
20260815_200150_9f5a13,2022-03-01,600857.SH,2000,2000,64.961053,69.09966,8277.214,19
20260815_200150_9f5a13,2022-03-01,603056.SH,11200,11200,11.682494,13.15374,16477.9552,18
20260815_200150_9f5a13,2022-03-01,600663.SH,900,900,151.133038,147.62832,-3154.2462,6
20260815_200150_9f5a13,2022-03-01,300596.SZ,1800,0,72.710353,73.1718,830.6046,1
20260815_200150_9f5a13,2022-03-02,600068.SH,2200,2200,52.715616,63.06543,22769.5908,140
20260815_200150_9f5a13,2022-03-02,002628.SZ,9200,9200,14.342466,15.1257,7205.7528,49
20260815_200150_9f5a13,2022-03-02,600115.SH,17900,17900,7.917554,7.72559,-3436.1556,21
20260815_200150_9f5a13,2022-03-02,600857.SH,2000,2000,64.961053,69.3279,8733.694,20
20260815_200150_9f5a13,2022-03-02,603056.SH,11200,11200,11.682494,13.15374,16477.9552,19
20260815_200150_9f5a13,2022-03-02,600663.SH,900,900,151.133038,150.5464,-527.9742,7
20260815_200150_9f5a13,2022-03-02,300596.SZ,1800,1800,72.710353,72.35878,-632.8314,2
20260815_200150_9f5a13,2022-03-02,002966.SZ,17600,0,7.771304,7.85664,1501.9136,1
20260815_200150_9f5a13,2022-03-02,300154.SZ,3700,0,36.44616,35.89155,-2052.057,1
20260815_200150_9f5a13,2022-03-03,600068.SH,2200,2200,52.715616,63.06543,22769.5908,141
20260815_200150_9f5a13,2022-03-03,002628.SZ,9100,9100,14.342466,15.4305,9901.1094,50
20260815_200150_9f5a13,2022-03-03,600115.SH,17700,17700,7.917554,8.16943,4458.2052,22
20260815_200150_9f5a13,2022-03-03,600857.SH,2000,2000,64.961053,72.7515,15580.894,21
20260815_200150_9f5a13,2022-03-03,603056.SH,11200,11200,11.682494,13.15374,16477.9552,20
20260815_200150_9f5a13,2022-03-03,600663.SH,900,900,151.133038,153.06656,1740.1698,8
20260815_200150_9f5a13,2022-03-03,300596.SZ,1800,1800,72.710353,70.99352,-3090.2994,3
20260815_200150_9f5a13,2022-03-03,002966.SZ,17400,17400,7.771304,7.87776,1852.3344,2
20260815_200150_9f5a13,2022-03-03,300154.SZ,3800,3700,36.439453,35.43336,-3823.1534,2
20260815_200150_9f5a13,2022-03-04,600068.SH,2200,2200,52.715616,63.06543,22769.5908,142
20260815_200150_9f5a13,2022-03-04,002628.SZ,9000,9000,14.342466,15.0495,6363.306,51
20260815_200150_9f5a13,2022-03-04,600115.SH,17000,17000,7.917554,8.0446,2159.782,23
20260815_200150_9f5a13,2022-03-04,600857.SH,2000,2000,64.961053,66.7602,3598.294,22
20260815_200150_9f5a13,2022-03-04,603056.SH,11200,11200,11.682494,13.15374,16477.9552,21
20260815_200150_9f5a13,2022-03-04,600663.SH,900,900,151.133038,153.8624,2456.4258,9
20260815_200150_9f5a13,2022-03-04,300596.SZ,1900,1800,72.62224,70.90148,-3269.444,4
20260815_200150_9f5a13,2022-03-04,002966.SZ,17600,17400,7.772626,7.83552,1106.9344,3
20260815_200150_9f5a13,2022-03-04,300154.SZ,3900,3800,36.413485,35.02608,-5410.8795,3
20260815_200150_9f5a13,2022-03-07,600068.SH,2200,2200,52.715616,63.06543,22769.5908,143
20260815_200150_9f5a13,2022-03-07,002628.SZ,9000,9000,14.342466,14.9733,5677.506,52
20260815_200150_9f5a13,2022-03-07,600115.SH,17000,17000,7.917554,7.3511,-9629.718,24
20260815_200150_9f5a13,2022-03-07,600857.SH,2000,2000,64.961053,66.87432,3826.534,23
20260815_200150_9f5a13,2022-03-07,603056.SH,11200,11200,11.682494,13.15374,16477.9552,22
20260815_200150_9f5a13,2022-03-07,600663.SH,900,900,151.133038,150.14848,-886.1022,10
20260815_200150_9f5a13,2022-03-07,300596.SZ,1900,1900,72.62224,70.1038,-4785.036,5
20260815_200150_9f5a13,2022-03-07,002966.SZ,17400,17400,7.772626,7.74048,-559.3404,4
20260815_200150_9f5a13,2022-03-07,300154.SZ,3900,3900,36.413485,34.46607,-7594.9185,4
20260815_200150_9f5a13,2022-03-08,600068.SH,2200,2200,52.715616,63.06543,22769.5908,144
20260815_200150_9f5a13,2022-03-08,002628.SZ,9000,9000,14.342466,14.6304,2591.406,53
20260815_200150_9f5a13,2022-03-08,600115.SH,18100,17000,7.881155,7.17079,-12857.6065,25
20260815_200150_9f5a13,2022-03-08,600857.SH,2000,2000,64.961053,67.73022,5538.334,24
20260815_200150_9f5a13,2022-03-08,603056.SH,11200,11200,11.682494,13.15374,16477.9552,23
20260815_200150_9f5a13,2022-03-08,600663.SH,900,900,151.133038,145.50608,-5064.2622,11
20260815_200150_9f5a13,2022-03-08,300596.SZ,1900,1900,72.62224,69.62826,-5688.562,6
20260815_200150_9f5a13,2022-03-08,002966.SZ,17300,17300,7.772626,7.4976,-4757.9498,5
20260815_200150_9f5a13,2022-03-08,300154.SZ,3900,3900,36.413485,33.24423,-12360.0945,5
20260815_200150_9f5a13,2022-03-09,600068.SH,2200,2200,52.715616,63.06543,22769.5908,145
20260815_200150_9f5a13,2022-03-09,002628.SZ,11900,9000,14.426389,15.2019,9228.5809,54
20260815_200150_9f5a13,2022-03-09,600857.SH,2500,2000,65.406133,65.73312,817.4675,25
20260815_200150_9f5a13,2022-03-09,603056.SH,11200,11200,11.682494,13.15374,16477.9552,24
20260815_200150_9f5a13,2022-03-09,600663.SH,1100,900,150.408643,141.52688,-9769.9393,12
20260815_200150_9f5a13,2022-03-09,300596.SZ,2500,1900,72.112574,70.11914,-4983.585,7
20260815_200150_9f5a13,2022-03-09,002966.SZ,23200,17300,7.72389,7.29696,-9904.776,6
20260815_200150_9f5a13,2022-03-10,600068.SH,2200,2200,52.715616,63.06543,22769.5908,146
20260815_200150_9f5a13,2022-03-10,002628.SZ,9900,9900,14.426389,15.1638,7300.3689,55
20260815_200150_9f5a13,2022-03-10,600857.SH,2300,2300,65.406133,68.87142,7970.1601,26
20260815_200150_9f5a13,2022-03-10,603056.SH,11200,11200,11.682494,13.15374,16477.9552,25
20260815_200150_9f5a13,2022-03-10,600663.SH,1100,1100,150.408643,142.45536,-8748.6113,13
20260815_200150_9f5a13,2022-03-10,300596.SZ,2200,2200,72.112574,69.52088,-5701.7268,8
20260815_200150_9f5a13,2022-03-10,002966.SZ,20500,20500,7.72389,7.37088,-7236.705,7
20260815_200150_9f5a13,2022-03-10,600874.SH,11700,0,12.664774,13.06368,4667.2002,1
20260815_200150_9f5a13,2022-03-11,600068.SH,2200,2200,52.715616,63.06543,22769.5908,147
20260815_200150_9f5a13,2022-03-11,002628.SZ,8700,8700,14.426389,14.859,3763.7157,56
20260815_200150_9f5a13,2022-03-11,600857.SH,2000,2000,65.406133,69.38496,7957.654,27
20260815_200150_9f5a13,2022-03-11,603056.SH,11200,11200,11.682494,13.15374,16477.9552,26
20260815_200150_9f5a13,2022-03-11,600663.SH,1000,1000,150.408643,144.97552,-5433.123,14
20260815_200150_9f5a13,2022-03-11,300596.SZ,1900,1900,72.112574,69.68962,-4603.6126,9
20260815_200150_9f5a13,2022-03-11,002966.SZ,18000,18000,7.72389,7.46592,-4643.46,8
20260815_200150_9f5a13,2022-03-11,600874.SH,10100,10100,12.664774,12.8736,2109.1426,2
20260815_200150_9f5a13,2022-03-11,600736.SH,800,0,149.329346,159.34304,8010.9552,1
20260815_200150_9f5a13,2022-03-14,600068.SH,2200,2200,52.715616,63.06543,22769.5908,148
20260815_200150_9f5a13,2022-03-14,002628.SZ,8900,8700,14.438243,14.2494,-1680.7027,57
20260815_200150_9f5a13,2022-03-14,600857.SH,2000,2000,65.406133,64.07838,-2655.506,28
20260815_200150_9f5a13,2022-03-14,603056.SH,10300,10300,11.682494,14.47327,28744.9928,27
20260815_200150_9f5a13,2022-03-14,600663.SH,1000,1000,150.408643,140.99632,-9412.323,15
20260815_200150_9f5a13,2022-03-14,300596.SZ,1900,1900,72.112574,67.23522,-9266.9726,10
20260815_200150_9f5a13,2022-03-14,002966.SZ,17900,17900,7.72389,7.27584,-8020.095,9
20260815_200150_9f5a13,2022-03-14,600874.SH,10300,10100,12.665446,12.19968,-4797.3898,3
20260815_200150_9f5a13,2022-03-14,600736.SH,800,800,149.329346,148.31584,-810.8048,2
20260815_200150_9f5a13,2022-03-15,600068.SH,2200,2200,52.715616,63.06543,22769.5908,149
20260815_200150_9f5a13,2022-03-15,002628.SZ,9000,8900,14.435495,13.6398,-7161.255,58
20260815_200150_9f5a13,2022-03-15,600857.SH,2000,2000,65.406133,64.64898,-1514.306,29
20260815_200150_9f5a13,2022-03-15,603056.SH,9000,9000,11.682494,15.91748,38114.874,28
20260815_200150_9f5a13,2022-03-15,600663.SH,1000,1000,150.408643,131.84416,-18564.483,16
20260815_200150_9f5a13,2022-03-15,300596.SZ,1900,1900,72.112574,64.1212,-15183.6106,11
20260815_200150_9f5a13,2022-03-15,002966.SZ,17900,17900,7.72389,6.92736,-14257.887,10
20260815_200150_9f5a13,2022-03-15,600874.SH,10600,10300,12.648289,10.9728,-17760.1834,4
20260815_200150_9f5a13,2022-03-15,600736.SH,800,800,149.329346,135.91024,-10735.2848,3
20260815_200150_9f5a13,2022-03-16,600068.SH,2200,2200,52.715616,63.06543,22769.5908,150
20260815_200150_9f5a13,2022-03-16,002628.SZ,24100,9000,14.114943,14.2875,4158.6237,59
20260815_200150_9f5a13,2022-03-16,600857.SH,5100,2000,65.203394,64.82016,-1954.4934,30
20260815_200150_9f5a13,2022-03-16,603056.SH,21400,9000,13.774212,17.50715,79884.8732,29
20260815_200150_9f5a13,2022-03-17,600068.SH,2200,2200,52.715616,63.06543,22769.5908,151
20260815_200150_9f5a13,2022-03-17,002628.SZ,18600,18600,14.114943,14.1732,1083.5802,60
20260815_200150_9f5a13,2022-03-17,600857.SH,4100,4100,65.203394,71.325,25098.5846,31
20260815_200150_9f5a13,2022-03-17,603056.SH,15700,15700,13.774212,19.26306,86174.9136,30
20260815_200150_9f5a13,2022-03-17,002787.SZ,18300,0,14.425694,13.936,-8961.4002,1
20260815_200150_9f5a13,2022-03-18,600068.SH,2200,2200,52.715616,63.06543,22769.5908,152
20260815_200150_9f5a13,2022-03-18,600857.SH,5100,4100,66.757261,71.78148,25623.5169,32
20260815_200150_9f5a13,2022-03-18,603056.SH,19100,15700,14.746312,18.3903,69600.1708,31
20260815_200150_9f5a13,2022-03-18,002787.SZ,26600,18300,14.218047,13.76448,-12064.8822,2
20260815_200150_9f5a13,2022-03-21,600068.SH,2200,2200,52.715616,63.06543,22769.5908,153
20260815_200150_9f5a13,2022-03-21,600857.SH,5100,5100,66.757261,75.77568,45993.9369,33
20260815_200150_9f5a13,2022-03-21,603056.SH,19700,19100,14.867502,20.21894,105423.3286,32
20260815_200150_9f5a13,2022-03-21,002787.SZ,26400,26400,14.218047,13.91456,-8012.0568,3
20260815_200150_9f5a13,2022-03-22,600068.SH,2200,2200,52.715616,63.06543,22769.5908,154
20260815_200150_9f5a13,2022-03-22,600857.SH,3800,3800,66.757261,72.97974,23645.4202,34
20260815_200150_9f5a13,2022-03-22,603056.SH,14000,14000,14.867502,18.19289,46555.432,33
20260815_200150_9f5a13,2022-03-22,002787.SZ,20700,20700,14.218047,13.63584,-12051.6849,4
20260815_200150_9f5a13,2022-03-22,002363.SZ,17200,0,16.672419,16.3856,-4933.2868,1
20260815_200150_9f5a13,2022-03-23,600068.SH,2200,2200,52.715616,63.06543,22769.5908,155
20260815_200150_9f5a13,2022-03-23,600857.SH,3100,3100,66.757261,71.43912,14513.7629,35
20260815_200150_9f5a13,2022-03-23,603056.SH,12000,12000,14.867502,18.32796,41525.496,34
20260815_200150_9f5a13,2022-03-23,002787.SZ,16100,16100,14.218047,13.33568,-14206.1087,5
20260815_200150_9f5a13,2022-03-23,002363.SZ,13400,13400,16.672419,16.226,-5982.0146,2
20260815_200150_9f5a13,2022-03-23,600838.SH,3300,0,66.079523,63.79405,-7542.0609,1
20260815_200150_9f5a13,2022-03-24,600068.SH,2200,2200,52.715616,63.06543,22769.5908,156
20260815_200150_9f5a13,2022-03-24,600857.SH,2600,2600,66.757261,69.67026,7573.7974,36
20260815_200150_9f5a13,2022-03-24,603056.SH,9800,9800,14.867502,19.10721,41549.1384,35
20260815_200150_9f5a13,2022-03-24,002787.SZ,13500,13500,14.218047,12.864,-18279.6345,6
20260815_200150_9f5a13,2022-03-24,002363.SZ,11100,11100,16.672419,15.96,-7907.8509,3
20260815_200150_9f5a13,2022-03-24,600838.SH,2900,2900,66.079523,64.06942,-5829.2987,2
20260815_200150_9f5a13,2022-03-24,600084.SH,5200,0,33.816426,34.4928,3517.1448,1
20260815_200150_9f5a13,2022-03-25,600068.SH,2200,2200,52.715616,63.06543,22769.5908,157
20260815_200150_9f5a13,2022-03-25,600857.SH,3000,2600,67.134422,72.00972,14625.894,37
20260815_200150_9f5a13,2022-03-25,603056.SH,11200,9800,15.399151,21.01897,62941.9728,36
20260815_200150_9f5a13,2022-03-25,002363.SZ,13400,11100,16.567277,15.9334,-8493.9518,4
20260815_200150_9f5a13,2022-03-25,600838.SH,3300,2900,65.845584,64.43658,-4649.7132,3
20260815_200150_9f5a13,2022-03-25,600084.SH,6200,5200,33.886055,34.92396,6435.011,2
20260815_200150_9f5a13,2022-03-28,600068.SH,2200,2200,52.715616,63.06543,22769.5908,158
20260815_200150_9f5a13,2022-03-28,600857.SH,2600,2600,67.134422,70.52616,8818.5188,38
20260815_200150_9f5a13,2022-03-28,603056.SH,8900,8900,15.399151,19.19033,33741.4931,37
20260815_200150_9f5a13,2022-03-28,002363.SZ,11600,11600,16.567277,15.96,-7044.4132,5
20260815_200150_9f5a13,2022-03-28,600838.SH,2900,2900,65.845584,65.62985,-625.6286,4
20260815_200150_9f5a13,2022-03-28,600084.SH,5300,5300,33.886055,34.20536,1692.3165,3
20260815_200150_9f5a13,2022-03-28,002087.SZ,20400,0,9.018822,9.00756,-229.7448,1
20260815_200150_9f5a13,2022-03-29,600068.SH,2200,2200,52.715616,63.06543,22769.5908,159
20260815_200150_9f5a13,2022-03-29,600857.SH,2200,2200,67.134422,67.78728,1436.2876,39
20260815_200150_9f5a13,2022-03-29,603056.SH,8100,8100,15.399151,17.26818,15139.1349,38
20260815_200150_9f5a13,2022-03-29,002363.SZ,9700,9700,16.567277,15.162,-13631.1869,6
20260815_200150_9f5a13,2022-03-29,600838.SH,2400,2400,65.845584,65.1709,-1619.2416,5
20260815_200150_9f5a13,2022-03-29,600084.SH,4600,4600,33.886055,33.48676,-1836.757,4
20260815_200150_9f5a13,2022-03-29,002087.SZ,17200,17200,9.018822,8.8425,-3032.7384,2
20260815_200150_9f5a13,2022-03-29,002307.SZ,7000,0,22.082754,21.3843,-4889.178,1
20260815_200150_9f5a13,2022-03-30,600068.SH,2200,2200,52.715616,63.06543,22769.5908,160
20260815_200150_9f5a13,2022-03-30,600857.SH,2500,2200,67.257214,67.78728,1325.165,40
20260815_200150_9f5a13,2022-03-30,603056.SH,10000,8100,15.795923,17.08116,12852.37,39
20260815_200150_9f5a13,2022-03-30,600838.SH,2600,2400,65.799953,64.71195,-2828.8078,6
20260815_200150_9f5a13,2022-03-30,600084.SH,5100,4600,33.865121,34.06164,1002.2469,5
20260815_200150_9f5a13,2022-03-30,002087.SZ,19600,17200,9.007258,8.81892,-3691.4248,3
20260815_200150_9f5a13,2022-03-30,002307.SZ,8100,7000,22.025741,22.47448,3634.7859,2
20260815_200150_9f5a13,2022-03-31,600068.SH,2200,2200,52.715616,63.06543,22769.5908,161
20260815_200150_9f5a13,2022-03-31,600857.SH,2000,2000,67.257214,67.78728,1060.132,41
20260815_200150_9f5a13,2022-03-31,603056.SH,7700,7700,15.795923,16.75907,7416.2319,40
20260815_200150_9f5a13,2022-03-31,600838.SH,2100,2100,65.799953,65.35448,-935.4933,7
20260815_200150_9f5a13,2022-03-31,600084.SH,3900,3900,33.865121,34.20536,1326.9321,6
20260815_200150_9f5a13,2022-03-31,002087.SZ,14900,14900,9.007258,8.93682,-1049.5262,4
20260815_200150_9f5a13,2022-03-31,002307.SZ,5900,5900,22.025741,23.81624,10563.9441,3
20260815_200150_9f5a13,2022-03-31,601328.SH,12400,0,10.561098,10.71567,1916.6928,1
20260815_200150_9f5a13,2022-03-31,601998.SH,15900,0,8.219543,8.22544,93.7623,1
20260815_200150_9f5a13,2022-04-01,600068.SH,2200,2200,52.715616,63.06543,22769.5908,162
20260815_200150_9f5a13,2022-04-01,600857.SH,2000,2000,67.257214,68.1867,1858.972,42
20260815_200150_9f5a13,2022-04-01,603056.SH,7900,7700,15.816096,16.624,6382.4416,41
20260815_200150_9f5a13,2022-04-01,600838.SH,2100,2100,65.799953,65.44627,-742.7343,8
20260815_200150_9f5a13,2022-04-01,600084.SH,3900,3900,33.865121,34.78024,3568.9641,7
20260815_200150_9f5a13,2022-04-01,002087.SZ,14900,14900,9.007258,8.81892,-2806.2362,5
20260815_200150_9f5a13,2022-04-01,002307.SZ,5600,5600,22.025741,22.18097,869.2824,4
20260815_200150_9f5a13,2022-04-01,601328.SH,12400,12400,10.561098,10.73664,2176.7208,2
20260815_200150_9f5a13,2022-04-01,601998.SH,16100,15900,8.21894,8.46784,4007.29,2
20260815_200150_9f5a13,2022-04-06,600068.SH,2200,2200,52.715616,63.06543,22769.5908,163
20260815_200150_9f5a13,2022-04-06,600857.SH,2000,2000,67.257214,71.15382,7793.212,43
20260815_200150_9f5a13,2022-04-06,603056.SH,7900,7900,15.816096,15.85514,308.4476,42
20260815_200150_9f5a13,2022-04-06,600838.SH,2100,2100,65.799953,68.19997,5040.0357,9
20260815_200150_9f5a13,2022-04-06,600084.SH,3800,3800,33.865121,34.99582,4296.6562,8
20260815_200150_9f5a13,2022-04-06,002087.SZ,14900,14900,9.007258,8.93682,-1049.5262,6
20260815_200150_9f5a13,2022-04-06,002307.SZ,5900,5600,22.047852,24.40326,13896.9072,5
20260815_200150_9f5a13,2022-04-06,601328.SH,12400,12400,10.561098,10.84149,3476.8608,3
20260815_200150_9f5a13,2022-04-06,601998.SH,15600,15600,8.21894,8.37088,2370.264,3
20260815_200150_9f5a13,2022-04-07,600068.SH,2200,2200,52.715616,63.06543,22769.5908,164
20260815_200150_9f5a13,2022-04-07,600857.SH,1900,1900,67.257214,68.41494,2199.6794,44
20260815_200150_9f5a13,2022-04-07,603056.SH,8400,7900,15.817742,15.30447,-4311.4848,43
20260815_200150_9f5a13,2022-04-07,600838.SH,2000,2000,65.799953,67.0067,2413.494,10
20260815_200150_9f5a13,2022-04-07,600084.SH,3800,3800,33.865121,35.2114,5115.8602,9
20260815_200150_9f5a13,2022-04-07,002087.SZ,15000,14900,9.007335,8.7246,-4241.025,7
20260815_200150_9f5a13,2022-04-07,002307.SZ,5600,5600,22.047852,26.8352,26809.1488,6
20260815_200150_9f5a13,2022-04-07,601328.SH,12400,12400,10.561098,10.75761,2436.7488,4
20260815_200150_9f5a13,2022-04-07,601998.SH,16000,15600,8.223,8.14464,-1253.76,4
20260815_200150_9f5a13,2022-04-08,600068.SH,2200,2200,52.715616,63.06543,22769.5908,165
20260815_200150_9f5a13,2022-04-08,600857.SH,1900,1900,67.257214,67.9014,1223.9534,45
20260815_200150_9f5a13,2022-04-08,603056.SH,8700,8400,15.800703,15.2733,-4588.4061,44
20260815_200150_9f5a13,2022-04-08,600838.SH,2000,2000,65.799953,67.55744,3514.974,11
20260815_200150_9f5a13,2022-04-08,600084.SH,3800,3800,33.865121,37.0079,11942.5602,10
20260815_200150_9f5a13,2022-04-08,002087.SZ,15300,15000,9.002931,8.70102,-4619.2383,8
20260815_200150_9f5a13,2022-04-08,002307.SZ,5100,5100,22.047852,29.51872,38101.4268,7
20260815_200150_9f5a13,2022-04-08,601328.SH,12400,12400,10.561098,10.84149,3476.8608,5
20260815_200150_9f5a13,2022-04-08,601998.SH,16400,16000,8.221732,8.22544,60.8112,5
20260815_200150_9f5a13,2022-04-11,600068.SH,2200,2200,52.715616,63.06543,22769.5908,166
20260815_200150_9f5a13,2022-04-11,600857.SH,2000,1900,67.296525,67.9014,1209.75,46
20260815_200150_9f5a13,2022-04-11,603056.SH,8900,8700,15.823412,16.40581,5183.3422,45
20260815_200150_9f5a13,2022-04-11,600838.SH,2000,2000,65.799953,68.8425,6085.094,12
20260815_200150_9f5a13,2022-04-11,600084.SH,3800,3800,33.865121,36.86418,11396.4242,11
20260815_200150_9f5a13,2022-04-11,002087.SZ,15700,15300,8.996118,8.6067,-6113.8626,9
20260815_200150_9f5a13,2022-04-11,002307.SZ,4700,4700,22.047852,32.45382,48908.0496,8
20260815_200150_9f5a13,2022-04-11,601328.SH,12600,12400,10.565431,10.79955,2949.8994,6
20260815_200150_9f5a13,2022-04-11,601998.SH,16600,16400,8.221706,8.08,-2352.3196,6
20260815_200150_9f5a13,2022-04-12,600068.SH,2200,2200,52.715616,63.06543,22769.5908,167
20260815_200150_9f5a13,2022-04-12,600857.SH,2000,2000,67.296525,71.38206,8171.07,47
20260815_200150_9f5a13,2022-04-12,603056.SH,8500,8500,15.823412,14.77458,-8915.072,46
20260815_200150_9f5a13,2022-04-12,600838.SH,2000,2000,65.799953,75.72675,19853.594,13
20260815_200150_9f5a13,2022-04-12,600084.SH,3800,3800,33.865121,38.73254,18496.1922,12
20260815_200150_9f5a13,2022-04-12,002087.SZ,16200,15700,8.982245,8.74818,-3791.853,10
20260815_200150_9f5a13,2022-04-12,002307.SZ,4400,4400,22.047852,29.85416,34347.7552,9
20260815_200150_9f5a13,2022-04-12,601328.SH,12900,12600,10.57119,10.84149,3486.87,7
20260815_200150_9f5a13,2022-04-12,601998.SH,17200,16600,8.218244,8.1608,-988.0368,7
20260815_200150_9f5a13,2022-04-13,600068.SH,2200,2200,52.715616,63.06543,22769.5908,168
20260815_200150_9f5a13,2022-04-13,600857.SH,2000,2000,67.296525,67.44492,296.79,48
20260815_200150_9f5a13,2022-04-13,603056.SH,9500,8500,15.696337,14.82653,-8263.1665,47
20260815_200150_9f5a13,2022-04-13,600838.SH,1900,1900,65.799953,74.62527,16768.1023,14
20260815_200150_9f5a13,2022-04-13,600084.SH,3700,3700,33.865121,37.87022,14818.8663,13
20260815_200150_9f5a13,2022-04-13,002087.SZ,16100,16100,8.982245,8.77176,-3388.8085,11
20260815_200150_9f5a13,2022-04-13,002307.SZ,4700,4400,22.358249,26.87713,21238.7407,10
20260815_200150_9f5a13,2022-04-13,601328.SH,12900,12900,10.57119,10.86246,3757.383,8
20260815_200150_9f5a13,2022-04-13,601998.SH,17200,17200,8.218244,8.12848,-1543.9408,8
20260815_200150_9f5a13,2022-04-14,600068.SH,2200,2200,52.715616,63.06543,22769.5908,169
20260815_200150_9f5a13,2022-04-14,600857.SH,2000,2000,67.296525,68.35788,2122.71,49
20260815_200150_9f5a13,2022-04-14,603056.SH,9300,9300,15.696337,14.7538,-8765.5941,48
20260815_200150_9f5a13,2022-04-14,600838.SH,1900,1900,65.799953,72.14694,12059.2753,15
20260815_200150_9f5a13,2022-04-14,600084.SH,3700,3700,33.865121,36.50488,9767.1083,14
20260815_200150_9f5a13,2022-04-14,002087.SZ,15700,15700,8.982245,8.81892,-2564.2025,12
20260815_200150_9f5a13,2022-04-14,002307.SZ,5100,4700,22.514449,25.5773,15620.5401,11
20260815_200150_9f5a13,2022-04-14,601328.SH,12700,12700,10.57119,10.79955,2900.172,9
20260815_200150_9f5a13,2022-04-14,601998.SH,17000,17000,8.218244,8.2416,397.052,9
20260815_200150_9f5a13,2022-04-15,600068.SH,2200,2200,52.715616,63.06543,22769.5908,170
20260815_200150_9f5a13,2022-04-15,600857.SH,2000,2000,67.296525,68.30082,2008.59,50
20260815_200150_9f5a13,2022-04-15,603056.SH,9300,9300,15.696337,14.29664,-13017.1821,49
20260815_200150_9f5a13,2022-04-15,600838.SH,1900,1900,65.799953,68.01639,4211.2303,16
20260815_200150_9f5a13,2022-04-15,600084.SH,3700,3700,33.865121,37.22348,12425.9283,15
20260815_200150_9f5a13,2022-04-15,002087.SZ,15500,15500,8.982245,8.65386,-5089.9675,13
20260815_200150_9f5a13,2022-04-15,002307.SZ,5300,5100,22.615393,23.4808,4586.6571,12
20260815_200150_9f5a13,2022-04-15,601328.SH,12600,12600,10.57119,10.79955,2877.336,10
20260815_200150_9f5a13,2022-04-15,601998.SH,16500,16500,8.218244,8.33856,1985.214,10
20260815_200150_9f5a13,2022-04-18,600068.SH,2200,2200,52.715616,63.06543,22769.5908,171
20260815_200150_9f5a13,2022-04-18,600857.SH,2200,2000,67.265744,70.29792,6670.7872,51
20260815_200150_9f5a13,2022-04-18,600838.SH,2200,1900,66.151388,70.40293,9353.3924,17
20260815_200150_9f5a13,2022-04-18,600084.SH,4000,3700,34.109696,38.4451,17341.616,16
20260815_200150_9f5a13,2022-04-18,002087.SZ,17600,15500,8.930268,8.67744,-4449.7728,14
20260815_200150_9f5a13,2022-04-18,002307.SZ,6400,5300,22.71867,23.18729,2999.168,13
20260815_200150_9f5a13,2022-04-18,601328.SH,14000,12600,10.595376,10.63179,509.796,11
20260815_200150_9f5a13,2022-04-18,601998.SH,18200,16500,8.221388,8.22544,73.7464,11
20260815_200150_9f5a13,2022-04-19,600068.SH,2200,2200,52.715616,63.06543,22769.5908,172
20260815_200150_9f5a13,2022-04-19,600857.SH,2000,2000,67.265744,72.7515,10971.512,52
20260815_200150_9f5a13,2022-04-19,600838.SH,2000,2000,66.151388,69.39324,6483.704,18
20260815_200150_9f5a13,2022-04-19,600084.SH,3500,3500,34.109696,37.65464,12407.304,17
20260815_200150_9f5a13,2022-04-19,002087.SZ,15600,15600,8.930268,8.91324,-265.6368,15
20260815_200150_9f5a13,2022-04-19,002307.SZ,5800,5800,22.71867,23.77431,6122.712,14
20260815_200150_9f5a13,2022-04-19,601328.SH,12700,12700,10.595376,10.79955,2593.0098,12
20260815_200150_9f5a13,2022-04-19,601998.SH,16400,16400,8.221388,8.25776,596.5008,12
20260815_200150_9f5a13,2022-04-19,000429.SZ,4200,0,31.627693,31.7844,658.1694,1
20260815_200150_9f5a13,2022-04-20,600068.SH,2200,2200,52.715616,63.06543,22769.5908,173
20260815_200150_9f5a13,2022-04-20,600857.SH,1900,1900,67.265744,70.69734,6520.0324,53
20260815_200150_9f5a13,2022-04-20,600838.SH,2000,2000,66.151388,72.33052,12358.264,19
20260815_200150_9f5a13,2022-04-20,600084.SH,3600,3500,34.217469,39.1637,17806.4316,18
20260815_200150_9f5a13,2022-04-20,002087.SZ,15300,15300,8.930268,8.8425,-1342.8504,16
20260815_200150_9f5a13,2022-04-20,002307.SZ,5800,5800,22.71867,22.47448,-1416.302,15
20260815_200150_9f5a13,2022-04-20,601328.SH,12600,12600,10.595376,10.6947,1251.4824,13
20260815_200150_9f5a13,2022-04-20,601998.SH,16400,16400,8.221388,8.09616,-2053.7392,13
20260815_200150_9f5a13,2022-04-20,000429.SZ,4200,4200,31.627693,31.27428,-1484.3346,2
20260815_200150_9f5a13,2022-04-21,600068.SH,2200,2200,52.715616,63.06543,22769.5908,174
20260815_200150_9f5a13,2022-04-21,600857.SH,1900,1900,67.265744,65.619,-3128.8136,54
20260815_200150_9f5a13,2022-04-21,600838.SH,1900,1900,66.151388,65.07911,-2037.3282,20
20260815_200150_9f5a13,2022-04-21,600084.SH,3500,3500,34.217469,37.22348,10521.0385,19
20260815_200150_9f5a13,2022-04-21,002087.SZ,15300,15300,8.930268,8.86608,-982.0764,17
20260815_200150_9f5a13,2022-04-21,002307.SZ,6000,5800,22.700272,20.965,-10411.632,16
20260815_200150_9f5a13,2022-04-21,601328.SH,12600,12600,10.595376,10.67373,987.2604,14
20260815_200150_9f5a13,2022-04-21,601998.SH,16600,16400,8.219611,8.06384,-2585.7986,14
20260815_200150_9f5a13,2022-04-21,000429.SZ,4300,4200,31.622211,31.15656,-2002.2993,3
20260815_200150_9f5a13,2022-04-22,600068.SH,2200,2200,52.715616,63.06543,22769.5908,175
20260815_200150_9f5a13,2022-04-22,600857.SH,1900,1900,67.265744,72.1809,9338.7964,55
20260815_200150_9f5a13,2022-04-22,600838.SH,2000,1900,65.96858,67.46565,2994.14,21
20260815_200150_9f5a13,2022-04-22,600084.SH,3500,3500,34.217469,36.79232,9011.9785,20
20260815_200150_9f5a13,2022-04-22,002087.SZ,14700,14700,8.930268,9.40842,7028.8344,18
20260815_200150_9f5a13,2022-04-22,002307.SZ,6100,6000,22.668125,21.34237,-8087.1055,17
20260815_200150_9f5a13,2022-04-22,601328.SH,12200,12200,10.595376,10.86246,3258.4248,15
20260815_200150_9f5a13,2022-04-22,601998.SH,16200,16200,8.219611,8.22544,94.4298,15
20260815_200150_9f5a13,2022-04-22,000429.SZ,4200,4200,31.622211,32.05908,1834.8498,4
20260815_200150_9f5a13,2022-04-25,600068.SH,2200,2200,52.715616,63.06543,22769.5908,176
20260815_200150_9f5a13,2022-04-25,600857.SH,1900,1900,67.265744,72.06678,9121.9684,56
20260815_200150_9f5a13,2022-04-25,600838.SH,2000,2000,65.96858,60.76498,-10407.2,22
20260815_200150_9f5a13,2022-04-25,600084.SH,3600,3500,34.286273,34.92396,2295.6732,21
20260815_200150_9f5a13,2022-04-25,002087.SZ,14300,14300,8.930268,8.67744,-3615.4404,19
20260815_200150_9f5a13,2022-04-25,002307.SZ,6200,6100,22.636338,20.25219,-14781.7176,18
20260815_200150_9f5a13,2022-04-25,601328.SH,12300,12200,10.596975,10.58985,-87.6375,16
20260815_200150_9f5a13,2022-04-25,601998.SH,16300,16200,8.219313,7.9184,-4904.8819,16
20260815_200150_9f5a13,2022-04-25,000429.SZ,4200,4200,31.622211,31.31352,-1296.5022,5
20260815_200150_9f5a13,2022-04-26,600068.SH,2200,2200,52.715616,63.06543,22769.5908,177
20260815_200150_9f5a13,2022-04-26,600857.SH,2000,1900,67.573145,72.4662,9786.11,57
20260815_200150_9f5a13,2022-04-26,600838.SH,2400,2000,65.251832,63.3351,-4600.1568,23
20260815_200150_9f5a13,2022-04-26,600084.SH,4100,3600,34.386913,35.06768,2791.1447,22
20260815_200150_9f5a13,2022-04-26,002087.SZ,16900,14300,8.845822,7.80498,-17590.2298,20
20260815_200150_9f5a13,2022-04-26,601328.SH,13800,12300,10.599922,10.56888,-428.3796,17
20260815_200150_9f5a13,2022-04-26,601998.SH,18400,16300,8.187946,7.98304,-3770.2704,17
20260815_200150_9f5a13,2022-04-26,000429.SZ,4600,4200,31.571441,31.11732,-2088.9566,6
20260815_200150_9f5a13,2022-04-27,600068.SH,2200,2200,52.715616,63.06543,22769.5908,178
20260815_200150_9f5a13,2022-04-27,600857.SH,2300,2000,67.284246,68.30082,2338.1202,58
20260815_200150_9f5a13,2022-04-27,600838.SH,2600,2400,64.919603,65.26269,892.0262,24
20260815_200150_9f5a13,2022-04-27,600084.SH,4800,4100,34.482093,33.34304,-5467.4544,23
20260815_200150_9f5a13,2022-04-27,601328.SH,16000,13800,10.594584,10.58985,-75.744,18
20260815_200150_9f5a13,2022-04-27,601998.SH,21200,18400,8.160064,7.96688,-4095.5008,18
20260815_200150_9f5a13,2022-04-27,000429.SZ,5400,4600,31.410977,30.96036,-2433.3318,7
20260815_200150_9f5a13,2022-04-28,600068.SH,2200,2200,52.715616,63.06543,22769.5908,179
20260815_200150_9f5a13,2022-04-28,600857.SH,2400,2300,67.377771,69.0426,3995.5896,59
20260815_200150_9f5a13,2022-04-28,600838.SH,2600,2600,64.919603,67.28207,6142.4142,25
20260815_200150_9f5a13,2022-04-28,600084.SH,5000,4800,34.43532,33.98978,-2227.7,24
20260815_200150_9f5a13,2022-04-28,601328.SH,15900,15900,10.594584,10.65276,924.9984,19
20260815_200150_9f5a13,2022-04-28,601998.SH,21100,21100,8.160064,8.09616,-1348.3744,19
20260815_200150_9f5a13,2022-04-28,000429.SZ,5400,5400,31.410977,31.392,-102.4758,8
20260815_200150_9f5a13,2022-04-29,600068.SH,2200,2200,52.715616,63.06543,22769.5908,180
20260815_200150_9f5a13,2022-04-29,600857.SH,2400,2400,67.377771,69.95556,6186.6936,60
20260815_200150_9f5a13,2022-04-29,600838.SH,2600,2600,64.919603,73.98274,23564.1562,26
20260815_200150_9f5a13,2022-04-29,600084.SH,5000,5000,34.43532,35.42698,4958.3,25
20260815_200150_9f5a13,2022-04-29,601328.SH,15900,15900,10.594584,10.65276,924.9984,20
20260815_200150_9f5a13,2022-04-29,601998.SH,21100,21100,8.160064,8.12848,-666.4224,20
20260815_200150_9f5a13,2022-04-29,000429.SZ,5400,5400,31.410977,31.1958,-1161.9558,9
20260815_200150_9f5a13,2022-05-05,600068.SH,2200,2200,52.715616,63.06543,22769.5908,181
20260815_200150_9f5a13,2022-05-05,600838.SH,2800,2600,65.711434,76.36928,29841.9688,27
20260815_200150_9f5a13,2022-05-05,600084.SH,5900,5000,34.516519,35.42698,5371.7199,26
20260815_200150_9f5a13,2022-05-05,601328.SH,19600,15900,10.60808,10.46403,-2823.38,21
20260815_200150_9f5a13,2022-05-05,601998.SH,25900,21100,8.087125,7.61136,-12322.3135,21
20260815_200150_9f5a13,2022-05-05,000429.SZ,6700,5400,31.315808,30.92112,-2644.4096,10
20260815_200150_9f5a13,2022-05-06,600068.SH,2200,2200,52.715616,63.06543,22769.5908,182
20260815_200150_9f5a13,2022-05-06,600838.SH,2700,2700,65.711434,72.05515,17128.0332,28
20260815_200150_9f5a13,2022-05-06,600084.SH,5900,5900,34.516519,35.28326,4523.7719,27
20260815_200150_9f5a13,2022-05-06,601328.SH,19700,19600,10.607309,10.23336,-7366.7953,22
20260815_200150_9f5a13,2022-05-06,601998.SH,27200,25900,8.060201,7.49824,-15285.3392,22
20260815_200150_9f5a13,2022-05-06,000429.SZ,6700,6700,31.315808,30.56796,-5010.5816,11
20260815_200150_9f5a13,2022-05-09,600068.SH,2200,2200,52.715616,63.06543,22769.5908,183
20260815_200150_9f5a13,2022-05-09,600838.SH,2800,2700,65.855873,79.30656,37661.9236,29
20260815_200150_9f5a13,2022-05-09,600084.SH,5800,5800,34.516519,36.00186,8614.9778,28
20260815_200150_9f5a13,2022-05-09,601328.SH,19700,19700,10.607309,10.21239,-7779.9043,23
20260815_200150_9f5a13,2022-05-09,601998.SH,27000,27000,8.060201,7.54672,-13863.987,23
20260815_200150_9f5a13,2022-05-09,000429.SZ,6700,6700,31.315808,30.72492,-3958.9496,12
20260815_200150_9f5a13,2022-05-10,600068.SH,2200,2200,52.715616,63.06543,22769.5908,184
20260815_200150_9f5a13,2022-05-10,600838.SH,2700,2700,65.855873,81.87668,43256.1789,30
20260815_200150_9f5a13,2022-05-10,600084.SH,5800,5800,34.516519,37.3672,16533.9498,29
20260815_200150_9f5a13,2022-05-10,601328.SH,20300,19700,10.595393,10.29627,-6072.1969,24
20260815_200150_9f5a13,2022-05-10,601998.SH,27500,27000,8.050448,7.61136,-12074.92,24
20260815_200150_9f5a13,2022-05-10,000429.SZ,6700,6700,31.315808,30.8034,-3433.1336,13
20260815_200150_9f5a13,2022-05-11,600068.SH,2200,2200,52.715616,63.06543,22769.5908,185
20260815_200150_9f5a13,2022-05-11,600838.SH,2200,2200,65.855873,82.70279,37063.2174,31
20260815_200150_9f5a13,2022-05-11,600084.SH,5800,5800,34.516519,37.3672,16533.9498,30
20260815_200150_9f5a13,2022-05-11,601328.SH,17200,17200,10.595393,10.29627,-5144.9156,25
20260815_200150_9f5a13,2022-05-11,601998.SH,23200,23200,8.050448,7.5952,-10561.7536,25
20260815_200150_9f5a13,2022-05-11,000429.SZ,5800,5800,31.315808,30.6072,-4109.9264,14
20260815_200150_9f5a13,2022-05-11,002818.SZ,6900,0,25.292903,24.98524,-2122.8747,1
20260815_200150_9f5a13,2022-05-12,600068.SH,2200,2200,52.715616,63.06543,22769.5908,186
20260815_200150_9f5a13,2022-05-12,600838.SH,2200,2200,65.855873,90.96389,55237.6374,32
20260815_200150_9f5a13,2022-05-12,600084.SH,4800,4800,34.516519,38.30138,18167.3328,31
20260815_200150_9f5a13,2022-05-12,601328.SH,17100,17100,10.595393,10.21239,-6549.3513,26
20260815_200150_9f5a13,2022-05-12,601998.SH,23200,23200,8.050448,7.54672,-11686.4896,26
20260815_200150_9f5a13,2022-05-12,000429.SZ,5800,5800,31.315808,30.76416,-3199.5584,15
20260815_200150_9f5a13,2022-05-12,002818.SZ,7000,6900,25.285851,24.76832,-3622.717,2
20260815_200150_9f5a13,2022-05-13,600068.SH,2200,2200,52.715616,63.06543,22769.5908,187
20260815_200150_9f5a13,2022-05-13,600838.SH,2000,2000,65.855873,87.2005,42689.254,33
20260815_200150_9f5a13,2022-05-13,600084.SH,4700,4700,34.516519,42.10996,35689.1727,32
20260815_200150_9f5a13,2022-05-13,601328.SH,17500,17100,10.58837,10.35918,-4010.825,27
20260815_200150_9f5a13,2022-05-13,601998.SH,23700,23200,8.040361,7.57904,-10933.3077,27
20260815_200150_9f5a13,2022-05-13,000429.SZ,5800,5800,31.315808,31.7844,2717.8336,16
20260815_200150_9f5a13,2022-05-13,002818.SZ,7200,7000,25.275248,24.683492,-4260.6432,3
20260815_200150_9f5a13,2022-05-16,600068.SH,2200,2200,52.715616,63.06543,22769.5908,188
20260815_200150_9f5a13,2022-05-16,600838.SH,2000,2000,65.855873,92.7079,53704.054,34
20260815_200150_9f5a13,2022-05-16,600084.SH,4400,4400,34.516519,46.3497,52065.9964,33
20260815_200150_9f5a13,2022-05-16,601328.SH,17600,17500,10.587261,10.42209,-2907.0096,28
20260815_200150_9f5a13,2022-05-16,601998.SH,24000,23700,8.034308,7.56288,-11314.272,28
20260815_200150_9f5a13,2022-05-16,000429.SZ,5800,5800,31.315808,32.01984,4083.3856,17
20260815_200150_9f5a13,2022-05-16,002818.SZ,7300,7200,25.27132,25.125773,-1062.4931,4
20260815_200150_9f5a13,2022-05-17,600068.SH,2200,2200,52.715616,63.06543,22769.5908,189
20260815_200150_9f5a13,2022-05-17,600838.SH,2000,2000,65.855873,83.43711,35162.474,35
20260815_200150_9f5a13,2022-05-17,600084.SH,4100,4100,34.516519,42.68484,33490.1161,34
20260815_200150_9f5a13,2022-05-17,601328.SH,18000,17600,10.58388,10.35918,-4044.6,29
20260815_200150_9f5a13,2022-05-17,601998.SH,24800,24000,8.019928,7.56288,-11334.7904,29
20260815_200150_9f5a13,2022-05-17,000429.SZ,5800,5800,31.315808,31.74516,2490.2416,18
20260815_200150_9f5a13,2022-05-17,002818.SZ,7400,7300,25.271202,24.704553,-4193.2026,5
20260815_200150_9f5a13,2022-05-18,600068.SH,2200,2200,52.715616,63.06543,22769.5908,190
20260815_200150_9f5a13,2022-05-18,600838.SH,2100,2000,66.409199,81.78489,32288.9511,36
20260815_200150_9f5a13,2022-05-18,600084.SH,4200,4100,34.700282,43.116,35346.0156,35
20260815_200150_9f5a13,2022-05-18,601328.SH,17600,17600,10.58388,10.25433,-5800.08,30
20260815_200150_9f5a13,2022-05-18,601998.SH,24100,24100,8.019928,7.46592,-13351.5928,30
20260815_200150_9f5a13,2022-05-18,000429.SZ,5800,5800,31.315808,31.35276,214.3216,19
20260815_200150_9f5a13,2022-05-18,002818.SZ,7400,7400,25.271202,24.788797,-3569.797,6
20260815_200150_9f5a13,2022-05-19,600068.SH,2200,2200,52.715616,63.06543,22769.5908,191
20260815_200150_9f5a13,2022-05-19,600838.SH,2200,2100,67.154517,79.49014,27138.3706,37
20260815_200150_9f5a13,2022-05-19,600084.SH,4200,4200,34.700282,43.40344,36553.2636,36
20260815_200150_9f5a13,2022-05-19,601328.SH,17600,17600,10.58388,10.2753,-5431.008,31
20260815_200150_9f5a13,2022-05-19,601998.SH,24100,24100,8.019928,7.44976,-13741.0488,31
20260815_200150_9f5a13,2022-05-19,000429.SZ,5800,5800,31.315808,32.373,6131.7136,20
20260815_200150_9f5a13,2022-05-19,002818.SZ,7300,7300,25.271202,24.809858,-3367.8112,7
20260815_200150_9f5a13,2022-05-20,600068.SH,2200,2200,52.715616,63.06543,22769.5908,192
20260815_200150_9f5a13,2022-05-20,600838.SH,2200,2200,67.154517,76.27749,20070.5406,38
20260815_200150_9f5a13,2022-05-20,600084.SH,4200,4200,34.700282,42.90042,34440.5796,37
20260815_200150_9f5a13,2022-05-20,601328.SH,17600,17600,10.58388,10.33821,-4323.792,32
20260815_200150_9f5a13,2022-05-20,601998.SH,24200,24100,8.017477,7.49824,-12565.5354,32
20260815_200150_9f5a13,2022-05-20,000429.SZ,5600,5600,31.315808,32.29452,5480.7872,21
20260815_200150_9f5a13,2022-05-20,002818.SZ,7300,7300,25.271202,25.041529,-1676.6129,8
20260815_200150_9f5a13,2022-05-23,600068.SH,2200,2200,52.715616,63.06543,22769.5908,193
20260815_200150_9f5a13,2022-05-23,600838.SH,2300,2200,67.591277,77.92971,23778.3959,39
20260815_200150_9f5a13,2022-05-23,600084.SH,4200,4200,34.700282,42.90042,34440.5796,38
20260815_200150_9f5a13,2022-05-23,601328.SH,17500,17500,10.58388,10.35918,-3932.25,33
20260815_200150_9f5a13,2022-05-23,601998.SH,24000,24000,8.017477,7.48208,-12849.528,33
20260815_200150_9f5a13,2022-05-23,000429.SZ,5600,5600,31.315808,32.01984,3942.5792,22
20260815_200150_9f5a13,2022-05-23,002818.SZ,7200,7200,25.271202,24.915163,-2563.4808,9
20260815_200150_9f5a13,2022-05-24,600068.SH,2200,2200,52.715616,63.06543,22769.5908,194
20260815_200150_9f5a13,2022-05-24,600838.SH,2300,2300,67.591277,72.23873,10689.1419,40
20260815_200150_9f5a13,2022-05-24,600084.SH,4200,4200,34.700282,40.9602,26291.6556,39
20260815_200150_9f5a13,2022-05-24,601328.SH,17400,17400,10.58388,10.31724,-4639.536,34
20260815_200150_9f5a13,2022-05-24,601998.SH,24000,24000,8.017477,7.40128,-14788.728,34
20260815_200150_9f5a13,2022-05-24,000429.SZ,5600,5600,31.315808,31.5882,1525.3952,23
20260815_200150_9f5a13,2022-05-24,002818.SZ,7200,7200,25.271202,24.135906,-8174.1312,10
20260815_200150_9f5a13,2022-05-25,600068.SH,2200,2200,52.715616,63.06543,22769.5908,195
20260815_200150_9f5a13,2022-05-25,600838.SH,2400,2300,67.773367,75.63496,18867.8232,41
20260815_200150_9f5a13,2022-05-25,600084.SH,4200,4200,34.700282,41.17578,27197.0916,40
20260815_200150_9f5a13,2022-05-25,601328.SH,17000,17000,10.58388,10.31724,-4532.88,35
20260815_200150_9f5a13,2022-05-25,601998.SH,23700,23700,8.017477,7.46592,-13071.9009,35
20260815_200150_9f5a13,2022-05-25,000429.SZ,5600,5600,31.315808,32.09832,4382.0672,24
20260815_200150_9f5a13,2022-05-25,002818.SZ,7200,7200,25.271202,24.64137,-4534.7904,11
20260815_200150_9f5a13,2022-05-26,600068.SH,2200,2200,52.715616,63.06543,22769.5908,196
20260815_200150_9f5a13,2022-05-26,600838.SH,2400,2400,67.773367,76.36928,20630.1912,42
20260815_200150_9f5a13,2022-05-26,600084.SH,4300,4200,34.847052,41.03206,26595.5344,41
20260815_200150_9f5a13,2022-05-26,601328.SH,17200,17000,10.581174,10.35918,-3818.2968,36
20260815_200150_9f5a13,2022-05-26,601998.SH,23700,23700,8.017477,7.48208,-12688.9089,36
20260815_200150_9f5a13,2022-05-26,000429.SZ,5600,5600,31.315808,32.13756,4601.8112,25
20260815_200150_9f5a13,2022-05-26,002818.SZ,7200,7200,25.271202,24.85198,-3018.3984,12
20260815_200150_9f5a13,2022-05-27,600068.SH,2200,2200,52.715616,63.06543,22769.5908,197
20260815_200150_9f5a13,2022-05-27,600838.SH,2100,2100,67.773367,80.13267,25954.5363,43
20260815_200150_9f5a13,2022-05-27,600084.SH,3800,3800,34.847052,40.52904,21591.5544,42
20260815_200150_9f5a13,2022-05-27,601328.SH,14800,14800,10.581174,10.42209,-2354.4432,37
20260815_200150_9f5a13,2022-05-27,601998.SH,20500,20500,8.017477,7.5144,-10313.0785,37
20260815_200150_9f5a13,2022-05-27,000429.SZ,4800,4800,31.315808,32.45148,5451.2256,26
20260815_200150_9f5a13,2022-05-27,002818.SZ,6200,6200,25.271202,24.873041,-2468.5982,13
20260815_200150_9f5a13,2022-05-27,600350.SH,10400,0,14.571475,14.55328,-189.228,1
20260815_200150_9f5a13,2022-05-30,600068.SH,2200,2200,52.715616,63.06543,22769.5908,198
20260815_200150_9f5a13,2022-05-30,600838.SH,1700,1700,67.773367,84.4468,28344.8361,44
20260815_200150_9f5a13,2022-05-30,600084.SH,3400,3400,34.847052,42.82856,27137.1272,43
20260815_200150_9f5a13,2022-05-30,601328.SH,13000,13000,10.581174,10.29627,-3703.752,38
20260815_200150_9f5a13,2022-05-30,601998.SH,18000,18000,8.017477,7.5144,-9055.386,38
20260815_200150_9f5a13,2022-05-30,000429.SZ,4200,4200,31.315808,32.88312,6582.7104,27
20260815_200150_9f5a13,2022-05-30,002818.SZ,5500,5500,25.271202,25.12458,-806.421,14
20260815_200150_9f5a13,2022-05-30,600350.SH,9300,9300,14.571475,14.77756,1916.5905,2
20260815_200150_9f5a13,2022-05-30,002267.SZ,6700,0,19.862241,20.09574,1564.4433,1
20260815_200150_9f5a13,2022-05-31,600068.SH,2200,2200,52.715616,63.06543,22769.5908,199
20260815_200150_9f5a13,2022-05-31,600838.SH,1700,1700,67.773367,82.51921,25067.9331,45
20260815_200150_9f5a13,2022-05-31,600084.SH,3300,3300,34.847052,42.0381,23730.4584,44
20260815_200150_9f5a13,2022-05-31,601328.SH,13300,13000,10.574564,10.29627,-3701.3102,39
20260815_200150_9f5a13,2022-05-31,601998.SH,18300,18000,8.009649,7.5144,-9063.0567,39
20260815_200150_9f5a13,2022-05-31,000429.SZ,4200,4200,31.315808,33.62868,9714.0624,28
20260815_200150_9f5a13,2022-05-31,002818.SZ,5500,5500,25.271202,25.33518,351.879,15
20260815_200150_9f5a13,2022-05-31,600350.SH,9300,9300,14.571475,14.77756,1916.5905,3
20260815_200150_9f5a13,2022-05-31,002267.SZ,6800,6700,19.865284,19.94076,513.2368,2
20260815_200150_9f5a13,2022-06-01,600068.SH,2200,2200,52.715616,63.06543,22769.5908,200
20260815_200150_9f5a13,2022-06-01,600838.SH,1700,1700,67.773367,78.0215,17421.8261,46
20260815_200150_9f5a13,2022-06-01,600084.SH,3300,3300,34.847052,40.81648,19699.1124,45
20260815_200150_9f5a13,2022-06-01,601328.SH,13300,13300,10.574564,10.31724,-3422.4092,40
20260815_200150_9f5a13,2022-06-01,601998.SH,18300,18300,8.009649,7.5144,-9063.0567,40
20260815_200150_9f5a13,2022-06-01,000429.SZ,4100,4100,31.315808,32.80464,6104.2112,29
20260815_200150_9f5a13,2022-06-01,002818.SZ,5500,5500,25.271202,25.18776,-458.931,16
20260815_200150_9f5a13,2022-06-01,600350.SH,9300,9300,14.571475,14.72772,1453.0785,4
20260815_200150_9f5a13,2022-06-01,002267.SZ,6800,6800,19.865284,19.68246,-1243.2032,3
20260815_200150_9f5a13,2022-06-02,600068.SH,2200,2200,52.715616,63.06543,22769.5908,201
20260815_200150_9f5a13,2022-06-02,600838.SH,1700,1700,67.773367,73.98274,10555.9341,47
20260815_200150_9f5a13,2022-06-02,600084.SH,3300,3300,34.847052,39.523,15430.6284,46
20260815_200150_9f5a13,2022-06-02,601328.SH,13100,13100,10.574564,10.31724,-3370.9444,41
20260815_200150_9f5a13,2022-06-02,601998.SH,18000,18000,8.009649,7.56288,-8041.842,41
20260815_200150_9f5a13,2022-06-02,000429.SZ,4100,4100,31.315808,32.80464,6104.2112,30
20260815_200150_9f5a13,2022-06-02,002818.SZ,5400,5400,25.271202,25.18776,-450.5868,17
20260815_200150_9f5a13,2022-06-02,600350.SH,9200,9200,14.571475,14.75264,1666.718,5
20260815_200150_9f5a13,2022-06-02,002267.SZ,6800,6800,19.865284,19.52748,-2297.0672,4
20260815_200150_9f5a13,2022-06-06,600068.SH,2200,2200,52.715616,63.06543,22769.5908,202
20260815_200150_9f5a13,2022-06-06,600838.SH,1800,1700,68.08773,75.2678,12924.126,48
20260815_200150_9f5a13,2022-06-06,600084.SH,3300,3300,34.847052,40.88834,19936.2504,47
20260815_200150_9f5a13,2022-06-06,601328.SH,13000,13000,10.574564,10.25433,-4163.042,42
20260815_200150_9f5a13,2022-06-06,601998.SH,17700,17700,8.009649,7.54672,-8193.8433,42
20260815_200150_9f5a13,2022-06-06,000429.SZ,4100,4100,31.315808,31.90212,2403.8792,31
20260815_200150_9f5a13,2022-06-06,002818.SZ,5400,5400,25.271202,25.04034,-1246.6548,18
20260815_200150_9f5a13,2022-06-06,600350.SH,9100,9100,14.571475,14.329,-2206.5225,6
20260815_200150_9f5a13,2022-06-06,002267.SZ,6800,6800,19.865284,19.65663,-1418.8472,5
20260815_200150_9f5a13,2022-06-07,600068.SH,2200,2200,52.715616,63.06543,22769.5908,203
20260815_200150_9f5a13,2022-06-07,600838.SH,1800,1800,68.08773,73.52379,9784.908,49
20260815_200150_9f5a13,2022-06-07,600084.SH,3300,3300,34.847052,41.10392,20647.6644,48
20260815_200150_9f5a13,2022-06-07,601328.SH,13000,13000,10.574564,10.2753,-3890.432,43
20260815_200150_9f5a13,2022-06-07,601998.SH,17700,17700,8.009649,7.5952,-7335.7473,43
20260815_200150_9f5a13,2022-06-07,000429.SZ,4100,4100,31.315808,32.25528,3851.8352,32
20260815_200150_9f5a13,2022-06-07,002818.SZ,5400,5400,25.271202,25.01928,-1360.3788,19
20260815_200150_9f5a13,2022-06-07,600350.SH,9300,9100,14.569865,14.7028,1236.2955,7
20260815_200150_9f5a13,2022-06-07,002267.SZ,6800,6800,19.865284,19.60497,-1770.1352,6
20260815_200150_9f5a13,2022-06-08,600068.SH,2200,2200,52.715616,63.06543,22769.5908,204
20260815_200150_9f5a13,2022-06-08,600838.SH,1800,1800,68.08773,72.5141,7967.466,50
20260815_200150_9f5a13,2022-06-08,600084.SH,3300,3300,34.847052,39.59486,15667.7664,49
20260815_200150_9f5a13,2022-06-08,601328.SH,13000,13000,10.574564,10.29627,-3617.822,44
20260815_200150_9f5a13,2022-06-08,601998.SH,17700,17700,8.009649,7.61136,-7049.7153,44
20260815_200150_9f5a13,2022-06-08,000429.SZ,4100,4100,31.315808,32.52996,4978.0232,33
20260815_200150_9f5a13,2022-06-08,002818.SZ,5400,5400,25.271202,24.76656,-2725.0668,20
20260815_200150_9f5a13,2022-06-08,600350.SH,9200,9200,14.569865,14.7028,1223.002,8
20260815_200150_9f5a13,2022-06-08,002267.SZ,6800,6800,19.865284,19.91493,337.5928,7
20260815_200150_9f5a13,2022-06-09,600068.SH,2200,2200,52.715616,63.06543,22769.5908,205
20260815_200150_9f5a13,2022-06-09,600838.SH,1800,1800,68.08773,69.30145,2184.696,51
20260815_200150_9f5a13,2022-06-09,600084.SH,3300,3300,34.847052,39.37928,14956.3524,50
20260815_200150_9f5a13,2022-06-09,601328.SH,13000,13000,10.574564,10.35918,-2799.992,45
20260815_200150_9f5a13,2022-06-09,601998.SH,17600,17600,8.009649,7.65984,-6156.6384,45
20260815_200150_9f5a13,2022-06-09,000429.SZ,4100,4100,31.315808,32.92236,6586.8632,34
20260815_200150_9f5a13,2022-06-09,002818.SZ,5400,5400,25.271202,24.47172,-4317.2028,21
20260815_200150_9f5a13,2022-06-09,600350.SH,9100,9100,14.569865,14.87724,2797.1125,9
20260815_200150_9f5a13,2022-06-09,002267.SZ,6700,6700,19.865284,19.75995,-705.7378,8
20260815_200150_9f5a13,2022-06-10,600068.SH,2200,2200,52.715616,63.06543,22769.5908,206
20260815_200150_9f5a13,2022-06-10,600838.SH,1900,1800,68.151333,68.75071,1138.8163,52
20260815_200150_9f5a13,2022-06-10,600084.SH,3300,3300,34.847052,39.30742,14719.2144,51
20260815_200150_9f5a13,2022-06-10,601328.SH,12900,12900,10.574564,10.50597,-884.8626,46
20260815_200150_9f5a13,2022-06-10,601998.SH,17400,17400,8.009649,7.69216,-5524.3086,46
20260815_200150_9f5a13,2022-06-10,000429.SZ,4100,4100,31.315808,32.92236,6586.8632,35
20260815_200150_9f5a13,2022-06-10,002818.SZ,5400,5400,25.271202,24.1137,-6250.5108,22
20260815_200150_9f5a13,2022-06-10,600350.SH,9000,9000,14.569865,14.65296,747.855,10
20260815_200150_9f5a13,2022-06-10,002267.SZ,6700,6700,19.865284,20.06991,1370.9942,9
20260815_200150_9f5a13,2022-06-13,600068.SH,2200,2200,52.715616,63.06543,22769.5908,207
20260815_200150_9f5a13,2022-06-13,600838.SH,1900,1900,68.151333,68.19997,92.4103,53
20260815_200150_9f5a13,2022-06-13,600084.SH,3300,3300,34.847052,38.22952,11162.1444,52
20260815_200150_9f5a13,2022-06-13,601328.SH,12700,12700,10.574564,10.29627,-3534.3338,47
20260815_200150_9f5a13,2022-06-13,601998.SH,17300,17300,8.009649,7.56288,-7729.1037,47
20260815_200150_9f5a13,2022-06-13,000429.SZ,4100,4100,31.315808,32.21604,3690.9512,36
20260815_200150_9f5a13,2022-06-13,002818.SZ,5500,5400,25.248788,24.8508,-2188.934,23
20260815_200150_9f5a13,2022-06-13,600350.SH,9000,9000,14.569865,14.50344,-597.825,11
20260815_200150_9f5a13,2022-06-13,002267.SZ,6700,6700,19.865284,19.68246,-1224.9208,10
20260815_200150_9f5a13,2022-06-14,600068.SH,2200,2200,52.715616,63.06543,22769.5908,208
20260815_200150_9f5a13,2022-06-14,600838.SH,1900,1900,68.151333,67.28207,-1651.5997,54
20260815_200150_9f5a13,2022-06-14,600084.SH,3400,3300,34.937361,38.8044,13147.9326,53
20260815_200150_9f5a13,2022-06-14,601328.SH,12700,12700,10.574564,10.44306,-1670.1008,48
20260815_200150_9f5a13,2022-06-14,601998.SH,17300,17300,8.009649,7.64368,-6331.2637,48
20260815_200150_9f5a13,2022-06-14,000429.SZ,4100,4100,31.315808,32.373,4334.4872,37
20260815_200150_9f5a13,2022-06-14,002818.SZ,5300,5300,25.248788,24.70338,-2890.6624,24
20260815_200150_9f5a13,2022-06-14,600350.SH,9000,9000,14.569865,14.55328,-149.265,12
20260815_200150_9f5a13,2022-06-14,002267.SZ,6700,6700,19.865284,20.17323,2063.2382,11
20260815_200150_9f5a13,2022-06-15,600068.SH,2200,2200,52.715616,63.06543,22769.5908,209
20260815_200150_9f5a13,2022-06-15,600838.SH,1900,1900,68.151333,66.54775,-3046.8077,55
20260815_200150_9f5a13,2022-06-15,600084.SH,3400,3400,34.937361,38.58882,12414.9606,54
20260815_200150_9f5a13,2022-06-15,601328.SH,12700,12700,10.574564,10.485,-1137.4628,49
20260815_200150_9f5a13,2022-06-15,601998.SH,17300,17300,8.009649,7.78912,-3815.1517,49
20260815_200150_9f5a13,2022-06-15,000429.SZ,4100,4100,31.315808,32.45148,4656.2552,38
20260815_200150_9f5a13,2022-06-15,002818.SZ,5300,5300,25.248788,25.5879,1797.2936,25
20260815_200150_9f5a13,2022-06-15,600350.SH,9000,9000,14.569865,14.31232,-2317.905,13
20260815_200150_9f5a13,2022-06-15,002267.SZ,6600,6600,19.865284,19.99242,839.0976,12
20260815_200150_9f5a13,2022-06-16,600068.SH,2200,2200,52.715616,63.06543,22769.5908,210
20260815_200150_9f5a13,2022-06-16,600838.SH,1900,1900,68.151333,66.45596,-3221.2087,56
20260815_200150_9f5a13,2022-06-16,600084.SH,3400,3400,34.937361,38.94812,13636.5806,55
20260815_200150_9f5a13,2022-06-16,601328.SH,12700,12700,10.574564,10.40112,-2202.7388,50
20260815_200150_9f5a13,2022-06-16,601998.SH,17000,17000,8.009649,7.74064,-4573.153,50
20260815_200150_9f5a13,2022-06-16,000429.SZ,4100,4100,31.315808,32.1768,3530.0672,39
20260815_200150_9f5a13,2022-06-16,002818.SZ,5200,5200,25.248788,26.0091,3953.6224,26
20260815_200150_9f5a13,2022-06-16,600350.SH,9200,9000,14.564073,14.232064,-3054.4828,14
20260815_200150_9f5a13,2022-06-16,002267.SZ,6600,6600,19.865284,19.34667,-3422.8524,13
20260815_200150_9f5a13,2022-06-17,600068.SH,2200,2200,52.715616,63.06543,22769.5908,211
20260815_200150_9f5a13,2022-06-17,600838.SH,1900,1900,68.151333,65.1709,-5662.8227,57
20260815_200150_9f5a13,2022-06-17,600084.SH,3400,3400,34.937361,40.09788,17545.7646,56
20260815_200150_9f5a13,2022-06-17,601328.SH,12700,12700,10.574564,10.42209,-1936.4198,51
20260815_200150_9f5a13,2022-06-17,601998.SH,17000,17000,8.009649,7.72448,-4847.873,51
20260815_200150_9f5a13,2022-06-17,000429.SZ,4100,4100,31.315808,32.49072,4817.1392,40
20260815_200150_9f5a13,2022-06-17,002818.SZ,5100,5100,25.248788,25.5879,1729.4712,27
20260815_200150_9f5a13,2022-06-17,600350.SH,9200,9200,14.564073,14.17856,-3546.7196,15
20260815_200150_9f5a13,2022-06-17,002267.SZ,6800,6600,19.849221,19.3725,-3241.7028,14
20260815_200150_9f5a13,2022-06-20,600068.SH,2200,2200,52.715616,63.06543,22769.5908,212
20260815_200150_9f5a13,2022-06-20,600838.SH,2000,1900,68.006385,65.26269,-5487.39,58
20260815_200150_9f5a13,2022-06-20,600084.SH,3300,3300,34.937361,39.73858,15844.0227,57
20260815_200150_9f5a13,2022-06-20,601328.SH,12700,12700,10.574564,10.38015,-2469.0578,52
20260815_200150_9f5a13,2022-06-20,601998.SH,17000,17000,8.009649,7.69216,-5397.313,52
20260815_200150_9f5a13,2022-06-20,000429.SZ,4100,4100,31.315808,32.1768,3530.0672,41
20260815_200150_9f5a13,2022-06-20,002818.SZ,5100,5100,25.248788,26.26182,5166.4632,28
20260815_200150_9f5a13,2022-06-20,600350.SH,9200,9200,14.564073,14.098304,-4285.0748,16
20260815_200150_9f5a13,2022-06-20,002267.SZ,6800,6800,19.849221,18.80424,-7105.8708,15
20260815_200150_9f5a13,2022-06-21,600068.SH,2200,2200,52.715616,63.06543,22769.5908,213
20260815_200150_9f5a13,2022-06-21,600838.SH,2000,2000,68.006385,64.89553,-6221.71,59
20260815_200150_9f5a13,2022-06-21,600084.SH,3300,3300,34.937361,38.94812,13235.5047,58
20260815_200150_9f5a13,2022-06-21,601328.SH,12700,12700,10.574564,10.485,-1137.4628,53
20260815_200150_9f5a13,2022-06-21,601998.SH,17000,17000,8.009649,7.72448,-4847.873,53
20260815_200150_9f5a13,2022-06-21,000429.SZ,4100,4100,31.315808,31.9806,2725.6472,42
20260815_200150_9f5a13,2022-06-21,002818.SZ,5000,5000,25.248788,25.6932,2222.06,29
20260815_200150_9f5a13,2022-06-21,600350.SH,9300,9200,14.559542,14.071552,-4538.307,17
20260815_200150_9f5a13,2022-06-21,002267.SZ,6900,6800,19.839888,18.80412,-7146.7992,16
20260815_200150_9f5a13,2022-06-22,600068.SH,2200,2200,52.715616,63.06543,22769.5908,214
20260815_200150_9f5a13,2022-06-22,600838.SH,2000,2000,68.006385,63.51868,-8975.41,60
20260815_200150_9f5a13,2022-06-22,600084.SH,3300,3300,34.937361,38.66068,12286.9527,59
20260815_200150_9f5a13,2022-06-22,601328.SH,12500,12500,10.574564,10.42209,-1905.925,54
20260815_200150_9f5a13,2022-06-22,601998.SH,17000,17000,8.009649,7.65984,-5946.753,54
20260815_200150_9f5a13,2022-06-22,000429.SZ,4100,4100,31.315808,31.70592,1599.4592,43
20260815_200150_9f5a13,2022-06-22,002818.SZ,5000,5000,25.248788,25.04034,-1042.24,30
20260815_200150_9f5a13,2022-06-22,600350.SH,9300,9300,14.559542,14.098304,-4289.5134,18
20260815_200150_9f5a13,2022-06-22,002267.SZ,6900,6900,19.839888,18.858,-6775.0272,17
20260815_200150_9f5a13,2022-06-23,600068.SH,2200,2200,52.715616,63.06543,22769.5908,215
20260815_200150_9f5a13,2022-06-23,600084.SH,3800,3300,35.452565,39.73858,16286.857,60
20260815_200150_9f5a13,2022-06-23,601328.SH,14100,12500,10.561123,10.42209,-1960.3653,55
20260815_200150_9f5a13,2022-06-23,601998.SH,19300,17000,7.971031,7.7568,-4134.6583,55
20260815_200150_9f5a13,2022-06-23,000429.SZ,4600,4100,31.35825,31.90212,2501.802,44
20260815_200150_9f5a13,2022-06-23,002818.SZ,5900,5000,25.234633,25.14564,-525.0587,31
20260815_200150_9f5a13,2022-06-23,600350.SH,10400,9300,14.512622,14.071552,-4587.128,19
20260815_200150_9f5a13,2022-06-23,002267.SZ,7800,6900,19.719977,19.01964,-5462.6286,18
20260815_200150_9f5a13,2022-06-24,600068.SH,2200,2200,52.715616,63.06543,22769.5908,216
20260815_200150_9f5a13,2022-06-24,601328.SH,14300,14100,10.559361,10.38015,-2562.7173,56
20260815_200150_9f5a13,2022-06-24,601998.SH,19300,19300,7.971031,7.70832,-5070.3223,56
20260815_200150_9f5a13,2022-06-24,000429.SZ,4600,4600,31.35825,31.82364,2140.794,45
20260815_200150_9f5a13,2022-06-24,002818.SZ,5900,5900,25.234633,25.12458,-649.3127,32
20260815_200150_9f5a13,2022-06-24,600350.SH,10600,10400,14.505137,14.0448,-4879.5722,20
20260815_200150_9f5a13,2022-06-24,002267.SZ,7800,7800,19.719977,19.04658,-5252.4966,19
20260815_200150_9f5a13,2022-06-24,002448.SZ,3600,0,41.40158,40.886578,-1854.0072,1
20260815_200150_9f5a13,2022-06-27,600068.SH,2200,2200,52.715616,63.06543,22769.5908,217
20260815_200150_9f5a13,2022-06-27,601328.SH,12600,12600,10.559361,10.40112,-1993.8366,57
20260815_200150_9f5a13,2022-06-27,601998.SH,16900,16900,7.971031,7.676,-4986.0239,57
20260815_200150_9f5a13,2022-06-27,000429.SZ,4100,4100,31.35825,31.90212,2229.867,46
20260815_200150_9f5a13,2022-06-27,002818.SZ,5200,5200,25.234633,25.92486,3589.1804,33
20260815_200150_9f5a13,2022-06-27,600350.SH,9300,9300,14.505137,14.071552,-4032.3405,21
20260815_200150_9f5a13,2022-06-27,002267.SZ,6900,6900,19.719977,19.04658,-4646.4393,20
20260815_200150_9f5a13,2022-06-27,002448.SZ,3200,3200,41.40158,41.69736,946.496,2
20260815_200150_9f5a13,2022-06-28,600068.SH,2200,2200,52.715616,63.06543,22769.5908,218
20260815_200150_9f5a13,2022-06-28,601328.SH,12600,12600,10.559361,10.42209,-1729.6146,58
20260815_200150_9f5a13,2022-06-28,601998.SH,17000,16900,7.969447,7.65984,-5263.319,58
20260815_200150_9f5a13,2022-06-28,000429.SZ,4100,4100,31.35825,31.90212,2229.867,47
20260815_200150_9f5a13,2022-06-28,002818.SZ,5100,5100,25.234633,25.9038,3412.7517,34
20260815_200150_9f5a13,2022-06-28,600350.SH,9300,9300,14.505137,14.151808,-3285.9597,22
20260815_200150_9f5a13,2022-06-28,002267.SZ,6900,6900,19.719977,19.23516,-3345.2373,21
20260815_200150_9f5a13,2022-06-28,002448.SZ,3200,3200,41.40158,42.160664,2429.0688,3
20260815_200150_9f5a13,2022-06-28,603012.SH,10300,0,12.716999,13.03536,3279.1183,1
20260815_200150_9f5a13,2022-06-29,600068.SH,2200,2200,52.715616,63.06543,22769.5908,219
20260815_200150_9f5a13,2022-06-29,601328.SH,12600,12600,10.559361,10.46403,-1201.1706,59
20260815_200150_9f5a13,2022-06-29,601998.SH,17200,17000,7.965958,7.69216,-4709.3256,59
20260815_200150_9f5a13,2022-06-29,000429.SZ,4100,4100,31.35825,31.62744,1103.679,48
20260815_200150_9f5a13,2022-06-29,002818.SZ,5100,5100,25.234633,26.28288,5346.0597,35
20260815_200150_9f5a13,2022-06-29,600350.SH,9300,9300,14.505137,14.0448,-4281.1341,23
20260815_200150_9f5a13,2022-06-29,002267.SZ,6900,6900,19.719977,18.83106,-6133.5273,22
20260815_200150_9f5a13,2022-06-29,002448.SZ,3200,3200,41.40158,40.770752,-2018.6496,4
20260815_200150_9f5a13,2022-06-29,603012.SH,10200,10200,12.716999,12.63845,-801.1998,2
20260815_200150_9f5a13,2022-06-30,600068.SH,2200,2200,52.715616,63.06543,22769.5908,220
20260815_200150_9f5a13,2022-06-30,601328.SH,12500,12500,10.559361,10.44306,-1453.7625,60
20260815_200150_9f5a13,2022-06-30,601998.SH,17000,17000,7.965958,7.676,-4929.286,60
20260815_200150_9f5a13,2022-06-30,000429.SZ,4100,4100,31.35825,31.5882,942.795,49
20260815_200150_9f5a13,2022-06-30,002818.SZ,5000,5000,25.234633,26.51454,6399.535,36
20260815_200150_9f5a13,2022-06-30,600350.SH,9300,9300,14.505137,14.0448,-4281.1341,24
20260815_200150_9f5a13,2022-06-30,002267.SZ,6900,6900,19.719977,18.83106,-6133.5273,23
20260815_200150_9f5a13,2022-06-30,002448.SZ,3200,3200,41.40158,40.886578,-1648.0064,5
20260815_200150_9f5a13,2022-06-30,603012.SH,10300,10200,12.717625,12.51147,-2123.3965,3
20260815_200150_9f5a13,2022-07-01,600068.SH,2200,2200,52.715616,63.06543,22769.5908,221
20260815_200150_9f5a13,2022-07-01,000429.SZ,4100,4100,31.35825,32.373,4160.475,50
20260815_200150_9f5a13,2022-07-01,002818.SZ,5000,5000,25.234633,26.59878,6820.735,37
20260815_200150_9f5a13,2022-07-01,600350.SH,9300,9300,14.505137,14.0448,-4281.1341,25
20260815_200150_9f5a13,2022-07-01,002267.SZ,6900,6900,19.719977,18.66942,-7248.8433,24
20260815_200150_9f5a13,2022-07-01,002448.SZ,3200,3200,41.40158,40.307448,-3501.2224,6
20260815_200150_9f5a13,2022-07-01,603012.SH,10400,10300,12.715589,12.702,-141.3256,4
20260815_200150_9f5a13,2022-07-01,002461.SZ,7100,0,18.212152,18.167834,-314.6578,1
20260815_200150_9f5a13,2022-07-04,600068.SH,2200,2200,52.715616,63.06543,22769.5908,222
20260815_200150_9f5a13,2022-07-04,000429.SZ,4100,4100,31.35825,32.33376,3999.591,51
20260815_200150_9f5a13,2022-07-04,002818.SZ,5000,5000,25.234633,26.07228,4188.235,38
20260815_200150_9f5a13,2022-07-04,600350.SH,9300,9300,14.505137,14.125056,-3534.7533,26
20260815_200150_9f5a13,2022-07-04,002267.SZ,6900,6900,19.719977,19.01964,-4832.3253,25
20260815_200150_9f5a13,2022-07-04,002448.SZ,3200,3200,41.40158,39.38084,-6466.368,7
20260815_200150_9f5a13,2022-07-04,603012.SH,10300,10300,12.715589,12.95604,2476.6453,5
20260815_200150_9f5a13,2022-07-04,002461.SZ,7100,7100,18.212152,18.038372,-1233.838,2
20260815_200150_9f5a13,2022-07-04,600674.SH,500,0,249.694811,255.31584,2810.5145,1
20260815_200150_9f5a13,2022-07-05,600068.SH,2200,2200,52.715616,63.06543,22769.5908,223
20260815_200150_9f5a13,2022-07-05,000429.SZ,4100,4100,31.35825,32.49072,4643.127,52
20260815_200150_9f5a13,2022-07-05,002818.SZ,5000,5000,25.234633,25.71426,2398.135,39
20260815_200150_9f5a13,2022-07-05,600350.SH,9300,9300,14.505137,14.125056,-3534.7533,27
20260815_200150_9f5a13,2022-07-05,002267.SZ,6900,6900,19.719977,19.28904,-2973.4653,26
20260815_200150_9f5a13,2022-07-05,002448.SZ,3300,3200,41.341837,39.149188,-7235.7417,8
20260815_200150_9f5a13,2022-07-05,603012.SH,10200,10200,12.715589,12.72317,77.3262,6
20260815_200150_9f5a13,2022-07-05,002461.SZ,7200,7100,18.210952,17.822602,-2796.12,3
20260815_200150_9f5a13,2022-07-05,600674.SH,500,500,249.694811,254.49752,2401.3545,2
20260815_200150_9f5a13,2022-07-06,600068.SH,2200,2200,52.715616,63.06543,22769.5908,224
20260815_200150_9f5a13,2022-07-06,000429.SZ,4100,4100,31.35825,32.49072,4643.127,53
20260815_200150_9f5a13,2022-07-06,002818.SZ,5000,5000,25.234633,25.33518,502.735,40
20260815_200150_9f5a13,2022-07-06,600350.SH,9300,9300,14.505137,14.018048,-4529.9277,28
20260815_200150_9f5a13,2022-07-06,002267.SZ,6800,6800,19.719977,18.88494,-5678.2516,27
20260815_200150_9f5a13,2022-07-06,002448.SZ,3300,3300,41.341837,41.176143,-546.7902,9
20260815_200150_9f5a13,2022-07-06,603012.SH,10200,10200,12.715589,12.59615,-1218.2778,7
20260815_200150_9f5a13,2022-07-06,002461.SZ,7300,7200,18.205641,17.347908,-6261.4509,4
20260815_200150_9f5a13,2022-07-06,600674.SH,500,500,249.694811,266.36316,8334.1745,3
20260815_200150_9f5a13,2022-07-07,600068.SH,2200,2200,52.715616,63.06543,22769.5908,225
20260815_200150_9f5a13,2022-07-07,000429.SZ,4100,4100,31.35825,31.057917,-1231.3653,54
20260815_200150_9f5a13,2022-07-07,002818.SZ,5100,5000,25.238053,25.41942,924.9717,41
20260815_200150_9f5a13,2022-07-07,600350.SH,9300,9300,14.505137,13.937792,-5276.3085,29
20260815_200150_9f5a13,2022-07-07,002267.SZ,6900,6800,19.708217,18.88494,-5680.6113,28
20260815_200150_9f5a13,2022-07-07,002448.SZ,3200,3200,41.341837,41.11823,-715.5424,10
20260815_200150_9f5a13,2022-07-07,603012.SH,10300,10200,12.714377,12.74434,308.6189,8
20260815_200150_9f5a13,2022-07-07,002461.SZ,7500,7300,18.18277,17.347908,-6261.465,5
20260815_200150_9f5a13,2022-07-07,600674.SH,500,500,249.694811,270.65934,10482.2645,4
20260815_200150_9f5a13,2022-07-08,600068.SH,2200,2200,52.715616,63.06543,22769.5908,226
20260815_200150_9f5a13,2022-07-08,000429.SZ,4100,4100,31.35825,31.226481,-540.2529,55
20260815_200150_9f5a13,2022-07-08,002818.SZ,5100,5100,25.238053,25.20882,-149.0883,42
20260815_200150_9f5a13,2022-07-08,600350.SH,9300,9300,14.505137,13.937792,-5276.3085,30
20260815_200150_9f5a13,2022-07-08,002267.SZ,6900,6900,19.708217,19.01964,-4751.1813,29
20260815_200150_9f5a13,2022-07-08,002448.SZ,3200,3200,41.341837,41.986925,2064.2816,11
20260815_200150_9f5a13,2022-07-08,603012.SH,10300,10300,12.714377,12.702,-127.4831,9
20260815_200150_9f5a13,2022-07-08,002461.SZ,7500,7500,18.18277,17.369485,-6099.6375,6
20260815_200150_9f5a13,2022-07-08,600674.SH,500,500,249.694811,282.52498,16415.0845,5
20260815_200150_9f5a13,2022-07-11,600068.SH,2200,2200,52.715616,63.06543,22769.5908,227
20260815_200150_9f5a13,2022-07-11,000429.SZ,4200,4100,31.354033,31.100058,-1066.695,56
20260815_200150_9f5a13,2022-07-11,002818.SZ,5200,5100,25.235664,25.12458,-577.6368,43
20260815_200150_9f5a13,2022-07-11,600350.SH,9400,9300,14.499002,13.937792,-5275.374,31
20260815_200150_9f5a13,2022-07-11,002267.SZ,6900,6900,19.708217,19.07352,-4379.4093,30
20260815_200150_9f5a13,2022-07-11,002448.SZ,3200,3200,41.341837,42.044838,2249.6032,12
20260815_200150_9f5a13,2022-07-11,603012.SH,10300,10300,12.714377,13.04072,3361.3329,10
20260815_200150_9f5a13,2022-07-11,002461.SZ,7500,7500,18.18277,17.067407,-8365.2225,7
20260815_200150_9f5a13,2022-07-11,600674.SH,500,500,249.694811,277.41048,13857.8345,6
20260815_200150_9f5a13,2022-07-12,600068.SH,2200,2200,52.715616,63.06543,22769.5908,228
20260815_200150_9f5a13,2022-07-12,000429.SZ,4200,4200,31.354033,31.647891,1234.2036,57
20260815_200150_9f5a13,2022-07-12,002818.SZ,5200,5200,25.235664,24.91398,-1672.7568,44
20260815_200150_9f5a13,2022-07-12,600350.SH,9400,9400,14.499002,14.793856,2771.6276,32
20260815_200150_9f5a13,2022-07-12,002267.SZ,6900,6900,19.708217,19.3968,-2148.7773,31
20260815_200150_9f5a13,2022-07-12,002448.SZ,3200,3200,41.341837,40.481187,-2754.08,13
20260815_200150_9f5a13,2022-07-12,603012.SH,10100,10100,12.714377,12.95604,2440.7963,11
20260815_200150_9f5a13,2022-07-12,002461.SZ,7600,7500,18.169228,16.83006,-10177.6768,8
20260815_200150_9f5a13,2022-07-12,600674.SH,500,500,249.694811,291.93566,21120.4245,7
20260815_200150_9f5a13,2022-07-13,600068.SH,2200,2200,52.715616,63.06543,22769.5908,229
20260815_200150_9f5a13,2022-07-13,000429.SZ,4200,4200,31.354033,33.29139,8136.8994,58
20260815_200150_9f5a13,2022-07-13,002818.SZ,5300,5200,25.232967,25.08246,-797.6871,45
20260815_200150_9f5a13,2022-07-13,600350.SH,9000,9000,14.499002,15.275392,6987.51,33
20260815_200150_9f5a13,2022-07-13,002267.SZ,6900,6900,19.708217,19.50456,-1405.2333,32
20260815_200150_9f5a13,2022-07-13,002448.SZ,3200,3200,41.341837,41.986925,2064.2816,14
20260815_200150_9f5a13,2022-07-13,603012.SH,10200,10100,12.716074,13.01955,3095.4552,12
20260815_200150_9f5a13,2022-07-13,002461.SZ,7800,7600,18.137092,16.894791,-9689.9478,9
20260815_200150_9f5a13,2022-07-13,600674.SH,500,500,249.694811,293.16314,21734.1645,8
20260815_200150_9f5a13,2022-07-14,600068.SH,2200,2200,52.715616,63.06543,22769.5908,230
20260815_200150_9f5a13,2022-07-14,000429.SZ,4100,4100,31.354033,31.774314,1723.1521,59
20260815_200150_9f5a13,2022-07-14,002818.SZ,5300,5300,25.232967,24.38748,-4481.0811,46
20260815_200150_9f5a13,2022-07-14,600350.SH,8900,8900,14.499002,14.205312,-2613.841,34
20260815_200150_9f5a13,2022-07-14,002267.SZ,6900,6900,19.708217,19.69314,-104.0313,33
20260815_200150_9f5a13,2022-07-14,002448.SZ,3200,3200,41.341837,42.508142,3732.176,15
20260815_200150_9f5a13,2022-07-14,603012.SH,10300,10200,12.717944,13.04072,3324.5928,13
20260815_200150_9f5a13,2022-07-14,002461.SZ,7900,7800,18.121634,16.635867,-11737.5593,10
20260815_200150_9f5a13,2022-07-14,600674.SH,500,500,249.694811,288.04864,19176.9145,9
20260815_200150_9f5a13,2022-07-15,600068.SH,2200,2200,52.715616,63.06543,22769.5908,231
20260815_200150_9f5a13,2022-07-15,000429.SZ,4100,4100,31.354033,31.310763,-177.407,60
20260815_200150_9f5a13,2022-07-15,002818.SZ,5400,5300,25.221389,24.59808,-3365.8686,47
20260815_200150_9f5a13,2022-07-15,600350.SH,9300,8900,14.488286,13.964544,-4870.8006,35
20260815_200150_9f5a13,2022-07-15,002267.SZ,6800,6800,19.708217,19.10046,-4132.7476,34
20260815_200150_9f5a13,2022-07-15,002448.SZ,3200,3200,41.341837,42.102751,2434.9248,16
20260815_200150_9f5a13,2022-07-15,603012.SH,10200,10200,12.717944,12.78668,701.1072,14
20260815_200150_9f5a13,2022-07-15,600674.SH,500,500,249.694811,280.88834,15596.7645,10
20260815_200150_9f5a13,2022-07-15,000544.SZ,5100,0,25.653143,27.33426,8573.6967,1
20260815_200150_9f5a13,2022-07-18,600068.SH,2200,2200,52.715616,63.06543,22769.5908,232
20260815_200150_9f5a13,2022-07-18,002818.SZ,6100,5400,25.16549,24.91398,-1534.211,48
20260815_200150_9f5a13,2022-07-18,600350.SH,10700,9300,14.425548,14.339072,-925.2932,36
20260815_200150_9f5a13,2022-07-18,002267.SZ,7800,6800,19.643735,19.98948,2696.811,35
20260815_200150_9f5a13,2022-07-18,002448.SZ,3500,3200,41.451332,42.739794,4509.617,17
20260815_200150_9f5a13,2022-07-18,603012.SH,11700,10200,12.720653,13.42178,8203.1859,15
20260815_200150_9f5a13,2022-07-18,600674.SH,500,500,249.694811,286.00284,18154.0145,11
20260815_200150_9f5a13,2022-07-18,000544.SZ,5400,5100,25.814084,30.0753,23010.5664,2
20260815_200150_9f5a13,2022-07-19,600068.SH,2200,2200,52.715616,63.06543,22769.5908,233
20260815_200150_9f5a13,2022-07-19,002818.SZ,5500,5500,25.16549,24.93504,-1267.475,49
20260815_200150_9f5a13,2022-07-19,600350.SH,9600,9600,14.425548,14.31232,-1086.9888,37
20260815_200150_9f5a13,2022-07-19,002267.SZ,6900,6900,19.643735,20.12418,3315.0705,36
20260815_200150_9f5a13,2022-07-19,002448.SZ,3200,3200,41.451332,42.85562,4493.7216,18
20260815_200150_9f5a13,2022-07-19,603012.SH,10200,10200,12.720653,13.7605,10606.4394,16
20260815_200150_9f5a13,2022-07-19,600674.SH,500,500,249.694811,280.07002,15187.6045,12
20260815_200150_9f5a13,2022-07-19,000544.SZ,4700,4700,25.814084,33.08283,34163.1062,3
20260815_200150_9f5a13,2022-07-19,000598.SZ,900,0,139.907549,137.901144,-1805.7645,1
20260815_200150_9f5a13,2022-07-20,600068.SH,2200,2200,52.715616,63.06543,22769.5908,234
20260815_200150_9f5a13,2022-07-20,002818.SZ,5500,5500,25.16549,24.97716,-1035.815,50
20260815_200150_9f5a13,2022-07-20,600350.SH,9600,9600,14.425548,14.098304,-3141.5424,38
20260815_200150_9f5a13,2022-07-20,002267.SZ,6900,6900,19.643735,20.4744,5731.5885,37
20260815_200150_9f5a13,2022-07-20,002448.SZ,3200,3200,41.451332,42.508142,3381.792,19
20260815_200150_9f5a13,2022-07-20,603012.SH,10100,10100,12.720653,14.05688,13495.8927,17
20260815_200150_9f5a13,2022-07-20,600674.SH,500,500,249.694811,277.41048,13857.8345,13
20260815_200150_9f5a13,2022-07-20,000544.SZ,4200,4200,25.814084,29.99916,17577.3192,4
20260815_200150_9f5a13,2022-07-20,000598.SZ,1000,900,139.72415,138.424488,-1299.662,2
20260815_200150_9f5a13,2022-07-21,600068.SH,2200,2200,52.715616,63.06543,22769.5908,235
20260815_200150_9f5a13,2022-07-21,002818.SZ,5500,5500,25.16549,24.87186,-1614.965,51
20260815_200150_9f5a13,2022-07-21,600350.SH,9700,9600,14.422356,13.991296,-4181.282,39
20260815_200150_9f5a13,2022-07-21,002267.SZ,6700,6700,19.643735,20.85156,8092.4275,38
20260815_200150_9f5a13,2022-07-21,002448.SZ,3200,3200,41.451332,42.334403,2825.8272,20
20260815_200150_9f5a13,2022-07-21,603012.SH,9800,9800,12.720653,13.67582,9360.6366,18
20260815_200150_9f5a13,2022-07-21,600674.SH,500,500,249.694811,274.458996,12382.0925,14
20260815_200150_9f5a13,2022-07-21,000544.SZ,4500,4200,26.065095,31.02705,22328.7975,5
20260815_200150_9f5a13,2022-07-21,000598.SZ,1000,1000,139.72415,136.592784,-3131.366,3
20260815_200150_9f5a13,2022-07-22,600068.SH,2200,2200,52.715616,63.06543,22769.5908,236
20260815_200150_9f5a13,2022-07-22,002818.SZ,5500,5500,25.16549,24.91398,-1383.305,52
20260815_200150_9f5a13,2022-07-22,600350.SH,9700,9700,14.422356,14.071552,-3402.7988,40
20260815_200150_9f5a13,2022-07-22,002267.SZ,6600,6600,19.643735,20.44746,5304.585,39
20260815_200150_9f5a13,2022-07-22,002448.SZ,3200,3200,41.451332,43.376837,6161.616,21
20260815_200150_9f5a13,2022-07-22,603012.SH,9900,9800,12.73133,13.90869,11655.864,19
20260815_200150_9f5a13,2022-07-22,600674.SH,500,500,249.694811,275.723784,13014.4865,15
20260815_200150_9f5a13,2022-07-22,000544.SZ,4500,4500,26.065095,32.05494,26954.3025,6
20260815_200150_9f5a13,2022-07-22,000598.SZ,1000,1000,139.72415,137.3778,-2346.35,4
20260815_200150_9f5a13,2022-07-25,600068.SH,2200,2200,52.715616,63.06543,22769.5908,237
20260815_200150_9f5a13,2022-07-25,002818.SZ,5500,5500,25.16549,24.80868,-1962.455,53
20260815_200150_9f5a13,2022-07-25,600350.SH,9800,9700,14.418956,14.0448,-3666.7288,41
20260815_200150_9f5a13,2022-07-25,002267.SZ,6700,6600,19.658528,20.68992,6910.3264,40
20260815_200150_9f5a13,2022-07-25,002448.SZ,3200,3200,41.451332,41.871099,1343.2544,22
20260815_200150_9f5a13,2022-07-25,603012.SH,9900,9900,12.73133,13.50646,7673.787,20
20260815_200150_9f5a13,2022-07-25,600674.SH,500,500,249.694811,272.561814,11433.5015,16
20260815_200150_9f5a13,2022-07-25,000544.SZ,4300,4300,26.065095,30.8367,20517.9015,7
20260815_200150_9f5a13,2022-07-25,000598.SZ,1000,1000,139.72415,134.76108,-4963.07,5
20260815_200150_9f5a13,2022-07-26,600068.SH,2200,2200,52.715616,63.06543,22769.5908,238
20260815_200150_9f5a13,2022-07-26,002818.SZ,5500,5500,25.16549,24.76656,-2194.115,54
20260815_200150_9f5a13,2022-07-26,600350.SH,9700,9700,14.418956,14.071552,-3369.8188,42
20260815_200150_9f5a13,2022-07-26,002267.SZ,6600,6600,19.658528,21.1479,9829.8552,41
20260815_200150_9f5a13,2022-07-26,002448.SZ,3200,3200,41.451332,43.145185,5420.3296,23
20260815_200150_9f5a13,2022-07-26,603012.SH,10000,9900,12.740098,13.5488,8087.02,21
20260815_200150_9f5a13,2022-07-26,600674.SH,500,500,249.694811,272.351016,11328.1025,17
20260815_200150_9f5a13,2022-07-26,000544.SZ,4400,4300,26.157957,32.39757,27454.2972,8
20260815_200150_9f5a13,2022-07-26,000598.SZ,1000,1000,139.72415,135.807768,-3916.382,6
20260815_200150_9f5a13,2022-07-27,600068.SH,2200,2200,52.715616,63.06543,22769.5908,239
20260815_200150_9f5a13,2022-07-27,002818.SZ,5500,5500,25.16549,24.66126,-2773.265,55
20260815_200150_9f5a13,2022-07-27,600350.SH,9700,9700,14.418956,13.991296,-4148.302,43
20260815_200150_9f5a13,2022-07-27,002267.SZ,6600,6600,19.658528,22.73736,20320.2912,42
20260815_200150_9f5a13,2022-07-27,002448.SZ,3200,3200,41.451332,42.739794,4123.0784,24
20260815_200150_9f5a13,2022-07-27,603012.SH,10100,10000,12.747853,13.50646,7661.9307,22
20260815_200150_9f5a13,2022-07-27,600674.SH,500,500,249.694811,269.399844,9852.5165,18
20260815_200150_9f5a13,2022-07-27,000544.SZ,4300,4300,26.157957,32.20722,26011.8309,9
20260815_200150_9f5a13,2022-07-27,000598.SZ,1000,1000,139.72415,134.237736,-5486.414,7
20260815_200150_9f5a13,2022-07-28,600068.SH,2200,2200,52.715616,63.06543,22769.5908,240
20260815_200150_9f5a13,2022-07-28,002818.SZ,5600,5500,25.157413,24.93504,-1245.2888,56
20260815_200150_9f5a13,2022-07-28,600350.SH,9800,9700,14.415044,14.098304,-3104.052,44
20260815_200150_9f5a13,2022-07-28,002267.SZ,6100,6100,19.658528,22.3602,16480.1992,43
20260815_200150_9f5a13,2022-07-28,002448.SZ,3200,3200,41.451332,42.681881,3937.7568,25
20260815_200150_9f5a13,2022-07-28,603012.SH,10200,10100,12.756287,13.95103,12186.3786,23
20260815_200150_9f5a13,2022-07-28,600674.SH,500,500,249.694811,265.816278,8060.7335,19
20260815_200150_9f5a13,2022-07-28,000544.SZ,4300,4300,26.157957,30.41793,18317.8839,10
20260815_200150_9f5a13,2022-07-28,000598.SZ,1000,1000,139.72415,134.237736,-5486.414,8
20260815_200150_9f5a13,2022-07-29,600068.SH,2200,2200,52.715616,63.06543,22769.5908,241
20260815_200150_9f5a13,2022-07-29,002818.SZ,5600,5600,25.157413,24.66126,-2778.4568,57
20260815_200150_9f5a13,2022-07-29,600350.SH,9800,9800,14.415044,14.018048,-3890.5608,45
20260815_200150_9f5a13,2022-07-29,002267.SZ,6100,6100,19.658528,21.87528,13522.1872,44
20260815_200150_9f5a13,2022-07-29,002448.SZ,3200,3200,41.451332,42.797707,4308.4,26
20260815_200150_9f5a13,2022-07-29,603012.SH,9900,9900,12.756287,13.7605,9941.7087,24
20260815_200150_9f5a13,2022-07-29,600674.SH,500,500,249.694811,262.865106,6585.1475,20
20260815_200150_9f5a13,2022-07-29,000544.SZ,4500,4300,26.333732,27.7911,6558.156,11
20260815_200150_9f5a13,2022-07-29,000598.SZ,1000,1000,139.72415,133.191048,-6533.102,9
20260815_200150_9f5a13,2022-08-01,600068.SH,2200,2200,52.715616,63.06543,22769.5908,242
20260815_200150_9f5a13,2022-08-01,002818.SZ,5500,5500,25.157413,24.36642,-4350.4615,58
20260815_200150_9f5a13,2022-08-01,600350.SH,9700,9700,14.415044,13.964544,-4369.85,46
20260815_200150_9f5a13,2022-08-01,002267.SZ,6100,6100,19.658528,21.6867,12371.8492,45
20260815_200150_9f5a13,2022-08-01,002448.SZ,3200,3200,41.451332,42.102751,2084.5408,27
20260815_200150_9f5a13,2022-08-01,603012.SH,9900,9900,12.756287,13.61231,8474.6277,25
20260815_200150_9f5a13,2022-08-01,600674.SH,500,500,249.694811,269.399844,9852.5165,21
20260815_200150_9f5a13,2022-08-01,000544.SZ,4800,4500,26.412695,26.15409,-1241.304,12
20260815_200150_9f5a13,2022-08-01,000598.SZ,1000,1000,139.72415,132.14436,-7579.79,10
20260815_200150_9f5a13,2022-08-02,600068.SH,2200,2200,52.715616,63.06543,22769.5908,243
20260815_200150_9f5a13,2022-08-02,002818.SZ,5500,5500,25.157413,23.2713,-10373.6215,59
20260815_200150_9f5a13,2022-08-02,600350.SH,9600,9600,14.415044,13.857536,-5352.0768,47
20260815_200150_9f5a13,2022-08-02,002267.SZ,6100,6100,19.658528,20.8785,7441.8292,46
20260815_200150_9f5a13,2022-08-02,002448.SZ,3200,3200,41.451332,39.670405,-5698.9664,28
20260815_200150_9f5a13,2022-08-02,603012.SH,9800,9800,12.756287,13.06189,2994.9094,26
20260815_200150_9f5a13,2022-08-02,600674.SH,500,500,249.694811,261.38952,5847.3545,22
20260815_200150_9f5a13,2022-08-02,000544.SZ,5000,4800,26.405183,24.66936,-8679.115,13
20260815_200150_9f5a13,2022-08-02,000598.SZ,1000,1000,139.72415,128.21928,-11504.87,11
20260815_200150_9f5a13,2022-08-03,600068.SH,2200,2200,52.715616,63.06543,22769.5908,244
20260815_200150_9f5a13,2022-08-03,002818.SZ,6200,5500,24.94775,25.60896,4099.502,60
20260815_200150_9f5a13,2022-08-03,600350.SH,10500,9600,14.364151,13.723776,-6723.9375,48
20260815_200150_9f5a13,2022-08-03,002267.SZ,7000,6100,19.83261,20.71686,6189.75,47
20260815_200150_9f5a13,2022-08-03,002448.SZ,3600,3200,41.284733,40.017883,-4560.66,29
20260815_200150_9f5a13,2022-08-03,603012.SH,11200,9800,12.809777,12.99838,2112.3536,27
20260815_200150_9f5a13,2022-08-03,600674.SH,500,500,249.694811,262.021914,6163.5515,23
20260815_200150_9f5a13,2022-08-03,000544.SZ,5900,5000,26.162545,24.3648,-10606.6955,14
20260815_200150_9f5a13,2022-08-04,600068.SH,2200,2200,52.715616,63.06543,22769.5908,245
20260815_200150_9f5a13,2022-08-04,600350.SH,9500,9500,14.364151,13.77728,-5575.2745,49
20260815_200150_9f5a13,2022-08-04,002267.SZ,6300,6300,19.83261,20.8785,6589.107,48
20260815_200150_9f5a13,2022-08-04,002448.SZ,3300,3300,41.284733,40.249535,-3416.1534,30
20260815_200150_9f5a13,2022-08-04,603012.SH,10000,10000,12.809777,13.23125,4214.73,28
20260815_200150_9f5a13,2022-08-04,600674.SH,500,500,249.694811,270.453834,10379.5115,24
20260815_200150_9f5a13,2022-08-04,000544.SZ,5400,5400,26.162545,24.93585,-6624.153,15
20260815_200150_9f5a13,2022-08-04,600879.SH,500,0,252.551758,248.5808,-1985.479,1
20260815_200150_9f5a13,2022-08-04,002722.SZ,7100,0,18.165082,16.75504,-10011.2982,1
20260815_200150_9f5a13,2022-08-05,600068.SH,2200,2200,52.715616,63.06543,22769.5908,246
20260815_200150_9f5a13,2022-08-05,600350.SH,9500,9500,14.364151,13.937792,-4050.4105,50
20260815_200150_9f5a13,2022-08-05,002267.SZ,6300,6300,19.83261,21.0132,7437.717,49
20260815_200150_9f5a13,2022-08-05,002448.SZ,3300,3300,41.284733,40.423274,-2842.8147,31
20260815_200150_9f5a13,2022-08-05,603012.SH,9900,9900,12.809777,13.10423,2915.0847,29
20260815_200150_9f5a13,2022-08-05,600674.SH,500,500,249.694811,267.924258,9114.7235,25
20260815_200150_9f5a13,2022-08-05,000544.SZ,5300,5300,26.162545,24.51708,-8720.9645,16
20260815_200150_9f5a13,2022-08-05,600879.SH,500,500,252.551758,250.04304,-1254.359,2
20260815_200150_9f5a13,2022-08-05,002722.SZ,7800,7100,17.956992,15.613136,-18282.0768,2
20260815_200150_9f5a13,2022-08-08,600068.SH,2200,2200,52.715616,63.06543,22769.5908,247
20260815_200150_9f5a13,2022-08-08,600350.SH,9300,9300,14.364151,13.937792,-3965.1387,51
20260815_200150_9f5a13,2022-08-08,002267.SZ,6200,6200,19.83261,21.1479,8154.798,50
20260815_200150_9f5a13,2022-08-08,002448.SZ,3200,3200,41.284733,42.102751,2617.6576,32
20260815_200150_9f5a13,2022-08-08,603012.SH,9900,9900,12.809777,13.16774,3543.8337,30
20260815_200150_9f5a13,2022-08-08,600674.SH,500,500,249.694811,275.09139,12698.2895,26
20260815_200150_9f5a13,2022-08-08,000544.SZ,5300,5300,26.162545,24.66936,-7913.8805,17
20260815_200150_9f5a13,2022-08-08,600879.SH,500,500,252.551758,251.50528,-523.239,3
20260815_200150_9f5a13,2022-08-08,600597.SH,4000,0,32.110408,30.90504,-4821.472,1
20260815_200150_9f5a13,2022-08-09,600068.SH,2200,2200,52.715616,63.06543,22769.5908,248
20260815_200150_9f5a13,2022-08-09,600350.SH,9300,9300,14.364151,13.857536,-4711.5195,52
20260815_200150_9f5a13,2022-08-09,002267.SZ,6200,6200,19.83261,21.79446,12163.47,51
20260815_200150_9f5a13,2022-08-09,002448.SZ,3100,3100,41.284733,41.69736,1279.1437,33
20260815_200150_9f5a13,2022-08-09,603012.SH,9900,9900,12.809777,13.14657,3334.2507,31
20260815_200150_9f5a13,2022-08-09,600674.SH,500,500,249.694811,268.135056,9220.1225,27
20260815_200150_9f5a13,2022-08-09,000544.SZ,5300,5300,26.162545,24.44094,-9124.5065,18
20260815_200150_9f5a13,2022-08-09,600879.SH,500,500,252.551758,253.33308,390.661,4
20260815_200150_9f5a13,2022-08-09,600597.SH,4200,4000,32.04881,30.52506,-6399.75,2
20260815_200150_9f5a13,2022-08-10,600068.SH,2200,2200,52.715616,63.06543,22769.5908,249
20260815_200150_9f5a13,2022-08-10,600350.SH,9300,9300,14.364151,13.884288,-4462.7259,53
20260815_200150_9f5a13,2022-08-10,002267.SZ,6000,6000,19.83261,21.52506,10154.7,52
20260815_200150_9f5a13,2022-08-10,002448.SZ,3100,3100,41.284733,41.813186,1638.2043,34
20260815_200150_9f5a13,2022-08-10,603012.SH,9900,9900,12.809777,13.18891,3753.4167,32
20260815_200150_9f5a13,2022-08-10,600674.SH,500,500,249.694811,264.129894,7217.5415,28
20260815_200150_9f5a13,2022-08-10,000544.SZ,5300,5300,26.162545,24.59322,-8317.4225,19
20260815_200150_9f5a13,2022-08-10,600879.SH,500,500,252.551758,252.60196,25.101,5
20260815_200150_9f5a13,2022-08-10,600597.SH,4200,4200,32.04881,30.449064,-6718.9332,3
20260815_200150_9f5a13,2022-08-11,600068.SH,2200,2200,52.715616,63.06543,22769.5908,250
20260815_200150_9f5a13,2022-08-11,600350.SH,9300,9300,14.364151,13.937792,-3965.1387,54
20260815_200150_9f5a13,2022-08-11,002267.SZ,6000,6000,19.83261,21.92916,12579.3,53
20260815_200150_9f5a13,2022-08-11,002448.SZ,3100,3100,41.284733,41.929012,1997.2649,35
20260815_200150_9f5a13,2022-08-11,603012.SH,9800,9800,12.809777,14.07805,12429.0754,33
20260815_200150_9f5a13,2022-08-11,600674.SH,500,500,249.694811,270.032238,10168.7135,29
20260815_200150_9f5a13,2022-08-11,000544.SZ,5300,5300,26.162545,24.82164,-7106.7965,20
20260815_200150_9f5a13,2022-08-11,600879.SH,500,500,252.551758,253.33308,390.661,6
20260815_200150_9f5a13,2022-08-11,600597.SH,4200,4200,32.04881,30.803712,-5229.4116,4
20260815_200150_9f5a13,2022-08-12,600068.SH,2200,2200,52.715616,63.06543,22769.5908,251
20260815_200150_9f5a13,2022-08-12,600350.SH,9400,9300,14.359801,13.937792,-3966.8846,55
20260815_200150_9f5a13,2022-08-12,002267.SZ,6000,6000,19.83261,22.44102,15650.46,54
20260815_200150_9f5a13,2022-08-12,002448.SZ,3100,3100,41.284733,42.102751,2535.8558,36
20260815_200150_9f5a13,2022-08-12,603012.SH,9400,9400,12.809777,13.95103,10727.7782,34
20260815_200150_9f5a13,2022-08-12,600674.SH,500,500,249.694811,271.297026,10801.1075,30
20260815_200150_9f5a13,2022-08-12,000544.SZ,5300,5300,26.162545,24.70743,-7712.1095,21
20260815_200150_9f5a13,2022-08-12,600879.SH,500,500,252.551758,248.5808,-1985.479,7
20260815_200150_9f5a13,2022-08-12,600597.SH,4200,4200,32.04881,30.626388,-5974.1724,5
20260815_200150_9f5a13,2022-08-15,600068.SH,2200,2200,52.715616,63.06543,22769.5908,252
20260815_200150_9f5a13,2022-08-15,600350.SH,9400,9400,14.359801,13.830784,-4972.7598,56
20260815_200150_9f5a13,2022-08-15,002267.SZ,5900,5900,19.83261,22.44102,15389.619,55
20260815_200150_9f5a13,2022-08-15,002448.SZ,3100,3100,41.284733,41.523621,740.5528,37
20260815_200150_9f5a13,2022-08-15,603012.SH,9400,9400,12.809777,13.88752,10130.7842,35
20260815_200150_9f5a13,2022-08-15,600674.SH,500,500,249.694811,267.502662,8903.9255,31
20260815_200150_9f5a13,2022-08-15,000544.SZ,5300,5300,26.162545,24.89778,-6703.2545,22
20260815_200150_9f5a13,2022-08-15,600879.SH,500,500,252.551758,248.5808,-1985.479,8
20260815_200150_9f5a13,2022-08-15,600597.SH,4200,4200,32.04881,30.170412,-7889.2716,6
20260815_200150_9f5a13,2022-08-16,600068.SH,2200,2200,52.715616,63.06543,22769.5908,253
20260815_200150_9f5a13,2022-08-16,600350.SH,9400,9400,14.359801,13.857536,-4721.291,57
20260815_200150_9f5a13,2022-08-16,002267.SZ,5900,5900,19.83261,22.17162,13800.159,56
20260815_200150_9f5a13,2022-08-16,002448.SZ,3100,3100,41.284733,42.218577,2894.9164,38
20260815_200150_9f5a13,2022-08-16,603012.SH,9400,9400,12.809777,14.24741,13513.7502,36
20260815_200150_9f5a13,2022-08-16,600674.SH,500,500,249.694811,271.718622,11011.9055,32
20260815_200150_9f5a13,2022-08-16,000544.SZ,5300,5300,26.162545,25.20234,-5089.0865,23
20260815_200150_9f5a13,2022-08-16,600879.SH,500,500,252.551758,246.38744,-3082.159,9
20260815_200150_9f5a13,2022-08-16,600597.SH,4300,4200,32.006004,30.373068,-7021.6248,7
20260815_200150_9f5a13,2022-08-17,600068.SH,2200,2200,52.715616,63.06543,22769.5908,254
20260815_200150_9f5a13,2022-08-17,600350.SH,9400,9400,14.359801,13.91104,-4218.3534,58
20260815_200150_9f5a13,2022-08-17,002267.SZ,5900,5900,19.83261,22.11774,13482.267,57
20260815_200150_9f5a13,2022-08-17,002448.SZ,3100,3100,41.284733,43.145185,5767.4012,39
20260815_200150_9f5a13,2022-08-17,603012.SH,9300,9300,12.809777,14.26858,13566.8679,37
20260815_200150_9f5a13,2022-08-17,600674.SH,500,500,249.694811,270.453834,10379.5115,33
20260815_200150_9f5a13,2022-08-17,000544.SZ,5300,5300,26.162545,25.84953,-1658.9795,24
20260815_200150_9f5a13,2022-08-17,600879.SH,500,500,252.551758,247.11856,-2716.599,10
20260815_200150_9f5a13,2022-08-17,600597.SH,4300,4300,32.006004,30.347736,-7130.5524,8
20260815_200150_9f5a13,2022-08-18,600068.SH,2200,2200,52.715616,63.06543,22769.5908,255
20260815_200150_9f5a13,2022-08-18,600350.SH,9500,9400,14.35526,13.937792,-3965.946,59
20260815_200150_9f5a13,2022-08-18,002267.SZ,5900,5900,19.83261,21.65976,10780.185,58
20260815_200150_9f5a13,2022-08-18,002448.SZ,3100,3100,41.284733,43.492663,6844.583,40
20260815_200150_9f5a13,2022-08-18,603012.SH,9300,9300,12.809777,14.41677,14945.0349,38
20260815_200150_9f5a13,2022-08-18,600674.SH,500,500,249.694811,268.135056,9220.1225,34
20260815_200150_9f5a13,2022-08-18,000544.SZ,5200,5200,26.162545,25.39269,-4003.246,25
20260815_200150_9f5a13,2022-08-18,600879.SH,500,500,252.551758,246.02188,-3264.939,11
20260815_200150_9f5a13,2022-08-18,600597.SH,4300,4300,32.006004,29.739768,-9744.8148,9
20260815_200150_9f5a13,2022-08-19,600068.SH,2200,2200,52.715616,63.06543,22769.5908,256
20260815_200150_9f5a13,2022-08-19,600350.SH,9500,9500,14.35526,13.937792,-3965.946,60
20260815_200150_9f5a13,2022-08-19,002267.SZ,6000,5900,19.863963,22.44102,15462.342,59
20260815_200150_9f5a13,2022-08-19,002448.SZ,3100,3100,41.284733,42.681881,4331.1588,41
20260815_200150_9f5a13,2022-08-19,603012.SH,9200,9200,12.809777,13.99337,10889.0556,39
20260815_200150_9f5a13,2022-08-19,600674.SH,500,500,249.694811,275.934582,13119.8855,35
20260815_200150_9f5a13,2022-08-19,000544.SZ,5200,5200,26.162545,25.43076,-3805.282,26
20260815_200150_9f5a13,2022-08-19,600879.SH,500,500,252.551758,245.65632,-3447.719,12
20260815_200150_9f5a13,2022-08-19,600597.SH,4400,4300,31.950156,29.537112,-10617.3936,10
20260815_200150_9f5a13,2022-08-22,600068.SH,2200,2200,52.715616,63.06543,22769.5908,257
20260815_200150_9f5a13,2022-08-22,002267.SZ,5900,5900,19.863963,22.7643,17111.9883,60
20260815_200150_9f5a13,2022-08-22,002448.SZ,3100,3100,41.284733,41.69736,1279.1437,42
20260815_200150_9f5a13,2022-08-22,603012.SH,9400,9200,12.836234,13.86635,9683.0904,40
20260815_200150_9f5a13,2022-08-22,600674.SH,500,500,249.694811,277.831764,14068.4765,36
20260815_200150_9f5a13,2022-08-22,000544.SZ,5200,5200,26.162545,24.93585,-6378.814,27
20260815_200150_9f5a13,2022-08-22,600879.SH,500,500,252.551758,245.65632,-3447.719,13
20260815_200150_9f5a13,2022-08-22,600597.SH,4400,4400,31.950156,29.841096,-9279.864,11
20260815_200150_9f5a13,2022-08-22,603980.SH,14500,0,9.061535,8.934615,-1840.34,1
20260815_200150_9f5a13,2022-08-23,600068.SH,2200,2200,52.715616,63.06543,22769.5908,258
20260815_200150_9f5a13,2022-08-23,002448.SZ,3100,3100,41.284733,41.871099,1817.7346,43
20260815_200150_9f5a13,2022-08-23,603012.SH,9400,9400,12.836234,13.90869,10081.0864,41
20260815_200150_9f5a13,2022-08-23,600674.SH,500,500,249.694811,282.890916,16598.0525,37
20260815_200150_9f5a13,2022-08-23,000544.SZ,5200,5200,26.162545,25.16427,-5191.03,28
20260815_200150_9f5a13,2022-08-23,600879.SH,500,500,252.551758,243.0974,-4727.179,14
20260815_200150_9f5a13,2022-08-23,600597.SH,4400,4400,31.950156,29.461116,-10951.776,12
20260815_200150_9f5a13,2022-08-23,603980.SH,14600,14500,9.060629,9.297945,3464.8136,2
20260815_200150_9f5a13,2022-08-23,000719.SZ,3500,0,36.737869,38.465031,6045.067,1
20260815_200150_9f5a13,2022-08-24,600068.SH,2200,2200,52.715616,63.06543,22769.5908,259
20260815_200150_9f5a13,2022-08-24,002448.SZ,3100,3100,41.284733,41.407795,381.4922,44
20260815_200150_9f5a13,2022-08-24,603012.SH,9500,9400,12.848599,13.52763,6450.7945,42
20260815_200150_9f5a13,2022-08-24,600674.SH,500,500,249.694811,279.728946,15017.0675,38
20260815_200150_9f5a13,2022-08-24,000544.SZ,5200,5200,26.162545,24.51708,-8556.418,29
20260815_200150_9f5a13,2022-08-24,600879.SH,500,500,252.551758,233.9584,-9296.679,15
20260815_200150_9f5a13,2022-08-24,600597.SH,4500,4400,31.895099,28.979808,-13118.8095,13
20260815_200150_9f5a13,2022-08-24,603980.SH,14300,14300,9.060629,9.08325,323.4803,3
20260815_200150_9f5a13,2022-08-24,000719.SZ,3500,3500,36.737869,38.021772,4493.6605,2
20260815_200150_9f5a13,2022-08-25,600068.SH,2200,2200,52.715616,63.06543,22769.5908,260
20260815_200150_9f5a13,2022-08-25,002448.SZ,3100,3100,41.284733,41.002404,-875.2199,45
20260815_200150_9f5a13,2022-08-25,603012.SH,9600,9500,12.856069,13.56997,6853.4496,43
20260815_200150_9f5a13,2022-08-25,600674.SH,500,500,249.694811,291.322836,20814.0125,39
20260815_200150_9f5a13,2022-08-25,000544.SZ,5300,5200,26.129919,25.01199,-5925.0237,30
20260815_200150_9f5a13,2022-08-25,600879.SH,500,500,252.551758,235.7862,-8382.779,16
20260815_200150_9f5a13,2022-08-25,603980.SH,14300,14300,9.060629,8.868555,-2746.6582,4
20260815_200150_9f5a13,2022-08-25,000719.SZ,3500,3500,36.737869,38.120274,4838.4175,3
20260815_200150_9f5a13,2022-08-25,002773.SZ,4100,0,31.349145,30.9464,-1651.2545,1
20260815_200150_9f5a13,2022-08-26,600068.SH,2200,2200,52.715616,63.06543,22769.5908,261
20260815_200150_9f5a13,2022-08-26,002448.SZ,3100,3100,41.284733,40.481187,-2490.9926,46
20260815_200150_9f5a13,2022-08-26,603012.SH,9600,9600,12.856069,14.43794,15185.9616,44
20260815_200150_9f5a13,2022-08-26,600674.SH,500,500,249.694811,284.5773,17441.2445,40
20260815_200150_9f5a13,2022-08-26,000544.SZ,5300,5300,26.129919,24.59322,-8144.5047,31
20260815_200150_9f5a13,2022-08-26,600879.SH,500,500,252.551758,232.49616,-10027.799,17
20260815_200150_9f5a13,2022-08-26,603980.SH,14700,14300,9.055704,8.736435,-4693.2543,5
20260815_200150_9f5a13,2022-08-26,000719.SZ,3500,3500,36.737869,39.105294,8285.9875,4
20260815_200150_9f5a13,2022-08-26,002773.SZ,4200,4100,31.340477,31.31,-128.0034,2
20260815_200150_9f5a13,2022-08-29,600068.SH,2200,2200,52.715616,63.06543,22769.5908,262
20260815_200150_9f5a13,2022-08-29,002448.SZ,3200,3100,41.250332,41.755273,1615.8112,47
20260815_200150_9f5a13,2022-08-29,603012.SH,9100,9100,12.856069,14.3956,14009.7321,45
20260815_200150_9f5a13,2022-08-29,600674.SH,500,500,249.694811,281.204532,15754.8605,41
20260815_200150_9f5a13,2022-08-29,000544.SZ,5300,5300,26.129919,24.85971,-6732.1077,32
20260815_200150_9f5a13,2022-08-29,600879.SH,500,500,252.551758,233.59284,-9479.459,18
20260815_200150_9f5a13,2022-08-29,603980.SH,15000,14700,9.048214,8.835525,-3190.335,6
20260815_200150_9f5a13,2022-08-29,000719.SZ,3400,3400,36.737869,39.597804,9723.779,5
20260815_200150_9f5a13,2022-08-29,002773.SZ,4200,4200,31.340477,30.603,-3097.4034,3
20260815_200150_9f5a13,2022-08-30,600068.SH,2200,2200,52.715616,63.06543,22769.5908,263
20260815_200150_9f5a13,2022-08-30,002448.SZ,3200,3200,41.250332,40.770752,-1534.656,48
20260815_200150_9f5a13,2022-08-30,603012.SH,9100,9100,12.856069,14.24741,12661.2031,46
20260815_200150_9f5a13,2022-08-30,600674.SH,500,500,249.694811,276.566976,13436.0825,42
20260815_200150_9f5a13,2022-08-30,000544.SZ,5300,5300,26.129919,24.55515,-8346.2757,33
20260815_200150_9f5a13,2022-08-30,600879.SH,500,500,252.551758,234.32396,-9113.899,19
20260815_200150_9f5a13,2022-08-30,603980.SH,15000,15000,9.048214,8.75295,-4428.96,7
20260815_200150_9f5a13,2022-08-30,000719.SZ,3400,3400,36.737869,40.829079,13910.114,6
20260815_200150_9f5a13,2022-08-30,002773.SZ,4300,4200,31.321864,30.805,-2222.5152,4
20260815_200150_9f5a13,2022-08-31,600068.SH,2200,2200,52.715616,63.06543,22769.5908,264
20260815_200150_9f5a13,2022-08-31,002448.SZ,3200,3200,41.250332,39.612492,-5241.088,49
20260815_200150_9f5a13,2022-08-31,603012.SH,9200,9100,12.870925,13.23125,3314.99,47
20260815_200150_9f5a13,2022-08-31,600674.SH,500,500,249.694811,278.042562,14173.8755,43
20260815_200150_9f5a13,2022-08-31,000544.SZ,5300,5300,26.129919,23.75568,-12583.4667,34
20260815_200150_9f5a13,2022-08-31,600879.SH,500,500,252.551758,231.76504,-10393.359,20
20260815_200150_9f5a13,2022-08-31,603980.SH,15000,15000,9.048214,8.55477,-7401.66,8
20260815_200150_9f5a13,2022-08-31,000719.SZ,3300,3300,36.737869,39.4008,8787.6723,7
20260815_200150_9f5a13,2022-08-31,002773.SZ,4300,4300,31.321864,31.6534,1425.6048,5
20260815_200150_9f5a13,2022-09-01,600068.SH,2200,2200,52.715616,63.06543,22769.5908,265
20260815_200150_9f5a13,2022-09-01,002448.SZ,4300,3200,40.769852,39.438753,-5723.7257,50
20260815_200150_9f5a13,2022-09-01,603012.SH,12800,9200,13.018649,12.99838,-259.4432,48
20260815_200150_9f5a13,2022-09-01,600674.SH,600,500,254.231135,280.572138,15804.6018,44
20260815_200150_9f5a13,2022-09-01,603980.SH,20000,15000,8.927527,8.52174,-8115.74,9
20260815_200150_9f5a13,2022-09-01,000719.SZ,4300,3300,37.391547,39.4008,8639.7879,8
20260815_200150_9f5a13,2022-09-01,002773.SZ,5400,4300,31.368621,32.0574,3719.4066,6
20260815_200150_9f5a13,2022-09-02,600068.SH,2200,2200,52.715616,63.06543,22769.5908,266
20260815_200150_9f5a13,2022-09-02,002448.SZ,3300,3300,40.769852,39.612492,-3819.288,51
20260815_200150_9f5a13,2022-09-02,603012.SH,9900,9900,13.018649,13.59114,5667.6609,49
20260815_200150_9f5a13,2022-09-02,600674.SH,500,500,254.231135,280.782936,13275.9005,45
20260815_200150_9f5a13,2022-09-02,603980.SH,15100,15100,8.927527,8.637345,-4381.7482,10
20260815_200150_9f5a13,2022-09-02,000719.SZ,3300,3300,37.391547,39.942561,8418.3462,9
20260815_200150_9f5a13,2022-09-02,002773.SZ,4000,4000,31.368621,31.3504,-72.884,7
20260815_200150_9f5a13,2022-09-02,002697.SZ,2900,0,43.066577,41.82624,-3596.9773,1
20260815_200150_9f5a13,2022-09-02,600713.SH,2100,0,58.675417,59.27445,1257.9693,1
20260815_200150_9f5a13,2022-09-05,600068.SH,2200,2200,52.715616,63.06543,22769.5908,267
20260815_200150_9f5a13,2022-09-05,002448.SZ,3300,3300,40.769852,40.886578,385.1958,52
20260815_200150_9f5a13,2022-09-05,603012.SH,9500,9500,13.018649,13.40061,3628.6295,50
20260815_200150_9f5a13,2022-09-05,600674.SH,500,500,254.231135,278.464158,12116.5115,46
20260815_200150_9f5a13,2022-09-05,603980.SH,15000,15000,8.927527,8.703405,-3361.83,11
20260815_200150_9f5a13,2022-09-05,000719.SZ,3300,3300,37.391547,40.287318,9556.0443,10
20260815_200150_9f5a13,2022-09-05,002773.SZ,4100,4000,31.363706,31.31,-220.1946,8
20260815_200150_9f5a13,2022-09-05,002697.SZ,3000,2900,42.947773,38.26656,-14043.639,2
20260815_200150_9f5a13,2022-09-05,600713.SH,2100,2100,58.675417,58.7142,81.4443,2
20260815_200150_9f5a13,2022-09-06,600068.SH,2200,2200,52.715616,63.06543,22769.5908,268
20260815_200150_9f5a13,2022-09-06,002448.SZ,3200,3200,40.769852,40.886578,373.5232,53
20260815_200150_9f5a13,2022-09-06,603012.SH,9500,9500,13.018649,13.59114,5438.6645,51
20260815_200150_9f5a13,2022-09-06,600674.SH,500,500,254.231135,282.047724,13908.2945,47
20260815_200150_9f5a13,2022-09-06,603980.SH,14700,14700,8.927527,8.934615,104.1936,12
20260815_200150_9f5a13,2022-09-06,000719.SZ,3200,3200,37.391547,41.86335,14309.7696,11
20260815_200150_9f5a13,2022-09-06,002773.SZ,4100,4100,31.363706,31.1888,-717.1146,9
20260815_200150_9f5a13,2022-09-06,600713.SH,2100,2100,58.675417,58.4901,-389.1657,3
20260815_200150_9f5a13,2022-09-06,601998.SH,15900,0,8.015865,7.988602,-433.4817,1
20260815_200150_9f5a13,2022-09-07,600068.SH,2200,2200,52.715616,63.06543,22769.5908,269
20260815_200150_9f5a13,2022-09-07,002448.SZ,3200,3200,40.769852,40.712839,-182.4416,54
20260815_200150_9f5a13,2022-09-07,603012.SH,9500,9500,13.018649,14.37443,12879.9195,52
20260815_200150_9f5a13,2022-09-07,600674.SH,500,500,254.231135,280.36134,13065.1025,48
20260815_200150_9f5a13,2022-09-07,603980.SH,14500,14500,8.927527,8.835525,-1334.029,13
20260815_200150_9f5a13,2022-09-07,000719.SZ,3100,3100,37.391547,40.779828,10503.6711,12
20260815_200150_9f5a13,2022-09-07,002773.SZ,4100,4100,31.363706,30.6434,-2953.2546,10
20260815_200150_9f5a13,2022-09-07,600713.SH,2200,2100,58.675417,57.5937,-2379.7774,4
20260815_200150_9f5a13,2022-09-07,601998.SH,16100,15900,8.015865,7.954094,-994.5131,2
20260815_200150_9f5a13,2022-09-08,600068.SH,2200,2200,52.715616,63.06543,22769.5908,270
20260815_200150_9f5a13,2022-09-08,002448.SZ,3200,3200,40.769852,40.712839,-182.4416,55
20260815_200150_9f5a13,2022-09-08,603012.SH,9000,9000,13.018649,14.24741,11058.849,53
20260815_200150_9f5a13,2022-09-08,600674.SH,500,500,254.231135,279.518148,12643.5065,49
20260815_200150_9f5a13,2022-09-08,603980.SH,14500,14500,8.927527,8.769465,-2291.899,14
20260815_200150_9f5a13,2022-09-08,000719.SZ,3100,3100,37.391547,40.582824,9892.9587,13
20260815_200150_9f5a13,2022-09-08,002773.SZ,4200,4100,31.344097,30.7848,-2349.0474,11
20260815_200150_9f5a13,2022-09-08,600713.SH,2200,2200,58.675417,57.5937,-2379.7774,5
20260815_200150_9f5a13,2022-09-08,601998.SH,16100,16100,8.015865,7.971348,-716.7237,3
20260815_200150_9f5a13,2022-09-09,600068.SH,2200,2200,52.715616,63.06543,22769.5908,271
20260815_200150_9f5a13,2022-09-09,002448.SZ,3200,3200,40.769852,41.060317,929.488,56
20260815_200150_9f5a13,2022-09-09,603012.SH,9000,9000,13.018649,13.90869,8010.369,54
20260815_200150_9f5a13,2022-09-09,600674.SH,500,500,254.231135,276.777774,11273.3195,50
20260815_200150_9f5a13,2022-09-09,603980.SH,14600,14500,8.926746,8.78598,-2055.1836,15
20260815_200150_9f5a13,2022-09-09,000719.SZ,3100,3100,37.391547,40.779828,10503.6711,14
20260815_200150_9f5a13,2022-09-09,002773.SZ,4200,4200,31.344097,31.0474,-1246.1274,12
20260815_200150_9f5a13,2022-09-09,600713.SH,2200,2200,58.675417,57.92985,-1640.2474,6
20260815_200150_9f5a13,2022-09-09,601998.SH,16100,16100,8.015865,7.988602,-438.9343,4
20260815_200150_9f5a13,2022-09-13,600068.SH,2200,2200,52.715616,63.06543,22769.5908,272
20260815_200150_9f5a13,2022-09-13,002448.SZ,3200,3200,40.769852,41.11823,1114.8096,57
20260815_200150_9f5a13,2022-09-13,603012.SH,9200,9000,13.039758,13.82401,7215.1184,55
20260815_200150_9f5a13,2022-09-13,600674.SH,500,500,254.231135,275.09139,10430.1275,51
20260815_200150_9f5a13,2022-09-13,603980.SH,14600,14600,8.926746,8.703405,-3260.7786,16
20260815_200150_9f5a13,2022-09-13,000719.SZ,3100,3100,37.391547,39.991812,8060.8215,15
20260815_200150_9f5a13,2022-09-13,002773.SZ,4200,4200,31.344097,31.916,2401.9926,13
20260815_200150_9f5a13,2022-09-13,600713.SH,2200,2200,58.675417,57.48165,-2626.2874,7
20260815_200150_9f5a13,2022-09-13,601998.SH,16100,16100,8.015865,7.971348,-716.7237,5
20260815_200150_9f5a13,2022-09-14,600068.SH,2200,2200,52.715616,63.06543,22769.5908,273
20260815_200150_9f5a13,2022-09-14,002448.SZ,3200,3200,40.769852,40.481187,-923.728,58
20260815_200150_9f5a13,2022-09-14,603012.SH,9200,9200,13.039758,13.78167,6825.5904,56
20260815_200150_9f5a13,2022-09-14,600674.SH,500,500,254.231135,270.453834,8111.3495,52
20260815_200150_9f5a13,2022-09-14,603980.SH,14700,14600,8.925076,8.571285,-5200.7277,17
20260815_200150_9f5a13,2022-09-14,000719.SZ,3200,3100,37.455876,39.499302,6538.9632,16
20260815_200150_9f5a13,2022-09-14,002773.SZ,4100,4100,31.344097,31.209,-553.8977,14
20260815_200150_9f5a13,2022-09-14,600713.SH,2200,2200,58.675417,57.3696,-2872.7974,8
20260815_200150_9f5a13,2022-09-14,601998.SH,16100,16100,8.015865,7.902332,-1827.8813,6
20260815_200150_9f5a13,2022-09-15,600068.SH,2200,2200,52.715616,63.06543,22769.5908,274
20260815_200150_9f5a13,2022-09-15,002448.SZ,3200,3200,40.769852,39.149188,-5186.1248,59
20260815_200150_9f5a13,2022-09-15,603012.SH,9200,9200,13.039758,13.23125,1761.7264,57
20260815_200150_9f5a13,2022-09-15,600674.SH,500,500,254.231135,270.664632,8216.7485,53
20260815_200150_9f5a13,2022-09-15,603980.SH,14700,14700,8.925076,8.45568,-6900.1212,18
20260815_200150_9f5a13,2022-09-15,000719.SZ,3200,3200,37.455876,40.38582,9375.8208,17
20260815_200150_9f5a13,2022-09-15,002773.SZ,4100,4100,31.344097,31.6332,1185.3223,15
20260815_200150_9f5a13,2022-09-15,600713.SH,2200,2200,58.675417,56.6973,-4351.8574,9
20260815_200150_9f5a13,2022-09-15,601998.SH,16100,16100,8.015865,8.005856,-161.1449,7
20260815_200150_9f5a13,2022-09-16,600068.SH,2200,2200,52.715616,63.06543,22769.5908,275
20260815_200150_9f5a13,2022-09-16,002448.SZ,3200,3200,40.769852,37.759276,-9633.8432,60
20260815_200150_9f5a13,2022-09-16,603012.SH,9500,9200,13.046327,12.72317,-3069.9915,58
20260815_200150_9f5a13,2022-09-16,600674.SH,500,500,254.231135,263.075904,4422.3845,54
20260815_200150_9f5a13,2022-09-16,603980.SH,14800,14700,8.921976,8.207955,-10567.5108,19
20260815_200150_9f5a13,2022-09-16,000719.SZ,3200,3200,37.455876,40.632075,10163.8368,18
20260815_200150_9f5a13,2022-09-16,002773.SZ,4000,4000,31.344097,30.4212,-3691.588,16
20260815_200150_9f5a13,2022-09-16,600713.SH,2200,2200,58.675417,55.1286,-7802.9974,10
20260815_200150_9f5a13,2022-09-16,601998.SH,15800,15800,8.015865,7.833316,-2884.2742,8
20260815_200150_9f5a13,2022-09-19,600068.SH,2200,2200,52.715616,63.06543,22769.5908,276
20260815_200150_9f5a13,2022-09-19,603012.SH,9600,9500,13.042464,12.34211,-6723.3984,59
20260815_200150_9f5a13,2022-09-19,600674.SH,500,500,254.231135,262.865106,4316.9855,55
20260815_200150_9f5a13,2022-09-19,000719.SZ,3100,3100,37.455876,42.158856,14579.238,19
20260815_200150_9f5a13,2022-09-19,002773.SZ,4000,4000,31.344097,29.2092,-8539.588,17
20260815_200150_9f5a13,2022-09-19,600713.SH,2200,2200,58.675417,55.24065,-7556.4874,11
20260815_200150_9f5a13,2022-09-19,601998.SH,15700,15700,8.015865,7.902332,-1782.4681,9
20260815_200150_9f5a13,2022-09-19,603658.SH,1600,0,73.140009,71.50934,-2609.0704,1
20260815_200150_9f5a13,2022-09-19,000419.SZ,1200,0,97.131882,99.490098,2829.8592,1
20260815_200150_9f5a13,2022-09-20,600068.SH,2200,2200,52.715616,63.06543,22769.5908,277
20260815_200150_9f5a13,2022-09-20,603012.SH,9800,9600,13.029351,12.51147,-5075.2338,60
20260815_200150_9f5a13,2022-09-20,600674.SH,500,500,254.231135,262.865106,4316.9855,56
20260815_200150_9f5a13,2022-09-20,000719.SZ,2900,2900,37.455876,45.557175,23493.7671,20
20260815_200150_9f5a13,2022-09-20,002773.SZ,4100,4000,31.296863,32.1382,3449.4817,18
20260815_200150_9f5a13,2022-09-20,600713.SH,2200,2200,58.675417,55.46475,-7063.4674,12
20260815_200150_9f5a13,2022-09-20,601998.SH,15500,15500,8.015865,7.85057,-2562.0725,10
20260815_200150_9f5a13,2022-09-20,603658.SH,1700,1600,73.050995,70.417808,-4476.4179,2
20260815_200150_9f5a13,2022-09-20,000419.SZ,1200,1200,97.131882,93.601276,-4236.7272,2
20260815_200150_9f5a13,2022-09-21,600068.SH,2200,2200,52.715616,63.06543,22769.5908,278
20260815_200150_9f5a13,2022-09-21,600674.SH,500,500,254.231135,267.502662,6635.7635,57
20260815_200150_9f5a13,2022-09-21,000719.SZ,2800,2800,37.455876,45.458673,22407.8316,21
20260815_200150_9f5a13,2022-09-21,002773.SZ,3900,3900,31.296863,32.017,2808.5343,19
20260815_200150_9f5a13,2022-09-21,600713.SH,2200,2200,58.675417,55.5768,-6816.9574,13
20260815_200150_9f5a13,2022-09-21,601998.SH,15700,15500,8.013444,7.971348,-660.9072,11
20260815_200150_9f5a13,2022-09-21,603658.SH,1700,1700,73.050995,68.85048,-7140.8755,3
20260815_200150_9f5a13,2022-09-21,000419.SZ,1300,1200,96.726072,94.686059,-2652.0169,3
20260815_200150_9f5a13,2022-09-21,603557.SH,28400,0,4.36441,4.31664,-1356.668,1
20260815_200150_9f5a13,2022-09-22,600068.SH,2200,2200,52.715616,63.06543,22769.5908,279
20260815_200150_9f5a13,2022-09-22,600674.SH,500,500,254.231135,266.237874,6003.3695,58
20260815_200150_9f5a13,2022-09-22,000719.SZ,2800,2800,37.455876,45.163167,21580.4148,22
20260815_200150_9f5a13,2022-09-22,002773.SZ,3900,3900,31.296863,31.8352,2099.5143,20
20260815_200150_9f5a13,2022-09-22,600713.SH,2200,2200,58.675417,54.0081,-10268.0974,14
20260815_200150_9f5a13,2022-09-22,601998.SH,15600,15600,8.013444,7.919586,-1464.1848,12
20260815_200150_9f5a13,2022-09-22,603658.SH,1800,1700,72.806847,68.668558,-7448.9202,4
20260815_200150_9f5a13,2022-09-22,000419.SZ,1300,1300,96.726072,92.826431,-5069.5333,4
20260815_200150_9f5a13,2022-09-22,603557.SH,28700,28400,4.363856,4.20026,-4695.2052,2
20260815_200150_9f5a13,2022-09-23,600068.SH,2200,2200,52.715616,63.06543,22769.5908,280
20260815_200150_9f5a13,2022-09-23,600674.SH,500,500,254.231135,266.448672,6108.7685,59
20260815_200150_9f5a13,2022-09-23,000719.SZ,2800,2800,37.455876,43.34088,16478.0112,23
20260815_200150_9f5a13,2022-09-23,002773.SZ,3900,3900,31.296863,32.0372,2887.3143,21
20260815_200150_9f5a13,2022-09-23,600713.SH,2200,2200,58.675417,53.44785,-11500.6474,15
20260815_200150_9f5a13,2022-09-23,601998.SH,15500,15500,8.013444,8.02311,149.823,13
20260815_200150_9f5a13,2022-09-23,603658.SH,1800,1800,72.806847,67.619008,-9338.1102,5
20260815_200150_9f5a13,2022-09-23,000419.SZ,1300,1300,96.726072,85.387919,-14739.5989,5
20260815_200150_9f5a13,2022-09-23,603557.SH,29100,28700,4.361534,4.30606,-1614.2934,3
20260815_200150_9f5a13,2022-09-26,600068.SH,2200,2200,52.715616,63.06543,22769.5908,281
20260815_200150_9f5a13,2022-09-26,600674.SH,500,500,254.231135,260.967924,3368.3945,60
20260815_200150_9f5a13,2022-09-26,000719.SZ,2800,2800,37.455876,40.730577,9169.1628,24
20260815_200150_9f5a13,2022-09-26,002773.SZ,3800,3800,31.296863,31.7342,1661.8806,22
20260815_200150_9f5a13,2022-09-26,601998.SH,15100,15100,8.013444,7.867824,-2198.862,14
20260815_200150_9f5a13,2022-09-26,603658.SH,1800,1800,72.806847,67.199188,-10093.7862,6
20260815_200150_9f5a13,2022-09-26,603557.SH,28100,28100,4.361534,4.15794,-5720.9914,4
20260815_200150_9f5a13,2022-09-26,600028.SH,6900,0,17.292913,16.761031,-3669.9858,1
20260815_200150_9f5a13,2022-09-26,600941.SH,1600,0,72.365822,70.393065,-3156.4112,1
20260815_200150_9f5a13,2022-09-27,600068.SH,2200,2200,52.715616,63.06543,22769.5908,282
20260815_200150_9f5a13,2022-09-27,000719.SZ,3200,2800,37.871579,40.927581,9779.2064,25
20260815_200150_9f5a13,2022-09-27,002773.SZ,4200,3800,31.342293,32.4816,4785.0894,23
20260815_200150_9f5a13,2022-09-27,601998.SH,17000,15100,7.998268,7.919586,-1337.594,15
20260815_200150_9f5a13,2022-09-27,603658.SH,1900,1800,72.506542,72.97871,897.1192,7
20260815_200150_9f5a13,2022-09-27,603557.SH,32300,28100,4.328849,4.0733,-8254.2327,5
20260815_200150_9f5a13,2022-09-27,600028.SH,8000,6900,17.222661,16.800284,-3379.016,2
20260815_200150_9f5a13,2022-09-27,600941.SH,1900,1600,72.083362,72.498795,789.3227,2
20260815_200150_9f5a13,2022-09-28,600068.SH,2200,2200,52.715616,63.06543,22769.5908,283
20260815_200150_9f5a13,2022-09-28,000719.SZ,3300,3200,37.965736,37.726266,-790.251,26
20260815_200150_9f5a13,2022-09-28,002773.SZ,4200,4200,31.342293,31.6938,1476.3294,24
20260815_200150_9f5a13,2022-09-28,601998.SH,17200,17000,7.997468,7.954094,-746.0328,16
20260815_200150_9f5a13,2022-09-28,603658.SH,1900,1900,72.506542,73.566458,2013.8404,8
20260815_200150_9f5a13,2022-09-28,603557.SH,33500,32300,4.319877,3.95692,-12159.0595,6
20260815_200150_9f5a13,2022-09-28,600028.SH,8100,8000,17.218191,16.682525,-4338.8946,3
20260815_200150_9f5a13,2022-09-28,600941.SH,1900,1900,72.083362,71.350215,-1392.9793,3
20260815_200150_9f5a13,2022-09-29,600068.SH,2200,2200,52.715616,63.06543,22769.5908,284
20260815_200150_9f5a13,2022-09-29,000719.SZ,4100,3300,37.985945,37.381509,-2478.1876,27
20260815_200150_9f5a13,2022-09-29,002773.SZ,4900,4200,31.461734,32.724,6185.1034,25
20260815_200150_9f5a13,2022-09-29,601998.SH,19600,17200,7.99549,7.816062,-3516.7888,17
20260815_200150_9f5a13,2022-09-29,603658.SH,2100,1900,72.660282,77.764658,10719.1896,9
20260815_200150_9f5a13,2022-09-29,600028.SH,9300,8100,17.17712,16.721778,-4234.6806,4
20260815_200150_9f5a13,2022-09-29,600941.SH,2100,1900,72.012907,71.78625,-475.9797,4
20260815_200150_9f5a13,2022-09-30,600068.SH,2200,2200,52.715616,63.06543,22769.5908,285
20260815_200150_9f5a13,2022-09-30,000719.SZ,4200,4100,37.96797,36.297987,-7013.9286,28
20260815_200150_9f5a13,2022-09-30,002773.SZ,4900,4900,31.461734,33.6734,10837.1634,26
20260815_200150_9f5a13,2022-09-30,601998.SH,20100,19600,7.992129,7.867824,-2498.5305,18
20260815_200150_9f5a13,2022-09-30,603658.SH,2100,2100,72.660282,77.120934,9367.3692,10
20260815_200150_9f5a13,2022-09-30,600028.SH,9400,9300,17.172916,16.839537,-3133.7626,5
20260815_200150_9f5a13,2022-09-30,600941.SH,2200,2100,71.983451,72.668955,1508.1088,5
20260815_200150_9f5a13,2022-10-10,600068.SH,2200,2200,52.715616,63.06543,22769.5908,286
20260815_200150_9f5a13,2022-10-10,000719.SZ,3800,3800,37.96797,36.741246,-4661.5512,29
20260815_200150_9f5a13,2022-10-10,002773.SZ,4100,4100,31.461734,33.8552,9813.2106,27
20260815_200150_9f5a13,2022-10-10,601998.SH,17300,17300,7.992129,7.971348,-359.5113,19
20260815_200150_9f5a13,2022-10-10,603658.SH,1800,1800,72.660282,79.024118,11454.9048,11
20260815_200150_9f5a13,2022-10-10,600028.SH,8100,8100,17.172916,17.035802,-1110.6234,6
20260815_200150_9f5a13,2022-10-10,600941.SH,1900,1900,71.983451,75.65739,6980.4841,6
20260815_200150_9f5a13,2022-10-10,600985.SH,1900,0,69.825749,70.23141,770.7559,1
20260815_200150_9f5a13,2022-10-11,600068.SH,2200,2200,52.715616,63.06543,22769.5908,287
20260815_200150_9f5a13,2022-10-11,000719.SZ,3800,3800,37.96797,36.347238,-6158.7816,30
20260815_200150_9f5a13,2022-10-11,002773.SZ,4100,4100,31.461734,32.421,3932.9906,28
20260815_200150_9f5a13,2022-10-11,601998.SH,17300,17300,7.992129,7.885078,-1851.9823,20
20260815_200150_9f5a13,2022-10-11,603658.SH,1800,1800,72.660282,76.68712,7248.3084,12
20260815_200150_9f5a13,2022-10-11,600028.SH,8100,8100,17.172916,16.957296,-1746.522,7
20260815_200150_9f5a13,2022-10-11,600941.SH,1900,1900,71.983451,75.455325,6596.5606,7
20260815_200150_9f5a13,2022-10-11,600985.SH,1900,1900,69.825749,69.40999,-789.9421,2
20260815_200150_9f5a13,2022-10-12,600068.SH,2200,2200,52.715616,63.06543,22769.5908,288
20260815_200150_9f5a13,2022-10-12,000719.SZ,3300,3300,37.96797,36.544242,-4698.3024,31
20260815_200150_9f5a13,2022-10-12,002773.SZ,3700,3700,31.461734,32.2392,2876.6242,29
20260815_200150_9f5a13,2022-10-12,601998.SH,15100,15100,7.992129,8.057618,988.8839,21
20260815_200150_9f5a13,2022-10-12,603658.SH,1600,1600,72.660282,80.129644,11950.9792,13
20260815_200150_9f5a13,2022-10-12,600028.SH,7100,7100,17.172916,17.035802,-973.5094,8
20260815_200150_9f5a13,2022-10-12,600941.SH,1600,1600,71.983451,75.646755,5861.2864,8
20260815_200150_9f5a13,2022-10-12,600985.SH,1800,1800,69.825749,69.574274,-452.655,3
20260815_200150_9f5a13,2022-10-12,002966.SZ,13900,0,8.546212,8.59599,691.9142,1
20260815_200150_9f5a13,2022-10-13,600068.SH,2200,2200,52.715616,63.06543,22769.5908,289
20260815_200150_9f5a13,2022-10-13,000719.SZ,3300,3300,37.96797,35.706975,-7461.2835,32
20260815_200150_9f5a13,2022-10-13,002773.SZ,3700,3700,31.461734,34.6228,11695.9442,30
20260815_200150_9f5a13,2022-10-13,601998.SH,14900,14900,7.992129,7.988602,-52.5523,22
20260815_200150_9f5a13,2022-10-13,603658.SH,1500,1500,72.660282,81.431086,13156.206,14
20260815_200150_9f5a13,2022-10-13,600028.SH,7100,7100,17.172916,16.800284,-2645.6872,9
20260815_200150_9f5a13,2022-10-13,600941.SH,1600,1600,71.983451,75.06183,4925.4064,9
20260815_200150_9f5a13,2022-10-13,600985.SH,1800,1800,69.825749,66.658233,-5701.5288,4
20260815_200150_9f5a13,2022-10-13,002966.SZ,13900,13900,8.546212,8.62017,1028.0162,2
20260815_200150_9f5a13,2022-10-14,600068.SH,2200,2200,52.715616,63.06543,22769.5908,290
20260815_200150_9f5a13,2022-10-14,000719.SZ,3300,3300,37.96797,36.002481,-6486.1137,33
20260815_200150_9f5a13,2022-10-14,002773.SZ,3500,3500,31.461734,35.4308,13891.731,31
20260815_200150_9f5a13,2022-10-14,601998.SH,15000,14900,7.992402,8.074872,1237.05,23
20260815_200150_9f5a13,2022-10-14,603658.SH,1500,1500,72.660282,89.575594,25372.968,15
20260815_200150_9f5a13,2022-10-14,600028.SH,7100,7100,17.172916,16.996549,-1252.2057,10
20260815_200150_9f5a13,2022-10-14,600941.SH,1600,1600,71.983451,73.23261,1998.6544,10
20260815_200150_9f5a13,2022-10-14,600985.SH,1800,1800,69.825749,66.53502,-5923.3122,5
20260815_200150_9f5a13,2022-10-14,002966.SZ,13900,13900,8.546212,8.52345,-316.3918,3
20260815_200150_9f5a13,2022-10-17,600068.SH,2200,2200,52.715616,63.06543,22769.5908,291
20260815_200150_9f5a13,2022-10-17,000719.SZ,3300,3300,37.96797,36.199485,-5836.0005,34
20260815_200150_9f5a13,2022-10-17,002773.SZ,3500,3500,31.461734,35.3298,13538.231,32
20260815_200150_9f5a13,2022-10-17,601998.SH,15000,15000,7.992402,8.040364,719.43,24
20260815_200150_9f5a13,2022-10-17,603658.SH,1400,1400,72.660282,98.531754,36220.0608,16
20260815_200150_9f5a13,2022-10-17,600028.SH,7100,7100,17.172916,16.839537,-2366.9909,11
20260815_200150_9f5a13,2022-10-17,600941.SH,1600,1600,71.983451,73.668645,2696.3104,11
20260815_200150_9f5a13,2022-10-17,600985.SH,1800,1800,69.825749,64.768967,-9102.2076,6
20260815_200150_9f5a13,2022-10-17,002966.SZ,14200,13900,8.546468,8.66853,1733.2804,4
20260815_200150_9f5a13,2022-10-18,600068.SH,2200,2200,52.715616,63.06543,22769.5908,292
20260815_200150_9f5a13,2022-10-18,000719.SZ,3400,3300,37.921638,36.494991,-4850.5998,35
20260815_200150_9f5a13,2022-10-18,002773.SZ,3500,3500,31.461734,37.1882,20042.631,33
20260815_200150_9f5a13,2022-10-18,601998.SH,15300,15000,7.99354,7.919586,-1131.4962,25
20260815_200150_9f5a13,2022-10-18,603658.SH,1300,1300,72.660282,108.24359,46258.3004,17
20260815_200150_9f5a13,2022-10-18,600028.SH,7300,7100,17.165436,16.839537,-2379.0627,12
20260815_200150_9f5a13,2022-10-18,600941.SH,1600,1600,71.983451,73.31769,2134.7824,12
20260815_200150_9f5a13,2022-10-18,600985.SH,1900,1800,69.563865,64.563612,-9500.4807,7
20260815_200150_9f5a13,2022-10-18,002966.SZ,14200,14200,8.546468,8.7048,2248.3144,5
20260815_200150_9f5a13,2022-10-19,600068.SH,2200,2200,52.715616,63.06543,22769.5908,293
20260815_200150_9f5a13,2022-10-19,000719.SZ,3400,3400,37.921638,35.903979,-6860.0406,36
20260815_200150_9f5a13,2022-10-19,002773.SZ,3400,3400,31.461734,37.7538,21393.0244,34
20260815_200150_9f5a13,2022-10-19,601998.SH,15800,15300,7.99042,7.885078,-1664.4036,26
20260815_200150_9f5a13,2022-10-19,603658.SH,1200,1200,72.660282,102.1562,35395.1016,18
20260815_200150_9f5a13,2022-10-19,600028.SH,7400,7300,17.160785,16.721778,-3248.6518,13
20260815_200150_9f5a13,2022-10-19,600941.SH,1700,1600,72.02724,74.6577,4471.782,13
20260815_200150_9f5a13,2022-10-19,600985.SH,1900,1900,69.563865,65.426103,-7861.7478,8
20260815_200150_9f5a13,2022-10-19,002966.SZ,14400,14200,8.548818,8.51136,-539.3952,6
20260815_200150_9f5a13,2022-10-20,600068.SH,2200,2200,52.715616,63.06543,22769.5908,294
20260815_200150_9f5a13,2022-10-20,000719.SZ,3400,3400,37.921638,36.051732,-6357.6804,37
20260815_200150_9f5a13,2022-10-20,002773.SZ,3300,3300,31.461734,35.451,13164.5778,35
20260815_200150_9f5a13,2022-10-20,601998.SH,15800,15800,7.99042,7.867824,-1937.0168,27
20260815_200150_9f5a13,2022-10-20,603658.SH,1200,1200,72.660282,105.108934,38938.3824,19
20260815_200150_9f5a13,2022-10-20,600028.SH,7400,7400,17.160785,16.761031,-2958.1796,14
20260815_200150_9f5a13,2022-10-20,600941.SH,1700,1700,72.02724,73.53039,2555.355,14
20260815_200150_9f5a13,2022-10-20,600985.SH,1900,1900,69.563865,63.043985,-12387.772,9
20260815_200150_9f5a13,2022-10-20,002966.SZ,14600,14400,8.548948,8.5839,510.2992,7
20260815_200150_9f5a13,2022-10-21,600068.SH,2200,2200,52.715616,63.06543,22769.5908,295
20260815_200150_9f5a13,2022-10-21,000719.SZ,3400,3400,37.921638,35.95323,-6692.5872,38
20260815_200150_9f5a13,2022-10-21,002773.SZ,3400,3300,31.577395,35.855,14543.857,36
20260815_200150_9f5a13,2022-10-21,601998.SH,15700,15700,7.99042,7.971348,-299.4304,28
20260815_200150_9f5a13,2022-10-21,603658.SH,1200,1200,72.660282,109.8529,44631.1416,20
20260815_200150_9f5a13,2022-10-21,600028.SH,7400,7400,17.160785,17.035802,-924.8742,15
20260815_200150_9f5a13,2022-10-21,600941.SH,1700,1700,72.02724,72.158475,223.0995,15
20260815_200150_9f5a13,2022-10-21,002966.SZ,14400,14400,8.548948,8.5839,503.3088,8
20260815_200150_9f5a13,2022-10-21,000028.SZ,900,0,129.103068,124.987863,-3703.6845,1
20260815_200150_9f5a13,2022-10-24,600068.SH,2200,2200,52.715616,63.06543,22769.5908,296
20260815_200150_9f5a13,2022-10-24,000719.SZ,3400,3400,37.921638,34.918959,-10209.1086,39
20260815_200150_9f5a13,2022-10-24,002773.SZ,3400,3400,31.577395,34.5622,10148.337,37
20260815_200150_9f5a13,2022-10-24,601998.SH,15600,15600,7.99042,7.85057,-2181.66,29
20260815_200150_9f5a13,2022-10-24,603658.SH,1200,1200,72.660282,110.636564,45571.5384,21
20260815_200150_9f5a13,2022-10-24,600028.SH,7300,7300,17.160785,16.996549,-1198.9228,16
20260815_200150_9f5a13,2022-10-24,600941.SH,1700,1700,72.02724,71.456565,-970.1475,16
20260815_200150_9f5a13,2022-10-24,002966.SZ,14400,14400,8.548948,8.55972,155.1168,9
20260815_200150_9f5a13,2022-10-24,000028.SZ,900,900,129.103068,121.94953,-6438.1842,2
20260815_200150_9f5a13,2022-10-25,600068.SH,2200,2200,52.715616,63.06543,22769.5908,297
20260815_200150_9f5a13,2022-10-25,000719.SZ,3400,3400,37.921638,34.721955,-10878.9222,40
20260815_200150_9f5a13,2022-10-25,002773.SZ,3500,3400,31.662754,35.148,12198.361,38
20260815_200150_9f5a13,2022-10-25,601998.SH,15600,15600,7.99042,7.712538,-4334.9592,30
20260815_200150_9f5a13,2022-10-25,603658.SH,1100,1100,72.660282,106.00455,36678.6948,22
20260815_200150_9f5a13,2022-10-25,600028.SH,7200,7200,17.160785,16.800284,-2595.6072,17
20260815_200150_9f5a13,2022-10-25,600941.SH,1700,1700,72.02724,70.712115,-2235.7125,17
20260815_200150_9f5a13,2022-10-25,002966.SZ,14300,14300,8.548948,8.54763,-18.8474,10
20260815_200150_9f5a13,2022-10-25,000028.SZ,900,900,129.103068,122.657087,-5801.3829,3
20260815_200150_9f5a13,2022-10-26,600068.SH,2200,2200,52.715616,63.06543,22769.5908,298
20260815_200150_9f5a13,2022-10-26,002773.SZ,3900,3500,31.99983,36.7034,18343.923,39
20260815_200150_9f5a13,2022-10-26,601998.SH,17900,15600,7.955954,7.626268,-5901.3794,31
20260815_200150_9f5a13,2022-10-26,603658.SH,1300,1100,77.260877,103.191756,33710.1427,23
20260815_200150_9f5a13,2022-10-26,600028.SH,8200,7200,17.119383,16.604019,-4225.9848,18
20260815_200150_9f5a13,2022-10-26,600941.SH,1900,1700,71.898112,70.48878,-2677.7308,18
20260815_200150_9f5a13,2022-10-26,002966.SZ,16100,14300,8.554056,8.66853,1843.0314,11
20260815_200150_9f5a13,2022-10-26,000028.SZ,1100,900,127.974107,130.024004,2254.8867,4
20260815_200150_9f5a13,2022-10-27,600068.SH,2200,2200,52.715616,63.06543,22769.5908,299
20260815_200150_9f5a13,2022-10-27,002773.SZ,3900,3900,31.99983,36.4812,17477.343,40
20260815_200150_9f5a13,2022-10-27,601998.SH,18200,17900,7.950392,7.609014,-6213.0796,32
20260815_200150_9f5a13,2022-10-27,603658.SH,1300,1300,77.260877,104.801066,35802.2457,24
20260815_200150_9f5a13,2022-10-27,600028.SH,8300,8200,17.113897,16.800284,-2602.9879,19
20260815_200150_9f5a13,2022-10-27,600941.SH,1900,1900,71.898112,72.371175,898.8197,19
20260815_200150_9f5a13,2022-10-27,002966.SZ,16100,16100,8.554056,8.53554,-298.1076,12
20260815_200150_9f5a13,2022-10-27,000028.SZ,1100,1100,127.974107,133.228821,5780.1854,5
20260815_200150_9f5a13,2022-10-28,600068.SH,2200,2200,52.715616,63.06543,22769.5908,300
20260815_200150_9f5a13,2022-10-28,002773.SZ,3400,3400,31.99983,35.451,11733.978,41
20260815_200150_9f5a13,2022-10-28,601998.SH,16200,16200,7.950392,7.59176,-5809.8384,33
20260815_200150_9f5a13,2022-10-28,603658.SH,1200,1200,77.260877,103.5556,31553.6676,25
20260815_200150_9f5a13,2022-10-28,600028.SH,7400,7400,17.113897,16.800284,-2320.7362,20
20260815_200150_9f5a13,2022-10-28,600941.SH,1700,1700,71.898112,71.23323,-1130.2994,20
20260815_200150_9f5a13,2022-10-28,002966.SZ,14400,14400,8.554056,8.57181,255.6576,13
20260815_200150_9f5a13,2022-10-28,000028.SZ,1000,1000,127.974107,129.649415,1675.308,6
20260815_200150_9f5a13,2022-10-28,600998.SH,8900,0,13.714909,13.70875,-54.8151,1
20260815_200150_9f5a13,2022-10-31,600068.SH,2200,2200,52.715616,63.06543,22769.5908,301
20260815_200150_9f5a13,2022-10-31,002773.SZ,3400,3400,31.99983,35.6732,12489.458,42
20260815_200150_9f5a13,2022-10-31,601998.SH,16100,16100,7.950392,7.470982,-7718.501,34
20260815_200150_9f5a13,2022-10-31,603658.SH,1200,1200,77.260877,104.059384,32158.2084,26
20260815_200150_9f5a13,2022-10-31,600028.SH,7300,7300,17.113897,15.975971,-8306.8598,21
20260815_200150_9f5a13,2022-10-31,600941.SH,1700,1700,71.898112,71.4672,-732.5504,21
20260815_200150_9f5a13,2022-10-31,002966.SZ,14200,14200,8.554056,8.30583,-3524.8092,14
20260815_200150_9f5a13,2022-10-31,000028.SZ,1000,1000,127.974107,131.855328,3881.221,7
20260815_200150_9f5a13,2022-10-31,600998.SH,8900,8900,13.714909,13.774552,530.8227,2
20260815_200150_9f5a13,2022-11-01,600068.SH,2200,2200,52.715616,63.06543,22769.5908,302
20260815_200150_9f5a13,2022-11-01,002773.SZ,3400,3400,31.99983,35.2692,11115.858,43
20260815_200150_9f5a13,2022-11-01,601998.SH,16100,16100,7.950392,7.660776,-4662.8176,35
20260815_200150_9f5a13,2022-11-01,603658.SH,1200,1200,77.260877,93.647848,19664.3652,27
20260815_200150_9f5a13,2022-11-01,600028.SH,7500,7300,17.083037,16.132983,-7125.405,22
20260815_200150_9f5a13,2022-11-01,600941.SH,1700,1700,71.898112,73.8069,3244.9396,22
20260815_200150_9f5a13,2022-11-01,002966.SZ,14500,14200,8.549135,8.37837,-2476.0925,15
20260815_200150_9f5a13,2022-11-01,000028.SZ,1000,1000,127.974107,133.312063,5337.956,8
20260815_200150_9f5a13,2022-11-01,600998.SH,8800,8800,13.714909,13.960991,2165.5216,3
20260815_200150_9f5a13,2022-11-02,600068.SH,2200,2200,52.715616,63.06543,22769.5908,303
20260815_200150_9f5a13,2022-11-02,002773.SZ,3400,3400,31.99983,34.34,7956.578,44
20260815_200150_9f5a13,2022-11-02,601998.SH,15800,15800,7.950392,7.59176,-5666.3856,36
20260815_200150_9f5a13,2022-11-02,603658.SH,1200,1200,77.260877,94.4595,20638.3476,28
20260815_200150_9f5a13,2022-11-02,600028.SH,7500,7500,17.083037,16.172236,-6831.0075,23
20260815_200150_9f5a13,2022-11-02,600941.SH,1700,1700,71.898112,73.29642,2377.1236,23
20260815_200150_9f5a13,2022-11-02,002966.SZ,14400,14400,8.549135,8.18493,-5244.552,16
20260815_200150_9f5a13,2022-11-02,000028.SZ,1000,1000,127.974107,132.438022,4463.915,9
20260815_200150_9f5a13,2022-11-02,600998.SH,8700,8700,13.714909,13.895189,1568.436,4
20260815_200150_9f5a13,2022-11-03,600068.SH,2200,2200,52.715616,63.06543,22769.5908,304
20260815_200150_9f5a13,2022-11-03,002773.SZ,3400,3400,31.99983,34.138,7269.778,45
20260815_200150_9f5a13,2022-11-03,601998.SH,15800,15800,7.950392,7.557252,-6211.612,37
20260815_200150_9f5a13,2022-11-03,603658.SH,1200,1200,77.260877,99.56731,26767.7196,29
20260815_200150_9f5a13,2022-11-03,600028.SH,7400,7400,17.083037,16.48626,-4416.1498,24
20260815_200150_9f5a13,2022-11-03,600941.SH,1700,1700,71.898112,71.414025,-822.9479,24
20260815_200150_9f5a13,2022-11-03,002966.SZ,14600,14400,8.543954,8.2212,-4712.2084,17
20260815_200150_9f5a13,2022-11-03,000028.SZ,1000,1000,127.974107,131.272634,3298.527,10
20260815_200150_9f5a13,2022-11-03,600998.SH,8600,8600,13.714909,13.752618,324.2974,5
20260815_200150_9f5a13,2022-11-04,600068.SH,2200,2200,52.715616,63.06543,22769.5908,305
20260815_200150_9f5a13,2022-11-04,002773.SZ,3500,3400,32.06214,34.6632,9103.71,46
20260815_200150_9f5a13,2022-11-04,601998.SH,15800,15800,7.950392,7.626268,-5121.1592,38
20260815_200150_9f5a13,2022-11-04,603658.SH,1200,1200,77.260877,96.166768,22687.0692,30
20260815_200150_9f5a13,2022-11-04,600028.SH,7300,7300,17.083037,16.604019,-3496.8314,25
20260815_200150_9f5a13,2022-11-04,600941.SH,1700,1700,71.898112,72.158475,442.6171,25
20260815_200150_9f5a13,2022-11-04,002966.SZ,14600,14600,8.543954,8.49927,-652.3864,18
20260815_200150_9f5a13,2022-11-04,000028.SZ,1000,1000,127.974107,132.562885,4588.778,11
20260815_200150_9f5a13,2022-11-04,600998.SH,8700,8600,13.716297,13.950024,2033.4249,6
20260815_200150_9f5a13,2022-11-07,600068.SH,2200,2200,52.715616,63.06543,22769.5908,306
20260815_200150_9f5a13,2022-11-07,002773.SZ,3500,3500,32.06214,34.2996,7831.11,47
20260815_200150_9f5a13,2022-11-07,601998.SH,15800,15800,7.950392,7.67803,-4303.3196,39
20260815_200150_9f5a13,2022-11-07,603658.SH,1200,1200,77.260877,95.593014,21998.5644,31
20260815_200150_9f5a13,2022-11-07,600028.SH,7300,7300,17.083037,16.761031,-2350.6438,26
20260815_200150_9f5a13,2022-11-07,600941.SH,1700,1700,71.898112,70.33989,-2648.9774,26
20260815_200150_9f5a13,2022-11-07,002966.SZ,14300,14300,8.543954,8.26956,-3923.8342,19
20260815_200150_9f5a13,2022-11-07,000028.SZ,1000,1000,127.974107,132.604506,4630.399,12
20260815_200150_9f5a13,2022-11-07,600998.SH,8700,8700,13.716297,13.807453,793.0572,7
20260815_200150_9f5a13,2022-11-08,600068.SH,2200,2200,52.715616,63.06543,22769.5908,307
20260815_200150_9f5a13,2022-11-08,002773.SZ,3500,3500,32.06214,36.1378,14264.81,48
20260815_200150_9f5a13,2022-11-08,601998.SH,15700,15700,7.950392,7.695284,-4005.1956,40
20260815_200150_9f5a13,2022-11-08,603658.SH,1200,1200,77.260877,95.005266,21293.2668,32
20260815_200150_9f5a13,2022-11-08,600028.SH,7200,7200,17.083037,16.800284,-2035.8216,27
20260815_200150_9f5a13,2022-11-08,600941.SH,1700,1700,71.898112,70.839735,-1799.2409,27
20260815_200150_9f5a13,2022-11-08,002966.SZ,14400,14300,8.542457,8.48718,-795.9888,20
20260815_200150_9f5a13,2022-11-08,000028.SZ,1000,1000,127.974107,131.647223,3673.116,13
20260815_200150_9f5a13,2022-11-08,600998.SH,8700,8700,13.716297,14.015826,2605.9023,8
20260815_200150_9f5a13,2022-11-09,600068.SH,2200,2200,52.715616,63.06543,22769.5908,308
20260815_200150_9f5a13,2022-11-09,002773.SZ,3400,3400,32.06214,35.8348,12827.044,49
20260815_200150_9f5a13,2022-11-09,601998.SH,15700,15700,7.950392,7.660776,-4546.9712,41
20260815_200150_9f5a13,2022-11-09,603658.SH,1200,1200,77.260877,93.367968,19328.5092,33
20260815_200150_9f5a13,2022-11-09,600028.SH,7200,7200,17.083037,16.800284,-2035.8216,28
20260815_200150_9f5a13,2022-11-09,600941.SH,1700,1700,71.898112,70.478145,-2413.9439,28
20260815_200150_9f5a13,2022-11-09,002966.SZ,14300,14300,8.542457,8.40255,-2000.6701,21
20260815_200150_9f5a13,2022-11-09,000028.SZ,1000,1000,127.974107,132.188296,4214.189,14
20260815_200150_9f5a13,2022-11-09,600998.SH,8700,8700,13.716297,13.960991,2128.8378,9
20260815_200150_9f5a13,2022-11-10,600068.SH,2200,2200,52.715616,63.06543,22769.5908,309
20260815_200150_9f5a13,2022-11-10,002773.SZ,3400,3400,32.06214,35.2086,10697.964,50
20260815_200150_9f5a13,2022-11-10,601998.SH,15700,15700,7.950392,7.729792,-3463.42,42
20260815_200150_9f5a13,2022-11-10,603658.SH,1200,1200,77.260877,92.85019,18707.1756,34
20260815_200150_9f5a13,2022-11-10,600028.SH,7200,7200,17.083037,16.682525,-2883.6864,29
20260815_200150_9f5a13,2022-11-10,600941.SH,1700,1700,71.898112,70.159095,-2956.3289,29
20260815_200150_9f5a13,2022-11-10,002966.SZ,14300,14300,8.542457,8.43882,-1482.0091,22
20260815_200150_9f5a13,2022-11-10,000028.SZ,1000,1000,127.974107,134.810419,6836.312,15
20260815_200150_9f5a13,2022-11-10,600998.SH,8700,8700,13.716297,13.982925,2319.6636,10
20260815_200150_9f5a13,2022-11-11,600068.SH,2200,2200,52.715616,63.06543,22769.5908,310
20260815_200150_9f5a13,2022-11-11,002773.SZ,3400,3400,32.06214,33.7946,5890.364,51
20260815_200150_9f5a13,2022-11-11,601998.SH,15600,15600,7.950392,7.919586,-480.5736,43
20260815_200150_9f5a13,2022-11-11,603658.SH,1200,1200,77.260877,90.40124,15768.4356,35
20260815_200150_9f5a13,2022-11-11,600028.SH,7200,7200,17.083037,16.839537,-1753.2,30
20260815_200150_9f5a13,2022-11-11,600941.SH,1700,1700,71.898112,70.903545,-1690.7639,30
20260815_200150_9f5a13,2022-11-11,002966.SZ,14300,14300,8.542457,8.72898,2667.2789,23
20260815_200150_9f5a13,2022-11-11,000028.SZ,900,900,127.974107,133.353684,4841.6193,16
20260815_200150_9f5a13,2022-11-11,600998.SH,8700,8700,13.716297,13.939057,1938.012,11
20260815_200150_9f5a13,2022-11-14,600068.SH,2200,2200,52.715616,63.06543,22769.5908,311
20260815_200150_9f5a13,2022-11-14,002773.SZ,3500,3400,32.1036,34.8854,9736.3,52
20260815_200150_9f5a13,2022-11-14,601998.SH,15300,15300,7.950392,8.126634,2696.5026,44
20260815_200150_9f5a13,2022-11-14,603658.SH,1300,1200,78.221089,94.31956,20928.0123,36
20260815_200150_9f5a13,2022-11-14,600028.SH,7200,7200,17.083037,16.839537,-1753.2,31
20260815_200150_9f5a13,2022-11-14,600941.SH,1700,1700,71.898112,69.02115,-4890.8354,31
20260815_200150_9f5a13,2022-11-14,002966.SZ,13900,13900,8.542457,8.78943,3432.9247,24
20260815_200150_9f5a13,2022-11-14,000028.SZ,900,900,127.974107,141.844368,12483.2349,17
20260815_200150_9f5a13,2022-11-14,600998.SH,8700,8700,13.716297,14.608044,7758.1989,12
20260815_200150_9f5a13,2022-11-15,600068.SH,2200,2200,52.715616,63.06543,22769.5908,312
20260815_200150_9f5a13,2022-11-15,002773.SZ,3500,3500,32.1036,34.8248,9524.2,53
20260815_200150_9f5a13,2022-11-15,601998.SH,15200,15200,7.950392,8.074872,1892.096,45
20260815_200150_9f5a13,2022-11-15,603658.SH,1300,1300,78.221089,88.1622,12923.4443,37
20260815_200150_9f5a13,2022-11-15,600028.SH,7300,7200,17.078913,16.800284,-2033.9917,32
20260815_200150_9f5a13,2022-11-15,600941.SH,1700,1700,71.898112,69.36147,-4312.2914,32
20260815_200150_9f5a13,2022-11-15,002966.SZ,14000,13900,8.543954,8.55972,220.724,25
20260815_200150_9f5a13,2022-11-15,000028.SZ,900,900,127.974107,146.630783,16791.0084,18
20260815_200150_9f5a13,2022-11-15,600998.SH,8500,8500,13.716297,14.608044,7579.8495,13
20260815_200150_9f5a13,2022-11-16,600068.SH,2200,2200,52.715616,63.06543,22769.5908,313
20260815_200150_9f5a13,2022-11-16,002773.SZ,3500,3500,32.1036,34.1582,7191.1,54
20260815_200150_9f5a13,2022-11-16,601998.SH,15200,15200,7.950392,8.005856,843.0528,46
20260815_200150_9f5a13,2022-11-16,603658.SH,1300,1300,78.221089,88.02226,12741.5223,38
20260815_200150_9f5a13,2022-11-16,600028.SH,7300,7300,17.078913,16.87879,-1460.8979,33
20260815_200150_9f5a13,2022-11-16,600941.SH,1700,1700,71.898112,69.393375,-4258.0529,33
20260815_200150_9f5a13,2022-11-16,002966.SZ,14300,14000,8.544509,8.49927,-646.9177,26
20260815_200150_9f5a13,2022-11-16,000028.SZ,900,900,127.974107,144.050281,14468.5566,19
20260815_200150_9f5a13,2022-11-16,600998.SH,8400,8400,13.716297,14.531275,6845.8152,14
20260815_200150_9f5a13,2022-11-17,600068.SH,2200,2200,52.715616,63.06543,22769.5908,314
20260815_200150_9f5a13,2022-11-17,002773.SZ,3500,3500,32.1036,34.3602,7898.1,55
20260815_200150_9f5a13,2022-11-17,601998.SH,15200,15200,7.950392,7.954094,56.2704,47
20260815_200150_9f5a13,2022-11-17,603658.SH,1300,1300,78.221089,88.693972,13614.7479,39
20260815_200150_9f5a13,2022-11-17,600028.SH,7300,7300,17.078913,16.918043,-1174.351,34
20260815_200150_9f5a13,2022-11-17,600941.SH,1700,1700,71.898112,68.946705,-5017.3919,34
20260815_200150_9f5a13,2022-11-17,002966.SZ,14300,14300,8.544509,8.53554,-128.2567,27
20260815_200150_9f5a13,2022-11-17,000028.SZ,900,900,127.974107,149.710737,19562.967,20
20260815_200150_9f5a13,2022-11-17,600998.SH,8400,8400,13.716297,14.926087,10162.236,15
20260815_200150_9f5a13,2022-11-18,600068.SH,2200,2200,52.715616,63.06543,22769.5908,315
20260815_200150_9f5a13,2022-11-18,002773.SZ,3500,3500,32.1036,35.35,11362.4,56
20260815_200150_9f5a13,2022-11-18,601998.SH,15400,15200,7.950794,7.885078,-1012.0264,48
20260815_200150_9f5a13,2022-11-18,603658.SH,1300,1300,78.221089,90.2613,15652.2743,40
20260815_200150_9f5a13,2022-11-18,600028.SH,7300,7300,17.078913,16.682525,-2893.6324,35
20260815_200150_9f5a13,2022-11-18,600941.SH,1700,1700,71.898112,70.46751,-2432.0234,35
20260815_200150_9f5a13,2022-11-18,002966.SZ,14300,14300,8.544509,8.49927,-646.9177,28
20260815_200150_9f5a13,2022-11-18,000028.SZ,900,900,127.974107,150.293431,20087.3916,21
20260815_200150_9f5a13,2022-11-18,600998.SH,8300,8300,13.716297,14.969955,10405.3614,16
20260815_200150_9f5a13,2022-11-21,600068.SH,2200,2200,52.715616,63.06543,22769.5908,316
20260815_200150_9f5a13,2022-11-21,002773.SZ,3500,3500,32.1036,35.9358,13412.7,57
20260815_200150_9f5a13,2022-11-21,601998.SH,15600,15400,7.949635,7.902332,-737.9268,49
20260815_200150_9f5a13,2022-11-21,603658.SH,1300,1300,78.221089,88.8619,13833.0543,41
20260815_200150_9f5a13,2022-11-21,600028.SH,7400,7300,17.073307,16.643272,-3182.259,36
20260815_200150_9f5a13,2022-11-21,600941.SH,1700,1700,71.898112,70.36116,-2612.8184,36
20260815_200150_9f5a13,2022-11-21,002966.SZ,14500,14300,8.542863,8.55972,244.4265,29
20260815_200150_9f5a13,2022-11-21,000028.SZ,900,900,127.974107,147.046993,17165.5974,22
20260815_200150_9f5a13,2022-11-21,600998.SH,8300,8300,13.716297,14.991889,10587.4136,17
20260815_200150_9f5a13,2022-11-22,600068.SH,2200,2200,52.715616,63.06543,22769.5908,317
20260815_200150_9f5a13,2022-11-22,002773.SZ,3500,3500,32.1036,34.239,7473.9,58
20260815_200150_9f5a13,2022-11-22,601998.SH,15600,15600,7.949635,8.19565,3837.834,50
20260815_200150_9f5a13,2022-11-22,603658.SH,1300,1300,78.221089,85.559316,9539.6951,42
20260815_200150_9f5a13,2022-11-22,600028.SH,7400,7400,17.073307,16.957296,-858.4814,37
20260815_200150_9f5a13,2022-11-22,600941.SH,1700,1700,71.898112,74.55135,4510.5046,37
20260815_200150_9f5a13,2022-11-22,002966.SZ,14500,14500,8.542863,8.7048,2348.0865,30
20260815_200150_9f5a13,2022-11-22,000028.SZ,900,900,127.974107,143.259482,13756.8375,23
20260815_200150_9f5a13,2022-11-22,600998.SH,8300,8300,13.716297,14.542242,6855.3435,18
20260815_200150_9f5a13,2022-11-23,600068.SH,2200,2200,52.715616,63.06543,22769.5908,318
20260815_200150_9f5a13,2022-11-23,002773.SZ,3500,3500,32.1036,33.431,4645.9,59
20260815_200150_9f5a13,2022-11-23,601998.SH,15100,15100,7.949635,8.523476,8664.9991,51
20260815_200150_9f5a13,2022-11-23,603658.SH,1400,1300,78.748886,85.85319,9946.0256,43
20260815_200150_9f5a13,2022-11-23,600028.SH,7300,7300,17.073307,17.27132,1445.4949,38
20260815_200150_9f5a13,2022-11-23,600941.SH,1700,1700,71.898112,72.924195,1744.3411,38
20260815_200150_9f5a13,2022-11-23,002966.SZ,14200,14200,8.542863,8.7048,2299.5054,31
20260815_200150_9f5a13,2022-11-23,000028.SZ,900,900,127.974107,139.055761,9973.4886,24
20260815_200150_9f5a13,2022-11-23,600998.SH,8400,8300,13.725693,14.410638,5753.538,19
20260815_200150_9f5a13,2022-11-24,600068.SH,2200,2200,52.715616,63.06543,22769.5908,319
20260815_200150_9f5a13,2022-11-24,002773.SZ,3600,3500,32.148375,33.7946,5926.41,60
20260815_200150_9f5a13,2022-11-24,601998.SH,14500,14500,7.949635,8.488968,7820.3285,52
20260815_200150_9f5a13,2022-11-24,603658.SH,1400,1400,78.748886,87.770368,12630.0748,44
20260815_200150_9f5a13,2022-11-24,600028.SH,7200,7200,17.073307,17.192814,860.4504,39
20260815_200150_9f5a13,2022-11-24,600941.SH,1700,1700,71.898112,72.434985,912.6841,39
20260815_200150_9f5a13,2022-11-24,002966.SZ,14200,14200,8.542863,8.78943,3501.2514,32
20260815_200150_9f5a13,2022-11-24,000028.SZ,900,900,127.974107,141.719505,12370.8582,25
20260815_200150_9f5a13,2022-11-24,600998.SH,8500,8400,13.733705,14.465473,6220.028,20
20260815_200150_9f5a13,2022-11-25,600068.SH,2200,2200,52.715616,63.06543,22769.5908,320
20260815_200150_9f5a13,2022-11-25,601998.SH,14500,14500,7.949635,8.71327,11072.7075,53
20260815_200150_9f5a13,2022-11-25,603658.SH,1400,1400,78.748886,85.867184,9965.6172,45
20260815_200150_9f5a13,2022-11-25,600028.SH,7200,7200,17.073307,17.624597,3969.288,40
20260815_200150_9f5a13,2022-11-25,600941.SH,1700,1700,71.898112,76.572,7945.6096,40
20260815_200150_9f5a13,2022-11-25,002966.SZ,14100,14100,8.542863,9.03123,6885.9747,33
20260815_200150_9f5a13,2022-11-25,000028.SZ,900,900,127.974107,140.137907,10947.42,26
20260815_200150_9f5a13,2022-11-25,600998.SH,8500,8500,13.733705,14.498374,6499.6865,21
20260815_200150_9f5a13,2022-11-25,600377.SH,4800,0,25.604067,25.636672,156.504,1
20260815_200150_9f5a13,2022-11-28,600068.SH,2200,2200,52.715616,63.06543,22769.5908,321
20260815_200150_9f5a13,2022-11-28,601998.SH,14400,14400,7.949635,8.385444,6275.6496,54
20260815_200150_9f5a13,2022-11-28,603658.SH,1400,1400,78.748886,85.041538,8809.7128,46
20260815_200150_9f5a13,2022-11-28,600028.SH,7200,7200,17.073307,17.467585,2838.8016,41
20260815_200150_9f5a13,2022-11-28,600941.SH,1700,1700,71.898112,76.89105,8487.9946,41
20260815_200150_9f5a13,2022-11-28,002966.SZ,13900,13900,8.542863,9.07959,7460.5053,34
20260815_200150_9f5a13,2022-11-28,000028.SZ,900,900,127.974107,139.84656,10685.2077,27
20260815_200150_9f5a13,2022-11-28,600998.SH,8600,8500,13.74153,14.58611,7263.388,22
20260815_200150_9f5a13,2022-11-28,600377.SH,4800,4800,25.604067,25.539808,-308.4432,2
20260815_200150_9f5a13,2022-11-29,600068.SH,2200,2200,52.715616,63.06543,22769.5908,322
20260815_200150_9f5a13,2022-11-29,601998.SH,14800,14400,7.963565,8.868556,13393.8668,55
20260815_200150_9f5a13,2022-11-29,603658.SH,1400,1400,78.748886,85.50334,9456.2356,47
20260815_200150_9f5a13,2022-11-29,600028.SH,7200,7200,17.073307,17.624597,3969.288,42
20260815_200150_9f5a13,2022-11-29,600941.SH,1700,1700,71.898112,75.668025,6408.8521,42
20260815_200150_9f5a13,2022-11-29,002966.SZ,13800,13800,8.542863,9.22467,9408.9366,35
20260815_200150_9f5a13,2022-11-29,000028.SZ,900,900,127.974107,143.509208,13981.5909,28
20260815_200150_9f5a13,2022-11-29,600998.SH,8600,8600,13.74153,15.002856,10847.4036,23
20260815_200150_9f5a13,2022-11-29,600377.SH,4800,4800,25.604067,25.572096,-153.4608,3
20260815_200150_9f5a13,2022-11-30,600068.SH,2200,2200,52.715616,63.06543,22769.5908,323
20260815_200150_9f5a13,2022-11-30,601998.SH,14300,14300,7.963565,8.678762,10227.3171,56
20260815_200150_9f5a13,2022-11-30,603658.SH,1400,1400,78.748886,85.069526,8848.896,48
20260815_200150_9f5a13,2022-11-30,600028.SH,7200,7200,17.073307,17.781609,5099.7744,43
20260815_200150_9f5a13,2022-11-30,600941.SH,1700,1700,71.898112,78.496935,11217.9991,43
20260815_200150_9f5a13,2022-11-30,002966.SZ,13800,13800,8.542863,9.34557,11077.3566,36
20260815_200150_9f5a13,2022-11-30,000028.SZ,900,900,127.974107,144.84108,15180.2757,29
20260815_200150_9f5a13,2022-11-30,600998.SH,8500,8500,13.74153,14.794483,8950.1005,24
20260815_200150_9f5a13,2022-11-30,600377.SH,4900,4800,25.604067,25.927264,1583.6653,4
20260815_200150_9f5a13,2022-12-01,600068.SH,2200,2200,52.715616,63.06543,22769.5908,324
20260815_200150_9f5a13,2022-12-01,601998.SH,14600,14300,7.980259,8.592492,8938.6018,57
20260815_200150_9f5a13,2022-12-01,603658.SH,1400,1400,78.748886,83.991988,7340.3428,49
20260815_200150_9f5a13,2022-12-01,600028.SH,7200,7200,17.073307,17.703103,4534.5312,44
20260815_200150_9f5a13,2022-12-01,600941.SH,1700,1700,71.898112,78.603285,11398.7941,44
20260815_200150_9f5a13,2022-12-01,002966.SZ,13700,13700,8.542863,9.11586,7850.0589,37
20260815_200150_9f5a13,2022-12-01,000028.SZ,900,900,127.974107,147.796171,17839.8576,30
20260815_200150_9f5a13,2022-12-01,600998.SH,8500,8500,13.74153,14.816417,9136.5395,25
20260815_200150_9f5a13,2022-12-01,600377.SH,4900,4900,25.604067,25.99184,1900.0877,5
20260815_200150_9f5a13,2022-12-02,600068.SH,2200,2200,52.715616,63.06543,22769.5908,325
20260815_200150_9f5a13,2022-12-02,601998.SH,14700,14600,7.984379,8.488968,7417.4583,58
20260815_200150_9f5a13,2022-12-02,603658.SH,1500,1400,79.103559,83.586162,6723.9045,50
20260815_200150_9f5a13,2022-12-02,600028.SH,7200,7200,17.073307,17.66385,4251.9096,45
20260815_200150_9f5a13,2022-12-02,600941.SH,1700,1700,71.898112,77.03994,8741.1076,45
20260815_200150_9f5a13,2022-12-02,002966.SZ,13900,13700,8.552142,9.04332,6827.3742,38
20260815_200150_9f5a13,2022-12-02,000028.SZ,900,900,127.974107,147.837792,17877.3165,31
20260815_200150_9f5a13,2022-12-02,600998.SH,8500,8500,13.74153,14.980922,10534.832,26
20260815_200150_9f5a13,2022-12-02,600377.SH,4900,4900,25.604067,25.927264,1583.6653,6
20260815_200150_9f5a13,2022-12-05,600068.SH,2200,2200,52.715616,63.06543,22769.5908,326
20260815_200150_9f5a13,2022-12-05,601998.SH,14800,14700,7.988444,8.79954,12004.2208,59
20260815_200150_9f5a13,2022-12-05,603658.SH,1500,1500,79.103559,82.158774,4582.8225,51
20260815_200150_9f5a13,2022-12-05,600028.SH,7200,7200,17.073307,18.134886,7643.3688,46
20260815_200150_9f5a13,2022-12-05,600941.SH,1700,1700,71.898112,82.516965,18052.0501,46
20260815_200150_9f5a13,2022-12-05,002966.SZ,13900,13900,8.552142,9.29721,10356.4452,39
20260815_200150_9f5a13,2022-12-05,000028.SZ,900,900,127.974107,155.24633,24545.0007,32
20260815_200150_9f5a13,2022-12-05,600998.SH,8500,8500,13.74153,15.320899,13424.6365,27
20260815_200150_9f5a13,2022-12-05,600377.SH,4900,4900,25.604067,26.6376,5064.3117,7
20260815_200150_9f5a13,2022-12-06,600068.SH,2200,2200,52.715616,63.06543,22769.5908,327
20260815_200150_9f5a13,2022-12-06,601998.SH,14800,14800,7.988444,8.79954,12004.2208,60
20260815_200150_9f5a13,2022-12-06,603658.SH,1500,1500,79.103559,82.49463,5086.6065,52
20260815_200150_9f5a13,2022-12-06,600028.SH,7200,7200,17.073307,18.252645,8491.2336,47
20260815_200150_9f5a13,2022-12-06,600941.SH,1600,1600,71.898112,81.687435,15662.9168,47
20260815_200150_9f5a13,2022-12-06,002966.SZ,14000,13900,8.557374,9.12795,7988.064,40
20260815_200150_9f5a13,2022-12-06,000028.SZ,900,900,127.974107,152.707449,22260.0078,33
20260815_200150_9f5a13,2022-12-06,600998.SH,8500,8500,13.74153,15.211229,12492.4415,28
20260815_200150_9f5a13,2022-12-06,600377.SH,4900,4900,25.604067,26.573024,4747.8893,8
20260815_200150_9f5a13,2022-12-07,600068.SH,2200,2200,52.715616,63.06543,22769.5908,328
20260815_200150_9f5a13,2022-12-07,603658.SH,1500,1500,79.103559,84.971568,8802.0135,53
20260815_200150_9f5a13,2022-12-07,600028.SH,7100,7100,17.073307,18.017127,6701.122,48
20260815_200150_9f5a13,2022-12-07,600941.SH,1600,1600,71.898112,78.2736,10200.7808,48
20260815_200150_9f5a13,2022-12-07,002966.SZ,14100,14000,8.561416,9.01914,6453.9084,41
20260815_200150_9f5a13,2022-12-07,000028.SZ,900,900,127.974107,159.283567,28178.514,34
20260815_200150_9f5a13,2022-12-07,600998.SH,8500,8500,13.74153,15.562173,15475.4655,29
20260815_200150_9f5a13,2022-12-07,600377.SH,4900,4900,25.604067,26.702176,5380.7341,9
20260815_200150_9f5a13,2022-12-07,000425.SZ,500,0,219.986096,216.84738,-1569.358,1
20260815_200150_9f5a13,2022-12-08,600068.SH,2200,2200,52.715616,63.06543,22769.5908,329
20260815_200150_9f5a13,2022-12-08,603658.SH,1500,1500,79.103559,83.977994,7311.6525,54
20260815_200150_9f5a13,2022-12-08,600028.SH,7200,7100,17.086728,17.781609,5003.1432,49
20260815_200150_9f5a13,2022-12-08,600941.SH,1600,1600,71.898112,76.518825,7393.1408,49
20260815_200150_9f5a13,2022-12-08,002966.SZ,14300,14100,8.568653,9.32139,10764.1391,42
20260815_200150_9f5a13,2022-12-08,000028.SZ,900,900,127.974107,160.324092,29114.9865,35
20260815_200150_9f5a13,2022-12-08,600998.SH,8400,8400,13.74153,15.671843,16214.6292,30
20260815_200150_9f5a13,2022-12-08,600377.SH,4900,4900,25.604067,26.863616,6171.7901,10
20260815_200150_9f5a13,2022-12-08,000425.SZ,500,500,219.986096,218.483964,-751.066,2
20260815_200150_9f5a13,2022-12-09,600068.SH,2200,2200,52.715616,63.06543,22769.5908,330
20260815_200150_9f5a13,2022-12-09,603658.SH,1500,1500,79.103559,84.80364,8550.1215,55
20260815_200150_9f5a13,2022-12-09,600028.SH,7300,7200,17.096551,17.703103,4427.8296,50
20260815_200150_9f5a13,2022-12-09,600941.SH,1600,1600,71.898112,77.518515,8992.6448,50
20260815_200150_9f5a13,2022-12-09,002966.SZ,14000,14000,8.568653,9.50274,13077.218,43
20260815_200150_9f5a13,2022-12-09,000028.SZ,900,900,127.974107,160.990028,29714.3289,36
20260815_200150_9f5a13,2022-12-09,600998.SH,8300,8300,13.74153,15.924084,18115.1982,31
20260815_200150_9f5a13,2022-12-09,600377.SH,4900,4900,25.604067,25.8304,1109.0317,11
20260815_200150_9f5a13,2022-12-09,000425.SZ,500,500,219.986096,220.120548,67.226,3
20260815_200150_9f5a13,2022-12-12,600068.SH,2200,2200,52.715616,63.06543,22769.5908,331
20260815_200150_9f5a13,2022-12-12,603658.SH,1500,1500,79.103559,86.888746,11677.7805,56
20260815_200150_9f5a13,2022-12-12,600028.SH,7300,7300,17.096551,17.585344,3568.1889,51
20260815_200150_9f5a13,2022-12-12,600941.SH,1600,1600,71.898112,78.433125,10456.0208,51
20260815_200150_9f5a13,2022-12-12,002966.SZ,13800,13800,8.568653,9.29721,10054.0866,44
20260815_200150_9f5a13,2022-12-12,000028.SZ,900,900,127.974107,165.318612,33610.0545,37
20260815_200150_9f5a13,2022-12-12,600998.SH,8200,8200,13.74153,16.066655,19066.025,32
20260815_200150_9f5a13,2022-12-12,600377.SH,5000,4900,25.620878,26.31472,3469.21,12
20260815_200150_9f5a13,2022-12-12,000425.SZ,500,500,219.986096,216.84738,-1569.358,4
20260815_200150_9f5a13,2022-12-13,600068.SH,2200,2200,52.715616,63.06543,22769.5908,332
20260815_200150_9f5a13,2022-12-13,603658.SH,1500,1500,79.103559,85.615292,9767.5995,57
20260815_200150_9f5a13,2022-12-13,600028.SH,7400,7300,17.103985,17.585344,3562.0566,52
20260815_200150_9f5a13,2022-12-13,600941.SH,1600,1600,71.898112,78.0609,9860.4608,52
20260815_200150_9f5a13,2022-12-13,002966.SZ,14100,13800,8.584659,9.24885,9365.0931,45
20260815_200150_9f5a13,2022-12-13,000028.SZ,800,800,127.974107,161.90569,27145.2664,38
20260815_200150_9f5a13,2022-12-13,600998.SH,8200,8200,13.74153,15.90215,17717.084,33
20260815_200150_9f5a13,2022-12-13,600377.SH,5000,5000,25.620878,26.766752,5729.37,13
20260815_200150_9f5a13,2022-12-13,000425.SZ,600,500,219.508162,218.074818,-860.0064,5
20260815_200150_9f5a13,2022-12-14,600068.SH,2200,2200,52.715616,63.06543,22769.5908,333
20260815_200150_9f5a13,2022-12-14,603658.SH,1500,1500,79.103559,83.292288,6283.0935,58
20260815_200150_9f5a13,2022-12-14,600028.SH,7400,7400,17.103985,17.506838,2981.1122,53
20260815_200150_9f5a13,2022-12-14,600941.SH,1600,1600,71.898112,76.752795,7767.4928,53
20260815_200150_9f5a13,2022-12-14,002966.SZ,14100,14100,8.584659,9.23676,9194.6241,46
20260815_200150_9f5a13,2022-12-14,000028.SZ,800,800,127.974107,153.16528,20152.9384,39
20260815_200150_9f5a13,2022-12-14,600998.SH,8200,8200,13.74153,15.660876,15738.6372,34
20260815_200150_9f5a13,2022-12-14,600377.SH,4900,4900,25.620878,26.766752,5614.7826,14
20260815_200150_9f5a13,2022-12-14,000425.SZ,600,600,219.508162,218.483964,-614.5188,6
20260815_200150_9f5a13,2022-12-15,600068.SH,2200,2200,52.715616,63.06543,22769.5908,334
20260815_200150_9f5a13,2022-12-15,603658.SH,1500,1500,79.103559,83.250306,6220.1205,59
20260815_200150_9f5a13,2022-12-15,600028.SH,7400,7400,17.103985,17.349826,1819.2234,54
20260815_200150_9f5a13,2022-12-15,600941.SH,1600,1600,71.898112,76.412475,7222.9808,54
20260815_200150_9f5a13,2022-12-15,002966.SZ,14000,14000,8.584659,9.0675,6759.774,47
20260815_200150_9f5a13,2022-12-15,000028.SZ,800,800,127.974107,154.330668,21085.2488,40
20260815_200150_9f5a13,2022-12-15,600998.SH,8200,8200,13.74153,15.496371,14389.6962,35
20260815_200150_9f5a13,2022-12-15,600377.SH,4900,4900,25.620878,26.47616,4190.8818,15
20260815_200150_9f5a13,2022-12-15,000425.SZ,600,600,219.508162,216.84738,-1596.4692,7
20260815_200150_9f5a13,2022-12-16,600068.SH,2200,2200,52.715616,63.06543,22769.5908,335
20260815_200150_9f5a13,2022-12-16,603658.SH,1500,1500,79.103559,83.222318,6178.1385,60
20260815_200150_9f5a13,2022-12-16,600028.SH,7400,7400,17.103985,17.467585,2690.64,55
20260815_200150_9f5a13,2022-12-16,600941.SH,1600,1600,71.898112,75.48723,5742.5888,55
20260815_200150_9f5a13,2022-12-16,002966.SZ,14100,14000,8.588164,9.10377,7270.0446,48
20260815_200150_9f5a13,2022-12-16,000028.SZ,800,800,127.974107,155.66254,22150.7464,41
20260815_200150_9f5a13,2022-12-16,600998.SH,8200,8200,13.74153,15.595074,15199.0608,36
20260815_200150_9f5a13,2022-12-16,600377.SH,4900,4900,25.620878,26.702176,5298.3602,16
20260815_200150_9f5a13,2022-12-16,000425.SZ,600,600,219.508162,218.483964,-614.5188,8
20260815_200150_9f5a13,2022-12-19,600068.SH,2200,2200,52.715616,63.06543,22769.5908,336
20260815_200150_9f5a13,2022-12-19,600028.SH,7400,7400,17.103985,17.075055,-214.082,56
20260815_200150_9f5a13,2022-12-19,600941.SH,1700,1600,72.122305,73.14753,1742.8825,56
20260815_200150_9f5a13,2022-12-19,002966.SZ,14100,14100,8.588164,8.99496,5735.8236,49
20260815_200150_9f5a13,2022-12-19,000028.SZ,800,800,127.974107,145.631879,14126.2176,42
20260815_200150_9f5a13,2022-12-19,600998.SH,8200,8200,13.74153,15.013823,10432.8026,37
20260815_200150_9f5a13,2022-12-19,600377.SH,4900,4900,25.620878,26.47616,4190.8818,17
20260815_200150_9f5a13,2022-12-19,000425.SZ,600,600,219.508162,213.983358,-3314.8824,9
20260815_200150_9f5a13,2022-12-19,002327.SZ,1400,0,86.592911,85.44558,-1606.2634,1
20260815_200150_9f5a13,2022-12-20,600068.SH,2200,2200,52.715616,63.06543,22769.5908,337
20260815_200150_9f5a13,2022-12-20,600028.SH,7400,7400,17.103985,17.035802,-504.5542,57
20260815_200150_9f5a13,2022-12-20,600941.SH,1700,1700,72.122305,73.3815,2140.6315,57
20260815_200150_9f5a13,2022-12-20,002966.SZ,14000,14000,8.588164,8.86197,3833.284,50
20260815_200150_9f5a13,2022-12-20,000028.SZ,800,800,127.974107,143.342724,12294.8936,43
20260815_200150_9f5a13,2022-12-20,600998.SH,8300,8200,13.755365,14.58611,6895.1835,38
20260815_200150_9f5a13,2022-12-20,600377.SH,4800,4800,25.620878,26.185568,2710.512,18
20260815_200150_9f5a13,2022-12-20,000425.SZ,600,600,219.508162,211.528482,-4787.808,10
20260815_200150_9f5a13,2022-12-20,002327.SZ,1400,1400,86.592911,93.990138,10356.1178,2
20260815_200150_9f5a13,2022-12-21,600068.SH,2200,2200,52.715616,63.06543,22769.5908,338
20260815_200150_9f5a13,2022-12-21,600028.SH,7400,7400,17.103985,17.114308,76.3902,58
20260815_200150_9f5a13,2022-12-21,600941.SH,1700,1700,72.122305,73.3815,2140.6315,58
20260815_200150_9f5a13,2022-12-21,002966.SZ,14100,14000,8.590184,9.00705,5877.8106,51
20260815_200150_9f5a13,2022-12-21,000028.SZ,800,800,127.974107,141.053569,10463.5696,44
20260815_200150_9f5a13,2022-12-21,600998.SH,8500,8300,13.775083,14.629978,7266.6075,39
20260815_200150_9f5a13,2022-12-21,600377.SH,4800,4800,25.620878,26.217856,2865.4944,19
20260815_200150_9f5a13,2022-12-21,000425.SZ,600,600,219.508162,211.528482,-4787.808,11
20260815_200150_9f5a13,2022-12-21,002327.SZ,1400,1400,86.592911,91.21893,6476.4266,3
20260815_200150_9f5a13,2022-12-22,600068.SH,2200,2200,52.715616,63.06543,22769.5908,339
20260815_200150_9f5a13,2022-12-22,600028.SH,7400,7400,17.103985,17.114308,76.3902,59
20260815_200150_9f5a13,2022-12-22,600941.SH,1700,1700,72.122305,73.95579,3116.9245,59
20260815_200150_9f5a13,2022-12-22,002966.SZ,13900,13900,8.590184,8.92242,4618.0804,52
20260815_200150_9f5a13,2022-12-22,000028.SZ,800,800,127.974107,138.473067,8399.168,45
20260815_200150_9f5a13,2022-12-22,600998.SH,8500,8500,13.775083,14.421605,5495.437,40
20260815_200150_9f5a13,2022-12-22,600377.SH,4800,4800,25.620878,26.250144,3020.4768,20
20260815_200150_9f5a13,2022-12-22,000425.SZ,600,600,219.508162,208.255314,-6751.7088,12
20260815_200150_9f5a13,2022-12-22,002327.SZ,1400,1400,86.592911,94.68294,11326.0406,4
20260815_200150_9f5a13,2022-12-23,600068.SH,2200,2200,52.715616,63.06543,22769.5908,340
20260815_200150_9f5a13,2022-12-23,600028.SH,7300,7300,17.103985,17.035802,-497.7359,60
20260815_200150_9f5a13,2022-12-23,600941.SH,1700,1700,72.122305,73.860075,2954.209,60
20260815_200150_9f5a13,2022-12-23,002966.SZ,13900,13900,8.590184,8.84988,3609.7744,53
20260815_200150_9f5a13,2022-12-23,000028.SZ,900,800,129.141373,137.682268,7686.8055,46
20260815_200150_9f5a13,2022-12-23,600998.SH,8600,8500,13.782427,14.432572,5591.247,41
20260815_200150_9f5a13,2022-12-23,600377.SH,4800,4800,25.620878,25.927264,1470.6528,21
20260815_200150_9f5a13,2022-12-23,000425.SZ,600,600,219.508162,206.209584,-7979.1468,13
20260815_200150_9f5a13,2022-12-23,002327.SZ,1400,1400,86.592911,85.214646,-1929.571,5
20260815_200150_9f5a13,2022-12-26,600068.SH,2200,2200,52.715616,63.06543,22769.5908,341
20260815_200150_9f5a13,2022-12-26,002966.SZ,15800,13900,8.622744,8.98287,5689.9908,54
20260815_200150_9f5a13,2022-12-26,000028.SZ,1000,900,130.354395,140.26277,9908.375,47
20260815_200150_9f5a13,2022-12-26,600998.SH,9600,8600,13.88177,14.531275,6235.248,42
20260815_200150_9f5a13,2022-12-26,600377.SH,5400,4800,25.654931,26.120992,2516.7294,22
20260815_200150_9f5a13,2022-12-26,000425.SZ,600,600,219.508162,207.437022,-7242.684,14
20260815_200150_9f5a13,2022-12-26,002327.SZ,1600,1400,86.202723,85.561047,-1026.6816,6
20260815_200150_9f5a13,2022-12-26,002515.SZ,2500,0,54.660574,51.70736,-7383.035,1
20260815_200150_9f5a13,2022-12-27,600068.SH,2200,2200,52.715616,63.06543,22769.5908,342
20260815_200150_9f5a13,2022-12-27,002966.SZ,13700,13700,8.622744,9.11586,6755.6892,55
20260815_200150_9f5a13,2022-12-27,000028.SZ,900,900,130.354395,136.017428,5096.7297,48
20260815_200150_9f5a13,2022-12-27,600998.SH,8500,8500,13.88177,14.290001,3469.9635,43
20260815_200150_9f5a13,2022-12-27,600377.SH,4700,4700,25.654931,26.185568,2493.9939,23
20260815_200150_9f5a13,2022-12-27,000425.SZ,600,600,219.508162,209.482752,-6015.246,15
20260815_200150_9f5a13,2022-12-27,002327.SZ,1500,1500,86.202723,84.29091,-2867.7195,7
20260815_200150_9f5a13,2022-12-27,002515.SZ,2400,2400,54.660574,54.48136,-430.1136,2
20260815_200150_9f5a13,2022-12-27,000423.SZ,200,0,439.031221,422.447296,-3316.785,1
20260815_200150_9f5a13,2022-12-28,600068.SH,2200,2200,52.715616,63.06543,22769.5908,343
20260815_200150_9f5a13,2022-12-28,002966.SZ,13500,13500,8.622744,9.4302,10900.656,56
20260815_200150_9f5a13,2022-12-28,000028.SZ,900,900,130.354395,136.475259,5508.7776,49
20260815_200150_9f5a13,2022-12-28,600998.SH,8500,8500,13.88177,14.311935,3656.4025,44
20260815_200150_9f5a13,2022-12-28,600377.SH,4700,4700,25.654931,26.185568,2493.9939,24
20260815_200150_9f5a13,2022-12-28,000425.SZ,600,600,219.508162,207.437022,-7242.684,16
20260815_200150_9f5a13,2022-12-28,002327.SZ,1500,1500,86.202723,82.212504,-5985.3285,8
20260815_200150_9f5a13,2022-12-28,002515.SZ,2300,2300,54.660574,52.81696,-4240.3122,3
20260815_200150_9f5a13,2022-12-28,000423.SZ,200,200,439.031221,415.262464,-4753.7514,2
20260815_200150_9f5a13,2022-12-29,600068.SH,2200,2200,52.715616,63.06543,22769.5908,344
20260815_200150_9f5a13,2022-12-29,002966.SZ,13000,13000,8.622744,9.41811,10339.758,57
20260815_200150_9f5a13,2022-12-29,000028.SZ,900,900,130.354395,139.971423,8655.3252,50
20260815_200150_9f5a13,2022-12-29,600998.SH,8500,8500,13.88177,14.47644,5054.695,45
20260815_200150_9f5a13,2022-12-29,600377.SH,4700,4700,25.654931,25.959552,1431.7187,25
20260815_200150_9f5a13,2022-12-29,000425.SZ,600,600,219.508162,204.982146,-8715.6096,17
20260815_200150_9f5a13,2022-12-29,002327.SZ,1500,1500,86.202723,80.942367,-7890.534,9
20260815_200150_9f5a13,2022-12-29,002515.SZ,2300,2300,54.660574,51.70736,-6792.3922,4
20260815_200150_9f5a13,2022-12-29,000423.SZ,200,200,439.031221,434.317888,-942.6666,3
20260815_200150_9f5a13,2022-12-30,600068.SH,2200,2200,52.715616,63.06543,22769.5908,345
20260815_200150_9f5a13,2022-12-30,002966.SZ,13000,13000,8.622744,9.40602,10182.588,58
20260815_200150_9f5a13,2022-12-30,000028.SZ,900,900,130.354395,136.891469,5883.3666,51
20260815_200150_9f5a13,2022-12-30,600998.SH,8500,8500,13.88177,14.300968,3563.183,46
20260815_200150_9f5a13,2022-12-30,600377.SH,4700,4700,25.654931,26.540736,4163.2835,26
20260815_200150_9f5a13,2022-12-30,000425.SZ,600,600,219.508162,207.437022,-7242.684,18
20260815_200150_9f5a13,2022-12-30,002327.SZ,1500,1500,86.202723,81.635169,-6851.331,10
20260815_200150_9f5a13,2022-12-30,002515.SZ,2300,2300,54.660574,53.37176,-2964.2722,5
20260815_200150_9f5a13,2022-12-30,000423.SZ,200,200,439.031221,423.80096,-3046.0522,4
