tree
version=v4
num_class=1
num_tree_per_iteration=1
label_index=0
max_feature_idx=42
objective=binary sigmoid:1
feature_names=Column_0 Column_1 Column_2 Column_3 Column_4 Column_5 Column_6 Column_7 Column_8 Column_9 Column_10 Column_11 Column_12 Column_13 Column_14 Column_15 Column_16 Column_17 Column_18 Column_19 Column_20 Column_21 Column_22 Column_23 Column_24 Column_25 Column_26 Column_27 Column_28 Column_29 Column_30 Column_31 Column_32 Column_33 Column_34 Column_35 Column_36 Column_37 Column_38 Column_39 Column_40 Column_41 Column_42
feature_infos=[0.24165055155754089:3.5361092090606689] [7.9711828231811523:16.423643112182617] [0.059999998658895493:21.549999237060547] [-0.54947549104690552:1.6394462585449219] [1.4489187002182007:99.025222778320312] [-0.42463198304176331:0.75017988681793213] [0.026280000805854797:43.33837890625] [0.0032798550091683865:0.12654511630535126] [-0.536338210105896:2.7409381866455078] [-0.46362322568893433:2.6446371078491211] [-0.52437275648117065:1.1091269254684448] [-0.32152837514877319:0.68918919563293457] [0:19.595806121826172] [-0.76763725280761719:5.1707463264465332] [-150.24909973144531:322.7974853515625] [0.088899999856948853:285.92120361328125] [0.0052999998442828655:50.541500091552734] none [1.3251999616622925:200073.1875] [-214981.15625:82758.09375] [0:9999] [-625009.5:319397.90625] [0:9999] [0.17886355519294739:1] [-3815.094482421875:262394.59375] [10.615464210510254:19.204092025756836] [-2:2] [0:99.642997741699219] [0:9999] [-13404359680:92867002368] [-3215.964111328125:56656.76171875] [-0.2792588472366333:0.50234389305114746] [0.00021317416394595057:0.99961113929748535] none none [-4.309999942779541:1.309999942779541] none none [-265823.65625:130564.5] [-217234.1875:119178.5703125] [-0.62379372119903564:0.77999389171600342] [-10.29419994354248:12.420700073242188] none
tree_sizes=1123 1256 1253 1257 1260 1253 1135 1139 1140 1136 1139 1361 1261 1138 1355 1365 1585 1258 1041 1472 1473 1258 1362 1250 1260 1371 1362 1359 1253 1367 1359 1256 1362 1362 1362 1468 1138 1358 1138 1481 1465 1365 1346 1137 1135 1364 1481 1367 1135 1363 1255 1477 1369 1254 1468 1141 1478 1251 1141 1472 1251 1357 1239 1141 1593 1594 1139 1238 1253 1589 1243 1584 1469 1129 1598 1589 1132 1820 1246 1369 1358 1579 1246 1140 1589 1358 1477 1253 1468 1591 1592 1704 1568 1363 1697 1592 1587 1253 1363 1678 1254 1489 1476 1253 1368 1360 1256 1250 1483 1473 1253 1703 1372 1255 1586 1474 1579 1251 1369 1035 1363 1253 1481 1261 1588 1251 1482 1485 1581 1583 1037 1683 1715 1148 1482 1144 1703 1261 1487 1362 1597 1252 1364 1252 1474 1587 1372 1487 1147 1146 1369 1567 1363 1261 1254 1483 1368 1254 1592 1361 1263 1475 1368 1151 1368 1261 1596 1257 1368 1144 1152 1373 1486 1252 1592 1263 1253 1263 1263 1142 1147 1479 1374 1379 1697 1256 1370 1367 1262 1157 1596 1265 1366 1132 1374 1142 1459 1575 1451 1255 1811 1149 1256 1259 1149 1144 1142 1261 1264 1259 1590 1373 1156 1379 1259 1576 1147 1587 1474 1256 1142 1254 1147 1704 1367 1712 1147 1347 1263 1804 1139 1713 1367 1588 1370 1268 1694 1585 1260 1260 1255 1579 1141 1592 1145 1372 1702 1596 1361 1485 1262 1580 1144 1380 1590 1140 1260 1596 1377 1261 1375 1372 1141 1256 1486 1365 1144 1467 1585 1372 1256 1586 1255 1150 1589 1376 1703 1260 1374 1036 1253 1252 1141 1264 1361 1695 1262 1259 1588 1706 1374 1143 1255 1833 1149 1588 1258 1374

Tree=0
num_leaves=9
num_cat=0
split_feature=3 12 26 11 9 1 35 4
split_gain=44.2009 13.2329 10.3067 8.00004 7.58035 5.38016 4.0028 3.44763
threshold=0.034482751041650779 0.28622342646121984 -1.0000000180025095e-35 -0.010257999412715433 0.02172809932380915 12.127350330352785 -1.0000000180025095e-35 34.326326370239265
decision_type=2 2 2 2 2 2 8 2
left_child=1 2 -1 -2 7 6 -4 -3
right_child=3 4 5 -5 -6 -7 -8 -9
leaf_value=-0.067123175055449902 -0.066452343015366899 -0.066338345482403555 -0.066483371373651623 -0.069120291134787334 -0.065557007775570053 -0.066553186702244055 -0.063728343054331893 -0.068183256469106904
leaf_weight=288.4303430467844 475.97249683737755 312.40377415716648 290.92757545411587 1349.5043929219246 276.69335073232651 390.56714850664139 1531.5526354163885 517.92600128054619
leaf_count=1155 1906 1251 1165 5404 1108 1564 6133 2074
internal_value=-0.0665687 -0.0653482 -0.0647054 -0.0686064 -0.0669768 -0.0643242 -0.0640023 -0.0677212
internal_weight=5433.98 3608.5 2501.48 1825.48 1107.02 2213.05 1822.48 830.33
internal_count=21760 14450 10017 7310 4433 8862 7298 3325
is_linear=0
shrinkage=1


Tree=1
num_leaves=10
num_cat=0
split_feature=3 12 30 25 11 9 4 35 11
split_gain=43.0626 12.8843 11.0746 8.12829 7.81296 7.48407 3.39931 2.43991 0.775466
threshold=0.034482751041650779 0.28622342646121984 -20.085000038146969 14.253360748291017 -0.010257999412715433 0.02172809932380915 34.326326370239265 -1.0000000180025095e-35 -0.0084998011589050276
decision_type=2 2 10 2 2 2 2 8 2
left_child=1 2 -1 7 -2 6 -3 -4 -5
right_child=4 5 3 8 -6 -7 -8 -9 -10
leaf_value=-0.00063231151762043717 0.00011550341788833853 0.00022909173894059459 0.00017895241585778635 0.0003609877948091065 -0.0025202500689004309 0.0010066492177509161 -0.0016022624908961845 0.0029131415534461393 -0.00039259619749190889
leaf_weight=273.44390033185482 475.97434294223785 312.40616025030613 261.4608089774847 254.22353477776051 1349.3876304030418 276.70259660482407 517.89784681797028 1455.0151601582766 257.47165851294994
leaf_count=1095 1906 1251 1047 1018 5404 1108 2074 5826 1031
internal_value=-9.00272e-07 0.00120366 0.00183788 0.0022314 -0.00201231 -0.000403179 -0.0011434 0.00269245 -2.55327e-05
internal_weight=5433.98 3608.62 2501.62 2228.17 1825.36 1107.01 830.304 1716.48 511.695
internal_count=21760 14450 10017 8922 7310 4433 3325 6873 2049
is_linear=0
shrinkage=0.02


Tree=2
num_leaves=10
num_cat=0
split_feature=12 5 41 25 10 32 14 35 41
split_gain=37.4523 13.2631 12.6539 9.98022 6.33308 4.51976 4.15767 1.64449 1.10001
threshold=0.2535811066627503 -0.030300573445856568 -1.8377000093460081 12.486817359924318 0.043234145268797881 0.46454945206642156 0.4237774014472962 0.044999999925494201 0.54065001010894786
decision_type=2 2 10 2 2 2 2 8 8
left_child=1 -1 4 -3 -2 8 7 -5 -4
right_child=2 3 5 6 -6 -7 -8 -9 -10
leaf_value=0.0027065113493041459 0.0011311491107576354 0.001501791857832025 -0.00063332519711546437 -0.0014441686968543544 -0.0008944589205060634 -0.0026651426822751536 0.00046386358236075897 6.2614403500147351e-05 0.00028100749174953367
leaf_weight=897.59777675569057 581.33482347428799 486.75435298681259 429.75011509656906 666.29392218589783 304.87649773061275 1135.3917533159256 387.07997408509254 273.71790312230587 271.17923393845558
leaf_count=3594 2328 1949 1721 2668 1221 4547 1550 1096 1086
internal_value=-1.78686e-06 0.00145214 -0.00145114 0.000171995 0.000337504 -0.00215017 -0.000707509 -0.0011819 -0.000318314
internal_weight=5433.98 2711.44 2722.53 1813.85 886.211 1836.32 1327.09 940.012 700.929
internal_count=21760 10857 10903 7263 3549 7354 5314 3764 2807
is_linear=0
shrinkage=0.02


Tree=3
num_leaves=10
num_cat=0
split_feature=3 12 30 25 11 9 4 35 11
split_gain=41.4323 12.2784 10.8551 7.90029 7.63218 7.38031 3.35072 2.36981 0.75716
threshold=0.034482751041650779 0.28622342646121984 -20.085000038146969 14.253360748291017 -0.010257999412715433 0.02172809932380915 34.326326370239265 -1.0000000180025095e-35 -0.0084998011589050276
decision_type=2 2 10 2 2 2 2 8 2
left_child=1 2 -1 7 -2 6 -3 -4 -5
right_child=4 5 3 8 -6 -7 -8 -9 -10
leaf_value=-0.00063417125126945478 0.00012017169193989909 0.00023030825625823274 0.00017479212761798213 0.00035459141891888669 -0.0024758442579887745 0.0010060565917660248 -0.0015835251227380113 0.0028624691476183497 -0.00039015550938154334
leaf_weight=273.4471750408411 475.96379433572292 312.40364114940166 261.4681232124567 254.23470166325569 1349.2140303552151 276.70352038741112 517.85335096716881 1455.1931419670582 257.46715916693211
leaf_count=1095 1906 1251 1047 1018 5404 1108 2074 5826 1031
internal_value=-3.77915e-07 0.00118104 0.00179986 0.00219064 -0.00197351 -0.000389711 -0.00112732 0.00264519 -2.87233e-05
internal_weight=5433.95 3608.77 2501.81 2228.36 1825.18 1106.96 830.257 1716.66 511.702
internal_count=21760 14450 10017 8922 7310 4433 3325 6873 2049
is_linear=0
shrinkage=0.02


Tree=4
num_leaves=10
num_cat=0
split_feature=3 12 30 25 11 9 30 35 11
split_gain=40.3719 11.9569 10.6491 7.7071 7.45415 7.28662 3.08084 2.29089 0.75009
threshold=0.034482751041650779 0.28622342646121984 -20.085000038146969 14.253360748291017 -0.010257999412715433 0.02172809932380915 1.0000000180025095e-35 -1.0000000180025095e-35 -0.0084998011589050276
decision_type=2 2 10 2 2 2 8 8 2
left_child=1 2 -1 7 -2 6 -3 -4 -5
right_child=4 5 3 8 -6 -7 -8 -9 -10
leaf_value=-0.00063105309520974083 0.00011930038184836982 -0.0015135427789280307 0.00017396002573709339 0.00035293912616107413 -0.0024454332171600212 0.0010010520731602349 0.00025614397233808441 0.0028259828273137651 -0.00038832211237122959
leaf_weight=273.44138595461845 475.9657064974308 579.78616605699062 261.46961969137192 254.23760403692722 1349.0905329883099 276.71255366504192 250.4439497590065 1455.3149071931839 257.46382838487625
leaf_count=1095 1906 2322 1047 1018 5404 1108 1003 5826 1031
internal_value=-1.25442e-06 0.00116501 0.00177568 0.00216315 -0.00194894 -0.000384884 -0.00111837 0.00261209 -2.85706e-05
internal_weight=5433.93 3608.87 2501.93 2228.49 1825.06 1106.94 830.23 1716.78 511.701
internal_count=21760 14450 10017 8922 7310 4433 3325 6873 2049
is_linear=0
shrinkage=0.02


Tree=5
num_leaves=10
num_cat=0
split_feature=3 5 31 11 9 12 22 41 25
split_gain=39.3468 11.8091 7.51898 7.28034 5.34967 5.26556 3.91545 2.76186 2.0556
threshold=0.034482751041650779 -0.059850536286830895 -0.012612971011549233 -0.010257999412715433 -0.11252538114786147 0.3053926974534989 696.50000000000011 1.7953499555587771 14.199193477630617
decision_type=2 2 8 2 2 2 2 8 2
left_child=1 4 6 -2 -1 8 7 -3 -4
right_child=3 2 5 -5 -6 -7 -8 -9 -10
leaf_value=-1.5091017451505486e-05 0.00011843563500075543 -0.0014339395051318768 0.0017483421265861599 -0.0024153993137609607 0.0030623626718723818 -0.00039967882127686714 0.00050740477800610847 0.00022441114817597566 -3.6828525503479301e-05
leaf_weight=261.48357310891151 475.96761064231396 699.80845756828785 861.01559968292713 1348.9645306915045 487.79799735546112 420.73864893615246 344.67412084341049 270.98000776767731 262.46116033196449
leaf_count=1047 1906 2802 3447 5404 1953 1685 1380 1085 1051
internal_value=-1.88279e-06 0.00114951 0.000289159 -0.00192468 0.00254646 0.00101756 -0.000628506 -0.00108076 0.00149301
internal_weight=5433.89 3608.96 2859.68 1824.93 749.282 1544.22 1315.46 970.788 1123.48
internal_count=21760 14450 11450 7310 3000 6183 5267 3887 4498
is_linear=0
shrinkage=0.02


Tree=6
num_leaves=9
num_cat=0
split_feature=3 12 30 9 11 1 30 38
split_gain=38.5007 11.5373 10.4288 7.21036 7.11063 4.87591 3.03505 2.6577
threshold=0.034482751041650779 0.28622342646121984 -20.085000038146969 0.02172809932380915 -0.010257999412715433 12.127350330352785 1.0000000180025095e-35 191.01999664306643
decision_type=2 2 10 2 2 2 8 8
left_child=1 2 -1 6 -2 7 -3 -4
right_child=4 3 5 -5 -6 -7 -8 -9
leaf_value=-0.00063155619844403347 0.00011757723291409262 -0.0015030458734258995 0.0026450461086828798 0.0009970787017535268 -0.002385738008662631 1.2447188231647853e-05 0.00025392833058725603 0.00011781200902022919
leaf_weight=273.44209064543247 475.96948851644993 579.75901094079018 1569.5372374951839 276.71950542926788 1348.836116194725 392.33978144824505 250.44774976372719 266.7705016285181
leaf_count=1095 1906 2322 6283 1108 5404 1571 1003 1068
internal_value=1.36558e-06 0.00114028 0.0017403 -0.000380727 -0.00190072 0.00212477 -0.00111088 0.00243031
internal_weight=5433.82 3609.02 2502.09 1106.93 1824.81 2228.65 830.207 1836.31
internal_count=21760 14450 10017 4433 7310 8922 3325 7351
is_linear=0
shrinkage=0.02


Tree=7
num_leaves=9
num_cat=0
split_feature=3 5 8 11 25 9 23 38
split_gain=37.5099 11.8316 15.7671 6.94493 5.89293 5.2604 3.69612 2.51028
threshold=0.034482751041650779 -0.059850536286830895 -0.0053519692737609139 -0.010257999412715433 12.609378814697267 -0.11252538114786147 0.8219641149044038 138.23000335693362
decision_type=2 2 2 2 2 2 2 8
left_child=1 5 4 -2 -3 -1 -6 -4
right_child=3 2 7 -5 6 -7 -8 -9
leaf_value=-1.5924661507387508e-05 0.00011672496147188875 0.00052532991921391587 0.0018497158978381884 -0.0023564451790975246 -0.0016815569933905008 0.0030327028872038468 0.00024585035277692897 -4.9127875564030186e-05
leaf_weight=261.48368342220783 475.97134880721569 464.85285325348377 869.97338351607323 1348.7054511606693 982.00513996183872 487.85250772535801 262.46733450889587 280.46785640716553
leaf_count=1047 1906 1861 3483 5404 3932 1953 1051 1123
internal_value=3.3981e-07 0.00112459 0.000270058 -0.00187706 -0.000825478 0.00252113 -0.00133904 0.00156046
internal_weight=5433.78 3609.1 2859.77 1824.68 1709.33 749.336 1244.47 1150.44
internal_count=21760 14450 11450 7310 6844 3000 4983 4606
is_linear=0
shrinkage=0.02


Tree=8
num_leaves=9
num_cat=0
split_feature=3 5 8 11 25 9 23 38
split_gain=36.7344 11.6474 15.4159 6.78314 5.77914 5.18365 3.62977 2.46164
threshold=0.034482751041650779 -0.059850536286830895 -0.0053519692737609139 -0.010257999412715433 12.609378814697267 -0.11252538114786147 0.8219641149044038 138.23000335693362
decision_type=2 2 2 2 2 2 2 8
left_child=1 5 4 -2 -3 -1 -6 -4
right_child=3 2 7 -5 6 -7 -8 -9
leaf_value=-1.5848890521870808e-05 0.00011587896459818654 0.00052157729486384228 0.0018308176209362783 -0.0023275144836565806 -0.001663455665061754 0.0030102854867184855 0.00024467674825748992 -4.8881390901768632e-05
leaf_weight=261.48355433344841 475.97319503128529 464.85984867811203 870.02022378146648 1348.5726394504309 981.95242103934288 487.89313590526581 262.46942839026451 280.46742187440395
leaf_count=1047 1906 1861 3483 5404 3932 1953 1051 1123
internal_value=4.78601e-06 0.00111681 0.000268689 -0.00185369 -0.00081495 0.00250247 -0.00132383 0.00154438
internal_weight=5433.69 3609.15 2859.77 1824.55 1709.28 749.377 1244.42 1150.49
internal_count=21760 14450 11450 7310 6844 3000 4983 4606
is_linear=0
shrinkage=0.02


Tree=9
num_leaves=9
num_cat=0
split_feature=3 5 8 11 25 9 23 40
split_gain=35.9753 11.4661 15.0725 6.62516 5.67421 5.10803 4.28903 2.24827
threshold=0.034482751041650779 -0.059850536286830895 -0.0053519692737609139 -0.010257999412715433 12.509439468383791 -0.11252538114786147 0.8219641149044038 0.034353652969002731
decision_type=2 2 2 2 2 2 2 8
left_child=1 5 4 -2 -3 -1 -6 -4
right_child=3 2 7 -5 6 -7 -8 -9
leaf_value=-1.5773411327168418e-05 0.00011503914734620962 0.00055925518387921018 0.001786420363204989 -0.0022989423944431075 -0.0016579413579315223 0.002988037840387332 0.0003144789461250149 -5.6291521261447018e-05
leaf_weight=261.48342196643353 475.975038215518 408.16900564730167 898.52056151628494 1348.4377833008766 1030.35547503829 487.93124431371689 270.71266743540764 252.01154726743698
leaf_count=1047 1906 1634 3597 5404 4126 1953 1084 1009
internal_value=9.14388e-06 0.00110907 0.000267324 -0.00183062 -0.000804546 0.00248395 -0.00128448 0.00152846
internal_weight=5433.6 3609.18 2859.77 1824.41 1709.24 749.415 1301.07 1150.53
internal_count=21760 14450 11450 7310 6844 3000 5210 4606
is_linear=0
shrinkage=0.02


Tree=10
num_leaves=9
num_cat=0
split_feature=3 5 8 11 25 23 38 15
split_gain=35.2384 11.283 14.7242 6.47091 5.57028 3.49748 2.38819 0.218791
threshold=0.034482751041650779 -0.059850536286830895 -0.0053519692737609139 -0.010257999412715433 12.609378814697267 0.8219641149044038 138.23000335693362 3.2929000854492192
decision_type=2 2 2 2 2 2 8 2
left_child=1 7 4 -2 -3 -6 -4 -1
right_child=3 2 6 -5 5 -7 -8 -9
leaf_value=0.0026988823857871419 0.00011420526684773498 0.00051553858282776279 0.0017946593953721652 -0.0022707244165544476 -0.0016277056429871151 0.00024200745943478777 -5.050222746616484e-05 0.00031221282357010802
leaf_weight=484.17763824760914 475.97684271633625 464.87077863514423 870.10584329068661 1348.3010178357363 981.84422846138477 262.47416470944881 280.47031600773335 265.27254505455494
leaf_count=1938 1906 1861 3483 5404 3932 1051 1123 1062
internal_value=1.35931e-05 0.00110165 0.000266263 -0.00180783 -0.000793607 -0.00129398 0.00151242 0.00246558
internal_weight=5433.49 3609.22 2859.77 1824.28 1709.19 1244.32 1150.58 749.45
internal_count=21760 14450 11450 7310 6844 4983 4606 3000
is_linear=0
shrinkage=0.02


Tree=11
num_leaves=11
num_cat=0
split_feature=12 11 5 25 41 0 41 6 14 31
split_gain=32.4985 12.986 12.499 9.50693 7.11898 5.23076 3.99393 2.20689 1.13224 1.12172
threshold=0.2535811066627503 0.0056318151764571675 -0.030300573445856568 12.486817359924318 -1.7968500256538389 1.0752848982810976 0.63934999704360973 1.3934500217437746 0.22497458010911944 -0.032098097726702683
decision_type=2 2 2 2 10 2 10 2 2 10
left_child=2 4 -1 -4 -2 8 7 -6 -5 -3
right_child=1 9 3 5 6 -7 -8 -9 -10 -11
leaf_value=0.0025865578880973315 0.0011841374052687162 -0.000194147580752311 0.0014441291264840875 -0.0015198776184697682 0.00010638642036227931 0.00050576488293282399 0.00047555960512431835 -0.0016473489057303062 -2.2316543206360851e-05 -0.0024777503599691169
leaf_weight=897.86786423623562 497.70072266459465 250.34462121129036 486.83818750083447 592.6247933357954 250.44132798910141 467.68594712018967 270.41122148931026 350.81070131063461 266.72873803973198 1101.9315331578255
leaf_count=3594 1993 1003 1949 2373 1003 1873 1083 1405 1068 4416
internal_value=1.79465e-05 -0.0013344 0.0013702 0.000140708 0.000121192 -0.000710625 -0.000767806 -0.00127924 -0.00129629 -0.00229156
internal_weight=5433.39 2721.64 2711.75 1813.88 1369.36 1327.04 871.663 601.252 859.354 1352.28
internal_count=21760 10903 10857 7263 5484 5314 3491 2408 3441 5419
is_linear=0
shrinkage=0.02


Tree=12
num_leaves=10
num_cat=0
split_feature=3 12 30 9 11 1 35 4 35
split_gain=33.9967 11.0323 10.1728 7.01178 6.22607 4.72653 4.15547 3.11651 0.000257176
threshold=0.034482751041650779 0.28622342646121984 -20.085000038146969 0.02172809932380915 -0.010257999412715433 12.127350330352785 -1.0000000180025095e-35 34.326326370239265 1.0000000180025095e-35
decision_type=2 2 10 2 2 2 8 2 10
left_child=1 2 -1 7 -2 6 -4 -3 -6
right_child=4 3 5 -5 8 -7 -8 -9 -10
leaf_value=-0.00064232000583526352 0.00011288708375726351 0.00021483987182015411 2.8122131459083016e-05 0.00097406742892903477 -0.0023770647963876823 1.2849107468115217e-06 0.0026354165049862393 -0.001545559389709133 -0.00031640980429648328
leaf_weight=273.45722079277039 475.97919063270092 312.42726403474808 293.96357505023479 276.7568127810955 1057.7020982950926 392.35438103973866 1542.5626087188721 517.75340221822262 290.36927653849125
leaf_count=1095 1906 1251 1177 1108 4240 1571 6174 2074 1164
internal_value=1.87652e-05 0.00108681 0.00167482 -0.000390622 -0.00177104 0.00205734 0.00235811 -0.00110708 -0.00222517
internal_weight=5433.33 3609.28 2502.34 1106.94 1824.05 2228.88 1836.53 830.181 1348.07
internal_count=21760 14450 10017 4433 7310 8922 7351 3325 5404
is_linear=0
shrinkage=0.02


Tree=13
num_leaves=9
num_cat=0
split_feature=3 5 8 11 25 9 23 38
split_gain=33.1788 11.138 14.4697 6.09882 5.36035 5.12887 4.17092 2.33199
threshold=0.034482751041650779 -0.059850536286830895 -0.0053519692737609139 -0.010257999412715433 12.509439468383791 -0.11252538114786147 0.8219641149044038 138.23000335693362
decision_type=2 2 2 2 2 2 2 8
left_child=1 5 4 -2 -3 -1 -6 -4
right_child=3 2 7 -5 6 -7 -8 -9
leaf_value=-3.1423526457035098e-05 0.00011206878330380149 0.00053403554934995363 0.0017640164593340397 -0.0022014504318855709 -0.0016327386226563474 0.0029304391716240847 0.0003109791690714931 -5.2487904131076824e-05
leaf_weight=261.50670458376408 475.98096545040607 408.20576940476894 870.16607454419136 1347.9485996216536 1030.2646678835154 488.01374471187592 270.71623033285141 280.47180062532425
leaf_count=1047 1906 1634 3483 5404 4126 1953 1084 1123
internal_value=1.59496e-05 0.00107134 0.000247221 -0.00175194 -0.000799869 0.002425 -0.00126427 0.00148499
internal_weight=5433.27 3609.34 2859.82 1823.93 1709.19 749.52 1300.98 1150.64
internal_count=21760 14450 11450 7310 6844 3000 5210 4606
is_linear=0
shrinkage=0.02


Tree=14
num_leaves=11
num_cat=0
split_feature=12 5 41 25 10 0 32 16 14 1
split_gain=30.8374 12.173 12.1267 9.30126 5.72886 5.18388 4.68575 2.30418 1.09767 0.00498794
threshold=0.2535811066627503 -0.030300573445856568 -1.8377000093460081 12.486817359924318 0.043234145268797881 1.0752848982810976 0.46454945206642156 1.5716000199317934 0.22497458010911944 11.616974353790285
decision_type=2 2 10 2 2 2 2 2 2 2
left_child=1 9 4 -3 -2 8 7 -4 -5 -1
right_child=2 3 6 5 -6 -7 -8 -9 -10 -11
leaf_value=0.0027298382869467442 0.0011370127234053013 0.0014201994201885652 -0.000743792229554318 -0.0015135321549778031 -0.00080325249453036074 0.00050178010339157998 -0.0025017052788526319 0.00052773483255299895 -2.5809204412838706e-05 0.0003215295380736982
leaf_weight=646.65337079763412 581.28441299498081 486.86757302284241 446.81767553091049 592.60027678310871 304.65161660313606 467.68228721618652 1134.6937450915575 253.86269350349903 266.73061771690845 251.3066508024931
leaf_count=2588 2328 1949 1790 2373 1221 1873 4547 1017 1068 1006
internal_value=2.02611e-05 0.00133713 -0.0012975 0.00012879 0.000402914 -0.000710609 -0.00198784 -0.00024573 -0.00129321 0.00253706
internal_weight=5433.15 2711.84 2721.31 1813.88 885.936 1327.01 1835.37 700.68 859.331 897.96
internal_count=21760 10857 10903 7263 3549 5314 7354 2807 3441 3594
is_linear=0
shrinkage=0.02


Tree=15
num_leaves=11
num_cat=0
split_feature=3 5 31 11 9 12 22 41 25 35
split_gain=32.1133 10.8835 6.97285 5.9596 5.04987 4.78131 3.82427 2.71561 1.92703 0.0987169
threshold=0.034482751041650779 -0.059850536286830895 -0.012612971011549233 -0.010257999412715433 -0.11252538114786147 0.3053926974534989 696.50000000000011 1.7953499555587771 14.199193477630617 1.0000000180025095e-35
decision_type=2 2 8 2 2 2 2 8 2 10
left_child=1 4 6 -2 -1 8 7 -3 -4 -5
right_child=3 2 5 9 -6 -7 -8 -9 -10 -11
leaf_value=-3.3138587560401158e-05 0.00011640923848813987 -0.0014261068596441871 0.0016535703391680654 -0.002314973946083741 0.0028998546937751618 -0.00038966598006167556 0.00049652527671694465 0.000220936398804715 -4.5826328987238722e-05 -0.00029868671001701561
leaf_weight=261.5075551867485 475.97032172977924 699.7615637332201 861.20620763301849 1057.4162098765373 488.05102089047432 420.70468448102474 344.68277820944786 270.97673405706882 262.47279451787472 290.32141308486462
leaf_count=1047 1906 2802 3447 4240 1953 1685 1380 1085 1051 1164
internal_value=2.26603e-05 0.00106013 0.000245185 -0.00171754 0.00239827 0.000951181 -0.000630655 -0.00107623 0.00140589 -0.0021622
internal_weight=5433.07 3609.36 2859.8 1823.71 749.559 1544.38 1315.42 970.738 1123.68 1347.74
internal_count=21760 14450 11450 7310 3000 6183 5267 3887 4498 5404
is_linear=0
shrinkage=0.02


Tree=16
num_leaves=13
num_cat=0
split_feature=12 11 25 41 30 23 41 6 7 31 23 15
split_gain=29.8753 12.1277 9.32244 6.81757 5.95068 3.98615 3.95903 2.17957 1.24747 1.17737 1.16772 0.257141
threshold=0.2535811066627503 0.0056318151764571675 14.216783523559572 -1.7968500256538389 -30.989999771118161 0.75658151507377636 0.63934999704360973 1.3934500217437746 0.019441143609583381 -0.032098097726702683 0.80985805392265331 3.2929000854492192
decision_type=2 2 2 10 10 2 10 2 2 10 2 2
left_child=2 3 4 -2 -1 11 7 -5 -4 -3 -7 -6
right_child=1 9 8 6 5 10 -8 -9 -10 -11 -12 -13
leaf_value=-0.00030419557750291484 0.0011655784694960406 -0.00017406733491245817 -0.0007666249344838894 0.00010960101965370639 0.002717242171051969 -0.00032176768331660901 0.00048223893115990435 -0.0016238333870697876 0.00025795869315145314 -0.0023840214050324165 0.00061788471400479081 0.00030097349224161656
leaf_weight=254.45840112864971 497.72999753057957 250.29308435320854 357.57666313648224 250.4298690110445 979.11791330575943 254.79845376312733 270.3926964700222 350.75347793102264 255.46180860698223 1101.4965070933104 359.6424745619297 250.82425451278687
leaf_count=1019 1993 1003 1432 1003 3919 1020 1083 1405 1023 4416 1440 1004
internal_value=2.45461e-05 -0.0012731 0.00132015 0.00012762 0.00181176 0.00210801 -0.000745069 -0.00125739 -0.000436327 -0.00219858 0.00026647 0.00254669
internal_weight=5432.98 2721.1 2711.88 1369.31 2098.84 1844.38 871.576 601.183 613.038 1351.79 614.441 1229.94
internal_count=21760 10903 10857 5484 8402 7383 3491 2408 2455 5419 2460 4923
is_linear=0
shrinkage=0.02


Tree=17
num_leaves=10
num_cat=0
split_feature=3 5 8 11 9 25 13 11 41
split_gain=31.0181 10.7514 14.1672 5.7451 4.9867 4.57726 3.96614 3.07466 0.078633
threshold=0.034482751041650779 -0.059850536286830895 -0.0078842854127287847 -0.010257999412715433 -0.11252538114786147 12.509439468383791 -0.011660172138363121 0.030792646110057834 -2.5983999967575069
decision_type=2 2 2 2 2 2 2 2 10
left_child=1 4 5 -2 -1 -3 -7 -4 -5
right_child=3 2 7 8 -6 6 -8 -9 -10
leaf_value=-3.5449725908179282e-05 0.00011426931464902271 0.00045544299849123188 0.0017344760094574064 -0.00033040943614037944 0.0028715075626321186 -0.0016832585933873473 0.00019096750668845855 -0.00016685934833276752 -0.0022939786365982458
leaf_weight=261.50979624688625 475.97394996881485 397.98375624418259 953.57836976647377 331.92474834620953 488.08235047757626 856.47011035680771 401.99763797223568 249.79419015347958 1015.5939400196075
leaf_count=1047 1906 1593 3817 1331 1953 3430 1610 1000 4073
internal_value=2.42604e-05 0.00104362 0.00023617 -0.00168634 0.002373 -0.000821727 -0.00124686 0.00143264 -0.00212297
internal_weight=5432.91 3609.42 2859.82 1823.49 749.592 1656.45 1258.47 1203.37 1347.52
internal_count=21760 14450 11450 7310 3000 6633 5040 4817 5404
is_linear=0
shrinkage=0.02


Tree=18
num_leaves=8
num_cat=0
split_feature=3 30 39 11 40 39 35
split_gain=30.4282 8.01369 7.363 5.62991 3.31571 3.60412 0.19807
threshold=0.034482751041650779 -1.0000000180025095e-35 358.86000061035162 -0.010257999412715433 0.039723470807075507 -1286.7850341796873 1.0000000180025095e-35
decision_type=2 10 10 2 10 8 10
left_child=1 -1 4 -2 5 -3 -5
right_child=3 2 -4 6 -6 -7 -8
leaf_value=-0.00071994751734779066 0.0001134410696536829 -8.5127187668740926e-05 -0.00053457001370798803 -0.0022548288707373255 -2.743083118498772e-05 0.0020393062494840127 -0.00028066195910307786
leaf_weight=368.60555721819401 475.97574983537197 282.45834201574326 337.1050963550806 1057.1223521977663 401.16213254630566 2220.1060320883989 290.27071957290173
leaf_count=1476 1906 1131 1350 4240 1606 8887 1164
internal_value=2.60592e-05 0.00103542 0.00134226 -0.0016685 0.0016314 0.00183791 -0.00210077
internal_weight=5432.81 3609.44 3240.83 1823.37 2903.73 2502.56 1347.39
internal_count=21760 14450 12974 7310 11624 10018 5404
is_linear=0
shrinkage=0.02


Tree=19
num_leaves=12
num_cat=0
split_feature=3 12 41 41 11 1 23 16 14 4 41
split_gain=29.6239 10.9735 7.91745 6.37654 5.08579 4.23285 3.03846 2.62029 1.6574 1.08279 0.0453239
threshold=0.033452326431870467 0.13444215059280398 -1.1455500125885008 1.1430000066757204 -0.010257999412715433 11.844035625457765 0.81321439146995556 0.44294999539852148 0.19526149332523349 37.27728462219239 -2.5983999967575069
decision_type=2 2 10 10 2 2 2 2 2 2 10
left_child=1 5 7 6 -2 8 -4 -3 -1 -9 -6
right_child=4 2 3 -5 10 -7 -8 9 -10 -11 -12
leaf_value=0.0025264651129241161 8.0870767913171328e-05 -0.00023836936912661035 -0.0017661099965903726 0.00065315436251431075 -0.00032366598977746561 -6.9358972779397828e-05 0.00013763407347381113 0.0016888804608056519 0.0001734403157242418 7.5732797619124733e-05 -0.0022139464934034288
leaf_weight=939.46398462355137 483.72063679993153 250.52300015091896 670.55037555098534 318.93029975891113 334.6367304623127 300.21322521567345 283.73435443639755 259.32474406063557 270.07359290122986 295.48793642222881 1026.1170188039541
leaf_count=3760 1937 1003 2685 1277 1342 1202 1136 1038 1081 1183 4116
internal_value=2.08411e-05 0.00102369 -2.42824e-05 -0.000829615 -0.00164005 0.00196089 -0.00139958 0.00102196 0.00228765 0.00139307 -0.00205014
internal_weight=5432.78 3588.3 2078.55 1273.22 1844.47 1509.75 954.285 805.336 1209.54 554.813 1360.75
internal_count=21760 14365 8322 5098 7395 6043 3821 3224 4841 2221 5458
is_linear=0
shrinkage=0.02


Tree=20
num_leaves=12
num_cat=0
split_feature=3 12 41 25 41 11 23 16 21 4 35
split_gain=29.0517 10.6938 7.80052 6.35963 6.28085 4.98247 2.98937 2.59571 1.79725 1.07279 0.545523
threshold=0.033452326431870467 0.13444215059280398 -1.1455500125885008 14.253360748291017 1.1430000066757204 -0.010257999412715433 0.81321439146995556 0.44294999539852148 26.384999275207523 37.27728462219239 1.0000000180025095e-35
decision_type=2 2 10 2 10 2 2 2 2 2 10
left_child=1 3 7 8 6 -2 -4 -3 -1 -9 -7
right_child=5 2 4 -5 -6 10 -8 9 -10 -11 -12
leaf_value=0.0026375503230276222 8.0278691009254922e-05 -0.00023727214693387087 -0.0017504485056420256 -0.00017579385564086051 0.00064954849933475552 -0.002197353916346964 0.00013693742478916064 0.0016808788634455362 0.00018301852921907472 7.5337741858484271e-05 -0.00024014109641977828
leaf_weight=891.28712458908558 483.72192180156708 250.52127458155155 670.51346954703331 346.64989046752453 318.93657304346561 1067.6388201862574 283.73550698161125 259.33527262508869 271.86525849997997 295.48857346177101 292.98826852440834
leaf_count=3567 1937 1003 2685 1388 1277 4283 1136 1038 1088 1183 1175
internal_value=2.23643e-05 0.00101526 -2.06049e-05 0.0019404 -0.00082075 -0.00162267 -0.00138683 0.00101708 0.00238131 0.00138644 -0.0020286
internal_weight=5432.68 3588.33 2078.53 1509.8 1273.19 1844.35 954.249 805.345 1163.15 554.824 1360.63
internal_count=21760 14365 8322 6043 5098 7395 3821 3224 4655 2221 5458
is_linear=0
shrinkage=0.02


Tree=21
num_leaves=10
num_cat=0
split_feature=3 5 8 11 25 9 23 38 35
split_gain=28.4878 10.7928 14.0081 5.30134 5.00681 4.93694 4.08618 2.23505 0.215336
threshold=0.034482751041650779 -0.059850536286830895 -0.0053519692737609139 -0.010257999412715433 12.509439468383791 -0.11252538114786147 0.8219641149044038 138.23000335693362 1.0000000180025095e-35
decision_type=2 2 2 2 2 2 2 8 10
left_child=1 5 4 -2 -3 -1 -6 -4 -5
right_child=3 2 7 8 6 -7 -8 -9 -10
leaf_value=-4.2913090415055197e-05 0.00011145053377582229 0.00049221536141429666 0.0017005331474176464 -0.0021859977148869993 -0.0016262955030302082 0.0028266277522466183 0.00030377072397658997 -5.8734070520967447e-05 -0.00026909418498483783
leaf_weight=261.51802805066109 475.98007330298424 408.25697535276413 870.27473346889019 1056.7698911875486 1030.2165373265743 488.12191760540009 270.72470565140247 280.47782897949219 290.23743651807308
leaf_count=1047 1906 1634 3483 4240 4126 1953 1084 1123 1164
internal_value=2.41719e-05 0.00100088 0.000203085 -0.0016155 -0.000818693 0.00233035 -0.00126236 0.00142696 -0.00203511
internal_weight=5432.58 3609.59 2859.95 1822.99 1709.2 749.64 1300.94 1150.75 1347.01
internal_count=21760 14450 11450 7310 6844 3000 5210 4606 5404
is_linear=0
shrinkage=0.02


Tree=22
num_leaves=11
num_cat=0
split_feature=3 12 9 25 4 11 0 21 35 40
split_gain=27.971 10.4699 6.70356 6.21474 5.48098 4.77441 3.74569 1.75799 0.494552 0.00803291
threshold=0.033452326431870467 0.13444215059280398 0.022591499611735347 14.253360748291017 29.779091835021976 -0.010257999412715433 1.0617161393165591 26.384999275207523 1.0000000180025095e-35 -0.026750840246677395
decision_type=2 2 2 2 2 2 2 2 10 10
left_child=1 3 4 7 -3 -2 -6 -1 -7 -4
right_child=5 2 9 -5 6 8 -8 -9 -10 -11
leaf_value=0.0026052753265507441 7.8786190571817415e-05 0.0006541632702330017 0.0012183071733326179 -0.00017449577349466815 -0.0015365137836130319 -0.0021488881067769348 0.00029212494689913196 0.00018039342477067639 -0.00023755656455888062 0.00014821605061693515
leaf_weight=891.33346715569496 483.7250951230526 352.49806594848633 259.09128883481026 346.64393907785416 907.2201873511076 1067.383118852973 288.67044194042683 271.86497861146927 292.98075366020203 271.03488823771477
leaf_count=3567 1937 1411 1037 1388 3633 4283 1156 1088 1175 1085
internal_value=2.70278e-05 0.00100066 -2.31948e-05 0.00191606 -0.000658318 -0.00158783 -0.00115594 0.00235197 -0.00198525 0.001098
internal_weight=5432.45 3588.36 2078.51 1509.84 1548.39 1844.09 1195.89 1163.2 1360.36 530.126
internal_count=21760 14365 8322 6043 6200 7395 4789 4655 5458 2122
is_linear=0
shrinkage=0.02


Tree=23
num_leaves=10
num_cat=0
split_feature=12 5 41 25 10 32 31 16 0
split_gain=27.038 11.6764 11.3282 10.6538 5.33399 4.67845 4.24299 2.25931 1.30607
threshold=0.2535811066627503 -0.038815939798951142 -1.8377000093460081 12.509439468383791 0.043234145268797881 0.46454945206642156 0.051238853484392173 1.5716000199317934 1.0879577994346621
decision_type=2 2 10 2 2 2 10 2 2
left_child=1 -1 4 -3 -2 7 8 -4 -5
right_child=2 3 5 6 -6 -7 -8 -9 -10
leaf_value=0.0025510656331924702 0.0011194372809218245 0.0015121315516950463 -0.00070622430528803084 -0.0013740619286918203 -0.00075844003942731599 -0.0023848328368399432 0.00051613351939629485 0.00054611723519826629 9.7657188206302573e-06
leaf_weight=735.9526514261961 581.28605504333973 546.35889129340649 446.68845660984516 795.17674425244331 304.51490467786789 1134.0829250663519 323.32404428720474 253.80275104939938 311.14148266613483
leaf_count=2945 2328 2187 1790 3184 1221 4547 1295 1017 1246
internal_value=2.93806e-05 0.00126115 -0.00120602 0.000163826 0.000418239 -0.00187604 -0.000719137 -0.000201306 -0.00114767
internal_weight=5432.33 2711.95 2720.38 1976 885.801 1834.57 1429.64 700.491 1106.32
internal_count=21760 10857 10903 7912 3549 7354 5725 2807 4430
is_linear=0
shrinkage=0.02


Tree=24
num_leaves=10
num_cat=0
split_feature=3 5 8 11 9 1 31 38 41
split_gain=27.115 10.4959 13.6847 5.08914 4.89031 4.12268 2.18031 2.17092 0.30335
threshold=0.034482751041650779 -0.059850536286830895 -0.0053519692737609139 -0.010257999412715433 -0.11252538114786147 10.005526542663576 -0.066404361277818666 138.23000335693362 -2.5983999967575069
decision_type=2 2 2 2 2 2 10 8 10
left_child=1 4 5 -2 -1 -3 -7 -4 -5
right_child=3 2 7 8 -6 6 -8 -9 -10
leaf_value=-4.8960660829934108e-05 0.00011457456629099808 0.00045643199825569998 0.0016773157714586524 -0.00028635754498930509 0.0027885231003759469 0.00013703804869992172 -0.0014250599302499253 -5.7489504897559245e-05 -0.0021539584083237594
leaf_weight=261.52282063663006 475.97135527431965 341.54952861368656 870.30951943993568 331.78929091989994 488.14640866219997 268.68971645832062 1098.8953814208508 280.47355180978775 1014.8776679337025
leaf_count=1047 1906 1367 3483 1331 1953 1076 4401 1123 4073
internal_value=3.15519e-05 0.000983474 0.000197596 -0.00156923 0.00229434 -0.000811685 -0.00118207 0.00140772 -0.00198069
internal_weight=5432.23 3609.59 2859.92 1822.64 749.669 1709.13 1367.59 1150.78 1346.67
internal_count=21760 14450 11450 7310 3000 6844 5477 4606 5404
is_linear=0
shrinkage=0.02


Tree=25
num_leaves=11
num_cat=0
split_feature=3 5 8 9 11 9 11 7 19 35
split_gain=26.6303 10.1515 13.2786 4.65832 4.57734 3.52966 2.97305 2.36632 2.18337 0.551828
threshold=0.033452326431870467 -0.059850536286830895 -0.0089245187118649465 -0.11252538114786147 -0.010257999412715433 -0.024269950576126572 0.030792646110057834 0.017636423930525783 -41.31340026855468 1.0000000180025095e-35
decision_type=2 2 2 2 2 2 2 2 8 10
left_child=1 3 5 -1 -2 8 -4 -7 -3 -6
right_child=4 2 6 -5 9 7 -8 -9 -10 -11
leaf_value=-4.0450546480800744e-05 8.1852818774872597e-05 0.0001046893050384866 0.0016597738603946915 0.002753666811134179 -0.0020959492638756259 -0.00053606709122790749 -0.00017806405809517472 0.00075734254572192299 -0.0015759649572430546 -0.00022320525217188082
leaf_weight=260.77315969765186 483.71634370088577 260.46615791320801 956.44567312300205 487.6615075469017 1067.0865110307932 279.98460514843464 250.3038130402565 366.84606350958347 725.86964401602745 292.93731319904327
leaf_count=1044 1937 1043 3828 1951 4283 1121 1002 1469 2907 1175
internal_value=3.41284e-05 0.000983209 0.00020305 0.00227206 -0.00154263 -0.000823473 0.00136115 0.000210009 -0.00128715 -0.001932
internal_weight=5432.09 3588.35 2839.92 748.435 1843.74 1633.17 1206.75 646.831 986.336 1360.02
internal_count=21760 14365 11370 2995 7395 6540 4830 2590 3950 5458
is_linear=0
shrinkage=0.02


Tree=26
num_leaves=11
num_cat=0
split_feature=3 5 8 25 9 19 22 24 38 24
split_gain=26.0988 10.1936 13.1135 4.77605 4.75203 3.60011 3.49683 3.48094 2.14113 1.63211
threshold=0.034482751041650779 -0.059850536286830895 -0.0053519692737609139 12.609378814697267 -0.11252538114786147 95.580650329589858 467.50000000000006 46.997749328613288 138.23000335693362 2.8602499961853032
decision_type=2 2 2 2 2 8 2 2 8 2
left_child=1 4 3 -3 -1 7 -5 -2 -4 -7
right_child=5 2 8 6 -6 9 -8 -9 -10 -11
leaf_value=-4.8536885022107755e-05 -0.0023589430805017672 0.00044577069986738048 0.0016468440137147843 -0.0016864736733875451 0.0027476712180868061 0.00046220167367568878 0.00011300304129941357 -4.7511199503946606e-05 -6.2427387171997767e-05 -0.00059781432523955979
leaf_weight=261.52216368913651 794.76258684694767 464.95302475988865 870.36172379553318 793.37575829029083 488.17425458133221 320.8421860486269 450.72636675834656 353.25201685726643 280.48164236545563 353.51852630078793
leaf_count=1047 3188 1861 3483 3178 1953 1287 1805 1417 1123 1418
internal_value=3.53279e-05 0.000968709 0.000194341 -0.000793867 0.00226052 -0.00153581 -0.00125075 -0.00196844 0.00137877 -0.000115942
internal_weight=5431.97 3609.59 2859.9 1709.06 749.696 1822.38 1244.1 1148.01 1150.84 674.361
internal_count=21760 14450 11450 6844 3000 7310 4983 4605 4606 2705
is_linear=0
shrinkage=0.02


Tree=27
num_leaves=11
num_cat=0
split_feature=12 5 41 25 10 0 32 16 3 14
split_gain=25.8224 11.1686 10.939 8.8446 5.17909 5.15622 4.60651 2.22794 1.18264 1.06972
threshold=0.2535811066627503 -0.030300573445856568 -1.8377000093460081 12.486817359924318 0.043234145268797881 1.0752848982810976 0.46454945206642156 1.5716000199317934 -0.059210646897554391 0.22497458010911944
decision_type=2 2 10 2 2 2 2 2 2 2
left_child=1 8 4 -3 -2 9 7 -4 -1 -5
right_child=2 3 6 5 -6 -7 -8 -9 -10 -11
leaf_value=0.0026484270714241254 0.0011082017079218159 0.0013612007064021144 -0.00069242221207577149 -0.0015132722238598484 -0.00074357021237032568 0.00049685748613097788 -0.0023350441666289126 0.00054943663357307187 0.00022634459823096735 -2.9737490441331359e-05
leaf_weight=632.25797683000565 581.2881676107645 486.89206744730473 446.63241817057133 592.5461168140173 304.46580143272877 467.62571978569031 1133.7939312011003 253.78395092487335 265.86102858185768 266.71547858417034
leaf_count=2530 2328 1949 1790 2373 1221 1873 4547 1017 1064 1068
internal_value=3.62529e-05 0.00123913 -0.00117206 9.54363e-05 0.000418877 -0.000715427 -0.0018313 -0.000187416 0.00238743 -0.00129555
internal_weight=5431.86 2711.9 2719.96 1813.78 885.754 1326.89 1834.21 700.416 898.119 859.262
internal_count=21760 10857 10903 7263 3549 5314 7354 2807 3594 3441
is_linear=0
shrinkage=0.02


Tree=28
num_leaves=10
num_cat=0
split_feature=12 5 41 25 10 32 31 16 8
split_gain=25.3277 10.9738 10.689 10.2282 5.10856 4.50228 4.13905 2.20213 1.93284
threshold=0.2535811066627503 -0.038815939798951142 -1.8377000093460081 12.509439468383791 0.043234145268797881 0.46454945206642156 0.051238853484392173 1.5716000199317934 -0.00257800321560353
decision_type=2 2 10 2 2 2 10 2 2
left_child=1 -1 4 -3 -2 7 8 -4 -5
right_child=2 3 5 6 -6 -7 -8 -9 -10
leaf_value=0.0024801196754708431 0.0010991054259902131 0.0014839144652421777 -0.00068761304124083454 -0.0014787101994954387 -0.00073961290064626032 -0.0023083404512385121 0.00051368718133955457 0.00054687854571624692 2.0807262934340946e-07
leaf_weight=736.00203225016594 581.30883884429932 546.38056348264217 446.61942182481289 644.73123218119144 304.45464982092381 1133.6628727465868 323.3111639469862 253.78956471383572 461.49096314609051
leaf_count=2945 2328 2187 1790 2582 1221 4547 1295 1017 1848
internal_value=3.8404e-05 0.00122941 -0.00115861 0.000163399 0.000414026 -0.0018103 -0.000702497 -0.000185209 -0.00112682
internal_weight=5431.75 2711.92 2719.84 1975.91 885.763 1834.07 1429.53 700.409 1106.22
internal_count=21760 10857 10903 7912 3549 7354 5725 2807 4430
is_linear=0
shrinkage=0.02


Tree=29
num_leaves=11
num_cat=0
split_feature=3 12 41 41 25 11 23 16 21 35
split_gain=25.0184 9.85941 7.27587 6.20271 5.99904 4.50686 2.93427 2.59168 1.84594 0.611646
threshold=0.033452326431870467 0.13444215059280398 -1.1455500125885008 1.1430000066757204 14.253360748291017 -0.010257999412715433 0.81321439146995556 0.44294999539852148 26.384999275207523 1.0000000180025095e-35
decision_type=2 2 10 10 2 2 2 2 2 10
left_child=1 4 7 6 8 -2 -4 -3 -1 -7
right_child=5 2 3 -5 -6 9 -8 -9 -10 -11
leaf_value=0.0025317545584591802 9.7619637810624873e-05 -0.00025192687856951957 -0.0017267538430438048 0.0006527193301566253 -0.0001834751598887928 -0.0020408417725253859 0.00013808283765586761 0.0013466177577729545 0.00015942909304127875 -0.00020787164181988439
leaf_weight=891.38919557631016 483.67568251490593 250.52815878391266 670.40040348470211 318.90884254872799 346.64055480062962 1066.7591955661774 283.72042870521545 554.85331882536411 271.86924663186073 292.88855564594269
leaf_count=3567 1937 1003 2685 1277 1388 4283 1136 2221 1088 1175
internal_value=4.00707e-05 0.00095914 -3.10662e-05 -0.000801451 0.00184749 -0.00148923 -0.00136616 0.00097362 0.00227682 -0.00187636
internal_weight=5431.63 3588.31 2078.41 1273.03 1509.9 1843.32 954.121 805.381 1163.26 1359.65
internal_count=21760 14365 8322 5098 6043 7395 3821 3224 4655 5458
is_linear=0
shrinkage=0.02


Tree=30
num_leaves=11
num_cat=0
split_feature=5 1 11 31 41 12 0 1 4 35
split_gain=24.5539 13.6771 8.69966 4.01198 3.95759 3.55429 3.17413 2.967 2.01212 0.598398
threshold=-0.059850536286830895 10.13852643966675 1.0000000180025095e-35 -0.049631848931312554 0.90575000643730175 0.34223838150501257 1.0719550848007204 10.674423217773439 42.464708328247077 0.014999999664723875
decision_type=2 2 2 10 8 2 2 2 2 8
left_child=5 8 4 -4 6 -1 -3 -5 -2 -6
right_child=1 2 3 7 9 -7 -8 -9 -10 -11
leaf_value=0.0026176174605836589 -0.00012748143387359442 -0.00098991023497739723 0.00012796606938190552 2.5051567902016077e-05 2.6360608589683214e-06 3.8612727863968373e-05 0.00049525691594815794 -0.0021719601223905969 0.001468756021125877 0.0010148057998163713
leaf_weight=510.89412719011307 251.3736720085144 808.69876177608967 309.68018439412117 250.56408563256264 300.15912306308746 285.49397297203541 263.93533457815647 1643.4959681630135 466.08875596523285 341.1324712485075
leaf_count=2044 1006 3239 1241 1004 1202 1143 1057 6592 1866 1366
internal_value=4.06464e-05 -0.000606354 -0.00107132 -0.00171375 4.56112e-05 0.00218762 -0.000566846 -0.00196227 0.0011412 0.000811771
internal_weight=5431.52 4635.13 3917.67 2203.74 1713.93 796.388 1072.63 1894.06 717.462 641.292
internal_count=21760 18573 15701 8837 6864 3187 4296 7596 2872 2568
is_linear=0
shrinkage=0.02


Tree=31
num_leaves=10
num_cat=0
split_feature=3 5 8 9 11 25 13 11 19
split_gain=24.1744 9.61631 12.9074 4.75194 4.73311 3.95089 4.03823 2.89373 0.638886
threshold=0.034482751041650779 -0.059850536286830895 -0.0078842854127287847 -0.11252538114786147 -0.010257999412715433 12.509439468383791 -0.011660172138363121 0.030792646110057834 95.580650329589858
decision_type=2 2 2 2 2 2 2 2 8
left_child=1 3 5 -1 -2 -3 -7 -4 -6
right_child=4 2 7 -5 8 6 -8 -9 -10
leaf_value=-6.4348340847703619e-05 0.00012892235640656993 0.00039891761907992506 0.0016329495858105145 0.0026861459029664486 -0.0021329498927760925 -0.001645302355104096 0.00021515110185714917 -0.00017753644436942611 -0.00035059599491507577
leaf_weight=261.53290957212448 475.93367277085781 398.03531557321548 953.73724965751171 488.18163624405861 852.48837523162365 856.31225071847439 401.92645022273064 249.79504354298115 493.4089340865612
leaf_count=1047 1906 1593 3817 1953 3423 3430 1610 1000 1981
internal_value=4.6535e-05 0.000943363 0.000190598 0.00219817 -0.0014673 -0.000811881 -0.0012019 0.00133787 -0.00186529
internal_weight=5431.35 3609.52 2859.81 749.715 1821.83 1656.27 1258.24 1203.53 1345.9
internal_count=21760 14450 11450 3000 7310 6633 5040 4817 5404
is_linear=0
shrinkage=0.02


Tree=32
num_leaves=11
num_cat=0
split_feature=12 5 41 25 0 11 32 9 3 22
split_gain=23.9352 10.5082 10.3209 8.43667 5.1056 4.87566 4.46646 2.20872 1.22591 0.951874
threshold=0.2535811066627503 -0.030300573445856568 -1.7968500256538389 12.486817359924318 1.0752848982810976 0.0013404589844867589 0.46454945206642156 0.02172809932380915 -0.059210646897554391 736.50000000000011
decision_type=2 2 10 2 2 2 2 2 2 2
left_child=1 8 5 -3 9 -2 7 -4 -1 -5
right_child=2 3 6 4 -6 -7 -8 -9 -10 -11
leaf_value=0.0025777210752782036 0.0011547142049859495 0.0013300017028823391 -0.0006969563355885153 -0.0014769272037885644 0.00050179784865867643 -0.0006307502026991975 -0.0022569024545214069 0.00053486270802473377 0.00021118278553275093 -3.1561681879160081e-05
leaf_weight=632.29416860640049 472.58606646955013 486.91717359423637 399.52877968549728 605.72375622391701 467.59640693664551 421.08807997405529 1129.0988971590996 297.05680310726166 265.86755484342575 253.46381026506424
leaf_count=2530 1892 1949 1601 2426 1873 1689 4530 1191 1064 1015
internal_value=4.74479e-05 0.00120407 -0.00111753 9.39547e-05 -0.000698202 0.000414515 -0.00176248 -0.000165563 0.00231792 -0.00127739
internal_weight=5431.22 2711.86 2719.36 1813.7 1326.78 893.674 1825.68 696.586 898.162 859.188
internal_count=21760 10857 10903 7263 5314 3581 7322 2792 3594 3441
is_linear=0
shrinkage=0.02


Tree=33
num_leaves=11
num_cat=0
split_feature=12 41 41 25 3 27 32 22 23 21
split_gain=23.5197 12.2564 8.16849 7.54471 6.01125 3.38604 3.31959 2.5657 3.10463 1.84872
threshold=0.13444215059280398 -1.1455500125885008 1.1430000066757204 14.253360748291017 0.096218351274728789 0.17999950051307681 0.67198535799980175 873.50000000000011 0.90519332885742199 31.585000038146976
decision_type=2 10 10 2 2 2 2 2 2 2
left_child=3 4 7 9 5 -2 -4 8 -3 -1
right_child=1 2 6 -5 -6 -7 -8 -9 -10 -11
leaf_value=0.0023882162088140232 -0.00028166804923774241 -0.0025184069200323133 0.00085899420106511624 -0.00034884880147235362 -0.00080087115636512081 0.0014530997760389761 -0.00066485474686631292 -8.806986459082275e-05 -6.4231960628652608e-05 0.00011407954993436583
leaf_weight=947.57204993069172 293.13629996776581 1146.9517740011215 413.67018611729145 357.60210281610489 326.53835827112198 829.49791343510151 256.94903340935707 326.03055307269096 281.28394281864166 251.85879458487034
leaf_count=3792 1174 4597 1658 1432 1310 3322 1031 1307 1129 1008
internal_value=4.97519e-05 -0.000776269 -0.0014798 0.00165818 0.000511188 0.00107264 0.000229265 -0.00199661 -0.00223808 0.00215461
internal_weight=5431.09 3874.06 2424.89 1557.03 1449.17 1122.63 670.619 1754.27 1428.24 1199.43
internal_count=21760 15528 9722 6232 5806 4496 2689 7033 5726 4800
is_linear=0
shrinkage=0.02


Tree=34
num_leaves=11
num_cat=0
split_feature=5 1 11 31 41 9 0 35 4 27
split_gain=23.3455 12.9947 8.30353 3.90366 3.80896 3.48631 3.09553 2.90009 2.02153 1.46687
threshold=-0.059850536286830895 10.13852643966675 1.0000000180025095e-35 -0.049631848931312554 0.90575000643730175 -0.10971320420503615 1.0719550848007204 0.034999999217689044 42.464708328247077 0.32250000536441809
decision_type=2 2 2 10 8 2 2 10 2 2
left_child=5 8 4 -4 6 -1 -3 -5 -2 -6
right_child=1 2 3 7 9 -7 -8 -9 -10 -11
leaf_value=3.0673951752285621e-05 -0.00013536966277776701 -0.00097069962796553211 0.00013431579970012427 -0.0021229738231963399 -0.0001397839954894493 0.0025657785048534749 0.00049319608031384921 2.0772196545057949e-05 0.0014478538730423017 0.0011270480556119129
leaf_weight=284.2560661137104 251.37648145854473 808.62448520958424 309.65585100650787 1631.8011099100113 286.9344657510519 512.12985898554325 263.93068604171276 261.83954161405563 466.10460187494755 354.36916224658489
leaf_count=1138 1006 3239 1241 6546 1149 2049 1057 1050 1866 1419
internal_value=4.88664e-05 -0.000583164 -0.00103715 -0.00166493 5.10159e-05 0.0021413 -0.000551465 -0.0019106 0.00111816 0.000801189
internal_weight=5431.02 4634.64 3917.16 2203.3 1713.86 796.386 1072.56 1893.64 717.481 641.304
internal_count=21760 18573 15701 8837 6864 3187 4296 7596 2872 2568
is_linear=0
shrinkage=0.02


Tree=35
num_leaves=12
num_cat=0
split_feature=3 12 41 41 25 11 23 16 21 4 19
split_gain=22.976 9.10632 6.74453 5.95176 5.66529 4.16965 2.92608 2.54306 1.82048 1.13353 0.823288
threshold=0.033452326431870467 0.13444215059280398 -1.1455500125885008 1.1430000066757204 14.253360748291017 -0.010257999412715433 0.81321439146995556 0.44294999539852148 26.384999275207523 37.27728462219239 95.580650329589858
decision_type=2 2 10 10 2 2 2 2 2 2 8
left_child=1 4 7 6 8 -2 -4 -3 -1 -9 -7
right_child=5 2 3 -5 -6 10 -8 9 -10 -11 -12
leaf_value=0.0024558028238610896 0.00010149154161248909 -0.00025687671683968859 -0.0016834485919975839 0.00064954253798782532 -0.00018119134271059014 -0.0020584176673547803 0.00015126188099350219 0.0016144294912335058 0.00014727101967066281 5.2182492910072794e-05 -0.00031683613427833289
leaf_weight=891.4372860044241 483.66008526086807 250.52651822566986 670.2585434615612 318.90165239572525 346.62060521543026 862.45750100910664 283.69082400202751 259.37617813050747 271.86694310605526 295.50312858819962 496.55736628174782
leaf_count=3567 1937 1003 2685 1277 1388 3464 1136 1038 1088 1183 1994
internal_value=5.44478e-05 0.000933325 -2.16e-05 -0.000765205 0.00178699 -0.00141331 -0.00132146 0.000943763 0.00220446 0.00131525 -0.00178615
internal_weight=5430.86 3588.18 2078.26 1272.85 1509.92 1842.67 953.949 805.406 1163.3 554.879 1359.01
internal_count=21760 14365 8322 5098 6043 7395 3821 3224 4655 2221 5458
is_linear=0
shrinkage=0.02


Tree=36
num_leaves=9
num_cat=0
split_feature=5 1 11 5 28 31 1 12
split_gain=22.7335 12.62 7.90756 5.19895 5.63879 4.9994 4.18184 3.44286
threshold=-0.059850536286830895 9.8894615173339862 0.0030743810348212723 0.010117177851498129 167.50000000000003 -0.057795096188783639 10.600627899169924 0.34223838150501257
decision_type=2 2 2 2 2 10 2 2
left_child=7 -2 3 4 -3 -4 -7 -1
right_child=1 2 5 -5 -6 6 -8 -9
leaf_value=0.0025421336720591976 0.001273828319346322 0.00079366402777380086 0.00030290519740516038 0.001014988673203049 -0.0010640441491243699 0.00010152702783313818 -0.0021331366834168712 2.9735457312232403e-05
leaf_weight=510.89237527549267 495.46007609367371 256.45534020662308 252.28033366799355 488.73588408529758 1177.3725228905678 300.50328129529953 1663.5403097271919 285.49164272844791
leaf_count=2044 1983 1027 1011 1958 4715 1204 6675 1143
internal_value=5.51681e-05 -0.000569386 -0.000967566 2.55475e-05 -0.000561043 -0.00160021 -0.00186262 0.00211923
internal_weight=5430.73 4634.35 4138.89 1922.56 1433.83 2216.32 1964.04 796.384
internal_count=21760 18573 16590 7700 5742 8890 7879 3187
is_linear=0
shrinkage=0.02


Tree=37
num_leaves=11
num_cat=0
split_feature=12 5 41 25 0 10 32 16 14 15
split_gain=22.3276 9.93061 9.84223 8.14456 5.09759 4.74036 4.42368 2.14775 1.12691 0.731016
threshold=0.2535811066627503 -0.030300573445856568 -1.8377000093460081 12.486817359924318 1.0752848982810976 0.043234145268797881 0.46454945206642156 1.5716000199317934 0.22497458010911944 2.920450091362
decision_type=2 2 10 2 2 2 2 2 2 2
left_child=1 9 5 -3 8 -2 7 -4 -5 -1
right_child=2 3 6 4 -6 -7 -8 -9 -10 -11
leaf_value=0.0024779914186486693 0.0010790838599047162 0.0013093778061512523 -0.00065035928682466828 -0.0014870969380531207 0.00050906354575040963 -0.0006976693901441436 -0.0021842310834077954 0.00056386931050106837 -1.5536694212100055e-05 0.00022792330642358626
leaf_weight=644.51639050245285 581.30507250130177 486.92153111100197 446.48891222476959 592.45047979056835 467.56231641769409 304.30752512812614 1132.9294756650925 253.73523381352425 266.67609892785549 253.65160921216011
leaf_count=2579 2328 1949 1790 2373 1873 1221 4547 1017 1068 1015
internal_value=6.17305e-05 0.00117702 -0.00106553 9.5653e-05 -0.000683538 0.000425431 -0.00169385 -0.000142027 -0.00126427 0.00225994
internal_weight=5430.54 2711.78 2718.77 1813.61 1326.69 885.613 1833.15 700.224 859.127 898.168
internal_count=21760 10857 10903 7263 5314 3549 7354 2807 3441 3594
is_linear=0
shrinkage=0.02


Tree=38
num_leaves=9
num_cat=0
split_feature=5 1 11 5 28 31 1 9
split_gain=22.0552 12.2232 7.69374 5.11472 5.54905 4.8725 4.0437 3.47726
threshold=-0.059850536286830895 9.8894615173339862 0.0030743810348212723 0.010117177851498129 167.50000000000003 -0.057795096188783639 10.600627899169924 -0.10971320420503615
decision_type=2 2 2 2 2 10 2 2
left_child=7 -2 3 4 -3 -4 -7 -1
right_child=1 2 5 -5 -6 6 -8 -9
leaf_value=2.0094505889412112e-05 0.0012591498903373089 0.0007899982365534746 0.00030250809555431668 0.0010115103913845229 -0.0010516357177972639 0.00010057695337555734 -0.0020951202204532574 0.0025192052886319088
leaf_weight=284.25859135389328 495.47361662983894 256.45902723073959 252.27734097838402 488.73969499766827 1177.3204639405012 300.50182515382767 1663.2638816386461 512.11645920574665
leaf_count=1138 1983 1027 1011 1958 4715 1204 6675 2049
internal_value=6.3523e-05 -0.00055278 -0.000945406 3.15042e-05 -0.000551788 -0.00156953 -0.00182904 0.00209556
internal_weight=5430.41 4634.04 4138.56 1922.52 1433.78 2216.04 1963.77 796.375
internal_count=21760 18573 16590 7700 5742 8890 7879 3187
is_linear=0
shrinkage=0.02


Tree=39
num_leaves=12
num_cat=0
split_feature=3 5 31 9 11 5 9 2 7 24 19
split_gain=21.7768 8.58784 6.63864 4.60502 4.29206 4.00828 3.14204 2.05973 1.78411 1.61742 0.905337
threshold=0.034482751041650779 -0.059850536286830895 -0.012612971011549233 -0.11252538114786147 -0.010257999412715433 -0.011543083935976027 0.032736146822571761 0.83499997854232799 0.024031189270317558 -27.259400367736813 95.580650329589858
decision_type=2 2 8 2 2 2 2 2 2 2 8
left_child=1 3 6 -1 -2 7 8 -4 -3 -7 -6
right_child=4 2 5 -5 10 9 -8 -9 -10 -11 -12
leaf_value=-7.8466253736072806e-05 0.00013362271358477934 -0.0012950169186191163 0.00046387220264295943 0.0025867330500956064 -0.0020252647527435512 -1.3899233860351328e-05 0.00046965469121409455 -0.00078439206635475163 9.6620544414113935e-05 0.0016067590114793523 -0.00029844889478857888
leaf_weight=261.53301206231117 475.91278029978275 721.95430286228657 252.23668742179871 488.15883100032806 851.87985932826996 273.30310621857643 256.0457960665226 285.91570687294006 337.26808302104473 732.83253775537014 493.17906753718853
leaf_count=1047 1906 2891 1010 1953 3423 1094 1025 1145 1351 2934 1981
internal_value=6.99048e-05 0.000918133 0.000200057 0.00210535 -0.0013704 0.000894586 -0.00064557 -0.00027214 -0.00100421 0.00135949 -0.00175023
internal_weight=5430.22 3609.25 2859.56 749.692 1820.97 1544.29 1315.27 538.152 1059.22 1006.14 1345.06
internal_count=21760 14450 11450 3000 7310 6183 5267 2155 4242 4028 5404
is_linear=0
shrinkage=0.02


Tree=40
num_leaves=12
num_cat=0
split_feature=12 5 11 25 0 15 16 31 22 2 15
split_gain=21.5658 9.53904 9.10657 7.92365 5.0453 4.73315 2.74863 1.35348 0.948539 0.880171 0.749829
threshold=0.2535811066627503 -0.030300573445856568 0.0056318151764571675 12.486817359924318 1.0752848982810976 1.8615000247955324 0.43045000731945043 -0.032098097726702683 736.50000000000011 0.80500000715255748 2.920450091362
decision_type=2 2 2 2 2 2 2 10 2 2 2
left_child=1 10 5 -3 8 -2 -7 -4 -5 -8 -1
right_child=2 3 7 4 -6 6 9 -9 -10 -11 -12
leaf_value=0.0024447129498037911 -0.00093491340493760536 0.0012973867394565205 -9.4319350081140607e-05 -0.0014468653350492781 0.00051265992184968778 -0.0003030388282134626 5.257309713737231e-05 -0.0020268344559502844 -2.5624879212031559e-05 0.0013736581810040822 0.00022133729352638153
leaf_weight=644.50968950986862 271.09287016093731 486.92670075595379 250.04360008239746 605.62547387182713 467.54380722343922 383.42516757547855 327.00898820161819 1099.41144490242 253.44289650022984 387.41818399727345 253.6460892111063
leaf_count=2579 1086 1949 1003 2426 1873 1536 1310 4416 1015 1552 1015
internal_value=7.08066e-05 0.00116576 -0.00103838 0.000101871 -0.000668612 0.000152319 0.000709896 -0.00184263 -0.001248 0.00112454 0.00222739
internal_weight=5430.09 2711.69 2718.4 1813.54 1326.61 1368.95 1097.85 1349.46 859.068 714.427 898.156
internal_count=21760 10857 10903 7263 5314 5484 4398 5419 3441 2862 3594
is_linear=0
shrinkage=0.02


Tree=41
num_leaves=11
num_cat=0
split_feature=12 41 5 25 10 32 10 35 9 9
split_gain=21.1608 9.57098 9.4109 9.22415 4.54219 4.38842 4.18924 2.9486 2.21217 0.909268
threshold=0.2535811066627503 -1.7968500256538389 -0.038815939798951142 12.509439468383791 0.06032278202474118 0.46454945206642156 0.036237422376871116 1.0000000180025095e-35 0.02172809932380915 -0.029343230649828907
decision_type=2 10 2 2 2 2 2 10 2 2
left_child=2 4 -1 -4 9 8 7 -5 -3 -2
right_child=1 5 3 6 -6 -7 -8 -9 -10 -11
leaf_value=0.002315538659068386 -1.2052820859591958e-05 -0.00066856603617479384 0.0014159121515172159 -0.0014448489480673892 -0.00071692300123170143 -0.0021383690195842554 0.00052591055476858652 0.00024231138980122279 0.00055983946072268799 0.0012586059431632505
leaf_weight=736.0154781639576 254.23415766656399 399.43117383122444 546.41650368273258 816.74730513989925 252.61453175544739 1128.3603281378746 343.84819573163986 268.66677379608154 296.97081975638866 386.65302343666553
leaf_count=2945 1018 1601 2187 3271 1014 4530 1378 1076 1191 1549
internal_value=7.22489e-05 -0.00102677 0.00115663 0.000163546 0.000429451 -0.0016511 -0.00066092 -0.0011029 -0.000124201 0.00103238
internal_weight=5429.96 2718.26 2711.69 1975.68 893.502 1824.76 1429.26 1085.41 696.402 640.887
internal_count=21760 10903 10857 7912 3581 7322 5725 4347 2792 2567
is_linear=0
shrinkage=0.02


Tree=42
num_leaves=11
num_cat=0
split_feature=3 12 9 0 15 23 19 24 30 24
split_gain=20.8762 8.4257 6.48774 5.0159 4.15536 4.11896 3.65863 3.57574 3.2287 1.69779
threshold=0.033452326431870467 0.13444215059280398 0.022591499611735347 1.0097389817237856 3.2365499734878544 0.75793200731277477 95.580650329589858 46.997749328613288 10.00500011444092 2.8602499961853032
decision_type=2 2 2 2 2 2 8 2 8 2
left_child=1 4 3 8 5 -1 7 -2 -3 -8
right_child=6 2 -4 -5 -6 -7 9 -9 -10 -11
leaf_value=0.0024288921169870791 -0.0021532277536500072 -0.0014992032445635308 0.0010882351712882181 0.0005564591233020214 -0.00017877854407618389 1.2309637606457407e-05 0.00052701254967637624 1.5658329279714763e-05 0.0002681255438849517 -0.00054731487490794093
leaf_weight=909.26982416212559 805.12919507920742 852.4089467972517 530.08110097050667 444.1594477891922 252.59369404613972 348.0168484300375 324.38082040846348 356.87541842460632 251.4049152135849 355.49123147130013
leaf_count=3639 3233 3414 2122 1779 1011 1393 1302 1433 1007 1427
internal_value=7.43796e-05 0.000909554 -1.23687e-05 -0.000639578 0.00173064 0.00203299 -0.00132778 -0.00175892 -0.00115397 -2.58872e-05
internal_weight=5429.81 3587.93 2078.05 1547.97 1509.88 1257.29 1841.88 1162 1103.81 679.872
internal_count=21760 14365 8322 6200 6043 5032 7395 4666 4421 2729
is_linear=0
shrinkage=0.02


Tree=43
num_leaves=9
num_cat=0
split_feature=5 1 11 5 28 31 1 9
split_gain=20.7307 11.5996 7.25631 5.03832 5.45108 4.66608 3.83364 3.38011
threshold=-0.059850536286830895 9.8894615173339862 0.0030743810348212723 0.010117177851498129 167.50000000000003 -0.057795096188783639 10.600627899169924 -0.10971320420503615
decision_type=2 2 2 2 2 10 2 2
left_child=7 -2 3 4 -3 -4 -7 -1
right_child=1 2 5 -5 -6 6 -8 -9
leaf_value=1.4076614850415577e-05 0.0012366007813508701 0.00078510960684188976 0.00030320472658038825 0.001008565568511637 -0.0010392301246949932 0.00010121402303423295 -0.0020291498251333658 0.0024606018790535502
leaf_weight=284.2530135512352 495.47981669008732 256.46056288480759 252.26449808478355 488.7304662168026 1177.2484605759382 300.4818489998579 1662.7121132165194 512.08517253398895
leaf_count=1138 1983 1027 1011 1958 4715 1204 6675 2049
internal_value=7.4286e-05 -0.000524819 -0.000908674 3.72328e-05 -0.000543121 -0.00151494 -0.00176985 0.00204302
internal_weight=5429.72 4633.38 4137.9 1922.44 1433.71 2215.46 1963.19 796.338
internal_count=21760 18573 16590 7700 5742 8890 7879 3187
is_linear=0
shrinkage=0.02


Tree=44
num_leaves=9
num_cat=0
split_feature=5 1 11 5 28 31 1 9
split_gain=20.2936 11.3476 7.10965 4.93165 5.36403 4.56785 3.74151 3.32853
threshold=-0.059850536286830895 9.8894615173339862 0.0030743810348212723 0.010117177851498129 167.50000000000003 -0.057795096188783639 10.600627899169924 -0.10971320420503615
decision_type=2 2 2 2 2 10 2 2
left_child=7 -2 3 4 -3 -4 -7 -1
right_child=1 2 5 -5 -6 6 -8 -9
leaf_value=1.4005289148950667e-05 0.0012273994148379412 0.00078142452702521033 0.00030180027888294936 0.0010011195357662263 -0.0010271066868628733 0.00010067948891064259 -0.0020023185729773768 0.0024419371341116956
leaf_weight=284.25311028957367 495.48950138688087 256.46660475432873 252.26752999424934 488.74792928993702 1177.208338946104 300.4828994423151 1662.5187271684408 512.08146695792675
leaf_count=1138 1983 1027 1011 1958 4715 1204 6675 2049
internal_value=8.0413e-05 -0.000513201 -0.000893452 4.10673e-05 -0.00053413 -0.00149363 -0.0017461 0.00202755
internal_weight=5429.52 4633.18 4137.69 1922.42 1433.67 2215.27 1963 796.335
internal_count=21760 18573 16590 7700 5742 8890 7879 3187
is_linear=0
shrinkage=0.02


Tree=45
num_leaves=11
num_cat=0
split_feature=12 41 5 25 10 32 10 35 16 12
split_gain=20.0479 9.34119 8.9073 8.87141 4.43521 4.34041 4.16607 2.926 2.1229 0.0129081
threshold=0.2535811066627503 -1.7968500256538389 -0.038815939798951142 12.509439468383791 0.06032278202474118 0.46454945206642156 0.036237422376871116 1.0000000180025095e-35 1.1081500053405764 0.13970918953418734
decision_type=2 10 2 2 2 2 2 10 2 2
left_child=2 4 -1 9 -2 8 7 -5 -3 -4
right_child=1 5 3 6 -6 -7 -8 -9 -10 -11
leaf_value=0.0022682105122737708 0.0010338572303530463 -0.000667874995197799 0.0015404454237416673 -0.0014265488630720591 -0.00069875498295256678 -0.0020879219468781709 0.00053360046411258166 0.00024625739221548676 0.00053317911139777636 0.00018262137108831741
leaf_weight=735.99001741409302 640.8562218695879 353.61322511732578 285.19069178402424 816.68364787101746 252.54815591871738 1128.018041446805 343.81768003106117 268.65559943020344 342.70777559280396 261.23182299733162
leaf_count=2945 2567 1418 1141 3271 1014 4530 1378 1076 1374 1046
internal_value=8.64124e-05 -0.000985437 0.00114011 0.000169153 0.000442189 -0.00160422 -0.000641629 -0.00108488 -0.000107523 0.00139565
internal_weight=5429.31 2717.74 2711.57 1975.58 893.404 1824.34 1429.16 1085.34 696.321 546.423
internal_count=21760 10903 10857 7912 3581 7322 5725 4347 2792 2187
is_linear=0
shrinkage=0.02


Tree=46
num_leaves=12
num_cat=0
split_feature=12 41 5 25 41 10 32 10 16 12 9
split_gain=19.7128 9.12463 8.77343 7.8904 4.58678 4.40447 4.21861 3.34542 2.09272 0.600814 0.0313148
threshold=0.2535811066627503 -1.8377000093460081 -0.059850536286830895 12.509439468383791 0.97495001554489147 0.043234145268797881 0.46454945206642156 0.036237422376871116 1.5716000199317934 0.15050844848155978 -0.027126118540763852
decision_type=2 10 2 2 10 2 2 2 2 2 2
left_child=2 5 -1 9 7 10 8 -5 -3 -4 -2
right_child=1 6 3 4 -6 -7 -8 -9 -10 -11 -12
leaf_value=0.0024785117416712579 0.00012968429388361704 -0.00062029698556759693 0.0015820692136203362 -0.0012593056079188232 0.0006986525734995274 -0.00065540519317209168 -0.002060276817337003 0.00037359688570873955 0.00057534456533134574 9.8406284945029153e-05 0.0011708351926037783
leaf_weight=436.61426773667336 250.99275586009026 446.36882802844048 385.66838310658932 1066.4750729352236 317.77749498188496 304.14971250295639 1132.1116714477539 253.26339730620384 253.69062545895576 251.74849084019661 330.29515494406223
leaf_count=1747 1005 1790 1543 4271 1273 1221 4547 1015 1017 1008 1323
internal_value=8.85892e-05 -0.000974659 0.00113312 0.000276981 -0.000476903 0.000441244 -0.00158318 -0.000921939 -0.000108762 0.00138563 0.00106416
internal_weight=5429.16 2717.61 2711.55 2274.93 1637.52 885.438 1832.17 1319.74 700.059 637.417 581.288
internal_count=21760 10903 10857 9110 6559 3549 7354 5286 2807 2551 2328
is_linear=0
shrinkage=0.02


Tree=47
num_leaves=11
num_cat=0
split_feature=3 30 12 9 25 11 7 41 19 3
split_gain=19.6212 7.8912 9.06298 6.28656 5.048 3.9841 2.72545 1.5697 1.12635 0.651433
threshold=0.034482751041650779 -1.0000000180025095e-35 0.28622342646121984 0.020022709853947166 14.253360748291017 -0.010257999412715433 0.014016398228704931 -1.2443000078201292 95.580650329589858 -0.041147911921143525
decision_type=2 10 2 2 2 2 2 10 8 2
left_child=1 -1 4 7 6 -2 -3 -4 -7 -6
right_child=5 2 3 -5 9 8 -8 -9 -10 -11
leaf_value=-0.00078879964575436878 0.00014638237187795285 0.00018363554977132661 9.4955019046982905e-05 0.0010096055824277289 0.00033330307867892776 -0.0019266555517537568 0.0024289481853684391 -0.0012708665473252132 -0.00025047173666412482 -0.00035822801708061599
leaf_weight=368.59479095041752 475.86783520877361 404.54967431724072 304.43002235889435 264.71661247313023 250.46185739338398 851.26418820023537 1291.8515960127115 468.87985493242741 492.94689437747002 255.40649305284023
leaf_count=1476 1906 1619 1219 1060 1003 3423 5170 1880 1981 1023
internal_value=9.35469e-05 0.000895632 0.00121023 -0.000232639 0.00176747 -0.00127738 0.00213172 -0.000962554 -0.00164472 -2.05113e-05
internal_weight=5428.97 3608.89 3240.3 1038.03 2202.27 1820.08 1696.4 773.31 1344.21 505.868
internal_count=21760 14450 12974 4159 8815 7310 6789 3099 5404 2026
is_linear=0
shrinkage=0.02


Tree=48
num_leaves=9
num_cat=0
split_feature=5 1 11 5 28 31 1 12
split_gain=19.2206 10.7825 6.83316 4.854 5.26967 4.40834 3.55878 3.1243
threshold=-0.059850536286830895 9.8894615173339862 0.0030743810348212723 0.010117177851498129 167.50000000000003 -0.057795096188783639 10.600627899169924 0.34223838150501257
decision_type=2 2 2 2 2 10 2 2
left_child=7 -2 3 4 -3 -4 -7 -1
right_child=1 2 5 -5 -6 6 -8 -9
leaf_value=0.0023869826472332849 0.001204978568603498 0.00077869467000366 0.00030279474766884296 0.0010013304945593077 -0.0010120078892315726 9.9656042466525057e-05 -0.0019479754421429399 1.9768100414194122e-05
leaf_weight=510.80113220214844 495.49329023063183 256.46318835020065 252.25243000686169 488.73119802772999 1177.1215888410807 300.4703057706356 1662.0441276580095 285.47321556508541
leaf_count=2044 1983 1027 1011 1958 4715 1204 6675 1143
internal_value=9.06127e-05 -0.000488651 -0.000860497 5.11354e-05 -0.000522034 -0.00144909 -0.00169796 0.00198433
internal_weight=5428.85 4632.58 4137.08 1922.32 1433.58 2214.77 1962.51 796.274
internal_count=21760 18573 16590 7700 5742 8890 7879 3187
is_linear=0
shrinkage=0.02


Tree=49
num_leaves=11
num_cat=0
split_feature=12 11 25 0 20 35 32 14 21 19
split_gain=18.8474 9.93637 6.75765 5.63176 4.27331 4.11092 5.38119 3.32234 1.98448 1.57699
threshold=0.13444215059280398 -0.0067750804591923943 14.253360748291017 0.94636073708534252 189.50000000000003 0.034999999217689044 0.46454945206642156 0.21826180070638659 28.445000648498539 95.580650329589858
decision_type=2 2 2 2 2 10 2 2 2 8
left_child=2 3 8 4 -2 6 7 -3 -1 -6
right_child=1 5 -4 -5 9 -7 -8 -9 -10 -11
leaf_value=0.0022502836282233124 0.0006093070837241781 -0.00076289943439946262 -0.00034565786249034182 0.0013040018604273335 -0.0013303797168612329 0.00029135601120543436 -0.0021495923601407758 0.00070152829677772011 8.9214351668583621e-05 0.00010617323818420828
leaf_weight=930.77831868827343 397.27494834363461 481.28658446669579 357.53322829306126 571.58203515410423 397.75391131639481 281.26859866082668 1150.0657351911068 341.56380476057529 268.57937926054001 250.95314505696297
leaf_count=3725 1591 1930 1432 2289 1593 1129 4621 1370 1075 1005
internal_value=9.63967e-05 -0.000649679 0.00153057 0.000433135 -0.000410297 -0.00133396 -0.00158392 -0.000106974 0.00200268 -0.0010271
internal_weight=5428.64 3871.75 1556.89 1617.56 1045.98 2254.18 1972.92 822.85 1199.36 648.707
internal_count=21760 15528 6232 6478 4189 9050 7921 3300 4800 2598
is_linear=0
shrinkage=0.02


Tree=50
num_leaves=10
num_cat=0
split_feature=5 1 11 41 31 1 9 5 27
split_gain=18.7057 10.4344 6.53245 4.89146 4.30222 3.43702 3.35215 2.73328 1.85709
threshold=-0.059850536286830895 9.8894615173339862 0.0030743810348212723 0.90575000643730175 -0.057795096188783639 10.600627899169924 -0.10971320420503615 0.010117177851498129 0.29850529134273535
decision_type=2 2 2 8 10 2 2 2 2
left_child=6 -2 3 7 -4 -6 -1 -3 -5
right_child=1 2 4 8 5 -7 -8 -9 -10
leaf_value=-1.3456614973142211e-06 0.0011889454659262321 -0.00096587996787923303 0.0003039655547725801 -0.00018663382186106872 9.9261456942914913e-05 -0.0019099941148515824 0.0023797328145395038 0.00041973756374249035 0.0012141296061574448
leaf_weight=284.24732638895512 495.50182448327541 927.85840320587158 252.24606581032276 255.69408595561981 300.46523134410381 1661.7314538657665 512.0070775449276 275.02281013131142 463.73280429840088
leaf_count=1138 1983 3717 1011 1024 1204 6675 2049 1102 1857
internal_value=9.65193e-05 -0.000475834 -0.000842134 4.94215e-05 -0.00141767 -0.0016642 0.00196398 -0.000606169 0.000882841
internal_weight=5428.51 4632.25 4136.75 1922.31 2214.44 1962.2 796.254 1202.88 719.427
internal_count=21760 18573 16590 7700 8890 7879 3187 4819 2881
is_linear=0
shrinkage=0.02


Tree=51
num_leaves=12
num_cat=0
split_feature=3 30 12 9 25 19 24 35 24 41 3
split_gain=18.4551 8.13998 8.52357 6.13549 4.74372 3.71864 3.76573 2.29914 1.65901 1.49095 0.622918
threshold=0.033452326431870467 -1.0000000180025095e-35 0.28622342646121984 0.020022709853947166 14.253360748291017 95.580650329589858 46.997749328613288 -1.0000000180025095e-35 2.8602499961853032 -1.2443000078201292 -0.041147911921143525
decision_type=2 10 2 2 2 8 2 8 2 10 2
left_child=1 -1 4 9 7 6 -2 -3 -7 -4 -6
right_child=5 2 3 -5 10 8 -8 -9 -10 -11 -12
leaf_value=-0.00081722672855095557 -0.002062168955642452 6.6230903259454436e-05 9.3763980696618087e-05 0.0010120686018195405 0.00033175214773297721 0.00055455631337109621 6.2743378865359406e-05 0.0023041840778201309 -0.00050748328486279642 -0.0012372053414441259 -0.00034486844635031296
leaf_weight=367.32754963636398 804.57114918529987 256.27790305018425 302.9207077473402 262.20644594728947 250.45150852203369 324.25560638308525 356.65868385136127 1430.608737796545 355.31554977595806 466.06818045675755 251.63814961910248
leaf_count=1471 3233 1026 1213 1050 1003 1302 1433 5725 1427 1869 1008
internal_value=0.000101392 0.00088312 0.00120606 -0.000208806 0.00174636 -0.00122134 -0.00165605 0.0020995 2.47796e-05 -0.000936539 -9.96166e-06
internal_weight=5428.3 3587.5 3220.17 1031.2 2188.98 1840.8 1161.23 1686.89 679.571 768.989 502.09
internal_count=21760 14365 12894 4132 8762 7395 4666 6751 2729 3082 2011
is_linear=0
shrinkage=0.02


Tree=52
num_leaves=11
num_cat=0
split_feature=5 3 8 40 7 10 31 9 27 11
split_gain=18.2846 8.36498 13.8146 5.17946 3.91209 4.22605 3.78256 3.29829 2.17768 1.09616
threshold=-0.059850536286830895 0.07198916003108026 -0.0053519692737609139 0.034353652969002731 0.031375901773571975 0.016102778725326065 0.0032375982264056806 -0.10971320420503615 0.90974998474121105 0.005209843162447215
decision_type=2 2 2 8 2 2 10 2 2 2
left_child=7 2 4 8 5 -2 -3 -1 -4 -8
right_child=1 6 3 -5 -6 -7 9 -9 -10 -11
leaf_value=-2.3823344515430936e-06 -0.0015779338478378925 0.00018133705369722766 0.00181859298014689 -0.00036904362076571059 0.00043392326076919244 0.00031641496593149711 -0.00013513566681486614 0.0023564052002879713 -2.0593738631087985e-05 -0.0020936621044516787
leaf_weight=284.24271701276302 1243.5330670624971 281.74359717965126 1006.2166764736176 376.67716787755489 275.16041672229767 292.45268613100052 258.67215406894684 511.98282666504383 276.05586460232735 621.45445172488689
leaf_count=1138 4981 1132 4031 1510 1103 1172 1037 2049 1106 2501
internal_value=9.79157e-05 -0.000468286 0.000101515 0.00115336 -0.000921493 -0.00123231 -0.00150037 0.001944 0.00157032 -0.0018654
internal_weight=5428.19 4631.97 3470.1 1658.95 1811.15 1535.99 1161.87 796.226 1282.27 880.127
internal_count=21760 18573 13903 6647 7256 6153 4670 3187 5137 3538
is_linear=0
shrinkage=0.02


Tree=53
num_leaves=10
num_cat=0
split_feature=5 1 11 41 9 35 5 1 27
split_gain=17.987 10.0867 6.30882 4.78948 3.24864 2.92638 2.68015 2.60943 1.84062
threshold=-0.059850536286830895 9.8894615173339862 0.0030743810348212723 0.90575000643730175 -0.10971320420503615 0.034999999217689044 0.010117177851498129 10.674423217773439 0.29850529134273535
decision_type=2 2 2 8 2 10 2 2 2
left_child=4 -2 3 6 -1 7 -3 -4 -5
right_child=1 2 5 8 -6 -7 -8 -9 -10
leaf_value=-2.3702610916342955e-06 0.0011722651214407616 -0.00095466423925325873 -1.6610071737950421e-05 -0.00018701669461515351 0.0023385472879337032 0.00014571845950425493 0.00041662636066012781 -0.0018432448677070906 0.0012054396481687832
leaf_weight=284.24270124733448 495.50504252314568 927.80563355982304 379.55171412229538 255.69018928706646 511.97102102637291 292.9966459274292 275.0232817530632 1541.5461388230324 463.7419553399086
leaf_count=1138 1983 3717 1521 1024 2049 1176 1102 6193 1857
internal_value=9.83775e-05 -0.000463359 -0.000823975 5.11161e-05 0.00192926 -0.00138966 -0.000598152 -0.00159746 0.000875314
internal_weight=5428.07 4631.86 4136.36 1922.26 796.214 2214.09 1202.83 1921.1 719.432
internal_count=21760 18573 16590 7700 3187 8890 4819 7714 2881
is_linear=0
shrinkage=0.02


Tree=54
num_leaves=12
num_cat=0
split_feature=12 41 41 25 3 11 22 23 16 21 15
split_gain=17.7397 10.5745 8.2746 6.45047 5.18852 3.51861 2.77496 3.89944 2.31291 2.00021 0.0636768
threshold=0.13444215059280398 -1.1455500125885008 1.1430000066757204 14.253360748291017 0.096218351274728789 0.0081821954809129255 873.50000000000011 0.90519332885742199 0.34469999372959143 28.445000648498539 1.8615000247955324
decision_type=2 10 10 2 2 2 2 2 2 2 2
left_child=3 4 6 9 8 -4 7 -3 -2 -1 -10
right_child=1 2 5 -5 -6 -7 -8 -9 10 -11 -12
leaf_value=0.0022018766581055511 -0.00019325799654488194 -0.0023735766430028745 0.0010612890544669329 -0.0003386962666688459 -0.00070234062482834464 -0.0005244530779917163 -2.266109596112952e-05 3.5997055142931251e-05 0.00016014627686514939 7.7594761648014531e-05 0.0014552406815588506
leaf_weight=930.74219661951065 261.31817492842674 1145.9808034598827 259.82773913443089 357.49970215559006 326.12721936404705 410.14718353748322 325.76205898821354 280.87079142034054 249.886300355196 268.5691397190094 611.14921560883522
leaf_count=3725 1047 4597 1041 1432 1310 1648 1307 1129 1001 1075 2448
internal_value=0.00010249 -0.000622523 -0.00128336 0.00149295 0.000547397 0.000337608 -0.00181232 -0.0020608 0.00105618 0.00195435 0.00134448
internal_weight=5427.88 3871.07 2422.59 1556.81 1448.48 669.975 1752.61 1426.85 1122.35 1199.31 861.036
internal_count=21760 15528 9722 6232 5806 2689 7033 5726 4496 4800 3449
is_linear=0
shrinkage=0.02


Tree=55
num_leaves=9
num_cat=0
split_feature=5 1 11 5 28 9 35 1
split_gain=17.5568 9.79062 6.13196 4.6545 5.16937 3.19249 2.86068 2.51869
threshold=-0.059850536286830895 9.8894615173339862 0.0030743810348212723 0.010117177851498129 167.50000000000003 -0.10971320420503615 0.034999999217689044 10.674423217773439
decision_type=2 2 2 2 2 2 10 2
left_child=5 -2 3 4 -3 -1 7 -4
right_child=1 2 6 -5 -6 -7 -8 -9
leaf_value=-2.7291527651887462e-06 0.0011575198818188088 0.00077582056993870613 -1.7106020073568864e-05 0.00098281623287053413 -0.00099577017528483156 0.0023167406860823605 0.0001464955942662372 -0.0018135925286511536
leaf_weight=284.23727941513062 495.50909970700741 256.45645838975906 379.5463530421257 488.75426910817623 1177.0142055004835 511.94437269866467 292.99105653166771 1541.3098782151937
leaf_count=1138 1983 1027 1521 1958 4715 2049 1176 6193
internal_value=0.000102676 -0.000452998 -0.000808652 5.29989e-05 -0.000508995 0.001911 -0.00136642 -0.00157209
internal_weight=5427.76 4631.58 4136.07 1922.22 1433.47 796.182 2213.85 1920.86
internal_count=21760 18573 16590 7700 5742 3187 8890 7714
is_linear=0
shrinkage=0.02


Tree=56
num_leaves=12
num_cat=0
split_feature=3 26 12 9 25 19 24 7 27 11 3
split_gain=17.3752 7.42398 8.24566 6.10426 4.47916 3.83685 4.1713 3.47922 1.69618 1.6492 0.628225
threshold=0.034482751041650779 -1.0000000180025095e-35 0.28622342646121984 0.02172809932380915 14.253360748291017 95.580650329589858 46.997749328613288 0.013907318469136955 0.66006407141685497 0.024660641327500347 -0.041147911921143525
decision_type=2 2 2 2 2 8 2 2 2 2 2
left_child=1 -1 4 8 7 6 -2 -3 -4 -7 -6
right_child=5 2 3 -5 10 9 -8 -9 -10 -11 -12
leaf_value=-0.00078203755773420915 -0.0020598799930251549 9.9610538442605013e-05 -0.0012329215688111487 0.0010070084967364616 0.00033596292022660095 0.00055811433536994792 0.00010633302618961016 0.0023594619597782389 0.00014987234035898723 -0.00050308232112099044 -0.00034218464267718988
leaf_weight=353.82747013866901 793.05939549207687 401.29545737802982 523.87684416770935 260.70561744272709 252.42450468242168 352.76439683139324 352.58877009153366 1301.9963254630566 256.23191571235657 320.68889024853706 258.10133245587349
leaf_count=1417 3188 1606 2100 1044 1011 1415 1417 5211 1027 1290 1034
internal_value=0.000107444 0.00086007 0.00116245 -0.000216132 0.00169243 -0.00118547 -0.00162918 0.00203592 -0.000935475 5.31483e-05 -5.48126e-06
internal_weight=5427.56 3608.46 3254.63 1040.81 2213.82 1819.1 1145.65 1703.29 780.109 673.453 510.526
internal_count=21760 14450 13033 4171 8862 7310 4605 6817 3127 2705 2045
is_linear=0
shrinkage=0.02


Tree=57
num_leaves=10
num_cat=0
split_feature=5 1 11 41 31 9 1 0 27
split_gain=17.1339 9.51726 5.96533 4.62556 4.11751 3.14546 3.10858 3.08771 1.82279
threshold=-0.059850536286830895 9.8894615173339862 0.0030743810348212723 0.90575000643730175 -0.057795096188783639 -0.10971320420503615 10.600627899169924 1.0879577994346621 0.29850529134273535
decision_type=2 2 2 8 10 2 2 2 2
left_child=5 -2 3 7 -4 -1 -6 -3 -5
right_child=1 2 4 8 6 -7 -8 -9 -10
leaf_value=-4.2993947381411081e-06 0.0011425542262338167 -0.00097651101709240898 0.00031190088456288344 -0.00018889290752115772 9.2419111172196148e-05 0.0022933690674486118 -0.0018228107547942211 0.0004747170286255693 0.0011920739652515856
leaf_weight=284.23301054537296 495.51197627186775 927.62820610404015 252.21106150746346 255.68885983526707 300.45311911404133 511.91265822947025 1660.9300709068775 275.11912320554256 463.75826002657413
leaf_count=1138 1983 3717 1011 1024 1204 2049 6675 1102 1857
internal_value=0.000104488 -0.000444848 -0.0007957 5.36025e-05 -0.0013459 0.00189061 -0.00158909 -0.000585294 0.00086283
internal_weight=5427.45 4631.3 4135.79 1922.19 2213.59 796.146 1961.38 1202.75 719.447
internal_count=21760 18573 16590 7700 8890 3187 7879 4819 2881
is_linear=0
shrinkage=0.02


Tree=58
num_leaves=9
num_cat=0
split_feature=5 1 11 5 31 12 1 27
split_gain=16.7822 9.31664 5.82891 4.56715 4.03229 3.16859 3.03399 2.75134
threshold=-0.059850536286830895 9.8894615173339862 0.0030743810348212723 0.010117177851498129 -0.057795096188783639 0.2535811066627503 10.600627899169924 0.32999995350837713
decision_type=2 2 2 2 10 2 2 2
left_child=5 -2 3 7 -4 -1 -6 -3
right_child=1 2 4 -5 6 -7 -8 -9
leaf_value=0.0023463657455877283 0.0011340559905125692 -0.0010569254259065696 0.00031045634223504295 0.00097595038633117122 9.1931049021314783e-05 6.2320559327136906e-05 -0.0017987192483077345 0.00021753322530475164
leaf_weight=436.44069947302341 495.51735977828503 588.37425927817822 252.21425215899944 488.76067213714123 300.45405486226082 359.68859416246414 1660.7332072108984 845.04311954975128
leaf_count=1747 1983 2357 1011 1958 1204 1440 6675 3385
internal_value=0.00010913 -0.000435263 -0.000782898 5.55644e-05 -0.00132683 0.00187627 -0.00156777 -0.000501883
internal_weight=5427.23 4631.1 4135.58 1922.18 2213.4 796.129 1961.19 1433.42
internal_count=21760 18573 16590 7700 8890 3187 7879 5742
is_linear=0
shrinkage=0.02


Tree=59
num_leaves=12
num_cat=0
split_feature=3 30 12 9 25 19 24 15 24 21 3
split_gain=16.5594 7.88795 7.80882 6.02146 4.25599 3.6863 3.7545 2.26115 1.62769 1.07193 0.587602
threshold=0.033452326431870467 -1.0000000180025095e-35 0.28622342646121984 -0.029343230649828907 14.253360748291017 95.580650329589858 46.997749328613288 3.413850069046021 2.8602499961853032 33.030000686645515 -0.041147911921143525
decision_type=2 10 2 2 2 8 2 2 2 2 2
left_child=1 -1 4 -4 7 6 -2 -3 -7 -5 -6
right_child=5 2 3 9 10 8 -8 -9 -10 -11 -12
leaf_value=-0.00081488376441181626 -0.0019830917115836897 0.0022258389797133842 -0.0010728459988945101 -8.9490216812463598e-05 0.0003300999519057718 0.00057199627543865731 8.7878989728016531e-05 5.5462024768595864e-05 -0.00048121600232951665 0.0011033470022523415 -0.00032702433732551868
leaf_weight=367.27704119682312 804.06341937184334 1427.9268164783716 524.36902968585491 253.08173869550228 250.4209032356739 324.16454122960567 356.52782934904099 258.84245859086514 355.18640170991421 253.56687498092651 251.59205028414726
leaf_count=1471 3233 5715 2102 1014 1003 1302 1433 1036 1427 1016 1008
internal_value=0.000113072 0.00085169 0.0011711 -0.000189901 0.00168776 -0.00114238 -0.00157607 0.00202223 5.88038e-05 0.000822018 1.21559e-06
internal_weight=5427.02 3587.08 3219.8 1031.02 2188.78 1839.94 1160.59 1686.77 679.351 506.649 502.013
internal_count=21760 14365 12894 4132 8762 7395 4666 6751 2729 2030 2011
is_linear=0
shrinkage=0.02


Tree=60
num_leaves=10
num_cat=0
split_feature=5 1 11 41 31 9 0 1 27
split_gain=16.4637 9.03623 5.62769 4.54397 3.92739 3.1118 3.03358 2.91878 1.78733
threshold=-0.059850536286830895 9.8894615173339862 0.0030743810348212723 0.90575000643730175 -0.057795096188783639 -0.10971320420503615 1.0879577994346621 10.600627899169924 0.29850529134273535
decision_type=2 2 2 8 10 2 2 2 2
left_child=5 -2 3 6 -4 -1 -3 -6 -5
right_child=1 2 4 8 7 -7 -8 -9 -10
leaf_value=-9.5393980774160247e-06 0.0011160940554324223 -0.00096819228546725128 0.00030746338351652773 -0.00018689435210135868 8.8145670401469734e-05 0.002260567543389888 0.00047037078086805897 -0.0017708158051615978 0.0011808138425719785
leaf_weight=284.22786973416805 495.51903286576271 927.5871004909277 252.21556977927685 255.68272653222084 300.4522173255682 511.85862673819065 275.12232223153114 1660.4708245396614 463.77299532294273
leaf_count=1138 1983 3717 1011 1024 1204 2049 1102 6675 1857
internal_value=0.000109754 -0.000429673 -0.000771955 5.26753e-05 -0.00130643 0.00185991 -0.000580457 -0.00154438 0.00085483
internal_weight=5426.91 4630.82 4135.3 1922.17 2213.14 796.086 1202.71 1960.92 719.456
internal_count=21760 18573 16590 7700 8890 3187 4819 7879 2881
is_linear=0
shrinkage=0.02


Tree=61
num_leaves=11
num_cat=0
split_feature=12 41 41 25 27 11 14 21 30 11
split_gain=16.0584 10.1522 8.16619 6.02644 5.71929 3.2602 2.44015 2.06803 1.70611 1.6664
threshold=0.13444215059280398 -1.1455500125885008 1.1430000066757204 14.253360748291017 0.25349999964237219 0.0081821954809129255 1.0497352480888369 28.445000648498539 7.9800000190734872 0.017857125960290435
decision_type=2 10 10 2 2 2 2 2 10 2
left_child=3 4 6 7 -2 -4 8 -1 -3 -6
right_child=1 2 5 -5 9 -7 -8 -9 -10 -11
leaf_value=0.0021319664767637954 -0.00062131041659454079 -0.0021762435574049083 0.001048390773743413 -0.00033044660157204345 0.0014620726947192424 -0.00048539245695736053 1.7638341700671955e-05 5.5939829501724674e-05 -0.00012698514883522662 -3.9700021164556777e-05
leaf_weight=930.66445209085941 496.36015604436398 1194.6607784479856 259.83149540424347 357.45183005928993 638.4886123239994 409.94843539595604 260.91207695007324 268.55419634282589 296.46024996042252 313.35257956385612
leaf_count=3725 1990 4794 1041 1432 2557 1648 1049 1075 1190 1259
internal_value=0.00011422 -0.000577793 -0.00122793 0.00143545 0.00056041 0.000360661 -0.00175598 0.0018819 -0.00196161 0.00117977
internal_weight=5426.68 3870.01 2421.81 1556.67 1448.2 669.78 1752.03 1199.22 1491.12 951.841
internal_count=21760 15528 9722 6232 5806 2689 7033 4800 5984 3816
is_linear=0
shrinkage=0.02


Tree=62
num_leaves=10
num_cat=0
split_feature=5 1 0 5 14 19 9 6 22
split_gain=16.0453 8.7696 5.32647 8.87333 7.30291 3.6711 3.06386 1.49854 1.08895
threshold=-0.059850536286830895 9.8894615173339862 1.0719550848007204 0.054666982963681228 0.62610992789268505 284.36614990234381 -0.10971320420503615 2.9640301465988164 628.50000000000011
decision_type=2 2 2 2 2 8 2 2 2
left_child=6 -2 4 8 5 -3 -1 -5 -4
right_child=1 2 3 7 -6 -7 -8 -9 -10
leaf_value=-1.0460858299841607e-05 0.0011027769585764983 -0.0018292861183657222 0.001246932855037139 7.6531518347289627e-05 0.00052212560892131476 0.000142723965293291 0.0022392116239058554 -0.0013704141553694197 -2.9197227094952352e-05
leaf_weight=284.2237553447485 495.51741637289524 1840.5763632804155 692.42239041626453 263.85149401426315 402.00795088708401 304.31164607405663 511.82527233660221 355.65173375606537 276.17076693475246
leaf_count=1138 1983 7381 2776 1061 1613 1220 2049 1432 1107
internal_value=0.000114432 -0.000418872 -0.00075653 0.000133168 -0.00120735 -0.00158755 0.00184163 -0.00106349 0.00103753
internal_weight=5426.56 4630.51 4134.99 1588.1 2546.9 2144.89 796.049 619.503 968.593
internal_count=21760 18573 16590 6376 10214 8601 3187 2493 3883
is_linear=0
shrinkage=0.02


Tree=63
num_leaves=9
num_cat=0
split_feature=5 1 11 5 28 31 12 1
split_gain=15.7334 8.5954 5.52469 4.46637 5.05463 3.83199 3.13655 2.84662
threshold=-0.059850536286830895 9.8894615173339862 0.0030743810348212723 0.010117177851498129 167.50000000000003 -0.057795096188783639 0.2535811066627503 10.600627899169924
decision_type=2 2 2 2 2 10 2 2
left_child=6 -2 3 4 -3 -4 -1 -7
right_child=1 2 5 -5 -6 7 -8 -9
leaf_value=0.002294738753261698 0.0010945758889026633 0.00077588415610408594 0.00030912579782504691 0.00097372352219539718 -0.00097224102293036756 9.1221870294286222e-05 5.0954155198434366e-05 -0.0017351322967363561
leaf_weight=436.34643462300301 495.52115644514561 256.44481316208839 252.20834714174271 488.74798688292503 1176.8700563013554 300.43879634141922 359.68248976767063 1660.1427391171455
leaf_count=1747 1983 1027 1011 1958 4715 1204 1440 6675
internal_value=0.000117742 -0.000410913 -0.000745589 6.58792e-05 -0.000488068 -0.00127542 0.00182766 -0.00151126
internal_weight=5426.4 4630.37 4134.85 1922.06 1433.31 2212.79 796.029 1960.58
internal_count=21760 18573 16590 7700 5742 8890 3187 7879
is_linear=0
shrinkage=0.02


Tree=64
num_leaves=13
num_cat=0
split_feature=3 30 12 9 22 7 3 11 15 41 6 41
split_gain=15.4779 7.44708 7.43454 6.01508 3.95626 3.93369 3.86522 3.17014 1.69812 1.4137 1.08122 0.775498
threshold=0.034482751041650779 -1.0000000180025095e-35 0.28622342646121984 0.020022709853947166 217.50000000000003 0.014632968232035639 0.07319445908069612 0.030792646110057834 3.2365499734878544 -1.2443000078201292 0.5042099952697755 -0.86865001916885365
decision_type=2 10 2 2 2 2 2 2 2 10 2 10
left_child=1 -1 5 9 6 10 -2 -7 -8 -4 -3 -6
right_child=4 2 3 -5 11 7 8 -9 -10 -11 -12 -13
leaf_value=-0.00078912440528994721 0.00086641178881250445 0.00050605324653459343 9.1129129676866658e-05 0.001014982955643867 -0.00018454102314208084 0.0022621990166088483 -0.0010943719515277869 -2.1599519914911231e-05 0.00019102424547778695 -0.0012029640055062033 -0.00036549899791188536 -0.0018803123166785433
leaf_weight=368.49403223395348 299.01968252658844 290.46429428458214 304.37842583656311 264.67005330324173 335.3329269438982 1318.9293670356274 272.96313297748566 254.98452459275723 315.01027885079384 468.58936111629009 337.48057296872139 595.85420912504196
leaf_count=1476 1201 1163 1219 1060 1347 5280 1098 1021 1267 1880 1351 2397
internal_value=0.000123118 0.000831101 0.00113999 -0.00018439 -0.00110032 0.00164337 -4.48939e-06 0.00201266 -0.000697165 -0.000910175 9.55517e-05 -0.00164697
internal_weight=5426.17 3607.99 3239.5 1037.64 1818.18 2201.86 886.993 1573.91 587.973 772.968 627.945 931.187
internal_count=21760 14450 12974 4159 7310 8815 3566 6301 2365 3099 2514 3744
is_linear=0
shrinkage=0.02


Tree=65
num_leaves=13
num_cat=0
split_feature=12 41 25 24 24 32 10 9 9 18 31 22
split_gain=15.156 8.25943 6.98033 5.84013 5.58721 4.35513 3.97988 2.16237 0.946123 0.838984 0.28257 0.204024
threshold=0.2535811066627503 -1.7968500256538389 12.806716918945314 -16.166350364685055 29.752449989318851 0.46454945206642156 0.06032278202474118 0.02172809932380915 -0.029343230649828907 24.023799896240238 0.00064688437851145874 59.500000000000007
decision_type=2 10 2 2 2 2 2 2 2 2 10 2
left_child=2 6 9 10 -5 7 8 -3 -2 -1 -4 -7
right_child=1 5 3 4 -6 11 -8 -9 -10 -11 -12 -13
leaf_value=0.00020912360633622981 -1.8000078314254455e-05 -0.00059293080663654833 -0.0010973233632383544 0.0013819945684835615 -0.00054643671026997887 -0.00023701798909488383 -0.00062750507118370378 0.00061630115183415233 0.0012607954142841386 0.0020868057861081046 -6.7481517041974786e-05 -0.0020418124420589759
leaf_weight=320.96992622315884 254.17736937105656 399.13035999238491 296.10440926253796 707.18120121955872 404.12493382394314 274.89500676095486 252.24783438444138 296.73313151299953 386.52397729456425 732.60401557385921 249.79746581614017 851.58603891730309
leaf_count=1285 1018 1601 1186 2833 1619 1105 1014 1191 1549 2933 1001 3425
internal_value=0.000119026 -0.000818975 0.0010305 5.40832e-05 0.000746583 -0.00140914 0.000483756 -2.14347e-05 0.00102982 0.00186145 -0.000953202 -0.00189097
internal_weight=5426.08 2715.29 2710.78 1657.21 1111.31 1822.34 892.949 695.863 640.701 1053.57 545.902 1126.48
internal_count=21760 10903 10857 6639 4452 7322 3581 2792 2567 4218 2187 4530
is_linear=0
shrinkage=0.02


Tree=66
num_leaves=9
num_cat=0
split_feature=5 1 11 5 28 31 1 1
split_gain=15.347 8.28782 5.29708 4.42157 4.98362 3.72451 2.72619 2.53316
threshold=-0.059850536286830895 9.8894615173339862 0.0030743810348212723 0.010117177851498129 167.50000000000003 -0.057795096188783639 10.600627899169924 12.20067882537842
decision_type=2 2 2 2 2 10 2 2
left_child=7 -2 3 4 -3 -4 -7 -1
right_child=1 2 5 -5 -6 6 -8 -9
leaf_value=0.0021409121792045913 0.0010738301939502328 0.00076837323515471616 0.00030666207776879647 0.00096617095157907511 -0.00096828306105679245 8.7447637216014686e-05 -0.0017039359647406888 -9.772036909187377e-06
leaf_weight=546.16508463025093 495.51938509941101 256.45061801373959 252.20569117367268 488.75065203011036 1176.8251650780439 300.43565320968628 1659.824131578207 249.79670484364033
leaf_count=2187 1983 1027 1011 1958 4715 1204 6675 1000
internal_value=0.000117503 -0.000404793 -0.00073332 6.21799e-05 -0.000488163 -0.00125212 -0.00148492 0.00180621
internal_weight=5425.97 4630.01 4134.49 1922.03 1433.28 2212.47 1960.26 795.962
internal_count=21760 18573 16590 7700 5742 8890 7879 3187
is_linear=0
shrinkage=0.02


Tree=67
num_leaves=10
num_cat=0
split_feature=5 1 0 5 14 19 1 6 22
split_gain=15.0129 8.10534 5.33611 8.54201 7.15457 3.57561 2.49379 1.53948 1.05239
threshold=-0.059850536286830895 9.8894615173339862 1.0719550848007204 0.054666982963681228 0.62610992789268505 284.36614990234381 12.20067882537842 2.9640301465988164 628.50000000000011
decision_type=2 2 2 2 2 8 2 2 2
left_child=6 -2 4 8 5 -3 -1 -5 -4
right_child=1 2 3 7 -6 -7 -8 -9 -10
leaf_value=0.0021240368269981815 0.0010658452857455591 -0.0017896442495985542 0.001245159759973583 9.3145968804526176e-05 0.0005278211255929174 0.0001460274016132227 -9.7271305862971402e-06 -0.0013368944435475883 -2.352190240596313e-05
leaf_weight=546.14917059242725 495.52199698984623 1840.2407402396202 692.3910139799118 263.77709858119488 401.96410056948662 304.28793585300446 249.79667399823666 355.47641584277153 276.14225827157497
leaf_count=2187 1983 7381 2776 1061 1613 1220 1000 1432 1107
internal_value=0.000122283 -0.000395069 -0.000720501 0.000158787 -0.00117275 -0.00155067 0.00179195 -0.0010235 0.00103954
internal_weight=5425.75 4629.8 4134.28 1587.79 2546.49 2144.53 795.946 619.254 968.533
internal_count=21760 18573 16590 6376 10214 8601 3187 2493 3883
is_linear=0
shrinkage=0.02


Tree=68
num_leaves=10
num_cat=0
split_feature=5 1 11 41 31 9 0 1 27
split_gain=14.7124 7.94345 5.26776 4.31333 3.64626 3.10681 2.82045 2.66893 1.74169
threshold=-0.059850536286830895 9.8894615173339862 0.0030743810348212723 0.90575000643730175 -0.057795096188783639 -0.10971320420503615 1.0879577994346621 10.600627899169924 0.29850529134273535
decision_type=2 2 2 8 10 2 2 2 2
left_child=5 -2 3 6 -4 -1 -3 -6 -5
right_child=1 2 4 8 7 -7 -8 -9 -10
leaf_value=-3.05387131281874e-05 0.0010579199822402549 -0.00092210938976693124 0.00030751524046680756 -0.00018131864799101491 8.9722962254303249e-05 0.0021786498156411436 0.00046027932375809137 -0.0016754979585508608 0.0011741831023360505
leaf_weight=284.22347365319729 495.52430659532547 927.38386273384094 252.20346255600452 255.66493155062199 300.42960004508495 511.7053178101778 275.12587478756905 1659.5628314167261 463.76808473467827
leaf_count=1138 1983 3717 1011 1024 1204 2049 1102 6675 1857
internal_value=0.000125307 -0.000387384 -0.000709935 7.72377e-05 -0.00122765 0.00177779 -0.000546053 -0.00145859 0.000853213
internal_weight=5425.59 4629.66 4134.14 1921.94 2212.2 795.929 1202.51 1959.99 719.433
internal_count=21760 18573 16590 7700 8890 3187 4819 7879 2881
is_linear=0
shrinkage=0.02


Tree=69
num_leaves=13
num_cat=0
split_feature=3 30 12 22 25 3 8 7 41 15 19 3
split_gain=14.506 7.34381 7.01019 3.99111 3.86069 3.74088 3.54928 2.7893 2.4461 1.72968 0.845883 0.551391
threshold=0.034482751041650779 -1.0000000180025095e-35 0.28622342646121984 217.50000000000003 14.253360748291017 0.07319445908069612 -0.01334985066205263 0.014016398228704931 -1.2443000078201292 3.2365499734878544 96.623649597167983 -0.041147911921143525
decision_type=2 10 2 2 2 2 2 2 10 2 10 2
left_child=1 -1 4 5 7 -2 8 -3 -4 -7 -5 -6
right_child=3 2 6 10 11 9 -8 -9 -10 -11 -12 -13
leaf_value=-0.00079052664068708818 0.00086927746766254715 0.00012239448596671715 0.00028420017213801155 -0.0018253094391236185 0.00032203169527896051 -0.0010740342583374571 0.00070292864648522789 0.0022226221533175809 -0.0011978618212452761 0.00020618690450706156 -0.00014736753855264885 -0.00031399388218095702
leaf_weight=368.46486653387547 298.99426692724228 404.51995199918747 284.40121936798096 625.09967863559723 250.394700974226 272.86681613326073 355.39186689257622 1291.51238720119 397.71575917303562 314.93079854547977 305.77856653928757 255.28883147239685
leaf_count=1476 1201 1619 1139 2515 1003 1098 1424 5170 1596 1267 1229 1023
internal_value=0.000129386 0.00081369 0.00112142 -0.00105654 0.00160983 1.91215e-05 -0.000170447 0.00192829 -0.000762991 -0.000669083 -0.00160574 4.37247e-06
internal_weight=5425.36 3607.69 3239.22 1817.67 2201.72 886.792 1037.51 1696.03 682.117 587.798 930.878 505.684
internal_count=21760 14450 12974 7310 8815 3566 4159 6789 2735 2365 3744 2026
is_linear=0
shrinkage=0.02


Tree=70
num_leaves=10
num_cat=0
split_feature=5 1 0 5 14 4 12 6 22
split_gain=14.3643 7.73015 5.2271 8.29253 7.00961 3.55455 3.06889 1.55171 1.02546
threshold=-0.059850536286830895 9.8894615173339862 1.0719550848007204 0.054666982963681228 0.62610992789268505 38.900938034057624 0.2535811066627503 2.9640301465988164 628.50000000000011
decision_type=2 2 2 2 2 2 2 2 2
left_child=6 -2 4 8 5 -3 -1 -5 -4
right_child=1 2 3 7 -6 -7 -8 -9 -10
leaf_value=0.0022192493782585187 0.0010439994954899925 -5.7613168451689411e-05 0.0012347963118865702 0.00010116628690969443 0.00052885951097497404 -0.001869585501568729 3.6088472995919332e-05 -0.0013173750266343269 -2.1706603087734634e-05
leaf_weight=436.19970850646496 495.51974155008793 597.81387528777122 692.3993259370327 263.73947960138321 401.94740748405457 1546.4577303528786 359.67704144120216 355.37343910336494 276.12717185914516
leaf_count=1747 1983 2395 2776 1061 1613 6206 1440 1432 1107
internal_value=0.000125143 -0.000381628 -0.000699889 0.000166396 -0.00114792 -0.00152295 0.00175786 -0.00100146 0.00103189
internal_weight=5425.25 4629.38 4133.86 1587.64 2546.22 2144.27 795.877 619.113 968.526
internal_count=21760 18573 16590 6376 10214 8601 3187 2493 3883
is_linear=0
shrinkage=0.02


Tree=71
num_leaves=13
num_cat=0
split_feature=11 1 3 20 0 14 21 11 41 12 5 39
split_gain=14.1672 8.94975 4.50623 3.6124 3.57213 3.52541 4.65874 4.3226 2.94975 2.05613 1.458 0.564192
threshold=-0.0094541753642261011 10.025397300720217 -0.06008032709360122 364.50000000000006 0.94636073708534252 0.50890091061592113 92.229999542236342 0.023987001739442352 1.2639499902725222 0.29318964481353765 0.057989757508039481 -185.97499847412107
decision_type=2 2 2 2 2 2 2 2 10 2 2 10
left_child=2 -2 9 11 -5 6 8 -7 -3 -1 -9 -4
right_child=1 5 3 4 -6 7 -8 10 -10 -11 -12 -13
leaf_value=0.0020925528236477356 0.00096371458675553398 -0.0020912108272159971 -5.0612752112518577e-06 -0.0011119083237873329 0.00052471276146022017 0.00091455121445184419 0.00027177456151116359 0.00018748922099864722 3.4944616172241942e-05 4.7151357556571444e-05 -0.0010119343333252861 0.00099445585864790949
leaf_weight=639.0813036262989 397.21608655154705 1143.1881805956364 261.88608801364899 468.13480770587921 260.72589322924614 276.89857891201973 279.76126544177532 259.38900054991245 267.90722620487213 273.7912799268961 478.11472715437412 418.99373380839825
leaf_count=2559 1590 4590 1049 1875 1044 1111 1124 1041 1076 1097 1926 1678
internal_value=0.000127723 -0.000688076 0.00111141 0.000163383 -0.000558084 -0.00110149 -0.00150182 -5.60507e-05 -0.00182429 0.00179596 -0.000713864 0.000818403
internal_weight=5425.09 3102.48 2322.61 1409.74 728.861 2705.26 1690.86 1014.4 1411.1 912.873 737.504 680.88
internal_count=21760 12458 9302 5646 2919 10868 6790 4078 5666 3656 2967 2727
is_linear=0
shrinkage=0.02


Tree=72
num_leaves=12
num_cat=0
split_feature=12 41 41 25 18 11 22 23 11 21 13
split_gain=13.9535 9.44042 8.07088 5.60963 4.44039 3.00973 2.99608 4.38171 2.66832 2.16216 0.411563
threshold=0.13444215059280398 -1.1455500125885008 1.1430000066757204 14.253360748291017 72.269451141357436 0.0081821954809129255 873.50000000000011 0.90519332885742199 0.029355997219681743 28.445000648498539 0.11104229465126993
decision_type=2 10 10 2 2 2 2 2 2 2 2
left_child=3 4 6 9 8 -4 7 -3 10 -1 -2
right_child=1 2 5 -5 -6 -7 -8 -9 -10 -11 -12
leaf_value=0.0020460850499472781 0.0014902378932197646 -0.0022708518787440432 0.0010467733656246913 -0.00032921387596648074 -0.00065246103052011531 -0.00043889666467240233 3.2128204783772725e-05 0.0001064763030686446 -0.00021906108368070147 2.7139103951844568e-05 0.00011664583026089974
leaf_weight=930.48172299563885 606.50046974420547 1145.1380250900984 259.79882635176182 357.39828200638294 273.48706048727036 409.69291061162949 325.49332915246487 280.55014705657959 309.91984787583351 268.51566807925701 257.95646402239799
leaf_count=3725 2429 4597 1041 1432 1097 1648 1307 1129 1246 1075 1034
internal_value=0.000130034 -0.000518172 -0.0011485 0.00135934 0.000569772 0.000398093 -0.00167778 -0.00193617 0.0010082 0.00179172 0.00134025
internal_weight=5424.93 3868.54 2420.67 1556.4 1447.86 669.492 1751.18 1425.69 1174.38 1199 864.457
internal_count=21760 15528 9722 6232 5806 2689 7033 5726 4709 4800 3463
is_linear=0
shrinkage=0.02


Tree=73
num_leaves=9
num_cat=0
split_feature=5 1 0 8 14 19 40 9
split_gain=13.887 7.39869 5.10057 8.20869 6.81146 3.50809 3.44763 3.09433
threshold=-0.059850536286830895 9.8894615173339862 1.0719550848007204 0.10101433470845224 0.62610992789268505 284.36614990234381 0.030238889157772068 -0.10971320420503615
decision_type=2 2 2 2 2 8 10 2
left_child=7 -2 4 6 5 -3 -4 -1
right_child=1 2 3 -5 -6 -7 -8 -9
leaf_value=-4.0984703508625818e-05 0.001024486972090208 -0.0017319857073937388 0.0013587949612469963 -0.0010692820054406013 0.00052513732458405783 0.00015825277537350783 -0.00035180425686029507 0.0021352507665453706
leaf_weight=284.20842128992081 495.51427862048149 1839.7599491477013 816.85796068608761 512.50826355814934 401.94943793118 304.24065253138542 258.16361451148987 511.5922449529171
leaf_count=1138 1983 7381 3276 2064 1613 1220 1036 2049
internal_value=0.000129994 -0.00036918 -0.00068099 0.000171643 -0.00112392 -0.0014942 0.000973136 0.00173476
internal_weight=5424.79 4628.99 4133.48 1587.53 2545.95 2144 1075.02 795.801
internal_count=21760 18573 16590 6376 10214 8601 4312 3187
is_linear=0
shrinkage=0.02


Tree=74
num_leaves=13
num_cat=0
split_feature=11 32 35 7 32 9 13 12 13 24 10 21
split_gain=13.7138 6.89612 5.12899 4.48258 4.45461 3.05499 4.74926 2.93878 2.50569 1.74809 0.66939 0.358656
threshold=-0.0094541753642261011 0.46056675910949713 -1.0000000180025095e-35 0.014757621102035047 0.088645562529563918 -0.093732628971338258 0.10170602053403856 0.1681761369109154 0.052327990531921394 1.8192999958992007 -0.041533552110195153 99.125000000000014
decision_type=2 2 8 2 2 2 2 2 2 2 2 2
left_child=2 4 10 -4 -2 -5 -7 -3 9 -6 -1 -9
right_child=1 7 3 5 8 6 -8 11 -10 -11 -12 -13
leaf_value=-0.00058152381688704143 -0.00082217454535059038 0.00016949942300592256 -0.00029405688897595362 -3.0895227270386702e-05 -2.6575297753317118e-05 0.0024538184453962186 -2.914692687246226e-05 -0.0017446283963076271 -0.00026557047140134501 0.0014532782262053133 0.000185893498908374 -0.00017363956914308293
leaf_weight=250.46684727072716 316.32894691824913 267.14029763638973 254.75312422215939 303.34492667019367 380.94472445547581 915.33661361038685 348.95177774131298 1014.8038732111454 381.94659467041492 470.86142295598984 249.63109309971333 270.11704275012016
leaf_count=1003 1268 1070 1020 1215 1526 3666 1398 4085 1535 1887 1000 1087
internal_value=0.000132768 -0.000670845 0.00109988 0.00146856 0.000248176 0.0017582 0.00202935 -0.00135452 0.000744747 0.00110562 -0.000320919 -0.00161385
internal_weight=5424.63 3102.14 2322.48 1822.39 1550.08 1567.63 1264.29 1552.06 1233.75 851.806 500.098 1284.92
internal_count=21760 12458 9302 7299 6216 6279 5064 6242 4948 3413 2003 5172
is_linear=0
shrinkage=0.02


Tree=75
num_leaves=13
num_cat=0
split_feature=5 27 41 41 10 9 12 28 25 32 12 0
split_gain=13.5391 6.14306 5.41176 4.31744 3.83232 3.01857 3.01054 2.68808 2.00154 1.70111 1.09282 0.100994
threshold=-0.059850536286830895 0.28836444020271307 1.1186000108718874 -0.22094999998807904 0.066584911197423949 -0.10971320420503615 0.13626922667026523 157.50000000000003 12.846655368804933 0.33282728493213659 0.12061042711138727 1.0879577994346621
decision_type=2 2 8 10 2 2 2 2 2 2 2 2
left_child=5 7 3 8 9 -1 -5 -2 -3 -4 -9 -12
right_child=1 2 4 6 -6 -7 -8 10 -10 -11 11 -13
leaf_value=-3.9979375881925382e-05 0.00022713079844469423 -0.00040353187672357205 4.4043748914115888e-05 0.00025143497812993922 -0.00036912590369114317 0.0021107533963689558 -0.0014335701618457444 -5.7819733713488718e-05 0.00076164440005916626 0.0017055018089191388 -0.0017500857889584667 -0.00027058756052802859
leaf_weight=284.20667381584644 251.70464082062244 301.54062484204769 360.94719663262367 286.20303891599178 303.80016025900841 511.54555380344391 667.6789373755455 291.02272927761078 681.15667828917503 485.79210230708122 615.2181282043457 383.6953461766243
leaf_count=1138 1010 1209 1446 1146 1222 2049 2683 1165 2733 1948 2469 1542
internal_value=0.000130877 -0.000362333 0.000180964 -0.000424254 0.000949893 0.0017152 -0.00104608 -0.00113154 0.000382211 0.00137215 -0.00138233 -0.00156512
internal_weight=5424.51 4628.76 3087.12 1936.58 1150.54 795.752 953.882 1541.64 982.697 846.739 1289.94 998.913
internal_count=21760 18573 12387 7771 4616 3187 3829 6186 3942 3394 5176 4011
is_linear=0
shrinkage=0.02


Tree=76
num_leaves=9
num_cat=0
split_feature=5 1 0 8 14 19 40 12
split_gain=13.3267 7.20996 4.97567 7.98937 6.6719 3.43554 3.38518 3.05126
threshold=-0.059850536286830895 9.8894615173339862 1.0719550848007204 0.10101433470845224 0.62610992789268505 284.36614990234381 0.030238889157772068 0.2535811066627503
decision_type=2 2 2 2 2 8 10 2
left_child=7 -2 4 6 5 -3 -4 -1
right_child=1 2 3 -5 -6 -7 -8 -9
leaf_value=0.0021617865163580689 0.0010153656111077478 -0.001707622489377262 0.001345256388791965 -0.0010522639106760512 0.00052335319769474214 0.00015875583082495124 -0.00034911885454272016 2.1256591028013698e-05
leaf_weight=436.0579925775528 495.50966100394726 1839.5608635097742 816.88332378864288 512.40772074460983 401.94604915380478 304.23194423317909 258.15042792260647 359.66602903604507
leaf_count=1747 1983 7381 3276 2064 1613 1220 1036 1440
internal_value=0.000130328 -0.00035906 -0.000667433 0.00017316 -0.0011051 -0.00147212 0.000962977 0.00170215
internal_weight=5424.41 4628.69 4133.18 1587.44 2545.74 2143.79 1075.03 795.724
internal_count=21760 18573 16590 6376 10214 8601 4312 3187
is_linear=0
shrinkage=0.02


Tree=77
num_leaves=15
num_cat=0
split_feature=11 12 35 7 24 9 13 31 40 35 41 14 6 31
split_gain=13.2453 6.0672 5.04002 4.39338 3.27809 3.02458 4.58442 2.95668 2.73541 2.52508 1.51227 1.32169 1.33097 0.121011
threshold=-0.0094541753642261011 0.2535811066627503 -1.0000000180025095e-35 0.014757621102035047 -19.382650375366207 -0.093732628971338258 0.10170602053403856 -0.024657810106873509 0.033257026225328452 0.044999999925494201 -0.048399999737739556 1.2946136593818667 1.6650499701499941 -0.010045042261481283
decision_type=2 2 8 2 2 2 2 10 10 8 8 2 2 10
left_child=2 4 10 -4 9 -5 -7 -3 13 -2 -1 12 -9 -6
right_child=1 7 3 5 8 6 -8 11 -10 -11 -12 -13 -14 -15
leaf_value=0.00035150426828989284 -0.001084121553139975 0.0001226131418762569 -0.00029264633299333736 -3.4367799511877274e-05 0.00014341692058222262 0.0024232540196030576 -2.4866062393591272e-05 -0.00019008994056416215 -0.00036067796636353114 0.00037756713423028578 -0.00074813173196264812 -9.4644335402545036e-05 -0.0020957316394831743 0.0012606465580658364
leaf_weight=250.13810765743256 269.17522299289703 369.20385164022446 254.74229398369789 303.33395528793335 292.3308582752943 915.29050397872925 348.9347413033247 369.42814227938652 253.44064526259899 262.87491050362587 249.93881072103977 316.49640780687332 566.93132603168488 401.98001104593277
leaf_count=1002 1079 1483 1020 1215 1171 3666 1398 1485 1016 1053 1001 1275 2285 1611
internal_value=0.000133396 -0.000656791 0.00108356 0.00144942 0.000235969 0.0017364 0.00200629 -0.0012748 0.00074563 -0.00057171 -0.000321411 -0.00157137 -0.00178939 0.00112674
internal_weight=5424.24 3101.86 2322.38 1822.3 1479.8 1567.56 1264.23 1622.06 947.752 532.05 500.077 1252.86 936.359 694.311
internal_count=21760 12458 9302 7299 5930 6279 5064 6528 3798 2132 2003 5045 3770 2782
is_linear=0
shrinkage=0.02


Tree=78
num_leaves=10
num_cat=0
split_feature=5 1 0 5 14 12 14 6 22
split_gain=13.0197 7.03936 4.84599 7.73417 6.5361 3.01885 2.7683 1.57659 1.03742
threshold=-0.059850536286830895 9.8894615173339862 1.0719550848007204 0.054666982963681228 0.62610992789268505 0.2535811066627503 -0.3642068207263946 2.9640301465988164 628.50000000000011
decision_type=2 2 2 2 2 2 2 2 2
left_child=5 -2 4 8 6 -1 -3 -5 -4
right_child=1 2 3 7 -6 -7 -8 -9 -10
leaf_value=0.0021407239908643018 0.0010039920675171197 -0.00014010242123158937 0.0012088794783520734 0.00011679675882697354 0.00051959495521918843 1.8349789061307206e-05 -0.0017910937981520342 -0.0012812437189661855 -3.0707034622022781e-05
leaf_weight=436.00576002895832 495.50745733082294 680.38578125834465 692.42276948690414 263.66674293577671 401.95295798778534 359.66369751095772 1463.2392717599869 355.17664480209351 276.12628597021103
leaf_count=1747 1983 2730 2776 1061 1613 1440 5871 1432 1107
internal_value=0.000130053 -0.00035383 -0.000658643 0.000170914 -0.00109058 0.00168358 -0.00145411 -0.000960065 0.00100439
internal_weight=5424.15 4628.48 4132.97 1587.39 2545.58 795.669 2143.63 618.843 968.549
internal_count=21760 18573 16590 6376 10214 3187 8601 2493 3883
is_linear=0
shrinkage=0.02


Tree=79
num_leaves=11
num_cat=0
split_feature=11 1 35 35 7 14 21 9 13 41
split_gain=12.8937 8.33573 5.23464 4.94777 4.30928 3.83244 3.38161 2.99376 4.46286 1.49853
threshold=-0.0094541753642261011 10.13852643966675 0.034999999217689044 -1.0000000180025095e-35 0.014757621102035047 1.084964454174042 110.31999969482423 -0.093732628971338258 0.10170602053403856 -0.048399999737739556
decision_type=2 2 10 8 2 2 2 2 2 8
left_child=3 -2 5 9 -5 6 -3 -6 -9 -1
right_child=1 2 -4 4 7 -7 -8 8 -10 -11
leaf_value=0.00034967886364831223 0.00088373369577673683 -0.001907603931575162 0.00046166695068719201 -0.00029091559287892292 -3.7215272235303136e-05 0.00010203561758006297 0.00013207684339334286 0.0023966687918212776 -2.2780464405209511e-05 -0.00074507692467078103
leaf_weight=250.13340443372726 470.5775445997715 1541.7630076855421 347.57979068160057 254.73441641032696 303.32787607610226 486.23480696976185 255.50939977169037 915.27096353471279 348.92819845676422 249.92983332276344
leaf_count=1002 1884 6195 1396 1020 1215 1956 1027 3666 1398 1001
internal_value=0.000132182 -0.000647544 -0.00106907 0.0010696 0.00143232 -0.00136386 -0.00166732 0.00171671 0.00198529 -0.000320411
internal_weight=5423.99 3101.66 2631.09 2322.32 1822.26 2283.51 1797.27 1567.53 1264.2 500.063
internal_count=21760 12458 10574 9302 7299 9178 7222 6279 5064 2003
is_linear=0
shrinkage=0.02


Tree=80
num_leaves=11
num_cat=0
split_feature=12 41 41 27 25 22 23 11 21 10
split_gain=12.7936 8.9497 7.92504 5.54968 5.37929 2.98583 4.48024 2.85692 2.20163 1.50949
threshold=0.13444215059280398 -1.1455500125885008 1.1430000066757204 0.25349999964237219 14.253360748291017 873.50000000000011 0.90519332885742199 0.0081821954809129255 28.445000648498539 0.055629039183259017
decision_type=2 10 10 2 2 2 2 2 2 2
left_child=4 3 5 -2 8 6 -3 -4 -1 -5
right_child=1 2 7 9 -6 -7 -8 -9 -10 -11
leaf_value=0.0019905817278766734 -0.00060350844326204707 -0.0022288750582660603 0.0010397476218751227 0.0014115660203189927 -0.00033130453867183341 4.5160978292694339e-05 0.00012763136856416219 -0.00041423887712994906 1.0032938171864531e-05 -6.463760359716861e-05
leaf_weight=930.33326399326324 496.13890843093395 1144.7896028608084 259.78565521538258 701.78131437301636 357.36382132768631 325.41938808560371 280.44745709002018 409.55515976250172 268.48421138525009 249.74161264300346
leaf_count=3725 1990 4597 1041 2812 1432 1307 1129 1648 1075 1004
internal_value=0.000133078 -0.000488778 -0.00110395 0.000566703 0.0013094 -0.00163068 -0.00188899 0.000413454 0.00173425 0.0011745
internal_weight=5423.84 3867.66 2420 1447.66 1556.18 1750.66 1425.24 669.341 1198.82 951.523
internal_count=21760 15528 9722 5806 6232 7033 5726 2689 4800 3816
is_linear=0
shrinkage=0.02


Tree=81
num_leaves=13
num_cat=0
split_feature=3 30 12 9 22 22 3 25 7 15 19 3
split_gain=12.5815 7.22323 6.32584 5.84705 4.14909 3.86168 3.5289 3.52826 2.66675 1.78654 0.983743 0.501153
threshold=0.034482751041650779 -1.0000000180025095e-35 0.28622342646121984 0.020022709853947166 217.50000000000003 97.500000000000014 0.07319445908069612 14.253360748291017 0.014016398228704931 3.2365499734878544 96.623649597167983 -0.041147911921143525
decision_type=2 10 2 2 2 2 2 2 2 2 10 2
left_child=1 -1 7 5 6 -4 -2 8 -3 -8 -6 -9
right_child=4 2 3 -5 10 -7 9 11 -10 -11 -12 -13
leaf_value=-0.00080674572405149399 0.0008828244386388615 0.00010818884470456964 0.00041940943270928679 0.0010182089572548798 -0.0017624959697555174 -0.0013839410880252113 -0.0010333349336144326 0.0003075149670826582 0.002132606962114167 0.00023646764709428486 -0.00011799912148557063 -0.00029885749110696453
leaf_weight=368.40471468865871 298.91562853753567 404.48024354875088 256.36515520513058 264.62463487684727 624.69671189785004 516.31319017708302 272.67401315271854 250.3690582215786 1291.204026773572 314.78106682002544 305.63507129251957 255.23905399441719
leaf_count=1476 1201 1619 1028 1060 2515 2071 1098 1003 5170 1267 1229 1023
internal_value=0.000133047 0.000769029 0.00107755 -0.000154648 -0.000973378 -0.00087785 7.45719e-05 0.00154122 0.00184568 -0.000612924 -0.00153486 4.935e-06
internal_weight=5423.7 3607 3238.6 1037.3 1816.7 772.678 886.371 2201.29 1695.68 587.455 930.332 505.608
internal_count=21760 14450 12974 4159 7310 3099 3566 8815 6789 2365 3744 2026
is_linear=0
shrinkage=0.02


Tree=82
num_leaves=10
num_cat=0
split_feature=5 1 0 8 8 40 22 12 3
split_gain=12.5988 6.70047 4.77537 7.65487 6.60262 3.30169 3.14335 2.90302 1.50717
threshold=-0.059850536286830895 9.8894615173339862 1.0719550848007204 0.10101433470845224 0.076250221580266966 0.030238889157772068 696.50000000000011 0.2535811066627503 0.10312566906213762
decision_type=2 2 2 2 2 10 2 2 2
left_child=7 -2 4 5 6 -4 -3 -1 -6
right_child=1 2 3 -5 8 -7 -8 -9 -10
leaf_value=0.0021060594125580606 0.00097844635101739137 -0.0017905313757376386 0.0013259537105523693 -0.0010250539025490021 0.00084306089420117781 -0.00034594105000865032 -1.9262091942113099e-05 1.9940976125615222e-05 -0.00028660621284858838
leaf_weight=435.90733130276203 495.48832102119923 1510.7096401453018 816.87734693288803 512.23583860695362 254.08597192168236 258.1237116754055 507.22767955064774 359.64718195796013 273.27896778285503
leaf_count=1747 1983 6060 3276 2064 1020 1036 2034 1440 1100
internal_value=0.00012959 -0.000346636 -0.000643901 0.000176663 -0.00107304 0.000948117 -0.00148202 0.00165771 0.00044004
internal_weight=5423.58 4628.03 4132.54 1587.24 2545.3 1075 2017.94 795.555 527.365
internal_count=21760 18573 16590 6376 10214 4312 8094 3187 2120
is_linear=0
shrinkage=0.02


Tree=83
num_leaves=9
num_cat=0
split_feature=5 1 11 5 28 9 21 1
split_gain=12.3812 6.57419 4.69564 4.23451 4.80115 2.96972 2.47953 1.46976
threshold=-0.059850536286830895 9.8894615173339862 0.0030743810348212723 0.010117177851498129 167.50000000000003 -0.10971320420503615 96.630001068115249 10.644625186920168
decision_type=2 2 2 2 2 2 2 2
left_child=5 -2 3 4 -3 -1 7 -4
right_child=1 2 6 -5 -6 -7 -8 -9
leaf_value=-5.4497329593298404e-05 0.00097117345671776092 0.00077108421715381056 -2.5027647712572788e-05 0.00097496999706856271 -0.00092666736133371398 0.0020395785328477124 0.00012803935978396422 -0.001523100128640229
leaf_weight=284.18552820384502 495.48760414123535 256.41386903822422 329.03867596387863 488.65263342857361 1176.5158053189516 511.33468021452427 384.11429731547832 1497.6788756102324
leaf_count=1138 1983 1027 1319 1958 4715 2049 1545 6026
internal_value=0.00013183 -0.000340697 -0.000635427 9.79365e-05 -0.000449895 0.00164641 -0.00112505 -0.00134646
internal_weight=5423.42 4627.9 4132.41 1921.58 1432.93 795.52 2210.83 1826.72
internal_count=21760 18573 16590 7700 5742 3187 8890 7345
is_linear=0
shrinkage=0.02


Tree=84
num_leaves=13
num_cat=0
split_feature=3 30 12 9 22 25 3 15 15 41 3 9
split_gain=12.1642 7.44018 5.99865 5.89235 3.86814 3.37498 3.33723 2.46637 1.7842 1.34464 0.484656 0.388537
threshold=0.033452326431870467 -1.0000000180025095e-35 0.28622342646121984 -0.029343230649828907 217.50000000000003 14.253360748291017 0.07319445908069612 3.413850069046021 3.2365499734878544 -0.86865001916885365 -0.041147911921143525 0.02172809932380915
decision_type=2 10 2 2 2 2 2 2 2 10 2 2
left_child=1 -1 5 -4 6 7 -2 -3 -8 -6 -7 -5
right_child=4 2 3 11 9 10 8 -9 -10 -11 -12 -13
leaf_value=-0.00082903584448002746 0.00085003122440511624 0.0020409814986961437 -0.0010227486720393612 2.8144961484430596e-05 -9.2872305028751065e-05 0.00030633466826083351 -0.001023184869789447 -3.5630853602030008e-06 0.00024087048554046907 -0.0017593320037757858 -0.00029056012250113872 0.001011944245593268
leaf_weight=367.12660525739193 306.89872018992901 1427.3401876837015 524.04534333944321 249.30488507449627 339.06912569701672 250.35362567007542 272.62450031936169 258.75092811882496 314.75576427578926 604.32321052253246 251.47836893796921 257.13844388723373
leaf_count=1471 1233 5715 2102 1000 1363 1003 1098 1036 1267 2434 1008 1030
internal_value=0.0001355 0.000764462 0.00108023 -0.000134653 -0.000946314 0.00153174 6.60919e-05 0.00182965 -0.000601456 -0.0014865 1.15723e-05 0.000847995
internal_weight=5423.21 3585.54 3218.41 1030.49 1837.67 2187.92 894.279 1686.09 587.38 943.392 501.832 506.443
internal_count=21760 14365 12894 4132 7395 8762 3598 6751 2365 3797 2011 2030
is_linear=0
shrinkage=0.02


Tree=85
num_leaves=11
num_cat=0
split_feature=5 1 0 8 8 40 9 31 3 0
split_gain=12.1335 6.36975 4.68242 7.46836 6.49896 3.24026 2.913 2.82854 1.47468 0.021456
threshold=-0.059850536286830895 9.8894615173339862 1.0719550848007204 0.10101433470845224 0.076250221580266966 0.030238889157772068 -0.10971320420503615 -0.065338082611560808 0.10312566906213762 1.4282917976379397
decision_type=2 2 2 2 2 10 2 10 2 2
left_child=6 -2 4 5 7 -4 -1 -3 -6 -5
right_child=1 2 3 9 8 -7 -8 -9 -10 -11
leaf_value=-5.3961294896434197e-05 0.00095504381028822837 0.00012065663125957435 0.0013167738984599944 -0.00012746406838503948 0.00084037032137426553 -0.00034129637220153933 0.0020200463479524838 -0.001671549138783496 -0.00028000733791696864 -0.001115776214845916
leaf_weight=284.177609115839 495.47627222537994 282.19928441941738 816.87844967842102 258.24288068711758 254.08507835865021 258.10217802226543 511.28008192777634 1735.530207619071 273.24477343261242 253.87860068678856
leaf_count=1138 1983 1131 3276 1040 1020 1036 2049 6963 1100 1024
internal_value=0.00013133 -0.000336562 -0.000626565 0.000182736 -0.00105192 0.000942852 0.00163064 -0.00145856 0.000443276 -0.00100677
internal_weight=5423.1 4627.64 4132.16 1587.1 2545.06 1074.98 795.458 2017.73 527.33 512.121
internal_count=21760 18573 16590 6376 10214 4312 3187 8094 2120 2064
is_linear=0
shrinkage=0.02


Tree=86
num_leaves=12
num_cat=0
split_feature=11 1 35 35 7 14 32 21 9 13 41
split_gain=12.039 7.6864 4.91067 4.80827 4.24497 4.22139 4.46389 4.18482 2.92874 4.20068 1.47233
threshold=-0.0094541753642261011 10.025397300720217 0.034999999217689044 -1.0000000180025095e-35 0.014757621102035047 0.53743961453437816 0.54411193728446972 92.229999542236342 -0.093732628971338258 0.10170602053403856 -0.048399999737739556
decision_type=2 2 10 8 2 2 2 2 2 2 8
left_child=3 -2 5 10 -5 7 -7 -3 -6 -10 -1
right_child=1 2 -4 4 8 6 -8 -9 9 -11 -12
leaf_value=0.00034370557020854236 0.00090367256685231184 -0.0020139259914864404 0.00046195320437571874 -0.00029728609647029536 -4.1728456147425032e-05 0.00087536269150089731 -0.00082144047800642589 0.00018382475498682647 0.0023453752488561993 -1.602010110823355e-05 -0.00074315058756740438
leaf_weight=250.10399992763996 397.17573128640652 1288.0876418203115 348.27318452298641 254.7092103511095 303.28318303823471 346.2116431593895 465.19460456073284 255.99139447510242 915.1137488335371 348.89420123398304 249.90022237598896
leaf_count=1002 1590 5176 1399 1020 1215 1390 1874 1029 3666 1398 1001
internal_value=0.000133147 -0.000621093 -0.00100621 0.00103845 0.00139699 -0.00128795 -1.97501e-05 -0.0017125 0.00168053 0.00194633 -0.000323707
internal_weight=5422.94 3100.93 2703.76 2322 1822 2355.49 811.406 1544.08 1567.29 1264.01 500.004
internal_count=21760 12458 10868 9302 7299 9469 3264 6205 6279 5064 2003
is_linear=0
shrinkage=0.02


Tree=87
num_leaves=10
num_cat=0
split_feature=5 1 27 41 14 11 12 2 21
split_gain=11.8125 6.15815 4.59604 5.80467 5.60569 3.72232 2.892 1.30791 0.592595
threshold=-0.059850536286830895 9.8894615173339862 0.29850529134273535 1.1186000108718874 0.53743961453437816 0.017857125960290435 0.2535811066627503 0.6850000023841859 72.15000152587892
decision_type=2 2 2 8 2 2 2 2 2
left_child=6 -2 7 4 -4 -5 -1 -3 -9
right_child=1 2 3 5 -6 -7 -8 8 -10
leaf_value=0.0020599926701002618 0.00094082770455317002 -1.0757718594116451e-06 -0.0011793619991805964 0.0013593604663529562 0.00059541507813947608 -0.00029246175813721158 7.5266668780401288e-06 -0.0016438539879318045 -0.00013564591442687165
leaf_weight=435.76299819350243 495.47146424651146 276.68616826832294 1257.3773110806942 556.82796317338943 456.98252201080322 491.76416489481926 359.63542895019054 805.79169397056103 286.48783464729786
leaf_count=1747 1983 1110 5047 2231 1837 1978 1440 3236 1151
internal_value=0.000133641 -0.000328546 -0.000613949 -5.32809e-05 -0.000665601 0.000798121 0.00161266 -0.00129516 -0.00147953
internal_weight=5422.79 4627.39 4131.92 2762.95 1714.36 1048.59 795.398 1368.97 1092.28
internal_count=21760 18573 16590 11093 6884 4209 3187 5497 4387
is_linear=0
shrinkage=0.02


Tree=88
num_leaves=12
num_cat=0
split_feature=12 41 41 25 18 4 23 22 3 21 40
split_gain=11.6507 8.52382 7.78988 5.02173 4.30829 3.05052 3.03154 3.194 2.91774 2.26037 0.99848
threshold=0.13444215059280398 -1.1455500125885008 1.1430000066757204 14.253360748291017 72.269451141357436 64.275905609130874 0.90519332885742199 828.50000000000011 0.074607796967029585 28.445000648498539 -0.08481405675411223
decision_type=2 10 10 2 2 2 2 2 2 2 10
left_child=3 4 6 9 8 -4 7 -3 -2 10 -1
right_child=1 2 5 -5 -6 -7 -8 -9 -10 -11 -12
leaf_value=0.00016160781106143961 0.0013509499387330478 -0.0021394751415027549 0.00098674071061826698 -0.00032332741779381456 -0.00063975309196165201 -0.00051524788286767852 2.546488000965649e-05 6.0642462828473524e-05 -0.00024788727949448324 -8.9788477607751604e-06 0.0021501974610932707
leaf_weight=266.17136980593204 860.31572042405605 1126.7359890192747 397.56546615064144 357.30372725427151 273.38920415937901 271.60993905365467 372.00683331489563 251.36706383526325 313.74883209168911 268.44778782129288 663.97003351151943
leaf_count=1066 3447 4526 1595 1432 1097 1094 1498 1009 1262 1075 2659
internal_value=0.000135545 -0.00045906 -0.0010611 0.00125734 0.000566711 0.000428687 -0.00158563 -0.00186635 0.000997711 0.00166837 0.0019281
internal_weight=5422.63 3866.74 2419.29 1555.89 1447.45 669.175 1750.11 1378.1 1174.06 1198.59 930.141
internal_count=21760 15528 9722 6232 5806 2689 7033 5535 4709 4800 3725
is_linear=0
shrinkage=0.02


Tree=89
num_leaves=13
num_cat=0
split_feature=5 27 41 14 10 3 9 28 41 32 12 0
split_gain=11.5708 6.06293 5.03881 4.4673 3.60109 3.42597 2.85296 2.65024 2.34659 1.75991 0.854815 0.180277
threshold=-0.059850536286830895 0.28836444020271307 1.1186000108718874 0.23222684860229495 0.066584911197423949 -0.039263010025024407 -0.10971320420503615 157.50000000000003 -0.060350000858306878 0.33282728493213659 0.12061042711138727 1.0879577994346621
decision_type=2 2 8 2 2 2 2 2 10 2 2 2
left_child=6 7 3 5 9 -3 -1 -2 -5 -4 -9 -12
right_child=1 2 4 8 -6 -7 -8 10 -10 -11 11 -13
leaf_value=-5.7516313499829933e-05 0.00023747839865504328 0.00031369344780736419 3.3049968517228014e-05 0.001007269539850831 -0.00034652549081233872 -0.0013149444993580312 0.0019843709909934644 -7.7107327402479997e-05 -0.00035552119506021432 0.0016927903858668699 -0.0016903455796449893 -0.00024996671988476498
leaf_weight=284.16722036898136 251.61999723315239 350.05528564751148 360.89994734525681 397.04965610802174 303.66329716145992 889.2272597849369 511.16984881460667 290.98928202688694 299.51140360534191 485.72839227318764 614.8847314864397 383.53736773133278
leaf_count=1138 1010 1403 1446 1595 1222 3569 2049 1165 1204 1948 2469 1542
internal_value=0.000135136 -0.00032267 0.000210385 -0.000381269 0.000947866 -0.000913286 0.00159872 -0.00108892 0.000546242 0.00135437 -0.00133998 -0.00150422
internal_weight=5422.5 4627.17 3086.14 1935.84 1150.29 1239.28 795.337 1541.03 696.561 846.628 1289.41 998.422
internal_count=21760 18573 12387 7771 4616 4972 3187 6186 2799 3394 5176 4011
is_linear=0
shrinkage=0.02


Tree=90
num_leaves=13
num_cat=0
split_feature=11 1 35 35 14 32 10 14 22 41 16 1
split_gain=11.4917 7.41281 4.9756 4.71628 3.75176 3.95691 3.18855 3.01319 3.7947 1.46671 0.974738 0.888718
threshold=-0.0094541753642261011 10.13852643966675 0.034999999217689044 -1.0000000180025095e-35 0.53743961453437816 0.54411193728446972 -0.046920601278543465 0.032005749642848975 209.50000000000003 -0.048399999737739556 2.4361000061035161 11.844035625457765
decision_type=2 2 10 8 2 2 2 2 2 8 2 2
left_child=3 -2 4 9 10 -6 11 8 -8 -1 -3 -5
right_child=1 2 -4 6 5 -7 7 -9 -10 -11 -12 -13
leaf_value=0.00034214260510068373 0.00083891357817886486 -0.001882061178592967 0.00046998553530105714 0.0021491880190095771 0.00080383718534964021 -0.0007966937441744739 0.00057410716984058834 0.00091054794741331441 -0.0011150713744188805 -0.0007431818696601116 -0.00016108329698044069 0.0001774579825379338
leaf_weight=250.08678396046162 470.52705518901348 1154.4569385051727 347.51711681485176 575.6334944665432 340.22847563028336 464.63503703474998 275.05309741199017 360.58746129274368 336.9836458414793 249.88644979894161 323.1969551295042 273.60436624288559
leaf_count=1002 1884 4642 1396 2307 1366 1872 1102 1444 1350 1001 1298 1096
internal_value=0.000135576 -0.000602091 -0.00100065 0.00101954 -0.00129104 -5.44089e-05 0.00137517 0.000232041 -0.000461928 -0.000325008 -0.00170068 0.00191828
internal_weight=5422.4 3100.56 2630.03 2321.84 2282.52 804.864 1821.86 972.624 612.037 499.973 1477.65 849.238
internal_count=21760 12458 10574 9302 9178 3238 7299 3896 2452 2003 5940 3403
is_linear=0
shrinkage=0.02


Tree=91
num_leaves=14
num_cat=0
split_feature=31 12 25 32 8 3 18 24 11 9 22 23 18
split_gain=11.3459 9.13782 8.14682 4.06854 3.40016 2.43236 2.35128 1.97201 2.09018 1.96435 1.66067 0.533022 0.395483
threshold=-0.065338082611560808 0.2535811066627503 12.797430515289308 0.47215847671031957 -0.0053519692737609139 0.020534047856926921 16.108699798583988 46.997749328613288 -0.011598296929150818 -0.042077846825122826 49.500000000000007 0.6966301202774049 24.023799896240238
decision_type=8 2 2 2 2 2 2 2 2 2 2 2 2
left_child=9 2 12 7 6 -6 -4 8 -3 -1 -5 -12 -2
right_child=1 3 4 10 5 -7 -8 -9 -10 -11 11 -13 -14
leaf_value=7.5776864095252356e-05 0.00013763599356058089 0.00039423044811398431 0.00020722932921704365 -3.2269612474108349e-05 0.00090702069418981427 -0.00044257309276678382 -0.0013648168913759932 0.00068788460388684856 -0.00088525451845234391 0.0019335058406729072 -0.00015746029814945911 -0.0018233027664410826 0.0016386421650081331
leaf_weight=363.82536336779594 250.6817539036274 251.83071422576904 263.73694337904453 320.00092458724976 375.63993053138256 280.85485823452473 445.41981990635395 259.87679380178452 367.37092392146587 465.03291530907154 260.46691742539406 931.49361871182919 586.00689034163952
leaf_count=1458 1004 1009 1057 1287 1504 1128 1785 1043 1477 1864 1047 3750 2347
internal_value=0.000137072 -0.00032253 0.000515302 -0.00102813 -0.00041579 0.000404326 -0.000983687 6.85739e-05 -0.000436494 0.00156681 -0.00146348 -0.00167516 0.00148356
internal_weight=5422.24 4593.38 2202.34 2391.04 1365.65 656.495 709.157 879.078 619.202 828.858 1511.96 1191.96 836.689
internal_count=21760 18438 8825 9613 5474 2632 2842 3529 2486 3322 6084 4797 3351
is_linear=0
shrinkage=0.02


Tree=92
num_leaves=13
num_cat=0
split_feature=5 27 41 14 3 5 12 28 41 32 12 0
split_gain=11.2071 5.96601 4.9611 4.39177 3.33758 3.28469 2.86699 2.61053 2.3162 0.997839 0.814895 0.214998
threshold=-0.059850536286830895 0.28836444020271307 1.1186000108718874 0.23222684860229495 -0.039263010025024407 0.059316782280802734 0.2535811066627503 157.50000000000003 -0.060350000858306878 0.23949173092842105 0.12061042711138727 1.0879577994346621
decision_type=2 2 8 2 2 2 2 2 10 2 2 2
left_child=6 7 3 4 -3 9 -1 -2 -5 -4 -9 -12
right_child=1 2 5 8 -6 -7 -8 10 -10 -11 11 -13
leaf_value=0.0020231582330023628 0.00023805728701478272 0.00030927168520773903 4.8201239600443932e-05 0.0010019664350224566 -0.0012985939879517408 -0.00034741509042166891 0 -7.8542069597266272e-05 -0.00035252691989682964 0.0015203680478486886 -0.0016717609569780901 -0.00024207891436157808
leaf_weight=435.6401119530201 251.60578289628029 350.05251076817513 277.77315485477448 397.05342334508896 889.12716060876846 258.92075143754482 359.62269139289856 290.98165409266949 299.48896992206573 613.55691859126091 614.78750565648079 383.49248725175858
leaf_count=1747 1010 1403 1113 1595 3569 1043 1440 1165 1204 2460 2469 1542
internal_value=0.000137753 -0.000313422 0.000214175 -0.000374081 -0.000902203 0.000945297 0.00157778 -0.00107394 0.000544208 0.00130797 -0.00132353 -0.00148429
internal_weight=5422.1 4626.84 3085.97 1935.72 1239.18 1150.25 795.263 1540.87 696.542 891.33 1289.26 998.28
internal_count=21760 18573 12387 7771 4972 4616 3187 6186 2799 3573 5176 4011
is_linear=0
shrinkage=0.02


Tree=93
num_leaves=11
num_cat=0
split_feature=3 0 39 15 31 12 1 11 22 23
split_gain=11.1412 6.71428 7.05866 6.1419 4.3259 3.7737 2.18544 1.92623 1.92046 1.89387
threshold=0.07198916003108026 0.78081402182579052 552.42001342773449 3.2135499715805058 -0.0034260008251294489 0.14875411242246631 12.294312953948976 0.005209843162447215 221.50000000000003 0.7710881531238557
decision_type=2 2 10 2 10 2 2 2 2 2
left_child=1 5 3 6 -2 -1 -3 -6 -7 -5
right_child=4 2 -4 9 7 8 -8 -9 -10 -11
leaf_value=0.00051723222701958299 0.00038371639939130961 0.0019884734014648793 -0.00068950171699353597 -0.00058255711856238207 -7.6787181052172036e-06 9.7377832686382316e-05 3.0699235151945095e-05 -0.0018291433314308494 -0.0013583320075977823 0.00054080892634165132
leaf_weight=479.02772799134254 254.41338999569416 1659.9201319515705 286.76567834615707 495.70131304860115 285.65071511268616 361.85150760412216 281.76583367586136 641.45662958920002 404.21504907310009 271.22596690058708
leaf_count=1919 1024 6653 1151 1987 1146 1451 1130 2590 1621 1088
internal_value=0.000138074 0.00062241 0.00105618 0.00136058 -0.00113664 -0.000425568 0.00179973 -0.00153871 -0.000978174 -0.000109519
internal_weight=5421.99 4240.47 2995.38 2708.61 1181.52 1245.09 1941.69 927.107 766.067 766.927
internal_count=21760 17000 12009 10858 4760 4991 7783 3736 3072 3075
is_linear=0
shrinkage=0.02


Tree=94
num_leaves=14
num_cat=0
split_feature=31 12 25 32 8 3 18 9 24 22 24 41 18
split_gain=11.0707 8.73152 8.02014 3.9954 3.36627 2.39067 2.30653 1.985 1.9389 1.63197 1.45928 0.938579 0.422511
threshold=-0.065338082611560808 0.2535811066627503 12.797430515289308 0.47215847671031957 -0.0053519692737609139 0.020534047856926921 16.108699798583988 -0.042077846825122826 46.997749328613288 49.500000000000007 -2.2666000127792354 -1.3467500209808347 24.023799896240238
decision_type=8 2 2 2 2 2 2 2 2 2 2 10 2
left_child=7 2 12 8 6 -6 -4 -1 10 -5 -3 -11 -2
right_child=1 3 4 9 5 -7 -8 -9 -10 11 -12 -13 -14
leaf_value=6.8014325802365802e-05 0.00013072723376972672 0.00030083251189684052 0.00020160793664591271 -2.959111557121039e-05 0.00089691844414207232 -0.00044024389956139531 -0.0013615444192527678 0.0019132507437478047 0.00068534691443874118 -0.00023875058567199398 -0.0007904689543330425 -0.0019171670321504811 0.0016176663711330358
leaf_weight=363.80624853074551 250.67647387087345 249.31247033178806 263.73810434341431 319.98296023905277 375.64864963293076 280.84281024336815 445.40202431380749 465.02808855473995 259.87954868376255 441.18109576404095 369.84677274525166 750.57705843448639 585.99765580892563
leaf_count=1458 1004 1001 1057 1287 1504 1128 1785 1864 1043 1772 1485 3025 2347
internal_value=0.000132882 -0.000320808 0.000499188 -0.00101011 -0.000421061 0.000397876 -0.00098497 0.0015454 7.26331e-05 -0.0014417 -0.000429814 -0.00165148 0.00146124
internal_weight=5421.92 4593.09 2202.31 2390.78 1365.63 656.491 709.14 828.834 879.039 1511.74 619.159 1191.76 836.674
internal_count=21760 18438 8825 9613 5474 2632 2842 3322 3529 6084 2486 4797 3351
is_linear=0
shrinkage=0.02


Tree=95
num_leaves=13
num_cat=0
split_feature=5 27 41 14 10 3 12 28 41 32 12 0
split_gain=11.0439 5.8872 4.88663 4.35545 3.44535 3.25074 2.79419 2.57683 2.28348 1.78335 0.739372 0.217802
threshold=-0.059850536286830895 0.28836444020271307 1.1186000108718874 0.23222684860229495 0.066584911197423949 -0.039263010025024407 0.2535811066627503 157.50000000000003 -0.060350000858306878 0.33282728493213659 0.12061042711138727 1.0879577994346621
decision_type=2 2 8 2 2 2 2 2 10 2 2 2
left_child=6 7 3 5 9 -3 -1 -2 -5 -4 -9 -12
right_child=1 2 4 8 -6 -7 -8 10 -10 -11 11 -13
leaf_value=0.0020025689618968986 0.00023555844080897255 0.00030152349734734646 2.4472262200091834e-05 0.00099587886711370761 -0.00033524110811554073 -0.0012893697179451118 7.1808778816327123e-07 -8.6857379748146325e-05 -0.00034947407843261837 0.0016731385353100712 -0.0016588068816545129 -0.0002393622705846664
leaf_weight=435.57257217168808 251.59840531647205 350.05485439300537 360.89483541250229 397.05359749495983 303.59296479821205 889.05508720874786 359.61555817723274 290.98155282437801 299.45971971750259 485.73690332472324 614.71447339653969 383.46031476557255
leaf_count=1747 1010 1403 1446 1595 1222 3569 1440 1165 1204 1948 2469 1542
internal_value=0.000133005 -0.000314403 0.000210246 -0.00037309 0.000936141 -0.000898949 0.00156286 -0.00106972 0.000541589 0.00133283 -0.00131754 -0.00147225
internal_weight=5421.79 4626.6 3085.85 1935.62 1150.22 1239.11 795.188 1540.75 696.513 846.632 1289.16 998.175
internal_count=21760 18573 12387 7771 4616 4972 3187 6186 2799 3394 5176 4011
is_linear=0
shrinkage=0.02


Tree=96
num_leaves=13
num_cat=0
split_feature=11 6 5 35 7 9 13 40 41 3 2 41
split_gain=10.9887 5.02868 6.948 4.63307 4.16779 2.94609 3.88222 2.61762 2.40179 2.01242 1.91202 1.44892
threshold=-0.0094541753642261011 2.239149928092957 0.019663529470562938 -1.0000000180025095e-35 0.014757621102035047 -0.093732628971338258 0.10170602053403856 0.035393949598073966 0.99705001711845409 0.042221773415803916 0.74500000476837169 -0.048399999737739556
decision_type=2 2 2 8 2 2 2 8 10 2 2 8
left_child=3 2 8 11 -5 -6 -7 -4 10 -3 -2 -1
right_child=1 9 7 4 5 6 -8 -9 -10 -11 -12 -13
leaf_value=0.00033757070003409843 0.000150500218062362 8.2388086922745051e-06 0.0013608044148993919 -0.0003061591793209631 -5.6527471841386583e-05 0.0022847632359206138 -6.4309574688302009e-06 -0.00023880711489232778 0.00033183859867609702 -0.001665492434163095 -0.0013168225785591867 -0.0007426539979202007
leaf_weight=250.07271640002728 255.32388044893742 343.21705289185047 599.71590337157249 254.68368566036224 303.24154113233089 914.9116647541523 348.84444679319859 266.87040932476521 255.38783359527588 664.41788600385189 715.11796090006828 249.8715592622757
leaf_count=1002 1024 1377 2409 1020 1215 3666 1398 1073 1024 2683 2868 1001
internal_value=0.000133758 -0.000587795 5.96172e-05 0.000998059 0.00135132 0.00163407 0.00190121 0.000992155 -0.00073412 -0.00134971 -0.00103915 -0.000328299
internal_weight=5421.68 3100.05 2092.42 2321.63 1821.68 1567 1263.76 866.586 1225.83 1007.63 970.442 499.944
internal_count=21760 12458 8398 9302 7299 6279 5064 3482 4916 4060 3892 2003
is_linear=0
shrinkage=0.02


Tree=97
num_leaves=10
num_cat=0
split_feature=31 41 41 32 27 1 23 27 40
split_gain=10.8247 7.96343 8.57551 6.25147 5.64994 4.55815 3.30861 1.7717 1.4191
threshold=-0.079161483794450746 1.033800005912781 -1.1455500125885008 0.67198535799980175 0.29850529134273535 9.8894615173339862 0.90519332885742199 1.1999998688697817 -0.056349651888012879
decision_type=8 10 10 2 2 2 2 2 8
left_child=-1 2 4 -3 8 -4 -7 -6 -2
right_child=1 3 5 -5 7 6 -8 -9 -10
leaf_value=0.0016907676255608608 0.00017093907185168733 0.0015559308889833709 0.00034854382912787382 -0.00060599952367542244 0.0012393545814115717 -0.0018303003808807204 7.4240856933093977e-05 -0.00014094348376587839 -0.0010406235528278218
leaf_weight=567.05271105468273 272.11709423363209 642.36043004691601 277.52978609502316 282.58644510805607 801.41981364786625 1627.2763403207064 352.2674605846405 276.79447023570538 322.16794647276402
leaf_count=2273 1091 2577 1111 1138 3214 6534 1419 1110 1293
internal_value=0.000131453 -0.000272452 -0.000665954 0.000920571 0.000340917 -0.00130281 -0.0015696 0.000977614 -0.000709452
internal_weight=5421.57 4854.52 3929.57 924.947 1672.5 2257.07 1979.54 1078.21 594.285
internal_count=21760 19487 15772 3715 6708 9064 7953 4324 2384
is_linear=0
shrinkage=0.02


Tree=98
num_leaves=11
num_cat=0
split_feature=5 27 3 5 3 15 28 15 0 23
split_gain=10.7302 5.75182 3.63958 5.08389 3.66811 2.55492 2.54479 1.88975 0.3513 0.943694
threshold=-0.059850536286830895 0.28836444020271307 0.069189734756946578 0.020157578401267532 -0.043891593813896172 3.5562499761581425 157.50000000000003 3.9828499555587773 1.0004184246063235 0.79571905732154857
decision_type=2 2 2 2 2 2 2 2 2 2
left_child=5 6 3 4 -3 -1 -2 -4 -8 -10
right_child=1 2 7 -5 -6 -7 8 -9 9 -11
leaf_value=0.001886652780241742 0.00023682233965193259 0.00065326207045796449 -0.00097543267362352342 0.0014750010703879432 -0.00067456762136833314 -7.0892090872578327e-05 -0.0015384082538613068 0.00026202198956767366 0.00024098566213618858 -0.00061984164058993948
leaf_weight=538.68945769965649 251.58598591387272 678.80751487612724 482.94825440645218 565.85508243739605 1025.2262657433748 256.41015076637268 695.64906062185764 332.91242046654224 319.53679531812668 273.84434223175049
leaf_count=2160 1010 2720 1946 2270 4110 1027 2792 1341 1282 1102
internal_value=0.000132743 -0.000308479 0.000209695 0.00058057 -0.000104128 0.00154204 -0.00105523 -0.00059274 -0.00130198 -0.000285631
internal_weight=5421.47 4626.37 3085.75 2269.89 1704.03 795.1 1540.62 815.861 1289.03 593.381
internal_count=21760 18573 12387 9100 6830 3187 6186 3287 5176 2384
is_linear=0
shrinkage=0.02


Tree=99
num_leaves=14
num_cat=0
split_feature=11 1 7 2 14 21 11 41 13 22 12 32 9
split_gain=10.6704 7.01009 3.94424 3.81732 3.28107 4.42171 3.89543 2.82964 2.82606 2.67564 2.90914 1.27144 0.0371752
threshold=-0.0094541753642261011 10.025397300720217 0.02158694434911013 0.61500000953674328 0.50890091061592113 92.229999542236342 0.023987001739442352 1.2639499902725222 0.13076092302799228 696.50000000000011 0.10954358428716661 0.58139419555664074 -0.079287141561508165
decision_type=2 2 2 2 2 2 2 10 2 2 2 2 2
left_child=2 -2 9 -4 5 7 -6 -3 12 10 -1 -8 -5
right_child=1 4 3 8 6 -7 11 -9 -10 -11 -12 -13 -14
leaf_value=0.00040784977612495126 0.00087229080527080464 -0.0019181158129291105 -0.00020966189753711989 0.00026975763113808729 0.00090973272522076258 0.00031124621127457053 0.00017268439407298536 6.8865392364755946e-05 0 0.00070328402430412001 -0.0011203676634575777 -0.00092882697144100912 0.0022657559296266135
leaf_weight=282.32308603823185 397.13749487698078 1141.796576321125 284.74115447700024 259.80812045931816 276.84518498182297 279.539396032691 286.7048856317997 267.69122408330441 306.41407035291195 262.36051644384861 366.35420289635658 450.13595968484879 559.51903967559338
leaf_count=1131 1590 4590 1141 1041 1111 1124 1152 1076 1228 1051 1468 1815 2242
internal_value=0.000132433 -0.000578696 0.000984076 0.001435 -0.000948214 -0.00133388 6.43587e-06 -0.00165515 0.00176365 -6.6255e-05 -0.000599334 -0.000635527 0.00208996
internal_weight=5421.37 3099.85 2321.52 1410.48 2702.71 1689.03 1013.69 1409.49 1125.74 911.038 648.677 736.841 819.327
internal_count=21760 12458 9302 5652 10868 6790 4078 5666 4511 3650 2599 2967 3283
is_linear=0
shrinkage=0.02


Tree=100
num_leaves=10
num_cat=0
split_feature=31 41 41 32 27 1 23 27 40
split_gain=10.4966 7.72891 8.28674 6.14325 5.52055 4.41514 3.27674 1.74589 1.40219
threshold=-0.079161483794450746 1.033800005912781 -1.1455500125885008 0.67198535799980175 0.29850529134273535 9.8894615173339862 0.90519332885742199 1.1999998688697817 -0.056349651888012879
decision_type=8 10 10 2 2 2 2 2 8
left_child=-1 2 4 -3 8 -4 -7 -6 -2
right_child=1 3 5 -5 7 6 -8 -9 -10
leaf_value=0.0016697247826042655 0.00017132731689537516 0.0015407498401746804 0.00034457585948694804 -0.00060165228116873981 0.0012264926200976584 -0.0018007401829339613 8.0746787820534885e-05 -0.00014122094870679604 -0.001030827985998038
leaf_weight=567.02129234373569 272.10523016750813 642.3823626190424 277.52534358203411 282.5593748986721 801.41994227468967 1627.0520281046629 352.23292618989944 276.78600417077541 322.13293072581291
leaf_count=2273 1091 2577 1111 1138 3214 6534 1419 1110 1293
internal_value=0.000134633 -0.000263777 -0.00065194 0.000910618 0.000337115 -0.00127818 -0.00154099 0.000966454 -0.000701217
internal_weight=5421.22 4854.2 3929.25 924.942 1672.44 2256.81 1979.28 1078.21 594.238
internal_count=21760 19487 15772 3715 6708 9064 7953 4324 2384
is_linear=0
shrinkage=0.02


Tree=101
num_leaves=12
num_cat=0
split_feature=11 1 35 35 7 14 21 32 9 13 41
split_gain=10.4132 6.83323 4.80624 4.5444 4.04212 3.63781 3.90682 3.74509 2.90774 3.71952 1.43614
threshold=-0.0094541753642261011 10.13852643966675 0.034999999217689044 -1.0000000180025095e-35 0.014757621102035047 0.53743961453437816 92.229999542236342 0.54411193728446972 -0.093732628971338258 0.10170602053403856 -0.048399999737739556
decision_type=2 2 10 8 2 2 2 2 2 2 8
left_child=3 -2 5 10 -5 6 -3 -7 -6 -10 -1
right_child=1 2 -4 4 8 7 -8 -9 9 -11 -12
leaf_value=0.00033411781812004842 0.00081243501644305452 -0.0019394195764021608 0.00047758615386235391 -0.00030274785889398802 -6.1196432802520251e-05 0.00079152548771169954 0.00018620935416167642 -0.0007652596932113012 0.0022469913440194443 -3.1424769587216831e-06 -0.00074253978604397672
leaf_weight=250.05791638791561 470.48937045037746 1227.3897293061018 347.45612086355686 254.66667911410332 303.22838133573532 340.24377459287643 249.65328745543957 464.41082006692886 914.82780462503433 348.82386368513107 249.85832446813583
leaf_count=1002 1884 4936 1396 1020 1215 1366 1004 1872 3666 1398 1001
internal_value=0.000135852 -0.000567351 -0.000951286 0.000976679 0.00132729 -0.00123912 -0.00164219 -3.82081e-05 0.00160595 0.00187157 -0.000331017
internal_weight=5421.11 3099.64 2629.15 2321.46 1821.55 2281.7 1477.04 804.655 1566.88 1263.65 499.916
internal_count=21760 12458 10574 9302 7299 9178 5940 3238 6279 5064 2003
is_linear=0
shrinkage=0.02


Tree=102
num_leaves=12
num_cat=0
split_feature=12 41 41 27 25 23 22 4 21 10 40
split_gain=10.3306 7.67917 7.14801 5.09184 4.75084 3.11541 3.21281 2.90162 2.31437 1.37571 1.15696
threshold=0.13444215059280398 -1.1455500125885008 1.1430000066757204 0.25349999964237219 14.253360748291017 0.90519332885742199 828.50000000000011 64.275905609130874 28.445000648498539 0.055629039183259017 -0.08481405675411223
decision_type=2 10 10 2 2 2 2 2 2 2 10
left_child=4 3 5 -2 8 6 -3 -4 10 -5 -1
right_child=1 2 7 9 -6 -7 -8 -9 -10 -11 -12
leaf_value=0.00013389234267150707 -0.00057636158379766479 -0.0020623490397405557 0.00096475563199274782 0.0013537914474428809 -0.00032756695808645327 6.0236820319586663e-05 8.2654060099510138e-05 -0.00050097514675603849 -3.295536003175331e-05 -6.0013064111156897e-05 0.0020866698457944395
leaf_weight=266.09189684689045 495.87193867564201 1126.0901585519314 397.54926440119743 701.6776982396841 357.25531832873821 371.80918185412884 251.26283358037472 271.49847434461117 268.39211489260197 249.66803422570229 663.77741213142872
leaf_count=1066 1990 4526 1595 2812 1432 1498 1009 1094 1075 1004 2659
internal_value=0.000135903 -0.000425172 -0.000997697 0.000545943 0.00119154 -0.00150161 -0.00178716 0.000421234 0.00159353 0.00112763 0.00185689
internal_weight=5420.94 3865.43 2418.21 1447.22 1555.52 1749.16 1377.35 669.048 1198.26 951.346 929.869
internal_count=21760 15528 9722 5806 6232 7033 5535 2689 4800 3816 3725
is_linear=0
shrinkage=0.02


Tree=103
num_leaves=10
num_cat=0
split_feature=5 31 8 3 15 16 40 28 12
split_gain=10.2679 5.76278 10.8312 6.05061 4.03732 3.65878 3.46273 2.93505 2.77474
threshold=-0.059850536286830895 0.12060529366135599 -0.0053519692737609139 0.07198916003108026 2.8596500158309941 2.3360500335693364 0.034353652969002731 186.50000000000003 0.2535811066627503
decision_type=2 10 2 2 2 2 8 2 2
left_child=8 2 5 6 -5 7 -4 -2 -1
right_child=1 -3 3 4 -6 -7 -8 -9 -10
leaf_value=0.0019526023255430724 0.00021135237992642161 -0.0015316404137702879 0.0016762689090531182 -0.0010796352589222454 0.00054656457854034511 0.00029965065144074292 -0.00015525727455918318 -0.0015294416571047847 -1.0094845642027588e-05
leaf_weight=435.38378196954727 250.33213475346565 346.28422327339649 1194.8718801438808 378.49920131266117 492.6370495557785 450.29862898588181 350.35029770433903 1162.5585180670023 359.5884412676096
leaf_count=1747 1004 1394 4790 1526 1985 1805 1406 4663 1440
internal_value=0.000136186 -0.000296257 3.77903e-05 0.00080988 -0.000342095 -0.000903662 0.00135184 -0.00125655 0.00151431
internal_weight=5420.8 4625.83 4279.55 2416.36 871.136 1863.19 1545.22 1412.89 794.972
internal_count=21760 18573 17179 9707 3511 7472 6196 5667 3187
is_linear=0
shrinkage=0.02


Tree=104
num_leaves=11
num_cat=0
split_feature=31 41 41 4 27 12 8 23 27 40
split_gain=10.2025 7.52966 7.8534 6.01779 5.35107 3.76352 4.37795 2.34048 1.73181 1.37942
threshold=-0.079161483794450746 1.033800005912781 -1.1455500125885008 64.275905609130874 0.29850529134273535 0.14290433377027514 -0.0089245187118649465 0.90519332885742199 1.1999998688697817 -0.056349651888012879
decision_type=8 10 10 2 2 2 2 2 2 8
left_child=-1 2 4 -3 9 6 -4 -7 -6 -2
right_child=1 3 5 -5 8 7 -8 -9 -10 -11
leaf_value=0.0016477900764575945 0.00016961406190840503 0.0015585474637885071 -0.00081035524614197986 -0.00055207406596244249 0.0012041202649222256 -0.0018984982743003071 0.00089904152624232874 -3.2021349205709241e-05 -0.0001467067272984663 -0.0010232215136063458
leaf_weight=566.96101978421211 272.09300534427166 594.90731348097324 423.54016806185246 329.9958490729332 801.42692171037197 1183.3122532069683 304.35534466803074 345.2412534058094 276.78144115209579 322.09413741528988
leaf_count=2273 1091 2386 1697 1329 3214 4757 1219 1391 1110 1293
internal_value=0.000134478 -0.000258549 -0.00064189 0.000900252 0.000322852 -0.00125118 2.14602e-06 -0.00163806 0.000944126 -0.000696382
internal_weight=5420.71 4853.75 3928.84 924.903 1672.4 2256.45 727.896 1528.55 1078.21 594.187
internal_count=21760 19487 15772 3715 6708 9064 2916 6148 4324 2384
is_linear=0
shrinkage=0.02


Tree=105
num_leaves=11
num_cat=0
split_feature=3 0 39 15 12 24 1 7 22 19
split_gain=10.1029 6.60432 6.79759 5.96021 3.53686 3.07034 2.12505 1.91095 1.90013 0.486972
threshold=0.07198916003108026 0.78081402182579052 552.42001342773449 3.2135499715805058 0.14875411242246631 57.215349197387702 12.294312953948976 0.026860462501645092 221.50000000000003 99.635951995849624
decision_type=2 2 10 2 2 2 2 2 2 8
left_child=1 4 3 6 -1 9 -3 -5 -6 -2
right_child=5 2 -4 7 8 -7 -8 -9 -10 -11
leaf_value=0.00048576553852184694 -0.0016241365553523932 0.0019454594231625235 -0.00068144388702057689 -0.00061520904993690197 9.8550521205795398e-05 0.00023572459536992099 2.6555849017563033e-05 0.00050987365424547907 -0.0013466007759839721 -0.00015817372149974675
leaf_weight=478.91475695371628 559.30031478404999 1659.639685317874 286.69901981949806 434.18658584356308 361.77963870763779 310.06316193938255 281.72381415963173 332.62008355557919 404.1049372702837 311.56065946817398
leaf_count=1919 2256 6653 1151 1741 1451 1249 1130 1334 1621 1255
internal_value=0.000134502 0.000595414 0.00102704 0.00132654 -0.000437811 -0.00107999 0.00175941 -0.000114943 -0.000968234 -0.00143513
internal_weight=5420.59 4239.67 2994.87 2708.17 1244.8 1180.92 1941.36 766.807 765.885 870.861
internal_count=21760 17000 12009 10858 4991 4760 7783 3075 3072 3511
is_linear=0
shrinkage=0.02


Tree=106
num_leaves=10
num_cat=0
split_feature=5 31 8 3 15 16 39 28 9
split_gain=10.0905 5.63394 10.6128 5.78067 3.98893 3.56298 2.92378 2.87751 2.75551
threshold=-0.059850536286830895 0.12060529366135599 -0.0053519692737609139 0.07198916003108026 2.8596500158309941 2.3360500335693364 52.324998855590827 186.50000000000003 -0.10971320420503615
decision_type=2 10 2 2 2 2 8 2 2
left_child=8 2 5 6 -5 7 -4 -2 -1
right_child=1 -3 3 4 -6 -7 -8 -9 -10
leaf_value=-7.7645019785420338e-05 0.00020843361012279783 -0.0015205211671215503 0.0016462377400618996 -0.0010662675541735251 0.00054853706357696843 0.00029225211588089793 -7.3201503677081589e-05 -0.0015168025900052526 0.0018762595232291587
leaf_weight=284.12749461829662 250.33158183097839 346.22571015357971 1138.5769564062357 378.42567312717438 492.61971446871758 450.30371683835983 406.69661185145378 1162.4748934805393 510.75615078210831
leaf_count=1138 1004 1394 4564 1526 1985 1805 1632 4663 2049
internal_value=0.000128805 -0.000299095 3.21816e-05 0.000797164 -0.000331023 -0.000898984 0.00132648 -0.00124672 0.00149554
internal_weight=5420.54 4625.65 4279.43 2416.32 871.045 1863.11 1545.27 1412.81 794.884
internal_count=21760 18573 17179 9707 3511 7472 6196 5667 3187
is_linear=0
shrinkage=0.02


Tree=107
num_leaves=10
num_cat=0
split_feature=31 41 41 32 27 1 23 27 40
split_gain=10.0232 7.43172 7.66685 5.96122 5.26537 4.16487 3.167 1.70343 1.35201
threshold=-0.079161483794450746 1.033800005912781 -1.1455500125885008 0.67198535799980175 0.29850529134273535 9.8894615173339862 0.90519332885742199 1.1999998688697817 -0.056349651888012879
decision_type=8 10 10 2 2 2 2 2 8
left_child=-1 2 4 -3 8 -4 -7 -6 -2
right_child=1 3 5 -5 7 6 -8 -9 -10
leaf_value=0.0016275619948724399 0.00016578386463897584 0.001512252305900825 0.00033378192118697637 -0.00059573339545102401 0.0011889903092092528 -0.001754484762157749 8.4674696008352944e-05 -0.000147332134696664 -0.0010184217439700722
leaf_weight=566.9235292673111 272.08853513002396 642.37727768719196 277.50428946316242 282.50082977116108 801.42779304087162 1626.5756743997335 352.19730031490326 276.77186125516891 322.06969659030437
leaf_count=2273 1091 2577 1111 1138 3214 6534 1419 1110 1293
internal_value=0.000127075 -0.000261703 -0.000642059 0.000890498 0.000313234 -0.00124366 -0.00149884 0.000930824 -0.00069546
internal_weight=5420.44 4853.51 3928.64 924.878 1672.36 2256.28 1978.77 1078.2 594.158
internal_count=21760 19487 15772 3715 6708 9064 7953 4324 2384
is_linear=0
shrinkage=0.02


Tree=108
num_leaves=12
num_cat=0
split_feature=11 1 35 35 7 14 21 6 9 13 41
split_gain=9.88691 6.53103 4.51732 4.45921 3.98715 3.95567 4.01073 3.06002 2.84794 3.54927 1.41569
threshold=-0.0094541753642261011 10.025397300720217 0.034999999217689044 -1.0000000180025095e-35 0.014757621102035047 0.53743961453437816 92.229999542236342 2.4571599960327153 -0.093732628971338258 0.10170602053403856 -0.048399999737739556
decision_type=2 2 10 8 2 2 2 2 2 2 8
left_child=3 -2 5 10 -5 6 -3 -7 -6 -10 -1
right_child=1 2 -4 4 8 7 -8 -9 9 -11 -12
leaf_value=0.00032750772691623542 0.00084333403125734464 -0.0018964447970196043 0.00046825292427895345 -0.00030841842309178706 -6.4866860950014215e-05 0.00068603940131057011 0.00020374200334585845 -0.00071797264949784113 0.0022044216255088403 -2.801327986526689e-07 -0.0007441090973410114
leaf_weight=250.03410576283932 397.10796809196472 1286.9736857414246 348.18077600002289 254.64813098311424 303.18909592926502 444.72065302729607 255.86340980231762 366.30144725739956 914.66807594895363 348.79331412911415 249.83619797229767
leaf_count=1002 1590 5176 1399 1020 1215 1786 1029 1478 3666 1398 1001
internal_value=0.00012828 -0.000556417 -0.000913394 0.000948019 0.0012966 -0.00118744 -0.00159845 8.50339e-06 0.0015746 0.00183768 -0.000337674
internal_weight=5420.32 3099.15 2702.04 2321.17 1821.3 2353.86 1542.84 811.022 1566.65 1263.46 499.87
internal_count=21760 12458 10868 9302 7299 9469 6205 3264 6279 5064 2003
is_linear=0
shrinkage=0.02


Tree=109
num_leaves=12
num_cat=0
split_feature=5 8 3 40 7 2 41 9 19 10 24
split_gain=9.7989 5.49969 11.9095 4.5057 3.24135 3.12745 2.80279 2.68151 2.20528 1.97977 1.82014
threshold=-0.059850536286830895 -0.01334985066205263 0.07319445908069612 0.034353652969002731 0.032388150691986091 0.66500002145767223 0.95980000495910656 -0.10971320420503615 142.16044616699222 -0.0018219872144982217 46.100250244140632
decision_type=2 2 2 8 2 2 10 2 8 2 2
left_child=7 4 3 5 6 -3 9 -1 10 -2 -4
right_child=1 2 8 -5 -6 -7 -8 -9 -10 -11 -12
leaf_value=-7.6628992681526645e-05 -0.0018265885048052203 -0.00014208343380690851 -0.0015941438870400706 -0.00033071466873407161 0.00034147979505562474 0.0017312995332895201 0.0001785707612623117 0.0018507511264425917 0.00019640874238063474 -5.9250756353999502e-05 5.2574513404259374e-05
leaf_weight=284.12165543437004 809.57455810904503 287.71528075635433 550.69899594783783 411.12131027877331 263.20110467076302 1134.3419302105904 275.18690440058708 510.66648325324059 257.11352489888668 369.85382449626923 266.55974759161472
leaf_count=1138 3246 1153 2222 1650 1057 4548 1103 2049 1036 1484 1074
internal_value=0.000128393 -0.000293474 0.000240241 0.0010628 -0.00098 0.00143951 -0.0012571 0.00147515 -0.00101331 -0.00152779 -0.00130148
internal_weight=5420.16 4625.37 2907.55 1833.18 1717.82 1422.06 1454.62 794.788 1074.37 1179.43 817.259
internal_count=21760 18573 11683 7351 6890 5701 5833 3187 4332 4730 3296
is_linear=0
shrinkage=0.02


Tree=110
num_leaves=10
num_cat=0
split_feature=31 41 41 4 27 1 10 27 38
split_gain=9.77418 7.25133 7.40315 5.86332 5.18796 4.03133 2.74678 1.67597 0.998944
threshold=-0.079161483794450746 1.033800005912781 -1.1455500125885008 64.275905609130874 0.29850529134273535 9.8894615173339862 0.044286023825407035 1.1999998688697817 -373.65000915527338
decision_type=8 10 10 2 2 2 2 2 8
left_child=-1 2 4 -3 8 -4 -7 -6 -2
right_child=1 3 5 -5 7 6 -8 -9 -10
leaf_value=0.0016083392558456277 0.00010878095394203444 0.0015315383501524513 0.00032807955979667874 -0.00054879583833100914 0.001176297958974481 -0.001780540365417443 -7.0963483143678024e-05 -0.0001472192786348409 -0.00096394918238950104
leaf_weight=566.87582597136497 274.69355656206608 594.90424874424934 277.49815940856934 329.94790685176849 801.41375768184662 1440.2444669902325 538.28414584696293 276.75902722775936 319.42647562921047
leaf_count=2273 1102 2386 1111 1329 3214 5784 2169 1110 1282
internal_value=0.000126684 -0.0002574 -0.000633247 0.000880509 0.000306092 -0.00122432 -0.00147535 0.000920036 -0.000693561
internal_weight=5420.05 4853.17 3928.32 924.852 1672.29 2256.03 1978.53 1078.17 594.12
internal_count=21760 19487 15772 3715 6708 9064 7953 4324 2384
is_linear=0
shrinkage=0.02


Tree=111
num_leaves=14
num_cat=0
split_feature=12 31 3 14 31 11 28 35 14 8 14 15 2
split_gain=9.63984 5.84789 5.77832 5.78316 5.27237 3.98225 2.9175 2.11542 2.11306 1.94343 1.87323 1.86387 1.54297
threshold=0.2535811066627503 -0.064040292054414735 -0.059210646897554391 0.10629046708345415 -0.010045042261481283 0.0056318151764571675 817.50000000000011 0.044999999925494201 0.1276439651846886 0.0078267562203109282 1.2946136593818667 3.6898000240325932 0.82499998807907116
decision_type=2 8 2 2 8 2 2 8 2 2 2 2 2
left_child=2 -2 3 -1 12 6 11 8 -6 -8 -7 -3 -4
right_child=1 5 4 -5 7 10 9 -9 -10 -11 -12 -13 -14
leaf_value=0.0021685797475158 0.00077346353372807492 -0.0010235588975974334 0.00014293567170318018 -0.0002748267158747187 -0.00067380170034788355 -0.0017605916537337873 -0.00026969113570609406 0.0011478376407568361 0.00055571173444826909 0.0010868017161020165 -3.2698864805532196e-05 0.00025699102688747893 -0.0011938903470961962
leaf_weight=673.80731047689915 329.004314661026 352.29213197529316 254.30164924263954 291.37341345846653 338.17037998139858 894.75294062495232 251.78114815056324 511.29584418237209 249.86844839155674 254.29999932646751 333.00919936597347 296.28333577513695 389.69504581391811
leaf_count=2702 1319 1413 1019 1167 1356 3610 1010 2049 1002 1020 1343 1188 1562
internal_value=0.000127472 -0.000625402 0.00085123 0.00164524 1.98424e-05 -0.000969942 -1.62173e-05 0.000702347 -0.000130876 0.000663512 -0.0014959 -0.000622533 -0.000882731
internal_weight=5419.94 2711.42 2708.51 965.181 1743.33 2382.42 1154.66 1099.33 588.039 506.081 1227.76 648.575 643.997
internal_count=21760 10903 10857 3869 6988 9584 4631 4407 2358 2030 4953 2601 2581
is_linear=0
shrinkage=0.02


Tree=112
num_leaves=11
num_cat=0
split_feature=31 41 41 32 27 12 8 23 27 40
split_gain=9.48731 7.10287 7.19429 5.80648 5.10181 3.57561 4.23573 2.33062 1.65052 1.31357
threshold=-0.079161483794450746 1.033800005912781 -1.1455500125885008 0.67198535799980175 0.29850529134273535 0.14290433377027514 -0.0089245187118649465 0.90519332885742199 1.1999998688697817 -0.056349651888012879
decision_type=8 10 10 2 2 2 2 2 2 8
left_child=-1 2 4 -3 9 6 -4 -7 -6 -2
right_child=1 3 5 -5 8 7 -8 -9 -10 -11
leaf_value=0.0015868896789764245 0.0001622634325970055 0.0014885179841165757 -0.0007931403563502205 -0.00059017631743188577 0.0011656185596780088 -0.0018432583941230185 0.00088830058868096928 -1.7533710310279294e-05 -0.0001466995903614063 -0.0010067591335862832
leaf_weight=566.85309998691082 272.07513564825058 642.37504923343658 423.47329315543175 282.45037017762661 801.41585631668568 1182.8555777817965 304.33945700526237 345.15253581106663 276.75112064182758 322.01648469269276
leaf_count=2273 1091 2577 1697 1138 3214 4757 1219 1391 1110 1293
internal_value=0.000127339 -0.000251398 -0.000623737 0.000874141 0.000302113 -0.00120647 8.20438e-06 -0.00158365 0.000911206 -0.000688739
internal_weight=5419.76 4852.9 3928.08 924.825 1672.26 2255.82 727.813 1528.01 1078.17 594.092
internal_count=21760 19487 15772 3715 6708 9064 2916 6148 4324 2384
is_linear=0
shrinkage=0.02


Tree=113
num_leaves=10
num_cat=0
split_feature=5 31 8 3 15 16 40 12 7
split_gain=9.39722 5.61338 10.2844 5.4437 3.94435 3.51443 3.2726 2.74873 2.07645
threshold=-0.059850536286830895 0.12060529366135599 -0.0053519692737609139 0.07198916003108026 2.5822499990463261 2.3360500335693364 0.034353652969002731 0.2535811066627503 0.031532928347587592
decision_type=2 10 2 2 2 2 8 2 2
left_child=7 2 5 6 -5 8 -4 -1 -2
right_child=1 -3 3 4 -6 -7 -8 -9 -10
leaf_value=0.0018827236204768682 -0.0014504561825207471 -0.0015056035533305113 0.0016220491290418681 -0.001078723950970603 0.00052765292369547664 0.00029841834678827627 -0.00015372189440913736 -2.8912736068211374e-05 0.00011651128619247638
leaf_weight=435.10343283414841 1148.1133665591478 346.13040126860142 1194.9046306014061 327.97247271239758 542.85870359838009 450.25055725872517 350.30295790731907 359.54943487048149 264.45216947793961
leaf_count=1747 4605 1394 4790 1323 2188 1805 1406 1440 1062
internal_value=0.000127179 -0.000286145 4.25716e-05 0.000794174 -0.000308819 -0.000875718 0.00130639 0.00144598 -0.00122233
internal_weight=5419.64 4624.99 4278.85 2416.04 870.831 1862.82 1545.21 794.653 1412.57
internal_count=21760 18573 17179 9707 3511 7472 6196 3187 5667
is_linear=0
shrinkage=0.02


Tree=114
num_leaves=13
num_cat=0
split_feature=11 1 20 0 14 21 10 41 40 2 0 24
split_gain=9.34098 6.29742 3.27122 3.90955 3.10529 4.19525 4.01052 2.55722 2.06682 2.1241 1.25353 1.17662
threshold=-0.0094541753642261011 10.025397300720217 789.50000000000011 0.89484986662864696 0.50890091061592113 92.229999542236342 0.066584911197423949 1.2639499902725222 -0.10671409964561461 0.64499998092651378 1.3817481398582461 40.132299423217781
decision_type=2 2 2 2 2 2 2 10 10 2 2 2
left_child=2 -2 8 -4 5 7 -6 -3 -1 -10 -8 -11
right_child=1 4 3 -5 6 -7 10 -9 9 11 -12 -13
leaf_value=-1.5299651609453641e-05 0.00083198574277689244 -0.0018319618634162534 -0.00080061096019456578 0.00077377925145070102 0.00084671797315197771 0.00031518028676227129 0.00011952894088102073 6.3132470475565764e-05 -3.271169244383022e-05 0.0020747285424826054 -0.0010370195200169259 0.00012491730401267506
leaf_weight=370.28005227446556 397.08539544045925 1141.0430585443974 480.92118802666664 375.82709041237831 410.13378219306469 279.47899255156517 329.29125188291073 267.65008386969566 249.52532175183296 582.79040583968163 273.97680354118347 261.5410695374012
leaf_count=1484 1590 4590 1928 1506 1646 1124 1326 1076 1000 2336 1106 1048
internal_value=0.000125249 -0.000540394 0.000922012 -6.80866e-05 -0.000891652 -0.00126705 2.33539e-05 -0.00158202 0.0013159 0.00157843 -0.000702297 0.00183454
internal_weight=5419.54 3098.66 2320.89 856.748 2701.57 1688.17 1013.4 1408.69 1464.14 1093.86 603.268 844.331
internal_count=21760 12458 9302 3434 10868 6790 4078 5666 5868 4384 2432 3384
is_linear=0
shrinkage=0.02


Tree=115
num_leaves=12
num_cat=0
split_feature=31 27 41 41 1 10 21 32 1 0 4
split_gain=9.28964 5.96642 6.70839 7.03429 4.14784 3.48481 3.00725 2.91088 2.58845 1.87133 2.60634
threshold=-0.090480484068393693 0.28836444020271307 1.1186000108718874 -0.22094999998807904 10.773526191711428 0.066584911197423949 30.520000457763675 0.33282728493213659 10.098364830017092 1.0879577994346621 61.068628311157234
decision_type=8 2 8 10 2 2 2 2 2 2 2
left_child=-1 8 3 6 -5 7 -3 -4 -2 -10 -11
right_child=1 2 5 4 -6 -7 -8 -9 9 10 -12
leaf_value=0.0016947272481578671 0.00026860210730802743 0.00099835138295285147 -2.2932046781146804e-05 0.00026949742052516731 -0.0016731866786213496 -0.00028123866991803045 -0.00042082780348263538 0.001892606588434629 -0.0015364042905591123 0.00065604076917738865 -0.00072316317562851951
leaf_weight=392.17274542152882 260.42559207975864 742.51601548492908 383.0703482478857 330.23473571240902 681.97937394678593 295.54680101573467 368.93946784734726 560.59057655930519 883.0060741007328 253.27676090598106 267.65637680888176
leaf_count=1573 1043 2980 1535 1324 2744 1190 1481 2248 3547 1016 1079
internal_value=0.000126589 -0.00022008 0.000271121 -0.000390615 -0.00120362 0.00110597 0.000548179 0.00146913 -0.000971598 -0.00121665 -6.05699e-05
internal_weight=5419.41 5027.24 3362.88 2123.67 1012.21 1239.21 1111.46 943.661 1664.36 1403.94 520.933
internal_count=21760 20187 13502 8529 4068 4973 4461 3783 6685 5642 2095
is_linear=0
shrinkage=0.02


Tree=116
num_leaves=13
num_cat=0
split_feature=3 26 9 21 11 19 30 14 12 0 7 3
split_gain=9.21397 7.03792 5.52518 6.51652 4.62843 3.14932 4.02904 3.52925 2.47697 1.93199 1.60072 1.1024
threshold=0.028634635731577877 -1.0000000180025095e-35 -0.024269950576126572 27.005000114440922 0.034761553630232818 267.45603942871099 47.244998931884773 1.2046742439270022 0.2535811066627503 1.111765503883362 0.01488282158970833 -0.088016103953123079
decision_type=2 2 2 2 2 8 8 2 2 2 2 2
left_child=1 -1 3 8 10 6 7 9 -3 -2 -4 -5
right_child=5 2 4 11 -6 -7 -8 -9 -10 -11 -12 -13
leaf_value=-0.00085468859790280088 -0.0020391995941709245 0.0012094022623374682 0.00021113784863306892 5.9527760632468971e-05 -0.00025115302627554413 0.00041432529330144531 0.0003634328062075306 0.00021040935298550481 -0.00026829626581739404 -0.00014161616375670092 0.0022109159674885367 -0.001210234254224275
leaf_weight=342.76959352195263 692.74666632711887 665.26876439154148 389.94775477051735 254.38764829933643 258.68920536339283 268.71397626399994 303.60070726275444 270.0064018368721 281.51725952327251 406.73379123210907 919.36246390640736 365.54856705665588
leaf_count=1374 2789 2667 1562 1020 1037 1081 1222 1089 1130 1639 3684 1466
internal_value=0.000127059 0.000691617 0.0010056 5.1945e-05 0.00160806 -0.000787241 -0.0010546 -0.00138819 0.000849583 -0.00170269 0.00193069 -0.000953496
internal_weight=5419.29 3477.49 3134.72 1566.72 1568 1941.8 1673.09 1369.49 946.786 1099.48 1309.31 619.936
internal_count=21760 13940 12566 6283 6283 7820 6739 5517 3797 4428 5246 2486
is_linear=0
shrinkage=0.02


Tree=117
num_leaves=10
num_cat=0
split_feature=5 31 8 3 15 22 40 0 12
split_gain=9.15693 5.52312 10.1241 5.2113 3.90813 3.44586 3.19229 2.6977 2.68121
threshold=-0.059850536286830895 0.12060529366135599 -0.0053519692737609139 0.07198916003108026 2.5822499990463261 696.50000000000011 0.034353652969002731 1.0794034004211428 0.2535811066627503
decision_type=2 10 2 2 2 2 8 2 2
left_child=8 2 5 6 -5 7 -4 -2 -1
right_child=1 -3 3 4 -6 -7 -8 -9 -10
leaf_value=0.0018576623943166815 -0.0014943878447058307 -0.0014932205124877735 0.0016003952657557806 -0.0010647181199231607 0.00053231607721936547 0.00028534976198299147 -0.00015242599704659506 0.00017303236800535538 -2.9119136535195988e-05
leaf_weight=435.00584056973457 1112.7006159424782 346.06129954755306 1194.9059258401394 327.8928347826004 542.81942035257816 466.41371096670628 350.28226478397846 283.57455173134804 359.53833818435669
leaf_count=1747 4465 1394 4790 1323 2188 1870 1406 1137 1440
internal_value=0.000124289 -0.000283565 4.24612e-05 0.00078817 -0.000295478 -0.000868699 0.00128858 -0.00121724 0.00142627
internal_weight=5419.19 4624.65 4278.59 2415.9 870.712 1862.69 1545.19 1396.28 794.544
internal_count=21760 18573 17179 9707 3511 7472 6196 5602 3187
is_linear=0
shrinkage=0.02


Tree=118
num_leaves=11
num_cat=0
split_feature=31 27 41 41 1 11 21 11 10 1
split_gain=9.13312 5.82639 6.62452 6.86801 4.06414 3.58459 2.94573 2.65321 0.969038 0.725881
threshold=-0.090480484068393693 0.28836444020271307 1.1186000108718874 -0.22094999998807904 10.773526191711428 0.017857125960290435 30.520000457763675 -0.043062176555395119 0.06032278202474118 10.158710002899172
decision_type=8 2 8 10 2 2 2 2 2 2
left_child=-1 7 3 6 -5 -4 -3 -2 -7 -9
right_child=1 2 5 4 -6 8 -8 9 -10 -11
leaf_value=0.0016775213196184467 0.00026754265213164009 0.00098393872406973165 0.0015776533174915014 0.00026566648506074706 -0.0016588736908803076 0.00033560284036573794 -0.0004190298876471503 -4.5231357483200588e-05 -0.00051776106114258009 -0.0013504804893966411
leaf_weight=392.13219314813614 278.39193649590015 742.51343977451324 727.80541330575943 330.22604191303253 681.8811843842268 260.00538295507431 368.92283397912979 254.19834281504154 251.37018527090549 1131.6429190188646
leaf_count=1573 1116 2980 2916 1324 2744 1044 1481 1018 1013 4551
internal_value=0.000122376 -0.000220973 0.000264978 -0.0003917 -0.00119427 0.00109506 0.000537615 -0.000963387 -0.000143911 -0.0012189
internal_weight=5419.09 5026.96 3362.72 2123.54 1012.11 1239.18 1111.44 1664.23 511.376 1385.84
internal_count=21760 20187 13502 8529 4068 4973 4461 6685 2057 5569
is_linear=0
shrinkage=0.02


Tree=119
num_leaves=8
num_cat=0
split_feature=31 31 41 31 41 3 11
split_gain=9.00296 5.7172 8.44823 7.61267 6.36043 3.16606 1.93958
threshold=-0.090480484068393693 0.12060529366135599 1.0992000102996828 0.027519260533154014 -1.1455500125885008 0.07198916003108026 0.017419855110347274
decision_type=8 8 10 10 8 2 2
left_child=-1 2 3 4 -2 -5 -4
right_child=1 -3 6 5 -6 -7 -8
leaf_value=0.0016668350486917375 0.00055388738145196851 -0.0014552115943264111 0.0016876951627721132 0.0010923516141756969 -0.0012789350084007184 -0.00036268627812103947 2.7261809606913032e-06
leaf_weight=392.12336938083172 484.09605902433395 356.23532730340958 425.37392169237137 852.88072161376476 2135.7309013456106 418.2886126935482 354.20804367959499
leaf_count=1573 1941 1435 1705 3421 8573 1687 1425
internal_value=0.000122921 -0.000218157 8.28937e-05 -0.000354901 -0.000887738 0.000659044 0.00132088
internal_weight=5418.94 5026.81 4670.58 3891 2619.83 1271.17 779.582
internal_count=21760 20187 18752 15622 10514 5108 3130
is_linear=0
shrinkage=0.02


Tree=120
num_leaves=11
num_cat=0
split_feature=12 41 41 27 25 23 4 21 14 11
split_gain=8.95832 6.63906 6.19469 4.58936 4.55562 3.10952 2.63856 2.31024 1.17859 1.05164
threshold=0.13444215059280398 -1.1455500125885008 1.1430000066757204 0.25349999964237219 14.253360748291017 0.90519332885742199 64.275905609130874 28.445000648498539 0.66452953219413768 0.029355997219681743
decision_type=2 10 10 2 2 2 2 2 2 2
left_child=4 3 5 -2 7 8 -4 -1 -3 -5
right_child=1 2 6 9 -6 -7 -8 -9 -10 -11
leaf_value=0.0017709232417404499 -0.0005542221411541803 -0.0018564104432479585 0.00091241948651339406 0.0012591248790376176 -0.00034541328381643756 9.4646739774532974e-05 -0.00048274058514202121 -5.5282949039228216e-05 -8.4677041875815494e-05 -2.9999280608667411e-05
leaf_weight=929.4754975438118 495.66357958316803 1122.0090468972921 397.58222073316574 696.28282895684242 357.19010007381439 371.59104868769646 271.36289505660534 268.30611124634743 254.33998534083366 255.0158479064703
leaf_count=3725 1990 4511 1595 2790 1432 1498 1094 1075 1024 1026
internal_value=0.000125574 -0.000396874 -0.00092924 0.000506434 0.00110879 -0.00139849 0.000391842 0.00150679 -0.00168551 0.00106056
internal_weight=5418.82 3863.85 2416.89 1446.96 1554.97 1747.94 668.945 1197.78 1376.35 951.299
internal_count=21760 15528 9722 5806 6232 7033 2689 4800 5535 3816
is_linear=0
shrinkage=0.02


Tree=121
num_leaves=10
num_cat=0
split_feature=5 31 8 32 0 7 9 10 21
split_gain=8.86351 5.40149 9.91808 4.98587 3.43079 3.40019 2.6752 2.64765 2.25659
threshold=-0.059850536286830895 0.12060529366135599 -0.01334985066205263 0.72286486625671398 0.76326417922973644 0.032388150691986091 -0.10971320420503615 0.016102778725326065 16.355000495910648
decision_type=2 10 2 2 2 2 2 2 2
left_child=6 2 5 4 -4 7 -1 -2 -5
right_child=1 -3 3 8 -6 -7 -8 -9 -10
leaf_value=-9.6101244652107269e-05 -0.0014648557873244625 -0.0014732503427287761 -0.0002203230356534175 -0.00090443621523218884 0.0014433412079634742 0.00039343267453989815 0.0017826944445991672 0.00018134197201728555 0.00039599121664988596
leaf_weight=284.07646802067757 1169.443833142519 345.96235029399395 372.82452744245529 352.0823430866003 1533.6880799531937 256.94481359422207 510.34353274106979 274.0805971622467 319.22638009488583
leaf_count=1138 4690 1394 1496 1419 6156 1032 2049 1100 1286
internal_value=0.00012473 -0.000276861 4.49945e-05 0.000742708 0.00114957 -0.000908224 0.00140552 -0.00119989 -0.000408616
internal_weight=5418.67 4624.25 4278.29 2577.82 1906.51 1700.47 794.42 1443.52 671.309
internal_count=21760 18573 17179 10357 7652 6822 3187 5790 2705
is_linear=0
shrinkage=0.02


Tree=122
num_leaves=12
num_cat=0
split_feature=3 26 9 21 22 3 12 41 15 24 3
split_gain=8.78267 6.90735 5.36725 6.3289 3.82954 2.6857 2.38368 1.87439 1.80826 1.37628 1.06967
threshold=0.028634635731577877 -1.0000000180025095e-35 -0.024269950576126572 27.005000114440922 217.50000000000003 0.07319445908069612 0.2535811066627503 -0.21240000426769254 3.2365499734878544 -19.382650375366207 -0.088016103953123079
decision_type=2 2 2 2 2 2 2 10 2 2 2
left_child=1 -1 3 6 5 -2 -3 -6 -7 -4 -5
right_child=4 2 9 10 7 8 -8 -9 -10 -11 -12
leaf_value=-0.00085382333157685113 0.00080533025598448907 0.0011876118573217551 0.00012940941451784836 5.7844885136440085e-05 -8.7243758390833401e-05 -0.00093242067513794327 -0.00026268521231762867 -0.0016976638474531863 0.00029277104686899576 0.0017939172838600938 -0.0011949748707780585
leaf_weight=342.72766099870205 353.67000034451485 665.16036316752434 375.59967231750488 254.35288383066654 492.24743074178696 272.12561492621899 281.47541531920433 509.02933003008366 314.43663138151169 1192.2980213016272 365.48640182614326
leaf_count=1374 1421 2667 1505 1020 1981 1098 1130 2053 1267 4778 1466
internal_value=0.000122334 0.000673724 0.00098592 4.77939e-05 -0.000770116 0.000147324 0.000834754 -0.00130704 -0.000488789 0.00157963 -0.000942174
internal_weight=5418.61 3477.1 3134.37 1566.48 1941.51 940.232 946.636 1001.28 586.562 1567.9 619.839
internal_count=21760 13940 12566 6283 7820 3786 3797 4034 2365 6283 2486
is_linear=0
shrinkage=0.02


Tree=123
num_leaves=10
num_cat=0
split_feature=31 1 11 41 41 7 21 30 31
split_gain=8.83139 5.55378 7.72528 4.46694 3.85307 1.83629 1.67621 1.61879 0.990072
threshold=-0.090480484068393693 9.8894615173339862 0.0030743810348212723 0.97495001554489147 -1.1659500002861021 0.021136705763638023 110.31999969482423 14.285000324249269 -0.0067205270752310744
decision_type=8 2 2 8 10 2 2 10 10
left_child=-1 8 3 4 -3 -5 7 -4 -2
right_child=1 2 6 5 -6 -7 -8 -9 -10
leaf_value=0.0016473181609069241 -3.4603130748105838e-05 0.00061093739838909329 -0.0014940537537662026 -0.00013458834246295038 -0.00084445016009676772 0.0013181552554196894 5.2785192522816229e-05 4.5806365950440051e-05 0.0012277284446505679
leaf_weight=392.07169444859028 261.38825112581253 440.2666233330965 1580.4031700491905 270.11485897004604 1055.8353824615479 586.12269499897957 327.36891540884972 251.00941370427608 253.9591057151556
leaf_count=1573 1047 1764 6363 1082 4237 2348 1318 1011 1017
internal_value=0.000117843 -0.000219488 -0.00048408 0.000284663 -0.000350036 0.00101915 -0.00116761 -0.00133436 0.000961439
internal_weight=5418.54 5026.47 4511.12 2352.34 1496.1 856.238 2158.78 1831.41 515.347
internal_count=21760 20187 18123 9431 6001 3430 8692 7374 2064
is_linear=0
shrinkage=0.02


Tree=124
num_leaves=13
num_cat=0
split_feature=31 12 25 32 18 31 9 24 11 22 41 18
split_gain=8.6836 7.17865 7.4934 3.85199 3.23916 5.55623 2.58286 1.82034 1.98646 1.65765 0.663213 0.607213
threshold=-0.065338082611560808 0.2535811066627503 12.797430515289308 0.47215847671031957 14.00755023956299 0.041828501969575889 -0.042077846825122826 46.997749328613288 0.0047609836328774699 49.500000000000007 -1.3467500209808347 24.023799896240238
decision_type=8 2 2 2 2 8 2 2 2 2 10 2
left_child=6 2 11 7 -4 -6 -1 8 -3 -5 -11 -2
right_child=1 3 4 9 5 -7 -8 -9 -10 10 -12 -13
leaf_value=-3.5388753581131714e-05 9.6146829023067301e-05 0.00035094087528896804 0.00049537873710472859 4.343646342088246e-07 -0.0014585433587429295 0.00058936119330391188 0.0017895478511519339 0.00069796895666090998 -0.00088372914830012325 -0.00023877194171904021 -0.0017794212063783762 0.0015644329383458389
leaf_weight=363.51741506159306 250.5588733702898 347.60921044647694 432.9533244073391 319.74158497154713 675.56269945204258 256.55201837420464 464.75610654056072 259.77116376161575 271.16551811993122 440.99523767828941 749.41587834060192 585.7379391938448
leaf_count=1458 1004 1394 1736 1287 2709 1029 1864 1043 1092 1772 3025 2347
internal_value=0.000121908 -0.000280566 0.000461098 -0.00090674 -0.000422255 -0.000881966 0.00137273 0.000117718 -0.000386286 -0.00133266 -0.00154368 0.00139356
internal_weight=5418.34 4590.06 2201.36 2388.7 1365.07 932.115 828.274 878.546 618.775 1510.15 1190.41 836.297
internal_count=21760 18438 8825 9613 5474 3738 3322 3529 2486 6084 4797 3351
is_linear=0
shrinkage=0.02


Tree=125
num_leaves=10
num_cat=0
split_feature=5 31 8 32 15 16 28 9 21
split_gain=8.6171 5.29496 9.78247 4.93044 3.58772 3.38921 2.86185 2.6209 1.98451
threshold=-0.059850536286830895 0.12060529366135599 -0.0053519692737609139 0.72286486625671398 1.6891500353813174 2.3360500335693364 186.50000000000003 -0.10971320420503615 16.355000495910648
decision_type=2 10 2 2 2 2 2 2 2
left_child=7 2 5 4 -4 6 -2 -1 -5
right_child=1 -3 3 8 -6 -7 -8 -9 -10
leaf_value=-9.6747726077942711e-05 0.00022476380006781007 -0.0014578773015439246 -6.7175954146798619e-05 -0.00085118782170593051 0.0016053643560440089 0.00029737821580605049 -0.001464184224391651 0.0017591250877240353 0.00037307317149984755
leaf_weight=284.0669182986021 250.23870398104191 345.86913102865219 600.93840017914772 344.27854444086552 1159.4070665687323 450.19053128361702 1161.967578843236 510.24377562105656 310.99281860888004
leaf_count=1138 1004 1394 2411 1388 4655 1805 4663 2049 1253
internal_value=0.000122662 -0.000273277 4.52595e-05 0.000777835 0.00119631 -0.000850963 -0.00119206 0.0013856 -0.000385939
internal_weight=5418.19 4623.88 4278.01 2415.62 1760.35 1862.4 1412.21 794.311 655.271
internal_count=21760 18573 17179 9707 7066 7472 5667 3187 2641
is_linear=0
shrinkage=0.02


Tree=126
num_leaves=12
num_cat=0
split_feature=31 27 41 41 1 11 21 11 35 1 7
split_gain=8.58049 5.62295 6.32853 6.55365 3.93595 3.35533 2.89048 2.54749 2.09412 0.657443 0.0620253
threshold=-0.090480484068393693 0.28836444020271307 1.1186000108718874 -0.22094999998807904 10.773526191711428 0.017857125960290435 30.520000457763675 -0.043062176555395119 0.064999999478459372 10.158710002899172 0.020500659011304382
decision_type=8 2 8 10 2 2 2 2 8 2 2
left_child=-1 7 3 6 -5 10 -3 -2 -7 -9 -4
right_child=1 2 5 4 -6 8 -8 9 -10 -11 -12
leaf_value=0.0016282881306673681 0.00026299212169082932 0.00097092963447197934 0.00019299423005960162 0.00026610019948928335 -0.0016213557973270185 -0.0007020334620433912 -0.00041738698494805471 -4.9563787596437117e-05 0.00054239889327049211 -0.0013181386015170783 0.001683350544483275
leaf_weight=392.03600622713566 278.35565063357353 742.43962615728378 258.35283470153809 330.18735663592815 681.63122937083244 260.02772335708141 368.88413332402706 254.18064026534557 251.24847440421581 1131.3387255519629 469.42812079191208
leaf_count=1573 1116 2980 1035 1324 2744 1046 1481 1018 1011 4551 1881
internal_value=0.00012107 -0.000212069 0.000264567 -0.000378486 -0.00116314 0.00107531 0.000528087 -0.000941829 -0.000132441 -0.00119237 0.0015415
internal_weight=5418.11 5026.07 3362.2 2123.14 1011.82 1239.06 1111.32 1663.88 511.276 1385.52 727.781
internal_count=21760 20187 13502 8529 4068 4973 4461 6685 2057 5569 2916
is_linear=0
shrinkage=0.02


Tree=127
num_leaves=12
num_cat=0
split_feature=31 27 41 41 1 11 21 11 35 1 7
split_gain=8.44865 5.50302 6.23555 6.42331 3.87325 3.31069 2.84415 2.50132 2.07458 0.640312 0.0575601
threshold=-0.090480484068393693 0.28836444020271307 1.1186000108718874 -0.22094999998807904 10.773526191711428 0.017857125960290435 30.520000457763675 -0.043062176555395119 0.064999999478459372 10.158710002899172 0.020500659011304382
decision_type=8 2 8 10 2 2 2 2 8 2 2
left_child=-1 7 3 6 -5 10 -3 -2 -7 -9 -4
right_child=1 2 5 4 -6 8 -8 9 -10 -11 -12
leaf_value=0.0016179201355932136 0.00026168000995960213 0.00096179200554607689 0.00019208428970737265 0.0002645950233980596 -0.0016068886568098612 -0.0006987149835692752 -0.00041483692843147083 -4.9333011843490419e-05 0.00053989158137134443 -0.0013030530116049518 0.0016712467837609105
leaf_weight=392.02500540018082 278.35626880824566 742.46103185415268 258.35313506424427 330.18914860486984 681.55465231835842 260.01570969820023 368.87763783335686 254.18058502674103 251.25681248307228 1131.2456836104393 469.43750396370888
leaf_count=1573 1116 2980 1035 1324 2744 1046 1481 1018 1011 4551 1881
internal_value=0.000122508 -0.000208366 0.000262935 -0.000375451 -0.00115219 0.00106767 0.000522266 -0.000930425 -0.000131755 -0.00117889 0.00153076
internal_weight=5417.95 5025.93 3362.15 2123.08 1011.74 1239.06 1111.34 1663.78 511.273 1385.43 727.791
internal_count=21760 20187 13502 8529 4068 4973 4461 6685 2057 5569 2916
is_linear=0
shrinkage=0.02


Tree=128
num_leaves=13
num_cat=0
split_feature=12 0 31 9 0 25 14 3 21 40 22 22
split_gain=8.46235 6.71327 8.05408 5.68451 4.74962 4.41175 3.93218 2.69794 2.24795 1.46818 1.27832 0.916347
threshold=0.13444215059280398 1.0066291093826296 0.097871463745832457 0.031830711290240295 1.3817481398582461 14.253360748291017 -0.94216573238372792 0.042221773415803916 28.445000648498539 -0.08481405675411223 602.50000000000011 76.500000000000014
decision_type=2 2 10 2 2 2 2 2 2 10 2 2
left_child=5 3 4 6 11 8 -2 -5 9 -1 -8 -3
right_child=1 2 -4 7 -6 -7 10 -9 -10 -11 -12 -13
leaf_value=7.9870297257343082e-05 0.00011785671599246703 8.6862789784817321e-05 -0.0010378382407677154 0.00093852619611483105 -0.0003229400811439457 -0.00034499084376787538 -0.002083100527931495 -0.0004371795625489569 -5.8370974883563347e-05 0.001980165212198114 -0.00013835827398369691 0.0017416358507954225
leaf_weight=265.92762753367424 391.54045796394348 249.44698804616928 318.65769328176975 253.06267996132374 423.60428565740585 357.14941102266312 787.89074476063251 467.48866045475006 268.26942372322083 663.36880299448967 286.96219083666801 684.42497722804546
leaf_count=1066 1571 1002 1285 1014 1706 1432 3165 1883 1075 2659 1152 2750
internal_value=0.000123911 -0.000384158 0.000452156 -0.000973283 0.00106509 0.00107939 -0.00147431 0.00028991 0.001472 0.00173278 -0.00185259 0.00155045
internal_weight=5417.79 3863.08 1676.13 2186.94 1357.48 1554.72 1466.39 720.551 1197.57 929.296 1074.85 933.872
internal_count=21760 15528 6743 8785 5458 6232 5888 2897 4800 3725 4317 3752
is_linear=0
shrinkage=0.02


Tree=129
num_leaves=13
num_cat=0
split_feature=11 6 8 15 3 7 12 23 8 1 22 10
split_gain=8.3483 5.93066 7.16667 3.22873 4.9363 3.22385 2.53626 2.36604 2.16178 1.99655 1.88251 0.873605
threshold=-0.059472041204571717 2.4571599960327153 -0.01334985066205263 1.6891500353813174 0.020534047856926921 0.024031189270317558 0.2747939825057984 0.67074042558670055 0.014338752720505001 11.86129951477051 696.50000000000011 0.0057123312726616868
decision_type=2 2 2 2 2 2 2 2 2 2 2 2
left_child=9 2 5 4 -4 10 -7 -3 -5 -1 -2 -9
right_child=1 7 3 8 -6 6 -8 11 -10 -11 -12 -13
leaf_value=0.001819758161146903 -0.0013016575747677507 0.00016070096097263654 0.00080854407850469365 -9.9059548127210275e-05 -0.0010312052297376162 0.00088608959850072983 -0.00049727552304441327 -6.9281084583029142e-05 0.0015648468406193349 1.3991549576461963e-05 0.00011524558956416943 -0.001585351300105009
leaf_weight=336.75644356012344 790.91822808980942 296.0954083353281 360.77354842424393 263.10306960344315 311.07553079724312 319.01615144312382 254.35859417915344 259.67888671159744 906.60867957770824 327.87701426446438 320.49404540657997 670.94691295921803
leaf_count=1352 3173 1190 1445 1055 1251 1279 1022 1044 3642 1314 1285 2708
internal_value=0.000122824 -0.000247746 0.000206011 0.000897098 -0.000141938 -0.000595909 0.000340564 -0.0011071 0.00130476 0.00143432 -0.00101845 -0.00139628
internal_weight=5417.7 4753.07 3526.35 1841.56 671.849 1684.79 573.375 1226.72 1169.71 664.633 1111.41 930.626
internal_count=21760 19094 14152 7393 2696 6759 2301 4942 4697 2666 4458 3752
is_linear=0
shrinkage=0.02


Tree=130
num_leaves=8
num_cat=0
split_feature=31 31 41 31 41 3 4
split_gain=8.29915 5.44759 8.17265 7.37469 5.97609 2.98898 1.42104
threshold=-0.090480484068393693 0.12060529366135599 1.0992000102996828 0.027519260533154014 -1.1455500125885008 0.07198916003108026 63.726762771606452
decision_type=8 8 10 10 8 2 2
left_child=-1 2 3 4 -2 -5 -4
right_child=1 -3 6 5 -6 -7 -8
leaf_value=0.0016045309300440533 0.00053201447487819095 -0.0014135587190860766 0.0015610438082227852 0.0010721367426963014 -0.0012477541323162777 -0.00034631657514781224 -1.4379899985328559e-05
leaf_weight=391.99003875255585 484.04006676375866 355.99088072776794 524.38535293936729 852.80028501152992 2135.1689570993185 418.1556386500597 255.07820485532284
leaf_count=1573 1941 1435 2103 3421 8573 1687 1027
internal_value=0.000122472 -0.000205604 8.72277e-05 -0.000344214 -0.000869246 0.000652635 0.00130426
internal_weight=5417.61 5025.62 4669.63 3890.16 2619.21 1270.96 779.464
internal_count=21760 20187 18752 15622 10514 5108 3130
is_linear=0
shrinkage=0.02


Tree=131
num_leaves=14
num_cat=0
split_feature=12 0 5 9 25 27 3 21 22 22 40 6 0
split_gain=8.24634 6.61274 8.52698 5.58136 4.33133 3.47924 2.65256 2.20832 1.70183 1.512 1.44127 1.02543 0.487939
threshold=0.13444215059280398 1.0066291093826296 0.057989757508039481 0.031830711290240295 14.253360748291017 1.0800004005432131 0.042221773415803916 28.445000648498539 61.500000000000007 67.500000000000014 -0.08481405675411223 3.1384201049804692 1.2891374230384829
decision_type=2 2 2 2 2 2 2 2 2 2 10 2 2
left_child=4 3 9 5 7 8 -5 10 -2 -3 -1 -4 -11
right_child=1 2 11 6 -6 -7 -8 -9 -10 12 -12 -13 -14
leaf_value=7.8813235797809845e-05 -5.4641832788118807e-05 -4.8980989511767008e-05 7.0468622083789677e-05 0.0009313526355768522 -0.00034261107301911516 0.00019624264776622598 -0.00043293048837155 -5.8412818107925401e-05 -0.0019711865826485594 0.0016328955157566718 0.0019604504063696392 -0.0010900787113973598 0.0001238793799181414
leaf_weight=265.91717392206192 262.97184517979622 249.14879281818867 278.34508883953094 253.0675253868103 357.13779434561729 257.33210372924805 467.46029223501682 268.26030032336712 945.96474552154541 550.76733176410198 663.32405206561089 346.97625523805618 250.81792849302292
leaf_count=1066 1056 1000 1122 1014 1432 1033 1883 1075 3799 2211 2659 1403 1007
internal_value=0.000124701 -0.000377167 0.00045194 -0.000962245 0.0010677 -0.00145885 0.000288463 0.00145686 -0.00174794 0.00124378 0.00171538 -0.000828007 0.00146611
internal_weight=5417.49 3862.85 1676.06 2186.8 1554.64 1466.27 720.528 1197.5 1208.94 1050.73 929.241 625.321 801.585
internal_count=21760 15528 6743 8785 6232 5888 2897 4800 4855 4218 3725 2525 3218
is_linear=0
shrinkage=0.02


Tree=132
num_leaves=14
num_cat=0
split_feature=11 32 10 35 7 41 9 13 7 3 41 41 35
split_gain=8.25358 5.35999 5.21259 4.35411 3.76289 2.92708 2.79702 3.06216 2.78822 2.58571 1.35881 0.805203 0.560063
threshold=-0.0094541753642261011 0.72286486625671398 0.033184148371219642 -1.0000000180025095e-35 0.014757621102035047 1.0843499898910525 -0.088688801974058137 0.11104229465126993 0.02699271030724049 0.07319445908069612 -0.048399999737739556 -1.3228999972343443 -1.0000000180025095e-35
decision_type=2 2 2 8 2 10 2 2 2 2 8 10 10
left_child=3 2 5 10 -5 8 -6 -8 -2 12 -1 -3 -4
right_child=1 11 9 4 6 -7 7 -9 -10 -11 -12 -13 -14
leaf_value=0.00030461284376616534 -0.0012282405426218286 -8.0886871877698956e-05 0.0014973329266589981 -0.00031325267879278059 -6.3058495446554176e-05 0.00047137026056704427 0.002097371238374631 -5.543636795418582e-06 0.00031362804840665481 -0.00023232463471099463 -0.00075630803363341368 -0.0016050376788112508 9.0135909923517885e-05
leaf_weight=249.95094949007034 922.57352609932423 260.94882752001286 307.01550920307636 254.56437952816486 329.22625307738781 283.44274845719337 914.38586923480034 322.25255501270294 249.88288860023022 324.98416137695312 249.75756266713142 493.95672115683556 254.43462729454041
leaf_count=1002 3703 1051 1232 1020 1320 1137 3667 1292 1005 1312 1001 1997 1021
internal_value=0.00012487 -0.000501912 7.8971e-05 0.0008732 0.00122212 -0.000562352 0.00149446 0.00176778 -0.000905207 0.000894535 -0.000366229 -0.00139867 0.00129634
internal_weight=5417.38 3097.24 2342.33 2320.14 1820.43 1455.9 1565.86 1236.64 1172.46 886.434 499.709 754.906 561.45
internal_count=21760 12458 9410 9302 7299 5845 6279 4959 4708 3565 2003 3048 2253
is_linear=0
shrinkage=0.02


Tree=133
num_leaves=9
num_cat=0
split_feature=31 41 41 5 11 18 11 12
split_gain=8.17621 7.60545 10.0166 4.95324 4.56366 3.59487 2.18664 1.64824
threshold=0.12060529366135599 1.0992000102996828 -0.31424999237060541 0.023028254508972171 -0.043062176555395119 28.581950187683109 0.017419855110347274 0.13444215059280398
decision_type=8 10 10 2 2 2 2 2
left_child=1 2 4 7 -1 -6 -3 -4
right_child=-2 6 3 -5 5 -7 -8 -9
leaf_value=0.0014987799145110103 -0.0014029314099351738 0.0019428974570877516 -0.00013305713271821861 0.00033876391901795826 -0.00063902982680954373 0.00061726058673397381 6.0527826728214477e-05 -0.0018142311137311145
leaf_weight=652.33276882767677 355.9274405837059 466.92856307327747 446.58166947960854 475.10406455397606 905.47837147116661 1071.9813426733017 374.81480345129967 668.10292164981365
leaf_count=2616 1435 1872 1790 1915 3633 4305 1508 2686
internal_value=0.000123674 0.000415219 -3.13654e-05 -0.00101256 0.000662723 2.25554e-05 0.00155376 -0.00148744
internal_weight=5417.25 5061.32 4219.58 1589.79 2629.79 1977.46 841.743 1114.68
internal_count=21760 20325 16945 6391 10554 7938 3380 4476
is_linear=0
shrinkage=0.02


Tree=134
num_leaves=12
num_cat=0
split_feature=31 27 41 41 1 11 11 24 35 1 7
split_gain=8.10918 5.36426 5.99314 6.15816 3.78277 3.17203 2.37136 2.07061 2.06455 0.596878 0.104828
threshold=-0.090480484068393693 0.28836444020271307 1.1186000108718874 -0.22094999998807904 10.773526191711428 0.017857125960290435 -0.043062176555395119 30.71729946136475 0.064999999478459372 10.158710002899172 0.020500659011304382
decision_type=8 2 8 10 2 2 2 2 8 2 2
left_child=-1 6 3 7 -5 10 -2 -3 -7 -8 -4
right_child=1 2 5 4 -6 8 9 -9 -10 -11 -12
leaf_value=0.0015873768260155883 0.00025118244677435267 0.00087178684070019299 0.00018255810217993545 0.00026664564903036437 -0.0015757507858237992 -0.00069366492162893482 -5.1263326644888669e-05 -0.00032848689131836711 0.00054146720316702542 -0.0012767798271756331 0.0016473927991880325
leaf_weight=391.93712370097637 278.33582390844822 760.31640781462193 258.34094271063805 330.15665809810162 681.34811203181744 259.98060220479965 254.16492410004139 350.94043925404549 251.22709858417511 1130.9882999062538 469.421023696661
leaf_count=1573 1116 3052 1035 1324 2744 1046 1018 1409 1011 4551 1881
internal_value=0.000122458 -0.000202031 0.000262737 -0.000364196 -0.00112529 0.00105116 -0.000915249 0.000513782 -0.000126374 -0.00115656 0.00150418
internal_weight=5417.16 5025.22 3361.73 2122.76 1011.5 1238.97 1663.49 1111.26 511.208 1385.15 727.762
internal_count=21760 20187 13502 8529 4068 4973 6685 4461 2057 5569 2916
is_linear=0
shrinkage=0.02


Tree=135
num_leaves=9
num_cat=0
split_feature=31 41 41 5 11 18 11 12
split_gain=8.06569 7.45757 9.67733 4.90852 4.45589 3.53614 2.12872 1.62461
threshold=0.12060529366135599 1.0992000102996828 -0.31424999237060541 0.023028254508972171 -0.043062176555395119 28.581950187683109 0.017419855110347274 0.13444215059280398
decision_type=8 10 10 2 2 2 2 2
left_child=1 2 4 7 -1 -6 -3 -4
right_child=-2 6 3 -5 5 -7 -8 -9
leaf_value=0.0014788226020382494 -0.0013926189789873853 0.00192479015049351 -0.00012945941687919629 0.00034399471376349647 -0.00063500392122948655 0.00061096699375970669 6.1883041736973297e-05 -0.0017919252296293737
leaf_weight=652.30787800252438 355.87307804822922 466.93163695931435 446.56936706602573 475.07143756747246 905.45714525878429 1071.9873344302177 374.8056787699461 667.99180620908737
leaf_count=2616 1435 1872 1790 1915 3633 4305 1508 2686
internal_value=0.000123826 0.000413289 -2.92889e-05 -0.000993975 0.000652707 2.07852e-05 0.00154068 -0.00146786
internal_weight=5417 5061.12 4219.38 1589.63 2629.75 1977.44 841.737 1114.56
internal_count=21760 20325 16945 6391 10554 7938 3380 4476
is_linear=0
shrinkage=0.02


Tree=136
num_leaves=14
num_cat=0
split_feature=12 41 3 14 31 6 10 35 14 2 12 9 9
split_gain=7.9744 5.70315 5.26615 5.44028 5.06333 4.25754 3.30531 2.03281 2.07488 1.48797 1.42652 1.04568 0.462033
threshold=0.2535811066627503 -1.8377000093460081 -0.059210646897554391 0.10629046708345415 -0.010045042261481283 1.6163899898529055 0.06032278202474118 0.044999999925494201 0.1276439651846886 0.82499998807907116 0.35644195973873144 -0.029343230649828907 0.14152376353740695
decision_type=2 10 2 2 8 2 2 8 2 2 2 2 2
left_child=2 6 3 -1 9 10 11 8 -6 -4 -3 -2 -7
right_child=1 5 4 -5 7 12 -8 -9 -10 -11 -12 -13 -14
leaf_value=0.0020498935269180761 -4.8705362759518986e-05 -0.00046814763174707694 0.00013564757846767418 -0.00028638725066190023 -0.00067230049478920497 -0.0017305557175415953 -0.00055201277918112939 0.0011092797714747124 0.00054677289813560327 -0.0011864296130489464 0.0005093605549967257 0.0012162305989704655 -0.00016805109053331219
leaf_weight=673.18460200726986 251.01295256614685 264.79057441651821 254.21546167135239 291.29813791811466 338.07076445221901 780.588796839118 249.05354058742523 511.15650416910648 249.81832550466061 389.54989773035049 492.36842650175095 384.00642494857311 287.78344009816647
leaf_count=2702 1006 1064 1019 1167 1356 3146 1003 2049 1002 1562 1980 1540 1164
internal_value=0.000122613 -0.000563239 0.000780318 0.00153839 -1.87584e-06 -0.00106246 0.000482216 0.000671428 -0.000136443 -0.000881951 0.000100339 0.00097201 -0.00156919
internal_weight=5416.9 2709.6 2707.29 964.483 1742.81 1825.53 884.073 1099.05 587.889 643.765 757.159 635.019 1068.37
internal_count=21760 10903 10857 3869 6988 7354 3549 4407 2358 2581 3044 2546 4310
is_linear=0
shrinkage=0.02


Tree=137
num_leaves=10
num_cat=0
split_feature=31 41 41 5 5 31 9 4 12
split_gain=7.94494 7.38131 9.44044 4.84441 3.43316 3.92117 2.38126 2.05422 1.56107
threshold=0.12060529366135599 1.0992000102996828 -0.31424999237060541 0.023028254508972171 -0.037310503423213952 0.027519260533154014 -0.095766760408878313 64.275905609130874 0.13444215059280398
decision_type=8 10 10 2 2 10 2 2 2
left_child=1 2 4 8 6 -6 -1 -3 -4
right_child=-2 7 3 -5 5 -7 -8 -9 -10
leaf_value=-0.00011677325322378434 -0.0013834694437657941 0.0018236456661322414 -0.00013157462371726213 0.00034358040593045474 -0.00056342480337431714 0.00079186912508977356 0.0016361053247349645 -3.2566812301818433e-05 -0.0017731518065377981
leaf_weight=261.75417858362198 355.82355713844299 591.88843922317028 446.55942466855049 475.06536988914013 1144.5936673730612 663.19408965110779 560.15002317726612 249.82703840732574 667.89392818510532
leaf_count=1049 1435 2374 1790 1915 4593 2664 2248 1006 2686
internal_value=0.000121369 0.000408829 -3.111e-05 -0.000983648 0.000642802 2.65679e-05 0.00129988 0.00153047 -0.00145476
internal_weight=5416.75 5060.93 4219.21 1589.52 2629.69 1807.79 821.904 841.715 1114.45
internal_count=21760 20325 16945 6391 10554 7257 3297 3380 4476
is_linear=0
shrinkage=0.02


Tree=138
num_leaves=12
num_cat=0
split_feature=31 27 41 41 10 32 21 11 12 28 8
split_gain=7.89991 5.25499 5.71875 5.89764 3.07592 3.15753 2.73104 2.28149 2.17163 0.370905 0.0402462
threshold=-0.090480484068393693 0.28836444020271307 1.1186000108718874 -0.22094999998807904 0.066584911197423949 0.33282728493213659 30.520000457763675 -0.043062176555395119 0.13626922667026523 189.50000000000003 0.013496953528374435
decision_type=8 2 8 10 2 2 2 2 2 2 2
left_child=-1 7 3 6 5 -4 -3 -2 -5 -9 -11
right_child=1 2 4 8 -6 -7 -8 9 -10 10 -12
leaf_value=0.001566479458742032 0.00024332345347184714 0.00093699255070244392 -7.649536183490292e-05 0.00012921068990009174 -0.00026769870262704002 0.0018154955281407073 -0.00040989635065595526 -8.6745650857142674e-05 -0.0014129149614121217 -0.0014469722021980675 -0.00029578428939379213
leaf_weight=391.86936523020267 278.31394805014133 742.39920710027218 383.02420714497566 306.14417004585266 295.40138223767281 560.51322564482689 368.81972208619118 260.85130842030048 705.16451986134052 562.63235878944397 561.50722040235996
leaf_count=1573 1116 2980 1535 1227 1190 2248 1481 1049 2841 2259 2261
internal_value=0.000120522 -0.000199722 0.000260262 -0.000352937 0.00103004 0.00137191 0.000505232 -0.000905684 -0.00109831 -0.00114186 -0.00124444
internal_weight=5416.64 5024.77 3361.47 2122.53 1238.94 943.537 1111.22 1663.3 1011.31 1384.99 1124.14
internal_count=21760 20187 13502 8529 4973 3783 4461 6685 4068 5569 4520
is_linear=0
shrinkage=0.02


Tree=139
num_leaves=11
num_cat=0
split_feature=31 0 32 23 12 25 7 41 31 1
split_gain=7.8408 7.34767 6.14455 3.68482 3.18052 2.80842 2.85943 2.23237 2.10699 0.645624
threshold=0.12060529366135599 0.78081402182579052 0.54411193728446972 0.61703181266784679 0.14875411242246631 14.809648513793947 0.013907318469136955 1.7265500426292422 0.022564655169844631 11.317996501922609
decision_type=8 2 2 2 2 2 2 8 10 2
left_child=1 4 5 -4 -1 6 -3 -5 9 -6
right_child=-2 2 3 7 8 -7 -8 -9 -10 -11
leaf_value=0.00036928783753320923 -0.0013749117033044391 7.2399073596079137e-05 0.0008034581227195414 -0.00099931993280466579 -0.0015873556953258671 -2.949544101745589e-05 0.0019326394319825421 0.00026248602561092601 0.00016220629506801695 -0.00012769453362760914
leaf_weight=473.57026748359203 355.77879276871681 474.75973059237003 306.34986631572247 755.04889877140522 335.09552559256554 461.39780573546886 1242.3493535220623 426.0771662145853 270.90695311129093 315.19886212050915
leaf_count=1899 1435 1903 1230 3042 1345 1852 4986 1713 1089 1266
internal_value=0.000119962 0.000405603 0.000829803 -0.000145406 -0.000601762 0.00135158 0.0016112 -0.00062343 -0.00103985 -0.00135092
internal_weight=5416.53 5060.75 3665.98 1487.48 1394.77 2178.51 1717.11 1181.13 921.201 650.294
internal_count=21760 20325 14726 5985 5599 8741 6889 4755 3700 2611
is_linear=0
shrinkage=0.02


Tree=140
num_leaves=13
num_cat=0
split_feature=10 27 41 14 28 11 23 35 12 41 12 0
split_gain=7.83553 4.38331 5.12019 4.55672 3.81642 3.37438 2.79858 2.37287 2.13834 2.04861 1.15422 0.75759
threshold=-0.090605039149522767 0.28836444020271307 1.1186000108718874 0.23222684860229495 153.50000000000003 0.017857125960290435 0.67471677064895641 0.064999999478459372 0.24600818008184436 -0.060350000858306878 0.12227569893002511 1.0004184246063235
decision_type=2 2 8 2 2 2 2 8 2 10 2 2
left_child=8 4 3 6 -2 -4 -3 -7 -1 -5 -6 -12
right_child=1 2 5 9 10 7 -8 -9 -10 -11 11 -13
leaf_value=0.0018248328252573477 0.00045001036329260529 0.0002692777070981622 0.0014423358329892367 0.00098424579855429443 -2.6690592569899816e-05 -0.00076960390563610484 -0.0012271719559420859 0.00055408058305796192 -3.0446088018339741e-05 -0.00030865531540701861 -0.0016772971890038381 -0.00022012492529801701
leaf_weight=295.4859050065279 259.3331975787878 331.40227389335632 663.44581010937691 399.35292728245258 323.41764725744724 269.95744456350803 1005.3212546557188 258.71852491796017 281.87977714836597 299.47888280451298 542.87085226178169 485.81757417321205
leaf_count=1188 1042 1330 2658 1605 1296 1086 4039 1041 1130 1206 2183 1956
internal_value=0.00011618 -0.000229772 0.000206577 -0.000375531 -0.000876047 0.000945983 -0.000894743 -0.000178293 0.00143627 0.000563101 -0.00120584 -0.00139749
internal_weight=5416.48 4839.12 3227.68 2035.56 1611.44 1192.12 1336.72 528.676 577.366 698.832 1352.11 1028.69
internal_count=21760 19442 12965 8180 6477 4785 5369 2127 2318 2811 5435 4139
is_linear=0
shrinkage=0.02


Tree=141
num_leaves=10
num_cat=0
split_feature=31 1 11 41 39 14 0 27 31
split_gain=7.7706 5.1099 6.88418 3.83306 3.74435 2.0218 2.82608 1.82091 1.02299
threshold=-0.090480484068393693 9.8894615173339862 0.0030743810348212723 0.97495001554489147 -116.91500091552733 1.2946136593818667 1.0879577994346621 0.28836444020271307 -0.0067205270752310744
decision_type=8 2 2 8 8 2 2 2 10
left_child=-1 8 3 4 -3 6 -4 -5 -2
right_child=1 2 5 7 -6 -7 -8 -9 -10
leaf_value=0.0015515168839339705 -4.7557276281682982e-05 0.00048710983782394352 -0.0017635714694286507 -0.00013306302397921263 -0.00091637012200788276 3.5577598612490782e-05 -0.00012794343915572084 0.0012690003202260236 0.0012024282804901372
leaf_weight=391.8269976824522 261.31757400929928 700.58292193710804 943.50552444159985 305.13258977234364 794.97467909753323 473.22937622666359 740.89757753908634 550.98782733082771 253.90233719348907
leaf_count=1573 1047 2811 3801 1223 3190 1907 2984 2207 1017
internal_value=0.000117238 -0.00020009 -0.000455057 0.000270266 -0.0003195 -0.00110056 -0.00132609 0.00094982 0.000930544
internal_weight=5416.36 5024.53 4509.31 2351.68 1495.56 2157.63 1684.4 856.12 515.22
internal_count=21760 20187 18123 9431 6001 8692 6785 3430 2064
is_linear=0
shrinkage=0.02


Tree=142
num_leaves=11
num_cat=0
split_feature=31 0 32 23 12 25 7 41 31 1
split_gain=7.73264 7.19979 5.98795 3.60654 3.10193 2.75019 2.76474 2.17372 2.09964 0.647144
threshold=0.12060529366135599 0.78081402182579052 0.54411193728446972 0.61703181266784679 0.14875411242246631 14.809648513793947 0.013907318469136955 1.7265500426292422 0.022564655169844631 11.317996501922609
decision_type=8 2 2 2 2 2 2 8 10 2
left_child=1 4 5 -4 -1 6 -3 -5 9 -6
right_child=-2 2 3 7 8 -7 -8 -9 -10 -11
leaf_value=0.00036445793886359537 -0.0013654858241820972 7.4575538556268005e-05 0.00079663150747935206 -0.00098579276982918747 -0.0015743559795283312 -2.9167814395635321e-05 0.00191070111364516 0.00025918015678921043 0.00016543689676938391 -0.00012490266045105122
leaf_weight=473.54639469087124 355.72355438768864 474.74273703992367 306.34205141663551 754.95964643359184 335.05304312705994 461.37876698374748 1242.3267071694136 426.06851586699486 270.88414581120014 315.17646101117134
leaf_count=1899 1435 1903 1230 3042 1345 1852 4986 1713 1089 1266
internal_value=0.000119063 0.000402742 0.000822559 -0.000141268 -0.000594728 0.00133755 0.00159446 -0.000614815 -0.00102733 -0.00133852
internal_weight=5416.2 5060.48 3665.82 1487.37 1394.66 2178.45 1717.07 1181.03 921.114 650.23
internal_count=21760 20325 14726 5985 5599 8741 6889 4755 3700 2611
is_linear=0
shrinkage=0.02


Tree=143
num_leaves=10
num_cat=0
split_feature=10 31 8 31 32 0 27 12 21
split_gain=7.6856 4.7291 8.35434 4.16995 3.81033 3.79874 3.3419 2.11334 1.95558
threshold=-0.090605039149522767 0.12060529366135599 -0.0053519692737609139 -0.079161483794450746 0.72286486625671398 0.76915749907493602 1.231500029563904 0.24600818008184436 16.355000495910648
decision_type=2 8 2 10 2 2 2 2 2
left_child=7 2 3 -2 5 -4 -5 -1 -6
right_child=1 -3 4 6 8 -7 -8 -9 -10
leaf_value=0.0018090962150056939 0.00053840416975995688 -0.0013544467888037979 -0.00029233705249200319 -0.0013184426475492 -0.00078499119538293853 0.0014385962843877053 0.00031565114401980234 -3.1619502818194481e-05 0.00041205283089722249
leaf_weight=295.42506727576256 315.96806275844574 343.74265648424625 335.31000477075577 1512.3350495696068 337.63341531157494 1404.661450073123 282.08650313317776 281.87438680231571 307.111014097929
leaf_count=1188 1267 1387 1346 6071 1362 5639 1132 1130 1238
internal_value=0.000115319 -0.000227346 5.77983e-05 -0.000719496 0.000754309 0.00111791 -0.00104235 0.00142273 -0.000303258
internal_weight=5416.15 4838.85 4495.11 2110.39 2384.72 1739.97 1794.42 577.299 644.744
internal_count=21760 19442 18055 8470 9585 6985 7203 2318 2600
is_linear=0
shrinkage=0.02


Tree=144
num_leaves=12
num_cat=0
split_feature=11 41 4 5 6 31 41 14 1 19 35
split_gain=7.61149 6.20586 5.18377 3.60986 5.48274 4.14361 3.51743 2.36143 2.05771 0.602218 0.134249
threshold=-0.059472041204571717 1.033800005912781 64.275905609130874 0.010117177851498129 2.239149928092957 -0.079161483794450746 -1.1455500125885008 0.22497458010911944 11.86129951477051 25.361150741577152 0.034999999217689044
decision_type=2 10 2 2 2 10 8 2 2 10 8
left_child=8 3 10 5 7 -2 -7 -5 -1 -6 -3
right_child=1 2 -4 4 9 6 -8 -9 -10 -11 -12
leaf_value=0.0017588034013558149 0.0004298601037144743 0.00017930305208234456 -0.00051965315958949984 -0.00020642715689374696 -0.0010178261239212059 0.00020634413822179527 -0.0015705230351724809 0.0012195804121892663 -8.3315978239272252e-06 -2.4981781926391064e-05 0.0015911193969027398
leaf_weight=336.5168801099062 269.53342068195343 274.94775125384331 337.33546610176563 375.05529081821442 346.67821308970451 328.08723425865173 1543.1194195002317 590.76331378519535 327.80699622631073 365.92737254500389 320.2989989221096
leaf_count=1352 1081 1103 1360 1508 1399 1315 6195 2372 1314 1476 1285
internal_value=0.00011497 -0.000238612 0.000808552 -0.000594041 0.000100244 -0.00101394 -0.00129101 0.0008264 0.00136758 -0.000797825 0.00142596
internal_weight=5416.07 4751.75 932.582 3819.16 1678.42 2140.74 1871.21 965.819 664.324 712.606 595.247
internal_count=21760 19094 3748 15346 6755 8591 7510 3880 2666 2875 2388
is_linear=0
shrinkage=0.02


Tree=145
num_leaves=13
num_cat=0
split_feature=3 0 15 39 31 22 23 1 22 11 7 22
split_gain=7.61248 5.9086 6.36033 7.30925 3.96594 2.76274 2.47629 2.29398 1.98688 1.85058 1.60432 1.11756
threshold=0.07198916003108026 0.78081402182579052 3.2135499715805058 121.74500274658205 -0.0034260008251294489 221.50000000000003 0.7710881531238557 12.294312953948976 696.50000000000011 0.005209843162447215 0.026456763036549095 74.500000000000014
decision_type=2 2 2 10 10 2 2 2 2 2 2 2
left_child=1 5 3 7 -2 11 10 -3 -7 -6 -4 -1
right_child=4 2 6 -5 9 8 -8 -9 -10 -11 -12 -13
leaf_value=-0.00025448658044745941 0.00042858576639173511 0.0020058749731003559 -0.0011368177663319959 -0.00044334957902705975 3.4560449025837652e-05 -0.0013092548755822598 0.00049420924270405619 -1.961299516408641e-06 0.0001590312729808762 -0.0016236365433781891 0.00017509833953955061 0.00070403754154126541
leaf_weight=281.89823813736439 254.09626238048077 1472.6564300656319 304.09358774125576 378.79168090224266 285.39505621790886 392.81247307360172 325.33252358436584 249.19959557056427 292.1399732530117 639.73214642703533 262.93793396651745 276.86103418469429
leaf_count=1131 1024 5907 1220 1521 1146 1577 1306 1000 1172 2590 1055 1111
internal_value=0.000118126 0.000518164 0.000929583 0.00139199 -0.000936763 -0.000446931 -0.00030509 0.00180922 -0.000939164 -0.00133799 -0.000785873 0.000356922
internal_weight=5415.95 4236.72 2993.01 2100.65 1179.22 1243.71 892.364 1721.86 684.952 925.127 567.032 558.759
internal_count=21760 17000 12009 8428 4760 4991 3581 6907 2749 3736 2275 2242
is_linear=0
shrinkage=0.02


Tree=146
num_leaves=11
num_cat=0
split_feature=10 1 27 41 41 10 12 28 31 21
split_gain=7.55914 4.65828 3.66343 5.66767 3.38037 3.27807 2.08542 1.98368 1.29099 0.756004
threshold=-0.090605039149522767 9.8894615173339862 0.28836444020271307 1.1186000108718874 -0.22094999998807904 0.066584911197423949 0.24600818008184436 189.50000000000003 -0.0067205270752310744 72.15000152587892
decision_type=2 2 2 8 10 2 2 2 10 2
left_child=6 8 7 4 -4 -5 -1 -3 -2 -9
right_child=1 2 3 5 -6 -7 -8 9 -10 -11
leaf_value=0.0017942654232386218 -0.00010334222927983156 0.00013861036558810984 0.00020089657344445338 0.0012307441155678456 -0.0011477454737303413 -0.00036583436249130498 -3.2172445525163172e-05 -0.0014824147765201768 0.0011732909079553207 -9.0382537173139469e-05
leaf_weight=295.36248488724232 268.8306432813406 282.25033289194107 942.0625067204237 789.63180428743362 864.13098183274269 298.59811551868916 281.86864471435547 841.64181642234325 250.64576797187328 300.83728817105293
leaf_count=1188 1077 1135 3783 3166 3479 1203 1130 3385 1004 1210
internal_value=0.000113707 -0.000226048 -0.000474251 -1.9416e-06 -0.000603033 0.000823391 0.00141041 -0.00107721 0.00085563 -0.00130983
internal_weight=5415.86 4838.63 4319.15 2894.42 1806.19 1088.23 577.231 1424.73 519.476 1142.48
internal_count=21760 19442 17361 11631 7262 4369 2318 5730 2081 4595
is_linear=0
shrinkage=0.02


Tree=147
num_leaves=12
num_cat=0
split_feature=31 27 41 41 14 11 11 35 1 8 7
split_gain=7.50376 4.96267 5.33323 5.62302 4.19072 2.91901 2.18855 2.02223 0.562133 1.00597 0.296387
threshold=-0.090480484068393693 0.28836444020271307 1.1186000108718874 -1.1455500125885008 0.53743961453437816 0.017857125960290435 -0.043062176555395119 0.064999999478459372 10.862035274505617 -0.0036342021776363249 0.020500659011304382
decision_type=8 2 8 10 2 2 2 8 2 2 2
left_child=-1 6 3 -3 -5 10 -2 -7 9 -8 -4
right_child=1 2 5 4 -6 7 8 -9 -10 -11 -12
leaf_value=0.00152445286859702 0.00023995228912097234 0.00080105151999528457 0.00014738106555635695 -0.0012293862455257803 0.00043532649801657046 -0.00068806712421764561 -0.00054209303956617532 0.00053457898265298726 -0.0013185633652955582 0.00032931015015898993 0.0015871286843156865
leaf_weight=391.74666082859039 278.27707321941853 489.36069326102734 258.32355965673923 1274.685851290822 358.11349323391914 259.93066984415054 278.56938496232033 251.20662373304367 853.85819427669048 252.24492162466049 469.39357373118401
leaf_count=1573 1116 1963 1035 5124 1442 1046 1117 1011 3440 1012 1881
internal_value=0.000114952 -0.000196863 0.000250588 -0.000341464 -0.000839927 0.000994052 -0.000882757 -0.000127369 -0.00111439 -0.00017892 0.00142925
internal_weight=5415.71 5023.96 3361.01 2122.16 1632.8 1238.85 1662.95 511.137 1384.67 530.814 727.717
internal_count=21760 20187 13502 8529 6566 4973 6685 2057 5569 2129 2916
is_linear=0
shrinkage=0.02


Tree=148
num_leaves=9
num_cat=0
split_feature=31 41 41 5 11 31 11 1
split_gain=7.48849 6.97475 8.65788 4.75246 4.26463 4.09557 2.01954 1.28184
threshold=0.12060529366135599 1.0992000102996828 -0.31424999237060541 0.023028254508972171 -0.058273196220397942 0.027519260533154014 0.017419855110347274 10.628879070281984
decision_type=8 10 10 2 2 10 2 2
left_child=1 2 4 7 -1 -6 -3 -4
right_child=-2 6 3 -5 5 -7 -8 -9
leaf_value=0.0015302882759827728 -0.001343521229455311 0.0018608465680116015 -0.00012029680035547654 0.00035556449572209168 -0.00048172772508367305 0.00085305725616631445 5.6311024258129715e-05 -0.0016839478356480723
leaf_weight=446.28941862285137 355.58655473589897 466.86442664265633 404.25324255228043 474.9419361948967 1503.6808283179998 679.34985175728798 374.76214256882668 709.82503506541252
leaf_count=1791 1435 1872 1621 1915 6034 2729 1508 2855
internal_value=0.000117547 0.000396682 -3.09013e-05 -0.000943075 0.000614643 5.45757e-05 0.001487 -0.00141238
internal_weight=5415.55 5059.97 4218.34 1589.02 2629.32 2183.03 841.627 1114.08
internal_count=21760 20325 16945 6391 10554 8763 3380 4476
is_linear=0
shrinkage=0.02


Tree=149
num_leaves=9
num_cat=0
split_feature=31 41 41 5 11 31 11 25
split_gain=7.40924 6.85524 8.52572 4.6727 4.19435 4.01085 1.99019 0.888752
threshold=0.12060529366135599 1.0992000102996828 -0.31424999237060541 0.023028254508972171 -0.058273196220397942 0.027519260533154014 0.017419855110347274 12.486817359924318
decision_type=8 10 10 2 2 10 2 2
left_child=1 2 4 7 -1 -6 -3 -4
right_child=-2 6 3 -5 5 -7 -8 -9
leaf_value=0.0015196681518347501 -0.0013355574024478114 0.0018475241167800536 -6.1505792754211819e-05 0.00035298782732704913 -0.00047554419867830379 0.00084540212648437417 5.5962837513150822e-05 -0.0015675627523174982
leaf_weight=446.27385184168816 355.54773397743702 466.86631828546524 252.637735247612 474.95473501086235 1503.6602688133717 679.37564574182034 374.76338192820549 861.36997544765472
leaf_count=1791 1435 1872 1014 1915 6034 2729 1508 3462
internal_value=0.000117948 0.000395489 -2.87779e-05 -0.000934237 0.00061154 5.55346e-05 0.0014764 -0.00139968
internal_weight=5415.45 5059.9 4218.27 1588.96 2629.31 2183.04 841.63 1114.01
internal_count=21760 20325 16945 6391 10554 8763 3380 4476
is_linear=0
shrinkage=0.02


Tree=150
num_leaves=11
num_cat=0
split_feature=3 9 5 8 15 11 31 28 2 11
split_gain=7.38487 5.91428 5.81193 6.96434 3.97134 4.42196 3.90985 2.91322 2.74011 1.79481
threshold=0.07198916003108026 -0.023379933089017865 -0.091519292443990694 -0.022123929113149639 1.2371000051498415 0.034761553630232818 -0.0034260008251294489 215.50000000000003 0.63499999046325695 0.005209843162447215
decision_type=2 2 2 2 2 2 10 2 2 2
left_child=1 2 -1 7 -3 8 -2 -4 -6 -8
right_child=6 4 3 -5 5 -7 9 -9 -10 -11
leaf_value=0.00099687759312017381 0.00042951804870980338 -0.00026826905814560738 0.00017466227176819745 0.00077122826722773213 -5.3625964015325739e-05 -0.00020993317466175659 3.3345801049921599e-05 -0.0015776562647112657 0.0019506717841186961 -0.0016014860098728526
leaf_weight=288.19764092564583 254.08084957301617 458.24522438645363 282.04813931882381 310.37217788398266 262.57983210682869 396.50993199646473 285.38142327964306 1024.4091603755951 1213.9858094453812 639.53618431091309
leaf_count=1157 1024 1838 1132 1245 1053 1593 1146 4113 4869 2590
internal_value=0.000118756 0.000512523 -0.000266317 -0.000755381 0.00105154 0.00135805 -0.00092066 -0.00127829 0.00170327 -0.00132018
internal_weight=5415.35 4236.35 1905.03 1616.83 2331.32 1873.08 1179 1306.46 1476.57 924.918
internal_count=21760 17000 7647 6490 9353 7515 4760 5245 5922 3736
is_linear=0
shrinkage=0.02


Tree=151
num_leaves=13
num_cat=0
split_feature=31 27 41 41 1 11 21 1 0 4 35 7
split_gain=7.33003 4.90981 5.069 5.44489 3.67816 2.77868 2.67238 2.14781 2.04037 2.4013 2.00539 0.340204
threshold=-0.090480484068393693 0.28836444020271307 1.1186000108718874 -0.22094999998807904 10.773526191711428 0.017857125960290435 30.520000457763675 10.098364830017092 1.0879577994346621 61.068628311157234 0.064999999478459372 0.020500659011304382
decision_type=8 2 8 10 2 2 2 2 2 2 8 2
left_child=-1 7 3 6 -5 11 -3 -2 -9 -10 -7 -4
right_child=1 2 5 4 -6 10 -8 8 9 -11 -12 -13
leaf_value=0.0015108718092567946 0.00024905136679644014 0.00092290587709037246 0.00013742779907098307 0.00028883249255118494 -0.001493738787060467 -0.00068133063381945109 -0.00040794644386739988 -0.0014295003361942131 0.00066563799740876849 -0.00065722358811993 0.00053567384999125421 0.0015625402646486659
leaf_weight=391.70055915415287 260.3300763964653 742.3223520219326 258.32013037800789 330.05967779457569 680.80672962963581 259.89749802649021 368.77036282420158 882.0601087808609 253.138078302145 267.25325304269791 251.19256488978863 469.38508480787277
leaf_count=1573 1043 2980 1035 1324 2744 1046 1481 3547 1016 1079 1011 1881
internal_value=0.000118111 -0.000190656 0.00025362 -0.000325565 -0.00104384 0.000977485 0.000495024 -0.000873299 -0.00109746 0 -0.000120996 0.00140175
internal_weight=5415.24 5023.54 3360.75 2121.96 1010.87 1238.8 1111.09 1662.78 1402.45 520.391 511.09 727.705
internal_count=21760 20187 13502 8529 4068 4973 4461 6685 5642 2095 2057 2916
is_linear=0
shrinkage=0.02


Tree=152
num_leaves=11
num_cat=0
split_feature=31 0 32 23 31 3 25 7 15 15
split_gain=7.29397 6.82636 5.71559 3.50236 2.82691 3.57775 2.62375 2.6867 2.48973 1.8299
threshold=0.12060529366135599 0.78081402182579052 0.54411193728446972 0.61703181266784679 0.022564655169844631 -0.088016103953123079 14.809648513793947 0.013907318469136955 2.8596500158309941 2.3238500356674199
decision_type=8 2 2 2 10 2 2 2 2 2
left_child=1 4 6 -4 5 -1 7 -3 -7 -5
right_child=-2 2 3 9 -6 8 -8 -9 -10 -11
leaf_value=0.00037904463802264143 -0.0013235329021564421 6.8476164193739862e-05 0.00078543492737327171 -0.0010963351248719627 0.00041210398899886027 -0.001699208650519232 -2.8671117243619172e-05 0.0018684226165849029 0.00010750405312255429 6.8476110492238581e-05
leaf_weight=255.57528783380985 355.46698553860188 474.70790965855122 306.2792659252882 380.61038145422935 344.70192238688469 524.12205085158348 461.32207651436329 1242.1813015341759 269.95831806957722 800.15351708233356
leaf_count=1026 1435 1903 1230 1533 1385 2104 1852 4986 1084 3222
internal_value=0.000118983 0.000394148 0.000802801 -0.000138648 -0.000577604 -0.000941978 0.00130596 0.00155691 -0.00134429 -0.000605485
internal_weight=5415.08 5059.61 3665.25 1487.04 1394.36 1049.66 2178.21 1716.89 794.08 1180.76
internal_count=21760 20325 14726 5985 5599 4214 8741 6889 3188 4755
is_linear=0
shrinkage=0.02


Tree=153
num_leaves=10
num_cat=0
split_feature=31 1 11 41 39 35 14 7 31
split_gain=7.22975 4.85416 6.45714 3.45104 3.67711 2.1401 2.56233 1.81523 0.997949
threshold=-0.090480484068393693 9.8894615173339862 0.0030743810348212723 0.97495001554489147 -116.91500091552733 0.034999999217689044 1.2946136593818667 0.021136705763638023 -0.0067205270752310744
decision_type=8 2 2 8 8 10 2 2 10
left_child=-1 8 3 4 -3 6 -4 -5 -2
right_child=1 2 5 7 -6 -7 -8 -9 -10
leaf_value=0.0014987494487237137 -4.9369274196710524e-05 0.0004942270700407826 -0.0014966788169829537 -0.00016864408797764147 -0.00089361301586574722 0.00016870871256052016 9.6096324353498212e-05 0.0012105232842910326 0.001178963982535849
leaf_weight=391.67393854260445 261.29001992940903 700.46147060394287 1499.9029008895159 270.05549661815166 794.79203481972218 287.0460262298584 369.98067389428616 585.9782001376152 253.86247082054615
leaf_count=1573 1047 2811 6045 1082 3190 1155 1492 2348 1017
internal_value=0.000115385 -0.000191025 -0.000439997 0.000262339 -0.000298879 -0.00106529 -0.0012488 0.000906419 0.000910152
internal_weight=5415.04 5023.37 4508.22 2351.29 1495.25 2156.93 1869.88 856.034 515.152
internal_count=21760 20187 18123 9431 6001 8692 7537 3430 2064
is_linear=0
shrinkage=0.02


Tree=154
num_leaves=10
num_cat=0
split_feature=31 0 38 38 12 18 31 4 1
split_gain=7.19035 6.71209 5.58731 6.10097 3.04889 2.38712 2.06628 1.25774 0.679551
threshold=0.12060529366135599 0.78081402182579052 -4004.650024414062 577.38998413085949 0.14875411242246631 15.529749870300295 0.022564655169844631 60.225694656372077 11.317996501922609
decision_type=8 2 8 10 2 2 10 2 2
left_child=1 4 -3 5 -1 -4 8 -5 -6
right_child=-2 2 3 7 6 -7 -8 -9 -10
leaf_value=0.00037068214689279052 -0.0013137871136597189 -0.00070512819353170018 6.8960589440217397e-05 0.00027845819314585709 -0.0015510854005564589 0.0015888651599714938 0.00016938810722437676 -0.00073641825641582853 -0.00011553786861625545
leaf_weight=473.45188610255718 355.40976928174496 280.1953464448452 571.09898594021797 252.93711461126804 334.93708892166615 2213.6403392702341 270.82407961785793 347.27024471759796 315.08965618908405
leaf_count=1899 1435 1126 2292 1016 1345 8891 1089 1401 1266
internal_value=0.000118547 0.000391708 0.000796864 0.00103672 -0.000572076 0.00136555 -0.00100323 -0.000394738 -0.00131298
internal_weight=5414.85 5059.44 3665.14 3384.95 1394.3 2784.74 920.851 600.207 650.027
internal_count=21760 20325 14726 13600 5599 11183 3700 2417 2611
is_linear=0
shrinkage=0.02


Tree=155
num_leaves=12
num_cat=0
split_feature=10 1 0 8 8 40 6 12 31 11 0
split_gain=7.1877 4.43615 4.84257 6.49969 6.11718 3.67875 3.27196 2.10705 1.27984 0.949641 0.308483
threshold=-0.090605039149522767 9.8894615173339862 1.0719550848007204 0.076250221580266966 0.10101433470845224 0.033257026225328452 0.44390000402927404 0.24600818008184436 -0.0067205270752310744 0.007303754799067975 1.4150829315185549
decision_type=2 2 2 2 2 10 2 2 10 2 2
left_child=7 8 3 6 5 -4 -3 -1 -2 -5 -6
right_child=1 2 4 9 10 -7 -8 -9 -10 -11 -12
leaf_value=0.0017620277489120821 -0.00010805053648112772 0.00021654985482320342 0.0013458412422036297 0.00083553066322181288 -3.8022595389185758e-05 -0.00039127786399571676 -0.0015140246636160225 -4.3681798161637502e-05 0.0011525326333565839 -0.00015344946125555708 -0.00096617218883828231
leaf_weight=295.21157751977444 268.8092979490757 291.28762686252594 865.17237025499344 249.18544311821461 250.48179718852043 250.83139266073704 1891.9478485882282 281.84015418589115 250.61514528095722 260.04681141674519 259.43726301193237
leaf_count=1188 1077 1169 3472 1000 1011 1008 7600 1130 1004 1051 1050
internal_value=0.000110959 -0.000220376 -0.000462644 -0.00089154 0.000308694 0.000954363 -0.00128667 0.00137547 0.000835152 0.000548157 -0.000818271
internal_weight=5414.87 4837.81 4318.39 2692.47 1625.92 1116 2183.24 577.052 519.424 509.232 509.919
internal_count=21760 19442 17361 10820 6541 4480 8769 2318 2081 2051 2061
is_linear=0
shrinkage=0.02


Tree=156
num_leaves=11
num_cat=0
split_feature=31 27 6 5 8 12 41 25 14 12
split_gain=7.10682 4.82506 4.88531 7.31654 4.86163 2.97254 2.12039 1.67614 0.656282 0.622789
threshold=-0.090480484068393693 0.17249999940395358 2.239149928092957 0.010117177851498129 -0.072560947388410554 0.2535811066627503 -1.3467500209808347 14.199193477630617 -0.3642068207263946 0.14290433377027514
decision_type=8 2 2 2 2 2 10 2 2 2
left_child=-1 8 3 4 -3 -4 -7 -5 -2 -10
right_child=1 2 5 7 -6 6 -8 -9 9 -11
leaf_value=0.0014859286004817905 -6.1404402031655322e-06 0.00074395334400323713 0.0004281643381341945 0.0018117814623329711 -0.00081129792578528708 0.00012454911755118667 -0.0013866859574093559 9.8553260833443294e-05 -6.4150255168275033e-05 -0.0012998842380517548
leaf_weight=391.63208691775799 249.6496190726757 545.91268029808998 278.37805944681168 609.72457249462605 1162.8713645488024 332.72001421451569 530.04612672328949 393.79379884898663 288.48271298408508 631.50611315667629
leaf_count=1573 1003 2191 1117 2449 4665 1337 2142 1583 1156 2544
internal_value=0.00011435 -0.000189445 0.000187517 0.000605997 -0.000232633 -0.000641944 -0.00102884 0.0014909 -0.000992038 -0.00112839
internal_weight=5414.72 5023.09 3853.45 2712.3 1708.78 1141.14 862.766 1003.52 1169.64 919.989
internal_count=21760 20187 15484 10888 6856 4596 3479 4032 4703 3700
is_linear=0
shrinkage=0.02


Tree=157
num_leaves=10
num_cat=0
split_feature=31 41 41 5 5 31 9 4 12
split_gain=7.05732 6.73574 8.12571 4.60397 3.22972 3.65805 2.44436 1.87906 1.50277
threshold=0.12060529366135599 1.0992000102996828 -0.31424999237060541 0.023028254508972171 -0.037310503423213952 0.027519260533154014 -0.095766760408878313 64.275905609130874 0.13444215059280398
decision_type=8 10 10 2 2 10 2 2 2
left_child=1 2 4 8 6 -6 -1 -3 -4
right_child=-2 7 3 -5 5 -7 -8 -9 -10
leaf_value=-0.00014427344468329878 -0.0013036042058893254 0.0017379709198933951 -0.0001149025196953718 0.00035554345345061142 -0.00056017368942037015 0.00074873467557155131 0.0015741674037132803 -3.2670265198315453e-05 -0.0016902585444020014
leaf_weight=261.68180492520332 355.34556870162487 591.76156039535999 446.42847026884556 474.88236580789089 1144.3724435865879 663.1648742556572 559.83413210511208 249.7643318772316 667.3612045943737
leaf_count=1049 1435 2374 1790 1915 4593 2664 2248 1006 2686
internal_value=0.000115078 0.000385963 -3.36361e-05 -0.00091691 0.0005923 4.57165e-06 0.00122949 0.0014575 -0.00137986
internal_weight=5414.6 5059.25 4217.73 1588.67 2629.05 1807.54 821.516 841.526 1113.79
internal_count=21760 20325 16945 6391 10554 7257 3297 3380 4476
is_linear=0
shrinkage=0.02


Tree=158
num_leaves=13
num_cat=0
split_feature=3 26 9 21 11 22 3 0 15 41 7 3
split_gain=7.00433 6.80182 5.11565 5.952 4.28806 4.00728 2.32849 2.17178 1.84998 1.71181 1.44575 0.87778
threshold=0.028634635731577877 -1.0000000180025095e-35 -0.024269950576126572 27.005000114440922 0.034761553630232818 217.50000000000003 0.07319445908069612 0.82256463170051586 3.2365499734878544 -0.21240000426769254 0.01488282158970833 -0.088016103953123079
decision_type=2 2 2 2 2 2 2 2 2 10 2 2
left_child=1 -1 3 7 10 6 -2 -3 -8 -7 -4 -5
right_child=5 2 4 11 -6 9 8 -9 -10 -11 -12 -13
leaf_value=-0.00088656533391811036 0.00080592259289128765 -0.0001734478596551248 0.00019550224789036219 3.1665137275323178e-05 -0.00025686294480525883 -7.9815433737178099e-05 -0.00087420651877127592 0.0011941081883821069 0.00033582742714382603 -0.0016119906318315803 0.0020799049143328842 -0.0011596120701770072
leaf_weight=342.51754923164845 353.53023681044579 419.15359233319759 389.78185936808586 254.16410131752491 258.58074559271336 492.01071728765965 271.73350298404694 526.64394007623196 314.10449141263962 508.28386022150517 918.7390456199646 365.23116943240166
leaf_count=1374 1421 1683 1562 1020 1037 1981 1098 2114 1267 2053 3684 1466
internal_value=0.000114294 0.000606308 0.000922504 2.05972e-05 0.00150181 -0.000683672 0.000212129 0.00079048 -0.000408644 -0.00123893 0.00181458 -0.000932682
internal_weight=5414.47 3474.81 3132.29 1565.19 1567.1 1939.66 939.368 945.798 585.838 1000.29 1308.52 619.395
internal_count=21760 13940 12566 6283 6283 7820 3786 3797 2365 4034 5246 2486
is_linear=0
shrinkage=0.02


Tree=159
num_leaves=11
num_cat=0
split_feature=10 31 8 22 40 6 25 19 12 15
split_gain=6.98977 4.31006 7.9089 4.09282 3.5463 3.22839 2.85617 2.45046 2.08318 1.18502
threshold=-0.090605039149522767 0.12060529366135599 -0.0053519692737609139 696.50000000000011 0.034353652969002731 4.8801801204681405 12.548595428466799 84.22314834594728 0.24600818008184436 1.8748999834060671
decision_type=2 8 2 2 8 2 2 8 2 2
left_child=8 2 3 6 5 -4 -2 -6 -1 -5
right_child=1 -3 4 9 7 -7 -8 -9 -10 -11
leaf_value=0.0017424015065670199 0.00015218681615013387 -0.0012922375947385339 0.0013281737011066525 -0.00024653641209784321 -0.00085685013640154353 -0.00030734744501554381 -0.0014004826930095883 0.00049783970264420294 -4.6099875236078783e-05 0.00077034161874973365
leaf_weight=295.12525694072247 419.96573060750961 343.35607811808586 1540.7998063266277 258.5066134929657 326.96402378380299 263.53796242177486 1179.8764323592186 252.9921198040247 281.8242831081152 251.43688333034515
leaf_count=1188 1685 1387 6187 1037 1317 1063 4739 1018 1130 1009
internal_value=0.000110931 -0.00021601 5.60588e-05 -0.000700289 0.000733806 0.00106708 -0.00108012 -0.000319975 0.00135784 0.000421037
internal_weight=5414.39 4837.44 4494.08 2109.79 2384.29 1804.34 1599.84 579.956 576.95 509.943
internal_count=21760 19442 18055 8470 9585 7250 6424 2335 2318 2046
is_linear=0
shrinkage=0.02


Tree=160
num_leaves=10
num_cat=0
split_feature=31 27 40 40 15 22 11 1 8
split_gain=6.98433 4.73879 4.16659 3.9376 3.87126 2.55438 2.05142 0.493538 0.958167
threshold=-0.090480484068393693 0.28836444020271307 -0.11532510444521903 0.034353652969002731 1.7117999792099001 155.50000000000003 -0.043062176555395119 10.862035274505617 -0.0036342021776363249
decision_type=8 2 10 10 2 2 2 2 2
left_child=-1 6 -3 4 -4 -5 -2 8 -8
right_child=1 2 3 5 -6 -7 7 -9 -10
leaf_value=0.0014696554540706589 0.00022968625393735481 -0.00076325042358374006 -0.00024628932235995965 0.00047884847854727595 0.0012899587360022541 -0.0008773232730652945 -0.00053253432108535089 -0.0012799589851359176 0.00031885677357516531
leaf_weight=391.5681362003088 278.23044307529926 499.72356355190277 582.88519954681396 265.55803041160107 1521.3929667025805 490.72072356939316 278.51378144323826 853.490966334939 252.22128127515316
leaf_count=1573 1116 2006 2340 1068 6114 1974 1117 3440 1012
internal_value=0.000109619 -0.000191081 0.000245992 0.000555601 0.000915 -0.000398892 -0.000861491 -0.00108532 -0.000179442
internal_weight=5414.31 5022.74 3360.28 2860.56 2104.28 756.279 1662.46 1384.23 530.735
internal_count=21760 20187 13502 11496 8454 3042 6685 5569 2129
is_linear=0
shrinkage=0.02


Tree=161
num_leaves=12
num_cat=0
split_feature=31 3 8 25 23 9 19 24 27 15 14
split_gain=6.90771 6.14682 8.09096 4.79956 4.65943 3.24628 3.02079 3.14995 2.7885 2.34107 1.00632
threshold=-0.058888027444481843 0.042221773415803916 0.016596456989645961 12.78490209579468 0.8219641149044038 -0.042077846825122826 96.623649597167983 46.997749328613288 0.53999987244606029 1.542200028896332 0.092636745423078551
decision_type=8 2 2 2 2 2 8 2 2 2 2
left_child=5 2 3 8 -5 -1 7 -3 -2 -4 -8
right_child=1 6 9 4 -6 -7 10 -9 -10 -11 -12
leaf_value=-0.00013798716352543999 0.0010612571462808105 -0.0018052308761515616 -0.00010999800135762457 -0.0013747746139025729 0.00045893576782928772 0.0016406796911300784 0.00050071790203752727 0.0001183996624759983 -0.00042329627649899637 0.0016561872710889672 -0.00035187197080558237
leaf_weight=410.4571246355772 408.87873765826225 691.16235388815403 253.01351185142994 1049.3064192533493 309.38490825891495 547.08029428124428 260.35429018735886 310.97581423819065 262.29865397512913 601.26298312842846 310.07651917636395
leaf_count=1648 1640 2792 1014 4212 1242 2196 1048 1254 1052 2410 1252
internal_value=0.000107658 -0.000268945 0.000282477 -0.000421658 -0.000940833 0.00116886 -0.00102753 -0.00142544 0.000567292 0.00133682 0.000102694
internal_weight=5414.25 4456.71 2884.15 2029.87 1358.69 957.537 1572.57 1002.14 671.177 854.276 570.431
internal_count=21760 17916 11570 8146 5454 3844 6346 4046 2692 3424 2300
is_linear=0
shrinkage=0.02


Tree=162
num_leaves=11
num_cat=0
split_feature=10 1 0 5 14 14 12 27 18 31
split_gain=6.89045 4.27212 4.70195 5.66088 4.91554 4.46688 2.06296 1.52463 1.4573 1.28849
threshold=-0.090605039149522767 9.8894615173339862 1.0719550848007204 0.054666982963681228 0.62610992789268505 -0.3642068207263946 0.24600818008184436 0.41849999129772192 16.525050163269047 -0.0067205270752310744
decision_type=2 2 2 2 2 2 2 2 2 10
left_child=6 9 4 8 5 -3 -1 -5 -4 -2
right_child=1 2 3 7 -6 -7 -8 -9 -10 -11
leaf_value=0.0017297529304359006 -0.00011399432202944003 5.9837176784684741e-05 -0.00011183214555300362 -0.0010773356266865681 0.00048788652661141321 -0.0016221278048524068 -4.7032462289712268e-05 0.00016288715067927051 0.0012069521998447049 0.0011397470965297835
leaf_weight=295.0689058303833 268.78639796376228 783.6417607665062 255.31388789415359 304.53581790626049 404.35067351162434 1504.1252961158752 281.81931966543198 312.27822305262089 753.6051611751318 250.58767147362232
leaf_count=1188 1077 3149 1024 1232 1624 6047 1130 1261 3024 1004
internal_value=0.000108807 -0.000215637 -0.000453471 0.000306003 -0.000876265 -0.00118394 0.00134696 -0.000716323 0.000973156 0.000820063
internal_weight=5414.11 4837.22 4317.85 1625.73 2692.12 2287.77 576.888 616.814 1008.92 519.374
internal_count=21760 19442 17361 6541 10820 9196 2318 2493 4048 2081
is_linear=0
shrinkage=0.02


Tree=163
num_leaves=9
num_cat=0
split_feature=31 41 41 5 11 31 11 12
split_gain=6.8269 6.66175 7.89219 4.5372 4.03602 3.87721 1.86433 1.46335
threshold=0.12060529366135599 1.0992000102996828 -0.31424999237060541 0.023028254508972171 -0.058273196220397942 0.027519260533154014 0.017419855110347274 0.13444215059280398
decision_type=8 10 10 2 2 10 2 2
left_child=1 2 4 7 -1 -6 -3 -4
right_child=-2 6 3 -5 5 -7 -8 -9
leaf_value=0.0014698029985621339 -0.0012836405989014802 0.0018033444851918465 -0.00011522095172029049 0.00035401404136461734 -0.00047902655683180101 0.00081939620401475215 5.8330090603906368e-05 -0.0016744730531603597
leaf_weight=446.09356613457203 355.21545277535915 466.77435898780823 446.38430432975292 474.84613382816315 1503.4007526487112 679.32810220122337 374.67501366138458 667.23830857872963
leaf_count=1791 1435 1872 1790 1915 6034 2729 1508 2686
internal_value=0.000111496 0.000378118 -3.82698e-05 -0.000908108 0.000579373 3.98074e-05 0.00144385 -0.00136791
internal_weight=5413.96 5058.74 4217.29 1588.47 2628.82 2182.73 841.449 1113.62
internal_count=21760 20325 16945 6391 10554 8763 3380 4476
is_linear=0
shrinkage=0.02


Tree=164
num_leaves=11
num_cat=0
split_feature=31 27 6 5 8 12 41 25 14 12
split_gain=6.79034 4.66532 4.79628 7.11879 4.7654 2.8705 2.05861 1.65674 0.631606 0.591138
threshold=-0.090480484068393693 0.17249999940395358 2.239149928092957 0.010117177851498129 -0.072560947388410554 0.2535811066627503 -1.3467500209808347 14.199193477630617 -0.3642068207263946 0.14290433377027514
decision_type=8 2 2 2 2 2 10 2 2 2
left_child=-1 8 3 4 -3 -4 -7 -5 -2 -10
right_child=1 2 5 7 -6 6 -8 -9 9 -11
leaf_value=0.0014525719967389795 -6.2700599370242888e-06 0.00073826187573950417 0.00041809599558551513 0.0017914752052730276 -0.00080129017155493017 0.00012197847541334079 -0.0013683977815361237 9.530527252637447e-05 -6.4380756698830701e-05 -0.0012756277101024646
leaf_weight=391.5117227435112 249.61314924061298 545.83141538500786 278.34622584283352 609.71207499504089 1162.7107944339514 332.69471906125546 529.88407437503338 393.77340486645699 288.45340782403946 631.30811324715614
leaf_count=1573 1003 2191 1117 2449 4665 1337 2142 1583 1156 2544
internal_value=0.00011182 -0.000185158 0.000185356 0.000600072 -0.000227858 -0.000636469 -0.00101588 0.00147278 -0.000974485 -0.00110826
internal_weight=5413.84 5022.33 3852.95 2712.03 1708.54 1140.93 862.579 1003.49 1169.37 919.762
internal_count=21760 20187 15484 10888 6856 4596 3479 4032 4703 3700
is_linear=0
shrinkage=0.02


Tree=165
num_leaves=10
num_cat=0
split_feature=31 41 41 11 31 4 11 21 10
split_gain=6.7435 6.54655 7.75507 3.95637 3.80255 3.16574 1.83938 1.58516 1.24875
threshold=0.12060529366135599 1.0992000102996828 -0.31424999237060541 -0.058273196220397942 0.027519260533154014 55.830654144287116 0.017419855110347274 15.38000011444092 -0.0025400838349014516
decision_type=8 10 10 2 10 2 2 2 2
left_child=1 2 3 -1 -5 8 -3 -7 -4
right_child=-2 6 5 4 -6 7 -8 -9 -10
leaf_value=0.0014577617964476981 -0.0012743580060602163 0.0017908581602115456 -0.0015483334187193917 -0.00047304131859874455 0.00081285834519149894 -0.00042011442817655587 5.7819325489107607e-05 0.00064383945421683385 -2.0149809127976761e-05
leaf_weight=446.06153316795826 355.16027642786503 466.76502180099487 700.93716743588448 1503.3566240370274 679.34192943572998 333.00208075344563 374.66593800485134 277.98046286404133 276.44437053799629
leaf_count=1791 1435 1872 2817 6034 2729 1342 1508 1121 1111
internal_value=0.000112538 0.00037734 -3.5844e-05 0.000576101 4.11739e-05 -0.000898401 0.00143378 0.000155416 -0.00132561
internal_weight=5413.72 5058.56 4217.12 2628.76 2182.7 1588.36 841.431 610.983 977.382
internal_count=21760 20325 16945 10554 8763 6391 3380 2463 3928
is_linear=0
shrinkage=0.02


Tree=166
num_leaves=13
num_cat=0
split_feature=3 26 9 21 11 22 3 12 15 41 7 3
split_gain=6.71537 6.69438 4.91413 5.84404 4.23541 3.96199 2.25734 2.01985 1.83386 1.69137 1.35088 0.847504
threshold=0.028634635731577877 -1.0000000180025095e-35 -0.024269950576126572 27.005000114440922 0.034761553630232818 217.50000000000003 0.07319445908069612 0.2535811066627503 3.2365499734878544 -0.21240000426769254 0.01488282158970833 -0.088016103953123079
decision_type=2 2 2 2 2 2 2 2 2 10 2 2
left_child=1 -1 3 7 10 6 -2 -3 -8 -7 -4 -5
right_child=5 2 4 11 -6 9 8 -9 -10 -11 -12 -13
leaf_value=-0.00088390691932896794 0.00080027588225458127 0.0011086819835770174 0.00019737798136735957 2.9690591671949233e-05 -0.00026047758923387492 -7.5905128015008532e-05 -0.0008626325643515451 -0.00023527279284752206 0.00033908126355584075 -0.0015919456907893899 0.0020467910197133846 -0.0011449393941886628
leaf_weight=342.46104918420315 353.52262844145298 664.43617826700211 389.74273197352886 254.1229015737772 258.56718237698078 491.95323215425014 271.65462297201157 281.19864578545094 314.06526102125645 508.11287479102612 918.62140940129757 365.16179025173187
leaf_count=1374 1421 2667 1562 1020 1037 1981 1098 1130 1267 2053 3684 1466
internal_value=0.000113037 0.000594708 0.000909126 2.33275e-05 0.00147694 -0.000668503 0.000217721 0.000785496 -0.000396985 -0.00122142 0.00178857 -0.000922065
internal_weight=5413.62 3474.31 3131.85 1564.92 1566.93 1939.31 939.243 945.635 585.72 1000.07 1308.36 619.285
internal_count=21760 13940 12566 6283 6283 7820 3786 3797 2365 4034 5246 2486
is_linear=0
shrinkage=0.02


Tree=167
num_leaves=10
num_cat=0
split_feature=31 27 32 22 23 10 11 14 12
split_gain=6.67601 4.59263 4.0486 4.4262 3.77418 3.32559 3.77752 0.617157 0.570927
threshold=-0.090480484068393693 0.17249999940395358 0.5562906563282014 47.500000000000007 0.66105177998542797 0.029411726631224159 -0.0067750804591923943 -0.3642068207263946 0.14290433377027514
decision_type=8 2 2 2 2 2 2 2 2
left_child=-1 7 5 -4 -5 6 -3 -2 -9
right_child=1 2 3 4 -6 -7 -8 8 -10
leaf_value=0.0014388997854781118 -7.2437052526455973e-06 0.0006289934486350615 0.00070082700171059619 0.00035494759772939283 -0.0013779727027466388 0.0013125152795173817 -0.00068855382636615222 -6.5641996950432477e-05 -0.0012651265328633805
leaf_weight=391.46747130155563 249.6038503497839 1038.7611143738031 249.4573837518692 311.54046273231506 834.47562758624554 631.96454358100891 786.5642865896225 288.44782546162605 631.23199684917927
leaf_count=1573 1003 4166 1004 1252 3364 2539 3159 1156 2544
internal_value=0.00010934 -0.00018494 0.000182867 -0.000506781 -0.000955253 0.000604186 2.27414e-05 -0.00096803 -0.00110029
internal_weight=5413.51 5022.05 3852.76 1395.47 1146.02 2457.29 1825.33 1169.28 919.68
internal_count=21760 20187 15484 5620 4616 9864 7325 4703 3700
is_linear=0
shrinkage=0.02


Tree=168
num_leaves=11
num_cat=0
split_feature=10 1 0 8 8 22 40 12 31 0
split_gain=6.62831 4.16541 4.60306 6.39244 5.72537 4.16637 3.55344 2.03437 1.27998 0.336644
threshold=-0.090605039149522767 9.8894615173339862 1.0719550848007204 0.089898023754358306 0.10101433470845224 696.50000000000011 0.033257026225328452 0.24600818008184436 -0.0067205270752310744 1.4150829315185549
decision_type=2 2 2 2 2 2 10 2 10 2
left_child=7 8 3 5 6 -3 -4 -1 -2 -6
right_child=1 2 4 -5 9 -7 -8 -9 -10 -11
leaf_value=0.0017045329566380799 -0.00011496725057348182 -0.0015786525370246973 0.0013151124122044073 0.00060919236448060471 -2.5980779736916458e-05 0.00014488337390796945 -0.0003880467378656564 -5.0399952382747728e-05 0.0011319867179819089 -0.00093927913955986681
leaf_weight=294.94772905111313 268.76989504694939 1710.187317699194 865.12414447963238 432.74036234617233 250.38671545684338 548.84344999492168 250.78402563929558 281.79276312887669 250.56643602252007 259.25363145768642
leaf_count=1188 1077 6872 3472 1744 1011 2204 1008 1130 1004 1050
internal_value=0.000109916 -0.000208716 -0.000444024 -0.00086266 0.000306276 -0.00123356 0.000929402 0.00132409 0.000813053 -0.000786686
internal_weight=5413.4 4836.66 4317.32 2691.77 1625.55 2259.03 1115.91 576.74 519.336 509.64
internal_count=21760 19442 17361 10820 6541 9076 4480 2318 2081 2061
is_linear=0
shrinkage=0.02


Tree=169
num_leaves=9
num_cat=0
split_feature=31 41 41 5 11 31 4 12
split_gain=6.63941 6.47172 7.56732 4.42426 3.86472 3.73553 1.77603 1.42245
threshold=0.12060529366135599 1.0992000102996828 -0.31424999237060541 0.023028254508972171 -0.058273196220397942 0.027519260533154014 64.275905609130874 0.13444215059280398
decision_type=8 10 10 2 2 10 2 2
left_child=1 2 4 7 -1 -6 -3 -4
right_child=-2 6 3 -5 5 -7 -8 -9
leaf_value=0.0014403155058057163 -0.0012637763315473723 0.0016981934418921622 -0.00011174800373083391 0.00035406567643361559 -0.0004692285181628867 0.00080528870030606577 -2.9662903591259123e-05 -0.0016445845341844657
leaf_weight=445.99743896722794 355.08628503978252 591.65534068644047 446.35538850724697 474.8054181933403 1503.2687920182943 679.33613577485085 249.70578001439571 667.0480318069458
leaf_count=1791 1435 2374 1790 1915 6034 2729 1006 2686
internal_value=0.000112557 0.00037522 -3.56183e-05 -0.000887674 0.000568912 4.03406e-05 0.00142562 -0.00134256
internal_weight=5413.26 5058.17 4216.81 1588.21 2628.6 2182.6 841.361 1113.4
internal_count=21760 20325 16945 6391 10554 8763 3380 4476
is_linear=0
shrinkage=0.02


Tree=170
num_leaves=9
num_cat=0
split_feature=31 41 41 5 11 31 11 12
split_gain=6.56484 6.34718 7.45521 4.35173 3.80073 3.65812 1.77994 1.39575
threshold=0.12060529366135599 1.0992000102996828 -0.31424999237060541 0.023028254508972171 -0.058273196220397942 0.027519260533154014 0.017419855110347274 0.13444215059280398
decision_type=8 10 10 2 2 10 2 2
left_child=1 2 4 7 -1 -6 -3 -4
right_child=-2 6 3 -5 5 -7 -8 -9
leaf_value=0.0014303276381044297 -0.0012562932962547862 0.0017650709453970277 -0.00011097107528486014 0.00035150034999483881 -0.00046320597582271675 0.00079806384932689994 5.7787704411865888e-05 -0.0016300855513192109
leaf_weight=445.97869186103344 355.04686307907104 466.72642667591572 446.35489903390408 474.81813614070415 1503.2484363913536 679.35903562605381 374.64005759358406 666.97251988947392
leaf_count=1791 1435 1872 1790 1915 6034 2729 1508 2686
internal_value=0.000112387 0.000373519 -3.36615e-05 -0.000879628 0.000566122 4.13889e-05 0.00141374 -0.00133086
internal_weight=5413.15 5058.1 4216.73 1588.15 2628.59 2182.61 841.366 1113.33
internal_count=21760 20325 16945 6391 10554 8763 3380 4476
is_linear=0
shrinkage=0.02


Tree=171
num_leaves=11
num_cat=0
split_feature=31 27 6 5 8 12 41 25 14 12
split_gain=6.52428 4.52818 4.65825 6.91647 4.65622 2.77808 2.00013 1.64851 0.605268 0.551031
threshold=-0.090480484068393693 0.17249999940395358 2.239149928092957 0.010117177851498129 -0.072560947388410554 0.2535811066627503 -1.3467500209808347 14.199193477630617 -0.3642068207263946 0.14290433377027514
decision_type=8 2 2 2 2 2 10 2 2 2
left_child=-1 8 3 4 -3 -4 -7 -5 -2 -10
right_child=1 2 5 7 -6 6 -8 -9 9 -11
leaf_value=0.0014267078005017297 -6.7284240450889678e-06 0.00073141776197033746 0.00041187806009626251 0.0017714628212933264 -0.00079017365909379497 0.00012124646728059345 -0.0013460436395959529 9.0818006932608388e-05 -6.5916610508055551e-05 -0.0012499110809637208
leaf_weight=391.40435570478439 249.58072634041309 545.75071981549263 278.31768198311329 609.71862122416496 1162.5512742102146 332.66956940293312 529.69738453626633 393.76635111868382 288.43692265450954 631.12915621697903
leaf_count=1573 1003 2191 1117 2449 4665 1337 2142 1583 1156 2544
internal_value=0.000112666 -0.000178842 0.000185667 0.000594015 -0.000222838 -0.000624916 -0.000998383 0.00145406 -0.000956769 -0.00108774
internal_weight=5413.02 5021.62 3852.47 2711.79 1708.3 1140.68 862.367 1003.48 1169.15 919.566
internal_count=21760 20187 15484 10888 6856 4596 3479 4032 4703 3700
is_linear=0
shrinkage=0.02


Tree=172
num_leaves=12
num_cat=0
split_feature=11 1 35 35 14 21 7 32 9 13 41
split_gain=6.49454 4.81059 4.19263 4.03862 3.87708 4.06706 3.38655 3.31804 2.5837 2.52461 1.28953
threshold=-0.0094541753642261011 10.025397300720217 -1.0000000180025095e-35 0.034999999217689044 0.53743961453437816 92.229999542236342 0.015835215337574485 0.54411193728446972 -0.093732628971338258 0.11682652309536935 -0.048399999737739556
decision_type=2 2 8 10 2 2 2 2 2 2 8
left_child=2 -2 10 4 5 -3 -4 -6 -8 -10 -1
right_child=1 3 6 -5 7 -7 8 -9 9 -11 -12
leaf_value=0.00027688509308446948 0.00074622431099647074 -0.0017391585662757025 -0.0002569831424445193 0.00049883871633093243 0.00082550790150469919 0.00026300795295880675 -9.1889233918907059e-05 -0.0006399609506927942 0.0019676516087478641 7.2615068161942912e-07 -0.00077210764448601464
leaf_weight=249.81494389474392 396.83269909024239 1284.6788696944714 324.96320796012878 347.80215464532375 346.11480170488358 255.44244711101055 296.59322443604469 463.73808455467224 887.4383160173893 309.89113296568394 249.58635833859444
leaf_count=1002 1590 5176 1303 1399 1390 1029 1190 1874 3563 1243 1001
internal_value=0.000113348 -0.000443172 0.000777107 -0.000753851 -0.00102203 -0.00143085 0.00112585 8.68166e-05 0.00141148 0.00166907 -0.000401646
internal_weight=5412.9 3094.61 2318.29 2697.78 2349.97 1540.12 1818.89 809.853 1493.92 1197.33 499.401
internal_count=21760 12458 9302 10868 9469 6205 7299 3264 5996 4806 2003
is_linear=0
shrinkage=0.02


Tree=173
num_leaves=10
num_cat=0
split_feature=31 11 8 19 31 14 27 21 1
split_gain=6.4744 4.82378 6.0856 5.30446 3.9424 3.22261 2.78454 2.68093 0.937336
threshold=0.12060529366135599 -0.059472041204571717 -0.01334985066205263 12.56405019760132 -0.079161483794450746 -0.94216573238372792 1.1714999675750735 9.6949996948242205 11.86129951477051
decision_type=8 2 2 8 10 2 2 2 2
left_child=1 8 4 7 -3 -6 -5 -4 -1
right_child=-2 2 3 6 5 -7 -8 -9 -10
leaf_value=0.0016304409041236376 -0.0012456600332689993 0.00053192268515416549 -0.00096405068268091878 0.0013974577075092753 0.00033066325158795005 -0.0012798495040299274 -0.00019224695239075377 0.00039827905308352686 9.2279620983880178e-05
leaf_weight=331.80274626612663 354.97500404715538 332.96582999825478 423.88040870428085 1278.7228076756001 264.37175935506821 1368.9449873566628 323.0236741900444 425.30228812992573 308.72263765335083
leaf_count=1335 1435 1336 1705 5141 1062 5499 1298 1711 1238
internal_value=0.00011398 0.000373057 3.50517e-05 0.000614216 -0.000654215 -0.000994905 0.00112039 -0.000421993 0.00136238
internal_weight=5412.71 5057.74 4417.21 2450.93 1966.28 1633.32 1601.75 849.183 640.525
internal_count=21760 20325 17752 9855 7897 6561 6439 3416 2573
is_linear=0
shrinkage=0.02


Tree=174
num_leaves=13
num_cat=0
split_feature=3 30 9 24 22 11 3 12 15 41 7 22
split_gain=6.44222 6.41756 5.70502 5.40422 3.92504 3.86433 2.20592 2.1704 1.82151 1.67023 1.08942 0.641751
threshold=0.028634635731577877 -1.0000000180025095e-35 -0.024269950576126572 29.752449989318851 217.50000000000003 0.035590233281254775 0.07319445908069612 0.30247217416763311 3.2365499734878544 -0.21240000426769254 0.01488282158970833 130.50000000000003
decision_type=2 10 2 2 2 2 2 2 2 10 2 2
left_child=1 -1 3 7 6 10 -2 -3 -8 -6 -4 -5
right_child=4 2 5 11 9 -7 8 -9 -10 -11 -12 -13
leaf_value=-0.00085300469459137257 0.00079828187333588351 0.0010183003777209459 0.00021970916627265272 -3.6517617723567552e-05 -7.1974565075811066e-05 -0.00022256054200191658 -0.0008528030641014124 -0.0003127699110550958 0.00034219478641276806 -0.0015715587455641662 0.0020415567733402694 -0.0011849858669131003
leaf_weight=356.83532407879829 353.49686169624329 746.2790420204401 384.46942734718323 306.56383733451366 491.89458982646465 251.81214225292206 271.5828466117382 250.75699497759342 314.02605050802231 507.93457299470901 919.23084366321564 257.773008659482
leaf_count=1432 1421 2996 1541 1231 1981 1010 1098 1008 1267 2053 3687 1035
internal_value=0.000113579 0.000585093 0.000895874 -2.86222e-05 -0.000652355 0.00150963 0.000224572 0.000692848 -0.000386802 -0.00120365 0.00180101 -0.00095662
internal_weight=5412.66 3473.72 3116.89 1561.37 1938.93 1555.51 939.106 997.036 585.609 999.829 1303.7 564.337
internal_count=21760 13940 12508 6270 7820 6238 3786 4004 2365 4034 5228 2266
is_linear=0
shrinkage=0.02


Tree=175
num_leaves=10
num_cat=0
split_feature=31 1 11 41 41 35 14 32 31
split_gain=6.36672 4.40548 6.0444 3.34128 3.76275 2.11507 2.45085 2.00035 0.961784
threshold=-0.09260068833827971 9.8894615173339862 0.0030743810348212723 0.97495001554489147 -1.8377000093460081 0.034999999217689044 1.2946136593818667 0.29106079041957861 -0.0067205270752310744
decision_type=8 2 2 8 10 10 2 2 10
left_child=-1 8 3 4 -3 6 -4 -5 -2
right_child=1 2 5 7 -6 -7 -8 -9 -10
leaf_value=0.0014220458894819142 -5.3622525170201728e-05 0.00075568898080503096 -0.0014441194539903178 -0.00020710761867558165 -0.00071957376002997899 0.00018171480825562031 0.00010085628671909371 0.001208804209909331 0.0011372240085603556
leaf_weight=369.39456915855408 262.46492414176464 250.21739612519741 1505.7174486517906 254.29316629469395 1250.1813323050737 287.71492891013622 370.06169793009758 608.7389580309391 253.77102327346802
leaf_count=1485 1052 1003 6072 1019 5021 1158 1493 2440 1017
internal_value=0.000109453 -0.000175314 -0.000412549 0.000262607 -0.000290386 -0.00101799 -0.00120178 0.000894295 0.000872197
internal_weight=5412.56 5043.16 4526.92 2363.43 1500.4 2163.49 1875.78 863.032 516.236
internal_count=21760 20275 18206 9483 6024 8723 7565 3459 2069
is_linear=0
shrinkage=0.02


Tree=176
num_leaves=10
num_cat=0
split_feature=31 0 38 38 12 18 31 4 1
split_gain=6.36931 6.31363 5.42128 5.59032 2.81483 2.29757 2.05665 1.21869 0.732805
threshold=0.12060529366135599 0.78081402182579052 -4004.650024414062 577.38998413085949 0.14875411242246631 15.529749870300295 0.022564655169844631 60.225694656372077 11.317996501922609
decision_type=8 2 8 10 2 2 10 2 2
left_child=1 4 -3 5 -1 -4 8 -5 -6
right_child=-2 2 3 7 6 -7 -8 -9 -10
leaf_value=0.00034950252842004331 -0.00123504257614671 -0.00070612436450365429 5.8774120526787942e-05 0.00028128100843100761 -0.0015287280562934936 0.0015354052166707097 0.00017769542930973092 -0.00071208854705581952 -0.00010309211867078402
leaf_weight=473.23968486487865 354.9008242636919 280.10571378469467 570.89936564862728 252.82933297753334 334.74057169258595 2212.8940920978785 270.71356494724751 347.07901138067245 314.93313883244991
leaf_count=1899 1435 1126 2292 1016 1345 8891 1089 1401 1266
internal_value=0.000113656 0.000370562 0.000764296 0.00100229 -0.000562288 0.00131658 -0.000975018 -0.000372551 -0.00128581
internal_weight=5412.34 5057.43 3663.81 3383.7 1393.63 2783.79 920.387 599.908 649.674
internal_count=21760 20325 14726 13600 5599 11183 3700 2417 2611
is_linear=0
shrinkage=0.02


Tree=177
num_leaves=10
num_cat=0
split_feature=10 16 5 5 35 18 12 41 11
split_gain=6.29646 4.09405 3.52457 7.15823 4.66161 2.2166 2.02687 1.119 0.313022
threshold=-0.090605039149522767 0.30304999649524694 0.054666982963681228 0.010117177851498129 1.0000000180025095e-35 17.590600013732914 0.24600818008184436 0.57195001840591442 -0.0094541753642261011
decision_type=2 2 2 2 10 2 2 8 2
left_child=6 8 3 4 -3 -5 -1 -4 -2
right_child=1 2 7 5 -6 -7 -8 -9 -10
leaf_value=0.0016704183704415135 -9.0986947954722869e-05 -0.000715844432686939 0.00011227701803654303 -6.7243061114944709e-05 0.00077723051710508332 0.0015544935845387628 -5.9091287803839883e-05 -0.0010132084326266531 -0.0012330487826191225
leaf_weight=294.76722083985806 261.77105595171452 1827.0312706083059 280.25624668598175 335.14415015280247 436.49815326929092 859.39024601876736 281.75364689528942 399.16717892885208 436.55792507529259
leaf_count=1188 1050 7334 1133 1346 1752 3453 1130 1613 1761
internal_value=0.000106333 -0.000204137 0.000103111 0.000381916 -0.00029533 0.00125866 0.00128988 -0.000742414 -0.00108889
internal_weight=5412.34 4835.82 4137.49 3458.06 2263.53 1194.53 576.521 679.423 698.329
internal_count=21760 19442 16631 13885 9086 4799 2318 2746 2811
is_linear=0
shrinkage=0.02


Tree=178
num_leaves=10
num_cat=0
split_feature=31 1 11 41 41 35 14 32 31
split_gain=6.26825 4.34295 5.68169 3.47067 3.98563 2.1029 2.3847 1.86975 0.932766
threshold=-0.094360992312431322 9.8894615173339862 0.0030743810348212723 0.97495001554489147 -1.8377000093460081 0.034999999217689044 1.2946136593818667 0.29106079041957861 -0.0067205270752310744
decision_type=8 2 2 8 10 10 2 2 10
left_child=-1 8 3 4 -3 6 -4 -5 -2
right_child=1 2 5 7 -6 -7 -8 -9 -10
leaf_value=0.001423687170483639 -4.9811137182005977e-05 0.00076982997795126649 -0.0014164902231350947 -0.00019039783890419714 -0.00074858305545202138 0.00018859570869349349 0.00010226171228552237 0.0011938699791731334 0.0011279205958803268
leaf_weight=347.67383389174938 264.19546334445477 252.44063211977482 1512.0555405765772 254.78702232241631 1256.8729468435049 287.96516138315201 370.04314109683037 612.46399542689323 253.75591504573822
leaf_count=1398 1059 1012 6098 1021 5048 1159 1493 2455 1017
internal_value=0.000106701 -0.000172694 -0.000407739 0.000246761 -0.00030994 -0.000994068 -0.00117786 0.000892668 0.00086662
internal_weight=5412.25 5064.58 4546.63 2376.56 1509.31 2170.06 1882.1 867.251 517.951
internal_count=21760 20362 18286 9536 6060 8750 7591 3476 2076
is_linear=0
shrinkage=0.02


Tree=179
num_leaves=9
num_cat=0
split_feature=31 41 41 5 11 31 4 12
split_gain=6.24643 6.27181 7.09992 4.29407 3.61943 3.58411 1.66679 1.34046
threshold=0.12060529366135599 1.0992000102996828 -0.31424999237060541 0.023028254508972171 -0.058273196220397942 0.027519260533154014 64.275905609130874 0.13444215059280398
decision_type=8 10 10 2 2 10 2 2
left_child=1 2 4 7 -1 -6 -3 -4
right_child=-2 6 3 -5 5 -7 -8 -9
leaf_value=0.0013911664354210485 -0.001224408697396058 0.0016636001040212596 -0.00011114019709037535 0.00035446336357261853 -0.00046153416654961323 0.00078686148940587219 -2.4217060270821661e-05 -0.0016060017102442091
leaf_weight=445.83147034049034 354.82756549119949 591.55823703110218 446.29233901202679 474.74046185612679 1503.0540427714586 679.30913355946541 249.64884878695011 666.7706177085638
leaf_count=1791 1435 2374 1790 1915 6034 2729 1006 2686
internal_value=0.00011101 0.000365599 -3.8275e-05 -0.000863173 0.000547864 3.70777e-05 0.00139974 -0.0013124
internal_weight=5412.03 5057.21 4216 1587.8 2628.19 2182.36 841.207 1113.06
internal_count=21760 20325 16945 6391 10554 8763 3380 4476
is_linear=0
shrinkage=0.02


Tree=180
num_leaves=9
num_cat=0
split_feature=31 41 41 5 11 31 11 12
split_gain=6.17639 6.15136 6.99488 4.22374 3.55933 3.5098 1.64603 1.31526
threshold=0.12060529366135599 1.0992000102996828 -0.31424999237060541 0.023028254508972171 -0.058273196220397942 0.027519260533154014 0.017419855110347274 0.13444215059280398
decision_type=8 10 10 2 2 10 2 2
left_child=1 2 4 7 -1 -6 -3 -4
right_child=-2 6 3 -5 5 -7 -8 -9
leaf_value=0.0013815234432889166 -0.0012171626719114038 0.0017266079213703444 -0.00011036758390714334 0.0003518953708858958 -0.00045561066075204776 0.00077980268707113069 6.3577381659398412e-05 -0.0015918466993797942
leaf_weight=445.8112056106329 354.7879875600338 466.64442421495914 446.29185017943382 474.75319409370422 1503.0338207185268 679.3309610337019 374.56595872342587 666.69460928440094
leaf_count=1791 1435 1872 1790 1915 6034 2729 1508 2686
internal_value=0.000110844 0.000363951 -3.63322e-05 -0.000855344 0.000545206 3.81318e-05 0.00138808 -0.00130097
internal_weight=5411.91 5057.13 4215.92 1587.74 2628.18 2182.36 841.21 1112.99
internal_count=21760 20325 16945 6391 10554 8763 3380 4476
is_linear=0
shrinkage=0.02


Tree=181
num_leaves=12
num_cat=0
split_feature=3 9 5 8 11 7 24 28 3 19 21
split_gain=6.16307 5.33504 5.02166 6.75512 3.51189 3.65733 3.04074 2.92598 1.64209 1.18918 1.05297
threshold=0.07319445908069612 -0.023379933089017865 -0.091519292443990694 -0.022123929113149639 0.034761553630232818 0.014978237450122835 51.427448272705085 215.50000000000003 -0.011690061073750256 99.635951995849624 -3.754999995231628
decision_type=2 2 2 2 2 2 2 2 2 8 2
left_child=1 2 -1 7 5 10 9 -4 -7 -2 -3
right_child=6 4 3 -5 -6 8 -8 -9 -10 -11 -12
leaf_value=0.00091322704212481217 -0.00148042063168541 -0.00050243781609494683 0.00018932405049656103 0.00077298343596871424 -0.00025548615479663859 0.0020525388819622454 0.00031491412234624236 -0.0015394031898991677 0.00032508661895083507 -2.1476677627829377e-05 0.00037702347236156836
leaf_weight=287.84786953032017 532.83700679242611 250.62351408600807 282.37284979224205 311.21985659003258 461.32724453508854 662.04415674507618 324.76903283596039 1024.4331870824099 700.39160966873169 299.12493626773357 274.7955591827631
leaf_count=1157 2156 1005 1134 1249 1854 2657 1311 4116 2811 1208 1102
internal_value=0.000111117 0.000467919 -0.000267749 -0.000718225 0.000978681 0.00126659 -0.000845994 -0.00123719 0.00162697 -0.00123061 -9.24644e-05
internal_weight=5411.79 4255.06 1905.87 1618.03 2349.18 1887.85 1156.73 1306.81 1362.44 831.962 525.419
internal_count=21760 17085 7656 6499 9429 7575 4675 5250 5468 3364 2107
is_linear=0
shrinkage=0.02


Tree=182
num_leaves=11
num_cat=0
split_feature=31 0 32 23 13 25 7 31 13 31
split_gain=6.10335 6.12881 5.34992 3.26945 2.75166 2.44295 2.42746 1.91076 1.70593 0.944168
threshold=0.12060529366135599 0.78081402182579052 0.54411193728446972 0.61703181266784679 -0.099877424538135515 14.809648513793947 0.013907318469136955 0.02590163424611092 0.030659103766083721 -0.048854107037186616
decision_type=8 2 2 2 2 2 2 10 2 10
left_child=1 4 5 -4 -1 6 -3 9 -5 -6
right_child=-2 2 3 8 7 -7 -8 -9 -10 -11
leaf_value=0.00040989166834880703 -0.0012084764716611667 6.5443770242001545e-05 0.00074707038459119457 -0.0010450539862558426 -3.5325945670657455e-05 -3.5506075271674637e-05 0.0017775138111072162 0.00018294113254887286 7.9842069675293271e-05 -0.0014240937587008467
leaf_weight=351.89972397685051 354.73292735219002 474.55420884490013 306.08633038401604 439.74520191550255 283.2137206196785 461.17977741360664 1241.5932715833187 268.28452636301517 740.33658340573311 490.03837592899799
leaf_count=1413 1435 1903 1230 1767 1137 1852 4986 1079 2988 1970
internal_value=0.000111973 0.000363387 0.000751462 -0.000151403 -0.000555377 0.00123902 0.00148135 -0.000919554 -0.000598497 -0.00119912
internal_weight=5411.66 5056.93 3663.5 1486.17 1393.44 2177.33 1716.15 1041.54 1180.08 773.252
internal_count=21760 20325 14726 5985 5599 8741 6889 4186 4755 3107
is_linear=0
shrinkage=0.02


Tree=183
num_leaves=11
num_cat=0
split_feature=31 1 11 41 41 5 5 32 31 41
split_gain=6.09829 4.25652 5.48952 3.28073 3.87138 1.96385 3.7809 1.92659 0.920858 0.714929
threshold=-0.094360992312431322 9.8894615173339862 0.0030743810348212723 0.95980000495910656 -1.8377000093460081 0.027794516645371917 0.054666982963681228 0.28468419611454016 -0.0067205270752310744 1.4604499936103823
decision_type=8 2 2 8 10 2 2 2 10 8
left_child=-1 8 3 4 -3 9 -7 -5 -2 -4
right_child=1 2 5 7 -6 6 -8 -9 -10 -11
leaf_value=0.0014072344645216848 -4.9594856278820886e-05 0.00076099825317849697 -0.0016158830051547018 -0.00020985685141728991 -0.00073562617027091767 0.00066696331347867988 -0.00079937456571882296 0.0011730681108064558 0.0011203319030384025 -0.00013541445071496436
leaf_weight=347.60080696642399 264.18125650286674 252.42309199273586 634.10317452251911 249.78352408111095 1249.5047442466021 460.83816950023174 747.4346476495266 624.63531914353371 253.73321908712387 327.37991851568222
leaf_count=1398 1059 1012 2555 1001 5019 1855 3025 2504 1017 1315
internal_value=0.000108432 -0.000167567 -0.000400642 0.000242678 -0.000301123 -0.000977012 -0.000195364 0.000867848 0.000860691 -0.00141027
internal_weight=5411.62 5064.02 4546.1 2376.35 1501.93 2169.76 1208.27 874.419 517.914 961.483
internal_count=21760 20362 18286 9536 6031 8750 4880 3505 2076 3870
is_linear=0
shrinkage=0.02


Tree=184
num_leaves=14
num_cat=0
split_feature=12 0 0 26 22 28 25 3 16 25 9 10 40
split_gain=6.01736 5.76236 6.6389 4.94985 5.7267 4.11036 3.25386 2.9147 1.74268 1.66207 1.18488 1.12862 0.363858
threshold=0.12512219697237018 1.0066291093826296 1.3817481398582461 1.0000000180025095e-35 784.50000000000011 201.50000000000003 14.253360748291017 0.07319445908069612 0.7305000126361848 13.908346176147463 -0.0068299274425953618 0.085932847112417235 -0.078174404799938188
decision_type=2 2 2 2 2 2 2 2 2 2 2 2 10
left_child=6 3 7 4 5 -2 8 9 -1 -3 -5 -4 -10
right_child=1 2 11 10 -6 -7 -8 -9 12 -11 -12 -13 -14
leaf_value=-2.4464226889545029e-05 0.00018689410576135028 0.0017714126459529855 0.00012400590074715997 -0.00024556419143864443 0.00033422162989353083 -0.0020121573830301186 -0.00029891689455516316 -0.00017249554126954152 0.00015077246214017403 1.7123490112631149e-05 0.00077837250576805834 -0.0010210952780987841 0.0017059422025073837
leaf_weight=307.66682806611061 250.84233500063419 505.27181075513363 257.61730344593525 248.79755158722401 434.34911854565144 1067.384318754077 337.19981557130814 362.39089666306973 249.41118225455284 278.94848789274693 248.92139160633087 308.69687296450138 553.93834583461285
leaf_count=1235 1009 2028 1036 1000 1746 4294 1353 1464 1001 1120 1001 1250 2223
internal_value=0.000110501 -0.000305241 0.000453336 -0.000849441 -0.00123618 -0.00168305 0.000943759 0.00110417 0.00128797 0.00147935 0.000432559 -0.000736036 0.00154734
internal_weight=5411.44 3963.22 1712.93 2250.29 1752.58 1318.23 1448.22 1146.61 1111.02 784.22 497.719 566.314 803.35
internal_count=21760 15948 6898 9050 7049 5303 5812 4612 4459 3148 2001 2286 3224
is_linear=0
shrinkage=0.02


Tree=185
num_leaves=10
num_cat=0
split_feature=31 41 41 11 7 4 4 21 10
split_gain=6.00678 6.00668 6.80567 3.46647 3.53147 3.03395 1.60749 1.55527 1.28429
threshold=0.12060529366135599 1.0992000102996828 -0.31424999237060541 -0.058273196220397942 0.032888537272810943 55.830654144287116 64.275905609130874 15.38000011444092 -0.0025400838349014516
decision_type=8 10 10 2 2 2 2 2 2
left_child=1 2 3 -1 -5 8 -3 -7 -4
right_child=-2 6 5 4 -6 7 -8 -9 -10
leaf_value=0.0013641419123632062 -0.0011983452255098759 0.0016322650066463739 -0.0014884822535418563 -0.00040107862351060211 0.00087982497493612822 -0.00040704758275677568 -2.4131806216920091e-05 0.0006491661444356123 -6.6498324121560045e-07
leaf_weight=445.7392166852951 354.66202861070633 591.50978624820709 700.48290391266346 1721.0523995161057 461.17961728572845 332.84247729182243 249.6305046826601 277.89961515367031 276.30885680019855
leaf_count=1791 1435 2374 2817 6908 1855 1342 1006 1121 1111
internal_value=0.000111766 0.000361115 -3.46897e-05 0.00053877 3.81303e-05 -0.000842745 0.00137312 0.000170115 -0.00126295
internal_weight=5411.31 5056.65 4215.51 2627.97 2182.23 1587.53 841.14 610.742 976.792
internal_count=21760 20325 16945 10554 8763 6391 3380 2463 3928
is_linear=0
shrinkage=0.02


Tree=186
num_leaves=11
num_cat=0
split_feature=31 27 6 5 8 41 25 22 9 8
split_gain=5.96334 4.21175 4.51897 7.10567 4.48272 2.95814 1.66149 1.51545 0.769212 0.535306
threshold=-0.094360992312431322 0.15000405162572863 2.239149928092957 0.010117177851498129 -0.072560947388410554 -1.3467500209808347 14.199193477630617 201.50000000000003 0.032736146822571761 -0.018193658441305157
decision_type=8 2 2 2 2 10 2 2 2 2
left_child=-1 8 3 4 -3 -4 -5 -7 9 -2
right_child=1 2 5 6 -6 7 -8 -9 -10 -11
leaf_value=0.0013962116031404745 -0.0013095441823033961 0.00070005940847115377 0.00034353082936634235 0.0017703894562031248 -0.00078427785380096472 2.5125922362580896e-05 9.1441804725821835e-05 -0.0014053831885822146 -4.1841458782683896e-05 -7.7323476371977934e-05
leaf_weight=347.56114076077938 442.34037180244923 567.23415119946003 443.4564133733511 620.31904090940952 1185.6498649120331 351.65330718457699 397.65291431546211 371.67383375763893 397.36214040219784 286.3053517639637
leaf_count=1398 1778 2278 1782 2492 4759 1419 1599 1502 1603 1150
internal_value=0.000112215 -0.000161356 0.000180904 0.000579766 -0.000232384 -0.00061209 0.00145259 -0.00106878 -0.000925536 -0.0011265
internal_weight=5411.21 5063.65 3937.64 2770.86 1752.88 1166.78 1017.97 723.327 1126.01 728.646
internal_count=21760 20362 15831 11128 7037 4703 4091 2921 4531 2928
is_linear=0
shrinkage=0.02


Tree=187
num_leaves=11
num_cat=0
split_feature=3 9 5 8 15 11 24 28 2 19
split_gain=5.95942 5.16327 4.85729 6.63755 4.06082 3.91709 2.98688 2.85359 2.68885 1.19247
threshold=0.07319445908069612 -0.023379933089017865 -0.091519292443990694 -0.022123929113149639 1.2371000051498415 0.034761553630232818 51.427448272705085 215.50000000000003 0.65500000119209301 99.635951995849624
decision_type=2 2 2 2 2 2 2 2 2 8
left_child=1 2 -1 7 -3 8 9 -4 -6 -2
right_child=6 4 3 -5 5 -7 -8 -9 -10 -11
leaf_value=0.00089919948286318536 -0.0014618590832667041 -0.0003169510733518837 0.00018734664824239742 0.00076997146361821971 -4.1878953324755049e-05 -0.00019478277279778332 0.00031584794379297781 -0.0015191812035165386 0.0018666972995427043 -1.6318848858588044e-05
leaf_weight=287.78753615915775 532.68157716095448 460.22108362615108 282.35193966329098 311.20210127532482 301.80503317713737 400.31478737294674 324.74821178615093 1024.2762458771467 1186.6730299890041 299.08392302691936
leaf_count=1157 2156 1847 1134 1249 1211 1609 1311 4116 4762 1208
internal_value=0.000111871 0.000462465 -0.000261811 -0.000705169 0.000964822 0.00127905 -0.000829735 -0.00122066 0.00160341 -0.00121186
internal_weight=5411.15 4254.63 1905.62 1617.83 2349.01 1888.79 1156.51 1306.63 1488.48 831.766
internal_count=21760 17085 7656 6499 9429 7582 4675 5250 5973 3364
is_linear=0
shrinkage=0.02


Tree=188
num_leaves=10
num_cat=0
split_feature=31 0 38 40 24 31 3 15 10
split_gain=5.9317 5.90292 5.25674 5.38689 2.89762 2.72146 3.26191 2.49431 2.06218
threshold=0.12060529366135599 0.78081402182579052 -4004.650024414062 0.034353652969002731 -48.579250335693352 0.022564655169844631 -0.088016103953123079 2.8596500158309941 0.01531508192420006
decision_type=8 2 8 10 2 10 2 2 2
left_child=1 5 -3 4 -4 6 -1 -8 -5
right_child=-2 2 3 8 -6 -7 7 -9 -10
leaf_value=0.00036007949625541477 -0.0011909708135377209 -0.00070276605536617796 -0.00013005016384938525 0.00043315683055530847 0.0015369660944994452 0.00041632290101811749 -0.0016455519140116796 0.00012464085043774871 -0.00073741463664275439
leaf_weight=255.33966089785099 354.60774224996567 280.04916967451572 338.30930122733116 386.72069117426872 2211.2452841103077 344.50149232149124 523.64929559826851 269.75485891103745 446.87466612458229
leaf_count=1026 1435 1126 1359 1554 8886 1385 2104 1084 1801
internal_value=0.000110935 0.000358739 0.000739437 0.000974908 0.00133791 -0.000543427 -0.000904274 -0.00128795 -0.000248644
internal_weight=5411.05 5056.44 3663.2 3383.15 2549.55 1393.25 1048.74 793.404 833.595
internal_count=21760 20325 14726 13600 10245 5599 4214 3188 3355
is_linear=0
shrinkage=0.02


Tree=189
num_leaves=9
num_cat=0
split_feature=10 16 26 35 10 1 4 11
split_gain=5.93401 4.02663 3.29268 3.48458 4.47253 2.02854 1.36084 0.282324
threshold=-0.090605039149522767 0.30304999649524694 -1.0000000180025095e-35 1.0000000180025095e-35 -0.0018219872144982217 11.604302406311037 59.996824264526374 -0.0094541753642261011
decision_type=2 2 2 10 2 2 2 2
left_child=5 7 -3 4 -4 -1 -5 -2
right_child=1 2 3 6 -6 -7 -8 -9
leaf_value=0.0016396837271066701 -9.3432714414744969e-05 -0.00083612175747714123 -0.00070971577015817029 0.0013469659388012911 0.00053426998161949714 -6.511702825044912e-05 -5.3416164879934519e-05 -0.0012138868875114582
leaf_weight=288.81596118211746 261.73179836571217 379.25516085326672 1325.7302991300821 511.24442866444588 1650.8389458954334 287.43977476656437 269.5961387604475 436.40427298843861
leaf_count=1164 1050 1524 5324 2052 6646 1154 1085 1761
internal_value=0.000104595 -0.000197002 0.0001069 0.000337437 -5.36205e-05 0.00125358 0.00108523 -0.00107476
internal_weight=5411.06 4834.8 4136.66 3757.41 2976.57 576.256 780.841 698.136
internal_count=21760 19442 16631 15107 11970 2318 3137 2811
is_linear=0
shrinkage=0.02


Tree=190
num_leaves=13
num_cat=0
split_feature=31 32 6 9 3 19 40 23 22 5 5 5
split_gain=5.92349 5.65842 3.65955 3.37932 3.25313 3.21207 2.67033 2.17124 1.29035 1.10423 2.28785 0.463194
threshold=-0.058888027444481843 0.51801419258117687 0.94464999437332164 -0.042077846825122826 0.01306335022673011 -372.82019042968744 -0.065817326307296739 0.67632621526718151 61.500000000000007 0.009040743578225376 -0.033417548984289162 -0.030880768783390519
decision_type=8 2 2 2 2 10 10 2 2 2 2 2
left_child=3 2 4 -1 6 -3 -2 -7 -9 10 -4 -5
right_child=1 5 9 11 -6 7 -8 8 -10 -11 -12 -13
leaf_value=-0.00018239811298533337 -0.00049731863120850003 0.00037274432167957777 0.00072316659978241484 0.0018114214547398485 -0.00099444766972209405 4.4172341071661558e-05 0.00081361233454188781 -5.4814506114625016e-05 -0.0016488300860255376 0.0012614108718705616 -0.00054014040423128477 0.00017866653114027091
leaf_weight=410.12325413525105 344.58899435400963 267.82224601507187 263.51686269044876 252.70398539304733 450.78801497817039 428.9917616546154 656.81365719437599 299.27679024636745 893.22816048562527 477.19527372717857 371.9760569781065 293.99193033576012
leaf_count=1648 1382 1080 1058 1017 1812 1725 2635 1206 3606 1918 1494 1179
internal_value=0.000103959 -0.000245413 0.000337057 0.00108648 -0.000285305 -0.000897291 0.000340736 -0.00116312 -0.00143712 0.000923685 9.61351e-05 0.00157374
internal_weight=5411.02 4454.2 2564.88 956.819 1452.19 1889.32 1001.4 1621.5 1192.5 1112.69 635.493 546.696
internal_count=21760 17916 10299 3844 5829 7617 4017 6537 4812 4470 2552 2196
is_linear=0
shrinkage=0.02


Tree=191
num_leaves=10
num_cat=0
split_feature=31 1 11 41 41 35 32 35 31
split_gain=5.86792 4.15841 5.38749 3.14074 3.76331 2.05286 1.90758 1.8347 0.910233
threshold=-0.094360992312431322 9.8894615173339862 0.0030743810348212723 0.95980000495910656 -1.8377000093460081 0.034999999217689044 0.28468419611454016 -0.024999999441206452 -0.0067205270752310744
decision_type=8 2 2 8 10 10 2 8 10
left_child=-1 8 3 4 -3 7 -5 -4 -2
right_child=1 2 5 6 -6 -7 -8 -9 -10
leaf_value=0.0013795016359067986 -5.0599200331745497e-05 0.0007534967131271773 9.1117148563787115e-05 -0.00021265504690793019 -0.00072123687140025652 0.00019190085994866705 0.0011572592300602169 -0.0013359892759994372 0.0011092965492474826
leaf_weight=347.49555639922619 264.16234244406223 252.40275906026363 301.67688153684139 249.76532121002674 1249.351424485445 287.91447721421719 624.58675430715084 1579.8422084897757 253.7020326256752
leaf_count=1398 1059 1012 1218 1001 5019 1159 2504 6373 1017
internal_value=0.000105332 -0.000165285 -0.000395715 0.000241371 -0.000291762 -0.000966804 0.000852571 -0.0011491 0.000850997
internal_weight=5410.9 5063.4 4545.54 2376.11 1501.75 2169.43 874.352 1881.52 517.864
internal_count=21760 20362 18286 9536 6031 8750 3505 7591 2076
is_linear=0
shrinkage=0.02


Tree=192
num_leaves=11
num_cat=0
split_feature=31 0 32 23 31 8 25 7 15 15
split_gain=5.81402 5.7704 5.09388 3.16786 2.70183 2.77917 2.30619 2.38485 1.79955 1.59158
threshold=0.12060529366135599 0.78081402182579052 0.54411193728446972 0.61703181266784679 0.022564655169844631 -0.097258727997541414 14.809648513793947 0.013907318469136955 2.3238500356674199 2.8012999296188359
decision_type=8 2 2 2 10 2 2 2 2 2
left_child=1 4 6 -4 5 -1 7 -3 -5 -7
right_child=-2 2 3 8 -6 9 -8 -9 -10 -11
leaf_value=0.00025954664458367218 -0.0011793626434125092 5.6138303873513961e-05 0.00073532666581148007 -0.0010764925593562875 0.00041706468014306251 -0.0015592529448946535 -3.3271664880751482e-05 0.0017357394952007708 7.3881869046243408e-05 4.2851987210822584e-05
leaf_weight=325.52530309557915 354.52431854605675 474.5231487005949 306.03720352053642 380.25863724946976 344.48318149149418 473.07482594251633 461.13496264815331 1241.4658693671227 799.59248815476894 250.05581597983837
leaf_count=1308 1435 1903 1230 1533 1385 1901 1852 4986 3222 1005
internal_value=0.000109566 0.000354933 0.000731322 -0.000149104 -0.000537119 -0.000897287 0.00120713 0.00144256 -0.000589222 -0.00127872
internal_weight=5410.68 5056.15 3663.01 1485.89 1393.14 1048.66 2177.12 1715.99 1179.85 723.131
internal_count=21760 20325 14726 5985 5599 4214 8741 6889 4755 2906
is_linear=0
shrinkage=0.02


Tree=193
num_leaves=9
num_cat=0
split_feature=10 16 26 35 10 12 22 4
split_gain=5.7798 3.98461 3.27749 3.40595 4.42848 2.02047 1.58824 1.32408
threshold=-0.090605039149522767 0.30304999649524694 -1.0000000180025095e-35 1.0000000180025095e-35 -0.0018219872144982217 0.24600818008184436 189.50000000000003 59.996824264526374
decision_type=2 2 2 10 2 2 2 2
left_child=5 6 -3 4 -4 -1 -2 -5
right_child=1 2 3 7 -6 -7 -8 -9
leaf_value=0.0016211253333927238 0 -0.00083177386641275302 -0.00070220495866813544 0.0013364464277822858 0.00053555206332307564 -7.25610506889621e-05 -0.0014529096974847894 -5.0506699071774332e-05
leaf_weight=294.48450271785259 408.91256591677666 379.22484087944031 1325.6399232745171 511.24620094895363 1650.7214803099632 281.68595053255558 289.13159246742725 269.57701216638088
leaf_count=1188 1646 1524 5324 2052 6646 1130 1165 1085
internal_value=0.000105969 -0.00019204 0.000109678 0.000339298 -4.85265e-05 0.00123974 -0.00106543 0.00107846
internal_weight=5410.62 4834.45 4136.41 3757.18 2976.36 576.17 698.044 780.823
internal_count=21760 19442 16631 15107 11970 2318 2811 3137
is_linear=0
shrinkage=0.02


Tree=194
num_leaves=11
num_cat=0
split_feature=31 1 11 41 39 5 5 32 31 41
split_gain=5.75481 4.10611 5.26718 3.06578 3.73275 2.02282 3.6024 1.88719 0.898321 0.695575
threshold=-0.094360992312431322 9.8894615173339862 0.0030743810348212723 0.95980000495910656 -114.74999999999999 0.027794516645371917 0.054666982963681228 0.28468419611454016 -0.0067205270752310744 1.4604499936103823
decision_type=8 2 2 8 8 2 2 2 10 8
left_child=-1 8 3 4 -3 9 -7 -5 -2 -4
right_child=1 2 5 7 -6 6 -8 -9 -10 -11
leaf_value=0.001366679842967492 -4.9972753984394446e-05 0.00050317823378192086 -0.00159711628200786 -0.00021369320240279628 -0.00089158780709925754 0.00065796841348035758 -0.00077224663689499245 0.0011454091051184771 0.0011030354963787506 -0.00013419177120406486
leaf_weight=347.44713427126408 264.15626820921898 707.99217760562897 633.94685645401478 249.75897212326527 793.700778439641 460.83274953067303 747.15098462998867 624.57308964431286 253.68906791508198 327.34185555577278
leaf_count=1398 1059 2843 2555 1001 3188 1855 3025 2504 1017 1315
internal_value=0.000104867 -0.000163204 -0.000392299 0.000237848 -0.000288722 -0.000956938 -0.000179976 0.000841792 0.000846467 -0.00139414
internal_weight=5410.59 5063.14 4545.3 2376.03 1501.69 2169.27 1207.98 874.332 517.845 961.289
internal_count=21760 20362 18286 9536 6031 8750 4880 3505 2076 3870
is_linear=0
shrinkage=0.02


Tree=195
num_leaves=9
num_cat=0
split_feature=31 41 41 5 11 7 4 1
split_gain=5.71599 5.87756 6.54539 4.0555 3.34921 3.51281 1.54895 1.24926
threshold=0.12060529366135599 1.0992000102996828 -0.31424999237060541 0.023028254508972171 -0.058273196220397942 0.032888537272810943 64.275905609130874 10.628879070281984
decision_type=8 10 10 2 2 2 2 2
left_child=1 2 4 7 -1 -6 -3 -4
right_child=-2 6 3 -5 5 -7 -8 -9
leaf_value=0.0013337173259727953 -0.0011718197169751539 0.0016049321915216717 -8.3809931278076624e-05 0.00034763779763663505 -0.00040440194518109299 0.00087302807684619529 -2.3042880603937332e-05 -0.0015332571039248387
leaf_weight=445.60217602550983 354.47179283201694 591.428965523839 403.93509395420551 474.69014166295528 1720.8944206088781 461.13747701048851 249.59313963353634 708.6825896948576
leaf_count=1791 1435 2374 1621 1915 6908 1855 1006 2855
internal_value=0.00010576 0.000349369 -4.09213e-05 -0.000832487 0.000522509 3.24024e-05 0.00135058 -0.00126972
internal_weight=5410.44 5055.96 4214.94 1587.31 2627.63 2182.03 841.022 1112.62
internal_count=21760 20325 16945 6391 10554 8763 3380 4476
is_linear=0
shrinkage=0.02


Tree=196
num_leaves=12
num_cat=0
split_feature=3 26 9 21 22 3 0 15 24 41 1
split_gain=5.66887 6.39807 4.48589 5.65642 3.86947 2.05407 1.94528 1.82159 1.79093 1.68311 0.72702
threshold=0.028634635731577877 -1.0000000180025095e-35 -0.024269950576126572 27.005000114440922 217.50000000000003 0.07319445908069612 0.82256463170051586 3.2365499734878544 -19.382650375366207 -0.21240000426769254 11.416706562042238
decision_type=2 2 2 2 2 2 2 2 2 10 2
left_child=1 -1 3 6 5 -2 -3 -7 -4 -6 -5
right_child=4 2 8 10 9 7 -8 -9 -10 -11 -12
leaf_value=-0.00088540998031548426 0.00079185833142388768 -0.00015602828717503666 3.8691375881856137e-05 0 -5.6522474768618081e-05 -0.00082941539033336991 0.0011484210442449809 0.00035694554717367053 0.0016374734044839162 -0.0015306491508588192 -0.0011315764063499418
leaf_weight=342.25803937017918 353.43878941237926 418.77429491281509 375.14396774768829 282.84460797905922 491.69681239128113 271.39724710583687 526.1895813792944 313.87493988871574 1191.0989886969328 507.52451296150684 336.07222305238247
leaf_count=1374 1421 1683 1505 1136 1981 1098 2114 1267 4778 2053 1350
internal_value=0.000106166 0.000548582 0.00085953 1.6172e-05 -0.000612397 0.000244512 0.000767906 -0.000356653 0.00140201 -0.00116255 -0.000912223
internal_weight=5410.31 3472.38 3130.12 1563.88 1937.93 938.711 944.964 585.272 1566.24 999.221 618.917
internal_count=21760 13940 12566 6283 7820 3786 3797 2365 6283 4034 2486
is_linear=0
shrinkage=0.02


Tree=197
num_leaves=13
num_cat=0
split_feature=12 0 0 22 22 25 25 21 21 40 10 0
split_gain=5.70032 4.83132 6.07895 4.66254 5.19596 5.04017 2.97609 2.65571 2.42292 1.58991 1.03961 0.761
threshold=0.12227569893002511 1.0066291093826296 1.3817481398582461 32.500000000000007 784.50000000000011 14.528446674346926 14.253360748291017 -24.964999198913571 24.884999275207523 -0.078174404799938188 0.085932847112417235 1.0794034004211428
decision_type=2 2 2 2 2 2 2 2 2 10 2 2
left_child=6 3 7 -2 5 -5 8 -3 9 -1 -4 -9
right_child=1 2 10 4 -6 -7 -8 11 -10 -11 -12 -13
leaf_value=2.2953500728456798e-05 0.00060435451897352613 -0.0002469005872419148 0.00011162425937339262 -0.0018449280256406827 0.00036254005323200318 0.00029777561483731345 -0.00028098682905663844 6.788081392909736e-05 -0.00014739206966861247 0.0018106894768526425 -0.00099892395645108552 0.00151168538819332
leaf_weight=259.00604155659676 254.37901909649372 258.94109196960926 259.82838779687881 1289.6624029576778 439.75378641486168 289.9269417822361 328.17771130800247 255.07860817015171 253.47001284360886 565.34023754298687 309.029725715518 647.64668111503124
leaf_count=1040 1023 1042 1045 5189 1768 1166 1317 1026 1017 2270 1252 2605
internal_value=0.000102381 -0.000296324 0.000399422 -0.000791257 -0.00109317 -0.00148419 0.000925188 0.00102471 0.00125542 0.00154445 -0.000726337 0.00133351
internal_weight=5410.24 4004.25 1730.52 2273.72 2019.34 1579.59 1405.99 1161.67 1077.82 824.346 568.858 902.725
internal_count=21760 16116 6970 9146 8123 6355 5644 4673 4327 3310 2297 3631
is_linear=0
shrinkage=0.02


Tree=198
num_leaves=12
num_cat=0
split_feature=10 16 18 7 2 6 10 24 1 22 2
split_gain=5.6586 3.9384 3.20533 4.23372 4.11917 4.03345 2.77437 2.17045 2.03469 1.56334 0.112337
threshold=-0.090605039149522767 0.30304999649524694 24.023799896240238 0.025469368323683742 0.86500000953674328 1.8699300289154055 -0.029940105043351647 18.815599441528324 11.604302406311037 189.50000000000003 0.89499998092651378
decision_type=2 2 2 2 2 2 2 2 2 2 2
left_child=8 9 3 4 -3 6 -4 -7 -1 -2 -5
right_child=1 2 5 10 -6 7 -8 -9 -10 -11 -12
leaf_value=0.0016133447738319736 0 0.00026156472517343128 -0.00017699570220304118 3.9613573920886816e-05 -0.0014333020871156144 -0.0007633964446134234 0.0013670223179468644 0.00042777943606145023 -7.3784104823285763e-05 -0.0014437507516723172 0.00067445861728675379
leaf_weight=288.66911028325558 408.89206533133984 550.67578609287739 391.79318614304066 252.73607817292213 747.11061099171638 600.78553466498852 964.42508134245872 361.20331232249737 287.38530640304089 289.07467253506184 267.37878680229187
leaf_count=1164 1646 2211 1573 1016 3001 2423 3873 1456 1154 1165 1078
internal_value=0.00010375 -0.000190984 0.000108998 -0.000420179 -0.000893006 0.000525775 0.00102309 -0.000324463 0.0012257 -0.00105931 0.000581706
internal_weight=5410.13 4834.08 4136.11 1817.9 1297.79 2318.21 1356.22 961.989 576.054 697.967 520.115
internal_count=21760 19442 16631 7306 5212 9325 5446 3879 2318 2811 2094
is_linear=0
shrinkage=0.02


Tree=199
num_leaves=10
num_cat=0
split_feature=31 22 0 22 8 31 22 12 22
split_gain=5.63754 3.90671 4.84978 6.58491 5.47232 3.92234 2.84277 2.78051 2.27802
threshold=-0.094360992312431322 32.500000000000007 1.0719550848007204 736.50000000000011 0.10101433470845224 0.021644428372383121 16.500000000000004 0.15050844848155978 1640.5000000000002
decision_type=8 2 2 2 2 10 2 2 2
left_child=-1 6 3 5 7 -3 -2 -4 -5
right_child=1 2 4 8 -6 -7 -8 -9 -10
leaf_value=0.0013519806897895046 -0.00031144729471657055 -0.0016575832496820389 -0.00017505360972035728 0.00091458348739729078 -0.0007486928908095016 -1.2632290896706561e-05 0.0013322349735408537 0.0013722440018810328 -0.00039970822639789238
leaf_weight=347.38022331893444 264.03252589702606 1424.8608283251524 419.44583815336227 478.53183470666409 446.00536124408245 799.25632372498512 259.38461183011532 704.82409374415874 266.35332697629929
leaf_count=1398 1062 5727 1682 1923 1806 3216 1043 2833 1070
internal_value=0.000102996 -0.000162239 -0.000386025 -0.000790673 0.000387411 -0.00123206 0.000820715 0.000966017 0.000480964
internal_weight=5410.07 5062.69 4539.28 2969 1570.28 2224.12 523.417 1124.27 744.885
internal_count=21760 20362 18257 11936 6321 8943 2105 4515 2993
is_linear=0
shrinkage=0.02


Tree=200
num_leaves=15
num_cat=0
split_feature=12 25 24 24 41 23 41 10 18 23 3 9 19 27
split_gain=5.63909 4.92776 5.27483 5.29412 4.4317 3.70256 3.01525 2.88598 2.12305 1.72138 1.18564 1.0339 0.930886 0.409169
threshold=0.2535811066627503 12.806716918945314 -16.166350364685055 29.752449989318851 -1.8377000093460081 0.89133840799331676 1.2403500080108645 0.06032278202474118 24.023799896240238 0.94873523712158214 -0.014231817331165074 -0.029343230649828907 107.27474975585939 0.80225744843482982
decision_type=2 2 2 2 10 2 10 2 2 2 2 2 8 2
left_child=1 8 12 10 7 6 13 11 -1 -7 -4 -2 -3 -6
right_child=4 2 3 -5 5 9 -8 -9 -10 -11 -12 -13 -14 -15
leaf_value=-3.4622565927986773e-05 -6.5969810690934513e-05 -0.0012607179335406699 0.0015037187028122182 -0.00059870029149744659 -0.0017905777960527027 0.00070452246294147754 0.00017521608719576134 -0.00052054316671404583 0.0016622762775847847 -0.00042188820990272935 1.5948514451905633e-05 0.0011461003436235796 1.9351327029952206e-05 -0.00017010282546378746
leaf_weight=320.01745595037937 250.85830119252205 294.07638224959373 423.4854589253664 403.31956769526005 703.23327486217022 288.71021807193756 274.89903658628464 248.73732495307922 730.54400454461575 288.81657819449902 282.17267628014088 383.79307164251804 250.58830398321152 266.75650197267532
leaf_count=1285 1006 1181 1700 1619 2838 1165 1106 1003 2933 1170 1133 1540 1006 1075
internal_value=0.000105391 0.000658474 -9.30305e-05 0.000601692 -0.000471978 -0.000914891 -0.00132145 0.000441537 0.00135861 0.000223976 0.00124121 0.000901137 -0.00101597 -0.001631
internal_weight=5410.01 2704.2 1653.64 1108.98 2705.8 1822.42 1244.89 883.389 1050.56 577.527 705.658 634.651 544.665 969.99
internal_count=21760 10857 6639 4452 10903 7354 5019 3549 4218 2335 2833 2546 2187 3913
is_linear=0
shrinkage=0.02


Tree=201
num_leaves=9
num_cat=0
split_feature=31 41 41 5 11 7 11 12
split_gain=5.61563 5.74779 6.3673 4.00835 3.30128 3.48859 1.55119 1.21299
threshold=0.12060529366135599 1.0992000102996828 -0.31424999237060541 0.023028254508972171 -0.058273196220397942 0.032888537272810943 0.017419855110347274 0.13444215059280398
decision_type=8 10 10 2 2 2 2 2
left_child=1 2 4 7 -1 -6 -3 -4
right_child=-2 6 3 -5 5 -7 -8 -9
leaf_value=0.0013208168002354517 -0.0011620091378219605 0.0016642356854100716 -0.00010798076629441805 0.00034893137632224097 -0.00040494972595614675 0.00086803613365220344 5.8350817403526994e-05 -0.0015360373213166912
leaf_weight=445.52632264792919 354.39053808152676 466.48465164005756 446.18420748412609 474.64430670440197 1720.7981076836586 461.1235533207655 374.47281293570995 666.25018620491028
leaf_count=1791 1435 1872 1790 1915 6908 1855 1508 2686
internal_value=0.000104252 0.000345789 -4.02365e-05 -0.000821022 0.000515463 2.98012e-05 0.00133589 -0.00125635
internal_weight=5409.87 5055.48 4214.53 1587.08 2627.45 2181.92 840.957 1112.43
internal_count=21760 20325 16945 6391 10554 8763 3380 4476
is_linear=0
shrinkage=0.02


Tree=202
num_leaves=10
num_cat=0
split_feature=31 41 41 5 7 31 10 4 1
split_gain=5.55933 5.64552 6.28076 3.94278 3.0914 3.60838 3.10313 1.50519 1.19283
threshold=0.12060529366135599 1.0992000102996828 -0.31424999237060541 0.023028254508972171 0.027248672209680084 0.027519260533154014 0.066584911197423949 64.275905609130874 10.628879070281984
decision_type=8 10 10 2 2 10 2 2 2
left_child=1 2 4 8 5 -1 -6 -3 -4
right_child=-2 7 3 -5 6 -7 -8 -9 -10
leaf_value=-0.00060692102977182895 -0.0011551384629659117 0.001577169505746853 -8.3189085903960925e-05 0.00034640385149458156 0.0014173041521464943 0.00075956002786570003 -0.00028342638670170541 -2.3910498255441154e-05 -0.0015030963597954992
leaf_weight=1134.795247733593 354.35090601444244 591.37279449403286 403.89147095382214 474.65677078068256 797.1725150346756 441.05350902676582 254.40461611747742 249.57709984481335 708.46581864356995
leaf_count=4557 1435 2374 1621 1915 3202 1770 1025 1006 2855
internal_value=0.000104983 0.000345169 -3.78065e-05 -0.000813572 0.000513781 -9.30357e-05 0.00106191 0.00132639 -0.00124541
internal_weight=5409.74 5055.39 4214.44 1587.01 2627.43 1575.85 1051.58 840.95 1112.36
internal_count=21760 20325 16945 6391 10554 6327 4227 3380 4476
is_linear=0
shrinkage=0.02


Tree=203
num_leaves=10
num_cat=0
split_feature=31 1 11 19 14 9 23 30 5
split_gain=5.53537 5.24499 4.0766 4.38954 5.15951 3.41638 2.2149 2.57029 0.487867
threshold=-0.058888027444481843 9.8894615173339862 0.0030743810348212723 -139.81414794921872 -0.018633550964295861 -0.042077846825122826 0.69151425361633312 29.98499965667725 -0.030880768783390519
decision_type=8 2 2 10 2 2 2 10 2
left_child=5 -2 3 -3 -5 -1 -4 -8 -7
right_child=1 2 6 4 -6 8 7 -9 -10
leaf_value=-0.00019909235525456811 0.00095209342754492968 0.0010514296518357312 8.7715791634499635e-05 -0.0010056156779754339 0.00063676044805009951 0.0017843162772758845 -0.0015107040081007337 0.00015247888879322478 0.00017101137644971021
leaf_weight=409.9837307035923 433.3307006508112 440.77667342126369 485.79506678879261 1024.0505913943052 570.88607804477215 252.55998021364212 1220.5780780464411 277.72061884403229 293.96222965419292
leaf_count=1648 1737 1769 1955 4112 2290 1017 4932 1121 1179
internal_value=0.000104065 -0.000234159 -0.000504438 0.000128385 -0.000400365 0.00105363 -0.000999572 -0.00125772 0.00154613
internal_weight=5409.64 4453.14 4019.81 2035.71 1594.94 956.506 1984.09 1498.3 546.522
internal_count=21760 17916 16179 8171 6402 3844 8008 6053 2196
is_linear=0
shrinkage=0.02


Tree=204
num_leaves=9
num_cat=0
split_feature=31 41 41 5 14 40 4 12
split_gain=5.4862 5.54535 6.15749 3.90301 3.07714 3.00569 1.45718 1.19656
threshold=0.12060529366135599 1.0992000102996828 -0.31424999237060541 0.023028254508972171 -0.76455885171890248 -0.021133059635758396 64.275905609130874 0.13444215059280398
decision_type=8 10 10 2 2 10 2 2
left_child=1 2 4 7 -1 -6 -3 -4
right_child=-2 6 3 -5 5 -7 -8 -9
leaf_value=0.0012473986851956778 -0.0011447067627447006 0.0015649757212857227 -0.00010285416739250391 0.00034797773171027621 0.00053267857769915736 -0.00060171629084869536 -2.0318978684554233e-05 -0.0015103242587244656
leaf_weight=535.08674387633801 354.28111252188683 591.3580520004034 446.16679064929485 474.63859462738037 1213.4238938093185 878.85061287879944 249.55800856649876 666.08698929846287
leaf_count=2149 1435 2374 1790 1915 4873 3532 1006 2686
internal_value=0.000107685 0.000345917 -3.42693e-05 -0.000802836 0.000511409 1.99273e-05 0.00131834 -0.00123314
internal_weight=5409.45 5055.17 4214.25 1586.89 2627.36 2092.27 840.916 1112.25
internal_count=21760 20325 16945 6391 10554 8405 3380 4476
is_linear=0
shrinkage=0.02


Tree=205
num_leaves=9
num_cat=0
split_feature=10 16 30 3 31 21 1 22
split_gain=5.45584 3.91032 3.21744 3.66067 5.7494 5.01968 2.03128 1.55118
threshold=-0.090605039149522767 0.30304999649524694 -30.989999771118161 0.034482751041650779 -0.010045042261481283 47.460000991821296 11.604302406311037 189.50000000000003
decision_type=2 2 10 2 8 2 2 2
left_child=6 7 -3 4 -4 -5 -1 -2
right_child=1 2 3 5 -6 -7 -8 -9
leaf_value=0.0015956487057752625 9.000872858755678e-07 -0.0008368291322414644 -0.00022376005600122052 -0.00095036738847233625 0.0013734786071355424 0.00075231166734555542 -7.8663044512182571e-05 -0.0014321910095572959
leaf_weight=288.56202776730061 408.84290570020676 343.83383172750473 1242.0859943628311 961.46867126226425 1222.5821063071489 365.62814974784851 287.33684673905373 288.99850279092789
leaf_count=1164 1646 1382 4985 3884 4905 1475 1154 1165
internal_value=0.000106364 -0.000183628 0.000114285 0.000336626 0.000715549 -0.000371062 0.00120774 -0.00104924
internal_weight=5409.34 4833.44 4135.6 3791.76 2464.67 1327.1 575.899 697.841
internal_count=21760 19442 16631 15249 9890 5359 2318 2811
is_linear=0
shrinkage=0.02


Tree=206
num_leaves=9
num_cat=0
split_feature=10 16 30 3 21 8 1 22
split_gain=5.4096 3.8606 3.17329 3.56301 4.93631 4.85138 2.01065 1.5354
threshold=-0.090605039149522767 0.30304999649524694 -30.989999771118161 0.034482751041650779 47.460000991821296 -0.023089092224836346 11.604302406311037 189.50000000000003
decision_type=2 2 10 2 2 2 2 2
left_child=6 7 -3 5 -5 -4 -1 -2
right_child=1 2 3 4 -6 -7 -8 -9
leaf_value=0.0015875122063702565 8.9418109085888375e-07 -0.00083196731768612195 -0.00015357045967666859 -0.00094025171534662506 0.00074772565196784134 0.0013291466919030024 -7.8261210505576256e-05 -0.0014248784340925161
leaf_weight=288.53347998857498 408.84292763471603 343.82114067673683 1297.8614175021648 961.3885723054409 365.6503374427557 1166.8313012421131 287.3370213508606 288.97097490727901
leaf_count=1164 1646 1382 5212 3884 1475 4678 1154 1165
internal_value=0.000104768 -0.000183847 0.000112376 0.000333333 -0.000365171 0.000707057 0.00120157 -0.00104388
internal_weight=5409.24 4833.37 4135.55 3791.73 1327.04 2464.69 575.871 697.814
internal_count=21760 19442 16631 15249 5359 9890 2318 2811
is_linear=0
shrinkage=0.02


Tree=207
num_leaves=10
num_cat=0
split_feature=31 27 40 40 15 22 28 28 23
split_gain=5.44559 4.37728 4.15873 3.55815 3.6621 2.48481 1.90122 1.08172 0.618808
threshold=-0.090480484068393693 0.28836444020271307 -0.11532510444521903 0.034353652969002731 1.7117999792099001 155.50000000000003 153.50000000000003 5766.5000000000009 0.66330808401107799
decision_type=8 2 10 10 2 2 2 2 2
left_child=-1 6 -3 4 -4 -5 -2 8 -8
right_child=1 2 3 5 -6 -7 7 -9 -10
leaf_value=0.0013040371987998003 0.00023683659067420427 -0.00075665384727665848 -0.00023405522219969863 0.00049066156397994031 0.0012652880596666866 -0.00083801262703517808 -7.1292603139396087e-05 -4.8252737663953079e-06 -0.0013700188961638889
leaf_weight=390.86153316497803 263.99203719198704 499.32299473881721 582.43105317652225 265.35731908679008 1520.2289746552706 490.1571402400732 269.93033647537231 361.02668824791908 765.81471464037895
leaf_count=1573 1062 2006 2340 1068 6114 1974 1085 1453 3085
internal_value=0.000103299 -0.000163145 0.000253917 0.0005623 0.000901156 -0.000357892 -0.000809287 -0.00102227 -0.00121548
internal_weight=5409.12 5018.26 3357.5 2858.17 2102.66 755.514 1660.76 1396.77 1035.75
internal_count=21760 20187 13502 11496 8454 3042 6685 5623 4170
is_linear=0
shrinkage=0.02


Tree=208
num_leaves=10
num_cat=0
split_feature=31 27 32 22 23 10 11 13 13
split_gain=5.39428 3.97805 3.94667 4.34473 3.27781 3.2432 3.35301 1.14233 1.00701
threshold=-0.094360992312431322 0.15000405162572863 0.5562906563282014 47.500000000000007 0.64810582995414745 0.033184148371219642 -0.0098588238470256311 0.0063829913269728431 0.12296745181083681
decision_type=8 2 2 2 2 2 2 2 2
left_child=-1 7 5 -4 -5 6 -3 -2 -9
right_child=1 2 3 4 -6 -7 -8 8 -10
leaf_value=0.0013230472474830913 -0.0011979451277586801 0.00062569353932261139 0.00069367026652804363 0.00032700426024107916 -0.0013139719070716014 0.0013107171749034497 -0.00059610890620258653 0.00040199518560142501 -0.00045250623789054394
leaf_weight=347.24668152630329 589.42121946811676 998.03006003797054 253.54123190045357 288.70381081104279 883.16588105261326 588.88719779253006 924.00760750472546 264.21978025138378 271.86021053791046
leaf_count=1398 2367 4005 1021 1161 3564 2367 3713 1064 1100
internal_value=0.00010128 -0.000158256 0.000174627 -0.000500735 -0.000941242 0.000587769 3.51847e-05 -0.000900925 -4.20597e-05
internal_weight=5409.08 5061.84 3936.34 1425.41 1171.87 2510.92 1922.04 1125.5 536.08
internal_count=21760 20362 15831 5746 4725 10085 7718 4531 2164
is_linear=0
shrinkage=0.02


Tree=209
num_leaves=10
num_cat=0
split_feature=31 0 38 40 24 31 3 15 22
split_gain=5.35987 5.52499 5.06899 5.04864 2.7792 2.67133 3.07808 2.43569 1.95248
threshold=0.12060529366135599 0.78081402182579052 -4004.650024414062 0.034353652969002731 -48.579250335693352 0.022564655169844631 -0.088016103953123079 2.8596500158309941 182.50000000000003
decision_type=8 2 8 10 2 10 2 2 2
left_child=1 5 -3 4 -4 6 -1 -8 -5
right_child=-2 2 3 8 -6 -7 7 -9 -10
leaf_value=0.00034473450100722071 -0.0011349873020661155 -0.00070084071392413183 -0.00013383985109160284 0.00044106062854425094 0.0014870787072606892 0.00041538739799600635 -0.0016163312807861224 0.00012627033773407535 -0.00069978743993282617
leaf_weight=255.21425354480743 354.20093478262424 279.97135432064533 338.1881273239851 344.09144711494446 2210.6740310490131 344.40148988366127 523.40597641468048 269.66435125470161 489.17545917630196
leaf_count=1026 1435 1126 1359 1385 8886 1385 2104 1084 1970
internal_value=0.000102267 0.000338207 0.000707265 0.000940122 0.00129171 -0.000532801 -0.000891159 -0.00126248 -0.000242945
internal_weight=5408.99 5054.79 3662.1 3382.13 2548.86 1392.69 1048.28 793.07 833.267
internal_count=21760 20325 14726 13600 10245 5599 4214 3188 3355
is_linear=0
shrinkage=0.02


Tree=210
num_leaves=13
num_cat=0
split_feature=31 32 0 25 9 12 15 23 41 41 18 5
split_gain=5.35827 5.2415 3.97944 3.51088 3.4593 3.44878 2.34448 2.18801 2.37366 2.14083 1.41943 0.495573
threshold=-0.058888027444481843 0.51801419258117687 0.77434325218200695 13.908346176147463 -0.042077846825122826 0.1681761369109154 2.3601000308990483 0.67632621526718151 -1.3467500209808347 -0.74544999003410328 29.032150268554691 -0.030880768783390519
decision_type=8 2 2 2 2 2 2 2 10 10 2 2
left_child=4 2 6 9 -1 -3 -2 -7 -9 -4 -5 -6
right_child=1 5 3 10 11 7 -8 8 -10 -11 -12 -13
leaf_value=-0.00021228278522039145 -0.0010265940465510055 0.000392019177280313 -3.9847964265920583e-05 -0.00059306807839895235 0.0017664406094822769 0.00011313917554547077 0.00034439373588643081 -4.2324710999749422e-05 -0.0017526975465411974 0.0015477639599540977 0.00038403962831614008 0.00016701456815278865
leaf_weight=409.91494329273701 397.69400610029697 301.32307121157646 382.38846838474274 467.46123799681664 252.4789015352726 323.45400847494602 299.64296029508114 459.37626869976521 804.21743497252464 684.62471802532673 332.4640035033226 293.95238709449768
leaf_count=1648 1598 1209 1534 1878 1017 1303 1204 1849 3256 2749 1336 1179
internal_value=9.62717e-05 -0.000235722 0.000324813 0.000732643 0.00103109 -0.000863301 -0.000570155 -0.00115528 -0.00139627 0.0012108 -0.000197435 0.00152878
internal_weight=5408.99 4452.65 2564.28 1866.94 956.346 1888.37 697.337 1587.05 1263.59 1067.01 799.925 546.431
internal_count=21760 17916 10299 7497 3844 7617 2802 6408 5105 4283 3214 2196
is_linear=0
shrinkage=0.02


Tree=211
num_leaves=11
num_cat=0
split_feature=11 27 40 40 22 11 28 21 12 8
split_gain=5.34606 4.76427 2.9315 3.25642 3.69552 2.81131 2.30011 0.611918 0.341023 0.138992
threshold=-0.067316878587007509 0.28836444020271307 -0.11532510444521903 -0.023001227527856823 175.50000000000003 -0.028204787522554394 153.50000000000003 58.545000076293952 0.28622342646121984 0.013496953528374435
decision_type=2 2 10 10 2 2 2 2 2 2
left_child=8 6 -3 5 -5 -4 -2 9 -1 -8
right_child=1 2 3 4 -6 -7 7 -9 -10 -11
leaf_value=0.0013892162616981401 0.00027478994412634026 -0.00061660628289184473 -0.00025441524450587667 0.00068064100062142756 -0.00066993907899931028 0.0013721548611617216 -0.0014455879592342269 -0.0001027650907243753 0.00011407477678854621 -0.00023626047821978104
leaf_weight=264.16530226171017 258.4821739345789 457.50734224915504 257.8912695646286 614.7955758869648 1013.286002188921 908.93333116173744 538.0111131221056 383.24496062099934 270.25166906416416 442.27263684570789
leaf_count=1066 1040 1838 1035 2473 4078 3656 2163 1543 1084 1784
internal_value=9.71587e-05 -0.000183837 0.000260426 0.000513435 -0.000101426 0.0010559 -0.000860526 -0.00109902 0.00120866 -0.00126097
internal_weight=5408.84 4874.42 3252.41 2794.91 1628.08 1166.82 1622.01 1363.53 534.417 980.284
internal_count=21760 19610 13080 11242 6551 4691 6530 5490 2150 3947
is_linear=0
shrinkage=0.02


Tree=212
num_leaves=9
num_cat=0
split_feature=10 16 26 35 10 1 22 32
split_gain=5.31597 3.72683 3.15392 3.38652 4.33942 2.00379 1.51623 0.739267
threshold=-0.090605039149522767 0.30304999649524694 -1.0000000180025095e-35 1.0000000180025095e-35 -0.0018219872144982217 11.604302406311037 189.50000000000003 0.23254638165235522
decision_type=2 2 2 10 2 2 2 2
left_child=5 6 -3 4 -4 -1 -2 -5
right_child=1 2 3 7 -6 -7 -8 -9
leaf_value=0.0015703215177219571 2.249390901885517e-06 -0.00081913490910074695 -0.00070135339790753889 3.0950232621540608e-05 0.00052417891721102808 -8.2539497763290862e-05 -0.0014118581899504666 0.0012637243012383662
leaf_weight=288.44314087927341 408.8160792440176 379.11103241145611 1325.2776942104101 280.70734073221684 1650.2855546325445 287.30763125419617 288.90634976327419 499.96415211260319
leaf_count=1164 1646 1524 5324 1127 6646 1154 1165 2010
internal_value=9.65623e-05 -0.000188615 0.000103647 0.000329446 -5.54686e-05 0.00118447 -0.00103322 0.00106673
internal_weight=5408.82 4833.07 4135.35 3756.23 2975.56 575.751 697.722 780.671
internal_count=21760 19442 16631 15107 11970 2318 2811 3137
is_linear=0
shrinkage=0.02


Tree=213
num_leaves=11
num_cat=0
split_feature=31 1 11 20 28 40 5 5 31 20
split_gain=5.30569 3.87272 4.9635 2.82722 2.48719 2.42919 2.09684 3.37385 0.905694 0.706237
threshold=-0.094360992312431322 9.8894615173339862 0.0030743810348212723 910.50000000000011 1502.0000000000002 -0.10671409964561461 0.027794516645371917 0.054666982963681228 -0.0067205270752310744 687.50000000000011
decision_type=8 2 2 2 2 10 2 2 10 2
left_child=-1 8 3 5 -5 -3 9 -8 -2 -4
right_child=1 2 6 4 -6 -7 7 -9 -10 -11
leaf_value=0.0013077432816202498 -5.8506337125643609e-05 -0.00032010864337527921 -0.0016135840221220576 -0.00095879291945575283 0.00038503648495106667 0.00093939812733006113 0.00064576756403788075 -0.00073704173069577788 0.0010786923869698765 -0.00017256377190513799
leaf_weight=347.17972752451897 264.10073710978031 390.86829246580601 560.39546076953411 444.31070390343666 355.64917814731598 1184.5995989441872 460.79847817122936 746.73514106869698 253.61280356347561 400.54994532465935
leaf_count=1398 1059 1569 2257 1784 1428 4755 1855 3025 1017 1613
internal_value=9.56411e-05 -0.000161148 -0.000383403 0.000228889 -0.000469179 0.000623717 -0.000931461 -0.000160343 0.000819953 -0.00137377
internal_weight=5408.8 5061.62 4543.91 2375.43 799.96 1575.47 2168.48 1207.53 517.714 960.945
internal_count=21760 20362 18286 9536 3212 6324 8750 4880 2076 3870
is_linear=0
shrinkage=0.02


Tree=214
num_leaves=10
num_cat=0
split_feature=11 27 40 40 22 11 28 21 12
split_gain=5.25946 4.6479 2.86373 3.17796 3.63129 2.77672 2.27139 0.601849 0.345917
threshold=-0.067316878587007509 0.28836444020271307 -0.11532510444521903 -0.023001227527856823 175.50000000000003 -0.028204787522554394 153.50000000000003 58.545000076293952 0.28622342646121984
decision_type=2 2 10 10 2 2 2 2 2
left_child=8 6 -3 5 -5 -4 -2 -8 -1
right_child=1 2 3 4 -6 -7 7 -9 -10
leaf_value=0.0013781568264363668 0.00027439416129774948 -0.00061070537636763531 -0.00025553518509202974 0.00067428677475194951 -0.00066454033519079431 0.001356700672446589 -0.0012495711647702934 -0.00010166394839284571 0.0001114420200401365
leaf_weight=264.1101215928793 258.47716557979584 457.48809495568275 257.88903032243252 614.80288401246071 1013.2424717545509 908.97566004097462 980.21584241092205 383.23246994614601 270.24992504715919
leaf_count=1066 1040 1838 1035 2473 4078 3656 3947 1543 1084
internal_value=9.50515e-05 -0.00018349 0.000255608 0.000505901 -0.000101104 0.00104183 -0.000851729 -0.001089 0.00119765
internal_weight=5408.68 4874.32 3252.4 2794.91 1628.05 1166.86 1621.93 1363.45 534.36
internal_count=21760 19610 13080 11242 6551 4691 6530 5490 2150
is_linear=0
shrinkage=0.02


Tree=215
num_leaves=13
num_cat=0
split_feature=12 0 0 22 28 22 25 21 21 40 10 0
split_gain=5.23792 4.67184 5.85005 4.45864 5.5612 8.47786 2.85885 2.57037 2.42878 1.62331 0.980408 0.753196
threshold=0.12227569893002511 1.0066291093826296 1.3817481398582461 32.500000000000007 182.50000000000003 784.50000000000011 14.253360748291017 -24.964999198913571 24.884999275207523 -0.078174404799938188 0.085932847112417235 1.0794034004211428
decision_type=2 2 2 2 2 2 2 2 2 10 2 2
left_child=6 3 7 -2 -5 -6 8 -3 9 -1 -4 -9
right_child=1 2 10 4 5 -7 -8 11 -10 -11 -12 -13
leaf_value=9.703383717466701e-06 0.00059109712523113379 -0.0002424933524720644 0.00010711486751841831 0.0004575523677147733 -0.0019897055320237818 0.00048141091168775132 -0.00028461840958317455 6.4815819923704231e-05 -0.00016182378773785274 0.0017704369252572922 -0.00097383603468614453 0.0014899480131790824
leaf_weight=258.91656364500523 254.35177280008793 258.85676771402359 259.7842535674572 370.66362135112286 1270.0599720031023 377.94007362425327 328.12549982964993 255.03123565018177 253.39850796759129 565.10042452812195 308.82627534866333 647.57730156183243
leaf_count=1040 1023 1042 1045 1491 5112 1520 1317 1026 1017 2270 1252 2605
internal_value=9.55953e-05 -0.000286307 0.000396814 -0.000773528 -0.00106886 -0.0014512 0.000884637 0.00100936 0.00121017 0.00150177 -0.00070939 0.00131306
internal_weight=5408.63 4003.09 1730.08 2273.02 2018.66 1648 1405.54 1161.47 1077.42 824.017 568.611 902.609
internal_count=21760 16116 6970 9146 8123 6632 5644 4673 4327 3310 2297 3631
is_linear=0
shrinkage=0.02


Tree=216
num_leaves=9
num_cat=0
split_feature=31 41 41 5 11 31 11 1
split_gain=5.23945 5.51065 6.00599 3.83642 3.13291 3.35086 1.48328 1.11991
threshold=0.12060529366135599 1.0992000102996828 -0.31424999237060541 0.023028254508972171 -0.058273196220397942 0.027519260533154014 0.017419855110347274 10.628879070281984
decision_type=8 10 10 2 2 10 2 2
left_child=1 2 4 7 -1 -6 -3 -4
right_child=-2 6 3 -5 5 -7 -8 -9
leaf_value=0.0012793920100529926 -0.0011254630240827045 0.0016215161083247653 -8.6933896199363773e-05 0.00034129804927377107 -0.0004556873127832254 0.00075129272756379196 5.5364327622528615e-05 -0.001479739461106342
leaf_weight=445.3244570940733 354.12165451049805 466.36016647517681 403.82244615256786 474.59700319170952 1502.4871751964092 679.16628694534302 374.40300759673119 708.22451369464397
leaf_count=1791 1435 1872 1621 1915 6034 2729 1508 2855
internal_value=9.72325e-05 0.000330942 -4.58502e-05 -0.00080334 0.000494883 2.37989e-05 0.00130057 -0.00122929
internal_weight=5408.51 5054.39 4213.62 1586.64 2626.98 2181.65 840.763 1112.05
internal_count=21760 20325 16945 6391 10554 8763 3380 4476
is_linear=0
shrinkage=0.02


Tree=217
num_leaves=13
num_cat=0
split_feature=31 32 0 9 25 12 15 23 22 41 2 5
split_gain=5.22007 5.12437 3.86391 3.45153 3.43015 3.36083 2.32213 2.1598 2.78032 2.10427 1.41949 0.477752
threshold=-0.058888027444481843 0.51801419258117687 0.77434325218200695 -0.042077846825122826 13.908346176147463 0.1681761369109154 2.3601000308990483 0.67632621526718151 49.500000000000007 -0.74544999003410328 1.0049999952316286 -0.030880768783390519
decision_type=8 2 2 2 2 2 2 2 2 10 2 2
left_child=3 2 6 -1 9 -3 -2 -7 -9 -4 -6 -5
right_child=1 5 4 11 10 7 -8 8 -10 -11 -12 -13
leaf_value=-0.0002160896930492223 -0.0010151473594742046 0.00038747510144951619 -4.0503703402719001e-05 0.0017528113998091423 0.00031985817306077628 0.00011519383968854066 0.00034632024559282169 0.0001409958953935772 -0.0016651953894803923 0.0015315378354205022 -0.00065862477213693676 0.00016704168663038088
leaf_weight=409.84942933917046 397.63782939314842 301.29904232919216 382.36566382646561 252.40225423872471 501.05778492987156 323.42486579716206 299.61784082651138 266.54530167579651 996.80800254642963 684.60445058345795 298.82045304775238 293.93994122743607
leaf_count=1648 1598 1209 1534 1017 2013 1303 1204 1075 4030 2749 1201 1179
internal_value=9.77064e-05 -0.000230336 0.000323416 0.0010202 0.000724834 -0.000851138 -0.000559514 -0.00113949 -0.0013792 0.00119742 -0.000194788 0.00151807
internal_weight=5408.37 4452.18 2564.1 956.192 1866.85 1888.08 697.256 1586.78 1263.35 1066.97 799.878 546.342
internal_count=21760 17916 10299 3844 7497 7617 2802 6408 5105 4283 3214 2196
is_linear=0
shrinkage=0.02


Tree=218
num_leaves=12
num_cat=0
split_feature=10 16 18 7 2 6 10 24 1 22 2
split_gain=5.16599 3.65027 3.15326 4.20263 3.9938 3.77118 2.69807 2.08646 1.98001 1.50805 0.123082
threshold=-0.090605039149522767 0.30304999649524694 24.023799896240238 0.025469368323683742 0.86500000953674328 1.8699300289154055 -0.029940105043351647 18.815599441528324 11.604302406311037 189.50000000000003 0.89499998092651378
decision_type=2 2 2 2 2 2 2 2 2 2 2
left_child=8 9 3 4 -3 6 -4 -7 -1 -2 -5
right_child=1 2 5 10 -6 7 -8 -9 -10 -11 -12
leaf_value=0.0015549051387559602 6.0914365518114092e-06 0.00025249556018680774 -0.00017835259561280002 3.612492478664974e-05 -0.0014209132348619543 -0.0007394610284559911 0.0013391535869133081 0.00042582691104471718 -8.3920606047592519e-05 -0.0013965013225479847 0.0006753465600559033
leaf_weight=288.34581395983696 408.77385032176971 550.57111044228077 391.69357077777386 252.68351656198502 746.91547204554081 600.45768465101719 964.27594573795795 361.11845476925373 287.27297161519527 288.82014545798302 267.29584862291813
leaf_count=1164 1646 2211 1573 1016 3001 2423 3873 1456 1154 1165 1078
internal_value=9.88891e-05 -0.000182716 0.000105932 -0.000418586 -0.000889715 0.000519617 0.00099947 -0.000306588 0.00117109 -0.00101884 0.000579642
internal_weight=5408.22 4832.61 4135.01 1817.47 1297.49 2317.55 1355.97 961.576 575.619 697.594 519.979
internal_count=21760 19442 16631 7306 5212 9325 5446 3879 2318 2811 2094
is_linear=0
shrinkage=0.02


Tree=219
num_leaves=10
num_cat=0
split_feature=31 41 41 5 7 31 10 11 12
split_gain=5.16201 5.40898 5.94123 3.79023 3.07842 3.52875 2.96262 1.44728 1.08648
threshold=0.12060529366135599 1.0992000102996828 -0.31424999237060541 0.023028254508972171 0.027248672209680084 0.027519260533154014 0.066584911197423949 0.017419855110347274 0.13444215059280398
decision_type=8 10 10 2 2 10 2 2 2
left_child=1 2 4 8 5 -1 -6 -3 -4
right_child=-2 7 3 -5 6 -7 -8 -9 -10
leaf_value=-0.000610758869610174 -0.001115747207941127 0.0016077608555254148 -0.00011150073674010165 0.00033981241593249064 0.0013885325228544035 0.00074139948284471658 -0.00027550548629142195 5.63373480055404e-05 -0.001486986938568277
leaf_weight=1134.5440767854452 354.05194030702114 466.32969775795937 446.09431394934654 474.58272811770439 796.97555926442146 441.01137317717075 254.33641402423382 374.38380272686481 665.85480432212353
leaf_count=4557 1435 1872 1790 1915 3202 1770 1025 1508 2686
internal_value=9.81791e-05 0.000329977 -4.36686e-05 -0.000797341 0.000493858 -0.000105756 0.0010416 0.0012906 -0.00122084
internal_weight=5408.16 5054.11 4213.4 1586.53 2626.87 1575.56 1051.31 840.714 1111.95
internal_count=21760 20325 16945 6391 10554 6327 4227 3380 4476
is_linear=0
shrinkage=0.02


Tree=220
num_leaves=9
num_cat=0
split_feature=31 1 0 8 5 4 22 31
split_gain=5.1513 3.75486 4.34907 6.40954 4.50638 3.78328 3.41792 0.904463
threshold=-0.094360992312431322 9.8894615173339862 1.0719550848007204 0.084887955337762847 0.072821326553821578 37.27728462219239 582.50000000000011 -0.0067205270752310744
decision_type=8 2 2 2 2 2 2 10
left_child=-1 7 3 5 6 -3 -4 -2
right_child=1 2 4 -5 -6 -7 -8 -9
leaf_value=0.0012917602831917768 -6.1204912460476282e-05 -5.4160706888779785e-06 0.0012584885524509638 0.00063765160306277261 -0.00069998820264890213 -0.0015577256861058137 -0.00033353827798010614 0.0010686471428233322
leaf_weight=347.08644884824753 264.0789649784565 864.60604402422905 864.85698147118092 476.52761274576187 437.61698646843433 1533.5627613961697 366.13390503823757 253.5827961564064
leaf_count=1398 1059 3472 3474 1922 1775 6172 1471 1017
internal_value=9.76432e-05 -0.000155828 -0.000374998 -0.000771729 0.000337451 -0.00114476 0.000841006 0.00080968
internal_weight=5408.05 5060.97 4543.3 2874.7 1668.61 2398.17 1230.99 517.662
internal_count=21760 20362 18286 11566 6720 9644 4945 2076
is_linear=0
shrinkage=0.02


Tree=221
num_leaves=10
num_cat=0
split_feature=31 41 41 11 7 4 21 11 10
split_gain=5.11727 5.32937 5.81977 3.02409 3.42272 2.80017 1.50454 1.41623 1.24222
threshold=0.12060529366135599 1.0992000102996828 -0.31424999237060541 -0.058273196220397942 0.032888537272810943 55.830654144287116 15.38000011444092 0.017419855110347274 -0.0025400838349014516
decision_type=8 10 10 2 2 2 2 2 2
left_child=1 2 3 -1 -5 8 -7 -3 -4
right_child=-2 7 5 4 -6 6 -8 -9 -10
leaf_value=0.0012616512799676753 -0.0011090606592851237 0.0015979283568826846 -0.0014141315430802304 -0.00040336497015443446 0.0008575497850452071 -0.00039633543378650736 0.00064367605053751225 5.7782075283053964e-05 9.5527399994902609e-06
leaf_weight=445.2549037784338 354.00557319819927 466.30812013149261 699.8266419917345 1720.5020368397236 461.04687176644802 332.60844600200653 277.81917645037174 374.37248192727566 276.15396058559418
leaf_count=1791 1435 1872 2817 6908 1855 1342 1121 1508 1111
internal_value=9.99718e-05 0.000330524 -4.08477e-05 0.000490801 2.66547e-05 -0.000787117 0.000174609 0.001284 -0.0011922
internal_weight=5407.9 5053.89 4213.21 2626.8 2181.55 1586.41 610.428 840.681 975.981
internal_count=21760 20325 16945 10554 8763 6391 2463 3380 3928
is_linear=0
shrinkage=0.02


Tree=222
num_leaves=9
num_cat=0
split_feature=31 41 41 5 14 40 4 1
split_gain=5.06799 5.23159 5.73601 3.66988 2.99002 2.86605 1.37223 1.09909
threshold=0.12060529366135599 1.0992000102996828 -0.31424999237060541 0.023028254508972171 -0.76455885171890248 -0.021133059635758396 64.275905609130874 10.628879070281984
decision_type=8 10 10 2 2 10 2 2
left_child=1 2 4 7 -1 -6 -3 -4
right_child=-2 6 3 -5 5 -7 -8 -9
leaf_value=0.0012146945947197035 -0.001102507960715071 0.0015142534013148651 -8.0088184720499743e-05 0.00033696092907750159 0.00051206091224589346 -0.00059564755120502957 -2.0792010802646145e-05 -0.0014440529107401349
leaf_weight=534.91843865811825 353.96607708930969 591.17102701961994 403.78541603684425 474.59135264158249 1213.2230679243803 878.63837561011314 249.49893942475319 707.98944920301437
leaf_count=2149 1435 2374 1621 1915 4873 3532 1006 2855
internal_value=0.000100943 0.000330223 -3.81681e-05 -0.000779375 0.000489285 9.05878e-06 0.00127488 -0.00119663
internal_weight=5407.78 5053.82 4213.15 1586.37 2626.78 2091.86 840.67 1111.77
internal_count=21760 20325 16945 6391 10554 8405 3380 4476
is_linear=0
shrinkage=0.02


Tree=223
num_leaves=14
num_cat=0
split_feature=12 26 3 9 3 15 0 23 14 12 27 22 40
split_gain=5.05081 4.70773 5.53058 4.16643 5.50018 3.42072 3.41297 2.82719 2.68526 1.78461 1.44469 0.716325 0.559649
threshold=0.2535811066627503 -1.0000000180025095e-35 0.015932627953588966 0.031830711290240295 0.10312566906213762 3.2929000854492192 1.0879577994346621 0.75793200731277477 -1.3675396442413328 0.18424952030181888 0.30749998986721044 461.50000000000006 -0.026750840246677395
decision_type=2 2 2 2 2 2 2 2 2 2 2 2 10
left_child=1 -1 5 6 12 7 8 -3 -2 -4 -6 -10 -5
right_child=3 2 9 4 10 -7 -8 -9 11 -11 -12 -13 -14
leaf_value=-0.00066205968317974205 0.00014333518746338769 0.0019652408136986445 -0.00087208145470947225 0.00130506689677306 -0.0010374540017980263 -0.00017182307285134698 0.00031700798661832709 9.3662659212928655e-05 -0.0018453911973133879 0.00034326874461223345 0.00013173579411075747 -0.00012761869467371772 9.3920979601790631e-05
leaf_weight=321.50738961994648 259.62123723328114 1016.4153345376253 267.26427459716797 307.89024841785431 273.02993938326836 347.05645503103733 300.61295382678509 498.68073673546314 562.47814320027828 252.21158368885517 411.43826408684254 248.78671023249626 340.6754704862833
leaf_count=1291 1043 4084 1073 1238 1108 1393 1209 2001 2267 1015 1664 1002 1372
internal_value=9.98154e-05 0.000623325 0.000924372 -0.000446714 0.000285289 0.00132057 -0.000997199 0.00160245 -0.00134403 -0.000433358 -0.000648034 -0.00165185 0.00108127
internal_weight=5407.67 2703.14 2381.63 2704.53 1333.03 1862.15 1371.5 1515.1 1070.89 519.476 684.468 811.265 648.566
internal_count=21760 10857 9566 10903 5382 7478 5521 6085 4312 2088 2772 3269 2610
is_linear=0
shrinkage=0.02


Tree=224
num_leaves=11
num_cat=0
split_feature=31 27 6 5 8 41 15 22 13 13
split_gain=5.03433 3.76118 4.07071 6.83481 4.32097 2.71278 1.60891 1.50819 1.24668 0.979628
threshold=-0.094360992312431322 0.15000405162572863 2.239149928092957 0.010117177851498129 -0.072560947388410554 -1.3467500209808347 1.7117999792099001 201.50000000000003 0.0063829913269728431 0.12296745181083681
decision_type=8 2 2 2 2 10 2 2 2 2
left_child=-1 8 3 4 -3 -4 -5 -7 -2 -10
right_child=1 2 5 6 -6 7 -8 -9 9 -11
leaf_value=0.00127744204692983 -0.001185101332324438 0.00067767937697993776 0.00033086418136022864 4.5654467972392676e-05 -0.00078157304823282348 3.9483777646117925e-05 0.001687575534736152 -0.0013570442523747805 0.00040976387891921546 -0.00043237605807726521
leaf_weight=347.01575572788715 589.25965411961079 566.86890456080437 443.24204617738724 342.13422511518002 1185.0520873963833 351.41439653933048 675.54892134666443 371.17034344375134 264.14257016777992 271.70272855460644
leaf_count=1398 2367 2278 1782 1375 4759 1419 2716 1502 1064 1100
internal_value=9.69581e-05 -0.000153682 0.000169995 0.000548815 -0.000242413 -0.000582481 0.00140612 -0.00102044 -0.000875913 -1.9547e-05
internal_weight=5407.55 5060.54 3935.43 2769.6 1751.92 1165.83 1017.68 722.585 1125.1 535.845
internal_count=21760 20362 15831 11128 7037 4703 4091 2921 4531 2164
is_linear=0
shrinkage=0.02


Tree=225
num_leaves=14
num_cat=0
split_feature=11 32 10 35 1 7 2 7 3 12 41 41 35
split_gain=5.01542 4.1396 4.56145 3.93116 3.28607 3.25395 2.52357 1.91602 1.84365 1.72558 1.24604 0.947565 0.76129
threshold=-0.0094541753642261011 0.72286486625671398 0.033184148371219642 -1.0000000180025095e-35 9.9821562767028826 0.02158694434911013 0.75499999523162853 0.028641403652727607 0.07319445908069612 0.10325782001018526 -0.048399999737739556 -1.3228999972343443 -1.0000000180025095e-35
decision_type=2 2 2 8 2 2 2 2 2 2 8 10 10
left_child=3 2 4 10 -2 9 -7 -6 12 -5 -1 -3 -4
right_child=1 11 8 5 7 6 -8 -9 -10 -11 -12 -13 -14
leaf_value=0.0002578490893788878 0.00055205636763642368 -1.7163487706386959e-05 0.0014167670949353844 0.00052432138480352738 -0.0011334568037546398 5.6530778370781731e-05 0.0018533747377399673 0.00021388104335077321 -0.00015558849287513972 -0.00055540092476981742 -0.00078595293729533371 -0.0013989124415563884 4.3619688893773193e-05
leaf_weight=249.64323498308659 278.86359862983227 260.42922584712505 306.85630249977112 294.52245602011681 926.34268888831139 467.04942663013935 643.88269785046577 248.32273112237453 324.35497836768627 411.52763977646828 249.38468979299068 491.99050757288933 254.32279358804226
leaf_count=1002 1118 1051 1232 1183 3726 1876 2588 1001 1312 1652 1001 1997 1021
internal_value=9.6939e-05 -0.00039194 0.000106675 0.000680709 -0.000501095 0.00102489 0.00144767 -0.000877499 0.000863702 -6.40271e-05 -0.000428421 -0.00118248 0.00119418
internal_weight=5407.49 3091.48 2339.06 2316.01 1453.53 1816.98 1110.93 1174.67 885.534 706.05 499.028 752.42 561.179
internal_count=21760 12458 9410 9302 5845 7299 4464 4727 3565 2835 2003 3048 2253
is_linear=0
shrinkage=0.02


Tree=226
num_leaves=9
num_cat=0
split_feature=31 41 41 5 14 40 11 12
split_gain=4.97844 5.17413 5.5655 3.60103 2.95039 2.79751 1.38241 1.085
threshold=0.12060529366135599 1.0992000102996828 -0.31424999237060541 0.023028254508972171 -0.76455885171890248 -0.021133059635758396 0.017419855110347274 0.13444215059280398
decision_type=8 10 10 2 2 10 2 2
left_child=1 2 4 7 -1 -6 -3 -4
right_child=-2 6 3 -5 5 -7 -8 -9
leaf_value=0.0011996996538062134 -0.0010950204689593426 0.0015744709331701546 -0.00010077741398303293 0.00033449163569022634 0.00050211012081878006 -0.00059227448965035949 5.5887089360297687e-05 -0.001448501695535733
leaf_weight=534.8816641420126 353.90293838083744 466.25321020185947 446.04537451267242 474.57531021535397 1213.1772132217884 878.58009684085846 374.35157266259193 665.58016622066498
leaf_count=2149 1435 1872 1790 1915 4873 3532 1508 2686
internal_value=9.73454e-05 0.000324896 -4.09159e-05 -0.000770614 0.000479135 4.07274e-06 0.00126442 -0.00118409
internal_weight=5407.35 5053.44 4212.84 1586.2 2626.64 2091.76 840.605 1111.63
internal_count=21760 20325 16945 6391 10554 8405 3380 4476
is_linear=0
shrinkage=0.02


Tree=227
num_leaves=11
num_cat=0
split_feature=31 27 6 5 8 41 25 22 9 8
split_gain=4.93856 3.70461 4.01318 6.70117 4.21194 2.64401 1.59644 1.49897 0.932107 0.563947
threshold=-0.094360992312431322 0.15000405162572863 2.239149928092957 0.010117177851498129 -0.072560947388410554 -1.3467500209808347 14.199193477630617 201.50000000000003 0.032736146822571761 -0.018193658441305157
decision_type=8 2 2 2 2 10 2 2 2 2
left_child=-1 8 3 4 -3 -4 -5 -7 9 -2
right_child=1 2 5 6 -6 7 -8 -9 -10 -11
leaf_value=0.0012657410961062644 -0.0012732713808883051 0.00066957581317390934 0.00032517937675217984 0.001704772170508172 -0.00077107350580288855 4.1712032578844275e-05 8.1061804359332004e-05 -0.0013456739535471682 0 -6.4984067232053583e-05
leaf_weight=346.96409450471401 441.94911435246468 566.84225508570671 443.23723430931568 620.1531882584095 1184.9690137505531 351.38456463813782 397.55221618711948 371.09033013880253 396.9364348500967 286.14399555325508
leaf_count=1398 1778 2278 1782 2492 4759 1419 1599 1502 1603 1150
internal_value=9.65538e-05 -0.000151761 0.000169367 0.000545432 -0.0002386 -0.000577913 0.00139416 -0.00100994 -0.000868607 -0.00108807
internal_weight=5407.22 5060.26 3935.23 2769.52 1751.81 1165.71 1017.71 722.475 1125.03 728.093
internal_count=21760 20362 15831 11128 7037 4703 4091 2921 4531 2928
is_linear=0
shrinkage=0.02


Tree=228
num_leaves=10
num_cat=0
split_feature=31 0 38 40 24 31 3 15 10
split_gain=4.92034 5.12014 4.92304 4.73749 2.71469 2.66507 2.90787 2.38723 1.96497
threshold=0.12060529366135599 0.78081402182579052 -4004.650024414062 0.034353652969002731 -48.579250335693352 0.022564655169844631 -0.088016103953123079 2.8596500158309941 0.01531508192420006
decision_type=8 2 8 10 2 10 2 2 2
left_child=1 5 -3 4 -4 6 -1 -8 -5
right_child=-2 2 3 8 -6 -7 7 -9 -10
leaf_value=0.00033129707815768463 -0.0010890130448727622 -0.00070153743189419317 -0.00014165616621526422 0.00042659628925381844 0.0014436710099658581 0.00042368567291928397 -0.0015866487098670054 0.00012931567318649422 -0.00071497956380517369
leaf_weight=255.08945225179195 353.86177936196327 279.90707941353321 338.08940698206425 386.42303796112537 2210.1828169375658 344.29241463541985 523.15695580840111 269.57766143977642 446.56917932629585
leaf_count=1026 1435 1126 1359 1554 8886 1385 2104 1084 1801
internal_value=9.63223e-05 0.000322595 0.000678144 0.00090928 0.00124993 -0.000515361 -0.000875769 -0.00123566 -0.000236238
internal_weight=5407.15 5053.29 3661.17 3381.26 2548.27 1392.12 1047.82 792.735 832.992
internal_count=21760 20325 14726 13600 10245 5599 4214 3188 3355
is_linear=0
shrinkage=0.02


Tree=229
num_leaves=15
num_cat=0
split_feature=12 25 24 24 9 3 0 14 18 27 3 19 22 40
split_gain=4.91177 4.69455 5.08761 5.28024 4.09735 5.3991 3.35033 2.60802 2.21913 1.41563 1.11314 0.927467 0.706217 0.557661
threshold=0.2535811066627503 12.806716918945314 -16.166350364685055 29.752449989318851 0.031830711290240295 0.10312566906213762 1.0879577994346621 -1.3675396442413328 24.023799896240238 0.30749998986721044 -0.014231817331165074 107.27474975585939 461.50000000000006 -0.026750840246677395
decision_type=2 2 2 2 2 2 2 2 2 2 2 8 2 10
left_child=1 8 11 10 6 13 7 -2 -1 -7 -4 -3 -9 -6
right_child=4 2 3 -5 5 9 -8 12 -10 -11 -12 -13 -14 -15
leaf_value=-6.445171865492139e-05 0.00013777494055154118 -0.0012605991187749337 0.001471821978901923 -0.00061289620695647088 0.0012918342532003489 -0.0010292445129576229 0.00031205725436319102 -0.0018312744841190978 0.0016041683000668711 0.00012939677915634976 1.8918008060966805e-05 1.883053788512515e-05 -0.00012651495636215469 9.1334590736007057e-05
leaf_weight=319.81873919069767 259.60931025445461 293.93084442615509 423.26454582810402 403.18162898719311 307.89993341267109 272.96337524056435 300.60322764515877 562.36699034273624 730.1012576520443 411.41639307141304 282.0818745046854 250.47649939358234 248.76152190566063 340.6606603115797
leaf_count=1285 1043 1181 1700 1619 1238 1108 1209 2267 2933 1664 1133 1006 1002 1372
internal_value=9.04232e-05 0.0006075 -0.000115144 0.000573694 -0.000447452 0.000279804 -0.000993002 -0.00133624 0.00129213 -0.000643957 0.00121734 -0.00101634 -0.00163914 0.00106903
internal_weight=5407.14 2702.86 1652.94 1108.53 2704.28 1332.94 1371.34 1070.74 1049.92 684.38 705.346 544.407 811.129 648.561
internal_count=21760 10857 6639 4452 10903 5382 5521 4312 4218 2772 2833 2187 3269 2610
is_linear=0
shrinkage=0.02


Tree=230
num_leaves=9
num_cat=0
split_feature=31 22 28 28 22 0 19 22
split_gain=4.90279 3.70788 4.74051 10.0052 4.20403 8.37997 2.87925 2.84977
threshold=-0.094360992312431322 32.500000000000007 182.50000000000003 66.500000000000014 696.50000000000011 1.0719550848007204 -1.0000000180025095e-35 16.500000000000004
decision_type=8 2 2 2 2 2 8 2
left_child=-1 7 3 -3 5 -4 -6 -2
right_child=1 2 4 -5 6 -7 -8 -9
leaf_value=0.0012545614074918638 -0.00032027988369936881 -0.0010127622290386784 -0.0016080059983377998 0.001598904453473284 -0.00056456031584936617 0.00035413701879764272 0.0007704415002136335 0.001315383264273651
leaf_weight=346.91516634821892 263.93953800201416 296.20206637680531 1755.1372019052505 518.80592809617519 353.19879738986492 923.1556883752346 690.33962938189507 259.3305139541626
leaf_count=1398 1062 1191 7062 2088 1421 3718 2777 1043
internal_value=8.90301e-05 -0.000157478 -0.00037564 0.000616696 -0.000666606 -0.00100807 0.000267697 0.00080004
internal_weight=5407.02 5060.11 4536.84 815.008 3721.83 2678.29 1043.54 523.27
internal_count=21760 20362 18257 3279 14978 10780 4198 2105
is_linear=0
shrinkage=0.02


Tree=231
num_leaves=14
num_cat=0
split_feature=11 32 10 35 1 7 2 13 3 12 41 41 35
split_gain=4.91738 4.0505 4.43227 3.86697 3.22571 3.19643 2.47489 1.90334 1.81798 1.68633 1.2309 0.92191 0.773589
threshold=-0.0094541753642261011 0.72286486625671398 0.033184148371219642 -1.0000000180025095e-35 9.9821562767028826 0.02158694434911013 0.75499999523162853 0.091732073575258269 0.07319445908069612 0.10325782001018526 -0.048399999737739556 -1.3228999972343443 -1.0000000180025095e-35
decision_type=2 2 2 8 2 2 2 2 2 2 8 10 10
left_child=3 2 4 10 -2 9 -7 -6 12 -5 -1 -3 -4
right_child=1 11 8 5 7 6 -8 -9 -10 -11 -12 -13 -14
leaf_value=0.00025556260201050972 0.00054726351423139161 -1.8495475244733752e-05 0.0014018524890755161 0.0005171713977805049 -0.0011258383684884796 5.5192886387656541e-05 0.0018331464261012746 0.00021300784728669312 -0.00015753810690534814 -0.00055031714613588869 -0.00078254503545135208 -0.0013869285438770254 3.8604543131661917e-05
leaf_weight=249.62730175256729 278.84183232486248 260.4203254878521 306.8629714846611 294.49169534444809 922.72139401733875 467.00127446651459 643.79158000648022 251.80570366978645 324.35419596731663 411.48559463024139 249.35846684873104 491.87231695652008 254.32123357057571
leaf_count=1002 1118 1051 1232 1183 3709 1876 2588 1018 1312 1652 1001 1997 1021
internal_value=9.20462e-05 -0.000391515 0.000102633 0.000670494 -0.000495915 0.00101231 0.00143141 -0.000868956 0.000849307 -6.51555e-05 -0.000427511 -0.00117337 0.00117807
internal_weight=5406.96 3091.2 2338.91 2315.76 1453.37 1816.77 1110.79 1174.53 885.538 705.977 498.986 752.293 561.184
internal_count=21760 12458 9410 9302 5845 7299 4464 4727 3565 2835 2003 3048 2253
is_linear=0
shrinkage=0.02


Tree=232
num_leaves=11
num_cat=0
split_feature=3 9 5 8 15 11 31 19 14 16
split_gain=4.83166 4.91516 4.16971 6.46362 3.75764 3.76549 2.98938 2.75286 1.72723 1.50244
threshold=0.07319445908069612 -0.023379933089017865 -0.091519292443990694 -0.022123929113149639 1.2371000051498415 0.034761553630232818 0.014218965545296671 -133.60995483398435 0.0240636020898819 0.35164999961853033
decision_type=2 2 2 2 2 2 10 10 2 2
left_child=1 2 -1 7 -3 9 -2 -4 -8 -6
right_child=6 4 3 -5 5 -7 8 -9 -10 -11
leaf_value=0.0008032021421421516 0.00033673486564975326 -0.00031775746105669857 0.00016890596926918952 0.0007629942004848102 1.3429691442212046e-05 -0.00021039671450821912 8.850755628082785e-05 -0.0015022590420729111 -0.0014384186011741785 0.0017029393355692595
leaf_weight=287.30526052415371 344.20809172093868 459.94864584505558 302.20647890865803 311.02783267199993 251.01653319597244 400.16491495072842 257.55113092064857 1003.3870710432529 553.48454788327217 1236.5191858261824
leaf_count=1157 1390 1847 1215 1249 1008 1609 1040 4035 2245 4965
internal_value=9.24651e-05 0.000409131 -0.000287864 -0.00069026 0.000901863 0.00120585 -0.000754404 -0.00119998 -0.00115411 0.00152596
internal_weight=5406.82 4251.58 1903.93 1616.62 2347.65 1887.7 1155.24 1305.59 811.036 1487.54
internal_count=21760 17085 7656 6499 9429 7582 4675 5250 3285 5973
is_linear=0
shrinkage=0.02


Tree=233
num_leaves=13
num_cat=0
split_feature=31 32 0 9 12 24 3 15 23 22 31 5
split_gain=4.81448 4.9163 3.63362 3.52159 3.1912 2.29445 2.29886 2.26899 2.11534 2.69788 1.51113 0.508731
threshold=-0.058888027444481843 0.51801419258117687 0.77434325218200695 -0.042077846825122826 0.1681761369109154 -19.382650375366207 0.021412748843431476 2.3601000308990483 0.67632621526718151 49.500000000000007 0.013498415239155294 -0.030880768783390519
decision_type=8 2 2 2 2 2 2 2 2 2 8 2
left_child=3 2 7 -1 -3 10 -7 -2 -6 -10 -4 -5
right_child=1 4 5 11 8 6 -8 -9 9 -11 -12 -13
leaf_value=-0.00024034457261828629 -0.00099188947298679245 0.00037663009992538543 -0.00066510852213085686 0.001720803264146426 0.00011921665056979437 0.0013590315816307018 -8.3699998276705494e-05 0.00034873736315955294 0.00014148147846085568 -0.001632169671387286 0.00039717971187034864 0.00015751248638726185
leaf_weight=409.65828375518322 397.49060209095478 301.23749300837517 251.2834181189537 252.21500186622143 323.32316738367081 855.22692948579788 470.78698605298996 299.55025498569012 266.48501056432724 996.28799833357334 289.25354692339897 293.90267442166805
leaf_count=1648 1598 1209 1009 1017 1303 3432 1894 1204 1075 4030 1162 1179
internal_value=9.172e-05 -0.000223079 0.000318885 0.000977942 -0.000831464 0.000707467 0.00101208 -0.000539001 -0.00111233 -0.00135008 -0.000199783 0.00148507
internal_weight=5406.7 4450.93 2563.59 955.776 1887.33 1866.55 1326.01 697.041 1586.1 1262.77 540.537 546.118
internal_count=21760 17916 10299 3844 7617 7497 5326 2802 6408 5105 2171 2196
is_linear=0
shrinkage=0.02


Tree=234
num_leaves=11
num_cat=0
split_feature=31 41 41 7 31 10 4 21 11 19
split_gain=4.78586 5.13963 5.39124 2.95862 3.4889 2.83789 2.67244 1.48975 1.33376 1.25973
threshold=0.12060529366135599 1.0992000102996828 -0.31424999237060541 0.027248672209680084 0.027519260533154014 0.066584911197423949 55.830654144287116 15.38000011444092 0.017419855110347274 -75.698749542236314
decision_type=8 10 10 2 10 2 2 2 2 10
left_child=1 2 3 4 -1 -5 9 -8 -3 -4
right_child=-2 8 6 5 -6 -7 7 -9 -10 -11
leaf_value=-0.00061604606254084639 -0.0010760988986962578 0.0015573883010103226 3.3564452236399376e-05 0.0013443567097127104 0.00072924153906916468 -0.00027545643812023967 -0.00039496584274278343 0.00063979069544526312 5.7838418289748552e-05 -0.0013746891217625604
leaf_weight=1134.2845750004053 353.74702879786491 466.18202735483646 254.66224916279316 796.80782645940781 440.96589955687523 254.29915751516819 332.53044821321964 277.78699265420437 374.29933378100395 720.98474356532097
leaf_count=4557 1435 1872 1025 3202 1770 1025 1342 1121 1508 2903
internal_value=9.25986e-05 0.000316031 -4.73376e-05 0.000465577 -0.000116481 0.0010034 -0.000764627 0.000172744 0.00125258 -0.00116067
internal_weight=5406.55 5052.8 4212.32 2626.36 1575.25 1051.11 1585.96 610.317 840.481 975.647
internal_count=21760 20325 16945 10554 6327 4227 6391 2463 3380 3928
is_linear=0
shrinkage=0.02


Tree=235
num_leaves=10
num_cat=0
split_feature=31 27 32 22 10 11 41 13 13
split_gain=4.75989 3.62118 3.57167 4.10715 3.03629 3.17429 2.64573 1.29623 0.955812
threshold=-0.094360992312431322 0.15000405162572863 0.5562906563282014 47.500000000000007 0.033184148371219642 -0.0067750804591923943 -1.3467500209808347 0.0063829913269728431 0.12296745181083681
decision_type=8 2 2 2 2 2 10 2 2
left_child=-1 7 4 -4 5 -3 -5 -2 -9
right_child=1 2 3 6 -6 -7 -8 8 -10
leaf_value=0.001240509009414759 -0.0011747651618138682 0.00057899569080577533 0.00068042961976112423 0.00018374885035815522 0.0012588950922631317 -0.00061198252594693841 -0.0012978375030223521 0.00041223150171434243 -0.00041947659778938571
leaf_weight=346.84371419250965 589.15494713187218 1075.6154119521379 253.49126122891903 425.81996554136276 588.88366927206516 845.71215319633484 745.23723801970482 264.09820435941219 271.59472905099392
leaf_count=1398 2367 4318 1021 1712 2367 3400 3013 1064 1100
internal_value=9.24244e-05 -0.000151069 0.000166588 -0.00047611 0.000559585 2.76377e-05 -0.000906467 -0.000859759 -7.13001e-06
internal_weight=5406.45 5059.61 3934.76 1424.55 2510.21 1921.33 1171.06 1124.85 535.693
internal_count=21760 20362 15831 5746 10085 7718 4725 4531 2164
is_linear=0
shrinkage=0.02


Tree=236
num_leaves=14
num_cat=0
split_feature=10 8 3 9 22 24 22 19 8 1 19 28 6
split_gain=4.7373 3.55206 6.08929 4.10651 3.96033 2.73219 2.47685 2.36589 2.07825 2.0688 1.67232 1.3293 1.15856
threshold=-0.090605039149522767 -0.01334985066205263 0.028634635731577877 -0.024269950576126572 125.50000000000001 -23.853400230407711 736.50000000000011 -112.14500045776366 -0.04934739135205745 11.604302406311037 69.779647827148452 424.50000000000006 3.1793599128723149
decision_type=2 2 2 2 2 2 2 10 2 2 8 2 2
left_child=9 3 5 6 12 -3 7 -2 -5 -1 -6 -7 -4
right_child=1 2 4 8 10 11 -8 -9 -10 -11 -12 -13 -14
leaf_value=0.0015157092879700006 9.1202010299441582e-05 -0.00019915871054162503 0.00079430533935096815 0.00087251197123030817 -0.0012990069346107578 7.0599782651196232e-05 0.0001780261346229559 -0.0017140684617968668 -0.00036174088200863279 -0.00010902852893895745 2.0365108794190402e-05 0.0016708430159664872 -0.00022205169015578334
leaf_weight=288.08004677295685 253.84841646254063 333.33709573745728 349.61227712035179 260.71710973978043 599.91391132771969 338.98966874182224 270.07293140888214 769.67252141237259 412.94720320403576 287.14920268952847 487.0343864262104 501.27627094089985 253.70639805495739
leaf_count=1164 1021 1337 1408 1047 2426 1359 1085 3097 1659 1154 1967 2010 1026
internal_value=9.28638e-05 -0.000176596 0.000255909 -0.000695097 -0.00045032 0.00103765 -0.0011522 -0.00142608 0.000333884 0.00111991 -0.000955566 0.00138358 0.000485349
internal_weight=5406.36 4831.13 2863.87 1967.26 1690.27 1173.6 1293.59 1023.52 673.664 575.229 1086.95 840.266 603.319
internal_count=21760 19442 11533 7909 6827 4706 5203 4118 2706 2318 4393 3369 2434
is_linear=0
shrinkage=0.02


Tree=237
num_leaves=13
num_cat=0
split_feature=11 41 32 10 6 7 24 6 1 41 35 21
split_gain=4.70487 3.97743 4.05743 2.6914 6.41956 4.74068 3.16035 2.24188 1.65846 1.42916 0.596811 0.0711596
threshold=-0.067316878587007509 1.033800005912781 0.64963316917419445 -0.0018219872144982217 2.6074299812316899 0.027679669670760635 2.0818500518798833 0.5042099952697755 11.938426971435549 -0.99439999461174 0.034999999217689044 16.355000495910648
decision_type=2 10 2 2 2 2 2 2 2 10 8 2
left_child=8 3 10 5 6 7 -5 -2 -1 -7 -3 -6
right_child=1 2 -4 4 11 9 -8 -9 -10 -11 -12 -13
leaf_value=0.0014803805333863463 6.6999031746627232e-05 0.00010295618971560292 -0.00051318700036103056 -0.00022958644972938342 -0.0011021906678224547 0.00074738597287388447 0.001193883634424483 -0.0016030692980601206 -7.3772240588772196e-05 -0.00032463171111030728 0.0014145018655073059 -0.00013893853288212351
leaf_weight=271.65517953038216 310.1001038402319 321.19283869862556 302.02665641903877 633.16131095588207 332.04124774038792 294.19088883697987 811.34776918590069 972.54511569440365 262.2698247730732 249.24380873143673 327.54658655822277 318.898207873106
leaf_count=1097 1245 1290 1222 2545 1344 1181 3262 3910 1053 1006 1316 1289
internal_value=9.45233e-05 -0.000169554 0.000661256 -0.000452192 6.03901e-05 -0.000874917 0.000714099 -0.00133171 0.00113716 0.000356056 0.00119 -0.000974907
internal_weight=5406.22 4872.29 950.766 3921.53 2095.45 1826.08 1444.51 1282.65 533.925 543.435 648.739 650.939
internal_count=21760 19610 3828 15782 8440 7342 5807 5155 2150 2187 2606 2633
is_linear=0
shrinkage=0.02


Tree=238
num_leaves=10
num_cat=0
split_feature=31 0 38 40 31 3 24 15 10
split_gain=4.73818 4.8957 4.80478 4.55567 2.63298 2.84302 2.62667 2.34087 1.93458
threshold=0.12060529366135599 0.78081402182579052 -4004.650024414062 0.034353652969002731 0.022564655169844631 -0.088016103953123079 -48.579250335693352 2.8596500158309941 0.01531508192420006
decision_type=8 2 8 10 10 2 2 2 2
left_child=1 4 -3 6 5 -1 -4 -7 -5
right_child=-2 2 3 8 -6 7 -8 -9 -10
leaf_value=0.00032909642133346402 -0.001068042145882757 -0.00069601855265219936 -0.00014000524194356326 0.00042550953198324714 0.00042625318297070822 -0.0015663015090075178 0.001418277773480402 0.00012961479272117764 -0.00070654040244931906
leaf_weight=255.02438858151436 353.68245087563992 279.85622589290142 338.03959137201309 386.35173223912716 344.24472214281559 523.01991200447083 2209.9133144170046 269.53586527705193 446.46713006496429
leaf_count=1026 1435 1126 1359 1554 1385 2104 8886 1084 1801
internal_value=9.53639e-05 0.000317333 0.00066487 0.000893674 -0.000502503 -0.000862195 0.00122765 -0.00121848 -0.000230546
internal_weight=5406.14 5052.45 3660.63 3380.77 1391.82 1047.58 2547.95 792.556 832.819
internal_count=21760 20325 14726 13600 5599 4214 10245 3188 3355
is_linear=0
shrinkage=0.02


Tree=239
num_leaves=10
num_cat=0
split_feature=31 1 11 19 14 9 14 15 5
split_gain=4.69594 4.76627 3.66458 4.34612 4.92798 3.48688 2.03613 3.15903 0.520977
threshold=-0.058888027444481843 9.8894615173339862 0.0030743810348212723 -139.81414794921872 -0.018633550964295861 -0.042077846825122826 1.2946136593818667 1.4041500091552737 -0.030880768783390519
decision_type=8 2 2 10 2 2 2 2 2
left_child=5 -2 3 -3 -5 -1 7 -4 -7
right_child=1 2 6 4 -6 8 -8 -9 -10
leaf_value=-0.0002426424222869364 0.00090919845677080299 0.0010408176932041767 0.00018985126545641721 -0.00099300402218007334 0.00061459795338221794 0.001706304145425136 0.00011150740359577421 -0.0014966450785249363 0.00015337719029473009
leaf_weight=409.60532003641129 433.12428660690784 440.59425188601017 346.91667267680168 1023.4691510945559 570.69100798666477 252.14178583025932 438.39786398410797 1197.2846438735723 293.89283736050129
leaf_count=1648 1737 1769 1398 4112 2290 1017 1771 4839 1179
internal_value=8.95668e-05 -0.000221214 -0.000479197 0.000121105 -0.000403486 0.000964933 -0.000948751 -0.00118368 0.00147027
internal_weight=5406.12 4450.48 4017.35 2034.75 1594.16 955.64 1982.6 1544.2 546.035
internal_count=21760 17916 16179 8171 6402 3844 8008 6237 2196
is_linear=0
shrinkage=0.02


Tree=240
num_leaves=10
num_cat=0
split_feature=31 41 41 5 7 31 10 4 1
split_gain=4.649 5.03886 5.2402 3.47292 2.87462 3.41215 2.77234 1.30159 1.05551
threshold=0.12060529366135599 1.0992000102996828 -0.31424999237060541 0.023028254508972171 0.027248672209680084 0.027519260533154014 0.066584911197423949 64.275905609130874 10.628879070281984
decision_type=8 10 10 2 2 10 2 2 2
left_child=1 2 4 8 5 -1 -6 -3 -4
right_child=-2 7 3 -5 6 -7 -8 -9 -10
leaf_value=-0.00060892636595049731 -0.0010590856636776317 0.0014736435551128951 -7.4872785031234135e-05 0.00032995672028858372 0.0013263757468532735 0.00072146962362470795 -0.00027320667101978722 -2.0540129641051661e-05 -0.001402371309392263
leaf_weight=1134.1853310465813 353.61976340413094 590.96219906210899 403.67706163227558 474.49814277887344 796.74001333117485 440.95331394672394 254.2744292318821 249.42123308777809 707.60163594782352
leaf_count=4557 1435 2374 1621 1915 3202 1770 1025 1006 2855
internal_value=9.3139e-05 0.000313156 -4.66858e-05 -0.000753887 0.000459005 -0.000114765 0.000989142 0.0012405 -0.00116027
internal_weight=5405.93 5052.31 4211.93 1585.78 2626.15 1575.14 1051.01 840.383 1111.28
internal_count=21760 20325 16945 6391 10554 6327 4227 3380 4476
is_linear=0
shrinkage=0.02


Tree=241
num_leaves=13
num_cat=0
split_feature=12 0 0 8 22 21 25 21 21 40 6 0
split_gain=4.64094 4.3901 5.53618 4.30156 3.67694 4.23784 2.68348 2.48948 2.45034 1.70301 1.03477 0.713135
threshold=0.12227569893002511 1.0066291093826296 1.3817481398582461 0.083183392882347121 784.50000000000011 47.460000991821296 14.253360748291017 -24.964999198913571 24.884999275207523 -0.078174404799938188 3.1384201049804692 1.0794034004211428
decision_type=2 2 2 2 2 2 2 2 2 10 2 2
left_child=6 3 7 4 5 -2 8 -3 9 -1 -4 -9
right_child=1 2 10 -5 -6 -7 -8 11 -10 -11 -12 -13
leaf_value=-8.823883504590812e-06 -0.0018504628176095061 -0.00024082247609895707 0.00012310977402394573 0.0004760913898884813 0.00027725137453809461 8.355934289161494e-05 -0.00028508651531330753 6.4764816599650183e-05 -0.00018241482880768317 0.0017237977453251868 -0.0009616921719875905 0.0014590949952211045
leaf_weight=258.77273388206959 974.64889070391655 258.73722830414772 261.03993409872055 422.96610298752785 364.37924778461456 509.73134577274323 328.01177097856998 254.92925968766212 253.27252754569054 564.73351140320301 307.1766582429409 647.42417369782925
leaf_count=1040 3924 1042 1052 1706 1465 2051 1317 1026 1017 2270 1245 2605
internal_value=9.23714e-05 -0.000267499 0.000392635 -0.000740842 -0.00108139 -0.00139518 0.000834989 0.000987411 0.00115234 0.00144863 -0.000685961 0.00128675
internal_weight=5405.82 4001.03 1729.31 2271.73 1848.76 1484.38 1404.79 1161.09 1076.78 823.506 568.217 902.353
internal_count=21760 16116 6970 9146 7440 5975 5644 4673 4327 3310 2297 3631
is_linear=0
shrinkage=0.02


Tree=242
num_leaves=9
num_cat=0
split_feature=31 22 28 28 22 0 19 22
split_gain=4.63109 3.58176 4.62604 9.90933 3.99764 8.1154 2.8401 2.8322
threshold=-0.094360992312431322 32.500000000000007 182.50000000000003 66.500000000000014 696.50000000000011 1.0719550848007204 -1.0000000180025095e-35 16.500000000000004
decision_type=8 2 2 2 2 2 8 2
left_child=-1 7 3 -3 5 -4 -6 -2
right_child=1 2 4 -5 6 -7 -8 -9
leaf_value=0.0012247434569069269 -0.0003215702808653552 -0.0010072150433030425 -0.0015752088552181583 0.0015922619273863632 -0.00056409944515738815 0.00035329715069586321 0.000760871315472312 0.0013064041788644913
leaf_weight=346.74780276417732 263.89682693779469 296.13315683603287 1754.6305665522814 518.73014424741268 353.12519112229347 922.93462631106377 690.22895440459251 259.31295605003834
leaf_count=1398 1062 1191 7062 2088 1421 3718 2777 1043
internal_value=9.23451e-05 -0.000147993 -0.000363173 0.000615072 -0.000651349 -0.000984301 0.000260218 0.000791786
internal_weight=5405.74 5058.99 4535.78 814.863 3720.92 2677.57 1043.35 523.21
internal_count=21760 20362 18257 3279 14978 10780 4198 2105
is_linear=0
shrinkage=0.02


Tree=243
num_leaves=13
num_cat=0
split_feature=11 32 4 35 32 7 2 28 40 5 41 41
split_gain=4.6487 3.84632 4.03522 3.78954 3.42209 3.09005 2.45022 1.99453 1.98927 1.87812 1.21634 0.930715
threshold=-0.0094541753642261011 0.72286486625671398 51.454847335815437 -1.0000000180025095e-35 0.12648182362318042 0.02158694434911013 0.75499999523162853 499.50000000000006 0.051902651786804206 -0.030880768783390519 -0.048399999737739556 -1.3228999972343443
decision_type=2 2 2 8 2 2 2 2 8 2 8 10
left_child=3 2 9 10 -4 7 -7 -5 -6 -2 -1 -3
right_child=1 11 4 5 8 6 -8 -9 -10 -11 -12 -13
leaf_value=0.00025323062797963873 0.00025480975749504634 -9.190400120978432e-06 -0.00053485950795656065 0.00057954476245753101 0.0011987382167977375 4.9441008649230559e-05 0.0018077194291992653 -0.00058247451443265384 -0.00017632558237684222 -0.0010462675714554065 -0.00077949647139402339 -0.0013523053216340883
leaf_weight=249.5941291898489 259.0140908062458 260.34169195592403 260.3179419785738 270.19721359014511 1029.3591333329678 466.9012338668108 643.6143452078104 435.65396146476269 292.52126328647137 497.29317720234394 249.31204329431057 491.54829649627209
leaf_count=1002 1042 1051 1046 1085 4143 1876 2588 1750 1179 2000 1001 1997
internal_value=9.52467e-05 -0.000375744 0.000104402 0.000657148 0.000598737 0.000996184 0.00140826 -6.36783e-05 0.000943464 -0.000700099 -0.000426933 -0.001138
internal_weight=5405.67 3090.4 2338.51 2315.27 1582.2 1816.37 1110.52 705.851 1321.88 756.307 498.906 751.89
internal_count=21760 12458 9410 9302 6368 7299 4464 2835 5322 3042 2003 3048
is_linear=0
shrinkage=0.02


Tree=244
num_leaves=9
num_cat=0
split_feature=31 41 41 5 11 7 11 12
split_gain=4.60733 4.93837 5.1286 3.38584 2.82979 3.3448 1.29397 1.06583
threshold=0.12060529366135599 1.0992000102996828 -0.31424999237060541 0.023028254508972171 -0.058273196220397942 0.032888537272810943 0.017419855110347274 0.25614032149314886
decision_type=8 10 10 2 2 2 2 2
left_child=1 2 4 7 -1 -6 -3 -4
right_child=-2 6 3 -5 5 -7 -8 -9
leaf_value=0.0012006636453829479 -0.0010545891151229028 0.0015296506981455635 -0.00020967312742801829 0.00032556204845628737 -0.00041025593681214733 0.0008361234100032034 5.5736129487072272e-05 -0.0015280180678666846
leaf_weight=444.95004568994045 353.58218356966972 466.08539362251759 698.85437060892582 474.50117385387421 1720.1406812220812 460.96362398564816 374.25313004851341 412.27746468782425
leaf_count=1791 1435 1872 2808 1915 6908 1855 1508 1668
internal_value=9.24284e-05 0.000311497 -4.49843e-05 -0.0007448 0.000455113 1.16275e-05 0.00122952 -0.00114604
internal_weight=5405.61 5052.03 4211.69 1585.63 2626.05 2181.1 840.339 1111.13
internal_count=21760 20325 16945 6391 10554 8763 3380 4476
is_linear=0
shrinkage=0.02


Tree=245
num_leaves=11
num_cat=0
split_feature=16 5 41 41 35 0 3 22 41 10
split_gain=4.57878 4.35916 4.48366 6.11155 4.36375 5.43915 2.63399 2.58381 1.176 0.392182
threshold=0.30304999649524694 0.054666982963681228 0.32450000941753393 -0.31424999237060541 -0.014999999664723871 0.76029846072196972 -0.034630017355084412 189.50000000000003 0.57195001840591442 -0.0011661522439680991
decision_type=2 2 8 10 8 2 2 2 8 2
left_child=7 2 3 6 -4 -6 -2 -1 -3 -5
right_child=1 8 4 9 5 -7 -8 -9 -10 -11
leaf_value=0.00015648763105885369 0.0011209092543086648 0.00015474657496589869 -0.00040438471167245278 -0.0012442790994813553 -0.0001941618942906965 0.0018625882232122407 -0.00019368401755210965 -0.0013666019524787717 -0.00093285009142264315 -8.9119388890615062e-05
leaf_weight=470.76221802830696 592.60721527040005 279.83516600728035 269.44260357320309 334.8129111379385 486.44307167828083 1261.2803265303373 695.65213118493557 327.84804700314999 398.66390536725521 288.12795199453831
leaf_count=1896 2383 1133 1083 1349 1956 5069 2794 1323 1614 1160
internal_value=9.25812e-05 0.000361093 0.000618195 -9.25148e-05 0.00112161 0.00141218 0.000613791 -0.000847464 -0.000645733 -0.00106842
internal_weight=5405.48 4606.87 3928.37 1911.2 2017.17 1747.72 1288.26 798.61 678.499 622.941
internal_count=21760 18541 15794 7686 8108 7025 5177 3219 2747 2509
is_linear=0
shrinkage=0.02


Tree=246
num_leaves=14
num_cat=0
split_feature=10 8 3 9 22 19 22 19 1 8 1 22 31
split_gain=4.56263 3.44589 5.92682 3.97745 3.93565 2.65706 2.38361 2.31164 2.0631 2.04052 1.83053 0.866179 0.00299793
threshold=-0.090605039149522767 -0.01334985066205263 0.01306335022673011 -0.024269950576126572 201.50000000000003 69.779647827148452 736.50000000000011 -112.14500045776366 11.604302406311037 -0.04934739135205745 12.280117511749269 104.50000000000001 0.013498415239155294
decision_type=2 2 2 2 2 10 2 10 2 2 2 2 10
left_child=8 3 11 6 10 -6 7 -2 -1 -5 -4 -3 -13
right_child=1 2 4 9 5 -7 -8 -9 -10 -11 -12 12 -14
leaf_value=0.0014924334364330352 9.1451506044629285e-05 7.0905624545517631e-06 0.00082631311715491073 0.00086160749820701657 -0.0013627587575949112 0.00015144014592257394 0.00017259297427490988 -0.0016897285508370968 -0.00011579868580367343 -0.00036046828302567269 -0.00031351454645333531 0.0001898743413839113 0.0014500215351547624
leaf_weight=287.92037571966648 253.80575120449066 249.36282105743885 512.49936628341675 260.67687802016735 607.41459305584431 457.09126935899258 270.05156403779984 769.46785165369511 287.09219579398632 412.89068457484245 381.5632811486721 293.0265980809927 362.53547993302345
leaf_count=1164 1021 1000 2065 1047 2454 1844 1085 3097 1154 1659 1541 1175 1454
internal_value=8.76802e-05 -0.000176338 0.000250068 -0.000686875 -0.000371375 -0.000931497 -0.00113653 -0.00140491 0.00109598 0.000327024 0.000422741 0.00112784 0.00131013
internal_weight=5405.4 4830.39 2863.49 1966.89 1958.57 1064.51 1293.33 1023.27 575.013 673.568 894.063 904.925 655.562
internal_count=21760 19442 11533 7909 7904 4298 5203 4118 2318 2706 3606 3629 2629
is_linear=0
shrinkage=0.02


Tree=247
num_leaves=13
num_cat=0
split_feature=11 32 4 35 32 7 2 28 40 5 41 41
split_gain=4.54257 3.73843 3.92369 3.70301 3.37054 3.03083 2.41992 1.9725 1.952 1.85265 1.19819 0.920632
threshold=-0.0094541753642261011 0.72286486625671398 51.454847335815437 -1.0000000180025095e-35 0.12648182362318042 0.02158694434911013 0.75499999523162853 499.50000000000006 0.051902651786804206 -0.030880768783390519 -0.048399999737739556 -1.3228999972343443
decision_type=2 2 2 8 2 2 2 2 8 2 8 10
left_child=3 2 9 10 -4 7 -7 -5 -6 -2 -1 -3
right_child=1 11 4 5 8 6 -8 -9 -10 -11 -12 -13
leaf_value=0.00025110127658917495 0.00025390903632881325 -7.921714953307026e-06 -0.0005343322107518552 0.00057486211327274609 0.0011835779238556728 4.5654840694771306e-05 0.0017861943222707369 -0.00058085322214070068 -0.00017612713821740366 -0.0010372784327846725 -0.00077410762961785059 -0.0013397353824778702
leaf_weight=249.58036196231842 258.99459865689278 260.32777665555477 260.30565470457077 270.17902261018753 1029.3803452849388 466.8639402538538 643.53750763833523 435.62520650029182 292.50713405013084 497.24004457890987 249.29146426916122 491.4307122528553
leaf_count=1002 1042 1051 1046 1085 4143 1876 2588 1750 1179 2000 1001 1997
internal_value=8.96993e-05 -0.000375292 9.92399e-05 0.000645604 0.000587388 0.000981142 0.00138937 -6.56998e-05 0.000930471 -0.000693191 -0.000424285 -0.00112661
internal_weight=5405.26 3090.19 2338.43 2315.08 1582.19 1816.21 1110.4 705.804 1321.89 756.235 498.872 751.758
internal_count=21760 12458 9410 9302 6368 7299 4464 2835 5322 3042 2003 3048
is_linear=0
shrinkage=0.02


Tree=248
num_leaves=11
num_cat=0
split_feature=31 27 6 5 38 41 15 13 13 12
split_gain=4.52199 3.53639 3.73755 6.25912 3.9121 2.45648 1.69649 1.32767 0.937664 0.692079
threshold=-0.094360992312431322 0.15000405162572863 2.239149928092957 0.010117177851498129 -294.06500244140619 -1.3467500209808347 1.7117999792099001 0.0063829913269728431 0.12296745181083681 0.3382923305034638
decision_type=8 2 2 2 10 10 2 2 2 2
left_child=-1 7 3 4 -3 -4 -5 -2 -9 -7
right_child=1 2 5 6 -6 9 -8 8 -10 -11
leaf_value=0.001206311754913479 -0.0011690880541180234 -0.00094804558701747923 0.00031327138798445251 2.0311695117707609e-05 0.00042837008906517995 -1.0854431619429537e-05 0.0016350261486313155 0.00041297928825838922 -0.00041080493336090161 -0.0011662705478844241
leaf_weight=346.64421004056931 589.03808635473251 663.97054041922092 443.12401837110519 342.11330251395702 1087.2626995891333 268.77161276340485 675.52112011611462 264.05412720143795 271.50478111207485 453.19582234323025
leaf_count=1398 2367 2668 1782 1375 4369 1083 2716 1064 1100 1838
internal_value=8.69446e-05 -0.000150007 0.000164043 0.000526912 -0.000230865 -0.000557357 0.00134716 -0.00085034 0 -0.000973836
internal_weight=5405.2 5058.56 3933.96 2768.87 1751.23 1165.09 1017.63 1124.6 535.559 721.967
internal_count=21760 20362 15831 11128 7037 4703 4091 4531 2164 2921
is_linear=0
shrinkage=0.02


Tree=249
num_leaves=12
num_cat=0
split_feature=11 35 1 35 14 21 7 10 2 28 41
split_gain=4.5163 3.65062 3.62427 3.54691 3.71821 3.87075 2.96873 2.37861 2.37443 1.95039 1.19008
threshold=-0.0094541753642261011 -1.0000000180025095e-35 10.025397300720217 0.034999999217689044 0.53743961453437816 92.229999542236342 0.02158694434911013 0.068703584372997298 0.75499999523162853 499.50000000000006 -0.048399999737739556
decision_type=2 8 2 10 2 2 2 2 2 2 8
left_child=1 10 -2 4 5 -4 9 -6 -8 -3 -1
right_child=2 6 3 -5 7 -7 8 -9 -10 -11 -12
leaf_value=0.00025082720938565521 0.00065271710286568985 0.00057267052296912173 -0.0016138338208149792 0.00049887698011632413 0.00074806486352821822 0.00028688436749280534 4.5751841227763544e-05 -0.00049815276289092944 0.0017709490893107103 -0.00057646564603882375 -0.00077036717106328614
leaf_weight=249.57718475162983 396.43027758598328 270.17508479952812 1282.4095182716846 347.48703637719154 336.48465704917908 255.12914606928825 466.85509675741196 472.17814326286316 643.508544459939 435.61827954649925 249.28412695229053
leaf_count=1002 1590 1085 5176 1399 1352 1029 1876 1912 2588 1750 1001
internal_value=8.60414e-05 0.000640676 -0.00037715 -0.000647965 -0.000904799 -0.00130793 0.00097387 0.000136362 0.00137784 -6.36526e-05 -0.000421465
internal_weight=5405.14 2315.02 3090.12 2693.69 2346.2 1537.54 1816.16 808.663 1110.36 705.793 498.861
internal_count=21760 9302 12458 10868 9469 6205 7299 3264 4464 2835 2003
is_linear=0
shrinkage=0.02


Tree=250
num_leaves=10
num_cat=0
split_feature=31 41 41 5 14 40 4 12 20
split_gain=4.5127 4.85533 4.96946 3.31787 2.94158 2.68475 1.26324 1.07189 0.0919491
threshold=0.12060529366135599 1.0992000102996828 -0.31424999237060541 0.023028254508972171 -0.76455885171890248 -0.021133059635758396 64.275905609130874 0.25614032149314886 238.50000000000003
decision_type=8 10 10 2 2 10 2 2 2
left_child=1 2 4 7 8 -6 -3 -4 -1
right_child=-2 6 3 -5 5 -7 -8 -9 -10
leaf_value=0.00013428150041030026 -0.0010466584425058924 0.0014453311616230396 -0.00020442564783239726 0.00032285133675416522 0.00047344386394964494 -0.00059883816467660035 -2.1809762720031045e-05 -0.0015148705040349732 0.0012951477054900828
leaf_weight=252.15217110514641 353.49524194002151 590.84061108529568 698.79220542311668 474.46697364747524 1212.846480846405 878.31782633066177 249.38186255097389 412.17199641466141 282.50004145503044
leaf_count=1013 1435 2374 2808 1915 4873 3532 1006 1668 1136
internal_value=8.80062e-05 0.000305209 -4.76952e-05 -0.000736154 0.000445105 -1.89335e-05 0.00121558 -0.00113348 0.00116478
internal_weight=5404.97 5051.47 4211.25 1585.43 2625.82 2091.16 840.222 1110.96 534.652
internal_count=21760 20325 16945 6391 10554 8405 3380 4476 2149
is_linear=0
shrinkage=0.02


Tree=251
num_leaves=13
num_cat=0
split_feature=12 0 0 8 22 21 25 21 21 40 6 0
split_gain=4.48114 4.24593 5.38299 4.22245 3.55705 4.12803 2.60558 2.45712 2.42341 1.69912 0.993195 0.697932
threshold=0.12227569893002511 1.0066291093826296 1.3817481398582461 0.083183392882347121 784.50000000000011 47.460000991821296 14.253360748291017 -24.964999198913571 24.884999275207523 -0.078174404799938188 3.1384201049804692 1.0794034004211428
decision_type=2 2 2 2 2 2 2 2 2 10 2 2
left_child=6 3 7 4 5 -2 8 -3 9 -1 -4 -9
right_child=1 2 10 -5 -6 -7 -8 11 -10 -11 -12 -13
leaf_value=-1.3934908773439119e-05 -0.0018268102595272978 -0.00024290650492542456 0.00011843504741409507 0.00047310008261638683 0.00027039805405240061 8.2319266905037984e-05 -0.00028333067923694028 6.3254320467679874e-05 -0.00018643865163879491 0.0017008874995575035 -0.0009482925922056736 0.001439372502708595
leaf_weight=258.72029876708984 974.36368653178215 258.70187425613403 261.03069506585598 422.92024622857571 364.34288035333157 509.64820182323456 327.969966173172 254.89618718624115 253.22599223256111 564.58399483561516 307.05462615191936 647.39540004730225
leaf_count=1040 3924 1042 1052 1706 1465 2051 1317 1026 1017 2270 1245 2605
internal_value=8.70065e-05 -0.000266146 0.000383732 -0.000731407 -0.00106909 -0.00137744 0.00081712 0.000970818 0.00113035 0.00142594 -0.000678685 0.00126899
internal_weight=5404.85 4000.35 1729.08 2271.28 1848.35 1484.01 1404.5 1160.99 1076.53 823.304 568.085 902.292
internal_count=21760 16116 6970 9146 7440 5975 5644 4673 4327 3310 2297 3631
is_linear=0
shrinkage=0.02


Tree=252
num_leaves=9
num_cat=0
split_feature=16 26 3 21 21 19 22 40
split_gain=4.46916 4.05281 5.65519 4.45401 3.71083 3.70918 2.54132 2.52035
threshold=0.30304999649524694 -1.0000000180025095e-35 0.034482751041650779 47.460000991821296 79.040000915527358 96.623649597167983 189.50000000000003 -0.11532510444521903
decision_type=2 2 2 2 2 8 2 10
left_child=6 -2 4 5 7 -4 -1 -3
right_child=1 2 3 -5 -6 -7 -8 -9
leaf_value=0.00015494473384565193 -0.00073178246389208365 -6.9197445880850696e-05 -0.0013881934573170174 0.0006963123301182687 -0.00026867892021774663 0.00033657597095414964 -0.001355899550751124 0.00147125308951479
leaf_weight=470.72247816622257 430.26402558386326 413.91858479380608 625.18028661608696 380.67583863437176 477.54845927655697 346.79932941496372 327.77045072615147 1931.8877650648355
leaf_count=1896 1731 1663 2530 1536 1918 1400 1323 7763
internal_value=8.7001e-05 0.000352783 0.000568383 -0.000356585 0.000992089 -0.00090112 -0.000841074 0.00125233
internal_weight=5404.77 4606.27 4176.01 1352.66 2823.35 971.98 798.493 2345.81
internal_count=21760 18541 16810 5466 11344 3930 3219 9426
is_linear=0
shrinkage=0.02


Tree=253
num_leaves=11
num_cat=0
split_feature=11 27 40 40 22 11 28 1 21 5
split_gain=4.44562 4.26466 2.75833 2.9918 3.56741 2.79941 2.14346 1.67278 0.637282 0.417466
threshold=-0.067316878587007509 0.28836444020271307 -0.11532510444521903 -0.023001227527856823 175.50000000000003 -0.028204787522554394 153.50000000000003 11.938426971435549 58.545000076293952 -0.0046939922031015149
decision_type=2 2 10 10 2 2 2 2 2 2
left_child=7 6 -3 5 -5 -4 -2 -1 9 -8
right_child=1 2 3 4 -6 -7 8 -9 -10 -11
leaf_value=0.0014431243021641549 0.00027192965521803859 -0.00060217096097086806 -0.00026855781667734917 0.00067094444961637639 -0.00065606172909893682 0.0013319217963361333 -0.0014742018110133132 -8.6813910226267023e-05 -8.5272197238323486e-05 -0.00024166426878737408
leaf_weight=271.42863219976425 258.33140707015991 457.21959920227528 257.73782832920551 614.47419436275959 1012.4541827887297 908.52106137573719 421.25850093364716 262.21079103648663 382.97864337265491 558.07562161982059
leaf_count=1097 1040 1838 1035 2473 4078 3656 1695 1053 1543 2252
internal_value=8.21544e-05 -0.000173333 0.000246985 0.000493204 -9.66321e-05 0.00101315 -0.000813793 0.00109657 -0.00104543 -0.00120777
internal_weight=5404.69 4871.05 3250.41 2793.19 1626.93 1166.26 1620.64 533.639 1362.31 979.334
internal_count=21760 19610 13080 11242 6551 4691 6530 2150 5490 3947
is_linear=0
shrinkage=0.02


Tree=254
num_leaves=13
num_cat=0
split_feature=10 8 3 9 22 19 22 19 8 12 6 22
split_gain=4.42273 3.38666 5.75214 3.8811 3.82527 2.59207 2.31763 2.29044 2.01528 1.98717 1.40076 0.865038
threshold=-0.090605039149522767 -0.01334985066205263 0.01306335022673011 -0.024269950576126572 201.50000000000003 69.779647827148452 736.50000000000011 -112.14500045776366 -0.04934739135205745 0.24600818008184436 4.2308201789855966 104.50000000000001
decision_type=2 2 2 2 2 10 2 10 2 2 2 2
left_child=9 3 11 6 10 -6 7 -2 -5 -1 -4 -3
right_child=1 2 4 8 5 -7 -8 -9 -10 -11 -12 -13
leaf_value=0.0014597581371005139 9.2828866912930737e-05 3.2561728937121862e-06 0.00071461682324206811 0.00085238815729038226 -0.001344968083680181 0.00015004795038729482 0.00016791405847138029 -0.0016756404370717134 -0.00036089868630188469 -0.00011794284352983023 -0.00030915598863950178 0.0012922660017171872
leaf_weight=293.41295649111271 253.77055594325066 249.34792122244835 643.78145605325699 260.65094870328903 607.24109223484993 457.05174545943737 270.03519059717655 769.33482880890369 412.85243760049343 281.43333730101585 250.24227410554886 655.51472951471806
leaf_count=1188 1021 1000 2593 1047 2454 1844 1085 3097 1659 1130 1013 2629
internal_value=8.1308e-05 -0.000178003 0.000245267 -0.000683903 -0.000366737 -0.000918912 -0.00112763 -0.00139195 0.000319976 0.00107451 0.000416356 0.00111014
internal_weight=5404.67 4829.82 2863.18 1966.64 1958.32 1064.29 1293.14 1023.11 673.503 574.846 894.024 904.863
internal_count=21760 19442 11533 7909 7904 4298 5203 4118 2706 2318 3606 3629
is_linear=0
shrinkage=0.02


Tree=255
num_leaves=9
num_cat=0
split_feature=31 22 28 28 22 0 22 19
split_gain=4.43117 3.52149 4.47007 9.80293 3.83638 7.81887 2.827 2.768
threshold=-0.094360992312431322 32.500000000000007 182.50000000000003 66.500000000000014 696.50000000000011 1.0719550848007204 16.500000000000004 -1.0000000180025095e-35
decision_type=8 2 2 2 2 2 2 8
left_child=-1 6 3 -3 5 -4 -2 -6
right_child=1 2 4 -5 7 -7 -8 -9
leaf_value=0.0011906021963707842 -0.00032526098954351116 -0.0010089004558616857 -0.0015527832984137302 0.001573928502521447 -0.00056168659132753212 0.00034257594246562558 0.0012966236582489877 0.00074507272250498016
leaf_weight=346.54036110639572 263.85979871451855 296.07527136802673 1754.1474080532789 518.69110608100891 353.03690299391747 922.75036919116974 259.29652239382267 690.133255854249
leaf_count=1398 1062 1191 7062 2088 1421 3718 1043 2777
internal_value=8.21729e-05 -0.000151907 -0.000364748 0.000598901 -0.000647377 -0.000973122 0.000780938 0.000248926
internal_weight=5404.53 5057.99 4534.83 814.766 3720.07 2676.9 523.156 1043.17
internal_count=21760 20362 18257 3279 14978 10780 2105 4198
is_linear=0
shrinkage=0.02


Tree=256
num_leaves=10
num_cat=0
split_feature=31 41 41 5 7 31 10 11 12
split_gain=4.44397 4.75702 4.9114 3.25237 2.7611 3.35401 2.68163 1.26445 1.02311
threshold=0.12060529366135599 1.0992000102996828 -0.31424999237060541 0.023028254508972171 0.027248672209680084 0.027519260533154014 0.066584911197423949 0.017419855110347274 0.25614032149314886
decision_type=8 10 10 2 2 10 2 2 2
left_child=1 2 4 8 5 -1 -6 -3 -4
right_child=-2 7 3 -5 6 -7 -8 -9 -10
leaf_value=-0.00060705665946863315 -0.0010405667989517203 0.001498406492813423 -0.00020640152944176784 0.00031775816002404335 0.0012944658110356172 0.00071230216492884938 -0.00027274066882863873 5.1269540902135107e-05 -0.0015002153551941109
leaf_weight=1133.9228316545486 353.43891882896423 465.95713816583157 698.74220365285873 474.46012626588345 796.54156099259853 440.89933660626411 254.24026621878147 374.19155222177505 412.06099243462086
leaf_count=4557 1435 1872 2808 1915 3202 1770 1025 1508 1668
internal_value=8.50928e-05 0.000300895 -4.82414e-05 -0.000732585 0.000441809 -0.00011806 0.000961785 0.00120204 -0.00112564
internal_weight=5404.45 5051.02 4210.87 1585.26 2625.6 1574.82 1050.78 840.149 1110.8
internal_count=21760 20325 16945 6391 10554 6327 4227 3380 4476
is_linear=0
shrinkage=0.02


Tree=257
num_leaves=13
num_cat=0
split_feature=11 35 32 4 32 7 2 28 40 5 41 41
split_gain=4.39872 3.60656 3.57547 3.75626 3.31892 2.89495 2.32669 1.92085 1.90469 1.83082 1.17432 0.911824
threshold=-0.0094541753642261011 -1.0000000180025095e-35 0.72286486625671398 51.454847335815437 0.12648182362318042 0.02158694434911013 0.75499999523162853 680.50000000000011 0.051902651786804206 -0.030880768783390519 -0.048399999737739556 -1.3228999972343443
decision_type=2 8 2 2 2 2 2 2 8 2 8 10
left_child=1 10 3 9 -5 7 -7 -3 -6 -2 -1 -4
right_child=2 5 11 4 8 6 -8 -9 -10 -11 -12 -13
leaf_value=0.00024780681302336927 0.00025528184615494857 0.00054799255865663535 -4.6833374109550141e-06 -0.0005363717160583476 0.001163539986275426 4.4637125624070472e-05 0.001751270147224986 -0.00059030325709214307 -0.00017610754824931495 -0.0010247302534910948 -0.00076787391671817812 -0.0013196224913203309
leaf_weight=249.55293992161751 258.93804869055748 311.69513309001923 260.28921544551849 260.27900169789791 1029.3499802947044 466.78177796304226 643.37285171449184 394.01004420220852 292.47415146231651 497.12894640862942 249.249387845397 491.2218338996172
leaf_count=1002 1042 1252 1051 1046 4143 1876 2588 1583 1179 2000 1001 1997
internal_value=8.40515e-05 0.000631537 -0.000372979 9.25447e-05 0.000571026 0.000963245 0.00136216 -6.21284e-05 0.00091317 -0.000681746 -0.000421898 -0.00110755
internal_weight=5404.34 2314.66 3089.68 2338.17 1582.1 1815.86 1110.15 705.705 1321.82 756.067 498.802 751.511
internal_count=21760 9302 12458 9410 6368 7299 4464 2835 5322 3042 2003 3048
is_linear=0
shrinkage=0.02


Tree=258
num_leaves=11
num_cat=0
split_feature=16 5 41 41 35 0 3 22 41 10
split_gain=4.36156 4.15062 4.32617 5.86797 4.17398 5.28177 2.56963 2.48274 1.16469 0.379226
threshold=0.30304999649524694 0.054666982963681228 0.32450000941753393 -0.31424999237060541 -0.014999999664723871 0.76029846072196972 -0.034630017355084412 189.50000000000003 0.57195001840591442 -0.0011661522439680991
decision_type=2 2 8 10 8 2 2 2 8 2
left_child=7 2 3 6 -4 -6 -2 -1 -3 -5
right_child=1 8 4 9 5 -7 -8 -9 -10 -11
leaf_value=0.00015162444842170019 0.0010970826630819553 0.00015639253138813008 -0.00039805785739796686 -0.0012267056355293631 -0.00019832547035770012 0.0018199084299549129 -0.00019724192316952722 -0.0013435088063356916 -0.00092239659341813486 -8.8178700771460847e-05
leaf_weight=470.69973987340927 592.44172440469265 279.78551265597343 269.39670717716217 334.69315482676029 486.33434882760048 1261.0411756932735 695.57503801584244 327.69386327266693 398.53800971806049 288.07612517476082
leaf_count=1896 2383 1133 1083 1349 1956 5069 2794 1323 1614 1160
internal_value=8.12644e-05 0.00034435 0.000595977 -9.90361e-05 0.00109076 0.00137542 0.000595185 -0.000834894 -0.000635998 -0.00105361
internal_weight=5404.28 4605.88 3927.56 1910.79 2016.77 1747.38 1288.02 798.394 678.324 622.769
internal_count=21760 18541 15794 7686 8108 7025 5177 3219 2747 2509
is_linear=0
shrinkage=0.02


Tree=259
num_leaves=10
num_cat=0
split_feature=31 1 11 19 14 23 30 14 0
split_gain=4.37617 4.58626 3.51083 4.28456 4.78108 1.99982 2.25189 1.88711 0.999798
threshold=-0.058888027444481843 9.8894615173339862 0.0030743810348212723 -139.81414794921872 -0.018633550964295861 0.69151425361633312 29.98499965667725 -0.018633550964295861 0.80662655830383312
decision_type=8 2 2 10 2 2 10 2 2
left_child=7 -2 3 -3 -5 -4 -7 8 -1
right_child=1 2 5 4 -6 6 -8 -9 -10
leaf_value=6.1403636884539445e-05 0.00088785140591147256 0.0010286289494565628 8.9821775266638124e-05 -0.00098454507241572714 0.00060052331188117361 -0.0014168856158107335 0.00014180121699585392 -0.00015581576690026479 0.0015046131780081639
leaf_weight=320.98199783265591 432.999790340662 440.49172908067703 485.45942556858063 1023.1063915938139 570.56722861528397 1218.8050927817822 277.62908461689949 301.78740911185741 332.36443814635277
leaf_count=1292 1737 1769 1955 4112 2290 4932 1121 1211 1341
internal_value=7.6538e-05 -0.000222237 -0.000474763 0.000114346 -0.000405128 -0.000934226 -0.00118002 0.000922588 0.0012293
internal_weight=5404.19 4449.06 4016.06 2034.17 1593.67 1981.89 1496.43 955.134 653.346
internal_count=21760 17916 16179 8171 6402 8008 6053 3844 2633
is_linear=0
shrinkage=0.02


Tree=260
num_leaves=11
num_cat=0
split_feature=11 27 40 40 11 3 28 1 21 5
split_gain=4.30081 4.19069 2.723 2.90344 2.76258 2.55685 2.08685 1.67033 0.6424 0.417326
threshold=-0.067316878587007509 0.28836444020271307 -0.11532510444521903 -0.023001227527856823 -0.028204787522554394 -0.043891593813896172 153.50000000000003 11.938426971435549 58.545000076293952 -0.0046939922031015149
decision_type=2 2 10 10 2 2 2 2 2 2
left_child=7 6 -3 4 -4 -5 -2 -1 9 -8
right_child=1 2 3 5 -6 -7 8 -9 -10 -11
leaf_value=0.001424779244361403 0.00026696887095341569 -0.00059846764132898264 -0.00026845183003679641 0.00062375495791494834 0.0013189612923209446 -0.00051851503122671023 -0.0014621579175735314 -9.1911913518333198e-05 -8.1689573302573055e-05 -0.00023865687472121298
leaf_weight=271.31381778419018 258.3187589943409 457.16602069139481 257.71264626085758 460.59757898747921 908.47783698141575 1166.1172509491444 421.18111371994019 262.17919786274433 382.93036240339279 557.99876970052719
leaf_count=1097 1040 1838 1035 1851 3656 4700 1695 1053 1543 2252
internal_value=7.97389e-05 -0.000171426 0.000245183 0.000489861 0.00100192 -9.24653e-05 -0.000806368 0.00107764 -0.00103468 -0.00119714
internal_weight=5403.99 4870.5 3250.07 2792.91 1166.19 1626.71 1620.43 533.493 1362.11 979.18
internal_count=21760 19610 13080 11242 4691 6551 6530 2150 5490 3947
is_linear=0
shrinkage=0.02


Tree=261
num_leaves=11
num_cat=0
split_feature=31 41 41 14 40 4 21 11 16 20
split_gain=4.33338 4.70403 4.76019 2.95514 2.58713 2.43617 2.39154 1.21777 0.199635 0.110701
threshold=0.12060529366135599 1.0992000102996828 -0.31424999237060541 -0.76455885171890248 -0.021133059635758396 51.454847335815437 -5.6150000095367423 0.017419855110347274 1.9747999906539919 238.50000000000003
decision_type=8 10 10 2 10 2 2 2 2 2
left_child=1 2 3 9 -5 8 -7 -3 -4 -1
right_child=-2 7 5 4 -6 6 -8 -9 -10 -11
leaf_value=0.00012939467965478212 -0.0010317076148074233 0.0014801264549826954 -0.0012786800578515746 0.00045545947352844689 -0.00059736918047692035 -0.00061062224948111254 0.00065114195369894354 5.2934069963938734e-05 -0.00011783561354707479 0.0012836368507776225
leaf_weight=252.10958756506443 353.35373669862747 465.89650382101536 568.9378720074892 1212.7188018411398 878.17626848816872 283.9413578659296 473.97182758152485 374.14804697036743 258.25898925960064 282.43326891958714
leaf_count=1013 1435 1872 2293 4873 3532 1146 1913 1508 1039 1136
internal_value=7.91329e-05 0.000292784 -5.33905e-05 0.000429954 -3.06577e-05 -0.000726378 0.000105199 0.00118906 -0.00115869 0.00115152
internal_weight=5403.95 5050.59 4210.55 2625.44 2090.9 1585.11 757.913 840.045 827.197 534.543
internal_count=21760 20325 16945 10554 8405 6391 3059 3380 3332 2149
is_linear=0
shrinkage=0.02


Tree=262
num_leaves=9
num_cat=0
split_feature=31 22 28 28 22 0 22 11
split_gain=4.29763 3.44772 4.34543 9.68848 3.74828 7.64924 2.81007 2.43416
threshold=-0.094360992312431322 32.500000000000007 182.50000000000003 66.500000000000014 696.50000000000011 1.0719550848007204 16.500000000000004 0.030792646110057834
decision_type=8 2 2 2 2 2 2 2
left_child=-1 6 3 -3 5 -4 -2 -6
right_child=1 2 4 -5 7 -7 -8 -9
leaf_value=0.0011705043520794437 -0.0003270166938054963 -0.0010067121769639241 -0.0015358826409940275 0.0015596344213567297 0.00066741346666029293 0.00033887167905085811 0.0012868888084131497 -0.00057586015090077016
leaf_weight=346.43042722344398 263.83524475991726 296.03850466012955 1753.867028310895 518.67757143080235 794.12128314375877 922.63802506029606 259.29484523832798 248.94701959192753
leaf_count=1398 1062 1191 7062 2088 3191 3718 1043 1007
internal_value=7.86691e-05 -0.000151582 -0.000362066 0.000588697 -0.000640535 -0.00096251 0.000771689 0.000245656
internal_weight=5403.85 5057.42 4534.29 814.716 3719.57 2676.51 523.13 1043.07
internal_count=21760 20362 18257 3279 14978 10780 2105 4198
is_linear=0
shrinkage=0.02


Tree=263
num_leaves=10
num_cat=0
split_feature=31 41 41 5 14 14 4 12 20
split_gain=4.29628 4.61551 4.69978 3.1734 2.92287 2.5465 1.20544 1.04253 0.103343
threshold=0.12060529366135599 1.0992000102996828 -0.31424999237060541 0.023028254508972171 -0.76455885171890248 0.62610992789268505 64.275905609130874 0.25614032149314886 238.50000000000003
decision_type=8 10 10 2 2 2 2 2 2
left_child=1 2 4 7 8 -6 -3 -4 -1
right_child=-2 6 3 -5 5 -7 -8 -9 -10
leaf_value=0.0001300056579961331 -0.0010251566675303677 0.0014060110935079765 -0.00019777120380407102 0.00031627724214254945 -0.00040492910304230581 0.00068522853086338458 -2.2738326556294668e-05 -0.0014826970531558448 0.001278268247787398
leaf_weight=252.10458119213581 353.31236907839775 590.68217980861664 698.68046581745148 474.43224667012691 1607.9783790260553 482.87603943049908 249.33864912390709 411.93260610103607 282.42244552075863
leaf_count=1013 1435 2374 2808 1915 6464 1941 1006 1668 1136
internal_value=8.13314e-05 0.000293787 -4.97169e-05 -0.000718863 0.000430047 -2.87251e-05 0.00118151 -0.00110761 0.00114763
internal_weight=5403.76 5050.45 4210.43 1585.05 2625.38 2090.85 840.021 1110.61 534.527
internal_count=21760 20325 16945 6391 10554 8405 3380 4476 2149
is_linear=0
shrinkage=0.02


Tree=264
num_leaves=12
num_cat=0
split_feature=11 35 32 32 9 7 2 15 28 41 41
split_gain=4.27032 3.53185 3.47355 3.05042 3.14055 2.85112 2.2824 2.02694 1.8915 1.15385 0.913136
threshold=-0.0094541753642261011 -1.0000000180025095e-35 0.72286486625671398 0.088645562529563918 -0.054913133382797234 0.02158694434911013 0.75499999523162853 1.1976000070571902 499.50000000000006 -0.048399999737739556 -1.3228999972343443
decision_type=2 8 2 2 2 2 2 2 2 8 10
left_child=1 9 3 -2 -5 8 -7 -6 -3 -1 -4
right_child=2 5 10 4 7 6 -8 -9 -10 -11 -12
leaf_value=0.00024501694086267729 -0.00079834663317797751 0.00056274626897428375 -9.9147645582428756e-07 -0.0005692367078113399 -0.00028520182252515699 4.303168678813739e-05 0.0017311408085484664 0.00096413515138688759 -0.00056904516091454873 -0.00076236111696264706 -0.0013048620028186073
leaf_weight=249.5344965159893 315.49550540745258 270.11617290973663 260.25458663702011 329.60818658769131 259.78727315366268 466.72389708459377 643.25272752344608 1433.0864733308554 435.51198752224445 249.21674160659313 491.06756773591042
leaf_count=1002 1268 1085 1051 1328 1045 1876 2588 5769 1750 1001 1997
internal_value=8.15335e-05 0.000621124 -0.000368625 9.0463e-05 0.000422779 0.000949772 0.00134579 0.000740943 -6.46435e-05 -0.000419685 -0.00109266
internal_weight=5403.66 2314.36 3089.3 2337.98 2022.48 1815.6 1109.98 1692.87 705.628 498.751 751.322
internal_count=21760 9302 12458 9410 8142 7299 4464 6814 2835 2003 3048
is_linear=0
shrinkage=0.02


Tree=265
num_leaves=11
num_cat=0
split_feature=16 5 7 18 9 41 22 40 13 41
split_gain=4.25838 4.00388 4.24214 3.67513 3.46075 3.26244 2.4367 2.16826 1.59492 1.15413
threshold=0.30304999649524694 0.054666982963681228 0.02103835437446833 27.266200065612797 -0.093732628971338258 0.40404999256134039 189.50000000000003 -0.11685858294367789 -0.054350424557924264 0.57195001840591442
decision_type=2 2 2 2 2 10 2 8 2 8
left_child=6 2 3 5 -4 -2 -1 -6 -5 -3
right_child=1 9 4 8 7 -7 -8 -9 -10 -11
leaf_value=0.00015025255545426423 -0.0010950171270153457 0.00015870874486373089 -0.00026044613242173483 -0.0001983325869184897 -8.881399208433213e-05 0.00040742048840555745 -0.00133093889731255 0.0015627481697232655 0.00099683185138708767 -0.00091069872252359579
leaf_weight=470.65777789056301 795.99140872061253 279.75493176281452 369.2156945168972 329.65245684981346 268.15368889272213 355.13258655369282 327.60943785309792 1397.9453766196966 411.05281256139278 398.43796442449093
leaf_count=1896 3198 1133 1485 1324 1079 1427 1323 5629 1652 1614
internal_value=7.78935e-05 0.000338128 0.000585286 -0.00010564 0.00107153 -0.000654456 -0.000827036 0.00135562 0.000641105 -0.000624749
internal_weight=5403.6 4605.34 3927.14 1891.83 2035.31 1151.12 798.267 1666.1 740.705 678.193
internal_count=21760 18541 15794 7601 8193 4625 3219 6708 2976 2747
is_linear=0
shrinkage=0.02


Tree=266
num_leaves=9
num_cat=0
split_feature=31 22 28 28 22 0 22 19
split_gain=4.22755 3.39174 4.237 9.56916 3.65285 7.48396 2.79189 2.73083
threshold=-0.094360992312431322 32.500000000000007 182.50000000000003 66.500000000000014 696.50000000000011 1.0719550848007204 16.500000000000004 -1.0000000180025095e-35
decision_type=8 2 2 2 2 2 2 8
left_child=-1 6 3 -3 5 -4 -2 -6
right_child=1 2 4 -5 7 -7 -8 -9
leaf_value=0.0011578963868156284 -0.00032838412330353956 -0.0010042975602974258 -0.0015210587974122749 0.0015447925058238419 -0.00056232445493919418 0.00033400007588194552 0.0012775394466109815 0.00073447692951664548
leaf_weight=346.36922341585159 263.82564397156239 296.01936188340187 1753.7207378298044 518.70088124275208 352.98174439370632 922.60853490233421 259.3038017898798 690.05645328760147
leaf_count=1398 1062 1191 7062 2088 1421 3718 1043 2777
internal_value=7.46943e-05 -0.000153254 -0.000361722 0.000578203 -0.000636339 -0.000954006 0.000763057 0.000239918
internal_weight=5403.59 5057.22 4534.09 814.72 3719.37 2676.33 523.129 1043.04
internal_count=21760 20362 18257 3279 14978 10780 2105 4198
is_linear=0
shrinkage=0.02


Tree=267
num_leaves=12
num_cat=0
split_feature=6 21 7 8 2 15 13 2 1 8 11
split_gain=4.24609 4.56107 4.21708 5.1125 5.07433 3.05104 2.80707 2.46747 1.95418 1.7647 0.952516
threshold=3.1793599128723149 16.355000495910648 0.02158694434911013 0.013496953528374435 1.2549999952316286 1.3921499848365786 0.028617875650525097 0.63499999046325695 12.763521671295168 -0.074797328561544404 0.01101811556145549
decision_type=2 2 2 2 2 2 2 2 2 2 2
left_child=2 -2 3 5 7 -1 -5 -4 -9 -7 -3
right_child=1 10 4 6 -6 9 -8 8 -10 -11 -12
leaf_value=0.00025290601355611961 -0.0013830226218953209 0.00069641130047214269 -0.00010661139699866848 0.001161549440736713 -0.00045820295844158315 7.1366415315481639e-05 -0.0003339409792498029 0.0017320540113999448 -2.6167046979093005e-05 -0.0014782568758719774 -0.00021621052375165963
leaf_weight=483.32313683629036 556.94812451303005 249.76418976485729 328.01469339430332 464.0332819968462 452.31942032277584 271.77530372142792 335.94441828131676 1078.018225774169 261.21526329219341 656.73688007891178 265.41209070384502
leaf_count=1942 2254 1004 1319 1862 1825 1094 1353 4340 1051 2639 1077
internal_value=7.75833e-05 -0.000738286 0.0003667 -0.000220727 0.000869036 -0.000797136 0.000683133 0.00126246 0.00151039 -0.00120519 0.000382499
internal_weight=5403.51 1072.12 4331.38 2211.81 2119.57 1411.84 799.978 1667.25 1339.23 928.512 515.176
internal_count=21760 4335 17425 8890 8535 5675 3215 6710 5391 3733 2081
is_linear=0
shrinkage=0.02


Tree=268
num_leaves=13
num_cat=0
split_feature=12 0 0 8 22 21 25 21 21 40 6 11
split_gain=4.2323 4.03433 5.19554 4.18198 3.33855 3.9985 2.55389 2.40982 2.39884 1.68165 0.939846 0.671066
threshold=0.12227569893002511 1.0066291093826296 1.3817481398582461 0.083183392882347121 784.50000000000011 47.460000991821296 14.253360748291017 -24.964999198913571 24.884999275207523 -0.078174404799938188 3.1384201049804692 0.034761553630232818
decision_type=2 2 2 2 2 2 2 2 2 10 2 2
left_child=6 3 7 4 5 -2 8 -3 9 -1 -4 -9
right_child=1 2 10 -5 -6 -7 -8 11 -10 -11 -12 -13
leaf_value=-1.9884075905735143e-05 -0.0017961438830796012 -0.00024583127467935561 0.00011131086581504449 0.00047553962042453393 0.00025342930382602462 8.1820276413530004e-05 -0.00029027765057030539 0.0014389088580876105 -0.0001940162055703661 0.0016678259638997571 -0.00093357685756778955 9.8729308130738789e-05
leaf_weight=258.64708212018013 973.96099193394184 258.64363493025303 261.00800856947899 422.81950929760933 364.31161941587925 509.53387826681137 327.92210820317268 585.59240514039993 253.15159028768539 564.35118919610977 306.89911888539791 316.59950663149357
leaf_count=1040 3924 1042 1052 1706 1465 2051 1317 2353 1017 2270 1245 1278
internal_value=7.57827e-05 -0.000266317 0.000368663 -0.000719259 -0.0010562 -0.00135379 0.000786227 0.000946896 0.00109843 0.00139412 -0.000672254 0.00124333
internal_weight=5403.44 3999.37 1728.74 2270.63 1847.81 1483.49 1404.07 1160.84 1076.15 822.998 567.907 902.192
internal_count=21760 16116 6970 9146 7440 5975 5644 4673 4327 3310 2297 3631
is_linear=0
shrinkage=0.02


Tree=269
num_leaves=11
num_cat=0
split_feature=11 35 1 35 7 35 32 2 12 41
split_gain=4.22919 3.48132 3.46111 3.4206 2.70788 2.40991 2.42215 2.24524 1.5515 1.14685
threshold=-0.0094541753642261011 -1.0000000180025095e-35 10.025397300720217 0.034999999217689044 0.02158694434911013 -0.024999999441206452 0.46056675910949713 0.75499999523162853 0.10325782001018526 -0.048399999737739556
decision_type=2 8 2 10 2 8 2 2 2 8
left_child=1 9 -2 5 8 -4 -7 -6 -3 -1
right_child=2 4 3 -5 7 6 -8 -9 -10 -11
leaf_value=0.00024425401860018374 0.00063606028282923793 0.00050010655928525629 0.00021832806855006124 0.00049026831490493739 3.959200238791953e-05 -0.00012585604523084157 -0.0015166508657133738 0.0017078798047059701 -0.0005235619643311673 -0.00076008433880692865
leaf_weight=249.52208429574966 396.32647967338562 294.34009999036789 380.7675274759531 347.43169791996479 466.70446613430977 908.01681441068649 1056.5879466682673 643.18517889082432 411.24818898737431 249.20306359231472
leaf_count=1002 1590 1183 1538 1399 1876 3653 4278 2588 1652 1001
internal_value=7.6007e-05 0.000613521 -0.000371303 -0.000635678 0.000940126 -0.000888013 -0.00110408 0.0013258 -5.60032e-05 -0.000418457
internal_weight=5403.33 2314.2 3089.13 2692.8 1815.48 2345.37 1964.6 1109.89 705.588 498.725
internal_count=21760 9302 12458 10868 7299 9469 7931 4464 2835 2003
is_linear=0
shrinkage=0.02


Tree=270
num_leaves=10
num_cat=0
split_feature=31 0 38 40 32 31 3 15 15
split_gain=4.21359 4.387 4.59635 4.22991 2.74424 2.61703 2.63914 2.34329 1.67074
threshold=0.12060529366135599 0.78081402182579052 -4004.650024414062 -0.023001227527856823 0.54020678997039806 0.022564655169844631 -0.088016103953123079 2.8596500158309941 3.2929000854492192
decision_type=8 2 8 10 2 10 2 2 2
left_child=1 5 -3 8 -5 6 -1 -8 -4
right_child=-2 2 3 4 -6 -7 7 -9 -10
leaf_value=0.00031081423923426702 -0.0010183220138296346 -0.00069977624232981674 0.0016343584363237224 0.00056517711948371647 -0.00057404805442406981 0.00043304688931388184 -0.0015378707701657361 0.00013915766100935342 0.00010441716280969933
leaf_weight=254.82873353362083 353.23104989528656 279.76072557270527 1163.356782361865 1017.0209681242704 722.63988122344017 344.08607183396816 522.66996321082115 269.3766161352396 476.19357585906982
leaf_count=1026 1435 1126 4679 4088 2918 1385 2104 1084 1915
internal_value=7.69407e-05 0.000287754 0.000617826 0.000844558 5.86674e-05 -0.000485786 -0.000846742 -0.00118832 0.0013761
internal_weight=5403.16 5049.93 3658.97 3379.21 1739.66 1390.96 1046.88 792.047 1639.55
internal_count=21760 20325 14726 13600 7006 5599 4214 3188 6594
is_linear=0
shrinkage=0.02


Tree=271
num_leaves=13
num_cat=0
split_feature=10 8 6 9 21 19 6 22 19 1 8 21
split_gain=4.15904 3.31172 5.20486 3.769 3.33123 2.47579 2.98235 2.17965 2.24091 2.09178 1.96208 1.71241
threshold=-0.090605039149522767 -0.01334985066205263 3.1793599128723149 -0.024269950576126572 16.355000495910648 -1.0000000180025095e-35 1.1566399931907656 736.50000000000011 -112.14500045776366 11.604302406311037 -0.04934739135205745 8.8699998855590838
decision_type=2 2 2 2 2 8 2 2 10 2 2 2
left_child=9 3 5 7 -4 6 -3 8 -2 -1 -5 -7
right_child=1 2 4 10 -6 11 -8 -9 -10 -11 -12 -13
leaf_value=0.0014406174787201357 9.3784254265544677e-05 -0.00085547412792666313 -0.0012943004987333163 0.00083929118853562107 0.00035050952390045426 0.0013929837012780426 0.00058718025271365553 0.00015606587859408447 -0.0016505960705021829 -0.00013754463967650466 -0.00035734772028820922 9.8464180036111803e-05
leaf_weight=287.54461531341076 253.70382787287235 303.91701440513134 386.22415842115879 260.58981549739838 350.71716693043709 730.33130045235157 349.7173859924078 270.00671112537384 769.04784063994884 286.94688619673252 412.7617144882679 741.59441675245762
leaf_count=1164 1021 1221 1566 1047 1419 2936 1409 1085 3097 1154 1659 2982
internal_value=7.36805e-05 -0.000177146 0.000241638 -0.000677376 -0.000740626 0.000695733 -0.000186446 -0.00111439 -0.00136977 0.00103739 0.000313414 0.0010136
internal_weight=5403.1 4828.61 2862.5 1966.11 736.941 2125.56 653.634 1292.76 1022.75 574.492 673.352 1471.93
internal_count=21760 19442 11533 7909 2985 8548 2630 5203 4118 2318 2706 5918
is_linear=0
shrinkage=0.02


Tree=272
num_leaves=10
num_cat=0
split_feature=31 41 41 5 14 14 2 12 20
split_gain=4.14975 4.54657 4.61694 3.12339 2.90969 2.53592 1.17079 1.00911 0.114602
threshold=0.12060529366135599 1.0992000102996828 -0.31424999237060541 0.023028254508972171 -0.76455885171890248 0.62610992789268505 1.294999957084656 0.25614032149314886 238.50000000000003
decision_type=8 10 10 2 2 2 2 2 2
left_child=1 2 4 7 8 -6 -3 -4 -1
right_child=-2 6 3 -5 5 -7 -8 -9 -10
leaf_value=0.00012658672423344769 -0.0010125928439519965 0.0013868228208581909 -0.00019971275028273644 0.00031107650517412213 -0.00040904157183514148 0.00067900305289625516 -2.1256874623222233e-05 -0.0014742318578495133 0.0012679699307086088
leaf_weight=252.0790937691927 353.18961919844151 588.91789424419403 698.6093215495348 474.39663405716419 1607.7933732569218 482.85010069608688 250.9578760266304 411.84294395148754 282.37461169064045
leaf_count=1013 1435 2369 2808 1915 6464 1941 1011 1668 1136
internal_value=7.39977e-05 0.000283472 -5.61876e-05 -0.000718547 0.000420395 -3.49493e-05 0.00116476 -0.00110372 0.00113652
internal_weight=5403.01 5049.82 4209.95 1584.85 2625.1 2090.64 839.876 1110.45 534.454
internal_count=21760 20325 16945 6391 10554 8405 3380 4476 2149
is_linear=0
shrinkage=0.02


Tree=273
num_leaves=9
num_cat=0
split_feature=16 26 3 21 21 22 40 14
split_gain=4.14283 3.98632 5.27632 4.29726 3.62987 2.40568 2.39194 2.06001
threshold=0.30304999649524694 -1.0000000180025095e-35 0.034482751041650779 47.460000991821296 79.040000915527358 189.50000000000003 -0.11532510444521903 0.4237774014472962
decision_type=2 2 2 2 2 2 10 2
left_child=5 -2 4 7 6 -1 -3 -4
right_child=1 2 3 -5 -6 -7 -8 -9
leaf_value=0.00015092661821733275 -0.00073913649694266382 -6.9290727428982416e-05 -0.0012259496356409536 0.00068651380569535693 -0.00027770016627502703 -0.0013189370390164568 0.0014283174464172199 0.00016588463445698289
leaf_weight=470.60419210791588 430.12876698374748 413.77522473037243 625.09322290122509 380.64225739240646 477.41862198710442 327.5220135897398 1931.2495311498642 346.48101022839546
leaf_count=1896 1731 1663 2526 1536 1918 1323 7763 1404
internal_value=7.42716e-05 0.000331248 0.000546888 -0.000346037 0.000956338 -0.000817954 0.00121496 -0.000881858
internal_weight=5402.91 4604.79 4174.66 1352.22 2822.44 798.126 2345.02 971.574
internal_count=21760 18541 16810 5466 11344 3219 9426 3930
is_linear=0
shrinkage=0.02


Tree=274
num_leaves=13
num_cat=0
split_feature=11 27 3 22 22 35 14 20 2 1 41 21
split_gain=4.14002 4.0309 2.33393 5.00952 2.87117 2.64131 2.51944 2.23214 2.04221 1.66428 1.21623 0.580801
threshold=-0.067316878587007509 0.28836444020271307 0.017849728465080265 217.50000000000003 102.50000000000001 -0.03499999921768903 0.436861202120781 300.50000000000006 0.6850000023841859 11.938426971435549 0.37819999456405645 57.250000000000007
decision_type=2 2 2 2 2 10 2 2 2 2 8 2
left_child=9 8 4 10 7 -6 -5 -3 -2 -1 -4 -10
right_child=1 2 3 6 5 -7 -8 -9 11 -11 -12 -13
leaf_value=0.0013972820846046921 0.00023870103440567361 -0.00086928686210128666 -0.00016921916033134905 -0.0013775373281871707 -6.8502347548551342e-05 0.0013847738707881167 0.00021969603673886528 0.00045228423537032735 -0.0011958213117686481 -9.9307189364882746e-05 0.00094325211052157442 -9.0227983321564326e-05
leaf_weight=271.13205270469189 302.41455288231373 255.17553339898586 258.61059975624084 501.01792414486408 621.37252902984619 730.94124749302864 272.87185046076775 249.89136722683907 938.08006770908833 262.13055612146854 359.65419444441795 379.55460268259048
leaf_count=1097 1217 1025 1043 2022 2497 2935 1104 1004 3783 1053 1450 1530
internal_value=6.95586e-05 -0.00017579 0.000234028 -0.000293702 0.000598416 0.000945608 -0.000992061 -0.000340178 -0.000797956 0.00104946 0.000647367 -0.0010368
internal_weight=5402.85 4869.58 3249.54 1392.15 1857.38 1352.31 773.89 505.067 1620.05 533.263 618.265 1317.63
internal_count=21760 19610 13080 5619 7461 5432 3126 2029 6530 2150 2493 5313
is_linear=0
shrinkage=0.02


Tree=275
num_leaves=11
num_cat=0
split_feature=31 1 11 20 40 19 5 5 31 20
split_gain=4.11406 3.3171 4.17046 2.66424 2.2865 2.27368 2.16901 3.34534 0.923198 0.881532
threshold=-0.094360992312431322 9.8894615173339862 0.0030743810348212723 910.50000000000011 -0.10671409964561461 111.56060028076173 0.027794516645371917 0.040805164724588401 -0.0067205270752310744 687.50000000000011
decision_type=8 2 2 2 10 8 2 2 10 2
left_child=-1 8 3 4 -3 -5 9 -8 -2 -4
right_child=1 2 6 5 -6 -7 7 -9 -10 -11
leaf_value=0.0011391326337672734 -8.0175662893861789e-05 -0.00031825381424362316 -0.0015598617056996531 -0.00089921400313605518 0.00089779160930064791 0.00039690936107652174 0.00079641191246147608 -0.00061415917862628257 0.0010196256400727007 -0.00013584991178794639
leaf_weight=346.2395850867033 263.90086062252522 390.52326774597168 559.69170516729355 513.26109081506729 1183.583998337388 285.94092825055122 247.47242702543736 958.68514251708984 253.37359833717346 400.08014534413815
leaf_count=1398 1059 1569 2257 2063 4755 1149 996 3884 1017 1613
internal_value=7.02162e-05 -0.00015423 -0.000359529 0.000203569 0.000589795 -0.000468862 -0.000861687 -0.000116307 0.000754858 -0.00130694
internal_weight=5402.75 5056.51 4539.24 2373.31 1574.11 799.202 2165.93 1206.16 517.274 959.772
internal_count=21760 20362 18286 9536 6324 3212 8750 4880 2076 3870
is_linear=0
shrinkage=0.02


Tree=276
num_leaves=14
num_cat=0
split_feature=11 27 3 22 22 35 14 20 28 41 16 21 5
split_gain=4.06504 3.9441 2.26715 4.93878 2.82761 2.60021 2.49632 2.21182 2.01101 1.201 0.636853 0.630745 0.485141
threshold=-0.067316878587007509 0.28836444020271307 0.017849728465080265 217.50000000000003 102.50000000000001 -0.03499999921768903 0.436861202120781 300.50000000000006 153.50000000000003 0.37819999456405645 0.7552500069141389 58.545000076293952 -0.0046939922031015149
decision_type=2 2 2 2 2 10 2 2 2 8 2 2 2
left_child=10 8 4 9 7 -6 -5 -3 -2 -4 -1 12 -10
right_child=1 2 3 6 5 -7 -8 -9 11 -11 -12 -13 -14
leaf_value=2.8038902937473168e-05 0.00026335555162862326 -0.00086555380762204023 -0.00016754488235322628 -0.0013664777891116862 -6.8896133084882035e-05 0.0013719594841596896 0.00022050444717470598 0.00045006459089865788 -0.0014440906276109195 0.00093886972566926757 0.0012470832343780345 -7.7609809246611855e-05 -0.00022381885103137797
leaf_weight=251.66203753650188 258.27465236186981 255.16570900380611 258.59951846301556 500.95607900619507 621.36000594496727 730.94844864308834 272.86420945823193 249.88999633491039 421.02907718718052 359.6636598110199 281.55810031294823 382.85339561104774 557.79447394609451
leaf_count=1013 1040 1025 1043 2022 2497 2935 1104 1004 1695 1450 1137 1543 2252
internal_value=7.0529e-05 -0.000172791 0.000232416 -0.000288157 0.000591373 0.000936175 -0.000982308 -0.000338935 -0.000788324 0.000645032 0.00104139 -0.00101274 -0.00117331
internal_weight=5402.62 4869.4 3249.45 1392.08 1857.36 1352.31 773.82 505.056 1619.95 618.263 533.22 1361.68 978.824
internal_count=21760 19610 13080 5619 7461 5432 3126 2029 6530 2493 2150 5490 3947
is_linear=0
shrinkage=0.02


Tree=277
num_leaves=10
num_cat=0
split_feature=31 41 41 5 14 8 11 1 20
split_gain=4.05789 4.47535 4.56686 3.11997 2.86033 2.52516 1.16646 1.00528 0.127721
threshold=0.12060529366135599 1.0992000102996828 -0.31424999237060541 0.023028254508972171 -0.76455885171890248 -0.0036342021776363249 0.017419855110347274 10.628879070281984 238.50000000000003
decision_type=8 10 10 2 2 2 2 2 2
left_child=1 2 4 7 8 -6 -3 -4 -1
right_child=-2 6 3 -5 5 -7 -8 -9 -10
leaf_value=0.00012286269135741137 -0.001004098400791737 0.0014365091436781799 -6.4322495089995515e-05 0.00031132616093881962 -0.00055268035826009742 0.00048359458842290112 4.8399903627382917e-05 -0.0013378172842643185 0.0012581747144315405
leaf_weight=252.05657443404198 353.11699189245701 465.72785390913486 403.46901677548885 474.36958655714989 1021.6043866574764 1068.9153684675694 374.0774798989296 706.88372240960598 282.34097698330879
leaf_count=1013 1435 1872 1621 1915 4108 4297 1508 2855 1136
internal_value=6.99357e-05 0.000277448 -5.89527e-05 -0.000717336 0.000415518 -3.55964e-05 0.00115191 -0.00110239 0.00112558
internal_weight=5402.56 5049.44 4209.64 1584.72 2624.92 2090.52 839.805 1110.35 534.398
internal_count=21760 20325 16945 6391 10554 8405 3380 4476 2149
is_linear=0
shrinkage=0.02


Tree=278
num_leaves=11
num_cat=0
split_feature=31 1 11 20 28 5 5 7 31 20
split_gain=4.05391 3.28294 4.06569 2.60805 2.48416 2.13504 3.29976 1.97893 0.91188 0.870656
threshold=-0.094360992312431322 9.8894615173339862 0.0030743810348212723 910.50000000000011 1502.0000000000002 0.027794516645371917 0.040805164724588401 0.021677668206393722 -0.0067205270752310744 687.50000000000011
decision_type=8 2 2 2 2 2 2 2 10 2
left_child=-1 8 3 7 -5 9 -7 -3 -2 -4
right_child=1 2 5 4 -6 6 -8 -9 -10 -11
leaf_value=0.0011314561895137483 -7.922654293025409e-05 -0.00018614128430164288 -0.0015453033581625461 -0.00095530790070988305 0.00038676521406010099 0.00079190742671100367 -0.00060892316507387713 0.00093043735769133217 0.0010147930897115047 -0.00013379231550383842
leaf_weight=346.1989940404892 263.89834444224834 611.81024296581745 559.60363261401653 443.85161548852921 355.31037889420986 247.48120786249638 958.62242048978806 962.25517101585865 253.36026890575886 400.05808821320534
leaf_count=1398 1059 2458 2257 1784 1428 996 3884 3866 1017 1613
internal_value=7.04268e-05 -0.000152468 -0.000356817 0.000199549 -0.00046523 -0.000852547 -0.000114077 0.000581973 0.000751737 -0.00129421
internal_weight=5402.45 5056.25 4538.99 2373.23 799.162 2165.77 1206.1 1574.07 517.259 959.662
internal_count=21760 20362 18286 9536 3212 8750 4880 6324 2076 3870
is_linear=0
shrinkage=0.02


Tree=279
num_leaves=8
num_cat=0
split_feature=16 26 32 28 40 28 22
split_gain=4.01634 3.9058 4.16065 3.97307 4.99876 3.73394 2.38069
threshold=0.30304999649524694 -1.0000000180025095e-35 0.85135370492935192 335.50000000000006 0.035393949598073966 266.50000000000006 189.50000000000003
decision_type=2 2 2 2 8 2 2
left_child=6 -2 3 5 -5 -3 -1
right_child=1 2 -4 4 -6 -7 -8
leaf_value=0.00015292400061489832 -0.00073424016697445807 0.00046294199423145381 -0.00064898495586490342 0.0014531994962134265 -0.00027513118396873274 -0.0010240359510991193 -0.0013060828885787048
leaf_weight=470.55998630821705 430.080596357584 954.63151423633099 367.42967696487904 2026.5595280379057 565.24285718798637 260.36133588850498 327.44364255666733
leaf_count=1896 1731 3841 1489 8154 2278 1048 1323
internal_value=7.10156e-05 0.000324286 0.000538098 0.000749342 0.00110074 -0.000142903 -0.000807202
internal_weight=5402.31 4604.31 4174.22 3806.8 2591.8 1214.99 798.004
internal_count=21760 18541 16810 15321 10432 4889 3219
is_linear=0
shrinkage=0.02


Tree=280
num_leaves=10
num_cat=0
split_feature=31 1 11 19 5 23 30 1 5
split_gain=4.02722 4.38689 3.16003 4.29024 4.67301 1.94934 2.1613 1.83968 1.60498
threshold=-0.058888027444481843 9.8894615173339862 0.0030743810348212723 -139.81414794921872 0.009040743578225376 0.69151425361633312 29.98499965667725 12.127350330352785 -0.043581185862421983
decision_type=8 2 2 10 2 2 10 2 2
left_child=7 -2 3 -3 -5 -4 -7 8 -1
right_child=1 2 5 4 -6 6 -8 -9 -10
leaf_value=0.0014967218240475825 0.00086549884149002699 0.001014176530932154 9.6691512428550099e-05 -0.00090820075687751201 0.00070335866416929623 -0.0013788531427496315 0.00014199644726075461 -0.00019048325442475803 -2.6532935641857702e-05
leaf_weight=374.64710623025894 432.88314567506313 440.41433160007 485.3193387389183 1222.6231525838375 370.69433635473251 1218.1349042207003 277.58968824148178 260.85283918678761 319.1505291312933
leaf_count=1515 1737 1769 1955 4914 1488 4932 1121 1048 1281
internal_value=6.44292e-05 -0.000221075 -0.000467685 9.57419e-05 -0.000419551 -0.000903137 -0.00114638 0.000876999 0.00116389
internal_weight=5402.31 4447.66 4014.78 2033.73 1593.32 1981.04 1495.72 954.65 693.798
internal_count=21760 17916 16179 8171 6402 8008 6053 3844 2796
is_linear=0
shrinkage=0.02


Tree=281
num_leaves=10
num_cat=0
split_feature=31 41 41 5 14 14 2 1 20
split_gain=3.9779 4.43289 4.46872 3.09591 2.83047 2.51031 1.12717 0.950466 0.139099
threshold=0.12060529366135599 1.0992000102996828 -0.31424999237060541 0.023028254508972171 -0.76455885171890248 0.62610992789268505 1.294999957084656 10.628879070281984 238.50000000000003
decision_type=8 10 10 2 2 2 2 2 2
left_child=1 2 4 7 8 -6 -3 -4 -1
right_child=-2 6 3 -5 5 -7 -8 -9 -10
leaf_value=0.00011950066710266596 -0.00099522650459327828 0.0013618897964655762 -6.9348932718284851e-05 0.00031153261224036691 -0.0004100125854899217 0.0006726423688682699 -2.0580192058510933e-05 -0.0013252513066577562 0.0012489347701927513
leaf_weight=252.04064454138279 353.03564664721489 588.80338574945927 403.45327296853065 474.34192405641079 1607.5850333273411 482.8236611187458 250.91263248026371 706.7787097543478 282.31608983874321
leaf_count=1013 1435 2369 1621 1915 6464 1941 1011 2855 1136
internal_value=6.8018e-05 0.00027362 -6.07965e-05 -0.000711776 0.000408934 -3.86085e-05 0.00114401 -0.00109562 0.00111538
internal_weight=5402.09 5049.06 4209.34 1584.57 2624.77 2090.41 839.716 1110.23 534.357
internal_count=21760 20325 16945 6391 10554 8405 3380 4476 2149
is_linear=0
shrinkage=0.02


Tree=282
num_leaves=9
num_cat=0
split_feature=31 22 28 28 22 0 22 19
split_gain=3.96154 3.36107 4.15407 9.46824 3.45604 7.32019 2.76245 2.67344
threshold=-0.094360992312431322 32.500000000000007 182.50000000000003 66.500000000000014 696.50000000000011 1.0719550848007204 16.500000000000004 -1.0000000180025095e-35
decision_type=8 2 2 2 2 2 2 8
left_child=-1 6 3 -3 5 -4 -2 -6
right_child=1 2 4 -5 7 -7 -8 -9
leaf_value=0.001118006231512169 -0.00032601928195728465 -0.0010007883086504455 -0.0015004163279947827 0.0015342650050251074 -0.00056342746326996202 0.00033299231509994592 0.0012721897975336203 0.00071792547402594502
leaf_weight=346.1286735534668 263.76433125138283 295.94155025482178 1753.143595173955 518.61194857954979 352.8860777169466 922.33776986598969 259.2660000026226 689.90431208908558
leaf_count=1398 1062 1191 7062 2088 1421 3718 1043 2777
internal_value=6.90547e-05 -0.000151221 -0.000358925 0.000571992 -0.00063082 -0.000939294 0.000760693 0.000225776
internal_weight=5401.98 5055.86 4532.83 814.553 3718.27 2675.48 523.03 1042.79
internal_count=21760 20362 18257 3279 14978 10780 2105 4198
is_linear=0
shrinkage=0.02


Tree=283
num_leaves=10
num_cat=0
split_feature=31 41 41 5 7 31 10 11 12
split_gain=3.95741 4.31612 4.41734 3.03032 2.67315 3.31951 2.53317 1.13058 0.987079
threshold=0.12060529366135599 1.0992000102996828 -0.31424999237060541 0.023028254508972171 0.027248672209680084 0.027519260533154014 0.066584911197423949 0.017419855110347274 0.25614032149314886
decision_type=8 10 10 2 2 10 2 2 2
left_child=1 2 4 8 5 -1 -6 -3 -4
right_child=-2 7 3 -5 6 -7 -8 -9 -10
leaf_value=-0.00061540505100131837 -0.00098921179141638906 0.0014154538016837815 -0.00019408485526868573 0.00030906142639540587 0.0012488365230103457 0.00069834145750671318 -0.00026887368695398614 4.7952981559059554e-05 -0.0014479277790129556
leaf_weight=1133.5340007096529 352.99773150682449 465.65754152834415 698.49339644610882 474.35248757898808 796.20965273678303 440.81235541403294 254.16199366748333 374.05092705786228 411.6300363689661
leaf_count=4557 1435 1872 2808 1915 3202 1770 1025 1508 1668
internal_value=7.19289e-05 0.000276547 -5.44738e-05 -0.00070248 0.000411634 -0.000132234 0.000924527 0.00113524 -0.00108243
internal_weight=5401.9 5048.9 4209.19 1584.48 2624.72 1574.35 1050.37 839.708 1110.12
internal_count=21760 20325 16945 6391 10554 6327 4227 3380 4476
is_linear=0
shrinkage=0.02


Tree=284
num_leaves=11
num_cat=0
split_feature=16 5 7 2 18 2 9 22 13 12
split_gain=3.943 3.7265 4.04979 4.24055 3.66939 3.549 2.95249 2.34531 1.60815 1.17721
threshold=0.30304999649524694 0.054666982963681228 0.02103835437446833 0.61500000953674328 27.266200065612797 0.85500001907348644 -0.092029567807912813 189.50000000000003 -0.054350424557924264 0.5135113298892976
decision_type=2 2 2 2 2 2 2 2 2 2
left_child=7 2 4 -4 5 -2 -5 -1 -6 -3
right_child=1 9 3 6 8 -7 -8 -9 -10 -11
leaf_value=0.00015261513193854534 0.00036684371600438095 -0.00091398821448032089 -0.00038319075617000188 -0.00012977539770057267 -0.00020213214746220431 -0.0011768788248697338 0.001613333798177243 -0.0012945767891655718 0.00099450203315070459 0.00015171648548697661
leaf_weight=470.52370211482048 467.80741949379444 360.33243556320667 328.14266595244408 327.02159725129604 329.56946347653866 683.03562670946121 1379.4428001493216 327.37005488574505 410.95535369217396 317.58184958994389
leaf_count=1896 1880 1459 1320 1316 1324 2745 5557 1323 1652 1288
internal_value=7.10353e-05 0.000321921 0.000560791 0.00103625 -0.000111258 -0.0006585 0.00134602 -0.000799252 0.000636474 -0.000605935
internal_weight=5401.78 4603.89 3925.97 2034.61 1891.37 1150.84 1706.46 797.894 740.525 677.914
internal_count=21760 18541 15794 8193 7601 4625 6873 3219 2976 2747
is_linear=0
shrinkage=0.02


Tree=285
num_leaves=14
num_cat=0
split_feature=10 8 3 9 22 19 1 22 19 8 1 22 31
split_gain=3.92796 3.28964 5.29187 3.66929 3.58151 2.52681 2.10794 2.08183 2.19686 1.92071 1.83807 0.868081 0.124514
threshold=-0.090605039149522767 -0.01334985066205263 0.01306335022673011 -0.024269950576126572 205.50000000000003 69.779647827148452 11.604302406311037 736.50000000000011 -112.14500045776366 -0.04934739135205745 12.280117511749269 104.50000000000001 0.013498415239155294
decision_type=2 2 2 2 2 10 2 2 10 2 2 2 10
left_child=6 3 11 7 10 -6 -1 8 -2 -5 -4 -3 -13
right_child=1 2 4 9 5 -7 -8 -9 -10 -11 -12 12 -14
leaf_value=0.0014117900911882863 9.3472936531132351e-05 -3.910496143589397e-06 0.00081251288587735806 0.00082708898772797322 -0.0013084196382025632 0.00015801594224491521 -0.00015010596567027236 0.00014735782182105877 -0.0016322130018528635 -0.00035586596386889965 -0.00032226014372236164 0.00016382298425996909 0.0014031056034620496
leaf_weight=287.33911204338074 253.6539348512888 249.28277930617332 516.32979942858219 260.53716737031937 600.59057430922985 455.3161391466856 286.8600877225399 269.97058926522732 768.80673472583294 412.686473056674 385.08338876068592 292.93085137009621 362.37926396727562
leaf_count=1164 1021 1000 2081 1047 2429 1838 1154 1085 3097 1659 1556 1175 1454
internal_value=6.74002e-05 -0.000175846 0.000241456 -0.0006745 -0.00034708 -0.000885195 0.00100443 -0.0011052 -0.00135408 0.000305786 0.000405247 0.00107029 0.00125275
internal_weight=5401.77 4827.57 2861.91 1965.65 1957.32 1055.91 574.199 1292.43 1022.46 673.224 901.413 904.593 655.31
internal_count=21760 19442 11533 7909 7904 4267 2318 5203 4118 2706 3637 3629 2629
is_linear=0
shrinkage=0.02


Tree=286
num_leaves=10
num_cat=0
split_feature=11 27 40 40 22 11 2 1 21
split_gain=3.90448 3.86203 2.61278 2.75387 3.45865 2.77878 1.99223 1.67039 0.576532
threshold=-0.067316878587007509 0.28836444020271307 -0.11532510444521903 -0.023001227527856823 175.50000000000003 -0.028204787522554394 0.6850000023841859 11.938426971435549 57.250000000000007
decision_type=2 2 10 10 2 2 2 2 2
left_child=7 6 -3 5 -5 -4 -2 -1 -8
right_child=1 2 3 4 -6 -7 8 -9 -10
leaf_value=0.0013710495751210316 0.00023971434139043087 -0.00059237589652114131 -0.00028168697186205824 0.00066193999149099668 -0.00064473902728184233 0.0012920810378706591 -0.0011727985162808699 -0.00010841609788749859 -8.5272711023066805e-05
leaf_weight=270.9643480181694 302.36409212648869 457.00626787543297 257.62439668178558 614.25146719813347 1011.8001789450645 908.24789397418499 937.80480617284775 262.08603009581566 379.4764234572649
leaf_count=1097 1217 1838 1035 2473 4078 3656 3783 1053 1530
internal_value=6.93988e-05 -0.000169118 0.000231581 0.000472402 -9.33598e-05 0.00097128 -0.000778397 0.00102093 -0.00101505
internal_weight=5401.63 4868.58 3248.93 2791.92 1626.05 1165.87 1619.65 533.05 1317.28
internal_count=21760 19610 13080 11242 6551 4691 6530 2150 5313
is_linear=0
shrinkage=0.02


Tree=287
num_leaves=10
num_cat=0
split_feature=31 0 38 40 0 31 3 15 41
split_gain=3.89569 4.27046 4.47382 4.0851 2.93037 2.59042 2.55677 2.30445 1.93768
threshold=0.12060529366135599 0.78081402182579052 -4004.650024414062 -0.023001227527856823 1.1388114094734194 0.022564655169844631 -0.088016103953123079 2.8596500158309941 -0.97440001368522633
decision_type=8 2 8 10 2 10 2 2 8
left_child=1 5 -3 8 -5 6 -1 -8 -4
right_child=-2 2 3 4 -6 -7 7 -9 -10
leaf_value=0.00030087507228549566 -0.00098279922209066738 -0.00069628434004763114 -8.7366038363341489e-06 -0.00046933316792976937 0.00071468125635339413 0.00042837862742281681 -0.0015277913945207743 0.00013716155034714964 0.0015733764013372566
leaf_weight=254.72176744043827 352.94038596749306 279.70349989831448 349.66294038295746 1105.212035343051 633.9852524548769 344.00996252894402 522.49787119030952 269.30531707406044 1289.5304821431637
leaf_count=1026 1435 1126 1406 4450 2556 1385 2104 1084 5188
internal_value=6.98229e-05 0.000273017 0.000599611 0.000824235 5.37703e-05 -0.000487982 -0.000846441 -0.00118128 0.00134653
internal_weight=5401.57 5048.63 3658.09 3378.39 1739.2 1390.53 1046.52 791.803 1639.19
internal_count=21760 20325 14726 13600 7006 5599 4214 3188 6594
is_linear=0
shrinkage=0.02


Tree=288
num_leaves=13
num_cat=0
split_feature=6 21 5 8 25 10 13 13 3 15 5 11
split_gain=3.89105 4.41473 3.5984 8.14408 2.92075 2.71821 2.71695 2.5305 1.69593 1.18009 1.11088 0.890032
threshold=3.1793599128723149 16.355000495910648 -0.06095969304442405 -0.01334985066205263 13.908346176147463 -0.0018219872144982217 0.017705109901726249 0.10654556751251222 0.07198916003108026 2.7846499681472783 -0.0006401614227797835 0.01101811556145549
decision_type=2 2 2 2 2 2 2 2 2 2 2 2
left_child=2 -2 9 5 8 6 -4 -6 -5 -1 -7 -3
right_child=1 11 3 4 7 10 -8 -9 -10 -11 -12 -13
leaf_value=0.0014621994726207073 -0.0013492611490528098 0.0006842174109280212 -0.0015433073350107627 0.0013317453587002293 0.00047913080390082316 0.00057203405705242693 0.00017685744217657974 -0.00080684528361802126 -8.1824533099717929e-05 -1.5987822900266919e-06 -0.00034352274853635 -0.00020336542737138961
leaf_weight=343.07538115978241 556.53585059940815 249.71499125659466 781.02170807123184 1021.4054787009954 525.81656357645988 251.11908167600632 269.92580936849117 300.69503557682037 300.14968729019165 266.34837026894093 270.44812914729118 265.28938449919224
leaf_count=1388 2254 1004 3139 4101 2112 1010 1088 1213 1214 1072 1088 1077
internal_value=6.69978e-05 -0.000713088 0.000344595 1.23084e-05 0.00070876 -0.000854183 -0.0012183 -0.000158547 0.00110288 0.00119092 0.000177175 0.000383213
internal_weight=5401.55 1071.54 4330.01 3720.58 2148.07 1572.51 1050.95 826.512 1321.56 609.424 521.567 515.004
internal_count=21760 4335 17425 14965 8640 6325 4227 3325 5315 2460 2098 2081
is_linear=0
shrinkage=0.02


Tree=289
num_leaves=14
num_cat=0
split_feature=31 32 9 6 19 3 40 12 14 10 5 16 5
split_gain=3.88956 4.16077 3.66561 3.4744 3.09416 3.04217 2.52629 2.22394 2.45319 1.15559 2.33995 1.7172 0.572415
threshold=-0.058888027444481843 0.51801419258117687 -0.042077846825122826 0.94464999437332164 -372.82019042968744 0.01306335022673011 -0.065817326307296739 0.1681761369109154 1.2946136593818667 -0.0069153539370745412 -0.033417548984289162 0.79844999313354503 -0.030880768783390519
decision_type=8 2 2 2 10 2 10 2 2 2 2 2 2
left_child=2 3 -1 5 -3 6 -2 -6 -9 10 -5 -11 -4
right_child=1 4 12 9 7 -7 -8 8 -10 11 -12 -13 -14
leaf_value=-0.00030338210272282259 -0.00049710256847147608 0.00041351451160960085 0.0016320207825933249 0.00066543912332974039 0.00020307314057050425 -0.00098957174799655799 0.00077310997350151628 -0.0015184830078017692 0.00014762669345431224 -8.555142437582339e-05 -0.00064499821578839738 0.001475064850689466 0.00013312927546929649
leaf_weight=409.0481403619051 344.20350827276707 267.16962261497974 251.61379995942116 250.390750259161 250.96232448518276 450.31557275354862 656.01830476522446 1105.3198575228453 261.56783740222454 253.56332530081272 254.75291320681572 352.72785609960556 293.76526208221912
leaf_count=1648 1382 1080 1017 1007 1008 1812 2635 4469 1060 1020 1025 1418 1179
internal_value=6.66612e-05 -0.000214359 0.00086496 0.000285915 -0.000773565 -0.000309088 0.000307929 -0.00104433 -0.0012641 0.00086225 1.34732e-05 0.00115045 0.00139523
internal_weight=5401.42 4446.99 954.427 2561.97 1885.02 1450.54 1000.22 1617.85 1366.89 1111.43 505.144 606.291 545.379
internal_count=21760 17916 3844 10299 7617 5829 4017 6537 5529 4470 2032 2438 2196
is_linear=0
shrinkage=0.02


Tree=290
num_leaves=11
num_cat=0
split_feature=11 27 40 40 22 11 28 1 21 20
split_gain=3.84541 3.77736 2.57131 2.63529 3.38913 2.72927 1.96181 1.63758 0.621767 0.907443
threshold=-0.067316878587007509 0.28836444020271307 -0.11532510444521903 -0.023001227527856823 175.50000000000003 -0.028204787522554394 153.50000000000003 11.938426971435549 58.545000076293952 166.50000000000003
decision_type=2 2 10 10 2 2 2 2 2 2
left_child=7 6 -3 5 -5 -4 -2 -1 9 -8
right_child=1 2 3 4 -6 -7 8 -9 -10 -11
leaf_value=0.0013599503644406389 0.00026345723351091209 -0.00058839494836810833 -0.00028179245215400505 0.00065880493828592587 -0.00063443104965007168 0.0012740917285598142 -1.3123264695208414e-05 -0.00010658543818383985 -7.3578566041107641e-05 -0.0013350825154372667
leaf_weight=270.90081180632114 258.2263792604208 456.97647818922997 257.61379165947437 614.23856209218502 1011.7071790248156 908.2602886557579 261.45988292992115 262.07220086455345 382.76634745299816 717.04926887154579
leaf_count=1097 1040 1838 1035 2473 4078 3656 1055 1053 1543 2892
internal_value=6.91031e-05 -0.000167636 0.000228708 0.000467748 -8.74526e-05 0.000955554 -0.00077019 0.00101342 -0.000992541 -0.00115155
internal_weight=5401.27 4868.3 3248.8 2791.82 1625.95 1165.87 1619.5 532.973 1361.28 978.509
internal_count=21760 19610 13080 11242 6551 4691 6530 2150 5490 3947
is_linear=0
shrinkage=0.02


Tree=291
num_leaves=9
num_cat=0
split_feature=31 22 28 28 22 0 22 19
split_gain=3.83613 3.26646 4.00851 9.35873 3.38725 7.10301 2.7479 2.62198
threshold=-0.094360992312431322 32.500000000000007 182.50000000000003 66.500000000000014 696.50000000000011 1.0719550848007204 16.500000000000004 -1.0000000180025095e-35
decision_type=8 2 2 2 2 2 2 8
left_child=-1 6 3 -3 5 -4 -2 -6
right_child=1 2 4 -5 7 -7 -8 -9
leaf_value=0.0011012813620554529 -0.00032824584587323285 -0.00099883518213216113 -0.0014782243519314263 0.0015201502800516811 -0.00055620416416796495 0.00032791925209394492 0.0012622929609455388 0.00071323462621100675
leaf_weight=346.00408732891083 263.7416026443243 295.90427123010159 1752.8152785301208 518.60192434489727 352.82721008360386 922.22390705347061 259.26519338786602 689.83650611341
leaf_count=1398 1062 1191 7062 2088 1421 3718 1043 2777
internal_value=6.91094e-05 -0.000147806 -0.000352723 0.000561775 -0.000619828 -0.000925459 0.000750931 0.000226545
internal_weight=5401.22 5055.22 4532.21 814.506 3717.7 2675.04 523.007 1042.66
internal_count=21760 20362 18257 3279 14978 10780 2105 4198
is_linear=0
shrinkage=0.02


Tree=292
num_leaves=10
num_cat=0
split_feature=31 0 38 40 32 31 3 15 15
split_gain=3.8436 4.13429 4.39373 3.92128 2.60024 2.55903 2.50758 2.29414 1.67626
threshold=0.12060529366135599 0.78081402182579052 -4004.650024414062 -0.023001227527856823 0.54020678997039806 0.022564655169844631 -0.088016103953123079 2.8596500158309941 3.2929000854492192
decision_type=8 2 8 10 2 10 2 2 2
left_child=1 5 -3 8 -5 6 -1 -8 -4
right_child=-2 2 3 4 -6 -7 7 -9 -10
leaf_value=0.000299662317782401 -0.00097405817310303731 -0.00068991019020489693 0.0015862288691810456 0.00055157698496356689 -0.00055752014925204772 0.00043040095191105996 -0.0015124043139763429 0.00014074762669691676 8.8649392151599236e-05
leaf_weight=254.69457894563675 352.86662286520004 279.67777822911739 1163.0387645512819 1016.7261353433132 722.33706620335579 343.98817071318626 522.42146295309067 269.28604692220688 476.09669652581215
leaf_count=1026 1435 1126 4679 4088 2918 1385 2104 1084 1915
internal_value=7.19257e-05 0.000273477 0.000594424 0.000817017 5.89024e-05 -0.000476318 -0.000833929 -0.001166 0.00132887
internal_weight=5401.13 5048.27 3657.88 3378.2 1739.06 1390.39 1046.4 791.708 1639.14
internal_count=21760 20325 14726 13600 7006 5599 4214 3188 6594
is_linear=0
shrinkage=0.02


Tree=293
num_leaves=15
num_cat=0
split_feature=11 35 32 10 7 14 14 7 6 28 3 10 35 35
split_gain=3.84997 3.38306 3.04468 4.01415 2.63096 2.36048 2.53359 2.18451 2.05658 1.86701 1.59763 0.990012 0.964346 0.633373
threshold=-0.0094541753642261011 -1.0000000180025095e-35 0.72286486625671398 0.033184148371219642 0.02158694434911013 -0.37446205317974085 -0.0072884701658040276 0.026328388601541523 0.45169000327587133 680.50000000000011 0.07319445908069612 -0.041533552110195153 -1.0000000180025095e-35 -0.59499999880790699
decision_type=2 8 2 2 2 2 2 2 2 2 2 2 10 10
left_child=1 11 3 7 9 -6 -7 8 -2 -3 12 -1 -5 -4
right_child=2 4 13 10 5 6 -8 -9 -10 -11 -12 -13 -14 -15
leaf_value=-0.00073613716284632691 0.00024774046061776017 0.00053792206328876358 -0.0012569289389640209 0.0013461849985428153 0.001712360307221019 -0.0006430848860360988 0.00071474676863950994 0.00037432184440058873 -0.0010941033886817473 -0.0005845815451986431 -0.00014996395580084678 0.00021198508341938014 -2.4088068606469303e-06 -7.7934165137684685e-05
leaf_weight=249.48438692092896 265.75309047102928 311.53455211222172 395.32617227733135 306.76010565459728 582.88904614746571 267.3585262298584 259.08803445100784 343.32860951125622 842.93957917392254 393.80160357058048 324.17948563396931 249.08474083244801 254.26004709303379 355.27851639688015
leaf_count=1003 1068 1252 1606 1232 2348 1076 1040 1385 3392 1583 1312 1000 1021 1442
internal_value=6.87825e-05 0.000582091 -0.000357574 7.5294e-05 0.000906377 0.00128698 5.27382e-05 -0.000489435 -0.000803581 -6.50544e-05 0.000789993 -0.000425506 0.00109862 -0.00103513
internal_weight=5401.07 2313.24 3087.83 2337.22 1814.67 1109.34 526.447 1452.02 1108.69 705.336 885.2 498.569 561.02 750.605
internal_count=21760 9302 12458 9410 7299 4464 2116 5845 4460 2835 3565 2003 2253 3048
is_linear=0
shrinkage=0.02


Tree=294
num_leaves=9
num_cat=0
split_feature=16 26 3 21 19 21 22 40
split_gain=3.79684 3.88158 4.80804 4.10523 3.61005 3.54625 2.30426 2.29657
threshold=0.30304999649524694 -1.0000000180025095e-35 0.034482751041650779 47.460000991821296 96.623649597167983 79.040000915527358 189.50000000000003 -0.11532510444521903
decision_type=2 2 2 2 8 2 2 10
left_child=6 -2 5 4 -4 7 -1 -3
right_child=1 2 3 -5 -6 -7 -8 -9
leaf_value=0.00015441143586402355 -0.00073776203004216666 -7.2979236562746667e-05 -0.001336668332206995 0.00067896711230283385 0.00034838500333566605 -0.00028692651486791562 -0.0012765006202156799 0.0013859478327159025
leaf_weight=470.46239025890827 429.98924899101257 413.62597790360451 624.53347155451775 380.60308852791786 346.56715336441994 477.29589815437794 327.24561029672623 1930.6486515849829
leaf_count=1896 1731 1663 2530 1536 1400 1918 1323 7763
internal_value=6.90107e-05 0.000315296 0.000529249 -0.000325241 -0.000851721 0.000919713 -0.000784937 0.00117667
internal_weight=5400.97 4603.26 4173.27 1351.7 971.101 2821.57 797.708 2344.27
internal_count=21760 18541 16810 5466 3930 11344 3219 9426
is_linear=0
shrinkage=0.02


Tree=295
num_leaves=13
num_cat=0
split_feature=10 8 3 9 22 19 1 22 19 8 1 22
split_gain=3.7721 3.1855 5.02107 3.60318 3.46585 2.47217 2.07383 2.02492 2.16949 1.88568 1.78461 0.880928
threshold=-0.090605039149522767 -0.01334985066205263 0.01306335022673011 -0.024269950576126572 205.50000000000003 69.779647827148452 11.604302406311037 736.50000000000011 -112.14500045776366 -0.04934739135205745 12.280117511749269 104.50000000000001
decision_type=2 2 2 2 2 10 2 2 10 2 2 2
left_child=6 3 11 7 10 -6 -1 8 -2 -5 -4 -3
right_child=1 2 4 9 5 -7 -8 -9 -10 -11 -12 -13
leaf_value=0.0013880701493026431 9.5303469798504805e-05 -1.1935223183330363e-05 0.00080270931993764829 0.00082133979379312577 -0.0012859479654365952 0.00016006360930873438 -0.00015325721539303597 0.00014484473262635743 -0.0016135546942311447 -0.00035135467616345298 -0.00031624729079237723 0.001228200853634642
leaf_weight=287.17835414409637 253.62391625344753 249.27173334360123 516.31868493556976 260.50824774801731 600.37514825165272 455.24819642305374 286.81659519672394 269.95327252149582 768.65938876569271 412.64549082517624 385.02791200578213 655.25816060602665
leaf_count=1164 1021 1000 2081 1047 2429 1838 1154 1085 3097 1659 1556 2629
internal_value=6.45529e-05 -0.000173638 0.000237126 -0.000664311 -0.000336632 -0.000866718 0.000983011 -0.00109149 -0.00133689 0.000305349 0.000401862 0.00104425
internal_weight=5400.89 4826.89 2861.5 1965.39 1956.97 1055.62 573.995 1292.24 1022.28 673.154 901.347 904.53
internal_count=21760 19442 11533 7909 7904 4267 2318 5203 4118 2706 3637 3629
is_linear=0
shrinkage=0.02


Tree=296
num_leaves=10
num_cat=0
split_feature=31 1 9 11 19 5 23 30 5
split_gain=3.767 4.24239 3.64298 3.09516 4.16578 4.54637 1.86833 2.04987 0.575154
threshold=-0.058888027444481843 9.8894615173339862 -0.042077846825122826 0.0030743810348212723 -139.81414794921872 0.009040743578225376 0.69151425361633312 29.98499965667725 -0.030880768783390519
decision_type=8 2 2 2 10 2 2 10 2
left_child=2 -2 -1 4 -3 -6 -5 -8 -4
right_child=1 3 8 6 5 -7 7 -9 -10
leaf_value=-0.00030739352858478135 0.00085617372377539747 0.0010049140260266138 0.0016173719737305665 9.414016596520984e-05 -0.00089131337377929595 0.00069715487547528175 -0.0013497633369511678 0.00013597604592549193 0.00013007955539515352
leaf_weight=408.98354810476303 432.79606133699417 440.34113492071629 251.52802121639252 485.22987043857574 1222.3098934292793 370.63400164246559 1217.5906493663788 277.58192278444767 293.74951507151127
leaf_count=1648 1737 1769 1017 1955 4914 1488 4932 1121 1179
internal_value=6.5702e-05 -0.000210879 0.000851352 -0.000454173 0.000101198 -0.000408288 -0.000885444 -0.00112358 0.0013812
internal_weight=5400.74 4446.48 954.261 4013.69 2033.29 1592.94 1980.4 1495.17 545.278
internal_count=21760 17916 3844 16179 8171 6402 8008 6053 2196
is_linear=0
shrinkage=0.02


Tree=297
num_leaves=11
num_cat=0
split_feature=11 27 40 40 22 11 28 1 21 20
split_gain=3.72385 3.69209 2.51441 2.52699 3.32238 2.70184 1.91025 1.61003 0.62708 0.896832
threshold=-0.067316878587007509 0.28836444020271307 -0.11532510444521903 -0.023001227527856823 175.50000000000003 -0.028204787522554394 153.50000000000003 11.938426971435549 58.545000076293952 166.50000000000003
decision_type=2 2 10 10 2 2 2 2 2 2
left_child=7 6 -3 5 -5 -4 -2 -1 9 -8
right_child=1 2 3 4 -6 -7 8 -9 -10 -11
leaf_value=0.001342865489464493 0.00026020698476874503 -0.0005805182254883561 -0.00028379081937009761 0.00065599196554973357 -0.00062422645241179658 0.0012593925404377428 -1.1454867018191421e-05 -0.00010744007649782107 -6.909773072980481e-05 -0.0013204176071323281
leaf_weight=270.79175750911236 258.21162785589695 456.92031782865524 257.59563165903091 614.20212356746197 1011.5232152342796 908.20957785844803 261.42126309871674 262.05568604171276 382.72028575837612 716.89354653656483
leaf_count=1097 1040 1838 1035 2473 4078 3656 1055 1053 1543 2892
internal_value=6.97394e-05 -0.000163457 0.000228042 0.000464194 -8.14205e-05 0.000941656 -0.000759385 0.000998901 -0.000978864 -0.001138
internal_weight=5400.55 4867.7 3248.45 2791.53 1625.73 1165.81 1619.25 532.847 1361.04 978.315
internal_count=21760 19610 13080 11242 6551 4691 6530 2150 5490 3947
is_linear=0
shrinkage=0.02


end of trees

feature_importances:
Column_41=254
Column_31=215
Column_11=199
Column_5=169
Column_12=152
Column_1=145
Column_3=136
Column_22=133
Column_9=111
Column_0=102
Column_10=87
Column_21=86
Column_8=81
Column_14=80
Column_25=80
Column_35=79
Column_40=77
Column_7=72
Column_27=72
Column_32=72
Column_15=60
Column_28=60
Column_19=58
Column_23=51
Column_4=45
Column_24=41
Column_6=39
Column_16=39
Column_2=32
Column_13=30
Column_30=27
Column_18=22
Column_38=21
Column_20=19
Column_26=16
Column_39=10

parameters:
[boosting: gbdt]
[objective: binary]
[metric: auc]
[tree_learner: serial]
[device_type: cpu]
[data_sample_strategy: bagging]
[data: ]
[valid: ]
[num_iterations: 300]
[learning_rate: 0.02]
[num_leaves: 63]
[num_threads: 8]
[seed: 42]
[deterministic: 0]
[force_col_wise: 0]
[force_row_wise: 0]
[histogram_pool_size: -1]
[max_depth: 5]
[min_data_in_leaf: 1000]
[min_sum_hessian_in_leaf: 0.001]
[bagging_fraction: 0.8]
[pos_bagging_fraction: 1]
[neg_bagging_fraction: 1]
[bagging_freq: 0]
[bagging_seed: 400]
[bagging_by_query: 0]
[feature_fraction: 0.9]
[feature_fraction_bynode: 1]
[feature_fraction_seed: 30056]
[extra_trees: 0]
[extra_seed: 12879]
[early_stopping_round: 0]
[early_stopping_min_delta: 0]
[first_metric_only: 0]
[max_delta_step: 0]
[lambda_l1: 0.0667468]
[lambda_l2: 837.609]
[linear_lambda: 0]
[min_gain_to_split: 0]
[drop_rate: 0.1]
[max_drop: 50]
[skip_drop: 0.5]
[xgboost_dart_mode: 0]
[uniform_drop: 0]
[drop_seed: 17869]
[top_rate: 0.2]
[other_rate: 0.1]
[min_data_per_group: 100]
[max_cat_threshold: 32]
[cat_l2: 10]
[cat_smooth: 10]
[max_cat_to_onehot: 4]
[top_k: 20]
[monotone_constraints: ]
[monotone_constraints_method: basic]
[monotone_penalty: 0]
[feature_contri: ]
[forcedsplits_filename: ]
[refit_decay_rate: 0.9]
[cegb_tradeoff: 1]
[cegb_penalty_split: 0]
[cegb_penalty_feature_lazy: ]
[cegb_penalty_feature_coupled: ]
[path_smooth: 0]
[interaction_constraints: ]
[verbosity: -1]
[saved_feature_importance_type: 0]
[use_quantized_grad: 0]
[num_grad_quant_bins: 4]
[quant_train_renew_leaf: 0]
[stochastic_rounding: 1]
[linear_tree: 0]
[max_bin: 255]
[max_bin_by_feature: ]
[min_data_in_bin: 3]
[bin_construct_sample_cnt: 200000]
[data_random_seed: 175]
[is_enable_sparse: 1]
[enable_bundle: 1]
[use_missing: 1]
[zero_as_missing: 0]
[feature_pre_filter: 1]
[pre_partition: 0]
[two_round: 0]
[header: 0]
[label_column: ]
[weight_column: ]
[group_column: ]
[ignore_column: ]
[categorical_feature: ]
[forcedbins_filename: ]
[precise_float_parser: 0]
[parser_config_file: ]
[objective_seed: 16083]
[num_class: 1]
[is_unbalance: 0]
[scale_pos_weight: 1]
[sigmoid: 1]
[boost_from_average: 1]
[reg_sqrt: 0]
[alpha: 0.9]
[fair_c: 1]
[poisson_max_delta_step: 0.7]
[tweedie_variance_power: 1.5]
[lambdarank_truncation_level: 30]
[lambdarank_norm: 1]
[label_gain: ]
[lambdarank_position_bias_regularization: 0]
[eval_at: ]
[multi_error_top_k: 1]
[auc_mu_weights: ]
[num_machines: 1]
[local_listen_port: 12400]
[time_out: 120]
[machine_list_filename: ]
[machines: ]
[gpu_platform_id: -1]
[gpu_device_id: -1]
[gpu_use_dp: 0]
[num_gpu: 1]

end of parameters

pandas_categorical:null
