tree
version=v4
num_class=1
num_tree_per_iteration=1
label_index=0
max_feature_idx=46
objective=binary sigmoid:1
feature_names=Column_0 Column_1 Column_2 Column_3 Column_4 Column_5 Column_6 Column_7 Column_8 Column_9 Column_10 Column_11 Column_12 Column_13 Column_14 Column_15 Column_16 Column_17 Column_18 Column_19 Column_20 Column_21 Column_22 Column_23 Column_24 Column_25 Column_26 Column_27 Column_28 Column_29 Column_30 Column_31 Column_32 Column_33 Column_34 Column_35 Column_36 Column_37 Column_38 Column_39 Column_40 Column_41 Column_42 Column_43 Column_44 Column_45 Column_46
feature_infos=[0.1353253573179245:3.6036255359649658] [7.8153347969055176:16.64677619934082] [0.0099999997764825821:22.75] [-0.62752020359039307:3.0749576091766357] [1.7554295063018799:99.671928405761719] [-0.49469327926635742:2.2113192081451416] [0.015399999916553497:64.6734619140625] [0.0020059968810528517:0.3287290632724762] [-0.58496910333633423:4.2054924964904785] [-0.59364610910415649:4.1406774520874023] [-0.5520709753036499:4.0380406379699707] [-0.52805489301681519:3.9942183494567871] [0:18.724811553955078] [-0.77607607841491699:5.627072811126709] [-535.0904541015625:410.17916870117188] [0.2939000129699707:293.41299438476562] [0.00419999985024333:53.784900665283203] [0:1] [1.2308000326156616:231158] [-716064.75:176428.640625] [-2147483648:9999] [-625009.5:756669.125] [-2147483648:9999] [0.15792694687843323:1] [-29383.744140625:262394.59375] [10.617473602294922:19.487316131591797] [-2:2] [-2147483648:9999] [-5397.39697265625:56656.76171875] [0:108.95400238037109] [-13404359680:119921999872] [-0.29445961117744446:4.2054924964904785] [0.00020096462685614824:1] [-2147455360:1161209088] [0:1] [-14.659999847412109:3.0899999141693115] [-3:2] [0:1] [-271450.59375:329322.46875] [-243615.046875:411702.03125] [-0.94107264280319214:1] [-10.509799957275391:14.104299545288086] none [-2454299136:1445481600] [0:5] [0:1596] [0.00036968576023355126:1]
tree_sizes=3702 3726 3740 3271 3489 3731 3491 3493 3283 3605 3501 3624 3610 3621 3382 3510 3617 3619 3739 3729 3628 3616 3488 3735 3617 3256 3503 3625 3626 3398 3634 3283 3505 2934 3287 3527 3193 3504 3627 3384 2934 3397 3634 3616 3520 3506 3386 3623 3488 3048 3518 3402 3407 2944 3522 3382 2737 2713 3640 3605 3169 2820 3727 3623 2726 3058 3513 2945 3514 3062 3622 2825 3630 3622 3171 3628 3733 3280 3176 3734 3041 3733 2947 3153 3529 3736 3062 2827 3393 3172 3613 2948 3073 3184 3737 3175 2942 3520

Tree=0
num_leaves=32
num_cat=0
split_feature=31 1 5 11 9 31 46 46 6 12 3 9 8 46 46 10 41 8 9 46 46 46 46 46 46 46 46 46 5 12 3
split_gain=5415.16 2477.61 1534.67 1022.46 947.189 833.438 743.201 909.658 663.8 606.048 582.145 567.467 792.145 477.313 430.905 382.108 246.721 239.235 233.217 192.41 198.488 180.536 160.295 136.165 132.175 116.065 108.63 102.319 90.6338 33.6569 10.0505
threshold=-0.082112848758697496 10.67553758621216 -0.087482329457998262 -0.031954016536474221 -0.09773730486631392 0.035552863031625755 0.50081467628479015 0.50085288286209118 5.9942698478698739 0.15773377567529681 0.040685493499040611 -0.035902189090847962 -0.096663951873779283 0.49857780337333685 0.49961262941360479 -0.078279480338096605 -2.2828999757766719 -0.0032550498144701119 1.0000000180025095e-35 0.4994433075189591 0.49980013072490698 0.50209569931030285 0.49921353161334997 0.4994127899408341 0.49893367290496832 0.49921353161334997 0.49893367290496832 0.49856409430503851 0.07291541621088983 0.15192328393459323 -0.049987817183136933
decision_type=2 2 2 2 2 2 2 2 2 2 2 2 2 2 2 2 8 2 2 2 2 2 2 2 2 2 2 2 2 2 2
left_child=2 5 4 6 25 9 14 -8 13 15 17 19 16 -5 -3 -2 -13 -7 -14 23 -21 -11 24 -4 -6 26 -1 -12 -10 -27 -24
right_child=1 3 11 8 22 10 7 -9 28 21 27 12 18 -15 -16 -17 -18 -19 -20 20 -22 -23 30 -25 -26 29 -28 -29 -30 -31 -32
leaf_value=-0.074253743703111552 -0.070745400168434169 -0.076116020123376954 -0.077766478231617489 -0.07633234711709018 -0.070398571420236561 -0.074848064637350081 -0.062416807154021481 -0.075310762992146923 -0.080629432243633822 -0.078680479373607629 -0.072994814138295866 -0.078014626267763815 -0.078064529641270586 -0.079387223093097758 -0.079248588869220898 -0.075866437145764173 -0.063527420824863678 -0.070154670447275691 -0.072639047773209869 -0.070242822491998896 -0.076834335382265861 -0.071355194069713232 -0.059889365378666015 -0.085248980980858119 -0.080047306684917136 -0.069426640381246102 -0.082190670697561058 -0.077981068690204713 -0.08351288174729754 -0.07424841795429693 -0.073698422462070728
leaf_weight=769.60121735930443 5910.9267680346966 31891.395758986473 3477.8086799383163 22240.052305608988 519.7242084145546 7201.9995854794979 1870.9572248160839 13332.848076671362 11529.290244877338 38689.747868478298 1152.0303659141064 424.3665486574173 3801.5753938257694 205793.56224283576 37192.233206480742 49899.265437573195 4201.2288317084312 17742.266144603491 13192.807115614414 1617.8350599110126 7619.376567453146 579.13552522659302 6778.8811737298965 587.87248358130455 370.1974068582058 2273.3565638959408 381.18101164698601 8717.7370463311672 15065.761359483004 2870.7148879766464 519.22495365142822
leaf_count=3083 23679 127756 13932 89093 2082 28851 7495 53411 46186 154990 4615 1700 15229 824403 148991 199895 16830 71075 52850 6481 30523 2320 27156 2355 1483 9107 1527 34923 60353 11500 2080
internal_value=-0.0772521 -0.0779197 -0.0710115 -0.0788189 -0.0656808 -0.0755783 -0.076912 -0.0730322 -0.0794492 -0.0765629 -0.0729689 -0.0734414 -0.0715014 -0.079087 -0.0778062 -0.0752358 -0.0647699 -0.0713876 -0.0738339 -0.0767483 -0.075193 -0.0784515 -0.0614092 -0.0800299 -0.0738223 -0.0724453 -0.077855 -0.0771117 -0.0824042 -0.0713199 -0.0604046
internal_weight=518215 468809 49405.8 338916 14482.9 129893 84287.4 15203.8 254629 95079.1 34814 34922.9 21620 228034 69083.6 55810.2 4625.6 24944.3 16994.4 13302.9 9237.21 39268.9 8188.03 4065.68 889.922 6294.85 1150.78 9869.77 26595.1 5144.07 7298.11
internal_count=2075954 1878036 197918 1357688 58018 520348 337653 60906 1020035 380884 139464 139900 86609 913496 276747 223574 18530 99926 68079 53291 37004 157310 32801 16287 3565 25217 4610 39538 106539 20607 29236
is_linear=0
shrinkage=1


Tree=1
num_leaves=32
num_cat=0
split_feature=31 1 11 5 46 46 41 9 6 31 5 41 46 3 9 8 12 41 9 46 46 46 46 46 46 46 5 0 46 12 3
split_gain=5224.07 2495.63 1161.17 932.679 762.519 904.688 739.289 716.522 644.048 578.767 590.016 464.475 434.999 431.743 414.493 497.179 269.369 224.159 161.64 161.126 241.826 107.178 102.857 108.03 100.064 84.7553 82.4317 74.9327 72.7446 25.0335 22.4806
threshold=-0.093194238841533647 10.777340412139894 -0.032593542709946625 -0.085394993424415575 0.50081467628479015 0.50085288286209118 1.0393499732017519 -0.10200996696949004 6.596410036087037 0.035552863031625755 -0.072138488292694078 -3.3344500064849849 0.49857780337333685 0.043944198638200767 -0.036732070147991173 -0.091930165886878953 0.12240501120686532 -2.8967499732971187 0.0043381883297115573 0.49956034123897558 0.49980013072490698 0.49916510283946997 0.49921353161334997 0.49893367290496832 0.49878941476345068 0.4990104883909226 0.068054817616939559 0.69420921802520763 0.49894514679908758 0.15192328393459323 -0.049987817183136933
decision_type=2 2 2 2 2 2 10 2 2 2 2 8 2 2 2 2 2 8 2 2 2 2 2 2 2 2 2 2 2 2 2
left_child=3 6 4 7 11 -6 9 21 12 10 -2 -3 -4 -11 19 17 27 -16 -17 24 -21 28 23 -9 -5 -18 -10 -8 -1 -23 -24
right_child=1 2 8 14 5 -7 16 22 26 13 -12 -13 -14 -15 15 18 25 -19 -20 20 -22 29 30 -25 -26 -27 -28 -29 -30 -31 -32
leaf_value=0.0023398962728539089 0.0054249755359439674 0.0065474591474911368 0.00078273535385224829 0.0018339695873480718 0.015051330842183889 0.0021700103693088296 0.0021774643792962958 0.0064125381179413023 -0.0032823061484925815 0.0047221064905076894 -0.00034675688164643108 -0.00075310770183974478 -0.0021294398690265147 -0.0007290637815244959 -0.0016959492826435052 -0.00092903787413231337 0.0053021943681876771 0.013058156284205619 0.0049473186149647562 0.008860313788451939 0.0003890551361614387 0.0076908545595835076 0.016905565452037058 -0.0026104264423770294 -0.0047067621730187302 0.0017718711654293418 -0.0063811665402229078 0.0077121013122957629 -0.0045311163133738988 0.0027329261702204411 0.0027578307548455313
leaf_weight=610.65321971476078 6888.3805503547192 2842.0231278687716 22351.081133455038 911.37139910459518 1873.3980892747641 13357.143512919545 2008.2026590704918 444.19009892642498 8811.9772000610828 21691.833361789584 84554.582958579063 66155.635695740581 205938.74027916789 7557.3479293882847 254.86611554026604 2081.6461555361748 3288.2883380800486 3917.9986876398325 7890.8363270759583 1063.4376904666424 4922.980641707778 1773.1015378832817 6097.0824856907129 304.76487630605698 1710.2830270677805 13182.602587476373 13935.566707879305 8876.1643557548523 267.79902565479279 2234.6568064391613 411.9408705085516
leaf_count=2446 27591 11385 89535 3651 7501 53504 8044 1779 35305 86881 338719 265021 825051 30275 1021 8339 13172 15689 31605 4259 19721 7101 24411 1221 6852 52808 55839 35554 1073 8951 1650
internal_value=2.57424e-06 -0.000542104 -0.00149616 0.007382 0.000531911 0.00445654 0.00161468 0.0117686 -0.00217613 0.000926256 0.000133307 -0.000377453 -0.00184249 0.00333251 0.00470597 0.00672201 0.00453422 0.0120239 0.00374363 0.00109062 0.00279694 0.00469202 0.0155541 0.00330032 -0.0025391 0.00269923 -0.00533998 0.00691962 -0.000943215 0.005877 0.0164269
internal_weight=518211 483313 335266 34897.6 84228.2 15230.5 148047 12144.2 251037 120692 91443 68997.7 228290 29249.2 22753.4 14145.3 27355.3 4172.86 9972.48 8608.07 5986.42 4886.21 7257.98 748.955 2621.65 16470.9 22747.5 10884.4 878.452 4007.76 6509.02
internal_count=2075954 1936185 1343141 139769 337411 61005 593044 48632 1005730 483466 366310 276406 914586 117156 91137 56654 109578 16710 39944 34483 23980 19571 29061 3000 10503 65980 91144 43598 3519 16052 26061
is_linear=0
shrinkage=0.02


Tree=2
num_leaves=32
num_cat=0
split_feature=31 12 25 5 9 46 46 46 46 41 9 8 46 41 46 41 11 31 41 9 46 46 12 46 46 46 46 46 12 7 29
split_gain=5069.67 1891.73 1450.91 1440.99 894.732 767.664 947.858 1304.29 666.019 550.602 534.185 745.509 493.134 481.553 465.567 393.248 347.301 272.949 235.508 220.983 184.03 189.317 162.578 133.956 131.646 144.883 112.479 90.8691 36.072 7.83172 0.182308
threshold=-0.082112848758697496 0.23532899469137195 12.819274902343752 -0.087482329457998262 -0.08300198987126349 0.50065359473228466 0.50182899832725536 0.50209569931030285 0.50063318014144909 -2.4991500377655025 -0.035902189090847962 -0.096663951873779283 0.49859915673732763 0.81014999747276317 0.50209569931030285 -2.6664500236511226 -0.032593542709946625 -0.015749016776680943 -2.2828999757766719 1.0000000180025095e-35 0.4994433075189591 0.49980013072490698 0.11873231828212739 0.4994127899408341 0.49921353161334997 0.49893367290496832 0.49921353161334997 0.49893367290496832 0.13871385902166369 0.05563566833734513 1.3800018429756167
decision_type=2 2 2 2 2 2 2 2 2 8 2 2 2 8 2 10 2 2 8 2 2 2 2 2 2 2 2 2 2 2 2
left_child=3 2 13 4 24 8 16 -8 9 -3 20 18 17 15 -14 -2 -7 -4 -12 -13 23 -22 -15 -5 25 -1 27 -6 -26 -28 -10
right_child=1 5 12 10 26 6 7 -9 30 -11 11 19 14 22 -16 -17 -18 -19 -20 -21 21 -23 -24 -25 28 -27 29 -29 -30 -31 -32
leaf_value=0.0036404178469570309 0.0080552679469101003 0.0033925358732556183 -0.00093396968071968059 -0.00048906954362276374 0.0061442789573642612 0.004742244445848834 -0.014616092136346515 0.00031577417789264951 -0.012174830577511425 -0.0023794600582887054 -0.00078132217467704766 -0.00080764585805913433 -0.0011856615720753155 0.0061782003195572834 0.0062597748237598599 0.0010085340987287712 0.00060858622264834967 0.0051417392474057853 0.013311539072168232 0.0044706415842947688 0.0068350490595393484 0.000399557079702301 0.0031108782222725303 -0.0079046366770253694 0.0084732739977606848 -0.0052518389718850004 0.017301434588535617 -0.0022535589614794331 0.0035813579976846349 0.002105175697678722 -0.0016497994565245117
leaf_weight=879.88297320902348 2595.174573212862 6130.8019434809685 4116.3374476134777 3477.5847297012806 409.81182104349136 10442.940497294068 2826.0713309943676 6380.7982287406921 1960.5239702761173 196515.89609891176 424.40628880262375 3801.5163164436817 115514.64852765203 15187.833216279745 2636.7938967943192 47501.325206369162 30241.823592126369 7949.0900188535452 4204.515721783042 13196.406735986471 1618.5726143717766 7619.6561544835567 18488.895786747336 587.5936654061079 2753.3280126452446 441.95794069766998 6060.0748105198145 309.23657855391502 3372.2215591371059 265.00743247568607 292.51999072730541
leaf_count=3524 10395 24561 16489 13932 1641 41826 11322 25565 7855 787332 1700 15229 462778 60830 10563 190277 121168 31841 16830 52850 6481 30523 74062 2355 11023 1771 24254 1239 13505 1061 1172
internal_value=5.47202e-06 -0.000640642 0.000744247 0.00604263 0.0112062 -0.00180239 0.000416755 -0.00510409 -0.00234224 -0.00219158 0.00368813 0.00556993 -0.000577256 0.00278378 -0.000976595 0.00150007 0.0017439 0.00314273 0.0120974 0.00330761 0.00048015 0.00200168 0.00461061 -0.00272854 0.00543604 -0.000215961 0.0160805 0.00326256 0.00653514 0.0169856 -0.0116262
internal_weight=518203 468781 213990 49421.8 14491.5 254791 49891.6 9206.87 204900 202647 34930.3 21626.8 130217 83773.2 118151 50096.5 40684.8 12065.4 4628.92 16997.9 13303.4 9238.23 33676.7 4065.18 7447.39 1321.84 7044.13 719.048 6125.55 6325.08 2253.04
internal_count=2075954 1878036 857235 197918 58018 1020801 199881 36887 820920 811893 139900 86609 521671 335564 473341 200672 162994 48330 18530 68079 53291 37004 134892 16287 29823 5295 28195 2880 24528 25315 9027
is_linear=0
shrinkage=0.02


Tree=3
num_leaves=28
num_cat=0
split_feature=31 3 46 46 25 46 11 41 46 46 46 46 46 46 46 31 41 46 32 9 31 13 33 22 10 4 3
split_gain=4892.23 2019.66 1703.47 2660.13 1432.01 1171.61 1055.65 654.987 625.984 575.939 1413.59 675.092 556.648 536.699 716.633 524.322 289.764 238.525 233.546 211.688 205.526 116.45 46.4754 37.3148 30.7773 27.106 6.33126
threshold=-0.082112848758697496 0.074528623372316374 0.50209569931030285 0.50182899832725536 12.745228290557863 0.50220662355422985 -0.10564022138714789 3.0483000278472905 0.50254967808723461 0.49942737817764288 0.49980013072490698 0.50042408704757702 0.4994127899408341 0.50182899832725536 0.50065359473228466 -0.094982281327247606 -1.165100038051605 0.49893367290496832 0.67569437623023998 -0.13124650716781613 -0.022299848496913906 0.12123548984527589 36395482.000000007 60.500000000000007 -0.082579497247934328 66.501708984375014 -0.13127803057432172
decision_type=2 2 2 2 2 2 2 10 2 2 2 2 2 2 2 2 10 2 2 2 2 2 2 2 2 2 2
left_child=6 2 3 4 -2 -4 19 -5 -7 12 15 -12 17 14 16 -11 -3 -8 -16 26 25 24 -22 -14 -21 -15 -1
right_child=1 13 5 7 -6 8 9 -9 -10 10 11 -13 23 20 18 -17 -18 -19 -20 21 22 -23 -24 -25 -26 -27 -28
leaf_value=0.0036339912831398788 0.0019366023181523063 -0.0017272164489057929 0.019789021768397228 -0.016600969368163736 -0.0007910754514334217 -0.003711949311498668 0.0054006232392505423 0.0041795517111095403 0.0085547070684564349 0.017619069748600013 0.00032461700479179475 0.0067369104899602395 -0.00025263070019575684 0.0025547447408386125 0.0034225067379324682 0.0035507503058503933 -0.0042026044316825521 -0.00038282572002032472 -0.0011481343009204583 0.017070728382477356 -0.011344105865027756 0.0015226075227604689 -0.0023738555749469141 -0.0093736365674157458 0.0027421223664986171 -0.0017749357044821868 5.6222325833133056e-05
leaf_weight=970.73515085875988 113518.5399184972 30832.794117152691 1953.1214285939932 3900.7434953451157 234772.83039778471 2439.9820292592049 4968.7393316179514 357.94294965267181 2736.8903855085373 4222.1082248240709 12455.885206580162 13268.81881223619 250.14076428115368 347.14326055347919 8025.9841337352991 1980.6491844654083 56824.525331646204 5403.22344173491 8392.7515232115984 3702.6712302416563 3531.1451813131571 414.83056485652924 797.55528783798218 1111.853742197156 425.62084911763668 335.37769585847855 252.94019202888012
leaf_count=3887 454714 123546 7823 15630 940596 9773 19899 1434 10962 16901 49877 53131 1002 1391 32154 7931 227696 21641 33626 14817 14151 1661 3196 4454 1704 1344 1013
internal_value=7.12283e-06 -0.000627641 9.72234e-05 -0.00010919 0.000100465 0.00924222 0.00593726 -0.0144542 0.00306115 0.00469505 0.00605851 0.00374028 0.000828567 -0.00300019 -0.00264309 0.0140839 -0.00335651 0.00258417 0.00114373 0.0135538 -0.00897578 0.015403 -0.0103444 -0.0084332 0.0163054 0.000620624 0.00321846
internal_weight=518196 468767 359680 352550 348291 7129.99 49428.2 4258.69 5176.87 43661.4 31927.5 25724.7 11734 109087 104076 6202.76 87657.3 10372 16418.7 5766.8 5011.22 4543.12 4328.7 1361.99 4128.29 682.521 1223.68
internal_count=2075954 1878036 1440932 1412374 1395310 28558 197918 17064 20735 174836 127840 103008 46996 437104 417022 24832 351242 41540 65780 23082 20082 18182 17347 5456 16521 2735 4900
is_linear=0
shrinkage=0.02


Tree=4
num_leaves=30
num_cat=0
split_feature=31 1 41 3 46 31 10 12 3 46 7 46 12 8 46 46 46 46 46 46 31 46 46 46 8 46 1 14 13
split_gain=4730.87 2299.5 1082.63 901.429 869.758 693.551 688.727 681.809 531.344 496.863 462.444 483.208 447.543 261.568 254.417 305.79 255.038 194.482 162.43 154.74 189.046 139.365 137.931 110.701 109.634 108.835 66.4599 46.5551 6.938
threshold=-0.094982281327247606 10.67553758621216 -3.6967499256134029 0.077592357993125929 0.50209569931030285 0.035552863031625755 -0.089049372822046266 0.15379285067319873 0.033358966931700713 0.50182899832725536 0.022760920226573948 0.49921353161334997 0.15773377567529681 -0.0032550498144701119 0.49942737817764288 0.49980013072490698 0.50042220950126659 0.50081467628479015 0.4994127899408341 0.49810646474361425 0.0060247823130339393 0.49893367290496832 0.50095766782760631 0.50142759084701549 -0.055289248004555695 0.49856409430503851 12.022635936737062 0.036056756973266609 0.22697518765926364
decision_type=2 2 8 2 2 2 2 2 2 2 2 2 2 2 2 2 2 2 2 2 2 2 2 2 2 2 2 2 2
left_child=7 5 19 4 -4 6 17 10 13 -5 22 21 -8 -7 18 28 -17 -2 26 -3 -21 -12 27 -24 -13 -10 -9 -1 -16
right_child=1 2 3 9 -6 8 12 14 25 -11 11 24 -14 -15 15 16 -18 -19 -20 20 -22 -23 23 -25 -26 -27 -28 -29 -30
leaf_value=0.0066316951452351008 0.0036125841543287814 0.013351485844920376 -0.0010187997405522124 -0.0027266305650394864 0.0068690199416968183 0.0022459420741097937 0.0015011887771170618 0.0037369806028572038 0.0046171768024604347 -0.0090153807753036771 0.003908241027110018 0.014690732178403346 -0.0012955299287428846 0.007196945117982273 0.011881391539475775 -0.00012976738985683676 0.0061533304752674715 0.011099412968795934 -0.0058532033154181538 0.0070051648000218295 -0.00068623511846489891 -0.005249592996156357 -0.0053451184718826452 0.003220319613393668 0.0025646741804650616 -0.00026774869227650717 -0.00077116254633871162 0.00085142672194633698 0.0013274456198652418
leaf_weight=4651.4787481576204 6126.435080960393 695.1540595293045 241110.19432258606 94087.321229830384 4896.2496153861284 7065.4951812773943 54354.629414990544 2034.468139603734 1358.29275354743 4694.2677666991949 658.59235000610352 8457.9992645978928 38301.561982631683 16072.561662107706 1879.9434779286385 4554.816754296422 5032.8887002617121 1803.0067881047726 615.45684398710728 2538.4290715754032 1835.3559503406286 359.68358446657658 396.92414170503616 415.15406754612923 719.6610049456358 10328.221851930022 1963.9805991053581 922.31471811234951 256.85960315167904
leaf_count=18622 24533 2784 966028 377045 19608 28295 217707 8147 5440 18819 2637 33849 153440 64355 7523 18238 20148 7219 2466 10166 7352 1441 1589 1662 2881 41374 7865 3693 1028
internal_value=8.44137e-06 -0.00049435 -0.00135026 -0.00149239 -0.000839028 0.00171174 0.000854014 0.00724835 0.00411085 -0.00309879 0.0100724 0.0126992 0.000343837 0.00581643 0.00403073 0.00550591 0.00339769 0.0062129 1.18601e-05 0.00715817 0.00418584 -0.00023517 0.00489201 -0.00155368 0.014034 0.00057073 0.00177233 0.00591161 0.0113443
internal_weight=518187 485267 349857 344788 246006 135410 100586 32920.2 34824.6 98781.6 16581.8 10195.9 92656.2 23138.1 16338.4 11724.5 9587.71 7929.44 4613.91 5068.94 4373.79 1018.28 6385.87 812.078 9177.66 11686.5 3998.45 5573.79 2136.8
internal_count=2075954 1944165 1401802 1381500 985636 542363 402899 131789 139464 395864 66374 40808 371147 92650 65415 46937 38386 31752 18478 20302 17518 4078 25566 3251 36730 46814 16012 22315 8551
is_linear=0
shrinkage=0.02


Tree=5
num_leaves=32
num_cat=0
split_feature=31 1 5 11 9 31 46 46 6 12 9 8 3 10 46 46 9 41 8 46 46 46 46 46 9 46 5 46 46 22 13
split_gain=4580.77 2110.87 1355.14 923.202 851.053 751.678 672.479 907.177 593.148 545.328 517.766 714.242 512.254 451.208 434.04 398.142 243.6 234.594 222.613 170.1 177.983 127.087 124.604 140.236 104.658 101.755 100.97 96.4229 89.1909 71.6002 6.89187
threshold=-0.082112848758697496 10.67553758621216 -0.087482329457998262 -0.02892248053103685 -0.08300198987126349 0.035552863031625755 0.50081467628479015 0.50085288286209118 6.596410036087037 0.23066254705190661 -0.035902189090847962 -0.10156797617673873 0.040685493499040611 -0.087382938712835298 0.49771492183208471 0.49857780337333685 -0.0051114577800035468 -2.2828999757766719 -0.0032550498144701119 0.4994433075189591 0.49980013072490698 0.4994127899408341 0.49921353161334997 0.49893367290496832 0.00069160613929852854 0.49921353161334997 -0.12361526489257811 0.49856409430503851 0.49893367290496832 30.500000000000004 0.12123548984527589
decision_type=2 2 2 2 2 2 2 2 2 2 2 2 2 2 2 2 2 8 2 2 2 2 2 2 2 2 2 2 2 2 2
left_child=2 5 4 6 22 9 14 -8 15 13 19 17 18 -2 -3 -5 -13 -12 -7 21 -21 -4 23 -1 -11 28 -24 -14 -6 -10 -27
right_child=1 3 10 8 25 12 7 -9 29 24 11 16 27 -15 -16 -17 -18 -19 -20 20 -22 -23 26 -25 -26 30 -28 -29 -30 -31 -32
leaf_value=0.0035220439679218979 0.0066762796640089583 0.0065696739467669485 -0.00055263507888105631 0.00077013943654080555 0.0060365606349911879 0.0022015328254374293 0.014280783882053557 0.001716550814399382 -0.0016456154817517364 -0.0031384768904339578 -0.0010887980033980906 -0.0011696453187337416 0.0041421479113697866 0.00099228431525507331 -0.00084044580044881942 -0.0020196715710216195 0.0044183772282544763 0.01363732250331405 0.0067029508970679755 0.0064738049151233127 0.00025332420587018633 -0.0078001477458944524 0.0084324887612570992 -0.0052281801990053866 -0.00045023026830851877 0.016719030389295442 0.0024666280209726102 -0.00069806785620607676 -0.0022614509854363756 -0.0055937966021855244 0.0023618954118165966
leaf_weight=880.2064216285944 5323.2416582852602 2472.7555359750986 3478.0811483263969 22297.605454951525 409.99806281924248 7204.8584886193275 1981.0826383829117 14240.972289085388 2984.2935156226158 12827.890483334661 349.09798248112202 3554.4747139662504 1152.4326877146959 66318.850474774837 71725.101407900453 203973.49177600443 14200.503209277987 3529.9499583542347 17754.27875007689 1619.5848101526499 7621.7797227948904 587.21600194275379 3200.5689528137445 441.88772866129875 10619.731240317225 6011.7052383422852 2927.5731701403856 8717.0924914479256 309.25129376351833 19144.481132775545 316.29158030450344
leaf_count=3524 21312 9905 13932 89330 1641 28851 7929 57042 11964 51393 1398 14235 4615 265630 287381 817389 56853 14123 71075 6481 30523 2355 12810 1771 42549 24049 11718 34923 1239 76748 1266
internal_value=1.08554e-05 -0.000603467 0.00574848 -0.00143379 0.0107519 0.00155728 0.000294777 0.00387684 -0.00206189 0.000622567 0.00346933 0.00532116 0.00403465 0.00148692 -0.000522895 -0.00174292 0.00329731 0.0123537 0.00551727 0.000321698 0.00179103 -0.00275351 0.00515228 -0.000295357 -0.00197851 0.0154953 0.00622195 0.000146807 0.00317071 -0.00514084 0.0163616
internal_weight=518176 468738 49438.2 338820 14497.5 129918 90419.9 16222.1 248400 95089.7 34940.7 21634 34828.7 71642.1 74197.9 226271 17755 3879.05 24959.1 13306.7 9241.36 4065.3 7450.24 1322.09 23447.6 7047.25 6128.14 9869.53 719.249 22128.8 6328
internal_count=2075954 1878036 197918 1357688 58018 520348 362257 64971 995431 380884 139900 86609 139464 286942 297286 906719 71088 15521 99926 53291 37004 16287 29823 5295 93942 28195 24528 39538 2880 88712 25315
is_linear=0
shrinkage=0.02


Tree=6
num_leaves=30
num_cat=0
split_feature=5 1 9 6 46 46 8 41 46 0 46 46 46 5 12 46 12 46 12 46 22 46 46 46 8 0 4 9 41
split_gain=3682.09 2141.08 1818.5 726.495 719.38 860.223 712.681 711.114 474.641 336.295 315.069 286.57 256.508 229.214 208.475 188.668 177.472 175.561 128.296 117.72 107.316 87.5436 78.0186 174.726 65.3912 55.9943 46.8292 36.0108 7.13786
threshold=-0.081661995500326143 10.567763805389406 -0.069831147789955125 5.9942698478698739 0.49857780337333685 0.50081467628479015 -0.11209907755255698 0.9101499915122987 0.49854528903961187 0.89232838153839122 0.50081467628479015 0.50209569931030285 0.50081467628479015 0.068054817616939559 0.12240501120686532 0.50062420964241039 0.15965970605611804 0.49921353161334997 0.15579534322023394 0.49893367290496832 30.500000000000004 0.4998143613338471 0.50085288286209118 0.50142759084701549 -0.023180870339274403 0.70138594508171093 52.179023742675788 -0.017434663139283654 0.14395000040531161
decision_type=2 2 2 2 2 2 2 10 2 2 2 2 2 2 2 2 2 2 2 2 2 2 2 2 2 2 2 2 10
left_child=2 7 10 4 8 -6 17 9 -3 11 15 -2 21 20 25 16 -1 19 -11 -4 -5 -8 -12 -24 -16 -9 -15 -14 -17
right_child=1 3 6 13 5 -7 12 14 -10 18 22 -13 27 26 24 28 -18 -19 -20 -21 -22 -23 23 -25 -26 -27 -28 -29 -30
leaf_value=0.0038836988382481507 -0.00037142828171129067 0.0010398165078918851 0.0061927734422234041 0.0014664777021232769 -0.0017853837772874831 0.0010429852412667463 0.0047043167219543583 0.0025348500398061774 0.0089959064058560793 0.003114919383912125 0.011392479314524907 0.0080446626143807296 0.0025266490591795096 -0.00012016056837053601 0.00084835292289612511 -0.0056427486220181388 0.00012893156368242812 0.016435561496652654 0.00089121014073905282 -0.0029427067318856708 -0.0027907059473170222 -2.0035863842305861e-05 -0.00036987375288464861 0.0069271284761235601 0.0037757968924210447 0.0074876260397903471 -0.005773701109110017 0.01260868881654538 -0.00038493310226049072
leaf_weight=7612.8940249234438 51755.337229579687 26893.311774715781 415.14819936454296 2224.260769367218 236676.12912219763 51940.026725232601 3505.8440300375223 2276.791231289506 2588.3821588158607 26222.97817389667 616.48629054427147 832.26956257224083 694.39149262011051 643.9829833060503 5158.4882083982229 742.25539799034595 12609.772763684392 6463.1804218143225 18299.099308744073 352.97586211562157 15858.571174815297 2444.134498372674 2054.8396985828876 2437.8707899898291 9597.3265827298164 8819.6341078728437 16771.284621343017 1403.2917783856392 250.45050759613514
leaf_count=30482 207292 107732 1662 8913 948415 208093 14041 9116 10369 105009 2467 3332 2780 2581 20661 2973 50512 25864 73299 1414 63554 9789 8227 9760 38436 35308 67253 5617 1003
internal_value=1.30856e-05 -0.000488811 0.0056584 -0.00127895 -0.000969939 -0.00127483 0.0109665 0.00177661 0.0019676 0.000972429 0.00233431 -0.00011417 0.005908 -0.00396172 0.00467201 0.00114352 0.00164074 0.0153982 0.00223431 0.00264874 -0.00222525 0.00300046 0.00642119 0.00405576 0.00285302 0.00672075 -0.00557982 0.0109451 -0.00510018
internal_weight=518161 476558 41603.5 353596 318098 288616 15279 122962 29481.7 97109.7 26324.6 52587.6 8047.66 35498.1 25852.2 21215.4 20222.7 7231.3 44522.1 768.124 18082.8 5949.98 5109.2 4492.71 14755.8 11096.4 17415.3 2097.68 992.706
internal_count=2075954 1909363 166591 1416910 1274609 1156508 61167 492453 118101 388932 105424 210624 32227 142301 103521 84970 80994 28940 178308 3076 72467 23830 20454 17987 59097 44424 69834 8397 3976
is_linear=0
shrinkage=0.02


Tree=7
num_leaves=30
num_cat=0
split_feature=31 1 11 5 41 41 31 9 6 22 9 8 41 22 41 12 41 9 5 11 0 12 41 14 13 12 4 45 14
split_gain=4356.74 2072.29 966.843 790.011 729.233 635.723 644.456 623.881 541.886 484.062 373.749 453.226 285.138 277.47 258.982 233.413 213.158 145.943 82.6812 76.8301 72.4812 60.6941 57.9524 37.9593 37.6641 35.8449 35.7965 9.60102 5.81772
threshold=-0.093194238841533647 10.88998317718506 -0.032593542709946625 -0.085394993424415575 1.0899000167846682 -3.5171999931335445 0.035552863031625755 -0.10200996696949004 6.596410036087037 30.500000000000004 -0.036732070147991173 -0.090438783168792711 -3.1630500555038448 8.5000000000000018 -3.6967499256134029 0.12240501120686532 -2.8967499732971187 0.0043381883297115573 0.065003942698240294 0.012727778870612385 0.69420921802520763 0.15192328393459323 -4.795099973678588 -0.11704399064183234 0.14696514606475833 0.15579534322023394 40.250867843627937 133.50000000000003 -0.24570403248071668
decision_type=2 2 2 2 10 8 2 2 2 2 2 2 8 2 8 2 8 2 2 2 2 2 10 2 2 2 2 2 2
left_child=3 4 9 7 5 -2 -7 21 14 13 22 16 -11 -3 -4 20 -12 -13 -17 -10 -6 28 26 24 -9 -24 -5 -23 -1
right_child=1 2 8 10 15 6 -8 23 19 12 11 17 -14 -15 -16 18 -18 -19 -20 -21 -22 27 25 -25 -26 -27 -28 -29 -30
leaf_value=0.0066720058241894545 0.01095293405582533 -0.00034310679738770987 0.0049950183327512479 -0.0030780699818872747 0.001911731669057719 -0.00026936697538715564 0.0029236586010702231 0.014945052268364165 -0.0021646460934661611 0.0047396487628941194 -0.0017690359093132011 -0.0011561039143351019 -0.00041852978595106346 0.0068395859246612916 -0.0017970953442078986 0.00300658912432055 0.012127038381874806 0.0044571417566232384 -0.0012332671202274312 -0.0055803542083142071 0.0072131448511952622 0.0022242785886975361 0.0030263823439604575 0.0012697764313568832 0.0016036659661926844 0.00017437208027085607 0.0010798509138827644 -1.8209171740851131e-06 0.00061314304478023141
leaf_weight=1856.8987672030926 1550.8668750673532 3018.1959800124168 1486.787161052227 1267.3713470846415 1986.0571709275246 100134.8969758749 32934.133662045002 6702.9677568227053 4815.902657777071 3734.0323916822672 268.92168413102627 1976.8281162977219 68010.612864404917 6038.5652159005404 215239.45419579744 15912.546659067273 4075.681649595499 7833.2804682701826 1610.1538214981556 17807.906890928745 8950.9074418395758 1661.8167305737734 3216.2128408551216 256.69701658189297 303.57639315724373 3313.2321417033672 813.84179304540157 1119.5337402671576 251.38177171349525
leaf_count=7430 6209 12091 5956 5076 7952 401105 131881 26819 19310 14951 1077 7917 272484 24191 862616 63732 16306 31354 6450 71427 35830 6653 12878 1027 1215 13270 3259 4482 1006
internal_value=1.55285e-05 -0.000482119 -0.00141571 0.00675244 0.00134854 0.000721254 0.000534231 0.0107864 -0.00205251 0.000472309 0.00429257 0.00620441 -9.845e-05 0.00461938 -0.00173144 0.0042102 0.0111197 0.00332393 0.00257843 -0.00495655 0.00645505 0.00422589 0.000878212 0.0143092 0.0146001 0.00176374 -0.0016084 0.00153484 0.00632977
internal_weight=518149 483231 320151 34918.2 163080 134620 133069 12152.9 239350 80801.4 22765.4 14154.7 71744.6 9056.76 216726 28459.7 4344.6 9810.11 17522.7 22623.8 10937 4889.63 8610.66 7263.24 7006.54 6529.44 2081.21 2781.35 2108.28
internal_count=2075954 1936185 1283026 139769 653159 539195 532986 48632 959309 323717 91137 56654 287435 36282 868572 113964 17383 39271 70182 90737 43782 19571 34483 29061 28034 26148 8335 11135 8436
is_linear=0
shrinkage=0.02


Tree=8
num_leaves=28
num_cat=0
split_feature=31 1 11 41 3 46 31 46 46 46 46 12 3 46 31 10 8 46 46 46 46 31 9 46 13 22 46
split_gain=4226.7 1894.11 951.623 853.133 746.518 756.418 700.053 527.49 1355.22 636.102 532.621 515.878 489.975 487.799 482.129 337.225 242.27 239.276 204.679 193.617 171.741 133.437 105.57 104.815 65.1721 36.1568 19.7774
threshold=-0.082112848758697496 10.67553758621216 -0.10564022138714789 -3.6967499256134029 0.077592357993125929 0.50081467628479015 0.035552863031625755 0.49942737817764288 0.49980013072490698 0.50042408704757702 0.4994127899408341 0.15579534322023394 0.033358966931700713 0.50182899832725536 -0.094982281327247606 -0.078279480338096605 -0.0032550498144701119 0.49921353161334997 0.49810646474361425 0.49921353161334997 0.50209569931030285 0.0060247823130339393 -0.16233299672603604 0.49856409430503851 0.13791245967149737 60.500000000000007 0.49878941476345068
decision_type=2 2 2 8 2 2 2 2 2 2 2 2 2 2 2 2 2 2 2 2 2 2 2 2 2 2 2
left_child=2 6 19 18 5 -5 11 10 14 -10 17 15 16 -6 -9 -2 -8 -4 -3 26 -13 -20 -21 -14 -24 -12 -1
right_child=1 3 7 4 13 -7 12 8 9 -11 25 20 23 -15 -16 -17 -18 -19 21 22 -22 -23 24 -25 -26 -27 -28
leaf_value=0.0025728707987706062 0.0060351974444483383 0.013102709579960627 0.00047182140500320549 -0.0013703264757650891 -0.0025792792983521523 0.0016702834060861249 0.0020802566803243732 0.016890531591619344 9.8523761054152714e-05 0.0063065144412747997 -0.00026592024897935563 -0.0013718957388116526 0.0044436976955815636 -0.0088344918355267432 0.0034032415623662981 0.0012157148997653405 0.0068274595053458564 0.0069706852220022247 0.005837599793330153 0.0021337841541054768 0.0057471226191207125 -0.00070375247218632138 0.015565031643025898 -0.00034549406702266786 0.0015292487497089991 -0.0093117069679677453 -0.0012481900815139568
leaf_weight=382.27883212268353 5877.9173359423876 676.33077323436737 7966.1061372458935 197791.86374437809 93164.658164173365 38442.641012936831 7067.5202458947897 4224.3303238302469 12458.02478171885 13274.137203142047 250.11427968740463 39205.224652990699 1358.8861128389835 4634.8978970497847 1981.0943144410849 49425.213999897242 16080.767635077238 2408.353356257081 2213.5135767310858 596.69134673476219 588.27040562033653 1835.3755421489477 4151.6889361590147 10329.709253668785 336.26493579149246 1111.411781206727 300.66368399560452
leaf_count=1530 23527 2707 31897 792659 373498 154014 28295 16901 49877 53131 1002 157068 5440 18596 7931 197934 64355 9643 8862 2388 2355 7352 16614 41374 1346 4454 1204
internal_value=1.75717e-05 -0.000572613 0.00552877 -0.00135931 -0.0014853 -0.000871367 0.00147399 0.0043527 0.00565676 0.00339887 0.00066338 0.000572228 0.00386433 -0.00294824 0.0135017 0.00181038 0.00550138 0.00238865 0.00642961 0.0127528 -0.00115031 0.00325975 0.0139334 0.000471091 0.0149196 -0.00838479 0.00112887
internal_weight=518134 468693 49441.2 338759 334034 236235 129934 43673.6 31937.6 25732.2 11736 95096.6 34836.9 97799.6 6205.42 55303.1 23148.3 10374.5 4725.22 5767.59 39793.5 4048.89 5084.65 11688.6 4487.95 1361.53 682.943
internal_count=2075954 1878036 197918 1357688 1338767 946673 520348 174836 127840 103008 46996 380884 139464 392094 24832 221461 92650 41540 18921 23082 159423 16214 20348 46814 17960 5456 2734
is_linear=0
shrinkage=0.02


Tree=9
num_leaves=31
num_cat=0
split_feature=31 3 46 46 46 5 46 9 41 46 9 8 46 46 27 41 9 41 31 46 46 46 46 46 46 46 5 33 4 7
split_gain=4078.15 1700.82 1570.47 2595.12 1325.41 1214.15 1158.36 739.736 635.516 603.401 507.953 699.997 494.418 679.693 461.268 280.558 235.348 222.068 199.759 165.234 170.296 133.345 111.632 106.54 96.5762 94.3778 73.3256 53.1264 26.0509 11.7969
threshold=-0.082112848758697496 0.074528623372316374 0.50209569931030285 0.50182899832725536 0.50081467628479015 -0.089611556380987153 0.50220662355422985 -0.09773730486631392 3.0483000278472905 0.50254967808723461 -0.035902189090847962 -0.10673014447093009 0.50182899832725536 0.50065359473228466 195.50000000000003 -1.165100038051605 -0.006559765897691249 -2.2828999757766719 -0.022299848496913906 0.4994433075189591 0.49980013072490698 0.4994127899408341 0.49921353161334997 0.49893367290496832 0.49921353161334997 0.49893367290496832 -0.11359349265694617 36395482.000000007 66.501708984375014 0.05563566833734513
decision_type=2 2 2 2 2 2 2 2 10 2 2 2 2 2 2 10 2 8 2 2 2 2 2 2 2 2 2 2 2 2
left_child=5 2 3 4 -2 7 -4 24 -5 -8 19 17 13 15 -15 -3 -13 -12 28 21 -21 -7 23 -9 25 -1 -26 -20 -14 -24
right_child=1 12 6 8 -6 10 9 22 -10 -11 11 16 18 14 -16 -17 -18 -19 27 20 -22 -23 29 -25 26 -27 -28 -29 -30 -31
leaf_value=0.002753410229292692 -0.000376963460208223 -0.00149812806724815 0.019351008975063356 -0.016380341073885418 0.0032028102408507104 -0.00051462666289048807 -0.0038228419465554499 0.0061203240888713364 0.0041035131687912887 0.0081961428484919434 -0.0011354906383229803 -0.00088776553075769929 0.0026410953234482456 0.0056267103831680052 -0.0011085120880040755 -0.0039233496324656619 0.0044531240648614037 0.014124943057250514 -0.010833083863030793 0.0062479155429612711 0.00023992652758909785 -0.007854454899286871 0.015365084789852608 -0.0026370710890592443 0.0067021234749005225 -0.004694174625817127 0.0010044608276028677 -0.0020925258936425359 -0.0016327046869318738 0.00186501882488438
leaf_weight=748.23093828558922 301162.49959363043 30815.753803730011 1954.7834037691355 3898.1704802066088 47102.0589671731 3585.488057076931 2440.5329474508762 476.63083682954311 358.06315433979034 2738.6465871334076 291.97851645946503 3871.8648091703653 346.88937428593636 5431.5041143447161 10981.636181280017 56786.597087576985 14738.753889963031 2958.0787130594254 3525.133611574769 1674.8620775640011 7877.1529840230942 604.99010822176933 6630.918201431632 337.80081452429295 3426.0183241069317 368.99873286485672 1573.6319982856512 796.38115347921848 334.9510206580162 276.88130933046341
leaf_count=2995 1206645 123546 7823 15630 188665 14361 9773 1907 1434 10962 1169 15503 1391 21768 44012 227696 58994 11834 14151 6701 31541 2428 26538 1353 13709 1479 6298 3196 1344 1108
internal_value=1.97006e-05 -0.000560053 0.000104986 -9.32969e-05 0.000113713 0.00543311 0.00888348 0.0103212 -0.0142654 0.00278859 0.0033395 0.00517715 -0.00273811 -0.00239697 0.00128524 -0.00309252 0.00335153 0.0128019 -0.00846924 0.000286706 0.00171228 -0.00270648 0.0142267 0.00299181 0.00427079 -0.000663085 0.00531049 -0.00982385 0.000798048 0.0150843
internal_weight=518116 468674 359655 352521 348265 49442.3 7133.96 13839.1 4256.23 5179.18 35603.2 21860.7 109019 104015 16413.1 87602.4 18610.6 3250.06 5003.36 13742.5 9552.02 4190.48 7722.23 814.432 6116.88 1117.23 4999.65 4321.51 681.84 6907.8
internal_count=2075954 1878036 1440932 1412374 1395310 197918 28558 55387 17064 20735 142531 87500 437104 417022 65780 351242 74497 13003 20082 55031 38242 16789 30906 3260 24481 4474 20007 17347 2735 27646
is_linear=0
shrinkage=0.02


Tree=10
num_leaves=30
num_cat=0
split_feature=31 1 41 41 41 5 46 46 46 31 9 9 8 12 46 41 31 46 46 46 46 46 9 14 46 46 46 14 3
split_gain=3942.13 1919.19 811.936 741.204 701.122 650.098 593.926 895.659 608.438 591.926 538.749 338.562 399.862 253.243 250.657 205.004 142.457 141.128 128.226 187.489 124.463 112.264 108.936 91.3949 88.0258 83.1114 37.9757 29.9581 21.2282
threshold=-0.094982281327247606 11.014097690582277 -3.5171999931335445 1.0899000167846682 -3.5171999931335445 -0.087482329457998262 0.50065359473228466 0.50182899832725536 0.50063318014144909 0.035552863031625755 -0.11460638791322707 -0.04102173633873462 -0.077918842434883104 0.12240501120686532 0.49810646474361425 -3.0253500938415523 0.0060247823130339393 0.4990104883909226 0.49956034123897558 0.49980013072490698 0.49921353161334997 0.49887453019618994 0.026568059809505943 0.33344136178493505 0.49866284430027014 0.49916510283946997 0.49878941476345068 -0.12891235947608945 -0.07373544946312903
decision_type=2 2 8 10 8 2 2 2 2 2 2 2 2 2 2 8 2 2 2 2 2 2 2 2 2 2 2 2 2
left_child=5 3 14 4 -2 10 8 -8 -4 -6 25 18 15 23 -3 -13 -16 -15 24 -20 21 -12 -14 -5 -7 26 -1 -22 -27
right_child=1 2 6 13 9 11 7 -9 -10 -11 20 12 22 17 16 -17 -18 -19 19 -21 27 -23 -24 -25 -26 28 -28 -29 -30
leaf_value=0.0015745041947892585 0.010827553978294902 0.01297729202058729 -0.0018705481267678647 0.0068556730994542934 -0.00032907577029986888 0.0019683109514858754 0.0014587856261690743 -0.0046740483330504389 -0.010960514379704741 0.0025703870253903477 0.0057457040786568362 -0.0017071258450391466 -0.00078991162013777308 0.0054649923115538332 0.0053840005297440645 0.010590738943643674 -0.00090056718766780709 0.001406264948748012 0.0079012605998369494 0.00023041025449692791 0.014640678489136414 -0.0031593630816439859 0.0040441601997120019 0.00096343362705146531 -0.0044556021002875061 0.0050385940909604063 -0.0036571524755841288 0.0013948963748640008 -0.00017611722863392906
leaf_weight=400.75617197155952 1793.1609154194593 714.90112669765949 238180.26512444019 10184.95789693296 110646.91255806386 714.22803562879562 47448.397647991776 11030.686173245311 2185.7137408703566 36875.203373551369 442.92320515215397 358.65445858240128 2292.0468861758709 3919.2723723053932 2602.6587412655354 5633.4465436935425 2125.9976729899645 15968.29040363431 966.97869181632996 4521.9347316771746 6306.0728105157614 307.56008280813694 5558.5598160326481 1497.6459948718548 1634.7021013051271 2932.6037864536047 315.92949165403843 258.12251310050488 279.58534555137157
leaf_count=1604 7177 2861 954773 40766 443235 2860 190101 44240 8766 147660 1772 1436 9175 15695 10419 22543 8517 63960 3868 18105 25247 1232 22243 5995 6552 11734 1266 1033 1119
internal_value=2.06798e-05 -0.000438419 -0.00140684 0.00118965 0.000590961 0.0066291 -0.00155253 0.000252283 -0.00199099 0.000406096 0.0104616 0.00432627 0.00612281 0.00393272 0.00573156 0.00973537 0.0028479 0.00239473 0.000868382 0.00244917 0.0134757 0.00235391 0.00269257 0.00621541 -0.00249795 0.00346789 -0.00145887 0.0143368 0.00464183
internal_weight=518098 485174 304289 180885 149315 32924.1 298845 58479.1 240366 147522 11243.6 21680.6 13842.7 31570.2 5443.56 5992.1 4728.66 19887.6 7837.84 5488.91 7314.68 750.483 7850.61 11682.6 2348.93 3928.87 716.686 6564.2 3212.19
internal_count=2075954 1944165 1219677 724488 598072 131789 1197880 234341 963539 590895 45007 86782 55397 126416 21797 23979 18936 79655 31385 21973 29284 3004 31418 46761 9412 15723 2870 26280 12853
is_linear=0
shrinkage=0.02


Tree=11
num_leaves=31
num_cat=0
split_feature=31 1 5 41 3 46 9 31 9 8 46 12 3 10 41 46 9 8 7 46 46 31 46 46 46 46 46 46 5 3
split_gain=3823.48 1757.18 1142.44 865.028 737.083 752.995 698.87 629.139 480.315 671.685 469.88 448.293 422.928 289.683 220.452 198.398 194.459 166.985 166.757 158.097 162.894 133.565 131.385 100.031 104.088 91.6262 92.3636 88.9363 71.6756 12.7141
threshold=-0.082112848758697496 10.567763805389406 -0.089611556380987153 -3.6967499256134029 0.077592357993125929 0.50209569931030285 -0.09773730486631392 0.035552863031625755 -0.035902189090847962 -0.091930165886878953 0.50182899832725536 0.15579534322023394 0.042869724333286292 -0.084100317209959016 -3.0253500938415523 0.49810646474361425 0.0043381883297115573 -0.0032550498144701119 0.01451629074290395 0.4994433075189591 0.49980013072490698 0.0060247823130339393 0.4994127899408341 0.49921353161334997 0.49893367290496832 0.49921353161334997 0.49893367290496832 0.49857780337333685 -0.11359349265694617 -0.049987817183136933
decision_type=2 2 2 8 2 2 2 2 2 2 2 2 2 2 8 2 2 2 2 2 2 2 2 2 2 2 2 2 2 2
left_child=2 7 6 15 5 -5 25 11 19 14 -6 13 17 -2 -10 -3 -11 -9 -13 22 -21 -17 -4 24 -8 26 -1 -14 -27 -25
right_child=1 3 8 4 10 -7 23 12 9 16 -12 18 27 -15 -16 21 -18 -19 -20 20 -22 -23 -24 29 -26 28 -28 -29 -30 -31
leaf_value=0.0027183294656069139 0.006330006145234328 0.013118104306580199 -0.00049061890764485387 -0.00094552624834200617 -0.0024621683584514394 0.006422278719507059 0.0060476387332650209 0.0022076149114005077 -0.0018422407572732051 -0.0010339083219788052 -0.0085780653527914082 -0.0034309413382434734 0.0039554866455068513 0.0013322104019416893 0.011476024031314806 0.005939846794371457 0.003865189010755958 0.0063823716943427382 -0.00025674181374800756 0.0060969147282455899 0.00022248404316083263 -0.0005884840393858686 -0.0077709091853624289 0.015076390245561686 -0.0026077968566072802 0.0065161519096098896 -0.004650123073589002 -0.00096369163079339975 0.00093005329054803119 0.0028534287241531731
leaf_weight=748.29482184350491 4442.2423020750284 689.87446735799313 3585.2441168278456 243242.78425291181 94320.347531050444 4849.7233029156923 476.68032824993134 6490.7056931257248 309.65583358705044 3886.8399359285831 4664.8653183281422 8047.6267799139023 978.77914570271969 46834.257230132818 5234.3035666942596 2284.9098029881716 12431.065427348018 16462.457475706935 26594.540242820978 1674.8678442984819 7877.2749708890915 1862.7337650209665 604.6142480224371 6421.4950096011162 337.73643039166927 3426.3725405782461 368.87214559316635 6874.808248475194 1573.7591386884451 481.59787525236607
leaf_count=2995 17777 2760 14361 974841 378246 19416 1907 25982 1240 15565 18740 32243 3918 187546 20945 9145 49750 65873 106549 6701 31541 7462 2428 25719 1353 13709 1479 27538 6298 1927
internal_value=2.24727e-05 -0.000538911 0.00526431 -0.00124381 -0.00136745 -0.000780369 0.0100066 0.00158 0.00323389 0.00502073 -0.00281996 0.000684693 0.00399272 0.00185999 0.0105878 0.00651895 0.00270467 0.00532118 -0.00105776 0.000266031 0.00166112 0.0034014 -0.00266111 0.0138034 0.00295513 0.00413083 -0.000663985 -2.83456e-05 0.00514391 0.0146249
internal_weight=518079 468641 49438.7 351915 347078 248093 13834.8 116725 35603.9 21861.9 98985.2 85918.7 30806.8 51276.5 5543.96 4837.52 16317.9 22953.2 34642.2 13742 9552.14 4147.64 4189.86 7717.51 814.417 6117.3 1117.17 7853.59 5000.13 6903.09
internal_count=2075954 1878036 197918 1410610 1391243 994257 55387 467426 142531 87500 396986 344115 123311 205323 22185 19367 65315 91855 138792 55031 38242 16607 16789 30906 3260 24481 4474 31456 20007 27646
is_linear=0
shrinkage=0.02


Tree=12
num_leaves=31
num_cat=0
split_feature=5 1 9 3 46 46 46 8 41 46 46 0 46 46 46 46 3 12 46 3 46 46 46 46 8 7 41 0 41 14
split_gain=3191.06 1794.81 1638.23 847.283 928.963 1541.89 829.813 607.883 589.634 432.516 622.508 308.808 290.867 244.621 191.618 180.819 190.792 160.7 148.764 123.224 114.821 90.5803 171.149 86.8079 69.2638 67.7534 63.9595 46.9737 6.19385 3.91196
threshold=-0.081661995500326143 10.407629489898683 -0.069831147789955125 0.077592357993125929 0.50209569931030285 0.50182899832725536 0.50220662355422985 -0.11209907755255698 0.81014999747276317 0.50182899832725536 0.50065359473228466 0.8894844949245454 0.50081467628479015 0.50081467628479015 0.50209569931030285 0.50062420964241039 -0.13969443738460538 0.12240501120686532 0.49921353161334997 0.053533701226115234 0.49893367290496832 0.50085288286209118 0.50142759084701549 0.4998143613338471 -0.017362524755299088 0.05189171805977822 -2.7653499841690059 0.64546909928321849 0.14395000040531161 -0.12291008234024046
decision_type=2 2 2 2 2 2 2 2 10 2 2 2 2 2 2 2 2 2 2 2 2 2 2 2 2 2 8 2 10 2
left_child=2 8 12 4 5 -3 -6 18 11 10 -5 14 15 23 -2 16 -1 27 20 -13 -4 -14 -23 -9 -19 -15 -11 -10 -17 -20
right_child=1 3 7 9 6 -7 -8 13 17 26 -12 19 21 25 -16 28 -18 24 29 -21 -22 22 -24 -25 -26 -27 -28 -29 -30 -31
leaf_value=0.0032634053715963258 -0.00035992265857589162 -0.00048038522816417083 0.0060515115371631411 -0.0029758811214419794 0.016788040463910837 -0.012795016125812466 0.0012695798437198887 0.004501469324859713 0.0018249269822555086 0.00044495875260808107 0.0013174654956744994 0.0027155230870518098 0.01114570342015654 0.01159860379079517 0.0068846840860745107 -0.0056290118950172796 -0.00051454458268230976 0.0007641179842149459 0.015653113566583162 -0.0012306057370516791 -0.0029494566450929106 -0.00058654854630000588 0.006558553278261289 -0.00015790905380638401 0.0038565362099845192 0.00047785153069564845 -0.0084736615791571445 0.0069061557491700166 -0.00041958322647666718 0.0018696699926527556
leaf_weight=10398.817809954286 42714.910562455654 261092.65002846718 415.26002217829227 82629.293179437518 1441.4153822511435 3296.1019116789103 3878.226424202323 3505.7766161859035 1576.4536878913641 255.16478875279427 15616.018371745944 33130.552574321628 616.52891287207603 1777.0052604675293 673.67503334581852 742.09843400120735 9822.8885374367237 5028.6987694054842 6202.0268402397633 3013.9871264100075 352.96270562708378 2055.0469993948936 2438.0351243019104 2443.6588194668293 8091.2423092126846 320.470064625144 4675.5249338746071 9347.0396459549665 250.45349276065826 253.79553519189358
leaf_count=41644 171074 1046273 1662 331422 5767 13227 15526 14041 6310 1024 62585 132656 2467 7114 2696 2973 39350 20138 24848 12075 1414 8227 9760 9789 32395 1283 18791 37404 1003 1016
internal_value=2.41502e-05 -0.00044315 0.0052801 -0.00109014 -0.00049703 -0.000673838 0.00718646 0.0103187 0.00187612 -0.00262407 -0.00228808 0.00102313 0.00212899 0.0056181 -0.000119149 0.000989983 0.00148069 0.00456827 0.0144269 0.00236601 0.00253381 0.00605227 0.00371161 0.00280419 0.00278833 0.0105212 -0.0080143 0.00635515 -0.00510887 0.0153884
internal_weight=518056 476461 41594.8 372884 269708 264389 5319.64 15271 103577 103176 98245.3 79533.1 26323.9 8046.91 43388.6 21214.3 20221.7 24043.4 7224.05 36144.5 768.223 5109.61 4493.08 5949.44 13119.9 2097.48 4930.69 10923.5 992.552 6455.82
internal_count=2075954 1909363 166591 1494615 1080793 1059500 21293 61167 414748 413822 394007 318501 105424 32227 173770 84970 80994 96247 28940 144731 3076 20454 17987 23830 52533 8397 19815 43714 3976 25864
is_linear=0
shrinkage=0.02


Tree=13
num_leaves=31
num_cat=0
split_feature=31 1 5 41 3 46 9 31 9 8 46 10 3 46 12 8 9 41 46 46 46 46 11 46 46 46 46 46 5 14
split_gain=3630.62 1633.45 1068.8 838.518 676.623 705.218 663.441 609.82 464.588 650.747 447.859 433.561 411.15 319.945 306.056 286.35 227.782 211.4 154.186 158.656 150.205 129.357 119.524 114.469 154.229 94.8034 74.5615 53.5222 48.2755 15.6707
threshold=-0.082112848758697496 10.567763805389406 -0.089611556380987153 -3.5171999931335445 0.077592357993125929 0.50081467628479015 -0.11178388074040412 0.020122698508203033 -0.035902189090847962 -0.10673014447093009 0.50182899832725536 -0.085714254528284059 0.033358966931700713 0.49810646474361425 0.15579534322023394 0.011037532240152361 -0.006559765897691249 -2.2828999757766719 0.4994433075189591 0.49980013072490698 0.50254967808723461 0.4994127899408341 -0.057645592838525765 0.49921353161334997 0.49893367290496832 0.49856409430503851 0.49916510283946997 0.49894514679908758 -0.12361526489257811 -0.12891235947608945
decision_type=2 2 2 8 2 2 2 2 2 2 2 2 2 2 2 2 2 8 2 2 2 2 2 2 2 2 2 2 2 2
left_child=2 7 6 13 5 -5 26 11 18 17 -6 22 15 -3 -13 -9 -11 -10 21 -20 -15 -4 -2 24 -8 -14 27 -1 -28 -25
right_child=1 3 8 4 10 -7 23 12 9 16 -12 14 25 20 -16 -17 -18 -19 19 -21 -22 -23 -24 29 -26 -27 28 -29 -30 -31
leaf_value=0.0017912733421430369 0.0078776894559389587 0.013852371317067473 -0.00048591377073177406 -0.0012389781156433521 -0.0023765421579378314 0.0016334348184998961 0.0066938590130851509 0.002352939518748915 -0.0011758619916351686 -0.00098167160060547132 -0.0083568005524764268 0.0010422021168649668 0.0041241573779256064 0.00085897365459475543 -0.0016329346164762582 0.0065217015737923005 0.0042551672707895208 0.013569951270649052 0.0060067241667170626 0.00021033892224362299 0.0086842641087828167 -0.0077100701513864783 0.0019851057348944543 0.013998088249792515 -0.0033780220274380011 -0.00043001725861710845 0.0057481906129026317 -0.0040724497130205 0.0010071138474831924 0.0015080414773943184
leaf_weight=658.63615991175175 2692.4269825220108 780.10678155720234 3585.174593180418 207281.01352240145 94074.624004378915 40157.533052355051 574.42649839818478 13404.232123747468 291.98131380975246 3871.9558953046799 4643.531348913908 41669.213565692306 1340.8529254347086 4420.2300232052803 27790.877504244447 15617.988987863064 14741.29317112267 2956.6393754184246 1674.8510747998953 7877.2754465341568 515.44047491252422 604.32026390731335 3532.7860011607409 7429.8690624386072 390.58307760953903 10683.677539139986 2506.7700284272432 284.51206715404987 1725.7763485461473 257.77027699351311
leaf_count=2636 10775 3121 14361 830824 377355 160871 2298 53659 1169 15503 18676 166849 5367 17700 111348 62496 58994 11834 6701 31541 2063 2428 14141 29780 1565 42791 10029 1141 6906 1032
internal_value=2.58401e-05 -0.000521215 0.00513412 -0.00120093 -0.00133218 -0.000768862 0.00972348 0.00152164 0.00316906 0.00492636 -0.0027258 0.000444806 0.00345857 0.00590206 -3.48007e-05 0.00471637 0.00317036 0.0122749 0.000250832 0.00162911 0.0028178 -0.00263925 0.00516586 0.0129275 0.00294115 0.000313216 0.00331224 -0.00106037 0.00430107 0.0137688
internal_weight=518036 468605 49431.8 351872 346157 247439 13828.3 116732 35603.5 21861.9 98718.2 75685.3 41046.8 5715.78 69460.1 29022.2 18613.2 3248.62 13741.6 9552.13 4935.67 4189.49 6225.21 8652.65 965.01 12024.5 5175.69 943.148 4232.55 7687.64
internal_count=2075954 1878036 197918 1410610 1387726 991695 55387 467426 142531 87500 396031 303113 164313 22884 278197 116155 74497 13003 55031 38242 19763 16789 24916 34675 3863 48158 20712 3777 16935 30812
is_linear=0
shrinkage=0.02


Tree=14
num_leaves=29
num_cat=0
split_feature=31 1 11 41 41 12 31 46 46 6 7 46 46 46 12 46 46 46 46 46 46 46 46 46 15 11 11 1
split_gain=3515.49 1688.48 824.136 698.278 671.321 578.864 546.65 499.721 774.474 471.694 402.583 408.153 342.879 329.416 227.54 216.04 302.232 237.204 148.371 157.83 146.092 132.156 131.934 124.772 98.923 94.4126 75.3981 65.0245
threshold=-0.094982281327247606 11.014097690582277 -0.033177906647324555 1.0899000167846682 -3.5171999931335445 0.15379285067319873 0.035552863031625755 0.50081467628479015 0.50085288286209118 6.596410036087037 0.022760920226573948 0.49921353161334997 0.49961262941360479 0.49857780337333685 0.12785987555980685 0.49942737817764288 0.49980013072490698 0.50042220950126659 0.49990771710872656 0.50019595026969921 0.4994127899408341 0.4990104883909226 0.49893367290496832 0.49942737817764288 3.0254499912261967 -0.022321389988064762 0.012727778870612385 12.022635936737062
decision_type=2 2 2 10 8 2 2 2 2 2 2 2 2 2 2 2 2 2 2 2 2 2 2 2 2 2 2 2
left_child=5 3 7 4 -2 10 -6 12 -9 13 18 22 -3 -4 25 20 -17 -18 23 -20 27 -16 -12 -1 -13 -5 -11 -7
right_child=1 2 9 14 6 15 -8 8 -10 26 11 24 -14 -15 21 16 17 -19 19 -21 -22 -23 -24 -25 -26 -27 -28 -29
leaf_value=0.001999070229578338 0.010555875890050154 0.0012875350053066772 0.00080007468733291564 0.0090773262428643503 -0.00034683266863524162 0.0033672392030294697 0.002439307065576231 0.014005721743513921 0.0016032309904227282 -0.0019280406043180078 0.0036667218590512446 0.013992770982109846 -0.0016431348423912545 -0.0018641526208630975 0.005277675902824997 0.010417924696762853 -0.00062722505760184628 0.0053516019475161212 -0.0042620040236844734 0.0032150061858960744 -0.0058337037580084017 0.0013003437685046961 -0.0052497574034764674 0.010684374069304918 0.0054809603325957764 0.0042094208327529024 -0.0052355549464262897 -0.0010289671546401947
leaf_weight=1764.1766890138388 1793.4292228370905 28868.9029648453 20155.299236297607 2899.4634070843458 110645.88487976789 2034.9709012061357 36879.123759806156 1654.5027302056551 12078.138066574931 4822.8470454514027 658.87489427626133 6893.4439463168383 33730.599664524198 185180.17256830633 3785.7842742204666 2136.4887297302485 4555.3929887712002 5033.3723334223032 844.98059302568436 2705.7501609325409 614.8341019898653 15499.790915638208 359.61361390352249 1070.7546201646328 2273.0898621529341 9388.7957920730114 17717.418133676052 1964.2854740917683
leaf_count=7064 7177 115693 80778 11603 443235 8147 147660 6619 48372 19351 2637 27626 135199 742519 15158 8551 18238 20148 3383 10832 2466 62082 1441 4287 9104 37573 71146 7865
internal_value=2.76452e-05 -0.000405892 -0.00131446 0.00112106 0.000540168 0.00626957 0.000359492 0.00048024 0.00381682 -0.00191519 0.00886049 0.0112888 -0.000292427 -0.00160044 0.0037832 0.00333794 0.00469801 0.00268887 0.00412734 0.000961499 -0.000308806 0.00226835 -0.000429182 0.00696852 0.0125178 0.00586408 -0.00462235 0.00140344
internal_weight=518010 485100 304208 180892 149318 32910 147525 76332.1 13732.6 227876 16570.7 10185 62599.5 205335 31573.8 16339.3 11725.3 9588.77 6385.66 3550.73 4614.09 19285.6 1018.49 2834.93 9166.53 12288.3 22540.3 3999.26
internal_count=2075954 1944165 1219677 724488 598072 131789 590895 305883 54991 913794 66374 40808 250892 823297 126416 65415 46937 38386 25566 14215 18478 77240 4078 11351 36730 49176 90497 16012
is_linear=0
shrinkage=0.02


Tree=15
num_leaves=30
num_cat=0
split_feature=31 1 5 41 46 46 46 31 10 3 46 46 46 46 46 46 41 31 12 8 46 46 12 31 46 46 14 46 45
split_gain=3402.64 1526.86 1021.68 812.05 646.26 939.308 869.12 573.674 418.251 394.989 332.229 312.24 303.829 856.215 421.568 359.002 388.046 348.713 292.406 275.374 193.833 186.78 172.202 127.296 117.839 92.3814 60.4712 42.6295 4.09186
threshold=-0.082112848758697496 10.567763805389406 -0.087482329457998262 -3.6967499256134029 0.50065359473228466 0.50182899832725536 0.50063318014144909 0.020122698508203033 -0.085714254528284059 0.033358966931700713 0.49921353161334997 0.49893367290496832 0.49942737817764288 0.49980013072490698 0.50042408704757702 0.49894514679908758 0.6601499915122987 -0.093194238841533647 0.15579534322023394 0.011037532240152361 0.49810646474361425 0.49847762286663061 0.17129568010568622 0.0060247823130339393 0.50081467628479015 0.49856409430503851 -0.089498806744813905 0.49847762286663061 12.500000000000002
decision_type=2 2 2 8 2 2 2 2 2 2 2 2 2 2 2 2 8 2 2 2 2 2 2 2 2 2 2 2 2
left_child=2 7 10 20 6 -6 -5 8 24 19 11 27 15 17 -15 21 -17 -14 -10 -9 -3 -4 26 -22 -2 -11 -12 -1 -24
right_child=1 3 12 4 5 -7 -8 9 18 25 22 -13 13 14 -16 16 -18 -19 -20 -21 23 -23 28 -25 -26 -27 -28 -29 -30
leaf_value=3.2796448222019717e-05 0.0027113744752799251 0.012869960847004907 -0.001320414839123898 -0.0015717249770333228 0.0016054773590166854 -0.0043079088494230814 -0.011769887515260436 0.0022722597163334014 0.0010123591990413691 0.004036404264462932 0.013004615998832476 -0.0057700930497210454 0.013831443161268928 -0.00090426521793619135 0.0046847622449078139 0.0016806769825563716 -0.0079493444400291664 0.0015620854647930265 -0.0016024800846488824 0.0063554781084431949 0.0057780512210311007 0.0064825695001434541 0.00070020605934843186 -0.0005897182921231367 0.0091494323195727215 -0.00045803428684350328 0.00064590691299749176 0.0073552685133070721 0.0061285732777104918
leaf_weight=399.37343572080135 4831.3873182535172 689.94899056851864 1507.740251943469 276887.43969646096 55061.181448981166 12471.99648784101 2569.6361513435841 13405.496985465288 41670.671985268593 1341.0552181303501 7096.5816093087196 750.84069754183292 3484.1980614215136 9733.3166415989399 10674.01621080935 2881.5344620645046 2496.9109234809875 1477.8154503405094 27788.998578637838 15619.774628072977 2285.2152588665485 2690.0140694081783 291.80915687978268 1862.648129940033 1394.2758653312922 10684.20453839004 253.81621415913105 891.49552573263645 4793.8813851326704
leaf_count=1598 19337 2760 6036 1110254 220608 50067 10314 53659 166849 5367 28463 3010 13946 38969 42720 11541 10004 5915 111348 62496 9145 10769 1168 7462 5579 42791 1016 3567 19196
internal_value=2.96991e-05 -0.000499913 0.00497543 -0.00115716 -0.00127708 0.000473979 -0.00170039 0.00147508 0.000430625 0.00335361 0.00932318 0.0012479 0.00299806 0.00411209 0.00208845 -4.64773e-05 -0.00325854 0.0109309 -4.03797e-05 0.00458629 0.00636271 0.00392621 0.0104864 0.00329961 0.00506742 0.000273287 0.0126878 0.00599486 0.00596039
internal_weight=517987 468564 49423.3 351828 346990 67533.2 279457 116736 75685.3 41050.5 14477.8 2041.71 34945.5 25369.3 20407.3 9576.2 5378.45 4962.01 69459.7 29025.3 4837.81 4197.75 12436.1 4147.86 6225.66 12025.3 7350.4 1290.87 5085.69
internal_count=2075954 1878036 197918 1410610 1391243 270675 1120568 467426 303113 164313 58018 8175 139900 101550 81689 38350 21545 19861 278197 116155 19367 16805 49843 16607 24916 48158 29479 5165 20364
is_linear=0
shrinkage=0.02


Tree=16
num_leaves=31
num_cat=0
split_feature=31 1 11 41 41 12 31 6 22 7 0 22 12 41 14 9 5 14 14 5 22 5 8 2 31 4 10 41 18 38
split_gain=3284.43 1581.23 788.715 673.117 648.984 549.449 514.546 454.521 445.645 380.84 273.739 233.775 216.721 204.851 197.349 135.597 122.137 101.079 87.3767 86.9835 73.8362 72.6735 68.7852 58.1891 56.2239 50.0649 34.2805 27.2534 14.9499 1.35922
threshold=-0.094982281327247606 11.014097690582277 -0.033177906647324555 1.0899000167846682 -3.5171999931335445 0.15379285067319873 0.035552863031625755 6.596410036087037 30.500000000000004 0.022760920226573948 0.84636831283569347 8.5000000000000018 0.12240501120686532 -3.3344500064849849 0.068525880575180068 -0.067111965268850313 -0.046855160966515534 0.0035686409100890164 0.33344136178493505 0.076545543968677535 30.500000000000004 -0.11359349265694617 -0.036895973607897752 1.4149999618530276 -0.1044337823987007 40.840011596679695 -0.035457767546176903 0.23834999650716784 18.05675029754639 -3904.545043945312
decision_type=2 2 2 10 8 2 2 2 2 2 2 2 2 8 2 2 2 2 2 2 2 2 2 2 2 2 2 8 2 10
left_child=5 3 8 4 -2 9 -6 10 11 17 -4 -3 18 -10 22 21 29 23 -5 -14 -9 28 -11 -1 -18 -16 -19 -23 -7 -17
right_child=1 2 7 12 6 15 -8 20 13 14 -12 -13 19 -15 25 16 24 26 -20 -21 -22 27 -24 -25 -26 -27 -28 -29 -30 -31
leaf_value=0.0058221616064854775 0.010366939054480542 -0.00015946065249786278 -0.0027185750344272948 0.0064404542369914863 -0.00034331516958415511 -0.00016394179668260822 0.0023596895918963131 -0.0012008315194666462 0.0043196476453709947 0.012515358680604128 -0.001082863501023655 0.006629883700507844 0.0026252593324742357 -0.00034653676857137738 -0.0011963920068493402 0.0011483069325024203 0.0034440426990707809 -0.003211246908615289 0.00078987474731330876 -0.0019433678484581315 -0.0049585757918360149 0.00082490934797407867 0.00060718657179448579 -0.00027450454597907148 -0.00038110537141685405 0.0044202141312527999 0.0012240603876503432 -0.0019647254929607842 0.0037667425661547533 0.0074220067128364462
leaf_weight=4408.6370172053576 1793.49650003016 2874.5431414544582 56989.953377708793 10187.889952495694 110643.33244918287 376.22992998361588 36881.58860643208 3042.8710954636335 3155.8358349055052 8124.6918261349201 148316.13538101315 5752.1423684358597 18663.259679421782 64545.204888001084 484.64301428198814 357.98551754653454 4284.3986704647541 293.97671636939049 1497.9108831584454 1226.5043997615576 19488.974252521992 1869.1611307710409 288.37752930819988 627.42977686226368 1975.1302434355021 1280.5239849835634 1054.7708825170994 2323.9771525412798 1693.3012264817953 3457.8490469604731
leaf_count=17654 7177 11519 228520 40766 443235 1506 147660 12219 12632 32588 594777 23044 74740 258688 1940 1434 17147 1177 5995 4915 78278 7485 1154 2513 7905 5126 4222 9308 6777 13853
internal_value=3.12266e-05 -0.00038781 -0.00126715 0.00108979 0.00051952 0.00606536 0.000341941 -0.00185493 0.000488415 0.00858916 -0.00154612 0.00455354 0.0037034 -7.88743e-05 0.0109508 0.00321264 0.00456554 0.00399085 0.00581753 0.00227632 -0.00451239 0.000754075 0.0121993 0.00513154 0.00233434 0.00298886 -0.000601951 -0.000790633 0.00321036 0.00714636
internal_weight=517961 485060 304166 180894 149318 32901.1 147525 227838 76327.7 16563.1 205306 8626.69 31575.6 67701 10178.2 16338 10075.4 6384.81 11685.8 19889.8 22531.8 6262.67 8413.07 5036.07 6259.53 1765.17 1348.75 4193.14 2069.53 3815.83
internal_count=2075954 1944165 1219677 724488 598072 131789 590895 913794 305883 66374 823297 34563 126416 271320 40808 65415 40339 25566 46761 79655 90497 25076 33742 20167 25052 7066 5399 16793 8283 15287
is_linear=0
shrinkage=0.02


Tree=17
num_leaves=31
num_cat=0
split_feature=31 1 5 41 3 41 9 31 9 8 31 10 3 12 8 9 41 15 1 31 11 5 3 3 12 31 9 4 14 12
split_gain=3189.37 1427.68 968.711 845.28 706.351 645.585 625.549 519.589 453.127 638.141 422.91 343.847 308.449 250.183 245.349 226.112 207.497 114.432 100.06 91.1999 85.8044 51.31 47.5883 45.7704 40.2555 27.9925 27.9014 26.1275 16.7805 11.0209
threshold=-0.082112848758697496 10.391848564147951 -0.091887664049863801 -3.5171999931335445 0.077592357993125929 1.0047999620437624 -0.11178388074040412 0.020122698508203033 -0.035902189090847962 -0.10156797617673873 0.12864790856838229 -0.085714254528284059 0.032346453517675407 0.15579534322023394 0.0042413005139678725 -0.0051114577800035468 -2.7653499841690059 1.8839499950408938 12.676730632781984 -0.12089515477418898 -0.057645592838525765 -0.12361526489257811 -0.049987817183136933 0.079309493303298964 0.13512872159481051 0.10150735825300218 -0.20214988291263578 39.242309570312507 -0.13470324873924253 0.16151788830757144
decision_type=2 2 2 8 2 8 2 2 2 2 2 2 2 2 2 2 8 2 2 2 2 2 2 2 2 2 2 2 2 2
left_child=2 7 6 18 5 -5 21 11 17 16 -6 20 14 -13 -9 -11 -10 24 25 -19 -2 26 28 -14 -4 -3 -1 -20 -8 -23
right_child=1 3 8 4 10 -7 22 12 9 15 -12 13 23 -15 -16 -17 -18 19 27 -21 -22 29 -24 -25 -26 -27 -28 -29 -30 -31
leaf_value=0.00064502368338202642 0.0078399985237029915 0.0080630930369220231 0.0036417535633009803 -0.0014219954687598882 -0.0019865201223099021 0.00058562556631421123 0.013281286890075947 0.0021455884497657389 -0.0016436497989697001 -0.0013944390335963231 -0.0055040806519260337 0.0011420841932852312 0.0012650353255429748 -0.0015262583728984772 0.0064796545036960767 0.0039196606183331886 0.012234499605552283 0.0019049419649895675 0.0030403785260755666 -0.0021826371177583689 0.0020379433400864182 0.0015154986716604572 0.0023302213144283639 -0.0016522402118462141 7.8054887822748853e-05 0.00056401303178844312 0.0054216577842848583 -0.0005532044974291318 0.0013619552974748351 -0.00069697108892236394
leaf_weight=888.09822849929333 2064.2662857919931 3560.5344539433718 2948.3183286041021 160443.27898956835 84199.191871255636 105679.87152370811 7266.8466138392687 9832.9489061683416 271.93463489413261 3595.0370487570763 16098.695822820067 36334.886289224029 7008.8370788395405 21768.237517744303 14155.27656672895 14358.470457553864 3843.0213594585657 2297.8607491403818 927.19594955444336 6993.0161818116903 2841.4482698738575 811.17595890164375 587.52670419216156 2168.370443329215 1963.6974532902241 347.22463543713093 2101.3706675767899 1094.2766821235418 252.79757642745972 1234.2266162782907
leaf_count=3554 8260 14251 11805 643112 337904 423581 29186 39356 1089 14395 64628 145478 28062 87227 56633 57459 15395 9202 3711 28007 11372 3246 2352 8686 7865 1391 8410 4384 1013 4940
internal_value=3.23718e-05 -0.000480375 0.0048211 -0.00104151 -0.00116841 -0.00062541 0.00933864 0.00168234 0.0030104 0.00475082 -0.00259204 0.000598334 0.00367626 0.000134888 0.00483547 0.00284076 0.0111942 0.000192073 0.0059746 -0.00109762 0.00526694 0.00308274 0.0125712 0.000495076 0.00243623 0.00761421 0.00445473 0.00150244 0.0130574 0.000365377
internal_weight=517938 468525 49413.4 372350 366421 266123 13142 96174.3 36271.4 22068.5 100298 63008.8 33165.4 58103.1 23988.2 17953.5 4114.96 14202.9 5929.23 9290.88 4905.71 5034.87 8107.17 9177.21 4912.02 3907.76 2989.47 2021.47 7519.64 2045.4
internal_count=2075954 1878036 197918 1492962 1469225 1066693 52701 385074 145217 88338 402532 252337 132737 232705 95989 71854 16484 56879 23737 37209 19632 20150 32551 36748 19670 15642 11964 8095 30199 8186
is_linear=0
shrinkage=0.02


Tree=18
num_leaves=32
num_cat=0
split_feature=31 1 5 11 9 31 46 46 12 6 9 8 10 46 46 46 46 46 41 46 46 9 46 9 5 46 22 46 46 46 7
split_gain=3078.53 1381.73 939.159 713.48 662.468 578.141 505.506 776.02 497.048 447.855 422.315 733.941 384.172 383.697 365.023 240.825 406.065 311.981 178.368 168.405 211.168 156.336 142.144 117.584 104.158 86.9594 72.5615 64.4353 82.3292 33.1103 15.1235
threshold=-0.082112848758697496 10.777340412139894 -0.087482329457998262 -0.031954016536474221 -0.08300198987126349 0.035552863031625755 0.50081467628479015 0.50085288286209118 0.23066254705190661 6.3870201110839853 -0.025600127875804898 -0.081827338784933076 -0.085714254528284059 0.49857780337333685 0.49961262941360479 0.5004546344280244 0.50020340085029613 0.50113165378570568 -3.0253500938415523 0.4994433075189591 0.49980013072490698 0.019666807726025585 0.4994127899408341 0.00069160613929852854 -0.12361526489257811 0.49921353161334997 30.500000000000004 0.49921353161334997 0.49893367290496832 0.49956034123897558 0.05563566833734513
decision_type=2 2 2 2 2 2 2 2 2 2 2 2 2 2 2 2 2 2 8 2 2 2 2 2 2 2 2 2 2 2 2
left_child=2 5 4 6 24 8 14 -8 12 13 19 18 -2 -5 -3 16 -7 -17 -12 22 -21 -13 -4 -10 25 -1 -11 28 -6 -26 -29
right_child=1 3 10 9 27 15 7 -9 23 26 11 21 -14 -15 -16 17 -18 -19 -20 20 -22 -23 -24 -25 29 -27 -28 30 -30 -31 -32
leaf_value=-0.00048507906654210865 0.0056597783901156775 0.0012540203767531222 -0.00049849966418394375 0.0010620919888432768 0.0055761881653894193 0.0032439438621611016 0.013607723262213723 0.0015504939186198425 -0.0030763005572858387 -0.001132131059086588 -0.0012569650999502819 -0.0011223939162711065 0.00074415593794963629 -0.0017105967592713953 -0.0016752737899960459 0.0087995713647946484 -0.0028613935274292659 0.00076355282882608613 0.011269502132731058 0.006509759937318919 0.00015654190268781537 0.0033123551923468532 -0.0078523366516043865 -0.00042647744861530926 -0.0011110776766885253 0.0071415621587327654 -0.0047380534526677868 0.014073308260400898 -0.0023037395923252821 0.002277748199914839 0.0015625930120599827
leaf_weight=581.9239808768034 6201.3221407234669 30893.377718046308 3992.2925771176815 21618.115491762757 410.14741170406342 26016.089115545154 1797.0793110430241 12853.773772373796 14700.057552292943 3192.1393959075212 320.99239031970501 3994.5165185630322 70758.546783596277 198994.24379454553 35900.602275624871 5182.5183554440737 4527.589809641242 3099.4109447896481 5117.3422910869122 1921.4429362416267 8846.7165601104498 10094.262085661292 655.82384695112705 12321.289918616414 1134.4468696713448 3199.4046653211117 20447.60479336977 6029.812694683671 309.33035744726658 2533.4009814113379 264.78428621590137
leaf_count=2330 24816 123815 15990 86651 1641 104126 7189 51479 58911 12821 1285 15990 283362 798123 143930 20741 18123 12406 20495 7693 35420 40391 2636 49379 4542 12810 82164 24254 1239 10141 1061
internal_value=3.36945e-05 -0.000470058 0.00473881 -0.00118844 0.00890904 0.00116572 0.000429333 0.00368544 0.000378803 -0.00172751 0.00284454 0.00473556 0.00119694 -0.0014359 -0.000321653 0.00322067 0.00228667 0.00613869 0.0104608 0.000328586 0.00167831 0.00206248 -0.00257687 -0.00191722 0.00405801 0.00609245 -0.00430659 0.0130783 0.00277065 0.00121761 0.0137925
internal_weight=517910 468504 49406.6 325697 14463.3 142807 81444.8 14650.9 103981 244252 34943.4 19527.1 76959.9 220612 66794 38825.6 30543.7 8281.93 5438.33 15416.3 10768.2 14088.8 4648.12 27021.3 7449.18 3781.33 23639.7 7014.07 719.478 3667.85 6294.6
internal_count=2075954 1878036 197918 1306172 58018 571864 326413 58668 416468 979759 139900 78161 308178 884774 267745 155396 122249 33147 21780 61739 43113 56381 18626 108290 29823 15140 94985 28195 2880 14683 25315
is_linear=0
shrinkage=0.02


Tree=19
num_leaves=32
num_cat=0
split_feature=31 1 11 11 31 3 3 46 46 12 9 8 46 46 45 46 5 46 46 41 9 46 35 10 5 41 31 41 7 22 31
split_gain=2974.36 1430.1 723.572 656.679 642.565 559.792 523.309 466.873 788.083 443.961 438.081 417.143 325.394 303.577 281.897 276.49 224.361 120.009 116.097 115.436 101.047 94.7077 81.9392 77.4182 54.7028 31.2102 21.469 18.2638 16.2946 8.40438 4.15702
threshold=-0.094982281327247606 11.014097690582277 -0.029493666253983971 -0.058736650273203843 0.035552863031625755 0.043944198638200767 -0.049987817183136933 0.50081467628479015 0.50085288286209118 0.22831410914659503 -0.062288641929626458 -0.12439709901809691 0.49961262941360479 0.50081467628479015 49.500000000000007 0.49857780337333685 -0.11832126230001448 0.4994433075189591 0.49961706995964056 inf -0.010188608430325983 0.49921353161334997 0.044999999925494201 -0.047337267547845834 0.015968145802617077 -5.8871500492095938 -0.12519322335720059 -1.1922499537467954 0.014140724670141937 734.50000000000011 -0.11681465804576872
decision_type=2 2 2 2 2 2 2 2 2 2 2 2 2 2 2 2 2 2 2 8 2 2 10 2 2 8 2 8 2 2 2
left_child=6 3 7 13 9 -6 10 12 -9 -5 16 25 -3 18 22 -16 21 -18 -2 -13 27 -1 -4 -15 28 -12 -26 30 -22 -29 -8
right_child=1 2 14 4 5 -7 20 8 -10 -11 11 19 -14 23 15 -17 17 -19 -20 -21 24 -23 -24 -25 26 -27 -28 29 -30 -31 -32
leaf_value=-0.00030023484544368254 0.005197095822410373 0.0011574246194222767 -0.0036936798955257998 0.00069670540197796116 0.0040766256979258295 -0.00060607178745963853 -0.00045590028997477523 0.013589860768039697 0.0014073213788398382 -0.0019417790835046368 0.0013739117382322833 0.0070131715991557991 -0.0015844635272813628 0.011544750284701904 0.00087808092520084372 -0.0017114431115407816 -0.00202152251986809 0.0029769761200289487 0.00091682490020032043 0.0010066459509875667 -8.135335159537653e-05 0.0083588655728617338 -0.00074320345079725977 0.00090074165839842404 0.0020379560620098353 0.014314764582020167 -0.0010024831243194909 -0.0026902858076803928 0.0044157775179017051 7.4188935481251181e-05 0.0014341906844793986
leaf_weight=511.77481271326542 4727.3210583180189 31371.799366503954 33475.359642446041 85546.575472697616 32587.216821298003 14420.310493484139 260.22408722341061 1762.5641043186188 13044.178306788206 35362.543837860227 267.28449755907059 6213.6483568847179 36649.104068785906 2320.5574246942997 17799.209649652243 165226.42284592986 2131.8192445486784 5156.0667981207371 5466.3400201648474 1947.4314095377922 317.92516553401947 3229.8786375671625 4773.8132793605328 464.00766612589359 647.86632490158081 4991.2032650411129 1656.117588698864 1676.1633363962173 3076.7328125536442 478.6882022023201 319.91700151562691
leaf_count=2049 18929 125729 134388 342597 130415 57770 1042 7052 52241 141737 1079 24898 146939 9291 71354 662812 8542 20650 21891 7801 1272 12949 19162 1858 2592 20066 6626 6713 12312 1917 1281
internal_value=3.4906e-05 -0.000363817 -0.00120023 0.00104132 0.000692743 0.00265464 0.00577879 0.000391526 0.00350756 -8.30169e-05 0.00722316 0.0096243 -0.000321166 0.00523586 -0.0017953 -0.00145675 0.0038285 0.00145701 0.00314582 0.00580713 0.00131713 0.00733592 -0.00334929 0.0103899 0.00271057 0.0139364 0.000167456 -0.00154066 0.00406154 -0.00222686 0.000816982
internal_weight=517880 484997 304102 180895 167917 47007.5 32882.7 82827.6 14806.7 120909 24449.1 13419.6 68020.9 12978.2 221275 183026 11029.5 7287.89 10193.7 8161.08 8433.63 3741.65 38249.2 2784.57 5698.64 5258.49 2303.98 2734.99 3394.66 2154.85 580.141
internal_count=2075954 1944165 1219677 724488 672519 188185 131789 331961 59293 484334 98034 53844 272668 51969 887716 734166 44190 29192 40820 32699 33755 14998 153550 11149 22802 21145 9218 10953 13584 8630 2323
is_linear=0
shrinkage=0.02


Tree=20
num_leaves=31
num_cat=0
split_feature=31 1 5 41 46 46 9 46 31 9 8 10 3 41 8 46 41 46 46 9 46 31 46 46 11 46 46 46 5 3
split_gain=2886.43 1294.1 895.862 809.818 672.182 1497.78 584.924 478.805 475.668 424.626 720.427 321.231 290.594 244.895 234.871 203.427 171.797 167.592 216.812 155.861 155.365 127.902 88.2666 122.487 82.2755 64.1392 58.4251 50.0208 39.2697 20.6436
threshold=-0.082112848758697496 10.391848564147951 -0.091887664049863801 -3.6967499256134029 0.50081467628479015 0.50085288286209118 -0.11178388074040412 0.49857780337333685 0.020122698508203033 -0.026371050626039502 -0.081827338784933076 -0.085714254528284059 0.032346453517675407 1.0393499732017519 0.011037532240152361 0.49803002178668981 -3.0253500938415523 0.49956034123897558 0.49980013072490698 0.019666807726025585 0.4994127899408341 0.0060247823130339393 0.49921353161334997 0.49893367290496832 -0.057645592838525765 0.49916510283946997 0.49856409430503851 0.49894514679908758 -0.12361526489257811 -0.049987817183136933
decision_type=2 2 2 8 2 2 2 2 2 2 2 2 2 8 2 2 8 2 2 2 2 2 2 2 2 2 2 2 2 2
left_child=2 8 6 15 7 -6 25 -5 11 17 16 24 14 -13 -10 -3 -11 20 -19 -12 -4 -17 23 -8 -2 27 -14 -1 -27 -24
right_child=1 3 9 4 5 -7 22 -9 12 10 19 13 26 -15 -16 21 -18 18 -20 -21 -22 -23 29 -25 -26 28 -28 -29 -30 -31
leaf_value=0.0016970274042812596 0.0075948639024833592 0.013108392788625476 -0.00035204812421604835 0.00070061010167697918 0.009781739120639241 -0.0002692791084351738 0.0060216789693050242 -0.001762588037826147 0.0022614723845404985 -0.0010406847473396512 -0.0010914102660200904 -0.00072976916600706271 0.0036331769888845538 0.0020475384579396534 0.0064376659558685991 0.0058183723709584077 0.011000410031122876 0.006580003821434686 0.00022776596094488435 0.0033105204488106232 -0.0078209956504334335 -0.00049399197314244287 0.013216445073198553 -0.0031061599478679398 0.0019438792399278895 0.0051084520942468415 -0.00027066947168913422 -0.0040202386226835026 0.00079970483055622529 0.0023010246576173044
leaf_weight=637.27580799162388 2064.2880806624889 689.78271491825581 4198.2351225465536 35243.668502271175 5815.285295471549 54250.761731237173 519.07869984209538 271957.84445877373 11139.910168454051 363.86500015854836 4063.6191722899675 40631.963267967105 1024.9015707075596 17471.197183951735 12849.912267893553 2400.8411595225334 5448.3387022316456 1982.0455743819475 9315.3762674182653 10172.322961181402 722.95036754012108 1925.3822210282087 6748.3753877282143 352.99807861447334 2841.6359988749027 2505.6087281703949 8152.9919491708279 274.20368266105652 1617.122874930501 470.69638596475124
leaf_count=2550 8260 2760 16815 141276 23293 217490 2077 1090823 44581 1457 16267 162751 4101 69954 51408 9607 21832 7939 37298 40703 2906 7713 27175 1414 11372 10029 32647 1100 6471 1885
internal_value=3.63589e-05 -0.000451408 0.004593 -0.000985745 -0.00110105 0.000824932 0.00893939 -0.00147886 0.00160756 0.00285367 0.00473987 0.000570392 0.00351525 0.000122554 0.00464018 0.00640617 0.0102103 0.000403754 0.00171958 0.00206309 -0.00242747 0.00338436 0.0120669 0.00261451 0.00508274 0.00290817 0.000432531 -0.00112373 0.00383906 0.0128181
internal_weight=517852 468460 49392.1 372284 367268 60066 13125.4 307202 96176.8 36266.8 20048.1 63009.1 33167.7 58103.2 23989.8 5016.01 5812.2 16218.6 11297.4 14235.9 4921.19 4326.22 8091.15 872.077 4905.92 5034.21 9177.89 911.479 4122.73 7219.07
internal_count=2075954 1878036 197918 1492962 1472882 240783 52701 1232099 385074 145217 80259 252337 132737 232705 95989 20080 23289 64958 45237 56970 19721 17320 32551 3491 19632 20150 36748 3650 16500 29060
is_linear=0
shrinkage=0.02


Tree=21
num_leaves=31
num_cat=0
split_feature=5 9 1 3 46 46 46 46 41 46 46 46 0 46 46 13 46 46 3 12 3 46 46 8 46 41 0 8 3 1
split_gain=2575.09 1430.88 1352.2 689.035 887.07 1526.93 826.89 534.572 520.005 440.035 404.751 567.617 286.769 265.807 255.556 205.695 185.03 169.261 161.831 143.508 105.601 101.517 166.723 63.7316 61.9546 58.3867 46.3517 37.2991 6.27889 3.84657
threshold=-0.081661995500326143 -0.069831147789955125 10.391848564147951 0.077592357993125929 0.50209569931030285 0.50182899832725536 0.50220662355422985 0.50056466460227977 0.81014999747276317 0.4998143613338471 0.50182899832725536 0.50065359473228466 0.8894844949245454 0.49921353161334997 0.50081467628479015 0.12671329081058505 0.50209569931030285 0.50062420964241039 -0.14954689145088193 0.12240501120686532 0.028404767625033859 0.50085288286209118 0.50142759084701549 -0.017362524755299088 0.50037893652915966 -2.7653499841690059 0.71505317091941845 -0.02702703699469566 -0.086885251104831682 12.80580520629883
decision_type=2 2 2 2 2 2 2 2 10 2 2 2 2 2 2 2 2 2 2 2 2 2 2 2 2 8 2 2 2 2
left_child=1 14 8 4 5 -4 -6 9 12 13 11 -5 16 -3 17 27 -2 18 -1 26 -14 -16 -23 -21 -11 -12 -10 -9 -19 -17
right_child=2 7 3 10 6 -7 -8 15 19 24 25 -13 20 -15 21 29 -18 28 -20 23 -22 22 -24 -25 -26 -27 -28 -29 -30 -31
leaf_value=0.0030509945824308176 -0.00049532392004640981 0.0023064813786150148 -0.00038584453435175055 -0.0026563427950702634 0.016655562334679568 -0.012611376940015549 0.0012117278223771292 0.016191331868479843 0.0023011280100534767 0.0016883110411186964 0.00046131571053869891 0.0014359908352495011 0.0026598853146582984 0.011710862866296069 0.010647636295886475 0.0020834620567730193 0.0066527178559926689 -0.0056413479673200397 -0.00042868283738874011 0.00057984763401327047 -0.00013487211486446011 -0.00090010245476763008 0.0060529015431127434 0.0035421544781959603 -0.0029507169389578524 -0.0079673419749897653 0.0066414151217215646 0.001616641282347742 -0.00041932206147117182 -0.00014643153398497067
leaf_weight=9397.768014267087 42043.769005328417 2290.8883461356163 262633.82426033914 82656.696903422475 1449.0164605528116 3315.1185677349567 3898.5619300156832 4411.0417901873589 2457.3310022950172 2967.8723780363798 254.99161958694458 15630.577919408679 28932.206466436386 3805.6144157499075 615.80500122904778 390.53281451761723 662.70493499934673 741.13546954095364 10815.744894251227 4922.6400090456009 6511.6573204547167 2054.3321617692709 2436.3261674791574 7907.584253385663 820.92919306457043 4668.3600375056267 8329.5115028917789 272.39093616604805 250.9652454406023 274.39401449263096
leaf_count=37655 168380 9174 1052815 331858 5797 13317 15610 17733 9834 11929 1024 62668 115827 15285 2467 1564 2652 2970 43339 19712 26079 8227 9760 31652 3292 18809 33329 1091 1006 1099
internal_value=3.83043e-05 0.00476266 -0.00038144 -0.000937033 -0.000404967 -0.00057736 0.00708553 0.00947654 0.00165411 0.00588686 -0.00232108 -0.00199889 0.000847379 0.00888265 0.0018253 0.0144156 -0.000258535 0.000765123 0.00124607 0.00420311 0.00215514 0.00549946 0.0032304 0.00251088 0.000330629 -0.00752697 0.00588983 0.0157178 -0.00511778 0.00159372
internal_weight=517820 41545.7 476275 374507 271297 265949 5347.58 15233.7 101767 9885.3 103211 98287.3 78150.3 6096.5 26312.1 5348.36 42706.5 21205.6 20213.5 23617.1 35443.9 5106.46 4490.66 12830.2 3788.8 4923.35 10786.8 4683.43 992.101 664.927
internal_count=2075954 166591 1909363 1501898 1087539 1066132 21407 61167 407465 39680 414359 394526 312938 24459 105424 21487 171032 84970 80994 94527 141906 20454 17987 51364 15221 19833 43163 18824 3976 2663
is_linear=0
shrinkage=0.02


Tree=22
num_leaves=30
num_cat=0
split_feature=31 3 46 46 46 46 46 41 12 46 46 7 46 27 31 46 46 46 46 46 46 46 46 32 15 33 1 4 13
split_gain=2743.93 1316.08 1590.28 2466.52 1189.16 1138.82 625.432 600.803 491.734 406.208 561.078 353.414 363.714 287.258 205.256 191.579 295.507 223.288 154.084 147.899 135.265 125.709 122.934 113.18 107.232 66.492 62.4759 27.7186 14.781
threshold=-0.094982281327247606 0.074528623372316374 0.50209569931030285 0.50182899832725536 0.50220662355422985 0.50081467628479015 0.50254967808723461 3.0483000278472905 0.15379285067319873 0.50182899832725536 0.50120273232460033 0.022760920226573948 0.49921353161334997 157.50000000000003 -0.022299848496913906 0.49942737817764288 0.49980013072490698 0.50042220950126659 0.49990771710872656 0.50019595026969921 0.4994127899408341 0.49893367290496832 0.49942737817764288 0.82737970352172863 3.0254499912261967 35568302.000000007 12.022635936737062 66.501708984375014 0.221749983727932
decision_type=2 2 2 2 2 2 2 10 2 2 2 2 2 2 2 2 2 2 2 2 2 2 2 2 2 2 2 2 2
left_child=8 2 3 5 -4 -2 -6 -5 11 10 13 18 21 -3 27 20 28 -18 22 -20 26 -13 -1 -12 -14 -16 -10 -11 -17
right_child=1 9 4 7 6 -7 -8 -9 15 14 23 12 24 -15 25 16 17 -19 19 -21 -22 -23 -24 -25 -26 -27 -28 -29 -30
leaf_value=0.0017015661868800911 -0.00022673567079305068 -0.00043074444644454967 0.019287885084852973 -0.01555462194908775 -0.0035431195393602023 0.0030127009943813339 0.0083667799894750136 0.0041388872579442857 0.0030979021356451813 0.0029751029470710998 0.0050094611009998766 0.0034197289593854035 0.01280106228391307 -0.0029428528793340341 -0.0099250997505427128 0.010329863558991259 -0.0009440751559017138 0.0048133700741103333 -0.0044851999831760012 0.0027271542438674847 -0.0058169339657465936 -0.0052965751814194112 0.01009918765274883 -0.00058043335943748346 0.0047663120123021688 -0.0015707329024477435 -0.0011790245428346035 -0.0014506117181202274 0.00099798692517341246
leaf_weight=1763.7060633599758 313450.61889024079 24472.170837581158 2054.9101313650608 4076.0848150253296 2685.1702034920454 49532.601910158992 2875.390448346734 358.71713082492352 2034.6649820804596 382.23392920196056 4467.4775600582361 658.88619351387024 6865.5483285784721 74138.264428824186 3493.6973666697741 1865.8260020911694 4554.0261235386133 5029.5332034081221 844.46923699975014 2703.7270509749651 614.29304118454456 359.66901616752148 1068.5775141119957 1771.8830491900444 2267.9968340992928 808.41964882612228 1963.9954866468906 364.66671150922775 267.59297052025795
leaf_count=7064 1256249 98240 8221 16379 10753 198372 11511 1438 8147 1536 17905 2637 27626 297638 14089 7480 18238 20148 3383 10832 2466 1441 4287 7108 9104 3258 7865 1468 1071
internal_value=3.95665e-05 -0.000343352 0.000221846 2.44654e-05 0.00879854 0.000221232 0.00290441 -0.013557 0.0055582 -0.00225921 -0.00195374 0.00794359 0.0102085 -0.00232831 -0.00742196 0.00287339 0.00415633 0.00222137 0.00357323 0.000481548 -0.00052302 -0.000658633 0.00645212 0.00354101 0.011374 -0.00886729 0.00115658 0.00118888 0.00977117
internal_weight=517795 484932 375033 367418 7615.47 362983 5560.56 4434.8 32862.5 109899 104850 16532.6 10152.1 98610.4 5049.02 16329.9 11717 9583.56 6380.48 3548.2 4612.95 1018.56 2832.28 6239.36 9133.55 4302.12 3998.66 746.901 2133.42
internal_count=2075954 1944165 1502923 1472438 30485 1454621 22264 17817 131789 441242 420891 66374 40808 395878 20351 65415 46937 38386 25566 14215 18478 4078 11351 25013 36730 17347 16012 3004 8551
is_linear=0
shrinkage=0.02


Tree=23
num_leaves=32
num_cat=0
split_feature=31 1 5 41 41 11 9 9 8 12 22 6 31 46 46 9 22 41 11 46 46 46 8 41 46 22 46 46 46 46 3
split_gain=2666.12 1201.18 844.586 596.764 591.677 557.471 501.76 452.962 728.777 403.344 400.088 382.835 344.171 290.702 277.462 276.662 231.805 205.349 186.929 145.738 167.779 143.221 126.585 74.1881 66.0247 65.2488 38.6082 17.2697 14.1539 13.3494 4.39105
threshold=-0.082112848758697496 11.014097690582277 -0.10580788180232047 0.9101499915122987 -2.5837000608444209 -0.029493666253983971 -0.13124650716781613 -0.042830016463994973 -0.11603058129549025 0.20991361141204837 30.500000000000004 6.596410036087037 0.019307048059999946 0.50081467628479015 0.49857780337333685 -0.012369628529995678 8.5000000000000018 -2.8967499732971187 -0.023342724889516827 0.49956034123897558 0.4994127899408341 0.49980013072490698 -0.02029647026211023 -3.6967499256134029 0.49921353161334997 30.500000000000004 0.49921353161334997 0.49878941476345068 0.50019323825836193 0.49878941476345068 -0.049081467092037194
decision_type=2 2 2 8 10 2 2 2 2 2 2 2 2 2 2 2 2 8 2 2 2 2 2 10 2 2 2 2 2 2 2
left_child=2 3 6 4 23 10 26 19 17 18 16 14 -6 -12 -7 -10 -3 -9 -5 20 -4 -21 -11 -2 29 -13 27 -1 -28 -8 -26
right_child=1 5 7 9 12 11 24 8 15 22 13 25 -14 -15 -16 -17 -18 -19 -20 21 -22 -23 -24 -25 30 -27 28 -29 -30 -31 -32
leaf_value=0.0010381631582525156 0.0099193974271505614 -0.000502828674387085 -0.0002227550931175936 0.0061380666885540724 -0.0011653146858671671 0.00081840110405580603 0.0032734116921288078 -0.0013867586744179168 -0.0011879112949626795 -0.0014080163792303086 -0.00088927103387233827 -0.0010641788097327767 0.0012262051090939988 0.0024026687528727014 -0.0016832654236668455 0.0041442726163584123 0.006122978283811106 0.01343782349751234 0.0027554343207646581 0.0056507231531609161 -0.0080972065241905495 0.0002801854885204491 0.0014435286198508359 0.0033084246244776384 0.013510932923267422 -0.0046285597844576863 0.0043611331130971997 -0.0026070322756578859 0.00093764990649466138 -0.00042649518723043178 0.0017967724859618216
leaf_weight=349.40735816955566 1307.3677463680506 2913.3371880501509 3964.4072147011757 8990.8519123196602 68863.604922056198 19223.202689737082 257.15699049830437 249.48584851622581 4596.1753495484591 9139.040153041482 57512.22337770462 2952.61535140872 35969.563726440072 12319.624101996422 175056.24728275836 16649.280808523297 5841.6290597319603 3168.2992799282074 30533.815624251962 1774.40993244946 677.74505867063999 8702.3192505538464 15836.823105588555 3090.586804240942 5441.463253557682 18848.810050606728 1246.0618393570185 259.91132943332195 1397.256915897131 341.04078422486782 293.87830895185471
leaf_count=1398 5232 11678 15880 35991 275908 77059 1029 1002 18409 36618 230602 11867 144028 49341 702438 66649 23404 12732 122229 7112 2726 34856 63449 12376 21959 75816 4988 1042 5593 1366 1177
internal_value=4.01843e-05 -0.000428565 0.00442059 0.000887778 -1.64777e-05 -0.00120498 0.00954623 0.00301406 0.00464053 0.00239973 0.00023586 -0.0017279 -0.000341526 -0.000286899 -0.00143328 0.00298936 0.00406663 0.0122954 0.00363634 0.000256422 -0.00243462 0.00154088 0.000388224 0.00654645 0.0125435 -0.00420312 0.00233606 -0.00112488 0.00321294 0.00214485 0.0132164
internal_weight=517768 468399 49368.3 173732 109231 294668 9586.18 39782.1 24663.2 64500.5 78586.8 216081 104833 69831.8 194279 21245.5 8754.97 3417.79 39524.7 15118.9 4642.15 10476.7 24975.9 4397.95 6333.54 21801.4 3252.64 609.319 2643.32 598.198 5735.34
internal_count=2075954 1878036 197918 695831 437544 1182205 38552 159366 98792 258287 315025 867180 419936 279943 779497 85058 35082 13734 158220 60574 18606 41968 100067 17608 25531 87683 13021 2440 10581 2395 23136
is_linear=0
shrinkage=0.02


Tree=24
num_leaves=31
num_cat=0
split_feature=31 1 5 41 41 46 9 46 9 8 31 46 12 9 3 5 8 41 46 7 46 46 46 46 46 46 46 46 46 7
split_gain=2573 1142.34 858.949 787.414 623.342 563.994 510.572 480.109 469.508 737.329 459.259 318.783 301.95 275.962 273.435 246.87 225.918 200.291 139.848 134.868 131.171 173.789 141.038 69.3068 57.5312 41.1784 15.1978 15.0962 12.6241 3.02137
threshold=-0.080488588660955415 10.391848564147951 -0.10580788180232047 -3.5171999931335445 1.0393499732017519 0.50065359473228466 -0.13124650716781613 0.50182899832725536 -0.043750535696744912 -0.11603058129549025 0.020122698508203033 0.49810646474361425 0.15579534322023394 -0.006559765897691249 0.032346453517675407 -0.054789470508694642 0.0042413005139678725 -2.8967499732971187 0.50254967808723461 0.01451629074290395 0.49956034123897558 0.4994127899408341 0.49980013072490698 0.49921353161334997 0.49856409430503851 0.49921353161334997 0.49878941476345068 0.49878941476345068 0.50019323825836193 0.05563566833734513
decision_type=2 2 2 8 8 2 2 2 2 2 2 2 2 2 2 2 2 8 2 2 2 2 2 2 2 2 2 2 2 2
left_child=2 10 6 11 7 -6 25 -5 20 17 12 -3 15 -11 16 -2 -12 -10 -13 -14 21 -4 -22 27 -16 26 -1 -8 -27 -25
right_child=1 3 8 4 5 -7 23 -9 9 13 14 18 19 -15 24 -17 -18 -19 -20 -21 22 -23 -24 29 -26 28 -28 -29 -30 -31
leaf_value=0.00087022965633660727 0.0051325769344946186 0.013765619577182794 -0.00019738819727716452 -0.0015643408924510827 -0.0006849528473743538 0.0023352085738771434 0.0033350365918237805 -0.0066777953370061377 -0.0013554352607638232 -0.00068476390044781485 0.0019109077776373019 0.00095868988781857537 -0.0037521210225673909 0.0041820725951298206 0.0035707639410669616 0.00083035052515934916 0.0060456530809998932 0.013124893672266491 0.0084911317684422984 -0.00036237824460578659 0.0053792082523708897 -0.0080853907566326867 0.00011966444590478633 0.013317966645064195 -0.00030115253428674766 0.0042501272039636249 -0.002591508692252777 -0.00050257215045310566 0.00096247089893037436 0.0015719250187160244
leaf_weight=363.39156647026539 5618.1228685230017 802.56977535784245 4157.9992550611496 204869.74013713002 122871.62646557391 30076.551985755563 264.64067302644253 6885.0696791112423 257.97120450437069 6088.805843397975 9834.7772927135229 4533.5108553022146 5700.8627327531576 16449.900554597378 1024.9615670144558 33747.338516056538 14155.257370337844 3340.561222538352 530.54096083343029 17420.039324954152 1821.2832359522581 712.83711409568787 8927.6249223053455 5567.1103834658861 8153.2439773529768 1268.9481477737427 265.87203374505043 350.27343255281448 1423.4392984956503 251.10455547273159
leaf_count=1454 22485 3212 16656 821716 492941 120597 1059 27682 1036 24389 39356 18154 22848 65853 4101 135106 56633 13432 2124 69804 7301 2868 35759 22486 32647 5080 1066 1403 5698 1008
internal_value=4.12348e-05 -0.000430092 0.00424578 -0.00093311 -0.00105573 -8.15592e-05 0.00938476 -0.00175626 0.0028843 0.00448219 0.00150979 0.005869 0.000484833 0.00288982 0.00338119 0.00153853 0.00447231 0.0120266 0.00284119 -0.00130019 0.000118361 -0.00236901 0.0013354 0.0123907 0.000393562 0.00223985 -0.0012361 0.00211887 0.00315317 0.0130728
internal_weight=517736 466224 51511.8 370570 364703 152948 9754.78 211755 41757 26137.2 95654.6 5866.62 62486.4 22538.7 33168.2 39365.5 23990 3598.53 5064.05 23120.9 15619.7 4870.84 10748.9 6433.13 9178.21 3321.65 629.264 614.914 2692.39 5818.21
internal_count=2075954 1869406 206548 1486426 1462936 613538 39254 849398 167294 104710 382980 23490 250243 90242 132737 157591 95989 14468 20278 92652 62584 19524 43060 25956 36748 13298 2520 2462 10778 23494
is_linear=0
shrinkage=0.02


Tree=25
num_leaves=28
num_cat=0
split_feature=31 41 1 41 11 31 46 6 46 46 46 46 46 46 11 46 46 1 1 46 46 13 41 41 9 32 23
split_gain=2493.8 1348.01 1266.63 699.218 523.699 429.836 391.161 382.124 378.914 572.088 526.982 1196.78 785.713 486.801 233.8 216.144 397.061 155.039 125.37 123.801 69.4977 46.8951 28.0592 12.9116 10.039 0.126848 0.0267863
threshold=-0.1044337823987007 -3.6967499256134029 11.125028133392336 1.0899000167846682 -0.033177906647324555 0.035552863031625755 0.50081467628479015 6.596410036087037 0.49920678138732916 0.49894514679908758 0.49980013072490698 0.50042009353637706 0.50037893652915966 0.50085288286209118 -0.018247208558022972 0.49942737817764288 0.4994127899408341 12.145907878875734 12.209536075592043 0.49960190057754522 0.50021481513977062 0.18154702335596087 -1.6689000129699705 -1.144550025463104 0.11564607173204423 0.86950594186782848 0.78937685489654552
decision_type=2 8 2 10 2 2 2 2 2 2 2 2 2 2 2 2 2 2 2 2 2 2 8 10 2 2 2
left_child=8 17 3 5 6 -3 -4 -6 9 18 15 12 -12 -13 -5 16 -10 24 22 25 -21 -17 -1 -20 -2 -19 -11
right_child=1 2 4 14 7 -7 -8 -9 10 26 11 13 -14 -15 -16 21 -18 19 23 20 -22 -23 -24 -25 -26 -27 -28
leaf_value=0.0002862837708222697 0.011238985783660621 -0.00032096996015378265 -0.0004622512795347924 0.0062367324275255142 -0.0014383754780121574 0.0020337862532293213 0.0033041452465555322 -0.0041918887749583843 0.0087151172828708011 -0.0086927021596781232 0.0024298570339758036 0.014755293068395091 -0.011198450530932902 0.0043273683929680078 0.0023334655505830161 0.015589943555791198 -0.004829810381420903 0.0070030449756411728 -0.0019531619422481369 -0.0040792547375711613 0.0019058793831075059 0.001297959943637776 0.0083459150000049602 0.0010346091292911461 0.0014003821301392359 0.00083663370063642131 -0.0010437764516941469
leaf_weight=254.35334093868732 3293.0210537463427 122689.28820186853 59042.528753593564 8073.0912758260965 194486.2704090327 40582.045432180166 12687.178851917386 22055.584103435278 1844.9373706430197 960.6837008446455 5309.2660495191813 3279.1525981873274 1514.4633479565382 5018.8689904212952 26914.004959046841 3270.330926835537 639.93393965065479 958.38772734999657 453.2081668227911 440.1912420541048 1174.459658280015 258.71683222055435 1345.6858571767807 345.5191800147295 304.97422608733177 254.12876103818417 254.30409498512745
leaf_count=1018 13192 491583 236735 32327 780385 162498 50814 88732 7419 3849 21322 13172 6066 20168 107769 13153 2570 3838 1814 1763 4704 1036 5387 1383 1221 1018 1018
internal_value=4.24621e-05 -0.000273073 -0.000400076 0.000828358 -0.00124489 0.000271703 0.00023436 -0.00173391 0.00613049 0.000104245 0.00711754 0.0046797 -0.00148828 0.00942338 0.00335892 0.0119257 0.00488825 0.00828076 0.00532646 0.00330565 -0.000561269 0.0149924 0.00760386 -0.000791869 0.0108273 0.00658114 -0.00817163
internal_weight=517705 492955 486530 198258 288272 163271 71729.7 216542 24749.4 3613.75 21135.7 15121.8 6823.73 8298.02 34987.1 6013.92 2484.87 6425.16 2398.77 2827.17 1614.65 3529.05 1600.04 798.727 3598 1212.52 1214.99
internal_count=2075954 1976579 1950843 794177 1156666 654081 287549 869117 99375 14469 84906 60728 27388 33340 140096 24178 9989 25736 9602 11323 6467 14189 6405 3197 14413 4856 4867
is_linear=0
shrinkage=0.02


Tree=26
num_leaves=30
num_cat=0
split_feature=31 12 25 5 22 32 41 41 41 41 15 41 22 12 31 5 4 41 1 5 41 4 13 14 41 15 31 18 41
split_gain=2423.8 1098.37 929.715 926.174 510.468 395.411 347.759 298.37 281.061 262.861 259.768 241.399 227.694 223.838 206.677 206.621 198.472 165.326 150.624 141.65 109.817 107.123 84.7297 73.9561 71.8017 48.3399 28.5977 28.058 24.002
threshold=-0.077911309897899614 0.23771333694458011 12.745228290557863 -0.087482329457998262 30.500000000000004 0.91047665476799022 0.81014999747276317 1.0047999620437624 1.1078500151634219 -2.6664500236511226 2.0140500068664555 -3.1630500555038448 14.500000000000002 0.16151788830757144 -0.12089515477418898 -0.019690976478159424 63.439067840576179 -1.266449987888336 12.099426269531252 0.044344272464513786 -2.5837000608444209 37.348548889160163 -0.14285718649625775 -0.069724854081869111 -2.4176999330520625 4.4575500488281259 -0.10176016390323638 8.1054501533508319 inf
decision_type=2 2 2 2 2 2 8 8 8 10 2 10 2 2 2 2 2 10 2 2 8 2 2 2 10 2 2 2 8
left_child=3 2 6 13 12 8 9 11 -6 -2 15 -4 20 23 21 17 -14 -5 -9 -8 -3 -12 -16 25 -7 -1 -17 -15 -29
right_child=1 4 7 10 5 24 19 18 -10 -11 14 -13 16 27 22 26 -18 -19 -20 -21 -22 -23 -24 -25 -26 -27 -28 28 -30
leaf_value=0.011099806290503238 0.0067711719296109476 0.0045966153195541367 0.004354576556112503 0.0019925562961034026 -0.0019990999181461518 -0.0021088567348440702 0.0044637888655247151 0.0015947433226048118 -0.00047366938245751273 0.00079931214429144885 -0.00014952654719222499 -0.0012487889115179269 0.0043221402607805251 -0.00049271422622326484 -0.0019780364366702922 0.0020948163425398431 -0.00057151422208198449 0.0072060715928930633 -0.00087567255682117107 0.00024804829273134996 -0.0011368021985639389 0.0059488893773173403 0.0007663191652757047 -0.0001152779808153906 -0.0050445022750685367 0.0024922665718314745 -0.00070199164593767001 0.0054538788479530365 0.0016457228379553547
leaf_weight=7402.356820076704 2360.7998392134905 646.74667628109455 2382.4868726879358 4676.2536103576422 117145.20153728127 6649.0436425060034 27309.878871947527 33884.816001817584 82939.06477253139 43429.397572726011 1551.3338765203953 85932.172795549035 9961.9844869226217 280.31703419983387 5803.1940167397261 1544.1733224242926 4525.109979480505 7306.4699752032757 13170.070094302297 3711.0176887065172 13603.021174654365 3225.6539883315563 13136.769644081593 250.57404206693172 14288.577253177762 858.30884675681591 3058.7359868884087 4810.0333199352026 1832.3105263710022
leaf_count=29885 9452 2592 9540 18731 469963 26726 109324 135783 332728 173932 6215 344501 39949 1125 23246 6183 18170 29281 52818 14866 54587 12927 52613 1005 57466 3450 12248 19299 7349
internal_value=4.33887e-05 -0.000434396 0.000622431 0.00395106 -0.0013313 -0.00165708 0.00236729 -0.000376092 -0.00137139 0.00122334 0.00226826 -0.00105812 0.00115025 0.00800229 0.000870976 0.00412834 0.00284581 0.00543471 0.000900055 0.00397928 -0.000635749 0.00424133 -0.000122643 0.0102219 -0.00422929 0.0105174 0.000414089 0.00446437 0.00470549
internal_weight=517676 461939 212181 55736.5 249759 221022 76811.1 135370 200084 45790.2 40302.6 88314.7 28736.9 15433.9 23717 16585.6 14487.1 11982.7 47054.9 31020.9 14249.8 4776.99 18940 8511.24 20937.6 8260.67 4602.91 6922.66 6642.34
internal_count=2075954 1852397 850216 223557 1002181 886883 307574 542642 802691 183384 161444 354041 115298 62113 95001 66443 58119 48012 188601 124190 57179 19142 75859 34340 84192 33335 18431 27773 26648
is_linear=0
shrinkage=0.02


Tree=27
num_leaves=31
num_cat=0
split_feature=31 1 5 41 9 41 46 9 8 31 46 12 3 5 8 46 9 9 46 46 7 46 31 5 46 46 46 46 41 7
split_gain=2338.92 1065.21 894.95 719.591 663.145 582.81 504.379 434.398 730.628 432.003 422.371 297.796 260.813 226.851 218.53 201.879 172.814 160.443 143.599 239.579 134.318 127.212 120.631 106.162 91.1888 77.6709 92.7002 56.5761 41.1228 19.0785
threshold=-0.077911309897899614 10.391848564147951 -0.087482329457998262 -3.6967499256134029 -0.08300198987126349 1.0393499732017519 0.50065359473228466 -0.025600127875804898 -0.074040602892637239 0.020122698508203033 0.50182899832725536 0.15379285067319873 0.032346453517675407 -0.054789470508694642 0.011037532240152361 0.49803002178668981 -0.0043480023741722098 0.025731998495757583 0.49956034123897558 0.49980013072490698 0.01451629074290395 0.4994127899408341 0.0060247823130339393 -0.12361526489257811 0.49921353161334997 0.49921353161334997 0.49893367290496832 0.49856409430503851 -3.0253500938415523 0.057259682565927512
decision_type=2 2 2 8 2 8 2 2 2 2 2 2 2 2 2 2 2 2 2 2 2 2 2 2 2 2 2 2 10 2
left_child=2 9 4 15 23 10 -7 18 16 11 -5 13 14 -2 -11 -3 -9 -10 21 -20 -13 -4 -17 24 -1 26 -6 -14 -25 -27
right_child=1 3 7 5 25 6 -8 8 17 12 -12 20 27 -15 -16 22 -18 -19 19 -21 -22 -23 -24 28 -26 29 -28 -29 -30 -31
leaf_value=-0.00081404648159127144 0.0050617506752706322 0.012760730930161772 -0.00074718729008164952 -0.0015181943883420051 0.0054676058648695227 -0.00064609794004812354 0.0022259773454730287 0.0043526336240241647 -0.0015656233311782536 0.0020550416374647356 -0.0063146573037549574 -0.0037402838188211988 0.0035059225066977409 0.00084053586657299923 0.0060636420432007019 0.0055804755737224347 0.011963036352510795 0.0026533532589481509 0.00606999977715161 -0.00035150783260787076 -0.00036868444360226504 -0.0073408180685595537 -0.0005743450090962154 -0.0014714606535368435 0.0064238303424478081 0.012899023334024953 -0.0026443052802965507 -0.00033191183158872968 0.0020475683888657183 0.001259476139420655
leaf_weight=624.83016112446785 5307.8216765969992 682.45420287549496 4699.629668533802 203886.93636728823 441.06347644329071 122027.85853204131 29700.370539739728 3740.5322739630938 4602.4356036782265 11141.061247378588 6892.2148632854223 5770.8361501097679 1025.004639044404 32934.528163388371 12848.347413808107 2249.2482129335403 3513.9788599163294 10616.524320989847 2145.9006610065699 10150.126258760691 17374.166014820337 833.06658752262592 1925.3978432118893 1421.0706108957529 3385.4181056767702 6375.9616922289133 336.12998667359352 8153.5251484066248 2590.9709278792143 251.10490003228188
leaf_count=2502 21243 2733 18825 817947 1766 489610 119085 15002 18426 44581 27726 23132 4101 131848 51408 9002 14092 42495 8607 40645 69621 3352 7713 5693 13583 25835 1346 32647 10380 1008
internal_value=4.41049e-05 -0.000425232 0.00388302 -0.000912523 0.00786652 -0.00102115 -7.47542e-05 0.0022291 0.00402647 0.00145936 -0.00169941 0.000450947 0.0032686 0.00152238 0.00433418 0.00615244 0.00889588 0.00136228 -0.000115459 0.00108472 -0.00131067 -0.00257489 0.00311993 0.00334461 0.00535003 0.0119279 0.00240662 0.000353887 0.000761985 0.012649
internal_weight=517649 461920 55728.7 367364 15426.5 362507 151728 40302.2 22473.5 94555.3 210779 61387.4 33167.9 38242.3 23989.4 4857.1 7254.51 15219 17828.7 12296 23145 5532.7 4174.65 8022.29 4010.25 7404.26 777.193 9178.53 4012.04 6627.07
internal_count=2075954 1852397 223557 1473816 62113 1454368 608695 161444 90015 378581 845673 245844 132737 153091 95989 19448 29094 60921 71429 49252 92753 22177 16715 32158 16085 29955 3112 36748 16073 26843
is_linear=0
shrinkage=0.02


Tree=28
num_leaves=31
num_cat=0
split_feature=5 9 12 25 46 46 46 27 27 46 41 46 46 46 27 46 46 27 46 46 41 7 46 3 46 6 46 10 27 1
split_gain=2213.72 1416.76 1098.03 698.499 632.459 500.55 477.001 420.293 978.677 355.606 331.607 319.167 305.588 602.185 522.533 302.635 223.749 222.184 202.449 200.496 194.429 181.775 176.049 157.999 157.504 142.428 58.7994 46.131 20.3642 15.0792
threshold=-0.07351908832788466 -0.063478134572505937 0.23771333694458011 12.808650970458986 0.50056466460227977 0.4998143613338471 0.49859915673732763 157.50000000000003 56.500000000000007 0.50209569931030285 0.68999999761581432 0.50081467628479015 0.5007845163345338 0.50085288286209118 301.50000000000006 0.49921353161334997 0.50062420964241039 132.50000000000003 0.50085288286209118 0.49844005703926092 -3.6967499256134029 0.04771914333105088 0.50142759084701549 -0.16693676263093946 0.49708002805709844 1.9649400115013125 0.50037893652915966 -0.067796617746353136 160.50000000000003 12.898940563201906
decision_type=2 2 2 2 2 2 2 2 2 2 8 2 2 2 2 2 2 2 2 2 10 2 2 2 2 2 2 2 2 2
left_child=1 11 3 10 5 15 19 8 25 -8 20 16 14 -14 -9 -3 23 -10 -13 -5 -2 27 -20 -1 -12 -4 -7 -6 -18 -23
right_child=2 4 7 6 21 26 9 12 17 -11 24 18 13 -15 -16 -17 28 -19 22 -21 -22 29 -24 -25 -26 -27 -28 -29 -30 -31
leaf_value=0.0029222120643072769 0.0074573087979239831 0.0020586460471700963 -0.00083044419778374962 0.0012621100513161305 0.014747919561732797 0.0010788505123143447 -0.00081797371602611215 -0.0044863325661070683 0.0039745305788977201 0.0057353198949018202 -0.003908140099449427 0.011674910898502691 0.0064696806369901241 -0.0010840064234182236 -0.0015422340350130365 0.010668275078561325 -0.00015403313284567108 -1.891676276179789e-05 -0.00091793084472966855 0.0064818734361629972 0.00067129339779665011 0.002947018575874477 0.0056032211444072113 -0.00030018958276786383 0.0036611125740609258 -0.0036580082113007186 -0.0031179549743066588 0.0012938003059101914 -0.0066279098017229037 -0.00070898686521861972
leaf_weight=8575.5259446203709 930.47462449967861 2983.6124086230993 14439.192006275058 8227.9164531230927 5233.0903451740742 3623.4924962669611 119884.14566321671 29377.075292423368 19615.936642572284 2576.3778866231441 480.15262615680695 764.40872365236282 4127.2434113323689 27361.380701392889 129853.97174821794 4769.4390040040016 262.67674577236176 7648.1202654093504 2607.8265173435211 4269.0547668635845 46495.971558913589 578.10696089267731 2897.7432209849358 16837.079383298755 35970.235318392515 14574.046658486128 1071.7256955802441 277.07670775055885 1033.7496032714844 267.14731484651566
leaf_count=34395 3725 11951 57918 32960 21089 14585 480647 117912 78719 10318 1922 3067 16536 109759 521141 19188 1053 30699 10449 17102 186222 2321 11622 67492 144019 58518 4299 1111 4144 1071
internal_value=4.52567e-05 0.00393398 -0.000393303 0.000637073 0.00819238 0.00500871 -0.000254946 -0.00130527 0.000211262 -0.000642066 0.00206067 0.00136314 -0.00175174 4.8004e-05 -0.00210604 0.00787895 0.000349398 0.00288707 0.00513124 0.00334047 0.000931567 0.0131186 0.0028008 0.000845711 0.00347582 -0.00231363 -0.000205866 0.0143316 -0.00589213 0.00201297
internal_weight=517614 51782.7 465831 218834 18803.7 12448.3 134957 246997 56277.3 122461 83876.8 32979 190720 31488.6 159231 7753.05 26709 27264.1 6269.98 12497 47426.4 6355.42 5505.57 25412.6 36450.4 29013.2 4695.22 5510.17 1296.43 845.254
internal_count=2075954 207837 1868117 876915 75615 50023 541027 991202 225854 490965 335888 132222 765348 126295 639053 31139 107084 109418 25138 50062 189947 25592 22071 101887 145941 116436 18884 22200 5197 3392
is_linear=0
shrinkage=0.02


Tree=29
num_leaves=29
num_cat=0
split_feature=31 3 46 46 46 46 46 3 31 27 27 9 8 31 32 46 5 9 11 46 46 46 46 38 7 22 9 45
split_gain=2240.07 1201.54 1589.89 2445.29 1148.15 1109.35 675.93 403.241 402.528 385.718 513.445 313.037 276.042 237.273 176.97 159.804 121.897 96.221 91.3347 89.7294 59.2636 45.6651 40.0974 23.4829 12.3009 8.76653 3.4623 0.328694
threshold=-0.1044337823987007 0.074528623372316374 0.50209569931030285 0.50182899832725536 0.50220662355422985 0.50081467628479015 0.50254967808723461 -0.049081467092037194 0.12864790856838229 157.50000000000003 83.500000000000014 -0.062288641929626458 -0.11805254593491553 0.14259918034076693 0.91608649492263805 0.49885505437850958 -0.11359349265694617 -0.021133542992174622 -0.0063060412649065247 0.49916510283946997 0.49874234199523931 0.50169938802719127 0.49920678138732916 -1880.4799804687498 0.01682649273425341 808.50000000000011 0.098959870636463179 878.50000000000011
decision_type=2 2 2 2 2 2 2 2 2 2 2 2 2 2 2 2 2 2 2 2 2 2 2 8 2 2 2 2
left_child=7 2 3 5 -4 -2 -6 11 9 10 -3 16 -13 -5 -11 20 19 25 -18 -1 -10 -17 -14 26 -25 27 -19 -9
right_child=1 8 4 13 6 -7 -8 17 15 14 -12 12 22 -15 -16 21 18 23 -20 -21 -22 -23 -24 24 -26 -27 -28 -29
leaf_value=-0.00073084043735885753 -0.00016360348290789017 -0.0018342256212703673 0.019082026077153522 -0.014368566233719357 -0.0035248486206373893 0.0029973319608479804 0.0086632734779777884 -0.0030205454832358471 -0.0017736750782202115 -0.0017662478325471817 0.0040090264823852079 0.012759965764652437 0.00025469239883421239 0.0012689949953887008 -0.0044417446713413394 -0.0047298727763345717 -0.00041603568038302188 -0.0010790902054115458 0.0044744356154438145 0.0073765663224413802 0.003460030445735738 -0.0095025851839227911 0.0055760598350416638 -0.00021360807108819279 0.0033956638056865419 0.00020818506293552024 0.00051505185428259192 -0.00034281069499757076
leaf_weight=469.50619480013847 319436.96252246201 13214.767986729741 2071.2177637517452 4227.0026316791773 2795.1119448840618 50732.250287592411 3006.6225569546223 1077.0177644938231 3054.9080366641283 58388.840938165784 9714.1863267421722 5102.1571940332651 728.28879635035992 280.23513087630272 11901.078388080001 12292.858173340559 3639.2971276342869 354.13381929695606 1646.7315908819437 3066.0742106735706 296.53204476833344 1456.8666246086359 4405.4772846847773 312.35065956413746 3010.435499638319 326.02372790873051 323.86602255702019 258.05610135197639
leaf_count=1880 1280516 53080 8289 17006 11198 203191 12048 4315 12272 234486 39000 20677 2916 1125 47892 49399 14592 1418 6600 12343 1192 5885 17695 1250 12053 1306 1296 1034
internal_value=4.63094e-05 -0.000252636 0.000278639 8.2074e-05 0.00872563 0.000275393 0.00308728 0.00581984 -0.00208313 -0.00153806 0.000695341 0.00716368 0.00952076 -0.0133496 -0.00226624 -0.0048437 0.00384013 0.000956075 0.00151089 0.00636587 -0.000711035 -0.00575227 0.004963 0.00250742 0.00308136 -0.00236785 -0.000452916 -0.00283528
internal_weight=517589 492869 382549 374676 7872.95 370169 5801.73 24719.4 110320 93218.9 22929 19057.5 10235.9 4507.24 70289.9 17101.2 8821.61 5661.88 5286.03 3535.58 3351.44 13749.7 5133.77 4000.79 3322.79 1661.1 678 1335.07
internal_count=2075954 1976579 1533373 1501838 31535 1483707 23246 99375 443206 374458 92080 76703 41288 18131 282378 68748 35415 22672 21192 14223 13464 55284 20611 16017 13303 6655 2714 5349
is_linear=0
shrinkage=0.02


Tree=30
num_leaves=31
num_cat=0
split_feature=31 1 5 41 41 31 9 9 5 31 46 12 3 10 46 41 7 41 41 31 41 46 46 46 46 31 46 29 46 38
split_gain=2171.56 995.149 840.893 643.868 537.209 497.952 493.07 472.64 567.537 442.984 393.309 316.167 307.18 253.174 193.754 149.544 146.802 128.114 125.422 109.874 109.496 87.9643 86.2801 82.2218 71.5332 45.7723 40.785 16.4519 12.8947 6.75209
threshold=-0.077911309897899614 10.567763805389406 -0.10580788180232047 -3.6967499256134029 1.1078500151634219 0.12864790856838229 -0.13124650716781613 -0.043750535696744912 -0.03921298868954181 0.020122698508203033 0.50182899832725536 0.15379285067319873 0.033358966931700713 -0.070276409387588487 0.49810646474361425 0.27905000746250158 0.01451629074290395 1.6593999862670901 -5.8871500492095938 0.0060247823130339393 -1.266449987888336 0.49921353161334997 0.49856409430503851 0.49956034123897558 0.49889759719371801 -0.15052189677953717 0.49921353161334997 1.0000000180025095e-35 0.49878941476345068 844.04498291015636
decision_type=2 2 2 8 8 2 2 2 2 2 2 2 2 2 2 10 2 10 10 2 10 2 2 2 2 2 2 2 2 10
left_child=2 9 6 14 10 -6 26 18 20 11 -5 13 15 -2 -3 -11 -13 -10 25 -16 -9 24 -14 -20 -8 -4 28 -23 -1 -28
right_child=1 3 7 4 5 -7 21 8 17 12 -12 16 22 -15 19 -17 -18 -19 23 -21 -22 27 -24 -25 -26 -27 29 -29 -30 -31
leaf_value=0.00069470745194900256 0.0048544984652183591 0.01223418959279576 0.0014361588557512395 -0.0015242431113723701 0.00031800728669096527 -0.0035088105367493518 0.0045237587267933053 0.0043104027097877222 0.00071861488150247791 0.002501253344564794 -0.0062336633438226157 -0.0036956020186917102 0.0037786469600252599 0.00067385945929633649 0.0052265146852086839 0.0056071012853455716 -0.00048141370575828881 0.0053970252769806404 -0.0013194616642225696 -0.00069465221220196295 0.0093231264919818278 0.0021919195556147136 -0.00056206486012115846 0.0018588604958879563 -0.0027147126781126413 -0.0035927794272850393 0.0031419466375122809 0.012830401671315737 -0.0025445379412565089 -5.6265780008548613e-05
leaf_weight=379.14645299315453 6090.2125056087971 682.89525197446346 397.85561010241508 195560.96437653899 125777.78322964907 14400.873209655285 387.70017875730991 6008.1115153133869 14660.996311575174 16782.354433149099 6639.4911506325006 6878.6797953099012 1341.3393966406584 37945.402679100633 2140.9793632477522 12244.949389085174 22828.263268053532 2038.4893651902676 4185.5010844171047 1862.4635069668293 5838.3785578757524 450.43602238595486 10685.146303057671 8852.141678199172 253.34013904631138 3578.3711829185486 2580.8525848984718 5554.0966688841581 279.60295709967613 253.69929008185863
leaf_count=1517 24376 2736 1596 784743 504624 57858 1552 24109 58713 67155 26738 27578 5367 151912 8570 49000 91487 8168 16777 7462 23448 1831 42791 35476 1015 14345 10339 22534 1121 1016
internal_value=4.62294e-05 -0.000405957 0.00374631 -0.000939569 -0.00104649 -9.36275e-05 0.00875471 0.00249379 0.0040299 0.00120243 -0.00170397 0.000266219 0.00284511 0.0013319 0.00584621 0.00393199 -0.00130664 0.00152028 -0.000151578 0.00282804 0.00723348 0.0116814 0.000136473 0.000820364 0.00174487 -0.00292698 0.00200429 0.0123986 -0.00133401 0.00290779
internal_weight=517561 461862 55698.7 347065 342379 140179 10138.9 45559.8 28546 114796 202200 73742.6 41053.8 44035.6 4686.34 29027.3 29706.9 16699.5 17013.9 4003.44 11846.5 6645.57 12026.5 13037.6 641.04 3976.23 3493.3 6004.53 658.749 2834.55
internal_count=2075954 1852397 223557 1392731 1373963 562482 40925 182632 114438 459666 811481 295353 164313 176288 18768 116155 119065 66881 68194 16032 47557 26932 48158 52253 2567 15941 13993 24365 2638 11355
is_linear=0
shrinkage=0.02


Tree=31
num_leaves=28
num_cat=0
split_feature=31 41 1 41 6 46 31 3 9 8 46 31 11 46 46 8 46 9 11 41 41 41 38 46 22 9 41
split_gain=2109.05 1231.46 1088.41 641.575 475.904 452.81 414.514 386.746 297.907 267.285 227.498 265.272 223.201 211.835 134.809 111.468 117.053 92.8604 63.449 59.0313 52.7759 25.7506 22.8606 12.0592 8.56385 3.42849 2.17121
threshold=-0.1044337823987007 -3.5171999931335445 11.125028133392336 1.0899000167846682 7.9539802074432382 0.50081467628479015 0.035552863031625755 -0.049081467092037194 -0.062288641929626458 -0.11805254593491553 0.49810646474361425 0.0060247823130339393 -0.0075471499003469935 0.49921353161334997 0.4993309229612351 -0.17512910068035123 0.49916510283946997 -0.021133542992174622 0.013741245958954098 -5.8871500492095938 -3.0253500938415523 1.9195500016212466 -1880.4799804687498 0.49938838183879858 808.50000000000011 0.098959870636463179 -1.1922499537467954
decision_type=2 8 2 10 2 2 2 2 2 2 2 2 2 2 2 2 2 2 2 8 10 8 8 2 2 2 8
left_child=7 10 3 6 5 -4 -3 8 15 19 -2 13 -5 -12 -13 16 -1 24 -6 -10 -11 -17 25 -24 26 -19 -9
right_child=1 2 4 12 18 -7 -8 17 9 20 11 14 -14 -15 -16 21 -18 22 -20 -21 -22 -23 23 -25 -26 -27 -28
leaf_value=-0.0009038995337005976 0.014497972105919852 -0.00035144612547346647 -0.0012889598866404805 0.0054380136056942667 -0.0023067475166988097 0.00092536635294536212 0.0019634108794865483 -0.00026119945609836566 0.0007071410279960805 0.0013444652753518715 -0.001951714536900851 0.0044305965594554613 0.0019693142212879253 0.0089792428303353995 -0.0030043507517012263 0.0015009570709417885 0.0062018013986632203 -0.0010913912304712694 -0.004978819915505024 0.012899882168336867 0.0061643060311867785 -0.0015755538836714283 0.00021676352036970319 0.0034637265060385122 0.00019843818601087389 0.00050097956884046673 -0.0031027485458120976
leaf_weight=870.21019807457924 907.18812394142151 122388.52872565389 223133.87629237771 11281.158711105585 8318.6048014760017 43606.30710709095 40493.868511602283 290.55185884237289 267.0840572565794 1915.7921910136938 527.74013991653919 708.70827271044254 23704.452406778932 3666.8596844524145 1814.6490259468555 2022.5906593799591 4977.2868502885103 354.11010026931763 12273.805481106043 4824.1912147700787 3215.5832317173481 947.46881452202797 662.22774314880371 2660.1739151775837 326.00612968206406 323.85555858910084 1044.4072190821171
leaf_count=3485 3635 490434 895588 45176 33408 174879 162159 1164 1093 7697 2112 2839 94920 14703 7271 8116 20010 1418 49455 19584 12914 3804 2650 10653 1306 1296 4185
internal_value=4.70767e-05 -0.000242927 -0.000374222 0.000765342 -0.00115892 -0.000925196 0.000231138 0.00565126 0.00696799 0.0092682 0.00732158 0.0048525 0.00318884 0.00750776 -0.000332009 0.0037284 0.00516339 0.000895303 -0.00403181 0.0124508 0.00480623 0.000388483 0.00242313 0.00299081 -0.00236262 -0.00047337 -0.00282405
internal_weight=517527 492826 485201 197868 287333 266740 162882 24701.5 19040.2 10222.7 7625.15 6717.96 34985.6 4194.6 2523.36 8817.56 5847.5 5661.33 20592.4 5091.28 5131.38 2970.06 4000.37 3322.4 1660.97 677.966 1334.96
internal_count=2075954 1976579 1946019 792689 1153330 1070467 652593 99375 76703 41288 30560 26925 140096 16815 10110 35415 23495 22672 82863 20677 20611 11920 16017 13303 6655 2714 5349
is_linear=0
shrinkage=0.02


Tree=32
num_leaves=30
num_cat=0
split_feature=31 3 46 46 31 46 5 41 46 46 46 46 46 46 46 46 27 31 46 31 46 32 33 45 29 22 46 46 1
split_gain=2046.32 962.574 1129.69 2188.29 1097.46 1008.39 803.929 580.879 477.422 407.62 528.393 359.863 1027.58 636.691 450.016 294.965 262.005 253.308 241.502 164.677 119.608 96.466 64.9075 61.324 45.5918 38.4137 36.1287 25.9529 7.18302
threshold=-0.077911309897899614 0.074528623372316374 0.50209569931030285 0.50182899832725536 0.035552863031625755 0.50220662355422985 -0.10580788180232047 3.0483000278472905 0.50254967808723461 0.50182899832725536 0.50120273232460033 0.49942737817764288 0.49980013072490698 0.50042408704757702 0.4994127899408341 0.49920678138732916 157.50000000000003 -0.094982281327247606 0.49921353161334997 0.030066182836890224 0.49894514679908758 0.82737970352172863 124742.66796875001 32.500000000000007 1.0000000180025095e-35 47.500000000000007 0.49847762286663061 0.50209569931030285 13.320686817169191
decision_type=2 2 2 2 2 2 2 10 2 2 2 2 2 2 2 2 2 2 2 2 2 2 2 2 2 2 2 2 2
left_child=6 2 3 4 -2 -4 18 -5 -7 10 16 14 17 -14 15 -8 -3 -13 20 27 26 -12 -21 28 -25 -16 -1 -11 -20
right_child=1 9 5 7 -6 8 11 -9 -10 19 21 12 13 -15 25 -17 -18 -19 23 22 -22 -23 -24 24 -26 -27 -28 -29 -30
leaf_value=-0.00084545110059318276 -0.00057614079850227477 -0.00027874657072205275 0.017544749873104427 -0.015365608352773227 0.0019268596954777411 -0.0038014956766017657 -0.00073232718218695135 0.0040768198614090333 0.0069244574227686085 -0.0033520220723439161 0.0049860341592001976 0.013307007858628973 -0.0015933205686185054 0.0044574725987724427 -0.00020899976899563328 0.0061491781247159294 -0.0026870627534969749 0.0037724116735242744 0.0032842704457500126 -0.011279731934939434 -0.0043983463467644071 -0.00031029612957945459 -0.0027375311743006421 0.0016059510584299655 0.010827447029556667 -0.0092557251283093053 0.00511119582631267 0.00049694117374778773 -6.1388002558745441e-05
leaf_weight=280.84133952856064 245348.62017594278 24199.44484873116 1873.6389311254025 3746.8396788388491 97113.242962360382 2403.7674181312323 8633.5582372099161 357.6912134885788 2676.7042706459761 345.61232727766037 4410.0115855932236 3698.8452740758657 12568.084215819836 13874.464050292969 249.57950115203857 2585.0320054590702 73026.061080753803 2664.960804656148 1019.0329651832581 2119.1279794126749 450.43156281113625 1736.4286738485098 1179.849516838789 551.56758098304272 6993.4706329107285 1277.5293844640255 568.39212590456009 1282.5704849213362 261.8213794529438
leaf_count=1124 983546 97203 7501 15102 389221 9631 34576 1434 10718 1397 17674 14891 50360 55638 1002 10361 293485 10673 4103 8569 1806 6971 4770 2237 28330 5131 2275 5175 1050
internal_value=4.77741e-05 -0.000391149 0.00011545 -5.37382e-05 0.00013661 0.00764668 0.0036403 -0.0132672 0.00202959 -0.00203304 -0.00172816 0.00241656 0.00350138 0.00162088 -0.000419284 0.00117028 -0.00209515 0.0102176 0.00854017 -0.00724885 0.000268021 0.00363181 -0.00939794 0.00962934 0.0103813 -0.0083755 0.00369887 -0.00118065 0.00284588
internal_weight=517497 461820 353521 346566 342462 6954.11 55677.6 4104.53 5080.47 108299 103372 45552.1 32806.4 26442.5 12745.7 11218.6 97225.5 6363.81 10125.6 4927.16 1299.67 6146.44 3298.98 8825.89 7545.04 1527.11 849.233 1628.18 1280.85
internal_count=2075954 1852397 1417153 1389303 1372767 27850 223557 16536 20349 435244 415333 182632 131562 105998 51070 44937 390688 25564 40925 19911 5205 24645 13339 35720 30567 6133 3399 6572 5153
is_linear=0
shrinkage=0.02


Tree=33
num_leaves=25
num_cat=0
split_feature=31 41 1 11 46 46 46 41 6 46 46 46 46 46 41 46 46 46 12 11 10 13 46 46
split_gain=1982.68 1124.55 1082.31 679.225 607.968 507.697 1105.7 439.387 408.251 300.482 534.863 305.849 298.853 687.855 297.256 251.915 273.032 270.21 218.278 187.571 68.8778 55.5823 46.1727 18.766
threshold=-0.10966234281659125 -3.5171999931335445 10.391848564147951 -0.018247208558022972 0.50081467628479015 0.50049507617950451 0.50037893652915966 0.70394998788833629 5.9942698478698739 0.49920678138732916 0.49980013072490698 0.49894514679908758 0.50086280703544628 0.50120273232460033 -0.28124999999999994 0.49810646474361425 0.50254967808723461 0.50085288286209118 0.12240501120686532 -0.037096150219440453 -1.0000000180025095e-35 0.074052575975656523 0.50038918852806102 0.5004158914089204
decision_type=2 8 2 2 2 2 2 8 2 2 2 2 2 2 10 2 2 2 2 2 2 2 2 2
left_child=5 15 7 4 -4 6 9 19 -5 11 -11 -1 21 14 -14 -2 17 -17 -9 -3 -15 -7 -8 -24
right_child=1 2 3 8 -6 12 22 18 -10 10 -12 -13 13 20 -16 16 -18 -19 -20 -21 -22 -23 23 -25
leaf_value=0.0039286193075204054 0.014346214190437381 0.0027533456368791956 -0.00029000011727221332 -0.0011461943477070345 0.00321935474943517 0.015949215459418856 -0.011933576330692249 0.0046010523742049539 -0.003803816548291517 0.0112020790735967 0.0016909838676898189 -0.0067663568830678032 -0.0089064110182236755 0.011010276973255054 0.0047075449927390239 0.0040788483612476736 0.011819268326775292 -0.0048527778152922599 0.0016393130548240376 -0.0001335038253838666 0.0006756810224899908 0.0019124618938062682 0.0009247217674476679 -0.0031216520412055901
leaf_weight=1967.3022765815258 906.95778484642506 10113.822046428919 108875.10792839527 229523.82083491981 23254.536659672856 2362.2411246746778 783.46621425449848 18907.647840484977 25158.17864304781 4886.1785596758127 4626.8164283931255 891.69220963120461 968.28817574679852 2258.5396763384342 354.30305650830269 5083.0351994335651 837.42780593037605 996.50727768242359 23089.790068328381 50213.245018690825 406.67032790184021 376.01486901938915 256.68378806114197 364.72085492312908
leaf_count=7877 3636 40510 436691 921029 93198 9541 3140 75692 101319 19736 18635 3573 3890 9142 1431 20372 3369 3994 92454 201100 1628 1507 1028 1462
internal_value=4.76932e-05 -0.000208294 -0.000334233 -0.000818211 0.000344018 0.00601714 0.00346166 0.0014871 -0.00142034 0.00550193 0.0070875 -0.000184035 0.0102883 0.00506868 -0.00484758 0.00693593 0.00451947 0.00220431 0.00303664 0.000381532 0.0099724 0.0149215 -0.00984917 -0.00187798
internal_weight=517463 496960 489136 386812 132130 20502.9 13776.9 102325 254682 12372 9512.99 2858.99 6726.06 3987.8 1322.59 7823.93 6916.97 6079.54 41997.4 60327.1 2665.21 2738.26 1404.87 621.405
internal_count=2075954 1993364 1961993 1552237 529889 82590 55451 409756 1022348 49821 38371 11450 27139 16091 5321 31371 27735 24366 168146 241610 10770 11048 5630 2490
is_linear=0
shrinkage=0.02


Tree=34
num_leaves=28
num_cat=0
split_feature=10 46 12 25 46 46 27 27 12 46 46 46 46 27 7 11 41 46 27 22 41 9 6 4 46 46 9
split_gain=1638.02 1378.83 978.67 655.724 427.285 414.992 395.777 853.955 360.738 382.041 306.733 277.124 809.649 501.049 274.955 270.899 268.633 216.845 216.711 175.44 149.118 139.102 125.666 122.951 64.8612 37.1107 36.6728
threshold=-0.098301459103822694 0.50081467628479015 0.23532899469137195 12.798134326934816 0.49859915673732763 0.50075060129165661 157.50000000000003 56.500000000000007 0.1315206661820412 0.4998085498809815 0.50209569931030285 0.50081467628479015 0.50085288286209118 301.50000000000006 0.042106557637453086 -0.081770181655883775 0.9101499915122987 0.49844005703926092 132.50000000000003 30.500000000000004 -1.8189499974250791 -0.13124650716781613 2.4140000343322758 62.066808700561531 0.50095310807228099 0.50254967808723461 -0.072523966431617723
decision_type=2 2 2 2 2 2 2 2 2 2 2 2 2 2 2 2 10 2 2 2 10 2 2 2 2 2 2
left_child=1 5 3 16 17 8 7 22 9 -1 -6 13 -13 -8 15 21 20 -5 -9 -10 -2 -3 -4 -18 -16 -26 -17
right_child=2 14 6 4 10 -7 11 18 19 -11 -12 12 -14 -15 24 26 23 -19 -20 -21 -22 -23 -24 -25 25 -27 -28
leaf_value=0.007550910889828487 0.0027952455314692011 0.0028087948201202056 -0.00086918753305125266 0.0010739943600097405 -0.00071759101726378205 -0.008110151739237622 -0.0042393209070145463 0.0038718994234161999 0.0046183213509070013 0.00038900974243396002 0.0053749105260138827 0.0081079549751948733 -0.0011081497923655338 -0.0013804092912166814 0.0058410597332148421 0.0022886746803539551 0.0052901976747941996 0.0064282548115729725 -7.4524915096395137e-05 -0.00013368078315481236 0.00076091489693589644 0.016613725338401164 -0.0035351301679256374 0.0014011339373974424 -0.0015606386994909216 0.002855554767100242 0.0074658103556977896
leaf_weight=6924.7067587524652 20968.872398942709 733.57176876068115 17220.31749291718 8347.0805765837431 121930.39031237364 864.10828849673271 29811.258678525686 19701.961631074548 2809.2469864487648 4990.4186651706696 2566.5927290320396 3563.3230295032263 27710.404508158565 131913.43760713935 329.88202795386314 1902.5736404210329 12042.592658147216 4325.8716398775578 7591.0617293566465 20728.324111387134 45443.228149071336 3242.6636211723089 12137.170402869582 5374.0822394043207 1491.1683633029461 294.71422724425793 2472.533359721303
leaf_count=27858 83983 2940 69095 33440 488953 3465 119720 79059 11266 20107 10285 14274 111197 529610 1327 7628 48222 17328 30477 83160 182022 13143 48771 21517 5982 1189 9936
internal_value=4.84735e-05 0.00358344 -0.000308653 0.000659386 -0.000193754 0.00164282 -0.00116494 0.000301484 0.00206227 0.00477396 -0.000556898 -0.00159483 0.000125991 -0.00192654 0.00969593 0.0112298 0.00204351 0.00318697 0.00280469 0.000572634 0.00143007 0.014999 -0.00203889 0.00420962 0.00217325 -0.000152329 0.00594424
internal_weight=517432 46783.9 470648 220999 137170 36316.8 249649 56650.5 35452.7 11915.1 124497 192998 31273.7 161725 10467.1 8351.34 83828.8 12673 27293 23537.6 66412.1 3976.24 29357.5 17416.7 2115.76 1785.88 4375.11
internal_count=2075954 188001 1887953 885750 550006 145856 1002203 227402 142391 47965 499238 774801 125471 649330 42145 33647 335744 50768 109536 94426 266005 16083 117866 69739 8498 7171 17564
is_linear=0
shrinkage=0.02


Tree=35
num_leaves=30
num_cat=0
split_feature=5 9 12 25 31 22 6 31 9 31 22 15 28 4 31 9 9 5 11 22 19 45 9 7 45 3 7 29 12
split_gain=1917.77 1196.72 972.038 636.891 401.219 384.102 365.641 327.374 326.524 263.677 243.878 195.87 188.878 168.432 167.275 125.943 115.412 151.858 110.295 85.8433 85.6545 81.5209 65.3363 59.011 47.7527 45.4188 45.1839 41.2459 1.87047
threshold=-0.081661995500326143 -0.069831147789955125 0.23771333694458011 12.798134326934816 -0.061797730624675744 30.500000000000004 5.3815598487854013 -0.093194238841533647 -0.018898060545325276 0.041718021035194404 14.500000000000002 2.7952500581741337 -9.9549999237060529 63.439067840576179 -0.15052189677953717 -0.033515935763716691 -0.13124650716781613 -0.12361526489257811 0.0084560057148337382 37.500000000000007 -294.59625244140619 28.500000000000004 -0.007962036877870558 0.027333079837262634 56.500000000000007 -0.11067781969904898 0.030845620669424537 1.0000000180025095e-35 0.6440010964870454
decision_type=2 2 2 2 2 2 2 2 2 2 2 2 10 2 2 2 2 2 2 2 10 2 2 2 2 2 2 2 2
left_child=1 14 3 11 21 10 8 15 -7 -9 22 12 -2 -12 23 -5 26 -18 -8 -6 -13 28 -4 -1 -21 -25 -16 -23 -3
right_child=2 4 5 7 19 6 18 9 -10 -11 13 20 -14 -15 16 -17 17 -19 -20 24 -22 27 -24 25 -26 -27 -28 -29 -30
leaf_value=-0.0001994971588187486 5.8034292100775825e-05 0.0027457372616853134 -0.0027969809350558736 0.00030062892930399595 0.0076326871007911037 -0.002341676114738853 -0.0016870993136523424 -0.00094555333813233541 -0.00053962667470370998 0.001138663252537175 0.0040583672408944574 0.0026306995444085502 0.0030317777137456774 -0.00040242387143967103 0.00080762387623772099 0.005288593717716665 0.0059605629981709755 0.00083528671251586583 -0.0042333683799559577 -0.00063098620401640017 -0.0002871669550334507 0.0016239491868782015 1.5471829883975943e-05 0.0082255774398877057 0.0031012415783030563 -7.935533872455119e-05 -0.0014471726668306808 0.012028453168865817 0.00017258662826690502
leaf_weight=461.89775279164314 10198.995960950851 694.79822687804699 3942.7343507558107 3296.9905400425196 958.46646866202354 57607.346335291862 12346.254598423839 99528.681195750833 131384.12760099769 31255.294833391905 10138.751369297504 4316.6827075332403 52898.066716328263 4691.585437014699 5824.1999575942755 4890.9197275489569 2450.7024003565311 9013.9863964915276 21039.868522569537 1673.0295439362526 17770.499505415559 445.5084483474493 10665.970092982054 1332.2650185525417 3354.7529812008142 281.35058510303497 6917.0576050430536 7773.4108217954636 251.51040357351303
leaf_count=1858 40842 2805 15818 13211 3840 231096 49597 399078 527359 125316 40664 17289 211845 18849 23339 19624 9856 36145 84768 6705 71176 1816 42831 5374 13438 1128 27724 31554 1009
internal_value=4.95693e-05 0.00413235 -0.000312465 0.000644263 0.00845502 -0.00116342 -0.00144735 -0.000191803 -0.00109683 -0.000443372 0.000962033 0.00199684 0.00255818 0.00270104 0.00145608 0.00349456 0.000878003 0.00226221 -0.00335613 0.00368212 0.000358321 0.0110029 -0.000854004 0.00600653 0.00194633 0.00724468 -0.000430137 0.011667 0.00246474
internal_weight=517406 41432.9 475973 224156 15151.5 251817 222378 138972 188991 130784 29439 85184.2 63097.1 14830.3 26281.5 8187.91 24205.9 11464.7 33386.1 5986.25 22087.2 9165.23 14608.7 2075.51 5027.78 1613.62 12741.3 8218.92 946.309
internal_count=2075954 166591 1909363 898381 61167 1010982 892820 557229 758455 524394 118162 341152 252687 59513 105424 32835 97064 46001 134365 23983 88465 37184 58649 8360 20143 6502 51063 33370 3814
is_linear=0
shrinkage=0.02


Tree=36
num_leaves=27
num_cat=0
split_feature=5 46 12 25 31 46 46 46 41 27 27 46 41 31 46 46 46 27 31 46 46 5 41 27 15 31
split_gain=1859.16 1145.12 883.199 585.485 533.43 441.273 435.311 690.583 458.975 377.477 891.382 303.253 294.377 276.616 268.863 257.91 556.608 495.401 209.36 201.218 170.727 169.466 165.444 145.616 115.211 79.4199
threshold=-0.072138488292694078 0.50081467628479015 0.23532899469137195 12.829464435577394 -0.079110726714134202 0.49859915673732763 0.50085288286209118 0.50317525863647472 0.94625002145767223 157.50000000000003 56.500000000000007 0.50209569931030285 0.81014999747276317 0.15302070975303653 0.50062420964241039 0.5007845163345338 0.50085288286209118 301.50000000000006 -0.0014074597274884579 0.49921353161334997 0.50062420964241039 0.032805334776639945 -2.4991500377655025 1.0000000180025095e-35 2.7761499881744389 0.022406671196222309
decision_type=2 2 2 2 2 2 2 2 10 2 2 2 10 2 2 2 2 2 2 2 2 2 10 2 2 2
left_child=1 4 3 12 14 18 -3 8 -8 10 23 -7 22 -12 19 17 -17 -11 -5 -1 24 -14 -2 -4 -6 -22
right_child=2 6 9 5 20 11 7 -9 -10 15 13 -13 21 -15 -16 16 -18 -19 -20 -21 25 -23 -24 -25 -26 -27
leaf_value=0.00058015177084827735 0.0027976442982365368 0.017120302800962512 -0.00057921430294062364 0.00032131356223241231 0.0020334502488061562 -0.00080458911580879287 0.00063122481419732122 0.016642551552579269 0.010616252504219071 -0.0042369967358134317 0.0034149684812941157 0.0053131878695750071 0.0048769570099888573 -0.0031291892591673487 -0.0051091471689832758 0.0062304939132872628 -0.0010305403274637032 -0.001374758300998863 0.0054832080840510247 0.0064031385689542041 -0.006647911749023132 0.00029728916286089161 0.00054693202229103715 -0.003424549097077398 -0.00060613176778949256 0.0015974822352162832
leaf_weight=3131.9362236261368 17528.459947422147 1649.4476334005594 13592.709071591496 5713.5267557054758 11439.801413998008 116751.78917789459 6892.5080361813307 1312.4830994307995 1736.0579360872507 29385.97950784862 25156.800711870193 2504.8183428794146 15540.485476851463 2216.7414032816887 415.17907273769379 4127.0962956696749 27427.845700442791 130343.69858108461 6463.3392475098372 11983.324152708054 1154.5162388980389 4168.6359063982964 47289.055168300867 15487.07233633101 13713.722906351089 249.63420401513577
leaf_count=12545 70186 6664 54574 22890 45840 468210 27652 5365 7005 118057 100938 10036 62221 8913 1665 16534 110080 523402 25888 48384 4630 16695 189403 62202 54974 1001
internal_value=5.00062e-05 0.00354399 -0.000360122 0.000573619 0.00192508 -0.00026242 0.00889664 0.00630763 0.00340195 -0.00117329 0.000260871 -0.000639921 0.00186344 0.00280779 0.00476517 -0.00159584 5.56468e-05 -0.0019207 0.00323785 0.00529049 0.000169282 0.00395999 0.00118353 -0.00214806 0.00062114 -0.00513226
internal_weight=517377 53678.6 463698 215960 42088.1 131433 11590.5 9941.05 8628.57 247738 56453.3 119257 84526.6 27373.5 15530.4 191285 31554.9 159730 12176.9 15115.3 26557.7 19709.1 64817.5 29079.8 25153.5 1404.15
internal_count=2075954 215725 1860229 865529 169039 527024 46686 40022 34657 994700 226627 478246 338505 109851 62594 768073 126614 641459 48778 60929 106445 78916 259589 116776 100814 5631
is_linear=0
shrinkage=0.02


Tree=37
num_leaves=30
num_cat=0
split_feature=31 3 46 46 31 46 5 41 9 8 9 46 46 46 31 9 41 31 46 46 46 32 33 46 46 46 46 7 45
split_gain=1818.18 858.806 1053.79 2148 1032.17 1009.34 712.906 564.183 459.23 700.809 458.609 446.225 393.575 513.691 249.558 215.297 189.294 150.582 140.573 202.961 167.91 90.0087 68.7767 52.4012 49.1035 31.8197 20.7333 19.6109 16.6046
threshold=-0.077911309897899614 0.077592357993125929 0.50209569931030285 0.50182899832725536 0.034815212711691863 0.50220662355422985 -0.10580788180232047 3.0483000278472905 -0.035902189090847962 -0.091930165886878953 -0.11178388074040412 0.50254967808723461 0.50182899832725536 0.50120273232460033 0.12864790856838229 0.0043381883297115573 -3.0253500938415523 -0.022299848496913906 0.49956034123897558 0.49980013072490698 0.4994127899408341 0.82737970352172863 36395482.000000007 0.49921353161334997 0.49921353161334997 0.49894514679908758 0.50019323825836193 0.054273964837193496 10.500000000000002
decision_type=2 2 2 2 2 2 2 10 2 2 2 2 2 2 2 2 8 2 2 2 2 2 2 2 2 2 2 2 2
left_child=6 2 3 4 -2 -4 10 -5 18 16 24 -7 13 14 -3 -11 -10 28 20 -20 -8 -15 -19 -12 25 -1 -26 -25 -14
right_child=1 12 5 7 -6 11 8 -9 9 15 23 -13 17 21 -16 -17 -18 22 19 -21 -22 -23 -24 27 26 -27 -28 -29 -30
leaf_value=0.0013252065155185239 -0.00056862504985679221 -0.0015435128177526197 0.017237685838793596 -0.01516472151120728 0.0018299181509952615 -0.0037938004144361221 -0.00051389122486608391 0.0039675010350819556 -0.0013283193964404301 -0.0015551700292638266 0.0016545311493700529 0.0065315657734328738 -0.0011589487733867057 0.0050471770789502534 -0.0043918728317655061 0.003038604450239716 0.0099481672520888541 -0.0093341874449323209 0.0055917749537584454 -0.00020479216019165088 -0.0078238085275684332 -0.00017551930618493725 -0.0012576046791274403 0.01240675013296922 0.0046685691654226478 -0.0033673721627588624 0.0011487669573050235 0.0013341318383084831 0.0023721724477229296
leaf_weight=545.59105414152145 245624.56797541678 79479.483296751976 1883.4541471898556 3777.1473511904478 100413.9886598438 2418.2346826195717 5055.0928505063057 362.89853662252426 448.98894229531288 4940.0180278420448 501.48154097795486 2705.4999597072601 297.08783949911594 4247.9824425876141 14274.408760949969 14731.021490573883 6318.8941652774811 3414.3127465695143 2247.5807400345802 10891.037711679935 897.61535674333572 1707.8397335112095 789.36626109480858 4904.7336554974318 1699.4690575003624 252.42298386991024 1906.0485917627811 283.8005381077528 324.51985125243664
leaf_count=2183 984796 319505 7546 15245 402481 9689 20254 1455 1807 19785 2009 10839 1199 17023 57436 59001 25477 13827 9038 43656 3614 6859 3190 20106 6821 1013 7648 1145 1307
internal_value=5.0884e-05 -0.000362767 0.00010506 -5.72041e-05 0.000130122 0.00735454 0.00343897 -0.013102 0.00228711 0.00395232 0.00806133 0.00180978 -0.00194943 -0.00164222 -0.00201225 0.0018685 0.009136 -0.00711543 -8.81058e-05 0.00106241 -0.00244548 0.00371238 -0.00827877 0.0114832 0.00251094 -0.00112262 0.00337548 0.0120709 0.000987091
internal_weight=517345 461721 357186 350179 346039 7007.19 55623.8 4140.05 45530.2 26438.9 10093.5 5123.73 104535 99709.7 93753.9 19671 6767.88 4825.29 19091.3 13138.6 5952.71 5955.82 4203.68 5690.02 4403.53 798.014 3605.52 5188.53 621.608
internal_count=2075954 1852397 1432051 1403977 1387277 28074 223557 16700 182632 106070 40925 20528 420346 400823 376941 78786 27284 19523 76562 52694 23868 23882 17017 23260 17665 3196 14469 21251 2506
is_linear=0
shrinkage=0.02


Tree=38
num_leaves=31
num_cat=0
split_feature=5 9 12 41 46 46 46 46 27 46 46 46 25 31 46 46 11 46 46 13 46 8 3 46 46 12 8 29 31 39
split_gain=1767.05 1107.18 899.677 493.348 448.446 974.209 737.557 1515.46 531.029 481.868 443.669 461.027 325.328 217.446 216.626 205.343 201.973 196.202 188.388 172.196 144.301 143.213 122.63 104.931 153.547 43.4434 29.9721 14.3435 14.2587 3.80845
threshold=-0.08343257755041121 -0.069831147789955125 0.15579534322023394 1.0047999620437624 0.50065359473228466 0.50063318014144909 0.50182899832725536 0.50209569931030285 252.50000000000003 0.49857780337333685 0.50056466460227977 0.4998143613338471 12.819274902343752 -0.056783095002174371 0.49861547350883489 0.50209569931030285 0.032658534124493606 0.50081467628479015 0.4993638694286347 0.12671329081058505 0.50062420964241039 -0.0060417482163757077 -0.14954689145088193 0.50085288286209118 0.50142759084701549 0.0072097973898053178 -0.028969309292733666 1.5320099592208865 -0.015110658947378395 -565.29000854492176
decision_type=2 2 2 10 2 2 2 2 2 2 2 2 2 2 2 2 2 2 2 2 2 2 2 2 2 2 2 2 2 8
left_child=1 17 3 12 5 9 8 -8 -6 -4 11 13 21 -3 16 -14 -5 20 -16 26 22 -2 -1 -19 -25 -13 -12 -7 -22 -21
right_child=2 10 4 14 6 27 7 -9 -10 -11 19 25 15 -15 18 -17 -18 23 -20 29 28 -23 -24 24 -26 -27 -28 -29 -30 -31
leaf_value=0.0025581647393889267 0.0008694753417995074 0.010952537581648238 0.001201711065681139 0.0099880731668196329 0.0044384309619458599 -0.012226427590914331 -0.01314536015221813 0.0013800688248191023 0.00019917128161567568 -0.0014251791996461893 0.014605305463974106 -0.0035834015704293669 -0.00053343208347668772 0.0022183965376555807 -0.00099166210511637451 0.0054766604044949518 -0.00056026343300051042 0.0097773853051859091 0.0033248252701728082 -0.00026816670887668453 -0.005703319904871571 0.0031842359655295462 -0.00052142167535622374 -0.0013458042421008402 0.0053088295848197232 0.0005655882386211143 0.0013690270043848864 -0.0012497989418137822 -0.00012134610960928523 0.0017355238075431919
leaf_weight=9164.0757117271423 30267.095409050584 3373.0929745733738 31192.44777341187 2410.1580330729485 16988.504496052861 2420.8278439939022 3613.0180026292801 7718.4942395687103 35329.436577945948 226817.24102848768 4124.955079883337 574.25372321903706 77174.171228319407 2276.5508272349834 4597.8301907330751 1507.756119787693 824.84712314605713 593.21920831501484 20218.516972079873 268.35889175534248 689.77029711008072 16546.31826479733 10227.511036247015 1961.932583540678 2364.2764432430267 2940.4101971238852 256.39605741202831 256.89985381066799 250.68224796652794 357.27796737849712
leaf_count=36787 121204 13668 125143 9651 68073 9739 14617 31072 141597 910664 16807 2334 309458 9117 18419 6042 3302 2390 81030 1076 2767 66247 41008 7866 9503 11872 1029 1033 1006 1433
internal_value=5.07081e-05 0.00407484 -0.000287807 0.000970026 -0.000884256 -0.00125099 0.000614506 -0.00383723 0.001624 -0.00110473 0.00838586 0.00500956 0.000424524 0.00817413 0.00332736 -0.000361771 0.00773611 0.00146387 0.00251877 0.0129617 0.000518155 0.00172925 0.000979526 0.00472819 0.00256192 -0.000671174 0.014175 -0.0117224 -0.00497425 0.00121363
internal_weight=517306 39422.8 477884 153547 324337 260687 63649.5 11331.5 52317.9 258010 14171.3 9164.31 125495 5649.64 28051.4 78681.9 3235.01 25251.5 24816.3 5006.99 20332 46813.4 19391.6 4919.43 4326.21 3514.66 4381.35 2677.73 940.453 625.637
internal_count=2075954 158663 1917291 615353 1301938 1046579 255359 45689 209670 1035807 57336 36991 502951 22785 112402 315500 12953 101327 99449 20345 81568 187451 77795 19759 17369 14206 17836 10772 3773 2509
is_linear=0
shrinkage=0.02


Tree=39
num_leaves=29
num_cat=0
split_feature=31 41 1 41 6 11 11 3 11 9 8 1 25 41 9 31 11 31 41 4 7 7 1 1 7 22 24 45
split_gain=1742.45 1060.31 947.767 617.796 415.842 397.266 354.294 293.533 249.75 209.022 167.721 148.748 83.6755 83.4378 67.9545 52.7294 50.2544 43.2403 39.9946 26.7028 25.3502 20.2189 19.75 16.6358 9.53309 7.38504 6.75231 5.02702
threshold=-0.10966234281659125 -3.5171999931335445 11.207838058471681 1.0899000167846682 8.3315796852111834 -0.059876970946788781 -0.042121438309550278 -0.049081467092037194 -0.018247208558022972 -0.068380333483219133 -0.11805254593491553 12.145907878875734 13.674932003021242 -5.8871500492095938 -0.00070324909756891419 -0.12519322335720059 0.013741245958954098 -0.099548619240522371 -3.0253500938415523 39.654022216796882 0.015772760845720771 0.027333079837262634 13.69011974334717 13.0781307220459 0.023325640708208088 645.50000000000011 -49.221099853515618 998.50000000000011
decision_type=2 8 2 10 2 2 2 2 2 2 2 2 2 8 2 2 2 2 10 2 2 2 2 2 2 2 2 2
left_child=7 11 3 5 6 -3 -4 9 -5 12 13 17 15 -11 25 -1 -6 -2 -12 24 -19 -14 26 -21 -13 27 -16 -9
right_child=1 2 4 8 16 -7 -8 14 -10 10 18 19 21 -15 22 -17 -18 20 -20 23 -22 -23 -24 -25 -26 -27 -28 -29
leaf_value=0.0065192284877012624 0.00030028245808536572 0.0034066614254992223 0.00059973182952112621 0.0058348293964027341 -0.002219980267634313 -9.3223786061938276e-05 -0.0012335189741216322 -0.0026729110749581504 0.0019880470068165419 6.2475324812722956e-05 0.0010452536989690097 8.4632424142990178e-05 -0.00099393924897041666 0.011873794147417235 -2.8605089322994898e-05 0.0011698274709029764 -0.0047828936583129639 0.00092469904313528372 0.0056857650339164987 0.0017081850149666855 0.0097979527042539368 0.0017496166801876968 -0.00080621182405868873 -0.001170571658833459 0.0042716117092341434 0.00024453515225478505 0.0032704320533710643 8.4603106205759644e-05
leaf_weight=2739.1443599164486 278.17428806424141 13272.586773484945 52370.24374397099 8769.0159803628922 7473.0116840600967 160468.1177303642 206735.62671166658 998.60342548787594 28697.914618909359 259.57620453834534 1529.1609442681074 278.51867154240608 1183.8847498595715 4695.2205098867416 253.4153698682785 1473.710452452302 11216.116143018007 323.90780468285084 2544.4195564836264 772.11950781941414 3870.0466082692146 1625.2305499315262 284.15635491907597 800.11096440255642 1494.4596290141344 388.41013200581074 2231.391222089529 249.282809689641
leaf_count=11044 1129 53216 210064 35144 30034 643074 830239 4004 114949 1072 6159 1116 4755 19206 1015 5925 45273 1297 10245 3095 15534 6530 1138 3208 5992 1557 8940 1000
internal_value=5.09088e-05 -0.00018889 -0.000311189 0.000697038 -0.00107754 0.000189198 -0.00086224 0.00565347 0.00299631 0.00685669 0.00886597 0.00675089 0.00360358 0.0113538 0.000874285 0.00515257 -0.00389735 0.00895283 0.00441942 0.00260354 0.00938094 0.000630277 0.00252281 0.000344965 0.00385258 -0.00182449 0.00301119 -0.00230868
internal_weight=517276 496820 489003 211208 277795 173741 259106 20455.6 37466.9 16050.3 9028.38 7817.34 7021.97 4954.8 4405.26 4212.85 18689.1 4472.13 4073.58 3345.21 4193.95 2809.12 2768.96 1572.23 1772.98 1636.3 2484.81 1247.89
internal_count=2075954 1993364 1961993 846383 1115610 696290 1040303 82590 150093 64936 36682 31371 28254 20278 17654 16969 75307 17960 16404 13411 16831 11285 11093 6303 7108 6561 9955 5004
is_linear=0
shrinkage=0.02


Tree=40
num_leaves=25
num_cat=0
split_feature=31 41 3 46 46 46 46 46 46 46 46 46 41 46 46 46 46 46 46 31 5 13 46 46
split_gain=1686.36 1027.52 906.561 966.795 2199.62 1413.26 484.922 1057.21 410.551 488.716 313.807 657.066 287.755 279.255 521.897 295.981 263.028 263.18 261.184 148.028 132.149 51.5591 42.8212 18.8309
threshold=-0.10966234281659125 -3.5171999931335445 0.074528623372316374 0.50209569931030285 0.50182899832725536 0.50220662355422985 0.50049507617950451 0.50037893652915966 0.50182899832725536 0.50120273232460033 0.50086280703544628 0.50120273232460033 -0.28124999999999994 0.49920678138732916 0.49980013072490698 0.49894514679908758 0.49810646474361425 0.50254967808723461 0.50085288286209118 0.030066182836890224 -0.020794220268726345 0.074052575975656523 0.50038918852806102 0.5004158914089204
decision_type=2 8 2 2 2 2 2 2 2 2 2 2 10 2 2 2 2 2 2 2 2 2 2 2
left_child=6 16 3 4 -3 -5 7 13 9 -4 21 12 -12 15 -15 -1 -2 18 -18 -10 -13 -8 -9 -24
right_child=1 2 8 5 -6 -7 10 22 19 -11 11 20 -14 14 -16 -17 17 -19 -20 -21 -22 -23 23 -25
leaf_value=0.0037417880692164956 0.014127123240833914 0.00019338395465450721 -0.0019563438272588839 0.018253652095045338 -0.012715436777031531 0.00064544354718863598 0.015384017766676868 -0.011931639248878476 -0.0013898181291672495 0.0035416781670887893 -0.0089697645281845706 0.010921102656587004 0.0045070838213777126 0.010698794305818864 0.0013667228538260853 -0.0067824057921763593 0.0038577767328746575 0.011399849469278418 -0.0049038389678096933 -0.0092422300612882546 -0.00024185350512584167 0.0018447793213987238 0.00090464844241853408 -0.0031720686047761841
leaf_weight=1966.5170512348413 905.96557539701462 368529.46165300906 97638.774707436562 2040.1375244706869 4518.9681030958891 5153.3487781435251 2350.4454365074635 783.18341448903084 1700.5487336814404 6164.8699557036161 967.34264054894447 2199.7479781508446 352.69429369270802 4868.7210624068975 4617.8257360160351 891.56669725477695 5080.2160659730434 833.98073111474514 995.98263041675091 3237.29017329216 451.24870464205742 375.72429929673672 256.65261088311672 364.53148557245731
leaf_count=7877 3636 1477540 392646 8180 18252 20661 9541 3140 6871 24715 3890 8963 1431 19736 18635 3573 20372 3369 3994 13128 1807 1507 1028 1462
internal_value=5.14026e-05 -0.000184467 -0.000304858 0.000156702 8.87198e-06 0.0070224 0.00556431 0.00309252 -0.00190769 -0.00160407 0.00973072 0.00458197 -0.00501651 0.00510329 0.00663572 -0.000333954 0.00664763 0.00424558 0.00200131 -0.00713193 0.00941873 0.0143906 -0.00988506 -0.00193449
internal_weight=517246 496800 488983 380242 373048 7193.49 20446.2 13749 108741 103804 6697.2 3971.03 1320.04 12344.6 9486.55 2858.08 7816.15 6910.18 6076.2 4937.84 2651 2726.17 1404.37 621.184
internal_count=2075954 1993364 1961993 1524633 1495792 28841 82590 55451 437360 417361 27139 16091 5321 49821 38371 11450 31371 27735 24366 19999 10770 11048 5630 2490
is_linear=0
shrinkage=0.02


Tree=41
num_leaves=29
num_cat=0
split_feature=31 1 11 41 41 46 46 0 46 46 46 46 46 31 41 46 25 9 46 31 12 31 11 13 22 10 46 1
split_gain=1645.77 793.746 613.682 605.245 554.768 439.612 400.362 370.754 369.409 1302.39 630.536 487.58 358.963 245.201 220.405 204.082 152.893 152.531 133.689 105.151 103.289 100.494 88.9226 75.8677 49.4465 39.8797 15.3404 1.58236
threshold=-0.077911309897899614 10.307584285736086 -0.10564022138714789 -3.6967499256134029 1.0393499732017519 0.50065359473228466 0.50182899832725536 0.79413476586341869 0.49942737817764288 0.49980013072490698 0.50042408704757702 0.4994127899408341 0.49921353161334997 -0.094982281327247606 0.70394998788833629 0.49803002178668981 12.318100929260256 -0.12749613076448438 0.49737906455993658 0.0060247823130339393 0.22831410914659503 -0.01769616641104221 -0.035811746492981904 0.12123548984527589 30.500000000000004 -0.11235033348202704 0.49916510283946997 13.133769989013674
decision_type=2 2 2 8 8 2 2 2 2 2 2 2 2 2 8 2 2 2 2 2 2 2 2 2 2 2 2 2
left_child=2 7 17 15 6 -6 -5 16 11 13 -11 12 -4 -10 21 -3 20 26 -16 -17 -2 -9 -18 25 -13 -19 -1 -28
right_child=1 3 8 4 5 -7 -8 14 9 10 -12 24 -14 -15 18 19 22 23 -20 -21 -22 -23 -24 -25 -26 -27 27 -29
leaf_value=-0.0008865323779907601 0.0021406774958190795 0.012266763070777802 -0.00079662097441778176 -0.0013148983162941563 -0.00044939018126729949 0.0022065213420238068 -0.0059382462915195154 -0.0001946773143528057 0.013652782004904069 -0.0015509966386586572 0.0042227515412574333 -5.917156066905031e-05 0.0065505937672858637 0.0042872349031676613 -0.0035231602776088695 0.005068103998371808 0.0016055835104957562 0.012388913761778171 0.0041319478377268674 -0.00062133286402041256 -0.0015414338876103661 0.0021024302642423469 -0.0021054432021380431 0.00090316316791767338 -0.0094851942326492737 0.0031420003328192516 0.0027282675079604375 0.00021061570884767298
leaf_weight=264.69969327747822 10532.113237112761 688.82256391644478 9241.5684258341789 209389.72847266495 124573.64910686016 30277.014933094382 7024.3827559202909 11820.966578826308 4174.679436981678 13855.113137423992 14989.800308063626 259.90157316625118 2816.817445859313 2817.6752739995718 341.8221405595541 2290.1936432719231 2442.0220068246126 3276.2829933464527 21789.893651917577 1941.4405418336391 3481.3732792586088 19929.276427030563 15114.984385624528 468.52636340260506 1350.3134057968855 937.13563227653503 855.62790602445602 266.61192134022713
leaf_count=1060 42164 2769 37020 840519 500125 121466 28370 47350 16901 55576 60250 1044 11306 11292 1368 9178 9781 13508 87237 7779 13953 79797 60541 1879 5426 3789 3437 1069
internal_value=5.16752e-05 -0.000341793 0.00327663 -0.000737271 -0.000835305 7.89729e-05 -0.00148729 0.00138945 0.00244798 0.00349424 0.00148389 -0.00033846 0.00123356 0.0107413 0.00238554 0.00570499 -0.000328274 0.00891936 0.00388949 0.00278621 0.00119049 0.00126413 -0.00153959 0.0104583 -0.00850516 0.0111946 0.0017419 0.00247647
internal_weight=517212 461638 55574.8 376185 371265 154851 216414 85452.5 49505.9 35837.3 28844.9 13668.6 12058.4 6992.35 53882 4920.46 31570.5 6068.88 22131.7 4231.63 14013.5 31750.2 17557 4681.94 1610.21 4213.42 1386.94 1122.24
internal_count=2075954 1852397 223557 1510206 1490480 621591 868889 342191 198815 144019 115826 54796 48326 28193 215752 19726 126439 24742 88605 16957 56117 127147 70322 19176 6470 17297 5566 4506
is_linear=0
shrinkage=0.02


Tree=42
num_leaves=31
num_cat=0
split_feature=5 9 1 41 46 41 46 31 31 46 46 31 46 46 27 27 46 46 46 41 46 46 7 3 31 11 13 5 31 1
split_gain=1626.84 1206.44 800.149 554.276 553.335 519.734 513.685 485.465 322.795 322.307 333.098 289.277 273.926 257.926 249.179 605.961 239.083 218.16 209.168 189.599 183.948 167.261 150.164 131.509 85.69 78.7243 63.7831 63.4972 62.3244 10.3818
threshold=-0.072138488292694078 -0.063478134572505937 11.773309230804445 1.0393499732017519 0.50043037533760082 -3.6967499256134029 0.4998143613338471 0.035552863031625755 0.12864790856838229 0.49859915673732763 0.49737906455993658 -0.058677308261394494 0.50081467628479015 0.4993638694286347 153.50000000000003 56.500000000000007 0.50081467628479015 0.50085288286209118 0.50062420964241039 0.63115000724792492 0.49885505437850958 0.50142759084701549 0.050070406869053848 -0.13969443738460538 -0.099548619240522371 -0.038461510092020028 -0.075721822679042802 0.089589454233646407 0.0053456244058907041 12.828150272369387
decision_type=2 2 2 10 2 8 2 2 2 2 2 2 2 2 2 2 2 2 2 10 2 2 2 2 2 2 2 2 2 2
left_child=1 12 3 5 6 24 11 -7 14 10 -5 -3 18 -11 15 -4 -16 -14 23 -8 27 -19 25 -1 -2 -6 -22 -10 -20 -24
right_child=2 4 8 9 22 7 19 -9 20 13 -12 -13 17 -15 16 -17 -18 21 28 -21 26 -23 29 -25 -26 -27 -28 -29 -30 -31
leaf_value=0.0020012972461298131 -0.00066347067265011854 0.010181066370129888 -0.0020486495684180297 -0.0033964177393409067 0.013685454293320359 -0.00077298836417599552 -0.0028271469904530499 0.001312148579541966 0.0023196616448981056 -0.0013635321155435259 0.0078694767664985437 0.0022272951911898532 0.011082975682731205 0.0022806019708908089 -0.0018503761021610276 0.0027990188823322731 0.00045387402499521358 -0.0012577138121220694 -0.0071782118073699898 0.0048162258205923462 -0.00021222736616994896 0.0049566568705889311 0.0021561585066501815 -0.00075947146105753759 0.0092272663162078789 0.0032870251355100071 -0.0051212238333590435 -0.0021372369557589263 0.0009393887052350046 -0.00075090490026655991
leaf_weight=12187.924880564213 278.43201985955238 4474.2393113672733 20242.515973210335 770.44912269711494 4957.0146113485098 160186.08554857969 3883.9839272648096 60982.472587674856 1902.1972373425961 9160.9079163819551 5382.0864422619343 3691.4698497354984 780.88400518894196 37201.42330083251 108685.00196143985 19372.807338297367 21207.249484688044 2697.4723880141973 1096.4034320414066 968.63996103405952 1224.0184116959572 2937.5445104986429 458.86772537231445 13987.309488400817 1919.7050796300173 980.3691336363554 13479.23052303493 1569.6325217187405 250.77892220020294 259.88616991043091
leaf_count=48946 1115 18116 81324 3086 20165 642362 15647 244482 7642 36719 21560 14788 3149 149135 436702 77753 85129 10816 4399 3927 4914 11819 1847 56094 7696 3963 54288 6322 1006 1043
internal_value=5.22368e-05 0.00332275 -0.000331318 0.000353973 0.00715538 -8.31784e-05 0.00429562 -0.000195269 -0.00133576 0.00218549 0.00622058 0.00712728 0.000982066 0.0015491 -0.00105238 0.000330809 -0.00147366 0.00443975 6.86598e-05 -0.000816838 -0.00381577 0.00220385 0.0116431 0.000548166 0.00813661 0.0125873 -0.00474611 0.000280603 -0.00588569 0.00126575
internal_weight=517177 53612.8 463564 275882 19674.5 223367 13018.3 221169 187683 52514.9 6152.54 8165.71 33938.3 46362.3 169508 39615.3 129892 6415.9 27522.4 4852.62 18175.1 5635.02 6656.14 26175.2 2198.14 5937.38 14703.2 3471.83 1347.18 718.754
internal_count=2075954 215725 1860229 1106155 79496 895655 52478 886844 754074 210500 24646 32904 136229 185854 680908 159077 521831 25784 110445 19574 73166 22635 27018 105040 8811 24128 59202 13964 5405 2890
is_linear=0
shrinkage=0.02


Tree=43
num_leaves=31
num_cat=0
split_feature=5 9 12 41 46 46 46 46 46 46 27 46 46 46 46 46 11 46 13 46 46 46 13 46 46 12 1 15 1 31
split_gain=1577.87 983.465 852.092 457.456 430.519 436.715 421.257 951.281 682.319 1484.88 519.556 456.335 304.911 870.856 246.037 213.18 199.201 177.045 167.188 146.064 106.178 96.4542 69.9866 56.403 117.652 48.1036 36.0408 17.8005 5.87161 2.89786
threshold=-0.087482329457998262 -0.08300198987126349 0.15579534322023394 1.0047999620437624 0.50056466460227977 0.49981099367141729 0.50065359473228466 0.50063318014144909 0.50182899832725536 0.50209569931030285 252.50000000000003 0.49857780337333685 0.50209569931030285 0.50182899832725536 0.49921353161334997 0.49861547350883489 0.032658534124493606 0.4993638694286347 0.12123548984527589 0.50081467628479015 0.50062420964241039 0.49921353161334997 -1.0000000180025095e-35 0.50092712044715892 0.50142759084701549 0.0072097973898053178 13.10568141937256 8.2279500961303729 12.828150272369387 -0.027114692144095894
decision_type=2 2 2 10 2 2 2 2 2 2 2 2 2 2 2 2 2 2 2 2 2 2 2 2 2 2 2 2 2 2
left_child=1 19 3 12 5 14 7 11 10 -10 -8 -4 13 -2 -3 16 -5 -17 26 20 21 -1 -14 -21 -25 -7 -6 -9 -20 -22
right_child=2 4 6 15 18 25 8 27 9 -11 -12 -13 22 -15 -16 17 -18 -19 28 23 29 -23 -24 24 -26 -27 -28 -29 -30 -31
leaf_value=-0.0015498786592112524 0.00051711557458467981 0.0015721309316380284 0.0012000557917589819 0.0098032575005473702 0.014055167802972231 -0.0036708263929444086 0.0043573075698671408 -0.012040940095846827 -0.012852072248621338 0.0014748166117184937 0.00018200833210102612 -0.0013488400188640787 0.0073172642229546838 -0.01150197697600404 0.010603273833040255 -0.0009580173644860669 -0.00061215029111851048 0.003211189623644895 0.0017593414310136729 0.008104854403645197 -0.0051384784909575222 0.0016966015907925623 -0.001001027696025548 -0.0015367035561554734 0.0047571890954106154 0.00061772489338410817 0.0013313485459838009 -0.0011810685303603203 -0.00051077855318922775 -0.00051533192471187614
leaf_weight=4447.6472270041704 122810.34982660413 2133.7474220097065 31359.771073639393 2437.1686072647572 4173.2630244344473 622.17817442119122 17136.770141020417 2424.0375161617994 3632.524267360568 7789.5061932057142 35631.629782900214 228514.70346401632 2228.0879639834166 1622.1983366906643 3508.6849433481693 4631.5835357159376 825.29137392342091 20430.358658000827 374.92071589827538 520.82682065665722 496.43374237418175 11546.705606356263 252.47987303137779 1521.0564775317907 1942.4447462409735 3065.3098826557398 280.7757909744978 260.91681741178036 254.32759104669094 271.77142769098282
leaf_count=17819 492215 8549 125831 9761 17094 2532 68661 9761 14737 31380 142815 917730 8936 6550 14268 18556 3304 81898 1505 2100 1992 46347 1012 6097 7810 12389 1142 1052 1020 1091
internal_value=5.28536e-05 0.00409215 -0.000248391 0.00096831 0.00795405 0.00470222 -0.000827442 -0.00118184 0.000618685 -0.00364821 0.00158488 -0.00103839 0.000446084 0.000284555 0.00783292 0.00322818 0.00758139 0.00243458 0.0124127 0.00120462 0.000306195 0.000761552 0.00643123 0.00427434 0.00223183 -0.000651115 0.013591 -0.0115178 0.00107317 -0.00462568
internal_weight=517147 35160.1 481987 155238 14413.2 9329.92 326750 262559 64190.4 11422 52768.4 259874 126913 124433 5642.43 28324.4 3262.46 25061.9 5083.29 20746.9 16762.6 15994.4 2480.57 3984.33 3463.5 3687.49 4454.04 2684.95 629.248 768.205
internal_count=2075954 141755 1934199 622232 58499 37738 1311967 1054374 257593 46117 211476 1043561 508713 498765 22817 113519 13065 100454 20761 83256 67249 64166 9948 16007 13907 14921 18236 10813 2525 3083
is_linear=0
shrinkage=0.02


Tree=44
num_leaves=30
num_cat=0
split_feature=31 1 11 22 46 46 22 46 46 46 46 46 0 46 10 31 31 3 11 25 9 22 12 11 13 22 10 46 46
split_gain=1544.9 746.644 574.499 554.343 522.043 535.562 511.934 507.64 355.562 1260.67 593.771 474.849 354.631 346.751 322.181 237.441 179.189 222.858 146.594 146.282 143.445 121.522 98.326 85.427 71.6903 48.0882 37.4064 14.7952 1.71223
threshold=-0.077911309897899614 10.307584285736086 -0.10564022138714789 30.500000000000004 0.49857780337333685 0.50057384371757518 14.500000000000002 0.49854528903961187 0.49942737817764288 0.49980013072490698 0.50042408704757702 0.4994127899408341 0.79413476586341869 0.49921353161334997 -0.025735470466315743 -0.094982281327247606 -0.018350174650549885 0.027439922094345096 -0.051461197435855859 12.318100929260256 -0.12749613076448438 37.500000000000007 0.22831410914659503 -0.035811746492981904 0.12123548984527589 30.500000000000004 -0.11235033348202704 0.49916510283946997 0.50019323825836193
decision_type=2 2 2 2 2 2 2 2 2 2 2 2 2 2 2 2 2 2 2 2 2 2 2 2 2 2 2 2 2
left_child=2 12 20 6 7 -6 18 -5 11 15 -11 13 19 -4 -8 -10 21 -18 -3 22 27 -14 -2 -21 26 -13 -22 -1 -29
right_child=1 3 8 4 5 -7 14 -9 9 10 -12 25 16 -15 -16 -17 17 -19 -20 23 24 -23 -24 -25 -26 -27 -28 28 -30
leaf_value=-0.00088101593222595688 0.0020835957076265643 0.0025525157053198143 -0.00079742053256022061 0.00055517753930419637 -0.0017244103555756915 0.00018901143838689812 0.0072778050039736574 0.0086679632847406329 0.013403390801807597 -0.0015173265870060653 0.0040860272423645415 -6.46530924523087e-05 0.0046388066545672039 0.0064237976377227455 0.0017930388591446897 0.0041974286524568624 0.0039981497951805415 0.00030708808868807382 -0.0015486936245056252 0.0015693052600714388 0.012020222034966695 5.9644996462175071e-06 -0.0015086844297508429 -0.0020687858123961682 0.00087021663445790835 -0.0093824298522676292 0.0030475906547627069 0.0029071693559264457 0.00048533607449306954
leaf_weight=264.69245648384094 10531.668585166335 3580.4713308513165 9240.8316925317049 29589.195950269699 226034.33588010073 78638.364250972867 6132.2874010056257 2626.7259969860315 4166.8964371532202 13854.298179909587 14981.103191569448 259.84524710476398 1795.9109258949757 2815.7734520435333 13241.700956061482 2817.1426911205053 27158.52593845129 8731.850939065218 16287.617143407464 2441.8660741448402 3260.9033636748791 16193.308864817023 3480.9518329799175 15113.354018285871 468.38537921011448 1349.6220186948776 936.19294901192188 552.2544511705637 569.58320029079914
leaf_count=1060 42164 14358 37020 118704 907781 315656 24586 10532 16901 55576 60250 1044 7194 11306 53167 11292 108734 34966 65422 9781 13508 64858 13953 60541 1879 5426 3789 2219 2287
internal_value=5.23863e-05 -0.000328772 0.00317807 -0.000712381 -0.000974971 -0.00123137 0.00151516 0.00141959 0.00237662 0.00340351 0.00142695 -0.000355909 0.00135034 0.0011967 0.00375881 0.0105373 0.00232456 0.00312766 -0.000736183 -0.000329502 0.00864543 0.000654348 0.00115637 -0.00151425 0.0101416 -0.00841569 0.0108591 0.00168712 0.00241133
internal_weight=517116 461578 55537.5 376131 336889 304673 39242.1 32215.9 49485.5 35819.4 28835.4 13666.1 85447.4 12056.6 19374 6984.04 53879.6 35890.4 19868.1 31567.8 6052.01 17989.2 14012.6 17555.2 4665.48 1609.47 4197.1 1386.53 1121.84
internal_count=2075954 1852397 223557 1510206 1352673 1223437 157533 129236 198815 144019 115826 54796 342191 48326 77753 28193 215752 143700 79780 126439 24742 72052 56117 70322 19176 6470 17297 5566 4506
is_linear=0
shrinkage=0.02


Tree=45
num_leaves=30
num_cat=0
split_feature=5 9 3 46 46 46 31 8 41 46 46 46 9 46 46 8 31 46 46 31 46 46 12 32 31 34 7 4 14
split_gain=1511.52 1113.93 699.278 914.933 1870.69 1044.91 910.017 570.368 548.013 360.288 436.439 306.411 299.83 261.462 255.284 229.906 229.201 219.407 167.87 156.715 144.933 156.206 130.305 88.2429 83.9488 57.5905 45.6902 34.0303 27.7975
threshold=-0.068047665059566484 -0.063478134572505937 0.074528623372316374 0.50209569931030285 0.50182899832725536 0.50220662355422985 0.035552863031625755 -0.11603058129549025 3.0483000278472905 0.50182899832725536 0.50120273232460033 0.50254967808723461 -0.018898060545325276 0.50081467628479015 0.50085288286209118 -0.050000011920928948 0.1320733577013016 0.50062420964241039 0.50142759084701549 0.030066182836890224 0.49921353161334997 0.49894514679908758 0.15579534322023394 0.82737970352172863 0.0093042599037289637 1.0000000180025095e-35 0.026703904382884506 66.501708984375014 -0.094666756689548479
decision_type=2 2 2 2 2 2 2 2 10 2 2 2 2 2 2 2 2 2 2 2 2 2 2 2 2 2 2 2 2
left_child=1 13 3 4 6 -5 -2 20 -6 10 16 -7 26 17 -15 -14 -4 22 -16 27 21 -3 -1 -12 -19 -21 -9 -11 -22
right_child=2 7 9 5 8 11 -8 12 -10 19 23 -13 15 14 18 -17 -18 24 -20 25 28 -23 -24 -25 -26 -27 -28 -29 -30
leaf_value=0.0021236200986382969 -0.0005078967344445439 0.0058533436873465542 -0.0013620476682803557 0.017126354060314576 -0.014190459017599792 -0.0037970351609113635 0.0018103543652390605 0.002045830947373714 0.0044193954170908337 0.0013275926986951638 0.0046858140366541935 0.0051734997916174268 0.0087377304220838687 0.011131621604241044 -0.0013557597030308495 0.0019903310465864991 -0.004130572107606219 -0.0073862563386638729 0.0046528322820350186 -0.010543578054035671 0.011965189834357841 -0.0041011072248302825 -0.00058607383258308158 -0.00033088067274718134 0.0013671234150247852 -0.0025327279557359628 -0.0010000639840076647 -0.0027466603635830679 0.001329237245147158
leaf_weight=10650.581566661596 244617.08412568271 484.94684264063835 84690.795161679387 1823.3982095569372 3827.1849684715271 2071.9035184383392 92711.263767287135 2733.9726709872484 340.36565147340298 802.09250293672085 4465.8852285295725 2404.9301846325397 4760.5336166471243 839.17545059323311 2969.29855209589 4149.8910774439573 13533.098112761974 1236.6876856833696 3096.6140247434378 2075.0978664755821 6340.3696295917034 415.03266498446465 17899.350865900517 1763.2575025558472 263.2801089733839 1175.5968598276377 3618.3935843557119 991.82109095156193 327.63273695111275
leaf_count=42786 980988 1946 340631 7318 15512 8304 371640 10963 1366 3238 17888 9636 19201 3388 11906 16649 54513 4963 12466 8438 26001 1662 71799 7079 1056 4766 14517 4010 1324
internal_value=5.33366e-05 0.00302103 -0.000339466 0.000100399 -4.76066e-05 0.0071872 0.000132153 0.00641089 -0.0121851 -0.00172677 -0.00144233 0.00107752 0.00383181 0.000831074 0.0041083 0.00603641 -0.0017752 -1.2937e-05 0.00190377 -0.00657211 0.0107119 0.00149795 0.000456451 0.00339467 -0.00590992 -0.00875928 0.000396278 -0.00108174 0.0116494
internal_weight=517080 59785.8 457294 347796 341496 6300.23 337328 22830.8 4167.55 109498 104453 4476.83 15262.8 36955 6905.09 8910.42 98223.9 30049.9 6065.91 5044.61 7567.98 899.98 28549.9 6229.14 1499.97 3250.69 6352.37 1793.91 6668
internal_count=2075954 240627 1835327 1394764 1369506 25258 1352628 92263 16878 440563 420111 17940 61330 148364 27760 35850 395144 120604 24372 20452 30933 3608 114585 24967 6019 13204 25480 7248 27325
is_linear=0
shrinkage=0.02


Tree=46
num_leaves=29
num_cat=0
split_feature=31 41 1 11 22 41 32 3 9 12 5 8 1 41 31 41 9 31 41 18 7 4 1 1 7 22 31 45
split_gain=1477.68 948.052 834.472 564.505 446.449 367.233 298.021 268.021 192.002 181.955 177.69 163.109 137.051 86.7919 83.8368 93.6605 65.6554 44.4319 37.6699 31.9945 24.7659 24.6549 18.8469 16.2967 9.45949 7.04043 6.97239 4.06689
threshold=-0.10966234281659125 -3.5171999931335445 10.391848564147951 -0.017763705924153324 30.500000000000004 0.70394998788833629 0.8548923432826997 -0.049081467092037194 -0.062288641929626458 0.12240501120686532 -0.057800913229584687 -0.11805254593491553 12.145907878875734 -5.8871500492095938 -0.16425389796495435 -2.7653499841690059 -0.00070324909756891419 -0.099548619240522371 -3.0253500938415523 13.45165014266968 0.015772760845720771 39.654022216796882 13.69011974334717 13.0781307220459 0.026461507193744186 645.50000000000011 -0.11325447261333464 878.50000000000011
decision_type=2 8 2 2 2 8 2 2 2 2 2 2 2 8 2 10 2 2 10 2 2 2 2 2 2 2 2 2
left_child=7 12 5 4 -4 10 -5 8 14 -7 -3 13 17 -10 19 -16 25 -2 -13 -1 -19 24 26 -23 -14 27 -18 -9
right_child=1 2 3 6 -6 9 -8 16 11 -11 -12 18 21 -15 15 -17 22 20 -20 -21 -22 23 -24 -25 -26 -27 -28 -29
leaf_value=8.3356095265080177e-06 0.00016988977393103555 0.0032444053815550316 0.0036070407636338122 -0.00097535430434537594 -6.3907852585314939e-05 0.0041612775924248467 -0.0029339647892323607 -0.002737206216709206 -0.00013817966020279797 0.0014596396641755464 -8.7910327359876379e-05 0.00091122625679961424 0.00027582156258397744 0.011598431051740367 -0.0012148820189321907 0.0034944211577419074 0.0031206877087473174 0.00084537185115810725 0.005367336409245858 0.0073353813977818276 0.0093468672985810332 0.0016527860268255527 -0.00084615769446286281 -0.0011925852995980921 0.0041808289440573463 0.00018197347224360578 2.8648785794811402e-05 -1.6624800004601138e-05
leaf_weight=268.17039507627487 276.93758724629879 6419.6790952384472 14064.775481626391 217211.65310619771 119398.09191647172 18895.356822937727 35875.298244550824 984.26341840624809 244.46610890328884 23085.966962918639 53894.296460807323 1504.2349774390459 421.63135363161564 4195.5238879919052 2173.8541692346334 3620.8675795197487 2140.8392380774021 323.76561151444912 2496.0243736505508 1485.8540273755789 3863.3202054947615 771.89798763394356 283.98234570026398 799.83593238890171 1349.7754887193441 388.15150782465935 341.67031781375408 262.76256497204304
leaf_count=1081 1129 25736 56411 872160 479121 75692 144545 3949 1018 92454 215874 6073 1691 17319 8759 14583 8585 1297 10076 6027 15534 3095 1138 3208 5417 1557 1370 1055
internal_value=5.32819e-05 -0.000167308 -0.00028294 -0.000708132 0.000343023 0.00131645 -0.00126176 0.00522082 0.00637274 0.00273326 0.000306333 0.00843459 0.00639869 0.0110326 0.00345505 0.00179724 0.00068638 0.00850922 0.00413984 0.00658042 0.00894026 0.00244002 0.002325 0.000293044 0.00363882 -0.00193388 0.00281012 -0.0024016
internal_weight=517043 496652 488845 386550 133463 102295 253087 20390.7 15989 41981.3 60314 8440.25 7807.16 4439.99 7548.75 5794.72 4401.67 4464.02 4000.26 1754.02 4187.09 3343.14 2766.49 1571.73 1771.41 1635.18 2482.51 1247.03
internal_count=2075954 1993364 1961993 1552237 535532 409756 1016705 82590 64936 168146 241610 34486 31371 18337 30450 23342 17654 17960 16149 7108 16831 13411 11093 6303 7108 6561 9955 5004
is_linear=0
shrinkage=0.02


Tree=47
num_leaves=31
num_cat=0
split_feature=5 9 1 41 41 31 46 46 46 46 31 46 46 46 46 41 46 7 46 31 46 46 46 13 46 46 12 10 1 31
split_gain=1434.17 909.579 788.859 553.579 508.076 430.471 421.625 424.195 316.929 336.745 314.259 269.209 244.455 319.729 236.255 218.075 176.648 166.416 132.482 101.56 97.3369 90.2025 62.6206 58.3513 54.7137 113.781 47.1139 39.3762 22.5909 2.82441
threshold=-0.087482329457998262 -0.084647346287965761 11.773309230804445 1.0393499732017519 -3.6967499256134029 0.035552863031625755 0.50056466460227977 0.49981099367141729 0.49859915673732763 0.49737906455993658 0.12864790856838229 0.4993638694286347 0.50061729550361644 0.50113165378570568 0.49921353161334997 -2.4991500377655025 0.49885505437850958 0.043855698779225356 0.50081467628479015 -0.1044337823987007 0.50062420964241039 0.49921353161334997 0.49803002178668981 -0.075721822679042802 0.50095310807228099 0.50142759084701549 0.0072097973898053178 -0.090798653662204729 12.995766639709474 -0.027114692144095894
decision_type=2 2 2 10 8 2 2 2 2 2 2 2 2 2 2 8 2 2 2 2 2 2 2 2 2 2 2 2 2 2
left_child=1 18 3 4 19 -6 7 14 9 -5 12 -10 15 -14 -3 -4 22 27 20 -2 21 -1 -12 -18 -20 -26 -9 -8 -19 -22
right_child=2 6 10 8 5 -7 17 26 11 -11 16 -13 13 -15 -16 -17 23 28 24 -21 29 -23 -24 -25 25 -27 -28 -29 -30 -31
leaf_value=-0.0015679225484520982 -0.00087160141387172319 0.001474678166471301 0.0024319358836091087 -0.0034433485673839147 -0.00062788201565352781 0.001315225924962433 0.014008315351884067 -0.0037385833264276477 -0.0013280201830837099 0.0078280299273971211 -0.0024993898906079505 0.0023497089381452037 0.0021114311430004795 -0.0014594389066629834 0.01018763466167151 -0.001496464050646882 -0.00023952086506614706 0.0032044050000905179 0.0076833434221819487 0.0089021081484558385 -0.0050004659114420589 0.001586202730929609 0.0020292123300127227 -0.0049237346800871645 -0.0017071660661966068 0.0045170147948978712 0.00049496015943429413 0.0014111887502809004 -0.0010562387338282234 -0.00049307326746189542
leaf_weight=4394.1787682622671 331.31160342693329 2186.6539819538593 5169.1790750920773 775.35186779499054 168672.18967854977 61557.013539358974 3878.1860496550798 637.1745883077383 9395.6898420453072 5532.2447393983603 1158.323407754302 38492.178108155727 20680.749409034848 17994.933873936534 3570.9225460886955 132805.18160188198 1244.5047935396433 723.18122319877148 551.44913552701473 2196.0262959897518 490.00482927262783 11376.635402530432 2334.985622882843 13553.291841983795 1453.5854125022888 1904.2764076888561 3126.8526477962732 306.67875508964062 248.77957431972027 269.23185424506664
leaf_count=17606 1328 8762 20741 3106 676515 246806 15965 2597 37667 22162 4661 154346 82976 72322 14562 533729 4997 2931 2226 8811 1967 45674 9393 54639 5827 7661 12652 1244 1000 1081
internal_value=5.38642e-05 0.00390722 -0.000233238 0.000433474 6.91993e-06 -0.000105458 0.0075634 0.00442334 0.00223741 0.00620109 -0.0012123 0.00161768 -0.000943348 0.000454233 0.00748632 -0.00133549 -0.0036546 0.0119328 0.00108711 0.00772243 0.000229322 0.000672544 0.000334322 -0.00456381 0.00403342 0.0020194 -0.000771468 0.0134747 0.00212901 -0.00449998
internal_weight=517011 35117.8 481893 286952 232757 230229 14678.4 9521.6 54195.5 6307.6 194941 47887.9 176650 38675.7 5757.58 137974 18291.1 5156.83 20439.4 2527.34 16530.1 15770.8 3493.31 14797.8 3909.31 3357.86 3764.03 4184.86 971.961 759.237
internal_count=2075954 141755 1934199 1150741 933460 923321 59713 38573 217281 25268 783458 192013 709768 155298 23324 554470 73690 21140 82042 10139 66328 63280 14054 59636 15714 13488 15249 17209 3931 3048
is_linear=0
shrinkage=0.02


Tree=48
num_leaves=30
num_cat=0
split_feature=31 41 41 3 11 31 31 1 9 8 31 22 9 41 41 9 3 1 31 12 9 4 3 10 9 3 14 7 24
split_gain=1416.76 701.629 695.51 539.461 531.909 476.727 410.872 323.733 302.339 693.764 256.15 206.245 182.416 152.105 138.901 133.236 92.0674 90.415 83.3086 60.0541 28.3781 12.5514 10.4153 6.34271 5.52608 4.11423 3.2101 2.9074 1.94327
threshold=-0.077911309897899614 -3.6967499256134029 0.9101499915122987 0.066988375037908568 -0.10564022138714789 0.058062925934791572 0.12864790856838229 10.584027767181398 -0.035902189090847962 -0.091930165886878953 0.019307048059999946 30.500000000000004 0.0043381883297115573 inf -3.0253500938415523 -0.11760450899600981 -0.064340136945247636 12.656435966491701 -0.15052189677953717 0.58351206779479992 0.11564607173204423 44.194824218750007 -0.1191527135670185 -0.12800260633230207 -0.17808266729116437 -0.025166483595967289 1.7626459002494814 0.016315095126628879 80.526199340820327
decision_type=2 8 8 2 2 2 2 2 2 2 2 2 2 8 8 2 2 2 2 2 2 2 2 2 2 2 2 2 2
left_child=4 17 7 5 15 -4 -5 10 13 14 -3 -9 -11 16 -10 22 -6 20 -15 23 27 28 24 -17 -1 -21 -23 -2 -19
right_child=1 2 3 6 8 -7 -8 11 9 12 -12 -13 -14 18 -16 19 -18 21 -20 25 -22 26 -24 -25 -26 -27 -28 -29 -30
leaf_value=0.00025189307461741402 0.0010212621758112987 -0.00077580291066244185 0.00056055325054459807 -0.00024479227807729266 0.0022260131990176936 0.0034110994971684482 -0.0043954555080337925 0.00046228610774798096 -0.00040636688925903454 -0.0015675503336116448 0.001694994111659337 -0.0017254176889228187 0.0026887712536049629 0.0024303988902794221 0.0094599911133755963 0.012161363009621836 -0.0010403971385177149 0.0027278415517894717 -0.0030424641752262245 0.0020238605557515318 0.00093863905850612411 -0.00093270923287013321 -0.00048693785514156179 0.0040509335309723907 0.0030937643137677628 -0.00021020453280377668 0.00057268295188512468 0.0087546984674113995 0.000189848725667135
leaf_weight=525.27256605029106 261.2304839193821 49057.317370325327 105022.39058588445 47800.95988689363 13800.653423622251 29560.873742341995 11116.264646396041 18820.080569684505 545.64122086763382 4867.4321695119143 24453.813675671816 170250.26107262075 14237.892507016659 720.88079364597797 6498.5789313912392 2601.3102395087481 3965.4760966300964 743.06176045536995 4819.1432220637798 366.71133558452129 448.60225732624531 427.30756710469723 294.43579404056072 1223.8336301445961 763.08880460262299 255.11884464323521 285.61267919838428 2971.3821423351765 276.25047093629837
leaf_count=2108 1047 196582 421070 192236 55519 118515 44816 75582 2220 19501 97899 683971 57059 2914 26342 10881 15899 2979 19361 1490 1798 1714 1180 4987 3073 1023 1146 11935 1107
internal_value=5.41207e-05 -0.000310807 -0.000401308 0.000507271 0.00304888 0.0012039 -0.00107858 -0.00107034 0.00227851 0.00372134 5.5937e-05 -0.00150657 0.00158403 0.000586644 0.00873361 0.00831865 0.00148285 0.00634583 -0.00210445 0.00991218 0.00789558 0.00155187 0.0019601 0.0107606 0.00249148 0.00151178 -0.000345182 0.00846885 0.00243662
internal_weight=516981 461495 456082 193500 55485.5 134583 58917.2 262581 49455.7 26149.5 73511.1 189070 19105.3 23306.2 7044.22 6029.77 17766.1 5413.45 5540.02 4446.97 3681.21 1732.23 1582.8 3825.14 1288.36 621.83 712.92 3232.61 1019.31
internal_count=2075954 1852397 1830671 776637 223557 539585 237052 1054034 198815 105122 294481 759553 76560 93693 28562 24742 71418 21726 22275 18381 14780 6946 6361 15868 5181 2513 2860 12982 4086
is_linear=0
shrinkage=0.02


Tree=49
num_leaves=26
num_cat=0
split_feature=31 11 46 46 46 1 46 46 6 0 46 46 0 46 46 46 46 46 31 31 5 25 38 1 5
split_gain=1379.59 863.628 943.684 1346.34 933.833 506.032 452.015 1058.1 327.36 330.029 318.941 624.808 271.296 252.895 247.777 472.139 286.615 210.935 172.124 127.501 120.377 117.887 85.9051 55.528 45.0541
threshold=-0.10966234281659125 -0.017763705924153324 0.50209569931030285 0.50182899832725536 0.50081467628479015 10.391848564147951 0.50042009353637706 0.50037893652915966 6.596410036087037 0.83013510704040538 0.50086280703544628 0.50120273232460033 0.79413476586341869 0.50114527344703685 0.49920678138732916 0.49980013072490698 0.49894514679908758 0.49737906455993658 0.12250214442610742 0.14259918034076693 -0.020794220268726345 12.291539669036867 -2910.7199707031245 13.133769989013674 0.069572854787111296
decision_type=2 2 2 2 2 2 2 2 2 2 2 2 2 2 2 2 2 2 2 2 2 2 8 2 2
left_child=6 2 3 4 -2 12 7 14 9 -7 23 13 21 -12 16 -16 -1 -14 22 -5 -13 -3 -4 -8 -10
right_child=1 5 18 19 -6 8 10 -9 24 -11 11 20 17 -15 15 -17 -18 -19 -20 -21 -22 -23 -24 -25 -26
leaf_value=0.0035982373863926525 0.00033354546325021784 0.00072370129354777592 0.0010060144407755566 -0.013094611832465557 0.0045541171039094634 -0.0022290514869845869 0.014357017482908305 -0.010630364047258201 -0.0019800132810825826 -0.00050714976328515582 0.0013795888851169946 0.010213676407642414 -0.0061497347398328656 -0.011409708023590917 0.0099776771891556034 0.0011266800766255971 -0.0067617468758262864 0.0018289704692156809 -0.0017694005131788024 0.00033418374676577747 -0.00031074192154024403 -0.0020557054988435022 0.011035261345034297 0.0012008025969638112 -0.004234421710859566
leaf_weight=1965.4870425909758 140391.5106882602 9567.2565215826035 562.9629577845335 2202.6850144714117 23848.685428380966 59327.493461757898 2514.6530723720789 1296.1296937763691 8072.6309687495232 174271.85968895257 946.57881717383862 2180.0346845984459 562.85319478809834 369.83680783212185 4838.0069840401411 4608.302280113101 891.33031497895718 45516.311673283577 288.83526000380516 266.42313046753407 451.03146812319756 14512.22533325851 3741.4861584603786 302.37983211874962 13450.12429638207
leaf_count=7877 563229 38319 2261 8919 95595 238215 10260 5197 32533 699908 3826 8963 2253 1495 19736 18635 3573 182286 1162 1077 1807 58141 15078 1221 54388
internal_value=5.44637e-05 -0.000158583 0.000987789 0.000716751 0.000966405 -0.000763287 0.00505081 0.00266529 -0.00117622 -0.00095087 0.00902437 0.00399246 0.000734425 -0.00525241 0.00465439 0.00610337 -0.000433927 0.00162343 0.0091969 -0.0119276 0.00876977 -0.000964133 0.0101014 0.0135441 -0.00349476
internal_weight=516947 496583 171303 166709 164240 325281 20363.8 13599.3 255122 233599 6764.51 3947.48 70158.6 1316.42 12303.1 9446.31 2856.82 46079.2 4593.28 2469.11 2631.07 24079.5 4304.45 2817.03 21522.8
internal_count=2075954 1993364 687321 668820 658824 1306043 82590 55018 1025044 938123 27572 16091 280999 5321 49821 38371 11450 184539 18501 9996 10770 96460 17339 11481 86921
is_linear=0
shrinkage=0.02


Tree=50
num_leaves=30
num_cat=0
split_feature=5 9 1 8 31 3 46 46 46 46 46 46 46 46 31 27 27 46 46 46 46 31 46 46 46 31 9 5 13
split_gain=1342.19 1075.72 645.956 604.319 499.833 637.304 625.114 780.617 420.982 320.571 300.107 364.408 289.214 284.682 269.718 233.272 533.085 193.45 176.462 169.078 167.675 155.744 150.302 120.529 131.238 111.782 83.0973 59.161 54.6619
threshold=-0.062123158946633332 -0.054434288293123238 11.773309230804445 -0.11603058129549025 0.027774404734373096 0.052307408303022392 0.50209569931030285 0.50182899832725536 0.49859915673732763 0.50081467628479015 0.50081467628479015 0.50085288286209118 0.50220662355422985 0.50062420964241039 0.12864790856838229 153.50000000000003 56.500000000000007 0.50142759084701549 0.50081467628479015 0.50057384371757518 0.49885505437850958 -0.060609528794884675 0.50182899832725536 0.49921353161334997 0.49894514679908758 0.021567014046013359 -0.020359116606414315 0.089589454233646407 -0.075721822679042802
decision_type=2 2 2 2 2 2 2 2 2 2 2 2 2 2 2 2 2 2 2 2 2 2 2 2 2 2 2 2 2
left_child=1 10 4 23 6 8 7 -2 -6 21 13 -12 -8 19 15 16 -4 -13 -17 -1 27 -5 -7 24 -3 -15 -11 -16 -22
right_child=2 3 14 9 5 22 12 -9 -10 26 11 17 -14 25 20 18 -18 -19 -20 -21 28 -23 -24 -25 -26 -27 -28 -29 -30
leaf_value=4.2870863851796202e-05 -0.00035594305516040744 0.0055399365620874465 -0.001920929434675935 0.0043044066466258772 0.0070182949662992399 -0.00053130032992722536 0.014106887163337609 -0.011004936992324446 0.0019622983681930272 0.0020840452130875598 0.011896788083911846 -0.0014127659727637709 0.0019106476685707505 -0.0078037771561287796 0.0023287057307636509 -0.0017450310119009036 0.0027002405204374414 0.00453301665783294 0.00027767656435932666 0.0057050159197526255 -0.00020014515609538221 0.00016529680390162308 -0.0065305635127674115 0.011744185573937048 -0.0038434876180596716 0.0018301055477666786 0.0096688701416075742 -0.0019861992586998355 -0.0047829022394820907
leaf_weight=33341.870495542884 168195.83657665551 407.47048018872738 19474.147832468152 5749.1529102325439 6916.8972844779491 29683.986957326531 814.99974627792835 1963.6222239732742 54971.139711305499 1340.3171067088842 1040.6413189768791 3652.4431287646294 2072.623496234417 1615.1030240505934 1879.2285016477108 104787.7657867223 18821.359291613102 3685.0659564435482 20366.702111616731 1415.4122039377689 1205.0643806010485 8275.7516180723906 949.54738625884056 5758.7961277812719 355.24985219538212 257.65947215259075 2986.5622137188911 1568.0037490129471 13360.013370290399
leaf_count=133870 674497 1637 78285 23128 27700 119168 3276 7969 220274 5383 4213 14656 8317 6483 7551 421292 75554 14867 81789 5693 4839 33175 3848 23734 1423 1033 12074 6322 53904
internal_value=5.33968e-05 0.00261387 -0.000351002 0.00587924 0.000277502 0.00145726 -0.000357241 -0.000532144 0.00261357 0.0037196 0.000734825 0.00396095 0.00775118 -7.50816e-05 -0.00126787 -0.00100046 0.000359418 0.00173167 -0.0014162 0.000402309 -0.00354205 0.00200907 -0.000886164 0.0108413 0.00144445 -0.00632187 0.00803868 0.000361123 -0.00443533
internal_weight=516912 69881.5 447031 24873.3 265569 92521.6 173047 170159 61888 18351.8 45008.2 8378.15 2887.62 36630 181462 163450 38295.5 7337.51 125154 34757.3 18012.3 14024.9 30633.5 6521.52 762.72 1872.76 4326.88 3447.23 14565.1
internal_count=2075954 281369 1794585 100554 1065049 370990 694059 682466 247974 73760 180815 33736 11593 147079 729536 656920 153839 29523 503081 139563 72616 56303 123016 26794 3060 7516 17457 13873 58743
is_linear=0
shrinkage=0.02


Tree=51
num_leaves=29
num_cat=0
split_feature=31 41 41 5 46 46 46 12 9 8 9 31 25 9 46 9 46 31 46 46 46 46 46 46 29 46 46 46
split_gain=1312.98 675.228 673.247 553.319 501.188 1230.53 644.525 492.407 442.45 684.071 375.777 362.645 352.921 211.634 192.712 168.973 146.908 146.696 138.466 223.807 171.954 89.392 61.6201 68.2513 31.7691 29.4878 12.0312 11.486
threshold=-0.077911309897899614 -3.6967499256134029 1.0393499732017519 -0.10580788180232047 0.50182899832725536 0.50209569931030285 0.50081467628479015 0.2454413175582886 -0.027943550609052178 -0.074040602892637239 -0.13124650716781613 0.12864790856838229 13.334399700164797 -0.0043480023741722098 0.49803002178668981 0.025731998495757583 0.50037756562232982 0.013444097712635996 0.49956034123897558 0.49980013072490698 0.4994127899408341 0.49960190057754522 0.49921353161334997 0.49889759719371801 1.0000000180025095e-35 0.49921353161334997 0.50019323825836193 0.49878941476345068
decision_type=2 8 8 2 2 2 2 2 2 2 2 2 2 2 2 2 2 2 2 2 2 2 2 2 2 2 2 2
left_child=3 14 4 10 6 -6 -3 12 18 13 25 -9 -4 -10 -2 -11 21 -18 20 -20 -5 -16 23 -12 -24 27 -27 -1
right_child=1 2 7 8 5 -7 -8 11 9 15 22 -13 -14 -15 16 -17 17 -19 19 -21 -22 -23 24 -25 -26 26 -28 -29
leaf_value=0.00058977522882273795 0.012737196313805283 -0.0012392889865676889 0.0029160086103472657 -0.00060641510139781345 -0.014155580868560587 0.0005126575181216604 0.001636932582341815 0.00011391523957056118 0.0039605186233990924 -0.0018192224694559614 0.004198599474233765 -0.0033841435723156923 0.00016358597832734687 0.011177578515025157 0.0022624938295529706 0.0024232148762733485 0.0084736042755710599 -0.00071209033305509302 0.0054568944717849049 -0.00035571006226455871 -0.0078151516090961045 -0.0039005629374561021 0.0014206978201610173 -0.0028112337013534282 0.010647760818347476 0.0030592694741222379 0.00042790064586673959 -0.0025255316038658529
leaf_weight=379.12526036798954 733.28088128566742 229060.82037252188 44039.12716178596 5562.2634666860104 3058.2912800163031 5406.1634205430746 35311.001339554787 94387.494552969933 4663.4308652728796 4814.5921571850777 386.81667451560497 12711.880038887262 32046.296796411276 3968.3258282095194 1408.8827987909317 10832.829560890794 1685.3107070326805 791.87145787477493 2522.7129826545715 12114.832907736301 971.12373425066471 791.71731372177601 441.97928802669048 253.4073720574379 5427.0615178495646 1333.6702625304461 1492.4664989858866 279.43411496281624
leaf_count=1517 2955 919623 176412 22299 12468 21777 141490 379130 18823 19288 1552 51237 128534 16054 5644 43415 6777 3176 10196 48642 3915 3174 1831 1015 22534 5360 5995 1121
internal_value=5.38126e-05 -0.000297428 -0.000386218 0.00293795 -0.00101465 -0.0055844 -0.000851163 0.000550128 0.0019274 0.00372278 0.00702912 -0.000324305 0.00177114 0.00797382 0.00623397 0.00109166 0.00343474 0.00609889 -0.000194844 0.000887117 -0.00244442 -0.000418431 0.00960922 0.00140235 0.0102173 0.00128112 0.00208554 -0.00140505
internal_weight=516876 461432 456021 55444.1 272836 8464.45 264372 183185 45450.1 24279.2 9993.96 107099 76085.4 8631.76 5411.06 15647.4 4677.78 2477.18 21170.9 14637.5 6533.39 2200.6 6509.26 640.224 5869.04 3484.7 2826.14 658.559
internal_count=2075954 1852397 1830671 223557 1095358 34245 1061113 735313 182632 97580 40925 430367 304946 34877 21726 62703 18771 9953 85052 58838 26214 8818 26932 2567 24365 13993 11355 2638
is_linear=0
shrinkage=0.02


Tree=52
num_leaves=29
num_cat=0
split_feature=5 46 12 25 22 22 22 22 31 46 27 46 46 41 46 46 46 46 45 15 41 46 46 22 18 14 22 3
split_gain=1280.32 728.723 728.589 415.601 392.518 437.006 425.097 352.194 306.451 283.815 269.045 244.838 231.095 213.731 167.117 294.176 161.052 137.553 135.881 130.156 119.441 109.473 339.387 95.1984 64.3511 55.6609 49.0785 2.20622
threshold=-0.087482329457998262 0.50081467628479015 0.15579534322023394 12.808650970458986 30.500000000000004 72.500000000000014 207.50000000000003 14.500000000000002 -0.079110726714134202 0.49859915673732763 185.50000000000003 0.49920678138732916 0.50209569931030285 0.81014999747276317 0.4998143613338471 0.49921353161334997 0.49844005703926092 0.50056466460227977 12.500000000000002 2.6833499670028691 -1.8189499974250791 0.50317525863647472 0.50114527344703685 30.500000000000004 28.291399955749515 0.32325696945190435 8.5000000000000018 -0.10299978405237196
decision_type=2 2 2 2 2 2 2 2 2 2 2 2 2 10 2 2 2 2 2 2 8 2 2 2 2 2 2 2
left_child=1 8 3 13 7 10 -7 20 14 16 -6 -9 -11 19 15 -1 -5 -16 27 -2 -4 22 -20 26 -25 -15 -10 -3
right_child=2 18 4 9 5 6 -8 11 23 12 -12 -13 -14 25 17 -17 -18 -19 21 -21 -22 -23 -24 24 -26 -27 -28 -29
leaf_value=0.00026968256203596902 0.0021723886620557764 0.00035804843433531833 0.0035905640315485755 0.0010874214207182279 -0.00064337669854854646 0.00061767474656171579 -0.0011957439487313532 -0.00073098619795102014 -0.00047370645093918666 -0.00042897528636153692 -0.0037832989064397007 0.004441369152378246 0.0054451690152587662 0.004937311338268289 -0.00054835015349311434 0.0092853133112791673 0.0065322256748835961 0.005911247055869857 0.011137539432829659 -0.00022697558461184323 -0.0013249087351784215 0.015290634087951871 0.0019373640788228588 0.0011500051103716441 -0.0014933039101536138 0.00082849010969815158 0.0050521132352894784 -0.0010165916742768308
leaf_weight=2164.5666275620461 32599.881645008922 250.41129989922047 1424.8187126368284 5915.492569103837 17065.957316085696 73792.372055932879 168621.20786944032 4657.1158629655838 729.77567504346371 86411.339244067669 31551.850722566247 13247.830639466643 1927.7772086411715 11190.977301284671 4075.2283585071564 3872.9407144337893 3039.4024188965559 1030.0764180272818 2766.4990753978491 12191.771408289671 16228.986629441381 1045.8297602236271 3676.9844746589661 5258.6285248100758 8643.7325993329287 1908.4545475393534 1293.2122746258974 253.53783674538136
leaf_count=8676 130589 1011 5725 23700 68567 296488 677338 18694 2924 346680 126779 53175 7742 44864 16543 15884 12175 4223 11278 48837 65201 4419 14871 21077 34651 7645 5179 1019
internal_value=5.38047e-05 0.00369764 -0.000217332 0.000907875 -0.000752953 -0.000995623 -0.000643495 0.00121035 0.00199855 0.000104968 -0.00271071 0.00312341 -0.000250831 0.00223651 0.00441523 0.00647988 0.00333626 0.0014042 0.00871593 0.0015271 -0.000783442 0.00932985 0.00671447 0.000171421 -0.000484837 0.00442456 0.00350323 -0.000535461
internal_weight=516837 35061.4 481775 155185 326590 291031 242414 35558.8 27068.2 97294 48617.8 17904.9 88339.1 57891.1 11142.8 6037.51 8954.89 5105.3 7993.26 44791.7 17653.8 7489.31 6443.48 15925.3 13902.4 13099.4 2022.99 503.949
internal_count=2075954 141755 1934199 622232 1311967 1169172 973826 142795 109157 390297 195346 71869 354422 231935 45326 24560 35875 20766 32598 179426 70926 30568 26149 63831 55728 52509 8103 2030
is_linear=0
shrinkage=0.02


Tree=53
num_leaves=25
num_cat=0
split_feature=31 41 1 41 46 46 6 46 46 46 11 46 41 46 46 46 46 46 11 5 1 11 46 46
split_gain=1253.05 842.429 721.501 495.214 433.654 953.896 371.446 343.23 335.036 606.872 303.455 279.964 275.123 255.442 249.332 231.974 454.76 278.504 213.912 113.641 57.8131 42.8175 42.1525 19.6954
threshold=-0.10966234281659125 -3.5171999931335445 11.125028133392336 1.0899000167846682 0.50049507617950451 0.50037893652915966 8.3315796852111834 0.49708002805709844 0.50086280703544628 0.50120273232460033 -0.042121438309550278 0.49810646474361425 -0.28124999999999994 0.50254967808723461 0.50085288286209118 0.49920678138732916 0.49980013072490698 0.49894514679908758 -0.022321389988064762 -0.020794220268726345 13.133769989013674 0.013741245958954098 0.50038918852806102 0.5004158914089204
decision_type=2 8 2 10 2 2 2 2 2 2 2 2 10 2 2 2 2 2 2 2 2 2 2 2
left_child=4 11 3 7 5 15 10 -3 20 12 -4 -2 -10 14 -13 17 -17 -1 -5 -11 -6 -8 -7 -24
right_child=1 2 6 18 8 22 21 -9 9 19 -12 13 -14 -15 -16 16 -18 -19 -20 -21 -22 -23 23 -25
leaf_value=0.0035220965617808616 0.013612281863778782 -0.0080365508834452284 0.00062852541033724129 0.0057147687312994171 0.014292920677020924 -0.011782040839587265 -0.0020206136631383434 0.00029830027013341985 -0.0091237759327572332 0.0098842756902624614 -0.0010346358377896112 0.0033973204048872224 0.004202087810334652 0.010707737302391463 -0.0051225374506032578 0.0096642985914025745 0.00099562380337651652 -0.0066918002318296669 0.0018921472490371677 -0.00031767923141090066 0.0011161285333531731 -0.0043724064657913106 0.0009564394331465488 -0.0031800986045636102
leaf_weight=1965.0892050713301 902.44860792160034 1163.2839583605528 54407.52090357244 7196.6247419416904 2404.1277279406786 782.87299166619778 7509.3046700358391 163001.82252188027 965.52644595503807 2170.0704023689032 216021.14866134524 5072.1250985860825 349.68792539834976 825.88759006559849 994.56803956627846 4823.7625562697649 4603.4660942852497 891.0965551584959 28147.645309746265 450.97636951506138 295.56605733931065 11241.726607576013 256.52599231898785 364.33182395994663
leaf_count=7877 3636 4659 218362 28878 9853 3140 30213 653442 3890 8963 868187 20372 1431 3369 3994 19736 18635 3573 112764 1807 1195 45488 1028 1462
internal_value=5.49399e-05 -0.000147959 -0.000256934 0.000666606 0.00482137 0.00251744 -0.000894188 0.000198734 0.00875848 0.00374031 -0.000699112 0.00604585 -0.00532368 0.00368738 0.00154839 0.00445354 0.00585804 -0.000458998 0.00278481 0.00847672 0.0134566 -0.00355732 -0.00975684 -0.00190233
internal_weight=516807 496484 488689 199509 20323.1 13687.1 289180 164165 6635.95 3936.26 270429 7795.03 1315.21 6892.58 6066.69 12283.4 9427.23 2856.19 35344.3 2621.05 2699.69 18751 1403.73 620.858
internal_count=2075954 1993364 1961993 799743 82590 55451 1162250 658101 27139 16091 1086549 31371 5321 27735 24366 49821 38371 11450 141642 10770 11048 75701 5630 2490
is_linear=0
shrinkage=0.02


Tree=54
num_leaves=30
num_cat=0
split_feature=5 9 46 46 46 46 46 11 8 41 46 46 9 46 46 8 46 15 46 46 46 46 46 15 30 31 9 7 14
split_gain=1224.92 981.651 623.387 897.173 798.884 1266.8 919.289 600.448 494.383 420.072 373.383 315.543 274.283 227.182 248.602 209.806 204.738 169.503 153.109 149.283 124.899 123.868 151.323 114.239 113.025 81.4373 61.6862 44.2613 27.8985
threshold=-0.068047665059566484 -0.063478134572505937 0.49857780337333685 0.49854528903961187 0.49874234199523931 0.49885505437850958 0.49920678138732916 0.047853203490376479 -0.11603058129549025 -2.8967499732971187 0.49863183498382574 0.49877333641052252 -0.018898060545325276 0.50081467628479015 0.50085288286209118 -0.055289248004555695 0.50062420964241039 2.9600499868392949 0.50142759084701549 0.49671171605587011 0.50057384371757518 0.49921353161334997 0.49894514679908758 1.3331499695777895 1.0000000180025095e-35 0.0093042599037289637 0.19766645133495334 0.026703904382884506 -0.094666756689548479
decision_type=2 2 2 2 2 2 2 2 2 8 2 2 2 2 2 2 2 2 2 2 2 2 2 2 10 2 2 2 2
left_child=1 13 3 7 10 11 -7 9 21 -2 17 -6 27 16 -15 -14 20 -4 -16 -9 -1 22 -3 -12 26 -18 -5 -10 -23
right_child=2 8 4 24 5 6 -8 19 12 -11 23 -13 15 14 18 -17 25 -19 -20 -21 -22 28 -24 -25 -26 -27 -28 -29 -30
leaf_value=-7.3359970680351863e-06 0.011523826402084271 0.0057080336944688882 0.0020332689472591248 0.011742320104518882 0.0016295875599277615 -0.0033508690022601988 -0.00021137383504327947 -0.0073479011907901758 0.0018897062402952062 0.0016895769340251234 -0.001702047084873277 0.0093053067883972392 0.0084017636930248055 0.010645553220304846 -0.0014718151991448146 0.0019956996921986678 -0.007258737596791489 -0.0042403231059763655 0.004244996549565179 -0.0016110330311809287 0.0051200982283626188 0.011118563834479346 -0.0040811653445695971 -0.0082963785275629049 0.00033338252298543855 0.0013528203039257509 0.0003357484241456018 -0.0011033178676166978 0.0011603366968916135
leaf_weight=27329.880436718464 1058.9588638693094 484.41027662158012 3310.967749491334 3233.8483728170395 3844.2766405940056 40969.84155036509 347973.49867646396 1823.7051807194948 2732.5883439034224 29087.840471610427 1782.7071094363928 5593.4310807138681 4427.2229236662388 834.48649397492409 2968.2488579750061 4465.1274636685848 1235.5793744027615 2132.399775147438 3089.1251719146967 8085.9651283919811 1204.4439330101013 6280.2378812730312 414.9691968858242 7468.4231306761503 483.09395200014114 263.28823928534985 251.84622536599636 3616.4188002645969 326.42675733566284
leaf_count=109740 4264 1946 13289 12958 15426 164527 1397306 7344 10963 116615 7153 22455 17924 3388 11906 17926 4963 8571 12466 32479 4845 26001 1662 29991 1936 1056 1013 14517 1324
internal_value=5.47926e-05 0.00272908 -0.000298674 0.00194154 -0.000540882 -0.000366584 -0.00054857 0.000941077 0.00591808 0.00233725 -0.00499159 0.00656658 0.00352325 0.000676788 0.00373478 0.00563393 -0.000107195 -0.000661886 0.00160495 -0.00315732 0.000348889 0.00993886 0.00140059 -0.00727259 0.0101151 -0.00580279 0.0111432 0.00025479 0.0108126
internal_weight=516773 59672.5 457101 44025.3 413076 398381 388943 40056.5 22747.4 30146.8 14694.5 9437.71 15241.4 36925.1 6891.86 8892.35 30033.2 5443.37 6057.37 9909.67 28534.3 7506.04 899.379 9251.13 3968.79 1498.87 3485.69 6349.01 6606.66
internal_count=2075954 240627 1835327 176609 1658718 1599714 1561833 160702 92263 120879 59004 37881 61330 148364 27760 35850 120604 21860 24372 39823 114585 30933 3608 37144 15907 6019 13971 25480 27325
is_linear=0
shrinkage=0.02


Tree=55
num_leaves=29
num_cat=0
split_feature=5 9 3 46 46 46 31 41 46 46 46 46 46 27 46 31 38 46 32 11 46 46 33 46 46 46 4 13
split_gain=1191.52 802.228 651.835 932.969 1913.66 1193.14 796.312 519.789 411.648 382.385 451.953 347.401 410.734 210.66 204.245 158.365 141.96 97.926 84.4359 83.5392 72.4618 79.8981 65.1723 38.9824 90.8618 36.5687 34.8671 11.0648
threshold=-0.089611556380987153 -0.09369358047842978 0.074528623372316374 0.50209569931030285 0.50182899832725536 0.50220662355422985 0.035552863031625755 3.0483000278472905 0.50254967808723461 0.50056466460227977 0.49981099367141729 0.50182899832725536 0.50120273232460033 157.50000000000003 0.49921353161334997 0.030066182836890224 -1531.7449951171873 0.50081467628479015 0.82737970352172863 -0.072443738579750047 0.50062420964241039 0.49921353161334997 124742.66796875001 0.50095310807228099 0.50142759084701549 0.50037369132041942 66.501708984375014 0.1004801280796528
decision_type=2 2 2 2 2 2 2 10 2 2 2 2 2 2 2 2 8 2 2 2 2 2 2 2 2 2 2 2
left_child=1 17 3 4 6 -5 -2 -6 -7 10 14 12 13 -4 -3 26 27 20 -14 -18 21 -1 -17 -19 -25 -12 -13 -11
right_child=2 9 11 5 7 8 -8 -9 -10 16 25 15 18 -15 -16 22 19 23 -20 -21 -22 -23 -24 24 -26 -27 -28 -29
leaf_value=-0.0017739031697691743 -0.00033257531953412398 0.0016015924728360288 1.8716369595971173e-05 0.017433738005995427 -0.013795046288020169 -0.0041413275415413137 0.0017917561391245082 0.0042370819693456586 0.005719925142377443 0.0030013185649341214 -0.0022553452517560645 0.0014434164366078229 0.004663427882934469 -0.0021146192801635454 0.0097169818393620742 -0.010292892506184061 0.01456296096624226 0.0065446303315373098 -0.0002518173935862203 0.0039725860511101189 -0.0041971762858374366 0.0013416793883220426 -0.0023023731411787526 -0.0018177103097213204 0.003943760596763898 0.0012473960547146224 -0.0026325164721278421 -0.00035399895466269374
leaf_weight=3918.8502517789602 267020.44532507658 2249.8830539286137 24545.395887643099 1985.0591434389353 4072.1295762211084 2473.3470648229122 95016.249515071511 348.49882309138775 2663.3715731054544 770.04121467471123 2693.9484868496656 825.9852652400732 4499.3766391128302 74325.427409037948 3640.6089633852243 2088.6748645603657 2911.3385723382235 473.84250175952911 1781.5832508206367 1204.5201882272959 664.2549574226141 10007.184557795525 1172.3682379424572 1278.0678605288267 1669.5069970339537 1149.2654417306185 990.50431390106678 306.69155241549015
leaf_count=15704 1071227 9018 98728 7984 16565 9918 380933 1399 10695 3160 10963 3337 18023 299346 14930 8522 12136 1921 7157 4936 2669 40188 4762 5123 6726 4642 4010 1232
internal_value=5.53044e-05 0.00368726 -0.000197904 0.0002016 5.43378e-05 0.00697582 0.000227799 -0.0119247 0.00105656 0.00698466 0.0040652 -0.00154319 -0.0012665 -0.00158928 0.00720278 -0.00628223 0.0111322 0.000765681 0.00340346 0.0126597 -1.23705e-05 0.000413949 -0.00847815 0.00343382 0.00159581 -0.00117183 -0.000908009 0.00230818
internal_weight=516746 32938 483808 373579 366457 7121.78 362037 4420.63 5136.72 14926.3 9733.71 110229 105152 98870.8 5890.49 5077.53 5192.59 18011.7 6280.96 4115.86 14590.3 13926 3261.04 3421.42 2947.57 3843.21 1816.49 1076.73
internal_count=2075954 133348 1942606 1498721 1470124 28597 1452160 17964 20613 61017 39553 443885 423254 398074 23948 20631 21464 72331 25180 17072 58561 55892 13284 13770 11849 15605 7347 4392
is_linear=0
shrinkage=0.02


Tree=56
num_leaves=23
num_cat=0
split_feature=31 41 41 46 5 46 46 46 25 41 5 9 31 46 46 46 46 46 31 46 9 4
split_gain=1181.13 629.338 641.344 492.353 481.53 479.191 1138.81 593.537 364.88 333.939 267.469 378.819 228.343 212.166 466.814 204.072 187.302 143.173 140.277 87.4242 83.2439 46.0516
threshold=-0.077911309897899614 -3.6967499256134029 0.9101499915122987 0.50254967808723461 0.074686668813228621 0.50182899832725536 0.50209569931030285 0.50081467628479015 12.291539669036867 -5.8871500492095938 -0.020230854861438271 -0.043750535696744912 0.12864790856838229 0.4998143613338471 0.49942737817764288 0.50042009353637706 0.49803002178668981 0.50037756562232982 0.013444097712635996 0.49960190057754522 -0.00070324909756891419 47.921087265014656
decision_type=2 8 8 2 2 2 2 2 2 10 2 2 2 2 2 2 2 2 2 2 2 2
left_child=3 16 5 9 8 7 -7 -3 -4 13 11 -11 -6 14 -1 -15 -2 19 -19 -18 -12 -5
right_child=1 2 4 21 12 6 -8 -9 -10 10 20 -13 -14 15 -16 -17 17 18 -20 -21 -22 -23
leaf_value=-0.0023166251880786994 0.012425023028259598 -0.0012225382875493938 0.0030404654292454899 0.013278721209600173 -0.00072565404444769287 -0.013763925903038566 0.00047704525851362148 0.0015849913127319959 0.00051293050346521384 0.0019481105793359875 -0.001892668743401289 0.0064784301103764366 -0.0046567996674736602 -0.0053673460460938027 0.0080264410371054494 0.00082543637456590523 0.0021836667368402814 0.0082528391381792906 -0.00071536327602326241 -0.0039150498076007132 0.0016091921537755055 0.00079548444450128534
leaf_weight=3375.4299963861704 730.8581375926733 220083.96631334722 26742.199115470052 1113.1388782262802 23086.671844407916 3024.6204568743706 5239.1094696074724 34137.750453516841 136308.13661403954 16581.069113090634 3371.4579643756151 14197.408617153764 7306.8523757010698 3698.9057139009237 2253.423065379262 3644.3700750023127 1408.6915956437588 1682.7907726913691 791.67167015373707 791.57377488911152 6895.1251001507044 245.35315826535225
leaf_count=13581 2955 883749 107194 4727 92943 12377 21115 136793 546985 66848 13522 57506 29515 14910 9129 14712 5644 6777 3176 3174 27637 985
internal_value=5.53349e-05 -0.000277696 -0.000363413 0.00279264 0.000509119 -0.00100602 -0.00552218 -0.000841561 0.000940905 0.00237383 0.00324276 0.00415416 -0.00177032 -0.000405378 0.00232718 -0.00252395 0.00603057 0.00329451 0.00592789 -0.000484492 0.000403069 0.0121881
internal_weight=516711 461335 455929 55375.7 193444 262485 8263.73 254222 163050 54017.2 41045.1 30778.5 30393.5 12972.1 5628.85 7343.28 5405.59 4674.73 2474.46 2200.27 10266.6 1358.49
internal_count=2075954 1852397 1830671 223557 776637 1054034 33492 1020542 654179 217845 165513 124354 122458 52332 22710 29622 21726 18771 9953 8818 41159 5712
is_linear=0
shrinkage=0.02


Tree=57
num_leaves=23
num_cat=0
split_feature=31 41 1 22 22 22 46 46 46 46 46 46 46 41 41 46 46 46 8 5 12 1
split_gain=1153.63 788.415 695.889 505.429 647.514 531.211 415.864 987.335 359.557 323.922 582.248 293.452 426.319 268.987 264.582 221.234 434.742 269.714 180.327 106.203 89.6161 52.1781
threshold=-0.10966234281659125 -3.3344500064849849 10.18336057662964 30.500000000000004 14.500000000000002 74.500000000000014 0.50042009353637706 0.50037893652915966 0.49810646474361425 0.50086280703544628 0.50120273232460033 0.50254967808723461 0.50085288286209118 -0.28124999999999994 0.81014999747276317 0.49920678138732916 0.49980013072490698 0.49894514679908758 0.011037532240152361 -0.020794220268726345 0.094130329787731185 13.133769989013674
decision_type=2 8 2 2 2 2 2 2 2 2 2 2 2 10 10 2 2 2 2 2 2 2
left_child=6 8 14 4 -4 -5 7 15 -2 21 13 12 -10 -11 18 17 -17 -1 -3 -12 -16 -8
right_child=1 2 3 5 -6 -7 9 -9 11 10 19 -13 -14 -15 20 16 -18 -19 -20 -21 -22 -23
leaf_value=0.0034356520534863234 0.013753456421350015 9.6839628053960305e-05 -0.00098671971843394281 -0.0025133843917320344 0.003864785484305756 -0.00048139405300052075 0.013739120690338126 -0.010456788717350861 0.0036876835125075258 -0.0090695329252523174 0.0095505025786245621 0.010764520315398669 -0.0064831777775233206 0.0041293092010720647 0.0053347377932256379 0.0093964460724723173 0.00092599954439604782 -0.0066176726087776765 0.0024810228858552366 -0.00031000736439696876 0.0022009472983983221 0.0011259653033267394
leaf_weight=1964.651943475008 968.9105611294508 43347.65584769845 21417.784863859415 61256.221977829933 21219.725160688162 304507.89527082443 2496.7922647744417 1295.7860009223223 6027.6171655058861 965.44502465426922 2159.1128362715244 872.6465405523777 1354.9686772078276 348.84669297933578 6585.6053299307823 4811.1995087265968 4600.9871170967817 890.8373209387064 17147.372979208827 450.91918347775936 11684.943337529898 301.80223985016346
leaf_count=7877 3913 173692 86058 246131 85175 1223260 10260 5197 24217 3890 8963 3570 5448 1431 26417 19736 18635 3573 68681 1807 46802 1221
internal_value=5.51011e-05 -0.000139459 -0.000253489 -0.000585896 0.00145568 -0.00082667 0.00463266 0.00236064 0.00540256 0.00844692 0.0035208 0.00324563 0.0013504 -0.00532194 0.00145806 0.0042964 0.00566999 -0.000489931 0.000797314 0.00818514 0.00351492 0.012952
internal_weight=516678 496391 487167 408402 42637.5 365764 20286.4 13563.5 9224.14 6722.92 3924.32 8255.23 7382.59 1314.29 78765.6 12267.7 9412.19 2855.49 60495 2610.03 18270.5 2798.59
internal_count=2075954 1993364 1956216 1640624 171233 1469391 82590 55018 37148 27572 16091 33235 29665 5321 315592 49821 38371 11450 242373 10770 73219 11481
is_linear=0
shrinkage=0.02


Tree=58
num_leaves=31
num_cat=0
split_feature=5 9 1 8 31 3 41 8 41 5 9 6 9 8 31 27 4 0 15 12 27 8 23 7 14 31 3 24 1 11
split_gain=1133.94 972.723 564.668 528.298 474.378 587.591 409.827 399.467 330.142 251.739 289.158 251.336 239.058 234.812 201.236 213.053 136.815 120.689 107.522 144.381 115.761 99.3362 50.396 49.8501 42.2959 27.5304 27.3605 22.2446 9.61777 8.00991
threshold=-0.062123158946633332 -0.052355265244841569 11.773309230804445 -0.11209907755255698 0.027774404734373096 0.043944198638200767 1.6319000124931338 0.011037532240152361 -3.5171999931335445 -0.12361526489257811 -0.1397505775094032 10.451240062713625 -0.013072650879621504 -0.058628793805837624 0.12864790856838229 153.50000000000003 51.980154037475593 0.70138594508171093 2.3073500394821171 0.15192328393459323 277.50000000000006 -0.14767216145992276 0.62452012300491344 0.027743753045797351 -0.051089925691485398 -0.15052189677953717 0.14463049173355105 109.36989974975587 13.320686817169191 -0.056572036817669862
decision_type=2 2 2 2 2 2 10 2 8 2 2 2 2 2 2 2 2 2 2 2 2 2 2 2 2 2 2 2 2 2
left_child=1 9 4 24 6 7 8 -6 -2 10 25 14 23 -14 15 -4 -7 -8 19 -11 -20 -12 -16 -5 28 -1 29 -28 -3 -13
right_child=2 3 11 12 5 16 17 -9 -10 18 21 26 13 -15 22 -17 -18 -19 20 -21 -22 -23 -24 -25 -26 -27 27 -29 -30 -31
leaf_value=0.0026725611852723447 0.0064930724447195007 0.010572741240603492 0.00058102469957053906 0.0019934043197073208 0.00053610055160252155 0.0017150491467660249 -0.0006136871282474422 0.0039660608968501831 -0.00075669131722609076 0.0032797377620279234 0.0082559906974359384 -2.3075438414597051e-06 0.0085220638628166322 0.0021878217047336993 0.0004377148914440468 -0.0011561347334798674 -0.001240076168293777 0.0036907389514486857 0.00089530712916498667 -0.00077042815057329339 -0.001950179465665849 0.00058538639875874881 -0.0033686840695319122 -0.0010270703746075168 0.00040830160013908325 -0.00041574961881234141 -0.0053900561366523455 -0.001325523788650257 0.0011065915291092962 -0.0022915031695764348
leaf_weight=606.97412422299385 1722.3576803952456 6270.1657981425524 36427.007630378008 3597.4851178228855 22356.232121497393 7229.9930222779512 3040.9349617213011 34978.692556634545 156925.51964215934 6252.9264796674252 3201.5277428925037 744.61961002647877 4258.7905184328556 5827.8415295630693 1328.6264694184065 118432.68272525072 27938.525739431381 11309.407354027033 8375.6224553138018 6481.3766249120235 14852.930626988411 973.35408475995064 14834.961838871241 3566.103915989399 246.65235131978989 5008.5025058686733 5633.738256290555 1313.9152694195509 253.82271052896976 2654.510638192296
leaf_count=2449 6922 25951 146351 14432 89575 29022 12195 140183 629583 25153 13099 2992 17246 23402 5345 476163 112210 45359 33624 26016 59625 3916 59851 14318 999 20095 22805 5316 1044 10713
internal_value=5.55454e-05 0.00241097 -0.000316048 0.00559717 0.000271579 0.00142099 -0.000346898 0.00265564 -0.000644288 0.000667608 0.00337212 -0.00117356 0.00344619 0.00531076 -0.000978043 -0.000746574 -0.000606756 0.00279497 -0.000128613 0.0012979 -0.000928663 0.00686456 -0.00304957 0.000539504 0.0100945 0.000221426 -0.00408987 -0.00484687 0.0103724 -0.00188994
internal_weight=516646 69774.1 446872 24020.9 265502 92503.4 172998 57334.9 158648 45753.2 9790.36 181370 17250.2 10086.6 171023 154860 35168.5 14350.3 35962.9 12734.3 23228.6 4174.88 16163.6 7163.59 6770.64 5615.48 10346.8 6947.65 6523.99 3399.13
internal_count=2075954 281369 1794585 97392 1065049 370990 694059 229758 636505 183977 39559 729536 69398 40648 687710 622514 141232 57554 144418 51169 93249 17015 65196 28750 27994 22544 41826 28121 26995 13705
is_linear=0
shrinkage=0.02


Tree=59
num_leaves=31
num_cat=0
split_feature=5 12 1 25 22 22 22 22 27 41 31 4 31 15 31 5 41 11 13 22 15 22 13 0 14 2 13 0 41 22
split_gain=1100.95 650.713 498.443 379.85 365.021 404.157 409.392 322.226 255.219 229.556 198.006 195.733 164.104 158.704 124.856 121.227 111.771 73.7659 69.0637 65.7739 59.0545 46.8405 45.0323 39.9114 39.3289 36.2603 34.4564 31.8581 21.3863 11.3091
threshold=-0.087482329457998262 0.15579534322023394 11.055343627929689 12.998509407043459 30.500000000000004 72.500000000000014 207.50000000000003 14.500000000000002 185.50000000000003 1.6901999711990359 -0.093194238841533647 62.963485717773445 0.054156091064214713 2.3390499353408818 -0.069620560854673372 -0.10968821868300437 -1.8189499974250791 -0.10564022138714789 -0.27953076362609858 34.500000000000007 2.7761499881744389 8.5000000000000018 -0.05229478329420089 0.65826773643493663 -0.21913871169090268 1.325000047683716 0.22697518765926364 0.4446504563093186 inf 223.50000000000003
decision_type=2 2 2 2 2 2 2 2 2 10 2 2 2 2 2 2 8 2 2 2 2 2 2 2 2 2 2 2 8 2
left_child=2 3 15 9 7 8 -7 16 -6 13 18 -9 -12 -2 17 24 -3 26 -5 21 25 -16 -21 -11 27 -17 -4 -1 -19 -22
right_child=1 4 14 10 5 6 -8 11 -10 23 12 -13 -14 -15 19 20 -18 28 -20 22 29 -23 -24 -25 -26 -27 -28 -29 -30 -31
leaf_value=0.00055698237602145261 0.002309578087770331 0.0035105441638806556 0.0057364436261962701 -0.0016007776537724009 -0.00057497700953724291 0.00064009439964970505 -0.0011395730228855863 0.0043651686199345343 -0.0036305573778277135 0.00070178721747218733 -0.00067050292698648791 -7.4803985927049795e-05 0.0017765709412139827 0.00019891961972142545 -0.00074026148696118945 0.0058801563005254033 -0.0012429844484996842 0.002313053089889318 0.0038785605892599252 0.001037695663831321 0.0017892331043662011 0.0046796810023556944 -0.0012849682695142547 0.0061154573589968118 0.00036005289748389924 7.6429137419301371e-05 -0.00034984145677652452 0.0099963213047064067 -7.088197098137602e-05 -0.00052762520981460589
leaf_weight=252.63400715589523 40031.909567907453 1423.8527307212353 3626.3553935438395 604.8381400257349 17059.083078116179 73773.062162160873 168564.39308278263 12244.257744371891 31531.438464507461 859.8644994199276 68674.527865245938 5662.1135210245848 12192.472666069865 22140.679681494832 621.62367458641529 3105.5747552514076 16222.194572806358 4987.1657416075468 5571.0029400736094 5503.4117327779531 839.78837272524834 1286.7283241599798 6240.5992552787066 5069.9497765302658 257.84933844208717 508.90018631517887 304.20163384079933 4371.9170704782009 1962.6514131128788 1114.6476455330849
leaf_count=1024 160420 5725 14923 2438 68567 296488 677338 49110 126779 3451 275538 22759 48891 88716 2493 12610 65201 20232 22427 22067 3390 5161 25032 20351 1058 2062 1222 18047 7940 4494
internal_value=5.56572e-05 -0.000195602 0.00343848 0.00086787 -0.000701902 -0.000936016 -0.000597457 0.00119129 -0.00258576 0.00197686 -1.03634e-05 0.00302054 -0.000287106 0.0015706 0.0017669 0.00693988 -0.000717649 0.00328393 0.00321465 0.000437851 0.00394317 0.00322644 -0.000199806 0.00551466 0.00927978 0.00523143 0.00528641 0.00964539 0.00170444 0.000705526
internal_weight=516610 481626 34984 155145 326480 290928 242337 35552.4 48590.5 68102.4 87042.8 17906.4 80867 62172.6 24532.7 10451.3 17646 10880.4 6175.84 13652.4 5568.91 1908.35 11744 5929.81 4882.4 3614.47 3930.56 4624.55 6949.82 1954.44
internal_count=2075954 1934199 141755 622232 1311967 1169172 973826 142795 195346 272938 349294 71869 324429 249136 99070 42685 70926 44317 24865 54753 22556 7654 47099 23802 20129 14672 16145 19071 28172 7884
is_linear=0
shrinkage=0.02


Tree=60
num_leaves=27
num_cat=0
split_feature=5 46 46 46 46 46 46 46 46 46 11 41 46 46 46 46 46 13 31 15 8 31 27 0 10 27
split_gain=1069.61 926.499 748.419 713.984 596.384 585.076 836.605 754.552 1190.18 813.336 559.942 437.686 418.08 372.972 437.747 350.302 300.218 173.592 168.98 164.379 150.035 120.025 90.8488 51.5127 46.2975 45.8434
threshold=-0.062123158946633332 0.50081467628479015 0.50085288286209118 0.50317525863647472 0.50062420964241039 0.49857780337333685 0.49854528903961187 0.49874234199523931 0.49885505437850958 0.49920678138732916 0.047853203490376479 1.5189999938011172 0.49810646474361425 0.50042408704757702 0.4998143613338471 0.49863183498382574 0.49877333641052252 -0.031238406896591183 0.025507341139018539 2.8974499702453618 -0.005151141667738556 -0.083451908081769929 44.500000000000007 1.6322314143180849 -0.044709224253892892 30.500000000000004
decision_type=2 2 2 2 2 2 2 2 2 2 2 10 2 2 2 2 2 2 2 2 2 2 2 2 2 2
left_child=1 4 -3 11 13 6 10 15 16 -10 12 -4 -2 14 -1 19 -9 -17 24 -7 -12 -15 25 -24 -6 -8
right_child=5 2 3 -5 18 7 22 8 9 -11 20 -13 -14 21 -16 17 -18 -19 -20 -21 -22 -23 23 -25 -26 -27
leaf_value=0.0024751117572590397 0.0048408575776945203 0.016146933853370772 0.00011079854862983162 0.014760701105592813 -0.0094671317952707904 0.0020399163701682022 0.003422104236011051 0.0015704915898346735 -0.0032127743845621498 -0.000228148332147622 -0.007096593728231541 0.00978078895334125 0.00012237909447403993 0.011140479527203255 -0.0014033301046903997 -0.010700338368874953 0.00914358915660465 -0.004120721876608037 0.0022505267288150579 -0.0041661481754074747 -0.0014651113049175052 0.0028900445261329931 0.011525385166689425 0.00051414646632815886 -0.00022731944274669512 -0.0023168111769115603
leaf_weight=31717.860305607319 12999.127618536353 2036.6646178662777 9583.7362436801195 1344.2409902513027 1936.4526088386774 3206.7801000624895 379.10054302215576 3762.1814637035131 40105.825803101063 339793.49534131587 1958.9235312044621 1495.3209507763386 16529.937293678522 1179.0437270402908 17441.549043700099 3180.5183775573969 5424.5982354283333 5878.372196868062 331.06584529578686 2142.4432571977377 7929.2331330478191 2399.8222571015358 3023.8172708153725 262.31114614009857 281.12250828742981 257.69612592458725
leaf_count=127695 52148 8355 38563 5714 7779 12872 1519 15098 161121 1364810 7855 6122 66275 4874 70187 12763 21772 23631 1327 8616 31902 9625 12117 1053 1128 1033
internal_value=5.5973e-05 0.0023441 0.00670648 0.00423658 0.00112006 -0.000304898 0.00188136 -0.000543143 -0.000371283 -0.000549612 0.000904624 0.0020118 0.0022758 0.00161921 0.00109857 -0.00490869 0.00643274 -0.00714105 -0.00705399 -0.000673008 -0.00304795 0.00720578 0.00980927 0.0109297 -0.00867969 0.00110197
internal_weight=516581 69746.9 14460 12423.3 55286.9 446834 43340.1 403494 389086 379899 39417.2 11079.1 29529.1 52738.3 49159.4 14408.1 9186.78 9058.89 2548.64 5349.22 9888.16 3578.87 3922.93 3286.13 2217.58 636.797
internal_count=2075954 281369 58754 50399 222615 1794585 173902 1620683 1562801 1525931 158180 44685 118423 212381 197882 57882 36870 36394 10234 21488 39757 14499 15722 13170 8907 2552
is_linear=0
shrinkage=0.02


Tree=61
num_leaves=24
num_cat=0
split_feature=31 41 1 46 46 46 46 46 46 46 46 46 46 41 41 46 46 46 0 12 5 1 45
split_gain=1053.25 749.953 654.196 547.845 481.304 1518.27 622.963 399.318 951.039 324.08 320.732 561.339 302.817 261.781 252.151 213.971 421.771 261.107 127.214 124.24 100.033 50.3272 10.011
threshold=-0.10966234281659125 -2.5837000608444209 10.147680282592775 0.49810646474361425 0.50081467628479015 0.50085288286209118 0.50076672434806835 0.50042009353637706 0.50037893652915966 0.50254967808723461 0.50086280703544628 0.50120273232460033 0.50057882070541393 -0.28124999999999994 0.70394998788833629 0.49920678138732916 0.49980013072490698 0.49894514679908758 0.89232838153839122 0.097489926964044585 -0.020794220268726345 13.133769989013674 22.500000000000004
decision_type=2 8 2 2 2 2 2 2 2 2 2 2 2 10 8 2 2 2 2 2 2 2 2
left_child=7 3 14 22 6 -6 -4 8 15 12 21 13 -5 -12 18 17 -17 -1 -3 -16 -13 -9 -2
right_child=1 2 4 9 5 -7 -8 10 -10 -11 11 20 -14 -15 19 16 -18 -19 -20 -21 -22 -23 -24
leaf_value=0.0033160581560501916 0.001580806625571622 -0.00050251439257324726 -0.00080885289634183982 0.0033793873858976816 0.0096391938536128218 -9.4196912390267129e-05 -0.0088233522300741728 0.013417196264351502 -0.010351820480919 0.01033136458515165 -0.0090116791584341181 0.0092550489908128104 -0.002099195677208867 0.0040387822416800244 0.004407434268409967 0.009149930479397262 0.00082108924697455495 -0.0065789909077685425 0.0016432776235840011 0.001690539666142352 -0.00030686768930839042 0.0010891724658539448 0.014604393205081648
leaf_weight=1964.0252855271101 250.30260208249092 24625.915178015828 335758.96915143728 10326.13080856204 6352.3076748847961 58976.9156049788 3097.9818577468395 2486.1992180198431 1295.5398173630238 1054.9527930170298 965.47289310395718 2148.7030633240938 5618.6387733668089 347.85977046191692 11486.055442944169 4799.4499005377293 4596.7225427627563 890.67572338879108 18795.684967726469 19008.537126511335 450.92404372990131 301.49761068820953 957.73909173905849
leaf_count=7877 1008 98692 1348980 41489 25497 237000 12432 10260 5197 4316 3890 8963 22581 1431 46063 19736 18635 3573 75290 76145 1807 1221 3871
internal_value=5.64224e-05 -0.000129351 -0.000283912 0.00376306 -0.000600737 0.000962254 -0.000903705 0.00443452 0.00221627 0.0024514 0.00817434 0.00332187 0.00144034 -0.00532772 0.00143585 0.00412287 0.00547619 -0.000562968 0.000439814 0.00280439 0.00792547 0.012644 0.0136588
internal_weight=516557 496310 478102 18207.8 404186 65329.2 338857 20247.1 13546.4 16999.7 6700.66 3912.96 15944.8 1313.33 73916.2 12250.9 9396.17 2854.7 43421.6 30494.6 2599.63 2787.7 1208.04
internal_count=2075954 1993364 1920099 73265 1623909 262497 1361412 82590 55018 68386 27572 16091 64070 5321 296190 49821 38371 11450 173982 122208 10770 11481 4879
is_linear=0
shrinkage=0.02


Tree=62
num_leaves=32
num_cat=0
split_feature=5 9 12 41 22 22 22 46 46 46 22 46 46 27 46 46 7 41 46 46 41 46 31 46 46 46 12 11 7 38 1
split_gain=1027.14 717.295 635.066 383.39 370.873 390.185 398.77 329.318 744.539 642.602 310.486 309.001 399.266 244.496 238.373 170.749 149.776 113.007 104.472 178.581 122.503 95.3631 87.3689 64.795 51.7638 72.2708 42.0545 35.6979 27.8931 23.9449 17.4892
threshold=-0.094160247594118104 -0.09369358047842978 0.15579534322023394 1.6319000124931338 30.500000000000004 72.500000000000014 207.50000000000003 0.50113165378570568 0.50209569931030285 0.50107342004776012 14.500000000000002 0.50056466460227977 0.49981099367141729 185.50000000000003 0.49920678138732916 0.49921353161334997 0.043855698779225356 -1.8189499974250791 0.50061729550361644 0.4990104883909226 2.5004498958587651 0.49921353161334997 -0.15052189677953717 0.4994127899408341 0.49894514679908758 0.49847762286663061 0.0072097973898053178 -0.072443738579750047 0.028532926924526695 -2556.255004882812 12.828150272369387
decision_type=2 2 2 10 2 2 2 2 2 2 2 2 2 2 2 2 2 8 2 2 10 2 2 2 2 2 2 2 2 10 2
left_child=1 21 3 7 10 13 -7 9 -9 -2 17 12 15 -6 -12 -3 27 -4 19 -5 -20 24 28 -24 25 -1 -14 -13 -23 -26 -18
right_child=2 11 4 18 5 6 -8 8 -10 -11 14 16 26 -15 -16 -17 30 -19 20 -21 -22 22 23 -25 29 -27 -28 -29 -30 -31 -32
leaf_value=-0.0028318452140712485 0.00069008413126513948 0.0014697949022990119 0.0035749256503621249 0.0064922154399932744 -0.00055089814295678126 0.00064970769571684808 -0.0010972695015662357 -0.0047232035178180146 0.0057231095363588736 0.01233924914232977 -0.00075756239857181827 0.013949889452333416 -0.004005552154464017 -0.0035224659994889823 0.0043129191875075227 0.0096930606181638533 0.0027111960780430528 -0.0011607460834972294 0.0017648288346817562 0.00093730578612645184 0.0097153633617132126 -0.00016955966560250435 0.004200526664748707 0.00020355424676461416 0.00037642293577354942 0.0025293977075227748 0.00019504137405849763 0.0033604343351328666 0.0062929036453993484 -0.0051005121596189567 -0.00098039249726279308
leaf_weight=1006.7334939092398 128596.17665991187 1830.5716893225908 1463.0578918904066 2553.7919294238091 17265.996407464147 74586.103925928473 170300.25528122485 10647.158585220575 2810.339405477047 1089.423441618681 4709.1364163309336 2763.5991366356611 589.04047304391861 31939.633632078767 13416.959232389927 3050.0721182525158 605.18824781477451 16396.17294600606 1791.4398046433926 8467.6529824584723 1646.9195172786713 262.37716011703014 1106.7718974500895 10404.233703419566 258.28571556508541 1375.8627012372017 2656.3285410702229 810.9548419713974 976.10540647804737 877.97043073177338 267.59817157685757
leaf_count=4033 515741 7340 5884 10242 69406 299769 684409 42772 11315 4363 18904 11676 2416 128458 53847 12596 2479 65911 7210 33982 6625 1062 4442 41807 1036 5512 10796 3346 3975 3521 1079
internal_value=5.69131e-05 0.00366936 -0.000162652 0.000878912 -0.00066094 -0.000895849 -0.000564779 0.000553771 -0.00233408 0.00086651 0.00123554 0.00709723 0.00408021 -0.00250646 0.00302027 0.00727609 0.0110892 -0.000629946 0.00389095 0.00259219 0.00673046 0.000802186 0.00159593 0.000846822 -0.00182731 0.000116304 -0.00123237 0.0126418 0.00540712 -0.00422343 0.00165274
internal_weight=516522 28841.7 487680 157603 330077 294092 244886 143143 13457.5 129686 35985.3 12573.4 8126.01 49205.6 18126.1 4880.64 4447.34 17859.2 14459.8 11021.4 3438.36 16268.3 12749.5 11511 3518.85 2382.6 3245.37 3574.55 1238.48 1136.26 872.786
internal_count=2075954 117116 1958838 632250 1326588 1182042 984178 574191 54087 520104 144546 51728 33148 197864 72751 19936 18580 71795 58059 44224 13835 65388 51286 46249 14102 9545 13212 15022 5037 4557 3558
is_linear=0
shrinkage=0.02


Tree=63
num_leaves=31
num_cat=0
split_feature=5 9 46 46 46 46 46 46 11 8 46 46 7 46 46 46 22 12 46 46 15 46 38 46 46 15 46 8 27 14
split_gain=1002.91 919.274 562.483 826.312 729.204 1146.48 778.199 680.857 642.27 490.602 338.526 289.588 280.566 273.246 349.628 266.666 262.309 195.89 176.966 173.547 159.052 156.127 146.328 123.186 138.94 105.919 66.0744 62.7378 23.5696 15.2574
threshold=-0.062123158946633332 -0.052355265244841569 0.49857780337333685 0.49844005703926092 0.49874234199523931 0.49885505437850958 0.49920678138732916 0.49826757609844213 0.045869797468185432 -0.11209907755255698 0.49863183498382574 0.49877333641052252 0.037097120657563216 0.50081467628479015 0.50085288286209118 0.50062420964241039 33.500000000000007 0.41732020676136022 0.50142759084701549 0.50081467628479015 2.8974499702453618 0.50057384371757518 680.54501342773449 0.49921353161334997 0.49894514679908758 1.3825500011444094 0.49856409430503851 -0.096663951873779283 56.500000000000007 -0.065111491829156862
decision_type=2 2 2 2 2 2 2 2 2 2 2 2 2 2 2 2 2 2 2 2 2 2 10 2 2 2 2 2 2 2
left_child=1 13 3 7 10 11 -7 8 -2 23 20 -6 22 15 -15 21 28 -9 -16 -18 -4 -1 -5 24 -3 -12 -14 -17 -11 -25
right_child=2 9 4 12 5 6 -8 17 -10 16 25 -13 26 14 18 27 19 -19 -20 -21 -22 -23 -24 29 -26 -27 -28 -29 -30 -31
leaf_value=-6.2988518125484602e-05 0.0034433188597522962 0.0053767484442239404 0.0020127363379278916 0.0079634119325647686 0.0015448693219734541 -0.0031365981927702698 -0.00021683143744156771 -0.0078573784194105392 -0.003543932167749655 0.00068081766990634774 -0.0017753952997640089 0.0089829947433124422 -0.0026902311059785462 0.011357991403594598 -0.0014629913268593114 -0.007227357011778561 0.00078529580231213999 -0.00037280776357814598 0.0041687842691623556 0.0055967534776149488 -0.0040920410329188892 0.0053495813589758802 0.00081372803192366076 0.010860321597049156 -0.0041388879524950082 -0.0080618633844014992 0.0031328653601498464 0.00086919222042875031 0.009430466242914293 0.0010497622335699959
leaf_weight=33866.504125520587 18053.982177168131 430.01762567460537 3206.8802740871906 9397.0199288278818 3762.3124904483557 40095.297987118363 339763.79127669334 3870.7153187394142 6531.125441595912 273.40048611164093 1888.2168427407742 5426.3824203312397 1478.2494051903486 1060.1194478571415 3713.2452860176563 1640.8971273601055 11723.120005369186 2113.971282094717 3755.443573653698 3366.7535240501165 2141.6162686049938 1436.0132005810738 1519.4510160386562 5673.4878657162189 379.39286325871944 7166.6748883277178 372.65626755356789 256.1769120246172 1874.578277528286 256.6713602244854
leaf_count=136096 72417 1731 12872 37664 15098 161121 1364810 15515 26277 1103 7581 21772 5940 4334 14914 6595 47105 8498 15219 13618 8616 5791 6095 23700 1520 28813 1496 1028 7572 1043
internal_value=5.79265e-05 0.00227427 -0.000291463 0.0018522 -0.000525091 -0.000356172 -0.000531248 2.66183e-05 0.00153147 0.00537476 -0.00481732 0.00632107 0.00595247 0.00058108 0.00363468 -0.000183611 0.00330461 -0.00558416 0.00150347 0.00209675 -0.000654578 0.000276026 0.00709727 0.00971884 0.00107913 -0.0070124 -0.000906546 -0.00620218 0.00882068 0.0106184
internal_weight=516494 69705.8 446788 43337.2 403451 389048 379859 30569.8 24585.1 23977.4 14403.4 9188.69 12767.4 45728.4 8528.81 37199.6 17237.9 5984.69 7468.69 15089.9 5348.5 35302.5 10916.5 6739.57 809.41 9054.89 1850.91 1897.07 2147.98 5930.16
internal_count=2075954 281369 1794585 173902 1620683 1562801 1525931 122707 98694 97392 57882 36870 51195 183977 34467 149510 69398 24013 30133 60723 21488 141887 43759 27994 3251 36394 7436 7623 8675 24743
is_linear=0
shrinkage=0.02


Tree=64
num_leaves=23
num_cat=0
split_feature=31 41 41 46 46 46 46 5 31 41 46 46 46 31 46 46 46 46 46 31 46 4
split_gain=994.91 565.804 608.508 474.857 1110.63 573.703 449.757 409.394 335.114 317.42 242.29 472.955 363.621 204.907 202.481 448.693 189.352 182.987 140.874 131.643 85.4627 45.5475
threshold=-0.077911309897899614 -3.6967499256134029 1.0393499732017519 0.50182899832725536 0.50209569931030285 0.50081467628479015 0.50254967808723461 0.074686668813228621 0.04672904126346112 -5.8871500492095938 0.49921353161334997 0.49894514679908758 0.49980013072490698 0.12864790856838229 0.4998143613338471 0.49942737817764288 0.50019851326942455 0.49803002178668981 0.50037756562232982 0.013444097712635996 0.49913059175014501 48.481868743896491
decision_type=2 8 8 2 2 2 2 2 2 10 2 2 2 2 2 2 2 2 2 2 2 2
left_child=6 17 3 5 -5 -3 9 8 -4 14 11 -11 -12 -9 15 -1 -16 -2 20 -20 -19 -8
right_child=1 2 7 4 -6 -7 21 13 -10 10 12 -13 -14 -15 16 -17 -18 18 19 -21 -22 -23
leaf_value=-0.0023813933791194805 0.012025416207496722 -0.0011340077563140923 0.00032631878842083434 -0.01354916164267385 0.00041879396402844999 0.0015795861555279651 0.012650279221387943 -0.00057145096198981489 0.0023177576818734585 0.0033917604128288433 0.0069156530386501134 -0.0057508823853287851 0.0022767687496418371 -0.0043569840130098089 -0.0067212250541397378 0.0077542724867047707 -0.00029773462286964932 0.0027100842627276983 0.0079541606793223328 -0.00071666813748210898 -0.0032671179244069212 0.00066403595694959129
leaf_weight=3372.3570494055748 726.97941647469997 228952.57655212283 104640.78329145908 3038.8890416026115 5401.0666638761759 35305.43875990808 1098.751910790801 22086.36238360405 49334.815121486783 5077.0557386279106 9584.2791234701872 2828.8409963548183 23488.88920353353 7038.8879588395357 2043.2133140712976 2247.54209600389 5290.4215625375509 964.04779306054115 1678.6959732323885 791.34375156462193 1235.3951302319765 239.54906238615513
leaf_count=13581 2955 919623 419839 12468 21777 141490 4750 88953 198058 20356 38942 11340 94875 28463 8262 9129 21360 3862 6777 3176 4956 962
internal_value=5.80278e-05 -0.000247469 -0.000328736 -0.000926395 -0.00537956 -0.000767615 0.00257284 0.000561536 0.000973486 0.00217536 0.00302361 -0.000116985 0.00375873 -0.00158259 -0.000528673 0.00215194 -0.00259306 0.00573821 0.00307898 0.00569781 -0.00062191 0.0115869
internal_weight=516466 461195 455799 272698 8439.96 264258 55270.9 183101 153976 53932.6 40979.1 7905.9 33073.2 29125.3 12953.5 5619.9 7333.63 5396.46 4669.48 2470.04 2199.44 1338.3
internal_count=2075954 1852397 1830671 1095358 34245 1061113 223557 735313 617897 217845 165513 31696 133817 117416 52332 22710 29622 21726 18771 9953 8818 5712
is_linear=0
shrinkage=0.02


Tree=65
num_leaves=26
num_cat=0
split_feature=31 46 46 46 46 46 46 8 41 46 46 46 13 46 46 15 41 41 46 41 45 46 9 31 7
split_gain=966.96 881.52 560.46 955.668 653.342 1096.3 569.803 479.768 435.845 635.577 1601.46 511.35 407.171 355.693 334.272 325.678 242.742 171.647 163.95 146.669 119.127 98.0407 78.617 73.1082 36.2177
threshold=-0.062901243567466722 0.50209569931030285 0.49857780337333685 0.49854528903961187 0.49874234199523931 0.49885505437850958 0.49889759719371801 -0.053116960451006882 1.6593999862670901 0.50086280703544628 0.50081467628479015 0.50120273232460033 0.050638804212212569 0.50061729550361644 0.49877333641052252 1.8069500327110293 -1.8643500208854673 1.5747500061988833 0.49894514679908758 -0.63914999365806568 10.500000000000002 0.49863183498382574 0.19074154645204547 -0.046718165278434746 0.020607518963515762
decision_type=2 2 2 2 2 2 2 2 10 2 2 2 2 2 2 2 8 10 2 8 2 2 2 2 2
left_child=1 8 3 7 15 14 -7 16 9 10 -1 -11 -9 18 -6 21 -2 20 -10 -17 -3 -4 23 -5 -15
right_child=2 17 4 22 5 6 -8 12 13 11 -12 -13 -14 24 -16 19 -18 -19 -20 -21 -22 -23 -24 -25 -26
leaf_value=0.0010776282333030229 0.0049771912984563765 -0.00012340658953204235 0.0028057882186431063 0.00027306915764735282 0.0014556969594585753 -0.0069427089780962946 -0.00046884467249286809 0.0041716695506084419 0.0075641292219765623 -0.007738173449672813 0.016248661482576202 0.00066020204188591935 -0.00031302775859991689 0.00081612973593887242 0.0092749742945770503 -0.00070125612688098611 -0.0045304860599345168 -0.00074107608418644321 0.00042750438544598702 -0.0076150333651166958 0.013501211910646956 -0.0022406361037931371 9.9331087239835434e-05 0.011984315332165086 0.012208402923948963
leaf_weight=57827.096930772066 539.15006083250046 261.12674996256828 1757.3993349522352 267.64771135151386 4087.1065036952496 4689.511543020606 364161.79968814552 15213.553363025188 986.01456189155579 4640.9313080459833 2097.4265340268612 5905.4215250015259 16122.872274905443 247.9943100810051 4987.8118460178375 1636.0736667215824 7115.5466268658638 337.09174406528473 4765.3844581693411 7995.0993445366621 2564.0266552269459 2958.1294532269239 283.2344441562891 3083.8405063450336 1903.259317189455
leaf_count=232895 2172 1055 7052 1072 16399 18858 1462904 60981 3962 18643 8620 23793 64818 997 20008 6578 28517 1375 19259 32159 10674 11881 1139 12354 7789
internal_value=5.75907e-05 0.00204471 -0.00031817 0.00183795 -0.000555882 -0.000391538 -0.0005667 0.000815252 0.00155926 0.00102328 0.00182532 -0.00333283 0.00191613 0.00578256 0.00617409 -0.00462459 -0.00343581 0.0112298 0.00245724 -0.00659078 0.0125013 -0.000220144 0.0106011 0.011291 0.0114923
internal_weight=516435 81535.8 434899 42625.8 392273 377926 368851 38991.1 78373.5 70470.9 59924.5 10546.4 31336.4 7902.65 9074.92 14346.7 7654.7 3162.25 5751.4 9631.17 2825.15 4715.53 3634.72 3351.49 2151.25
internal_count=2075954 329062 1746892 171053 1575839 1518169 1481762 156488 315958 283951 241515 42436 125799 32007 36407 57670 30689 13104 23221 38737 11729 18933 14565 13426 8786
is_linear=0
shrinkage=0.02


Tree=66
num_leaves=30
num_cat=0
split_feature=5 9 1 41 31 3 41 6 1 31 27 5 0 31 13 8 1 0 9 2 17 22 27 31 29 18 9 11 5
split_gain=952.554 693.278 593.675 453.946 447.783 547.575 336.843 260.471 257.468 193.38 199.812 170.769 144.613 86.2969 78.3584 66.9387 66.382 65.3062 57.6086 42.3892 37.8619 40.6912 36.5398 31.9562 29.0456 17.5594 12.3142 9.83141 5.35915
threshold=-0.089611556380987153 -0.09369358047842978 11.773309230804445 1.6319000124931338 0.035552863031625755 0.043944198638200767 -3.5171999931335445 9.208139896392824 11.673324108123781 0.12864790856838229 153.50000000000003 0.074686668813228621 0.70138594508171093 -0.16425389796495435 -0.075721822679042802 -0.13640399277210233 11.069922447204592 0.57587528228759777 -0.024876361712813374 1.044999957084656 1.0000000180025095e-35 30.500000000000004 30.500000000000004 0.12250214442610742 1.0000000180025095e-35 17.346549987792972 -0.08300198987126349 -0.049622794613242142 0.07291541621088983
decision_type=2 2 2 10 2 2 8 2 2 2 2 2 2 2 2 2 2 2 2 2 10 2 2 2 2 2 2 2 2
left_child=1 13 3 4 6 -6 -2 9 17 10 -4 12 -5 25 -11 26 19 27 -17 -15 21 -9 -18 -13 -19 -1 -10 -3 -22
right_child=2 8 7 11 5 -7 -8 20 15 14 -12 23 -14 16 -16 18 22 24 -20 -21 28 -23 -24 -25 -26 -27 -28 -29 -30
leaf_value=-7.4912063594218626e-05 0.0059193852787140198 0.0032047512027836202 0.0006520944201700746 0.00021563613281298973 0.0028191741293639144 -0.00076415854467136674 -0.0004804510911246424 -0.00065297061338760645 0.00065986267260540398 0.0010907190707739806 -0.0009761521137037749 6.8479131035352727e-05 0.0039875504377848078 0.0033261369711348084 -0.0032907837233166104 -0.00091108602167489828 -0.0028467180605848828 0.00094202519934326085 0.002973025929973382 -0.00057024698594541749 0.0013857353345582252 -0.0042106308569732753 -0.00010041441409259061 -0.0037839397486866735 0.0097698207641841867 0.0053340241528848876 0.0061213031647700238 -4.4266160268292079e-05 -0.00059374752952899828
leaf_weight=252.54979375004768 2513.9418643862009 969.02074532210827 38806.927292391658 5141.8316192477942 44657.233599975705 26816.121219351888 185723.15882521868 1817.8455992937088 417.78689241409302 1427.7536140233278 126939.6300778091 1822.394453778863 20581.820542395115 2648.9838009476662 14406.011131644249 2342.6913303285837 1514.3364165872335 346.26536789536476 2366.6418039053679 1324.4736017882824 256.67958787083626 11517.640255719423 11401.854060292244 746.50902436673641 6532.1749587357044 851.54254116117954 1415.4512021839619 439.8850325345993 410.86193586885929
leaf_count=1024 10121 3974 155933 20631 178961 107721 745349 7334 1694 5734 510451 7321 82588 10647 58158 9437 6082 1449 9617 5327 1035 46598 45783 3006 27142 3468 5916 1788 1665
internal_value=5.82612e-05 0.00331146 -0.000167893 0.000409297 0.000143277 0.00148144 -0.000369129 -0.00101595 0.00638919 -0.000803481 -0.000593554 0.00277684 0.00326422 0.000603458 -0.00286067 0.00287936 0.000137394 0.00864128 0.0011948 0.00215392 -0.00357017 -0.00379301 -0.000576254 -0.00170577 0.0094761 0.0045975 0.00547444 0.00255147 0.00051409
internal_weight=516410 32823.7 483586 288003 259710 71473.4 188237 195583 14829.9 181580 165747 28292.6 25723.7 17993.7 15833.8 6542.57 16889.6 8287.35 4709.33 3973.46 14003 13335.5 12916.2 2568.9 6878.44 1104.09 1833.24 1408.91 667.542
internal_count=2075954 133348 1942606 1155698 1042152 286682 755470 786908 61017 730276 666384 113546 103219 72331 63892 26664 67839 34353 19054 15974 56632 53932 51865 10327 28591 4492 7610 5762 2700
is_linear=0
shrinkage=0.02


Tree=67
num_leaves=25
num_cat=0
split_feature=31 11 46 46 46 46 46 8 46 46 46 41 46 46 41 41 46 46 46 46 46 5 15 1
split_gain=933.119 704.759 783.938 1209.28 796.635 439.893 497.177 564.427 391.556 378.644 914.691 321.029 318.114 527.306 250.722 202.426 200.76 400.385 247.223 182.022 444.442 93.0866 51.764 49.3049
threshold=-0.10966234281659125 -0.017763705924153324 0.50209569931030285 0.50182899832725536 0.50081467628479015 0.49708002805709844 0.49857780337333685 -0.030902467668056485 0.49874234199523931 0.50042009353637706 0.50037893652915966 1.9195500016212466 0.50086280703544628 0.50120273232460033 -0.28124999999999994 -2.4991500377655025 0.49920678138732916 0.49980013072490698 0.49887453019618994 0.50220662355422985 0.50254967808723461 -0.020794220268726345 6.4019498825073251 13.133769989013674
decision_type=2 2 2 2 2 2 2 2 2 2 2 10 2 2 10 8 2 2 2 2 2 2 2 2
left_child=9 2 3 4 -2 15 7 -7 -8 10 16 -5 23 14 -14 -3 18 -18 -1 -4 -21 -15 -17 -11
right_child=1 5 19 11 -6 6 8 -9 -10 12 -12 -13 13 21 -16 22 17 -19 -20 20 -22 -23 -24 -25
leaf_value=0.0032043349036871911 0.00032419638792782041 0.0035097438263360287 0.014236139124281118 -0.013611000750895328 0.0042246346319086666 -0.0027117545584298282 -0.0043539670756456688 0.0034868912047569594 -0.00066560856749533592 0.013025981470132307 -0.010275102661705207 0.002309869658643385 -0.0088755065912446592 0.0088454727402594718 0.0039243048927419203 -0.0085045091597909499 0.0088131973033713177 0.00071025212563449443 -0.0064120104059766508 -0.0026319206315645648 0.009457010807963186 -0.00032848075124354293 -0.00060669372209421239 0.0010253598182022867
leaf_weight=1948.1338585615158 140305.63153168559 249.95859515666962 985.59465137124062 2105.6916400492191 23820.578761354089 7258.9742920398712 11210.987662479281 21634.27315890789 280834.96154129505 2472.4823926985264 1295.275821402669 348.06968161463737 965.58478434383869 2132.4305448383093 346.47846341133118 3342.6270088404417 4782.1054270267487 4592.4442002773285 905.20384673774242 1657.0352093875408 1924.2044996023178 450.86106969416142 507.87369526922703 300.99733754992485
leaf_count=7817 563229 1009 3979 8591 95595 29096 45095 86822 1128529 10260 5197 1405 3890 8963 1431 13445 19736 18635 3633 6654 7868 1807 2047 1221
internal_value=5.80454e-05 -0.000116644 0.000919376 0.000672622 0.000908874 -0.000663116 -0.000570405 0.00189701 -0.000819248 0.00418449 0.00203473 -0.0113391 0.00783016 0.00306136 -0.00528276 -0.00659166 0.00391391 0.00522766 -0.000608827 0.00842051 0.00442456 0.00755556 -0.0077576 0.0122639
internal_weight=516378 496186 171147 166580 164126 325040 320939 28893.2 292046 20192 13523.2 2453.76 6668.83 3895.35 1312.06 4100.46 12227.9 9374.55 2853.34 4566.83 3581.24 2583.29 3850.5 2773.48
internal_count=2075954 1993364 687321 668820 658824 1306043 1289542 115918 1173624 82590 55018 9996 27572 16091 5321 16501 49821 38371 11450 18501 14522 10770 15492 11481
is_linear=0
shrinkage=0.02


Tree=68
num_leaves=30
num_cat=0
split_feature=5 12 46 25 22 22 22 22 46 46 46 27 31 41 11 7 46 46 11 46 41 12 11 18 22 12 38 46 32
split_gain=909.301 618.142 453.379 393.24 371.097 378.026 384.452 306.048 243.953 319.736 237.676 228.591 190.643 183.141 177.206 151.412 138.401 219.937 128.955 108.107 107.642 84.7152 54.418 53.3879 29.9925 27.3904 25.8189 21.1482 18.4182
threshold=-0.10258834809064864 0.15579534322023394 0.50081467628479015 12.808650970458986 30.500000000000004 72.500000000000014 207.50000000000003 14.500000000000002 0.49810646474361425 0.49816361069679266 0.49920678138732916 185.50000000000003 -0.079110726714134202 0.68999999761581432 -0.10141243413090704 0.047049200162291534 0.4998143613338471 0.49921353161334997 0.028673163615167144 0.49980457127094274 -1.8189499974250791 0.012759842444211246 0.0057559721171855935 29.16874980926514 30.500000000000004 0.0041516048368066558 -4651.8000488281241 0.49851158261299139 0.8413585126399995
decision_type=2 2 2 2 2 2 2 2 2 2 2 2 2 10 2 2 2 2 2 2 8 2 2 2 2 2 10 2 2
left_child=2 3 12 13 7 11 -7 20 18 -10 -9 -6 16 19 15 26 17 -1 -5 -2 -3 -18 -15 27 -25 -16 -4 -14 -27
right_child=1 4 14 8 5 6 -8 10 9 -11 -12 -13 23 22 25 -17 21 -19 -20 -21 -22 -23 -24 24 -26 28 -28 -29 -30
leaf_value=-0.00015065539738890398 0.0024849216165770309 0.0034903515512898597 0.0011039344862851441 0.0061143749376646184 -0.00054450255137399441 0.00066118500453747348 -0.0010448979402845938 -0.00072779822869640371 -0.0098790350416147876 4.4810958166238239e-05 0.0043151297086362088 -0.0034006313821240957 -0.0011652978716598012 0.005220142959250453 -0.00097218673519636049 -3.7406796453277076e-05 -0.0029111434923354963 0.0091062104868404204 -0.0019224134961320063 0.00051503398106246502 -0.0010908685052270402 0.0026000038429485092 0.0023486359754422664 0.0016488795639500058 -0.00155292525753335 0.0041092181200059067 0.013360002147103277 0.0022958463018522275 -0.00040989367776685397
leaf_weight=1405.1570680588484 21130.379081740975 1503.9832942634821 234.00002436339855 3030.8959780037403 17483.738356560469 75413.102397024632 172021.52896945179 4752.4360007494688 478.76895754039288 95943.597180664539 13582.14175003767 32338.918979093432 317.38773068785667 7795.9741992950439 262.34903283417225 406.39789973199368 829.69876390695572 2718.5582996755838 583.70226177573204 23755.887295469642 16570.812772899866 2762.9344993829727 7352.5314012169838 731.09219132363796 5132.0934104472399 1903.0995763391256 2356.9663899838924 3296.0327414572239 250.94134323298931
leaf_count=5637 84710 6053 958 12148 70298 303151 691516 19082 1918 385224 54515 130123 1272 31318 1069 1652 3409 11329 2339 95263 66633 11305 29513 2929 20579 7768 10017 13213 1013
internal_value=5.74769e-05 -0.000125051 0.00390605 0.000893776 -0.000614837 -0.000848733 -0.000524436 0.00127087 0.000121459 -8.9105e-05 0.00303321 -0.00242396 0.0021082 0.0021613 0.00856793 0.0114254 0.00427307 0.00645876 0.00469875 0.00147093 -0.000571899 0.00101717 0.00402259 0.00014146 -0.00099728 0.00299445 0.0127936 0.00182945 0.00361494
internal_weight=516345 493738 22606.7 160072 333667 297257 247435 36409.4 100037 96422.4 18334.6 49822.7 17193 60034.8 5413.75 2997.36 7716.35 4123.72 3614.6 44886.3 18074.8 3592.63 15148.5 9476.61 5863.19 2416.39 2590.97 3613.42 2154.04
internal_count=2075954 1983804 92150 642433 1341371 1195088 994667 146283 401629 387142 73597 200421 69673 240804 22477 12627 31680 16966 14487 179973 72686 14714 60831 37993 23508 9850 10975 14485 8781
is_linear=0
shrinkage=0.02


Tree=69
num_leaves=26
num_cat=0
split_feature=31 46 46 46 46 46 46 41 46 41 46 46 46 46 46 46 46 41 46 41 45 41 9 31 7
split_gain=892.561 836.385 530.211 922.141 613.245 1057.54 549.154 476.901 744.129 415.593 614.349 1538.97 489.154 391.187 343.01 323.309 266.018 166.908 163.099 130.341 114.026 105.559 75.8658 69.9673 34.9027
threshold=-0.062901243567466722 0.50209569931030285 0.49857780337333685 0.49854528903961187 0.49874234199523931 0.49885505437850958 0.49889759719371801 -1.8643500208854673 0.49708002805709844 1.6593999862670901 0.50086280703544628 0.50081467628479015 0.50120273232460033 0.49771492183208471 0.50061729550361644 0.49877333641052252 0.49863183498382574 1.5747500061988833 0.49894514679908758 -0.1280499994754791 10.500000000000002 -0.86774998903274525 0.19074154645204547 -0.046718165278434746 0.020607518963515762
decision_type=2 2 2 2 2 2 2 8 2 10 2 2 2 2 2 2 2 10 2 8 2 8 2 2 2
left_child=1 9 3 7 16 15 -7 13 -9 10 11 -1 -12 -2 18 -6 21 20 -11 -18 -3 -4 23 -5 -16
right_child=2 17 4 22 5 6 -8 8 -10 14 12 -13 -14 -15 24 -17 19 -19 -20 -21 -22 -23 -24 -25 -26
leaf_value=0.0010295106739687059 0.012900387734075279 -0.00013152970234575341 0.0038595291873597952 0.00027447774450005765 0.0014317750541034027 -0.0068086314237525035 -0.00045165597063813283 -0.0064388151907283997 0.0013305918709707813 0.007456915630505964 -0.0076180804433489324 0.01592155230953609 0.00060218048700265393 -0.0018683587648333267 0.00079189386798885603 0.0091214600816934919 -0.001933332267433156 -0.00077990614485579123 0.00035352971478250255 -0.0078972234068466086 0.013170356028766528 -0.0020078010620420191 9.4484125173265388e-05 0.011757254054054927 0.011933662103357744
leaf_weight=57805.820340424776 1357.8859230577946 260.96965445578098 769.83215098083019 267.63883291184902 4087.1031594872475 4686.6701721549034 364112.89223375916 4969.0217538326979 31876.045201271772 985.58270563185215 4640.469202965498 2088.8245863616467 5902.5261610895395 785.21053916215897 247.89568078517914 4989.1687732189894 2692.7629624158144 336.65577873587608 4762.8940431922674 6316.1788732409477 2551.0228939801455 4559.3257392495871 283.24891443550587 3084.0806709378958 1897.458863094449
leaf_count=232895 5492 1055 3093 1072 16399 18858 1462904 19979 127867 3962 18643 8620 23793 3150 997 20008 10830 1375 19259 25417 10674 18330 1139 12354 7789
internal_value=5.74207e-05 0.00196729 -0.000303543 0.00179361 -0.000534787 -0.000375597 -0.000547689 0.00078919 0.000162923 0.00149521 0.000972218 0.00176132 -0.00331022 0.00848436 0.00562087 0.00607241 -0.0044778 0.0109292 0.00236509 -0.00643086 0.0121886 -0.000750907 0.0104012 0.0110789 0.0112305
internal_weight=516317 81480.1 434837 42623.1 392214 377876 368800 38988.2 36845.1 78331.5 70437.6 59894.6 10543 2143.1 7893.83 9076.27 14338.1 3148.65 5748.48 9008.94 2811.99 5329.16 3634.97 3351.72 2145.35
internal_count=2075954 329062 1746892 171053 1575839 1518169 1481762 156488 147846 315958 283951 241515 42436 8642 32007 36407 57670 13104 23221 36247 11729 21423 14565 13426 8786
is_linear=0
shrinkage=0.02


Tree=70
num_leaves=31
num_cat=0
split_feature=5 9 46 46 46 46 46 46 11 8 31 13 46 46 46 22 46 46 46 12 13 46 46 15 46 46 46 31 27 41
split_gain=877.967 861.659 492.292 762.004 662.094 641.543 1039.04 722.611 597.205 447.647 337.135 354.026 317.245 316.806 261.457 252.307 248.108 336.479 257.635 191.387 186.56 160.72 159.228 151.456 151.42 114.283 150.458 108.122 23.2071 19.0038
threshold=-0.062123158946633332 -0.052355265244841569 0.49857780337333685 0.49844005703926092 0.49826757609844213 0.49874234199523931 0.49885505437850958 0.49920678138732916 0.045869797468185432 -0.11209907755255698 -0.0095667196437716467 0.1004801280796528 0.49863183498382574 0.49856409430503851 0.49877333641052252 33.500000000000007 0.50081467628479015 0.50085288286209118 0.50062420964241039 0.41732020676136022 -0.031238406896591183 0.50142759084701549 0.50081467628479015 2.8974499702453618 0.50057384371757518 0.49914966523647314 0.49894514679908758 0.02318660914897919 56.500000000000007 -2.7653499841690059
decision_type=2 2 2 2 2 2 2 2 2 2 2 2 2 2 2 2 2 2 2 2 2 2 2 2 2 2 2 2 2 8
left_child=1 16 3 4 8 12 14 -8 -2 25 13 -12 23 -5 -7 28 18 -18 24 -6 -14 -19 -17 -4 -1 26 -3 -20 -11 -27
right_child=2 9 5 10 19 6 7 -9 -10 15 11 -13 20 -15 -16 22 17 21 27 -21 -22 -23 -24 -25 -26 29 -28 -29 -30 -31
leaf_value=-0.00011128048563349324 0.0033132229862745345 0.005279445503980738 0.0020776879611214016 -0.0019880364228210367 -0.0077951912557208203 0.0014832414316670432 -0.0030068984760352703 -0.0001927824940008319 -0.0034257384694813472 0.00063995910728500407 0.010296845228257427 0.0014327172734428328 -0.010238902446540434 0.0091472207418236626 0.0085546494405785555 0.00072954267171646491 0.010989501907784771 -0.001477172581872655 -0.0075849010830323126 -0.00038832438036339692 -0.0036582827852079847 0.0038849121352691782 0.0053388389715717643 -0.0038758863879689021 0.0052198436669584668 0.0033321859756302403 -0.0047593109435610315 0.0018560951428127873 0.009171259888691316 0.010948160899757992
leaf_weight=33852.954399526119 18052.266388624907 429.5577907115221 3205.9251067489386 3572.71885214746 3869.8494983464479 3762.6931872367859 40075.893448010087 339687.28001907468 6526.7319473326206 273.05545228719711 5806.3800335675478 2892.1253068596125 3174.7841669172049 497.45046120882034 5430.7055978626013 11719.156855136156 1053.7604012340307 3712.166824772954 1644.8938694149256 2114.0400593727827 5866.3961687982082 3744.9879341125488 3359.0776588916779 2139.0224378407001 1434.5618864446878 1104.9797061234713 304.27621126174927 251.38027305901051 1870.6485258042812 4860.6113479137421
leaf_count=136096 72417 1731 12872 14328 15515 15098 161121 1364810 26277 1103 23263 11611 12763 1993 21772 47105 4334 14914 6615 8498 23631 15219 13618 8616 5791 4720 1219 1008 7572 20324
internal_value=5.80946e-05 0.00213325 -0.000268712 0.00173684 -1.54459e-05 -0.000487328 -0.000328948 -0.00049572 0.00146978 0.00513895 0.00567395 0.0077345 -0.00451564 0.00070151 0.00602611 0.00316282 0.000495551 0.00340882 -0.000231631 -0.00554762 -0.0066414 0.00133588 0.0019834 -0.000506999 0.000221415 0.0093027 0.000798003 -0.00614764 0.00857013 0.0101216
internal_weight=516290 69616.1 446674 43331.6 30562.9 403343 388957 379763 24579 23921.4 12768.7 8698.51 14386.1 4070.17 9193.4 17221.9 45694.7 8510.92 37183.8 5983.89 9041.18 7457.15 15078.2 5344.95 35287.5 6699.43 733.834 1896.27 2143.7 5965.59
internal_count=2075954 281369 1794585 173902 122707 1620683 1562801 1525931 98694 97392 51195 34874 57882 16321 36870 69398 183977 34467 149510 24013 36394 30133 60723 21488 141887 27994 2950 7623 8675 25044
is_linear=0
shrinkage=0.02


Tree=71
num_leaves=24
num_cat=0
split_feature=31 41 1 22 22 28 46 46 41 31 5 46 46 46 46 46 46 3 46 15 1 46 46
split_gain=858.112 695.528 590.201 475.907 611.451 518.846 361.286 858.669 263.348 224.34 281.869 202.091 465.521 436.001 146.559 162.192 248.429 142.955 134.06 102.622 35.5606 11.4142 1.16187
threshold=-0.11325447261333464 -3.6967499256134029 10.091488838195803 30.500000000000004 14.500000000000002 -21.874999999999996 0.50049507617950451 0.50037893652915966 -3.0253500938415523 -0.0077086009550839654 -0.057800913229584687 0.49980457127094274 0.49942737817764288 0.50019595026969921 0.49803002178668981 0.50254967808723461 0.50085288286209118 0.030353735201060775 0.50164261460304271 4.0317499637603769 13.10568141937256 0.50095310807228099 0.50041747093200695
decision_type=2 8 2 2 2 8 2 2 8 2 2 2 2 2 2 2 2 2 2 2 2 2 2
left_child=6 14 9 4 -4 -5 7 11 18 10 -3 12 -1 -13 -2 16 -16 -11 -8 20 -10 -21 -9
right_child=1 2 3 5 -6 -7 8 22 19 17 -12 13 -14 -15 15 -17 -18 -19 -20 21 -22 -23 -24
leaf_value=0.0012916265296717949 0.011910238639265236 0.0040607759043884148 -0.00086074187017087464 -0.0038645190155256492 0.0037879183726797945 -0.00052938803098170743 -0.0060375929351945213 -0.010681663787815999 0.011134130851287406 0.0032796538399190766 -0.00044879531087550209 -0.0038781437163978717 0.011587713843583553 0.0074320555014835863 0.0037159552167124943 0.0095397601719158492 -0.0052882066735964227 6.8272524262413998e-05 0.00383899803688056 0.0032364496338932536 0.0008014622453008859 3.1617447073130136e-05 -0.0012392856969827527
leaf_weight=4255.6210823059082 763.39962400496006 5940.2720276862383 22094.97469522059 18883.001216828823 21834.4150056988 358921.52772217989 364.10021607577801 981.44867512583733 3806.8312743753195 27123.972554966807 29793.177788555622 2834.3141267001629 2477.0598825663328 1332.8862099945545 4338.974614277482 734.83822466433048 816.21858105063438 6962.2095426023006 259.03592552244663 531.77368631958961 277.66845090687275 684.16400654613972 249.18522261083126
leaf_count=17293 3114 23931 88847 75896 87645 1442677 1488 3938 15925 108670 119397 11521 10272 5415 17475 3067 3283 27889 1123 2170 1135 2781 1002
internal_value=5.8401e-05 -0.000100082 -0.000191936 -0.000474531 0.00147741 -0.000704264 0.00424239 0.00201265 0.00799332 0.00150041 0.000376669 0.00399407 0.00594288 0.000377569 0.00594853 0.00378899 0.00175024 0.00264113 -0.00208392 0.00930096 0.0106879 0.00218227 -0.0100466
internal_weight=516261 498207 491554 421734 43929.4 377805 18054.1 12130.5 5923.57 69819.6 35733.4 10899.9 6732.68 4167.2 6653.43 5890.03 5155.19 34086.2 623.136 5300.44 4084.5 1215.94 1230.63
internal_count=2075954 2001891 1974952 1695065 176492 1518573 74063 49441 24622 279887 143328 44501 27565 16936 26939 23825 20758 136559 2611 22011 17060 4951 4940
is_linear=0
shrinkage=0.02


Tree=72
num_leaves=31
num_cat=0
split_feature=5 9 1 12 41 11 31 9 8 8 46 46 46 46 46 46 46 4 13 46 46 31 46 12 46 30 46 46 8 7
split_gain=849.194 649.079 594.353 448.793 355.053 303.225 244.267 242.17 270.646 250.34 229.223 323.902 217.156 310.543 202.258 180.589 159.606 151.674 138.211 64.6964 63.0353 58.3996 50.7465 47.807 47.6546 34.6828 13.4046 42.8982 2.24273 2.11523
threshold=-0.10258834809064864 -0.11460638791322707 11.773309230804445 0.2454413175582886 1.6319000124931338 -0.016786599531769749 0.12864790856838229 -0.027128588408231732 -0.067837119102478013 -0.019322518259286877 0.50056466460227977 0.49981099367141729 0.50061729550361644 0.50113165378570568 0.4994127899408341 0.49921353161334997 0.49885505437850958 62.503549575805671 0.11052294075489046 0.49916510283946997 0.49803002178668981 -0.16425389796495435 0.49954442679882055 0.0072097973898053178 0.4994127899408341 146196152.00000003 0.49894514679908758 0.49847762286663061 -0.20113492757081983 0.050951013341546066
decision_type=2 2 2 2 10 2 2 2 2 2 2 2 2 2 2 2 2 2 2 2 2 2 2 2 2 10 2 2 2 2
left_child=1 19 3 4 5 -2 12 9 -9 -5 11 15 14 -14 -4 -3 20 -6 25 26 -8 -21 -18 -13 -23 -12 27 -1 -28 -20
right_child=2 10 6 7 17 -7 16 8 -10 -11 18 23 13 -15 -16 -17 22 -19 29 21 -22 24 -24 -25 -26 -27 28 -29 -30 -31
leaf_value=-0.0028996349259322158 0.0018903294489041734 0.00096776915838012406 -0.00017109218163063601 -0.0026450823047691496 0.0048950645286393538 0.00011919024421378949 -0.0022811123506443483 0.0053253425246813195 -0.00018777252050891126 0.0019341012323480788 0.012228132952978062 -0.0039263029812747225 0.0021775998706555491 -0.0012915240000671432 -0.0017100158418979412 0.009573040741838193 -0.0060887393295776917 0.00073469472469230631 0.00080831111460446387 0.0046994969493545135 0.0022773166441217569 0.0033550548893752342 -0.0029125155297217292 0.0005728411866434168 -0.00030467560911736486 0.00081636154061749623 -0.0040627646217971086 0.0016611506094124865 -0.00038513069657183349 -0.00046441719852023086
leaf_weight=724.72833915054798 59969.395493388176 1617.1033746451139 57368.00326924026 28954.514083281159 12027.231197074056 106526.86764237285 1160.0523395091295 2904.8338281214237 73017.987847656012 5057.2208848744631 3287.7672556042671 572.38898698985577 21304.57990641892 18573.343850761652 84364.18317425251 2788.1042143255472 3633.6039004474878 5278.5123274177313 249.44184795022011 677.84285490214825 2337.5755345076323 900.78137157857418 11180.612443819642 2349.452539101243 7259.3721287846565 238.17851905524731 413.03103750944138 961.28123696148396 274.54629319906235 258.93814590573311
leaf_count=2904 240714 6486 230776 116291 48356 427295 4684 11688 293377 20298 14010 2351 85569 74782 339504 11590 14699 21158 1012 2762 9419 3617 45194 9574 29182 1011 1658 3851 1101 1041
internal_value=5.86289e-05 0.00378061 -0.000117675 0.000454467 0.00105727 0.000763404 -0.000956692 -0.000553734 7.89522e-05 -0.00193404 0.00697366 0.00408782 -0.000726286 0.000568475 -0.00109179 0.00707368 -0.00310999 0.00371866 0.0106107 0.000284938 0.0006165 0.00108389 -0.00397581 -0.000986598 0.000373883 0.0117622 -0.00219628 -0.000610491 -0.00361314 0.000273468
internal_weight=516231 22573 493659 293737 183802 166496 199922 109935 75922.8 34011.7 11361.4 7327.05 181610 39877.9 141732 4405.21 18311.8 17305.7 4034.33 11211.6 3497.63 8838 14814.2 2921.84 8160.15 3525.95 2373.59 1686.01 687.577 508.38
internal_count=2075954 92150 1983804 1179177 737523 668009 804627 441654 305065 136589 47075 30001 730631 160351 570280 18076 73996 69514 17074 45075 14103 35561 59893 11925 32799 15021 9514 6755 2759 2053
is_linear=0
shrinkage=0.02


Tree=73
num_leaves=31
num_cat=0
split_feature=5 9 1 0 46 46 3 31 46 46 6 31 46 46 46 1 4 46 46 31 11 46 12 3 7 46 46 22 8 21
split_gain=824.083 612.767 550.618 419.87 560.706 881.551 412.393 316.081 295.576 381.523 250.087 190.454 204.969 189.006 167.104 149.821 126.636 122.541 67.1282 67.9189 66.2714 58.3719 41.6827 33.2107 29.1778 27.256 59.1705 24.2517 19.7712 10.4786
threshold=-0.094160247594118104 -0.10914833471179007 11.773309230804445 0.88696646690368663 0.50209569931030285 0.50182899832725536 0.05604557320475579 0.061185542494058616 0.50056466460227977 0.49981099367141729 10.451240062713625 0.12864790856838229 0.50057384371757518 0.49921353161334997 0.49885505437850958 12.242049217224123 51.980154037475593 0.50226852297782909 0.49916510283946997 -0.16425389796495435 -0.075908631086349473 0.4994127899408341 0.0072097973898053178 0.14099197089672091 0.047049200162291534 0.49894514679908758 0.49847762286663061 28.500000000000004 -0.18041198700666425 -2.7150000333786006
decision_type=2 2 2 2 2 2 2 2 2 2 2 2 2 2 2 2 2 2 2 2 2 2 2 2 2 2 2 2 2 10
left_child=1 18 3 4 5 -2 7 -5 9 13 11 12 -4 -3 -13 20 -8 -6 25 -20 -10 -21 -11 29 -17 26 -1 -25 -27 -12
right_child=2 8 10 6 17 -7 16 -9 15 22 23 14 -14 -15 -16 24 -18 -19 19 21 -22 -23 -24 27 -26 28 -28 -29 -30 -31
leaf_value=-0.0030201213040904973 -0.00034468314286709053 0.0011523867479067784 -0.0009478879120600358 0.0011639776007778043 0.011851810881372521 -0.012141664141151483 0.0023394098732985014 0.0038155200231568339 0.013236693635795218 -0.0040279215978200325 -0.0025417481031514482 0.0011807061999681038 0.00067860857509390656 0.0087989311467833124 -0.0037013061553367995 0.0033494320287638145 -0.0013823881260029412 0.0019354052056587163 0.0048345432939536585 0.0035094971917406315 0.0033816908565760004 -0.00027446880744288105 8.9955177918516276e-06 -0.00081853061388020832 -0.0010928703602179984 -0.0048913171899508815 0.0020060167312273411 -0.0050380552284464662 0.00027231338337357767 -0.00037189610486168089
leaf_weight=896.59967331588268 133631.94867008924 2228.1704129427671 130155.90322880447 100485.09677834809 882.32870216667652 1746.8475724607706 3430.2439206838608 21507.186697334051 2659.5751540958881 684.86121068894863 1592.8977952599525 3067.6002095043659 39929.836990267038 3594.3871833235025 13354.231578573585 874.81468968093395 27322.383111700416 1262.5849906653166 762.55814550817013 1118.8216705620289 1085.8159173876047 9224.2984476387501 3105.8385582715273 987.0760705024004 407.08558882772923 603.61195257306099 1217.5760791450739 6170.13655641675 266.82023110985756 1943.7431572973728
leaf_count=3593 536196 8937 523607 403268 3564 7131 13785 86219 11428 2805 6427 12357 160492 14897 53974 3633 109871 5083 3111 4492 4498 37079 12626 3988 1646 2423 4878 25032 1070 7844
internal_value=5.82619e-05 0.00330035 -0.000138153 0.00041556 -0.000385068 -0.000570639 0.00113458 0.00165429 0.00604774 0.00348624 -0.000951502 -0.000770867 -0.000564585 0.0063859 -0.00277623 0.00974821 -0.000916183 0.00819791 0.000266413 0.000991393 0.0115202 0.000366977 -0.00131702 -0.00381696 0.0020637 -0.00205697 -0.000377212 -0.00460302 -0.00395036 -0.00164907
internal_weight=516201 28730.8 487470 290269 137524 135379 152745 121992 14640.5 9613.26 197201 186508 170086 5822.56 16421.8 5027.29 30752.6 2144.91 14090.3 11105.7 3745.39 10343.1 3790.7 10693.9 1281.9 2984.61 2114.18 7157.21 870.432 3536.64
internal_count=2075954 117116 1958838 1165117 551974 543327 613143 489487 60470 39265 793721 750430 684099 23834 66331 21205 123656 8647 56646 44682 15926 41571 15431 43291 5279 11964 8471 29020 3493 14271
is_linear=0
shrinkage=0.02


Tree=74
num_leaves=27
num_cat=0
split_feature=31 46 46 46 46 46 46 41 46 41 46 46 46 46 46 15 46 11 46 41 46 9 31 7 30 41
split_gain=814.339 783.994 492.139 877.403 577.492 986.233 521.941 459.774 711.685 396.712 598.484 1471.63 471.23 377.594 327.175 312.065 303.073 233.636 161.653 133.735 90.8134 72.3544 66.167 33.7123 11.0364 8.86889
threshold=-0.062901243567466722 0.50209569931030285 0.49857780337333685 0.49854528903961187 0.49874234199523931 0.49885505437850958 0.49889759719371801 -1.8643500208854673 0.49708002805709844 1.6593999862670901 0.50086280703544628 0.50081467628479015 0.50120273232460033 0.49771492183208471 0.50061729550361644 1.819850027561188 0.49877333641052252 0.017241367138922218 0.49894514679908758 -0.63914999365806568 0.49863183498382574 0.19074154645204547 -0.046718165278434746 0.020607518963515762 122726380.00000001 -0.72705000638961781
decision_type=2 2 2 2 2 2 2 8 2 10 2 2 2 2 2 2 2 2 2 8 2 2 2 2 10 10
left_child=1 9 3 7 15 16 -7 13 -9 10 11 -1 -12 -2 18 20 -6 24 -11 -17 -4 22 -5 -16 -3 -19
right_child=2 17 4 21 5 6 -8 8 -10 14 12 -13 -14 -15 23 19 -18 25 -20 -21 -22 -23 -24 -25 -26 -27
leaf_value=0.00098150024015160992 0.012657192300735271 0.013117579215617403 0.0027988766114818227 0.00027082249922727496 0.0013791744827789205 -0.0066275196569052152 -0.00042794338724168378 -0.0063176805954210623 0.0012820450880535351 0.0073535752605883324 -0.0075379646050513574 0.015568851755687316 0.000538264057728027 -0.0018473373383141522 0.00076166007358175413 -0.00064708594111916712 0.0088215107292986712 0.00098576049077741656 0.00029289149564245133 -0.0072615502187147142 -0.0020362467115999697 8.5533770995002253e-05 0.011451588759340532 0.011635556350482301 0.0014712468850383766 -0.0015805749974743928
leaf_weight=57781.217351272702 1355.3468123674393 2296.2097874581814 1776.1676585823298 267.62105841934681 4087.3891853541136 4682.5819504261017 364049.475987643 4966.0740651339293 31875.694389075041 985.09825552999973 4639.1502038389444 2078.075996145606 5898.7183308452368 785.07508014142513 247.75926040112972 1623.5952865183353 4991.6554938256741 254.29323029518127 4760.0578714311123 7934.3899903744459 2995.2462204694748 283.27287681400776 3083.740276068449 1890.0046279430389 265.26678088307381 315.5461707264185
leaf_count=232895 5492 9696 7128 1072 16399 18858 1462904 19979 127867 3962 18643 8620 23793 3150 997 6532 20008 1023 19259 31967 12043 1139 12354 7789 1110 1275
internal_value=5.78442e-05 0.00188296 -0.000286881 0.00173369 -0.000509703 -0.000355262 -0.000521519 0.000754193 0.000139938 0.00142679 0.000916293 0.0016958 -0.00331031 0.00831344 0.00545964 -0.00433713 0.0058706 0.0105786 0.0022854 -0.00628076 -8.6943e-05 0.0101299 0.0107918 0.010945 0.0125716 -0.000529298
internal_weight=516169 81411.4 434757 42616.8 392141 377811 368732 38982.2 36841.8 78280.1 70397.2 59859.3 10537.9 2140.42 7882.92 14329.4 9079.04 3131.32 5745.16 9557.99 4771.41 3634.63 3351.36 2137.76 2561.48 569.839
internal_count=2075954 329062 1746892 171053 1575839 1518169 1481762 156488 147846 315958 283951 241515 42436 8642 32007 57670 36407 13104 23221 38499 19171 14565 13426 8786 10806 2298
is_linear=0
shrinkage=0.02


Tree=75
num_leaves=31
num_cat=0
split_feature=5 9 46 46 46 46 46 46 11 8 31 13 46 46 46 22 46 46 46 12 13 46 46 46 15 46 46 31 27 41
split_gain=796.773 811.519 455.252 722.408 642.29 605.095 968.194 687.142 565.16 418.049 319.099 338.807 310.402 304.303 244.248 243.732 231.303 327.179 251.793 186.352 185.307 149.804 149.753 145.901 143.343 108.155 148.295 106.532 22.5663 22.1497
threshold=-0.062123158946633332 -0.052355265244841569 0.49857780337333685 0.49844005703926092 0.49826757609844213 0.49874234199523931 0.49885505437850958 0.49920678138732916 0.047853203490376479 -0.11209907755255698 -0.0095667196437716467 0.1004801280796528 0.49856409430503851 0.49863183498382574 0.49877333641052252 33.500000000000007 0.50081467628479015 0.50085288286209118 0.50062420964241039 0.41732020676136022 -0.031238406896591183 0.50081467628479015 0.50142759084701549 0.50057384371757518 2.9600499868392949 0.49914966523647314 0.49894514679908758 0.02318660914897919 56.500000000000007 -2.7653499841690059
decision_type=2 2 2 2 2 2 2 2 2 2 2 2 2 2 2 2 2 2 2 2 2 2 2 2 2 2 2 2 2 8
left_child=1 16 3 4 8 13 14 -8 -2 25 12 -12 -5 24 -7 28 18 -18 23 -6 -15 -17 -19 -1 -4 26 -3 -20 -11 -27
right_child=2 9 5 10 19 6 7 -9 -10 15 11 -13 -14 20 -16 21 17 22 27 -21 -22 -23 -24 -25 -26 29 -28 -29 -30 -31
leaf_value=-0.00013086033643910076 0.0031890503283515544 0.0052137083074019928 0.0020110419615807311 -0.001985593134086932 -0.0076970518762699775 0.0014337320855208123 -0.0029194799066449388 -0.00017488146278021332 -0.0034285665422374829 0.0006133248361554403 0.010019796444855239 0.001363239201413358 0.0090361554370650184 -0.010027435369001234 0.0082679678973989479 0.00067984152803676203 0.010743335967382885 -0.001476933279329928 -0.0075293194978602101 -0.00038651183321433582 -0.0035159284858809941 0.0051497897251910766 0.0036966620123938289 0.0051032741336848866 -0.0037964388527862427 0.0031514375964481105 -0.0047503034327706231 0.0018422439417966759 0.0089527282998704012 0.010609483144893747
leaf_weight=33843.797680363059 18266.301967024803 429.25260631740093 3264.0722327381372 3572.3115317672491 3868.8344855159521 3762.9688094556332 40061.044862449169 339632.6643435657 6307.3283501267433 272.8325183391571 5806.0202624052763 2892.5512182414532 497.32388165593147 3171.6585363596678 5432.6563910543919 11716.112816914916 1048.945586502552 3710.664838090539 1644.2289119064808 2114.0003226995468 5862.1285289078951 3353.362983673811 3737.6419395208359 1433.3048957139254 2079.0856204777956 1099.1861708760262 304.26233310997486 251.3999744951725 1867.3583245128393 4836.3786307275295
leaf_count=136096 73284 1731 13106 14328 15515 15098 161121 1364810 25410 1103 23263 11611 1993 12763 21772 47105 4334 14914 6615 8498 23631 13618 15219 5791 8382 4720 1219 1008 7572 20324
internal_value=5.85456e-05 0.00203647 -0.000252714 0.00167604 -2.99887e-05 -0.000462976 -0.000309204 -0.000470253 0.00143342 0.00495641 0.00550945 0.00751394 0.000673498 -0.00437635 0.00582461 0.00304861 0.000447968 0.00326342 -0.000253308 -0.00547881 -0.00645905 0.0018934 0.00123032 0.000195193 -0.00045675 0.00898984 0.000750722 -0.00610228 0.00836162 0.00978907
internal_weight=516140 69548.7 446591 43324.7 30556.5 403266 388889 379694 24573.6 23878.7 12768.2 8698.57 4069.64 14376.9 9195.63 17209.7 45670 8497.25 37172.7 5982.83 9033.79 15069.5 7448.31 35277.1 5343.16 6669.08 733.515 1895.63 2140.19 5935.56
internal_count=2075954 281369 1794585 173902 122707 1620683 1562801 1525931 98694 97392 51195 34874 16321 57882 36870 69398 183977 34467 149510 24013 36394 60723 30133 141887 21488 27994 2950 7623 8675 25044
is_linear=0
shrinkage=0.02


Tree=76
num_leaves=32
num_cat=0
split_feature=5 9 12 25 46 46 46 46 27 46 46 46 46 46 15 46 13 11 3 8 46 3 46 12 11 15 15 46 46 8 12
split_gain=777.777 600.072 544.172 360.716 341.521 960.196 578.17 1320.11 506.984 376.142 227.74 354.289 212.198 308.988 172.315 170.771 132.166 127.724 113.832 95.112 62.3816 54.1358 46.255 45.8069 37.9209 23.6676 20.8104 12.8214 41.0633 2.27351 1.9968
threshold=-0.10258834809064864 -0.11460638791322707 0.15579534322023394 12.745228290557863 0.50065359473228466 0.50063318014144909 0.50182899832725536 0.50209569931030285 252.50000000000003 0.50061729550361644 0.49810646474361425 0.49816361069679266 0.50056466460227977 0.49981099367141729 2.3390499353408818 0.49921353161334997 0.11052294075489046 0.036363603547215469 -0.049987817183136933 -0.017362524755299088 0.49916510283946997 -0.16693676263093946 0.49937368929386144 0.0072097973898053178 -0.079594179987907396 3.0935499668121342 8.2279500961303729 0.49894514679908758 0.49847762286663061 -0.20113492757081983 0.71390491724014293
decision_type=2 2 2 2 2 2 2 2 2 2 2 2 2 2 2 2 2 2 2 2 2 2 2 2 2 2 2 2 2 2 2
left_child=1 20 3 14 5 9 8 -8 -6 -4 17 -12 13 15 18 -3 24 -5 -2 -16 27 25 -23 -15 -14 -22 -7 28 -1 -29 -18
right_child=2 12 4 10 6 26 7 -9 -10 -11 11 -13 16 23 19 -17 30 -19 -20 -21 21 22 -24 -25 -26 -27 -28 29 -30 -31 -32
leaf_value=-0.0028475264870086148 0.0042481896157964402 0.00092281347284821488 -0.00084726754046491541 0.0057396567490900557 0.0042986922483985853 -0.011760328955933902 -0.011839859152430899 0.0015542251547563317 0.00022173855901982977 0.0046853454965109587 -0.010262487780824777 8.0992636596789646e-05 0.01264375821538114 -0.0038899077316343505 -0.00037227350609358545 0.0092822323082699925 0.0007387593004808536 -0.0024066998159418627 0.0018262158070667389 0.0022757719430911917 0.0036245967580093813 0.003181899640220164 -0.0013013755638656645 0.00052212679007436046 0.0030060371806068559 0.00064439719544213969 -0.0010957391974944365 -0.0040054778602807619 0.0016160562489830764 -0.00037435042064763843 -0.00048732181358338066
leaf_weight=724.58810456097126 15487.425070658326 1616.9408900737762 260918.33208563924 3307.0941758006811 17563.266609042883 2447.0641958117485 3677.9967516958714 7990.6569442301989 36503.670160323381 4187.4496338814497 504.71197821199894 99616.481142655015 2653.0727912783623 572.63609579205513 13316.272713974118 2779.4162262380123 258.06183907389641 455.19281694293022 19236.919965937734 8099.4714374244213 2138.0496053695679 311.991669729352 4031.7095821350813 2348.1500191986561 846.6213413476944 2353.7385039329529 263.26832146942616 412.83452840149403 961.30431106686592 274.51952980458736 249.83408331871033
leaf_count=2904 62276 6486 1049352 13256 70422 9876 15085 32306 146430 16837 2022 400061 11494 2351 53451 11590 1046 1825 77083 32459 8637 1251 16202 9574 3527 9471 1063 1658 3851 1101 1007
internal_value=5.87812e-05 0.00362394 -0.000109842 0.000846205 -0.000569487 -0.000886158 0.000715573 -0.00317774 0.00159151 -0.000745391 0.00014359 -5.58463e-05 0.00670089 0.00392632 0.0021251 0.00684767 0.010212 0.00449498 0.0029811 0.000677125 0.000265277 0.0010508 -0.000516773 -0.00101666 0.0113433 0.00240991 -0.011228 -0.00216999 -0.000610231 -0.00355831 0.000206738
internal_weight=516109 22533.5 493575 160024 333552 267816 65735.6 11668.7 54066.9 265106 103883 100121 11324.7 7317.14 56140.1 4396.36 4007.59 3762.29 34724.3 21415.7 11208.7 8835.49 4343.7 2920.79 3499.69 4491.79 2710.33 2373.25 1685.89 687.354 507.896
internal_count=2075954 92150 1983804 642433 1341371 1077128 264243 47391 216852 1066189 417164 402083 47075 30001 225269 18076 17074 15081 139359 85910 45075 35561 17453 11925 15021 18108 10939 9514 6755 2759 2053
is_linear=0
shrinkage=0.02


Tree=77
num_leaves=28
num_cat=0
split_feature=31 11 46 46 46 46 46 8 46 46 46 46 46 46 46 46 46 46 46 31 15 13 11 3 25 25 46
split_gain=771.753 633.045 722.769 1123.95 736.135 406.392 405.049 549.082 331.789 831.099 330.866 265.546 518.456 222.773 192.816 465.021 418.893 189.766 440.103 116.37 60.7128 54.7199 30.1645 25.9045 15.481 5.13651 0.529133
threshold=-0.11325447261333464 -0.017763705924153324 0.50209569931030285 0.50182899832725536 0.50081467628479015 0.49708002805709844 0.49857780337333685 -0.030902467668056485 0.50049507617950451 0.50037893652915966 0.49874234199523931 0.50086280703544628 0.50120273232460033 0.50114527344703685 0.49980013072490698 0.49942737817764288 0.50019595026969921 0.50220662355422985 0.50254967808723461 0.14259918034076693 6.2813501358032235 0.074052575975656523 -0.0014732601703144608 -0.011448658537119625 14.928381443023683 14.243635177612306 0.50041747093200695
decision_type=2 2 2 2 2 2 2 2 2 2 2 2 2 2 2 2 2 2 2 2 2 2 2 2 2 2 2
left_child=8 2 3 4 -2 20 7 -7 9 14 -8 21 13 -13 15 -1 -16 -4 -19 -5 22 24 -3 -14 -10 -22 -11
right_child=1 5 17 19 -6 6 10 -9 11 26 -12 12 23 -15 16 -17 -18 18 -20 -21 25 -23 -24 -25 -26 -27 -28
leaf_value=0.0011773312101590102 0.00031766046955816968 -0.00060404604540484276 0.013923051465641332 -0.011959675540683246 0.0040560916286116371 -0.0028103549848216324 -0.0039954927724742944 0.0032781487549437202 0.013534872689012279 -0.010578778274108193 -0.00060496968942889832 0.001256184509353727 0.0082547999176561943 -0.011072794850778103 -0.0037567714321027636 0.011498710749083431 0.0073007688787960134 -0.0028102185798812231 0.0091500500139725053 0.00047243690573374518 -0.00096868808531666811 0.0010545190444523689 -0.0076699280699564993 0.00037694549533760573 0.0013554495815530829 0.00094806126143463863 -0.0012401958324548732
leaf_weight=4249.5618217587471 141216.10281571746 419.00464121997356 983.47046263515949 2232.6791367083788 23963.716552421451 7325.1765194237232 11208.599302396178 21643.793974637985 1812.6653988063335 981.1596265733242 281534.65236783028 851.99562948942184 2016.2023670971394 363.92552638053894 2890.8600969165564 2410.8793900609016 1331.0905992537737 1657.8757642954588 1944.8502192795277 264.93796864151955 311.59892755746841 333.10861523449421 3112.5991051197052 265.68401335179806 246.94330810010433 253.30281640589237 249.18080821633339
leaf_count=17293 567113 1683 3984 9128 96278 29366 45157 86859 7661 3938 1131733 3473 8581 1472 11749 10044 5415 6665 8016 1077 1260 1350 12551 1069 1016 1021 1002
internal_value=5.79215e-05 -9.22244e-05 0.000885765 0.000649935 0.000877755 -0.000610262 -0.000521474 0.00170284 0.00403131 0.00189797 -0.00074582 0.00763551 0.0029508 -0.00544455 0.00385411 0.00578071 0.000360671 0.00807584 0.00415407 -0.0108531 -0.00631059 0.0119426 -0.00710842 0.00768549 0.0128891 -5.53563e-05 -0.00995649
internal_weight=516076 498072 172264 167677 165180 325809 321712 28969 18003.3 12112.7 292743 5890.52 3497.81 1215.92 10882.4 6660.44 4221.95 4586.2 3602.73 2497.62 4096.51 2392.72 3531.6 2281.89 2059.61 564.902 1230.34
internal_count=2075954 2001891 692261 673596 663391 1309630 1293115 116225 74063 49441 1176890 24622 14595 4945 44501 27337 17164 18665 14681 10205 16515 10027 14234 9650 8677 2281 4940
is_linear=0
shrinkage=0.02


Tree=78
num_leaves=27
num_cat=0
split_feature=31 46 46 46 46 46 46 27 27 27 46 46 46 46 46 46 46 15 46 11 46 46 9 31 30 5
split_gain=751.722 740.355 452.141 834.688 525.545 925.415 496.369 458.956 647.086 429.716 360.235 1155.72 808.736 390.23 740.195 596.149 319.746 300.175 284.514 223.883 99.0942 84.2779 69.5898 62.2494 11.451 5.51451
threshold=-0.062901243567466722 0.50209569931030285 0.49857780337333685 0.49854528903961187 0.49874234199523931 0.49885505437850958 0.49889759719371801 157.50000000000003 73.500000000000014 406.50000000000006 0.49981318414211279 0.49921353161334997 0.49894514679908758 0.50042408704757702 0.50086280703544628 0.50037893652915966 0.49961824715137487 1.819850027561188 0.49877333641052252 0.017241367138922218 0.49863183498382574 0.49863183498382574 0.19074154645204547 -0.046718165278434746 122726380.00000001 0.0092277112416923063
decision_type=2 2 2 2 2 2 2 2 2 2 2 2 2 2 2 2 2 2 2 2 2 2 2 2 10 2
left_child=1 10 3 7 17 18 -7 8 -2 -9 11 12 -1 15 -15 -12 -13 21 -6 24 -19 -4 23 -5 -3 -21
right_child=2 19 4 22 5 6 -8 9 -10 -11 13 16 -14 14 -16 -17 -18 20 -20 25 -22 -23 -24 -25 -26 -27
leaf_value=0.0021284848690215387 -0.00084312070952768416 0.012775467282230968 0.0027787519546344109 0.00027026109158041241 0.0013379310480062545 -0.0064577020702626855 -0.0004099265136972923 -0.0040451574794903092 0.0087906899070711638 0.001045623246362179 0.00030485786489684816 0.0037834716773458587 -0.0070115710239708933 0.0057888634918388231 -0.0013688484439154621 -0.0069654361967989202 0.0094550431074491865 -0.0025233409755826097 0.0085486839190459969 -0.0014068633155185854 -0.007568037638400439 -0.0018792933740294959 6.3992141832334051e-05 0.011142119659184739 0.0014121370884473236 0.00064669005515516039
leaf_weight=9589.4965015649796 5120.0852878391743 2282.1647527217865 1776.2362285405397 267.6027347445488 4087.6974890828133 4678.7478490024805 364001.5926592201 8918.7815041393042 4955.0248636603355 19984.412168607116 15577.608377382159 14035.403637424111 5366.1256287842989 9890.12902328372 11978.662051916122 5475.726630911231 6323.1183751821518 3549.1311027854681 4993.4056451767683 247.30616000294685 5998.4042010307312 2993.125524520874 283.34986750781536 3082.9338874071836 264.44051717221737 322.358443826437
leaf_count=38471 20556 9696 7128 1072 16399 18858 1462904 35822 19887 80223 62741 57024 21531 40295 48378 21976 25542 14295 20008 1003 24204 12043 1139 12354 1110 1295
internal_value=5.74135e-05 0.00181166 -0.000273744 0.00166308 -0.000487343 -0.000340048 -0.000501144 0.000708328 0.00420581 -0.0005949 0.00136911 0.00284008 -0.00134885 0.000127645 0.00196229 -0.00178017 0.00584908 -0.00414013 0.00569011 0.010278 -0.00604766 1.12037e-05 0.00985269 0.0105018 0.0122374 -0.000550606
internal_weight=516043 81352.5 434691 42612.2 392078 377761 368680 38978.3 10075.1 28903.2 78236.3 35314.1 14955.6 42922.1 21868.8 21053.3 20358.5 14316.9 9081.1 3116.27 9547.54 4769.36 3633.89 3350.54 2546.61 569.665
internal_count=2075954 329062 1746892 171053 1575839 1518169 1481762 156488 40443 116045 315958 142568 60002 173390 88673 84717 82566 57670 36407 13104 38499 19171 14565 13426 10806 2298
is_linear=0
shrinkage=0.02


Tree=79
num_leaves=32
num_cat=0
split_feature=12 10 22 28 46 46 6 46 41 46 46 46 22 41 27 46 46 27 5 41 3 46 9 22 15 3 41 11 15 46 46
split_gain=740.666 640.838 409.892 358.668 325.41 419.913 305.018 383.345 299.93 387.456 639.632 590.139 287.566 285.485 277.317 267.531 263.646 191.388 173.327 125.224 117.931 110.668 88.5167 84.5526 79.439 80.9345 63.8066 61.9031 52.069 7.75161 2.13218
threshold=0.15579534322023394 -0.10489510372281073 30.500000000000004 -27.284999847412106 0.50081467628479015 0.4998085498809815 5.3815598487854013 0.50081467628479015 1.6319000124931338 0.50113165378570568 0.50120273232460033 0.50107342004776012 14.500000000000002 0.54565000534057628 136.50000000000003 0.49921353161334997 0.49920678138732916 83.500000000000014 0.038522860035300262 -2.4991500377655025 0.096165783703327193 0.49904598295688635 -0.007962036877870558 84.500000000000014 3.5024000406265263 -0.054831026121973984 -2.7653499841690059 -0.109946571290493 4.7707500457763681 0.50020712614059459 0.50085288286209118
decision_type=2 2 2 8 2 2 2 2 10 2 2 2 2 10 2 2 2 2 2 8 2 2 2 2 2 2 8 2 2 2 2
left_child=1 4 12 14 5 15 7 -5 9 11 -11 -3 19 -7 17 -1 21 -4 -18 30 -8 -14 -21 -16 25 -10 27 -6 -28 -26 -2
right_child=2 8 3 6 26 13 20 -9 24 10 -12 -13 16 -15 23 -17 18 -19 -20 22 -22 -23 -24 -25 29 -27 28 -29 -30 -31 -32
leaf_value=0.00046633698802495859 0.0049662419467878917 0.00061596817634905195 -0.0029776403921826602 -0.00066166952020303997 0.0039253084966853705 -0.0042473424726760722 -0.00082902894751855048 0.0013988048569315262 0.0059800948346104485 -0.011910603952120081 -0.00066082514792139126 0.011884804099608674 0.00085543196040176672 0.0046807843592651137 -0.0057128902253392464 0.0086913725024544489 0.0058392492886062079 0.005209533065525406 0.00089863585929935395 -0.0025795832861177487 -0.0031925824467343511 -0.00513113305238996 0.00025532424835089635 0.00062862517826404465 -0.0010019738592350624 0.0022766461803103415 0.010754726466593176 -0.0028148762414220798 0.00033560940035368028 0.00090486383545292375 0.00048659857794975151
leaf_weight=2529.2220774739981 832.18364822864532 126444.03135430813 1506.4781439304352 216141.53746762872 321.56942681968212 3572.3451232165098 14880.341250091791 42520.840953439474 4677.5410606563091 1661.6703594923019 11182.529382616282 1053.028678715229 4057.8055020868778 1329.5240363627672 9743.8462594151497 3883.3845802694559 9838.6424473673105 1457.2090984582901 4341.9731631577015 6024.4641087800264 21320.751084148884 835.82961907982826 11937.975876808167 743.09590809047222 1232.6069714874029 7299.7032282650471 3247.1358493715525 240.23158587515354 259.36875326931477 648.87883512675762 247.78765572607517
leaf_count=10141 3358 507327 6063 868994 1455 14490 59918 170989 18847 6658 45026 4217 16294 5462 39226 16044 39519 5851 17451 24231 86339 3360 48065 2992 4949 29281 13742 989 1058 2604 1014
internal_value=5.72349e-05 0.00113704 -0.000472808 -0.000715425 0.00492182 0.00279924 -0.000563721 -0.000319527 0.000734913 0.000447367 -0.0027564 0.000786012 0.0014628 -0.00149584 -0.00381297 0.00587615 0.00314377 0.00130843 0.00446106 -0.000282425 -0.00226181 -0.000767304 -0.000767979 -0.00525016 0.00345521 0.00401942 0.00933892 0.00108246 0.0101977 -0.000267699 0.00460063
internal_weight=516014 169583 346431 308314 15382.8 11314.5 294863 258662 154200 140341 12844.2 127497 38116.7 4901.87 13450.6 6412.61 19074.3 2963.69 14180.6 19042.4 36201.1 4893.64 17962.4 10486.9 13858.7 11977.2 4068.31 561.801 3506.5 1881.49 1079.97
internal_count=2075954 682290 1393664 1240372 63381 46137 1186240 1039983 618909 563228 51684 511544 153292 19952 54132 26185 76624 11914 56970 76668 146257 19654 72296 42218 55681 48128 17244 2444 14800 7553 4372
is_linear=0
shrinkage=0.02


Tree=80
num_leaves=26
num_cat=0
split_feature=31 41 3 46 46 46 46 46 46 46 3 46 7 9 41 31 46 41 9 46 32 25 25 24 4
split_gain=728.441 680.122 499.747 698.549 1817.56 1388.75 362.36 397.475 175.283 322.307 157.18 146.781 144.344 137.213 164.038 120.839 98.886 77.0105 64.6518 20.1332 19.2019 18.6736 7.52842 4.85349 3.61172
threshold=-0.12519322335720059 -3.6967499256134029 0.077592357993125929 0.50209569931030285 0.50182899832725536 0.50220662355422985 0.50182899832725536 0.50120273232460033 0.49960190057754522 0.50254967808723461 -0.066520493477582918 0.50085288286209118 0.024612912908196453 -0.1397505775094032 -5.8871500492095938 0.049549028277397163 0.4998085498809815 -3.0253500938415523 0.011800159700214865 0.50061729550361644 0.8896596133708955 13.530066013336183 15.042975902557375 -22.43225002288818 45.765766143798835
decision_type=2 8 2 2 2 2 2 2 2 2 2 2 2 2 8 2 2 10 2 2 2 2 2 2 2
left_child=10 8 3 4 -3 -5 7 -4 20 11 12 -10 16 21 -15 -8 -1 -18 19 24 -2 -14 23 -20 -12
right_child=1 2 6 5 -6 -7 15 -9 9 -11 18 -13 13 14 -16 -17 17 -19 22 -21 -22 -23 -24 -25 -26
leaf_value=0.0046369625123854107 0.0097918363142072661 0.00021582041497345361 -0.0014110052119062227 0.017024460910226562 -0.01132994504347647 -7.2407500443292681e-05 -0.0016591018665431496 0.0035885929249381749 0.0017585325501614719 0.0098867489717708763 -0.003219567253037793 -0.0053957013114091113 0.0023409955482923679 -0.0020552054202358154 0.0094766275861572265 -0.00858513197203244 -0.0046433191392185698 0.0017453035130933301 0.00015989814883770443 0.0008926394602350793 0.00085267804808372531 -0.00091892484136129357 -0.0001065685251438596 0.0035788456678210018 -0.00021621884284822549
leaf_weight=950.20089107751846 2357.5845279544592 379453.25138275325 94435.309481412172 2080.994549870491 4695.6224958449602 5426.8953376561403 2075.7897282391787 6022.7811339348555 2674.2201496660709 794.14128601551056 790.26833645999432 880.9870188832283 678.19247443974018 247.41684421896935 4936.3694020658731 2771.9227836281061 661.23769867420197 867.20251387357712 272.65312734246254 371.14595611393452 274.79098388552666 677.55450646579266 254.31484776735306 1014.3441816717386 320.75368411839008
leaf_count=3905 9592 1523445 380849 8415 19211 21904 8428 24153 10769 3373 3187 3547 2752 1042 20909 11347 2694 3565 1101 1508 1108 2734 1024 4100 1292
internal_value=5.70453e-05 -6.28839e-05 -0.000154715 0.00017482 5.03446e-05 0.00589931 -0.00137206 -0.00108405 0.00578992 0.0025131 0.00475387 -0.000704794 0.00598124 0.00740703 0.00871668 -0.00630101 0.00129839 -0.00168334 0.00058925 -0.00190214 0.00929015 0.000982434 0.00281179 0.00320376 -0.00281883
internal_weight=515986 503944 496963 391657 384149 7507.89 105306 100458 6981.72 4349.35 12041.7 3555.21 9018.17 6539.53 5183.79 4847.71 2478.64 1528.44 3023.48 1482.17 2632.38 1355.75 1541.31 1287 1111.02
internal_count=2075954 2026141 1997752 1572975 1542656 30319 424777 405002 28389 17689 49813 14316 37601 27437 21951 19775 10164 6259 12212 5987 10700 5486 6225 5201 4479
is_linear=0
shrinkage=0.02


Tree=81
num_leaves=32
num_cat=0
split_feature=5 9 12 46 46 46 46 46 27 27 9 8 46 46 46 22 13 46 30 13 11 46 3 46 12 11 15 46 46 8 12
split_gain=712.804 568.674 493.187 375.586 551.73 865.484 379.33 359.502 325.221 890.873 319.18 437.336 222.859 199.462 292.203 183.891 161.758 159.153 158.524 125.738 117.155 59.2915 50.9972 46.0898 43.9895 40.0432 22.8191 11.9977 40.0755 2.27971 1.96522
threshold=-0.10258834809064864 -0.11460638791322707 0.23771333694458011 0.49859915673732763 0.49844005703926092 0.49826757609844213 0.49874234199523931 0.49885505437850958 157.50000000000003 56.500000000000007 -0.033515935763716691 -0.065527059137821184 0.50081467628479015 0.50056466460227977 0.49981099367141729 663.50000000000011 -0.041578529402613633 0.49921353161334997 275067648.00000006 0.11052294075489046 0.032658534124493606 0.49916510283946997 -0.16693676263093946 0.49937368929386144 0.0072097973898053178 -0.086449827998876558 3.0935499668121342 0.49894514679908758 0.49847762286663061 -0.20113492757081983 0.71390491724014293
decision_type=2 2 2 2 2 2 2 2 2 2 2 2 2 2 2 2 2 2 8 2 2 2 2 2 2 2 2 2 2 2 2
left_child=1 21 3 4 5 -2 16 -8 9 18 12 -12 -10 14 17 -11 -5 -3 -4 25 -6 27 26 -24 -16 -15 -23 28 -1 -29 -21
right_child=2 13 8 6 20 -7 7 -9 10 15 11 -13 -14 19 24 -17 -18 -19 -20 30 -22 22 23 -25 -26 -27 -28 29 -30 -31 -32
leaf_value=-0.002833017516150841 0.00308464435881599 0.00090719256227999451 -0.0037748161946900651 -0.0067895093168968594 0.0084420083869853769 -0.0079603460855432254 0.005108673079968584 0.00030682694060487779 -0.0030385830940853355 0.0037484119634143814 0.0044059315278580993 -0.00084845743085754934 0.00064651061727496008 0.01249492678563912 -0.003825180825009219 -0.0007546463767974243 -0.00073000791187863333 0.0089922356399021082 -0.00071666323741014577 0.00071199561436749491 0.0017015579958210188 0.0034878956827234932 0.0031584872049279615 -0.001318942068277137 0.00050056727829194249 0.0032489533309458204 0.00058627234778277956 -0.0039561340761510352 0.0015792281611643141 -0.00036612768541231355 -0.00049999038864797054
leaf_weight=724.50601953268051 11723.875579327345 1616.666821911931 9508.4465202540159 3277.4341414421797 5608.2862347960472 2832.6025343239307 5608.111265167594 198916.34410239756 41500.453844413161 24299.058106809855 5796.2582434117794 146455.14276480675 7456.895292699337 2481.591041430831 573.19137513637543 3943.3305979818106 3479.4863090962172 2767.799637645483 21233.074064031243 257.81606820225716 1821.781260073185 2135.6152011305094 311.98520603775978 4030.370237827301 2346.9712415039539 992.98288898169994 2352.6147252619267 412.63012766838074 961.23672702908516 274.48345740139484 249.7028590887785
leaf_count=2904 47010 6486 38319 13172 22489 11353 22475 798852 166835 97649 23326 589776 29961 10864 2351 15846 13980 11590 85460 1046 7301 8637 1251 16202 9574 4157 9471 1658 3851 1101 1007
internal_value=5.67631e-05 0.00347306 -0.000104558 0.000562151 0.00300008 0.000619083 0.000297602 0.000458801 -0.000702167 0.000597426 -0.00108404 -0.0006254 -0.00247583 0.00647505 0.0037884 0.003116 -0.004094 0.00663501 -0.00173764 0.00988823 0.0071293 0.000208595 0.000977677 -0.000538279 -0.00101154 0.0109972 0.0022986 -0.00216147 -0.000627489 -0.00351186 0.000174673
internal_weight=515951 22490.2 493461 233268 21986.5 14556.5 211281 204524 260193 58983.9 201209 152251 48957.3 11286.7 7304.63 28242.4 6756.92 4384.47 30741.5 3982.09 7430.07 11203.4 8830.59 4342.36 2920.16 3474.57 4488.23 2372.86 1685.74 687.114 507.519
internal_count=2075954 92150 1983804 936632 88153 58363 848479 821327 1047172 237274 809898 613102 196796 47075 30001 113495 27152 18076 123779 17074 29790 45075 35561 17453 11925 15021 18108 9514 6755 2759 2053
is_linear=0
shrinkage=0.02


Tree=82
num_leaves=25
num_cat=0
split_feature=11 46 31 0 1 22 22 46 46 46 46 10 46 1 46 46 3 46 45 46 3 41 46 41
split_gain=702.096 818.641 520.868 411.284 471.619 382.357 467.518 324.116 1148.98 549.611 264.352 221.624 203.139 174.199 173.203 138.463 127.839 115.219 81.6672 79.633 37.5689 25.0701 14.1682 25.2769
threshold=-0.033177906647324555 0.50317525863647472 -0.12519322335720059 0.82740780711174022 10.391848564147951 32.500000000000007 12.500000000000002 0.50081467628479015 0.50085288286209118 0.49961262941360479 0.50282806158065807 0.010152288246899845 0.49737906455993658 12.342667579650881 0.50209569931030285 0.49942737817764288 0.0096216630190610903 0.50085288286209118 19.500000000000004 0.49979239702224737 -0.034641640260815613 -1.2899500131607053 0.49863183498382574 0.70394998788833629
decision_type=2 2 2 2 2 2 2 2 2 2 2 2 2 2 2 2 2 2 2 2 2 10 2 8
left_child=1 5 15 11 12 6 19 9 -9 -7 -6 14 -5 -8 -4 22 -13 20 -3 -1 -17 -19 -2 -24
right_child=2 18 3 4 10 7 13 8 -10 -11 -12 16 -14 -15 -16 17 -18 21 -20 -21 -22 -23 23 -25
leaf_value=0.0020401142488912392 0.0013627457641505808 0.00039379187252439925 -0.0020937200632005779 -0.0058252591446010761 -0.00032906191925778297 0.0019093880638599919 0.0092474341580524692 0.013779544705493021 0.0008783926786853426 -0.0011841881562973642 -0.0054643907199903785 0.0013898226894210051 0.0019121425729067712 0.0022654887004691713 0.0040835174776006102 0.0092162586835537047 -0.0011498359442164128 -0.0021640964008623038 0.014388648661562942 -0.0019444623079930749 0.0016625176971621217 0.0018917787023431637 0.00097327506225209509 -0.0033392704713645026
leaf_weight=3104.148026868701 292.84041924774647 233.78508149087429 83544.991691336036 600.94052673876286 216195.20926456153 40524.415131554008 4917.7693363875151 2469.489719837904 17579.169476285577 50844.73102389276 3253.5099895894527 13831.817963987589 48766.531523704529 2817.5054932534695 1106.3369384557009 2597.9797670990229 16414.676569640636 346.36844827234745 1252.6186121851206 3248.317257091403 749.29388716816902 420.72655144333839 478.62247775495052 331.01498202979565
leaf_count=12494 1175 956 335539 2408 869879 163127 19863 10125 70895 204614 13205 55520 195468 11325 4460 10761 66038 1398 5593 13120 3021 1710 1927 1333
internal_value=5.64653e-05 0.00134262 -0.000365462 -0.000456346 -2.70858e-05 0.001117 0.00412728 0.000708414 0.00295643 0.000192754 -0.000425692 -0.00145317 0.00172231 0.0071743 -0.00197375 0.00545741 1.76704e-05 0.0068904 0.0131233 1.32641e-05 0.00819685 -0.000112428 -0.000555703 -0.00159051
internal_weight=515923 126992 388931 383714 268816 125506 14087.7 111418 20048.7 91369.1 219449 114898 49367.5 7735.27 84651.3 5216.85 30246.5 4114.37 1486.4 6352.47 3347.27 767.095 1102.48 809.637
internal_count=2075954 512112 1563842 1542517 1080960 505563 56802 448761 81020 367741 883084 461557 197876 31188 339999 21325 121558 16890 6549 25614 13782 3108 4435 3260
is_linear=0
shrinkage=0.02


Tree=83
num_leaves=27
num_cat=0
split_feature=31 41 41 46 46 46 46 46 46 12 46 46 46 46 46 46 46 46 1 46 46 46 41 1 41 27
split_gain=687.033 585.185 524.775 391.222 485.677 367.001 1401.84 852.69 357.542 249.23 229.385 692.657 498.376 351.131 188.773 183.647 143.655 150.399 125.649 124.882 236.59 165.485 129.328 107.405 106.385 41.8945
threshold=-0.093194238841533647 -3.6967499256134029 1.0393499732017519 0.50065359473228466 0.50063318014144909 0.50113165378570568 0.50081467628479015 0.50120273232460033 0.50075060129165661 0.15379285067319873 0.49980457127094274 0.50042009353637706 0.49942737817764288 0.50037893652915966 0.50085288286209118 0.4994127899408341 0.49803002178668981 0.49908983707427984 12.325972080230715 0.49942737817764288 0.49980013072490698 0.49887453019618994 0.6601499915122987 12.484486103057863 -3.0253500938415523 30.500000000000004
decision_type=2 8 8 2 2 2 2 2 2 2 2 2 2 2 2 2 2 2 2 2 2 2 8 2 10 2
left_child=9 16 5 4 -4 6 -3 -7 -5 10 12 13 15 -12 -13 -1 -2 -18 -19 21 25 23 -23 -11 -22 -21
right_child=1 2 3 8 -6 7 -8 -9 -10 19 11 14 -14 -15 -16 -17 17 18 -20 20 24 22 -24 -25 -26 -27
leaf_value=0.003697134124676137 0.011466499840419461 -0.00095847873297393797 0.00026948235581559723 0.0090313699751381499 -0.0092445008685417898 -0.012136046616664949 0.0044887108869187406 -0.0015447539827735132 0.001782115883141769 0.0049184664902278564 0.00042412929288706701 0.010541957002456684 0.013033592142854447 -0.010046492935448228 0.0026948348746070627 -0.0050743950887849757 -0.0028673006502094563 0.0067996640545586132 0.00014157118027742111 -0.00020631793696942378 -0.00198440521190084 0.000375611397129753 -0.0069745391321429529 -0.0023522068069042664 0.0019562758782269317 0.0075857064206337243
leaf_weight=3634.8588594198227 743.50045262277126 238901.38093860447 152173.82027202845 2212.7770042866468 1339.3582047522068 2717.7828981280327 19686.640053614974 23659.830988511443 35065.411471664906 1266.6353610754013 3766.1974204480648 2119.1017747670412 2462.7577487081289 1055.6479387879372 3495.3753229379654 439.83525381982327 715.8228595405817 2776.131886318326 1705.522501423955 257.207858517766 3592.9122089594603 1475.7876842319965 1518.2285961806774 687.18707212805748 6431.403642103076 1993.4529369175434
leaf_count=14831 3052 960084 611495 8874 5402 10897 78957 95406 141005 5082 15336 8932 10296 4238 14682 1774 2870 11281 6862 1052 14551 5955 6115 2753 26027 8145
internal_value=5.67651e-05 -0.000139668 -0.000222423 0.000587817 0.000136751 -0.000765035 -0.000530618 -0.00297599 0.00240147 0.00276098 0.00442692 0.00228665 0.0071957 -0.0030156 0.00664088 0.00204623 0.00569576 0.00339317 0.00468741 0.000989883 0.00203443 -0.00152064 -0.0040611 0.0024223 0.000499627 0.00688035
internal_weight=515895 481698 475757 190791 153513 284966 258588 26377.6 37278.2 34196.6 16973.8 10436.3 6537.45 4821.85 5614.48 4074.69 5940.98 5197.48 4481.65 17222.8 12275 4947.84 2994.02 1953.82 10024.3 2250.66
internal_count=2075954 1936185 1912120 766776 616897 1145344 1039041 106303 149879 139769 70089 43188 26901 19574 23614 16605 24065 21013 18143 69680 49775 19905 12070 7835 40578 9197
is_linear=0
shrinkage=0.02


Tree=84
num_leaves=30
num_cat=0
split_feature=5 9 8 46 46 46 46 46 11 46 46 46 46 46 46 46 13 46 46 8 46 15 31 46 46 30 9 0 41
split_gain=677.471 794.618 452.416 410.394 647.874 534.731 866.647 602.668 442.966 383.016 281.852 229.483 226.993 220.594 371.178 265.805 177.782 167.078 149.868 146.016 141.201 135.352 119.263 111.431 190.826 99.613 98.7217 52.1896 48.7094
threshold=-0.057800913229584687 -0.051331339403986924 -0.11030452698469161 0.49857780337333685 0.49854528903961187 0.49874234199523931 0.49885505437850958 0.49920678138732916 0.047853203490376479 0.49810646474361425 0.49863183498382574 0.50081467628479015 0.49877333641052252 0.50081467628479015 0.50085288286209118 0.50062420964241039 -0.031238406896591183 0.50061729550361644 0.50062420964241039 -0.005151141667738556 0.50142759084701549 2.8974499702453618 0.025507341139018539 0.49914966523647314 0.49894514679908758 1.0000000180025095e-35 -0.013766418676823376 1.569876551628113 -2.7653499841690059
decision_type=2 2 2 2 2 2 2 2 2 2 2 2 2 2 2 2 2 2 2 2 2 2 2 2 2 10 2 2 8
left_child=1 13 23 4 8 10 12 -8 9 -2 21 18 -7 15 -15 17 -12 -1 -4 -10 -16 -5 -17 24 -3 27 -13 -6 -25
right_child=3 2 11 5 25 6 7 -9 19 -11 16 26 -14 14 20 22 -18 -19 -20 -21 -22 -23 -24 28 -26 -27 -28 -29 -30
leaf_value=-0.00018298699191965506 0.0044439451367554927 0.0057076426550199989 0.0019240808806151807 0.0020655511989629716 0.010220738483346575 0.001299928975791961 -0.0027736733138632079 -0.00017975328702715828 -0.00677466322878016 -0.00010065532706248208 -0.0097193839089134444 0.0013710889802358798 0.0079335450472313024 0.010704801809296905 -0.0015552165752898296 -0.0076140981603953157 -0.0033218383637359091 0.0072493897512603527 -0.0045913767942130724 -0.0012497547712522756 0.0032830871527588751 -0.0035935967467423404 0.0020276957197140739 0.0026402991102126685 -0.005359362901918234 -5.8144816029418637e-05 0.0080925208944240632 0.00053289979683024586 0.01019925842865777
leaf_weight=38482.751650229096 12745.742126092315 495.92170436680317 14868.404154226184 3166.5629472434521 3079.3475529104471 3685.6117694079876 39331.965224072337 332944.11002722383 1944.0141705721617 16262.092787772417 3067.6092127263546 1652.8364121168852 5307.0757938176394 1135.8377279937267 4105.793632298708 1850.2280863076448 5796.9457928687334 410.65640971064568 757.88715417683125 7916.9471965432167 3979.7404489815235 2097.6677231043577 263.10895957052708 1124.4696437865496 341.90266385674477 467.94631558656693 2975.4119379818439 337.32244053483009 5269.3489746600389
leaf_count=154835 51164 2002 59789 12717 12347 14787 158278 1338359 7806 65213 12366 6664 21266 4720 16507 7446 23400 1678 3042 31901 16256 8466 1055 4866 1370 1875 12196 1353 22230
internal_value=5.64724e-05 0.001767 0.00444596 -0.000249712 0.00159296 -0.000451905 -0.000305636 -0.000459423 0.000726655 0.00196483 -0.00416092 0.00271035 0.00555734 0.000252098 0.00290815 -0.000391406 -0.00618383 4.66314e-05 0.00139048 -0.0027842 0.000910708 -0.000373009 -0.00617843 0.00852101 0.000769085 0.00859434 0.00627036 0.00955782 0.00932987
internal_weight=515865 77714.3 27486.2 438151 42753.4 395398 381269 372276 38868.8 29007.8 14128.8 20254.5 8992.69 50228.1 9221.37 41006.7 8864.56 38893.4 15626.3 9860.96 8085.53 5264.23 2113.34 7231.64 837.824 3884.62 4628.25 3416.67 6393.82
internal_count=2075954 314656 112159 1761298 171659 1589639 1532690 1496637 156084 116377 56949 81691 36053 202497 37483 165014 35766 156513 62831 39707 32763 21183 8501 30468 3372 15575 18860 13700 27096
is_linear=0
shrinkage=0.02


Tree=85
num_leaves=32
num_cat=0
split_feature=12 10 22 28 41 46 46 46 6 46 22 27 46 4 27 15 46 46 41 3 46 41 46 22 27 0 46 31 46 5 46
split_gain=668.272 582.629 387.127 347.383 345.922 309.068 412.174 341.176 289.523 345.326 271.469 264.189 252.238 191.125 184.51 136.662 118.758 161.157 118.69 109.054 107.024 102.168 84.4066 81.0422 73.9988 33.9105 26.6588 14.8376 6.11376 3.64032 2.36448
threshold=0.15579534322023394 -0.14064222574234006 30.500000000000004 -27.284999847412106 1.6901999711990359 0.49990771710872656 0.49947686493396765 0.50209569931030285 5.3815598487854013 0.50081467628479015 14.500000000000002 136.50000000000003 0.49920678138732916 63.439067840576179 83.500000000000014 3.4458500146865849 0.50061729550361644 0.4990104883909226 -2.4991500377655025 0.096165783703327193 0.49904598295688635 2.5004498958587651 0.49921353161334997 84.500000000000014 340.50000000000006 0.49378407001495367 0.49893367290496832 -0.076778940856456743 0.50037893652915966 -0.12997803092002866 0.50057882070541393
decision_type=2 2 2 8 10 2 2 2 2 2 2 2 2 2 2 2 2 2 8 2 2 10 2 2 2 2 2 2 2 2 2
left_child=1 15 10 11 5 6 -3 -7 9 -5 18 14 20 -14 -4 22 17 -6 30 -10 -12 -18 26 -13 -20 -24 -1 29 -29 -17 -2
right_child=2 4 3 8 16 7 -8 -9 19 -11 12 23 13 -15 -16 27 21 -19 24 -21 -22 -23 25 -25 -26 -27 -28 28 -30 -31 -32
leaf_value=0.0023008667187494089 0.0050565591228048743 0.00045644351723373404 -0.0029371254975680654 -0.00062064504402142362 0.0061527422603584042 -0.0006648579039400653 0.0037164419982841906 0.0054223578407130062 -0.00080964200650968229 0.0013352640366397505 0.00083871592640202169 -0.0055883957751316528 0.0056401392584052744 0.00031358270549782365 0.0051001238506238958 0.0024046874882719181 0.0018585424537351028 0.00076660738183378767 -0.0018240219728940864 -0.0030841823367077797 -0.0050494630334572714 0.0093973655604407454 0.00034970582493859775 0.00061830061109528127 0.00066181141290025467 0.0089948489485835691 -0.0020015760534769327 -0.0014863804235029743 0.00064381118758953916 -4.5109397653814463e-05 0.00073386336609306034
leaf_weight=412.15517072379589 686.0983534604311 51373.338538721204 1505.902871876955 216090.9488376081 2389.2890094518661 72719.875929787755 21568.41032679379 3042.7625268548727 14875.651978611946 42506.542316928506 4057.1581297367811 9737.8302640616894 10508.457328170538 3669.1407687366009 1457.684085637331 502.68607252836227 1724.6927749812603 8109.414508253336 9950.9003626555204 21305.419548973441 835.30315184593201 1694.9298948943615 260.29271575808525 742.89652520418167 8006.3070824742317 4378.5020590126514 252.33353759348392 536.76785111427307 281.05134597420692 257.93656997382641 392.49386715888977
leaf_count=1654 2772 206163 6063 868994 9602 292041 86746 12412 59918 170989 16294 39226 42223 14747 5851 2097 6987 32611 40059 86339 3360 6857 1082 2992 32237 18670 1011 2151 1135 1071 1600
internal_value=5.64056e-05 0.00108234 -0.000447117 -0.000682959 0.000822944 0.000529877 0.00145167 -0.000363748 -0.00053372 -0.000295867 0.00143415 -0.00373186 0.00306746 0.00435611 0.00126848 0.00645759 0.00374619 0.00235654 -0.000262362 -0.00218853 -0.000757522 0.00670921 0.00781602 -0.00513513 -0.000735529 0.00863768 0.00046109 0.000765545 -0.000798166 0.00198484 0.00449263
internal_weight=515833 169504 346329 308223 162623 148704 72941.7 75762.6 294779 258597 38105.9 13444.3 19070.1 14177.6 2963.59 6881.73 13918.3 10498.7 19035.8 36181.1 4892.46 3419.62 5303.28 10480.7 17957.2 4638.79 664.489 1578.44 817.819 760.623 1078.59
internal_count=2075954 682290 1393664 1240372 653419 597362 292909 304453 1186240 1039983 153292 54132 76624 56970 11914 28871 56057 42213 76668 146257 19654 13844 22417 42218 72296 19752 2665 6454 3286 3168 4372
is_linear=0
shrinkage=0.02


Tree=86
num_leaves=26
num_cat=0
split_feature=11 46 0 3 22 22 1 46 46 46 46 46 46 3 15 25 1 41 46 45 46 12 46 46 9
split_gain=655.634 786.64 404.277 470.315 361.189 446.754 339.737 339.342 419.378 297.339 1104.54 526.636 281.709 203.62 183.663 171.739 168.755 148.785 115.574 79.4803 77.2136 75.3303 59.6802 43.1851 38.8584
threshold=-0.033177906647324555 0.50317525863647472 0.82740780711174022 0.051068924367427833 32.500000000000007 12.500000000000002 10.861423492431642 0.50182899832725536 0.50120273232460033 0.50081467628479015 0.50085288286209118 0.4994127899408341 0.49737906455993658 -0.07373544946312903 1.9231500029563906 12.318100929260256 12.342667579650881 1.0393499732017519 0.50209569931030285 19.500000000000004 0.49979239702224737 0.23066254705190661 0.49961824715137487 0.50037893652915966 0.14326426386833194
decision_type=2 2 2 2 2 2 2 2 2 2 2 2 2 2 2 2 2 8 2 2 2 2 2 2 2
left_child=1 4 13 6 5 20 12 8 -5 11 -11 -6 -4 14 23 21 -7 -8 -17 -3 -1 -15 -16 -2 -9
right_child=2 19 3 7 9 16 17 24 -10 10 -12 -13 -14 15 22 18 -18 -19 -20 -21 -22 -23 -24 -25 -26
leaf_value=0.0019854478971815638 0.0035507804621302068 0.00037358416556177674 -0.0065261654074219577 -0.0010755091126412137 0.0023047503842567002 0.0090227042822702171 -0.00065607906012330559 -0.0080589969648905673 0.0041684538817919718 0.013460936154893783 0.00080284372816393239 -0.00088276035744364284 0.0019555726694712723 0.0011900063604372187 -0.0024323634614799275 -0.0022391163678636464 0.0021763755802444071 0.00088300213354892108 0.0030780881686176442 0.014128051299500937 -0.001938669806523925 -0.0013879822229048244 4.9346070100037738e-05 0.00046889167623160525 -0.0028853843931132511
leaf_weight=3103.2038840800524 5297.6730120480061 233.56049445271492 803.10609339177608 89996.85273000598 30363.902288064361 4914.0762015730143 60610.038351491094 1836.4701825529337 5720.1428596377373 2461.6549769639969 17574.171602591872 60984.887844413519 68454.134026631713 9706.5816338211298 5763.2558670639992 75904.004450321198 2817.0193905085325 41665.774209827185 973.21003678441048 1241.8990438878536 3247.0549933612347 7118.9115420728922 9308.5638190209866 2993.522699534893 2711.254114434123
leaf_count=12494 21316 956 3220 362868 122149 19863 243745 7493 22942 10125 70895 245592 274591 38902 23175 305068 11325 167430 3925 5593 13120 28606 37422 12071 11068
internal_value=5.65347e-05 0.00129968 -0.000351197 7.28507e-05 0.00107906 0.0040054 0.000707848 -0.00101035 -0.000728668 0.000681964 0.00283587 0.000188053 0.00178039 -0.00132927 0.000331716 -0.00174269 0.00698483 -2.69858e-05 -0.00213934 0.0128751 -1.29665e-05 8.50819e-05 -0.00097764 0.00258333 -0.00590336
internal_weight=515805 126941 388863 271798 125466 14081.4 171533 100265 95717 111385 20035.8 91348.8 69257.2 117066 23363 93702.7 7731.1 102276 76877.2 1475.46 6350.26 16825.5 15071.8 8291.2 4547.72
internal_count=2075954 512112 1563842 1093357 505563 56802 688986 404371 385810 448761 81020 367741 277811 470485 93984 376501 31188 411175 308993 6549 25614 67508 60597 33387 18561
is_linear=0
shrinkage=0.02


Tree=87
num_leaves=24
num_cat=0
split_feature=31 41 1 22 22 28 0 46 46 46 46 46 41 13 41 46 41 5 10 46 1 7 32
split_gain=642.946 625.043 519.293 428.722 612.076 540.491 192.674 175.047 310.827 150.497 146.412 445.111 298.248 238.389 220.004 142.109 134.26 130.89 60.9074 48.0389 41.0319 29.5651 18.1636
threshold=-0.12519322335720059 -3.6967499256134029 9.9268994331359881 30.500000000000004 14.500000000000002 -21.874999999999996 0.79413476586341869 0.49960190057754522 0.50254967808723461 0.49737906455993658 0.50042408704757702 0.50018841028213512 -2.7653499841690059 -0.058528324589133256 -5.8871500492095938 0.50085288286209118 -2.0061500072479244 -0.054789470508694642 -0.028571463190019127 0.4995903223752976 13.430318832397463 0.022648404352366928 0.8896596133708955
decision_type=2 8 2 2 2 8 2 2 2 2 2 2 8 2 8 2 8 2 2 2 2 2 2
left_child=10 7 6 4 -4 -5 17 22 15 -8 11 13 -12 14 -1 -9 -13 -3 -18 -15 21 -14 -2
right_child=1 2 3 5 -6 -7 9 8 -10 -11 12 16 20 19 -16 -17 18 -19 -20 -21 -22 -23 -24
leaf_value=-0.0029383233218328191 0.0095300114368972351 0.0034944636412001383 -0.00084694509997300014 -0.0037140048010891515 0.0037067056590698718 -0.00041055577477372575 -0.0046117206151428669 0.0016432083607316012 0.0095993535979712538 0.0028176628496560229 -0.0035750100695226307 0.0029744015580282245 0.0014352063715297946 -0.0020840112249863856 0.0091087206192269482 -0.0054043539917742267 -0.0070382743524469073 -0.0004816857270446333 0.00039780582422286047 0.002541471841557414 0.00041320213221865529 0.010506286622971794 0.00082940325896742708
leaf_weight=302.97397550940514 2351.5862097591162 3153.671429246664 23096.724284902215 20102.883296981454 22787.385301887989 375861.61474518478 398.2015086710453 2672.0089109092951 786.53396698832512 32732.793964311481 415.07563011348248 364.25304402410984 456.56175862252712 1388.9501924067736 3493.9221621006727 880.67379918694496 1520.0886826068163 18680.022777125239 435.77753853797913 674.1066060513258 277.23786079883575 2667.1660338789225 274.54381573200226
leaf_count=1248 9592 12714 92974 80890 91533 1511841 1595 10769 3373 131313 1755 1476 1876 5617 14599 3547 6179 74892 1748 2746 1134 11435 1108
internal_value=5.64309e-05 -5.60876e-05 -0.000144064 -0.00037302 0.00144041 -0.000585759 0.0016744 0.00556068 0.00233184 0.00261681 0.00447703 0.00252752 0.00744861 0.00527114 0.00778982 -0.000801277 -0.00396173 0.00020046 -0.0057585 -0.000274715 0.00923492 0.00976461 0.00904134
internal_weight=515775 503779 496813 441849 45884.1 395964 54964.7 6965.35 4339.22 33131 11996.1 8180.07 3816.04 5859.95 3796.9 3552.68 2320.12 21833.7 1955.87 2063.06 3400.97 3123.73 2626.13
internal_count=2075954 2026141 1997752 1777238 184507 1592731 220514 28389 17689 132908 49813 33613 16200 24210 15847 14316 9403 87606 7927 8363 14445 13311 10700
is_linear=0
shrinkage=0.02


Tree=88
num_leaves=29
num_cat=0
split_feature=5 9 1 41 41 31 31 5 1 27 27 41 37 31 13 31 3 31 15 15 29 45 27 24 22 7 11 9
split_gain=633.029 528.577 494.268 410.946 350.764 356.794 216.05 213.724 195.003 190.502 581.074 155.668 124.772 99.6617 80.4934 59.6246 57.4198 50.8779 39.2781 34.717 30.5877 37.7635 25.117 20.9558 16.8034 16.793 15.9214 2.17505
threshold=-0.10258834809064864 -0.11460638791322707 11.773309230804445 1.0047999620437624 -3.6967499256134029 0.035552863031625755 0.12864790856838229 0.054633518680930145 11.480669021606447 157.50000000000003 56.500000000000007 2.245499968528748 1.0000000180025095e-35 -0.1044337823987007 -0.075721822679042802 0.12864790856838229 -0.051932165399193757 -0.16425389796495435 1.8839499950408938 13.218250274658205 1.0000000180025095e-35 28.500000000000004 280.50000000000006 18.196299552917484 53.500000000000007 0.050951013341546066 0.065618850290775313 -0.18883969634771344
decision_type=2 2 2 10 8 2 2 2 2 2 2 10 2 2 2 2 2 2 2 2 2 2 2 2 2 2 2 2
left_child=1 17 3 4 13 -6 9 11 20 10 -4 -5 -11 -2 26 -9 25 27 23 -16 -3 -22 -20 -19 -18 -10 -8 -1
right_child=2 8 6 7 5 -7 14 15 16 12 -12 -13 -14 -15 19 -17 24 18 22 -21 21 -23 -24 -25 -26 -27 -28 -29
leaf_value=0.00032595511670553793 -0.0010239406524018438 0.00061742109424405402 -0.0017404686048054852 0.0017317993783654609 -0.00050563556114201918 0.0012624241508618756 0.0019247158781247917 -2.7374675831380912e-05 0.0043553370916549726 -0.0011770855339328899 0.0028249838055781264 0.0044090100272825396 0.0010274264427213048 0.0074753696979063334 -0.0035071243182235455 -0.003766871021393029 0.0017588463719477834 0.0028966423413085193 0.00044739859221987324 8.2335291600169457e-05 0.00086511789361233982 0.0095623670177137805 -0.0016620667847480938 -0.00057677763650792731 -0.0012454606698284996 2.0279605922253917e-05 -0.001148433284956941 0.003813150992955846
leaf_weight=255.47363074123859 443.0218547731638 305.76399600505829 21892.253333106637 37559.035176694393 172475.08454501629 61145.09572288394 1160.2381249070168 6554.1434903740883 3870.3961861282587 127957.50969800353 21092.819724678993 11546.755930155516 10525.500203177333 2369.1043092906475 15656.439949914813 1474.1403955817223 328.36879096925259 1153.0787192881107 3047.81402797997 1111.8065412342548 390.9162949770689 4693.4972599893808 5502.3134810179472 702.04778853058815 1250.3594657182693 395.97879660129547 354.29578751325607 535.94622480869293
leaf_count=1035 1802 1307 88176 150798 692879 245387 4662 26332 16113 515324 84750 46439 42381 9603 63411 5937 1329 4647 12253 4496 1612 20052 22116 2823 5038 1624 1427 2201
internal_value=5.62121e-05 0.00327985 -9.56802e-05 0.000426155 5.59453e-05 -4.00211e-05 -0.000861186 0.00193519 0.00618285 -0.00064471 0.000510949 0.00242473 -0.00100435 0.00620833 -0.00288741 -0.00100517 0.00299004 0.000139139 -0.000348615 -0.00327646 0.0087771 0.00911084 -0.000937149 0.00181115 -0.000226943 0.0040226 0.00105229 0.00343469
internal_weight=515749 22432 493317 293566 236432 233620 199751 57134.1 11235.3 181468 42985.1 49105.8 138483 2812.13 18282.8 8028.28 5845.1 11196.7 10405.3 16768.2 5390.18 5084.41 8550.13 1855.13 1578.73 4266.37 1514.53 791.42
internal_count=2075954 92150 1983804 1179177 949671 938266 804627 229506 47075 730631 172926 197237 557705 11405 73996 32269 24104 45075 41839 67907 22971 21664 34369 7470 6367 17737 6089 3236
is_linear=0
shrinkage=0.02


Tree=89
num_leaves=27
num_cat=0
split_feature=31 46 41 41 46 46 46 46 41 46 46 46 5 31 46 46 46 11 31 46 46 25 46 25 30 41
split_gain=626.596 662.569 442.221 553.102 561.759 501.649 475.897 424.164 359.592 568.526 1326.37 451.57 321.629 339.805 529.113 383.418 304.722 206.082 168.394 162.249 118.355 113.682 52.3292 37.0053 14.6309 9.09738
threshold=-0.062901243567466722 0.50209569931030285 0.89465001225471508 -2.5837000608444209 0.50182899832725536 0.49810646474361425 0.50209569931030285 0.50081467628479015 1.6593999862670901 0.50086280703544628 0.50081467628479015 0.50120273232460033 0.084580153226852431 0.051296060904860503 0.49857780337333685 0.5007845163345338 0.50061729550361644 0.017241367138922218 0.12864790856838229 0.49894514679908758 0.50254967808723461 13.237389087677004 0.50107342004776012 14.657146930694582 122726380.00000001 0.53265002369880687
decision_type=2 2 8 10 2 2 2 2 10 2 2 2 2 2 2 2 2 2 2 2 2 2 2 2 10 10
left_child=1 8 3 5 7 -2 -6 -5 9 10 -1 -11 13 15 -15 -4 19 24 21 -10 -7 -14 -20 -18 -3 -19
right_child=2 17 12 4 6 20 -8 -9 16 11 -12 -13 18 14 -16 -17 23 25 22 -21 -22 -23 -24 -25 -26 -27
leaf_value=0.00084536939410302886 0.012613483606370459 0.012141936491156208 -0.00033004978409230683 -0.0011810464562675271 -0.012126472460597056 0.00073113781303312203 -0.0014939687899305362 0.0013475162584501918 0.0071285197284176281 -0.0074979281256031564 0.01475921143760615 0.00042472669135079253 -0.0022969875574254664 0.007114104572291299 0.0013050901267137383 0.0029094292995822347 0.011174590683733278 0.00088964259718567282 -0.004965637110245562 9.034667245712604e-05 0.0066633334135075134 0.00074067114922869422 -0.00027707665728402334 0.00080251103070887013 0.0012546776640480683 -0.0017224872225373787
leaf_weight=57701.81803137064 1060.6370562165976 2249.08784930408 91502.317155450583 199619.88273188472 2477.5412093400955 12125.895897909999 3983.4295935034752 29872.309904798865 983.44463305175304 4636.0821931064129 2048.3650676757097 5888.9411203563213 7664.1954937428236 6581.3712326586246 44971.332789316773 16528.467351451516 1830.3964010030031 321.24404142796993 5109.9319306910038 4749.9908991158009 722.71526086330414 11034.815125644207 1257.007125377655 289.55839875340462 261.99156142771244 247.63826136291027
leaf_count=232895 4336 9696 367390 802545 10257 48740 16108 119737 3962 18643 8620 23793 30950 26404 180764 66381 7605 1294 20734 19259 2940 44499 5107 1181 1110 1004
internal_value=5.60334e-05 0.00165921 -0.000246206 -0.000793577 -0.00102526 0.00297156 -0.00649508 -0.000848202 0.00124242 0.000757938 0.00151984 -0.00336041 0.000494713 0.000826663 0.00214859 0.000184142 0.00508672 0.00970527 -0.001577 0.00205258 0.00145229 -0.000549411 -0.00418 0.0103868 0.0116044 -0.000595115
internal_weight=515720 81208.6 434512 249862 235953 13909.2 6460.97 229492 78128.6 70275.2 59750.2 10525 184649 159583 51552.7 108031 7853.39 3079.96 25065.9 5733.44 12848.6 18699 6366.94 2119.95 2511.08 568.882
internal_count=2075954 329062 1746892 1004663 948647 56016 26365 922282 315958 283951 241515 42436 742229 640939 207168 433771 32007 13104 101290 23221 51680 75449 25841 8786 10806 2298
is_linear=0
shrinkage=0.02


Tree=90
num_leaves=31
num_cat=0
split_feature=12 10 41 46 46 46 46 27 46 25 46 46 46 41 9 46 2 46 46 46 14 5 4 9 29 9 46 22 38 12
split_gain=614.944 535.147 363.572 359.631 903.09 596.222 996.531 498.175 404.089 328.567 247.321 194.218 351.897 158.193 144.09 124.702 122.297 103.764 119.503 62.307 59.3914 46.6101 34.5967 26.7636 23.6883 11.8787 5.08569 4.9618 2.24978 0.567962
threshold=0.15579534322023394 -0.14064222574234006 -2.4991500377655025 0.50065359473228466 0.50063318014144909 0.50182899832725536 0.50209569931030285 252.50000000000003 0.50061729550361644 12.745228290557863 0.49958847463130956 0.49810646474361425 0.49816361069679266 0.81014999747276317 -0.13546834886074063 0.49737906455993658 1.325000047683716 0.50205549597740184 0.50094169378280651 0.49921353161334997 0.15815582871437076 -0.099719151854515062 63.67915344238282 -0.076823309063911424 1.5320099592208865 -0.21983783692121503 0.4988235235214234 88.500000000000014 -3520.7199707031245 0.012759842444211246
decision_type=2 2 8 2 2 2 2 2 2 2 2 2 2 10 2 2 2 2 2 2 2 2 2 2 2 2 2 2 10 2
left_child=1 14 10 4 8 7 -7 -5 -4 13 22 15 -13 16 25 -11 -3 18 -12 26 -15 -21 23 -2 -6 29 -16 -27 -19 -1
right_child=2 9 3 5 24 6 -8 -9 -10 11 17 12 -14 20 19 -17 -18 28 -20 21 -22 -23 -24 -25 -26 27 -28 -29 -30 -31
leaf_value=-0.0010432949875279222 0.001380189497896785 0.0018234379340293823 -0.00085410112679014632 0.0043652144610109777 -0.011427610847700272 -0.010980168577631925 0.0010202115701343343 0.00028588415981187139 0.0048640374654984175 -0.00067942084875267093 0.0011131387376438341 -0.010224709660701327 7.8643853971714102e-05 0.0047252367220408523 0.0012996312683233036 0.0061997547547901115 -0.0010264056599944939 0.00047782946603587253 -0.0036469463213584302 0.0092777375734472908 0.0012931798282407214 0.0014871342309669788 0.00023555141452547603 0.0071844489618852064 -0.00097519036440354089 -5.5463290514863902e-05 -0.00067411223148178994 0.0021629595635217647 0.0049334152414800096 2.2620749960171027e-06
leaf_weight=256.34555272758007 846.15627287328243 37819.604306638241 260950.51241873205 17207.000639617443 2464.6755188405514 3475.4103926122189 7377.8434489667416 35986.746496036649 4215.7426238656044 1319.5391909331083 6145.750818297267 505.80743992328644 101125.10532851517 9226.9785607606173 260.08073243498802 2491.3941057026386 6573.0542415976524 247.0776659399271 2194.0485030263662 3703.2564150840044 3526.4090097844601 716.85741083323956 456.21292980015278 3410.5705355256796 259.84846948087215 468.72747877240181 280.00833141803741 919.75812724232674 1003.7344695776701 248.95460692048073
leaf_count=1031 3407 151860 1050150 69044 9970 14322 29943 144481 16963 5303 24757 2027 406502 37197 1045 9979 26397 1002 8840 16120 14154 2939 1838 13779 1049 1893 1123 3718 4119 1002
internal_value=5.65743e-05 0.00104092 -0.000426486 -0.000563443 -0.000884993 0.00077555 -0.00333379 0.0016527 -0.000748156 0.000792662 0.00260709 0.000126598 -5.57827e-05 0.00200203 0.00620222 0.00412432 0.00139025 0.000606134 -0.000357564 0.00778142 0.00391453 0.00845271 0.00597277 0.00644757 -0.0108948 0.000947672 0.000487667 0.00167438 0.00459857 -0.00084706
internal_weight=515683 169442 346241 331938 267891 64047 10853.3 53193.7 265166 162588 14303.6 105442 101631 57146 6853.99 3810.93 44392.7 9590.61 8339.8 4960.2 12753.4 4420.11 4712.94 4256.73 2724.52 1893.79 540.089 1388.49 1250.81 505.3
internal_count=2075954 682290 1393664 1335922 1078132 257790 44265 213525 1067113 653419 57742 423811 408529 229608 28871 15282 178257 38718 33597 21227 51351 19059 19024 17186 11019 7644 2168 5611 5121 2033
is_linear=0
shrinkage=0.02


Tree=91
num_leaves=25
num_cat=0
split_feature=11 46 31 1 22 22 46 46 46 6 8 31 46 1 46 46 41 45 46 41 3 41 46 41
split_gain=613.947 742.239 463.807 358.134 340.651 425.371 279.174 1057.52 504.28 262.834 327.638 191.802 167.851 161.943 128.987 111.973 110.534 91.6251 74.6293 60.8047 35.1199 23.7942 13.7099 24.4838
threshold=-0.033177906647324555 0.50317525863647472 -0.12519322335720059 9.9043297767639178 32.500000000000007 12.500000000000002 0.50081467628479015 0.50085288286209118 0.49961262941360479 5.9942698478698739 0.012093445286154749 -0.019038866274058815 0.49921353161334997 12.342667579650881 0.49942737817764288 0.50085288286209118 0.26594999432563787 17.500000000000004 0.49979239702224737 -2.4991500377655025 -0.034641640260815613 -1.2899500131607053 0.49863183498382574 0.70394998788833629
decision_type=2 2 2 2 2 2 2 2 2 2 2 2 2 2 2 2 10 2 2 10 2 10 2 8
left_child=1 4 14 11 5 18 8 -8 -6 10 -5 12 -4 -7 22 20 -13 -3 -1 -11 -16 -17 -2 -24
right_child=2 17 3 9 6 13 7 -9 -10 19 -12 16 -14 -15 15 21 -18 -19 -20 -21 -22 -23 23 -25
leaf_value=0.0019357230757936147 0.0013100292621633957 8.7078412069473238e-05 -0.0035386873196255955 -0.0011419237912717874 0.001826092960191748 0.0087920568557533062 0.01315984059330373 0.00076117798521947039 -0.0011378725284858357 -0.00096909866072446478 0.00015301851527867012 0.0010841017264815885 0.00074009523025144938 0.0020998824923810482 0.0088309777743519353 -0.0021899808345683968 0.0037327009879102105 0.013860455577779427 -0.0019229086468173942 -0.0031131204295130246 0.0015779818948277089 0.0017670825445666438 0.00093852879570683473 -0.0033190301170270228
leaf_weight=3102.0581029951572 292.63148595392704 225.01390106976032 4057.9664330631495 151250.585249722 40504.188990652561 4909.241836220026 2452.7705423086882 17565.065532252192 50819.913850098848 8609.4830900281668 160409.33753140271 15067.805963665247 13860.461573407054 2816.4188493788242 2582.1244913935661 346.04006023705006 11408.352713376284 1234.1950336396694 3245.2351157963276 18914.56137406826 748.4745576530695 419.64854599535465 478.40147848427296 330.9004717618227
leaf_count=12494 1175 922 16270 607734 163127 19863 10125 70895 204614 34846 645248 60378 55610 11325 10761 1398 45743 5627 13120 76688 3021 1710 1927 1333
internal_value=5.58554e-05 0.00125919 -0.000338702 -0.000424374 0.00104554 0.00388826 0.000659873 0.00274796 0.000181344 -0.000645979 -0.000476797 0.00124931 -0.000343602 0.00679659 0.0051645 0.00655329 0.00230488 0.0125434 -3.11064e-05 -0.00249095 0.00784599 -0.000230248 -0.000598021 -0.00160414
internal_weight=515651 126874 388777 383579 125415 14073 111342 20017.8 91324.1 339184 311660 44394.6 17918.4 7725.66 5198.22 4096.29 26476.2 1459.21 6347.29 27524 3330.6 765.689 1101.93 809.302
internal_count=2075954 512112 1563842 1542517 505563 56802 448761 81020 367741 1364516 1252982 178001 71880 31188 21325 16890 106121 6549 25614 111534 13782 3108 4435 3260
is_linear=0
shrinkage=0.02


Tree=92
num_leaves=26
num_cat=0
split_feature=11 46 0 32 1 41 41 46 1 46 10 46 46 5 46 46 3 46 46 46 46 45 35 27 41
split_gain=593.407 727.461 390.355 434.38 327.915 312.321 255.28 281.555 240.235 216.688 202.579 157.118 324.522 128.419 125.288 123.623 120.184 107.755 106.839 463.219 175.373 89.8735 81.5866 50.9981 46.3349
threshold=-0.033177906647324555 0.50317525863647472 0.82740780711174022 0.8548923432826997 11.646187782287599 0.58945000171661388 1.1498000025749209 0.49961706995964056 10.861423492431642 0.50113165378570568 0.0095018493011593836 0.50209569931030285 0.50182899832725536 0.071224607527256026 0.50238898396492015 0.50055605173110973 0.020783567801117901 0.50095766782760631 0.50113165378570568 0.50081467628479015 0.50120273232460033 17.500000000000004 0.085000000894069686 157.50000000000003 1.5456500053405764
decision_type=2 2 2 2 2 8 10 2 2 2 2 2 2 2 2 2 2 2 2 2 2 2 10 2 8
left_child=1 4 10 5 6 9 7 -1 -7 -4 11 12 -2 24 -13 -8 17 -12 19 -6 -20 -3 -15 -18 -5
right_child=2 21 3 13 18 8 15 -9 -10 -11 16 14 -14 22 -16 -17 23 -19 20 -21 -22 -23 -24 -25 -26
leaf_value=0.0033316816234293489 -0.0017024914682526276 8.6709719495416926e-05 -4.8605477997012841e-05 -0.0013572915573859066 -0.00030738468192518967 0.0024279815466152206 0.0030217967965280152 0.00042251064670102554 0.00049648298456716154 -0.0028900330793546593 0.0018857713021356172 0.0075046615423148468 -0.010290273479000023 -0.003348153042132524 -0.0017111126325086079 0.0090920276475618522 0.00076600833882094221 -0.0025764779581829785 -0.0079723673771688389 0.0059478801125475867 -0.00050561093175859485 0.013731384387064061 0.00076679419466551798 -0.001765266964793011 0.00083466683606769757
leaf_weight=20492.987518101931 83732.347706869245 225.01279343664646 106897.73649573326 8692.372500449419 50500.949444934726 37200.104714840651 5645.5695425122976 36156.240350097418 81670.084398254752 11100.363765150309 14035.878536328673 519.15768873691559 1002.5315637290478 18582.434205502272 598.65704403817654 1898.4518673121929 3735.3962103575468 1785.5632443130016 847.78729167580605 4380.8394233435392 5485.7799899727106 1228.807743921876 1829.246471837163 11623.214900895953 5753.4202806800604
leaf_count=82579 336491 922 429707 35069 203260 149284 22754 145832 328610 44742 56338 2101 4122 75351 2412 7857 15026 7190 3414 17707 22160 5627 7408 46805 23186
internal_value=5.62148e-05 0.00123931 -0.000331691 8.50061e-05 0.00102807 0.000393678 0.00201702 0.00150814 0.00111371 -0.000334403 -0.00129291 -0.00179019 -0.00190384 -0.0019725 0.00394959 0.00530547 8.72767e-05 0.00127787 -2.21922e-05 0.000273813 -0.00231972 0.0124238 -0.00296363 -0.00114177 -0.0004863
internal_weight=515621 126862 388759 271726 125409 236868 64193.2 56649.2 118870 117998 117033 85852.7 84734.9 34857.5 1117.81 7544.02 31180.1 15821.4 61215.4 54881.8 6333.57 1453.82 20411.7 15358.6 14445.8
internal_count=2075954 512112 1563842 1093357 505563 952343 259022 228411 477894 474449 470485 345126 340613 141014 4513 30611 125359 63528 246541 220967 25574 6549 82759 61831 58255
is_linear=0
shrinkage=0.02


Tree=93
num_leaves=27
num_cat=0
split_feature=31 46 41 41 46 46 46 46 9 8 5 31 31 46 46 46 9 41 32 41 15 9 46 46 45 30
split_gain=588.649 623.126 417.013 523.604 534.797 489.575 451.728 397.828 349.788 992.276 355.701 299.439 510.531 324.086 295.812 291.798 252.671 154.726 153.526 142.058 128.816 125.278 116.991 98.3057 94.8539 1.75253
threshold=-0.062901243567466722 0.50209569931030285 0.89465001225471508 -2.5837000608444209 0.50182899832725536 0.49810646474361425 0.50209569931030285 0.50081467628479015 -0.027128588408231732 -0.084557358175516115 -0.11359349265694617 0.12864790856838229 0.058062925934791572 0.49885505437850958 0.49954442679882055 0.5007845163345338 0.025731998495757583 1.5747500061988833 0.8647441864013673 -3.0253500938415523 1.5619500279426577 -0.13546834886074063 0.50254967808723461 0.49810646474361425 10.500000000000002 122726380.00000001
decision_type=2 2 8 10 2 2 2 2 2 2 2 2 2 2 2 2 2 10 2 8 2 2 2 2 2 10
left_child=1 8 3 5 7 -2 -6 -5 10 19 21 12 15 23 -15 -4 -11 24 -14 -10 -12 -1 -7 -13 -3 -26
right_child=2 17 11 4 6 22 -8 -9 9 16 20 13 18 14 -16 -17 -18 -19 -20 -21 -22 -23 -24 -25 25 -27
leaf_value=0.00054165867084779765 0.012424685942862475 -0.00023157167154373915 -0.00034204066848660071 -0.0011441268884122594 -0.011834638041975258 0.00068387433820359252 -0.0014637718416918206 0.0013047460638585006 0.00020029671083664994 -0.0014637534146366333 0.0010900903961096977 -0.0013614958188039447 0.0030398232652302038 -0.0078970382601862982 -0.0014009731889981154 0.0022920224212323557 0.0022193035956331549 -0.0011397257758867052 -0.00032814946696507877 0.0089255656544139413 -0.001718283114816433 0.0056764752290275368 0.0065767216180576691 0.004909462943416096 0.012055646409032015 0.0014404116368612557
leaf_weight=3433.0456693321466 1058.1853384524584 259.67052534222603 104597.77383889258 199586.03309094906 2467.1445879042149 12124.999260529876 3982.1615621894598 29871.258924543858 859.42601709067822 11961.325631305575 8141.1256851553917 1027.303892865777 37754.153491675854 3280.1671170294285 10377.748360097408 19179.493298739195 17165.530483871698 332.54736152291298 6117.4668960422277 7862.0978170335293 24634.957630723715 4040.1484503149986 721.97281078994274 2290.9641045629978 2214.4492509663105 255.29970341920853
leaf_count=13845 4336 1055 420189 802545 10257 48740 16108 119737 3621 48017 32835 4148 151654 13278 41949 77062 69031 1375 24720 32379 99255 16975 2940 9229 9590 1084
internal_value=5.56078e-05 0.00160999 -0.000237312 -0.00076892 -0.000994363 0.00289491 -0.0063356 -0.000821735 0.00120648 0.00256452 -9.67641e-05 0.000482211 0.000740979 -0.00198787 -0.00332737 7.87637e-05 0.000708126 0.00943171 0.00257281 0.0081588 -0.0010109 0.00361013 0.00139742 0.0030846 0.0106853 0.0116014
internal_weight=515596 81159.6 434437 249812 235907 13905.2 6449.31 229457 78097.7 37848.4 40249.3 184625 167649 16976.2 13657.9 123777 29126.9 3061.97 43871.6 8721.52 32776.1 7473.19 12847 3318.27 2729.42 2469.75
internal_count=2075954 329062 1746892 1004663 948647 56016 26365 922282 315958 153048 162910 742229 673625 68604 55227 497251 117048 13104 176374 36000 132090 30820 51680 13377 11729 10674
is_linear=0
shrinkage=0.02


Tree=94
num_leaves=32
num_cat=0
split_feature=12 10 22 28 22 27 6 46 8 46 46 46 41 46 46 46 41 4 27 3 31 41 9 46 9 22 41 11 46 11 46
split_gain=579.607 477.645 377.152 419.1 332.279 285.871 283.001 362.669 276.33 255.669 243.366 432.412 245.608 228.181 361.126 221.648 218.489 204.654 198.619 148.673 134.69 134.267 130.187 104.729 101.42 86.4972 70.2995 50.6492 30.598 24.4899 6.16254
threshold=0.12240501120686532 -0.10489510372281073 30.500000000000004 -27.284999847412106 14.500000000000002 136.50000000000003 3.8472099304199223 0.50081467628479015 0.037036946043372161 0.49920678138732916 0.4998085498809815 0.49947686493396765 2.5004498958587651 0.50081467628479015 0.4998085498809815 0.49921353161334997 0.54565000534057628 62.963485717773445 83.500000000000014 0.025437328033149246 0.14259918034076693 -2.4991500377655025 0.029246083460748199 0.49904598295688635 -0.0029106112197041507 84.500000000000014 -2.7653499841690059 -0.11505009606480597 0.49931176006793981 0.002299748128280044 0.50057882070541393
decision_type=2 2 2 8 2 2 2 2 2 2 2 2 10 2 2 2 10 2 2 2 2 8 2 2 2 2 8 2 2 2 2
left_child=1 13 4 5 21 18 7 -5 10 23 11 -3 -12 14 15 -1 -16 -11 -4 22 -8 30 -10 -6 -23 -7 27 -15 -21 -28 -2
right_child=2 8 3 6 9 25 20 -9 19 17 12 -13 -14 26 16 -17 -18 -19 -20 28 -22 24 -24 -25 -26 -27 29 -29 -30 -31 -32
leaf_value=0.00037441751145165126 0.0053045545189865026 0.00027103738443849711 -0.0028283770507419891 -0.00044086894657006741 0.00094577925436132942 -0.0054855886753132736 -0.0012519001572871243 0.0015496104033106111 0.0064692360288503142 0.0057519217635430943 -0.00074021929887396482 0.0043484222116286983 0.0054824661899572757 0.0033286259056476094 -0.0041237612015619773 0.0083430259476049012 0.0040767756125320723 0.00043763797182708994 0.0050531578561819994 0.0017983766498843262 -0.0042276098545270049 -0.0025904390572300856 0.0012933865045963891 -0.004735416022899226 0.00029429104834857256 0.00055574676162402109 0.010084104019303279 -0.0028072171404834472 -0.0014693448333093972 0.0012409613064128539 0.00066551732287695566
leaf_weight=2199.6365674585104 740.0879338234663 36866.957128822803 1849.9711878299713 220664.09388059378 4373.6396734118462 11287.148361131549 55809.326059103012 43031.854624971747 5509.4388293772936 11253.854679062963 55017.468127295375 13725.537831410766 1825.2764673531055 261.67692266404629 3092.6115586012602 3421.1005905270576 1164.0417423099279 4005.2535794079304 1657.66637198627 1061.9501707702875 6282.8825404644012 7107.4625442028046 3533.7976258397102 902.60169707238674 12231.513941168785 869.54504223167896 2696.1286194175482 229.54752422869205 2071.503914937377 397.04141373932362 416.79749934375286
leaf_count=8824 2995 147940 7450 887349 17564 45486 225252 173197 22112 45246 221010 55213 7369 1246 12574 14271 4820 16096 6653 4263 25526 28608 14179 3631 49278 3504 11670 957 8310 1655 1706
internal_value=5.55733e-05 0.00118822 -0.00034023 -0.000558731 0.00145286 -0.0036695 -0.000400131 -0.000112165 0.000769288 0.00319834 0.000432256 0.00143005 -0.000463667 0.00464739 0.00267121 0.00567778 -0.00157936 0.00445245 0.00115211 0.00352362 -0.00160529 -0.000352839 0.00472792 -0.000541491 -0.000829365 -0.00504539 0.00855527 0.000498209 -0.000215819 0.00945565 0.00461528
internal_weight=515557 133074 382484 341452 41031.2 15664.3 325788 263696 119612 20535.3 107435 50592.5 56842.7 13461.8 9877.39 5620.74 4256.65 15259.1 3507.64 12176.7 62092.2 20495.9 9043.24 5276.24 19339 12156.7 3584.39 491.224 3133.45 3093.17 1156.89
internal_count=2075954 536413 1539541 1374417 165124 63093 1311324 1060546 480396 82537 431532 203153 228379 56017 40489 23095 17394 61342 14103 48864 250778 82587 36291 21195 77886 48990 15528 2203 12573 13325 4701
is_linear=0
shrinkage=0.02


Tree=95
num_leaves=27
num_cat=0
split_feature=31 46 46 46 46 46 46 8 13 41 46 46 46 46 15 46 41 46 41 41 45 46 9 31 25 30
split_gain=562.769 602.761 404.957 784.09 483.395 846.193 464.817 448.033 342.658 341.185 549.871 1273.36 291.838 290.204 286.915 271.298 221.638 161.292 151.409 131.07 92.1997 76.5961 64.7614 59.5962 35.992 1.47433
threshold=-0.062901243567466722 0.50209569931030285 0.49857780337333685 0.49854528903961187 0.49874234199523931 0.49885505437850958 0.49889759719371801 -0.050000011920928948 -0.013735457789152859 1.6593999862670901 0.49981318414211279 0.49921353161334997 0.50061729550361644 0.50019595026969921 1.819850027561188 0.49877333641052252 -1.8643500208854673 0.49894514679908758 1.5747500061988833 -0.1280499994754791 10.500000000000002 0.49863183498382574 0.19074154645204547 -0.046718165278434746 14.657146930694582 122726380.00000001
decision_type=2 2 2 2 2 2 2 2 2 10 2 2 2 2 2 2 8 2 10 8 2 2 2 2 2 10
left_child=1 9 3 7 14 15 -7 16 -9 10 11 -1 17 -12 21 -6 -2 -11 20 -16 -3 -4 23 -5 -14 -22
right_child=2 18 4 22 5 6 -8 8 -10 12 13 -13 24 -15 19 -17 -18 -19 -20 -21 25 -23 -24 -25 -26 -27
leaf_value=-0.0019812281669599387 0.0046732160807452195 -0.00023188154455111034 0.002731319569617926 0.00024033964853253904 0.001240767118593363 -0.0062134997011213744 -0.00035782361567433585 0.0046790494897716445 0.00027686187487231694 0.0070270135796414428 -0.0037795825192734871 0.0059350645464562616 0.010894495491609186 0.00012510126544398271 -0.0013841694861202764 0.0082638153253032295 -0.0043322790186371479 2.0558188316868662e-05 -0.001146453967515938 -0.007128824590961984 0.011872360427832185 -0.0017107355000430108 7.0692475093102791e-05 0.010795632406400258 0.00076517752657749853 0.0014213582926878444
leaf_weight=13518.582889780402 561.32850331068039 259.62448681890965 1776.0075026899576 267.53490234911442 4087.1401029229164 4671.6387915015221 363764.20782332122 9909.7242389917374 21025.221964552999 982.74279510974884 9479.2451978772879 18375.795019224286 1822.344416975975 28862.875098094344 2592.4906577914953 4992.9690583497286 7455.9958220422268 4746.1564920246601 332.43298861384392 6941.1640061736107 2206.8256857991219 2990.1802514642477 283.24635010957718 3080.1339666098356 289.21602061390877 255.04087719321251
leaf_count=54254 2277 1055 7128 1072 16399 18858 1462904 39737 84574 3962 38154 74766 7605 116777 10455 20008 29900 19259 1375 28044 9590 12043 1139 12354 1181 1084
internal_value=5.56654e-05 0.00157579 -0.000230726 0.00160274 -0.000432987 -0.000291791 -0.000446001 0.000677282 0.00177328 0.0011793 0.000707863 0.00261483 0.00492639 -0.000900376 -0.00393807 0.00547451 -0.0033192 0.0019657 0.00927668 -0.00580476 0.0105204 0.000105099 0.00954275 0.0101693 0.0101189 0.0114258
internal_weight=515530 81130.9 434399 42583.2 391816 377516 368436 38952.3 30934.9 78077 70236.5 31894.4 7840.46 38342.1 14299.8 9080.11 8017.32 5728.9 3053.92 9533.65 2721.49 4766.19 3630.92 3347.67 2111.56 2461.87
internal_count=2075954 329062 1746892 171053 1575839 1518169 1481762 156488 124311 315958 283951 129020 32007 154931 57670 36407 32177 23221 13104 38499 11729 19171 14565 13426 8786 10674
is_linear=0
shrinkage=0.02


Tree=96
num_leaves=25
num_cat=0
split_feature=11 46 0 32 22 22 41 46 46 22 46 46 12 46 27 25 27 5 46 22 35 45 41 14
split_gain=560.539 640.211 375.544 441.443 308.07 312.985 292.815 278.219 587.277 256.453 230.848 223.458 220.904 202.444 188.854 143.913 141.526 119.817 95.8677 90.9179 82.1641 66.655 47.4987 18.141
threshold=-0.044509781524538987 0.50317525863647472 0.82740780711174022 0.8548923432826997 37.500000000000007 8.5000000000000018 0.64460000395774852 0.50209569931030285 0.50182899832725536 86.500000000000014 0.50113165378570568 0.50220662355422985 0.2531482875347138 0.50238898396492015 153.50000000000003 13.983763694763185 277.50000000000006 0.071224607527256026 0.50254967808723461 2.5000000000000004 0.085000000894069686 21.500000000000004 1.6593999862670901 0.34373395144939428
decision_type=2 2 2 2 2 2 8 2 2 2 2 2 2 2 2 2 2 2 2 2 10 2 8 2
left_child=1 4 7 6 5 19 10 8 14 16 -4 -8 -11 -9 -2 -7 -6 22 -15 -1 -19 -3 -5 -10
right_child=2 21 3 17 9 15 11 13 23 12 -12 -13 -14 18 -16 -17 -18 20 -20 -21 -22 -23 -24 -25
leaf_value=0.0023067755290103963 0.00039399562650533753 0.00034934074639485669 6.1847818791769892e-05 -0.0013520443994159939 0.00065155289897808394 0.0076157685452296568 0.0012674649675018174 0.0096873713296954777 -0.011650666867432021 0.0024477467711049622 -0.002746818217934511 -0.0043845324316307338 0.00011367974438241791 -0.0048953499432960769 -0.0014653500627069074 0.0014946635785189097 -0.0029232332417785719 -0.0032557739842407592 0.0026979217894161312 -0.0029630647898046918 0.00083471766889232403 0.01331682460336951 0.00082632491750720891 -0.001042361964621897
leaf_weight=1547.6515754461288 27418.443878680468 222.72067891061306 118577.68771098554 9424.1139709353447 7228.509535446763 5795.1015077382326 120248.83686870337 803.48231844604015 1385.7836794108152 31821.524326756597 12145.738694772124 2062.1719910353422 32394.197601407766 358.96256478130817 101125.58165645599 2631.7186790555716 9643.4897990077734 18747.627724245191 701.39695297181606 2133.304246738553 1846.7437461912632 1136.701498284936 5849.2028340101242 248.62277732789516
leaf_count=6254 110181 918 476690 38026 29153 23490 483414 3258 5712 128888 48973 8339 130382 1442 406450 10609 38880 76067 2837 8606 7480 5304 23573 1028
internal_value=5.59446e-05 0.00144039 -0.000257277 0.000147052 0.00117765 0.00404772 0.000443058 -0.00113729 -0.0012618 0.000712078 -0.000214927 0.00114299 0.00128695 0.0052536 -0.00106876 0.00601224 -0.00143323 -0.00190359 -0.000897899 -0.00073019 -0.00287062 0.0121361 -0.000518126 -0.0109375
internal_weight=515499 94554.9 420944 288902 93195.5 12107.8 253034 132042 130178 81087.7 130723 122311 64215.7 1863.84 128544 8426.82 16872 35867.7 1060.36 3680.96 20594.4 1359.42 15273.3 1634.41
internal_count=2075954 382484 1693470 1162562 376262 48959 1017416 530908 523371 327303 525663 491753 259270 7537 516631 34099 68033 145146 4279 14860 83547 6222 61599 6740
is_linear=0
shrinkage=0.02


Tree=97
num_leaves=30
num_cat=0
split_feature=12 5 41 46 46 46 46 27 46 15 41 46 9 46 11 19 46 46 9 15 11 29 31 46 15 1 31 25 38
split_gain=550.259 455.69 337.821 324.954 878.12 561.438 938.02 476.382 389.512 311.21 287.307 284.718 249.982 236.908 146.107 100.989 96.9422 114.565 76.8722 59.3952 36.5 33.3184 25.5138 23.0467 23.0138 21.3023 21.034 17.203 2.33648
threshold=0.15579534322023394 -0.099719151854515062 -2.4991500377655025 0.50065359473228466 0.50063318014144909 0.50182899832725536 0.50209569931030285 252.50000000000003 0.50061729550361644 3.2612500190734868 1.0047999620437624 0.50113165378570568 -0.079807572066783891 0.49958847463130956 -0.00098836247343569972 -229.87294769287107 0.50205549597740184 0.50094169378280651 -0.021133542992174622 2.9600499868392949 0.076349139213562026 1.0000000180025095e-35 -0.13070416450500486 0.49921353161334997 8.2279500961303729 12.851649284362795 -0.10966234281659125 14.000999450683596 -3520.7199707031245
decision_type=2 2 8 2 2 2 2 2 2 2 10 2 2 2 2 10 2 2 2 2 2 2 2 2 2 2 2 2 10
left_child=1 12 13 4 8 7 -7 -5 -4 10 11 -3 19 20 -12 27 17 -15 -17 23 22 -14 -2 -1 -6 -23 -21 -11 -18
right_child=2 9 3 5 24 6 -8 -9 -10 15 14 -13 21 16 -16 18 28 -19 -20 26 -22 25 -24 -25 -26 -27 -28 -29 -30
leaf_value=-4.3065168235382428e-05 0.00010611090606773604 0.00098026233862901478 -0.00080898689689192524 0.0042425018061788547 -0.011248484678549 -0.010684179369813333 0.00097338919177531304 0.00025383690184043313 0.0048045143928977622 0.0019268730586065347 0.0047776266830906865 -0.0023913509484745055 0.0003939070857647347 0.0010784643373508323 0.0015610195868193389 -0.0028268566004761497 0.00044905672597574754 -0.0035831842755431561 -0.00039209434415626843 0.0015884435364331222 3.3477298899684888e-05 0.0089841162972727814 0.0066190435753916785 0.0038923149045606859 -0.00098288081802002888 0.00062730650081200439 -0.0014271355631704716 -0.00070410918299206612 0.0047594722613889476
leaf_weight=688.25655241310596 282.59300675988197 98954.057422712445 260876.77621091902 17204.796358287334 2455.4719697982073 3462.6070833057165 7369.2760623544455 35980.427382260561 4215.6165331155062 3306.4016676992178 10214.073553577065 10336.339623451233 290.71359768509865 6143.9257642924786 14171.657187134027 12163.32899941504 246.75634235143661 2193.285335406661 9145.2913848161697 604.73489829897881 414.04017579555511 3689.0244386196136 4013.5520856231451 2824.5273327827454 265.32907401025295 261.01384872198105 1876.0714937746525 827.81854277849197 1000.1113501042128
leaf_count=2759 1161 397239 1050150 69044 9945 14322 29943 144481 16963 13272 41139 41718 1268 24757 56972 48848 1002 8840 36747 2492 1668 16248 16195 11605 1074 1111 7544 3328 4119
internal_value=5.50681e-05 0.000986474 -0.000401932 -0.000533971 -0.00083965 0.000739133 -0.00325245 0.00158992 -0.000704862 0.000709422 0.0010953 0.000645611 0.0049143 0.00252307 0.00302228 -0.00128822 0.000566505 -0.000362904 -0.00183631 0.00184527 0.00581735 0.00823181 0.00627811 0.00326112 -0.0107148 0.00863855 -0.000476243 0.00136992 0.0044303
internal_weight=515478 169353 346125 331830 267813 64017.1 10831.9 53185.2 265092 159119 133676 109290 10234.3 14294.3 24385.7 25442.8 9584.08 8337.21 21308.6 5993.59 4710.19 4240.75 4296.15 3512.78 2720.8 3950.04 2480.81 4134.22 1246.87
internal_count=2075954 682290 1393664 1335922 1078132 257790 44265 213525 1067113 639263 537068 438957 43027 57742 98111 102195 38718 33597 85595 24400 19024 18627 17356 14364 11019 17359 10036 16600 5121
is_linear=0
shrinkage=0.02


end of trees

feature_importances:
Column_46=1074
Column_41=240
Column_31=217
Column_9=146
Column_5=106
Column_1=92
Column_12=89
Column_22=88
Column_11=84
Column_3=83
Column_8=79
Column_27=60
Column_7=44
Column_15=41
Column_13=39
Column_10=30
Column_25=29
Column_0=28
Column_4=26
Column_6=25
Column_14=22
Column_45=22
Column_32=16
Column_38=11
Column_29=10
Column_30=9
Column_18=6
Column_28=6
Column_33=6
Column_24=5
Column_2=4
Column_35=3
Column_19=2
Column_23=2
Column_17=1
Column_21=1
Column_34=1
Column_37=1
Column_39=1

parameters:
[boosting: gbdt]
[objective: binary]
[metric: auc]
[tree_learner: serial]
[device_type: cpu]
[data_sample_strategy: bagging]
[data: ]
[valid: ]
[num_iterations: 12000]
[learning_rate: 0.02]
[num_leaves: 63]
[num_threads: 12]
[seed: 42]
[deterministic: 0]
[force_col_wise: 0]
[force_row_wise: 0]
[histogram_pool_size: -1]
[max_depth: 5]
[min_data_in_leaf: 1000]
[min_sum_hessian_in_leaf: 0.001]
[bagging_fraction: 0.8]
[pos_bagging_fraction: 1]
[neg_bagging_fraction: 1]
[bagging_freq: 0]
[bagging_seed: 400]
[bagging_by_query: 0]
[feature_fraction: 0.9]
[feature_fraction_bynode: 1]
[feature_fraction_seed: 30056]
[extra_trees: 0]
[extra_seed: 12879]
[early_stopping_round: 0]
[early_stopping_min_delta: 0]
[first_metric_only: 0]
[max_delta_step: 0]
[lambda_l1: 0.0667468]
[lambda_l2: 837.609]
[linear_lambda: 0]
[min_gain_to_split: 0]
[drop_rate: 0.1]
[max_drop: 50]
[skip_drop: 0.5]
[xgboost_dart_mode: 0]
[uniform_drop: 0]
[drop_seed: 17869]
[top_rate: 0.2]
[other_rate: 0.1]
[min_data_per_group: 100]
[max_cat_threshold: 32]
[cat_l2: 10]
[cat_smooth: 10]
[max_cat_to_onehot: 4]
[top_k: 20]
[monotone_constraints: ]
[monotone_constraints_method: basic]
[monotone_penalty: 0]
[feature_contri: ]
[forcedsplits_filename: ]
[refit_decay_rate: 0.9]
[cegb_tradeoff: 1]
[cegb_penalty_split: 0]
[cegb_penalty_feature_lazy: ]
[cegb_penalty_feature_coupled: ]
[path_smooth: 0]
[interaction_constraints: ]
[verbosity: -1]
[saved_feature_importance_type: 0]
[use_quantized_grad: 0]
[num_grad_quant_bins: 4]
[quant_train_renew_leaf: 0]
[stochastic_rounding: 1]
[linear_tree: 0]
[max_bin: 255]
[max_bin_by_feature: ]
[min_data_in_bin: 3]
[bin_construct_sample_cnt: 200000]
[data_random_seed: 175]
[is_enable_sparse: 1]
[enable_bundle: 1]
[use_missing: 1]
[zero_as_missing: 0]
[feature_pre_filter: 1]
[pre_partition: 0]
[two_round: 0]
[header: 0]
[label_column: ]
[weight_column: ]
[group_column: ]
[ignore_column: ]
[categorical_feature: ]
[forcedbins_filename: ]
[precise_float_parser: 0]
[parser_config_file: ]
[objective_seed: 16083]
[num_class: 1]
[is_unbalance: 0]
[scale_pos_weight: 1]
[sigmoid: 1]
[boost_from_average: 1]
[reg_sqrt: 0]
[alpha: 0.9]
[fair_c: 1]
[poisson_max_delta_step: 0.7]
[tweedie_variance_power: 1.5]
[lambdarank_truncation_level: 30]
[lambdarank_norm: 1]
[label_gain: ]
[lambdarank_position_bias_regularization: 0]
[eval_at: ]
[multi_error_top_k: 1]
[auc_mu_weights: ]
[num_machines: 1]
[local_listen_port: 12400]
[time_out: 120]
[machine_list_filename: ]
[machines: ]
[gpu_platform_id: -1]
[gpu_device_id: -1]
[gpu_device_id_list: ]
[gpu_use_dp: 0]
[num_gpu: 1]

end of parameters

pandas_categorical:null
