tree
version=v4
num_class=1
num_tree_per_iteration=1
label_index=0
max_feature_idx=26
objective=binary sigmoid:1
feature_names=Column_0 Column_1 Column_2 Column_3 Column_4 Column_5 Column_6 Column_7 Column_8 Column_9 Column_10 Column_11 Column_12 Column_13 Column_14 Column_15 Column_16 Column_17 Column_18 Column_19 Column_20 Column_21 Column_22 Column_23 Column_24 Column_25 Column_26
feature_infos=[0.22753928601741791:3.6871068477630615] [7.9028692245483398:16.184686660766602] [0.039999999105930328:40.189998626708984] [-0.39459803700447083:1.2079938650131226] [3.1874096393585205:99.017425537109375] [-0.36483296751976013:0.68337100744247437] [0.047979999333620071:29.564340591430664] [0.0042819571681320667:0.088949732482433319] [-0.46976745128631592:1.6265158653259277] [-0.44094231724739075:1.5703361034393311] [-0.42127963900566101:1.1225490570068359] [-0.42252358794212341:0.61407250165939331] [0:3.1434910297393799] [-0.52756977081298828:2.5199036598205566] [-6.6300954818725586:3.6169443130493164] [0.44800001382827759:10.146900177001953] [0.053199999034404755:13.695500373840332] none [2.1001999378204346:236809.796875] [-12733.1826171875:4397.59814453125] [-2147483648:9999] [-1152.81005859375:3999.489990234375] [-2147483648:3968] [0.2774905264377594:1] [-1021.7022094726562:10543.2373046875] [11.89306640625:17.697771072387695] [-2:2]
tree_sizes=994 1015 1010 1019 804 1015 1014 906 904 911 1121 905 911 913 1019 1012 1017 1016 910 1012 913 998 917 913 915 1020 913 1023 912 910 801 915 909 916 1241 1021 797 911 801 799 911 794 763 907 911 1005 800 784 903 805 1127 800 911 906 1130 910 1107 909 1123 1123 918 912 913 913 1127 1020 910 688 1129 1124 1240 1127 808 908 915 1016 1242 915 1131 915 1240 798 918 923 1248 816 1135 813 1247 922 1252 919 921 1254 922 1137 808 1242 920 1255 925 1137 925 1029 1252 927 915 811 927 1144 1129 915 695 803 914 1351 1229 805 914 1018 1209 806 1131 796 1122 802 1221 912 1133 1123 802 1024 802 1017 797 1121 1021 1241 1355 796 918 907 1245 908 801 803 1017 1234 1137 1246 805 1348 1124 909 1242 803 1118 1122 912 804 912 1023 802 1235 1023 1124 799 911 1014 800 1240 1122 916 1111 801 1226 1131 913 912 913 804 910 804 1015 918 1011 913 1022 1018 1028 917 912 1132 1020 695 909 1016 1117 1016 693 912 1006 913 799 1017 893 693 910 1128 906 893 799 917 692 911 1014 897 1017 778 1020 891 799 1131 1133 797 1128 692 1137 911 1013 776 798 1118 803 913 1022 778 1359 1017 914 1129 802 1137 1119 1019 798 1130 808 907 1362 1124 801 898 1122 799 1222 1128 1015 1026 1006 1024 1131 778 1016 1110 1221 1123 1019 1233 1026 694 1131 1013 804 1020 1014 1114 1114 1018 799 907 1026 1024 1130 1085 1024 890 778 785 1017 1243 1014 800 1021 1130 807 804 803 1020 1023 909 1020 799 1247 1242 796 1124 1134 1133 1019 1022 909 1129 801 802 1126 802 1020 903 797 1129 1242 800 1023 1245 910 800 1120 1132 778 1017 803 803 1122 800 807 778 1011 778 1129 1021 1021 911 800 801 912 803 782 904 1116 872 1127 1336 997 1013 803 1014 1226 802 1024 803 1012 696 893 1116 913 1242 1001 914 697 807 1225 803 804 1005 804 904 912 1017 1234 804 916 1126 805 1017 1017 1126 910 902 1118 781 802 1129 804 1241 781 1102 1122 1020 920 1015 1015 805 801 1127 798 1234 1015 799 1022 1122 1247 1015 782 800 806 1120 1229 884 910 783 901 805 1121 1124 1002 1097 785 1125 695 887 799 1124 1239 911 912 1244 691 915 804 1349 806 1018 1132 904 801 917 698 1124 810 799 1208 1236 801 1213 1235 697 806 697 802 781 1243 1248 911 913 1238 1126 801 777 1111 694 1236 909 1029 695 1238 1021 911 1217 1108 804 1123 803 697

Tree=0
num_leaves=8
num_cat=0
split_feature=5 11 7 1 22 7 12
split_gain=55.5071 25.2474 15.1441 11.8712 11.467 7.13068 2.24607
threshold=-0.062549117952585206 -0.01808554399758577 0.020009505562484268 10.950383663177492 74.500000000000014 0.014868834987282755 0.29681171476840978
decision_type=2 2 2 2 2 2 2
left_child=-1 2 -2 5 -5 -3 -4
right_child=1 3 6 4 -6 -7 -8
leaf_value=-0.10172896392186223 -0.10698043055735643 -0.10773672133448807 -0.102419944430011 -0.11031246914392956 -0.10765243268940103 -0.1049016308591126 -0.10464917489390008
leaf_weight=882.50154376029968 858.8185927271843 648.16497564315796 505.81797522306442 944.07721644639969 2314.9461399316788 723.20253628492355 502.82644456624985
leaf_count=3540 3445 2600 2029 3787 9286 2901 2017
internal_value=-0.106366 -0.107011 -0.105069 -0.107804 -0.108458 -0.106269 -0.103429
internal_weight=7380.36 6497.85 1867.46 4630.39 3259.02 1371.37 1008.64
internal_count=29605 26065 7491 18574 13073 5501 4046
is_linear=0
shrinkage=1


Tree=1
num_leaves=8
num_cat=0
split_feature=5 11 7 1 22 7 12
split_gain=53.349 24.2866 14.5771 11.4136 11.0246 6.85806 2.14977
threshold=-0.062549117952585206 -0.01808554399758577 0.020009505562484268 10.950383663177492 74.500000000000014 0.014868834987282755 0.29681171476840978
decision_type=2 2 2 2 2 2 2
left_child=-1 2 -2 5 -5 -3 -4
right_child=1 3 6 4 -6 -7 -8
leaf_value=0.0045456846710122565 -0.00060249223742563031 -0.0013443802792374357 0.0038699551580738808 -0.003870312481817695 -0.0012610523224902137 0.001435920455368499 0.0016839139548876394
leaf_weight=882.71428495645523 858.79046142101288 648.11747670173645 505.92207245528698 943.87564599514008 2314.7870119214058 723.25843043625355 502.87194880843163
leaf_count=3540 3445 2600 2029 3787 9286 2901 2017
internal_value=0 -0.000631706 0.00127214 -0.00141023 -0.00205097 9.48278e-05 0.00288079
internal_weight=7380.34 6497.62 1867.58 4630.04 3258.66 1371.38 1008.79
internal_count=29605 26065 7491 18574 13073 5501 4046
is_linear=0
shrinkage=0.02


Tree=2
num_leaves=8
num_cat=0
split_feature=5 11 7 1 22 7 12
split_gain=51.3063 25.7242 13.5002 11.3456 10.142 6.75392 2.91392
threshold=-0.064914628863334642 -0.01808554399758577 0.020009505562484268 10.950383663177492 74.500000000000014 0.014868834987282755 0.28376038372516638
decision_type=2 2 2 2 2 2 2
left_child=-1 2 -2 5 -5 -3 -4
right_child=1 3 6 4 -6 -7 -8
leaf_value=0.0046303544753889874 -0.00045272000834004262 -0.001332211041164629 0.0040022718786638977 -0.0037838213352399653 -0.0012804045627372303 0.0014236738684777397 0.001597314432778052
leaf_weight=824.05276834964752 876.22148588299751 648.3196983486414 501.03353576362133 947.41196222603321 2322.859680518508 726.55480414628983 533.84139600396156
leaf_count=3304 3515 2601 2009 3802 9319 2914 2141
internal_value=0 -0.000596152 0.0013359 -0.00140177 -0.00203926 9.70577e-05 0.00286121
internal_weight=7380.3 6556.24 1911.1 4645.15 3270.27 1374.87 1034.87
internal_count=29605 26301 7665 18636 13121 5515 4150
is_linear=0
shrinkage=0.02


Tree=3
num_leaves=8
num_cat=0
split_feature=5 11 7 1 22 3 12
split_gain=49.3163 22.4403 13.5241 10.5448 10.1999 6.45355 1.96044
threshold=-0.062549117952585206 -0.01808554399758577 0.020009505562484268 10.950383663177492 74.500000000000014 -0.036130944266915314 0.29681171476840978
decision_type=2 2 2 2 2 2 2
left_child=-1 2 -2 5 -5 -3 -4
right_child=1 3 6 4 -6 -7 -8
leaf_value=0.0043700378041208318 -0.00058199655090114045 0.0018765421166350219 0.0037201513333601404 -0.0037226507317606361 -0.0012109136783240444 -0.00091454550748918957 0.0016210204919807525
leaf_weight=883.09694641828537 858.74179631471634 499.37365406751633 506.11570036411285 943.46387119591236 2314.4669570624828 872.01466235518456 502.9568559974432
leaf_count=3540 3445 2003 2029 3787 9286 3498 2017
internal_value=0 -0.000606929 0.00122254 -0.00135555 -0.00197156 9.00431e-05 0.00277192
internal_weight=7380.23 6497.13 1867.81 4629.32 3257.93 1371.39 1009.07
internal_count=29605 26065 7491 18574 13073 5501 4046
is_linear=0
shrinkage=0.02


Tree=4
num_leaves=6
num_cat=0
split_feature=5 16 4 10 22
split_gain=47.4726 14.1729 14.9039 21.9555 7.64319
threshold=-0.064914628863334642 4.8408000469207773 53.015216827392585 0.0085439588874578493 75.500000000000014
decision_type=2 2 2 2 2
left_child=-1 2 3 -2 -4
right_child=1 -3 4 -5 -6
leaf_value=0.004453613469775442 -0.00011851062321501082 -0.0029834090104814575 -0.0029635669823027551 0.0040033339120684134 -0.00057319315345445666
leaf_weight=824.39627003669739 2514.606338262558 827.82059571146965 780.56971883773804 621.23859871923923 1811.5156057327986
leaf_count=3304 10087 3321 3133 2492 7268
internal_value=0 -0.000572958 -0.000207115 0.000710595 -0.00132784
internal_weight=7380.15 6555.75 5727.93 3135.84 2592.09
internal_count=29605 26301 22980 12579 10401
is_linear=0
shrinkage=0.02


Tree=5
num_leaves=8
num_cat=0
split_feature=5 11 7 1 22 7 12
split_gain=45.6398 23.5177 12.4113 10.4988 9.15876 6.43644 2.74673
threshold=-0.064914628863334642 -0.01808554399758577 0.020009505562484268 10.950383663177492 74.500000000000014 0.014868834987282755 0.28376038372516638
decision_type=2 2 2 2 2 2 2
left_child=-1 2 -2 5 -5 -3 -4
right_child=1 3 6 4 -6 -7 -8
leaf_value=0.0043662483560959042 -0.00042896039510838138 -0.001286560404538924 0.0038542070391374647 -0.0036056779255204813 -0.001223621225100516 0.0014032423682605961 0.0015199340575477291
leaf_weight=824.55401396751404 876.16265489161015 648.23410491645336 501.21523490548134 946.89196060597897 2322.4896701127291 726.59299340844154 533.94878636300564
leaf_count=3304 3515 2601 2009 3802 9319 2914 2141
internal_value=0 -0.000561938 0.00128477 -0.00133261 -0.0019461 0.000108157 0.00274709
internal_weight=7380.09 6555.54 1911.33 4644.21 3269.38 1374.83 1035.16
internal_count=29605 26301 7665 18636 13121 5515 4150
is_linear=0
shrinkage=0.02


Tree=6
num_leaves=8
num_cat=0
split_feature=5 11 1 22 8 8 25
split_gain=43.8898 20.4542 9.74382 9.23247 7.91667 6.71293 4.84111
threshold=-0.062549117952585206 -0.01808554399758577 10.950383663177492 74.500000000000014 0.027920453809201721 -0.04761910252273082 13.285229206085207
decision_type=2 2 2 2 2 2 2
left_child=-1 4 6 -4 5 -2 -3
right_child=1 2 3 -5 -6 -7 -8
leaf_value=0.0041218825822921176 0.0018275255594480296 0.0011762112908205243 -0.003547256761328949 -0.0011548444562627783 0.0032621777251122322 -0.00092581849430156964 -0.0011674499687334154
leaf_weight=883.57702600955963 631.60403850674629 759.11900435388088 942.93803948163986 2314.0989641547203 504.07894758880138 732.33704110980034 612.22034682333469
leaf_count=3540 2533 3045 3787 9286 2021 2937 2456
internal_value=0 -0.00057223 -0.00128732 -0.00187971 0.00117377 0.000332031 0.00010123
internal_weight=7379.97 6496.4 4628.38 3257.04 1868.02 1363.94 1371.34
internal_count=29605 26065 18574 13073 7491 5470 5501
is_linear=0
shrinkage=0.02


Tree=7
num_leaves=7
num_cat=0
split_feature=8 11 25 8 8 22
split_gain=42.5951 21.3699 9.77977 9.19664 8.71185 8.44415
threshold=-0.10804748907685278 -0.01808554399758577 14.950489997863771 0.030158721841871742 -0.0496015828102827 104.50000000000001
decision_type=2 2 2 2 2 2
left_child=-1 3 5 4 -2 -3
right_child=1 2 -4 -5 -6 -7
leaf_value=0.0039500154860935537 0.001910624919373248 -0.0020720924670904529 -0.00321720117543641 0.0033614947304418286 -0.0010619306484090853 -5.3242513285462124e-05
leaf_weight=928.62012733519077 697.19268041849136 1372.3174676001072 897.59480354189873 509.65782755613327 835.61613251268864 2138.8591257631779
leaf_count=3722 2795 5509 3603 2043 3351 8582
internal_value=0 -0.000579374 -0.00136436 0.00109326 0.00027493 -0.000861525
internal_weight=7379.86 6451.24 4408.77 2042.47 1532.81 3511.18
internal_count=29605 25883 17694 8189 6146 14091
is_linear=0
shrinkage=0.02


Tree=8
num_leaves=7
num_cat=0
split_feature=5 11 25 8 22 8
split_gain=41.066 21.0146 8.09584 7.15967 7.1331 7.13258
threshold=-0.064914628863334642 -0.01808554399758577 14.950489997863771 0.02903767675161362 74.500000000000014 -0.04761910252273082
decision_type=2 2 2 2 2 2
left_child=-1 3 4 5 -3 -2
right_child=1 2 -4 -5 -6 -7
leaf_value=0.0041412437988303146 0.001920069190135001 -0.0021154069458360083 -0.0029034548135710818 0.0032225256870784163 -0.0002041313536271532 -0.00086603594600789943
leaf_weight=824.9226062297821 666.16884694993496 1139.3837227076292 949.2452013194561 499.74295118451118 2554.563007697463 745.73433877527714
leaf_count=3304 2671 4575 3811 2003 10250 2991
internal_value=0 -0.000532612 -0.0012615 0.00121228 -0.000813514 0.000432826
internal_weight=7379.76 6554.84 4643.19 1911.65 3693.95 1411.9
internal_count=29605 26301 18636 7665 14825 5662
is_linear=0
shrinkage=0.02


Tree=9
num_leaves=7
num_cat=0
split_feature=8 11 25 7 12 22
split_gain=39.9779 19.6585 9.07193 8.85699 11.7371 7.87372
threshold=-0.10804748907685278 -0.01808554399758577 14.950489997863771 0.020009505562484268 0.26937864720821386 104.50000000000001
decision_type=2 2 2 2 2 2
left_child=-1 3 5 -2 -5 -3
right_child=1 2 -4 4 -6 -7
leaf_value=0.0038263728038544719 -0.00041833743997817343 -0.0019986889384769856 -0.0030998086614589188 0.0043422606722402961 0.00025829561978007879 -4.8534148654528601e-05
leaf_weight=928.84882046282291 889.77268145978451 1372.0024995654821 897.26329278945923 521.13847315311432 631.77596750855446 2138.8300278782845
leaf_count=3722 3569 5509 3603 2088 2532 8582
internal_value=0 -0.000561218 -0.00131436 0.00104247 0.00218689 -0.000829553
internal_weight=7379.63 6450.78 4408.1 2042.69 1152.91 3510.83
internal_count=29605 25883 17694 8189 4620 14091
is_linear=0
shrinkage=0.02


Tree=10
num_leaves=9
num_cat=0
split_feature=11 3 14 2 1 3 22 22
split_gain=37.3759 13.1235 16.9769 11.9932 9.99381 8.20695 6.89108 10.1876
threshold=-0.01808554399758577 -0.046364016830921166 -0.12331236153841017 0.7749999761581422 10.950383663177492 -0.036130944266915314 74.500000000000014 146.50000000000003
decision_type=2 2 2 2 2 2 2 2
left_child=1 2 -1 -3 5 -2 -6 -8
right_child=4 3 -4 -5 6 -7 7 -9
leaf_value=0.006035948611661973 0.0022812472328281102 0.0023200079704122816 0.0012970427766672791 -0.0014089193464666566 -0.0030617758523523398 -0.00081215000255241909 0.0013583070461037992 -0.001719137306859928
leaf_weight=526.82368658483028 525.3480140119791 671.33109520375729 767.38675314188004 652.28712965548038 975.28621457517147 872.31585162878036 524.21436148881912 1864.5070410519838
leaf_count=2110 2107 2691 3076 2615 3919 3500 2104 7483
internal_value=0 0.00191121 0.0033292 0.000462497 -0.00105238 0.000343423 -0.00164158 -0.00102159
internal_weight=7379.5 2617.83 1294.21 1323.62 4761.67 1397.66 3364.01 2388.72
internal_count=29605 10492 5186 5306 19113 5607 13506 9587
is_linear=0
shrinkage=0.02


Tree=11
num_leaves=7
num_cat=0
split_feature=8 11 8 25 8 22
split_gain=37.5767 18.167 8.64465 8.61418 7.91406 7.5024
threshold=-0.10804748907685278 -0.01808554399758577 0.030158721841871742 14.950489997863771 -0.0496015828102827 104.50000000000001
decision_type=2 2 2 2 2 2
left_child=-1 2 4 5 -2 -3
right_child=1 3 -4 -5 -6 -7
leaf_value=0.0037098001696232803 0.0017661287914986354 -0.0019364560387355931 0.003194690988724349 -0.003007986742944605 -0.0010679771499732867 -3.2772617469288391e-05
leaf_weight=929.04581233859062 697.41009621322155 1371.7147766053677 509.8479772657156 896.99012394249439 835.61374613642693 2138.7295535355806
leaf_count=3722 2795 5509 2043 3603 3351 8582
internal_value=0 -0.000543618 0.000997514 -0.00126785 0.00020487 -0.00079526
internal_weight=7379.35 6450.31 2042.87 4407.43 1533.02 3510.44
internal_count=29605 25883 8189 17694 6146 14091
is_linear=0
shrinkage=0.02


Tree=12
num_leaves=7
num_cat=0
split_feature=8 11 7 25 22 3
split_gain=36.1204 17.4784 8.38122 8.27966 7.20884 4.81548
threshold=-0.10804748907685278 -0.01808554399758577 0.020009505562484268 14.950489997863771 104.50000000000001 0.012602027505636217
decision_type=2 2 2 2 2 2
left_child=-1 2 -2 4 -3 -4
right_child=1 3 5 -5 -6 -7
leaf_value=0.0036369857473299901 -0.00044146817969987264 -0.0018986264089432751 0.0032134529779537821 -0.0029499683644992349 -3.212470829908178e-05 0.00049925701232457595
leaf_weight=929.17344728112221 889.81843034923077 1371.54622207582 648.74535740911961 896.81422257423401 2138.7256048768759 504.38228675723076
leaf_count=3722 3569 5509 2599 3603 8582 2021
internal_value=0 -0.000532965 0.000978434 -0.00124347 -0.000779872 0.00209225
internal_weight=7379.21 6450.03 2042.95 4407.09 3510.27 1153.13
internal_count=29605 25883 8189 17694 14091 4620
is_linear=0
shrinkage=0.02


Tree=13
num_leaves=7
num_cat=0
split_feature=8 11 8 25 3 3
split_gain=34.7215 16.8142 8.33554 7.95802 7.58231 6.08697
threshold=-0.10804748907685278 -0.01808554399758577 0.030158721841871742 14.950489997863771 -0.024807735346257683 0.021908963099122051
decision_type=2 2 2 2 2 2
left_child=-1 2 4 5 -2 -3
right_child=1 3 -4 -5 -6 -7
leaf_value=0.0035656328465233068 0.0012330688133455159 -2.2435814565502219e-05 0.0031164860080192258 -0.002893070513560692 -0.0016500854432089818 -0.0017177852610598811
leaf_weight=929.29237182438374 991.66233070194721 2008.8517302572727 509.93087963759899 896.63781435787678 541.42205742001534 1501.2485181540251
leaf_count=3722 3975 8063 2043 3603 2171 6028
internal_value=0 -0.000522564 0.000959594 -0.00121956 0.000181264 -0.000764785
internal_weight=7379.05 6449.75 2043.02 4406.74 1533.08 3510.1
internal_count=29605 25883 8189 17694 6146 14091
is_linear=0
shrinkage=0.02


Tree=14
num_leaves=8
num_cat=0
split_feature=5 11 7 1 8 7 12
split_gain=34.1216 16.9667 10.5691 8.59191 7.95303 5.99188 2.64081
threshold=-0.064914628863334642 -0.01808554399758577 0.020009505562484268 10.950383663177492 0.014214968774467708 0.014868834987282755 0.28376038372516638
decision_type=2 2 2 2 2 2 2
left_child=-1 2 -2 5 -5 -3 -4
right_child=1 3 6 4 -6 -7 -8
leaf_value=0.0037743766451638319 -0.00049636718077223621 -0.0011845796997970426 0.0035029973508814145 -0.0028710072300859265 -0.00082322695156506354 0.0014086883356593182 0.0012529355173833568
leaf_weight=825.39599761366844 876.30484767258167 648.03280468285084 501.57850047945976 1351.3278385996819 1915.4054879695177 726.56680911779404 534.27747455239296
leaf_count=3304 3515 2601 2009 5427 7694 2914 2141
internal_value=0 -0.000485005 0.00108148 -0.00114058 -0.0016964 0.000160261 0.00243226
internal_weight=7378.89 6553.49 1912.16 4641.33 3266.73 1374.6 1035.86
internal_count=29605 26301 7665 18636 13121 5515 4150
is_linear=0
shrinkage=0.02


Tree=15
num_leaves=8
num_cat=0
split_feature=5 11 7 1 8 7 16
split_gain=32.8005 16.3208 10.1753 8.26 7.64084 5.763 2.63537
threshold=-0.064914628863334642 -0.01808554399758577 0.020009505562484268 10.950383663177492 0.014214968774467708 0.014868834987282755 1.1044999957084658
decision_type=2 2 2 2 2 2 2
left_child=-1 2 -2 5 -5 -3 -4
right_child=1 3 6 4 -6 -7 -8
leaf_value=0.0037006746575830025 -0.00048671754641412956 -0.0011618151077924705 0.0033871246971518506 -0.0028151008194719318 -0.00080700983980435998 0.0013813209993032058 0.0011460578200244533
leaf_weight=825.47633582353592 876.2819594591856 647.98781360685825 533.68280743062496 1351.081760853529 1915.3034058660269 726.61894296109676 502.26348142325878
leaf_count=3304 3515 2601 2138 5427 7694 2914 2012
internal_value=0 -0.000475269 0.00106087 -0.00111837 -0.00166341 0.000156601 0.00238627
internal_weight=7378.7 6553.22 1912.23 4640.99 3266.39 1374.61 1035.95
internal_count=29605 26301 7665 18636 13121 5515 4150
is_linear=0
shrinkage=0.02


Tree=16
num_leaves=8
num_cat=0
split_feature=8 11 8 22 0 8 26
split_gain=31.9614 14.7651 7.90824 7.5536 10.8005 7.35449 2.66802
threshold=-0.10804748907685278 -0.01808554399758577 0.030158721841871742 74.500000000000014 0.9041399657726289 -0.0496015828102827 1.5000000000000002
decision_type=2 2 2 2 2 2 10
left_child=-1 2 5 6 -5 -2 -3
right_child=1 3 -4 4 -6 -7 -8
leaf_value=0.0034211446196073208 0.0016372376602367511 -0.0035741239535533611 0.0029866075769940928 -0.0021323971371085193 0.0002888174222974402 -0.0010964518115769196 -0.0015183797098884619
leaf_weight=929.45743098855019 697.56871223449707 527.47405648231506 510.05619159340858 1130.0386915057898 1968.8981539458036 835.64298486709595 779.35924261808395
leaf_count=3722 2795 2120 2043 4536 7905 3351 3133
internal_value=0 -0.000500922 0.000887171 -0.00115438 -0.000591837 0.000129558 -0.00242564
internal_weight=7378.5 6449.04 2043.27 4405.77 3098.94 1533.21 1306.83
internal_count=29605 25883 8189 17694 12441 6146 5253
is_linear=0
shrinkage=0.02


Tree=17
num_leaves=8
num_cat=0
split_feature=5 11 7 1 25 7 12
split_gain=30.6718 15.1642 9.66376 8.02329 7.59061 5.53074 2.62046
threshold=-0.064914628863334642 -0.01808554399758577 0.020009505562484268 10.950383663177492 13.694292068481447 0.014868834987282755 0.28376038372516638
decision_type=2 2 2 2 2 2 2
left_child=-1 2 -2 5 -5 -3 -4
right_child=1 3 6 4 -6 -7 -8
leaf_value=0.0035785465954350647 -0.00048640717538474287 -0.0011143254506718896 0.0033732191077286301 -0.0034403470080691403 -0.001068156947213988 0.0013761183934858424 0.0011482764204993104
leaf_weight=825.59207865595818 876.2741686552763 647.89080280065536 501.69115623831749 710.50732077658176 2555.3504539728165 726.62350523471832 534.39210864901543
leaf_count=3304 3515 2601 2009 2854 10267 2914 2141
internal_value=0 -0.000459391 0.00102087 -0.0010795 -0.00161691 0.00017672 0.00231276
internal_weight=7378.32 6552.73 1912.36 4640.37 3265.86 1374.51 1036.08
internal_count=29605 26301 7665 18636 13121 5515 4150
is_linear=0
shrinkage=0.02


Tree=18
num_leaves=7
num_cat=0
split_feature=8 16 5 9 0 23
split_gain=29.9847 10.9539 10.23 13.6271 5.11935 3.36543
threshold=-0.10804748907685278 3.8818500041961674 0.033739535138010986 -0.016973965801298615 1.1907972693443301 0.70827808976173412
decision_type=2 2 2 2 2 2
left_child=-1 2 3 -2 -4 -3
right_child=1 5 4 -5 -6 -7
leaf_value=0.0033135999373228205 -0.00096775690323836101 -0.0010583070596743727 -0.0029370720697124725 0.0013864188518029259 -0.00046915679279835608 -0.0035452462230914205
leaf_weight=929.57980987429619 1651.7358489185572 519.70770892500877 599.54414421319962 2329.3945663720369 849.72476001083851 498.41788047552109
leaf_count=3722 6628 2086 2408 9347 3413 2001
internal_value=0 -0.000485054 -0.000116882 0.000400483 -0.00154659 -0.00236513
internal_weight=7378.1 6448.52 5430.4 3981.13 1449.27 1018.13
internal_count=29605 25883 21796 15975 5821 4087
is_linear=0
shrinkage=0.02


Tree=19
num_leaves=8
num_cat=0
split_feature=5 11 7 1 25 3 4
split_gain=28.8373 15.0955 9.7458 8.2908 7.60487 6.12196 2.90444
threshold=-0.070095382630825029 -0.01808554399758577 0.020009505562484268 10.950383663177492 13.694292068481447 -0.036130944266915314 38.913330078125007
decision_type=2 2 2 2 2 2 2
left_child=-1 2 -2 5 -5 -3 -4
right_child=1 3 6 4 -6 -7 -8
leaf_value=0.0037715670980627398 -0.00045926801612418855 0.0019564680766874904 0.0033707963611593443 -0.0034004712027224317 -0.001034231612092987 -0.00074343077846609356 0.001110323684104908
leaf_weight=707.74604681134224 915.22175461053848 507.41574162244797 527.8559675514698 713.82430949807167 2573.8081355988979 871.84400640428066 560.28453096747398
leaf_count=2832 3671 2035 2114 2868 10342 3499 2244
internal_value=0 -0.000409951 0.00102487 -0.00103589 -0.00158018 0.000239917 0.00228945
internal_weight=7378 6670.25 2003.36 4666.89 3287.63 1379.26 1088.14
internal_count=29605 26773 8029 18744 13210 5534 4358
is_linear=0
shrinkage=0.02


Tree=20
num_leaves=7
num_cat=0
split_feature=8 11 22 22 9 23
split_gain=28.1857 17.2656 8.27921 12.9398 6.43676 4.07815
threshold=-0.12751650810241696 -0.029676635749638077 104.50000000000001 174.50000000000003 -0.020746960304677483 0.81883782148361217
decision_type=2 2 2 2 2 2
left_child=-1 4 5 -4 -2 -3
right_child=1 2 3 -5 -6 -7
leaf_value=0.0039349101386269934 -2.576134458461718e-05 -0.0026532852849834409 0.0023059455350052335 -0.00091371744385213189 0.0025064341386865441 -0.00065476080400467555
leaf_weight=639.78251948952675 655.47073240578175 1249.8031265437603 588.2387592792511 2624.717592716217 906.0684714615345 713.69606611132622
leaf_count=2561 2626 5021 2361 10537 3630 2869
internal_value=0 -0.000383696 -0.000943828 -0.000300026 0.00143587 -0.00196225
internal_weight=7377.78 6737.99 5176.46 3212.96 1561.54 1963.5
internal_count=29605 27044 20788 12898 6256 7890
is_linear=0
shrinkage=0.02


Tree=21
num_leaves=8
num_cat=0
split_feature=8 9 11 22 22 26 2
split_gain=27.3204 41.2478 12.5433 7.85021 11.3962 5.75271 4.63489
threshold=-0.093547247350215898 -0.071707461029291139 -0.030248668044805523 104.50000000000001 174.50000000000003 1.5000000000000002 0.7749999761581422
decision_type=2 2 2 2 2 10 2
left_child=1 -1 6 5 -5 -4 -2
right_child=2 -3 3 4 -6 -7 -8
leaf_value=-0.00035489454871027998 0.0023657243387488094 0.0069614250677947362 -0.00326446009020329 0.0021531160126852834 -0.00095419300076832084 -0.00093930705503737354 0
leaf_weight=716.44258750975132 637.54265536367893 502.56641770899296 830.34881491959095 554.88503985106945 2463.7395363599062 1025.7472098320723 646.32936245203018
leaf_count=2869 2554 2013 3337 2227 9892 4123 2590
internal_value=0 0.00270798 -0.000541442 -0.00100835 -0.000358299 -0.0020277 0.00118893
internal_weight=7377.6 1219.01 6158.59 4874.72 3018.62 1856.1 1283.87
internal_count=29605 4882 24723 19579 12119 7460 5144
is_linear=0
shrinkage=0.02


Tree=22
num_leaves=7
num_cat=0
split_feature=8 11 22 22 9 23
split_gain=26.6884 15.9558 7.66339 12.0079 6.22007 3.93921
threshold=-0.12751650810241696 -0.029676635749638077 104.50000000000001 174.50000000000003 -0.020746960304677483 0.81883782148361217
decision_type=2 2 2 2 2 2
left_child=-1 4 5 -4 -2 -3
right_child=1 2 3 -5 -6 -7
leaf_value=0.0038291395320180035 -5.9741322783274965e-05 -0.0025705022420847573 0.0022176049842621507 -0.00088336553210166817 0.0024285764502838727 -0.00060808799968696526
leaf_weight=639.85415408015251 655.50513942539692 1249.4455013275146 588.38925428688526 2624.4648488610983 906.19387999176979 713.57463876903057
leaf_count=2561 2626 5021 2361 10537 3630 2869
internal_value=0 -0.000372993 -0.000911675 -0.000291737 0.00137568 -0.00189183
internal_weight=7377.43 6737.57 5175.87 3212.85 1561.7 1963.02
internal_count=29605 27044 20788 12898 6256 7890
is_linear=0
shrinkage=0.02


Tree=23
num_leaves=7
num_cat=0
split_feature=3 15 11 16 16 22
split_gain=24.4352 27.7621 11.3855 7.16529 9.60349 5.75761
threshold=-0.082545220851898179 1.9785000085830691 -0.032489523291587823 4.8408000469207773 1.0370999574661257 139.50000000000003
decision_type=2 2 2 2 2 2
left_child=1 -1 5 4 -4 -2
right_child=2 -3 3 -5 -6 -7
leaf_value=0.0048199703792975437 0.0027709567999985546 -0.00088736082214067435 -0.0015773737945037811 -0.0030072271349883923 0.00029070885863113351 -4.8376929630363405e-06
leaf_weight=778.00373044610023 505.06251484155655 565.25737991929054 2208.5943339467049 589.41721713542938 2104.5610118061304 626.33876729011536
leaf_count=3117 2023 2265 8871 2368 8452 2509
internal_value=0 0.00241779 -0.000542217 -0.000963704 -0.000660752 0.00123409
internal_weight=7377.23 1343.26 6033.97 4902.57 4313.16 1131.4
internal_count=29605 5382 24223 19691 17323 4532
is_linear=0
shrinkage=0.02


Tree=24
num_leaves=7
num_cat=0
split_feature=8 11 22 22 9 23
split_gain=25.2199 14.7881 7.2926 11.5909 6.00719 3.81482
threshold=-0.12751650810241696 -0.029676635749638077 104.50000000000001 174.50000000000003 -0.020746960304677483 0.81883782148361217
decision_type=2 2 2 2 2 2
left_child=-1 4 5 -4 -2 -3
right_child=1 2 3 -5 -6 -7
leaf_value=0.0037223170293095359 -8.8768119548734872e-05 -0.002505064102120928 0.0021887654345053215 -0.00085789337966388907 0.0023557578713084182 -0.00057470771009744941
leaf_weight=639.91248109936714 655.53669096529484 1249.1553674042225 588.43608711659908 2624.2508722543716 906.3068080842495 713.48696269094944
leaf_count=2561 2626 5021 2361 10537 3630 2869
internal_value=0 -0.000362422 -0.000881224 -0.000276278 0.00132057 -0.00183745
internal_weight=7377.09 6737.17 5175.33 3212.69 1561.84 1962.64
internal_count=29605 27044 20788 12898 6256 7890
is_linear=0
shrinkage=0.02


Tree=25
num_leaves=8
num_cat=0
split_feature=5 11 7 1 8 3 12
split_gain=24.4774 12.5093 8.87733 8.13135 7.98651 5.72013 4.91961
threshold=-0.070095382630825029 -0.01808554399758577 0.020009505562484268 10.950383663177492 0.014214968774467708 -0.036130944266915314 0.26937864720821386
decision_type=2 2 2 2 2 2 2
left_child=-1 2 -2 5 -5 -3 -4
right_child=1 3 6 4 -6 -7 -8
leaf_value=0.0034753985418027773 -0.00048636496906643743 0.0019729797949990368 0.0035566554035532274 -0.0026474601352073435 -0.00061373130031617607 -0.00063378843039561946 0.00074920200970824704
leaf_weight=707.8816344588995 915.26111713051796 507.3608170747757 505.86899161338806 1371.6796240657568 1914.7690618634224 871.53560462594032 582.52369818091393
leaf_count=2832 3671 2035 2025 5513 7697 3499 2333
internal_value=0 -0.000376782 0.000928337 -0.000947099 -0.00148684 0.000316312 0.00213614
internal_weight=7376.88 6669 2003.65 4665.35 3286.45 1378.9 1088.39
internal_count=29605 26773 8029 18744 13210 5534 4358
is_linear=0
shrinkage=0.02


Tree=26
num_leaves=7
num_cat=0
split_feature=8 11 16 14 23 8
split_gain=23.811 10.5079 10.1403 9.95359 6.09174 7.13292
threshold=-0.10804748907685278 0.0091554676182568091 4.8408000469207773 0.034395774826407439 0.8435104787349702 -0.01862990669906139
decision_type=2 2 2 2 2 2
left_child=-1 2 3 -2 5 -3
right_child=1 4 -4 -5 -6 -7
leaf_value=0.0029530793168017965 1.5363000064344961e-05 -0.0040841844729025889 -0.0023057678614153659 0.0025797370714754331 -9.5770202189217286e-05 -0.0011729492218873286
leaf_weight=929.86412344872952 2472.8497658222914 504.24603499472141 508.75026708841324 790.85185599327087 989.39499709010124 1180.671855866909
leaf_count=3722 9919 2026 2042 3174 3977 4745
internal_value=0 -0.000431616 0.000240242 0.000662377 -0.00138679 -0.00211116
internal_weight=7376.63 6446.76 3772.45 3263.7 2674.31 1684.92
internal_count=29605 25883 15135 13093 10748 6771
is_linear=0
shrinkage=0.02


Tree=27
num_leaves=8
num_cat=0
split_feature=8 9 11 22 22 26 2
split_gain=23.0513 40.2325 10.0677 6.9777 10.1356 5.51971 4.39832
threshold=-0.093547247350215898 -0.071707461029291139 -0.030248668044805523 104.50000000000001 174.50000000000003 1.5000000000000002 0.7749999761581422
decision_type=2 2 2 2 2 10 2
left_child=1 -1 6 5 -5 -4 -2
right_child=2 -3 3 4 -6 -7 -8
leaf_value=-0.00053214484033351145 0.0022001992500842106 0.0066903037364352234 -0.0030857070476751213 0.0020647052763595568 -0.00086572461760741227 -0.00081455306032422975 -6.4224132478283633e-05
leaf_weight=716.51804277300835 637.71404212713242 502.69268482923508 829.79570542275906 555.0209950953722 2463.026450574398 1025.2712789773941 646.44769068062305
leaf_count=2869 2554 2013 3337 2227 9892 4123 2590
internal_value=0 0.00248777 -0.000496837 -0.000915651 -0.000302549 -0.00187672 0.00105172
internal_weight=7376.49 1219.21 6157.28 4873.11 3018.05 1855.07 1284.16
internal_count=29605 4882 24723 19579 12119 7460 5144
is_linear=0
shrinkage=0.02


Tree=28
num_leaves=7
num_cat=0
split_feature=8 11 25 16 12 3
split_gain=22.665 13.0405 7.89804 6.76428 8.24757 5.84855
threshold=-0.12751650810241696 -0.01808554399758577 14.950489997863771 2.7319999933242802 0.32220703363418585 0.021908963099122051
decision_type=2 2 2 2 2 2
left_child=-1 3 5 4 -2 -3
right_child=1 2 -4 -5 -6 -7
leaf_value=0.0035288762996456792 0.0026263590824365615 0.00015123859431510247 -0.0025965450204463499 -0.00090630628472288823 -0.00024288816614587182 -0.0014595573981413391
leaf_weight=639.97747126221657 1033.7516183406115 2100.6256644278765 923.42227622866631 569.96028915047646 603.23086799681187 1505.3117593079805
leaf_count=2561 4142 8437 3715 2284 2416 6050
internal_value=0 -0.000343281 -0.000959955 0.000902406 0.0015585 -0.000516192
internal_weight=7376.28 6736.3 4529.36 2206.94 1636.98 3605.94
internal_count=29605 27044 18202 8842 6558 14487
is_linear=0
shrinkage=0.02


Tree=29
num_leaves=7
num_cat=0
split_feature=8 11 22 22 22 23
split_gain=21.7994 12.5633 6.79994 10.7262 5.90009 3.73094
threshold=-0.12751650810241696 -0.029676635749638077 104.50000000000001 174.50000000000003 148.50000000000003 0.81883782148361217
decision_type=2 2 2 2 2 2
left_child=-1 4 5 -4 -2 -3
right_child=1 2 3 -5 -6 -7
leaf_value=0.0034607232611378442 0.0024928226325547261 -0.0023974016009375146 0.0021394982168910499 -0.00079171417290324912 4.6487068479410655e-06 -0.00049420194691717064
leaf_weight=640.00283665955067 731.64464783668518 1248.6147838830948 588.50250063836575 2623.6303092390299 830.4145565032959 713.25683033466339
leaf_count=2561 2930 5021 2361 10537 3326 2869
internal_value=0 -0.000336711 -0.00081535 -0.000231297 0.00121361 -0.00173853
internal_weight=7376.07 6736.06 5174 3212.13 1562.06 1961.87
internal_count=29605 27044 20788 12898 6256 7890
is_linear=0
shrinkage=0.02


Tree=30
num_leaves=6
num_cat=0
split_feature=5 16 1 8 9
split_gain=21.35 10.5783 10.8111 13.3082 11.1457
threshold=-0.073189143091440187 4.8408000469207773 11.025557041168215 -0.048624096438288682 -0.020034817978739735
decision_type=2 2 2 2 2
left_child=-1 2 3 -2 -4
right_child=1 -3 4 -5 -6
leaf_value=0.0034001858412071712 0.0037104453452348118 -0.0023863446971864009 -0.0021176647667218895 1.9373906753890596e-05 0.00010262013110271912
leaf_weight=648.93373021483421 571.75941656529903 851.73267412185669 1286.1670933663845 1195.662640273571 2821.583371207118
leaf_count=2596 2292 3421 5163 4799 11334
internal_value=0 -0.000335353 -2.32056e-05 0.00126795 -0.000591874
internal_weight=7375.84 6726.91 5875.17 1767.42 4107.75
internal_count=29605 27009 23588 7091 16497
is_linear=0
shrinkage=0.02


Tree=31
num_leaves=7
num_cat=0
split_feature=8 11 25 7 12 3
split_gain=20.5571 12.0638 7.50664 5.90559 14.8941 5.66757
threshold=-0.12751650810241696 -0.01808554399758577 14.950489997863771 0.020009505562484268 0.23632169514894488 0.021908963099122051
decision_type=2 2 2 2 2 2
left_child=-1 3 5 -2 -5 -3
right_child=1 2 -4 4 -6 -7
leaf_value=0.0033613494959612352 -0.00028317605731702325 0.00016985758241273369 -0.0025153126124264186 0.0043265937448563252 -2.6686125325253208e-06 -0.0014160837455412054
leaf_weight=640.01224687695503 950.29220670461655 2100.462100893259 923.11925132572651 506.72779616713524 749.99607370793819 1505.0691003203392
leaf_count=2561 3811 8437 3715 2028 3003 6050
internal_value=0 -0.000326275 -0.000919669 0.000871485 0.00176248 -0.000486946
internal_weight=7375.68 6735.67 4528.65 2207.02 1256.72 3605.53
internal_count=29605 27044 18202 8842 5031 14487
is_linear=0
shrinkage=0.02


Tree=32
num_leaves=7
num_cat=0
split_feature=5 11 16 25 1 0
split_gain=19.9168 10.4632 11.2243 10.4879 6.31455 10.3684
threshold=-0.073189143091440187 0.0091554676182568091 4.8408000469207773 14.90681838989258 10.950383663177492 1.1067831516265871
decision_type=2 2 2 2 2 2
left_child=-1 2 3 -2 -3 -6
right_child=1 4 -4 -5 5 -7
leaf_value=0.0032845399719687082 0.0013598743106752204 0.00041885493310998264 -0.0022542797491866182 -0.0013323463671173219 -0.0032739220611781852 -0.00045788921959522211
leaf_weight=648.93743948638439 2661.900019749999 652.00600509345531 542.01746186614037 704.02317601442337 977.9683248847723 1188.563530087471
leaf_count=2596 10677 2617 2176 2826 3933 4780
internal_value=0 -0.000323437 0.000338806 0.000780358 -0.00124979 -0.00176798
internal_weight=7375.42 6726.48 3907.94 3365.92 2818.54 2166.53
internal_count=29605 27009 15679 13503 11330 8713
is_linear=0
shrinkage=0.02


Tree=33
num_leaves=7
num_cat=0
split_feature=8 11 22 22 9 23
split_gain=19.3756 11.7005 7.16215 10.0152 6.52284 3.69515
threshold=-0.13188134133815763 -0.029676635749638077 104.50000000000001 174.50000000000003 -0.021403450518846508 0.81883782148361217
decision_type=2 2 2 2 2 2
left_child=-1 4 5 -4 -2 -3
right_child=1 2 3 -5 -6 -7
leaf_value=0.0034300849790465655 -0.00026301347203642697 -0.0023602641809833498 0.0021159003928199896 -0.00070956099474634685 0.002260792938265688 -0.0004705654787653796
leaf_weight=582.04557241499424 675.63209141790867 1258.0106548666954 592.00768415629864 2637.9071464240551 916.00567921996117 713.60417148470879
leaf_count=2329 2706 5060 2375 10596 3668 2871
internal_value=0 -0.000301334 -0.000764611 -0.000168463 0.00117854 -0.00170882
internal_weight=7375.21 6793.17 5201.53 3229.91 1591.64 1971.61
internal_count=29605 27276 20902 12971 6374 7931
is_linear=0
shrinkage=0.02


Tree=34
num_leaves=10
num_cat=0
split_feature=3 15 11 10 4 23 13 0 8
split_gain=19.0884 26.6874 8.78009 10.8917 13.3029 9.24414 7.06028 8.1895 4.19077
threshold=-0.082545220851898179 1.9785000085830691 0.0091554676182568091 0.0062499840278178462 52.017583847045906 0.69589439034461986 0.012095429934561254 1.2018269896507265 0.013135367538779976
decision_type=2 2 2 2 2 2 2 2 2
left_child=1 -1 3 5 -5 -2 8 -8 -4
right_child=2 -3 6 4 -6 -7 7 -9 -10
leaf_value=0.0044960911869657248 0.0011296335377402069 -0.0010966922025387616 -0.0037829476049254357 0.0040549075798757524 -0.00033159457355954762 -0.0014606939334939797 -0.0017545201417122891 0.0011613070379387013 -0.0011616478860799727
leaf_weight=778.0663830935955 808.51583555340767 565.23048457503319 551.61342516541481 522.08162599802017 524.59487628936768 1562.047200769186 811.37519030272961 680.35932138562202 571.09449529647827
leaf_count=3117 3244 2265 2217 2094 2107 6266 3263 2736 2296
internal_value=0 0.00213775 -0.000478496 0.000179943 0.00186371 -0.000559256 -0.00134697 -0.000402852 -0.00253428
internal_weight=7374.98 1343.3 6031.68 3417.24 1046.68 2370.56 2614.44 1491.73 1122.71
internal_count=29605 5382 24223 13711 4201 9510 10512 5999 4513
is_linear=0
shrinkage=0.02


Tree=35
num_leaves=8
num_cat=0
split_feature=8 9 11 22 22 26 2
split_gain=18.536 39.3531 7.87883 6.54684 8.10093 6.14429 4.73343
threshold=-0.093547247350215898 -0.071707461029291139 -0.031365688890218728 104.50000000000001 174.50000000000003 1.5000000000000002 0.7749999761581422
decision_type=2 2 2 2 2 10 2
left_child=1 -1 6 5 -5 -4 -2
right_child=2 -3 3 4 -6 -7 -8
leaf_value=-0.00074976028244246582 0.0021682586851108207 0.0063906952968623212 -0.0029949947866650161 0.0018898847761818461 -0.00071959852802524083 -0.0006312917031837678 -0.00022951394584027284
leaf_weight=716.52373687922955 616.6314242631197 502.73788952827454 837.9378365278244 559.59993058443069 2487.8247251808643 1035.2314251810312 618.34501095116138
leaf_count=2869 2469 2013 3372 2245 9995 4165 2477
internal_value=0 0.00223134 -0.000445052 -0.00080734 -0.000217284 -0.0017328 0.000956804
internal_weight=7374.83 1219.26 6155.57 4920.59 3047.42 1873.17 1234.98
internal_count=29605 4882 24723 19777 12240 7537 4946
is_linear=0
shrinkage=0.02


Tree=36
num_leaves=6
num_cat=0
split_feature=8 16 11 25 1
split_gain=18.1657 11.5232 12.5754 10.144 5.04433
threshold=-0.13188134133815763 4.8408000469207773 0.0091554676182568091 14.90681838989258 10.950383663177492
decision_type=2 2 2 2 2
left_child=-1 2 3 -2 -4
right_child=1 -3 4 -5 -6
leaf_value=0.003321347157545148 0.0013482780195499585 -0.0024334793258429001 0.00056367721500261549 -0.0012589380504853473 -0.0015549975200837445
leaf_weight=582.03758403658867 2768.7704943269491 851.92666007578373 542.54066704213619 724.72347503900528 1904.6013339012861
leaf_count=2329 11104 3423 2178 2909 7662
internal_value=0 -0.000291723 1.7779e-05 0.000791951 -0.00106935
internal_weight=7374.6 6792.56 5940.64 3493.49 2447.14
internal_count=29605 27276 23853 14013 9840
is_linear=0
shrinkage=0.02


Tree=37
num_leaves=7
num_cat=0
split_feature=3 12 16 11 16 23
split_gain=17.5541 22.3853 9.14367 8.3282 9.39106 7.66991
threshold=-0.082545220851898179 0.17170763015747073 3.8818500041961674 -0.011251994874328373 1.0299000144004824 0.69831475615501415
decision_type=2 2 2 2 2 2
left_child=1 -1 3 5 -5 -2
right_child=2 -3 -4 4 -6 -7
leaf_value=0.0040211308793630593 0.0028393830037594975 -0.0011903071538923971 -0.002291483322825041 -0.0017338597614206341 0.00037892395222928975 4.2761016874374788e-05
leaf_weight=838.74238719046116 560.84427772462368 504.60062450170517 901.08831249177456 1734.200539201498 1556.161546126008 1278.7503467202187
leaf_count=3360 2248 2022 3622 6973 6255 5125
internal_value=0 0.00204993 -0.000458964 -0.000120682 -0.000727939 0.000940945
internal_weight=7374.39 1343.34 6031.05 5129.96 3290.36 1839.59
internal_count=29605 5382 24223 20601 13228 7373
is_linear=0
shrinkage=0.02


Tree=38
num_leaves=6
num_cat=0
split_feature=5 16 11 25 1
split_gain=17.2188 9.34823 10.7923 9.71419 6.47554
threshold=-0.073189143091440187 4.8408000469207773 0.0091554676182568091 14.90681838989258 10.950383663177492
decision_type=2 2 2 2 2
left_child=-1 2 3 -2 -4
right_child=1 -3 4 -5 -6
leaf_value=0.0030540916229178862 0.001282631261714684 -0.0022292230426853633 0.00083151745265138777 -0.0013081280806524066 -0.0015469355585521402
leaf_weight=648.88507288694382 2662.2062927782536 851.19322074949741 557.03209012746811 703.92122545838356 1950.9594868421555
leaf_count=2596 10677 3421 2236 2826 7849
internal_value=0 -0.000300769 -7.07815e-06 0.00072447 -0.00100114
internal_weight=7374.2 6725.31 5874.12 3366.13 2507.99
internal_count=29605 27009 23588 13503 10085
is_linear=0
shrinkage=0.02


Tree=39
num_leaves=6
num_cat=0
split_feature=8 16 11 25 1
split_gain=16.8206 10.4469 11.2716 9.38216 4.64317
threshold=-0.13188134133815763 4.8408000469207773 0.0091554676182568091 14.90681838989258 10.950383663177492
decision_type=2 2 2 2 2
left_child=-1 2 3 -2 -4
right_child=1 -3 4 -5 -6
leaf_value=0.003196233564915696 0.0012823254231926436 -0.002320269466976302 0.00054943443526407133 -0.0012246170871277927 -0.0014816921692744906
leaf_weight=582.01200737059116 2769.1269802749157 851.57934585213661 542.56048433482647 724.63266214728355 1904.0576517432928
leaf_count=2329 11104 3423 2178 2909 7662
internal_value=0 -0.000280573 1.37896e-05 0.000746998 -0.00101529
internal_weight=7373.97 6791.96 5940.38 3493.76 2446.62
internal_count=29605 27276 23853 14013 9840
is_linear=0
shrinkage=0.02


Tree=40
num_leaves=7
num_cat=0
split_feature=3 15 16 11 16 8
split_gain=16.2391 25.457 8.18221 7.50618 9.05606 6.65325
threshold=-0.082545220851898179 1.9785000085830691 3.8818500041961674 -0.011251994874328373 1.0299000144004824 0.035752614960074432
decision_type=2 2 2 2 2 2
left_child=1 -1 3 5 -5 -2
right_child=2 -3 -4 4 -6 -7
leaf_value=0.0042769000356431145 0.0001065790407699521 -0.0011836869547847432 -0.0021754999139162942 -0.0016859557145252827 0.00038884672007522339 0.0027964341070685506
leaf_weight=778.12216724455357 1338.2168683707714 565.22384788095951 900.70409007370472 1733.8598385155201 1556.0737165659666 501.54204215109348
leaf_count=3117 5364 2265 3622 6973 6255 2009
internal_value=0 0.00197179 -0.000441322 -0.000120887 -0.000697723 0.000886417
internal_weight=7373.74 1343.35 6030.4 5129.69 3289.93 1839.76
internal_count=29605 5382 24223 20601 13228 7373
is_linear=0
shrinkage=0.02


Tree=41
num_leaves=6
num_cat=0
split_feature=8 16 3 8 13
split_gain=15.9424 9.30044 9.71933 16.0557 8.97709
threshold=-0.12751650810241696 4.8408000469207773 0.021058971993625168 0.014214968774467708 0.060806334018707282
decision_type=2 2 2 2 2
left_child=-1 2 3 -2 -4
right_child=1 -3 4 -5 -6
leaf_value=0.0029605164428195942 -5.1111549032304665e-05 -0.0022215103159716745 -0.0028910115935628987 0.0031464404929822383 -0.00016045354617189486
leaf_weight=639.95603193342686 2817.941914126277 842.61557914316654 685.29682171344757 776.1752397865057 1611.5421666949987
leaf_count=2561 11309 3388 2754 3117 6476
internal_value=0 -0.000287099 0 0.000645506 -0.00101268
internal_weight=7373.53 6733.57 5890.96 3594.12 2296.84
internal_count=29605 27044 23656 14426 9230
is_linear=0
shrinkage=0.02


Tree=42
num_leaves=6
num_cat=0
split_feature=5 16 11 10 24
split_gain=15.5014 8.12648 9.62016 9.18815 4.70203
threshold=-0.073189143091440187 4.8408000469207773 0.0091554676182568091 0.0073211307171732196 5.5053999423980722
decision_type=2 2 2 2 2
left_child=-1 2 3 -2 -4
right_child=1 -3 4 -5 -6
leaf_value=0.0028979381332123045 0 -0.0020840474452306422 0 0.0022950364737018137 -0.00173069639612401
leaf_weight=648.82144115865231 2395.8305593878031 850.7264219224453 1140.6720499396324 970.5492899119854 1366.7806824743748
leaf_count=2596 9609 3421 4587 3894 5498
internal_value=0 -0.000285374 -1.11343e-05 0.000679097 -0.000950107
internal_weight=7373.38 6724.56 5873.83 3366.38 2507.45
internal_count=29605 27009 23588 13503 10085
is_linear=0
shrinkage=0.02


Tree=43
num_leaves=7
num_cat=0
split_feature=3 15 16 5 8 0
split_gain=15.1061 24.6215 7.36385 7.21326 14.321 5.48052
threshold=-0.082545220851898179 1.9785000085830691 3.8818500041961674 0.032169939950108535 0.013135367538779976 1.1907972693443301
decision_type=2 2 2 2 2 2
left_child=1 -1 3 4 -2 -5
right_child=2 -3 -4 5 -6 -7
leaf_value=0.004169580919808835 -0.00052199587458039284 -0.0011998667003059889 -0.0020713151052462416 -0.0026976871196097495 0.0021130914825686622 -0.00020004752190585763
leaf_weight=778.13229665160179 2437.2611066997051 565.19763627648354 900.34433661401272 617.38034570217133 1209.278797134757 865.58101263642311
leaf_count=3117 9783 2265 3622 2483 4854 3481
internal_value=0 0.00190193 -0.000425507 -0.000121106 0.00034988 -0.00129095
internal_weight=7373.18 1343.33 6029.85 5129.5 3646.54 1482.96
internal_count=29605 5382 24223 20601 14637 5964
is_linear=0
shrinkage=0.02


Tree=44
num_leaves=7
num_cat=0
split_feature=8 11 22 22 9 23
split_gain=14.827 9.01671 6.57243 9.40586 6.28715 3.86609
threshold=-0.13188134133815763 -0.029676635749638077 104.50000000000001 174.50000000000003 -0.021403450518846508 0.81883782148361217
decision_type=2 2 2 2 2 2
left_child=-1 4 5 -4 -2 -3
right_child=1 2 3 -5 -6 -7
leaf_value=0.0030008142683478822 -0.00037910511281310572 -0.0022381640366842814 0.002113778897367807 -0.00062595957250689577 0.002099114812164609 -0.00032086784396903145
leaf_weight=581.94761642813683 675.6594612300396 1257.274158090353 591.95935799181461 2636.9304727613926 916.11103045940399 713.12622572481632
leaf_count=2329 2706 5060 2375 10596 3668 2871
internal_value=0 -0.000263642 -0.00067103 -0.000100348 0.00103424 -0.00157511
internal_weight=7373.01 6791.06 5199.29 3228.89 1591.77 1970.4
internal_count=29605 27276 20902 12971 6374 7931
is_linear=0
shrinkage=0.02


Tree=45
num_leaves=8
num_cat=0
split_feature=8 9 9 5 0 13 8
split_gain=14.3992 38.3149 7.88591 11.0598 10.6597 9.68097 9.36482
threshold=-0.093547247350215898 -0.071707461029291139 -0.016973965801298615 0.032169939950108535 1.1106429100036623 0.027863402850925926 -0.040348052978515618
decision_type=2 2 2 2 2 2 2
left_child=1 -1 6 4 -4 -5 -2
right_child=2 -3 3 5 -6 -7 -8
leaf_value=-0.00096916866316475603 -0.0028015868205059913 0.0060748997843972016 0.00014574870226473558 -0.0034557809715329026 0.003125052594739019 -0.00011873642697659954 0
leaf_weight=716.45386923849583 973.51620015501976 502.69232559204102 2103.9243874102831 504.65118703246117 611.36438715457916 1094.0233191996813 866.13477861881256
leaf_count=2869 3909 2013 8446 2030 2456 4401 3481
internal_value=0 0.00196686 -0.000392197 6.89054e-05 0.000851665 -0.00123063 -0.00148031
internal_weight=7372.76 1219.15 6153.61 4313.96 2715.29 1598.67 1839.65
internal_count=29605 4882 24723 17333 10902 6431 7390
is_linear=0
shrinkage=0.02


Tree=46
num_leaves=6
num_cat=0
split_feature=8 16 11 25 18
split_gain=14.1222 8.96459 9.66758 8.95542 4.54483
threshold=-0.13188134133815763 4.8408000469207773 0.0091554676182568091 14.90681838989258 14.25624990463257
decision_type=2 2 2 2 2
left_child=-1 2 3 -2 -4
right_child=1 -3 4 -5 -6
leaf_value=0.0029289005263845613 0.0012179098855792025 -0.0021473485049742316 0.0003880485781628352 -0.0012314476459528356 -0.0014763558933248927
leaf_weight=581.91748629510403 2769.3090204745531 850.97487868368626 688.65537211298943 724.58783820271492 1757.1645265221596
leaf_count=2329 11104 3423 2770 2909 7070
internal_value=0 -0.000257094 1.50721e-05 0.000694449 -0.000937719
internal_weight=7372.61 6790.69 5939.72 3493.9 2445.82
internal_count=29605 27276 23853 14013 9840
is_linear=0
shrinkage=0.02


Tree=47
num_leaves=6
num_cat=0
split_feature=5 16 1 8 9
split_gain=13.7167 7.34473 8.85202 11.9606 11.6665
threshold=-0.073189143091440187 4.8408000469207773 11.025557041168215 -0.048624096438288682 -0.020034817978739735
decision_type=2 2 2 2 2
left_child=-1 2 3 -2 -4
right_child=1 -3 4 -5 -6
leaf_value=0.0027261810999343445 0.0034747167367280142 -0.0019788573700061339 -0.0020854393927737529 0 0.00018781378061495592
leaf_weight=648.71064373850822 571.90239192545414 850.34283345937729 1285.6586701869965 1195.6816467046738 2820.0866832137108
leaf_count=2596 2292 3421 5163 4799 11334
internal_value=0 -0.000268519 -7.53919e-06 0.00116011 -0.000523046
internal_weight=7372.38 6723.67 5873.33 1767.58 4105.75
internal_count=29605 27009 23588 7091 16497
is_linear=0
shrinkage=0.02


Tree=48
num_leaves=7
num_cat=0
split_feature=3 12 16 5 8 0
split_gain=13.5961 20.9573 6.61051 6.52828 13.6101 5.3279
threshold=-0.082545220851898179 0.17170763015747073 3.8818500041961674 0.032169939950108535 0.013135367538779976 1.1907972693443301
decision_type=2 2 2 2 2 2
left_child=1 -1 3 4 -2 -5
right_child=2 -3 -4 5 -6 -7
leaf_value=0.0037148786826579801 -0.00051697347888336287 -0.001325581094701368 -0.0019635559846048578 -0.002614411158335518 0.0020517709752743466 -0.00015398205321200269
leaf_weight=838.67962998151779 2437.0555317401886 504.51547652482986 899.93258945643902 617.16928033530712 1209.4272819459438 865.41206078231335
leaf_count=3360 9783 2022 3622 2483 4854 3481
internal_value=0 0.0018045 -0.00040367 -0.000114884 0.00033276 -0.00122824
internal_weight=7372.19 1343.2 6029 5129.06 3646.48 1482.58
internal_count=29605 5382 24223 20601 14637 5964
is_linear=0
shrinkage=0.02


Tree=49
num_leaves=6
num_cat=0
split_feature=8 16 3 8 13
split_gain=13.1539 8.12739 9.27672 14.8111 8.64013
threshold=-0.13188134133815763 4.8408000469207773 0.021058971993625168 0.014214968774467708 0.060806334018707282
decision_type=2 2 2 2 2
left_child=-1 2 3 -2 -4
right_child=1 -3 4 -5 -6
leaf_value=0.0028266857073635117 -1.5785116522607405e-05 -0.002048473574800193 -0.0028149845555964456 0.0030490438086949656 -0.00013713286376711246
leaf_weight=581.85291491448879 2863.3537999242544 850.63280539214611 685.06299178302288 776.33013850450516 1614.7858757078648
leaf_count=2329 11492 3423 2754 3117 6490
internal_value=0 -0.000248314 1.05025e-05 0.00064354 -0.000971651
internal_weight=7372.02 6790.17 5939.53 3639.68 2299.85
internal_count=29605 27276 23853 14609 9244
is_linear=0
shrinkage=0.02


Tree=50
num_leaves=9
num_cat=0
split_feature=3 15 25 13 0 3 3 3
split_gain=12.9459 17.2246 13.5854 9.47788 12.8162 9.79922 6.58951 8.59337
threshold=-0.047946894541382783 2.035850048065186 13.779233455657961 0.013567937072366478 1.1852017641067507 0.084420148283243193 0.0069015421904623517 -0.030002599582076069
decision_type=2 2 2 2 2 2 2 2
left_child=1 2 -1 6 5 -5 7 -2
right_child=3 -3 -4 4 -6 -7 -8 -9
leaf_value=0.0047266311003553718 -0.002664314824640553 -0.001070905011855596 0.00084211760875254824 0.00024514815714808897 0.0021507974429014476 -0.0027156555887597306 -0.0031358481415786634 0.00042931930839081744
leaf_weight=611.72922892868519 549.88347280025482 822.20977446436882 929.45594011247158 1329.1971533596516 884.71053573489189 633.34761647880077 706.35288517177105 904.96915692090988
leaf_count=2452 2209 3297 3728 5339 3558 2546 2840 3636
internal_value=0 0.00121547 0.00245664 -0.000572812 0.000174496 -0.000713005 -0.0015654 -0.00073921
internal_weight=7371.86 2363.39 1541.19 5008.46 2847.26 1962.54 2161.21 1454.85
internal_count=29605 9477 6180 20128 11443 7885 8685 5845
is_linear=0
shrinkage=0.02


Tree=51
num_leaves=6
num_cat=0
split_feature=5 16 11 25 1
split_gain=12.6434 8.6018 8.28437 8.35256 5.21928
threshold=-0.080755334347486482 4.8408000469207773 0.0091554676182568091 14.90681838989258 10.950383663177492
decision_type=2 2 2 2 2
left_child=-1 2 3 -2 -4
right_child=1 -3 4 -5 -6
leaf_value=0.002906859489397296 0.0011855714018617642 -0.0020665581838621096 0.00081220171526125064 -0.0011812995824442057 -0.0013183868232445211
leaf_weight=530.66737428307533 2734.4420199692249 866.49628888070583 558.21571391820908 725.47421695291996 1956.4503272175789
leaf_count=2124 10964 3487 2241 2913 7876
internal_value=0 -0.000232127 3.49607e-05 0.000673905 -0.0008276
internal_weight=7371.75 6841.08 5974.58 3459.92 2514.67
internal_count=29605 27481 23994 13877 10117
is_linear=0
shrinkage=0.02


Tree=52
num_leaves=7
num_cat=0
split_feature=3 15 16 5 8 23
split_gain=12.4124 24.1294 6.71351 6.45315 13.7049 5.11382
threshold=-0.08726960793137549 1.7080000042915346 3.8818500041961674 0.032169939950108535 0.013135367538779976 0.8435104787349702
decision_type=2 2 2 2 2 2
left_child=1 -1 3 4 -2 -5
right_child=2 -3 -4 5 -6 -7
leaf_value=0.0045869880635721633 -0.00047100705782077195 -0.0009012105013997396 -0.0019180151282970667 -0.0024151983453920244 0.0020876347831570415 -3.2476890551476569e-05
leaf_weight=606.5439674705267 2524.5461509227753 619.86605980992317 921.74325783550739 691.40965586900711 1215.0265815705061 792.36288468539715
leaf_count=2430 10134 2484 3711 2782 4876 3188
internal_value=0 0.00181946 -0.000365765 -7.72335e-05 0.000358499 -0.00118821
internal_weight=7371.5 1226.41 6145.09 5223.35 3739.57 1483.77
internal_count=29605 4914 24691 20980 15010 5970
is_linear=0
shrinkage=0.02


Tree=53
num_leaves=7
num_cat=0
split_feature=8 9 8 1 16 0
split_gain=12.0925 8.65597 28.1289 9.79651 9.29087 6.2246
threshold=-0.13188134133815763 -0.016973965801298615 -0.041340164840221398 12.729205608367922 2.4408500194549565 1.1067831516265871
decision_type=2 2 2 2 2 2
left_child=-1 3 -3 4 -2 -4
right_child=1 2 5 -5 -6 -7
leaf_value=0.0027100067772864683 0.00038249462632166092 0.0045936219184325939 -0.00097607468186868885 -0.0035602522918537424 -0.0026827754908722908 0.000631583895833243
leaf_weight=581.76506988704205 1345.5564660280943 509.3779364824295 2268.245574593544 526.24500671029091 525.66390764713287 1614.4545927643776
leaf_count=2329 5400 2043 9113 2115 2112 6493
internal_value=0 -0.000238529 0.000282565 -0.0012018 -0.000482161 -0.000298329
internal_weight=7371.31 6789.54 4392.08 2397.47 1871.22 3882.7
internal_count=29605 27276 17649 9627 7512 15606
is_linear=0
shrinkage=0.02


Tree=54
num_leaves=9
num_cat=0
split_feature=11 12 7 1 25 23 6 3
split_gain=11.8372 12.2105 20.1898 5.89387 7.18832 9.60359 5.57083 5.47991
threshold=-0.01808554399758577 0.17364916205406192 0.020009505562484268 10.950383663177492 13.694292068481447 0.81883782148361217 1.8825199604034426 -0.036130944266915314
decision_type=2 2 2 2 2 2 2 2
left_child=1 2 -1 7 -5 -6 -3 -2
right_child=3 6 -4 4 5 -7 -8 -9
leaf_value=0.00018542946357372417 0.0020554274652225132 -0.0012152799234363806 0.0053709429041525055 -0.0027816056354976423 -0.0014922784637308379 0.00095579626889206212 0.0013142529675651627 -0.00046438621726783405
leaf_weight=695.50453524291515 525.27089466154575 842.46385917067528 528.83648866415024 730.78293494880199 1608.0346999019384 1016.6918594688177 552.34237717092037 871.21079978346825
leaf_count=2789 2107 3375 2117 2941 6472 4093 2211 3500
internal_value=0 0.0010762 0.00251532 -0.000591937 -0.00104762 -0.000529938 -0.000182136 0.000476063
internal_weight=7371.14 2619.15 1224.34 4751.99 3355.51 2624.73 1394.81 1396.48
internal_count=29605 10492 4906 19113 13506 10565 5586 5607
is_linear=0
shrinkage=0.02


Tree=55
num_leaves=7
num_cat=0
split_feature=8 9 9 8 8 0
split_gain=11.4807 36.5867 7.3883 9.51745 9.28647 6.27539
threshold=-0.093547247350215898 -0.071707461029291139 -0.016973965801298615 -0.03648030757904052 -0.040348052978515618 1.1067831516265871
decision_type=2 2 2 2 2 2
left_child=1 -1 4 -4 -2 -5
right_child=2 -3 3 5 -6 -7
leaf_value=-0.0011085189240556531 -0.0027210953038710258 0.0057743661494901776 0.0026315498984013316 -0.00093378437361757514 6.7882439146028066e-05 0.0006938420151551437
leaf_weight=716.29676124453545 973.1485221683979 502.55623143911362 499.26203946769238 2213.029168561101 865.84277276694775 1600.747091576457
leaf_count=2869 3909 2013 2003 8892 3481 6438
internal_value=0 0.00175644 -0.000350276 9.58173e-05 -0.00140415 -0.00024089
internal_weight=7370.88 1218.85 6152.03 4313.04 1838.99 3813.78
internal_count=29605 4882 24723 17333 7390 15330
is_linear=0
shrinkage=0.02


Tree=56
num_leaves=9
num_cat=0
split_feature=11 12 7 10 1 25 8 7
split_gain=11.3668 11.6718 21.3445 6.91066 5.67148 6.93227 7.75901 5.31525
threshold=-0.01808554399758577 0.22567426413297656 0.020009505562484268 -0.04346684738993644 10.950383663177492 13.694292068481447 0.014214968774467708 0.014868834987282755
decision_type=2 2 2 2 2 2 2 2
left_child=1 2 -1 -3 7 -6 -7 -2
right_child=4 3 -4 -5 5 6 -8 -9
leaf_value=0 -0.0008045024624289246 -0.0019611628770922845 0.0048316098202535757 0.0010461417931829544 -0.0027296726171741467 -0.0017011530298150276 0.00045170461021228314 0.0016103741804088915
leaf_weight=796.94903852045536 648.6609013825655 571.21233507990837 659.21404419839382 591.66796547174454 730.62737713754177 1191.080926194787 1433.5050817131996 747.81063634157181
leaf_count=3196 2607 2287 2639 2370 2941 4794 5771 3000
internal_value=0 0.0010553 0.00223787 -0.000409616 -0.000579392 -0.0010265 -0.000517871 0.000467921
internal_weight=7370.73 2619.04 1456.16 1162.88 4751.68 3355.21 2624.59 1396.47
internal_count=29605 10492 5835 4657 19113 13506 10565 5607
is_linear=0
shrinkage=0.02


Tree=57
num_leaves=7
num_cat=0
split_feature=8 9 8 1 16 0
split_gain=11.2754 8.16844 25.9868 9.37371 8.98101 5.86623
threshold=-0.13188134133815763 -0.016973965801298615 -0.041340164840221398 12.729205608367922 2.4408500194549565 1.1067831516265871
decision_type=2 2 2 2 2 2
left_child=-1 3 -3 4 -2 -4
right_child=1 2 5 -5 -6 -7
leaf_value=0.0026179412530569998 0.00038838760310145752 0.0044197630578033812 -0.0009399066101857239 -0.0034728607079045231 -0.0026256856445289289 0.00062078075738433009
leaf_weight=581.65787193179131 1345.4191941469908 509.48827335238457 2267.904512360692 526.0459977388382 525.51660759747028 1614.4604702889919
leaf_count=2329 5400 2043 9113 2115 2112 6493
internal_value=0 -0.000229476 0.000276527 -0.00116545 -0.000461236 -0.00028158
internal_weight=7370.49 6788.84 4391.85 2396.98 1870.94 3882.36
internal_count=29605 27276 17649 9627 7512 15606
is_linear=0
shrinkage=0.02


Tree=58
num_leaves=9
num_cat=0
split_feature=3 15 25 13 0 3 8 3
split_gain=10.9655 16.0337 12.4829 9.13231 11.9938 9.3463 7.40555 20.592
threshold=-0.047946894541382783 2.035850048065186 13.779233455657961 0.013567937072366478 1.1852017641067507 0.084420148283243193 -0.010204089339822529 0.0069015421904623517
decision_type=2 2 2 2 2 2 2 2
left_child=1 2 -1 6 5 -5 -2 -8
right_child=3 -3 -4 4 -6 -7 7 -9
leaf_value=0.0044934372154117131 -0.0030163179026441813 -0.001085267623427055 0.00076958494387882788 0.00028335089233665056 0.0021180865248022272 -0.0026089613142919982 0.0016973123053038784 -0.0031306799768124915
leaf_weight=611.70557157695293 795.94012328982353 822.0379721224308 929.24590952694416 1328.9204570651054 884.76506759226322 633.07625360786915 724.93960630893707 639.67617030441761
leaf_count=2452 3199 3297 3728 5339 3558 2546 2913 2573
internal_value=0 0.00111946 0.00231791 -0.000526512 0.000206872 -0.000651536 -0.00150144 -0.000554172
internal_weight=7370.31 2362.99 1540.95 5007.32 2846.76 1962 2160.56 1364.62
internal_count=29605 9477 6180 20128 11443 7885 8685 5486
is_linear=0
shrinkage=0.02


Tree=59
num_leaves=9
num_cat=0
split_feature=11 12 7 6 1 25 23 7
split_gain=10.8308 11.059 18.3627 5.39906 5.3707 6.76857 9.12871 5.01001
threshold=-0.01808554399758577 0.17364916205406192 0.020009505562484268 1.8825199604034426 10.950383663177492 13.694292068481447 0.81883782148361217 0.014868834987282755
decision_type=2 2 2 2 2 2 2 2
left_child=1 2 -1 -3 7 -6 -7 -2
right_child=4 3 -4 -5 5 6 -8 -9
leaf_value=0.00017552583673369538 -0.00078112911440498102 -0.0011840080515245746 0.0051238229782940778 0.0013066559503521708 -0.0026834774303022926 -0.0014369959512623219 0.0009498772985759011 0.0015628292852338569
leaf_weight=695.45965097844601 648.59839284420013 842.37940792739391 528.7375226020813 552.32566332817078 730.47266839444637 1607.6342941224575 1016.6951861679554 747.86594949662685
leaf_count=2789 2607 3375 2117 2211 2941 6472 4093 3000
internal_value=0 0.00103034 0.00240003 -0.000166081 -0.000565402 -0.00100061 -0.000498056 0.000453253
internal_weight=7370.17 2618.9 1224.2 1394.71 4751.27 3354.8 2624.33 1396.46
internal_count=29605 10492 4906 5586 19113 13506 10565 5607
is_linear=0
shrinkage=0.02


Tree=60
num_leaves=7
num_cat=0
split_feature=5 11 22 22 26 18
split_gain=10.5093 5.83452 5.99794 9.38199 6.13062 4.83556
threshold=-0.080755334347486482 -0.031365688890218728 104.50000000000001 174.50000000000003 1.0000000180025095e-35 15.776449680328371
decision_type=2 2 2 2 10 2
left_child=-1 5 4 -4 -3 -2
right_child=1 2 3 -5 -6 -7
leaf_value=0.0026518602942624649 -0.00043568776333616785 -0.0026336013578391426 0.0021896550475585062 -0.00049240677803487657 -0.00038862748984628339 0.0018877886810266273
leaf_weight=530.40718670189381 568.63621120154858 854.11360763013363 618.25525218248367 2752.0760978013277 1219.51595659554 826.89190489053726
leaf_count=2124 2278 3440 2481 11062 4909 3311
internal_value=0 -0.000210605 -0.000510915 6.99431e-07 -0.00135061 0.000923571
internal_weight=7369.9 6839.49 5443.96 3370.33 2073.63 1395.53
internal_count=29605 27481 21892 13543 8349 5589
is_linear=0
shrinkage=0.02


Tree=61
num_leaves=7
num_cat=0
split_feature=8 9 8 1 16 0
split_gain=10.3852 7.67236 22.737 8.84985 8.76549 5.52726
threshold=-0.12751650810241696 -0.016973965801298615 -0.041340164840221398 12.729205608367922 2.4408500194549565 1.1067831516265871
decision_type=2 2 2 2 2 2
left_child=-1 3 -3 4 -2 -4
right_child=1 2 5 -5 -6 -7
leaf_value=0.0023908864137103894 0.00038672186055626039 0.0041551601297576896 -0.00090245147743143463 -0.0034181474651246257 -0.0026274233220692084 0.00061253745364404975
leaf_weight=639.48172275722027 1318.8641857653856 503.78591506183147 2267.5247605741024 514.40206459164619 511.16097897291183 1614.4377432912588
leaf_count=2561 5294 2020 9113 2069 2055 6493
internal_value=0 -0.000231186 0.000256001 -0.00115158 -0.000458354 -0.000263004
internal_weight=7369.66 6730.18 4385.75 2344.43 1830.03 3881.96
internal_count=29605 27044 17626 9418 7349 15606
is_linear=0
shrinkage=0.02


Tree=62
num_leaves=7
num_cat=0
split_feature=3 15 16 11 16 12
split_gain=10.1071 22.4163 6.22297 6.50967 9.70695 6.94317
threshold=-0.08726960793137549 1.7080000042915346 3.8818500041961674 -0.031868854537606232 1.0370999574661257 0.27152444422245031
decision_type=2 2 2 2 2 2
left_child=1 -1 3 5 -5 -2
right_child=2 -3 -4 4 -6 -7
leaf_value=0.0043136967822355729 0.002953524835937625 -0.00097533783620116165 -0.0018233403151318613 -0.0013127318922222647 0.00059736579371615344 -0.00022783679871171963
leaf_weight=606.28843496739864 510.44846273958683 619.69824181497097 921.25401641428471 2224.6048322916031 1970.3535285741091 516.81244878470898
leaf_count=2430 2044 2484 3711 8947 7920 2069
internal_value=0 0.00164327 -0.000328927 -5.10698e-05 -0.000408484 0.00134913
internal_weight=7369.46 1225.99 6143.47 5222.22 4194.96 1027.26
internal_count=29605 4914 24691 20980 16867 4113
is_linear=0
shrinkage=0.02


Tree=63
num_leaves=7
num_cat=0
split_feature=8 9 8 1 8 5
split_gain=9.82732 7.76483 23.4356 8.67991 5.90933 4.68446
threshold=-0.13188134133815763 -0.016973965801298615 -0.041340164840221398 12.729205608367922 -0.040348052978515618 0.032169939950108535
decision_type=2 2 2 2 2 2
left_child=-1 3 -3 4 -2 -4
right_child=1 2 5 -5 -6 -7
leaf_value=0.0024450899837935684 -0.0013113124040320656 0.0042137450056308609 0.00031547455644831738 -0.003348011117168767 0.00097052569971186903 -0.0010817541532177888
leaf_weight=581.48323199152946 1180.178898781538 509.57797539234161 2292.8491384983063 525.76736558973789 690.45953296124935 1588.8982743024826
leaf_count=2329 4736 2043 9210 2115 2776 6396
internal_value=0 -0.000213554 0.000279646 -0.00112645 -0.000447866 -0.00025009
internal_weight=7369.21 6787.73 4391.33 2396.41 1870.64 3881.75
internal_count=29605 27276 17649 9627 7512 15606
is_linear=0
shrinkage=0.02


Tree=64
num_leaves=9
num_cat=0
split_feature=11 12 14 10 0 16 6 5
split_gain=9.63959 10.4164 13.1753 6.90697 5.08487 6.80348 8.11404 6.32427
threshold=-0.01808554399758577 0.22567426413297656 -0.10823302343487738 -0.04346684738993644 1.1067831516265871 2.8911999464035039 1.0589999556541445 0.037579864263534553
decision_type=2 2 2 2 2 2 2 2
left_child=1 2 -1 -3 5 6 -2 -6
right_child=4 3 -4 -5 7 -7 -8 -9
leaf_value=0.0045965467232779366 0.00046945676745624616 -0.0019608787671401276 0.00059970546028424883 0.001045779906746942 0.0015770668579583355 -0.0027748572619157043 -0.0019126098054326535 -0.0007779809637672464
leaf_weight=515.08391520380974 1372.3512354493141 571.12312418222427 940.80450694262981 591.62648728489876 819.438801035285 677.46267773211002 929.36801274120808 951.75320629775524
leaf_count=2064 5515 2287 3771 2370 3296 2729 3741 3832
internal_value=0 0.000972777 0.00209059 -0.000409596 -0.000532742 -0.00103709 -0.00048624 0.000297447
internal_weight=7369.01 2618.64 1455.89 1162.75 4750.37 2979.18 2301.72 1771.19
internal_count=29605 10492 5835 4657 19113 11985 9256 7128
is_linear=0
shrinkage=0.02


Tree=65
num_leaves=8
num_cat=0
split_feature=3 15 13 0 3 1 11
split_gain=9.44394 21.4436 6.12424 10.3432 10.8632 9.63011 6.43001
threshold=-0.08726960793137549 1.7080000042915346 0.013567937072366478 1.1852017641067507 0.021058971993625168 13.002017498016359 -0.013157888781279324
decision_type=2 2 2 2 2 2 2
left_child=1 -1 5 4 -4 6 -2
right_child=2 -3 3 -5 -6 -7 -8
leaf_value=0.0042015328213781322 0.0008428935781185688 -0.00097092080565355798 0.0014445719592700774 0.0020981950423843349 -0.001528306449303149 -0.0034110398626782204 -0.0011637973726617617
leaf_weight=606.21795171499252 971.64286108314991 619.64595006406307 741.55118933320045 896.21582321822643 1325.2082061320543 502.52497285604477 1705.802749440074
leaf_count=2430 3896 2484 2978 3604 5329 2023 6861
internal_value=0 0.00158894 -0.000317536 0.00032635 -0.000439545 -0.000927009 -0.000420816
internal_weight=7368.81 1225.86 6142.95 2962.98 2066.76 3179.97 2677.45
internal_count=29605 4914 24691 11911 8307 12780 10757
is_linear=0
shrinkage=0.02


Tree=66
num_leaves=7
num_cat=0
split_feature=8 9 8 1 16 19
split_gain=9.20557 7.60149 22.2042 8.23153 8.35649 4.6666
threshold=-0.13188134133815763 -0.016973965801298615 -0.041340164840221398 12.729205608367922 2.4408500194549565 120.52295303344728
decision_type=2 2 2 2 2 10
left_child=-1 3 -3 4 -2 -4
right_child=1 2 5 -5 -6 -7
leaf_value=0.0023670593729320463 0.00037059783268636015 0.0041107292816047018 -0.0006915905053818353 -0.0032741677120041914 -0.0025367025537455751 0.00080516573824579538
leaf_weight=581.38594888150692 1345.3162613064051 509.61761610209942 2724.7723942697048 525.6004134118557 525.26251631975174 1156.649742141366
leaf_count=2329 5400 2043 10956 2115 2112 4650
internal_value=0 -0.000206299 0.000281634 -0.00110968 -0.00044805 -0.000233849
internal_weight=7368.6 6787.22 4391.04 2396.18 1870.58 3881.42
internal_count=29605 27276 17649 9627 7512 15606
is_linear=0
shrinkage=0.02


Tree=67
num_leaves=5
num_cat=0
split_feature=11 15 5 8
split_gain=9.05923 7.17541 7.4011 5.17509
threshold=-0.074780005961656557 4.4807000160217294 -0.061552718281745904 1.0000000180025095e-35
decision_type=2 2 2 2
left_child=-1 2 -2 -4
right_child=1 -3 3 -5
leaf_value=0.0024849520946696123 0.0022517604720996834 -0.002357251226301771 -0.00081573181332508945 0.00037038725703477271
leaf_weight=521.2943429350853 510.66029204428196 538.54624937474728 2848.1062204837799 2949.7781717181206
leaf_count=2088 2045 2166 11443 11863
internal_value=0 -0.000193052 0 -0.000206863
internal_weight=7368.39 6847.09 6308.54 5797.88
internal_count=29605 27517 25351 23306
is_linear=0
shrinkage=0.02


Tree=68
num_leaves=9
num_cat=0
split_feature=3 9 8 13 0 3 8 3
split_gain=8.973 14.5266 13.5901 8.59399 11.0407 8.65486 7.27809 19.6223
threshold=-0.047946894541382783 -0.019350172020494934 -0.087758522480726228 0.013567937072366478 1.1852017641067507 0.084420148283243193 -0.010204089339822529 0.0069015421904623517
decision_type=2 2 2 2 2 2 2 2
left_child=1 2 -1 6 5 -5 -2 -8
right_child=3 -3 -4 4 -6 -7 7 -9
leaf_value=0.0014289639294934912 -0.0029221863389224073 0.0032976324725528818 -0.0022429682207468567 0.0003110970916814242 0.0020690814526061717 -0.0024727897679048434 0.0017121728388989697 -0.0030021588048431136
leaf_weight=975.49281008541584 795.56830234825611 735.77559705078602 651.0442761182785 1328.630647033453 884.85596725344658 632.70555448532104 724.82813587784767 639.30933931469917
leaf_count=3909 3199 2952 2616 5339 3558 2546 2913 2573
internal_value=0 0.00101399 -2.95759e-05 -0.000475145 0.000236005 -0.000587358 -0.0014216 -0.000484239
internal_weight=7368.21 2362.31 1626.54 5005.9 2846.19 1961.34 2159.71 1364.14
internal_count=29605 9477 6525 20128 11443 7885 8685 5486
is_linear=0
shrinkage=0.02


Tree=69
num_leaves=9
num_cat=0
split_feature=11 12 7 0 16 21 5 20
split_gain=8.76479 9.79943 16.7058 4.59651 6.55546 6.574 6.24044 4.46396
threshold=-0.01808554399758577 0.17364916205406192 0.020009505562484268 1.1067831516265871 3.0236500501632695 13.744999885559084 0.037579864263534553 426.50000000000006
decision_type=2 2 2 2 2 2 2 2
left_child=1 2 -1 4 5 -2 -5 -3
right_child=3 7 -4 6 -6 -7 -8 -9
leaf_value=9.7403699310241661e-05 0.0005248810131583591 0.0009805728660736738 0.0048162084049830521 0.0015524549993569175 -0.0027509834003372167 -0.001565581763710496 -0.00078725037746841153 -0.001242479562125972
leaf_weight=695.40002936124802 1220.2087320238352 640.1121561974287 528.45586889982224 819.45646312832832 642.09072491526604 1116.1133992224932 951.76769807934761 754.40625496208668
leaf_count=2789 4906 2564 2117 3296 2588 4491 3832 3022
internal_value=0 0.00092804 0.00221829 -0.000507622 -0.000987365 -0.000463842 0.000280849 -0.000196576
internal_weight=7368.01 2618.37 1223.86 4749.64 2978.41 2336.32 1771.22 1394.52
internal_count=29605 10492 4906 19113 11985 9397 7128 5586
is_linear=0
shrinkage=0.02


Tree=70
num_leaves=10
num_cat=0
split_feature=3 15 16 13 0 3 8 3 3
split_gain=8.46184 14.5375 10.1711 8.32228 10.5789 8.30006 6.97382 18.8365 3.77724
threshold=-0.047946894541382783 2.035850048065186 3.4564499855041508 0.013567937072366478 1.1852017641067507 0.084420148283243193 -0.010204089339822529 0.0069015421904623517 -0.082545220851898179
decision_type=2 2 2 2 2 2 2 2 2
left_child=1 2 8 6 5 -5 -2 -8 -1
right_child=3 -3 -4 4 -6 -7 7 -9 -10
leaf_value=0.0045404882342290091 -0.0028621693590704963 -0.0011129501555224505 -9.382782511299294e-05 0.00031182487069751142 0.0020325528978518944 -0.0024143890448373928 0.0016764734837636597 -0.0029424742885715859 0.0018098355089535615
leaf_weight=503.43226835131645 795.38601672649384 821.76801861822605 517.23427779972553 1328.6036751717329 884.96070566773415 632.56014856696129 724.89414963126183 639.14979937672615 519.77063792943954
leaf_count=2018 3199 3297 2077 5339 3558 2546 2913 2573 2085
internal_value=0 0.000984844 0.00212756 -0.00046129 0.000238343 -0.000567419 -0.00139286 -0.000474591 0.00326226
internal_weight=7367.76 2362.21 1540.44 5005.55 2846.12 1961.16 2159.43 1364.04 1023.2
internal_count=29605 9477 6180 20128 11443 7885 8685 5486 4103
is_linear=0
shrinkage=0.02


Tree=71
num_leaves=9
num_cat=0
split_feature=11 12 7 10 1 25 23 25
split_gain=8.37549 9.3599 17.9669 6.87637 5.02603 6.61301 8.86721 4.66356
threshold=-0.01808554399758577 0.22567426413297656 0.020009505562484268 -0.04346684738993644 10.950383663177492 13.694292068481447 0.81883782148361217 13.285229206085207
decision_type=2 2 2 2 2 2 2 2
left_child=1 2 -1 -3 7 -6 -7 -2
right_child=4 3 -4 -5 5 6 -8 -9
leaf_value=-2.5772055755435723e-05 0.001519259770023316 -0.0019498605005298492 0.0043488842768856844 0.0010504413635846028 -0.0025797026693797974 -0.001348941553189953 0.0010049707729827731 -0.00074774414886263386
leaf_weight=796.8310664743185 775.15622222423553 571.04830014705658 658.77130502462387 591.58862246572971 730.0783067792654 1606.7608249485493 1016.3823459595442 620.94187471270561
leaf_count=3196 3112 2287 2639 2370 2941 6472 4093 2495
internal_value=0 0.000907408 0.00196756 -0.000401601 -0.000496046 -0.000917821 -0.000422017 0.000489257
internal_weight=7367.56 2618.24 1455.6 1162.64 4749.32 3353.22 2623.14 1396.1
internal_count=29605 10492 5835 4657 19113 13506 10565 5607
is_linear=0
shrinkage=0.02


Tree=72
num_leaves=6
num_cat=0
split_feature=11 16 3 15 13
split_gain=8.19626 7.70085 9.03202 11.3215 7.11094
threshold=-0.074780005961656557 4.8408000469207773 0.021058971993625168 1.9630500078201296 0.060806334018707282
decision_type=2 2 2 2 2
left_child=-1 2 3 -2 -4
right_child=1 -3 4 -5 -6
leaf_value=0.0023641651422308843 0.0014453590912799979 -0.0019144631045397971 -0.0026147543365238491 -0.00085023303309599138 -0.00014498928413533355
leaf_weight=521.16280376911163 2511.5336934477091 871.48059701919556 671.78959219157696 1259.0067374110222 1532.3389524072409
leaf_count=2088 10082 3511 2704 5057 6163
internal_value=0 -0.000183388 6.95941e-05 0.000668538 -0.000934506
internal_weight=7367.31 6846.15 5974.67 3770.54 2204.13
internal_count=29605 27517 24006 15139 8867
is_linear=0
shrinkage=0.02


Tree=73
num_leaves=7
num_cat=0
split_feature=8 9 8 1 16 0
split_gain=8.08408 7.19119 20.55 7.91771 7.86604 4.84277
threshold=-0.13188134133815763 -0.016973965801298615 -0.041340164840221398 12.729205608367922 2.4408500194549565 1.1067831516265871
decision_type=2 2 2 2 2 2
left_child=-1 3 -3 4 -2 -4
right_child=1 2 5 -5 -6 -7
leaf_value=0.0022186176331673397 0.00037014658580584357 0.0039648351831499881 -0.00081422021136784688 -0.0031953485712362547 -0.002450855132188544 0.00060430962233776013
leaf_weight=581.16082534193993 1345.1467594206333 509.58776369690895 2266.5317120403051 525.36479735374451 525.02608421444893 1614.31520588696
leaf_count=2329 5400 2043 9113 2115 2112 6493
internal_value=0 -0.000193328 0.000281096 -0.00107231 -0.000423304 -0.000214566
internal_weight=7367.13 6785.97 4390.43 2395.54 1870.17 3880.85
internal_count=29605 27276 17649 9627 7512 15606
is_linear=0
shrinkage=0.02


Tree=74
num_leaves=7
num_cat=0
split_feature=8 9 9 3 8 5
split_gain=7.86773 34.0028 5.82575 10.0179 8.85936 4.63107
threshold=-0.093547247350215898 -0.071707461029291139 -0.016973965801298615 -0.050347825512289994 -0.040348052978515618 0.032169939950108535
decision_type=2 2 2 2 2 2
left_child=1 -1 4 -4 -2 -5
right_child=2 -3 3 5 -6 -7
leaf_value=-0.0013004302712200694 -0.0025146020595791007 0.0053363782281978991 0.0025446529064773521 0.00031643601981460245 0.00021035923774866513 -0.0010932402089236842
leaf_weight=715.86043779551983 972.19043290615082 502.06728331744671 562.10158714652061 2190.9556284099817 865.19420894980431 1558.5423908233643
leaf_count=2869 3909 2013 2255 8802 3481 6276
internal_value=0 0.00145599 -0.000288607 0.000106636 -0.0012254 -0.000262923
internal_weight=7366.91 1217.93 6148.98 4311.6 1837.38 3749.5
internal_count=29605 4882 24723 17333 7390 15078
is_linear=0
shrinkage=0.02


Tree=75
num_leaves=8
num_cat=0
split_feature=12 7 20 15 20 16 25
split_gain=7.78116 17.1454 8.42194 5.29967 6.27357 7.71815 6.66361
threshold=0.10076382383704187 0.022504990920424465 718.50000000000011 4.4807000160217294 426.50000000000006 1.8627499938011172 13.285229206085207
decision_type=2 2 2 2 2 2 2
left_child=1 2 -1 4 5 -2 -6
right_child=3 -3 -4 -5 6 -7 -8
leaf_value=-0.0015036402897053989 0.0013685218570254731 0.0041244266849056171 0.0014328302083827591 -0.002299246510916586 0.0009434383608277094 -0.0011654985788775902 -0.0013950091735590764
leaf_weight=757.17769911885262 1550.6752334088087 512.42931397259235 756.57539489865303 507.15346610546112 601.25964479148388 656.52617307007313 2024.8922661393881
leaf_count=3044 6231 2056 3038 2040 2415 2642 8139
internal_value=0 0.00105185 -1.24082e-05 -0.000396664 -0.000178988 0.000593715 -0.000841914
internal_weight=7366.69 2026.18 1513.75 5340.51 4833.35 2207.2 2626.15
internal_count=29605 8138 6082 21467 19427 8873 10554
is_linear=0
shrinkage=0.02


Tree=76
num_leaves=10
num_cat=0
split_feature=11 12 7 6 22 22 19 26 3
split_gain=7.70748 8.69166 14.8825 5.23444 3.97448 8.08101 11.4378 3.26204 1.60781
threshold=-0.01808554399758577 0.17364916205406192 0.020009505562484268 1.8825199604034426 104.50000000000001 174.50000000000003 129.24680328369143 1.5000000000000002 0.00098529673414304874
decision_type=2 2 2 2 2 2 8 10 2
left_child=1 2 -1 -3 7 -6 -7 -2 -9
right_child=4 3 -4 -5 5 6 -8 8 -10
leaf_value=8.1767411858048376e-05 -0.0021428034554483969 -0.0011892309963987368 0.0045388689202238578 0.0012623875741435866 0.0021181476918586558 -0.0014984714080060791 0.0013935567414096212 -0.0011756172384225732 0.00036413742261323217
leaf_weight=695.32844960689545 809.93494437634945 842.15149116516113 528.19359658658504 552.23298002779484 547.43686155974865 1606.9671120345592 790.18336051702499 496.70640367269516 497.38735769689083
leaf_count=2789 3266 3375 2117 2211 2198 6466 3177 2000 2006
internal_value=0 0.000870543 0.00208608 -0.000187189 -0.00047587 -8.2924e-06 -0.000525459 -0.00120861 -0.000378377
internal_weight=7366.52 2617.91 1223.52 1394.38 4748.62 2944.59 2397.15 1804.03 994.094
internal_count=29605 10492 4906 5586 19113 11841 9643 7272 4006
is_linear=0
shrinkage=0.02


Tree=77
num_leaves=7
num_cat=0
split_feature=8 9 8 1 16 8
split_gain=7.49926 6.51101 17.5682 7.47916 7.58699 4.32719
threshold=-0.12751650810241696 -0.016973965801298615 -0.041340164840221398 12.729205608367922 2.4408500194549565 -0.011956932954490183
decision_type=2 2 2 2 2 2
left_child=-1 3 -3 4 -2 -4
right_child=1 2 5 -5 -6 -7
leaf_value=0.0020339493929440538 0.00037928399474980641 0.0036802396496579863 -0.0017843040521390208 -0.0031293632702754899 -0.0024254802251542891 6.7231045430376008e-05
leaf_weight=638.92843671143055 1318.5799658447504 503.86423906683922 564.97990284860134 513.69753497838974 510.63063336908817 3315.5559211224318
leaf_count=2561 5294 2020 2271 2069 2055 13335
internal_value=0 -0.000195074 0.000253241 -0.00104375 -0.000404988 -0.000202175
internal_weight=7366.24 6727.31 4384.4 2342.91 1829.21 3880.54
internal_count=29605 27044 17626 9418 7349 15606
is_linear=0
shrinkage=0.02


Tree=78
num_leaves=9
num_cat=0
split_feature=11 12 14 10 1 25 23 3
split_gain=7.37235 8.40968 11.6215 6.73636 4.60226 6.4549 8.58531 4.45674
threshold=-0.01808554399758577 0.22567426413297656 -0.10823302343487738 -0.04346684738993644 10.950383663177492 13.694292068481447 0.81883782148361217 -0.036130944266915314
decision_type=2 2 2 2 2 2 2 2
left_child=1 2 -1 -3 7 -6 -7 -2
right_child=4 3 -4 -5 5 6 -8 -9
leaf_value=0.0042101210743812571 0.0019009409095997324 -0.0019207283500989373 0.00045852900483022167 0.0010491433909129541 -0.0025101998449281737 -0.0012925759680581098 0.0010243377011483318 -0.00036809226453239695
leaf_weight=514.61715446412563 525.18826049566269 570.96460466086864 940.58666540682316 591.55097924172878 729.81789372861385 1606.2165452241898 1016.26478497684 870.80243426561356
leaf_count=2064 2107 2287 3771 2370 2941 6472 4093 3500
internal_value=0 0.000851822 0.00185724 -0.000387602 -0.000465034 -0.000868987 -0.000379556 0.000477169
internal_weight=7366.01 2617.72 1455.2 1162.52 4748.29 3352.3 2622.48 1395.99
internal_count=29605 10492 5835 4657 19113 13506 10565 5607
is_linear=0
shrinkage=0.02


Tree=79
num_leaves=7
num_cat=0
split_feature=16 8 9 16 11 19
split_gain=7.32571 11.5274 25.5186 6.16533 8.36798 7.58708
threshold=4.8408000469207773 -0.085167989134788499 -0.073046490550041185 1.0299000144004824 -0.031365688890218728 122.51515197753908
decision_type=2 2 2 2 2 8
left_child=1 2 -1 4 -3 -5
right_child=-2 3 -4 5 -6 -7
leaf_value=-0.00065052766874738909 -0.0016308797589129414 0.0013190205294219997 0.0050727430962935628 -0.00026923892010613938 -0.0014038420309966065 0.0019534706625839791
leaf_weight=648.58881196379662 930.60858400166035 537.95828112959862 551.00353433191776 1644.2246432751417 2121.7208599597216 931.67255793511868
leaf_count=2600 3750 2154 2210 6608 8539 3744
internal_value=0 0.000246055 0.00199607 -0.000155159 -0.000832389 0.000531061
internal_weight=7365.78 6435.17 1199.59 5235.58 2659.68 2575.9
internal_count=29605 25855 4810 21045 10693 10352
is_linear=0
shrinkage=0.02


Tree=80
num_leaves=10
num_cat=0
split_feature=12 7 20 19 7 25 12 5 9
split_gain=7.07353 15.7012 8.06851 6.15557 6.93122 10.0748 7.88745 5.21695 8.53756
threshold=0.10076382383704187 0.022504990920424465 718.50000000000011 122.51515197753908 0.02769485674798489 13.285229206085207 0.33252385258674627 0.030066338367760185 -0.010814119130372999
decision_type=2 2 2 10 2 2 2 2 2
left_child=1 2 -1 4 5 -2 -6 8 -5
right_child=3 -3 -4 7 6 -7 -8 -9 -10
leaf_value=-0.0014739408492029575 0.00067220097466901875 0.0039446968051764925 0.0014003825788653312 -0.00028847411673979881 0.0021722726789214076 -0.0023001672474020503 -0.00080647524702720974 -0.00094723975916442317 0.0031910606478829126
leaf_weight=756.98499330878258 587.20817966759205 512.25354772806168 756.54919962584972 528.4996000379324 518.45988745987415 1676.6935306489468 993.56796564161777 502.50109784305096 532.80620244145393
leaf_count=3044 2359 2056 3038 2123 2083 6746 3994 2023 2139
internal_value=0 0.00100376 -1.36327e-05 -0.000377434 -0.000817425 -0.00151402 0.000208789 0.000657878 0.0014562
internal_weight=7365.52 2025.79 1513.53 5339.74 3775.93 2263.9 1512.03 1563.81 1061.31
internal_count=29605 8138 6082 21467 15182 9105 6077 6285 4262
is_linear=0
shrinkage=0.02


Tree=81
num_leaves=6
num_cat=0
split_feature=4 16 1 8 20
split_gain=7.01411 7.00061 6.81153 10.1629 4.93069
threshold=22.377584457397464 4.8408000469207773 11.025557041168215 -0.048624096438288682 354.50000000000006
decision_type=2 2 2 2 2
left_child=-1 2 3 -2 -4
right_child=1 -3 4 -5 -6
leaf_value=0.0021795944750382769 0.0032957212894919341 -0.0018614174923365819 0.00040024187406006593 2.0035852707082519e-05 -0.00095221378003988797
leaf_weight=525.11471401154995 553.36218205094337 833.33282144367695 1866.7706157565117 1170.2654984891415 2416.4589252620935
leaf_count=2106 2218 3360 7508 4698 9715
internal_value=0 -0.000169269 6.58227e-05 0.00112381 -0.000355213
internal_weight=7365.3 6840.19 6006.86 1723.63 4283.23
internal_count=29605 27499 24139 6916 17223
is_linear=0
shrinkage=0.02


Tree=82
num_leaves=7
num_cat=0
split_feature=8 9 8 1 16 0
split_gain=6.9029 6.77143 17.6577 7.21098 7.05898 4.89933
threshold=-0.13188134133815763 -0.016973965801298615 -0.041340164840221398 12.729205608367922 2.4408500194549565 1.1067831516265871
decision_type=2 2 2 2 2 2
left_child=-1 3 -3 4 -2 -4
right_child=1 2 5 -5 -6 -7
leaf_value=0.0020524094496585234 0.0003406530057142695 0.0036978272691177367 -0.00077943199688964866 -0.0030577507580433019 -0.002331344860868923 0.00064850011820519031
leaf_weight=580.85469979047775 1345.0099482089281 509.57591289281845 2266.0478121340275 525.00431859493256 524.68622903525829 1613.9368345737457
leaf_count=2329 5400 2043 9113 2115 2112 6493
internal_value=3.35975e-08 -0.000176872 0.000283346 -0.00103023 -0.000409689 -0.000175623
internal_weight=7365.12 6784.26 4389.56 2394.7 1869.7 3879.98
internal_count=29605 27276 17649 9627 7512 15606
is_linear=0
shrinkage=0.02


Tree=83
num_leaves=7
num_cat=0
split_feature=16 8 9 16 13 16
split_gain=6.67924 10.6305 24.3144 5.9717 7.93938 6.25057
threshold=4.8408000469207773 -0.085167989134788499 -0.073046490550041185 1.0299000144004824 0.012095429934561254 1.6635000109672549
decision_type=2 2 2 2 2 2
left_child=1 2 -1 4 -3 -5
right_child=-2 3 -4 5 -6 -7
leaf_value=-0.0006649952425762187 -0.0015566562401318935 -0.0018542777789825086 0.0049208223335972592 0.0016443649261317318 0.00029832815854540033 -0.00031262800212490476
leaf_weight=648.53004330396652 930.25079101324081 1385.5002526193857 550.90289112925529 1112.9050422608852 1273.8690069466829 1462.9253690689802
leaf_count=2600 3750 5570 2210 4471 5123 5881
internal_value=6.91293e-08 0.000235831 0.00191659 -0.000149202 -0.000815901 0.000526029
internal_weight=7364.88 6434.63 1199.43 5235.2 2659.37 2575.83
internal_count=29605 25855 4810 21045 10693 10352
is_linear=0
shrinkage=0.02


Tree=84
num_leaves=10
num_cat=0
split_feature=11 0 23 19 25 23 8 10 13
split_gain=6.83973 8.09692 7.83655 11.7169 5.81024 4.48938 4.71941 11.2281 4.26425
threshold=0.0091554676182568091 1.1965138316154482 0.69831475615501415 30.567099571228031 13.719375610351564 0.83994388580322277 -0.01862990669906139 0.038879560306668288 0.16761750727891925
decision_type=2 2 2 10 2 2 2 2 2
left_child=1 2 4 -4 -1 6 -2 -8 -7
right_child=5 -3 3 -5 -6 8 7 -9 -10
leaf_value=0.0026585441298239221 -0.0026656902535971377 0.0027313246699480491 -0.0022323243133221078 0.00062210013343069488 0.00021904983549312596 0.001553950072276778 0.0014533715168108794 -0.0023831690768180802 -0.00096708201019632682
leaf_weight=640.45296303927898 671.27891927957535 541.71471530199051 975.89448842406273 1306.099940687418 1050.8382831811905 511.65239110589027 560.17744959890842 605.08142839372158 501.50151820480824
leaf_count=2570 2701 2174 3919 5243 4220 2060 2257 2440 2021
internal_value=2.74542e-08 0.000488408 0.000158724 -0.000593064 0.0011888 -0.000758453 -0.0013457 -0.000515537 0.000276809
internal_weight=7364.69 4515 3973.29 2281.99 1691.29 2849.69 1836.54 1165.26 1013.15
internal_count=29605 18126 15952 9162 6790 11479 7398 4697 4081
is_linear=0
shrinkage=0.02


Tree=85
num_leaves=6
num_cat=0
split_feature=11 16 3 8 13
split_gain=6.60926 6.25916 7.80451 13.2147 6.81968
threshold=-0.074780005961656557 4.8408000469207773 0.021058971993625168 0.014214968774467708 0.060806334018707282
decision_type=2 2 2 2 2
left_child=-1 2 3 -2 -4
right_child=1 -3 4 -5 -6
leaf_value=0.0021253680358431656 9.570203094168368e-06 -0.0017247019809328754 -0.0025135017922759679 0.0029455215801943101 -9.6097627843472305e-05
leaf_weight=520.78654737770557 3015.6256156116724 870.5923770070076 671.46344143152237 754.12082251906395 1531.9677619189024
leaf_count=2088 12110 3511 2704 3029 6163
internal_value=1.90103e-07 -0.000163008 6.44313e-05 0.000621635 -0.000868622
internal_weight=7364.56 6843.77 5973.18 3769.75 2203.43
internal_count=29605 27517 24006 15139 8867
is_linear=0
shrinkage=0.02


Tree=86
num_leaves=9
num_cat=0
split_feature=12 7 20 19 7 25 12 0
split_gain=6.56427 14.6859 7.72549 5.72776 6.6062 9.46777 7.59194 5.07035
threshold=0.10076382383704187 0.022504990920424465 718.50000000000011 122.51515197753908 0.02769485674798489 13.285229206085207 0.33252385258674627 0.85378035902977001
decision_type=2 2 2 10 2 2 2 2
left_child=1 2 -1 4 5 -2 -6 -5
right_child=3 -3 -4 7 6 -7 -8 -9
leaf_value=-0.0014448871982351004 0.00065005776180392485 0.0038126387789737233 0.0013677691917284873 0.002075066296456294 0.0021403791404498657 -0.0022302203678980794 -0.00078173592975062695 -0.00021689764512150572
leaf_weight=756.79769809544086 587.19998402893543 512.10380120575428 756.53023907542229 584.89271315932274 518.42765313386917 1676.1503800153732 993.41914074122906 978.87674669921398
leaf_count=3044 2359 2056 3038 2349 2083 6746 3994 3936
internal_value=1.33337e-07 0.000967869 -1.52746e-05 -0.000362772 -0.000787431 -0.00146777 0.00021397 0.000635454
internal_weight=7364.4 2025.43 1513.33 5338.97 3775.2 2263.35 1511.85 1563.77
internal_count=29605 8138 6082 21467 15182 9105 6077 6285
is_linear=0
shrinkage=0.02


Tree=87
num_leaves=6
num_cat=0
split_feature=4 9 8 8 0
split_gain=6.4037 5.26833 12.1587 6.28139 4.99205
threshold=22.377584457397464 -0.062075804919004433 -0.076891265809535966 -0.016840710304677483 0.84304413199424755
decision_type=2 2 2 2 2
left_child=-1 4 -3 -4 -2
right_child=1 2 3 -5 -6
leaf_value=0.0020838116393630322 -1.8650392120882154e-05 0.0029047345848256388 -0.0013532747964933001 0.00019372095088575518 -0.0028121181254854265
leaf_weight=524.96916192770004 540.97261513769627 526.58134096860886 1403.6075609177351 3854.5348215252161 513.50840002298355
leaf_count=2106 2172 2113 5643 15507 2064
internal_value=4.79444e-07 -0.000160776 7.21012e-05 -0.000216495 -0.0014458
internal_weight=7364.17 6839.2 5784.72 5258.14 1054.48
internal_count=29605 27499 23263 21150 4236
is_linear=0
shrinkage=0.02


Tree=88
num_leaves=10
num_cat=0
split_feature=11 0 23 19 9 23 16 0 10
split_gain=6.42297 7.7677 7.462 11.1307 6.80593 4.35019 4.13198 2.88147 6.12322
threshold=0.0091554676182568091 1.1965138316154482 0.69831475615501415 30.567099571228031 -0.060953674837946885 0.83994388580322277 1.0233500003814699 0.91276377439498912 0.038879560306668288
decision_type=2 2 2 10 2 2 2 2 2
left_child=1 2 4 -4 -1 7 -7 -2 -9
right_child=5 -3 3 -5 -6 6 -8 8 -10
leaf_value=-0.00065165055623564287 -0.0025554699719167297 0.0026706602034188391 -0.0021806695528092594 0.00060116670035857591 0.002007738245195971 -0.00091424929814802635 0.0015666670902263413 0.00060500442401031484 -0.002063376462748445
leaf_weight=529.38064044713974 531.50646679103374 541.70880074799061 975.71160292625427 1306.0907825827599 1161.811051607132 512.32998804748058 500.77937500178814 638.85487392544746 665.87091098725796
leaf_count=2124 2140 2174 3919 5243 4666 2064 2017 2573 2685
internal_value=4.33984e-07 0.000473859 0.00015077 -0.000582618 0.0011562 -0.000734469 0.000284193 -0.00131285 -0.000741599
internal_weight=7364.04 4514.7 3972.99 2281.8 1691.19 2849.34 1013.11 1836.23 1304.73
internal_count=29605 18126 15952 9162 6790 11479 4081 7398 5258
is_linear=0
shrinkage=0.02


Tree=89
num_leaves=7
num_cat=0
split_feature=8 9 8 8 16 0
split_gain=6.36058 6.53122 16.6231 6.20149 6.94868 4.742
threshold=-0.13188134133815763 -0.016973965801298615 -0.041340164840221398 -0.040348052978515618 1.4349499940872195 1.1067831516265871
decision_type=2 2 2 2 2 2
left_child=-1 3 -3 4 -2 -4
right_child=1 2 5 -5 -6 -7
leaf_value=0.0019708844954920146 -0.00048646535255041849 0.0035956339133135381 -0.00075692644276845091 0.00030586498530064255 -0.0032530019792798726 0.00064813191099999574
leaf_weight=580.66231895983219 851.85692878067493 509.50667372345924 2265.7575823366642 864.74165746569633 677.59788016974926 1613.8009872883558
leaf_count=2329 3421 2043 9113 3481 2725 6493
internal_value=2.63726e-07 -0.000169348 0.000282536 -0.00100765 -0.00176742 -0.00016256
internal_weight=7363.92 6783.26 4389.07 2394.2 1529.45 3879.56
internal_count=29605 27276 17649 9627 6146 15606
is_linear=0
shrinkage=0.02


Tree=90
num_leaves=10
num_cat=0
split_feature=11 0 23 19 9 23 8 10 13
split_gain=6.2268 7.38739 7.14505 10.7095 6.54676 4.19247 4.57874 10.5835 4.1114
threshold=0.0091554676182568091 1.1965138316154482 0.69831475615501415 30.567099571228031 -0.060953674837946885 0.83994388580322277 -0.01862990669906139 0.038879560306668288 0.16761750727891925
decision_type=2 2 2 10 2 2 2 2 2
left_child=1 2 4 -4 -1 6 -2 -8 -7
right_child=5 -3 3 -5 -6 8 7 -9 -10
leaf_value=-0.0006370735072224788 -0.0025905184388921899 0.0026091173697309483 -0.0021341535830430307 0.0005944751159556469 0.0019704003833804344 0.0015305151107283103 0.0014358518740434111 -0.0022893728695233236 -0.00094443464793025932
leaf_weight=529.34256586432457 671.02602697908878 541.7378386259079 975.57191014289856 1306.0752564072609 1161.8440383821726 511.68905916810036 560.20156042277813 604.80538862943649 501.44558560848236
leaf_count=2124 2701 2174 3919 5243 4666 2060 2257 2440 2021
internal_value=3.8958e-07 0.000466608 0.000151219 -0.000566222 0.00113514 -0.000723152 -0.00129104 -0.000474066 0.000276291
internal_weight=7363.74 4514.57 3972.83 2281.65 1691.19 2849.17 1836.03 1165.01 1013.13
internal_count=29605 18126 15952 9162 6790 11479 7398 4697 4081
is_linear=0
shrinkage=0.02


Tree=91
num_leaves=7
num_cat=0
split_feature=8 9 8 1 8 0
split_gain=6.17436 5.96363 14.6086 6.68077 9.7221 4.57165
threshold=-0.12751650810241696 -0.016973965801298615 -0.041340164840221398 10.746320724487306 -0.040348052978515618 1.1067831516265871
decision_type=2 2 2 2 2 2
left_child=-1 3 -3 -2 -5 -4
right_child=1 2 5 4 -6 -7
leaf_value=0.0018475532768682094 0.00066958126185075813 0.0033782847686100476 -0.00074514743170063849 -0.002783493905478932 0.00029939516129865503 0.00063431651005191358
leaf_weight=638.4931496232748 654.54236795008183 503.78732971847057 2265.651780039072 1074.4023656696081 612.91477954387665 1613.833244368434
leaf_count=2561 2628 2020 9113 4321 2469 6493
internal_value=2.49958e-07 -0.000175602 0.000253218 -0.000988318 -0.0016535 -0.000161425
internal_weight=7363.63 6725.13 4383.27 2341.86 1687.32 3879.49
internal_count=29605 27044 17626 9418 6790 15606
is_linear=0
shrinkage=0.02


Tree=92
num_leaves=7
num_cat=0
split_feature=16 8 9 16 19 19
split_gain=6.09313 9.82143 22.2824 5.83572 6.71261 6.58188
threshold=4.8408000469207773 -0.086386442184448228 -0.073046490550041185 0.98645001649856578 270.22680664062506 122.51515197753908
decision_type=2 2 2 2 8 8
left_child=1 2 -1 4 -3 -5
right_child=-2 3 -4 5 -6 -7
leaf_value=-0.00060024438299144845 -0.0014863185167683394 -0.0002425400900273737 0.0048054424245162729 -0.00024801085236781631 -0.0027028217995278578 0.0017430550032270389
leaf_weight=643.14500573277473 929.81894090771675 1926.608686208725 531.47683437168598 1738.6926818937063 571.89238651096821 1021.7906543016434
leaf_count=2579 3750 7747 2133 6989 2301 4106
internal_value=6.60062e-07 0.00022605 0.00186207 -0.00013916 -0.000840808 0.000484353
internal_weight=7363.43 6433.61 1174.62 5258.98 2498.5 2760.48
internal_count=29605 25855 4712 21143 10048 11095
is_linear=0
shrinkage=0.02


Tree=93
num_leaves=10
num_cat=0
split_feature=11 0 23 19 9 23 8 10 13
split_gain=6.00304 7.04088 6.80921 10.2062 6.23579 4.04732 4.47863 10.2281 3.94252
threshold=0.0091554676182568091 1.1965138316154482 0.69831475615501415 30.567099571228031 -0.060953674837946885 0.83994388580322277 -0.01862990669906139 0.038879560306668288 0.16761750727891925
decision_type=2 2 2 10 2 2 2 2 2
left_child=1 2 4 -4 -1 6 -2 -8 -7
right_child=5 -3 3 -5 -6 8 7 -9 -10
leaf_value=-0.00061784199855170166 -0.0025533482412290289 0.0025499970057704623 -0.0020812313558416342 0.0005823751891027816 0.0019259673314899494 0.001499995059071588 0.0014165977840347199 -0.0022455107404783241 -0.00092319411226458674
leaf_weight=529.29612942039967 670.87317535281181 541.74723096191883 975.38925930857658 1306.043101131916 1161.8246337920427 511.74355179071426 560.24123203754425 604.67405861616135 501.39134454727173
leaf_count=2124 2701 2174 3919 5243 4666 2060 2257 2440 2021
internal_value=3.27175e-07 0.000458193 0.000150006 -0.000550153 0.00111066 -0.000710037 -0.00126813 -0.000460069 0.000271415
internal_weight=7363.22 4514.3 3972.55 2281.43 1691.12 2848.92 1835.79 1164.92 1013.13
internal_count=29605 18126 15952 9162 6790 11479 7398 4697 4081
is_linear=0
shrinkage=0.02


Tree=94
num_leaves=7
num_cat=0
split_feature=8 9 8 1 16 0
split_gain=5.93807 6.06816 15.2895 6.66029 6.47771 4.40607
threshold=-0.13188134133815763 -0.016973965801298615 -0.041340164840221398 12.729205608367922 2.4408500194549565 1.1067831516265871
decision_type=2 2 2 2 2 2
left_child=-1 3 -3 4 -2 -4
right_child=1 2 5 -5 -6 -7
leaf_value=0.0019046205678964823 0.00034273836677100255 0.0034493911147113298 -0.00072799418819255609 -0.0029209001768297229 -0.0022173135763148282 0.00062629095708020052
leaf_weight=580.5284783244133 1344.7829002588987 509.48628051578999 2265.4860097467899 524.62139359116554 524.37436062097549 1613.8204237222672
leaf_count=2329 5400 2043 9113 2115 2112 6493
internal_value=1.89447e-07 -0.000163521 0.000271808 -0.000971766 -0.000374921 -0.000154709
internal_weight=7363.1 6782.57 4388.79 2393.78 1869.16 3879.31
internal_count=29605 27276 17649 9627 7512 15606
is_linear=0
shrinkage=0.02


Tree=95
num_leaves=9
num_cat=0
split_feature=12 7 20 19 7 25 12 0
split_gain=5.86667 13.5785 7.40907 5.09345 6.30758 9.04277 7.19167 4.93006
threshold=0.10076382383704187 0.022504990920424465 718.50000000000011 122.51515197753908 0.02769485674798489 13.285229206085207 0.33252385258674627 0.85378035902977001
decision_type=2 2 2 10 2 2 2 2
left_child=1 2 -1 4 5 -2 -6 -5
right_child=3 -3 -4 7 6 -7 -8 -9
leaf_value=-0.0014290541732756806 0.00065984271803630023 0.0036519788873758435 0.0013251082790806973 0.0020184441233098171 0.0021092909887979305 -0.0021544035722313678 -0.00073394076894202245 -0.00024194493925216092
leaf_weight=756.61425933241844 587.13212548196316 511.83658196032047 756.49016305804253 584.90129013359547 518.35947968065739 1675.5137720406055 993.1640505194664 978.84451048076153
leaf_count=3044 2359 2056 3038 2349 2083 6746 3994 3936
internal_value=2.14561e-07 0.000915468 -2.87617e-05 -0.000342619 -0.000743407 -0.00140865 0.00023473 0.000597942
internal_weight=7362.86 2024.94 1513.1 5337.92 3774.17 2262.65 1511.52 1563.75
internal_count=29605 8138 6082 21467 15182 9105 6077 6285
is_linear=0
shrinkage=0.02


Tree=96
num_leaves=6
num_cat=0
split_feature=4 16 1 16 9
split_gain=5.76768 5.73449 6.07706 9.58066 6.63481
threshold=22.377584457397464 4.8408000469207773 11.025557041168215 0.49319998919963842 -0.020034817978739735
decision_type=2 2 2 2 2
left_child=-1 2 3 -2 -4
right_child=1 -3 4 -5 -6
leaf_value=0.0019783730037408781 -0.00091674729150638444 -0.0016846891988166464 -0.0014455596272423268 0.0021423851568460944 0.00020759595792253918
leaf_weight=524.74849984049797 599.17427757382393 832.5227517336607 1421.165433421731 1124.2427955716848 2860.7668733894825
leaf_count=2106 2405 3360 5716 4511 11507
internal_value=5.48354e-07 -0.000152233 5.99354e-05 0.00105962 -0.00033748
internal_weight=7362.62 6837.87 6005.35 1723.42 4281.93
internal_count=29605 27499 24139 6916 17223
is_linear=0
shrinkage=0.02


Tree=97
num_leaves=10
num_cat=0
split_feature=11 10 12 7 19 13 0 16 16
split_gain=5.7327 6.88799 11.9704 18.7961 10.3136 4.45181 3.92308 4.50952 4.1788
threshold=0.0091554676182568091 0.0062499840278178462 0.22115930169820788 0.022722560912370685 102.4018020629883 0.021300545893609527 1.1067831516265871 1.4349499940872195 1.5680000185966494
decision_type=2 2 2 2 8 2 2 2 2
left_child=1 2 3 -1 -4 -3 8 -8 -2
right_child=6 5 4 -5 -6 -7 7 -9 -10
leaf_value=-0.00018134830207394123 -0.00049965926085081529 0.00050948726870281096 -0.0028846748474195957 0.0040723635093349864 0.00065535322559968608 0.0031156357397354151 -0.00083613201312135845 0.0014356376531323065 -0.0027805504803988562
leaf_weight=1539.2249453216791 889.11180736124516 606.71036726236343 798.72638328373432 536.92331267893314 512.13193112611771 520.17297646403313 865.13221210241318 550.14410406351089 544.21258601546288
leaf_count=6183 3583 2437 3206 2156 2055 2089 3484 2217 2195
internal_value=4.54509e-07 0.000448021 0 0.000935123 -0.00148697 0.00178473 -0.000693656 3.04102e-05 -0.00142276
internal_weight=7362.49 4513.89 3387.01 2076.15 1310.86 1126.88 2848.6 1415.28 1433.32
internal_count=29605 18126 13600 8339 5261 4526 11479 5701 5778
is_linear=0
shrinkage=0.02


Tree=98
num_leaves=7
num_cat=0
split_feature=8 13 0 1 8 1
split_gain=5.57497 5.05454 8.55975 7.85253 7.90178 6.47155
threshold=-0.12751650810241696 0.013567937072366478 1.1852017641067507 12.905858993530275 0.014214968774467708 11.147609233856203
decision_type=2 2 2 2 2 2
left_child=-1 3 5 4 -2 -3
right_child=1 2 -4 -5 -6 -7
leaf_value=0.0017564256834339909 -0.00084080570145271972 0.0016234619781303448 0.0020607029139034709 -0.0025841354019304707 0.0013464268226589513 -0.00094325893470543001
leaf_weight=638.25596265494823 2290.0509197115898 502.95471656322479 893.44539561867714 664.69857887923717 894.56898725032806 1478.3208697289228
leaf_count=2561 9202 2021 3593 2679 3598 5951
internal_value=5.13674e-07 -0.000166332 0.000458531 -0.000642516 -0.000209352 -0.00026152
internal_weight=7362.3 6724.04 2874.72 3849.32 3184.62 1981.28
internal_count=29605 27044 11565 15479 12800 7972
is_linear=0
shrinkage=0.02


Tree=99
num_leaves=10
num_cat=0
split_feature=11 0 23 19 9 23 8 5 16
split_gain=5.6201 6.53567 7.10717 9.46407 5.52236 3.85433 4.28087 8.10276 3.94973
threshold=0.0091554676182568091 1.1701051592826845 0.69831475615501415 -104.65295028686522 -0.062075804919004433 0.83994388580322277 -0.01862990669906139 0.03450529836118222 1.0233500003814699
decision_type=2 2 2 10 2 2 2 2 2
left_child=1 2 4 -4 -1 6 -2 -8 -7
right_child=5 -3 3 -5 -6 8 7 -9 -10
leaf_value=-0.00053743054865755297 -0.0024882581378394648 0.0023270869755832079 -0.0028882210371813754 0.00011212956405280904 0.0018843135174153611 -0.00090036175198716061 0.0012350468075118031 -0.0020227700976457996 0.0015251842967187552
leaf_weight=511.74077254533768 670.61371187865734 612.17905813455582 523.22386088967323 1719.5431755334139 1147.0241396576166 512.26883643865585 556.72735185921192 608.03770242631435 500.82548289000988
leaf_count=2054 2701 2457 2102 6906 4607 2064 2243 2454 2017
internal_value=6.59864e-07 0.000443864 0.000126465 -0.000594701 0.00111814 -0.000686564 -0.00123147 -0.000440931 0.000270508
internal_weight=7362.18 4513.71 3901.53 2242.77 1658.76 2848.47 1835.38 1164.77 1013.09
internal_count=29605 18126 15669 9008 6661 11479 7398 4697 4081
is_linear=0
shrinkage=0.02


Tree=100
num_leaves=7
num_cat=0
split_feature=16 8 12 16 13 19
split_gain=5.58557 9.31876 19.9588 5.44921 7.84491 6.43514
threshold=4.8408000469207773 -0.085167989134788499 0.22115930169820788 1.0299000144004824 0.012095429934561254 122.51515197753908
decision_type=2 2 2 2 2 8
left_child=1 2 -1 4 -3 -5
right_child=-2 3 -4 5 -6 -7
leaf_value=0.0040291318623392192 -0.0014233924863393736 -0.0018137159523933769 -0.0010487339016235122 -0.00023476769315348677 0.00032661776190104244 0.0018108518970689339
leaf_weight=671.96126168966293 929.40291126072407 1384.9769222438335 526.67485092580318 1643.6469167619944 1273.5496927499771 931.85840281844139
leaf_count=2698 3750 5570 2112 6608 5123 3744
internal_value=4.30437e-07 0.000216432 0.00179088 -0.000143619 -0.000780842 0.000501011
internal_weight=7362.07 6432.67 1198.64 5234.03 2658.53 2575.51
internal_count=29605 25855 4810 21045 10693 10352
is_linear=0
shrinkage=0.02


Tree=101
num_leaves=9
num_cat=0
split_feature=3 15 25 13 0 3 21 19
split_gain=5.47805 12.8003 10.0918 7.87963 9.12379 7.63118 5.52048 9.77916
threshold=-0.047946894541382783 2.035850048065186 13.779233455657961 0.013567937072366478 1.1852017641067507 0.084420148283243193 18.675000190734867 -30.23220062255859
decision_type=2 2 2 2 2 2 2 10
left_child=1 2 -1 6 5 -5 7 -2
right_child=3 -3 -4 4 -6 -7 -8 -9
leaf_value=0.0038237639346273061 -0.0025848317292861238 -0.0011720117935659711 0.0004810660606581327 0.00040541304097016978 0.0019764014865208852 -0.0022113306026412625 -0.0025689921084927161 0.00084674057326347132
leaf_weight=610.76547892391682 509.24823905527592 821.04468987882137 927.84262914955616 1327.7659837901592 884.84260106086731 631.94693836569786 808.61768950521946 839.7806980162859
leaf_count=2452 2051 3297 3728 5339 3558 2546 3255 3379
internal_value=3.27626e-07 0.000794936 0.00187018 -0.000369137 0.000311563 -0.000436295 -0.00127709 -0.000444234
internal_weight=7361.85 2359.65 1538.61 5002.2 2844.56 1959.71 2157.65 1349.03
internal_count=29605 9477 6180 20128 11443 7885 8685 5430
is_linear=0
shrinkage=0.02


Tree=102
num_leaves=7
num_cat=0
split_feature=16 8 9 16 11 16
split_gain=5.42623 8.86253 21.094 5.20387 7.42479 5.91095
threshold=4.8408000469207773 -0.085167989134788499 -0.073046490550041185 1.0299000144004824 -0.031365688890218728 1.6635000109672549
decision_type=2 2 2 2 2 2
left_child=1 2 -1 4 -3 -5
right_child=-2 3 -4 5 -6 -7
leaf_value=-0.00065204958761213975 -0.0014031220802022024 0.0012641572111160571 0.0045497724275825454 0.0015800383983834761 -0.0012999389560732972 -0.00032308978826487214
leaf_weight=648.18651783466339 929.30284686386585 537.82924781739712 550.34392333030701 1112.9090773165226 2120.4854733496904 1462.6208554506302
leaf_count=2600 3750 2154 2210 4471 8539 5881
internal_value=2.54017e-07 0.000213225 0.00174873 -0.00013774 -0.000760652 0.000492012
internal_weight=7361.68 6432.38 1198.53 5233.84 2658.31 2575.53
internal_count=29605 25855 4810 21045 10693 10352
is_linear=0
shrinkage=0.02


Tree=103
num_leaves=8
num_cat=0
split_feature=12 7 20 15 20 16 25
split_gain=5.31363 12.3031 7.03164 4.71583 5.96312 6.66818 5.60549
threshold=0.10076382383704187 0.022504990920424465 718.50000000000011 4.4807000160217294 426.50000000000006 1.8384000062942507 13.285229206085207
decision_type=2 2 2 2 2 2 2
left_child=1 2 -1 4 5 -2 -6
right_child=3 -3 -4 -5 6 -7 -8
leaf_value=-0.0013910096941266159 0.0013574290579651911 0.0034773211858800325 0.0012923571327919238 -0.0021199190324319665 0.00086692148039004913 -0.00098988167271274572 -0.0012760283747323944
leaf_weight=756.38397295773029 1543.9085976183414 511.56602257490158 756.43163302540779 506.6105667501688 601.0703868418932 662.05432735383511 2023.3684498369694
leaf_count=3044 6206 2056 3038 2040 2415 2667 8139
internal_value=2.89684e-07 0.000871704 -2.59164e-05 -0.000325755 -0.000120364 0.000633236 -0.000767806
internal_weight=7361.39 2024.38 1512.82 5337.01 4830.4 2205.96 2624.44
internal_count=29605 8138 6082 21467 19427 8873 10554
is_linear=0
shrinkage=0.02


Tree=104
num_leaves=10
num_cat=0
split_feature=11 0 23 19 9 23 8 5 13
split_gain=5.27742 6.19699 6.06642 9.17497 5.80398 3.68492 4.35588 7.82035 3.75183
threshold=0.0091554676182568091 1.1965138316154482 0.69831475615501415 30.567099571228031 -0.060953674837946885 0.83994388580322277 -0.01862990669906139 0.03450529836118222 0.16761750727891925
decision_type=2 2 2 10 2 2 2 2 2
left_child=1 2 4 -4 -1 6 -2 -8 -7
right_child=5 -3 3 -5 -6 8 7 -9 -10
leaf_value=-0.00061853469823043203 -0.0024650199020826409 0.0023927195979606729 -0.0019727953816801136 0.00055237271046134869 0.0018347396410801076 0.0014684065933900613 0.001242399871843926 -0.0019589573042313739 -0.00089488598556250812
leaf_weight=529.12451411783695 670.44175088405609 541.67941819131374 974.925298422575 1305.8808162659407 1161.5654591470957 511.76873813569546 556.69167873263359 607.83003552258015 501.29130387306213
leaf_count=2124 2701 2174 3919 5243 4666 2060 2243 2454 2021
internal_value=2.61956e-07 0.000429921 0.000140124 -0.000520237 0.00104741 -0.000665584 -0.00119864 -0.000403187 0.000269579
internal_weight=7361.2 4513.18 3971.5 2280.81 1690.69 2848.02 1834.96 1164.52 1013.06
internal_count=29605 18126 15952 9162 6790 11479 7398 4697 4081
is_linear=0
shrinkage=0.02


Tree=105
num_leaves=7
num_cat=0
split_feature=16 8 9 16 19 19
split_gain=5.18166 8.50756 19.7224 5.13108 6.37637 5.84215
threshold=4.8408000469207773 -0.086386442184448228 -0.073046490550041185 0.98645001649856578 270.22680664062506 122.51515197753908
decision_type=2 2 2 2 8 8
left_child=1 2 -1 4 -3 -5
right_child=-2 3 -4 5 -6 -7
leaf_value=-0.00058159277236731878 -0.0013712788787050506 -0.00020647744186944879 0.0045029879495379569 -0.00023603691447909275 -0.0026040730752398223 0.0016390363462423379
leaf_weight=642.94086876511574 929.12769214808941 1926.0574184954166 531.03932864964008 1738.3614981323481 571.57365623116493 1021.9607768058777
leaf_count=2579 3750 7747 2133 6989 2301 4106
internal_value=1.27433e-07 0.000208355 0.00173166 -0.000131081 -0.000789489 0.000453018
internal_weight=7361.06 6431.93 1173.98 5257.95 2497.63 2760.32
internal_count=29605 25855 4712 21143 10048 11095
is_linear=0
shrinkage=0.02


Tree=106
num_leaves=7
num_cat=0
split_feature=8 9 8 1 8 20
split_gain=5.13606 5.72111 14.0579 6.11544 9.49568 4.11366
threshold=-0.13188134133815763 -0.016973965801298615 -0.041340164840221398 10.746320724487306 -0.040348052978515618 385.50000000000006
decision_type=2 2 2 2 2 2
left_child=-1 3 -3 -2 -5 -4
right_child=1 2 5 4 -6 -7
leaf_value=0.0017719150305525253 0.00063890419264893427 0.0033178504064867759 0.0006250558608967326 -0.0026478669926874132 0.00037807237106030788 -0.00068637396561685383
leaf_weight=580.13338032364845 663.85412499308586 509.29381175339222 1591.5474170744419 1116.3637986034155 612.61584012210369 2287.034189298749
leaf_count=2329 2666 2043 6405 4492 2469 9201
internal_value=0 -0.000152098 0.000270445 -0.000937266 -0.00156408 -0.000138196
internal_weight=7360.84 6780.71 4387.88 2392.83 1728.98 3878.58
internal_count=29605 27276 17649 9627 6961 15606
is_linear=0
shrinkage=0.02


Tree=107
num_leaves=6
num_cat=0
split_feature=4 16 1 16 9
split_gain=5.06487 4.9866 5.57249 8.85189 6.19088
threshold=22.377584457397464 4.8408000469207773 11.025557041168215 0.49319998919963842 -0.020034817978739735
decision_type=2 2 2 2 2
left_child=-1 2 3 -2 -4
right_child=1 -3 4 -5 -6
leaf_value=0.0018544577556825284 -0.00088600466455903565 -0.0015722240597048419 -0.0013962849703135674 0.0020535788739781541 0.00020058747657483362
leaf_weight=524.45707134902477 599.00134229660034 831.99578204751015 1420.5969132035971 1124.2085788995028 2860.3778516501188
leaf_count=2106 2405 3360 5716 4511 11507
internal_value=2.22776e-07 -0.000142629 5.48007e-05 0.00101239 -0.000325544
internal_weight=7360.64 6836.18 6004.18 1723.21 4280.97
internal_count=29605 27499 24139 6916 17223
is_linear=0
shrinkage=0.02


Tree=108
num_leaves=7
num_cat=0
split_feature=8 9 3 13 1 8
split_gain=4.94071 5.37603 13.7962 5.97296 5.89657 6.15467
threshold=-0.13188134133815763 -0.016973965801298615 -0.050347825512289994 0.015116607304662468 12.729205608367922 -0.040348052978515618
decision_type=2 2 2 2 2 2
left_child=-1 4 -3 -4 5 -2
right_child=1 2 3 -5 -6 -7
leaf_value=0.0017383965445653248 -0.0012312430433607726 0.0029465974060964247 -0.0011388288239876543 0.00046357758893231948 -0.0027453850039395478 0.0011018767120713432
leaf_weight=580.07300226390362 1178.6289599239826 629.43201996386051 1561.2512363642454 2197.1700711399317 524.11577711999416 689.82965925335884
leaf_count=2329 4736 2527 6283 8839 2115 2776
internal_value=1.33725e-07 -0.000148747 0.000260638 -0.000195266 -0.000910007 -0.000347199
internal_weight=7360.5 6780.43 4387.85 3758.42 2392.57 1868.46
internal_count=29605 27276 17649 15122 9627 7512
is_linear=0
shrinkage=0.02


Tree=109
num_leaves=9
num_cat=0
split_feature=11 10 3 4 15 0 16 16
split_gain=5.02992 6.74165 9.90935 9.35211 7.60444 3.61751 4.36246 4.05804
threshold=0.0091554676182568091 0.0062499840278178462 -0.0073640942573547355 52.017583847045906 1.8836500048637392 1.1067831516265871 1.4349499940872195 1.5680000185966494
decision_type=2 2 2 2 2 2 2 2
left_child=1 2 4 -3 -1 7 -7 -2
right_child=5 3 -4 -5 -6 6 -8 -9
leaf_value=0.0014259572331370093 -0.0004424859572361481 0.0034298324533049165 -0.0017690145753122436 -0.00011561301791289571 -0.00088512840284942829 -0.00080738776669452266 0.0014264898351941575 -0.0026871366036437506
leaf_weight=1635.1739253401756 888.75305756926537 590.39133748412132 923.78390872478485 536.43864510953426 826.86145120859146 864.93519778549671 550.08190779387951 543.88861958682537
leaf_count=6570 3583 2369 3711 2157 3319 3484 2217 2195
internal_value=2.04149e-07 0.000419808 -1.8751e-05 0.00174263 0.000633813 -0.000649763 4.45753e-05 -0.00135043
internal_weight=7360.31 4512.65 3385.82 1126.83 2462.04 2847.66 1415.02 1432.64
internal_count=29605 18126 13600 4526 9889 11479 5701 5778
is_linear=0
shrinkage=0.02


Tree=110
num_leaves=9
num_cat=0
split_feature=11 12 7 10 0 22 0 3
split_gain=4.8726 6.20475 13.5522 6.40534 4.47895 9.63822 7.65006 5.27572
threshold=-0.01808554399758577 0.22567426413297656 0.020009505562484268 -0.04346684738993644 0.9041399657726289 74.500000000000014 0.75883710384368908 0.049103071913123138
decision_type=2 2 2 2 2 2 2 2
left_child=1 2 -1 -3 6 -6 -2 -7
right_child=4 3 -4 -5 5 7 -8 -9
leaf_value=-0.00016290046773720189 0.00012147268057991724 -0.0018633070489910506 0.003633104402962088 0.0010332491086730358 -0.0016094517638585663 0.0016010239771157586 -0.002425362356840119 -0.00046954992329606323
leaf_weight=796.39968171715736 896.90419848263264 570.64333063364029 657.26496973633766 591.33708612620831 885.26539993286133 1330.3910417258739 909.0027442574501 722.96553048491478
leaf_count=3196 3610 2287 2639 2370 3574 5355 3663 2911
internal_value=0 0.000694142 0.00155955 -0.000366901 -0.000376828 9.45154e-05 -0.00115524 0.000857143
internal_weight=7360.17 2615.65 1453.66 1161.98 4744.53 2938.62 1805.91 2053.36
internal_count=29605 10492 5835 4657 19113 11840 7273 8266
is_linear=0
shrinkage=0.02


Tree=111
num_leaves=7
num_cat=0
split_feature=16 8 9 8 3 2
split_gain=4.91004 8.10329 19.2151 4.90521 11.4364 7.31362
threshold=4.8408000469207773 -0.085167989134788499 -0.08218067884445189 -0.020277098752558228 0.0069015421904623517 0.84499999880790722
decision_type=2 2 2 2 2 2
left_child=1 2 -1 5 -5 -3
right_child=-2 3 -4 4 -6 -7
leaf_value=-0.00091834495597869115 -0.0013355059375400372 0.00048065494852644333 0.0040352007190614684 0.0018865218664019907 -0.00049665981264377127 -0.0021696272880133696
leaf_weight=571.2813725322485 928.84215047955513 685.53083351254463 626.72822798788548 1165.3878250718117 2439.6172368824482 942.53166645765305
leaf_count=2292 3750 2755 2518 4682 9817 3791
internal_value=0 0.000202395 0.00167114 -0.000132899 0.000270929 -0.00104047
internal_weight=7359.92 6431.08 1198.01 5233.07 3605.01 1628.06
internal_count=29605 25855 4810 21045 14499 6546
is_linear=0
shrinkage=0.02


Tree=112
num_leaves=5
num_cat=0
split_feature=11 15 16 5
split_gain=4.72217 5.39572 5.63599 7.05957
threshold=-0.074780005961656557 4.4807000160217294 4.8408000469207773 0.033739535138010986
decision_type=2 2 2 2
left_child=-1 2 3 -2
right_child=1 -3 -4 -5
leaf_value=0.0017979095911496541 0.00067411379628649047 -0.0020170062862453803 -0.0014514081021486565 -0.0010044934665392304
leaf_weight=520.01678632199764 4159.6913417875767 537.54589110612869 859.94195319712162 1282.5034260898829
leaf_count=2088 16711 2166 3473 5167
internal_value=0 -0.000137688 2.38094e-05 0.000269066
internal_weight=7359.7 6839.68 6302.14 5442.19
internal_count=29605 27517 25351 21878
is_linear=0
shrinkage=0.02


Tree=113
num_leaves=6
num_cat=0
split_feature=4 16 1 7 9
split_gain=4.62834 4.52633 5.19771 8.85363 5.98246
threshold=22.377584457397464 4.8408000469207773 11.025557041168215 0.014466369058936836 -0.020034817978739735
decision_type=2 2 2 2 2
left_child=-1 2 3 -2 -4
right_child=1 -3 4 -5 -6
leaf_value=0.0017721999912583707 -0.00082933860620535132 -0.0014995427133251268 -0.0013693538719523068 0.0020708831619307365 0.00020047366690643381
leaf_weight=524.29351460933685 640.13577573001385 831.64862489700317 1420.2956957668066 1083.0239146500826 2860.1125180870295
leaf_count=2106 2571 3360 5716 4345 11507
internal_value=0 -0.000137189 5.06109e-05 0.000975664 -0.000316541
internal_weight=7359.51 6835.22 6003.57 1723.16 4280.41
internal_count=29605 27499 24139 6916 17223
is_linear=0
shrinkage=0.02


Tree=114
num_leaves=7
num_cat=0
split_feature=8 9 8 8 1 8
split_gain=4.59481 5.2214 12.9119 5.69851 6.12425 4.076
threshold=-0.13188134133815763 -0.016973965801298615 -0.041340164840221398 -0.040348052978515618 10.904683113098146 -0.011956932954490183
decision_type=2 2 2 2 2 2
left_child=-1 3 -3 4 -2 -4
right_child=1 2 5 -5 -6 -7
leaf_value=0.0016758722114900923 0.00012670597242117872 0.0031800598354272168 -0.0016707892365211952 0.00036301039855987942 -0.0024909237474958035 0.00012898066006190246
leaf_weight=579.88608060777187 498.20927418768406 509.1822619587183 564.51558530330658 864.30378979444504 1029.6182111948729 3313.6278021484613
leaf_count=2329 2000 2043 2271 3481 4146 13335
internal_value=0 -0.00014431 0.000259072 -0.000894705 -0.00162471 -0.000132182
internal_weight=7359.34 6779.46 4387.33 2392.13 1527.83 3878.14
internal_count=29605 27276 17649 9627 6146 15606
is_linear=0
shrinkage=0.02


Tree=115
num_leaves=11
num_cat=0
split_feature=11 10 12 7 19 4 23 16 25 24
split_gain=4.56795 6.54801 10.1629 16.3967 9.75344 8.88411 3.62164 3.65616 3.03231 2.69267
threshold=0.0091554676182568091 0.0062499840278178462 0.22115930169820788 0.022722560912370685 102.4018020629883 52.017583847045906 0.83994388580322277 1.0233500003814699 13.31390953063965 16.65205001831055
decision_type=2 2 2 2 8 2 2 2 2 2
left_child=1 2 3 -1 -4 -3 8 -8 -2 -10
right_child=6 5 4 -5 -6 -7 7 -9 9 -11
leaf_value=-0.00021662853181853036 0.00010499974986994691 0.0033477548417563657 -0.002768036692948176 0.0037573464855800123 0.00067395477352413943 -0.00010632036766113216 -0.00081785159410544732 0.0015131870323735871 -0.00084384157389658489 -0.0028150517715470271
leaf_weight=1538.6529165357351 502.61063395440578 590.42645855247974 798.31656265258789 536.28515216708183 511.96215318143368 536.38917636871338 512.04336801171303 500.79205641150475 835.02254796028137 496.63463938236237
leaf_count=6183 2023 2369 3206 2156 2055 2157 2064 2017 3370 2005
internal_value=0 0.000399522 -3.25924e-05 0.00082411 -0.00140745 0.00170346 -0.000619848 0.00030731 -0.00114912 -0.00164329
internal_weight=7359.14 4512.03 3385.22 2074.94 1310.28 1126.82 2847.1 1012.84 1834.27 1331.66
internal_count=29605 18126 13600 8339 5261 4526 11479 4081 7398 5375
is_linear=0
shrinkage=0.02


Tree=116
num_leaves=10
num_cat=0
split_feature=14 12 16 8 3 13 16 1 9
split_gain=4.50535 8.91088 6.28404 6.02803 19.5093 10.2914 5.77912 5.78167 4.54655
threshold=-0.078496202826499925 0.10076382383704187 1.4004499912261965 -0.010204089339822529 0.0069015421904623517 0.015116607304662468 3.5671499967575078 10.87545156478882 0.012379398569464685
decision_type=2 2 2 2 2 2 2 2 2
left_child=1 -1 -3 6 8 -6 7 -2 -5
right_child=3 2 -4 4 5 -7 -8 -9 -10
leaf_value=0.0030534118797792805 0.00087005859452225515 0.00099023678023218075 -0.0017342377115411591 0.0038567891868540776 -0.0029476169357615036 4.2774325004299055e-05 -0.0029022433822243673 -0.0014515413573251217 0.001012607753115767
leaf_weight=502.23568099737167 695.31170985102654 913.60218265652657 505.97970804572105 506.31728863716125 609.9759691208601 1592.7312157154083 518.90418118238449 1005.0910604298115 508.74100975692272
leaf_count=2021 2790 3668 2033 2036 2460 6413 2093 4046 2045
internal_value=0 0.00083063 0 -0.000290095 0.0002537 -0.000791576 -0.00108934 -0.000481807 0.00252348
internal_weight=7358.89 1921.82 1419.58 5437.07 3217.77 2202.71 2219.31 1700.4 1015.06
internal_count=29605 7722 5701 21883 12954 8873 8929 6836 4081
is_linear=0
shrinkage=0.02


Tree=117
num_leaves=6
num_cat=0
split_feature=20 25 20 19 11
split_gain=4.49211 5.57067 8.06027 5.74463 4.53123
threshold=22.500000000000004 13.285229206085207 1313.5000000000002 -273.19514465332026 0.0091554676182568091
decision_type=2 2 2 10 2
left_child=-1 2 -2 -3 -5
right_child=1 3 -4 4 -6
leaf_value=-0.0015849331280364041 0.0024029545033278478 -0.0017510510609843983 -0.00039327951123575714 0.00063551069610110963 -0.00067015206919178525
leaf_weight=624.82837942242622 907.28821495175362 749.51140083372593 693.8936330229044 2660.0106943249702 1723.1463019549847
leaf_count=2513 3645 3020 2788 10689 6950
internal_value=0 0.000157109 0.00118046 -0.00015896 0.000112942
internal_weight=7358.68 6733.85 1601.18 5132.67 4383.16
internal_count=29605 27092 6433 20659 17639
is_linear=0
shrinkage=0.02


Tree=118
num_leaves=7
num_cat=0
split_feature=8 13 13 0 1 8
split_gain=4.36918 5.12322 7.94574 8.8698 6.86091 7.49817
threshold=-0.12751650810241696 0.013567937072366478 0.049814485013484962 1.1852017641067507 13.256816387176515 0.014214968774467708
decision_type=2 2 2 2 2 2
left_child=-1 4 -3 -4 5 -2
right_child=1 2 3 -5 -6 -7
leaf_value=0.0015550080969284946 -0.00088095306513036873 0.0025120450400581561 -0.00091083903435451759 0.0017207265860510301 -0.0027005964032568702 0.0011914779419101257
leaf_weight=637.57558661699295 2365.0815339833498 585.31153808534145 1555.5024297386408 733.02938084304333 528.03508268296719 954.06074745953083
leaf_count=2561 9509 2354 6263 2948 2131 3839
internal_value=0 -0.000148019 0.000481317 -4.27547e-05 -0.000627787 -0.000269863
internal_weight=7358.6 6721.02 2873.84 2288.53 3847.18 3319.14
internal_count=29605 27044 11565 9211 15479 13348
is_linear=0
shrinkage=0.02


Tree=119
num_leaves=8
num_cat=0
split_feature=3 15 13 0 3 1 8
split_gain=4.43389 17.6434 5.87535 7.57019 8.74011 7.26026 9.6963
threshold=-0.08726960793137549 1.6911500096321108 0.013567937072366478 1.1852017641067507 0.021058971993625168 13.002017498016359 0.013135367538779976
decision_type=2 2 2 2 2 2 2
left_child=1 -1 5 4 -4 6 -2
right_child=2 -3 3 -5 -6 -7 -8
leaf_value=0.0034945626209308112 -0.0012389477716499844 -0.0012017463427706166 0.0014496389022402992 0.0019287024500476964 -0.0012207428853025515 -0.0029763051198079342 0.0012709485149187117
leaf_weight=598.94311226904392 1770.1184845864773 623.84003213047981 740.84703584015369 896.26330806314945 1323.2013096064329 501.04406635463238 904.23068982362747
leaf_count=2409 7119 2505 2978 3604 5329 2023 3638
internal_value=0 0.00109189 -0.00021586 0.000415238 -0.000238836 -0.000814506 -0.000372804
internal_weight=7358.49 1222.78 6135.7 2960.31 2064.05 3175.39 2674.35
internal_count=29605 4914 24691 11911 8307 12780 10757
is_linear=0
shrinkage=0.02


Tree=120
num_leaves=10
num_cat=0
split_feature=14 12 16 8 5 14 13 16 1
split_gain=4.35814 8.48759 6.07059 5.56698 10.0425 16.091 6.48157 5.6433 5.53902
threshold=-0.078496202826499925 0.10076382383704187 1.4004499912261965 -0.010204089339822529 0.032169939950108535 0.002146675251424313 0.027863402850925926 3.5671499967575078 10.87545156478882
decision_type=2 2 2 2 2 2 2 2 2
left_child=1 -1 -3 7 5 -5 -6 8 -2
right_child=3 2 -4 4 6 -7 -8 -9 -10
leaf_value=0.0029867240949604137 0.00086911167639608811 0.00097934990275594337 -0.0016984987496554077 -0.0013216738286670369 -0.0027077796928409027 0.0027395664893889692 0 -0.00284456511815104 -0.0014034563787342341
leaf_weight=502.12031430006027 695.2897774875164 913.56449288129807 505.90683436393738 569.54602636396885 501.87705983221531 1086.4610882401466 1059.9313940554857 518.73706391453743 1004.8677164018154
leaf_count=2021 2790 3668 2033 2290 2026 4368 4270 2093 4046
internal_value=0 0.000817044 0 -0.000285276 0.000236893 0.00132179 -0.000892642 -0.00105348 -0.000453399
internal_weight=7358.3 1921.59 1419.47 5436.71 3217.82 1656.01 1561.81 2218.89 1700.16
internal_count=29605 7722 5701 21883 12954 6658 6296 8929 6836
is_linear=0
shrinkage=0.02


Tree=121
num_leaves=6
num_cat=0
split_feature=22 22 3 8 23
split_gain=4.35233 9.48034 6.92331 17.8318 7.39032
threshold=15.500000000000002 33.500000000000007 0.021908963099122051 0.014214968774467708 0.74831923842430126
decision_type=2 2 2 2 2
left_child=-1 -2 3 -3 -4
right_child=1 2 4 -5 -6
leaf_value=-0.0017315164049034862 0.0027104557239513343 -0.00023634501551382222 -0.0029367407480314755 0.0030229781361034158 -0.00025981183320876293
leaf_weight=512.06125168502331 506.10432337224483 3380.5090038478374 553.43504627048969 808.52708265185356 1597.4563634842634
leaf_count=2062 2040 13594 2231 3249 6429
internal_value=0 0.000139416 -6.94702e-05 0.000397608 -0.000990534
internal_weight=7358.09 6846.03 6339.93 4189.04 2150.89
internal_count=29605 27543 25503 16843 8660
is_linear=0
shrinkage=0.02


Tree=122
num_leaves=9
num_cat=0
split_feature=3 15 25 13 0 3 8 3
split_gain=4.32177 11.4676 9.28791 7.55413 8.11183 6.90167 6.10849 15.4423
threshold=-0.047946894541382783 1.9785000085830691 13.779233455657961 0.013567937072366478 1.1852017641067507 0.084420148283243193 -0.010204089339822529 0.0069015421904623517
decision_type=2 2 2 2 2 2 2 2
left_child=1 2 -1 6 5 -5 -2 -8
right_child=3 -3 -4 4 -6 -7 7 -9
leaf_value=0.0036549375262026318 -0.0025936294520042934 -0.0011066073002709679 0.00041354077535325816 0.00043196683526845959 0.0019065554567311413 -0.0020577913193622357 0.0015838147440701467 -0.0026009362869877863
leaf_weight=594.03014758229256 793.92376233637333 849.69728845357895 914.15681590139866 1327.3476555943489 884.88727270066738 631.45740430057049 724.67880217730999 637.89852704107761
leaf_count=2387 3199 3414 3676 5339 3558 2546 2913 2573
internal_value=0 0.000705384 0.0017518 -0.000328908 0.000337478 -0.000367178 -0.00121868 -0.000359685
internal_weight=7358.08 2357.88 1508.19 5000.19 2843.69 1958.81 2156.5 1362.58
internal_count=29605 9477 6063 20128 11443 7885 8685 5486
is_linear=0
shrinkage=0.02


Tree=123
num_leaves=6
num_cat=0
split_feature=3 0 5 0 8
split_gain=4.30369 4.28885 8.75767 6.4933 7.89769
threshold=-0.12338239327073096 1.2308874130249026 0.045818701386451728 0.67599794268608104 0.010062300134450199
decision_type=2 2 2 2 2
left_child=-1 3 -3 -2 -5
right_child=1 2 -4 4 -6
leaf_value=0.001577593442674525 0.0010951720286756497 0.0023556270643186007 -0.00068422190411352845 -0.0014251903251232274 0.0002843651309386613
leaf_weight=611.25118021667004 904.19149923324585 714.47043693065643 734.86978723108768 2636.7277446389198 1756.341938406229
leaf_count=2457 3633 2873 2960 10611 7071
internal_value=0 -0.000143945 0.00080313 -0.0004125 -0.000735488
internal_weight=7357.85 6746.6 1449.34 5297.26 4393.07
internal_count=29605 27148 5833 21315 17682
is_linear=0
shrinkage=0.02


Tree=124
num_leaves=9
num_cat=0
split_feature=20 20 23 22 4 9 0 1
split_gain=4.29927 5.5988 7.51706 9.10187 6.28602 15.8023 6.49044 5.99604
threshold=22.500000000000004 426.50000000000006 0.69831475615501415 723.50000000000011 53.792057037353523 -0.011337817646563051 1.123737692832947 11.804609775543215
decision_type=2 2 2 2 2 2 2 2
left_child=-1 4 7 -4 5 -2 -6 -3
right_child=1 2 3 -5 6 -7 -8 -9
leaf_value=-0.0015510446207432072 -8.589832250184755e-06 0.0017414349342903504 -0.0015691504382084303 0.0011872508787995296 -0.0019137152792467194 0.0039881388095127247 0.0012086711153432325 -0.00081464494153736262
leaf_weight=624.691614985466 907.03822205960751 976.42195706069469 2061.5892427414656 587.33048367500305 499.27294634282589 653.41461303830147 509.02189572155476 538.96350640058517
leaf_count=2513 3650 3925 8296 2361 2016 2624 2051 2169
internal_value=0 0.000153378 -0.000292741 -0.000938921 0.000886913 0.00167672 -0.00031006 0.000809713
internal_weight=7357.74 6733.05 4164.31 2648.92 2568.75 1560.45 1008.29 1515.39
internal_count=29605 27092 16751 10657 10341 6274 4067 6094
is_linear=0
shrinkage=0.02


Tree=125
num_leaves=6
num_cat=0
split_feature=22 22 3 8 23
split_gain=4.18923 9.17265 6.58145 16.843 7.07182
threshold=15.500000000000002 33.500000000000007 0.021908963099122051 0.014214968774467708 0.74831923842430126
decision_type=2 2 2 2 2
left_child=-1 -2 3 -3 -4
right_child=1 2 4 -5 -6
leaf_value=-0.0016987713469463375 0.002665807960947912 -0.00022919697921227469 -0.0028709322321988679 0.0029380531333232296 -0.00025144822052867522
leaf_weight=511.97768443822861 506.14255593717098 3380.2076037079096 553.26257309317589 808.68884891271591 1597.3466199040413
leaf_count=2062 2040 13594 2231 3249 6429
internal_value=0 0.000136904 -6.84908e-05 0.000386743 -0.00096671
internal_weight=7357.63 6845.65 6339.51 4188.9 2150.61
internal_count=29605 27543 25503 16843 8660
is_linear=0
shrinkage=0.02


Tree=126
num_leaves=10
num_cat=0
split_feature=14 12 16 22 25 0 24 19 23
split_gain=4.26319 8.02682 5.84899 5.36316 10.3347 10.1007 8.04475 6.82607 5.36765
threshold=-0.078496202826499925 0.10076382383704187 1.4004499912261965 72.500000000000014 13.46383047103882 0.91276377439498912 -30.516249656677243 67.153800964355483 0.75172671675682079
decision_type=2 2 2 2 2 2 2 8 2
left_child=1 -1 -3 4 -2 7 -7 -5 -6
right_child=3 2 -4 5 8 6 -8 -9 -10
leaf_value=0.0029181092932924258 0.00078745611402035974 0.00097366637450649383 -0.001654612318824596 -0.0025125806974175837 -0.003916974471537822 0.0031097493725398 0.00028373062369670604 0.00014045478898192402 -0.00084916340055904015
leaf_weight=502.01945978403091 587.22830212116241 913.51801782846451 505.83452273905277 727.97533379495144 500.9407657533884 505.72328056395054 1868.7286881506443 745.17459248006344 500.4578163921833
leaf_count=2021 2364 3668 2033 2929 2023 2036 7517 2995 2019
internal_value=0 0.000807681 0 -0.000282631 -0.00125286 0.000113682 0.000926266 -0.00116511 -0.0024759
internal_weight=7357.6 1921.37 1419.35 5436.23 1588.63 3847.6 2374.45 1473.15 1001.4
internal_count=29605 7722 5701 21883 6406 15477 9553 5924 4042
is_linear=0
shrinkage=0.02


Tree=127
num_leaves=7
num_cat=0
split_feature=16 8 12 16 13 19
split_gain=4.2071 7.43236 16.5177 4.83265 7.38009 5.89105
threshold=4.8408000469207773 -0.085167989134788499 0.22115930169820788 1.0299000144004824 0.012095429934561254 122.51515197753908
decision_type=2 2 2 2 2 8
left_child=1 2 -1 4 -3 -5
right_child=-2 3 -4 5 -6 -7
leaf_value=0.0036342069387860741 -0.0012370989031856472 -0.001737226265101102 -0.00098355311521039967 -0.00023055659498452804 0.00033894964337571827 0.0017263305304531732
leaf_weight=670.91358086466789 928.12541633844376 1383.9656897187233 526.3918209373951 1643.070877417922 1273.1667183786631 931.78272596001625
leaf_count=2698 3750 5570 2112 6608 5123 3744
internal_value=0 0.000186968 0.00159427 -0.000133851 -0.000734475 0.000472751
internal_weight=7357.42 6429.29 1197.31 5231.99 2657.13 2574.85
internal_count=29605 25855 4810 21045 10693 10352
is_linear=0
shrinkage=0.02


Tree=128
num_leaves=9
num_cat=0
split_feature=11 14 8 8 15 11 22 22
split_gain=4.19061 5.76178 7.26649 10.7803 4.1151 3.36318 3.54781 5.37188
threshold=0.0091554676182568091 0.02619990706443787 -0.10336804762482642 0.035752614960074432 1.7539499998092654 0.022921233437955383 74.500000000000014 202.50000000000003
decision_type=2 2 2 2 2 2 2 2
left_child=1 2 -1 -4 -3 -2 -7 -8
right_child=5 4 3 -5 -6 6 7 -9
leaf_value=0.0017084176255572577 -0.0016777840849791202 0.0027811342876520244 -0.0011255380006411516 0.0020218353695898097 0.00022156757698080229 -0.0014020408268916563 0.0020116005020439746 -0.00048459655502685445
leaf_weight=736.42427541315556 799.81771267950535 569.01420640945435 2189.6568460762501 512.88410238921642 502.88091768324375 607.87397035956383 504.84780031442642 933.78467297554016
leaf_count=2960 3225 2286 8801 2059 2020 2458 2033 3763
internal_value=0 0.000382286 -9.40179e-06 -0.000502052 0.0016454 -0.000594211 -0.000138229 0.000384696
internal_weight=7357.18 4510.86 3438.97 2702.54 1071.9 2846.32 2046.51 1438.63
internal_count=29605 18126 13820 10860 4306 11479 8254 5796
is_linear=0
shrinkage=0.02


Tree=129
num_leaves=9
num_cat=0
split_feature=20 20 23 22 4 9 0 1
split_gain=4.1497 5.40058 7.19516 8.63223 6.00939 15.2162 6.22585 5.73555
threshold=22.500000000000004 426.50000000000006 0.69831475615501415 723.50000000000011 53.792057037353523 -0.011337817646563051 1.123737692832947 11.804609775543215
decision_type=2 2 2 2 2 2 2 2
left_child=-1 4 7 -4 5 -2 -6 -3
right_child=1 2 3 -5 6 -7 -8 -9
leaf_value=-0.0015238772882859805 -9.6782454579776293e-06 0.0017025964408561545 -0.0015336555590961382 0.0011499419592333484 -0.0018701624212483529 0.0039115195696596211 0.0011879482651100319 -0.00079677875905824729
leaf_weight=624.58735060691833 906.90567374229431 976.35692736506462 2061.245342373848 587.35079278051853 499.14870415627956 653.47010625898838 509.04186251759529 538.88175374269485
leaf_count=2513 3650 3925 8296 2361 2016 2624 2051 2169
internal_value=0 0.000150762 -0.000287299 -0.000919664 0.000871276 0.00164354 -0.000298464 0.000791052
internal_weight=7356.99 6732.4 4163.83 2648.6 2568.57 1560.38 1008.19 1515.24
internal_count=29605 27092 16751 10657 10341 6274 4067 6094
is_linear=0
shrinkage=0.02


Tree=130
num_leaves=6
num_cat=0
split_feature=16 3 15 19 24
split_gain=4.06458 6.51214 21.7633 4.45238 6.15559
threshold=4.8408000469207773 -0.056197285652160638 1.7975500226020815 -554.72512817382801 5.618999958038331
decision_type=2 2 2 10 2
left_child=1 2 -1 -3 -5
right_child=-2 3 -4 4 -6
leaf_value=0.0033579751568481517 -0.0012158083318175869 -0.0018268834819970196 -0.001025972409938165 0.00090651183930605601 -0.00064431527865186993
leaf_weight=899.72485479712486 928.00259901583195 565.15271438658237 853.74174477159977 1791.6561306416988 2318.5824001729488
leaf_count=3617 3750 2277 3430 7203 9328
internal_value=0 0.000184009 0.00121762 -0.000199995 2.40593e-05
internal_weight=7356.86 6428.86 1753.47 4675.39 4110.24
internal_count=29605 25855 7047 18808 16531
is_linear=0
shrinkage=0.02


Tree=131
num_leaves=8
num_cat=0
split_feature=5 8 3 8 9 8 14
split_gain=3.95325 9.65458 15.5134 11.3395 7.37228 9.62788 5.41823
threshold=0.033739535138010986 0.010062300134450199 0.0026369343977421526 0.053601553663611419 0.013720268383622171 -0.087758522480726228 0.14044640213251117
decision_type=2 2 2 2 2 2 2
left_child=1 4 -3 -4 5 -1 -2
right_child=6 2 3 -5 -6 -7 -8
leaf_value=0.00076033130206156103 -0.0020844727918703115 0.0043793929523239759 -0.0018057285595499959 0.0022258487169279258 0.0018235276396633606 -0.0013691016766411823 0.00016924730819916812
leaf_weight=1296.3507833331823 748.75764271616936 505.30288188159466 541.59014983475208 523.981639534235 560.39186774194241 2295.7076323777437 884.57444307208061
leaf_count=5209 3020 2028 2178 2106 2253 9244 3567
internal_value=0 0.000251872 0.00157797 0.000148076 -0.000247112 -0.000590397 -0.000856793
internal_weight=7356.66 5723.32 1570.87 1065.57 4152.45 3592.06 1633.33
internal_count=29605 23018 6312 4284 16706 14453 6587
is_linear=0
shrinkage=0.02


Tree=132
num_leaves=6
num_cat=0
split_feature=22 22 3 8 23
split_gain=3.93272 9.08361 6.22315 15.8793 6.76205
threshold=15.500000000000002 33.500000000000007 0.021908963099122051 0.014214968774467708 0.74831923842430126
decision_type=2 2 2 2 2
left_child=-1 -2 3 -3 -4
right_child=1 2 4 -5 -6
leaf_value=-0.0016460352954021488 0.0026497355390468335 -0.00022691449415954286 -0.0028076142102356565 0.0028481479833294622 -0.00024513336268371365
leaf_weight=511.78713232278824 506.0635452568531 3379.5158678591251 553.07786963880062 808.80113649368286 1597.2035856246948
leaf_count=2062 2040 13594 2231 3249 6429
internal_value=0 0.000132847 -7.15299e-05 0.00037098 -0.00094508
internal_weight=7356.45 6844.66 6338.6 4188.32 2150.28
internal_count=29605 27543 25503 16843 8660
is_linear=0
shrinkage=0.02


Tree=133
num_leaves=8
num_cat=0
split_feature=20 20 23 22 25 22 21
split_gain=3.96412 5.21099 6.8529 8.1611 5.85864 7.11784 4.81333
threshold=22.500000000000004 426.50000000000006 0.69831475615501415 723.50000000000011 15.217843532562258 144.50000000000003 13.744999885559084
decision_type=2 2 2 2 2 2 2
left_child=-1 4 6 -4 5 -2 -3
right_child=1 2 3 -5 -6 -7 -8
leaf_value=-0.0014896287712399139 0.0027765653256425328 0.001677343155095819 -0.0014975232987558102 0.0011109962270711945 -0.00055444620409190548 0.00021987745681731379 -0.00056227772478041431
leaf_weight=624.50337745249271 857.28143803775311 913.56128050386906 2060.9082786291838 587.37558034062386 772.94321162998676 938.24153746664524 601.60072375833988
leaf_count=2513 3452 3675 8296 2361 3119 3770 2419
internal_value=0 0.000147241 -0.000282975 -0.000900288 0.000855077 0.00148155 0.000769102
internal_weight=7356.42 6731.91 4163.45 2648.28 2568.47 1795.52 1515.16
internal_count=29605 27092 16751 10657 10341 7222 6094
is_linear=0
shrinkage=0.02


Tree=134
num_leaves=6
num_cat=0
split_feature=4 16 1 16 9
split_gain=3.94848 3.88696 4.57134 8.15163 5.19992
threshold=22.377584457397464 4.8408000469207773 11.025557041168215 0.49319998919963842 -0.020034817978739735
decision_type=2 2 2 2 2
left_child=-1 2 3 -2 -4
right_child=1 -3 4 -5 -6
leaf_value=0.0016376430492754124 -0.00090528070063741262 -0.0013897753729549594 -0.0012792032285051478 0.0019154572719570992 0.0001841639498150995
leaf_weight=523.83210243284702 598.78422194719315 830.9756428450346 1419.3146610110998 1124.013648301363 2859.443321749568
leaf_count=2106 2405 3360 5716 4511 11507
internal_value=0 -0.000126654 4.69333e-05 0.000914863 -0.00029707
internal_weight=7356.36 6832.53 6001.56 1722.8 4278.76
internal_count=29605 27499 24139 6916 17223
is_linear=0
shrinkage=0.02


Tree=135
num_leaves=9
num_cat=0
split_feature=14 12 16 5 4 12 20 3
split_gain=3.93036 7.39218 5.66444 4.97159 13.1258 7.39755 6.92226 5.6135
threshold=-0.078496202826499925 0.10076382383704187 1.4004499912261965 -0.005150838987901806 54.009962081909187 0.084305740892887129 584.50000000000011 0.050625937059521682
decision_type=2 2 2 2 2 2 2 2
left_child=1 -1 -3 5 -5 -2 -7 -6
right_child=3 2 -4 4 7 6 -8 -9
leaf_value=0.0028016154476977122 0.00029332387249093146 0.0009583003724821889 -0.0016283785047908374 0.0021866429816108711 0.00026508795712329176 -0.00047217284654623744 -0.0037232152258845391 -0.001583656419930966
leaf_weight=501.78881910443306 841.13215361535549 913.42209847271442 505.73630753159523 927.72156368196011 1415.8233924508095 560.37217304110527 539.3485881537199 1150.8738611787558
leaf_count=2021 3382 3668 2033 3728 5708 2254 2169 4642
internal_value=0 0.000775791 0 -0.000271201 0.000171158 -0.00107887 -0.00214523 -0.000556556
internal_weight=7356.22 1920.95 1419.16 5435.27 3494.42 1940.85 1099.72 2566.7
internal_count=29605 7722 5701 21883 14078 7805 4423 10350
is_linear=0
shrinkage=0.02


Tree=136
num_leaves=8
num_cat=0
split_feature=20 20 23 22 25 22 14
split_gain=3.85213 4.98558 6.5431 7.80283 5.5889 6.87513 4.83444
threshold=22.500000000000004 426.50000000000006 0.69831475615501415 723.50000000000011 15.217843532562258 144.50000000000003 -0.0092128440737724287
decision_type=2 2 2 2 2 2 2
left_child=-1 4 6 -4 5 -2 -3
right_child=1 2 3 -5 -6 -7 -8
leaf_value=-0.0014685288883465781 0.002722033132960512 -0.00038591096909223522 -0.0014632018133197977 0.0010868411893631431 -0.00053846537245903585 0.00020900236980011199 0.0018161818760115312
leaf_weight=624.44109949469566 857.38354879617691 722.63478150963783 2060.6115670949221 587.39450265467167 772.86056800186634 938.22192732989788 792.47718201577663
leaf_count=2513 3452 2905 8296 2361 3119 3770 3189
internal_value=0 0.000145128 -0.000275557 -0.000878959 0.000837537 0.00144947 0.000752175
internal_weight=7356.03 6731.58 4163.12 2648.01 2568.47 1795.61 1515.11
internal_count=29605 27092 16751 10657 10341 7222 6094
is_linear=0
shrinkage=0.02


Tree=137
num_leaves=10
num_cat=0
split_feature=14 12 16 22 25 0 24 19 23
split_gain=3.81356 7.11156 5.44478 4.94779 10.0043 9.78259 7.73538 6.35478 5.30727
threshold=-0.078496202826499925 0.10076382383704187 1.4004499912261965 72.500000000000014 13.46383047103882 0.91276377439498912 -30.516249656677243 67.153800964355483 0.75172671675682079
decision_type=2 2 2 2 2 2 2 8 2
left_child=1 -1 -3 4 -2 7 -7 -5 -6
right_child=3 2 -4 5 8 6 -8 -9 -10
leaf_value=0.0027514281241951721 0.0008071341899774855 0.00094266517648589206 -0.0015932763783521587 -0.0024453341876261745 -0.0038350845362653979 0.0030543217920253728 0.00028239128705870423 0.00011304116366495857 -0.00079011784831819988
leaf_weight=501.75205756723881 587.09803555905819 913.44074828922749 505.69721101224422 727.71232037246227 500.68309235572815 505.74719114601612 1868.5103700906038 745.10041587054729 500.26827882230282
leaf_count=2021 2364 3668 2033 2929 2023 2036 7517 2995 2019
internal_value=0 0.000764259 1.79619e-06 -0.000267071 -0.00119933 0.000113241 0.000913044 -0.00114525 -0.00240372
internal_weight=7356.01 1920.89 1419.14 5435.12 1588.05 3847.07 2374.26 1472.81 1000.95
internal_count=29605 7722 5701 21883 6406 15477 9553 5924 4042
is_linear=0
shrinkage=0.02


Tree=138
num_leaves=11
num_cat=0
split_feature=11 10 12 7 19 4 23 8 10 16
split_gain=3.77528 6.13892 8.97632 14.4172 9.0086 8.32505 3.48328 3.96329 9.05038 3.6186
threshold=0.0091554676182568091 0.0062499840278178462 0.22115930169820788 0.022722560912370685 102.4018020629883 52.017583847045906 0.83994388580322277 -0.01862990669906139 0.038879560306668288 1.0233500003814699
decision_type=2 2 2 2 8 2 2 2 2 2
left_child=1 2 3 -1 -4 -3 7 -2 -9 -8
right_child=6 5 4 -5 -6 -7 9 8 -10 -11
leaf_value=-0.00022459468432901302 -0.0022913379684155123 0.0032184263439238928 -0.0026559586554427863 0.0035025579544306026 0.00065070080215168648 -0.00012332218178826953 -0.00077389200082701108 0.0014367592692927555 -0.0020115527099679245 0.0015435378621108124
leaf_weight=1537.9619463682175 669.42822079360485 590.4023649841547 797.90740919113159 535.69507157802582 511.86408734321594 536.30397181212902 511.88364867866039 559.94602729380131 603.78800427913666 500.6368448138237
leaf_count=6183 2701 2369 3206 2156 2055 2157 2064 2257 2440 2017
internal_value=0 0.000363195 -5.50315e-05 0.000749707 -0.00134746 0.00162623 -0.000563736 -0.00108383 -0.000325624 0.000345394
internal_weight=7355.82 4510.13 3383.43 2073.66 1309.77 1126.71 2845.68 1833.16 1163.73 1012.52
internal_count=29605 18126 13600 8339 5261 4526 11479 7398 4697 4081
is_linear=0
shrinkage=0.02


Tree=139
num_leaves=6
num_cat=0
split_feature=22 22 3 8 8
split_gain=3.77422 8.84348 5.86457 15.02 6.63478
threshold=15.500000000000002 33.500000000000007 0.021908963099122051 0.014214968774467708 0.064655315130949034
decision_type=2 2 2 2 2
left_child=-1 -2 3 -3 -4
right_child=1 2 4 -5 -6
leaf_value=-0.0016128820066246825 0.0026134732172179887 -0.00022352410409607042 -0.0021805356351858431 0.0027669170626100871 1.8856883115159505e-05
leaf_weight=511.65238755941391 506.05076450109482 3379.0053628832102 920.82237680256367 808.91259545087814 1229.1283935308456
leaf_count=2062 2040 13594 3709 3249 4951
internal_value=0 0.00013 -7.16e-05 0.000357793 -0.000919788
internal_weight=7355.57 6843.92 6337.87 4187.92 2149.95
internal_count=29605 27543 25503 16843 8660
is_linear=0
shrinkage=0.02


Tree=140
num_leaves=7
num_cat=0
split_feature=16 8 12 16 13 10
split_gain=3.75203 6.78876 14.9724 4.51165 7.35456 5.64358
threshold=4.8408000469207773 -0.085167989134788499 0.22115930169820788 1.0299000144004824 0.012095429934561254 -0.038016146048903458
decision_type=2 2 2 2 2 2
left_child=1 2 -1 4 -3 -5
right_child=-2 3 -4 5 -6 -7
leaf_value=0.0034656406934461394 -0.0011683301570618732 -0.0017116406243738089 -0.00092956550692723156 -0.001371629723684735 0.00036146679778338928 0.00092856152396500263
leaf_weight=670.51814451813698 927.65905712544918 1383.5956716090441 526.29805041849613 503.02743773162365 1272.9100743234158 2071.5295142829418
leaf_count=2698 3750 5570 2112 2020 5123 8332
internal_value=0 0.000176814 0.00152224 -0.000129509 -0.000710109 0.000456322
internal_weight=7355.54 6427.88 1196.82 5231.06 2656.51 2574.56
internal_count=29605 25855 4810 21045 10693 10352
is_linear=0
shrinkage=0.02


Tree=141
num_leaves=7
num_cat=0
split_feature=20 25 20 7 19 23
split_gain=3.74619 4.90807 7.2776 6.47237 9.11675 3.72288
threshold=22.500000000000004 13.285229206085207 1313.5000000000002 0.027445984072983268 67.153800964355483 0.71483653783798229
decision_type=2 2 2 2 10 2
left_child=-1 2 -2 4 -3 -5
right_child=1 3 -4 5 -6 -7
leaf_value=-0.0014483584644064366 0.0022662377093691198 -0.0016624952539556182 -0.00038945777635989462 0.0022074709208090766 0.00036252813703913138 0.00015937721012977674
leaf_weight=624.34235590696335 907.1443395614624 1745.2378302514553 693.5440049469471 529.27163107693195 1726.6292440891266 1129.166099563241
leaf_count=2513 3645 7035 2788 2130 6949 4545
internal_value=0 0.000143073 0.00110402 -0.000153307 -0.000649235 0.000857283
internal_weight=7355.34 6730.99 1600.69 5130.3 3471.87 1658.44
internal_count=29605 27092 6433 20659 13984 6675
is_linear=0
shrinkage=0.02


Tree=142
num_leaves=10
num_cat=0
split_feature=5 8 3 8 7 6 13 13 0
split_gain=3.70971 8.75563 14.2836 10.8553 6.93302 10.4138 8.65038 5.24221 5.38384
threshold=0.033739535138010986 0.010062300134450199 0.0026369343977421526 0.053601553663611419 0.022504990920424465 1.0878700017929079 -0.0076253206934779874 0.027863402850925926 1.2877599596977236
decision_type=2 2 2 2 2 2 2 2 2
left_child=1 4 -3 -4 6 -6 -1 -2 -9
right_child=7 2 3 -5 5 -7 -8 8 -10
leaf_value=-0.0016291657516600655 -0.0024324336610242261 0.0041946303854305039 -0.0017774696606529718 0.0021674226110828523 0.0026136303885174934 -0.0005905326464040934 0.00086802623521289434 -0.0013604060015155954 0.0013672752054307898
leaf_weight=1808.7029266804457 523.19024638831615 505.4420470893383 541.47730684280396 524.02268889546394 685.34210567176342 900.80786210298538 756.42329813539982 572.48947365581989 537.34205061197281
leaf_count=7280 2114 2028 2178 2106 2759 3622 3045 2311 2162
internal_value=0 0.000244223 0.00150708 0.000133634 -0.000230719 0.000789251 -0.000877222 -0.000829846 -6.04703e-06
internal_weight=7355.24 5722.22 1570.94 1065.5 4151.28 1586.15 2565.13 1633.02 1109.83
internal_count=29605 23018 6312 4284 16706 6381 10325 6587 4473
is_linear=0
shrinkage=0.02


Tree=143
num_leaves=7
num_cat=0
split_feature=3 13 19 0 3 25
split_gain=3.6586 4.38772 7.37952 7.15905 7.42011 6.16259
threshold=-0.12338239327073096 0.013567937072366478 248.08325195312503 1.1852017641067507 0.021058971993625168 14.90681838989258
decision_type=2 2 8 2 2 2
left_child=-1 2 5 4 -3 -2
right_child=1 3 -4 -5 -6 -7
leaf_value=0.001455608446908099 0.0003038507384474013 0.0013099718306228223 -0.0024302345769014852 0.0018997547489294922 -0.0011177762983130212 -0.0018590418120974735
leaf_weight=610.79310408234596 2416.3324022442102 774.1708051264286 686.89095616340637 900.28742450475693 1322.4242434054613 644.15773423016071
leaf_count=2457 9720 3112 2765 3620 5329 2602
internal_value=0 -0.000132204 -0.000590898 0.000429217 -0.000199138 -0.000150311
internal_weight=7355.06 6744.26 3747.38 2996.88 2096.6 3060.49
internal_count=29605 27148 15087 12061 8441 12322
is_linear=0
shrinkage=0.02


Tree=144
num_leaves=6
num_cat=0
split_feature=4 16 5 8 6
split_gain=3.70005 3.52422 4.23964 7.96629 4.3694
threshold=22.377584457397464 4.8408000469207773 0.033739535138010986 0.042424263432621963 2.5132799148559575
decision_type=2 2 2 2 2
left_child=-1 2 3 -2 -4
right_child=1 -3 4 -5 -6
leaf_value=0.0015857986016728008 -1.3173876741035868e-05 -0.0013254471560291707 -0.0018348409266348085 0.0022176767071391407 0.00027919467561385118
leaf_weight=523.60813896358013 3772.9939151704311 830.61374862492085 817.10533057153225 739.28651566803455 671.31995376944542
leaf_count=2106 15170 3360 3295 2968 2706
internal_value=0 -0.000122423 4.25709e-05 0.000353974 -0.000867554
internal_weight=7354.93 6831.32 6000.71 4512.28 1488.43
internal_count=29605 27499 24139 18138 6001
is_linear=0
shrinkage=0.02


Tree=145
num_leaves=6
num_cat=0
split_feature=22 22 3 9 23
split_gain=3.65816 8.51501 5.66264 6.65542 6.47498
threshold=15.500000000000002 33.500000000000007 0.021908963099122051 0.011586589738726618 0.74831923842430126
decision_type=2 2 2 2 2
left_child=-1 -2 3 -3 -4
right_child=1 2 4 -5 -6
leaf_value=-0.001587926397596552 0.0025649653556902075 -8.0760911715893149e-05 -0.0027258070850492999 0.0017758012573872975 -0.00021832206967380586
leaf_weight=511.55888046324253 506.07175843417645 3208.345266148448 552.81111092865467 979.11081306636333 1596.8630160391331
leaf_count=2062 2040 12908 2231 3935 6429
internal_value=0 0.000128091 -6.96497e-05 0.000352199 -0.000903258
internal_weight=7354.76 6843.2 6337.13 4187.46 2149.67
internal_count=29605 27543 25503 16843 8660
is_linear=0
shrinkage=0.02


Tree=146
num_leaves=8
num_cat=0
split_feature=20 20 23 22 1 25 22
split_gain=3.59075 4.73566 6.25199 7.33553 5.37615 5.19067 6.63885
threshold=22.500000000000004 426.50000000000006 0.69831475615501415 723.50000000000011 11.804609775543215 15.217843532562258 144.50000000000003
decision_type=2 2 2 2 2 2 2
left_child=-1 5 4 -4 -3 6 -2
right_child=1 2 3 -5 -6 -7 -8
leaf_value=-0.0014180883580827606 0.0026549975484233481 0.0016183107825738716 -0.0014265496968806082 0.0010451306102440953 -0.00080141991116154578 -0.00050999183603900647 0.00018588046646698535
leaf_weight=624.24239870905876 857.39532850682735 976.12807556986809 2060.113488599658 587.36665187776089 538.72876474261284 772.63023924827576 938.10008472204208
leaf_count=2513 3452 3925 8296 2361 2169 3119 3770
internal_value=0 0.000140092 -0.000269794 -0.000859823 0.000734597 0.000815071 0.00140486
internal_weight=7354.71 6730.46 4162.34 2647.48 1514.86 2568.13 1795.5
internal_count=29605 27092 16751 10657 6094 10341 7222
is_linear=0
shrinkage=0.02


Tree=147
num_leaves=10
num_cat=0
split_feature=14 12 18 22 25 0 24 19 23
split_gain=3.56777 6.491 5.21373 4.79942 9.56717 9.49472 7.50985 5.98886 5.02002
threshold=-0.078496202826499925 0.10076382383704187 18.746299743652347 72.500000000000014 13.46383047103882 0.91276377439498912 -30.516249656677243 67.153800964355483 0.75172671675682079
decision_type=2 2 2 2 2 2 2 8 2
left_child=1 -1 -3 4 -2 7 -7 -5 -6
right_child=3 2 -4 5 8 6 -8 -9 -10
leaf_value=0.0026385100453061648 0.00078432193928738836 -0.0012739491146062077 0.0011200837912028743 -0.0023859544485952356 -0.0037487111822876165 0.0030141263101998894 0.00028220623972620082 9.6527134111123038e-05 -0.00078185545196669543
leaf_weight=501.50378988683224 587.06155091524124 641.13649863004684 777.81030337512493 727.46117885410786 500.42071272432804 505.74423453211784 1868.2550456672907 745.02851848304272 500.2018871307373
leaf_count=2021 2364 2577 3124 2929 2023 2036 7517 2995 2019
internal_value=0 0.000739238 9.44722e-06 -0.00025841 -0.00117682 0.000116049 0.000904082 -0.00112376 -0.00235502
internal_weight=7354.62 1920.45 1418.95 5434.17 1587.68 3846.49 2374 1472.49 1000.62
internal_count=29605 7722 5701 21883 6406 15477 9553 5924 4042
is_linear=0
shrinkage=0.02


Tree=148
num_leaves=9
num_cat=0
split_feature=11 10 3 4 15 11 7 0
split_gain=3.58025 5.89585 8.50051 7.92491 6.62295 3.30585 3.36211 5.33928
threshold=0.0091554676182568091 0.0062499840278178462 -0.0073640942573547355 52.017583847045906 1.8836500048637392 0.022921233437955383 0.021443050354719165 1.1852017641067507
decision_type=2 2 2 2 2 2 2 2
left_child=1 2 4 -3 -1 -2 -7 -8
right_child=5 3 -4 -5 -6 6 7 -9
leaf_value=0.0012889527532012107 -0.0016223994815607568 0.0031448972958435309 -0.0016774071605225136 -0.00011417967562875678 -0.0008684617608932301 0.00089401502124197699 -0.0020318041936085111 0.00049634955981769111
leaf_weight=1633.3243056386709 799.44759604334831 590.39821603894234 923.17419058084488 536.22794106602669 826.13520088791847 783.72958275675774 628.17266488075256 633.81993573904037
leaf_count=6570 3225 2369 3711 2157 3319 3162 2538 2554
internal_value=0 0.000353665 -5.60602e-05 0.00159152 0.000547942 -0.00054909 -9.7738e-05 -0.000747696
internal_weight=7354.43 4509.26 3382.63 1126.63 2459.46 2845.17 2045.72 1261.99
internal_count=29605 18126 13600 4526 9889 11479 8254 5092
is_linear=0
shrinkage=0.02


Tree=149
num_leaves=10
num_cat=0
split_feature=14 12 16 13 3 3 5 1 19
split_gain=3.49285 6.15166 5.10418 4.67219 8.69349 7.58986 8.52962 6.81742 3.4535
threshold=-0.078496202826499925 0.10076382383704187 1.4004499912261965 0.013567937072366478 0.060480060055851943 0.0034372059162706141 -0.0070052689407020799 12.57479238510132 65.898452758789077
decision_type=2 2 2 2 2 2 2 2 10
left_child=1 -1 -3 5 8 6 -2 -6 -5
right_child=3 2 -4 4 7 -7 -8 -9 -10
leaf_value=0.0025808237345565101 -0.0011797582611212554 0.00093111387940641597 -0.0015236802507675332 0.00050539638915057491 -0.0024259778276492601 -0.0025364576966529517 0.0011215550142289206 0.00061201077720547279 0.0029562827076464273
leaf_weight=501.44128745794296 1509.4923254996538 913.3401610404253 505.53842028975487 507.96556262671947 498.26658155024052 706.11103478074074 1078.6617733538151 633.02392630279064 500.43981669843197
leaf_count=2021 6072 3668 2033 2046 2009 2851 4343 2550 2012
internal_value=0 0.000731403 1.99458e-05 -0.000255746 0.000458257 -0.000730646 -0.000204943 -0.000716595 0.00179819
internal_weight=7354.28 1920.32 1418.88 5433.96 2139.7 3294.27 2588.15 1131.29 1008.41
internal_count=29605 7722 5701 21883 8617 13266 10415 4559 4058
is_linear=0
shrinkage=0.02


Tree=150
num_leaves=6
num_cat=0
split_feature=22 22 3 9 10
split_gain=3.48569 8.28975 5.28869 10.9897 7.2368
threshold=15.500000000000002 33.500000000000007 -0.046364016830921166 -0.019350172020494934 -0.027658895589411255
decision_type=2 2 2 2 2
left_child=-1 -2 3 -3 -4
right_child=1 2 4 -5 -6
leaf_value=-0.0015503101557509677 0.0025294165305272914 -0.0002256876406102187 -0.0020087075837453275 0.0028604876466166917 -2.5143034611912708e-05
leaf_weight=511.44539213180542 506.07413725554943 1405.2405053377151 933.56786188483238 647.91349357366562 3349.8594383895397
leaf_count=2062 2040 5652 3753 2604 13494
internal_value=0 0.00012494 -7.01068e-05 0.000752215 -0.00047488
internal_weight=7354.1 6842.66 6336.58 2053.15 4283.43
internal_count=29605 27543 25503 8256 17247
is_linear=0
shrinkage=0.02


Tree=151
num_leaves=11
num_cat=0
split_feature=11 10 12 7 19 4 23 8 10 16
split_gain=3.45581 5.62052 8.19791 13.0491 8.5054 7.60727 3.29716 3.9057 8.58553 3.52886
threshold=0.0091554676182568091 0.0062499840278178462 0.22115930169820788 0.022722560912370685 102.4018020629883 52.017583847045906 0.83994388580322277 -0.01862990669906139 0.038879560306668288 1.0233500003814699
decision_type=2 2 2 2 8 2 2 2 2 2
left_child=1 2 3 -1 -4 -3 7 -2 -9 -8
right_child=6 5 4 -5 -6 -7 9 8 -10 -11
leaf_value=-0.00020960257374610892 -0.0022440409815214606 0.0030778285103092232 -0.0025606049222611188 0.0033362978468729353 0.00065149428601273267 -0.00011395789545629853 -0.000760598792386369 0.0014211825254462191 -0.0019381934781731488 0.0015275786081804142
leaf_weight=1537.6039713174105 669.16919919848442 590.45443551242352 797.61616063117981 535.34129039943218 511.8082852512598 536.21976213157177 511.81644757091999 559.8995660841465 603.49145290255547 500.61839929223061
leaf_count=6183 2701 2369 3206 2156 2055 2157 2064 2257 2440 2017
internal_value=0 0.000347352 -5.24771e-05 0.000716222 -0.00128819 0.0015559 -0.000539603 -0.00104602 -0.000294162 0.00034424
internal_weight=7354.04 4509.04 3382.37 2072.95 1309.42 1126.67 2845 1832.56 1163.39 1012.43
internal_count=29605 18126 13600 8339 5261 4526 11479 7398 4697 4081
is_linear=0
shrinkage=0.02


Tree=152
num_leaves=9
num_cat=0
split_feature=20 20 23 22 4 9 0 1
split_gain=3.45996 4.58605 5.93963 6.97495 5.38608 13.8233 5.87291 5.09666
threshold=22.500000000000004 426.50000000000006 0.69831475615501415 723.50000000000011 53.792057037353523 -0.011337817646563051 1.123737692832947 11.804609775543215
decision_type=2 2 2 2 2 2 2 2
left_child=-1 4 7 -4 5 -2 -6 -3
right_child=1 2 3 -5 6 -7 -8 -9
leaf_value=-0.0013921818653380681 -4.0391301741487035e-05 0.001573711527698633 -0.0013939364750044296 0.0010155830732276557 -0.0018311924632021474 0.0036955399839497818 0.0011382987240457878 -0.00078167131007639138
leaf_weight=624.1233885884285 906.45232194662094 976.04609781503677 2059.7195259481668 587.35053667426109 498.95298986136913 653.4732118844986 509.03650736808777 538.62606225907803
leaf_count=2513 3650 3925 8296 2361 2016 2624 2051 2169
internal_value=0 0.000137495 -0.000265796 -0.000841072 0.000801809 0.00153359 -0.000304071 0.000712887
internal_weight=7353.78 6729.66 4161.74 2647.07 2567.92 1559.93 1007.99 1514.67
internal_count=29605 27092 16751 10657 10341 6274 4067 6094
is_linear=0
shrinkage=0.02


Tree=153
num_leaves=7
num_cat=0
split_feature=16 3 15 13 16 0
split_gain=3.44786 5.67437 20.042 5.4388 8.17545 6.85309
threshold=4.8408000469207773 -0.056197285652160638 1.8836500048637392 0.013567937072366478 1.0522000193595888 1.1852017641067507
decision_type=2 2 2 2 2 2
left_child=1 2 -1 4 -3 -5
right_child=-2 3 -4 5 -6 -7
leaf_value=0.0030806641791140616 -0.0011204883261007271 -0.0021309510202658587 -0.0011390110856182114 -0.00026970163490642671 0.00034562132577704282 0.0019030619168599898
leaf_weight=948.44656743109226 927.22677657008171 1090.2933909147978 803.99281860888004 1798.3235547244549 969.22426424920559 816.11873361468315
leaf_count=3815 3750 4392 3232 7237 3899 3280
internal_value=0 0.000169259 0.00113465 -0.000188764 -0.000957122 0.000405655
internal_weight=7353.63 6426.4 1752.44 4673.96 2059.52 2614.44
internal_count=29605 25855 7047 18808 8291 10517
is_linear=0
shrinkage=0.02


Tree=154
num_leaves=10
num_cat=0
split_feature=14 12 18 8 5 14 13 16 1
split_gain=3.42283 5.6354 4.99015 4.55491 8.09239 13.9468 5.91172 5.42239 5.23248
threshold=-0.078496202826499925 0.10076382383704187 18.746299743652347 -0.010204089339822529 0.032169939950108535 0.002146675251424313 0.027863402850925926 3.5671499967575078 10.87545156478882
decision_type=2 2 2 2 2 2 2 2 2
left_child=1 -1 -3 7 5 -5 -6 8 -2
right_child=3 2 -4 4 6 -7 -8 -9 -10
leaf_value=0.0024951719225177918 0.00092284963099235255 -0.0012137105096837572 0.0011272498088350771 -0.0012660629027753648 -0.0025309513445100312 0.0025135789420931433 3.0254044155189835e-05 -0.002702835469029447 -0.0012884761567964387
leaf_weight=501.25908832252026 694.88198804855347 640.98508675396442 777.7228826135397 569.18413934111595 501.23638589680195 1086.6647060364485 1059.3940092325211 518.12384361028671 1003.9546046704054
leaf_count=2021 2790 2577 3124 2290 2026 4368 4270 2093 4046
internal_value=0 0.000723968 4.12642e-05 -0.000253317 0.000218166 0.00119275 -0.000794877 -0.00094892 -0.000362178
internal_weight=7353.41 1919.97 1418.71 5433.44 3216.48 1655.85 1560.63 2216.96 1698.84
internal_count=29605 7722 5701 21883 12954 6658 6296 8929 6836
is_linear=0
shrinkage=0.02


Tree=155
num_leaves=6
num_cat=0
split_feature=22 22 3 8 8
split_gain=3.37559 8.02689 5.17141 14.0476 6.11929
threshold=15.500000000000002 33.500000000000007 0.021908963099122051 0.014214968774467708 0.064655315130949034
decision_type=2 2 2 2 2
left_child=-1 -2 3 -3 -4
right_child=1 2 4 -5 -6
leaf_value=-0.0015263140391037456 0.0024885293174987519 -0.00022854469255941068 -0.0020778294776754407 0.0026635572516673497 3.3921840394874089e-05
leaf_weight=511.33551885187626 506.07313995063305 3377.7448443323374 920.31754250824451 808.90417413413525 1228.7988165616989
leaf_count=2062 2040 13594 3709 3249 4951
internal_value=0 0.000122446 -6.9415e-05 0.000333459 -0.00086632
internal_weight=7353.17 6841.84 6335.77 4186.65 2149.12
internal_count=29605 27543 25503 16843 8660
is_linear=0
shrinkage=0.02


Tree=156
num_leaves=9
num_cat=0
split_feature=14 21 24 22 25 22 5 23
split_gain=3.35261 4.92797 6.62612 4.59107 9.21436 7.30752 6.76958 4.77713
threshold=-0.078496202826499925 47.274999618530281 2.7594000101089482 72.500000000000014 13.46383047103882 141.50000000000003 -0.005150838987901806 0.75172671675682079
decision_type=2 2 2 2 2 2 2 2
left_child=1 2 -1 4 -2 -5 -7 -6
right_child=3 -3 -4 5 7 6 -8 -9
leaf_value=0.0012830160373424099 0.00077445466701049962 0.0021455101429796583 -0.0015347639374501158 0.0016944716873656947 -0.0036668737398984569 -0.0016454883673179099 0.00033246190913693049 -0.00076852907235678018
leaf_weight=712.82698437571526 586.99483308196068 620.8810895383358 586.17210249602795 882.53733061254025 500.17291408777237 1033.3653814047575 1930.0626747906208 500.11288684606552
leaf_count=2868 2364 2496 2358 3551 2023 4155 7771 2019
internal_value=0 0.000716387 0 -0.000250845 -0.00114931 0.000115218 -0.000352543 -0.00230611
internal_weight=7353.13 1919.88 1299 5433.25 1587.28 3845.97 2963.43 1000.29
internal_count=29605 7722 5226 21883 6406 15477 11926 4042
is_linear=0
shrinkage=0.02


Tree=157
num_leaves=9
num_cat=0
split_feature=20 20 23 23 4 9 0 1
split_gain=3.36843 4.45649 5.73535 5.72858 5.24273 13.1825 5.60448 4.88436
threshold=22.500000000000004 426.50000000000006 0.69831475615501415 0.74831923842430126 53.792057037353523 -0.011337817646563051 1.123737692832947 11.804609775543215
decision_type=2 2 2 2 2 2 2 2
left_child=-1 4 7 -4 5 -2 -6 -3
right_child=1 2 3 -5 6 -7 -8 -9
leaf_value=-0.0013740842513898432 -2.4222680901808728e-05 0.001542286484145792 -0.0025128814118896754 -0.00029148122250074619 -0.00179301702731086 0.0036232551445035221 0.0011074472882365825 -0.00076294566000709347
leaf_weight=624.04474347829819 906.31183286011219 975.9809163659811 600.64959979057312 2046.1093035191298 498.83472982048988 653.49183827638626 509.06691384315491 538.5459051579237
leaf_count=2513 3650 3925 2422 8235 2016 2624 2051 2169
internal_value=0 0.000135322 -0.000262163 -0.000827595 0.000790263 0.00151233 -0.000300448 0.00069935
internal_weight=7353.04 6728.99 4161.29 2646.76 2567.71 1559.8 1007.9 1514.53
internal_count=29605 27092 16751 10657 10341 6274 4067 6094
is_linear=0
shrinkage=0.02


Tree=158
num_leaves=7
num_cat=0
split_feature=3 13 1 19 13 0
split_gain=3.3522 4.3148 7.13828 8.2022 6.54222 6.88442
threshold=-0.12338239327073096 0.013567937072366478 12.905858993530275 270.22680664062506 0.049814485013484962 1.1852017641067507
decision_type=2 2 2 8 2 2
left_child=-1 2 3 -2 -3 -6
right_child=1 4 -4 -5 5 -7
leaf_value=0.0013926909321634346 0.00029082843274986906 0.0022569547988643482 -0.0024635664380651652 -0.0024006829481263148 -0.00075839603032419774 0.0015308991415325039
leaf_weight=610.45772461593151 2581.0878624916077 598.44603551924229 643.26710024476051 521.71790339052677 1659.1989025175571 738.73011370003223
leaf_count=2457 10388 2407 2599 2100 6684 2970
internal_value=0 -0.000127593 -0.00058264 -0.000164863 0.000429133 -2.96093e-05
internal_weight=7352.91 6742.45 3746.07 3102.81 2996.38 2397.93
internal_count=29605 27148 15087 12488 12061 9654
is_linear=0
shrinkage=0.02


Tree=159
num_leaves=6
num_cat=0
split_feature=4 9 8 14 24
split_gain=3.29093 3.28082 8.42748 5.13357 4.91514
threshold=22.377584457397464 -0.062075804919004433 -0.074505288153886781 0.053633948788046844 13.620649814605715
decision_type=2 2 2 2 2
left_child=-1 4 -3 -4 -2
right_child=1 2 3 -5 -6
leaf_value=0.0014950396794900591 0.00014840086377971041 0.002348897584718547 -0.00070822778648672597 0.00055684894666228977 -0.002489397198973065
leaf_weight=523.32604694366455 538.19083605706692 560.19722285866737 3075.145472317934 2142.0854919850826 513.84375348687172
leaf_count=2106 2168 2254 12376 8633 2068
internal_value=0 -0.000116405 6.61299e-05 -0.000181563 -0.00113236
internal_weight=7352.79 6829.46 5777.43 5217.23 1052.03
internal_count=29605 27499 23263 21009 4236
is_linear=0
shrinkage=0.02


Tree=160
num_leaves=7
num_cat=0
split_feature=5 8 14 0 8 14
split_gain=3.33725 8.11488 12.9894 6.86169 7.97296 4.84495
threshold=0.033739535138010986 0.010062300134450199 0.002146675251424313 0.67219731211662304 -0.12504230439662931 0.14044640213251117
decision_type=2 2 2 2 2 2
left_child=1 3 -3 -1 -5 -2
right_child=5 2 -4 4 -6 -7
leaf_value=0.0015027577544952119 -0.0019501639048175516 -0.0004297379573089298 0.0031384817548931014 0.001603234313697306 -0.0010233106351030666 0.00018022633375994486
leaf_weight=720.52719248831272 748.09817643463612 742.71567089855671 828.0674507021904 517.20411665737629 2911.7712214291096 884.28093469142914
leaf_count=2897 3020 2985 3327 2082 11727 3567
internal_value=0 0.000231072 0.00144703 -0.000226027 -0.000607982 -0.000787856
internal_weight=7352.66 5720.29 1570.78 4149.5 3428.98 1632.38
internal_count=29605 23018 6312 16706 13809 6587
is_linear=0
shrinkage=0.02


Tree=161
num_leaves=8
num_cat=0
split_feature=11 9 5 14 11 7 0
split_gain=3.24504 5.2045 6.70647 8.5449 3.21262 3.2284 4.81543
threshold=0.0091554676182568091 -0.08218067884445189 -0.059406934306025498 0.02619990706443787 0.022921233437955383 0.021443050354719165 1.1852017641067507
decision_type=2 2 2 2 2 2 2
left_child=1 -1 -3 -4 -2 -6 -7
right_child=4 2 3 -5 5 6 -8
leaf_value=-0.0012031884837974849 -0.0015808685554335054 0.002723811262475913 -0.00036729774717823242 0.0018316947975887034 0.0008933771643588322 -0.001936558837376527 0.0004628436864096515
leaf_weight=700.54364794492722 799.18014399707317 509.82136841118336 2317.5033833533525 980.18873602151871 783.61537066102028 627.79566670954227 633.82533177733421
leaf_count=2816 3225 2054 9318 3938 3162 2538 2554
internal_value=0 0.000336422 0.000635157 0.000283686 -0.000523151 -7.83365e-05 -0.000716168
internal_weight=7352.47 4508.06 3807.51 3297.69 2844.42 2045.24 1261.62
internal_count=29605 18126 15310 13256 11479 8254 5092
is_linear=0
shrinkage=0.02


Tree=162
num_leaves=6
num_cat=0
split_feature=22 22 3 8 23
split_gain=3.23142 7.8673 5.02352 13.1132 6.05897
threshold=15.500000000000002 33.500000000000007 0.021908963099122051 0.014214968774467708 0.74831923842430126
decision_type=2 2 2 2 2
left_child=-1 -2 3 -3 -4
right_child=1 2 4 -5 -6
leaf_value=-0.0014934220002355183 0.0024625260458475649 -0.0002157453570258811 -0.0026187630499838544 0.0025781258408718926 -0.00019255153603789149
leaf_weight=511.20309314131737 506.02980902791023 3377.1591810882092 552.45549733936787 809.01182642579079 1596.4394470900297
leaf_count=2062 2040 13594 2231 3249 6429
internal_value=0 0.000119932 -6.99664e-05 0.000327033 -0.000855474
internal_weight=7352.3 6841.1 6335.07 4186.17 2148.89
internal_count=29605 27543 25503 16843 8660
is_linear=0
shrinkage=0.02


Tree=163
num_leaves=10
num_cat=0
split_feature=14 12 21 22 25 0 21 19 23
split_gain=3.24893 5.22004 4.85987 4.3949 8.80492 8.78378 6.0323 5.62345 4.5527
threshold=-0.078496202826499925 0.10076382383704187 33.300001144409187 72.500000000000014 13.46383047103882 0.91276377439498912 -30.244999885559078 67.153800964355483 0.75172671675682079
decision_type=2 2 2 2 2 2 2 8 2
left_child=1 -1 -3 4 -2 7 -7 -5 -6
right_child=3 2 -4 5 8 6 -8 -9 -10
leaf_value=0.0024105090701615614 0.00075318189507053669 -0.00085156502825563425 0.0015042858138111504 -0.002305146519721048 -0.0035869821911523408 0.0025826664857748682 0.00025245767283990341 9.9552941984610863e-05 -0.00075380935306416691
leaf_weight=501.05680780112743 586.99252884089947 867.97906887531281 550.5263209939003 727.10043899714947 499.93948109447956 591.98502469062805 1781.7704930901527 744.84580706059933 500.04197056591511
leaf_count=2021 2364 3489 2212 2929 2023 2383 7170 2995 2019
internal_value=0 0.000705144 4.68725e-05 -0.000247087 -0.00112626 0.000110873 0.000869147 -0.00108148 -0.0022575
internal_weight=7352.24 1919.56 1418.51 5432.68 1586.97 3845.7 2373.76 1471.95 999.981
internal_count=29605 7722 5701 21883 6406 15477 9553 5924 4042
is_linear=0
shrinkage=0.02


Tree=164
num_leaves=8
num_cat=0
split_feature=5 8 3 8 0 3 14
split_gain=3.24577 7.64355 12.4843 10.3234 6.65555 7.65614 4.63466
threshold=0.033739535138010986 0.010062300134450199 0.0026369343977421526 0.053601553663611419 0.67219731211662304 -0.077835801988840089 0.14044640213251117
decision_type=2 2 2 2 2 2 2
left_child=1 4 -3 -4 -1 -6 -2
right_child=6 2 3 -5 5 -7 -8
leaf_value=0.0014871410389759559 -0.0019137385751671133 0.0039203423603865932 -0.0017416592836200263 0.0021059049278198696 0.00068399723054188971 -0.0012772906101851367 0.00016915256297886719
leaf_weight=720.49623711407185 747.94250093400478 505.58007535338402 541.28145679831505 523.98316459357738 1179.399899572134 2249.0607732087374 884.28999917209148
leaf_count=2897 3020 2028 2178 2106 4747 9062 3567
internal_value=0 0.000228069 0.00140817 0.000121539 -0.000215384 -0.000591791 -0.000776836
internal_weight=7352.03 5719.8 1570.84 1065.26 4148.96 3428.46 1632.23
internal_count=29605 23018 6312 4284 16706 13809 6587
is_linear=0
shrinkage=0.02


Tree=165
num_leaves=9
num_cat=0
split_feature=20 20 23 22 4 9 0 14
split_gain=3.23572 4.33245 5.38454 6.60136 5.01396 12.6057 5.19472 4.85153
threshold=22.500000000000004 426.50000000000006 0.69831475615501415 723.50000000000011 53.792057037353523 -0.011337817646563051 1.123737692832947 -0.0092128440737724287
decision_type=2 2 2 2 2 2 2 2
left_child=-1 4 7 -4 5 -2 -6 -3
right_child=1 2 3 -5 6 -7 -8 -9
leaf_value=-0.0013464617225968805 -1.6944021047667389e-05 -0.00046804418900517683 -0.0013451742977708459 0.00099856705268484554 -0.0017256657585273214 0.0035491640413082681 0.0010664747106818482 0.0017404412376020302
leaf_weight=623.89727306365967 906.08690400421619 722.02136440575123 2059.0276622921228 587.26879058778286 498.6241624802351 653.48079565167427 509.10962082445621 792.2850047647953
leaf_count=2513 3650 2905 8296 2361 2016 2624 2051 3189
internal_value=0 0.000133064 -0.00025879 -0.000806843 0.000778932 0.00148511 -0.000287139 0.00067247
internal_weight=7351.8 6727.9 4160.6 2646.3 2567.3 1559.57 1007.73 1514.31
internal_count=29605 27092 16751 10657 10341 6274 4067 6094
is_linear=0
shrinkage=0.02


Tree=166
num_leaves=6
num_cat=0
split_feature=16 3 15 19 24
split_gain=3.19286 5.24659 19.3082 3.88032 5.73356
threshold=4.8408000469207773 -0.056197285652160638 1.8836500048637392 -554.72512817382801 5.618999958038331
decision_type=2 2 2 10 2
left_child=1 2 -1 -3 -5
right_child=-2 3 -4 4 -6
leaf_value=0.003002588867598991 -0.0010783642855604477 -0.0017007801905843361 -0.0011394955633484125 0.00087956472279993438 -0.00061733787114445933
leaf_weight=948.08855676651001 926.82116848230362 564.61880357563496 803.76105104386806 1791.0417184382677 2317.3633071780205
leaf_count=3815 3750 2277 3232 7203 9328
internal_value=0 0.000163019 0.00109159 -0.000181 2.75745e-05
internal_weight=7351.69 6424.87 1751.85 4673.02 4108.41
internal_count=29605 25855 7047 18808 16531
is_linear=0
shrinkage=0.02


Tree=167
num_leaves=7
num_cat=0
split_feature=20 25 20 7 19 10
split_gain=3.08937 4.23889 6.66469 6.037 8.09087 3.83869
threshold=22.500000000000004 13.285229206085207 1313.5000000000002 0.027445984072983268 67.153800964355483 0.0019029494724236431
decision_type=2 2 2 2 10 2
left_child=-1 2 -2 4 -3 -5
right_child=1 3 -4 5 -6 -7
leaf_value=-0.0013159775066426014 0.0021363884863048297 -0.0015796962337210401 -0.00040422950768241426 -0.00019588412541090145 0.00032756972113931227 0.0016835084189424452
leaf_weight=623.83528710901737 906.91543127596378 1743.925591468811 693.20510701835155 740.9518459290266 1725.9433980435133 916.70611089468002
leaf_count=2513 3645 7035 2788 2980 6949 3695
internal_value=0 0.000129775 0.00102322 -0.000145313 -0.000624665 0.000830602
internal_weight=7351.48 6727.65 1600.12 5127.53 3469.87 1657.66
internal_count=29605 27092 6433 20659 13984 6675
is_linear=0
shrinkage=0.02


Tree=168
num_leaves=8
num_cat=0
split_feature=5 8 14 9 8 13 14
split_gain=3.14321 7.32311 12.1665 6.50838 7.66095 4.64155 4.317
threshold=0.033739535138010986 0.010062300134450199 0.002146675251424313 0.013720268383622171 -0.10336804762482642 0.027863402850925926 0.13378831744194034
decision_type=2 2 2 2 2 2 2
left_child=1 3 -3 4 -1 -2 -7
right_child=5 2 -4 -5 -6 6 -8
leaf_value=0.00092474725480272467 -0.0022730724628841599 -0.00043536066652428469 0.0030168187886261493 0.001735943680685763 -0.0011089059858596371 -0.0013104497480032448 0.0011356021860360983
leaf_weight=993.86838960647583 522.62222255766392 742.63212613761425 828.19108186662197 560.07769481837749 2594.5828191190958 522.97733408212662 586.48827670514584
leaf_count=3998 2114 2985 3327 2253 10455 2111 2362
internal_value=0 0.000224407 0.00137954 -0.000209523 -0.00053298 -0.000764538 0
internal_weight=7351.44 5719.35 1570.82 4148.53 3588.45 1632.09 1109.47
internal_count=29605 23018 6312 16706 14453 6587 4473
is_linear=0
shrinkage=0.02


Tree=169
num_leaves=6
num_cat=0
split_feature=15 3 15 15 19
split_gain=3.12474 3.89965 11.9511 6.70392 6.63403
threshold=4.4807000160217294 -0.08726960793137549 1.7080000042915346 2.8113000392913823 404.87390136718756
decision_type=2 2 2 2 8
left_child=1 2 -1 4 -3
right_child=-2 3 -4 -5 -6
leaf_value=0.0030664161997902128 -0.0013587775983799914 -9.2350588888092893e-05 -0.00098735268804047327 0.0015863688549150503 -0.0024139522505116011
leaf_weight=602.80158925056458 593.53969526290894 4315.452252805233 507.30165067315102 793.7398394048214 538.39959523081779
leaf_count=2430 2393 17374 2039 3200 2169
internal_value=0 0.000127136 0.00119955 -8.13136e-05 -0.000368114
internal_weight=7351.23 6757.69 1110.1 5647.59 4853.85
internal_count=29605 27212 4469 22743 19543
is_linear=0
shrinkage=0.02


Tree=170
num_leaves=10
num_cat=0
split_feature=14 12 16 22 0 25 24 5 23
split_gain=3.09292 4.8933 4.7942 4.07972 8.49275 8.46629 7.16209 5.60836 4.39187
threshold=-0.078496202826499925 0.10076382383704187 1.4004499912261965 72.500000000000014 0.91276377439498912 13.46383047103882 -30.516249656677243 -0.005150838987901806 0.75172671675682079
decision_type=2 2 2 2 2 2 2 2 2
left_child=1 -1 -3 5 7 -2 -6 -5 -7
right_child=3 2 -4 4 6 8 -8 -9 -10
leaf_value=0.0023396723411725573 0.00075351014678170603 0.00093259201270921984 -0.0014455736084394136 -0.0021634947777224153 0.0029088603694328629 -0.0035042833754482762 0.00024197416210468796 0.00025001884693212607 -0.0007214437631145608
leaf_weight=500.86593402922153 586.93147133290768 913.07220807671547 505.28416056931019 811.28014548122883 505.74776504933834 499.67516812682152 1867.9094664007425 660.40041401982307 499.92642496526241
leaf_count=2021 2364 3668 2033 3263 2036 2023 7517 2661 2019
internal_value=0 0.000687971 4.96732e-05 -0.000241196 0.000103357 -0.0010884 0.000849169 -0.00106906 -0.00219844
internal_weight=7351.09 1919.22 1418.36 5431.87 3845.34 1586.53 2373.66 1471.68 999.602
internal_count=29605 7722 5701 21883 15477 6406 9553 5924 4042
is_linear=0
shrinkage=0.02


Tree=171
num_leaves=9
num_cat=0
split_feature=5 8 3 8 9 8 13 14
split_gain=3.06895 7.04103 11.9257 9.8891 6.24525 7.24103 4.46977 4.14737
threshold=0.033739535138010986 0.010062300134450199 0.0026369343977421526 0.053601553663611419 0.013720268383622171 -0.087758522480726228 0.027863402850925926 0.13378831744194034
decision_type=2 2 2 2 2 2 2 2
left_child=1 4 -3 -4 5 -1 -2 -8
right_child=6 2 3 -5 -6 -7 7 -9
leaf_value=0.00064887896656777187 -0.0022362219920754219 0.0038090921745182588 -0.0017262268306012807 0.0020401494657168126 0.0017017063641810257 -0.0011971102560537788 -0.001289560799807834 0.0011077716583784585
leaf_weight=1294.7974323779345 522.51226003468037 505.63506500422955 541.21973332762718 524.03906743228436 560.08626079559326 2293.159534484148 522.92243437469006 586.54545818269253
leaf_count=5209 2114 2028 2178 2106 2253 9244 2111 2362
internal_value=0 0.000221672 0.00135432 9.6669e-05 -0.000203717 -0.000520786 -0.000755554 0
internal_weight=7350.92 5718.94 1570.89 1065.26 4148.04 3587.96 1631.98 1109.47
internal_count=29605 23018 6312 4284 16706 14453 6587 4473
is_linear=0
shrinkage=0.02


Tree=172
num_leaves=7
num_cat=0
split_feature=16 8 9 16 13 10
split_gain=3.04191 5.73772 15.9827 4.17341 6.43501 5.32952
threshold=4.8408000469207773 -0.085167989134788499 -0.08218067884445189 1.0299000144004824 0.012095429934561254 -0.038016146048903458
decision_type=2 2 2 2 2 2
left_child=1 2 -1 4 -3 -5
right_child=-2 3 -4 5 -6 -7
leaf_value=-0.00095869213555438914 -0.0010529547641258078 -0.0016185106092916118 0.0035599011641982777 -0.0013351933628186804 0.0003196896070003783 0.00090027733825490922
leaf_weight=570.57111603021622 926.57439196109772 1382.3129465281963 625.03014412522316 502.70011316239834 1272.6710084527731 2070.8016194701195
leaf_count=2292 3750 5570 2518 2020 5123 8332
internal_value=0 0.000158881 0.00139673 -0.000122219 -0.000681057 0.000440998
internal_weight=7350.66 6424.09 1195.6 5228.49 2654.98 2573.5
internal_count=29605 25855 4810 21045 10693 10352
is_linear=0
shrinkage=0.02


Tree=173
num_leaves=9
num_cat=0
split_feature=11 10 3 4 15 11 22 22
split_gain=3.0344 5.09968 7.49907 7.23964 5.86759 3.08626 3.00261 5.37346
threshold=0.0091554676182568091 0.0062499840278178462 -0.0073640942573547355 50.782840728759773 1.8836500048637392 0.022921233437955383 74.500000000000014 202.50000000000003
decision_type=2 2 2 2 2 2 2 2
left_child=1 2 4 -3 -1 -2 -7 -8
right_child=5 3 -4 -5 -6 6 7 -9
leaf_value=0.0012099765016108741 -0.001542834870398597 0.00313654906100784 -0.0015790578687992199 0 -0.00082041734562321423 -0.0012370299274566217 0.0020363458924305515 -0.00046008407906358026
leaf_weight=1632.0003102570772 798.88945081830025 525.29000319540501 922.65080161392689 601.16062086820602 825.66668096184731 607.01166820526123 504.58889788389206 933.21410766243935
leaf_count=6570 3225 2108 3711 2418 3319 2458 2033 3763
internal_value=0 0.000325228 -5.52987e-05 0.00147665 0.000511563 -0.000506092 -6.98764e-05 0.000409747
internal_weight=7350.47 4506.77 3380.32 1126.45 2457.67 2843.7 2044.81 1437.8
internal_count=29605 18126 13600 4526 9889 11479 8254 5796
is_linear=0
shrinkage=0.02


Tree=174
num_leaves=6
num_cat=0
split_feature=22 22 3 8 23
split_gain=2.99601 7.90023 4.78166 11.933 5.74961
threshold=15.500000000000002 33.500000000000007 0.021908963099122051 0.014214968774467708 0.74831923842430126
decision_type=2 2 2 2 2
left_child=-1 -2 3 -3 -4
right_child=1 2 4 -5 -6
leaf_value=-0.0014387532589532851 0.0024631029395498286 -0.0002054985934486541 -0.0025601101714437025 0.0024594481341899395 -0.00019503835850126472
leaf_weight=510.95014590024948 505.86140666902065 3375.9805901795626 552.2328304797411 809.02623175084591 1596.2530675381422
leaf_count=2062 2040 13594 2231 3249 6429
internal_value=0 0.000115088 -7.52291e-05 0.00031198 -0.000841646
internal_weight=7350.3 6839.35 6333.49 4185.01 2148.49
internal_count=29605 27543 25503 16843 8660
is_linear=0
shrinkage=0.02


Tree=175
num_leaves=10
num_cat=0
split_feature=14 21 24 13 3 0 3 8 19
split_gain=2.99723 4.71848 6.40178 4.31431 8.55609 8.63367 6.7905 24.8157 3.13108
threshold=-0.078496202826499925 47.274999618530281 2.7594000101089482 0.013567937072366478 0.060480060055851943 1.2627270221710207 0.0026369343977421526 0.013135367538779976 65.898452758789077
decision_type=2 2 2 2 2 2 2 2 10
left_child=1 2 -1 6 8 -6 7 -2 -5
right_child=3 -3 -4 4 5 -7 -8 -9 -10
leaf_value=0.001237863524554938 -0.0011758349238977096 0.002075748493871933 -0.0015323769387100927 0.00053684730671247651 -0.0023099959686902179 0.0011022811056046835 -0.0023783344392268382 0.0036850690739705424 0.0028837407069467452
leaf_weight=712.45986315608025 2069.0214686542749 620.6580415815115 585.8191252052784 507.7284013479948 610.54563012719154 520.44344402849674 722.54347787797451 500.62141765654087 500.39458318054676
leaf_count=2868 8336 2496 2358 2046 2466 2093 2920 2010 2012
internal_value=0 0.00067701 0 -0.000237737 0.000448072 -0.00071741 -0.000694549 -0.000189114 0.00177778
internal_weight=7350.24 1918.94 1298.28 5431.3 2139.11 1130.99 3292.19 2569.64 1008.12
internal_count=29605 7722 5226 21883 8617 4559 13266 10346 4058
is_linear=0
shrinkage=0.02


Tree=176
num_leaves=9
num_cat=0
split_feature=20 20 4 9 1 13 11 18
split_gain=3.00244 4.11435 4.78754 11.8548 4.61026 4.71783 4.0597 3.3085
threshold=22.500000000000004 426.50000000000006 53.792057037353523 -0.011337817646563051 10.964646339416506 -0.027272722683846947 0.038978686556220062 33.965999603271491
decision_type=2 2 2 2 2 2 2 2
left_child=-1 2 3 -2 5 -3 -4 -6
right_child=1 4 6 -5 7 -7 -8 -9
leaf_value=-0.0012977070189273668 -8.297716008207511e-06 -0.00028843059753500672 -0.0015448753696424519 0.0034490526082087609 -0.0012003015772698764 0.0019542929026639742 0.00092031565526686822 0.00029636827714511836
leaf_weight=623.69138413667679 905.78984670341015 861.67946469783783 503.86441293358803 653.44327765703201 1904.0350134521723 604.75523741543293 503.6807137876749 789.09662641584873
leaf_count=2513 3650 3466 2034 2624 7671 2432 2033 3182
internal_value=0 0.000127723 0.000757306 0.00144758 -0.000254032 0.000628196 -0.000283821 -0.000749377
internal_weight=7350.04 6726.34 2566.78 1559.23 4159.57 1466.43 1007.55 2693.13
internal_count=29605 27092 10341 6274 16751 5898 4067 10853
is_linear=0
shrinkage=0.02


Tree=177
num_leaves=7
num_cat=0
split_feature=15 7 23 19 10 0
split_gain=3.02386 3.83695 5.47697 4.60438 5.22524 3.63076
threshold=4.4807000160217294 0.026575307361781601 0.70961868762969982 248.08325195312503 0.043314198032021529 0.96602970361709606
decision_type=2 2 2 8 2 2
left_child=1 3 -3 4 -1 -4
right_child=-2 2 5 -5 -6 -7
leaf_value=0.00043154471668875415 -0.0013369609344241649 0.0021704054802115405 -0.0009476988903445075 -0.0015368783344648865 -0.0015412282269428252 0.0010578147213841482
leaf_weight=3178.3437435925007 593.41410657763481 751.70044122636318 686.22112409770489 815.53884418308735 618.59615054726601 706.15420179069042
leaf_count=12801 2393 3027 2762 3284 2496 2842
internal_value=0 0.000124922 0.000822378 -0.000193869 9.27475e-05 4.39114e-05
internal_weight=7349.97 6756.55 2144.08 4612.48 3796.94 1392.38
internal_count=29605 27212 8631 18581 15297 5604
is_linear=0
shrinkage=0.02


Tree=178
num_leaves=7
num_cat=0
split_feature=16 8 12 16 13 19
split_gain=2.97232 5.50132 12.8093 4.0523 6.1412 5.28829
threshold=4.8408000469207773 -0.085167989134788499 0.22115930169820788 1.0299000144004824 0.012095429934561254 122.51515197753908
decision_type=2 2 2 2 2 8
left_child=1 2 -1 4 -3 -5
right_child=-2 3 -4 5 -6 -7
leaf_value=0.0031699210342780028 -0.0010414260755818511 -0.0015853690980561653 -0.00089433653509189877 -0.0002293070074881817 0.00030766594924813522 0.0016246964088054039
leaf_weight=669.41799440979958 926.44742999970913 1382.0075059831142 526.0400455892086 1641.9022170305252 1272.6217832714319 931.43281719088554
leaf_count=2698 3750 5570 2112 6608 5123 3744
internal_value=0 0.000156556 0.00136874 -0.000118567 -0.000669393 0.000436312
internal_weight=7349.87 6423.42 1195.46 5227.96 2654.63 2573.34
internal_count=29605 25855 4810 21045 10693 10352
is_linear=0
shrinkage=0.02


Tree=179
num_leaves=7
num_cat=0
split_feature=20 25 20 7 19 10
split_gain=2.9018 3.94263 6.31803 5.53113 7.56179 3.71926
threshold=22.500000000000004 13.285229206085207 1313.5000000000002 0.027445984072983268 87.567699432373061 0.0019029494724236431
decision_type=2 2 2 2 10 2
left_child=-1 2 -2 4 -3 -5
right_child=1 3 -4 5 -6 -7
leaf_value=-0.0012761532546309684 0.0020713014228006432 -0.0014088537514987841 -0.00040174319070480257 -0.00021595955012023064 0.00045236017230144455 0.0016340059036443889
leaf_weight=623.61579346656799 906.80510595440865 1974.7912015318871 693.02082777023315 740.76519277691841 1493.9252581000328 916.7014289945364
leaf_count=2513 3645 7968 2788 2980 6016 3695
internal_value=0 0.000125267 0.000987092 -0.000139851 -0.00059904 0.000793887
internal_weight=7349.62 6726.01 1599.83 5126.18 3468.72 1657.47
internal_count=29605 27092 6433 20659 13984 6675
is_linear=0
shrinkage=0.02


Tree=180
num_leaves=6
num_cat=0
split_feature=15 3 15 15 8
split_gain=2.92238 3.57727 11.3405 6.49165 4.58291
threshold=4.4807000160217294 -0.08726960793137549 1.7080000042915346 2.8113000392913823 1.0000000180025095e-35
decision_type=2 2 2 2 2
left_child=1 2 -1 4 -3
right_child=-2 3 -4 -5 -6
leaf_value=0.0029697949846578388 -0.0013147920894248011 -0.0010070196421180923 -0.00097892050466273747 0.0015640778437725101 0.00021003847107275045
leaf_weight=602.49088509380817 593.35575269162655 2292.2064661383629 507.1715089827776 793.67293368279934 2560.6786212772131
leaf_count=2430 2393 9234 2039 3200 10309
internal_value=0 0.000122426 0.00114984 -7.69621e-05 -0.000359351
internal_weight=7349.58 6756.22 1109.66 5646.56 4852.89
internal_count=29605 27212 4469 22743 19543
is_linear=0
shrinkage=0.02


Tree=181
num_leaves=7
num_cat=0
split_feature=5 0 1 8 13 0
split_gain=2.95548 6.59978 5.17173 5.9319 4.14657 3.96494
threshold=0.033739535138010986 1.2018269896507265 12.842210292816164 0.041188886389136321 0.027863402850925926 1.2877599596977236
decision_type=2 2 2 2 2 2
left_child=1 2 3 -1 -2 -6
right_child=4 -3 -4 -5 5 -7
leaf_value=-1.7666300772065463e-05 -0.0021688892619203455 0.0019610626084509732 -0.0013429731623406601 0.0022361159871416045 -0.0011734163047693513 0.0011674529948899131
leaf_weight=3514.1528059244156 522.25449687242508 730.8033205717802 963.53320555388927 509.27126288414001 571.81422589719296 537.60782095789909
leaf_count=14146 2114 2941 3884 2047 2311 2162
internal_value=0 0.000217183 -3.91576e-05 0.000270044 -0.000741903 -5.63412e-06
internal_weight=7349.44 5717.76 4986.96 4023.42 1631.68 1109.42
internal_count=29605 23018 20077 16193 6587 4473
is_linear=0
shrinkage=0.02


Tree=182
num_leaves=6
num_cat=0
split_feature=22 22 3 8 23
split_gain=2.90574 7.59676 4.66224 11.1058 5.44185
threshold=15.500000000000002 33.500000000000007 0.021908963099122051 0.014214968774467708 0.74831923842430126
decision_type=2 2 2 2 2
left_child=-1 -2 3 -3 -4
right_child=1 2 4 -5 -6
leaf_value=-0.0014173328849737918 0.002415576081512077 -0.00019014683334846096 -0.0025030973537185099 0.0023804044972533371 -0.00020038516186687534
leaf_weight=510.84585805237293 505.85951469838619 3375.386340841651 552.02560698986053 809.05838744342327 1596.1409546434879
leaf_count=2062 2040 13594 2231 3249 6429
internal_value=0 0.000113074 -7.34666e-05 0.000308822 -0.000830383
internal_weight=7349.32 6838.47 6332.61 4184.44 2148.17
internal_count=29605 27543 25503 16843 8660
is_linear=0
shrinkage=0.02


Tree=183
num_leaves=8
num_cat=0
split_feature=0 0 22 22 4 26 19
split_gain=2.92054 5.10725 6.38651 8.57458 5.3654 4.99779 7.68115
threshold=0.67599794268608104 0.9041399657726289 75.500000000000014 141.50000000000003 54.887197494506843 1.5000000000000002 122.51515197753908
decision_type=2 2 2 2 2 10 8
left_child=-1 5 4 -4 -3 6 -2
right_child=1 2 3 -5 -6 -7 -8
leaf_value=0.00099970745454204687 -0.0023678337718552158 0.00030319200134302501 0.0028782001539953378 0.0001944090262400282 -0.0022416399404328038 0.00078015301198955736 0.00026976428060772258
leaf_weight=989.13649339973927 1154.5164696127176 657.30187819898129 599.74909351766109 2185.8248061835766 593.98767264187336 507.09674453735352 661.62777242064476
leaf_count=3978 4653 2648 2414 8801 2404 2044 2663
internal_value=0 -0.00015612 0.000266767 0.000805155 -0.000895256 -0.000901936 -0.00139583
internal_weight=7349.24 6360.1 4036.86 2785.57 1251.29 2323.24 1816.14
internal_count=29605 25627 16267 11215 5052 9360 7316
is_linear=0
shrinkage=0.02


Tree=184
num_leaves=7
num_cat=0
split_feature=4 13 10 3 3 8
split_gain=2.86613 3.11808 8.01775 9.51104 6.34018 16.3577
threshold=22.377584457397464 0.013567937072366478 -0.04346684738993644 0.052055817097425468 0.0069015421904623517 0.010062300134450199
decision_type=2 2 2 2 2 2
left_child=-1 4 -3 -4 5 -2
right_child=1 2 3 -5 -6 -7
leaf_value=0.0013958355576913267 -0.00081233230889405489 -0.0018526926937554426 0.0023101204251604981 -0.00017646088388534274 -0.0021731352107537106 0.0027398403617834065
leaf_weight=522.85839246213436 2547.6609990596771 501.70759010314941 1020.4031859785318 1430.0291581302881 701.83371269702911 624.63290779292583
leaf_count=2106 10266 2016 4107 5764 2838 2508
internal_value=0 -0.000108635 0.000372272 0.0008564 -0.000484646 -8.59284e-05
internal_weight=7349.13 6826.27 2952.14 2450.43 3874.13 3172.29
internal_count=29605 27499 11887 9871 15612 12774
is_linear=0
shrinkage=0.02


Tree=185
num_leaves=8
num_cat=0
split_feature=14 21 24 22 3 8 0
split_gain=2.90494 4.51776 6.17799 3.92558 5.20453 9.31999 8.83256
threshold=-0.078496202826499925 47.274999618530281 2.7594000101089482 1077.5000000000002 0.052055817097425468 0.014214968774467708 1.1965138316154482
decision_type=2 2 2 2 2 2 2
left_child=1 2 -1 4 5 -2 -6
right_child=3 -3 -4 -5 6 -7 -8
leaf_value=0.0012201904372559727 -0.00074799390380169794 0.0020352890145780718 -0.0015015422172897266 0.0012139701388680392 -0.003297196615619967 0.0014102579078290969 5.3309197784539296e-05
leaf_weight=712.34952460229397 2459.1935769915581 620.59244473278522 585.68525843322277 624.26977606117725 575.62884129583836 1155.2282977253199 616.06347534060478
leaf_count=2868 9910 2496 2358 2516 2328 4649 2480
internal_value=0 0.000666636 0 -0.000233989 -0.000434859 -4.32186e-05 -0.00156782
internal_weight=7349.01 1918.63 1298.03 5430.38 4806.11 3614.42 1191.69
internal_count=29605 7722 5226 21883 19367 14559 4808
is_linear=0
shrinkage=0.02


Tree=186
num_leaves=7
num_cat=0
split_feature=16 8 9 16 21 16
split_gain=2.84176 5.32295 15.0532 3.93016 6.71415 5.07441
threshold=4.8408000469207773 -0.085167989134788499 -0.08218067884445189 1.0299000144004824 84.049999237060561 1.6635000109672549
decision_type=2 2 2 2 2 2
left_child=1 2 -1 4 -3 -5
right_child=-2 3 -4 5 -6 -7
leaf_value=-0.00093854736166265216 -0.0010182775975625452 -0.0013114626902911381 0.003446259807801342 0.0014383749982987437 0.00085385976212008915 -0.00032520608720836296
leaf_weight=570.47223944962025 926.23791047930717 1874.9542526453733 624.74807995557785 1112.1543594896793 779.33427494764328 1460.9756369292736
leaf_count=2292 3750 7553 2518 4471 3140 5881
internal_value=0 0.000153218 0.00134577 -0.000117306 -0.000659883 0.000429027
internal_weight=7348.88 6422.64 1195.22 5227.42 2654.29 2573.13
internal_count=29605 25855 4810 21045 10693 10352
is_linear=0
shrinkage=0.02


Tree=187
num_leaves=8
num_cat=0
split_feature=20 20 23 23 14 25 0
split_gain=2.82035 3.87202 5.10066 5.21966 4.83045 4.63605 4.63794
threshold=22.500000000000004 426.50000000000006 0.69831475615501415 0.74831923842430126 -0.0092128440737724287 15.217843532562258 0.86702898144721996
decision_type=2 2 2 2 2 2 2
left_child=-1 5 4 -4 -3 6 -2
right_child=1 2 3 -5 -6 -7 -8
leaf_value=-0.0012580538999578212 2.0346934732526147e-05 -0.00047854719740625677 -0.0023900344275810648 -0.000267834104791615 0.0017258691236361695 -0.00051655141505604788 0.0021294758674718123
leaf_weight=623.50877101719379 739.13221256434917 721.57916222512722 599.94847743213177 2045.2145120948553 791.99907112121582 771.94184279441833 1055.3294613212347
leaf_count=2513 2973 2905 2422 8235 3189 3119 4249
internal_value=0 0.000123666 -0.000246521 -0.00078028 0.000659772 0.000734577 0.0012929
internal_weight=7348.65 6725.14 4158.74 2645.16 1513.58 2566.4 1794.46
internal_count=29605 27092 16751 10657 6094 10341 7222
is_linear=0
shrinkage=0.02


Tree=188
num_leaves=8
num_cat=0
split_feature=0 0 22 22 4 26 19
split_gain=2.85254 4.81215 6.11775 8.31039 5.13154 4.79125 7.38753
threshold=0.67599794268608104 0.9041399657726289 75.500000000000014 141.50000000000003 54.887197494506843 1.5000000000000002 122.51515197753908
decision_type=2 2 2 2 2 10 8
left_child=-1 5 4 -4 -3 6 -2
right_child=1 2 3 -5 -6 -7 -8
leaf_value=0.00098821876326868449 -0.0023155833176311596 0.00029000096688953112 0.0028239180285267963 0.00018190240976467324 -0.0021979590452585814 0.0007678792092859478 0.00027043225163596741
leaf_weight=989.10322923958302 1154.2612453103065 657.26127655804157 599.78305202722549 2185.7618946880102 593.81899020075798 507.08129923045635 661.56990878283978
leaf_count=3978 4653 2648 2414 8801 2404 2044 2663
internal_value=0 -0.000154092 0.000256182 0.000783304 -0.000880998 -0.000878167 -0.00136203
internal_weight=7348.64 6359.54 4036.63 2785.54 1251.08 2322.91 1815.83
internal_count=29605 25627 16267 11215 5052 9360 7316
is_linear=0
shrinkage=0.02


Tree=189
num_leaves=8
num_cat=0
split_feature=11 23 9 13 23 13 19
split_gain=2.84117 4.86467 6.32154 4.84077 2.96572 3.61398 2.94668
threshold=0.0091554676182568091 0.87517863512039196 -0.08218067884445189 0.013567937072366478 0.83994388580322277 0.16761750727891925 46.049350738525398
decision_type=2 2 2 2 2 2 10
left_child=1 2 -1 -4 6 -6 -2
right_child=4 -3 3 -5 5 -7 -8
leaf_value=-0.0011381679947906666 -0.00013329560721876425 -0.001420537697719047 0.00043373360891639837 0.0021750609149036575 0.0015209519947228087 -0.00079538490834215746 -0.001778886475251161
leaf_weight=681.14874841272831 934.94317622482777 532.85687607526779 2392.6024577766657 899.03963713347912 511.31239958107471 500.74104335904121 895.87578807771206
leaf_count=2739 3781 2142 9632 3613 2060 2021 3617
internal_value=0 0.000314615 0.000563781 0.000932865 -0.000489911 0.000347219 -0.00097117
internal_weight=7348.52 4505.65 3972.79 3291.64 2842.87 1012.05 1830.82
internal_count=29605 18126 15984 13245 11479 4081 7398
is_linear=0
shrinkage=0.02


Tree=190
num_leaves=7
num_cat=0
split_feature=8 13 13 6 3 8
split_gain=2.81142 4.40539 7.11344 6.04666 5.30094 17.3016
threshold=-0.13188134133815763 0.013567937072366478 0.049814485013484962 1.9899399876594546 0.0069015421904623517 0.010062300134450199
decision_type=2 2 2 2 2 2
left_child=-1 4 -3 -4 5 -2
right_child=1 2 3 -5 -6 -7
leaf_value=0.0013120380662740951 -0.00093295305881285122 0.0023878089813286398 -0.00094779474429504342 0.0010954458214880115 -0.002103531595387181 0.0027150766913404518
leaf_weight=578.22879709303379 2559.3199000954628 587.15544539690018 1278.9544172435999 1017.220971763134 702.15765149891376 625.42938631772995
leaf_count=2329 10313 2362 5155 4095 2840 2511
internal_value=0 -0.000113642 0.000469548 -2.46614e-05 -0.00055597 -0.000189989
internal_weight=7348.47 6770.24 2883.33 2296.18 3886.91 3184.75
internal_count=29605 27276 11612 9250 15664 12824
is_linear=0
shrinkage=0.02


Tree=191
num_leaves=7
num_cat=0
split_feature=15 7 23 7 19 10
split_gain=2.79308 3.46767 5.28144 5.29404 4.55119 5.02464
threshold=4.4807000160217294 0.026575307361781601 0.87517863512039196 0.035725308582186706 248.08325195312503 0.043314198032021529
decision_type=2 2 2 2 8 2
left_child=1 4 3 -3 5 -1
right_child=-2 2 -4 -5 -6 -7
leaf_value=0.00043444480787946903 -0.0012852291669922858 0.00048258792738246697 -0.00074878222830421475 0.0029823359750206779 -0.0015185075346806211 -0.0014999651466055363
leaf_weight=3177.6138774901628 593.19646787643433 1009.3308877646923 599.79398858547211 534.66470493376255 815.30665388703346 618.37162311375141
leaf_count=12801 2393 4066 2415 2150 3284 2496
internal_value=0 0.000120003 0.000783215 0.00140437 -0.000182787 0.000102149
internal_weight=7348.28 6755.08 2143.79 1544 4611.29 3795.99
internal_count=29605 27212 8631 6216 18581 15297
is_linear=0
shrinkage=0.02


Tree=192
num_leaves=9
num_cat=0
split_feature=20 20 23 22 14 4 9 0
split_gain=2.74484 3.69325 4.90302 5.95065 4.69816 4.50128 11.2195 4.69826
threshold=22.500000000000004 426.50000000000006 0.69831475615501415 723.50000000000011 -0.0092128440737724287 53.792057037353523 -0.011337817646563051 1.123737692832947
decision_type=2 2 2 2 2 2 2 2
left_child=-1 5 4 -4 -3 6 -2 -7
right_child=1 2 3 -5 -6 7 -8 -9
leaf_value=-0.0012413406588612872 -2.6914941452798542e-05 -0.00047337152292269781 -0.0012748415198706689 0.00094942954283508852 0.0017003144290742771 -0.0016594077022211566 0.0033357422857591642 0.0009949204592605088
leaf_weight=623.43504796922207 905.55602666735649 721.54464566707611 2057.7464602440596 587.1197704076767 792.01061403751373 498.30224293470383 653.39399096369743 509.06748473644257
leaf_count=2513 3650 2905 8296 2361 3189 2016 2624 2051
internal_value=0 0.000121837 -0.000239561 -0.000763077 0.000648753 0.000718549 0.00138831 -0.000290174
internal_weight=7348.18 6724.74 4158.42 2644.87 1513.56 2566.32 1558.95 1007.37
internal_count=29605 27092 16751 10657 6094 10341 6274 4067
is_linear=0
shrinkage=0.02


Tree=193
num_leaves=8
num_cat=0
split_feature=1 5 0 9 3 22 19
split_gain=2.75098 7.02193 5.98873 4.64176 4.77383 4.48674 1.63162
threshold=11.025557041168215 -0.037921341136097901 0.91276377439498912 -0.062075804919004433 -0.058094970881938927 39.500000000000007 32.518999099731452
decision_type=2 2 2 2 2 2 10
left_child=1 -1 -3 6 -5 -6 -2
right_child=3 2 -4 4 5 -7 -8
leaf_value=0.0026046438913332067 -0.0022546414932636365 -0.0011230810367515269 0.0011977713997826658 0.0015340434673013588 0.0013441293001776318 -0.0005883705697257702 -0.0005053534806933412
leaf_weight=503.45778480172157 507.00474688410759 919.7182082682848 816.02032224833965 690.16504274308681 545.37018576264381 2867.0203472524881 499.29630495607853
leaf_count=2027 2044 3700 3282 2782 2204 11555 2011
internal_value=0 0.000583363 -9.44022e-06 -0.000253624 3.87808e-05 -0.00026147 -0.00145478
internal_weight=7348.05 2239.2 1735.74 5108.86 4102.56 3412.39 1006.3
internal_count=29605 9009 6982 20596 16541 13759 4055
is_linear=0
shrinkage=0.02


Tree=194
num_leaves=5
num_cat=0
split_feature=22 22 13 5
split_gain=2.79438 7.37329 4.39758 7.08007
threshold=15.500000000000002 33.500000000000007 0.21624560654163363 -0.070095382630825029
decision_type=2 2 2 2
left_child=-1 -2 3 -3
right_child=1 2 -4 -5
leaf_value=-0.0013898900891132538 0.0023796585767714065 0.0022910294657142493 -0.0015227462242567138 -0.00011135217840344077
leaf_weight=510.68529480695724 505.80170474946499 516.89606216549873 718.41758887469769 5096.1211825162172
leaf_count=2062 2040 2084 2893 20526
internal_value=0 0.000111118 -7.25979e-05 0.000112136
internal_weight=7347.92 6837.24 6331.43 5613.02
internal_count=29605 27543 25503 22610
is_linear=0
shrinkage=0.02


Tree=195
num_leaves=7
num_cat=0
split_feature=16 3 15 13 16 16
split_gain=2.73272 4.56718 17.4187 4.74544 7.2941 5.79831
threshold=4.8408000469207773 -0.056197285652160638 1.8836500048637392 0.013567937072366478 1.0522000193595888 1.8627499938011172
decision_type=2 2 2 2 2 2
left_child=1 2 -1 4 -3 -5
right_child=-2 3 -4 5 -6 -7
leaf_value=0.0028339509304251692 -0.00099877002322496986 -0.0019991032381689276 -0.0011005654182565546 0.00090553176754753584 0.00033987976729967293 -0.001292453607459991
leaf_weight=947.27025057375431 926.04969178140163 1088.9678408205509 803.34874045848846 2018.9656968712807 968.59436340630054 594.57034005224705
leaf_count=3815 3750 4392 3232 8124 3899 2393
internal_value=0 0.000150141 0.00101708 -0.000170413 -0.000889008 0.0003842
internal_weight=7347.77 6421.72 1750.62 4671.1 2057.56 2613.54
internal_count=29605 25855 7047 18808 8291 10517
is_linear=0
shrinkage=0.02


Tree=196
num_leaves=8
num_cat=0
split_feature=0 0 22 22 4 11 2
split_gain=2.68998 4.58851 5.92775 7.76486 4.43737 4.21701 4.72752
threshold=0.67599794268608104 0.9041399657726289 74.500000000000014 141.50000000000003 54.887197494506843 -0.031365688890218728 0.80500000715255748
decision_type=2 2 2 2 2 2 2
left_child=-1 5 4 -4 -3 -2 -7
right_child=1 2 3 -5 -6 6 -8
leaf_value=0.00095968649816374123 0.00040911729781780418 0.000218931715764621 0.0027071959349543951 0.00017749286381852611 -0.0021046871901394828 -0.0029657920947260743 -0.00060893448872186375
leaf_weight=989.01555976271629 685.44672887027264 645.75980718433857 615.92281354963779 2185.5029929578304 588.90139853954315 516.8263201713562 1120.1697963774204
leaf_count=3978 2754 2602 2479 8801 2385 2084 4522
internal_value=0 -0.000149652 0.000250829 0.000765129 -0.000878951 -0.000856878 -0.00140756
internal_weight=7347.55 6358.53 4036.09 2801.43 1234.66 2322.44 1637
internal_count=29605 25627 16267 11280 4987 9360 6606
is_linear=0
shrinkage=0.02


Tree=197
num_leaves=9
num_cat=0
split_feature=1 5 0 9 5 5 1 19
split_gain=2.68179 6.57206 5.69646 4.57611 4.50566 6.74337 5.8623 1.54299
threshold=11.025557041168215 -0.037921341136097901 0.91276377439498912 -0.062075804919004433 0.032169939950108535 0.0078077060170471677 12.592143535614015 32.518999099731452
decision_type=2 2 2 2 2 2 2 10
left_child=1 -1 -3 7 5 -5 -6 -2
right_child=3 2 -4 4 6 -7 -8 -9
leaf_value=0.0025313006161188207 -0.0022232659407363554 -0.0010840722173454623 0.0011799234548773552 -0.00011778089987394465 -0.0021878477174729779 0.0020377631187418225 0.00028117127234357785 -0.00051455163079847576
leaf_weight=503.3547825217247 506.92078983783722 919.57347404956818 816.03145268559456 1820.3948900252581 666.41827796399593 807.86327515542507 807.57741217315197 499.25532129406929
leaf_count=2027 2044 3700 3282 7333 2693 3255 3260 2011
internal_value=0 0.00057593 0 -0.000250505 3.97668e-05 0.000543273 -0.000827564 -0.00144326
internal_weight=7347.39 2238.96 1735.6 5108.43 4102.25 2628.26 1474 1006.18
internal_count=29605 9009 6982 20596 16541 10588 5953 4055
is_linear=0
shrinkage=0.02


Tree=198
num_leaves=8
num_cat=0
split_feature=20 20 23 22 21 25 22
split_gain=2.65436 3.56498 4.63663 5.70709 4.68604 4.363 6.34439
threshold=22.500000000000004 426.50000000000006 0.69831475615501415 723.50000000000011 13.744999885559084 15.217843532562258 144.50000000000003
decision_type=2 2 2 2 2 2 2
left_child=-1 5 4 -4 -3 6 -2
right_child=1 2 3 -5 -6 -7 -8
leaf_value=-0.0012210398158291422 0.0024679226461738054 0.0015282748637221422 -0.0012461255028687877 0.00093171897296884774 -0.00068542806280253745 -0.00050697329594454174 6.0076516428078475e-05
leaf_weight=623.33335579931736 856.90869744122028 912.43108905851841 2057.3567391037941 587.09269097447395 600.98757790029049 771.77864572405815 937.38584287464619
leaf_count=2513 3452 3675 8296 2361 2419 3119 3770
internal_value=0 0.000119588 -0.00023539 -0.000744677 0.0006281 0.000705935 0.00124785
internal_weight=7347.27 6723.94 4157.87 2644.45 1513.42 2566.07 1794.29
internal_count=29605 27092 16751 10657 6094 10341 7222
is_linear=0
shrinkage=0.02


Tree=199
num_leaves=5
num_cat=0
split_feature=22 22 13 5
split_gain=2.66268 7.16451 4.25794 6.71385
threshold=15.500000000000002 33.500000000000007 0.21624560654163363 -0.070095382630825029
decision_type=2 2 2 2
left_child=-1 -2 3 -3
right_child=1 2 -4 -5
leaf_value=-0.0013571595170487922 0.0023444556529976864 0.002231073672650942 -0.0014998531812109913 -0.00010857448168351551
leaf_weight=510.57030233740807 505.80380545556545 516.74120931327343 718.33364467322826 5095.7388877421618
leaf_count=2062 2040 2084 2893 20526
internal_value=0 0.000108207 -7.2824e-05 0.000108862
internal_weight=7347.19 6836.62 6330.81 5612.48
internal_count=29605 27543 25503 22610
is_linear=0
shrinkage=0.02


Tree=200
num_leaves=7
num_cat=0
split_feature=16 8 9 16 21 19
split_gain=2.65436 4.82636 13.9252 3.72172 6.46541 4.91195
threshold=4.8408000469207773 -0.085167989134788499 -0.073046490550041185 1.0299000144004824 84.049999237060561 122.51515197753908
decision_type=2 2 2 2 2 8
left_child=1 2 -1 4 -3 -5
right_child=-2 3 -4 5 -6 -7
leaf_value=-0.00065591986018591537 -0.00098469973790144189 -0.0012776816106460876 0.0035703879444782499 -0.00021904839187459745 0.00084715413632863851 0.0015673327061900585
leaf_weight=646.94451440870762 925.9250585436821 1874.4118062704802 547.76012778282166 1641.4107491225004 779.20933769643307 931.37115772068501
leaf_count=2600 3750 7553 2210 6608 3140 3744
internal_value=0 0.000147698 0.0012836 -0.000109586 -0.000637883 0.000421884
internal_weight=7347.03 6421.11 1194.7 5226.4 2653.62 2572.78
internal_count=29605 25855 4810 21045 10693 10352
is_linear=0
shrinkage=0.02


Tree=201
num_leaves=8
num_cat=0
split_feature=1 5 25 9 4 25 14
split_gain=2.58403 6.18612 4.48609 4.43638 4.29089 4.07687 1.47291
threshold=11.025557041168215 -0.037921341136097901 13.285229206085207 -0.062075804919004433 36.303251266479499 13.508376598358156 -0.10573026165366171
decision_type=2 2 2 2 2 2 2
left_child=1 -1 -3 6 -5 -6 -2
right_child=3 2 -4 4 5 -7 -8
leaf_value=0.0024624915254590459 -0.00052154473192460435 0.00090660035486147682 -0.0011072929003130645 0.0014314840654538199 -0.0016620675443416411 7.5445487812322471e-05 -0.0021953213377265573
leaf_weight=503.24237230420113 506.54866582155228 947.02310009300709 788.48622761666775 712.54545690119267 637.79489146173 2751.6378065496683 499.51830664277077
leaf_count=2027 2038 3806 3176 2868 2571 11102 2017
internal_value=0 0.000565292 0 -0.000245976 3.97e-05 -0.00025005 -0.00142048
internal_weight=7346.8 2238.75 1735.51 5108.05 4101.98 3389.43 1006.07
internal_count=29605 9009 6982 20596 16541 13673 4055
is_linear=0
shrinkage=0.02


Tree=202
num_leaves=7
num_cat=0
split_feature=20 25 20 7 24 10
split_gain=2.58053 3.50871 5.76073 5.23933 5.82207 3.88605
threshold=22.500000000000004 13.285229206085207 1313.5000000000002 0.027445984072983268 8.9391999244689959 0.0019029494724236431
decision_type=2 2 2 2 2 2
left_child=-1 2 -2 4 -3 -5
right_child=1 3 -4 5 -6 -7
leaf_value=-0.0012040303587465685 0.0019671432537289217 0.00013346130898412293 -0.00039329836646368523 -0.00025654409079592036 -0.0014929965105786557 0.0016363807241036713
leaf_weight=623.25393813848495 906.54367317259312 1936.9066017568111 692.65754015743732 740.47452217340469 1530.3423538357019 916.4434130936861
leaf_count=2513 3645 7812 2788 2980 6172 3695
internal_value=0 0.000117903 0.000931243 -0.000131893 -0.000579126 0.000776803
internal_weight=7346.62 6723.37 1599.2 5124.17 3467.25 1656.92
internal_count=29605 27092 6433 20659 13984 6675
is_linear=0
shrinkage=0.02


Tree=203
num_leaves=6
num_cat=0
split_feature=15 15 16 18 24
split_gain=2.59945 3.52308 6.61918 5.70422 2.00322
threshold=4.4807000160217294 2.8113000392913823 0.40925000607967382 38.591400146484382 26.055350303649906
decision_type=2 2 2 2 2
left_child=1 2 -1 -4 -3
right_child=-2 4 3 -5 -6
leaf_value=-0.0019691184672110213 -0.0012406319630057663 0.0020743891436934732 -6.8436995994898407e-05 0.0020101284500970867 0.00020054036499213455
leaf_weight=630.66395176947117 593.03010322153568 498.88745377957821 4552.8788774013519 569.46871329843998 501.66621135175228
leaf_count=2538 2393 2009 18345 2296 2024
internal_value=0 0.00011521 -7.08649e-05 0.000163755 0.00119785
internal_weight=7346.6 6753.57 5753.01 5122.35 1000.55
internal_count=29605 27212 23179 20641 4033
is_linear=0
shrinkage=0.02


Tree=204
num_leaves=8
num_cat=0
split_feature=0 0 22 24 11 2 4
split_gain=2.5701 4.30234 5.74991 8.20043 5.32976 5.59869 4.58367
threshold=0.67219731211662304 0.9041399657726289 75.500000000000014 5.5053999423980722 -0.029099406674504277 0.80500000715255748 54.887197494506843
decision_type=2 2 2 2 2 2 2
left_child=-1 4 6 -4 -2 -6 -3
right_child=1 2 3 -5 5 -7 -8
leaf_value=0.00095380716103265865 0.00052149332721921282 0.00024705499046947588 0.0017774873679608822 -0.00036344965676337953 -0.0031956478260688772 -0.00060667834474943335 -0.0021020167402640796
leaf_weight=959.86934460699558 749.54292751848698 657.1612524241209 1466.7708012461662 1318.3163550496101 500.47626611590385 1101.0328335165977 593.43735964596272
leaf_count=3861 3012 2648 5907 5308 2019 4446 2404
internal_value=0 -0.000143984 0.00024515 0.00075644 -0.000823286 -0.0014739 -0.000857169
internal_weight=7346.61 6386.74 4035.69 2785.09 2351.05 1601.51 1250.6
internal_count=29605 25744 16267 11215 9477 6465 5052
is_linear=0
shrinkage=0.02


Tree=205
num_leaves=7
num_cat=0
split_feature=16 8 9 16 22 13
split_gain=2.59095 4.68451 19.2922 4.35386 6.77331 6.5007
threshold=4.8408000469207773 -0.094751875847578035 -0.083884634077548967 0.98645001649856578 174.50000000000003 -0.10417638346552847
decision_type=2 2 2 2 2 2
left_child=1 2 -1 4 -3 -5
right_child=-2 3 -4 5 -6 -7
leaf_value=-0.0012413540598486838 -0.00097325330262014453 6.1652044538413171e-05 0.0041198293611175866 0.0024490505186765396 -0.0020476731205098337 0
leaf_weight=521.22669723629951 925.83787433803082 1655.2822785675526 497.24758450686932 504.27901723980904 909.52540571987629 2333.05225071311
leaf_count=2094 3750 6674 2008 2028 3662 9389
internal_value=0 0.000145591 0.00137522 -8.44681e-05 -0.000684103 0.000445801
internal_weight=7346.45 6420.61 1018.47 5402.14 2564.81 2837.33
internal_count=29605 25855 4102 21753 10336 11417
is_linear=0
shrinkage=0.02


Tree=206
num_leaves=5
num_cat=0
split_feature=22 22 13 5
split_gain=2.54611 6.95136 4.07426 6.25013
threshold=15.500000000000002 33.500000000000007 0.21624560654163363 -0.070095382630825029
decision_type=2 2 2 2
left_child=-1 -2 3 -3
right_child=1 2 -4 -5
leaf_value=-0.0013275812430025848 0.0023083525295303428 0.0021530581013309911 -0.0014687538039837064 -0.00010465413191393182
leaf_weight=510.43976517021656 505.78553183376789 516.51669856905937 718.2332701086998 5095.2259548157454
leaf_count=2062 2040 2084 2893 20526
internal_value=0 0.000105525 -7.27257e-05 0.000104875
internal_weight=7346.2 6835.76 6329.98 5611.74
internal_count=29605 27543 25503 22610
is_linear=0
shrinkage=0.02


Tree=207
num_leaves=7
num_cat=0
split_feature=0 5 3 8 9 0
split_gain=2.5102 8.05777 4.91618 5.49275 9.2144 7.19222
threshold=1.2018269896507265 0.045818701386451728 0.084420148283243193 0.010062300134450199 0.032537167891860015 0.81087887287139904
decision_type=2 2 2 2 2 2
left_child=2 -2 3 5 -5 -1
right_child=1 -3 -4 4 -6 -7
leaf_value=0.0005922233820074978 0.0019521511975110501 -0.00077833740027937392 -0.0017870792434030128 0.0026537637867536344 -0.00057577743791742463 -0.0011717731261664157
leaf_weight=1620.4206268042326 899.72050254046917 769.98643009364605 662.15215939283371 702.86018224060535 644.79519878327847 2046.1115384697914
leaf_count=6526 3623 3104 2676 2828 2596 8252
internal_value=0 0.000677913 -0.000198973 1.09171e-05 0.00109853 -0.000383345
internal_weight=7346.05 1669.71 5676.34 5014.19 1347.66 3666.53
internal_count=29605 6727 22878 20202 5424 14778
is_linear=0
shrinkage=0.02


Tree=208
num_leaves=9
num_cat=0
split_feature=1 8 22 9 22 22 25 25
split_gain=2.47057 5.48739 5.59048 4.27869 4.32483 7.53244 4.97017 1.50229
threshold=11.025557041168215 -0.048624096438288682 269.50000000000006 -0.062075804919004433 174.50000000000003 75.500000000000014 14.046326637268068 14.402428627014162
decision_type=2 2 2 2 2 2 2 2
left_child=1 -1 -3 7 5 -5 -6 -2
right_child=3 2 -4 4 6 -7 -8 -9
leaf_value=0.0018400271177031317 -0.0021686932733882875 -0.0012082340873598525 0.0012977423263177837 -0.00027866486833020985 -0.0019559332725405704 0.0021905988915915291 6.9702589478562864e-05 -0.00048561115755450199
leaf_weight=814.71088844537735 503.14688010513783 855.33260600268841 568.43629796802998 1170.6565932482481 678.21696142852306 799.21837837994099 1453.481329485774 502.75327125191689
leaf_count=3280 2025 3443 2286 4733 2732 3218 5858 2030
internal_value=0 0.000552374 -0.000177162 -0.000240936 3.94672e-05 0.000718908 -0.000572202 -0.00139451
internal_weight=7345.95 2238.48 1423.77 5107.47 4101.57 1969.87 2131.7 1005.9
internal_count=29605 9009 5729 20596 16541 7951 8590 4055
is_linear=0
shrinkage=0.02


Tree=209
num_leaves=7
num_cat=0
split_feature=8 13 13 9 1 19
split_gain=2.49555 4.70861 6.58738 5.84002 5.72449 5.16877
threshold=-0.13188134133815763 0.013567937072366478 0.049814485013484962 0.054948590695858009 12.905858993530275 284.43315124511724
decision_type=2 2 2 2 2 8
left_child=-1 4 -3 -4 5 -2
right_child=1 2 3 -5 -6 -7
leaf_value=0.0012359559970916757 0.00014564847513934756 0.0023407381317397174 -0.00096758595515927196 0.0010299152045148976 -0.0022181326736521599 -0.0019984019598068147
leaf_weight=577.77820955216885 2705.5601837784052 587.12656626105309 1179.3704526871443 1116.0185206234455 669.95379853248596 510.08381907641888
leaf_count=2329 10898 2362 4753 4497 2710 2056
internal_value=0 -0.000107743 0.000495568 0 -0.000565092 -0.000195321
internal_weight=7345.89 6768.11 2882.52 2295.39 3885.6 3215.64
internal_count=29605 27276 11612 9250 15664 12954
is_linear=0
shrinkage=0.02


Tree=210
num_leaves=7
num_cat=0
split_feature=16 8 9 16 22 13
split_gain=2.52595 4.41403 18.4637 4.16419 6.46148 6.28143
threshold=4.8408000469207773 -0.094751875847578035 -0.083884634077548967 0.98645001649856578 174.50000000000003 -0.10417638346552847
decision_type=2 2 2 2 2 2
left_child=1 2 -1 4 -3 -5
right_child=-2 3 -4 5 -6 -7
leaf_value=-0.0012210614018731639 -0.00096120299678815275 6.1684999765756308e-05 0.004023620103342178 0.0024080124460256276 -0.0019982148023339496 0
leaf_weight=521.17517085373402 925.7227761298418 1655.2126119285822 497.05171403288841 504.30073589086533 909.34779600799084 2332.964920759201
leaf_count=2094 3750 6674 2008 2028 3662 9389
internal_value=0 0.000143585 0.00133735 -7.95323e-05 -0.000666175 0.000438901
internal_weight=7345.78 6420.05 1018.23 5401.83 2564.56 2837.27
internal_count=29605 25855 4102 21753 10336 11417
is_linear=0
shrinkage=0.02


Tree=211
num_leaves=6
num_cat=0
split_feature=20 21 23 7 16
split_gain=2.48344 3.42904 5.45843 5.88673 5.73083
threshold=22.500000000000004 298.81001281738287 0.87517863512039196 0.035725308582186706 1.0169999599456789
decision_type=2 2 2 2 2
left_child=-1 2 3 -2 -4
right_child=1 -3 4 -5 -6
leaf_value=-0.001181690897360236 8.1790683539689973e-06 0.0015554669975339573 -0.0028050613676667809 0.0022253290035718055 1.4031077403738575e-05
leaf_weight=623.12507177889347 4545.1129047870636 578.87052883207798 504.33069348335266 516.06428445875645 578.01892031729221
leaf_count=2513 18321 2335 2032 2076 2328
internal_value=0 0.000115269 -1.99583e-05 0.00025101 -0.00129846
internal_weight=7345.52 6722.4 6143.53 5061.18 1082.35
internal_count=29605 27092 24757 20397 4360
is_linear=0
shrinkage=0.02


Tree=212
num_leaves=7
num_cat=0
split_feature=16 8 9 16 26 19
split_gain=2.45068 4.1991 17.8028 3.9485 5.62368 5.25256
threshold=4.8408000469207773 -0.094751875847578035 -0.083884634077548967 0.98645001649856578 1.0000000180025095e-35 129.24680328369143
decision_type=2 2 2 2 10 8
left_child=1 2 -1 4 -3 -5
right_child=-2 3 -4 5 -6 -7
leaf_value=-0.0012048741219303134 -0.00094655025710131463 -0.0012768803312150781 0.0039447507601321277 -0.00019753648707555041 0.00070666169505811157 0.0015685378088282659
leaf_weight=521.17408311367035 925.66444106400013 1769.9836091846228 496.93693001568317 1822.8208188265562 794.39365069568157 1014.4977492541075
leaf_count=2094 3750 7131 2008 7338 3205 4079
internal_value=0 0.000141681 0.0013061 -7.57699e-05 -0.000647227 0.000428848
internal_weight=7345.47 6419.81 1018.11 5401.7 2564.38 2837.32
internal_count=29605 25855 4102 21753 10336 11417
is_linear=0
shrinkage=0.02


Tree=213
num_leaves=5
num_cat=0
split_feature=22 22 13 5
split_gain=2.46383 6.69713 3.76102 5.85132
threshold=15.500000000000002 33.500000000000007 0.21624560654163363 -0.070095382630825029
decision_type=2 2 2 2
left_child=-1 -2 3 -3
right_child=1 2 -4 -5
leaf_value=-0.0013060583859884516 0.0022660368356696497 0.0020817364695080685 -0.0014125891033532263 -0.00010313260485629404
leaf_weight=510.33517718315125 505.78066389262676 516.28811626136303 718.06018467247486 5094.76858279109
leaf_count=2062 2040 2084 2893 20526
internal_value=0 0.000103834 -7.10449e-05 9.93519e-05
internal_weight=7345.23 6834.9 6329.12 5611.06
internal_count=29605 27543 25503 22610
is_linear=0
shrinkage=0.02


Tree=214
num_leaves=7
num_cat=0
split_feature=0 5 3 8 9 0
split_gain=2.47715 7.68568 4.64162 5.44092 8.95133 6.88449
threshold=1.2018269896507265 0.045818701386451728 0.084420148283243193 0.010062300134450199 0.033452317118644721 0.81087887287139904
decision_type=2 2 2 2 2 2
left_child=2 -2 3 5 -5 -1
right_child=1 -3 -4 4 -6 -7
leaf_value=0.00056778015805778793 0.0019179651578546386 -0.00074815588163373446 -0.0017408630702106988 0.0025971515396390303 -0.00058793080204090522 -0.0011578078163744729
leaf_weight=1620.2392168343067 899.66197718679905 769.87193737924099 661.9892817735672 714.07868559658527 633.56648434698582 2045.6707069575787
leaf_count=6526 3623 3104 2676 2873 2551 8252
internal_value=0 0.00067347 -0.000197672 6.07038e-06 0.00108866 -0.000386358
internal_weight=7345.08 1669.53 5675.54 5013.56 1347.65 3665.91
internal_count=29605 6727 22878 20202 5424 14778
is_linear=0
shrinkage=0.02


Tree=215
num_leaves=8
num_cat=0
split_feature=20 20 1 0 25 22 23
split_gain=2.38666 3.4196 4.24548 5.70917 4.13738 6.04625 3.53047
threshold=22.500000000000004 426.50000000000006 10.964646339416506 0.9745146930217744 15.217843532562258 144.50000000000003 0.70286473631858837
decision_type=2 2 2 2 2 2 2
left_child=-1 4 3 -3 5 -2 -4
right_child=1 2 6 -5 -6 -7 -8
leaf_value=-0.001158416103518546 0.0024065285688994768 -0.00026714361084423605 0.00019642837835480103 0.0022876058764298608 -0.0004928820148709384 5.4875576767665595e-05 -0.0012653986247620601
leaf_weight=623.04339024424553 856.80668656527996 959.87108565866947 1002.2376368492842 505.47984178364277 771.52928328514099 937.05991883575916 1688.9532640427351
leaf_count=2513 3452 3864 4040 2034 3119 3770 6813
internal_value=0 0.000113096 -0.000234514 0.000611946 0.000687578 0.0012155 -0.000710414
internal_weight=7344.98 6721.94 4156.54 1465.35 2565.4 1793.87 2691.19
internal_count=29605 27092 16751 5898 10341 7222 10853
is_linear=0
shrinkage=0.02


Tree=216
num_leaves=7
num_cat=0
split_feature=16 8 9 16 13 13
split_gain=2.38849 3.9549 17.1157 3.83791 5.98808 5.77514
threshold=4.8408000469207773 -0.094751875847578035 -0.083884634077548967 0.98645001649856578 -0.10417638346552847 0.012095429934561254
decision_type=2 2 2 2 2 2
left_child=1 2 -1 5 -5 -3
right_child=-2 3 -4 4 -6 -7
leaf_value=-0.0011906639222492425 -0.00093449734234097497 -0.0015241044033929068 0.0038584386502787805 0.0023489739724142965 0 0.00034428049690036464
leaf_weight=521.14601543545723 925.57665441930294 1356.1423122733831 496.77316266298294 504.34875528514385 2332.8820267170668 1208.0374362766743
leaf_count=2094 3750 5470 2008 2028 9389 4866
internal_value=0 0.000139885 0.00127004 -7.09487e-05 0.000426471 -0.000634519
internal_weight=7344.91 6419.33 1017.92 5401.41 2837.23 2564.18
internal_count=29605 25855 4102 21753 11417 10336
is_linear=0
shrinkage=0.02


Tree=217
num_leaves=8
num_cat=0
split_feature=0 4 13 3 8 9 0
split_gain=2.38299 6.51572 6.46228 4.43473 5.28616 8.61126 6.6598
threshold=1.2018269896507265 53.586393356323249 0.032818976789712913 0.084420148283243193 0.010062300134450199 0.032537167891860015 0.81087887287139904
decision_type=2 2 2 2 2 2 2
left_child=3 -2 -3 4 6 -6 -1
right_child=1 2 -4 -5 5 -7 -8
leaf_value=0.00055666699620752515 0.0024733402974090888 -0.0018311076863954613 0.0011179902097517259 -0.0017023100281637934 0.002575709421109637 -0.00054502300809390711 -0.0011404065957989983
leaf_weight=1620.1856054663658 518.06148591637611 505.95026141405106 645.47063060104847 661.85991512238979 702.97223271429539 644.70116092264652 2045.4431658089161
leaf_count=6526 2085 2045 2597 2676 2828 2596 8252
internal_value=0 0.000660676 -0.000157281 -0.000193762 5.21444e-06 0.0010724 -0.000381517
internal_weight=7344.64 1669.48 1151.42 5675.16 5013.3 1347.67 3665.63
internal_count=29605 6727 4642 22878 20202 5424 14778
is_linear=0
shrinkage=0.02


Tree=218
num_leaves=6
num_cat=0
split_feature=22 22 20 0 16
split_gain=2.38316 6.46151 3.60257 4.83608 3.13091
threshold=15.500000000000002 33.500000000000007 2014.5000000000002 1.2308874130249026 1.0233500003814699
decision_type=2 2 2 2 2
left_child=-1 -2 3 -3 -4
right_child=1 2 4 -5 -6
leaf_value=-0.0012844558409353143 0.0022260760740868252 -0.00060635679694887219 0 0.00088226089521071496 0.0020874452285122107
leaf_weight=510.25717188417912 505.79542206227779 4169.0256718993187 598.49235770106316 1064.1066669076681 496.82529510557652
leaf_count=2062 2040 16805 2410 4287 2001
internal_value=0 0.000102261 -6.94338e-05 -0.00029395 0.000953356
internal_weight=7344.5 6834.25 6328.45 5233.13 1095.32
internal_count=29605 27543 25503 21092 4411
is_linear=0
shrinkage=0.02


Tree=219
num_leaves=8
num_cat=0
split_feature=0 0 22 24 11 2 4
split_gain=2.33824 4.14311 5.68083 7.97534 5.02634 5.41063 4.31833
threshold=0.67219731211662304 0.9041399657726289 75.500000000000014 5.5053999423980722 -0.029099406674504277 0.80500000715255748 54.887197494506843
decision_type=2 2 2 2 2 2 2
left_child=-1 4 6 -4 -2 -6 -3
right_child=1 2 3 -5 5 -7 -8
leaf_value=0.00091010021316123004 0.00050112835242508791 0.00021953554778606464 0.0017599681410431073 -0.00035131460797139304 -0.0031287942836193852 -0.00058321099652200524 -0.0020592135397764816
leaf_weight=959.68666398525238 749.3020231872797 656.98858712613583 1466.4510167390108 1317.8969583213329 500.24533349275589 1100.7033520936966 593.21085178852081
leaf_count=3861 3012 2648 5907 5308 2019 4446 2404
internal_value=0 -0.000137103 0.000244694 0.000752991 -0.000803975 -0.00143602 -0.000851071
internal_weight=7344.48 6384.8 4034.55 2784.35 2350.25 1600.95 1250.2
internal_count=29605 25744 16267 11215 9477 6465 5052
is_linear=0
shrinkage=0.02


Tree=220
num_leaves=7
num_cat=0
split_feature=16 8 12 5 3 11
split_gain=2.33 3.801 10.7865 3.61785 5.99382 5.84608
threshold=4.8408000469207773 -0.085167989134788499 0.22115930169820788 -0.016644490882754322 0.010313987266272308 -0.018613382242619988
decision_type=2 2 2 2 2 2
left_child=1 2 -1 5 -5 -3
right_child=-2 3 -4 4 -6 -7
leaf_value=0.0028054135326663864 -0.00092285645205961023 0 -0.00092380144781139054 0.0012122571254242426 -0.00040128418103946853 -0.0026320381315581187
leaf_weight=668.06246870756149 925.48732678592205 949.70643702149391 525.70320455729961 1490.6341351121664 2285.2368906140327 499.49605643749237
leaf_count=2698 3750 3812 2112 6001 9216 2016
internal_value=0 0.000138337 0.0011469 -8.92222e-05 0.000229588 -0.00093524
internal_weight=7344.33 6418.84 1193.77 5225.07 3775.87 1449.2
internal_count=29605 25855 4810 21045 15217 5828
is_linear=0
shrinkage=0.02


Tree=221
num_leaves=6
num_cat=0
split_feature=19 5 8 1 16
split_gain=2.31382 3.43576 7.2627 4.162 3.94246
threshold=404.87390136718756 0.032169939950108535 0.042424263432621963 12.592143535614015 5.3308000564575204
decision_type=8 2 2 2 2
left_child=1 2 4 -3 -1
right_child=-2 3 -4 -5 -6
leaf_value=0.00032497232224261256 -0.00091972562264990053 -0.0017027023954327106 0.0022499025225506475 0.00036588706478338787 -0.0014050604955502474
leaf_weight=3658.3545289635658 925.86740952730179 765.14474672079086 698.79582244157791 707.56274895370007 588.35277950763702
leaf_count=14731 3736 3091 2808 2857 2382
internal_value=0 0.000137602 0.000394918 -0.000694158 7.00328e-05
internal_weight=7344.08 6418.21 4945.5 1472.71 4246.71
internal_count=29605 25869 19921 5948 17113
is_linear=0
shrinkage=0.02


Tree=222
num_leaves=9
num_cat=0
split_feature=13 10 10 3 1 6 8 11
split_gain=2.41926 7.0146 6.78607 8.09671 9.54488 4.60582 5.55139 1.79981
threshold=0.013567937072366478 -0.072828233242034898 -0.04346684738993644 0.052055817097425468 12.356874465942385 1.3596699833869936 0.010062300134450199 0.0051738824695348748
decision_type=2 2 2 2 2 2 2 2
left_child=1 -1 -2 7 -5 6 -3 -4
right_child=2 5 3 4 -6 -7 -8 -9
leaf_value=0.0014412537555625984 -0.0014644912300054622 -0.0008299704151208887 0.0031126643527134464 -0.0020360555956933798 0.0012412132642526847 -0.0020219034109428429 0.0011253664158296468 0.001180718809416002
leaf_weight=729.15794390439987 571.48719751834869 2043.69893874228 515.12860290706158 569.55164559185505 859.32286983728409 774.24040181934834 774.04003085196018 507.34530019760132
leaf_count=2944 2297 8242 2071 2300 3464 3125 3117 2045
internal_value=0 -0.000301351 0.000433699 0.000901152 -5.16643e-05 -0.000672592 -0.000274797 0.0022387
internal_weight=7343.97 4321.14 3022.84 2451.35 1428.87 3591.98 2817.74 1022.47
internal_count=29605 17428 12177 9880 5764 14484 11359 4116
is_linear=0
shrinkage=0.02


Tree=223
num_leaves=9
num_cat=0
split_feature=13 10 10 3 1 3 8 11
split_gain=2.32465 6.74575 6.53101 7.79483 9.18114 4.6098 16.49 1.72339
threshold=0.013567937072366478 -0.072828233242034898 -0.04346684738993644 0.052055817097425468 12.356874465942385 0.0069015421904623517 0.010062300134450199 0.0051738824695348748
decision_type=2 2 2 2 2 2 2 2
left_child=1 -1 -2 7 -5 6 -3 -4
right_child=2 5 3 4 -6 -7 -8 -9
leaf_value=0.0014134450534359492 -0.0014364565293331073 -0.0010743976861952935 0.0030527540014432413 -0.0019973280530189226 0.0012169550498885452 -0.0021097163279768668 0.0025729413820231623 0.0011580744512353339
leaf_weight=729.10768522322178 571.45788896083832 2299.0223678350449 515.20483002066612 569.45087541639805 859.40211869776249 688.88832664489746 603.90642987191677 507.39048652350903
leaf_count=2944 2297 9270 2071 2300 3464 2789 2425 2045
internal_value=0 -0.0002952 0.000425334 0.000884071 -5.03865e-05 -0.000659401 -0.000288035 0.00219635
internal_weight=7343.83 4320.92 3022.91 2451.45 1428.85 3591.82 2902.93 1022.6
internal_count=29605 17428 12177 9880 5764 14484 11695 4116
is_linear=0
shrinkage=0.02


Tree=224
num_leaves=6
num_cat=0
split_feature=15 15 16 18 24
split_gain=2.29194 3.59881 6.16328 5.586 1.90184
threshold=4.4807000160217294 2.8113000392913823 0.40925000607967382 38.591400146484382 26.055350303649906
decision_type=2 2 2 2 2
left_child=1 2 -1 -4 -3
right_child=-2 4 3 -5 -6
leaf_value=-0.0019119036653195748 -0.0011651734502428153 0.0020588706998385191 -8.3409874965791986e-05 0.0019741738509594597 0.0002257405918931225
leaf_weight=630.31056798994541 592.67387104034424 498.72908791899681 4551.1100903302431 569.33656680583954 501.43995749950409
leaf_count=2538 2393 2009 18345 2296 2024
internal_value=0 0.000108304 -7.98708e-05 0.000146325 0.00120295
internal_weight=7343.6 6750.93 5750.76 5120.45 1000.17
internal_count=29605 27212 23179 20641 4033
is_linear=0
shrinkage=0.02


Tree=225
num_leaves=9
num_cat=0
split_feature=1 8 22 9 22 22 25 25
split_gain=2.30352 5.05464 5.26667 4.10365 4.17326 7.20724 4.71758 1.49328
threshold=11.025557041168215 -0.048624096438288682 269.50000000000006 -0.062075804919004433 174.50000000000003 75.500000000000014 14.046326637268068 14.402428627014162
decision_type=2 2 2 2 2 2 2 2
left_child=1 -1 -3 7 5 -5 -6 -2
right_child=3 2 -4 4 6 -7 -8 -9
leaf_value=0.0017700632350089035 -0.0021328729013782711 -0.0011673080029712052 0.0012652184267862008 -0.00026574579606385292 -0.0019071354299802648 0.0021492995648687355 6.6143785297705709e-05 -0.00045857055186643086
leaf_weight=814.28850364685059 502.98931105434895 855.05757772922516 568.39102625846863 1170.2664293646812 677.89564056694508 799.09085389971733 1453.073957785964 502.5548187494278
leaf_count=3280 2025 3443 2286 4733 2732 3218 5858 2030
internal_value=0 0.000533788 -0.000165469 -0.000232352 4.21124e-05 0.000709696 -0.000558661 -0.0013624
internal_weight=7343.61 2237.74 1423.45 5105.87 4100.33 1969.36 2130.97 1005.54
internal_count=29605 9009 5729 20596 16541 7951 8590 4055
is_linear=0
shrinkage=0.02


Tree=226
num_leaves=5
num_cat=0
split_feature=22 22 13 5
split_gain=2.26038 6.33815 3.48572 5.3818
threshold=15.500000000000002 33.500000000000007 0.21624560654163363 -0.070095382630825029
decision_type=2 2 2 2
left_child=-1 -2 3 -3
right_child=1 2 -4 -5
leaf_value=-0.0012511989441948365 0.0022031201634696079 0.0019952609247154279 -0.0013622368808494537 -0.00010056519530747801
leaf_weight=510.10820829868317 505.74720406532288 515.9946032166481 717.85881748795509 5093.8321444243193
leaf_count=2062 2040 2084 2893 20526
internal_value=0 9.95043e-05 -7.04996e-05 9.3325e-05
internal_weight=7343.54 6833.43 6327.69 5609.83
internal_count=29605 27543 25503 22610
is_linear=0
shrinkage=0.02


Tree=227
num_leaves=9
num_cat=0
split_feature=13 10 10 3 1 19 8 19
split_gain=2.29863 6.37227 6.27933 7.47047 8.8032 4.92006 4.76637 0.777671
threshold=0.013567937072366478 -0.072828233242034898 -0.04346684738993644 0.052055817097425468 12.356874465942385 245.52370452880862 -0.01115917321294546 64.150951385498061
decision_type=2 2 2 2 2 8 2 10
left_child=1 -1 -2 7 -5 6 -3 -4
right_child=2 5 3 4 -6 -7 -8 -9
leaf_value=0.0013667811953042941 -0.0014021256999217219 -0.00098850968882719455 0.0013595079533287296 -0.0019490165846591076 0.0011987812386350008 -0.0021923606795271585 0.00061401564920817863 0.0028265373441801506
leaf_weight=728.98199084401131 571.40838511288166 1653.6553949862719 525.05473051965237 569.31995882093906 859.45644398033619 653.85965187847614 1284.0147088468075 497.63545346260071
leaf_count=2944 2297 6670 2116 2300 3464 2638 5176 2000
internal_value=0 -0.000293508 0.000422998 0.000872896 -4.14838e-05 -0.000647618 -0.000276244 0.00215738
internal_weight=7343.39 4320.51 3022.87 2451.47 1428.78 3591.53 2937.67 1022.69
internal_count=29605 17428 12177 9880 5764 14484 11846 4116
is_linear=0
shrinkage=0.02


Tree=228
num_leaves=7
num_cat=0
split_feature=0 0 1 13 11 2
split_gain=2.31085 3.98928 5.03678 5.65822 4.74627 5.22076
threshold=0.67219731211662304 0.9041399657726289 10.964646339416506 0.012095429934561254 -0.029099406674504277 0.80500000715255748
decision_type=2 2 2 2 2 2
left_child=-1 4 -3 -4 -2 -6
right_child=1 2 3 -5 5 -7
leaf_value=0.00090453951730058409 0.00047622645710096039 0.0015050071206868655 -0.00099672912948780873 0.00069642289242883768 -0.003068548746384063 -0.00056709094086217075
leaf_weight=959.56514205038548 749.17318361997604 938.65715236961842 1554.3388154357672 1540.9248947799206 500.069600045681 1100.5338143706322
leaf_count=3861 3012 3779 6279 6209 2019 4446
internal_value=0 -0.000136583 0.000237941 -0.000143058 -0.000791062 -0.00140533
internal_weight=7343.26 6383.7 4033.92 3095.26 2349.78 1600.6
internal_count=29605 25744 16267 12488 9477 6465
is_linear=0
shrinkage=0.02


Tree=229
num_leaves=8
num_cat=0
split_feature=0 0 22 24 26 19 4
split_gain=2.22344 3.91755 5.38964 7.63273 4.37043 6.97771 4.1306
threshold=0.67599794268608104 0.9041399657726289 75.500000000000014 5.5053999423980722 1.5000000000000002 122.51515197753908 54.887197494506843
decision_type=2 2 2 2 10 8 2
left_child=-1 4 6 -4 5 -2 -3
right_child=1 2 3 -5 -6 -7 -8
leaf_value=0.00087251644837246962 -0.0021822314080056663 0.00021220680550576614 0.0017139487212998079 -0.00035127708320841237 0.0007805769057631812 0.00033139970551678 -0.0020157749754393904
leaf_weight=988.63170821964741 1152.9597583115101 656.85266174376011 1466.4260550588369 1317.684254348278 506.67966909706593 660.92938673496246 592.99936132133007
leaf_count=3978 4653 2648 5907 5308 2044 2663 2404
internal_value=0 -0.000136255 0.000233322 0.000728658 -0.000790334 -0.0012538 -0.000833861
internal_weight=7343.16 6354.53 4033.96 2784.11 2320.57 1813.89 1249.85
internal_count=29605 25627 16267 11215 9360 7316 5052
is_linear=0
shrinkage=0.02


Tree=230
num_leaves=6
num_cat=0
split_feature=20 21 23 7 4
split_gain=2.25525 3.35596 5.03399 5.74772 5.10058
threshold=22.500000000000004 298.81001281738287 0.87517863512039196 0.035725308582186706 60.530822753906257
decision_type=2 2 2 2 2
left_child=-1 2 3 -2 -4
right_child=1 -3 4 -5 -6
leaf_value=-0.001125937510266836 0 0.0015353536638509063 -0.0025997044831161708 0.0021873087481540775 5.1187121519961164e-05
leaf_weight=622.82299849390984 4543.6133083999157 578.73657931387424 533.94116336107254 515.92887528240681 547.99917078018188
leaf_count=2513 18321 2335 2149 2076 2211
internal_value=0 0.000110274 -2.3469e-05 0.00023654 -0.0012516
internal_weight=7343.04 6720.22 6141.48 5059.54 1081.94
internal_count=29605 27092 24757 20397 4360
is_linear=0
shrinkage=0.02


Tree=231
num_leaves=6
num_cat=0
split_feature=15 15 16 18 24
split_gain=2.20684 3.4357 5.95641 5.34765 1.81387
threshold=4.4807000160217294 2.8113000392913823 0.40925000607967382 38.591400146484382 26.055350303649906
decision_type=2 2 2 2 2
left_child=1 2 -1 -4 -3
right_child=-2 4 3 -5 -6
leaf_value=-0.0018785792471162181 -0.0011432394828488777 0.0020121459061416239 -7.9664001945743102e-05 0.0019333424255733901 0.00021968413939606166
leaf_weight=630.19333013892174 592.5783566981554 498.75315071642399 4550.7086151391268 569.36450432240963 501.41014301776886
leaf_count=2538 2393 2009 18345 2296 2024
internal_value=0 0.00010646 -7.72762e-05 0.000144973 0.00117604
internal_weight=7343.01 6750.43 5750.27 5120.07 1000.16
internal_count=29605 27212 23179 20641 4033
is_linear=0
shrinkage=0.02


Tree=232
num_leaves=9
num_cat=0
split_feature=1 5 0 9 22 22 25 16
split_gain=2.23108 5.14964 5.08647 3.99486 4.02274 6.86645 4.55375 1.48295
threshold=11.025557041168215 -0.037921341136097901 0.91276377439498912 -0.062075804919004433 174.50000000000003 75.500000000000014 14.046326637268068 1.3321500420570376
decision_type=2 2 2 2 2 2 2 2
left_child=1 -1 -3 7 5 -5 -6 -2
right_child=3 2 -4 4 6 -7 -8 -9
leaf_value=0.0022575208803318416 -0.00044822381275509888 -0.001008416232434605 0.0011316128360623239 -0.00025381959823219985 -0.0018725436075658329 0.0021028142773655343 6.5921866160312305e-05 -0.0021150478416014128
leaf_weight=502.66779042780399 505.20962561666965 919.03248004615307 815.84054292738438 1170.1140934973955 677.79136346280575 799.15213240683079 1453.0039809495211 500.20018547773361
leaf_count=2027 2037 3700 3282 4733 2732 3218 5858 2018
internal_value=0 0.000525525 0 -0.000228502 4.21858e-05 0.000697761 -0.000547501 -0.00134358
internal_weight=7343.01 2237.54 1734.87 5105.47 4100.06 1969.27 2130.8 1005.41
internal_count=29605 9009 6982 20596 16541 7951 8590 4055
is_linear=0
shrinkage=0.02


Tree=233
num_leaves=6
num_cat=0
split_feature=19 5 8 22 16
split_gain=2.21045 3.37771 6.92318 4.38126 3.82927
threshold=404.87390136718756 0.032169939950108535 0.042424263432621963 223.50000000000003 5.3308000564575204
decision_type=8 2 2 2 2
left_child=1 2 4 -3 -1
right_child=-2 3 -4 -5 -6
leaf_value=0.00032392013745497254 -0.00089867450839809014 0.00025372563813287673 0.0022013291146421553 -0.0018800236292731837 -0.0013811117502882616
leaf_weight=3657.7631735950708 925.64669418334961 814.53547438979149 698.78964741528034 657.97936202585697 588.20014774799347
leaf_count=14731 3736 3291 2808 2657 2382
internal_value=0 0.000134874 0.000390084 -0.000689831 7.2577e-05
internal_weight=7342.91 6417.27 4944.75 1472.51 4245.96
internal_count=29605 25869 19921 5948 17113
is_linear=0
shrinkage=0.02


Tree=234
num_leaves=7
num_cat=0
split_feature=0 5 3 8 3 0
split_gain=2.19801 6.26459 3.85671 4.5808 10.1607 6.26668
threshold=1.2308874130249026 0.047754738479852683 0.084420148283243193 0.010062300134450199 0.0042999221477657565 0.81087887287139904
decision_type=2 2 2 2 2 2
left_child=2 -2 3 5 -5 -1
right_child=1 -3 -4 4 -6 -7
leaf_value=0.00056474417841727211 0.0018536423885424226 -0.00065652225428764475 -0.0015554071675150352 0.0031533916916747489 -0.00028907114797955906 -0.0010711371106366088
leaf_weight=1619.7417332828045 816.74475394189358 708.4237539768219 687.95690187811852 514.77465978264809 888.27279795706272 2106.8989614546299
leaf_count=6526 3290 2857 2782 2066 3581 8503
internal_value=0 0.000671665 -0.000175678 8.56178e-06 0.000979844 -0.000351167
internal_weight=7342.81 1525.17 5817.65 5129.69 1403.05 3726.64
internal_count=29605 6147 23458 20676 5647 15029
is_linear=0
shrinkage=0.02


Tree=235
num_leaves=8
num_cat=0
split_feature=13 14 10 4 19 22 2
split_gain=2.24274 6.18783 6.14244 6.99463 5.22644 4.95364 4.83619
threshold=0.013567937072366478 -0.12558493763208387 -0.04346684738993644 50.194173812866218 222.4643478393555 104.50000000000001 0.91500002145767223
decision_type=2 2 2 2 10 2 2
left_child=1 -1 -2 -4 5 -3 -5
right_child=2 4 3 6 -6 -7 -8
leaf_value=0.0013998489767513972 -0.0013870240950151868 -0.0012564255016512256 0.0025401187140887305 -0.001083633295097962 -0.0024565491167567797 0.00034611588004600328 0.0010201213951389024
leaf_weight=689.60972072184086 571.35461331903934 1264.6154023110867 687.97757862508297 698.60965983569622 515.26894117891788 1850.4833919554949 1064.7507259696722
leaf_count=2784 2297 5111 2766 2817 2075 7458 4297
internal_value=0 -0.000289843 0.000417927 0.000863007 -0.000628068 -0.000297283 0.000162528
internal_weight=7342.67 4319.98 3022.69 2451.34 3630.37 3115.1 1763.36
internal_count=29605 17428 12177 9880 14644 12569 7114
is_linear=0
shrinkage=0.02


Tree=236
num_leaves=6
num_cat=0
split_feature=22 22 20 0 16
split_gain=2.16832 6.19438 3.51371 4.50227 2.91281
threshold=15.500000000000002 33.500000000000007 2014.5000000000002 1.2308874130249026 1.0233500003814699
decision_type=2 2 2 2 2
left_child=-1 -2 3 -3 -4
right_child=1 2 4 -5 -6
leaf_value=-0.0012256227017109456 0.0021771657338215266 -0.00059398076062136442 0 0.00084195307091559555 0.0020330998536966854
leaf_weight=509.98752345144749 505.71602419018745 4167.8662083745003 598.29962128400803 1063.9438546448946 496.77558229863644
leaf_count=2062 2040 16805 2410 4287 2001
internal_value=0 9.7434e-05 -7.05808e-05 -0.000292391 0.000939481
internal_weight=7342.59 6832.6 6326.89 5231.81 1095.08
internal_count=29605 27543 25503 21092 4411
is_linear=0
shrinkage=0.02


Tree=237
num_leaves=11
num_cat=0
split_feature=11 10 12 7 19 13 23 8 10 13
split_gain=2.18164 5.09995 6.80187 9.57582 7.40719 4.51439 3.31694 3.6357 7.40072 3.28816
threshold=0.0091554676182568091 0.0062499840278178462 0.22115930169820788 0.022722560912370685 102.4018020629883 0.021300545893609527 0.83994388580322277 -0.01862990669906139 0.038879560306668288 0.16761750727891925
decision_type=2 2 2 2 8 2 2 2 2 2
left_child=1 2 3 -1 -4 -3 7 -2 -9 -8
right_child=6 5 4 -5 -6 -7 9 8 -10 -11
leaf_value=-0.00019528851707404472 -0.0020956743633859017 0.00016795721857773175 -0.0024195235934192931 0.0028443267858051643 0.00057640917061064882 0.0027571016274851507 0.0015732681616393435 0.0013740173659710366 -0.0017480032770140165 -0.00063017555354144181
leaf_weight=1535.1325790882111 667.58175829052925 605.90016396343708 796.50589098036289 533.47733813524246 511.28913956880569 519.71042899787426 511.00874531269073 559.41531051695347 602.35729631781578 500.18679970502853
leaf_count=6183 2701 2437 3206 2156 2055 2089 2060 2257 2440 2021
internal_value=0 0.000275448 -0.000105386 0.000594572 -0.00123114 0.00142837 -0.000429832 -0.000940288 -0.000216029 0.000458188
internal_weight=7342.57 4502.02 3376.4 2068.61 1307.8 1125.61 2840.55 1829.35 1161.77 1011.2
internal_count=29605 18126 13600 8339 5261 4526 11479 7398 4697 4081
is_linear=0
shrinkage=0.02


Tree=238
num_leaves=8
num_cat=0
split_feature=20 20 1 16 16 25 22
split_gain=2.14879 3.33154 4.09473 6.36575 6.06892 4.00272 5.72733
threshold=22.500000000000004 426.50000000000006 11.804609775543215 0.82795000076293956 0.49319998919963842 15.217843532562258 144.50000000000003
decision_type=2 2 2 2 2 2 2
left_child=-1 5 4 -4 -3 6 -2
right_child=1 2 3 -5 -6 -7 -8
leaf_value=-0.0010988713743939047 0.0023540875543618758 -0.0014705845053066557 0.00054299367710373991 -0.0020215233260135923 0.00078258434156408671 -0.00048563796169807417 6.3181534464205359e-05
leaf_weight=622.71899282932281 856.61889104545116 596.73893538117409 587.53001594543457 975.08803214132786 1995.660186201334 771.24624998867512 936.72315157949924
leaf_count=2513 3452 2405 2372 3931 8043 3119 3770
internal_value=0 0.000107896 -0.000235211 -0.0010403 0.000240995 0.000675132 0.00119457
internal_weight=7342.32 6719.61 4155.02 1562.62 2592.4 2564.59 1793.34
internal_count=29605 27092 16751 6303 10448 10341 7222
is_linear=0
shrinkage=0.02


Tree=239
num_leaves=7
num_cat=0
split_feature=16 8 12 16 22 13
split_gain=2.16807 3.64512 7.85164 3.584 6.02422 5.92501
threshold=4.8408000469207773 -0.094751875847578035 0.18287009745836261 0.98645001649856578 174.50000000000003 -0.10417638346552847
decision_type=2 2 2 2 2 2
left_child=1 2 -1 4 -3 -5
right_child=-2 3 -4 5 -6 -7
leaf_value=0.0029112826081749161 -0.00089017998162140618 8.8688488084353643e-05 -0.00049270529419643617 0.0023248633123062693 -0.001900666474035181 -5.3573514194815677e-06
leaf_weight=513.98270572721958 925.14123485982418 1654.4754413068295 503.27566888928413 504.22551080584526 908.80658194422722 2332.3862882703543
leaf_count=2080 3750 6674 2022 2028 3662 9389
internal_value=0 0.000133649 0.00121911 -6.84975e-05 -0.000613414 0.00041196
internal_weight=7342.29 6417.15 1017.26 5399.89 2563.28 2836.61
internal_count=29605 25855 4102 21753 10336 11417
is_linear=0
shrinkage=0.02


Tree=240
num_leaves=9
num_cat=0
split_feature=13 3 8 14 10 3 1 18
split_gain=2.17783 5.96523 11.9798 8.31348 5.77002 7.02866 8.45878 0.568615
threshold=0.013567937072366478 0.0069015421904623517 0.010062300134450199 -0.12558493763208387 -0.04346684738993644 0.052055817097425468 12.356874465942385 19.2588005065918
decision_type=2 2 2 2 2 2 2 2
left_child=1 2 3 -1 -2 7 -7 -6
right_child=4 -3 -4 -5 5 6 -8 -9
leaf_value=0.001473471144792231 -0.0013366244873646996 -0.0019418298117187447 0.0025093246029660229 -0.0010436988832635376 0.0013239750101473389 -0.0019132317521297097 0.0011725228046511221 0.0026638799316799785
leaf_weight=641.71554170548916 571.27431660890579 701.29212741553783 625.3747922629118 2351.0366315096617 500.20700933039188 569.16396713256836 859.43577888607979 522.55532298982143
leaf_count=2592 2297 2840 2511 9485 2014 2300 3464 2102
internal_value=0 -0.000285402 3.61826e-05 -0.000484211 0.00041207 0.000843614 -4.26532e-05 0.00208952
internal_weight=7342.06 4319.42 3618.13 2992.75 3022.64 2451.36 1428.6 1022.76
internal_count=29605 17428 14588 12077 12177 9880 5764 4116
is_linear=0
shrinkage=0.02


Tree=241
num_leaves=6
num_cat=0
split_feature=22 22 3 9 21
split_gain=2.14209 5.8843 3.41976 8.98318 5.90326
threshold=15.500000000000002 33.500000000000007 -0.04475527070462703 -0.019350172020494934 103.97499847412111
decision_type=2 2 2 2 2
left_child=-1 -2 3 -3 -4
right_child=1 2 4 -5 -6
leaf_value=-0.0012176944874580065 0.0021243430333844787 -0.00029815741658581203 -0.00073135675571240971 0.002451519797558708 0.0012696444037692393
leaf_weight=509.91258108615875 505.73747093975544 1427.8781103789806 3553.3469529151917 672.17541041970253 672.80730873346329
leaf_count=2062 2040 5756 14326 2707 2714
internal_value=0 9.74117e-05 -6.62227e-05 0.000582286 -0.00039868
internal_weight=7341.86 6831.95 6326.21 2100.05 4226.15
internal_count=29605 27543 25503 8463 17040
is_linear=0
shrinkage=0.02


Tree=242
num_leaves=9
num_cat=0
split_feature=13 3 8 14 13 9 18 7
split_gain=2.13319 5.66918 11.5454 8.01919 5.52182 6.23444 4.83779 3.64827
threshold=0.013567937072366478 0.0069015421904623517 0.010062300134450199 -0.12558493763208387 0.049814485013484962 0.054948590695858009 26.283049583435062 0.033881762996315963
decision_type=2 2 2 2 2 2 2 2
left_child=1 2 3 -1 -2 6 -6 -7
right_child=4 -3 -4 -5 5 7 -8 -9
leaf_value=0.0014428590619439826 0.0020761089499686269 -0.0018969470338612469 0.0024592781251871918 -0.0010291238368389639 -0.001940078190300425 0.0021487544932688178 0.00047062938776682903 -5.1242665000712579e-05
leaf_weight=641.66175478696823 606.11958844959736 701.12990216910839 625.41858556866646 2350.8964139521122 781.6795716881752 568.04920098185539 519.29404775798321 547.50154881179333
leaf_count=2592 2438 2840 2511 9485 3151 2291 2091 2206
internal_value=0 -0.000282022 3.12167e-05 -0.000479501 0.000408268 -1.12117e-05 -0.000958755 0.00105818
internal_weight=7341.75 4319.11 3617.98 2992.56 3022.64 2416.52 1300.97 1115.55
internal_count=29605 17428 14588 12077 12177 9739 5242 4497
is_linear=0
shrinkage=0.02


Tree=243
num_leaves=9
num_cat=0
split_feature=1 5 0 9 22 22 25 25
split_gain=2.14161 4.88624 4.88962 3.73288 3.65837 6.63022 4.3966 1.4713
threshold=11.025557041168215 -0.037921341136097901 0.91276377439498912 -0.062075804919004433 174.50000000000003 75.500000000000014 14.046326637268068 14.402428627014162
decision_type=2 2 2 2 2 2 2 2
left_child=1 -1 -3 7 5 -5 -6 -2
right_child=3 2 -4 4 6 -7 -8 -9
leaf_value=0.0022030571612733328 -0.0020634914681523691 -0.00098524047129022393 0.0011131242549014232 -0.00027079038593194138 -0.0018265233920445303 0.0020450076396307838 7.8480578877938647e-05 -0.00040831686283545129
leaf_weight=502.48800726234913 502.80208675563335 918.83762560784817 815.74578577280045 1170.0051203370094 677.54805736243725 799.13979856669903 1452.6609392166138 502.33110721409321
leaf_count=2027 2025 3700 3282 4733 2732 3218 5858 2030
internal_value=0 0.000515609 0 -0.000223208 3.81716e-05 0.000663764 -0.000523852 -0.00130123
internal_weight=7341.56 2237.07 1734.58 5104.49 4099.35 1969.14 2130.21 1005.13
internal_count=29605 9009 6982 20596 16541 7951 8590 4055
is_linear=0
shrinkage=0.02


Tree=244
num_leaves=8
num_cat=0
split_feature=0 0 22 24 11 2 4
split_gain=2.15015 3.54954 5.29706 7.4101 4.3938 5.03033 4.01597
threshold=0.67219731211662304 0.9041399657726289 75.500000000000014 5.5053999423980722 -0.029099406674504277 0.80500000715255748 54.887197494506843
decision_type=2 2 2 2 2 2 2
left_child=-1 4 6 -4 -2 -6 -3
right_child=1 2 3 -5 5 -7 -8
leaf_value=0.00087336710446415131 0.00046950786292803385 0.00019479997987872444 0.0016841886508897847 -0.00035067420917291698 -0.0029720826208078288 -0.00051812176618671669 -0.0020013720381909343
leaf_weight=959.41078248620033 748.97499263286591 656.69384840130806 1466.2188207507133 1317.3806216865778 499.7867946177721 1100.1476786583662 592.85118517279625
leaf_count=3861 3012 2648 5907 5308 2019 4446 2404
internal_value=0 -0.000130974 0.000221911 0.000713194 -0.000748626 -0.00134022 -0.000836182
internal_weight=7341.46 6382.05 4033.14 2783.6 2348.91 1599.93 1249.55
internal_count=29605 25744 16267 11215 9477 6465 5052
is_linear=0
shrinkage=0.02


Tree=245
num_leaves=6
num_cat=0
split_feature=19 5 1 16 22
split_gain=2.11668 3.25789 6.23828 5.54573 4.09977
threshold=404.87390136718756 0.032169939950108535 12.842210292816164 4.8408000469207773 223.50000000000003
decision_type=8 2 2 2 2
left_child=1 2 3 -1 -3
right_child=-2 4 -4 -5 -6
leaf_value=0.0010603444617029245 -0.00087907343134953776 0.0002340403130287042 -0.0010373783189013179 -0.00094467109060414572 -0.0018289250599880919
leaf_weight=3370.7897393256426 925.3963712900877 814.47851553559303 952.78578653931618 620.10852427780628 657.74125833809376
leaf_count=13565 3736 3291 3845 2511 2657
internal_value=0 0.000132436 0.000383194 0.000735767 -0.000677426
internal_weight=7341.3 6415.9 4943.68 3990.9 1472.22
internal_count=29605 25869 19921 16076 5948
is_linear=0
shrinkage=0.02


Tree=246
num_leaves=9
num_cat=0
split_feature=13 10 3 16 0 10 19 6
split_gain=2.11388 5.55193 6.88181 6.80741 5.60228 5.50243 4.54511 4.5164
threshold=0.013567937072366478 -0.04346684738993644 0.084420148283243193 1.7896500229835512 1.1509313583374026 -0.072828233242034898 245.52370452880862 1.3596699833869936
decision_type=2 2 2 2 2 2 8 2
left_child=5 -2 3 -3 -4 -1 7 -7
right_child=1 2 4 -5 -6 6 -8 -9
leaf_value=0.0012607160406145782 -0.0013090854824947657 0.002756528297696808 -0.0018764157067538906 -4.0538855597884267e-05 0.00098532016674596581 0.00015962662790630706 -0.0020959074448137181 -0.0016791559786672448
leaf_weight=728.52705065906048 571.21682097017765 900.62032853066921 501.5810137540102 515.75070235133171 533.37514692544937 2273.2619630396366 653.47057212889194 663.36317607760429
leaf_count=2944 2297 3622 2031 2081 2146 9168 2638 2678
internal_value=0 0.000405857 0.00082931 0.0017286 -0.000377683 -0.000281332 -0.000610833 -0.000253484
internal_weight=7341.17 3022.54 2451.33 1416.37 1034.96 4318.62 3590.1 2936.63
internal_count=29605 12177 9880 5703 4177 17428 14484 11846
is_linear=0
shrinkage=0.02


Tree=247
num_leaves=6
num_cat=0
split_feature=8 0 8 3 9
split_gain=2.09026 2.94681 4.87504 10.6448 4.29614
threshold=-0.13188134133815763 0.67219731211662304 -0.010204089339822529 0.0026369343977421526 0.0010637795785441997
decision_type=2 2 2 2 2
left_child=-1 -2 4 -4 -3
right_child=1 2 3 -5 -6
leaf_value=0.0011321721137300949 0.00099059618523776789 -0.0013469280093993423 0.002024287420065266 -0.00045208321368747455 0.00063115840729598431
leaf_weight=576.98069021105766 831.69840560853481 2007.5136999189854 932.3160413056612 2476.1379384845495 516.37027119100094
leaf_count=2329 3347 8107 3748 9993 2081
internal_value=0 -9.83593e-05 -0.000260643 0.000223915 -0.000925524
internal_weight=7341.02 6764.04 5932.34 3408.45 2523.88
internal_count=29605 27276 23929 13741 10188
is_linear=0
shrinkage=0.02


Tree=248
num_leaves=7
num_cat=0
split_feature=20 20 19 4 22 12
split_gain=2.07968 3.23493 6.00049 4.68219 4.32611 4.22753
threshold=22.500000000000004 336.50000000000006 248.08325195312503 55.810249328613288 141.50000000000003 0.15549795329570773
decision_type=2 2 8 2 2 2
left_child=-1 3 5 4 -2 -3
right_child=1 2 -4 -5 -6 -7
leaf_value=-0.0010813411734528291 0.0026813819236440072 0.00096329872625210329 -0.0017232079534031937 -0.00048827813205163057 0.00037768322367401022 -0.00039110446875768369
leaf_weight=622.56672360002995 603.42914418876171 1504.489438995719 812.84510967135429 743.30693787336349 791.500647097826 2262.7023092806339
leaf_count=2513 2432 6064 3280 3003 3188 9125
internal_value=0 0.000106003 -0.000187677 0.000747302 0.00142896 0.000142694
internal_weight=7340.84 6718.27 4580.04 2138.24 1394.93 3767.19
internal_count=29605 27092 18469 8623 5620 15189
is_linear=0
shrinkage=0.02


Tree=249
num_leaves=11
num_cat=0
split_feature=13 10 3 0 3 9 19 21 19 11
split_gain=2.11324 5.40509 6.55174 5.41111 5.33969 6.58262 5.07338 4.63326 8.23256 4.21343
threshold=0.013567937072366478 -0.04346684738993644 0.084420148283243193 1.1509313583374026 -0.047946894541382783 -0.021403450518846508 77.719902038574233 18.675000190734867 -30.23220062255859 -0.0049692888278514138
decision_type=2 2 2 2 2 2 10 2 10 2
left_child=4 -2 9 -4 5 6 -1 8 -6 -3
right_child=1 2 3 -5 7 -7 -8 -9 -10 -11
leaf_value=0.00063638330046344635 -0.0012860083737017598 0.0031552026389740605 -0.0018278624243374039 0.00098512611758622311 -0.0022027866630182072 0.0019316103767865684 -0.0017059058429945654 -0.0021686637312782748 0.00095485228734724535 0.00079750142978390632
leaf_weight=819.50629740953445 571.17310890555382 504.02955727279186 501.4433441311121 533.37200719118118 507.16800962388515 727.41210854053497 620.86470232903957 805.72084121406078 837.63972114026546 912.41444352269173
leaf_count=3307 2297 2025 2031 2146 2051 2932 2504 3255 3379 3678
internal_value=0 0.000405778 0.000823645 -0.000353497 -0.000281325 0.000405233 -0.000359357 -0.000987278 -0.000226679 0.00170093
internal_weight=7340.74 3022.43 2451.26 1034.82 4318.31 2167.78 1440.37 2150.53 1344.81 1416.44
internal_count=29605 12177 9880 4177 17428 8743 5811 8685 5430 5703
is_linear=0
shrinkage=0.02


Tree=250
num_leaves=9
num_cat=0
split_feature=2 3 8 9 0 0 26 13
split_gain=2.0787 6.19201 8.0029 5.59739 5.19569 6.42989 6.69635 4.14301
threshold=0.92500001192092907 -0.079145316034555421 -0.01115917321294546 0.010919585824012758 1.2946459054946902 1.066703796386719 1.5000000000000002 -0.028492297977209088
decision_type=2 2 2 2 2 2 10 2
left_child=4 -2 7 -4 5 6 -1 -3
right_child=1 2 3 -5 -6 -7 -8 -9
leaf_value=-0.0007243518846045472 0.0020557136809305301 -0.00269593998740392 0.0024943570770196381 2.4059616536213306e-05 0.0013876332604648709 -0.0024438437891914837 0.0017108902557434599 -0.00014697229635039828
leaf_weight=2049.3296212404966 663.13506077229977 502.72681207954884 500.02038252353668 1329.9566258639097 564.90354761481285 616.48435096442699 549.73670142889023 564.2927713394165
leaf_count=8258 2677 2032 2016 5369 2275 2485 2216 2277
internal_value=0 0.000347596 -4.44145e-05 0.00074267 -0.000323611 -0.000643768 -0.00018415 -0.0014149
internal_weight=7340.59 3560.13 2897 1829.98 3780.45 3215.55 2599.07 1067.02
internal_count=29605 14371 11694 7385 15234 12959 10474 4309
is_linear=0
shrinkage=0.02


Tree=251
num_leaves=6
num_cat=0
split_feature=22 22 1 22 24
split_gain=2.09352 5.72243 3.20778 5.99156 4.77438
threshold=15.500000000000002 33.500000000000007 12.842210292816164 941.50000000000011 24.529549598693851
decision_type=2 2 2 2 2
left_child=-1 -2 3 -3 -4
right_child=1 2 4 -5 -6
leaf_value=-0.0012041804387068577 0.0020951312139080329 -6.6202446930139924e-05 -4.4823453045127339e-06 0.0020947922977559612 -0.0023293763652911699
leaf_weight=509.77483868598938 505.65995006263256 4191.3490946739912 1039.0910010188818 556.57320289313793 538.04775336384773
leaf_count=2062 2040 16897 4195 2239 2172
internal_value=0 9.61014e-05 -6.52049e-05 0.000188632 -0.000843893
internal_weight=7340.5 6830.72 6325.06 4747.92 1577.14
internal_count=29605 27543 25503 19136 6367
is_linear=0
shrinkage=0.02


Tree=252
num_leaves=7
num_cat=0
split_feature=16 8 9 5 3 11
split_gain=2.04172 3.44604 10.6683 3.33279 5.44684 5.34674
threshold=4.8408000469207773 -0.085167989134788499 -0.071707461029291139 -0.016644490882754322 0.021908963099122051 -0.018613382242619988
decision_type=2 2 2 2 2 2
left_child=1 2 -1 5 -5 -3
right_child=-2 3 -4 4 -6 -7
leaf_value=-0.00056743805917284942 -0.00086414214189608899 0 0.0031372411406305899 0.0010280692220169733 -0.00047946334592637545 -0.0025226765521349503
leaf_weight=658.5652172267437 924.83057047426701 949.34970933198929 534.18460874259472 1767.8770032376051 2006.5571561902761 499.08793458342552
leaf_count=2649 3750 3812 2161 7120 8097 2016
internal_value=0 0.000129567 0.00109048 -8.68029e-05 0.00021891 -0.000899204
internal_weight=7340.45 6415.62 1192.75 5222.87 3774.43 1448.44
internal_count=29605 25855 4810 21045 15217 5828
is_linear=0
shrinkage=0.02


Tree=253
num_leaves=9
num_cat=0
split_feature=13 14 13 9 19 22 18 7
split_gain=2.0873 5.18554 5.04164 6.20362 4.87335 4.80656 4.64633 3.43435
threshold=0.013567937072366478 -0.12558493763208387 0.049814485013484962 0.054948590695858009 222.4643478393555 104.50000000000001 26.283049583435062 0.033881762996315963
decision_type=2 2 2 2 10 2 2 2
left_child=1 -1 -2 6 5 -3 -4 -5
right_child=2 4 3 7 -6 -7 -8 -9
leaf_value=0.0012658841880888469 0.0019961836572216858 -0.0012159480502966394 -0.0019048557019575403 0.0021264427428075729 -0.0023558036106244499 0.00036338948767511442 0.00045681950967267328 -5.5928792121715867e-06
leaf_weight=689.09311278164387 606.1876729875803 1263.9992174357176 781.49917468428612 568.03082932531834 514.98244746029377 1849.7907230407 519.27476134896278 547.34886291623116
leaf_count=2784 2438 5111 3151 2291 2075 7458 2091 2206
internal_value=0 -0.000279898 0.000402998 0 -0.000590002 -0.000270306 -0.000942889 0.00106961
internal_weight=7340.21 4317.87 3022.34 2416.15 3628.77 3113.79 1300.77 1115.38
internal_count=29605 17428 12177 9739 14644 12569 5242 4497
is_linear=0
shrinkage=0.02


Tree=254
num_leaves=6
num_cat=0
split_feature=15 15 16 18 24
split_gain=2.00805 3.32811 5.79027 5.1062 1.72231
threshold=4.4807000160217294 2.8113000392913823 0.40925000607967382 38.591400146484382 26.055350303649906
decision_type=2 2 2 2 2
left_child=1 2 -1 -4 -3
right_child=-2 4 3 -5 -6
leaf_value=-0.001855889525004005 -0.0010911059404001928 0.0019696395024161764 -7.9847736364512467e-05 0.0018873415433307953 0.00021934497158198487
leaf_weight=629.89850920438766 592.28606906533241 498.63892391324043 4548.8279664069414 569.25600577890873 501.20374864339828
leaf_count=2538 2393 2009 18345 2296 2024
internal_value=0 0.000101263 -7.95246e-05 0.000139547 0.00115426
internal_weight=7340.11 6747.83 5747.98 5118.08 999.843
internal_count=29605 27212 23179 20641 4033
is_linear=0
shrinkage=0.02


Tree=255
num_leaves=10
num_cat=0
split_feature=11 10 4 3 15 23 8 10 16
split_gain=2.01126 4.95169 6.35415 6.1397 5.34264 3.24546 3.3998 6.978 3.25499
threshold=0.0091554676182568091 0.0062499840278178462 50.782840728759773 -0.0073640942573547355 1.8836500048637392 0.83994388580322277 -0.01862990669906139 0.038879560306668288 1.0233500003814699
decision_type=2 2 2 2 2 2 2 2 2
left_child=1 3 -3 4 -1 6 -2 -8 -7
right_child=5 2 -4 -5 -6 8 7 -9 -10
leaf_value=0.0010707061710565006 -0.0020364671255782194 0.0029560599503398711 0 -0.0014894783131706244 -0.00086952242231689951 -0.0005947608813951982 0.0013264330140579225 -0.0017049618743701883 0.0015971854554752644
leaf_weight=1628.790557384491 667.18405954539776 524.86167328059673 600.55626748502254 921.71050618588924 824.54334232211113 510.99597108364105 559.39104796946049 602.08323985338211 499.99500228464603
leaf_count=6570 2701 2108 2418 3711 3319 2064 2257 2440 2017
internal_value=0 0.000264345 0.00140064 -0.000110876 0.000401524 -0.000412948 -0.0009183 -0.000216393 0.000465374
internal_weight=7340.11 4500.46 1125.42 3375.04 2453.33 2839.65 1828.66 1161.47 1010.99
internal_count=29605 18126 4526 13600 9889 11479 7398 4697 4081
is_linear=0
shrinkage=0.02


Tree=256
num_leaves=9
num_cat=0
split_feature=13 3 8 3 13 9 18 7
split_gain=2.0248 5.11886 10.8811 7.49203 4.85312 5.93556 4.47496 3.28675
threshold=0.013567937072366478 0.0069015421904623517 0.010062300134450199 -0.069907486438751207 0.049814485013484962 0.054948590695858009 26.283049583435062 0.033881762996315963
decision_type=2 2 2 2 2 2 2 2
left_child=1 2 3 -1 -2 6 -6 -7
right_child=4 -3 -4 -5 5 7 -8 -9
leaf_value=0.00051052474392557115 0.0019599473203775158 -0.0018105059143662791 0.0023791199874862736 -0.0014654095063490068 -0.0018653756813910136 0.0020813608871305383 0.00045163043312572925 -2.8647247392892956e-06
leaf_weight=1487.7960772812366 606.22721438109875 700.72140485048294 625.40823386609554 1503.6814270168543 781.37870502471924 568.12452976405621 519.27518950402737 547.33159345388412
leaf_count=6005 2438 2840 2511 6072 3151 2291 2091 2206
internal_value=0 -0.000275674 2.14913e-05 -0.000474154 0.000396929 0 -0.000920925 0.00104766
internal_weight=7339.94 4317.61 3616.89 2991.48 3022.34 2416.11 1300.65 1115.46
internal_count=29605 17428 14588 12077 12177 9739 5242 4497
is_linear=0
shrinkage=0.02


Tree=257
num_leaves=8
num_cat=0
split_feature=0 0 22 22 4 26 19
split_gain=2.02445 3.39291 5.06816 7.13041 3.84119 3.7793 6.05739
threshold=0.67219731211662304 0.9041399657726289 75.500000000000014 141.50000000000003 54.887197494506843 1.5000000000000002 122.51515197753908
decision_type=2 2 2 2 2 10 8
left_child=-1 5 4 -4 -3 6 -2
right_child=1 2 3 -5 -6 -7 -8
leaf_value=0.00084678288767403131 -0.0020198810962179558 0.00018945049748862446 0.0025878383184726396 0.0001394967677422454 -0.0019577685260935051 0.00071792925476538193 0.00030673815811189709
leaf_weight=959.2749829441309 1168.0474601536989 656.52290178835392 599.49384468793869 2183.6225520521402 592.61020292341709 512.64956746995449 667.51779773831367
leaf_count=3861 4717 2648 2414 8801 2404 2069 2691
internal_value=0 -0.000127846 0.000217037 0.000697762 -0.00081784 -0.000731897 -0.00116082
internal_weight=7339.74 6380.46 4032.25 2783.12 1249.13 2348.21 1835.57
internal_count=29605 25744 16267 11215 5052 9477 7408
is_linear=0
shrinkage=0.02


Tree=258
num_leaves=8
num_cat=0
split_feature=1 8 5 9 4 10 19
split_gain=2.02945 4.71599 5.6155 3.52272 3.64541 3.83285 1.4888
threshold=11.025557041168215 -0.048624096438288682 -0.0083363684825599176 -0.062075804919004433 36.303251266479499 -0.014766461681574581 32.518999099731452
decision_type=2 2 2 2 2 2 10
left_child=1 -1 -3 6 -5 -6 -2
right_child=3 2 -4 4 5 -7 -8
leaf_value=0.0016967320924740426 -0.0020241771964799433 -0.0018501326453186156 0.00072205639970779215 0.0013202111881512925 -0.0015607622509002973 9.4620513675813079e-05 -0.00036615576861337776
leaf_weight=813.60284392535686 506.14606156945229 500.68628671765327 922.17979101836681 711.59998811781406 669.62619630992413 2717.1139665395021 498.64639003574848
leaf_count=3280 2044 2016 3713 2868 2702 10971 2011
internal_value=0 0.00050151 -0.000173139 -0.000217804 3.58813e-05 -0.000230508 -0.00126523
internal_weight=7339.6 2236.47 1422.87 5103.13 4098.34 3386.74 1004.79
internal_count=29605 9009 5729 20596 16541 13673 4055
is_linear=0
shrinkage=0.02


Tree=259
num_leaves=8
num_cat=0
split_feature=14 10 3 22 3 8 0
split_gain=2.00676 4.74454 5.78458 3.95653 4.20213 8.40357 5.95495
threshold=-0.078496202826499925 -0.040313094854354851 -0.047946894541382783 1077.5000000000002 0.060480060055851943 0.048128347843885429 1.1965138316154482
decision_type=2 2 2 2 2 2 2
left_child=1 2 -1 4 5 -2 -6
right_child=3 -3 -4 -5 6 -7 -8
leaf_value=0.0010724492017252004 -0.00051202136647314955 0.0021595444398444922 -0.0014658501658688272 0.0012609704555403432 -0.0030138057120105951 0.0019597740779302348 0
leaf_weight=783.88428074121475 3091.762063190341 510.51631364226341 620.8697969019413 623.57155559957027 504.94597879052162 642.82893860340118 561.10728441178799
leaf_count=3167 12468 2057 2498 2516 2047 2592 2260
internal_value=0 0.000554604 -2.92501e-05 -0.000194538 -0.000396636 -6.68593e-05 -0.00149089
internal_weight=7339.49 1915.27 1404.75 5424.22 4800.64 3734.59 1066.05
internal_count=29605 7722 5665 21883 19367 15060 4307
is_linear=0
shrinkage=0.02


Tree=260
num_leaves=8
num_cat=0
split_feature=13 9 8 10 10 4 3
split_gain=2.0239 5.09141 9.12673 6.9415 4.91589 6.44674 5.31578
threshold=0.013567937072366478 0.051124071702361114 0.014214968774467708 -0.048241227865219109 -0.04346684738993644 50.194173812866218 0.050625937059521682
decision_type=2 2 2 2 2 2 2
left_child=1 2 3 -1 -2 -6 -7
right_child=4 -3 -4 -5 5 6 -8
leaf_value=0.00075035724876837255 -0.0012150246734392695 -0.0020707706273706177 0.0020165320147045676 -0.0011946747752633947 0.0024055316524264664 0.001729622304196753 -0.00059395832878535821
leaf_weight=1114.0681229531765 571.00720235705376 527.4737962782383 695.50601771473885 1980.1085059791803 687.97595304250717 549.88014796376228 1213.3162958323956
leaf_count=4498 2297 2132 2800 7998 2766 2214 4900
internal_value=0 -0.000275107 -3.95458e-06 -0.000482075 0.000397365 0.000796127 0.000123461
internal_weight=7339.34 4317.16 3789.68 3094.18 3022.18 2451.17 1763.2
internal_count=29605 17428 15296 12496 12177 9880 7114
is_linear=0
shrinkage=0.02


Tree=261
num_leaves=9
num_cat=0
split_feature=2 3 8 9 0 0 22 13
split_gain=2.0218 5.79819 7.42883 5.36136 4.89665 6.3032 4.08738 3.90697
threshold=0.92500001192092907 -0.079145316034555421 -0.01115917321294546 0.010919585824012758 1.2946459054946902 1.066703796386719 46.500000000000007 -0.028492297977209088
decision_type=2 2 2 2 2 2 2 2
left_child=4 -2 7 -4 5 6 -1 -3
right_child=1 2 3 -5 -6 -7 -8 -9
leaf_value=0.0013896705088967851 0.0019961793593865269 -0.0026011593387305545 0.0024360979445788469 1.8164138602293435e-05 0.0013417299887857276 -0.0024122545380497488 -0.00057592864111282002 -0.00012504633459242849
leaf_weight=499.33722624182701 662.92198958992958 502.45482374727726 500.06169728934765 1329.8260877728462 564.8808429390192 616.30993020534515 2099.202668890357 564.17361964285374
leaf_count=2015 2677 2032 2016 5369 2275 2485 8459 2277
internal_value=0 0.000343142 -3.58155e-05 0.000721984 -0.000318874 -0.000629916 -0.000174784 -0.00135714
internal_weight=7339.17 3559.44 2896.52 1829.89 3779.73 3214.85 2598.54 1066.63
internal_count=29605 14371 11694 7385 15234 12959 10474 4309
is_linear=0
shrinkage=0.02


Tree=262
num_leaves=6
num_cat=0
split_feature=22 22 20 0 16
split_gain=2.0131 5.56423 3.39378 4.03642 2.76077
threshold=15.500000000000002 33.500000000000007 2014.5000000000002 1.2308874130249026 1.0101500153541567
decision_type=2 2 2 2 2
left_child=-1 -2 3 -3 -4
right_child=1 2 4 -5 -6
leaf_value=-0.0011807015699353736 0.0020659033562700083 -0.00056853745852613301 0 0.00079069457775027426 0.0019652614350478062
leaf_weight=509.61205931007862 505.5928386002779 4165.6152491420507 583.14120461046696 1063.6165491342545 511.49758414924145
leaf_count=2062 2040 16805 2350 4287 2061
internal_value=0 9.45415e-05 -6.44595e-05 -0.000282653 0.000928372
internal_weight=7339.08 6829.46 6323.87 5229.23 1094.64
internal_count=29605 27543 25503 21092 4411
is_linear=0
shrinkage=0.02


Tree=263
num_leaves=8
num_cat=0
split_feature=0 0 22 22 26 19 19
split_gain=1.99561 3.25506 4.86631 6.67407 3.88579 6.61368 3.87336
threshold=0.67599794268608104 0.9041399657726289 74.500000000000014 141.50000000000003 1.5000000000000002 122.51515197753908 9.1728997230529803
decision_type=2 2 2 2 10 8 10
left_child=-1 4 6 -4 5 -2 -3
right_child=1 2 3 -5 -6 -7 -8
leaf_value=0.00082751272691835816 -0.0020684524065430819 -0.0020462503130083682 0.0024750299004014926 0.00012909502293629874 0.00075421731846487595 0.00037892541860654261 0.00013595544265361937
leaf_weight=988.24176007509232 1151.913013458252 542.43356220424175 615.65935081243515 2183.53728723526 506.41608737409115 660.50815880298615 690.33735540509224
leaf_count=3978 4653 2195 2479 8801 2044 2663 2792
internal_value=0 -0.000128362 0.000207927 0.000674906 -0.000725063 -0.00116307 -0.000815519
internal_weight=7339.05 6350.8 4031.97 2799.2 2318.84 1812.42 1232.77
internal_count=29605 25627 16267 11280 9360 7316 4987
is_linear=0
shrinkage=0.02


Tree=264
num_leaves=9
num_cat=0
split_feature=1 8 5 9 22 22 25 25
split_gain=1.98841 4.55645 5.28491 3.40392 3.58845 6.05058 4.33307 1.49068
threshold=11.025557041168215 -0.048624096438288682 -0.0083363684825599176 -0.062075804919004433 174.50000000000003 99.500000000000014 14.046326637268068 14.402428627014162
decision_type=2 2 2 2 2 2 2 2
left_child=1 -1 -3 7 5 -5 -6 -2
right_child=3 2 -4 4 6 -7 -8 -9
leaf_value=0.0016720427850562684 -0.0020083517219054736 -0.0017934145595448691 0.00070193737274579563 0 -0.0018156727756236482 0.002478873969256468 7.5596476852362392e-05 -0.00035251710487439839
leaf_weight=813.49799770116806 502.58589784801006 500.56754124164581 922.17799016833305 1459.9145713150501 677.31712205708027 508.58158358931541 1452.2402549535036 502.06401763856411
leaf_count=3280 2025 2016 3713 5905 2732 2046 5858 2030
internal_value=0 0.000497172 -0.000165593 -0.000214853 3.43703e-05 0.000654213 -0.000522274 -0.00124454
internal_weight=7338.95 2236.24 1422.75 5102.7 4098.05 1968.5 2129.56 1004.65
internal_count=29605 9009 5729 20596 16541 7951 8590 4055
is_linear=0
shrinkage=0.02


Tree=265
num_leaves=10
num_cat=0
split_feature=11 10 4 12 7 19 7 18 18
split_gain=2.02586 4.63767 6.10531 6.02699 8.6026 6.9707 3.21897 3.6637 6.21274
threshold=0.0091554676182568091 0.0062499840278178462 50.782840728759773 0.22115930169820788 0.022722560912370685 102.4018020629883 0.015131307765841486 14.593200206756594 24.358950614929203
decision_type=2 2 2 2 2 8 2 2 2
left_child=1 3 -3 4 -1 -5 -2 -8 -9
right_child=6 2 -4 5 -6 -7 7 8 -10
leaf_value=-0.00018556760976805157 -0.0017369500299435009 0.0028906097105043447 0 -0.0023113678869625437 0.0026959353523877826 0.00059453080174589159 0.0010574819447672814 -0.0022621287551498528 0.00031392020089907573
leaf_weight=1534.3095735162497 562.59130258858204 524.83323685824871 600.49589495360851 796.01272805035114 532.84966079890728 511.10299541056156 744.15253221988678 562.30489407479763 970.22338639199734
leaf_count=6183 2273 2108 2418 3206 2156 2055 3010 2271 3925
internal_value=0 0.000266336 0.00136586 -9.65178e-05 0.000561933 -0.00115704 -0.000413448 -5.55215e-05 -0.000627794
internal_weight=7338.88 4499.6 1125.33 3374.27 2067.16 1307.12 2839.27 2276.68 1532.53
internal_count=29605 18126 4526 13600 8339 5261 11479 9206 6196
is_linear=0
shrinkage=0.02


Tree=266
num_leaves=9
num_cat=0
split_feature=21 24 18 18 22 6 25 10
split_gain=2.00662 9.43126 5.90309 5.70556 5.18195 4.74385 3.06576 7.031
threshold=-6.7749998569488517 5.618999958038331 12.502299785614015 8.4611501693725604 91.500000000000014 1.0589999556541445 13.291081905364992 0.0019029494724236431
decision_type=2 2 2 2 2 2 2 2
left_child=2 5 -1 -3 -5 -2 -4 -8
right_child=1 3 6 4 -6 -7 7 -9
leaf_value=-0.0022363938913551448 0.002910906890789849 0.0015428834973827993 0.0012399160425404089 0.00027447999425429413 -0.0014105331170224827 0.00031775871814694644 -0.001677499032679096 0.00092496655019112025
leaf_weight=546.5950682759285 643.9596341997385 542.44180709123611 597.67381319403648 1279.7434904128313 1567.3476711213589 561.41583433747292 831.38036593794823 768.06878730654716
leaf_count=2209 2597 2190 2407 5167 6315 2263 3355 3102
internal_value=0 0.000258066 -0.000422913 -0.000274962 -0.00064426 0.00176317 3.08818e-05 -0.000409735
internal_weight=7338.63 4594.91 2743.72 3389.53 2847.09 1205.38 2197.12 1599.45
internal_count=29605 18532 11073 13672 11482 4860 8864 6457
is_linear=0
shrinkage=0.02


Tree=267
num_leaves=8
num_cat=0
split_feature=20 7 24 24 25 21 21
split_gain=1.9876 3.25596 5.22986 10.0165 6.06463 5.0698 6.76604
threshold=22.500000000000004 0.026575307361781601 8.9391999244689959 -5.8646998405456534 13.995662689208986 61.540000915527351 -40.804998397827141
decision_type=2 2 2 2 2 2 2
left_child=-1 2 3 -2 -4 6 -3
right_child=1 5 4 -5 -6 -7 -8
leaf_value=-0.0010560734750395659 -0.00042850268462499649 0.0019798061096260064 9.9195534245920901e-05 0.0023242708297594194 -0.0020259740196862243 0.0022148196530157936 -0.00074229841312163842
leaf_weight=622.32940398156643 1657.4313759505749 509.45330496132374 1042.9722425788641 739.54859507083893 1014.6935002952814 629.02402292191982 1123.1966239959002
leaf_count=2513 6689 2056 4203 2982 4097 2536 4529
internal_value=0 0.000104861 -0.000202565 0.000420159 -0.000942271 0.000722365 0.000101137
internal_weight=7338.65 6716.32 4454.65 2396.98 2057.67 2261.67 1632.65
internal_count=29605 27092 17971 9671 8300 9121 6585
is_linear=0
shrinkage=0.02


Tree=268
num_leaves=10
num_cat=0
split_feature=11 10 4 12 7 5 11 7 0
split_gain=1.99941 4.39678 6.43005 6.32759 6.52998 5.19179 3.09942 3.18681 3.36453
threshold=0.0091554676182568091 -0.015493243001401423 53.792057037353523 0.23876976966857913 0.022722560912370685 0.002076607546769083 0.022921233437955383 0.021443050354719165 1.1852017641067507
decision_type=2 2 2 2 2 2 2 2 2
left_child=1 3 5 4 -1 -3 -2 -8 -9
right_child=6 2 -4 -5 -6 -7 7 8 -10
leaf_value=-0.00031006295791153541 -0.0014474545769084283 0.00067911464221794384 -0.0008078420598239299 -0.0014966292299276635 0.0023398727554572838 0.003334137458112878 0.00099234497641841816 -0.0016353421941019738 0.00036592689871426997
leaf_weight=1170.1606735736132 797.62364074587822 816.59855957329273 512.35771279036999 992.9318080842495 506.89828324317932 500.4528996348381 782.32688495516777 625.96602968871593 633.31189531087875
leaf_count=4715 3225 3289 2065 3995 2052 2010 3162 2538 2554
internal_value=0 0.000265134 0.00101776 -0.000241258 0.000490855 0.00175737 -0.000410196 0 -0.000611974
internal_weight=7338.63 4499.4 1829.41 2669.99 1677.06 1317.05 2839.23 2041.6 1259.28
internal_count=29605 18126 7364 10762 6767 5299 11479 8254 5092
is_linear=0
shrinkage=0.02


Tree=269
num_leaves=8
num_cat=0
split_feature=14 10 3 22 3 8 11
split_gain=2.02171 4.4976 5.31622 3.93813 4.15693 7.86423 4.19858
threshold=-0.078496202826499925 -0.040313094854354851 -0.047946894541382783 1077.5000000000002 0.060480060055851943 0.048128347843885429 0.04939746484160424
decision_type=2 2 2 2 2 2 2
left_child=1 2 -1 4 5 -2 -6
right_child=3 -3 -4 -5 6 -7 -8
leaf_value=0.0010452531139220841 -0.00049853627098472289 0.0021199804861995377 -0.001389120921979151 0.001258200804007919 -0.0026706037683728191 0.0018924108053929997 -0.00010092053694062142
leaf_weight=783.63878412544727 3091.2786100804806 510.52322307229042 620.69130252301693 623.50186894834042 547.23250624537468 642.897131472826 518.63777755200863
leaf_count=3167 12468 2057 2498 2516 2211 2592 2096
internal_value=0 0.000558008 -1.00037e-05 -0.000193967 -0.000395623 -6.75417e-05 -0.00148411
internal_weight=7338.4 1914.85 1404.33 5423.55 4800.05 3734.18 1065.87
internal_count=29605 7722 5665 21883 19367 15060 4307
is_linear=0
shrinkage=0.02


Tree=270
num_leaves=5
num_cat=0
split_feature=16 23 21 16
split_gain=1.99583 3.32164 4.91145 4.34038
threshold=4.8408000469207773 0.55217561125755321 256.56499481201178 1.0101500153541567
decision_type=2 2 2 2
left_child=1 -1 3 -3
right_child=-2 2 -4 -5
leaf_value=0.0016140732439641967 -0.00085294841991284708 -0.00080010566013225014 0.0017054563622139094 0.00033471838950809338
leaf_weight=527.44055865705013 924.52170619368553 2540.1945598125458 576.2952191978693 2769.8329342901707
leaf_count=2128 3750 10249 2324 11154
internal_value=0 0.000129649 -3.11543e-06 -0.00020236
internal_weight=7338.28 6413.76 5886.32 5310.03
internal_count=29605 25855 23727 21403
is_linear=0
shrinkage=0.02


Tree=271
num_leaves=9
num_cat=0
split_feature=13 3 8 14 13 12 19 19
split_gain=1.98578 5.10844 9.99053 6.71726 4.52432 7.04756 5.81913 7.1722
threshold=0.013567937072366478 0.0069015421904623517 0.010062300134450199 -0.12558493763208387 0.17173510044813159 0.66666671633720409 0.6959500163793565 113.95640182495119
decision_type=2 2 2 2 2 2 8 8
left_child=1 2 3 -1 6 -6 -2 -8
right_child=4 -3 -4 -5 5 -7 7 -9
leaf_value=0.0013094438666958143 0.0026464131951209119 -0.0018045580204183664 0.002285107770917619 -0.00095262997403794511 -0.0020083863034496049 0.0010494291854767929 -0.0014140546597451878 0.0015187184959749164
leaf_weight=640.99361376464367 572.00763761997223 700.61608968675137 625.40752179920673 2349.2747535705566 615.70715457201004 532.98585556447506 563.4635898321867 737.74936909973621
leaf_count=2592 2306 2840 2511 9485 2485 2149 2269 2968
internal_value=0 -0.000271076 2.58445e-05 -0.00044884 0.000395052 -0.000565525 0.00100335 0.000218129
internal_weight=7338.21 4316.29 3615.68 2990.27 3021.91 1148.69 1873.22 1301.21
internal_count=29605 17428 14588 12077 12177 4634 7543 5237
is_linear=0
shrinkage=0.02


Tree=272
num_leaves=8
num_cat=0
split_feature=2 0 0 26 2 19 8
split_gain=1.97242 4.5453 6.16771 6.27037 3.19831 3.3737 4.77214
threshold=0.92500001192092907 1.2946459054946902 1.066703796386719 1.5000000000000002 1.8450000286102297 139.71375274658206 -0.01115917321294546
decision_type=2 2 2 10 2 8 2
left_child=1 2 3 -1 5 6 -2
right_child=4 -3 -4 -5 -6 -7 -8
leaf_value=-0.00068660643602116804 5.8790467661141987e-05 0.0012856426536243294 -0.0023763979583673106 0.0016704821592438671 -0.0010572176034402273 -0.00034251718590072258 0.0020073243514755266
leaf_weight=2048.4763336479664 1046.2256778329611 564.88613578677177 616.15316180884838 549.59972989559174 516.5218893289566 970.78588013350964 1025.3513372987509
leaf_count=8258 4226 2275 2485 2216 2089 3919 4137
internal_value=0 -0.000313383 -0.000613329 -0.000163079 0.000340521 0.000596359 0.00105292
internal_weight=7338 3779.12 3214.23 2598.08 3558.88 3042.36 2071.58
internal_count=29605 15234 12959 10474 14371 12282 8363
is_linear=0
shrinkage=0.02


Tree=273
num_leaves=6
num_cat=0
split_feature=22 22 3 8 8
split_gain=1.97316 5.31762 3.21225 7.24009 5.50436
threshold=15.500000000000002 33.500000000000007 0.021908963099122051 0.014214968774467708 0.064655315130949034
decision_type=2 2 2 2 2
left_child=-1 -2 3 -3 -4
right_child=1 2 4 -5 -6
leaf_value=-0.0011676139790418971 0.0020221637349031778 -0.00014542721604004984 -0.0018428397644118632 0.0019292051999462816 0.00016264617191778279
leaf_weight=509.50457386672497 505.56946988403797 3368.9278429299593 918.48063173890114 808.8521473556757 1226.7034748792648
leaf_count=2062 2040 13594 3709 3249 4951
internal_value=0 9.49891e-05 -6.03418e-05 0.000256159 -0.000689838
internal_weight=7338.04 6828.53 6322.96 4177.78 2145.18
internal_count=29605 27543 25503 16843 8660
is_linear=0
shrinkage=0.02


Tree=274
num_leaves=8
num_cat=0
split_feature=5 8 13 22 22 23 0
split_gain=1.98524 5.50383 3.84964 3.58641 8.30253 6.25133 2.71032
threshold=0.033739535138010986 0.061978241428732879 0.027863402850925926 379.50000000000006 139.50000000000003 0.79611295461654674 1.3030039668083193
decision_type=2 2 2 2 2 2 2
left_child=1 3 -2 4 -1 -5 -4
right_child=2 -3 6 5 -6 -7 -8
leaf_value=0.00031542332811868961 -0.0019845324818313164 0.0020773227788334165 -0.00084653100963833015 0.001666165332107953 -0.0016970024809389169 -0.0008270241503623506 0.0010896853387856991
leaf_weight=2296.9150138497353 521.08662895858288 528.77935986220837 585.94926969707012 1052.8240737766027 1229.2350971400738 601.0682148039341 522.08515520393848
leaf_count=9271 2114 2126 2373 4247 4953 2421 2100
internal_value=0 0.000179832 -0.000606792 -1.5447e-05 -0.000382418 0.000739097 3.67768e-05
internal_weight=7337.94 5708.82 1629.12 5180.04 3526.15 1653.89 1108.03
internal_count=29605 23018 6587 20892 14224 6668 4473
is_linear=0
shrinkage=0.02


Tree=275
num_leaves=8
num_cat=0
split_feature=0 0 22 24 4 26 3
split_gain=1.97115 3.086 4.80562 6.8593 3.69496 3.57496 3.96613
threshold=0.67599794268608104 0.9041399657726289 75.500000000000014 5.5053999423980722 54.887197494506843 1.5000000000000002 -0.057116257026791566
decision_type=2 2 2 2 2 10 2
left_child=-1 5 4 -4 -3 6 -2
right_child=1 2 3 -5 -6 -7 -8
leaf_value=0.00082352775809136139 0.00019013073110622989 0.00018022508714251172 0.0016038747414348362 -0.00035377085427629998 -0.0019250843566545742 0.0007093636750535561 -0.0017561962834483885
leaf_weight=988.08574113249779 571.18677315115929 656.31066906452179 1465.9003176540136 1316.8001782298088 592.4114695340395 506.39655774831772 1240.7484631091356
leaf_count=3978 2303 2648 5907 5308 2404 2044 5013
internal_value=0 -0.000126515 0.000200742 0.00066919 -0.00080693 -0.000707648 -0.00112799
internal_weight=7337.84 6349.75 4031.42 2782.7 1248.72 2318.33 1811.94
internal_count=29605 25627 16267 11215 5052 9360 7316
is_linear=0
shrinkage=0.02


Tree=276
num_leaves=9
num_cat=0
split_feature=1 8 5 9 22 22 10 19
split_gain=1.96882 4.42064 4.98536 3.20481 3.46631 5.87793 4.06791 1.38909
threshold=11.025557041168215 -0.048624096438288682 -0.0083363684825599176 -0.062075804919004433 174.50000000000003 99.500000000000014 -0.017880378291010853 32.518999099731452
decision_type=2 2 2 2 2 2 2 10
left_child=1 -1 -3 7 5 -5 -6 -2
right_child=3 2 -4 4 6 -7 -8 -9
leaf_value=0.0016527691305888792 -0.001945438724512894 -0.0017390519093039342 0.00068475224317428394 0 -0.0017782137611557841 0.0024365899912427635 5.6939963109879559e-05 -0.00034166371583578737
leaf_weight=813.33629016578197 505.91236098110676 500.40557332336903 922.07397356629372 1459.7018023878336 672.07171830534935 508.55667419731617 1457.1237761825323 498.49286895990372
leaf_count=3280 2044 2016 3713 5905 2712 2046 5878 2011
internal_value=0 0.000495522 -0.000157004 -0.000213033 2.85317e-05 0.000638018 -0.00051849 -0.00121217
internal_weight=7337.68 2235.82 1422.48 5101.86 4097.45 1968.26 2129.2 1004.41
internal_count=29605 9009 5729 20596 16541 7951 8590 4055
is_linear=0
shrinkage=0.02


Tree=277
num_leaves=9
num_cat=0
split_feature=11 10 4 3 5 23 13 19
split_gain=1.96036 4.22132 5.71897 5.65088 5.39632 3.09944 3.0787 2.9531
threshold=0.0091554676182568091 0.0062499840278178462 50.782840728759773 -0.0073640942573547355 -0.020781681872904297 0.83994388580322277 0.16761750727891925 46.049350738525398
decision_type=2 2 2 2 2 2 2 10
left_child=1 3 -3 4 -1 7 -7 -2
right_child=5 2 -4 -5 -6 6 -8 -9
leaf_value=-7.9434647198731956e-05 -6.4205643603208203e-05 0.0027875558101946463 0 -0.0014068517889383719 0.0021293046072578506 0.0015311047844378137 -0.00059998115935766874 -0.001707248877485505
leaf_weight=1911.8888052552938 933.44616709649563 524.80927874147892 600.4277233928442 921.2727263122797 540.34268626570702 510.90685611963272 499.93445710837841 894.58799479901791
leaf_count=7710 3781 2108 2418 3711 2179 2060 2021 3617
internal_value=0 0.000262782 0.0013117 -8.29808e-05 0.000408238 -0.000405961 0.000451837 -0.000900034
internal_weight=7337.62 4498.74 1125.24 3373.5 2452.23 2838.88 1010.84 1828.03
internal_count=29605 18126 4526 13600 9889 11479 4081 7398
is_linear=0
shrinkage=0.02


Tree=278
num_leaves=8
num_cat=0
split_feature=14 21 24 22 3 8 0
split_gain=2.01002 3.90875 5.73728 3.76459 4.068 7.16361 6.86208
threshold=-0.078496202826499925 54.159999847412116 2.7594000101089482 1077.5000000000002 0.052055817097425468 0.048128347843885429 1.1965138316154482
decision_type=2 2 2 2 2 2 2
left_child=1 2 -1 4 5 -2 -6
right_child=3 -3 -4 -5 6 -7 -8
leaf_value=0.0011282457093631016 -0.00043969255083563952 0.0018497111709044373 -0.0014816970282263281 0.0012259551271282913 -0.002920428349457231 0.0019696776641856093 2.8606740848053566e-05
leaf_weight=710.74483923614025 3046.540088430047 607.71270599961281 596.14589247107506 623.50280967354774 574.03390480577946 563.23503671586514 615.61358752846718
leaf_count=2868 12289 2448 2406 2516 2328 2270 2480
internal_value=0 0.000556408 -3.96844e-05 -0.000193436 -0.000390721 -4.29911e-05 -0.0013935
internal_weight=7337.53 1914.6 1306.89 5422.93 4799.42 3609.78 1189.65
internal_count=29605 7722 5274 21883 19367 14559 4808
is_linear=0
shrinkage=0.02


Tree=279
num_leaves=6
num_cat=0
split_feature=16 23 1 22 20
split_gain=1.93925 3.20207 4.3302 5.92253 5.35731
threshold=4.8408000469207773 0.55217561125755321 11.025557041168215 257.50000000000006 354.50000000000006
decision_type=2 2 2 2 2
left_child=1 -1 3 -3 -4
right_child=-2 2 4 -5 -6
leaf_value=0.0015854925231368368 -0.00084062892055508133 -3.0147140414432121e-05 0.00043689790560832927 0.0023613269231309211 -0.00098905679792077447
leaf_weight=527.39756043255329 924.37979280948639 1087.356600895524 1837.6087238937616 616.34409621357918 2344.3034955412149
leaf_count=2128 3750 4380 7413 2477 9457
internal_value=0 0.000128004 -2.24581e-06 0.00083438 -0.000354731
internal_weight=7337.39 6413.01 5885.61 1703.7 4181.91
internal_count=29605 25855 23727 6857 16870
is_linear=0
shrinkage=0.02


Tree=280
num_leaves=7
num_cat=0
split_feature=20 20 19 4 22 1
split_gain=1.96325 3.15862 5.61199 4.55436 3.95677 3.77521
threshold=22.500000000000004 336.50000000000006 248.08325195312503 55.810249328613288 141.50000000000003 11.804609775543215
decision_type=2 2 8 2 2 2
left_child=-1 3 5 4 -2 -3
right_child=1 2 -4 -5 -6 -7
leaf_value=-0.0010492341995323501 0.0026109189736525278 0.00067343345065737023 -0.0016709835507456119 -0.00047976376475135487 0.00040060056894043137 -0.00059851569335103423
leaf_weight=622.18762263655663 603.19367572665215 2198.0267798751593 812.33788634836674 743.01729181408882 791.08177383244038 1567.4345480948687
leaf_count=2513 2432 8864 3280 3003 3188 6325
internal_value=0 0.000104676 -0.000185518 0.000738544 0.00141107 0.000133735
internal_weight=7337.28 6715.09 4577.8 2137.29 1394.28 3765.46
internal_count=29605 27092 18469 8623 5620 15189
is_linear=0
shrinkage=0.02


Tree=281
num_leaves=8
num_cat=0
split_feature=13 9 8 10 19 13 19
split_gain=2.07301 5.06644 8.18447 6.39015 4.41095 5.18011 8.31031
threshold=0.013567937072366478 0.051124071702361114 0.014214968774467708 -0.048241227865219109 173.52719879150393 0.17173510044813159 0.6959500163793565
decision_type=2 2 2 2 10 2 8
left_child=1 2 3 -1 5 6 -2
right_child=4 -3 -4 -5 -6 -7 -8
leaf_value=0.00072194139734819084 0.0025911331676173243 -0.0020688032785084044 0.0019061379679595153 -0.0011441485918638856 0.001912879959622906 -0.0011517970060647392 -0.00039303634332587878
leaf_weight=1113.598400592804 572.04911598563194 527.29104356467724 695.49768514931202 1979.341923058033 593.61155608296394 914.17827606201172 941.63721300661564
leaf_count=4498 2306 2132 2800 7998 2389 3690 3792
internal_value=0 -0.000277163 -6.57682e-06 -0.000459982 0.000403488 4.15595e-06 0.000733512
internal_weight=7337.21 4315.73 3788.44 3092.94 3021.48 2427.86 1513.69
internal_count=29605 17428 15296 12496 12177 9788 6098
is_linear=0
shrinkage=0.02


Tree=282
num_leaves=8
num_cat=0
split_feature=13 9 8 10 10 4 3
split_gain=1.99165 4.87723 7.86734 6.14311 4.35294 6.06431 4.9208
threshold=0.013567937072366478 0.051124071702361114 0.014214968774467708 -0.048241227865219109 -0.04346684738993644 50.194173812866218 0.050625937059521682
decision_type=2 2 2 2 2 2 2
left_child=1 2 3 -1 -2 -6 -7
right_child=4 -3 -4 -5 5 6 -8
leaf_value=0.00070781951192043925 -0.0011201148047834072 -0.002029519005128386 0.0018691282049735109 -0.001121638114771826 0.0023321878846346211 0.0016638942449218623 -0.0005715902229008387
leaf_weight=1113.5801086127758 570.78822350502014 527.21423698961735 695.55949948728085 1979.1693890690804 687.88668228685856 549.89317229390144 1212.9629572331905
leaf_count=4498 2297 2132 2800 7998 2766 2214 4900
internal_value=0 -0.000271527 -5.86965e-06 -0.000450638 0.000395633 0.00077111 0.000117988
internal_weight=7337.05 4315.52 3788.31 3092.75 3021.53 2450.74 1762.86
internal_count=29605 17428 15296 12496 12177 9880 7114
is_linear=0
shrinkage=0.02


Tree=283
num_leaves=9
num_cat=0
split_feature=2 3 8 9 0 0 26 13
split_gain=1.9607 5.47381 6.68888 5.07678 4.33528 5.9717 5.8878 3.71445
threshold=0.92500001192092907 -0.079145316034555421 -0.01115917321294546 0.010919585824012758 1.2946459054946902 1.066703796386719 1.5000000000000002 -0.028492297977209088
decision_type=2 2 2 2 2 2 10 2
left_child=4 -2 7 -4 5 6 -1 -3
right_child=1 2 3 -5 -6 -7 -8 -9
leaf_value=-0.00067009645588314798 0.0019457142353680179 -0.0024957594892767074 0.0023574005434883125 4.4792534013905841e-06 0.0012484315333979349 -0.0023409398510811979 0.001613690944384076 -8.3050907242456819e-05
leaf_weight=2048.1033916026354 662.63875535130501 502.11128942668438 500.0771714001894 1329.5664981156588 564.84571371972561 615.98003502190113 549.5848286151886 563.97095194458961
leaf_count=8258 2677 2032 2016 5369 2275 2485 2216 2277
internal_value=0 0.000339369 -2.85189e-05 0.000689852 -0.000312643 -0.000605723 -0.000162393 -0.00128345
internal_weight=7336.88 3558.36 2895.73 1829.64 3778.51 3213.67 2597.69 1066.08
internal_count=29605 14371 11694 7385 15234 12959 10474 4309
is_linear=0
shrinkage=0.02


Tree=284
num_leaves=9
num_cat=0
split_feature=13 3 8 3 13 9 9 7
split_gain=1.90588 4.8768 12.7617 7.0102 4.2475 5.64991 3.74064 3.14094
threshold=0.013567937072366478 0.0026369343977421526 0.010062300134450199 -0.069907486438751207 0.049814485013484962 0.054948590695858009 -0.0009940909221768377 0.033881762996315963
decision_type=2 2 2 2 2 2 2 2
left_child=1 2 3 -1 -2 6 -6 -7
right_child=4 -3 -4 -5 5 7 -8 -9
leaf_value=0.00047037861885225284 0.0018493533503506799 -0.0016652226051087754 0.0027343684183083593 -0.0014504341114658858 0 0.0020484004065127802 -0.0021177146437166968 0
leaf_weight=1487.0045195817947 606.24665942788124 786.95689141750336 568.9370269626379 1472.3126531988382 760.51942305266857 568.02336350083351 539.67034097015858 547.09938551485538
leaf_count=6005 2438 3189 2284 5950 3067 2291 2175 2206
internal_value=0 -0.000265382 4.55675e-05 -0.000476815 0.000387256 0 -0.000882762 0.00103825
internal_weight=7336.77 4315.21 3528.25 2959.32 3021.56 2415.31 1300.19 1115.12
internal_count=29605 17428 14239 11955 12177 9739 5242 4497
is_linear=0
shrinkage=0.02


Tree=285
num_leaves=8
num_cat=0
split_feature=0 0 22 24 11 2 19
split_gain=1.91758 2.91094 4.61145 6.56287 3.88628 4.8642 3.56863
threshold=0.67219731211662304 0.9041399657726289 75.500000000000014 5.5053999423980722 -0.029099406674504277 0.80500000715255748 9.1728997230529803
decision_type=2 2 2 2 2 2 10
left_child=-1 4 6 -4 -2 -6 -3
right_child=1 2 3 -5 5 -7 -8
leaf_value=0.00082628006230209326 0.00046174149011042414 -0.0019630354380210584 0.0015699469412709807 -0.00034462799153012766 -0.0028424396284950177 -0.00043332979046557731 0.00011666245900830584
leaf_weight=958.97088725864887 748.41285060346127 550.11648419499397 1465.8135237246752 1316.5787460207939 499.25325392186642 1099.1658807843924 698.24418824911118
leaf_count=3861 3012 2227 5907 5308 2019 4446 2825
internal_value=0 -0.000122378 0.000196564 0.000655598 -0.000682254 -0.00123967 -0.000790439
internal_weight=7336.56 6377.58 4030.75 2782.39 2346.83 1598.42 1248.36
internal_count=29605 25744 16267 11215 9477 6465 5052
is_linear=0
shrinkage=0.02


Tree=286
num_leaves=7
num_cat=0
split_feature=16 8 9 16 22 13
split_gain=1.89597 3.17558 14.543 3.33684 5.5533 5.44159
threshold=4.8408000469207773 -0.094751875847578035 -0.083884634077548967 0.98645001649856578 174.50000000000003 -0.10417638346552847
decision_type=2 2 2 2 2 2
left_child=1 2 -1 4 -3 -5
right_child=-2 3 -4 5 -6 -7
leaf_value=-0.001123364151231524 -0.00083117508939231687 8.5573025582487628e-05 0.0035326163538468899 0.0022353674210479962 -0.0018244328246932522 0
leaf_weight=520.56194047629833 924.2321120351553 1653.2893724739552 495.4129564166069 503.93627724051476 908.04951736330986 2330.9466609358788
leaf_count=2094 3750 6674 2008 2028 3662 9389
internal_value=0 0.000126658 0.00114054 -6.16021e-05 -0.000587895 0.000401877
internal_weight=7336.43 6412.2 1015.97 5396.22 2561.34 2834.88
internal_count=29605 25855 4102 21753 10336 11417
is_linear=0
shrinkage=0.02


Tree=287
num_leaves=6
num_cat=0
split_feature=22 22 20 22 16
split_gain=1.90015 5.20239 3.21796 3.89638 2.67789
threshold=15.500000000000002 33.500000000000007 2014.5000000000002 104.50000000000001 1.0101500153541567
decision_type=2 2 2 2 2
left_child=-1 -2 3 -3 -4
right_child=1 2 4 -5 -6
leaf_value=-0.0011461033152312613 0.0019995978516513446 -0.0011454157256477985 0 5.7966751860118063e-05 0.0019277492455196279
leaf_weight=509.30828693509102 505.44687560200691 1452.7337588518858 582.9381295144558 3774.3813761174679 511.36336332559586
leaf_count=2062 2040 5872 2350 15220 2061
internal_value=0 9.31465e-05 -6.04487e-05 -0.000273132 0.000906309
internal_weight=7336.17 6826.86 6321.42 5227.12 1094.3
internal_count=29605 27543 25503 21092 4411
is_linear=0
shrinkage=0.02


Tree=288
num_leaves=6
num_cat=0
split_feature=12 13 13 16 3
split_gain=1.90617 5.81708 5.23701 5.19685 4.71245
threshold=0.86973083019256603 0.20993287116289142 0.013567937072366478 1.8139500021934511 0.0026369343977421526
decision_type=2 2 2 2 2
left_child=1 2 4 -4 -1
right_child=-2 -3 3 -5 -6
leaf_value=0 0.0011068840355248646 -0.0020131791998744719 0.0016949085133809861 -0.00035894098290531479 -0.0016976662017500136
leaf_weight=3446.9603990912437 553.38992577791214 553.21238544583321 1265.525344222784 744.08904685080051 772.94924835860729
leaf_count=13912 2232 2234 5091 3003 3133
internal_value=0 -8.98658e-05 8.2092e-05 0.000920949 -0.000311606
internal_weight=7336.13 6782.74 6229.52 2009.61 4219.91
internal_count=29605 27373 25139 8094 17045
is_linear=0
shrinkage=0.02


Tree=289
num_leaves=8
num_cat=0
split_feature=21 18 21 2 22 20 7
split_gain=1.8844 5.89707 4.99992 5.57588 5.25291 2.64412 2.27399
threshold=-6.7749998569488517 12.502299785614015 0.99499997496604931 1.3949999809265139 48.500000000000007 1468.5000000000002 0.01854967046529055
decision_type=2 2 2 2 2 2 2
left_child=1 -1 -2 4 -4 6 -3
right_child=2 5 3 -5 -6 -7 -8
leaf_value=-0.0022225369207120901 0.0020894627136835283 -0.00041774886151555243 0.0018621416623052184 -0.0016210185426309193 -4.412029547685436e-05 -0.001025049232797372 0.0010907209088299047
leaf_weight=546.34740687906742 500.53708206117153 604.66216975450516 698.05322906374931 669.42892821133137 2725.3985516428947 615.43903230130672 976.16852088272572
leaf_count=2209 2019 2442 2819 2706 10988 2482 3940
internal_value=0 -0.00040918 0.000250841 6.07498e-06 0.000344098 4.44067e-05 0.000493007
internal_weight=7336.03 2742.62 4593.42 4092.88 3423.45 2196.27 1580.83
internal_count=29605 11073 18532 16513 13807 8864 6382
is_linear=0
shrinkage=0.02


Tree=290
num_leaves=10
num_cat=0
split_feature=2 3 8 9 4 10 18 20 22
split_gain=1.89224 5.09705 6.38651 4.92219 4.27838 11.2628 5.7655 3.55066 2.87526
threshold=0.92500001192092907 -0.079145316034555421 -0.01115917321294546 0.010919585824012758 53.015216827392585 0.0085439588874578493 15.471350193023683 568.50000000000011 174.50000000000003
decision_type=2 2 2 2 2 2 2 2 2
left_child=4 -2 8 -4 5 6 -1 -6 -3
right_child=1 2 3 -5 7 -7 -8 -9 -10
leaf_value=-0.0017361609196244565 0.0018831306017578374 -8.6339177529953684e-05 0.002322077538908732 4.7815447041064257e-06 -0.0024581205242123149 0.0027266158046279723 0.00031104799507006487 -8.8506811177750726e-05 -0.0022279036860767308
leaf_weight=888.35593634843826 662.55355259776115 516.82269324362278 500.09366722404957 1329.4593423455954 548.07744106650352 508.75133648514748 1315.199380427599 517.68038296699524 549.02076125144958
leaf_count=3584 2677 2091 2016 5369 2215 2045 5299 2091 2218
internal_value=0 0.000333088 -2.15002e-05 0.000680139 -0.000307484 0.000104246 -0.000507464 -0.00136852 -0.00124835
internal_weight=7336.01 3557.95 2895.4 1829.55 3778.06 2712.31 2203.56 1065.76 1065.84
internal_count=29605 14371 11694 7385 15234 10928 8883 4306 4309
is_linear=0
shrinkage=0.02


Tree=291
num_leaves=8
num_cat=0
split_feature=20 7 24 24 4 21 21
split_gain=1.88817 3.14191 5.05366 9.47895 5.7054 4.74064 6.61998
threshold=22.500000000000004 0.026575307361781601 8.9391999244689959 -5.8646998405456534 53.015216827392585 61.540000915527351 -40.804998397827141
decision_type=2 2 2 2 2 2 2
left_child=-1 2 3 -2 -4 6 -3
right_child=1 5 4 -5 -6 -7 -8
leaf_value=-0.0010295122533056562 -0.0004129493952794342 0.0019656733674761145 -0.000110609068090837 0.0022648768218102625 -0.002327219085880359 0.0021527703746352547 -0.00072714634653312188
leaf_weight=622.03768616914749 1656.7410062402487 509.24401856958866 1332.386569544673 739.43676763772964 724.45263221859932 628.86868377029896 1122.6825740933418
leaf_count=2513 6689 2056 5371 2982 2929 2536 4529
internal_value=0 0.000102262 -0.000199673 0.000412378 -0.000927053 0.000709052 0.000107103
internal_weight=7335.85 6713.81 4453.02 2396.18 2056.84 2260.8 1631.93
internal_count=29605 27092 17971 9671 8300 9121 6585
is_linear=0
shrinkage=0.02


Tree=292
num_leaves=6
num_cat=0
split_feature=22 22 1 22 24
split_gain=1.88436 4.89582 3.15936 5.34963 4.47046
threshold=15.500000000000002 33.500000000000007 12.842210292816164 941.50000000000011 24.529549598693851
decision_type=2 2 2 2 2
left_child=-1 -2 3 -3 -4
right_child=1 2 4 -5 -6
leaf_value=-0.0011419230697034437 0.0019415638775912647 -4.511144533014297e-05 -1.5820799970319548e-05 0.0019963413667574616 -0.0022682955231789355
leaf_weight=509.27756501734257 505.48661328852177 4188.5123202353716 1038.5228295475245 556.37108933925629 537.62601538002491
leaf_count=2062 2040 16897 4195 2239 2172
internal_value=0 9.22231e-05 -5.66235e-05 0.000195351 -0.000829889
internal_weight=7335.8 6826.52 6321.03 4744.88 1576.15
internal_count=29605 27543 25503 19136 6367
is_linear=0
shrinkage=0.02


Tree=293
num_leaves=8
num_cat=0
split_feature=21 18 21 2 12 25 10
split_gain=1.83896 5.61027 4.74678 5.37656 5.06053 2.85089 6.55158
threshold=-6.7749998569488517 12.502299785614015 0.99499997496604931 1.3949999809265139 0.32220703363418585 13.291081905364992 0.0019029494724236431
decision_type=2 2 2 2 2 2 2
left_child=1 -1 -2 4 -4 -3 -7
right_child=2 5 3 -5 -6 6 -8
leaf_value=-0.0021736240589528338 0.0020386300505636197 0.0012033513507373416 0.0009372552408801599 -0.0015892951322345084 -0.00063095164395057292 -0.0016121849023375255 0.00090020412975968579
leaf_weight=546.2578386515379 500.58520196378231 597.49211958050728 2144.6675954908133 669.3142786771059 1278.6649504601955 830.92876382172108 767.8348533064127
leaf_count=2209 2019 2407 8650 2706 5157 3355 3102
internal_value=0 -0.000404888 0.000247153 8.38141e-06 0.000340429 3.71193e-05 -0.000387247
internal_weight=7335.75 2742.51 4593.23 4092.65 3423.33 2196.26 1598.76
internal_count=29605 11073 18532 16513 13807 8864 6457
is_linear=0
shrinkage=0.02


Tree=294
num_leaves=9
num_cat=0
split_feature=2 3 8 9 0 0 26 13
split_gain=1.86626 4.91593 6.15481 4.74426 4.15339 5.77913 5.61184 3.51892
threshold=0.92500001192092907 -0.079145316034555421 -0.01115917321294546 0.010919585824012758 1.2946459054946902 1.066703796386719 1.5000000000000002 -0.028492297977209088
decision_type=2 2 2 2 2 2 10 2
left_child=4 -2 7 -4 5 6 -1 -3
right_child=1 2 3 -5 -6 -7 -8 -9
leaf_value=-0.00065267413682964712 0.0018525000339992895 -0.0024020829286598533 0.0022827821880551146 7.1422256512216634e-06 0.001221694567270028 -0.0023001644555224149 0.0015769590090712218 -5.4192533197842993e-05
leaf_weight=2047.7109134048223 662.52848394215107 501.8516708612442 500.14992624521255 1329.4210192114115 564.80814652144909 615.82450973987579 549.55302321910858 563.85261696577072
leaf_count=8258 2677 2032 2016 5369 2275 2485 2216 2277
internal_value=0 0.000330302 -1.77163e-05 0.000670813 -0.000305881 -0.000592952 -0.000156606 -0.00122252
internal_weight=7335.7 3557.8 2895.28 1829.57 3777.9 3213.09 2597.26 1065.7
internal_count=29605 14371 11694 7385 15234 12959 10474 4309
is_linear=0
shrinkage=0.02


Tree=295
num_leaves=6
num_cat=0
split_feature=9 8 13 23 19
split_gain=1.83185 8.96029 3.41144 4.80997 3.94643
threshold=-0.1060948111116886 -0.10804748907685278 0.013567937072366478 0.87517863512039196 248.08325195312503
decision_type=2 2 2 2 8
left_child=-1 -2 4 -4 -3
right_child=1 2 3 -5 -6
leaf_value=-0.0011109662078890494 0.0025316004870039443 -0.00019704637121767551 0.0010987078446373932 -0.00056851937773024148 -0.0019330857495862114
leaf_weight=522.76135802268982 530.68709602952003 2877.9330461323261 1625.3255200088024 1141.0770213156939 637.80175113677979
leaf_count=2106 2151 11619 6550 4601 2578
internal_value=0 9.19614e-05 -0.000117121 0.000398747 -0.000533471
internal_weight=7335.59 6812.82 6282.14 2766.4 3515.73
internal_count=29605 27499 25348 11151 14197
is_linear=0
shrinkage=0.02


Tree=296
num_leaves=6
num_cat=0
split_feature=12 13 13 19 19
split_gain=1.83164 5.66974 4.90214 5.78944 5.1878
threshold=0.86973083019256603 0.20993287116289142 0.013567937072366478 0.6959500163793565 232.01160430908206
decision_type=2 2 2 8 10
left_child=1 2 4 -4 -1
right_child=-2 -3 3 -5 -6
leaf_value=-1.8086455540830832e-05 0.0010839961433637708 -0.0019881053663252965 0.0024583093739033975 0.00013250000951508002 -0.0021001275584553573
leaf_weight=3686.3932966291904 553.40835666656494 553.13106444478035 622.9392449259758 1386.713193655014 532.84499506652355
leaf_count=14895 2232 2234 2511 5583 2150
internal_value=0 -8.91494e-05 8.05497e-05 0.000892244 -0.000300191
internal_weight=7335.43 6782.02 6228.89 2009.65 4219.24
internal_count=29605 27373 25139 8094 17045
is_linear=0
shrinkage=0.02


Tree=297
num_leaves=6
num_cat=0
split_feature=22 22 3 8 8
split_gain=1.82084 4.66634 3.07791 6.33989 5.34015
threshold=15.500000000000002 33.500000000000007 0.021908963099122051 0.014214968774467708 0.064655315130949034
decision_type=2 2 2 2 2
left_child=-1 -2 3 -3 -4
right_child=1 2 4 -5 -6
leaf_value=-0.0011230983547985136 0.0018956386290537349 -0.00012055987503974483 -0.001807631734392891 0.0018201831406362229 0.00016782801499709281
leaf_weight=509.21840292215347 505.50374121963978 3367.4832986593246 918.14201731979847 808.74986262619495 1226.3500104546547
leaf_count=2062 2040 13594 3709 3249 4951
internal_value=0 9.0151e-05 -5.50397e-05 0.000254719 -0.000671511
internal_weight=7335.45 6826.23 6320.73 4176.23 2144.49
internal_count=29605 27543 25503 16843 8660
is_linear=0
shrinkage=0.02


Tree=298
num_leaves=8
num_cat=0
split_feature=0 0 22 22 11 2 19
split_gain=1.83199 2.84789 4.55838 6.3794 3.71458 4.6841 3.71152
threshold=0.67219731211662304 0.9041399657726289 74.500000000000014 141.50000000000003 -0.029099406674504277 0.80500000715255748 9.1728997230529803
decision_type=2 2 2 2 2 2 10
left_child=-1 4 6 -4 -2 -6 -3
right_child=1 2 3 -5 5 -7 -8
leaf_value=0.00080640768984235986 0.00044288041877202741 -0.0020014446164368046 0.0024067036494067953 0.00011291396790912196 -0.0027933191178334364 -0.00042768208891098429 0.00013449142022166211
leaf_weight=958.87169227004051 748.28807604312897 542.02700367569923 615.47112010419369 2182.683758854866 499.08371496200562 1098.9802136421204 689.93989090621471
leaf_count=3861 3012 2195 2479 8801 2019 4446 2792
internal_value=0 -0.000120927 0.000194484 0.000646816 -0.000674808 -0.00121984 -0.00079606
internal_weight=7335.35 6376.47 4030.12 2798.15 2346.35 1598.06 1231.97
internal_count=29605 25744 16267 11280 9477 6465 4987
is_linear=0
shrinkage=0.02


Tree=299
num_leaves=8
num_cat=0
split_feature=5 8 13 22 22 23 14
split_gain=1.84234 5.12847 3.58292 3.51171 7.81581 5.97574 3.12486
threshold=0.033739535138010986 0.061978241428732879 0.027863402850925926 379.50000000000006 139.50000000000003 0.79611295461654674 0.13378831744194034
decision_type=2 2 2 2 2 2 2
left_child=1 3 -2 4 -1 -5 -4
right_child=2 -3 6 5 -6 -7 -8
leaf_value=0.00029746963787841081 -0.0019154842763885131 0.0020040801823955814 -0.0010325760157877484 0.0016372953775926954 -0.0016550531075965064 -0.00079995477985078331 0.0010473721783684821
leaf_weight=2296.0197732299566 520.69751489162445 528.68566462397575 521.68028020858765 1052.4064628183842 1228.7383678406477 600.86208140850067 586.11491800844669
leaf_count=9271 2114 2126 2111 4247 4953 2421 2362
internal_value=0 0.000172236 -0.000585715 -1.6073e-05 -0.000379338 0.000730616 3.39797e-05
internal_weight=7335.21 5706.71 1628.49 5178.03 3524.76 1653.27 1107.8
internal_count=29605 23018 6587 20892 14224 6668 4473
is_linear=0
shrinkage=0.02


Tree=300
num_leaves=7
num_cat=0
split_feature=1 8 22 18 25 20
split_gain=1.81917 4.20861 4.70069 3.19052 4.63596 4.5074
threshold=11.025557041168215 -0.048624096438288682 248.50000000000003 50.126251220703132 13.40621852874756 336.50000000000006
decision_type=2 2 2 2 2 2
left_child=1 -1 -3 4 -2 -6
right_child=3 2 -4 -5 5 -7
leaf_value=0.0016050573302047808 -0.0020663971215231667 -0.0011316749994159728 0.0011566720807463806 0.00098511308788550543 0.00061212196212919704 -0.00076213384415318476
leaf_weight=812.96853837370872 569.29756225645542 836.92806108295918 585.1214267462492 727.60480323433876 1670.3336218893528 2132.852420642972
leaf_count=3280 2297 3374 2355 2939 6749 8611
internal_value=0 0.000475306 -0.000160868 -0.000205932 -0.000416875 -0.000148822
internal_weight=7335.11 2235.02 1422.05 5100.09 4372.48 3803.19
internal_count=29605 9009 5729 20596 17657 15360
is_linear=0
shrinkage=0.02


Tree=301
num_leaves=8
num_cat=0
split_feature=20 20 6 4 23 23 5
split_gain=1.82966 3.09125 3.8306 6.36264 3.68188 5.25347 5.0323
threshold=22.500000000000004 426.50000000000006 2.0220799446105961 41.008487701416023 0.69831475615501415 0.74831923842430126 -0.021679469384253022
decision_type=2 2 2 2 2 2 2
left_child=-1 2 3 -2 6 -6 -3
right_child=1 4 -4 -5 5 -7 -8
leaf_value=-0.001014128906978954 0.0015648714477381038 -0.00061815076589174275 0.0018302123610809764 -0.00081610284103472838 -0.0022987941140234724 -0.00017265974140534887 0.0016374321081035707
leaf_weight=621.93644843995571 722.97942161560059 724.89177475869656 748.48014681041241 1090.7724589407444 598.44748972356319 2041.7893635630608 785.72706861793995
leaf_count=2513 2918 2925 3016 4407 2422 8235 3169
internal_value=0 0.000100075 0.000646923 0.000120854 -0.000230379 -0.000684917 0.000538164
internal_weight=7335.02 6713.09 2562.23 1813.75 4150.86 2640.24 1510.62
internal_count=29605 27092 10341 7325 16751 10657 6094
is_linear=0
shrinkage=0.02


Tree=302
num_leaves=6
num_cat=0
split_feature=15 15 16 18 24
split_gain=1.85615 3.16266 5.57163 4.87321 1.63283
threshold=4.4807000160217294 2.8113000392913823 0.40925000607967382 38.591400146484382 26.055350303649906
decision_type=2 2 2 2 2
left_child=1 2 -1 -4 -3
right_child=-2 4 3 -5 -6
leaf_value=-0.0018214749062997865 -0.0010487631230362915 0.0019192271620031669 -7.7568491206634856e-05 0.0018445908844683763 0.00021204318782040048
leaf_weight=629.34793919324875 591.85595025122166 498.36997203528881 4545.5884902477264 568.9568048864603 500.85592357814312
leaf_count=2538 2393 2009 18345 2296 2024
internal_value=0 9.8007e-05 -7.81479e-05 0.000136676 0.00112488
internal_weight=7334.98 6743.12 5743.89 5114.55 999.226
internal_count=29605 27212 23179 20641 4033
is_linear=0
shrinkage=0.02


Tree=303
num_leaves=10
num_cat=0
split_feature=1 8 5 9 5 8 1 26 23
split_gain=1.81401 4.05889 4.62582 3.1253 6.39989 5.4006 5.18875 4.35273 8.49734
threshold=11.025557041168215 -0.048624096438288682 -0.0083363684825599176 -0.020034817978739735 0.032169939950108535 0.049632873386144645 12.592143535614015 1.0000000180025095e-35 0.71641787886619579
decision_type=2 2 2 2 2 2 2 10 2
left_child=1 -1 -3 7 5 -5 -6 8 -2
right_child=3 2 -4 4 6 -7 -8 -9 -10
leaf_value=0.0015838208139568575 -3.4195507756330315e-05 -0.0016750085898866391 0.0006599822060720387 0.00020831380917611368 -0.0021380201176537696 0.0026217211612700681 0.00022862048748153977 0.00066791049385869208 -0.0032310377878835821
leaf_weight=812.96267534792423 797.99415822327137 500.1588958054781 921.81594550609589 1277.5125178843737 633.13885036110878 525.75242832303047 784.54136545956135 503.16907003521919 577.9259228259325
leaf_count=3280 3225 2016 3713 5151 2564 2114 3170 2034 2338
internal_value=0 0.000474496 -0.000149869 -0.000205786 0.000163161 0.000957525 -0.00082064 -0.000851759 -0.00143593
internal_weight=7334.97 2234.94 1421.97 5100.03 3220.95 1803.26 1417.68 1879.09 1375.92
internal_count=29605 9009 5729 20596 12999 7265 5734 7597 5563
is_linear=0
shrinkage=0.02


Tree=304
num_leaves=10
num_cat=0
split_feature=2 3 23 8 4 10 3 20 18
split_gain=1.79551 4.64503 6.08274 4.958 4.08987 10.7209 5.57195 3.43237 2.77109
threshold=0.92500001192092907 -0.079145316034555421 0.81883782148361217 -0.01115917321294546 53.015216827392585 0.0085439588874578493 -0.0073640942573547355 568.50000000000011 23.857749938964847
decision_type=2 2 2 2 2 2 2 2 2
left_child=4 -2 3 -3 5 6 -1 -6 -4
right_child=1 2 8 -5 7 -7 -8 -9 -10
leaf_value=0.00013294969717315665 0.0018034970312536195 -0.0019380755729519552 0.0001323768391238353 0.00015022319429064111 -0.0024092110551255466 0.0026608376154541656 -0.0020341538297391883 -7.870232029164674e-05 0.0021675591202105367
leaf_weight=1563.7658943682909 662.41013444960117 772.48905946314335 630.60684378445148 984.00809164345264 547.89686249196529 508.71414776146412 639.43299402296543 517.60030084848404 507.84950487315655
leaf_count=6307 2677 3126 2544 3975 2215 2045 2576 2091 2049
internal_value=0 0.000323765 -1.41896e-05 -0.000761135 -0.000300286 0.000102006 -0.000494535 -0.00133789 0.00109824
internal_weight=7334.77 3557.36 2894.95 1756.5 3777.41 2711.91 2203.2 1065.5 1138.46
internal_count=29605 14371 11694 7101 15234 10928 8883 4306 4593
is_linear=0
shrinkage=0.02


Tree=305
num_leaves=6
num_cat=0
split_feature=15 15 16 18 24
split_gain=1.79062 3.01286 5.41707 4.67905 1.5847
threshold=4.4807000160217294 2.8113000392913823 0.40925000607967382 38.591400146484382 26.055350303649906
decision_type=2 2 2 2 2
left_child=1 2 -1 -4 -3
right_child=-2 4 3 -5 -6
leaf_value=-0.001794409734591555 -0.0010298075048265673 0.0018810666473819345 -7.3276888875540075e-05 0.0018099706862256604 0.00019925704577431315
leaf_weight=629.26838751137257 591.7848452180624 498.39567638933659 4545.2739172130823 568.98823063075542 500.85476809740067
leaf_count=2538 2393 2009 18345 2296 2024
internal_value=0 9.65914e-05 -7.52074e-05 0.00013652 0.00109886
internal_weight=7334.57 6742.78 5743.53 5114.26 999.25
internal_count=29605 27212 23179 20641 4033
is_linear=0
shrinkage=0.02


Tree=306
num_leaves=9
num_cat=0
split_feature=21 24 18 18 6 2 25 10
split_gain=1.81808 8.29005 5.41882 5.4068 4.48622 4.42748 2.76402 6.19011
threshold=-6.7749998569488517 5.618999958038331 8.4611501693725604 12.502299785614015 1.0589999556541445 1.3450000286102297 13.291081905364992 0.0019029494724236431
decision_type=2 2 2 2 2 2 2 2
left_child=3 4 -3 -1 -2 -4 -5 -8
right_child=1 2 5 6 -6 -7 7 -9
leaf_value=-0.0021393166746527916 0.0027718659805425097 0.0015178709557627341 -0.00021790247770127894 0.001179705532451474 0.00025327894047159514 -0.0022628650643042271 -0.0015778425923748765 0.00086371925804514199
leaf_weight=546.08986009657383 643.82752440869808 542.20429384708405 2333.8444447219372 597.42269016802311 561.27592639625072 511.35517491400242 830.71900272369385 767.82085675001144
leaf_count=2209 2597 2190 9414 2407 2263 2068 3355 3102
internal_value=0 0.000245575 -0.000253808 -0.00040281 0.00165695 -0.000614264 3.08224e-05 -0.000386815
internal_weight=7334.56 4592.51 3387.4 2742.05 1205.1 2845.2 2195.96 1598.54
internal_count=29605 18532 13672 11073 4860 11482 8864 6457
is_linear=0
shrinkage=0.02


Tree=307
num_leaves=9
num_cat=0
split_feature=14 10 4 5 4 12 2 4
split_gain=1.79588 4.49753 4.73287 2.9065 7.23975 6.61499 3.95254 2.95528
threshold=-0.078496202826499925 -0.040313094854354851 25.931938171386722 -0.005150838987901806 54.009962081909187 0.084305740892887129 0.92500001192092907 38.913330078125007
decision_type=2 2 2 2 2 2 2 2
left_child=1 2 -1 5 -5 -2 -6 -7
right_child=3 -3 -4 4 6 7 -8 -9
leaf_value=0.0013519172126479715 0.00049349616080522065 0.0020887282212511209 -0.00098437012923816535 0.0016521078086362308 -0.0014043197036909206 -0.00060399004071294224 0.00019554082934038021 -0.0028103887170785845
leaf_weight=545.64042285084724 838.25299392640591 510.38123193383217 857.77025650441647 926.45155660808086 940.34638307988644 527.54648284614086 1619.647198677063 568.50071382522583
leaf_count=2206 3382 2057 3459 3728 3801 2126 6549 2297
internal_value=0 0.000525561 -4.25608e-05 -0.000183374 0.000153091 -0.000803203 -0.000385375 -0.00181733
internal_weight=7334.54 1913.79 1403.41 5420.75 3486.45 1934.3 2559.99 1096.05
internal_count=29605 7722 5665 21883 14078 7805 10350 4423
is_linear=0
shrinkage=0.02


Tree=308
num_leaves=9
num_cat=0
split_feature=1 7 13 20 9 4 14 16
split_gain=1.78465 3.95877 4.64291 4.54017 3.05901 3.63118 3.76444 1.40738
threshold=11.025557041168215 0.015389643609523775 -0.035907300189137452 1326.5000000000002 -0.062075804919004433 36.303251266479499 0.053633948788046844 1.3321500420570376
decision_type=2 2 2 2 2 2 2 2
left_child=1 2 -1 -3 7 -6 -7 -2
right_child=4 3 -4 -5 5 6 -8 -9
leaf_value=-0.001745726870418469 -0.00031793258586782522 0.002273801961270288 0.00088356492957839461 -9.8620762199521964e-05 0.0013146578736517101 -0.00092286000529450936 0.00039520639695604431 -0.0019258389159346721
leaf_weight=512.56715433299541 504.52755308151245 693.43305666744709 497.97249026596546 530.80945485830307 711.01533344388008 1637.9070059359074 1746.7670922726393 499.40230973064899
leaf_count=2068 2037 2794 2007 2140 2868 6615 7058 2018
internal_value=0 0.000471067 -0.000423794 0.00123337 -0.000203705 3.21521e-05 -0.000233759 -0.00118024
internal_weight=7334.4 2234.78 1010.54 1224.24 5099.62 4095.69 3384.67 1003.93
internal_count=29605 9009 4075 4934 20596 16541 13673 4055
is_linear=0
shrinkage=0.02


Tree=309
num_leaves=8
num_cat=0
split_feature=20 20 6 4 23 23 5
split_gain=1.7761 2.99236 3.66755 6.08134 3.46126 5.04568 4.84641
threshold=22.500000000000004 426.50000000000006 2.0220799446105961 41.008487701416023 0.69831475615501415 0.74831923842430126 -0.021679469384253022
decision_type=2 2 2 2 2 2 2
left_child=-1 2 3 -2 6 -6 -3
right_child=1 4 -4 -5 5 -7 -8
leaf_value=-0.00099920634606525554 0.0015334360388868137 -0.00061585456321700286 0.0017947500485706366 -0.00079423703399999893 -0.0022491161868963688 -0.00016495614155410384 0.0015975517894329077
leaf_weight=621.84283748269081 722.91369289159775 724.81380179524422 748.48440949618816 1090.5841978043318 598.29066796600819 2041.6074264347553 785.7620994001627
leaf_count=2513 2918 2925 3016 4407 2422 8235 3169
internal_value=0 9.86454e-05 0.000636759 0.000121383 -0.000226387 -0.000667278 0.000518324
internal_weight=7334.3 6712.46 2561.98 1813.5 4150.47 2639.9 1510.58
internal_count=29605 27092 10341 7325 16751 10657 6094
is_linear=0
shrinkage=0.02


Tree=310
num_leaves=8
num_cat=0
split_feature=0 0 22 22 11 2 19
split_gain=1.77159 2.7816 4.45327 6.37127 3.48151 4.50162 3.38539
threshold=0.67219731211662304 0.9041399657726289 75.500000000000014 141.50000000000003 -0.029099406674504277 0.80500000715255748 9.1728997230529803
decision_type=2 2 2 2 2 2 10
left_child=-1 4 6 -4 -2 -6 -3
right_child=1 2 3 -5 5 -7 -8
leaf_value=0.00079290030774416243 0.00041432067309825045 -0.0019196077562858378 0.0024304638636394151 0.00011526161767852822 -0.0027372963404309193 -0.00041696839023302578 0.00010502025576656856
leaf_weight=958.77747739851475 748.19080251455307 549.82562318444252 599.29379537701607 2182.3822193145752 498.89766564965248 1098.8237489461899 698.05459153652191
leaf_count=3861 3012 2227 2414 8801 2019 4446 2825
internal_value=0 -0.00011907 0.000192585 0.000643851 -0.000666572 -0.00119425 -0.000777321
internal_weight=7334.25 6375.47 4029.56 2781.68 2345.91 1597.72 1247.88
internal_count=29605 25744 16267 11215 9477 6465 5052
is_linear=0
shrinkage=0.02


Tree=311
num_leaves=7
num_cat=0
split_feature=1 8 5 18 25 20
split_gain=1.76151 3.88547 4.35337 2.95359 4.43436 4.23123
threshold=11.025557041168215 -0.048624096438288682 -0.0083363684825599176 50.126251220703132 13.40621852874756 336.50000000000006
decision_type=2 2 2 2 2 2
left_child=1 -1 -3 4 -2 -6
right_child=3 2 -4 -5 5 -7
leaf_value=0.0015531163767301781 -0.0020194026240662093 -0.0016232112987642528 0.00064203284896629511 0.000942568997986596 0.0005934158981638866 -0.00073803706760675503
leaf_weight=812.86408095061779 569.13673821091652 500.02830068767071 921.8034408390522 727.60308718681335 1670.163651317358 2132.5047492086887
leaf_count=3280 2297 2016 3713 2939 6749 8611
internal_value=0 0.000467696 -0.000142705 -0.000202707 -0.000405873 -0.000143502
internal_weight=7334.1 2234.7 1421.83 5099.41 4371.81 3802.67
internal_count=29605 9009 5729 20596 17657 15360
is_linear=0
shrinkage=0.02


Tree=312
num_leaves=9
num_cat=0
split_feature=21 18 18 13 3 3 25 25
split_gain=1.77121 5.22017 4.65802 5.54571 7.80235 5.60524 2.65156 3.88676
threshold=-6.7749998569488517 12.502299785614015 7.5939500331878671 0.013567937072366478 -0.047946894541382783 0.080228868871927275 13.291081905364992 14.24733877182007
decision_type=2 2 2 2 2 2 2 2
left_child=1 -1 -2 4 -4 -5 -3 -8
right_child=2 6 3 5 -6 -7 7 -9
leaf_value=-0.0021041853598011231 0.0019762837381842608 0.0011536953655287576 0.00051611906199017395 0.0017906301944545094 -0.001756467770548365 -0.00047225496899940385 -0.0013082726627157151 0.00062241238150465125
leaf_weight=545.98676218092442 522.32285617291927 597.40585292875767 1157.9408678412437 1030.8591813743114 1182.6146993935108 698.47329923510551 845.90925428271294 752.51148469746113
leaf_count=2209 2111 2407 4673 4147 4780 2821 3416 3041
internal_value=0 -0.000397784 0.000242218 2.97333e-07 -0.000622653 0.00086156 2.8009e-05 -0.00038072
internal_weight=7334.02 2741.81 4592.21 4069.89 2340.56 1729.33 2195.83 1598.42
internal_count=29605 11073 18532 16421 9453 6968 8864 6457
is_linear=0
shrinkage=0.02


Tree=313
num_leaves=6
num_cat=0
split_feature=25 22 25 23 24
split_gain=1.76741 3.36272 4.00848 6.12105 4.0544
threshold=15.480203151702883 1077.5000000000002 14.483545780181887 0.87517863512039196 11.402600288391115
decision_type=2 2 2 2 2
left_child=1 2 3 -1 -4
right_child=-2 -3 4 -5 -6
leaf_value=1.8911966536037169e-05 -0.00082757539935289883 0.0016403323404483347 0.0020143236171566666 -0.0019288769389385993 -0.00017675783059838726
leaf_weight=3943.0134567022324 876.6985042989254 508.96775630116463 669.33091098070145 739.30710516870022 596.59020304679871
leaf_count=15910 3549 2049 2704 2983 2410
internal_value=0 0.00011787 -1.22743e-05 -0.000289039 0.000968941
internal_weight=7333.91 6457.21 5948.24 4682.32 1265.92
internal_count=29605 26056 24007 18893 5114
is_linear=0
shrinkage=0.02


Tree=314
num_leaves=6
num_cat=0
split_feature=22 22 1 8 24
split_gain=1.74453 4.54968 3.24319 5.07892 4.27095
threshold=15.500000000000002 33.500000000000007 12.842210292816164 0.047051724046468742 24.529549598693851
decision_type=2 2 2 2 2
left_child=-1 -2 3 -3 -4
right_child=1 2 4 -5 -6
leaf_value=-0.0010994504549735162 0.0018712513389415222 -0.00014560275523301623 -4.0977247925623036e-05 0.0014007429173023759 -0.0022456079988323065
leaf_weight=509.0558318644762 505.41773268580437 3674.6240241676569 1038.3338785171509 1068.9627036601305 537.45336680114269
leaf_count=2062 2040 14823 4195 4313 2172
internal_value=0 8.82808e-05 -5.50298e-05 0.000200395 -0.000838572
internal_weight=7333.85 6824.79 6319.37 4743.59 1575.79
internal_count=29605 27543 25503 19136 6367
is_linear=0
shrinkage=0.02


Tree=315
num_leaves=9
num_cat=0
split_feature=21 24 18 18 7 6 25 10
split_gain=1.74946 7.83672 5.15061 5.0291 4.86322 4.33791 2.57466 5.88099
threshold=-6.7749998569488517 5.618999958038331 8.4611501693725604 12.502299785614015 0.027445984072983268 1.0589999556541445 13.291081905364992 0.0019029494724236431
decision_type=2 2 2 2 2 2 2 2
left_child=3 5 -3 -1 -4 -2 -5 -8
right_child=1 2 4 6 -6 -7 7 -9
leaf_value=-0.0020703440967284464 0.0027087638797307109 0.0014820137690558367 -0.001183813931938886 0.001131812520375169 0.00053475755195655334 0.00023252710750947751 -0.0015417871320492177 0.0008376325364869144
leaf_weight=545.93439324200153 643.86980438232422 542.21951344609261 1893.4463243037462 597.42320609092712 951.25778856873512 561.27022825181484 830.57530054450035 767.84835931658745
leaf_count=2209 2597 2190 7642 2407 3840 2263 3355 3102
internal_value=0 0.000240554 -0.000244787 -0.000395514 -0.000596533 0.00161282 2.21039e-05 -0.000380428
internal_weight=7333.84 4592.06 3386.92 2741.78 2844.7 1205.14 2195.85 1598.42
internal_count=29605 18532 13672 11073 11482 4860 8864 6457
is_linear=0
shrinkage=0.02


Tree=316
num_leaves=6
num_cat=0
split_feature=5 8 11 0 6
split_gain=1.76289 4.63931 3.53015 3.01622 4.60639
threshold=0.033739535138010986 0.061978241428732879 0.04939746484160424 1.2018269896507265 1.1493000388145449
decision_type=2 2 2 2 2
left_child=1 3 -2 4 -1
right_child=2 -3 -4 -5 -6
leaf_value=0.00019585099532392646 -0.0015204879297453344 0.0019107065997131473 0.00029306780203089785 0.0012143572139486929 -0.0011956308888043219
leaf_weight=3200.0953235179186 789.22368218004704 528.69823928177357 838.94803957641125 665.7225461602211 1311.1246326118708
leaf_count=12921 3193 2126 3394 2685 5286
internal_value=0 0.000168593 -0.000572905 -1.02069e-05 -0.000204583
internal_weight=7333.81 5705.64 1628.17 5176.94 4511.22
internal_count=29605 23018 6587 20892 18207
is_linear=0
shrinkage=0.02


Tree=317
num_leaves=8
num_cat=0
split_feature=1 10 0 9 4 14 25
split_gain=1.72257 3.78493 3.2521 2.9006 3.46663 3.62677 1.37448
threshold=11.025557041168215 -0.033203057944774621 0.91276377439498912 -0.062075804919004433 36.303251266479499 0.053633948788046844 14.402428627014162
decision_type=2 2 2 2 2 2 2
left_child=1 -1 -3 6 -5 -6 -2
right_child=3 2 -4 4 5 -7 -8
leaf_value=0.0016549622093682706 -0.0018829364016123068 -0.0010101008192134324 0.00079992539971763892 0.0012828033280761297 -0.00090674226564131514 0.0003868836755898656 -0.00029504222794384362
leaf_weight=702.11371794342995 502.14129473268986 760.73785132169724 771.71246585249901 710.99345527589321 1637.6953491866589 1746.7009174227715 501.65821985900402
leaf_count=2835 2025 3067 3107 2868 6615 7058 2030
internal_value=0 0.000462951 -7.64954e-05 -0.00020001 2.94287e-05 -0.000230194 -0.00115096
internal_weight=7333.75 2234.56 1532.45 5099.19 4095.39 3384.4 1003.8
internal_count=29605 9009 6174 20596 16541 13673 4055
is_linear=0
shrinkage=0.02


Tree=318
num_leaves=7
num_cat=0
split_feature=8 13 21 1 3 16
split_gain=1.75421 3.35101 5.49041 5.02423 4.73003 3.12012
threshold=-0.13188134133815763 0.013567937072366478 103.97499847412111 12.905858993530275 0.021908963099122051 2.6909999847412114
decision_type=2 2 2 2 2 2
left_child=-1 3 4 5 -3 -2
right_child=1 2 -4 -5 -6 -7
leaf_value=0.0010391695164569405 0.0002382671148613601 0.0013355760731063569 0.0022242169496872769 -0.0020253499308748287 -0.00058889251168930642 -0.0011455926111631667
leaf_weight=576.04791760444641 2343.6576444506645 712.11706250905991 522.94521726667881 668.19507741928101 1645.0137012302876 865.66387861967087
leaf_count=2329 9450 2866 2108 2710 6638 3504
internal_value=0 -8.89303e-05 0.000419056 -0.000476011 0 -0.000129282
internal_weight=7333.64 6757.59 2880.08 3877.52 2357.13 3209.32
internal_count=29605 27276 11612 15664 9504 12954
is_linear=0
shrinkage=0.02


Tree=319
num_leaves=6
num_cat=0
split_feature=15 15 16 18 24
split_gain=1.71005 2.90426 5.2638 4.39642 1.41906
threshold=4.4807000160217294 2.8113000392913823 0.40925000607967382 38.591400146484382 26.055350303649906
decision_type=2 2 2 2 2
left_child=1 2 -1 -4 -3
right_child=-2 4 3 -5 -6
leaf_value=-0.0017688282938621244 -0.0010061335503128706 0.0018213914648528597 -6.8394169942918525e-05 0.00175684312042448 0.00021945552153052503
leaf_weight=629.12260560691357 591.6686537861824 498.40809224545956 4544.5340611934662 568.99790994822979 500.75624461472034
leaf_count=2538 2393 2009 18345 2296 2024
internal_value=0 9.47232e-05 -7.38589e-05 0.000134763 0.00107885
internal_weight=7333.49 6741.82 5742.65 5113.53 999.164
internal_count=29605 27212 23179 20641 4033
is_linear=0
shrinkage=0.02


Tree=320
num_leaves=9
num_cat=0
split_feature=21 24 18 18 7 6 3 5
split_gain=1.70403 7.51287 4.96246 4.80816 4.70167 4.1454 2.58037 5.359
threshold=-6.7749998569488517 5.618999958038331 8.4611501693725604 12.502299785614015 0.027445984072983268 1.0589999556541445 0.050625937059521682 -0.00051508698379620899
decision_type=2 2 2 2 2 2 2 2
left_child=3 5 -3 -1 -4 -2 7 -5
right_child=1 2 4 6 -6 -7 -8 -9
leaf_value=-0.0020273802415731934 0.0026532433643045145 0.0014577081977894843 -0.0011601001249442338 -0.00039288845975174854 0.00052947875936050156 0.00023043269334723724 -0.0011230850756709335 0.0019327343113768286
leaf_weight=545.83091248571873 643.91984312236309 542.23544242978096 1893.2283938974142 1059.1165652871132 951.23409116268158 561.25418946146965 548.44156874716282 588.21717436611652
leaf_count=2209 2597 2190 7642 4276 3840 2263 2215 2373
internal_value=0 0.000238103 -0.000236939 -0.000389658 -0.000582442 0.00158172 1.83049e-05 0.000431203
internal_weight=7333.48 4591.87 3386.7 2741.61 2844.46 1205.17 2195.78 1647.33
internal_count=29605 18532 13672 11073 11482 4860 8864 6649
is_linear=0
shrinkage=0.02


Tree=321
num_leaves=10
num_cat=0
split_feature=11 10 12 9 7 7 7 7 2
split_gain=1.7037 4.07904 5.97894 5.76704 5.73023 4.11678 3.22271 3.45147 3.33217
threshold=0.0091554676182568091 -0.015493243001401423 0.23876976966857913 -0.012928041629493235 0.022722560912370685 0.020502097904682163 0.015131307765841486 0.021122480742633346 1.0950000286102297
decision_type=2 2 2 2 2 2 2 2 2
left_child=1 2 4 -3 -1 -5 -2 -8 -9
right_child=6 3 -4 5 -6 -7 7 8 -10
leaf_value=-0.00027995959280971905 -0.0017021478214145418 0.0024028462741857242 -0.0014634107829214465 -0.001081084241473825 0.0022022426191713757 0.0012579119809709679 0.0011235215684262561 -0.001399400746066452 0.00038588607223826658
leaf_weight=1169.23576579988 562.20561227202415 676.6426068097353 992.35333679616451 572.61866058409214 506.27194756269455 579.03172141313553 686.4201280772686 845.77585074305534 742.8872057646513
leaf_count=4715 2273 2730 3995 2305 2052 2329 2777 3422 3007
internal_value=0 0.00024481 -0.000242793 0.000970264 0.000468799 6.50465e-05 -0.000378799 -2.12473e-05 -0.000548264
internal_weight=7333.44 4496.15 2667.86 1828.29 1675.51 1151.65 2837.29 2275.08 1588.66
internal_count=29605 18126 10762 7364 6767 4634 11479 9206 6429
is_linear=0
shrinkage=0.02


Tree=322
num_leaves=6
num_cat=0
split_feature=12 13 13 19 19
split_gain=1.71809 5.43864 4.70765 5.7094 5.01756
threshold=0.86973083019256603 0.20993287116289142 0.013567937072366478 0.6959500163793565 232.01160430908206
decision_type=2 2 2 8 10
left_child=1 2 4 -4 -1
right_child=-2 -3 3 -5 -6
leaf_value=-1.510381454015527e-05 0.0010504636731981513 -0.0019460578037776715 0.0024309171667048937 0.00012141757874983397 -0.0020631179086917453
leaf_weight=3685.0657868087292 553.3601242005825 552.92992050945759 622.84994699060917 1386.4322488456964 532.65352968871593
leaf_count=14895 2232 2234 2511 5583 2150
internal_value=0 -8.5775e-05 8.03315e-05 0.000875878 -0.000292732
internal_weight=7333.29 6779.93 6227 2009.28 4217.72
internal_count=29605 27373 25139 8094 17045
is_linear=0
shrinkage=0.02


Tree=323
num_leaves=8
num_cat=0
split_feature=14 10 4 22 3 8 0
split_gain=1.71022 4.42371 4.52662 3.71949 3.94665 6.56768 5.0339
threshold=-0.078496202826499925 -0.040313094854354851 25.931938171386722 1077.5000000000002 0.060480060055851943 0.048128347843885429 1.1965138316154482
decision_type=2 2 2 2 2 2 2
left_child=1 2 -1 4 5 -2 -6
right_child=3 -3 -4 -5 6 -7 -8
leaf_value=0.0013132464955896495 -0.00044995257614631739 0.002063867863866491 -0.00097139990288888384 0.0012330041039524881 -0.0028388365381947782 0.0017354878185115888 -4.6084957099136234e-05
leaf_weight=545.48997402191162 3088.9723053872585 510.3487560749054 857.58851057291031 623.10115008056164 504.17946450412273 642.67160072922707 560.95302252471447
leaf_count=2206 12468 2057 3459 2516 2047 2592 2260
internal_value=0 0.00051329 -5.00082e-05 -0.000178585 -0.000374887 -5.49827e-05 -0.00143561
internal_weight=7333.3 1913.43 1403.08 5419.88 4796.78 3731.64 1065.13
internal_count=29605 7722 5665 21883 19367 15060 4307
is_linear=0
shrinkage=0.02


Tree=324
num_leaves=10
num_cat=0
split_feature=1 10 0 9 5 1 5 26 23
split_gain=1.69876 3.6744 3.13922 2.90777 6.0939 5.02463 4.99387 4.29838 8.21374
threshold=11.025557041168215 -0.033203057944774621 0.91276377439498912 -0.020034817978739735 0.032169939950108535 12.592143535614015 0.013216863851994278 1.0000000180025095e-35 0.71641787886619579
decision_type=2 2 2 2 2 2 2 10 2
left_child=1 -1 -3 7 6 -6 -5 8 -2
right_child=3 2 -4 4 5 -7 -8 -9 -10
leaf_value=0.0016344732115506119 -2.4162714776838029e-05 -0.00098903102956542305 0.00078947955897426623 0.0001874225963893792 -0.0020994375589169288 0.00022928875516254607 0.0024806746269886637 0.00068844627447676283 -0.0031679510186263622
leaf_weight=702.04870630800724 797.79608944058418 760.64194373786449 771.69317591190338 1251.4423421770334 632.93572929501534 784.40649777650833 551.51445437967777 503.02756482362747 577.6731288433075
leaf_count=2835 3225 3067 3107 5043 2564 3170 2222 2034 2338
internal_value=0 0.000460029 -7.11665e-05 -0.000198354 0.000157205 -0.000802591 0.000932661 -0.000821664 -0.00140278
internal_weight=7333.18 2234.38 1532.34 5098.8 3220.3 1417.34 1802.96 1878.5 1375.47
internal_count=29605 9009 6174 20596 12999 5734 7265 7597 5563
is_linear=0
shrinkage=0.02


Tree=325
num_leaves=7
num_cat=0
split_feature=20 20 19 4 9 12
split_gain=1.69579 2.93979 4.91795 4.07363 3.62345 3.55035
threshold=22.500000000000004 336.50000000000006 248.08325195312503 55.810249328613288 -0.010814119130372999 0.1486572399735451
decision_type=2 2 8 2 2 2
left_child=-1 3 5 4 -2 -3
right_child=1 2 -4 -5 -6 -7
leaf_value=-0.00097578263575883795 0.00036093261330827922 0.00089456358766580569 -0.0015738730886254407 -0.00044157967096359718 0.0024747534825790506 -0.00035638665013312305
leaf_weight=621.67823356389999 779.09229102730751 1441.3929628878832 811.68384705483913 742.59668943285942 614.43655698001385 2322.1256706863642
leaf_count=2513 3148 5816 3280 3003 2472 9373
internal_value=0 9.70712e-05 -0.000182762 0.000708958 0.00134533 0.00011556
internal_weight=7333.01 6711.33 4575.2 2136.13 1393.53 3763.52
internal_count=29605 27092 18469 8623 5620 15189
is_linear=0
shrinkage=0.02


Tree=326
num_leaves=6
num_cat=0
split_feature=16 2 26 3 19
split_gain=1.71193 2.96107 3.71424 7.22722 5.19042
threshold=4.8408000469207773 1.7749999761581423 1.5000000000000002 -0.04475527070462703 128.15464782714847
decision_type=2 2 10 2 8
left_child=1 2 3 -1 -4
right_child=-2 -3 4 -5 -6
leaf_value=0.0011105085168532226 -0.00079043556393279795 -0.0013035774435378217 0.0020733417266680545 -0.00058157552979720467 -0.00039250853800642534
leaf_weight=1478.684670612216 923.72114117443562 504.64284132421017 873.30495108664036 3048.0419807583094 504.48733101785183
leaf_count=5965 3750 2041 3526 12285 2038
internal_value=0 0.000119976 0.0002527 -1.77425e-05 0.00115275
internal_weight=7332.88 6409.16 5904.52 4526.73 1377.79
internal_count=29605 25855 23814 18250 5564
is_linear=0
shrinkage=0.02


Tree=327
num_leaves=9
num_cat=0
split_feature=6 6 15 25 16 18 19 0
split_gain=1.72758 6.62722 6.11907 6.62219 6.60866 5.95641 5.44959 2.72865
threshold=1.8825199604034426 2.9279700517654423 1.7698499560356142 13.086178302764894 1.0101500153541567 44.938899993896491 99.431201934814467 1.1852017641067507
decision_type=2 2 2 2 2 2 8 2
left_child=2 -2 3 -1 -5 6 -4 -3
right_child=1 7 5 4 -6 -7 -8 -9
leaf_value=0.0022640001832891876 0.0018706092796240492 -0.0015403575353550472 -0.0030063835602474999 -0.0015494990471210432 0.00046284061126728121 0.00061274728641851572 -0.00021653616509256492 0.00046521554148487945
leaf_weight=542.9187727868557 804.78256790339947 504.13344046473503 715.385861992836 867.4859476685524 2395.1274196654558 495.98319688439369 506.13006715476513 500.8004642277956
leaf_count=2188 3249 2035 2889 3503 9680 2001 2043 2017
internal_value=0 0.000534967 -0.000173105 0.000266842 -6.83545e-05 -0.00115943 -0.00190673 -0.000517337
internal_weight=7332.75 1809.72 5523.03 3805.53 3262.61 1717.5 1221.52 1004.93
internal_count=29605 7301 22304 15371 13183 6933 4932 4052
is_linear=0
shrinkage=0.02


Tree=328
num_leaves=9
num_cat=0
split_feature=2 3 23 8 2 7 19 18
split_gain=1.71143 4.34229 5.89498 4.67378 4.06051 3.60396 4.69592 2.64657
threshold=0.92500001192092907 -0.079145316034555421 0.81883782148361217 -0.01115917321294546 0.86500000953674328 0.035725308582186706 -157.63240051269528 23.857749938964847
decision_type=2 2 2 2 2 2 10 2
left_child=4 -2 3 -3 5 6 -1 -4
right_child=1 2 7 -5 -6 -7 -8 -9
leaf_value=-0.0019227024143436413 0.0017474407889492114 -0.0018884886601105574 0.00013897895464364365 0.00013833563882116197 -0.0018662970676839277 0.001472367103704656 9.4453983254056827e-05 0.002130749079028214
leaf_weight=552.06543070077896 662.16095350682735 772.14651688933372 630.48271097242832 983.88206444680691 535.69095847010612 516.00463825464249 2172.4258514493704 507.82961668074131
leaf_count=2231 2677 3126 2544 3975 2163 2078 8762 2049
internal_value=0 0.000316556 -9.79722e-06 -0.000745525 -0.000292785 -9.45838e-06 -0.000314043 0.0010852
internal_weight=7332.69 3556.5 2894.34 1756.03 3776.19 3240.5 2724.49 1138.31
internal_count=29605 14371 11694 7101 15234 13071 10993 4593
is_linear=0
shrinkage=0.02


Tree=329
num_leaves=6
num_cat=0
split_feature=22 22 20 22 16
split_gain=1.70653 4.32469 3.17566 3.74064 2.59754
threshold=15.500000000000002 33.500000000000007 2014.5000000000002 104.50000000000001 1.0101500153541567
decision_type=2 2 2 2 2
left_child=-1 -2 3 -3 -4
right_child=1 2 4 -5 -6
leaf_value=-0.0010869358218271916 0.0018262841366311639 -0.001118207793164464 0 6.1150016567199892e-05 0.0019149406877482622
leaf_weight=508.92679457366467 505.36947293579578 1451.8863969296217 582.66368839144707 3772.5345973670483 511.18389087915421
leaf_count=2062 2040 5872 2350 15220 2061
internal_value=0 8.79057e-05 -5.16924e-05 -0.000263154 0.00090902
internal_weight=7332.56 6823.64 6318.27 5224.42 1093.85
internal_count=29605 27543 25503 21092 4411
is_linear=0
shrinkage=0.02


Tree=330
num_leaves=8
num_cat=0
split_feature=0 0 22 22 19 0 1
split_gain=1.69122 2.66256 4.33174 6.23546 3.35243 3.32704 4.89652
threshold=0.67599794268608104 0.9041399657726289 75.500000000000014 141.50000000000003 9.1728997230529803 0.84578716754913341 11.503448963165285
decision_type=2 2 2 2 10 2 2
left_child=-1 5 4 -4 -3 6 -2
right_child=1 2 3 -5 -6 -7 -8
leaf_value=0.00076277123080099386 -0.0011998478259975789 -0.0019075379077755806 0.0023987604406844037 0.00010825102644913999 0.00010733754503006797 -0.0018666332338944938 0.00092446480455091228
leaf_weight=987.58789099752903 872.3996689915657 549.65096764266491 599.21439075469971 2181.9921352118254 697.90052102506161 636.23468473553658 807.5338249951601
leaf_count=3978 3522 2227 2414 8801 2825 2574 3264
internal_value=0 -0.000117469 0.000186072 0.000631317 -0.00077051 -0.000657789 -0.000158296
internal_weight=7332.51 6344.93 4028.76 2781.21 1247.55 2316.17 1679.93
internal_count=29605 25627 16267 11215 5052 9360 6786
is_linear=0
shrinkage=0.02


Tree=331
num_leaves=6
num_cat=0
split_feature=16 5 10 20 18
split_gain=1.665 2.81294 4.60702 4.04112 3.46068
threshold=4.8408000469207773 0.033739535138010986 0.030102185904979709 584.50000000000011 16.771199226379398
decision_type=2 2 2 2 2
left_child=1 2 3 -1 -3
right_child=-2 4 -4 -5 -6
leaf_value=0.00072020928964148492 -0.00077931559290281803 0.00065477541032460407 0.0019069968181576167 -0.00049846361368518697 -0.0013206278415603184
leaf_weight=2144.2797955274582 923.62433138489723 500.98617236316204 639.97840674221516 2140.4506988823414 983.12048272788525
leaf_count=8648 3750 2024 2578 8628 3977
internal_value=0 0.000118569 0.000353434 0.000103423 -0.000629388
internal_weight=7332.44 6408.82 4924.71 4284.73 1484.11
internal_count=29605 25855 19854 17276 6001
is_linear=0
shrinkage=0.02


Tree=332
num_leaves=6
num_cat=0
split_feature=9 8 13 23 9
split_gain=1.66526 8.22138 3.0602 4.42526 3.661
threshold=-0.1060948111116886 -0.10804748907685278 0.013567937072366478 0.87517863512039196 0.051124071702361114
decision_type=2 2 2 2 2
left_child=-1 -2 4 -4 -3
right_child=1 2 3 -5 -6
leaf_value=-0.0010589220967249515 0.0024262741878819149 -0.00021466538335128816 0.0010482741773309057 -0.00055073668888977326 -0.0020149678813515541
leaf_weight=522.54213806986809 530.20641075074673 2988.0078204274178 1624.942896053195 1140.677644148469 525.98186554014683
leaf_count=2106 2151 12068 6550 4601 2129
internal_value=0 8.82141e-05 -0.00011182 0.000376403 -0.000506499
internal_weight=7332.36 6809.82 6279.61 2765.62 3513.99
internal_count=29605 27499 25348 11151 14197
is_linear=0
shrinkage=0.02


Tree=333
num_leaves=9
num_cat=0
split_feature=2 3 23 2 0 0 26 18
split_gain=1.66616 4.12679 5.69927 4.65374 3.9481 5.65577 5.3392 2.58093
threshold=0.92500001192092907 -0.079145316034555421 0.81883782148361217 1.3450000286102297 1.2946459054946902 1.066703796386719 1.5000000000000002 23.857749938964847
decision_type=2 2 2 2 2 2 10 2
left_child=4 -2 3 -3 5 6 -1 -4
right_child=1 2 7 -5 -6 -7 -8 -9
leaf_value=-0.00062195583929550039 0.0017074314076093084 3.4433523421887647e-05 0.0001359882147300731 -0.00204278279521592 0.0012005972780527914 -0.002257927656659559 0.0015536546395760581 0.0021036379614081495
leaf_weight=2046.5877708494663 662.08450841903687 1107.4155694246292 630.47193825244904 648.41674362123013 564.5845939218998 615.43744370341301 549.34083171188831 507.86280117928982
leaf_count=8258 2677 4475 2544 2626 2275 2485 2216 2049
internal_value=0 0.000312537 -5.30279e-06 -0.000729074 -0.000288709 -0.000568992 -0.000137357 0.00107115
internal_weight=7332.2 3556.25 2894.17 1755.83 3775.95 3211.37 2595.93 1138.33
internal_count=29605 14371 11694 7101 15234 12959 10474 4593
is_linear=0
shrinkage=0.02


Tree=334
num_leaves=6
num_cat=0
split_feature=20 21 23 16 1
split_gain=1.67456 2.80254 4.54392 5.30791 4.84013
threshold=22.500000000000004 298.81001281738287 0.87517863512039196 1.0169999599456789 13.360210418701174
decision_type=2 2 2 2 2
left_child=-1 2 4 -4 -2
right_child=1 -3 3 -5 -6
leaf_value=-0.00096957006893792004 0.00047407876423674584 0.0013997315235015834 -0.0026457261562091512 6.766825094645672e-05 -0.0013021591055277393
leaf_weight=621.60619685053825 4369.0394949167967 578.17373138666153 503.42244172096252 577.25183011591434 682.59022878110409
leaf_count=2513 17635 2335 2032 2328 2762
internal_value=0 9.66015e-05 -2.52274e-05 -0.00119286 0.000221722
internal_weight=7332.08 6710.48 6132.3 1080.67 5051.63
internal_count=29605 27092 24757 4360 20397
is_linear=0
shrinkage=0.02


Tree=335
num_leaves=6
num_cat=0
split_feature=12 13 13 16 3
split_gain=1.64341 5.1403 4.59691 4.86668 4.21029
threshold=0.86973083019256603 0.20993287116289142 0.013567937072366478 1.8139500021934511 0.0026369343977421526
decision_type=2 2 2 2 2
left_child=1 2 4 -4 -1
right_child=-2 -3 3 -5 -6
leaf_value=1.0633125809970026e-06 0.0010274038114943067 -0.0018928071253385033 0.0016133867332422144 -0.00037373268975684901 -0.0016020365359847529
leaf_weight=3444.6181220263243 553.34793758392334 552.72699324786663 1265.2320858091116 743.87862394750118 772.22215609252453
leaf_count=13912 2232 2234 5091 3003 3133
internal_value=0 -8.38821e-05 7.74451e-05 0.000863688 -0.000291187
internal_weight=7332.03 6778.68 6225.95 2009.11 4216.84
internal_count=29605 27373 25139 8094 17045
is_linear=0
shrinkage=0.02


Tree=336
num_leaves=6
num_cat=0
split_feature=22 22 20 22 16
split_gain=1.63697 4.16965 3.06342 3.65761 2.5147
threshold=15.500000000000002 33.500000000000007 2014.5000000000002 104.50000000000001 1.0101500153541567
decision_type=2 2 2 2 2
left_child=-1 -2 3 -3 -4
right_child=1 2 4 -5 -6
leaf_value=-0.0010647298416597924 0.0017930176176070576 -0.0011043861626684119 0 6.1824899332859793e-05 0.001882230604789311
leaf_weight=508.83742843568325 505.35427437722683 1451.6900296956301 582.62946806848049 3772.2252526432276 511.19067253172398
leaf_count=2062 2040 5872 2350 15220 2061
internal_value=0 8.60159e-05 -5.09632e-05 -0.000258766 0.000892486
internal_weight=7331.93 6823.09 6317.74 5223.92 1093.82
internal_count=29605 27543 25503 21092 4411
is_linear=0
shrinkage=0.02


Tree=337
num_leaves=8
num_cat=0
split_feature=6 6 15 25 16 19 0
split_gain=1.6227 6.36698 5.93887 6.31885 6.36957 5.58314 2.67076
threshold=1.8825199604034426 2.9279700517654423 1.7698499560356142 13.086178302764894 1.0101500153541567 99.431201934814467 1.1852017641067507
decision_type=2 2 2 2 2 8 2
left_child=2 -2 3 -1 -5 -4 -3
right_child=1 6 5 4 -6 -7 -8
leaf_value=0.0022166864725800244 0.001828236177254271 -0.0015245088377046226 -0.0021160935031143964 -0.0015159627380545953 0.0004599377490471032 0.0001265097820839323 0.00045936409839106816
leaf_weight=542.88032457232475 804.79159094393253 504.06360372900963 976.7398955821991 867.30130045115948 2394.8409910202026 740.50669184327126 500.75035199522972
leaf_count=2188 3249 2035 3943 3503 9680 2990 2017
internal_value=0 0.000518791 -0.000167473 0.000265863 -6.13577e-05 -0.00113936 -0.000512165
internal_weight=7331.87 1809.61 5522.27 3805.02 3262.14 1717.25 1004.81
internal_count=29605 7301 22304 15371 13183 6933 4052
is_linear=0
shrinkage=0.02


Tree=338
num_leaves=6
num_cat=0
split_feature=16 2 12 20 25
split_gain=1.61312 2.81871 3.59476 4.33244 4.01482
threshold=4.8408000469207773 1.7749999761581423 0.085594873875379576 354.50000000000006 13.982987880706789
decision_type=2 2 2 2 2
left_child=1 2 4 -4 -1
right_child=-2 -3 3 -5 -6
leaf_value=0.0022130695759756337 -0.00076717761634979755 -0.0012721913853011258 0.00071784147769241881 -0.00052247468449820355 0
leaf_weight=670.75915962457657 923.51226341724396 504.49678830802441 1877.538537979126 2735.9457738250494 619.55970026552677
leaf_count=2711 3750 2041 7571 11030 2502
internal_value=0 0.000116659 0.000246282 -8.60012e-06 0.0011693
internal_weight=7331.81 6408.3 5903.8 4613.48 1290.32
internal_count=29605 25855 23814 18601 5213
is_linear=0
shrinkage=0.02


Tree=339
num_leaves=9
num_cat=0
split_feature=2 3 23 8 2 0 1 13
split_gain=1.6292 3.94127 5.87674 5.08625 3.90029 3.94637 4.21453 1.65708
threshold=0.92500001192092907 -0.08726960793137549 0.81883782148361217 -0.01115917321294546 0.86500000953674328 1.2946459054946902 11.188263416290285 0.14392541348934176
decision_type=2 2 2 2 2 2 2 2
left_child=4 -2 3 -3 5 6 -1 -4
right_child=1 2 7 -5 -6 -7 -8 -9
leaf_value=0.00067191262778811542 0.001799584704703669 -0.0018004441384455179 0.0017894632119578608 0.00025822418080546238 -0.0018276761920691764 0.0015713543590897367 -0.00092619301426862899 0.0001653778980020977
leaf_weight=1014.2703508585691 568.39265196025372 850.39861573278904 641.42842736840248 995.36818267405033 535.57220366597176 500.36821375787258 1725.5114893466234 500.38401132822037
leaf_count=4090 2300 3442 2585 4022 2163 2016 6965 2022
internal_value=0 0.000309163 1.17241e-06 -0.000681389 -0.000285395 -7.50444e-06 -0.000320449 0.00112766
internal_weight=7331.69 3555.97 2987.58 1845.77 3775.72 3240.15 2739.78 1141.81
internal_count=29605 14371 12071 7464 15234 13071 11055 4607
is_linear=0
shrinkage=0.02


Tree=340
num_leaves=8
num_cat=0
split_feature=20 7 24 24 25 21 21
split_gain=1.63543 2.79357 4.56229 8.55717 5.30689 4.36623 6.49543
threshold=22.500000000000004 0.026575307361781601 8.9391999244689959 -5.8646998405456534 13.995662689208986 61.540000915527351 -40.804998397827141
decision_type=2 2 2 2 2 2 2
left_child=-1 2 3 -2 -4 6 -3
right_child=1 5 4 -5 -6 -7 -8
leaf_value=-0.00095811566574336348 -0.00039137717035081385 0.0019317547407642266 9.1894936855606518e-05 0.0021526964015744117 -0.0018951778683966292 0.0020534548460656456 -0.00073686885021611627
leaf_weight=621.55214989185333 1655.7284924983978 508.98488214612007 1041.9553848803043 739.34395234286785 1013.3519193083048 628.70829777419567 1121.9371172636747
leaf_count=2513 6689 2056 4203 2982 4097 2536 4529
internal_value=0 9.55659e-05 -0.000188866 0.00039223 -0.000880568 0.000668092 8.95301e-05
internal_weight=7331.56 6710.01 4450.38 2395.07 2055.31 2259.63 1630.92
internal_count=29605 27092 17971 9671 8300 9121 6585
is_linear=0
shrinkage=0.02


Tree=341
num_leaves=8
num_cat=0
split_feature=0 0 22 22 8 0 14
split_gain=1.61077 2.54746 4.17648 6.03836 3.29669 3.24546 3.34886
threshold=0.67219731211662304 0.9041399657726289 75.500000000000014 141.50000000000003 0.013135367538779976 0.84578716754913341 -0.062518965452909456
decision_type=2 2 2 2 2 2 2
left_child=-1 5 4 -4 -3 6 -2
right_child=1 2 3 -5 -6 -7 -8
leaf_value=0.00075734163745280107 0.00086337843529625796 -0.0017388339156937582 0.0023623723721757231 0.00010786143810708918 0.00024672781270953235 -0.0018334063399347031 -0.00090147372600197443
leaf_weight=958.52337877452374 704.63635182380676 638.02767948806286 599.17390330135822 2181.7193718254566 609.2531595826149 636.08251158893108 1004.1057100445032
leaf_count=3861 2844 2585 2414 8801 2467 2574 4059
internal_value=0 -0.000112335 0.000185659 0.000622951 -0.000753464 -0.000636605 -0.000150404
internal_weight=7331.52 6373 4028.17 2780.89 1247.28 2344.82 1708.74
internal_count=29605 25744 16267 11215 5052 9477 6903
is_linear=0
shrinkage=0.02


Tree=342
num_leaves=7
num_cat=0
split_feature=15 15 3 15 19 24
split_gain=1.6093 2.85483 3.11643 5.15399 4.45902 1.33791
threshold=4.4807000160217294 2.8113000392913823 -0.058094970881938927 1.287899971008301 -273.19514465332026 26.055350303649906
decision_type=2 2 2 2 10 2
left_child=1 2 3 -1 -4 -3
right_child=-2 5 4 -5 -6 -7
leaf_value=0.0019043357404768166 -0.00097540697965049555 0.0017909913469183214 -0.0019157484530550129 -0.00035356039143620961 -7.8919480469596896e-05 0.00022958575845630531
leaf_weight=714.03681638836861 591.462247133255 498.30222699046135 607.34015327692032 833.27309289574623 3586.3973016142845 500.6085112541914
leaf_count=2889 2393 2009 2457 3362 14471 2024
internal_value=0 9.26727e-05 -7.44442e-05 0.000677989 -0.000363141 0.00106857
internal_weight=7331.42 6739.96 5741.05 1547.31 4193.74 998.911
internal_count=29605 27212 23179 6251 16928 4033
is_linear=0
shrinkage=0.02


Tree=343
num_leaves=6
num_cat=0
split_feature=9 4 25 25 9
split_gain=1.61147 4.71772 2.55657 4.79106 3.9604
threshold=-0.1060948111116886 27.499387741088871 14.932526111602785 14.483545780181887 0.023416851647198204
decision_type=2 2 2 2 2
left_child=-1 -2 3 -3 -4
right_child=1 2 4 -5 -6
leaf_value=-0.0010414920909651601 0.0015960940450215572 -0.00011030670757114075 -0.0018976923154128249 0.0018146899793676308 0.00027401392628393457
leaf_weight=522.47005541622639 717.46079213917255 4266.5919096171856 683.61363130807877 561.06210398674011 580.09402842819691
leaf_count=2106 2902 17215 2774 2262 2346
internal_value=0 8.70319e-05 -9.02259e-05 0.000113659 -0.00088549
internal_weight=7331.29 6808.82 6091.36 4827.65 1263.71
internal_count=29605 27499 24597 19477 5120
is_linear=0
shrinkage=0.02


Tree=344
num_leaves=6
num_cat=0
split_feature=22 22 1 8 24
split_gain=1.57248 4.0627 2.95454 4.87595 4.13092
threshold=15.500000000000002 33.500000000000007 12.842210292816164 0.047051724046468742 24.529549598693851
decision_type=2 2 2 2 2
left_child=-1 -2 3 -3 -4
right_child=1 2 4 -5 -6
leaf_value=-0.0010430609219063075 0.0017698824608459536 -0.00014566484184603922 -1.4478364705871115e-05 0.0013695863539182418 -0.0021819764555240928
leaf_weight=508.74393191933632 505.33532363176346 3673.2652551233768 1037.9030776619911 1068.7819055616856 537.15324793756008
leaf_count=2062 2040 14823 4195 4313 2172
internal_value=0 8.48627e-05 -5.02855e-05 0.000193256 -0.000798593
internal_weight=7331.18 6822.44 6317.1 4742.05 1575.06
internal_count=29605 27543 25503 19136 6367
is_linear=0
shrinkage=0.02


Tree=345
num_leaves=7
num_cat=0
split_feature=5 8 11 22 22 23
split_gain=1.60219 4.27497 3.39625 3.27554 7.61011 5.82729
threshold=0.033739535138010986 0.061978241428732879 0.04939746484160424 379.50000000000006 139.50000000000003 0.79611295461654674
decision_type=2 2 2 2 2 2
left_child=1 3 -2 4 -1 -5
right_child=2 -3 -4 5 -6 -7
leaf_value=0.0003065887561060306 -0.0014759547262802298 0.0018337657482262956 0.00030315180046417312 0.0016071440272727193 -0.0016207635010735213 -0.00080002074196747945
leaf_weight=2294.4844920486212 788.85810686647892 528.65164451301098 838.72999304533005 1051.7853781878948 1228.0228189080954 600.64321610331535
leaf_count=9271 3193 2126 3394 4247 4953 2421
internal_value=0 0.00016138 -0.000545623 -1.0027e-05 -0.000361306 0.000711107
internal_weight=7331.18 5703.59 1627.59 5174.94 3522.51 1652.43
internal_count=29605 23018 6587 20892 14224 6668
is_linear=0
shrinkage=0.02


Tree=346
num_leaves=6
num_cat=0
split_feature=12 13 13 19 19
split_gain=1.58697 4.96277 4.40345 5.45826 4.85513
threshold=0.86973083019256603 0.20993287116289142 0.013567937072366478 0.6959500163793565 232.01160430908206
decision_type=2 2 2 8 10
left_child=1 2 4 -4 -1
right_child=-2 -3 3 -5 -6
leaf_value=-1.1267408889968202e-05 0.0010097770651032159 -0.0018598988746045353 0.0023659664380375205 0.00010768700487225646 -0.0020262627478760502
leaf_weight=3683.6445800662041 553.34146383404732 552.62030620872974 622.8402965515852 1386.2134685665369 532.441659912467
leaf_count=14895 2232 2234 2511 5583 2150
internal_value=0 -8.22664e-05 7.61568e-05 0.000845761 -0.000284545
internal_weight=7331.1 6777.76 6225.14 2009.05 4216.09
internal_count=29605 27373 25139 8094 17045
is_linear=0
shrinkage=0.02


Tree=347
num_leaves=6
num_cat=0
split_feature=16 2 12 20 25
split_gain=1.58972 2.77178 3.52948 4.24338 3.81179
threshold=4.8408000469207773 1.7749999761581423 0.085594873875379576 354.50000000000006 13.982987880706789
decision_type=2 2 2 2 2
left_child=1 2 4 -4 -1
right_child=-2 -3 3 -5 -6
leaf_value=0.0021761903054014803 -0.00076169289760859586 -0.0012614717648914123 0.00071073320504990421 -0.00051681527757961327 0
leaf_weight=670.65587046742439 923.41399189829826 504.43264225125313 1877.4210273623466 2735.7308666408062 619.45441576838493
leaf_count=2711 3750 2041 7571 11030 2502
internal_value=0 0.000115755 0.000244343 -8.14131e-06 0.00115902
internal_weight=7331.11 6407.69 5903.26 4613.15 1290.11
internal_count=29605 25855 23814 18601 5213
is_linear=0
shrinkage=0.02


Tree=348
num_leaves=7
num_cat=0
split_feature=20 20 19 4 22 12
split_gain=1.59048 2.74391 4.55761 3.89095 3.7029 3.27831
threshold=22.500000000000004 336.50000000000006 248.08325195312503 55.810249328613288 141.50000000000003 0.1486572399735451
decision_type=2 2 8 2 2 2
left_child=-1 3 5 4 -2 -3
right_child=1 2 -4 -5 -6 -7
leaf_value=-0.00094526892572908169 0.002467006482018396 0.00085954061895260369 -0.0015158980490920732 -0.00043853285695365197 0.00033103734274139522 -0.00034253437505481947
leaf_weight=621.49165819585323 602.75464741885662 1440.9934465140104 811.29594585299492 742.42975175380707 790.41138081252575 2321.6128747910261
leaf_count=2513 2432 5816 3280 3003 3188 9373
internal_value=0 9.38939e-05 -0.000176279 0.00068523 0.00130755 0.000110573
internal_weight=7330.99 6709.5 4573.9 2135.6 1393.17 3762.61
internal_count=29605 27092 18469 8623 5620 15189
is_linear=0
shrinkage=0.02


Tree=349
num_leaves=9
num_cat=0
split_feature=2 3 23 8 2 0 1 18
split_gain=1.59078 3.76353 5.30656 4.40255 3.74558 3.80942 4.00033 2.50913
threshold=0.92500001192092907 -0.079145316034555421 0.81883782148361217 -0.01115917321294546 0.86500000953674328 1.2946459054946902 11.188263416290285 23.857749938964847
decision_type=2 2 2 2 2 2 2 2
left_child=4 -2 3 -3 5 6 -1 -4
right_child=1 2 7 -5 -6 -7 -8 -9
leaf_value=0.00064899893719091994 0.0016374333150421477 -0.0018071915929392427 0.0001187630812713889 0.00016003742446057454 -0.0017938068886310565 0.0015413416383122109 -0.000907589401155342 0.0020580914511580317
leaf_weight=1014.2074740231037 661.90004129707813 771.72302806377411 630.45013706386089 983.62022578716278 535.46804048120975 500.37111620604992 1725.249977812171 507.89210838079453
leaf_count=4090 2677 3126 2544 3975 2163 2016 6965 2049
internal_value=0 0.000305367 0 -0.000696735 -0.000282174 -9.5832e-06 -0.000317247 0.00104065
internal_weight=7330.88 3555.59 2893.69 1755.34 3775.3 3239.83 2739.46 1138.34
internal_count=29605 14371 11694 7101 15234 13071 11055 4593
is_linear=0
shrinkage=0.02


Tree=350
num_leaves=7
num_cat=0
split_feature=0 24 22 13 10 7
split_gain=1.55874 2.51284 3.69171 3.39707 5.97569 2.84231
threshold=0.67219731211662304 63.761648178100593 68.500000000000014 -0.11738993227481841 -0.04500963352620601 0.020706986077129844
decision_type=2 2 2 2 2 2
left_child=-1 3 -3 5 -5 -2
right_child=1 2 -4 4 -6 -7
leaf_value=0.00074483361909417705 0 0 -0.0019959729111932159 -0.0019096692044965112 0.00017288874252672725 0.0021585590671092496
leaf_weight=958.45907890796661 499.70105117559433 815.26305183768272 606.96897441148758 632.04230885207653 3318.7909391671419 499.52189014852047
leaf_count=3861 2016 3298 2449 2552 13407 2022
internal_value=0 -0.000110719 -0.000846887 9.641e-05 -0.000160485 0.00112829
internal_weight=7330.75 6372.29 1422.23 4950.06 3950.83 999.223
internal_count=29605 25744 5747 19997 15959 4038
is_linear=0
shrinkage=0.02


Tree=351
num_leaves=9
num_cat=0
split_feature=21 24 18 18 7 6 21 24
split_gain=1.56203 7.18175 4.87149 4.81037 4.42675 4.02608 2.33629 5.3363
threshold=-6.7749998569488517 5.618999958038331 12.502299785614015 8.4611501693725604 0.027445984072983268 1.0589999556541445 -49.210000991821282 -71.813049316406236
decision_type=2 2 2 2 2 2 2 2
left_child=2 5 -1 -3 -5 -2 7 -4
right_child=1 3 6 4 -6 -7 -8 -9
leaf_value=-0.0020221116337356317 0.0025982398101010596 0.0014325148733970951 -0.00069081918156879837 -0.0011368393139860977 0.00050206248479921147 0.00021081497249890877 -0.00067170887853300722 0.0018724608274410875
leaf_weight=545.54625475406647 643.78902314603329 542.0965428352356 589.15947265923023 1892.3859007209539 950.91208752989769 561.12486879527569 964.14020018279552 641.55383561551571
leaf_count=2209 2597 2190 2385 7642 3840 2263 3888 2591
internal_value=0 0.000228561 -0.000372583 -0.000235801 -0.000576173 0.00154251 3.81855e-05 0.000626101
internal_weight=7330.71 4590.31 2740.4 3385.39 2843.3 1204.91 2194.85 1230.71
internal_count=29605 18532 11073 13672 11482 4860 8864 4976
is_linear=0
shrinkage=0.02


Tree=352
num_leaves=11
num_cat=0
split_feature=11 10 9 1 7 13 0 7 18 18
split_gain=1.55622 4.09845 5.74603 4.97032 3.87094 3.66554 3.51498 3.07237 3.78604 5.57775
threshold=0.0091554676182568091 -0.015493243001401423 -0.012928041629493235 11.804609775543215 0.020502097904682163 -0.053115667775273316 0.82146766781806957 0.015131307765841486 14.593200206756594 24.358950614929203
decision_type=2 2 2 2 2 2 2 2 2 2
left_child=1 3 -3 6 -4 -5 -1 -2 -9 -10
right_child=7 2 4 5 -6 -7 -8 8 9 -11
leaf_value=-0.00035841899629882604 -0.0016536320423979956 0.0023920434357579939 -0.0010520646781335876 0 0.0012164294238666403 -0.0022368203733541428 0.0015370631946386736 0.0011210008295176952 -0.0021450209386646383 0.00029580689307753518
leaf_weight=814.27998866140842 561.93914301693439 676.45656982064247 572.44011308252811 544.17234858870506 578.86112554371357 628.13656021654606 680.04985229671001 743.28577817976475 561.5769547522068 969.4784808754921
leaf_count=3285 2273 2730 2305 2197 2329 2531 2749 3010 2271 3925
internal_value=0 0.000234589 0.000962046 -0.000254379 5.84958e-05 -0.00122558 0.000490446 -0.000361515 -1.21458e-05 -0.000594951
internal_weight=7330.68 4494.4 1827.76 2666.64 1151.3 1172.31 1494.33 2836.28 2274.34 1531.06
internal_count=29605 18126 7364 10762 4634 4728 6034 11479 9206 6196
is_linear=0
shrinkage=0.02


Tree=353
num_leaves=8
num_cat=0
split_feature=14 10 23 22 3 8 0
split_gain=1.6008 4.34134 4.43963 3.65739 3.84686 6.08283 6.06605
threshold=-0.078496202826499925 -0.040313094854354851 0.725816309452057 1077.5000000000002 0.052055817097425468 0.048128347843885429 1.1965138316154482
decision_type=2 2 2 2 2 2 2
left_child=1 2 -1 4 5 -2 -6
right_child=3 -3 -4 -5 6 -7 -8
leaf_value=0.00094318124079981376 -0.00039543526601943524 0.0020336485136340423 -0.0012721911397601171 0.001227593939454412 -0.002778654390608158 0.0018256434017684593 0
leaf_weight=752.93047265708447 3043.5724906921387 510.27803103625774 649.35710872709751 622.93209452927113 573.2393057346344 562.92732429504395 615.37625639140606
leaf_count=3047 12289 2057 2618 2516 2328 2270 2480
internal_value=0 0.00049715 -6.0836e-05 -0.000172355 -0.000367143 -2.873e-05 -0.00134241
internal_weight=7330.61 1912.57 1402.29 5418.05 4795.12 3606.5 1188.62
internal_count=29605 7722 5665 21883 19367 14559 4808
is_linear=0
shrinkage=0.02


Tree=354
num_leaves=8
num_cat=0
split_feature=13 9 8 10 10 8 6
split_gain=1.60752 4.48025 7.35594 4.71836 3.78867 5.54535 4.71341
threshold=0.013567937072366478 0.051124071702361114 0.014214968774467708 -0.048241227865219109 -0.04346684738993644 -0.013457190711051224 1.5813900232315066
decision_type=2 2 2 2 2 2 2
left_child=1 2 3 -1 -2 -6 -7
right_child=4 -3 -4 -5 5 6 -8
leaf_value=0.00059362933829550091 -0.001057373039396322 -0.0019294294454745384 0.0018244901624806212 -0.0010085921073605265 0.0025211020168154157 -0.00082727540146961974 0.001116383182519281
leaf_weight=1112.010068371892 570.3623309135437 526.52801345288754 695.12096990644932 1976.7578913867474 508.52510385215282 909.61852604150772 1031.552579715848
leaf_count=4498 2297 2132 2800 7998 2052 3669 4159
internal_value=0 -0.000243787 0 -0.000419716 0.000355816 0.000706933 0.000187743
internal_weight=7330.48 4310.42 3783.89 3088.77 3020.06 2449.7 1941.17
internal_count=29605 17428 15296 12496 12177 9880 7828
is_linear=0
shrinkage=0.02


Tree=355
num_leaves=6
num_cat=0
split_feature=16 5 10 19 18
split_gain=1.55749 2.69973 4.43063 4.24793 3.39042
threshold=4.8408000469207773 0.033739535138010986 0.030102185904979709 404.87390136718756 16.771199226379398
decision_type=2 2 2 8 2
left_child=1 2 3 -1 -3
right_child=-2 4 -4 -5 -6
leaf_value=0.00036690440704072576 -0.0007534267581167036 0.00065312782532782039 0.0018690023209741442 -0.001400312549637625 -0.0013021457539655629
leaf_weight=3672.8338319808245 923.30558080971241 500.89379180967808 639.87326091527939 610.61449927091599 982.83817373216152
leaf_count=14809 3750 2024 2578 2467 3977
internal_value=0 0.000115111 0.000345347 9.99539e-05 -0.000617569
internal_weight=7330.36 6407.05 4923.32 4283.45 1483.73
internal_count=29605 25855 19854 17276 6001
is_linear=0
shrinkage=0.02


Tree=356
num_leaves=8
num_cat=0
split_feature=13 9 8 7 19 0 19
split_gain=1.55761 4.2972 7.06765 4.56026 4.1983 5.27089 4.93579
threshold=0.013567937072366478 0.051124071702361114 0.014214968774467708 0.022504990920424465 173.52719879150393 1.2018269896507265 -5.5192499160766593
decision_type=2 2 2 2 10 2 8
left_child=1 2 3 -1 5 6 -2
right_child=4 -3 -4 -5 -6 -7 -8
leaf_value=-0.00097895560068151266 0.00082130374346522038 -0.0018910265606396474 0.001787037655145097 0.00060628002830639526 0.0018231621719033506 0.0014074055892418572 -0.0013838138898794208
leaf_weight=2009.3573882430792 580.69919826090336 526.43487896025181 695.16566064953804 1079.2243889719248 593.40687501430511 702.34777915477753 1143.6224886029959
leaf_count=8126 2346 2132 2800 4370 2389 2825 4617
internal_value=0 -0.000240029 0 -0.000412712 0.000350198 -9.22301e-06 -0.000618894
internal_weight=7330.26 4310.18 3783.75 3088.58 3020.08 2426.67 1724.32
internal_count=29605 17428 15296 12496 12177 9788 6963
is_linear=0
shrinkage=0.02


Tree=357
num_leaves=10
num_cat=0
split_feature=2 4 10 18 3 23 2 4 18
split_gain=1.55605 3.78008 9.56505 5.62822 3.55645 5.05836 4.40442 3.38588 2.39793
threshold=0.92500001192092907 53.015216827392585 0.0085439588874578493 15.471350193023683 -0.079145316034555421 0.81883782148361217 1.3450000286102297 60.733589172363288 23.857749938964847
decision_type=2 2 2 2 2 2 2 2 2
left_child=1 2 3 -1 -2 6 -6 -3 -7
right_child=4 7 -4 -5 5 8 -8 -9 -10
leaf_value=-0.0016704434661273259 0.0015978382724854854 -0.0023912152876783173 0.0025258839660175685 0.00035394604229481875 6.7488198783440976e-05 0.0001191493263561317 -0.001953806687011709 -8.1155414761167975e-05 0.0020169459912240846
leaf_weight=887.59019704163074 661.8077138364315 522.37436977028847 508.49749228358269 1314.1347795128822 1107.037893474102 630.41777569055557 648.00912319123745 542.32210689783096 507.94648306071758
leaf_count=3584 2677 2111 2045 5299 4475 2544 2626 2195 2049
internal_value=0 -0.00027814 0.000108247 -0.000454724 0.000302959 0 -0.000674308 -0.00127643 0.00102211
internal_weight=7330.14 3774.92 2710.22 2201.72 3555.22 2893.41 1755.05 1064.7 1138.36
internal_count=29605 15234 10928 8883 14371 11694 7101 4306 4593
is_linear=0
shrinkage=0.02


Tree=358
num_leaves=6
num_cat=0
split_feature=22 22 3 8 23
split_gain=1.54531 3.87775 2.94772 5.63542 5.03041
threshold=15.500000000000002 33.500000000000007 0.021908963099122051 0.014214968774467708 0.74831923842430126
decision_type=2 2 2 2 2
left_child=-1 -2 3 -3 -4
right_child=1 2 4 -5 -6
leaf_value=-0.0010335825649736929 0.0017309336016648824 -9.7536087655028197e-05 -0.0022570339743506586 0.0017318853840613076 -4.7568739928618318e-05
leaf_weight=508.61772459745407 505.279167547822 3364.5837687253952 550.4874153137207 808.35087628662586 1592.6432826519012
leaf_count=2062 2040 13594 2231 3249 6429
internal_value=0 8.46559e-05 -4.7264e-05 0.000255906 -0.000650978
internal_weight=7329.96 6821.34 6316.07 4172.93 2143.13
internal_count=29605 27543 25503 16843 8660
is_linear=0
shrinkage=0.02


Tree=359
num_leaves=8
num_cat=0
split_feature=14 10 23 22 3 8 0
split_gain=1.54723 4.11646 4.23948 3.51894 3.74659 6.0629 4.34987
threshold=-0.078496202826499925 -0.040313094854354851 0.725816309452057 1077.5000000000002 0.060480060055851943 0.048128347843885429 1.1965138316154482
decision_type=2 2 2 2 2 2 2
left_child=1 2 -1 4 5 -2 -6
right_child=3 -3 -4 -5 6 -7 -8
leaf_value=0.0009269187548936066 -0.00042841480690920656 0.0019850415020355918 -0.0012382365959536185 0.0012038277657272867 -0.002701174145863672 0.0016717478975392685 -9.406331230955842e-05
leaf_weight=752.83104519546032 3087.4862957447767 510.32676561176777 649.28401064872742 622.91638478636742 503.62372118234634 642.48821938037872 560.89298978447914
leaf_count=3047 12468 2057 2618 2516 2047 2592 2260
internal_value=0 0.000489102 -5.36716e-05 -0.000169122 -0.000360322 -4.83796e-05 -0.00139402
internal_weight=7329.85 1912.44 1402.12 5417.41 4794.49 3729.97 1064.52
internal_count=29605 7722 5665 21883 19367 15060 4307
is_linear=0
shrinkage=0.02


Tree=360
num_leaves=6
num_cat=0
split_feature=9 8 16 20 22
split_gain=1.55107 7.47065 3.04308 6.53989 6.15532
threshold=-0.1060948111116886 -0.10804748907685278 0.98645001649856578 1958.5000000000002 174.50000000000003
decision_type=2 2 2 2 2
left_child=-1 -2 4 -4 -3
right_child=1 2 3 -5 -6
leaf_value=-0.0010215815316041452 0.0023154766753896014 8.0334677190745815e-05 -8.7754531394611203e-05 0.0022358324179117656 -0.0019090299035596306
leaf_weight=522.38571009039879 529.74987484514713 1677.5587879568338 3122.6088189035654 544.0158473700285 933.40412853658199
leaf_count=2106 2151 6777 12611 2193 3767
internal_value=0 8.56656e-05 -0.00010474 0.000259275 -0.000627713
internal_weight=7329.72 6807.34 6277.59 3666.62 2610.96
internal_count=29605 27499 25348 14804 10544
is_linear=0
shrinkage=0.02


Tree=361
num_leaves=8
num_cat=0
split_feature=13 19 25 6 19 0 19
split_gain=1.56999 4.16188 4.59247 4.59416 4.04261 5.01469 4.74905
threshold=0.013567937072366478 232.01160430908206 13.086178302764894 1.3337399959564211 173.52719879150393 1.2018269896507265 -5.5192499160766593
decision_type=2 10 2 2 10 2 8
left_child=1 2 -1 -4 5 6 -2
right_child=4 -3 3 -5 -6 -7 -8
leaf_value=0.0015431638612934278 0.00081602291427248553 -0.0018252360323341304 8.6295765231451352e-05 -0.0017206493318111882 0.0017968857370440656 0.0013807876851363509 -0.0013468543217185866
leaf_weight=618.47467263042927 580.68040220439434 551.06640331447124 2446.105305314064 694.06558212637901 593.41536405682564 702.37040378153324 1143.3891561031342
leaf_count=2497 2346 2226 9896 2809 2389 2825 4617
internal_value=0 -0.000240805 0 -0.000311415 0.000351783 -6.71292e-07 -0.000595951
internal_weight=7329.57 4309.71 3758.65 3140.17 3019.86 2426.44 1724.07
internal_count=29605 17428 15202 12705 12177 9788 6963
is_linear=0
shrinkage=0.02


Tree=362
num_leaves=5
num_cat=0
split_feature=19 8 21 21
split_gain=1.55611 2.97462 3.55461 3.77795
threshold=-332.25784301757807 -0.13188134133815763 -108.74999999999999 -6.7749998569488517
decision_type=8 2 2 2
left_child=-1 -2 -3 -4
right_child=1 2 3 -5
leaf_value=-0.00099843880145158667 0.0015158468825168042 0.0014737248098654621 -0.00094686134757180317 0.0001534515344800589
leaf_weight=547.42338006198406 514.45824037492275 543.92763011157513 1772.7898542284966 3950.9281045794487
leaf_count=2212 2083 2201 7160 15949
internal_value=0 8.80216e-05 -2.86302e-05 -0.000183428
internal_weight=7329.53 6782.1 6267.65 5723.72
internal_count=29605 27393 25310 23109
is_linear=0
shrinkage=0.02


Tree=363
num_leaves=7
num_cat=0
split_feature=0 24 22 13 10 7
split_gain=1.53615 2.41359 3.78572 3.24974 5.76361 3.14907
threshold=0.67599794268608104 63.761648178100593 68.500000000000014 -0.11738993227481841 -0.04500963352620601 0.020706986077129844
decision_type=2 2 2 2 2 2
left_child=-1 3 -3 5 -5 -2
right_child=1 2 -4 4 -6 -7
leaf_value=0.0007279456411711043 0 2.2161544110739381e-05 -0.0020015964010250261 -0.0018895358935004517 0.00016711837061904813 0.0021932913184923943
leaf_weight=987.32559360563755 497.12835755944252 812.39031697809696 603.83459174633026 623.64810708165169 3309.1816567033529 495.93796461820602
leaf_count=3978 2006 3287 2437 2519 13370 2008
internal_value=0 -0.000111056 -0.000833976 9.23372e-05 -0.000159149 0.00110497
internal_weight=7329.45 6342.12 1416.22 4925.9 3932.83 993.066
internal_count=29605 25627 5724 19903 15889 4014
is_linear=0
shrinkage=0.02


Tree=364
num_leaves=9
num_cat=0
split_feature=13 9 8 10 13 9 18 7
split_gain=1.53041 4.11131 6.72901 4.44908 3.64085 5.1807 4.0549 3.11887
threshold=0.013567937072366478 0.051124071702361114 0.014214968774467708 -0.048241227865219109 0.049814485013484962 0.054948590695858009 26.283049583435062 0.033881762996315963
decision_type=2 2 2 2 2 2 2 2
left_child=1 2 3 -1 -2 6 -6 -7
right_child=4 -3 -4 -5 5 7 -8 -9
leaf_value=0.00057819343071965857 0.0017014795854412696 -0.0018525199732855918 0.0017410644870639856 -0.0009774709899370744 -0.0017573877110479579 0.0019917537013660618 0.00044746575347994372 -3.8457682934225638e-05
leaf_weight=1111.7423518300056 606.06339077651501 526.30094619095325 695.17540633678436 1976.3259449750185 780.35425139963627 567.76268583536148 518.8826122879982 546.79524007439613
leaf_count=4498 2438 2132 2800 7998 3151 2291 2091 2206
internal_value=0 -0.000237407 0 -0.000405351 0.000347661 0 -0.000856665 0.000983401
internal_weight=7329.4 4309.54 3783.24 3088.07 3019.86 2413.79 1299.24 1114.56
internal_count=29605 17428 15296 12496 12177 9739 5242 4497
is_linear=0
shrinkage=0.02


Tree=365
num_leaves=7
num_cat=0
split_feature=5 8 11 22 22 23
split_gain=1.56135 4.01684 3.23894 3.13095 7.27055 5.57078
threshold=0.033739535138010986 0.061978241428732879 0.04939746484160424 379.50000000000006 139.50000000000003 0.79611295461654674
decision_type=2 2 2 2 2 2
left_child=1 3 -2 4 -1 -5
right_child=2 -3 -4 5 -6 -7
leaf_value=0.00030327662788844968 -0.001446412359277349 0.0017814690382192675 0.00029040876577619471 0.0015758010324765485 -0.0015807433437557109 -0.00077731877975877929
leaf_weight=2293.8568870425224 788.56349664926529 528.55211731791496 838.61312744021416 1051.5064699351788 1227.6240310370922 600.53056319057941
leaf_count=9271 3193 2126 3394 4247 4953 2421
internal_value=0 0.000160357 -0.000537636 -5.60858e-06 -0.00034932 0.000699406
internal_weight=7329.25 5702.07 1627.18 5173.52 3521.48 1652.04
internal_count=29605 23018 6587 20892 14224 6668
is_linear=0
shrinkage=0.02


Tree=366
num_leaves=10
num_cat=0
split_feature=11 10 9 8 12 7 7 18 5
split_gain=1.5308 3.84911 5.59771 5.51838 5.39632 4.97062 2.97886 3.6116 5.3969
threshold=0.0091554676182568091 -0.015493243001401423 -0.012928041629493235 0.052384642884135253 0.23876976966857913 0.022722560912370685 0.015131307765841486 14.593200206756594 0.03450529836118222
decision_type=2 2 2 2 2 2 2 2 2
left_child=1 4 -3 -4 5 -1 -2 -8 -9
right_child=6 2 3 -5 -6 -7 7 8 -10
leaf_value=-0.00026020635021481556 -0.0016304527798323282 0.0023495173550186418 -0.0011231193978291872 0.0016078522826345992 -0.0014002915013479331 0.0020515092907159816 0.0010927226906322029 0.00068421511447588088 -0.001646833389221624
leaf_weight=1168.5201664119959 561.79274539649487 676.44025631248951 648.39594595134258 502.63753552734852 991.81047689914703 505.62086676061153 743.2504358291626 686.4297139942646 844.27060779929161
leaf_count=4715 2273 2730 2610 2024 3995 2052 3010 2775 3421
internal_value=0 0.000233355 0.000938388 4.63843e-05 -0.000240215 0.000435307 -0.0003579 -1.35796e-05 -0.000583222
internal_weight=7329.17 4493.43 1827.47 1151.03 2665.95 1674.14 2835.74 2273.95 1530.7
internal_count=29605 18126 7364 4634 10762 6767 11479 9206 6196
is_linear=0
shrinkage=0.02


Tree=367
num_leaves=8
num_cat=0
split_feature=13 19 25 3 19 0 19
split_gain=1.53269 4.00826 4.40939 4.2159 3.87915 4.81605 4.62367
threshold=0.013567937072366478 232.01160430908206 13.086178302764894 -0.0026786078233271833 173.52719879150393 1.2018269896507265 -5.5192499160766593
decision_type=2 10 2 2 10 2 8
left_child=1 2 -1 -4 5 6 -2
right_child=4 -3 3 -5 -6 -7 -8
leaf_value=0.0015110891749109034 0.00081206849627006518 -0.0017924367994648328 5.4928897020567017e-05 -0.0017258039069544104 0.0017635331153147164 0.0013566447474345036 -0.0013219810536709081
leaf_weight=618.42666548490524 580.66080291569233 550.97638523578644 2500.6519322991371 639.18321020901203 593.44980938732624 702.40031659603119 1143.2466428875923
leaf_count=2497 2346 2226 10110 2595 2389 2825 4617
internal_value=0 -0.0002374 0 -0.000306223 0.000348111 0 -0.000580663
internal_weight=7329 4309.24 3758.26 3139.84 3019.76 2426.31 1723.91
internal_count=29605 17428 15202 12705 12177 9788 6963
is_linear=0
shrinkage=0.02


Tree=368
num_leaves=7
num_cat=0
split_feature=22 1 12 10 24 19
split_gain=1.53126 3.68811 6.38472 5.10126 5.90708 3.90068
threshold=15.500000000000002 11.804609775543215 0.66666671633720409 -0.057179428637027734 -4.9236500263214102 131.9183044433594
decision_type=2 2 2 2 2 10
left_child=-1 3 5 -2 -5 -3
right_child=1 2 -4 4 -6 -7
leaf_value=-0.0010285056389256126 0.0021449683210560612 -0.00037596643437069201 0.0012045653617171399 -0.00087981629465933454 0.00092315797943638288 -0.0021859573858230051
leaf_weight=508.52100694179535 623.54115450382233 1876.9119083732367 732.96988815069199 1212.9641044586897 1717.145148947835 656.84087032079697
leaf_count=2062 2524 7589 2957 4896 6925 2652
internal_value=0 8.4713e-05 -0.00039238 0.000533345 0.000163143 -0.000875841
internal_weight=7328.89 6820.37 3266.72 3553.65 2930.11 2533.75
internal_count=29605 27543 13198 14345 11821 10241
is_linear=0
shrinkage=0.02


Tree=369
num_leaves=5
num_cat=0
split_feature=19 8 21 21
split_gain=1.53083 2.79312 3.45257 3.6051
threshold=-332.25784301757807 -0.13188134133815763 -108.74999999999999 -6.7749998569488517
decision_type=8 2 2 2
left_child=-1 -2 -3 -4
right_child=1 2 3 -5
leaf_value=-0.00099002673880623838 0.0014713385647191829 0.0014553936196225511 -0.00092383796692469542 0.00015098998208279703
leaf_weight=547.35849191248417 514.30416512489319 543.93034121394157 1772.5132580697536 3950.6742872744799
leaf_count=2212 2083 2201 7160 15949
internal_value=0 8.76188e-05 -2.52319e-05 -0.000177911
internal_weight=7328.78 6781.42 6267.12 5723.19
internal_count=29605 27393 25310 23109
is_linear=0
shrinkage=0.02


Tree=370
num_leaves=6
num_cat=0
split_feature=9 8 16 20 26
split_gain=1.55543 6.94399 3.02216 6.24848 5.79644
threshold=-0.1060948111116886 -0.10804748907685278 0.98645001649856578 1958.5000000000002 1.0000000180025095e-35
decision_type=2 2 2 2 10
left_child=-1 -2 4 -4 -3
right_child=1 2 3 -5 -6
leaf_value=-0.0010224842793069414 0.002236692017800235 -0.0012454815240775863 -7.3207532497985883e-05 0.0021974562049921907 0.00076015722065105149
leaf_weight=522.30940392613411 529.47766423225403 1814.440032735467 3122.1923895478249 544.04000735282898 796.24093133211136
leaf_count=2106 2151 7326 12611 2193 3218
internal_value=0 8.63651e-05 -9.69846e-05 0.000265822 -0.000618337
internal_weight=7328.7 6806.39 6276.91 3666.23 2610.68
internal_count=29605 27499 25348 14804 10544
is_linear=0
shrinkage=0.02


Tree=371
num_leaves=10
num_cat=0
split_feature=2 4 10 18 20 3 23 2 18
split_gain=1.51702 3.6082 9.15524 5.46588 3.29257 3.21734 4.8281 4.21385 2.30473
threshold=0.92500001192092907 53.015216827392585 0.0085439588874578493 15.471350193023683 568.50000000000011 -0.079145316034555421 0.81883782148361217 1.3450000286102297 23.857749938964847
decision_type=2 2 2 2 2 2 2 2 2
left_child=1 2 3 -1 -3 -2 7 -7 -8
right_child=5 4 -4 -5 -6 6 8 -9 -10
leaf_value=-0.0016457171027114699 0.0015317271621615662 -0.0022976337129733209 0.0024688563182689231 0.00034929577589531648 -1.8886349962415846e-05 7.7490695090154521e-05 0.00012301080886462575 -0.0018995479159607176 0.0019857416676944172
leaf_weight=887.33399380743504 661.5293523222208 547.27407552301884 508.4608777910471 1313.8832675665617 517.1669599711895 1106.8432630449533 630.3527338206768 647.75400620698929 507.95258459448814
leaf_count=3584 2677 2215 2045 5299 2091 4475 2544 2626 2049
internal_value=0 -0.000274023 0.000103217 -0.000447344 -0.00124947 0.000299786 0 -0.000647352 0.00101005
internal_weight=7328.55 3774.12 2709.68 2201.22 1064.44 3554.43 2892.9 1754.6 1138.31
internal_count=29605 15234 10928 8883 4306 14371 11694 7101 4593
is_linear=0
shrinkage=0.02


Tree=372
num_leaves=6
num_cat=0
split_feature=9 8 16 20 22
split_gain=1.50766 6.63691 2.97061 5.99292 5.81676
threshold=-0.1060948111116886 -0.10804748907685278 0.98645001649856578 1958.5000000000002 174.50000000000003
decision_type=2 2 2 2 2
left_child=-1 -2 4 -4 -3
right_child=1 2 3 -5 -6
leaf_value=-0.0010063360200104222 0.0021878493622069189 7.6960151109421222e-05 -6.5930674262328155e-05 0.0021573790828557436 -0.0018565684474411599
leaf_weight=522.29096838831902 529.36952215433121 1677.4217911064625 3122.0444875210524 544.09449191391468 933.14104036986828
leaf_count=2106 2151 6777 12611 2193 3767
internal_value=0 8.5354e-05 -9.37598e-05 0.000265897 -0.000610741
internal_weight=7328.36 6806.07 6276.7 3666.14 2610.56
internal_count=29605 27499 25348 14804 10544
is_linear=0
shrinkage=0.02


Tree=373
num_leaves=6
num_cat=0
split_feature=22 22 22 22 26
split_gain=1.50716 3.5991 2.84139 10.9429 8.3635
threshold=15.500000000000002 33.500000000000007 104.50000000000001 146.50000000000003 1.0000000180025095e-35
decision_type=2 2 2 2 10
left_child=-1 -2 4 -4 -3
right_child=1 2 3 -5 -6
leaf_value=-0.0010202350907453155 0.0016703199952133978 -0.0022490017533676574 0.0028657924060456054 -0.00013559940448447239 0.00042698707101089647
leaf_weight=508.45984676480293 505.20862273871899 781.03346425294876 527.29734382033348 3948.8522388339043 1057.3562517464161
leaf_count=2062 2040 3164 2123 15942 4274
internal_value=0 8.4239e-05 -4.26663e-05 0.000223161 -0.000704349
internal_weight=7328.21 6819.75 6314.54 4476.15 1838.39
internal_count=29605 27543 25503 18065 7438
is_linear=0
shrinkage=0.02


Tree=374
num_leaves=8
num_cat=0
split_feature=13 9 8 14 19 0 19
split_gain=1.50609 3.81573 6.73449 4.23541 3.76225 4.66353 4.45901
threshold=0.013567937072366478 0.051124071702361114 0.014214968774467708 -0.12558493763208387 173.52719879150393 1.2018269896507265 -5.5192499160766593
decision_type=2 2 2 2 10 2 8
left_child=1 2 3 -1 5 6 -2
right_child=4 -3 -4 -5 -6 -7 -8
leaf_value=0.00098802177674089465 0.00079807584514706353 -0.0017914077351358826 0.001735691588442287 -0.00079792922999974555 0.0017392787807032212 0.0013375569025580914 -0.0012972484230913217
leaf_weight=638.87742155790329 580.66241660714149 526.08929967880249 695.0926573574543 2448.4549795389175 593.46407315135002 702.40434764325619 1143.0820533633232
leaf_count=2590 2346 2132 2800 9906 2389 2825 4617
internal_value=0 -0.000234988 0 -0.000411645 0.000345437 0 -0.000568918
internal_weight=7328.13 4308.51 3782.43 3087.33 3019.61 2426.15 1723.74
internal_count=29605 17428 15296 12496 12177 9788 6963
is_linear=0
shrinkage=0.02


Tree=375
num_leaves=6
num_cat=0
split_feature=19 16 18 25 21
split_gain=1.50909 2.70293 4.49624 4.46779 3.47109
threshold=-332.25784301757807 0.42450000345706945 34.341150283813484 13.73186254501343 -6.7749998569488517
decision_type=8 2 2 2 2
left_child=-1 3 4 -2 -3
right_child=1 2 -4 -5 -6
leaf_value=-0.00098229271926050517 -0.0016308175518858232 -0.00075483588056272455 0.0016124697650958895 0.0006949762458388272 0.00041294350492738379
leaf_weight=547.30337005853653 806.45409719645977 1468.3114416450262 841.40984410047531 503.99100537598133 3160.5105309486389
leaf_count=2212 3256 5937 3401 2037 12762
internal_value=0 8.76837e-05 0.000288318 -0.000712125 3.25491e-05
internal_weight=7327.98 6780.68 5470.23 1310.45 4628.82
internal_count=29605 27393 22100 5293 18699
is_linear=0
shrinkage=0.02


Tree=376
num_leaves=7
num_cat=0
split_feature=1 0 0 18 25 20
split_gain=1.51092 3.35118 5.36093 2.74799 4.53613 4.22371
threshold=11.025557041168215 0.9745146930217744 0.77377235889434826 50.126251220703132 13.40621852874756 336.50000000000006
decision_type=2 2 2 2 2 2
left_child=1 2 -1 4 -2 -6
right_child=3 -3 -4 -5 5 -7
leaf_value=0.001055166774618758 -0.0020131032066745334 0.0014827326764116277 -0.0013248878997489156 0.00091940152218377401 0.00062012208042163102 -0.00071142579375065051
leaf_weight=732.31820030510426 568.75337386131287 772.61745151877403 727.73340365290642 727.15759302675724 1668.6512657850981 2130.769961848855
leaf_count=2953 2297 3117 2939 2939 6749 8611
internal_value=0 0.000435732 -0.000108372 -0.000185363 -0.000381747 -0.000116703
internal_weight=7328 2232.67 1460.05 5095.33 4368.17 3799.42
internal_count=29605 9009 5892 20596 17657 15360
is_linear=0
shrinkage=0.02


Tree=377
num_leaves=7
num_cat=0
split_feature=20 20 19 4 9 1
split_gain=1.50592 2.68129 4.15005 3.69385 3.52763 3.25115
threshold=22.500000000000004 336.50000000000006 248.08325195312503 55.810249328613288 -0.010814119130372999 12.147202014923097
decision_type=2 2 8 2 2 2
left_child=-1 3 5 4 -2 -3
right_child=1 2 -4 -5 -6 -7
leaf_value=-0.00091817834828807965 0.00031434535197625917 0.00051408822423091726 -0.0014525519642021225 -0.00041632085093926146 0.0023976277670465758 -0.00072841731699699558
leaf_weight=621.18203434348106 778.51982419192791 2541.9265743345022 810.85243414342403 742.12299272418022 614.06459970772266 1219.2965031564236
leaf_count=2513 3148 10263 3280 3003 2472 4926
internal_value=0 9.31392e-05 -0.000173908 0.000677845 0.00128429 9.94263e-05
internal_weight=7327.96 6706.78 4572.08 2134.71 1392.58 3761.22
internal_count=29605 27092 18469 8623 5620 15189
is_linear=0
shrinkage=0.02


Tree=378
num_leaves=8
num_cat=0
split_feature=2 2 0 1 3 20 7
split_gain=1.46254 3.57533 3.4796 3.76427 3.09361 5.53423 3.85751
threshold=0.92500001192092907 0.86500000953674328 1.2946459054946902 11.188263416290285 -0.08726960793137549 1250.5000000000002 0.015049002133309843
decision_type=2 2 2 2 2 2 2
left_child=1 2 3 -1 -2 6 -6
right_child=4 -3 -4 -5 5 -7 -8
leaf_value=0.00063989861065184589 0.0016165199296578887 -0.0017458836042329143 0.0014797382030721428 -0.00087033387144782931 -0.00083235983881657627 -0.0012920979513283872 0.0010811240942825507
leaf_weight=1013.8000706285238 567.83059097826481 535.1836523860693 500.26135329902172 1724.495437592268 528.67080247402191 866.98777176439762 1590.6329274773598
leaf_count=4090 2300 2163 2016 6965 2140 3500 6431
internal_value=0 -0.000268871 -2.33835e-06 -0.000297065 0.000294562 1.99574e-05 0.000582499
internal_weight=7327.86 3773.74 3238.56 2738.3 3554.12 2986.29 2119.3
internal_count=29605 15234 13071 11055 14371 12071 8571
is_linear=0
shrinkage=0.02


Tree=379
num_leaves=10
num_cat=0
split_feature=13 4 25 13 19 0 3 8 14
split_gain=1.46719 3.72687 4.72263 4.67192 3.5943 4.45006 4.4087 2.89011 2.63458
threshold=0.013567937072366478 37.124494552612312 13.285229206085207 -0.10417638346552847 173.52719879150393 1.2018269896507265 0.021058971993625168 -0.10635140165686606 -0.057657305151224129
decision_type=2 2 2 2 10 2 2 2 2
left_child=1 7 -3 -4 5 6 -2 -1 -9
right_child=4 2 3 -5 -6 -7 -8 8 -10
leaf_value=0.001726149364944756 0.00064675204990943379 0.00061184616103089108 5.3990800450715294e-06 -0.0019406284026862383 0.0017031317836494367 0.0013097329601035809 -0.0013709391752012624 0.00088853457326131381 -0.0010690715331931663
leaf_weight=512.73145754635334 682.67941270768642 763.98745197057724 749.41702553629875 1234.8404393643141 593.50001157820225 702.43231357634068 1040.9309248328209 529.99974693357944 517.23808211088181
leaf_count=2083 2749 3082 3030 5009 2389 2825 4214 2136 2088
internal_value=0 -0.000232029 -0.000679045 -0.00119592 0.000340867 0 -0.000552651 0.000530423 -4.60047e-05
internal_weight=7327.76 4308.21 2748.24 1984.26 3019.54 2426.04 1723.61 1559.97 1047.24
internal_count=29605 17428 11121 8039 12177 9788 6963 6307 4224
is_linear=0
shrinkage=0.02


Tree=380
num_leaves=6
num_cat=0
split_feature=9 8 16 20 22
split_gain=1.49146 6.24445 2.90239 5.81561 5.60822
threshold=-0.1060948111116886 -0.10804748907685278 0.98645001649856578 1958.5000000000002 174.50000000000003
decision_type=2 2 2 2 2
left_child=-1 -2 4 -4 -3
right_child=1 2 3 -5 -6
leaf_value=-0.0010005609088101007 0.0021250404250506513 7.543443659588165e-05 -5.9569456602503181e-05 0.0021303303668780815 -0.0018229153008693607
leaf_weight=522.23854491114616 529.17673872411251 1677.2569254338741 3121.7124468535185 544.09255707263947 932.96749940514565
leaf_count=2106 2151 6777 12611 2193 3767
internal_value=0 8.52786e-05 -8.82807e-05 0.000267185 -0.000599461
internal_weight=7327.44 6805.21 6276.03 3665.81 2610.22
internal_count=29605 27499 25348 14804 10544
is_linear=0
shrinkage=0.02


Tree=381
num_leaves=7
num_cat=0
split_feature=22 1 12 10 24 19
split_gain=1.47737 3.52409 6.06082 4.61717 5.55631 3.83402
threshold=15.500000000000002 11.804609775543215 0.66666671633720409 -0.057179428637027734 -4.9236500263214102 131.9183044433594
decision_type=2 2 2 2 2 10
left_child=-1 3 5 -2 -5 -3
right_child=1 2 -4 4 -6 -7
leaf_value=-0.0010097683706672884 0.0020568784948764942 -0.0003583501337467923 0.0011728736286626593 -0.00084175016468672687 0.00090659217769674155 -0.0021524286579970805
leaf_weight=508.37698152661324 623.22260773181915 1876.4123753458261 732.96417474746704 1212.6470083147287 1717.0139283239841 656.65400832891464
leaf_count=2062 2524 7589 2957 4896 6925 2652
internal_value=0 8.37944e-05 -0.000382463 0.000522469 0.000169394 -0.000853825
internal_weight=7327.29 6818.91 3266.03 3552.88 2929.66 2533.07
internal_count=29605 27543 13198 14345 11821 10241
is_linear=0
shrinkage=0.02


Tree=382
num_leaves=9
num_cat=0
split_feature=24 6 12 21 6 8 0 7
split_gain=1.50202 5.54239 5.31304 5.17947 4.76765 6.07428 3.65666 2.12727
threshold=26.557800292968754 0.60893997550010692 0.29681171476840978 25.44999980926514 0.61348998546600353 0.055002212524414069 0.96602970361709606 0.02020285185426474
decision_type=2 2 2 2 2 2 2 2
left_child=3 -2 7 4 6 -6 -1 -3
right_child=1 2 -4 -5 5 -7 -8 -9
leaf_value=8.5287867893657832e-05 -0.0021671549534149114 9.985296038465271e-05 -0.00094909399379948447 0.0018546643777377053 -0.0012282563283499415 0.00073236777525104017 0.0021876996643056469 0.0020130489629329559
leaf_weight=983.94793680310249 527.27986943721771 504.14827874302864 952.12228010594845 638.19028653204441 1791.7355550378561 925.10647392272949 508.86506752669811 495.7804444283247
leaf_count=3977 2129 2037 3846 2576 7244 3737 2055 2004
internal_value=0 -0.000393476 8.74082e-05 0.000209202 -4.06148e-05 -0.000546543 0.000849752 0.0011097
internal_weight=7327.18 2479.33 1952.05 4847.85 4209.66 2716.84 1492.81 999.929
internal_count=29605 10016 7887 19589 17013 10981 6032 4041
is_linear=0
shrinkage=0.02


Tree=383
num_leaves=6
num_cat=0
split_feature=22 13 13 24 13
split_gain=1.49239 2.49795 4.12993 4.75111 3.57524
threshold=1524.5000000000002 -0.2001213729381561 -0.10417638346552847 1.8538500070571902 0.013567937072366478
decision_type=2 2 2 2 2
left_child=1 -1 3 -3 -4
right_child=-2 2 4 -5 -6
leaf_value=-0.0013615624233402328 0.00086924576096605996 -0.0001716026400333262 -0.00078922970042857323 0.0024240145666508286 0.00026935592258206439
leaf_weight=541.28536292910576 696.83632175624371 508.61315900087357 2307.1362926214933 540.6317690461874 2732.6321071535349
leaf_count=2188 2817 2057 9336 2187 11020
internal_value=0 -8.86117e-05 2.33939e-05 0.00115561 -0.000209371
internal_weight=7327.14 6630.3 6089.01 1049.24 5039.77
internal_count=29605 26788 24600 4244 20356
is_linear=0
shrinkage=0.02


Tree=384
num_leaves=8
num_cat=0
split_feature=20 20 1 18 16 6 4
split_gain=1.47953 2.59016 3.31591 6.27127 5.19778 3.27703 5.57979
threshold=22.500000000000004 426.50000000000006 11.804609775543215 33.965999603271491 0.49319998919963842 2.0220799446105961 41.008487701416023
decision_type=2 2 2 2 2 2 2
left_child=-1 5 4 -4 -3 6 -2
right_child=1 2 3 -5 -6 -7 -8
leaf_value=-0.00090976398735930614 0.001459905039890358 -0.0013660623266708793 -0.0018752720882272106 0.00069918021391370975 0.00072107137365066628 0.0016885267848565685 -0.00077114032047977869
leaf_weight=621.10685580968857 721.97659753262997 595.2152111530304 1002.1554945111275 557.41298638284206 1991.6478264331818 748.07437466084957 1089.5336942076683
leaf_count=2513 2918 2405 4050 2253 8043 3016 4407
internal_value=0 9.26886e-05 -0.000209398 -0.000935055 0.000218464 0.000593809 0.000105313
internal_weight=7327.12 6706.02 4146.43 1559.57 2586.86 2559.58 1811.51
internal_count=29605 27092 16751 6303 10448 10341 7325
is_linear=0
shrinkage=0.02


Tree=385
num_leaves=8
num_cat=0
split_feature=5 8 22 22 23 18 13
split_gain=1.4989 3.84222 3.12301 6.93991 5.3344 3.0837 4.85543
threshold=0.033739535138010986 0.061978241428732879 379.50000000000006 139.50000000000003 0.79611295461654674 16.461950302124027 0.12264451384544374
decision_type=2 2 2 2 2 2 2
left_child=1 2 3 -1 -4 -2 -7
right_child=5 -3 4 -5 -6 6 -8
leaf_value=0.0002897592539441442 0.00057052062484801115 0.0017434883577025625 0.0015576886244638467 -0.0015509256291533805 -0.00074433921317332134 -0.0025663303676041554 7.5549888184400381e-05
leaf_weight=2293.1254630535841 591.2428015768528 528.48678848147392 1051.1183960288763 1227.1607777178288 600.38020375370979 496.55773584544659 538.95954598486423
leaf_count=9271 2394 2126 4247 4953 2421 2014 2179
internal_value=0 0.000157965 -4.23973e-06 -0.000347605 0.000700004 -0.000525985 -0.0011858
internal_weight=7327.03 5700.27 5171.78 3520.29 1651.5 1626.76 1035.52
internal_count=29605 23018 20892 14224 6668 6587 4193
is_linear=0
shrinkage=0.02


Tree=386
num_leaves=9
num_cat=0
split_feature=24 26 23 21 2 6 7 3
split_gain=1.47905 5.52775 5.53959 4.9964 4.97821 6.57941 4.0104 2.99059
threshold=26.557800292968754 1.5000000000000002 0.69711413979530346 25.44999980926514 0.91500002145767223 0.61980000138282787 0.01940062735229731 -0.045670824125409119
decision_type=2 10 2 2 2 2 2 2
left_child=3 2 -2 4 5 -1 -6 -3
right_child=1 7 -4 -5 6 -7 -8 -9
leaf_value=0.00076513107550080705 2.9252113298136698e-05 -0.00070150699575132901 -0.0027288133284787412 0.0018239359232759534 -0.00022851993488900632 -0.0015285151012815182 0.0014858177720611259 0.0011555441781851859
leaf_weight=730.32673335075378 505.770558193326 524.6570071130991 587.09523548185825 638.22987046837807 1011.1397704780102 1393.9122193902731 1074.147965952754 861.65829569101334
leaf_count=2950 2040 2121 2371 2576 4087 5629 4347 3484
internal_value=0 -0.000390129 -0.00144606 0.000207926 -3.72988e-05 -0.000722938 0.000643837 0.000426451
internal_weight=7326.94 2479.18 1092.87 4847.76 4209.53 2124.24 2085.29 1386.32
internal_count=29605 10016 4411 19589 17013 8579 8434 5605
is_linear=0
shrinkage=0.02


Tree=387
num_leaves=7
num_cat=0
split_feature=5 8 11 22 22 18
split_gain=1.46197 3.70543 3.03911 2.99377 6.68157 5.32687
threshold=0.033739535138010986 0.061978241428732879 0.04939746484160424 379.50000000000006 139.50000000000003 10.980350017547609
decision_type=2 2 2 2 2 2
left_child=1 3 -2 4 -1 -5
right_child=2 -3 -4 5 -6 -7
leaf_value=0.00028572341779908725 -0.0014001606498962693 0.001713099163420819 0.0002816366968428435 -0.00070379839351979796 -0.001520280488916543 0.0015757575289849521
leaf_weight=2293.162906602025 788.22923175990582 528.51376588642597 838.48140242695808 630.05315388739109 1227.0709311515093 1021.4534136503935
leaf_count=9271 3193 2126 3394 2552 4953 4116
internal_value=0 0.000156132 -0.000519343 -3.03608e-06 -0.000339388 0.000686342
internal_weight=7326.96 5700.25 1626.71 5171.74 3520.23 1651.51
internal_count=29605 23018 6587 20892 14224 6668
is_linear=0
shrinkage=0.02


Tree=388
num_leaves=7
num_cat=0
split_feature=22 1 10 24 1 1
split_gain=1.44646 3.42429 4.46123 5.32237 3.3052 4.84517
threshold=15.500000000000002 11.804609775543215 -0.057179428637027734 -4.9236500263214102 12.338278770446779 12.842210292816164
decision_type=2 2 2 2 2 2
left_child=-1 2 -2 -4 -3 -6
right_child=1 4 3 -5 5 -7
leaf_value=-0.00099901777139210779 0.0020240919042301144 -0.0014148840302876744 -0.00082111297166017456 0.00088990225150365799 0.0013948133644668167 -0.00056213744512067501
leaf_weight=508.34012107551098 623.14532895386219 869.23650047183037 1212.5210296660662 1717.0093404352665 691.19270195066929 1705.4420898109674
leaf_count=2062 2524 3511 4896 6925 2790 6897
internal_value=0 8.30733e-05 0.000515561 0.000168238 -0.000376448 0
internal_weight=7326.89 6818.55 3552.68 2929.53 3265.87 2396.63
internal_count=29605 27543 14345 11821 13198 9687
is_linear=0
shrinkage=0.02


Tree=389
num_leaves=9
num_cat=0
split_feature=24 6 12 21 2 19 20 7
split_gain=1.47612 5.36196 5.14467 4.81634 5.11742 3.73607 3.39842 2.0598
threshold=26.557800292968754 0.60893997550010692 0.29681171476840978 30.10999965667725 1.1150000095367434 -191.87609863281247 658.50000000000011 0.02020285185426474
decision_type=2 2 2 2 2 10 2 2
left_child=3 -2 7 4 5 -1 -6 -3
right_child=1 2 -4 -5 6 -7 -8 -9
leaf_value=-0.0018122709411252155 -0.0021345153956916245 9.4495866142267144e-05 -0.00093686821124355194 0.0020011157109126542 0.0019316048744456788 -8.4254489714251542e-05 -1.9188705520484367e-05 0.0019780329920547411
leaf_weight=629.50485959649086 527.2168952524662 504.13340160250664 952.04013130068779 509.43066409230232 709.50138080120087 2375.669852912426 623.49565277993679 495.75592942535877
leaf_count=2546 2129 2037 3846 2056 2873 9594 2520 2004
internal_value=0 -0.000389886 8.2823e-05 0.000207586 -4.40166e-06 -0.00047 0.00100764 0.00108915
internal_weight=7326.75 2479.15 1951.93 4847.6 4338.17 3005.17 1333 999.889
internal_count=29605 10016 7887 19589 17533 12140 5393 4041
is_linear=0
shrinkage=0.02


Tree=390
num_leaves=6
num_cat=0
split_feature=20 21 23 7 16
split_gain=1.43066 2.52791 4.73259 5.34721 5.16841
threshold=22.500000000000004 298.81001281738287 0.87517863512039196 0.035725308582186706 1.0169999599456789
decision_type=2 2 2 2 2
left_child=-1 2 3 -2 -4
right_child=1 -3 4 -5 -6
leaf_value=-0.00089492552705454169 0 0.0013289015816104132 -0.0026492384487399353 0.0021110319997457482 2.7538719969278822e-05
leaf_weight=621.04349465668201 4532.5787294507027 577.88961619138718 503.20275583863258 514.90291041135788 577.08390372991562
leaf_count=2513 18321 2335 2032 2076 2328
internal_value=0 9.08932e-05 -2.45708e-05 0.000227732 -0.00121629
internal_weight=7326.7 6705.66 6127.77 5047.48 1080.29
internal_count=29605 27092 24757 20397 4360
is_linear=0
shrinkage=0.02


Tree=391
num_leaves=6
num_cat=0
split_feature=22 13 13 21 16
split_gain=1.44007 2.41272 3.95047 3.59875 2.55301
threshold=1524.5000000000002 -0.2001213729381561 -0.10417638346552847 75.71625137329103 1.0755999684333803
decision_type=2 2 2 2 2
left_child=1 -1 4 -4 -3
right_child=-2 2 3 -5 -6
leaf_value=-0.0013383700162327933 0.00085367549503676671 4.2445662478216562e-05 -0.00050000984104339665 0.00075855498510802178 0.0020740320178317647
leaf_weight=541.24675732851028 696.81585550308228 517.36451543867588 3895.755661457777 1143.6478819102049 531.80721002817154
leaf_count=2188 2817 2095 15738 4618 2149
internal_value=0 -8.72701e-05 2.27094e-05 -0.000204814 0.00113021
internal_weight=7326.64 6629.82 6088.58 5039.4 1049.17
internal_count=29605 26788 24600 20356 4244
is_linear=0
shrinkage=0.02


Tree=392
num_leaves=9
num_cat=0
split_feature=24 26 23 21 2 6 7 3
split_gain=1.46029 5.26577 5.29873 4.61389 4.67316 6.27944 3.84159 2.92449
threshold=26.557800292968754 1.5000000000000002 0.69711413979530346 25.44999980926514 0.91500002145767223 0.61980000138282787 0.01940062735229731 -0.045670824125409119
decision_type=2 10 2 2 2 2 2 2
left_child=3 2 -2 4 5 -1 -6 -3
right_child=1 7 -4 -5 6 -7 -8 -9
leaf_value=0.00075954542883841913 2.3047434611253204e-05 -0.0007062999756113432 -0.0026730137764320338 0.0017592524557498044 -0.00022219696674152559 -0.0014809736740282182 0.0014551009907533797 0.0011303837214278693
leaf_weight=730.2964740395546 505.75706903636456 524.62451949715614 586.96829180419445 638.32456719875336 1011.0845357477665 1393.6833212524652 1074.1705173552036 861.71408633887768
leaf_count=2950 2040 2121 2371 2576 4087 5629 4347 3484
internal_value=0 -0.000387621 -0.00141834 0.000206641 -2.87095e-05 -0.000693456 0.000630979 0.00040884
internal_weight=7326.62 2479.06 1092.73 4847.56 4209.23 2123.98 2085.26 1386.34
internal_count=29605 10016 4411 19589 17013 8579 8434 5605
is_linear=0
shrinkage=0.02


Tree=393
num_leaves=6
num_cat=0
split_feature=9 8 16 22 20
split_gain=1.41489 5.89045 2.7895 5.66485 5.58795
threshold=-0.1060948111116886 -0.10804748907685278 0.98645001649856578 174.50000000000003 1958.5000000000002
decision_type=2 2 2 2 2
left_child=-1 -2 3 -3 -4
right_child=1 2 4 -5 -6
leaf_value=-0.00097434662080213318 0.0020648490723346956 9.2026448523439299e-05 -5.6839269606269461e-05 -0.001816389035722952 0.0020895367796912681
leaf_weight=522.19153432548046 528.96408362686634 1677.0246135443449 3121.4727742224932 932.88831070065498 544.10055291652679
leaf_count=2106 2151 6777 12611 3767 2193
internal_value=0 8.32815e-05 -8.51074e-05 -0.000586397 0.000263256
internal_weight=7326.64 6804.45 6275.49 2609.91 3665.57
internal_count=29605 27499 25348 10544 14804
is_linear=0
shrinkage=0.02


Tree=394
num_leaves=10
num_cat=0
split_feature=11 10 9 8 12 7 11 7 2
split_gain=1.42561 4.01787 5.47759 5.19648 5.10529 4.49736 2.7693 3.31095 2.90781
threshold=0.0091554676182568091 -0.015493243001401423 -0.012928041629493235 0.052384642884135253 0.23876976966857913 0.022722560912370685 0.022921233437955383 0.021443050354719165 1.0850000381469729
decision_type=2 2 2 2 2 2 2 2 2
left_child=1 4 -3 -4 5 -1 -2 -8 -9
right_child=6 2 3 -5 -6 -7 7 8 -10
leaf_value=-0.0002614549033026196 -0.0013272105691128759 0.0023432174236248625 -0.0010709501260624489 0.0015786113409183903 -0.001386165552035032 0.001937898941596959 0.0010534962869876174 -0.0015592549393079946 0.00030055765283641634
leaf_weight=1168.0278803706169 796.17334243655205 676.2683120816946 648.17780886590481 502.51675228774548 991.54256346821785 505.09731636941433 781.2733324021101 607.26243279874325 650.1494529992342
leaf_count=4715 3225 2730 2610 2024 3995 2052 3162 2459 2633
internal_value=0 0.000226157 0.000946701 6.3187e-05 -0.000258119 0.000398711 -0.00034449 3.2316e-05 -0.000581096
internal_weight=7326.49 4491.63 1826.96 1150.69 2664.67 1673.13 2834.86 2038.69 1257.41
internal_count=29605 18126 7364 4634 10762 6767 11479 8254 5092
is_linear=0
shrinkage=0.02


Tree=395
num_leaves=6
num_cat=0
split_feature=16 2 12 20 25
split_gain=1.43704 2.6862 3.18284 3.95009 3.63529
threshold=4.8408000469207773 1.7749999761581423 0.085594873875379576 354.50000000000006 13.982987880706789
decision_type=2 2 2 2 2
left_child=1 2 4 -4 -1
right_child=-2 -3 3 -5 -6
leaf_value=0.0021016589563219792 -0.00072240367293833943 -0.0012440678167561332 0.00069297598889221798 -0.00049186846734179657 0
leaf_weight=669.85311755537987 922.68862034380436 504.08711576461792 1876.5077559053898 2734.3278413414955 618.88802886009216
leaf_count=2711 3750 2041 7571 11030 2502
internal_value=0 0.000112072 0.000238794 -5.63722e-07 0.00110773
internal_weight=7326.35 6403.66 5899.58 4610.84 1288.74
internal_count=29605 25855 23814 18601 5213
is_linear=0
shrinkage=0.02


Tree=396
num_leaves=9
num_cat=0
split_feature=13 19 25 6 13 6 25 19
split_gain=1.45023 3.64411 3.92631 4.24462 3.52413 3.8735 5.18872 1.80706
threshold=0.013567937072366478 232.01160430908206 13.086178302764894 1.3337399959564211 0.049814485013484962 1.3920200467109682 13.862267494201662 78.256549835205092
decision_type=2 10 2 2 2 2 2 8
left_child=1 2 -1 -4 -2 7 -7 -6
right_child=4 -3 3 -5 5 6 -8 -9
leaf_value=0.0014222433331763115 0.0016713788346355888 -0.001713590767955038 8.8906410836538704e-05 -0.0016482355004085315 -0.0017788185493354961 -0.000741818021059238 0.0016537172192349543 -1.3286406819113932e-05
leaf_weight=618.21205346286297 605.96128556132317 550.5804830044508 2444.6051445305347 693.5973674505949 496.55788478255272 577.1547514051199 842.32869172096252 497.23692965507507
leaf_count=2497 2438 2226 9896 2809 2008 2329 3396 2006
internal_value=0 -0.000230321 0 -0.000292923 0.000339291 0 0.000657875 -0.000953103
internal_weight=7326.23 4307 3756.41 3138.2 3019.24 2413.28 1419.48 993.795
internal_count=29605 17428 15202 12705 12177 9739 5725 4014
is_linear=0
shrinkage=0.02


Tree=397
num_leaves=9
num_cat=0
split_feature=24 6 1 21 2 19 20 18
split_gain=1.43797 5.17072 4.63248 4.51016 4.80832 3.62068 3.27224 2.36235
threshold=26.557800292968754 0.60893997550010692 11.992574691772463 30.10999965667725 1.1150000095367434 -191.87609863281247 658.50000000000011 18.746299743652347
decision_type=2 2 2 2 2 10 2 2
left_child=3 -2 -3 4 5 -1 -6 -4
right_child=1 2 7 -5 6 -7 -8 -9
leaf_value=-0.0017731037620726006 -0.0020984294663594057 0.0011096173021073218 -0.001757389958832127 0.001940013741158788 0.0018873526232889134 -7.2127232528727849e-05 -2.5996547784906719e-05 7.1246386746104721e-05
leaf_weight=629.38149836659431 527.13627858459949 922.96205486357212 507.4011644423008 509.47835867106915 709.54121482372284 2375.39409057796 623.46098703145981 521.43161253631115
leaf_count=2546 2129 3728 2048 2056 2873 9594 2520 2111
internal_value=0 -0.000385081 7.88044e-05 0.000204653 -2.42131e-07 -0.000451923 0.000980528 -0.000814923
internal_weight=7326.19 2478.93 1951.79 4847.26 4337.78 3004.78 1333 1028.83
internal_count=29605 10016 7887 19589 17533 12140 5393 4159
is_linear=0
shrinkage=0.02


Tree=398
num_leaves=8
num_cat=0
split_feature=21 21 24 18 6 3 25
split_gain=1.42905 2.87421 6.71428 4.53751 4.03302 3.45389 4.88213
threshold=-118.23499679565428 -6.7749998569488517 5.618999958038331 8.4611501693725604 1.0589999556541445 0.037204107269644744 13.298554897308351
decision_type=2 2 2 2 2 2 2
left_child=-1 5 4 -4 -3 6 -2
right_child=1 2 3 -5 -6 -7 -8
leaf_value=0.00091250121516115964 0.0013730175161803088 0.0025209168717714443 0.0013652270039823267 -0.00058485921357050142 0.00013860015210292748 -0.0020371991384697816 -0.00095447764093766028
leaf_weight=609.21098467707634 505.33218364417553 643.47555860877037 541.93855059146881 2841.5744052827358 560.97454716265202 541.68654178082943 1081.9975552260876
leaf_count=2464 2040 2597 2190 11482 2263 2191 4378
internal_value=0 -8.10779e-05 0.000194653 -0.000254188 0.001466 -0.000688034 -0.000181046
internal_weight=7326.19 6716.98 4587.96 3383.51 1204.45 2129.02 1587.33
internal_count=29605 27141 18532 13672 4860 8609 6418
is_linear=0
shrinkage=0.02


Tree=399
num_leaves=7
num_cat=0
split_feature=0 22 22 26 5 11
split_gain=1.41533 2.41913 6.56706 5.70413 3.86552 2.85071
threshold=0.67219731211662304 104.50000000000001 148.50000000000003 1.0000000180025095e-35 0.047754738479852683 -0.020947054028511044
decision_type=2 2 2 10 2 2
left_child=-1 3 -3 -2 -4 -5
right_child=1 2 4 5 -6 -7
leaf_value=0.00071136520195293565 -0.0017583886116099925 0.0022934122421550767 0.0001814233134676696 0.0013764424076354229 -0.0016044120483935873 -0.00042649973750769326
leaf_weight=957.93668268620968 984.98980708420277 497.30851462483406 2832.208973839879 501.92184539139271 556.13980121910572 995.61044012010098
leaf_count=3861 3996 2003 11438 2023 2250 4034
internal_value=0 -0.000104044 0.000200279 -0.000592524 -0.000110068 0.000165616
internal_weight=7326.12 6368.18 3885.66 2482.52 3388.35 1497.53
internal_count=29605 25744 15691 10053 13688 6057
is_linear=0
shrinkage=0.02


Tree=400
num_leaves=8
num_cat=0
split_feature=13 19 25 15 10 8 6
split_gain=1.42141 3.54309 3.72956 4.14114 3.43516 5.52294 6.07377
threshold=0.013567937072366478 232.01160430908206 13.086178302764894 1.0934000015258791 -0.04346684738993644 -0.0024046371690928932 1.5813900232315066
decision_type=2 10 2 2 2 2 2
left_child=1 2 -1 -4 -2 -6 -7
right_child=4 -3 3 -5 5 6 -8
leaf_value=0.0013850797959027584 -0.0010090230176021452 -0.0016907770762284325 0.00087901698637021797 -0.00073323975926046126 0.0022659506168270192 -0.0011442211206941686 0.0011382708301460366
leaf_weight=618.21490010619164 570.10099337995052 550.53329825401306 839.96144147217274 2298.082935154438 620.06448572874069 824.86715093255043 1004.1225941032171
leaf_count=2497 2297 2226 3402 9303 2502 3329 4049
internal_value=0 -0.000228131 0 -0.000286547 0.000335806 0.000670636 8.73627e-05
internal_weight=7325.95 4306.79 3756.26 3138.04 3019.16 2449.05 1828.99
internal_count=29605 17428 15202 12705 12177 9880 7378
is_linear=0
shrinkage=0.02


Tree=401
num_leaves=8
num_cat=0
split_feature=21 21 24 19 12 12 6
split_gain=1.41275 2.74488 6.48532 4.43008 4.42715 4.11823 3.88731
threshold=-118.23499679565428 -6.7749998569488517 5.618999958038331 50.748699188232429 0.32220703363418585 0.1486572399735451 1.0589999556541445
decision_type=2 2 2 10 2 2 2
left_child=-1 3 6 5 -4 -2 -3
right_child=1 2 4 -5 -6 -7 -8
leaf_value=0.00090762434646853669 0.001358578122085379 0.0024742551039186249 0.00028967739677962566 -0.0016641098157648435 -0.0011889064732072583 -0.0009639567727151542 0.00013420150993754848
leaf_weight=609.2052895873785 562.23157346248627 643.53811837732792 2129.4650563895702 961.38556997478008 1253.9222854822874 605.21550190448761 560.972870439291
leaf_count=2464 2273 2597 8606 3885 5066 2451 2263
internal_value=0 -8.02587e-05 0.000189044 -0.000673497 -0.000251942 0.000128266 0.00143861
internal_weight=7325.94 6716.73 4587.9 2128.83 3383.39 1167.45 1204.51
internal_count=29605 27141 18532 8609 13672 4724 4860
is_linear=0
shrinkage=0.02


Tree=402
num_leaves=6
num_cat=0
split_feature=20 7 1 3 19
split_gain=1.41697 2.50479 3.39981 4.85431 3.32682
threshold=22.500000000000004 0.035725308582186706 10.479151248931887 -0.027803085744380947 87.567699432373061
decision_type=2 2 2 2 10
left_child=-1 2 3 -2 -4
right_child=1 -3 4 -5 -6
leaf_value=-0.00089052833500267547 0.0022502793064871343 0.0010544713673372123 -0.00075186684948890501 -0.00039315839433235199 0.00030252873580411294
leaf_weight=620.98349943757057 535.90165382623672 909.10880836844444 2709.8626233935356 500.45490592718124 2049.555769354105
leaf_count=2513 2167 3668 10965 2018 8274
internal_value=0 9.06021e-05 -5.79484e-05 0.00095883 -0.000290817
internal_weight=7325.87 6704.88 5795.77 1036.36 4759.42
internal_count=29605 27092 23424 4185 19239
is_linear=0
shrinkage=0.02


Tree=403
num_leaves=6
num_cat=0
split_feature=22 12 3 8 20
split_gain=1.38386 2.31385 3.95994 5.15898 4.06932
threshold=1524.5000000000002 0.86973083019256603 0.052055817097425468 0.055002212524414069 463.50000000000006
decision_type=2 2 2 2 2
left_child=1 2 3 -1 -4
right_child=-2 -3 4 -5 -6
leaf_value=-0.00017444388445228667 0.00083703650243465029 0.0011397603409156094 -1.41743661644458e-05 0.0018927858330381043 -0.0023804013980606386
leaf_weight=4375.9341214299202 696.76354883611202 532.4994157999754 617.9954678863287 517.30369862914085 585.28040423989296
leaf_count=17683 2817 2148 2499 2087 2371
internal_value=0 -8.5388e-05 -0.000202522 4.47495e-05 -0.00121946
internal_weight=7325.78 6629.01 6096.51 4893.24 1203.28
internal_count=29605 26788 24640 19770 4870
is_linear=0
shrinkage=0.02


Tree=404
num_leaves=9
num_cat=0
split_feature=13 9 8 7 13 19 19 8
split_gain=1.43094 3.52676 6.6421 4.42103 3.40078 4.66939 6.21388 3.85099
threshold=0.013567937072366478 0.051124071702361114 0.0091088567860424536 0.022504990920424465 0.17173510044813159 0.6959500163793565 113.95640182495119 0.077669922262430205
decision_type=2 2 2 2 2 8 8 2
left_child=1 2 3 -1 5 -2 -7 -6
right_child=4 -3 -4 -5 7 6 -8 -9
leaf_value=-0.0010075413074881598 0.0023368393489753411 -0.0017255869494437637 0.0016104361580210912 0.00057011201657652033 -0.0017844355094039784 -0.0013585181854714275 0.0013735124125361946 0.00047960836087915498
leaf_weight=1945.5125652700663 571.924734801054 525.79059937596321 775.44041678309441 1059.9156734645367 500.93542669713497 562.7713678330183 737.23205895721912 646.20582221448421
leaf_count=7874 2306 2132 3125 4297 2025 2269 2968 2609
internal_value=0 -0.00022874 -1.23002e-06 -0.000438799 0.000337085 0.000865594 0.0001596 -0.000493733
internal_weight=7325.73 4306.66 3780.87 3005.43 3019.07 1871.93 1300 1147.14
internal_count=29605 17428 15296 12171 12177 7543 5237 4634
is_linear=0
shrinkage=0.02


Tree=405
num_leaves=6
num_cat=0
split_feature=25 25 13 19 19
split_gain=1.40189 3.2002 4.67821 4.64833 3.91647
threshold=15.480203151702883 14.483545780181887 0.17173510044813159 248.08325195312503 20.659600257873539
decision_type=2 2 2 8 10
left_child=1 2 3 -1 -3
right_child=-2 4 -4 -5 -6
leaf_value=0.00040899456077283348 -0.00073486992547186719 -0.00034276501753441031 -0.0015647877959471621 -0.00140003161680884 0.0017986376734268686
leaf_weight=3718.1869416981936 875.53590293228626 512.83150491118431 739.14147739112377 641.81005074083805 838.10139697790146
leaf_count=15010 3549 2078 2986 2597 3385
internal_value=0 0.000107589 -0.000116324 0.000128011 0.00096698
internal_weight=7325.61 6450.07 5099.14 4360 1350.93
internal_count=29605 26056 20593 17607 5463
is_linear=0
shrinkage=0.02


Tree=406
num_leaves=10
num_cat=0
split_feature=13 4 7 2 25 23 4 19 19
split_gain=1.41061 3.47021 4.79949 4.5826 7.26431 3.37229 8.69371 6.0156 5.6568
threshold=0.013567937072366478 37.124494552612312 0.021122480742633346 1.3450000286102297 13.285229206085207 0.87517863512039196 61.211757659912116 106.27569961547853 11.294100284576418
decision_type=2 2 2 2 2 2 2 10 8
left_child=1 2 -1 4 -3 7 -7 8 -2
right_child=5 3 -4 -5 -6 6 -8 -9 -10
leaf_value=-0.00038395762995389014 0.0013736450049063778 0.0015587270388819014 0.0018178325273296779 -0.0023114874876307254 -0.00095175931084436202 -0.0022635996400313437 0.0011296253388884824 0.0025411585498266737 -0.001210781176716756
leaf_weight=920.92317891120911 660.94481629133224 612.52030764520168 638.34945653378963 520.9721365571022 1613.7493387758732 555.81722438335419 594.56131914258003 565.18303555250168 642.52428832650185
leaf_count=3718 2667 2470 2589 2115 6536 2241 2401 2275 2593
internal_value=0 -0.000227467 0.00050793 -0.000659037 -0.000235271 0.000334343 -0.000491046 0.000861854 7.2891e-05
internal_weight=7325.55 4306.51 1559.27 2747.24 2226.27 3019.03 1150.38 1868.65 1303.47
internal_count=29605 17428 6307 11121 9006 12177 4642 7535 5260
is_linear=0
shrinkage=0.02


Tree=407
num_leaves=8
num_cat=0
split_feature=21 21 24 18 19 0 6
split_gain=1.41139 2.65164 6.2106 4.36993 4.30854 3.99757 3.74056
threshold=-118.23499679565428 -6.7749998569488517 5.618999958038331 8.4611501693725604 50.748699188232429 0.91895869374275219 1.0589999556541445
decision_type=2 2 2 2 10 2 2
left_child=-1 4 6 -4 5 -2 -3
right_child=1 2 3 -5 -6 -7 -8
leaf_value=0.00090703189160993832 -0.0010486000873064767 0.0024229156800512218 0.0013417045206873882 -0.00057196196205265115 -0.0016406146081870258 0.001241188746551509 0.00012649572418286446
leaf_weight=609.16773623228073 552.62052708864212 643.5518179833889 541.92031769454479 2841.1467749029398 961.25394143164158 614.70558051764965 560.94145424664021
leaf_count=2464 2238 2597 2190 11482 3885 2486 2263
internal_value=0 -8.04163e-05 0.000184162 -0.000247217 -0.00066356 0.00012676 0.00140709
internal_weight=7325.31 6716.14 4587.56 3383.07 2128.58 1167.33 1204.49
internal_count=29605 27141 18532 13672 8609 4724 4860
is_linear=0
shrinkage=0.02


Tree=408
num_leaves=6
num_cat=0
split_feature=19 24 21 3 21
split_gain=1.39718 2.8111 4.10726 4.93945 3.7173
threshold=-332.25784301757807 63.761648178100593 61.540000915527351 0.021908963099122051 133.5100021362305
decision_type=8 2 2 2 2
left_child=-1 2 3 -2 -3
right_child=1 4 -4 -5 -6
leaf_value=-0.00094532826832933645 0.00058353927439800291 -0.0020077928946835104 0.0019741748485138598 -0.00075515231043248672 3.136817727292235e-05
leaf_weight=547.03957569599152 3130.3929233103991 512.9717475771904 509.13711000978947 1660.0643868297338 965.68674665689468
leaf_count=2212 12647 2074 2055 6715 3902
internal_value=0 8.44414e-05 0.000304606 0.000110473 -0.00067219
internal_weight=7325.29 6778.25 5299.59 4790.46 1478.66
internal_count=29605 27393 21417 19362 5976
is_linear=0
shrinkage=0.02


Tree=409
num_leaves=8
num_cat=0
split_feature=13 3 8 14 10 8 6
split_gain=1.39767 3.37247 7.93183 4.38645 3.29622 5.29088 5.94368
threshold=0.013567937072366478 0.0069015421904623517 0.010062300134450199 -0.12558493763208387 -0.04346684738993644 -0.0024046371690928932 1.5813900232315066
decision_type=2 2 2 2 2 2 2
left_child=1 2 3 -1 -2 -6 -7
right_child=4 -3 -4 -5 5 6 -8
leaf_value=0.0010087359941305214 -0.00098392708422969624 -0.0014741522985571472 0.002028330835869719 -0.00081780959709608543 0.0022225818097375348 -0.0011286189089459305 0.0011292380285605466
leaf_weight=638.85992573201656 570.01054611802101 698.43386359512806 624.79301247000694 2344.1373541653156 620.11235666275024 824.7593509554863 1004.1137404441833
leaf_count=2592 2297 2840 2511 9485 2502 3329 4049
internal_value=0 -0.000226288 1.32398e-05 -0.000409343 0.000332945 0.000661047 8.95645e-05
internal_weight=7325.22 4306.22 3607.79 2983 3019 2448.99 1828.87
internal_count=29605 17428 14588 12077 12177 9880 7378
is_linear=0
shrinkage=0.02


Tree=410
num_leaves=9
num_cat=0
split_feature=21 21 24 12 12 0 15 16
split_gain=1.37096 2.5391 5.90566 4.29551 4.16015 4.61616 3.68057 2.33706
threshold=-118.23499679565428 -6.7749998569488517 5.618999958038331 0.32220703363418585 0.1486572399735451 0.92457973957061779 1.332100033760071 1.4548499584198
decision_type=2 2 2 2 2 2 2 2
left_child=-1 4 6 -4 5 -2 -3 -6
right_child=1 2 3 -5 7 -7 -8 -9
leaf_value=0.00089414990086146551 -0.0010721959570963919 0.0026519318975619151 0.00029263165667524859 -0.001163990051680679 -0.00052208074867548734 0.0014886923979347327 0.00035076965019032846 -0.0025185419292847715
leaf_weight=609.18204103410244 525.39752431213856 501.55808538198471 2129.1913751959801 1253.7055262178183 562.3198105096817 543.92474074661732 702.97816745936871 496.78730228543282
leaf_count=2464 2125 2026 8606 5066 2269 2201 2834 2014
internal_value=0 -7.90302e-05 0.000179735 -0.000240714 -0.000649761 0.000200597 0.00137233 -0.00152795
internal_weight=7325.04 6715.86 4587.43 3382.9 2128.43 1069.32 1204.54 1059.11
internal_count=29605 27141 18532 13672 8609 4326 4860 4283
is_linear=0
shrinkage=0.02


Tree=411
num_leaves=10
num_cat=0
split_feature=13 9 8 7 3 23 4 2 1
split_gain=1.38281 3.32497 6.31942 5.02796 4.01269 3.23306 8.3842 5.37901 3.09108
threshold=0.013567937072366478 0.051124071702361114 -0.010204089339822529 0.022504990920424465 -0.0046824032906442872 0.87517863512039196 61.211757659912116 0.74500000476837169 11.670319080352785
decision_type=2 2 2 2 2 2 2 2 2
left_child=1 2 3 -1 -4 7 -7 -2 -9
right_child=5 -3 4 -5 -6 6 -8 8 -10
leaf_value=-0.0012151120017196246 0.0024146368869449523 -0.0016787669515852617 0.0022748038767995173 0.00055046214127742914 -4.0104433139725449e-05 -0.0022179835958602177 0.0011141969551947343 0.0011872939335619041 -0.00074014467232697001
leaf_weight=1668.0919739156961 576.50985859334469 525.60653528571129 620.83726324141026 990.92464174330235 500.50931099057198 555.72680991888046 594.59009951353073 570.78779152035713 721.36705061793327
leaf_count=6753 2323 2132 2499 4019 2025 2241 2401 2300 2912
internal_value=0 -0.000224993 -3.77211e-06 -0.000544279 0.00123003 0.000331263 -0.000476477 0.000847831 8.92232e-05
internal_weight=7324.95 4305.97 3780.36 2659.02 1121.35 3018.98 1150.32 1868.66 1292.15
internal_count=29605 17428 15296 10772 4524 12177 4642 7535 5212
is_linear=0
shrinkage=0.02


Tree=412
num_leaves=8
num_cat=0
split_feature=6 6 15 19 25 16 8
split_gain=1.36434 6.28789 5.31284 5.72921 5.10337 5.86115 1.62173
threshold=1.8825199604034426 2.9279700517654423 1.7698499560356142 99.431201934814467 13.086178302764894 1.0101500153541567 0.11131396517157556
decision_type=2 2 2 8 2 2 2
left_child=2 -2 4 -4 -1 -6 -3
right_child=1 6 3 -5 5 -7 -8
leaf_value=0.0020112638207164914 0.0017803910300662157 -0.0013406710100878469 -0.0020633510413873551 0.00021101404367217144 -0.0014326484978547005 0.00046445450664590079 0.0001879891498878204
leaf_weight=542.40522938966751 804.24039807915688 497.52511858940125 975.67041827738285 739.71014939248562 866.22173225879669 2392.3182869851589 506.73611482977867
leaf_count=2188 3249 2007 3943 2990 3503 9680 2045
internal_value=0 0.000477588 -0.000151846 -0.00107192 0.000257818 -3.53591e-05 -0.000546905
internal_weight=7324.83 1808.5 5516.33 1715.38 3800.95 3258.54 1004.26
internal_count=29605 7301 22304 6933 15371 13183 4052
is_linear=0
shrinkage=0.02


Tree=413
num_leaves=6
num_cat=0
split_feature=16 2 26 3 3
split_gain=1.3932 2.54406 3.13687 6.41932 2.83942
threshold=4.8408000469207773 1.7749999761581423 1.5000000000000002 0.015831237658858303 -0.029296736232936379
decision_type=2 2 10 2 2
left_child=1 2 3 -1 -4
right_child=-2 -3 4 -5 -6
leaf_value=0.00055725883421496006 -0.00071155966223809721 -0.0012094667775854587 0 -0.00099120035257832246 0.0018531952252501395
leaf_weight=2834.978815227747 922.45953367650509 503.90239678323269 610.82514537870884 1686.7355428934097 765.86968377232552
leaf_count=11440 3750 2041 2470 6810 3094
internal_value=0 0.000110195 0.000233655 -1.43911e-05 0.00106109
internal_weight=7324.77 6402.31 5898.41 4521.71 1376.69
internal_count=29605 25855 23814 18250 5564
is_linear=0
shrinkage=0.02


Tree=414
num_leaves=6
num_cat=0
split_feature=20 7 1 3 20
split_gain=1.37093 2.48087 3.27556 4.76052 3.04573
threshold=22.500000000000004 0.035725308582186706 10.479151248931887 -0.027803085744380947 336.50000000000006
decision_type=2 2 2 2 2
left_child=-1 2 3 -2 -4
right_child=1 -3 4 -5 -6
leaf_value=-0.000876190697692617 0.0022184897693785914 0.0010483084619687347 0.00039537662484359388 -0.0003992102330190048 -0.00065568379452653289
leaf_weight=620.87489396333694 535.8085373044014 909.02316056191921 1630.7518674731255 500.37625432014465 3127.848138153553
leaf_count=2513 2167 3668 6594 2018 12645
internal_value=0 8.89587e-05 -5.88713e-05 0.000939037 -0.000287555
internal_weight=7324.68 6703.81 5794.78 1036.18 4758.6
internal_count=29605 27092 23424 4185 19239
is_linear=0
shrinkage=0.02


Tree=415
num_leaves=6
num_cat=0
split_feature=22 22 22 22 26
split_gain=1.37229 3.40087 2.58414 10.5096 7.34283
threshold=15.500000000000002 33.500000000000007 104.50000000000001 146.50000000000003 1.0000000180025095e-35
decision_type=2 2 2 2 10
left_child=-1 -2 4 -4 -3
right_child=1 2 3 -5 -6
leaf_value=-0.0009735455528871932 0.0016228867313376682 -0.0021223165984457972 0.0028011281399646323 -0.00014081105679021277 0.00038426537114129099
leaf_weight=508.1367592215538 504.96724115312099 780.28179585933685 527.11482843756676 3947.0089099407196 1057.0996220111847
leaf_count=2062 2040 3164 2123 15942 4274
internal_value=0 8.06514e-05 -4.25794e-05 0.000210676 -0.000673953
internal_weight=7324.61 6816.47 6311.51 4474.12 1837.38
internal_count=29605 27543 25503 18065 7438
is_linear=0
shrinkage=0.02


Tree=416
num_leaves=9
num_cat=0
split_feature=21 21 24 18 12 0 6 16
split_gain=1.3765 2.43997 5.79533 4.19226 3.96966 4.44766 3.61783 2.26045
threshold=-118.23499679565428 -6.7749998569488517 5.618999958038331 8.4611501693725604 0.1486572399735451 0.92457973957061779 1.0589999556541445 1.4548499584198
decision_type=2 2 2 2 2 2 2 2
left_child=-1 4 6 -4 5 -2 -3 -6
right_child=1 2 3 -5 7 -7 -8 -9
leaf_value=0.00089598578788996699 -0.0010574862361510378 0.0023541632013403687 0.0013137544393990693 -0.00056040472064532599 -0.00050662027186107299 0.0014563323342347086 9.7334318562935105e-05 -0.0024711071158765993
leaf_weight=609.14391081035137 525.35262128710747 643.58499783277512 541.92456828057766 2840.7506693601608 562.26196624338627 543.91184096038342 560.9460204988718 496.64524622261524
leaf_count=2464 2125 2597 2190 11482 2269 2201 2263 2014
internal_value=0 -7.919e-05 0.00017434 -0.000242102 -0.000638742 0.000191215 0.00135586 -0.0014967
internal_weight=7324.52 6715.38 4587.21 3382.68 2128.17 1069.26 1204.53 1058.91
internal_count=29605 27141 18532 13672 8609 4326 4860 4283
is_linear=0
shrinkage=0.02


Tree=417
num_leaves=10
num_cat=0
split_feature=13 4 7 21 25 16 19 0 19
split_gain=1.38236 3.35678 4.52097 4.34428 4.67839 4.67077 3.3328 4.32218 4.2143
threshold=0.013567937072366478 37.124494552612312 0.021122480742633346 13.744999885559084 13.840562343597414 2.6909999847412114 173.52719879150393 1.2018269896507265 -5.5192499160766593
decision_type=2 2 2 2 2 2 10 2 8
left_child=1 2 -1 5 -5 -3 7 8 -2
right_child=6 3 -4 4 -6 -7 -8 -9 -10
leaf_value=-0.00036647094704382653 0.00078637116839901891 0.00081033748665492041 0.0017698680196575284 -5.1392951594284509e-05 -0.0026376743290585968 -0.0014735135077826986 0.0016430238707619759 0.0012939270456555486 -0.0012506066235510966
leaf_weight=920.81310819089413 580.49521391093731 1046.6925124675035 638.17894858121872 524.58891814947128 662.31023652851582 513.02585162222385 593.48539227247238 702.32310308516026 1142.530808493495
leaf_count=3718 2346 4231 2589 2119 2688 2083 2389 2825 4617
internal_value=0 -0.000224881 0.000498223 -0.000649471 -0.00154896 2.47256e-05 0.000331299 0 -0.000541724
internal_weight=7324.44 4305.61 1558.99 2746.62 1186.9 1559.72 3018.83 2425.35 1723.03
internal_count=29605 17428 6307 11121 4807 6314 12177 9788 6963
is_linear=0
shrinkage=0.02


Tree=418
num_leaves=7
num_cat=0
split_feature=0 24 22 18 18 15
split_gain=1.37099 2.46939 3.4389 2.98769 6.0879 3.11105
threshold=0.67599794268608104 63.761648178100593 68.500000000000014 11.102699756622316 14.25624990463257 1.0934000015258791
decision_type=2 2 2 2 2 2
left_child=-1 3 -3 5 -5 -2
right_child=1 2 -4 4 -6 -7
leaf_value=0.00068875571881802159 0.00015023024097547778 0 -0.001948030610638308 0.0022015185497960884 1.563795434350448e-05 -0.0018788454709053467
leaf_weight=986.66657273471355 599.37819068133831 811.96566399931908 603.34862177073956 590.0724363476038 3208.8216406852007 523.95003496110439
leaf_count=3978 2429 3287 2437 2382 12968 2124
internal_value=0 -0.000104085 -0.000835751 0.000101838 0.000376593 -0.000783409
internal_weight=7324.2 6337.54 1415.31 4922.22 3798.89 1123.33
internal_count=29605 25627 5724 19903 15350 4553
is_linear=0
shrinkage=0.02


Tree=419
num_leaves=7
num_cat=0
split_feature=19 24 11 14 21 4
split_gain=1.34955 2.6389 4.30992 10.6189 3.56686 3.24225
threshold=-332.25784301757807 63.761648178100593 0.0051738824695348748 0.013931287452578546 133.5100021362305 55.417181015014656
decision_type=8 2 2 2 2 2
left_child=-1 2 3 -2 -3 -4
right_child=1 4 5 -5 -6 -7
leaf_value=-0.00092902800902555183 4.998434690320921e-05 -0.0019586039603477624 -0.0015607133122672349 0.0027193622762553865 3.8613901473386334e-05 9.6179058358234452e-05
leaf_weight=546.94092665612698 2205.8572216629982 512.8306033462286 615.05118180811405 808.74737967550755 965.55650195479393 1669.1729725450277
leaf_count=2212 8912 2074 2490 3258 3902 6757
internal_value=0 8.31171e-05 0.00029658 0.000794193 -0.000649775 -0.000345505
internal_weight=7324.16 6777.22 5298.83 3014.6 1478.39 2284.22
internal_count=29605 27393 21417 12170 5976 9247
is_linear=0
shrinkage=0.02


Tree=420
num_leaves=6
num_cat=0
split_feature=22 13 13 13 23
split_gain=1.33422 2.33109 3.74365 3.29993 2.5274
threshold=1524.5000000000002 -0.2001213729381561 -0.10417638346552847 0.013567937072366478 0.66350156068801891
decision_type=2 2 2 2 2
left_child=1 -1 4 -4 -3
right_child=-2 2 3 -5 -6
leaf_value=-0.001314070628281191 0.00082190711111308214 0 -0.00075477780821015764 0.00026231059320758188 0.0020198966532244413
leaf_weight=540.9918395280838 696.6122839897871 505.38096539676189 2305.7748771756887 2731.9907122701406 543.33911895751953
leaf_count=2188 2817 2045 9336 11020 2199
internal_value=0 -8.39227e-05 2.40915e-05 -0.000197254 0.00110253
internal_weight=7324.09 6627.48 6086.49 5037.77 1048.72
internal_count=29605 26788 24600 20356 4244
is_linear=0
shrinkage=0.02


Tree=421
num_leaves=7
num_cat=0
split_feature=5 8 18 13 16 0
split_gain=1.34389 3.62035 2.97565 4.53276 2.68761 3.5942
threshold=0.033739535138010986 0.061978241428732879 16.461950302124027 0.12264451384544374 5.881700038909913 1.2018269896507265
decision_type=2 2 2 2 2 2
left_child=1 4 -2 -4 5 -1
right_child=2 -3 3 -5 -6 -7
leaf_value=-6.907776618080778e-05 0.0005787650977031989 0.0016891855794544674 -0.0024815900168489373 6.9471502247853386e-05 -0.0013766510882243094 0.0015648792756550406
leaf_weight=4081.752426892519 591.04026153683662 528.34700804948807 496.16892264783382 538.87648421525955 497.1117924451828 590.79101015627384
leaf_count=16488 2394 2126 2014 2179 2019 2385
internal_value=0 0.00014979 -0.000497954 -0.001147 -7.49431e-06 0.000136579
internal_weight=7324.09 5698 1626.09 1035.05 5169.66 4672.54
internal_count=29605 23018 6587 4193 20892 18873
is_linear=0
shrinkage=0.02


Tree=422
num_leaves=6
num_cat=0
split_feature=25 25 13 19 19
split_gain=1.33181 3.06626 4.54399 4.44185 3.72001
threshold=15.480203151702883 14.483545780181887 0.17173510044813159 248.08325195312503 20.659600257873539
decision_type=2 2 2 8 10
left_child=1 2 3 -1 -3
right_child=-2 4 -4 -5 -6
leaf_value=0.00040149826329714605 -0.00071623604093296901 -0.00032886943080882316 -0.0015417979059966355 -0.0013669978375679759 0.0017569400551586864
leaf_weight=3717.3205699473619 875.30358402431011 512.70410296320915 739.01498126983643 641.59976208209991 838.02396264672279
leaf_count=15010 3549 2078 2986 2597 3385
internal_value=0 0.000104992 -0.000114082 0.000126647 0.000946333
internal_weight=7323.97 6448.66 5097.94 4358.92 1350.73
internal_count=29605 26056 20593 17607 5463
is_linear=0
shrinkage=0.02


Tree=423
num_leaves=9
num_cat=0
split_feature=21 21 24 12 12 0 6 16
split_gain=1.33322 2.40261 5.41174 4.16525 3.85532 4.28953 3.48399 2.13568
threshold=-118.23499679565428 -6.7749998569488517 5.618999958038331 0.32220703363418585 0.1486572399735451 0.92457973957061779 1.0589999556541445 1.4548499584198
decision_type=2 2 2 2 2 2 2 2
left_child=-1 4 6 -4 5 -2 -3 -6
right_child=1 2 3 -5 7 -7 -8 -9
leaf_value=0.00088168735979330325 -0.0010415831098119972 0.0022945674644171792 0.00029640146628365634 -0.0011382042288470761 -0.00051230873450450296 0.0014271755101579972 8.007185325234878e-05 -0.0024279397950410899
leaf_weight=609.14232841134071 525.29804533720016 643.59108111262321 2128.8525413423777 1253.4500803202391 562.23389956355095 543.90369562804699 560.92105370759964 496.5098767131567
leaf_count=2464 2125 2597 8606 5066 2269 2201 2263 2014
internal_value=0 -7.80449e-05 0.000173499 -0.000228644 -0.000633369 0.000184111 0.00131528 -0.00147893
internal_weight=7323.9 6714.76 4586.81 3382.3 2127.95 1069.2 1204.51 1058.74
internal_count=29605 27141 18532 13672 8609 4326 4860 4283
is_linear=0
shrinkage=0.02


Tree=424
num_leaves=9
num_cat=0
split_feature=0 0 22 22 19 1 1 24
split_gain=1.3467 2.26623 4.14405 5.81215 3.43595 3.40941 3.53351 3.41715
threshold=0.67599794268608104 0.9041399657726289 74.500000000000014 141.50000000000003 9.1728997230529803 11.473825931549074 12.690492153167726 -3.5039000511169429
decision_type=2 2 2 2 10 2 2 2
left_child=-1 5 4 -4 -3 7 -7 -2
right_child=1 2 3 -5 -6 6 -8 -9
leaf_value=0.0006824622133984132 -0.0025806361052634736 -0.0019296040991529338 0.0022890800173420746 9.770083273541951e-05 0.00012553941622227502 0.0012091065961217532 -0.00095645214264664243 -0.00032793810610720863
leaf_weight=986.64332985877991 498.70353406667709 540.90958686172962 614.65248486399651 2179.5229420363903 688.90644869208336 599.1631338596344 550.82814665138721 664.46410438418388
leaf_count=3978 2019 2195 2479 8801 2792 2425 2232 2684
internal_value=0 -0.000103343 0.000176331 0.00060835 -0.000768473 -0.000602548 0.000141893 -0.00135776
internal_weight=7323.79 6337.15 4023.99 2794.18 1229.82 2313.16 1149.99 1163.17
internal_count=29605 25627 16267 11280 4987 9360 4657 4703
is_linear=0
shrinkage=0.02


Tree=425
num_leaves=8
num_cat=0
split_feature=13 19 25 15 19 13 19
split_gain=1.33323 3.35472 3.35886 3.81675 3.17831 3.81351 6.81011
threshold=0.013567937072366478 232.01160430908206 13.086178302764894 1.0934000015258791 173.52719879150393 0.17173510044813159 0.6959500163793565
decision_type=2 10 2 2 10 2 10
left_child=1 2 -1 -4 5 6 -2
right_child=4 -3 3 -5 -6 -7 -8
leaf_value=0.0013154188974599027 0.0020415652276536264 -0.0016446421068514114 0.0008471337508736698 -0.00070062507011622963 0.0016060035676849177 -0.0010068624160077515 -0.0005903991247619007
leaf_weight=618.0098132789135 697.45174005627632 550.31005537509918 839.73434743285179 2296.9769892394543 593.51313592493534 912.70915257930756 815.0062769651413
leaf_count=2497 2813 2226 3402 9303 2389 3690 3285
internal_value=0 -0.000221148 0 -0.000271238 0.000325092 0 0.000612121
internal_weight=7323.71 4305.03 3754.72 3136.71 3018.68 2425.17 1512.46
internal_count=29605 17428 15202 12705 12177 9788 6098
is_linear=0
shrinkage=0.02


Tree=426
num_leaves=9
num_cat=0
split_feature=6 6 15 19 19 20 0 19
split_gain=1.34103 6.0304 4.93595 5.61152 4.024 5.27589 2.16735 1.8896
threshold=1.8825199604034426 2.9279700517654423 1.7698499560356142 99.431201934814467 139.71375274658206 1870.5000000000002 1.1852017641067507 199.88549804687503
decision_type=2 2 2 8 8 2 2 10
left_child=2 -2 4 -4 5 -1 -3 -6
right_child=1 6 3 -5 7 -7 -8 -9
leaf_value=0.00022398572962859312 0.0017492327637348213 -0.0014403036781691831 -0.0020196050944196907 0.00023137783609747235 -0.0015777077125140549 0.0025055571283060323 0.0003401013470669245 0
leaf_weight=2103.6305116862059 804.19247764348984 503.57332973182201 975.41162629425526 739.57135437428951 513.39293183386326 494.99153338372707 500.5041546523571 688.3906347155571
leaf_count=8513 3249 2035 3943 2990 2081 1998 2017 2779
internal_value=0 0.00047331 -0.000150774 -0.00103779 0.000243814 0.000691737 -0.000529551 -0.000689031
internal_weight=7323.66 1808.27 5515.39 1714.98 3800.41 2598.62 1004.08 1201.78
internal_count=29605 7301 22304 6933 15371 10511 4052 4860
is_linear=0
shrinkage=0.02


Tree=427
num_leaves=6
num_cat=0
split_feature=12 13 13 19 19
split_gain=1.3285 4.41329 3.95255 4.93338 3.54155
threshold=0.86973083019256603 0.20993287116289142 0.013567937072366478 0.6959500163793565 232.01160430908206
decision_type=2 2 2 10 10
left_child=1 2 4 -4 -1
right_child=-2 -3 3 -5 -6
leaf_value=-3.1056405977188379e-05 0.00092547782634318709 -0.0017512139485918211 0.0020356933591791707 0 -0.0017561807317709218
leaf_weight=3678.8657059818506 553.17949609458447 552.053890183568 769.71837496757507 1238.2986381500959 531.47654965519905
leaf_count=14895 2232 2234 3105 4989 2150
internal_value=0 -7.37747e-05 7.53797e-05 0.000804786 -0.000266327
internal_weight=7323.59 6770.41 6218.36 2008.02 4210.34
internal_count=29605 27373 25139 8094 17045
is_linear=0
shrinkage=0.02


Tree=428
num_leaves=9
num_cat=0
split_feature=21 21 24 22 12 0 15 2
split_gain=1.32535 2.31773 5.21773 4.0635 3.77268 4.06384 3.39878 1.61441
threshold=-118.23499679565428 -6.7749998569488517 5.618999958038331 91.500000000000014 0.1486572399735451 0.92457973957061779 1.332100033760071 0.91500002145767223
decision_type=2 2 2 2 2 2 2 2
left_child=-1 4 6 -4 5 -2 -3 -6
right_child=1 2 3 -5 7 -7 -8 -9
leaf_value=0.00087901615372905297 -0.0010070860974642913 0.0025190739599892857 0.00053144756335812685 -0.0008471982441027266 -0.0022217700305050721 0.0013953034556030009 0.00030793145537184267 -0.00051996605477217547
leaf_weight=609.12511430680752 525.25207117199898 501.62872263789177 1499.3815898150206 1882.7503512948751 544.83318750560284 543.91886833310127 702.92445629835129 513.7757153660059
leaf_count=2464 2125 2026 6066 7606 2203 2201 2834 2080
internal_value=0 -7.7897e-05 0.000169043 -0.000225682 -0.000623385 0.000184955 0.00129026 -0.00146002
internal_weight=7323.59 6714.46 4586.69 3382.13 2127.78 1069.17 1204.55 1058.61
internal_count=29605 27141 18532 13672 8609 4326 4860 4283
is_linear=0
shrinkage=0.02


Tree=429
num_leaves=5
num_cat=0
split_feature=19 12 22 12
split_gain=1.33736 2.49765 3.14649 3.10174
threshold=-332.25784301757807 0.86973083019256603 1524.5000000000002 0.102081336081028
decision_type=8 2 2 2
left_child=-1 2 3 -2
right_child=1 -3 -4 -5
leaf_value=-0.00092519478970547382 0.00054102483129889742 0.0013865384353748276 0.0012986231880142219 -0.00048268702720800574
leaf_weight=546.90229812264442 1625.9815979599953 517.68149957060814 615.39312624931335 4017.5969506800175
leaf_count=2212 6583 2089 2486 16235
internal_value=0 8.24233e-05 -2.44337e-05 -0.000180152
internal_weight=7323.56 6776.65 6258.97 5643.58
internal_count=29605 27393 25304 22818
is_linear=0
shrinkage=0.02


Tree=430
num_leaves=7
num_cat=0
split_feature=0 24 22 18 18 23
split_gain=1.3152 2.27669 3.32318 2.97927 5.69279 3.00094
threshold=0.67599794268608104 63.761648178100593 68.500000000000014 11.102699756622316 14.25624990463257 0.7134559452533723
decision_type=2 2 2 2 2 2
left_child=-1 3 -3 5 -5 -2
right_child=1 2 -4 4 -6 -7
leaf_value=0.00067459961109479847 0.00021947274531983196 0 -0.0018985000054889025 0.002134793557218928 2.0416196014385173e-05 -0.0017687064705882258
leaf_weight=986.62432256340981 544.22807371616364 811.83938692510128 603.23046606779099 590.09811326861382 3208.4842149168253 579.00368872284889
leaf_count=3978 2207 3287 2437 2382 12968 2346
internal_value=0 -0.00010196 -0.000804614 9.54906e-05 0.000369957 -0.000788661
internal_weight=7323.51 6336.88 1415.07 4921.81 3798.58 1123.23
internal_count=29605 25627 5724 19903 15350 4553
is_linear=0
shrinkage=0.02


Tree=431
num_leaves=6
num_cat=0
split_feature=22 22 1 8 22
split_gain=1.32037 3.30728 2.79937 4.58594 2.86664
threshold=15.500000000000002 33.500000000000007 12.842210292816164 0.047051724046468742 269.50000000000006
decision_type=2 2 2 2 2
left_child=-1 -2 3 -3 -4
right_child=1 2 4 -5 -6
leaf_value=-0.00095483879952326168 0.0016003026005981481 -0.00013371034708013375 -0.0016245421180462617 0.0013360805394941296 2.5643694967554142e-05
leaf_weight=508.02536796033382 504.9075273424387 3669.1110010892153 770.21606990695 1067.8684349805117 803.31106425821781
leaf_count=2062 2040 14823 3114 4313 3253
internal_value=0 7.93174e-05 -4.21387e-05 0.000194915 -0.000771178
internal_weight=7323.44 6815.41 6310.51 4736.98 1573.53
internal_count=29605 27543 25503 19136 6367
is_linear=0
shrinkage=0.02


Tree=432
num_leaves=9
num_cat=0
split_feature=6 6 15 18 19 25 16 0
split_gain=1.3118 5.76207 4.68703 5.41462 4.96213 4.81871 5.69693 2.09514
threshold=1.8825199604034426 2.9279700517654423 1.7698499560356142 44.938899993896491 99.431201934814467 13.086178302764894 1.0101500153541567 1.1852017641067507
decision_type=2 2 2 2 8 2 2 2
left_child=2 -2 5 4 -4 -1 -7 -3
right_child=1 7 3 -5 -6 6 -8 -9
leaf_value=0.0019399400561279116 0.0017156172556659134 -0.0014075523855293049 -0.0027771756287869294 0.00067434266904173616 -0.00011805362561848219 -0.0014265637833130718 0.00044350344931039286 0.00034274830469448306
leaf_weight=542.33893223106861 804.25173363089561 503.5146958976984 714.01191222667694 495.34819039702415 505.45580448210239 866.04877237975597 2391.9618047177792 500.49744461476803
leaf_count=2188 3249 2035 2889 2001 2043 3503 9680 2017
internal_value=0 0.000468405 -0.000148833 -0.00101331 -0.00172845 0.000235462 -4.91122e-05 -0.000511347
internal_weight=7323.43 1808.26 5515.17 1714.82 1219.47 3800.35 3258.01 1004.01
internal_count=29605 7301 22304 6933 4932 15371 13183 4052
is_linear=0
shrinkage=0.02


Tree=433
num_leaves=10
num_cat=0
split_feature=11 10 9 8 19 9 7 20 7
split_gain=1.3184 3.75577 5.31894 4.97414 4.7334 7.24099 2.81734 3.47381 4.48901
threshold=0.0091554676182568091 -0.015493243001401423 -0.012928041629493235 0.052384642884135253 -104.65295028686522 0.0048291855491697797 0.015131307765841486 1250.5000000000002 0.032003000378608711
decision_type=2 2 2 2 10 2 2 2 2
left_child=1 4 -3 -4 -1 -6 -2 8 -8
right_child=6 2 3 -5 5 -7 7 -9 -10
leaf_value=-0.0016861542046514042 -0.0015689960367050288 0.0022900787920724455 -0.0010655219366293995 0.0015279102417638491 -0.00045350358884135833 0.0022717505379542626 0.0011328268821791925 -0.0013126035948458697 -0.0010551964563211946
leaf_weight=665.67172232270241 561.31259718537331 676.10675978660583 647.91967916488647 502.36055770516396 1501.7533773779869 495.95685601234436 1181.6810546815395 582.82825879752636 507.75565834343433
leaf_count=2691 2273 2730 2610 2024 6071 2000 4789 2359 2058
internal_value=0 0.000217347 0.000914248 4.36129e-05 -0.000250649 0.000223715 -0.00033155 0 0.000447985
internal_weight=7323.35 4489.77 1826.39 1150.28 2663.38 1997.71 2833.58 2272.26 1689.44
internal_count=29605 18126 7364 4634 10762 8071 11479 9206 6847
is_linear=0
shrinkage=0.02


Tree=434
num_leaves=7
num_cat=0
split_feature=5 8 11 6 7 6
split_gain=1.31072 4.15881 3.26356 2.89365 4.45864 3.79521
threshold=0.032169939950108535 0.052384642884135253 0.04939746484160424 1.1677600145339968 0.024564470164477829 1.9336499571800234
decision_type=2 2 2 2 2 2
left_child=1 3 -2 4 -1 -5
right_child=2 -3 -4 5 -6 -7
leaf_value=-5.4301572513816737e-05 -0.0013594435072543146 0.0016471971262297966 0.00035672994596803781 -0.0016559707623520885 0.0017758811234874362 0.0003118254952382315
leaf_weight=2890.9440365284681 836.42609702050686 633.71045954525471 846.97323973476887 837.5898136049509 619.15064714848995 658.53985439240932
leaf_count=11686 3389 2550 3430 3385 2509 2656
internal_value=0 0.000150681 -0.000481395 -3.83543e-05 0.000267925 -0.000774192
internal_weight=7323.33 5639.93 1683.4 5006.22 3510.09 1496.13
internal_count=29605 22786 6819 20236 14195 6041
is_linear=0
shrinkage=0.02


Tree=435
num_leaves=7
num_cat=0
split_feature=21 21 19 2 2 12
split_gain=1.31033 2.28565 4.19925 3.78115 5.53104 3.54063
threshold=-118.23499679565428 -6.7749998569488517 50.748699188232429 1.3450000286102297 0.92500001192092907 0.1486572399735451
decision_type=2 2 10 2 2 2
left_child=-1 2 5 4 -3 -2
right_child=1 3 -4 -5 -6 -7
leaf_value=0.00087410133266858524 0.0013016522468434584 -0.00013799901444008333 -0.0015847634448093884 -0.0010235808254035819 0.0014245240315764582 -0.00084971093815440078
leaf_weight=609.12117359042168 562.08905927836895 2344.9676640033722 960.86450566351414 828.35963226854801 1413.1405808031559 604.67494544386864
leaf_count=2464 2273 9468 3885 3354 5710 2451
internal_value=0 -7.73771e-05 -0.000619122 0.000167807 0.000445065 0.000160914
internal_weight=7323.22 6714.1 2127.63 4586.47 3758.11 1166.76
internal_count=29605 27141 8609 18532 15178 4724
is_linear=0
shrinkage=0.02


Tree=436
num_leaves=10
num_cat=0
split_feature=1 0 0 9 5 14 1 26 23
split_gain=1.28927 3.10726 6.90934 2.78218 5.41471 4.74867 4.4911 3.99835 7.77509
threshold=11.025557041168215 0.91276377439498912 0.77377235889434826 -0.020034817978739735 0.032169939950108535 0.024108628742396835 12.592143535614015 1.0000000180025095e-35 0.71641787886619579
decision_type=2 2 2 2 2 2 2 10 2
left_child=1 2 -1 7 5 -5 -6 8 -2
right_child=3 -3 -4 4 6 -7 -8 -9 -10
leaf_value=0.00099748860503934104 -9.9980982441536738e-07 0.0012514987270462769 -0.0019225354165714073 0.00013325849300211857 -0.0019562682466639273 0.0023212337687210402 0.00024559805032017948 0.00067337048092282182 -0.0030619004240555088
leaf_weight=731.84053799510002 796.53445254266262 961.60883209109306 537.6181144118309 1197.3492146134377 631.91556802392006 603.58201716840267 783.54452043771744 502.43480820953846 576.76245872676373
leaf_count=2953 3225 3882 2174 4832 2564 2433 3170 2034 2338
internal_value=0 0.000402513 -0.000223227 -0.00017142 0.000176474 0.00090783 -0.000727899 -0.000782174 -0.00134368
internal_weight=7323.19 2231.07 1269.46 5092.12 3216.39 1800.93 1415.46 1875.73 1373.3
internal_count=29605 9009 5127 20596 12999 7265 5734 7597 5563
is_linear=0
shrinkage=0.02


Tree=437
num_leaves=5
num_cat=0
split_feature=16 23 21 20
split_gain=1.28433 2.4289 3.32999 4.56123
threshold=4.8408000469207773 0.55217561125755321 256.56499481201178 584.50000000000011
decision_type=2 2 2 2
left_child=1 -1 3 -3
right_child=-2 2 -4 -5
leaf_value=0.0013767317139914055 -0.000683643976072518 0.00038135964897756863 0.0013990354340698095 -0.00078380967627196248
leaf_weight=526.08533774316311 922.13520276546478 2752.8445740193129 575.6249098777771 2546.3426510989666
leaf_count=2128 3750 11121 2324 10282
internal_value=0 0.000105494 -7.20723e-06 -0.000172565
internal_weight=7323.03 6400.9 5874.81 5299.19
internal_count=29605 25855 23727 21403
is_linear=0
shrinkage=0.02


Tree=438
num_leaves=7
num_cat=0
split_feature=22 1 12 10 24 13
split_gain=1.2768 3.19603 5.55618 4.24221 4.7689 3.13252
threshold=15.500000000000002 11.804609775543215 0.66666671633720409 -0.057179428637027734 -4.9236500263214102 -0.055882859975099557
decision_type=2 2 2 2 2 2
left_child=-1 3 5 -2 -5 -3
right_child=1 2 -4 4 -6 -7
leaf_value=-0.00093928987227344808 0.0019675478143060003 4.0141511941431515e-05 0.0011222556101369518 -0.00077915581661968205 0.00084067566425537871 -0.0013663000646218684
leaf_weight=507.96756410598755 622.53846251964569 969.27866718173027 732.83326885104179 1211.6566631495953 1716.4275879710913 1562.2677129358053
leaf_count=2062 2524 3925 2957 4896 6925 6316
internal_value=0 7.77303e-05 -0.000366099 0.000495875 0.000156926 -0.000817977
internal_weight=7322.97 6815 3264.38 3550.62 2928.08 2531.55
internal_count=29605 27543 13198 14345 11821 10241
is_linear=0
shrinkage=0.02


Tree=439
num_leaves=6
num_cat=0
split_feature=20 7 1 3 19
split_gain=1.3024 2.49121 3.14286 4.56187 2.96947
threshold=22.500000000000004 0.035725308582186706 10.479151248931887 -0.027803085744380947 87.567699432373061
decision_type=2 2 2 2 10
left_child=-1 2 3 -2 -4
right_child=1 -3 4 -5 -6
leaf_value=-0.00085415009701720647 0.0021688868734547925 0.0010482417140935511 -0.00072134713843278911 -0.00039298866342421648 0.0002742371535749462
leaf_weight=620.69976663589478 535.64158852398396 908.80183535814285 2708.5119802951813 500.24199903011322 2048.9129268825054
leaf_count=2513 2167 3668 10965 2018 8274
internal_value=0 8.66947e-05 -6.14794e-05 0.000915889 -0.00028559
internal_weight=7322.81 6702.11 5793.31 1035.88 4757.42
internal_count=29605 27092 23424 4185 19239
is_linear=0
shrinkage=0.02


Tree=440
num_leaves=11
num_cat=0
split_feature=13 4 7 21 4 19 23 4 19 19
split_gain=1.30073 3.32168 4.2679 4.19172 4.72747 4.27885 3.20198 8.21559 5.70202 5.18422
threshold=0.013567937072366478 37.124494552612312 0.021122480742633346 13.744999885559084 49.640947341918952 -38.703599929809563 0.87517863512039196 61.211757659912116 106.27569961547853 11.294100284576418
decision_type=2 2 2 2 2 10 2 2 10 8
left_child=1 2 -1 5 -5 -3 8 -8 9 -2
right_child=6 3 -4 4 -6 -7 7 -9 -10 -11
leaf_value=-0.00033823027149120708 0.0013130824823199005 -0.0012994378993656411 0.0017365684451224831 -0.0028329739498878675 -0.00024785640318775908 0.00083539052617126951 -0.0022066881792238537 0.0010916185369245382 0.0024705118773586392 -0.0011613442793069499
leaf_weight=920.6107969135046 660.85944956541061 571.94475772976875 637.96494103968143 557.11097460985184 629.3822249174118 987.35290150344372 555.57977803051472 594.54905194044113 565.13999661803246 642.22312095761299
leaf_count=3718 2667 2321 2589 2251 2556 3993 2241 2401 2275 2593
internal_value=0 -0.000218308 0.000501089 -0.000640856 -0.00152452 2.10614e-05 0.000321261 -0.000482634 0.000835612 6.66626e-05
internal_weight=7322.72 4304.37 1558.58 2745.79 1186.49 1559.3 3018.35 1150.13 1868.22 1303.08
internal_count=29605 17428 6307 11121 4807 6314 12177 4642 7535 5260
is_linear=0
shrinkage=0.02


Tree=441
num_leaves=6
num_cat=0
split_feature=9 8 16 22 20
split_gain=1.25754 5.37458 2.65833 5.56888 5.47467
threshold=-0.1060948111116886 -0.10804748907685278 0.98645001649856578 174.50000000000003 1958.5000000000002
decision_type=2 2 2 2 2
left_child=-1 -2 3 -3 -4
right_child=1 2 4 -5 -6
leaf_value=-0.00091928955489892987 0.0019721456134001807 0.00010049440449276948 -5.9341078990369651e-05 -0.0017922065407587886 0.0020655980739118511
leaf_weight=521.94466991722584 528.34355257451534 1676.1293960362673 3119.8774816095829 932.38659572601318 543.87710082530975
leaf_count=2106 2151 6777 12611 3767 2193
internal_value=0 7.80572e-05 -8.25274e-05 -0.000572139 0.000257464
internal_weight=7322.56 6800.61 6272.27 2608.52 3663.75
internal_count=29605 27499 25348 10544 14804
is_linear=0
shrinkage=0.02


Tree=442
num_leaves=8
num_cat=0
split_feature=21 21 24 19 18 0 6
split_gain=1.31877 2.18965 5.04251 4.14463 4.07492 3.53392 3.2785
threshold=-118.23499679565428 -6.7749998569488517 5.618999958038331 50.748699188232429 8.4611501693725604 0.91895869374275219 1.0589999556541445
decision_type=2 2 2 10 2 2 2
left_child=-1 3 6 5 -4 -2 -3
right_child=1 2 4 -5 -6 -7 -8
leaf_value=0.0008767660155000218 -0.00093652168368262793 0.0022141854414385038 0.001308163770373956 -0.0015677492742930449 -0.00054008509563409715 0.0012141782559324176 6.5013733892172411e-05
leaf_weight=609.07100051641464 552.16590097546577 643.56256161630154 541.81840905547142 960.70801438391209 2839.8201026916504 614.39988769590855 560.86125913262367
leaf_count=2464 2238 2597 2190 3885 11482 2486 2263
internal_value=0 -7.78198e-05 0.000162017 -0.000608143 -0.000225906 0.000166682 0.00126447
internal_weight=7322.41 6713.34 4586.06 2127.27 3381.64 1166.57 1204.42
internal_count=29605 27141 18532 8609 13672 4724 4860
is_linear=0
shrinkage=0.02


Tree=443
num_leaves=9
num_cat=0
split_feature=13 4 2 25 7 10 8 6
split_gain=1.2736 3.18649 4.22401 6.70652 4.11009 3.10106 5.21594 4.02138
threshold=0.013567937072366478 37.124494552612312 1.3450000286102297 13.285229206085207 0.021122480742633346 -0.04346684738993644 -0.013457190711051224 1.5813900232315066
decision_type=2 2 2 2 2 2 2 2
left_child=1 4 3 -3 -1 -2 -7 -8
right_child=5 2 -4 -5 -6 6 7 -9
leaf_value=-0.00033459655484903927 -0.00095888737754252151 0.0015008191179137513 -0.0022172912485464778 -0.00091161841283534002 0.0017012573875403291 0.002394799164463448 -0.00080326895189942397 0.00099341140837499141
leaf_weight=920.57142867147923 569.80982726812363 612.32087743282318 520.50276346504688 1612.796694919467 637.85764996707439 508.35510465502739 908.88086257874966 1031.2840092480183
leaf_count=3718 2297 2470 2115 6536 2589 2052 3669 4159
internal_value=0 -0.000215921 -0.000629877 -0.000222298 0.000488426 0.000317997 0.000636595 0.000133329
internal_weight=7322.38 4304.05 2745.62 2225.12 1558.43 3018.33 2448.52 1940.16
internal_count=29605 17428 11121 9006 6307 12177 9880 7828
is_linear=0
shrinkage=0.02


Tree=444
num_leaves=7
num_cat=0
split_feature=19 16 18 25 0 0
split_gain=1.2696 2.37829 4.42355 4.32653 4.0559 2.89123
threshold=-332.25784301757807 0.42450000345706945 24.59685039520264 13.73186254501343 1.25033175945282 0.82458961009979259
decision_type=8 2 2 2 2 2
left_child=-1 3 4 -2 -3 -4
right_child=1 2 5 -5 -6 -7
leaf_value=-0.00090144912362714717 -0.0015753657051898701 -0.00037430383690485535 0.0024282445526823699 0.00071446701368956781 0.0012466243573913361 0.00048655581209436377
leaf_weight=546.77141737937927 805.66848529875278 3291.6883641183376 497.76300366222858 503.68781363964081 731.8346826583147 944.75635623931885
leaf_count=2212 3256 13315 2010 2037 2955 3820
internal_value=0 8.04146e-05 0.000269002 -0.000669684 -6.46486e-05 0.00121072
internal_weight=7322.17 6775.4 5466.04 1309.36 4023.52 1442.52
internal_count=29605 27393 22100 5293 16270 5830
is_linear=0
shrinkage=0.02


Tree=445
num_leaves=6
num_cat=0
split_feature=22 13 13 24 21
split_gain=1.25507 2.2765 3.60678 4.76099 3.25488
threshold=1524.5000000000002 -0.2001213729381561 -0.10417638346552847 1.8538500070571902 75.71625137329103
decision_type=2 2 2 2 2
left_child=1 -1 3 -3 -4
right_child=-2 2 4 -5 -6
leaf_value=-0.0012973604822408488 0.00079725270614821415 -0.00024398001197662976 -0.0004730447075570333 0.0023564024539132196 0.00072387975110529523
leaf_weight=540.78766559064388 696.47208376228809 508.2332421541214 3893.2536339312792 540.17338646948338 1143.2379183620214
leaf_count=2188 2817 2057 15738 2187 4618
internal_value=0 -8.13851e-05 2.52957e-05 0.00108404 -0.000191872
internal_weight=7322.16 6625.69 6084.9 1048.41 5036.49
internal_count=29605 26788 24600 4244 20356
is_linear=0
shrinkage=0.02


Tree=446
num_leaves=7
num_cat=0
split_feature=22 1 12 10 24 19
split_gain=1.24818 3.13036 5.25501 3.98404 4.56289 3.88195
threshold=15.500000000000002 11.804609775543215 0.66666671633720409 -0.057179428637027734 -4.9236500263214102 131.9183044433594
decision_type=2 2 2 2 2 10
left_child=-1 3 5 -2 -5 -3
right_child=1 2 -4 4 -6 -7
leaf_value=-0.00092848247854952662 0.0019179838307515956 -0.00030460670055609156 0.0010846536969811203 -0.00075334464482454486 0.00083083477440719757 -0.002106685726501396
leaf_weight=507.89630548655987 622.34581914544106 1874.9844705164433 732.88813997805119 1211.4667787700891 1716.3673360347748 656.19454272091389
leaf_count=2062 2524 7589 2957 4896 6925 2652
internal_value=0 7.71261e-05 -0.000362068 0.000491025 0.000161973 -0.000801749
internal_weight=7322.14 6814.25 3264.07 3550.18 2927.83 2531.18
internal_count=29605 27543 13198 14345 11821 10241
is_linear=0
shrinkage=0.02


Tree=447
num_leaves=5
num_cat=0
split_feature=21 8 3 21
split_gain=1.30094 2.08971 2.59946 3.67997
threshold=-118.23499679565428 -0.13188134133815763 -0.10068826749920844 -6.7749998569488517
decision_type=2 2 2 2
left_child=-1 -2 -3 -4
right_child=1 2 3 -5
leaf_value=0.00087100317320235054 0.0010855134776536907 -0.0014910800744991196 -0.00079509395048379386 0.00029197409474900261
leaf_weight=609.05657054483891 534.32521229982376 534.86160004138947 1807.674805149436 3836.1054704338312
leaf_count=2464 2168 2161 7314 15498
internal_value=0 -7.71113e-05 -0.000187458 -5.15603e-05
internal_weight=7322.02 6712.97 6178.64 5643.78
internal_count=29605 27141 24973 22812
is_linear=0
shrinkage=0.02


Tree=448
num_leaves=9
num_cat=0
split_feature=24 6 12 6 6 6 21 18
split_gain=1.26953 4.81164 4.68267 4.48074 5.24452 4.49154 3.89663 2.23408
threshold=26.557800292968754 0.60893997550010692 0.29681171476840978 0.58849000930786144 2.0220799446105961 1.0589999556541445 -6.7749998569488517 18.581349372863773
decision_type=2 2 2 2 2 2 2 2
left_child=3 -2 7 6 5 -5 -1 -3
right_child=1 2 -4 4 -6 -7 -8 -9
leaf_value=0.00020305590187238035 -0.0020156719075664141 2.0374032510552588e-05 -0.00088701347999813659 2.8289580425766687e-05 0.0010057510704433396 -0.0016789019393728467 0.0023381010712274679 0.0019686666794776694
leaf_weight=881.0811175853014 526.71556852757931 503.89077630639076 951.49520187079906 1351.8293795436621 973.93879178166389 1047.6575720906258 589.99475689232349 495.38328415155411
leaf_count=3566 2129 2037 3846 5472 3931 4238 2382 2004
internal_value=0 -0.000361796 8.50937e-05 0.000192477 -0.000200868 -0.000711062 0.00110801 0.00104607
internal_weight=7321.99 2477.48 1950.77 4844.5 3373.43 2399.49 1471.08 999.274
internal_count=29605 10016 7887 19589 13641 9710 5948 4041
is_linear=0
shrinkage=0.02


Tree=449
num_leaves=6
num_cat=0
split_feature=21 19 12 3 10
split_gain=1.2594 2.00477 3.04123 3.95076 3.81077
threshold=-118.23499679565428 284.43315124511724 0.22355744242668155 0.0034372059162706141 -0.01851851865649223
decision_type=2 10 2 2 2
left_child=-1 2 3 -2 -4
right_child=1 -3 4 -5 -6
leaf_value=0.00085729975748253216 0.00086210590955885895 -0.0012286570169338096 -0.0013998429171612787 -0.00069747674651629891 8.1061193817090471e-05
leaf_weight=609.08712027966976 2416.5781049728394 530.61840309202671 1036.0362201035023 839.70303376019001 1889.9177044928074
leaf_count=2464 9775 2144 4181 3397 7644
internal_value=0 -7.55116e-05 2.18654e-05 0.000446457 -0.000437871
internal_weight=7321.94 6712.85 6182.24 3256.28 2925.95
internal_count=29605 27141 24997 13172 11825
is_linear=0
shrinkage=0.02


Tree=450
num_leaves=6
num_cat=0
split_feature=20 7 1 3 20
split_gain=1.25985 2.34254 3.0241 4.31585 2.92245
threshold=22.500000000000004 0.035725308582186706 10.479151248931887 -0.027803085744380947 336.50000000000006
decision_type=2 2 2 2 2
left_child=-1 2 3 -2 -4
right_child=1 -3 4 -5 -6
leaf_value=-0.00084002871147258911 0.0021193767470355598 0.0010177967016735828 0.0003906978748308316 -0.0003710703447264197 -0.00063895535270525592
leaf_weight=620.60347844660282 535.543058142066 908.81177581846714 1630.2165796905756 500.17313691973686 3126.53161200881
leaf_count=2513 2167 3668 6594 2018 12645
internal_value=0 8.53805e-05 -5.81391e-05 0.000900556 -0.000278125
internal_weight=7321.88 6701.28 5792.46 1035.72 4756.75
internal_count=29605 27092 23424 4185 19239
is_linear=0
shrinkage=0.02


Tree=451
num_leaves=10
num_cat=0
split_feature=13 23 4 19 19 9 8 3 3
split_gain=1.23923 3.12964 7.84623 5.5555 5.00943 3.0751 6.25257 4.42831 3.69024
threshold=0.013567937072366478 0.87517863512039196 61.211757659912116 106.27569961547853 11.294100284576418 0.051124071702361114 -0.010204089339822529 -0.12338239327073096 -0.0046824032906442872
decision_type=2 2 2 10 8 2 2 2 2
left_child=5 3 -3 4 -2 6 7 -1 -8
right_child=1 2 -4 -5 -6 -7 8 -9 -10
leaf_value=0.00098881631289719383 0.0012887548337749595 -0.0021661375558383682 0.0010565488550001842 0.0024360663612824408 -0.0011436936371167689 -0.0016114259664423009 0.0022283586690968397 -0.00096510704643319343 0
leaf_weight=555.25621069967747 660.87284164130688 555.4864629805088 594.61798545718193 565.15373028814793 642.14707511663437 525.21003900468349 620.6866857111454 2102.1426249295473 500.23041914403439
leaf_count=2253 2667 2241 2401 2275 2593 2132 2499 8519 2025
internal_value=0 0.000313717 -0.000480868 0.00082239 6.30504e-05 -0.000212962 0 -0.000537793 0.0012276
internal_weight=7321.8 3018.28 1150.1 1868.17 1303.02 4303.53 3778.32 2657.4 1120.92
internal_count=29605 12177 4642 7535 5260 17428 15296 10772 4524
is_linear=0
shrinkage=0.02


Tree=452
num_leaves=10
num_cat=0
split_feature=11 10 9 8 19 9 7 7 22
split_gain=1.25344 3.74383 5.1533 4.78152 4.60302 6.97848 2.64539 3.40674 3.00927
threshold=0.0091554676182568091 -0.015493243001401423 -0.012928041629493235 0.052384642884135253 -104.65295028686522 0.0048291855491697797 0.015131307765841486 0.021122480742633346 174.50000000000003
decision_type=2 2 2 2 10 2 2 2 2
left_child=1 4 -3 -4 -1 -6 -2 -8 -9
right_child=6 2 3 -5 5 -7 7 8 -10
leaf_value=-0.0016709920856876248 -0.0015226160337748701 0.0022624521306937586 -0.0010368352221281744 0.0015056766716216505 -0.00045227027177847766 0.0022235002243435791 0.0011402518711840408 0.00020752589673644933 -0.0014992196991621557
leaf_weight=665.44163675606251 561.11523112654686 676.03546352684498 647.78781616687775 502.29137291014194 1501.25577904284 495.8556489944458 685.62341403961182 896.68711450695992 689.57366637885571
leaf_count=2691 2273 2730 2610 2024 6071 2000 2777 3636 2793
internal_value=0 0.000212022 0.000907951 5.00977e-05 -0.000255329 0.000212298 -0.000323236 0 -0.000522703
internal_weight=7321.67 4488.67 1826.11 1150.08 2662.55 1997.11 2833 2271.88 1586.26
internal_count=29605 18126 7364 4634 10762 8071 11479 9206 6429
is_linear=0
shrinkage=0.02


Tree=453
num_leaves=6
num_cat=0
split_feature=3 7 9 10 8
split_gain=1.24814 4.1412 4.02473 2.62684 4.27019
threshold=0.084420148283243193 0.035423723980784423 0.12581642717123034 0.05519841983914376 0.010062300134450199
decision_type=2 2 2 2 2
left_child=1 3 -2 4 -1
right_child=2 -3 -4 -5 -6
leaf_value=-0.00024491567810245858 -0.0018278227117388697 0.0018237706078149526 0.00044675153143554607 -0.0012829681868618934 0.0010362837697049383
leaf_weight=3648.0313162654638 541.62701708078384 498.61638973653316 634.39541113376617 580.5593788176775 1418.4084052294493
leaf_count=14768 2193 2012 2563 2354 5715
internal_value=0 0.000119277 -0.000585556 -3.17855e-05 0.000109686
internal_weight=7321.64 6145.62 1176.02 5647 5066.44
internal_count=29605 24849 4756 22837 20483
is_linear=0
shrinkage=0.02


Tree=454
num_leaves=10
num_cat=0
split_feature=2 2 26 20 8 9 7 16 9
split_gain=1.25358 3.45934 3.26782 5.22374 2.54971 6.46729 4.8182 4.31453 3.90162
threshold=0.92500001192092907 0.84499999880790722 1.5000000000000002 1026.5000000000002 -0.01115917321294546 0.0094646536745131033 0.023204695433378223 1.3145499825477602 -0.031439304351806634
decision_type=2 2 10 2 2 2 2 2 2
left_child=1 2 3 -1 6 -6 8 -7 -2
right_child=4 -3 -4 -5 5 7 -8 -9 -10
leaf_value=-0.00096799482694780972 0 -0.0014791721729079102 0.0012831407594568077 0.00096414355552385759 0.00267386016266898 -0.00086586390645848762 0.0010819250697708374 0.0013831970084959961 -0.0023424094879834771
leaf_weight=1590.5444468259811 576.03925935924053 713.86601948738098 645.81852921843529 820.12702114880085 499.8926152586937 807.6105797290802 617.139319896698 552.68975415825844 497.81680078804493
leaf_count=6429 2335 2887 2608 3310 2017 3265 2505 2235 2014
internal_value=0 -0.000248755 3.58859e-05 -0.000292397 0.000273091 0.000784737 -0.00027123 2.92899e-05 -0.00108934
internal_weight=7321.54 3770.36 3056.49 2410.67 3551.19 1860.19 1691 1360.3 1073.86
internal_count=29605 15234 12347 9739 14371 7517 6854 5500 4349
is_linear=0
shrinkage=0.02


Tree=455
num_leaves=10
num_cat=0
split_feature=24 6 12 6 12 24 7 25 18
split_gain=1.24822 4.63141 4.48826 4.27185 5.08908 8.26643 7.5832 3.57942 2.16873
threshold=26.557800292968754 0.60893997550010692 0.29681171476840978 0.58849000930786144 0.35691569745540624 -4.25950002670288 0.031473007053136833 13.744277477264406 18.581349372863773
decision_type=2 2 2 2 2 2 2 2 2
left_child=3 -2 8 7 5 -5 -6 -1 -3
right_child=1 2 -4 4 6 -7 -8 -9 -10
leaf_value=-0.00015373612195393281 -0.0019811415022996126 1.0034811693603999e-05 -0.00087172740107022291 -0.0019000008793814819 0.0024851476933291467 0.00051940488149833223 -0.00063776519518877529 0.0018210771672193117 0.0019295179791068804
leaf_weight=536.5321232676506 526.62965126335621 503.8629916459322 951.40554161369801 1176.9805539101362 562.79435709118843 1016.5445767343044 616.82801657915115 934.51505063474178 495.39792144298553
leaf_count=2171 2129 2037 3846 4766 2274 4112 2489 3777 2004
internal_value=0 -0.00035846 7.96413e-05 0.000191151 -0.000192715 -0.000768578 0.000841244 0.00108511 0.0010209
internal_weight=7321.49 2477.3 1950.67 4844.19 3373.15 2193.53 1179.62 1471.05 999.261
internal_count=29605 10016 7887 19589 13641 8878 4763 5948 4041
is_linear=0
shrinkage=0.02


Tree=456
num_leaves=5
num_cat=0
split_feature=21 8 3 21
split_gain=1.27227 2.00813 2.4974 3.50478
threshold=-118.23499679565428 -0.13188134133815763 -0.10068826749920844 -6.7749998569488517
decision_type=2 2 2 2
left_child=-1 -2 -3 -4
right_child=1 2 3 -5
leaf_value=0.00086163317872752193 0.0010636158421853368 -0.0014621053264032078 -0.00077667224737285523 0.00028420412494412295
leaf_weight=609.05968068540096 534.25132374465466 534.83227144181728 1807.4401819258928 3835.9191079884768
leaf_count=2464 2168 2161 7314 15498
internal_value=0 -7.59578e-05 -0.000184228 -5.08795e-05
internal_weight=7321.5 6712.44 6178.19 5643.36
internal_count=29605 27141 24973 22812
is_linear=0
shrinkage=0.02


Tree=457
num_leaves=6
num_cat=0
split_feature=9 8 16 22 20
split_gain=1.26804 5.07402 2.65658 5.38328 5.22359
threshold=-0.1060948111116886 -0.10804748907685278 0.98645001649856578 174.50000000000003 1958.5000000000002
decision_type=2 2 2 2 2
left_child=-1 -2 3 -3 -4
right_child=1 2 4 -5 -6
leaf_value=-0.00092274838240512843 0.0019195359213657252 9.4330408987434278e-05 -4.6375759612096289e-05 -0.0017663058446400774 0.0020287269100900864
leaf_weight=521.87537574768066 528.11315920948982 1676.0137960761786 3119.3940774947405 932.19850116968155 543.86954066157341
leaf_count=2106 2151 6777 12611 3767 2193
internal_value=0 7.87926e-05 -7.70669e-05 -0.000566653 0.000262876
internal_weight=7321.46 6799.59 6271.48 2608.21 3663.26
internal_count=29605 27499 25348 10544 14804
is_linear=0
shrinkage=0.02


Tree=458
num_leaves=5
num_cat=0
split_feature=21 19 13 5
split_gain=1.22846 1.9448 2.57278 3.87466
threshold=-118.23499679565428 404.87390136718756 -0.18521942198276517 0.032169939950108535
decision_type=2 8 2 2
left_child=-1 2 -2 -4
right_child=1 -3 3 -5
leaf_value=0.00084672247961462997 -0.0012231277615492751 -0.0012266593499348898 0.00046211664194787186 -0.00074448031168040777
leaf_weight=609.08721639215946 571.85637468099594 516.19130642712116 4243.6070151478052 1380.5722968280315
leaf_count=2464 2315 2092 17143 5591
internal_value=0 -7.45622e-05 1.98293e-05 0.000157453
internal_weight=7321.31 6712.23 6196.04 5624.18
internal_count=29605 27141 25049 22734
is_linear=0
shrinkage=0.02


Tree=459
num_leaves=6
num_cat=0
split_feature=22 22 1 8 24
split_gain=1.2249 3.03612 2.74684 4.52087 3.45607
threshold=15.500000000000002 33.500000000000007 12.842210292816164 0.047051724046468742 24.529549598693851
decision_type=2 2 2 2 2
left_child=-1 -2 3 -3 -4
right_child=1 2 4 -5 -6
leaf_value=-0.00092008057995985497 0.0015336959322468883 -0.00013144558108029339 -4.0550112164102086e-05 0.0013279848570595932 -0.0020298463761550668
leaf_weight=507.83104647696018 504.79791690409184 3667.9067490547895 1036.8540950119495 1067.6201896220446 536.29512563347816
leaf_count=2062 2040 14823 4195 4313 2172
internal_value=0 7.61819e-05 -3.99704e-05 0.000194838 -0.00076231
internal_weight=7321.31 6813.47 6308.68 4735.53 1573.15
internal_count=29605 27543 25503 19136 6367
is_linear=0
shrinkage=0.02


Tree=460
num_leaves=6
num_cat=0
split_feature=22 13 13 21 23
split_gain=1.24162 2.11027 3.47765 3.10847 2.43542
threshold=1524.5000000000002 -0.2001213729381561 -0.10417638346552847 75.71625137329103 0.66350156068801891
decision_type=2 2 2 2 2
left_child=1 -1 4 -4 -3
right_child=-2 2 3 -5 -6
leaf_value=-0.0012522235036276147 0.00079251808250412352 0 -0.00046701066462604074 0.00070241939891242905 0.0019609803765833259
leaf_weight=540.66911247372627 696.393424898386 505.13348409533501 3892.7701186984777 1143.1923979073763 543.13015340268612
leaf_count=2188 2817 2045 15738 4618 2199
internal_value=0 -8.14738e-05 2.10141e-05 -0.000192133 0.00106092
internal_weight=7321.29 6624.9 6084.23 5035.96 1048.26
internal_count=29605 26788 24600 20356 4244
is_linear=0
shrinkage=0.02


Tree=461
num_leaves=10
num_cat=0
split_feature=23 23 19 19 2 10 7 25 2
split_gain=1.25676 10.1047 5.14602 5.03499 4.95412 4.52939 4.48485 4.10645 3.91077
threshold=0.71483653783798229 0.74831923842430126 -54.365499496459954 48.460050582885749 0.88499999046325695 0.0038948843721300368 0.02715589385479689 13.694292068481447 0.89499998092651378
decision_type=2 2 10 10 2 2 2 2 2
left_child=3 -2 5 6 -5 -3 8 -4 -1
right_child=1 2 7 4 -6 -7 -8 -9 -10
leaf_value=0.001588557706401119 -0.0025148547903597412 -0.0022903951542469917 -0.00057360826512359655 -0.0016489322556590739 0.00055348043337476735 0.00022331588882200948 0.0026498121238776517 0.0011881370114011538 -0.00078878077693158048
leaf_weight=496.71582536399364 627.93654391169548 503.1986390799284 692.98184294998646 738.6123216599226 827.52463328838348 568.42703442275524 495.09792421758175 1821.4232127517462 549.36653138697147
leaf_count=2009 2546 2035 2796 2984 3352 2300 2003 7353 2227
internal_value=0 -0.000220301 0.0001853 0.000307981 -0.000471114 -0.000947559 0.00111846 0.000687141 0.000315731
internal_weight=7321.28 4213.97 3586.03 3107.32 1566.14 1071.63 1541.18 2514.41 1046.08
internal_count=29605 17030 14484 12575 6336 4335 6239 10149 4236
is_linear=0
shrinkage=0.02


Tree=462
num_leaves=10
num_cat=0
split_feature=11 10 4 12 3 9 11 6 19
split_gain=1.22386 3.53861 5.14806 4.48342 3.80589 3.73522 2.61539 3.25318 3.33863
threshold=0.0091554676182568091 -0.015493243001401423 53.792057037353523 0.23876976966857913 -0.042395547032356255 -0.012928041629493235 0.022921233437955383 2.9279700517654423 48.262250900268562
decision_type=2 2 2 2 2 2 2 2 10
left_child=1 3 5 4 -1 -3 -2 8 -8
right_child=6 2 -4 -5 -6 -7 7 -9 -10
leaf_value=0.0010681156795791032 -0.0012758998144689207 0.0027340108729125403 -0.00074428557440290254 -0.0013029246343664901 -0.00089097425398281904 0.00051024963137782367 0.0014937478372380453 -0.001300615977066918 -0.00032149954090131017
leaf_weight=1096.9590862095356 795.48875422775745 579.32680808007717 511.40209797024727 990.81078617274761 574.55467131733894 735.39332300424576 724.49569749832153 498.61052894592285 814.20010760426521
leaf_count=4448 3225 2339 2065 3995 2319 2960 2940 2017 3297
internal_value=0 0.000209036 0.000885672 -0.000245043 0.000369742 0.00154939 -0.000319902 4.59185e-05 0.000519312
internal_weight=7321.24 4488.45 1826.12 2662.32 1671.51 1314.72 2832.8 2037.31 1538.7
internal_count=29605 18126 7364 10762 6767 5299 11479 8254 6237
is_linear=0
shrinkage=0.02


Tree=463
num_leaves=7
num_cat=0
split_feature=0 24 18 18 15 12
split_gain=1.22611 2.41296 2.98877 5.3546 2.88614 2.40632
threshold=0.67599794268608104 63.761648178100593 11.102699756622316 14.25624990463257 1.0934000015258791 0.30923303961753851
decision_type=2 2 2 2 2 2
left_child=-1 2 4 -4 -2 -3
right_child=1 5 3 -5 -6 -7
leaf_value=0.00065082809538338446 0.00011630261945812742 -0.00010458080274536391 0.0020916692732281103 3.954530617401608e-05 -0.0018358511561674953 -0.0018281365997746711
leaf_weight=986.29426281154156 599.14956778287888 862.34342354536057 589.95003499090672 3207.3788991570473 523.60315288603306 552.39455617964268
leaf_count=3978 2429 3490 2382 12968 2124 2234
internal_value=0 -9.91216e-05 0.000104417 0.000379237 -0.000781168 -0.000822666
internal_weight=7321.11 6334.82 4920.08 3797.33 1122.75 1414.74
internal_count=29605 25627 19903 15350 4553 5724
is_linear=0
shrinkage=0.02


Tree=464
num_leaves=7
num_cat=0
split_feature=19 24 11 14 22 4
split_gain=1.22903 2.57829 3.95155 10.0081 3.31029 3.10085
threshold=-332.25784301757807 63.761648178100593 0.0051738824695348748 0.013931287452578546 68.500000000000014 55.417181015014656
decision_type=8 2 2 2 2 2
left_child=-1 2 3 -2 -3 -4
right_child=1 4 5 -5 -6 -7
leaf_value=-0.00088765078171843871 4.3148484985315756e-05 0.00012348429319506394 -0.0015142043776358862 0.0026353509508224592 -0.0017355296680788208 0.00010673079270434772
leaf_weight=546.69177897274494 2204.789758682251 858.60521566867828 614.6433030962944 808.56218613684177 619.18202947080135 1668.5689585208893
leaf_count=2212 8912 3475 2490 3258 2501 6757
internal_value=0 7.85005e-05 0.000289639 0.000766291 -0.000646056 -0.00032479
internal_weight=7321.04 6774.35 5296.56 3013.35 1477.79 2283.21
internal_count=29605 27393 21417 12170 5976 9247
is_linear=0
shrinkage=0.02


Tree=465
num_leaves=10
num_cat=0
split_feature=13 4 21 4 16 7 2 13 6
split_gain=1.22586 3.17044 4.05411 4.60226 4.48231 3.86611 3.09716 4.36185 3.15722
threshold=0.013567937072366478 37.124494552612312 13.744999885559084 49.640947341918952 2.6909999847412114 0.021122480742633346 0.73500001430511486 0.17173510044813159 1.3458899855613711
decision_type=2 2 2 2 2 2 2 2 2
left_child=1 5 4 -4 -3 -1 -2 8 -8
right_child=6 2 3 -5 -6 -7 7 -9 -10
leaf_value=-0.00030726299854182728 0.0013373177819500043 0.00079520711396245116 -0.0027860408535803011 -0.00023490763739521521 -0.0014426341354565749 0.0016663122975767387 -9.7199515542084787e-05 -0.0012087532650424395 0.0018317732589215911
leaf_weight=920.37590728700161 827.36643786728382 1046.1525700837374 556.89674092829227 629.2043117582798 512.71530178189278 637.59340882301331 859.9867065101862 829.24367387592793 501.45050694048405
leaf_count=3718 3336 4231 2251 2556 2083 2589 3467 3353 2021
internal_value=0 -0.000212652 -0.000625665 -0.00149496 2.49934e-05 0.000490027 0.00031123 -6.98687e-05 0.000605989
internal_weight=7320.99 4302.94 2744.97 1186.1 1558.87 1557.97 3018.05 2190.68 1361.44
internal_count=29605 17428 11121 4807 6314 6307 12177 8841 5488
is_linear=0
shrinkage=0.02


Tree=466
num_leaves=9
num_cat=0
split_feature=2 4 10 18 4 3 20 19
split_gain=1.22922 3.35398 8.25541 5.5725 3.30558 2.70609 5.26687 3.49393
threshold=0.92500001192092907 53.015216827392585 0.0085439588874578493 15.471350193023683 60.733589172363288 -0.08726960793137549 1250.5000000000002 -17.735049247741696
decision_type=2 2 2 2 2 2 2 8
left_child=1 2 3 -1 -3 -2 7 -7
right_child=5 4 -4 -5 -6 6 -8 -9
leaf_value=-0.0016182745656464022 0.0015068039971891148 -0.0022889591802026264 0.0023632864734532584 0.00039853891417834455 -1.1636254502533423e-05 -0.00082580847284725672 -0.0012684881612504723 0.0010223470151110264
leaf_weight=886.22063726186752 566.76627379655838 521.6441298276186 508.02675710618496 1312.3971600830555 541.67324110865593 503.58930170536041 866.2082841694355 1614.2787403911352
leaf_count=3584 2300 2111 2045 5299 2195 2039 3500 6532
internal_value=0 -0.000247407 0.000116098 -0.000406428 -0.00118891 0.0002694 1.18698e-05 0.000561227
internal_weight=7320.8 3769.96 2706.64 2198.62 1063.32 3550.84 2984.08 2117.87
internal_count=29605 15234 10928 8883 4306 14371 12071 8571
is_linear=0
shrinkage=0.02


Tree=467
num_leaves=6
num_cat=0
split_feature=9 5 6 6 6
split_gain=1.2211 4.19747 2.89164 6.03609 4.09811
threshold=-0.1060948111116886 -0.064914628863334642 2.0220799446105961 2.9279700517654423 1.0589999556541445
decision_type=2 2 2 2 2
left_child=-1 -2 4 -4 -3
right_child=1 2 3 -5 -6
leaf_value=-0.00090704981344679207 0.0017381305337333939 5.6479327774199898e-05 0.0023271619432429702 -0.00028936707925587569 -0.0012115399218933507
leaf_weight=521.81104898452759 535.52125179767609 3461.8573767095804 543.63949419558048 866.30995720624924 1391.5326582491398
leaf_count=2106 2182 13993 2196 3499 5629
internal_value=0 7.59159e-05 -6.64138e-05 0.000715752 -0.000303657
internal_weight=7320.67 6798.86 6263.34 1409.95 4853.39
internal_count=29605 27499 25317 5695 19622
is_linear=0
shrinkage=0.02


Tree=468
num_leaves=6
num_cat=0
split_feature=20 21 23 16 23
split_gain=1.21769 2.25952 4.024 4.99653 4.1971
threshold=22.500000000000004 298.81001281738287 0.87517863512039196 1.0169999599456789 0.83994388580322277
decision_type=2 2 2 2 2
left_child=-1 2 4 -4 -2
right_child=1 -3 3 -5 -6
leaf_value=-0.0008272152946009263 0 0.0012537053235765721 -0.0025371997789107171 9.5525572828330821e-05 0.0018700016235657529
leaf_weight=620.46228009462357 4525.4960564821959 577.56403805315495 502.80336974561214 576.62950631976128 517.58089874684811
leaf_count=2513 18311 2335 2032 2328 2086
internal_value=0 8.27408e-05 -2.61622e-05 -0.00112578 0.00020611
internal_weight=7320.54 6700.07 6122.51 1079.43 5043.08
internal_count=29605 27092 24757 4360 20397
is_linear=0
shrinkage=0.02


Tree=469
num_leaves=9
num_cat=0
split_feature=1 0 0 9 25 26 23 12
split_gain=1.21098 3.00844 6.58751 2.73864 5.27002 3.81072 7.49502 3.26105
threshold=11.025557041168215 0.91276377439498912 0.77377235889434826 -0.020034817978739735 13.508376598358156 1.0000000180025095e-35 0.71641787886619579 0.35195393860340124
decision_type=2 2 2 2 2 10 2 2
left_child=1 2 -1 5 -5 6 -2 -6
right_child=3 -3 -4 4 7 -7 -8 -9
leaf_value=0.00096533008020417645 -2.0431719592955885e-06 0.0012252225955077403 -0.0018859661418276278 -0.0014297334309207007 0 0.00064682400983027163 -0.0030090485754792635 0.0014038039226664297
leaf_weight=731.5673666447401 796.144835755229 961.26137137413025 537.36047434806824 618.66423541307449 1503.7365678548813 502.27846790850163 576.43831065297127 1093.0419923067093
leaf_count=2953 3225 3882 2174 2501 6084 2034 2338 4414
internal_value=0 0.000389419 -0.000226062 -0.000166946 0.000178192 -0.00077316 -0.00132154 0.000585037
internal_weight=7320.49 2230.19 1268.93 5090.3 3215.44 1874.86 1372.58 2596.78
internal_count=29605 9009 5127 20596 12999 7597 5563 10498
is_linear=0
shrinkage=0.02


Tree=470
num_leaves=5
num_cat=0
split_feature=22 13 13 21
split_gain=1.21314 2.13412 3.75554 3.08989
threshold=1524.5000000000002 -0.18827253580093381 -0.10417638346552847 75.71625137329103
decision_type=2 2 2 2
left_child=1 -1 -3 -4
right_child=-2 2 3 -5
leaf_value=-0.0011786533685119475 0.00078249030594421695 0.0011583191815242471 -0.00045925552644678167 0.00070690841802210176
leaf_weight=618.40590704977512 696.32576180994511 970.3166528493166 3892.2813887149096 1143.0969805717468
leaf_count=2503 2817 3929 15738 4618
internal_value=0 -8.15057e-05 2.95683e-05 -0.000185084
internal_weight=7320.43 6624.1 6005.7 5035.38
internal_count=29605 26788 24285 20356
is_linear=0
shrinkage=0.02


Tree=471
num_leaves=10
num_cat=0
split_feature=13 4 2 25 7 13 9 9 7
split_gain=1.21686 3.03002 4.06402 6.48827 3.70134 3.01949 4.64114 4.08415 3.01618
threshold=0.013567937072366478 37.124494552612312 1.3450000286102297 13.285229206085207 0.021122480742633346 0.049814485013484962 0.054948590695858009 -0.0009940909221768377 0.033881762996315963
decision_type=2 2 2 2 2 2 2 2 2
left_child=1 4 3 -3 -1 -2 7 -7 -8
right_child=5 2 -4 -5 -6 6 8 -9 -10
leaf_value=-0.00030516240876733562 0.0015428433997067745 0.0014785340357135841 -0.0021737330700439968 -0.00089453148048028583 0.0016257001456782766 8.9914888848734842e-05 0.0019171245120223322 -0.0021125743890981412 -7.986276399259315e-05
leaf_weight=920.31316238641739 605.79647906124592 612.20002886652946 520.27769234776497 1612.2943380922079 637.44759277999401 759.24092803895473 567.54871882498264 538.83082595467567 546.46176078915596
leaf_count=3718 2438 2470 2115 6536 2589 3067 2291 2175 2206
internal_value=0 -0.000212421 -0.00061625 -0.000216108 0.00047422 0.000309567 0 -0.000818094 0.000923959
internal_weight=7320.41 4302.53 2744.77 2224.49 1557.76 3017.88 2412.08 1298.07 1114.01
internal_count=29605 17428 11121 9006 6307 12177 9739 5242 4497
is_linear=0
shrinkage=0.02


Tree=472
num_leaves=7
num_cat=0
split_feature=22 1 12 22 24 19
split_gain=1.19974 3.0034 5.0601 3.81608 5.30281 3.73976
threshold=15.500000000000002 11.804609775543215 0.66666671633720409 48.500000000000007 -4.9236500263214102 131.9183044433594
decision_type=2 2 2 2 2 10
left_child=-1 3 5 -2 -5 -3
right_child=1 2 -4 4 -6 -7
leaf_value=-0.00091189195404054238 0.0020434941511817853 -0.00029910692742403952 0.0010634116590203585 -0.0007806180792957018 0.0008967860797335055 -0.0020687666379504447
leaf_weight=507.71622823178768 511.98533652722836 1874.4960586577654 732.81529498100281 1256.3063922822475 1780.8788832128048 655.98476831614971
leaf_count=2062 2072 7589 2957 5081 7192 2652
internal_value=0 7.42515e-05 -0.000355868 0.000479842 0.00019014 -0.000787555
internal_weight=7320.18 6812.47 3263.3 3549.17 3037.19 2530.48
internal_count=29605 27543 13198 14345 12273 10241
is_linear=0
shrinkage=0.02


Tree=473
num_leaves=8
num_cat=0
split_feature=21 12 14 0 8 8 10
split_gain=1.20846 1.89198 4.33806 5.00829 4.21876 6.00903 3.6615
threshold=-118.23499679565428 0.22355744242668155 0.098047710955142989 0.92706602811813366 0.061978241428732879 0.012168935034424068 0.056193539872765548
decision_type=2 2 2 2 2 2 2
left_child=-1 2 3 -2 5 -3 -6
right_child=1 4 -4 -5 6 -7 -8
leaf_value=0.00083827216364782623 -0.00017758382856427352 -0.00030598200273977905 -0.0012855671000527561 0.0014359761673725024 0.0017434099314293399 -0.0028479053201734593 -0.00043296089177726496
leaf_weight=609.02970612049103 1640.0332383215427 1420.1425765901804 591.11723890900612 1363.0917877405882 502.07863774895668 505.09268139302731 689.56492917239666
leaf_count=2464 6635 5743 2392 5516 2028 2039 2788
internal_value=0 -7.56094e-05 0.000229761 0.000548135 -0.000438623 -0.00101883 0.000469859
internal_weight=7320.15 6711.12 3594.24 3003.13 3116.88 1925.24 1191.64
internal_count=29605 27141 14543 12151 12598 7782 4816
is_linear=0
shrinkage=0.02


Tree=474
num_leaves=5
num_cat=0
split_feature=22 13 13 21
split_gain=1.20185 2.04885 3.63991 2.95837
threshold=1524.5000000000002 -0.18827253580093381 -0.10417638346552847 75.71625137329103
decision_type=2 2 2 2
left_child=1 -1 -3 -4
right_child=-2 2 3 -5
leaf_value=-0.0011564947747123783 0.00077849833614894903 0.0011386279494720293 -0.00045239086896605319 0.00068844768538263077
leaf_weight=618.3513085693121 696.30618324875832 970.25727254152298 3892.0563955157995 1143.1138919591904
leaf_count=2503 2817 3929 15738 4618
internal_value=0 -8.14943e-05 2.7215e-05 -0.000184015
internal_weight=7320.09 6623.78 6005.43 5035.17
internal_count=29605 26788 24285 20356
is_linear=0
shrinkage=0.02


Tree=475
num_leaves=10
num_cat=0
split_feature=24 6 12 18 22 6 12 21 18
split_gain=1.21464 4.53295 4.23566 4.10596 5.52329 4.74805 4.07387 3.40709 2.05381
threshold=26.557800292968754 0.60893997550010692 0.29681171476840978 11.994299888610842 1104.5000000000002 0.57756000757217418 0.35691569745540624 -26.289999961853024 18.581349372863773
decision_type=2 2 2 2 2 2 2 2 2
left_child=3 -2 8 4 -1 7 -7 -5 -3
right_child=1 2 -4 5 -6 6 -8 -9 -10
leaf_value=-0.0019864336572549151 -0.001961026864964085 6.9869447371928914e-06 -0.00084598736571959684 0.00033100792585250433 0.00068042851266047718 -0.00060242660079015816 0.00098426097677150291 0.0027071388035711345 0.001876878191080004
leaf_weight=674.93345767259598 526.51564055681229 503.75082387030125 951.18807671964169 498.12463936209679 515.05131547152996 1517.5742052793503 1086.8840582817793 550.70525288581848 495.34071657061577
leaf_count=2739 2129 2037 3846 2016 2086 6137 4388 2223 2004
internal_value=0 -0.00035552 7.77479e-05 0.000186754 -0.000810992 0.00052502 4.85592e-05 0.00164596 0.000992667
internal_weight=7320.07 2476.8 1950.28 4843.27 1189.98 3653.29 2604.46 1048.83 999.092
internal_count=29605 10016 7887 19589 4825 14764 10525 4239 4041
is_linear=0
shrinkage=0.02


Tree=476
num_leaves=8
num_cat=0
split_feature=2 2 26 20 3 20 7
split_gain=1.205 3.30804 3.12115 4.93366 2.58691 5.11103 3.41925
threshold=0.92500001192092907 0.84499999880790722 1.5000000000000002 1026.5000000000002 -0.08726960793137549 1250.5000000000002 0.015049002133309843
decision_type=2 2 10 2 2 2 2
left_child=1 2 3 -1 -2 6 -6
right_child=4 -3 -4 -5 5 -7 -8
leaf_value=-0.00094475598173898083 0.0014765500034791402 -0.0014486694211403653 0.0012521045038210729 0.00093272538944098426 -0.00077484105659118504 -0.0012468877271361641 0.0010255676352465266
leaf_weight=1590.1470527648926 566.62026850879192 713.66320964694023 645.74181032180786 820.01642866432667 528.16080141067505 866.06650167703629 1589.6191996335983
leaf_count=6429 2300 2887 2608 3310 2140 3500 6431
internal_value=0 -0.000245331 3.27706e-05 -0.000287827 0.000266395 1.42803e-05 0.000555573
internal_weight=7320.04 3769.57 3055.91 2410.16 3550.47 2983.85 2117.78
internal_count=29605 15234 12347 9739 14371 12071 8571
is_linear=0
shrinkage=0.02


Tree=477
num_leaves=7
num_cat=0
split_feature=20 20 19 14 4 22
split_gain=1.20936 2.26317 3.55137 4.79456 3.49344 3.39153
threshold=22.500000000000004 336.50000000000006 232.01160430908206 0.053633948788046844 55.810249328613288 141.50000000000003
decision_type=2 2 10 2 2 2
left_child=-1 4 3 -3 5 -2
right_child=1 2 -4 -5 -6 -7
leaf_value=-0.00082467996170214883 0.0023203625153978302 -0.0004254236263411026 -0.0016580134315425511 0.0010438191986090019 -0.00044353094808538367 0.00027574286850022187
leaf_weight=620.40666204690933 601.95241086184978 2752.0402486175299 535.11560301482677 1279.585963845253 741.68282110989094 789.15723840892315
leaf_count=2513 2432 11130 2163 5176 3003 3188
internal_value=0 8.22065e-05 -0.000162799 3.51742e-05 0.000619976 0.00121111
internal_weight=7319.94 6699.53 4566.74 4031.63 2132.79 1391.11
internal_count=29605 27092 18469 16306 8623 5620
is_linear=0
shrinkage=0.02


Tree=478
num_leaves=10
num_cat=0
split_feature=22 22 26 19 4 24 22 18 14
split_gain=1.24583 10.1776 4.45746 4.85463 4.20153 7.04895 3.82884 4.45837 4.24457
threshold=104.50000000000001 146.50000000000003 1.5000000000000002 113.95640182495119 54.887197494506843 133.59974670410159 364.50000000000006 10.695749759674074 0.028471098281443123
decision_type=2 2 10 8 2 2 2 2 2
left_child=2 -2 3 -1 5 -4 8 -8 -3
right_child=1 6 4 -5 -6 -7 7 -9 -10
leaf_value=-0.0024770136438204051 0.0027604190826085511 -0.0017392401759015554 0.0027357188995366945 0 -0.00097288504891070518 -0.00048837853853626889 -0.0007986630133977442 0.00098529318986274525 0.00033766994588466852
leaf_weight=595.4462698251009 526.83890745043755 943.08531744778156 517.79660414159298 687.26017045974731 549.31358455121517 498.82634735107422 822.51696510612965 1570.0289887934923 608.80858989059925
leaf_count=2415 2123 3812 2093 2789 2229 2014 3335 6336 2459
internal_value=0 0.000210627 -0.000322565 -0.0011928 0.000374202 0.00114339 -0.000135263 0.0003548 -0.000908212
internal_weight=7319.92 4471.28 2848.64 1282.71 1565.94 1016.62 3944.44 2392.55 1551.89
internal_count=29605 18065 11540 5204 6336 4107 15942 9671 6271
is_linear=0
shrinkage=0.02


Tree=479
num_leaves=9
num_cat=0
split_feature=24 26 6 6 15 16 21 3
split_gain=1.25404 4.34244 4.00716 4.69811 4.5649 4.00037 3.58167 2.73572
threshold=26.557800292968754 1.5000000000000002 0.58849000930786144 2.0220799446105961 1.7698499560356142 1.0593499541282656 -6.7749998569488517 -0.010563349816948174
decision_type=2 10 2 2 2 2 2 2
left_child=2 5 6 4 -4 -2 -1 -3
right_child=1 7 3 -5 -6 -7 -8 -9
leaf_value=0.00018616222146487457 -0.0023871884732434051 -0.00039819034624350927 -4.7514243836341173e-05 0.00095935510219488825 -0.001935669964459312 0 0.0022347731688192236 0.0013393085164293548
leaf_weight=880.83453144133091 586.79894235730171 767.50776997208595 1649.7762106657028 973.82610434293747 748.71053145825863 504.53429402410984 589.96342642605305 617.87408892810345
leaf_count=3566 2374 3106 6682 3931 3028 2037 2382 2499
internal_value=0 -0.000361449 0.000189564 -0.000181971 -0.000665611 -0.00129861 0.00105547 0.000360041
internal_weight=7319.83 2476.72 4843.11 3372.31 2398.49 1091.33 1470.8 1385.38
internal_count=29605 10016 19589 13641 9710 4411 5948 5605
is_linear=0
shrinkage=0.02


Tree=480
num_leaves=6
num_cat=0
split_feature=3 7 9 10 8
split_gain=1.2176 3.94657 3.84287 2.54336 4.00691
threshold=0.084420148283243193 0.035423723980784423 0.12581642717123034 0.05519841983914376 0.010062300134450199
decision_type=2 2 2 2 2
left_child=1 3 -2 4 -1
right_child=2 -3 -4 -5 -6
leaf_value=-0.00023563324802009823 -0.0017945257268536746 0.001780094184130688 0.00042726389187342818 -0.0012628034754021164 0.0010054061677031089
leaf_weight=3646.8608861714602 541.44095726311207 498.50187391042709 634.37005196511745 580.40059244632721 1418.2482312172651
leaf_count=14768 2193 2012 2563 2354 5715
internal_value=0 0.000115906 -0.000580386 -3.14317e-05 0.000107683
internal_weight=7319.82 6144.01 1175.81 5645.51 5065.11
internal_count=29605 24849 4756 22837 20483
is_linear=0
shrinkage=0.02


Tree=481
num_leaves=9
num_cat=0
split_feature=24 2 22 12 21 2 19 20
split_gain=1.20663 4.30704 4.5887 4.0215 3.97721 4.72092 3.38793 3.02621
threshold=26.557800292968754 1.2749999761581423 91.500000000000014 0.30923303961753851 30.10999965667725 1.1150000095367434 -191.87609863281247 658.50000000000011
decision_type=2 2 2 2 2 2 10 2
left_child=4 2 3 -2 5 6 -1 -7
right_child=1 -3 -4 -5 -6 7 -8 -9
leaf_value=-0.0017331552264035356 0.0018503193185963754 -0.0019218065234144633 -0.0010981184971173062 -0.00042345751918630991 0.0018160793100192776 0.0018377102807761287 -8.5451195275218866e-05 -4.8811719686199128e-07
leaf_weight=628.76669706404209 678.0598258972168 525.15494078397751 766.93983525037766 506.50241181254387 509.24439449608326 708.9910027384758 2373.2817415595055 622.78559030592442
leaf_count=2546 2742 2129 3097 2048 2056 2873 9594 2520
internal_value=0 -0.000354592 6.66458e-05 0.000858315 0.00018591 -6.101e-06 -0.000453857 0.000965991
internal_weight=7319.73 2476.66 1951.5 1184.56 4843.07 4333.83 3002.05 1331.78
internal_count=29605 10016 7887 4790 19589 17533 12140 5393
is_linear=0
shrinkage=0.02


Tree=482
num_leaves=6
num_cat=0
split_feature=25 25 13 13 19
split_gain=1.21845 2.85561 3.92647 3.82376 3.38422
threshold=15.480203151702883 14.483545780181887 0.17173510044813159 0.089650824666023268 20.659600257873539
decision_type=2 2 2 2 10
left_child=1 2 3 -1 -3
right_child=-2 4 -4 -5 -6
leaf_value=-0.0001032193380537688 -0.00068781480732327596 -0.00030374483476052502 -0.0014409895929983329 0.0016806582800178052 0.0016835622494499325
leaf_weight=3834.5701228529215 874.83560819923878 512.43056043982506 738.4382591098547 521.62571451067924 837.79513165354729
leaf_count=15504 3549 2078 2986 2103 3385
internal_value=0 9.79938e-05 -0.000113295 0.000109979 0.000910242
internal_weight=7319.7 6444.86 5094.63 4356.2 1350.23
internal_count=29605 26056 20593 17607 5463
is_linear=0
shrinkage=0.02


Tree=483
num_leaves=5
num_cat=0
split_feature=21 8 3 21
split_gain=1.22699 1.88746 2.41124 3.22002
threshold=-118.23499679565428 -0.13188134133815763 -0.10068826749920844 -6.7749998569488517
decision_type=2 2 2 2
left_child=-1 -2 -3 -4
right_child=1 2 3 -5
leaf_value=0.00084371698484111176 0.0010274505707187839 -0.0014382829313551292 -0.00074710766880166314 0.00026976547722294035
leaf_weight=609.00822225213051 533.94472251832485 534.61830741167068 1806.8505301773548 3835.2342986017466
leaf_count=2464 2168 2161 7314 15498
internal_value=0 -7.71977e-05 -0.00018229 -5.11256e-05
internal_weight=7319.66 6710.65 6176.7 5642.08
internal_count=29605 27141 24973 22812
is_linear=0
shrinkage=0.02


end of trees

feature_importances:
Column_8=281
Column_22=257
Column_16=184
Column_0=183
Column_3=180
Column_13=167
Column_19=167
Column_9=148
Column_1=125
Column_11=119
Column_20=119
Column_7=116
Column_23=111
Column_25=110
Column_12=103
Column_5=100
Column_10=99
Column_21=91
Column_4=87
Column_24=83
Column_18=75
Column_2=68
Column_6=64
Column_15=64
Column_14=59
Column_26=34

parameters:
[boosting: gbdt]
[objective: binary]
[metric: auc]
[tree_learner: serial]
[device_type: cpu]
[data_sample_strategy: bagging]
[data: ]
[valid: ]
[num_iterations: 8000]
[learning_rate: 0.02]
[num_leaves: 63]
[num_threads: 8]
[seed: 42]
[deterministic: 0]
[force_col_wise: 0]
[force_row_wise: 0]
[histogram_pool_size: -1]
[max_depth: 4]
[min_data_in_leaf: 2000]
[min_sum_hessian_in_leaf: 0.001]
[bagging_fraction: 0.7]
[pos_bagging_fraction: 1]
[neg_bagging_fraction: 1]
[bagging_freq: 0]
[bagging_seed: 400]
[bagging_by_query: 0]
[feature_fraction: 0.9]
[feature_fraction_bynode: 1]
[feature_fraction_seed: 30056]
[extra_trees: 0]
[extra_seed: 12879]
[early_stopping_round: 0]
[early_stopping_min_delta: 0]
[first_metric_only: 0]
[max_delta_step: 0]
[lambda_l1: 1.85508]
[lambda_l2: 24.0689]
[linear_lambda: 0]
[min_gain_to_split: 0]
[drop_rate: 0.1]
[max_drop: 50]
[skip_drop: 0.5]
[xgboost_dart_mode: 0]
[uniform_drop: 0]
[drop_seed: 17869]
[top_rate: 0.2]
[other_rate: 0.1]
[min_data_per_group: 100]
[max_cat_threshold: 32]
[cat_l2: 10]
[cat_smooth: 10]
[max_cat_to_onehot: 4]
[top_k: 20]
[monotone_constraints: ]
[monotone_constraints_method: basic]
[monotone_penalty: 0]
[feature_contri: ]
[forcedsplits_filename: ]
[refit_decay_rate: 0.9]
[cegb_tradeoff: 1]
[cegb_penalty_split: 0]
[cegb_penalty_feature_lazy: ]
[cegb_penalty_feature_coupled: ]
[path_smooth: 0]
[interaction_constraints: ]
[verbosity: -1]
[saved_feature_importance_type: 0]
[use_quantized_grad: 0]
[num_grad_quant_bins: 4]
[quant_train_renew_leaf: 0]
[stochastic_rounding: 1]
[linear_tree: 0]
[max_bin: 255]
[max_bin_by_feature: ]
[min_data_in_bin: 3]
[bin_construct_sample_cnt: 200000]
[data_random_seed: 175]
[is_enable_sparse: 1]
[enable_bundle: 1]
[use_missing: 1]
[zero_as_missing: 0]
[feature_pre_filter: 1]
[pre_partition: 0]
[two_round: 0]
[header: 0]
[label_column: ]
[weight_column: ]
[group_column: ]
[ignore_column: ]
[categorical_feature: ]
[forcedbins_filename: ]
[precise_float_parser: 0]
[parser_config_file: ]
[objective_seed: 16083]
[num_class: 1]
[is_unbalance: 0]
[scale_pos_weight: 1]
[sigmoid: 1]
[boost_from_average: 1]
[reg_sqrt: 0]
[alpha: 0.9]
[fair_c: 1]
[poisson_max_delta_step: 0.7]
[tweedie_variance_power: 1.5]
[lambdarank_truncation_level: 30]
[lambdarank_norm: 1]
[label_gain: ]
[lambdarank_position_bias_regularization: 0]
[eval_at: ]
[multi_error_top_k: 1]
[auc_mu_weights: ]
[num_machines: 1]
[local_listen_port: 12400]
[time_out: 120]
[machine_list_filename: ]
[machines: ]
[gpu_platform_id: -1]
[gpu_device_id: -1]
[gpu_use_dp: 0]
[num_gpu: 1]

end of parameters

pandas_categorical:null
