run_id,date,code,volume,available_volume,cost_price,last_price,unrealized_pnl,holding_days
20260815_150541_6643db,2019-04-02,000429.SZ,400,0,30.398438,30.12745,-108.3952,1
20260815_150541_6643db,2019-04-02,600897.SH,100,0,113.633573,111.8998,-173.3773,1
20260815_150541_6643db,2019-04-02,600808.SH,1600,0,7.769702,7.7212,-77.6032,1
20260815_150541_6643db,2019-04-02,600277.SH,400,0,30.597808,31.08233,193.8088,1
20260815_150541_6643db,2019-04-02,603608.SH,800,0,15.102379,14.98041,-97.5752,1
20260815_150541_6643db,2019-04-02,300530.SZ,300,0,41.178009,41.48744,92.8293,1
20260815_150541_6643db,2019-04-02,600926.SH,600,0,17.93073,17.70414,-135.954,1
20260815_150541_6643db,2019-04-03,000429.SZ,400,400,30.398438,30.09416,-121.7112,2
20260815_150541_6643db,2019-04-03,600897.SH,100,100,113.633573,112.32118,-131.2393,2
20260815_150541_6643db,2019-04-03,600808.SH,1600,1600,7.769702,7.8182,77.5968,2
20260815_150541_6643db,2019-04-03,600277.SH,400,400,30.597808,31.20296,242.0608,2
20260815_150541_6643db,2019-04-03,603608.SH,800,800,15.102379,15.15717,43.8328,2
20260815_150541_6643db,2019-04-03,300530.SZ,300,300,41.178009,41.24,18.5973,2
20260815_150541_6643db,2019-04-03,600926.SH,600,600,17.93073,17.80624,-74.694,2
20260815_150541_6643db,2019-04-04,000429.SZ,400,400,30.398438,30.32719,-28.4992,3
20260815_150541_6643db,2019-04-04,600897.SH,100,100,113.633573,116.39452,276.0947,3
20260815_150541_6643db,2019-04-04,600808.SH,1600,1600,7.769702,7.8958,201.7568,3
20260815_150541_6643db,2019-04-04,600277.SH,400,400,30.597808,31.64527,418.9848,3
20260815_150541_6643db,2019-04-04,603608.SH,800,800,15.102379,15.1719,55.6168,3
20260815_150541_6643db,2019-04-04,300530.SZ,300,300,41.178009,40.60078,-173.1687,3
20260815_150541_6643db,2019-04-04,600926.SH,600,600,17.93073,18.0717,84.582,3
20260815_150541_6643db,2019-04-08,000429.SZ,400,400,30.398438,30.79325,157.9248,4
20260815_150541_6643db,2019-04-08,600897.SH,100,100,113.633573,112.64892,-98.4653,4
20260815_150541_6643db,2019-04-08,600808.SH,1600,1600,7.769702,8.2062,698.3968,4
20260815_150541_6643db,2019-04-08,600277.SH,400,400,30.597808,32.168,628.0768,4
20260815_150541_6643db,2019-04-08,603608.SH,800,800,15.102379,15.21609,90.9688,4
20260815_150541_6643db,2019-04-08,300530.SZ,300,300,41.178009,41.0338,-43.2627,4
20260815_150541_6643db,2019-04-08,600926.SH,600,600,17.93073,18.2759,207.102,4
20260815_150541_6643db,2019-04-09,000429.SZ,400,400,30.398438,30.52693,51.3968,5
20260815_150541_6643db,2019-04-09,600897.SH,100,100,113.633573,114.2408,60.7227,5
20260815_150541_6643db,2019-04-09,600808.SH,1600,1600,7.769702,8.0316,419.0368,5
20260815_150541_6643db,2019-04-09,600277.SH,400,400,30.597808,32.168,628.0768,5
20260815_150541_6643db,2019-04-09,603608.SH,800,800,15.102379,15.20136,79.1848,5
20260815_150541_6643db,2019-04-09,300530.SZ,300,300,41.178009,41.0338,-43.2627,5
20260815_150541_6643db,2019-04-09,600926.SH,600,600,17.93073,18.1738,145.842,5
20260815_150541_6643db,2019-04-10,000429.SZ,400,400,30.398438,30.36048,-15.1832,6
20260815_150541_6643db,2019-04-10,600897.SH,100,100,113.633573,115.6454,201.1827,6
20260815_150541_6643db,2019-04-10,600808.SH,1600,1600,7.769702,7.9346,263.8368,6
20260815_150541_6643db,2019-04-10,600277.SH,400,400,30.597808,32.5701,788.9168,6
20260815_150541_6643db,2019-04-10,603608.SH,800,800,15.102379,15.34866,197.0248,6
20260815_150541_6643db,2019-04-10,300530.SZ,300,300,41.178009,41.0338,-43.2627,6
20260815_150541_6643db,2019-04-10,600926.SH,600,600,17.93073,17.94918,11.07,6
20260815_150541_6643db,2019-04-11,000429.SZ,400,400,30.398438,30.49364,38.0808,7
20260815_150541_6643db,2019-04-11,600897.SH,100,100,113.633573,116.8159,318.2327,7
20260815_150541_6643db,2019-04-11,600808.SH,1600,1600,7.769702,7.857,139.6768,7
20260815_150541_6643db,2019-04-11,600277.SH,400,400,30.597808,32.44947,740.6648,7
20260815_150541_6643db,2019-04-11,603608.SH,800,800,15.102379,14.93622,-132.9272,7
20260815_150541_6643db,2019-04-11,300530.SZ,300,300,41.178009,41.0338,-43.2627,7
20260815_150541_6643db,2019-04-11,600926.SH,600,600,17.93073,17.7654,-99.198,7
20260815_150541_6643db,2019-04-12,000429.SZ,400,400,30.398438,30.42706,11.4488,8
20260815_150541_6643db,2019-04-12,600897.SH,100,100,113.633573,114.28762,65.4047,8
20260815_150541_6643db,2019-04-12,600808.SH,1600,1600,7.769702,7.7018,-108.6432,8
20260815_150541_6643db,2019-04-12,600277.SH,400,400,30.597808,32.20821,644.1608,8
20260815_150541_6643db,2019-04-12,603608.SH,800,800,15.102379,14.73,-297.9032,8
20260815_150541_6643db,2019-04-12,300530.SZ,300,300,41.178009,44.4361,977.4273,8
20260815_150541_6643db,2019-04-12,600926.SH,600,600,17.93073,17.7654,-99.198,8
20260815_150541_6643db,2019-04-15,000429.SZ,400,400,30.398438,30.26061,-55.1312,9
20260815_150541_6643db,2019-04-15,600897.SH,100,100,113.633573,113.72578,9.2207,9
20260815_150541_6643db,2019-04-15,600808.SH,1600,1600,7.769702,7.6824,-139.6832,9
20260815_150541_6643db,2019-04-15,600277.SH,400,400,30.597808,32.20821,644.1608,9
20260815_150541_6643db,2019-04-15,603608.SH,800,800,15.102379,15.0246,-62.2232,9
20260815_150541_6643db,2019-04-15,300530.SZ,300,300,41.178009,43.0958,575.3373,9
20260815_150541_6643db,2019-04-15,600926.SH,600,600,17.93073,17.78582,-86.946,9
20260815_150541_6643db,2019-04-16,000429.SZ,400,400,30.398438,30.2939,-41.8152,10
20260815_150541_6643db,2019-04-16,600897.SH,100,100,113.633573,114.19398,56.0407,10
20260815_150541_6643db,2019-04-16,600808.SH,1600,1600,7.769702,7.7988,46.5568,10
20260815_150541_6643db,2019-04-16,600277.SH,400,400,30.597808,32.5701,788.9168,10
20260815_150541_6643db,2019-04-16,603608.SH,800,800,15.102379,15.37812,220.5928,10
20260815_150541_6643db,2019-04-16,300530.SZ,300,300,41.178009,42.72464,463.9893,10
20260815_150541_6643db,2019-04-16,600926.SH,600,600,17.93073,18.4801,329.622,10
20260815_150541_6643db,2019-04-17,000429.SZ,400,400,30.398438,30.16074,-95.0792,11
20260815_150541_6643db,2019-04-17,600897.SH,100,100,113.633573,117.33092,369.7347,11
20260815_150541_6643db,2019-04-17,600808.SH,1600,1600,7.769702,7.7988,46.5568,11
20260815_150541_6643db,2019-04-17,600277.SH,400,400,30.597808,34.05787,1384.0248,11
20260815_150541_6643db,2019-04-17,603608.SH,800,800,15.102379,15.21609,90.9688,11
20260815_150541_6643db,2019-04-17,300530.SZ,300,300,41.178009,42.271,327.8973,11
20260815_150541_6643db,2019-04-17,600926.SH,600,600,17.93073,18.31674,231.606,11
20260815_150541_6643db,2019-04-18,000429.SZ,400,400,30.398438,30.16074,-95.0792,12
20260815_150541_6643db,2019-04-18,600897.SH,100,100,113.633573,116.48816,285.4587,12
20260815_150541_6643db,2019-04-18,600808.SH,1600,1600,7.769702,7.7794,15.5168,12
20260815_150541_6643db,2019-04-18,600277.SH,400,400,30.597808,33.81661,1287.5208,12
20260815_150541_6643db,2019-04-18,603608.SH,800,800,15.102379,15.09825,-3.3032,12
20260815_150541_6643db,2019-04-18,300530.SZ,300,300,41.178009,42.25038,321.7113,12
20260815_150541_6643db,2019-04-18,600926.SH,600,600,17.93073,18.31674,231.606,12
20260815_150541_6643db,2019-04-19,000429.SZ,400,400,30.398438,30.22732,-68.4472,13
20260815_150541_6643db,2019-04-19,600897.SH,100,100,113.633573,115.1772,154.3627,13
20260815_150541_6643db,2019-04-19,600808.SH,1600,1600,7.769702,7.8182,77.5968,13
20260815_150541_6643db,2019-04-19,600277.SH,400,400,30.597808,33.57535,1191.0168,13
20260815_150541_6643db,2019-04-19,603608.SH,800,800,15.102379,15.30447,161.6728,13
20260815_150541_6643db,2019-04-19,300530.SZ,300,300,41.178009,42.05449,262.9443,13
20260815_150541_6643db,2019-04-19,600926.SH,600,600,17.93073,18.39842,280.614,13
20260815_150541_6643db,2019-04-22,000429.SZ,400,400,30.398438,30.09416,-121.7112,14
20260815_150541_6643db,2019-04-22,600897.SH,100,100,113.633573,113.44486,-18.8713,14
20260815_150541_6643db,2019-04-22,600808.SH,1600,1600,7.769702,7.7212,-77.6032,14
20260815_150541_6643db,2019-04-22,600277.SH,400,400,30.597808,34.29913,1480.5288,14
20260815_150541_6643db,2019-04-22,603608.SH,800,800,15.102379,15.36339,208.8088,14
20260815_150541_6643db,2019-04-22,300530.SZ,300,300,41.178009,41.5493,111.3873,14
20260815_150541_6643db,2019-04-22,600926.SH,600,600,17.93073,18.01044,47.826,14
20260815_150541_6643db,2019-04-23,000429.SZ,400,400,30.398438,29.66139,-294.8192,15
20260815_150541_6643db,2019-04-23,600897.SH,100,100,113.633573,113.72578,9.2207,15
20260815_150541_6643db,2019-04-23,600808.SH,1600,1600,7.769702,7.6242,-232.8032,15
20260815_150541_6643db,2019-04-23,600277.SH,400,400,30.597808,35.26417,1866.5448,15
20260815_150541_6643db,2019-04-23,603608.SH,800,800,15.102379,15.0246,-62.2232,15
20260815_150541_6643db,2019-04-23,300530.SZ,300,300,41.178009,42.19883,306.2463,15
20260815_150541_6643db,2019-04-23,600926.SH,600,600,17.93073,17.84708,-50.19,15
20260815_150541_6643db,2019-04-24,000429.SZ,400,400,30.398438,29.52823,-348.0832,16
20260815_150541_6643db,2019-04-24,600897.SH,100,100,113.633573,112.55528,-107.8293,16
20260815_150541_6643db,2019-04-24,600808.SH,1600,1600,7.769702,7.6824,-139.6832,16
20260815_150541_6643db,2019-04-24,600277.SH,400,400,30.597808,35.30438,1882.6288,16
20260815_150541_6643db,2019-04-24,603608.SH,800,800,15.102379,14.93622,-132.9272,16
20260815_150541_6643db,2019-04-24,300530.SZ,300,300,41.178009,42.49782,395.9433,16
20260815_150541_6643db,2019-04-24,600926.SH,600,600,17.93073,17.84708,-50.19,16
20260815_150541_6643db,2019-04-25,000429.SZ,400,400,30.398438,29.16204,-494.5592,17
20260815_150541_6643db,2019-04-25,600897.SH,100,100,113.633573,109.65244,-398.1133,17
20260815_150541_6643db,2019-04-25,600808.SH,1600,1600,7.769702,7.4496,-512.1632,17
20260815_150541_6643db,2019-04-25,600277.SH,400,400,30.597808,34.62081,1609.2008,17
20260815_150541_6643db,2019-04-25,603608.SH,800,800,15.102379,14.5827,-415.7432,17
20260815_150541_6643db,2019-04-25,300530.SZ,300,300,41.178009,41.24,18.5973,17
20260815_150541_6643db,2019-04-25,600926.SH,600,600,17.93073,17.70414,-135.954,17
20260815_150541_6643db,2019-04-26,000429.SZ,400,400,30.398438,29.02888,-547.8232,18
20260815_150541_6643db,2019-04-26,600897.SH,100,100,113.633573,111.01022,-262.3353,18
20260815_150541_6643db,2019-04-26,600808.SH,1600,1600,7.769702,6.9064,-1381.2832,18
20260815_150541_6643db,2019-04-26,600277.SH,400,400,30.597808,35.98795,2156.0568,18
20260815_150541_6643db,2019-04-26,603608.SH,800,800,15.102379,14.5827,-415.7432,18
20260815_150541_6643db,2019-04-26,300530.SZ,300,300,41.178009,40.29148,-265.9587,18
20260815_150541_6643db,2019-04-26,600926.SH,600,600,17.93073,17.43868,-295.23,18
20260815_150541_6643db,2019-04-29,000429.SZ,500,400,30.131785,28.99559,-568.0975,19
20260815_150541_6643db,2019-04-29,600897.SH,100,100,113.633573,114.709,107.5427,19
20260815_150541_6643db,2019-04-29,600277.SH,400,400,30.597808,35.86732,2107.8048,19
20260815_150541_6643db,2019-04-29,603608.SH,1100,800,14.933442,13.12443,-1989.9132,19
20260815_150541_6643db,2019-04-29,300530.SZ,400,300,40.976712,39.91001,-426.6808,19
20260815_150541_6643db,2019-04-29,600926.SH,900,600,17.794426,17.78582,-7.7454,19
20260815_150541_6643db,2019-04-30,000429.SZ,600,500,29.948461,29.19533,-451.8786,20
20260815_150541_6643db,2019-04-30,600897.SH,100,100,113.633573,116.25406,262.0487,20
20260815_150541_6643db,2019-04-30,600277.SH,500,400,31.692887,36.189,2248.0565,20
20260815_150541_6643db,2019-04-30,300530.SZ,400,400,40.976712,40.52861,-179.2408,20
20260815_150541_6643db,2019-04-30,600926.SH,1000,900,17.795789,18.13296,337.171,20
20260815_150541_6643db,2019-05-06,000429.SZ,600,600,29.948461,28.39637,-931.2546,21
20260815_150541_6643db,2019-05-06,600897.SH,100,100,113.633573,107.82646,-580.7113,21
20260815_150541_6643db,2019-05-06,600277.SH,500,500,31.692887,32.5701,438.6065,21
20260815_150541_6643db,2019-05-06,300530.SZ,400,400,40.976712,39.64195,-533.9048,21
20260815_150541_6643db,2019-05-06,600926.SH,1000,1000,17.795789,17.6633,-132.489,21
20260815_150541_6643db,2019-05-07,000429.SZ,600,600,29.948461,28.06347,-1130.9946,22
20260815_150541_6643db,2019-05-07,600897.SH,100,100,113.633573,108.99696,-463.6613,22
20260815_150541_6643db,2019-05-07,600277.SH,500,500,31.692887,32.5701,438.6065,22
20260815_150541_6643db,2019-05-07,300530.SZ,400,400,40.976712,39.8997,-430.8048,22
20260815_150541_6643db,2019-05-07,600926.SH,1000,1000,17.795789,17.64288,-152.909,22
20260815_150541_6643db,2019-05-08,000429.SZ,600,600,29.948461,27.13135,-1690.2666,23
20260815_150541_6643db,2019-05-08,600897.SH,100,100,113.633573,110.9634,-267.0173,23
20260815_150541_6643db,2019-05-08,600277.SH,500,500,31.692887,32.5701,438.6065,23
20260815_150541_6643db,2019-05-08,300530.SZ,400,400,40.976712,39.97187,-401.9368,23
20260815_150541_6643db,2019-05-08,600926.SH,1000,1000,17.795789,17.43868,-357.109,23
20260815_150541_6643db,2019-05-09,600897.SH,200,100,111.992824,109.83972,-430.6208,24
20260815_150541_6643db,2019-05-09,600277.SH,500,500,31.692887,32.5701,438.6065,24
20260815_150541_6643db,2019-05-09,300530.SZ,500,400,40.785739,39.4873,-649.2195,24
20260815_150541_6643db,2019-05-09,600926.SH,1300,1000,17.680665,17.07112,-792.4085,24
20260815_150541_6643db,2019-05-10,600897.SH,200,200,111.992824,112.368,75.0352,25
20260815_150541_6643db,2019-05-10,600277.SH,500,500,31.692887,32.5701,438.6065,25
20260815_150541_6643db,2019-05-10,300530.SZ,500,500,40.785739,40.21931,-283.2145,25
20260815_150541_6643db,2019-05-10,600926.SH,1300,1300,17.680665,17.37742,-394.2185,25
20260815_150541_6643db,2019-05-13,600897.SH,200,200,111.992824,112.46164,93.7632,26
20260815_150541_6643db,2019-05-13,600277.SH,500,500,31.692887,32.5701,438.6065,26
20260815_150541_6643db,2019-05-13,300530.SZ,500,500,40.785739,40.05435,-365.6945,26
20260815_150541_6643db,2019-05-13,600926.SH,1300,1300,17.680665,17.09154,-765.8625,26
20260815_150541_6643db,2019-05-14,600897.SH,200,200,111.992824,111.94662,-9.2408,27
20260815_150541_6643db,2019-05-14,600277.SH,500,500,31.692887,32.5701,438.6065,27
20260815_150541_6643db,2019-05-14,300530.SZ,500,500,40.785739,39.75536,-515.1895,27
20260815_150541_6643db,2019-05-14,600926.SH,1300,1300,17.680665,16.98944,-898.5925,27
20260815_150541_6643db,2019-05-15,600897.SH,200,200,111.992824,113.72578,346.5912,28
20260815_150541_6643db,2019-05-15,600277.SH,500,500,31.692887,32.5701,438.6065,28
20260815_150541_6643db,2019-05-15,300530.SZ,500,500,40.785739,39.86877,-458.4845,28
20260815_150541_6643db,2019-05-15,600926.SH,1300,1300,17.680665,17.19364,-633.1325,28
20260815_150541_6643db,2019-05-16,600897.SH,200,200,111.992824,115.73904,749.2432,29
20260815_150541_6643db,2019-05-16,600277.SH,500,500,31.692887,32.5701,438.6065,29
20260815_150541_6643db,2019-05-16,300530.SZ,500,500,40.785739,39.97187,-406.9345,29
20260815_150541_6643db,2019-05-16,600926.SH,1300,1300,17.680665,17.11196,-739.3165,29
20260815_150541_6643db,2019-05-17,600897.SH,200,200,111.992824,113.58532,318.4992,30
20260815_150541_6643db,2019-05-17,600277.SH,500,500,31.692887,32.5701,438.6065,30
20260815_150541_6643db,2019-05-17,300530.SZ,500,500,40.785739,39.67288,-556.4295,30
20260815_150541_6643db,2019-05-17,600926.SH,1300,1300,17.680665,16.80566,-1137.5065,30
20260815_150541_6643db,2019-05-20,600897.SH,200,200,111.992824,111.05704,-187.1568,31
20260815_150541_6643db,2019-05-20,600277.SH,500,500,31.692887,32.5701,438.6065,31
20260815_150541_6643db,2019-05-20,300530.SZ,500,500,40.785739,40.19869,-293.5245,31
20260815_150541_6643db,2019-05-20,600926.SH,1300,1300,17.680665,16.72398,-1243.6905,31
20260815_150541_6643db,2019-05-21,600897.SH,200,200,111.992824,111.52524,-93.5168,32
20260815_150541_6643db,2019-05-21,600277.SH,500,500,31.692887,29.31309,-1189.8985,32
20260815_150541_6643db,2019-05-21,300530.SZ,500,500,40.785739,39.98218,-401.7795,32
20260815_150541_6643db,2019-05-21,600926.SH,1300,1300,17.680665,16.86692,-1057.8685,32
20260815_150541_6643db,2019-05-22,600897.SH,200,200,111.992824,111.10386,-177.7928,33
20260815_150541_6643db,2019-05-22,600277.SH,500,500,31.692887,27.38301,-2154.9385,33
20260815_150541_6643db,2019-05-22,300530.SZ,500,500,40.785739,39.95125,-417.2445,33
20260815_150541_6643db,2019-05-22,600926.SH,1300,1300,17.680665,16.86692,-1057.8685,33
20260815_150541_6643db,2019-05-23,600897.SH,200,200,111.992824,108.71604,-655.3568,34
20260815_150541_6643db,2019-05-23,300530.SZ,700,500,40.517344,39.73474,-547.8228,34
20260815_150541_6643db,2019-05-23,600926.SH,1700,1300,17.489347,16.70356,-1335.8379,34
20260815_150541_6643db,2019-05-24,600897.SH,200,200,111.992824,107.40508,-917.5488,35
20260815_150541_6643db,2019-05-24,300530.SZ,700,700,40.517344,39.52854,-692.1628,35
20260815_150541_6643db,2019-05-24,600926.SH,1700,1700,17.489347,16.86692,-1058.1259,35
20260815_150541_6643db,2019-05-27,600897.SH,200,200,111.992824,108.71604,-655.3568,36
20260815_150541_6643db,2019-05-27,300530.SZ,700,700,40.517344,39.68319,-583.9078,36
20260815_150541_6643db,2019-05-27,600926.SH,1700,1700,17.489347,17.00986,-815.1279,36
20260815_150541_6643db,2019-05-28,600897.SH,200,200,111.992824,108.95014,-608.5368,37
20260815_150541_6643db,2019-05-28,300530.SZ,700,700,40.517344,39.63164,-619.9928,37
20260815_150541_6643db,2019-05-28,600926.SH,1700,1700,17.489347,16.96902,-884.5559,37
20260815_150541_6643db,2019-05-29,600897.SH,200,200,111.992824,109.69926,-458.7128,38
20260815_150541_6643db,2019-05-29,300530.SZ,700,700,40.517344,39.12645,-973.6258,38
20260815_150541_6643db,2019-05-29,600926.SH,1700,1700,17.489347,16.86692,-1058.1259,38
20260815_150541_6643db,2019-05-30,600897.SH,200,200,111.992824,110.2611,-346.3448,39
20260815_150541_6643db,2019-05-30,300530.SZ,700,700,40.517344,38.62126,-1327.2588,39
20260815_150541_6643db,2019-05-30,600926.SH,1700,1700,17.489347,16.78524,-1196.9819,39
20260815_150541_6643db,2019-05-31,600897.SH,200,200,111.992824,110.91658,-215.2488,40
20260815_150541_6643db,2019-05-31,300530.SZ,700,700,40.517344,38.52847,-1392.2118,40
20260815_150541_6643db,2019-05-31,600926.SH,1700,1700,17.489347,16.76482,-1231.6959,40
20260815_150541_6643db,2019-06-03,600897.SH,200,200,111.992824,110.30792,-336.9808,41
20260815_150541_6643db,2019-06-03,300530.SZ,700,700,40.517344,37.78615,-1911.8358,41
20260815_150541_6643db,2019-06-03,600926.SH,1700,1700,17.489347,16.7444,-1266.4099,41
20260815_150541_6643db,2019-06-04,600897.SH,200,200,111.992824,109.83972,-430.6208,42
20260815_150541_6643db,2019-06-04,300530.SZ,700,700,40.517344,37.6315,-2020.0908,42
20260815_150541_6643db,2019-06-04,600926.SH,1700,1700,17.489347,16.70356,-1335.8379,42
20260815_150541_6643db,2019-06-05,600897.SH,200,200,111.992824,110.4952,-299.5248,43
20260815_150541_6643db,2019-06-05,300530.SZ,700,700,40.517344,37.6315,-2020.0908,43
20260815_150541_6643db,2019-06-05,600926.SH,1700,1700,17.489347,16.72398,-1301.1239,43
20260815_150541_6643db,2019-06-06,600897.SH,200,200,111.992824,110.77612,-243.3408,44
20260815_150541_6643db,2019-06-06,300530.SZ,700,700,40.517344,37.4253,-2164.4308,44
20260815_150541_6643db,2019-06-06,600926.SH,1700,1700,17.489347,16.68314,-1370.5519,44
20260815_150541_6643db,2019-06-10,600897.SH,200,200,111.992824,112.69574,140.5832,45
20260815_150541_6643db,2019-06-10,300530.SZ,700,700,40.517344,37.5284,-2092.2608,45
20260815_150541_6643db,2019-06-10,600926.SH,1700,1700,17.489347,16.72398,-1301.1239,45
20260815_150541_6643db,2019-06-11,600897.SH,200,200,111.992824,114.33444,468.3232,46
20260815_150541_6643db,2019-06-11,300530.SZ,700,700,40.517344,38.08514,-1702.5428,46
20260815_150541_6643db,2019-06-11,600926.SH,1700,1700,17.489347,16.98944,-849.8419,46
20260815_150541_6643db,2019-06-12,600897.SH,200,200,111.992824,115.08356,618.1472,47
20260815_150541_6643db,2019-06-12,300530.SZ,700,700,40.517344,38.00266,-1760.2788,47
20260815_150541_6643db,2019-06-12,600926.SH,1700,1700,17.489347,16.90776,-988.6979,47
20260815_150541_6643db,2019-06-13,600897.SH,200,200,111.992824,115.13038,627.5112,48
20260815_150541_6643db,2019-06-13,300530.SZ,700,700,40.517344,39.32234,-836.5028,48
20260815_150541_6643db,2019-06-13,600926.SH,1700,1700,17.489347,16.92818,-953.9839,48
20260815_150541_6643db,2019-06-14,600897.SH,200,200,111.992824,114.66218,533.8712,49
20260815_150541_6643db,2019-06-14,300530.SZ,700,700,40.517344,39.06459,-1016.9278,49
20260815_150541_6643db,2019-06-14,600926.SH,1700,1700,17.489347,16.78524,-1196.9819,49
20260815_150541_6643db,2019-06-17,600897.SH,200,200,111.992824,116.1136,824.1552,50
20260815_150541_6643db,2019-06-17,300530.SZ,700,700,40.517344,39.99249,-367.3978,50
20260815_150541_6643db,2019-06-17,600926.SH,1700,1700,17.489347,16.88734,-1023.4119,50
20260815_150541_6643db,2019-06-18,600897.SH,200,200,111.992824,115.69222,739.8792,51
20260815_150541_6643db,2019-06-18,300530.SZ,700,700,40.517344,39.94094,-403.4828,51
20260815_150541_6643db,2019-06-18,600926.SH,1700,1700,17.489347,16.90776,-988.6979,51
20260815_150541_6643db,2019-06-19,600897.SH,200,200,111.992824,116.76908,955.2512,52
20260815_150541_6643db,2019-06-19,300530.SZ,700,700,40.517344,40.1059,-288.0108,52
20260815_150541_6643db,2019-06-19,600926.SH,1700,1700,17.489347,16.96902,-884.5559,52
20260815_150541_6643db,2019-06-20,600897.SH,200,200,111.992824,118.36096,1273.6272,53
20260815_150541_6643db,2019-06-20,300530.SZ,700,700,40.517344,40.39458,-85.9348,53
20260815_150541_6643db,2019-06-20,600926.SH,1700,1700,17.489347,17.29574,-329.1319,53
20260815_150541_6643db,2019-06-21,600897.SH,200,200,111.992824,119.53146,1507.7272,54
20260815_150541_6643db,2019-06-21,300530.SZ,700,700,40.517344,40.18838,-230.2748,54
20260815_150541_6643db,2019-06-21,600926.SH,1700,1700,17.489347,17.29574,-329.1319,54
20260815_150541_6643db,2019-06-24,600897.SH,200,200,111.992824,120.7956,1760.5552,55
20260815_150541_6643db,2019-06-24,300530.SZ,700,700,40.517344,40.16776,-244.7088,55
20260815_150541_6643db,2019-06-24,600926.SH,1700,1700,17.489347,17.21406,-467.9879,55
20260815_150541_6643db,2019-06-25,600897.SH,200,200,111.992824,121.0297,1807.3752,56
20260815_150541_6643db,2019-06-25,300530.SZ,700,700,40.517344,39.56978,-663.2948,56
20260815_150541_6643db,2019-06-25,600926.SH,1700,1700,17.489347,17.07112,-710.9859,56
20260815_150541_6643db,2019-06-26,600897.SH,200,200,111.992824,120.0933,1620.0952,57
20260815_150541_6643db,2019-06-26,300530.SZ,700,700,40.517344,39.7966,-504.5208,57
20260815_150541_6643db,2019-06-26,600926.SH,1700,1700,17.489347,17.09154,-676.2719,57
20260815_150541_6643db,2019-06-27,600897.SH,200,200,111.992824,119.95284,1592.0032,58
20260815_150541_6643db,2019-06-27,300530.SZ,700,700,40.517344,39.5904,-648.8608,58
20260815_150541_6643db,2019-06-27,600926.SH,1700,1700,17.489347,17.11196,-641.5579,58
20260815_150541_6643db,2019-06-28,600897.SH,200,200,111.992824,118.81408,1364.2512,59
20260815_150541_6643db,2019-06-28,300530.SZ,700,700,40.517344,39.178,-937.5408,59
20260815_150541_6643db,2019-06-28,600926.SH,1700,1700,17.489347,17.00986,-815.1279,59
20260815_150541_6643db,2019-07-01,600897.SH,200,200,111.992824,120.736,1748.6352,60
20260815_150541_6643db,2019-07-01,300530.SZ,700,700,40.517344,40.03373,-338.5298,60
20260815_150541_6643db,2019-07-01,600926.SH,1700,1700,17.489347,17.31616,-294.4179,60
20260815_150541_6643db,2019-07-02,000715.SZ,300,0,33.750263,33.41301,-101.1759,1
20260815_150541_6643db,2019-07-02,002233.SZ,300,0,30.17561,30.03637,-41.772,1
20260815_150541_6643db,2019-07-02,603012.SH,500,0,22.527651,22.47914,-24.2555,1
20260815_150541_6643db,2019-07-02,000036.SZ,200,0,56.689888,56.72904,7.8304,1
20260815_150541_6643db,2019-07-02,603585.SH,200,0,46.393531,47.13318,147.9298,1
20260815_150541_6643db,2019-07-02,600101.SH,200,0,48.478885,48.25422,-44.933,1
20260815_150541_6643db,2019-07-02,600593.SH,100,0,74.147137,73.28615,-86.0987,1
20260815_150541_6643db,2019-07-02,600802.SH,500,0,23.20022,23.33775,68.765,1
20260815_150541_6643db,2019-07-03,000715.SZ,300,300,33.750263,32.69163,-317.5899,2
20260815_150541_6643db,2019-07-03,002233.SZ,300,300,30.17561,29.9602,-64.623,2
20260815_150541_6643db,2019-07-03,603012.SH,500,500,22.527651,22.33648,-95.5855,2
20260815_150541_6643db,2019-07-03,000036.SZ,200,200,56.689888,56.39922,-58.1336,2
20260815_150541_6643db,2019-07-03,603585.SH,200,200,46.393531,47.2851,178.3138,2
20260815_150541_6643db,2019-07-03,600101.SH,200,200,48.478885,47.43357,-209.063,2
20260815_150541_6643db,2019-07-03,600593.SH,100,100,74.147137,66.35134,-779.5797,2
20260815_150541_6643db,2019-07-03,600802.SH,500,500,23.20022,23.754,276.89,2
20260815_150541_6643db,2019-07-04,000715.SZ,400,300,33.487615,32.82279,-265.93,3
20260815_150541_6643db,2019-07-04,002233.SZ,400,300,30.162899,30.01098,-60.7676,3
20260815_150541_6643db,2019-07-04,603012.SH,500,500,22.527651,22.3161,-105.7755,3
20260815_150541_6643db,2019-07-04,000036.SZ,200,200,56.689888,56.50916,-36.1456,3
20260815_150541_6643db,2019-07-04,603585.SH,200,200,46.393531,46.81035,83.3638,3
20260815_150541_6643db,2019-07-04,600101.SH,200,200,48.478885,47.5977,-176.237,3
20260815_150541_6643db,2019-07-04,600802.SH,500,500,23.20022,24.198,498.89,3
20260815_150541_6643db,2019-07-05,000715.SZ,400,400,33.487615,32.79,-279.046,4
20260815_150541_6643db,2019-07-05,002233.SZ,400,400,30.162899,29.88403,-111.5476,4
20260815_150541_6643db,2019-07-05,603012.SH,500,500,22.527651,22.35686,-85.3955,4
20260815_150541_6643db,2019-07-05,000036.SZ,200,200,56.689888,55.18988,-300.0016,4
20260815_150541_6643db,2019-07-05,603585.SH,200,200,46.393531,47.17116,155.5258,4
20260815_150541_6643db,2019-07-05,600101.SH,200,200,48.478885,47.65241,-165.295,4
20260815_150541_6643db,2019-07-05,600802.SH,500,500,23.20022,24.00375,401.765,4
20260815_150541_6643db,2019-07-08,000715.SZ,400,400,33.487615,31.49665,-796.386,5
20260815_150541_6643db,2019-07-08,002233.SZ,400,400,30.162899,28.66531,-599.0356,5
20260815_150541_6643db,2019-07-08,603012.SH,500,500,22.527651,22.17344,-177.1055,5
20260815_150541_6643db,2019-07-08,000036.SZ,200,200,56.689888,55.18988,-300.0016,5
20260815_150541_6643db,2019-07-08,603585.SH,200,200,46.393531,46.24065,-30.5762,5
20260815_150541_6643db,2019-07-08,600101.SH,200,200,48.478885,45.90169,-515.439,5
20260815_150541_6643db,2019-07-08,600802.SH,500,500,23.20022,23.0325,-83.86,5
20260815_150541_6643db,2019-07-09,000715.SZ,400,400,33.487615,31.3314,-862.486,6
20260815_150541_6643db,2019-07-09,002233.SZ,400,400,30.162899,28.91921,-497.4756,6
20260815_150541_6643db,2019-07-09,603012.SH,500,500,22.527651,22.05116,-238.2455,6
20260815_150541_6643db,2019-07-09,000036.SZ,200,200,56.689888,54.09048,-519.8816,6
20260815_150541_6643db,2019-07-09,603585.SH,200,200,46.393531,45.70893,-136.9202,6
20260815_150541_6643db,2019-07-09,600101.SH,200,200,48.478885,46.28466,-438.845,6
20260815_150541_6643db,2019-07-09,600802.SH,500,500,23.20022,23.1435,-28.36,6
20260815_150541_6643db,2019-07-10,000715.SZ,400,400,33.487615,30.76955,-1087.226,7
20260815_150541_6643db,2019-07-10,002233.SZ,400,400,30.162899,28.28446,-751.3756,7
20260815_150541_6643db,2019-07-10,603012.SH,500,500,22.527651,22.07154,-228.0555,7
20260815_150541_6643db,2019-07-10,000036.SZ,200,200,56.689888,52.7712,-783.7376,7
20260815_150541_6643db,2019-07-10,603585.SH,200,200,46.393531,45.65196,-148.3142,7
20260815_150541_6643db,2019-07-10,600101.SH,200,200,48.478885,45.79227,-537.323,7
20260815_150541_6643db,2019-07-10,600802.SH,500,500,23.20022,23.06025,-69.985,7
20260815_150541_6643db,2019-07-11,002233.SZ,500,400,29.829874,28.23368,-798.097,8
20260815_150541_6643db,2019-07-11,603012.SH,600,500,22.463033,22.07154,-234.8958,8
20260815_150541_6643db,2019-07-11,000036.SZ,200,200,56.689888,53.21096,-695.7856,8
20260815_150541_6643db,2019-07-11,603585.SH,300,200,46.285787,45.97479,-93.2991,8
20260815_150541_6643db,2019-07-11,600101.SH,300,200,47.63895,45.79227,-554.004,8
20260815_150541_6643db,2019-07-11,600802.SH,600,500,23.209482,23.1435,-39.5892,8
20260815_150541_6643db,2019-07-12,002233.SZ,500,500,29.829874,28.4368,-696.537,9
20260815_150541_6643db,2019-07-12,603012.SH,600,600,22.463033,22.07154,-234.8958,9
20260815_150541_6643db,2019-07-12,000036.SZ,200,200,56.689888,53.43084,-651.8096,9
20260815_150541_6643db,2019-07-12,603585.SH,300,300,46.285787,46.50651,66.2169,9
20260815_150541_6643db,2019-07-12,600101.SH,300,300,47.63895,46.5035,-340.635,9
20260815_150541_6643db,2019-07-12,600802.SH,600,600,23.209482,23.25475,27.1608,9
20260815_150541_6643db,2019-07-15,002233.SZ,500,500,29.829874,28.86843,-480.722,10
20260815_150541_6643db,2019-07-15,603012.SH,600,600,22.463033,22.09192,-222.6678,10
20260815_150541_6643db,2019-07-15,000036.SZ,200,200,56.689888,53.21096,-695.7856,10
20260815_150541_6643db,2019-07-15,603585.SH,300,300,46.285787,46.88631,180.1569,10
20260815_150541_6643db,2019-07-15,600101.SH,300,300,47.63895,46.66763,-291.396,10
20260815_150541_6643db,2019-07-15,600802.SH,600,600,23.209482,23.75605,327.9408,10
20260815_150541_6643db,2019-07-16,002233.SZ,500,500,29.829874,28.91921,-455.332,11
20260815_150541_6643db,2019-07-16,603012.SH,600,600,22.463033,22.74408,168.6282,11
20260815_150541_6643db,2019-07-16,000036.SZ,200,200,56.689888,53.76066,-585.8456,11
20260815_150541_6643db,2019-07-16,603585.SH,300,300,46.285787,46.79136,151.6719,11
20260815_150541_6643db,2019-07-16,600101.SH,300,300,47.63895,46.99589,-192.918,11
20260815_150541_6643db,2019-07-16,600802.SH,600,600,23.209482,23.6725,277.8108,11
20260815_150541_6643db,2019-07-17,002233.SZ,500,500,29.829874,28.91921,-455.332,12
20260815_150541_6643db,2019-07-17,603012.SH,600,600,22.463033,22.45876,-2.5638,12
20260815_150541_6643db,2019-07-17,000036.SZ,200,200,56.689888,53.76066,-585.8456,12
20260815_150541_6643db,2019-07-17,603585.SH,300,300,46.285787,46.31661,9.2469,12
20260815_150541_6643db,2019-07-17,600101.SH,300,300,47.63895,47.0506,-176.505,12
20260815_150541_6643db,2019-07-17,600802.SH,600,600,23.209482,23.47755,160.8408,12
20260815_150541_6643db,2019-07-18,002233.SZ,500,500,29.829874,28.51297,-658.452,13
20260815_150541_6643db,2019-07-18,603012.SH,600,600,22.463033,22.2142,-149.2998,13
20260815_150541_6643db,2019-07-18,000036.SZ,200,200,56.689888,53.43084,-651.8096,13
20260815_150541_6643db,2019-07-18,603585.SH,300,300,46.285787,45.61398,-201.5421,13
20260815_150541_6643db,2019-07-18,600101.SH,300,300,47.63895,46.01111,-488.352,13
20260815_150541_6643db,2019-07-18,600802.SH,600,600,23.209482,22.6699,-323.7492,13
20260815_150541_6643db,2019-07-19,002233.SZ,500,500,29.829874,28.66531,-582.282,14
20260815_150541_6643db,2019-07-19,603012.SH,600,600,22.463033,22.2142,-149.2998,14
20260815_150541_6643db,2019-07-19,000036.SZ,200,200,56.689888,54.20042,-497.8936,14
20260815_150541_6643db,2019-07-19,603585.SH,300,300,46.285787,45.576,-212.9361,14
20260815_150541_6643db,2019-07-19,600101.SH,300,300,47.63895,47.15804,-144.273,14
20260815_150541_6643db,2019-07-19,600802.SH,600,600,23.209482,22.7256,-290.3292,14
20260815_150541_6643db,2019-07-22,002233.SZ,500,500,29.829874,28.33524,-747.317,15
20260815_150541_6643db,2019-07-22,603012.SH,600,600,22.463033,22.1123,-210.4398,15
20260815_150541_6643db,2019-07-22,000036.SZ,200,200,56.689888,53.65072,-607.8336,15
20260815_150541_6643db,2019-07-22,603585.SH,300,300,46.285787,44.0568,-668.6961,15
20260815_150541_6643db,2019-07-22,600101.SH,300,300,47.63895,45.22592,-723.909,15
20260815_150541_6643db,2019-07-22,600802.SH,600,600,23.209482,22.02935,-708.0792,15
20260815_150541_6643db,2019-07-23,002233.SZ,500,500,29.829874,28.48758,-671.147,16
20260815_150541_6643db,2019-07-23,603012.SH,600,600,22.463033,22.13268,-198.2118,16
20260815_150541_6643db,2019-07-23,000036.SZ,200,200,56.689888,53.98054,-541.8696,16
20260815_150541_6643db,2019-07-23,603585.SH,300,300,46.285787,45.15822,-338.2701,16
20260815_150541_6643db,2019-07-23,600101.SH,300,300,47.63895,45.7984,-552.165,16
20260815_150541_6643db,2019-07-23,600802.SH,600,600,23.209482,22.14075,-641.2392,16
20260815_150541_6643db,2019-07-24,002233.SZ,500,500,29.829874,28.63992,-594.977,17
20260815_150541_6643db,2019-07-24,603012.SH,600,600,22.463033,22.33648,-75.9318,17
20260815_150541_6643db,2019-07-24,000036.SZ,200,200,56.689888,54.09048,-519.8816,17
20260815_150541_6643db,2019-07-24,603585.SH,300,300,46.285787,44.83539,-435.1191,17
20260815_150541_6643db,2019-07-24,600101.SH,300,300,47.63895,46.22776,-423.357,17
20260815_150541_6643db,2019-07-24,600802.SH,600,600,23.209482,22.1686,-624.5292,17
20260815_150541_6643db,2019-07-25,002233.SZ,500,500,29.829874,28.71609,-556.892,18
20260815_150541_6643db,2019-07-25,603012.SH,600,600,22.463033,22.25496,-124.8438,18
20260815_150541_6643db,2019-07-25,000036.SZ,200,200,56.689888,53.65072,-607.8336,18
20260815_150541_6643db,2019-07-25,603585.SH,300,300,46.285787,44.8164,-440.8161,18
20260815_150541_6643db,2019-07-25,600101.SH,300,300,47.63895,45.72684,-573.633,18
20260815_150541_6643db,2019-07-25,600802.SH,600,600,23.209482,22.1686,-624.5292,18
20260815_150541_6643db,2019-07-26,002233.SZ,500,500,29.829874,28.76687,-531.502,19
20260815_150541_6643db,2019-07-26,603012.SH,600,600,22.463033,22.17344,-173.7558,19
20260815_150541_6643db,2019-07-26,000036.SZ,200,200,56.689888,53.8706,-563.8576,19
20260815_150541_6643db,2019-07-26,603585.SH,300,300,46.285787,44.66448,-486.3921,19
20260815_150541_6643db,2019-07-26,600101.SH,300,300,47.63895,46.08464,-466.293,19
20260815_150541_6643db,2019-07-26,600802.SH,600,600,23.209482,22.2243,-591.1092,19
20260815_150541_6643db,2019-07-29,002233.SZ,500,500,29.829874,28.81765,-506.112,20
20260815_150541_6643db,2019-07-29,603012.SH,600,600,22.463033,22.1123,-210.4398,20
20260815_150541_6643db,2019-07-29,000036.SZ,200,200,56.689888,53.54078,-629.8216,20
20260815_150541_6643db,2019-07-29,603585.SH,300,300,46.285787,44.09478,-657.3021,20
20260815_150541_6643db,2019-07-29,600101.SH,300,300,47.63895,47.2296,-122.805,20
20260815_150541_6643db,2019-07-29,600802.SH,600,600,23.209482,22.19645,-607.8192,20
20260815_150541_6643db,2019-07-30,002233.SZ,500,500,29.829874,28.89382,-468.027,21
20260815_150541_6643db,2019-07-30,603012.SH,600,600,22.463033,22.1123,-210.4398,21
20260815_150541_6643db,2019-07-30,000036.SZ,200,200,56.689888,53.76066,-585.8456,21
20260815_150541_6643db,2019-07-30,603585.SH,300,300,46.285787,44.56953,-514.8771,21
20260815_150541_6643db,2019-07-30,600101.SH,300,300,47.63895,46.58556,-316.017,21
20260815_150541_6643db,2019-07-30,600802.SH,600,600,23.209482,22.36355,-507.5592,21
20260815_150541_6643db,2019-07-31,002233.SZ,500,500,29.829874,27.70049,-1064.692,22
20260815_150541_6643db,2019-07-31,603012.SH,600,600,22.463033,22.09192,-222.6678,22
20260815_150541_6643db,2019-07-31,000036.SZ,200,200,56.689888,53.10102,-717.7736,22
20260815_150541_6643db,2019-07-31,603585.SH,300,300,46.285787,43.80993,-742.7571,22
20260815_150541_6643db,2019-07-31,600101.SH,300,300,47.63895,47.01492,-187.209,22
20260815_150541_6643db,2019-07-31,600802.SH,600,600,23.209482,21.97365,-741.4992,22
20260815_150541_6643db,2019-08-01,002233.SZ,500,500,29.829874,26.9134,-1458.237,23
20260815_150541_6643db,2019-08-01,603012.SH,600,600,22.463033,22.05116,-247.1238,23
20260815_150541_6643db,2019-08-01,000036.SZ,200,200,56.689888,52.00162,-937.6536,23
20260815_150541_6643db,2019-08-01,603585.SH,300,300,46.285787,44.11377,-651.6051,23
20260815_150541_6643db,2019-08-01,600101.SH,300,300,47.63895,47.65896,6.003,23
20260815_150541_6643db,2019-08-01,600802.SH,600,600,23.209482,21.6673,-925.3092,23
20260815_150541_6643db,2019-08-02,603012.SH,900,600,22.321328,22.03078,-261.4932,24
20260815_150541_6643db,2019-08-02,603585.SH,400,300,45.566434,42.84144,-1089.9976,24
20260815_150541_6643db,2019-08-02,600101.SH,400,300,47.479725,47.37272,-42.802,24
20260815_150541_6643db,2019-08-02,600802.SH,1000,600,22.458444,21.2217,-1236.744,24
20260815_150541_6643db,2019-08-05,603012.SH,900,900,22.321328,22.1123,-188.1252,25
20260815_150541_6643db,2019-08-05,603585.SH,400,400,45.566434,43.37316,-877.3096,25
20260815_150541_6643db,2019-08-05,600101.SH,400,400,47.479725,46.80024,-271.794,25
20260815_150541_6643db,2019-08-05,600802.SH,1000,1000,22.458444,20.69255,-1765.894,25
20260815_150541_6643db,2019-08-06,603012.SH,900,900,22.321328,21.99002,-298.1772,26
20260815_150541_6643db,2019-08-06,603585.SH,400,400,45.566434,42.04386,-1409.0296,26
20260815_150541_6643db,2019-08-06,600101.SH,400,400,47.479725,46.1562,-529.41,26
20260815_150541_6643db,2019-08-06,600802.SH,1000,1000,22.458444,19.8849,-2573.544,26
20260815_150541_6643db,2019-08-07,603012.SH,1200,900,22.255577,22.03078,-269.7564,27
20260815_150541_6643db,2019-08-07,603585.SH,600,400,44.580888,42.40467,-1305.7308,27
20260815_150541_6643db,2019-08-07,600101.SH,600,400,47.129435,46.08464,-626.877,27
20260815_150541_6643db,2019-08-08,603012.SH,1200,1200,22.255577,22.0104,-294.2124,28
20260815_150541_6643db,2019-08-08,603585.SH,600,600,44.580888,42.06285,-1510.8228,28
20260815_150541_6643db,2019-08-08,600101.SH,600,600,47.129435,46.1562,-583.941,28
20260815_150541_6643db,2019-08-09,603012.SH,1200,1200,22.255577,21.96964,-343.1244,29
20260815_150541_6643db,2019-08-09,603585.SH,600,600,44.580888,41.45517,-1875.4308,29
20260815_150541_6643db,2019-08-09,600101.SH,600,600,47.129435,45.15436,-1185.045,29
20260815_150541_6643db,2019-08-12,603012.SH,1200,1200,22.255577,22.03078,-269.7564,30
20260815_150541_6643db,2019-08-12,603585.SH,600,600,44.580888,42.00588,-1545.0048,30
20260815_150541_6643db,2019-08-12,600101.SH,600,600,47.129435,45.86996,-755.685,30
20260815_150541_6643db,2019-08-13,603012.SH,1200,1200,22.255577,22.0104,-294.2124,31
20260815_150541_6643db,2019-08-13,603585.SH,600,600,44.580888,41.60709,-1784.2788,31
20260815_150541_6643db,2019-08-13,600101.SH,600,600,47.129435,45.7984,-798.621,31
20260815_150541_6643db,2019-08-14,603012.SH,1200,1200,22.255577,22.0104,-294.2124,32
20260815_150541_6643db,2019-08-14,603585.SH,600,600,44.580888,41.79699,-1670.3388,32
20260815_150541_6643db,2019-08-14,600101.SH,600,600,47.129435,45.7984,-798.621,32
20260815_150541_6643db,2019-08-15,603012.SH,1200,1200,22.255577,22.05116,-245.3004,33
20260815_150541_6643db,2019-08-15,603585.SH,600,600,44.580888,41.72103,-1715.9148,33
20260815_150541_6643db,2019-08-15,600101.SH,600,600,47.129435,46.01308,-669.813,33
20260815_150541_6643db,2019-08-16,603012.SH,1200,1200,22.255577,22.6218,439.4676,34
20260815_150541_6643db,2019-08-16,603585.SH,600,600,44.580888,41.79699,-1670.3388,34
20260815_150541_6643db,2019-08-16,600101.SH,600,600,47.129435,46.514,-369.261,34
20260815_150541_6643db,2019-08-19,603012.SH,1200,1200,22.255577,22.64218,463.9236,35
20260815_150541_6643db,2019-08-19,603585.SH,600,600,44.580888,42.80346,-1066.4568,35
20260815_150541_6643db,2019-08-19,600101.SH,600,600,47.129435,47.15804,17.163,35
20260815_150541_6643db,2019-08-20,603012.SH,1200,1200,22.255577,22.45876,243.8196,36
20260815_150541_6643db,2019-08-20,603585.SH,600,600,44.580888,42.82245,-1055.0628,36
20260815_150541_6643db,2019-08-20,600101.SH,600,600,47.129435,46.80024,-197.517,36
20260815_150541_6643db,2019-08-21,603012.SH,1200,1200,22.255577,22.5199,317.1876,37
20260815_150541_6643db,2019-08-21,603585.SH,600,600,44.580888,42.51861,-1237.3668,37
20260815_150541_6643db,2019-08-21,600101.SH,600,600,47.129435,46.8718,-154.581,37
20260815_150541_6643db,2019-08-22,603012.SH,1200,1200,22.255577,22.58104,390.5556,38
20260815_150541_6643db,2019-08-22,603585.SH,600,600,44.580888,42.67053,-1146.2148,38
20260815_150541_6643db,2019-08-22,600101.SH,600,600,47.129435,46.58556,-326.325,38
20260815_150541_6643db,2019-08-23,603012.SH,1200,1200,22.255577,22.60142,415.0116,39
20260815_150541_6643db,2019-08-23,603585.SH,600,600,44.580888,42.49962,-1248.7608,39
20260815_150541_6643db,2019-08-23,600101.SH,600,600,47.129435,46.29932,-498.069,39
20260815_150541_6643db,2019-08-26,603012.SH,1200,1200,22.255577,22.60142,415.0116,40
20260815_150541_6643db,2019-08-26,603585.SH,600,600,44.580888,41.75901,-1693.1268,40
20260815_150541_6643db,2019-08-26,600101.SH,600,600,47.129435,46.08464,-626.877,40
20260815_150541_6643db,2019-08-27,603012.SH,1200,1200,22.255577,22.6218,439.4676,41
20260815_150541_6643db,2019-08-27,603585.SH,600,600,44.580888,42.82245,-1055.0628,41
20260815_150541_6643db,2019-08-27,600101.SH,600,600,47.129435,46.22776,-541.005,41
20260815_150541_6643db,2019-08-28,603012.SH,1200,1200,22.255577,22.64218,463.9236,42
20260815_150541_6643db,2019-08-28,603585.SH,600,600,44.580888,42.51861,-1237.3668,42
20260815_150541_6643db,2019-08-28,600101.SH,600,600,47.129435,45.94152,-712.749,42
20260815_150541_6643db,2019-08-29,603012.SH,1200,1200,22.255577,22.7237,561.7476,43
20260815_150541_6643db,2019-08-29,603585.SH,600,600,44.580888,42.3477,-1339.9128,43
20260815_150541_6643db,2019-08-29,600101.SH,600,600,47.129435,45.72684,-841.557,43
20260815_150541_6643db,2019-08-30,603012.SH,1200,1200,22.255577,22.84598,708.4836,44
20260815_150541_6643db,2019-08-30,603585.SH,600,600,44.580888,42.13881,-1465.2468,44
20260815_150541_6643db,2019-08-30,600101.SH,600,600,47.129435,45.29748,-1099.173,44
20260815_150541_6643db,2019-09-02,603012.SH,1200,1200,22.255577,22.98864,879.6756,45
20260815_150541_6643db,2019-09-02,603585.SH,600,600,44.580888,42.06285,-1510.8228,45
20260815_150541_6643db,2019-09-02,600101.SH,600,600,47.129435,45.94152,-712.749,45
20260815_150541_6643db,2019-09-03,603012.SH,1200,1200,22.255577,23.00902,904.1316,46
20260815_150541_6643db,2019-09-03,603585.SH,600,600,44.580888,41.45517,-1875.4308,46
20260815_150541_6643db,2019-09-03,600101.SH,600,600,47.129435,45.94152,-712.749,46
20260815_150541_6643db,2019-09-04,603012.SH,1200,1200,22.255577,23.41662,1393.2516,47
20260815_150541_6643db,2019-09-04,603585.SH,600,600,44.580888,41.92992,-1590.5808,47
20260815_150541_6643db,2019-09-04,600101.SH,600,600,47.129435,46.22776,-541.005,47
20260815_150541_6643db,2019-09-05,603012.SH,1200,1200,22.255577,23.80384,1857.9156,48
20260815_150541_6643db,2019-09-05,603585.SH,600,600,44.580888,42.44265,-1282.9428,48
20260815_150541_6643db,2019-09-05,600101.SH,600,600,47.129435,46.65712,-283.389,48
20260815_150541_6643db,2019-09-06,603012.SH,1200,1200,22.255577,23.7427,1784.5476,49
20260815_150541_6643db,2019-09-06,603585.SH,600,600,44.580888,42.87942,-1020.8808,49
20260815_150541_6643db,2019-09-06,600101.SH,600,600,47.129435,46.37088,-455.133,49
20260815_150541_6643db,2019-09-09,603012.SH,1200,1200,22.255577,24.31334,2469.3156,50
20260815_150541_6643db,2019-09-09,603585.SH,600,600,44.580888,43.71498,-519.5448,50
20260815_150541_6643db,2019-09-09,600101.SH,600,600,47.129435,46.94336,-111.645,50
20260815_150541_6643db,2019-09-10,603012.SH,1200,1200,22.255577,24.1503,2273.6676,51
20260815_150541_6643db,2019-09-10,603585.SH,600,600,44.580888,43.80993,-462.5748,51
20260815_150541_6643db,2019-09-10,600101.SH,600,600,47.129435,47.15804,17.163,51
20260815_150541_6643db,2019-09-11,603012.SH,1200,1200,22.255577,24.27258,2420.4036,52
20260815_150541_6643db,2019-09-11,603585.SH,600,600,44.580888,43.677,-542.3328,52
20260815_150541_6643db,2019-09-11,600101.SH,600,600,47.129435,47.01492,-68.709,52
20260815_150541_6643db,2019-09-12,603012.SH,1200,1200,22.255577,25.10816,3423.0996,53
20260815_150541_6643db,2019-09-12,603585.SH,600,600,44.580888,44.17074,-246.0888,53
20260815_150541_6643db,2019-09-12,600101.SH,600,600,47.129435,47.9452,489.459,53
20260815_150541_6643db,2019-09-16,603012.SH,1200,1200,22.255577,26.0864,4596.9876,54
20260815_150541_6643db,2019-09-16,603585.SH,600,600,44.580888,43.99983,-348.6348,54
20260815_150541_6643db,2019-09-16,600101.SH,600,600,47.129435,48.87548,1047.627,54
20260815_150541_6643db,2019-09-17,603012.SH,1200,1200,22.255577,26.3921,4963.8276,55
20260815_150541_6643db,2019-09-17,603585.SH,600,600,44.580888,43.2972,-770.2128,55
20260815_150541_6643db,2019-09-17,600101.SH,600,600,47.129435,48.58924,875.883,55
20260815_150541_6643db,2019-09-18,603012.SH,1200,1200,22.255577,27.3092,6064.3476,56
20260815_150541_6643db,2019-09-18,603585.SH,600,600,44.580888,43.16427,-849.9708,56
20260815_150541_6643db,2019-09-18,600101.SH,600,600,47.129435,47.5874,274.779,56
20260815_150541_6643db,2019-09-19,603012.SH,1200,1200,22.255577,28.85808,7923.0036,57
20260815_150541_6643db,2019-09-19,603585.SH,600,600,44.580888,43.2972,-770.2128,57
20260815_150541_6643db,2019-09-19,600101.SH,600,600,47.129435,47.44428,188.907,57
20260815_150541_6643db,2019-09-20,603012.SH,1200,1200,22.255577,28.20592,7140.4116,58
20260815_150541_6643db,2019-09-20,603585.SH,600,600,44.580888,43.92387,-394.2108,58
20260815_150541_6643db,2019-09-20,600101.SH,600,600,47.129435,47.65896,317.715,58
20260815_150541_6643db,2019-09-23,603012.SH,1200,1200,22.255577,28.2263,7164.8676,59
20260815_150541_6643db,2019-09-23,603585.SH,600,600,44.580888,43.46811,-667.6668,59
20260815_150541_6643db,2019-09-23,600101.SH,600,600,47.129435,46.94336,-111.645,59
20260815_150541_6643db,2019-09-24,603012.SH,1200,1200,22.255577,28.85808,7923.0036,60
20260815_150541_6643db,2019-09-24,603585.SH,600,600,44.580888,43.35417,-736.0308,60
20260815_150541_6643db,2019-09-24,600101.SH,600,600,47.129435,46.72868,-240.453,60
20260815_150541_6643db,2019-09-25,603012.SH,1200,1200,22.255577,29.1434,8265.3876,61
20260815_150541_6643db,2019-09-25,603585.SH,600,600,44.580888,42.17679,-1442.4588,61
20260815_150541_6643db,2019-09-25,600101.SH,600,600,47.129435,46.22776,-541.005,61
20260815_150541_6643db,2019-09-26,603012.SH,1200,1200,22.255577,29.81594,9072.4356,62
20260815_150541_6643db,2019-09-26,603585.SH,600,600,44.580888,42.38568,-1317.1248,62
20260815_150541_6643db,2019-09-26,600101.SH,600,600,47.129435,45.65528,-884.493,62
20260815_150541_6643db,2019-09-27,603012.SH,1200,1200,22.255577,29.87708,9145.8036,63
20260815_150541_6643db,2019-09-27,603585.SH,600,600,44.580888,41.91093,-1601.9748,63
20260815_150541_6643db,2019-09-27,600101.SH,600,600,47.129435,45.94152,-712.749,63
20260815_150541_6643db,2019-09-30,603012.SH,1200,1200,22.255577,30.63114,10050.6756,64
20260815_150541_6643db,2019-09-30,603585.SH,600,600,44.580888,41.56911,-1807.0668,64
20260815_150541_6643db,2019-09-30,600101.SH,600,600,47.129435,45.36904,-1056.237,64
20260815_150541_6643db,2019-10-08,603012.SH,1200,1200,22.255577,30.63114,10050.6756,65
20260815_150541_6643db,2019-10-08,603585.SH,600,600,44.580888,42.13881,-1465.2468,65
20260815_150541_6643db,2019-10-08,600101.SH,600,600,47.129435,45.7984,-798.621,65
20260815_150541_6643db,2019-10-09,603012.SH,400,400,22.255577,30.79418,3415.4412,66
20260815_150541_6643db,2019-10-09,603585.SH,300,300,44.580888,42.38568,-658.5624,66
20260815_150541_6643db,2019-10-09,603331.SH,600,0,16.724163,16.83666,67.4982,1
20260815_150541_6643db,2019-10-09,603661.SH,200,0,39.074792,38.98492,-17.9744,1
20260815_150541_6643db,2019-10-09,603580.SH,400,0,24.758926,24.90648,59.0216,1
20260815_150541_6643db,2019-10-09,002541.SZ,400,0,25.191456,26.00915,327.0776,1
20260815_150541_6643db,2019-10-09,002882.SZ,1000,0,10.702965,10.8324,129.435,1
20260815_150541_6643db,2019-10-10,603012.SH,400,400,22.255577,31.50748,3700.7612,67
20260815_150541_6643db,2019-10-10,603585.SH,300,300,44.580888,42.65154,-578.8044,67
20260815_150541_6643db,2019-10-10,603331.SH,600,600,16.724163,17.00082,165.9942,2
20260815_150541_6643db,2019-10-10,603661.SH,200,200,39.074792,39.26221,37.4836,2
20260815_150541_6643db,2019-10-10,603580.SH,400,400,24.758926,25.60053,336.6416,2
20260815_150541_6643db,2019-10-10,002541.SZ,400,400,25.191456,26.26075,427.7176,2
20260815_150541_6643db,2019-10-10,002882.SZ,1000,1000,10.702965,10.9752,272.235,2
20260815_150541_6643db,2019-10-11,603012.SH,400,400,22.255577,31.42596,3668.1532,68
20260815_150541_6643db,2019-10-11,603585.SH,300,300,44.580888,42.67053,-573.1074,68
20260815_150541_6643db,2019-10-11,603331.SH,600,600,16.724163,16.94952,135.2142,3
20260815_150541_6643db,2019-10-11,603661.SH,200,200,39.074792,39.51896,88.8336,3
20260815_150541_6643db,2019-10-11,603580.SH,400,400,24.758926,25.54104,312.8456,3
20260815_150541_6643db,2019-10-11,002541.SZ,400,400,25.191456,26.63815,578.6776,3
20260815_150541_6643db,2019-10-11,002882.SZ,1000,1000,10.702965,11.0262,323.235,3
20260815_150541_6643db,2019-10-14,603012.SH,400,400,22.255577,31.4871,3692.6092,69
20260815_150541_6643db,2019-10-14,603585.SH,300,300,44.580888,43.33518,-373.7124,69
20260815_150541_6643db,2019-10-14,603331.SH,600,600,16.724163,17.17524,270.6462,4
20260815_150541_6643db,2019-10-14,603661.SH,200,200,39.074792,39.29302,43.6456,4
20260815_150541_6643db,2019-10-14,603580.SH,400,400,24.758926,25.89798,455.6216,4
20260815_150541_6643db,2019-10-14,002541.SZ,400,400,25.191456,26.63815,578.6776,4
20260815_150541_6643db,2019-10-14,002882.SZ,1000,1000,10.702965,11.0976,394.635,4
20260815_150541_6643db,2019-10-15,603012.SH,400,400,22.255577,32.38382,4051.2972,70
20260815_150541_6643db,2019-10-15,603585.SH,300,300,44.580888,43.01235,-470.5614,70
20260815_150541_6643db,2019-10-15,603331.SH,600,600,16.724163,17.02134,178.3062,5
20260815_150541_6643db,2019-10-15,603661.SH,200,200,39.074792,39.39572,64.1856,5
20260815_150541_6643db,2019-10-15,603580.SH,400,400,24.758926,25.52121,304.9136,5
20260815_150541_6643db,2019-10-15,002541.SZ,400,400,25.191456,26.5438,540.9376,5
20260815_150541_6643db,2019-10-15,002882.SZ,1000,1000,10.702965,10.9752,272.235,5
20260815_150541_6643db,2019-10-16,603012.SH,400,400,22.255577,32.77104,4206.1852,71
20260815_150541_6643db,2019-10-16,603585.SH,300,300,44.580888,43.01235,-470.5614,71
20260815_150541_6643db,2019-10-16,603331.SH,600,600,16.724163,17.02134,178.3062,6
20260815_150541_6643db,2019-10-16,603661.SH,200,200,39.074792,38.76925,-61.1084,6
20260815_150541_6643db,2019-10-16,603580.SH,400,400,24.758926,25.20393,178.0016,6
20260815_150541_6643db,2019-10-16,002541.SZ,400,400,25.191456,26.1664,389.9776,6
20260815_150541_6643db,2019-10-16,002882.SZ,1000,1000,10.702965,10.8834,180.435,6
20260815_150541_6643db,2019-10-17,603012.SH,400,400,22.255577,32.18002,3969.7772,72
20260815_150541_6643db,2019-10-17,603585.SH,300,300,44.580888,42.42366,-647.1684,72
20260815_150541_6643db,2019-10-17,603331.SH,600,600,16.724163,16.84692,73.6542,7
20260815_150541_6643db,2019-10-17,603661.SH,200,200,39.074792,38.64601,-85.7564,7
20260815_150541_6643db,2019-10-17,603580.SH,400,400,24.758926,25.16427,162.1376,7
20260815_150541_6643db,2019-10-17,002541.SZ,400,400,25.191456,26.00915,327.0776,7
20260815_150541_6643db,2019-10-17,002882.SZ,1000,1000,10.702965,10.9038,200.835,7
20260815_150541_6643db,2019-10-18,603012.SH,400,400,22.255577,32.13926,3953.4732,73
20260815_150541_6643db,2019-10-18,603585.SH,300,300,44.580888,41.778,-840.8664,73
20260815_150541_6643db,2019-10-18,603331.SH,600,600,16.724163,16.6725,-30.9978,8
20260815_150541_6643db,2019-10-18,603661.SH,200,200,39.074792,37.6909,-276.7784,8
20260815_150541_6643db,2019-10-18,603580.SH,400,400,24.758926,24.60903,-59.9584,8
20260815_150541_6643db,2019-10-18,002541.SZ,400,400,25.191456,25.3487,62.8976,8
20260815_150541_6643db,2019-10-18,002882.SZ,1000,1000,10.702965,10.7304,27.435,8
20260815_150541_6643db,2019-10-21,603012.SH,400,400,22.255577,32.11888,3945.3212,74
20260815_150541_6643db,2019-10-21,603585.SH,300,300,44.580888,41.81598,-829.4724,74
20260815_150541_6643db,2019-10-21,603331.SH,600,600,16.724163,16.4673,-154.1178,9
20260815_150541_6643db,2019-10-21,603661.SH,200,200,39.074792,37.16713,-381.5324,9
20260815_150541_6643db,2019-10-21,603580.SH,400,400,24.758926,24.72801,-12.3664,9
20260815_150541_6643db,2019-10-21,002541.SZ,400,400,25.191456,25.19145,-0.0024,9
20260815_150541_6643db,2019-10-21,002882.SZ,1000,1000,10.702965,10.4142,-288.765,9
20260815_150541_6643db,2019-10-22,603012.SH,400,400,22.255577,32.79142,4214.3372,75
20260815_150541_6643db,2019-10-22,603585.SH,300,300,44.580888,41.91093,-800.9874,75
20260815_150541_6643db,2019-10-22,603331.SH,600,600,16.724163,16.63146,-55.6218,10
20260815_150541_6643db,2019-10-22,603661.SH,200,200,39.074792,37.5882,-297.3184,10
20260815_150541_6643db,2019-10-22,603580.SH,400,400,24.758926,24.96597,82.8176,10
20260815_150541_6643db,2019-10-22,002541.SZ,400,400,25.191456,25.6003,163.5376,10
20260815_150541_6643db,2019-10-22,002882.SZ,1000,1000,10.702965,10.506,-196.965,10
20260815_150541_6643db,2019-10-23,603012.SH,400,400,22.255577,32.46534,4083.9052,76
20260815_150541_6643db,2019-10-23,603585.SH,300,300,44.580888,41.74002,-852.2604,76
20260815_150541_6643db,2019-10-23,603331.SH,600,600,16.724163,16.60068,-74.0898,11
20260815_150541_6643db,2019-10-23,603661.SH,200,200,39.074792,39.15951,16.9436,11
20260815_150541_6643db,2019-10-23,603580.SH,400,400,24.758926,24.7875,11.4296,11
20260815_150541_6643db,2019-10-23,002541.SZ,400,400,25.191456,25.7261,213.8576,11
20260815_150541_6643db,2019-10-23,002882.SZ,1000,1000,10.702965,10.5366,-166.365,11
20260815_150541_6643db,2019-10-24,603012.SH,400,400,22.255577,32.7099,4181.7292,77
20260815_150541_6643db,2019-10-24,603585.SH,300,300,44.580888,41.41719,-949.1094,77
20260815_150541_6643db,2019-10-24,603331.SH,600,600,16.724163,16.929,122.9022,12
20260815_150541_6643db,2019-10-24,603661.SH,200,200,39.074792,39.18005,21.0516,12
20260815_150541_6643db,2019-10-24,603580.SH,400,400,24.758926,25.04529,114.5456,12
20260815_150541_6643db,2019-10-24,002541.SZ,400,400,25.191456,25.50595,125.7976,12
20260815_150541_6643db,2019-10-24,002882.SZ,1000,1000,10.702965,10.4856,-217.365,12
20260815_150541_6643db,2019-10-25,603012.SH,400,400,22.255577,32.8118,4222.4892,78
20260815_150541_6643db,2019-10-25,603585.SH,300,300,44.580888,41.55012,-909.2304,78
20260815_150541_6643db,2019-10-25,603331.SH,600,600,16.724163,17.1342,246.0222,13
20260815_150541_6643db,2019-10-25,603661.SH,200,200,39.074792,39.00546,-13.8664,13
20260815_150541_6643db,2019-10-25,603580.SH,400,400,24.758926,25.10478,138.3416,13
20260815_150541_6643db,2019-10-25,002541.SZ,400,400,25.191456,25.94625,301.9176,13
20260815_150541_6643db,2019-10-25,002882.SZ,1000,1000,10.702965,10.8732,170.235,13
20260815_150541_6643db,2019-10-28,603012.SH,400,400,22.255577,33.85118,4638.2412,79
20260815_150541_6643db,2019-10-28,603585.SH,300,300,44.580888,42.10083,-744.0174,79
20260815_150541_6643db,2019-10-28,603331.SH,600,600,16.724163,17.58564,516.8862,14
20260815_150541_6643db,2019-10-28,603661.SH,200,200,39.074792,39.81679,148.3996,14
20260815_150541_6643db,2019-10-28,603580.SH,400,400,24.758926,25.20393,178.0016,14
20260815_150541_6643db,2019-10-28,002541.SZ,400,400,25.191456,26.2922,440.2976,14
20260815_150541_6643db,2019-10-28,002882.SZ,1000,1000,10.702965,10.9446,241.635,14
20260815_150541_6643db,2019-10-29,603012.SH,400,400,22.255577,34.21802,4784.9772,80
20260815_150541_6643db,2019-10-29,603585.SH,300,300,44.580888,41.62608,-886.4424,80
20260815_150541_6643db,2019-10-29,603331.SH,600,600,16.724163,17.09316,221.3982,15
20260815_150541_6643db,2019-10-29,603661.SH,200,200,39.074792,40.98757,382.5556,15
20260815_150541_6643db,2019-10-29,603580.SH,400,400,24.758926,24.60903,-59.9584,15
20260815_150541_6643db,2019-10-29,002541.SZ,400,400,25.191456,26.5438,540.9376,15
20260815_150541_6643db,2019-10-29,002882.SZ,1000,1000,10.702965,10.8324,129.435,15
20260815_150541_6643db,2019-10-30,603012.SH,400,400,22.255577,34.17726,4768.6732,81
20260815_150541_6643db,2019-10-30,603585.SH,300,300,44.580888,39.44223,-1541.5974,81
20260815_150541_6643db,2019-10-30,603331.SH,600,600,16.724163,17.27784,332.2062,16
20260815_150541_6643db,2019-10-30,603661.SH,200,200,39.074792,41.29567,444.1756,16
20260815_150541_6643db,2019-10-30,603580.SH,400,400,24.758926,24.31158,-178.9384,16
20260815_150541_6643db,2019-10-30,002541.SZ,400,400,25.191456,26.6067,566.0976,16
20260815_150541_6643db,2019-10-30,002882.SZ,1000,1000,10.702965,10.7916,88.635,16
20260815_150541_6643db,2019-10-31,603012.SH,400,400,22.255577,33.44358,4475.2012,82
20260815_150541_6643db,2019-10-31,603331.SH,900,600,16.915923,16.89822,-15.9327,17
20260815_150541_6643db,2019-10-31,603661.SH,300,200,39.791163,40.75136,288.0591,17
20260815_150541_6643db,2019-10-31,603580.SH,600,400,24.593469,24.27192,-192.9294,17
20260815_150541_6643db,2019-10-31,002541.SZ,500,400,25.481158,26.51235,515.596,17
20260815_150541_6643db,2019-10-31,002882.SZ,1400,1000,10.708801,10.7814,101.6386,17
20260815_150541_6643db,2019-11-01,603012.SH,400,400,22.255577,34.2384,4793.1292,83
20260815_150541_6643db,2019-11-01,603331.SH,900,900,16.915923,16.73406,-163.6767,18
20260815_150541_6643db,2019-11-01,603661.SH,300,300,39.791163,41.17243,414.3801,18
20260815_150541_6643db,2019-11-01,603580.SH,600,600,24.593469,24.45039,-85.8474,18
20260815_150541_6643db,2019-11-01,002541.SZ,500,500,25.481158,26.6067,562.771,18
20260815_150541_6643db,2019-11-01,002882.SZ,1400,1400,10.708801,10.9548,344.3986,18
20260815_150541_6643db,2019-11-04,603012.SH,400,400,22.255577,34.42182,4866.4972,84
20260815_150541_6643db,2019-11-04,603331.SH,900,900,16.915923,16.71354,-182.1447,19
20260815_150541_6643db,2019-11-04,603661.SH,300,300,39.791163,41.58323,537.6201,19
20260815_150541_6643db,2019-11-04,603580.SH,600,600,24.593469,24.45039,-85.8474,19
20260815_150541_6643db,2019-11-04,002541.SZ,500,500,25.481158,26.4809,499.871,19
20260815_150541_6643db,2019-11-04,002882.SZ,1400,1400,10.708801,10.9344,315.8386,19
20260815_150541_6643db,2019-11-05,603012.SH,400,400,22.255577,34.52372,4907.2572,85
20260815_150541_6643db,2019-11-05,603331.SH,900,900,16.915923,16.81614,-89.8047,20
20260815_150541_6643db,2019-11-05,603661.SH,300,300,39.791163,43.14427,1005.9321,20
20260815_150541_6643db,2019-11-05,603580.SH,600,600,24.593469,24.7875,116.4186,20
20260815_150541_6643db,2019-11-05,002541.SZ,500,500,25.481158,26.44945,484.146,20
20260815_150541_6643db,2019-11-05,002882.SZ,1400,1400,10.708801,10.863,215.8786,20
20260815_150541_6643db,2019-11-06,603012.SH,400,400,22.255577,34.42182,4866.4972,86
20260815_150541_6643db,2019-11-06,603331.SH,900,900,16.915923,16.69302,-200.6127,21
20260815_150541_6643db,2019-11-06,603661.SH,300,300,39.791163,43.21616,1027.4991,21
20260815_150541_6643db,2019-11-06,603580.SH,600,600,24.593469,24.27192,-192.9294,21
20260815_150541_6643db,2019-11-06,002541.SZ,500,500,25.481158,26.00915,263.996,21
20260815_150541_6643db,2019-11-06,002882.SZ,1400,1400,10.708801,10.7916,115.9186,21
20260815_150541_6643db,2019-11-07,603012.SH,400,400,22.255577,34.09574,4736.0652,87
20260815_150541_6643db,2019-11-07,603331.SH,900,900,16.915923,16.79562,-108.2727,22
20260815_150541_6643db,2019-11-07,603661.SH,300,300,39.791163,44.35613,1369.4901,22
20260815_150541_6643db,2019-11-07,603580.SH,600,600,24.593469,24.35124,-145.3374,22
20260815_150541_6643db,2019-11-07,002541.SZ,500,500,25.481158,26.0406,279.721,22
20260815_150541_6643db,2019-11-07,002882.SZ,1400,1400,10.708801,10.6998,-12.6014,22
20260815_150541_6643db,2019-11-08,603012.SH,400,400,22.255577,34.1365,4752.3692,88
20260815_150541_6643db,2019-11-08,603331.SH,900,900,16.915923,16.83666,-71.3367,23
20260815_150541_6643db,2019-11-08,603661.SH,300,300,39.791163,43.49345,1110.6861,23
20260815_150541_6643db,2019-11-08,603580.SH,600,600,24.593469,24.50988,-50.1534,23
20260815_150541_6643db,2019-11-08,002541.SZ,500,500,25.481158,26.38655,452.696,23
20260815_150541_6643db,2019-11-08,002882.SZ,1400,1400,10.708801,10.6896,-26.8814,23
20260815_150541_6643db,2019-11-11,603012.SH,400,400,22.255577,32.85256,4238.7932,89
20260815_150541_6643db,2019-11-11,603331.SH,900,900,16.915923,16.12872,-708.4827,24
20260815_150541_6643db,2019-11-11,603661.SH,300,300,39.791163,41.6962,571.5111,24
20260815_150541_6643db,2019-11-11,603580.SH,600,600,24.593469,23.87532,-430.8894,24
20260815_150541_6643db,2019-11-11,002541.SZ,500,500,25.481158,26.32365,421.246,24
20260815_150541_6643db,2019-11-11,002882.SZ,1400,1400,10.708801,10.3632,-483.8414,24
20260815_150541_6643db,2019-11-12,603012.SH,400,400,22.255577,33.1175,4344.7692,90
20260815_150541_6643db,2019-11-12,603331.SH,900,900,16.915923,16.1595,-680.7807,25
20260815_150541_6643db,2019-11-12,603661.SH,300,300,39.791163,42.08646,688.5891,25
20260815_150541_6643db,2019-11-12,603580.SH,600,600,24.593469,23.75634,-502.2774,25
20260815_150541_6643db,2019-11-12,002541.SZ,500,500,25.481158,26.26075,389.796,25
20260815_150541_6643db,2019-11-12,002882.SZ,1400,1400,10.708801,10.251,-640.9214,25
20260815_150541_6643db,2019-11-13,603012.SH,400,400,22.255577,33.17864,4369.2252,91
20260815_150541_6643db,2019-11-13,603331.SH,900,900,16.915923,15.96456,-856.2267,26
20260815_150541_6643db,2019-11-13,603661.SH,300,300,39.791163,42.27132,744.0471,26
20260815_150541_6643db,2019-11-13,603580.SH,600,600,24.593469,23.51838,-645.0534,26
20260815_150541_6643db,2019-11-13,002541.SZ,500,500,25.481158,26.07205,295.446,26
20260815_150541_6643db,2019-11-13,002882.SZ,1400,1400,10.708801,10.1694,-755.1614,26
20260815_150541_6643db,2019-11-14,603012.SH,400,400,22.255577,33.5251,4507.8092,92
20260815_150541_6643db,2019-11-14,603331.SH,900,900,16.915923,16.0056,-819.2907,27
20260815_150541_6643db,2019-11-14,603661.SH,300,300,39.791163,41.85025,617.7261,27
20260815_150541_6643db,2019-11-14,603580.SH,600,600,24.593469,23.61753,-585.5634,27
20260815_150541_6643db,2019-11-14,002541.SZ,500,500,25.481158,26.07205,295.446,27
20260815_150541_6643db,2019-11-14,002882.SZ,1400,1400,10.708801,10.1694,-755.1614,27
20260815_150541_6643db,2019-11-15,603012.SH,400,400,22.255577,33.36206,4442.5932,93
20260815_150541_6643db,2019-11-15,603331.SH,900,900,16.915923,15.65676,-1133.2467,28
20260815_150541_6643db,2019-11-15,603661.SH,300,300,39.791163,42.39456,781.0191,28
20260815_150541_6643db,2019-11-15,603580.SH,600,600,24.593469,23.30025,-775.9314,28
20260815_150541_6643db,2019-11-15,002541.SZ,500,500,25.481158,25.94625,232.546,28
20260815_150541_6643db,2019-11-15,002882.SZ,1400,1400,10.708801,10.0368,-940.8014,28
20260815_150541_6643db,2019-11-18,603012.SH,400,400,22.255577,34.36068,4842.0412,94
20260815_150541_6643db,2019-11-18,603331.SH,900,900,16.915923,15.8004,-1003.9707,29
20260815_150541_6643db,2019-11-18,603661.SH,300,300,39.791163,44.03776,1273.9791,29
20260815_150541_6643db,2019-11-18,603580.SH,600,600,24.593469,23.5977,-597.4614,29
20260815_150541_6643db,2019-11-18,002541.SZ,500,500,25.481158,25.9777,248.271,29
20260815_150541_6643db,2019-11-18,002882.SZ,1400,1400,10.708801,10.0776,-883.6814,29
20260815_150541_6643db,2019-11-19,603012.SH,400,400,22.255577,35.70576,5380.0732,95
20260815_150541_6643db,2019-11-19,603331.SH,900,900,16.915923,15.99534,-828.5247,30
20260815_150541_6643db,2019-11-19,603661.SH,300,300,39.791163,44.25343,1338.6801,30
20260815_150541_6643db,2019-11-19,603580.SH,600,600,24.593469,24.03396,-335.7054,30
20260815_150541_6643db,2019-11-19,002541.SZ,500,500,25.481158,26.32365,421.246,30
20260815_150541_6643db,2019-11-19,002882.SZ,1400,1400,10.708801,10.3122,-555.2414,30
20260815_150541_6643db,2019-11-20,603012.SH,400,400,22.255577,35.68538,5371.9212,96
20260815_150541_6643db,2019-11-20,603331.SH,900,900,16.915923,15.7491,-1050.1407,31
20260815_150541_6643db,2019-11-20,603661.SH,300,300,39.791163,42.97995,956.6361,31
20260815_150541_6643db,2019-11-20,603580.SH,600,600,24.593469,23.75634,-502.2774,31
20260815_150541_6643db,2019-11-20,002541.SZ,500,500,25.481158,26.26075,389.796,31
20260815_150541_6643db,2019-11-20,002882.SZ,1400,1400,10.708801,10.1898,-726.6014,31
20260815_150541_6643db,2019-11-21,603012.SH,400,400,22.255577,35.52234,5306.7052,97
20260815_150541_6643db,2019-11-21,603331.SH,900,900,16.915923,15.71832,-1077.8427,32
20260815_150541_6643db,2019-11-21,603661.SH,300,300,39.791163,43.00049,962.7981,32
20260815_150541_6643db,2019-11-21,603580.SH,600,600,24.593469,23.67702,-549.8694,32
20260815_150541_6643db,2019-11-21,002541.SZ,500,500,25.481158,26.32365,421.246,32
20260815_150541_6643db,2019-11-21,002882.SZ,1400,1400,10.708801,10.1286,-812.2814,32
20260815_150541_6643db,2019-11-22,603012.SH,400,400,22.255577,35.40006,5257.7932,98
20260815_150541_6643db,2019-11-22,603331.SH,900,900,16.915923,15.5439,-1234.8207,33
20260815_150541_6643db,2019-11-22,603661.SH,300,300,39.791163,41.4908,509.8911,33
20260815_150541_6643db,2019-11-22,603580.SH,600,600,24.593469,23.41923,-704.5434,33
20260815_150541_6643db,2019-11-22,002541.SZ,500,500,25.481158,27.64455,1081.696,33
20260815_150541_6643db,2019-11-22,002882.SZ,1400,1400,10.708801,10.1286,-812.2814,33
20260815_150541_6643db,2019-11-25,603012.SH,500,400,24.934136,35.3593,5212.582,99
20260815_150541_6643db,2019-11-25,603661.SH,400,300,40.254748,41.48053,490.3128,34
20260815_150541_6643db,2019-11-25,603580.SH,700,600,24.438413,23.63736,-560.7371,34
20260815_150541_6643db,2019-11-25,002541.SZ,600,500,25.936703,28.46225,1515.3282,34
20260815_150541_6643db,2019-11-25,002882.SZ,1800,1400,10.587221,10.1286,-825.5178,34
20260815_150541_6643db,2019-11-26,603012.SH,500,500,24.934136,35.52234,5294.102,100
20260815_150541_6643db,2019-11-26,603661.SH,400,400,40.254748,41.08,330.1008,35
20260815_150541_6643db,2019-11-26,603580.SH,700,700,24.438413,23.45889,-685.6661,35
20260815_150541_6643db,2019-11-26,002541.SZ,600,600,25.936703,28.6195,1609.6782,35
20260815_150541_6643db,2019-11-26,002882.SZ,1800,1800,10.587221,10.149,-788.7978,35
20260815_150541_6643db,2019-11-27,603012.SH,500,500,24.934136,35.48158,5273.722,101
20260815_150541_6643db,2019-11-27,603661.SH,400,400,40.254748,40.7719,206.8608,36
20260815_150541_6643db,2019-11-27,603580.SH,700,700,24.438413,23.30025,-796.7141,36
20260815_150541_6643db,2019-11-27,002541.SZ,600,600,25.936703,30.1291,2515.4382,36
20260815_150541_6643db,2019-11-27,002882.SZ,1800,1800,10.587221,10.098,-880.5978,36
20260815_150541_6643db,2019-11-28,603012.SH,500,500,24.934136,35.03322,5049.542,102
20260815_150541_6643db,2019-11-28,603661.SH,400,400,40.254748,40.92595,268.4808,37
20260815_150541_6643db,2019-11-28,603580.SH,700,700,24.438413,22.96314,-1032.6911,37
20260815_150541_6643db,2019-11-28,002541.SZ,600,600,25.936703,30.28635,2609.7882,37
20260815_150541_6643db,2019-11-28,002882.SZ,1800,1800,10.587221,10.0776,-917.3178,37
20260815_150541_6643db,2019-11-29,603012.SH,500,500,24.934136,35.13512,5100.492,103
20260815_150541_6643db,2019-11-29,603661.SH,400,400,40.254748,40.80271,219.1848,38
20260815_150541_6643db,2019-11-29,603580.SH,700,700,24.438413,22.90365,-1074.3341,38
20260815_150541_6643db,2019-11-29,002541.SZ,600,600,25.936703,30.60085,2798.4882,38
20260815_150541_6643db,2019-11-29,002882.SZ,1800,1800,10.587221,10.1082,-862.2378,38
20260815_150541_6643db,2019-12-02,603012.SH,500,500,24.934136,31.62976,3347.812,104
20260815_150541_6643db,2019-12-02,603661.SH,400,400,40.254748,40.44326,75.4048,39
20260815_150541_6643db,2019-12-02,603580.SH,700,700,24.438413,22.72518,-1199.2631,39
20260815_150541_6643db,2019-12-02,002541.SZ,600,600,25.936703,31.22985,3175.8882,39
20260815_150541_6643db,2019-12-02,002882.SZ,1800,1800,10.587221,10.1388,-807.1578,39
20260815_150541_6643db,2019-12-03,603012.SH,500,500,24.934136,28.47086,1768.362,105
20260815_150541_6643db,2019-12-03,603661.SH,400,400,40.254748,40.68974,173.9968,40
20260815_150541_6643db,2019-12-03,603580.SH,700,700,24.438413,22.92348,-1060.4531,40
20260815_150541_6643db,2019-12-03,002541.SZ,600,600,25.936703,31.7016,3458.9382,40
20260815_150541_6643db,2019-12-03,002882.SZ,1800,1800,10.587221,10.1184,-843.8778,40
20260815_150541_6643db,2019-12-04,603012.SH,500,500,24.934136,25.61766,341.762,106
20260815_150541_6643db,2019-12-04,603661.SH,400,400,40.254748,41.08,330.1008,41
20260815_150541_6643db,2019-12-04,603580.SH,700,700,24.438413,23.10195,-935.5241,41
20260815_150541_6643db,2019-12-04,002541.SZ,600,600,25.936703,31.29275,3213.6282,41
20260815_150541_6643db,2019-12-04,002882.SZ,1800,1800,10.587221,10.0878,-898.9578,41
20260815_150541_6643db,2019-12-05,603012.SH,500,500,24.934136,23.04978,-942.178,107
20260815_150541_6643db,2019-12-05,603661.SH,400,400,40.254748,41.32648,428.6928,42
20260815_150541_6643db,2019-12-05,603580.SH,700,700,24.438413,23.22093,-852.2381,42
20260815_150541_6643db,2019-12-05,002541.SZ,600,600,25.936703,31.45,3307.9782,42
20260815_150541_6643db,2019-12-05,002882.SZ,1800,1800,10.587221,10.251,-605.1978,42
20260815_150541_6643db,2019-12-06,603012.SH,500,500,24.934136,20.74684,-2093.648,108
20260815_150541_6643db,2019-12-06,603661.SH,400,400,40.254748,41.33675,432.8008,43
20260815_150541_6643db,2019-12-06,603580.SH,700,700,24.438413,23.61753,-574.6181,43
20260815_150541_6643db,2019-12-06,002541.SZ,600,600,25.936703,31.16695,3138.1482,43
20260815_150541_6643db,2019-12-06,002882.SZ,1800,1800,10.587221,10.3224,-476.6778,43
20260815_150541_6643db,2019-12-09,603012.SH,500,500,24.934136,21.46014,-1736.998,109
20260815_150541_6643db,2019-12-09,603661.SH,500,400,40.530842,42.5178,993.479,44
20260815_150541_6643db,2019-12-09,603580.SH,900,700,24.262556,23.57787,-616.2174,44
20260815_150541_6643db,2019-12-09,002541.SZ,700,600,26.71194,31.29275,3206.567,44
20260815_150541_6643db,2019-12-09,002882.SZ,2100,1800,10.551233,10.3122,-501.9693,44
20260815_150541_6643db,2019-12-10,603661.SH,500,500,40.530842,42.42537,947.264,45
20260815_150541_6643db,2019-12-10,603580.SH,900,900,24.262556,23.67702,-526.9824,45
20260815_150541_6643db,2019-12-10,002541.SZ,700,700,26.71194,30.3178,2524.102,45
20260815_150541_6643db,2019-12-10,002882.SZ,2100,2100,10.551233,10.353,-416.2893,45
20260815_150541_6643db,2019-12-11,603661.SH,500,500,40.530842,41.87079,669.974,46
20260815_150541_6643db,2019-12-11,603580.SH,900,900,24.262556,23.67702,-526.9824,46
20260815_150541_6643db,2019-12-11,002541.SZ,700,700,26.71194,30.192,2436.042,46
20260815_150541_6643db,2019-12-11,002882.SZ,2100,2100,10.551233,10.3938,-330.6093,46
20260815_150541_6643db,2019-12-12,603661.SH,500,500,40.530842,40.82325,146.204,47
20260815_150541_6643db,2019-12-12,603580.SH,900,900,24.262556,23.43906,-741.1464,47
20260815_150541_6643db,2019-12-12,002541.SZ,700,700,26.71194,30.0662,2347.982,47
20260815_150541_6643db,2019-12-12,002882.SZ,2100,2100,10.551233,10.404,-309.1893,47
20260815_150541_6643db,2019-12-13,603661.SH,500,500,40.530842,41.23405,351.604,48
20260815_150541_6643db,2019-12-13,603580.SH,900,900,24.262556,23.73651,-473.4414,48
20260815_150541_6643db,2019-12-13,002541.SZ,700,700,26.71194,30.34925,2546.117,48
20260815_150541_6643db,2019-12-13,002882.SZ,2100,2100,10.551233,10.5264,-52.1493,48
20260815_150541_6643db,2019-12-16,603661.SH,500,500,40.530842,45.10584,2287.499,49
20260815_150541_6643db,2019-12-16,603580.SH,900,900,24.262556,23.95464,-277.1244,49
20260815_150541_6643db,2019-12-16,002541.SZ,700,700,26.71194,31.22985,3162.537,49
20260815_150541_6643db,2019-12-16,002882.SZ,2100,2100,10.551233,10.6794,269.1507,49
20260815_150541_6643db,2019-12-17,603661.SH,500,500,40.530842,45.00314,2236.149,50
20260815_150541_6643db,2019-12-17,603580.SH,900,900,24.262556,24.1926,-62.9604,50
20260815_150541_6643db,2019-12-17,002541.SZ,700,700,26.71194,31.35565,3250.597,50
20260815_150541_6643db,2019-12-17,002882.SZ,2100,2100,10.551233,10.812,547.6107,50
20260815_150541_6643db,2019-12-18,603661.SH,500,500,40.530842,45.2907,2379.929,51
20260815_150541_6643db,2019-12-18,603580.SH,900,900,24.262556,24.33141,61.9686,51
20260815_150541_6643db,2019-12-18,002541.SZ,700,700,26.71194,33.337,4637.542,51
20260815_150541_6643db,2019-12-18,002882.SZ,2100,2100,10.551233,10.8426,611.8707,51
20260815_150541_6643db,2019-12-19,603661.SH,500,500,40.530842,45.23935,2354.254,52
20260815_150541_6643db,2019-12-19,603580.SH,900,900,24.262556,24.3909,115.5096,52
20260815_150541_6643db,2019-12-19,002541.SZ,700,700,26.71194,34.2805,5297.992,52
20260815_150541_6643db,2019-12-19,002882.SZ,2100,2100,10.551233,10.8834,697.5507,52
20260815_150541_6643db,2019-12-20,603661.SH,500,500,40.530842,44.6745,2071.829,53
20260815_150541_6643db,2019-12-20,603580.SH,900,900,24.262556,24.3909,115.5096,53
20260815_150541_6643db,2019-12-20,002541.SZ,700,700,26.71194,34.06035,5143.887,53
20260815_150541_6643db,2019-12-20,002882.SZ,2100,2100,10.551233,10.7712,461.9307,53
20260815_150541_6643db,2019-12-23,603661.SH,500,500,40.530842,43.97614,1722.649,54
20260815_150541_6643db,2019-12-23,603580.SH,900,900,24.262556,23.77617,-437.7474,54
20260815_150541_6643db,2019-12-23,002541.SZ,700,700,26.71194,33.5886,4813.662,54
20260815_150541_6643db,2019-12-23,002882.SZ,2100,2100,10.551233,10.5876,76.3707,54
20260815_150541_6643db,2019-12-24,603661.SH,500,500,40.530842,44.42802,1948.589,55
20260815_150541_6643db,2019-12-24,603580.SH,900,900,24.262556,24.1926,-62.9604,55
20260815_150541_6643db,2019-12-24,002541.SZ,700,700,26.71194,34.18615,5231.947,55
20260815_150541_6643db,2019-12-24,002882.SZ,2100,2100,10.551233,10.7916,504.7707,55
20260815_150541_6643db,2019-12-25,603661.SH,500,500,40.530842,44.80801,2138.584,56
20260815_150541_6643db,2019-12-25,603580.SH,900,900,24.262556,24.21243,-45.1134,56
20260815_150541_6643db,2019-12-25,002541.SZ,700,700,26.71194,33.80875,4967.767,56
20260815_150541_6643db,2019-12-25,002882.SZ,2100,2100,10.551233,10.8222,569.0307,56
20260815_150541_6643db,2019-12-26,603661.SH,500,500,40.530842,45.4961,2482.629,57
20260815_150541_6643db,2019-12-26,603580.SH,900,900,24.262556,24.62886,329.6736,57
20260815_150541_6643db,2019-12-26,002541.SZ,700,700,26.71194,33.7144,4901.722,57
20260815_150541_6643db,2019-12-26,002882.SZ,2100,2100,10.551233,11.0058,954.5907,57
20260815_150541_6643db,2019-12-27,603661.SH,500,500,40.530842,45.21881,2343.984,58
20260815_150541_6643db,2019-12-27,603580.SH,900,900,24.262556,24.21243,-45.1134,58
20260815_150541_6643db,2019-12-27,002541.SZ,700,700,26.71194,32.8967,4329.332,58
20260815_150541_6643db,2019-12-27,002882.SZ,2100,2100,10.551233,10.7814,483.3507,58
20260815_150541_6643db,2019-12-30,603661.SH,500,500,40.530842,45.40367,2436.414,59
20260815_150541_6643db,2019-12-30,603580.SH,900,900,24.262556,24.74784,436.7556,59
20260815_150541_6643db,2019-12-30,002541.SZ,700,700,26.71194,33.4628,4725.602,59
20260815_150541_6643db,2019-12-30,002882.SZ,2100,2100,10.551233,10.9038,740.3907,59
20260815_150541_6643db,2019-12-31,603661.SH,500,500,40.530842,45.12638,2297.769,60
20260815_150541_6643db,2019-12-31,603580.SH,900,900,24.262556,24.94614,615.2256,60
20260815_150541_6643db,2019-12-31,002541.SZ,700,700,26.71194,33.30555,4615.527,60
20260815_150541_6643db,2019-12-31,002882.SZ,2100,2100,10.551233,10.8732,676.1307,60
20260815_150541_6643db,2020-01-02,603661.SH,500,500,40.530842,46.115497,2792.3275,61
20260815_150541_6643db,2020-01-02,603580.SH,900,900,24.262556,25.061328,718.8948,61
20260815_150541_6643db,2020-01-02,002541.SZ,700,700,26.71194,35.034186,5825.5722,61
20260815_150541_6643db,2020-01-02,002882.SZ,2100,2100,10.551233,10.890396,712.2423,61
20260815_150541_6643db,2020-01-03,600328.SH,400,0,24.895927,24.86484,-12.4348,1
20260815_150541_6643db,2020-01-03,600479.SH,100,0,104.513467,104.737604,22.4137,1
20260815_150541_6643db,2020-01-03,600106.SH,500,0,22.087432,22.201716,57.142,1
20260815_150541_6643db,2020-01-03,300599.SZ,1000,0,10.903086,10.87916,-23.926,1
20260815_150541_6643db,2020-01-03,600368.SH,700,0,15.153131,15.100948,-36.5281,1
20260815_150541_6643db,2020-01-03,601577.SH,1200,0,9.380162,9.36845,-14.0544,1
20260815_150541_6643db,2020-01-06,600328.SH,400,400,24.895927,24.83481,-24.4468,2
20260815_150541_6643db,2020-01-06,600479.SH,100,100,104.513467,105.328674,81.5207,2
20260815_150541_6643db,2020-01-06,600106.SH,500,500,22.087432,21.776124,-155.654,2
20260815_150541_6643db,2020-01-06,300599.SZ,1000,1000,10.903086,10.806976,-96.11,2
20260815_150541_6643db,2020-01-06,600368.SH,700,700,15.153131,15.067686,-59.8115,2
20260815_150541_6643db,2020-01-06,601577.SH,1200,1200,9.380162,9.296385,-100.5324,2
20260815_150541_6643db,2020-01-07,600328.SH,400,400,24.895927,25.07505,71.6492,3
20260815_150541_6643db,2020-01-07,600479.SH,100,100,104.513467,106.037958,152.4491,3
20260815_150541_6643db,2020-01-07,600106.SH,500,500,22.087432,21.98892,-49.256,3
20260815_150541_6643db,2020-01-07,300599.SZ,1000,1000,10.903086,10.992592,89.506,3
20260815_150541_6643db,2020-01-07,600368.SH,700,700,15.153131,15.500092,242.8727,3
20260815_150541_6643db,2020-01-07,601577.SH,1200,1200,9.380162,9.378745,-1.7004,3
20260815_150541_6643db,2020-01-08,600328.SH,400,400,24.895927,24.59457,-120.5428,4
20260815_150541_6643db,2020-01-08,600479.SH,100,100,104.513467,103.910106,-60.3361,4
20260815_150541_6643db,2020-01-08,600106.SH,500,500,22.087432,21.563328,-262.052,4
20260815_150541_6643db,2020-01-08,300599.SZ,1000,1000,10.903086,10.745104,-157.982,4
20260815_150541_6643db,2020-01-08,600368.SH,700,700,15.153131,15.167472,10.0387,4
20260815_150541_6643db,2020-01-08,601577.SH,1200,1200,9.380162,9.193435,-224.0724,4
20260815_150541_6643db,2020-01-09,600328.SH,400,400,24.895927,24.95493,23.6012,5
20260815_150541_6643db,2020-01-09,600479.SH,100,100,104.513467,105.565102,105.1635,5
20260815_150541_6643db,2020-01-09,600106.SH,500,500,22.087432,21.776124,-155.654,5
20260815_150541_6643db,2020-01-09,300599.SZ,1000,1000,10.903086,11.0854,182.314,5
20260815_150541_6643db,2020-01-09,600368.SH,700,700,15.153131,15.400306,173.0225,5
20260815_150541_6643db,2020-01-09,601577.SH,1200,1200,9.380162,9.2655,-137.5944,5
20260815_150541_6643db,2020-01-10,600328.SH,400,400,24.895927,25.2252,131.7092,6
20260815_150541_6643db,2020-01-10,600479.SH,100,100,104.513467,106.156172,164.2705,6
20260815_150541_6643db,2020-01-10,600106.SH,500,500,22.087432,21.705192,-191.12,6
20260815_150541_6643db,2020-01-10,300599.SZ,1000,1000,10.903086,10.951344,48.258,6
20260815_150541_6643db,2020-01-10,600368.SH,700,700,15.153131,15.400306,173.0225,6
20260815_150541_6643db,2020-01-10,601577.SH,1200,1200,9.380162,9.2655,-137.5944,6
20260815_150541_6643db,2020-01-13,600328.SH,400,400,24.895927,25.13511,95.6732,7
20260815_150541_6643db,2020-01-13,600479.SH,100,100,104.513467,106.3926,187.9133,7
20260815_150541_6643db,2020-01-13,600106.SH,500,500,22.087432,21.705192,-191.12,7
20260815_150541_6643db,2020-01-13,300599.SZ,1000,1000,10.903086,11.126648,223.562,7
20260815_150541_6643db,2020-01-13,600368.SH,700,700,15.153131,15.367044,149.7391,7
20260815_150541_6643db,2020-01-13,601577.SH,1200,1200,9.380162,9.316975,-75.8244,7
20260815_150541_6643db,2020-01-14,600328.SH,400,400,24.895927,25.07505,71.6492,8
20260815_150541_6643db,2020-01-14,600479.SH,100,100,104.513467,106.3926,187.9133,8
20260815_150541_6643db,2020-01-14,600106.SH,500,500,22.087432,21.776124,-155.654,8
20260815_150541_6643db,2020-01-14,300599.SZ,1000,1000,10.903086,11.13696,233.874,8
20260815_150541_6643db,2020-01-14,600368.SH,700,700,15.153131,15.367044,149.7391,8
20260815_150541_6643db,2020-01-14,601577.SH,1200,1200,9.380162,9.30668,-88.1784,8
20260815_150541_6643db,2020-01-15,600328.SH,400,400,24.895927,24.83481,-24.4468,9
20260815_150541_6643db,2020-01-15,600479.SH,100,100,104.513467,106.037958,152.4491,9
20260815_150541_6643db,2020-01-15,600106.SH,500,500,22.087432,21.563328,-262.052,9
20260815_150541_6643db,2020-01-15,300599.SZ,1000,1000,10.903086,11.023528,120.442,9
20260815_150541_6643db,2020-01-15,600368.SH,700,700,15.153131,15.167472,10.0387,9
20260815_150541_6643db,2020-01-15,601577.SH,1200,1200,9.380162,9.22432,-187.0104,9
20260815_150541_6643db,2020-01-16,600328.SH,400,400,24.895927,24.71469,-72.4948,10
20260815_150541_6643db,2020-01-16,600479.SH,100,100,104.513467,104.737604,22.4137,10
20260815_150541_6643db,2020-01-16,600106.SH,500,500,22.087432,21.350532,-368.45,10
20260815_150541_6643db,2020-01-16,300599.SZ,1000,1000,10.903086,10.889472,-13.614,10
20260815_150541_6643db,2020-01-16,600368.SH,700,700,15.153131,15.167472,10.0387,10
20260815_150541_6643db,2020-01-16,601577.SH,1200,1200,9.380162,9.18314,-236.4264,10
20260815_150541_6643db,2020-01-17,600328.SH,400,400,24.895927,24.53451,-144.5668,11
20260815_150541_6643db,2020-01-17,600479.SH,100,100,104.513467,104.974032,46.0565,11
20260815_150541_6643db,2020-01-17,600106.SH,500,500,22.087432,21.421464,-332.984,11
20260815_150541_6643db,2020-01-17,300599.SZ,1000,1000,10.903086,10.858536,-44.55,11
20260815_150541_6643db,2020-01-17,600368.SH,700,700,15.153131,15.067686,-59.8115,11
20260815_150541_6643db,2020-01-17,601577.SH,1200,1200,9.380162,9.152255,-273.4884,11
20260815_150541_6643db,2020-01-20,600328.SH,400,400,24.895927,24.86484,-12.4348,12
20260815_150541_6643db,2020-01-20,600479.SH,100,100,104.513467,108.402238,388.8771,12
20260815_150541_6643db,2020-01-20,600106.SH,500,500,22.087432,21.563328,-262.052,12
20260815_150541_6643db,2020-01-20,300599.SZ,1000,1000,10.903086,11.405072,501.986,12
20260815_150541_6643db,2020-01-20,600368.SH,700,700,15.153131,15.167472,10.0387,12
20260815_150541_6643db,2020-01-20,601577.SH,1200,1200,9.380162,9.24491,-162.3024,12
20260815_150541_6643db,2020-01-21,600328.SH,400,400,24.895927,24.59457,-120.5428,13
20260815_150541_6643db,2020-01-21,600479.SH,100,100,104.513467,111.002946,648.9479,13
20260815_150541_6643db,2020-01-21,600106.SH,500,500,22.087432,21.421464,-332.984,13
20260815_150541_6643db,2020-01-21,300599.SZ,1000,1000,10.903086,11.219456,316.37,13
20260815_150541_6643db,2020-01-21,600368.SH,700,700,15.153131,14.9679,-129.6617,13
20260815_150541_6643db,2020-01-21,601577.SH,1200,1200,9.380162,9.12137,-310.5504,13
20260815_150541_6643db,2020-01-22,600328.SH,400,400,24.895927,24.68466,-84.5068,14
20260815_150541_6643db,2020-01-22,600479.SH,100,100,104.513467,108.875094,436.1627,14
20260815_150541_6643db,2020-01-22,600106.SH,500,500,22.087432,21.563328,-262.052,14
20260815_150541_6643db,2020-01-22,300599.SZ,1000,1000,10.903086,11.198832,295.746,14
20260815_150541_6643db,2020-01-22,600368.SH,700,700,15.153131,14.934638,-152.9451,14
20260815_150541_6643db,2020-01-22,601577.SH,1200,1200,9.380162,9.090485,-347.6124,14
20260815_150541_6643db,2020-01-23,600328.SH,400,400,24.895927,25.19517,119.6972,15
20260815_150541_6643db,2020-01-23,600479.SH,100,100,104.513467,108.16581,365.2343,15
20260815_150541_6643db,2020-01-23,600106.SH,500,500,22.087432,20.995872,-545.78,15
20260815_150541_6643db,2020-01-23,300599.SZ,1000,1000,10.903086,10.806976,-96.11,15
20260815_150541_6643db,2020-01-23,600368.SH,700,700,15.153131,14.502232,-455.6293,15
20260815_150541_6643db,2020-01-23,601577.SH,1200,1200,9.380162,8.89488,-582.3384,15
20260815_150541_6643db,2020-02-03,600328.SH,400,400,24.895927,23.27325,-649.0708,16
20260815_150541_6643db,2020-02-03,600479.SH,100,100,104.513467,97.644764,-686.8703,16
20260815_150541_6643db,2020-02-03,600106.SH,500,500,22.087432,18.867912,-1609.76,16
20260815_150541_6643db,2020-02-03,300599.SZ,1000,1000,10.903086,9.724216,-1178.87,16
20260815_150541_6643db,2020-02-03,600368.SH,700,700,15.153131,13.038704,-1480.0989,16
20260815_150541_6643db,2020-02-03,601577.SH,1200,1200,9.380162,8.060985,-1583.0124,16
20260815_150541_6643db,2020-02-04,600328.SH,1800,400,23.726634,25.43541,3075.7968,17
20260815_150541_6643db,2020-02-04,600479.SH,400,100,100.429985,103.319036,1155.6204,17
20260815_150541_6643db,2020-02-05,600328.SH,1800,1800,23.726634,26.45643,4913.6328,18
20260815_150541_6643db,2020-02-05,600479.SH,400,400,100.429985,113.603654,5269.4676,18
20260815_150541_6643db,2020-02-06,600328.SH,1800,1800,23.726634,26.60658,5183.9028,19
20260815_150541_6643db,2020-02-06,600479.SH,400,400,100.429985,124.952198,9808.8852,19
20260815_150541_6643db,2020-02-07,600328.SH,1800,1800,23.726634,26.90688,5724.4428,20
20260815_150541_6643db,2020-02-07,600479.SH,400,400,100.429985,117.859358,6971.7492,20
20260815_150541_6643db,2020-02-10,600328.SH,1800,1800,23.726634,26.39637,4805.5248,21
20260815_150541_6643db,2020-02-10,600479.SH,400,400,100.429985,111.357588,4371.0412,21
20260815_150541_6643db,2020-02-11,600328.SH,1800,1800,23.726634,27.89787,7508.2248,22
20260815_150541_6643db,2020-02-11,600479.SH,400,400,100.429985,110.175448,3898.1852,22
20260815_150541_6643db,2020-02-12,600328.SH,1800,1800,23.726634,27.89787,7508.2248,23
20260815_150541_6643db,2020-02-12,600479.SH,400,400,100.429985,110.648304,4087.3276,23
20260815_150541_6643db,2020-02-13,600328.SH,1800,1800,23.726634,26.93691,5778.4968,24
20260815_150541_6643db,2020-02-13,600479.SH,400,400,100.429985,107.811168,2952.4732,24
20260815_150541_6643db,2020-02-14,600328.SH,1800,1800,23.726634,27.08706,6048.7668,25
20260815_150541_6643db,2020-02-14,600479.SH,400,400,100.429985,106.629028,2479.6172,25
20260815_150541_6643db,2020-02-17,600328.SH,1800,1800,23.726634,27.56754,6913.6308,26
20260815_150541_6643db,2020-02-17,600479.SH,400,400,100.429985,108.875094,3378.0436,26
20260815_150541_6643db,2020-02-18,600328.SH,1800,1800,23.726634,27.05703,5994.7128,27
20260815_150541_6643db,2020-02-18,600479.SH,400,400,100.429985,111.002946,4229.1844,27
20260815_150541_6643db,2020-02-19,600328.SH,1800,1800,23.726634,28.2282,8102.8188,28
20260815_150541_6643db,2020-02-19,600479.SH,400,400,100.429985,111.71223,4512.898,28
20260815_150541_6643db,2020-02-20,600328.SH,1800,1800,23.726634,28.10808,7886.6028,29
20260815_150541_6643db,2020-02-20,600479.SH,400,400,100.429985,111.594016,4465.6124,29
20260815_150541_6643db,2020-02-21,600328.SH,1800,1800,23.726634,27.83781,7400.1168,30
20260815_150541_6643db,2020-02-21,600479.SH,400,400,100.429985,111.357588,4371.0412,30
20260815_150541_6643db,2020-02-24,600328.SH,1800,1800,23.726634,27.77775,7292.0088,31
20260815_150541_6643db,2020-02-24,600479.SH,400,400,100.429985,111.948658,4607.4692,31
20260815_150541_6643db,2020-02-25,600328.SH,1800,1800,23.726634,27.027,5940.6588,32
20260815_150541_6643db,2020-02-25,600479.SH,400,400,100.429985,112.3033,4749.326,32
20260815_150541_6643db,2020-02-26,600328.SH,1800,1800,23.726634,27.47745,6751.4688,33
20260815_150541_6643db,2020-02-26,600479.SH,400,400,100.429985,109.34795,3567.186,33
20260815_150541_6643db,2020-02-27,600328.SH,1800,1800,23.726634,27.027,5940.6588,34
20260815_150541_6643db,2020-02-27,600479.SH,400,400,100.429985,109.111522,3472.6148,34
20260815_150541_6643db,2020-02-28,600328.SH,1800,1800,23.726634,25.70568,3562.2828,35
20260815_150541_6643db,2020-02-28,600479.SH,400,400,100.429985,104.737604,1723.0476,35
20260815_150541_6643db,2020-03-02,600328.SH,1800,1800,23.726634,26.57655,5129.8488,36
20260815_150541_6643db,2020-03-02,600479.SH,400,400,100.429985,106.865456,2574.1884,36
20260815_150541_6643db,2020-03-03,600328.SH,1800,1800,23.726634,26.60658,5183.9028,37
20260815_150541_6643db,2020-03-03,600479.SH,400,400,100.429985,107.101884,2668.7596,37
20260815_150541_6643db,2020-03-04,600328.SH,1800,1800,23.726634,26.45643,4913.6328,38
20260815_150541_6643db,2020-03-04,600479.SH,400,400,100.429985,106.98367,2621.474,38
20260815_150541_6643db,2020-03-05,600328.SH,1800,1800,23.726634,26.78676,5508.2268,39
20260815_150541_6643db,2020-03-05,600479.SH,400,400,100.429985,108.16581,3094.33,39
20260815_150541_6643db,2020-03-06,600328.SH,1800,1800,23.726634,26.4264,4859.5788,40
20260815_150541_6643db,2020-03-06,600479.SH,400,400,100.429985,108.638666,3283.4724,40
20260815_150541_6643db,2020-03-09,600328.SH,1800,1800,23.726634,25.5255,3237.9588,41
20260815_150541_6643db,2020-03-09,600479.SH,400,400,100.429985,108.402238,3188.9012,41
20260815_150541_6643db,2020-03-10,600328.SH,1800,1800,23.726634,26.00598,4102.8228,42
20260815_150541_6643db,2020-03-10,600479.SH,400,400,100.429985,107.692954,2905.1876,42
20260815_150541_6643db,2020-03-11,600328.SH,1800,1800,23.726634,25.46544,3129.8508,43
20260815_150541_6643db,2020-03-11,600479.SH,400,400,100.429985,106.274386,2337.7604,43
20260815_150541_6643db,2020-03-12,600328.SH,1800,1800,23.726634,25.07505,2427.1488,44
20260815_150541_6643db,2020-03-12,600479.SH,400,400,100.429985,104.264748,1533.9052,44
20260815_150541_6643db,2020-03-13,600328.SH,1800,1800,23.726634,24.6246,1616.3388,45
20260815_150541_6643db,2020-03-13,600479.SH,400,400,100.429985,102.727966,919.1924,45
20260815_150541_6643db,2020-03-16,600328.SH,1800,1800,23.726634,23.78376,102.8268,46
20260815_150541_6643db,2020-03-16,600479.SH,400,400,100.429985,101.309398,351.7652,46
20260815_150541_6643db,2020-03-17,600328.SH,1800,1800,23.726634,23.96394,427.1508,47
20260815_150541_6643db,2020-03-17,600479.SH,400,400,100.429985,100.127258,-121.0908,47
20260815_150541_6643db,2020-03-18,600328.SH,1800,1800,23.726634,23.63361,-167.4432,48
20260815_150541_6643db,2020-03-18,600479.SH,400,400,100.429985,99.29976,-452.09,48
20260815_150541_6643db,2020-03-19,600328.SH,1800,1800,23.726634,24.35433,1129.8528,49
20260815_150541_6643db,2020-03-19,600479.SH,400,400,100.429985,98.945118,-593.9468,49
20260815_150541_6643db,2020-03-20,600328.SH,1800,1800,23.726634,24.38436,1183.9068,50
20260815_150541_6643db,2020-03-20,600479.SH,400,400,100.429985,100.954756,209.9084,50
20260815_150541_6643db,2020-03-23,600328.SH,1800,1800,23.726634,23.75373,48.7728,51
20260815_150541_6643db,2020-03-23,600479.SH,400,400,100.429985,99.417974,-404.8044,51
20260815_150541_6643db,2020-03-24,600328.SH,1800,1800,23.726634,24.23421,913.6368,52
20260815_150541_6643db,2020-03-24,600479.SH,400,400,100.429985,100.954756,209.9084,52
20260815_150541_6643db,2020-03-25,600328.SH,1800,1800,23.726634,24.56454,1508.2308,53
20260815_150541_6643db,2020-03-25,600479.SH,400,400,100.429985,102.609752,871.9068,53
20260815_150541_6643db,2020-03-26,600328.SH,1800,1800,23.726634,24.56454,1508.2308,54
20260815_150541_6643db,2020-03-26,600479.SH,400,400,100.429985,102.609752,871.9068,54
20260815_150541_6643db,2020-03-27,600328.SH,1800,1800,23.726634,24.20418,859.5828,55
20260815_150541_6643db,2020-03-27,600479.SH,400,400,100.429985,102.018682,635.4788,55
20260815_150541_6643db,2020-03-30,600328.SH,1800,1800,23.726634,23.87385,264.9888,56
20260815_150541_6643db,2020-03-30,600479.SH,400,400,100.429985,101.427612,399.0508,56
20260815_150541_6643db,2020-03-31,600328.SH,1800,1800,23.726634,24.35433,1129.8528,57
20260815_150541_6643db,2020-03-31,600479.SH,400,400,100.429985,102.373324,777.3356,57
20260815_150541_6643db,2020-04-01,600328.SH,1800,1800,23.726634,24.14412,751.4748,58
20260815_150541_6643db,2020-04-01,600479.SH,400,400,100.429985,101.309398,351.7652,58
20260815_150541_6643db,2020-04-02,600328.SH,1800,1800,23.726634,24.44442,1292.0148,59
20260815_150541_6643db,2020-04-02,600479.SH,400,400,100.429985,101.900468,588.1932,59
20260815_150541_6643db,2020-04-03,600328.SH,1800,1800,23.726634,24.47445,1346.0688,60
20260815_150541_6643db,2020-04-03,600479.SH,400,400,100.429985,102.373324,777.3356,60
20260815_150541_6643db,2020-04-07,600328.SH,1800,1800,23.726634,25.04502,2373.0948,61
20260815_150541_6643db,2020-04-07,600479.SH,400,400,100.429985,104.855818,1770.3332,61
20260815_150541_6643db,2020-04-08,600328.SH,1800,1800,23.726634,24.95493,2210.9328,62
20260815_150541_6643db,2020-04-08,600479.SH,400,400,100.429985,105.328674,1959.4756,62
20260815_150541_6643db,2020-04-09,600328.SH,1800,1800,23.726634,24.95493,2210.9328,63
20260815_150541_6643db,2020-04-09,600479.SH,400,400,100.429985,106.98367,2621.474,63
20260815_150541_6643db,2020-04-10,600328.SH,1800,1800,23.726634,24.47445,1346.0688,64
20260815_150541_6643db,2020-04-10,600479.SH,400,400,100.429985,105.683316,2101.3324,64
20260815_150541_6643db,2020-04-13,600328.SH,1800,1800,23.726634,25.10508,2481.2028,65
20260815_150541_6643db,2020-04-13,600479.SH,400,400,100.429985,109.34795,3567.186,65
20260815_150541_6643db,2020-04-14,600328.SH,1800,1800,23.726634,25.28526,2805.5268,66
20260815_150541_6643db,2020-04-14,600479.SH,400,400,100.429985,109.466164,3614.4716,66
20260815_150541_6643db,2020-04-15,600328.SH,1800,1800,23.726634,25.10508,2481.2028,67
20260815_150541_6643db,2020-04-15,600479.SH,400,400,100.429985,111.12116,4276.47,67
20260815_150541_6643db,2020-04-16,600328.SH,1800,1800,23.726634,24.9249,2156.8788,68
20260815_150541_6643db,2020-04-16,600479.SH,400,400,100.429985,109.93902,3803.614,68
20260815_150541_6643db,2020-04-17,600328.SH,1800,1800,23.726634,24.53451,1454.1768,69
20260815_150541_6643db,2020-04-17,600479.SH,400,400,100.429985,108.402238,3188.9012,69
20260815_150541_6643db,2020-04-20,600328.SH,1800,1800,23.726634,24.80478,1940.6628,70
20260815_150541_6643db,2020-04-20,600479.SH,400,400,100.429985,108.875094,3378.0436,70
20260815_150541_6643db,2020-04-21,600328.SH,1800,1800,23.726634,24.35433,1129.8528,71
20260815_150541_6643db,2020-04-21,600479.SH,400,400,100.429985,108.402238,3188.9012,71
20260815_150541_6643db,2020-04-22,600328.SH,1800,1800,23.726634,24.77475,1886.6088,72
20260815_150541_6643db,2020-04-22,600479.SH,400,400,100.429985,108.75688,3330.758,72
20260815_150541_6643db,2020-04-23,600328.SH,1800,1800,23.726634,24.86484,2048.7708,73
20260815_150541_6643db,2020-04-23,600479.SH,400,400,100.429985,108.993308,3425.3292,73
20260815_150541_6643db,2020-04-24,600328.SH,1800,1800,23.726634,25.01499,2319.0408,74
20260815_150541_6643db,2020-04-24,600479.SH,400,400,100.429985,107.338312,2763.3308,74
20260815_150541_6643db,2020-04-27,600328.SH,1800,1800,23.726634,25.46544,3129.8508,75
20260815_150541_6643db,2020-04-27,600479.SH,400,400,100.429985,107.456526,2810.6164,75
20260815_150541_6643db,2020-04-28,600328.SH,1800,1800,23.726634,24.05403,589.3128,76
20260815_150541_6643db,2020-04-28,600479.SH,400,400,100.429985,103.319036,1155.6204,76
20260815_150541_6643db,2020-04-29,600328.SH,1800,1800,23.726634,22.88286,-1518.7932,77
20260815_150541_6643db,2020-04-29,600479.SH,400,400,100.429985,101.900468,588.1932,77
20260815_150541_6643db,2020-04-30,600328.SH,1800,1800,23.726634,22.5225,-2167.4412,78
20260815_150541_6643db,2020-04-30,600479.SH,400,400,100.429985,102.964394,1013.7636,78
20260815_150541_6643db,2020-05-06,600328.SH,1800,1800,23.726634,22.61259,-2005.2792,79
20260815_150541_6643db,2020-05-06,600479.SH,400,400,100.429985,104.737604,1723.0476,79
20260815_150541_6643db,2020-05-07,600328.SH,1800,1800,23.726634,22.31229,-2545.8192,80
20260815_150541_6643db,2020-05-07,600479.SH,400,400,100.429985,103.791892,1344.7628,80
20260815_150541_6643db,2020-05-08,600328.SH,1800,1800,23.726634,22.46244,-2275.5492,81
20260815_150541_6643db,2020-05-08,600479.SH,400,400,100.429985,104.501176,1628.4764,81
20260815_150541_6643db,2020-05-11,600328.SH,1800,1800,23.726634,22.25223,-2653.9272,82
20260815_150541_6643db,2020-05-11,600479.SH,400,400,100.429985,104.855818,1770.3332,82
20260815_150541_6643db,2020-05-12,600328.SH,1800,1800,23.726634,22.10208,-2924.1972,83
20260815_150541_6643db,2020-05-12,600479.SH,400,400,100.429985,105.328674,1959.4756,83
20260815_150541_6643db,2020-05-13,600328.SH,1800,1800,23.726634,21.89187,-3302.5752,84
20260815_150541_6643db,2020-05-13,600479.SH,400,400,100.429985,105.092246,1864.9044,84
20260815_150541_6643db,2020-05-14,600328.SH,1800,1800,23.726634,22.73271,-1789.0632,85
20260815_150541_6643db,2020-05-14,600479.SH,400,400,100.429985,104.382962,1581.1908,85
20260815_150541_6643db,2020-05-15,600328.SH,1800,1800,23.726634,22.61259,-2005.2792,86
20260815_150541_6643db,2020-05-15,600479.SH,400,400,100.429985,105.446888,2006.7612,86
20260815_150541_6643db,2020-05-18,600328.SH,1800,1800,23.726634,22.10208,-2924.1972,87
20260815_150541_6643db,2020-05-18,600479.SH,400,400,100.429985,104.855818,1770.3332,87
20260815_150541_6643db,2020-05-19,600328.SH,1800,1800,23.726634,22.13211,-2870.1432,88
20260815_150541_6643db,2020-05-19,600479.SH,400,400,100.429985,109.820806,3756.3284,88
20260815_150541_6643db,2020-05-20,600328.SH,1800,1800,23.726634,21.74172,-3572.8452,89
20260815_150541_6643db,2020-05-20,600479.SH,400,400,100.429985,107.692954,2905.1876,89
20260815_150541_6643db,2020-05-21,600479.SH,800,400,103.892067,107.338312,2756.996,90
20260815_150541_6643db,2020-05-22,600479.SH,800,800,103.892067,106.510814,2094.9976,91
20260815_150541_6643db,2020-05-25,600479.SH,800,800,103.892067,107.811168,3135.2808,92
20260815_150541_6643db,2020-05-26,600479.SH,800,800,103.892067,108.993308,4080.9928,93
20260815_150541_6643db,2020-05-27,600479.SH,800,800,103.892067,108.402238,3608.1368,94
20260815_150541_6643db,2020-05-28,600479.SH,800,800,103.892067,107.692954,3040.7096,95
20260815_150541_6643db,2020-05-29,600479.SH,800,800,103.892067,109.34795,4364.7064,96
20260815_150541_6643db,2020-06-01,600479.SH,800,800,103.892067,110.293662,5121.276,97
20260815_150541_6643db,2020-06-02,600479.SH,800,800,103.892067,109.93902,4837.5624,98
20260815_150541_6643db,2020-06-03,600479.SH,800,800,103.892067,112.185086,6634.4152,99
20260815_150541_6643db,2020-06-04,600479.SH,800,800,103.892067,113.012584,7296.4136,100
20260815_150541_6643db,2020-06-05,600479.SH,800,800,103.892067,112.066872,6539.844,101
20260815_150541_6643db,2020-06-08,600479.SH,800,800,103.892067,113.603654,7769.2696,102
20260815_150541_6643db,2020-06-09,600479.SH,800,800,103.892067,113.603654,7769.2696,103
20260815_150541_6643db,2020-06-10,600479.SH,800,800,103.892067,113.367226,7580.1272,104
20260815_150541_6643db,2020-06-11,600479.SH,800,800,103.892067,111.239374,5877.8456,105
20260815_150541_6643db,2020-06-12,600479.SH,800,800,103.892067,112.89437,7201.8424,106
20260815_150541_6643db,2020-06-15,600479.SH,800,800,103.892067,113.958296,8052.9832,107
20260815_150541_6643db,2020-06-16,600479.SH,800,800,103.892067,115.25865,9093.2664,108
20260815_150541_6643db,2020-06-17,600479.SH,800,800,103.892067,115.383304,9192.9896,109
20260815_150541_6643db,2020-06-18,600479.SH,800,800,103.892067,112.517412,6900.276,110
20260815_150541_6643db,2020-06-19,600479.SH,800,800,103.892067,112.392808,6800.5928,111
20260815_150541_6643db,2020-06-22,600479.SH,800,800,103.892067,111.395976,6003.1272,112
20260815_150541_6643db,2020-06-23,600479.SH,800,800,103.892067,111.894392,6401.86,113
20260815_150541_6643db,2020-06-24,600479.SH,800,800,103.892067,112.517412,6900.276,114
20260815_150541_6643db,2020-06-29,600479.SH,800,800,103.892067,113.015828,7299.0088,115
20260815_150541_6643db,2020-06-30,600479.SH,800,800,103.892067,115.2587,9093.3064,116
20260815_150541_6643db,2020-07-01,600479.SH,800,800,103.892067,116.380136,9990.4552,117
20260815_150541_6643db,2020-07-02,600479.SH,200,200,103.892067,116.50474,2522.5346,118
20260815_150541_6643db,2020-07-02,600461.SH,400,0,27.222362,28.04067,327.3232,1
20260815_150541_6643db,2020-07-02,000705.SZ,300,0,38.543152,38.9789,130.7244,1
20260815_150541_6643db,2020-07-02,300422.SZ,200,0,56.476839,57.480236,200.6794,1
20260815_150541_6643db,2020-07-02,600668.SH,100,0,95.467289,96.115984,64.8695,1
20260815_150541_6643db,2020-07-02,002111.SZ,200,0,49.352376,50.36304,202.1328,1
20260815_150541_6643db,2020-07-02,002296.SZ,300,0,36.999481,37.107252,32.3313,1
20260815_150541_6643db,2020-07-02,002521.SZ,600,0,18.073904,18.321768,148.7184,1
20260815_150541_6643db,2020-07-03,600479.SH,200,200,103.892067,115.88172,2397.9306,119
20260815_150541_6643db,2020-07-03,600461.SH,400,400,27.222362,28.55205,531.8752,2
20260815_150541_6643db,2020-07-03,000705.SZ,300,300,38.543152,38.9789,130.7244,2
20260815_150541_6643db,2020-07-03,300422.SZ,200,200,56.476839,58.29846,364.3242,2
20260815_150541_6643db,2020-07-03,600668.SH,100,100,95.467289,96.94788,148.0591,2
20260815_150541_6643db,2020-07-03,002111.SZ,200,200,49.352376,52.99188,727.9008,2
20260815_150541_6643db,2020-07-03,002296.SZ,300,300,36.999481,37.312548,93.9201,2
20260815_150541_6643db,2020-07-03,002521.SZ,600,600,18.073904,18.558396,290.6952,2
20260815_150541_6643db,2020-07-06,600479.SH,200,200,103.892067,118.623008,2946.1882,120
20260815_150541_6643db,2020-07-06,600461.SH,400,400,27.222362,29.446965,889.8412,3
20260815_150541_6643db,2020-07-06,000705.SZ,300,300,38.543152,39.78536,372.6624,3
20260815_150541_6643db,2020-07-06,300422.SZ,200,200,56.476839,60.037186,712.0694,3
20260815_150541_6643db,2020-07-06,600668.SH,100,100,95.467289,101.42732,596.0031,3
20260815_150541_6643db,2020-07-06,002111.SZ,200,200,49.352376,54.16794,963.1128,3
20260815_150541_6643db,2020-07-06,002296.SZ,300,300,36.999481,38.698296,509.6445,3
20260815_150541_6643db,2020-07-06,002521.SZ,600,600,18.073904,19.26828,716.6256,3
20260815_150541_6643db,2020-07-07,600479.SH,200,200,103.892067,120.24286,3270.1586,121
20260815_150541_6643db,2020-07-07,600461.SH,400,400,27.222362,29.31912,838.7032,4
20260815_150541_6643db,2020-07-07,000705.SZ,300,300,38.543152,39.677832,340.404,4
20260815_150541_6643db,2020-07-07,300422.SZ,200,200,56.476839,59.679213,640.4748,4
20260815_150541_6643db,2020-07-07,600668.SH,100,100,95.467289,100.275464,480.8175,4
20260815_150541_6643db,2020-07-07,002111.SZ,200,200,49.352376,53.6145,852.4248,4
20260815_150541_6643db,2020-07-07,002296.SZ,300,300,36.999481,38.800944,540.4389,4
20260815_150541_6643db,2020-07-07,002521.SZ,600,600,18.073904,19.133064,635.496,4
20260815_150541_6643db,2020-07-08,600479.SH,200,200,103.892067,120.492068,3320.0002,122
20260815_150541_6643db,2020-07-08,600461.SH,400,400,27.222362,29.57481,940.9792,5
20260815_150541_6643db,2020-07-08,000705.SZ,300,300,38.543152,40.107944,469.4376,5
20260815_150541_6643db,2020-07-08,300422.SZ,200,200,56.476839,61.162244,937.081,5
20260815_150541_6643db,2020-07-08,600668.SH,100,100,95.467289,101.171352,570.4063,5
20260815_150541_6643db,2020-07-08,002111.SZ,200,200,49.352376,55.24023,1177.5708,5
20260815_150541_6643db,2020-07-08,002296.SZ,300,300,36.999481,39.878748,863.7801,5
20260815_150541_6643db,2020-07-08,002521.SZ,600,600,18.073904,19.4373,818.0376,5
20260815_150541_6643db,2020-07-09,600479.SH,200,200,103.892067,123.35796,3893.1786,123
20260815_150541_6643db,2020-07-09,600461.SH,400,400,27.222362,29.840676,1047.3256,6
20260815_150541_6643db,2020-07-09,000705.SZ,300,300,38.543152,40.538056,598.4712,6
20260815_150541_6643db,2020-07-09,300422.SZ,200,200,56.476839,61.775912,1059.8146,6
20260815_150541_6643db,2020-07-09,600668.SH,100,100,95.467289,104.434944,896.7655,6
20260815_150541_6643db,2020-07-09,002111.SZ,200,200,49.352376,55.03269,1136.0628,6
20260815_150541_6643db,2020-07-09,002296.SZ,300,300,36.999481,40.699932,1110.1353,6
20260815_150541_6643db,2020-07-09,002521.SZ,600,600,18.073904,19.809144,1041.144,6
20260815_150541_6643db,2020-07-10,600479.SH,200,200,103.892067,120.367464,3295.0794,124
20260815_150541_6643db,2020-07-10,600461.SH,400,400,27.222362,29.752128,1011.9064,7
20260815_150541_6643db,2020-07-10,000705.SZ,300,300,38.543152,39.731596,356.5332,7
20260815_150541_6643db,2020-07-10,300422.SZ,200,200,56.476839,60.292881,763.2084,7
20260815_150541_6643db,2020-07-10,600668.SH,100,100,95.467289,101.875264,640.7975,7
20260815_150541_6643db,2020-07-10,002111.SZ,200,200,49.352376,53.92581,914.6868,7
20260815_150541_6643db,2020-07-10,002296.SZ,300,300,36.999481,39.468156,740.6025,7
20260815_150541_6643db,2020-07-10,002521.SZ,600,600,18.073904,19.4373,818.0376,7
20260815_150541_6643db,2020-07-13,600479.SH,200,200,103.892067,125.351624,4291.9114,125
20260815_150541_6643db,2020-07-13,600461.SH,400,400,27.222362,31.036074,1525.4848,8
20260815_150541_6643db,2020-07-13,000705.SZ,300,300,38.543152,42.097212,1066.218,8
20260815_150541_6643db,2020-07-13,300422.SZ,200,200,56.476839,62.798692,1264.3706,8
20260815_150541_6643db,2020-07-13,600668.SH,100,100,95.467289,107.250592,1178.3303,8
20260815_150541_6643db,2020-07-13,002111.SZ,200,200,49.352376,56.69301,1468.1268,8
20260815_150541_6643db,2020-07-13,002296.SZ,300,300,36.999481,42.290976,1587.4485,8
20260815_150541_6643db,2020-07-13,002521.SZ,600,600,18.073904,20.147184,1243.968,8
20260815_150541_6643db,2020-07-14,600479.SH,200,200,103.892067,126.223852,4466.357,126
20260815_150541_6643db,2020-07-14,600461.SH,400,400,27.222362,30.416238,1277.5504,9
20260815_150541_6643db,2020-07-14,000705.SZ,300,300,38.543152,42.527324,1195.2516,9
20260815_150541_6643db,2020-07-14,300422.SZ,200,200,56.476839,62.849831,1274.5984,9
20260815_150541_6643db,2020-07-14,600668.SH,100,100,95.467289,108.402448,1293.5159,9
20260815_150541_6643db,2020-07-14,002111.SZ,200,200,49.352376,57.10809,1551.1428,9
20260815_150541_6643db,2020-07-14,002296.SZ,300,300,36.999481,41.264496,1279.5045,9
20260815_150541_6643db,2020-07-14,002521.SZ,600,600,18.073904,20.011968,1162.8384,9
20260815_150541_6643db,2020-07-15,600479.SH,200,200,103.892067,123.856376,3992.8618,127
20260815_150541_6643db,2020-07-15,600461.SH,400,400,27.222362,29.530758,923.3584,10
20260815_150541_6643db,2020-07-15,000705.SZ,300,300,38.543152,41.93592,1017.8304,10
20260815_150541_6643db,2020-07-15,300422.SZ,200,200,56.476839,61.111105,926.8532,10
20260815_150541_6643db,2020-07-15,600668.SH,100,100,95.467289,104.178976,871.1687,10
20260815_150541_6643db,2020-07-15,002111.SZ,200,200,49.352376,55.62072,1253.6688,10
20260815_150541_6643db,2020-07-15,002296.SZ,300,300,36.999481,39.981396,894.5745,10
20260815_150541_6643db,2020-07-15,002521.SZ,600,600,18.073904,19.504908,858.6024,10
20260815_150541_6643db,2020-07-16,600479.SH,200,200,103.892067,118.3738,2896.3466,128
20260815_150541_6643db,2020-07-16,600461.SH,400,400,27.222362,28.955196,693.1336,11
20260815_150541_6643db,2020-07-16,000705.SZ,300,300,38.543152,39.24772,211.3704,11
20260815_150541_6643db,2020-07-16,300422.SZ,200,200,56.476839,61.264522,957.5366,11
20260815_150541_6643db,2020-07-16,600668.SH,100,100,95.467289,99.354132,388.6843,11
20260815_150541_6643db,2020-07-16,002111.SZ,200,200,49.352376,53.6145,852.4248,11
20260815_150541_6643db,2020-07-16,002296.SZ,300,300,36.999481,38.903592,571.2333,11
20260815_150541_6643db,2020-07-16,002521.SZ,600,600,18.073904,19.133064,635.496,11
20260815_150541_6643db,2020-07-17,600479.SH,200,200,103.892067,118.872216,2996.0298,129
20260815_150541_6643db,2020-07-17,600461.SH,400,400,27.222362,30.10632,1153.5832,12
20260815_150541_6643db,2020-07-17,000705.SZ,300,300,38.543152,40.05418,453.3084,12
20260815_150541_6643db,2020-07-17,300422.SZ,200,200,56.476839,61.059966,916.6254,12
20260815_150541_6643db,2020-07-17,600668.SH,100,100,95.467289,99.875676,440.8387,12
20260815_150541_6643db,2020-07-17,002111.SZ,200,200,49.352376,54.09876,949.2768,12
20260815_150541_6643db,2020-07-17,002296.SZ,300,300,36.999481,38.23638,371.0697,12
20260815_150541_6643db,2020-07-17,002521.SZ,600,600,18.073904,19.538712,878.8848,12
20260815_150541_6643db,2020-07-20,600479.SH,200,200,103.892067,121.613504,3544.2874,130
20260815_150541_6643db,2020-07-20,600461.SH,400,400,27.222362,31.523088,1720.2904,13
20260815_150541_6643db,2020-07-20,000705.SZ,300,300,38.543152,40.806876,679.1172,13
20260815_150541_6643db,2020-07-20,300422.SZ,200,200,56.476839,61.059966,916.6254,13
20260815_150541_6643db,2020-07-20,600668.SH,100,100,95.467289,107.829222,1236.1933,13
20260815_150541_6643db,2020-07-20,002111.SZ,200,200,49.352376,58.1112,1751.7648,13
20260815_150541_6643db,2020-07-20,002296.SZ,300,300,36.999481,39.827424,848.3829,13
20260815_150541_6643db,2020-07-20,002521.SZ,600,600,18.073904,20.2824,1325.0976,13
20260815_150541_6643db,2020-07-21,600479.SH,200,200,103.892067,122.73494,3768.5746,131
20260815_150541_6643db,2020-07-21,600461.SH,400,400,27.222362,30.54906,1330.6792,14
20260815_150541_6643db,2020-07-21,000705.SZ,300,300,38.543152,40.914404,711.3756,14
20260815_150541_6643db,2020-07-21,300422.SZ,200,200,56.476839,61.059966,916.6254,14
20260815_150541_6643db,2020-07-21,600668.SH,100,100,95.467289,107.894415,1242.7126,14
20260815_150541_6643db,2020-07-21,002111.SZ,200,200,49.352376,57.03891,1537.3068,14
20260815_150541_6643db,2020-07-21,002296.SZ,300,300,36.999481,40.135368,940.7661,14
20260815_150541_6643db,2020-07-21,002521.SZ,600,600,18.073904,20.045772,1183.1208,14
20260815_150541_6643db,2020-07-22,600479.SH,200,200,103.892067,122.236524,3668.8914,132
20260815_150541_6643db,2020-07-22,600461.SH,400,400,27.222362,30.283416,1224.4216,15
20260815_150541_6643db,2020-07-22,000705.SZ,300,300,38.543152,41.290752,824.28,15
20260815_150541_6643db,2020-07-22,300422.SZ,200,200,56.476839,61.059966,916.6254,15
20260815_150541_6643db,2020-07-22,600668.SH,100,100,95.467289,106.26459,1079.7301,15
20260815_150541_6643db,2020-07-22,002111.SZ,200,200,49.352376,56.76219,1481.9628,15
20260815_150541_6643db,2020-07-22,002296.SZ,300,300,36.999481,40.443312,1033.1493,15
20260815_150541_6643db,2020-07-22,002521.SZ,600,600,18.073904,19.94436,1122.2736,15
20260815_150541_6643db,2020-07-23,600479.SH,200,200,103.892067,125.351624,4291.9114,133
20260815_150541_6643db,2020-07-23,600461.SH,400,400,27.222362,30.637608,1366.0984,16
20260815_150541_6643db,2020-07-23,000705.SZ,300,300,38.543152,41.559572,904.926,16
20260815_150541_6643db,2020-07-23,300422.SZ,200,200,56.476839,63.361221,1376.8764,16
20260815_150541_6643db,2020-07-23,600668.SH,100,100,95.467289,104.830344,936.3055,16
20260815_150541_6643db,2020-07-23,002111.SZ,200,200,49.352376,57.31563,1592.6508,16
20260815_150541_6643db,2020-07-23,002296.SZ,300,300,36.999481,40.186692,956.1633,16
20260815_150541_6643db,2020-07-23,002521.SZ,600,600,18.073904,20.11338,1223.6856,16
20260815_150541_6643db,2020-07-24,600479.SH,200,200,103.892067,120.24286,3270.1586,134
20260815_150541_6643db,2020-07-24,600461.SH,400,400,27.222362,29.486484,905.6488,17
20260815_150541_6643db,2020-07-24,000705.SZ,300,300,38.543152,39.78536,372.6624,17
20260815_150541_6643db,2020-07-24,300422.SZ,200,200,56.476839,60.753132,855.2586,17
20260815_150541_6643db,2020-07-24,600668.SH,100,100,95.467289,100.332027,486.4738,17
20260815_150541_6643db,2020-07-24,002111.SZ,200,200,49.352376,56.7276,1475.0448,17
20260815_150541_6643db,2020-07-24,002296.SZ,300,300,36.999481,39.7761,832.9857,17
20260815_150541_6643db,2020-07-24,002521.SZ,600,600,18.073904,19.369692,777.4728,17
20260815_150541_6643db,2020-07-27,600479.SH,200,200,103.892067,122.859544,3793.4954,135
20260815_150541_6643db,2020-07-27,600461.SH,400,400,27.222362,29.397936,870.2296,18
20260815_150541_6643db,2020-07-27,000705.SZ,300,300,38.543152,40.323,533.9544,18
20260815_150541_6643db,2020-07-27,300422.SZ,200,200,56.476839,60.599715,824.5752,18
20260815_150541_6643db,2020-07-27,600668.SH,100,100,95.467289,100.788378,532.1089,18
20260815_150541_6643db,2020-07-27,002111.SZ,200,200,49.352376,55.06728,1142.9808,18
20260815_150541_6643db,2020-07-27,002296.SZ,300,300,36.999481,38.903592,571.2333,18
20260815_150541_6643db,2020-07-27,002521.SZ,600,600,18.073904,19.234476,696.3432,18
20260815_150541_6643db,2020-07-28,600479.SH,200,200,103.892067,122.984148,3818.4162,136
20260815_150541_6643db,2020-07-28,600461.SH,400,400,27.222362,29.796402,1029.616,19
20260815_150541_6643db,2020-07-28,000705.SZ,300,300,38.543152,40.161708,485.5668,19
20260815_150541_6643db,2020-07-28,300422.SZ,200,200,56.476839,62.747553,1254.1428,19
20260815_150541_6643db,2020-07-28,600668.SH,100,100,95.467289,101.831466,636.4177,19
20260815_150541_6643db,2020-07-28,002111.SZ,200,200,49.352376,54.47925,1025.3748,19
20260815_150541_6643db,2020-07-28,002296.SZ,300,300,36.999481,40.648608,1094.7381,19
20260815_150541_6643db,2020-07-28,002521.SZ,600,600,18.073904,19.673928,960.0144,19
20260815_150541_6643db,2020-07-29,600479.SH,200,200,103.892067,124.977812,4217.149,137
20260815_150541_6643db,2020-07-29,600461.SH,400,400,27.222362,30.017772,1118.164,20
20260815_150541_6643db,2020-07-29,000705.SZ,300,300,38.543152,41.290752,824.28,20
20260815_150541_6643db,2020-07-29,300422.SZ,200,200,56.476839,62.952109,1295.054,20
20260815_150541_6643db,2020-07-29,600668.SH,100,100,95.467289,103.917642,845.0353,20
20260815_150541_6643db,2020-07-29,002111.SZ,200,200,49.352376,56.07039,1343.6028,20
20260815_150541_6643db,2020-07-29,002296.SZ,300,300,36.999481,41.418468,1325.6961,20
20260815_150541_6643db,2020-07-29,002521.SZ,600,600,18.073904,19.876752,1081.7088,20
20260815_150541_6643db,2020-07-30,600479.SH,200,200,103.892067,124.977812,4217.149,138
20260815_150541_6643db,2020-07-30,600461.SH,400,400,27.222362,29.88495,1065.0352,21
20260815_150541_6643db,2020-07-30,000705.SZ,300,300,38.543152,41.613336,921.0552,21
20260815_150541_6643db,2020-07-30,300422.SZ,200,200,56.476839,63.514638,1407.5598,21
20260815_150541_6643db,2020-07-30,600668.SH,100,100,95.467289,110.697714,1523.0425,21
20260815_150541_6643db,2020-07-30,002111.SZ,200,200,49.352376,56.17416,1364.3568,21
20260815_150541_6643db,2020-07-30,002296.SZ,300,300,36.999481,40.956552,1187.1213,21
20260815_150541_6643db,2020-07-30,002521.SZ,600,600,18.073904,19.77534,1020.8616,21
20260815_150541_6643db,2020-07-31,600479.SH,200,200,103.892067,127.968308,4815.2482,139
20260815_150541_6643db,2020-07-31,600461.SH,400,400,27.222362,29.973498,1100.4544,22
20260815_150541_6643db,2020-07-31,000705.SZ,300,300,38.543152,42.150976,1082.3472,22
20260815_150541_6643db,2020-07-31,300422.SZ,200,200,56.476839,63.207804,1346.193,22
20260815_150541_6643db,2020-07-31,600668.SH,100,100,95.467289,112.066767,1659.9478,22
20260815_150541_6643db,2020-07-31,002111.SZ,200,200,49.352376,56.17416,1364.3568,22
20260815_150541_6643db,2020-07-31,002296.SZ,300,300,36.999481,41.675088,1402.6821,22
20260815_150541_6643db,2020-07-31,002521.SZ,600,600,18.073904,19.978164,1142.556,22
20260815_150541_6643db,2020-08-03,600479.SH,200,200,103.892067,133.9493,6011.4466,140
20260815_150541_6643db,2020-08-03,600461.SH,400,400,27.222362,30.77043,1419.2272,23
20260815_150541_6643db,2020-08-03,000705.SZ,300,300,38.543152,43.710132,1550.094,23
20260815_150541_6643db,2020-08-03,300422.SZ,200,200,56.476839,64.179445,1540.5212,23
20260815_150541_6643db,2020-08-03,600668.SH,100,100,95.467289,112.13196,1666.4671,23
20260815_150541_6643db,2020-08-03,002111.SZ,200,200,49.352376,59.18349,1966.2228,23
20260815_150541_6643db,2020-08-03,002296.SZ,300,300,36.999481,42.85554,1756.8177,23
20260815_150541_6643db,2020-08-03,002521.SZ,600,600,18.073904,20.417616,1406.2272,23
20260815_150541_6643db,2020-08-04,600479.SH,200,200,103.892067,131.208012,5463.189,141
20260815_150541_6643db,2020-08-04,600461.SH,400,400,27.222362,30.726156,1401.5176,24
20260815_150541_6643db,2020-08-04,000705.SZ,300,300,38.543152,43.064964,1356.5436,24
20260815_150541_6643db,2020-08-04,300422.SZ,200,200,56.476839,64.844252,1673.4826,24
20260815_150541_6643db,2020-08-04,600668.SH,100,100,95.467289,112.262346,1679.5057,24
20260815_150541_6643db,2020-08-04,002111.SZ,200,200,49.352376,57.83448,1696.4208,24
20260815_150541_6643db,2020-08-04,002296.SZ,300,300,36.999481,44.13864,2141.7477,24
20260815_150541_6643db,2020-08-04,002521.SZ,600,600,18.073904,20.248596,1304.8152,24
20260815_150541_6643db,2020-08-05,600479.SH,200,200,103.892067,131.083408,5438.2682,142
20260815_150541_6643db,2020-08-05,600461.SH,400,400,27.222362,30.460512,1295.26,25
20260815_150541_6643db,2020-08-05,000705.SZ,300,300,38.543152,43.118728,1372.6728,25
20260815_150541_6643db,2020-08-05,300422.SZ,200,200,56.476839,66.122727,1929.1776,25
20260815_150541_6643db,2020-08-05,600668.SH,100,100,95.467289,111.48003,1601.2741,25
20260815_150541_6643db,2020-08-05,002111.SZ,200,200,49.352376,59.28726,1986.9768,25
20260815_150541_6643db,2020-08-05,002296.SZ,300,300,36.999481,46.088952,2726.8413,25
20260815_150541_6643db,2020-08-05,002521.SZ,600,600,18.073904,20.350008,1365.6624,25
20260815_150541_6643db,2020-08-06,600479.SH,200,200,103.892067,128.34212,4890.0106,143
20260815_150541_6643db,2020-08-06,600461.SH,400,400,27.222362,30.504786,1312.9696,26
20260815_150541_6643db,2020-08-06,000705.SZ,300,300,38.543152,43.443538,1470.1158,26
20260815_150541_6643db,2020-08-06,300422.SZ,200,200,56.476839,65.355642,1775.7606,26
20260815_150541_6643db,2020-08-06,600668.SH,100,100,95.467289,110.17617,1470.8881,26
20260815_150541_6643db,2020-08-06,002111.SZ,200,200,49.352376,59.52939,2035.4028,26
20260815_150541_6643db,2020-08-06,002296.SZ,300,300,36.999481,45.16512,2449.6917,26
20260815_150541_6643db,2020-08-06,002521.SZ,600,600,18.073904,20.147184,1243.968,26
20260815_150541_6643db,2020-08-07,600479.SH,200,200,103.892067,127.345288,4690.6442,144
20260815_150541_6643db,2020-08-07,600461.SH,400,400,27.222362,29.88495,1065.0352,27
20260815_150541_6643db,2020-08-07,000705.SZ,300,300,38.543152,42.956017,1323.8595,27
20260815_150541_6643db,2020-08-07,300422.SZ,200,200,56.476839,62.90097,1284.8262,27
20260815_150541_6643db,2020-08-07,600668.SH,100,100,95.467289,110.567328,1510.0039,27
20260815_150541_6643db,2020-08-07,002111.SZ,200,200,49.352376,58.69923,1869.3708,27
20260815_150541_6643db,2020-08-07,002296.SZ,300,300,36.999481,43.830696,2049.3645,27
20260815_150541_6643db,2020-08-07,002521.SZ,600,600,18.073904,19.842948,1061.4264,27
20260815_150541_6643db,2020-08-10,600479.SH,200,200,103.892067,128.217516,4865.0898,145
20260815_150541_6643db,2020-08-10,600461.SH,400,400,27.222362,30.239142,1206.712,28
20260815_150541_6643db,2020-08-10,000705.SZ,300,300,38.543152,43.822721,1583.8707,28
20260815_150541_6643db,2020-08-10,300422.SZ,200,200,56.476839,62.849831,1274.5984,28
20260815_150541_6643db,2020-08-10,600668.SH,100,100,95.467289,112.979469,1751.218,28
20260815_150541_6643db,2020-08-10,002111.SZ,200,200,49.352376,58.76841,1883.2068,28
20260815_150541_6643db,2020-08-10,002296.SZ,300,300,36.999481,46.396896,2819.2245,28
20260815_150541_6643db,2020-08-10,002521.SZ,600,600,18.073904,20.519028,1467.0744,28
20260815_150541_6643db,2020-08-11,600479.SH,200,200,103.892067,123.482564,3918.0994,146
20260815_150541_6643db,2020-08-11,600461.SH,400,400,27.222362,29.88495,1065.0352,29
20260815_150541_6643db,2020-08-11,000705.SZ,300,300,38.543152,42.360158,1145.1018,29
20260815_150541_6643db,2020-08-11,300422.SZ,200,200,56.476839,60.548576,814.3474,29
20260815_150541_6643db,2020-08-11,600668.SH,100,100,95.467289,108.676731,1320.9442,29
20260815_150541_6643db,2020-08-11,002111.SZ,200,200,49.352376,60.8784,2305.2048,29
20260815_150541_6643db,2020-08-11,002296.SZ,300,300,36.999481,44.805852,2341.9113,29
20260815_150541_6643db,2020-08-11,002521.SZ,600,600,18.073904,20.045772,1183.1208,29
20260815_150541_6643db,2020-08-12,600479.SH,200,200,103.892067,121.364296,3494.4458,147
20260815_150541_6643db,2020-08-12,600461.SH,400,400,27.222362,29.619306,958.7776,30
20260815_150541_6643db,2020-08-12,000705.SZ,300,300,38.543152,41.872637,998.8455,30
20260815_150541_6643db,2020-08-12,300422.SZ,200,200,56.476839,60.037186,712.0694,30
20260815_150541_6643db,2020-08-12,600668.SH,100,100,95.467289,106.460169,1099.288,30
20260815_150541_6643db,2020-08-12,002111.SZ,200,200,49.352376,57.14268,1558.0608,30
20260815_150541_6643db,2020-08-12,002296.SZ,300,300,36.999481,45.575712,2572.8693,30
20260815_150541_6643db,2020-08-12,002521.SZ,600,600,18.073904,20.755656,1609.0512,30
20260815_150541_6643db,2020-08-13,600479.SH,200,200,103.892067,120.741276,3369.8418,148
20260815_150541_6643db,2020-08-13,600461.SH,400,400,27.222362,29.796402,1029.616,31
20260815_150541_6643db,2020-08-13,000705.SZ,300,300,38.543152,42.197651,1096.3497,31
20260815_150541_6643db,2020-08-13,300422.SZ,200,200,56.476839,60.497437,804.1196,31
20260815_150541_6643db,2020-08-13,600668.SH,100,100,95.467289,105.938625,1047.1336,31
20260815_150541_6643db,2020-08-13,002111.SZ,200,200,49.352376,61.05135,2339.7948,31
20260815_150541_6643db,2020-08-13,002296.SZ,300,300,36.999481,46.396896,2819.2245,31
20260815_150541_6643db,2020-08-13,002521.SZ,600,600,18.073904,20.45142,1426.5096,31
20260815_150541_6643db,2020-08-14,600479.SH,200,200,103.892067,121.987316,3619.0498,149
20260815_150541_6643db,2020-08-14,600461.SH,400,400,27.222362,30.062046,1135.8736,32
20260815_150541_6643db,2020-08-14,000705.SZ,300,300,38.543152,42.089313,1063.8483,32
20260815_150541_6643db,2020-08-14,300422.SZ,200,200,56.476839,61.111105,926.8532,32
20260815_150541_6643db,2020-08-14,600668.SH,100,100,95.467289,106.460169,1099.288,32
20260815_150541_6643db,2020-08-14,002111.SZ,200,200,49.352376,61.01676,2332.8768,32
20260815_150541_6643db,2020-08-14,002296.SZ,300,300,36.999481,45.93498,2680.6497,32
20260815_150541_6643db,2020-08-14,002521.SZ,600,600,18.073904,20.654244,1548.204,32
20260815_150541_6643db,2020-08-17,600479.SH,200,200,103.892067,123.482564,3918.0994,150
20260815_150541_6643db,2020-08-17,600461.SH,400,400,27.222362,30.54906,1330.6792,33
20260815_150541_6643db,2020-08-17,000705.SZ,300,300,38.543152,43.064355,1356.3609,33
20260815_150541_6643db,2020-08-17,300422.SZ,200,200,56.476839,61.622495,1029.1312,33
20260815_150541_6643db,2020-08-17,600668.SH,100,100,95.467289,108.87231,1340.5021,33
20260815_150541_6643db,2020-08-17,002111.SZ,200,200,49.352376,60.74004,2277.5328,33
20260815_150541_6643db,2020-08-17,002296.SZ,300,300,36.999481,46.70484,2911.6077,33
20260815_150541_6643db,2020-08-17,002521.SZ,600,600,18.073904,20.857068,1669.8984,33
20260815_150541_6643db,2020-08-18,600479.SH,200,200,103.892067,123.856376,3992.8618,151
20260815_150541_6643db,2020-08-18,600461.SH,400,400,27.222362,30.54906,1330.6792,34
20260815_150541_6643db,2020-08-18,000705.SZ,300,300,38.543152,43.281031,1421.3637,34
20260815_150541_6643db,2020-08-18,300422.SZ,200,200,56.476839,61.059966,916.6254,34
20260815_150541_6643db,2020-08-18,600668.SH,100,100,95.467289,108.089994,1262.2705,34
20260815_150541_6643db,2020-08-18,002111.SZ,200,200,49.352376,61.70856,2471.2368,34
20260815_150541_6643db,2020-08-18,002296.SZ,300,300,36.999481,47.372052,3111.7713,34
20260815_150541_6643db,2020-08-18,002521.SZ,600,600,18.073904,20.78946,1629.3336,34
20260815_150541_6643db,2020-08-19,600479.SH,200,200,103.892067,121.738108,3569.2082,152
20260815_150541_6643db,2020-08-19,600461.SH,400,400,27.222362,30.637608,1366.0984,35
20260815_150541_6643db,2020-08-19,000705.SZ,300,300,38.543152,44.364411,1746.3777,35
20260815_150541_6643db,2020-08-19,300422.SZ,200,200,56.476839,61.417939,988.22,35
20260815_150541_6643db,2020-08-19,600668.SH,100,100,95.467289,108.546345,1307.9056,35
20260815_150541_6643db,2020-08-19,002111.SZ,200,200,49.352376,58.97595,1924.7148,35
20260815_150541_6643db,2020-08-19,002296.SZ,300,300,36.999481,45.67836,2603.6637,35
20260815_150541_6643db,2020-08-19,002521.SZ,600,600,18.073904,20.485224,1446.792,35
20260815_150541_6643db,2020-08-20,600479.SH,200,200,103.892067,120.990484,3419.6834,153
20260815_150541_6643db,2020-08-20,600461.SH,400,400,27.222362,30.681882,1383.808,36
20260815_150541_6643db,2020-08-20,000705.SZ,300,300,38.543152,42.847679,1291.3581,36
20260815_150541_6643db,2020-08-20,300422.SZ,200,200,56.476839,61.264522,957.5366,36
20260815_150541_6643db,2020-08-20,600668.SH,100,100,95.467289,110.17617,1470.8881,36
20260815_150541_6643db,2020-08-20,002111.SZ,200,200,49.352376,57.00432,1530.3888,36
20260815_150541_6643db,2020-08-20,002296.SZ,300,300,36.999481,44.9085,2372.7057,36
20260815_150541_6643db,2020-08-20,002521.SZ,600,600,18.073904,20.214792,1284.5328,36
20260815_150541_6643db,2020-08-21,600479.SH,200,200,103.892067,121.364296,3494.4458,154
20260815_150541_6643db,2020-08-21,600461.SH,400,400,27.222362,30.77043,1419.2272,37
20260815_150541_6643db,2020-08-21,000705.SZ,300,300,38.543152,44.41858,1762.6284,37
20260815_150541_6643db,2020-08-21,300422.SZ,200,200,56.476839,64.43514,1591.6602,37
20260815_150541_6643db,2020-08-21,600668.SH,100,100,95.467289,109.980591,1451.3302,37
20260815_150541_6643db,2020-08-21,002111.SZ,200,200,49.352376,57.86907,1703.3388,37
20260815_150541_6643db,2020-08-21,002296.SZ,300,300,36.999481,42.906864,1772.2149,37
20260815_150541_6643db,2020-08-21,002521.SZ,600,600,18.073904,20.214792,1284.5328,37
20260815_150541_6643db,2020-08-24,600479.SH,200,200,103.892067,121.613504,3544.2874,155
20260815_150541_6643db,2020-08-24,600461.SH,400,400,27.222362,31.036074,1525.4848,38
20260815_150541_6643db,2020-08-24,000705.SZ,300,300,38.543152,44.689425,1843.8819,38
20260815_150541_6643db,2020-08-24,300422.SZ,200,200,56.476839,63.207804,1346.193,38
20260815_150541_6643db,2020-08-24,600668.SH,100,100,95.467289,111.219258,1575.1969,38
20260815_150541_6643db,2020-08-24,002111.SZ,200,200,49.352376,58.14579,1758.6828,38
20260815_150541_6643db,2020-08-24,002296.SZ,300,300,36.999481,43.009512,1803.0093,38
20260815_150541_6643db,2020-08-24,002521.SZ,600,600,18.073904,20.417616,1406.2272,38
20260815_150541_6643db,2020-08-25,600479.SH,200,200,103.892067,120.492068,3320.0002,156
20260815_150541_6643db,2020-08-25,600461.SH,400,400,27.222362,31.036074,1525.4848,39
20260815_150541_6643db,2020-08-25,000705.SZ,300,300,38.543152,45.447791,2071.3917,39
20260815_150541_6643db,2020-08-25,300422.SZ,200,200,56.476839,64.690835,1642.7992,39
20260815_150541_6643db,2020-08-25,600668.SH,100,100,95.467289,109.915398,1444.8109,39
20260815_150541_6643db,2020-08-25,002111.SZ,200,200,49.352376,57.21186,1571.8968,39
20260815_150541_6643db,2020-08-25,002296.SZ,300,300,36.999481,41.777736,1433.4765,39
20260815_150541_6643db,2020-08-25,002521.SZ,600,600,18.073904,19.978164,1142.556,39
20260815_150541_6643db,2020-08-26,600479.SH,200,200,103.892067,121.239692,3469.525,157
20260815_150541_6643db,2020-08-26,600461.SH,400,400,27.222362,31.390266,1667.1616,40
20260815_150541_6643db,2020-08-26,000705.SZ,300,300,38.543152,43.714383,1551.3693,40
20260815_150541_6643db,2020-08-26,300422.SZ,200,200,56.476839,66.736395,2051.9112,40
20260815_150541_6643db,2020-08-26,600668.SH,100,100,95.467289,106.525362,1105.8073,40
20260815_150541_6643db,2020-08-26,002111.SZ,200,200,49.352376,55.82826,1295.1768,40
20260815_150541_6643db,2020-08-26,002296.SZ,300,300,36.999481,40.597284,1079.3409,40
20260815_150541_6643db,2020-08-26,002521.SZ,600,600,18.073904,19.707732,980.2968,40
20260815_150541_6643db,2020-08-27,600479.SH,200,200,103.892067,121.4889,3519.3666,158
20260815_150541_6643db,2020-08-27,600461.SH,400,400,27.222362,31.080348,1543.1944,41
20260815_150541_6643db,2020-08-27,000705.SZ,300,300,38.543152,45.231115,2006.3889,41
20260815_150541_6643db,2020-08-27,300422.SZ,200,200,56.476839,67.50348,2205.3282,41
20260815_150541_6643db,2020-08-27,600668.SH,100,100,95.467289,106.655748,1118.8459,41
20260815_150541_6643db,2020-08-27,002111.SZ,200,200,49.352376,56.10498,1350.5208,41
20260815_150541_6643db,2020-08-27,002296.SZ,300,300,36.999481,41.264496,1279.5045,41
20260815_150541_6643db,2020-08-27,002521.SZ,600,600,18.073904,20.248596,1304.8152,41
20260815_150541_6643db,2020-08-28,600479.SH,200,200,103.892067,122.236524,3668.8914,159
20260815_150541_6643db,2020-08-28,600461.SH,400,400,27.222362,30.947526,1490.0656,42
20260815_150541_6643db,2020-08-28,000705.SZ,300,300,38.543152,46.04365,2250.1494,42
20260815_150541_6643db,2020-08-28,300422.SZ,200,200,56.476839,64.741974,1653.027,42
20260815_150541_6643db,2020-08-28,600668.SH,100,100,95.467289,108.807117,1333.9828,42
20260815_150541_6643db,2020-08-28,002111.SZ,200,200,49.352376,56.83137,1495.7988,42
20260815_150541_6643db,2020-08-28,002296.SZ,300,300,36.999481,41.777736,1433.4765,42
20260815_150541_6643db,2020-08-28,002521.SZ,600,600,18.073904,20.180988,1264.2504,42
20260815_150541_6643db,2020-08-31,600479.SH,200,200,103.892067,123.98098,4017.7826,160
20260815_150541_6643db,2020-08-31,600461.SH,400,400,27.222362,31.036074,1525.4848,43
20260815_150541_6643db,2020-08-31,000705.SZ,300,300,38.543152,50.648015,3631.4589,43
20260815_150541_6643db,2020-08-31,300422.SZ,200,200,56.476839,63.41236,1387.1042,43
20260815_150541_6643db,2020-08-31,600668.SH,100,100,95.467289,109.198275,1373.0986,43
20260815_150541_6643db,2020-08-31,002111.SZ,200,200,49.352376,57.21186,1571.8968,43
20260815_150541_6643db,2020-08-31,002296.SZ,300,300,36.999481,41.57244,1371.8877,43
20260815_150541_6643db,2020-08-31,002521.SZ,600,600,18.073904,20.180988,1264.2504,43
20260815_150541_6643db,2020-09-01,600479.SH,200,200,103.892067,123.731772,3967.941,161
20260815_150541_6643db,2020-09-01,600461.SH,400,400,27.222362,30.9918,1507.7752,44
20260815_150541_6643db,2020-09-01,000705.SZ,300,300,38.543152,50.160494,3485.2026,44
20260815_150541_6643db,2020-09-01,300422.SZ,200,200,56.476839,63.207804,1346.193,44
20260815_150541_6643db,2020-09-01,600668.SH,100,100,95.467289,107.829222,1236.1933,44
20260815_150541_6643db,2020-09-01,002111.SZ,200,200,49.352376,57.66153,1661.8308,44
20260815_150541_6643db,2020-09-01,002296.SZ,300,300,36.999481,42.188328,1556.6541,44
20260815_150541_6643db,2020-09-01,002521.SZ,600,600,18.073904,20.045772,1183.1208,44
20260815_150541_6643db,2020-09-02,600479.SH,200,200,103.892067,124.977812,4217.149,162
20260815_150541_6643db,2020-09-02,600461.SH,400,400,27.222362,31.257444,1614.0328,45
20260815_150541_6643db,2020-09-02,000705.SZ,300,300,38.543152,50.323001,3533.9547,45
20260815_150541_6643db,2020-09-02,300422.SZ,200,200,56.476839,66.225005,1949.6332,45
20260815_150541_6643db,2020-09-02,600668.SH,100,100,95.467289,106.851327,1138.4038,45
20260815_150541_6643db,2020-09-02,002111.SZ,200,200,49.352376,57.03891,1537.3068,45
20260815_150541_6643db,2020-09-02,002296.SZ,300,300,36.999481,43.009512,1803.0093,45
20260815_150541_6643db,2020-09-02,002521.SZ,600,600,18.073904,20.350008,1365.6624,45
20260815_150541_6643db,2020-09-03,600479.SH,200,200,103.892067,125.725436,4366.6738,163
20260815_150541_6643db,2020-09-03,600461.SH,400,400,27.222362,30.903252,1472.356,46
20260815_150541_6643db,2020-09-03,000705.SZ,300,300,38.543152,51.406381,3858.9687,46
20260815_150541_6643db,2020-09-03,300422.SZ,200,200,56.476839,64.281723,1560.9768,46
20260815_150541_6643db,2020-09-03,600668.SH,100,100,95.467289,105.873432,1040.6143,46
20260815_150541_6643db,2020-09-03,002111.SZ,200,200,49.352376,55.86285,1302.0948,46
20260815_150541_6643db,2020-09-03,002296.SZ,300,300,36.999481,42.59892,1679.8317,46
20260815_150541_6643db,2020-09-03,002521.SZ,600,600,18.073904,20.045772,1183.1208,46
20260815_150541_6643db,2020-09-04,600479.SH,200,200,103.892067,123.108752,3843.337,164
20260815_150541_6643db,2020-09-04,600461.SH,400,400,27.222362,30.460512,1295.26,47
20260815_150541_6643db,2020-09-04,000705.SZ,300,300,38.543152,52.00224,4037.7264,47
20260815_150541_6643db,2020-09-04,300422.SZ,200,200,56.476839,65.253364,1755.305,47
20260815_150541_6643db,2020-09-04,600668.SH,100,100,95.467289,106.069011,1060.1722,47
20260815_150541_6643db,2020-09-04,002111.SZ,200,200,49.352376,54.96351,1122.2268,47
20260815_150541_6643db,2020-09-04,002296.SZ,300,300,36.999481,42.034356,1510.4625,47
20260815_150541_6643db,2020-09-04,002521.SZ,600,600,18.073904,20.11338,1223.6856,47
20260815_150541_6643db,2020-09-07,600479.SH,200,200,103.892067,119.370632,3095.713,165
20260815_150541_6643db,2020-09-07,600461.SH,400,400,27.222362,30.10632,1153.5832,48
20260815_150541_6643db,2020-09-07,000705.SZ,300,300,38.543152,50.810522,3680.211,48
20260815_150541_6643db,2020-09-07,300422.SZ,200,200,56.476839,65.151086,1734.8494,48
20260815_150541_6643db,2020-09-07,600668.SH,100,100,95.467289,104.569572,910.2283,48
20260815_150541_6643db,2020-09-07,002111.SZ,200,200,49.352376,54.02958,935.4408,48
20260815_150541_6643db,2020-09-07,002296.SZ,300,300,36.999481,41.213172,1264.1073,48
20260815_150541_6643db,2020-09-07,002521.SZ,600,600,18.073904,20.11338,1223.6856,48
20260815_150541_6643db,2020-09-08,600479.SH,200,200,103.892067,120.616672,3344.921,166
20260815_150541_6643db,2020-09-08,600461.SH,400,400,27.222362,30.726156,1401.5176,49
20260815_150541_6643db,2020-09-08,000705.SZ,300,300,38.543152,50.323001,3533.9547,49
20260815_150541_6643db,2020-09-08,300422.SZ,200,200,56.476839,69.702457,2645.1236,49
20260815_150541_6643db,2020-09-08,600668.SH,100,100,95.467289,105.286695,981.9406,49
20260815_150541_6643db,2020-09-08,002111.SZ,200,200,49.352376,54.47925,1025.3748,49
20260815_150541_6643db,2020-09-08,002296.SZ,300,300,36.999481,42.393624,1618.2429,49
20260815_150541_6643db,2020-09-08,002521.SZ,600,600,18.073904,20.552832,1487.3568,49
20260815_150541_6643db,2020-09-09,600479.SH,200,200,103.892067,117.875384,2796.6634,167
20260815_150541_6643db,2020-09-09,600461.SH,400,400,27.222362,30.726156,1401.5176,50
20260815_150541_6643db,2020-09-09,000705.SZ,300,300,38.543152,47.885396,2802.6732,50
20260815_150541_6643db,2020-09-09,300422.SZ,200,200,56.476839,66.4807,2000.7722,50
20260815_150541_6643db,2020-09-09,600668.SH,100,100,95.467289,102.222624,675.5335,50
20260815_150541_6643db,2020-09-09,002111.SZ,200,200,49.352376,53.89122,907.7688,50
20260815_150541_6643db,2020-09-09,002296.SZ,300,300,36.999481,41.777736,1433.4765,50
20260815_150541_6643db,2020-09-09,002521.SZ,600,600,18.073904,20.552832,1487.3568,50
20260815_150541_6643db,2020-09-10,600479.SH,200,200,103.892067,115.134096,2248.4058,168
20260815_150541_6643db,2020-09-10,600461.SH,400,400,27.222362,30.10632,1153.5832,51
20260815_150541_6643db,2020-09-10,000705.SZ,300,300,38.543152,45.935312,2217.648,51
20260815_150541_6643db,2020-09-10,300422.SZ,200,200,56.476839,61.929329,1090.498,51
20260815_150541_6643db,2020-09-10,600668.SH,100,100,95.467289,100.918764,545.1475,51
20260815_150541_6643db,2020-09-10,002111.SZ,200,200,49.352376,52.50762,631.0488,51
20260815_150541_6643db,2020-09-10,002296.SZ,300,300,36.999481,39.981396,894.5745,51
20260815_150541_6643db,2020-09-10,002521.SZ,600,600,18.073904,19.673928,960.0144,51
20260815_150541_6643db,2020-09-11,600479.SH,200,200,103.892067,116.50474,2522.5346,169
20260815_150541_6643db,2020-09-11,600461.SH,400,400,27.222362,29.973498,1100.4544,52
20260815_150541_6643db,2020-09-11,000705.SZ,300,300,38.543152,45.664467,2136.3945,52
20260815_150541_6643db,2020-09-11,300422.SZ,200,200,56.476839,63.361221,1376.8764,52
20260815_150541_6643db,2020-09-11,600668.SH,100,100,95.467289,101.831466,636.4177,52
20260815_150541_6643db,2020-09-11,002111.SZ,200,200,49.352376,53.09565,748.6548,52
20260815_150541_6643db,2020-09-11,002296.SZ,300,300,36.999481,41.675088,1402.6821,52
20260815_150541_6643db,2020-09-11,002521.SZ,600,600,18.073904,20.924676,1710.4632,52
20260815_150541_6643db,2020-09-14,600479.SH,200,200,103.892067,116.255532,2472.693,170
20260815_150541_6643db,2020-09-14,600461.SH,400,400,27.222362,28.7781,622.2952,53
20260815_150541_6643db,2020-09-14,000705.SZ,300,300,38.543152,46.097819,2266.4001,53
20260815_150541_6643db,2020-09-14,300422.SZ,200,200,56.476839,69.497901,2604.2124,53
20260815_150541_6643db,2020-09-14,600668.SH,100,100,95.467289,102.222624,675.5335,53
20260815_150541_6643db,2020-09-14,002111.SZ,200,200,49.352376,53.57991,845.5068,53
20260815_150541_6643db,2020-09-14,002296.SZ,300,300,36.999481,42.444948,1633.6401,53
20260815_150541_6643db,2020-09-14,002521.SZ,600,600,18.073904,20.890872,1690.1808,53
20260815_150541_6643db,2020-09-15,600479.SH,200,200,103.892067,115.507908,2323.1682,171
20260815_150541_6643db,2020-09-15,600461.SH,400,400,27.222362,28.866648,657.7144,54
20260815_150541_6643db,2020-09-15,000705.SZ,300,300,38.543152,46.097819,2266.4001,54
20260815_150541_6643db,2020-09-15,300422.SZ,200,200,56.476839,67.810314,2266.695,54
20260815_150541_6643db,2020-09-15,600668.SH,100,100,95.467289,102.287817,682.0528,54
20260815_150541_6643db,2020-09-15,002111.SZ,200,200,49.352376,53.68368,866.2608,54
20260815_150541_6643db,2020-09-15,002296.SZ,300,300,36.999481,41.931708,1479.6681,54
20260815_150541_6643db,2020-09-15,002521.SZ,600,600,18.073904,20.62044,1527.9216,54
20260815_150541_6643db,2020-09-16,600479.SH,200,200,103.892067,113.888056,1999.1978,172
20260815_150541_6643db,2020-09-16,600461.SH,400,400,27.222362,28.55673,533.7472,55
20260815_150541_6643db,2020-09-16,000705.SZ,300,300,38.543152,44.581087,1811.3805,55
20260815_150541_6643db,2020-09-16,300422.SZ,200,200,56.476839,68.168287,2338.2896,55
20260815_150541_6643db,2020-09-16,600668.SH,100,100,95.467289,103.852449,838.516,55
20260815_150541_6643db,2020-09-16,002111.SZ,200,200,49.352376,52.88811,707.1468,55
20260815_150541_6643db,2020-09-16,002296.SZ,300,300,36.999481,41.110524,1233.3129,55
20260815_150541_6643db,2020-09-16,002521.SZ,600,600,18.073904,20.654244,1548.204,55
20260815_150541_6643db,2020-09-17,600479.SH,200,200,103.892067,114.386472,2098.881,173
20260815_150541_6643db,2020-09-17,600461.SH,400,400,27.222362,28.379634,462.9088,56
20260815_150541_6643db,2020-09-17,000705.SZ,300,300,38.543152,44.41858,1762.6284,56
20260815_150541_6643db,2020-09-17,300422.SZ,200,200,56.476839,66.736395,2051.9112,56
20260815_150541_6643db,2020-09-17,600668.SH,100,100,95.467289,103.200519,773.323,56
20260815_150541_6643db,2020-09-17,002111.SZ,200,200,49.352376,53.47614,824.7528,56
20260815_150541_6643db,2020-09-17,002296.SZ,300,300,36.999481,40.80258,1140.9297,56
20260815_150541_6643db,2020-09-17,002521.SZ,600,600,18.073904,20.2824,1325.0976,56
20260815_150541_6643db,2020-09-18,600479.SH,200,200,103.892067,116.380136,2497.6138,174
20260815_150541_6643db,2020-09-18,600461.SH,400,400,27.222362,28.866648,657.7144,57
20260815_150541_6643db,2020-09-18,000705.SZ,300,300,38.543152,44.526918,1795.1298,57
20260815_150541_6643db,2020-09-18,300422.SZ,200,200,56.476839,65.96931,1898.4942,57
20260815_150541_6643db,2020-09-18,600668.SH,100,100,95.467289,104.634765,916.7476,57
20260815_150541_6643db,2020-09-18,002111.SZ,200,200,49.352376,54.13335,956.1948,57
20260815_150541_6643db,2020-09-18,002296.SZ,300,300,36.999481,41.264496,1279.5045,57
20260815_150541_6643db,2020-09-18,002521.SZ,600,600,18.073904,20.586636,1507.6392,57
20260815_150541_6643db,2020-09-21,600479.SH,200,200,103.892067,116.380136,2497.6138,175
20260815_150541_6643db,2020-09-21,600461.SH,400,400,27.222362,28.733826,604.5856,58
20260815_150541_6643db,2020-09-21,000705.SZ,300,300,38.543152,44.310242,1730.127,58
20260815_150541_6643db,2020-09-21,300422.SZ,200,200,56.476839,65.048808,1714.3938,58
20260815_150541_6643db,2020-09-21,600668.SH,100,100,95.467289,104.113221,864.5932,58
20260815_150541_6643db,2020-09-21,002111.SZ,200,200,49.352376,54.51384,1032.2928,58
20260815_150541_6643db,2020-09-21,002296.SZ,300,300,36.999481,40.853904,1156.3269,58
20260815_150541_6643db,2020-09-21,002521.SZ,600,600,18.073904,20.519028,1467.0744,58
20260815_150541_6643db,2020-09-22,600479.SH,200,200,103.892067,115.2587,2273.3266,176
20260815_150541_6643db,2020-09-22,600461.SH,400,400,27.222362,28.291086,427.4896,59
20260815_150541_6643db,2020-09-22,000705.SZ,300,300,38.543152,43.768552,1567.62,59
20260815_150541_6643db,2020-09-22,300422.SZ,200,200,56.476839,62.952109,1295.054,59
20260815_150541_6643db,2020-09-22,600668.SH,100,100,95.467289,102.157431,669.0142,59
20260815_150541_6643db,2020-09-22,002111.SZ,200,200,49.352376,53.6145,852.4248,59
20260815_150541_6643db,2020-09-22,002296.SZ,300,300,36.999481,39.7761,832.9857,59
20260815_150541_6643db,2020-09-22,002521.SZ,600,600,18.073904,19.876752,1081.7088,59
20260815_150541_6643db,2020-09-23,600479.SH,200,200,103.892067,116.629344,2547.4554,177
20260815_150541_6643db,2020-09-23,600461.SH,400,400,27.222362,28.423908,480.6184,60
20260815_150541_6643db,2020-09-23,000705.SZ,300,300,38.543152,44.039397,1648.8735,60
20260815_150541_6643db,2020-09-23,300422.SZ,200,200,56.476839,63.974889,1499.61,60
20260815_150541_6643db,2020-09-23,600668.SH,100,100,95.467289,102.483396,701.6107,60
20260815_150541_6643db,2020-09-23,002111.SZ,200,200,49.352376,54.3063,990.7848,60
20260815_150541_6643db,2020-09-23,002296.SZ,300,300,36.999481,39.930072,879.1773,60
20260815_150541_6643db,2020-09-23,002521.SZ,600,600,18.073904,19.842948,1061.4264,60
20260815_150541_6643db,2020-09-24,600479.SH,200,200,103.892067,114.01266,2024.1186,178
20260815_150541_6643db,2020-09-24,600461.SH,400,400,27.222362,27.759798,214.9744,61
20260815_150541_6643db,2020-09-24,000705.SZ,300,300,38.543152,42.089313,1063.8483,61
20260815_150541_6643db,2020-09-24,300422.SZ,200,200,56.476839,60.85541,875.7142,61
20260815_150541_6643db,2020-09-24,600668.SH,100,100,95.467289,99.940869,447.358,61
20260815_150541_6643db,2020-09-24,002111.SZ,200,200,49.352376,53.13024,755.5728,61
20260815_150541_6643db,2020-09-24,002296.SZ,300,300,36.999481,38.852268,555.8361,61
20260815_150541_6643db,2020-09-24,002521.SZ,600,600,18.073904,19.369692,777.4728,61
20260815_150541_6643db,2020-09-25,600479.SH,200,200,103.892067,113.638848,1949.3562,179
20260815_150541_6643db,2020-09-25,600461.SH,400,400,27.222362,27.848346,250.3936,62
20260815_150541_6643db,2020-09-25,000705.SZ,300,300,38.543152,42.468496,1177.6032,62
20260815_150541_6643db,2020-09-25,300422.SZ,200,200,56.476839,60.241742,752.9806,62
20260815_150541_6643db,2020-09-25,600668.SH,100,100,95.467289,99.028167,356.0878,62
20260815_150541_6643db,2020-09-25,002111.SZ,200,200,49.352376,52.54221,637.9668,62
20260815_150541_6643db,2020-09-25,002296.SZ,300,300,36.999481,38.493,448.0557,62
20260815_150541_6643db,2020-09-25,002521.SZ,600,600,18.073904,19.369692,777.4728,62
20260815_150541_6643db,2020-09-28,600479.SH,200,200,103.892067,113.38964,1899.5146,180
20260815_150541_6643db,2020-09-28,600461.SH,400,400,27.222362,28.11399,356.6512,63
20260815_150541_6643db,2020-09-28,000705.SZ,300,300,38.543152,41.71013,950.0934,63
20260815_150541_6643db,2020-09-28,300422.SZ,200,200,56.476839,58.707572,446.1466,63
20260815_150541_6643db,2020-09-28,600668.SH,100,100,95.467289,98.637009,316.972,63
20260815_150541_6643db,2020-09-28,002111.SZ,200,200,49.352376,52.74975,679.4748,63
20260815_150541_6643db,2020-09-28,002296.SZ,300,300,36.999481,37.825788,247.8921,63
20260815_150541_6643db,2020-09-28,002521.SZ,600,600,18.073904,19.065456,594.9312,63
20260815_150541_6643db,2020-09-29,600479.SH,200,200,103.892067,113.38964,1899.5146,181
20260815_150541_6643db,2020-09-29,600461.SH,400,400,27.222362,28.33536,445.1992,64
20260815_150541_6643db,2020-09-29,000705.SZ,300,300,38.543152,41.818468,982.5948,64
20260815_150541_6643db,2020-09-29,300422.SZ,200,200,56.476839,59.218962,548.4246,64
20260815_150541_6643db,2020-09-29,600668.SH,100,100,95.467289,99.09336,362.6071,64
20260815_150541_6643db,2020-09-29,002111.SZ,200,200,49.352376,54.27171,983.8668,64
20260815_150541_6643db,2020-09-29,002296.SZ,300,300,36.999481,39.51948,755.9997,64
20260815_150541_6643db,2020-09-29,002521.SZ,600,600,18.073904,19.133064,635.496,64
20260815_150541_6643db,2020-09-30,600479.SH,200,200,103.892067,111.894392,1600.465,182
20260815_150541_6643db,2020-09-30,600461.SH,400,400,27.222362,28.246812,409.78,65
20260815_150541_6643db,2020-09-30,000705.SZ,300,300,38.543152,41.330947,836.3385,65
20260815_150541_6643db,2020-09-30,300422.SZ,200,200,56.476839,58.554155,415.4632,65
20260815_150541_6643db,2020-09-30,600668.SH,100,100,95.467289,98.897781,343.0492,65
20260815_150541_6643db,2020-09-30,002111.SZ,200,200,49.352376,54.37548,1004.6208,65
20260815_150541_6643db,2020-09-30,002296.SZ,300,300,36.999481,39.51948,755.9997,65
20260815_150541_6643db,2020-09-30,002521.SZ,600,600,18.073904,18.795024,432.672,65
20260815_150541_6643db,2020-10-09,600479.SH,200,200,103.892067,114.137264,2049.0394,183
20260815_150541_6643db,2020-10-09,600461.SH,400,400,27.222362,28.512456,516.0376,66
20260815_150541_6643db,2020-10-09,000705.SZ,300,300,38.543152,43.172693,1388.8623,66
20260815_150541_6643db,2020-10-09,300422.SZ,200,200,56.476839,60.037186,712.0694,66
20260815_150541_6643db,2020-10-09,600668.SH,100,100,95.467289,101.04915,558.1861,66
20260815_150541_6643db,2020-10-09,002111.SZ,200,200,49.352376,54.9981,1129.1448,66
20260815_150541_6643db,2020-10-09,002296.SZ,300,300,36.999481,40.54596,1063.9437,66
20260815_150541_6643db,2020-10-09,002521.SZ,600,600,18.073904,19.369692,777.4728,66
20260815_150541_6643db,2020-10-12,002839.SZ,1900,0,6.357051,6.55323,372.7401,1
20260815_150541_6643db,2020-10-12,002801.SZ,100,0,86.040558,87.14992,110.9362,1
20260815_150541_6643db,2020-10-12,601138.SH,800,0,14.259746,14.364892,84.1168,1
20260815_150541_6643db,2020-10-12,002060.SZ,900,0,12.851728,12.83568,-14.4432,1
20260815_150541_6643db,2020-10-12,603937.SH,1100,0,11.055725,11.185056,142.2641,1
20260815_150541_6643db,2020-10-12,002795.SZ,300,0,32.889191,33.774015,265.4472,1
20260815_150541_6643db,2020-10-13,002839.SZ,1900,1900,6.357051,6.510258,291.0933,2
20260815_150541_6643db,2020-10-13,002801.SZ,100,100,86.040558,88.63712,259.6562,2
20260815_150541_6643db,2020-10-13,601138.SH,800,800,14.259746,14.272678,10.3456,2
20260815_150541_6643db,2020-10-13,002060.SZ,900,900,12.851728,12.6412,-189.4752,2
20260815_150541_6643db,2020-10-13,603937.SH,1100,1100,11.055725,11.14416,97.2785,2
20260815_150541_6643db,2020-10-13,002795.SZ,300,300,32.889191,33.437327,164.4408,2
20260815_150541_6643db,2020-10-14,002839.SZ,1900,1900,6.357051,6.499515,270.6816,3
20260815_150541_6643db,2020-10-14,002801.SZ,100,100,86.040558,88.9616,292.1042,3
20260815_150541_6643db,2020-10-14,601138.SH,800,800,14.259746,14.067758,-153.5904,3
20260815_150541_6643db,2020-10-14,002060.SZ,900,900,12.851728,12.796784,-49.4496,3
20260815_150541_6643db,2020-10-14,603937.SH,1100,1100,11.055725,11.001024,-60.1711,3
20260815_150541_6643db,2020-10-14,002795.SZ,300,300,32.889191,33.03751,44.4957,3
20260815_150541_6643db,2020-10-15,002839.SZ,1900,1900,6.357051,6.55323,372.7401,4
20260815_150541_6643db,2020-10-15,002801.SZ,100,100,86.040558,88.90752,286.6962,4
20260815_150541_6643db,2020-10-15,601138.SH,800,800,14.259746,14.08825,-137.1968,4
20260815_150541_6643db,2020-10-15,002060.SZ,900,900,12.851728,12.563408,-259.488,4
20260815_150541_6643db,2020-10-15,603937.SH,1100,1100,11.055725,11.052144,-3.9391,4
20260815_150541_6643db,2020-10-15,002795.SZ,300,300,32.889191,32.658736,-69.1365,4
20260815_150541_6643db,2020-10-16,002839.SZ,1900,1900,6.357051,6.596202,454.3869,5
20260815_150541_6643db,2020-10-16,002801.SZ,100,100,86.040558,87.4744,143.3842,5
20260815_150541_6643db,2020-10-16,601138.SH,800,800,14.259746,14.118988,-112.6064,5
20260815_150541_6643db,2020-10-16,002060.SZ,900,900,12.851728,12.602304,-224.4816,5
20260815_150541_6643db,2020-10-16,603937.SH,1100,1100,11.055725,11.072592,18.5537,5
20260815_150541_6643db,2020-10-16,002795.SZ,300,300,32.889191,33.142725,76.0602,5
20260815_150541_6643db,2020-10-19,002839.SZ,1900,1900,6.357051,6.585459,433.9752,6
20260815_150541_6643db,2020-10-19,002801.SZ,100,100,86.040558,88.4208,238.0242,6
20260815_150541_6643db,2020-10-19,601138.SH,800,800,14.259746,14.200956,-47.032,6
20260815_150541_6643db,2020-10-19,002060.SZ,900,900,12.851728,12.524512,-294.4944,6
20260815_150541_6643db,2020-10-19,603937.SH,1100,1100,11.055725,11.103264,52.2929,6
20260815_150541_6643db,2020-10-19,002795.SZ,300,300,32.889191,33.205854,94.9989,6
20260815_150541_6643db,2020-10-20,002839.SZ,1900,1900,6.357051,6.542487,352.3284,7
20260815_150541_6643db,2020-10-20,002801.SZ,100,100,86.040558,88.90752,286.6962,7
20260815_150541_6643db,2020-10-20,601138.SH,800,800,14.259746,14.19071,-55.2288,7
20260815_150541_6643db,2020-10-20,002060.SZ,900,900,12.851728,12.44672,-364.5072,7
20260815_150541_6643db,2020-10-20,603937.SH,1100,1100,11.055725,11.103264,52.2929,7
20260815_150541_6643db,2020-10-20,002795.SZ,300,300,32.889191,33.353155,139.1892,7
20260815_150541_6643db,2020-10-21,002839.SZ,1900,1900,6.357051,6.639174,536.0337,8
20260815_150541_6643db,2020-10-21,002801.SZ,100,100,86.040558,89.6376,359.7042,8
20260815_150541_6643db,2020-10-21,601138.SH,800,800,14.259746,13.975544,-227.3616,8
20260815_150541_6643db,2020-10-21,002060.SZ,900,900,12.851728,12.291136,-504.5328,8
20260815_150541_6643db,2020-10-21,603937.SH,1100,1100,11.055725,11.123712,74.7857,8
20260815_150541_6643db,2020-10-21,002795.SZ,300,300,32.889191,33.100639,63.4344,8
20260815_150541_6643db,2020-10-22,002839.SZ,1900,1900,6.357051,6.628431,515.622,9
20260815_150541_6643db,2020-10-22,002801.SZ,100,100,86.040558,89.0968,305.6242,9
20260815_150541_6643db,2020-10-22,601138.SH,800,800,14.259746,13.996036,-210.968,9
20260815_150541_6643db,2020-10-22,002060.SZ,900,900,12.851728,12.291136,-504.5328,9
20260815_150541_6643db,2020-10-22,603937.SH,1100,1100,11.055725,11.205504,164.7569,9
20260815_150541_6643db,2020-10-22,002795.SZ,300,300,32.889191,32.658736,-69.1365,9
20260815_150541_6643db,2020-10-23,002839.SZ,1900,1900,6.357051,6.682146,617.6805,10
20260815_150541_6643db,2020-10-23,002801.SZ,100,100,86.040558,90.3136,427.3042,10
20260815_150541_6643db,2020-10-23,601138.SH,800,800,14.259746,13.924314,-268.3456,10
20260815_150541_6643db,2020-10-23,002060.SZ,900,900,12.851728,12.291136,-504.5328,10
20260815_150541_6643db,2020-10-23,603937.SH,1100,1100,11.055725,10.949904,-116.4031,10
20260815_150541_6643db,2020-10-23,002795.SZ,300,300,32.889191,32.61665,-81.7623,10
20260815_150541_6643db,2020-10-26,002839.SZ,1900,1900,6.357051,6.542487,352.3284,11
20260815_150541_6643db,2020-10-26,002801.SZ,100,100,86.040558,91.26,521.9442,11
20260815_150541_6643db,2020-10-26,601138.SH,800,800,14.259746,14.016528,-194.5744,11
20260815_150541_6643db,2020-10-26,002060.SZ,900,900,12.851728,12.291136,-504.5328,11
20260815_150541_6643db,2020-10-26,603937.SH,1100,1100,11.055725,10.960128,-105.1567,11
20260815_150541_6643db,2020-10-26,002795.SZ,300,300,32.889191,32.322048,-170.1429,11
20260815_150541_6643db,2020-10-27,002839.SZ,1900,1900,6.357051,6.478029,229.8582,12
20260815_150541_6643db,2020-10-27,002801.SZ,100,100,86.040558,92.7472,670.6642,12
20260815_150541_6643db,2020-10-27,601138.SH,800,800,14.259746,14.211202,-38.8352,12
20260815_150541_6643db,2020-10-27,002060.SZ,900,900,12.851728,12.213344,-574.5456,12
20260815_150541_6643db,2020-10-27,603937.SH,1100,1100,11.055725,10.919232,-150.1423,12
20260815_150541_6643db,2020-10-27,002795.SZ,300,300,32.889191,32.174747,-214.3332,12
20260815_150541_6643db,2020-10-28,002839.SZ,1900,1900,6.357051,6.467286,209.4465,13
20260815_150541_6643db,2020-10-28,002801.SZ,100,100,86.040558,94.85632,881.5762,13
20260815_150541_6643db,2020-10-28,601138.SH,800,800,14.259746,14.282924,18.5424,13
20260815_150541_6643db,2020-10-28,002060.SZ,900,900,12.851728,12.25224,-539.5392,13
20260815_150541_6643db,2020-10-28,603937.SH,1100,1100,11.055725,10.796544,-285.0991,13
20260815_150541_6643db,2020-10-28,002795.SZ,300,300,32.889191,32.069532,-245.8977,13
20260815_150541_6643db,2020-10-29,002839.SZ,1900,1900,6.357051,6.402828,86.9763,14
20260815_150541_6643db,2020-10-29,002801.SZ,100,100,86.040558,95.316,927.5442,14
20260815_150541_6643db,2020-10-29,601138.SH,800,800,14.259746,14.303416,34.936,14
20260815_150541_6643db,2020-10-29,002060.SZ,900,900,12.851728,12.096656,-679.5648,14
20260815_150541_6643db,2020-10-29,603937.SH,1100,1100,11.055725,10.755648,-330.0847,14
20260815_150541_6643db,2020-10-29,002795.SZ,300,300,32.889191,31.606586,-384.7815,14
20260815_150541_6643db,2020-10-30,002839.SZ,1900,1900,6.357051,6.23094,-239.6109,15
20260815_150541_6643db,2020-10-30,002801.SZ,100,100,86.040558,89.6376,359.7042,15
20260815_150541_6643db,2020-10-30,601138.SH,800,800,14.259746,13.98579,-219.1648,15
20260815_150541_6643db,2020-10-30,002060.SZ,900,900,12.851728,11.86328,-889.6032,15
20260815_150541_6643db,2020-10-30,603937.SH,1100,1100,11.055725,10.919232,-150.1423,15
20260815_150541_6643db,2020-10-30,002795.SZ,300,300,32.889191,31.585543,-391.0944,15
20260815_150541_6643db,2020-11-02,002839.SZ,1900,1900,6.357051,6.306141,-96.729,16
20260815_150541_6643db,2020-11-02,002801.SZ,100,100,86.040558,87.04176,100.1202,16
20260815_150541_6643db,2020-11-02,601138.SH,800,800,14.259746,13.483736,-620.808,16
20260815_150541_6643db,2020-11-02,002060.SZ,900,900,12.851728,12.05776,-714.5712,16
20260815_150541_6643db,2020-11-02,603937.SH,1100,1100,11.055725,11.2464,209.7425,16
20260815_150541_6643db,2020-11-02,002795.SZ,300,300,32.889191,31.648672,-372.1557,16
20260815_150541_6643db,2020-11-03,002839.SZ,1900,1900,6.357051,6.370599,25.7412,17
20260815_150541_6643db,2020-11-03,002801.SZ,100,100,86.040558,90.34064,430.0082,17
20260815_150541_6643db,2020-11-03,601138.SH,800,800,14.259746,13.709148,-440.4784,17
20260815_150541_6643db,2020-11-03,002060.SZ,900,900,12.851728,12.174448,-609.552,17
20260815_150541_6643db,2020-11-03,603937.SH,1100,1100,11.055725,11.34864,322.2065,17
20260815_150541_6643db,2020-11-03,002795.SZ,300,300,32.889191,31.753887,-340.5912,17
20260815_150541_6643db,2020-11-04,002839.SZ,1900,1900,6.357051,6.349113,-15.0822,18
20260815_150541_6643db,2020-11-04,002801.SZ,100,100,86.040558,88.93456,289.4002,18
20260815_150541_6643db,2020-11-04,601138.SH,800,800,14.259746,13.801362,-366.7072,18
20260815_150541_6643db,2020-11-04,002060.SZ,900,900,12.851728,12.096656,-679.5648,18
20260815_150541_6643db,2020-11-04,603937.SH,1100,1100,11.055725,11.277072,243.4817,18
20260815_150541_6643db,2020-11-04,002795.SZ,300,300,32.889191,31.543457,-403.7202,18
20260815_150541_6643db,2020-11-05,002839.SZ,1900,1900,6.357051,6.370599,25.7412,19
20260815_150541_6643db,2020-11-05,002801.SZ,100,100,86.040558,89.39424,335.3682,19
20260815_150541_6643db,2020-11-05,601138.SH,800,800,14.259746,14.149726,-88.016,19
20260815_150541_6643db,2020-11-05,002060.SZ,900,900,12.851728,12.213344,-574.5456,19
20260815_150541_6643db,2020-11-05,603937.SH,1100,1100,11.055725,11.328192,299.7137,19
20260815_150541_6643db,2020-11-05,002795.SZ,300,300,32.889191,31.859102,-309.0267,19
20260815_150541_6643db,2020-11-06,002839.SZ,1900,1900,6.357051,6.327627,-55.9056,20
20260815_150541_6643db,2020-11-06,002801.SZ,100,100,86.040558,87.3392,129.8642,20
20260815_150541_6643db,2020-11-06,601138.SH,800,800,14.259746,14.3444,67.7232,20
20260815_150541_6643db,2020-11-06,002060.SZ,900,900,12.851728,12.174448,-609.552,20
20260815_150541_6643db,2020-11-06,603937.SH,1100,1100,11.055725,11.225952,187.2497,20
20260815_150541_6643db,2020-11-06,002795.SZ,300,300,32.889191,31.585543,-391.0944,20
20260815_150541_6643db,2020-11-09,002839.SZ,1900,1900,6.357051,6.531744,331.9167,21
20260815_150541_6643db,2020-11-09,002801.SZ,100,100,86.040558,88.9616,292.1042,21
20260815_150541_6643db,2020-11-09,601138.SH,800,800,14.259746,14.75424,395.5952,21
20260815_150541_6643db,2020-11-09,002060.SZ,900,900,12.851728,12.330032,-469.5264,21
20260815_150541_6643db,2020-11-09,603937.SH,1100,1100,11.055725,11.45088,434.6705,21
20260815_150541_6643db,2020-11-09,002795.SZ,300,300,32.889191,31.838059,-315.3396,21
20260815_150541_6643db,2020-11-10,002839.SZ,1900,1900,6.357051,6.4458,168.6231,22
20260815_150541_6643db,2020-11-10,002801.SZ,100,100,86.040558,89.17792,313.7362,22
20260815_150541_6643db,2020-11-10,601138.SH,800,800,14.259746,15.430476,936.584,22
20260815_150541_6643db,2020-11-10,002060.SZ,900,900,12.851728,12.25224,-539.5392,22
20260815_150541_6643db,2020-11-10,603937.SH,1100,1100,11.055725,11.369088,344.6993,22
20260815_150541_6643db,2020-11-10,002795.SZ,300,300,32.889191,31.859102,-309.0267,22
20260815_150541_6643db,2020-11-11,002839.SZ,1900,1900,6.357051,6.4458,168.6231,23
20260815_150541_6643db,2020-11-11,002801.SZ,100,100,86.040558,88.4208,238.0242,23
20260815_150541_6643db,2020-11-11,601138.SH,800,800,14.259746,14.897684,510.3504,23
20260815_150541_6643db,2020-11-11,002060.SZ,900,900,12.851728,12.25224,-539.5392,23
20260815_150541_6643db,2020-11-11,603937.SH,1100,1100,11.055725,11.440656,423.4241,23
20260815_150541_6643db,2020-11-11,002795.SZ,300,300,32.889191,31.795973,-327.9654,23
20260815_150541_6643db,2020-11-12,002839.SZ,1900,1900,6.357051,6.359856,5.3295,24
20260815_150541_6643db,2020-11-12,002801.SZ,100,100,86.040558,87.31216,127.1602,24
20260815_150541_6643db,2020-11-12,601138.SH,800,800,14.259746,14.836208,461.1696,24
20260815_150541_6643db,2020-11-12,002060.SZ,900,900,12.851728,12.174448,-609.552,24
20260815_150541_6643db,2020-11-12,603937.SH,1100,1100,11.055725,11.369088,344.6993,24
20260815_150541_6643db,2020-11-12,002795.SZ,300,300,32.889191,31.690758,-359.5299,24
20260815_150541_6643db,2020-11-13,002839.SZ,1900,1900,6.357051,6.306141,-96.729,25
20260815_150541_6643db,2020-11-13,002801.SZ,100,100,86.040558,88.556,251.5442,25
20260815_150541_6643db,2020-11-13,601138.SH,800,800,14.259746,14.70301,354.6112,25
20260815_150541_6643db,2020-11-13,002060.SZ,900,900,12.851728,12.05776,-714.5712,25
20260815_150541_6643db,2020-11-13,603937.SH,1100,1100,11.055725,11.512224,502.1489,25
20260815_150541_6643db,2020-11-13,002795.SZ,300,300,32.889191,31.522414,-410.0331,25
20260815_150541_6643db,2020-11-16,002839.SZ,1900,1900,6.357051,6.349113,-15.0822,26
20260815_150541_6643db,2020-11-16,002801.SZ,100,100,86.040558,89.88096,384.0402,26
20260815_150541_6643db,2020-11-16,601138.SH,800,800,14.259746,14.631288,297.2336,26
20260815_150541_6643db,2020-11-16,002060.SZ,900,900,12.851728,12.291136,-504.5328,26
20260815_150541_6643db,2020-11-16,603937.SH,1100,1100,11.055725,11.798496,817.0481,26
20260815_150541_6643db,2020-11-16,002795.SZ,300,300,32.889191,31.795973,-327.9654,26
20260815_150541_6643db,2020-11-17,002839.SZ,1900,1900,6.357051,6.402828,86.9763,27
20260815_150541_6643db,2020-11-17,002801.SZ,100,100,86.040558,91.1248,508.4242,27
20260815_150541_6643db,2020-11-17,601138.SH,800,800,14.259746,14.487844,182.4784,27
20260815_150541_6643db,2020-11-17,002060.SZ,900,900,12.851728,12.291136,-504.5328,27
20260815_150541_6643db,2020-11-17,603937.SH,1100,1100,11.055725,11.614464,614.6129,27
20260815_150541_6643db,2020-11-17,002795.SZ,300,300,32.889191,31.585543,-391.0944,27
20260815_150541_6643db,2020-11-18,002839.SZ,1900,1900,6.357051,6.499515,270.6816,28
20260815_150541_6643db,2020-11-18,002801.SZ,100,100,86.040558,92.72016,667.9602,28
20260815_150541_6643db,2020-11-18,601138.SH,800,800,14.259746,14.75424,395.5952,28
20260815_150541_6643db,2020-11-18,002060.SZ,900,900,12.851728,12.368928,-434.52,28
20260815_150541_6643db,2020-11-18,603937.SH,1100,1100,11.055725,11.818944,839.5409,28
20260815_150541_6643db,2020-11-18,002795.SZ,300,300,32.889191,31.164683,-517.3524,28
20260815_150541_6643db,2020-11-19,002839.SZ,1900,1900,6.357051,6.55323,372.7401,29
20260815_150541_6643db,2020-11-19,002801.SZ,100,100,86.040558,93.34208,730.1522,29
20260815_150541_6643db,2020-11-19,601138.SH,800,800,14.259746,14.692764,346.4144,29
20260815_150541_6643db,2020-11-19,002060.SZ,900,900,12.851728,12.330032,-469.5264,29
20260815_150541_6643db,2020-11-19,603937.SH,1100,1100,11.055725,11.65536,659.5985,29
20260815_150541_6643db,2020-11-19,002795.SZ,300,300,32.889191,31.311984,-473.1621,29
20260815_150541_6643db,2020-11-20,002839.SZ,1900,1900,6.357051,6.488772,250.2699,30
20260815_150541_6643db,2020-11-20,002801.SZ,100,100,86.040558,93.77472,773.4162,30
20260815_150541_6643db,2020-11-20,601138.SH,800,800,14.259746,14.60055,272.6432,30
20260815_150541_6643db,2020-11-20,002060.SZ,900,900,12.851728,12.330032,-469.5264,30
20260815_150541_6643db,2020-11-20,603937.SH,1100,1100,11.055725,11.737152,749.5697,30
20260815_150541_6643db,2020-11-20,002795.SZ,300,300,32.889191,31.101554,-536.2911,30
20260815_150541_6643db,2020-11-23,002839.SZ,1900,1900,6.357051,6.574716,413.5635,31
20260815_150541_6643db,2020-11-23,002801.SZ,100,100,86.040558,93.77472,773.4162,31
20260815_150541_6643db,2020-11-23,601138.SH,800,800,14.259746,14.518582,207.0688,31
20260815_150541_6643db,2020-11-23,002060.SZ,900,900,12.851728,12.44672,-364.5072,31
20260815_150541_6643db,2020-11-23,603937.SH,1100,1100,11.055725,11.992752,1030.7297,31
20260815_150541_6643db,2020-11-23,002795.SZ,300,300,32.889191,31.14364,-523.6653,31
20260815_150541_6643db,2020-11-24,002839.SZ,1900,1900,6.357051,6.55323,372.7401,32
20260815_150541_6643db,2020-11-24,002801.SZ,100,100,86.040558,92.42272,638.2162,32
20260815_150541_6643db,2020-11-24,601138.SH,800,800,14.259746,14.518582,207.0688,32
20260815_150541_6643db,2020-11-24,002060.SZ,900,900,12.851728,12.330032,-469.5264,32
20260815_150541_6643db,2020-11-24,603937.SH,1100,1100,11.055725,11.982528,1019.4833,32
20260815_150541_6643db,2020-11-24,002795.SZ,300,300,32.889191,30.870081,-605.733,32
20260815_150541_6643db,2020-11-25,002839.SZ,1900,1900,6.357051,6.617688,495.2103,33
20260815_150541_6643db,2020-11-25,002801.SZ,100,100,86.040558,90.15136,411.0802,33
20260815_150541_6643db,2020-11-25,601138.SH,800,800,14.259746,14.436614,141.4944,33
20260815_150541_6643db,2020-11-25,002060.SZ,900,900,12.851728,12.213344,-574.5456,33
20260815_150541_6643db,2020-11-25,603937.SH,1100,1100,11.055725,11.563344,558.3809,33
20260815_150541_6643db,2020-11-25,002795.SZ,300,300,32.889191,30.806952,-624.6717,33
20260815_150541_6643db,2020-11-26,002839.SZ,1900,1900,6.357051,6.714375,678.9156,34
20260815_150541_6643db,2020-11-26,002801.SZ,100,100,86.040558,88.52896,248.8402,34
20260815_150541_6643db,2020-11-26,601138.SH,800,800,14.259746,14.3444,67.7232,34
20260815_150541_6643db,2020-11-26,002060.SZ,900,900,12.851728,12.330032,-469.5264,34
20260815_150541_6643db,2020-11-26,603937.SH,1100,1100,11.055725,11.65536,659.5985,34
20260815_150541_6643db,2020-11-26,002795.SZ,300,300,32.889191,31.543457,-403.7202,34
20260815_150541_6643db,2020-11-27,002839.SZ,1900,1900,6.357051,6.98295,1189.2081,35
20260815_150541_6643db,2020-11-27,002801.SZ,100,100,86.040558,92.42272,638.2162,35
20260815_150541_6643db,2020-11-27,601138.SH,800,800,14.259746,14.170218,-71.6224,35
20260815_150541_6643db,2020-11-27,002060.SZ,900,900,12.851728,12.368928,-434.52,35
20260815_150541_6643db,2020-11-27,603937.SH,1100,1100,11.055725,11.491776,479.6561,35
20260815_150541_6643db,2020-11-27,002795.SZ,300,300,32.889191,32.574564,-94.3881,35
20260815_150541_6643db,2020-11-30,002839.SZ,1900,1900,6.357051,6.854034,944.2677,36
20260815_150541_6643db,2020-11-30,002801.SZ,100,100,86.040558,91.63856,559.8002,36
20260815_150541_6643db,2020-11-30,601138.SH,800,800,14.259746,14.149726,-88.016,36
20260815_150541_6643db,2020-11-30,002060.SZ,900,900,12.851728,12.368928,-434.52,36
20260815_150541_6643db,2020-11-30,603937.SH,1100,1100,11.055725,11.594016,592.1201,36
20260815_150541_6643db,2020-11-30,002795.SZ,300,300,32.889191,31.922231,-290.088,36
20260815_150541_6643db,2020-12-01,002839.SZ,1900,1900,6.357051,7.187067,1577.0304,37
20260815_150541_6643db,2020-12-01,002801.SZ,100,100,86.040558,92.96352,692.2962,37
20260815_150541_6643db,2020-12-01,601138.SH,800,800,14.259746,14.426368,133.2976,37
20260815_150541_6643db,2020-12-01,002060.SZ,900,900,12.851728,12.44672,-364.5072,37
20260815_150541_6643db,2020-12-01,603937.SH,1100,1100,11.055725,11.675808,682.0913,37
20260815_150541_6643db,2020-12-01,002795.SZ,300,300,32.889191,32.237876,-195.3945,37
20260815_150541_6643db,2020-12-02,002839.SZ,1900,1900,6.357051,7.068894,1352.5017,38
20260815_150541_6643db,2020-12-02,002801.SZ,100,100,86.040558,93.85584,781.5282,38
20260815_150541_6643db,2020-12-02,601138.SH,800,800,14.259746,14.39563,108.7072,38
20260815_150541_6643db,2020-12-02,002060.SZ,900,900,12.851728,12.485616,-329.5008,38
20260815_150541_6643db,2020-12-02,603937.SH,1100,1100,11.055725,11.65536,659.5985,38
20260815_150541_6643db,2020-12-02,002795.SZ,300,300,32.889191,32.069532,-245.8977,38
20260815_150541_6643db,2020-12-03,002839.SZ,1900,1900,6.357051,7.19781,1597.4421,39
20260815_150541_6643db,2020-12-03,002801.SZ,100,100,86.040558,95.42416,938.3602,39
20260815_150541_6643db,2020-12-03,601138.SH,800,800,14.259746,14.211202,-38.8352,39
20260815_150541_6643db,2020-12-03,002060.SZ,900,900,12.851728,12.44672,-364.5072,39
20260815_150541_6643db,2020-12-03,603937.SH,1100,1100,11.055725,11.522448,513.3953,39
20260815_150541_6643db,2020-12-03,002795.SZ,300,300,32.889191,31.711801,-353.217,39
20260815_150541_6643db,2020-12-04,002839.SZ,1900,1900,6.357051,6.864777,964.6794,40
20260815_150541_6643db,2020-12-04,002801.SZ,100,100,86.040558,95.42416,938.3602,40
20260815_150541_6643db,2020-12-04,601138.SH,800,800,14.259746,14.180464,-63.4256,40
20260815_150541_6643db,2020-12-04,002060.SZ,900,900,12.851728,12.368928,-434.52,40
20260815_150541_6643db,2020-12-04,603937.SH,1100,1100,11.055725,11.675808,682.0913,40
20260815_150541_6643db,2020-12-04,002795.SZ,300,300,32.889191,31.922231,-290.088,40
20260815_150541_6643db,2020-12-07,002839.SZ,1900,1900,6.357051,6.76809,780.9741,41
20260815_150541_6643db,2020-12-07,002801.SZ,100,100,86.040558,95.66752,962.6962,41
20260815_150541_6643db,2020-12-07,601138.SH,800,800,14.259746,14.047266,-169.984,41
20260815_150541_6643db,2020-12-07,002060.SZ,900,900,12.851728,12.330032,-469.5264,41
20260815_150541_6643db,2020-12-07,603937.SH,1100,1100,11.055725,11.512224,502.1489,41
20260815_150541_6643db,2020-12-07,002795.SZ,300,300,32.889191,31.648672,-372.1557,41
20260815_150541_6643db,2020-12-08,002839.SZ,1900,1900,6.357051,6.735861,719.739,42
20260815_150541_6643db,2020-12-08,002801.SZ,100,100,86.040558,97.344,1130.3442,42
20260815_150541_6643db,2020-12-08,601138.SH,800,800,14.259746,14.487844,182.4784,42
20260815_150541_6643db,2020-12-08,002060.SZ,900,900,12.851728,12.213344,-574.5456,42
20260815_150541_6643db,2020-12-08,603937.SH,1100,1100,11.055725,11.379312,355.9457,42
20260815_150541_6643db,2020-12-08,002795.SZ,300,300,32.889191,31.880145,-302.7138,42
20260815_150541_6643db,2020-12-09,002839.SZ,1900,1900,6.357051,6.66066,576.8571,43
20260815_150541_6643db,2020-12-09,002801.SZ,100,100,86.040558,91.936,589.5442,43
20260815_150541_6643db,2020-12-09,601138.SH,800,800,14.259746,14.159972,-79.8192,43
20260815_150541_6643db,2020-12-09,002060.SZ,900,900,12.851728,12.096656,-679.5648,43
20260815_150541_6643db,2020-12-09,603937.SH,1100,1100,11.055725,11.133936,86.0321,43
20260815_150541_6643db,2020-12-09,002795.SZ,300,300,32.889191,31.585543,-391.0944,43
20260815_150541_6643db,2020-12-10,002839.SZ,1900,1900,6.357051,6.692889,638.0922,44
20260815_150541_6643db,2020-12-10,002801.SZ,100,100,86.040558,93.12576,708.5202,44
20260815_150541_6643db,2020-12-10,601138.SH,800,800,14.259746,13.760378,-399.4944,44
20260815_150541_6643db,2020-12-10,002060.SZ,900,900,12.851728,12.135552,-644.5584,44
20260815_150541_6643db,2020-12-10,603937.SH,1100,1100,11.055725,11.031696,-26.4319,44
20260815_150541_6643db,2020-12-10,002795.SZ,300,300,32.889191,31.753887,-340.5912,44
20260815_150541_6643db,2020-12-11,002839.SZ,1900,1900,6.357051,6.563973,393.1518,45
20260815_150541_6643db,2020-12-11,002801.SZ,100,100,86.040558,91.936,589.5442,45
20260815_150541_6643db,2020-12-11,601138.SH,800,800,14.259746,13.801362,-366.7072,45
20260815_150541_6643db,2020-12-11,002060.SZ,900,900,12.851728,11.902176,-854.5968,45
20260815_150541_6643db,2020-12-11,603937.SH,1100,1100,11.055725,10.909008,-161.3887,45
20260815_150541_6643db,2020-12-11,002795.SZ,300,300,32.889191,31.438242,-435.2847,45
20260815_150541_6643db,2020-12-14,002839.SZ,1900,1900,6.357051,6.563973,393.1518,46
20260815_150541_6643db,2020-12-14,002801.SZ,100,100,86.040558,91.58448,554.3922,46
20260815_150541_6643db,2020-12-14,601138.SH,800,800,14.259746,13.873084,-309.3296,46
20260815_150541_6643db,2020-12-14,002060.SZ,900,900,12.851728,11.941072,-819.5904,46
20260815_150541_6643db,2020-12-14,603937.SH,1100,1100,11.055725,10.929456,-138.8959,46
20260815_150541_6643db,2020-12-14,002795.SZ,300,300,32.889191,31.14364,-523.6653,46
20260815_150541_6643db,2020-12-15,002839.SZ,1900,1900,6.357051,6.488772,250.2699,47
20260815_150541_6643db,2020-12-15,002801.SZ,100,100,86.040558,91.07072,503.0162,47
20260815_150541_6643db,2020-12-15,601138.SH,800,800,14.259746,13.893576,-292.936,47
20260815_150541_6643db,2020-12-15,002060.SZ,900,900,12.851728,11.979968,-784.584,47
20260815_150541_6643db,2020-12-15,603937.SH,1100,1100,11.055725,10.909008,-161.3887,47
20260815_150541_6643db,2020-12-15,002795.SZ,300,300,32.889191,31.038425,-555.2298,47
20260815_150541_6643db,2020-12-16,002839.SZ,1900,1900,6.357051,6.456543,189.0348,48
20260815_150541_6643db,2020-12-16,002801.SZ,100,100,86.040558,90.69216,465.1602,48
20260815_150541_6643db,2020-12-16,601138.SH,800,800,14.259746,13.862838,-317.5264,48
20260815_150541_6643db,2020-12-16,002060.SZ,900,900,12.851728,11.902176,-854.5968,48
20260815_150541_6643db,2020-12-16,603937.SH,1100,1100,11.055725,10.68408,-408.8095,48
20260815_150541_6643db,2020-12-16,002795.SZ,300,300,32.889191,27.945104,-1483.2261,48
20260815_150541_6643db,2020-12-17,002839.SZ,3000,1900,6.392547,6.55323,482.049,49
20260815_150541_6643db,2020-12-17,002801.SZ,200,100,88.08463,91.74672,732.418,49
20260815_150541_6643db,2020-12-17,601138.SH,1400,800,14.097071,13.914068,-256.2042,49
20260815_150541_6643db,2020-12-17,002060.SZ,1600,900,12.442809,12.018864,-678.312,49
20260815_150541_6643db,2020-12-17,603937.SH,1800,1100,10.916391,10.776096,-252.531,49
20260815_150541_6643db,2020-12-17,002795.SZ,300,300,32.889191,25.146385,-2322.8418,49
20260815_150541_6643db,2020-12-18,002839.SZ,3000,3000,6.392547,6.456543,191.988,50
20260815_150541_6643db,2020-12-18,002801.SZ,200,200,88.08463,93.72064,1127.202,50
20260815_150541_6643db,2020-12-18,601138.SH,1400,1400,14.097071,13.98579,-155.7934,50
20260815_150541_6643db,2020-12-18,002060.SZ,1600,1600,12.442809,12.05776,-616.0784,50
20260815_150541_6643db,2020-12-18,603937.SH,1800,1800,10.916391,10.776096,-252.531,50
20260815_150541_6643db,2020-12-18,002795.SZ,300,300,32.889191,23.315644,-2872.0641,50
20260815_150541_6643db,2020-12-21,002839.SZ,3000,3000,6.392547,6.499515,320.904,51
20260815_150541_6643db,2020-12-21,002801.SZ,200,200,88.08463,96.20832,1624.738,51
20260815_150541_6643db,2020-12-21,601138.SH,1400,1400,14.097071,13.98579,-155.7934,51
20260815_150541_6643db,2020-12-21,002060.SZ,1600,1600,12.442809,12.096656,-553.8448,51
20260815_150541_6643db,2020-12-21,603937.SH,1800,1800,10.916391,10.765872,-270.9342,51
20260815_150541_6643db,2020-12-22,002839.SZ,3000,3000,6.392547,6.33837,-162.531,52
20260815_150541_6643db,2020-12-22,002801.SZ,200,200,88.08463,94.31552,1246.178,52
20260815_150541_6643db,2020-12-22,601138.SH,1400,1400,14.097071,13.596442,-700.8806,52
20260815_150541_6643db,2020-12-22,002060.SZ,1600,1600,12.442809,12.05776,-616.0784,52
20260815_150541_6643db,2020-12-22,603937.SH,1800,1800,10.916391,10.42848,-878.2398,52
20260815_150541_6643db,2020-12-23,002839.SZ,3000,3000,6.392547,6.327627,-194.76,53
20260815_150541_6643db,2020-12-23,002801.SZ,200,200,88.08463,95.316,1446.274,53
20260815_150541_6643db,2020-12-23,601138.SH,1400,1400,14.097071,13.914068,-256.2042,53
20260815_150541_6643db,2020-12-23,002060.SZ,1600,1600,12.442809,12.368928,-118.2096,53
20260815_150541_6643db,2020-12-23,603937.SH,1800,1800,10.916391,10.285344,-1135.8846,53
20260815_150541_6643db,2020-12-24,002839.SZ,3000,3000,6.392547,6.306141,-259.218,54
20260815_150541_6643db,2020-12-24,002801.SZ,200,200,88.08463,97.77664,1938.402,54
20260815_150541_6643db,2020-12-24,601138.SH,1400,1400,14.097071,13.709148,-543.0922,54
20260815_150541_6643db,2020-12-24,002060.SZ,1600,1600,12.442809,12.485616,68.4912,54
20260815_150541_6643db,2020-12-24,603937.SH,1800,1800,10.916391,9.978624,-1687.9806,54
20260815_150541_6643db,2020-12-25,002839.SZ,3700,3000,6.381762,6.359856,-81.0522,55
20260815_150541_6643db,2020-12-25,002801.SZ,200,200,88.08463,97.0736,1797.794,55
20260815_150541_6643db,2020-12-25,601138.SH,1700,1400,14.026207,13.72964,-504.1639,55
20260815_150541_6643db,2020-12-25,002060.SZ,1900,1600,12.452033,12.952368,950.6365,55
20260815_150541_6643db,2020-12-28,002839.SZ,3700,3700,6.381762,6.33837,-160.5504,56
20260815_150541_6643db,2020-12-28,002801.SZ,200,200,88.08463,99.2368,2230.434,56
20260815_150541_6643db,2020-12-28,601138.SH,1700,1700,14.026207,13.596442,-730.6005,56
20260815_150541_6643db,2020-12-28,002060.SZ,1900,1900,12.452033,12.952368,950.6365,56
20260815_150541_6643db,2020-12-29,002839.SZ,3700,3700,6.381762,6.381342,-1.554,57
20260815_150541_6643db,2020-12-29,002801.SZ,200,200,88.08463,97.26288,1835.65,57
20260815_150541_6643db,2020-12-29,601138.SH,1700,1700,14.026207,13.842346,-312.5637,57
20260815_150541_6643db,2020-12-29,002060.SZ,1900,1900,12.452033,12.44672,-10.0947,57
20260815_150541_6643db,2020-12-30,002839.SZ,3700,3700,6.381762,6.478029,356.1879,58
20260815_150541_6643db,2020-12-30,002801.SZ,200,200,88.08463,96.668,1716.674,58
20260815_150541_6643db,2020-12-30,601138.SH,1700,1700,14.026207,14.006282,-33.8725,58
20260815_150541_6643db,2020-12-30,002060.SZ,1900,1900,12.452033,13.03016,1098.4413,58
20260815_150541_6643db,2020-12-31,002839.SZ,3700,3700,6.381762,6.55323,634.4316,59
20260815_150541_6643db,2020-12-31,002801.SZ,200,200,88.08463,96.31648,1646.37,59
20260815_150541_6643db,2020-12-31,601138.SH,1700,1700,14.026207,14.026774,0.9639,59
20260815_150541_6643db,2020-12-31,002060.SZ,1900,1900,12.452033,12.874576,802.8317,59
20260815_150541_6643db,2021-01-04,002839.SZ,3700,3700,6.381762,6.467286,316.4388,60
20260815_150541_6643db,2021-01-04,002801.SZ,200,200,88.08463,96.37056,1657.186,60
20260815_150541_6643db,2021-01-04,601138.SH,1700,1700,14.026207,14.13948,192.5641,60
20260815_150541_6643db,2021-01-04,002060.SZ,1900,1900,12.452033,13.302432,1615.7581,60
20260815_150541_6643db,2021-01-05,000788.SZ,500,0,23.153552,23.72528,285.864,1
20260815_150541_6643db,2021-01-05,601939.SH,1000,0,11.520141,11.46876,-51.381,1
20260815_150541_6643db,2021-01-05,000719.SZ,400,0,30.568811,30.395946,-69.146,1
20260815_150541_6643db,2021-01-05,600594.SH,100,0,86.073359,89.27226,319.8901,1
20260815_150541_6643db,2021-01-05,601688.SH,500,0,21.493639,21.562208,34.2845,1
20260815_150541_6643db,2021-01-05,601567.SH,300,0,34.387263,34.344324,-12.8817,1
20260815_150541_6643db,2021-01-05,000731.SZ,200,0,57.750052,56.999376,-150.1352,1
20260815_150541_6643db,2021-01-06,000788.SZ,500,500,23.153552,24.0256,436.024,2
20260815_150541_6643db,2021-01-06,601939.SH,1000,1000,11.520141,11.579748,59.607,2
20260815_150541_6643db,2021-01-06,000719.SZ,400,400,30.568811,30.710232,56.5684,2
20260815_150541_6643db,2021-01-06,600594.SH,100,100,86.073359,88.445665,237.2306,2
20260815_150541_6643db,2021-01-06,601688.SH,500,500,21.493639,21.776876,141.6185,2
20260815_150541_6643db,2021-01-06,601567.SH,300,300,34.387263,33.892425,-148.4514,2
20260815_150541_6643db,2021-01-06,000731.SZ,200,200,57.750052,56.207718,-308.4668,2
20260815_150541_6643db,2021-01-07,000788.SZ,500,500,23.153552,23.12464,-14.456,3
20260815_150541_6643db,2021-01-07,601939.SH,1000,1000,11.520141,11.6735,153.359,3
20260815_150541_6643db,2021-01-07,000719.SZ,400,400,30.568811,29.7687,-320.0444,3
20260815_150541_6643db,2021-01-07,600594.SH,100,100,86.073359,86.29704,22.3681,3
20260815_150541_6643db,2021-01-07,601688.SH,500,500,21.493639,21.84383,175.0955,3
20260815_150541_6643db,2021-01-07,601567.SH,300,300,34.387263,33.43986,-284.2209,3
20260815_150541_6643db,2021-01-07,000731.SZ,200,200,57.750052,54.84865,-580.2804,3
20260815_150541_6643db,2021-01-08,000788.SZ,500,500,23.153552,23.0871,-33.226,4
20260815_150541_6643db,2021-01-08,601939.SH,1000,1000,11.520141,11.729,208.859,4
20260815_150541_6643db,2021-01-08,000719.SZ,400,400,30.568811,29.9483,-248.2044,4
20260815_150541_6643db,2021-01-08,600594.SH,100,100,86.073359,87.45428,138.0921,4
20260815_150541_6643db,2021-01-08,601688.SH,500,500,21.493639,21.97506,240.7105,4
20260815_150541_6643db,2021-01-08,601567.SH,300,300,34.387263,33.33944,-314.3469,4
20260815_150541_6643db,2021-01-08,000731.SZ,200,200,57.750052,54.17011,-715.9884,4
20260815_150541_6643db,2021-01-11,000788.SZ,500,500,23.153552,22.22368,-464.936,5
20260815_150541_6643db,2021-01-11,601939.SH,1000,1000,11.520141,11.9325,412.359,5
20260815_150541_6643db,2021-01-11,000719.SZ,400,400,30.568811,29.185,-553.5244,5
20260815_150541_6643db,2021-01-11,600594.SH,100,100,86.073359,82.99064,-308.2719,5
20260815_150541_6643db,2021-01-11,601688.SH,500,500,21.493639,21.64102,73.6905,5
20260815_150541_6643db,2021-01-11,601567.SH,300,300,34.387263,32.1344,-675.8589,5
20260815_150541_6643db,2021-01-11,000731.SZ,200,200,57.750052,52.58685,-1032.6404,5
20260815_150541_6643db,2021-01-12,000788.SZ,700,500,22.885074,22.03598,-594.3658,6
20260815_150541_6643db,2021-01-12,601939.SH,1300,1000,11.618743,12.0065,504.0841,6
20260815_150541_6643db,2021-01-12,000719.SZ,500,400,30.479171,30.532,26.4145,6
20260815_150541_6643db,2021-01-12,600594.SH,100,100,86.073359,83.32128,-275.2079,6
20260815_150541_6643db,2021-01-12,601688.SH,700,500,21.512763,23.31122,1258.9199,6
20260815_150541_6643db,2021-01-12,601567.SH,400,300,33.808955,32.23482,-629.654,6
20260815_150541_6643db,2021-01-13,000788.SZ,700,700,22.885074,21.7732,-778.3118,7
20260815_150541_6643db,2021-01-13,601939.SH,1300,1300,11.618743,12.173,720.5341,7
20260815_150541_6643db,2021-01-13,000719.SZ,500,500,30.479171,30.3524,-63.3855,7
20260815_150541_6643db,2021-01-13,600594.SH,100,100,86.073359,81.50276,-457.0599,7
20260815_150541_6643db,2021-01-13,601688.SH,700,700,21.512763,22.88174,958.2839,7
20260815_150541_6643db,2021-01-13,601567.SH,400,400,33.808955,31.38125,-971.082,7
20260815_150541_6643db,2021-01-14,000788.SZ,700,700,22.885074,21.66058,-857.1458,8
20260815_150541_6643db,2021-01-14,601939.SH,1300,1300,11.618743,12.1175,648.3841,8
20260815_150541_6643db,2021-01-14,000719.SZ,500,500,30.479171,31.4749,497.8645,8
20260815_150541_6643db,2021-01-14,600594.SH,100,100,86.073359,82.49468,-357.8679,8
20260815_150541_6643db,2021-01-14,601688.SH,700,700,21.512763,22.61928,774.5619,8
20260815_150541_6643db,2021-01-14,601567.SH,400,400,33.808955,31.58209,-890.746,8
20260815_150541_6643db,2021-01-15,000788.SZ,700,700,22.885074,21.92336,-673.1998,9
20260815_150541_6643db,2021-01-15,601939.SH,1300,1300,11.618743,12.3765,985.0841,9
20260815_150541_6643db,2021-01-15,000719.SZ,500,500,30.479171,31.3402,430.5145,9
20260815_150541_6643db,2021-01-15,600594.SH,100,100,86.073359,83.65192,-242.1439,9
20260815_150541_6643db,2021-01-15,601688.SH,700,700,21.512763,22.48805,682.7009,9
20260815_150541_6643db,2021-01-15,601567.SH,400,400,33.808955,31.88335,-770.242,9
20260815_150541_6643db,2021-01-18,000788.SZ,700,700,22.885074,21.92336,-673.1998,10
20260815_150541_6643db,2021-01-18,601939.SH,1300,1300,11.618743,12.506,1153.4341,10
20260815_150541_6643db,2021-01-18,000719.SZ,500,500,30.479171,31.2953,408.0645,10
20260815_150541_6643db,2021-01-18,600594.SH,100,100,86.073359,83.65192,-242.1439,10
20260815_150541_6643db,2021-01-18,601688.SH,700,700,21.512763,22.71472,841.3699,10
20260815_150541_6643db,2021-01-18,601567.SH,400,400,33.808955,32.18461,-649.738,10
20260815_150541_6643db,2021-01-19,000788.SZ,700,700,22.885074,22.07352,-568.0878,11
20260815_150541_6643db,2021-01-19,601939.SH,1300,1300,11.618743,12.8575,1610.3841,11
20260815_150541_6643db,2021-01-19,000719.SZ,500,500,30.479171,31.2055,363.1645,11
20260815_150541_6643db,2021-01-19,600594.SH,100,100,86.073359,84.47852,-159.4839,11
20260815_150541_6643db,2021-01-19,601688.SH,700,700,21.512763,22.83402,924.8799,11
20260815_150541_6643db,2021-01-19,601567.SH,400,400,33.808955,32.1344,-669.822,11
20260815_150541_6643db,2021-01-20,000788.SZ,700,700,22.885074,22.11106,-541.8098,12
20260815_150541_6643db,2021-01-20,601939.SH,1300,1300,11.618743,12.543,1201.5341,12
20260815_150541_6643db,2021-01-20,000719.SZ,500,500,30.479171,30.9361,228.4645,12
20260815_150541_6643db,2021-01-20,600594.SH,100,100,86.073359,83.81724,-225.6119,12
20260815_150541_6643db,2021-01-20,601688.SH,700,700,21.512763,22.81016,908.1779,12
20260815_150541_6643db,2021-01-20,601567.SH,400,400,33.808955,32.03398,-709.99,12
20260815_150541_6643db,2021-01-21,000788.SZ,700,700,22.885074,22.07352,-568.0878,13
20260815_150541_6643db,2021-01-21,601939.SH,1300,1300,11.618743,12.469,1105.3341,13
20260815_150541_6643db,2021-01-21,000719.SZ,500,500,30.479171,30.9361,228.4645,13
20260815_150541_6643db,2021-01-21,600594.SH,100,100,86.073359,83.81724,-225.6119,13
20260815_150541_6643db,2021-01-21,601688.SH,700,700,21.512763,23.0249,1058.4959,13
20260815_150541_6643db,2021-01-21,601567.SH,400,400,33.808955,31.93356,-750.158,13
20260815_150541_6643db,2021-01-22,000788.SZ,700,700,22.885074,21.99844,-620.6438,14
20260815_150541_6643db,2021-01-22,601939.SH,1300,1300,11.618743,12.173,720.5341,14
20260815_150541_6643db,2021-01-22,000719.SZ,500,500,30.479171,30.8014,161.1145,14
20260815_150541_6643db,2021-01-22,600594.SH,100,100,86.073359,83.81724,-225.6119,14
20260815_150541_6643db,2021-01-22,601688.SH,700,700,21.512763,22.48805,682.7009,14
20260815_150541_6643db,2021-01-22,601567.SH,400,400,33.808955,31.58209,-890.746,14
20260815_150541_6643db,2021-01-25,000788.SZ,700,700,22.885074,21.32272,-1093.6478,15
20260815_150541_6643db,2021-01-25,601939.SH,1300,1300,11.618743,12.2285,792.6841,15
20260815_150541_6643db,2021-01-25,000719.SZ,500,500,30.479171,30.083,-198.0855,15
20260815_150541_6643db,2021-01-25,600594.SH,100,100,86.073359,82.32936,-374.3999,15
20260815_150541_6643db,2021-01-25,601688.SH,700,700,21.512763,22.27331,532.3829,15
20260815_150541_6643db,2021-01-25,601567.SH,400,400,33.808955,30.57789,-1292.426,15
20260815_150541_6643db,2021-01-26,000788.SZ,800,700,22.664922,21.32272,-1073.7616,16
20260815_150541_6643db,2021-01-26,601939.SH,1500,1300,11.699613,12.3395,959.8305,16
20260815_150541_6643db,2021-01-26,000719.SZ,600,500,30.419411,30.0381,-228.7866,16
20260815_150541_6643db,2021-01-26,600594.SH,200,100,84.252825,81.66808,-516.949,16
20260815_150541_6643db,2021-01-26,601688.SH,800,700,21.603847,21.41435,-151.5976,16
20260815_150541_6643db,2021-01-27,000788.SZ,800,800,22.664922,20.98486,-1344.0496,17
20260815_150541_6643db,2021-01-27,601939.SH,1500,1500,11.699613,12.4505,1126.3305,17
20260815_150541_6643db,2021-01-27,000719.SZ,600,600,30.419411,30.8912,283.0734,17
20260815_150541_6643db,2021-01-27,600594.SH,200,200,84.252825,82.32936,-384.693,17
20260815_150541_6643db,2021-01-27,601688.SH,800,800,21.603847,21.28312,-256.5816,17
20260815_150541_6643db,2021-01-28,000788.SZ,800,800,22.664922,20.98486,-1344.0496,18
20260815_150541_6643db,2021-01-28,601939.SH,1500,1500,11.699613,12.321,932.0805,18
20260815_150541_6643db,2021-01-28,000719.SZ,600,600,30.419411,30.9361,310.0134,18
20260815_150541_6643db,2021-01-28,600594.SH,200,200,84.252825,82.66,-318.565,18
20260815_150541_6643db,2021-01-28,601688.SH,800,800,21.603847,21.1161,-390.1976,18
20260815_150541_6643db,2021-01-29,000788.SZ,800,800,22.664922,21.51042,-923.6016,19
20260815_150541_6643db,2021-01-29,601939.SH,1500,1500,11.699613,12.506,1209.5805,19
20260815_150541_6643db,2021-01-29,000719.SZ,600,600,30.419411,31.1606,444.7134,19
20260815_150541_6643db,2021-01-29,600594.SH,200,200,84.252825,81.8334,-483.885,19
20260815_150541_6643db,2021-01-29,601688.SH,800,800,21.603847,20.74627,-686.0616,19
20260815_150541_6643db,2021-02-01,000788.SZ,800,800,22.664922,23.6502,788.2224,20
20260815_150541_6643db,2021-02-01,601939.SH,1500,1500,11.699613,12.506,1209.5805,20
20260815_150541_6643db,2021-02-01,000719.SZ,600,600,30.419411,31.3851,579.4134,20
20260815_150541_6643db,2021-02-01,600594.SH,200,200,84.252825,83.15596,-219.373,20
20260815_150541_6643db,2021-02-01,601688.SH,800,800,21.603847,20.79399,-647.8856,20
20260815_150541_6643db,2021-02-02,000788.SZ,800,800,22.664922,22.59908,-52.6736,21
20260815_150541_6643db,2021-02-02,601939.SH,1500,1500,11.699613,12.432,1098.5805,21
20260815_150541_6643db,2021-02-02,000719.SZ,600,600,30.419411,31.0259,363.8934,21
20260815_150541_6643db,2021-02-02,600594.SH,200,200,84.252825,82.99064,-252.437,21
20260815_150541_6643db,2021-02-02,601688.SH,800,800,21.603847,20.82978,-619.2536,21
20260815_150541_6643db,2021-02-03,000788.SZ,800,800,22.664922,22.59908,-52.6736,22
20260815_150541_6643db,2021-02-03,601939.SH,1500,1500,11.699613,12.3395,959.8305,22
20260815_150541_6643db,2021-02-03,000719.SZ,600,600,30.419411,30.6667,148.3734,22
20260815_150541_6643db,2021-02-03,600594.SH,200,200,84.252825,81.8334,-483.885,22
20260815_150541_6643db,2021-02-03,601688.SH,800,800,21.603847,20.74627,-686.0616,22
20260815_150541_6643db,2021-02-04,000788.SZ,800,800,22.664922,21.5855,-863.5376,23
20260815_150541_6643db,2021-02-04,601939.SH,1500,1500,11.699613,12.2655,848.8305,23
20260815_150541_6643db,2021-02-04,000719.SZ,600,600,30.419411,30.3524,-40.2066,23
20260815_150541_6643db,2021-02-04,600594.SH,200,200,84.252825,79.68424,-913.717,23
20260815_150541_6643db,2021-02-04,601688.SH,800,800,21.603847,20.14977,-1163.2616,23
20260815_150541_6643db,2021-02-05,000788.SZ,800,800,22.664922,21.69812,-773.4416,24
20260815_150541_6643db,2021-02-05,601939.SH,1500,1500,11.699613,12.802,1653.5805,24
20260815_150541_6643db,2021-02-05,000719.SZ,600,600,30.419411,30.7565,202.2534,24
20260815_150541_6643db,2021-02-05,600594.SH,200,200,84.252825,79.84956,-880.653,24
20260815_150541_6643db,2021-02-05,601688.SH,800,800,21.603847,20.07819,-1220.5256,24
20260815_150541_6643db,2021-02-08,000788.SZ,800,800,22.664922,21.36026,-1043.7296,25
20260815_150541_6643db,2021-02-08,601939.SH,1500,1500,11.699613,12.839,1709.0805,25
20260815_150541_6643db,2021-02-08,000719.SZ,600,600,30.419411,30.8014,229.1934,25
20260815_150541_6643db,2021-02-08,600594.SH,200,200,84.252825,80.1802,-814.525,25
20260815_150541_6643db,2021-02-08,601688.SH,800,800,21.603847,20.1617,-1153.7176,25
20260815_150541_6643db,2021-02-09,000788.SZ,800,800,22.664922,21.92336,-593.2496,26
20260815_150541_6643db,2021-02-09,601939.SH,1500,1500,11.699613,12.765,1598.0805,26
20260815_150541_6643db,2021-02-09,000719.SZ,600,600,30.419411,31.1157,417.7734,26
20260815_150541_6643db,2021-02-09,600594.SH,200,200,84.252825,81.66808,-516.949,26
20260815_150541_6643db,2021-02-09,601688.SH,800,800,21.603847,20.65083,-762.4136,26
20260815_150541_6643db,2021-02-10,000788.SZ,800,800,22.664922,21.92336,-593.2496,27
20260815_150541_6643db,2021-02-10,601939.SH,1500,1500,11.699613,13.246,2319.5805,27
20260815_150541_6643db,2021-02-10,000719.SZ,600,600,30.419411,31.3851,579.4134,27
20260815_150541_6643db,2021-02-10,600594.SH,200,200,84.252825,84.97448,144.331,27
20260815_150541_6643db,2021-02-10,601688.SH,800,800,21.603847,20.62697,-781.5016,27
20260815_150541_6643db,2021-02-18,000788.SZ,800,800,22.664922,22.1486,-413.0576,28
20260815_150541_6643db,2021-02-18,601939.SH,1500,1500,11.699613,13.135,2153.0805,28
20260815_150541_6643db,2021-02-18,000719.SZ,600,600,30.419411,31.6545,741.0534,28
20260815_150541_6643db,2021-02-18,600594.SH,200,200,84.252825,86.46236,441.907,28
20260815_150541_6643db,2021-02-18,601688.SH,800,800,21.603847,20.77013,-666.9736,28
20260815_150541_6643db,2021-02-19,000788.SZ,800,800,22.664922,22.82432,127.5184,29
20260815_150541_6643db,2021-02-19,601939.SH,1500,1500,11.699613,13.1535,2180.8305,29
20260815_150541_6643db,2021-02-19,000719.SZ,600,600,30.419411,32.5525,1279.8534,29
20260815_150541_6643db,2021-02-19,600594.SH,200,200,84.252825,87.45428,640.291,29
20260815_150541_6643db,2021-02-19,601688.SH,800,800,21.603847,21.21154,-313.8456,29
20260815_150541_6643db,2021-02-22,000788.SZ,800,800,22.664922,22.78678,97.4864,30
20260815_150541_6643db,2021-02-22,601939.SH,1500,1500,11.699613,13.4865,2680.3305,30
20260815_150541_6643db,2021-02-22,000719.SZ,600,600,30.419411,32.3729,1172.0934,30
20260815_150541_6643db,2021-02-22,600594.SH,200,200,84.252825,87.28896,607.227,30
20260815_150541_6643db,2021-02-22,601688.SH,800,800,21.603847,20.93715,-533.3576,30
20260815_150541_6643db,2021-02-23,000788.SZ,800,800,22.664922,22.82432,127.5184,31
20260815_150541_6643db,2021-02-23,601939.SH,1500,1500,11.699613,13.653,2930.0805,31
20260815_150541_6643db,2021-02-23,000719.SZ,600,600,30.419411,32.2382,1091.2734,31
20260815_150541_6643db,2021-02-23,600594.SH,200,200,84.252825,86.95832,541.099,31
20260815_150541_6643db,2021-02-23,601688.SH,800,800,21.603847,20.71048,-714.6936,31
20260815_150541_6643db,2021-02-24,000788.SZ,800,800,22.664922,22.97448,247.6464,32
20260815_150541_6643db,2021-02-24,601939.SH,1500,1500,11.699613,13.2275,2291.8305,32
20260815_150541_6643db,2021-02-24,000719.SZ,600,600,30.419411,32.1933,1064.3334,32
20260815_150541_6643db,2021-02-24,600594.SH,200,200,84.252825,86.13172,375.779,32
20260815_150541_6643db,2021-02-24,601688.SH,800,800,21.603847,20.73434,-695.6056,32
20260815_150541_6643db,2021-02-25,000788.SZ,800,800,22.664922,22.56154,-82.7056,33
20260815_150541_6643db,2021-02-25,601939.SH,1500,1500,11.699613,13.616,2874.5805,33
20260815_150541_6643db,2021-02-25,000719.SZ,600,600,30.419411,31.9688,929.6334,33
20260815_150541_6643db,2021-02-25,600594.SH,200,200,84.252825,85.63576,276.587,33
20260815_150541_6643db,2021-02-25,601688.SH,800,800,21.603847,20.85364,-600.1656,33
20260815_150541_6643db,2021-02-26,000788.SZ,800,800,22.664922,22.48646,-142.7696,34
20260815_150541_6643db,2021-02-26,601939.SH,1500,1500,11.699613,13.431,2597.0805,34
20260815_150541_6643db,2021-02-26,000719.SZ,600,600,30.419411,31.7443,794.9334,34
20260815_150541_6643db,2021-02-26,600594.SH,200,200,84.252825,85.30512,210.459,34
20260815_150541_6643db,2021-02-26,601688.SH,800,800,21.603847,20.48381,-896.0296,34
20260815_150541_6643db,2021-03-01,000788.SZ,800,800,22.664922,22.82432,127.5184,35
20260815_150541_6643db,2021-03-01,601939.SH,1500,1500,11.699613,13.4495,2624.8305,35
20260815_150541_6643db,2021-03-01,000719.SZ,600,600,30.419411,32.2382,1091.2734,35
20260815_150541_6643db,2021-03-01,600594.SH,200,200,84.252825,86.29704,408.843,35
20260815_150541_6643db,2021-03-01,601688.SH,800,800,21.603847,20.36451,-991.4696,35
20260815_150541_6643db,2021-03-02,000788.SZ,800,800,22.664922,22.59908,-52.6736,36
20260815_150541_6643db,2021-03-02,601939.SH,1500,1500,11.699613,13.0425,2014.3305,36
20260815_150541_6643db,2021-03-02,000719.SZ,600,600,30.419411,32.0586,983.5134,36
20260815_150541_6643db,2021-03-02,600594.SH,200,200,84.252825,85.30512,210.459,36
20260815_150541_6643db,2021-03-02,601688.SH,800,800,21.603847,20.24521,-1086.9096,36
20260815_150541_6643db,2021-03-03,000788.SZ,800,800,22.664922,22.7117,37.4224,37
20260815_150541_6643db,2021-03-03,601939.SH,1500,1500,11.699613,13.8565,3235.3305,37
20260815_150541_6643db,2021-03-03,000719.SZ,600,600,30.419411,32.5974,1306.7934,37
20260815_150541_6643db,2021-03-03,600594.SH,200,200,84.252825,85.9664,342.715,37
20260815_150541_6643db,2021-03-03,601688.SH,800,800,21.603847,20.56732,-829.2216,37
20260815_150541_6643db,2021-03-04,000788.SZ,800,800,22.664922,22.74924,67.4544,38
20260815_150541_6643db,2021-03-04,601939.SH,1500,1500,11.699613,13.7825,3124.3305,38
20260815_150541_6643db,2021-03-04,000719.SZ,600,600,30.419411,32.1933,1064.3334,38
20260815_150541_6643db,2021-03-04,600594.SH,200,200,84.252825,85.63576,276.587,38
20260815_150541_6643db,2021-03-04,601688.SH,800,800,21.603847,20.19749,-1125.0856,38
20260815_150541_6643db,2021-03-05,000788.SZ,800,800,22.664922,22.8994,187.5824,39
20260815_150541_6643db,2021-03-05,601939.SH,1500,1500,11.699613,13.801,3152.0805,39
20260815_150541_6643db,2021-03-05,000719.SZ,600,600,30.419411,32.5525,1279.8534,39
20260815_150541_6643db,2021-03-05,600594.SH,200,200,84.252825,85.9664,342.715,39
20260815_150541_6643db,2021-03-05,601688.SH,800,800,21.603847,20.59118,-810.1336,39
20260815_150541_6643db,2021-03-08,000788.SZ,800,800,22.664922,22.97448,247.6464,40
20260815_150541_6643db,2021-03-08,601939.SH,1500,1500,11.699613,13.579,2819.0805,40
20260815_150541_6643db,2021-03-08,000719.SZ,600,600,30.419411,32.2831,1118.2134,40
20260815_150541_6643db,2021-03-08,600594.SH,200,200,84.252825,85.80108,309.651,40
20260815_150541_6643db,2021-03-08,601688.SH,800,800,21.603847,20.47188,-905.5736,40
20260815_150541_6643db,2021-03-09,000788.SZ,800,800,22.664922,22.56154,-82.7056,41
20260815_150541_6643db,2021-03-09,601939.SH,1500,1500,11.699613,13.357,2486.0805,41
20260815_150541_6643db,2021-03-09,000719.SZ,600,600,30.419411,32.2382,1091.2734,41
20260815_150541_6643db,2021-03-09,600594.SH,200,200,84.252825,83.81724,-87.117,41
20260815_150541_6643db,2021-03-09,601688.SH,800,800,21.603847,20.25714,-1077.3656,41
20260815_150541_6643db,2021-03-10,000788.SZ,800,800,22.664922,22.29876,-292.9296,42
20260815_150541_6643db,2021-03-10,601939.SH,1500,1500,11.699613,13.357,2486.0805,42
20260815_150541_6643db,2021-03-10,000719.SZ,600,600,30.419411,31.6096,714.1134,42
20260815_150541_6643db,2021-03-10,600594.SH,200,200,84.252825,82.99064,-252.437,42
20260815_150541_6643db,2021-03-10,601688.SH,800,800,21.603847,20.14977,-1163.2616,42
20260815_150541_6643db,2021-03-11,000788.SZ,800,800,22.664922,22.7117,37.4224,43
20260815_150541_6643db,2021-03-11,601939.SH,1500,1500,11.699613,13.7085,3013.3305,43
20260815_150541_6643db,2021-03-11,000719.SZ,600,600,30.419411,32.2382,1091.2734,43
20260815_150541_6643db,2021-03-11,600594.SH,200,200,84.252825,83.98256,-54.053,43
20260815_150541_6643db,2021-03-11,601688.SH,800,800,21.603847,20.35258,-1001.0136,43
20260815_150541_6643db,2021-03-12,000788.SZ,800,800,22.664922,23.16218,397.8064,44
20260815_150541_6643db,2021-03-12,601939.SH,1500,1500,11.699613,13.5605,2791.3305,44
20260815_150541_6643db,2021-03-12,000719.SZ,600,600,30.419411,32.4627,1225.9734,44
20260815_150541_6643db,2021-03-12,600594.SH,200,200,84.252825,84.3132,12.075,44
20260815_150541_6643db,2021-03-12,601688.SH,800,800,21.603847,20.29293,-1048.7336,44
20260815_150541_6643db,2021-03-15,000788.SZ,800,800,22.664922,23.2748,487.9024,45
20260815_150541_6643db,2021-03-15,601939.SH,1500,1500,11.699613,13.7825,3124.3305,45
20260815_150541_6643db,2021-03-15,000719.SZ,600,600,30.419411,32.9566,1522.3134,45
20260815_150541_6643db,2021-03-15,600594.SH,200,200,84.252825,84.64384,78.203,45
20260815_150541_6643db,2021-03-15,601688.SH,800,800,21.603847,20.01854,-1268.2456,45
20260815_150541_6643db,2021-03-16,000788.SZ,800,800,22.664922,23.31234,517.9344,46
20260815_150541_6643db,2021-03-16,601939.SH,1500,1500,11.699613,14.023,3485.0805,46
20260815_150541_6643db,2021-03-16,000719.SZ,600,600,30.419411,32.9566,1522.3134,46
20260815_150541_6643db,2021-03-16,600594.SH,200,200,84.252825,85.80108,309.651,46
20260815_150541_6643db,2021-03-16,601688.SH,800,800,21.603847,19.99468,-1287.3336,46
20260815_150541_6643db,2021-03-17,000788.SZ,800,800,22.664922,23.34988,547.9664,47
20260815_150541_6643db,2021-03-17,601939.SH,1500,1500,11.699613,13.7825,3124.3305,47
20260815_150541_6643db,2021-03-17,000719.SZ,600,600,30.419411,33.0464,1576.1934,47
20260815_150541_6643db,2021-03-17,600594.SH,200,200,84.252825,85.63576,276.587,47
20260815_150541_6643db,2021-03-17,601688.SH,800,800,21.603847,20.01854,-1268.2456,47
20260815_150541_6643db,2021-03-18,000788.SZ,800,800,22.664922,23.57512,728.1584,48
20260815_150541_6643db,2021-03-18,601939.SH,1500,1500,11.699613,13.727,3041.0805,48
20260815_150541_6643db,2021-03-18,000719.SZ,600,600,30.419411,32.9117,1495.3734,48
20260815_150541_6643db,2021-03-18,600594.SH,200,200,84.252825,86.29704,408.843,48
20260815_150541_6643db,2021-03-18,601688.SH,800,800,21.603847,20.09012,-1210.9816,48
20260815_150541_6643db,2021-03-19,000788.SZ,800,800,22.664922,24.36346,1358.8304,49
20260815_150541_6643db,2021-03-19,601939.SH,1500,1500,11.699613,13.3385,2458.3305,49
20260815_150541_6643db,2021-03-19,000719.SZ,600,600,30.419411,32.5974,1306.7934,49
20260815_150541_6643db,2021-03-19,600594.SH,200,200,84.252825,86.793,508.035,49
20260815_150541_6643db,2021-03-19,601688.SH,800,800,21.603847,19.86345,-1392.3176,49
20260815_150541_6643db,2021-03-22,000788.SZ,1000,800,23.003204,24.17576,1172.556,50
20260815_150541_6643db,2021-03-22,601939.SH,1800,1500,11.969366,13.5605,2864.0412,50
20260815_150541_6643db,2021-03-22,000719.SZ,700,600,30.736374,33.1362,1679.8782,50
20260815_150541_6643db,2021-03-22,600594.SH,200,200,84.252825,87.28896,607.227,50
20260815_150541_6643db,2021-03-23,000788.SZ,1000,1000,23.003204,24.55116,1547.956,51
20260815_150541_6643db,2021-03-23,601939.SH,1800,1800,11.969366,13.4495,2664.2412,51
20260815_150541_6643db,2021-03-23,000719.SZ,700,700,30.736374,33.1811,1711.3082,51
20260815_150541_6643db,2021-03-23,600594.SH,200,200,84.252825,86.29704,408.843,51
20260815_150541_6643db,2021-03-24,000788.SZ,1000,1000,23.003204,24.88902,1885.816,52
20260815_150541_6643db,2021-03-24,601939.SH,1800,1800,11.969366,13.2275,2264.6412,52
20260815_150541_6643db,2021-03-24,000719.SZ,700,700,30.736374,32.9117,1522.7282,52
20260815_150541_6643db,2021-03-24,600594.SH,200,200,84.252825,86.29704,408.843,52
20260815_150541_6643db,2021-03-25,000788.SZ,1000,1000,23.003204,24.28838,1285.176,53
20260815_150541_6643db,2021-03-25,601939.SH,1800,1800,11.969366,13.061,1964.9412,53
20260815_150541_6643db,2021-03-25,000719.SZ,700,700,30.736374,33.1811,1711.3082,53
20260815_150541_6643db,2021-03-25,600594.SH,200,200,84.252825,85.63576,276.587,53
20260815_150541_6643db,2021-03-26,000788.SZ,1000,1000,23.003204,24.36346,1360.256,54
20260815_150541_6643db,2021-03-26,601939.SH,1800,1800,11.969366,13.1165,2064.8412,54
20260815_150541_6643db,2021-03-26,000719.SZ,700,700,30.736374,33.5403,1962.7482,54
20260815_150541_6643db,2021-03-26,600594.SH,200,200,84.252825,86.13172,375.779,54
20260815_150541_6643db,2021-03-29,000788.SZ,1000,1000,23.003204,24.25084,1247.636,55
20260815_150541_6643db,2021-03-29,601939.SH,1800,1800,11.969366,13.3385,2464.4412,55
20260815_150541_6643db,2021-03-29,000719.SZ,700,700,30.736374,33.0913,1648.4482,55
20260815_150541_6643db,2021-03-29,600594.SH,200,200,84.252825,86.29704,408.843,55
20260815_150541_6643db,2021-03-30,000788.SZ,1000,1000,23.003204,23.8379,834.696,56
20260815_150541_6643db,2021-03-30,601939.SH,1800,1800,11.969366,13.394,2564.3412,56
20260815_150541_6643db,2021-03-30,000719.SZ,700,700,30.736374,32.9117,1522.7282,56
20260815_150541_6643db,2021-03-30,600594.SH,200,200,84.252825,86.13172,375.779,56
20260815_150541_6643db,2021-03-31,000788.SZ,1000,1000,23.003204,23.98806,984.856,57
20260815_150541_6643db,2021-03-31,601939.SH,1800,1800,11.969366,13.5975,2930.6412,57
20260815_150541_6643db,2021-03-31,000719.SZ,700,700,30.736374,33.4505,1899.8882,57
20260815_150541_6643db,2021-03-31,600594.SH,200,200,84.252825,86.793,508.035,57
20260815_150541_6643db,2021-04-01,000788.SZ,1000,1000,23.003204,24.62624,1623.036,58
20260815_150541_6643db,2021-04-01,601939.SH,1800,1800,11.969366,13.505,2764.1412,58
20260815_150541_6643db,2021-04-01,000719.SZ,700,700,30.736374,33.4056,1868.4582,58
20260815_150541_6643db,2021-04-01,600594.SH,200,200,84.252825,88.11556,772.547,58
20260815_150541_6643db,2021-04-02,000788.SZ,1000,1000,23.003204,24.62624,1623.036,59
20260815_150541_6643db,2021-04-02,601939.SH,1800,1800,11.969366,13.246,2297.9412,59
20260815_150541_6643db,2021-04-02,000719.SZ,700,700,30.736374,33.1362,1679.8782,59
20260815_150541_6643db,2021-04-02,600594.SH,200,200,84.252825,86.793,508.035,59
20260815_150541_6643db,2021-04-06,000788.SZ,1000,1000,23.003204,24.47608,1472.876,60
20260815_150541_6643db,2021-04-06,601939.SH,1800,1800,11.969366,13.3755,2531.0412,60
20260815_150541_6643db,2021-04-06,000719.SZ,700,700,30.736374,32.9117,1522.7282,60
20260815_150541_6643db,2021-04-06,600594.SH,200,200,84.252825,87.28896,607.227,60
20260815_150541_6643db,2021-04-07,000788.SZ,1000,1000,23.003204,24.92656,1923.356,61
20260815_150541_6643db,2021-04-07,601939.SH,1800,1800,11.969366,13.394,2564.3412,61
20260815_150541_6643db,2021-04-07,000719.SZ,700,700,30.736374,32.9117,1522.7282,61
20260815_150541_6643db,2021-04-07,600594.SH,200,200,84.252825,87.12364,574.163,61
20260815_150541_6643db,2021-04-08,000788.SZ,1000,1000,23.003204,24.7764,1773.196,62
20260815_150541_6643db,2021-04-08,601939.SH,1800,1800,11.969366,13.4125,2597.6412,62
20260815_150541_6643db,2021-04-08,000719.SZ,700,700,30.736374,32.6872,1365.5782,62
20260815_150541_6643db,2021-04-08,600594.SH,200,200,84.252825,86.29704,408.843,62
20260815_150541_6643db,2021-04-09,000788.SZ,1000,1000,23.003204,24.92656,1923.356,63
20260815_150541_6643db,2021-04-09,601939.SH,1800,1800,11.969366,13.283,2364.5412,63
20260815_150541_6643db,2021-04-09,000719.SZ,700,700,30.736374,32.5525,1271.2882,63
20260815_150541_6643db,2021-04-09,600594.SH,200,200,84.252825,86.793,508.035,63
20260815_150541_6643db,2021-04-12,000788.SZ,1000,1000,23.003204,24.92656,1923.356,64
20260815_150541_6643db,2021-04-12,601939.SH,1800,1800,11.969366,13.468,2697.5412,64
20260815_150541_6643db,2021-04-12,000719.SZ,700,700,30.736374,32.5525,1271.2882,64
20260815_150541_6643db,2021-04-12,600594.SH,200,200,84.252825,86.793,508.035,64
20260815_150541_6643db,2021-04-13,000788.SZ,1000,1000,23.003204,25.18934,2186.136,65
20260815_150541_6643db,2021-04-13,601939.SH,1800,1800,11.969366,13.579,2897.3412,65
20260815_150541_6643db,2021-04-13,000719.SZ,700,700,30.736374,32.4178,1176.9982,65
20260815_150541_6643db,2021-04-13,600594.SH,200,200,84.252825,90.26472,1202.379,65
20260815_150541_6643db,2021-04-14,000788.SZ,1000,1000,23.003204,25.37704,2373.836,66
20260815_150541_6643db,2021-04-14,601939.SH,1800,1800,11.969366,13.394,2564.3412,66
20260815_150541_6643db,2021-04-14,000719.SZ,700,700,30.736374,32.6423,1334.1482,66
20260815_150541_6643db,2021-04-14,600594.SH,200,200,84.252825,92.74452,1698.339,66
20260815_150541_6643db,2021-04-15,000788.SZ,1000,1000,23.003204,26.31554,3312.336,67
20260815_150541_6643db,2021-04-15,601939.SH,1800,1800,11.969366,13.431,2630.9412,67
20260815_150541_6643db,2021-04-15,000719.SZ,700,700,30.736374,32.4627,1208.4282,67
20260815_150541_6643db,2021-04-15,600594.SH,200,200,84.252825,94.72836,2095.107,67
20260815_150541_6643db,2021-04-16,000788.SZ,1000,1000,23.003204,26.16538,3162.176,68
20260815_150541_6643db,2021-04-16,601939.SH,1800,1800,11.969366,13.431,2630.9412,68
20260815_150541_6643db,2021-04-16,000719.SZ,700,700,30.736374,33.4056,1868.4582,68
20260815_150541_6643db,2021-04-16,600594.SH,200,200,84.252825,93.73644,1896.723,68
20260815_150541_6643db,2021-04-19,000788.SZ,1000,1000,23.003204,26.12784,3124.636,69
20260815_150541_6643db,2021-04-19,601939.SH,1800,1800,11.969366,13.4495,2664.2412,69
20260815_150541_6643db,2021-04-19,000719.SZ,700,700,30.736374,33.3607,1837.0282,69
20260815_150541_6643db,2021-04-19,600594.SH,200,200,84.252825,92.5792,1665.275,69
20260815_150541_6643db,2021-04-20,000788.SZ,1000,1000,23.003204,25.5272,2523.996,70
20260815_150541_6643db,2021-04-20,601939.SH,1800,1800,11.969366,13.2645,2331.2412,70
20260815_150541_6643db,2021-04-20,000719.SZ,700,700,30.736374,33.4954,1931.3182,70
20260815_150541_6643db,2021-04-20,600594.SH,200,200,84.252825,95.22432,2194.299,70
20260815_150541_6643db,2021-04-21,000788.SZ,1000,1000,23.003204,26.76602,3762.816,71
20260815_150541_6643db,2021-04-21,601939.SH,1800,1800,11.969366,13.2275,2264.6412,71
20260815_150541_6643db,2021-04-21,000719.SZ,700,700,30.736374,33.5403,1962.7482,71
20260815_150541_6643db,2021-04-21,600594.SH,200,200,84.252825,95.22432,2194.299,71
20260815_150541_6643db,2021-04-22,000788.SZ,1000,1000,23.003204,26.69094,3687.736,72
20260815_150541_6643db,2021-04-22,601939.SH,1800,1800,11.969366,13.172,2164.7412,72
20260815_150541_6643db,2021-04-22,000719.SZ,700,700,30.736374,33.4505,1899.8882,72
20260815_150541_6643db,2021-04-22,600594.SH,200,200,84.252825,97.5388,2657.195,72
20260815_150541_6643db,2021-04-23,000788.SZ,1000,1000,23.003204,27.4042,4400.996,73
20260815_150541_6643db,2021-04-23,601939.SH,1800,1800,11.969366,13.098,2031.5412,73
20260815_150541_6643db,2021-04-23,000719.SZ,700,700,30.736374,33.3607,1837.0282,73
20260815_150541_6643db,2021-04-23,600594.SH,200,200,84.252825,91.91792,1533.019,73
20260815_150541_6643db,2021-04-26,000788.SZ,1000,1000,23.003204,27.47928,4476.076,74
20260815_150541_6643db,2021-04-26,601939.SH,1800,1800,11.969366,13.0055,1865.0412,74
20260815_150541_6643db,2021-04-26,000719.SZ,700,700,30.736374,33.0913,1648.4482,74
20260815_150541_6643db,2021-04-26,600594.SH,200,200,84.252825,95.22432,2194.299,74
20260815_150541_6643db,2021-04-27,000788.SZ,1000,1000,23.003204,27.55436,4551.156,75
20260815_150541_6643db,2021-04-27,601939.SH,1800,1800,11.969366,12.913,1698.5412,75
20260815_150541_6643db,2021-04-27,000719.SZ,700,700,30.736374,32.9566,1554.1582,75
20260815_150541_6643db,2021-04-27,600594.SH,200,200,84.252825,96.87752,2524.939,75
20260815_150541_6643db,2021-04-28,000788.SZ,1000,1000,23.003204,27.10388,4100.676,76
20260815_150541_6643db,2021-04-28,601939.SH,1800,1800,11.969366,12.839,1565.3412,76
20260815_150541_6643db,2021-04-28,000719.SZ,700,700,30.736374,33.0015,1585.5882,76
20260815_150541_6643db,2021-04-28,600594.SH,200,200,84.252825,99.52264,3053.963,76
20260815_150541_6643db,2021-04-29,000788.SZ,1000,1000,23.003204,27.06634,4063.136,77
20260815_150541_6643db,2021-04-29,601939.SH,1800,1800,11.969366,12.8575,1598.6412,77
20260815_150541_6643db,2021-04-29,000719.SZ,700,700,30.736374,32.6423,1334.1482,77
20260815_150541_6643db,2021-04-29,600594.SH,200,200,84.252825,97.86944,2723.323,77
20260815_150541_6643db,2021-04-30,000788.SZ,1000,1000,23.003204,26.87864,3875.436,78
20260815_150541_6643db,2021-04-30,601939.SH,1800,1800,11.969366,12.4505,866.0412,78
20260815_150541_6643db,2021-04-30,000719.SZ,700,700,30.736374,31.5647,579.8282,78
20260815_150541_6643db,2021-04-30,600594.SH,200,200,84.252825,102.00244,3549.923,78
20260815_150541_6643db,2021-05-06,000788.SZ,1000,1000,23.003204,27.36666,4363.456,79
20260815_150541_6643db,2021-05-06,601939.SH,1800,1800,11.969366,12.4505,866.0412,79
20260815_150541_6643db,2021-05-06,000719.SZ,700,700,30.736374,31.2504,359.8182,79
20260815_150541_6643db,2021-05-06,600594.SH,200,200,84.252825,100.67988,3285.411,79
20260815_150541_6643db,2021-05-07,000788.SZ,1000,1000,23.003204,25.5272,2523.996,80
20260815_150541_6643db,2021-05-07,601939.SH,1800,1800,11.969366,12.7095,1332.2412,80
20260815_150541_6643db,2021-05-07,000719.SZ,700,700,30.736374,31.2504,359.8182,80
20260815_150541_6643db,2021-05-07,600594.SH,200,200,84.252825,97.04284,2558.003,80
20260815_150541_6643db,2021-05-10,000788.SZ,1000,1000,23.003204,25.67736,2674.156,81
20260815_150541_6643db,2021-05-10,601939.SH,1800,1800,11.969366,12.839,1565.3412,81
20260815_150541_6643db,2021-05-10,000719.SZ,700,700,30.736374,31.2504,359.8182,81
20260815_150541_6643db,2021-05-10,600594.SH,200,200,84.252825,98.86136,2921.707,81
20260815_150541_6643db,2021-05-11,000788.SZ,1000,1000,23.003204,25.22688,2223.676,82
20260815_150541_6643db,2021-05-11,601939.SH,1800,1800,11.969366,12.7835,1465.4412,82
20260815_150541_6643db,2021-05-11,000719.SZ,700,700,30.736374,31.3851,454.1082,82
20260815_150541_6643db,2021-05-11,600594.SH,200,200,84.252825,102.33308,3616.051,82
20260815_150541_6643db,2021-05-12,000788.SZ,1000,1000,23.003204,25.75244,2749.236,83
20260815_150541_6643db,2021-05-12,601939.SH,1800,1800,11.969366,12.9315,1731.8412,83
20260815_150541_6643db,2021-05-12,000719.SZ,700,700,30.736374,31.7443,705.5482,83
20260815_150541_6643db,2021-05-12,600594.SH,200,200,84.252825,103.98628,3946.691,83
20260815_150541_6643db,2021-05-13,000788.SZ,1000,1000,23.003204,28.30516,5301.956,84
20260815_150541_6643db,2021-05-13,601939.SH,1800,1800,11.969366,12.8575,1598.6412,84
20260815_150541_6643db,2021-05-13,000719.SZ,700,700,30.736374,31.43,485.5382,84
20260815_150541_6643db,2021-05-13,600594.SH,200,200,84.252825,110.10312,5170.059,84
20260815_150541_6643db,2021-05-14,000788.SZ,1000,1000,23.003204,27.17896,4175.756,85
20260815_150541_6643db,2021-05-14,601939.SH,1800,1800,11.969366,12.913,1698.5412,85
20260815_150541_6643db,2021-05-14,000719.SZ,700,700,30.736374,31.6545,642.6882,85
20260815_150541_6643db,2021-05-14,600594.SH,200,200,84.252825,106.46608,4442.651,85
20260815_150541_6643db,2021-05-17,000788.SZ,1000,1000,23.003204,26.76602,3762.816,86
20260815_150541_6643db,2021-05-17,601939.SH,1800,1800,11.969366,12.9315,1731.8412,86
20260815_150541_6643db,2021-05-17,000719.SZ,700,700,30.736374,31.4749,516.9682,86
20260815_150541_6643db,2021-05-17,600594.SH,200,200,84.252825,104.31692,4012.819,86
20260815_150541_6643db,2021-05-18,000788.SZ,1000,1000,23.003204,26.95372,3950.516,87
20260815_150541_6643db,2021-05-18,601939.SH,1800,1800,11.969366,12.8945,1665.2412,87
20260815_150541_6643db,2021-05-18,000719.SZ,700,700,30.736374,31.2504,359.8182,87
20260815_150541_6643db,2021-05-18,600594.SH,200,200,84.252825,107.78864,4707.163,87
20260815_150541_6643db,2021-05-19,000788.SZ,1000,1000,23.003204,26.278,3274.796,88
20260815_150541_6643db,2021-05-19,601939.SH,1800,1800,11.969366,12.8205,1532.0412,88
20260815_150541_6643db,2021-05-19,000719.SZ,700,700,30.736374,30.9361,139.8082,88
20260815_150541_6643db,2021-05-19,600594.SH,200,200,84.252825,104.81288,4112.011,88
20260815_150541_6643db,2021-05-20,000788.SZ,1000,1000,23.003204,26.05276,3049.556,89
20260815_150541_6643db,2021-05-20,601939.SH,1800,1800,11.969366,12.839,1565.3412,89
20260815_150541_6643db,2021-05-20,000719.SZ,700,700,30.736374,30.7116,-17.3418,89
20260815_150541_6643db,2021-05-20,600594.SH,200,200,84.252825,102.00244,3549.923,89
20260815_150541_6643db,2021-05-21,000788.SZ,1000,1000,23.003204,25.45212,2448.916,90
20260815_150541_6643db,2021-05-21,601939.SH,1800,1800,11.969366,12.7095,1332.2412,90
20260815_150541_6643db,2021-05-21,000719.SZ,700,700,30.736374,30.8912,108.3782,90
20260815_150541_6643db,2021-05-21,600594.SH,200,200,84.252825,101.6718,3483.795,90
20260815_150541_6643db,2021-05-24,000788.SZ,1000,1000,23.003204,25.75244,2749.236,91
20260815_150541_6643db,2021-05-24,601939.SH,1800,1800,11.969366,12.6725,1265.6412,91
20260815_150541_6643db,2021-05-24,000719.SZ,700,700,30.736374,30.8912,108.3782,91
20260815_150541_6643db,2021-05-24,600594.SH,200,200,84.252825,102.4984,3649.115,91
20260815_150541_6643db,2021-05-25,000788.SZ,1000,1000,23.003204,25.9026,2899.396,92
20260815_150541_6643db,2021-05-25,601939.SH,1800,1800,11.969366,12.95,1765.1412,92
20260815_150541_6643db,2021-05-25,000719.SZ,700,700,30.736374,30.981,171.2382,92
20260815_150541_6643db,2021-05-25,600594.SH,200,200,84.252825,103.15968,3781.371,92
20260815_150541_6643db,2021-05-26,000788.SZ,1000,1000,23.003204,26.20292,3199.716,93
20260815_150541_6643db,2021-05-26,601939.SH,1800,1800,11.969366,12.987,1831.7412,93
20260815_150541_6643db,2021-05-26,000719.SZ,700,700,30.736374,30.981,171.2382,93
20260815_150541_6643db,2021-05-26,600594.SH,200,200,84.252825,103.15968,3781.371,93
20260815_150541_6643db,2021-05-27,000788.SZ,1000,1000,23.003204,26.05276,3049.556,94
20260815_150541_6643db,2021-05-27,601939.SH,1800,1800,11.969366,12.8945,1665.2412,94
20260815_150541_6643db,2021-05-27,000719.SZ,700,700,30.736374,30.9361,139.8082,94
20260815_150541_6643db,2021-05-27,600594.SH,200,200,84.252825,101.17584,3384.603,94
20260815_150541_6643db,2021-05-28,000788.SZ,1000,1000,23.003204,27.85468,4851.476,95
20260815_150541_6643db,2021-05-28,601939.SH,1800,1800,11.969366,12.987,1831.7412,95
20260815_150541_6643db,2021-05-28,000719.SZ,700,700,30.736374,30.7565,14.0882,95
20260815_150541_6643db,2021-05-28,600594.SH,200,200,84.252825,98.86136,2921.707,95
20260815_150541_6643db,2021-05-31,000788.SZ,1000,1000,23.003204,27.81714,4813.936,96
20260815_150541_6643db,2021-05-31,601939.SH,1800,1800,11.969366,12.8205,1532.0412,96
20260815_150541_6643db,2021-05-31,000719.SZ,700,700,30.736374,30.8463,76.9482,96
20260815_150541_6643db,2021-05-31,600594.SH,200,200,84.252825,100.18392,3186.219,96
20260815_150541_6643db,2021-06-01,000788.SZ,1000,1000,23.003204,27.29158,4288.376,97
20260815_150541_6643db,2021-06-01,601939.SH,1800,1800,11.969366,12.691,1298.9412,97
20260815_150541_6643db,2021-06-01,000719.SZ,700,700,30.736374,31.0259,202.6682,97
20260815_150541_6643db,2021-06-01,600594.SH,200,200,84.252825,99.85328,3120.091,97
20260815_150541_6643db,2021-06-02,000788.SZ,1000,1000,23.003204,26.99126,3988.056,98
20260815_150541_6643db,2021-06-02,601939.SH,1800,1800,11.969366,12.6355,1199.0412,98
20260815_150541_6643db,2021-06-02,000719.SZ,700,700,30.736374,30.8912,108.3782,98
20260815_150541_6643db,2021-06-02,600594.SH,200,200,84.252825,97.70412,2690.259,98
20260815_150541_6643db,2021-06-03,000788.SZ,1000,1000,23.003204,26.72848,3725.276,99
20260815_150541_6643db,2021-06-03,601939.SH,1800,1800,11.969366,12.5245,999.2412,99
20260815_150541_6643db,2021-06-03,000719.SZ,700,700,30.736374,30.981,171.2382,99
20260815_150541_6643db,2021-06-03,600594.SH,200,200,84.252825,97.86944,2723.323,99
20260815_150541_6643db,2021-06-04,000788.SZ,1000,1000,23.003204,26.80356,3800.356,100
20260815_150541_6643db,2021-06-04,601939.SH,1800,1800,11.969366,12.5985,1132.4412,100
20260815_150541_6643db,2021-06-04,000719.SZ,700,700,30.736374,30.8912,108.3782,100
20260815_150541_6643db,2021-06-04,600594.SH,200,200,84.252825,98.69604,2888.643,100
20260815_150541_6643db,2021-06-07,000788.SZ,1000,1000,23.003204,26.72848,3725.276,101
20260815_150541_6643db,2021-06-07,601939.SH,1800,1800,11.969366,12.543,1032.5412,101
20260815_150541_6643db,2021-06-07,000719.SZ,700,700,30.736374,31.1157,265.5282,101
20260815_150541_6643db,2021-06-07,600594.SH,200,200,84.252825,97.86944,2723.323,101
20260815_150541_6643db,2021-06-08,000788.SZ,1000,1000,23.003204,27.14142,4138.216,102
20260815_150541_6643db,2021-06-08,601939.SH,1800,1800,11.969366,12.5985,1132.4412,102
20260815_150541_6643db,2021-06-08,000719.SZ,700,700,30.736374,31.0259,202.6682,102
20260815_150541_6643db,2021-06-08,600594.SH,200,200,84.252825,96.3471,2418.855,102
20260815_150541_6643db,2021-06-09,000788.SZ,1000,1000,23.003204,26.6534,3650.196,103
20260815_150541_6643db,2021-06-09,601939.SH,1800,1800,11.969366,12.5615,1065.8412,103
20260815_150541_6643db,2021-06-09,000719.SZ,700,700,30.736374,31.0259,202.6682,103
20260815_150541_6643db,2021-06-09,600594.SH,200,200,84.252825,96.51613,2452.661,103
20260815_150541_6643db,2021-06-10,000788.SZ,1000,1000,23.003204,26.4657,3462.496,104
20260815_150541_6643db,2021-06-10,601939.SH,1800,1800,11.969366,12.5615,1065.8412,104
20260815_150541_6643db,2021-06-10,000719.SZ,700,700,30.736374,31.2055,328.3882,104
20260815_150541_6643db,2021-06-10,600594.SH,200,200,84.252825,94.6568,2080.795,104
20260815_150541_6643db,2021-06-11,000788.SZ,1000,1000,23.003204,26.278,3274.796,105
20260815_150541_6643db,2021-06-11,601939.SH,1800,1800,11.969366,12.506,965.9412,105
20260815_150541_6643db,2021-06-11,000719.SZ,700,700,30.736374,30.8463,76.9482,105
20260815_150541_6643db,2021-06-11,600594.SH,200,200,84.252825,92.9665,1742.735,105
20260815_150541_6643db,2021-06-15,000788.SZ,1000,1000,23.003204,25.94014,2936.936,106
20260815_150541_6643db,2021-06-15,601939.SH,1800,1800,11.969366,12.395,766.1412,106
20260815_150541_6643db,2021-06-15,000719.SZ,700,700,30.736374,30.7565,14.0882,106
20260815_150541_6643db,2021-06-15,600594.SH,200,200,84.252825,91.95232,1539.899,106
20260815_150541_6643db,2021-06-16,000788.SZ,1000,1000,23.003204,25.9026,2899.396,107
20260815_150541_6643db,2021-06-16,601939.SH,1800,1800,11.969366,12.432,832.7412,107
20260815_150541_6643db,2021-06-16,000719.SZ,700,700,30.736374,30.6218,-80.2018,107
20260815_150541_6643db,2021-06-16,600594.SH,200,200,84.252825,92.45941,1641.317,107
20260815_150541_6643db,2021-06-17,000788.SZ,1000,1000,23.003204,26.16538,3162.176,108
20260815_150541_6643db,2021-06-17,601939.SH,1800,1800,11.969366,12.432,832.7412,108
20260815_150541_6643db,2021-06-17,000719.SZ,700,700,30.736374,30.6218,-80.2018,108
20260815_150541_6643db,2021-06-17,600594.SH,200,200,84.252825,92.29038,1607.511,108
20260815_150541_6643db,2021-06-18,000788.SZ,1000,1000,23.003204,26.278,3274.796,109
20260815_150541_6643db,2021-06-18,601939.SH,1800,1800,11.969366,12.358,699.5412,109
20260815_150541_6643db,2021-06-18,000719.SZ,700,700,30.736374,30.7565,14.0882,109
20260815_150541_6643db,2021-06-18,600594.SH,200,200,84.252825,93.30456,1810.347,109
20260815_150541_6643db,2021-06-21,000788.SZ,1000,1000,23.003204,26.24046,3237.256,110
20260815_150541_6643db,2021-06-21,601939.SH,1800,1800,11.969366,12.3025,599.6412,110
20260815_150541_6643db,2021-06-21,000719.SZ,700,700,30.736374,30.8014,45.5182,110
20260815_150541_6643db,2021-06-21,600594.SH,200,200,84.252825,95.16389,2182.213,110
20260815_150541_6643db,2021-06-22,000788.SZ,1000,1000,23.003204,25.86506,2861.856,111
20260815_150541_6643db,2021-06-22,601939.SH,1800,1800,11.969366,12.3395,666.2412,111
20260815_150541_6643db,2021-06-22,000719.SZ,700,700,30.736374,30.9361,139.8082,111
20260815_150541_6643db,2021-06-22,600594.SH,200,200,84.252825,94.6568,2080.795,111
20260815_150541_6643db,2021-06-23,000788.SZ,1000,1000,23.003204,25.7149,2711.696,112
20260815_150541_6643db,2021-06-23,601939.SH,1800,1800,11.969366,12.247,499.7412,112
20260815_150541_6643db,2021-06-23,000719.SZ,700,700,30.736374,30.8463,76.9482,112
20260815_150541_6643db,2021-06-23,600594.SH,200,200,84.252825,93.64262,1877.959,112
20260815_150541_6643db,2021-06-24,000788.SZ,1000,1000,23.003204,25.37704,2373.836,113
20260815_150541_6643db,2021-06-24,601939.SH,1800,1800,11.969366,12.3395,666.2412,113
20260815_150541_6643db,2021-06-24,000719.SZ,700,700,30.736374,30.981,171.2382,113
20260815_150541_6643db,2021-06-24,600594.SH,200,200,84.252825,92.29038,1607.511,113
20260815_150541_6643db,2021-06-25,000788.SZ,1000,1000,23.003204,25.1518,2148.596,114
20260815_150541_6643db,2021-06-25,601939.SH,1800,1800,11.969366,12.469,899.3412,114
20260815_150541_6643db,2021-06-25,000719.SZ,700,700,30.736374,31.0708,234.0982,114
20260815_150541_6643db,2021-06-25,600594.SH,200,200,84.252825,92.62844,1675.123,114
20260815_150541_6643db,2021-06-28,000788.SZ,1000,1000,23.003204,24.9641,1960.896,115
20260815_150541_6643db,2021-06-28,601939.SH,1800,1800,11.969366,12.284,566.3412,115
20260815_150541_6643db,2021-06-28,000719.SZ,700,700,30.736374,30.9361,139.8082,115
20260815_150541_6643db,2021-06-28,600594.SH,200,200,84.252825,94.31874,2013.183,115
20260815_150541_6643db,2021-06-29,000788.SZ,1000,1000,23.003204,24.66378,1660.576,116
20260815_150541_6643db,2021-06-29,601939.SH,1800,1800,11.969366,12.1915,399.8412,116
20260815_150541_6643db,2021-06-29,000719.SZ,700,700,30.736374,30.8912,108.3782,116
20260815_150541_6643db,2021-06-29,600594.SH,200,200,84.252825,94.6568,2080.795,116
20260815_150541_6643db,2021-06-30,000788.SZ,1000,1000,23.003204,24.7764,1773.196,117
20260815_150541_6643db,2021-06-30,601939.SH,1800,1800,11.969366,12.3025,599.6412,117
20260815_150541_6643db,2021-06-30,000719.SZ,700,700,30.736374,31.0708,234.0982,117
20260815_150541_6643db,2021-06-30,600594.SH,200,200,84.252825,97.36128,2621.691,117
20260815_150541_6643db,2021-07-01,000788.SZ,1000,1000,23.003204,24.85148,1848.276,118
20260815_150541_6643db,2021-07-01,601939.SH,1800,1800,11.969366,12.4875,932.6412,118
20260815_150541_6643db,2021-07-01,000719.SZ,700,700,30.736374,30.738,1.1382,118
20260815_150541_6643db,2021-07-01,600594.SH,200,200,84.252825,99.22061,2993.557,118
20260815_150541_6643db,2021-07-02,000543.SZ,700,0,17.739271,17.67,-48.4897,1
20260815_150541_6643db,2021-07-02,002948.SZ,2200,0,5.544684,5.51552,-64.1608,1
20260815_150541_6643db,2021-07-02,603829.SH,1100,0,10.673468,10.89612,244.9172,1
20260815_150541_6643db,2021-07-02,000637.SZ,100,0,65.293491,65.8966,60.3109,1
20260815_150541_6643db,2021-07-02,002588.SZ,200,0,49.592766,49.05089,-108.3752,1
20260815_150541_6643db,2021-07-02,600273.SH,800,0,14.205408,14.22141,12.8016,1
20260815_150541_6643db,2021-07-02,600467.SH,500,0,23.684004,23.65443,-14.787,1
20260815_150541_6643db,2021-07-02,002097.SZ,300,0,39.674361,38.64522,-308.7423,1
20260815_150541_6643db,2021-07-05,000543.SZ,700,700,17.739271,17.57576,-114.4577,2
20260815_150541_6643db,2021-07-05,002948.SZ,2200,2200,5.544684,5.5044,-88.6248,2
20260815_150541_6643db,2021-07-05,603829.SH,1100,1100,10.673468,11.19366,572.2112,2
20260815_150541_6643db,2021-07-05,000637.SZ,100,100,65.293491,66.23892,94.5429,2
20260815_150541_6643db,2021-07-05,002588.SZ,200,200,49.592766,49.53084,-12.3852,2
20260815_150541_6643db,2021-07-05,600273.SH,800,800,14.205408,14.18767,-14.1904,2
20260815_150541_6643db,2021-07-05,600467.SH,500,500,23.684004,24.01695,166.473,2
20260815_150541_6643db,2021-07-05,002097.SZ,300,300,39.674361,38.6942,-294.0483,2
20260815_150541_6643db,2021-07-06,000543.SZ,700,700,17.739271,17.67,-48.4897,3
20260815_150541_6643db,2021-07-06,002948.SZ,2200,2200,5.544684,5.5044,-88.6248,3
20260815_150541_6643db,2021-07-06,603829.SH,1100,1100,10.673468,11.1834,560.9252,3
20260815_150541_6643db,2021-07-06,000637.SZ,100,100,65.293491,67.09472,180.1229,3
20260815_150541_6643db,2021-07-06,002588.SZ,200,200,49.592766,51.06668,294.7828,3
20260815_150541_6643db,2021-07-06,600273.SH,800,800,14.205408,14.5082,242.2336,3
20260815_150541_6643db,2021-07-06,600467.SH,500,500,23.684004,24.19821,257.103,3
20260815_150541_6643db,2021-07-06,002097.SZ,300,300,39.674361,39.03706,-191.1903,3
20260815_150541_6643db,2021-07-07,000543.SZ,700,700,17.739271,17.62288,-81.4737,4
20260815_150541_6643db,2021-07-07,002948.SZ,2200,2200,5.544684,5.5044,-88.6248,4
20260815_150541_6643db,2021-07-07,603829.SH,1100,1100,10.673468,11.16288,538.3532,4
20260815_150541_6643db,2021-07-07,000637.SZ,100,100,65.293491,66.7524,145.8909,4
20260815_150541_6643db,2021-07-07,002588.SZ,200,200,49.592766,54.81029,1043.5048,4
20260815_150541_6643db,2021-07-07,600273.SH,800,800,14.205408,14.49133,228.7376,4
20260815_150541_6643db,2021-07-07,600467.SH,500,500,23.684004,24.10758,211.788,4
20260815_150541_6643db,2021-07-07,002097.SZ,300,300,39.674361,38.84114,-249.9663,4
20260815_150541_6643db,2021-07-08,000543.SZ,700,700,17.739271,17.71712,-15.5057,5
20260815_150541_6643db,2021-07-08,002948.SZ,2200,2200,5.544684,5.48216,-137.5528,5
20260815_150541_6643db,2021-07-08,603829.SH,1100,1100,10.673468,11.286,673.7852,5
20260815_150541_6643db,2021-07-08,000637.SZ,100,100,65.293491,66.06776,77.4269,5
20260815_150541_6643db,2021-07-08,002588.SZ,200,200,49.592766,53.94638,870.7228,5
20260815_150541_6643db,2021-07-08,600273.SH,800,800,14.205408,14.22141,12.8016,5
20260815_150541_6643db,2021-07-08,600467.SH,500,500,23.684004,23.83569,75.843,5
20260815_150541_6643db,2021-07-08,002097.SZ,300,300,39.674361,39.23298,-132.4143,5
20260815_150541_6643db,2021-07-09,000543.SZ,700,700,17.739271,17.71712,-15.5057,6
20260815_150541_6643db,2021-07-09,002948.SZ,2200,2200,5.544684,5.5044,-88.6248,6
20260815_150541_6643db,2021-07-09,603829.SH,1100,1100,10.673468,11.4912,899.5052,6
20260815_150541_6643db,2021-07-09,000637.SZ,100,100,65.293491,66.7524,145.8909,6
20260815_150541_6643db,2021-07-09,002588.SZ,200,200,49.592766,56.34613,1350.6728,6
20260815_150541_6643db,2021-07-09,600273.SH,800,800,14.205408,14.49133,228.7376,6
20260815_150541_6643db,2021-07-09,600467.SH,500,500,23.684004,24.01695,166.473,6
20260815_150541_6643db,2021-07-09,002097.SZ,300,300,39.674361,39.08604,-176.4963,6
20260815_150541_6643db,2021-07-12,000543.SZ,700,700,17.739271,17.4344,-213.4097,7
20260815_150541_6643db,2021-07-12,002948.SZ,2200,2200,5.544684,5.47104,-162.0168,7
20260815_150541_6643db,2021-07-12,603829.SH,1100,1100,10.673468,11.41938,820.5032,7
20260815_150541_6643db,2021-07-12,000637.SZ,100,100,65.293491,67.26588,197.2389,7
20260815_150541_6643db,2021-07-12,002588.SZ,200,200,49.592766,57.40202,1561.8508,7
20260815_150541_6643db,2021-07-12,600273.SH,800,800,14.205408,14.59255,309.7136,7
20260815_150541_6643db,2021-07-12,600467.SH,500,500,23.684004,24.01695,166.473,7
20260815_150541_6643db,2021-07-12,002097.SZ,300,300,39.674361,39.23298,-132.4143,7
20260815_150541_6643db,2021-07-13,000543.SZ,700,700,17.739271,17.48152,-180.4257,8
20260815_150541_6643db,2021-07-13,002948.SZ,2200,2200,5.544684,5.4488,-210.9448,8
20260815_150541_6643db,2021-07-13,603829.SH,1100,1100,10.673468,11.47068,876.9332,8
20260815_150541_6643db,2021-07-13,000637.SZ,100,100,65.293491,67.6082,231.4709,8
20260815_150541_6643db,2021-07-13,002588.SZ,200,200,49.592766,56.05816,1293.0788,8
20260815_150541_6643db,2021-07-13,600273.SH,800,800,14.205408,14.96369,606.6256,8
20260815_150541_6643db,2021-07-13,600467.SH,500,500,23.684004,24.10758,211.788,8
20260815_150541_6643db,2021-07-13,002097.SZ,300,300,39.674361,40.06564,117.3837,8
20260815_150541_6643db,2021-07-14,000543.SZ,700,700,17.739271,17.4344,-213.4097,9
20260815_150541_6643db,2021-07-14,002948.SZ,2200,2200,5.544684,5.41544,-284.3368,9
20260815_150541_6643db,2021-07-14,603829.SH,1100,1100,10.673468,11.286,673.7852,9
20260815_150541_6643db,2021-07-14,000637.SZ,100,100,65.293491,68.97748,368.3989,9
20260815_150541_6643db,2021-07-14,002588.SZ,200,200,49.592766,55.09826,1101.0988,9
20260815_150541_6643db,2021-07-14,600273.SH,800,800,14.205408,14.8456,512.1536,9
20260815_150541_6643db,2021-07-14,600467.SH,500,500,23.684004,23.92632,121.158,9
20260815_150541_6643db,2021-07-14,002097.SZ,300,300,39.674361,39.28196,-117.7203,9
20260815_150541_6643db,2021-07-15,000543.SZ,700,700,17.739271,17.1988,-378.3297,10
20260815_150541_6643db,2021-07-15,002948.SZ,2200,2200,5.544684,5.47104,-162.0168,10
20260815_150541_6643db,2021-07-15,603829.SH,1100,1100,10.673468,11.16288,538.3532,10
20260815_150541_6643db,2021-07-15,000637.SZ,100,100,65.293491,68.12168,282.8189,10
20260815_150541_6643db,2021-07-15,002588.SZ,200,200,49.592766,55.6742,1216.2868,10
20260815_150541_6643db,2021-07-15,600273.SH,800,800,14.205408,15.13239,741.5856,10
20260815_150541_6643db,2021-07-15,600467.SH,500,500,23.684004,23.74506,30.528,10
20260815_150541_6643db,2021-07-15,002097.SZ,300,300,39.674361,39.28196,-117.7203,10
20260815_150541_6643db,2021-07-16,000543.SZ,700,700,17.739271,17.10456,-444.2977,11
20260815_150541_6643db,2021-07-16,002948.SZ,2200,2200,5.544684,5.42656,-259.8728,11
20260815_150541_6643db,2021-07-16,603829.SH,1100,1100,10.673468,11.03976,402.9212,11
20260815_150541_6643db,2021-07-16,000637.SZ,100,100,65.293491,68.464,317.0509,11
20260815_150541_6643db,2021-07-16,002588.SZ,200,200,49.592766,59.41781,1965.0088,11
20260815_150541_6643db,2021-07-16,600273.SH,800,800,14.205408,15.60475,1119.4736,11
20260815_150541_6643db,2021-07-16,600467.SH,500,500,23.684004,23.74317,29.583,11
20260815_150541_6643db,2021-07-16,002097.SZ,300,300,39.674361,39.184,-147.1083,11
20260815_150541_6643db,2021-07-19,000543.SZ,700,700,17.739271,17.05744,-477.2817,12
20260815_150541_6643db,2021-07-19,002948.SZ,2200,2200,5.544684,5.42656,-259.8728,12
20260815_150541_6643db,2021-07-19,603829.SH,1100,1100,10.673468,11.1321,504.4952,12
20260815_150541_6643db,2021-07-19,000637.SZ,100,100,65.293491,68.80632,351.2829,12
20260815_150541_6643db,2021-07-19,002588.SZ,200,200,49.592766,58.64989,1811.4248,12
20260815_150541_6643db,2021-07-19,600273.SH,800,800,14.205408,15.41918,971.0176,12
20260815_150541_6643db,2021-07-19,600467.SH,500,500,23.684004,23.56123,-61.387,12
20260815_150541_6643db,2021-07-19,002097.SZ,300,300,39.674361,39.33094,-103.0263,12
20260815_150541_6643db,2021-07-20,000543.SZ,700,700,17.739271,17.01032,-510.2657,13
20260815_150541_6643db,2021-07-20,002948.SZ,2200,2200,5.544684,5.43768,-235.4088,13
20260815_150541_6643db,2021-07-20,603829.SH,1100,1100,10.673468,11.00898,369.0632,13
20260815_150541_6643db,2021-07-20,000637.SZ,100,100,65.293491,69.83328,453.9789,13
20260815_150541_6643db,2021-07-20,002588.SZ,200,200,49.592766,57.40202,1561.8508,13
20260815_150541_6643db,2021-07-20,600273.SH,800,800,14.205408,15.41918,971.0176,13
20260815_150541_6643db,2021-07-20,600467.SH,500,500,23.684004,23.47026,-106.872,13
20260815_150541_6643db,2021-07-20,002097.SZ,300,300,39.674361,39.86972,58.6077,13
20260815_150541_6643db,2021-07-21,000543.SZ,700,700,17.739271,17.10456,-444.2977,14
20260815_150541_6643db,2021-07-21,002948.SZ,2200,2200,5.544684,5.4488,-210.9448,14
20260815_150541_6643db,2021-07-21,603829.SH,1100,1100,10.673468,11.12184,493.2092,14
20260815_150541_6643db,2021-07-21,000637.SZ,100,100,65.293491,70.86024,556.6749,14
20260815_150541_6643db,2021-07-21,002588.SZ,200,200,49.592766,57.40202,1561.8508,14
20260815_150541_6643db,2021-07-21,600273.SH,800,800,14.205408,15.3517,917.0336,14
20260815_150541_6643db,2021-07-21,600467.SH,500,500,23.684004,23.28832,-197.842,14
20260815_150541_6643db,2021-07-21,002097.SZ,300,300,39.674361,39.57584,-29.5563,14
20260815_150541_6643db,2021-07-22,000543.SZ,700,700,17.739271,17.15168,-411.3137,15
20260815_150541_6643db,2021-07-22,002948.SZ,2200,2200,5.544684,5.45992,-186.4808,15
20260815_150541_6643db,2021-07-22,603829.SH,1100,1100,10.673468,11.1834,560.9252,15
20260815_150541_6643db,2021-07-22,000637.SZ,100,100,65.293491,71.20256,590.9069,15
20260815_150541_6643db,2021-07-22,002588.SZ,200,200,49.592766,59.70578,2022.6028,15
20260815_150541_6643db,2021-07-22,600273.SH,800,800,14.205408,15.38544,944.0256,15
20260815_150541_6643db,2021-07-22,600467.SH,500,500,23.684004,23.37929,-152.357,15
20260815_150541_6643db,2021-07-22,002097.SZ,300,300,39.674361,41.48606,543.5097,15
20260815_150541_6643db,2021-07-23,000543.SZ,700,700,17.739271,17.05744,-477.2817,16
20260815_150541_6643db,2021-07-23,002948.SZ,2200,2200,5.544684,5.43768,-235.4088,16
20260815_150541_6643db,2021-07-23,603829.SH,1100,1100,10.673468,10.89612,244.9172,16
20260815_150541_6643db,2021-07-23,000637.SZ,100,100,65.293491,72.40068,710.7189,16
20260815_150541_6643db,2021-07-23,002588.SZ,200,200,49.592766,57.68999,1619.4448,16
20260815_150541_6643db,2021-07-23,600273.SH,800,800,14.205408,15.31796,890.0416,16
20260815_150541_6643db,2021-07-23,600467.SH,500,500,23.684004,22.92444,-379.782,16
20260815_150541_6643db,2021-07-23,002097.SZ,300,300,39.674361,42.71056,910.8597,16
20260815_150541_6643db,2021-07-26,000543.SZ,700,700,17.739271,16.7276,-708.1697,17
20260815_150541_6643db,2021-07-26,002948.SZ,2200,2200,5.544684,5.3376,-455.5848,17
20260815_150541_6643db,2021-07-26,603829.SH,1100,1100,10.673468,10.8243,165.9152,17
20260815_150541_6643db,2021-07-26,000637.SZ,100,100,65.293491,71.54488,625.1389,17
20260815_150541_6643db,2021-07-26,002588.SZ,200,200,49.592766,56.82608,1446.6628,17
20260815_150541_6643db,2021-07-26,600273.SH,800,800,14.205408,15.183,782.0736,17
20260815_150541_6643db,2021-07-26,600467.SH,500,500,23.684004,23.10638,-288.812,17
20260815_150541_6643db,2021-07-26,002097.SZ,300,300,39.674361,42.26974,778.6137,17
20260815_150541_6643db,2021-07-27,000543.SZ,700,700,17.739271,16.7276,-708.1697,18
20260815_150541_6643db,2021-07-27,002948.SZ,2200,2200,5.544684,5.21528,-724.6888,18
20260815_150541_6643db,2021-07-27,603829.SH,1100,1100,10.673468,10.6704,-3.3748,18
20260815_150541_6643db,2021-07-27,000637.SZ,100,100,65.293491,69.66212,436.8629,18
20260815_150541_6643db,2021-07-27,002588.SZ,200,200,49.592766,53.37044,755.5348,18
20260815_150541_6643db,2021-07-27,600273.SH,800,800,14.205408,14.99743,633.6176,18
20260815_150541_6643db,2021-07-27,600467.SH,500,500,23.684004,22.83347,-425.267,18
20260815_150541_6643db,2021-07-27,002097.SZ,300,300,39.674361,41.633,587.5917,18
20260815_150541_6643db,2021-07-28,000543.SZ,700,700,17.739271,17.01032,-510.2657,19
20260815_150541_6643db,2021-07-28,002948.SZ,2200,2200,5.544684,5.25976,-626.8328,19
20260815_150541_6643db,2021-07-28,603829.SH,1100,1100,10.673468,10.42416,-274.2388,19
20260815_150541_6643db,2021-07-28,000637.SZ,100,100,65.293491,67.43704,214.3549,19
20260815_150541_6643db,2021-07-28,002588.SZ,200,200,49.592766,50.77871,237.1888,19
20260815_150541_6643db,2021-07-28,600273.SH,800,800,14.205408,14.62629,336.7056,19
20260815_150541_6643db,2021-07-28,600467.SH,500,500,23.684004,22.10571,-789.147,19
20260815_150541_6643db,2021-07-28,002097.SZ,300,300,39.674361,40.80034,337.7937,19
20260815_150541_6643db,2021-07-29,000543.SZ,700,700,17.739271,16.86896,-609.2177,20
20260815_150541_6643db,2021-07-29,002948.SZ,2200,2200,5.544684,5.2264,-700.2248,20
20260815_150541_6643db,2021-07-29,603829.SH,1100,1100,10.673468,10.54728,-138.8068,20
20260815_150541_6643db,2021-07-29,000637.SZ,100,100,65.293491,67.95052,265.7029,20
20260815_150541_6643db,2021-07-29,002588.SZ,200,200,49.592766,53.37044,755.5348,20
20260815_150541_6643db,2021-07-29,600273.SH,800,800,14.205408,15.08178,701.0976,20
20260815_150541_6643db,2021-07-29,600467.SH,500,500,23.684004,22.37862,-652.692,20
20260815_150541_6643db,2021-07-29,002097.SZ,300,300,39.674361,41.48606,543.5097,20
20260815_150541_6643db,2021-07-30,000543.SZ,700,700,17.739271,17.05744,-477.2817,21
20260815_150541_6643db,2021-07-30,002948.SZ,2200,2200,5.544684,5.13744,-895.9368,21
20260815_150541_6643db,2021-07-30,603829.SH,1100,1100,10.673468,10.8243,165.9152,21
20260815_150541_6643db,2021-07-30,000637.SZ,100,100,65.293491,68.63516,334.1669,21
20260815_150541_6643db,2021-07-30,002588.SZ,200,200,49.592766,53.08247,697.9408,21
20260815_150541_6643db,2021-07-30,600273.SH,800,800,14.205408,15.45292,998.0096,21
20260815_150541_6643db,2021-07-30,600467.SH,500,500,23.684004,22.19668,-743.662,21
20260815_150541_6643db,2021-07-30,002097.SZ,300,300,39.674361,42.46566,837.3897,21
20260815_150541_6643db,2021-08-02,000543.SZ,700,700,17.739271,17.10456,-444.2977,22
20260815_150541_6643db,2021-08-02,002948.SZ,2200,2200,5.544684,5.1708,-822.5448,22
20260815_150541_6643db,2021-08-02,603829.SH,1100,1100,10.673468,11.39886,797.9312,22
20260815_150541_6643db,2021-08-02,000637.SZ,100,100,65.293491,69.3198,402.6309,22
20260815_150541_6643db,2021-08-02,002588.SZ,200,200,49.592766,54.33034,947.5148,22
20260815_150541_6643db,2021-08-02,600273.SH,800,800,14.205408,15.60475,1119.4736,22
20260815_150541_6643db,2021-08-02,600467.SH,500,500,23.684004,22.56056,-561.722,22
20260815_150541_6643db,2021-08-02,002097.SZ,300,300,39.674361,45.94324,1880.6637,22
20260815_150541_6643db,2021-08-03,000543.SZ,700,700,17.739271,17.15168,-411.3137,23
20260815_150541_6643db,2021-08-03,002948.SZ,2200,2200,5.544684,5.14856,-871.4728,23
20260815_150541_6643db,2021-08-03,603829.SH,1100,1100,10.673468,11.286,673.7852,23
20260815_150541_6643db,2021-08-03,000637.SZ,100,100,65.293491,69.66212,436.8629,23
20260815_150541_6643db,2021-08-03,002588.SZ,200,200,49.592766,54.23435,928.3168,23
20260815_150541_6643db,2021-08-03,600273.SH,800,800,14.205408,15.40231,957.5216,23
20260815_150541_6643db,2021-08-03,600467.SH,500,500,23.684004,22.46959,-607.207,23
20260815_150541_6643db,2021-08-03,002097.SZ,300,300,39.674361,45.45344,1733.7237,23
20260815_150541_6643db,2021-08-04,000543.SZ,700,700,17.739271,17.15168,-411.3137,24
20260815_150541_6643db,2021-08-04,002948.SZ,2200,2200,5.544684,5.13744,-895.9368,24
20260815_150541_6643db,2021-08-04,603829.SH,1100,1100,10.673468,11.63484,1057.5092,24
20260815_150541_6643db,2021-08-04,000637.SZ,100,100,65.293491,70.00444,471.0949,24
20260815_150541_6643db,2021-08-04,002588.SZ,200,200,49.592766,54.13836,909.1188,24
20260815_150541_6643db,2021-08-04,600273.SH,800,800,14.205408,15.70597,1200.4496,24
20260815_150541_6643db,2021-08-04,600467.SH,500,500,23.684004,22.56056,-561.722,24
20260815_150541_6643db,2021-08-04,002097.SZ,300,300,39.674361,50.00858,3100.2657,24
20260815_150541_6643db,2021-08-05,000543.SZ,700,700,17.739271,17.15168,-411.3137,25
20260815_150541_6643db,2021-08-05,002948.SZ,2200,2200,5.544684,5.1708,-822.5448,25
20260815_150541_6643db,2021-08-05,603829.SH,1100,1100,10.673468,11.41938,820.5032,25
20260815_150541_6643db,2021-08-05,000637.SZ,100,100,65.293491,70.34676,505.3269,25
20260815_150541_6643db,2021-08-05,002588.SZ,200,200,49.592766,52.69851,621.1488,25
20260815_150541_6643db,2021-08-05,600273.SH,800,800,14.205408,15.87467,1335.4096,25
20260815_150541_6643db,2021-08-05,600467.SH,500,500,23.684004,22.28765,-698.177,25
20260815_150541_6643db,2021-08-05,002097.SZ,300,300,39.674361,52.4086,3820.2717,25
20260815_150541_6643db,2021-08-06,000543.SZ,700,700,17.739271,17.10456,-444.2977,26
20260815_150541_6643db,2021-08-06,002948.SZ,2200,2200,5.544684,5.14856,-871.4728,26
20260815_150541_6643db,2021-08-06,603829.SH,1100,1100,10.673468,11.53224,944.6492,26
20260815_150541_6643db,2021-08-06,000637.SZ,100,100,65.293491,70.68908,539.5589,26
20260815_150541_6643db,2021-08-06,002588.SZ,200,200,49.592766,54.90628,1062.7028,26
20260815_150541_6643db,2021-08-06,600273.SH,800,800,14.205408,15.89154,1348.9056,26
20260815_150541_6643db,2021-08-06,600467.SH,500,500,23.684004,22.28765,-698.177,26
20260815_150541_6643db,2021-08-06,002097.SZ,300,300,39.674361,49.27388,2879.8557,26
20260815_150541_6643db,2021-08-09,000543.SZ,700,700,17.739271,17.15168,-411.3137,27
20260815_150541_6643db,2021-08-09,002948.SZ,2200,2200,5.544684,5.20416,-749.1528,27
20260815_150541_6643db,2021-08-09,603829.SH,1100,1100,10.673468,11.70666,1136.5112,27
20260815_150541_6643db,2021-08-09,000637.SZ,100,100,65.293491,72.40068,710.7189,27
20260815_150541_6643db,2021-08-09,002588.SZ,200,200,49.592766,55.00227,1081.9008,27
20260815_150541_6643db,2021-08-09,600273.SH,800,800,14.205408,15.94215,1389.3936,27
20260815_150541_6643db,2021-08-09,600467.SH,500,500,23.684004,22.65153,-516.237,27
20260815_150541_6643db,2021-08-09,002097.SZ,300,300,39.674361,50.35144,3203.1237,27
20260815_150541_6643db,2021-08-10,000543.SZ,700,700,17.739271,17.10456,-444.2977,28
20260815_150541_6643db,2021-08-10,002948.SZ,2200,2200,5.544684,5.2264,-700.2248,28
20260815_150541_6643db,2021-08-10,603829.SH,1100,1100,10.673468,11.84004,1283.2292,28
20260815_150541_6643db,2021-08-10,000637.SZ,100,100,65.293491,73.25648,796.2989,28
20260815_150541_6643db,2021-08-10,002588.SZ,200,200,49.592766,55.19425,1120.2968,28
20260815_150541_6643db,2021-08-10,600273.SH,800,800,14.205408,16.0265,1456.8736,28
20260815_150541_6643db,2021-08-10,600467.SH,500,500,23.684004,22.7425,-470.752,28
20260815_150541_6643db,2021-08-10,002097.SZ,300,300,39.674361,50.15552,3144.3477,28
20260815_150541_6643db,2021-08-11,000543.SZ,700,700,17.739271,17.15168,-411.3137,29
20260815_150541_6643db,2021-08-11,002948.SZ,2200,2200,5.544684,5.23752,-675.7608,29
20260815_150541_6643db,2021-08-11,603829.SH,1100,1100,10.673468,12.09654,1565.3792,29
20260815_150541_6643db,2021-08-11,000637.SZ,100,100,65.293491,76.1662,1087.2709,29
20260815_150541_6643db,2021-08-11,002588.SZ,200,200,49.592766,56.25014,1331.4748,29
20260815_150541_6643db,2021-08-11,600273.SH,800,800,14.205408,16.61695,1929.2336,29
20260815_150541_6643db,2021-08-11,600467.SH,500,500,23.684004,22.7425,-470.752,29
20260815_150541_6643db,2021-08-11,002097.SZ,300,300,39.674361,50.00858,3100.2657,29
20260815_150541_6643db,2021-08-12,000543.SZ,700,700,17.739271,17.24592,-345.3457,30
20260815_150541_6643db,2021-08-12,002948.SZ,2200,2200,5.544684,5.24864,-651.2968,30
20260815_150541_6643db,2021-08-12,603829.SH,1100,1100,10.673468,12.12732,1599.2372,30
20260815_150541_6643db,2021-08-12,000637.SZ,100,100,65.293491,75.13924,984.5749,30
20260815_150541_6643db,2021-08-12,002588.SZ,200,200,49.592766,56.44212,1369.8708,30
20260815_150541_6643db,2021-08-12,600273.SH,800,800,14.205408,17.29175,2469.0736,30
20260815_150541_6643db,2021-08-12,600467.SH,500,500,23.684004,22.83347,-425.267,30
20260815_150541_6643db,2021-08-12,002097.SZ,300,300,39.674361,49.9596,3085.5717,30
20260815_150541_6643db,2021-08-13,000543.SZ,700,700,17.739271,17.24592,-345.3457,31
20260815_150541_6643db,2021-08-13,002948.SZ,2200,2200,5.544684,5.282,-577.9048,31
20260815_150541_6643db,2021-08-13,603829.SH,1100,1100,10.673468,12.1581,1633.0952,31
20260815_150541_6643db,2021-08-13,000637.SZ,100,100,65.293491,76.50852,1121.5029,31
20260815_150541_6643db,2021-08-13,002588.SZ,200,200,49.592766,59.12984,1907.4148,31
20260815_150541_6643db,2021-08-13,600273.SH,800,800,14.205408,17.3761,2536.5536,31
20260815_150541_6643db,2021-08-13,600467.SH,500,500,23.684004,22.7425,-470.752,31
20260815_150541_6643db,2021-08-13,002097.SZ,300,300,39.674361,50.79226,3335.3697,31
20260815_150541_6643db,2021-08-16,000543.SZ,700,700,17.739271,17.48152,-180.4257,32
20260815_150541_6643db,2021-08-16,002948.SZ,2200,2200,5.544684,5.30424,-528.9768,32
20260815_150541_6643db,2021-08-16,603829.SH,1100,1100,10.673468,12.2607,1745.9552,32
20260815_150541_6643db,2021-08-16,000637.SZ,100,100,65.293491,76.67968,1138.6189,32
20260815_150541_6643db,2021-08-16,002588.SZ,200,200,49.592766,59.32182,1945.8108,32
20260815_150541_6643db,2021-08-16,600273.SH,800,800,14.205408,18.08464,3103.3856,32
20260815_150541_6643db,2021-08-16,600467.SH,500,500,23.684004,22.83347,-425.267,32
20260815_150541_6643db,2021-08-16,002097.SZ,300,300,39.674361,55.88618,4863.5457,32
20260815_150541_6643db,2021-08-17,000543.SZ,700,700,17.739271,17.34016,-279.3777,33
20260815_150541_6643db,2021-08-17,002948.SZ,2200,2200,5.544684,5.21528,-724.6888,33
20260815_150541_6643db,2021-08-17,603829.SH,1100,1100,10.673468,12.39408,1892.6732,33
20260815_150541_6643db,2021-08-17,000637.SZ,100,100,65.293491,75.13924,984.5749,33
20260815_150541_6643db,2021-08-17,002588.SZ,200,200,49.592766,56.82608,1446.6628,33
20260815_150541_6643db,2021-08-17,600273.SH,800,800,14.205408,17.5448,2671.5136,33
20260815_150541_6643db,2021-08-17,600467.SH,500,500,23.684004,22.28765,-698.177,33
20260815_150541_6643db,2021-08-17,002097.SZ,300,300,39.674361,51.62492,3585.1677,33
20260815_150541_6643db,2021-08-18,000543.SZ,700,700,17.739271,17.4344,-213.4097,34
20260815_150541_6643db,2021-08-18,002948.SZ,2200,2200,5.544684,5.3376,-455.5848,34
20260815_150541_6643db,2021-08-18,603829.SH,1100,1100,10.673468,12.17862,1655.6672,34
20260815_150541_6643db,2021-08-18,000637.SZ,100,100,65.293491,76.33736,1104.3869,34
20260815_150541_6643db,2021-08-18,002588.SZ,200,200,49.592766,57.01806,1485.0588,34
20260815_150541_6643db,2021-08-18,600273.SH,800,800,14.205408,17.67976,2779.4816,34
20260815_150541_6643db,2021-08-18,600467.SH,500,500,23.684004,22.46959,-607.207,34
20260815_150541_6643db,2021-08-18,002097.SZ,300,300,39.674361,50.6943,3305.9817,34
20260815_150541_6643db,2021-08-19,000543.SZ,700,700,17.739271,17.38728,-246.3937,35
20260815_150541_6643db,2021-08-19,002948.SZ,2200,2200,5.544684,5.25976,-626.8328,35
20260815_150541_6643db,2021-08-19,603829.SH,1100,1100,10.673468,12.5649,2080.5752,35
20260815_150541_6643db,2021-08-19,000637.SZ,100,100,65.293491,74.79692,950.3429,35
20260815_150541_6643db,2021-08-19,002588.SZ,200,200,49.592766,55.86618,1254.6828,35
20260815_150541_6643db,2021-08-19,600273.SH,800,800,14.205408,17.22427,2415.0896,35
20260815_150541_6643db,2021-08-19,600467.SH,500,500,23.684004,22.46959,-607.207,35
20260815_150541_6643db,2021-08-19,002097.SZ,300,300,39.674361,50.00858,3100.2657,35
20260815_150541_6643db,2021-08-20,000543.SZ,700,700,17.739271,17.38728,-246.3937,36
20260815_150541_6643db,2021-08-20,002948.SZ,2200,2200,5.544684,5.23752,-675.7608,36
20260815_150541_6643db,2021-08-20,603829.SH,1100,1100,10.673468,12.72015,2251.3502,36
20260815_150541_6643db,2021-08-20,000637.SZ,100,100,65.293491,75.13924,984.5749,36
20260815_150541_6643db,2021-08-20,002588.SZ,200,200,49.592766,56.05816,1293.0788,36
20260815_150541_6643db,2021-08-20,600273.SH,800,800,14.205408,17.07244,2293.6256,36
20260815_150541_6643db,2021-08-20,600467.SH,500,500,23.684004,22.28765,-698.177,36
20260815_150541_6643db,2021-08-20,002097.SZ,300,300,39.674361,50.64532,3291.2877,36
20260815_150541_6643db,2021-08-23,000543.SZ,700,700,17.739271,17.67,-48.4897,37
20260815_150541_6643db,2021-08-23,002948.SZ,2200,2200,5.544684,5.24864,-651.2968,37
20260815_150541_6643db,2021-08-23,603829.SH,1100,1100,10.673468,12.5649,2080.5752,37
20260815_150541_6643db,2021-08-23,000637.SZ,100,100,65.293491,75.99504,1070.1549,37
20260815_150541_6643db,2021-08-23,002588.SZ,200,200,49.592766,57.68999,1619.4448,37
20260815_150541_6643db,2021-08-23,600273.SH,800,800,14.205408,17.5448,2671.5136,37
20260815_150541_6643db,2021-08-23,600467.SH,500,500,23.684004,22.46959,-607.207,37
20260815_150541_6643db,2021-08-23,002097.SZ,300,300,39.674361,50.79226,3335.3697,37
20260815_150541_6643db,2021-08-24,000543.SZ,700,700,17.739271,17.67,-48.4897,38
20260815_150541_6643db,2021-08-24,002948.SZ,2200,2200,5.544684,5.23752,-675.7608,38
20260815_150541_6643db,2021-08-24,603829.SH,1100,1100,10.673468,13.03065,2592.9002,38
20260815_150541_6643db,2021-08-24,000637.SZ,100,100,65.293491,76.50852,1121.5029,38
20260815_150541_6643db,2021-08-24,002588.SZ,200,200,49.592766,58.26593,1734.6328,38
20260815_150541_6643db,2021-08-24,600273.SH,800,800,14.205408,17.46045,2604.0336,38
20260815_150541_6643db,2021-08-24,600467.SH,500,500,23.684004,22.56056,-561.722,38
20260815_150541_6643db,2021-08-24,002097.SZ,300,300,39.674361,52.94738,3981.9057,38
20260815_150541_6643db,2021-08-25,000543.SZ,700,700,17.739271,17.81136,50.4623,39
20260815_150541_6643db,2021-08-25,002948.SZ,2200,2200,5.544684,5.23752,-675.7608,39
20260815_150541_6643db,2021-08-25,603829.SH,1100,1100,10.673468,12.86505,2410.7402,39
20260815_150541_6643db,2021-08-25,000637.SZ,100,100,65.293491,78.90476,1361.1269,39
20260815_150541_6643db,2021-08-25,002588.SZ,200,200,49.592766,59.60979,2003.4048,39
20260815_150541_6643db,2021-08-25,600273.SH,800,800,14.205408,17.84846,2914.4416,39
20260815_150541_6643db,2021-08-25,600467.SH,500,500,23.684004,23.19735,-243.327,39
20260815_150541_6643db,2021-08-25,002097.SZ,300,300,39.674361,52.26166,3776.1897,39
20260815_150541_6643db,2021-08-26,000543.SZ,700,700,17.739271,18.04696,215.3823,40
20260815_150541_6643db,2021-08-26,002948.SZ,2200,2200,5.544684,5.20416,-749.1528,40
20260815_150541_6643db,2021-08-26,603829.SH,1100,1100,10.673468,12.8133,2353.8152,40
20260815_150541_6643db,2021-08-26,000637.SZ,100,100,65.293491,79.24708,1395.3589,40
20260815_150541_6643db,2021-08-26,002588.SZ,200,200,49.592766,60.18573,2118.5928,40
20260815_150541_6643db,2021-08-26,600273.SH,800,800,14.205408,17.47732,2617.5296,40
20260815_150541_6643db,2021-08-26,600467.SH,500,500,23.684004,22.92444,-379.782,40
20260815_150541_6643db,2021-08-26,002097.SZ,300,300,39.674361,52.50656,3849.6597,40
20260815_150541_6643db,2021-08-27,000543.SZ,700,700,17.739271,17.85848,83.4463,41
20260815_150541_6643db,2021-08-27,002948.SZ,2200,2200,5.544684,5.25976,-626.8328,41
20260815_150541_6643db,2021-08-27,603829.SH,1100,1100,10.673468,12.3579,1852.8752,41
20260815_150541_6643db,2021-08-27,000637.SZ,100,100,65.293491,79.93172,1463.8229,41
20260815_150541_6643db,2021-08-27,002588.SZ,200,200,49.592766,61.14563,2310.5728,41
20260815_150541_6643db,2021-08-27,600273.SH,800,800,14.205408,18.2196,3211.3536,41
20260815_150541_6643db,2021-08-27,600467.SH,500,500,23.684004,22.92444,-379.782,41
20260815_150541_6643db,2021-08-27,002097.SZ,300,300,39.674361,51.52696,3555.7797,41
20260815_150541_6643db,2021-08-30,000543.SZ,700,700,17.739271,17.85848,83.4463,42
20260815_150541_6643db,2021-08-30,002948.SZ,2200,2200,5.544684,5.27088,-602.3688,42
20260815_150541_6643db,2021-08-30,603829.SH,1100,1100,10.673468,11.78865,1226.7002,42
20260815_150541_6643db,2021-08-30,000637.SZ,100,100,65.293491,79.93172,1463.8229,42
20260815_150541_6643db,2021-08-30,002588.SZ,200,200,49.592766,65.46518,3174.4828,42
20260815_150541_6643db,2021-08-30,600273.SH,800,800,14.205408,18.23647,3224.8496,42
20260815_150541_6643db,2021-08-30,600467.SH,500,500,23.684004,23.10638,-288.812,42
20260815_150541_6643db,2021-08-30,002097.SZ,300,300,39.674361,52.55554,3864.3537,42
20260815_150541_6643db,2021-08-31,000543.SZ,700,700,17.739271,18.04696,215.3823,43
20260815_150541_6643db,2021-08-31,002948.SZ,2200,2200,5.544684,5.32648,-480.0488,43
20260815_150541_6643db,2021-08-31,603829.SH,1100,1100,10.673468,11.31255,702.9902,43
20260815_150541_6643db,2021-08-31,000637.SZ,100,100,65.293491,78.7336,1344.0109,43
20260815_150541_6643db,2021-08-31,002588.SZ,200,200,49.592766,67.00102,3481.6508,43
20260815_150541_6643db,2021-08-31,600273.SH,800,800,14.205408,18.2196,3211.3536,43
20260815_150541_6643db,2021-08-31,600467.SH,500,500,23.684004,23.19735,-243.327,43
20260815_150541_6643db,2021-08-31,002097.SZ,300,300,39.674361,56.66986,5098.6497,43
20260815_150541_6643db,2021-09-01,000543.SZ,700,700,17.739271,18.04696,215.3823,44
20260815_150541_6643db,2021-09-01,002948.SZ,2200,2200,5.544684,5.3932,-333.2648,44
20260815_150541_6643db,2021-09-01,603829.SH,1100,1100,10.673468,11.1366,509.4452,44
20260815_150541_6643db,2021-09-01,000637.SZ,100,100,65.293491,77.53548,1224.1989,44
20260815_150541_6643db,2021-09-01,002588.SZ,200,200,49.592766,63.54538,2790.5228,44
20260815_150541_6643db,2021-09-01,600273.SH,800,800,14.205408,17.3761,2536.5536,44
20260815_150541_6643db,2021-09-01,600467.SH,500,500,23.684004,23.28832,-197.842,44
20260815_150541_6643db,2021-09-01,002097.SZ,300,300,39.674361,60.29438,6186.0057,44
20260815_150541_6643db,2021-09-02,000543.SZ,700,700,17.739271,18.75376,710.1423,45
20260815_150541_6643db,2021-09-02,002948.SZ,2200,2200,5.544684,5.42656,-259.8728,45
20260815_150541_6643db,2021-09-02,603829.SH,1100,1100,10.673468,11.16765,543.6002,45
20260815_150541_6643db,2021-09-02,000637.SZ,100,100,65.293491,77.8778,1258.4309,45
20260815_150541_6643db,2021-09-02,002588.SZ,200,200,49.592766,65.46518,3174.4828,45
20260815_150541_6643db,2021-09-02,600273.SH,800,800,14.205408,18.18586,3184.3616,45
20260815_150541_6643db,2021-09-02,600467.SH,500,500,23.684004,23.37929,-152.357,45
20260815_150541_6643db,2021-09-02,002097.SZ,300,300,39.674361,60.2454,6171.3117,45
20260815_150541_6643db,2021-09-03,000543.SZ,700,700,17.739271,19.5548,1270.8703,46
20260815_150541_6643db,2021-09-03,002948.SZ,2200,2200,5.544684,5.4488,-210.9448,46
20260815_150541_6643db,2021-09-03,603829.SH,1100,1100,10.673468,11.2608,646.0652,46
20260815_150541_6643db,2021-09-03,000637.SZ,100,100,65.293491,77.36432,1207.0829,46
20260815_150541_6643db,2021-09-03,002588.SZ,200,200,49.592766,66.52107,3385.6608,46
20260815_150541_6643db,2021-09-03,600273.SH,800,800,14.205408,17.79785,2873.9536,46
20260815_150541_6643db,2021-09-03,600467.SH,500,500,23.684004,23.37929,-152.357,46
20260815_150541_6643db,2021-09-03,002097.SZ,300,300,39.674361,57.3066,5289.6717,46
20260815_150541_6643db,2021-09-06,000543.SZ,700,700,17.739271,19.7904,1435.7903,47
20260815_150541_6643db,2021-09-06,002948.SZ,2200,2200,5.544684,5.52664,-39.6968,47
20260815_150541_6643db,2021-09-06,603829.SH,1100,1100,10.673468,11.4471,850.9952,47
20260815_150541_6643db,2021-09-06,000637.SZ,100,100,65.293491,76.85084,1155.7349,47
20260815_150541_6643db,2021-09-06,002588.SZ,200,200,49.592766,65.94513,3270.4728,47
20260815_150541_6643db,2021-09-06,600273.SH,800,800,14.205408,18.13525,3143.8736,47
20260815_150541_6643db,2021-09-06,600467.SH,500,500,23.684004,23.56123,-61.387,47
20260815_150541_6643db,2021-09-06,002097.SZ,300,300,39.674361,56.86578,5157.4257,47
20260815_150541_6643db,2021-09-07,000543.SZ,700,700,17.739271,19.60192,1303.8543,48
20260815_150541_6643db,2021-09-07,002948.SZ,2200,2200,5.544684,5.51552,-64.1608,48
20260815_150541_6643db,2021-09-07,603829.SH,1100,1100,10.673468,11.43675,839.6102,48
20260815_150541_6643db,2021-09-07,000637.SZ,100,100,65.293491,78.56244,1326.8949,48
20260815_150541_6643db,2021-09-07,002588.SZ,200,200,49.592766,68.34488,3750.4228,48
20260815_150541_6643db,2021-09-07,600273.SH,800,800,14.205408,19.95721,4601.4416,48
20260815_150541_6643db,2021-09-07,600467.SH,500,500,23.684004,23.74317,29.583,48
20260815_150541_6643db,2021-09-07,002097.SZ,300,300,39.674361,57.0617,5216.2017,48
20260815_150541_6643db,2021-09-08,000543.SZ,700,700,17.739271,20.45008,1897.5663,49
20260815_150541_6643db,2021-09-08,002948.SZ,2200,2200,5.544684,5.52664,-39.6968,49
20260815_150541_6643db,2021-09-08,603829.SH,1100,1100,10.673468,11.5092,919.3052,49
20260815_150541_6643db,2021-09-08,000637.SZ,100,100,65.293491,79.93172,1463.8229,49
20260815_150541_6643db,2021-09-08,002588.SZ,200,200,49.592766,68.34488,3750.4228,49
20260815_150541_6643db,2021-09-08,600273.SH,800,800,14.205408,21.94787,6193.9696,49
20260815_150541_6643db,2021-09-08,600467.SH,500,500,23.684004,24.10705,211.523,49
20260815_150541_6643db,2021-09-08,002097.SZ,300,300,39.674361,54.8576,4554.9717,49
20260815_150541_6643db,2021-09-09,000543.SZ,700,700,17.739271,20.30872,1798.6143,50
20260815_150541_6643db,2021-09-09,002948.SZ,2200,2200,5.544684,5.52664,-39.6968,50
20260815_150541_6643db,2021-09-09,603829.SH,1100,1100,10.673468,11.4471,850.9952,50
20260815_150541_6643db,2021-09-09,000637.SZ,100,100,65.293491,82.67028,1737.6789,50
20260815_150541_6643db,2021-09-09,002588.SZ,200,200,49.592766,68.24889,3731.2248,50
20260815_150541_6643db,2021-09-09,600273.SH,800,800,14.205408,21.74543,6032.0176,50
20260815_150541_6643db,2021-09-09,600467.SH,500,500,23.684004,24.19802,257.008,50
20260815_150541_6643db,2021-09-09,002097.SZ,300,300,39.674361,55.39638,4716.6057,50
20260815_150541_6643db,2021-09-10,000543.SZ,700,700,17.739271,19.74328,1402.8063,51
20260815_150541_6643db,2021-09-10,002948.SZ,2200,2200,5.544684,5.56,33.6952,51
20260815_150541_6643db,2021-09-10,603829.SH,1100,1100,10.673468,11.3229,714.3752,51
20260815_150541_6643db,2021-09-10,000637.SZ,100,100,65.293491,79.5894,1429.5909,51
20260815_150541_6643db,2021-09-10,002588.SZ,200,200,49.592766,67.193,3520.0468,51
20260815_150541_6643db,2021-09-10,600273.SH,800,800,14.205408,21.86352,6126.4896,51
20260815_150541_6643db,2021-09-10,600467.SH,500,500,23.684004,23.92511,120.553,51
20260815_150541_6643db,2021-09-10,002097.SZ,300,300,39.674361,54.46576,4437.4197,51
20260815_150541_6643db,2021-09-13,000543.SZ,700,700,17.739271,20.16736,1699.6623,52
20260815_150541_6643db,2021-09-13,002948.SZ,2200,2200,5.544684,5.5044,-88.6248,52
20260815_150541_6643db,2021-09-13,603829.SH,1100,1100,10.673468,11.45745,862.3802,52
20260815_150541_6643db,2021-09-13,000637.SZ,100,100,65.293491,82.49912,1720.5629,52
20260815_150541_6643db,2021-09-13,002588.SZ,200,200,49.592766,71.0326,4287.9668,52
20260815_150541_6643db,2021-09-13,600273.SH,800,800,14.205408,23.33121,7300.6416,52
20260815_150541_6643db,2021-09-13,600467.SH,500,500,23.684004,24.19802,257.008,52
20260815_150541_6643db,2021-09-13,002097.SZ,300,300,39.674361,52.94738,3981.9057,52
20260815_150541_6643db,2021-09-14,000543.SZ,700,700,17.739271,19.27208,1072.9663,53
20260815_150541_6643db,2021-09-14,002948.SZ,2200,2200,5.544684,5.41544,-284.3368,53
20260815_150541_6643db,2021-09-14,603829.SH,1100,1100,10.673468,11.27115,657.4502,53
20260815_150541_6643db,2021-09-14,000637.SZ,100,100,65.293491,81.81448,1652.0989,53
20260815_150541_6643db,2021-09-14,002588.SZ,200,200,49.592766,68.82483,3846.4128,53
20260815_150541_6643db,2021-09-14,600273.SH,800,800,14.205408,23.41556,7368.1216,53
20260815_150541_6643db,2021-09-14,600467.SH,500,500,23.684004,23.6522,-15.902,53
20260815_150541_6643db,2021-09-14,002097.SZ,300,300,39.674361,53.78004,4231.7037,53
20260815_150541_6643db,2021-09-15,000543.SZ,700,700,17.739271,19.64904,1336.8383,54
20260815_150541_6643db,2021-09-15,002948.SZ,2200,2200,5.544684,5.41544,-284.3368,54
20260815_150541_6643db,2021-09-15,603829.SH,1100,1100,10.673468,11.78865,1226.7002,54
20260815_150541_6643db,2021-09-15,000637.SZ,100,100,65.293491,84.7242,1943.0709,54
20260815_150541_6643db,2021-09-15,002588.SZ,200,200,49.592766,72.28047,4537.5408,54
20260815_150541_6643db,2021-09-15,600273.SH,800,800,14.205408,22.90946,6963.2416,54
20260815_150541_6643db,2021-09-15,600467.SH,500,500,23.684004,23.92511,120.553,54
20260815_150541_6643db,2021-09-15,002097.SZ,300,300,39.674361,56.76782,5128.0377,54
20260815_150541_6643db,2021-09-16,000543.SZ,700,700,17.739271,19.27208,1072.9663,55
20260815_150541_6643db,2021-09-16,002948.SZ,2200,2200,5.544684,5.4488,-210.9448,55
20260815_150541_6643db,2021-09-16,603829.SH,1100,1100,10.673468,11.4057,805.4552,55
20260815_150541_6643db,2021-09-16,000637.SZ,100,100,65.293491,83.69724,1840.3749,55
20260815_150541_6643db,2021-09-16,002588.SZ,200,200,49.592766,70.55265,4191.9768,55
20260815_150541_6643db,2021-09-16,600273.SH,800,800,14.205408,22.40336,6558.3616,55
20260815_150541_6643db,2021-09-16,600467.SH,500,500,23.684004,24.01608,166.038,55
20260815_150541_6643db,2021-09-16,002097.SZ,300,300,39.674361,53.6331,4187.6217,55
20260815_150541_6643db,2021-09-17,000543.SZ,700,700,17.739271,19.64904,1336.8383,56
20260815_150541_6643db,2021-09-17,002948.SZ,2200,2200,5.544684,5.37096,-382.1928,56
20260815_150541_6643db,2021-09-17,603829.SH,1100,1100,10.673468,11.4471,850.9952,56
20260815_150541_6643db,2021-09-17,000637.SZ,100,100,65.293491,85.23768,1994.4189,56
20260815_150541_6643db,2021-09-17,002588.SZ,200,200,49.592766,71.51255,4383.9568,56
20260815_150541_6643db,2021-09-17,600273.SH,800,800,14.205408,21.77917,6059.0096,56
20260815_150541_6643db,2021-09-17,600467.SH,500,500,23.684004,23.74317,29.583,56
20260815_150541_6643db,2021-09-17,002097.SZ,300,300,39.674361,51.03716,3408.8397,56
20260815_150541_6643db,2021-09-22,000543.SZ,700,700,17.739271,20.82704,2161.4383,57
20260815_150541_6643db,2021-09-22,002948.SZ,2200,2200,5.544684,5.31536,-504.5128,57
20260815_150541_6643db,2021-09-22,603829.SH,1100,1100,10.673468,11.76795,1203.9302,57
20260815_150541_6643db,2021-09-22,000637.SZ,100,100,65.293491,85.40884,2011.5349,57
20260815_150541_6643db,2021-09-22,002588.SZ,200,200,49.592766,73.33636,4748.7188,57
20260815_150541_6643db,2021-09-22,600273.SH,800,800,14.205408,22.33588,6504.3776,57
20260815_150541_6643db,2021-09-22,600467.SH,500,500,23.684004,23.6522,-15.902,57
20260815_150541_6643db,2021-09-22,002097.SZ,300,300,39.674361,50.98818,3394.1457,57
20260815_150541_6643db,2021-09-23,000543.SZ,700,700,17.739271,20.87416,2194.4223,58
20260815_150541_6643db,2021-09-23,002948.SZ,2200,2200,5.544684,5.37096,-382.1928,58
20260815_150541_6643db,2021-09-23,603829.SH,1100,1100,10.673468,11.72655,1158.3902,58
20260815_150541_6643db,2021-09-23,000637.SZ,100,100,65.293491,83.35492,1806.1429,58
20260815_150541_6643db,2021-09-23,002588.SZ,200,200,49.592766,69.88072,4057.5908,58
20260815_150541_6643db,2021-09-23,600273.SH,800,800,14.205408,21.72856,6018.5216,58
20260815_150541_6643db,2021-09-23,600467.SH,500,500,23.684004,24.47093,393.463,58
20260815_150541_6643db,2021-09-23,002097.SZ,300,300,39.674361,51.62492,3585.1677,58
20260815_150541_6643db,2021-09-24,000543.SZ,700,700,17.739271,20.35584,1831.5983,59
20260815_150541_6643db,2021-09-24,002948.SZ,2200,2200,5.544684,5.30424,-528.9768,59
20260815_150541_6643db,2021-09-24,603829.SH,1100,1100,10.673468,11.45745,862.3802,59
20260815_150541_6643db,2021-09-24,000637.SZ,100,100,65.293491,79.93172,1463.8229,59
20260815_150541_6643db,2021-09-24,002588.SZ,200,200,49.592766,63.16142,2713.7308,59
20260815_150541_6643db,2021-09-24,600273.SH,800,800,14.205408,19.56222,4285.4496,59
20260815_150541_6643db,2021-09-24,600467.SH,500,500,23.684004,23.92511,120.553,59
20260815_150541_6643db,2021-09-24,002097.SZ,300,300,39.674361,49.76368,3026.7957,59
20260815_150541_6643db,2021-09-27,000543.SZ,700,700,17.739271,19.74328,1402.8063,60
20260815_150541_6643db,2021-09-27,002948.SZ,2200,2200,5.544684,5.282,-577.9048,60
20260815_150541_6643db,2021-09-27,603829.SH,1100,1100,10.673468,10.6398,-37.0348,60
20260815_150541_6643db,2021-09-27,000637.SZ,100,100,65.293491,74.28344,898.9949,60
20260815_150541_6643db,2021-09-27,002588.SZ,200,200,49.592766,60.37771,2156.9888,60
20260815_150541_6643db,2021-09-27,600273.SH,800,800,14.205408,18.94338,3790.3776,60
20260815_150541_6643db,2021-09-27,600467.SH,500,500,23.684004,23.28832,-197.842,60
20260815_150541_6643db,2021-09-27,002097.SZ,300,300,39.674361,46.92284,2174.5437,60
20260815_150541_6643db,2021-09-28,000543.SZ,700,700,17.739271,20.92128,2227.4063,61
20260815_150541_6643db,2021-09-28,002948.SZ,2200,2200,5.544684,5.31536,-504.5128,61
20260815_150541_6643db,2021-09-28,603829.SH,1100,1100,10.673468,10.7019,31.2752,61
20260815_150541_6643db,2021-09-28,000637.SZ,100,100,65.293491,78.90476,1361.1269,61
20260815_150541_6643db,2021-09-28,002588.SZ,200,200,49.592766,59.89776,2060.9988,61
20260815_150541_6643db,2021-09-28,600273.SH,800,800,14.205408,19.14966,3955.4016,61
20260815_150541_6643db,2021-09-28,600467.SH,500,500,23.684004,23.37929,-152.357,61
20260815_150541_6643db,2021-09-28,002097.SZ,300,300,39.674361,46.97182,2189.2377,61
20260815_150541_6643db,2021-09-29,000543.SZ,700,700,17.739271,20.026,1600.7103,62
20260815_150541_6643db,2021-09-29,002948.SZ,2200,2200,5.544684,5.38208,-357.7288,62
20260815_150541_6643db,2021-09-29,603829.SH,1100,1100,10.673468,10.62945,-48.4198,62
20260815_150541_6643db,2021-09-29,000637.SZ,100,100,65.293491,73.42764,813.4149,62
20260815_150541_6643db,2021-09-29,002588.SZ,200,200,49.592766,56.73009,1427.4648,62
20260815_150541_6643db,2021-09-29,600273.SH,800,800,14.205408,18.37611,3336.5616,62
20260815_150541_6643db,2021-09-29,600467.SH,500,500,23.684004,22.83347,-425.267,62
20260815_150541_6643db,2021-09-29,002097.SZ,300,300,39.674361,44.91466,1572.0897,62
20260815_150541_6643db,2021-09-30,000543.SZ,700,700,17.739271,21.25112,2458.2943,63
20260815_150541_6643db,2021-09-30,002948.SZ,2200,2200,5.544684,5.32648,-480.0488,63
20260815_150541_6643db,2021-09-30,603829.SH,1100,1100,10.673468,10.7847,122.3552,63
20260815_150541_6643db,2021-09-30,000637.SZ,100,100,65.293491,76.33736,1104.3869,63
20260815_150541_6643db,2021-09-30,002588.SZ,200,200,49.592766,57.30603,1542.6528,63
20260815_150541_6643db,2021-09-30,600273.SH,800,800,14.205408,18.27297,3254.0496,63
20260815_150541_6643db,2021-09-30,600467.SH,500,500,23.684004,23.28832,-197.842,63
20260815_150541_6643db,2021-09-30,002097.SZ,300,300,39.674361,45.45344,1733.7237,63
20260815_150541_6643db,2021-10-08,000543.SZ,700,700,17.739271,20.59144,1996.5183,64
20260815_150541_6643db,2021-10-08,002948.SZ,2200,2200,5.544684,5.34872,-431.1208,64
20260815_150541_6643db,2021-10-08,603829.SH,1100,1100,10.673468,11.0745,441.1352,64
20260815_150541_6643db,2021-10-08,000637.SZ,100,100,65.293491,84.03956,1874.6069,64
20260815_150541_6643db,2021-10-08,002588.SZ,200,200,49.592766,58.36192,1753.8308,64
20260815_150541_6643db,2021-10-08,600273.SH,800,800,14.205408,18.53082,3460.3296,64
20260815_150541_6643db,2021-10-08,600467.SH,500,500,23.684004,24.28899,302.493,64
20260815_150541_6643db,2021-10-08,002097.SZ,300,300,39.674361,46.43304,2027.6037,64
20260815_150541_6643db,2021-10-11,000543.SZ,700,700,17.739271,22.33488,3216.9263,65
20260815_150541_6643db,2021-10-11,002948.SZ,2200,2200,5.544684,5.41544,-284.3368,65
20260815_150541_6643db,2021-10-11,603829.SH,1100,1100,10.673468,10.87785,224.8202,65
20260815_150541_6643db,2021-10-11,000637.SZ,100,100,65.293491,81.81448,1652.0989,65
20260815_150541_6643db,2021-10-11,002588.SZ,200,200,49.592766,57.68999,1619.4448,65
20260815_150541_6643db,2021-10-11,600273.SH,800,800,14.205408,18.5652,3487.8336,65
20260815_150541_6643db,2021-10-11,600467.SH,500,500,23.684004,24.74384,529.918,65
20260815_150541_6643db,2021-10-11,002097.SZ,300,300,39.674361,45.50242,1748.4177,65
20260815_150541_6643db,2021-10-12,000543.SZ,700,700,17.739271,20.40296,1864.5823,66
20260815_150541_6643db,2021-10-12,002948.SZ,2200,2200,5.544684,5.38208,-357.7288,66
20260815_150541_6643db,2021-10-12,603829.SH,1100,1100,10.673468,10.69155,19.8902,66
20260815_150541_6643db,2021-10-12,000637.SZ,100,100,65.293491,81.12984,1583.6349,66
20260815_150541_6643db,2021-10-12,002588.SZ,200,200,49.592766,56.25014,1331.4748,66
20260815_150541_6643db,2021-10-12,600273.SH,800,800,14.205408,17.8776,2937.7536,66
20260815_150541_6643db,2021-10-12,600467.SH,500,500,23.684004,24.74384,529.918,66
20260815_150541_6643db,2021-10-12,002097.SZ,300,300,39.674361,44.47384,1439.8437,66
20260815_150541_6643db,2021-10-13,000543.SZ,700,700,17.739271,18.80088,743.1263,67
20260815_150541_6643db,2021-10-13,002948.SZ,2200,2200,5.544684,5.45992,-186.4808,67
20260815_150541_6643db,2021-10-13,603829.SH,1100,1100,10.673468,10.71225,42.6602,67
20260815_150541_6643db,2021-10-13,000637.SZ,100,100,65.293491,76.85084,1155.7349,67
20260815_150541_6643db,2021-10-13,002588.SZ,200,200,49.592766,56.25014,1331.4748,67
20260815_150541_6643db,2021-10-13,600273.SH,800,800,14.205408,17.67132,2772.7296,67
20260815_150541_6643db,2021-10-13,600467.SH,500,500,23.684004,24.37996,347.978,67
20260815_150541_6643db,2021-10-13,002097.SZ,300,300,39.674361,44.86568,1557.3957,67
20260815_150541_6643db,2021-10-14,000543.SZ,700,700,17.739271,18.47104,512.2383,68
20260815_150541_6643db,2021-10-14,002948.SZ,2200,2200,5.544684,5.3932,-333.2648,68
20260815_150541_6643db,2021-10-14,603829.SH,1100,1100,10.673468,10.7019,31.2752,68
20260815_150541_6643db,2021-10-14,000637.SZ,100,100,65.293491,75.65272,1035.9229,68
20260815_150541_6643db,2021-10-14,002588.SZ,200,200,49.592766,55.6742,1216.2868,68
20260815_150541_6643db,2021-10-14,600273.SH,800,800,14.205408,17.75727,2841.4896,68
20260815_150541_6643db,2021-10-14,600467.SH,500,500,23.684004,24.37996,347.978,68
20260815_150541_6643db,2021-10-14,002097.SZ,300,300,39.674361,45.3065,1689.6417,68
20260815_150541_6643db,2021-10-15,000543.SZ,700,700,17.739271,17.95272,149.4143,69
20260815_150541_6643db,2021-10-15,002948.SZ,2200,2200,5.544684,5.38208,-357.7288,69
20260815_150541_6643db,2021-10-15,603829.SH,1100,1100,10.673468,10.54665,-139.4998,69
20260815_150541_6643db,2021-10-15,000637.SZ,100,100,65.293491,75.65272,1035.9229,69
20260815_150541_6643db,2021-10-15,002588.SZ,200,200,49.592766,55.00227,1081.9008,69
20260815_150541_6643db,2021-10-15,600273.SH,800,800,14.205408,17.51661,2648.9616,69
20260815_150541_6643db,2021-10-15,600467.SH,500,500,23.684004,24.19802,257.008,69
20260815_150541_6643db,2021-10-15,002097.SZ,300,300,39.674361,45.01262,1601.4777,69
20260815_150541_6643db,2021-10-18,000543.SZ,700,700,17.739271,18.3768,446.2703,70
20260815_150541_6643db,2021-10-18,002948.SZ,2200,2200,5.544684,5.37096,-382.1928,70
20260815_150541_6643db,2021-10-18,603829.SH,1100,1100,10.673468,10.6398,-37.0348,70
20260815_150541_6643db,2021-10-18,000637.SZ,100,100,65.293491,80.78752,1549.4029,70
20260815_150541_6643db,2021-10-18,002588.SZ,200,200,49.592766,56.82608,1446.6628,70
20260815_150541_6643db,2021-10-18,600273.SH,800,800,14.205408,18.08388,3102.7776,70
20260815_150541_6643db,2021-10-18,600467.SH,500,500,23.684004,24.5619,438.948,70
20260815_150541_6643db,2021-10-18,002097.SZ,300,300,39.674361,45.35548,1704.3357,70
20260815_150541_6643db,2021-10-19,000543.SZ,700,700,17.739271,18.3768,446.2703,71
20260815_150541_6643db,2021-10-19,002948.SZ,2200,2200,5.544684,5.3932,-333.2648,71
20260815_150541_6643db,2021-10-19,603829.SH,1100,1100,10.673468,10.557,-128.1148,71
20260815_150541_6643db,2021-10-19,000637.SZ,100,100,65.293491,83.18376,1789.0269,71
20260815_150541_6643db,2021-10-19,002588.SZ,200,200,49.592766,57.21004,1523.4548,71
20260815_150541_6643db,2021-10-19,600273.SH,800,800,14.205408,18.08388,3102.7776,71
20260815_150541_6643db,2021-10-19,600467.SH,500,500,23.684004,25.38063,848.313,71
20260815_150541_6643db,2021-10-19,002097.SZ,300,300,39.674361,45.94324,1880.6637,71
20260815_150541_6643db,2021-10-20,000543.SZ,700,700,17.739271,19.3192,1105.9503,72
20260815_150541_6643db,2021-10-20,002948.SZ,2200,2200,5.544684,5.37096,-382.1928,72
20260815_150541_6643db,2021-10-20,603829.SH,1100,1100,10.673468,10.48455,-207.8098,72
20260815_150541_6643db,2021-10-20,000637.SZ,100,100,65.293491,81.47216,1617.8669,72
20260815_150541_6643db,2021-10-20,002588.SZ,200,200,49.592766,56.34613,1350.6728,72
20260815_150541_6643db,2021-10-20,600273.SH,800,800,14.205408,17.94636,2992.7616,72
20260815_150541_6643db,2021-10-20,600467.SH,500,500,23.684004,24.83481,575.403,72
20260815_150541_6643db,2021-10-20,002097.SZ,300,300,39.674361,46.48202,2042.2977,72
20260815_150541_6643db,2021-10-21,000543.SZ,700,700,17.739271,18.75376,710.1423,73
20260815_150541_6643db,2021-10-21,002948.SZ,2200,2200,5.544684,5.45992,-186.4808,73
20260815_150541_6643db,2021-10-21,603829.SH,1100,1100,10.673468,10.4535,-241.9648,73
20260815_150541_6643db,2021-10-21,000637.SZ,100,100,65.293491,77.70664,1241.3149,73
20260815_150541_6643db,2021-10-21,002588.SZ,200,200,49.592766,57.30603,1542.6528,73
20260815_150541_6643db,2021-10-21,600273.SH,800,800,14.205408,18.16983,3171.5376,73
20260815_150541_6643db,2021-10-21,600467.SH,500,500,23.684004,24.74384,529.918,73
20260815_150541_6643db,2021-10-21,002097.SZ,300,300,39.674361,45.89426,1865.9697,73
20260815_150541_6643db,2021-10-22,000543.SZ,700,700,17.739271,18.09408,248.3663,74
20260815_150541_6643db,2021-10-22,002948.SZ,2200,2200,5.544684,5.45992,-186.4808,74
20260815_150541_6643db,2021-10-22,603829.SH,1100,1100,10.673468,10.44315,-253.3498,74
20260815_150541_6643db,2021-10-22,000637.SZ,100,100,65.293491,73.94112,864.7629,74
20260815_150541_6643db,2021-10-22,002588.SZ,200,200,49.592766,58.36192,1753.8308,74
20260815_150541_6643db,2021-10-22,600273.SH,800,800,14.205408,17.32752,2497.6896,74
20260815_150541_6643db,2021-10-22,600467.SH,500,500,23.684004,24.10705,211.523,74
20260815_150541_6643db,2021-10-22,002097.SZ,300,300,39.674361,44.91466,1572.0897,74
20260815_150541_6643db,2021-10-25,000543.SZ,700,700,17.739271,18.28256,380.3023,75
20260815_150541_6643db,2021-10-25,002948.SZ,2200,2200,5.544684,5.3932,-333.2648,75
20260815_150541_6643db,2021-10-25,603829.SH,1100,1100,10.673468,10.44315,-253.3498,75
20260815_150541_6643db,2021-10-25,000637.SZ,100,100,65.293491,75.99504,1070.1549,75
20260815_150541_6643db,2021-10-25,002588.SZ,200,200,49.592766,58.64989,1811.4248,75
20260815_150541_6643db,2021-10-25,600273.SH,800,800,14.205408,17.98074,3020.2656,75
20260815_150541_6643db,2021-10-25,600467.SH,500,500,23.684004,24.01608,166.038,75
20260815_150541_6643db,2021-10-25,002097.SZ,300,300,39.674361,40.75136,323.0997,75
20260815_150541_6643db,2021-10-26,000543.SZ,700,700,17.739271,18.32968,413.2863,76
20260815_150541_6643db,2021-10-26,002948.SZ,2200,2200,5.544684,5.30424,-528.9768,76
20260815_150541_6643db,2021-10-26,603829.SH,1100,1100,10.673468,10.36035,-344.4298,76
20260815_150541_6643db,2021-10-26,000637.SZ,100,100,65.293491,73.5988,830.5309,76
20260815_150541_6643db,2021-10-26,002588.SZ,200,200,49.592766,57.88197,1657.8408,76
20260815_150541_6643db,2021-10-26,600273.SH,800,800,14.205408,18.11826,3130.2816,76
20260815_150541_6643db,2021-10-26,600467.SH,500,500,23.684004,23.6522,-15.902,76
20260815_150541_6643db,2021-10-26,002097.SZ,300,300,39.674361,40.8983,367.1817,76
20260815_150541_6643db,2021-10-27,000543.SZ,700,700,17.739271,19.3192,1105.9503,77
20260815_150541_6643db,2021-10-27,002948.SZ,2200,2200,5.544684,5.23752,-675.7608,77
20260815_150541_6643db,2021-10-27,603829.SH,1100,1100,10.673468,10.07055,-663.2098,77
20260815_150541_6643db,2021-10-27,000637.SZ,100,100,65.293491,70.68908,539.5589,77
20260815_150541_6643db,2021-10-27,002588.SZ,200,200,49.592766,56.44212,1369.8708,77
20260815_150541_6643db,2021-10-27,600273.SH,800,800,14.205408,17.55099,2676.4656,77
20260815_150541_6643db,2021-10-27,600467.SH,500,500,23.684004,23.92511,120.553,77
20260815_150541_6643db,2021-10-27,002097.SZ,300,300,39.674361,40.31054,190.8537,77
20260815_150541_6643db,2021-10-28,000543.SZ,700,700,17.739271,20.82704,2161.4383,78
20260815_150541_6643db,2021-10-28,002948.SZ,2200,2200,5.544684,5.24864,-651.2968,78
20260815_150541_6643db,2021-10-28,603829.SH,1100,1100,10.673468,9.88425,-868.1398,78
20260815_150541_6643db,2021-10-28,000637.SZ,100,100,65.293491,67.95052,265.7029,78
20260815_150541_6643db,2021-10-28,002588.SZ,200,200,49.592766,53.17846,717.1388,78
20260815_150541_6643db,2021-10-28,600273.SH,800,800,14.205408,16.45083,1796.3376,78
20260815_150541_6643db,2021-10-28,600467.SH,500,500,23.684004,23.10638,-288.812,78
20260815_150541_6643db,2021-10-28,002097.SZ,300,300,39.674361,39.03706,-191.1903,78
20260815_150541_6643db,2021-10-29,000543.SZ,700,700,17.739271,20.68568,2062.4863,79
20260815_150541_6643db,2021-10-29,002948.SZ,2200,2200,5.544684,5.23752,-675.7608,79
20260815_150541_6643db,2021-10-29,603829.SH,1100,1100,10.673468,10.1637,-560.7448,79
20260815_150541_6643db,2021-10-29,000637.SZ,100,100,65.293491,69.83328,453.9789,79
20260815_150541_6643db,2021-10-29,002588.SZ,200,200,49.592766,52.12257,505.9608,79
20260815_150541_6643db,2021-10-29,600273.SH,800,800,14.205408,16.82901,2098.8816,79
20260815_150541_6643db,2021-10-29,600467.SH,500,500,23.684004,23.83414,75.068,79
20260815_150541_6643db,2021-10-29,002097.SZ,300,300,39.674361,39.52686,-44.2503,79
20260815_150541_6643db,2021-11-01,000543.SZ,700,700,17.739271,20.026,1600.7103,80
20260815_150541_6643db,2021-11-01,002948.SZ,2200,2200,5.544684,5.2264,-700.2248,80
20260815_150541_6643db,2021-11-01,603829.SH,1100,1100,10.673468,10.56735,-116.7298,80
20260815_150541_6643db,2021-11-01,000637.SZ,100,100,65.293491,69.66212,436.8629,80
20260815_150541_6643db,2021-11-01,002588.SZ,200,200,49.592766,53.65841,813.1288,80
20260815_150541_6643db,2021-11-01,600273.SH,800,800,14.205408,17.58537,2703.9696,80
20260815_150541_6643db,2021-11-01,600467.SH,500,500,23.684004,23.74317,29.583,80
20260815_150541_6643db,2021-11-01,002097.SZ,300,300,39.674361,39.96768,87.9957,80
20260815_150541_6643db,2021-11-02,000543.SZ,700,700,17.739271,19.22496,1039.9823,81
20260815_150541_6643db,2021-11-02,002948.SZ,2200,2200,5.544684,5.13744,-895.9368,81
20260815_150541_6643db,2021-11-02,603829.SH,1100,1100,10.673468,10.58805,-93.9598,81
20260815_150541_6643db,2021-11-02,000637.SZ,100,100,65.293491,67.95052,265.7029,81
20260815_150541_6643db,2021-11-02,002588.SZ,200,200,49.592766,50.77871,237.1888,81
20260815_150541_6643db,2021-11-02,600273.SH,800,800,14.205408,16.48521,1823.8416,81
20260815_150541_6643db,2021-11-02,600467.SH,500,500,23.684004,23.37929,-152.357,81
20260815_150541_6643db,2021-11-02,002097.SZ,300,300,39.674361,39.03706,-191.1903,81
20260815_150541_6643db,2021-11-03,000543.SZ,700,700,17.739271,19.13072,974.0143,82
20260815_150541_6643db,2021-11-03,002948.SZ,2200,2200,5.544684,5.12632,-920.4008,82
20260815_150541_6643db,2021-11-03,603829.SH,1100,1100,10.673468,10.71225,42.6602,82
20260815_150541_6643db,2021-11-03,000637.SZ,100,100,65.293491,67.77936,248.5869,82
20260815_150541_6643db,2021-11-03,002588.SZ,200,200,49.592766,50.49074,179.5948,82
20260815_150541_6643db,2021-11-03,600273.SH,800,800,14.205408,16.60554,1920.1056,82
20260815_150541_6643db,2021-11-03,600467.SH,500,500,23.684004,24.74384,529.918,82
20260815_150541_6643db,2021-11-03,002097.SZ,300,300,39.674361,39.47788,-58.9443,82
20260815_150541_6643db,2021-11-04,000543.SZ,700,700,17.739271,19.13072,974.0143,83
20260815_150541_6643db,2021-11-04,002948.SZ,2200,2200,5.544684,5.13744,-895.9368,83
20260815_150541_6643db,2021-11-04,603829.SH,1100,1100,10.673468,10.8675,213.4352,83
20260815_150541_6643db,2021-11-04,000637.SZ,100,100,65.293491,68.29284,299.9349,83
20260815_150541_6643db,2021-11-04,002588.SZ,200,200,49.592766,51.35465,352.3768,83
20260815_150541_6643db,2021-11-04,600273.SH,800,800,14.205408,16.69149,1988.8656,83
20260815_150541_6643db,2021-11-04,600467.SH,500,500,23.684004,25.4716,893.798,83
20260815_150541_6643db,2021-11-04,002097.SZ,300,300,39.674361,39.37992,-88.3323,83
20260815_150541_6643db,2021-11-05,000543.SZ,700,700,17.739271,18.32968,413.2863,84
20260815_150541_6643db,2021-11-05,002948.SZ,2200,2200,5.544684,5.13744,-895.9368,84
20260815_150541_6643db,2021-11-05,603829.SH,1100,1100,10.673468,10.73295,65.4302,84
20260815_150541_6643db,2021-11-05,000637.SZ,100,100,65.293491,67.26588,197.2389,84
20260815_150541_6643db,2021-11-05,002588.SZ,200,200,49.592766,49.81881,45.2088,84
20260815_150541_6643db,2021-11-05,600273.SH,800,800,14.205408,15.74604,1232.5056,84
20260815_150541_6643db,2021-11-05,600467.SH,500,500,23.684004,26.10839,1212.193,84
20260815_150541_6643db,2021-11-05,002097.SZ,300,300,39.674361,38.79216,-264.6603,84
20260815_150541_6643db,2021-11-08,000543.SZ,700,700,17.739271,18.04696,215.3823,85
20260815_150541_6643db,2021-11-08,002948.SZ,2200,2200,5.544684,5.13744,-895.9368,85
20260815_150541_6643db,2021-11-08,603829.SH,1100,1100,10.673468,11.0331,395.5952,85
20260815_150541_6643db,2021-11-08,000637.SZ,100,100,65.293491,68.12168,282.8189,85
20260815_150541_6643db,2021-11-08,002588.SZ,200,200,49.592766,49.72282,26.0108,85
20260815_150541_6643db,2021-11-08,600273.SH,800,800,14.205408,15.88356,1342.5216,85
20260815_150541_6643db,2021-11-08,600467.SH,500,500,23.684004,25.92645,1121.223,85
20260815_150541_6643db,2021-11-08,002097.SZ,300,300,39.674361,39.4289,-73.6383,85
20260815_150541_6643db,2021-11-09,000543.SZ,700,700,17.739271,18.04696,215.3823,86
20260815_150541_6643db,2021-11-09,002948.SZ,2200,2200,5.544684,5.12632,-920.4008,86
20260815_150541_6643db,2021-11-09,603829.SH,1100,1100,10.673468,10.971,327.2852,86
20260815_150541_6643db,2021-11-09,000637.SZ,100,100,65.293491,67.95052,265.7029,86
20260815_150541_6643db,2021-11-09,002588.SZ,200,200,49.592766,50.49074,179.5948,86
20260815_150541_6643db,2021-11-09,600273.SH,800,800,14.205408,16.1586,1562.5536,86
20260815_150541_6643db,2021-11-09,600467.SH,500,500,23.684004,26.01742,1166.708,86
20260815_150541_6643db,2021-11-09,002097.SZ,300,300,39.674361,41.1432,440.6517,86
20260815_150541_6643db,2021-11-10,000543.SZ,700,700,17.739271,17.81136,50.4623,87
20260815_150541_6643db,2021-11-10,002948.SZ,2200,2200,5.544684,5.14856,-871.4728,87
20260815_150541_6643db,2021-11-10,603829.SH,1100,1100,10.673468,11.25045,634.6802,87
20260815_150541_6643db,2021-11-10,000637.SZ,100,100,65.293491,67.95052,265.7029,87
20260815_150541_6643db,2021-11-10,002588.SZ,200,200,49.592766,50.29876,141.1988,87
20260815_150541_6643db,2021-11-10,600273.SH,800,800,14.205408,16.29612,1672.5696,87
20260815_150541_6643db,2021-11-10,600467.SH,500,500,23.684004,26.01742,1166.708,87
20260815_150541_6643db,2021-11-10,002097.SZ,300,300,39.674361,41.24116,470.0397,87
20260815_150541_6643db,2021-11-11,000543.SZ,700,700,17.739271,17.76424,17.4783,88
20260815_150541_6643db,2021-11-11,002948.SZ,2200,2200,5.544684,5.19304,-773.6168,88
20260815_150541_6643db,2021-11-11,603829.SH,1100,1100,10.673468,11.25045,634.6802,88
20260815_150541_6643db,2021-11-11,000637.SZ,100,100,65.293491,68.464,317.0509,88
20260815_150541_6643db,2021-11-11,002588.SZ,200,200,49.592766,50.77871,237.1888,88
20260815_150541_6643db,2021-11-11,600273.SH,800,800,14.205408,16.41645,1768.8336,88
20260815_150541_6643db,2021-11-11,600467.SH,500,500,23.684004,26.29033,1303.163,88
20260815_150541_6643db,2021-11-11,002097.SZ,300,300,39.674361,41.09422,425.9577,88
20260815_150541_6643db,2021-11-12,000543.SZ,700,700,17.739271,17.62288,-81.4737,89
20260815_150541_6643db,2021-11-12,002948.SZ,2200,2200,5.544684,5.18192,-798.0808,89
20260815_150541_6643db,2021-11-12,603829.SH,1100,1100,10.673468,11.3022,691.6052,89
20260815_150541_6643db,2021-11-12,000637.SZ,100,100,65.293491,68.80632,351.2829,89
20260815_150541_6643db,2021-11-12,002588.SZ,200,200,49.592766,50.77871,237.1888,89
20260815_150541_6643db,2021-11-12,600273.SH,800,800,14.205408,16.48521,1823.8416,89
20260815_150541_6643db,2021-11-12,600467.SH,500,500,23.684004,26.74518,1530.588,89
20260815_150541_6643db,2021-11-12,002097.SZ,300,300,39.674361,41.73096,616.9797,89
20260815_150541_6643db,2021-11-15,000543.SZ,700,700,17.739271,17.67,-48.4897,90
20260815_150541_6643db,2021-11-15,002948.SZ,2200,2200,5.544684,5.19304,-773.6168,90
20260815_150541_6643db,2021-11-15,603829.SH,1100,1100,10.673468,11.9025,1351.9352,90
20260815_150541_6643db,2021-11-15,000637.SZ,100,100,65.293491,70.1756,488.2109,90
20260815_150541_6643db,2021-11-15,002588.SZ,200,200,49.592766,51.16267,313.9808,90
20260815_150541_6643db,2021-11-15,600273.SH,800,800,14.205408,16.51959,1851.3456,90
20260815_150541_6643db,2021-11-15,600467.SH,500,500,23.684004,26.01742,1166.708,90
20260815_150541_6643db,2021-11-15,002097.SZ,300,300,39.674361,42.41668,822.6957,90
20260815_150541_6643db,2021-11-16,000543.SZ,700,700,17.739271,17.57576,-114.4577,91
20260815_150541_6643db,2021-11-16,002948.SZ,2200,2200,5.544684,5.19304,-773.6168,91
20260815_150541_6643db,2021-11-16,603829.SH,1100,1100,10.673468,11.54025,953.4602,91
20260815_150541_6643db,2021-11-16,000637.SZ,100,100,65.293491,69.49096,419.7469,91
20260815_150541_6643db,2021-11-16,002588.SZ,200,200,49.592766,50.10678,102.8028,91
20260815_150541_6643db,2021-11-16,600273.SH,800,800,14.205408,16.46802,1810.0896,91
20260815_150541_6643db,2021-11-16,600467.SH,500,500,23.684004,25.4716,893.798,91
20260815_150541_6643db,2021-11-16,002097.SZ,300,300,39.674361,42.90648,969.6357,91
20260815_150541_6643db,2021-11-17,000543.SZ,700,700,17.739271,17.67,-48.4897,92
20260815_150541_6643db,2021-11-17,002948.SZ,2200,2200,5.544684,5.20416,-749.1528,92
20260815_150541_6643db,2021-11-17,603829.SH,1100,1100,10.673468,11.799,1238.0852,92
20260815_150541_6643db,2021-11-17,000637.SZ,100,100,65.293491,70.34676,505.3269,92
20260815_150541_6643db,2021-11-17,002588.SZ,200,200,49.592766,51.45064,371.5748,92
20260815_150541_6643db,2021-11-17,600273.SH,800,800,14.205408,17.15562,2360.1696,92
20260815_150541_6643db,2021-11-17,600467.SH,500,500,23.684004,25.4716,893.798,92
20260815_150541_6643db,2021-11-17,002097.SZ,300,300,39.674361,42.71056,910.8597,92
20260815_150541_6643db,2021-11-18,000543.SZ,700,700,17.739271,18.1412,281.3503,93
20260815_150541_6643db,2021-11-18,002948.SZ,2200,2200,5.544684,5.19304,-773.6168,93
20260815_150541_6643db,2021-11-18,603829.SH,1100,1100,10.673468,11.8818,1329.1652,93
20260815_150541_6643db,2021-11-18,000637.SZ,100,100,65.293491,70.68908,539.5589,93
20260815_150541_6643db,2021-11-18,002588.SZ,200,200,49.592766,51.93059,467.5648,93
20260815_150541_6643db,2021-11-18,600273.SH,800,800,14.205408,17.34471,2511.4416,93
20260815_150541_6643db,2021-11-18,600467.SH,500,500,23.684004,24.92578,620.888,93
20260815_150541_6643db,2021-11-18,002097.SZ,300,300,39.674361,41.92688,675.7557,93
20260815_150541_6643db,2021-11-19,000543.SZ,700,700,17.739271,18.04696,215.3823,94
20260815_150541_6643db,2021-11-19,002948.SZ,2200,2200,5.544684,5.32648,-480.0488,94
20260815_150541_6643db,2021-11-19,603829.SH,1100,1100,10.673468,12.03705,1499.9402,94
20260815_150541_6643db,2021-11-19,000637.SZ,100,100,65.293491,71.37372,608.0229,94
20260815_150541_6643db,2021-11-19,002588.SZ,200,200,49.592766,52.12257,505.9608,94
20260815_150541_6643db,2021-11-19,600273.SH,800,800,14.205408,17.8776,2937.7536,94
20260815_150541_6643db,2021-11-19,600467.SH,500,500,23.684004,25.01675,666.373,94
20260815_150541_6643db,2021-11-19,002097.SZ,300,300,39.674361,42.71056,910.8597,94
20260815_150541_6643db,2021-11-22,000543.SZ,700,700,17.739271,17.99984,182.3983,95
20260815_150541_6643db,2021-11-22,002948.SZ,2200,2200,5.544684,5.2264,-700.2248,95
20260815_150541_6643db,2021-11-22,603829.SH,1100,1100,10.673468,12.3372,1830.1052,95
20260815_150541_6643db,2021-11-22,000637.SZ,100,100,65.293491,70.86024,556.6749,95
20260815_150541_6643db,2021-11-22,002588.SZ,200,200,49.592766,51.93059,467.5648,95
20260815_150541_6643db,2021-11-22,600273.SH,800,800,14.205408,18.20421,3199.0416,95
20260815_150541_6643db,2021-11-22,600467.SH,500,500,23.684004,24.74384,529.918,95
20260815_150541_6643db,2021-11-22,002097.SZ,300,300,39.674361,43.44526,1131.2697,95
20260815_150541_6643db,2021-11-23,000543.SZ,700,700,17.739271,17.95272,149.4143,96
20260815_150541_6643db,2021-11-23,002948.SZ,2200,2200,5.544684,5.2264,-700.2248,96
20260815_150541_6643db,2021-11-23,603829.SH,1100,1100,10.673468,12.6684,2194.4252,96
20260815_150541_6643db,2021-11-23,000637.SZ,100,100,65.293491,71.37372,608.0229,96
20260815_150541_6643db,2021-11-23,002588.SZ,200,200,49.592766,52.21856,525.1588,96
20260815_150541_6643db,2021-11-23,600273.SH,800,800,14.205408,18.20421,3199.0416,96
20260815_150541_6643db,2021-11-23,600467.SH,500,500,23.684004,24.5619,438.948,96
20260815_150541_6643db,2021-11-23,002097.SZ,300,300,39.674361,43.49424,1145.9637,96
20260815_150541_6643db,2021-11-24,000543.SZ,700,700,17.739271,17.99984,182.3983,97
20260815_150541_6643db,2021-11-24,002948.SZ,2200,2200,5.544684,5.25976,-626.8328,97
20260815_150541_6643db,2021-11-24,603829.SH,1100,1100,10.673468,12.6891,2217.1952,97
20260815_150541_6643db,2021-11-24,000637.SZ,100,100,65.293491,72.05836,676.4869,97
20260815_150541_6643db,2021-11-24,002588.SZ,200,200,49.592766,51.8346,448.3668,97
20260815_150541_6643db,2021-11-24,600273.SH,800,800,14.205408,18.01512,3047.7696,97
20260815_150541_6643db,2021-11-24,600467.SH,500,500,23.684004,24.47093,393.463,97
20260815_150541_6643db,2021-11-24,002097.SZ,300,300,39.674361,43.78812,1234.1277,97
20260815_150541_6643db,2021-11-25,000543.SZ,700,700,17.739271,17.99984,182.3983,98
20260815_150541_6643db,2021-11-25,002948.SZ,2200,2200,5.544684,5.25976,-626.8328,98
20260815_150541_6643db,2021-11-25,603829.SH,1100,1100,10.673468,13.29975,2888.9102,98
20260815_150541_6643db,2021-11-25,000637.SZ,100,100,65.293491,72.22952,693.6029,98
20260815_150541_6643db,2021-11-25,002588.SZ,200,200,49.592766,51.35465,352.3768,98
20260815_150541_6643db,2021-11-25,600273.SH,800,800,14.205408,17.80884,2882.7456,98
20260815_150541_6643db,2021-11-25,600467.SH,500,500,23.684004,24.5619,438.948,98
20260815_150541_6643db,2021-11-25,002097.SZ,300,300,39.674361,43.20036,1057.7997,98
20260815_150541_6643db,2021-11-26,000543.SZ,700,700,17.739271,17.71712,-15.5057,99
20260815_150541_6643db,2021-11-26,002948.SZ,2200,2200,5.544684,5.23752,-675.7608,99
20260815_150541_6643db,2021-11-26,603829.SH,1100,1100,10.673468,13.041,2604.2852,99
20260815_150541_6643db,2021-11-26,000637.SZ,100,100,65.293491,72.57184,727.8349,99
20260815_150541_6643db,2021-11-26,002588.SZ,200,200,49.592766,51.8346,448.3668,99
20260815_150541_6643db,2021-11-26,600273.SH,800,800,14.205408,18.15264,3157.7856,99
20260815_150541_6643db,2021-11-26,600467.SH,500,500,23.684004,24.37996,347.978,99
20260815_150541_6643db,2021-11-26,002097.SZ,300,300,39.674361,44.27792,1381.0677,99
20260815_150541_6643db,2021-11-29,000543.SZ,700,700,17.739271,18.18832,314.3343,100
20260815_150541_6643db,2021-11-29,002948.SZ,2200,2200,5.544684,5.27088,-602.3688,100
20260815_150541_6643db,2021-11-29,603829.SH,1100,1100,10.673468,12.67875,2205.8102,100
20260815_150541_6643db,2021-11-29,000637.SZ,100,100,65.293491,71.20256,590.9069,100
20260815_150541_6643db,2021-11-29,002588.SZ,200,200,49.592766,51.06668,294.7828,100
20260815_150541_6643db,2021-11-29,600273.SH,800,800,14.205408,18.25578,3240.2976,100
20260815_150541_6643db,2021-11-29,600467.SH,500,500,23.684004,24.37996,347.978,100
20260815_150541_6643db,2021-11-29,002097.SZ,300,300,39.674361,43.64118,1190.0457,100
20260815_150541_6643db,2021-11-30,000543.SZ,700,700,17.739271,18.04696,215.3823,101
20260815_150541_6643db,2021-11-30,002948.SZ,2200,2200,5.544684,5.27088,-602.3688,101
20260815_150541_6643db,2021-11-30,603829.SH,1100,1100,10.673468,13.03065,2592.9002,101
20260815_150541_6643db,2021-11-30,000637.SZ,100,100,65.293491,73.08532,779.1829,101
20260815_150541_6643db,2021-11-30,002588.SZ,200,200,49.592766,52.41054,563.5548,101
20260815_150541_6643db,2021-11-30,600273.SH,800,800,14.205408,19.18404,3982.9056,101
20260815_150541_6643db,2021-11-30,600467.SH,500,500,23.684004,24.37996,347.978,101
20260815_150541_6643db,2021-11-30,002097.SZ,300,300,39.674361,45.84528,1851.2757,101
20260815_150541_6643db,2021-12-01,000543.SZ,700,700,17.739271,18.18832,314.3343,102
20260815_150541_6643db,2021-12-01,002948.SZ,2200,2200,5.544684,5.32648,-480.0488,102
20260815_150541_6643db,2021-12-01,603829.SH,1100,1100,10.673468,13.44465,3048.3002,102
20260815_150541_6643db,2021-12-01,000637.SZ,100,100,65.293491,73.94112,864.7629,102
20260815_150541_6643db,2021-12-01,002588.SZ,200,200,49.592766,53.27445,736.3368,102
20260815_150541_6643db,2021-12-01,600273.SH,800,800,14.205408,19.26999,4051.6656,102
20260815_150541_6643db,2021-12-01,600467.SH,500,500,23.684004,24.74384,529.918,102
20260815_150541_6643db,2021-12-01,002097.SZ,300,300,39.674361,47.90244,2468.4237,102
20260815_150541_6643db,2021-12-02,000543.SZ,700,700,17.739271,18.09408,248.3663,103
20260815_150541_6643db,2021-12-02,002948.SZ,2200,2200,5.544684,5.31536,-504.5128,103
20260815_150541_6643db,2021-12-02,603829.SH,1100,1100,10.673468,12.8133,2353.8152,103
20260815_150541_6643db,2021-12-02,000637.SZ,100,100,65.293491,73.76996,847.6469,103
20260815_150541_6643db,2021-12-02,002588.SZ,200,200,49.592766,52.7945,640.3468,103
20260815_150541_6643db,2021-12-02,600273.SH,800,800,14.205408,19.16685,3969.1536,103
20260815_150541_6643db,2021-12-02,600467.SH,500,500,23.684004,24.47093,393.463,103
20260815_150541_6643db,2021-12-02,002097.SZ,300,300,39.674361,46.48202,2042.2977,103
20260815_150541_6643db,2021-12-03,000543.SZ,700,700,17.739271,18.65952,644.1743,104
20260815_150541_6643db,2021-12-03,002948.SZ,2200,2200,5.544684,5.34872,-431.1208,104
20260815_150541_6643db,2021-12-03,603829.SH,1100,1100,10.673468,12.7926,2331.0452,104
20260815_150541_6643db,2021-12-03,000637.SZ,100,100,65.293491,73.76996,847.6469,104
20260815_150541_6643db,2021-12-03,002588.SZ,200,200,49.592766,52.98648,678.7428,104
20260815_150541_6643db,2021-12-03,600273.SH,800,800,14.205408,19.23561,4024.1616,104
20260815_150541_6643db,2021-12-03,600467.SH,500,500,23.684004,24.65287,484.433,104
20260815_150541_6643db,2021-12-03,002097.SZ,300,300,39.674361,46.62896,2086.3797,104
20260815_150541_6643db,2021-12-06,000543.SZ,700,700,17.739271,18.51816,545.2223,105
20260815_150541_6643db,2021-12-06,002948.SZ,2200,2200,5.544684,5.38208,-357.7288,105
20260815_150541_6643db,2021-12-06,603829.SH,1100,1100,10.673468,12.2751,1761.7952,105
20260815_150541_6643db,2021-12-06,000637.SZ,100,100,65.293491,72.743,744.9509,105
20260815_150541_6643db,2021-12-06,002588.SZ,200,200,49.592766,52.60252,601.9508,105
20260815_150541_6643db,2021-12-06,600273.SH,800,800,14.205408,19.21842,4010.4096,105
20260815_150541_6643db,2021-12-06,600467.SH,500,500,23.684004,24.10705,211.523,105
20260815_150541_6643db,2021-12-06,002097.SZ,300,300,39.674361,45.35548,1704.3357,105
20260815_150541_6643db,2021-12-07,000543.SZ,700,700,17.739271,18.848,776.1103,106
20260815_150541_6643db,2021-12-07,002948.SZ,2200,2200,5.544684,5.37096,-382.1928,106
20260815_150541_6643db,2021-12-07,603829.SH,1100,1100,10.673468,12.14055,1613.7902,106
20260815_150541_6643db,2021-12-07,000637.SZ,100,100,65.293491,72.22952,693.6029,106
20260815_150541_6643db,2021-12-07,002588.SZ,200,200,49.592766,52.31455,544.3568,106
20260815_150541_6643db,2021-12-07,600273.SH,800,800,14.205408,18.7371,3625.3536,106
20260815_150541_6643db,2021-12-07,600467.SH,500,500,23.684004,24.01608,166.038,106
20260815_150541_6643db,2021-12-07,002097.SZ,300,300,39.674361,45.15956,1645.5597,106
20260815_150541_6643db,2021-12-08,000543.SZ,700,700,17.739271,18.848,776.1103,107
20260815_150541_6643db,2021-12-08,002948.SZ,2200,2200,5.544684,5.35984,-406.6568,107
20260815_150541_6643db,2021-12-08,603829.SH,1100,1100,10.673468,12.26475,1750.4102,107
20260815_150541_6643db,2021-12-08,000637.SZ,100,100,65.293491,72.40068,710.7189,107
20260815_150541_6643db,2021-12-08,002588.SZ,200,200,49.592766,52.60252,601.9508,107
20260815_150541_6643db,2021-12-08,600273.SH,800,800,14.205408,18.65115,3556.5936,107
20260815_150541_6643db,2021-12-08,600467.SH,500,500,23.684004,24.10705,211.523,107
20260815_150541_6643db,2021-12-08,002097.SZ,300,300,39.674361,46.97182,2189.2377,107
20260815_150541_6643db,2021-12-09,000543.SZ,700,700,17.739271,19.0836,941.0303,108
20260815_150541_6643db,2021-12-09,002948.SZ,2200,2200,5.544684,5.40432,-308.8008,108
20260815_150541_6643db,2021-12-09,603829.SH,1100,1100,10.673468,12.213,1693.4852,108
20260815_150541_6643db,2021-12-09,000637.SZ,100,100,65.293491,72.91416,762.0669,108
20260815_150541_6643db,2021-12-09,002588.SZ,200,200,49.592766,53.08247,697.9408,108
20260815_150541_6643db,2021-12-09,600273.SH,800,800,14.205408,18.32454,3295.3056,108
20260815_150541_6643db,2021-12-09,600467.SH,500,500,23.684004,24.28899,302.493,108
20260815_150541_6643db,2021-12-09,002097.SZ,300,300,39.674361,51.6739,3599.8617,108
20260815_150541_6643db,2021-12-10,000543.SZ,700,700,17.739271,18.94224,842.0783,109
20260815_150541_6643db,2021-12-10,002948.SZ,2200,2200,5.544684,5.34872,-431.1208,109
20260815_150541_6643db,2021-12-10,603829.SH,1100,1100,10.673468,12.14055,1613.7902,109
20260815_150541_6643db,2021-12-10,000637.SZ,100,100,65.293491,72.743,744.9509,109
20260815_150541_6643db,2021-12-10,002588.SZ,200,200,49.592766,53.65841,813.1288,109
20260815_150541_6643db,2021-12-10,600273.SH,800,800,14.205408,18.42768,3377.8176,109
20260815_150541_6643db,2021-12-10,600467.SH,500,500,23.684004,24.19802,257.008,109
20260815_150541_6643db,2021-12-10,002097.SZ,300,300,39.674361,49.81266,3041.4897,109
20260815_150541_6643db,2021-12-13,000543.SZ,700,700,17.739271,19.17784,1006.9983,110
20260815_150541_6643db,2021-12-13,002948.SZ,2200,2200,5.544684,5.31536,-504.5128,110
20260815_150541_6643db,2021-12-13,603829.SH,1100,1100,10.673468,12.0681,1534.0952,110
20260815_150541_6643db,2021-12-13,000637.SZ,100,100,65.293491,73.08532,779.1829,110
20260815_150541_6643db,2021-12-13,002588.SZ,200,200,49.592766,53.65841,813.1288,110
20260815_150541_6643db,2021-12-13,600273.SH,800,800,14.205408,18.3933,3350.3136,110
20260815_150541_6643db,2021-12-13,600467.SH,500,500,23.684004,24.47093,393.463,110
20260815_150541_6643db,2021-12-13,002097.SZ,300,300,39.674361,49.32286,2894.5497,110
20260815_150541_6643db,2021-12-14,000543.SZ,700,700,17.739271,20.63856,2029.5023,111
20260815_150541_6643db,2021-12-14,002948.SZ,2200,2200,5.544684,5.23752,-675.7608,111
20260815_150541_6643db,2021-12-14,603829.SH,1100,1100,10.673468,12.45105,1955.3402,111
20260815_150541_6643db,2021-12-14,000637.SZ,100,100,65.293491,73.76996,847.6469,111
20260815_150541_6643db,2021-12-14,002588.SZ,200,200,49.592766,53.17846,717.1388,111
20260815_150541_6643db,2021-12-14,600273.SH,800,800,14.205408,18.03231,3061.5216,111
20260815_150541_6643db,2021-12-14,600467.SH,500,500,23.684004,24.74384,529.918,111
20260815_150541_6643db,2021-12-14,002097.SZ,300,300,39.674361,49.81266,3041.4897,111
20260815_150541_6643db,2021-12-15,000543.SZ,700,700,17.739271,21.95792,2953.0543,112
20260815_150541_6643db,2021-12-15,002948.SZ,2200,2200,5.544684,5.24864,-651.2968,112
20260815_150541_6643db,2021-12-15,603829.SH,1100,1100,10.673468,12.36825,1864.2602,112
20260815_150541_6643db,2021-12-15,000637.SZ,100,100,65.293491,73.76996,847.6469,112
20260815_150541_6643db,2021-12-15,002588.SZ,200,200,49.592766,53.85039,851.5248,112
20260815_150541_6643db,2021-12-15,600273.SH,800,800,14.205408,18.11826,3130.2816,112
20260815_150541_6643db,2021-12-15,600467.SH,500,500,23.684004,24.65287,484.433,112
20260815_150541_6643db,2021-12-15,002097.SZ,300,300,39.674361,48.4902,2644.7517,112
20260815_150541_6643db,2021-12-16,000543.SZ,700,700,17.739271,22.09928,3052.0063,113
20260815_150541_6643db,2021-12-16,002948.SZ,2200,2200,5.544684,5.24864,-651.2968,113
20260815_150541_6643db,2021-12-16,603829.SH,1100,1100,10.673468,12.55455,2069.1902,113
20260815_150541_6643db,2021-12-16,000637.SZ,100,100,65.293491,75.65272,1035.9229,113
20260815_150541_6643db,2021-12-16,002588.SZ,200,200,49.592766,54.81029,1043.5048,113
20260815_150541_6643db,2021-12-16,600273.SH,800,800,14.205408,18.89181,3749.1216,113
20260815_150541_6643db,2021-12-16,600467.SH,500,500,23.684004,24.74384,529.918,113
20260815_150541_6643db,2021-12-16,002097.SZ,300,300,39.674361,48.83306,2747.6097,113
20260815_150541_6643db,2021-12-17,000543.SZ,700,700,17.739271,22.382,3249.9103,114
20260815_150541_6643db,2021-12-17,002948.SZ,2200,2200,5.544684,5.21528,-724.6888,114
20260815_150541_6643db,2021-12-17,603829.SH,1100,1100,10.673468,12.6477,2171.6552,114
20260815_150541_6643db,2021-12-17,000637.SZ,100,100,65.293491,76.50852,1121.5029,114
20260815_150541_6643db,2021-12-17,002588.SZ,200,200,49.592766,55.00227,1081.9008,114
20260815_150541_6643db,2021-12-17,600273.SH,800,800,14.205408,18.53082,3460.3296,114
20260815_150541_6643db,2021-12-17,600467.SH,500,500,23.684004,24.65287,484.433,114
20260815_150541_6643db,2021-12-17,002097.SZ,300,300,39.674361,49.12694,2835.7737,114
20260815_150541_6643db,2021-12-20,000543.SZ,700,700,17.739271,21.62808,2722.1663,115
20260815_150541_6643db,2021-12-20,002948.SZ,2200,2200,5.544684,5.20416,-749.1528,115
20260815_150541_6643db,2021-12-20,603829.SH,1100,1100,10.673468,12.82365,2365.2002,115
20260815_150541_6643db,2021-12-20,000637.SZ,100,100,65.293491,78.90476,1361.1269,115
20260815_150541_6643db,2021-12-20,002588.SZ,200,200,49.592766,54.04237,889.9208,115
20260815_150541_6643db,2021-12-20,600273.SH,800,800,14.205408,18.23859,3226.5456,115
20260815_150541_6643db,2021-12-20,600467.SH,500,500,23.684004,25.01675,666.373,115
20260815_150541_6643db,2021-12-20,002097.SZ,300,300,39.674361,47.65754,2394.9537,115
20260815_150541_6643db,2021-12-21,000543.SZ,700,700,17.739271,21.53384,2656.1983,116
20260815_150541_6643db,2021-12-21,002948.SZ,2200,2200,5.544684,5.30424,-528.9768,116
20260815_150541_6643db,2021-12-21,603829.SH,1100,1100,10.673468,12.5856,2103.3452,116
20260815_150541_6643db,2021-12-21,000637.SZ,100,100,65.293491,79.5894,1429.5909,116
20260815_150541_6643db,2021-12-21,002588.SZ,200,200,49.592766,55.19425,1120.2968,116
20260815_150541_6643db,2021-12-21,600273.SH,800,800,14.205408,18.10107,3116.5296,116
20260815_150541_6643db,2021-12-21,600467.SH,500,500,23.684004,26.01742,1166.708,116
20260815_150541_6643db,2021-12-21,002097.SZ,300,300,39.674361,47.80448,2439.0357,116
20260815_150541_6643db,2021-12-22,000543.SZ,700,700,17.739271,22.28776,3183.9423,117
20260815_150541_6643db,2021-12-22,002948.SZ,2200,2200,5.544684,5.25976,-626.8328,117
20260815_150541_6643db,2021-12-22,603829.SH,1100,1100,10.673468,12.80295,2342.4302,117
20260815_150541_6643db,2021-12-22,000637.SZ,100,100,65.293491,81.98564,1669.2149,117
20260815_150541_6643db,2021-12-22,002588.SZ,200,200,49.592766,57.594,1600.2468,117
20260815_150541_6643db,2021-12-22,600273.SH,800,800,14.205408,18.71991,3611.6016,117
20260815_150541_6643db,2021-12-22,600467.SH,500,500,23.684004,25.83548,1075.738,117
20260815_150541_6643db,2021-12-22,002097.SZ,300,300,39.674361,47.80448,2439.0357,117
20260815_150541_6643db,2021-12-23,000543.SZ,700,700,17.739271,24.5024,4734.1903,118
20260815_150541_6643db,2021-12-23,002948.SZ,2200,2200,5.544684,5.25976,-626.8328,118
20260815_150541_6643db,2021-12-23,603829.SH,1100,1100,10.673468,12.47175,1978.1102,118
20260815_150541_6643db,2021-12-23,000637.SZ,100,100,65.293491,81.47216,1617.8669,118
20260815_150541_6643db,2021-12-23,002588.SZ,200,200,49.592766,56.92207,1465.8608,118
20260815_150541_6643db,2021-12-23,600273.SH,800,800,14.205408,19.35594,4120.4256,118
20260815_150541_6643db,2021-12-23,600467.SH,500,500,23.684004,25.74451,1030.253,118
20260815_150541_6643db,2021-12-23,002097.SZ,300,300,39.674361,46.87386,2159.8497,118
20260815_150541_6643db,2021-12-24,000543.SZ,700,700,17.739271,26.05736,5822.6623,119
20260815_150541_6643db,2021-12-24,002948.SZ,2200,2200,5.544684,5.24864,-651.2968,119
20260815_150541_6643db,2021-12-24,603829.SH,1100,1100,10.673468,12.45105,1955.3402,119
20260815_150541_6643db,2021-12-24,000637.SZ,100,100,65.293491,79.93172,1463.8229,119
20260815_150541_6643db,2021-12-24,002588.SZ,200,200,49.592766,57.30603,1542.6528,119
20260815_150541_6643db,2021-12-24,600273.SH,800,800,14.205408,18.89181,3749.1216,119
20260815_150541_6643db,2021-12-24,600467.SH,500,500,23.684004,25.19869,757.343,119
20260815_150541_6643db,2021-12-24,002097.SZ,300,300,39.674361,45.45344,1733.7237,119
20260815_150541_6643db,2021-12-27,000543.SZ,700,700,17.739271,25.2092,5228.9503,120
20260815_150541_6643db,2021-12-27,002948.SZ,2200,2200,5.544684,5.2264,-700.2248,120
20260815_150541_6643db,2021-12-27,603829.SH,1100,1100,10.673468,12.3579,1852.8752,120
20260815_150541_6643db,2021-12-27,000637.SZ,100,100,65.293491,79.07592,1378.2429,120
20260815_150541_6643db,2021-12-27,002588.SZ,200,200,49.592766,58.36192,1753.8308,120
20260815_150541_6643db,2021-12-27,600273.SH,800,800,14.205408,19.16685,3969.1536,120
20260815_150541_6643db,2021-12-27,600467.SH,500,500,23.684004,25.56257,939.283,120
20260815_150541_6643db,2021-12-27,002097.SZ,300,300,39.674361,45.60038,1777.8057,120
20260815_150541_6643db,2021-12-28,000543.SZ,700,700,17.739271,24.45528,4701.2063,121
20260815_150541_6643db,2021-12-28,002948.SZ,2200,2200,5.544684,5.2264,-700.2248,121
20260815_150541_6643db,2021-12-28,603829.SH,1100,1100,10.673468,12.7512,2285.5052,121
20260815_150541_6643db,2021-12-28,000637.SZ,100,100,65.293491,78.39128,1309.7789,121
20260815_150541_6643db,2021-12-28,002588.SZ,200,200,49.592766,58.16994,1715.4348,121
20260815_150541_6643db,2021-12-28,600273.SH,800,800,14.205408,19.06371,3886.6416,121
20260815_150541_6643db,2021-12-28,600467.SH,500,500,23.684004,25.19869,757.343,121
20260815_150541_6643db,2021-12-28,002097.SZ,300,300,39.674361,47.0208,2203.9317,121
20260815_150541_6643db,2021-12-29,000543.SZ,700,700,17.739271,25.4448,5393.8703,122
20260815_150541_6643db,2021-12-29,002948.SZ,2200,2200,5.544684,5.20416,-749.1528,122
20260815_150541_6643db,2021-12-29,603829.SH,1100,1100,10.673468,12.627,2148.8852,122
20260815_150541_6643db,2021-12-29,000637.SZ,100,100,65.293491,79.93172,1463.8229,122
20260815_150541_6643db,2021-12-29,002588.SZ,200,200,49.592766,57.594,1600.2468,122
20260815_150541_6643db,2021-12-29,600273.SH,800,800,14.205408,19.39032,4147.9296,122
20260815_150541_6643db,2021-12-29,600467.SH,500,500,23.684004,25.19869,757.343,122
20260815_150541_6643db,2021-12-29,002097.SZ,300,300,39.674361,47.06978,2218.6257,122
20260815_150541_6643db,2021-12-30,000543.SZ,700,700,17.739271,27.47096,6812.1823,123
20260815_150541_6643db,2021-12-30,002948.SZ,2200,2200,5.544684,5.13744,-895.9368,123
20260815_150541_6643db,2021-12-30,603829.SH,1100,1100,10.673468,12.72015,2251.3502,123
20260815_150541_6643db,2021-12-30,000637.SZ,100,100,65.293491,81.81448,1652.0989,123
20260815_150541_6643db,2021-12-30,002588.SZ,200,200,49.592766,57.40202,1561.8508,123
20260815_150541_6643db,2021-12-30,600273.SH,800,800,14.205408,19.88883,4546.7376,123
20260815_150541_6643db,2021-12-30,600467.SH,500,500,23.684004,25.4716,893.798,123
20260815_150541_6643db,2021-12-30,002097.SZ,300,300,39.674361,46.62896,2086.3797,123
20260815_150541_6643db,2021-12-31,000543.SZ,700,700,17.739271,26.19872,5921.6143,124
20260815_150541_6643db,2021-12-31,002948.SZ,2200,2200,5.544684,5.14856,-871.4728,124
20260815_150541_6643db,2021-12-31,603829.SH,1100,1100,10.673468,12.55455,2069.1902,124
20260815_150541_6643db,2021-12-31,000637.SZ,100,100,65.293491,82.67028,1737.6789,124
20260815_150541_6643db,2021-12-31,002588.SZ,200,200,49.592766,57.11405,1504.2568,124
20260815_150541_6643db,2021-12-31,600273.SH,800,800,14.205408,19.88883,4546.7376,124
20260815_150541_6643db,2021-12-31,600467.SH,500,500,23.684004,25.92645,1121.223,124
20260815_150541_6643db,2021-12-31,002097.SZ,300,300,39.674361,47.36366,2306.7897,124
20260815_150541_6643db,2022-01-04,000543.SZ,700,700,17.739271,25.53904,5459.8383,125
20260815_150541_6643db,2022-01-04,002948.SZ,2200,2200,5.544684,5.2264,-700.2248,125
20260815_150541_6643db,2022-01-04,603829.SH,1100,1100,10.673468,12.86505,2410.7402,125
20260815_150541_6643db,2022-01-04,000637.SZ,100,100,65.293491,84.7242,1943.0709,125
20260815_150541_6643db,2022-01-04,002588.SZ,200,200,49.592766,58.45791,1773.0288,125
20260815_150541_6643db,2022-01-04,600273.SH,800,800,14.205408,19.92321,4574.2416,125
20260815_150541_6643db,2022-01-04,600467.SH,500,500,23.684004,26.83615,1576.073,125
20260815_150541_6643db,2022-01-04,002097.SZ,300,300,39.674361,47.55958,2365.5657,125
20260815_150541_6643db,2022-01-05,002948.SZ,2200,2200,5.544684,5.2264,-700.2248,126
20260815_150541_6643db,2022-01-05,000488.SZ,200,0,71.877202,71.39677,-96.0864,1
20260815_150541_6643db,2022-01-05,600757.SH,300,0,41.7722,40.85388,-275.496,1
20260815_150541_6643db,2022-01-05,601827.SH,1600,0,9.22554,9.34623,193.104,1
20260815_150541_6643db,2022-01-05,002391.SZ,300,0,47.288298,46.8236,-139.4094,1
20260815_150541_6643db,2022-01-05,002296.SZ,300,0,39.154732,38.64396,-153.2316,1
20260815_150541_6643db,2022-01-05,002067.SZ,1300,0,11.364791,11.21285,-197.5233,1
20260815_150541_6643db,2022-01-05,600216.SH,100,0,104.757049,101.97357,-278.3479,1
20260815_150541_6643db,2022-01-06,002948.SZ,2200,2200,5.544684,5.2264,-700.2248,127
20260815_150541_6643db,2022-01-06,000488.SZ,200,200,71.877202,71.98279,21.1176,2
20260815_150541_6643db,2022-01-06,600757.SH,300,300,41.7722,40.99824,-232.188,2
20260815_150541_6643db,2022-01-06,601827.SH,1600,1600,9.22554,9.56997,551.088,2
20260815_150541_6643db,2022-01-06,002391.SZ,300,300,47.288298,47.11335,-52.4844,2
20260815_150541_6643db,2022-01-06,002296.SZ,300,300,39.154732,38.64396,-153.2316,2
20260815_150541_6643db,2022-01-06,002067.SZ,1300,1300,11.364791,11.43325,88.9967,2
20260815_150541_6643db,2022-01-06,600216.SH,100,100,104.757049,103.39244,-136.4609,2
20260815_150541_6643db,2022-01-07,002948.SZ,2200,2200,5.544684,5.2264,-700.2248,128
20260815_150541_6643db,2022-01-07,000488.SZ,200,200,71.877202,72.17813,60.1856,3
20260815_150541_6643db,2022-01-07,600757.SH,300,300,41.7722,41.07042,-210.534,3
20260815_150541_6643db,2022-01-07,601827.SH,1600,1600,9.22554,9.42759,323.28,3
20260815_150541_6643db,2022-01-07,002391.SZ,300,300,47.288298,46.4759,-243.7194,3
20260815_150541_6643db,2022-01-07,002296.SZ,300,300,39.154732,38.28472,-261.0036,3
20260815_150541_6643db,2022-01-07,002067.SZ,1300,1300,11.364791,11.2404,-161.7083,3
20260815_150541_6643db,2022-01-07,600216.SH,100,100,104.757049,103.20737,-154.9679,3
20260815_150541_6643db,2022-01-10,002948.SZ,2200,2200,5.544684,5.2264,-700.2248,129
20260815_150541_6643db,2022-01-10,000488.SZ,200,200,71.877202,73.05716,235.9916,4
20260815_150541_6643db,2022-01-10,600757.SH,300,300,41.7722,41.43132,-102.264,4
20260815_150541_6643db,2022-01-10,601827.SH,1600,1600,9.22554,9.44793,355.824,4
20260815_150541_6643db,2022-01-10,002391.SZ,300,300,47.288298,47.0554,-69.8694,4
20260815_150541_6643db,2022-01-10,002296.SZ,300,300,39.154732,39.20848,16.1244,4
20260815_150541_6643db,2022-01-10,002067.SZ,1300,1300,11.364791,11.43325,88.9967,4
20260815_150541_6643db,2022-01-10,600216.SH,100,100,104.757049,104.00934,-74.7709,4
20260815_150541_6643db,2022-01-11,002948.SZ,2200,2200,5.544684,5.2264,-700.2248,130
20260815_150541_6643db,2022-01-11,000488.SZ,200,200,71.877202,72.56881,138.3216,5
20260815_150541_6643db,2022-01-11,600757.SH,300,300,41.7722,41.1426,-188.88,5
20260815_150541_6643db,2022-01-11,601827.SH,1600,1600,9.22554,9.41742,307.008,5
20260815_150541_6643db,2022-01-11,002391.SZ,300,300,47.288298,47.69285,121.3656,5
20260815_150541_6643db,2022-01-11,002296.SZ,300,300,39.154732,39.0032,-45.4596,5
20260815_150541_6643db,2022-01-11,002067.SZ,1300,1300,11.364791,11.3506,-18.4483,5
20260815_150541_6643db,2022-01-11,600216.SH,100,100,104.757049,104.50286,-25.4189,5
20260815_150541_6643db,2022-01-12,002948.SZ,2200,2200,5.544684,5.2264,-700.2248,131
20260815_150541_6643db,2022-01-12,000488.SZ,200,200,71.877202,72.2758,79.7196,6
20260815_150541_6643db,2022-01-12,600757.SH,300,300,41.7722,41.21478,-167.226,6
20260815_150541_6643db,2022-01-12,601827.SH,1600,1600,9.22554,9.42759,323.28,6
20260815_150541_6643db,2022-01-12,002391.SZ,300,300,47.288298,47.7508,138.7506,6
20260815_150541_6643db,2022-01-12,002296.SZ,300,300,39.154732,39.31112,46.9164,6
20260815_150541_6643db,2022-01-12,002067.SZ,1300,1300,11.364791,11.3506,-18.4483,6
20260815_150541_6643db,2022-01-12,600216.SH,100,100,104.757049,105.30483,54.7781,6
20260815_150541_6643db,2022-01-13,002948.SZ,2200,2200,5.544684,5.37004,-384.2168,132
20260815_150541_6643db,2022-01-13,000488.SZ,200,200,71.877202,71.49444,-76.5524,7
20260815_150541_6643db,2022-01-13,600757.SH,300,300,41.7722,41.8644,27.66,7
20260815_150541_6643db,2022-01-13,601827.SH,1600,1600,9.22554,9.23436,14.112,7
20260815_150541_6643db,2022-01-13,002391.SZ,300,300,47.288298,47.22925,-17.7144,7
20260815_150541_6643db,2022-01-13,002296.SZ,300,300,39.154732,39.10584,-14.6676,7
20260815_150541_6643db,2022-01-13,002067.SZ,1300,1300,11.364791,11.3506,-18.4483,7
20260815_150541_6643db,2022-01-13,600216.SH,100,100,104.757049,102.52878,-222.8269,7
20260815_150541_6643db,2022-01-14,002948.SZ,2200,2200,5.544684,5.31024,-515.7768,133
20260815_150541_6643db,2022-01-14,000488.SZ,200,200,71.877202,70.3224,-310.9604,8
20260815_150541_6643db,2022-01-14,600757.SH,300,300,41.7722,40.7817,-297.15,8
20260815_150541_6643db,2022-01-14,601827.SH,1600,1600,9.22554,9.11232,-181.152,8
20260815_150541_6643db,2022-01-14,002391.SZ,300,300,47.288298,47.1713,-35.0994,8
20260815_150541_6643db,2022-01-14,002296.SZ,300,300,39.154732,38.33604,-245.6076,8
20260815_150541_6643db,2022-01-14,002067.SZ,1300,1300,11.364791,11.02,-448.2283,8
20260815_150541_6643db,2022-01-14,600216.SH,100,100,104.757049,106.35356,159.6511,8
20260815_150541_6643db,2022-01-17,002948.SZ,2200,2200,5.544684,5.19064,-778.8968,134
20260815_150541_6643db,2022-01-17,000488.SZ,200,200,71.877202,71.00609,-174.2224,9
20260815_150541_6643db,2022-01-17,600757.SH,300,300,41.7722,41.64786,-37.302,9
20260815_150541_6643db,2022-01-17,601827.SH,1600,1600,9.22554,9.14283,-132.336,9
20260815_150541_6643db,2022-01-17,002391.SZ,300,300,47.288298,46.76565,-156.7944,9
20260815_150541_6643db,2022-01-17,002296.SZ,300,300,39.154732,39.41376,77.7084,9
20260815_150541_6643db,2022-01-17,002067.SZ,1300,1300,11.364791,11.10265,-340.7833,9
20260815_150541_6643db,2022-01-17,600216.SH,100,100,104.757049,107.77243,301.5381,9
20260815_150541_6643db,2022-01-18,002948.SZ,2200,2200,5.544684,5.22652,-699.9608,135
20260815_150541_6643db,2022-01-18,000488.SZ,200,200,71.877202,71.20143,-135.1544,10
20260815_150541_6643db,2022-01-18,600757.SH,300,300,41.7722,41.07042,-210.534,10
20260815_150541_6643db,2022-01-18,601827.SH,1600,1600,9.22554,9.10215,-197.424,10
20260815_150541_6643db,2022-01-18,002391.SZ,300,300,47.288298,46.53385,-226.3344,10
20260815_150541_6643db,2022-01-18,002296.SZ,300,300,39.154732,38.84924,-91.6476,10
20260815_150541_6643db,2022-01-18,002067.SZ,1300,1300,11.364791,11.04755,-412.4133,10
20260815_150541_6643db,2022-01-18,600216.SH,100,100,104.757049,104.31779,-43.9259,10
20260815_150541_6643db,2022-01-19,002948.SZ,2200,2200,5.544684,5.33416,-463.1528,136
20260815_150541_6643db,2022-01-19,000488.SZ,200,200,71.877202,71.2991,-115.6204,11
20260815_150541_6643db,2022-01-19,600757.SH,300,300,41.7722,41.64786,-37.302,11
20260815_150541_6643db,2022-01-19,601827.SH,1600,1600,9.22554,9.0513,-278.784,11
20260815_150541_6643db,2022-01-19,002391.SZ,300,300,47.288298,45.6646,-487.1094,11
20260815_150541_6643db,2022-01-19,002296.SZ,300,300,39.154732,39.5164,108.5004,11
20260815_150541_6643db,2022-01-19,002067.SZ,1300,1300,11.364791,11.0751,-376.5983,11
20260815_150541_6643db,2022-01-19,600216.SH,100,100,104.757049,100.67808,-407.8969,11
20260815_150541_6643db,2022-01-20,002948.SZ,2200,2200,5.544684,5.3222,-489.4648,137
20260815_150541_6643db,2022-01-20,000488.SZ,200,200,71.877202,70.90842,-193.7564,12
20260815_150541_6643db,2022-01-20,600757.SH,300,300,41.7722,40.70952,-318.804,12
20260815_150541_6643db,2022-01-20,601827.SH,1600,1600,9.22554,8.95977,-425.232,12
20260815_150541_6643db,2022-01-20,002391.SZ,300,300,47.288298,44.5056,-834.8094,12
20260815_150541_6643db,2022-01-20,002296.SZ,300,300,39.154732,38.49,-199.4196,12
20260815_150541_6643db,2022-01-20,002067.SZ,1300,1300,11.364791,10.82715,-698.9333,12
20260815_150541_6643db,2022-01-20,600216.SH,100,100,104.757049,99.87611,-488.0939,12
20260815_150541_6643db,2022-01-21,002948.SZ,2200,2200,5.544684,5.16672,-831.5208,138
20260815_150541_6643db,2022-01-21,000488.SZ,200,200,71.877202,70.42007,-291.4264,13
20260815_150541_6643db,2022-01-21,600757.SH,300,300,41.7722,40.92606,-253.842,13
20260815_150541_6643db,2022-01-21,601827.SH,1600,1600,9.22554,8.87841,-555.408,13
20260815_150541_6643db,2022-01-21,002391.SZ,300,300,47.288298,44.21585,-921.7344,13
20260815_150541_6643db,2022-01-21,002296.SZ,300,300,39.154732,38.07944,-322.5876,13
20260815_150541_6643db,2022-01-21,002067.SZ,1300,1300,11.364791,10.71695,-842.1933,13
20260815_150541_6643db,2022-01-21,600216.SH,100,100,104.757049,97.03837,-771.8679,13
20260815_150541_6643db,2022-01-24,002948.SZ,2200,2200,5.544684,5.0232,-1147.2648,139
20260815_150541_6643db,2022-01-24,000488.SZ,200,200,71.877202,69.93172,-389.0964,14
20260815_150541_6643db,2022-01-24,600757.SH,300,300,41.7722,39.699,-621.96,14
20260815_150541_6643db,2022-01-24,601827.SH,1600,1600,9.22554,8.99028,-376.416,14
20260815_150541_6643db,2022-01-24,002391.SZ,300,300,47.288298,43.86815,-1026.0444,14
20260815_150541_6643db,2022-01-24,002296.SZ,300,300,39.154732,37.41228,-522.7356,14
20260815_150541_6643db,2022-01-24,002067.SZ,1300,1300,11.364791,10.6894,-878.0083,14
20260815_150541_6643db,2022-01-24,600216.SH,100,100,104.757049,95.18767,-956.9379,14
20260815_150541_6643db,2022-01-25,000488.SZ,200,200,71.877202,67.58764,-857.9124,15
20260815_150541_6643db,2022-01-25,600757.SH,400,300,41.284376,37.67796,-1442.5664,15
20260815_150541_6643db,2022-01-25,601827.SH,2100,1600,9.169777,8.81739,-740.0127,15
20260815_150541_6643db,2022-01-25,002391.SZ,400,300,46.432467,42.82505,-1442.9668,15
20260815_150541_6643db,2022-01-25,002296.SZ,500,300,38.455907,35.6674,-1394.2535,15
20260815_150541_6643db,2022-01-25,002067.SZ,1700,1300,11.20253,10.27615,-1574.846,15
20260815_150541_6643db,2022-01-26,000488.SZ,400,200,70.068048,67.78298,-914.0272,16
20260815_150541_6643db,2022-01-26,601827.SH,3100,2100,9.05309,8.7462,-951.359,16
20260815_150541_6643db,2022-01-26,002391.SZ,600,400,45.189819,42.9989,-1314.5514,16
20260815_150541_6643db,2022-01-26,002296.SZ,700,500,37.671932,35.924,-1223.5524,16
20260815_150541_6643db,2022-01-27,000488.SZ,400,400,70.068048,65.24356,-1929.7952,17
20260815_150541_6643db,2022-01-27,601827.SH,3100,3100,9.05309,8.53263,-1613.426,17
20260815_150541_6643db,2022-01-27,002391.SZ,600,600,45.189819,42.3035,-1731.7914,17
20260815_150541_6643db,2022-01-27,002296.SZ,700,700,37.671932,35.05156,-1834.2604,17
20260815_150541_6643db,2022-01-28,000488.SZ,400,400,70.068048,65.4389,-1851.6592,18
20260815_150541_6643db,2022-01-28,601827.SH,3100,3100,9.05309,8.6445,-1266.629,18
20260815_150541_6643db,2022-01-28,002391.SZ,600,600,45.189819,42.82505,-1418.8614,18
20260815_150541_6643db,2022-01-28,002296.SZ,700,700,37.671932,36.9504,-505.0724,18
20260815_150541_6643db,2022-02-07,000488.SZ,400,400,70.068048,67.3923,-1070.2992,19
20260815_150541_6643db,2022-02-07,601827.SH,3100,3100,9.05309,8.77671,-856.778,19
20260815_150541_6643db,2022-02-07,002391.SZ,600,600,45.189819,43.3466,-1105.9314,19
20260815_150541_6643db,2022-02-07,002296.SZ,700,700,37.671932,36.9504,-505.0724,19
20260815_150541_6643db,2022-02-08,000488.SZ,400,400,70.068048,68.66201,-562.4152,20
20260815_150541_6643db,2022-02-08,601827.SH,3100,3100,9.05309,8.88858,-509.981,20
20260815_150541_6643db,2022-02-08,002391.SZ,600,600,45.189819,43.8102,-827.7714,20
20260815_150541_6643db,2022-02-08,002296.SZ,700,700,37.671932,37.77152,69.7116,20
20260815_150541_6643db,2022-02-09,000488.SZ,400,400,70.068048,69.05269,-406.1432,21
20260815_150541_6643db,2022-02-09,601827.SH,3100,3100,9.05309,8.92926,-383.873,21
20260815_150541_6643db,2022-02-09,002391.SZ,600,600,45.189819,44.33175,-514.8414,21
20260815_150541_6643db,2022-02-09,002296.SZ,700,700,37.671932,38.59264,644.4956,21
20260815_150541_6643db,2022-02-10,000488.SZ,400,400,70.068048,69.3457,-288.9392,22
20260815_150541_6643db,2022-02-10,601827.SH,3100,3100,9.05309,9.5598,1570.801,22
20260815_150541_6643db,2022-02-10,002391.SZ,600,600,45.189819,44.21585,-584.3814,22
20260815_150541_6643db,2022-02-10,002296.SZ,700,700,37.671932,39.05452,967.8116,22
20260815_150541_6643db,2022-02-11,000488.SZ,400,400,70.068048,68.95502,-445.2112,23
20260815_150541_6643db,2022-02-11,601827.SH,3100,3100,9.05309,9.38691,1034.842,23
20260815_150541_6643db,2022-02-11,002391.SZ,600,600,45.189819,43.98405,-723.4614,23
20260815_150541_6643db,2022-02-11,002296.SZ,700,700,37.671932,38.38736,500.7996,23
20260815_150541_6643db,2022-02-14,000488.SZ,400,400,70.068048,68.07599,-796.8232,24
20260815_150541_6643db,2022-02-14,601827.SH,3100,3100,9.05309,9.22419,530.41,24
20260815_150541_6643db,2022-02-14,002391.SZ,600,600,45.189819,43.52045,-1001.6214,24
20260815_150541_6643db,2022-02-14,002296.SZ,700,700,37.671932,38.7466,752.2676,24
20260815_150541_6643db,2022-02-15,000488.SZ,400,400,70.068048,67.19696,-1148.4352,25
20260815_150541_6643db,2022-02-15,601827.SH,3100,3100,9.05309,9.23436,561.937,25
20260815_150541_6643db,2022-02-15,002391.SZ,600,600,45.189819,43.4625,-1036.3914,25
20260815_150541_6643db,2022-02-15,002296.SZ,700,700,37.671932,39.10584,1003.7356,25
20260815_150541_6643db,2022-02-16,000488.SZ,400,400,70.068048,67.48997,-1031.2312,26
20260815_150541_6643db,2022-02-16,601827.SH,3100,3100,9.05309,9.23436,561.937,26
20260815_150541_6643db,2022-02-16,002391.SZ,600,600,45.189819,45.02715,-97.6014,26
20260815_150541_6643db,2022-02-16,002296.SZ,700,700,37.671932,39.15716,1039.6596,26
20260815_150541_6643db,2022-02-17,000488.SZ,400,400,70.068048,67.29463,-1109.3672,27
20260815_150541_6643db,2022-02-17,601827.SH,3100,3100,9.05309,9.31572,814.153,27
20260815_150541_6643db,2022-02-17,002391.SZ,600,600,45.189819,45.201,6.7086,27
20260815_150541_6643db,2022-02-17,002296.SZ,700,700,37.671932,38.84924,824.1156,27
20260815_150541_6643db,2022-02-18,000488.SZ,400,400,70.068048,68.17366,-757.7552,28
20260815_150541_6643db,2022-02-18,601827.SH,3100,3100,9.05309,9.34623,908.734,28
20260815_150541_6643db,2022-02-18,002391.SZ,600,600,45.189819,45.49075,180.5586,28
20260815_150541_6643db,2022-02-18,002296.SZ,700,700,37.671932,39.773,1470.7476,28
20260815_150541_6643db,2022-02-21,000488.SZ,400,400,70.068048,68.85735,-484.2792,29
20260815_150541_6643db,2022-02-21,601827.SH,3100,3100,9.05309,9.30555,782.626,29
20260815_150541_6643db,2022-02-21,002391.SZ,600,600,45.189819,45.3169,76.2486,29
20260815_150541_6643db,2022-02-21,002296.SZ,700,700,37.671932,39.92696,1578.5196,29
20260815_150541_6643db,2022-02-22,000488.SZ,400,400,70.068048,67.68531,-953.0952,30
20260815_150541_6643db,2022-02-22,601827.SH,3100,3100,9.05309,9.24453,593.464,30
20260815_150541_6643db,2022-02-22,002391.SZ,600,600,45.189819,44.91125,-167.1414,30
20260815_150541_6643db,2022-02-22,002296.SZ,700,700,37.671932,39.41376,1219.2796,30
20260815_150541_6643db,2022-02-23,000488.SZ,400,400,70.068048,68.369,-679.6192,31
20260815_150541_6643db,2022-02-23,601827.SH,3100,3100,9.05309,9.26487,656.518,31
20260815_150541_6643db,2022-02-23,002391.SZ,600,600,45.189819,44.8533,-201.9114,31
20260815_150541_6643db,2022-02-23,002296.SZ,700,700,37.671932,39.36244,1183.3556,31
20260815_150541_6643db,2022-02-24,000488.SZ,400,400,70.068048,67.88065,-874.9592,32
20260815_150541_6643db,2022-02-24,601827.SH,3100,3100,9.05309,9.02079,-100.13,32
20260815_150541_6643db,2022-02-24,002391.SZ,600,600,45.189819,43.2307,-1175.4714,32
20260815_150541_6643db,2022-02-24,002296.SZ,700,700,37.671932,38.49,572.6476,32
20260815_150541_6643db,2022-02-25,000488.SZ,400,400,70.068048,68.46667,-640.5512,33
20260815_150541_6643db,2022-02-25,601827.SH,3100,3100,9.05309,9.13266,246.667,33
20260815_150541_6643db,2022-02-25,002391.SZ,600,600,45.189819,44.21585,-584.3814,33
20260815_150541_6643db,2022-02-25,002296.SZ,700,700,37.671932,39.46508,1255.2036,33
20260815_150541_6643db,2022-02-28,000488.SZ,400,400,70.068048,68.07599,-796.8232,34
20260815_150541_6643db,2022-02-28,601827.SH,3100,3100,9.05309,9.32589,845.68,34
20260815_150541_6643db,2022-02-28,002391.SZ,600,600,45.189819,43.52045,-1001.6214,34
20260815_150541_6643db,2022-02-28,002296.SZ,700,700,37.671932,38.90056,860.0396,34
20260815_150541_6643db,2022-03-01,000488.SZ,400,400,70.068048,67.97832,-835.8912,35
20260815_150541_6643db,2022-03-01,601827.SH,3100,3100,9.05309,9.33606,877.207,35
20260815_150541_6643db,2022-03-01,002391.SZ,600,600,45.189819,43.5784,-966.8514,35
20260815_150541_6643db,2022-03-01,002296.SZ,700,700,37.671932,40.85072,2225.1516,35
20260815_150541_6643db,2022-03-02,000488.SZ,400,400,70.068048,68.56434,-601.4832,36
20260815_150541_6643db,2022-03-02,601827.SH,3100,3100,9.05309,9.30555,782.626,36
20260815_150541_6643db,2022-03-02,002391.SZ,600,600,45.189819,43.86815,-793.0014,36
20260815_150541_6643db,2022-03-02,002296.SZ,700,700,37.671932,40.2862,1829.9876,36
20260815_150541_6643db,2022-03-03,000488.SZ,400,400,70.068048,70.61541,218.9448,37
20260815_150541_6643db,2022-03-03,601827.SH,3100,3100,9.05309,9.37674,1003.315,37
20260815_150541_6643db,2022-03-03,002391.SZ,600,600,45.189819,43.63635,-932.0814,37
20260815_150541_6643db,2022-03-03,002296.SZ,700,700,37.671932,40.90204,2261.0756,37
20260815_150541_6643db,2022-03-04,000488.SZ,400,400,70.068048,70.12706,23.6048,38
20260815_150541_6643db,2022-03-04,601827.SH,3100,3100,9.05309,9.2547,624.991,38
20260815_150541_6643db,2022-03-04,002391.SZ,600,600,45.189819,42.94095,-1349.3214,38
20260815_150541_6643db,2022-03-04,002296.SZ,700,700,37.671932,39.72168,1434.8236,38
20260815_150541_6643db,2022-03-07,000488.SZ,400,400,70.068048,70.02939,-15.4632,39
20260815_150541_6643db,2022-03-07,601827.SH,3100,3100,9.05309,9.09198,120.559,39
20260815_150541_6643db,2022-03-07,002391.SZ,600,600,45.189819,42.59325,-1557.9414,39
20260815_150541_6643db,2022-03-07,002296.SZ,700,700,37.671932,39.05452,967.8116,39
20260815_150541_6643db,2022-03-08,000488.SZ,400,400,70.068048,67.58764,-992.1632,40
20260815_150541_6643db,2022-03-08,601827.SH,3100,3100,9.05309,8.70552,-1077.467,40
20260815_150541_6643db,2022-03-08,002391.SZ,600,600,45.189819,41.55015,-2183.8014,40
20260815_150541_6643db,2022-03-08,002296.SZ,700,700,37.671932,37.92548,177.4836,40
20260815_150541_6643db,2022-03-09,000488.SZ,500,400,69.823568,67.09929,-1362.139,41
20260815_150541_6643db,2022-03-09,601827.SH,4200,3100,8.980912,8.52246,-1925.4984,41
20260815_150541_6643db,2022-03-09,002296.SZ,900,700,37.750232,37.61756,-119.4048,41
20260815_150541_6643db,2022-03-10,000488.SZ,500,500,69.823568,70.12706,151.746,42
20260815_150541_6643db,2022-03-10,601827.SH,4200,4200,8.980912,8.63433,-1455.6444,42
20260815_150541_6643db,2022-03-10,002296.SZ,900,900,37.750232,38.64396,804.3552,42
20260815_150541_6643db,2022-03-11,000488.SZ,500,500,69.823568,69.73638,-43.594,43
20260815_150541_6643db,2022-03-11,601827.SH,4200,4200,8.980912,8.65467,-1370.2164,43
20260815_150541_6643db,2022-03-11,002296.SZ,900,900,37.750232,38.79792,942.9192,43
20260815_150541_6643db,2022-03-14,000488.SZ,500,500,69.823568,67.19696,-1313.304,44
20260815_150541_6643db,2022-03-14,601827.SH,4200,4200,8.980912,8.26821,-2993.3484,44
20260815_150541_6643db,2022-03-14,002296.SZ,900,900,37.750232,37.66888,-73.2168,44
20260815_150541_6643db,2022-03-15,000488.SZ,500,500,69.823568,62.21579,-3803.889,45
20260815_150541_6643db,2022-03-15,601827.SH,4200,4200,8.980912,7.50546,-6196.8984,45
20260815_150541_6643db,2022-03-15,002296.SZ,900,900,37.750232,35.924,-1643.6088,45
20260815_150541_6643db,2022-03-16,002296.SZ,2700,900,37.076528,37.36096,767.9664,46
20260815_150541_6643db,2022-03-17,002296.SZ,2700,2700,37.076528,36.9504,-340.5456,47
20260815_150541_6643db,2022-03-18,002296.SZ,2700,2700,37.076528,37.10436,75.1464,48
20260815_150541_6643db,2022-03-21,002296.SZ,2700,2700,37.076528,36.74512,-894.8016,49
20260815_150541_6643db,2022-03-22,002296.SZ,2700,2700,37.076528,40.44016,9081.8064,50
20260815_150541_6643db,2022-03-23,002296.SZ,2700,2700,37.076528,40.5428,9358.9344,51
20260815_150541_6643db,2022-03-24,002296.SZ,2700,2700,37.076528,39.46508,6449.0904,52
20260815_150541_6643db,2022-03-25,002296.SZ,2700,2700,37.076528,39.41376,6310.5264,53
20260815_150541_6643db,2022-03-28,002296.SZ,2700,2700,37.076528,38.84924,4786.3224,54
20260815_150541_6643db,2022-03-29,002296.SZ,2700,2700,37.076528,37.56624,1322.2224,55
20260815_150541_6643db,2022-03-30,002296.SZ,2700,2700,37.076528,37.66888,1599.3504,56
20260815_150541_6643db,2022-03-31,002296.SZ,2700,2700,37.076528,38.13076,2846.4264,57
20260815_150541_6643db,2022-04-01,002296.SZ,2700,2700,37.076528,37.207,352.2744,58
20260815_150541_6643db,2022-04-06,002296.SZ,2700,2700,37.076528,38.07944,2707.8624,59
20260815_150541_6643db,2022-04-07,002296.SZ,2700,2700,37.076528,37.10436,75.1464,60
20260815_150541_6643db,2022-04-08,002296.SZ,2700,2700,37.076528,36.79644,-756.2376,61
20260815_150541_6643db,2022-04-11,002296.SZ,2700,2700,37.076528,36.23192,-2280.4416,62
20260815_150541_6643db,2022-04-12,002296.SZ,2700,2700,37.076528,37.207,352.2744,63
20260815_150541_6643db,2022-04-13,002296.SZ,2700,2700,37.076528,36.6938,-1033.3656,64
20260815_150541_6643db,2022-04-14,002296.SZ,2700,2700,37.076528,36.64248,-1171.9296,65
20260815_150541_6643db,2022-04-15,002296.SZ,2700,2700,37.076528,33.15272,-10594.2816,66
20260815_150541_6643db,2023-04-04,601077.SH,2600,0,4.322367,4.34056,47.3018,1
20260815_150541_6643db,2023-04-04,605169.SH,500,0,21.033484,20.70658,-163.452,1
20260815_150541_6643db,2023-04-04,600694.SH,100,0,102.782843,104.58825,180.5407,1
20260815_150541_6643db,2023-04-04,002661.SZ,200,0,42.418107,42.081524,-67.3166,1
20260815_150541_6643db,2023-04-04,002448.SZ,300,0,32.297871,31.678411,-185.838,1
20260815_150541_6643db,2023-04-04,605368.SH,700,0,14.724386,14.6415,-58.0202,1
20260815_150541_6643db,2023-04-04,600017.SH,1200,0,9.58561,9.60735,26.088,1
20260815_150541_6643db,2023-04-04,002510.SZ,600,0,17.152568,16.78419,-221.0268,1
20260815_150541_6643db,2023-04-06,601077.SH,2600,2600,4.322367,4.328765,16.6348,2
20260815_150541_6643db,2023-04-06,605169.SH,500,500,21.033484,20.49989,-266.797,2
20260815_150541_6643db,2023-04-06,600694.SH,100,100,102.782843,103.92525,114.2407,2
20260815_150541_6643db,2023-04-06,002661.SZ,200,200,42.418107,41.6561,-152.4014,2
20260815_150541_6643db,2023-04-06,002448.SZ,300,300,32.297871,31.446759,-255.3336,2
20260815_150541_6643db,2023-04-06,605368.SH,700,700,14.724386,14.56625,-110.6952,2
20260815_150541_6643db,2023-04-06,600017.SH,1200,1200,9.58561,9.50622,-95.268,2
20260815_150541_6643db,2023-04-06,002510.SZ,600,600,17.152568,16.56734,-351.1368,2
20260815_150541_6643db,2023-04-07,601077.SH,2600,2600,4.322367,4.328765,16.6348,3
20260815_150541_6643db,2023-04-07,605169.SH,500,500,21.033484,20.72537,-154.057,3
20260815_150541_6643db,2023-04-07,600694.SH,100,100,102.782843,102.82025,3.7407,3
20260815_150541_6643db,2023-04-07,002661.SZ,200,200,42.418107,41.372484,-209.1246,3
20260815_150541_6643db,2023-04-07,002448.SZ,300,300,32.297871,31.562585,-220.5858,3
20260815_150541_6643db,2023-04-07,605368.SH,700,700,14.724386,14.5555,-118.2202,3
20260815_150541_6643db,2023-04-07,600017.SH,1200,1200,9.58561,9.50622,-95.268,3
20260815_150541_6643db,2023-04-07,002510.SZ,600,600,17.152568,16.69745,-273.0708,3
20260815_150541_6643db,2023-04-10,601077.SH,2600,2600,4.322367,4.31697,-14.0322,4
20260815_150541_6643db,2023-04-10,605169.SH,500,500,21.033484,20.55626,-238.612,4
20260815_150541_6643db,2023-04-10,600694.SH,100,100,102.782843,100.72075,-206.2093,4
20260815_150541_6643db,2023-04-10,002661.SZ,200,200,42.418107,41.017964,-280.0286,4
20260815_150541_6643db,2023-04-10,002448.SZ,300,300,32.297871,30.925542,-411.6987,4
20260815_150541_6643db,2023-04-10,605368.SH,700,700,14.724386,14.491,-163.3702,4
20260815_150541_6643db,2023-04-10,600017.SH,1200,1200,9.58561,9.4388,-176.172,4
20260815_150541_6643db,2023-04-10,002510.SZ,600,600,17.152568,16.43723,-429.2028,4
20260815_150541_6643db,2023-04-11,601077.SH,2600,2600,4.322367,4.31697,-14.0322,5
20260815_150541_6643db,2023-04-11,605169.SH,500,500,21.033484,20.74416,-144.662,5
20260815_150541_6643db,2023-04-11,600694.SH,100,100,102.782843,101.881,-90.1843,5
20260815_150541_6643db,2023-04-11,002661.SZ,200,200,42.418107,40.734348,-336.7518,5
20260815_150541_6643db,2023-04-11,002448.SZ,300,300,32.297871,30.751803,-463.8204,5
20260815_150541_6643db,2023-04-11,605368.SH,700,700,14.724386,14.362,-253.6702,5
20260815_150541_6643db,2023-04-11,600017.SH,1200,1200,9.58561,9.40509,-216.624,5
20260815_150541_6643db,2023-04-11,002510.SZ,600,600,17.152568,16.39386,-455.2248,5
20260815_150541_6643db,2023-04-12,601077.SH,2600,2600,4.322367,4.34056,47.3018,6
20260815_150541_6643db,2023-04-12,605169.SH,500,500,21.033484,20.4811,-276.192,6
20260815_150541_6643db,2023-04-12,600694.SH,100,100,102.782843,103.649,86.6157,6
20260815_150541_6643db,2023-04-12,002661.SZ,200,200,42.418107,40.876156,-308.3902,6
20260815_150541_6643db,2023-04-12,002448.SZ,300,300,32.297871,31.27302,-307.4553,6
20260815_150541_6643db,2023-04-12,605368.SH,700,700,14.724386,14.50175,-155.8452,6
20260815_150541_6643db,2023-04-12,600017.SH,1200,1200,9.58561,9.57364,-14.364,6
20260815_150541_6643db,2023-04-12,002510.SZ,600,600,17.152568,16.61071,-325.1148,6
20260815_150541_6643db,2023-04-13,601077.SH,2600,2600,4.322367,4.36415,108.6358,7
20260815_150541_6643db,2023-04-13,605169.SH,500,500,21.033484,20.25562,-388.932,7
20260815_150541_6643db,2023-04-13,600694.SH,100,100,102.782843,104.533,175.0157,7
20260815_150541_6643db,2023-04-13,002661.SZ,200,200,42.418107,41.053416,-272.9382,7
20260815_150541_6643db,2023-04-13,002448.SZ,300,300,32.297871,31.215107,-324.8292,7
20260815_150541_6643db,2023-04-13,605368.SH,700,700,14.724386,14.5125,-148.3202,7
20260815_150541_6643db,2023-04-13,600017.SH,1200,1200,9.58561,9.60735,26.088,7
20260815_150541_6643db,2023-04-13,002510.SZ,600,600,17.152568,16.4806,-403.1808,7
20260815_150541_6643db,2023-04-14,601077.SH,2600,2600,4.322367,4.36415,108.6358,8
20260815_150541_6643db,2023-04-14,605169.SH,500,500,21.033484,20.18046,-426.512,8
20260815_150541_6643db,2023-04-14,600694.SH,100,100,102.782843,103.428,64.5157,8
20260815_150541_6643db,2023-04-14,002661.SZ,200,200,42.418107,40.911608,-301.2998,8
20260815_150541_6643db,2023-04-14,002448.SZ,300,300,32.297871,31.446759,-255.3336,8
20260815_150541_6643db,2023-04-14,605368.SH,700,700,14.724386,14.60925,-80.5952,8
20260815_150541_6643db,2023-04-14,600017.SH,1200,1200,9.58561,9.67477,106.992,8
20260815_150541_6643db,2023-04-14,002510.SZ,600,600,17.152568,16.52397,-377.1588,8
20260815_150541_6643db,2023-04-17,601077.SH,2600,2600,4.322367,4.399535,200.6368,9
20260815_150541_6643db,2023-04-17,605169.SH,500,500,21.033484,20.33078,-351.352,9
20260815_150541_6643db,2023-04-17,600694.SH,100,100,102.782843,105.7485,296.5657,9
20260815_150541_6643db,2023-04-17,002661.SZ,200,200,42.418107,40.7698,-329.6614,9
20260815_150541_6643db,2023-04-17,002448.SZ,300,300,32.297871,31.388846,-272.7075,9
20260815_150541_6643db,2023-04-17,605368.SH,700,700,14.724386,14.8135,62.3798,9
20260815_150541_6643db,2023-04-17,600017.SH,1200,1200,9.58561,9.84332,309.252,9
20260815_150541_6643db,2023-04-17,002510.SZ,600,600,17.152568,16.69745,-273.0708,9
20260815_150541_6643db,2023-04-18,601077.SH,2600,2600,4.322367,4.423125,261.9708,10
20260815_150541_6643db,2023-04-18,605169.SH,500,500,21.033484,20.19925,-417.117,10
20260815_150541_6643db,2023-04-18,600694.SH,100,100,102.782843,105.36175,257.8907,10
20260815_150541_6643db,2023-04-18,002661.SZ,200,200,42.418107,41.088868,-265.8478,10
20260815_150541_6643db,2023-04-18,002448.SZ,300,300,32.297871,31.157194,-342.2031,10
20260815_150541_6643db,2023-04-18,605368.SH,700,700,14.724386,14.792,47.3298,10
20260815_150541_6643db,2023-04-18,600017.SH,1200,1200,9.58561,9.84332,309.252,10
20260815_150541_6643db,2023-04-18,002510.SZ,600,600,17.152568,16.56734,-351.1368,10
20260815_150541_6643db,2023-04-19,601077.SH,2600,2600,4.322367,4.45851,353.9718,11
20260815_150541_6643db,2023-04-19,605169.SH,500,500,21.033484,20.06772,-482.882,11
20260815_150541_6643db,2023-04-19,600694.SH,100,100,102.782843,106.08,329.7157,11
20260815_150541_6643db,2023-04-19,002661.SZ,200,200,42.418107,41.017964,-280.0286,11
20260815_150541_6643db,2023-04-19,002448.SZ,300,300,32.297871,31.562585,-220.5858,11
20260815_150541_6643db,2023-04-19,605368.SH,700,700,14.724386,14.93175,145.1548,11
20260815_150541_6643db,2023-04-19,600017.SH,1200,1200,9.58561,9.91074,390.156,11
20260815_150541_6643db,2023-04-19,002510.SZ,600,600,17.152568,16.39386,-455.2248,11
20260815_150541_6643db,2023-04-20,601077.SH,2600,2600,4.322367,4.470305,384.6388,12
20260815_150541_6643db,2023-04-20,605169.SH,500,500,21.033484,19.78587,-623.807,12
20260815_150541_6643db,2023-04-20,600694.SH,100,100,102.782843,104.2015,141.8657,12
20260815_150541_6643db,2023-04-20,002661.SZ,200,200,42.418107,40.202568,-443.1078,12
20260815_150541_6643db,2023-04-20,002448.SZ,300,300,32.297871,31.041368,-376.9509,12
20260815_150541_6643db,2023-04-20,605368.SH,700,700,14.724386,14.921,137.6298,12
20260815_150541_6643db,2023-04-20,600017.SH,1200,1200,9.58561,9.87703,349.704,12
20260815_150541_6643db,2023-04-20,002510.SZ,600,600,17.152568,16.17701,-585.3348,12
20260815_150541_6643db,2023-04-21,601077.SH,2600,2600,4.322367,4.423125,261.9708,13
20260815_150541_6643db,2023-04-21,605169.SH,500,500,21.033484,19.41007,-811.707,13
20260815_150541_6643db,2023-04-21,600694.SH,100,100,102.782843,103.0965,31.3657,13
20260815_150541_6643db,2023-04-21,002661.SZ,200,200,42.418107,40.450732,-393.475,13
20260815_150541_6643db,2023-04-21,002448.SZ,300,300,32.297871,30.578064,-515.9421,13
20260815_150541_6643db,2023-04-21,605368.SH,700,700,14.724386,14.73825,9.7048,13
20260815_150541_6643db,2023-04-21,600017.SH,1200,1200,9.58561,9.7759,228.348,13
20260815_150541_6643db,2023-04-21,002510.SZ,600,600,17.152568,16.00353,-689.4228,13
20260815_150541_6643db,2023-04-24,601077.SH,2600,2600,4.322367,4.446715,323.3048,14
20260815_150541_6643db,2023-04-24,605169.SH,500,500,21.033484,19.48523,-774.127,14
20260815_150541_6643db,2023-04-24,600694.SH,100,100,102.782843,105.14075,235.7907,14
20260815_150541_6643db,2023-04-24,002661.SZ,200,200,42.418107,39.812596,-521.1022,14
20260815_150541_6643db,2023-04-24,002448.SZ,300,300,32.297871,30.751803,-463.8204,14
20260815_150541_6643db,2023-04-24,605368.SH,700,700,14.724386,14.80275,54.8548,14
20260815_150541_6643db,2023-04-24,600017.SH,1200,1200,9.58561,9.80961,268.8,14
20260815_150541_6643db,2023-04-24,002510.SZ,600,600,17.152568,15.87342,-767.4888,14
20260815_150541_6643db,2023-04-25,601077.SH,2600,2600,4.322367,4.50569,476.6398,15
20260815_150541_6643db,2023-04-25,605169.SH,500,500,21.033484,18.92153,-1055.977,15
20260815_150541_6643db,2023-04-25,600694.SH,100,100,102.782843,102.986,20.3157,15
20260815_150541_6643db,2023-04-25,002661.SZ,200,200,42.418107,39.70624,-542.3734,15
20260815_150541_6643db,2023-04-25,002448.SZ,300,300,32.297871,29.767282,-759.1767,15
20260815_150541_6643db,2023-04-25,605368.SH,700,700,14.724386,14.88875,115.0548,15
20260815_150541_6643db,2023-04-25,600017.SH,1200,1200,9.58561,9.80961,268.8,15
20260815_150541_6643db,2023-04-25,002510.SZ,600,600,17.152568,15.65657,-897.5988,15
20260815_150541_6643db,2023-04-26,601077.SH,3300,2600,4.359944,4.493895,442.0383,16
20260815_150541_6643db,2023-04-26,600694.SH,100,100,102.782843,104.4225,163.9657,16
20260815_150541_6643db,2023-04-26,002661.SZ,300,200,41.64902,41.12432,-157.41,16
20260815_150541_6643db,2023-04-26,002448.SZ,500,300,31.323716,30.520151,-401.7825,16
20260815_150541_6643db,2023-04-26,605368.SH,1000,700,14.81157,14.97475,163.18,16
20260815_150541_6643db,2023-04-26,600017.SH,1500,1200,9.619362,9.84332,335.937,16
20260815_150541_6643db,2023-04-27,601077.SH,3300,3300,4.359944,4.493895,442.0383,17
20260815_150541_6643db,2023-04-27,600694.SH,100,100,102.782843,105.9695,318.6657,17
20260815_150541_6643db,2023-04-27,002661.SZ,300,300,41.64902,40.94706,-210.588,17
20260815_150541_6643db,2023-04-27,002448.SZ,500,500,31.323716,30.751803,-285.9565,17
20260815_150541_6643db,2023-04-27,605368.SH,1000,1000,14.81157,14.9855,173.93,17
20260815_150541_6643db,2023-04-27,600017.SH,1500,1500,9.619362,9.84332,335.937,17
20260815_150541_6643db,2023-04-28,601077.SH,3300,3300,4.359944,4.564665,675.5793,18
20260815_150541_6643db,2023-04-28,600694.SH,100,100,102.782843,109.56075,677.7907,18
20260815_150541_6643db,2023-04-28,002661.SZ,300,300,41.64902,42.471496,246.7428,18
20260815_150541_6643db,2023-04-28,002448.SZ,500,500,31.323716,33.01041,843.347,18
20260815_150541_6643db,2023-04-28,605368.SH,1000,1000,14.81157,14.86725,55.68,18
20260815_150541_6643db,2023-04-28,600017.SH,1500,1500,9.619362,10.113,740.457,18
20260815_150541_6643db,2023-05-04,601077.SH,3300,3300,4.359944,4.83595,1570.8198,19
20260815_150541_6643db,2023-05-04,600694.SH,100,100,102.782843,113.373,1059.0157,19
20260815_150541_6643db,2023-05-04,002661.SZ,300,300,41.64902,42.5424,268.014,19
20260815_150541_6643db,2023-05-04,002448.SZ,500,500,31.323716,35.442756,2059.52,19
20260815_150541_6643db,2023-05-04,605368.SH,1000,1000,14.81157,14.9425,130.93,19
20260815_150541_6643db,2023-05-04,600017.SH,1500,1500,9.619362,10.85462,1852.887,19
20260815_150541_6643db,2023-05-05,601077.SH,3300,3300,4.359944,4.83595,1570.8198,20
20260815_150541_6643db,2023-05-05,600694.SH,100,100,102.782843,112.32325,954.0407,20
20260815_150541_6643db,2023-05-05,002661.SZ,300,300,41.64902,42.436044,236.1072,20
20260815_150541_6643db,2023-05-05,002448.SZ,500,500,31.323716,35.095278,1885.781,20
20260815_150541_6643db,2023-05-05,605368.SH,1000,1000,14.81157,14.471808,-339.762,20
20260815_150541_6643db,2023-05-05,600017.SH,1500,1500,9.619362,11.05688,2156.277,20
20260815_150541_6643db,2023-05-08,601077.SH,3300,3300,4.359944,5.083645,2388.2133,21
20260815_150541_6643db,2023-05-08,600694.SH,100,100,102.782843,114.3675,1158.4657,21
20260815_150541_6643db,2023-05-08,002661.SZ,300,300,41.64902,41.975168,97.8444,21
20260815_150541_6643db,2023-05-08,002448.SZ,500,500,31.323716,35.095278,1885.781,21
20260815_150541_6643db,2023-05-08,605368.SH,1000,1000,14.81157,14.76384,-47.73,21
20260815_150541_6643db,2023-05-08,600017.SH,1500,1500,9.619362,11.19172,2358.537,21
20260815_150541_6643db,2023-05-09,601077.SH,3300,3300,4.359944,5.09544,2427.1368,22
20260815_150541_6643db,2023-05-09,600694.SH,100,100,102.782843,112.8205,1003.7657,22
20260815_150541_6643db,2023-05-09,002661.SZ,300,300,41.64902,41.47884,-51.054,22
20260815_150541_6643db,2023-05-09,002448.SZ,500,500,31.323716,34.805713,1740.9985,22
20260815_150541_6643db,2023-05-09,605368.SH,1000,1000,14.81157,14.747616,-63.954,22
20260815_150541_6643db,2023-05-09,600017.SH,1500,1500,9.619362,11.52882,2864.187,22
20260815_150541_6643db,2023-05-10,601077.SH,3300,3300,4.359944,4.894925,1765.4373,23
20260815_150541_6643db,2023-05-10,600694.SH,100,100,102.782843,111.0525,826.9657,23
20260815_150541_6643db,2023-05-10,002661.SZ,300,300,41.64902,41.585196,-19.1472,23
20260815_150541_6643db,2023-05-10,002448.SZ,500,500,31.323716,35.211104,1943.694,23
20260815_150541_6643db,2023-05-10,605368.SH,1000,1000,14.81157,14.666496,-145.074,23
20260815_150541_6643db,2023-05-10,600017.SH,1500,1500,9.619362,11.29285,2510.232,23
20260815_150541_6643db,2023-05-11,601077.SH,3300,3300,4.359944,4.894925,1765.4373,24
20260815_150541_6643db,2023-05-11,600694.SH,100,100,102.782843,113.87025,1108.7407,24
20260815_150541_6643db,2023-05-11,002661.SZ,300,300,41.64902,42.223332,172.2936,24
20260815_150541_6643db,2023-05-11,002448.SZ,500,500,31.323716,35.790234,2233.259,24
20260815_150541_6643db,2023-05-11,605368.SH,1000,1000,14.81157,15.055872,244.302,24
20260815_150541_6643db,2023-05-11,600017.SH,1500,1500,9.619362,11.29285,2510.232,24
20260815_150541_6643db,2023-05-12,601077.SH,3300,3300,4.359944,4.894925,1765.4373,25
20260815_150541_6643db,2023-05-12,600694.SH,100,100,102.782843,112.1575,937.4657,25
20260815_150541_6643db,2023-05-12,002661.SZ,300,300,41.64902,41.939716,87.2088,25
20260815_150541_6643db,2023-05-12,002448.SZ,500,500,31.323716,35.442756,2059.52,25
20260815_150541_6643db,2023-05-12,605368.SH,1000,1000,14.81157,15.315456,503.886,25
20260815_150541_6643db,2023-05-12,600017.SH,1500,1500,9.619362,11.15801,2307.972,25
20260815_150541_6643db,2023-05-15,601077.SH,3300,3300,4.359944,4.90672,1804.3608,26
20260815_150541_6643db,2023-05-15,600694.SH,100,100,102.782843,111.7155,893.2657,26
20260815_150541_6643db,2023-05-15,002661.SZ,300,300,41.64902,41.904264,76.5732,26
20260815_150541_6643db,2023-05-15,002448.SZ,500,500,31.323716,35.616495,2146.3895,26
20260815_150541_6643db,2023-05-15,605368.SH,1000,1000,14.81157,15.8184,1006.83,26
20260815_150541_6643db,2023-05-15,600017.SH,1500,1500,9.619362,11.15801,2307.972,26
20260815_150541_6643db,2023-05-16,601077.SH,3300,3300,4.359944,4.918515,1843.2843,27
20260815_150541_6643db,2023-05-16,600694.SH,100,100,102.782843,109.9475,716.4657,27
20260815_150541_6643db,2023-05-16,002661.SZ,300,300,41.64902,41.585196,-19.1472,27
20260815_150541_6643db,2023-05-16,002448.SZ,500,500,31.323716,35.153191,1914.7375,27
20260815_150541_6643db,2023-05-16,605368.SH,1000,1000,14.81157,15.33168,520.11,27
20260815_150541_6643db,2023-05-16,600017.SH,1500,1500,9.619362,10.88833,1903.452,27
20260815_150541_6643db,2023-05-17,601077.SH,3300,3300,4.359944,4.871335,1687.5903,28
20260815_150541_6643db,2023-05-17,600694.SH,100,100,102.782843,110.33425,755.1407,28
20260815_150541_6643db,2023-05-17,002661.SZ,300,300,41.64902,41.727004,23.3952,28
20260815_150541_6643db,2023-05-17,002448.SZ,500,500,31.323716,35.674408,2175.346,28
20260815_150541_6643db,2023-05-17,605368.SH,1000,1000,14.81157,15.380352,568.782,28
20260815_150541_6643db,2023-05-17,600017.SH,1500,1500,9.619362,10.85462,1852.887,28
20260815_150541_6643db,2023-05-18,601077.SH,3300,3300,4.359944,4.918515,1843.2843,29
20260815_150541_6643db,2023-05-18,600694.SH,100,100,102.782843,111.2735,849.0657,29
20260815_150541_6643db,2023-05-18,002661.SZ,300,300,41.64902,41.30158,-104.232,29
20260815_150541_6643db,2023-05-18,002448.SZ,500,500,31.323716,35.790234,2233.259,29
20260815_150541_6643db,2023-05-18,605368.SH,1000,1000,14.81157,15.704832,893.262,29
20260815_150541_6643db,2023-05-18,600017.SH,1500,1500,9.619362,10.75349,1701.192,29
20260815_150541_6643db,2023-05-19,601077.SH,3300,3300,4.359944,4.847745,1609.7433,30
20260815_150541_6643db,2023-05-19,600694.SH,100,100,102.782843,109.7265,694.3657,30
20260815_150541_6643db,2023-05-19,002661.SZ,300,300,41.64902,41.407936,-72.3252,30
20260815_150541_6643db,2023-05-19,002448.SZ,500,500,31.323716,36.079799,2378.0415,30
20260815_150541_6643db,2023-05-19,605368.SH,1000,1000,14.81157,15.510144,698.574,30
20260815_150541_6643db,2023-05-19,600017.SH,1500,1500,9.619362,10.55123,1397.802,30
20260815_150541_6643db,2023-05-22,601077.SH,3300,3300,4.359944,4.871335,1687.5903,31
20260815_150541_6643db,2023-05-22,600694.SH,100,100,102.782843,108.732,594.9157,31
20260815_150541_6643db,2023-05-22,002661.SZ,300,300,41.64902,42.223332,172.2936,31
20260815_150541_6643db,2023-05-22,002448.SZ,500,500,31.323716,36.832668,2754.476,31
20260815_150541_6643db,2023-05-22,605368.SH,1000,1000,14.81157,15.834624,1023.054,31
20260815_150541_6643db,2023-05-22,600017.SH,1500,1500,9.619362,10.48381,1296.672,31
20260815_150541_6643db,2023-05-23,601077.SH,3300,3300,4.359944,4.776975,1376.2023,32
20260815_150541_6643db,2023-05-23,600694.SH,100,100,102.782843,108.45575,567.2907,32
20260815_150541_6643db,2023-05-23,002661.SZ,300,300,41.64902,42.36514,214.836,32
20260815_150541_6643db,2023-05-23,002448.SZ,500,500,31.323716,36.543103,2609.6935,32
20260815_150541_6643db,2023-05-23,605368.SH,1000,1000,14.81157,15.429024,617.454,32
20260815_150541_6643db,2023-05-23,600017.SH,1500,1500,9.619362,10.24784,942.717,32
20260815_150541_6643db,2023-05-24,601077.SH,3300,3300,4.359944,4.64723,948.0438,33
20260815_150541_6643db,2023-05-24,600694.SH,100,100,102.782843,106.743,396.0157,33
20260815_150541_6643db,2023-05-24,002661.SZ,300,300,41.64902,41.407936,-72.3252,33
20260815_150541_6643db,2023-05-24,002448.SZ,500,500,31.323716,36.832668,2754.476,33
20260815_150541_6643db,2023-05-24,605368.SH,1000,1000,14.81157,15.445248,633.678,33
20260815_150541_6643db,2023-05-24,600017.SH,1500,1500,9.619362,10.18042,841.587,33
20260815_150541_6643db,2023-05-25,601077.SH,3300,3300,4.359944,4.635435,909.1203,34
20260815_150541_6643db,2023-05-25,600694.SH,100,100,102.782843,105.859,307.6157,34
20260815_150541_6643db,2023-05-25,002661.SZ,300,300,41.64902,40.805252,-253.1304,34
20260815_150541_6643db,2023-05-25,002448.SZ,500,500,31.323716,36.48519,2580.737,34
20260815_150541_6643db,2023-05-25,605368.SH,1000,1000,14.81157,15.65616,844.59,34
20260815_150541_6643db,2023-05-25,600017.SH,1500,1500,9.619362,10.24784,942.717,34
20260815_150541_6643db,2023-05-26,601077.SH,3300,3300,4.359944,4.659025,986.9673,35
20260815_150541_6643db,2023-05-26,600694.SH,100,100,102.782843,106.1905,340.7657,35
20260815_150541_6643db,2023-05-26,002661.SZ,300,300,41.64902,40.7698,-263.766,35
20260815_150541_6643db,2023-05-26,002448.SZ,500,500,31.323716,37.238059,2957.1715,35
20260815_150541_6643db,2023-05-26,605368.SH,1000,1000,14.81157,15.704832,893.262,35
20260815_150541_6643db,2023-05-26,600017.SH,1500,1500,9.619362,10.18042,841.587,35
20260815_150541_6643db,2023-05-29,601077.SH,3300,3300,4.359944,4.682615,1064.8143,36
20260815_150541_6643db,2023-05-29,600694.SH,100,100,102.782843,106.79825,401.5407,36
20260815_150541_6643db,2023-05-29,002661.SZ,300,300,41.64902,40.308924,-402.0288,36
20260815_150541_6643db,2023-05-29,002448.SZ,500,500,31.323716,37.06432,2870.302,36
20260815_150541_6643db,2023-05-29,605368.SH,1000,1000,14.81157,15.704832,893.262,36
20260815_150541_6643db,2023-05-29,600017.SH,1500,1500,9.619362,10.21413,892.152,36
20260815_150541_6643db,2023-05-30,601077.SH,3300,3300,4.359944,4.67082,1025.8908,37
20260815_150541_6643db,2023-05-30,600694.SH,100,100,102.782843,107.01925,423.6407,37
20260815_150541_6643db,2023-05-30,002661.SZ,300,300,41.64902,40.41528,-370.122,37
20260815_150541_6643db,2023-05-30,002448.SZ,500,500,31.323716,37.411798,3044.041,37
20260815_150541_6643db,2023-05-30,605368.SH,1000,1000,14.81157,15.57504,763.47,37
20260815_150541_6643db,2023-05-30,600017.SH,1500,1500,9.619362,10.28155,993.282,37
20260815_150541_6643db,2023-05-31,601077.SH,3300,3300,4.359944,4.659025,986.9673,38
20260815_150541_6643db,2023-05-31,600694.SH,100,100,102.782843,107.848,506.5157,38
20260815_150541_6643db,2023-05-31,002661.SZ,300,300,41.64902,40.379828,-380.7576,38
20260815_150541_6643db,2023-05-31,002448.SZ,500,500,31.323716,37.180146,2928.215,38
20260815_150541_6643db,2023-05-31,605368.SH,1000,1000,14.81157,15.201888,390.318,38
20260815_150541_6643db,2023-05-31,600017.SH,1500,1500,9.619362,10.213242,890.82,38
20260815_150541_6643db,2023-06-01,601077.SH,3300,3300,4.359944,4.62168,863.7288,39
20260815_150541_6643db,2023-06-01,600694.SH,100,100,102.782843,106.743,396.0157,39
20260815_150541_6643db,2023-06-01,002661.SZ,300,300,41.64902,40.413,-370.806,39
20260815_150541_6643db,2023-06-01,002448.SZ,500,500,31.323716,37.87314,3274.712,39
20260815_150541_6643db,2023-06-01,605368.SH,1000,1000,14.81157,15.29546,483.89,39
20260815_150541_6643db,2023-06-01,600017.SH,1500,1500,9.619362,10.28216,994.197,39
20260815_150541_6643db,2023-06-02,601077.SH,3300,3300,4.359944,4.60989,824.8218,40
20260815_150541_6643db,2023-06-02,600694.SH,100,100,102.782843,108.12425,534.1407,40
20260815_150541_6643db,2023-06-02,002661.SZ,300,300,41.64902,40.80295,-253.821,40
20260815_150541_6643db,2023-06-02,002448.SZ,500,500,31.323716,39.14716,3911.722,40
20260815_150541_6643db,2023-06-02,605368.SH,1000,1000,14.81157,15.19814,386.57,40
20260815_150541_6643db,2023-06-02,600017.SH,1500,1500,9.619362,10.28216,994.197,40
20260815_150541_6643db,2023-06-05,601077.SH,3300,3300,4.359944,4.63347,902.6358,41
20260815_150541_6643db,2023-06-05,600694.SH,100,100,102.782843,109.616,683.3157,41
20260815_150541_6643db,2023-06-05,002661.SZ,300,300,41.64902,40.65312,-298.77,41
20260815_150541_6643db,2023-06-05,002448.SZ,500,500,31.323716,39.61044,4143.362,41
20260815_150541_6643db,2023-06-05,605368.SH,1000,1000,14.81157,15.21436,402.79,41
20260815_150541_6643db,2023-06-05,600017.SH,1500,1500,9.619362,10.248,942.957,41
20260815_150541_6643db,2023-06-06,601077.SH,3300,3300,4.359944,4.62168,863.7288,42
20260815_150541_6643db,2023-06-06,600694.SH,100,100,102.782843,107.46125,467.8407,42
20260815_150541_6643db,2023-06-06,002661.SZ,300,300,41.64902,40.22064,-428.514,42
20260815_150541_6643db,2023-06-06,002448.SZ,500,500,31.323716,38.97343,3824.857,42
20260815_150541_6643db,2023-06-06,605368.SH,1000,1000,14.81157,14.95484,143.27,42
20260815_150541_6643db,2023-06-06,600017.SH,1500,1500,9.619362,10.14552,789.237,42
20260815_150541_6643db,2023-06-07,601077.SH,3300,3300,4.359944,4.68063,1058.2638,43
20260815_150541_6643db,2023-06-07,600694.SH,100,100,102.782843,110.18425,740.1407,43
20260815_150541_6643db,2023-06-07,002661.SZ,300,300,41.64902,40.40084,-374.454,43
20260815_150541_6643db,2023-06-07,002448.SZ,500,500,31.323716,37.58359,3129.937,43
20260815_150541_6643db,2023-06-07,605368.SH,1000,1000,14.81157,14.95484,143.27,43
20260815_150541_6643db,2023-06-07,600017.SH,1500,1500,9.619362,10.35048,1096.677,43
20260815_150541_6643db,2023-06-08,601077.SH,3300,3300,4.359944,4.77495,1369.5198,44
20260815_150541_6643db,2023-06-08,600694.SH,100,100,102.782843,109.05125,626.8407,44
20260815_150541_6643db,2023-06-08,002661.SZ,300,300,41.64902,40.65312,-298.77,44
20260815_150541_6643db,2023-06-08,002448.SZ,500,500,31.323716,37.12031,2898.297,44
20260815_150541_6643db,2023-06-08,605368.SH,1000,1000,14.81157,14.85752,45.95,44
20260815_150541_6643db,2023-06-08,600017.SH,1500,1500,9.619362,10.45296,1250.397,44
20260815_150541_6643db,2023-06-09,601077.SH,3300,3300,4.359944,4.76316,1330.6128,45
20260815_150541_6643db,2023-06-09,600694.SH,100,100,102.782843,107.0685,428.5657,45
20260815_150541_6643db,2023-06-09,002661.SZ,300,300,41.64902,40.43688,-363.642,45
20260815_150541_6643db,2023-06-09,002448.SZ,500,500,31.323716,37.75732,3216.802,45
20260815_150541_6643db,2023-06-09,605368.SH,1000,1000,14.81157,15.01972,208.15,45
20260815_150541_6643db,2023-06-09,600017.SH,1500,1500,9.619362,10.35048,1096.677,45
20260815_150541_6643db,2023-06-12,601077.SH,3300,3300,4.359944,4.65705,980.4498,46
20260815_150541_6643db,2023-06-12,600694.SH,100,100,102.782843,105.08575,230.2907,46
20260815_150541_6643db,2023-06-12,002661.SZ,300,300,41.64902,40.61708,-309.582,46
20260815_150541_6643db,2023-06-12,002448.SZ,500,500,31.323716,38.74179,3709.037,46
20260815_150541_6643db,2023-06-12,605368.SH,1000,1000,14.81157,15.03594,224.37,46
20260815_150541_6643db,2023-06-12,600017.SH,1500,1500,9.619362,10.21384,891.717,46
20260815_150541_6643db,2023-06-13,601077.SH,3300,3300,4.359944,4.68063,1058.2638,47
20260815_150541_6643db,2023-06-13,600694.SH,100,100,102.782843,105.65225,286.9407,47
20260815_150541_6643db,2023-06-13,002661.SZ,300,300,41.64902,40.29272,-406.89,47
20260815_150541_6643db,2023-06-13,002448.SZ,500,500,31.323716,39.08925,3882.767,47
20260815_150541_6643db,2023-06-13,605368.SH,1000,1000,14.81157,14.9224,110.83,47
20260815_150541_6643db,2023-06-13,600017.SH,1500,1500,9.619362,10.0772,686.757,47
20260815_150541_6643db,2023-06-14,601077.SH,3300,3300,4.359944,4.58631,747.0078,48
20260815_150541_6643db,2023-06-14,600694.SH,100,100,102.782843,106.1621,337.9257,48
20260815_150541_6643db,2023-06-14,002661.SZ,300,300,41.64902,40.61708,-309.582,48
20260815_150541_6643db,2023-06-14,002448.SZ,500,500,31.323716,39.20507,3940.677,48
20260815_150541_6643db,2023-06-14,605368.SH,1000,1000,14.81157,15.0035,191.93,48
20260815_150541_6643db,2023-06-14,600017.SH,1500,1500,9.619362,10.00888,584.277,48
20260815_150541_6643db,2023-06-15,601077.SH,3300,3300,4.359944,4.60989,824.8218,49
20260815_150541_6643db,2023-06-15,600694.SH,100,100,102.782843,105.369,258.6157,49
20260815_150541_6643db,2023-06-15,002661.SZ,300,300,41.64902,40.22064,-428.514,49
20260815_150541_6643db,2023-06-15,002448.SZ,500,500,31.323716,39.3788,4027.542,49
20260815_150541_6643db,2023-06-15,605368.SH,1000,1000,14.81157,15.13326,321.69,49
20260815_150541_6643db,2023-06-15,600017.SH,1500,1500,9.619362,9.97472,533.037,49
20260815_150541_6643db,2023-06-16,601077.SH,3300,3300,4.359944,4.60989,824.8218,50
20260815_150541_6643db,2023-06-16,600694.SH,100,100,102.782843,104.17935,139.6507,50
20260815_150541_6643db,2023-06-16,002661.SZ,300,300,41.64902,40.32876,-396.078,50
20260815_150541_6643db,2023-06-16,002448.SZ,500,500,31.323716,39.3788,4027.542,50
20260815_150541_6643db,2023-06-16,605368.SH,1000,1000,14.81157,15.4901,678.53,50
20260815_150541_6643db,2023-06-16,600017.SH,1500,1500,9.619362,10.00888,584.277,50
20260815_150541_6643db,2023-06-19,601077.SH,3300,3300,4.359944,4.55094,630.2868,51
20260815_150541_6643db,2023-06-19,600694.SH,100,100,102.782843,101.68675,-109.6093,51
20260815_150541_6643db,2023-06-19,002661.SZ,300,300,41.64902,39.86024,-536.634,51
20260815_150541_6643db,2023-06-19,002448.SZ,500,500,31.323716,39.49462,4085.452,51
20260815_150541_6643db,2023-06-19,605368.SH,1000,1000,14.81157,15.29546,483.89,51
20260815_150541_6643db,2023-06-19,600017.SH,1500,1500,9.619362,9.83808,328.077,51
20260815_150541_6643db,2023-06-20,601077.SH,3300,3300,4.359944,4.51557,513.5658,52
20260815_150541_6643db,2023-06-20,600694.SH,100,100,102.782843,100.3838,-239.9043,52
20260815_150541_6643db,2023-06-20,002661.SZ,300,300,41.64902,39.644,-601.506,52
20260815_150541_6643db,2023-06-20,002448.SZ,500,500,31.323716,40.43682,4556.552,52
20260815_150541_6643db,2023-06-20,605368.SH,1000,1000,14.81157,15.06838,256.81,52
20260815_150541_6643db,2023-06-20,600017.SH,1500,1500,9.619362,9.76976,225.597,52
20260815_150541_6643db,2023-06-21,601077.SH,3300,3300,4.359944,4.52736,552.4728,53
20260815_150541_6643db,2023-06-21,600694.SH,100,100,102.782843,99.1375,-364.5343,53
20260815_150541_6643db,2023-06-21,002661.SZ,300,300,41.64902,39.57192,-623.13,53
20260815_150541_6643db,2023-06-21,002448.SZ,500,500,31.323716,40.20138,4438.832,53
20260815_150541_6643db,2023-06-21,605368.SH,1000,1000,14.81157,15.18192,370.35,53
20260815_150541_6643db,2023-06-21,600017.SH,1500,1500,9.619362,9.70144,123.117,53
20260815_150541_6643db,2023-06-26,601077.SH,3300,3300,4.359944,4.46841,357.9378,54
20260815_150541_6643db,2023-06-26,600694.SH,100,100,102.782843,97.38135,-540.1493,54
20260815_150541_6643db,2023-06-26,002661.SZ,300,300,41.64902,38.85112,-839.37,54
20260815_150541_6643db,2023-06-26,002448.SZ,500,500,31.323716,40.08366,4379.972,54
20260815_150541_6643db,2023-06-26,605368.SH,1000,1000,14.81157,15.39278,581.21,54
20260815_150541_6643db,2023-06-26,600017.SH,1500,1500,9.619362,9.59896,-30.603,54
20260815_150541_6643db,2023-06-27,601077.SH,3300,3300,4.359944,4.53915,591.3798,55
20260815_150541_6643db,2023-06-27,600694.SH,100,100,102.782843,98.96755,-381.5293,55
20260815_150541_6643db,2023-06-27,002661.SZ,300,300,41.64902,39.24756,-720.438,55
20260815_150541_6643db,2023-06-27,002448.SZ,500,500,31.323716,40.6134,4644.842,55
20260815_150541_6643db,2023-06-27,605368.SH,1000,1000,14.81157,15.409,597.43,55
20260815_150541_6643db,2023-06-27,600017.SH,1500,1500,9.619362,9.80392,276.837,55
20260815_150541_6643db,2023-06-28,601077.SH,3300,3300,4.359944,4.51557,513.5658,56
20260815_150541_6643db,2023-06-28,600694.SH,100,100,102.782843,99.3641,-341.8743,56
20260815_150541_6643db,2023-06-28,002661.SZ,300,300,41.64902,39.53588,-633.942,56
20260815_150541_6643db,2023-06-28,002448.SZ,500,500,31.323716,41.14314,4909.712,56
20260815_150541_6643db,2023-06-28,605368.SH,1000,1000,14.81157,15.61986,808.29,56
20260815_150541_6643db,2023-06-28,600017.SH,1500,1500,9.619362,9.94056,481.797,56
20260815_150541_6643db,2023-06-29,601077.SH,3300,3300,4.359944,4.50495,478.5198,57
20260815_150541_6643db,2023-06-29,600694.SH,100,100,102.782843,99.87395,-290.8893,57
20260815_150541_6643db,2023-06-29,002661.SZ,300,300,41.64902,39.60796,-612.318,57
20260815_150541_6643db,2023-06-29,002448.SZ,500,500,31.323716,42.3792,5527.742,57
20260815_150541_6643db,2023-06-29,605368.SH,1000,1000,14.81157,15.5712,759.63,57
20260815_150541_6643db,2023-06-29,600017.SH,1500,1500,9.619362,10.00888,584.277,57
20260815_150541_6643db,2023-06-30,601077.SH,3300,3300,4.359944,4.55571,646.0278,58
20260815_150541_6643db,2023-06-30,600694.SH,100,100,102.782843,100.44045,-234.2393,58
20260815_150541_6643db,2023-06-30,002661.SZ,300,300,41.64902,39.68004,-590.694,58
20260815_150541_6643db,2023-06-30,002448.SZ,500,500,31.323716,41.202,4939.142,58
20260815_150541_6643db,2023-06-30,605368.SH,1000,1000,14.81157,15.52254,710.97,58
20260815_150541_6643db,2023-06-30,600017.SH,1500,1500,9.619362,10.21384,891.717,58
20260815_150541_6643db,2023-07-03,601077.SH,3300,3300,4.359944,4.64454,939.1668,59
20260815_150541_6643db,2023-07-03,600694.SH,100,100,102.782843,101.97,-81.2843,59
20260815_150541_6643db,2023-07-03,002661.SZ,300,300,41.64902,40.04044,-482.574,59
20260815_150541_6643db,2023-07-03,002448.SZ,500,500,31.323716,42.02604,5351.162,59
20260815_150541_6643db,2023-07-03,605368.SH,1000,1000,14.81157,15.61986,808.29,59
20260815_150541_6643db,2023-07-03,600017.SH,1500,1500,9.619362,10.17968,840.477,59
20260815_150541_6643db,2023-07-04,600051.SH,300,0,36.11806,35.9744,-43.098,1
20260815_150541_6643db,2023-07-04,002817.SZ,300,0,31.508144,31.29,-65.4432,1
20260815_150541_6643db,2023-07-04,600128.SH,400,0,25.610159,25.73208,48.7684,1
20260815_150541_6643db,2023-07-04,002144.SZ,900,0,13.009996,12.9822,-25.0164,1
20260815_150541_6643db,2023-07-04,002361.SZ,300,0,38.224291,38.17656,-14.3193,1
20260815_150541_6643db,2023-07-04,600916.SH,900,0,12.840523,12.708,-119.2707,1
20260815_150541_6643db,2023-07-04,000554.SZ,400,0,28.103132,28.11711,5.5912,1
20260815_150541_6643db,2023-07-05,600051.SH,300,300,36.11806,35.87584,-72.666,2
20260815_150541_6643db,2023-07-05,002817.SZ,300,300,31.508144,31.39728,-33.2592,2
20260815_150541_6643db,2023-07-05,600128.SH,400,400,25.610159,25.7013,36.4564,2
20260815_150541_6643db,2023-07-05,002144.SZ,900,900,13.009996,12.97065,-35.4114,2
20260815_150541_6643db,2023-07-05,002361.SZ,300,300,38.224291,38.3637,41.8227,2
20260815_150541_6643db,2023-07-05,600916.SH,900,900,12.840523,12.708,-119.2707,2
20260815_150541_6643db,2023-07-05,000554.SZ,400,400,28.103132,28.16618,25.2192,2
20260815_150541_6643db,2023-07-06,600051.SH,300,300,36.11806,35.87584,-72.666,3
20260815_150541_6643db,2023-07-06,002817.SZ,300,300,31.508144,31.07544,-129.8112,3
20260815_150541_6643db,2023-07-06,600128.SH,400,400,25.610159,25.76286,61.0804,3
20260815_150541_6643db,2023-07-06,002144.SZ,900,900,13.009996,12.9822,-25.0164,3
20260815_150541_6643db,2023-07-06,002361.SZ,300,300,38.224291,38.27013,13.7517,3
20260815_150541_6643db,2023-07-06,600916.SH,900,900,12.840523,12.54915,-262.2357,3
20260815_150541_6643db,2023-07-06,000554.SZ,400,400,28.103132,28.16618,25.2192,3
20260815_150541_6643db,2023-07-07,600051.SH,300,300,36.11806,36.17152,16.038,4
20260815_150541_6643db,2023-07-07,002817.SZ,300,300,31.508144,31.21848,-86.8992,4
20260815_150541_6643db,2023-07-07,600128.SH,400,400,25.610159,25.88598,110.3284,4
20260815_150541_6643db,2023-07-07,002144.SZ,900,900,13.009996,13.01685,6.1686,4
20260815_150541_6643db,2023-07-07,002361.SZ,300,300,38.224291,38.08299,-42.3903,4
20260815_150541_6643db,2023-07-07,600916.SH,900,900,12.840523,12.6021,-214.5807,4
20260815_150541_6643db,2023-07-07,000554.SZ,400,400,28.103132,28.11711,5.5912,4
20260815_150541_6643db,2023-07-10,600051.SH,300,300,36.11806,36.12224,1.254,5
20260815_150541_6643db,2023-07-10,002817.SZ,300,300,31.508144,31.21848,-86.8992,5
20260815_150541_6643db,2023-07-10,600128.SH,400,400,25.610159,25.8552,98.0164,5
20260815_150541_6643db,2023-07-10,002144.SZ,900,900,13.009996,13.03995,26.9586,5
20260815_150541_6643db,2023-07-10,002361.SZ,300,300,38.224291,38.3637,41.8227,5
20260815_150541_6643db,2023-07-10,600916.SH,900,900,12.840523,12.61269,-205.0497,5
20260815_150541_6643db,2023-07-10,000554.SZ,400,400,28.103132,28.26432,64.4752,5
20260815_150541_6643db,2023-07-11,600051.SH,300,300,36.11806,36.27008,45.606,6
20260815_150541_6643db,2023-07-11,002817.SZ,300,300,31.508144,31.75488,74.0208,6
20260815_150541_6643db,2023-07-11,600128.SH,400,400,25.610159,26.0091,159.5764,6
20260815_150541_6643db,2023-07-11,002144.SZ,900,900,13.009996,13.13235,110.1186,6
20260815_150541_6643db,2023-07-11,002361.SZ,300,300,38.224291,38.64441,126.0357,6
20260815_150541_6643db,2023-07-11,600916.SH,900,900,12.840523,12.69741,-128.8017,6
20260815_150541_6643db,2023-07-11,000554.SZ,400,400,28.103132,28.41153,123.3592,6
20260815_150541_6643db,2023-07-12,600051.SH,300,300,36.11806,36.17152,16.038,7
20260815_150541_6643db,2023-07-12,002817.SZ,300,300,31.508144,31.32576,-54.7152,7
20260815_150541_6643db,2023-07-12,600128.SH,400,400,25.610159,25.67052,24.1444,7
20260815_150541_6643db,2023-07-12,002144.SZ,900,900,13.009996,13.20165,172.4886,7
20260815_150541_6643db,2023-07-12,002361.SZ,300,300,38.224291,38.45189,68.2797,7
20260815_150541_6643db,2023-07-12,600916.SH,900,900,12.840523,12.58092,-233.6427,7
20260815_150541_6643db,2023-07-12,000554.SZ,400,400,28.103132,28.31339,84.1032,7
20260815_150541_6643db,2023-07-13,600051.SH,300,300,36.11806,36.2208,30.822,8
20260815_150541_6643db,2023-07-13,002817.SZ,300,300,31.508144,31.29,-65.4432,8
20260815_150541_6643db,2023-07-13,600128.SH,400,400,25.610159,25.76286,61.0804,8
20260815_150541_6643db,2023-07-13,002144.SZ,900,900,13.009996,13.1439,120.5136,8
20260815_150541_6643db,2023-07-13,002361.SZ,300,300,38.224291,38.64367,125.8137,8
20260815_150541_6643db,2023-07-13,600916.SH,900,900,12.840523,12.76095,-71.6157,8
20260815_150541_6643db,2023-07-13,000554.SZ,400,400,28.103132,28.90223,319.6392,8
20260815_150541_6643db,2023-07-14,600051.SH,300,300,36.11806,36.27008,45.606,9
20260815_150541_6643db,2023-07-14,002817.SZ,300,300,31.508144,31.1112,-119.0832,9
20260815_150541_6643db,2023-07-14,600128.SH,400,400,25.610159,25.73208,48.7684,9
20260815_150541_6643db,2023-07-14,002144.SZ,900,900,13.009996,13.03995,26.9586,9
20260815_150541_6643db,2023-07-14,002361.SZ,300,300,38.224291,38.64367,125.8137,9
20260815_150541_6643db,2023-07-14,600916.SH,900,900,12.840523,12.66564,-157.3947,9
20260815_150541_6643db,2023-07-14,000554.SZ,400,400,28.103132,29.14758,417.7792,9
20260815_150541_6643db,2023-07-17,600051.SH,300,300,36.11806,36.4672,104.742,10
20260815_150541_6643db,2023-07-17,002817.SZ,300,300,31.508144,31.18272,-97.6272,10
20260815_150541_6643db,2023-07-17,600128.SH,400,400,25.610159,26.28612,270.3844,10
20260815_150541_6643db,2023-07-17,002144.SZ,900,900,13.009996,13.13235,110.1186,10
20260815_150541_6643db,2023-07-17,002361.SZ,300,300,38.224291,38.73956,154.5807,10
20260815_150541_6643db,2023-07-17,600916.SH,900,900,12.840523,12.64446,-176.4567,10
20260815_150541_6643db,2023-07-17,000554.SZ,400,400,28.103132,29.04944,378.5232,10
20260815_150541_6643db,2023-07-18,600051.SH,300,300,36.11806,36.4672,104.742,11
20260815_150541_6643db,2023-07-18,002817.SZ,300,300,31.508144,31.07544,-129.8112,11
20260815_150541_6643db,2023-07-18,600128.SH,400,400,25.610159,26.163,221.1364,11
20260815_150541_6643db,2023-07-18,002144.SZ,900,900,13.009996,13.13235,110.1186,11
20260815_150541_6643db,2023-07-18,002361.SZ,300,300,38.224291,38.73956,154.5807,11
20260815_150541_6643db,2023-07-18,600916.SH,900,900,12.840523,12.57033,-243.1737,11
20260815_150541_6643db,2023-07-18,000554.SZ,400,400,28.103132,29.14758,417.7792,11
20260815_150541_6643db,2023-07-19,600051.SH,300,300,36.11806,36.7136,178.662,12
20260815_150541_6643db,2023-07-19,002817.SZ,300,300,31.508144,31.57608,20.3808,12
20260815_150541_6643db,2023-07-19,600128.SH,400,400,25.610159,26.59356,393.3604,12
20260815_150541_6643db,2023-07-19,002144.SZ,900,900,13.009996,13.2363,203.6736,12
20260815_150541_6643db,2023-07-19,002361.SZ,300,300,38.224291,38.54778,97.0467,12
20260815_150541_6643db,2023-07-19,600916.SH,900,900,12.840523,12.73977,-90.6777,12
20260815_150541_6643db,2023-07-19,000554.SZ,400,400,28.103132,29.04944,378.5232,12
20260815_150541_6643db,2023-07-20,600051.SH,300,300,36.11806,36.66432,163.878,13
20260815_150541_6643db,2023-07-20,002817.SZ,300,300,31.508144,31.29,-65.4432,13
20260815_150541_6643db,2023-07-20,600128.SH,400,400,25.610159,26.40672,318.6244,13
20260815_150541_6643db,2023-07-20,002144.SZ,900,900,13.009996,13.1208,99.7236,13
20260815_150541_6643db,2023-07-20,002361.SZ,300,300,38.224291,38.356,39.5127,13
20260815_150541_6643db,2023-07-20,600916.SH,900,900,12.840523,12.62328,-195.5187,13
20260815_150541_6643db,2023-07-20,000554.SZ,400,400,28.103132,28.65688,221.4992,13
20260815_150541_6643db,2023-07-21,600051.SH,300,300,36.11806,36.86144,223.014,14
20260815_150541_6643db,2023-07-21,002817.SZ,300,300,31.508144,31.43304,-22.5312,14
20260815_150541_6643db,2023-07-21,600128.SH,400,400,25.610159,26.74926,455.6404,14
20260815_150541_6643db,2023-07-21,002144.SZ,900,900,13.009996,13.08615,68.5386,14
20260815_150541_6643db,2023-07-21,002361.SZ,300,300,38.224291,38.26011,10.7457,14
20260815_150541_6643db,2023-07-21,600916.SH,900,900,12.840523,12.61269,-205.0497,14
20260815_150541_6643db,2023-07-21,000554.SZ,400,400,28.103132,28.55874,182.2432,14
20260815_150541_6643db,2023-07-24,600051.SH,300,300,36.11806,36.7136,178.662,15
20260815_150541_6643db,2023-07-24,002817.SZ,300,300,31.508144,31.75488,74.0208,15
20260815_150541_6643db,2023-07-24,600128.SH,400,400,25.610159,26.71812,443.1844,15
20260815_150541_6643db,2023-07-24,002144.SZ,900,900,13.009996,13.15545,130.9086,15
20260815_150541_6643db,2023-07-24,002361.SZ,300,300,38.224291,38.26011,10.7457,15
20260815_150541_6643db,2023-07-24,600916.SH,900,900,12.840523,12.58092,-233.6427,15
20260815_150541_6643db,2023-07-24,000554.SZ,400,400,28.103132,28.50967,162.6152,15
20260815_150541_6643db,2023-07-25,600051.SH,300,300,36.11806,37.4528,400.422,16
20260815_150541_6643db,2023-07-25,002817.SZ,300,300,31.508144,31.79064,84.7488,16
20260815_150541_6643db,2023-07-25,600128.SH,400,400,25.610159,26.90496,517.9204,16
20260815_150541_6643db,2023-07-25,002144.SZ,900,900,13.009996,13.22475,193.2786,16
20260815_150541_6643db,2023-07-25,002361.SZ,300,300,38.224291,38.54778,97.0467,16
20260815_150541_6643db,2023-07-25,600916.SH,900,900,12.840523,12.708,-119.2707,16
20260815_150541_6643db,2023-07-25,000554.SZ,400,400,28.103132,28.9513,339.2672,16
20260815_150541_6643db,2023-07-26,600051.SH,300,300,36.11806,37.99488,563.046,17
20260815_150541_6643db,2023-07-26,002817.SZ,300,300,31.508144,31.6476,41.8368,17
20260815_150541_6643db,2023-07-26,600128.SH,400,400,25.610159,27.0918,592.6564,17
20260815_150541_6643db,2023-07-26,002144.SZ,900,900,13.009996,13.36335,318.0186,17
20260815_150541_6643db,2023-07-26,002361.SZ,300,300,38.224291,38.73956,154.5807,17
20260815_150541_6643db,2023-07-26,600916.SH,900,900,12.840523,12.68682,-138.3327,17
20260815_150541_6643db,2023-07-26,000554.SZ,400,400,28.103132,28.65688,221.4992,17
20260815_150541_6643db,2023-07-27,600051.SH,300,300,36.11806,37.79776,503.91,18
20260815_150541_6643db,2023-07-27,002817.SZ,300,300,31.508144,31.6476,41.8368,18
20260815_150541_6643db,2023-07-27,600128.SH,400,400,25.610159,27.12294,605.1124,18
20260815_150541_6643db,2023-07-27,002144.SZ,900,900,13.009996,13.24785,214.0686,18
20260815_150541_6643db,2023-07-27,002361.SZ,300,300,38.224291,38.64367,125.8137,18
20260815_150541_6643db,2023-07-27,600916.SH,900,900,12.840523,12.67623,-147.8637,18
20260815_150541_6643db,2023-07-27,000554.SZ,400,400,28.103132,28.46364,144.2032,18
20260815_150541_6643db,2023-07-28,600051.SH,300,300,36.11806,37.99488,563.046,19
20260815_150541_6643db,2023-07-28,002817.SZ,300,300,31.508144,31.86216,106.2048,19
20260815_150541_6643db,2023-07-28,600128.SH,400,400,25.610159,27.37206,704.7604,19
20260815_150541_6643db,2023-07-28,002144.SZ,900,900,13.009996,13.50195,442.7586,19
20260815_150541_6643db,2023-07-28,002361.SZ,300,300,38.224291,38.73956,154.5807,19
20260815_150541_6643db,2023-07-28,600916.SH,900,900,12.840523,12.71859,-109.7397,19
20260815_150541_6643db,2023-07-28,000554.SZ,400,400,28.103132,28.85692,301.5152,19
20260815_150541_6643db,2023-07-31,600051.SH,300,300,36.11806,38.38912,681.318,20
20260815_150541_6643db,2023-07-31,002817.SZ,300,300,31.508144,31.71912,63.2928,20
20260815_150541_6643db,2023-07-31,600128.SH,400,400,25.610159,28.24398,1053.5284,20
20260815_150541_6643db,2023-07-31,002144.SZ,900,900,13.009996,13.47885,421.9686,20
20260815_150541_6643db,2023-07-31,002361.SZ,300,300,38.224291,39.41079,355.9497,20
20260815_150541_6643db,2023-07-31,600916.SH,900,900,12.840523,12.84567,4.6323,20
20260815_150541_6643db,2023-07-31,000554.SZ,400,400,28.103132,28.90608,321.1792,20
20260815_150541_6643db,2023-08-01,600051.SH,300,300,36.11806,38.78336,799.59,21
20260815_150541_6643db,2023-08-01,002817.SZ,300,300,31.508144,31.71912,63.2928,21
20260815_150541_6643db,2023-08-01,600128.SH,400,400,25.610159,28.24398,1053.5284,21
20260815_150541_6643db,2023-08-01,002144.SZ,900,900,13.009996,13.31715,276.4386,21
20260815_150541_6643db,2023-08-01,002361.SZ,300,300,38.224291,39.3149,327.1827,21
20260815_150541_6643db,2023-08-01,600916.SH,900,900,12.840523,12.96216,109.4733,21
20260815_150541_6643db,2023-08-01,000554.SZ,400,400,28.103132,29.29936,478.4912,21
20260815_150541_6643db,2023-08-02,600051.SH,300,300,36.11806,38.63552,755.238,22
20260815_150541_6643db,2023-08-02,002817.SZ,300,300,31.508144,31.14696,-108.3552,22
20260815_150541_6643db,2023-08-02,600128.SH,400,400,25.610159,28.27512,1065.9844,22
20260815_150541_6643db,2023-08-02,002144.SZ,900,900,13.009996,13.34025,297.2286,22
20260815_150541_6643db,2023-08-02,002361.SZ,300,300,38.224291,39.79435,471.0177,22
20260815_150541_6643db,2023-08-02,600916.SH,900,900,12.840523,12.82449,-14.4297,22
20260815_150541_6643db,2023-08-02,000554.SZ,400,400,28.103132,29.05356,380.1712,22
20260815_150541_6643db,2023-08-03,600051.SH,300,300,36.11806,38.58624,740.454,23
20260815_150541_6643db,2023-08-03,002817.SZ,300,300,31.508144,31.50456,-1.0752,23
20260815_150541_6643db,2023-08-03,600128.SH,400,400,25.610159,27.8703,904.0564,23
20260815_150541_6643db,2023-08-03,002144.SZ,900,900,13.009996,13.1208,99.7236,23
20260815_150541_6643db,2023-08-03,002361.SZ,300,300,38.224291,39.3149,327.1827,23
20260815_150541_6643db,2023-08-03,600916.SH,900,900,12.840523,12.76095,-71.6157,23
20260815_150541_6643db,2023-08-03,000554.SZ,400,400,28.103132,28.70944,242.5232,23
20260815_150541_6643db,2023-08-04,600051.SH,300,300,36.11806,38.24128,636.966,24
20260815_150541_6643db,2023-08-04,002817.SZ,300,300,31.508144,31.54032,9.6528,24
20260815_150541_6643db,2023-08-04,600128.SH,400,400,25.610159,27.90144,916.5124,24
20260815_150541_6643db,2023-08-04,002144.SZ,900,900,13.009996,13.34025,297.2286,24
20260815_150541_6643db,2023-08-04,002361.SZ,300,300,38.224291,39.12312,269.6487,24
20260815_150541_6643db,2023-08-04,600916.SH,900,900,12.840523,12.73977,-90.6777,24
20260815_150541_6643db,2023-08-04,000554.SZ,400,400,28.103132,28.66028,222.8592,24
20260815_150541_6643db,2023-08-07,600051.SH,300,300,36.11806,37.84704,518.694,25
20260815_150541_6643db,2023-08-07,002817.SZ,300,300,31.508144,30.89664,-183.4512,25
20260815_150541_6643db,2023-08-07,600128.SH,400,400,25.610159,27.5589,779.4964,25
20260815_150541_6643db,2023-08-07,002144.SZ,900,900,13.009996,13.0053,-4.2264,25
20260815_150541_6643db,2023-08-07,002361.SZ,300,300,38.224291,38.93134,212.1147,25
20260815_150541_6643db,2023-08-07,600916.SH,900,900,12.840523,12.6021,-214.5807,25
20260815_150541_6643db,2023-08-07,000554.SZ,400,400,28.103132,28.56196,183.5312,25
20260815_150541_6643db,2023-08-08,600051.SH,300,300,36.11806,37.74848,489.126,26
20260815_150541_6643db,2023-08-08,002817.SZ,300,300,31.508144,31.39728,-33.2592,26
20260815_150541_6643db,2023-08-08,600128.SH,400,400,25.610159,27.5589,779.4964,26
20260815_150541_6643db,2023-08-08,002144.SZ,900,900,13.009996,12.94755,-56.2014,26
20260815_150541_6643db,2023-08-08,002361.SZ,300,300,38.224291,38.93134,212.1147,26
20260815_150541_6643db,2023-08-08,600916.SH,900,900,12.840523,12.708,-119.2707,26
20260815_150541_6643db,2023-08-08,000554.SZ,400,400,28.103132,28.70944,242.5232,26
20260815_150541_6643db,2023-08-09,600051.SH,300,300,36.11806,37.30496,356.07,27
20260815_150541_6643db,2023-08-09,002817.SZ,300,300,31.508144,31.6476,41.8368,27
20260815_150541_6643db,2023-08-09,600128.SH,400,400,25.610159,26.96724,542.8324,27
20260815_150541_6643db,2023-08-09,002144.SZ,900,900,13.009996,12.67035,-305.6814,27
20260815_150541_6643db,2023-08-09,002361.SZ,300,300,38.224291,38.45189,68.2797,27
20260815_150541_6643db,2023-08-09,600916.SH,900,900,12.840523,12.59151,-224.1117,27
20260815_150541_6643db,2023-08-09,000554.SZ,400,400,28.103132,28.267,65.5472,27
20260815_150541_6643db,2023-08-10,600051.SH,300,300,36.11806,37.55136,429.99,28
20260815_150541_6643db,2023-08-10,002817.SZ,300,300,31.508144,31.61184,31.1088,28
20260815_150541_6643db,2023-08-10,600128.SH,400,400,25.610159,27.0918,592.6564,28
20260815_150541_6643db,2023-08-10,002144.SZ,900,900,13.009996,12.80895,-180.9414,28
20260815_150541_6643db,2023-08-10,002361.SZ,300,300,38.224291,38.45189,68.2797,28
20260815_150541_6643db,2023-08-10,600916.SH,900,900,12.840523,12.63387,-185.9877,28
20260815_150541_6643db,2023-08-10,000554.SZ,400,400,28.103132,29.10272,399.8352,28
20260815_150541_6643db,2023-08-11,600051.SH,300,300,36.11806,37.15712,311.718,29
20260815_150541_6643db,2023-08-11,002817.SZ,300,300,31.508144,31.4688,-11.8032,29
20260815_150541_6643db,2023-08-11,600128.SH,400,400,25.610159,26.90496,517.9204,29
20260815_150541_6643db,2023-08-11,002144.SZ,900,900,13.009996,12.6588,-316.0764,29
20260815_150541_6643db,2023-08-11,002361.SZ,300,300,38.224291,37.87655,-104.3223,29
20260815_150541_6643db,2023-08-11,600916.SH,900,900,12.840523,12.51738,-290.8287,29
20260815_150541_6643db,2023-08-11,000554.SZ,400,400,28.103132,28.41448,124.5392,29
20260815_150541_6643db,2023-08-14,600051.SH,300,300,36.11806,37.50208,415.206,30
20260815_150541_6643db,2023-08-14,002817.SZ,300,300,31.508144,31.68336,52.5648,30
20260815_150541_6643db,2023-08-14,600128.SH,400,400,25.610159,26.87382,505.4644,30
20260815_150541_6643db,2023-08-14,002144.SZ,900,900,13.009996,12.9129,-87.3864,30
20260815_150541_6643db,2023-08-14,002361.SZ,300,300,38.224291,38.26011,10.7457,30
20260815_150541_6643db,2023-08-14,600916.SH,900,900,12.840523,12.50679,-300.3597,30
20260815_150541_6643db,2023-08-14,000554.SZ,400,400,28.103132,28.36532,104.8752,30
20260815_150541_6643db,2023-08-15,600051.SH,300,300,36.11806,37.10784,296.934,31
20260815_150541_6643db,2023-08-15,002817.SZ,300,300,31.508144,32.25552,224.2128,31
20260815_150541_6643db,2023-08-15,600128.SH,400,400,25.610159,26.90496,517.9204,31
20260815_150541_6643db,2023-08-15,002144.SZ,900,900,13.009996,13.1208,99.7236,31
20260815_150541_6643db,2023-08-15,002361.SZ,300,300,38.224291,37.87655,-104.3223,31
20260815_150541_6643db,2023-08-15,600916.SH,900,900,12.840523,12.37971,-414.7317,31
20260815_150541_6643db,2023-08-15,000554.SZ,400,400,28.103132,28.5128,163.8672,31
20260815_150541_6643db,2023-08-16,600051.SH,300,300,36.11806,37.00928,267.366,32
20260815_150541_6643db,2023-08-16,002817.SZ,300,300,31.508144,31.93368,127.6608,32
20260815_150541_6643db,2023-08-16,600128.SH,400,400,25.610159,26.81154,480.5524,32
20260815_150541_6643db,2023-08-16,002144.SZ,900,900,13.009996,13.10925,89.3286,32
20260815_150541_6643db,2023-08-16,002361.SZ,300,300,38.224291,37.3971,-248.1573,32
20260815_150541_6643db,2023-08-16,600916.SH,900,900,12.840523,12.03024,-729.2547,32
20260815_150541_6643db,2023-08-16,000554.SZ,400,400,28.103132,27.87372,-91.7648,32
20260815_150541_6643db,2023-08-17,600051.SH,300,300,36.11806,37.50208,415.206,33
20260815_150541_6643db,2023-08-17,002817.SZ,300,300,31.508144,32.5416,310.0368,33
20260815_150541_6643db,2023-08-17,600128.SH,400,400,25.610159,27.02952,567.7444,33
20260815_150541_6643db,2023-08-17,002144.SZ,900,900,13.009996,13.20165,172.4886,33
20260815_150541_6643db,2023-08-17,002361.SZ,300,300,38.224291,38.45189,68.2797,33
20260815_150541_6643db,2023-08-17,600916.SH,900,900,12.840523,12.09378,-672.0687,33
20260815_150541_6643db,2023-08-17,000554.SZ,400,400,28.103132,29.05356,380.1712,33
20260815_150541_6643db,2023-08-18,600051.SH,300,300,36.11806,36.91072,237.798,34
20260815_150541_6643db,2023-08-18,002817.SZ,300,300,31.508144,30.96816,-161.9952,34
20260815_150541_6643db,2023-08-18,600128.SH,400,400,25.610159,26.6247,405.8164,34
20260815_150541_6643db,2023-08-18,002144.SZ,900,900,13.009996,13.15545,130.9086,34
20260815_150541_6643db,2023-08-18,002361.SZ,300,300,38.224291,37.87655,-104.3223,34
20260815_150541_6643db,2023-08-18,600916.SH,900,900,12.840523,11.8608,-881.7507,34
20260815_150541_6643db,2023-08-18,000554.SZ,400,400,28.103132,28.7586,262.1872,34
20260815_150541_6643db,2023-08-21,600051.SH,300,300,36.11806,37.00928,267.366,35
20260815_150541_6643db,2023-08-21,002817.SZ,300,300,31.508144,29.75232,-526.7472,35
20260815_150541_6643db,2023-08-21,600128.SH,400,400,25.610159,26.6247,405.8164,35
20260815_150541_6643db,2023-08-21,002144.SZ,900,900,13.009996,13.20165,172.4886,35
20260815_150541_6643db,2023-08-21,002361.SZ,300,300,38.224291,37.49299,-219.3903,35
20260815_150541_6643db,2023-08-21,600916.SH,900,900,12.840523,11.87139,-872.2197,35
20260815_150541_6643db,2023-08-21,000554.SZ,400,400,28.103132,28.11952,6.5552,35
20260815_150541_6643db,2023-08-22,600051.SH,300,300,36.11806,36.07296,-13.53,36
20260815_150541_6643db,2023-08-22,002817.SZ,300,300,31.508144,29.18016,-698.3952,36
20260815_150541_6643db,2023-08-22,600128.SH,400,400,25.610159,26.3133,281.2564,36
20260815_150541_6643db,2023-08-22,002144.SZ,900,900,13.009996,12.92445,-76.9914,36
20260815_150541_6643db,2023-08-22,002361.SZ,300,300,38.224291,37.3971,-248.1573,36
20260815_150541_6643db,2023-08-22,600916.SH,900,900,12.840523,11.87139,-872.2197,36
20260815_150541_6643db,2023-08-22,000554.SZ,400,400,28.103132,27.87372,-91.7648,36
20260815_150541_6643db,2023-08-23,600051.SH,300,300,36.11806,35.53088,-176.154,37
20260815_150541_6643db,2023-08-23,002817.SZ,300,300,31.508144,28.89408,-784.2192,37
20260815_150541_6643db,2023-08-23,600128.SH,400,400,25.610159,26.18874,231.4324,37
20260815_150541_6643db,2023-08-23,002144.SZ,900,900,13.009996,12.85515,-139.3614,37
20260815_150541_6643db,2023-08-23,002361.SZ,300,300,38.224291,36.72587,-449.5263,37
20260815_150541_6643db,2023-08-23,600916.SH,900,900,12.840523,11.65959,-1062.8397,37
20260815_150541_6643db,2023-08-23,000554.SZ,400,400,28.103132,27.92288,-72.1008,37
20260815_150541_6643db,2023-08-24,600051.SH,500,300,35.960167,35.28448,-337.8435,38
20260815_150541_6643db,2023-08-24,600128.SH,700,400,25.885517,26.12646,168.6601,38
20260815_150541_6643db,2023-08-24,002144.SZ,1400,900,12.948043,12.8667,-113.8802,38
20260815_150541_6643db,2023-08-24,002361.SZ,500,300,37.720097,36.62998,-545.0585,38
20260815_150541_6643db,2023-08-24,000554.SZ,600,400,28.054685,27.87372,-108.579,38
20260815_150541_6643db,2023-08-25,600051.SH,500,500,35.960167,35.03808,-461.0435,39
20260815_150541_6643db,2023-08-25,600128.SH,700,700,25.885517,25.87734,-5.7239,39
20260815_150541_6643db,2023-08-25,002144.SZ,1400,1400,12.948043,12.6819,-372.6002,39
20260815_150541_6643db,2023-08-25,002361.SZ,500,500,37.720097,36.4382,-640.9485,39
20260815_150541_6643db,2023-08-25,000554.SZ,600,600,28.054685,27.48044,-344.547,39
20260815_150541_6643db,2023-08-28,600051.SH,500,500,35.960167,36.2208,130.3165,40
20260815_150541_6643db,2023-08-28,600128.SH,700,700,25.885517,26.43786,386.6401,40
20260815_150541_6643db,2023-08-28,002144.SZ,1400,1400,12.948043,13.17855,322.7098,40
20260815_150541_6643db,2023-08-28,002361.SZ,500,500,37.720097,37.20532,-257.3885,40
20260815_150541_6643db,2023-08-28,000554.SZ,600,600,28.054685,28.90608,510.837,40
20260815_150541_6643db,2023-08-29,600051.SH,500,500,35.960167,36.91072,475.2765,41
20260815_150541_6643db,2023-08-29,600128.SH,700,700,25.885517,26.96724,757.2061,41
20260815_150541_6643db,2023-08-29,002144.SZ,1400,1400,12.948043,13.3287,532.9198,41
20260815_150541_6643db,2023-08-29,002361.SZ,500,500,37.720097,37.58888,-65.6085,41
20260815_150541_6643db,2023-08-29,000554.SZ,600,600,28.054685,28.80776,451.845,41
20260815_150541_6643db,2023-08-30,600051.SH,500,500,35.960167,36.66432,352.0765,42
20260815_150541_6643db,2023-08-30,600128.SH,700,700,25.885517,27.02952,800.8021,42
20260815_150541_6643db,2023-08-30,002144.SZ,1400,1400,12.948043,13.3518,565.2598,42
20260815_150541_6643db,2023-08-30,002361.SZ,500,500,37.720097,37.68477,-17.6635,42
20260815_150541_6643db,2023-08-30,000554.SZ,600,600,28.054685,28.7586,422.349,42
20260815_150541_6643db,2023-08-31,600051.SH,500,500,35.960167,35.77728,-91.4435,43
20260815_150541_6643db,2023-08-31,600128.SH,700,700,25.885517,26.81154,648.2161,43
20260815_150541_6643db,2023-08-31,002144.SZ,1400,1400,12.948043,13.27095,452.0698,43
20260815_150541_6643db,2023-08-31,002361.SZ,500,500,37.720097,37.20532,-257.3885,43
20260815_150541_6643db,2023-08-31,000554.SZ,600,600,28.054685,28.5128,274.869,43
20260815_150541_6643db,2023-09-01,600051.SH,500,500,35.960167,35.82656,-66.8035,44
20260815_150541_6643db,2023-09-01,600128.SH,700,700,25.885517,26.90496,713.6101,44
20260815_150541_6643db,2023-09-01,002144.SZ,1400,1400,12.948043,13.3518,565.2598,44
20260815_150541_6643db,2023-09-01,002361.SZ,500,500,37.720097,37.10943,-305.3335,44
20260815_150541_6643db,2023-09-01,000554.SZ,600,600,28.054685,28.66028,363.357,44
20260815_150541_6643db,2023-09-04,600051.SH,500,500,35.960167,36.96,499.9165,45
20260815_150541_6643db,2023-09-04,600128.SH,700,700,25.885517,27.15408,887.9941,45
20260815_150541_6643db,2023-09-04,002144.SZ,1400,1400,12.948043,13.43265,678.4498,45
20260815_150541_6643db,2023-09-04,002361.SZ,500,500,37.720097,37.87655,78.2265,45
20260815_150541_6643db,2023-09-04,000554.SZ,600,600,28.054685,29.44684,835.293,45
20260815_150541_6643db,2023-09-05,600051.SH,500,500,35.960167,36.36864,204.2365,46
20260815_150541_6643db,2023-09-05,600128.SH,700,700,25.885517,27.06066,822.6001,46
20260815_150541_6643db,2023-09-05,002144.SZ,1400,1400,12.948043,13.29405,484.4098,46
20260815_150541_6643db,2023-09-05,002361.SZ,500,500,37.720097,37.78066,30.2815,46
20260815_150541_6643db,2023-09-05,000554.SZ,600,600,28.054685,29.2502,717.309,46
20260815_150541_6643db,2023-09-06,600051.SH,500,500,35.960167,36.56576,302.7965,47
20260815_150541_6643db,2023-09-06,600128.SH,700,700,25.885517,27.18522,909.7921,47
20260815_150541_6643db,2023-09-06,002144.SZ,1400,1400,12.948043,13.34025,549.0898,47
20260815_150541_6643db,2023-09-06,002361.SZ,500,500,37.720097,38.64367,461.7865,47
20260815_150541_6643db,2023-09-06,000554.SZ,600,600,28.054685,29.39768,805.797,47
20260815_150541_6643db,2023-09-07,600051.SH,500,500,35.960167,36.12224,81.0365,48
20260815_150541_6643db,2023-09-07,600128.SH,700,700,25.885517,26.9361,735.4081,48
20260815_150541_6643db,2023-09-07,002144.SZ,1400,1400,12.948043,13.17855,322.7098,48
20260815_150541_6643db,2023-09-07,002361.SZ,500,500,37.720097,37.87655,78.2265,48
20260815_150541_6643db,2023-09-07,000554.SZ,600,600,28.054685,29.20104,687.813,48
20260815_150541_6643db,2023-09-08,600051.SH,500,500,35.960167,35.87584,-42.1635,49
20260815_150541_6643db,2023-09-08,600128.SH,700,700,25.885517,26.96724,757.2061,49
20260815_150541_6643db,2023-09-08,002144.SZ,1400,1400,12.948043,13.10925,225.6898,49
20260815_150541_6643db,2023-09-08,002361.SZ,500,500,37.720097,38.45189,365.8965,49
20260815_150541_6643db,2023-09-08,000554.SZ,600,600,28.054685,29.0044,569.829,49
20260815_150541_6643db,2023-09-11,600051.SH,500,500,35.960167,36.12224,81.0365,50
20260815_150541_6643db,2023-09-11,600128.SH,700,700,25.885517,27.0918,844.3981,50
20260815_150541_6643db,2023-09-11,002144.SZ,1400,1400,12.948043,13.10925,225.6898,50
20260815_150541_6643db,2023-09-11,002361.SZ,500,500,37.720097,38.26011,270.0065,50
20260815_150541_6643db,2023-09-11,000554.SZ,600,600,28.054685,29.20104,687.813,50
20260815_150541_6643db,2023-09-12,600051.SH,500,500,35.960167,36.02368,31.7565,51
20260815_150541_6643db,2023-09-12,600128.SH,700,700,25.885517,26.469,408.4381,51
20260815_150541_6643db,2023-09-12,002144.SZ,1400,1400,12.948043,13.0515,144.8398,51
20260815_150541_6643db,2023-09-12,002361.SZ,500,500,37.720097,38.356,317.9515,51
20260815_150541_6643db,2023-09-12,000554.SZ,600,600,28.054685,29.10272,628.821,51
20260815_150541_6643db,2023-09-13,600051.SH,500,500,35.960167,35.728,-116.0835,52
20260815_150541_6643db,2023-09-13,600128.SH,700,700,25.885517,26.1576,190.4581,52
20260815_150541_6643db,2023-09-13,002144.SZ,1400,1400,12.948043,13.0284,112.4998,52
20260815_150541_6643db,2023-09-13,002361.SZ,500,500,37.720097,38.16422,222.0615,52
20260815_150541_6643db,2023-09-13,000554.SZ,600,600,28.054685,29.39768,805.797,52
20260815_150541_6643db,2023-09-14,600051.SH,500,500,35.960167,35.67872,-140.7235,53
20260815_150541_6643db,2023-09-14,600128.SH,700,700,25.885517,25.87734,-5.7239,53
20260815_150541_6643db,2023-09-14,002144.SZ,1400,1400,12.948043,12.90135,-65.3702,53
20260815_150541_6643db,2023-09-14,002361.SZ,500,500,37.720097,37.87655,78.2265,53
20260815_150541_6643db,2023-09-14,000554.SZ,600,600,28.054685,29.69264,982.773,53
20260815_150541_6643db,2023-09-15,600051.SH,500,500,35.960167,35.9744,7.1165,54
20260815_150541_6643db,2023-09-15,600128.SH,700,700,25.885517,25.90848,16.0741,54
20260815_150541_6643db,2023-09-15,002144.SZ,1400,1400,12.948043,13.0053,80.1598,54
20260815_150541_6643db,2023-09-15,002361.SZ,500,500,37.720097,37.87655,78.2265,54
20260815_150541_6643db,2023-09-15,000554.SZ,600,600,28.054685,29.88928,1100.757,54
20260815_150541_6643db,2023-09-18,600051.SH,500,500,35.960167,36.2208,130.3165,55
20260815_150541_6643db,2023-09-18,600128.SH,700,700,25.885517,26.28216,277.6501,55
20260815_150541_6643db,2023-09-18,002144.SZ,1400,1400,12.948043,13.398,629.9398,55
20260815_150541_6643db,2023-09-18,002361.SZ,500,500,37.720097,38.06833,174.1165,55
20260815_150541_6643db,2023-09-18,000554.SZ,600,600,28.054685,29.2502,717.309,55
20260815_150541_6643db,2023-09-19,600051.SH,500,500,35.960167,36.12224,81.0365,56
20260815_150541_6643db,2023-09-19,600128.SH,700,700,25.885517,25.87734,-5.7239,56
20260815_150541_6643db,2023-09-19,002144.SZ,1400,1400,12.948043,13.22475,387.3898,56
20260815_150541_6643db,2023-09-19,002361.SZ,500,500,37.720097,37.58888,-65.6085,56
20260815_150541_6643db,2023-09-19,000554.SZ,600,600,28.054685,29.20104,687.813,56
20260815_150541_6643db,2023-09-20,600051.SH,500,500,35.960167,35.92512,-17.5235,57
20260815_150541_6643db,2023-09-20,600128.SH,700,700,25.885517,25.90848,16.0741,57
20260815_150541_6643db,2023-09-20,002144.SZ,1400,1400,12.948043,13.29405,484.4098,57
20260815_150541_6643db,2023-09-20,002361.SZ,500,500,37.720097,37.49299,-113.5535,57
20260815_150541_6643db,2023-09-20,000554.SZ,600,600,28.054685,29.05356,599.325,57
20260815_150541_6643db,2023-09-21,600051.SH,500,500,35.960167,35.67872,-140.7235,58
20260815_150541_6643db,2023-09-21,600128.SH,700,700,25.885517,25.6905,-136.5119,58
20260815_150541_6643db,2023-09-21,002144.SZ,1400,1400,12.948043,13.13235,258.0298,58
20260815_150541_6643db,2023-09-21,002361.SZ,500,500,37.720097,37.3971,-161.4985,58
20260815_150541_6643db,2023-09-21,000554.SZ,600,600,28.054685,28.66028,363.357,58
20260815_150541_6643db,2023-09-22,600051.SH,500,500,35.960167,35.9744,7.1165,59
20260815_150541_6643db,2023-09-22,600128.SH,700,700,25.885517,26.09532,146.8621,59
20260815_150541_6643db,2023-09-22,002144.SZ,1400,1400,12.948043,13.38645,613.7698,59
20260815_150541_6643db,2023-09-22,002361.SZ,500,500,37.720097,37.68477,-17.6635,59
20260815_150541_6643db,2023-09-22,000554.SZ,600,600,28.054685,28.85692,481.341,59
20260815_150541_6643db,2023-09-25,600051.SH,500,500,35.960167,35.77728,-91.4435,60
20260815_150541_6643db,2023-09-25,600128.SH,700,700,25.885517,25.78392,-71.1179,60
20260815_150541_6643db,2023-09-25,002144.SZ,1400,1400,12.948043,13.3056,500.5798,60
20260815_150541_6643db,2023-09-25,002361.SZ,500,500,37.720097,37.30121,-209.4435,60
20260815_150541_6643db,2023-09-25,000554.SZ,600,600,28.054685,28.61112,333.861,60
20260815_150541_6643db,2023-09-26,600051.SH,500,500,35.960167,35.43232,-263.9235,61
20260815_150541_6643db,2023-09-26,600128.SH,700,700,25.885517,25.6905,-136.5119,61
20260815_150541_6643db,2023-09-26,002144.SZ,1400,1400,12.948043,13.22475,387.3898,61
20260815_150541_6643db,2023-09-26,002361.SZ,500,500,37.720097,36.82176,-449.1685,61
20260815_150541_6643db,2023-09-26,000554.SZ,600,600,28.054685,28.80776,451.845,61
20260815_150541_6643db,2023-09-27,600051.SH,500,500,35.960167,35.58016,-190.0035,62
20260815_150541_6643db,2023-09-27,600128.SH,700,700,25.885517,25.87734,-5.7239,62
20260815_150541_6643db,2023-09-27,002144.SZ,1400,1400,12.948043,13.29405,484.4098,62
20260815_150541_6643db,2023-09-27,002361.SZ,500,500,37.720097,36.82176,-449.1685,62
20260815_150541_6643db,2023-09-27,000554.SZ,600,600,28.054685,29.39768,805.797,62
20260815_150541_6643db,2023-09-28,600051.SH,500,500,35.960167,36.02368,31.7565,63
20260815_150541_6643db,2023-09-28,600128.SH,700,700,25.885517,26.1576,190.4581,63
20260815_150541_6643db,2023-09-28,002144.SZ,1400,1400,12.948043,13.45575,710.7898,63
20260815_150541_6643db,2023-09-28,002361.SZ,500,500,37.720097,37.49299,-113.5535,63
20260815_150541_6643db,2023-09-28,000554.SZ,600,600,28.054685,30.13508,1248.237,63
20260815_150541_6643db,2023-10-09,600051.SH,500,500,35.960167,34.84096,-559.6035,64
20260815_150541_6643db,2023-10-09,600128.SH,700,700,25.885517,25.2234,-463.4819,64
20260815_150541_6643db,2023-10-09,002144.SZ,1400,1400,12.948043,13.24785,419.7298,64
20260815_150541_6643db,2023-10-09,002361.SZ,500,500,37.720097,37.3971,-161.4985,64
20260815_150541_6643db,2023-10-09,000554.SZ,600,600,28.054685,29.69264,982.773,64
20260815_150541_6643db,2023-10-10,600051.SH,500,500,35.960167,34.7424,-608.8835,65
20260815_150541_6643db,2023-10-10,600128.SH,700,700,25.885517,25.44138,-310.8959,65
20260815_150541_6643db,2023-10-10,002144.SZ,1400,1400,12.948043,12.9591,15.4798,65
20260815_150541_6643db,2023-10-10,002361.SZ,500,500,37.720097,37.49299,-113.5535,65
20260815_150541_6643db,2023-10-10,000554.SZ,600,600,28.054685,29.84012,1071.261,65
20260815_150541_6643db,2023-10-11,600051.SH,500,500,35.960167,34.89024,-534.9635,66
20260815_150541_6643db,2023-10-11,600128.SH,700,700,25.885517,25.31682,-398.0879,66
20260815_150541_6643db,2023-10-11,002144.SZ,1400,1400,12.948043,12.8898,-81.5402,66
20260815_150541_6643db,2023-10-11,002361.SZ,500,500,37.720097,37.58888,-65.6085,66
20260815_150541_6643db,2023-10-11,000554.SZ,600,600,28.054685,28.46364,245.373,66
20260815_150541_6643db,2023-10-12,600051.SH,500,500,35.960167,34.89024,-534.9635,67
20260815_150541_6643db,2023-10-12,600128.SH,700,700,25.885517,25.41024,-332.6939,67
20260815_150541_6643db,2023-10-12,002144.SZ,1400,1400,12.948043,13.0053,80.1598,67
20260815_150541_6643db,2023-10-12,002361.SZ,500,500,37.720097,37.78066,30.2815,67
20260815_150541_6643db,2023-10-12,000554.SZ,600,600,28.054685,27.7754,-167.571,67
20260815_150541_6643db,2023-10-13,600051.SH,500,500,35.960167,34.2496,-855.2835,68
20260815_150541_6643db,2023-10-13,600128.SH,700,700,25.885517,25.00542,-616.0679,68
20260815_150541_6643db,2023-10-13,002144.SZ,1400,1400,12.948043,12.6126,-469.6202,68
20260815_150541_6643db,2023-10-13,002361.SZ,500,500,37.720097,37.3971,-161.4985,68
20260815_150541_6643db,2023-10-13,000554.SZ,600,600,28.054685,27.57876,-285.555,68
20260815_150541_6643db,2023-10-16,600051.SH,500,500,35.960167,34.34816,-806.0035,69
20260815_150541_6643db,2023-10-16,600128.SH,700,700,25.885517,25.12998,-528.8759,69
20260815_150541_6643db,2023-10-16,002144.SZ,1400,1400,12.948043,12.76275,-259.4102,69
20260815_150541_6643db,2023-10-16,002361.SZ,500,500,37.720097,37.3971,-161.4985,69
20260815_150541_6643db,2023-10-16,000554.SZ,600,600,28.054685,30.33172,1366.221,69
20260815_150541_6643db,2023-10-17,600051.SH,500,500,35.960167,34.44672,-756.7235,70
20260815_150541_6643db,2023-10-17,600128.SH,700,700,25.885517,25.25454,-441.6839,70
20260815_150541_6643db,2023-10-17,002144.SZ,1400,1400,12.948043,12.9822,47.8198,70
20260815_150541_6643db,2023-10-17,002361.SZ,500,500,37.720097,37.30121,-209.4435,70
20260815_150541_6643db,2023-10-17,000554.SZ,600,600,28.054685,30.2334,1307.229,70
20260815_150541_6643db,2023-10-18,600051.SH,500,500,35.960167,33.90464,-1027.7635,71
20260815_150541_6643db,2023-10-18,600128.SH,700,700,25.885517,24.912,-681.4619,71
20260815_150541_6643db,2023-10-18,002144.SZ,1400,1400,12.948043,12.71655,-324.0902,71
20260815_150541_6643db,2023-10-18,002361.SZ,500,500,37.720097,36.34231,-688.8935,71
20260815_150541_6643db,2023-10-18,000554.SZ,600,600,28.054685,30.2334,1307.229,71
20260815_150541_6643db,2023-10-19,600051.SH,500,500,35.960167,33.65824,-1150.9635,72
20260815_150541_6643db,2023-10-19,600128.SH,700,700,25.885517,24.81858,-746.8559,72
20260815_150541_6643db,2023-10-19,002144.SZ,1400,1400,12.948043,12.5433,-566.6402,72
20260815_150541_6643db,2023-10-19,002361.SZ,500,500,37.720097,36.24642,-736.8385,72
20260815_150541_6643db,2023-10-19,000554.SZ,600,600,28.054685,29.10272,628.821,72
20260815_150541_6643db,2023-10-20,600051.SH,500,500,35.960167,33.70752,-1126.3235,73
20260815_150541_6643db,2023-10-20,600128.SH,700,700,25.885517,24.66288,-855.8459,73
20260815_150541_6643db,2023-10-20,002144.SZ,1400,1400,12.948043,12.50865,-615.1502,73
20260815_150541_6643db,2023-10-20,002361.SZ,500,500,37.720097,35.95875,-880.6735,73
20260815_150541_6643db,2023-10-20,000554.SZ,600,600,28.054685,29.54516,894.285,73
20260815_150541_6643db,2023-10-23,600051.SH,500,500,35.960167,32.72192,-1619.1235,74
20260815_150541_6643db,2023-10-23,600128.SH,700,700,25.885517,23.9778,-1335.4019,74
20260815_150541_6643db,2023-10-23,002144.SZ,1400,1400,12.948043,12.16215,-1100.2502,74
20260815_150541_6643db,2023-10-23,002361.SZ,500,500,37.720097,35.09574,-1312.1785,74
20260815_150541_6643db,2023-10-23,000554.SZ,600,600,28.054685,28.16868,68.397,74
20260815_150541_6643db,2023-10-24,600128.SH,900,700,25.495956,24.81858,-609.6384,75
20260815_150541_6643db,2023-10-24,002144.SZ,1800,1400,12.776779,12.78585,16.3278,75
20260815_150541_6643db,2023-10-24,002361.SZ,600,500,37.322021,35.95875,-817.9626,75
20260815_150541_6643db,2023-10-24,000554.SZ,800,600,28.104294,29.59432,1192.0208,75
20260815_150541_6643db,2023-10-25,600128.SH,900,900,25.495956,25.25454,-217.2744,76
20260815_150541_6643db,2023-10-25,002144.SZ,1800,1800,12.776779,12.9129,245.0178,76
20260815_150541_6643db,2023-10-25,002361.SZ,600,600,37.322021,36.53409,-472.7586,76
20260815_150541_6643db,2023-10-25,000554.SZ,800,800,28.104294,29.59432,1192.0208,76
20260815_150541_6643db,2023-10-26,600128.SH,900,900,25.495956,25.16112,-301.3524,77
20260815_150541_6643db,2023-10-26,002144.SZ,1800,1800,12.776779,12.80895,57.9078,77
20260815_150541_6643db,2023-10-26,002361.SZ,600,600,37.322021,40.17791,1713.5334,77
20260815_150541_6643db,2023-10-26,000554.SZ,800,800,28.104294,29.2502,916.7248,77
20260815_150541_6643db,2023-10-27,600128.SH,900,900,25.495956,25.44138,-49.1184,78
20260815_150541_6643db,2023-10-27,002144.SZ,1800,1800,12.776779,13.0746,536.0778,78
20260815_150541_6643db,2023-10-27,002361.SZ,600,600,37.322021,38.64367,792.9894,78
20260815_150541_6643db,2023-10-27,000554.SZ,800,800,28.104294,29.20104,877.3968,78
20260815_150541_6643db,2023-10-30,600128.SH,900,900,25.495956,25.93962,399.2976,79
20260815_150541_6643db,2023-10-30,002144.SZ,1800,1800,12.776779,13.01685,432.1278,79
20260815_150541_6643db,2023-10-30,002361.SZ,600,600,37.322021,38.64367,792.9894,79
20260815_150541_6643db,2023-10-30,000554.SZ,800,800,28.104294,29.34852,995.3808,79
20260815_150541_6643db,2023-10-31,600128.SH,900,900,25.495956,26.28216,707.5836,80
20260815_150541_6643db,2023-10-31,002144.SZ,1800,1800,12.776779,13.0746,536.0778,80
20260815_150541_6643db,2023-10-31,002361.SZ,600,600,37.322021,38.93134,965.5914,80
20260815_150541_6643db,2023-10-31,000554.SZ,800,800,28.104294,28.66028,444.7888,80
20260815_150541_6643db,2023-11-01,600128.SH,900,900,25.495956,26.7804,1155.9996,81
20260815_150541_6643db,2023-11-01,002144.SZ,1800,1800,12.776779,13.1901,743.9778,81
20260815_150541_6643db,2023-11-01,002361.SZ,600,600,37.322021,38.54778,735.4554,81
20260815_150541_6643db,2023-11-01,000554.SZ,800,800,28.104294,28.70944,484.1168,81
20260815_150541_6643db,2023-11-02,600128.SH,900,900,25.495956,26.43786,847.7136,82
20260815_150541_6643db,2023-11-02,002144.SZ,1800,1800,12.776779,13.167,702.3978,82
20260815_150541_6643db,2023-11-02,002361.SZ,600,600,37.322021,38.16422,505.3194,82
20260815_150541_6643db,2023-11-02,000554.SZ,800,800,28.104294,28.7586,523.4448,82
20260815_150541_6643db,2023-11-03,600128.SH,900,900,25.495956,26.18874,623.5056,83
20260815_150541_6643db,2023-11-03,002144.SZ,1800,1800,12.776779,13.167,702.3978,83
20260815_150541_6643db,2023-11-03,002361.SZ,600,600,37.322021,38.73956,850.5234,83
20260815_150541_6643db,2023-11-03,000554.SZ,800,800,28.104294,28.7586,523.4448,83
20260815_150541_6643db,2023-11-06,600128.SH,900,900,25.495956,26.40672,819.6876,84
20260815_150541_6643db,2023-11-06,002144.SZ,1800,1800,12.776779,13.22475,806.3478,84
20260815_150541_6643db,2023-11-06,002361.SZ,600,600,37.322021,39.21901,1138.1934,84
20260815_150541_6643db,2023-11-06,000554.SZ,800,800,28.104294,28.85692,602.1008,84
20260815_150541_6643db,2023-11-07,600128.SH,900,900,25.495956,26.74926,1127.9736,85
20260815_150541_6643db,2023-11-07,002144.SZ,1800,1800,12.776779,13.2825,910.2978,85
20260815_150541_6643db,2023-11-07,002361.SZ,600,600,37.322021,39.21901,1138.1934,85
20260815_150541_6643db,2023-11-07,000554.SZ,800,800,28.104294,29.2502,916.7248,85
20260815_150541_6643db,2023-11-08,600128.SH,900,900,25.495956,26.68698,1071.9216,86
20260815_150541_6643db,2023-11-08,002144.SZ,1800,1800,12.776779,13.27095,889.5078,86
20260815_150541_6643db,2023-11-08,002361.SZ,600,600,37.322021,39.41079,1253.2614,86
20260815_150541_6643db,2023-11-08,000554.SZ,800,800,28.104294,29.0044,720.0848,86
20260815_150541_6643db,2023-11-09,600128.SH,900,900,25.495956,26.53128,931.7916,87
20260815_150541_6643db,2023-11-09,002144.SZ,1800,1800,12.776779,13.2363,827.1378,87
20260815_150541_6643db,2023-11-09,002361.SZ,600,600,37.322021,38.93134,965.5914,87
20260815_150541_6643db,2023-11-09,000554.SZ,800,800,28.104294,28.7586,523.4448,87
20260815_150541_6643db,2023-11-10,600128.SH,900,900,25.495956,26.74926,1127.9736,88
20260815_150541_6643db,2023-11-10,002144.SZ,1800,1800,12.776779,13.24785,847.9278,88
20260815_150541_6643db,2023-11-10,002361.SZ,600,600,37.322021,39.02723,1023.1254,88
20260815_150541_6643db,2023-11-10,000554.SZ,800,800,28.104294,29.15188,838.0688,88
20260815_150541_6643db,2023-11-13,600128.SH,900,900,25.495956,27.02952,1380.2076,89
20260815_150541_6643db,2023-11-13,002144.SZ,1800,1800,12.776779,13.50195,1305.3078,89
20260815_150541_6643db,2023-11-13,002361.SZ,600,600,37.322021,39.79435,1483.3974,89
20260815_150541_6643db,2023-11-13,000554.SZ,800,800,28.104294,29.69264,1270.6768,89
20260815_150541_6643db,2023-11-14,600128.SH,900,900,25.495956,27.0918,1436.2596,90
20260815_150541_6643db,2023-11-14,002144.SZ,1800,1800,12.776779,13.3749,1076.6178,90
20260815_150541_6643db,2023-11-14,002361.SZ,600,600,37.322021,39.89024,1540.9314,90
20260815_150541_6643db,2023-11-14,000554.SZ,800,800,28.104294,29.39768,1034.7088,90
20260815_150541_6643db,2023-11-15,600128.SH,900,900,25.495956,27.06066,1408.2336,91
20260815_150541_6643db,2023-11-15,002144.SZ,1800,1800,12.776779,13.47885,1263.7278,91
20260815_150541_6643db,2023-11-15,002361.SZ,600,600,37.322021,39.89024,1540.9314,91
20260815_150541_6643db,2023-11-15,000554.SZ,800,800,28.104294,29.496,1113.3648,91
20260815_150541_6643db,2023-11-16,600128.SH,900,900,25.495956,26.99838,1352.1816,92
20260815_150541_6643db,2023-11-16,002144.SZ,1800,1800,12.776779,13.40955,1138.9878,92
20260815_150541_6643db,2023-11-16,002361.SZ,600,600,37.322021,39.60257,1368.3294,92
20260815_150541_6643db,2023-11-16,000554.SZ,800,800,28.104294,29.34852,995.3808,92
20260815_150541_6643db,2023-11-17,600128.SH,900,900,25.495956,27.34092,1660.4676,93
20260815_150541_6643db,2023-11-17,002144.SZ,1800,1800,12.776779,13.45575,1222.1478,93
20260815_150541_6643db,2023-11-17,002361.SZ,600,600,37.322021,39.79435,1483.3974,93
20260815_150541_6643db,2023-11-17,000554.SZ,800,800,28.104294,29.05356,759.4128,93
20260815_150541_6643db,2023-11-20,600128.SH,900,900,25.495956,27.4032,1716.5196,94
20260815_150541_6643db,2023-11-20,002144.SZ,1800,1800,12.776779,13.5597,1409.2578,94
20260815_150541_6643db,2023-11-20,002361.SZ,600,600,37.322021,40.2738,1771.0674,94
20260815_150541_6643db,2023-11-20,000554.SZ,800,800,28.104294,29.496,1113.3648,94
20260815_150541_6643db,2023-11-21,600128.SH,900,900,25.495956,27.27864,1604.4156,95
20260815_150541_6643db,2023-11-21,002144.SZ,1800,1800,12.776779,13.5135,1326.0978,95
20260815_150541_6643db,2023-11-21,002361.SZ,600,600,37.322021,39.69846,1425.8634,95
20260815_150541_6643db,2023-11-21,000554.SZ,800,800,28.104294,29.34852,995.3808,95
20260815_150541_6643db,2023-11-22,600128.SH,900,900,25.495956,27.62118,1912.7016,96
20260815_150541_6643db,2023-11-22,002144.SZ,1800,1800,12.776779,13.5135,1326.0978,96
20260815_150541_6643db,2023-11-22,002361.SZ,600,600,37.322021,39.3149,1195.7274,96
20260815_150541_6643db,2023-11-22,000554.SZ,800,800,28.104294,29.496,1113.3648,96
20260815_150541_6643db,2023-11-23,600128.SH,900,900,25.495956,27.80802,2080.8576,97
20260815_150541_6643db,2023-11-23,002144.SZ,1800,1800,12.776779,13.64055,1554.7878,97
20260815_150541_6643db,2023-11-23,002361.SZ,600,600,37.322021,39.79435,1483.3974,97
20260815_150541_6643db,2023-11-23,000554.SZ,800,800,28.104294,29.69264,1270.6768,97
20260815_150541_6643db,2023-11-24,600128.SH,900,900,25.495956,27.8703,2136.9096,98
20260815_150541_6643db,2023-11-24,002144.SZ,1800,1800,12.776779,13.54815,1388.4678,98
20260815_150541_6643db,2023-11-24,002361.SZ,600,600,37.322021,39.3149,1195.7274,98
20260815_150541_6643db,2023-11-24,000554.SZ,800,800,28.104294,29.59432,1192.0208,98
20260815_150541_6643db,2023-11-27,600128.SH,900,900,25.495956,27.5589,1856.6496,99
20260815_150541_6643db,2023-11-27,002144.SZ,1800,1800,12.776779,13.4442,1201.3578,99
20260815_150541_6643db,2023-11-27,002361.SZ,600,600,37.322021,39.3149,1195.7274,99
20260815_150541_6643db,2023-11-27,000554.SZ,800,800,28.104294,29.39768,1034.7088,99
20260815_150541_6643db,2023-11-28,600128.SH,900,900,25.495956,27.99486,2249.0136,100
20260815_150541_6643db,2023-11-28,002144.SZ,1800,1800,12.776779,13.6521,1575.5778,100
20260815_150541_6643db,2023-11-28,002361.SZ,600,600,37.322021,39.60257,1368.3294,100
20260815_150541_6643db,2023-11-28,000554.SZ,800,800,28.104294,29.64348,1231.3488,100
20260815_150541_6643db,2023-11-29,600128.SH,900,900,25.495956,27.8703,2136.9096,101
20260815_150541_6643db,2023-11-29,002144.SZ,1800,1800,12.776779,13.54815,1388.4678,101
20260815_150541_6643db,2023-11-29,002361.SZ,600,600,37.322021,39.21901,1138.1934,101
20260815_150541_6643db,2023-11-29,000554.SZ,800,800,28.104294,29.2502,916.7248,101
20260815_150541_6643db,2023-11-30,600128.SH,900,900,25.495956,28.30626,2529.2736,102
20260815_150541_6643db,2023-11-30,002144.SZ,1800,1800,12.776779,13.57125,1430.0478,102
20260815_150541_6643db,2023-11-30,002361.SZ,600,600,37.322021,38.73956,850.5234,102
20260815_150541_6643db,2023-11-30,000554.SZ,800,800,28.104294,29.15188,838.0688,102
20260815_150541_6643db,2023-12-01,600128.SH,900,900,25.495956,31.14,5079.6396,103
20260815_150541_6643db,2023-12-01,002144.SZ,1800,1800,12.776779,13.70985,1679.5278,103
20260815_150541_6643db,2023-12-01,002361.SZ,600,600,37.322021,39.02723,1023.1254,103
20260815_150541_6643db,2023-12-01,000554.SZ,800,800,28.104294,29.0044,720.0848,103
20260815_150541_6643db,2023-12-04,600128.SH,900,900,25.495956,34.254,7882.2396,104
20260815_150541_6643db,2023-12-04,002144.SZ,1800,1800,12.776779,13.86,1949.7978,104
20260815_150541_6643db,2023-12-04,002361.SZ,600,600,37.322021,38.83545,908.0574,104
20260815_150541_6643db,2023-12-04,000554.SZ,800,800,28.104294,29.20104,877.3968,104
20260815_150541_6643db,2023-12-05,600128.SH,900,900,25.495956,34.03602,7686.0576,105
20260815_150541_6643db,2023-12-05,002144.SZ,1800,1800,12.776779,13.6521,1575.5778,105
20260815_150541_6643db,2023-12-05,002361.SZ,600,600,37.322021,38.356,620.3874,105
20260815_150541_6643db,2023-12-05,000554.SZ,800,800,28.104294,28.66028,444.7888,105
20260815_150541_6643db,2023-12-06,600128.SH,900,900,25.495956,35.21934,8751.0456,106
20260815_150541_6643db,2023-12-06,002144.SZ,1800,1800,12.776779,13.68675,1637.9478,106
20260815_150541_6643db,2023-12-06,002361.SZ,600,600,37.322021,38.73956,850.5234,106
20260815_150541_6643db,2023-12-06,000554.SZ,800,800,28.104294,29.0044,720.0848,106
20260815_150541_6643db,2023-12-07,600128.SH,900,900,25.495956,37.9908,11245.3596,107
20260815_150541_6643db,2023-12-07,002144.SZ,1800,1800,12.776779,13.57125,1430.0478,107
20260815_150541_6643db,2023-12-07,002361.SZ,600,600,37.322021,38.45189,677.9214,107
20260815_150541_6643db,2023-12-07,000554.SZ,800,800,28.104294,28.70944,484.1168,107
20260815_150541_6643db,2023-12-08,600128.SH,900,900,25.495956,34.19172,7826.1876,108
20260815_150541_6643db,2023-12-08,002144.SZ,1800,1800,12.776779,13.0284,452.9178,108
20260815_150541_6643db,2023-12-08,002361.SZ,600,600,37.322021,37.49299,102.5814,108
20260815_150541_6643db,2023-12-08,000554.SZ,800,800,28.104294,27.97204,-105.8032,108
20260815_150541_6643db,2023-12-11,600128.SH,900,900,25.495956,36.46494,9872.0856,109
20260815_150541_6643db,2023-12-11,002144.SZ,1800,1800,12.776779,13.2825,910.2978,109
20260815_150541_6643db,2023-12-11,002361.SZ,600,600,37.322021,37.97244,390.2514,109
20260815_150541_6643db,2023-12-11,000554.SZ,800,800,28.104294,28.21784,90.8368,109
20260815_150541_6643db,2023-12-12,600128.SH,900,900,25.495956,37.95966,11217.3336,110
20260815_150541_6643db,2023-12-12,002144.SZ,1800,1800,12.776779,13.57125,1430.0478,110
20260815_150541_6643db,2023-12-12,002361.SZ,600,600,37.322021,38.06833,447.7854,110
20260815_150541_6643db,2023-12-12,000554.SZ,800,800,28.104294,28.5128,326.8048,110
20260815_150541_6643db,2023-12-13,600128.SH,900,900,25.495956,35.84214,9311.5656,111
20260815_150541_6643db,2023-12-13,002144.SZ,1800,1800,12.776779,13.50195,1305.3078,111
20260815_150541_6643db,2023-12-13,002361.SZ,600,600,37.322021,38.06833,447.7854,111
20260815_150541_6643db,2023-12-13,000554.SZ,800,800,28.104294,28.7586,523.4448,111
20260815_150541_6643db,2023-12-14,600128.SH,900,900,25.495956,39.42324,12534.5556,112
20260815_150541_6643db,2023-12-14,002144.SZ,1800,1800,12.776779,13.5828,1450.8378,112
20260815_150541_6643db,2023-12-14,002361.SZ,600,600,37.322021,37.97244,390.2514,112
20260815_150541_6643db,2023-12-14,000554.SZ,800,800,28.104294,29.15188,838.0688,112
20260815_150541_6643db,2023-12-15,600128.SH,900,900,25.495956,38.08422,11329.4376,113
20260815_150541_6643db,2023-12-15,002144.SZ,1800,1800,12.776779,13.66365,1596.3678,113
20260815_150541_6643db,2023-12-15,002361.SZ,600,600,37.322021,37.87655,332.7174,113
20260815_150541_6643db,2023-12-15,000554.SZ,800,800,28.104294,29.0044,720.0848,113
20260815_150541_6643db,2023-12-18,600128.SH,900,900,25.495956,34.28514,7910.2656,114
20260815_150541_6643db,2023-12-18,002144.SZ,1800,1800,12.776779,13.52505,1346.8878,114
20260815_150541_6643db,2023-12-18,002361.SZ,600,600,37.322021,37.10943,-127.5546,114
20260815_150541_6643db,2023-12-18,000554.SZ,800,800,28.104294,28.70944,484.1168,114
20260815_150541_6643db,2023-12-19,600128.SH,900,900,25.495956,31.26456,5191.7436,115
20260815_150541_6643db,2023-12-19,002144.SZ,1800,1800,12.776779,13.4673,1242.9378,115
20260815_150541_6643db,2023-12-19,002361.SZ,600,600,37.322021,37.20532,-70.0206,115
20260815_150541_6643db,2023-12-19,000554.SZ,800,800,28.104294,28.36532,208.8208,115
20260815_150541_6643db,2023-12-20,600128.SH,900,900,25.495956,31.57596,5472.0036,116
20260815_150541_6643db,2023-12-20,002144.SZ,1800,1800,12.776779,13.5135,1326.0978,116
20260815_150541_6643db,2023-12-20,002361.SZ,600,600,37.322021,36.91765,-242.6226,116
20260815_150541_6643db,2023-12-20,000554.SZ,800,800,28.104294,28.61112,405.4608,116
20260815_150541_6643db,2023-12-21,600128.SH,900,900,25.495956,31.04658,4995.5616,117
20260815_150541_6643db,2023-12-21,002144.SZ,1800,1800,12.776779,13.7214,1700.3178,117
20260815_150541_6643db,2023-12-21,002361.SZ,600,600,37.322021,37.3971,45.0474,117
20260815_150541_6643db,2023-12-21,000554.SZ,800,800,28.104294,28.66028,444.7888,117
20260815_150541_6643db,2023-12-22,600128.SH,900,900,25.495956,30.0501,4098.7296,118
20260815_150541_6643db,2023-12-22,002144.SZ,1800,1800,12.776779,13.6059,1492.4178,118
20260815_150541_6643db,2023-12-22,002361.SZ,600,600,37.322021,37.01354,-185.0886,118
20260815_150541_6643db,2023-12-22,000554.SZ,800,800,28.104294,28.36532,208.8208,118
20260815_150541_6643db,2023-12-25,600128.SH,900,900,25.495956,29.83212,3902.5476,119
20260815_150541_6643db,2023-12-25,002144.SZ,1800,1800,12.776779,13.43265,1180.5678,119
20260815_150541_6643db,2023-12-25,002361.SZ,600,600,37.322021,36.82176,-300.1566,119
20260815_150541_6643db,2023-12-25,000554.SZ,800,800,28.104294,28.0212,-66.4752,119
20260815_150541_6643db,2023-12-26,600128.SH,900,900,25.495956,29.98782,4042.6776,120
20260815_150541_6643db,2023-12-26,002144.SZ,1800,1800,12.776779,13.17855,723.1878,120
20260815_150541_6643db,2023-12-26,002361.SZ,600,600,37.322021,36.4382,-530.2926,120
20260815_150541_6643db,2023-12-26,000554.SZ,800,800,28.104294,27.62792,-381.0992,120
20260815_150541_6643db,2023-12-27,600128.SH,900,900,25.495956,30.26808,4294.9116,121
20260815_150541_6643db,2023-12-27,002144.SZ,1800,1800,12.776779,13.2594,868.7178,121
20260815_150541_6643db,2023-12-27,002361.SZ,600,600,37.322021,36.82176,-300.1566,121
20260815_150541_6643db,2023-12-27,000554.SZ,800,800,28.104294,28.0212,-66.4752,121
20260815_150541_6643db,2023-12-28,600128.SH,900,900,25.495956,29.8944,3958.5996,122
20260815_150541_6643db,2023-12-28,002144.SZ,1800,1800,12.776779,13.2363,827.1378,122
20260815_150541_6643db,2023-12-28,002361.SZ,600,600,37.322021,37.30121,-12.4866,122
20260815_150541_6643db,2023-12-28,000554.SZ,800,800,28.104294,28.31616,169.4928,122
20260815_150541_6643db,2023-12-29,600128.SH,900,900,25.495956,30.45492,4463.0676,123
20260815_150541_6643db,2023-12-29,002144.SZ,1800,1800,12.776779,13.4211,1159.7778,123
20260815_150541_6643db,2023-12-29,002361.SZ,600,600,37.322021,37.68477,217.6494,123
20260815_150541_6643db,2023-12-29,000554.SZ,800,800,28.104294,28.36532,208.8208,123
20260815_150541_6643db,2024-01-02,600128.SH,900,900,25.495956,30.3615,4378.9896,124
20260815_150541_6643db,2024-01-02,002144.SZ,1800,1800,12.776779,13.75605,1762.6878,124
20260815_150541_6643db,2024-01-02,002361.SZ,600,600,37.322021,38.16422,505.3194,124
20260815_150541_6643db,2024-01-02,000554.SZ,800,800,28.104294,28.90608,641.4288,124
20260815_150541_6643db,2024-01-03,600128.SH,900,900,25.495956,29.86326,3930.5736,125
20260815_150541_6643db,2024-01-03,002144.SZ,1800,1800,12.776779,13.7676,1783.4778,125
20260815_150541_6643db,2024-01-03,002361.SZ,600,600,37.322021,38.06833,447.7854,125
20260815_150541_6643db,2024-01-03,000554.SZ,800,800,28.104294,29.05356,759.4128,125
20260815_150541_6643db,2024-01-04,600128.SH,900,900,25.495956,29.52072,3622.2876,126
20260815_150541_6643db,2024-01-04,002144.SZ,1800,1800,12.776779,13.86,1949.7978,126
20260815_150541_6643db,2024-01-04,002361.SZ,600,600,37.322021,37.97244,390.2514,126
20260815_150541_6643db,2024-01-04,000554.SZ,800,800,28.104294,29.20104,877.3968,126
20260815_150541_6643db,2024-01-05,600128.SH,900,900,25.495956,29.1159,3257.9496,127
20260815_150541_6643db,2024-01-05,002144.SZ,1800,1800,12.776779,13.7676,1783.4778,127
20260815_150541_6643db,2024-01-05,002361.SZ,600,600,37.322021,37.3971,45.0474,127
20260815_150541_6643db,2024-01-05,000554.SZ,800,800,28.104294,29.0044,720.0848,127
20260815_150541_6643db,2024-01-08,600128.SH,900,900,25.495956,28.89792,3061.7676,128
20260815_150541_6643db,2024-01-08,002144.SZ,1800,1800,12.776779,13.61745,1513.2078,128
20260815_150541_6643db,2024-01-08,002361.SZ,600,600,37.322021,36.62998,-415.2246,128
20260815_150541_6643db,2024-01-08,000554.SZ,800,800,28.104294,28.46364,287.4768,128
20260815_150541_6643db,2024-01-09,600128.SH,900,900,25.495956,29.2716,3398.0796,129
20260815_150541_6643db,2024-01-09,002144.SZ,1800,1800,12.776779,13.7907,1825.0578,129
20260815_150541_6643db,2024-01-09,002361.SZ,600,600,37.322021,36.91765,-242.6226,129
20260815_150541_6643db,2024-01-09,000554.SZ,800,800,28.104294,28.95524,680.7568,129
20260815_150541_6643db,2024-01-10,600128.SH,900,900,25.495956,28.99134,3145.8456,130
20260815_150541_6643db,2024-01-10,002144.SZ,1800,1800,12.776779,13.61745,1513.2078,130
20260815_150541_6643db,2024-01-10,002361.SZ,600,600,37.322021,36.53409,-472.7586,130
20260815_150541_6643db,2024-01-10,000554.SZ,800,800,28.104294,28.5128,326.8048,130
20260815_150541_6643db,2024-01-11,600128.SH,900,900,25.495956,29.20932,3342.0276,131
20260815_150541_6643db,2024-01-11,002144.SZ,1800,1800,12.776779,13.66365,1596.3678,131
20260815_150541_6643db,2024-01-11,002361.SZ,600,600,37.322021,37.30121,-12.4866,131
20260815_150541_6643db,2024-01-11,000554.SZ,800,800,28.104294,28.41448,248.1488,131
20260815_150541_6643db,2024-01-12,600128.SH,900,900,25.495956,28.71108,2893.6116,132
20260815_150541_6643db,2024-01-12,002144.SZ,1800,1800,12.776779,13.5135,1326.0978,132
20260815_150541_6643db,2024-01-12,002361.SZ,600,600,37.322021,37.3971,45.0474,132
20260815_150541_6643db,2024-01-12,000554.SZ,800,800,28.104294,28.70944,484.1168,132
20260815_150541_6643db,2024-01-15,600128.SH,900,900,25.495956,29.05362,3201.8976,133
20260815_150541_6643db,2024-01-15,002144.SZ,1800,1800,12.776779,13.6521,1575.5778,133
20260815_150541_6643db,2024-01-15,002361.SZ,600,600,37.322021,37.01354,-185.0886,133
20260815_150541_6643db,2024-01-15,000554.SZ,800,800,28.104294,28.85692,602.1008,133
20260815_150541_6643db,2024-01-16,600128.SH,900,900,25.495956,28.99134,3145.8456,134
20260815_150541_6643db,2024-01-16,002144.SZ,1800,1800,12.776779,13.5597,1409.2578,134
20260815_150541_6643db,2024-01-16,002361.SZ,600,600,37.322021,36.82176,-300.1566,134
20260815_150541_6643db,2024-01-16,000554.SZ,800,800,28.104294,30.9708,2293.2048,134
20260815_150541_6643db,2024-01-17,600128.SH,900,900,25.495956,28.36854,2585.3256,135
20260815_150541_6643db,2024-01-17,002144.SZ,1800,1800,12.776779,13.4904,1284.5178,135
20260815_150541_6643db,2024-01-17,002361.SZ,600,600,37.322021,35.95875,-817.9626,135
20260815_150541_6643db,2024-01-17,000554.SZ,800,800,28.104294,34.06788,4770.8688,135
20260815_150541_6643db,2024-01-18,600128.SH,900,900,25.495956,27.83916,2108.8836,136
20260815_150541_6643db,2024-01-18,002144.SZ,1800,1800,12.776779,12.94755,307.3878,136
20260815_150541_6643db,2024-01-18,002361.SZ,600,600,37.322021,35.67108,-990.5646,136
20260815_150541_6643db,2024-01-18,000554.SZ,800,800,28.104294,33.87124,4613.5568,136
20260815_150541_6643db,2024-01-19,600128.SH,900,900,25.495956,27.68346,1968.7536,137
20260815_150541_6643db,2024-01-19,002144.SZ,1800,1800,12.776779,12.85515,141.0678,137
20260815_150541_6643db,2024-01-19,002361.SZ,600,600,37.322021,35.09574,-1335.7686,137
20260815_150541_6643db,2024-01-19,000554.SZ,800,800,28.104294,30.57752,1978.5808,137
20260815_150541_6643db,2024-01-22,600128.SH,900,900,25.495956,25.72164,203.1156,138
20260815_150541_6643db,2024-01-22,002144.SZ,1800,1800,12.776779,11.6886,-1958.7222,138
20260815_150541_6643db,2024-01-22,002361.SZ,600,600,37.322021,32.89027,-2659.0506,138
20260815_150541_6643db,2024-01-22,000554.SZ,800,800,28.104294,28.11952,12.1808,138
20260815_150541_6643db,2024-01-23,600128.SH,1700,900,25.720001,25.5348,-314.8417,139
20260815_150541_6643db,2024-01-23,000554.SZ,800,800,28.104294,30.92164,2253.8768,139
20260815_150541_6643db,2024-01-24,600128.SH,1700,1700,25.720001,26.50014,1326.2363,140
20260815_150541_6643db,2024-01-24,000554.SZ,800,800,28.104294,29.496,1113.3648,140
20260815_150541_6643db,2024-01-25,600128.SH,1700,1700,25.720001,27.49662,3020.2523,141
20260815_150541_6643db,2024-01-25,000554.SZ,800,800,28.104294,30.92164,2253.8768,141
20260815_150541_6643db,2024-01-26,600128.SH,1700,1700,25.720001,28.11942,4079.0123,142
20260815_150541_6643db,2024-01-26,000554.SZ,800,800,28.104294,31.51156,2725.8128,142
20260815_150541_6643db,2024-01-29,600128.SH,1700,1700,25.720001,27.15408,2437.9343,143
20260815_150541_6643db,2024-01-29,000554.SZ,800,800,28.104294,30.13508,1624.6288,143
20260815_150541_6643db,2024-01-30,600128.SH,1700,1700,25.720001,26.1576,743.9183,144
20260815_150541_6643db,2024-01-30,000554.SZ,800,800,28.104294,29.34852,995.3808,144
20260815_150541_6643db,2024-01-31,600128.SH,1700,1700,25.720001,24.84972,-1479.4777,145
20260815_150541_6643db,2024-01-31,000554.SZ,800,800,28.104294,29.88928,1427.9888,145
20260815_150541_6643db,2024-02-01,600128.SH,1700,1700,25.720001,23.94666,-3014.6797,146
20260815_150541_6643db,2024-02-01,000554.SZ,800,800,28.104294,26.89052,-971.0192,146
20260815_150541_6643db,2024-02-02,600128.SH,1700,1700,25.720001,22.63878,-5238.0757,147
20260815_150541_6643db,2024-02-02,000554.SZ,800,800,28.104294,25.46488,-2111.5312,147
20260815_150541_6643db,2024-10-09,603167.SH,800,0,12.02063,11.332134,-550.7968,1
20260815_150541_6643db,2024-10-09,601916.SH,2500,0,3.950453,3.72044,-575.0325,1
20260815_150541_6643db,2024-10-09,600008.SH,300,0,31.574227,29.91028,-499.1841,1
20260815_150541_6643db,2024-10-09,600919.SH,700,0,12.992854,12.23599,-529.8048,1
20260815_150541_6643db,2024-10-09,600368.SH,400,0,21.37445,20.02728,-538.868,1
20260815_150541_6643db,2024-10-10,603167.SH,800,800,12.02063,11.742082,-222.8384,2
20260815_150541_6643db,2024-10-10,601916.SH,2500,2500,3.950453,3.8396,-277.1325,2
20260815_150541_6643db,2024-10-10,600008.SH,300,300,31.574227,30.5792,-298.5081,2
20260815_150541_6643db,2024-10-10,600919.SH,700,700,12.992854,13.03835,31.8472,2
20260815_150541_6643db,2024-10-10,600368.SH,400,400,21.37445,20.57748,-318.788,2
20260815_150541_6643db,2024-10-11,603167.SH,800,800,12.02063,11.903133,-93.9976,3
20260815_150541_6643db,2024-10-11,601916.SH,2500,2500,3.950453,3.7734,-442.6325,3
20260815_150541_6643db,2024-10-11,600008.SH,300,300,31.574227,30.00584,-470.5161,3
20260815_150541_6643db,2024-10-11,600919.SH,700,700,12.992854,12.89948,-65.3618,3
20260815_150541_6643db,2024-10-11,600368.SH,400,400,21.37445,20.13732,-494.852,3
20260815_150541_6643db,2024-10-14,603167.SH,800,800,12.02063,11.903133,-93.9976,4
20260815_150541_6643db,2024-10-14,601916.SH,2500,2500,3.950453,3.86608,-210.9325,4
20260815_150541_6643db,2024-10-14,600008.SH,300,300,31.574227,30.96144,-183.8361,4
20260815_150541_6643db,2024-10-14,600919.SH,700,700,12.992854,13.62469,442.2852,4
20260815_150541_6643db,2024-10-14,600368.SH,400,400,21.37445,20.46744,-362.804,4
20260815_150541_6643db,2024-10-15,603167.SH,800,800,12.02063,11.829928,-152.5616,5
20260815_150541_6643db,2024-10-15,601916.SH,2500,2500,3.950453,3.82636,-310.2325,5
20260815_150541_6643db,2024-10-15,600008.SH,300,300,31.574227,30.00584,-470.5161,5
20260815_150541_6643db,2024-10-15,600919.SH,700,700,12.992854,13.56297,399.0812,5
20260815_150541_6643db,2024-10-15,600368.SH,400,400,21.37445,20.0823,-516.86,5
20260815_150541_6643db,2024-10-16,603167.SH,800,800,12.02063,11.815287,-164.2744,6
20260815_150541_6643db,2024-10-16,601916.SH,2500,2500,3.950453,3.89256,-144.7325,6
20260815_150541_6643db,2024-10-16,600008.SH,300,300,31.574227,30.5792,-298.5081,6
20260815_150541_6643db,2024-10-16,600919.SH,700,700,12.992854,13.93329,658.3052,6
20260815_150541_6643db,2024-10-16,600368.SH,400,400,21.37445,20.3574,-406.82,6
20260815_150541_6643db,2024-10-17,603167.SH,800,800,12.02063,11.56639,-363.392,7
20260815_150541_6643db,2024-10-17,601916.SH,2500,2500,3.950453,3.85284,-244.0325,7
20260815_150541_6643db,2024-10-17,600008.SH,300,300,31.574227,29.91028,-499.1841,7
20260815_150541_6643db,2024-10-17,600919.SH,700,700,12.992854,13.93329,658.3052,7
20260815_150541_6643db,2024-10-17,600368.SH,400,400,21.37445,20.0823,-516.86,7
20260815_150541_6643db,2024-10-18,603167.SH,800,800,12.02063,11.7128,-246.264,8
20260815_150541_6643db,2024-10-18,601916.SH,2500,2500,3.950453,3.91904,-78.5325,8
20260815_150541_6643db,2024-10-18,600008.SH,300,300,31.574227,30.29252,-384.5121,8
20260815_150541_6643db,2024-10-18,600919.SH,700,700,12.992854,13.87157,615.1012,8
20260815_150541_6643db,2024-10-18,600368.SH,400,400,21.37445,20.30238,-428.828,8
20260815_150541_6643db,2024-10-21,603167.SH,800,800,12.02063,11.771364,-199.4128,9
20260815_150541_6643db,2024-10-21,601916.SH,2500,2500,3.950453,3.85284,-244.0325,9
20260815_150541_6643db,2024-10-21,600008.SH,300,300,31.574227,30.29252,-384.5121,9
20260815_150541_6643db,2024-10-21,600919.SH,700,700,12.992854,13.79442,561.0962,9
20260815_150541_6643db,2024-10-21,600368.SH,400,400,21.37445,20.19234,-472.844,9
20260815_150541_6643db,2024-10-22,603167.SH,800,800,12.02063,11.917774,-82.2848,10
20260815_150541_6643db,2024-10-22,601916.SH,2500,2500,3.950453,3.85284,-244.0325,10
20260815_150541_6643db,2024-10-22,600008.SH,300,300,31.574227,30.67476,-269.8401,10
20260815_150541_6643db,2024-10-22,600919.SH,700,700,12.992854,13.77899,550.2952,10
20260815_150541_6643db,2024-10-22,600368.SH,400,400,21.37445,20.30238,-428.828,10
20260815_150541_6643db,2024-10-23,603167.SH,800,800,12.02063,11.873851,-117.4232,11
20260815_150541_6643db,2024-10-23,601916.SH,2500,2500,3.950453,3.85284,-244.0325,11
20260815_150541_6643db,2024-10-23,600008.SH,300,300,31.574227,30.86588,-212.5041,11
20260815_150541_6643db,2024-10-23,600919.SH,700,700,12.992854,13.79442,561.0962,11
20260815_150541_6643db,2024-10-23,600368.SH,400,400,21.37445,20.3574,-406.82,11
20260815_150541_6643db,2024-10-24,603167.SH,800,800,12.02063,11.85921,-129.136,12
20260815_150541_6643db,2024-10-24,601916.SH,2500,2500,3.950453,3.82636,-310.2325,12
20260815_150541_6643db,2024-10-24,600008.SH,300,300,31.574227,30.86588,-212.5041,12
20260815_150541_6643db,2024-10-24,600919.SH,700,700,12.992854,14.0413,733.9122,12
20260815_150541_6643db,2024-10-24,600368.SH,400,400,21.37445,20.19234,-472.844,12
20260815_150541_6643db,2024-10-25,603167.SH,800,800,12.02063,12.108107,69.9816,13
20260815_150541_6643db,2024-10-25,601916.SH,2500,2500,3.950453,3.79988,-376.4325,13
20260815_150541_6643db,2024-10-25,600008.SH,300,300,31.574227,30.96144,-183.8361,13
20260815_150541_6643db,2024-10-25,600919.SH,700,700,12.992854,13.79442,561.0962,13
20260815_150541_6643db,2024-10-25,600368.SH,400,400,21.37445,20.52246,-340.796,13
20260815_150541_6643db,2024-10-28,603167.SH,800,800,12.02063,12.620542,479.9296,14
20260815_150541_6643db,2024-10-28,601916.SH,2500,2500,3.950453,3.8396,-277.1325,14
20260815_150541_6643db,2024-10-28,600008.SH,300,300,31.574227,31.63036,16.8399,14
20260815_150541_6643db,2024-10-28,600919.SH,700,700,12.992854,13.64012,453.0862,14
20260815_150541_6643db,2024-10-28,600368.SH,400,400,21.37445,21.01764,-142.724,14
20260815_150541_6643db,2024-10-29,603167.SH,800,800,12.02063,12.210594,151.9712,15
20260815_150541_6643db,2024-10-29,601916.SH,2500,2500,3.950453,3.78664,-409.5325,15
20260815_150541_6643db,2024-10-29,600008.SH,300,300,31.574227,31.24812,-97.8321,15
20260815_150541_6643db,2024-10-29,600919.SH,700,700,12.992854,13.91786,647.5042,15
20260815_150541_6643db,2024-10-29,600368.SH,400,400,21.37445,20.57748,-318.788,15
20260815_150541_6643db,2024-10-30,603167.SH,800,800,12.02063,12.357004,269.0992,16
20260815_150541_6643db,2024-10-30,601916.SH,2500,2500,3.950453,3.76016,-475.7325,16
20260815_150541_6643db,2024-10-30,600008.SH,300,300,31.574227,32.20372,188.8479,16
20260815_150541_6643db,2024-10-30,600919.SH,700,700,12.992854,13.887,625.9022,16
20260815_150541_6643db,2024-10-30,600368.SH,400,400,21.37445,20.6325,-296.78,16
20260815_150541_6643db,2024-10-31,603167.SH,800,800,12.02063,12.313081,233.9608,17
20260815_150541_6643db,2024-10-31,601916.SH,2500,2500,3.950453,3.76016,-475.7325,17
20260815_150541_6643db,2024-10-31,600008.SH,300,300,31.574227,32.77708,360.8559,17
20260815_150541_6643db,2024-10-31,600919.SH,700,700,12.992854,13.59383,420.6832,17
20260815_150541_6643db,2024-10-31,600368.SH,400,400,21.37445,20.68752,-274.772,17
20260815_150541_6643db,2024-11-01,603167.SH,800,800,12.02063,12.283799,210.5352,18
20260815_150541_6643db,2024-11-01,601916.SH,2500,2500,3.950453,3.76016,-475.7325,18
20260815_150541_6643db,2024-11-01,600008.SH,300,300,31.574227,32.77708,360.8559,18
20260815_150541_6643db,2024-11-01,600919.SH,700,700,12.992854,13.79442,561.0962,18
20260815_150541_6643db,2024-11-01,600368.SH,400,400,21.37445,20.74254,-252.764,18
20260815_150541_6643db,2024-11-04,603167.SH,800,800,12.02063,12.576619,444.7912,19
20260815_150541_6643db,2024-11-04,601916.SH,2500,2500,3.950453,3.78664,-409.5325,19
20260815_150541_6643db,2024-11-04,600008.SH,300,300,31.574227,33.06376,446.8599,19
20260815_150541_6643db,2024-11-04,600919.SH,700,700,12.992854,14.13388,798.7182,19
20260815_150541_6643db,2024-11-04,600368.SH,400,400,21.37445,20.85258,-208.748,19
20260815_150541_6643db,2024-11-05,603167.SH,800,800,12.02063,12.664465,515.068,20
20260815_150541_6643db,2024-11-05,601916.SH,2500,2500,3.950453,3.8396,-277.1325,20
20260815_150541_6643db,2024-11-05,600008.SH,300,300,31.574227,33.446,561.5319,20
20260815_150541_6643db,2024-11-05,600919.SH,700,700,12.992854,14.1956,841.9222,20
20260815_150541_6643db,2024-11-05,600368.SH,400,400,21.37445,21.12768,-98.708,20
20260815_150541_6643db,2024-11-06,603167.SH,800,800,12.02063,12.679106,526.7808,21
20260815_150541_6643db,2024-11-06,601916.SH,2500,2500,3.950453,3.81312,-343.3325,21
20260815_150541_6643db,2024-11-06,600008.SH,300,300,31.574227,33.15932,475.5279,21
20260815_150541_6643db,2024-11-06,600919.SH,700,700,12.992854,14.11845,787.9172,21
20260815_150541_6643db,2024-11-06,600368.SH,400,400,21.37445,21.01764,-142.724,21
20260815_150541_6643db,2024-11-07,603167.SH,800,800,12.02063,13.03049,807.888,22
20260815_150541_6643db,2024-11-07,601916.SH,2500,2500,3.950453,3.89256,-144.7325,22
20260815_150541_6643db,2024-11-07,600008.SH,300,300,31.574227,34.4016,848.2119,22
20260815_150541_6643db,2024-11-07,600919.SH,700,700,12.992854,14.28818,906.7282,22
20260815_150541_6643db,2024-11-07,600368.SH,400,400,21.37445,21.62286,99.364,22
20260815_150541_6643db,2024-11-08,603167.SH,800,800,12.02063,12.781593,608.7704,23
20260815_150541_6643db,2024-11-08,601916.SH,2500,2500,3.950453,3.85284,-244.0325,23
20260815_150541_6643db,2024-11-08,600008.SH,300,300,31.574227,33.446,561.5319,23
20260815_150541_6643db,2024-11-08,600919.SH,700,700,12.992854,14.08759,766.3152,23
20260815_150541_6643db,2024-11-08,600368.SH,400,400,21.37445,21.4578,33.34,23
20260815_150541_6643db,2024-11-11,603167.SH,800,800,12.02063,12.752311,585.3448,24
20260815_150541_6643db,2024-11-11,601916.SH,2500,2500,3.950453,3.81312,-343.3325,24
20260815_150541_6643db,2024-11-11,600008.SH,300,300,31.574227,34.11492,762.2079,24
20260815_150541_6643db,2024-11-11,600919.SH,700,700,12.992854,13.70184,496.2902,24
20260815_150541_6643db,2024-11-11,600368.SH,400,400,21.37445,21.78792,165.388,24
20260815_150541_6643db,2024-11-12,603167.SH,800,800,12.02063,12.59126,456.504,25
20260815_150541_6643db,2024-11-12,601916.SH,2500,2500,3.950453,3.78664,-409.5325,25
20260815_150541_6643db,2024-11-12,600008.SH,300,300,31.574227,33.446,561.5319,25
20260815_150541_6643db,2024-11-12,600919.SH,700,700,12.992854,13.64012,453.0862,25
20260815_150541_6643db,2024-11-12,600368.SH,400,400,21.37445,21.40278,11.332,25
20260815_150541_6643db,2024-11-13,603167.SH,800,800,12.02063,12.635183,491.6424,26
20260815_150541_6643db,2024-11-13,601916.SH,2500,2500,3.950453,3.81312,-343.3325,26
20260815_150541_6643db,2024-11-13,600008.SH,300,300,31.574227,33.15932,475.5279,26
20260815_150541_6643db,2024-11-13,600919.SH,700,700,12.992854,13.84071,593.4992,26
20260815_150541_6643db,2024-11-13,600368.SH,400,400,21.37445,21.34776,-10.676,26
20260815_150541_6643db,2024-11-14,603167.SH,800,800,12.02063,12.430209,327.6632,27
20260815_150541_6643db,2024-11-14,601916.SH,2500,2500,3.950453,3.78664,-409.5325,27
20260815_150541_6643db,2024-11-14,600008.SH,300,300,31.574227,32.39484,246.1839,27
20260815_150541_6643db,2024-11-14,600919.SH,700,700,12.992854,13.93329,658.3052,27
20260815_150541_6643db,2024-11-14,600368.SH,400,400,21.37445,20.85258,-208.748,27
20260815_150541_6643db,2024-11-15,603167.SH,800,800,12.02063,12.679106,526.7808,28
20260815_150541_6643db,2024-11-15,601916.SH,2500,2500,3.950453,3.7734,-442.6325,28
20260815_150541_6643db,2024-11-15,600008.SH,300,300,31.574227,32.10816,160.1799,28
20260815_150541_6643db,2024-11-15,600919.SH,700,700,12.992854,13.87157,615.1012,28
20260815_150541_6643db,2024-11-15,600368.SH,400,400,21.37445,20.79756,-230.756,28
20260815_150541_6643db,2024-11-18,603167.SH,800,800,12.02063,13.206182,948.4416,29
20260815_150541_6643db,2024-11-18,601916.SH,2500,2500,3.950453,3.9058,-111.6325,29
20260815_150541_6643db,2024-11-18,600008.SH,300,300,31.574227,32.29928,217.5159,29
20260815_150541_6643db,2024-11-18,600919.SH,700,700,12.992854,13.99501,701.5092,29
20260815_150541_6643db,2024-11-18,600368.SH,400,400,21.37445,21.4578,33.34,29
20260815_150541_6643db,2024-11-19,603167.SH,800,800,12.02063,13.542925,1217.836,30
20260815_150541_6643db,2024-11-19,601916.SH,2500,2500,3.950453,3.9058,-111.6325,30
20260815_150541_6643db,2024-11-19,600008.SH,300,300,31.574227,32.39484,246.1839,30
20260815_150541_6643db,2024-11-19,600919.SH,700,700,12.992854,13.97958,690.7082,30
20260815_150541_6643db,2024-11-19,600368.SH,400,400,21.37445,21.56784,77.356,30
20260815_150541_6643db,2024-11-20,603167.SH,800,800,12.02063,13.440438,1135.8464,31
20260815_150541_6643db,2024-11-20,601916.SH,2500,2500,3.950453,3.89256,-144.7325,31
20260815_150541_6643db,2024-11-20,600008.SH,300,300,31.574227,32.29928,217.5159,31
20260815_150541_6643db,2024-11-20,600919.SH,700,700,12.992854,13.91786,647.5042,31
20260815_150541_6643db,2024-11-20,600368.SH,400,400,21.37445,21.62286,99.364,31
20260815_150541_6643db,2024-11-21,603167.SH,800,800,12.02063,13.059772,831.3136,32
20260815_150541_6643db,2024-11-21,601916.SH,2500,2500,3.950453,3.86608,-210.9325,32
20260815_150541_6643db,2024-11-21,600008.SH,300,300,31.574227,32.0126,131.5119,32
20260815_150541_6643db,2024-11-21,600919.SH,700,700,12.992854,13.94872,669.1062,32
20260815_150541_6643db,2024-11-21,600368.SH,400,400,21.37445,21.4578,33.34,32
20260815_150541_6643db,2024-11-22,603167.SH,800,800,12.02063,12.44485,339.376,33
20260815_150541_6643db,2024-11-22,601916.SH,2500,2500,3.950453,3.7734,-442.6325,33
20260815_150541_6643db,2024-11-22,600008.SH,300,300,31.574227,31.057,-155.1681,33
20260815_150541_6643db,2024-11-22,600919.SH,700,700,12.992854,13.67098,474.6882,33
20260815_150541_6643db,2024-11-22,600368.SH,400,400,21.37445,20.85258,-208.748,33
20260815_150541_6643db,2024-11-25,603167.SH,800,800,12.02063,12.752311,585.3448,34
20260815_150541_6643db,2024-11-25,601916.SH,2500,2500,3.950453,3.76016,-475.7325,34
20260815_150541_6643db,2024-11-25,600008.SH,300,300,31.574227,31.057,-155.1681,34
20260815_150541_6643db,2024-11-25,600919.SH,700,700,12.992854,13.70184,496.2902,34
20260815_150541_6643db,2024-11-25,600368.SH,400,400,21.37445,21.07266,-120.716,34
20260815_150541_6643db,2024-11-26,603167.SH,800,800,12.02063,12.928003,725.8984,35
20260815_150541_6643db,2024-11-26,601916.SH,2500,2500,3.950453,3.7734,-442.6325,35
20260815_150541_6643db,2024-11-26,600008.SH,300,300,31.574227,30.77032,-241.1721,35
20260815_150541_6643db,2024-11-26,600919.SH,700,700,12.992854,13.74813,528.6932,35
20260815_150541_6643db,2024-11-26,600368.SH,400,400,21.37445,21.34776,-10.676,35
20260815_150541_6643db,2024-11-27,603167.SH,800,800,12.02063,12.723029,561.9192,36
20260815_150541_6643db,2024-11-27,601916.SH,2500,2500,3.950453,3.81312,-343.3325,36
20260815_150541_6643db,2024-11-27,600008.SH,300,300,31.574227,31.24812,-97.8321,36
20260815_150541_6643db,2024-11-27,600919.SH,700,700,12.992854,13.79442,561.0962,36
20260815_150541_6643db,2024-11-27,600368.SH,400,400,21.37445,21.1827,-76.7,36
20260815_150541_6643db,2024-11-28,603167.SH,800,800,12.02063,12.723029,561.9192,37
20260815_150541_6643db,2024-11-28,601916.SH,2500,2500,3.950453,3.81312,-343.3325,37
20260815_150541_6643db,2024-11-28,600008.SH,300,300,31.574227,31.5348,-11.8281,37
20260815_150541_6643db,2024-11-28,600919.SH,700,700,12.992854,13.79442,561.0962,37
20260815_150541_6643db,2024-11-28,600368.SH,400,400,21.37445,21.23772,-54.692,37
20260815_150541_6643db,2024-11-29,603167.SH,800,800,12.02063,12.942644,737.6112,38
20260815_150541_6643db,2024-11-29,601916.SH,2500,2500,3.950453,3.8396,-277.1325,38
20260815_150541_6643db,2024-11-29,600008.SH,300,300,31.574227,31.34368,-69.1641,38
20260815_150541_6643db,2024-11-29,600919.SH,700,700,12.992854,13.96415,679.9072,38
20260815_150541_6643db,2024-11-29,600368.SH,400,400,21.37445,21.40278,11.332,38
20260815_150541_6643db,2024-12-02,603167.SH,800,800,12.02063,13.001208,784.4624,39
20260815_150541_6643db,2024-12-02,601916.SH,2500,2500,3.950453,3.85284,-244.0325,39
20260815_150541_6643db,2024-12-02,600008.SH,300,300,31.574227,31.63036,16.8399,39
20260815_150541_6643db,2024-12-02,600919.SH,700,700,12.992854,13.51668,366.6782,39
20260815_150541_6643db,2024-12-02,600368.SH,400,400,21.37445,21.89796,209.404,39
20260815_150541_6643db,2024-12-03,603167.SH,800,800,12.02063,12.942644,737.6112,40
20260815_150541_6643db,2024-12-03,601916.SH,2500,2500,3.950453,3.89256,-144.7325,40
20260815_150541_6643db,2024-12-03,600008.SH,300,300,31.574227,31.72592,45.5079,40
20260815_150541_6643db,2024-12-03,600919.SH,700,700,12.992854,13.7327,517.8922,40
20260815_150541_6643db,2024-12-03,600368.SH,400,400,21.37445,21.84294,187.396,40
20260815_150541_6643db,2024-12-04,603167.SH,800,800,12.02063,12.723029,561.9192,41
20260815_150541_6643db,2024-12-04,601916.SH,2500,2500,3.950453,3.87932,-177.8325,41
20260815_150541_6643db,2024-12-04,600008.SH,300,300,31.574227,31.43924,-40.4961,41
20260815_150541_6643db,2024-12-04,600919.SH,700,700,12.992854,13.76356,539.4942,41
20260815_150541_6643db,2024-12-04,600368.SH,400,400,21.37445,21.62286,99.364,41
20260815_150541_6643db,2024-12-05,603167.SH,800,800,12.02063,12.781593,608.7704,42
20260815_150541_6643db,2024-12-05,601916.SH,2500,2500,3.950453,3.86608,-210.9325,42
20260815_150541_6643db,2024-12-05,600008.SH,300,300,31.574227,31.24812,-97.8321,42
20260815_150541_6643db,2024-12-05,600919.SH,700,700,12.992854,13.71727,507.0912,42
20260815_150541_6643db,2024-12-05,600368.SH,400,400,21.37445,21.67788,121.372,42
20260815_150541_6643db,2024-12-06,603167.SH,800,800,12.02063,12.810875,632.196,43
20260815_150541_6643db,2024-12-06,601916.SH,2500,2500,3.950453,3.9058,-111.6325,43
20260815_150541_6643db,2024-12-06,600008.SH,300,300,31.574227,32.10816,160.1799,43
20260815_150541_6643db,2024-12-06,600919.SH,700,700,12.992854,13.96415,679.9072,43
20260815_150541_6643db,2024-12-06,600368.SH,400,400,21.37445,22.11804,297.436,43
20260815_150541_6643db,2024-12-09,603167.SH,800,800,12.02063,12.928003,725.8984,44
20260815_150541_6643db,2024-12-09,601916.SH,2500,2500,3.950453,3.93228,-45.4325,44
20260815_150541_6643db,2024-12-09,600008.SH,300,300,31.574227,32.10816,160.1799,44
20260815_150541_6643db,2024-12-09,600919.SH,700,700,12.992854,14.13388,798.7182,44
20260815_150541_6643db,2024-12-09,600368.SH,400,400,21.37445,22.33812,385.468,44
20260815_150541_6643db,2024-12-10,603167.SH,800,800,12.02063,12.825516,643.9088,45
20260815_150541_6643db,2024-12-10,601916.SH,2500,2500,3.950453,3.95876,20.7675,45
20260815_150541_6643db,2024-12-10,600008.SH,300,300,31.574227,32.10816,160.1799,45
20260815_150541_6643db,2024-12-10,600919.SH,700,700,12.992854,14.25732,885.1262,45
20260815_150541_6643db,2024-12-10,600368.SH,400,400,21.37445,22.008,253.42,45
20260815_150541_6643db,2024-12-11,603167.SH,800,800,12.02063,13.03049,807.888,46
20260815_150541_6643db,2024-12-11,601916.SH,2500,2500,3.950453,3.93228,-45.4325,46
20260815_150541_6643db,2024-12-11,600008.SH,300,300,31.574227,32.4904,274.8519,46
20260815_150541_6643db,2024-12-11,600919.SH,700,700,12.992854,14.14931,809.5192,46
20260815_150541_6643db,2024-12-11,600368.SH,400,400,21.37445,22.2831,363.46,46
20260815_150541_6643db,2024-12-12,603167.SH,800,800,12.02063,13.279387,1007.0056,47
20260815_150541_6643db,2024-12-12,601916.SH,2500,2500,3.950453,3.972,53.8675,47
20260815_150541_6643db,2024-12-12,600008.SH,300,300,31.574227,32.68152,332.1879,47
20260815_150541_6643db,2024-12-12,600919.SH,700,700,12.992854,14.38076,971.5342,47
20260815_150541_6643db,2024-12-12,600368.SH,400,400,21.37445,23.49354,847.636,47
20260815_150541_6643db,2024-12-13,603167.SH,800,800,12.02063,13.381874,1088.9952,48
20260815_150541_6643db,2024-12-13,601916.SH,2500,2500,3.950453,3.9058,-111.6325,48
20260815_150541_6643db,2024-12-13,600008.SH,300,300,31.574227,32.0126,131.5119,48
20260815_150541_6643db,2024-12-13,600919.SH,700,700,12.992854,14.10302,777.1162,48
20260815_150541_6643db,2024-12-13,600368.SH,400,400,21.37445,23.43852,825.628,48
20260815_150541_6643db,2024-12-16,603167.SH,800,800,12.02063,13.191541,936.7288,49
20260815_150541_6643db,2024-12-16,601916.SH,2500,2500,3.950453,3.9058,-111.6325,49
20260815_150541_6643db,2024-12-16,600008.SH,300,300,31.574227,32.4904,274.8519,49
20260815_150541_6643db,2024-12-16,600919.SH,700,700,12.992854,14.1956,841.9222,49
20260815_150541_6643db,2024-12-16,600368.SH,400,400,21.37445,25.80438,1771.972,49
20260815_150541_6643db,2024-12-17,603167.SH,800,800,12.02063,12.708388,550.2064,50
20260815_150541_6643db,2024-12-17,601916.SH,2500,2500,3.950453,3.85284,-244.0325,50
20260815_150541_6643db,2024-12-17,600008.SH,300,300,31.574227,32.10816,160.1799,50
20260815_150541_6643db,2024-12-17,600919.SH,700,700,12.992854,14.30361,917.5292,50
20260815_150541_6643db,2024-12-17,600368.SH,400,400,21.37445,26.9598,2234.14,50
20260815_150541_6643db,2024-12-18,603167.SH,800,800,12.02063,12.898721,702.4728,51
20260815_150541_6643db,2024-12-18,601916.SH,2500,2500,3.950453,3.89256,-144.7325,51
20260815_150541_6643db,2024-12-18,600008.SH,300,300,31.574227,32.29928,217.5159,51
20260815_150541_6643db,2024-12-18,600919.SH,700,700,12.992854,14.48877,1047.1412,51
20260815_150541_6643db,2024-12-18,600368.SH,400,400,21.37445,27.89514,2608.276,51
20260815_150541_6643db,2024-12-19,603167.SH,800,800,12.02063,12.854798,667.3344,52
20260815_150541_6643db,2024-12-19,601916.SH,2500,2500,3.950453,3.86608,-210.9325,52
20260815_150541_6643db,2024-12-19,600008.SH,300,300,31.574227,31.72592,45.5079,52
20260815_150541_6643db,2024-12-19,600919.SH,700,700,12.992854,14.3499,949.9322,52
20260815_150541_6643db,2024-12-19,600368.SH,400,400,21.37445,25.41924,1617.916,52
20260815_150541_6643db,2024-12-20,603167.SH,800,800,12.02063,12.723029,561.9192,53
20260815_150541_6643db,2024-12-20,601916.SH,2500,2500,3.950453,3.85284,-244.0325,53
20260815_150541_6643db,2024-12-20,600008.SH,300,300,31.574227,31.43924,-40.4961,53
20260815_150541_6643db,2024-12-20,600919.SH,700,700,12.992854,14.44248,1014.7382,53
20260815_150541_6643db,2024-12-20,600368.SH,400,400,21.37445,27.95016,2630.284,53
20260815_150541_6643db,2024-12-23,603167.SH,800,800,12.02063,12.664465,515.068,54
20260815_150541_6643db,2024-12-23,601916.SH,2500,2500,3.950453,3.87932,-177.8325,54
20260815_150541_6643db,2024-12-23,600008.SH,300,300,31.574227,31.24812,-97.8321,54
20260815_150541_6643db,2024-12-23,600919.SH,700,700,12.992854,14.53506,1079.5442,54
20260815_150541_6643db,2024-12-23,600368.SH,400,400,21.37445,27.95016,2630.284,54
20260815_150541_6643db,2024-12-24,603167.SH,800,800,12.02063,13.206182,948.4416,55
20260815_150541_6643db,2024-12-24,601916.SH,2500,2500,3.950453,3.9058,-111.6325,55
20260815_150541_6643db,2024-12-24,600008.SH,300,300,31.574227,31.91704,102.8439,55
20260815_150541_6643db,2024-12-24,600919.SH,700,700,12.992854,14.76651,1241.5592,55
20260815_150541_6643db,2024-12-24,600368.SH,400,400,21.37445,30.75618,3752.692,55
20260815_150541_6643db,2024-12-25,603167.SH,800,800,12.02063,13.206182,948.4416,56
20260815_150541_6643db,2024-12-25,601916.SH,2500,2500,3.950453,3.93228,-45.4325,56
20260815_150541_6643db,2024-12-25,600008.SH,300,300,31.574227,32.0126,131.5119,56
20260815_150541_6643db,2024-12-25,600919.SH,700,700,12.992854,14.99796,1403.5742,56
20260815_150541_6643db,2024-12-25,600368.SH,400,400,21.37445,31.3614,3994.78,56
20260815_150541_6643db,2024-12-26,603167.SH,800,800,12.02063,13.132977,889.8776,57
20260815_150541_6643db,2024-12-26,601916.SH,2500,2500,3.950453,3.91904,-78.5325,57
20260815_150541_6643db,2024-12-26,600008.SH,300,300,31.574227,31.63036,16.8399,57
20260815_150541_6643db,2024-12-26,600919.SH,700,700,12.992854,15.07511,1457.5792,57
20260815_150541_6643db,2024-12-26,600368.SH,400,400,21.37445,30.5361,3664.66,57
20260815_150541_6643db,2024-12-27,603167.SH,800,800,12.02063,13.32331,1042.144,58
20260815_150541_6643db,2024-12-27,601916.SH,2500,2500,3.950453,3.9058,-111.6325,58
20260815_150541_6643db,2024-12-27,600008.SH,300,300,31.574227,32.0126,131.5119,58
20260815_150541_6643db,2024-12-27,600919.SH,700,700,12.992854,14.98253,1392.7732,58
20260815_150541_6643db,2024-12-27,600368.SH,400,400,21.37445,28.6104,2894.38,58
20260815_150541_6643db,2024-12-30,603167.SH,800,800,12.02063,13.059772,831.3136,59
20260815_150541_6643db,2024-12-30,601916.SH,2500,2500,3.950453,3.93228,-45.4325,59
20260815_150541_6643db,2024-12-30,600008.SH,300,300,31.574227,32.0126,131.5119,59
20260815_150541_6643db,2024-12-30,600919.SH,700,700,12.992854,15.2757,1597.9922,59
20260815_150541_6643db,2024-12-30,600368.SH,400,400,21.37445,26.6847,2124.1,59
20260815_150541_6643db,2024-12-31,603167.SH,800,800,12.02063,12.942644,737.6112,60
20260815_150541_6643db,2024-12-31,601916.SH,2500,2500,3.950453,3.85284,-244.0325,60
20260815_150541_6643db,2024-12-31,600008.SH,300,300,31.574227,31.34368,-69.1641,60
20260815_150541_6643db,2024-12-31,600919.SH,700,700,12.992854,15.15226,1511.5842,60
20260815_150541_6643db,2024-12-31,600368.SH,400,400,21.37445,26.24454,1948.036,60
20260815_150541_6643db,2025-01-02,603167.SH,800,800,12.02063,12.781593,608.7704,61
20260815_150541_6643db,2025-01-02,601916.SH,2500,2500,3.950453,3.7734,-442.6325,61
20260815_150541_6643db,2025-01-02,600008.SH,300,300,31.574227,30.29252,-384.5121,61
20260815_150541_6643db,2025-01-02,600919.SH,700,700,12.992854,14.99796,1403.5742,61
20260815_150541_6643db,2025-01-02,600368.SH,400,400,21.37445,27.28992,2366.188,61
20260815_150541_6643db,2025-01-03,601916.SH,2800,2500,3.933409,3.76016,-485.0972,62
20260815_150541_6643db,2025-01-03,002039.SZ,100,0,55.947841,55.202944,-74.4897,1
20260815_150541_6643db,2025-01-03,000582.SZ,200,0,44.757368,43.33863,-283.7476,1
20260815_150541_6643db,2025-01-03,601997.SH,900,0,11.220972,11.07263,-133.5078,1
20260815_150541_6643db,2025-01-03,001286.SZ,1000,0,9.700473,9.61367,-86.803,1
20260815_150541_6643db,2025-01-03,002966.SZ,900,0,10.861337,10.83406,-24.5493,1
20260815_150541_6643db,2025-01-06,601916.SH,2800,2800,3.933409,3.76016,-485.0972,63
20260815_150541_6643db,2025-01-06,002039.SZ,100,100,55.947841,54.977932,-96.9909,2
20260815_150541_6643db,2025-01-06,000582.SZ,200,200,44.757368,44.047312,-142.0112,2
20260815_150541_6643db,2025-01-06,601997.SH,900,900,11.220972,11.16858,-47.1528,2
20260815_150541_6643db,2025-01-06,001286.SZ,1000,1000,9.700473,9.56032,-140.153,2
20260815_150541_6643db,2025-01-06,002966.SZ,900,900,10.861337,11.053484,172.9323,2
20260815_150541_6643db,2025-01-07,601916.SH,2800,2800,3.933409,3.78664,-410.9532,64
20260815_150541_6643db,2025-01-07,002039.SZ,100,100,55.947841,54.415402,-153.2439,3
20260815_150541_6643db,2025-01-07,000582.SZ,200,200,44.757368,44.319882,-87.4972,3
20260815_150541_6643db,2025-01-07,601997.SH,900,900,11.220972,11.24534,21.9312,3
20260815_150541_6643db,2025-01-07,001286.SZ,1000,1000,9.700473,9.54965,-150.823,3
20260815_150541_6643db,2025-01-07,002966.SZ,900,900,10.861337,11.080912,197.6175,3
20260815_150541_6643db,2025-01-08,601916.SH,2800,2800,3.933409,3.81312,-336.8092,65
20260815_150541_6643db,2025-01-08,002039.SZ,100,100,55.947841,54.75292,-119.4921,4
20260815_150541_6643db,2025-01-08,000582.SZ,200,200,44.757368,44.101826,-131.1084,4
20260815_150541_6643db,2025-01-08,601997.SH,900,900,11.220972,11.22615,4.6602,4
20260815_150541_6643db,2025-01-08,001286.SZ,1000,1000,9.700473,9.50697,-193.503,4
20260815_150541_6643db,2025-01-08,002966.SZ,900,900,10.861337,11.094626,209.9601,4
20260815_150541_6643db,2025-01-09,601916.SH,2800,2800,3.933409,3.7734,-448.0252,66
20260815_150541_6643db,2025-01-09,002039.SZ,100,100,55.947841,54.227892,-171.9949,5
20260815_150541_6643db,2025-01-09,000582.SZ,200,200,44.757368,44.592452,-32.9832,5
20260815_150541_6643db,2025-01-09,601997.SH,900,900,11.220972,11.11101,-98.9658,5
20260815_150541_6643db,2025-01-09,001286.SZ,1000,1000,9.700473,9.47496,-225.513,5
20260815_150541_6643db,2025-01-09,002966.SZ,900,900,10.861337,11.053484,172.9323,5
20260815_150541_6643db,2025-01-10,601916.SH,2800,2800,3.933409,3.72044,-596.3132,67
20260815_150541_6643db,2025-01-10,002039.SZ,100,100,55.947841,53.927876,-201.9965,6
20260815_150541_6643db,2025-01-10,000582.SZ,200,200,44.757368,45.192106,86.9476,6
20260815_150541_6643db,2025-01-10,601997.SH,900,900,11.220972,10.9383,-254.4048,6
20260815_150541_6643db,2025-01-10,001286.SZ,1000,1000,9.700473,9.3896,-310.873,6
20260815_150541_6643db,2025-01-10,002966.SZ,900,900,10.861337,11.026056,148.2471,6
20260815_150541_6643db,2025-01-13,601916.SH,2800,2800,3.933409,3.68072,-707.5292,68
20260815_150541_6643db,2025-01-13,002039.SZ,100,100,55.947841,53.552856,-239.4985,7
20260815_150541_6643db,2025-01-13,000582.SZ,200,200,44.757368,45.51919,152.3644,7
20260815_150541_6643db,2025-01-13,601997.SH,900,900,11.220972,10.84235,-340.7598,7
20260815_150541_6643db,2025-01-13,001286.SZ,1000,1000,9.700473,9.43228,-268.193,7
20260815_150541_6643db,2025-01-13,002966.SZ,900,900,10.861337,10.83406,-24.5493,7
20260815_150541_6643db,2025-01-14,601916.SH,2800,2800,3.933409,3.76016,-485.0972,69
20260815_150541_6643db,2025-01-14,002039.SZ,100,100,55.947841,54.19039,-175.7451,8
20260815_150541_6643db,2025-01-14,000582.SZ,200,200,44.757368,46.60947,370.4204,8
20260815_150541_6643db,2025-01-14,601997.SH,900,900,11.220972,11.03425,-168.0498,8
20260815_150541_6643db,2025-01-14,001286.SZ,1000,1000,9.700473,9.64568,-54.793,8
20260815_150541_6643db,2025-01-14,002966.SZ,900,900,10.861337,10.847774,-12.2067,8
20260815_150541_6643db,2025-01-15,601916.SH,2800,2800,3.933409,3.7734,-448.0252,70
20260815_150541_6643db,2025-01-15,002039.SZ,100,100,55.947841,54.152888,-179.4953,9
20260815_150541_6643db,2025-01-15,000582.SZ,200,200,44.757368,45.955302,239.5868,9
20260815_150541_6643db,2025-01-15,601997.SH,900,900,11.220972,11.07263,-133.5078,9
20260815_150541_6643db,2025-01-15,001286.SZ,1000,1000,9.700473,9.66702,-33.453,9
20260815_150541_6643db,2025-01-15,002966.SZ,900,900,10.861337,10.806632,-49.2345,9
20260815_150541_6643db,2025-01-16,601916.SH,2800,2800,3.933409,3.81312,-336.8092,71
20260815_150541_6643db,2025-01-16,002039.SZ,100,100,55.947841,54.227892,-171.9949,10
20260815_150541_6643db,2025-01-16,000582.SZ,200,200,44.757368,46.60947,370.4204,10
20260815_150541_6643db,2025-01-16,601997.SH,900,900,11.220972,11.20696,-12.6108,10
20260815_150541_6643db,2025-01-16,001286.SZ,1000,1000,9.700473,9.63501,-65.463,10
20260815_150541_6643db,2025-01-16,002966.SZ,900,900,10.861337,11.094626,209.9601,10
20260815_150541_6643db,2025-01-17,601916.SH,2800,2800,3.933409,3.79988,-373.8812,72
20260815_150541_6643db,2025-01-17,002039.SZ,100,100,55.947841,54.527908,-141.9933,11
20260815_150541_6643db,2025-01-17,000582.SZ,200,200,44.757368,46.773012,403.1288,11
20260815_150541_6643db,2025-01-17,601997.SH,900,900,11.220972,11.20696,-12.6108,11
20260815_150541_6643db,2025-01-17,001286.SZ,1000,1000,9.700473,9.64568,-54.793,11
20260815_150541_6643db,2025-01-17,002966.SZ,900,900,10.861337,11.10834,222.3027,11
20260815_150541_6643db,2025-01-20,601916.SH,2800,2800,3.933409,3.79988,-373.8812,73
20260815_150541_6643db,2025-01-20,002039.SZ,100,100,55.947841,54.152888,-179.4953,12
20260815_150541_6643db,2025-01-20,000582.SZ,200,200,44.757368,46.227872,294.1008,12
20260815_150541_6643db,2025-01-20,601997.SH,900,900,11.220972,11.24534,21.9312,12
20260815_150541_6643db,2025-01-20,001286.SZ,1000,1000,9.700473,9.603,-97.473,12
20260815_150541_6643db,2025-01-20,002966.SZ,900,900,10.861337,11.053484,172.9323,12
20260815_150541_6643db,2025-01-21,601916.SH,2800,2800,3.933409,3.79988,-373.8812,74
20260815_150541_6643db,2025-01-21,002039.SZ,100,100,55.947841,54.265394,-168.2447,13
20260815_150541_6643db,2025-01-21,000582.SZ,200,200,44.757368,45.900788,228.684,13
20260815_150541_6643db,2025-01-21,601997.SH,900,900,11.220972,11.14939,-64.4238,13
20260815_150541_6643db,2025-01-21,001286.SZ,1000,1000,9.700473,9.63501,-65.463,13
20260815_150541_6643db,2025-01-21,002966.SZ,900,900,10.861337,11.149482,259.3305,13
20260815_150541_6643db,2025-01-22,601916.SH,2800,2800,3.933409,3.73368,-559.2412,75
20260815_150541_6643db,2025-01-22,002039.SZ,100,100,55.947841,54.302896,-164.4945,14
20260815_150541_6643db,2025-01-22,000582.SZ,200,200,44.757368,45.137592,76.0448,14
20260815_150541_6643db,2025-01-22,601997.SH,900,900,11.220972,11.01506,-185.3208,14
20260815_150541_6643db,2025-01-22,001286.SZ,1000,1000,9.700473,9.709745,9.272,14
20260815_150541_6643db,2025-01-22,002966.SZ,900,900,10.861337,10.642064,-197.3457,14
20260815_150541_6643db,2025-01-23,601916.SH,2800,2800,3.933409,3.82636,-299.7372,76
20260815_150541_6643db,2025-01-23,002039.SZ,100,100,55.947841,54.227892,-171.9949,15
20260815_150541_6643db,2025-01-23,000582.SZ,200,200,44.757368,46.06433,261.3924,15
20260815_150541_6643db,2025-01-23,601997.SH,900,900,11.220972,11.18777,-29.8818,15
20260815_150541_6643db,2025-01-23,001286.SZ,1000,1000,9.700473,9.849222,148.749,15
20260815_150541_6643db,2025-01-23,002966.SZ,900,900,10.861337,10.724348,-123.2901,15
20260815_150541_6643db,2025-01-24,601916.SH,2800,2800,3.933409,3.79988,-373.8812,77
20260815_150541_6643db,2025-01-24,002039.SZ,100,100,55.947841,53.702864,-224.4977,16
20260815_150541_6643db,2025-01-24,000582.SZ,200,200,44.757368,45.955302,239.5868,16
20260815_150541_6643db,2025-01-24,601997.SH,900,900,11.220972,11.24534,21.9312,16
20260815_150541_6643db,2025-01-24,001286.SZ,1000,1000,9.700473,9.859951,159.478,16
20260815_150541_6643db,2025-01-24,002966.SZ,900,900,10.861337,10.724348,-123.2901,16
20260815_150541_6643db,2025-01-27,601916.SH,2800,2800,3.933409,3.8396,-262.6652,78
20260815_150541_6643db,2025-01-27,002039.SZ,100,100,55.947841,54.415402,-153.2439,17
20260815_150541_6643db,2025-01-27,000582.SZ,200,200,44.757368,46.500442,348.6148,17
20260815_150541_6643db,2025-01-27,601997.SH,900,900,11.220972,11.3221,91.0152,17
20260815_150541_6643db,2025-01-27,001286.SZ,1000,1000,9.700473,9.913596,213.123,17
20260815_150541_6643db,2025-01-27,002966.SZ,900,900,10.861337,10.875202,12.4785,17
20260815_150541_6643db,2025-02-05,601916.SH,2800,2800,3.933409,3.81312,-336.8092,79
20260815_150541_6643db,2025-02-05,002039.SZ,100,100,55.947841,53.62786,-231.9981,18
20260815_150541_6643db,2025-02-05,000582.SZ,200,200,44.757368,46.118844,272.2952,18
20260815_150541_6643db,2025-02-05,601997.SH,900,900,11.220972,11.20696,-12.6108,18
20260815_150541_6643db,2025-02-05,001286.SZ,1000,1000,9.700473,9.838493,138.02,18
20260815_150541_6643db,2025-02-05,002966.SZ,900,900,10.861337,10.55978,-271.4013,18
20260815_150541_6643db,2025-02-06,601916.SH,2800,2800,3.933409,3.81312,-336.8092,80
20260815_150541_6643db,2025-02-06,002039.SZ,100,100,55.947841,53.515354,-243.2487,19
20260815_150541_6643db,2025-02-06,000582.SZ,200,200,44.757368,45.682732,185.0728,19
20260815_150541_6643db,2025-02-06,601997.SH,900,900,11.220972,11.18777,-29.8818,19
20260815_150541_6643db,2025-02-06,001286.SZ,1000,1000,9.700473,9.859951,159.478,19
20260815_150541_6643db,2025-02-06,002966.SZ,900,900,10.861337,10.587208,-246.7161,19
20260815_150541_6643db,2025-02-07,601916.SH,2800,2800,3.933409,3.82636,-299.7372,81
20260815_150541_6643db,2025-02-07,002039.SZ,100,100,55.947841,53.665362,-228.2479,20
20260815_150541_6643db,2025-02-07,000582.SZ,200,200,44.757368,46.500442,348.6148,20
20260815_150541_6643db,2025-02-07,601997.SH,900,900,11.220972,11.20696,-12.6108,20
20260815_150541_6643db,2025-02-07,001286.SZ,1000,1000,9.700473,9.849222,148.749,20
20260815_150541_6643db,2025-02-07,002966.SZ,900,900,10.861337,10.573494,-259.0587,20
20260815_150541_6643db,2025-02-10,601916.SH,2800,2800,3.933409,3.8396,-262.6652,82
20260815_150541_6643db,2025-02-10,002039.SZ,100,100,55.947841,53.740366,-220.7475,21
20260815_150541_6643db,2025-02-10,000582.SZ,200,200,44.757368,45.464676,141.4616,21
20260815_150541_6643db,2025-02-10,601997.SH,900,900,11.220972,11.20696,-12.6108,21
20260815_150541_6643db,2025-02-10,001286.SZ,1000,1000,9.700473,9.838493,138.02,21
20260815_150541_6643db,2025-02-10,002966.SZ,900,900,10.861337,10.42264,-394.8273,21
20260815_150541_6643db,2025-02-11,601916.SH,2800,2800,3.933409,3.85284,-225.5932,83
20260815_150541_6643db,2025-02-11,002039.SZ,100,100,55.947841,54.302896,-164.4945,22
20260815_150541_6643db,2025-02-11,000582.SZ,200,200,44.757368,46.3369,315.9064,22
20260815_150541_6643db,2025-02-11,601997.SH,900,900,11.220972,11.22615,4.6602,22
20260815_150541_6643db,2025-02-11,001286.SZ,1000,1000,9.700473,9.817035,116.562,22
20260815_150541_6643db,2025-02-11,002966.SZ,900,900,10.861337,10.655778,-185.0031,22
20260815_150541_6643db,2025-02-12,601916.SH,2800,2800,3.933409,3.8396,-262.6652,84
20260815_150541_6643db,2025-02-12,002039.SZ,100,100,55.947841,54.19039,-175.7451,23
20260815_150541_6643db,2025-02-12,000582.SZ,200,200,44.757368,45.955302,239.5868,23
20260815_150541_6643db,2025-02-12,601997.SH,900,900,11.220972,11.24534,21.9312,23
20260815_150541_6643db,2025-02-12,001286.SZ,1000,1000,9.700473,9.795577,95.104,23
20260815_150541_6643db,2025-02-12,002966.SZ,900,900,10.861337,10.614636,-222.0309,23
20260815_150541_6643db,2025-02-13,601916.SH,2800,2800,3.933409,3.82636,-299.7372,85
20260815_150541_6643db,2025-02-13,002039.SZ,100,100,55.947841,54.040382,-190.7459,24
20260815_150541_6643db,2025-02-13,000582.SZ,200,200,44.757368,45.51919,152.3644,24
20260815_150541_6643db,2025-02-13,601997.SH,900,900,11.220972,11.22615,4.6602,24
20260815_150541_6643db,2025-02-13,001286.SZ,1000,1000,9.700473,9.752661,52.188,24
20260815_150541_6643db,2025-02-13,002966.SZ,900,900,10.861337,10.587208,-246.7161,24
20260815_150541_6643db,2025-02-14,601916.SH,2800,2800,3.933409,3.82636,-299.7372,86
20260815_150541_6643db,2025-02-14,002039.SZ,100,100,55.947841,53.777868,-216.9973,25
20260815_150541_6643db,2025-02-14,000582.SZ,200,200,44.757368,44.810508,10.628,25
20260815_150541_6643db,2025-02-14,601997.SH,900,900,11.220972,11.22615,4.6602,25
20260815_150541_6643db,2025-02-14,001286.SZ,1000,1000,9.700473,9.774119,73.646,25
20260815_150541_6643db,2025-02-14,002966.SZ,900,900,10.861337,10.477496,-345.4569,25
20260815_150541_6643db,2025-02-17,601916.SH,2800,2800,3.933409,3.8396,-262.6652,87
20260815_150541_6643db,2025-02-17,002039.SZ,100,100,55.947841,54.19039,-175.7451,26
20260815_150541_6643db,2025-02-17,000582.SZ,200,200,44.757368,44.97405,43.3364,26
20260815_150541_6643db,2025-02-17,601997.SH,900,900,11.220972,11.18777,-29.8818,26
20260815_150541_6643db,2025-02-17,001286.SZ,1000,1000,9.700473,9.774119,73.646,26
20260815_150541_6643db,2025-02-17,002966.SZ,900,900,10.861337,10.477496,-345.4569,26
20260815_150541_6643db,2025-02-18,601916.SH,2800,2800,3.933409,3.85284,-225.5932,88
20260815_150541_6643db,2025-02-18,002039.SZ,100,100,55.947841,54.340398,-160.7443,27
20260815_150541_6643db,2025-02-18,000582.SZ,200,200,44.757368,44.537938,-43.886,27
20260815_150541_6643db,2025-02-18,601997.SH,900,900,11.220972,11.26453,39.2022,27
20260815_150541_6643db,2025-02-18,001286.SZ,1000,1000,9.700473,9.623913,-76.56,27
20260815_150541_6643db,2025-02-18,002966.SZ,900,900,10.861337,10.532352,-296.0865,27
20260815_150541_6643db,2025-02-19,601916.SH,2800,2800,3.933409,3.8396,-262.6652,89
20260815_150541_6643db,2025-02-19,002039.SZ,100,100,55.947841,54.302896,-164.4945,28
20260815_150541_6643db,2025-02-19,000582.SZ,200,200,44.757368,44.374396,-76.5944,28
20260815_150541_6643db,2025-02-19,601997.SH,900,900,11.220972,11.20696,-12.6108,28
20260815_150541_6643db,2025-02-19,001286.SZ,1000,1000,9.700473,9.538081,-162.392,28
20260815_150541_6643db,2025-02-19,002966.SZ,900,900,10.861337,10.436354,-382.4847,28
20260815_150541_6643db,2025-02-20,601916.SH,2800,2800,3.933409,3.82636,-299.7372,90
20260815_150541_6643db,2025-02-20,002039.SZ,100,100,55.947841,55.090438,-85.7403,29
20260815_150541_6643db,2025-02-20,000582.SZ,200,200,44.757368,43.992798,-152.914,29
20260815_150541_6643db,2025-02-20,601997.SH,900,900,11.220972,11.18777,-29.8818,29
20260815_150541_6643db,2025-02-20,001286.SZ,1000,1000,9.700473,9.580997,-119.476,29
20260815_150541_6643db,2025-02-20,002966.SZ,900,900,10.861337,10.381498,-431.8551,29
20260815_150541_6643db,2025-02-21,601916.SH,2800,2800,3.933409,3.79988,-373.8812,91
20260815_150541_6643db,2025-02-21,002039.SZ,100,100,55.947841,54.715418,-123.2423,30
20260815_150541_6643db,2025-02-21,000582.SZ,200,200,44.757368,44.210854,-109.3028,30
20260815_150541_6643db,2025-02-21,601997.SH,900,900,11.220972,11.1302,-81.6948,30
20260815_150541_6643db,2025-02-21,001286.SZ,1000,1000,9.700473,9.538081,-162.392,30
20260815_150541_6643db,2025-02-21,002966.SZ,900,900,10.861337,10.271786,-530.5959,30
20260815_150541_6643db,2025-02-24,601916.SH,2800,2800,3.933409,3.78664,-410.9532,92
20260815_150541_6643db,2025-02-24,002039.SZ,100,100,55.947841,54.865426,-108.2415,31
20260815_150541_6643db,2025-02-24,000582.SZ,200,200,44.757368,44.537938,-43.886,31
20260815_150541_6643db,2025-02-24,601997.SH,900,900,11.220972,11.11101,-98.9658,31
20260815_150541_6643db,2025-02-24,001286.SZ,1000,1000,9.700473,9.516623,-183.85,31
20260815_150541_6643db,2025-02-24,002966.SZ,900,900,10.861337,10.175788,-616.9941,31
20260815_150541_6643db,2025-02-25,601916.SH,2800,2800,3.933409,3.78664,-410.9532,93
20260815_150541_6643db,2025-02-25,002039.SZ,100,100,55.947841,54.115386,-183.2455,32
20260815_150541_6643db,2025-02-25,000582.SZ,200,200,44.757368,43.720228,-207.428,32
20260815_150541_6643db,2025-02-25,601997.SH,900,900,11.220972,10.99587,-202.5918,32
20260815_150541_6643db,2025-02-25,001286.SZ,1000,1000,9.700473,9.484436,-216.037,32
20260815_150541_6643db,2025-02-25,002966.SZ,900,900,10.861337,10.175788,-616.9941,32
20260815_150541_6643db,2025-02-26,601916.SH,2800,2800,3.933409,3.79988,-373.8812,94
20260815_150541_6643db,2025-02-26,002039.SZ,100,100,55.947841,54.75292,-119.4921,33
20260815_150541_6643db,2025-02-26,000582.SZ,200,200,44.757368,44.15634,-120.2056,33
20260815_150541_6643db,2025-02-26,601997.SH,900,900,11.220972,11.11101,-98.9658,33
20260815_150541_6643db,2025-02-26,001286.SZ,1000,1000,9.700473,9.54881,-151.663,33
20260815_150541_6643db,2025-02-26,002966.SZ,900,900,10.861337,10.203216,-592.3089,33
20260815_150541_6643db,2025-02-27,601916.SH,2800,2800,3.933409,3.79988,-373.8812,95
20260815_150541_6643db,2025-02-27,002039.SZ,100,100,55.947841,54.827924,-111.9917,34
20260815_150541_6643db,2025-02-27,000582.SZ,200,200,44.757368,44.42891,-65.6916,34
20260815_150541_6643db,2025-02-27,601997.SH,900,900,11.220972,11.11101,-98.9658,34
20260815_150541_6643db,2025-02-27,001286.SZ,1000,1000,9.700473,9.505894,-194.579,34
20260815_150541_6643db,2025-02-27,002966.SZ,900,900,10.861337,10.230644,-567.6237,34
20260815_150541_6643db,2025-02-28,601916.SH,2800,2800,3.933409,3.78664,-410.9532,96
20260815_150541_6643db,2025-02-28,002039.SZ,100,100,55.947841,54.340398,-160.7443,35
20260815_150541_6643db,2025-02-28,000582.SZ,200,200,44.757368,43.938284,-163.8168,35
20260815_150541_6643db,2025-02-28,601997.SH,900,900,11.220972,11.01506,-185.3208,35
20260815_150541_6643db,2025-02-28,001286.SZ,1000,1000,9.700473,9.420062,-280.411,35
20260815_150541_6643db,2025-02-28,002966.SZ,900,900,10.861337,10.244358,-555.2811,35
20260815_150541_6643db,2025-03-03,601916.SH,2800,2800,3.933409,3.7734,-448.0252,97
20260815_150541_6643db,2025-03-03,002039.SZ,100,100,55.947841,54.115386,-183.2455,36
20260815_150541_6643db,2025-03-03,000582.SZ,200,200,44.757368,43.992798,-152.914,36
20260815_150541_6643db,2025-03-03,601997.SH,900,900,11.220972,11.01506,-185.3208,36
20260815_150541_6643db,2025-03-03,001286.SZ,1000,1000,9.700473,9.409333,-291.14,36
20260815_150541_6643db,2025-03-03,002966.SZ,900,900,10.861337,10.244358,-555.2811,36
20260815_150541_6643db,2025-03-04,601916.SH,2800,2800,3.933409,3.7734,-448.0252,98
20260815_150541_6643db,2025-03-04,002039.SZ,100,100,55.947841,54.56541,-138.2431,37
20260815_150541_6643db,2025-03-04,000582.SZ,200,200,44.757368,44.374396,-76.5944,37
20260815_150541_6643db,2025-03-04,601997.SH,900,900,11.220972,11.05344,-150.7788,37
20260815_150541_6643db,2025-03-04,001286.SZ,1000,1000,9.700473,9.398604,-301.869,37
20260815_150541_6643db,2025-03-04,002966.SZ,900,900,10.861337,10.49121,-333.1143,37
20260815_150541_6643db,2025-03-05,601916.SH,2800,2800,3.933409,3.79988,-373.8812,99
20260815_150541_6643db,2025-03-05,002039.SZ,100,100,55.947841,54.602912,-134.4929,38
20260815_150541_6643db,2025-03-05,000582.SZ,200,200,44.757368,44.592452,-32.9832,38
20260815_150541_6643db,2025-03-05,601997.SH,900,900,11.220972,11.16858,-47.1528,38
20260815_150541_6643db,2025-03-05,001286.SZ,1000,1000,9.700473,9.462978,-237.495,38
20260815_150541_6643db,2025-03-05,002966.SZ,900,900,10.861337,10.600922,-234.3735,38
20260815_150541_6643db,2025-03-06,601916.SH,2800,2800,3.933409,3.79988,-373.8812,100
20260815_150541_6643db,2025-03-06,002039.SZ,100,100,55.947841,54.3779,-156.9941,39
20260815_150541_6643db,2025-03-06,000582.SZ,200,200,44.757368,44.537938,-43.886,39
20260815_150541_6643db,2025-03-06,601997.SH,900,900,11.220972,11.14939,-64.4238,39
20260815_150541_6643db,2025-03-06,001286.SZ,1000,1000,9.700473,9.430791,-269.682,39
20260815_150541_6643db,2025-03-06,002966.SZ,900,900,10.861337,10.546066,-283.7439,39
20260815_150541_6643db,2025-03-07,601916.SH,2800,2800,3.933409,3.7734,-448.0252,101
20260815_150541_6643db,2025-03-07,002039.SZ,100,100,55.947841,54.527908,-141.9933,40
20260815_150541_6643db,2025-03-07,000582.SZ,200,200,44.757368,44.97405,43.3364,40
20260815_150541_6643db,2025-03-07,601997.SH,900,900,11.220972,11.07263,-133.5078,40
20260815_150541_6643db,2025-03-07,001286.SZ,1000,1000,9.700473,9.44152,-258.953,40
20260815_150541_6643db,2025-03-07,002966.SZ,900,900,10.861337,10.504924,-320.7717,40
20260815_150541_6643db,2025-03-10,601916.SH,2800,2800,3.933409,3.76016,-485.0972,102
20260815_150541_6643db,2025-03-10,002039.SZ,100,100,55.947841,54.94043,-100.7411,41
20260815_150541_6643db,2025-03-10,000582.SZ,200,200,44.757368,45.846274,217.7812,41
20260815_150541_6643db,2025-03-10,601997.SH,900,900,11.220972,11.05344,-150.7788,41
20260815_150541_6643db,2025-03-10,001286.SZ,1000,1000,9.700473,9.495165,-205.308,41
20260815_150541_6643db,2025-03-10,002966.SZ,900,900,10.861337,10.436354,-382.4847,41
20260815_150541_6643db,2025-03-11,601916.SH,2800,2800,3.933409,3.78664,-410.9532,103
20260815_150541_6643db,2025-03-11,002039.SZ,100,100,55.947841,54.75292,-119.4921,42
20260815_150541_6643db,2025-03-11,000582.SZ,200,200,44.757368,45.573704,163.2672,42
20260815_150541_6643db,2025-03-11,601997.SH,900,900,11.220972,11.07263,-133.5078,42
20260815_150541_6643db,2025-03-11,001286.SZ,1000,1000,9.700473,9.516623,-183.85,42
20260815_150541_6643db,2025-03-11,002966.SZ,900,900,10.861337,10.614636,-222.0309,42
20260815_150541_6643db,2025-03-12,601916.SH,2800,2800,3.933409,3.78664,-410.9532,104
20260815_150541_6643db,2025-03-12,002039.SZ,100,100,55.947841,54.977932,-96.9909,43
20260815_150541_6643db,2025-03-12,000582.SZ,200,200,44.757368,44.97405,43.3364,43
20260815_150541_6643db,2025-03-12,601997.SH,900,900,11.220972,11.11101,-98.9658,43
20260815_150541_6643db,2025-03-12,001286.SZ,1000,1000,9.700473,9.731203,30.73,43
20260815_150541_6643db,2025-03-12,002966.SZ,900,900,10.861337,10.62835,-209.6883,43
20260815_150541_6643db,2025-03-13,601916.SH,2800,2800,3.933409,3.79988,-373.8812,105
20260815_150541_6643db,2025-03-13,002039.SZ,100,100,55.947841,55.615466,-33.2375,44
20260815_150541_6643db,2025-03-13,000582.SZ,200,200,44.757368,44.810508,10.628,44
20260815_150541_6643db,2025-03-13,601997.SH,900,900,11.220972,11.14939,-64.4238,44
20260815_150541_6643db,2025-03-13,001286.SZ,1000,1000,9.700473,9.784848,84.375,44
20260815_150541_6643db,2025-03-13,002966.SZ,900,900,10.861337,10.792918,-61.5771,44
20260815_150541_6643db,2025-03-14,601916.SH,2800,2800,3.933409,3.82636,-299.7372,106
20260815_150541_6643db,2025-03-14,002039.SZ,100,100,55.947841,55.465458,-48.2383,45
20260815_150541_6643db,2025-03-14,000582.SZ,200,200,44.757368,45.137592,76.0448,45
20260815_150541_6643db,2025-03-14,601997.SH,900,900,11.220972,11.30291,73.7442,45
20260815_150541_6643db,2025-03-14,001286.SZ,1000,1000,9.700473,9.774119,73.646,45
20260815_150541_6643db,2025-03-14,002966.SZ,900,900,10.861337,10.792918,-61.5771,45
20260815_150541_6643db,2025-03-17,601916.SH,2800,2800,3.933409,3.85284,-225.5932,107
20260815_150541_6643db,2025-03-17,002039.SZ,100,100,55.947841,55.69047,-25.7371,46
20260815_150541_6643db,2025-03-17,000582.SZ,200,200,44.757368,45.464676,141.4616,46
20260815_150541_6643db,2025-03-17,601997.SH,900,900,11.220972,11.36048,125.5572,46
20260815_150541_6643db,2025-03-17,001286.SZ,1000,1000,9.700473,9.76339,62.917,46
20260815_150541_6643db,2025-03-17,002966.SZ,900,900,10.861337,10.861488,0.1359,46
20260815_150541_6643db,2025-03-18,601916.SH,2800,2800,3.933409,3.85284,-225.5932,108
20260815_150541_6643db,2025-03-18,002039.SZ,100,100,55.947841,55.765474,-18.2367,47
20260815_150541_6643db,2025-03-18,000582.SZ,200,200,44.757368,46.173358,283.198,47
20260815_150541_6643db,2025-03-18,601997.SH,900,900,11.220972,11.3221,91.0152,47
20260815_150541_6643db,2025-03-18,001286.SZ,1000,1000,9.700473,9.731203,30.73,47
20260815_150541_6643db,2025-03-18,002966.SZ,900,900,10.861337,10.847774,-12.2067,47
20260815_150541_6643db,2025-03-19,601916.SH,2800,2800,3.933409,3.87932,-151.4492,109
20260815_150541_6643db,2025-03-19,002039.SZ,100,100,55.947841,59.665682,371.7841,48
20260815_150541_6643db,2025-03-19,000582.SZ,200,200,44.757368,46.391414,326.8092,48
20260815_150541_6643db,2025-03-19,601997.SH,900,900,11.220972,11.37967,142.8282,48
20260815_150541_6643db,2025-03-19,001286.SZ,1000,1000,9.700473,9.795577,95.104,48
20260815_150541_6643db,2025-03-19,002966.SZ,900,900,10.861337,10.943772,74.1915,48
20260815_150541_6643db,2025-03-20,601916.SH,2800,2800,3.933409,3.89256,-114.3772,110
20260815_150541_6643db,2025-03-20,002039.SZ,100,100,55.947841,59.928196,398.0355,49
20260815_150541_6643db,2025-03-20,000582.SZ,200,200,44.757368,46.06433,261.3924,49
20260815_150541_6643db,2025-03-20,601997.SH,900,900,11.220972,11.34129,108.2862,49
20260815_150541_6643db,2025-03-20,001286.SZ,1000,1000,9.700473,9.774119,73.646,49
20260815_150541_6643db,2025-03-20,002966.SZ,900,900,10.861337,11.026056,148.2471,49
20260815_150541_6643db,2025-03-21,601916.SH,2800,2800,3.933409,3.87932,-151.4492,111
20260815_150541_6643db,2025-03-21,002039.SZ,100,100,55.947841,60.19071,424.2869,50
20260815_150541_6643db,2025-03-21,000582.SZ,200,200,44.757368,45.79176,206.8784,50
20260815_150541_6643db,2025-03-21,601997.SH,900,900,11.220972,11.28372,56.4732,50
20260815_150541_6643db,2025-03-21,001286.SZ,1000,1000,9.700473,9.774119,73.646,50
20260815_150541_6643db,2025-03-21,002966.SZ,900,900,10.861337,10.83406,-24.5493,50
20260815_150541_6643db,2025-03-24,601916.SH,2800,2800,3.933409,3.9058,-77.3052,112
20260815_150541_6643db,2025-03-24,002039.SZ,100,100,55.947841,59.478172,353.0331,51
20260815_150541_6643db,2025-03-24,000582.SZ,200,200,44.757368,46.009816,250.4896,51
20260815_150541_6643db,2025-03-24,601997.SH,900,900,11.220972,11.36048,125.5572,51
20260815_150541_6643db,2025-03-24,001286.SZ,1000,1000,9.700473,9.902867,202.394,51
20260815_150541_6643db,2025-03-24,002966.SZ,900,900,10.861337,10.984914,111.2193,51
20260815_150541_6643db,2025-03-25,601916.SH,2800,2800,3.933409,3.91904,-40.2332,113
20260815_150541_6643db,2025-03-25,002039.SZ,100,100,55.947841,61.465778,551.7937,52
20260815_150541_6643db,2025-03-25,000582.SZ,200,200,44.757368,46.60947,370.4204,52
20260815_150541_6643db,2025-03-25,601997.SH,900,900,11.220972,11.37967,142.8282,52
20260815_150541_6643db,2025-03-25,001286.SZ,1000,1000,9.700473,10.063802,363.329,52
20260815_150541_6643db,2025-03-25,002966.SZ,900,900,10.861337,10.9712,98.8767,52
20260815_150541_6643db,2025-03-26,601916.SH,2800,2800,3.933409,3.9058,-77.3052,114
20260815_150541_6643db,2025-03-26,002039.SZ,100,100,55.947841,64.615946,866.8105,53
20260815_150541_6643db,2025-03-26,000582.SZ,200,200,44.757368,47.754264,599.3792,53
20260815_150541_6643db,2025-03-26,601997.SH,900,900,11.220972,11.34129,108.2862,53
20260815_150541_6643db,2025-03-26,001286.SZ,1000,1000,9.700473,9.999428,298.955,53
20260815_150541_6643db,2025-03-26,002966.SZ,900,900,10.861337,10.861488,0.1359,53
20260815_150541_6643db,2025-03-27,601916.SH,2800,2800,3.933409,3.91904,-40.2332,115
20260815_150541_6643db,2025-03-27,002039.SZ,100,100,55.947841,61.990806,604.2965,54
20260815_150541_6643db,2025-03-27,000582.SZ,200,200,44.757368,47.318152,512.1568,54
20260815_150541_6643db,2025-03-27,601997.SH,900,900,11.220972,11.34129,108.2862,54
20260815_150541_6643db,2025-03-27,001286.SZ,1000,1000,9.700473,9.956512,256.039,54
20260815_150541_6643db,2025-03-27,002966.SZ,900,900,10.861337,10.847774,-12.2067,54
20260815_150541_6643db,2025-03-28,601916.SH,2800,2800,3.933409,3.9058,-77.3052,116
20260815_150541_6643db,2025-03-28,002039.SZ,100,100,55.947841,60.37822,443.0379,55
20260815_150541_6643db,2025-03-28,000582.SZ,200,200,44.757368,46.282386,305.0036,55
20260815_150541_6643db,2025-03-28,601997.SH,900,900,11.220972,11.26453,39.2022,55
20260815_150541_6643db,2025-03-28,001286.SZ,1000,1000,9.700473,9.924325,223.852,55
20260815_150541_6643db,2025-03-28,002966.SZ,900,900,10.861337,10.792918,-61.5771,55
20260815_150541_6643db,2025-03-31,601916.SH,2800,2800,3.933409,3.89256,-114.3772,117
20260815_150541_6643db,2025-03-31,002039.SZ,100,100,55.947841,60.903248,495.5407,56
20260815_150541_6643db,2025-03-31,000582.SZ,200,200,44.757368,46.227872,294.1008,56
20260815_150541_6643db,2025-03-31,601997.SH,900,900,11.220972,11.30291,73.7442,56
20260815_150541_6643db,2025-03-31,001286.SZ,1000,1000,9.700473,9.924325,223.852,56
20260815_150541_6643db,2025-03-31,002966.SZ,900,900,10.861337,10.806632,-49.2345,56
20260815_150541_6643db,2025-04-01,601916.SH,2800,2800,3.933409,3.87932,-151.4492,118
20260815_150541_6643db,2025-04-01,002039.SZ,100,100,55.947841,61.465778,551.7937,57
20260815_150541_6643db,2025-04-01,000582.SZ,200,200,44.757368,47.045582,457.6428,57
20260815_150541_6643db,2025-04-01,601997.SH,900,900,11.220972,11.28372,56.4732,57
20260815_150541_6643db,2025-04-01,001286.SZ,1000,1000,9.700473,10.138905,438.432,57
20260815_150541_6643db,2025-04-01,002966.SZ,900,900,10.861337,10.90263,37.1637,57
20260815_150541_6643db,2025-04-02,601997.SH,900,900,11.220972,11.43724,194.6412,58
20260815_150541_6643db,2025-04-02,002839.SZ,1600,0,6.41517,6.52692,178.8,1
20260815_150541_6643db,2025-04-02,600908.SH,1400,0,7.284779,7.352134,94.297,1
20260815_150541_6643db,2025-04-02,600008.SH,300,0,30.234714,30.00584,-68.6622,1
20260815_150541_6643db,2025-04-02,601860.SH,3100,0,3.391574,3.423762,99.7828,1
20260815_150541_6643db,2025-04-02,601939.SH,500,0,20.686859,20.923466,118.3035,1
20260815_150541_6643db,2025-04-02,603323.SH,1100,0,9.367857,9.4802,123.5773,1
20260815_150541_6643db,2025-04-03,601997.SH,900,900,11.220972,11.49481,246.4542,59
20260815_150541_6643db,2025-04-03,002839.SZ,1600,1600,6.41517,6.51195,154.848,2
20260815_150541_6643db,2025-04-03,600908.SH,1400,1400,7.284779,7.39036,147.8134,2
20260815_150541_6643db,2025-04-03,600008.SH,300,300,30.234714,30.48364,74.6778,2
20260815_150541_6643db,2025-04-03,601860.SH,3100,3100,3.391574,3.435903,137.4199,2
20260815_150541_6643db,2025-04-03,601939.SH,500,500,20.686859,21.281336,297.2385,2
20260815_150541_6643db,2025-04-03,603323.SH,1100,1100,9.367857,9.44476,84.5933,2
20260815_150541_6643db,2025-04-07,601997.SH,900,900,11.220972,10.72721,-444.3858,60
20260815_150541_6643db,2025-04-07,002839.SZ,1600,1600,6.41517,5.94309,-755.328,3
20260815_150541_6643db,2025-04-07,600908.SH,1400,1400,7.284779,6.766002,-726.2878,3
20260815_150541_6643db,2025-04-07,600008.SH,300,300,30.234714,28.1902,-613.3542,3
20260815_150541_6643db,2025-04-07,601860.SH,3100,3100,3.391574,3.180942,-652.9592,3
20260815_150541_6643db,2025-04-07,601939.SH,500,500,20.686859,21.185904,249.5225,3
20260815_150541_6643db,2025-04-07,603323.SH,1100,1100,9.367857,8.6828,-753.5627,3
20260815_150541_6643db,2025-04-08,601997.SH,900,900,11.220972,10.95749,-237.1338,61
20260815_150541_6643db,2025-04-08,002839.SZ,1600,1600,6.41517,6.07782,-539.76,4
20260815_150541_6643db,2025-04-08,600908.SH,1400,1400,7.284779,6.957132,-458.7058,4
20260815_150541_6643db,2025-04-08,600008.SH,300,300,30.234714,28.95468,-384.0102,4
20260815_150541_6643db,2025-04-08,601860.SH,3100,3100,3.391574,3.241647,-464.7737,4
20260815_150541_6643db,2025-04-08,601939.SH,500,500,20.686859,21.400626,356.8835,4
20260815_150541_6643db,2025-04-08,603323.SH,1100,1100,9.367857,8.86,-558.6427,4
20260815_150541_6643db,2025-04-09,601997.SH,900,900,11.220972,10.88073,-306.2178,62
20260815_150541_6643db,2025-04-09,002839.SZ,1600,1600,6.41517,6.09279,-515.808,5
20260815_150541_6643db,2025-04-09,600908.SH,1400,1400,7.284779,6.867938,-583.5774,5
20260815_150541_6643db,2025-04-09,600008.SH,300,300,30.234714,29.43248,-240.6702,5
20260815_150541_6643db,2025-04-09,601860.SH,3100,3100,3.391574,3.217365,-540.0479,5
20260815_150541_6643db,2025-04-09,601939.SH,500,500,20.686859,20.99504,154.0905,5
20260815_150541_6643db,2025-04-09,603323.SH,1100,1100,9.367857,8.80684,-617.1187,5
20260815_150541_6643db,2025-04-10,601997.SH,900,900,11.220972,10.9383,-254.4048,63
20260815_150541_6643db,2025-04-10,002839.SZ,1600,1600,6.41517,6.10776,-491.856,6
20260815_150541_6643db,2025-04-10,600908.SH,1400,1400,7.284779,6.893422,-547.8998,6
20260815_150541_6643db,2025-04-10,600008.SH,300,300,30.234714,29.6236,-183.3342,6
20260815_150541_6643db,2025-04-10,601860.SH,3100,3100,3.391574,3.229506,-502.4108,6
20260815_150541_6643db,2025-04-10,601939.SH,500,500,20.686859,20.851892,82.5165,6
20260815_150541_6643db,2025-04-10,603323.SH,1100,1100,9.367857,8.87772,-539.1507,6
20260815_150541_6643db,2025-04-11,601997.SH,900,900,11.220972,10.88073,-306.2178,64
20260815_150541_6643db,2025-04-11,002839.SZ,1600,1600,6.41517,6.09279,-515.808,7
20260815_150541_6643db,2025-04-11,600908.SH,1400,1400,7.284779,6.88068,-565.7386,7
20260815_150541_6643db,2025-04-11,600008.SH,300,300,30.234714,29.6236,-183.3342,7
20260815_150541_6643db,2025-04-11,601860.SH,3100,3100,3.391574,3.217365,-540.0479,7
20260815_150541_6643db,2025-04-11,601939.SH,500,500,20.686859,20.971182,142.1615,7
20260815_150541_6643db,2025-04-11,603323.SH,1100,1100,9.367857,8.84228,-578.1347,7
20260815_150541_6643db,2025-04-14,601997.SH,900,900,11.220972,10.9383,-254.4048,65
20260815_150541_6643db,2025-04-14,002839.SZ,1600,1600,6.41517,6.12273,-467.904,8
20260815_150541_6643db,2025-04-14,600908.SH,1400,1400,7.284779,6.918906,-512.2222,8
20260815_150541_6643db,2025-04-14,600008.SH,300,300,30.234714,29.6236,-183.3342,8
20260815_150541_6643db,2025-04-14,601860.SH,3100,3100,3.391574,3.229506,-502.4108,8
20260815_150541_6643db,2025-04-14,601939.SH,500,500,20.686859,21.305194,309.1675,8
20260815_150541_6643db,2025-04-14,603323.SH,1100,1100,9.367857,8.87772,-539.1507,8
20260815_150541_6643db,2025-04-15,601997.SH,900,900,11.220972,11.03425,-168.0498,66
20260815_150541_6643db,2025-04-15,002839.SZ,1600,1600,6.41517,6.18261,-372.096,9
20260815_150541_6643db,2025-04-15,600908.SH,1400,1400,7.284779,6.995358,-405.1894,9
20260815_150541_6643db,2025-04-15,600008.SH,300,300,30.234714,29.43248,-240.6702,9
20260815_150541_6643db,2025-04-15,601860.SH,3100,3100,3.391574,3.253788,-427.1366,9
20260815_150541_6643db,2025-04-15,601939.SH,500,500,20.686859,21.424484,368.8125,9
20260815_150541_6643db,2025-04-15,603323.SH,1100,1100,9.367857,8.96632,-441.6907,9
20260815_150541_6643db,2025-04-16,601997.SH,900,900,11.220972,11.11101,-98.9658,67
20260815_150541_6643db,2025-04-16,002839.SZ,1600,1600,6.41517,6.21255,-324.192,10
20260815_150541_6643db,2025-04-16,600908.SH,1400,1400,7.284779,7.046326,-333.8342,10
20260815_150541_6643db,2025-04-16,600008.SH,300,300,30.234714,29.52804,-212.0022,10
20260815_150541_6643db,2025-04-16,601860.SH,3100,3100,3.391574,3.265929,-389.4995,10
20260815_150541_6643db,2025-04-16,601939.SH,500,500,20.686859,21.639206,476.1735,10
20260815_150541_6643db,2025-04-16,603323.SH,1100,1100,9.367857,9.05492,-344.2307,10
20260815_150541_6643db,2025-04-17,601997.SH,900,900,11.220972,11.1302,-81.6948,68
20260815_150541_6643db,2025-04-17,002839.SZ,1600,1600,6.41517,6.22752,-300.24,11
20260815_150541_6643db,2025-04-17,600908.SH,1400,1400,7.284779,7.084552,-280.3178,11
20260815_150541_6643db,2025-04-17,600008.SH,300,300,30.234714,29.43248,-240.6702,11
20260815_150541_6643db,2025-04-17,601860.SH,3100,3100,3.391574,3.290211,-314.2253,11
20260815_150541_6643db,2025-04-17,601939.SH,500,500,20.686859,21.663064,488.1025,11
20260815_150541_6643db,2025-04-17,603323.SH,1100,1100,9.367857,9.10808,-285.7547,11
20260815_150541_6643db,2025-04-18,601997.SH,900,900,11.220972,11.24534,21.9312,69
20260815_150541_6643db,2025-04-18,002839.SZ,1600,1600,6.41517,6.24249,-276.288,12
20260815_150541_6643db,2025-04-18,600908.SH,1400,1400,7.284779,7.13552,-208.9626,12
20260815_150541_6643db,2025-04-18,600008.SH,300,300,30.234714,29.43248,-240.6702,12
20260815_150541_6643db,2025-04-18,601860.SH,3100,3100,3.391574,3.290211,-314.2253,12
20260815_150541_6643db,2025-04-18,601939.SH,500,500,20.686859,21.997076,655.1085,12
20260815_150541_6643db,2025-04-18,603323.SH,1100,1100,9.367857,9.16124,-227.2787,12
20260815_150541_6643db,2025-04-21,601997.SH,900,900,11.220972,11.14939,-64.4238,70
20260815_150541_6643db,2025-04-21,002839.SZ,1600,1600,6.41517,6.19758,-348.144,13
20260815_150541_6643db,2025-04-21,600908.SH,1400,1400,7.284779,7.020842,-369.5118,13
20260815_150541_6643db,2025-04-21,600008.SH,300,300,30.234714,29.43248,-240.6702,13
20260815_150541_6643db,2025-04-21,601860.SH,3100,3100,3.391574,3.253788,-427.1366,13
20260815_150541_6643db,2025-04-21,601939.SH,500,500,20.686859,21.663064,488.1025,13
20260815_150541_6643db,2025-04-21,603323.SH,1100,1100,9.367857,9.09036,-305.2467,13
20260815_150541_6643db,2025-04-22,601997.SH,900,900,11.220972,11.26453,39.2022,71
20260815_150541_6643db,2025-04-22,002839.SZ,1600,1600,6.41517,6.24249,-276.288,14
20260815_150541_6643db,2025-04-22,600908.SH,1400,1400,7.284779,7.059068,-315.9954,14
20260815_150541_6643db,2025-04-22,600008.SH,300,300,30.234714,29.52804,-212.0022,14
20260815_150541_6643db,2025-04-22,601860.SH,3100,3100,3.391574,3.290211,-314.2253,14
20260815_150541_6643db,2025-04-22,601939.SH,500,500,20.686859,21.925502,619.3215,14
20260815_150541_6643db,2025-04-22,603323.SH,1100,1100,9.367857,9.17896,-207.7867,14
20260815_150541_6643db,2025-04-23,601997.SH,900,900,11.220972,11.16858,-47.1528,72
20260815_150541_6643db,2025-04-23,002839.SZ,1600,1600,6.41517,6.19758,-348.144,15
20260815_150541_6643db,2025-04-23,600908.SH,1400,1400,7.284779,6.982616,-423.0282,15
20260815_150541_6643db,2025-04-23,600008.SH,300,300,30.234714,29.6236,-183.3342,15
20260815_150541_6643db,2025-04-23,601860.SH,3100,3100,3.391574,3.265929,-389.4995,15
20260815_150541_6643db,2025-04-23,601939.SH,500,500,20.686859,21.758496,535.8185,15
20260815_150541_6643db,2025-04-23,603323.SH,1100,1100,9.367857,9.09036,-305.2467,15
20260815_150541_6643db,2025-04-24,601997.SH,900,900,11.220972,11.24534,21.9312,73
20260815_150541_6643db,2025-04-24,002839.SZ,1600,1600,6.41517,6.24249,-276.288,16
20260815_150541_6643db,2025-04-24,600908.SH,1400,1400,7.284779,6.995358,-405.1894,16
20260815_150541_6643db,2025-04-24,600008.SH,300,300,30.234714,29.91028,-97.3302,16
20260815_150541_6643db,2025-04-24,601860.SH,3100,3100,3.391574,3.27807,-351.8624,16
20260815_150541_6643db,2025-04-24,601939.SH,500,500,20.686859,22.116366,714.7535,16
20260815_150541_6643db,2025-04-24,603323.SH,1100,1100,9.367857,9.17896,-207.7867,16
20260815_150541_6643db,2025-04-25,601997.SH,900,900,11.220972,11.43724,194.6412,74
20260815_150541_6643db,2025-04-25,002839.SZ,1600,1600,6.41517,6.33231,-132.576,17
20260815_150541_6643db,2025-04-25,600908.SH,1400,1400,7.284779,7.211972,-101.9298,17
20260815_150541_6643db,2025-04-25,600008.SH,300,300,30.234714,30.19696,-11.3262,17
20260815_150541_6643db,2025-04-25,601860.SH,3100,3100,3.391574,3.326634,-201.314,17
20260815_150541_6643db,2025-04-25,601939.SH,500,500,20.686859,21.973218,643.1795,17
20260815_150541_6643db,2025-04-25,603323.SH,1100,1100,9.367857,9.303,-71.3427,17
20260815_150541_6643db,2025-04-28,601997.SH,900,900,11.220972,11.514,263.7252,75
20260815_150541_6643db,2025-04-28,002839.SZ,1600,1600,6.41517,6.36225,-84.672,18
20260815_150541_6643db,2025-04-28,600908.SH,1400,1400,7.284779,7.19923,-119.7686,18
20260815_150541_6643db,2025-04-28,600008.SH,300,300,30.234714,30.19696,-11.3262,18
20260815_150541_6643db,2025-04-28,601860.SH,3100,3100,3.391574,3.363057,-88.4027,18
20260815_150541_6643db,2025-04-28,601939.SH,500,500,20.686859,22.402662,857.9015,18
20260815_150541_6643db,2025-04-28,603323.SH,1100,1100,9.367857,9.35616,-12.8667,18
20260815_150541_6643db,2025-04-29,601997.SH,900,900,11.220972,11.24534,21.9312,76
20260815_150541_6643db,2025-04-29,002839.SZ,1600,1600,6.41517,6.33231,-132.576,19
20260815_150541_6643db,2025-04-29,600908.SH,1400,1400,7.284779,7.148262,-191.1238,19
20260815_150541_6643db,2025-04-29,600008.SH,300,300,30.234714,29.91028,-97.3302,19
20260815_150541_6643db,2025-04-29,601860.SH,3100,3100,3.391574,3.326634,-201.314,19
20260815_150541_6643db,2025-04-29,601939.SH,500,500,20.686859,22.331088,822.1145,19
20260815_150541_6643db,2025-04-29,603323.SH,1100,1100,9.367857,9.28528,-90.8347,19
20260815_150541_6643db,2025-04-30,601997.SH,900,900,11.220972,11.07263,-133.5078,77
20260815_150541_6643db,2025-04-30,002839.SZ,1600,1600,6.41517,6.2874,-204.432,20
20260815_150541_6643db,2025-04-30,600908.SH,1400,1400,7.284779,7.046326,-333.8342,20
20260815_150541_6643db,2025-04-30,600008.SH,300,300,30.234714,30.19696,-11.3262,20
20260815_150541_6643db,2025-04-30,601860.SH,3100,3100,3.391574,3.27807,-351.8624,20
20260815_150541_6643db,2025-04-30,601939.SH,500,500,20.686859,21.615348,464.2445,20
20260815_150541_6643db,2025-04-30,603323.SH,1100,1100,9.367857,9.28528,-90.8347,20
20260815_150541_6643db,2025-05-06,601997.SH,900,900,11.220972,11.05344,-150.7788,78
20260815_150541_6643db,2025-05-06,002839.SZ,1600,1600,6.41517,6.27243,-228.384,21
20260815_150541_6643db,2025-05-06,600908.SH,1400,1400,7.284779,7.059068,-315.9954,21
20260815_150541_6643db,2025-05-06,600008.SH,300,300,30.234714,30.19696,-11.3262,21
20260815_150541_6643db,2025-05-06,601860.SH,3100,3100,3.391574,3.27807,-351.8624,21
20260815_150541_6643db,2025-05-06,601939.SH,500,500,20.686859,21.59149,452.3155,21
20260815_150541_6643db,2025-05-06,603323.SH,1100,1100,9.367857,9.16124,-227.2787,21
20260815_150541_6643db,2025-05-07,601997.SH,900,900,11.220972,11.1302,-81.6948,79
20260815_150541_6643db,2025-05-07,002839.SZ,1600,1600,6.41517,6.33231,-132.576,22
20260815_150541_6643db,2025-05-07,600908.SH,1400,1400,7.284779,7.110036,-244.6402,22
20260815_150541_6643db,2025-05-07,600008.SH,300,300,30.234714,30.19696,-11.3262,22
20260815_150541_6643db,2025-05-07,601860.SH,3100,3100,3.391574,3.314493,-238.9511,22
20260815_150541_6643db,2025-05-07,601939.SH,500,500,20.686859,22.020934,667.0375,22
20260815_150541_6643db,2025-05-07,603323.SH,1100,1100,9.367857,9.26756,-110.3267,22
20260815_150541_6643db,2025-05-08,601997.SH,900,900,11.220972,11.26453,39.2022,80
20260815_150541_6643db,2025-05-08,002839.SZ,1600,1600,6.41517,6.40716,-12.816,23
20260815_150541_6643db,2025-05-08,600908.SH,1400,1400,7.284779,7.186488,-137.6074,23
20260815_150541_6643db,2025-05-08,600008.SH,300,300,30.234714,30.1014,-39.9942,23
20260815_150541_6643db,2025-05-08,601860.SH,3100,3100,3.391574,3.350916,-126.0398,23
20260815_150541_6643db,2025-05-08,601939.SH,500,500,20.686859,22.211798,762.4695,23
20260815_150541_6643db,2025-05-08,603323.SH,1100,1100,9.367857,9.40932,45.6093,23
20260815_150541_6643db,2025-05-09,601997.SH,900,900,11.220972,11.39886,160.0992,81
20260815_150541_6643db,2025-05-09,002839.SZ,1600,1600,6.41517,6.45207,59.04,24
20260815_150541_6643db,2025-05-09,600908.SH,1400,1400,7.284779,7.237456,-66.2522,24
20260815_150541_6643db,2025-05-09,600008.SH,300,300,30.234714,30.00584,-68.6622,24
20260815_150541_6643db,2025-05-09,601860.SH,3100,3100,3.391574,3.375198,-50.7656,24
20260815_150541_6643db,2025-05-09,601939.SH,500,500,20.686859,22.553916,933.5285,24
20260815_150541_6643db,2025-05-09,603323.SH,1100,1100,9.367857,9.53336,182.0533,24
20260815_150541_6643db,2025-05-12,601997.SH,900,900,11.220972,11.37967,142.8282,82
20260815_150541_6643db,2025-05-12,002839.SZ,1600,1600,6.41517,6.51195,154.848,25
20260815_150541_6643db,2025-05-12,600908.SH,1400,1400,7.284779,7.237456,-66.2522,25
20260815_150541_6643db,2025-05-12,600008.SH,300,300,30.234714,30.00584,-68.6622,25
20260815_150541_6643db,2025-05-12,601860.SH,3100,3100,3.391574,3.375198,-50.7656,25
20260815_150541_6643db,2025-05-12,601939.SH,500,500,20.686859,22.383053,848.097,25
20260815_150541_6643db,2025-05-12,603323.SH,1100,1100,9.367857,9.5688,221.0373,25
20260815_150541_6643db,2025-05-13,601997.SH,900,900,11.220972,11.47562,229.1832,83
20260815_150541_6643db,2025-05-13,002839.SZ,1600,1600,6.41517,6.5868,274.608,26
20260815_150541_6643db,2025-05-13,600908.SH,1400,1400,7.284779,7.339392,76.4582,26
20260815_150541_6643db,2025-05-13,600008.SH,300,300,30.234714,30.1014,-39.9942,26
20260815_150541_6643db,2025-05-13,601860.SH,3100,3100,3.391574,3.411621,62.1457,26
20260815_150541_6643db,2025-05-13,601939.SH,500,500,20.686859,22.602734,957.9375,26
20260815_150541_6643db,2025-05-13,603323.SH,1100,1100,9.367857,9.78144,454.9413,26
20260815_150541_6643db,2025-05-14,601997.SH,900,900,11.220972,11.59076,332.8092,84
20260815_150541_6643db,2025-05-14,002839.SZ,1600,1600,6.41517,6.67662,418.32,27
20260815_150541_6643db,2025-05-14,600908.SH,1400,1400,7.284779,7.45407,237.0074,27
20260815_150541_6643db,2025-05-14,600008.SH,300,300,30.234714,30.38808,46.0098,27
20260815_150541_6643db,2025-05-14,601860.SH,3100,3100,3.391574,3.484467,287.9683,27
20260815_150541_6643db,2025-05-14,601939.SH,500,500,20.686859,22.578325,945.733,27
20260815_150541_6643db,2025-05-14,603323.SH,1100,1100,9.367857,9.90548,591.3853,27
20260815_150541_6643db,2025-05-15,601997.SH,900,900,11.220972,11.53319,280.9962,85
20260815_150541_6643db,2025-05-15,002839.SZ,1600,1600,6.41517,6.64668,370.416,28
20260815_150541_6643db,2025-05-15,600908.SH,1400,1400,7.284779,7.403102,165.6522,28
20260815_150541_6643db,2025-05-15,600008.SH,300,300,30.234714,30.29252,17.3418,28
20260815_150541_6643db,2025-05-15,601860.SH,3100,3100,3.391574,3.448044,175.057,28
20260815_150541_6643db,2025-05-15,601939.SH,500,500,20.686859,22.529507,921.324,28
20260815_150541_6643db,2025-05-15,603323.SH,1100,1100,9.367857,9.79916,474.4333,28
20260815_150541_6643db,2025-05-16,601997.SH,900,900,11.220972,11.43724,194.6412,86
20260815_150541_6643db,2025-05-16,002839.SZ,1600,1600,6.41517,6.58392,270.0,29
20260815_150541_6643db,2025-05-16,600908.SH,1400,1400,7.284779,7.339392,76.4582,29
20260815_150541_6643db,2025-05-16,600008.SH,300,300,30.234714,30.00584,-68.6622,29
20260815_150541_6643db,2025-05-16,601860.SH,3100,3100,3.391574,3.435903,137.4199,29
20260815_150541_6643db,2025-05-16,601939.SH,500,500,20.686859,22.407462,860.3015,29
20260815_150541_6643db,2025-05-16,603323.SH,1100,1100,9.367857,9.76372,435.4493,29
20260815_150541_6643db,2025-05-19,601997.SH,900,900,11.220972,11.45643,211.9122,87
20260815_150541_6643db,2025-05-19,002839.SZ,1600,1600,6.41517,6.630948,345.2448,30
20260815_150541_6643db,2025-05-19,600908.SH,1400,1400,7.284779,7.352134,94.297,30
20260815_150541_6643db,2025-05-19,600008.SH,300,300,30.234714,30.38808,46.0098,30
20260815_150541_6643db,2025-05-19,601860.SH,3100,3100,3.391574,3.411621,62.1457,30
20260815_150541_6643db,2025-05-19,601939.SH,500,500,20.686859,22.358644,835.8925,30
20260815_150541_6643db,2025-05-19,603323.SH,1100,1100,9.367857,9.746,415.9573,30
20260815_150541_6643db,2025-05-20,601997.SH,900,900,11.220972,11.43724,194.6412,88
20260815_150541_6643db,2025-05-20,002839.SZ,1600,1600,6.41517,6.615272,320.1632,31
20260815_150541_6643db,2025-05-20,600908.SH,1400,1400,7.284779,7.364876,112.1358,31
20260815_150541_6643db,2025-05-20,600008.SH,300,300,30.234714,30.38808,46.0098,31
20260815_150541_6643db,2025-05-20,601860.SH,3100,3100,3.391574,3.411621,62.1457,31
20260815_150541_6643db,2025-05-20,601939.SH,500,500,20.686859,22.358644,835.8925,31
20260815_150541_6643db,2025-05-20,603323.SH,1100,1100,9.367857,9.746,415.9573,31
20260815_150541_6643db,2025-05-21,601997.SH,900,900,11.220972,11.55238,298.2672,89
20260815_150541_6643db,2025-05-21,002839.SZ,1600,1600,6.41517,6.677976,420.4896,32
20260815_150541_6643db,2025-05-21,600908.SH,1400,1400,7.284779,7.479554,272.685,32
20260815_150541_6643db,2025-05-21,600008.SH,300,300,30.234714,30.48364,74.6778,32
20260815_150541_6643db,2025-05-21,601860.SH,3100,3100,3.391574,3.448044,175.057,32
20260815_150541_6643db,2025-05-21,601939.SH,500,500,20.686859,22.383053,848.097,32
20260815_150541_6643db,2025-05-21,603323.SH,1100,1100,9.367857,9.88776,571.8933,32
20260815_150541_6643db,2025-05-22,601997.SH,900,900,11.220972,11.62914,367.3512,90
20260815_150541_6643db,2025-05-22,002839.SZ,1600,1600,6.41517,6.772032,570.9792,33
20260815_150541_6643db,2025-05-22,600908.SH,1400,1400,7.284779,7.594232,433.2342,33
20260815_150541_6643db,2025-05-22,600008.SH,300,300,30.234714,30.19696,-11.3262,33
20260815_150541_6643db,2025-05-22,601860.SH,3100,3100,3.391574,3.484467,287.9683,33
20260815_150541_6643db,2025-05-22,601939.SH,500,500,20.686859,22.383053,848.097,33
20260815_150541_6643db,2025-05-22,603323.SH,1100,1100,9.367857,10.08268,786.3053,33
20260815_150541_6643db,2025-05-23,601997.SH,900,900,11.220972,11.53319,280.9962,91
20260815_150541_6643db,2025-05-23,002839.SZ,1600,1600,6.41517,6.709328,470.6528,34
20260815_150541_6643db,2025-05-23,600908.SH,1400,1400,7.284779,7.51778,326.2014,34
20260815_150541_6643db,2025-05-23,600008.SH,300,300,30.234714,29.91028,-97.3302,34
20260815_150541_6643db,2025-05-23,601860.SH,3100,3100,3.391574,3.448044,175.057,34
20260815_150541_6643db,2025-05-23,601939.SH,500,500,20.686859,22.163372,738.2565,34
20260815_150541_6643db,2025-05-23,603323.SH,1100,1100,9.367857,10.11812,825.2893,34
20260815_150541_6643db,2025-05-26,601997.SH,900,900,11.220972,11.45643,211.9122,92
20260815_150541_6643db,2025-05-26,002839.SZ,1600,1600,6.41517,6.725004,495.7344,35
20260815_150541_6643db,2025-05-26,600908.SH,1400,1400,7.284779,7.505038,308.3626,35
20260815_150541_6643db,2025-05-26,600008.SH,300,300,30.234714,30.00584,-68.6622,35
20260815_150541_6643db,2025-05-26,601860.SH,3100,3100,3.391574,3.435903,137.4199,35
20260815_150541_6643db,2025-05-26,601939.SH,500,500,20.686859,22.065736,689.4385,35
20260815_150541_6643db,2025-05-26,603323.SH,1100,1100,9.367857,10.22444,942.2413,35
20260815_150541_6643db,2025-05-27,601997.SH,900,900,11.220972,11.514,263.7252,93
20260815_150541_6643db,2025-05-27,002839.SZ,1600,1600,6.41517,6.81906,646.224,36
20260815_150541_6643db,2025-05-27,600908.SH,1400,1400,7.284779,7.632458,486.7506,36
20260815_150541_6643db,2025-05-27,600008.SH,300,300,30.234714,30.00584,-68.6622,36
20260815_150541_6643db,2025-05-27,601860.SH,3100,3100,3.391574,3.472326,250.3312,36
20260815_150541_6643db,2025-05-27,601939.SH,500,500,20.686859,22.138963,726.052,36
20260815_150541_6643db,2025-05-27,603323.SH,1100,1100,9.367857,10.33076,1059.1933,36
20260815_150541_6643db,2025-05-28,601997.SH,900,900,11.220972,11.59076,332.8092,94
20260815_150541_6643db,2025-05-28,002839.SZ,1600,1600,6.41517,6.850412,696.3872,37
20260815_150541_6643db,2025-05-28,600908.SH,1400,1400,7.284779,7.670684,540.267,37
20260815_150541_6643db,2025-05-28,600008.SH,300,300,30.234714,30.38808,46.0098,37
20260815_150541_6643db,2025-05-28,601860.SH,3100,3100,3.391574,3.472326,250.3312,37
20260815_150541_6643db,2025-05-28,601939.SH,500,500,20.686859,22.090145,701.643,37
20260815_150541_6643db,2025-05-28,603323.SH,1100,1100,9.367857,10.50796,1254.1133,37
20260815_150541_6643db,2025-05-29,601997.SH,900,900,11.220972,11.53319,280.9962,95
20260815_150541_6643db,2025-05-29,002839.SZ,1600,1600,6.41517,6.850412,696.3872,38
20260815_150541_6643db,2025-05-29,600908.SH,1400,1400,7.284779,7.683426,558.1058,38
20260815_150541_6643db,2025-05-29,600008.SH,300,300,30.234714,30.38808,46.0098,38
20260815_150541_6643db,2025-05-29,601860.SH,3100,3100,3.391574,3.472326,250.3312,38
20260815_150541_6643db,2025-05-29,601939.SH,500,500,20.686859,21.992509,652.825,38
20260815_150541_6643db,2025-05-29,603323.SH,1100,1100,9.367857,10.41936,1156.6533,38
20260815_150541_6643db,2025-05-30,601997.SH,900,900,11.220972,11.7059,436.4352,96
20260815_150541_6643db,2025-05-30,002839.SZ,1600,1600,6.41517,6.913116,796.7136,39
20260815_150541_6643db,2025-05-30,600908.SH,1400,1400,7.284779,7.77262,682.9774,39
20260815_150541_6643db,2025-05-30,600008.SH,300,300,30.234714,30.48364,74.6778,39
20260815_150541_6643db,2025-05-30,601860.SH,3100,3100,3.391574,3.52089,400.8796,39
20260815_150541_6643db,2025-05-30,601939.SH,500,500,20.686859,22.041327,677.234,39
20260815_150541_6643db,2025-05-30,603323.SH,1100,1100,9.367857,10.68516,1449.0333,39
20260815_150541_6643db,2025-06-03,601997.SH,900,900,11.220972,11.95537,660.9582,97
20260815_150541_6643db,2025-06-03,002839.SZ,1600,1600,6.41517,7.085552,1072.6112,40
20260815_150541_6643db,2025-06-03,600908.SH,1400,1400,7.284779,7.887298,843.5266,40
20260815_150541_6643db,2025-06-03,600008.SH,300,300,30.234714,30.48364,74.6778,40
20260815_150541_6643db,2025-06-03,601860.SH,3100,3100,3.391574,3.593736,626.7022,40
20260815_150541_6643db,2025-06-03,601939.SH,500,500,20.686859,22.114554,713.8475,40
20260815_150541_6643db,2025-06-03,603323.SH,1100,1100,9.367857,10.8978,1682.9373,40
20260815_150541_6643db,2025-06-04,601997.SH,900,900,11.220972,12.01294,712.7712,98
20260815_150541_6643db,2025-06-04,002839.SZ,1600,1600,6.41517,7.195284,1248.1824,41
20260815_150541_6643db,2025-06-04,600908.SH,1400,1400,7.284779,7.938266,914.8818,41
20260815_150541_6643db,2025-06-04,600008.SH,300,300,30.234714,30.48364,74.6778,41
20260815_150541_6643db,2025-06-04,601860.SH,3100,3100,3.391574,3.654441,814.8877,41
20260815_150541_6643db,2025-06-04,601939.SH,500,500,20.686859,21.992509,652.825,41
20260815_150541_6643db,2025-06-04,603323.SH,1100,1100,9.367857,10.93324,1721.9213,41
20260815_150541_6643db,2025-06-05,601997.SH,900,900,11.220972,11.78266,505.5192,99
20260815_150541_6643db,2025-06-05,002839.SZ,1600,1600,6.41517,7.022848,972.2848,42
20260815_150541_6643db,2025-06-05,600908.SH,1400,1400,7.284779,7.849072,790.0102,42
20260815_150541_6643db,2025-06-05,600008.SH,300,300,30.234714,30.38808,46.0098,42
20260815_150541_6643db,2025-06-05,601860.SH,3100,3100,3.391574,3.581595,589.0651,42
20260815_150541_6643db,2025-06-05,601939.SH,500,500,20.686859,21.9681,640.6205,42
20260815_150541_6643db,2025-06-05,603323.SH,1100,1100,9.367857,10.73832,1507.5093,42
20260815_150541_6643db,2025-06-06,601997.SH,900,900,11.220972,11.903331,614.1231,100
20260815_150541_6643db,2025-06-06,002839.SZ,1600,1600,6.41517,7.085552,1072.6112,43
20260815_150541_6643db,2025-06-06,600908.SH,1400,1400,7.284779,7.90004,861.3654,43
20260815_150541_6643db,2025-06-06,600008.SH,300,300,30.234714,30.5792,103.3458,43
20260815_150541_6643db,2025-06-06,601860.SH,3100,3100,3.391574,3.59385,627.0556,43
20260815_150541_6643db,2025-06-06,601939.SH,500,500,20.686859,21.9681,640.6205,43
20260815_150541_6643db,2025-06-06,603323.SH,1100,1100,9.367857,10.91552,1702.4293,43
20260815_150541_6643db,2025-06-09,601997.SH,900,900,11.220972,11.943613,650.3769,101
20260815_150541_6643db,2025-06-09,002839.SZ,1600,1600,6.41517,7.085552,1072.6112,44
20260815_150541_6643db,2025-06-09,600908.SH,1400,1400,7.284779,7.874556,825.6878,44
20260815_150541_6643db,2025-06-09,600008.SH,300,300,30.234714,30.96144,218.0178,44
20260815_150541_6643db,2025-06-09,601860.SH,3100,3100,3.391574,3.59385,627.0556,44
20260815_150541_6643db,2025-06-09,601939.SH,500,500,20.686859,21.870464,591.8025,44
20260815_150541_6643db,2025-06-09,603323.SH,1100,1100,9.367857,10.86236,1643.9533,44
20260815_150541_6643db,2025-06-10,601997.SH,900,900,11.220972,12.0846,777.2652,102
20260815_150541_6643db,2025-06-10,002839.SZ,1600,1600,6.41517,7.101228,1097.6928,45
20260815_150541_6643db,2025-06-10,600908.SH,1400,1400,7.284779,7.912782,879.2042,45
20260815_150541_6643db,2025-06-10,600008.SH,300,300,30.234714,31.057,246.6858,45
20260815_150541_6643db,2025-06-10,601860.SH,3100,3100,3.391574,3.6062,665.3406,45
20260815_150541_6643db,2025-06-10,601939.SH,500,500,20.686859,21.894873,604.007,45
20260815_150541_6643db,2025-06-10,603323.SH,1100,1100,9.367857,10.96868,1760.9053,45
20260815_150541_6643db,2025-06-11,601997.SH,900,900,11.220972,12.044318,741.0114,103
20260815_150541_6643db,2025-06-11,002839.SZ,1600,1600,6.41517,7.085552,1072.6112,46
20260815_150541_6643db,2025-06-11,600908.SH,1400,1400,7.284779,7.90004,861.3654,46
20260815_150541_6643db,2025-06-11,600008.SH,300,300,30.234714,31.15256,275.3538,46
20260815_150541_6643db,2025-06-11,601860.SH,3100,3100,3.391574,3.59385,627.0556,46
20260815_150541_6643db,2025-06-11,601939.SH,500,500,20.686859,21.772828,542.9845,46
20260815_150541_6643db,2025-06-11,603323.SH,1100,1100,9.367857,11.03956,1838.8733,46
20260815_150541_6643db,2025-06-12,601997.SH,900,900,11.220972,12.225587,904.1535,104
20260815_150541_6643db,2025-06-12,002839.SZ,1600,1600,6.41517,7.179608,1223.1008,47
20260815_150541_6643db,2025-06-12,600908.SH,1400,1400,7.284779,8.001976,1004.0758,47
20260815_150541_6643db,2025-06-12,600008.SH,300,300,30.234714,31.057,246.6858,47
20260815_150541_6643db,2025-06-12,601860.SH,3100,3100,3.391574,3.6556,818.4806,47
20260815_150541_6643db,2025-06-12,601939.SH,500,500,20.686859,21.699601,506.371,47
20260815_150541_6643db,2025-06-12,603323.SH,1100,1100,9.367857,11.260392,2081.7885,47
20260815_150541_6643db,2025-06-13,601997.SH,900,900,11.220972,12.0846,777.2652,105
20260815_150541_6643db,2025-06-13,002839.SZ,1600,1600,6.41517,7.101228,1097.6928,48
20260815_150541_6643db,2025-06-13,600908.SH,1400,1400,7.284779,7.938266,914.8818,48
20260815_150541_6643db,2025-06-13,600008.SH,300,300,30.234714,30.855204,186.147,48
20260815_150541_6643db,2025-06-13,601860.SH,3100,3100,3.391574,3.6062,665.3406,48
20260815_150541_6643db,2025-06-13,601939.SH,500,500,20.686859,21.626374,469.7575,48
20260815_150541_6643db,2025-06-13,603323.SH,1100,1100,9.367857,11.119888,1927.2341,48
20260815_150541_6643db,2025-06-16,601997.SH,900,900,11.220972,12.265869,940.4073,106
20260815_150541_6643db,2025-06-16,002839.SZ,1600,1600,6.41517,7.179608,1223.1008,49
20260815_150541_6643db,2025-06-16,600908.SH,1400,1400,7.284779,8.014718,1021.9146,49
20260815_150541_6643db,2025-06-16,600008.SH,300,300,30.234714,30.75437,155.8968,49
20260815_150541_6643db,2025-06-16,601860.SH,3100,3100,3.391574,3.66795,856.7656,49
20260815_150541_6643db,2025-06-16,601939.SH,500,500,20.686859,21.9681,640.6205,49
20260815_150541_6643db,2025-06-16,603323.SH,1100,1100,9.367857,11.481184,2324.6597,49
20260815_150541_6643db,2025-06-17,601997.SH,900,900,11.220972,12.265869,940.4073,107
20260815_150541_6643db,2025-06-17,002839.SZ,1600,1600,6.41517,7.195284,1248.1824,50
20260815_150541_6643db,2025-06-17,600908.SH,1400,1400,7.284779,8.065686,1093.2698,50
20260815_150541_6643db,2025-06-17,600008.SH,300,300,30.234714,30.855204,186.147,50
20260815_150541_6643db,2025-06-17,601860.SH,3100,3100,3.391574,3.69265,933.3356,50
20260815_150541_6643db,2025-06-17,601939.SH,500,500,20.686859,22.016918,665.0295,50
20260815_150541_6643db,2025-06-17,603323.SH,1100,1100,9.367857,11.722048,2589.6101,50
20260815_150541_6643db,2025-06-18,601997.SH,900,900,11.220972,12.28601,958.5342,108
20260815_150541_6643db,2025-06-18,002839.SZ,1600,1600,6.41517,7.242312,1323.4272,51
20260815_150541_6643db,2025-06-18,600908.SH,1400,1400,7.284779,8.103912,1146.7862,51
20260815_150541_6643db,2025-06-18,600008.SH,300,300,30.234714,30.653536,125.6466,51
20260815_150541_6643db,2025-06-18,601860.SH,3100,3100,3.391574,3.6803,895.0506,51
20260815_150541_6643db,2025-06-18,601939.SH,500,500,20.686859,22.505098,909.1195,51
20260815_150541_6643db,2025-06-18,603323.SH,1100,1100,9.367857,11.862552,2744.1645,51
20260815_150541_6643db,2025-06-19,601997.SH,900,900,11.220972,12.185305,867.8997,109
20260815_150541_6643db,2025-06-19,002839.SZ,1600,1600,6.41517,7.179608,1223.1008,52
20260815_150541_6643db,2025-06-19,600908.SH,1400,1400,7.284779,8.142138,1200.3026,52
20260815_150541_6643db,2025-06-19,600008.SH,300,300,30.234714,30.351034,34.896,52
20260815_150541_6643db,2025-06-19,601860.SH,3100,3100,3.391574,3.6556,818.4806,52
20260815_150541_6643db,2025-06-19,601939.SH,500,500,20.686859,22.505098,909.1195,52
20260815_150541_6643db,2025-06-19,603323.SH,1100,1100,9.367857,11.802336,2677.9269,52
20260815_150541_6643db,2025-06-20,601997.SH,900,900,11.220972,12.306151,976.6611,110
20260815_150541_6643db,2025-06-20,002839.SZ,1600,1600,6.41517,7.226636,1298.3456,53
20260815_150541_6643db,2025-06-20,600908.SH,1400,1400,7.284779,8.180364,1253.819,53
20260815_150541_6643db,2025-06-20,600008.SH,300,300,30.234714,30.2502,4.6458,53
20260815_150541_6643db,2025-06-20,601860.SH,3100,3100,3.391574,3.7297,1048.1906,53
20260815_150541_6643db,2025-06-20,601939.SH,500,500,20.686859,22.724779,1018.96,53
20260815_150541_6643db,2025-06-20,603323.SH,1100,1100,9.367857,11.802336,2677.9269,53
20260815_150541_6643db,2025-06-23,601997.SH,900,900,11.220972,12.527702,1176.057,111
20260815_150541_6643db,2025-06-23,002839.SZ,1600,1600,6.41517,7.320692,1448.8352,54
20260815_150541_6643db,2025-06-23,600908.SH,1400,1400,7.284779,8.205848,1289.4966,54
20260815_150541_6643db,2025-06-23,600008.SH,300,300,30.234714,30.2502,4.6458,54
20260815_150541_6643db,2025-06-23,601860.SH,3100,3100,3.391574,3.79145,1239.6156,54
20260815_150541_6643db,2025-06-23,601939.SH,500,500,20.686859,23.066505,1189.823,54
20260815_150541_6643db,2025-06-23,603323.SH,1100,1100,9.367857,11.722048,2589.6101,54
20260815_150541_6643db,2025-06-24,601997.SH,900,900,11.220972,12.527702,1176.057,112
20260815_150541_6643db,2025-06-24,002839.SZ,1600,1600,6.41517,7.28934,1398.672,55
20260815_150541_6643db,2025-06-24,600908.SH,1400,1400,7.284779,8.129396,1182.4638,55
20260815_150541_6643db,2025-06-24,600008.SH,300,300,30.234714,30.351034,34.896,55
20260815_150541_6643db,2025-06-24,601860.SH,3100,3100,3.391574,3.79145,1239.6156,55
20260815_150541_6643db,2025-06-24,601939.SH,500,500,20.686859,23.139732,1226.4365,55
20260815_150541_6643db,2025-06-24,603323.SH,1100,1100,9.367857,11.581544,2435.0557,55
20260815_150541_6643db,2025-06-25,601997.SH,900,900,11.220972,12.648548,1284.8184,113
20260815_150541_6643db,2025-06-25,002839.SZ,1600,1600,6.41517,7.257988,1348.5088,56
20260815_150541_6643db,2025-06-25,600908.SH,1400,1400,7.284779,8.129396,1182.4638,56
20260815_150541_6643db,2025-06-25,600008.SH,300,300,30.234714,30.855204,186.147,56
20260815_150541_6643db,2025-06-25,601860.SH,3100,3100,3.391574,3.81615,1316.1856,56
20260815_150541_6643db,2025-06-25,601939.SH,500,500,20.686859,23.310595,1311.868,56
20260815_150541_6643db,2025-06-25,603323.SH,1100,1100,9.367857,11.64176,2501.2933,56
20260815_150541_6643db,2025-06-26,601997.SH,900,900,11.220972,12.870099,1484.2143,114
20260815_150541_6643db,2025-06-26,002839.SZ,1600,1600,6.41517,7.352044,1498.9984,57
20260815_150541_6643db,2025-06-26,600908.SH,1400,1400,7.284779,8.295042,1414.3682,57
20260815_150541_6643db,2025-06-26,600008.SH,300,300,30.234714,30.75437,155.8968,57
20260815_150541_6643db,2025-06-26,601860.SH,3100,3100,3.391574,3.84085,1392.7556,57
20260815_150541_6643db,2025-06-26,601939.SH,500,500,20.686859,23.359413,1336.277,57
20260815_150541_6643db,2025-06-26,603323.SH,1100,1100,9.367857,11.802336,2677.9269,57
20260815_150541_6643db,2025-06-27,601997.SH,900,900,11.220972,12.789535,1411.7067,115
20260815_150541_6643db,2025-06-27,002839.SZ,1600,1600,6.41517,7.163932,1198.0192,58
20260815_150541_6643db,2025-06-27,600908.SH,1400,1400,7.284779,8.142138,1200.3026,58
20260815_150541_6643db,2025-06-27,600008.SH,300,300,30.234714,30.653536,125.6466,58
20260815_150541_6643db,2025-06-27,601860.SH,3100,3100,3.391574,3.76675,1163.0456,58
20260815_150541_6643db,2025-06-27,601939.SH,500,500,20.686859,22.871233,1092.187,58
20260815_150541_6643db,2025-06-27,603323.SH,1100,1100,9.367857,11.461112,2302.5805,58
20260815_150541_6643db,2025-06-30,601997.SH,900,900,11.220972,12.567984,1212.3108,116
20260815_150541_6643db,2025-06-30,002839.SZ,1600,1600,6.41517,7.0542,1022.448,59
20260815_150541_6643db,2025-06-30,600908.SH,1400,1400,7.284779,8.040202,1057.5922,59
20260815_150541_6643db,2025-06-30,600008.SH,300,300,30.234714,30.451868,65.1462,59
20260815_150541_6643db,2025-06-30,601860.SH,3100,3100,3.391574,3.705,971.6206,59
20260815_150541_6643db,2025-06-30,601939.SH,500,500,20.686859,23.042096,1177.6185,59
20260815_150541_6643db,2025-06-30,603323.SH,1100,1100,9.367857,11.260392,2081.7885,59
20260815_150541_6643db,2025-07-01,601997.SH,900,900,11.220972,12.829817,1447.9605,117
20260815_150541_6643db,2025-07-01,002839.SZ,1600,1600,6.41517,7.195284,1248.1824,60
20260815_150541_6643db,2025-07-01,600908.SH,1400,1400,7.284779,8.180364,1253.819,60
20260815_150541_6643db,2025-07-01,600008.SH,300,300,30.234714,30.653536,125.6466,60
20260815_150541_6643db,2025-07-01,601860.SH,3100,3100,3.391574,3.74205,1086.4756,60
20260815_150541_6643db,2025-07-01,601939.SH,500,500,20.686859,23.701139,1507.14,60
20260815_150541_6643db,2025-07-01,603323.SH,1100,1100,9.367857,11.420968,2258.4221,60
20260815_150541_6643db,2025-07-02,600502.SH,100,0,77.091575,77.158784,6.7209,1
20260815_150541_6643db,2025-07-02,301175.SZ,2100,0,5.585279,5.557215,-58.9344,1
20260815_150541_6643db,2025-07-02,002478.SZ,700,0,15.463838,15.824791,252.6671,1
20260815_150541_6643db,2025-07-02,600035.SH,700,0,15.765378,15.929637,114.9813,1
20260815_150541_6643db,2025-07-02,600313.SH,400,0,26.474158,26.52504,20.3528,1
20260815_150541_6643db,2025-07-02,600598.SH,200,0,42.211229,42.21675,1.1042,1
20260815_150541_6643db,2025-07-02,688370.SH,400,0,29.666925,29.323364,-137.4244,1
20260815_150541_6643db,2025-07-02,601677.SH,500,0,20.339148,20.460009,60.4305,1
20260815_150541_6643db,2025-07-03,600502.SH,100,100,77.091575,77.322256,23.0681,2
20260815_150541_6643db,2025-07-03,301175.SZ,2100,2100,5.585279,5.557215,-58.9344,2
20260815_150541_6643db,2025-07-03,002478.SZ,700,700,15.463838,15.883293,293.6185,2
20260815_150541_6643db,2025-07-03,600035.SH,700,700,15.765378,15.892848,89.229,2
20260815_150541_6643db,2025-07-03,600313.SH,400,400,26.474158,26.52504,20.3528,2
20260815_150541_6643db,2025-07-03,600598.SH,200,200,42.211229,42.304095,18.5732,2
20260815_150541_6643db,2025-07-03,688370.SH,400,400,29.666925,29.352556,-125.7476,2
20260815_150541_6643db,2025-07-03,601677.SH,500,500,20.339148,20.395005,27.9285,2
20260815_150541_6643db,2025-07-04,600502.SH,100,100,77.091575,78.139616,104.8041,3
20260815_150541_6643db,2025-07-04,301175.SZ,2100,2100,5.585279,5.58885,7.4991,3
20260815_150541_6643db,2025-07-04,002478.SZ,700,700,15.463838,15.971046,355.0456,3
20260815_150541_6643db,2025-07-04,600035.SH,700,700,15.765378,15.966426,140.7336,3
20260815_150541_6643db,2025-07-04,600313.SH,400,400,26.474158,26.65095,70.7168,3
20260815_150541_6643db,2025-07-04,600598.SH,200,200,42.211229,42.478785,53.5112,3
20260815_150541_6643db,2025-07-04,688370.SH,400,400,29.666925,29.425536,-96.5556,3
20260815_150541_6643db,2025-07-04,601677.SH,500,500,20.339148,20.199993,-69.5775,3
20260815_150541_6643db,2025-07-07,600502.SH,100,100,77.091575,79.120448,202.8873,4
20260815_150541_6643db,2025-07-07,301175.SZ,2100,2100,5.585279,5.65212,140.3661,4
20260815_150541_6643db,2025-07-07,002478.SZ,700,700,15.463838,15.941795,334.5699,4
20260815_150541_6643db,2025-07-07,600035.SH,700,700,15.765378,16.076793,217.9905,4
20260815_150541_6643db,2025-07-07,600313.SH,400,400,26.474158,26.81883,137.8688,4
20260815_150541_6643db,2025-07-07,600598.SH,200,200,42.211229,42.74082,105.9182,4
20260815_150541_6643db,2025-07-07,688370.SH,400,400,29.666925,29.542304,-49.8484,4
20260815_150541_6643db,2025-07-07,601677.SH,500,500,20.339148,20.248746,-45.201,4
20260815_150541_6643db,2025-07-08,600502.SH,100,100,77.091575,78.956976,186.5401,5
20260815_150541_6643db,2025-07-08,301175.SZ,2100,2100,5.585279,5.641575,118.2216,5
20260815_150541_6643db,2025-07-08,002478.SZ,700,700,15.463838,16.117301,457.4241,5
20260815_150541_6643db,2025-07-08,600035.SH,700,700,15.765378,16.040004,192.2382,5
20260815_150541_6643db,2025-07-08,600313.SH,400,400,26.474158,26.90277,171.4448,5
20260815_150541_6643db,2025-07-08,600598.SH,200,200,42.211229,42.68259,94.2722,5
20260815_150541_6643db,2025-07-08,688370.SH,400,400,29.666925,29.717456,20.2124,5
20260815_150541_6643db,2025-07-08,601677.SH,500,500,20.339148,20.443758,52.305,5
20260815_150541_6643db,2025-07-09,600502.SH,100,100,77.091575,79.120448,202.8873,6
20260815_150541_6643db,2025-07-09,301175.SZ,2100,2100,5.585279,5.63103,96.0771,6
20260815_150541_6643db,2025-07-09,002478.SZ,700,700,15.463838,16.029548,395.997,6
20260815_150541_6643db,2025-07-09,600035.SH,700,700,15.765378,16.150371,269.4951,6
20260815_150541_6643db,2025-07-09,600313.SH,400,400,26.474158,26.73489,104.2928,6
20260815_150541_6643db,2025-07-09,600598.SH,200,200,42.211229,42.5079,59.3342,6
20260815_150541_6643db,2025-07-09,688370.SH,400,400,29.666925,30.549428,353.0012,6
20260815_150541_6643db,2025-07-09,601677.SH,500,500,20.339148,20.216244,-61.452,6
20260815_150541_6643db,2025-07-10,600502.SH,100,100,77.091575,79.774336,268.2761,7
20260815_150541_6643db,2025-07-10,301175.SZ,2100,2100,5.585279,5.641575,118.2216,7
20260815_150541_6643db,2025-07-10,002478.SZ,700,700,15.463838,16.08805,436.9484,7
20260815_150541_6643db,2025-07-10,600035.SH,700,700,15.765378,16.223949,320.9997,7
20260815_150541_6643db,2025-07-10,600313.SH,400,400,26.474158,26.73489,104.2928,7
20260815_150541_6643db,2025-07-10,600598.SH,200,200,42.211229,42.595245,76.8032,7
20260815_150541_6643db,2025-07-10,688370.SH,400,400,29.666925,30.242912,230.3948,7
20260815_150541_6643db,2025-07-10,601677.SH,500,500,20.339148,20.443758,52.305,7
20260815_150541_6643db,2025-07-11,600502.SH,100,100,77.091575,79.447392,235.5817,8
20260815_150541_6643db,2025-07-11,301175.SZ,2100,2100,5.585279,5.662665,162.5106,8
20260815_150541_6643db,2025-07-11,002478.SZ,700,700,15.463838,16.205054,518.8512,8
20260815_150541_6643db,2025-07-11,600035.SH,700,700,15.765378,16.150371,269.4951,8
20260815_150541_6643db,2025-07-11,600313.SH,400,400,26.474158,26.81883,137.8688,8
20260815_150541_6643db,2025-07-11,600598.SH,200,200,42.211229,42.79905,117.5642,8
20260815_150541_6643db,2025-07-11,688370.SH,400,400,29.666925,30.549428,353.0012,8
20260815_150541_6643db,2025-07-11,601677.SH,500,500,20.339148,20.590017,125.4345,8
20260815_150541_6643db,2025-07-14,600502.SH,100,100,77.091575,80.10128,300.9705,9
20260815_150541_6643db,2025-07-14,301175.SZ,2100,2100,5.585279,5.6943,228.9441,9
20260815_150541_6643db,2025-07-14,002478.SZ,700,700,15.463838,16.263556,559.8026,9
20260815_150541_6643db,2025-07-14,600035.SH,700,700,15.765378,16.18716,295.2474,9
20260815_150541_6643db,2025-07-14,600313.SH,400,400,26.474158,26.77686,121.0808,9
20260815_150541_6643db,2025-07-14,600598.SH,200,200,42.211229,42.68259,94.2722,9
20260815_150541_6643db,2025-07-14,688370.SH,400,400,29.666925,30.753772,434.7388,9
20260815_150541_6643db,2025-07-14,601677.SH,500,500,20.339148,20.557515,109.1835,9
20260815_150541_6643db,2025-07-15,600502.SH,100,100,77.091575,79.447392,235.5817,10
20260815_150541_6643db,2025-07-15,301175.SZ,2100,2100,5.585279,5.641575,118.2216,10
20260815_150541_6643db,2025-07-15,002478.SZ,700,700,15.463838,16.08805,436.9484,10
20260815_150541_6643db,2025-07-15,600035.SH,700,700,15.765378,16.003215,166.4859,10
20260815_150541_6643db,2025-07-15,600313.SH,400,400,26.474158,26.35716,-46.7992,10
20260815_150541_6643db,2025-07-15,600598.SH,200,200,42.211229,41.98383,-45.4798,10
20260815_150541_6643db,2025-07-15,688370.SH,400,400,29.666925,30.315892,259.5868,10
20260815_150541_6643db,2025-07-15,601677.SH,500,500,20.339148,20.411256,36.054,10
20260815_150541_6643db,2025-07-16,600502.SH,100,100,77.091575,79.120448,202.8873,11
20260815_150541_6643db,2025-07-16,301175.SZ,2100,2100,5.585279,5.63103,96.0771,11
20260815_150541_6643db,2025-07-16,002478.SZ,700,700,15.463838,16.029548,395.997,11
20260815_150541_6643db,2025-07-16,600035.SH,700,700,15.765378,16.076793,217.9905,11
20260815_150541_6643db,2025-07-16,600313.SH,400,400,26.474158,26.52504,20.3528,11
20260815_150541_6643db,2025-07-16,600598.SH,200,200,42.211229,42.10029,-22.1878,11
20260815_150541_6643db,2025-07-16,688370.SH,400,400,29.666925,30.35968,277.102,11
20260815_150541_6643db,2025-07-16,601677.SH,500,500,20.339148,20.346252,3.552,11
20260815_150541_6643db,2025-07-17,600502.SH,100,100,77.091575,78.303088,121.1513,12
20260815_150541_6643db,2025-07-17,301175.SZ,2100,2100,5.585279,5.620485,73.9326,12
20260815_150541_6643db,2025-07-17,002478.SZ,700,700,15.463838,16.029548,395.997,12
20260815_150541_6643db,2025-07-17,600035.SH,700,700,15.765378,15.966426,140.7336,12
20260815_150541_6643db,2025-07-17,600313.SH,400,400,26.474158,26.60898,53.9288,12
20260815_150541_6643db,2025-07-17,600598.SH,200,200,42.211229,42.21675,1.1042,12
20260815_150541_6643db,2025-07-17,688370.SH,400,400,29.666925,30.301296,253.7484,12
20260815_150541_6643db,2025-07-17,601677.SH,500,500,20.339148,20.183742,-77.703,12
20260815_150541_6643db,2025-07-18,600502.SH,100,100,77.091575,78.46656,137.4985,13
20260815_150541_6643db,2025-07-18,301175.SZ,2100,2100,5.585279,5.641575,118.2216,13
20260815_150541_6643db,2025-07-18,002478.SZ,700,700,15.463838,16.029548,395.997,13
20260815_150541_6643db,2025-07-18,600035.SH,700,700,15.765378,16.040004,192.2382,13
20260815_150541_6643db,2025-07-18,600313.SH,400,400,26.474158,26.73489,104.2928,13
20260815_150541_6643db,2025-07-18,600598.SH,200,200,42.211229,42.362325,30.2192,13
20260815_150541_6643db,2025-07-18,688370.SH,400,400,29.666925,30.637004,388.0316,13
20260815_150541_6643db,2025-07-18,601677.SH,500,500,20.339148,20.346252,3.552,13
20260815_150541_6643db,2025-07-21,600502.SH,100,100,77.091575,81.245584,415.4009,14
20260815_150541_6643db,2025-07-21,301175.SZ,2100,2100,5.585279,5.71539,273.2331,14
20260815_150541_6643db,2025-07-21,002478.SZ,700,700,15.463838,16.351309,621.2297,14
20260815_150541_6643db,2025-07-21,600035.SH,700,700,15.765378,16.223949,320.9997,14
20260815_150541_6643db,2025-07-21,600313.SH,400,400,26.474158,26.94474,188.2328,14
20260815_150541_6643db,2025-07-21,600598.SH,200,200,42.211229,42.828165,123.3872,14
20260815_150541_6643db,2025-07-21,688370.SH,400,400,29.666925,30.72458,423.062,14
20260815_150541_6643db,2025-07-21,601677.SH,500,500,20.339148,20.80128,231.066,14
20260815_150541_6643db,2025-07-22,600502.SH,100,100,77.091575,84.678496,758.6921,15
20260815_150541_6643db,2025-07-22,301175.SZ,2100,2100,5.585279,5.747025,339.6666,15
20260815_150541_6643db,2025-07-22,002478.SZ,700,700,15.463838,16.556066,764.5596,15
20260815_150541_6643db,2025-07-22,600035.SH,700,700,15.765378,16.371105,424.0089,15
20260815_150541_6643db,2025-07-22,600313.SH,400,400,26.474158,27.11262,255.3848,15
20260815_150541_6643db,2025-07-22,600598.SH,200,200,42.211229,43.002855,158.3252,15
20260815_150541_6643db,2025-07-22,688370.SH,400,400,29.666925,30.534832,347.1628,15
20260815_150541_6643db,2025-07-22,601677.SH,500,500,20.339148,21.061296,361.074,15
20260815_150541_6643db,2025-07-23,600502.SH,100,100,77.091575,83.37072,627.9145,16
20260815_150541_6643db,2025-07-23,301175.SZ,2100,2100,5.585279,5.704845,251.0886,16
20260815_150541_6643db,2025-07-23,002478.SZ,700,700,15.463838,16.497564,723.6082,16
20260815_150541_6643db,2025-07-23,600035.SH,700,700,15.765378,16.297527,372.5043,16
20260815_150541_6643db,2025-07-23,600313.SH,400,400,26.474158,26.90277,171.4448,16
20260815_150541_6643db,2025-07-23,600598.SH,200,200,42.211229,42.85728,129.2102,16
20260815_150541_6643db,2025-07-23,688370.SH,400,400,29.666925,30.301296,253.7484,16
20260815_150541_6643db,2025-07-23,601677.SH,500,500,20.339148,20.817531,239.1915,16
20260815_150541_6643db,2025-07-24,600502.SH,100,100,77.091575,83.37072,627.9145,17
20260815_150541_6643db,2025-07-24,301175.SZ,2100,2100,5.585279,5.77866,406.1001,17
20260815_150541_6643db,2025-07-24,002478.SZ,700,700,15.463838,16.614568,805.511,17
20260815_150541_6643db,2025-07-24,600035.SH,700,700,15.765378,16.334316,398.2566,17
20260815_150541_6643db,2025-07-24,600313.SH,400,400,26.474158,27.40641,372.9008,17
20260815_150541_6643db,2025-07-24,600598.SH,200,200,42.211229,43.468695,251.4932,17
20260815_150541_6643db,2025-07-24,688370.SH,400,400,29.666925,30.447256,312.1324,17
20260815_150541_6643db,2025-07-24,601677.SH,500,500,20.339148,21.240057,450.4545,17
20260815_150541_6643db,2025-07-25,600502.SH,100,100,77.091575,80.755168,366.3593,18
20260815_150541_6643db,2025-07-25,301175.SZ,2100,2100,5.585279,5.71539,273.2331,18
20260815_150541_6643db,2025-07-25,002478.SZ,700,700,15.463838,16.614568,805.511,18
20260815_150541_6643db,2025-07-25,600035.SH,700,700,15.765378,16.18716,295.2474,18
20260815_150541_6643db,2025-07-25,600313.SH,400,400,26.474158,27.19656,288.9608,18
20260815_150541_6643db,2025-07-25,600598.SH,200,200,42.211229,43.26489,210.7322,18
20260815_150541_6643db,2025-07-25,688370.SH,400,400,29.666925,33.395648,1491.4892,18
20260815_150541_6643db,2025-07-25,601677.SH,500,500,20.339148,21.1263,393.576,18
20260815_150541_6643db,2025-07-28,600502.SH,100,100,77.091575,80.91864,382.7065,19
20260815_150541_6643db,2025-07-28,301175.SZ,2100,2100,5.585279,5.71539,273.2331,19
20260815_150541_6643db,2025-07-28,002478.SZ,700,700,15.463838,16.526815,744.0839,19
20260815_150541_6643db,2025-07-28,600035.SH,700,700,15.765378,16.076793,217.9905,19
20260815_150541_6643db,2025-07-28,600313.SH,400,400,26.474158,27.07065,238.5968,19
20260815_150541_6643db,2025-07-28,600598.SH,200,200,42.211229,43.0902,175.7942,19
20260815_150541_6643db,2025-07-28,688370.SH,400,400,29.666925,32.54908,1152.862,19
20260815_150541_6643db,2025-07-28,601677.SH,500,500,20.339148,20.882535,271.6935,19
20260815_150541_6643db,2025-07-29,600502.SH,100,100,77.091575,81.082112,399.0537,20
20260815_150541_6643db,2025-07-29,301175.SZ,2100,2100,5.585279,5.768115,383.9556,20
20260815_150541_6643db,2025-07-29,002478.SZ,700,700,15.463838,16.556066,764.5596,20
20260815_150541_6643db,2025-07-29,600035.SH,700,700,15.765378,15.929637,114.9813,20
20260815_150541_6643db,2025-07-29,600313.SH,400,400,26.474158,26.8608,154.6568,20
20260815_150541_6643db,2025-07-29,600598.SH,200,200,42.211229,42.886395,135.0332,20
20260815_150541_6643db,2025-07-29,688370.SH,400,400,29.666925,32.899384,1292.9836,20
20260815_150541_6643db,2025-07-29,601677.SH,500,500,20.339148,20.915037,287.9445,20
20260815_150541_6643db,2025-07-30,600502.SH,100,100,77.091575,80.91864,382.7065,21
20260815_150541_6643db,2025-07-30,301175.SZ,2100,2100,5.585279,5.79975,450.3891,21
20260815_150541_6643db,2025-07-30,002478.SZ,700,700,15.463838,16.556066,764.5596,21
20260815_150541_6643db,2025-07-30,600035.SH,700,700,15.765378,15.929637,114.9813,21
20260815_150541_6643db,2025-07-30,600313.SH,400,400,26.474158,27.15459,272.1728,21
20260815_150541_6643db,2025-07-30,600598.SH,200,200,42.211229,44.458605,449.4752,21
20260815_150541_6643db,2025-07-30,688370.SH,400,400,29.666925,32.91398,1298.822,21
20260815_150541_6643db,2025-07-30,601677.SH,500,500,20.339148,20.687523,174.1875,21
20260815_150541_6643db,2025-07-31,600502.SH,100,100,77.091575,79.610864,251.9289,22
20260815_150541_6643db,2025-07-31,301175.SZ,2100,2100,5.585279,5.683755,206.7996,22
20260815_150541_6643db,2025-07-31,002478.SZ,700,700,15.463838,16.117301,457.4241,22
20260815_150541_6643db,2025-07-31,600035.SH,700,700,15.765378,15.708903,-39.5325,22
20260815_150541_6643db,2025-07-31,600313.SH,400,400,26.474158,26.77686,121.0808,22
20260815_150541_6643db,2025-07-31,600598.SH,200,200,42.211229,43.49781,257.3162,22
20260815_150541_6643db,2025-07-31,688370.SH,400,400,29.666925,34.796864,2051.9756,22
20260815_150541_6643db,2025-07-31,601677.SH,500,500,20.339148,20.086236,-126.456,22
20260815_150541_6643db,2025-08-01,600502.SH,100,100,77.091575,79.120448,202.8873,23
20260815_150541_6643db,2025-08-01,301175.SZ,2100,2100,5.585279,5.747025,339.6666,23
20260815_150541_6643db,2025-08-01,002478.SZ,700,700,15.463838,16.175803,498.3755,23
20260815_150541_6643db,2025-08-01,600035.SH,700,700,15.765378,15.782481,11.9721,23
20260815_150541_6643db,2025-08-01,600313.SH,400,400,26.474158,26.65095,70.7168,23
20260815_150541_6643db,2025-08-01,600598.SH,200,200,42.211229,43.14843,187.4402,23
20260815_150541_6643db,2025-08-01,688370.SH,400,400,29.666925,34.636308,1987.7532,23
20260815_150541_6643db,2025-08-01,601677.SH,500,500,20.339148,20.118738,-110.205,23
20260815_150541_6643db,2025-08-04,600502.SH,100,100,77.091575,79.120448,202.8873,24
20260815_150541_6643db,2025-08-04,301175.SZ,2100,2100,5.585279,5.725935,295.3776,24
20260815_150541_6643db,2025-08-04,002478.SZ,700,700,15.463838,16.146552,477.8998,24
20260815_150541_6643db,2025-08-04,600035.SH,700,700,15.765378,15.782481,11.9721,24
20260815_150541_6643db,2025-08-04,600313.SH,400,400,26.474158,26.77686,121.0808,24
20260815_150541_6643db,2025-08-04,600598.SH,200,200,42.211229,43.701615,298.0772,24
20260815_150541_6643db,2025-08-04,688370.SH,400,400,29.666925,35.161764,2197.9356,24
20260815_150541_6643db,2025-08-04,601677.SH,500,500,20.339148,20.411256,36.054,24
20260815_150541_6643db,2025-08-05,600502.SH,100,100,77.091575,79.28392,219.2345,25
20260815_150541_6643db,2025-08-05,301175.SZ,2100,2100,5.585279,5.768115,383.9556,25
20260815_150541_6643db,2025-08-05,002478.SZ,700,700,15.463838,16.234305,539.3269,25
20260815_150541_6643db,2025-08-05,600035.SH,700,700,15.765378,15.929637,114.9813,25
20260815_150541_6643db,2025-08-05,600313.SH,400,400,26.474158,26.8608,154.6568,25
20260815_150541_6643db,2025-08-05,600598.SH,200,200,42.211229,43.876305,333.0152,25
20260815_150541_6643db,2025-08-05,688370.SH,400,400,29.666925,36.650556,2793.4524,25
20260815_150541_6643db,2025-08-05,601677.SH,500,500,20.339148,20.63877,149.811,25
20260815_150541_6643db,2025-08-06,600502.SH,100,100,77.091575,78.956976,186.5401,26
20260815_150541_6643db,2025-08-06,301175.SZ,2100,2100,5.585279,5.75757,361.8111,26
20260815_150541_6643db,2025-08-06,002478.SZ,700,700,15.463838,16.292807,580.2783,26
20260815_150541_6643db,2025-08-06,600035.SH,700,700,15.765378,15.892848,89.229,26
20260815_150541_6643db,2025-08-06,600313.SH,400,400,26.474158,26.73489,104.2928,26
20260815_150541_6643db,2025-08-06,600598.SH,200,200,42.211229,43.526925,263.1392,26
20260815_150541_6643db,2025-08-06,688370.SH,400,400,29.666925,37.628488,3184.6252,26
20260815_150541_6643db,2025-08-06,601677.SH,500,500,20.339148,20.671272,166.062,26
20260815_150541_6643db,2025-08-07,600502.SH,100,100,77.091575,79.120448,202.8873,27
20260815_150541_6643db,2025-08-07,301175.SZ,2100,2100,5.585279,5.73648,317.5221,27
20260815_150541_6643db,2025-08-07,002478.SZ,700,700,15.463838,16.263556,559.8026,27
20260815_150541_6643db,2025-08-07,600035.SH,700,700,15.765378,15.892848,89.229,27
20260815_150541_6643db,2025-08-07,600313.SH,400,400,26.474158,27.19656,288.9608,27
20260815_150541_6643db,2025-08-07,600598.SH,200,200,42.211229,44.633295,484.4132,27
20260815_150541_6643db,2025-08-07,688370.SH,400,400,29.666925,35.3953,2291.35,27
20260815_150541_6643db,2025-08-07,601677.SH,500,500,20.339148,20.80128,231.066,27
20260815_150541_6643db,2025-08-08,600502.SH,100,100,77.091575,80.428224,333.6649,28
20260815_150541_6643db,2025-08-08,301175.SZ,2100,2100,5.585279,5.852475,561.1116,28
20260815_150541_6643db,2025-08-08,002478.SZ,700,700,15.463838,16.322058,600.754,28
20260815_150541_6643db,2025-08-08,600035.SH,700,700,15.765378,15.929637,114.9813,28
20260815_150541_6643db,2025-08-08,600313.SH,400,400,26.474158,27.23853,305.7488,28
20260815_150541_6643db,2025-08-08,600598.SH,200,200,42.211229,44.633295,484.4132,28
20260815_150541_6643db,2025-08-08,688370.SH,400,400,29.666925,36.34404,2670.846,28
20260815_150541_6643db,2025-08-08,601677.SH,500,500,20.339148,21.158802,409.827,28
20260815_150541_6643db,2025-08-11,600502.SH,100,100,77.091575,80.264752,317.3177,29
20260815_150541_6643db,2025-08-11,301175.SZ,2100,2100,5.585279,5.957925,782.5566,29
20260815_150541_6643db,2025-08-11,002478.SZ,700,700,15.463838,16.322058,600.754,29
20260815_150541_6643db,2025-08-11,600035.SH,700,700,15.765378,15.892848,89.229,29
20260815_150541_6643db,2025-08-11,600313.SH,400,400,26.474158,27.15459,272.1728,29
20260815_150541_6643db,2025-08-11,600598.SH,200,200,42.211229,44.225685,402.8912,29
20260815_150541_6643db,2025-08-11,688370.SH,400,400,29.666925,35.482876,2326.3804,29
20260815_150541_6643db,2025-08-11,601677.SH,500,500,20.339148,21.337563,499.2075,29
20260815_150541_6643db,2025-08-12,600502.SH,100,100,77.091575,79.937808,284.6233,30
20260815_150541_6643db,2025-08-12,301175.SZ,2100,2100,5.585279,5.92629,716.1231,30
20260815_150541_6643db,2025-08-12,002478.SZ,700,700,15.463838,16.263556,559.8026,30
20260815_150541_6643db,2025-08-12,600035.SH,700,700,15.765378,15.892848,89.229,30
20260815_150541_6643db,2025-08-12,600313.SH,400,400,26.474158,27.02868,221.8088,30
20260815_150541_6643db,2025-08-12,600598.SH,200,200,42.211229,43.701615,298.0772,30
20260815_150541_6643db,2025-08-12,688370.SH,400,400,29.666925,37.00086,2933.574,30
20260815_150541_6643db,2025-08-12,601677.SH,500,500,20.339148,21.256308,458.58,30
20260815_150541_6643db,2025-08-13,600502.SH,100,100,77.091575,79.610864,251.9289,31
20260815_150541_6643db,2025-08-13,301175.SZ,2100,2100,5.585279,5.936835,738.2676,31
20260815_150541_6643db,2025-08-13,002478.SZ,700,700,15.463838,16.234305,539.3269,31
20260815_150541_6643db,2025-08-13,600035.SH,700,700,15.765378,15.856059,63.4767,31
20260815_150541_6643db,2025-08-13,600313.SH,400,400,26.474158,26.8608,154.6568,31
20260815_150541_6643db,2025-08-13,600598.SH,200,200,42.211229,43.78896,315.5462,31
20260815_150541_6643db,2025-08-13,688370.SH,400,400,29.666925,39.905464,4095.4156,31
20260815_150541_6643db,2025-08-13,601677.SH,500,500,20.339148,21.77634,718.596,31
20260815_150541_6643db,2025-08-14,600502.SH,100,100,77.091575,78.793504,170.1929,32
20260815_150541_6643db,2025-08-14,301175.SZ,2100,2100,5.585279,5.82084,494.6781,32
20260815_150541_6643db,2025-08-14,002478.SZ,700,700,15.463838,16.000297,375.5213,32
20260815_150541_6643db,2025-08-14,600035.SH,700,700,15.765378,15.745692,-13.7802,32
20260815_150541_6643db,2025-08-14,600313.SH,400,400,26.474158,26.52504,20.3528,32
20260815_150541_6643db,2025-08-14,600598.SH,200,200,42.211229,43.26489,210.7322,32
20260815_150541_6643db,2025-08-14,688370.SH,400,400,29.666925,35.745604,2431.4716,32
20260815_150541_6643db,2025-08-14,601677.SH,500,500,20.339148,21.548826,604.839,32
20260815_150541_6643db,2025-08-15,600502.SH,100,100,77.091575,79.120448,202.8873,33
20260815_150541_6643db,2025-08-15,301175.SZ,2100,2100,5.585279,5.915745,693.9786,33
20260815_150541_6643db,2025-08-15,002478.SZ,700,700,15.463838,16.117301,457.4241,33
20260815_150541_6643db,2025-08-15,600035.SH,700,700,15.765378,15.745692,-13.7802,33
20260815_150541_6643db,2025-08-15,600313.SH,400,400,26.474158,26.65095,70.7168,33
20260815_150541_6643db,2025-08-15,600598.SH,200,200,42.211229,43.585155,274.7852,33
20260815_150541_6643db,2025-08-15,688370.SH,400,400,29.666925,36.110504,2577.4316,33
20260815_150541_6643db,2025-08-15,601677.SH,500,500,20.339148,23.027667,1344.2595,33
20260815_150541_6643db,2025-08-18,600502.SH,100,100,77.091575,78.956976,186.5401,34
20260815_150541_6643db,2025-08-18,301175.SZ,2100,2100,5.585279,5.936835,738.2676,34
20260815_150541_6643db,2025-08-18,002478.SZ,700,700,15.463838,16.146552,477.8998,34
20260815_150541_6643db,2025-08-18,600035.SH,700,700,15.765378,15.81927,37.7244,34
20260815_150541_6643db,2025-08-18,600313.SH,400,400,26.474158,26.77686,121.0808,34
20260815_150541_6643db,2025-08-18,600598.SH,200,200,42.211229,43.55604,268.9622,34
20260815_150541_6643db,2025-08-18,688370.SH,400,400,29.666925,38.416672,3499.8988,34
20260815_150541_6643db,2025-08-18,601677.SH,500,500,20.339148,22.345125,1002.9885,34
20260815_150541_6643db,2025-08-19,600502.SH,100,100,77.091575,78.46656,137.4985,35
20260815_150541_6643db,2025-08-19,301175.SZ,2100,2100,5.585279,5.96847,804.7011,35
20260815_150541_6643db,2025-08-19,002478.SZ,700,700,15.463838,16.234305,539.3269,35
20260815_150541_6643db,2025-08-19,600035.SH,700,700,15.765378,15.81927,37.7244,35
20260815_150541_6643db,2025-08-19,600313.SH,400,400,26.474158,26.73489,104.2928,35
20260815_150541_6643db,2025-08-19,600598.SH,200,200,42.211229,43.38135,234.0242,35
20260815_150541_6643db,2025-08-19,688370.SH,400,400,29.666925,39.540564,3949.4556,35
20260815_150541_6643db,2025-08-19,601677.SH,500,500,20.339148,22.361376,1011.114,35
20260815_150541_6643db,2025-08-20,600502.SH,100,100,77.091575,78.793504,170.1929,36
20260815_150541_6643db,2025-08-20,301175.SZ,2100,2100,5.585279,5.98956,848.9901,36
20260815_150541_6643db,2025-08-20,002478.SZ,700,700,15.463838,16.292807,580.2783,36
20260815_150541_6643db,2025-08-20,600035.SH,700,700,15.765378,15.856059,63.4767,36
20260815_150541_6643db,2025-08-20,600313.SH,400,400,26.474158,26.98671,205.0208,36
20260815_150541_6643db,2025-08-20,600598.SH,200,200,42.211229,43.585155,274.7852,36
20260815_150541_6643db,2025-08-20,688370.SH,400,400,29.666925,43.788,5648.43,36
20260815_150541_6643db,2025-08-20,601677.SH,500,500,20.339148,22.410129,1035.4905,36
20260815_150541_6643db,2025-08-21,600502.SH,100,100,77.091575,78.956976,186.5401,37
20260815_150541_6643db,2025-08-21,301175.SZ,2100,2100,5.585279,5.96847,804.7011,37
20260815_150541_6643db,2025-08-21,002478.SZ,700,700,15.463838,16.439062,682.6568,37
20260815_150541_6643db,2025-08-21,600035.SH,700,700,15.765378,15.929637,114.9813,37
20260815_150541_6643db,2025-08-21,600313.SH,400,400,26.474158,27.32247,339.3248,37
20260815_150541_6643db,2025-08-21,600598.SH,200,200,42.211229,43.96365,350.4842,37
20260815_150541_6643db,2025-08-21,688370.SH,400,400,29.666925,43.904768,5695.1372,37
20260815_150541_6643db,2025-08-21,601677.SH,500,500,20.339148,22.296372,978.612,37
20260815_150541_6643db,2025-08-22,600502.SH,100,100,77.091575,79.120448,202.8873,38
20260815_150541_6643db,2025-08-22,301175.SZ,2100,2100,5.585279,5.979015,826.8456,38
20260815_150541_6643db,2025-08-22,002478.SZ,700,700,15.463838,16.38056,641.7054,38
20260815_150541_6643db,2025-08-22,600035.SH,700,700,15.765378,15.892848,89.229,38
20260815_150541_6643db,2025-08-22,600313.SH,400,400,26.474158,27.19656,288.9608,38
20260815_150541_6643db,2025-08-22,600598.SH,200,200,42.211229,43.6725,292.2542,38
20260815_150541_6643db,2025-08-22,688370.SH,400,400,29.666925,43.627444,5584.2076,38
20260815_150541_6643db,2025-08-22,601677.SH,500,500,20.339148,22.312623,986.7375,38
20260815_150541_6643db,2025-08-25,600502.SH,100,100,77.091575,79.774336,268.2761,39
20260815_150541_6643db,2025-08-25,301175.SZ,2100,2100,5.585279,5.979015,826.8456,39
20260815_150541_6643db,2025-08-25,002478.SZ,700,700,15.463838,16.585317,785.0353,39
20260815_150541_6643db,2025-08-25,600035.SH,700,700,15.765378,16.003215,166.4859,39
20260815_150541_6643db,2025-08-25,600313.SH,400,400,26.474158,27.44838,389.6888,39
20260815_150541_6643db,2025-08-25,600598.SH,200,200,42.211229,44.283915,414.5372,39
20260815_150541_6643db,2025-08-25,688370.SH,400,400,29.666925,44.95568,6115.502,39
20260815_150541_6643db,2025-08-25,601677.SH,500,500,20.339148,22.085109,872.9805,39
20260815_150541_6643db,2025-08-26,600502.SH,100,100,77.091575,79.774336,268.2761,40
20260815_150541_6643db,2025-08-26,301175.SZ,2100,2100,5.585279,6.01065,893.2791,40
20260815_150541_6643db,2025-08-26,002478.SZ,700,700,15.463838,16.643819,825.9867,40
20260815_150541_6643db,2025-08-26,600035.SH,700,700,15.765378,16.003215,166.4859,40
20260815_150541_6643db,2025-08-26,600313.SH,400,400,26.474158,27.65823,473.6288,40
20260815_150541_6643db,2025-08-26,600598.SH,200,200,42.211229,44.42949,443.6522,40
20260815_150541_6643db,2025-08-26,688370.SH,400,400,29.666925,43.598252,5572.5308,40
20260815_150541_6643db,2025-08-26,601677.SH,500,500,20.339148,22.231368,946.11,40
20260815_150541_6643db,2025-08-27,600502.SH,100,100,77.091575,78.303088,121.1513,41
20260815_150541_6643db,2025-08-27,301175.SZ,2100,2100,5.585279,5.86302,583.2561,41
20260815_150541_6643db,2025-08-27,002478.SZ,700,700,15.463838,16.175803,498.3755,41
20260815_150541_6643db,2025-08-27,600035.SH,700,700,15.765378,15.81927,37.7244,41
20260815_150541_6643db,2025-08-27,600313.SH,400,400,26.474158,27.36444,356.1128,41
20260815_150541_6643db,2025-08-27,600598.SH,200,200,42.211229,43.643385,286.4312,41
20260815_150541_6643db,2025-08-27,688370.SH,400,400,29.666925,41.043952,4550.8108,41
20260815_150541_6643db,2025-08-27,601677.SH,500,500,20.339148,21.565077,612.9645,41
20260815_150541_6643db,2025-08-28,600502.SH,100,100,77.091575,77.322256,23.0681,42
20260815_150541_6643db,2025-08-28,301175.SZ,2100,2100,5.585279,5.84193,538.9671,42
20260815_150541_6643db,2025-08-28,002478.SZ,700,700,15.463838,16.058799,416.4727,42
20260815_150541_6643db,2025-08-28,600035.SH,700,700,15.765378,15.745692,-13.7802,42
20260815_150541_6643db,2025-08-28,600313.SH,400,400,26.474158,27.15459,272.1728,42
20260815_150541_6643db,2025-08-28,600598.SH,200,200,42.211229,43.410465,239.8472,42
20260815_150541_6643db,2025-08-28,688370.SH,400,400,29.666925,41.496428,4731.8012,42
20260815_150541_6643db,2025-08-28,601677.SH,500,500,20.339148,21.77634,718.596,42
20260815_150541_6643db,2025-08-29,600502.SH,100,100,77.091575,77.812672,72.1097,43
20260815_150541_6643db,2025-08-29,301175.SZ,2100,2100,5.585279,5.82084,494.6781,43
20260815_150541_6643db,2025-08-29,002478.SZ,700,700,15.463838,16.146552,477.8998,43
20260815_150541_6643db,2025-08-29,600035.SH,700,700,15.765378,15.304224,-322.8078,43
20260815_150541_6643db,2025-08-29,600313.SH,400,400,26.474158,27.11262,255.3848,43
20260815_150541_6643db,2025-08-29,600598.SH,200,200,42.211229,43.352235,228.2012,43
20260815_150541_6643db,2025-08-29,688370.SH,400,400,29.666925,40.533092,4346.4668,43
20260815_150541_6643db,2025-08-29,601677.SH,500,500,20.339148,21.873846,767.349,43
20260815_150541_6643db,2025-09-01,600502.SH,100,100,77.091575,75.687536,-140.4039,44
20260815_150541_6643db,2025-09-01,301175.SZ,2100,2100,5.585279,5.852475,561.1116,44
20260815_150541_6643db,2025-09-01,002478.SZ,700,700,15.463838,16.146552,477.8998,44
20260815_150541_6643db,2025-09-01,600035.SH,700,700,15.765378,15.193857,-400.0647,44
20260815_150541_6643db,2025-09-01,600313.SH,400,400,26.474158,27.2805,322.5368,44
20260815_150541_6643db,2025-09-01,600598.SH,200,200,42.211229,43.410465,239.8472,44
20260815_150541_6643db,2025-09-01,688370.SH,400,400,29.666925,42.240824,5029.5596,44
20260815_150541_6643db,2025-09-01,601677.SH,500,500,20.339148,21.711336,686.094,44
20260815_150541_6643db,2025-09-02,600502.SH,100,100,77.091575,74.870176,-222.1399,45
20260815_150541_6643db,2025-09-02,301175.SZ,2100,2100,5.585279,5.810295,472.5336,45
20260815_150541_6643db,2025-09-02,002478.SZ,700,700,15.463838,16.146552,477.8998,45
20260815_150541_6643db,2025-09-02,600035.SH,700,700,15.765378,15.157068,-425.817,45
20260815_150541_6643db,2025-09-02,600313.SH,400,400,26.474158,27.11262,255.3848,45
20260815_150541_6643db,2025-09-02,600598.SH,200,200,42.211229,42.79905,117.5642,45
20260815_150541_6643db,2025-09-02,688370.SH,400,400,29.666925,41.861328,4877.7612,45
20260815_150541_6643db,2025-09-02,601677.SH,500,500,20.339148,21.548826,604.839,45
20260815_150541_6643db,2025-09-03,600502.SH,100,100,77.091575,74.052816,-303.8759,46
20260815_150541_6643db,2025-09-03,301175.SZ,2100,2100,5.585279,5.683755,206.7996,46
20260815_150541_6643db,2025-09-03,002478.SZ,700,700,15.463838,16.175803,498.3755,46
20260815_150541_6643db,2025-09-03,600035.SH,700,700,15.765378,15.009912,-528.8262,46
20260815_150541_6643db,2025-09-03,600313.SH,400,400,26.474158,26.52504,20.3528,46
20260815_150541_6643db,2025-09-03,600598.SH,200,200,42.211229,41.954715,-51.3028,46
20260815_150541_6643db,2025-09-03,688370.SH,400,400,29.666925,41.773752,4842.7308,46
20260815_150541_6643db,2025-09-03,601677.SH,500,500,20.339148,21.256308,458.58,46
20260815_150541_6643db,2025-09-04,600502.SH,100,100,77.091575,75.360592,-173.0983,47
20260815_150541_6643db,2025-09-04,301175.SZ,2100,2100,5.585279,5.71539,273.2331,47
20260815_150541_6643db,2025-09-04,002478.SZ,700,700,15.463838,16.234305,539.3269,47
20260815_150541_6643db,2025-09-04,600035.SH,700,700,15.765378,15.046701,-503.0739,47
20260815_150541_6643db,2025-09-04,600313.SH,400,400,26.474158,26.69292,87.5048,47
20260815_150541_6643db,2025-09-04,600598.SH,200,200,42.211229,42.187635,-4.7188,47
20260815_150541_6643db,2025-09-04,688370.SH,400,400,29.666925,41.08774,4568.326,47
20260815_150541_6643db,2025-09-04,601677.SH,500,500,20.339148,21.272559,466.7055,47
20260815_150541_6643db,2025-09-05,600502.SH,100,100,77.091575,75.524064,-156.7511,48
20260815_150541_6643db,2025-09-05,301175.SZ,2100,2100,5.585279,5.75757,361.8111,48
20260815_150541_6643db,2025-09-05,002478.SZ,700,700,15.463838,16.292807,580.2783,48
20260815_150541_6643db,2025-09-05,600035.SH,700,700,15.765378,15.08349,-477.3216,48
20260815_150541_6643db,2025-09-05,600313.SH,400,400,26.474158,26.73489,104.2928,48
20260815_150541_6643db,2025-09-05,600598.SH,200,200,42.211229,42.304095,18.5732,48
20260815_150541_6643db,2025-09-05,688370.SH,400,400,29.666925,42.561936,5158.0044,48
20260815_150541_6643db,2025-09-05,601677.SH,500,500,20.339148,21.500073,580.4625,48
20260815_150541_6643db,2025-09-08,600502.SH,100,100,77.091575,75.524064,-156.7511,49
20260815_150541_6643db,2025-09-08,301175.SZ,2100,2100,5.585279,5.810295,472.5336,49
20260815_150541_6643db,2025-09-08,002478.SZ,700,700,15.463838,16.585317,785.0353,49
20260815_150541_6643db,2025-09-08,600035.SH,700,700,15.765378,15.08349,-477.3216,49
20260815_150541_6643db,2025-09-08,600313.SH,400,400,26.474158,27.07065,238.5968,49
20260815_150541_6643db,2025-09-08,600598.SH,200,200,42.211229,42.769935,111.7412,49
20260815_150541_6643db,2025-09-08,688370.SH,400,400,29.666925,42.18244,5006.206,49
20260815_150541_6643db,2025-09-08,601677.SH,500,500,20.339148,22.215117,937.9845,49
20260815_150541_6643db,2025-09-09,600502.SH,100,100,77.091575,75.687536,-140.4039,50
20260815_150541_6643db,2025-09-09,301175.SZ,2100,2100,5.585279,5.768115,383.9556,50
20260815_150541_6643db,2025-09-09,002478.SZ,700,700,15.463838,16.877827,989.7923,50
20260815_150541_6643db,2025-09-09,600035.SH,700,700,15.765378,15.046701,-503.0739,50
20260815_150541_6643db,2025-09-09,600313.SH,400,400,26.474158,26.94474,188.2328,50
20260815_150541_6643db,2025-09-09,600598.SH,200,200,42.211229,42.537015,65.1572,50
20260815_150541_6643db,2025-09-09,688370.SH,400,400,29.666925,41.948904,4912.7916,50
20260815_150541_6643db,2025-09-09,601677.SH,500,500,20.339148,22.377627,1019.2395,50
20260815_150541_6643db,2025-09-10,600502.SH,100,100,77.091575,75.524064,-156.7511,51
20260815_150541_6643db,2025-09-10,301175.SZ,2100,2100,5.585279,5.725935,295.3776,51
20260815_150541_6643db,2025-09-10,002478.SZ,700,700,15.463838,16.643819,825.9867,51
20260815_150541_6643db,2025-09-10,600035.SH,700,700,15.765378,15.009912,-528.8262,51
20260815_150541_6643db,2025-09-10,600313.SH,400,400,26.474158,27.07065,238.5968,51
20260815_150541_6643db,2025-09-10,600598.SH,200,200,42.211229,42.5079,59.3342,51
20260815_150541_6643db,2025-09-10,688370.SH,400,400,29.666925,42.080268,4965.3372,51
20260815_150541_6643db,2025-09-10,601677.SH,500,500,20.339148,22.003854,832.353,51
20260815_150541_6643db,2025-09-11,600502.SH,100,100,77.091575,75.851008,-124.0567,52
20260815_150541_6643db,2025-09-11,301175.SZ,2100,2100,5.585279,5.810295,472.5336,52
20260815_150541_6643db,2025-09-11,002478.SZ,700,700,15.463838,16.702321,866.9381,52
20260815_150541_6643db,2025-09-11,600035.SH,700,700,15.765378,14.973123,-554.5785,52
20260815_150541_6643db,2025-09-11,600313.SH,400,400,26.474158,27.49035,406.4768,52
20260815_150541_6643db,2025-09-11,600598.SH,200,200,42.211229,42.79905,117.5642,52
20260815_150541_6643db,2025-09-11,688370.SH,400,400,29.666925,42.47436,5122.974,52
20260815_150541_6643db,2025-09-11,601677.SH,500,500,20.339148,22.26387,962.361,52
20260815_150541_6643db,2025-09-12,600502.SH,100,100,77.091575,77.322256,23.0681,53
20260815_150541_6643db,2025-09-12,301175.SZ,2100,2100,5.585279,5.6943,228.9441,53
20260815_150541_6643db,2025-09-12,002478.SZ,700,700,15.463838,16.585317,785.0353,53
20260815_150541_6643db,2025-09-12,600035.SH,700,700,15.765378,14.973123,-554.5785,53
20260815_150541_6643db,2025-09-12,600313.SH,400,400,26.474158,27.78414,523.9928,53
20260815_150541_6643db,2025-09-12,600598.SH,200,200,42.211229,42.44967,47.6882,53
20260815_150541_6643db,2025-09-12,688370.SH,400,400,29.666925,41.5986,4772.67,53
20260815_150541_6643db,2025-09-12,601677.SH,500,500,20.339148,22.670145,1165.4985,53
20260815_150541_6643db,2025-09-15,600502.SH,100,100,77.091575,77.812672,72.1097,54
20260815_150541_6643db,2025-09-15,301175.SZ,2100,2100,5.585279,5.63103,96.0771,54
20260815_150541_6643db,2025-09-15,002478.SZ,700,700,15.463838,16.439062,682.6568,54
20260815_150541_6643db,2025-09-15,600035.SH,700,700,15.765378,14.825967,-657.5877,54
20260815_150541_6643db,2025-09-15,600313.SH,400,400,26.474158,27.86808,557.5688,54
20260815_150541_6643db,2025-09-15,600598.SH,200,200,42.211229,43.585155,274.7852,54
20260815_150541_6643db,2025-09-15,688370.SH,400,400,29.666925,40.664456,4399.0124,54
20260815_150541_6643db,2025-09-15,601677.SH,500,500,20.339148,22.670145,1165.4985,54
20260815_150541_6643db,2025-09-16,600502.SH,100,100,77.091575,78.303088,121.1513,55
20260815_150541_6643db,2025-09-16,301175.SZ,2100,2100,5.585279,5.65212,140.3661,55
20260815_150541_6643db,2025-09-16,002478.SZ,700,700,15.463838,16.38056,641.7054,55
20260815_150541_6643db,2025-09-16,600035.SH,700,700,15.765378,14.936334,-580.3308,55
20260815_150541_6643db,2025-09-16,600313.SH,400,400,26.474158,27.65823,473.6288,55
20260815_150541_6643db,2025-09-16,600598.SH,200,200,42.211229,43.061085,169.9712,55
20260815_150541_6643db,2025-09-16,688370.SH,400,400,29.666925,37.526316,3143.7564,55
20260815_150541_6643db,2025-09-16,601677.SH,500,500,20.339148,22.442631,1051.7415,55
20260815_150541_6643db,2025-09-17,600502.SH,100,100,77.091575,77.485728,39.4153,56
20260815_150541_6643db,2025-09-17,301175.SZ,2100,2100,5.585279,5.65212,140.3661,56
20260815_150541_6643db,2025-09-17,002478.SZ,700,700,15.463838,16.38056,641.7054,56
20260815_150541_6643db,2025-09-17,600035.SH,700,700,15.765378,14.936334,-580.3308,56
20260815_150541_6643db,2025-09-17,600313.SH,400,400,26.474158,27.36444,356.1128,56
20260815_150541_6643db,2025-09-17,600598.SH,200,200,42.211229,42.711705,100.0952,56
20260815_150541_6643db,2025-09-17,688370.SH,400,400,29.666925,37.059244,2956.9276,56
20260815_150541_6643db,2025-09-17,601677.SH,500,500,20.339148,22.670145,1165.4985,56
20260815_150541_6643db,2025-09-18,600502.SH,100,100,77.091575,76.341424,-75.0151,57
20260815_150541_6643db,2025-09-18,301175.SZ,2100,2100,5.585279,5.67321,184.6551,57
20260815_150541_6643db,2025-09-18,002478.SZ,700,700,15.463838,16.146552,477.8998,57
20260815_150541_6643db,2025-09-18,600035.SH,700,700,15.765378,14.752389,-709.0923,57
20260815_150541_6643db,2025-09-18,600313.SH,400,400,26.474158,26.90277,171.4448,57
20260815_150541_6643db,2025-09-18,600598.SH,200,200,42.211229,42.129405,-16.3648,57
20260815_150541_6643db,2025-09-18,688370.SH,400,400,29.666925,36.19808,2612.462,57
20260815_150541_6643db,2025-09-18,601677.SH,500,500,20.339148,21.727587,694.2195,57
20260815_150541_6643db,2025-09-19,600502.SH,100,100,77.091575,76.01448,-107.7095,58
20260815_150541_6643db,2025-09-19,301175.SZ,2100,2100,5.585279,5.56776,-36.7899,58
20260815_150541_6643db,2025-09-19,002478.SZ,700,700,15.463838,16.08805,436.9484,58
20260815_150541_6643db,2025-09-19,600035.SH,700,700,15.765378,14.789178,-683.34,58
20260815_150541_6643db,2025-09-19,600313.SH,400,400,26.474158,26.98671,205.0208,58
20260815_150541_6643db,2025-09-19,600598.SH,200,200,42.211229,42.187635,-4.7188,58
20260815_150541_6643db,2025-09-19,688370.SH,400,400,29.666925,36.358636,2676.6844,58
20260815_150541_6643db,2025-09-19,601677.SH,500,500,20.339148,21.971352,816.102,58
20260815_150541_6643db,2025-09-22,600502.SH,100,100,77.091575,75.19712,-189.4455,59
20260815_150541_6643db,2025-09-22,301175.SZ,2100,2100,5.585279,5.52558,-125.3679,59
20260815_150541_6643db,2025-09-22,002478.SZ,700,700,15.463838,16.322058,600.754,59
20260815_150541_6643db,2025-09-22,600035.SH,700,700,15.765378,14.605233,-812.1015,59
20260815_150541_6643db,2025-09-22,600313.SH,400,400,26.474158,26.69292,87.5048,59
20260815_150541_6643db,2025-09-22,600598.SH,200,200,42.211229,41.838255,-74.5948,59
20260815_150541_6643db,2025-09-22,688370.SH,400,400,29.666925,38.226924,3423.9996,59
20260815_150541_6643db,2025-09-22,601677.SH,500,500,20.339148,21.808842,734.847,59
20260815_150541_6643db,2025-09-23,600502.SH,100,100,77.091575,76.177952,-91.3623,60
20260815_150541_6643db,2025-09-23,301175.SZ,2100,2100,5.585279,5.50449,-169.6569,60
20260815_150541_6643db,2025-09-23,002478.SZ,700,700,15.463838,16.000297,375.5213,60
20260815_150541_6643db,2025-09-23,600035.SH,700,700,15.765378,14.605233,-812.1015,60
20260815_150541_6643db,2025-09-23,600313.SH,400,400,26.474158,26.35716,-46.7992,60
20260815_150541_6643db,2025-09-23,600598.SH,200,200,42.211229,41.63445,-115.3558,60
20260815_150541_6643db,2025-09-23,688370.SH,400,400,29.666925,37.73066,3225.494,60
20260815_150541_6643db,2025-09-23,601677.SH,500,500,20.339148,21.402567,531.7095,60
20260815_150541_6643db,2025-09-24,600502.SH,100,100,77.091575,75.360592,-173.0983,61
20260815_150541_6643db,2025-09-24,301175.SZ,2100,2100,5.585279,5.578305,-14.6454,61
20260815_150541_6643db,2025-09-24,002478.SZ,700,700,15.463838,16.263556,559.8026,61
20260815_150541_6643db,2025-09-24,600035.SH,700,700,15.765378,14.678811,-760.5969,61
20260815_150541_6643db,2025-09-24,600313.SH,400,400,26.474158,26.52504,20.3528,61
20260815_150541_6643db,2025-09-24,600598.SH,200,200,42.211229,41.86737,-68.7718,61
20260815_150541_6643db,2025-09-24,688370.SH,400,400,29.666925,39.33622,3867.718,61
20260815_150541_6643db,2025-09-24,601677.SH,500,500,20.339148,22.036356,848.604,61
20260815_150541_6643db,2025-09-25,600502.SH,100,100,77.091575,74.37976,-271.1815,62
20260815_150541_6643db,2025-09-25,301175.SZ,2100,2100,5.585279,5.52558,-125.3679,62
20260815_150541_6643db,2025-09-25,002478.SZ,700,700,15.463838,16.000297,375.5213,62
20260815_150541_6643db,2025-09-25,600035.SH,700,700,15.765378,14.568444,-837.8538,62
20260815_150541_6643db,2025-09-25,600313.SH,400,400,26.474158,26.35716,-46.7992,62
20260815_150541_6643db,2025-09-25,600598.SH,200,200,42.211229,41.51799,-138.6478,62
20260815_150541_6643db,2025-09-25,688370.SH,400,400,29.666925,39.598948,3972.8092,62
20260815_150541_6643db,2025-09-25,601677.SH,500,500,20.339148,22.117611,889.2315,62
20260815_150541_6643db,2025-09-26,600502.SH,100,100,77.091575,74.706704,-238.4871,63
20260815_150541_6643db,2025-09-26,301175.SZ,2100,2100,5.585279,5.578305,-14.6454,63
20260815_150541_6643db,2025-09-26,002478.SZ,700,700,15.463838,16.234305,539.3269,63
20260815_150541_6643db,2025-09-26,600035.SH,700,700,15.765378,14.568444,-837.8538,63
20260815_150541_6643db,2025-09-26,600313.SH,400,400,26.474158,26.39913,-30.0112,63
20260815_150541_6643db,2025-09-26,600598.SH,200,200,42.211229,41.372415,-167.7628,63
20260815_150541_6643db,2025-09-26,688370.SH,400,400,29.666925,39.584352,3966.9708,63
20260815_150541_6643db,2025-09-26,601677.SH,500,500,20.339148,22.328874,994.863,63
20260815_150541_6643db,2025-09-29,600502.SH,100,100,77.091575,74.870176,-222.1399,64
20260815_150541_6643db,2025-09-29,301175.SZ,2100,2100,5.585279,5.65212,140.3661,64
20260815_150541_6643db,2025-09-29,002478.SZ,700,700,15.463838,16.907078,1010.268,64
20260815_150541_6643db,2025-09-29,600035.SH,700,700,15.765378,14.531655,-863.6061,64
20260815_150541_6643db,2025-09-29,600313.SH,400,400,26.474158,26.27322,-80.3752,64
20260815_150541_6643db,2025-09-29,600598.SH,200,200,42.211229,41.57622,-127.0018,64
20260815_150541_6643db,2025-09-29,688370.SH,400,400,29.666925,41.131528,4585.8412,64
20260815_150541_6643db,2025-09-29,601677.SH,500,500,20.339148,22.978914,1319.883,64
20260815_150541_6643db,2025-09-30,600502.SH,100,100,77.091575,74.706704,-238.4871,65
20260815_150541_6643db,2025-09-30,301175.SZ,2100,2100,5.585279,5.620485,73.9326,65
20260815_150541_6643db,2025-09-30,002478.SZ,700,700,15.463838,16.702321,866.9381,65
20260815_150541_6643db,2025-09-30,600035.SH,700,700,15.765378,14.531655,-863.6061,65
20260815_150541_6643db,2025-09-30,600313.SH,400,400,26.474158,26.14731,-130.7392,65
20260815_150541_6643db,2025-09-30,600598.SH,200,200,42.211229,41.838255,-74.5948,65
20260815_150541_6643db,2025-09-30,688370.SH,400,400,29.666925,41.131528,4585.8412,65
20260815_150541_6643db,2025-09-30,601677.SH,500,500,20.339148,23.417691,1539.2715,65
20260815_150541_6643db,2025-10-09,600502.SH,100,100,77.091575,75.360592,-173.0983,66
20260815_150541_6643db,2025-10-09,301175.SZ,2100,2100,5.585279,5.662665,162.5106,66
20260815_150541_6643db,2025-10-09,002478.SZ,700,700,15.463838,16.994831,1071.6951,66
20260815_150541_6643db,2025-10-09,600035.SH,700,700,15.765378,14.605233,-812.1015,66
20260815_150541_6643db,2025-10-09,600313.SH,400,400,26.474158,26.4411,-13.2232,66
20260815_150541_6643db,2025-10-09,600598.SH,200,200,42.211229,42.187635,-4.7188,66
20260815_150541_6643db,2025-10-09,688370.SH,400,400,29.666925,39.48218,3926.102,66
20260815_150541_6643db,2025-10-09,601677.SH,500,500,20.339148,24.21399,1937.421,66
20260815_150541_6643db,2025-10-10,600313.SH,400,400,26.474158,26.81883,137.8688,67
20260815_150541_6643db,2025-10-10,002818.SZ,300,0,32.157819,32.337648,53.9487,1
20260815_150541_6643db,2025-10-10,600938.SH,300,0,33.183997,33.607058,126.9183,1
20260815_150541_6643db,2025-10-10,001378.SZ,500,0,23.494109,23.485704,-4.2025,1
20260815_150541_6643db,2025-10-10,600789.SH,400,0,28.503626,28.936162,173.0144,1
20260815_150541_6643db,2025-10-10,002083.SZ,800,0,14.634274,14.993,286.9808,1
20260815_150541_6643db,2025-10-10,001338.SZ,1000,0,11.792449,11.912742,120.293,1
20260815_150541_6643db,2025-10-13,600313.SH,400,400,26.474158,27.2805,322.5368,68
20260815_150541_6643db,2025-10-13,002818.SZ,300,300,32.157819,32.200158,12.7017,2
20260815_150541_6643db,2025-10-13,600938.SH,300,300,33.183997,33.042128,-42.5607,2
20260815_150541_6643db,2025-10-13,001378.SZ,500,500,23.494109,23.433374,-30.3675,2
20260815_150541_6643db,2025-10-13,600789.SH,400,400,28.503626,28.789872,114.4984,2
20260815_150541_6643db,2025-10-13,002083.SZ,800,800,14.634274,14.5,-107.4192,2
20260815_150541_6643db,2025-10-13,001338.SZ,1000,1000,11.792449,11.850426,57.977,2
20260815_150541_6643db,2025-10-14,600313.SH,400,400,26.474158,27.36444,356.1128,69
20260815_150541_6643db,2025-10-14,002818.SZ,300,300,32.157819,32.365146,62.1981,3
20260815_150541_6643db,2025-10-14,600938.SH,300,300,33.183997,33.293208,32.7633,3
20260815_150541_6643db,2025-10-14,001378.SZ,500,500,23.494109,23.475238,-9.4355,3
20260815_150541_6643db,2025-10-14,600789.SH,400,400,28.503626,29.053194,219.8272,3
20260815_150541_6643db,2025-10-14,002083.SZ,800,800,14.634274,14.819,147.7808,3
20260815_150541_6643db,2025-10-14,001338.SZ,1000,1000,11.792449,11.89197,99.521,3
20260815_150541_6643db,2025-10-15,600313.SH,400,400,26.474158,26.98671,205.0208,70
20260815_150541_6643db,2025-10-15,002818.SZ,300,300,32.157819,32.557632,119.9439,4
20260815_150541_6643db,2025-10-15,600938.SH,300,300,33.183997,33.255546,21.4647,4
20260815_150541_6643db,2025-10-15,001378.SZ,500,500,23.494109,23.642694,74.2925,4
20260815_150541_6643db,2025-10-15,600789.SH,400,400,28.503626,29.170226,266.64,4
20260815_150541_6643db,2025-10-15,002083.SZ,800,800,14.634274,15.138,402.9808,4
20260815_150541_6643db,2025-10-15,001338.SZ,1000,1000,11.792449,12.442428,649.979,4
20260815_150541_6643db,2025-10-16,600313.SH,400,400,26.474158,26.8608,154.6568,71
20260815_150541_6643db,2025-10-16,002818.SZ,300,300,32.157819,32.72262,169.4403,5
20260815_150541_6643db,2025-10-16,600938.SH,300,300,33.183997,33.155114,-8.6649,5
20260815_150541_6643db,2025-10-16,001378.SZ,500,500,23.494109,23.726422,116.1565,5
20260815_150541_6643db,2025-10-16,600789.SH,400,400,28.503626,28.877646,149.608,5
20260815_150541_6643db,2025-10-16,002083.SZ,800,800,14.634274,14.761,101.3808,5
20260815_150541_6643db,2025-10-16,001338.SZ,1000,1000,11.792449,12.245094,452.645,5
20260815_150541_6643db,2025-10-17,600313.SH,400,400,26.474158,26.90277,171.4448,72
20260815_150541_6643db,2025-10-17,002818.SZ,300,300,32.157819,32.392644,70.4475,6
20260815_150541_6643db,2025-10-17,600938.SH,300,300,33.183997,32.962479,-66.4554,6
20260815_150541_6643db,2025-10-17,001378.SZ,500,500,23.494109,23.454306,-19.9015,6
20260815_150541_6643db,2025-10-17,600789.SH,400,400,28.503626,29.228742,290.0464,6
20260815_150541_6643db,2025-10-17,002083.SZ,800,800,14.634274,16.24,1284.5808,6
20260815_150541_6643db,2025-10-17,001338.SZ,1000,1000,11.792449,12.078918,286.469,6
20260815_150541_6643db,2025-10-20,600313.SH,400,400,26.474158,26.77686,121.0808,73
20260815_150541_6643db,2025-10-20,002818.SZ,300,300,32.157819,32.44764,86.9463,7
20260815_150541_6643db,2025-10-20,600938.SH,300,300,33.183997,33.61941,130.6239,7
20260815_150541_6643db,2025-10-20,001378.SZ,500,500,23.494109,23.872946,189.4185,7
20260815_150541_6643db,2025-10-20,600789.SH,400,400,28.503626,29.433548,371.9688,7
20260815_150541_6643db,2025-10-20,002083.SZ,800,800,14.634274,17.864,2583.7808,7
20260815_150541_6643db,2025-10-20,001338.SZ,1000,1000,11.792449,12.141234,348.785,7
20260815_150541_6643db,2025-10-21,600313.SH,400,400,26.474158,26.98671,205.0208,74
20260815_150541_6643db,2025-10-21,002818.SZ,300,300,32.157819,32.695122,161.1909,8
20260815_150541_6643db,2025-10-21,600938.SH,300,300,33.183997,33.761101,173.1312,8
20260815_150541_6643db,2025-10-21,001378.SZ,500,500,23.494109,23.988072,246.9815,8
20260815_150541_6643db,2025-10-21,600789.SH,400,400,28.503626,30.311288,723.0648,8
20260815_150541_6643db,2025-10-21,002083.SZ,800,800,14.634274,18.531,3117.3808,8
20260815_150541_6643db,2025-10-21,001338.SZ,1000,1000,11.792449,12.162006,369.557,8
20260815_150541_6643db,2025-10-22,600313.SH,400,400,26.474158,26.8608,154.6568,75
20260815_150541_6643db,2025-10-22,002818.SZ,300,300,32.157819,32.72262,169.4403,9
20260815_150541_6643db,2025-10-22,600938.SH,300,300,33.183997,34.946153,528.6468,9
20260815_150541_6643db,2025-10-22,001378.SZ,500,500,23.494109,23.998538,252.2145,9
20260815_150541_6643db,2025-10-22,600789.SH,400,400,28.503626,30.691642,875.2064,9
20260815_150541_6643db,2025-10-22,002083.SZ,800,800,14.634274,17.864,2583.7808,9
20260815_150541_6643db,2025-10-22,001338.SZ,1000,1000,11.792449,12.182778,390.329,9
20260815_150541_6643db,2025-10-23,600313.SH,400,400,26.474158,27.11262,255.3848,76
20260815_150541_6643db,2025-10-23,002818.SZ,300,300,32.157819,33.025098,260.1837,10
20260815_150541_6643db,2025-10-23,600938.SH,300,300,33.183997,35.409869,667.7616,10
20260815_150541_6643db,2025-10-23,001378.SZ,500,500,23.494109,24.12413,315.0105,10
20260815_150541_6643db,2025-10-23,600789.SH,400,400,28.503626,29.872418,547.5168,10
20260815_150541_6643db,2025-10-23,002083.SZ,800,800,14.634274,17.835,2560.5808,10
20260815_150541_6643db,2025-10-23,001338.SZ,1000,1000,11.792449,12.328182,535.733,10
20260815_150541_6643db,2025-10-24,600313.SH,400,400,26.474158,27.02868,221.8088,77
20260815_150541_6643db,2025-10-24,002818.SZ,300,300,32.157819,32.750118,177.6897,11
20260815_150541_6643db,2025-10-24,600938.SH,300,300,33.183997,35.178011,598.2042,11
20260815_150541_6643db,2025-10-24,001378.SZ,500,500,23.494109,24.12413,315.0105,11
20260815_150541_6643db,2025-10-24,600789.SH,400,400,28.503626,29.609096,442.188,11
20260815_150541_6643db,2025-10-24,002083.SZ,800,800,14.634274,16.095,1168.5808,11
20260815_150541_6643db,2025-10-24,001338.SZ,1000,1000,11.792449,12.193164,400.715,11
20260815_150541_6643db,2025-10-27,600313.SH,400,400,26.474158,27.02868,221.8088,78
20260815_150541_6643db,2025-10-27,002818.SZ,300,300,32.157819,32.695122,161.1909,12
20260815_150541_6643db,2025-10-27,600938.SH,300,300,33.183997,35.719013,760.5048,12
20260815_150541_6643db,2025-10-27,001378.SZ,500,500,23.494109,24.082266,294.0785,12
20260815_150541_6643db,2025-10-27,600789.SH,400,400,28.503626,29.69687,477.2976,12
20260815_150541_6643db,2025-10-27,002083.SZ,800,800,14.634274,16.153,1214.9808,12
20260815_150541_6643db,2025-10-27,001338.SZ,1000,1000,11.792449,12.338568,546.119,12
20260815_150541_6643db,2025-10-28,600313.SH,400,400,26.474158,27.19656,288.9608,79
20260815_150541_6643db,2025-10-28,002818.SZ,300,300,32.157819,31.34772,-243.0297,13
20260815_150541_6643db,2025-10-28,600938.SH,300,300,33.183997,34.984796,540.2397,13
20260815_150541_6643db,2025-10-28,001378.SZ,500,500,23.494109,24.218324,362.1075,13
20260815_150541_6643db,2025-10-28,600789.SH,400,400,28.503626,29.316516,325.156,13
20260815_150541_6643db,2025-10-28,002083.SZ,800,800,14.634274,16.849,1771.7808,13
20260815_150541_6643db,2025-10-28,001338.SZ,1000,1000,11.792449,12.421656,629.207,13
20260815_150541_6643db,2025-10-29,600313.SH,400,400,26.474158,27.15459,272.1728,80
20260815_150541_6643db,2025-10-29,002818.SZ,300,300,32.157819,31.34772,-243.0297,14
20260815_150541_6643db,2025-10-29,600938.SH,300,300,33.183997,34.971915,536.3754,14
20260815_150541_6643db,2025-10-29,001378.SZ,500,500,23.494109,24.197392,351.6415,14
20260815_150541_6643db,2025-10-29,600789.SH,400,400,28.503626,29.258,301.7496,14
20260815_150541_6643db,2025-10-29,002083.SZ,800,800,14.634274,16.501,1493.3808,14
20260815_150541_6643db,2025-10-29,001338.SZ,1000,1000,11.792449,12.390498,598.049,14
20260815_150541_6643db,2025-10-30,600313.SH,400,400,26.474158,26.94474,188.2328,81
20260815_150541_6643db,2025-10-30,002818.SZ,300,300,32.157819,31.237728,-276.0273,15
20260815_150541_6643db,2025-10-30,600938.SH,300,300,33.183997,34.791581,482.2752,15
20260815_150541_6643db,2025-10-30,001378.SZ,500,500,23.494109,23.841548,173.7195,15
20260815_150541_6643db,2025-10-30,600789.SH,400,400,28.503626,28.96542,184.7176,15
20260815_150541_6643db,2025-10-30,002083.SZ,800,800,14.634274,16.704,1655.7808,15
20260815_150541_6643db,2025-10-30,001338.SZ,1000,1000,11.792449,12.30741,514.961,15
20260815_150541_6643db,2025-10-31,600313.SH,400,400,26.474158,26.98671,205.0208,82
20260815_150541_6643db,2025-10-31,002818.SZ,300,300,32.157819,31.237728,-276.0273,16
20260815_150541_6643db,2025-10-31,600938.SH,300,300,33.183997,34.920391,520.9182,16
20260815_150541_6643db,2025-10-31,001378.SZ,500,500,23.494109,24.082266,294.0785,16
20260815_150541_6643db,2025-10-31,600789.SH,400,400,28.503626,29.316516,325.156,16
20260815_150541_6643db,2025-10-31,002083.SZ,800,800,14.634274,17.371,2189.3808,16
20260815_150541_6643db,2025-10-31,001338.SZ,1000,1000,11.792449,12.35934,566.891,16
20260815_150541_6643db,2025-11-03,600313.SH,400,400,26.474158,27.02868,221.8088,83
20260815_150541_6643db,2025-11-03,002818.SZ,300,300,32.157819,31.017744,-342.0225,17
20260815_150541_6643db,2025-11-03,600938.SH,300,300,33.183997,36.607802,1027.1415,17
20260815_150541_6643db,2025-11-03,001378.SZ,500,500,23.494109,24.249722,377.8065,17
20260815_150541_6643db,2025-11-03,600789.SH,400,400,28.503626,29.98945,594.3296,17
20260815_150541_6643db,2025-11-03,002083.SZ,800,800,14.634274,16.907,1818.1808,17
20260815_150541_6643db,2025-11-03,001338.SZ,1000,1000,11.792449,12.4632,670.751,17
20260815_150541_6643db,2025-11-04,600313.SH,400,400,26.474158,27.15459,272.1728,84
20260815_150541_6643db,2025-11-04,002818.SZ,300,300,32.157819,31.100238,-317.2743,18
20260815_150541_6643db,2025-11-04,600938.SH,300,300,33.183997,36.247134,918.9411,18
20260815_150541_6643db,2025-11-04,001378.SZ,500,500,23.494109,24.33345,419.6705,18
20260815_150541_6643db,2025-11-04,600789.SH,400,400,28.503626,29.667612,465.5944,18
20260815_150541_6643db,2025-11-04,002083.SZ,800,800,14.634274,16.936,1841.3808,18
20260815_150541_6643db,2025-11-04,001338.SZ,1000,1000,11.792449,12.432042,639.593,18
20260815_150541_6643db,2025-11-05,600313.SH,400,400,26.474158,27.36444,356.1128,85
20260815_150541_6643db,2025-11-05,002818.SZ,300,300,32.157819,31.21023,-284.2767,19
20260815_150541_6643db,2025-11-05,600938.SH,300,300,33.183997,35.796299,783.6906,19
20260815_150541_6643db,2025-11-05,001378.SZ,500,500,23.494109,24.364848,435.3695,19
20260815_150541_6643db,2025-11-05,600789.SH,400,400,28.503626,29.726128,489.0008,19
20260815_150541_6643db,2025-11-05,002083.SZ,800,800,14.634274,17.197,2050.1808,19
20260815_150541_6643db,2025-11-05,001338.SZ,1000,1000,11.792449,12.535902,743.453,19
20260815_150541_6643db,2025-11-06,600313.SH,400,400,26.474158,27.44838,389.6888,86
20260815_150541_6643db,2025-11-06,002818.SZ,300,300,32.157819,31.21023,-284.2767,20
20260815_150541_6643db,2025-11-06,600938.SH,300,300,33.183997,36.45323,980.7699,20
20260815_150541_6643db,2025-11-06,001378.SZ,500,500,23.494109,24.49044,498.1655,20
20260815_150541_6643db,2025-11-06,600789.SH,400,400,28.503626,29.84316,535.8136,20
20260815_150541_6643db,2025-11-06,002083.SZ,800,800,14.634274,18.908,3418.9808,20
20260815_150541_6643db,2025-11-06,001338.SZ,1000,1000,11.792449,12.4632,670.751,20
20260815_150541_6643db,2025-11-07,600313.SH,400,400,26.474158,27.65823,473.6288,87
20260815_150541_6643db,2025-11-07,002818.SZ,300,300,32.157819,31.292724,-259.5285,21
20260815_150541_6643db,2025-11-07,600938.SH,300,300,33.183997,36.646445,1038.7344,21
20260815_150541_6643db,2025-11-07,001378.SZ,500,500,23.494109,24.80442,655.1555,21
20260815_150541_6643db,2025-11-07,600789.SH,400,400,28.503626,30.42832,769.8776,21
20260815_150541_6643db,2025-11-07,002083.SZ,800,800,14.634274,20.793,4926.9808,21
20260815_150541_6643db,2025-11-07,001338.SZ,1000,1000,11.792449,12.535902,743.453,21
20260815_150541_6643db,2025-11-10,600313.SH,400,400,26.474158,27.82611,540.7808,88
20260815_150541_6643db,2025-11-10,002818.SZ,300,300,32.157819,31.567704,-177.0345,22
20260815_150541_6643db,2025-11-10,600938.SH,300,300,33.183997,37.406424,1266.7281,22
20260815_150541_6643db,2025-11-10,001378.SZ,500,500,23.494109,24.825352,665.6215,22
20260815_150541_6643db,2025-11-10,600789.SH,400,400,28.503626,30.779416,910.316,22
20260815_150541_6643db,2025-11-10,002083.SZ,800,800,14.634274,22.881,6597.3808,22
20260815_150541_6643db,2025-11-10,001338.SZ,1000,1000,11.792449,12.77478,982.331,22
20260815_150541_6643db,2025-11-11,600313.SH,400,400,26.474158,28.03596,624.7208,89
20260815_150541_6643db,2025-11-11,002818.SZ,300,300,32.157819,31.650198,-152.2863,23
20260815_150541_6643db,2025-11-11,600938.SH,300,300,33.183997,37.174566,1197.1707,23
20260815_150541_6643db,2025-11-11,001378.SZ,500,500,23.494109,24.992808,749.3495,23
20260815_150541_6643db,2025-11-11,600789.SH,400,400,28.503626,31.218286,1085.864,23
20260815_150541_6643db,2025-11-11,002083.SZ,800,800,14.634274,25.172,8430.1808,23
20260815_150541_6643db,2025-11-11,001338.SZ,1000,1000,11.792449,12.837096,1044.647,23
20260815_150541_6643db,2025-11-12,600313.SH,400,400,26.474158,27.7002,490.4168,90
20260815_150541_6643db,2025-11-12,002818.SZ,300,300,32.157819,31.705194,-135.7875,24
20260815_150541_6643db,2025-11-12,600938.SH,300,300,33.183997,38.114879,1479.2646,24
20260815_150541_6643db,2025-11-12,001378.SZ,500,500,23.494109,24.919546,712.7185,24
20260815_150541_6643db,2025-11-12,600789.SH,400,400,28.503626,30.896448,957.1288,24
20260815_150541_6643db,2025-11-12,002083.SZ,800,800,14.634274,27.695,10448.5808,24
20260815_150541_6643db,2025-11-12,001338.SZ,1000,1000,11.792449,12.764394,971.945,24
20260815_150541_6643db,2025-11-13,600313.SH,400,400,26.474158,27.91005,574.3568,91
20260815_150541_6643db,2025-11-13,002818.SZ,300,300,32.157819,31.677696,-144.0369,25
20260815_150541_6643db,2025-11-13,600938.SH,300,300,33.183997,37.316257,1239.678,25
20260815_150541_6643db,2025-11-13,001378.SZ,500,500,23.494109,24.846284,676.0875,25
20260815_150541_6643db,2025-11-13,600789.SH,400,400,28.503626,30.86719,945.4256,25
20260815_150541_6643db,2025-11-13,002083.SZ,800,800,14.634274,30.479,12675.7808,25
20260815_150541_6643db,2025-11-13,001338.SZ,1000,1000,11.792449,12.743622,951.173,25
20260815_150541_6643db,2025-11-14,600313.SH,400,400,26.474158,27.78414,523.9928,92
20260815_150541_6643db,2025-11-14,002818.SZ,300,300,32.157819,31.677696,-144.0369,26
20260815_150541_6643db,2025-11-14,600938.SH,300,300,33.183997,37.380662,1258.9995,26
20260815_150541_6643db,2025-11-14,001378.SZ,500,500,23.494109,24.950944,728.4175,26
20260815_150541_6643db,2025-11-14,600789.SH,400,400,28.503626,31.335318,1132.6768,26
20260815_150541_6643db,2025-11-14,002083.SZ,800,800,14.634274,33.524,15111.7808,26
20260815_150541_6643db,2025-11-14,001338.SZ,1000,1000,11.792449,12.743622,951.173,26
20260815_150541_6643db,2025-11-17,600313.SH,400,400,26.474158,28.07793,641.5088,93
20260815_150541_6643db,2025-11-17,002818.SZ,300,300,32.157819,31.457712,-210.0321,27
20260815_150541_6643db,2025-11-17,600938.SH,300,300,33.183997,37.303376,1235.8137,27
20260815_150541_6643db,2025-11-17,001378.SZ,500,500,23.494109,24.888148,697.0195,27
20260815_150541_6643db,2025-11-17,600789.SH,400,400,28.503626,30.86719,945.4256,27
20260815_150541_6643db,2025-11-17,002083.SZ,800,800,14.634274,36.888,17802.9808,27
20260815_150541_6643db,2025-11-17,001338.SZ,1000,1000,11.792449,12.847482,1055.033,27
20260815_150541_6643db,2025-11-18,600313.SH,400,400,26.474158,28.03596,624.7208,94
20260815_150541_6643db,2025-11-18,002818.SZ,300,300,32.157819,31.402716,-226.5309,28
20260815_150541_6643db,2025-11-18,600938.SH,300,300,33.183997,36.813898,1088.9703,28
20260815_150541_6643db,2025-11-18,001378.SZ,500,500,23.494109,24.532304,519.0975,28
20260815_150541_6643db,2025-11-18,600789.SH,400,400,28.503626,30.369804,746.4712,28
20260815_150541_6643db,2025-11-18,002083.SZ,800,800,14.634274,36.134,17199.7808,28
20260815_150541_6643db,2025-11-18,001338.SZ,1000,1000,11.792449,12.639762,847.313,28
20260815_150541_6643db,2025-11-19,600313.SH,400,400,26.474158,27.91005,574.3568,95
20260815_150541_6643db,2025-11-19,002818.SZ,300,300,32.157819,31.237728,-276.0273,29
20260815_150541_6643db,2025-11-19,600938.SH,300,300,33.183997,38.024712,1452.2145,29
20260815_150541_6643db,2025-11-19,001378.SZ,500,500,23.494109,24.260188,383.0395,29
20260815_150541_6643db,2025-11-19,600789.SH,400,400,28.503626,29.667612,465.5944,29
20260815_150541_6643db,2025-11-19,002083.SZ,800,800,14.634274,32.509,14299.7808,29
20260815_150541_6643db,2025-11-19,001338.SZ,1000,1000,11.792449,12.525516,733.067,29
20260815_150541_6643db,2025-11-20,600313.SH,400,400,26.474158,27.86808,557.5688,96
20260815_150541_6643db,2025-11-20,002818.SZ,300,300,32.157819,31.182732,-292.5261,30
20260815_150541_6643db,2025-11-20,600938.SH,300,300,33.183997,37.61252,1328.5569,30
20260815_150541_6643db,2025-11-20,001378.SZ,500,500,23.494109,24.375314,440.6025,30
20260815_150541_6643db,2025-11-20,600789.SH,400,400,28.503626,29.287258,313.4528,30
20260815_150541_6643db,2025-11-20,002083.SZ,800,800,14.634274,29.638,12002.9808,30
20260815_150541_6643db,2025-11-20,001338.SZ,1000,1000,11.792449,12.41127,618.821,30
20260815_150541_6643db,2025-11-21,600313.SH,400,400,26.474158,28.70748,893.3288,97
20260815_150541_6643db,2025-11-21,002818.SZ,300,300,32.157819,30.715266,-432.7659,31
20260815_150541_6643db,2025-11-21,600938.SH,300,300,33.183997,37.238971,1216.4922,31
20260815_150541_6643db,2025-11-21,001378.SZ,500,500,23.494109,23.12986,-182.1245,31
20260815_150541_6643db,2025-11-21,600789.SH,400,400,28.503626,27.35623,-458.9584,31
20260815_150541_6643db,2025-11-21,002083.SZ,800,800,14.634274,26.68,9636.5808,31
20260815_150541_6643db,2025-11-21,001338.SZ,1000,1000,11.792449,12.026988,234.539,31
20260815_150541_6643db,2025-11-24,600313.SH,400,400,26.474158,28.58157,842.9648,98
20260815_150541_6643db,2025-11-24,002818.SZ,300,300,32.157819,30.825258,-399.7683,32
20260815_150541_6643db,2025-11-24,600938.SH,300,300,33.183997,36.0668,864.8409,32
20260815_150541_6643db,2025-11-24,001378.SZ,500,500,23.494109,23.39151,-51.2995,32
20260815_150541_6643db,2025-11-24,600789.SH,400,400,28.503626,27.619552,-353.6296,32
20260815_150541_6643db,2025-11-24,002083.SZ,800,800,14.634274,27.086,9961.3808,32
20260815_150541_6643db,2025-11-24,001338.SZ,1000,1000,11.792449,12.172392,379.943,32
20260815_150541_6643db,2025-11-25,600313.SH,400,400,26.474158,28.20384,691.8728,99
20260815_150541_6643db,2025-11-25,002818.SZ,300,300,32.157819,31.045242,-333.7731,33
20260815_150541_6643db,2025-11-25,600938.SH,300,300,33.183997,36.272896,926.6697,33
20260815_150541_6643db,2025-11-25,001378.SZ,500,500,23.494109,23.579898,42.8945,33
20260815_150541_6643db,2025-11-25,600789.SH,400,400,28.503626,29.11171,243.2336,33
20260815_150541_6643db,2025-11-25,002083.SZ,800,800,14.634274,27.347,10170.1808,33
20260815_150541_6643db,2025-11-25,001338.SZ,1000,1000,11.792449,12.15162,359.171,33
20260815_150541_6643db,2025-11-26,600313.SH,400,400,26.474158,27.49035,406.4768,100
20260815_150541_6643db,2025-11-26,002818.SZ,300,300,32.157819,30.082812,-622.5021,34
20260815_150541_6643db,2025-11-26,600938.SH,300,300,33.183997,35.822061,791.4192,34
20260815_150541_6643db,2025-11-26,001378.SZ,500,500,23.494109,23.454306,-19.9015,34
20260815_150541_6643db,2025-11-26,600789.SH,400,400,28.503626,29.023936,208.124,34
20260815_150541_6643db,2025-11-26,002083.SZ,800,800,14.634274,28.304,10935.7808,34
20260815_150541_6643db,2025-11-26,001338.SZ,1000,1000,11.792449,12.120462,328.013,34
20260815_150541_6643db,2025-11-27,600313.SH,400,400,26.474158,27.2805,322.5368,101
20260815_150541_6643db,2025-11-27,002818.SZ,300,300,32.157819,30.000318,-647.2503,35
20260815_150541_6643db,2025-11-27,600938.SH,300,300,33.183997,36.169848,895.7553,35
20260815_150541_6643db,2025-11-27,001378.SZ,500,500,23.494109,23.663626,84.7585,35
20260815_150541_6643db,2025-11-27,600789.SH,400,400,28.503626,29.170226,266.64,35
20260815_150541_6643db,2025-11-27,002083.SZ,800,800,14.634274,31.146,13209.3808,35
20260815_150541_6643db,2025-11-27,001338.SZ,1000,1000,11.792449,12.245094,452.645,35
20260815_150541_6643db,2025-11-28,600313.SH,400,400,26.474158,27.7002,490.4168,102
20260815_150541_6643db,2025-11-28,002818.SZ,300,300,32.157819,30.192804,-589.5045,36
20260815_150541_6643db,2025-11-28,600938.SH,300,300,33.183997,35.796299,783.6906,36
20260815_150541_6643db,2025-11-28,001378.SZ,500,500,23.494109,23.831082,168.4865,36
20260815_150541_6643db,2025-11-28,600789.SH,400,400,28.503626,28.731356,91.092,36
20260815_150541_6643db,2025-11-28,002083.SZ,800,800,14.634274,29.493,11886.9808,36
20260815_150541_6643db,2025-11-28,001338.SZ,1000,1000,11.792449,12.286638,494.189,36
20260815_150541_6643db,2025-12-01,600313.SH,400,400,26.474158,27.95202,591.1448,103
20260815_150541_6643db,2025-12-01,002818.SZ,300,300,32.157819,30.52278,-490.5117,37
20260815_150541_6643db,2025-12-01,600938.SH,300,300,33.183997,36.685088,1050.3273,37
20260815_150541_6643db,2025-12-01,001378.SZ,500,500,23.494109,24.500906,503.3985,37
20260815_150541_6643db,2025-12-01,600789.SH,400,400,28.503626,28.936162,173.0144,37
20260815_150541_6643db,2025-12-01,002083.SZ,800,800,14.634274,29.551,11933.3808,37
20260815_150541_6643db,2025-12-01,001338.SZ,1000,1000,11.792449,12.265866,473.417,37
20260815_150541_6643db,2025-12-02,600313.SH,400,400,26.474158,28.83339,943.6928,104
20260815_150541_6643db,2025-12-02,002818.SZ,300,300,32.157819,30.852756,-391.5189,38
20260815_150541_6643db,2025-12-02,600938.SH,300,300,33.183997,37.045756,1158.5277,38
20260815_150541_6643db,2025-12-02,001378.SZ,500,500,23.494109,24.479974,492.9325,38
20260815_150541_6643db,2025-12-02,600789.SH,400,400,28.503626,28.67284,67.6856,38
20260815_150541_6643db,2025-12-02,002083.SZ,800,800,14.634274,30.131,12397.3808,38
20260815_150541_6643db,2025-12-02,001338.SZ,1000,1000,11.792449,12.442428,649.979,38
20260815_150541_6643db,2025-12-03,600313.SH,400,400,26.474158,28.45566,792.6008,105
20260815_150541_6643db,2025-12-03,002818.SZ,300,300,32.157819,30.715266,-432.7659,39
20260815_150541_6643db,2025-12-03,600938.SH,300,300,33.183997,36.994232,1143.0705,39
20260815_150541_6643db,2025-12-03,001378.SZ,500,500,23.494109,24.38578,445.8355,39
20260815_150541_6643db,2025-12-03,600789.SH,400,400,28.503626,29.023936,208.124,39
20260815_150541_6643db,2025-12-03,002083.SZ,800,800,14.634274,28.217,10866.1808,39
20260815_150541_6643db,2025-12-03,001338.SZ,1000,1000,11.792449,12.681306,888.857,39
20260815_150541_6643db,2025-12-04,600313.SH,400,400,26.474158,27.57429,440.0528,106
20260815_150541_6643db,2025-12-04,002818.SZ,300,300,32.157819,30.302796,-556.5069,40
20260815_150541_6643db,2025-12-04,600938.SH,300,300,33.183997,37.457948,1282.1853,40
20260815_150541_6643db,2025-12-04,001378.SZ,500,500,23.494109,24.17646,341.1755,40
20260815_150541_6643db,2025-12-04,600789.SH,400,400,28.503626,28.731356,91.092,40
20260815_150541_6643db,2025-12-04,002083.SZ,800,800,14.634274,26.999,9891.7808,40
20260815_150541_6643db,2025-12-04,001338.SZ,1000,1000,11.792449,12.546288,753.839,40
20260815_150541_6643db,2025-12-05,600313.SH,400,400,26.474158,28.79142,926.9048,107
20260815_150541_6643db,2025-12-05,002818.SZ,300,300,32.157819,30.302796,-556.5069,41
20260815_150541_6643db,2025-12-05,600938.SH,300,300,33.183997,37.277614,1228.0851,41
20260815_150541_6643db,2025-12-05,001378.SZ,500,500,23.494109,24.28112,393.5055,41
20260815_150541_6643db,2025-12-05,600789.SH,400,400,28.503626,28.555808,20.8728,41
20260815_150541_6643db,2025-12-05,002083.SZ,800,800,14.634274,29.696,12049.3808,41
20260815_150541_6643db,2025-12-05,001338.SZ,1000,1000,11.792449,12.702078,909.629,41
20260815_150541_6643db,2025-12-08,600313.SH,400,400,26.474158,28.70748,893.3288,108
20260815_150541_6643db,2025-12-08,002818.SZ,300,300,32.157819,30.275298,-564.7563,42
20260815_150541_6643db,2025-12-08,600938.SH,300,300,33.183997,36.762374,1073.5131,42
20260815_150541_6643db,2025-12-08,001378.SZ,500,500,23.494109,24.406712,456.3015,42
20260815_150541_6643db,2025-12-08,600789.SH,400,400,28.503626,28.263228,-96.1592,42
20260815_150541_6643db,2025-12-08,002083.SZ,800,800,14.634274,29.609,11979.7808,42
20260815_150541_6643db,2025-12-08,001338.SZ,1000,1000,11.792449,12.702078,909.629,42
20260815_150541_6643db,2025-12-09,600313.SH,400,400,26.474158,28.5396,826.1768,109
20260815_150541_6643db,2025-12-09,002818.SZ,300,300,32.157819,30.440286,-515.2599,43
20260815_150541_6643db,2025-12-09,600938.SH,300,300,33.183997,36.350182,949.8555,43
20260815_150541_6643db,2025-12-09,001378.SZ,500,500,23.494109,24.396246,451.0685,43
20260815_150541_6643db,2025-12-09,600789.SH,400,400,28.503626,27.853616,-260.004,43
20260815_150541_6643db,2025-12-09,002083.SZ,800,800,14.634274,28.101,10773.3808,43
20260815_150541_6643db,2025-12-09,001338.SZ,1000,1000,11.792449,12.61899,826.541,43
20260815_150541_6643db,2025-12-10,600313.SH,400,400,26.474158,29.00127,1010.8448,110
20260815_150541_6643db,2025-12-10,002818.SZ,300,300,32.157819,30.825258,-399.7683,44
20260815_150541_6643db,2025-12-10,600938.SH,300,300,33.183997,36.337301,945.9912,44
20260815_150541_6643db,2025-12-10,001378.SZ,500,500,23.494109,24.239256,372.5735,44
20260815_150541_6643db,2025-12-10,600789.SH,400,400,28.503626,27.94139,-224.8944,44
20260815_150541_6643db,2025-12-10,002083.SZ,800,800,14.634274,30.914,13023.7808,44
20260815_150541_6643db,2025-12-10,001338.SZ,1000,1000,11.792449,12.556674,764.225,44
20260815_150541_6643db,2025-12-11,600313.SH,400,400,26.474158,28.32975,742.2368,111
20260815_150541_6643db,2025-12-11,002818.SZ,300,300,32.157819,30.440286,-515.2599,45
20260815_150541_6643db,2025-12-11,600938.SH,300,300,33.183997,36.337301,945.9912,45
20260815_150541_6643db,2025-12-11,001378.SZ,500,500,23.494109,23.789218,147.5545,45
20260815_150541_6643db,2025-12-11,600789.SH,400,400,28.503626,27.385488,-447.2552,45
20260815_150541_6643db,2025-12-11,002083.SZ,800,800,14.634274,31.842,13766.1808,45
20260815_150541_6643db,2025-12-11,001338.SZ,1000,1000,11.792449,12.348954,556.505,45
20260815_150541_6643db,2025-12-12,600313.SH,400,400,26.474158,27.99399,607.9328,112
20260815_150541_6643db,2025-12-12,002818.SZ,300,300,32.157819,30.165306,-597.7539,46
20260815_150541_6643db,2025-12-12,600938.SH,300,300,33.183997,36.58204,1019.4129,46
20260815_150541_6643db,2025-12-12,001378.SZ,500,500,23.494109,23.579898,42.8945,46
20260815_150541_6643db,2025-12-12,600789.SH,400,400,28.503626,27.385488,-447.2552,46
20260815_150541_6643db,2025-12-12,002083.SZ,800,800,14.634274,29.783,12118.9808,46
20260815_150541_6643db,2025-12-12,001338.SZ,1000,1000,11.792449,12.535902,743.453,46
20260815_150541_6643db,2025-12-15,600313.SH,400,400,26.474158,28.1199,658.2968,113
20260815_150541_6643db,2025-12-15,002818.SZ,300,300,32.157819,30.770262,-416.2671,47
20260815_150541_6643db,2025-12-15,600938.SH,300,300,33.183997,36.478992,988.4985,47
20260815_150541_6643db,2025-12-15,001378.SZ,500,500,23.494109,23.632228,69.0595,47
20260815_150541_6643db,2025-12-15,600789.SH,400,400,28.503626,27.122166,-552.584,47
20260815_150541_6643db,2025-12-15,002083.SZ,800,800,14.634274,32.77,14508.5808,47
20260815_150541_6643db,2025-12-15,001338.SZ,1000,1000,11.792449,12.77478,982.331,47
20260815_150541_6643db,2025-12-16,600313.SH,400,400,26.474158,27.44838,389.6888,114
20260815_150541_6643db,2025-12-16,002818.SZ,300,300,32.157819,31.07274,-325.5237,48
20260815_150541_6643db,2025-12-16,600938.SH,300,300,33.183997,36.041038,857.1123,48
20260815_150541_6643db,2025-12-16,001378.SZ,500,500,23.494109,23.297316,-98.3965,48
20260815_150541_6643db,2025-12-16,600789.SH,400,400,28.503626,26.654038,-739.8352,48
20260815_150541_6643db,2025-12-16,002083.SZ,800,800,14.634274,31.059,13139.7808,48
20260815_150541_6643db,2025-12-16,001338.SZ,1000,1000,11.792449,12.608604,816.155,48
20260815_150541_6643db,2025-12-17,600313.SH,400,400,26.474158,26.69292,87.5048,115
20260815_150541_6643db,2025-12-17,002818.SZ,300,300,32.157819,30.687768,-441.0153,49
20260815_150541_6643db,2025-12-17,600938.SH,300,300,33.183997,36.388825,961.4484,49
20260815_150541_6643db,2025-12-17,001378.SZ,500,500,23.494109,23.056598,-218.7555,49
20260815_150541_6643db,2025-12-17,600789.SH,400,400,28.503626,26.741812,-704.7256,49
20260815_150541_6643db,2025-12-17,002083.SZ,800,800,14.634274,32.886,14601.3808,49
20260815_150541_6643db,2025-12-17,001338.SZ,1000,1000,11.792449,12.608604,816.155,49
20260815_150541_6643db,2025-12-18,600313.SH,400,400,26.474158,26.98671,205.0208,116
20260815_150541_6643db,2025-12-18,002818.SZ,300,300,32.157819,31.045242,-333.7731,50
20260815_150541_6643db,2025-12-18,600938.SH,300,300,33.183997,36.801017,1085.106,50
20260815_150541_6643db,2025-12-18,001378.SZ,500,500,23.494109,23.12986,-182.1245,50
20260815_150541_6643db,2025-12-18,600789.SH,400,400,28.503626,26.654038,-739.8352,50
20260815_150541_6643db,2025-12-18,002083.SZ,800,800,14.634274,31.494,13487.7808,50
20260815_150541_6643db,2025-12-18,001338.SZ,1000,1000,11.792449,12.61899,826.541,50
20260815_150541_6643db,2025-12-19,600313.SH,400,400,26.474158,27.65823,473.6288,117
20260815_150541_6643db,2025-12-19,002818.SZ,300,300,32.157819,31.48521,-201.7827,51
20260815_150541_6643db,2025-12-19,600938.SH,300,300,33.183997,35.796299,783.6906,51
20260815_150541_6643db,2025-12-19,001378.SZ,500,500,23.494109,23.584946,45.4185,51
20260815_150541_6643db,2025-12-19,600789.SH,400,400,28.503626,26.946618,-622.8032,51
20260815_150541_6643db,2025-12-19,002083.SZ,800,800,14.634274,31.262,13302.1808,51
20260815_150541_6643db,2025-12-19,001338.SZ,1000,1000,11.792449,12.868254,1075.805,51
20260815_150541_6643db,2025-12-22,600313.SH,400,400,26.474158,28.28778,725.4488,118
20260815_150541_6643db,2025-12-22,002818.SZ,300,300,32.157819,31.265226,-267.7779,52
20260815_150541_6643db,2025-12-22,600938.SH,300,300,33.183997,35.615965,729.5904,52
20260815_150541_6643db,2025-12-22,001378.SZ,500,500,23.494109,23.848996,177.4435,52
20260815_150541_6643db,2025-12-22,600789.SH,400,400,28.503626,26.858844,-657.9128,52
20260815_150541_6643db,2025-12-22,002083.SZ,800,800,14.634274,31.001,13093.3808,52
20260815_150541_6643db,2025-12-22,001338.SZ,1000,1000,11.792449,13.159062,1366.613,52
20260815_150541_6643db,2025-12-23,600313.SH,400,400,26.474158,27.95202,591.1448,119
20260815_150541_6643db,2025-12-23,002818.SZ,300,300,32.157819,30.990246,-350.2719,53
20260815_150541_6643db,2025-12-23,600938.SH,300,300,33.183997,36.208491,907.3482,53
20260815_150541_6643db,2025-12-23,001378.SZ,500,500,23.494109,23.986302,246.0965,53
20260815_150541_6643db,2025-12-23,600789.SH,400,400,28.503626,26.800328,-681.3192,53
20260815_150541_6643db,2025-12-23,002083.SZ,800,800,14.634274,31.987,13882.1808,53
20260815_150541_6643db,2025-12-23,001338.SZ,1000,1000,11.792449,12.93057,1138.121,53
20260815_150541_6643db,2025-12-24,600313.SH,400,400,26.474158,28.20384,691.8728,120
20260815_150541_6643db,2025-12-24,002818.SZ,300,300,32.157819,30.93525,-366.7707,54
20260815_150541_6643db,2025-12-24,600938.SH,300,300,33.183997,36.208491,907.3482,54
20260815_150541_6643db,2025-12-24,001378.SZ,500,500,23.494109,24.271476,388.6835,54
20260815_150541_6643db,2025-12-24,600789.SH,400,400,28.503626,26.829586,-669.616,54
20260815_150541_6643db,2025-12-24,002083.SZ,800,800,14.634274,33.089,14763.7808,54
20260815_150541_6643db,2025-12-24,001338.SZ,1000,1000,11.792449,13.024044,1231.595,54
20260815_150541_6643db,2025-12-25,600313.SH,400,400,26.474158,27.99399,607.9328,121
20260815_150541_6643db,2025-12-25,002818.SZ,300,300,32.157819,31.045242,-333.7731,55
20260815_150541_6643db,2025-12-25,600938.SH,300,300,33.183997,36.234253,915.0768,55
20260815_150541_6643db,2025-12-25,001378.SZ,500,500,23.494109,24.39822,452.0555,55
20260815_150541_6643db,2025-12-25,600789.SH,400,400,28.503626,27.005134,-599.3968,55
20260815_150541_6643db,2025-12-25,002083.SZ,800,800,14.634274,33.756,15297.3808,55
20260815_150541_6643db,2025-12-25,001338.SZ,1000,1000,11.792449,12.909798,1117.349,55
20260815_150541_6643db,2025-12-26,600313.SH,400,400,26.474158,28.24581,708.6608,122
20260815_150541_6643db,2025-12-26,002818.SZ,300,300,32.157819,30.687768,-441.0153,56
20260815_150541_6643db,2025-12-26,600938.SH,300,300,33.183997,36.466111,984.6342,56
20260815_150541_6643db,2025-12-26,001378.SZ,500,500,23.494109,24.810138,658.0145,56
20260815_150541_6643db,2025-12-26,600789.SH,400,400,28.503626,26.858844,-657.9128,56
20260815_150541_6643db,2025-12-26,002083.SZ,800,800,14.634274,34.974,16271.7808,56
20260815_150541_6643db,2025-12-26,001338.SZ,1000,1000,11.792449,12.82671,1034.261,56
20260815_150541_6643db,2025-12-29,600313.SH,400,400,26.474158,28.03596,624.7208,123
20260815_150541_6643db,2025-12-29,002818.SZ,300,300,32.157819,30.495282,-498.7611,57
20260815_150541_6643db,2025-12-29,600938.SH,300,300,33.183997,37.277614,1228.0851,57
20260815_150541_6643db,2025-12-29,001378.SZ,500,500,23.494109,25.148122,827.0065,57
20260815_150541_6643db,2025-12-29,600789.SH,400,400,28.503626,26.654038,-739.8352,57
20260815_150541_6643db,2025-12-29,002083.SZ,800,800,14.634274,32.828,14554.9808,57
20260815_150541_6643db,2025-12-29,001338.SZ,1000,1000,11.792449,12.754008,961.559,57
20260815_150541_6643db,2025-12-30,600313.SH,400,400,26.474158,27.57429,440.0528,124
20260815_150541_6643db,2025-12-30,002818.SZ,300,300,32.157819,30.412788,-523.5093,58
20260815_150541_6643db,2025-12-30,600938.SH,300,300,33.183997,38.462666,1583.6007,58
20260815_150541_6643db,2025-12-30,001378.SZ,500,500,23.494109,24.71508,610.4855,58
20260815_150541_6643db,2025-12-30,600789.SH,400,400,28.503626,26.566264,-774.9448,58
20260815_150541_6643db,2025-12-30,002083.SZ,800,800,14.634274,34.916,16225.3808,58
20260815_150541_6643db,2025-12-30,001338.SZ,1000,1000,11.792449,12.56706,774.611,58
20260815_150541_6643db,2025-12-31,600313.SH,400,400,26.474158,27.02868,221.8088,125
20260815_150541_6643db,2025-12-31,002818.SZ,300,300,32.157819,30.550278,-482.2623,59
20260815_150541_6643db,2025-12-31,600938.SH,300,300,33.183997,38.874858,1707.2583,59
20260815_150541_6643db,2025-12-31,001378.SZ,500,500,23.494109,24.905196,705.5435,59
20260815_150541_6643db,2025-12-31,600789.SH,400,400,28.503626,26.449232,-821.7576,59
20260815_150541_6643db,2025-12-31,002083.SZ,800,800,14.634274,34.51,15900.5808,59
20260815_150541_6643db,2025-12-31,001338.SZ,1000,1000,11.792449,12.577446,784.997,59
20260815_150541_6643db,2026-01-05,600313.SH,400,400,26.474158,26.98671,205.0208,126
20260815_150541_6643db,2026-01-05,002818.SZ,300,300,32.157819,30.66027,-449.2647,60
20260815_150541_6643db,2026-01-05,600938.SH,300,300,33.183997,37.406424,1266.7281,60
20260815_150541_6643db,2026-01-05,001378.SZ,500,500,23.494109,24.757328,631.6095,60
20260815_150541_6643db,2026-01-05,600789.SH,400,400,28.503626,26.888102,-646.2096,60
20260815_150541_6643db,2026-01-05,002083.SZ,800,800,14.634274,37.961,18661.3808,60
20260815_150541_6643db,2026-01-05,001338.SZ,1000,1000,11.792449,12.702078,909.629,60
20260815_150541_6643db,2026-01-06,601033.SH,900,0,16.463424,16.442866,-18.5022,1
20260815_150541_6643db,2026-01-06,002746.SZ,500,0,28.599639,28.798442,99.4015,1
20260815_150541_6643db,2026-01-06,000650.SZ,100,0,150.120722,153.118125,299.7403,1
20260815_150541_6643db,2026-01-06,600866.SH,100,0,114.48162,116.963372,248.1752,1
20260815_150541_6643db,2026-01-06,301559.SZ,800,0,17.78528,17.741088,-35.3536,1
20260815_150541_6643db,2026-01-06,000915.SZ,100,0,133.677822,134.746374,106.8552,1
20260815_150541_6643db,2026-01-06,600004.SH,500,0,25.429962,25.559296,64.667,1
20260815_150541_6643db,2026-01-06,600273.SH,800,0,18.924506,20.715359,1432.6824,1
20260815_150541_6643db,2026-01-07,601033.SH,900,900,16.463424,16.39985,-57.2166,2
20260815_150541_6643db,2026-01-07,002746.SZ,500,500,28.599639,28.563927,-17.856,2
20260815_150541_6643db,2026-01-07,000650.SZ,100,100,150.120722,148.218345,-190.2377,2
20260815_150541_6643db,2026-01-07,600866.SH,100,100,114.48162,117.127416,264.5796,2
20260815_150541_6643db,2026-01-07,301559.SZ,800,800,17.78528,17.69712,-70.528,2
20260815_150541_6643db,2026-01-07,000915.SZ,100,100,133.677822,133.391338,-28.6484,2
20260815_150541_6643db,2026-01-07,600004.SH,500,500,25.429962,25.398208,-15.877,2
20260815_150541_6643db,2026-01-07,600273.SH,800,800,18.924506,20.650556,1380.84,2
20260815_150541_6643db,2026-01-08,601033.SH,900,900,16.463424,16.485882,20.2122,3
20260815_150541_6643db,2026-01-08,002746.SZ,500,500,28.599639,28.704636,52.4985,3
20260815_150541_6643db,2026-01-08,000650.SZ,100,100,150.120722,147.728367,-239.2355,3
20260815_150541_6643db,2026-01-08,600866.SH,100,100,114.48162,116.307196,182.5576,3
20260815_150541_6643db,2026-01-08,301559.SZ,800,800,17.78528,17.862,61.376,3
20260815_150541_6643db,2026-01-08,000915.SZ,100,100,133.677822,132.873236,-80.4586,3
20260815_150541_6643db,2026-01-08,600004.SH,500,500,25.429962,25.37136,-29.301,3
20260815_150541_6643db,2026-01-08,600273.SH,800,800,18.924506,20.542551,1294.436,3
20260815_150541_6643db,2026-01-09,601033.SH,900,900,16.463424,16.56116,87.9624,4
20260815_150541_6643db,2026-01-09,002746.SZ,500,500,28.599639,28.704636,52.4985,4
20260815_150541_6643db,2026-01-09,000650.SZ,100,100,150.120722,148.218345,-190.2377,4
20260815_150541_6643db,2026-01-09,600866.SH,100,100,114.48162,116.799328,231.7708,4
20260815_150541_6643db,2026-01-09,301559.SZ,800,800,17.78528,20.126352,1872.8576,4
20260815_150541_6643db,2026-01-09,000915.SZ,100,100,133.677822,132.594258,-108.3564,4
20260815_150541_6643db,2026-01-09,600004.SH,500,500,25.429962,25.398208,-15.877,4
20260815_150541_6643db,2026-01-09,600273.SH,800,800,18.924506,20.412945,1190.7512,4
20260815_150541_6643db,2026-01-12,601033.SH,900,900,16.463424,16.389096,-66.8952,5
20260815_150541_6643db,2026-01-12,002746.SZ,500,500,28.599639,28.939151,169.756,5
20260815_150541_6643db,2026-01-12,000650.SZ,100,100,150.120722,151.403202,128.248,5
20260815_150541_6643db,2026-01-12,600866.SH,100,100,114.48162,117.127416,264.5796,5
20260815_150541_6643db,2026-01-12,301559.SZ,800,800,17.78528,20.28024,1995.968,5
20260815_150541_6643db,2026-01-12,000915.SZ,100,100,133.677822,132.235572,-144.225,5
20260815_150541_6643db,2026-01-12,600004.SH,500,500,25.429962,25.478752,24.395,5
20260815_150541_6643db,2026-01-12,600273.SH,800,800,18.924506,20.30494,1104.3472,5
20260815_150541_6643db,2026-01-13,601033.SH,900,900,16.463424,16.367588,-86.2524,6
20260815_150541_6643db,2026-01-13,002746.SZ,500,500,28.599639,28.798442,99.4015,6
20260815_150541_6643db,2026-01-13,000650.SZ,100,100,150.120722,150.178257,5.7535,6
20260815_150541_6643db,2026-01-13,600866.SH,100,100,114.48162,118.9319,445.028,6
20260815_150541_6643db,2026-01-13,301559.SZ,800,800,17.78528,19.148064,1090.2272,6
20260815_150541_6643db,2026-01-13,000915.SZ,100,100,133.677822,131.239222,-243.86,6
20260815_150541_6643db,2026-01-13,600004.SH,500,500,25.429962,25.451904,10.971,6
20260815_150541_6643db,2026-01-13,600273.SH,800,800,18.924506,20.024127,879.6968,6
20260815_150541_6643db,2026-01-14,601033.SH,900,900,16.463424,16.249294,-192.717,7
20260815_150541_6643db,2026-01-14,002746.SZ,500,500,28.599639,28.845345,122.853,7
20260815_150541_6643db,2026-01-14,000650.SZ,100,100,150.120722,154.833048,471.2326,7
20260815_150541_6643db,2026-01-14,600866.SH,100,100,114.48162,117.127416,264.5796,7
20260815_150541_6643db,2026-01-14,301559.SZ,800,800,17.78528,19.301952,1213.3376,7
20260815_150541_6643db,2026-01-14,000915.SZ,100,100,133.677822,131.797178,-188.0644,7
20260815_150541_6643db,2026-01-14,600004.SH,500,500,25.429962,25.344512,-42.725,7
20260815_150541_6643db,2026-01-14,600273.SH,800,800,18.924506,20.95297,1622.7712,7
20260815_150541_6643db,2026-01-15,601033.SH,900,900,16.463424,16.335326,-115.2882,8
20260815_150541_6643db,2026-01-15,002746.SZ,500,500,28.599639,28.939151,169.756,8
20260815_150541_6643db,2026-01-15,000650.SZ,100,100,150.120722,151.89318,177.2458,8
20260815_150541_6643db,2026-01-15,600866.SH,100,100,114.48162,117.947636,346.6016,8
20260815_150541_6643db,2026-01-15,301559.SZ,800,800,17.78528,19.082112,1037.4656,8
20260815_150541_6643db,2026-01-15,000915.SZ,100,100,133.677822,131.558054,-211.9768,8
20260815_150541_6643db,2026-01-15,600004.SH,500,500,25.429962,25.317664,-56.149,8
20260815_150541_6643db,2026-01-15,600273.SH,800,800,18.924506,21.81701,2314.0032,8
20260815_150541_6643db,2026-01-16,601033.SH,900,900,16.463424,16.389096,-66.8952,9
20260815_150541_6643db,2026-01-16,002746.SZ,500,500,28.599639,28.986054,193.2075,9
20260815_150541_6643db,2026-01-16,000650.SZ,100,100,150.120722,149.198301,-92.2421,9
20260815_150541_6643db,2026-01-16,600866.SH,100,100,114.48162,117.619548,313.7928,9
20260815_150541_6643db,2026-01-16,301559.SZ,800,800,17.78528,19.532784,1398.0032,9
20260815_150541_6643db,2026-01-16,000915.SZ,100,100,133.677822,130.043602,-363.422,9
20260815_150541_6643db,2026-01-16,600004.SH,500,500,25.429962,25.156576,-136.693,9
20260815_150541_6643db,2026-01-16,600273.SH,800,800,18.924506,21.017773,1674.6136,9
20260815_150541_6643db,2026-01-19,601033.SH,900,900,16.463424,16.61493,136.3554,10
20260815_150541_6643db,2026-01-19,002746.SZ,500,500,28.599639,29.54889,474.6255,10
20260815_150541_6643db,2026-01-19,000650.SZ,100,100,150.120722,149.688279,-43.2443,10
20260815_150541_6643db,2026-01-19,600866.SH,100,100,114.48162,117.783592,330.1972,10
20260815_150541_6643db,2026-01-19,301559.SZ,800,800,17.78528,19.939488,1723.3664,10
20260815_150541_6643db,2026-01-19,000915.SZ,100,100,133.677822,129.565354,-411.2468,10
20260815_150541_6643db,2026-01-19,600004.SH,500,500,25.429962,25.451904,10.971,10
20260815_150541_6643db,2026-01-19,600273.SH,800,800,18.924506,22.162626,2590.496,10
20260815_150541_6643db,2026-01-20,601033.SH,900,900,16.463424,16.754732,262.1772,11
20260815_150541_6643db,2026-01-20,002746.SZ,500,500,28.599639,29.408181,404.271,11
20260815_150541_6643db,2026-01-20,000650.SZ,100,100,150.120722,149.933268,-18.7454,11
20260815_150541_6643db,2026-01-20,600866.SH,100,100,114.48162,121.064472,658.2852,11
20260815_150541_6643db,2026-01-20,301559.SZ,800,800,17.78528,19.741632,1565.0816,11
20260815_150541_6643db,2026-01-20,000915.SZ,100,100,133.677822,129.286376,-439.1446,11
20260815_150541_6643db,2026-01-20,600004.SH,500,500,25.429962,25.827776,198.907,11
20260815_150541_6643db,2026-01-20,600273.SH,800,800,18.924506,23.566691,3713.748,11
20260815_150541_6643db,2026-01-21,601033.SH,900,900,16.463424,16.647192,165.3912,12
20260815_150541_6643db,2026-01-21,002746.SZ,500,500,28.599639,29.501987,451.174,12
20260815_150541_6643db,2026-01-21,000650.SZ,100,100,150.120722,148.953312,-116.741,12
20260815_150541_6643db,2026-01-21,600866.SH,100,100,114.48162,120.080208,559.8588,12
20260815_150541_6643db,2026-01-21,301559.SZ,800,800,17.78528,19.873536,1670.6048,12
20260815_150541_6643db,2026-01-21,000915.SZ,100,100,133.677822,128.13061,-554.7212,12
20260815_150541_6643db,2026-01-21,600004.SH,500,500,25.429962,25.63984,104.939,12
20260815_150541_6643db,2026-01-21,600273.SH,800,800,18.924506,23.285878,3489.0976,12
20260815_150541_6643db,2026-01-22,601033.SH,900,900,16.463424,16.700962,213.7842,13
20260815_150541_6643db,2026-01-22,002746.SZ,500,500,28.599639,29.689599,544.98,13
20260815_150541_6643db,2026-01-22,000650.SZ,100,100,150.120722,149.198301,-92.2421,13
20260815_150541_6643db,2026-01-22,600866.SH,100,100,114.48162,120.408296,592.6676,13
20260815_150541_6643db,2026-01-22,301559.SZ,800,800,17.78528,20.66496,2303.744,13
20260815_150541_6643db,2026-01-22,000915.SZ,100,100,133.677822,128.489296,-518.8526,13
20260815_150541_6643db,2026-01-22,600004.SH,500,500,25.429962,25.77408,172.059,13
20260815_150541_6643db,2026-01-22,600273.SH,800,800,18.924506,23.242676,3454.536,13
20260815_150541_6643db,2026-01-23,601033.SH,900,900,16.463424,16.72247,233.1414,14
20260815_150541_6643db,2026-01-23,002746.SZ,500,500,28.599639,29.595793,498.077,14
20260815_150541_6643db,2026-01-23,000650.SZ,100,100,150.120722,150.913224,79.2502,14
20260815_150541_6643db,2026-01-23,600866.SH,100,100,114.48162,122.048736,756.7116,14
20260815_150541_6643db,2026-01-23,301559.SZ,800,800,17.78528,20.181312,1916.8256,14
20260815_150541_6643db,2026-01-23,000915.SZ,100,100,133.677822,129.007398,-467.0424,14
20260815_150541_6643db,2026-01-23,600004.SH,500,500,25.429962,25.90832,239.179,14
20260815_150541_6643db,2026-01-23,600273.SH,800,800,18.924506,24.041913,4093.9256,14
20260815_150541_6643db,2026-01-26,601033.SH,900,900,16.463424,16.743978,252.4986,15
20260815_150541_6643db,2026-01-26,002746.SZ,500,500,28.599639,29.830308,615.3345,15
20260815_150541_6643db,2026-01-26,000650.SZ,100,100,150.120722,152.383158,226.2436,15
20260815_150541_6643db,2026-01-26,600866.SH,100,100,114.48162,123.361088,887.9468,15
20260815_150541_6643db,2026-01-26,301559.SZ,800,800,17.78528,19.939488,1723.3664,15
20260815_150541_6643db,2026-01-26,000915.SZ,100,100,133.677822,128.250172,-542.765,15
20260815_150541_6643db,2026-01-26,600004.SH,500,500,25.429962,25.747232,158.635,15
20260815_150541_6643db,2026-01-26,600273.SH,800,800,18.924506,23.739499,3851.9944,15
20260815_150541_6643db,2026-01-27,601033.SH,900,900,16.463424,16.61493,136.3554,16
20260815_150541_6643db,2026-01-27,002746.SZ,500,500,28.599639,29.361278,380.8195,16
20260815_150541_6643db,2026-01-27,000650.SZ,100,100,150.120722,150.178257,5.7535,16
20260815_150541_6643db,2026-01-27,600866.SH,100,100,114.48162,120.736384,625.4764,16
20260815_150541_6643db,2026-01-27,301559.SZ,800,800,17.78528,20.049408,1811.3024,16
20260815_150541_6643db,2026-01-27,000915.SZ,100,100,133.677822,126.974844,-670.2978,16
20260815_150541_6643db,2026-01-27,600004.SH,500,500,25.429962,25.532448,51.243,16
20260815_150541_6643db,2026-01-27,600273.SH,800,800,18.924506,23.458686,3627.344,16
20260815_150541_6643db,2026-01-28,601033.SH,900,900,16.463424,16.6687,184.7484,17
20260815_150541_6643db,2026-01-28,002746.SZ,500,500,28.599639,29.689599,544.98,17
20260815_150541_6643db,2026-01-28,000650.SZ,100,100,150.120722,148.708323,-141.2399,17
20260815_150541_6643db,2026-01-28,600866.SH,100,100,114.48162,122.704912,822.3292,17
20260815_150541_6643db,2026-01-28,301559.SZ,800,800,17.78528,19.719648,1547.4944,17
20260815_150541_6643db,2026-01-28,000915.SZ,100,100,133.677822,126.496596,-718.1226,17
20260815_150541_6643db,2026-01-28,600004.SH,500,500,25.429962,25.666688,118.363,17
20260815_150541_6643db,2026-01-28,600273.SH,800,800,18.924506,23.869105,3955.6792,17
20260815_150541_6643db,2026-01-29,601033.SH,900,900,16.463424,16.733224,242.82,18
20260815_150541_6643db,2026-01-29,002746.SZ,500,500,28.599639,30.064823,732.592,18
20260815_150541_6643db,2026-01-29,000650.SZ,100,100,150.120722,148.218345,-190.2377,18
20260815_150541_6643db,2026-01-29,600866.SH,100,100,114.48162,122.376824,789.5204,18
20260815_150541_6643db,2026-01-29,301559.SZ,800,800,17.78528,19.40088,1292.48,18
20260815_150541_6643db,2026-01-29,000915.SZ,100,100,133.677822,126.93499,-674.2832,18
20260815_150541_6643db,2026-01-29,600004.SH,500,500,25.429962,25.720384,145.211,18
20260815_150541_6643db,2026-01-29,600273.SH,800,800,18.924506,26.266816,5873.848,18
20260815_150541_6643db,2026-01-30,601033.SH,900,900,16.463424,16.894534,387.999,19
20260815_150541_6643db,2026-01-30,002746.SZ,500,500,28.599639,30.393144,896.7525,19
20260815_150541_6643db,2026-01-30,000650.SZ,100,100,150.120722,146.748411,-337.2311,19
20260815_150541_6643db,2026-01-30,600866.SH,100,100,114.48162,121.720648,723.9028,19
20260815_150541_6643db,2026-01-30,301559.SZ,800,800,17.78528,19.499808,1371.6224,19
20260815_150541_6643db,2026-01-30,000915.SZ,100,100,133.677822,128.92769,-475.0132,19
20260815_150541_6643db,2026-01-30,600004.SH,500,500,25.429962,25.666688,118.363,19
20260815_150541_6643db,2026-01-30,600273.SH,800,800,18.924506,25.532382,5286.3008,19
20260815_150541_6643db,2026-02-02,601033.SH,900,900,16.463424,16.485882,20.2122,20
20260815_150541_6643db,2026-02-02,002746.SZ,500,500,28.599639,29.736502,568.4315,20
20260815_150541_6643db,2026-02-02,000650.SZ,100,100,150.120722,143.073576,-704.7146,20
20260815_150541_6643db,2026-02-02,600866.SH,100,100,114.48162,116.635284,215.3664,20
20260815_150541_6643db,2026-02-02,301559.SZ,800,800,17.78528,18.90624,896.768,20
20260815_150541_6643db,2026-02-02,000915.SZ,100,100,133.677822,124.185064,-949.2758,20
20260815_150541_6643db,2026-02-02,600004.SH,500,500,25.429962,25.451904,10.971,20
20260815_150541_6643db,2026-02-02,600273.SH,800,800,18.924506,23.588292,3731.0288,20
20260815_150541_6643db,2026-02-03,601033.SH,900,900,16.463424,16.464374,0.855,21
20260815_150541_6643db,2026-02-03,002746.SZ,500,500,28.599639,29.642696,521.5285,21
20260815_150541_6643db,2026-02-03,000650.SZ,100,100,150.120722,145.033488,-508.7234,21
20260815_150541_6643db,2026-02-03,600866.SH,100,100,114.48162,117.783592,330.1972,21
20260815_150541_6643db,2026-02-03,301559.SZ,800,800,17.78528,19.323936,1230.9248,21
20260815_150541_6643db,2026-02-03,000915.SZ,100,100,133.677822,124.94229,-873.5532,21
20260815_150541_6643db,2026-02-03,600004.SH,500,500,25.429962,25.37136,-29.301,21
20260815_150541_6643db,2026-02-03,600273.SH,800,800,18.924506,24.041913,4093.9256,21
20260815_150541_6643db,2026-02-04,601033.SH,900,900,16.463424,16.550406,78.2838,22
20260815_150541_6643db,2026-02-04,002746.SZ,500,500,28.599639,29.783405,591.883,22
20260815_150541_6643db,2026-02-04,000650.SZ,100,100,150.120722,146.258433,-386.2289,22
20260815_150541_6643db,2026-02-04,600866.SH,100,100,114.48162,120.080208,559.8588,22
20260815_150541_6643db,2026-02-04,301559.SZ,800,800,17.78528,19.56576,1424.384,22
20260815_150541_6643db,2026-02-04,000915.SZ,100,100,133.677822,126.098056,-757.9766,22
20260815_150541_6643db,2026-02-04,600004.SH,500,500,25.429962,25.827776,198.907,22
20260815_150541_6643db,2026-02-04,600273.SH,800,800,18.924506,24.473933,4439.5416,22
20260815_150541_6643db,2026-02-05,601033.SH,900,900,16.463424,16.45362,-8.8236,23
20260815_150541_6643db,2026-02-05,002746.SZ,500,500,28.599639,29.830308,615.3345,23
20260815_150541_6643db,2026-02-05,000650.SZ,100,100,150.120722,145.768455,-435.2267,23
20260815_150541_6643db,2026-02-05,600866.SH,100,100,114.48162,119.095944,461.4324,23
20260815_150541_6643db,2026-02-05,301559.SZ,800,800,17.78528,19.598736,1450.7648,23
20260815_150541_6643db,2026-02-05,000915.SZ,100,100,133.677822,127.811778,-586.6044,23
20260815_150541_6643db,2026-02-05,600004.SH,500,500,25.429962,25.881472,225.755,23
20260815_150541_6643db,2026-02-05,600273.SH,800,800,18.924506,23.7611,3869.2752,23
20260815_150541_6643db,2026-02-06,601033.SH,900,900,16.463424,16.39985,-57.2166,24
20260815_150541_6643db,2026-02-06,002746.SZ,500,500,28.599639,30.064823,732.592,24
20260815_150541_6643db,2026-02-06,000650.SZ,100,100,150.120722,145.768455,-435.2267,24
20260815_150541_6643db,2026-02-06,600866.SH,100,100,114.48162,119.588076,510.6456,24
20260815_150541_6643db,2026-02-06,301559.SZ,800,800,17.78528,19.5108,1380.416,24
20260815_150541_6643db,2026-02-06,000915.SZ,100,100,133.677822,128.050902,-562.692,24
20260815_150541_6643db,2026-02-06,600004.SH,500,500,25.429962,25.532448,51.243,24
20260815_150541_6643db,2026-02-06,600273.SH,800,800,18.924506,24.365928,4353.1376,24
20260815_150541_6643db,2026-02-09,601033.SH,900,900,16.463424,16.475128,10.5336,25
20260815_150541_6643db,2026-02-09,002746.SZ,500,500,28.599639,30.158629,779.495,25
20260815_150541_6643db,2026-02-09,000650.SZ,100,100,150.120722,146.503422,-361.73,25
20260815_150541_6643db,2026-02-09,600866.SH,100,100,114.48162,119.259988,477.8368,25
20260815_150541_6643db,2026-02-09,301559.SZ,800,800,17.78528,20.049408,1811.3024,25
20260815_150541_6643db,2026-02-09,000915.SZ,100,100,133.677822,128.52915,-514.8672,25
20260815_150541_6643db,2026-02-09,600004.SH,500,500,25.429962,25.612992,91.515,25
20260815_150541_6643db,2026-02-09,600273.SH,800,800,18.924506,24.387529,4370.4184,25
20260815_150541_6643db,2026-02-10,601033.SH,900,900,16.463424,16.39985,-57.2166,26
20260815_150541_6643db,2026-02-10,002746.SZ,500,500,28.599639,30.205532,802.9465,26
20260815_150541_6643db,2026-02-10,000650.SZ,100,100,150.120722,146.013444,-410.7278,26
20260815_150541_6643db,2026-02-10,600866.SH,100,100,114.48162,118.439768,395.8148,26
20260815_150541_6643db,2026-02-10,301559.SZ,800,800,17.78528,19.587744,1441.9712,26
20260815_150541_6643db,2026-02-10,000915.SZ,100,100,133.677822,129.445792,-423.203,26
20260815_150541_6643db,2026-02-10,600004.SH,500,500,25.429962,25.559296,64.667,26
20260815_150541_6643db,2026-02-10,600273.SH,800,800,18.924506,24.992357,4854.2808,26
20260815_150541_6643db,2026-02-11,601033.SH,900,900,16.463424,16.39985,-57.2166,27
20260815_150541_6643db,2026-02-11,002746.SZ,500,500,28.599639,30.205532,802.9465,27
20260815_150541_6643db,2026-02-11,000650.SZ,100,100,150.120722,145.768455,-435.2267,27
20260815_150541_6643db,2026-02-11,600866.SH,100,100,114.48162,119.916164,543.4544,27
20260815_150541_6643db,2026-02-11,301559.SZ,800,800,17.78528,19.653696,1494.7328,27
20260815_150541_6643db,2026-02-11,000915.SZ,100,100,133.677822,129.206668,-447.1154,27
20260815_150541_6643db,2026-02-11,600004.SH,500,500,25.429962,25.559296,64.667,27
20260815_150541_6643db,2026-02-11,600273.SH,800,800,18.924506,25.251569,5061.6504,27
20260815_150541_6643db,2026-02-12,601033.SH,900,900,16.463424,16.270802,-173.3598,28
20260815_150541_6643db,2026-02-12,002746.SZ,500,500,28.599639,29.642696,521.5285,28
20260815_150541_6643db,2026-02-12,000650.SZ,100,100,150.120722,144.298521,-582.2201,28
20260815_150541_6643db,2026-02-12,600866.SH,100,100,114.48162,118.767856,428.6236,28
20260815_150541_6643db,2026-02-12,301559.SZ,800,800,17.78528,19.543776,1406.7968,28
20260815_150541_6643db,2026-02-12,000915.SZ,100,100,133.677822,127.373384,-630.4438,28
20260815_150541_6643db,2026-02-12,600004.SH,500,500,25.429962,25.344512,-42.725,28
20260815_150541_6643db,2026-02-12,600273.SH,800,800,18.924506,25.467579,5234.4584,28
20260815_150541_6643db,2026-02-13,601033.SH,900,900,16.463424,16.098738,-328.2174,29
20260815_150541_6643db,2026-02-13,002746.SZ,500,500,28.599639,29.032957,216.659,29
20260815_150541_6643db,2026-02-13,000650.SZ,100,100,150.120722,143.073576,-704.7146,29
20260815_150541_6643db,2026-02-13,600866.SH,100,100,114.48162,116.799328,231.7708,29
20260815_150541_6643db,2026-02-13,301559.SZ,800,800,17.78528,19.653696,1494.7328,29
20260815_150541_6643db,2026-02-13,000915.SZ,100,100,133.677822,127.13426,-654.3562,29
20260815_150541_6643db,2026-02-13,600004.SH,500,500,25.429962,25.156576,-136.693,29
20260815_150541_6643db,2026-02-13,600273.SH,800,800,18.924506,24.949155,4819.7192,29
20260815_150541_6643db,2026-02-24,601033.SH,900,900,16.463424,16.389096,-66.8952,30
20260815_150541_6643db,2026-02-24,002746.SZ,500,500,28.599639,29.595793,498.077,30
20260815_150541_6643db,2026-02-24,000650.SZ,100,100,150.120722,144.54351,-557.7212,30
20260815_150541_6643db,2026-02-24,600866.SH,100,100,114.48162,119.75212,527.05,30
20260815_150541_6643db,2026-02-24,301559.SZ,800,800,17.78528,19.862544,1661.8112,30
20260815_150541_6643db,2026-02-24,000915.SZ,100,100,133.677822,127.652362,-602.546,30
20260815_150541_6643db,2026-02-24,600004.SH,500,500,25.429962,25.23712,-96.421,30
20260815_150541_6643db,2026-02-24,600273.SH,800,800,18.924506,25.834796,5528.232,30
20260815_150541_6643db,2026-02-25,601033.SH,900,900,16.463424,16.367588,-86.2524,31
20260815_150541_6643db,2026-02-25,002746.SZ,500,500,28.599639,29.877211,638.786,31
20260815_150541_6643db,2026-02-25,000650.SZ,100,100,150.120722,145.278477,-484.2245,31
20260815_150541_6643db,2026-02-25,600866.SH,100,100,114.48162,124.837484,1035.5864,31
20260815_150541_6643db,2026-02-25,301559.SZ,800,800,17.78528,19.95048,1732.16,31
20260815_150541_6643db,2026-02-25,000915.SZ,100,100,133.677822,128.489296,-518.8526,31
20260815_150541_6643db,2026-02-25,600004.SH,500,500,25.429962,25.290816,-69.573,31
20260815_150541_6643db,2026-02-25,600273.SH,800,800,18.924506,25.553983,5303.5816,31
20260815_150541_6643db,2026-02-26,601033.SH,900,900,16.463424,16.593422,116.9982,32
20260815_150541_6643db,2026-02-26,002746.SZ,500,500,28.599639,29.971017,685.689,32
20260815_150541_6643db,2026-02-26,000650.SZ,100,100,150.120722,145.278477,-484.2245,32
20260815_150541_6643db,2026-02-26,600866.SH,100,100,114.48162,125.821748,1134.0128,32
20260815_150541_6643db,2026-02-26,301559.SZ,800,800,17.78528,19.851552,1653.0176,32
20260815_150541_6643db,2026-02-26,000915.SZ,100,100,133.677822,128.13061,-554.7212,32
20260815_150541_6643db,2026-02-26,600004.SH,500,500,25.429962,25.210272,-109.845,32
20260815_150541_6643db,2026-02-26,600273.SH,800,800,18.924506,24.862751,4750.596,32
20260815_150541_6643db,2026-02-27,601033.SH,900,900,16.463424,16.72247,233.1414,33
20260815_150541_6643db,2026-02-27,002746.SZ,500,500,28.599639,30.299338,849.8495,33
20260815_150541_6643db,2026-02-27,000650.SZ,100,100,150.120722,147.483378,-263.7344,33
20260815_150541_6643db,2026-02-27,600866.SH,100,100,114.48162,125.985792,1150.4172,33
20260815_150541_6643db,2026-02-27,301559.SZ,800,800,17.78528,20.071392,1828.8896,33
20260815_150541_6643db,2026-02-27,000915.SZ,100,100,133.677822,128.52915,-514.8672,33
20260815_150541_6643db,2026-02-27,600004.SH,500,500,25.429962,25.23712,-96.421,33
20260815_150541_6643db,2026-02-27,600273.SH,800,800,18.924506,24.970756,4837.0,33
20260815_150541_6643db,2026-03-02,601033.SH,900,900,16.463424,16.700962,213.7842,34
20260815_150541_6643db,2026-03-02,002746.SZ,500,500,28.599639,30.299338,849.8495,34
20260815_150541_6643db,2026-03-02,000650.SZ,100,100,150.120722,145.033488,-508.7234,34
20260815_150541_6643db,2026-03-02,600866.SH,100,100,114.48162,127.790276,1330.8656,34
20260815_150541_6643db,2026-03-02,301559.SZ,800,800,17.78528,20.379168,2075.1104,34
20260815_150541_6643db,2026-03-02,000915.SZ,100,100,133.677822,127.73207,-594.5752,34
20260815_150541_6643db,2026-03-02,600004.SH,500,500,25.429962,24.8344,-297.781,34
20260815_150541_6643db,2026-03-02,600273.SH,800,800,18.924506,24.970756,4837.0,34
20260815_150541_6643db,2026-03-03,601033.SH,900,900,16.463424,16.550406,78.2838,35
20260815_150541_6643db,2026-03-03,002746.SZ,500,500,28.599639,29.924114,662.2375,35
20260815_150541_6643db,2026-03-03,000650.SZ,100,100,150.120722,143.073576,-704.7146,35
20260815_150541_6643db,2026-03-03,600866.SH,100,100,114.48162,126.31388,1183.226,35
20260815_150541_6643db,2026-03-03,301559.SZ,800,800,17.78528,20.071392,1828.8896,35
20260815_150541_6643db,2026-03-03,000915.SZ,100,100,133.677822,128.569004,-510.8818,35
20260815_150541_6643db,2026-03-03,600004.SH,500,500,25.429962,24.539072,-445.445,35
20260815_150541_6643db,2026-03-03,600273.SH,800,800,18.924506,23.588292,3731.0288,35
20260815_150541_6643db,2026-03-04,601033.SH,900,900,16.463424,16.464374,0.855,36
20260815_150541_6643db,2026-03-04,002746.SZ,500,500,28.599639,29.783405,591.883,36
20260815_150541_6643db,2026-03-04,000650.SZ,100,100,150.120722,140.133708,-998.7014,36
20260815_150541_6643db,2026-03-04,600866.SH,100,100,114.48162,125.001528,1051.9908,36
20260815_150541_6643db,2026-03-04,301559.SZ,800,800,17.78528,19.378896,1274.8928,36
20260815_150541_6643db,2026-03-04,000915.SZ,100,100,133.677822,126.496596,-718.1226,36
20260815_150541_6643db,2026-03-04,600004.SH,500,500,25.429962,24.243744,-593.109,36
20260815_150541_6643db,2026-03-04,600273.SH,800,800,18.924506,23.156272,3385.4128,36
20260815_150541_6643db,2026-03-05,601033.SH,900,900,16.463424,16.582668,107.3196,37
20260815_150541_6643db,2026-03-05,002746.SZ,500,500,28.599639,29.361278,380.8195,37
20260815_150541_6643db,2026-03-05,000650.SZ,100,100,150.120722,141.113664,-900.7058,37
20260815_150541_6643db,2026-03-05,600866.SH,100,100,114.48162,124.509396,1002.7776,37
20260815_150541_6643db,2026-03-05,301559.SZ,800,800,17.78528,19.642704,1485.9392,37
20260815_150541_6643db,2026-03-05,000915.SZ,100,100,133.677822,126.656012,-702.181,37
20260815_150541_6643db,2026-03-05,600004.SH,500,500,25.429962,24.324288,-552.837,37
20260815_150541_6643db,2026-03-05,600273.SH,800,800,18.924506,23.264277,3471.8168,37
20260815_150541_6643db,2026-03-06,601033.SH,900,900,16.463424,17.09886,571.8924,38
20260815_150541_6643db,2026-03-06,002746.SZ,500,500,28.599639,30.346241,873.301,38
20260815_150541_6643db,2026-03-06,000650.SZ,100,100,150.120722,144.788499,-533.2223,38
20260815_150541_6643db,2026-03-06,600866.SH,100,100,114.48162,128.446452,1396.4832,38
20260815_150541_6643db,2026-03-06,301559.SZ,800,800,17.78528,20.137344,1881.6512,38
20260815_150541_6643db,2026-03-06,000915.SZ,100,100,133.677822,128.92769,-475.0132,38
20260815_150541_6643db,2026-03-06,600004.SH,500,500,25.429962,24.539072,-445.445,38
20260815_150541_6643db,2026-03-06,600273.SH,800,800,18.924506,24.19312,4214.8912,38
20260815_150541_6643db,2026-03-09,601033.SH,900,900,16.463424,17.09886,571.8924,39
20260815_150541_6643db,2026-03-09,002746.SZ,500,500,28.599639,30.205532,802.9465,39
20260815_150541_6643db,2026-03-09,000650.SZ,100,100,150.120722,144.053532,-606.719,39
20260815_150541_6643db,2026-03-09,600866.SH,100,100,114.48162,126.149836,1166.8216,39
20260815_150541_6643db,2026-03-09,301559.SZ,800,800,17.78528,20.027424,1793.7152,39
20260815_150541_6643db,2026-03-09,000915.SZ,100,100,133.677822,128.489296,-518.8526,39
20260815_150541_6643db,2026-03-09,600004.SH,500,500,25.429962,24.29744,-566.261,39
20260815_150541_6643db,2026-03-09,600273.SH,800,800,18.924506,22.853858,3143.4816,39
20260815_150541_6643db,2026-03-10,601033.SH,900,900,16.463424,17.217154,678.357,40
20260815_150541_6643db,2026-03-10,002746.SZ,500,500,28.599639,30.299338,849.8495,40
20260815_150541_6643db,2026-03-10,000650.SZ,100,100,150.120722,144.788499,-533.2223,40
20260815_150541_6643db,2026-03-10,600866.SH,100,100,114.48162,124.837484,1035.5864,40
20260815_150541_6643db,2026-03-10,301559.SZ,800,800,17.78528,20.3352,2039.936,40
20260815_150541_6643db,2026-03-10,000915.SZ,100,100,133.677822,131.279076,-239.8746,40
20260815_150541_6643db,2026-03-10,600004.SH,500,500,25.429962,24.512224,-458.869,40
20260815_150541_6643db,2026-03-10,600273.SH,800,800,18.924506,22.940262,3212.6048,40
20260815_150541_6643db,2026-03-11,601033.SH,900,900,16.463424,17.507512,939.6792,41
20260815_150541_6643db,2026-03-11,002746.SZ,500,500,28.599639,30.48695,943.6555,41
20260815_150541_6643db,2026-03-11,000650.SZ,100,100,150.120722,144.788499,-533.2223,41
20260815_150541_6643db,2026-03-11,600866.SH,100,100,114.48162,133.367772,1888.6152,41
20260815_150541_6643db,2026-03-11,301559.SZ,800,800,17.78528,20.599008,2250.9824,41
20260815_150541_6643db,2026-03-11,000915.SZ,100,100,133.677822,131.478346,-219.9476,41
20260815_150541_6643db,2026-03-11,600004.SH,500,500,25.429962,24.56592,-432.021,41
20260815_150541_6643db,2026-03-11,600273.SH,800,800,18.924506,23.091469,3333.5704,41
20260815_150541_6643db,2026-03-12,601033.SH,900,900,16.463424,17.593544,1017.108,42
20260815_150541_6643db,2026-03-12,002746.SZ,500,500,28.599639,30.862174,1131.2675,42
20260815_150541_6643db,2026-03-12,000650.SZ,100,100,150.120722,144.788499,-533.2223,42
20260815_150541_6643db,2026-03-12,600866.SH,100,100,114.48162,131.727332,1724.5712,42
20260815_150541_6643db,2026-03-12,301559.SZ,800,800,17.78528,20.192304,1925.6192,42
20260815_150541_6643db,2026-03-12,000915.SZ,100,100,133.677822,132.076156,-160.1666,42
20260815_150541_6643db,2026-03-12,600004.SH,500,500,25.429962,24.619616,-405.173,42
20260815_150541_6643db,2026-03-12,600273.SH,800,800,18.924506,22.767454,3074.3584,42
20260815_150541_6643db,2026-03-13,601033.SH,900,900,16.463424,17.486004,920.322,43
20260815_150541_6643db,2026-03-13,002746.SZ,500,500,28.599639,30.393144,896.7525,43
20260815_150541_6643db,2026-03-13,000650.SZ,100,100,150.120722,145.033488,-508.7234,43
20260815_150541_6643db,2026-03-13,600866.SH,100,100,114.48162,132.05542,1757.38,43
20260815_150541_6643db,2026-03-13,301559.SZ,800,800,17.78528,19.84056,1644.224,43
20260815_150541_6643db,2026-03-13,000915.SZ,100,100,133.677822,131.91674,-176.1082,43
20260815_150541_6643db,2026-03-13,600004.SH,500,500,25.429962,24.70016,-364.901,43
20260815_150541_6643db,2026-03-13,600273.SH,800,800,18.924506,22.205828,2625.0576,43
20260815_150541_6643db,2026-03-16,601033.SH,900,900,16.463424,17.356956,804.1788,44
20260815_150541_6643db,2026-03-16,002746.SZ,500,500,28.599639,30.299338,849.8495,44
20260815_150541_6643db,2026-03-16,000650.SZ,100,100,150.120722,145.278477,-484.2245,44
20260815_150541_6643db,2026-03-16,600866.SH,100,100,114.48162,131.891376,1740.9756,44
20260815_150541_6643db,2026-03-16,301559.SZ,800,800,17.78528,19.906512,1696.9856,44
20260815_150541_6643db,2026-03-16,000915.SZ,100,100,133.677822,133.391338,-28.6484,44
20260815_150541_6643db,2026-03-16,600004.SH,500,500,25.429962,24.70016,-364.901,44
20260815_150541_6643db,2026-03-16,600273.SH,800,800,18.924506,21.925015,2400.4072,44
20260815_150541_6643db,2026-03-17,601033.SH,900,900,16.463424,17.217154,678.357,45
20260815_150541_6643db,2026-03-17,002746.SZ,500,500,28.599639,29.783405,591.883,45
20260815_150541_6643db,2026-03-17,000650.SZ,100,100,150.120722,144.298521,-582.2201,45
20260815_150541_6643db,2026-03-17,600866.SH,100,100,114.48162,127.95432,1347.27,45
20260815_150541_6643db,2026-03-17,301559.SZ,800,800,17.78528,19.29096,1204.544,45
20260815_150541_6643db,2026-03-17,000915.SZ,100,100,133.677822,134.268126,59.0304,45
20260815_150541_6643db,2026-03-17,600004.SH,500,500,25.429962,24.727008,-351.477,45
20260815_150541_6643db,2026-03-17,600273.SH,800,800,18.924506,21.38499,1968.3872,45
20260815_150541_6643db,2026-03-18,601033.SH,900,900,16.463424,17.227908,688.0356,46
20260815_150541_6643db,2026-03-18,002746.SZ,500,500,28.599639,29.689599,544.98,46
20260815_150541_6643db,2026-03-18,000650.SZ,100,100,150.120722,144.298521,-582.2201,46
20260815_150541_6643db,2026-03-18,600866.SH,100,100,114.48162,128.610496,1412.8876,46
20260815_150541_6643db,2026-03-18,301559.SZ,800,800,17.78528,19.521792,1389.2096,46
20260815_150541_6643db,2026-03-18,000915.SZ,100,100,133.677822,132.355134,-132.2688,46
20260815_150541_6643db,2026-03-18,600004.SH,500,500,25.429962,24.539072,-445.445,46
20260815_150541_6643db,2026-03-18,600273.SH,800,800,18.924506,21.363389,1951.1064,46
20260815_150541_6643db,2026-03-19,601033.SH,900,900,16.463424,17.15263,620.2854,47
20260815_150541_6643db,2026-03-19,002746.SZ,500,500,28.599639,29.361278,380.8195,47
20260815_150541_6643db,2026-03-19,000650.SZ,100,100,150.120722,140.868675,-925.2047,47
20260815_150541_6643db,2026-03-19,600866.SH,100,100,114.48162,124.837484,1035.5864,47
20260815_150541_6643db,2026-03-19,301559.SZ,800,800,17.78528,19.005168,975.9104,47
20260815_150541_6643db,2026-03-19,000915.SZ,100,100,133.677822,130.52185,-315.5972,47
20260815_150541_6643db,2026-03-19,600004.SH,500,500,25.429962,24.324288,-552.837,47
20260815_150541_6643db,2026-03-19,600273.SH,800,800,18.924506,20.110531,948.82,47
20260815_150541_6643db,2026-03-20,601033.SH,900,900,16.463424,17.249416,707.3928,48
20260815_150541_6643db,2026-03-20,002746.SZ,500,500,28.599639,28.704636,52.4985,48
20260815_150541_6643db,2026-03-20,000650.SZ,100,100,150.120722,138.663774,-1145.6948,48
20260815_150541_6643db,2026-03-20,600866.SH,100,100,114.48162,122.21278,773.116,48
20260815_150541_6643db,2026-03-20,301559.SZ,800,800,17.78528,18.400608,492.2624,48
20260815_150541_6643db,2026-03-20,000915.SZ,100,100,133.677822,130.083456,-359.4366,48
20260815_150541_6643db,2026-03-20,600004.SH,500,500,25.429962,24.270592,-579.685,48
20260815_150541_6643db,2026-03-20,600273.SH,800,800,18.924506,19.700112,620.4848,48
20260815_150541_6643db,2026-03-23,601033.SH,900,900,16.463424,16.496636,29.8908,49
20260815_150541_6643db,2026-03-23,002746.SZ,500,500,28.599639,26.781613,-909.013,49
20260815_150541_6643db,2026-03-23,000650.SZ,100,100,150.120722,130.824126,-1929.6596,49
20260815_150541_6643db,2026-03-23,600866.SH,100,100,114.48162,113.846536,-63.5084,49
20260815_150541_6643db,2026-03-23,301559.SZ,800,800,17.78528,16.663872,-897.1264,49
20260815_150541_6643db,2026-03-23,000915.SZ,100,100,133.677822,123.228568,-1044.9254,49
20260815_150541_6643db,2026-03-23,600004.SH,500,500,25.429962,23.35776,-1036.101,49
20260815_150541_6643db,2026-03-23,600273.SH,800,800,18.924506,18.663264,-208.9936,49
20260815_150541_6643db,2026-03-24,601033.SH,1100,900,16.504536,17.249416,819.368,50
20260815_150541_6643db,2026-03-24,002746.SZ,700,500,28.197111,27.250643,-662.5276,50
20260815_150541_6643db,2026-03-24,600866.SH,100,100,114.48162,117.127416,264.5796,50
20260815_150541_6643db,2026-03-24,301559.SZ,1100,800,17.587177,17.191488,-435.2579,50
20260815_150541_6643db,2026-03-24,000915.SZ,100,100,133.677822,126.576304,-710.1518,50
20260815_150541_6643db,2026-03-24,600273.SH,1000,800,18.946134,19.22489,278.756,50
20260815_150541_6643db,2026-03-25,601033.SH,1100,1100,16.504536,17.79787,1422.6674,51
20260815_150541_6643db,2026-03-25,002746.SZ,700,700,28.197111,27.578964,-432.7029,51
20260815_150541_6643db,2026-03-25,600866.SH,100,100,114.48162,119.424032,494.2412,51
20260815_150541_6643db,2026-03-25,301559.SZ,1100,1100,17.587177,17.510256,-84.6131,51
20260815_150541_6643db,2026-03-25,000915.SZ,100,100,133.677822,126.73572,-694.2102,51
20260815_150541_6643db,2026-03-25,600273.SH,1000,1000,18.946134,19.505703,559.569,51
20260815_150541_6643db,2026-03-26,601033.SH,1100,1100,16.504536,17.647314,1257.0558,52
20260815_150541_6643db,2026-03-26,002746.SZ,700,700,28.197111,28.001091,-137.214,52
20260815_150541_6643db,2026-03-26,600866.SH,100,100,114.48162,118.9319,445.028,52
20260815_150541_6643db,2026-03-26,301559.SZ,1100,1100,17.587177,17.235456,-386.8931,52
20260815_150541_6643db,2026-03-26,000915.SZ,100,100,133.677822,124.862582,-881.524,52
20260815_150541_6643db,2026-03-26,600273.SH,1000,1000,18.946134,19.505703,559.569,52
20260815_150541_6643db,2026-03-27,601033.SH,1100,1100,16.504536,17.389218,973.1502,53
20260815_150541_6643db,2026-03-27,002746.SZ,700,700,28.197111,28.61083,289.6033,53
20260815_150541_6643db,2026-03-27,600866.SH,100,100,114.48162,119.916164,543.4544,53
20260815_150541_6643db,2026-03-27,301559.SZ,1100,1100,17.587177,17.323392,-290.1635,53
20260815_150541_6643db,2026-03-27,000915.SZ,100,100,133.677822,126.058202,-761.962,53
20260815_150541_6643db,2026-03-27,600273.SH,1000,1000,18.946134,20.002526,1056.392,53
20260815_150541_6643db,2026-03-30,601033.SH,1100,1100,16.504536,16.324572,-197.9604,54
20260815_150541_6643db,2026-03-30,002746.SZ,700,700,28.197111,28.563927,256.7712,54
20260815_150541_6643db,2026-03-30,600866.SH,100,100,114.48162,119.916164,543.4544,54
20260815_150541_6643db,2026-03-30,301559.SZ,1100,1100,17.587177,17.598192,12.1165,54
20260815_150541_6643db,2026-03-30,000915.SZ,100,100,133.677822,124.623458,-905.4364,54
20260815_150541_6643db,2026-03-30,600273.SH,1000,1000,18.946134,20.002526,1056.392,54
20260815_150541_6643db,2026-03-31,601033.SH,1100,1100,16.504536,15.991198,-564.6718,55
20260815_150541_6643db,2026-03-31,002746.SZ,700,700,28.197111,27.954188,-170.0461,55
20260815_150541_6643db,2026-03-31,600866.SH,100,100,114.48162,116.963372,248.1752,55
20260815_150541_6643db,2026-03-31,301559.SZ,1100,1100,17.587177,17.488272,-108.7955,55
20260815_150541_6643db,2026-03-31,000915.SZ,100,100,133.677822,124.304626,-937.3196,55
20260815_150541_6643db,2026-03-31,600273.SH,1000,1000,18.946134,19.721713,775.579,55
20260815_150541_6643db,2026-04-01,601033.SH,1100,1100,16.504536,15.980444,-576.5012,56
20260815_150541_6643db,2026-04-01,002746.SZ,700,700,28.197111,28.517024,223.9391,56
20260815_150541_6643db,2026-04-01,600866.SH,100,100,114.48162,119.75212,527.05,56
20260815_150541_6643db,2026-04-01,301559.SZ,1100,1100,17.587177,17.741088,169.3021,56
20260815_150541_6643db,2026-04-01,000915.SZ,100,100,133.677822,127.971194,-570.6628,56
20260815_150541_6643db,2026-04-01,600273.SH,1000,1000,18.946134,20.002526,1056.392,56
20260815_150541_6643db,2026-04-02,000915.SZ,100,100,133.677822,127.652362,-602.546,57
20260815_150541_6643db,2026-04-02,601916.SH,3600,0,4.130073,4.111074,-68.3964,1
20260815_150541_6643db,2026-04-02,601939.SH,600,0,23.582627,23.877192,176.739,1
20260815_150541_6643db,2026-04-02,001227.SZ,5600,0,2.676923,2.66175,-84.9688,1
20260815_150541_6643db,2026-04-02,603323.SH,1500,0,10.044655,10.01168,-49.4625,1
20260815_150541_6643db,2026-04-02,603128.SH,800,0,18.914393,18.58986,-259.6264,1
20260815_150541_6643db,2026-04-02,600572.SH,100,0,76.995463,77.589,59.3537,1
20260815_150541_6643db,2026-04-02,600908.SH,1900,0,7.651224,7.6551,7.3644,1
20260815_150541_6643db,2026-04-03,000915.SZ,100,100,133.677822,124.224918,-945.2904,58
20260815_150541_6643db,2026-04-03,601916.SH,3600,3600,4.130073,4.097232,-118.2276,2
20260815_150541_6643db,2026-04-03,601939.SH,600,600,23.582627,23.42856,-92.4402,2
20260815_150541_6643db,2026-04-03,001227.SZ,5600,5600,2.676923,2.63809,-217.4648,2
20260815_150541_6643db,2026-04-03,603323.SH,1500,1500,10.044655,9.868656,-263.9985,2
20260815_150541_6643db,2026-04-03,603128.SH,800,800,18.914393,18.25551,-527.1064,2
20260815_150541_6643db,2026-04-03,600572.SH,100,100,76.995463,75.8648,-113.0663,2
20260815_150541_6643db,2026-04-03,600908.SH,1900,1900,7.651224,7.60138,-94.7036,2
20260815_150541_6643db,2026-04-07,000915.SZ,100,100,133.677822,123.427838,-1024.9984,59
20260815_150541_6643db,2026-04-07,601916.SH,3600,3600,4.130073,4.069548,-217.89,3
20260815_150541_6643db,2026-04-07,601939.SH,600,600,23.582627,22.955004,-376.5738,3
20260815_150541_6643db,2026-04-07,001227.SZ,5600,5600,2.676923,2.62626,-283.7128,3
20260815_150541_6643db,2026-04-07,603323.SH,1500,1500,10.044655,9.786928,-386.5905,3
20260815_150541_6643db,2026-04-07,603128.SH,800,800,18.914393,18.38925,-420.1144,3
20260815_150541_6643db,2026-04-07,600572.SH,100,100,76.995463,76.03722,-95.8243,3
20260815_150541_6643db,2026-04-07,600908.SH,1900,1900,7.651224,7.53423,-222.2886,3
20260815_150541_6643db,2026-04-08,000915.SZ,100,100,133.677822,126.217618,-746.0204,60
20260815_150541_6643db,2026-04-08,601916.SH,3600,3600,4.130073,4.124916,-18.5652,4
20260815_150541_6643db,2026-04-08,601939.SH,600,600,23.582627,23.17932,-241.9842,4
20260815_150541_6643db,2026-04-08,001227.SZ,5600,5600,2.676923,2.66175,-84.9688,4
20260815_150541_6643db,2026-04-08,603323.SH,1500,1500,10.044655,9.970816,-110.7585,4
20260815_150541_6643db,2026-04-08,603128.SH,800,800,18.914393,18.85734,-45.6424,4
20260815_150541_6643db,2026-04-08,600572.SH,100,100,76.995463,76.55448,-44.0983,4
20260815_150541_6643db,2026-04-08,600908.SH,1900,1900,7.651224,7.68196,58.3984,4
20260815_150541_6643db,2026-04-09,000915.SZ,100,100,133.677822,124.703166,-897.4656,61
20260815_150541_6643db,2026-04-09,601916.SH,3600,3600,4.130073,4.111074,-68.3964,5
20260815_150541_6643db,2026-04-09,601939.SH,600,600,23.582627,23.104548,-286.8474,5
20260815_150541_6643db,2026-04-09,001227.SZ,5600,5600,2.676923,2.63809,-217.4648,5
20260815_150541_6643db,2026-04-09,603323.SH,1500,1500,10.044655,9.80736,-355.9425,5
20260815_150541_6643db,2026-04-09,603128.SH,800,800,18.914393,18.556425,-286.3744,5
20260815_150541_6643db,2026-04-09,600572.SH,100,100,76.995463,76.03722,-95.8243,5
20260815_150541_6643db,2026-04-09,600908.SH,1900,1900,7.651224,7.54766,-196.7716,5
20260815_150541_6643db,2026-04-10,000915.SZ,100,100,133.677822,125.898786,-777.9036,62
20260815_150541_6643db,2026-04-10,601916.SH,3600,3600,4.130073,4.111074,-68.3964,6
20260815_150541_6643db,2026-04-10,601939.SH,600,600,23.582627,23.029776,-331.7106,6
20260815_150541_6643db,2026-04-10,001227.SZ,5600,5600,2.676923,2.63809,-217.4648,6
20260815_150541_6643db,2026-04-10,603323.SH,1500,1500,10.044655,9.827792,-325.2945,6
20260815_150541_6643db,2026-04-10,603128.SH,800,800,18.914393,18.957645,34.6016,6
20260815_150541_6643db,2026-04-10,600572.SH,100,100,76.995463,76.20964,-78.5823,6
20260815_150541_6643db,2026-04-10,600908.SH,1900,1900,7.651224,7.54766,-196.7716,6
20260815_150541_6643db,2026-04-13,000915.SZ,100,100,133.677822,123.34813,-1032.9692,63
20260815_150541_6643db,2026-04-13,601916.SH,3600,3600,4.130073,4.097232,-118.2276,7
20260815_150541_6643db,2026-04-13,601939.SH,600,600,23.582627,23.229168,-212.0754,7
20260815_150541_6643db,2026-04-13,001227.SZ,5600,5600,2.676923,2.62626,-283.7128,7
20260815_150541_6643db,2026-04-13,603323.SH,1500,1500,10.044655,9.766496,-417.2385,7
20260815_150541_6643db,2026-04-13,603128.SH,800,800,18.914393,18.7236,-152.6344,7
20260815_150541_6643db,2026-04-13,600572.SH,100,100,76.995463,75.0027,-199.2763,7
20260815_150541_6643db,2026-04-13,600908.SH,1900,1900,7.651224,7.49394,-298.8396,7
20260815_150541_6643db,2026-04-14,000915.SZ,100,100,133.677822,123.5474,-1013.0422,64
20260815_150541_6643db,2026-04-14,601916.SH,3600,3600,4.130073,4.138758,31.266,8
20260815_150541_6643db,2026-04-14,601939.SH,600,600,23.582627,23.328864,-152.2578,8
20260815_150541_6643db,2026-04-14,001227.SZ,5600,5600,2.676923,2.64992,-151.2168,8
20260815_150541_6643db,2026-04-14,603323.SH,1500,1500,10.044655,9.827792,-325.2945,8
20260815_150541_6643db,2026-04-14,603128.SH,800,800,18.914393,18.7236,-152.6344,8
20260815_150541_6643db,2026-04-14,600572.SH,100,100,76.995463,75.17512,-182.0343,8
20260815_150541_6643db,2026-04-14,600908.SH,1900,1900,7.651224,7.57452,-145.7376,8
20260815_150541_6643db,2026-04-15,000915.SZ,100,100,133.677822,124.54375,-913.4072,65
20260815_150541_6643db,2026-04-15,601916.SH,3600,3600,4.130073,4.180284,180.7596,9
20260815_150541_6643db,2026-04-15,601939.SH,600,600,23.582627,23.578104,-2.7138,9
20260815_150541_6643db,2026-04-15,001227.SZ,5600,5600,2.676923,2.64992,-151.2168,9
20260815_150541_6643db,2026-04-15,603323.SH,1500,1500,10.044655,9.929952,-172.0545,9
20260815_150541_6643db,2026-04-15,603128.SH,800,800,18.914393,18.823905,-72.3904,9
20260815_150541_6643db,2026-04-15,600572.SH,100,100,76.995463,82.7616,576.6137,9
20260815_150541_6643db,2026-04-15,600908.SH,1900,1900,7.651224,7.64167,-18.1526,9
20260815_150541_6643db,2026-04-16,000915.SZ,100,100,133.677822,125.978494,-769.9328,66
20260815_150541_6643db,2026-04-16,601916.SH,3600,3600,4.130073,4.180284,180.7596,10
20260815_150541_6643db,2026-04-16,601939.SH,600,600,23.582627,23.55318,-17.6682,10
20260815_150541_6643db,2026-04-16,001227.SZ,5600,5600,2.676923,2.64992,-151.2168,10
20260815_150541_6643db,2026-04-16,603323.SH,1500,1500,10.044655,9.929952,-172.0545,10
20260815_150541_6643db,2026-04-16,603128.SH,800,800,18.914393,18.92421,7.8536,10
20260815_150541_6643db,2026-04-16,600572.SH,100,100,76.995463,85.17548,818.0017,10
20260815_150541_6643db,2026-04-16,600908.SH,1900,1900,7.651224,7.61481,-69.1866,10
20260815_150541_6643db,2026-04-17,000915.SZ,100,100,133.677822,124.94229,-873.5532,67
20260815_150541_6643db,2026-04-17,601916.SH,3600,3600,4.130073,4.180284,180.7596,11
20260815_150541_6643db,2026-04-17,601939.SH,600,600,23.582627,23.453484,-77.4858,11
20260815_150541_6643db,2026-04-17,001227.SZ,5600,5600,2.676923,2.63809,-217.4648,11
20260815_150541_6643db,2026-04-17,603323.SH,1500,1500,10.044655,9.90952,-202.7025,11
20260815_150541_6643db,2026-04-17,603128.SH,800,800,18.914393,18.823905,-72.3904,11
20260815_150541_6643db,2026-04-17,600572.SH,100,100,76.995463,80.69256,369.7097,11
20260815_150541_6643db,2026-04-17,600908.SH,1900,1900,7.651224,7.58795,-120.2206,11
20260815_150541_6643db,2026-04-20,000915.SZ,100,100,133.677822,124.583604,-909.4218,68
20260815_150541_6643db,2026-04-20,601916.SH,3600,3600,4.130073,4.1526,81.0972,12
20260815_150541_6643db,2026-04-20,601939.SH,600,600,23.582627,24.251052,401.055,12
20260815_150541_6643db,2026-04-20,001227.SZ,5600,5600,2.676923,2.63809,-217.4648,12
20260815_150541_6643db,2026-04-20,603323.SH,1500,1500,10.044655,9.970816,-110.7585,12
20260815_150541_6643db,2026-04-20,603128.SH,800,800,18.914393,18.823905,-72.3904,12
20260815_150541_6643db,2026-04-20,600572.SH,100,100,76.995463,81.0374,404.1937,12
20260815_150541_6643db,2026-04-20,600908.SH,1900,1900,7.651224,7.61481,-69.1866,12
20260815_150541_6643db,2026-04-21,000915.SZ,100,100,133.677822,124.34448,-933.3342,69
20260815_150541_6643db,2026-04-21,601916.SH,3600,3600,4.130073,4.138758,31.266,13
20260815_150541_6643db,2026-04-21,601939.SH,600,600,23.582627,24.55014,580.5078,13
20260815_150541_6643db,2026-04-21,001227.SZ,5600,5600,2.676923,2.63809,-217.4648,13
20260815_150541_6643db,2026-04-21,603323.SH,1500,1500,10.044655,10.093408,73.1295,13
20260815_150541_6643db,2026-04-21,603128.SH,800,800,18.914393,18.79047,-99.1384,13
20260815_150541_6643db,2026-04-21,600572.SH,100,100,76.995463,79.3132,231.7737,13
20260815_150541_6643db,2026-04-21,600908.SH,1900,1900,7.651224,7.68196,58.3984,13
20260815_150541_6643db,2026-04-22,000915.SZ,100,100,133.677822,120.239518,-1343.8304,70
20260815_150541_6643db,2026-04-22,601916.SH,3600,3600,4.130073,4.111074,-68.3964,14
20260815_150541_6643db,2026-04-22,601939.SH,600,600,23.582627,24.400596,490.7814,14
20260815_150541_6643db,2026-04-22,001227.SZ,5600,5600,2.676923,2.64992,-151.2168,14
20260815_150541_6643db,2026-04-22,603323.SH,1500,1500,10.044655,10.154704,165.0735,14
20260815_150541_6643db,2026-04-22,603128.SH,800,800,18.914393,18.690165,-179.3824,14
20260815_150541_6643db,2026-04-22,600572.SH,100,100,76.995463,79.3132,231.7737,14
20260815_150541_6643db,2026-04-22,600908.SH,1900,1900,7.651224,7.70882,109.4324,14
20260815_150541_6643db,2026-04-23,601916.SH,4200,3600,4.128093,4.124916,-13.3434,15
20260815_150541_6643db,2026-04-23,601939.SH,700,600,23.686013,24.251052,395.5273,15
20260815_150541_6643db,2026-04-23,001227.SZ,6500,5600,2.672003,2.66175,-66.6445,15
20260815_150541_6643db,2026-04-23,603323.SH,1700,1500,10.056689,10.277296,375.0319,15
20260815_150541_6643db,2026-04-23,603128.SH,900,800,18.884636,18.65673,-205.1154,15
20260815_150541_6643db,2026-04-23,600572.SH,200,100,77.944959,77.76142,-36.7078,15
20260815_150541_6643db,2026-04-23,600908.SH,2200,1900,7.660392,7.88341,490.6396,15
20260815_150541_6643db,2026-04-24,601916.SH,4200,4200,4.128093,4.097232,-129.6162,16
20260815_150541_6643db,2026-04-24,601939.SH,700,700,23.686013,24.275976,412.9741,16
20260815_150541_6643db,2026-04-24,001227.SZ,6500,6500,2.672003,2.66175,-66.6445,16
20260815_150541_6643db,2026-04-24,603323.SH,1700,1700,10.056689,10.072976,27.6879,16
20260815_150541_6643db,2026-04-24,603128.SH,900,900,18.884636,18.38925,-445.8474,16
20260815_150541_6643db,2026-04-24,600572.SH,200,200,77.944959,78.10626,32.2602,16
20260815_150541_6643db,2026-04-24,600908.SH,2200,2200,7.660392,7.73568,165.6336,16
20260815_150541_6643db,2026-04-27,601916.SH,4200,4200,4.128093,4.097232,-129.6162,17
20260815_150541_6643db,2026-04-27,601939.SH,700,700,23.686013,24.126432,308.2933,17
20260815_150541_6643db,2026-04-27,001227.SZ,6500,6500,2.672003,2.64992,-143.5395,17
20260815_150541_6643db,2026-04-27,603323.SH,1700,1700,10.056689,10.01168,-76.5153,17
20260815_150541_6643db,2026-04-27,603128.SH,900,900,18.884636,18.288945,-536.1219,17
20260815_150541_6643db,2026-04-27,600572.SH,200,200,77.944959,76.38206,-312.5798,17
20260815_150541_6643db,2026-04-27,600908.SH,2200,2200,7.660392,7.66853,17.9036,17
20260815_150541_6643db,2026-04-28,601916.SH,4200,4200,4.128093,4.097232,-129.6162,18
20260815_150541_6643db,2026-04-28,601939.SH,700,700,23.686013,24.42552,517.6549,18
20260815_150541_6643db,2026-04-28,001227.SZ,6500,6500,2.672003,2.64992,-143.5395,18
20260815_150541_6643db,2026-04-28,603323.SH,1700,1700,10.056689,9.991248,-111.2497,18
20260815_150541_6643db,2026-04-28,603128.SH,900,900,18.884636,18.288945,-536.1219,18
20260815_150541_6643db,2026-04-28,600572.SH,200,200,77.944959,76.55448,-278.0958,18
20260815_150541_6643db,2026-04-28,600908.SH,2200,2200,7.660392,7.68196,47.4496,18
20260815_150541_6643db,2026-04-29,601916.SH,4200,4200,4.128093,4.097232,-129.6162,19
20260815_150541_6643db,2026-04-29,601939.SH,700,700,23.686013,24.450444,535.1017,19
20260815_150541_6643db,2026-04-29,001227.SZ,6500,6500,2.672003,2.66175,-66.6445,19
20260815_150541_6643db,2026-04-29,603323.SH,1700,1700,10.056689,10.093408,62.4223,19
20260815_150541_6643db,2026-04-29,603128.SH,900,900,18.884636,18.58986,-265.2984,19
20260815_150541_6643db,2026-04-29,600572.SH,200,200,77.944959,77.07174,-174.6438,19
20260815_150541_6643db,2026-04-29,600908.SH,2200,2200,7.660392,7.73568,165.6336,19
20260815_150541_6643db,2026-04-30,601916.SH,4200,4200,4.128093,4.111074,-71.4798,20
20260815_150541_6643db,2026-04-30,601939.SH,700,700,23.686013,24.79938,779.3569,20
20260815_150541_6643db,2026-04-30,001227.SZ,6500,6500,2.672003,2.63809,-220.4345,20
20260815_150541_6643db,2026-04-30,603323.SH,1700,1700,10.056689,10.154704,166.6255,20
20260815_150541_6643db,2026-04-30,603128.SH,900,900,18.884636,18.65673,-205.1154,20
20260815_150541_6643db,2026-04-30,600572.SH,200,200,77.944959,77.24416,-140.1598,20
20260815_150541_6643db,2026-04-30,600908.SH,2200,2200,7.660392,7.69539,76.9956,20
20260815_150541_6643db,2026-05-06,601916.SH,4200,4200,4.128093,4.124916,-13.3434,21
20260815_150541_6643db,2026-05-06,601939.SH,700,700,23.686013,24.42552,517.6549,21
20260815_150541_6643db,2026-05-06,001227.SZ,6500,6500,2.672003,2.63809,-220.4345,21
20260815_150541_6643db,2026-05-06,603323.SH,1700,1700,10.056689,10.072976,27.6879,21
20260815_150541_6643db,2026-05-06,603128.SH,900,900,18.884636,18.79047,-84.7494,21
20260815_150541_6643db,2026-05-06,600572.SH,200,200,77.944959,76.7269,-243.6118,21
20260815_150541_6643db,2026-05-06,600908.SH,2200,2200,7.660392,7.6551,-11.6424,21
20260815_150541_6643db,2026-05-07,601916.SH,4200,4200,4.128093,4.180284,219.2022,22
20260815_150541_6643db,2026-05-07,601939.SH,700,700,23.686013,24.201204,360.6337,22
20260815_150541_6643db,2026-05-07,001227.SZ,6500,6500,2.672003,2.63809,-220.4345,22
20260815_150541_6643db,2026-05-07,603323.SH,1700,1700,10.056689,10.052544,-7.0465,22
20260815_150541_6643db,2026-05-07,603128.SH,900,900,18.884636,18.92421,35.6166,22
20260815_150541_6643db,2026-05-07,600572.SH,200,200,77.944959,75.69238,-450.5158,22
20260815_150541_6643db,2026-05-07,600908.SH,2200,2200,7.660392,7.64167,-41.1884,22
20260815_150541_6643db,2026-05-08,601916.SH,4200,4200,4.128093,4.166442,161.0658,23
20260815_150541_6643db,2026-05-08,601939.SH,700,700,23.686013,24.151356,325.7401,23
20260815_150541_6643db,2026-05-08,001227.SZ,6500,6500,2.672003,2.63809,-220.4345,23
20260815_150541_6643db,2026-05-08,603323.SH,1700,1700,10.056689,10.052544,-7.0465,23
20260815_150541_6643db,2026-05-08,603128.SH,900,900,18.884636,19.024515,125.8911,23
20260815_150541_6643db,2026-05-08,600572.SH,200,200,77.944959,76.03722,-381.5478,23
20260815_150541_6643db,2026-05-08,600908.SH,2200,2200,7.660392,7.6551,-11.6424,23
20260815_150541_6643db,2026-05-11,601916.SH,4200,4200,4.128093,4.166442,161.0658,24
20260815_150541_6643db,2026-05-11,601939.SH,700,700,23.686013,23.92704,168.7189,24
20260815_150541_6643db,2026-05-11,001227.SZ,6500,6500,2.672003,2.62626,-297.3295,24
20260815_150541_6643db,2026-05-11,603323.SH,1700,1700,10.056689,10.01168,-76.5153,24
20260815_150541_6643db,2026-05-11,603128.SH,900,900,18.884636,19.158255,246.2571,24
20260815_150541_6643db,2026-05-11,600572.SH,200,200,77.944959,76.89932,-209.1278,24
20260815_150541_6643db,2026-05-11,600908.SH,2200,2200,7.660392,7.60138,-129.8264,24
20260815_150541_6643db,2026-05-12,601916.SH,4200,4200,4.128093,4.166442,161.0658,25
20260815_150541_6643db,2026-05-12,601939.SH,700,700,23.686013,24.001812,221.0593,25
20260815_150541_6643db,2026-05-12,001227.SZ,6500,6500,2.672003,2.61443,-374.2245,25
20260815_150541_6643db,2026-05-12,603323.SH,1700,1700,10.056689,9.950384,-180.7185,25
20260815_150541_6643db,2026-05-12,603128.SH,900,900,18.884636,19.024515,125.8911,25
20260815_150541_6643db,2026-05-12,600572.SH,200,200,77.944959,75.8648,-416.0318,25
20260815_150541_6643db,2026-05-12,600908.SH,2200,2200,7.660392,7.58795,-159.3724,25
20260815_150541_6643db,2026-05-13,601916.SH,4200,4200,4.128093,4.1526,102.9294,26
20260815_150541_6643db,2026-05-13,601939.SH,700,700,23.686013,23.951964,186.1657,26
20260815_150541_6643db,2026-05-13,001227.SZ,6500,6500,2.672003,2.61443,-374.2245,26
20260815_150541_6643db,2026-05-13,603323.SH,1700,1700,10.056689,9.929952,-215.4529,26
20260815_150541_6643db,2026-05-13,603128.SH,900,900,18.884636,18.99108,95.7996,26
20260815_150541_6643db,2026-05-13,600572.SH,200,200,77.944959,76.03722,-381.5478,26
20260815_150541_6643db,2026-05-13,600908.SH,2200,2200,7.660392,7.57452,-188.9184,26
20260815_150541_6643db,2026-05-14,601916.SH,4200,4200,4.128093,4.138758,44.793,27
20260815_150541_6643db,2026-05-14,601939.SH,700,700,23.686013,24.275976,412.9741,27
20260815_150541_6643db,2026-05-14,001227.SZ,6500,6500,2.672003,2.6026,-451.1195,27
20260815_150541_6643db,2026-05-14,603323.SH,1700,1700,10.056689,9.889088,-284.9217,27
20260815_150541_6643db,2026-05-14,603128.SH,900,900,18.884636,19.024515,125.8911,27
20260815_150541_6643db,2026-05-14,600572.SH,200,200,77.944959,74.65786,-657.4198,27
20260815_150541_6643db,2026-05-14,600908.SH,2200,2200,7.660392,7.56109,-218.4644,27
20260815_150541_6643db,2026-05-15,601916.SH,4200,4200,4.128093,4.138758,44.793,28
20260815_150541_6643db,2026-05-15,601939.SH,700,700,23.686013,24.475368,552.5485,28
20260815_150541_6643db,2026-05-15,001227.SZ,6500,6500,2.672003,2.55528,-758.6995,28
20260815_150541_6643db,2026-05-15,603323.SH,1700,1700,10.056689,9.786928,-458.5937,28
20260815_150541_6643db,2026-05-15,603128.SH,900,900,18.884636,18.7236,-144.9324,28
20260815_150541_6643db,2026-05-15,600572.SH,200,200,77.944959,74.31302,-726.3878,28
20260815_150541_6643db,2026-05-15,600908.SH,2200,2200,7.660392,7.50737,-336.6484,28
20260815_150541_6643db,2026-05-18,601916.SH,4200,4200,4.128093,4.138758,44.793,29
20260815_150541_6643db,2026-05-18,601939.SH,700,700,23.686013,24.325824,447.8677,29
20260815_150541_6643db,2026-05-18,001227.SZ,6500,6500,2.672003,2.54345,-835.5945,29
20260815_150541_6643db,2026-05-18,603323.SH,1700,1700,10.056689,9.725632,-562.7969,29
20260815_150541_6643db,2026-05-18,603128.SH,900,900,18.884636,18.45612,-385.6644,29
20260815_150541_6643db,2026-05-18,600572.SH,200,200,77.944959,73.45092,-898.8078,29
20260815_150541_6643db,2026-05-18,600908.SH,2200,2200,7.660392,7.44022,-484.3784,29
20260815_150541_6643db,2026-05-19,601916.SH,4200,4200,4.128093,4.166442,161.0658,30
20260815_150541_6643db,2026-05-19,601939.SH,700,700,23.686013,24.749532,744.4633,30
20260815_150541_6643db,2026-05-19,001227.SZ,6500,6500,2.672003,2.55528,-758.6995,30
20260815_150541_6643db,2026-05-19,603323.SH,1700,1700,10.056689,9.786928,-458.5937,30
20260815_150541_6643db,2026-05-19,603128.SH,900,900,18.884636,18.65673,-205.1154,30
20260815_150541_6643db,2026-05-19,600572.SH,200,200,77.944959,73.79576,-829.8398,30
20260815_150541_6643db,2026-05-19,600908.SH,2200,2200,7.660392,7.50737,-336.6484,30
20260815_150541_6643db,2026-05-20,601916.SH,4200,4200,4.128093,4.138758,44.793,31
20260815_150541_6643db,2026-05-20,601939.SH,700,700,23.686013,24.55014,604.8889,31
20260815_150541_6643db,2026-05-20,001227.SZ,6500,6500,2.672003,2.53162,-912.4895,31
20260815_150541_6643db,2026-05-20,603323.SH,1700,1700,10.056689,9.766496,-493.3281,31
20260815_150541_6643db,2026-05-20,603128.SH,900,900,18.884636,18.556425,-295.3899,31
20260815_150541_6643db,2026-05-20,600572.SH,200,200,77.944959,72.58882,-1071.2278,31
20260815_150541_6643db,2026-05-20,600908.SH,2200,2200,7.660392,7.41336,-543.4704,31
20260815_150541_6643db,2026-05-21,601916.SH,4200,4200,4.128093,4.124916,-13.3434,32
20260815_150541_6643db,2026-05-21,601939.SH,700,700,23.686013,25.04862,953.8249,32
20260815_150541_6643db,2026-05-21,001227.SZ,6500,6500,2.672003,2.51979,-989.3845,32
20260815_150541_6643db,2026-05-21,603323.SH,1700,1700,10.056689,9.766496,-493.3281,32
20260815_150541_6643db,2026-05-21,603128.SH,900,900,18.884636,18.288945,-536.1219,32
20260815_150541_6643db,2026-05-21,600572.SH,200,200,77.944959,71.89914,-1209.1638,32
20260815_150541_6643db,2026-05-21,600908.SH,2200,2200,7.660392,7.39993,-573.0164,32
20260815_150541_6643db,2026-05-22,601916.SH,4200,4200,4.128093,4.111074,-71.4798,33
20260815_150541_6643db,2026-05-22,601939.SH,700,700,23.686013,25.17324,1041.0589,33
20260815_150541_6643db,2026-05-22,001227.SZ,6500,6500,2.672003,2.51979,-989.3845,33
20260815_150541_6643db,2026-05-22,603323.SH,1700,1700,10.056689,9.725632,-562.7969,33
20260815_150541_6643db,2026-05-22,603128.SH,900,900,18.884636,18.222075,-596.3049,33
20260815_150541_6643db,2026-05-22,600572.SH,200,200,77.944959,71.89914,-1209.1638,33
20260815_150541_6643db,2026-05-22,600908.SH,2200,2200,7.660392,7.33278,-720.7464,33
20260815_150541_6643db,2026-05-25,601916.SH,4200,4200,4.128093,4.111074,-71.4798,34
20260815_150541_6643db,2026-05-25,601939.SH,700,700,23.686013,25.272936,1110.8461,34
20260815_150541_6643db,2026-05-25,001227.SZ,6500,6500,2.672003,2.51979,-989.3845,34
20260815_150541_6643db,2026-05-25,603323.SH,1700,1700,10.056689,9.664336,-667.0001,34
20260815_150541_6643db,2026-05-25,603128.SH,900,900,18.884636,18.155205,-656.4879,34
20260815_150541_6643db,2026-05-25,600572.SH,200,200,77.944959,73.45092,-898.8078,34
20260815_150541_6643db,2026-05-25,600908.SH,2200,2200,7.660392,7.29249,-809.3844,34
20260815_150541_6643db,2026-05-26,601916.SH,4200,4200,4.128093,4.111074,-71.4798,35
20260815_150541_6643db,2026-05-26,601939.SH,700,700,23.686013,25.696644,1407.4417,35
20260815_150541_6643db,2026-05-26,001227.SZ,6500,6500,2.672003,2.50796,-1066.2795,35
20260815_150541_6643db,2026-05-26,603323.SH,1700,1700,10.056689,9.684768,-632.2657,35
20260815_150541_6643db,2026-05-26,603128.SH,900,900,18.884636,18.021465,-776.8539,35
20260815_150541_6643db,2026-05-26,600572.SH,200,200,77.944959,72.76124,-1036.7438,35
20260815_150541_6643db,2026-05-26,600908.SH,2200,2200,7.660392,7.31935,-750.2924,35
20260815_150541_6643db,2026-05-27,601916.SH,4200,4200,4.128093,4.097232,-129.6162,36
20260815_150541_6643db,2026-05-27,601939.SH,700,700,23.686013,25.472328,1250.4205,36
20260815_150541_6643db,2026-05-27,001227.SZ,6500,6500,2.672003,2.49613,-1143.1745,36
20260815_150541_6643db,2026-05-27,603323.SH,1700,1700,10.056689,9.623472,-736.4689,36
20260815_150541_6643db,2026-05-27,603128.SH,900,900,18.884636,17.78742,-987.4944,36
20260815_150541_6643db,2026-05-27,600572.SH,200,200,77.944959,72.24398,-1140.1958,36
20260815_150541_6643db,2026-05-27,600908.SH,2200,2200,7.660392,7.30592,-779.8384,36
20260815_150541_6643db,2026-05-28,601916.SH,4200,4200,4.128093,4.097232,-129.6162,37
20260815_150541_6643db,2026-05-28,601939.SH,700,700,23.686013,25.148316,1023.6121,37
20260815_150541_6643db,2026-05-28,001227.SZ,6500,6500,2.672003,2.47247,-1296.9645,37
20260815_150541_6643db,2026-05-28,603323.SH,1700,1700,10.056689,9.541744,-875.4065,37
20260815_150541_6643db,2026-05-28,603128.SH,900,900,18.884636,17.72055,-1047.6774,37
20260815_150541_6643db,2026-05-28,600572.SH,200,200,77.944959,71.72672,-1243.6478,37
20260815_150541_6643db,2026-05-28,600908.SH,2200,2200,7.660392,7.21191,-986.6604,37
20260815_150541_6643db,2026-05-29,601916.SH,4200,4200,4.128093,4.1526,102.9294,38
20260815_150541_6643db,2026-05-29,601939.SH,700,700,23.686013,24.824304,796.8037,38
20260815_150541_6643db,2026-05-29,001227.SZ,6500,6500,2.672003,2.50796,-1066.2795,38
20260815_150541_6643db,2026-05-29,603323.SH,1700,1700,10.056689,9.684768,-632.2657,38
20260815_150541_6643db,2026-05-29,603128.SH,900,900,18.884636,17.92116,-867.1284,38
20260815_150541_6643db,2026-05-29,600572.SH,200,200,77.944959,72.93366,-1002.2598,38
20260815_150541_6643db,2026-05-29,600908.SH,2200,2200,7.660392,7.31935,-750.2924,38
20260815_150541_6643db,2026-06-01,601916.SH,4200,4200,4.128093,4.235652,451.7478,39
20260815_150541_6643db,2026-06-01,601939.SH,700,700,23.686013,25.123392,1006.1653,39
20260815_150541_6643db,2026-06-01,001227.SZ,6500,6500,2.672003,2.54345,-835.5945,39
20260815_150541_6643db,2026-06-01,603323.SH,1700,1700,10.056689,9.868656,-319.6561,39
20260815_150541_6643db,2026-06-01,603128.SH,900,900,18.884636,18.422685,-415.7559,39
20260815_150541_6643db,2026-06-01,600572.SH,200,200,77.944959,73.45092,-898.8078,39
20260815_150541_6643db,2026-06-01,600908.SH,2200,2200,7.660392,7.50737,-336.6484,39
20260815_150541_6643db,2026-06-02,601916.SH,4200,4200,4.128093,4.249494,509.8842,40
20260815_150541_6643db,2026-06-02,601939.SH,700,700,23.686013,25.372632,1180.6333,40
20260815_150541_6643db,2026-06-02,001227.SZ,6500,6500,2.672003,2.53162,-912.4895,40
20260815_150541_6643db,2026-06-02,603323.SH,1700,1700,10.056689,9.868656,-319.6561,40
20260815_150541_6643db,2026-06-02,603128.SH,900,900,18.884636,18.288945,-536.1219,40
20260815_150541_6643db,2026-06-02,600572.SH,200,200,77.944959,72.93366,-1002.2598,40
20260815_150541_6643db,2026-06-02,600908.SH,2200,2200,7.660392,7.45365,-454.8324,40
20260815_150541_6643db,2026-06-03,601916.SH,4200,4200,4.128093,4.235652,451.7478,41
20260815_150541_6643db,2026-06-03,601939.SH,700,700,23.686013,25.073544,971.2717,41
20260815_150541_6643db,2026-06-03,001227.SZ,6500,6500,2.672003,2.50796,-1066.2795,41
20260815_150541_6643db,2026-06-03,603323.SH,1700,1700,10.056689,9.786928,-458.5937,41
20260815_150541_6643db,2026-06-03,603128.SH,900,900,18.884636,18.088335,-716.6709,41
20260815_150541_6643db,2026-06-03,600572.SH,200,200,77.944959,71.89914,-1209.1638,41
20260815_150541_6643db,2026-06-03,600908.SH,2200,2200,7.660392,7.35964,-661.6544,41
20260815_150541_6643db,2026-06-04,601916.SH,4200,4200,4.128093,4.235652,451.7478,42
20260815_150541_6643db,2026-06-04,601939.SH,700,700,23.686013,24.998772,918.9313,42
20260815_150541_6643db,2026-06-04,001227.SZ,6500,6500,2.672003,2.47247,-1296.9645,42
20260815_150541_6643db,2026-06-04,603323.SH,1700,1700,10.056689,9.60304,-771.2033,42
20260815_150541_6643db,2026-06-04,603128.SH,900,900,18.884636,17.78742,-987.4944,42
20260815_150541_6643db,2026-06-04,600572.SH,200,200,77.944959,71.5543,-1278.1318,42
20260815_150541_6643db,2026-06-04,600908.SH,2200,2200,7.660392,7.23877,-927.5684,42
20260815_150541_6643db,2026-06-05,601916.SH,4500,4200,4.135617,4.277178,637.0245,43
20260815_150541_6643db,2026-06-05,601939.SH,700,700,23.686013,25.472328,1250.4205,43
20260815_150541_6643db,2026-06-05,001227.SZ,7800,6500,2.639263,2.49613,-1116.4374,43
20260815_150541_6643db,2026-06-05,603323.SH,2000,1700,9.993511,9.643904,-699.214,43
20260815_150541_6643db,2026-06-05,603128.SH,1000,900,18.790529,17.954595,-835.934,43
20260815_150541_6643db,2026-06-05,600908.SH,2600,2200,7.603126,7.29249,-807.6536,43
20260815_150541_6643db,2026-06-08,601916.SH,4500,4500,4.135617,4.22181,387.8685,44
20260815_150541_6643db,2026-06-08,601939.SH,700,700,23.686013,25.746492,1442.3353,44
20260815_150541_6643db,2026-06-08,001227.SZ,7800,7800,2.639263,2.4843,-1208.7114,44
20260815_150541_6643db,2026-06-08,603323.SH,2000,2000,9.993511,9.643904,-699.214,44
20260815_150541_6643db,2026-06-08,603128.SH,1000,1000,18.790529,17.887725,-902.804,44
20260815_150541_6643db,2026-06-08,600908.SH,2600,2600,7.603126,7.29249,-807.6536,44
20260815_150541_6643db,2026-06-09,601916.SH,4500,4500,4.135617,4.249494,512.4465,45
20260815_150541_6643db,2026-06-09,601939.SH,700,700,23.686013,25.821264,1494.6757,45
20260815_150541_6643db,2026-06-09,001227.SZ,7800,7800,2.639263,2.47247,-1300.9854,45
20260815_150541_6643db,2026-06-09,603323.SH,2000,2000,9.993511,9.623472,-740.078,45
20260815_150541_6643db,2026-06-09,603128.SH,1000,1000,18.790529,17.820855,-969.674,45
20260815_150541_6643db,2026-06-09,600908.SH,2600,2600,7.603126,7.27906,-842.5716,45
20260815_150541_6643db,2026-06-10,601916.SH,4500,4500,4.135617,4.304862,761.6025,46
20260815_150541_6643db,2026-06-10,601939.SH,700,700,23.686013,26.145276,1721.4841,46
20260815_150541_6643db,2026-06-10,001227.SZ,7800,7800,2.639263,2.50796,-1024.1634,46
20260815_150541_6643db,2026-06-10,603323.SH,2000,2000,9.993511,9.786928,-413.166,46
20260815_150541_6643db,2026-06-10,603128.SH,1000,1000,18.790529,18.021465,-769.064,46
20260815_150541_6643db,2026-06-10,600908.SH,2600,2600,7.603126,7.42679,-458.4736,46
20260815_150541_6643db,2026-06-11,601916.SH,4500,4500,4.135617,4.263336,574.7355,47
20260815_150541_6643db,2026-06-11,601939.SH,700,700,23.686013,26.41944,1913.3989,47
20260815_150541_6643db,2026-06-11,001227.SZ,7800,7800,2.639263,2.51979,-931.8894,47
20260815_150541_6643db,2026-06-11,603323.SH,2000,2000,9.993511,9.725632,-535.758,47
20260815_150541_6643db,2026-06-11,603128.SH,1000,1000,18.790529,17.620245,-1170.284,47
20260815_150541_6643db,2026-06-11,600908.SH,2600,2600,7.603126,7.3865,-563.2276,47
20260815_150541_6643db,2026-06-12,601916.SH,4500,4500,4.135617,4.263336,574.7355,48
20260815_150541_6643db,2026-06-12,601939.SH,700,700,23.686013,26.66868,2087.8669,48
20260815_150541_6643db,2026-06-12,001227.SZ,7800,7800,2.639263,2.54345,-747.3414,48
20260815_150541_6643db,2026-06-12,603323.SH,2000,2000,9.993511,9.991248,-4.526,48
20260815_150541_6643db,2026-06-12,603128.SH,1000,1000,18.790529,17.72055,-1069.979,48
20260815_150541_6643db,2026-06-12,600908.SH,2600,2600,7.603126,7.50737,-248.9656,48
20260815_150541_6643db,2026-06-15,601916.SH,4500,4500,4.135617,4.263336,574.7355,49
20260815_150541_6643db,2026-06-15,601939.SH,700,700,23.686013,25.896036,1547.0161,49
20260815_150541_6643db,2026-06-15,001227.SZ,7800,7800,2.639263,2.54345,-747.3414,49
20260815_150541_6643db,2026-06-15,603323.SH,2000,2000,9.993511,9.991248,-4.526,49
20260815_150541_6643db,2026-06-15,603128.SH,1000,1000,18.790529,17.954595,-835.934,49
20260815_150541_6643db,2026-06-15,600908.SH,2600,2600,7.603126,7.50737,-248.9656,49
20260815_150541_6643db,2026-06-16,601916.SH,4500,4500,4.135617,4.235652,450.1575,50
20260815_150541_6643db,2026-06-16,601939.SH,700,700,23.686013,25.347708,1163.1865,50
20260815_150541_6643db,2026-06-16,001227.SZ,7800,7800,2.639263,2.53162,-839.6154,50
20260815_150541_6643db,2026-06-16,603323.SH,2000,2000,9.993511,9.80736,-372.302,50
20260815_150541_6643db,2026-06-16,603128.SH,1000,1000,18.790529,17.72055,-1069.979,50
20260815_150541_6643db,2026-06-16,600908.SH,2600,2600,7.603126,7.39993,-528.3096,50
20260815_150541_6643db,2026-06-17,601916.SH,4500,4500,4.135617,4.207968,325.5795,51
20260815_150541_6643db,2026-06-17,601939.SH,700,700,23.686013,25.248012,1093.3993,51
20260815_150541_6643db,2026-06-17,001227.SZ,7800,7800,2.639263,2.51979,-931.8894,51
20260815_150541_6643db,2026-06-17,603323.SH,2000,2000,9.993511,9.80736,-372.302,51
20260815_150541_6643db,2026-06-17,603128.SH,1000,1000,18.790529,17.25246,-1538.069,51
20260815_150541_6643db,2026-06-17,600908.SH,2600,2600,7.603126,7.33278,-702.8996,51
20260815_150541_6643db,2026-06-18,601916.SH,5500,4500,4.149728,4.138758,-60.335,52
20260815_150541_6643db,2026-06-18,601939.SH,900,700,24.012411,24.724608,640.9773,52
20260815_150541_6643db,2026-06-18,001227.SZ,9200,7800,2.619759,2.47247,-1355.0588,52
20260815_150541_6643db,2026-06-18,603323.SH,2300,2000,9.973836,9.553464,-966.8556,52
20260815_150541_6643db,2026-06-18,600908.SH,3100,2600,7.558832,7.14476,-1283.6232,52
20260815_150541_6643db,2026-06-22,601916.SH,5500,5500,4.149728,4.166442,91.927,53
20260815_150541_6643db,2026-06-22,601939.SH,900,900,24.012411,24.774456,685.8405,53
20260815_150541_6643db,2026-06-22,001227.SZ,9200,9200,2.619759,2.4843,-1246.2228,53
20260815_150541_6643db,2026-06-22,603323.SH,2300,2300,9.973836,9.57654,-913.7808,53
20260815_150541_6643db,2026-06-22,600908.SH,3100,3100,7.558832,7.13133,-1325.2562,53
20260815_150541_6643db,2026-06-23,601916.SH,5500,5500,4.149728,4.249494,548.713,54
20260815_150541_6643db,2026-06-23,601939.SH,900,900,24.012411,25.098468,977.4513,54
20260815_150541_6643db,2026-06-23,001227.SZ,9200,9200,2.619759,2.53162,-810.8788,54
20260815_150541_6643db,2026-06-23,603323.SH,2300,2300,9.973836,9.69192,-648.4068,54
20260815_150541_6643db,2026-06-23,600908.SH,3100,3100,7.558832,7.35964,-617.4952,54
20260815_150541_6643db,2026-06-24,601916.SH,5500,5500,4.149728,4.1526,15.796,55
20260815_150541_6643db,2026-06-24,601939.SH,900,900,24.012411,24.724608,640.9773,55
20260815_150541_6643db,2026-06-24,001227.SZ,9200,9200,2.619759,2.483586,-1252.7916,55
20260815_150541_6643db,2026-06-24,603323.SH,2300,2300,9.973836,9.415008,-1285.3044,55
20260815_150541_6643db,2026-06-24,600908.SH,3100,3100,7.558832,7.07761,-1491.7882,55
20260815_150541_6643db,2026-06-25,601916.SH,5500,5500,4.149728,4.138758,-60.335,56
20260815_150541_6643db,2026-06-25,601939.SH,900,900,24.012411,24.450444,394.2297,56
20260815_150541_6643db,2026-06-25,001227.SZ,9200,9200,2.619759,2.471588,-1363.1732,56
20260815_150541_6643db,2026-06-25,603323.SH,2300,2300,9.973836,9.322704,-1497.6036,56
20260815_150541_6643db,2026-06-25,600908.SH,3100,3100,7.558832,7.09104,-1450.1552,56
20260815_150541_6643db,2026-06-26,601916.SH,5500,5500,4.149728,4.008467,-776.9355,57
20260815_150541_6643db,2026-06-26,601939.SH,900,900,24.012411,24.375672,326.9349,57
20260815_150541_6643db,2026-06-26,001227.SZ,9200,9200,2.619759,2.45959,-1473.5548,57
20260815_150541_6643db,2026-06-26,603323.SH,2300,2300,9.973836,9.091944,-2028.3516,57
20260815_150541_6643db,2026-06-26,600908.SH,3100,3100,7.558832,6.94331,-1908.1182,57
20260815_150541_6643db,2026-06-29,601916.SH,5500,5500,4.149728,4.008467,-776.9355,58
20260815_150541_6643db,2026-06-29,601939.SH,900,900,24.012411,24.375672,326.9349,58
20260815_150541_6643db,2026-06-29,001227.SZ,9200,9200,2.619759,2.45959,-1473.5548,58
20260815_150541_6643db,2026-06-29,603323.SH,2300,2300,9.973836,9.091944,-2028.3516,58
20260815_150541_6643db,2026-06-29,600908.SH,3100,3100,7.558832,6.94331,-1908.1182,58
20260815_150541_6643db,2026-06-30,601916.SH,5500,5500,4.149728,4.008467,-776.9355,59
20260815_150541_6643db,2026-06-30,601939.SH,900,900,24.012411,24.375672,326.9349,59
20260815_150541_6643db,2026-06-30,001227.SZ,9200,9200,2.619759,2.45959,-1473.5548,59
20260815_150541_6643db,2026-06-30,603323.SH,2300,2300,9.973836,9.091944,-2028.3516,59
20260815_150541_6643db,2026-06-30,600908.SH,3100,3100,7.558832,6.94331,-1908.1182,59
